accession	site	n_his	chem_group	af3_plddt	m3d_cu_prob	m3d_cu_dist	substitutions
A0A010RV53	CuA	3	3His	97.3	0.980	0.534	HIS/HIS/HIS
A0A010RV53	CuB	2	2His+inert	95.0	0.700	1.048	HIS/HIS/GLN
A0A014N831	CuA	3	3His	96.3	0.800	0.490	HIS/HIS/HIS
A0A014N831	CuB	2	2His+inert	94.6	0.790	1.863	HIS/PRO/HIS
A0A016W215	CuA	2	2His+inert	90.6			HIS/HIS/SER
A0A016W215	CuB	0	0His				GLY/GLN/TYR
A0A016W324	CuA	2	2His+inert	93.5			HIS/HIS/SER
A0A016W324	CuB	0	0His				GLY/GLN/TYR
A0A023GU59	CuA	2	2His+inert	85.2	0.640	1.736	HIS/ARG/HIS
A0A023GU59	CuB	3	3His	96.0	0.940	1.293	HIS/HIS/HIS
A0A024UGQ1	CuA	0	0His				VAL/TYR/ASN
A0A024UGQ1	CuB	3	3His	95.9	0.900	1.287	HIS/HIS/HIS
A0A061GFI2	CuA	2	2His+coord	59.6			TYR/HIS/HIS
A0A061GFI2	CuB	1	1His				TYR/ARG/HIS
A0A066RUA7	CuA	2	2His+inert	85.2	0.950	1.041	HIS/---/HIS
A0A066RUA7	CuB	3	3His	92.7	0.780	1.424	HIS/HIS/HIS
A0A066X3Q1	CuA	3	3His	94.5	0.970	0.408	HIS/HIS/HIS
A0A066X3Q1	CuB	2	2His+inert	86.2	0.700	0.663	HIS/PRO/HIS
A0A066XSE1	CuA	3	3His	96.2	0.970	1.240	HIS/HIS/HIS
A0A066XSE1	CuB	2	2His+inert	94.8	0.780	0.451	HIS/HIS/GLN
A0A067CT24	CuA	0	0His				LEU/TYR/SER
A0A067CT24	CuB	3	3His	97.8	0.860	0.841	HIS/HIS/HIS
A0A067CZT6	CuA	3	3His	96.9	0.790	0.773	HIS/HIS/HIS
A0A067CZT6	CuB	2	2His+inert	86.7	0.460	0.744	SER/HIS/HIS
A0A072Q6Y5	CuA	3	3His	96.7	0.900	0.776	HIS/HIS/HIS
A0A072Q6Y5	CuB	2	2His+inert	94.6	0.560	1.537	HIS/PRO/HIS
A0A074RWE6	CuA	2	2His+inert	94.3	0.660	0.786	HIS/GLN/HIS
A0A074RWE6	CuB	1	1His	77.8	0.640	1.991	ARG/GLN/HIS
A0A074S9M8	CuA	2	2His+inert	90.0	0.960	1.283	HIS/---/HIS
A0A074S9M8	CuB	3	3His	94.9	0.910	0.845	HIS/HIS/HIS
A0A074SDG0	CuA	1	1His	85.4	0.730	2.961	TYR/HIS/GLN
A0A074SDG0	CuB	1	1His				HIS/VAL/ILE
A0A074VI76	CuA	0	0His				TYR/THR/ASN
A0A074VI76	CuB	0	0His				ILE/PHE/GLN
A0A074W682	CuA	3	3His	97.6	0.810	0.378	HIS/HIS/HIS
A0A074W682	CuB	2	2His+inert	95.6	0.740	0.517	ASN/HIS/HIS
A0A074W6F3	CuA	0	0His				TYR/THR/ASN
A0A074W6F3	CuB	0	0His				---/PHE/GLN
A0A074XND5	CuA	0	0His				TYR/TRP/ASN
A0A074XND5	CuB	0	0His				---/ALA/GLN
A0A074YQS1	CuA	0	0His				TYR/TRP/ASN
A0A074YQS1	CuB	0	0His				ILE/ALA/GLN
A0A075AEH4	CuA	3	3His	93.6	0.940	1.551	HIS/HIS/HIS
A0A075AEH4	CuB	2	2His+inert	88.5	0.560	0.227	ILE/HIS/HIS
A0A077YX65	CuA	3	3His	95.7	0.920	0.698	HIS/HIS/HIS
A0A077YX65	CuB	0	0His				LEU/ARG/LEU
A0A077ZFE0	CuA	0	0His				TYR/ASN/ASN
A0A077ZFE0	CuB	0	0His				ILE/PHE/LEU
A0A077ZGT3	CuA	2	2His+inert	65.4	0.650	1.300	HIS/LEU/HIS
A0A077ZGT3	CuB	1	1His				TYR/THR/HIS
A0A080ZC48	CuA	0	0His				TYR/VAL/TYR
A0A080ZC48	CuB	1	1His				GLN/HIS/TYR
A0A080ZC49	CuA	0	0His				TYR/VAL/TYR
A0A080ZC49	CuB	1	1His				GLN/HIS/TYR
A0A080ZVP9	CuA	0	0His				ALA/LEU/ASN
A0A080ZVP9	CuB	3	3His	97.6	0.960	1.039	HIS/HIS/HIS
A0A084AJL7	CuA	3	3His	92.6	0.960	0.898	HIS/HIS/HIS
A0A084AJL7	CuB	2	2His+inert	88.8	0.490	1.247	HIS/PRO/HIS
A0A084GDW0	CuA	0	0His				ASN/---/TYR
A0A084GDW0	CuB	0	0His				PHE/ARG/GLN
A0A084R1I5	CuA	3	3His	95.2	0.870	1.150	HIS/HIS/HIS
A0A084R1I5	CuB	2	2His+inert	90.2	0.780	1.494	HIS/PRO/HIS
A0A085M8H3	CuA	2	2His+inert	65.2	0.590	1.258	HIS/LEU/HIS
A0A085M8H3	CuB	1	1His				TYR/THR/HIS
A0A085NCJ6	CuA	0	0His				TYR/ASN/ASN
A0A085NCJ6	CuB	0	0His				PHE/PHE/LEU
A0A086T0Z5	CuA	2	2His+inert	86.2			HIS/GLN/HIS
A0A086T0Z5	CuB	2	2His+inert	73.9	0.340	2.091	HIS/GLN/HIS
A0A087UWG8	CuA	0	0His				TYR/ASN/ASN
A0A087UWG8	CuB	2	2His+inert	81.7	0.590	0.874	SER/HIS/HIS
A0A091EJM4	CuA	3	3His	96.7	0.620	0.941	HIS/HIS/HIS
A0A091EJM4	CuB	2	2His+inert	92.1	0.850	1.565	HIS/ARG/HIS
A0A091IY37	CuA	3	3His	84.4			HIS/HIS/HIS
A0A091IY37	CuB	1	1His	51.0			GLN/GLY/HIS
A0A091L9M2	CuA	3	3His	94.5	0.920	0.870	HIS/HIS/HIS
A0A091L9M2	CuB	1	1His	66.7	0.950	1.277	ASP/---/HIS
A0A091M3M6	CuA	3	3His	83.8	1.000	1.752	HIS/HIS/HIS
A0A091M3M6	CuB	1	1His				GLN/---/HIS
A0A091Q771	CuA	3	3His	93.5	0.950	0.782	HIS/HIS/HIS
A0A091Q771	CuB	1	1His	54.1	0.970	1.990	GLN/VAL/HIS
A0A091TFJ5	CuA	3	3His	88.3	0.670	0.285	HIS/HIS/HIS
A0A091TFJ5	CuB	1	1His	66.3			ASP/---/HIS
A0A091TMG5	CuA	3	3His	91.5	0.820	1.469	HIS/HIS/HIS
A0A091TMG5	CuB	2	2His+coord	85.4	0.810	1.074	MET/HIS/HIS
A0A093CQX0	CuA	3	3His	84.7	0.950	0.808	HIS/HIS/HIS
A0A093CQX0	CuB	2	2His+inert	80.7	0.870	1.115	HIS/GLN/HIS
A0A093H736	CuA	3	3His	97.1	0.930	1.479	HIS/HIS/HIS
A0A093H736	CuB	2	2His+inert	94.1	0.930	2.597	HIS/LEU/HIS
A0A093JA04	CuA	3	3His	92.4	0.850	2.005	HIS/HIS/HIS
A0A093JA04	CuB	1	1His	62.9	0.830	2.071	GLN/GLY/HIS
A0A093R256	CuA	3	3His	89.5	0.950	0.965	HIS/HIS/HIS
A0A093R256	CuB	2	2His+inert	76.9	0.660	0.993	HIS/PRO/HIS
A0A099ZQM2	CuA	3	3His	97.5	0.920	0.889	HIS/HIS/HIS
A0A099ZQM2	CuB	2	2His+inert	95.8	0.800	1.256	HIS/PRO/HIS
A0A0A2X4S5	CuA	2	2His+inert	86.1	0.920	1.634	HIS/SER/HIS
A0A0A2X4S5	CuB	3	3His	96.2	0.870	1.145	HIS/HIS/HIS
A0A0A7CM13	CuA	2	2His+coord	94.8	0.940	1.073	HIS/ASP/HIS
A0A0A7CM13	CuB	2	2His+inert	79.6	0.280	2.512	SER/HIS/HIS
A0A0A7CM93	CuA	0	0His				LEU/TYR/SER
A0A0A7CM93	CuB	3	3His	97.1	0.960	1.012	HIS/HIS/HIS
A0A0A7CMA7	CuA	3	3His	96.2	0.820	1.320	HIS/HIS/HIS
A0A0A7CMA7	CuB	2	2His+inert	82.7	0.610	0.932	SER/HIS/HIS
A0A0A7CN79	CuA	3	3His	97.1	0.960	0.494	HIS/HIS/HIS
A0A0A7CN79	CuB	2	2His+inert	88.2	0.600	1.063	SER/HIS/HIS
A0A0A7CP65	CuA	0	0His				PHE/MET/ARG
A0A0A7CP65	CuB	1	1His				LEU/HIS/PHE
A0A0B2X1U6	CuA	2	2His+inert	72.7			HIS/LEU/HIS
A0A0B2X1U6	CuB	3	3His	88.9	0.860	1.076	HIS/HIS/HIS
A0A0B7FL26	CuA	2	2His+inert	94.1	0.580	0.931	HIS/GLN/HIS
A0A0B7FL26	CuB	1	1His	81.8	0.590	2.638	ARG/GLN/HIS
A0A0C2HHH6	CuA	2	2His+inert	91.5	0.250	2.033	HIS/HIS/ASN
A0A0C2HHH6	CuB	1	1His		0.250	2.442	GLY/GLN/HIS
A0A0C2WPB2	CuA	2	2His+coord	68.1			CYS/HIS/HIS
A0A0C2WPB2	CuB	3	3His	91.3	0.990	1.260	HIS/HIS/HIS
A0A0C2XCT6	CuA	0	0His	55.2	0.490	1.500	ALA/---/VAL
A0A0C2XCT6	CuB	3	3His	84.9	0.540	1.352	HIS/HIS/HIS
A0A0C3B6I5	CuA	3	3His	84.0	0.930	1.603	HIS/HIS/HIS
A0A0C3B6I5	CuB	3	3His	92.7	0.970	1.550	HIS/HIS/HIS
A0A0C9SL04	CuA	3	3His	95.2	0.980	0.504	HIS/HIS/HIS
A0A0C9SL04	CuB	2	2His+inert	85.9			ARG/HIS/HIS
A0A0C9SRH3	CuA	3	3His	94.0	0.140	1.442	HIS/HIS/HIS
A0A0C9SRH3	CuB	2	2His+inert	85.4			ARG/HIS/HIS
A0A0D2FU82	CuA	3	3His	79.7	0.700	2.113	HIS/HIS/HIS
A0A0D2FU82	CuB	3	3His	89.9	0.980	1.678	HIS/HIS/HIS
A0A0D2M1N4	CuA	2	2His+coord	95.0			TYR/HIS/HIS
A0A0D2M1N4	CuB	1	1His				ALA/ARG/HIS
A0A0D3HYU6	CuA	1	1His	33.7			HIS/VAL/THR
A0A0D3HYU6	CuB	3	3His	80.3	1.000	1.820	HIS/HIS/HIS
A0A0D6LZL4	CuA	2	2His+coord	88.4	0.590	1.974	TYR/HIS/HIS
A0A0D6LZL4	CuB	3	3His	96.2	0.820	0.992	HIS/HIS/HIS
A0A0D6M6M4	CuA	3	3His	96.6	0.950	0.487	HIS/HIS/HIS
A0A0D6M6M4	CuB	0	0His		0.910	2.899	GLY/GLN/TYR
A0A0D9NQW1	CuA	3	3His	96.1	0.860	1.089	HIS/HIS/HIS
A0A0D9NQW1	CuB	2	2His+inert	93.0	0.410	2.164	HIS/PRO/HIS
A0A0F4GBJ7	CuA	3	3His	89.8	0.940	0.426	HIS/HIS/HIS
A0A0F4GBJ7	CuB	2	2His+inert	89.5	0.420	0.409	HIS/PRO/HIS
A0A0F5VAR5	CuA	2	2His+inert	85.4	0.930	0.531	HIS/---/HIS
A0A0F5VAR5	CuB	3	3His	93.4	0.980	0.392	HIS/HIS/HIS
A0A0F8A4E9	CuA	3	3His	93.3	0.870	1.931	HIS/HIS/HIS
A0A0F8A4E9	CuB	3	3His	97.2	0.920	1.120	HIS/HIS/HIS
A0A0G2GB29	CuA	0	0His	40.6	0.970	2.588	ILE/---/---
A0A0G2GB29	CuB	3	3His	90.3	0.970	1.756	HIS/HIS/HIS
A0A0G4IUF0	CuA	1	1His	71.3			HIS/---/ASN
A0A0G4IUF0	CuB	1	1His				GLN/GLN/HIS
A0A0G4N7R0	CuA	3	3His	87.5	0.970	0.483	HIS/HIS/HIS
A0A0G4N7R0	CuB	2	2His+coord	91.9	0.750	1.791	HIS/TYR/HIS
A0A0K6G359	CuA	2	2His+coord	93.5	0.470	2.014	TYR/HIS/HIS
A0A0K6G359	CuB	1	1His				HIS/ILE/LEU
A0A0K6G3H3	CuA	2	2His+coord	93.8	0.500	2.096	TYR/HIS/HIS
A0A0K6G3H3	CuB	1	1His				HIS/ILE/LEU
A0A0K6GCM0	CuA	3	3His		0.710	1.153	HIS/HIS/HIS
A0A0K6GCM0	CuB	3	3His	93.4	0.460	1.831	HIS/HIS/HIS
A0A0L0NB41	CuA	3	3His	96.4	0.890	1.136	HIS/HIS/HIS
A0A0L0NB41	CuB	2	2His+inert	93.5	0.560	1.063	HIS/PRO/HIS
A0A0L0VSP3	CuA	3	3His	83.6	0.960	0.667	HIS/HIS/HIS
A0A0L0VSP3	CuB	2	2His+coord	62.1	0.510	0.854	HIS/HIS/TYR
A0A0L0VSW2	CuA	3	3His	90.5	0.980	0.479	HIS/HIS/HIS
A0A0L0VSW2	CuB	2	2His+coord	79.0	0.980	1.751	HIS/HIS/TYR
A0A0L6VTF1	CuA	3	3His	87.4			HIS/HIS/HIS
A0A0L6VTF1	CuB	2	2His+coord	65.8			HIS/HIS/MET
A0A0L8FGF3	CuA	1	1His				TYR/SER/HIS
A0A0L8FGF3	CuB	0	0His				LEU/GLN/VAL
A0A0L8ICD6	CuA	2	2His+coord				TYR/HIS/HIS
A0A0L8ICD6	CuB	1	1His	42.9			ALA/HIS/GLN
A0A0L8IDI7	CuA	2	2His+coord				TYR/HIS/HIS
A0A0L8IDI7	CuB	1	1His	46.0			ALA/HIS/GLN
A0A0M3IG66	CuA	3	3His	94.6			HIS/HIS/HIS
A0A0M3IG66	CuB	2	2His+inert	87.2			HIS/LEU/HIS
A0A0M3IJ33	CuA	2	2His+coord	81.4	0.330	2.642	TYR/HIS/HIS
A0A0M3IJ33	CuB	1	1His	68.1	0.320	1.423	GLN/GLN/HIS
A0A0N4SWM8	CuA	3	3His	96.9	0.920	0.515	HIS/HIS/HIS
A0A0N4SWM8	CuB	2	2His+inert	89.7	0.850	1.847	HIS/LEU/HIS
A0A0P1ANE6	CuA	0	0His				TYR/VAL/TYR
A0A0P1ANE6	CuB	1	1His				GLN/HIS/TYR
A0A0R3QQ18	CuA	3	3His	95.2	0.970	0.719	HIS/HIS/HIS
A0A0R3QQ18	CuB	2	2His+inert	88.9	0.880	2.063	HIS/LEU/HIS
A0A0R3RX42	CuA	3	3His	96.1	0.890	1.932	HIS/HIS/HIS
A0A0R3RX42	CuB	2	2His+inert	89.4	0.850	1.197	HIS/LEU/HIS
A0A0U1M3F3	CuA	3	3His	90.8	0.550	1.648	HIS/HIS/HIS
A0A0U1M3F3	CuB	2	2His+inert	81.8	0.470	1.253	HIS/---/HIS
A0A0V0R8Y7	CuA	1	1His				SER/MET/HIS
A0A0V0R8Y7	CuB	2	2His+inert	75.5	0.520	0.978	ASN/HIS/HIS
A0A0V0S806	CuA	3	3His	67.0	0.890	1.298	HIS/HIS/HIS
A0A0V0S806	CuB	0	0His				TYR/THR/GLN
A0A0V0SMD1	CuA	1	1His				HIS/THR/ASN
A0A0V0SMD1	CuB	0	0His				LEU/PHE/LEU
A0A0V0TGR2	CuA	3	3His	64.4	0.860	1.537	HIS/HIS/HIS
A0A0V0TGR2	CuB	0	0His				TYR/THR/GLN
A0A0V0YE73	CuA	3	3His	62.7	0.680	0.877	HIS/HIS/HIS
A0A0V0YE73	CuB	0	0His				TYR/THR/GLN
A0A0V1A2F9	CuA	1	1His				HIS/THR/ASN
A0A0V1A2F9	CuB	0	0His				LEU/PHE/LEU
A0A0V1AAJ2	CuA	3	3His	61.9	0.750	1.079	HIS/HIS/HIS
A0A0V1AAJ2	CuB	0	0His				TYR/THR/GLN
A0A0V1ABN4	CuA	3	3His	78.2			HIS/HIS/HIS
A0A0V1ABN4	CuB	0	0His				TYR/THR/GLN
A0A0V1BIN6	CuA	3	3His	58.8	0.950	1.567	HIS/HIS/HIS
A0A0V1BIN6	CuB	0	0His				TYR/THR/GLN
A0A0V1DE70	CuA	3	3His	74.5	0.670	0.774	HIS/HIS/HIS
A0A0V1DE70	CuB	0	0His		0.530	2.519	TYR/THR/GLN
A0A0V1DFZ9	CuA	1	1His				HIS/THR/ASN
A0A0V1DFZ9	CuB	0	0His				LEU/PHE/LEU
A0A0V1EIF6	CuA	1	1His				HIS/THR/ASN
A0A0V1EIF6	CuB	0	0His				LEU/PHE/LEU
A0A0V1ESS6	CuA	3	3His	75.4	0.850	0.793	HIS/HIS/HIS
A0A0V1ESS6	CuB	0	0His				TYR/THR/GLN
A0A0V1FSY3	CuA	1	1His				HIS/THR/ASN
A0A0V1FSY3	CuB	0	0His				LEU/PHE/LEU
A0A0V1G4S3	CuA	3	3His	79.2	0.680	0.983	HIS/HIS/HIS
A0A0V1G4S3	CuB	0	0His				TYR/THR/GLN
A0A0V1I3Y0	CuA	3	3His	72.8	0.420	0.774	HIS/HIS/HIS
A0A0V1I3Y0	CuB	0	0His				TYR/THR/GLN
A0A0V1I4K6	CuA	1	1His				HIS/THR/ASN
A0A0V1I4K6	CuB	0	0His				LEU/LEU/LEU
A0A0V1JHS7	CuA	3	3His	78.2	0.640	0.753	HIS/HIS/HIS
A0A0V1JHS7	CuB	0	0His				TYR/THR/GLN
A0A0V1KD92	CuA	3	3His	76.9	0.930	0.807	HIS/HIS/HIS
A0A0V1KD92	CuB	0	0His				TYR/THR/GLN
A0A0V1KR57	CuA	3	3His	71.6	0.750	1.580	HIS/HIS/HIS
A0A0V1KR57	CuB	0	0His				TYR/THR/GLN
A0A0V1LPZ2	CuA	1	1His				HIS/THR/ASN
A0A0V1LPZ2	CuB	0	0His				LEU/PHE/LEU
A0A0V1MUW3	CuA	3	3His	72.2	0.890	0.824	HIS/HIS/HIS
A0A0V1MUW3	CuB	0	0His				TYR/THR/GLN
A0A0V1N8R5	CuA	1	1His				HIS/GLY/ASN
A0A0V1N8R5	CuB	0	0His				LEU/LEU/LEU
A0A0W8AY19	CuA	0	0His				TYR/VAL/TYR
A0A0W8AY19	CuB	1	1His				GLN/HIS/TYR
A0A0W8C3R7	CuA	0	0His				ALA/LEU/ASN
A0A0W8C3R7	CuB	3	3His	97.5	0.980	1.239	HIS/HIS/HIS
A0A0W8DAM1	CuA	1	1His				ALA/GLU/HIS
A0A0W8DAM1	CuB	1	1His	76.3			HIS/LEU/TYR
A0A0Y0DNT4	CuA	3	3His	90.6	0.970	0.667	HIS/HIS/HIS
A0A0Y0DNT4	CuB	1	1His	38.6			SER/GLN/HIS
A0A135SEP1	CuA	2	2His+inert	84.9	0.650	0.615	HIS/GLY/HIS
A0A135SEP1	CuB	2	2His+inert	89.7	0.660	0.746	HIS/HIS/GLN
A0A135UY99	CuA	2	2His+inert	86.4	0.660	1.059	HIS/GLY/HIS
A0A135UY99	CuB	2	2His+inert	89.4	0.810	1.285	HIS/HIS/GLN
A0A135V6Y1	CuA	0	0His				VAL/ILE/VAL
A0A135V6Y1	CuB	3	3His	90.9	0.870	0.483	HIS/HIS/HIS
A0A135V8Q3	CuA	3	3His	97.2	0.980	0.507	HIS/HIS/HIS
A0A135V8Q3	CuB	2	2His+inert	90.4	0.640	0.745	HIS/HIS/GLN
A0A137NPX8	CuA	1	1His				HIS/TYR/ASN
A0A137NPX8	CuB	2	2His+inert	85.5			LEU/HIS/HIS
A0A139HAY5	CuA	3	3His	94.4	0.800	1.295	HIS/HIS/HIS
A0A139HAY5	CuB	2	2His+inert	91.8	0.680	1.871	HIS/PRO/HIS
A0A142I737	CuA	3	3His	95.2	0.740	1.333	HIS/HIS/HIS
A0A142I737	CuB	2	2His+inert	92.8	0.470	1.604	HIS/PRO/HIS
A0A158RAT2	CuA	3	3His	94.9	0.570	1.090	HIS/HIS/HIS
A0A158RAT2	CuB	0	0His	63.8	0.640	2.345	GLN/LEU/TYR
A0A161VY89	CuA	3	3His	96.3	0.990	0.496	HIS/HIS/HIS
A0A161VY89	CuB	2	2His+inert	91.9	0.820	1.331	HIS/PRO/HIS
A0A166M367	CuA	3	3His	97.3	0.450	1.014	HIS/HIS/HIS
A0A166M367	CuB	2	2His+inert	94.7	0.870	0.266	HIS/HIS/GLN
A0A166TEN8	CuA	3	3His	94.1	0.870	0.504	HIS/HIS/HIS
A0A166TEN8	CuB	2	2His+inert	87.4	0.610	0.947	HIS/PRO/HIS
A0A166U3J7	CuA	3	3His	97.9	0.390	1.386	HIS/HIS/HIS
A0A166U3J7	CuB	2	2His+inert	95.0	0.810	0.977	HIS/HIS/GLN
A0A167AFV0	CuA	3	3His	95.9	0.990	0.505	HIS/HIS/HIS
A0A167AFV0	CuB	2	2His+inert	92.3	0.620	1.097	HIS/PRO/HIS
A0A167BRG2	CuA	3	3His	95.3	0.650	1.710	HIS/HIS/HIS
A0A167BRG2	CuB	2	2His+inert	91.2	0.900	1.525	HIS/PRO/HIS
A0A168EXD0	CuA	3	3His	97.5	0.210	1.560	HIS/HIS/HIS
A0A168EXD0	CuB	2	2His+inert	94.9			HIS/PRO/HIS
A0A175VYW1	CuA	3	3His	96.6	1.000	0.564	HIS/HIS/HIS
A0A175VYW1	CuB	1	1His		0.830	2.672	TRP/ILE/HIS
A0A175W3Y2	CuA	3	3His	95.2	0.340	1.236	HIS/HIS/HIS
A0A175W3Y2	CuB	2	2His+inert	94.7	0.690	0.460	HIS/PRO/HIS
A0A177DSJ1	CuA	3	3His	96.7	0.980	0.671	HIS/HIS/HIS
A0A177DSJ1	CuB	2	2His+inert	91.0	0.680	0.497	HIS/PRO/HIS
A0A177T6E5	CuA	2	2His+inert	80.0	0.440	0.359	HIS/---/HIS
A0A177T6E5	CuB	3	3His	92.4	0.550	1.086	HIS/HIS/HIS
A0A180GDP5	CuA	0	0His	90.0	0.390	1.648	PHE/---/MET
A0A180GDP5	CuB	2	2His+inert	83.0	0.610	0.527	HIS/HIS/ALA
A0A183I077	CuA	3	3His	94.4	0.380	1.712	HIS/HIS/HIS
A0A183I077	CuB	2	2His+inert	88.7	0.410	2.028	HIS/LEU/HIS
A0A183IVQ9	CuA	1	1His				TYR/LYS/HIS
A0A183IVQ9	CuB	1	1His				SER/ARG/HIS
A0A194WE27	CuA	3	3His	84.1	0.960	1.403	HIS/HIS/HIS
A0A194WE27	CuB	2	2His+inert	28.8	0.960	2.574	HIS/GLY/HIS
A0A194XMC7	CuA	3	3His	91.8	0.910	0.588	HIS/HIS/HIS
A0A194XMC7	CuB	2	2His+inert	92.1	0.840	1.620	HIS/PRO/HIS
A0A194XN12	CuA	3	3His	95.8	0.980	1.239	HIS/HIS/HIS
A0A194XN12	CuB	2	2His+inert	92.9	0.550	0.883	HIS/PRO/HIS
A0A194XSF1	CuA	3	3His	91.8	0.990	0.852	HIS/HIS/HIS
A0A194XSF1	CuB	1	1His	68.4			HIS/PRO/LEU
A0A1B7YR08	CuA	3	3His	97.3	0.980	0.550	HIS/HIS/HIS
A0A1B7YR08	CuB	2	2His+inert	95.2	0.980	1.055	HIS/HIS/GLN
A0A1G4AYJ9	CuA	3	3His	97.2	0.980	0.296	HIS/HIS/HIS
A0A1G4AYJ9	CuB	2	2His+inert	95.3	0.930	1.649	HIS/HIS/GLN
A0A1G4BKS1	CuA	3	3His	94.8	0.730	1.324	HIS/HIS/HIS
A0A1G4BKS1	CuB	2	2His+inert	92.3	0.460	1.585	HIS/PRO/HIS
A0A1G6VNA4	CuA	1	1His				PHE/ASN/HIS
A0A1G6VNA4	CuB	2	2His+inert	86.4			HIS/ARG/HIS
A0A1G8B6K0	CuA	1	1His		0.950	2.695	SER/GLN/HIS
A0A1G8B6K0	CuB	3	3His	96.0	0.950	1.407	HIS/HIS/HIS
A0A1H1X1U7	CuA	2	2His+inert	90.3	0.830	1.230	HIS/PRO/HIS
A0A1H1X1U7	CuB	3	3His	97.2	0.980	0.790	HIS/HIS/HIS
A0A1H7VPR3	CuA	1	1His		0.520	2.156	TYR/---/HIS
A0A1H7VPR3	CuB	3	3His	93.5	0.990	1.032	HIS/HIS/HIS
A0A1I4X2F3	CuA	2	2His+inert	88.8	0.760	0.344	HIS/SER/HIS
A0A1I4X2F3	CuB	3	3His	93.8	0.960	0.339	HIS/HIS/HIS
A0A1I5PK02	CuA	3	3His	93.5	0.890	1.544	HIS/HIS/HIS
A0A1I5PK02	CuB	3	3His	97.3	0.390	2.157	HIS/HIS/HIS
A0A1I7VEA5	CuA	3	3His	95.7	0.900	0.930	HIS/HIS/HIS
A0A1I7VEA5	CuB	2	2His+inert	82.2	0.750	1.625	HIS/LEU/HIS
A0A1I8I6W4	CuA	2	2His+inert	68.1	0.190	2.440	ARG/HIS/HIS
A0A1I8I6W4	CuB	3	3His	93.2	0.990	1.217	HIS/HIS/HIS
A0A1I8IJ91	CuA	2	2His+inert	79.5			PRO/HIS/HIS
A0A1I8IJ91	CuB	3	3His	86.2			HIS/HIS/HIS
A0A1I9G609	CuA	3	3His	94.8	0.940	1.630	HIS/HIS/HIS
A0A1I9G609	CuB	2	2His+inert	90.2	0.480	1.952	HIS/LEU/HIS
A0A1I9G629	CuA	3	3His	97.3	0.930	0.700	HIS/HIS/HIS
A0A1I9G629	CuB	2	2His+inert	94.3	0.840	2.435	HIS/LEU/HIS
A0A1J9R2U7	CuA	3	3His	90.0	0.950	1.228	HIS/HIS/HIS
A0A1J9R2U7	CuB	3	3His	95.5	0.990	0.400	HIS/HIS/HIS
A0A1L7T8U3	CuA	3	3His	97.1	0.780	0.528	HIS/HIS/HIS
A0A1L7T8U3	CuB	2	2His+inert	95.4	0.590	0.926	HIS/PRO/HIS
A0A1L7V991	CuA	3	3His	96.5	0.840	0.957	HIS/HIS/HIS
A0A1L7V991	CuB	2	2His+inert	95.3	0.390	0.965	HIS/PRO/HIS
A0A1L7XXI3	CuA	2	2His+coord	79.6			HIS/HIS/TYR
A0A1L7XXI3	CuB	1	1His				TYR/LEU/HIS
A0A1L9PZT9	CuA	3	3His	93.1	0.750	1.128	HIS/HIS/HIS
A0A1L9PZT9	CuB	2	2His+inert	87.4	0.630	1.089	HIS/PRO/HIS
A0A1L9S434	CuA	1	1His	66.8			TYR/SER/HIS
A0A1L9S434	CuB	0	0His				TYR/SER/TYR
A0A1L9T6V0	CuA	3	3His	93.0	0.990	1.168	HIS/HIS/HIS
A0A1L9T6V0	CuB	2	2His+inert	87.4	0.630	1.172	HIS/PRO/HIS
A0A1L9WGB2	CuA	2	2His+inert	85.4	0.920	2.004	HIS/ILE/HIS
A0A1L9WGB2	CuB	3	3His	94.2	0.920	0.457	HIS/HIS/HIS
A0A1N6ZK30	CuA	1	1His	92.7			TYR/HIS/GLN
A0A1N6ZK30	CuB	0	0His				ILE/GLN/ALA
A0A1Q8RG93	CuA	3	3His	97.9	0.910	0.445	HIS/HIS/HIS
A0A1Q8RG93	CuB	0	0His	50.3	0.690	2.263	GLN/SER/GLN
A0A1Q8RT46	CuA	3	3His	96.7	0.880	0.271	HIS/HIS/HIS
A0A1Q8RT46	CuB	2	2His+inert	95.0	0.860	1.605	HIS/PRO/HIS
A0A1R3RV41	CuA	3	3His	96.6	0.740	0.853	HIS/HIS/HIS
A0A1R3RV41	CuB	2	2His+inert	92.8	0.610	1.104	HIS/PRO/HIS
A0A1R3VBN3	CuA	2	2His+inert	89.3	0.970	1.608	HIS/PRO/HIS
A0A1R3VBN3	CuB	3	3His	96.2	0.870	1.615	HIS/HIS/HIS
A0A1R4H6E4	CuA	2	2His+inert	89.7	0.890	1.887	HIS/SER/HIS
A0A1R4H6E4	CuB	3	3His	96.4	0.990	1.811	HIS/HIS/HIS
A0A1R4H727	CuA	2	2His+inert	89.7	0.910	0.954	HIS/SER/HIS
A0A1R4H727	CuB	3	3His	96.4	0.930	1.564	HIS/HIS/HIS
A0A1S8CTM4	CuA	3	3His	94.3	0.980	1.790	HIS/HIS/HIS
A0A1S8CTM4	CuB	3	3His	97.1	0.980	2.566	HIS/HIS/HIS
A0A1S8X904	CuA	2	2His+inert	81.9			ASN/HIS/HIS
A0A1S8X904	CuB	1	1His	87.8			ASN/HIS/GLN
A0A1U7LR42	CuA	2	2His+coord	39.9	0.990	2.377	TYR/HIS/HIS
A0A1U7LR42	CuB	3	3His	83.0	0.990	0.718	HIS/HIS/HIS
A0A1V4I1C4	CuA	2	2His+inert	86.1	0.760	2.948	HIS/PRO/HIS
A0A1V4I1C4	CuB	3	3His	95.5	0.990	1.941	HIS/HIS/HIS
A0A1V6NT23	CuA	2	2His+inert	96.1	0.840	0.692	HIS/ILE/HIS
A0A1V6NT23	CuB	2	2His+inert	91.0	0.740	1.009	HIS/PRO/HIS
A0A1V9YE51	CuA	1	1His				TYR/HIS/ARG
A0A1V9YE51	CuB	1	1His				ASN/HIS/TYR
A0A1V9YSU1	CuA	3	3His	86.5	0.810	0.973	HIS/HIS/HIS
A0A1V9YSU1	CuB	1	1His	65.2			TYR/TYR/HIS
A0A1V9YYD2	CuA	3	3His	96.5	0.770	0.793	HIS/HIS/HIS
A0A1V9YYD2	CuB	2	2His+inert	79.6	0.640	1.643	SER/HIS/HIS
A0A1V9Z4B6	CuA	0	0His				LEU/TYR/SER
A0A1V9Z4B6	CuB	1	1His				ARG/GLN/HIS
A0A1X6NRK9	CuA	2	2His+inert	83.8			LEU/HIS/HIS
A0A1X6NRK9	CuB	0	0His				SER/PHE/GLN
A0A1X6PJ39	CuA	1	1His				TYR/LEU/HIS
A0A1X6PJ39	CuB	1	1His	75.6			GLN/ARG/HIS
A0A1X7RU91	CuA	3	3His	95.7	0.920	1.076	HIS/HIS/HIS
A0A1X7RU91	CuB	2	2His+inert	92.6	0.450	0.951	HIS/PRO/HIS
A0A1X7RVT3	CuA	3	3His	95.1	0.990	0.540	HIS/HIS/HIS
A0A1X7RVT3	CuB	2	2His+inert	91.4	0.350	1.990	HIS/PRO/HIS
A0A1Y1VYU8	CuA	3	3His	93.8	0.940	0.727	HIS/HIS/HIS
A0A1Y1VYU8	CuB	2	2His+inert	86.2	0.350	1.445	HIS/HIS/SER
A0A1Y1Z6J4	CuA	2	2His+inert				HIS/HIS/ASN
A0A1Y1Z6J4	CuB	1	1His				MET/HIS/ALA
A0A1Y1ZAQ2	CuA	2	2His+inert	95.9	0.640	1.117	HIS/HIS/ASN
A0A1Y1ZAQ2	CuB	2	2His+inert	95.0	0.840	1.395	HIS/LEU/HIS
A0A1Y2CTW7	CuA	3	3His	78.2	0.970	1.903	HIS/HIS/HIS
A0A1Y2CTW7	CuB	0	0His				---/---/PHE
A0A1Y2EAK7	CuA	3	3His	92.3	0.990	1.856	HIS/HIS/HIS
A0A1Y2EAK7	CuB	2	2His+coord	93.9	0.760	1.597	HIS/TYR/HIS
A0A1Y2HIE7	CuA	3	3His	89.9	0.950	1.488	HIS/HIS/HIS
A0A1Y2HIE7	CuB	2	2His+coord	88.9	0.490	2.303	TYR/HIS/HIS
A0A1Y6LJW2	CuA	3	3His	94.4	0.990	0.708	HIS/HIS/HIS
A0A1Y6LJW2	CuB	2	2His+inert	93.1	0.600	0.547	HIS/PRO/HIS
A0A1Y6LLM1	CuA	3	3His	95.1	0.990	0.540	HIS/HIS/HIS
A0A1Y6LLM1	CuB	2	2His+inert	91.4	0.350	1.990	HIS/PRO/HIS
A0A210R2D2	CuA	1	1His				TYR/VAL/HIS
A0A210R2D2	CuB	0	0His				GLY/LYS/ASP
A0A218Z9Z9	CuA	1	1His				HIS/TYR/GLN
A0A218Z9Z9	CuB	2	2His+inert	91.1			HIS/LEU/HIS
A0A225WZW1	CuA	0	0His		0.810	2.659	ALA/LEU/ASN
A0A225WZW1	CuB	3	3His	97.2	0.900	1.158	HIS/HIS/HIS
A0A232M3P4	CuA	3	3His	77.2	0.990	0.657	HIS/HIS/HIS
A0A232M3P4	CuB	2	2His+inert	83.4	0.330	1.327	HIS/HIS/ASN
A0A238C4W2	CuA	3	3His	95.5	0.250	2.835	HIS/HIS/HIS
A0A238C4W2	CuB	2	2His+inert	88.5	0.250	2.351	HIS/LEU/HIS
A0A2A2KWS8	CuA	1	1His				GLN/HIS/ASN
A0A2A2KWS8	CuB	0	0His				ASN/TYR/ASP
A0A2B7X1D4	CuA	3	3His	90.0	0.830	1.218	HIS/HIS/HIS
A0A2B7X1D4	CuB	3	3His	94.4	0.990	1.043	HIS/HIS/HIS
A0A2C9KDQ8	CuA	0	0His				GLN/ILE/ASN
A0A2C9KDQ8	CuB	2	2His+coord	87.6			TYR/HIS/HIS
A0A2G8L6J4	CuA	2	2His+coord	60.2			TYR/HIS/HIS
A0A2G8L6J4	CuB	0	0His				LEU/TYR/GLN
A0A2G9GQP1	CuA	1	1His	52.8			HIS/---/ASP
A0A2G9GQP1	CuB	3	3His	84.2	0.830	1.237	HIS/HIS/HIS
A0A2H1GH96	CuA	3	3His	96.0	0.950	0.746	HIS/HIS/HIS
A0A2H1GH96	CuB	2	2His+inert	91.2	0.400	1.328	HIS/PRO/HIS
A0A2H3E8H0	CuA	3	3His	96.8	0.860	0.429	HIS/HIS/HIS
A0A2H3E8H0	CuB	2	2His+inert	94.0	0.720	0.618	HIS/HIS/ARG
A0A2H3S6Y7	CuA	3	3His	95.7	0.930	0.460	HIS/HIS/HIS
A0A2H3S6Y7	CuB	2	2His+inert	95.0	0.930	1.215	HIS/PRO/HIS
A0A2H3SXS3	CuA	3	3His	90.4	0.970	2.078	HIS/HIS/HIS
A0A2H3SXS3	CuB	2	2His+inert	82.2	0.930	1.044	HIS/HIS/---
A0A2H4SUB3	CuA	3	3His	83.2	0.630	0.851	HIS/HIS/HIS
A0A2H4SUB3	CuB	3	3His	91.9	0.920	1.629	HIS/HIS/HIS
A0A2I0MT65	CuA	3	3His	93.8	0.830	0.955	HIS/HIS/HIS
A0A2I0MT65	CuB	1	1His	68.7			ASP/---/HIS
A0A2J6PRK0	CuA	3	3His	96.0	0.820	0.547	HIS/HIS/HIS
A0A2J6PRK0	CuB	2	2His+inert	92.8	0.640	1.869	HIS/PRO/HIS
A0A2J6QS19	CuA	3	3His	94.7	0.760	0.853	HIS/HIS/HIS
A0A2J6QS19	CuB	2	2His+inert	90.7	0.620	0.798	HIS/PRO/HIS
A0A2J6S1F6	CuA	3	3His	96.6	0.870	0.485	HIS/HIS/HIS
A0A2J6S1F6	CuB	2	2His+inert	95.1	0.430	1.067	HIS/PRO/HIS
A0A2J6S2Q8	CuA	3	3His	96.5	0.740	0.700	HIS/HIS/HIS
A0A2J6S2Q8	CuB	2	2His+inert	95.0	0.600	1.460	HIS/PRO/HIS
A0A2J6TC85	CuA	2	2His+coord				HIS/HIS/TYR
A0A2J6TC85	CuB	3	3His	90.1	0.950	1.099	HIS/HIS/HIS
A0A2J6TD48	CuA	3	3His	95.2	0.810	0.762	HIS/HIS/HIS
A0A2J6TD48	CuB	2	2His+inert	91.9	0.580	1.548	HIS/PRO/HIS
A0A2J8X8R4	CuA	3	3His	85.5	0.920	1.017	HIS/HIS/HIS
A0A2J8X8R4	CuB	3	3His	80.4			HIS/HIS/HIS
A0A2L2TIX2	CuA	3	3His	94.8	0.990	0.437	HIS/HIS/HIS
A0A2L2TIX2	CuB	2	2His+inert	75.0	0.920	1.201	HIS/PRO/HIS
A0A2N3MZ18	CuA	1	1His				HIS/TYR/ARG
A0A2N3MZ18	CuB	0	0His				LEU/ARG/LEU
A0A2N5SEN2	CuA	3	3His	93.7	0.750	1.891	HIS/HIS/HIS
A0A2N5SEN2	CuB	2	2His+inert	82.1	0.750	2.170	HIS/HIS/ALA
A0A2N5SRB5	CuA	3	3His	91.5	1.000	0.535	HIS/HIS/HIS
A0A2N5SRB5	CuB	2	2His+inert	87.7	0.960	1.053	HIS/HIS/VAL
A0A2N5SSF6	CuA	3	3His	92.9	0.990	0.656	HIS/HIS/HIS
A0A2N5SSF6	CuB	2	2His+inert	87.5	0.770	1.109	HIS/HIS/VAL
A0A2N5TV63	CuA	3	3His	77.5	0.960	0.924	HIS/HIS/HIS
A0A2N5TV63	CuB	2	2His+coord	63.6	0.400	2.385	HIS/HIS/TYR
A0A2N5U4U9	CuA	3	3His	76.3	0.990	0.511	HIS/HIS/HIS
A0A2N5U4U9	CuB	2	2His+inert	72.0	0.520	2.363	HIS/HIS/ARG
A0A2N5VYB1	CuA	3	3His	92.0	1.000	0.528	HIS/HIS/HIS
A0A2N5VYB1	CuB	2	2His+inert	87.9	0.580	1.031	HIS/HIS/VAL
A0A2P7YDE6	CuA	2	2His+inert	69.0	0.670	0.333	ALA/HIS/HIS
A0A2P7YDE6	CuB	3	3His	92.5	0.980	1.624	HIS/HIS/HIS
A0A2P7Z1M8	CuA	3	3His	80.0	0.310	0.794	HIS/HIS/HIS
A0A2P7Z1M8	CuB	3	3His	88.5	0.770	1.367	HIS/HIS/HIS
A0A2P7ZE68	CuA	3	3His	91.9	0.870	0.388	HIS/HIS/HIS
A0A2P7ZE68	CuB	2	2His+inert	88.3	0.820	2.180	HIS/PRO/HIS
A0A2R5FJR1	CuA	3	3His	89.0	0.970	0.390	HIS/HIS/HIS
A0A2R5FJR1	CuB	2	2His+inert	82.2	0.630	0.361	ASN/HIS/HIS
A0A2S4UTV9	CuA	3	3His	90.7	0.980	0.762	HIS/HIS/HIS
A0A2S4UTV9	CuB	2	2His+coord	79.5			HIS/HIS/TYR
A0A2S4VER1	CuA	3	3His	83.5	0.990	0.392	HIS/HIS/HIS
A0A2S4VER1	CuB	2	2His+inert	71.3	0.660	1.149	HIS/HIS/---
A0A2S4VEY7	CuA	3	3His	90.7	0.980	0.762	HIS/HIS/HIS
A0A2S4VEY7	CuB	2	2His+coord	79.5			HIS/HIS/TYR
A0A2T2NJ62	CuA	0	0His				ARG/PHE/ASN
A0A2T2NJ62	CuB	1	1His				VAL/ARG/HIS
A0A2T2PBL1	CuA	2	2His+inert	85.6	0.610	2.505	HIS/SER/HIS
A0A2T2PBL1	CuB	2	2His+inert	94.1	0.640	2.875	HIS/GLN/HIS
A0A2T3ZXK1	CuA	3	3His	97.0	0.740	0.697	HIS/HIS/HIS
A0A2T3ZXK1	CuB	2	2His+inert	94.9	0.530	0.719	HIS/PRO/HIS
A0A2T4GS12	CuA	3	3His	86.8	0.820	0.968	HIS/HIS/HIS
A0A2T4GS12	CuB	2	2His+inert	77.3	0.450	1.785	HIS/ALA/HIS
A0A2T6BVL4	CuA	0	0His				LEU/ALA/ASN
A0A2T6BVL4	CuB	2	2His+coord	97.3	0.950	1.070	ASP/HIS/HIS
A0A2T6ZWP4	CuA	3	3His		0.610	1.435	HIS/HIS/HIS
A0A2T6ZWP4	CuB	3	3His	94.1	0.950	1.390	HIS/HIS/HIS
A0A2V1D8S9	CuA	3	3His	94.0	0.840	0.418	HIS/HIS/HIS
A0A2V1D8S9	CuB	2	2His+inert	92.0	0.620	0.437	HIS/PRO/HIS
A0A2V1EB40	CuA	3	3His	94.6	0.950	1.330	HIS/HIS/HIS
A0A2V1EB40	CuB	3	3His	95.9	0.970	2.174	HIS/HIS/HIS
A0A2V5IDW1	CuA	3	3His	93.2	0.830	1.334	HIS/HIS/HIS
A0A2V5IDW1	CuB	2	2His+inert	87.2	0.700	0.541	HIS/PRO/HIS
A0A2V5JDM1	CuA	1	1His				GLN/ASP/HIS
A0A2V5JDM1	CuB	3	3His	94.1	0.980	1.122	HIS/HIS/HIS
A0A2Z5HVJ6	CuA	3	3His	95.1	0.980	1.817	HIS/HIS/HIS
A0A2Z5HVJ6	CuB	2	2His+inert	94.3	0.900	1.112	GLN/HIS/HIS
A0A317SGF7	CuA	3	3His	84.5			HIS/HIS/HIS
A0A317SGF7	CuB	2	2His+inert	85.7	0.210	0.893	ASN/HIS/HIS
A0A317VMA5	CuA	3	3His	94.2	0.480	0.602	HIS/HIS/HIS
A0A317VMA5	CuB	2	2His+inert	92.2	0.650	1.193	HIS/PRO/HIS
A0A319FJL1	CuA	2	2His+inert	77.7	0.600	1.108	HIS/LEU/HIS
A0A319FJL1	CuB	3	3His	92.1	0.940	1.131	HIS/HIS/HIS
A0A329SB08	CuA	0	0His				TYR/VAL/TYR
A0A329SB08	CuB	1	1His				GLN/HIS/TYR
A0A329SW91	CuA	0	0His				ALA/LEU/ASN
A0A329SW91	CuB	3	3His	97.5	0.990	0.764	HIS/HIS/HIS
A0A365NE95	CuA	3	3His	96.9	0.980	0.218	HIS/HIS/HIS
A0A365NE95	CuB	2	2His+inert	95.7	0.950	0.674	HIS/PRO/HIS
A0A368GCB1	CuA	3	3His	86.6	0.990	2.945	HIS/HIS/HIS
A0A368GCB1	CuB	1	1His	55.4			THR/MET/HIS
A0A368QNI6	CuA	3	3His	80.0	0.990	1.162	HIS/HIS/HIS
A0A368QNI6	CuB	1	1His	67.2	0.980	2.561	ASP/PRO/HIS
A0A384BB62	CuA	3	3His	89.6	1.000	0.794	HIS/HIS/HIS
A0A384BB62	CuB	3	3His	76.7			HIS/HIS/HIS
A0A384K0M5	CuA	3	3His	96.4	0.960	0.261	HIS/HIS/HIS
A0A384K0M5	CuB	1	1His	82.4	0.570	1.561	ALA/SER/HIS
A0A384K4W6	CuA	3	3His	96.0	0.740	0.843	HIS/HIS/HIS
A0A384K4W6	CuB	2	2His+inert	93.3	0.600	1.444	HIS/PRO/HIS
A0A395HJP7	CuA	3	3His	93.7	0.990	0.706	HIS/HIS/HIS
A0A395HJP7	CuB	2	2His+coord	90.0	0.450	0.876	HIS/CYS/HIS
A0A395T2J9	CuA	3	3His	91.2	0.200	2.004	HIS/HIS/HIS
A0A395T2J9	CuB	3	3His	94.8	0.990	0.362	HIS/HIS/HIS
A0A3B6EKX7	CuA	3	3His	83.2	0.780	0.960	HIS/HIS/HIS
A0A3B6EKX7	CuB	3	3His	94.6	0.870	1.586	HIS/HIS/HIS
A0A3B6J0G9	CuA	3	3His	67.3	0.960	1.468	HIS/HIS/HIS
A0A3B6J0G9	CuB	2	2His+inert	81.2	0.890	1.378	HIS/HIS/ASN
A0A3E2HCJ3	CuA	3	3His	92.9	0.530	0.904	HIS/HIS/HIS
A0A3E2HCJ3	CuB	2	2His+inert	85.4	0.570	0.845	HIS/PRO/HIS
A0A3F2RYX7	CuA	0	0His				TYR/VAL/TYR
A0A3F2RYX7	CuB	1	1His				GLN/HIS/TYR
A0A3F3PW89	CuA	2	2His+inert	85.8			HIS/ILE/HIS
A0A3F3PW89	CuB	3	3His	93.4	0.960	0.496	HIS/HIS/HIS
A0A3F3Q782	CuA	3	3His	83.5	0.620	2.062	HIS/HIS/HIS
A0A3F3Q782	CuB	3	3His	94.4			HIS/HIS/HIS
A0A3M0L5Z8	CuA	3	3His	95.4	0.930	0.410	HIS/HIS/HIS
A0A3M0L5Z8	CuB	1	1His	59.2	0.530	1.852	GLN/THR/HIS
A0A3M6VLC9	CuA	0	0His				TYR/VAL/TYR
A0A3M6VLC9	CuB	1	1His				GLN/HIS/TYR
A0A3M6XNY6	CuA	3	3His	82.7			HIS/HIS/HIS
A0A3M6XNY6	CuB	3	3His	92.4	0.900	2.965	HIS/HIS/HIS
A0A3M7C5D9	CuA	2	2His+inert	79.8			ILE/HIS/HIS
A0A3M7C5D9	CuB	3	3His	92.5			HIS/HIS/HIS
A0A3M7J5F3	CuA	2	2His+inert	75.3			ILE/HIS/HIS
A0A3M7J5F3	CuB	3	3His	91.2	0.620	2.399	HIS/HIS/HIS
A0A3M7MKX7	CuA	3	3His	91.9	0.970	1.491	HIS/HIS/HIS
A0A3M7MKX7	CuB	3	3His	95.9	0.920	0.853	HIS/HIS/HIS
A0A3N0CP77	CuA	0	0His				ALA/SER/ILE
A0A3N0CP77	CuB	0	0His				TYR/ARG/ALA
A0A3N4IPE1	CuA	3	3His	87.7	0.870	0.972	HIS/HIS/HIS
A0A3N4IPE1	CuB	3	3His	94.3	0.940	1.606	HIS/HIS/HIS
A0A3N4K3H4	CuA	1	1His	50.0			ALA/SER/HIS
A0A3N4K3H4	CuB	3	3His	89.0	0.990	1.127	HIS/HIS/HIS
A0A3P3Y6E4	CuA	0	0His				TYR/ARG/GLN
A0A3P3Y6E4	CuB	0	0His				GLN/THR/MET
A0A3P3Y6K2	CuA	1	1His				HIS/---/ASN
A0A3P3Y6K2	CuB	1	1His	85.9			GLN/GLN/HIS
A0A3P6S9E3	CuA	3	3His	96.6	0.970	0.635	HIS/HIS/HIS
A0A3P6S9E3	CuB	2	2His+inert	85.7	0.750	2.369	HIS/LEU/HIS
A0A3P7DNC2	CuA	3	3His	96.2	0.900	0.338	HIS/HIS/HIS
A0A3P7DNC2	CuB	2	2His+inert	87.5	0.830	1.889	HIS/LEU/HIS
A0A3P8DS39	CuA	3	3His	89.1	0.810	0.921	HIS/HIS/HIS
A0A3P8DS39	CuB	1	1His	57.0			---/LEU/HIS
A0A3P8WSE3	CuA	3	3His	93.6			HIS/HIS/HIS
A0A3P8WSE3	CuB	2	2His+inert	91.0			HIS/HIS/GLN
A0A3Q3L0Y4	CuA	3	3His	86.1			HIS/HIS/HIS
A0A3Q3L0Y4	CuB	2	2His+coord	84.8	0.450	1.464	HIS/HIS/ASP
A0A3R6YR15	CuA	0	0His				VAL/TYR/ASN
A0A3R6YR15	CuB	2	2His+inert	67.8			HIS/HIS/SER
A0A3R7FX46	CuA	0	0His				TYR/VAL/TYR
A0A3R7FX46	CuB	1	1His				GLN/HIS/TYR
A0A3S3Q853	CuA	2	2His+inert	86.7	0.820	1.295	HIS/THR/HIS
A0A3S3Q853	CuB	3	3His	96.6	0.990	0.877	HIS/HIS/HIS
A0A401PX39	CuA	1	1His				ARG/ASN/HIS
A0A401PX39	CuB	1	1His				SER/HIS/TYR
A0A409WYM8	CuA	2	2His+coord	88.4	0.630	1.099	TYR/HIS/HIS
A0A409WYM8	CuB	2	2His+inert	80.4	0.680	1.240	SER/HIS/HIS
A0A409XK29	CuA	3	3His	87.6	0.560	1.546	HIS/HIS/HIS
A0A409XK29	CuB	2	2His+inert	82.9	0.350	1.440	HIS/HIS/ILE
A0A419QAV9	CuA	2	2His+inert	89.1			ASN/HIS/HIS
A0A419QAV9	CuB	1	1His	90.1			ASN/HIS/GLN
A0A420TE23	CuA	1	1His				HIS/---/---
A0A420TE23	CuB	3	3His	93.1	0.970	0.683	HIS/HIS/HIS
A0A421G844	CuA	3	3His	91.9	0.960	0.861	HIS/HIS/HIS
A0A421G844	CuB	2	2His+inert	85.7	0.910	1.596	ARG/HIS/HIS
A0A425CLB8	CuA	0	0His				TYR/VAL/TYR
A0A425CLB8	CuB	1	1His				GLN/HIS/TYR
A0A430HE78	CuA	3	3His	92.9	0.990	0.303	HIS/HIS/HIS
A0A430HE78	CuB	3	3His	96.1	0.960	0.563	HIS/HIS/HIS
A0A437ABU9	CuA	3	3His	94.1	0.850	1.386	HIS/HIS/HIS
A0A437ABU9	CuB	3	3His	96.7	0.900	1.632	HIS/HIS/HIS
A0A443HXX0	CuA	3	3His	96.4	0.640	1.638	HIS/HIS/HIS
A0A443HXX0	CuB	2	2His+inert	91.7	0.730	1.267	HIS/PRO/HIS
A0A444RJX5	CuA	3	3His	95.3	0.580	0.696	HIS/HIS/HIS
A0A444RJX5	CuB	2	2His+coord	95.1	0.600	1.999	HIS/TYR/HIS
A0A444UPP0	CuA	3	3His	76.9			HIS/HIS/HIS
A0A444UPP0	CuB	2	2His+inert	65.1	0.440	1.449	HIS/HIS/THR
A0A446BXJ9	CuA	3	3His	96.4	0.950	1.269	HIS/HIS/HIS
A0A446BXJ9	CuB	1	1His	63.9			VAL/MET/HIS
A0A447TAE7	CuA	2	2His+inert	86.5	0.700	1.446	HIS/ALA/HIS
A0A447TAE7	CuB	3	3His	94.6	0.900	1.626	HIS/HIS/HIS
A0A484G057	CuA	3	3His	79.8	0.900	0.726	HIS/HIS/HIS
A0A484G057	CuB	0	0His	44.2	0.910	2.413	ASN/GLN/GLN
A0A485KPS2	CuA	0	0His				VAL/TYR/ASN
A0A485KPS2	CuB	2	2His+inert	80.9	0.250	1.528	HIS/HIS/SER
A0A485KPU0	CuA	0	0His				VAL/TYR/ASN
A0A485KPU0	CuB	3	3His	92.5	0.820	1.251	HIS/HIS/HIS
A0A485KQE4	CuA	0	0His				VAL/TYR/ASN
A0A485KQE4	CuB	3	3His	95.8	0.890	1.306	HIS/HIS/HIS
A0A485KTR0	CuA	3	3His	86.5	0.640	2.093	HIS/HIS/HIS
A0A485KTR0	CuB	3	3His	95.7	0.980	1.289	HIS/HIS/HIS
A0A498S2C2	CuA	3	3His	95.3	0.620	2.836	HIS/HIS/HIS
A0A498S2C2	CuB	2	2His+inert	84.2	0.620	1.531	HIS/LEU/HIS
A0A4E9FIB1	CuA	3	3His	95.5	0.950	0.809	HIS/HIS/HIS
A0A4E9FIB1	CuB	2	2His+inert	88.7	0.930	1.639	HIS/LEU/HIS
A0A4P9VZN9	CuA	2	2His+inert	52.9	0.910	2.540	HIS/HIS/TRP
A0A4P9VZN9	CuB	3	3His	91.0	0.940	0.929	HIS/HIS/HIS
A0A4P9XG75	CuA	2	2His+coord	81.8	0.430	2.101	TYR/HIS/HIS
A0A4P9XG75	CuB	1	1His		0.430	2.082	TYR/GLN/HIS
A0A4P9XJ34	CuA	1	1His				TYR/GLN/HIS
A0A4P9XJ34	CuB	0	0His				TYR/PRO/TYR
A0A4P9XNA4	CuA	3	3His	97.5	0.740	0.986	HIS/HIS/HIS
A0A4P9XNA4	CuB	1	1His	95.5	0.660	1.404	GLY/GLU/HIS
A0A4Q4M2B0	CuA	3	3His	96.4	0.990	0.621	HIS/HIS/HIS
A0A4Q4M2B0	CuB	2	2His+inert	94.4	0.870	1.581	HIS/PRO/HIS
A0A4Q4NQ20	CuA	3	3His	90.8	0.930	0.380	HIS/HIS/HIS
A0A4Q4NQ20	CuB	2	2His+inert	89.4	0.460	1.443	HIS/PRO/HIS
A0A4R8PT74	CuA	3	3His	97.8	0.970	0.450	HIS/HIS/HIS
A0A4R8PT74	CuB	0	0His	77.2	0.710	1.677	ASN/GLN/GLN
A0A4R8REE8	CuA	3	3His	98.0	0.990	0.155	HIS/HIS/HIS
A0A4R8REE8	CuB	0	0His	83.9			ASN/GLN/GLN
A0A4R8RI59	CuA	2	2His+coord	92.1	1.000	2.053	TYR/HIS/HIS
A0A4R8RI59	CuB	3	3His	97.8	1.000	1.025	HIS/HIS/HIS
A0A4R8T272	CuA	3	3His	91.9			HIS/HIS/HIS
A0A4R8T272	CuB	0	0His	47.4	0.260	0.288	ASN/GLN/GLN
A0A4S2LAY4	CuA	2	2His+inert	85.3			ASN/HIS/HIS
A0A4S2LAY4	CuB	1	1His	89.2			ASN/HIS/GLN
A0A4S2LBN1	CuA	2	2His+inert	88.3			ASN/HIS/HIS
A0A4S2LBN1	CuB	1	1His	88.7			ASN/HIS/GLN
A0A4S9AAS5	CuA	0	0His				TYR/THR/ASN
A0A4S9AAS5	CuB	0	0His				ILE/ALA/GLN
A0A4S9D5E3	CuA	0	0His				TYR/TRP/ASN
A0A4S9D5E3	CuB	0	0His				ILE/ALA/GLN
A0A4S9F9F9	CuA	0	0His				TYR/THR/ASN
A0A4S9F9F9	CuB	0	0His				---/PHE/GLN
A0A4S9LP12	CuA	0	0His				TYR/THR/ASN
A0A4S9LP12	CuB	0	0His				ILE/ALA/GLN
A0A4S9TIS8	CuA	0	0His				TYR/TRP/ASN
A0A4S9TIS8	CuB	0	0His				ILE/ALA/GLN
A0A4S9V507	CuA	0	0His				TYR/THR/ASN
A0A4S9V507	CuB	0	0His				---/PHE/GLN
A0A4S9Y8F5	CuA	0	0His				TYR/THR/ASN
A0A4S9Y8F5	CuB	0	0His				---/ASP/GLN
A0A4S9ZZ06	CuA	0	0His				TYR/THR/ASN
A0A4S9ZZ06	CuB	0	0His				ILE/ALA/GLN
A0A4T0BL07	CuA	0	0His				TYR/THR/ASN
A0A4T0BL07	CuB	0	0His				ILE/PRO/GLN
A0A4T0EP09	CuA	0	0His				TYR/THR/ASN
A0A4T0EP09	CuB	0	0His				---/PHE/GLN
A0A4T0FMD4	CuA	2	2His+inert	89.6	0.990	1.495	HIS/---/HIS
A0A4T0FMD4	CuB	3	3His	94.7	1.000	0.646	HIS/HIS/HIS
A0A4T0WAP6	CuA	3	3His	97.4	0.990	0.342	HIS/HIS/HIS
A0A4T0WAP6	CuB	2	2His+inert	95.3	0.930	0.513	HIS/HIS/GLN
A0A4U0TXP9	CuA	3	3His	97.3	0.950	0.789	HIS/HIS/HIS
A0A4U0TXP9	CuB	2	2His+inert	96.1	0.570	1.648	HIS/PRO/HIS
A0A4U0VC90	CuA	3	3His	93.5	0.960	0.565	HIS/HIS/HIS
A0A4U0VC90	CuB	2	2His+inert	89.1	0.240	1.103	HIS/PRO/HIS
A0A4U0VS63	CuA	3	3His	96.0	0.970	0.958	HIS/HIS/HIS
A0A4U0VS63	CuB	2	2His+inert	96.3	0.420	1.100	HIS/PRO/HIS
A0A4U0XT20	CuA	3	3His	96.1	0.920	0.485	HIS/HIS/HIS
A0A4U0XT20	CuB	2	2His+inert	95.0	0.450	0.755	HIS/PRO/HIS
A0A4U6X5Z4	CuA	3	3His	96.5	0.980	0.506	HIS/HIS/HIS
A0A4U6X5Z4	CuB	0	0His	54.4			TYR/ARG/LEU
A0A4U7AY24	CuA	3	3His	38.4	0.750	0.833	HIS/HIS/HIS
A0A4U7AY24	CuB	2	2His+inert	49.4	0.550	1.565	HIS/PRO/HIS
A0A4U7B5J3	CuA	3	3His	93.4	0.980	0.451	HIS/HIS/HIS
A0A4U7B5J3	CuB	2	2His+inert	91.0	0.570	1.122	HIS/PRO/HIS
A0A4W4EZ83	CuA	0	0His				ASN/TYR/ASP
A0A4W4EZ83	CuB	2	2His+inert	87.4			HIS/ASN/HIS
A0A4W6F5R6	CuA	3	3His	96.9	0.700	1.140	HIS/HIS/HIS
A0A4W6F5R6	CuB	3	3His	90.9	0.550	1.411	HIS/HIS/HIS
A0A4Y8CCG2	CuA	3	3His	86.3	0.900	0.970	HIS/HIS/HIS
A0A4Y8CCG2	CuB	1	1His	74.6	0.590	0.878	ALA/VAL/HIS
A0A4Y8D0D0	CuA	2	2His+coord	76.8	0.920	2.381	HIS/HIS/TYR
A0A4Y8D0D0	CuB	3	3His	96.4	0.980	0.859	HIS/HIS/HIS
A0A4Y8D0V3	CuA	3	3His	96.7	0.990	1.048	HIS/HIS/HIS
A0A4Y8D0V3	CuB	2	2His+inert	94.0	0.870	1.108	HIS/PRO/HIS
A0A4Y9L370	CuA	2	2His+inert	89.5	0.870	1.329	HIS/ALA/HIS
A0A4Y9L370	CuB	3	3His	96.3	0.980	0.728	HIS/HIS/HIS
A0A4Z0YK01	CuA	3	3His	94.3	0.600	0.731	HIS/HIS/HIS
A0A4Z0YK01	CuB	2	2His+inert	92.5	0.590	1.224	HIS/PRO/HIS
A0A4Z1EV38	CuA	2	2His+inert	65.8	0.720	1.179	HIS/LEU/HIS
A0A4Z1EV38	CuB	2	2His+inert	61.8	0.730	1.343	HIS/PRO/HIS
A0A4Z1FR91	CuA	3	3His	94.0	0.970	0.514	HIS/HIS/HIS
A0A4Z1FR91	CuB	2	2His+inert	91.8	0.940	1.174	HIS/PRO/HIS
A0A4Z1HA19	CuA	3	3His	89.5	0.990	0.384	HIS/HIS/HIS
A0A4Z1HA19	CuB	1	1His	79.0	0.880	1.216	ALA/PHE/HIS
A0A4Z1K5V5	CuA	2	2His+inert	66.5	0.800	0.728	HIS/LEU/HIS
A0A4Z1K5V5	CuB	2	2His+inert	58.1	0.780	1.722	HIS/PRO/HIS
A0A4Z1NUI9	CuA	3	3His	93.6	0.970	0.356	HIS/HIS/HIS
A0A4Z1NUI9	CuB	2	2His+inert	92.2	0.740	0.855	HIS/PRO/HIS
A0A4Z1PB68	CuA	1	1His	66.2			HIS/---/THR
A0A4Z1PB68	CuB	3	3His	86.8			HIS/HIS/HIS
A0A507BI78	CuA	3	3His	85.8	0.920	1.654	HIS/HIS/HIS
A0A507BI78	CuB	3	3His	94.0	0.920	0.724	HIS/HIS/HIS
A0A507BMG0	CuA	1	1His	47.6	0.700	1.138	HIS/---/ASP
A0A507BMG0	CuB	3	3His	87.0	0.770	1.422	HIS/HIS/HIS
A0A507BNL8	CuA	3	3His	63.0	0.830	2.204	HIS/HIS/HIS
A0A507BNL8	CuB	2	2His+inert	48.8	0.490	1.745	HIS/HIS/THR
A0A507F691	CuA	2	2His+inert	81.2	0.600	1.366	HIS/GLN/HIS
A0A507F691	CuB	3	3His	87.7	0.940	0.779	HIS/HIS/HIS
A0A507F697	CuA	2	2His+coord	74.5			HIS/HIS/TYR
A0A507F697	CuB	3	3His	85.4	0.980	0.790	HIS/HIS/HIS
A0A544XUX3	CuA	1	1His	91.9			TYR/HIS/GLN
A0A544XUX3	CuB	0	0His				ILE/GLN/ALA
A0A562PHQ5	CuA	2	2His+inert	92.6	0.630	0.645	HIS/SER/HIS
A0A562PHQ5	CuB	3	3His	97.7	0.950	0.975	HIS/HIS/HIS
A0A5C3QBW9	CuA	1	1His	75.3	0.880	1.078	---/---/HIS
A0A5C3QBW9	CuB	3	3His	96.0	0.890	1.074	HIS/HIS/HIS
A0A5C6MG15	CuA	2	2His+inert	78.1	0.730	0.715	HIS/THR/HIS
A0A5C6MG15	CuB	3	3His	91.5	0.850	0.949	HIS/HIS/HIS
A0A5C6SKB8	CuA	2	2His+coord	89.9	0.860	1.448	HIS/TYR/HIS
A0A5C6SKB8	CuB	3	3His	92.0	0.990	0.383	HIS/HIS/HIS
A0A5J6HY91	CuA	2	2His+inert	95.5	0.320	2.198	HIS/HIS/ASN
A0A5J6HY91	CuB	1	1His	82.6			GLN/HIS/ARG
A0A5M8PS01	CuA	3	3His	93.7	0.680	0.927	HIS/HIS/HIS
A0A5M8PS01	CuB	2	2His+inert	88.4	0.470	1.166	HIS/PRO/HIS
A0A5N5DM31	CuA	2	2His+inert	78.4	0.930	1.232	HIS/---/HIS
A0A5N5DM31	CuB	3	3His	90.6	0.960	0.994	HIS/HIS/HIS
A0A5N5QEZ6	CuA	2	2His+coord	89.4	0.610	2.181	HIS/HIS/TYR
A0A5N5QEZ6	CuB	3	3His	97.3	0.990	0.344	HIS/HIS/HIS
A0A5N6BWN4	CuA	1	1His	93.2			TYR/HIS/GLN
A0A5N6BWN4	CuB	0	0His				ILE/GLN/ALA
A0A5N7CL84	CuA	0	0His				ASN/GLY/ASN
A0A5N7CL84	CuB	1	1His				ASN/HIS/TYR
A0A5N7DKE9	CuA	3	3His	92.5	0.970	0.742	HIS/HIS/HIS
A0A5N7DKE9	CuB	2	2His+inert	84.5	0.460	1.403	HIS/PRO/HIS
A0A5Q4BTC4	CuA	1	1His	77.8	1.000	1.878	---/CYS/HIS
A0A5Q4BTC4	CuB	1	1His	44.5	0.990	1.959	ASN/VAL/HIS
A0A5Q4BZL7	CuA	3	3His	97.8	0.990	0.651	HIS/HIS/HIS
A0A5Q4BZL7	CuB	2	2His+inert	96.7	0.900	0.513	HIS/HIS/GLN
A0A5S6PYS3	CuA	1	1His				TYR/HIS/ASN
A0A5S6PYS3	CuB	0	0His				PHE/PHE/LEU
A0A5S6QIU3	CuA	2	2His+inert	85.8	0.590	1.052	HIS/LEU/HIS
A0A5S6QIU3	CuB	2	2His+inert	72.5	0.570	1.251	HIS/THR/HIS
A0A5S6QUR5	CuA	3	3His	59.9	0.810	0.988	HIS/HIS/HIS
A0A5S6QUR5	CuB	0	0His				LEU/ARG/LEU
A0A654M5U9	CuA	3	3His	91.9	0.530	1.347	HIS/HIS/HIS
A0A654M5U9	CuB	3	3His	98.2	0.880	0.675	HIS/HIS/HIS
A0A665TYY4	CuA	3	3His	93.0	0.980	1.082	HIS/HIS/HIS
A0A665TYY4	CuB	1	1His		0.500	1.749	ILE/---/HIS
A0A665U0T6	CuA	3	3His	93.7	0.660	1.322	HIS/HIS/HIS
A0A665U0T6	CuB	1	1His		0.440	0.526	ILE/LEU/HIS
A0A669D1M6	CuA	3	3His	89.6	0.490	1.266	HIS/HIS/HIS
A0A669D1M6	CuB	1	1His	35.8	0.410	2.696	ILE/THR/HIS
A0A672MGC5	CuA	1	1His	62.0			HIS/ARG/GLU
A0A672MGC5	CuB	3	3His	89.5	0.750	0.404	HIS/HIS/HIS
A0A672ML46	CuA	1	1His	62.7			HIS/ARG/GLU
A0A672ML46	CuB	3	3His	90.6	0.680	0.737	HIS/HIS/HIS
A0A673AVA6	CuA	3	3His	92.2	0.260	1.078	HIS/HIS/HIS
A0A673AVA6	CuB	1	1His				MET/THR/HIS
A0A673AW28	CuA	3	3His	92.7	0.780	0.906	HIS/HIS/HIS
A0A673AW28	CuB	1	1His	47.4			MET/THR/HIS
A0A6A3EYQ9	CuA	0	0His				ALA/LEU/ASN
A0A6A3EYQ9	CuB	3	3His	97.2	0.590	1.096	HIS/HIS/HIS
A0A6A3FBU7	CuA	0	0His				TYR/ALA/TYR
A0A6A3FBU7	CuB	1	1His				GLN/HIS/TYR
A0A6A3HLB0	CuA	3	3His	94.9	0.940	0.859	HIS/HIS/HIS
A0A6A3HLB0	CuB	2	2His+coord	94.7	0.800	0.950	GLU/HIS/HIS
A0A6A3L3S8	CuA	0	0His				ALA/LEU/ASN
A0A6A3L3S8	CuB	3	3His	96.8	0.960	1.198	HIS/HIS/HIS
A0A6A3MUA3	CuA	0	0His				ALA/LEU/ASN
A0A6A3MUA3	CuB	3	3His	97.3	0.970	1.491	HIS/HIS/HIS
A0A6A3NDJ9	CuA	0	0His				ALA/LEU/ASN
A0A6A3NDJ9	CuB	3	3His	97.2			HIS/HIS/HIS
A0A6A3Q4B5	CuA	3	3His	94.7	0.940	0.465	HIS/HIS/HIS
A0A6A3Q4B5	CuB	2	2His+coord	93.3	0.790	0.953	GLU/HIS/HIS
A0A6A4E140	CuA	0	0His				ALA/LEU/ASN
A0A6A4E140	CuB	3	3His	97.4			HIS/HIS/HIS
A0A6A4G489	CuA	0	0His				TYR/ALA/TYR
A0A6A4G489	CuB	1	1His				GLN/HIS/TYR
A0A6A4ZE36	CuA	3	3His	87.2	0.500	2.366	HIS/HIS/HIS
A0A6A4ZE36	CuB	3	3His	95.1	0.950	1.467	HIS/HIS/HIS
A0A6A5RAM1	CuA	3	3His	89.9	0.900	1.529	HIS/HIS/HIS
A0A6A5RAM1	CuB	2	2His+inert	68.0			VAL/HIS/HIS
A0A6A5TLY8	CuA	3	3His	95.3	0.920	0.746	HIS/HIS/HIS
A0A6A5TLY8	CuB	2	2His+inert	91.3	0.420	1.582	HIS/PRO/HIS
A0A6A5XM88	CuA	2	2His+inert	72.5			HIS/LEU/HIS
A0A6A5XM88	CuB	0	0His				VAL/ARG/GLN
A0A6A5YJL3	CuA	3	3His	91.5	0.970	0.571	HIS/HIS/HIS
A0A6A5YJL3	CuB	1	1His		0.980	2.733	HIS/PRO/LEU
A0A6A5ZPV6	CuA	3	3His	95.9	0.730	1.648	HIS/HIS/HIS
A0A6A5ZPV6	CuB	2	2His+inert	93.2	0.610	1.812	HIS/PRO/HIS
A0A6A6BKX9	CuA	2	2His+inert	96.5	0.620	1.590	HIS/ASN/HIS
A0A6A6BKX9	CuB	2	2His+inert	94.6	0.610	0.843	HIS/ASN/HIS
A0A6A6C2M9	CuA	3	3His	95.0	0.910	1.040	HIS/HIS/HIS
A0A6A6C2M9	CuB	2	2His+inert	94.9	0.490	1.003	HIS/PRO/HIS
A0A6A6CAJ8	CuA	3	3His	95.7	0.840	0.758	HIS/HIS/HIS
A0A6A6CAJ8	CuB	2	2His+inert	93.8	0.810	1.728	HIS/PRO/HIS
A0A6A6CBF1	CuA	3	3His	96.7	0.820	0.883	HIS/HIS/HIS
A0A6A6CBF1	CuB	2	2His+inert	94.8	0.660	1.817	HIS/PRO/HIS
A0A6A6D3V8	CuA	2	2His+inert	79.8			ARG/HIS/HIS
A0A6A6D3V8	CuB	3	3His	94.6	1.000	0.592	HIS/HIS/HIS
A0A6A6H4U9	CuA	3	3His	95.4	0.850	0.969	HIS/HIS/HIS
A0A6A6H4U9	CuB	1	1His		0.440	2.614	GLY/SER/HIS
A0A6A6HHK4	CuA	3	3His	96.8	0.970	0.638	HIS/HIS/HIS
A0A6A6HHK4	CuB	2	2His+inert	94.8	0.900	1.126	HIS/PRO/HIS
A0A6A6JAY1	CuA	3	3His	95.3	0.990	0.475	HIS/HIS/HIS
A0A6A6JAY1	CuB	2	2His+inert	93.8	0.620	0.644	HIS/PRO/HIS
A0A6A6TSU5	CuA	0	0His				LEU/ALA/GLN
A0A6A6TSU5	CuB	0	0His				GLU/ARG/ALA
A0A6A6V9C0	CuA	3	3His	94.8	0.730	1.063	HIS/HIS/HIS
A0A6A6V9C0	CuB	3	3His	97.1	0.860	0.486	HIS/HIS/HIS
A0A6A6VF46	CuA	3	3His	93.2	0.230	1.592	HIS/HIS/HIS
A0A6A6VF46	CuB	2	2His+inert	87.8	0.750	0.529	HIS/PRO/HIS
A0A6A6VMY9	CuA	2	2His+inert	74.7	0.410	0.791	LEU/HIS/HIS
A0A6A6VMY9	CuB	3	3His	94.6	0.990	1.472	HIS/HIS/HIS
A0A6A6VU64	CuA	3	3His	96.1	0.950	1.340	HIS/HIS/HIS
A0A6A6VU64	CuB	2	2His+inert	94.6	0.520	1.799	HIS/PRO/HIS
A0A6A6XLR7	CuA	1	1His	56.8	0.840	2.070	HIS/---/ASP
A0A6A6XLR7	CuB	3	3His	86.1	0.960	0.556	HIS/HIS/HIS
A0A6A7BLX6	CuA	3	3His	95.9	0.890	0.855	HIS/HIS/HIS
A0A6A7BLX6	CuB	2	2His+inert	93.7	0.730	1.376	HIS/PRO/HIS
A0A6G0JRR3	CuA	2	2His+inert	78.7	0.920	1.996	LEU/HIS/HIS
A0A6G0JRR3	CuB	3	3His	87.1	0.990	0.576	HIS/HIS/HIS
A0A6G0LHA8	CuA	0	0His				ALA/LEU/ASN
A0A6G0LHA8	CuB	3	3His	97.1	0.970	1.128	HIS/HIS/HIS
A0A6G0QFF2	CuA	3	3His	95.6	0.940	0.709	HIS/HIS/HIS
A0A6G0QFF2	CuB	2	2His+coord	94.6	0.880	0.621	GLU/HIS/HIS
A0A6G0S364	CuA	0	0His				ALA/LEU/ASN
A0A6G0S364	CuB	3	3His	97.3	0.590	1.073	HIS/HIS/HIS
A0A6G0WB52	CuA	0	0His				LEU/TYR/ASN
A0A6G0WB52	CuB	3	3His	95.7	0.900	0.901	HIS/HIS/HIS
A0A6G0XI62	CuA	2	2His+coord				HIS/TYR/HIS
A0A6G0XI62	CuB	0	0His				ASP/ARG/PHE
A0A6G1IEP5	CuA	3	3His	96.6	0.620	0.800	HIS/HIS/HIS
A0A6G1IEP5	CuB	2	2His+inert	94.3	0.370	0.680	HIS/PRO/HIS
A0A6G1KGG9	CuA	1	1His				HIS/LEU/ASN
A0A6G1KGG9	CuB	0	0His				ALA/ARG/GLN
A0A6H0Y3Z6	CuA	3	3His	76.2	0.520	0.341	HIS/HIS/HIS
A0A6H0Y3Z6	CuB	2	2His+inert	51.4	0.580	0.902	HIS/PRO/HIS
A0A6I3X362	CuA	2	2His+inert	92.9	0.950	1.416	HIS/SER/HIS
A0A6I3X362	CuB	3	3His	97.5	0.890	1.016	HIS/HIS/HIS
A0A6J1BLU4	CuA	2	2His+inert	53.2			HIS/HIS/GLN
A0A6J1BLU4	CuB	3	3His	89.5	0.880	1.172	HIS/HIS/HIS
A0A6J8AZI7	CuA	1	1His		0.500	1.715	HIS/TYR/GLN
A0A6J8AZI7	CuB	2	2His+inert	83.7	0.510	0.562	ALA/HIS/HIS
A0A6J8CJF7	CuA	1	1His				ASN/TYR/HIS
A0A6J8CJF7	CuB	1	1His				SER/HIS/TYR
A0A6J8CNM0	CuA	3	3His	91.0	0.940	0.266	HIS/HIS/HIS
A0A6J8CNM0	CuB	2	2His+inert	86.8	0.480	1.295	HIS/HIS/THR
A0A6J8CZL5	CuA	2	2His+inert	59.9	0.170	0.272	HIS/HIS/ASN
A0A6J8CZL5	CuB	0	0His				GLN/ASN/LEU
A0A6J8EAN0	CuA	1	1His				HIS/GLN/TYR
A0A6J8EAN0	CuB	3	3His	89.9			HIS/HIS/HIS
A0A6P4ZCR3	CuA	1	1His				GLN/HIS/ASN
A0A6P4ZCR3	CuB	1	1His	80.4			ASN/HIS/SER
A0A6P8I208	CuA	2	2His+coord	94.6	0.680	2.033	TYR/HIS/HIS
A0A6P8I208	CuB	1	1His		0.470	2.475	HIS/THR/ALA
A0A6V7V3D6	CuA	3	3His	93.4	1.000	2.094	HIS/HIS/HIS
A0A6V7V3D6	CuB	0	0His				---/ILE/PHE
A0A6V7WY80	CuA	2	2His+inert	77.2			HIS/TRP/HIS
A0A6V7WY80	CuB	2	2His+inert	86.1	0.230	2.306	HIS/HIS/ARG
A0A7C8I7T2	CuA	3	3His	96.2	0.970	0.680	HIS/HIS/HIS
A0A7C8I7T2	CuB	1	1His	81.5	0.430	1.883	ALA/MET/HIS
A0A7C8IE08	CuA	3	3His	93.1	0.950	1.633	HIS/HIS/HIS
A0A7C8IE08	CuB	3	3His	94.9	0.980	2.000	HIS/HIS/HIS
A0A7C8MC86	CuA	3	3His	95.6	0.900	0.737	HIS/HIS/HIS
A0A7C8MC86	CuB	2	2His+inert	92.2	0.800	1.141	HIS/PRO/HIS
A0A7C8UE72	CuA	0	0His				---/---/LEU
A0A7C8UE72	CuB	0	0His		0.890	0.454	---/---/LEU
A0A7C9LY48	CuA	2	2His+inert	87.1	0.830	2.218	HIS/SER/HIS
A0A7C9LY48	CuB	3	3His	96.0	0.970	1.277	HIS/HIS/HIS
A0A7C9M494	CuA	2	2His+inert	87.7	0.770	1.600	HIS/SER/HIS
A0A7C9M494	CuB	3	3His	96.2	0.980	0.910	HIS/HIS/HIS
A0A7D5Z0B1	CuA	3	3His	95.5	0.980	0.737	HIS/HIS/HIS
A0A7D5Z0B1	CuB	2	2His+inert	94.7	0.680	1.145	HIS/PRO/HIS
A0A7E6EGY5	CuA	1	1His				SER/HIS/ASN
A0A7E6EGY5	CuB	0	0His				GLN/TYR/SER
A0A7H8RBQ9	CuA	2	2His+inert	86.0	0.700	0.866	HIS/ARG/HIS
A0A7H8RBQ9	CuB	2	2His+inert	81.3	0.430	1.674	HIS/PRO/HIS
A0A7J6IXY4	CuA	3	3His	95.3	0.870	0.636	HIS/HIS/HIS
A0A7J6IXY4	CuB	2	2His+inert	92.5	0.540	0.761	HIS/PRO/HIS
A0A7J6J5I0	CuA	3	3His	98.0	0.960	0.310	HIS/HIS/HIS
A0A7J6J5I0	CuB	2	2His+inert	94.8	0.650	0.779	HIS/HIS/GLN
A0A7J6UTM6	CuA	3	3His	85.9	0.990	0.724	HIS/HIS/HIS
A0A7J6UTM6	CuB	2	2His+coord	91.3	0.650	0.725	TYR/HIS/HIS
A0A7J7J2C8	CuA	2	2His+coord	19.0			TYR/HIS/HIS
A0A7J7J2C8	CuB	0	0His				SER/ARG/PHE
A0A7K7RZM1	CuA	3	3His	95.8	0.770	0.837	HIS/HIS/HIS
A0A7K7RZM1	CuB	2	2His+inert	90.0	0.610	1.351	HIS/PRO/HIS
A0A7M5V4K9	CuA	1	1His				ASN/HIS/TYR
A0A7M5V4K9	CuB	0	0His				SER/LEU/MET
A0A7M5WXX0	CuA	1	1His				ASN/HIS/TYR
A0A7M5WXX0	CuB	0	0His				SER/LEU/MET
A0A7M5XIS8	CuA	1	1His				ASN/HIS/TYR
A0A7M5XIS8	CuB	0	0His				SER/LEU/MET
A0A7M6DQE2	CuA	1	1His				ASN/HIS/TYR
A0A7M6DQE2	CuB	0	0His				SER/LEU/MET
A0A7N6AMA0	CuA	3	3His	94.0	0.920	1.931	HIS/HIS/HIS
A0A7N6AMA0	CuB	1	1His	53.0	0.400	0.768	ILE/THR/HIS
A0A7R8ARR0	CuA	3	3His	95.0	1.000	0.970	HIS/HIS/HIS
A0A7R8ARR0	CuB	2	2His+inert	90.6	0.980	1.865	HIS/PRO/HIS
A0A7R9UNI4	CuA	0	0His				---/---/LEU
A0A7R9UNI4	CuB	1	1His				---/---/HIS
A0A7S0FYS9	CuA	1	1His		0.860	2.091	TYR/---/HIS
A0A7S0FYS9	CuB	2	2His+coord	88.8	0.810	1.147	HIS/HIS/GLU
A0A7S1T762	CuA	3	3His	92.0	0.940	0.777	HIS/HIS/HIS
A0A7S1T762	CuB	2	2His+inert	93.0	0.810	1.353	HIS/HIS/GLN
A0A7S1T768	CuA	3	3His	79.2	0.640	0.661	HIS/HIS/HIS
A0A7S1T768	CuB	2	2His+inert	78.9	0.870	1.411	HIS/HIS/GLN
A0A7S2D0S4	CuA	1	1His				TYR/SER/HIS
A0A7S2D0S4	CuB	1	1His				SER/SER/HIS
A0A7S2EUW0	CuA	2	2His+inert		0.330	1.955	HIS/HIS/ASN
A0A7S2EUW0	CuB	3	3His	75.4	0.920	1.019	HIS/HIS/HIS
A0A7S2JHL4	CuA	0	0His				PHE/---/TYR
A0A7S2JHL4	CuB	0	0His				ARG/LEU/TYR
A0A7S2JHQ4	CuA	0	0His				PHE/---/TYR
A0A7S2JHQ4	CuB	0	0His				ARG/LEU/TYR
A0A7S3EYR7	CuA	3	3His		0.580	1.746	HIS/HIS/HIS
A0A7S3EYR7	CuB	3	3His	78.6	0.850	0.702	HIS/HIS/HIS
A0A7S4QPD7	CuA	2	2His+coord	90.2	0.990	0.974	HIS/TYR/HIS
A0A7S4QPD7	CuB	3	3His	94.3	0.830	1.038	HIS/HIS/HIS
A0A7S4QRZ1	CuA	2	2His+coord	90.3	0.840	0.118	HIS/TYR/HIS
A0A7S4QRZ1	CuB	3	3His	95.1	0.930	1.069	HIS/HIS/HIS
A0A7W5H8K5	CuA	2	2His+inert	90.5	0.980	1.317	HIS/SER/HIS
A0A7W5H8K5	CuB	3	3His	97.5	0.990	1.030	HIS/HIS/HIS
A0A7W8KIV5	CuA	3	3His	63.8	0.880	2.110	HIS/HIS/HIS
A0A7W8KIV5	CuB	3	3His	84.4	0.970	0.776	HIS/HIS/HIS
A0A7X5ASN3	CuA	2	2His+inert	79.5	0.980	1.480	HIS/---/HIS
A0A7X5ASN3	CuB	3	3His	91.8	0.990	0.737	HIS/HIS/HIS
A0A7Y7WSX0	CuA	2	2His+inert	86.2	0.690	1.810	HIS/PRO/HIS
A0A7Y7WSX0	CuB	3	3His	97.2	0.910	0.946	HIS/HIS/HIS
A0A7Y7X987	CuA	2	2His+inert	90.4	0.920	1.617	HIS/PRO/HIS
A0A7Y7X987	CuB	3	3His	97.1	0.970	1.145	HIS/HIS/HIS
A0A7Y8BLA6	CuA	2	2His+inert	90.8	0.870	1.712	HIS/PRO/HIS
A0A7Y8BLA6	CuB	3	3His	96.6	0.880	0.847	HIS/HIS/HIS
A0A812BCK9	CuA	1	1His				HIS/PHE/ASN
A0A812BCK9	CuB	0	0His				MET/LEU/SER
A0A812PC05	CuA	1	1His	94.9			ASN/---/HIS
A0A812PC05	CuB	1	1His	83.3	0.180	0.597	VAL/HIS/LEU
A0A812V664	CuA	2	2His+inert	94.1			ASN/HIS/HIS
A0A812V664	CuB	1	1His	75.3	0.540	2.129	VAL/HIS/PHE
A0A812XIJ6	CuA	1	1His	94.3	0.470	1.501	ASN/---/HIS
A0A812XIJ6	CuB	1	1His	81.5	0.470	2.845	ILE/HIS/PHE
A0A833WLV2	CuA	0	0His				TYR/VAL/TYR
A0A833WLV2	CuB	1	1His				GLN/HIS/TYR
A0A858R6E5	CuA	2	2His+inert	88.1	0.900	2.212	HIS/SER/HIS
A0A858R6E5	CuB	3	3His	94.8	0.890	2.683	HIS/HIS/HIS
A0A8A3PKD0	CuA	2	2His+inert	75.2	0.610	1.084	HIS/PHE/HIS
A0A8A3PKD0	CuB	3	3His	92.5	0.930	0.856	HIS/HIS/HIS
A0A8B6E8R8	CuA	1	1His	64.8			ASN/VAL/HIS
A0A8B6E8R8	CuB	1	1His				SER/HIS/TYR
A0A8B6FI79	CuA	1	1His				HIS/GLN/TYR
A0A8B6FI79	CuB	3	3His	92.4	0.970	0.739	HIS/HIS/HIS
A0A8B8D4J3	CuA	1	1His				HIS/ARG/ASN
A0A8B8D4J3	CuB	1	1His				ASN/HIS/TYR
A0A8B9AG70	CuA	0	0His				MET/GLN/TYR
A0A8B9AG70	CuB	2	2His+inert	78.2			HIS/THR/HIS
A0A8B9GJT5	CuA	2	2His+inert	61.5	0.720	1.586	HIS/PHE/HIS
A0A8B9GJT5	CuB	3	3His	89.3	0.690	0.780	HIS/HIS/HIS
A0A8C0NCZ3	CuA	3	3His	88.9	0.950	1.774	HIS/HIS/HIS
A0A8C0NCZ3	CuB	3	3His	83.9	0.780	2.824	HIS/HIS/HIS
A0A8H2VQV0	CuA	3	3His	96.4	0.990	1.088	HIS/HIS/HIS
A0A8H2VQV0	CuB	2	2His+inert	94.7	0.950	1.222	HIS/PRO/HIS
A0A8H2X9J9	CuA	3	3His	92.4	0.870	0.390	HIS/HIS/HIS
A0A8H2X9J9	CuB	2	2His+inert	86.1	0.390	1.618	HIS/HIS/LEU
A0A8H2XQY6	CuA	2	2His+inert	93.7	0.490	1.550	HIS/GLN/HIS
A0A8H2XQY6	CuB	1	1His	80.2	0.490	2.447	ARG/GLN/HIS
A0A8H3ANG7	CuA	2	2His+inert	93.7	0.880	0.785	HIS/GLN/HIS
A0A8H3ANG7	CuB	1	1His				ARG/GLN/HIS
A0A8H3BNH7	CuA	2	2His+inert	93.2	0.750	1.266	HIS/GLN/HIS
A0A8H3BNH7	CuB	1	1His	79.3	0.560	1.475	ARG/GLN/HIS
A0A8H3CDA8	CuA	2	2His+inert	94.6	0.720	1.459	HIS/GLN/HIS
A0A8H3CDA8	CuB	1	1His		0.640	2.914	ARG/GLN/HIS
A0A8H3CUW5	CuA	3	3His		0.770	1.410	HIS/HIS/HIS
A0A8H3CUW5	CuB	3	3His	88.8	0.970	1.344	HIS/HIS/HIS
A0A8H3CZ20	CuA	2	2His+coord	71.8	0.330	2.476	TYR/HIS/HIS
A0A8H3CZ20	CuB	1	1His	85.7	0.330	2.465	HIS/LEU/ILE
A0A8H3DH08	CuA	0	0His		0.730	1.633	GLN/---/LEU
A0A8H3DH08	CuB	1	1His	92.2	0.910	2.432	HIS/---/LEU
A0A8H3DKS2	CuA	2	2His+inert	67.2			HIS/VAL/HIS
A0A8H3DKS2	CuB	3	3His	93.2	1.000	0.262	HIS/HIS/HIS
A0A8H3DR34	CuA	2	2His+inert	93.2	0.340	0.720	HIS/GLN/HIS
A0A8H3DR34	CuB	1	1His	74.6			ARG/GLN/HIS
A0A8H3FNM0	CuA	3	3His	96.9	0.870	0.706	HIS/HIS/HIS
A0A8H3FNM0	CuB	1	1His	76.6	0.470	1.806	ALA/LEU/HIS
A0A8H3FR24	CuA	3	3His		0.850	1.773	HIS/HIS/HIS
A0A8H3FR24	CuB	3	3His	93.2	0.850	2.616	HIS/HIS/HIS
A0A8H3GJI1	CuA	2	2His+inert	94.3			HIS/GLN/HIS
A0A8H3GJI1	CuB	1	1His	77.9			ARG/GLN/HIS
A0A8H3HGU7	CuA	2	2His+inert	86.5			HIS/---/HIS
A0A8H3HGU7	CuB	1	1His	69.4			ARG/GLN/HIS
A0A8H3I335	CuA	3	3His	92.3	0.790	1.222	HIS/HIS/HIS
A0A8H3I335	CuB	2	2His+inert	89.3	0.660	0.787	HIS/PRO/HIS
A0A8H3IAU0	CuA	3	3His	96.8	0.960	0.853	HIS/HIS/HIS
A0A8H3IAU0	CuB	2	2His+inert	93.6	0.700	0.775	HIS/PRO/HIS
A0A8H3IDD5	CuA	3	3His	96.8	0.900	0.612	HIS/HIS/HIS
A0A8H3IDD5	CuB	2	2His+inert	94.4	0.530	1.378	HIS/PRO/HIS
A0A8H3UFY5	CuA	3	3His	95.9	0.880	0.710	HIS/HIS/HIS
A0A8H3UFY5	CuB	2	2His+inert	92.5	0.430	1.339	HIS/PRO/HIS
A0A8H3VC67	CuA	3	3His	96.0	0.920	0.595	HIS/HIS/HIS
A0A8H3VC67	CuB	2	2His+inert	92.1	0.520	0.994	HIS/PRO/HIS
A0A8H3W2Z1	CuA	3	3His	98.0	0.950	0.858	HIS/HIS/HIS
A0A8H3W2Z1	CuB	2	2His+inert	94.5	0.760	0.438	HIS/HIS/GLN
A0A8H3W909	CuA	3	3His	95.4	0.860	0.690	HIS/HIS/HIS
A0A8H3W909	CuB	2	2His+inert	94.2	0.580	0.995	HIS/PRO/HIS
A0A8H4CJG9	CuA	0	0His				ALA/THR/MET
A0A8H4CJG9	CuB	3	3His	72.6	0.650	1.547	HIS/HIS/HIS
A0A8H4CPR6	CuA	3	3His	98.1	0.990	0.282	HIS/HIS/HIS
A0A8H4CPR6	CuB	2	2His+inert	95.2	0.760	0.916	HIS/HIS/GLN
A0A8H4CUC1	CuA	2	2His+inert	86.0			HIS/LEU/HIS
A0A8H4CUC1	CuB	3	3His	92.6	0.880	0.775	HIS/HIS/HIS
A0A8H4FHG1	CuA	3	3His	96.1	0.760	1.033	HIS/HIS/HIS
A0A8H4FHG1	CuB	2	2His+inert	95.4	0.750	1.748	HIS/PRO/HIS
A0A8H4IVL2	CuA	2	2His+inert	92.1	0.620	0.340	HIS/---/HIS
A0A8H4IVL2	CuB	3	3His	96.5	0.990	0.424	HIS/HIS/HIS
A0A8H4JDQ9	CuA	2	2His+inert	81.2	0.870	2.572	HIS/GLN/HIS
A0A8H4JDQ9	CuB	3	3His	94.5	0.990	0.584	HIS/HIS/HIS
A0A8H4JHW9	CuA	3	3His	96.9	0.830	0.815	HIS/HIS/HIS
A0A8H4JHW9	CuB	2	2His+inert	95.3	0.750	1.003	HIS/PRO/HIS
A0A8H4QR39	CuA	3	3His	92.2	0.980	0.336	HIS/HIS/HIS
A0A8H4QR39	CuB	2	2His+inert	80.2	0.730	1.952	HIS/PRO/HIS
A0A8H4RK75	CuA	3	3His	96.2	0.170	1.695	HIS/HIS/HIS
A0A8H4RK75	CuB	2	2His+inert	94.3	0.450	1.035	HIS/PRO/HIS
A0A8H4RXM0	CuA	3	3His	94.2			HIS/HIS/HIS
A0A8H4RXM0	CuB	2	2His+inert	93.2	0.640	0.786	HIS/PRO/HIS
A0A8H4Z0P3	CuA	3	3His	95.0	0.950	0.536	HIS/HIS/HIS
A0A8H4Z0P3	CuB	2	2His+inert	94.0	0.790	0.854	HIS/PRO/HIS
A0A8H4ZIX0	CuA	3	3His	93.1	0.970	2.477	HIS/HIS/HIS
A0A8H4ZIX0	CuB	3	3His	95.5	0.980	1.904	HIS/HIS/HIS
A0A8H5AS67	CuA	3	3His	90.3	0.960	1.199	HIS/HIS/HIS
A0A8H5AS67	CuB	3	3His	94.9	0.990	1.037	HIS/HIS/HIS
A0A8H5ATU2	CuA	1	1His				TYR/LEU/HIS
A0A8H5ATU2	CuB	0	0His				PHE/GLN/LEU
A0A8H5EAG2	CuA	3	3His	91.8			HIS/HIS/HIS
A0A8H5EAG2	CuB	3	3His	96.6	0.960	1.098	HIS/HIS/HIS
A0A8H5GBV2	CuA	3	3His	80.5			HIS/HIS/HIS
A0A8H5GBV2	CuB	2	2His+inert	79.1			HIS/GLY/HIS
A0A8H5JRL3	CuA	2	2His+inert	65.6	0.780	0.741	HIS/---/HIS
A0A8H5JRL3	CuB	3	3His	85.4	0.720	1.376	HIS/HIS/HIS
A0A8H5MQC7	CuA	3	3His	95.2	0.500	0.794	HIS/HIS/HIS
A0A8H5MQC7	CuB	2	2His+inert	95.7	0.510	1.479	HIS/PRO/HIS
A0A8H5N7B6	CuA	3	3His	90.9	0.960	1.068	HIS/HIS/HIS
A0A8H5N7B6	CuB	2	2His+inert	86.4			HIS/HIS/LEU
A0A8H5PBB3	CuA	0	0His				---/---/LEU
A0A8H5PBB3	CuB	1	1His	38.3	0.980	2.229	HIS/---/ALA
A0A8H5PBF2	CuA	3	3His	90.0	0.850	1.559	HIS/HIS/HIS
A0A8H5PBF2	CuB	2	2His+inert	91.8	0.570	1.680	HIS/PRO/HIS
A0A8H5Q6G5	CuA	3	3His	94.9	0.470	2.654	HIS/HIS/HIS
A0A8H5Q6G5	CuB	3	3His	71.7	0.440	1.063	HIS/HIS/HIS
A0A8H5TQU7	CuA	3	3His	92.1	0.890	1.313	HIS/HIS/HIS
A0A8H5TQU7	CuB	3	3His	94.9	0.980	0.566	HIS/HIS/HIS
A0A8H5UC91	CuA	3	3His	95.8	0.920	0.420	HIS/HIS/HIS
A0A8H5UC91	CuB	2	2His+inert	94.5	0.700	1.275	HIS/PRO/HIS
A0A8H5V6E6	CuA	3	3His	96.6	0.830	0.498	HIS/HIS/HIS
A0A8H5V6E6	CuB	2	2His+inert	95.1	0.810	0.686	HIS/PRO/HIS
A0A8H5WCB4	CuA	3	3His	93.3	0.610	1.136	HIS/HIS/HIS
A0A8H5WCB4	CuB	3	3His	97.4	1.000	0.388	HIS/HIS/HIS
A0A8H5XW17	CuA	3	3His	96.1	0.980	0.555	HIS/HIS/HIS
A0A8H5XW17	CuB	2	2His+inert	95.0	0.430	0.846	HIS/PRO/HIS
A0A8H6A0W2	CuA	0	0His				ASN/GLY/ASN
A0A8H6A0W2	CuB	1	1His	59.6			ASN/HIS/TYR
A0A8H6ANQ1	CuA	3	3His	87.2	0.950	1.103	HIS/HIS/HIS
A0A8H6ANQ1	CuB	1	1His	66.5	0.910	2.715	ALA/VAL/HIS
A0A8H6FIQ4	CuA	3	3His	89.5	0.490	1.972	HIS/HIS/HIS
A0A8H6FIQ4	CuB	2	2His+inert	86.2	0.620	0.626	HIS/PRO/HIS
A0A8H6HT48	CuA	0	0His	52.4			THR/---/SER
A0A8H6HT48	CuB	3	3His	87.4	0.840	0.952	HIS/HIS/HIS
A0A8H6JVW5	CuA	2	2His+inert	88.1	0.760	0.943	HIS/---/HIS
A0A8H6JVW5	CuB	2	2His+inert	94.1	0.770	0.805	HIS/HIS/GLN
A0A8H6L0G3	CuA	3	3His	94.1	0.930	0.742	HIS/HIS/HIS
A0A8H6L0G3	CuB	2	2His+inert	91.7	0.410	1.371	HIS/PRO/HIS
A0A8H6MKC6	CuA	2	2His+inert	89.1	0.810	0.957	HIS/---/HIS
A0A8H6MKC6	CuB	2	2His+inert	94.0	0.850	0.649	HIS/HIS/GLN
A0A8H6MX70	CuA	3	3His	97.6	0.950	0.716	HIS/HIS/HIS
A0A8H6MX70	CuB	2	2His+inert	96.1	0.740	1.388	HIS/HIS/GLN
A0A8H6N7U5	CuA	3	3His	96.5	0.990	0.902	HIS/HIS/HIS
A0A8H6N7U5	CuB	2	2His+inert	93.7	0.790	0.901	HIS/PRO/HIS
A0A8H6S8I0	CuA	2	2His+inert	82.1	0.880	0.489	HIS/ARG/HIS
A0A8H6S8I0	CuB	3	3His	95.3	0.990	0.509	HIS/HIS/HIS
A0A8H6YHY9	CuA	3	3His	83.8	0.940	2.030	HIS/HIS/HIS
A0A8H6YHY9	CuB	3	3His	90.6	0.980	1.934	HIS/HIS/HIS
A0A8H7BB98	CuA	3	3His	93.2	0.730	0.945	HIS/HIS/HIS
A0A8H7BB98	CuB	2	2His+inert	91.9	0.800	0.580	HIS/PRO/HIS
A0A8H7CJP5	CuA	3	3His	90.8	0.880	0.908	HIS/HIS/HIS
A0A8H7CJP5	CuB	2	2His+coord	85.2	0.620	1.489	HIS/CYS/HIS
A0A8H7H065	CuA	1	1His	59.2	0.960	1.174	ILE/MET/HIS
A0A8H7H065	CuB	3	3His	93.1	0.980	1.777	HIS/HIS/HIS
A0A8H7H0A0	CuA	2	2His+inert	92.7	0.540	1.254	HIS/GLN/HIS
A0A8H7H0A0	CuB	1	1His		0.530	2.335	ARG/GLN/HIS
A0A8H7HFI3	CuA	2	2His+inert	66.3	0.940	1.750	HIS/HIS/THR
A0A8H7HFI3	CuB	3	3His	90.3	0.980	0.416	HIS/HIS/HIS
A0A8H7I333	CuA	2	2His+inert	91.0	0.620	0.777	HIS/GLN/HIS
A0A8H7I333	CuB	1	1His	72.1	0.470	2.887	ARG/GLN/HIS
A0A8H7IC95	CuA	2	2His+inert	64.4	0.920	2.247	HIS/HIS/THR
A0A8H7IC95	CuB	3	3His	90.5	1.000	0.648	HIS/HIS/HIS
A0A8H7K265	CuA	2	2His+coord	94.5	0.950	1.381	HIS/TYR/HIS
A0A8H7K265	CuB	3	3His	96.1	0.990	0.931	HIS/HIS/HIS
A0A8H7LYZ4	CuA	2	2His+inert	69.2	0.970	2.275	HIS/HIS/THR
A0A8H7LYZ4	CuB	3	3His	92.1	0.980	1.461	HIS/HIS/HIS
A0A8H7M1F4	CuA	2	2His+inert	60.0	0.760	1.008	HIS/---/HIS
A0A8H7M1F4	CuB	3	3His	91.6	0.880	2.031	HIS/HIS/HIS
A0A8H7MHY0	CuA	3	3His	93.8	0.970	0.952	HIS/HIS/HIS
A0A8H7MHY0	CuB	2	2His+inert	93.0	0.570	1.047	ASN/HIS/HIS
A0A8H7W0M8	CuA	3	3His	95.8			HIS/HIS/HIS
A0A8H7W0M8	CuB	2	2His+inert	93.7	0.510	1.403	HIS/PRO/HIS
A0A8H7Y763	CuA	2	2His+coord	94.7	0.650	1.677	TYR/HIS/HIS
A0A8H7Y763	CuB	2	2His+inert	88.4	0.660	0.811	SER/HIS/HIS
A0A8H8P4P0	CuA	2	2His+inert	92.4	0.620	0.595	HIS/GLN/HIS
A0A8H8P4P0	CuB	1	1His	73.1			ARG/GLN/HIS
A0A8H8RL10	CuA	3	3His	95.8	0.970	0.913	HIS/HIS/HIS
A0A8H8RL10	CuB	2	2His+inert	94.3	0.700	1.534	HIS/PRO/HIS
A0A8H8RRA0	CuA	2	2His+inert	61.7	0.170	0.953	HIS/HIS/GLN
A0A8H8RRA0	CuB	3	3His	90.1	0.940	0.393	HIS/HIS/HIS
A0A8H8U2D2	CuA	3	3His	94.2	0.840	0.793	HIS/HIS/HIS
A0A8H8U2D2	CuB	2	2His+inert	92.7	0.770	1.259	HIS/PRO/HIS
A0A8H9LF69	CuA	1	1His	94.2			TYR/HIS/GLN
A0A8H9LF69	CuB	0	0His				MET/GLN/ALA
A0A8J1TDZ8	CuA	1	1His		0.390	2.492	TYR/GLN/HIS
A0A8J1TDZ8	CuB	2	2His+inert		0.390	2.352	SER/HIS/HIS
A0A8J4W827	CuA	0	0His				TYR/VAL/TYR
A0A8J4W827	CuB	1	1His				GLN/HIS/TYR
A0A8J5IZX1	CuA	0	0His				TYR/VAL/TYR
A0A8J5IZX1	CuB	1	1His				GLN/HIS/TYR
A0A8J5M7S4	CuA	0	0His				ALA/LEU/ASN
A0A8J5M7S4	CuB	3	3His	97.5	0.980	0.706	HIS/HIS/HIS
A0A8J5XMZ9	CuA	0	0His				---/ALA/LEU
A0A8J5XMZ9	CuB	1	1His				PHE/---/HIS
A0A8J7L7N4	CuA	3	3His	93.3	0.980	1.219	HIS/HIS/HIS
A0A8J7L7N4	CuB	3	3His	96.7	0.990	0.358	HIS/HIS/HIS
A0A8J9R8H5	CuA	3	3His	94.6	0.980	0.873	HIS/HIS/HIS
A0A8J9R8H5	CuB	2	2His+inert	94.0	0.550	0.745	HIS/PRO/HIS
A0A8K0IA90	CuA	1	1His				HIS/GLN/TYR
A0A8K0IA90	CuB	2	2His+inert	52.7			HIS/ASN/HIS
A0A8K0R3D6	CuA	3	3His	95.2	0.920	1.037	HIS/HIS/HIS
A0A8K0R3D6	CuB	2	2His+inert	94.3	0.710	0.797	HIS/PRO/HIS
A0A8K0SEI0	CuA	1	1His		0.990	2.932	HIS/---/PHE
A0A8K0SEI0	CuB	3	3His	95.2	0.990	1.270	HIS/HIS/HIS
A0A8K0T8Y5	CuA	3	3His	96.0	0.950	0.248	HIS/HIS/HIS
A0A8K0T8Y5	CuB	2	2His+inert	91.3	0.350	1.351	HIS/PRO/HIS
A0A8N5I073	CuA	3	3His	90.8	0.900	1.198	HIS/HIS/HIS
A0A8N5I073	CuB	1	1His	55.6	0.900	2.775	UNK/GLY/HIS
A0A8R1TKI8	CuA	3	3His	95.3	0.150	0.395	HIS/HIS/HIS
A0A8R1TKI8	CuB	2	2His+inert	90.0			HIS/LEU/HIS
A0A8S3QCE6	CuA	1	1His	69.0			HIS/TYR/GLN
A0A8S3QCE6	CuB	2	2His+inert	87.4	0.460	0.399	ALA/HIS/HIS
A0A8S3RVL9	CuA	1	1His				ASN/TYR/HIS
A0A8S3RVL9	CuB	1	1His				SER/HIS/TYR
A0A8S3S028	CuA	2	2His+inert	58.2			HIS/HIS/ASN
A0A8S3S028	CuB	0	0His				GLN/ASN/LEU
A0A8S3S1J4	CuA	2	2His+inert	64.0			HIS/HIS/ASN
A0A8S3S1J4	CuB	0	0His				GLN/ASN/LEU
A0A8S3THZ3	CuA	1	1His		0.910	2.731	HIS/GLN/TYR
A0A8S3THZ3	CuB	3	3His	91.7	0.960	1.023	HIS/HIS/HIS
A0A8T1MS49	CuA	3	3His	96.1	0.940	0.671	HIS/HIS/HIS
A0A8T1MS49	CuB	1	1His	82.7	0.890	1.315	ASN/HIS/GLN
A0A8T1U1C5	CuA	3	3His	73.2	0.990	0.476	HIS/HIS/HIS
A0A8T1U1C5	CuB	1	1His	40.2			VAL/---/HIS
A0A8T1W4C6	CuA	0	0His				ALA/LEU/ASN
A0A8T1W4C6	CuB	3	3His	96.5	0.930	0.872	HIS/HIS/HIS
A0A8T1W6M6	CuA	0	0His				---/---/---
A0A8T1W6M6	CuB	0	0His				GLN/---/TYR
A0A8T1WU85	CuA	0	0His				TYR/VAL/TYR
A0A8T1WU85	CuB	1	1His				GLN/HIS/TYR
A0A8T9AZC4	CuA	3	3His	95.0	0.970	1.194	HIS/HIS/HIS
A0A8T9AZC4	CuB	2	2His+inert	89.6	0.960	2.331	HIS/PRO/HIS
A0A8U0BYH4	CuA	0	0His				ILE/MET/ASN
A0A8U0BYH4	CuB	1	1His	78.8			GLN/HIS/ARG
A0A8U0BYU8	CuA	1	1His				HIS/TYR/ASN
A0A8U0BYU8	CuB	1	1His				GLN/HIS/ARG
A0A8U0BZ64	CuA	1	1His				HIS/TYR/ASN
A0A8U0BZ64	CuB	1	1His	32.9			GLN/HIS/ARG
A0A8U0BZL2	CuA	0	0His				ILE/MET/ASN
A0A8U0BZL2	CuB	1	1His				GLN/HIS/ARG
A0A8U0C0J3	CuA	0	0His				ILE/THR/ASN
A0A8U0C0J3	CuB	1	1His				GLN/HIS/ARG
A0A8W8J4S3	CuA	1	1His				TYR/ASN/HIS
A0A8W8J4S3	CuB	2	2His+inert	82.6			ILE/HIS/HIS
A0A8X6KWP2	CuA	0	0His				TYR/ASN/ASN
A0A8X6KWP2	CuB	2	2His+inert				SER/HIS/HIS
A0A8X7N2K2	CuA	2	2His+coord	81.0	0.890	1.608	HIS/TYR/HIS
A0A8X7N2K2	CuB	3	3His	92.2	0.910	1.590	HIS/HIS/HIS
A0A913XYY6	CuA	2	2His+coord	72.2			TYR/HIS/HIS
A0A913XYY6	CuB	1	1His				HIS/THR/ALA
A0A914DIV0	CuA	2	2His+inert	80.8	0.910	2.308	HIS/---/HIS
A0A914DIV0	CuB	3	3His	90.9	0.880	0.825	HIS/HIS/HIS
A0A914L211	CuA	3	3His	69.7	0.580	0.300	HIS/HIS/HIS
A0A914L211	CuB	2	2His+coord	66.1	0.560	1.487	HIS/HIS/ASP
A0A914L5B1	CuA	1	1His	60.8			HIS/---/CYS
A0A914L5B1	CuB	3	3His	87.1			HIS/HIS/HIS
A0A914S644	CuA	2	2His+coord	72.5			TYR/HIS/HIS
A0A914S644	CuB	1	1His	62.0			GLN/GLN/HIS
A0A914V8X7	CuA	0	0His	41.1			ASN/---/THR
A0A914V8X7	CuB	3	3His	70.8	0.490	2.948	HIS/HIS/HIS
A0A914VGJ7	CuA	0	0His				LEU/GLY/ARG
A0A914VGJ7	CuB	0	0His				ASP/ARG/LEU
A0A914XEE1	CuA	0	0His				LEU/GLY/ARG
A0A914XEE1	CuB	0	0His				ASP/ARG/LEU
A0A915AZH0	CuA	3	3His	96.0	0.970	0.305	HIS/HIS/HIS
A0A915AZH0	CuB	2	2His+inert	87.0	0.940	2.133	HIS/LEU/HIS
A0A915C5Q4	CuA	2	2His+coord	81.1			TYR/HIS/HIS
A0A915C5Q4	CuB	1	1His	70.0			GLN/GLN/HIS
A0A915C6W5	CuA	2	2His+coord	80.3			TYR/HIS/HIS
A0A915C6W5	CuB	1	1His	69.0			GLN/GLN/HIS
A0A915JK17	CuA	1	1His				ARG/GLN/HIS
A0A915JK17	CuB	2	2His+inert	89.3	0.780	0.946	SER/HIS/HIS
A0A915M8S0	CuA	3	3His	92.8	0.980	0.834	HIS/HIS/HIS
A0A915M8S0	CuB	2	2His+coord	81.2	0.610	1.674	CYS/HIS/HIS
A0A917QDB2	CuA	3	3His	95.1	0.990	1.168	HIS/HIS/HIS
A0A917QDB2	CuB	3	3His	97.2	0.990	1.037	HIS/HIS/HIS
A0A918SV45	CuA	2	2His+inert	94.2	0.950	1.612	HIS/SER/HIS
A0A918SV45	CuB	3	3His	97.7	0.970	1.528	HIS/HIS/HIS
A0A918T1K9	CuA	2	2His+inert	85.3	0.860	1.657	HIS/SER/HIS
A0A918T1K9	CuB	3	3His	96.5	0.980	1.249	HIS/HIS/HIS
A0A918W4Y4	CuA	2	2His+inert	89.5	0.920	1.128	HIS/SER/HIS
A0A918W4Y4	CuB	3	3His	97.4	0.990	0.999	HIS/HIS/HIS
A0A918Z2Y2	CuA	2	2His+inert	84.4	0.980	0.724	HIS/SER/HIS
A0A918Z2Y2	CuB	3	3His	96.2	0.970	0.710	HIS/HIS/HIS
A0A919DDV5	CuA	2	2His+inert	86.4	0.990	1.324	HIS/SER/HIS
A0A919DDV5	CuB	3	3His	96.5	0.930	0.997	HIS/HIS/HIS
A0A919RHA1	CuA	2	2His+coord				TYR/HIS/HIS
A0A919RHA1	CuB	1	1His	65.6	0.460	1.708	LEU/HIS/ARG
A0A934SPS7	CuA	0	0His				TYR/LEU/ASN
A0A934SPS7	CuB	2	2His+inert	97.6	0.800	0.614	HIS/HIS/GLN
A0A976IE71	CuA	0	0His				PHE/VAL/TYR
A0A976IE71	CuB	1	1His				GLN/HIS/TYR
A0A9D3URW0	CuA	1	1His	53.9			HIS/ASP/GLN
A0A9D3URW0	CuB	3	3His	85.0	0.800	0.727	HIS/HIS/HIS
A0A9D4DVG4	CuA	1	1His	68.2			TYR/HIS/ASN
A0A9D4DVG4	CuB	3	3His	94.2	0.990	0.567	HIS/HIS/HIS
A0A9D4DW49	CuA	0	0His				TYR/LEU/ASN
A0A9D4DW49	CuB	3	3His	95.2			HIS/HIS/HIS
A0A9D4EB14	CuA	2	2His+coord	81.8			TYR/HIS/HIS
A0A9D4EB14	CuB	0	0His				SER/ASN/LEU
A0A9D4GX75	CuA	2	2His+inert	70.5	0.500	1.910	ARG/HIS/HIS
A0A9D4GX75	CuB	2	2His+inert	93.8	0.690	0.811	GLN/HIS/HIS
A0A9D4IDS9	CuA	1	1His	69.8			TYR/HIS/ASN
A0A9D4IDS9	CuB	3	3His	94.1	0.980	0.155	HIS/HIS/HIS
A0A9D4JUB0	CuA	2	2His+inert	71.7			ARG/HIS/HIS
A0A9D4JUB0	CuB	2	2His+inert	94.1	0.880	1.074	GLN/HIS/HIS
A0A9D4V2I4	CuA	3	3His	94.6	0.960	1.451	HIS/HIS/HIS
A0A9D4V2I4	CuB	2	2His+inert	94.8	0.870	1.466	GLN/HIS/HIS
A0A9D4Z585	CuA	3	3His	95.7	0.950	1.306	HIS/HIS/HIS
A0A9D4Z585	CuB	2	2His+inert	95.6	0.920	2.103	HIS/GLN/HIS
A0A9E7H3J2	CuA	2	2His+coord	81.8	0.790	1.746	HIS/ASP/HIS
A0A9E7H3J2	CuB	3	3His	94.1	0.770	1.028	HIS/HIS/HIS
A0A9J2Q8W3	CuA	0	0His		0.920	2.810	PRO/---/PRO
A0A9J2Q8W3	CuB	2	2His+inert		0.920	1.534	HIS/HIS/TRP
A0A9J7MSC3	CuA	0	0His				GLN/GLN/ASN
A0A9J7MSC3	CuB	1	1His				ASN/HIS/ARG
A0A9N8JDS5	CuA	3	3His	92.6	1.000	0.884	HIS/HIS/HIS
A0A9N8JDS5	CuB	2	2His+coord	92.2	0.770	2.421	HIS/HIS/TYR
A0A9N8KBE8	CuA	1	1His				TYR/HIS/ASN
A0A9N8KBE8	CuB	0	0His				ILE/PRO/GLN
A0A9N8PYA4	CuA	0	0His				TYR/THR/ASN
A0A9N8PYA4	CuB	0	0His				ILE/---/GLN
A0A9N9KL52	CuA	3	3His	97.0	0.990	1.009	HIS/HIS/HIS
A0A9N9KL52	CuB	2	2His+inert	95.4	0.650	1.696	HIS/PRO/HIS
A0A9N9LFQ9	CuA	3	3His	87.0	0.740	1.617	HIS/HIS/HIS
A0A9N9LFQ9	CuB	2	2His+coord	91.6	0.660	1.774	HIS/HIS/CYS
A0A9N9LHE3	CuA	3	3His	88.0	0.820	2.404	HIS/HIS/HIS
A0A9N9LHE3	CuB	3	3His	95.9	0.970	1.027	HIS/HIS/HIS
A0A9N9PT18	CuA	2	2His+coord	93.6			HIS/GLU/HIS
A0A9N9PT18	CuB	3	3His	97.3			HIS/HIS/HIS
A0A9N9TUY4	CuA	2	2His+inert	46.3	0.760	1.046	VAL/HIS/HIS
A0A9N9TUY4	CuB	3	3His	90.1	0.810	2.112	HIS/HIS/HIS
A0A9P4H2P0	CuA	2	2His+coord	96.2	0.900	1.157	HIS/ASP/HIS
A0A9P4H2P0	CuB	3	3His	97.7	0.980	0.825	HIS/HIS/HIS
A0A9P4IEM6	CuA	3	3His	69.9			HIS/HIS/HIS
A0A9P4IEM6	CuB	2	2His+inert	56.1			HIS/HIS/ALA
A0A9P4JTW6	CuA	3	3His	93.3	0.220	1.549	HIS/HIS/HIS
A0A9P4JTW6	CuB	2	2His+inert	89.3	0.740	0.929	HIS/PRO/HIS
A0A9P4NQG6	CuA	2	2His+inert	93.5			PHE/HIS/HIS
A0A9P4NQG6	CuB	3	3His	96.2	0.960	1.427	HIS/HIS/HIS
A0A9P4PM19	CuA	2	2His+coord	94.6	0.340	0.624	HIS/HIS/ASP
A0A9P4PM19	CuB	3	3His	98.1	0.990	0.546	HIS/HIS/HIS
A0A9P4PTR1	CuA	3	3His	93.5	0.970	1.201	HIS/HIS/HIS
A0A9P4PTR1	CuB	3	3His	95.7	0.750	2.108	HIS/HIS/HIS
A0A9P4QMU1	CuA	3	3His	96.5	0.980	1.322	HIS/HIS/HIS
A0A9P4QMU1	CuB	2	2His+inert	90.7	0.510	1.590	HIS/PRO/HIS
A0A9P4U804	CuA	3	3His	93.8	0.560	1.594	HIS/HIS/HIS
A0A9P4U804	CuB	2	2His+inert	86.0	0.600	0.691	HIS/PRO/HIS
A0A9P4YYF2	CuA	1	1His	45.2	0.920	2.199	HIS/---/ASP
A0A9P4YYF2	CuB	3	3His	85.1	0.940	0.434	HIS/HIS/HIS
A0A9P5BFG7	CuA	3	3His	88.2	0.990	0.653	HIS/HIS/HIS
A0A9P5BFG7	CuB	2	2His+inert	64.3			HIS/HIS/ARG
A0A9P5F1P8	CuA	3	3His	98.0	0.950	0.554	HIS/HIS/HIS
A0A9P5F1P8	CuB	2	2His+inert	94.9	0.870	1.255	HIS/HIS/GLN
A0A9P5IJI5	CuA	3	3His	94.1	0.890	0.965	HIS/HIS/HIS
A0A9P5IJI5	CuB	2	2His+inert	91.0	0.660	1.290	HIS/PRO/HIS
A0A9P6DJR5	CuA	2	2His+inert	50.3			HIS/HIS/TRP
A0A9P6DJR5	CuB	3	3His	93.1	0.880	0.624	HIS/HIS/HIS
A0A9P6EYF3	CuA	2	2His+coord	61.0	0.950	2.650	HIS/CYS/HIS
A0A9P6EYF3	CuB	3	3His	84.8	0.950	2.725	HIS/HIS/HIS
A0A9P6HVN3	CuA	0	0His				VAL/---/ALA
A0A9P6HVN3	CuB	0	0His		0.560	1.739	---/PHE/ALA
A0A9P6HYB5	CuA	3	3His	97.7	0.590	1.229	HIS/HIS/HIS
A0A9P6HYB5	CuB	2	2His+inert	95.2	0.750	0.283	HIS/HIS/GLN
A0A9P6LG06	CuA	3	3His	96.1	0.990	0.573	HIS/HIS/HIS
A0A9P6LG06	CuB	2	2His+inert	88.3	0.830	1.542	HIS/PRO/HIS
A0A9P7HU99	CuA	3	3His	95.7	0.980	0.253	HIS/HIS/HIS
A0A9P7HU99	CuB	2	2His+inert	94.3	0.890	0.636	HIS/PRO/HIS
A0A9P7QPY3	CuA	3	3His	97.1	0.980	0.700	HIS/HIS/HIS
A0A9P7QPY3	CuB	2	2His+coord	93.8	0.840	2.160	HIS/TYR/HIS
A0A9P7R1E3	CuA	1	1His	55.6	0.850	0.874	HIS/---/ASP
A0A9P7R1E3	CuB	3	3His	90.4	0.910	0.583	HIS/HIS/HIS
A0A9P7R9D2	CuA	3	3His	97.2	0.980	0.605	HIS/HIS/HIS
A0A9P7R9D2	CuB	2	2His+inert	94.8	0.780	1.152	HIS/HIS/GLN
A0A9P8DKY9	CuA	3	3His	95.2	0.960	0.528	HIS/HIS/HIS
A0A9P8DKY9	CuB	2	2His+inert	93.3	0.300	1.489	HIS/PRO/HIS
A0A9P8EVR0	CuA	0	0His				TYR/THR/ASN
A0A9P8EVR0	CuB	0	0His				ILE/PRO/GLN
A0A9P8G211	CuA	0	0His				TYR/THR/ASN
A0A9P8G211	CuB	0	0His				ILE/PRO/GLN
A0A9P8G4G9	CuA	0	0His				TYR/THR/ASN
A0A9P8G4G9	CuB	0	0His				ILE/PRO/GLN
A0A9P8GH40	CuA	0	0His				TYR/THR/ASN
A0A9P8GH40	CuB	0	0His				---/PHE/GLN
A0A9P8JBW6	CuA	0	0His				TYR/THR/ASN
A0A9P8JBW6	CuB	0	0His				ILE/ALA/GLN
A0A9P8MUU1	CuA	0	0His				ARG/---/ASN
A0A9P8MUU1	CuB	0	0His	76.6			SER/SER/LEU
A0A9P8SF21	CuA	3	3His	93.4	0.920	1.597	HIS/HIS/HIS
A0A9P8SF21	CuB	2	2His+coord	93.6	0.920	2.675	HIS/HIS/TYR
A0A9P9AG59	CuA	3	3His	94.3	0.890	1.068	HIS/HIS/HIS
A0A9P9AG59	CuB	2	2His+inert	86.4	0.750	1.262	HIS/PRO/HIS
A0A9P9IM25	CuA	3	3His	88.3	0.920	2.244	HIS/HIS/HIS
A0A9P9IM25	CuB	3	3His	91.0	0.920	2.190	HIS/HIS/HIS
A0A9P9KNI3	CuA	3	3His	96.7	0.940	0.532	HIS/HIS/HIS
A0A9P9KNI3	CuB	2	2His+inert	94.2	0.360	1.469	HIS/PRO/HIS
A0A9Q0B6Y1	CuA	3	3His	97.4	0.990	0.176	HIS/HIS/HIS
A0A9Q0B6Y1	CuB	2	2His+inert	95.1	0.910	1.075	HIS/HIS/GLN
A0A9Q0QJI7	CuA	3	3His	90.3	1.000	1.585	HIS/HIS/HIS
A0A9Q0QJI7	CuB	2	2His+coord	86.4	0.920	0.999	HIS/HIS/CYS
A0A9Q3GXD1	CuA	3	3His	91.6	0.960	0.701	HIS/HIS/HIS
A0A9Q3GXD1	CuB	2	2His+coord	87.1	0.760	0.727	HIS/HIS/ASP
A0A9Q3H9V3	CuA	2	2His+inert	75.1			HIS/ILE/HIS
A0A9Q3H9V3	CuB	1	1His	37.6			HIS/PRO/---
A0A9Q8LKP3	CuA	3	3His	96.2	0.800	0.535	HIS/HIS/HIS
A0A9Q8LKP3	CuB	2	2His+inert	94.9	0.550	1.998	HIS/PRO/HIS
A0A9Q8T2R4	CuA	2	2His+inert	80.8	0.950	0.855	HIS/---/HIS
A0A9Q8T2R4	CuB	3	3His	91.8	0.970	0.708	HIS/HIS/HIS
A0A9Q8WCM4	CuA	3	3His	97.2	0.990	0.241	HIS/HIS/HIS
A0A9Q8WCM4	CuB	2	2His+inert	94.7	0.160	1.216	HIS/HIS/GLN
A0A9Q8WG05	CuA	0	0His				VAL/ALA/TYR
A0A9Q8WG05	CuB	3	3His	95.1	0.990	0.906	HIS/HIS/HIS
A0A9Q8ZBH0	CuA	2	2His+inert	78.8			ASN/HIS/HIS
A0A9Q8ZBH0	CuB	3	3His	94.3	0.800	1.973	HIS/HIS/HIS
A0A9R0TD02	CuA	3	3His	90.5	0.970	1.453	HIS/HIS/HIS
A0A9R0TD02	CuB	2	2His+inert	90.5	0.900	0.638	HIS/HIS/ASN
A0A9R0VMT2	CuA	3	3His	82.1	0.910	0.501	HIS/HIS/HIS
A0A9R0VMT2	CuB	3	3His	93.3	0.960	1.220	HIS/HIS/HIS
A0A9R1KF29	CuA	3	3His	66.1	0.980	1.473	HIS/HIS/HIS
A0A9R1KF29	CuB	2	2His+inert	81.3	0.930	0.975	HIS/HIS/ASN
A0A9R1N0A3	CuA	3	3His	83.5	0.750	0.596	HIS/HIS/HIS
A0A9R1N0A3	CuB	3	3His	94.7	0.860	1.390	HIS/HIS/HIS
A0A9R1RCW5	CuA	1	1His		0.960	2.921	HIS/---/LEU
A0A9R1RCW5	CuB	3	3His	84.0	0.950	1.447	HIS/HIS/HIS
A0A9W3BB61	CuA	0	0His				LEU/ILE/ASN
A0A9W3BB61	CuB	2	2His+inert	72.0			ARG/HIS/HIS
A0A9W4KMZ8	CuA	3	3His	80.3	0.630	1.338	HIS/HIS/HIS
A0A9W4KMZ8	CuB	2	2His+coord	71.9			HIS/HIS/MET
A0A9W4W8U2	CuA	3	3His	97.5	0.960	0.454	HIS/HIS/HIS
A0A9W4W8U2	CuB	2	2His+inert	94.6	0.710	0.780	HIS/HIS/GLN
A0A9W6BT77	CuA	3	3His	70.9	0.870	1.549	HIS/HIS/HIS
A0A9W6BT77	CuB	3	3His	91.6	0.970	0.735	HIS/HIS/HIS
A0A9W6TPR0	CuA	3	3His	93.4	0.910	0.659	HIS/HIS/HIS
A0A9W6TPR0	CuB	2	2His+inert	78.7	0.580	1.271	ILE/HIS/HIS
A0A9W6UBD6	CuA	0	0His				TYR/VAL/TYR
A0A9W6UBD6	CuB	1	1His				GLN/HIS/TYR
A0A9W7T0I7	CuA	3	3His	96.5	0.940	0.971	HIS/HIS/HIS
A0A9W7T0I7	CuB	2	2His+inert	96.3	0.960	1.757	HIS/PRO/HIS
A0A9W8VAU3	CuA	1	1His				PRO/---/HIS
A0A9W8VAU3	CuB	3	3His	96.0	0.930	1.003	HIS/HIS/HIS
A0A9W9IRY5	CuA	3	3His	94.0			HIS/HIS/HIS
A0A9W9IRY5	CuB	2	2His+inert	90.3	0.730	1.191	HIS/PRO/HIS
A0A9W9Q612	CuA	3	3His	69.2	0.910	0.984	HIS/HIS/HIS
A0A9W9Q612	CuB	2	2His+inert	69.6			HIS/ARG/HIS
A0A9W9T4Q6	CuA	2	2His+inert	95.8	0.680	1.586	HIS/ILE/HIS
A0A9W9T4Q6	CuB	2	2His+inert	90.3	0.890	0.524	HIS/PRO/HIS
A0A9W9UKW6	CuA	3	3His	67.5	0.970	1.051	HIS/HIS/HIS
A0A9W9UKW6	CuB	2	2His+inert	69.3	0.970	2.959	HIS/ARG/HIS
A0A9W9WQE3	CuA	2	2His+inert	82.3	0.560	2.096	GLN/HIS/HIS
A0A9W9WQE3	CuB	3	3His	94.1	0.900	1.341	HIS/HIS/HIS
A0A9X0AKU8	CuA	3	3His	95.8	0.880	0.466	HIS/HIS/HIS
A0A9X0AKU8	CuB	2	2His+inert	94.9	0.720	1.181	HIS/PRO/HIS
A0A9X0AXG5	CuA	3	3His	93.5	0.990	0.665	HIS/HIS/HIS
A0A9X0AXG5	CuB	2	2His+inert	91.5			HIS/PRO/HIS
A0AA35M0Q8	CuA	2	2His+inert	50.6	0.970	0.865	VAL/HIS/HIS
A0AA35M0Q8	CuB	3	3His	90.8	0.970	1.340	HIS/HIS/HIS
A0AA35TLZ1	CuA	3	3His	95.2	0.990	0.545	HIS/HIS/HIS
A0AA35TLZ1	CuB	1	1His	75.3	0.630	1.874	THR/THR/HIS
A0AA37GRR7	CuA	3	3His	96.8	0.780	1.977	HIS/HIS/HIS
A0AA37GRR7	CuB	2	2His+inert	94.1	0.860	0.570	HIS/HIS/GLN
A0AA37LRM6	CuA	3	3His	90.7	0.970	0.919	HIS/HIS/HIS
A0AA37LRM6	CuB	2	2His+inert	86.4	0.930	1.777	HIS/PRO/HIS
A0AA37P8W3	CuA	3	3His	98.0	0.980	0.128	HIS/HIS/HIS
A0AA37P8W3	CuB	2	2His+inert	94.7	0.460	0.754	HIS/HIS/GLN
A0AA38RAI0	CuA	3	3His	93.8	0.580	1.656	HIS/HIS/HIS
A0AA38RAI0	CuB	2	2His+inert	90.8	0.600	1.443	HIS/PRO/HIS
A0AA38XVF3	CuA	3	3His	93.7	0.940	0.751	HIS/HIS/HIS
A0AA38XVF3	CuB	2	2His+inert	93.3	0.870	1.146	HIS/PRO/HIS
A0AA38ZJU6	CuA	3	3His	80.7	0.870	2.050	HIS/HIS/HIS
A0AA38ZJU6	CuB	2	2His+coord	85.0	0.780	2.306	HIS/HIS/TYR
A0AA39GKR5	CuA	3	3His	93.1	0.870	0.255	HIS/HIS/HIS
A0AA39GKR5	CuB	2	2His+inert	88.0	0.550	1.574	HIS/PRO/HIS
A0AA39K704	CuA	2	2His+coord	91.3	0.850	1.887	HIS/HIS/TYR
A0AA39K704	CuB	3	3His	97.8	0.990	0.119	HIS/HIS/HIS
A0AA39T9Y6	CuA	2	2His+coord	93.4			TYR/HIS/HIS
A0AA39T9Y6	CuB	3	3His	97.2	1.000	0.537	HIS/HIS/HIS
A0AA39WFD7	CuA	3	3His	97.3	0.990	0.413	HIS/HIS/HIS
A0AA39WFD7	CuB	3	3His	97.3	0.330	1.190	HIS/HIS/HIS
A0AA39YZL0	CuA	2	2His+inert	74.7			HIS/---/HIS
A0AA39YZL0	CuB	3	3His	89.5	0.910	1.199	HIS/HIS/HIS
A0AA39ZVR3	CuA	3	3His	83.3	0.430	0.756	HIS/HIS/HIS
A0AA39ZVR3	CuB	2	2His+inert	68.2	0.390	1.583	PRO/HIS/HIS
A0AA40K7X1	CuA	2	2His+coord	92.1	0.840	1.982	TYR/HIS/HIS
A0AA40K7X1	CuB	3	3His	96.0	1.000	0.467	HIS/HIS/HIS
A0AA41U5V3	CuA	1	1His	69.1			LYS/HIS/ASN
A0AA41U5V3	CuB	1	1His	91.3			ASN/HIS/ALA
A0AA42B2P4	CuA	3	3His	88.8	0.810	1.194	HIS/HIS/HIS
A0AA42B2P4	CuB	2	2His+inert	75.1	0.580	0.749	ARG/HIS/HIS
A0AA43QLN8	CuA	3	3His	93.0	0.700	0.745	HIS/HIS/HIS
A0AA43QLN8	CuB	1	1His	74.5	0.390	1.531	ALA/LEU/HIS
A0AA87Y286	CuA	2	2His+inert	92.0	0.850	1.730	HIS/SER/HIS
A0AA87Y286	CuB	3	3His	97.3	0.940	1.104	HIS/HIS/HIS
A0AA88XJ60	CuA	0	0His				ALA/---/ILE
A0AA88XJ60	CuB	1	1His				GLN/HIS/ARG
A0AA88XTS7	CuA	1	1His				HIS/TYR/ASN
A0AA88XTS7	CuB	1	1His				GLN/HIS/ARG
A0AA89B2U6	CuA	2	2His+inert	87.5	0.390	1.708	PRO/HIS/HIS
A0AA89B2U6	CuB	2	2His+coord	88.8			HIS/HIS/MET
A0AAD2E0S8	CuA	3	3His	47.2	0.780	0.611	HIS/HIS/HIS
A0AAD2E0S8	CuB	2	2His+inert	63.8	0.540	0.948	ARG/HIS/HIS
A0AAD3DIW9	CuA	2	2His+inert	72.4	0.960	1.174	HIS/ARG/HIS
A0AAD3DIW9	CuB	1	1His		0.680	2.629	HIS/LEU/ALA
A0AAD4BGZ0	CuA	0	0His	69.3	0.950	2.415	ALA/---/THR
A0AAD4BGZ0	CuB	3	3His	93.2	0.970	1.726	HIS/HIS/HIS
A0AAD4NRB5	CuA	3	3His	96.8	0.970	0.751	HIS/HIS/HIS
A0AAD4NRB5	CuB	2	2His+inert	94.3	0.590	1.186	HIS/PRO/HIS
A0AAD5M387	CuA	1	1His	70.7			HIS/TYR/ASN
A0AAD5M387	CuB	3	3His	96.3	0.840	1.129	HIS/HIS/HIS
A0AAD5T3C3	CuA	2	2His+inert	86.4			HIS/---/HIS
A0AAD5T3C3	CuB	3	3His	92.9	1.000	0.497	HIS/HIS/HIS
A0AAD5U3C8	CuA	2	2His+inert	88.9	0.750	1.736	HIS/SER/HIS
A0AAD5U3C8	CuB	3	3His	95.5	0.900	0.714	HIS/HIS/HIS
A0AAD5V4M1	CuA	2	2His+inert	72.6	0.180	1.232	HIS/TRP/HIS
A0AAD5V4M1	CuB	3	3His	95.3	0.540	1.678	HIS/HIS/HIS
A0AAD5VMH3	CuA	3	3His	94.5	0.830	1.877	HIS/HIS/HIS
A0AAD5VMH3	CuB	2	2His+inert	96.3	0.770	1.568	UNK/HIS/HIS
A0AAD5WPZ9	CuA	2	2His+inert	90.5			HIS/HIS/ARG
A0AAD5WPZ9	CuB	3	3His	98.0	0.990	0.358	HIS/HIS/HIS
A0AAD5XR56	CuA	3	3His	90.0	0.520	2.571	HIS/HIS/HIS
A0AAD5XR56	CuB	2	2His+coord	80.0	0.530	0.867	HIS/HIS/GLU
A0AAD6E0P8	CuA	2	2His+inert	96.1	0.400	2.677	HIS/ILE/HIS
A0AAD6E0P8	CuB	2	2His+inert	90.6	0.400	1.605	HIS/PRO/HIS
A0AAD6NK04	CuA	1	1His	61.1			LYS/PHE/HIS
A0AAD6NK04	CuB	3	3His	83.7	0.980	1.195	HIS/HIS/HIS
A0AAD7J5J2	CuA	3	3His	90.0			HIS/HIS/HIS
A0AAD7J5J2	CuB	3	3His	95.9	0.980	1.524	HIS/HIS/HIS
A0AAD8FEX8	CuA	3	3His	93.1	0.940	1.744	HIS/HIS/HIS
A0AAD8FEX8	CuB	2	2His+inert	96.3	0.540	1.105	GLN/HIS/HIS
A0AAD8PIW8	CuA	3	3His	96.1	0.680	0.465	HIS/HIS/HIS
A0AAD8PIW8	CuB	2	2His+inert	91.6	0.650	0.496	HIS/PRO/HIS
A0AAD8PLZ0	CuA	3	3His	96.1	0.790	0.247	HIS/HIS/HIS
A0AAD8PLZ0	CuB	2	2His+inert	90.4	0.790	0.890	HIS/ALA/HIS
A0AAD8PVJ5	CuA	1	1His				HIS/GLN/TYR
A0AAD8PVJ5	CuB	2	2His+inert	94.7	0.690	0.419	HIS/HIS/GLN
A0AAD8UFY3	CuA	3	3His	97.3	0.940	0.806	HIS/HIS/HIS
A0AAD8UFY3	CuB	2	2His+inert	95.2	0.720	0.509	HIS/HIS/GLN
A0AAD9ARY9	CuA	3	3His	97.3	0.200	0.862	HIS/HIS/HIS
A0AAD9ARY9	CuB	2	2His+inert	95.0	0.900	0.209	HIS/HIS/GLN
A0AAD9AZ26	CuA	3	3His	96.8	0.940	0.590	HIS/HIS/HIS
A0AAD9AZ26	CuB	2	2His+inert	94.5	0.600	1.135	HIS/PRO/HIS
A0AAD9ECK1	CuA	3	3His	94.5	0.750	1.035	HIS/HIS/HIS
A0AAD9ECK1	CuB	2	2His+inert	89.9	0.520	1.115	HIS/PRO/HIS
A0AAD9GMI7	CuA	0	0His				TYR/VAL/TYR
A0AAD9GMI7	CuB	1	1His				GLN/HIS/TYR
A0AAD9HBC0	CuA	3	3His	95.8	0.330	1.485	HIS/HIS/HIS
A0AAD9HBC0	CuB	2	2His+inert	90.2	0.410	0.962	HIS/PRO/HIS
A0AAD9HKI6	CuA	3	3His	96.7	0.980	0.343	HIS/HIS/HIS
A0AAD9HKI6	CuB	2	2His+inert	93.4	0.680	0.427	HIS/HIS/GLN
A0AAD9KZ40	CuA	2	2His+inert				GLN/HIS/HIS
A0AAD9KZ40	CuB	1	1His	45.6			SER/HIS/PHE
A0AAD9L024	CuA	1	1His	35.8			TYR/ASN/HIS
A0AAD9L024	CuB	2	2His+inert	75.7	0.360	1.757	ILE/HIS/HIS
A0AAD9M015	CuA	3	3His	92.7	0.540	0.662	HIS/HIS/HIS
A0AAD9M015	CuB	2	2His+inert	82.6	0.500	0.476	HIS/ALA/HIS
A0AAD9PC82	CuA	2	2His+inert	84.9	0.370	1.359	GLN/HIS/HIS
A0AAD9PC82	CuB	2	2His+inert	92.7	0.170	1.494	HIS/HIS/ALA
A0AAD9QB69	CuA	2	2His+inert		0.900	1.075	HIS/LEU/HIS
A0AAD9QB69	CuB	3	3His		0.970	0.785	HIS/HIS/HIS
A0AAD9YE83	CuA	3	3His	96.1	0.830	1.259	HIS/HIS/HIS
A0AAD9YE83	CuB	2	2His+inert	95.0	0.480	0.624	HIS/PRO/HIS
A0AAE0D8U4	CuA	3	3His	98.0	0.940	0.845	HIS/HIS/HIS
A0AAE0D8U4	CuB	2	2His+inert	95.5	0.850	0.678	HIS/HIS/GLN
A0AAE0HTN1	CuA	2	2His+inert	84.5	0.960	0.601	HIS/GLY/HIS
A0AAE0HTN1	CuB	3	3His	94.0	0.990	1.717	HIS/HIS/HIS
A0AAE0LYH8	CuA	2	2His+inert	82.4	0.840	1.249	GLN/HIS/HIS
A0AAE0LYH8	CuB	2	2His+inert	84.5			HIS/ILE/HIS
A0AAE0M077	CuA	3	3His	94.4	0.650	1.301	HIS/HIS/HIS
A0AAE0M077	CuB	3	3His	96.9	0.960	1.122	HIS/HIS/HIS
A0AAE0MG27	CuA	2	2His+inert	84.4	0.620	1.490	GLN/HIS/HIS
A0AAE0MG27	CuB	2	2His+coord	86.8	0.620	2.594	HIS/TYR/HIS
A0AAE0NMD8	CuA	2	2His+coord	79.7			HIS/HIS/TYR
A0AAE0NMD8	CuB	1	1His				TYR/---/HIS
A0AAE0NPZ1	CuA	2	2His+coord	56.2			HIS/HIS/TYR
A0AAE0NPZ1	CuB	3	3His	85.0			HIS/HIS/HIS
A0AAE0U1Q5	CuA	3	3His	61.2	0.330	1.992	HIS/HIS/HIS
A0AAE0U1Q5	CuB	2	2His+coord	81.1	0.470	0.621	HIS/HIS/CYS
A0AAE0WXT6	CuA	3	3His	96.6	0.310	1.848	HIS/HIS/HIS
A0AAE0WXT6	CuB	2	2His+inert	95.9	0.520	0.798	HIS/PRO/HIS
A0AAE0X2E2	CuA	3	3His	96.1	0.990	0.662	HIS/HIS/HIS
A0AAE0X2E2	CuB	2	2His+inert	96.3	0.600	0.854	HIS/ARG/HIS
A0AAE1CE31	CuA	3	3His	72.1	0.950	1.312	HIS/HIS/HIS
A0AAE1CE31	CuB	3	3His	70.7	0.500	1.550	HIS/HIS/HIS
A0AAE8MN78	CuA	2	2His+inert	87.6			HIS/---/HIS
A0AAE8MN78	CuB	1	1His	65.2			---/ILE/HIS
A0AAE8STA2	CuA	3	3His	60.9	0.860	1.405	HIS/HIS/HIS
A0AAE8STA2	CuB	2	2His+inert	56.9	0.660	2.222	ASN/HIS/HIS
A0AAF5PZK9	CuA	3	3His	95.8	0.250	1.406	HIS/HIS/HIS
A0AAF5PZK9	CuB	2	2His+inert	85.8			HIS/LEU/HIS
A0AAI8YW60	CuA	1	1His	81.2			TYR/ARG/HIS
A0AAI8YW60	CuB	1	1His				ALA/PRO/HIS
A0AAI8YWT9	CuA	3	3His	96.8	0.470	1.039	HIS/HIS/HIS
A0AAI8YWT9	CuB	2	2His+inert	96.6	0.600	0.606	HIS/PRO/HIS
A0AAI8YZG9	CuA	3	3His	96.0	0.990	1.168	HIS/HIS/HIS
A0AAI8YZG9	CuB	2	2His+inert	92.3	0.970	2.975	HIS/PRO/HIS
A0AAI9UCA0	CuA	1	1His	59.0	0.610	1.933	HIS/---/ASP
A0AAI9UCA0	CuB	3	3His	91.2	0.890	1.201	HIS/HIS/HIS
A0AAI9UNI6	CuA	2	2His+inert	61.1	0.910	2.622	HIS/---/HIS
A0AAI9UNI6	CuB	3	3His	87.7	0.900	1.091	HIS/HIS/HIS
A0AAI9XI30	CuA	2	2His+inert		0.920	2.357	---/HIS/HIS
A0AAI9XI30	CuB	3	3His	91.6	0.920	1.841	HIS/HIS/HIS
A0AAI9XMR1	CuA	3	3His	96.8	0.980	1.086	HIS/HIS/HIS
A0AAI9XMR1	CuB	2	2His+inert	91.2	0.560	1.076	HIS/ASN/HIS
A0AAI9XNV3	CuA	3	3His	87.9	0.830	1.045	HIS/HIS/HIS
A0AAI9XNV3	CuB	3	3His	95.2	0.990	0.799	HIS/HIS/HIS
A0AAI9XSF2	CuA	3	3His	97.4	0.980	0.464	HIS/HIS/HIS
A0AAI9XSF2	CuB	2	2His+inert	94.6	0.900	0.605	HIS/HIS/GLN
A0AAI9XYD0	CuA	3	3His	97.1	0.970	0.995	HIS/HIS/HIS
A0AAI9XYD0	CuB	2	2His+inert	94.1	0.760	0.522	HIS/HIS/GLN
A0AAI9YQA0	CuA	3	3His	37.7	0.940	0.742	HIS/HIS/HIS
A0AAI9YQA0	CuB	3	3His		0.900	0.748	HIS/HIS/HIS
A0AAJ0A0G4	CuA	3	3His	97.9	0.970	1.105	HIS/HIS/HIS
A0AAJ0A0G4	CuB	2	2His+inert	95.0	0.790	0.646	HIS/HIS/GLN
A0AAJ0DBW4	CuA	3	3His	96.4	0.860	0.763	HIS/HIS/HIS
A0AAJ0DBW4	CuB	2	2His+inert	95.0	0.760	0.755	HIS/PRO/HIS
A0AAJ0DVU7	CuA	3	3His	97.1	0.990	0.857	HIS/HIS/HIS
A0AAJ0DVU7	CuB	2	2His+inert	94.6	0.660	0.200	HIS/HIS/GLN
A0AAJ0EU37	CuA	3	3His	96.9	0.940	0.508	HIS/HIS/HIS
A0AAJ0EU37	CuB	2	2His+inert	89.5	0.930	0.900	HIS/HIS/GLN
A0AAJ0HSA6	CuA	3	3His	97.1	0.970	0.544	HIS/HIS/HIS
A0AAJ0HSA6	CuB	2	2His+inert	94.9	0.580	0.149	HIS/PRO/HIS
A0AAJ8BCI9	CuA	1	1His				ARG/GLY/HIS
A0AAJ8BCI9	CuB	0	0His				SER/ARG/MET
A0AAJ8BW86	CuA	1	1His	56.0			HIS/ASN/VAL
A0AAJ8BW86	CuB	3	3His	89.7	0.950	0.440	HIS/HIS/HIS
A0AAN6E594	CuA	3	3His	96.5	0.180	1.242	HIS/HIS/HIS
A0AAN6E594	CuB	2	2His+inert	90.0			HIS/PRO/HIS
A0AAN6F7R2	CuA	3	3His	96.6	0.960	0.359	HIS/HIS/HIS
A0AAN6F7R2	CuB	2	2His+inert	95.5	0.210	1.222	HIS/PRO/HIS
A0AAN6G1Z6	CuA	3	3His	96.8	0.810	0.282	HIS/HIS/HIS
A0AAN6G1Z6	CuB	2	2His+inert	95.0	0.640	1.185	HIS/PRO/HIS
A0AAN6H7M5	CuA	3	3His	97.2	0.230	1.344	HIS/HIS/HIS
A0AAN6H7M5	CuB	2	2His+inert	96.0	0.280	1.277	HIS/PRO/HIS
A0AAN6K752	CuA	3	3His	96.9	0.960	1.076	HIS/HIS/HIS
A0AAN6K752	CuB	2	2His+inert	96.1	0.910	1.544	HIS/PRO/HIS
A0AAN6KA23	CuA	3	3His	97.1	0.970	0.325	HIS/HIS/HIS
A0AAN6KA23	CuB	2	2His+inert	95.8			HIS/PRO/HIS
A0AAN6LYU1	CuA	3	3His	93.4	0.890	1.302	HIS/HIS/HIS
A0AAN6LYU1	CuB	3	3His	96.4	0.970	1.642	HIS/HIS/HIS
A0AAN6N1G2	CuA	3	3His	97.5	0.990	0.856	HIS/HIS/HIS
A0AAN6N1G2	CuB	2	2His+inert	93.4	0.780	1.486	PRO/HIS/HIS
A0AAN6SJA1	CuA	0	0His				PRO/---/ARG
A0AAN6SJA1	CuB	0	0His		0.870	1.337	LEU/---/GLN
A0AAN7GQ08	CuA	3	3His	97.5	0.950	0.529	HIS/HIS/HIS
A0AAN7GQ08	CuB	2	2His+inert	96.2	0.830	1.408	HIS/PRO/HIS
A0AAN7VN59	CuA	3	3His	97.5	0.810	0.644	HIS/HIS/HIS
A0AAN7VN59	CuB	2	2His+inert	96.3	0.780	1.908	HIS/PRO/HIS
A0AAN8HSE1	CuA	3	3His	95.1	0.780	1.106	HIS/HIS/HIS
A0AAN8HSE1	CuB	1	1His		0.810	1.519	SER/THR/HIS
A0AAN8ZF79	CuA	1	1His				TYR/ARG/HIS
A0AAN8ZF79	CuB	2	2His+coord	71.4	1.000	1.630	HIS/MET/HIS
A0AAN9UQ80	CuA	3	3His	83.4	0.890	0.838	HIS/HIS/HIS
A0AAN9UQ80	CuB	2	2His+inert	77.2	0.720	2.418	HIS/HIS/PHE
A0AAN9YIB4	CuA	2	2His+inert	92.5	1.000	2.606	LEU/HIS/HIS
A0AAN9YIB4	CuB	3	3His	97.7	1.000	1.497	HIS/HIS/HIS
A0AAQ3M852	CuA	3	3His	91.1	0.850	1.801	HIS/HIS/HIS
A0AAQ3M852	CuB	3	3His	95.3	0.890	1.153	HIS/HIS/HIS
A0AAU9KU22	CuA	0	0His				TYR/VAL/TYR
A0AAU9KU22	CuB	1	1His				GLN/HIS/TYR
A0AAV0UD10	CuA	0	0His				TYR/VAL/TYR
A0AAV0UD10	CuB	1	1His				GLN/HIS/TYR
A0AAV0UFB5	CuA	0	0His				TYR/ALA/TYR
A0AAV0UFB5	CuB	1	1His				GLN/HIS/TYR
A0AAV0UHU3	CuA	0	0His				TYR/VAL/TYR
A0AAV0UHU3	CuB	1	1His				GLN/HIS/TYR
A0AAV0V041	CuA	1	1His				ALA/GLU/HIS
A0AAV0V041	CuB	1	1His				HIS/VAL/TYR
A0AAV1T0B6	CuA	0	0His				TYR/VAL/TYR
A0AAV1T0B6	CuB	1	1His				GLN/HIS/TYR
A0AAV2QBX0	CuA	1	1His				TYR/HIS/ASN
A0AAV2QBX0	CuB	0	0His				TYR/ILE/GLY
A0AAV2QDB1	CuA	0	0His				TYR/ALA/ASN
A0AAV2QDB1	CuB	0	0His				SER/GLN/ILE
A0AAV2T9N0	CuA	3	3His	91.2	1.000	0.696	HIS/HIS/HIS
A0AAV2T9N0	CuB	2	2His+inert	72.0	0.760	1.692	GLY/HIS/HIS
A0AAV2VYF3	CuA	2	2His+inert	88.8	0.700	2.858	HIS/---/HIS
A0AAV2VYF3	CuB	3	3His	95.0	0.980	2.155	HIS/HIS/HIS
A0AAV2YQR1	CuA	1	1His				HIS/TYR/ASN
A0AAV2YQR1	CuB	3	3His	97.0	0.910	1.160	HIS/HIS/HIS
A0AAV2Z9U8	CuA	1	1His				TYR/PHE/HIS
A0AAV2Z9U8	CuB	2	2His+coord	66.5			HIS/HIS/TYR
A0AAV4IQ38	CuA	0	0His				TYR/THR/GLN
A0AAV4IQ38	CuB	2	2His+inert	56.6			VAL/HIS/HIS
A0AAV4JTX0	CuA	0	0His				TYR/VAL/ASN
A0AAV4JTX0	CuB	0	0His				LEU/GLN/SER
A0AAV7NZD3	CuA	0	0His				ARG/THR/ASN
A0AAV7NZD3	CuB	1	1His				HIS/LEU/GLN
A0AAV9J8F3	CuA	3	3His	91.6	0.900	1.005	HIS/HIS/HIS
A0AAV9J8F3	CuB	2	2His+inert	90.7	0.880	2.045	HIS/PRO/HIS
A0AAV9LU83	CuA	1	1His				HIS/GLY/LEU
A0AAV9LU83	CuB	3	3His	83.7	0.950	1.025	HIS/HIS/HIS
A0AAV9N1J6	CuA	3	3His	96.5	0.990	1.015	HIS/HIS/HIS
A0AAV9N1J6	CuB	2	2His+inert	94.3	0.620	0.984	HIS/PRO/HIS
A0AAV9SY11	CuA	3	3His	97.4	0.980	0.355	HIS/HIS/HIS
A0AAV9SY11	CuB	2	2His+inert	95.6	0.770	0.659	HIS/HIS/GLN
A0AAV9VIS4	CuA	1	1His	92.9	0.900	1.444	SER/THR/HIS
A0AAV9VIS4	CuB	3	3His	96.2	0.840	0.820	HIS/HIS/HIS
A0AAV9WSZ8	CuA	3	3His	94.2	0.870	2.053	HIS/HIS/HIS
A0AAV9WSZ8	CuB	3	3His	96.5	0.950	1.606	HIS/HIS/HIS
A0AAW0DCV9	CuA	2	2His+inert	93.1	0.890	0.412	HIS/---/HIS
A0AAW0DCV9	CuB	3	3His	95.6	0.970	0.572	HIS/HIS/HIS
A0AAW0GI35	CuA	3	3His	90.7	0.840	2.156	HIS/HIS/HIS
A0AAW0GI35	CuB	3	3His	94.9	0.970	1.215	HIS/HIS/HIS
A0AAW0Q5S1	CuA	3	3His	92.4	0.730	0.567	HIS/HIS/HIS
A0AAW0Q5S1	CuB	2	2His+inert	83.1	0.430	1.161	HIS/HIS/SER
A0AAW2WSM8	CuA	3	3His	92.1	0.980	2.033	HIS/HIS/HIS
A0AAW2WSM8	CuB	2	2His+coord	89.5	0.910	1.634	GLU/HIS/HIS
A0AAX4I0H5	CuA	3	3His	97.3	0.980	0.106	HIS/HIS/HIS
A0AAX4I0H5	CuB	2	2His+inert	95.2	0.790	0.728	HIS/HIS/GLN
A0AAX4IJG7	CuA	3	3His	92.6	0.870	1.119	HIS/HIS/HIS
A0AAX4IJG7	CuB	2	2His+inert	91.7	0.700	1.740	HIS/PRO/HIS
A0AAX6MJK2	CuA	3	3His	74.1	0.970	0.361	HIS/HIS/HIS
A0AAX6MJK2	CuB	3	3His	79.1			HIS/HIS/HIS
A0AB74JLQ5	CuA	1	1His				HIS/THR/ASN
A0AB74JLQ5	CuB	0	0His				ILE/PRO/GLN
A0ABD1WHD2	CuA	3	3His	95.0	0.990	1.735	HIS/HIS/HIS
A0ABD1WHD2	CuB	2	2His+coord	94.9	0.710	1.609	HIS/HIS/CYS
A0ABD2IJ80	CuA	0	0His		0.150	0.927	VAL/LEU/LEU
A0ABD2IJ80	CuB	0	0His				ALA/GLY/PHE
A0ABD2QHI1	CuA	0	0His		0.750	1.423	THR/ASN/---
A0ABD2QHI1	CuB	0	0His		0.690	0.740	---/---/---
A0ABD3FTY2	CuA	0	0His				ALA/LEU/ASN
A0ABD3FTY2	CuB	3	3His	97.3	0.980	0.913	HIS/HIS/HIS
A0ABD3FX43	CuA	0	0His				TYR/VAL/TYR
A0ABD3FX43	CuB	1	1His				GLN/HIS/TYR
A0ABD3I4U1	CuA	2	2His+inert	92.5	0.830	1.875	HIS/HIS/GLN
A0ABD3I4U1	CuB	3	3His	97.3	0.970	1.000	HIS/HIS/HIS
A0ABD6GFY7	CuA	2	2His+inert	91.7	0.790	1.269	HIS/PRO/HIS
A0ABD6GFY7	CuB	3	3His	96.9	0.880	0.576	HIS/HIS/HIS
A0ABM0MAQ4	CuA	3	3His	95.3	0.990	0.904	HIS/HIS/HIS
A0ABM0MAQ4	CuB	2	2His+inert	95.5	0.750	0.346	GLN/HIS/HIS
A0ABM1B806	CuA	2	2His+coord	55.9			TYR/HIS/HIS
A0ABM1B806	CuB	2	2His+inert				ALA/HIS/HIS
A0ABM1VVY2	CuA	0	0His				TYR/ALA/ASN
A0ABM1VVY2	CuB	0	0His				ALA/GLN/MET
A0ABM4UF39	CuA	3	3His	76.9	0.970	1.464	HIS/HIS/HIS
A0ABM4UF39	CuB	2	2His+inert	86.2	0.610	1.206	HIS/HIS/PRO
A0ABM7Q8T6	CuA	2	2His+inert	86.7	0.790	0.392	HIS/SER/HIS
A0ABM7Q8T6	CuB	3	3His	96.1	0.770	1.203	HIS/HIS/HIS
A0ABM7QH35	CuA	2	2His+inert	86.7	0.790	0.392	HIS/SER/HIS
A0ABM7QH35	CuB	3	3His	96.1	0.770	1.203	HIS/HIS/HIS
A0ABN3U7S0	CuA	1	1His				HIS/TYR/ASN
A0ABN3U7S0	CuB	0	0His				ASP/GLN/ARG
A0ABN8C0W3	CuA	0	0His				TYR/VAL/TYR
A0ABN8C0W3	CuB	1	1His				GLN/HIS/TYR
A0ABN8CNH4	CuA	1	1His	74.1			ALA/GLU/HIS
A0ABN8CNH4	CuB	1	1His				HIS/LEU/TYR
A0ABN8LS46	CuA	0	0His				TYR/ASN/TYR
A0ABN8LS46	CuB	2	2His+inert	93.0			HIS/GLN/HIS
A0ABN8LUS6	CuA	2	2His+inert	95.1	0.530	0.969	HIS/LYS/HIS
A0ABN8LUS6	CuB	3	3His	97.3	0.990	1.055	HIS/HIS/HIS
A0ABN8LVE4	CuA	2	2His+inert	94.9	0.910	1.177	HIS/LYS/HIS
A0ABN8LVE4	CuB	3	3His	97.1	0.960	1.611	HIS/HIS/HIS
A0ABN8LXN0	CuA	2	2His+inert	86.7			HIS/ARG/HIS
A0ABN8LXN0	CuB	3	3His	94.8	0.950	1.349	HIS/HIS/HIS
A0ABN8MSS7	CuA	2	2His+inert	88.9	0.970	1.532	HIS/---/HIS
A0ABN8MSS7	CuB	3	3His	95.4	0.840	1.086	HIS/HIS/HIS
A0ABN8MVN3	CuA	2	2His+inert	96.7	0.950	0.607	HIS/LYS/HIS
A0ABN8MVN3	CuB	3	3His	97.8	0.950	1.392	HIS/HIS/HIS
A0ABN8MVN6	CuA	2	2His+inert	92.1	0.370	1.066	HIS/ARG/HIS
A0ABN8MVN6	CuB	2	2His+coord	92.0	0.430	1.798	HIS/ASP/HIS
A0ABN8MVQ8	CuA	2	2His+inert	94.0	0.810	1.407	HIS/GLY/HIS
A0ABN8MVQ8	CuB	3	3His	96.7	0.930	0.574	HIS/HIS/HIS
A0ABN8MXH6	CuA	2	2His+inert	91.7	0.760	0.194	HIS/---/HIS
A0ABN8MXH6	CuB	3	3His	95.7	0.990	0.579	HIS/HIS/HIS
A0ABN8MXX5	CuA	2	2His+inert	92.7	0.780	0.799	HIS/LYS/HIS
A0ABN8MXX5	CuB	3	3His	96.0	0.980	1.527	HIS/HIS/HIS
A0ABN8MY60	CuA	2	2His+inert	90.8	0.840	1.890	HIS/LYS/HIS
A0ABN8MY60	CuB	3	3His	95.0	0.900	1.434	HIS/HIS/HIS
A0ABN8MZV7	CuA	2	2His+inert	95.5	0.560	0.553	HIS/ARG/HIS
A0ABN8MZV7	CuB	3	3His	97.2	0.990	1.699	HIS/HIS/HIS
A0ABN8N4G6	CuA	2	2His+inert	92.5	0.970	0.901	HIS/---/HIS
A0ABN8N4G6	CuB	3	3His	97.3	0.980	0.492	HIS/HIS/HIS
A0ABN8PCP7	CuA	2	2His+inert	83.1	0.900	0.607	HIS/ARG/HIS
A0ABN8PCP7	CuB	3	3His	94.6	0.730	1.615	HIS/HIS/HIS
A0ABN8PTR8	CuA	0	0His				TYR/LEU/TYR
A0ABN8PTR8	CuB	1	1His				LEU/ARG/HIS
A0ABN8PUI2	CuA	0	0His				TYR/ASN/TYR
A0ABN8PUI2	CuB	2	2His+inert	92.2			HIS/GLN/HIS
A0ABN8Q7Y1	CuA	2	2His+inert	92.5	0.750	0.707	HIS/---/HIS
A0ABN8Q7Y1	CuB	3	3His	97.3	0.780	1.146	HIS/HIS/HIS
A0ABN8SLK2	CuA	2	2His+inert	91.7	0.720	0.693	HIS/LYS/HIS
A0ABN8SLK2	CuB	3	3His	96.0	0.790	1.703	HIS/HIS/HIS
A0ABP2BNE3	CuA	2	2His+inert	92.7	0.860	1.476	HIS/---/HIS
A0ABP2BNE3	CuB	3	3His	96.7	0.970	1.388	HIS/HIS/HIS
A0ABP3EMV2	CuA	1	1His				HIS/ALA/LEU
A0ABP3EMV2	CuB	1	1His	86.0			LYS/HIS/ILE
A0ABQ0GAI5	CuA	3	3His	95.0	0.950	0.371	HIS/HIS/HIS
A0ABQ0GAI5	CuB	2	2His+inert	94.7	0.710	1.162	HIS/PRO/HIS
A0ABQ0GL05	CuA	3	3His	96.6	0.960	1.320	HIS/HIS/HIS
A0ABQ0GL05	CuB	1	1His		0.720	1.942	TRP/MET/HIS
A0ABQ0LKN2	CuA	2	2His+inert	93.9	0.700	0.793	HIS/ARG/HIS
A0ABQ0LKN2	CuB	3	3His	95.9	0.990	0.698	HIS/HIS/HIS
A0ABQ0M8A7	CuA	2	2His+inert	80.7	0.730	1.226	HIS/ARG/HIS
A0ABQ0M8A7	CuB	3	3His	95.6	0.970	0.437	HIS/HIS/HIS
A0ABQ4GGN2	CuA	1	1His	90.0			TYR/HIS/GLN
A0ABQ4GGN2	CuB	0	0His				ILE/LEU/ALA
A0ABQ6N7K7	CuA	2	2His+coord	95.1	0.880	0.704	ASP/HIS/HIS
A0ABQ6N7K7	CuB	3	3His	97.0	0.960	0.393	HIS/HIS/HIS
A0ABQ7J1C5	CuA	3	3His	96.8	0.820	0.557	HIS/HIS/HIS
A0ABQ7J1C5	CuB	2	2His+inert	94.3	0.600	1.759	HIS/PRO/HIS
A0ABQ8R1M6	CuA	3	3His	79.0	0.900	1.733	HIS/HIS/HIS
A0ABQ8R1M6	CuB	3	3His	92.7	0.840	1.986	HIS/HIS/HIS
A0ABQ9PEH4	CuA	3	3His	75.8	0.970	1.334	HIS/HIS/HIS
A0ABQ9PEH4	CuB	2	2His+inert	77.5	0.580	1.799	HIS/ASN/HIS
A0ABQ9PND2	CuA	3	3His	97.3	0.990	0.222	HIS/HIS/HIS
A0ABQ9PND2	CuB	2	2His+inert	94.5	0.710	0.842	HIS/HIS/GLN
A0ABQ9Q197	CuA	3	3His	97.1	0.990	1.219	HIS/HIS/HIS
A0ABQ9Q197	CuB	2	2His+inert	94.4	0.990	1.672	ARG/HIS/HIS
A0ABQ9QHE7	CuA	3	3His	97.4	0.990	0.785	HIS/HIS/HIS
A0ABQ9QHE7	CuB	2	2His+inert	95.1	0.710	0.442	HIS/HIS/GLN
A0ABQ9S7H6	CuA	2	2His+coord	54.0			HIS/HIS/ASP
A0ABQ9S7H6	CuB	3	3His	86.4	0.920	0.548	HIS/HIS/HIS
A0ABQ9T229	CuA	3	3His	97.2	0.970	0.719	HIS/HIS/HIS
A0ABQ9T229	CuB	2	2His+inert	94.7	0.860	1.624	HIS/HIS/GLN
A0ABR0EHV5	CuA	3	3His	95.8	0.940	0.479	HIS/HIS/HIS
A0ABR0EHV5	CuB	2	2His+inert	94.3	0.700	1.048	HIS/PRO/HIS
A0ABR0H9K2	CuA	3	3His	95.9	0.730	0.805	HIS/HIS/HIS
A0ABR0H9K2	CuB	2	2His+coord	88.3	0.410	1.154	MET/HIS/HIS
A0ABR0I6B4	CuA	3	3His	95.9	0.730	0.805	HIS/HIS/HIS
A0ABR0I6B4	CuB	2	2His+coord	88.3	0.410	1.154	MET/HIS/HIS
A0ABR0JJU7	CuA	3	3His	96.0	0.940	0.725	HIS/HIS/HIS
A0ABR0JJU7	CuB	2	2His+inert	95.1	0.890	1.180	HIS/PRO/HIS
A0ABR0ML46	CuA	3	3His	85.3	0.880	1.969	HIS/HIS/HIS
A0ABR0ML46	CuB	2	2His+inert	73.5	0.820	1.597	HIS/HIS/ARG
A0ABR0S881	CuA	3	3His	95.8	0.880	0.432	HIS/HIS/HIS
A0ABR0S881	CuB	2	2His+inert	92.0	0.810	1.002	HIS/PRO/HIS
A0ABR0TFM8	CuA	0	0His				TYR/THR/ASN
A0ABR0TFM8	CuB	0	0His				ILE/PRO/GLN
A0ABR1FHI7	CuA	3	3His	94.9	0.990	1.065	HIS/HIS/HIS
A0ABR1FHI7	CuB	2	2His+inert	89.0			HIS/HIS/PHE
A0ABR1QFP3	CuA	3	3His	96.2	0.940	0.271	HIS/HIS/HIS
A0ABR1QFP3	CuB	2	2His+inert	92.2	0.520	0.720	HIS/PRO/HIS
A0ABR1T514	CuA	3	3His	94.8	0.990	0.677	HIS/HIS/HIS
A0ABR1T514	CuB	2	2His+inert	92.5	0.350	1.003	HIS/PRO/HIS
A0ABR1TI72	CuA	3	3His	94.0	0.990	1.922	HIS/HIS/HIS
A0ABR1TI72	CuB	2	2His+coord	77.2			TYR/HIS/HIS
A0ABR1TNQ8	CuA	3	3His	79.8	0.660	0.659	HIS/HIS/HIS
A0ABR1TNQ8	CuB	1	1His		0.640	2.521	HIS/ALA/LEU
A0ABR1U9F9	CuA	1	1His	58.1	0.500	1.122	ILE/THR/HIS
A0ABR1U9F9	CuB	3	3His	81.9	0.940	0.398	HIS/HIS/HIS
A0ABR1VP59	CuA	3	3His	81.7	0.980	0.622	HIS/HIS/HIS
A0ABR1VP59	CuB	2	2His+inert	64.9			HIS/HIS/THR
A0ABR1X4W4	CuA	3	3His	90.3	0.860	0.373	HIS/HIS/HIS
A0ABR1X4W4	CuB	2	2His+inert	89.4	0.880	0.641	HIS/PRO/HIS
A0ABR1YMI8	CuA	3	3His	90.5	0.500	1.435	HIS/HIS/HIS
A0ABR1YMI8	CuB	3	3His	95.7	0.990	0.518	HIS/HIS/HIS
A0ABR1YVN4	CuA	2	2His+inert	82.2	0.990	2.964	HIS/---/HIS
A0ABR1YVN4	CuB	3	3His	92.4	0.990	1.089	HIS/HIS/HIS
A0ABR2VUU4	CuA	0	0His				GLY/THR/ASN
A0ABR2VUU4	CuB	0	0His				SER/GLU/ARG
A0ABR2W3C9	CuA	2	2His+coord	93.2			TYR/HIS/HIS
A0ABR2W3C9	CuB	0	0His				ASN/THR/GLN
A0ABR2W3S2	CuA	2	2His+inert	92.4	0.670	2.195	HIS/HIS/ASN
A0ABR2W3S2	CuB	2	2His+inert	91.7			HIS/LEU/HIS
A0ABR2W902	CuA	0	0His				PHE/ALA/GLN
A0ABR2W902	CuB	1	1His	71.5			ASN/HIS/ALA
A0ABR3CFI6	CuA	2	2His+inert	90.6	0.970	1.732	HIS/---/HIS
A0ABR3CFI6	CuB	3	3His	95.8	0.900	0.660	HIS/HIS/HIS
A0ABR3D6M0	CuA	2	2His+inert	94.9	0.970	1.605	HIS/ASN/HIS
A0ABR3D6M0	CuB	3	3His	98.1	0.990	1.078	HIS/HIS/HIS
A0ABR3FXT6	CuA	3	3His	95.1	0.860	0.562	HIS/HIS/HIS
A0ABR3FXT6	CuB	1	1His	85.2			PRO/ALA/HIS
A0ABR3QSB3	CuA	3	3His	76.0	0.930	1.601	HIS/HIS/HIS
A0ABR3QSB3	CuB	2	2His+coord	68.7	0.660	2.421	HIS/HIS/TYR
A0ABR3TFZ3	CuA	2	2His+inert	91.7	0.830	1.214	HIS/---/HIS
A0ABR3TFZ3	CuB	3	3His	95.5	0.990	0.753	HIS/HIS/HIS
A0ABR3U3E6	CuA	2	2His+inert	88.0	0.870	1.717	HIS/---/HIS
A0ABR3U3E6	CuB	3	3His	95.8	0.900	0.617	HIS/HIS/HIS
A0ABR3UTG0	CuA	3	3His	97.0	0.980	0.851	HIS/HIS/HIS
A0ABR3UTG0	CuB	2	2His+inert	95.6	0.700	1.288	HIS/PRO/HIS
A0ABR4BR18	CuA	3	3His	81.3	0.660	0.879	HIS/HIS/HIS
A0ABR4BR18	CuB	2	2His+inert	71.2	0.320	1.740	HIS/PRO/HIS
A0ABR4C2T6	CuA	3	3His	93.1	0.760	0.806	HIS/HIS/HIS
A0ABR4C2T6	CuB	2	2His+inert	89.2	0.670	1.351	HIS/GLN/HIS
A0ABR4CF27	CuA	3	3His	96.7	0.810	1.293	HIS/HIS/HIS
A0ABR4CF27	CuB	2	2His+inert	94.7	0.770	1.362	HIS/PRO/HIS
A0ABR4EPU0	CuA	3	3His	94.5	0.270	1.350	HIS/HIS/HIS
A0ABR4EPU0	CuB	1	1His	67.0	0.270	2.725	---/---/HIS
A0ABR4ES42	CuA	1	1His				HIS/VAL/---
A0ABR4ES42	CuB	1	1His		0.970	0.315	HIS/VAL/PHE
A0ABR4K145	CuA	3	3His	66.8	0.760	0.856	HIS/HIS/HIS
A0ABR4K145	CuB	2	2His+coord	74.5	0.680	0.341	HIS/HIS/CYS
A0ABR4NDE5	CuA	1	1His				HIS/GLU/ASN
A0ABR4NDE5	CuB	0	0His				VAL/GLN/ARG
A0ABR7QDC1	CuA	0	0His				LEU/TYR/ALA
A0ABR7QDC1	CuB	2	2His+coord	96.9	0.970	1.629	ASP/HIS/HIS
A0ABR7X9J7	CuA	2	2His+inert	95.1	0.970	1.342	HIS/THR/HIS
A0ABR7X9J7	CuB	3	3His	97.7	0.970	0.997	HIS/HIS/HIS
A0ABR8L1I5	CuA	1	1His	93.2			TYR/HIS/GLN
A0ABR8L1I5	CuB	0	0His				MET/GLN/ALA
A0ABR9BSA8	CuA	2	2His+inert	81.6	0.870	1.064	HIS/---/HIS
A0ABR9BSA8	CuB	3	3His	90.9	0.950	0.681	HIS/HIS/HIS
A0ABS8JIA8	CuA	2	2His+inert	86.8	0.420	0.963	HIS/PRO/HIS
A0ABS8JIA8	CuB	3	3His	96.4	0.570	1.180	HIS/HIS/HIS
A0ABS8JID1	CuA	2	2His+inert	88.9	0.950	1.864	HIS/SER/HIS
A0ABS8JID1	CuB	3	3His	96.2	0.980	0.870	HIS/HIS/HIS
A0ABT9CR60	CuA	2	2His+inert	92.8	0.590	0.905	HIS/PRO/HIS
A0ABT9CR60	CuB	3	3His	97.2	0.910	0.865	HIS/HIS/HIS
A0ABV0AFJ4	CuA	1	1His	91.5			TYR/HIS/GLN
A0ABV0AFJ4	CuB	0	0His				ILE/GLN/ALA
A0ABV6RIB9	CuA	2	2His+inert	87.7	0.890	0.368	HIS/SER/HIS
A0ABV6RIB9	CuB	3	3His	96.7	0.970	1.009	HIS/HIS/HIS
A0ABV6RUK0	CuA	2	2His+inert	84.8	0.890	1.517	HIS/SER/HIS
A0ABV6RUK0	CuB	3	3His	95.8	0.970	1.031	HIS/HIS/HIS
A0ABV9FV84	CuA	1	1His		0.640	2.739	ARG/---/HIS
A0ABV9FV84	CuB	2	2His+inert	76.9	0.640	1.253	HIS/GLN/HIS
A0ABV9I266	CuA	0	0His				LEU/ALA/ASN
A0ABV9I266	CuB	2	2His+coord	97.8	0.980	1.309	ASP/HIS/HIS
A0ABW1EV91	CuA	3	3His	92.9	0.950	0.864	HIS/HIS/HIS
A0ABW1EV91	CuB	3	3His	96.5	0.930	0.845	HIS/HIS/HIS
A0ABW2RRB3	CuA	2	2His+inert	87.5	0.940	2.027	HIS/---/HIS
A0ABW2RRB3	CuB	3	3His	95.9	0.980	1.059	HIS/HIS/HIS
A0ABW9S031	CuA	3	3His	89.7	0.920	2.038	HIS/HIS/HIS
A0ABW9S031	CuB	3	3His	93.3	0.990	1.490	HIS/HIS/HIS
A0ABX5RWM9	CuA	2	2His+inert	91.5	0.770	1.926	HIS/SER/HIS
A0ABX5RWM9	CuB	3	3His	97.2	0.970	0.890	HIS/HIS/HIS
A0ABX5UDS5	CuA	2	2His+inert	91.6	0.780	1.426	HIS/SER/HIS
A0ABX5UDS5	CuB	3	3His	97.3	0.980	1.477	HIS/HIS/HIS
A0ABX6FJC2	CuA	2	2His+inert	92.4	0.590	0.300	HIS/SER/HIS
A0ABX6FJC2	CuB	3	3His	97.6	0.950	1.187	HIS/HIS/HIS
A0ABY0G5N1	CuA	3	3His	96.8	0.940	0.245	HIS/HIS/HIS
A0ABY0G5N1	CuB	2	2His+inert	94.5	0.560	1.651	HIS/PRO/HIS
A0ABY2RLZ4	CuA	1	1His	45.4			TYR/---/HIS
A0ABY2RLZ4	CuB	3	3His	93.1	1.000	0.871	HIS/HIS/HIS
A0ABY7EU49	CuA	0	0His				MET/LYS/GLN
A0ABY7EU49	CuB	0	0His				GLN/PHE/SER
A0ABZ1SYY9	CuA	1	1His	88.6			TYR/HIS/GLN
A0ABZ1SYY9	CuB	0	0His				ILE/GLN/ALA
A0ACB1AYY7	CuA	0	0His		1.000	1.524	---/GLN/VAL
A0ACB1AYY7	CuB	0	0His				---/THR/PRO
A0ACB6QFG3	CuA	2	2His+inert	86.1	0.680	0.824	HIS/VAL/HIS
A0ACB6QFG3	CuB	0	0His				MET/ARG/ALA
A0ACB7IQP8	CuA	2	2His+inert	56.7			ALA/HIS/HIS
A0ACB7IQP8	CuB	2	2His+inert	77.4	0.880	0.843	HIS/HIS/SER
A0ACB8HCS0	CuA	2	2His+coord	94.8	0.620	1.083	TYR/HIS/HIS
A0ACB8HCS0	CuB	2	2His+inert	88.4	0.640	0.785	SER/HIS/HIS
A0ACC0W512	CuA	0	0His				TYR/VAL/TYR
A0ACC0W512	CuB	1	1His				GLN/HIS/TYR
A0ACC1A5Y2	CuA	1	1His	37.0			HIS/---/---
A0ACC1A5Y2	CuB	3	3His	78.7	0.980	0.515	HIS/HIS/HIS
A0ACC1QNQ0	CuA	3	3His	92.0	0.850	0.506	HIS/HIS/HIS
A0ACC1QNQ0	CuB	2	2His+inert	91.0	0.850	2.184	HIS/PRO/HIS
A0ACC1SFB7	CuA	0	0His		0.830	1.689	---/---/LEU
A0ACC1SFB7	CuB	1	1His	88.7	0.790	1.162	HIS/---/THR
A0ACC2HR65	CuA	2	2His+coord	93.1	0.860	1.151	HIS/TYR/HIS
A0ACC2HR65	CuB	3	3His	97.4	0.990	0.562	HIS/HIS/HIS
A0ACC2ID33	CuA	3	3His	94.7	0.860	0.994	HIS/HIS/HIS
A0ACC2ID33	CuB	2	2His+inert	94.8	0.380	1.037	HIS/PRO/HIS
A0ACC2JBL3	CuA	2	2His+inert	90.4	0.870	1.051	HIS/ALA/HIS
A0ACC2JBL3	CuB	3	3His	96.6	1.000	0.235	HIS/HIS/HIS
A0ACC2S0P5	CuA	2	2His+inert	92.0			HIS/PHE/HIS
A0ACC2S0P5	CuB	1	1His	71.3			GLN/HIS/TYR
A0ACC2S7C6	CuA	0	0His				ALA/TRP/ASN
A0ACC2S7C6	CuB	0	0His				PHE/SER/ILE
A0ACC2T2P1	CuA	0	0His				ALA/SER/ASN
A0ACC2T2P1	CuB	1	1His				HIS/SER/ILE
A0ACC2T3L9	CuA	1	1His				ILE/PHE/HIS
A0ACC2T3L9	CuB	0	0His				---/LEU/MET
A0ACC2T4I7	CuA	0	0His				TYR/GLY/ASN
A0ACC2T4I7	CuB	1	1His				SER/ARG/HIS
A0ACC2TJ92	CuA	1	1His				VAL/HIS/LEU
A0ACC2TJ92	CuB	0	0His				LEU/---/MET
A0ACC2TJW4	CuA	0	0His				TYR/THR/ASN
A0ACC2TJW4	CuB	0	0His				SER/VAL/ALA
A0ACC2TU75	CuA	0	0His				ARG/THR/ASN
A0ACC2TU75	CuB	0	0His				VAL/SER/ALA
A0ACC2TZL3	CuA	0	0His				GLY/---/ASN
A0ACC2TZL3	CuB	1	1His	58.0			MET/SER/HIS
A0ACC2U0B8	CuA	2	2His+coord	82.2	0.670	2.624	TYR/HIS/HIS
A0ACC2U0B8	CuB	2	2His+inert	96.2	0.600	1.606	GLN/HIS/HIS
A0ACC2U405	CuA	1	1His				ILE/PHE/HIS
A0ACC2U405	CuB	1	1His	81.3			HIS/LEU/MET
A0ACC2U767	CuA	2	2His+inert	90.7			HIS/PHE/HIS
A0ACC2U767	CuB	1	1His	70.0			GLN/HIS/TYR
A0ACC2U7B3	CuA	2	2His+coord	89.8	0.560	2.895	TYR/HIS/HIS
A0ACC2U7B3	CuB	2	2His+inert	92.4	0.760	1.418	GLN/HIS/HIS
A0ACC3CBK0	CuA	1	1His				LEU/PHE/HIS
A0ACC3CBK0	CuB	0	0His				ALA/ASN/GLN
A0ACC3CBV5	CuA	2	2His+inert	81.7			LEU/HIS/HIS
A0ACC3CBV5	CuB	0	0His				SER/PHE/GLN
A0ACC3CEB8	CuA	2	2His+inert	94.3	0.430	2.364	ALA/HIS/HIS
A0ACC3CEB8	CuB	0	0His		0.430	2.413	ALA/ALA/GLY
A0ACC3DNN8	CuA	3	3His	95.3	0.450	1.271	HIS/HIS/HIS
A0ACC3DNN8	CuB	2	2His+inert	94.0	0.640	0.944	HIS/PRO/HIS
A0ACC3SCJ8	CuA	3	3His	95.7	0.450	1.109	HIS/HIS/HIS
A0ACC3SCJ8	CuB	2	2His+inert	93.7	0.640	0.983	HIS/PRO/HIS
A0ACC3YJX9	CuA	3	3His	97.6	0.990	0.694	HIS/HIS/HIS
A0ACC3YJX9	CuB	2	2His+inert	95.7	0.970	2.045	HIS/HIS/GLN
A0ACD1IG11	CuA	3	3His	91.1	0.980	0.963	HIS/HIS/HIS
A0ACD1IG11	CuB	2	2His+inert	81.0	0.780	1.392	PHE/HIS/HIS
A0ACD3ADA0	CuA	2	2His+inert	57.3			HIS/TRP/HIS
A0ACD3ADA0	CuB	3	3His	91.8	0.920	1.096	HIS/HIS/HIS
A0ACD3YVM0	CuA	2	2His+inert	91.2	0.690	1.469	HIS/---/HIS
A0ACD3YVM0	CuB	3	3His	95.6	0.760	1.195	HIS/HIS/HIS
A2RBK8	CuA	1	1His	55.2	0.700	1.614	HIS/ASN/VAL
A2RBK8	CuB	3	3His	89.4	0.950	0.700	HIS/HIS/HIS
A3K3J4	CuA	2	2His+inert	88.5	0.940	1.582	HIS/GLY/HIS
A3K3J4	CuB	3	3His	96.4	0.960	0.887	HIS/HIS/HIS
A7RKE4	CuA	3	3His	95.1	0.720	0.753	HIS/HIS/HIS
A7RKE4	CuB	1	1His				HIS/ARG/THR
A8N3S0	CuA	2	2His+inert	85.3	0.530	0.434	HIS/---/HIS
A8N3S0	CuB	3	3His	96.4	0.270	1.304	HIS/HIS/HIS
A8N4B1	CuA	2	2His+inert				HIS/HIS/ARG
A8N4B1	CuB	3	3His		0.950	0.518	HIS/HIS/HIS
B2WH32	CuA	1	1His	66.9	0.860	2.094	PRO/ILE/HIS
B2WH32	CuB	3	3His	92.4	0.930	0.415	HIS/HIS/HIS
B9XQZ3	CuA	2	2His+inert	72.2	0.890	2.303	HIS/ALA/HIS
B9XQZ3	CuB	3	3His	69.8	0.950	2.032	HIS/HIS/HIS
C3YG81	CuA	0	0His				GLN/GLN/ASN
C3YG81	CuB	1	1His				ASN/HIS/ARG
C8CHT1	CuA	3	3His	85.3	0.990	1.029	HIS/HIS/HIS
C8CHT1	CuB	2	2His+coord	94.6	0.990	0.804	HIS/HIS/ASP
D0NAA1	CuA	0	0His				TYR/---/TYR
D0NAA1	CuB	2	2His+inert	65.4			GLN/HIS/HIS
E3Q7T1	CuA	1	1His		0.550	2.396	HIS/GLN/TYR
E3Q7T1	CuB	2	2His+inert	94.5	0.600	0.450	HIS/HIS/GLN
E3QWQ8	CuA	3	3His	94.2	0.380	1.904	HIS/HIS/HIS
E3QWQ8	CuB	2	2His+inert	85.2	0.500	1.411	HIS/PRO/HIS
E5Q8T0	CuA	3	3His	89.9	0.930	1.770	HIS/HIS/HIS
E5Q8T0	CuB	2	2His+coord	91.2			TYR/HIS/HIS
E5SC69	CuA	1	1His				HIS/THR/ASN
E5SC69	CuB	0	0His				LEU/PHE/LEU
E9FAB7	CuA	3	3His	96.4	0.970	0.770	HIS/HIS/HIS
E9FAB7	CuB	2	2His+inert	94.5	0.600	0.457	HIS/PRO/HIS
F0XF66	CuA	1	1His				SER/ALA/HIS
F0XF66	CuB	0	0His				VAL/PRO/LEU
F0Y382	CuA	3	3His		0.700	1.527	HIS/HIS/HIS
F0Y382	CuB	3	3His	83.5	0.970	0.921	HIS/HIS/HIS
F0YJP7	CuA	2	2His+inert	62.6	0.690	0.880	HIS/---/HIS
F0YJP7	CuB	3	3His	79.9			HIS/HIS/HIS
F1KXG5	CuA	2	2His+coord	75.4	0.250	2.715	TYR/HIS/HIS
F1KXG5	CuB	1	1His		0.250	1.464	GLN/GLN/HIS
F6G5J6	CuA	3	3His	87.9	0.900	0.691	HIS/HIS/HIS
F6G5J6	CuB	2	2His+coord	88.6	0.780	1.953	HIS/TYR/HIS
F9X2G9	CuA	3	3His	89.4	0.970	0.718	HIS/HIS/HIS
F9X2G9	CuB	2	2His+inert	61.8	0.830	1.692	HIS/HIS/TRP
F9XBE5	CuA	3	3His	96.2	0.900	0.894	HIS/HIS/HIS
F9XBE5	CuB	2	2His+inert	93.8	0.750	1.700	HIS/PRO/HIS
F9XCV9	CuA	3	3His	95.2	0.990	0.553	HIS/HIS/HIS
F9XCV9	CuB	2	2His+inert	91.6	0.350	1.982	HIS/PRO/HIS
G1S3C9	CuA	3	3His	88.4	0.590	0.981	HIS/HIS/HIS
G1S3C9	CuB	3	3His	81.0			HIS/HIS/HIS
G2QVS9	CuA	3	3His	94.3	0.950	0.863	HIS/HIS/HIS
G2QVS9	CuB	2	2His+inert	94.4	0.530	0.775	HIS/PRO/HIS
G2YP57	CuA	3	3His	94.0	0.980	0.718	HIS/HIS/HIS
G2YP57	CuB	2	2His+inert	91.4	0.790	2.037	HIS/PRO/HIS
G3JPN7	CuA	3	3His	97.0	0.960	0.709	HIS/HIS/HIS
G3JPN7	CuB	2	2His+inert	94.6	0.690	1.482	HIS/PRO/HIS
G3XUP5	CuA	3	3His	76.4	0.580	1.328	HIS/HIS/HIS
G3XUP5	CuB	2	2His+inert	70.7			LEU/HIS/HIS
G4Z7X0	CuA	0	0His				TYR/VAL/TYR
G4Z7X0	CuB	2	2His+inert	68.9			GLN/HIS/HIS
G5A9J7	CuA	0	0His				ALA/LEU/ASN
G5A9J7	CuB	2	2His+coord	59.6			TYR/HIS/HIS
G5AB92	CuA	3	3His	88.3	0.990	1.053	HIS/HIS/HIS
G5AB92	CuB	2	2His+inert	88.9	0.550	1.397	SER/HIS/HIS
G5ABA8	CuA	0	0His				ALA/LEU/ASN
G5ABA8	CuB	3	3His	97.3	0.910	1.162	HIS/HIS/HIS
G5B168	CuA	3	3His	86.9	0.890	0.779	HIS/HIS/HIS
G5B168	CuB	3	3His	79.5			HIS/HIS/HIS
H1UWR0	CuA	3	3His	97.9	0.970	0.339	HIS/HIS/HIS
H1UWR0	CuB	2	2His+inert	95.3	0.830	1.483	HIS/HIS/GLN
H1VZE2	CuA	2	2His+inert	95.9	0.960	2.350	GLN/HIS/HIS
H1VZE2	CuB	3	3His	98.4	0.990	1.012	HIS/HIS/HIS
H2KPL1	CuA	2	2His+inert	90.4			ASN/HIS/HIS
H2KPL1	CuB	1	1His	90.1			ASN/HIS/GLN
H3GEM4	CuA	0	0His				---/---/---
H3GEM4	CuB	0	0His				GLN/---/TYR
I7CCR9	CuA	2	2His+inert	83.2			HIS/HIS/PRO
I7CCR9	CuB	3	3His	95.7	0.950	1.813	HIS/HIS/HIS
K2RLK6	CuA	2	2His+inert	84.4	0.540	0.937	HIS/PHE/HIS
K2RLK6	CuB	3	3His	92.0	0.980	0.268	HIS/HIS/HIS
K3WBN0	CuA	0	0His				TYR/GLY/TYR
K3WBN0	CuB	2	2His+coord	88.1			HIS/HIS/TYR
L2FID8	CuA	3	3His	95.5	0.930	1.169	HIS/HIS/HIS
L2FID8	CuB	2	2His+inert	91.6	0.530	0.695	HIS/PRO/HIS
L2FNV4	CuA	2	2His+inert	88.9	0.470	1.249	HIS/PHE/HIS
L2FNV4	CuB	3	3His	95.7	0.990	0.439	HIS/HIS/HIS
L2GEI1	CuA	3	3His	97.7	0.850	0.988	HIS/HIS/HIS
L2GEI1	CuB	2	2His+inert	94.3	0.870	1.022	HIS/HIS/GLN
L8X5X1	CuA	2	2His+inert	70.0	0.770	0.346	HIS/---/HIS
L8X5X1	CuB	3	3His	75.4	0.990	0.651	HIS/HIS/HIS
M1R095	CuA	2	2His+inert	89.4			ASN/HIS/HIS
M1R095	CuB	1	1His	89.3			ASN/HIS/GLN
M2MQZ6	CuA	3	3His	91.8	0.860	0.399	HIS/HIS/HIS
M2MQZ6	CuB	2	2His+inert	92.0	0.510	0.896	HIS/PRO/HIS
M2SQZ2	CuA	2	2His+coord	87.0			TYR/HIS/HIS
M2SQZ2	CuB	1	1His	65.6			---/---/HIS
M2YMY9	CuA	3	3His	94.4	0.580	0.829	HIS/HIS/HIS
M2YMY9	CuB	2	2His+inert	94.3	0.560	2.027	HIS/PRO/HIS
M3C9Q8	CuA	3	3His	94.5	0.980	1.036	HIS/HIS/HIS
M3C9Q8	CuB	3	3His	96.5	0.970	0.354	HIS/HIS/HIS
M4C6D4	CuA	1	1His	65.0			ALA/GLU/HIS
M4C6D4	CuB	1	1His				HIS/LEU/TYR
M7UN52	CuA	3	3His	96.8	0.940	0.367	HIS/HIS/HIS
M7UN52	CuB	1	1His	83.7	0.500	1.897	ALA/SER/HIS
N1RKC9	CuA	2	2His+coord	89.7			HIS/TYR/HIS
N1RKC9	CuB	3	3His	97.1	0.990	0.422	HIS/HIS/HIS
N1S3E0	CuA	3	3His	89.7	0.800	1.040	HIS/HIS/HIS
N1S3E0	CuB	3	3His	95.6	0.990	0.822	HIS/HIS/HIS
N1S8Q1	CuA	1	1His				ARG/TYR/HIS
N1S8Q1	CuB	3	3His	90.7	0.990	0.916	HIS/HIS/HIS
N4TKR4	CuA	2	2His+inert	85.8	0.970	0.786	HIS/GLN/HIS
N4TKR4	CuB	3	3His	96.9	0.990	0.425	HIS/HIS/HIS
N4X430	CuA	2	2His+coord	87.0			TYR/HIS/HIS
N4X430	CuB	1	1His	65.6			---/---/HIS
P55022	CuA	2	2His+inert	92.2	0.680	1.408	HIS/---/HIS
P55022	CuB	3	3His	96.6	0.850	1.211	HIS/HIS/HIS
Q33CJ6	CuA	1	1His				ARG/THR/HIS
Q33CJ6	CuB	1	1His	53.7			ASP/ARG/HIS
R1D043	CuA	1	1His	33.7			HIS/VAL/THR
R1D043	CuB	3	3His	80.3	1.000	1.820	HIS/HIS/HIS
R1EXG5	CuA	2	2His+inert	88.2	0.850	0.946	HIS/---/HIS
R1EXG5	CuB	3	3His	94.4	0.970	0.879	HIS/HIS/HIS
R7UB97	CuA	2	2His+coord	65.7			HIS/TYR/HIS
R7UB97	CuB	1	1His				SER/HIS/TYR
R7YGC4	CuA	3	3His	97.0	0.970	0.811	HIS/HIS/HIS
R7YGC4	CuB	2	2His+inert	92.9	0.710	2.833	LEU/HIS/HIS
S0DQZ0	CuA	3	3His	96.5	0.910	0.319	HIS/HIS/HIS
S0DQZ0	CuB	2	2His+inert	95.5	0.650	0.851	HIS/PRO/HIS
S3D1Q3	CuA	3	3His	95.6	0.650	1.562	HIS/HIS/HIS
S3D1Q3	CuB	2	2His+inert	88.8	0.650	1.810	HIS/SER/HIS
T0KJ59	CuA	3	3His	97.4	0.850	0.642	HIS/HIS/HIS
T0KJ59	CuB	2	2His+inert	94.4	0.850	0.675	HIS/HIS/GLN
T0KXU6	CuA	2	2His+inert	79.2	0.670	1.069	HIS/HIS/VAL
T0KXU6	CuB	3	3His	94.8	0.920	0.659	HIS/HIS/HIS
T0PKY7	CuA	0	0His				LEU/TYR/SER
T0PKY7	CuB	3	3His	97.5	0.980	0.882	HIS/HIS/HIS
T0PU14	CuA	0	0His				PHE/PHE/ARG
T0PU14	CuB	1	1His				VAL/HIS/PHE
T0QXV8	CuA	3	3His	91.9	0.910	1.504	HIS/HIS/HIS
T0QXV8	CuB	2	2His+inert	79.3	0.790	1.984	SER/HIS/HIS
T0S9R0	CuA	3	3His	96.8	0.960	1.017	HIS/HIS/HIS
T0S9R0	CuB	2	2His+inert	87.4	0.330	1.485	SER/HIS/HIS
T5A6R2	CuA	2	2His+inert	77.4	0.530	1.600	HIS/---/HIS
T5A6R2	CuB	3	3His	92.2	0.990	1.432	HIS/HIS/HIS
U3AIJ7	CuA	2	2His+inert	90.0	0.780	1.418	HIS/---/HIS
U3AIJ7	CuB	3	3His	96.7	1.000	0.454	HIS/HIS/HIS
U4K751	CuA	2	2His+inert	79.7			HIS/---/HIS
U4K751	CuB	3	3His	91.1			HIS/HIS/HIS
V5FME0	CuA	3	3His	95.7	1.000	0.674	HIS/HIS/HIS
V5FME0	CuB	1	1His	90.6			SER/PRO/HIS
V9E917	CuA	0	0His				TYR/VAL/TYR
V9E917	CuB	1	1His				GLN/HIS/TYR
V9EB77	CuA	0	0His				TYR/VAL/TYR
V9EB77	CuB	1	1His				GLN/HIS/TYR
V9EVI6	CuA	0	0His				ALA/LEU/ASN
V9EVI6	CuB	3	3His	97.7	0.890	0.751	HIS/HIS/HIS
W2I6U4	CuA	0	0His				TYR/VAL/TYR
W2I6U4	CuB	1	1His				GLN/HIS/TYR
W2I6Y9	CuA	0	0His				TYR/VAL/TYR
W2I6Y9	CuB	1	1His				GLN/HIS/TYR
W2IN56	CuA	0	0His				ALA/LEU/ASN
W2IN56	CuB	3	3His	97.7	0.890	0.751	HIS/HIS/HIS
W2KB90	CuA	0	0His				TYR/VAL/TYR
W2KB90	CuB	1	1His				GLN/HIS/TYR
W2MH14	CuA	0	0His				TYR/VAL/TYR
W2MH14	CuB	1	1His				GLN/HIS/TYR
W2PMT3	CuA	0	0His				TYR/VAL/TYR
W2PMT3	CuB	1	1His				GLN/HIS/TYR
W2PPJ1	CuA	0	0His				TYR/VAL/TYR
W2PPJ1	CuB	1	1His				GLN/HIS/TYR
W2PY30	CuA	0	0His				ALA/LEU/ASN
W2PY30	CuB	3	3His	97.7	0.980	0.985	HIS/HIS/HIS
W2W5P6	CuA	0	0His				TYR/VAL/TYR
W2W5P6	CuB	1	1His				GLN/HIS/TYR
W2W6T1	CuA	0	0His				TYR/VAL/TYR
W2W6T1	CuB	1	1His				GLN/HIS/TYR
W2WMR4	CuA	0	0His				ALA/LEU/ASN
W2WMR4	CuB	3	3His	97.7	0.890	0.751	HIS/HIS/HIS
W2YEN6	CuA	0	0His				TYR/VAL/TYR
W2YEN6	CuB	1	1His				GLN/HIS/TYR
W2YF51	CuA	0	0His				TYR/VAL/TYR
W2YF51	CuB	1	1His				GLN/HIS/TYR
W2YZ31	CuA	0	0His				ALA/LEU/ASN
W2YZ31	CuB	3	3His	97.7	0.890	0.751	HIS/HIS/HIS
W3WIK4	CuA	3	3His	90.1	0.950	0.328	HIS/HIS/HIS
W3WIK4	CuB	2	2His+inert	83.8			HIS/HIS/SER
W4GC36	CuA	0	0His				LEU/TYR/ASN
W4GC36	CuB	3	3His	95.4	0.960	1.044	HIS/HIS/HIS
W6ZD78	CuA	3	3His	92.7	0.980	0.109	HIS/HIS/HIS
W6ZD78	CuB	2	2His+inert	76.6	0.690	1.424	GLY/HIS/HIS
W7F1D8	CuA	3	3His	88.7	0.960	0.764	HIS/HIS/HIS
W7F1D8	CuB	2	2His+inert	83.8	0.650	2.498	HIS/HIS/GLN
W7M987	CuA	3	3His	97.0	0.910	0.189	HIS/HIS/HIS
W7M987	CuB	2	2His+inert	94.6	0.650	0.972	HIS/PRO/HIS
W7MLF2	CuA	3	3His	94.9			HIS/HIS/HIS
W7MLF2	CuB	1	1His	63.6			TYR/ASN/HIS
W9I5K7	CuA	2	2His+inert	90.3	0.990	2.705	HIS/HIS/LEU
W9I5K7	CuB	3	3His	97.8	0.990	0.676	HIS/HIS/HIS
X0JGY5	CuA	2	2His+coord	84.8			HIS/TYR/HIS
X0JGY5	CuB	3	3His	92.7	0.990	0.727	HIS/HIS/HIS
X8JBW1	CuA	1	1His	85.5	0.590	2.535	TYR/HIS/GLN
X8JBW1	CuB	1	1His		0.590	2.982	HIS/VAL/ILE
X8JFG5	CuA	2	2His+inert	93.7	0.710	0.559	HIS/GLN/HIS
X8JFG5	CuB	1	1His	79.6			ARG/GLN/HIS
X8JFZ0	CuA	0	0His				TYR/LEU/ASN
X8JFZ0	CuB	1	1His				GLY/HIS/TYR
