name	majority_kingdom	frac_Fungi	frac_Metazoa	frac_Bacteria	frac_Viridiplantae	frac_Other_Eukaryota	frac_Unknown
A0A8H6NEA7_taxID_2175873_model_A	Fungi	0.9394	0.0004	0.0000	0.0000	0.0000	0.0602
A0A0P7YXS6_taxID_113540_model	Metazoa	0.0000	0.9838	0.0000	0.0000	0.0000	0.0162
A0A4D6KM86_taxID_3917_model_A	Viridiplantae	0.0000	0.0000	0.0000	0.9862	0.0000	0.0138
A0AAE0IQ25_taxID_516989_model_A	Fungi	0.9605	0.0000	0.0000	0.0005	0.0000	0.0390
A0A1H7NHR1_taxID_1233_model_A	Bacteria	0.0000	0.0000	0.9991	0.0000	0.0000	0.0009
A0AA36GA08_taxID_96644_model	Metazoa	0.0000	0.9503	0.0000	0.0000	0.0000	0.0497
A0A0P1AML5_taxID_4781_model	Other_Eukaryota	0.0000	0.0000	0.0000	0.0000	0.9117	0.0883
A0A9E8SDB5_taxID_2980107_model_A	Fungi	0.6325	0.0000	0.3428	0.0000	0.0035	0.0212
A0AAP5IG72_taxID_2712845_model_A	Bacteria	0.0000	0.0000	0.9942	0.0000	0.0000	0.0058
A0ABD3VAS0_taxID_1069815_model	Metazoa	0.0000	0.9722	0.0000	0.0000	0.0000	0.0278
A0A9P5DU41_taxID_44412_model_A	Fungi	0.9697	0.0000	0.0000	0.0000	0.0000	0.0303
A0A165TU36_taxID_1314782_model	Fungi	0.9259	0.0000	0.0000	0.0000	0.0000	0.0741
A0A913XDR8_taxID_2652724_model	Metazoa	0.0000	0.8077	0.0000	0.0000	0.0000	0.1923
A0A9N8ZSY3_taxID_1348616_model	Fungi	0.8205	0.0000	0.0000	0.1795	0.0000	0.0000
A0A934SYR6_taxID_2801341_model_A	Bacteria	0.0000	0.0000	0.9706	0.0000	0.0000	0.0294
A0A328Z4K4_taxID_78229_model_A	Bacteria	0.0000	0.0000	0.9825	0.0000	0.0000	0.0175
A0ABU8D3Y1_taxID_1792846_model_A	Bacteria	0.0000	0.0000	1.0000	0.0000	0.0000	0.0000
A0A183V5H8_taxID_6265_model_A	Metazoa	0.0000	1.0000	0.0000	0.0000	0.0000	0.0000
A0A7S2ME85_taxID_3111310_model	Other_Eukaryota	0.0000	0.0000	0.0000	0.0000	0.8039	0.1961
A0A918P5V7_taxID_1225769_model_A	Bacteria	0.0000	0.0000	1.0000	0.0000	0.0000	0.0000
A0ABD3FX43_taxID_2107226_model	Unknown	0.0000	0.0000	0.0000	0.0000	0.0000	1.0000
A0A0P7ZSV8_taxID_1666911_model	Bacteria	0.0000	0.0000	0.9762	0.0000	0.0000	0.0238
A0A6N1APE8_taxID_286727_model_A	Bacteria	0.0256	0.0256	0.9487	0.0000	0.0000	0.0000
A0A5N6W347_taxID_1034304_model	Fungi	0.9459	0.0000	0.0000	0.0000	0.0000	0.0541
A0A8H5J9Q5_taxID_751941_model	Fungi	0.9444	0.0000	0.0000	0.0000	0.0000	0.0556
A0ABM7Q8X4_taxID_2675101_model_A	Unknown	0.0000	0.0000	0.4375	0.0000	0.0000	0.5625
A0A3T0JWD4_taxID_317_model	Bacteria	0.0000	0.0000	1.0000	0.0000	0.0000	0.0000
A0ACC1SLU8_taxID_57161_model_A	Fungi	0.9677	0.0000	0.0000	0.0000	0.0000	0.0323
A0A8H5LGT6_taxID_42677_model	Fungi	1.0000	0.0000	0.0000	0.0000	0.0000	0.0000
A0A9Q9RQ73_taxID_5127_model_A	Fungi	0.9655	0.0000	0.0000	0.0000	0.0000	0.0345
A0A6A5WT48_taxID_1392246_model	Fungi	0.8077	0.0000	0.0000	0.0000	0.0000	0.1923
A0A2S7YHM0_taxID_176275_model_A	Fungi	1.0000	0.0000	0.0000	0.0000	0.0000	0.0000
A0ABU1MXI3_taxID_2010972_model	Bacteria	0.0000	0.0000	0.9583	0.0000	0.0000	0.0417
A0A1R1YKF0_taxID_133412_model_A	Fungi	1.0000	0.0000	0.0000	0.0000	0.0000	0.0000
A0A7H2XHW1_taxID_1530123_model_A	Bacteria	0.0000	0.0000	1.0000	0.0000	0.0000	0.0000
A0ABR4YW72_taxID_431269_model_A	Bacteria	0.0000	0.0000	1.0000	0.0000	0.0000	0.0000
A0A7S2WAP3_taxID_1034831_model_A	Other_Eukaryota	0.0000	0.0000	0.0000	0.0000	0.6190	0.3810
A0A9W8GHU5_taxID_417178_model_A	Fungi	1.0000	0.0000	0.0000	0.0000	0.0000	0.0000
A0A4Q9RBJ6_taxID_2211392_model_A	Bacteria	0.0000	0.0000	1.0000	0.0000	0.0000	0.0000
D5GL91_taxID_656061_model	Bacteria	0.1053	0.0000	0.8947	0.0000	0.0000	0.0000
A0A1J9Q075_taxID_1658174_model	Fungi	1.0000	0.0000	0.0000	0.0000	0.0000	0.0000
A0A1K0GCJ9_taxID_56427_model_A	Bacteria	0.0000	0.0000	0.9444	0.0000	0.0000	0.0556
A0A4Y8T033_taxID_1428_model_A	Bacteria	0.0000	0.0556	0.9444	0.0000	0.0000	0.0000
A0A562PHQ5_taxID_871742_model_A	Unknown	0.0000	0.0000	0.4118	0.0000	0.0000	0.5882
K1RE44_taxID_29159_model	Metazoa	0.0000	1.0000	0.0000	0.0000	0.0000	0.0000
A0ACC8EKA8_taxID_794803_model_A	Fungi	1.0000	0.0000	0.0000	0.0000	0.0000	0.0000
A0ABN8LP07_taxID_104178_model	Metazoa	0.0000	0.9375	0.0000	0.0000	0.0000	0.0625
A0A4T0VD25_taxID_80884_model_A	Fungi	0.9375	0.0000	0.0000	0.0000	0.0000	0.0625
A0A317XYW1_taxID_1882483_model_A	Fungi	1.0000	0.0000	0.0000	0.0000	0.0000	0.0000
C0NXG2_taxID_447093_model	Fungi	1.0000	0.0000	0.0000	0.0000	0.0000	0.0000
A0A6A4XPI4_taxID_120398_model_A	Other_Eukaryota	0.0000	0.0000	0.0000	0.0000	0.8667	0.1333
A0ABQ8FHW6_taxID_1357716_model	Fungi	1.0000	0.0000	0.0000	0.0000	0.0000	0.0000
A0A4T0BL07_taxID_5580_model_A	Unknown	0.0000	0.0000	0.0000	0.0000	0.0000	1.0000
A0ACC3CDV4_taxID_2788_model	Unknown	0.0000	0.0000	0.0000	0.0000	0.0000	1.0000
A0ABX3CAH5_taxID_1903179_model	Bacteria	0.0000	0.0000	1.0000	0.0000	0.0000	0.0000
A0AAN5YXU1_taxID_293939_model_A	Fungi	1.0000	0.0000	0.0000	0.0000	0.0000	0.0000
A0A1M6FXH1_taxID_1123357_model	Bacteria	0.0000	0.0000	1.0000	0.0000	0.0000	0.0000
A0A0V1A2F9_taxID_990121_model	Unknown	0.0000	0.0000	0.0000	0.0000	0.0000	1.0000
I7ZSX1_taxID_1160506_model	Fungi	1.0000	0.0000	0.0000	0.0000	0.0000	0.0000
I4YAA8_taxID_671144_model	Fungi	1.0000	0.0000	0.0000	0.0000	0.0000	0.0000
A0ABW1EU24_taxID_67265_model_A	Bacteria	0.0000	0.0000	1.0000	0.0000	0.0000	0.0000
A0A8H7IQP6_taxID_45133_model_A	Fungi	1.0000	0.0000	0.0000	0.0000	0.0000	0.0000
Q5VM57_taxID_119864_model	Bacteria	0.0000	0.0000	1.0000	0.0000	0.0000	0.0000
P12031_taxID_6536_model	Metazoa	0.0000	1.0000	0.0000	0.0000	0.0000	0.0000
A0A0D2Y718_taxID_660025_model	Fungi	1.0000	0.0000	0.0000	0.0000	0.0000	0.0000
A0ABX7K4S3_taxID_2812000_model	Bacteria	0.0000	0.0000	1.0000	0.0000	0.0000	0.0000
W4M1T4_taxID_1429439_model	Bacteria	0.0000	0.0000	1.0000	0.0000	0.0000	0.0000
A0AA48HBG1_taxID_254955_model_A	Bacteria	0.0000	0.0000	1.0000	0.0000	0.0000	0.0000
A0A8B6G5H6_taxID_29158_model	Metazoa	0.0000	1.0000	0.0000	0.0000	0.0000	0.0000
D7G9A4_taxID_2880_model	Other_Eukaryota	0.0000	0.0000	0.0000	0.0000	0.6667	0.3333
A0A9D4IXN3_taxID_45954_model	Metazoa	0.0000	0.7778	0.0000	0.0000	0.0000	0.2222
A0ACC2TWG8_taxID_34485_model_A	Fungi	1.0000	0.0000	0.0000	0.0000	0.0000	0.0000
A0A243BGP5_taxID_180881_model_A	Bacteria	0.0000	0.0000	1.0000	0.0000	0.0000	0.0000
A0A9Q8USR0_taxID_5499_model	Fungi	1.0000	0.0000	0.0000	0.0000	0.0000	0.0000
A0A9W9NW18_taxID_5077_model	Fungi	1.0000	0.0000	0.0000	0.0000	0.0000	0.0000
A0A8B8BDB7_taxID_6565_model	Metazoa	0.0000	1.0000	0.0000	0.0000	0.0000	0.0000
A0A8E2ERP3_taxID_574774_model	Fungi	1.0000	0.0000	0.0000	0.0000	0.0000	0.0000
A0ABZ1TQA4_taxID_1961_model_A	Bacteria	0.0000	0.0000	1.0000	0.0000	0.0000	0.0000
A0ABR1G7F2_taxID_44056_model	Other_Eukaryota	0.0000	0.0000	0.0000	0.0000	0.6250	0.3750
A0A6J8BQ47_taxID_42192_model_A	Metazoa	0.0000	1.0000	0.0000	0.0000	0.0000	0.0000
A0ACC2S963_taxID_34485_model_A	Fungi	1.0000	0.0000	0.0000	0.0000	0.0000	0.0000
A1D120_taxID_331117_model	Fungi	0.8750	0.0000	0.0000	0.0000	0.0000	0.1250
A0A388LJ84_taxID_69332_model	Viridiplantae	0.0000	0.0000	0.0000	0.8750	0.0000	0.1250
A0A8T2V804_taxID_49495_model	Viridiplantae	0.0000	0.0000	0.0000	1.0000	0.0000	0.0000
A0ACC2UAS6_taxID_34485_model	Fungi	1.0000	0.0000	0.0000	0.0000	0.0000	0.0000
A0ABU4HHD3_taxID_1940611_model	Bacteria	0.0000	0.0000	1.0000	0.0000	0.0000	0.0000
A0AAD6D6A6_taxID_3151616_model	Fungi	1.0000	0.0000	0.0000	0.0000	0.0000	0.0000
B5RHR0_taxID_515355_model_A	Metazoa	0.0000	1.0000	0.0000	0.0000	0.0000	0.0000
A0ABU4XE34_taxID_3072316_model	Bacteria	0.2857	0.0000	0.5714	0.0000	0.0000	0.1429
A0ABR4H9X8_taxID_176169_model_A	Fungi	1.0000	0.0000	0.0000	0.0000	0.0000	0.0000
V9EUD3_taxID_1317065_model	Other_Eukaryota	0.0000	0.0000	0.0000	0.0000	1.0000	0.0000
D7G530_taxID_2880_model	Other_Eukaryota	0.0000	0.0000	0.0000	0.0000	1.0000	0.0000
A0A6C0KJH1_taxID_1070528_model_A	Unknown	0.0000	0.0000	0.0000	0.0000	0.4286	0.5714
A0A024UGQ1_taxID_157072_model_A	Unknown	0.0000	0.0000	0.0000	0.0000	0.0000	1.0000
A0A9P4W815_taxID_90978_model_A	Fungi	1.0000	0.0000	0.0000	0.0000	0.0000	0.0000
A0ABR8NEN7_taxID_1921566_model_A	Bacteria	0.0000	0.0000	1.0000	0.0000	0.0000	0.0000
A0A918UUM2_taxID_346377_model_A	Bacteria	0.0000	0.0000	1.0000	0.0000	0.0000	0.0000
A0AAD4G8T3_taxID_1328754_model	Fungi	0.8571	0.0000	0.0000	0.0000	0.0000	0.1429
A0ABR9UPM7_taxID_588587_model	Bacteria	0.0000	0.0000	1.0000	0.0000	0.0000	0.0000
M5FY28_taxID_1858805_model	Fungi	1.0000	0.0000	0.0000	0.0000	0.0000	0.0000
A0ACC1K240_taxID_2663919_model	Fungi	1.0000	0.0000	0.0000	0.0000	0.0000	0.0000
A0ABN3I3E9_taxID_66879_model_A	Bacteria	0.0000	0.0000	1.0000	0.0000	0.0000	0.0000
A0AA88YE74_taxID_66713_model	Metazoa	0.0000	1.0000	0.0000	0.0000	0.0000	0.0000
A0AAF6B471_taxID_1480154_model_A	Viridiplantae	0.0000	0.0000	0.0000	1.0000	0.0000	0.0000
A0A6J8EA39_taxID_42192_model	Metazoa	0.0000	0.5000	0.0000	0.0000	0.0000	0.5000
A0AAD7UG90_taxID_2483200_model	Other_Eukaryota	0.0000	0.0000	0.0000	0.0000	1.0000	0.0000
A0A9D4S052_taxID_45954_model	Metazoa	0.0000	1.0000	0.0000	0.0000	0.0000	0.0000
A0ABN8Q7Y1_taxID_104178_model_A	Unknown	0.0000	0.5000	0.0000	0.0000	0.0000	0.5000
A0A8T1WA89_taxID_221518_model	Other_Eukaryota	0.0000	0.0000	0.0000	0.0000	1.0000	0.0000
A0A914EJ37_taxID_290746_model	Metazoa	0.0000	0.6667	0.0000	0.0000	0.0000	0.3333
A0A7X5YKZ1_taxID_74314_model_A	Bacteria	0.0000	0.0000	1.0000	0.0000	0.0000	0.0000
A0A317VAN4_taxID_1448314_model	Fungi	1.0000	0.0000	0.0000	0.0000	0.0000	0.0000
A0AC34F8Y4_taxID_591445_model	Metazoa	0.0000	1.0000	0.0000	0.0000	0.0000	0.0000
A0A1V6R4C4_taxID_29845_model	Fungi	1.0000	0.0000	0.0000	0.0000	0.0000	0.0000
A0A2P6U1K7_taxID_3076_model	Viridiplantae	0.0000	0.0000	0.0000	0.8333	0.0000	0.1667
A0A3E0DHW6_taxID_238540_model_A	Bacteria	0.0000	0.0000	1.0000	0.0000	0.0000	0.0000
A0A560KAP8_taxID_28077_model_A	Bacteria	0.0000	0.0000	1.0000	0.0000	0.0000	0.0000
A0AAN8MJL4_taxID_47235_model_A	Fungi	1.0000	0.0000	0.0000	0.0000	0.0000	0.0000
A0A9X8H3Z6_taxID_112090_model	Other_Eukaryota	0.0000	0.0000	0.0000	0.0000	0.6667	0.3333
D7F7P0_taxID_256056_model_A	Metazoa	0.0000	1.0000	0.0000	0.0000	0.0000	0.0000
A0A1G8B6K0_taxID_504805_model_A	Bacteria	0.0000	0.0000	0.6000	0.0000	0.0000	0.4000
A0A917YB28_taxID_1623582_model_A	Bacteria	0.0000	0.0000	1.0000	0.0000	0.0000	0.0000
A0A7R7XXA9_taxID_1220207_model	Fungi	1.0000	0.0000	0.0000	0.0000	0.0000	0.0000
A0ABR1GDH9_taxID_44056_model	Other_Eukaryota	0.0000	0.0000	0.0000	0.0000	1.0000	0.0000
A0A812PC05_taxID_1628268_model_A	Unknown	0.0000	0.0000	0.0000	0.0000	0.0000	1.0000
A0A6C0KLD2_taxID_1070528_model	Unknown	0.0000	0.0000	0.0000	0.0000	0.0000	1.0000
A0ABQ9PEH4_taxID_1209924_model	Fungi	0.8000	0.0000	0.0000	0.0000	0.0000	0.2000
A0A8H5ZVG9_taxID_209559_model	Fungi	1.0000	0.0000	0.0000	0.0000	0.0000	0.0000
A0A9P1CS61_taxID_2562237_model	Unknown	0.0000	0.0000	0.0000	0.0000	0.0000	1.0000
A0ABT7A7R5_taxID_1384038_model_A	Bacteria	0.0000	0.0000	1.0000	0.0000	0.0000	0.0000
A0A560FH35_taxID_28077_model_A	Bacteria	0.0000	0.0000	1.0000	0.0000	0.0000	0.0000
B7VEV0_taxID_42249_model_A	Fungi	0.8000	0.0000	0.0000	0.0000	0.0000	0.2000
X0Q963_taxID_1219028_model_A	Bacteria	0.0000	0.0000	1.0000	0.0000	0.0000	0.0000
G2XK79_taxID_106299_model	Metazoa	0.0000	1.0000	0.0000	0.0000	0.0000	0.0000
A0A0L8HYV5_taxID_37653_model	Metazoa	0.0000	1.0000	0.0000	0.0000	0.0000	0.0000
A0ABW1X6F3_taxID_162170_model_A	Bacteria	0.0000	0.0000	1.0000	0.0000	0.0000	0.0000
A0A2B7X6I9_taxID_2060905_model_A	Fungi	1.0000	0.0000	0.0000	0.0000	0.0000	0.0000
A0A137PJ55_taxID_796925_model	Fungi	1.0000	0.0000	0.0000	0.0000	0.0000	0.0000
A0A8B6ECL8_taxID_29158_model_A	Metazoa	0.0000	1.0000	0.0000	0.0000	0.0000	0.0000
A0ABY5LRC9_taxID_747523_model	Bacteria	0.0000	0.0000	1.0000	0.0000	0.0000	0.0000
A0A8E2F331_taxID_574774_model_A	Fungi	1.0000	0.0000	0.0000	0.0000	0.0000	0.0000
A0AA95F4Q0_taxID_3121368_model	Unknown	0.0000	0.0000	0.0000	0.0000	0.0000	1.0000
A0ABU9Y882_taxID_301154_model_A	Bacteria	0.0000	0.0000	0.7500	0.0000	0.0000	0.2500
A0A507FH99_taxID_246404_model	Fungi	1.0000	0.0000	0.0000	0.0000	0.0000	0.0000
A0AAJ0BIF4_taxID_438768_model_A	Fungi	1.0000	0.0000	0.0000	0.0000	0.0000	0.0000
A0AA36MVQ5_taxID_2562239_model	Unknown	0.0000	0.0000	0.0000	0.0000	0.0000	1.0000
A0A9W9L8K5_taxID_126998_model	Fungi	0.5000	0.0000	0.0000	0.0000	0.0000	0.5000
A0A101MLX7_taxID_48697_model	Fungi	1.0000	0.0000	0.0000	0.0000	0.0000	0.0000
A0AAN6M0W3_taxID_1892770_model_A	Fungi	1.0000	0.0000	0.0000	0.0000	0.0000	0.0000
A0A7M5XIS8_taxID_252671_model	Unknown	0.0000	0.0000	0.0000	0.0000	0.0000	1.0000
A0ABN8NRX3_taxID_104759_model	Metazoa	0.0000	1.0000	0.0000	0.0000	0.0000	0.0000
A0A385SND3_taxID_2321403_model	Bacteria	0.0000	0.0000	1.0000	0.0000	0.0000	0.0000
A0ABR0J2L1_taxID_1016849_model	Fungi	1.0000	0.0000	0.0000	0.0000	0.0000	0.0000
F6R2I4_taxID_7719_model_A	Metazoa	0.0000	1.0000	0.0000	0.0000	0.0000	0.0000
A0A812UTX8_taxID_2952_model	Unknown	0.0000	0.0000	0.0000	0.0000	0.0000	1.0000
A0ACC1HGN9_taxID_68401_model	Fungi	1.0000	0.0000	0.0000	0.0000	0.0000	0.0000
A0A1H9TR89_taxID_402600_model_A	Bacteria	0.0000	0.0000	1.0000	0.0000	0.0000	0.0000
A0A9P3G846_taxID_48140_model	Fungi	1.0000	0.0000	0.0000	0.0000	0.0000	0.0000
A0A9W9K980_taxID_116970_model	Fungi	1.0000	0.0000	0.0000	0.0000	0.0000	0.0000
G1XQQ0_taxID_756982_model	Fungi	1.0000	0.0000	0.0000	0.0000	0.0000	0.0000
A0ACC2TSA8_taxID_34485_model	Fungi	1.0000	0.0000	0.0000	0.0000	0.0000	0.0000
A0A7C8R885_taxID_2813651_model	Fungi	1.0000	0.0000	0.0000	0.0000	0.0000	0.0000
A0A8T2IFN5_taxID_247094_model	Metazoa	0.0000	1.0000	0.0000	0.0000	0.0000	0.0000
E8T7H2_taxID_765698_model_A	Bacteria	0.0000	0.0000	1.0000	0.0000	0.0000	0.0000
A0A0G4ICW5_taxID_1169474_model	Unknown	0.0000	0.0000	0.0000	0.0000	0.0000	1.0000
A0A507BB61_taxID_1093900_model	Fungi	1.0000	0.0000	0.0000	0.0000	0.0000	0.0000
A0ABZ0TQ63_taxID_1173583_model	Bacteria	0.0000	0.0000	1.0000	0.0000	0.0000	0.0000
A0ABY9ITB8_taxID_2798799_model	Bacteria	0.0000	0.0000	1.0000	0.0000	0.0000	0.0000
A0A409XK29_taxID_93625_model	Fungi	0.7500	0.0000	0.0000	0.0000	0.0000	0.2500
A0A137P4K7_taxID_796925_model_A	Fungi	1.0000	0.0000	0.0000	0.0000	0.0000	0.0000
A0A6A4Z1Y6_taxID_112090_model	Other_Eukaryota	0.0000	0.0000	0.0000	0.0000	1.0000	0.0000
A0ABV2RXN8_taxID_375_model	Bacteria	0.0000	0.0000	1.0000	0.0000	0.0000	0.0000
A0A0N5CHB0_taxID_174720_model	Metazoa	0.0000	1.0000	0.0000	0.0000	0.0000	0.0000
A0A1R4H6E4_taxID_360316_model_A	Bacteria	0.0000	0.0000	0.6667	0.0000	0.0000	0.3333
A0A6J4N0K6_taxID_203437_model	Bacteria	0.0000	0.0000	1.0000	0.0000	0.0000	0.0000
A0A0D6R7V1_taxID_56994_model	Fungi	0.6667	0.0000	0.0000	0.3333	0.0000	0.0000
A0A162K920_taxID_1081108_model	Fungi	1.0000	0.0000	0.0000	0.0000	0.0000	0.0000
A0A9W7ZTN6_taxID_417184_model_A	Fungi	1.0000	0.0000	0.0000	0.0000	0.0000	0.0000
A0A9W8HTJ6_taxID_1126814_model	Fungi	1.0000	0.0000	0.0000	0.0000	0.0000	0.0000
A0A1I4PP49_taxID_44574_model_A	Bacteria	0.0000	0.0000	1.0000	0.0000	0.0000	0.0000
A0A369IH70_taxID_2282308_model	Bacteria	0.0000	0.0000	1.0000	0.0000	0.0000	0.0000
A0A6A3VUU9_taxID_53985_model_A	Other_Eukaryota	0.0000	0.0000	0.0000	0.0000	1.0000	0.0000
A0ACC2UNN5_taxID_34485_model	Fungi	1.0000	0.0000	0.0000	0.0000	0.0000	0.0000
A0A6G0QFF2_taxID_53985_model	Unknown	0.0000	0.0000	0.0000	0.0000	0.0000	1.0000
A0A7X1YCU5_taxID_1608996_model_A	Bacteria	0.0000	0.0000	1.0000	0.0000	0.0000	0.0000
A0AAD5X2U5_taxID_64517_model	Fungi	1.0000	0.0000	0.0000	0.0000	0.0000	0.0000
A0A7S2BXX5_taxID_236787_model	Other_Eukaryota	0.0000	0.0000	0.0000	0.0000	1.0000	0.0000
A0A9D4IDS9_taxID_45954_model	Unknown	0.0000	0.0000	0.0000	0.0000	0.0000	1.0000
A0ACC4D7E4_taxID_33203_model	Fungi	1.0000	0.0000	0.0000	0.0000	0.0000	0.0000
A0A4S2H0H1_taxID_2029849_model	Bacteria	0.0000	0.0000	0.6667	0.0000	0.0000	0.3333
A0A7S1A6W1_taxID_2966_model	Other_Eukaryota	0.0000	0.0000	0.0000	0.0000	0.6667	0.3333
A0A973WA96_taxID_1404411_model_A	Bacteria	0.0000	0.0000	1.0000	0.0000	0.0000	0.0000
A0A418BCD2_taxID_112090_model	Other_Eukaryota	0.0000	0.0000	0.0000	0.0000	1.0000	0.0000
A0ABD3VFH0_taxID_1069815_model	Metazoa	0.0000	1.0000	0.0000	0.0000	0.0000	0.0000
A0A1D8P699_taxID_1850246_model_A	Bacteria	0.0000	0.0000	1.0000	0.0000	0.0000	0.0000
A0A6V7V401_taxID_390850_model	Metazoa	0.0000	1.0000	0.0000	0.0000	0.0000	0.0000
A0A7S3XTZ6_taxID_2829_model_A	Other_Eukaryota	0.0000	0.0000	0.0000	0.0000	1.0000	0.0000
A0A8J5Q1X9_taxID_96318_model_A	Fungi	1.0000	0.0000	0.0000	0.0000	0.0000	0.0000
A0A7J5D2K3_taxID_2651189_model	Bacteria	0.0000	0.0000	1.0000	0.0000	0.0000	0.0000
A0A093VIP7_taxID_1077442_model	Fungi	0.6667	0.0000	0.0000	0.0000	0.0000	0.3333
A0A239B9T9_taxID_1627892_model	Bacteria	0.0000	0.0000	1.0000	0.0000	0.0000	0.0000
R7QH23_taxID_2769_model	Unknown	0.0000	0.0000	0.0000	0.0000	0.0000	1.0000
A0A0L0T3A5_taxID_578462_model	Fungi	1.0000	0.0000	0.0000	0.0000	0.0000	0.0000
A0ACA9Q961_taxID_160502_model	Fungi	1.0000	0.0000	0.0000	0.0000	0.0000	0.0000
A0A9D4IFB3_taxID_45954_model	Metazoa	0.0000	1.0000	0.0000	0.0000	0.0000	0.0000
A0AAD7UIM9_taxID_2483200_model_A	Other_Eukaryota	0.0000	0.0000	0.0000	0.0000	1.0000	0.0000
F4NWE6_taxID_684364_model	Fungi	1.0000	0.0000	0.0000	0.0000	0.0000	0.0000
A0A914HSN4_taxID_31243_model	Metazoa	0.0000	1.0000	0.0000	0.0000	0.0000	0.0000
A0A0A7CM93_taxID_74557_model	Unknown	0.0000	0.0000	0.0000	0.0000	0.0000	1.0000
A0ABR1G8A5_taxID_44056_model	Other_Eukaryota	0.0000	0.0000	0.0000	0.0000	1.0000	0.0000
A0A8H6YHY9_taxID_230812_model_A	Fungi	0.6667	0.0000	0.0000	0.0000	0.0000	0.3333
S4Y1J2_taxID_1254432_model_A	Bacteria	0.0000	0.0000	1.0000	0.0000	0.0000	0.0000
A0A517MIN1_taxID_1930274_model_A	Bacteria	0.0000	0.0000	0.6667	0.0000	0.0000	0.3333
L7JPW8_taxID_1143193_model	Fungi	1.0000	0.0000	0.0000	0.0000	0.0000	0.0000
A0AAW0RA81_taxID_1337665_model	Fungi	1.0000	0.0000	0.0000	0.0000	0.0000	0.0000
A0A0W8DAM1_taxID_4792_model	Unknown	0.0000	0.0000	0.0000	0.0000	0.0000	1.0000
A0A0F6AHE7_taxID_1129367_model	Bacteria	0.0000	0.0000	1.0000	0.0000	0.0000	0.0000
A0AA40C5N3_taxID_869390_model_A	Fungi	1.0000	0.0000	0.0000	0.0000	0.0000	0.0000
A0A401VX81_taxID_92743_model_A	Bacteria	0.0000	0.0000	1.0000	0.0000	0.0000	0.0000
A0A9Q3H9V3_taxID_1389203_model	Unknown	0.3333	0.0000	0.0000	0.0000	0.0000	0.6667
A0AAN6PSA1_taxID_113614_model_A	Unknown	0.0000	0.0000	0.0000	0.0000	0.0000	1.0000
A0A7G5C193_taxID_2598458_model	Unknown	0.0000	0.0000	0.0000	0.0000	0.0000	1.0000
K1PI66_taxID_29159_model_A	Metazoa	0.0000	1.0000	0.0000	0.0000	0.0000	0.0000
A0AAF3EPZ4_taxID_2138241_model	Metazoa	0.0000	1.0000	0.0000	0.0000	0.0000	0.0000
A0A1I4MA92_taxID_44574_model	Bacteria	0.0000	0.0000	1.0000	0.0000	0.0000	0.0000
A0ABD2I4S2_taxID_97005_model	Metazoa	0.0000	1.0000	0.0000	0.0000	0.0000	0.0000
A0A914L8Q5_taxID_6306_model	Metazoa	0.0000	1.0000	0.0000	0.0000	0.0000	0.0000
A0A9X0BRX4_taxID_1303715_model	Fungi	1.0000	0.0000	0.0000	0.0000	0.0000	0.0000
A0A7C8NXU1_taxID_2813651_model_A	Fungi	1.0000	0.0000	0.0000	0.0000	0.0000	0.0000
A0A8J3BBZ6_taxID_53371_model_A	Bacteria	0.0000	0.0000	1.0000	0.0000	0.0000	0.0000
A0ABT4AC96_taxID_2995310_model_A	Bacteria	0.0000	0.0000	1.0000	0.0000	0.0000	0.0000
A0ABV9I266_taxID_2041041_model_A	Unknown	0.0000	0.0000	0.0000	0.0000	0.0000	1.0000
A0A9W9MFP2_taxID_2972120_model	Fungi	1.0000	0.0000	0.0000	0.0000	0.0000	0.0000
Q0UEG5_taxID_321614_model_A	Fungi	1.0000	0.0000	0.0000	0.0000	0.0000	0.0000
A0A1H7VPR3_taxID_183556_model_A	Unknown	0.0000	0.0000	0.0000	0.0000	0.0000	1.0000
A0ABR4NG22_taxID_2732419_model_A	Fungi	1.0000	0.0000	0.0000	0.0000	0.0000	0.0000
D0N9N0_taxID_403677_model	Other_Eukaryota	0.0000	0.0000	0.0000	0.0000	1.0000	0.0000
A0ABD2HV04_taxID_157864_model	Metazoa	0.0000	1.0000	0.0000	0.0000	0.0000	0.0000
A0A7R9Q0Z3_taxID_1979941_model_A	Metazoa	0.0000	0.6667	0.0000	0.0000	0.0000	0.3333
A0A9P8G4G9_taxID_46634_model_A	Unknown	0.0000	0.0000	0.0000	0.0000	0.0000	1.0000
A0A167H3K1_taxID_1330018_model_A	Fungi	1.0000	0.0000	0.0000	0.0000	0.0000	0.0000
A0ABD2JQD7_taxID_157864_model	Metazoa	0.0000	0.6667	0.0000	0.0000	0.0000	0.3333
A0ABX1J3I2_taxID_2724524_model	Bacteria	0.0000	0.0000	1.0000	0.0000	0.0000	0.0000
A0ACC2SZ27_taxID_34485_model	Fungi	1.0000	0.0000	0.0000	0.0000	0.0000	0.0000
A0ABM4B626_taxID_6087_model	Metazoa	0.0000	1.0000	0.0000	0.0000	0.0000	0.0000
A0A9X1T348_taxID_2907202_model_A	Bacteria	0.0000	0.0000	1.0000	0.0000	0.0000	0.0000
A0A6C0HZK6_taxID_1070528_model_A	Unknown	0.0000	0.0000	0.0000	0.0000	0.0000	1.0000
A0ABY7DU75_taxID_6604_model	Metazoa	0.0000	0.6667	0.0000	0.0000	0.0000	0.3333
A0ABD2M4S6_taxID_157864_model	Metazoa	0.0000	1.0000	0.0000	0.0000	0.0000	0.0000
A0A8B6G0L3_taxID_29158_model	Metazoa	0.0000	1.0000	0.0000	0.0000	0.0000	0.0000
A0A6J8DL31_taxID_42192_model_A	Metazoa	0.0000	1.0000	0.0000	0.0000	0.0000	0.0000
A0ABQ8PGU0_taxID_1424467_model	Fungi	1.0000	0.0000	0.0000	0.0000	0.0000	0.0000
R1DV14_taxID_2903_model	Unknown	0.0000	0.0000	0.0000	0.0000	0.0000	1.0000
A0A5C4MAR0_taxID_2585211_model_A	Bacteria	0.0000	0.0000	1.0000	0.0000	0.0000	0.0000
A0A0L8FPZ6_taxID_37653_model	Metazoa	0.0000	1.0000	0.0000	0.0000	0.0000	0.0000
A0AAE4B0Y3_taxID_137267_model_A	Bacteria	0.0000	0.0000	1.0000	0.0000	0.0000	0.0000
R1DG64_taxID_2903_model	Unknown	0.0000	0.0000	0.0000	0.0000	0.0000	1.0000
A0ACC2U6X5_taxID_34485_model_A	Fungi	1.0000	0.0000	0.0000	0.0000	0.0000	0.0000
A0A388LXR0_taxID_69332_model	Viridiplantae	0.0000	0.0000	0.0000	1.0000	0.0000	0.0000
R1CV39_taxID_2903_model	Unknown	0.0000	0.0000	0.0000	0.0000	0.0000	1.0000
A0A8B8UEC6_taxID_419612_model	Metazoa	0.0000	1.0000	0.0000	0.0000	0.0000	0.0000
A0A1R1XH13_taxID_133412_model_A	Fungi	1.0000	0.0000	0.0000	0.0000	0.0000	0.0000
A0A074W6F3_taxID_1043004_model_A	Unknown	0.0000	0.0000	0.0000	0.0000	0.0000	1.0000
A0AAW1PJY0_taxID_41462_model	Viridiplantae	0.0000	0.0000	0.0000	1.0000	0.0000	0.0000
A0A2U1J1R3_taxID_133377_model_A	Fungi	1.0000	0.0000	0.0000	0.0000	0.0000	0.0000
A0A0Y0HPL2_taxID_211853_model	Metazoa	0.0000	1.0000	0.0000	0.0000	0.0000	0.0000
A0A521CC92_taxID_686389_model_A	Bacteria	0.0000	0.0000	1.0000	0.0000	0.0000	0.0000
A0A9X1U998_taxID_2911009_model	Bacteria	0.0000	0.0000	1.0000	0.0000	0.0000	0.0000
A0A8B6GUE4_taxID_29158_model_A	Metazoa	0.0000	1.0000	0.0000	0.0000	0.0000	0.0000
R1E1C7_taxID_2903_model	Unknown	0.0000	0.0000	0.0000	0.0000	0.0000	1.0000
A0A238URH8_taxID_1938746_model_A	Bacteria	0.0000	0.0000	1.0000	0.0000	0.0000	0.0000
A0A3N4LW77_taxID_1051890_model	Fungi	1.0000	0.0000	0.0000	0.0000	0.0000	0.0000
A0ABR3TC55_taxID_856260_model	Fungi	1.0000	0.0000	0.0000	0.0000	0.0000	0.0000
A0A9W9W781_taxID_1131564_model	Fungi	1.0000	0.0000	0.0000	0.0000	0.0000	0.0000
A0ABX1MAQ9_taxID_417115_model_A	Bacteria	0.0000	0.0000	1.0000	0.0000	0.0000	0.0000
R7THS2_taxID_283909_model	Metazoa	0.0000	1.0000	0.0000	0.0000	0.0000	0.0000
A0A238WEM5_taxID_1214787_model_A	Bacteria	0.0000	0.0000	1.0000	0.0000	0.0000	0.0000
B7GA89_taxID_556484_model	Other_Eukaryota	0.0000	0.0000	0.0000	0.0000	1.0000	0.0000
A0A383V433_taxID_3088_model	Viridiplantae	0.0000	0.0000	0.0000	1.0000	0.0000	0.0000
A0ABQ6N7K7_taxID_2962635_model	Unknown	0.0000	0.0000	0.0000	0.0000	0.5000	0.5000
D7F7Q2_taxID_55704_model_A	Metazoa	0.0000	1.0000	0.0000	0.0000	0.0000	0.0000
A0AAF6AWZ7_taxID_1480154_model	Viridiplantae	0.0000	0.0000	0.0000	1.0000	0.0000	0.0000
A0A2P6U0E0_taxID_3076_model	Viridiplantae	0.0000	0.0000	0.0000	1.0000	0.0000	0.0000
A0ABT2ZPY2_taxID_2984134_model	Bacteria	0.0000	0.0000	1.0000	0.0000	0.0000	0.0000
A0A5C3FY00_taxID_84753_model	Fungi	1.0000	0.0000	0.0000	0.0000	0.0000	0.0000
H2A0L0_taxID_102329_model_A	Metazoa	0.0000	1.0000	0.0000	0.0000	0.0000	0.0000
A0A6V7XS50_taxID_390850_model	Metazoa	0.0000	1.0000	0.0000	0.0000	0.0000	0.0000
Q21NZ9_taxID_203122_model_A	Bacteria	0.0000	0.0000	1.0000	0.0000	0.0000	0.0000
A0AAD5DNT7_taxID_2649997_model	Viridiplantae	0.0000	0.0000	0.0000	1.0000	0.0000	0.0000
A0A507F3F5_taxID_246404_model	Fungi	1.0000	0.0000	0.0000	0.0000	0.0000	0.0000
A0A1Y0C4U3_taxID_482462_model_A	Bacteria	0.0000	0.0000	1.0000	0.0000	0.0000	0.0000
A0ACC2U885_taxID_34485_model	Fungi	1.0000	0.0000	0.0000	0.0000	0.0000	0.0000
A0ABR9BSA8_taxID_2774143_model	Unknown	0.0000	0.0000	0.0000	0.0000	0.0000	1.0000
A0ACC1PEW3_taxID_42375_model_A	Fungi	1.0000	0.0000	0.0000	0.0000	0.0000	0.0000
A0A9N9LXW2_taxID_595503_model_A	Fungi	1.0000	0.0000	0.0000	0.0000	0.0000	0.0000
A0A139I097_taxID_113226_model	Fungi	1.0000	0.0000	0.0000	0.0000	0.0000	0.0000
A0AAD5XMD9_taxID_109894_model	Fungi	1.0000	0.0000	0.0000	0.0000	0.0000	0.0000
A0A2B4SG55_taxID_50429_model_A	Metazoa	0.0000	0.5000	0.0000	0.0000	0.0000	0.5000
A0AAV9GFL8_taxID_3040156_model	Fungi	1.0000	0.0000	0.0000	0.0000	0.0000	0.0000
W4H5H4_taxID_112090_model	Other_Eukaryota	0.0000	0.0000	0.0000	0.0000	1.0000	0.0000
B8J766_taxID_455488_model	Bacteria	0.0000	0.0000	1.0000	0.0000	0.0000	0.0000
A0ABR4TSS6_taxID_1353532_model	Bacteria	0.0000	0.0000	1.0000	0.0000	0.0000	0.0000
A0ABR2XQM0_taxID_138064_model	Fungi	1.0000	0.0000	0.0000	0.0000	0.0000	0.0000
A0AAV9ILT6_taxID_3028027_model	Unknown	0.0000	0.0000	0.0000	0.0000	0.0000	1.0000
F4NVT9_taxID_684364_model	Fungi	1.0000	0.0000	0.0000	0.0000	0.0000	0.0000
A0ABY7EU49_taxID_6604_model	Unknown	0.0000	0.0000	0.0000	0.0000	0.0000	1.0000
A0ABR6YEY6_taxID_2762297_model_A	Bacteria	0.0000	0.0000	1.0000	0.0000	0.0000	0.0000
A0A8B8EFI5_taxID_6565_model	Metazoa	0.0000	1.0000	0.0000	0.0000	0.0000	0.0000
A0A3P3YML5_taxID_37360_model_A	Unknown	0.0000	0.0000	0.0000	0.0000	0.0000	1.0000
R1CU85_taxID_2903_model	Unknown	0.0000	0.0000	0.0000	0.0000	0.0000	1.0000
A0A024CHH0_taxID_104660_model_A	Metazoa	0.0000	1.0000	0.0000	0.0000	0.0000	0.0000
A0A8A1MPW2_taxID_5037_model	Fungi	1.0000	0.0000	0.0000	0.0000	0.0000	0.0000
A0ABQ8PFV0_taxID_1424467_model	Fungi	1.0000	0.0000	0.0000	0.0000	0.0000	0.0000
A0A0G4IUF0_taxID_37360_model_A	Unknown	0.0000	0.0000	0.0000	0.0000	0.0000	1.0000
A0A2A2JDX4_taxID_2018661_model	Metazoa	0.0000	1.0000	0.0000	0.0000	0.0000	0.0000
E3REK7_taxID_861557_model	Fungi	1.0000	0.0000	0.0000	0.0000	0.0000	0.0000
A0A9K3LNV3_taxID_303405_model	Other_Eukaryota	0.0000	0.0000	0.0000	0.0000	1.0000	0.0000
A0ABQ3YUV3_taxID_113563_model_A	Bacteria	0.0000	0.0000	1.0000	0.0000	0.0000	0.0000
A0ABR1CMH9_taxID_51031_model	Metazoa	0.0000	1.0000	0.0000	0.0000	0.0000	0.0000
A0AAD7UE96_taxID_2483200_model	Other_Eukaryota	0.0000	0.0000	0.0000	0.0000	1.0000	0.0000
A0A222YSB4_taxID_106299_model	Metazoa	0.0000	1.0000	0.0000	0.0000	0.0000	0.0000
A0A507DWN6_taxID_109895_model	Fungi	1.0000	0.0000	0.0000	0.0000	0.0000	0.0000
M7TED0_taxID_1287681_model	Fungi	1.0000	0.0000	0.0000	0.0000	0.0000	0.0000
W9HKZ6_taxID_660029_model	Fungi	1.0000	0.0000	0.0000	0.0000	0.0000	0.0000
A0A167RCQ6_taxID_5076_model	Fungi	0.5000	0.0000	0.5000	0.0000	0.0000	0.0000
A0A7S1T768_taxID_31354_model	Unknown	0.0000	0.0000	0.0000	0.0000	0.0000	1.0000
A0ACC2RRJ6_taxID_34485_model	Fungi	1.0000	0.0000	0.0000	0.0000	0.0000	0.0000
A0A3P3YJM5_taxID_37360_model_A	Unknown	0.0000	0.0000	0.0000	0.0000	0.0000	1.0000
A0A914VGJ7_taxID_2011161_model	Unknown	0.0000	0.0000	0.0000	0.0000	0.0000	1.0000
A0A8B6EUU7_taxID_29158_model	Metazoa	0.0000	1.0000	0.0000	0.0000	0.0000	0.0000
A0A432M9S8_taxID_1927959_model_A	Bacteria	0.0000	0.0000	1.0000	0.0000	0.0000	0.0000
A0ACC1HST6_taxID_68401_model	Fungi	1.0000	0.0000	0.0000	0.0000	0.0000	0.0000
A0ABR2XQ66_taxID_138064_model_A	Fungi	1.0000	0.0000	0.0000	0.0000	0.0000	0.0000
A0A6A6U210_taxID_703497_model_A	Fungi	1.0000	0.0000	0.0000	0.0000	0.0000	0.0000
A9G933_taxID_448385_model_A	Bacteria	0.0000	0.0000	1.0000	0.0000	0.0000	0.0000
A0A0A1UJW0_taxID_1086054_model	Fungi	1.0000	0.0000	0.0000	0.0000	0.0000	0.0000
A0A2T9ZGW2_taxID_133381_model_A	Fungi	1.0000	0.0000	0.0000	0.0000	0.0000	0.0000
A0A0G4IUQ3_taxID_37360_model	Unknown	0.0000	0.0000	0.0000	0.0000	0.0000	1.0000
A0ABN7W897_taxID_4874_model_A	Fungi	1.0000	0.0000	0.0000	0.0000	0.0000	0.0000
A0A918SV45_taxID_543356_model	Unknown	0.0000	0.0000	0.0000	0.0000	0.0000	1.0000
A0A0L0SBE5_taxID_578462_model	Fungi	1.0000	0.0000	0.0000	0.0000	0.0000	0.0000
A0A6J8E904_taxID_42192_model	Metazoa	0.0000	1.0000	0.0000	0.0000	0.0000	0.0000
A0ACC2U7B3_taxID_34485_model	Unknown	0.0000	0.0000	0.0000	0.0000	0.0000	1.0000
A0A166CKA0_taxID_1314776_model	Fungi	1.0000	0.0000	0.0000	0.0000	0.0000	0.0000
A0A5N5D1B5_taxID_45133_model_A	Fungi	1.0000	0.0000	0.0000	0.0000	0.0000	0.0000
A0ACC3YYZ1_taxID_5467_model_A	Fungi	1.0000	0.0000	0.0000	0.0000	0.0000	0.0000
A0AA39XPR0_taxID_869390_model	Fungi	1.0000	0.0000	0.0000	0.0000	0.0000	0.0000
A0A2B7X5B2_taxID_2060905_model	Fungi	1.0000	0.0000	0.0000	0.0000	0.0000	0.0000
D7F7N9_taxID_430697_model_A	Metazoa	0.0000	1.0000	0.0000	0.0000	0.0000	0.0000
A0ABY0GL25_taxID_119927_model	Fungi	1.0000	0.0000	0.0000	0.0000	0.0000	0.0000
A0A0L0SHB1_taxID_578462_model	Fungi	1.0000	0.0000	0.0000	0.0000	0.0000	0.0000
G1X3U2_taxID_756982_model_A	Fungi	1.0000	0.0000	0.0000	0.0000	0.0000	0.0000
A0A9P7HHT8_taxID_40199_model	Fungi	1.0000	0.0000	0.0000	0.0000	0.0000	0.0000
A0A8J4S5D5_taxID_1284355_model	Other_Eukaryota	0.0000	0.0000	0.0000	0.0000	1.0000	0.0000
A0ACC2URU6_taxID_34485_model	Fungi	1.0000	0.0000	0.0000	0.0000	0.0000	0.0000
A0A8B6FJF9_taxID_29158_model	Metazoa	0.0000	1.0000	0.0000	0.0000	0.0000	0.0000
A0A7R9M988_taxID_334625_model	Metazoa	0.0000	0.5000	0.5000	0.0000	0.0000	0.0000
A0ABU5KX76_taxID_2219225_model	Bacteria	0.0000	0.0000	1.0000	0.0000	0.0000	0.0000
A0A937KDI5_taxID_2494733_model_A	Bacteria	0.0000	0.0000	0.5000	0.0000	0.0000	0.5000
D8PI13_taxID_330214_model	Bacteria	0.0000	0.0000	1.0000	0.0000	0.0000	0.0000
A0A2S2CSR8_taxID_2202148_model_A	Bacteria	0.0000	0.0000	1.0000	0.0000	0.0000	0.0000
A0A8S3RU87_taxID_6550_model	Metazoa	0.0000	1.0000	0.0000	0.0000	0.0000	0.0000
A0A507ENT8_taxID_246404_model	Fungi	1.0000	0.0000	0.0000	0.0000	0.0000	0.0000
A0AA40AMQ6_taxID_314023_model	Fungi	1.0000	0.0000	0.0000	0.0000	0.0000	0.0000
A0ABU3LA82_taxID_3076079_model_A	Unknown	0.0000	0.0000	0.5000	0.0000	0.0000	0.5000
A0A286UXE3_taxID_2282107_model	Fungi	1.0000	0.0000	0.0000	0.0000	0.0000	0.0000
N4XMY1_taxID_665024_model	Fungi	1.0000	0.0000	0.0000	0.0000	0.0000	0.0000
R1D043_taxID_2903_model	Unknown	0.0000	0.0000	0.0000	0.0000	0.0000	1.0000
A0ABY8UC38_taxID_3088_model	Viridiplantae	0.0000	0.0000	0.0000	1.0000	0.0000	0.0000
A0A0N4X7Y7_taxID_6290_model	Metazoa	0.0000	1.0000	0.0000	0.0000	0.0000	0.0000
A0ABN8LS46_taxID_104178_model_A	Unknown	0.0000	0.0000	0.0000	0.0000	0.0000	1.0000
A0A6A6UE26_taxID_703497_model	Fungi	1.0000	0.0000	0.0000	0.0000	0.0000	0.0000
A0A1M6UBL7_taxID_156994_model_A	Bacteria	0.0000	0.0000	1.0000	0.0000	0.0000	0.0000
A0ABD2K750_taxID_157864_model	Metazoa	0.0000	1.0000	0.0000	0.0000	0.0000	0.0000
A0A319DU28_taxID_1448320_model	Fungi	1.0000	0.0000	0.0000	0.0000	0.0000	0.0000
A0A4Z1K5V5_taxID_87229_model	Unknown	0.0000	0.0000	0.0000	0.0000	0.0000	1.0000
A0A7S2D0S4_taxID_3111310_model	Unknown	0.0000	0.0000	0.0000	0.0000	0.5000	0.5000
A0ABM1VVY2_taxID_6500_model	Unknown	0.0000	0.0000	0.0000	0.0000	0.0000	1.0000
A0ACC2SRV0_taxID_34485_model	Fungi	1.0000	0.0000	0.0000	0.0000	0.0000	0.0000
A0A9K3LRN8_taxID_303405_model	Other_Eukaryota	0.0000	0.0000	0.0000	0.0000	1.0000	0.0000
A0A6G8RXV7_taxID_2715164_model	Unknown	0.0000	0.0000	0.5000	0.0000	0.0000	0.5000
Q2Y722_taxID_323848_model_A	Bacteria	0.0000	0.0000	1.0000	0.0000	0.0000	0.0000
A0A2R2MNF5_taxID_7574_model	Metazoa	0.0000	1.0000	0.0000	0.0000	0.0000	0.0000
A0A0D2D9V1_taxID_569365_model	Fungi	1.0000	0.0000	0.0000	0.0000	0.0000	0.0000
A0ACC1MA94_taxID_417176_model_A	Fungi	1.0000	0.0000	0.0000	0.0000	0.0000	0.0000
A0A7H8QRN6_taxID_121627_model	Fungi	1.0000	0.0000	0.0000	0.0000	0.0000	0.0000
A0AAD5XXJ6_taxID_447962_model	Fungi	1.0000	0.0000	0.0000	0.0000	0.0000	0.0000
A0AAJ6N653_taxID_2736_model_A	Bacteria	0.0000	0.0000	1.0000	0.0000	0.0000	0.0000
A0A8S3QWT6_taxID_6550_model	Metazoa	0.0000	1.0000	0.0000	0.0000	0.0000	0.0000
G1XSL1_taxID_756982_model	Fungi	1.0000	0.0000	0.0000	0.0000	0.0000	0.0000
A0A813K9V7_taxID_89957_model	Unknown	0.0000	0.0000	0.0000	0.0000	0.0000	1.0000
A0AAU7KSU2_taxID_2950874_model	Bacteria	0.0000	0.0000	1.0000	0.0000	0.0000	0.0000
A0A7S3K2N9_taxID_44058_model	Other_Eukaryota	0.0000	0.0000	0.0000	0.0000	1.0000	0.0000
Q8FPM1_taxID_196164_model	Bacteria	0.0000	0.0000	1.0000	0.0000	0.0000	0.0000
A0A8J5XMZ9_taxID_2081491_model	Unknown	0.0000	0.0000	0.0000	0.0000	0.0000	1.0000
A0ACB5SAS9_taxID_310453_model	Fungi	1.0000	0.0000	0.0000	0.0000	0.0000	0.0000
A0A937DCB0_taxID_874423_model_A	Bacteria	0.0000	0.0000	1.0000	0.0000	0.0000	0.0000
A0AAV2YLR3_taxID_4803_model_A	Other_Eukaryota	0.0000	0.0000	0.0000	0.0000	1.0000	0.0000
A0AAV2YAN2_taxID_4803_model	Other_Eukaryota	0.0000	0.0000	0.0000	0.0000	1.0000	0.0000
A0A7E6EME7_taxID_2607531_model	Metazoa	0.0000	1.0000	0.0000	0.0000	0.0000	0.0000
A0A0U9HU61_taxID_105231_model_A	Viridiplantae	0.0000	0.0000	0.0000	1.0000	0.0000	0.0000
A0AAV7JPI2_taxID_111878_model	Metazoa	0.0000	1.0000	0.0000	0.0000	0.0000	0.0000
A0AAV5TCG8_taxID_358040_model_A	Metazoa	0.0000	1.0000	0.0000	0.0000	0.0000	0.0000
F2TQ63_taxID_653446_model_A	Fungi	1.0000	0.0000	0.0000	0.0000	0.0000	0.0000
A0ABV6PMV7_taxID_511108_model_A	Bacteria	0.0000	0.0000	1.0000	0.0000	0.0000	0.0000
A0ABR7X9J7_taxID_534635_model_A	Unknown	0.0000	0.0000	0.5000	0.0000	0.0000	0.5000
A0A1R1YG85_taxID_133412_model_A	Fungi	1.0000	0.0000	0.0000	0.0000	0.0000	0.0000
A0A7X5ASN3_taxID_265726_model	Unknown	0.0000	0.0000	0.0000	0.0000	0.0000	1.0000
A0A8W8K3X4_taxID_29159_model_A	Metazoa	0.0000	1.0000	0.0000	0.0000	0.0000	0.0000
G4Z7X0_taxID_1094619_model_A	Unknown	0.0000	0.0000	0.0000	0.0000	0.0000	1.0000
A0A1G5ZDT2_taxID_1165689_model	Bacteria	0.0000	0.0000	1.0000	0.0000	0.0000	0.0000
A0A2U1IVG1_taxID_133377_model	Fungi	1.0000	0.0000	0.0000	0.0000	0.0000	0.0000
A0AAN8JC93_taxID_87958_model	Metazoa	0.0000	1.0000	0.0000	0.0000	0.0000	0.0000
A0A4V1WUM4_taxID_119927_model_A	Fungi	1.0000	0.0000	0.0000	0.0000	0.0000	0.0000
A0A7E6EPK6_taxID_2607531_model	Metazoa	0.0000	1.0000	0.0000	0.0000	0.0000	0.0000
A0A8W8K3U7_taxID_29159_model_A	Metazoa	0.0000	1.0000	0.0000	0.0000	0.0000	0.0000
A0ABW2YH98_taxID_262323_model	Bacteria	0.0000	0.0000	1.0000	0.0000	0.0000	0.0000
A0A939M8N2_taxID_2823807_model_A	Bacteria	0.0000	0.0000	1.0000	0.0000	0.0000	0.0000
A0A074RSY5_taxID_1423351_model	Fungi	1.0000	0.0000	0.0000	0.0000	0.0000	0.0000
A0ABR0RJ42_taxID_1635080_model	Fungi	1.0000	0.0000	0.0000	0.0000	0.0000	0.0000
A0A921V415_taxID_325452_model	Other_Eukaryota	0.0000	0.0000	0.0000	0.0000	1.0000	0.0000
A0A7S4QPD7_taxID_49249_model	Unknown	0.0000	0.0000	0.0000	0.0000	0.0000	1.0000
R1E2E0_taxID_2903_model	Unknown	0.0000	0.0000	0.0000	0.0000	0.0000	1.0000
A0ACC1S194_taxID_57161_model	Fungi	1.0000	0.0000	0.0000	0.0000	0.0000	0.0000
A0A3M8TNP8_taxID_303_model	Bacteria	0.0000	0.0000	1.0000	0.0000	0.0000	0.0000
A0ABP0KF76_taxID_1381693_model_A	Unknown	0.0000	0.0000	0.0000	0.0000	0.0000	1.0000
A0A9W8M5N8_taxID_417176_model	Fungi	1.0000	0.0000	0.0000	0.0000	0.0000	0.0000
A0A812NUF4_taxID_1628268_model	Unknown	0.0000	0.0000	0.0000	0.0000	0.5000	0.5000
A0AAE0LYH8_taxID_516989_model_A	Unknown	0.0000	0.0000	0.0000	0.0000	0.0000	1.0000
A0A7S2BQH6_taxID_236787_model	Other_Eukaryota	0.0000	0.0000	0.0000	0.0000	1.0000	0.0000
A0A6A6UAE3_taxID_703497_model	Fungi	1.0000	0.0000	0.0000	0.0000	0.0000	0.0000
A0A7R9E5Y2_taxID_170555_model	Unknown	0.0000	0.0000	0.0000	0.0000	0.0000	1.0000
A0A137PC55_taxID_796925_model_A	Fungi	1.0000	0.0000	0.0000	0.0000	0.0000	0.0000
A0A8B6EDW2_taxID_29158_model	Metazoa	0.0000	1.0000	0.0000	0.0000	0.0000	0.0000
A0ACB7IQP8_taxID_5321_model	Unknown	0.0000	0.0000	0.0000	0.0000	0.0000	1.0000
A0A9P4LGD6_taxID_210430_model	Fungi	1.0000	0.0000	0.0000	0.0000	0.0000	0.0000
A0A8B8BGL0_taxID_6565_model_A	Metazoa	0.0000	1.0000	0.0000	0.0000	0.0000	0.0000
A0A137P4M5_taxID_796925_model	Fungi	1.0000	0.0000	0.0000	0.0000	0.0000	0.0000
A0A812QP07_taxID_1628268_model	Unknown	0.0000	0.0000	0.0000	0.0000	0.0000	1.0000
A0A0E0PEB1_taxID_4529_model	Viridiplantae	0.0000	0.0000	0.0000	1.0000	0.0000	0.0000
A0ABW3H6J2_taxID_1219257_model	Bacteria	0.0000	0.0000	1.0000	0.0000	0.0000	0.0000
A0A3D9L4M1_taxID_1122208_model_A	Bacteria	0.0000	0.0000	1.0000	0.0000	0.0000	0.0000
F9F9P2_taxID_660025_model	Fungi	1.0000	0.0000	0.0000	0.0000	0.0000	0.0000
A0A4P9XUT0_taxID_78915_model_A	Fungi	1.0000	0.0000	0.0000	0.0000	0.0000	0.0000
A0AAD5XEV4_taxID_109957_model	Fungi	1.0000	0.0000	0.0000	0.0000	0.0000	0.0000
A0ABR2V953_taxID_138068_model_A	Fungi	1.0000	0.0000	0.0000	0.0000	0.0000	0.0000
A0A9P4U804_taxID_1392251_model	Unknown	0.0000	0.0000	0.0000	0.0000	0.0000	1.0000
A0AAD9AGU9_taxID_1836956_model	Fungi	1.0000	0.0000	0.0000	0.0000	0.0000	0.0000
A0AA39H3A8_taxID_289476_model	Metazoa	0.0000	1.0000	0.0000	0.0000	0.0000	0.0000
A0A8B8ETR2_taxID_6565_model_A	Metazoa	0.0000	1.0000	0.0000	0.0000	0.0000	0.0000
W4GNY0_taxID_112090_model	Other_Eukaryota	0.0000	0.0000	0.0000	0.0000	1.0000	0.0000
A0A9P9WK24_taxID_1658444_model_A	Fungi	1.0000	0.0000	0.0000	0.0000	0.0000	0.0000
A0A1H9YHF0_taxID_1231_model_A	Bacteria	0.0000	0.0000	1.0000	0.0000	0.0000	0.0000
A0A9W4W5M6_taxID_2664923_model_A	Fungi	1.0000	0.0000	0.0000	0.0000	0.0000	0.0000
A0ABQ9DKS8_taxID_1566151_model	Metazoa	0.0000	1.0000	0.0000	0.0000	0.0000	0.0000
A0A811SJ34_taxID_422564_model	Viridiplantae	0.0000	0.0000	0.0000	1.0000	0.0000	0.0000
A0A4U8UYX4_taxID_34508_model	Metazoa	0.0000	1.0000	0.0000	0.0000	0.0000	0.0000
A0A9N8JDS5_taxID_2773715_model_A	Unknown	0.0000	0.0000	0.0000	0.0000	0.0000	1.0000
A0ABD2KGI9_taxID_97005_model	Metazoa	0.0000	1.0000	0.0000	0.0000	0.0000	0.0000
A0A210R2J1_taxID_6573_model	Metazoa	0.0000	1.0000	0.0000	0.0000	0.0000	0.0000
A0A2N3MXV9_taxID_41688_model_A	Fungi	1.0000	0.0000	0.0000	0.0000	0.0000	0.0000
A0A1G5SEQ3_taxID_51642_model_A	Bacteria	0.0000	0.0000	1.0000	0.0000	0.0000	0.0000
A0A7M6DQ32_taxID_252671_model	Metazoa	0.0000	1.0000	0.0000	0.0000	0.0000	0.0000
A0A507EUL6_taxID_246404_model_A	Fungi	1.0000	0.0000	0.0000	0.0000	0.0000	0.0000
A0AAF5PZK9_taxID_6293_model	Unknown	0.0000	0.0000	0.0000	0.0000	0.0000	1.0000
A0A163IS79_taxID_5454_model_A	Fungi	1.0000	0.0000	0.0000	0.0000	0.0000	0.0000
A0A183C147_taxID_36090_model	Metazoa	0.0000	1.0000	0.0000	0.0000	0.0000	0.0000
A0A210R249_taxID_6573_model	Metazoa	0.0000	1.0000	0.0000	0.0000	0.0000	0.0000
A0ABS1MHS4_taxID_2802282_model_A	Bacteria	0.0000	0.0000	1.0000	0.0000	0.0000	0.0000
A0A2T7PF37_taxID_400727_model	Metazoa	0.0000	1.0000	0.0000	0.0000	0.0000	0.0000
A0A1I0B865_taxID_917_model_A	Bacteria	0.0000	0.0000	1.0000	0.0000	0.0000	0.0000
A0A317SGF7_taxID_42249_model	Unknown	0.0000	0.0000	0.0000	0.0000	0.0000	1.0000
A0AA88QFI1_taxID_112253_model	Viridiplantae	0.0000	0.0000	0.0000	1.0000	0.0000	0.0000
A0ABR1WCT8_taxID_335842_model	Fungi	1.0000	0.0000	0.0000	0.0000	0.0000	0.0000
A0A7S2JTA5_taxID_1333877_model	Unknown	0.0000	0.0000	0.0000	0.0000	0.0000	1.0000
A0A1W6SSH7_taxID_1288494_model_A	Bacteria	0.0000	0.0000	1.0000	0.0000	0.0000	0.0000
A0A9K3KBA8_taxID_303405_model_A	Other_Eukaryota	0.0000	0.0000	0.0000	0.0000	1.0000	0.0000
A0A1E7FTK4_taxID_635003_model	Other_Eukaryota	0.0000	0.0000	0.0000	0.0000	1.0000	0.0000
A0A0D2FU82_taxID_1442369_model	Unknown	0.0000	0.0000	0.0000	0.0000	0.0000	1.0000
I2FTP4_taxID_120017_model_A	Fungi	1.0000	0.0000	0.0000	0.0000	0.0000	0.0000
A0AA40T4C7_taxID_2593771_model_A	Bacteria	0.0000	0.0000	1.0000	0.0000	0.0000	0.0000
A0A507EJC1_taxID_246404_model	Fungi	1.0000	0.0000	0.0000	0.0000	0.0000	0.0000
A0ABR1FJ54_taxID_44056_model_A	Unknown	0.0000	0.0000	0.0000	0.0000	0.0000	1.0000
A0A2P6U1N3_taxID_3076_model_A	Viridiplantae	0.0000	0.0000	0.0000	1.0000	0.0000	0.0000
A0AAD8AV10_taxID_112525_model	Metazoa	0.0000	1.0000	0.0000	0.0000	0.0000	0.0000
A0A4P9X7U9_taxID_1555241_model	Fungi	1.0000	0.0000	0.0000	0.0000	0.0000	0.0000
A0A1Y1VY46_taxID_61395_model_A	Fungi	1.0000	0.0000	0.0000	0.0000	0.0000	0.0000
A0AAD5DEJ1_taxID_2649997_model	Viridiplantae	0.0000	0.0000	0.0000	1.0000	0.0000	0.0000
A0A4Q2V7C7_taxID_451672_model	Fungi	1.0000	0.0000	0.0000	0.0000	0.0000	0.0000
A0ACB0YFD1_taxID_390850_model	Metazoa	0.0000	1.0000	0.0000	0.0000	0.0000	0.0000
A0ACC1L5T1_taxID_1286919_model	Fungi	1.0000	0.0000	0.0000	0.0000	0.0000	0.0000
F0Y9F1_taxID_44056_model	Other_Eukaryota	0.0000	0.0000	0.0000	0.0000	1.0000	0.0000
A0A812BCK9_taxID_158019_model	Unknown	0.0000	0.0000	0.0000	0.0000	0.0000	1.0000
A0A6G1KGG9_taxID_1314801_model	Unknown	0.0000	0.0000	0.0000	0.0000	0.0000	1.0000
A0A1L5PR01_taxID_303_model	Bacteria	0.0000	0.0000	1.0000	0.0000	0.0000	0.0000
A0A8K0RUZ8_taxID_61284_model_A	Fungi	1.0000	0.0000	0.0000	0.0000	0.0000	0.0000
A0A425CIB3_taxID_542832_model	Other_Eukaryota	0.0000	0.0000	0.0000	0.0000	1.0000	0.0000
A0A841H669_taxID_1639882_model	Bacteria	0.0000	0.0000	1.0000	0.0000	0.0000	0.0000
D7F7Q0_taxID_541227_model_A	Metazoa	0.0000	1.0000	0.0000	0.0000	0.0000	0.0000
B6HTY5_taxID_500485_model	Fungi	1.0000	0.0000	0.0000	0.0000	0.0000	0.0000
A0AA36CRJ7_taxID_96644_model	Metazoa	0.0000	1.0000	0.0000	0.0000	0.0000	0.0000
A0A517N5I0_taxID_1930273_model_A	Bacteria	0.0000	0.0000	1.0000	0.0000	0.0000	0.0000
A0ABY3QAS2_taxID_2992140_model_A	Bacteria	0.0000	0.0000	1.0000	0.0000	0.0000	0.0000
A0ABU8FF18_taxID_3127667_model	Bacteria	0.0000	0.0000	1.0000	0.0000	0.0000	0.0000
A0ABR1UUG8_taxID_1337664_model_A	Fungi	1.0000	0.0000	0.0000	0.0000	0.0000	0.0000
A0A7S2JHL4_taxID_1333877_model	Unknown	0.0000	0.0000	0.0000	0.0000	0.0000	1.0000
A0AAJ4XRR1_taxID_63383_model_A	Fungi	1.0000	0.0000	0.0000	0.0000	0.0000	0.0000
K3X3G4_taxID_431595_model	Other_Eukaryota	0.0000	0.0000	0.0000	0.0000	1.0000	0.0000
A0A067BLZ4_taxID_695850_model	Other_Eukaryota	0.0000	0.0000	0.0000	0.0000	1.0000	0.0000
A0AA37GSS8_taxID_708192_model	Fungi	1.0000	0.0000	0.0000	0.0000	0.0000	0.0000
A0A098SBM4_taxID_1524460_model	Bacteria	0.0000	0.0000	1.0000	0.0000	0.0000	0.0000
A0A6J8CIJ4_taxID_42192_model	Metazoa	0.0000	1.0000	0.0000	0.0000	0.0000	0.0000
A0ABD3VE72_taxID_1069815_model	Metazoa	0.0000	1.0000	0.0000	0.0000	0.0000	0.0000
A0AAI9YQA0_taxID_1209916_model	Unknown	0.0000	0.0000	0.0000	0.0000	0.0000	1.0000
W6XVD7_taxID_930089_model_A	Fungi	1.0000	0.0000	0.0000	0.0000	0.0000	0.0000
A0A8B6GYH0_taxID_29158_model_A	Metazoa	0.0000	1.0000	0.0000	0.0000	0.0000	0.0000
A0A6J8DQJ1_taxID_42192_model_A	Metazoa	0.0000	1.0000	0.0000	0.0000	0.0000	0.0000
A0A1I5PK02_taxID_1079859_model_A	Unknown	0.0000	0.0000	0.0000	0.0000	0.0000	1.0000
A0A8H3J3F8_taxID_172621_model	Fungi	1.0000	0.0000	0.0000	0.0000	0.0000	0.0000
A0A914L827_taxID_6306_model	Metazoa	0.0000	1.0000	0.0000	0.0000	0.0000	0.0000
A0A0F9J123_taxID_412755_model	Unknown	0.0000	0.0000	0.0000	0.0000	0.0000	1.0000
U3AIJ7_taxID_1337093_model	Unknown	0.0000	0.0000	0.0000	0.0000	0.0000	1.0000
A0A1L9T5J5_taxID_1036612_model_A	Fungi	1.0000	0.0000	0.0000	0.0000	0.0000	0.0000
A0A3S0ZXU8_taxID_188477_model	Metazoa	0.0000	1.0000	0.0000	0.0000	0.0000	0.0000
J9F3N8_taxID_6293_model	Metazoa	0.0000	1.0000	0.0000	0.0000	0.0000	0.0000
E7CLR7_taxID_34541_model	Metazoa	0.0000	1.0000	0.0000	0.0000	0.0000	0.0000
A0A7S2F5L7_taxID_3111310_model	Other_Eukaryota	0.0000	0.0000	0.0000	0.0000	1.0000	0.0000
B5RHQ8_taxID_515354_model	Metazoa	0.0000	1.0000	0.0000	0.0000	0.0000	0.0000
A0AAW0GI35_taxID_2478898_model	Unknown	0.0000	0.0000	0.0000	0.0000	0.0000	1.0000
A0AAV0UD26_taxID_86335_model	Other_Eukaryota	0.0000	0.0000	0.0000	0.0000	1.0000	0.0000
Q0FSM9_taxID_314265_model	Bacteria	0.0000	0.0000	1.0000	0.0000	0.0000	0.0000
A0A1E7N234_taxID_1894_model_A	Bacteria	0.0000	0.0000	1.0000	0.0000	0.0000	0.0000
A0A168F2E9_taxID_1081108_model	Fungi	1.0000	0.0000	0.0000	0.0000	0.0000	0.0000
A0A9W8BBF2_taxID_2663907_model	Fungi	1.0000	0.0000	0.0000	0.0000	0.0000	0.0000
A0A0H5S2I7_taxID_6279_model	Metazoa	0.0000	1.0000	0.0000	0.0000	0.0000	0.0000
A0A7C8IT31_taxID_323545_model_A	Fungi	1.0000	0.0000	0.0000	0.0000	0.0000	0.0000
A0ACC1LSD8_taxID_417177_model	Fungi	1.0000	0.0000	0.0000	0.0000	0.0000	0.0000
A0A423XJ27_taxID_1230097_model	Fungi	1.0000	0.0000	0.0000	0.0000	0.0000	0.0000
A0A210QJQ9_taxID_6573_model	Metazoa	0.0000	1.0000	0.0000	0.0000	0.0000	0.0000
A0A158RAT2_taxID_103827_model	Unknown	0.0000	0.0000	0.0000	0.0000	0.0000	1.0000
A0AA37L8J5_taxID_700344_model_A	Fungi	1.0000	0.0000	0.0000	0.0000	0.0000	0.0000
A0ABT4KNP9_taxID_520838_model_A	Bacteria	0.0000	0.0000	1.0000	0.0000	0.0000	0.0000
A0A7R9PVW4_taxID_1979941_model	Metazoa	0.0000	1.0000	0.0000	0.0000	0.0000	0.0000
A0A8W8K3U2_taxID_29159_model_A	Metazoa	0.0000	1.0000	0.0000	0.0000	0.0000	0.0000
A0A1H7K5B5_taxID_1233_model_A	Bacteria	0.0000	0.0000	1.0000	0.0000	0.0000	0.0000
A0AAW2WPR6_taxID_2727402_model	Viridiplantae	0.0000	0.0000	0.0000	1.0000	0.0000	0.0000
A0A8B8D4J3_taxID_6565_model	Unknown	0.0000	0.0000	0.0000	0.0000	0.0000	1.0000
A0A137P649_taxID_796925_model	Fungi	1.0000	0.0000	0.0000	0.0000	0.0000	0.0000
A0ACC2T351_taxID_34485_model_A	Fungi	1.0000	0.0000	0.0000	0.0000	0.0000	0.0000
A0A8S4Q9N2_taxID_6347_model_A	Metazoa	0.0000	1.0000	0.0000	0.0000	0.0000	0.0000
A0ABN1IGD7_taxID_584605_model_A	Bacteria	0.0000	0.0000	1.0000	0.0000	0.0000	0.0000
C6H6I9_taxID_544712_model	Fungi	1.0000	0.0000	0.0000	0.0000	0.0000	0.0000
A0AAE0UEY7_taxID_83679_model	Fungi	1.0000	0.0000	0.0000	0.0000	0.0000	0.0000
A0AAV2Z3L5_taxID_4803_model	Other_Eukaryota	0.0000	0.0000	0.0000	0.0000	1.0000	0.0000
A0A2K6EEA8_taxID_379532_model_A	Metazoa	0.0000	1.0000	0.0000	0.0000	0.0000	0.0000
A0ABX5LUF6_taxID_1635171_model	Bacteria	0.0000	0.0000	1.0000	0.0000	0.0000	0.0000
A0A8E2JVK2_taxID_574774_model_A	Fungi	1.0000	0.0000	0.0000	0.0000	0.0000	0.0000
A0A8J1XGG3_taxID_6347_model	Metazoa	0.0000	1.0000	0.0000	0.0000	0.0000	0.0000
A0AA39HID6_taxID_289476_model	Metazoa	0.0000	1.0000	0.0000	0.0000	0.0000	0.0000
A0A0B4FMW4_taxID_3151832_model_A	Fungi	1.0000	0.0000	0.0000	0.0000	0.0000	0.0000
A0ABD2KLI7_taxID_97005_model	Metazoa	0.0000	1.0000	0.0000	0.0000	0.0000	0.0000
A0A918K8V8_taxID_418750_model_A	Bacteria	0.0000	0.0000	1.0000	0.0000	0.0000	0.0000
A0AAN5CH76_taxID_1317129_model	Metazoa	0.0000	1.0000	0.0000	0.0000	0.0000	0.0000
A0AAE0NMD8_taxID_92902_model_A	Unknown	0.0000	0.0000	0.0000	0.0000	0.0000	1.0000
A0A1I4RJF6_taxID_44574_model_A	Bacteria	0.0000	0.0000	1.0000	0.0000	0.0000	0.0000
A0A9W8HM54_taxID_1126814_model	Fungi	1.0000	0.0000	0.0000	0.0000	0.0000	0.0000
A0A8B8EX01_taxID_6565_model_A	Metazoa	0.0000	1.0000	0.0000	0.0000	0.0000	0.0000
A0A8B6G9L0_taxID_29158_model_A	Metazoa	0.0000	1.0000	0.0000	0.0000	0.0000	0.0000
A0A813HFF9_taxID_89957_model	Unknown	0.0000	0.0000	0.0000	0.0000	0.0000	1.0000
A0A7C8Q0E6_taxID_2813651_model	Fungi	1.0000	0.0000	0.0000	0.0000	0.0000	0.0000
A0A2A2L189_taxID_2018661_model	Metazoa	0.0000	1.0000	0.0000	0.0000	0.0000	0.0000
A0AAN5XIX5_taxID_1396_model_A	Bacteria	0.0000	0.0000	1.0000	0.0000	0.0000	0.0000
A0A6G0JRR3_taxID_53985_model	Unknown	0.0000	0.0000	0.0000	0.0000	0.0000	1.0000
A0AAE8SXX8_taxID_2041049_model_A	Fungi	1.0000	0.0000	0.0000	0.0000	0.0000	0.0000
A0A7S7SGR7_taxID_1473598_model	Bacteria	0.0000	0.0000	1.0000	0.0000	0.0000	0.0000
A0A485KB07_taxID_120398_model_A	Other_Eukaryota	0.0000	0.0000	0.0000	0.0000	1.0000	0.0000
A0ACC2S7C6_taxID_34485_model	Unknown	0.0000	0.0000	0.0000	0.0000	0.0000	1.0000
A0A7C8MQB2_taxID_323545_model	Fungi	1.0000	0.0000	0.0000	0.0000	0.0000	0.0000
A0A0G2FI58_taxID_1214573_model_A	Fungi	1.0000	0.0000	0.0000	0.0000	0.0000	0.0000
A0A0V1JHS7_taxID_6337_model	Unknown	0.0000	0.0000	0.0000	0.0000	0.0000	1.0000
A0A8T0N716_taxID_38727_model	Viridiplantae	0.0000	0.0000	0.0000	1.0000	0.0000	0.0000
A0AAQ3LZX8_taxID_150365_model	Fungi	1.0000	0.0000	0.0000	0.0000	0.0000	0.0000
A0A8F4Q4J9_taxID_50426_model_A	Metazoa	0.0000	1.0000	0.0000	0.0000	0.0000	0.0000
H3GPM2_taxID_164328_model	Other_Eukaryota	0.0000	0.0000	0.0000	0.0000	1.0000	0.0000
A0A7S3EYR7_taxID_156174_model	Unknown	0.0000	0.0000	0.0000	0.0000	0.0000	1.0000
A0ACB7PCI4_taxID_1854479_model	Fungi	1.0000	0.0000	0.0000	0.0000	0.0000	0.0000
A0A0W7VMU8_taxID_398673_model_A	Fungi	1.0000	0.0000	0.0000	0.0000	0.0000	0.0000
A0A8H3BPP3_taxID_456999_model	Fungi	1.0000	0.0000	0.0000	0.0000	0.0000	0.0000
A0A8B8EEW4_taxID_6565_model	Metazoa	0.0000	1.0000	0.0000	0.0000	0.0000	0.0000
A0A1R1Y573_taxID_133412_model_A	Fungi	1.0000	0.0000	0.0000	0.0000	0.0000	0.0000
A0A409WY02_taxID_93625_model	Fungi	1.0000	0.0000	0.0000	0.0000	0.0000	0.0000
A0A7M5WYG4_taxID_252671_model	Metazoa	0.0000	1.0000	0.0000	0.0000	0.0000	0.0000
A0A4S2LES6_taxID_147828_model	Metazoa	0.0000	1.0000	0.0000	0.0000	0.0000	0.0000
A0A3P3YBZ5_taxID_37360_model_A	Unknown	0.0000	0.0000	0.0000	0.0000	0.0000	1.0000
A0A439CXK6_taxID_363999_model_A	Fungi	1.0000	0.0000	0.0000	0.0000	0.0000	0.0000
A0A7S2CVH2_taxID_3111310_model_A	Other_Eukaryota	0.0000	0.0000	0.0000	0.0000	1.0000	0.0000
A0A8K0KU96_taxID_123851_model	Unknown	0.0000	0.0000	0.0000	0.0000	0.0000	1.0000
A0A6G1MEA1_taxID_2813651_model_A	Fungi	1.0000	0.0000	0.0000	0.0000	0.0000	0.0000
A0A1M2V476_taxID_154538_model	Fungi	1.0000	0.0000	0.0000	0.0000	0.0000	0.0000
A3K3J4_taxID_388399_model_A	Unknown	0.0000	0.0000	0.0000	0.0000	0.0000	1.0000
A0A8H7H787_taxID_456999_model	Fungi	1.0000	0.0000	0.0000	0.0000	0.0000	0.0000
A0A7S2QBF1_taxID_1333877_model	Unknown	0.0000	0.0000	0.0000	0.0000	0.0000	1.0000
A0A8H5U0D3_taxID_48490_model_A	Fungi	1.0000	0.0000	0.0000	0.0000	0.0000	0.0000
A0A915PAR4_taxID_298350_model_A	Metazoa	0.0000	1.0000	0.0000	0.0000	0.0000	0.0000
A0A5N6U8N1_taxID_36643_model	Fungi	1.0000	0.0000	0.0000	0.0000	0.0000	0.0000
A0A135SGH4_taxID_703756_model	Fungi	1.0000	0.0000	0.0000	0.0000	0.0000	0.0000
A0ABQ0FZ51_taxID_1157608_model_A	Fungi	1.0000	0.0000	0.0000	0.0000	0.0000	0.0000
A0A8B6FWG6_taxID_29158_model	Metazoa	0.0000	1.0000	0.0000	0.0000	0.0000	0.0000
A0A2T9YY63_taxID_133385_model	Fungi	1.0000	0.0000	0.0000	0.0000	0.0000	0.0000
A0A4P9Y486_taxID_1907219_model	Fungi	1.0000	0.0000	0.0000	0.0000	0.0000	0.0000
A0A9D4H0D1_taxID_45954_model	Metazoa	0.0000	1.0000	0.0000	0.0000	0.0000	0.0000
A0A016T1G5_taxID_53326_model	Metazoa	0.0000	1.0000	0.0000	0.0000	0.0000	0.0000
A0ABP8Y9F1_taxID_490570_model_A	Bacteria	0.0000	0.0000	1.0000	0.0000	0.0000	0.0000
A0A6J8BR51_taxID_42192_model_A	Metazoa	0.0000	1.0000	0.0000	0.0000	0.0000	0.0000
M5C5W9_taxID_1108050_model	Fungi	1.0000	0.0000	0.0000	0.0000	0.0000	0.0000
A0ABR2VT10_taxID_34480_model	Fungi	1.0000	0.0000	0.0000	0.0000	0.0000	0.0000
A0A2A2KT95_taxID_2018661_model	Metazoa	0.0000	1.0000	0.0000	0.0000	0.0000	0.0000
A0A2T7PFF3_taxID_400727_model	Metazoa	0.0000	1.0000	0.0000	0.0000	0.0000	0.0000
A0A8H6R1E0_taxID_1287682_model	Fungi	1.0000	0.0000	0.0000	0.0000	0.0000	0.0000
A0A6J8CL61_taxID_42192_model_A	Metazoa	0.0000	1.0000	0.0000	0.0000	0.0000	0.0000
A0A2S6BQA0_taxID_357750_model	Fungi	1.0000	0.0000	0.0000	0.0000	0.0000	0.0000
A0ACC2JUV3_taxID_1108764_model	Fungi	1.0000	0.0000	0.0000	0.0000	0.0000	0.0000
S7ZZK0_taxID_1284197_model_A	Fungi	1.0000	0.0000	0.0000	0.0000	0.0000	0.0000
A0A0D2PWI2_taxID_945553_model	Fungi	1.0000	0.0000	0.0000	0.0000	0.0000	0.0000
A0A8T1VFS8_taxID_109152_model	Other_Eukaryota	0.0000	0.0000	0.0000	0.0000	1.0000	0.0000
A0A430HE78_taxID_2495579_model	Unknown	0.0000	0.0000	0.0000	0.0000	0.0000	1.0000
A0AAV9GWB4_taxID_3040156_model	Fungi	1.0000	0.0000	0.0000	0.0000	0.0000	0.0000
A0A9P1FEV3_taxID_2562237_model_A	Unknown	0.0000	0.0000	0.0000	0.0000	0.0000	1.0000
A0A2G8L6J4_taxID_307972_model	Unknown	0.0000	0.0000	0.0000	0.0000	0.0000	1.0000
Q5AZ38_taxID_227321_model	Fungi	1.0000	0.0000	0.0000	0.0000	0.0000	0.0000
A0A6A4NQJ9_taxID_3870_model	Viridiplantae	0.0000	0.0000	0.0000	1.0000	0.0000	0.0000
A0A9W9NGR8_taxID_63820_model	Fungi	1.0000	0.0000	0.0000	0.0000	0.0000	0.0000
A0A388KI27_taxID_69332_model	Viridiplantae	0.0000	0.0000	0.0000	1.0000	0.0000	0.0000
A0A5N5IZL2_taxID_2597517_model_A	Bacteria	0.0000	0.0000	1.0000	0.0000	0.0000	0.0000
A0A1Y2H970_taxID_765915_model	Fungi	1.0000	0.0000	0.0000	0.0000	0.0000	0.0000
A0A5Q4BMU6_taxID_2078593_model	Fungi	1.0000	0.0000	0.0000	0.0000	0.0000	0.0000
A0A0F4GBJ7_taxID_1047168_model	Unknown	0.0000	0.0000	0.0000	0.0000	0.0000	1.0000
A0A6P0UFZ0_taxID_504488_model_A	Unknown	0.0000	0.0000	0.0000	0.0000	0.0000	1.0000
A0ABV6JDE8_taxID_206163_model	Unknown	0.0000	0.0000	0.0000	0.0000	0.0000	1.0000
A0A6V1WW05_taxID_2829_model	Other_Eukaryota	0.0000	0.0000	0.0000	0.0000	1.0000	0.0000
A0A9Q1RGR7_taxID_402998_model	Unknown	0.0000	0.0000	0.0000	0.0000	0.0000	1.0000
A0A6P0UL92_taxID_472055_model_A	Bacteria	0.0000	0.0000	1.0000	0.0000	0.0000	0.0000
A0A368GS35_taxID_29170_model	Metazoa	0.0000	1.0000	0.0000	0.0000	0.0000	0.0000
R7UB97_taxID_283909_model	Unknown	0.0000	0.0000	0.0000	0.0000	0.0000	1.0000
A0A210R239_taxID_6573_model	Metazoa	0.0000	1.0000	0.0000	0.0000	0.0000	0.0000
A0A9W8B9V6_taxID_2761393_model_A	Fungi	1.0000	0.0000	0.0000	0.0000	0.0000	0.0000
A0ACC2U085_taxID_34485_model	Fungi	1.0000	0.0000	0.0000	0.0000	0.0000	0.0000
A0AAE0W1K7_taxID_2493646_model	Metazoa	0.0000	1.0000	0.0000	0.0000	0.0000	0.0000
A0A8S4QC54_taxID_6347_model	Metazoa	0.0000	1.0000	0.0000	0.0000	0.0000	0.0000
A0A3N4K8D0_taxID_1392247_model	Fungi	1.0000	0.0000	0.0000	0.0000	0.0000	0.0000
A0A255XTK6_taxID_2022747_model_A	Bacteria	0.0000	0.0000	1.0000	0.0000	0.0000	0.0000
A0A1I8AHN4_taxID_37863_model	Metazoa	0.0000	1.0000	0.0000	0.0000	0.0000	0.0000
A8N4B1_taxID_240176_model	Unknown	0.0000	0.0000	0.0000	0.0000	0.0000	1.0000
A0A9W8H676_taxID_1126814_model	Fungi	1.0000	0.0000	0.0000	0.0000	0.0000	0.0000
A0A137PC76_taxID_796925_model	Fungi	1.0000	0.0000	0.0000	0.0000	0.0000	0.0000
A0AAD5XR56_taxID_109894_model	Unknown	0.0000	0.0000	0.0000	0.0000	0.0000	1.0000
A0ABY0TIF9_taxID_1231_model	Bacteria	0.0000	0.0000	1.0000	0.0000	0.0000	0.0000
A0A5S6QUR5_taxID_70415_model	Unknown	0.0000	0.0000	0.0000	0.0000	0.0000	1.0000
A0ABQ9EE55_taxID_220873_model	Metazoa	0.0000	1.0000	0.0000	0.0000	0.0000	0.0000
A0A1R4HGF1_taxID_360316_model_A	Bacteria	0.0000	0.0000	1.0000	0.0000	0.0000	0.0000
A0A7D3Y0J0_taxID_2739433_model	Bacteria	0.0000	0.0000	1.0000	0.0000	0.0000	0.0000
A0A6J8E972_taxID_42192_model	Metazoa	0.0000	1.0000	0.0000	0.0000	0.0000	0.0000
A0AAE0I6T4_taxID_516989_model	Fungi	1.0000	0.0000	0.0000	0.0000	0.0000	0.0000
A0ABR1FIC3_taxID_44056_model	Other_Eukaryota	0.0000	0.0000	0.0000	0.0000	1.0000	0.0000
A0A444ZR13_taxID_3818_model	Viridiplantae	0.0000	0.0000	0.0000	1.0000	0.0000	0.0000
A0A835SWT6_taxID_2026947_model	Viridiplantae	0.0000	0.0000	0.0000	1.0000	0.0000	0.0000
A0A6J8CIJ8_taxID_42192_model	Metazoa	0.0000	1.0000	0.0000	0.0000	0.0000	0.0000
A0A9D4J9N2_taxID_45954_model	Metazoa	0.0000	1.0000	0.0000	0.0000	0.0000	0.0000
A0A8B6BMR6_taxID_29158_model_A	Metazoa	0.0000	1.0000	0.0000	0.0000	0.0000	0.0000
A0A3R6VRZ5_taxID_157072_model	Other_Eukaryota	0.0000	0.0000	0.0000	0.0000	1.0000	0.0000
A0A1H5XBP9_taxID_44577_model	Bacteria	0.0000	0.0000	1.0000	0.0000	0.0000	0.0000
A0ABS8MPT4_taxID_2893755_model	Bacteria	0.0000	0.0000	1.0000	0.0000	0.0000	0.0000
A0A507F697_taxID_246404_model	Unknown	0.0000	0.0000	0.0000	0.0000	0.0000	1.0000
A0AAN4PFQ7_taxID_293939_model	Fungi	1.0000	0.0000	0.0000	0.0000	0.0000	0.0000
A0A1Y2HSP2_taxID_765915_model	Fungi	1.0000	0.0000	0.0000	0.0000	0.0000	0.0000
A0A6H0Y3Z6_taxID_286661_model	Unknown	0.0000	0.0000	0.0000	0.0000	0.0000	1.0000
A0A8H4VJ57_taxID_84607_model	Fungi	1.0000	0.0000	0.0000	0.0000	0.0000	0.0000
A0A8B6DAA2_taxID_29158_model	Metazoa	0.0000	1.0000	0.0000	0.0000	0.0000	0.0000
A0ACC1M8E0_taxID_417176_model	Fungi	1.0000	0.0000	0.0000	0.0000	0.0000	0.0000
A0A3P3Y6E0_taxID_37360_model_A	Unknown	0.0000	0.0000	0.0000	0.0000	0.0000	1.0000
A0A7E6EGY5_taxID_2607531_model	Unknown	0.0000	0.0000	0.0000	0.0000	0.0000	1.0000
A0A7S4C8S2_taxID_73025_model	Unknown	0.0000	0.0000	0.0000	0.0000	0.0000	1.0000
S8AAI6_taxID_1284197_model	Fungi	1.0000	0.0000	0.0000	0.0000	0.0000	0.0000
A0ABR3UFL0_taxID_48095_model	Fungi	1.0000	0.0000	0.0000	0.0000	0.0000	0.0000
A0A9W7ZWB9_taxID_417184_model_A	Fungi	1.0000	0.0000	0.0000	0.0000	0.0000	0.0000
F0YI20_taxID_44056_model	Other_Eukaryota	0.0000	0.0000	0.0000	0.0000	1.0000	0.0000
A0A397C8W8_taxID_112090_model	Other_Eukaryota	0.0000	0.0000	0.0000	0.0000	1.0000	0.0000
A0ABR4N804_taxID_2732419_model	Fungi	1.0000	0.0000	0.0000	0.0000	0.0000	0.0000
A0A0B7A0D2_taxID_1028688_model	Metazoa	0.0000	1.0000	0.0000	0.0000	0.0000	0.0000
A0A4Z0Z0G8_taxID_37992_model_A	Fungi	1.0000	0.0000	0.0000	0.0000	0.0000	0.0000
A0A0E0H672_taxID_4536_model	Viridiplantae	0.0000	0.0000	0.0000	1.0000	0.0000	0.0000
A0ABR1FK65_taxID_44056_model	Other_Eukaryota	0.0000	0.0000	0.0000	0.0000	1.0000	0.0000
A0A8K1FNX2_taxID_41045_model	Other_Eukaryota	0.0000	0.0000	0.0000	0.0000	1.0000	0.0000
A0A101NKQ7_taxID_67285_model_A	Bacteria	0.0000	0.0000	1.0000	0.0000	0.0000	0.0000
A0A024UP64_taxID_157072_model	Other_Eukaryota	0.0000	0.0000	0.0000	0.0000	1.0000	0.0000
A0A915E065_taxID_166011_model	Metazoa	0.0000	1.0000	0.0000	0.0000	0.0000	0.0000
A0A066Z0K1_taxID_1348663_model	Bacteria	0.0000	0.0000	1.0000	0.0000	0.0000	0.0000
A0A3P7DNC2_taxID_6293_model	Unknown	0.0000	0.0000	0.0000	0.0000	0.0000	1.0000
A0AAN8NKR9_taxID_74498_model	Fungi	1.0000	0.0000	0.0000	0.0000	0.0000	0.0000
A0A4V1IRJ7_taxID_388810_model	Fungi	1.0000	0.0000	0.0000	0.0000	0.0000	0.0000
W6NCB7_taxID_6289_model	Metazoa	0.0000	1.0000	0.0000	0.0000	0.0000	0.0000
A0ACC1PQ96_taxID_42375_model	Fungi	1.0000	0.0000	0.0000	0.0000	0.0000	0.0000
A0A210QRD1_taxID_6573_model	Metazoa	0.0000	1.0000	0.0000	0.0000	0.0000	0.0000
W3XKJ8_taxID_1229662_model	Fungi	1.0000	0.0000	0.0000	0.0000	0.0000	0.0000
A0A3M6UM69_taxID_46731_model	Metazoa	0.0000	1.0000	0.0000	0.0000	0.0000	0.0000
A0A168BK43_taxID_1081108_model	Fungi	1.0000	0.0000	0.0000	0.0000	0.0000	0.0000
F9G554_taxID_660025_model	Fungi	1.0000	0.0000	0.0000	0.0000	0.0000	0.0000
A0A6A3DEX7_taxID_53985_model_A	Other_Eukaryota	0.0000	0.0000	0.0000	0.0000	1.0000	0.0000
A0A1H6UN47_taxID_529704_model	Bacteria	0.0000	0.0000	1.0000	0.0000	0.0000	0.0000
K3V6C2_taxID_1028729_model	Fungi	1.0000	0.0000	0.0000	0.0000	0.0000	0.0000
A0A1Y2I086_taxID_765915_model	Fungi	1.0000	0.0000	0.0000	0.0000	0.0000	0.0000
A0A0C2GMT1_taxID_51022_model	Metazoa	0.0000	1.0000	0.0000	0.0000	0.0000	0.0000
A0AA38FN26_taxID_29808_model_A	Viridiplantae	0.0000	0.0000	0.0000	1.0000	0.0000	0.0000
A0A1H8F7S5_taxID_917_model_A	Bacteria	0.0000	0.0000	1.0000	0.0000	0.0000	0.0000
A0A507EU45_taxID_246404_model_A	Fungi	1.0000	0.0000	0.0000	0.0000	0.0000	0.0000
A0ACC6LFG7_taxID_2740531_model	Bacteria	0.0000	0.0000	1.0000	0.0000	0.0000	0.0000
A0A1Y2JMB7_taxID_375_model	Bacteria	0.0000	0.0000	1.0000	0.0000	0.0000	0.0000
A0ACB8ZDC5_taxID_185202_model	Viridiplantae	0.0000	0.0000	0.0000	1.0000	0.0000	0.0000
A0A6A5SIC2_taxID_706981_model	Fungi	1.0000	0.0000	0.0000	0.0000	0.0000	0.0000
A0A8W8JXI3_taxID_29159_model_A	Metazoa	0.0000	1.0000	0.0000	0.0000	0.0000	0.0000
A0ABD2LAM1_taxID_157864_model	Metazoa	0.0000	1.0000	0.0000	0.0000	0.0000	0.0000
A0A9W3BB61_taxID_6526_model	Unknown	0.0000	0.0000	0.0000	0.0000	0.0000	1.0000
A0AA36DI36_taxID_96644_model_A	Metazoa	0.0000	1.0000	0.0000	0.0000	0.0000	0.0000
A0ACC3C5E3_taxID_2788_model	Unknown	0.0000	0.0000	0.0000	0.0000	0.0000	1.0000
A0A364MXI7_taxID_183478_model	Fungi	1.0000	0.0000	0.0000	0.0000	0.0000	0.0000
A0A316YS64_taxID_215250_model_A	Fungi	1.0000	0.0000	0.0000	0.0000	0.0000	0.0000
A0A8H4RXW4_taxID_354080_model_A	Fungi	1.0000	0.0000	0.0000	0.0000	0.0000	0.0000
A0A9W7ZSS9_taxID_78921_model	Fungi	1.0000	0.0000	0.0000	0.0000	0.0000	0.0000
A0ACC1PKT5_taxID_42375_model	Fungi	1.0000	0.0000	0.0000	0.0000	0.0000	0.0000
A0A4P9XLI7_taxID_78915_model	Fungi	1.0000	0.0000	0.0000	0.0000	0.0000	0.0000
A0A1R1PBT7_taxID_1213189_model_A	Fungi	1.0000	0.0000	0.0000	0.0000	0.0000	0.0000
A0ABQ6CRI4_taxID_346912_model_A	Bacteria	0.0000	0.0000	1.0000	0.0000	0.0000	0.0000
A0A8H8PB78_taxID_456999_model	Fungi	1.0000	0.0000	0.0000	0.0000	0.0000	0.0000
A0A2R2MPF3_taxID_7574_model	Metazoa	0.0000	1.0000	0.0000	0.0000	0.0000	0.0000
A0A914D235_taxID_290746_model	Metazoa	0.0000	1.0000	0.0000	0.0000	0.0000	0.0000
F4PFF7_taxID_684364_model	Fungi	1.0000	0.0000	0.0000	0.0000	0.0000	0.0000
A0A2S6H7D7_taxID_173365_model	Bacteria	0.0000	0.0000	1.0000	0.0000	0.0000	0.0000
A0A507EI25_taxID_246404_model	Fungi	1.0000	0.0000	0.0000	0.0000	0.0000	0.0000
A0ABR4NFV2_taxID_2732419_model_A	Fungi	1.0000	0.0000	0.0000	0.0000	0.0000	0.0000
A0A448YWC2_taxID_183589_model	Other_Eukaryota	0.0000	0.0000	0.0000	0.0000	1.0000	0.0000
A0A286K027_taxID_50426_model_A	Metazoa	0.0000	1.0000	0.0000	0.0000	0.0000	0.0000
A0AAJ0MR40_taxID_588809_model	Fungi	1.0000	0.0000	0.0000	0.0000	0.0000	0.0000
A0A8J2SFI9_taxID_35677_model	Unknown	0.0000	0.0000	0.0000	0.0000	0.0000	1.0000
A0A409WEP5_taxID_231916_model_A	Fungi	1.0000	0.0000	0.0000	0.0000	0.0000	0.0000
U5Y6Q1_taxID_73031_model	Metazoa	0.0000	1.0000	0.0000	0.0000	0.0000	0.0000
H3GPM1_taxID_164328_model	Other_Eukaryota	0.0000	0.0000	0.0000	0.0000	1.0000	0.0000
A0A8H3H4T7_taxID_456999_model	Fungi	1.0000	0.0000	0.0000	0.0000	0.0000	0.0000
A0A177WE35_taxID_403673_model	Fungi	1.0000	0.0000	0.0000	0.0000	0.0000	0.0000
A0A423VRG5_taxID_448051_model_A	Fungi	1.0000	0.0000	0.0000	0.0000	0.0000	0.0000
A0ABD2KZ99_taxID_157864_model	Metazoa	0.0000	1.0000	0.0000	0.0000	0.0000	0.0000
A0A2C9LHZ0_taxID_6526_model	Metazoa	0.0000	1.0000	0.0000	0.0000	0.0000	0.0000
A0ACC2TJW4_taxID_34485_model	Unknown	0.0000	0.0000	0.0000	0.0000	0.0000	1.0000
A0ACC1K1L7_taxID_2789366_model	Fungi	1.0000	0.0000	0.0000	0.0000	0.0000	0.0000
A0ACC3CB14_taxID_2788_model	Unknown	0.0000	0.0000	0.0000	0.0000	0.0000	1.0000
A0A0V0TGR2_taxID_144512_model	Unknown	0.0000	0.0000	0.0000	0.0000	0.0000	1.0000
A0A9N8DI97_taxID_568900_model	Other_Eukaryota	0.0000	0.0000	0.0000	0.0000	1.0000	0.0000
S8BZR0_taxID_1284197_model	Fungi	1.0000	0.0000	0.0000	0.0000	0.0000	0.0000
A0AA35V075_taxID_414_model	Bacteria	0.0000	0.0000	1.0000	0.0000	0.0000	0.0000
A0AAF3EKL4_taxID_2138241_model	Metazoa	0.0000	1.0000	0.0000	0.0000	0.0000	0.0000
A0A8H4CJG9_taxID_474922_model	Unknown	0.0000	0.0000	0.0000	0.0000	0.0000	1.0000
A0A0D6M6M4_taxID_53326_model	Unknown	0.0000	0.0000	0.0000	0.0000	0.0000	1.0000
A0A8J7L7N4_taxID_2794033_model	Unknown	0.0000	0.0000	0.0000	0.0000	0.0000	1.0000
A0ABD2HPV6_taxID_157864_model	Metazoa	0.0000	1.0000	0.0000	0.0000	0.0000	0.0000
A0AAV9W0J7_taxID_47236_model	Fungi	1.0000	0.0000	0.0000	0.0000	0.0000	0.0000
A0ABR1FH00_taxID_44056_model	Unknown	0.0000	0.0000	0.0000	0.0000	0.0000	1.0000
A0AAD5UAC9_taxID_447962_model	Fungi	1.0000	0.0000	0.0000	0.0000	0.0000	0.0000
A0AAU9WDB8_taxID_46732_model_A	Metazoa	0.0000	1.0000	0.0000	0.0000	0.0000	0.0000
A0A9W9HKK0_taxID_1132637_model	Fungi	1.0000	0.0000	0.0000	0.0000	0.0000	0.0000
A0A2S7YA09_taxID_176275_model	Fungi	1.0000	0.0000	0.0000	0.0000	0.0000	0.0000
A0A0D2D206_taxID_1851006_model	Fungi	1.0000	0.0000	0.0000	0.0000	0.0000	0.0000
A0A7S2FUY7_taxID_3111310_model_A	Other_Eukaryota	0.0000	0.0000	0.0000	0.0000	1.0000	0.0000
A0A8B8BJX3_taxID_6565_model	Metazoa	0.0000	1.0000	0.0000	0.0000	0.0000	0.0000
A0AAD5U8M0_taxID_447962_model	Fungi	1.0000	0.0000	0.0000	0.0000	0.0000	0.0000
A0A9W8CUF5_taxID_147472_model	Fungi	1.0000	0.0000	0.0000	0.0000	0.0000	0.0000
A0A8B6D949_taxID_29158_model	Metazoa	0.0000	1.0000	0.0000	0.0000	0.0000	0.0000
F4P663_taxID_684364_model_A	Fungi	1.0000	0.0000	0.0000	0.0000	0.0000	0.0000
A0A183CK25_taxID_36090_model	Metazoa	0.0000	1.0000	0.0000	0.0000	0.0000	0.0000
A0AAE0HNE5_taxID_1854472_model_A	Fungi	1.0000	0.0000	0.0000	0.0000	0.0000	0.0000
A0AA36CWW9_taxID_96644_model	Metazoa	0.0000	1.0000	0.0000	0.0000	0.0000	0.0000
A0ABY7ET59_taxID_6604_model	Metazoa	0.0000	1.0000	0.0000	0.0000	0.0000	0.0000
A0A3R7WGA7_taxID_112090_model_A	Other_Eukaryota	0.0000	0.0000	0.0000	0.0000	1.0000	0.0000
A0A9W8DSU2_taxID_417184_model	Fungi	1.0000	0.0000	0.0000	0.0000	0.0000	0.0000
A0A8B6CPY6_taxID_29158_model_A	Metazoa	0.0000	1.0000	0.0000	0.0000	0.0000	0.0000
L8X5X1_taxID_983506_model	Unknown	0.0000	0.0000	0.0000	0.0000	0.0000	1.0000
A0ACC3C3P1_taxID_2788_model	Unknown	0.0000	0.0000	0.0000	0.0000	0.0000	1.0000
A0AAD9L024_taxID_27915_model	Unknown	0.0000	0.0000	0.0000	0.0000	0.0000	1.0000
A0A6A6UW36_taxID_703497_model_A	Fungi	1.0000	0.0000	0.0000	0.0000	0.0000	0.0000
A0A210QHN1_taxID_6573_model_A	Metazoa	0.0000	1.0000	0.0000	0.0000	0.0000	0.0000
A0A9Q8PMF0_taxID_5499_model	Fungi	1.0000	0.0000	0.0000	0.0000	0.0000	0.0000
A0AAD5Q4K3_taxID_114742_model	Other_Eukaryota	0.0000	0.0000	0.0000	0.0000	1.0000	0.0000
A0A075AEH4_taxID_6198_model	Unknown	0.0000	0.0000	0.0000	0.0000	0.0000	1.0000
A0A9P8RMY0_taxID_152316_model_A	Fungi	1.0000	0.0000	0.0000	0.0000	0.0000	0.0000
A0A0R3RSJ5_taxID_1147741_model_A	Metazoa	0.0000	1.0000	0.0000	0.0000	0.0000	0.0000
A0A137P2U9_taxID_796925_model	Fungi	1.0000	0.0000	0.0000	0.0000	0.0000	0.0000
A0AAF3FNB6_taxID_2138241_model	Metazoa	0.0000	1.0000	0.0000	0.0000	0.0000	0.0000
A0A6P7S7A7_taxID_2607531_model	Metazoa	0.0000	1.0000	0.0000	0.0000	0.0000	0.0000
A0A1F8A6I4_taxID_109264_model_A	Fungi	1.0000	0.0000	0.0000	0.0000	0.0000	0.0000
A0A1V6QQ78_taxID_416450_model	Fungi	1.0000	0.0000	0.0000	0.0000	0.0000	0.0000
A0A210QME8_taxID_6573_model	Metazoa	0.0000	1.0000	0.0000	0.0000	0.0000	0.0000
A0A1E3V4Z2_taxID_1752398_model	Bacteria	0.0000	0.0000	1.0000	0.0000	0.0000	0.0000
A0A8B6BGF3_taxID_29158_model_A	Metazoa	0.0000	1.0000	0.0000	0.0000	0.0000	0.0000
A0A507BNL8_taxID_1093900_model	Unknown	0.0000	0.0000	0.0000	0.0000	0.0000	1.0000
A0AAQ3PCB6_taxID_3915_model	Viridiplantae	0.0000	0.0000	0.0000	1.0000	0.0000	0.0000
A0AAV2Z5P0_taxID_4803_model	Other_Eukaryota	0.0000	0.0000	0.0000	0.0000	1.0000	0.0000
A0A0G2GEG2_taxID_420778_model_A	Fungi	1.0000	0.0000	0.0000	0.0000	0.0000	0.0000
A0AAN7UYZ7_taxID_326684_model	Fungi	1.0000	0.0000	0.0000	0.0000	0.0000	0.0000
A0A2A2KT90_taxID_2018661_model	Metazoa	0.0000	1.0000	0.0000	0.0000	0.0000	0.0000
A0A6A5AMC3_taxID_112090_model	Other_Eukaryota	0.0000	0.0000	0.0000	0.0000	1.0000	0.0000
A0ABR1G0V9_taxID_44056_model_A	Other_Eukaryota	0.0000	0.0000	0.0000	0.0000	1.0000	0.0000
A0A1Y2HVF8_taxID_765915_model	Fungi	1.0000	0.0000	0.0000	0.0000	0.0000	0.0000
A0A6G0XE75_taxID_100861_model	Other_Eukaryota	0.0000	0.0000	0.0000	0.0000	1.0000	0.0000
A0A833RDF0_taxID_544730_model	Viridiplantae	0.0000	0.0000	0.0000	1.0000	0.0000	0.0000
A0ABQ8EY21_taxID_1357716_model	Fungi	1.0000	0.0000	0.0000	0.0000	0.0000	0.0000
K1Q1M0_taxID_29159_model_A	Metazoa	0.0000	1.0000	0.0000	0.0000	0.0000	0.0000
A0A6J8BNB1_taxID_42192_model_A	Metazoa	0.0000	1.0000	0.0000	0.0000	0.0000	0.0000
A0A1I8IJ91_taxID_282301_model	Unknown	0.0000	0.0000	0.0000	0.0000	0.0000	1.0000
A0A8H4REF5_taxID_354080_model	Fungi	1.0000	0.0000	0.0000	0.0000	0.0000	0.0000
A0A2T9YAV5_taxID_133385_model_A	Fungi	1.0000	0.0000	0.0000	0.0000	0.0000	0.0000
A0AAD7UPE3_taxID_2483200_model	Unknown	0.0000	0.0000	0.0000	0.0000	0.0000	1.0000
A0A388KHX6_taxID_69332_model	Viridiplantae	0.0000	0.0000	0.0000	1.0000	0.0000	0.0000
A0ABR1VSU4_taxID_2905665_model	Fungi	1.0000	0.0000	0.0000	0.0000	0.0000	0.0000
A0A2R5GU51_taxID_2315210_model	Other_Eukaryota	0.0000	0.0000	0.0000	0.0000	1.0000	0.0000
A0A1H3CW61_taxID_1137993_model_A	Bacteria	0.0000	0.0000	1.0000	0.0000	0.0000	0.0000
A0A7X1AU61_taxID_2724178_model	Bacteria	0.0000	0.0000	1.0000	0.0000	0.0000	0.0000
A0AAV7G5I4_taxID_161865_model	Viridiplantae	0.0000	0.0000	0.0000	1.0000	0.0000	0.0000
A0A8H4H8E0_taxID_340414_model	Fungi	1.0000	0.0000	0.0000	0.0000	0.0000	0.0000
A0ABW8R094_taxID_2853159_model	Bacteria	0.0000	0.0000	1.0000	0.0000	0.0000	0.0000
A0A084FV70_taxID_563466_model_A	Fungi	1.0000	0.0000	0.0000	0.0000	0.0000	0.0000
A0A179UIK7_taxID_559298_model_A	Fungi	1.0000	0.0000	0.0000	0.0000	0.0000	0.0000
A0AAV9X0N3_taxID_2528407_model	Fungi	1.0000	0.0000	0.0000	0.0000	0.0000	0.0000
A0A9W8M3B5_taxID_2650707_model	Fungi	1.0000	0.0000	0.0000	0.0000	0.0000	0.0000
A0ABP0NLQ2_taxID_1381693_model	Unknown	0.0000	0.0000	0.0000	0.0000	0.0000	1.0000
A0A3N4HYC1_taxID_1160509_model	Fungi	1.0000	0.0000	0.0000	0.0000	0.0000	0.0000
E6ZRP4_taxID_999809_model_A	Fungi	1.0000	0.0000	0.0000	0.0000	0.0000	0.0000
A0AAD5UGL0_taxID_261099_model	Fungi	1.0000	0.0000	0.0000	0.0000	0.0000	0.0000
A0A2B7XQF2_taxID_1447875_model	Fungi	1.0000	0.0000	0.0000	0.0000	0.0000	0.0000
A0ABQ9EBE2_taxID_220873_model_A	Metazoa	0.0000	1.0000	0.0000	0.0000	0.0000	0.0000
A0ABD0JMJ5_taxID_370345_model	Metazoa	0.0000	1.0000	0.0000	0.0000	0.0000	0.0000
A0A8H7EE27_taxID_1187904_model	Fungi	1.0000	0.0000	0.0000	0.0000	0.0000	0.0000
A0AA37P7R2_taxID_700344_model	Fungi	1.0000	0.0000	0.0000	0.0000	0.0000	0.0000
A0AAJ5HX26_taxID_2219225_model	Bacteria	0.0000	0.0000	1.0000	0.0000	0.0000	0.0000
A0A250IQN3_taxID_1294270_model_A	Bacteria	0.0000	0.0000	1.0000	0.0000	0.0000	0.0000
A0A6A3PYG5_taxID_53985_model	Other_Eukaryota	0.0000	0.0000	0.0000	0.0000	1.0000	0.0000
A0A9P9IXR3_taxID_1079267_model	Fungi	1.0000	0.0000	0.0000	0.0000	0.0000	0.0000
A0A0G4J7H3_taxID_37360_model	Unknown	0.0000	0.0000	0.0000	0.0000	0.0000	1.0000
A0A3R6Z2B6_taxID_112090_model	Other_Eukaryota	0.0000	0.0000	0.0000	0.0000	1.0000	0.0000
A0AAV9XIV8_taxID_2528407_model	Fungi	1.0000	0.0000	0.0000	0.0000	0.0000	0.0000
A0A9W8GII7_taxID_417178_model	Fungi	1.0000	0.0000	0.0000	0.0000	0.0000	0.0000
A0ABD3VGG0_taxID_1069815_model	Metazoa	0.0000	1.0000	0.0000	0.0000	0.0000	0.0000
A0AAV5TB08_taxID_358040_model	Metazoa	0.0000	1.0000	0.0000	0.0000	0.0000	0.0000
A0ABW5LHB0_taxID_1920033_model_A	Bacteria	0.0000	0.0000	1.0000	0.0000	0.0000	0.0000
A0A1L9RA92_taxID_1073089_model	Fungi	1.0000	0.0000	0.0000	0.0000	0.0000	0.0000
A0AAD5LBU8_taxID_114742_model	Other_Eukaryota	0.0000	0.0000	0.0000	0.0000	1.0000	0.0000
A0AAD5UFP1_taxID_261099_model	Fungi	1.0000	0.0000	0.0000	0.0000	0.0000	0.0000
A0A4P9Z2E4_taxID_1712513_model_A	Fungi	1.0000	0.0000	0.0000	0.0000	0.0000	0.0000
A0A8H8P906_taxID_456999_model	Fungi	1.0000	0.0000	0.0000	0.0000	0.0000	0.0000
Q2H2F5_taxID_306901_model_A	Fungi	1.0000	0.0000	0.0000	0.0000	0.0000	0.0000
A0AA89BXI1_taxID_66713_model	Metazoa	0.0000	1.0000	0.0000	0.0000	0.0000	0.0000
A0A368GCB1_taxID_29170_model	Unknown	0.0000	0.0000	0.0000	0.0000	0.0000	1.0000
A0A418AQE9_taxID_157072_model	Other_Eukaryota	0.0000	0.0000	0.0000	0.0000	1.0000	0.0000
A0A8H4W988_taxID_354080_model	Fungi	1.0000	0.0000	0.0000	0.0000	0.0000	0.0000
A0A914L5B1_taxID_6306_model	Unknown	0.0000	0.0000	0.0000	0.0000	0.0000	1.0000
A0A4U5PCS0_taxID_34508_model	Metazoa	0.0000	1.0000	0.0000	0.0000	0.0000	0.0000
A0ACD3ADA0_taxID_181527_model	Unknown	0.0000	0.0000	0.0000	0.0000	0.0000	1.0000
A0A067C156_taxID_695850_model_A	Unknown	0.0000	0.0000	0.0000	0.0000	0.0000	1.0000
A0A9P9APM6_taxID_1576542_model_A	Fungi	1.0000	0.0000	0.0000	0.0000	0.0000	0.0000
A0A9W4MKU2_taxID_99116_model	Fungi	1.0000	0.0000	0.0000	0.0000	0.0000	0.0000
A0A7S4ZSW5_taxID_359_model	Unknown	0.0000	0.0000	0.0000	0.0000	0.0000	1.0000
A0A9W9ZU34_taxID_174260_model	Metazoa	0.0000	1.0000	0.0000	0.0000	0.0000	0.0000
A0A7D5Z204_taxID_500148_model	Fungi	1.0000	0.0000	0.0000	0.0000	0.0000	0.0000
A0AAD5Q741_taxID_114742_model	Other_Eukaryota	0.0000	0.0000	0.0000	0.0000	1.0000	0.0000
A0A8W8J4S3_taxID_29159_model	Unknown	0.0000	0.0000	0.0000	0.0000	0.0000	1.0000
A0A067CXC8_taxID_695850_model	Other_Eukaryota	0.0000	0.0000	0.0000	0.0000	1.0000	0.0000
A0A9P9WMZ2_taxID_1658444_model_A	Fungi	1.0000	0.0000	0.0000	0.0000	0.0000	0.0000
A0A1S2TDC3_taxID_169669_model	Bacteria	0.0000	0.0000	1.0000	0.0000	0.0000	0.0000
A0A6I9TDV3_taxID_4182_model	Viridiplantae	0.0000	0.0000	0.0000	1.0000	0.0000	0.0000
A0A177X0C6_taxID_403673_model	Fungi	1.0000	0.0000	0.0000	0.0000	0.0000	0.0000
A0A8J5IJ88_taxID_2496075_model	Other_Eukaryota	0.0000	0.0000	0.0000	0.0000	1.0000	0.0000
A0A914E549_taxID_290746_model	Metazoa	0.0000	1.0000	0.0000	0.0000	0.0000	0.0000
A0A7J5Y3H3_taxID_36200_model	Metazoa	0.0000	1.0000	0.0000	0.0000	0.0000	0.0000
A0AAD9PC82_taxID_27915_model	Unknown	0.0000	0.0000	0.0000	0.0000	0.0000	1.0000
A0AAW1R6D9_taxID_41462_model	Viridiplantae	0.0000	0.0000	0.0000	1.0000	0.0000	0.0000
A0AAN6ZPW2_taxID_1934379_model	Fungi	1.0000	0.0000	0.0000	0.0000	0.0000	0.0000
A0A8B8EY98_taxID_6565_model	Metazoa	0.0000	1.0000	0.0000	0.0000	0.0000	0.0000
A0ABR1US72_taxID_335842_model	Fungi	1.0000	0.0000	0.0000	0.0000	0.0000	0.0000
A0ABR4CSW7_taxID_86028_model	Fungi	1.0000	0.0000	0.0000	0.0000	0.0000	0.0000
A0A164MPH2_taxID_1314777_model	Fungi	1.0000	0.0000	0.0000	0.0000	0.0000	0.0000
A0ABU4HHA2_taxID_1940611_model	Bacteria	0.0000	0.0000	1.0000	0.0000	0.0000	0.0000
A0A421GP30_taxID_325452_model	Other_Eukaryota	0.0000	0.0000	0.0000	0.0000	1.0000	0.0000
A0AA88XLC0_taxID_66713_model	Metazoa	0.0000	1.0000	0.0000	0.0000	0.0000	0.0000
A0AAN8JKH5_taxID_87958_model	Metazoa	0.0000	1.0000	0.0000	0.0000	0.0000	0.0000
A0A0A7CLR3_taxID_74557_model	Other_Eukaryota	0.0000	0.0000	0.0000	0.0000	1.0000	0.0000
A0AA35SH85_taxID_519541_model	Metazoa	0.0000	1.0000	0.0000	0.0000	0.0000	0.0000
A0A1E7FM11_taxID_635003_model	Other_Eukaryota	0.0000	0.0000	0.0000	0.0000	1.0000	0.0000
A0ACB1AT13_taxID_390850_model	Metazoa	0.0000	1.0000	0.0000	0.0000	0.0000	0.0000
A0AAE1CE31_taxID_314037_model	Unknown	0.0000	0.0000	0.0000	0.0000	0.0000	1.0000
A0A1B2EVM5_taxID_1882682_model	Unknown	0.0000	0.0000	0.0000	0.0000	0.0000	1.0000
A0A8S0S5P5_taxID_158383_model	Unknown	0.0000	0.0000	0.0000	0.0000	0.0000	1.0000
A0A0G4HRH3_taxID_1169474_model	Unknown	0.0000	0.0000	0.0000	0.0000	0.0000	1.0000
A0A8H4RD19_taxID_354080_model	Fungi	1.0000	0.0000	0.0000	0.0000	0.0000	0.0000
E7CLR6_taxID_34541_model	Metazoa	0.0000	1.0000	0.0000	0.0000	0.0000	0.0000
A0AAV9WFZ0_taxID_47236_model	Fungi	1.0000	0.0000	0.0000	0.0000	0.0000	0.0000
A0A9W8GLG1_taxID_417178_model	Fungi	1.0000	0.0000	0.0000	0.0000	0.0000	0.0000
A0A1I7XST7_taxID_37862_model	Metazoa	0.0000	1.0000	0.0000	0.0000	0.0000	0.0000
A0AAE8MN78_taxID_2041049_model	Unknown	0.0000	0.0000	0.0000	0.0000	0.0000	1.0000
A0A8J7GKX2_taxID_619741_model_A	Bacteria	0.0000	0.0000	1.0000	0.0000	0.0000	0.0000
A7SSF6_taxID_45351_model	Metazoa	0.0000	1.0000	0.0000	0.0000	0.0000	0.0000
A0A0V1ABN4_taxID_990121_model	Unknown	0.0000	0.0000	0.0000	0.0000	0.0000	1.0000
A0A9P6LG07_taxID_1095194_model_A	Fungi	1.0000	0.0000	0.0000	0.0000	0.0000	0.0000
A0ABD3P7G1_taxID_382360_model_A	Other_Eukaryota	0.0000	0.0000	0.0000	0.0000	1.0000	0.0000
A0A8B8EU86_taxID_6565_model_A	Metazoa	0.0000	1.0000	0.0000	0.0000	0.0000	0.0000
A0A2P4YVC2_taxID_4796_model	Unknown	0.0000	0.0000	0.0000	0.0000	0.0000	1.0000
A0A914GX34_taxID_31243_model_A	Metazoa	0.0000	1.0000	0.0000	0.0000	0.0000	0.0000
A0AA39WCT5_taxID_314043_model_A	Fungi	1.0000	0.0000	0.0000	0.0000	0.0000	0.0000
A0A8T1WL70_taxID_109152_model	Other_Eukaryota	0.0000	0.0000	0.0000	0.0000	1.0000	0.0000
A0ACC1KNJ3_taxID_2663919_model	Fungi	1.0000	0.0000	0.0000	0.0000	0.0000	0.0000
A0ACC2T4I7_taxID_34485_model	Unknown	0.0000	0.0000	0.0000	0.0000	0.0000	1.0000
A0AAV1UU79_taxID_2874970_model	Other_Eukaryota	0.0000	0.0000	0.0000	0.0000	1.0000	0.0000
A0A8H3J0U5_taxID_116794_model	Fungi	1.0000	0.0000	0.0000	0.0000	0.0000	0.0000
A0A9W9H0G7_taxID_126998_model	Fungi	1.0000	0.0000	0.0000	0.0000	0.0000	0.0000
A0AAN8RWQ7_taxID_74498_model_A	Fungi	1.0000	0.0000	0.0000	0.0000	0.0000	0.0000
A0A8S3PQP2_taxID_6550_model	Metazoa	0.0000	1.0000	0.0000	0.0000	0.0000	0.0000
A0A6S7IGK9_taxID_317549_model_A	Metazoa	0.0000	1.0000	0.0000	0.0000	0.0000	0.0000
A0A7V2WU63_taxID_45248_model_A	Bacteria	0.0000	0.0000	1.0000	0.0000	0.0000	0.0000
A0AA36CMA4_taxID_96644_model	Metazoa	0.0000	1.0000	0.0000	0.0000	0.0000	0.0000
A0A485LWG8_taxID_120398_model	Other_Eukaryota	0.0000	0.0000	0.0000	0.0000	1.0000	0.0000
A1IHF1_taxID_50426_model_A	Metazoa	0.0000	1.0000	0.0000	0.0000	0.0000	0.0000
A0A9P4MY33_taxID_1513339_model	Fungi	1.0000	0.0000	0.0000	0.0000	0.0000	0.0000
A0AAE0BBE6_taxID_36881_model_A	Viridiplantae	0.0000	0.0000	0.0000	1.0000	0.0000	0.0000
A0ABR3D601_taxID_5142_model	Fungi	1.0000	0.0000	0.0000	0.0000	0.0000	0.0000
A0AAN5YXZ8_taxID_282268_model	Fungi	1.0000	0.0000	0.0000	0.0000	0.0000	0.0000
W3WJ04_taxID_1229662_model_A	Fungi	1.0000	0.0000	0.0000	0.0000	0.0000	0.0000
A0A1Y2C6Z8_taxID_329046_model	Fungi	1.0000	0.0000	0.0000	0.0000	0.0000	0.0000
A0A6J8ENF3_taxID_42192_model_A	Metazoa	0.0000	1.0000	0.0000	0.0000	0.0000	0.0000
A0A1E7F8K2_taxID_635003_model	Other_Eukaryota	0.0000	0.0000	0.0000	0.0000	1.0000	0.0000
A0A914W9Q0_taxID_2011161_model	Metazoa	0.0000	1.0000	0.0000	0.0000	0.0000	0.0000
A0A0C3F7Q7_taxID_765440_model	Unknown	0.0000	0.0000	0.0000	0.0000	0.0000	1.0000
A0A8S3R6D1_taxID_6550_model	Metazoa	0.0000	1.0000	0.0000	0.0000	0.0000	0.0000
A0A1Y2CS79_taxID_329046_model	Fungi	1.0000	0.0000	0.0000	0.0000	0.0000	0.0000
A0A077R9S7_taxID_1398559_model_A	Fungi	1.0000	0.0000	0.0000	0.0000	0.0000	0.0000
A0A7D9J5S3_taxID_317549_model	Metazoa	0.0000	1.0000	0.0000	0.0000	0.0000	0.0000
A0A4S4M1Y3_taxID_1095465_model_A	Fungi	1.0000	0.0000	0.0000	0.0000	0.0000	0.0000
A0A507FGD0_taxID_246404_model	Fungi	1.0000	0.0000	0.0000	0.0000	0.0000	0.0000
A0A6V1RYI1_taxID_2829_model	Other_Eukaryota	0.0000	0.0000	0.0000	0.0000	1.0000	0.0000
A0A1R1Y0C8_taxID_133412_model_A	Fungi	1.0000	0.0000	0.0000	0.0000	0.0000	0.0000
A0A1Y2C7D2_taxID_329046_model	Fungi	1.0000	0.0000	0.0000	0.0000	0.0000	0.0000
A0A507F8P2_taxID_246404_model	Fungi	1.0000	0.0000	0.0000	0.0000	0.0000	0.0000
A0A7C8JJK0_taxID_2813651_model	Fungi	1.0000	0.0000	0.0000	0.0000	0.0000	0.0000
A0A1V6PRI1_taxID_416450_model	Fungi	1.0000	0.0000	0.0000	0.0000	0.0000	0.0000
M4C4I8_taxID_559515_model	Other_Eukaryota	0.0000	0.0000	0.0000	0.0000	1.0000	0.0000
A0A2J0YX98_taxID_382_model	Bacteria	0.0000	0.0000	1.0000	0.0000	0.0000	0.0000
A0AAD5LVG2_taxID_114742_model	Other_Eukaryota	0.0000	0.0000	0.0000	0.0000	1.0000	0.0000
A0A2T9YAU9_taxID_133385_model_A	Fungi	1.0000	0.0000	0.0000	0.0000	0.0000	0.0000
A0A1R0H363_taxID_133383_model_A	Fungi	1.0000	0.0000	0.0000	0.0000	0.0000	0.0000
A0A8H2X9J9_taxID_456999_model	Unknown	0.0000	0.0000	0.0000	0.0000	0.0000	1.0000
A0A4S2MTZ1_taxID_341454_model	Fungi	1.0000	0.0000	0.0000	0.0000	0.0000	0.0000
A0A9P8XXZ3_taxID_1682393_model_A	Fungi	1.0000	0.0000	0.0000	0.0000	0.0000	0.0000
A0A914V8X7_taxID_2011161_model	Unknown	0.0000	0.0000	0.0000	0.0000	0.0000	1.0000
F0YJP7_taxID_44056_model	Unknown	0.0000	0.0000	0.0000	0.0000	0.0000	1.0000
A0A7S2B6E8_taxID_3111310_model	Unknown	0.0000	0.0000	0.0000	0.0000	0.0000	1.0000
A0A2G9H9F5_taxID_429701_model	Viridiplantae	0.0000	0.0000	0.0000	1.0000	0.0000	0.0000
A0A9N8D4W9_taxID_568900_model	Other_Eukaryota	0.0000	0.0000	0.0000	0.0000	1.0000	0.0000
A0A1I4S2G6_taxID_52442_model_A	Bacteria	0.0000	0.0000	1.0000	0.0000	0.0000	0.0000
A0ABR1G981_taxID_44056_model_A	Unknown	0.0000	0.0000	0.0000	0.0000	0.0000	1.0000
A0A8H7AFZ9_taxID_364733_model_A	Fungi	1.0000	0.0000	0.0000	0.0000	0.0000	0.0000
A0AAE3VW27_taxID_137267_model_A	Bacteria	0.0000	0.0000	1.0000	0.0000	0.0000	0.0000
A0A166F114_taxID_79200_model	Viridiplantae	0.0000	0.0000	0.0000	1.0000	0.0000	0.0000
A0ABV5GMN6_taxID_998845_model_A	Bacteria	0.0000	0.0000	1.0000	0.0000	0.0000	0.0000
A0AAV3X2D7_taxID_2530354_model	Bacteria	0.0000	0.0000	1.0000	0.0000	0.0000	0.0000
A0AA88XLZ1_taxID_66713_model	Metazoa	0.0000	1.0000	0.0000	0.0000	0.0000	0.0000
A0A067D5R2_taxID_695850_model_A	Other_Eukaryota	0.0000	0.0000	0.0000	0.0000	1.0000	0.0000
A0A504YVJ2_taxID_46835_model	Metazoa	0.0000	1.0000	0.0000	0.0000	0.0000	0.0000
A0A1Y1W9H1_taxID_61395_model_A	Fungi	1.0000	0.0000	0.0000	0.0000	0.0000	0.0000
A0A9D4FNI9_taxID_45954_model	Metazoa	0.0000	1.0000	0.0000	0.0000	0.0000	0.0000
A0AAD7UFH1_taxID_2483200_model_A	Other_Eukaryota	0.0000	0.0000	0.0000	0.0000	1.0000	0.0000
A0A560H4D2_taxID_28077_model_A	Unknown	0.0000	0.0000	0.0000	0.0000	0.0000	1.0000
A0A238C4W2_taxID_387005_model	Unknown	0.0000	0.0000	0.0000	0.0000	0.0000	1.0000
A0ABD2L835_taxID_157864_model	Metazoa	0.0000	1.0000	0.0000	0.0000	0.0000	0.0000
A0ABX2C6M7_taxID_2675748_model	Bacteria	0.0000	0.0000	1.0000	0.0000	0.0000	0.0000
M7S888_taxID_1287681_model_A	Fungi	1.0000	0.0000	0.0000	0.0000	0.0000	0.0000
A0ABR3V8J2_taxID_85995_model	Fungi	1.0000	0.0000	0.0000	0.0000	0.0000	0.0000
A0AAV5VUR0_taxID_1538716_model	Metazoa	0.0000	1.0000	0.0000	0.0000	0.0000	0.0000
A0A6J8E8F7_taxID_42192_model	Metazoa	0.0000	1.0000	0.0000	0.0000	0.0000	0.0000
Q54QT1_taxID_44689_model	Unknown	0.0000	0.0000	0.0000	0.0000	0.0000	1.0000
A0ABN8LLM9_taxID_104178_model_A	Metazoa	0.0000	1.0000	0.0000	0.0000	0.0000	0.0000
A0A9N7UE72_taxID_8262_model	Metazoa	0.0000	1.0000	0.0000	0.0000	0.0000	0.0000
A0A4Q2D856_taxID_2316362_model	Fungi	1.0000	0.0000	0.0000	0.0000	0.0000	0.0000
A0A511NAA7_taxID_1223518_model_A	Bacteria	0.0000	0.0000	1.0000	0.0000	0.0000	0.0000
A0ACC1HEN0_taxID_68401_model	Fungi	1.0000	0.0000	0.0000	0.0000	0.0000	0.0000
A0A135T4G4_taxID_703756_model	Fungi	1.0000	0.0000	0.0000	0.0000	0.0000	0.0000
A0ABS1DFY7_taxID_1088_model	Bacteria	0.0000	0.0000	1.0000	0.0000	0.0000	0.0000
A0A5N6U7M7_taxID_36643_model	Fungi	1.0000	0.0000	0.0000	0.0000	0.0000	0.0000
A0AA48LWU8_taxID_556182_model_A	Unknown	0.0000	0.0000	0.0000	0.0000	0.0000	1.0000
A0ABD2LYB3_taxID_157864_model	Metazoa	0.0000	1.0000	0.0000	0.0000	0.0000	0.0000
A0A8K0WPV5_taxID_80388_model_A	Fungi	1.0000	0.0000	0.0000	0.0000	0.0000	0.0000
A0A915N8X1_taxID_6303_model	Metazoa	0.0000	1.0000	0.0000	0.0000	0.0000	0.0000
A0A2T9YQ48_taxID_133385_model_A	Fungi	1.0000	0.0000	0.0000	0.0000	0.0000	0.0000
A0A163HZN4_taxID_5454_model_A	Fungi	1.0000	0.0000	0.0000	0.0000	0.0000	0.0000
A0A249PKJ6_taxID_716928_model	Bacteria	0.0000	0.0000	1.0000	0.0000	0.0000	0.0000
W6ZHH7_taxID_930090_model	Fungi	1.0000	0.0000	0.0000	0.0000	0.0000	0.0000
A0A7S3XY60_taxID_2829_model	Other_Eukaryota	0.0000	0.0000	0.0000	0.0000	1.0000	0.0000
A0A9X2E6U5_taxID_2951408_model	Bacteria	0.0000	0.0000	1.0000	0.0000	0.0000	0.0000
A0A1I5DX13_taxID_35799_model_A	Bacteria	0.0000	0.0000	1.0000	0.0000	0.0000	0.0000
A0A8J3MXC0_taxID_2778364_model	Bacteria	0.0000	0.0000	1.0000	0.0000	0.0000	0.0000
G4ZQT5_taxID_1094619_model	Other_Eukaryota	0.0000	0.0000	0.0000	0.0000	1.0000	0.0000
A0AAD9QB69_taxID_6130_model	Unknown	0.0000	0.0000	0.0000	0.0000	0.0000	1.0000
A0A222YS18_taxID_106299_model	Metazoa	0.0000	1.0000	0.0000	0.0000	0.0000	0.0000
A0AAD5SIR0_taxID_64517_model	Fungi	1.0000	0.0000	0.0000	0.0000	0.0000	0.0000
A0AAD5U3C8_taxID_447962_model	Unknown	0.0000	0.0000	0.0000	0.0000	0.0000	1.0000
A0A8S3R7K9_taxID_6550_model_A	Metazoa	0.0000	1.0000	0.0000	0.0000	0.0000	0.0000
A0A1Y1YBC0_taxID_1314790_model	Fungi	1.0000	0.0000	0.0000	0.0000	0.0000	0.0000
A0A418YC39_taxID_2303987_model_A	Unknown	0.0000	0.0000	0.0000	0.0000	0.0000	1.0000
K1Q6D2_taxID_29159_model	Metazoa	0.0000	1.0000	0.0000	0.0000	0.0000	0.0000
A0AAD7UPK6_taxID_2483200_model	Other_Eukaryota	0.0000	0.0000	0.0000	0.0000	1.0000	0.0000
A0A0N5CNE5_taxID_103827_model	Metazoa	0.0000	1.0000	0.0000	0.0000	0.0000	0.0000
A0A1G5ZXY5_taxID_1165689_model	Bacteria	0.0000	0.0000	1.0000	0.0000	0.0000	0.0000
A0AAN5YGU4_taxID_293939_model	Fungi	1.0000	0.0000	0.0000	0.0000	0.0000	0.0000
A0AAE0I3J3_taxID_516989_model_A	Fungi	1.0000	0.0000	0.0000	0.0000	0.0000	0.0000
A0A7S4GNC1_taxID_2969_model	Unknown	0.0000	0.0000	0.0000	0.0000	0.0000	1.0000
A0A1I7RVW2_taxID_6326_model_A	Metazoa	0.0000	1.0000	0.0000	0.0000	0.0000	0.0000
A0AAD5X3H5_taxID_64517_model	Fungi	1.0000	0.0000	0.0000	0.0000	0.0000	0.0000
A0A835Z854_taxID_303371_model	Other_Eukaryota	0.0000	0.0000	0.0000	0.0000	1.0000	0.0000
A0AAN7UR73_taxID_326684_model_A	Fungi	1.0000	0.0000	0.0000	0.0000	0.0000	0.0000
A0AAE8STA2_taxID_2041049_model	Unknown	0.0000	0.0000	0.0000	0.0000	0.0000	1.0000
W4LRD4_taxID_1429438_model	Bacteria	0.0000	0.0000	1.0000	0.0000	0.0000	0.0000
A0A1S8CTM4_taxID_1907941_model_A	Unknown	0.0000	0.0000	0.0000	0.0000	0.0000	1.0000
A0A914V7H0_taxID_2011161_model	Metazoa	0.0000	1.0000	0.0000	0.0000	0.0000	0.0000
A0A1S9S186_taxID_104259_model	Fungi	1.0000	0.0000	0.0000	0.0000	0.0000	0.0000
A0A016WCE7_taxID_53326_model	Metazoa	0.0000	1.0000	0.0000	0.0000	0.0000	0.0000
A0A8H5PBB3_taxID_42677_model	Unknown	0.0000	0.0000	0.0000	0.0000	0.0000	1.0000
A0A3R7EK41_taxID_112090_model	Other_Eukaryota	0.0000	0.0000	0.0000	0.0000	1.0000	0.0000
F0X9X8_taxID_655863_model	Fungi	1.0000	0.0000	0.0000	0.0000	0.0000	0.0000
A0ABZ0HU16_taxID_3080828_model_A	Bacteria	0.0000	0.0000	1.0000	0.0000	0.0000	0.0000
A0A919MPV4_taxID_1050105_model_A	Bacteria	0.0000	0.0000	1.0000	0.0000	0.0000	0.0000
A0A3R7E8Z5_taxID_112090_model	Other_Eukaryota	0.0000	0.0000	0.0000	0.0000	1.0000	0.0000
A0A915KKL6_taxID_13658_model	Metazoa	0.0000	1.0000	0.0000	0.0000	0.0000	0.0000
A0A1S0UA83_taxID_7209_model	Metazoa	0.0000	1.0000	0.0000	0.0000	0.0000	0.0000
A0A1V9YE51_taxID_74557_model	Unknown	0.0000	0.0000	0.0000	0.0000	0.0000	1.0000
A0A9Q8SNA5_taxID_145971_model_A	Fungi	1.0000	0.0000	0.0000	0.0000	0.0000	0.0000
A0A9P8HZL9_taxID_1670608_model	Fungi	1.0000	0.0000	0.0000	0.0000	0.0000	0.0000
A0A5P6PFX1_taxID_244734_model_A	Bacteria	0.0000	0.0000	1.0000	0.0000	0.0000	0.0000
A0AAV0UVW7_taxID_86335_model	Other_Eukaryota	0.0000	0.0000	0.0000	0.0000	1.0000	0.0000
A0ABU2WI91_taxID_3075609_model	Unknown	0.0000	0.0000	0.0000	0.0000	0.0000	1.0000
A0AA88XKK9_taxID_66713_model	Metazoa	0.0000	1.0000	0.0000	0.0000	0.0000	0.0000
A0ABQ8FI13_taxID_1357716_model	Fungi	1.0000	0.0000	0.0000	0.0000	0.0000	0.0000
A0ACC3AZX0_taxID_138277_model	Fungi	1.0000	0.0000	0.0000	0.0000	0.0000	0.0000
A0ABY0TKI0_taxID_1231_model_A	Bacteria	0.0000	0.0000	1.0000	0.0000	0.0000	0.0000
A0A7S0FYS9_taxID_73915_model	Unknown	0.0000	0.0000	0.0000	0.0000	0.0000	1.0000
A0ABR2XFG3_taxID_138064_model_A	Fungi	1.0000	0.0000	0.0000	0.0000	0.0000	0.0000
A0A915JK17_taxID_13658_model_A	Unknown	0.0000	0.0000	0.0000	0.0000	0.0000	1.0000
A0A9P9BHZ3_taxID_1682393_model	Fungi	1.0000	0.0000	0.0000	0.0000	0.0000	0.0000
A0A067BRT6_taxID_695850_model	Unknown	0.0000	0.0000	0.0000	0.0000	0.0000	1.0000
A0A6G1MF13_taxID_2813651_model	Fungi	1.0000	0.0000	0.0000	0.0000	0.0000	0.0000
A0AAV2QDB1_taxID_48144_model	Unknown	0.0000	0.0000	0.0000	0.0000	0.0000	1.0000
A0A9W9VBH4_taxID_293559_model	Fungi	1.0000	0.0000	0.0000	0.0000	0.0000	0.0000
A0A316L4G5_taxID_2201895_model_A	Bacteria	0.0000	0.0000	1.0000	0.0000	0.0000	0.0000
A0A4P9XIM0_taxID_78915_model_A	Fungi	1.0000	0.0000	0.0000	0.0000	0.0000	0.0000
A0A8H7WI46_taxID_108018_model_A	Fungi	1.0000	0.0000	0.0000	0.0000	0.0000	0.0000
A0A1Y1HVY3_taxID_105231_model_A	Viridiplantae	0.0000	0.0000	0.0000	1.0000	0.0000	0.0000
A0ACC1IX00_taxID_61397_model	Fungi	1.0000	0.0000	0.0000	0.0000	0.0000	0.0000
A0A024SD58_taxID_1344414_model_A	Fungi	1.0000	0.0000	0.0000	0.0000	0.0000	0.0000
A0A4Z0Z5N9_taxID_37992_model_A	Fungi	1.0000	0.0000	0.0000	0.0000	0.0000	0.0000
Q7S218_taxID_367110_model	Fungi	1.0000	0.0000	0.0000	0.0000	0.0000	0.0000
A0AAE4C8H8_taxID_137266_model_A	Bacteria	0.0000	0.0000	1.0000	0.0000	0.0000	0.0000
A0A8B8ECR7_taxID_6565_model_A	Metazoa	0.0000	1.0000	0.0000	0.0000	0.0000	0.0000
A0ACB5RUU5_taxID_310453_model	Fungi	1.0000	0.0000	0.0000	0.0000	0.0000	0.0000
W2Z167_taxID_1317064_model	Other_Eukaryota	0.0000	0.0000	0.0000	0.0000	1.0000	0.0000
A0A2N9JBZ6_taxID_75385_model_A	Bacteria	0.0000	0.0000	1.0000	0.0000	0.0000	0.0000
A0A9P0EDX1_taxID_160281_model	Fungi	1.0000	0.0000	0.0000	0.0000	0.0000	0.0000
A0AAN6E594_taxID_2486360_model_A	Unknown	0.0000	0.0000	0.0000	0.0000	0.0000	1.0000
H1W0D6_taxID_759273_model	Fungi	1.0000	0.0000	0.0000	0.0000	0.0000	0.0000
A0A7M5U0C1_taxID_252671_model_A	Metazoa	0.0000	1.0000	0.0000	0.0000	0.0000	0.0000
A0AAD4L0L4_taxID_1131652_model	Fungi	1.0000	0.0000	0.0000	0.0000	0.0000	0.0000
A0ABW6M374_taxID_1306990_model_A	Bacteria	0.0000	0.0000	1.0000	0.0000	0.0000	0.0000
A0A8H2WDY0_taxID_456999_model	Fungi	1.0000	0.0000	0.0000	0.0000	0.0000	0.0000
A0A2U1JAZ7_taxID_133377_model	Fungi	1.0000	0.0000	0.0000	0.0000	0.0000	0.0000
A0AA36DUE9_taxID_53992_model	Metazoa	0.0000	1.0000	0.0000	0.0000	0.0000	0.0000
A0A6S7H2E1_taxID_317549_model	Metazoa	0.0000	1.0000	0.0000	0.0000	0.0000	0.0000
A0A1W2TBG8_taxID_77044_model	Fungi	1.0000	0.0000	0.0000	0.0000	0.0000	0.0000
A0A813JVL4_taxID_89957_model	Unknown	0.0000	0.0000	0.0000	0.0000	0.0000	1.0000
A0ABR1SKI5_taxID_990691_model	Fungi	1.0000	0.0000	0.0000	0.0000	0.0000	0.0000
A0AAV0UGV2_taxID_86335_model	Other_Eukaryota	0.0000	0.0000	0.0000	0.0000	1.0000	0.0000
A0ABQ0CQG4_taxID_79588_model_A	Fungi	1.0000	0.0000	0.0000	0.0000	0.0000	0.0000
A0A062U9V8_taxID_1280946_model	Bacteria	0.0000	0.0000	1.0000	0.0000	0.0000	0.0000
A0A6P8I583_taxID_6105_model	Metazoa	0.0000	1.0000	0.0000	0.0000	0.0000	0.0000
A0A562MFH3_taxID_39844_model	Bacteria	0.0000	0.0000	1.0000	0.0000	0.0000	0.0000
A0A1G6VNA4_taxID_168276_model	Unknown	0.0000	0.0000	0.0000	0.0000	0.0000	1.0000
A0ABD2L3A9_taxID_157864_model	Metazoa	0.0000	1.0000	0.0000	0.0000	0.0000	0.0000
A0AAX6MJK2_taxID_292717_model	Fungi	1.0000	0.0000	0.0000	0.0000	0.0000	0.0000
A0ABR1FHI7_taxID_44056_model	Unknown	0.0000	0.0000	0.0000	0.0000	0.0000	1.0000
A0A8H3DZ25_taxID_456999_model_A	Fungi	1.0000	0.0000	0.0000	0.0000	0.0000	0.0000
A0A8S4P0W5_taxID_6347_model_A	Metazoa	0.0000	1.0000	0.0000	0.0000	0.0000	0.0000
A0A8B8ERQ6_taxID_6565_model_A	Metazoa	0.0000	1.0000	0.0000	0.0000	0.0000	0.0000
A0A4Q4SXW4_taxID_155417_model	Fungi	1.0000	0.0000	0.0000	0.0000	0.0000	0.0000
A0A7W6JPH3_taxID_1268553_model	Bacteria	0.0000	0.0000	1.0000	0.0000	0.0000	0.0000
A0A0B2VVI5_taxID_6265_model	Metazoa	0.0000	1.0000	0.0000	0.0000	0.0000	0.0000
A0AAV9V0T6_taxID_1796055_model	Fungi	1.0000	0.0000	0.0000	0.0000	0.0000	0.0000
J9F6E9_taxID_6293_model	Metazoa	0.0000	1.0000	0.0000	0.0000	0.0000	0.0000
A0A7C8RKC7_taxID_2813651_model_A	Fungi	1.0000	0.0000	0.0000	0.0000	0.0000	0.0000
A0A934W1F1_taxID_657651_model	Bacteria	0.0000	0.0000	1.0000	0.0000	0.0000	0.0000
A0A926ZFT3_taxID_2949571_model_A	Bacteria	0.0000	0.0000	1.0000	0.0000	0.0000	0.0000
A0A8H4RGI4_taxID_354080_model	Fungi	1.0000	0.0000	0.0000	0.0000	0.0000	0.0000
K1QMD1_taxID_29159_model	Metazoa	0.0000	1.0000	0.0000	0.0000	0.0000	0.0000
A0A8H3FR24_taxID_172621_model_A	Unknown	0.0000	0.0000	0.0000	0.0000	0.0000	1.0000
A0A3N4LHJ3_taxID_1051890_model	Fungi	1.0000	0.0000	0.0000	0.0000	0.0000	0.0000
A0A7S3QEJ9_taxID_122233_model	Other_Eukaryota	0.0000	0.0000	0.0000	0.0000	1.0000	0.0000
A0A8H3IL14_taxID_116794_model	Fungi	1.0000	0.0000	0.0000	0.0000	0.0000	0.0000
T5ANU5_taxID_911162_model	Fungi	1.0000	0.0000	0.0000	0.0000	0.0000	0.0000
A0A7S2CZV2_taxID_3111310_model_A	Other_Eukaryota	0.0000	0.0000	0.0000	0.0000	1.0000	0.0000
K1X411_taxID_1072389_model	Fungi	1.0000	0.0000	0.0000	0.0000	0.0000	0.0000
A0A409VYZ7_taxID_181874_model	Fungi	1.0000	0.0000	0.0000	0.0000	0.0000	0.0000
A0A8H3S9D4_taxID_91492_model_A	Fungi	1.0000	0.0000	0.0000	0.0000	0.0000	0.0000
A0ABV8U584_taxID_1607685_model	Bacteria	0.0000	0.0000	1.0000	0.0000	0.0000	0.0000
A0A6V1V8T3_taxID_2829_model	Other_Eukaryota	0.0000	0.0000	0.0000	0.0000	1.0000	0.0000
W7HSW3_taxID_1043628_model	Fungi	1.0000	0.0000	0.0000	0.0000	0.0000	0.0000
A0A485KAJ9_taxID_120398_model	Other_Eukaryota	0.0000	0.0000	0.0000	0.0000	1.0000	0.0000
F9FW19_taxID_660025_model_A	Fungi	1.0000	0.0000	0.0000	0.0000	0.0000	0.0000
A0ABN8RHG1_taxID_104759_model	Metazoa	0.0000	1.0000	0.0000	0.0000	0.0000	0.0000
A0A915MQ42_taxID_6303_model	Metazoa	0.0000	1.0000	0.0000	0.0000	0.0000	0.0000
A0A813FLF8_taxID_89957_model	Unknown	0.0000	0.0000	0.0000	0.0000	0.0000	1.0000
A0A2C5YKI6_taxID_2004952_model	Fungi	1.0000	0.0000	0.0000	0.0000	0.0000	0.0000
A0AAW2YXC5_taxID_1008807_model	Unknown	0.0000	0.0000	0.0000	0.0000	0.0000	1.0000
A0A1R0H9J9_taxID_133383_model_A	Fungi	1.0000	0.0000	0.0000	0.0000	0.0000	0.0000
A0AAN6SJ69_taxID_241081_model	Fungi	1.0000	0.0000	0.0000	0.0000	0.0000	0.0000
A0A0G4N7R0_taxID_100787_model	Unknown	0.0000	0.0000	0.0000	0.0000	0.0000	1.0000
A0A9E6NK98_taxID_2745510_model_A	Bacteria	0.0000	0.0000	1.0000	0.0000	0.0000	0.0000
A0A7S2EUW0_taxID_49249_model	Unknown	0.0000	0.0000	0.0000	0.0000	0.0000	1.0000
A0A158PQY2_taxID_6280_model	Metazoa	0.0000	1.0000	0.0000	0.0000	0.0000	0.0000
A0A2R6W5V4_taxID_3197_model	Viridiplantae	0.0000	0.0000	0.0000	1.0000	0.0000	0.0000
A0AAD5SQD4_taxID_109957_model	Fungi	1.0000	0.0000	0.0000	0.0000	0.0000	0.0000
A0A2G7FTM7_taxID_656916_model_A	Fungi	1.0000	0.0000	0.0000	0.0000	0.0000	0.0000
A0ACC2TU75_taxID_34485_model	Unknown	0.0000	0.0000	0.0000	0.0000	0.0000	1.0000
A0A0C2XCT6_taxID_933852_model	Unknown	0.0000	0.0000	0.0000	0.0000	0.0000	1.0000
A0A934KPH0_taxID_291193_model_A	Bacteria	0.0000	0.0000	1.0000	0.0000	0.0000	0.0000
A0A086T0Z5_taxID_857340_model	Unknown	0.0000	0.0000	0.0000	0.0000	0.0000	1.0000
A0A485LNI1_taxID_120398_model	Other_Eukaryota	0.0000	0.0000	0.0000	0.0000	1.0000	0.0000
A0ACC2IGC0_taxID_749465_model_A	Fungi	1.0000	0.0000	0.0000	0.0000	0.0000	0.0000
A0A0V1DE70_taxID_45882_model	Unknown	0.0000	0.0000	0.0000	0.0000	0.0000	1.0000
A0A9P9XQR7_taxID_1671311_model	Fungi	1.0000	0.0000	0.0000	0.0000	0.0000	0.0000
A0A9W8DQD6_taxID_417184_model	Fungi	1.0000	0.0000	0.0000	0.0000	0.0000	0.0000
A0AB34KA35_taxID_1052096_model	Fungi	1.0000	0.0000	0.0000	0.0000	0.0000	0.0000
A0A024TEL4_taxID_157072_model	Other_Eukaryota	0.0000	0.0000	0.0000	0.0000	1.0000	0.0000
A0ABR4N7Z8_taxID_2732419_model	Fungi	1.0000	0.0000	0.0000	0.0000	0.0000	0.0000
A0AAV2Z294_taxID_4803_model_A	Other_Eukaryota	0.0000	0.0000	0.0000	0.0000	1.0000	0.0000
A0A8R1Y3G8_taxID_6282_model	Metazoa	0.0000	1.0000	0.0000	0.0000	0.0000	0.0000
A0A3N4HNW1_taxID_1160509_model	Fungi	1.0000	0.0000	0.0000	0.0000	0.0000	0.0000
A0A3N4KYW5_taxID_1392247_model	Fungi	1.0000	0.0000	0.0000	0.0000	0.0000	0.0000
A0A9W8DN30_taxID_417184_model	Fungi	1.0000	0.0000	0.0000	0.0000	0.0000	0.0000
A0A915LHF2_taxID_6303_model	Metazoa	0.0000	1.0000	0.0000	0.0000	0.0000	0.0000
A0A1Y2HYH5_taxID_765915_model	Fungi	1.0000	0.0000	0.0000	0.0000	0.0000	0.0000
A0ABD2MC55_taxID_157864_model	Metazoa	0.0000	1.0000	0.0000	0.0000	0.0000	0.0000
A0ABD2JMZ9_taxID_97005_model	Metazoa	0.0000	1.0000	0.0000	0.0000	0.0000	0.0000
A0A547PT19_taxID_2489174_model	Bacteria	0.0000	0.0000	1.0000	0.0000	0.0000	0.0000
A0A136IS40_taxID_196109_model	Fungi	1.0000	0.0000	0.0000	0.0000	0.0000	0.0000
A0A2G5BJJ6_taxID_763665_model	Fungi	1.0000	0.0000	0.0000	0.0000	0.0000	0.0000
A0A0V1BIN6_taxID_6334_model	Unknown	0.0000	0.0000	0.0000	0.0000	0.0000	1.0000
A0AAD5T3C3_taxID_109957_model	Unknown	0.0000	0.0000	0.0000	0.0000	0.0000	1.0000
A0A1R0H5Z6_taxID_133383_model_A	Fungi	1.0000	0.0000	0.0000	0.0000	0.0000	0.0000
A0A8H8P6Z0_taxID_456999_model	Fungi	1.0000	0.0000	0.0000	0.0000	0.0000	0.0000
A0AA88XCP2_taxID_66713_model	Metazoa	0.0000	1.0000	0.0000	0.0000	0.0000	0.0000
A0A6B2L294_taxID_1963864_model	Unknown	0.0000	0.0000	0.0000	0.0000	0.0000	1.0000
A0A7W7K2G7_taxID_1268553_model	Bacteria	0.0000	0.0000	1.0000	0.0000	0.0000	0.0000
A0A498S7U2_taxID_6277_model	Metazoa	0.0000	1.0000	0.0000	0.0000	0.0000	0.0000
A0A1I6VK36_taxID_376730_model_A	Bacteria	0.0000	0.0000	1.0000	0.0000	0.0000	0.0000
A0ABR1GFH3_taxID_44056_model	Other_Eukaryota	0.0000	0.0000	0.0000	0.0000	1.0000	0.0000
A0A8B8ESA4_taxID_6565_model_A	Metazoa	0.0000	1.0000	0.0000	0.0000	0.0000	0.0000
A0AAE7NQI3_taxID_858423_model	Bacteria	0.0000	0.0000	1.0000	0.0000	0.0000	0.0000
A0A4Q7Z0G8_taxID_388466_model	Bacteria	0.0000	0.0000	1.0000	0.0000	0.0000	0.0000
A0A498JTL7_taxID_3750_model_A	Viridiplantae	0.0000	0.0000	0.0000	1.0000	0.0000	0.0000
A0A6S7IY75_taxID_317549_model_A	Metazoa	0.0000	1.0000	0.0000	0.0000	0.0000	0.0000
A0A210R2R4_taxID_6573_model_A	Metazoa	0.0000	1.0000	0.0000	0.0000	0.0000	0.0000
A0A8S2MFL9_taxID_1234261_model	Metazoa	0.0000	1.0000	0.0000	0.0000	0.0000	0.0000
A0AAN9V3Q1_taxID_117547_model	Fungi	1.0000	0.0000	0.0000	0.0000	0.0000	0.0000
A0AAU9WFM1_taxID_46732_model	Metazoa	0.0000	1.0000	0.0000	0.0000	0.0000	0.0000
A0A024T961_taxID_157072_model	Other_Eukaryota	0.0000	0.0000	0.0000	0.0000	1.0000	0.0000
A0AAV9UA50_taxID_1796055_model	Fungi	1.0000	0.0000	0.0000	0.0000	0.0000	0.0000
A0ACB7PGA3_taxID_1854479_model_A	Fungi	1.0000	0.0000	0.0000	0.0000	0.0000	0.0000
A0ABD2LG15_taxID_157864_model	Metazoa	0.0000	1.0000	0.0000	0.0000	0.0000	0.0000
F0Y635_taxID_44056_model	Other_Eukaryota	0.0000	0.0000	0.0000	0.0000	1.0000	0.0000
A0A915I8K9_taxID_13658_model	Metazoa	0.0000	1.0000	0.0000	0.0000	0.0000	0.0000
A0ABR1UYT2_taxID_335842_model	Fungi	1.0000	0.0000	0.0000	0.0000	0.0000	0.0000
A0ABQ6MZQ8_taxID_2962635_model_A	Other_Eukaryota	0.0000	0.0000	0.0000	0.0000	1.0000	0.0000
A0AAD5M5S5_taxID_114742_model	Other_Eukaryota	0.0000	0.0000	0.0000	0.0000	1.0000	0.0000
A0ACC2TPI5_taxID_34485_model	Fungi	1.0000	0.0000	0.0000	0.0000	0.0000	0.0000
A0A9W6BT77_taxID_330485_model_A	Unknown	0.0000	0.0000	0.0000	0.0000	0.0000	1.0000
A0AAJ0D004_taxID_1105319_model	Fungi	1.0000	0.0000	0.0000	0.0000	0.0000	0.0000
A0A0A3XNH3_taxID_375_model_A	Bacteria	0.0000	0.0000	1.0000	0.0000	0.0000	0.0000
A0A210R2L1_taxID_6573_model	Metazoa	0.0000	1.0000	0.0000	0.0000	0.0000	0.0000
A0ABV4X3A9_taxID_3153654_model	Bacteria	0.0000	0.0000	1.0000	0.0000	0.0000	0.0000
A0A7S2MT20_taxID_3111310_model	Other_Eukaryota	0.0000	0.0000	0.0000	0.0000	1.0000	0.0000
A0A9X0BDN5_taxID_1131564_model_A	Fungi	1.0000	0.0000	0.0000	0.0000	0.0000	0.0000
A0A8H3BRT5_taxID_456999_model_A	Fungi	1.0000	0.0000	0.0000	0.0000	0.0000	0.0000
A0AAE0H7V4_taxID_1854472_model_A	Fungi	1.0000	0.0000	0.0000	0.0000	0.0000	0.0000
A0A6A5QMV1_taxID_50730_model	Fungi	1.0000	0.0000	0.0000	0.0000	0.0000	0.0000
A0A2D0NGI4_taxID_1122177_model	Bacteria	0.0000	0.0000	1.0000	0.0000	0.0000	0.0000
A0A177WRB0_taxID_403673_model	Fungi	1.0000	0.0000	0.0000	0.0000	0.0000	0.0000
A0A1I4XKW7_taxID_578942_model_A	Bacteria	0.0000	0.0000	1.0000	0.0000	0.0000	0.0000
A0A6A2ZER6_taxID_106335_model	Viridiplantae	0.0000	0.0000	0.0000	1.0000	0.0000	0.0000
L2GRS8_taxID_948595_model	Fungi	1.0000	0.0000	0.0000	0.0000	0.0000	0.0000
A0A2H1GBQ4_taxID_1276532_model_A	Fungi	1.0000	0.0000	0.0000	0.0000	0.0000	0.0000
A0A397DXJ3_taxID_112090_model	Other_Eukaryota	0.0000	0.0000	0.0000	0.0000	1.0000	0.0000
A0A9X1P2F6_taxID_2907202_model	Bacteria	0.0000	0.0000	1.0000	0.0000	0.0000	0.0000
A0A0V0R8Y7_taxID_266149_model	Unknown	0.0000	0.0000	0.0000	0.0000	0.0000	1.0000
A0A914H5F4_taxID_31243_model	Metazoa	0.0000	1.0000	0.0000	0.0000	0.0000	0.0000
A0A4U9FFS8_taxID_5518_model	Fungi	1.0000	0.0000	0.0000	0.0000	0.0000	0.0000
A0A1W2TQH1_taxID_77044_model_A	Fungi	1.0000	0.0000	0.0000	0.0000	0.0000	0.0000
A0AAE0JIY1_taxID_94610_model	Fungi	1.0000	0.0000	0.0000	0.0000	0.0000	0.0000
A0ABD1S779_taxID_205694_model	Viridiplantae	0.0000	0.0000	0.0000	1.0000	0.0000	0.0000
A0A8S3ZS36_taxID_100452_model	Metazoa	0.0000	1.0000	0.0000	0.0000	0.0000	0.0000
A0A9W7ZRQ5_taxID_78921_model	Fungi	1.0000	0.0000	0.0000	0.0000	0.0000	0.0000
A0A7S2G1V7_taxID_3111310_model	Other_Eukaryota	0.0000	0.0000	0.0000	0.0000	1.0000	0.0000
A0A7S4AB65_taxID_44445_model	Other_Eukaryota	0.0000	0.0000	0.0000	0.0000	1.0000	0.0000
A0A423WHC4_taxID_252740_model_A	Fungi	1.0000	0.0000	0.0000	0.0000	0.0000	0.0000
A0A210R2F8_taxID_6573_model	Metazoa	0.0000	1.0000	0.0000	0.0000	0.0000	0.0000
A0A8H6A0W2_taxID_209559_model	Unknown	0.0000	0.0000	0.0000	0.0000	0.0000	1.0000
A0AAN7ADW1_taxID_1536484_model	Fungi	1.0000	0.0000	0.0000	0.0000	0.0000	0.0000
A0A1Y2HBJ4_taxID_765915_model	Fungi	1.0000	0.0000	0.0000	0.0000	0.0000	0.0000
A0AAN7WD97_taxID_574655_model	Fungi	1.0000	0.0000	0.0000	0.0000	0.0000	0.0000
A0A380TBC3_taxID_256318_model	Unknown	0.0000	0.0000	0.0000	0.0000	0.0000	1.0000
A0A409YPA9_taxID_231916_model	Fungi	1.0000	0.0000	0.0000	0.0000	0.0000	0.0000
A0A2T5IGT7_taxID_1231_model_A	Bacteria	0.0000	0.0000	1.0000	0.0000	0.0000	0.0000
A0AAU9WI44_taxID_46732_model	Metazoa	0.0000	1.0000	0.0000	0.0000	0.0000	0.0000
A0ABU0IU28_taxID_400775_model	Bacteria	0.0000	0.0000	1.0000	0.0000	0.0000	0.0000
A0A8H7LLC6_taxID_456999_model_A	Fungi	1.0000	0.0000	0.0000	0.0000	0.0000	0.0000
F2UDJ6_taxID_946362_model	Unknown	0.0000	0.0000	0.0000	0.0000	0.0000	1.0000
A0A8H3D189_taxID_456999_model	Fungi	1.0000	0.0000	0.0000	0.0000	0.0000	0.0000
A0AAV9W2Y7_taxID_47236_model	Fungi	1.0000	0.0000	0.0000	0.0000	0.0000	0.0000
A0ACC2TZL3_taxID_34485_model	Unknown	0.0000	0.0000	0.0000	0.0000	0.0000	1.0000
A0A317XLV9_taxID_1882483_model	Fungi	1.0000	0.0000	0.0000	0.0000	0.0000	0.0000
A0AA42B8L4_taxID_1215918_model	Bacteria	0.0000	0.0000	1.0000	0.0000	0.0000	0.0000
A0A562UDK5_taxID_652788_model_A	Bacteria	0.0000	0.0000	1.0000	0.0000	0.0000	0.0000
A0AAN5CHW8_taxID_1317129_model	Metazoa	0.0000	1.0000	0.0000	0.0000	0.0000	0.0000
A0A9P1C3Z2_taxID_2562237_model	Unknown	0.0000	0.0000	0.0000	0.0000	0.0000	1.0000
A0AA35WWP0_taxID_519541_model	Metazoa	0.0000	1.0000	0.0000	0.0000	0.0000	0.0000
A0AAE0X2E2_taxID_314037_model_A	Unknown	0.0000	0.0000	0.0000	0.0000	0.0000	1.0000
A0A365MYK5_taxID_948311_model_A	Fungi	1.0000	0.0000	0.0000	0.0000	0.0000	0.0000
F4PHR2_taxID_261658_model	Unknown	0.0000	0.0000	0.0000	0.0000	0.0000	1.0000
A0ACB6QAH6_taxID_673940_model_A	Fungi	1.0000	0.0000	0.0000	0.0000	0.0000	0.0000
A0A494XK40_taxID_2419778_model	Unknown	0.0000	0.0000	0.0000	0.0000	0.0000	1.0000
A0A913YCG3_taxID_2652724_model	Metazoa	0.0000	1.0000	0.0000	0.0000	0.0000	0.0000
A0A176WFY1_taxID_1480154_model	Viridiplantae	0.0000	0.0000	0.0000	1.0000	0.0000	0.0000
A0A166F1S8_taxID_1759441_model	Fungi	1.0000	0.0000	0.0000	0.0000	0.0000	0.0000
A0A8I0N0B8_taxID_1315280_model_A	Bacteria	0.0000	0.0000	1.0000	0.0000	0.0000	0.0000
A0A0A7CN07_taxID_1202772_model_A	Other_Eukaryota	0.0000	0.0000	0.0000	0.0000	1.0000	0.0000
A0A1L9TIM4_taxID_1036612_model	Fungi	1.0000	0.0000	0.0000	0.0000	0.0000	0.0000
A0ABD1H6K2_taxID_28513_model	Viridiplantae	0.0000	0.0000	0.0000	1.0000	0.0000	0.0000
A0ABR1CRR1_taxID_51031_model	Metazoa	0.0000	1.0000	0.0000	0.0000	0.0000	0.0000
A0AAF3EDW5_taxID_2138241_model	Metazoa	0.0000	1.0000	0.0000	0.0000	0.0000	0.0000
A0ABN8CNH4_taxID_622444_model	Unknown	0.0000	0.0000	0.0000	0.0000	0.0000	1.0000
Q54QT0_taxID_44689_model_A	Unknown	0.0000	0.0000	0.0000	0.0000	0.0000	1.0000
A0AAD5TY19_taxID_447962_model	Fungi	1.0000	0.0000	0.0000	0.0000	0.0000	0.0000
A0A507EZH3_taxID_246404_model	Fungi	1.0000	0.0000	0.0000	0.0000	0.0000	0.0000
A0A3M6UR97_taxID_46731_model_A	Metazoa	0.0000	1.0000	0.0000	0.0000	0.0000	0.0000
A0A915JY09_taxID_13658_model	Metazoa	0.0000	1.0000	0.0000	0.0000	0.0000	0.0000
A0ABT5BA12_taxID_2995305_model_A	Bacteria	0.0000	0.0000	1.0000	0.0000	0.0000	0.0000
A0A8W8JTD0_taxID_29159_model	Metazoa	0.0000	1.0000	0.0000	0.0000	0.0000	0.0000
A0A974NRK7_taxID_1407_model	Bacteria	0.0000	0.0000	1.0000	0.0000	0.0000	0.0000
A0A8H6ZUP2_taxID_5322_model_A	Fungi	1.0000	0.0000	0.0000	0.0000	0.0000	0.0000
A0A1S3H960_taxID_7574_model	Metazoa	0.0000	1.0000	0.0000	0.0000	0.0000	0.0000
A0A0L0SML6_taxID_578462_model	Fungi	1.0000	0.0000	0.0000	0.0000	0.0000	0.0000
K3X5C6_taxID_431595_model	Other_Eukaryota	0.0000	0.0000	0.0000	0.0000	1.0000	0.0000
B2VY53_taxID_426418_model	Fungi	1.0000	0.0000	0.0000	0.0000	0.0000	0.0000
A0ABR3GF19_taxID_1032678_model	Fungi	1.0000	0.0000	0.0000	0.0000	0.0000	0.0000
A0A9P9IMH5_taxID_307937_model	Fungi	1.0000	0.0000	0.0000	0.0000	0.0000	0.0000
A0ABD2M171_taxID_157864_model	Metazoa	0.0000	1.0000	0.0000	0.0000	0.0000	0.0000
A0A6J8DAY9_taxID_42192_model	Metazoa	0.0000	1.0000	0.0000	0.0000	0.0000	0.0000
A0ABU9X948_taxID_3143436_model	Bacteria	0.0000	0.0000	1.0000	0.0000	0.0000	0.0000
R0ISP9_taxID_671987_model	Fungi	1.0000	0.0000	0.0000	0.0000	0.0000	0.0000
A0A9W9WQE3_taxID_1303715_model	Unknown	0.0000	0.0000	0.0000	0.0000	0.0000	1.0000
A0A7S3W3R1_taxID_2903_model	Unknown	0.0000	0.0000	0.0000	0.0000	0.0000	1.0000
A0ABP5WHK2_taxID_66879_model	Bacteria	0.0000	0.0000	1.0000	0.0000	0.0000	0.0000
A0A8H6ANQ1_taxID_1964551_model_A	Unknown	0.0000	0.0000	0.0000	0.0000	0.0000	1.0000
A0ABD3VH26_taxID_1069815_model	Metazoa	0.0000	1.0000	0.0000	0.0000	0.0000	0.0000
A0AA36DH95_taxID_96644_model_A	Metazoa	0.0000	1.0000	0.0000	0.0000	0.0000	0.0000
A0A507F5R3_taxID_246404_model	Fungi	1.0000	0.0000	0.0000	0.0000	0.0000	0.0000
A0A6J4QLW3_taxID_349277_model_A	Bacteria	0.0000	0.0000	1.0000	0.0000	0.0000	0.0000
A0A1V9YBP5_taxID_1202772_model	Other_Eukaryota	0.0000	0.0000	0.0000	0.0000	1.0000	0.0000
A0A3R7A7P4_taxID_112090_model	Other_Eukaryota	0.0000	0.0000	0.0000	0.0000	1.0000	0.0000
A0A8A4TY47_taxID_2818388_model	Bacteria	0.0000	0.0000	1.0000	0.0000	0.0000	0.0000
A0A9X8H7L7_taxID_112090_model	Other_Eukaryota	0.0000	0.0000	0.0000	0.0000	1.0000	0.0000
A0AAV2VYF3_taxID_1238450_model	Unknown	0.0000	0.0000	0.0000	0.0000	0.0000	1.0000
A0AAE0W2I3_taxID_2493646_model	Metazoa	0.0000	1.0000	0.0000	0.0000	0.0000	0.0000
A0A913XUF7_taxID_2652724_model_A	Metazoa	0.0000	1.0000	0.0000	0.0000	0.0000	0.0000
A0A0L0TFC6_taxID_578462_model	Fungi	1.0000	0.0000	0.0000	0.0000	0.0000	0.0000
A0AAD5TYL7_taxID_447962_model	Fungi	1.0000	0.0000	0.0000	0.0000	0.0000	0.0000
A0A9P8Y1H1_taxID_1682393_model_A	Fungi	1.0000	0.0000	0.0000	0.0000	0.0000	0.0000
A0A9P6LK99_taxID_1095194_model	Fungi	1.0000	0.0000	0.0000	0.0000	0.0000	0.0000
A0A183TFI9_taxID_70667_model	Metazoa	0.0000	1.0000	0.0000	0.0000	0.0000	0.0000
A0A4E9F8B7_taxID_6279_model	Metazoa	0.0000	1.0000	0.0000	0.0000	0.0000	0.0000
A0AAV2ZDU1_taxID_4803_model	Other_Eukaryota	0.0000	0.0000	0.0000	0.0000	1.0000	0.0000
A0A1I7H5J0_taxID_1231_model_A	Bacteria	0.0000	0.0000	1.0000	0.0000	0.0000	0.0000
A0A3M0K1G4_taxID_333673_model	Metazoa	0.0000	1.0000	0.0000	0.0000	0.0000	0.0000
A0ABQ8R7Z7_taxID_61235_model	Fungi	1.0000	0.0000	0.0000	0.0000	0.0000	0.0000
A0A2P7QYD3_taxID_2116704_model	Bacteria	0.0000	0.0000	1.0000	0.0000	0.0000	0.0000
A0A8B6GSA5_taxID_29158_model	Metazoa	0.0000	1.0000	0.0000	0.0000	0.0000	0.0000
A0A370HI96_taxID_186651_model_A	Bacteria	0.0000	0.0000	1.0000	0.0000	0.0000	0.0000
A0ABD2M5Y3_taxID_157864_model	Metazoa	0.0000	1.0000	0.0000	0.0000	0.0000	0.0000
G1X7Q1_taxID_756982_model_A	Fungi	1.0000	0.0000	0.0000	0.0000	0.0000	0.0000
A0ABR4NG98_taxID_2732419_model	Fungi	1.0000	0.0000	0.0000	0.0000	0.0000	0.0000
A0A4P9YUC2_taxID_1712513_model	Fungi	1.0000	0.0000	0.0000	0.0000	0.0000	0.0000
A0A9W4KMZ8_taxID_1303716_model	Unknown	0.0000	0.0000	0.0000	0.0000	0.0000	1.0000
A0A1Y2HB26_taxID_765915_model	Fungi	1.0000	0.0000	0.0000	0.0000	0.0000	0.0000
A0AAN6JPW5_taxID_155126_model_A	Fungi	1.0000	0.0000	0.0000	0.0000	0.0000	0.0000
A0ACB1AS38_taxID_390850_model	Metazoa	0.0000	1.0000	0.0000	0.0000	0.0000	0.0000
A0ACC3CDQ3_taxID_2788_model	Unknown	0.0000	0.0000	0.0000	0.0000	0.0000	1.0000
A0A3M2LQ63_taxID_2483351_model_A	Bacteria	0.0000	0.0000	1.0000	0.0000	0.0000	0.0000
A0A8H4LYB6_taxID_72228_model	Fungi	1.0000	0.0000	0.0000	0.0000	0.0000	0.0000
A0A8H7IRY9_taxID_45133_model	Fungi	1.0000	0.0000	0.0000	0.0000	0.0000	0.0000
A0ABV4YIH6_taxID_3153640_model	Bacteria	0.0000	0.0000	1.0000	0.0000	0.0000	0.0000
A0A915MFI1_taxID_6303_model	Metazoa	0.0000	1.0000	0.0000	0.0000	0.0000	0.0000
A0A261A2D2_taxID_1503980_model	Metazoa	0.0000	1.0000	0.0000	0.0000	0.0000	0.0000
A0A210R2J5_taxID_6573_model	Metazoa	0.0000	1.0000	0.0000	0.0000	0.0000	0.0000
A0A7S3RCE1_taxID_2903_model	Unknown	0.0000	0.0000	0.0000	0.0000	0.0000	1.0000
A0A8S3SWK0_taxID_6550_model	Metazoa	0.0000	1.0000	0.0000	0.0000	0.0000	0.0000
P56826_taxID_6610_model	Metazoa	0.0000	1.0000	0.0000	0.0000	0.0000	0.0000
A0ABR4NDE5_taxID_2732419_model	Unknown	0.0000	0.0000	0.0000	0.0000	0.0000	1.0000
A0ABW9CBJ6_taxID_1245417_model	Bacteria	0.0000	0.0000	1.0000	0.0000	0.0000	0.0000
A0A210PLP8_taxID_6573_model	Metazoa	0.0000	1.0000	0.0000	0.0000	0.0000	0.0000
A0ABR1UWW1_taxID_1337664_model_A	Fungi	1.0000	0.0000	0.0000	0.0000	0.0000	0.0000
A0A9P5AJD2_taxID_44412_model_A	Fungi	1.0000	0.0000	0.0000	0.0000	0.0000	0.0000
A0A507F875_taxID_246404_model	Fungi	1.0000	0.0000	0.0000	0.0000	0.0000	0.0000
A0A0A7CPE6_taxID_1202772_model	Other_Eukaryota	0.0000	0.0000	0.0000	0.0000	1.0000	0.0000
A0ACC2TVV6_taxID_34485_model	Fungi	1.0000	0.0000	0.0000	0.0000	0.0000	0.0000
A0ABN7UWA3_taxID_4874_model	Fungi	1.0000	0.0000	0.0000	0.0000	0.0000	0.0000
A0A0L8ICD6_taxID_37653_model	Unknown	0.0000	0.0000	0.0000	0.0000	0.0000	1.0000
A0A5C3ELN8_taxID_86804_model_A	Fungi	1.0000	0.0000	0.0000	0.0000	0.0000	0.0000
A0A8B6BS83_taxID_29158_model	Metazoa	0.0000	1.0000	0.0000	0.0000	0.0000	0.0000
J5JNM7_taxID_655819_model	Fungi	1.0000	0.0000	0.0000	0.0000	0.0000	0.0000
A0A1Y2D1M5_taxID_329046_model	Fungi	1.0000	0.0000	0.0000	0.0000	0.0000	0.0000
A0A2T9ZCW7_taxID_133381_model_A	Fungi	1.0000	0.0000	0.0000	0.0000	0.0000	0.0000
A0ACC2S0A8_taxID_34485_model	Fungi	1.0000	0.0000	0.0000	0.0000	0.0000	0.0000
A0AAD9KZ40_taxID_27915_model	Unknown	0.0000	0.0000	0.0000	0.0000	0.0000	1.0000
A0A914WIC1_taxID_2011161_model	Metazoa	0.0000	1.0000	0.0000	0.0000	0.0000	0.0000
A0ABQ6LM92_taxID_3036245_model_A	Bacteria	0.0000	0.0000	1.0000	0.0000	0.0000	0.0000
A0AAD6J3H0_taxID_74499_model_A	Fungi	1.0000	0.0000	0.0000	0.0000	0.0000	0.0000
A0A0F4GRH8_taxID_1047168_model	Fungi	1.0000	0.0000	0.0000	0.0000	0.0000	0.0000
A0A9W8HFK5_taxID_2761396_model	Fungi	1.0000	0.0000	0.0000	0.0000	0.0000	0.0000
A0A9N8PYA4_taxID_2773716_model_A	Unknown	0.0000	0.0000	0.0000	0.0000	0.0000	1.0000
A0A8B8EBN7_taxID_6565_model	Metazoa	0.0000	1.0000	0.0000	0.0000	0.0000	0.0000
A0A0H5RF96_taxID_70186_model_A	Unknown	0.0000	0.0000	0.0000	0.0000	0.0000	1.0000
A0A8T0LKJ4_taxID_325452_model	Other_Eukaryota	0.0000	0.0000	0.0000	0.0000	1.0000	0.0000
A0ABY7EW52_taxID_6604_model	Metazoa	0.0000	1.0000	0.0000	0.0000	0.0000	0.0000
A0AAD5TSH4_taxID_109894_model	Fungi	1.0000	0.0000	0.0000	0.0000	0.0000	0.0000
A0A1N7U5H3_taxID_321846_model	Bacteria	0.0000	0.0000	1.0000	0.0000	0.0000	0.0000
A0ABY7EVT9_taxID_6604_model	Metazoa	0.0000	1.0000	0.0000	0.0000	0.0000	0.0000
A0ABW5MSE8_taxID_1775166_model	Bacteria	0.0000	0.0000	1.0000	0.0000	0.0000	0.0000
A0ABY7EQR1_taxID_6604_model	Metazoa	0.0000	1.0000	0.0000	0.0000	0.0000	0.0000
A0ABR1G4W8_taxID_44056_model	Unknown	0.0000	0.0000	0.0000	0.0000	0.0000	1.0000
A0A6H9V3S2_taxID_2615112_model_A	Bacteria	0.0000	0.0000	1.0000	0.0000	0.0000	0.0000
A0A9W8DS45_taxID_417184_model_A	Fungi	1.0000	0.0000	0.0000	0.0000	0.0000	0.0000
A0A164PRN3_taxID_1314777_model_A	Fungi	1.0000	0.0000	0.0000	0.0000	0.0000	0.0000
A0A8S3S1J4_taxID_6550_model	Unknown	0.0000	0.0000	0.0000	0.0000	0.0000	1.0000
A0A1G9L3I7_taxID_430522_model	Bacteria	0.0000	0.0000	1.0000	0.0000	0.0000	0.0000
A0A6A5A976_taxID_112090_model	Other_Eukaryota	0.0000	0.0000	0.0000	0.0000	1.0000	0.0000
A0A024GPM3_taxID_65357_model	Other_Eukaryota	0.0000	0.0000	0.0000	0.0000	1.0000	0.0000
A0A8K1LL24_taxID_364589_model	Metazoa	0.0000	1.0000	0.0000	0.0000	0.0000	0.0000
A0AAV9U1M6_taxID_1796055_model	Fungi	1.0000	0.0000	0.0000	0.0000	0.0000	0.0000
A0A8S3PWU5_taxID_6550_model	Metazoa	0.0000	1.0000	0.0000	0.0000	0.0000	0.0000
A0A067D814_taxID_695850_model	Other_Eukaryota	0.0000	0.0000	0.0000	0.0000	1.0000	0.0000
A0A917QDB2_taxID_690164_model_A	Unknown	0.0000	0.0000	0.0000	0.0000	0.0000	1.0000
A0AAV5VKD6_taxID_1538716_model	Metazoa	0.0000	1.0000	0.0000	0.0000	0.0000	0.0000
A0ABY7EX19_taxID_6604_model	Metazoa	0.0000	1.0000	0.0000	0.0000	0.0000	0.0000
A0A255XVR5_taxID_2022747_model_A	Bacteria	0.0000	0.0000	1.0000	0.0000	0.0000	0.0000
A0A7S2G2D7_taxID_3111310_model_A	Other_Eukaryota	0.0000	0.0000	0.0000	0.0000	1.0000	0.0000
A0A7C8UE72_taxID_2813651_model	Unknown	0.0000	0.0000	0.0000	0.0000	0.0000	1.0000
A0A9W7Y8G3_taxID_147472_model	Fungi	1.0000	0.0000	0.0000	0.0000	0.0000	0.0000
A0AAE0WC86_taxID_2493646_model_A	Metazoa	0.0000	1.0000	0.0000	0.0000	0.0000	0.0000
A0ABM1B806_taxID_6850_model	Unknown	0.0000	0.0000	0.0000	0.0000	0.0000	1.0000
A0A1Y2HMF9_taxID_765915_model	Fungi	1.0000	0.0000	0.0000	0.0000	0.0000	0.0000
A0A2T4BQX4_taxID_983965_model	Fungi	1.0000	0.0000	0.0000	0.0000	0.0000	0.0000
A0A8K0QVH6_taxID_798071_model	Fungi	1.0000	0.0000	0.0000	0.0000	0.0000	0.0000
A0A7C8MWQ0_taxID_323545_model_A	Fungi	1.0000	0.0000	0.0000	0.0000	0.0000	0.0000
A0A4Z0Z0S0_taxID_37992_model	Fungi	1.0000	0.0000	0.0000	0.0000	0.0000	0.0000
A0ABY3YKR9_taxID_2202721_model_A	Bacteria	0.0000	0.0000	1.0000	0.0000	0.0000	0.0000
A0ACC2HA47_taxID_75939_model	Metazoa	0.0000	1.0000	0.0000	0.0000	0.0000	0.0000
A0AA88YDI9_taxID_66713_model	Metazoa	0.0000	1.0000	0.0000	0.0000	0.0000	0.0000
A0A9W8DLP7_taxID_417184_model_A	Fungi	1.0000	0.0000	0.0000	0.0000	0.0000	0.0000
A0A8S9ZP28_taxID_189291_model	Metazoa	0.0000	1.0000	0.0000	0.0000	0.0000	0.0000
W2URW0_taxID_1286632_model_A	Bacteria	0.0000	0.0000	1.0000	0.0000	0.0000	0.0000
A0ACC2IIZ4_taxID_749465_model	Fungi	1.0000	0.0000	0.0000	0.0000	0.0000	0.0000
A0ABR1FXH8_taxID_44056_model	Other_Eukaryota	0.0000	0.0000	0.0000	0.0000	1.0000	0.0000
A0A8S3T549_taxID_6550_model	Metazoa	0.0000	1.0000	0.0000	0.0000	0.0000	0.0000
H3GPM3_taxID_164328_model	Other_Eukaryota	0.0000	0.0000	0.0000	0.0000	1.0000	0.0000
S8A5L9_taxID_1284197_model	Fungi	1.0000	0.0000	0.0000	0.0000	0.0000	0.0000
A0A0N5AGM7_taxID_451379_model	Metazoa	0.0000	1.0000	0.0000	0.0000	0.0000	0.0000
A0A8B8E9Z7_taxID_6565_model_A	Metazoa	0.0000	1.0000	0.0000	0.0000	0.0000	0.0000
A0ABR2W902_taxID_34480_model	Unknown	0.0000	0.0000	0.0000	0.0000	0.0000	1.0000
A0ABR1G9T2_taxID_44056_model	Other_Eukaryota	0.0000	0.0000	0.0000	0.0000	1.0000	0.0000
A0A6J8D799_taxID_42192_model	Metazoa	0.0000	1.0000	0.0000	0.0000	0.0000	0.0000
A0ACC1IVH2_taxID_61397_model	Fungi	1.0000	0.0000	0.0000	0.0000	0.0000	0.0000
A0A9W9DDH6_taxID_153920_model	Fungi	1.0000	0.0000	0.0000	0.0000	0.0000	0.0000
A0ABN8CQB0_taxID_622444_model	Other_Eukaryota	0.0000	0.0000	0.0000	0.0000	1.0000	0.0000
A0ABD2PQA7_taxID_1844966_model	Metazoa	0.0000	1.0000	0.0000	0.0000	0.0000	0.0000
A0A074YQS1_taxID_1043005_model_A	Unknown	0.0000	0.0000	0.0000	0.0000	0.0000	1.0000
A0A7S0I6H8_taxID_33657_model	Unknown	0.0000	0.0000	0.0000	0.0000	0.0000	1.0000
A0A396ZW50_taxID_112090_model	Other_Eukaryota	0.0000	0.0000	0.0000	0.0000	1.0000	0.0000
A0A0V1ESS6_taxID_6337_model	Unknown	0.0000	0.0000	0.0000	0.0000	0.0000	1.0000
A0AAD5UGP2_taxID_261099_model	Fungi	1.0000	0.0000	0.0000	0.0000	0.0000	0.0000
A0A553I4E8_taxID_2512241_model	Fungi	1.0000	0.0000	0.0000	0.0000	0.0000	0.0000
A0A6G0XI62_taxID_100861_model	Unknown	0.0000	0.0000	0.0000	0.0000	0.0000	1.0000
A0A914MBW5_taxID_6306_model	Metazoa	0.0000	1.0000	0.0000	0.0000	0.0000	0.0000
A0A9P4JTJ6_taxID_1513339_model	Fungi	1.0000	0.0000	0.0000	0.0000	0.0000	0.0000
A0A1H7L321_taxID_1038014_model_A	Bacteria	0.0000	0.0000	1.0000	0.0000	0.0000	0.0000
A0A1M5KSP5_taxID_288992_model_A	Bacteria	0.0000	0.0000	1.0000	0.0000	0.0000	0.0000
A0A8B6CJB5_taxID_29158_model	Metazoa	0.0000	1.0000	0.0000	0.0000	0.0000	0.0000
A0A0B7KFX7_taxID_29856_model	Fungi	1.0000	0.0000	0.0000	0.0000	0.0000	0.0000
A0A7W9ZFQ6_taxID_189_model_A	Bacteria	0.0000	0.0000	1.0000	0.0000	0.0000	0.0000
K1QE57_taxID_29159_model_A	Metazoa	0.0000	1.0000	0.0000	0.0000	0.0000	0.0000
A0A9W8II49_taxID_2650707_model	Fungi	1.0000	0.0000	0.0000	0.0000	0.0000	0.0000
A0A1D8TVF9_taxID_1458985_model_A	Bacteria	0.0000	0.0000	1.0000	0.0000	0.0000	0.0000
A0ABD2IJ36_taxID_97005_model	Metazoa	0.0000	1.0000	0.0000	0.0000	0.0000	0.0000
A0AAD4EYT8_taxID_669026_model_A	Fungi	1.0000	0.0000	0.0000	0.0000	0.0000	0.0000
A0AAE0T9M7_taxID_2493646_model	Metazoa	0.0000	1.0000	0.0000	0.0000	0.0000	0.0000
A0A7S2W132_taxID_1034831_model	Other_Eukaryota	0.0000	0.0000	0.0000	0.0000	1.0000	0.0000
A0A498S2C2_taxID_6277_model_A	Unknown	0.0000	0.0000	0.0000	0.0000	0.0000	1.0000
A0AAE0LZ24_taxID_516989_model	Fungi	1.0000	0.0000	0.0000	0.0000	0.0000	0.0000
A0A915AYK0_taxID_6257_model	Metazoa	0.0000	1.0000	0.0000	0.0000	0.0000	0.0000
A0ACC3CEB8_taxID_2788_model	Unknown	0.0000	0.0000	0.0000	0.0000	0.0000	1.0000
A0AAE0F5G2_taxID_36881_model	Viridiplantae	0.0000	0.0000	0.0000	1.0000	0.0000	0.0000
A0A8J4BKA8_taxID_51714_model	Viridiplantae	0.0000	0.0000	0.0000	1.0000	0.0000	0.0000
A0A0K6FZ23_taxID_456999_model	Fungi	1.0000	0.0000	0.0000	0.0000	0.0000	0.0000
A0A9W8DW82_taxID_78921_model	Fungi	1.0000	0.0000	0.0000	0.0000	0.0000	0.0000
A0A7H0LH09_taxID_653931_model	Bacteria	0.0000	0.0000	1.0000	0.0000	0.0000	0.0000
A0AA35SFX9_taxID_519541_model	Metazoa	0.0000	1.0000	0.0000	0.0000	0.0000	0.0000
A0A137PC66_taxID_796925_model	Fungi	1.0000	0.0000	0.0000	0.0000	0.0000	0.0000
A0ABT8V9H2_taxID_79264_model	Bacteria	0.0000	0.0000	1.0000	0.0000	0.0000	0.0000
A0ABD6EFA7_taxID_75299_model	Metazoa	0.0000	1.0000	0.0000	0.0000	0.0000	0.0000
A0A9W8TQN1_taxID_114810_model	Fungi	1.0000	0.0000	0.0000	0.0000	0.0000	0.0000
A0A1Y2HIE7_taxID_765915_model	Unknown	0.0000	0.0000	0.0000	0.0000	0.0000	1.0000
A0A914CIK4_taxID_290746_model	Metazoa	0.0000	1.0000	0.0000	0.0000	0.0000	0.0000
A0A7J7J2C8_taxID_10212_model	Unknown	0.0000	0.0000	0.0000	0.0000	0.0000	1.0000
A0A1H1Q0J6_taxID_546871_model_A	Bacteria	0.0000	0.0000	1.0000	0.0000	0.0000	0.0000
A0ABV3R4B9_taxID_3228790_model_A	Bacteria	0.0000	0.0000	1.0000	0.0000	0.0000	0.0000
A0ABR3RK21_taxID_300254_model_A	Fungi	1.0000	0.0000	0.0000	0.0000	0.0000	0.0000
E8V089_taxID_401053_model	Bacteria	0.0000	0.0000	1.0000	0.0000	0.0000	0.0000
A0A8H6KGA4_taxID_2175873_model	Fungi	1.0000	0.0000	0.0000	0.0000	0.0000	0.0000
A0A7C8V132_taxID_2813651_model	Fungi	1.0000	0.0000	0.0000	0.0000	0.0000	0.0000
A0ABX2QSF3_taxID_117680_model	Bacteria	0.0000	0.0000	1.0000	0.0000	0.0000	0.0000
A0A210R2D2_taxID_6573_model	Unknown	0.0000	0.0000	0.0000	0.0000	0.0000	1.0000
A0A8H4ESM0_taxID_4874_model	Fungi	1.0000	0.0000	0.0000	0.0000	0.0000	0.0000
F6YHC5_taxID_13616_model	Metazoa	0.0000	1.0000	0.0000	0.0000	0.0000	0.0000
A0A9W8GX65_taxID_1052879_model	Fungi	1.0000	0.0000	0.0000	0.0000	0.0000	0.0000
A0A9X8DRP4_taxID_112090_model	Other_Eukaryota	0.0000	0.0000	0.0000	0.0000	1.0000	0.0000
A0A0G4IUB1_taxID_37360_model	Unknown	0.0000	0.0000	0.0000	0.0000	0.0000	1.0000
A0A9K3Q9J1_taxID_303405_model	Other_Eukaryota	0.0000	0.0000	0.0000	0.0000	1.0000	0.0000
A0A2P5YJV4_taxID_3634_model_A	Viridiplantae	0.0000	0.0000	0.0000	1.0000	0.0000	0.0000
A0A0N4UH71_taxID_318479_model	Metazoa	0.0000	1.0000	0.0000	0.0000	0.0000	0.0000
A0ABD2K7K4_taxID_157864_model	Metazoa	0.0000	1.0000	0.0000	0.0000	0.0000	0.0000
A0A5N6U5S2_taxID_36643_model	Fungi	1.0000	0.0000	0.0000	0.0000	0.0000	0.0000
K1QAP4_taxID_29159_model	Metazoa	0.0000	1.0000	0.0000	0.0000	0.0000	0.0000
A0A177WRB5_taxID_403673_model	Fungi	1.0000	0.0000	0.0000	0.0000	0.0000	0.0000
A0A397EYS8_taxID_112090_model	Other_Eukaryota	0.0000	0.0000	0.0000	0.0000	1.0000	0.0000
Q1QPI1_taxID_323097_model_A	Bacteria	0.0000	0.0000	1.0000	0.0000	0.0000	0.0000
A0A250X2B4_taxID_1157962_model	Viridiplantae	0.0000	0.0000	0.0000	1.0000	0.0000	0.0000
A0A137P667_taxID_796925_model_A	Fungi	1.0000	0.0000	0.0000	0.0000	0.0000	0.0000
A0A165F8M0_taxID_1314781_model	Fungi	1.0000	0.0000	0.0000	0.0000	0.0000	0.0000
A0ACC2IQ67_taxID_749465_model_A	Fungi	1.0000	0.0000	0.0000	0.0000	0.0000	0.0000
A0A388LPV2_taxID_69332_model	Viridiplantae	0.0000	0.0000	0.0000	1.0000	0.0000	0.0000
A0A4U7AY24_taxID_40998_model	Unknown	0.0000	0.0000	0.0000	0.0000	0.0000	1.0000
K0B2W2_taxID_1229908_model_A	Bacteria	0.0000	0.0000	1.0000	0.0000	0.0000	0.0000
A0AAD6DB28_taxID_911720_model	Fungi	1.0000	0.0000	0.0000	0.0000	0.0000	0.0000
A0ACC2TJ92_taxID_34485_model	Unknown	0.0000	0.0000	0.0000	0.0000	0.0000	1.0000
A0ACB8TSI7_taxID_378272_model	Fungi	1.0000	0.0000	0.0000	0.0000	0.0000	0.0000
A0A6G1G9W7_taxID_1392243_model_A	Fungi	1.0000	0.0000	0.0000	0.0000	0.0000	0.0000
D5UDJ1_taxID_446466_model	Bacteria	0.0000	0.0000	1.0000	0.0000	0.0000	0.0000
A0A913YDR0_taxID_2652724_model	Metazoa	0.0000	1.0000	0.0000	0.0000	0.0000	0.0000
A0A1R1Y4L7_taxID_133412_model_A	Fungi	1.0000	0.0000	0.0000	0.0000	0.0000	0.0000
A0ABR4MVH6_taxID_2732419_model_A	Fungi	1.0000	0.0000	0.0000	0.0000	0.0000	0.0000
A0A9P3CF74_taxID_84275_model	Fungi	1.0000	0.0000	0.0000	0.0000	0.0000	0.0000
A0ABR4BR18_taxID_86028_model	Unknown	0.0000	0.0000	0.0000	0.0000	0.0000	1.0000
A0A9P9JQC5_taxID_48865_model_A	Fungi	1.0000	0.0000	0.0000	0.0000	0.0000	0.0000
A0ABD2JWA1_taxID_157864_model	Metazoa	0.0000	1.0000	0.0000	0.0000	0.0000	0.0000
A0A9N7V5F2_taxID_8262_model	Metazoa	0.0000	1.0000	0.0000	0.0000	0.0000	0.0000
A0A2Z6QID9_taxID_94130_model	Fungi	1.0000	0.0000	0.0000	0.0000	0.0000	0.0000
A0A8R1TKI8_taxID_6282_model	Unknown	0.0000	0.0000	0.0000	0.0000	0.0000	1.0000
A0A085M8H3_taxID_68888_model	Unknown	0.0000	0.0000	0.0000	0.0000	0.0000	1.0000
A0A8H7INQ5_taxID_456999_model	Fungi	1.0000	0.0000	0.0000	0.0000	0.0000	0.0000
D7F7P6_taxID_256062_model_A	Metazoa	0.0000	1.0000	0.0000	0.0000	0.0000	0.0000
A0A1Y2C902_taxID_329046_model	Fungi	1.0000	0.0000	0.0000	0.0000	0.0000	0.0000
Q5ATE5_taxID_227321_model_A	Fungi	1.0000	0.0000	0.0000	0.0000	0.0000	0.0000
A0AAN8N233_taxID_47235_model	Fungi	1.0000	0.0000	0.0000	0.0000	0.0000	0.0000
A0A0L8FGF3_taxID_37653_model	Unknown	0.0000	0.0000	0.0000	0.0000	0.0000	1.0000
W3VU69_taxID_84754_model	Fungi	1.0000	0.0000	0.0000	0.0000	0.0000	0.0000
A0ABQ0M0Y9_taxID_658473_model_A	Fungi	1.0000	0.0000	0.0000	0.0000	0.0000	0.0000
A0A177WRA1_taxID_403673_model	Fungi	1.0000	0.0000	0.0000	0.0000	0.0000	0.0000
A0ABY7EUY5_taxID_6604_model	Metazoa	0.0000	1.0000	0.0000	0.0000	0.0000	0.0000
A0A9P1MEH7_taxID_1442378_model_A	Fungi	1.0000	0.0000	0.0000	0.0000	0.0000	0.0000
A0AAW0R5B2_taxID_1337665_model	Fungi	1.0000	0.0000	0.0000	0.0000	0.0000	0.0000
A0A8K1CFR2_taxID_41045_model	Other_Eukaryota	0.0000	0.0000	0.0000	0.0000	1.0000	0.0000
A0A0N0DC34_taxID_179993_model	Fungi	1.0000	0.0000	0.0000	0.0000	0.0000	0.0000
A0A2T9YEX5_taxID_133385_model_A	Fungi	1.0000	0.0000	0.0000	0.0000	0.0000	0.0000
A0A1W0A5N4_taxID_74557_model	Other_Eukaryota	0.0000	0.0000	0.0000	0.0000	1.0000	0.0000
A0A0N0H3U4_taxID_66876_model_A	Bacteria	0.0000	0.0000	1.0000	0.0000	0.0000	0.0000
A0A977TE70_taxID_36659_model	Fungi	1.0000	0.0000	0.0000	0.0000	0.0000	0.0000
A0A8T0GM83_taxID_3225_model_A	Viridiplantae	0.0000	0.0000	0.0000	1.0000	0.0000	0.0000
F0XF66_taxID_655863_model	Unknown	0.0000	0.0000	0.0000	0.0000	0.0000	1.0000
A0A914C4K9_taxID_290746_model	Metazoa	0.0000	1.0000	0.0000	0.0000	0.0000	0.0000
A0A9W8IT97_taxID_417176_model	Fungi	1.0000	0.0000	0.0000	0.0000	0.0000	0.0000
A0ABD2IJH8_taxID_97005_model	Metazoa	0.0000	1.0000	0.0000	0.0000	0.0000	0.0000
A0A512M2B1_taxID_748831_model_A	Bacteria	0.0000	0.0000	1.0000	0.0000	0.0000	0.0000
D7F7N8_taxID_541221_model_A	Metazoa	0.0000	1.0000	0.0000	0.0000	0.0000	0.0000
A0A8X6KWP2_taxID_2740835_model	Unknown	0.0000	0.0000	0.0000	0.0000	0.0000	1.0000
A0A1U7LR42_taxID_1198029_model	Unknown	0.0000	0.0000	0.0000	0.0000	0.0000	1.0000
A0A7C8IQU8_taxID_323545_model	Fungi	1.0000	0.0000	0.0000	0.0000	0.0000	0.0000
A0ABY2RQH2_taxID_2571143_model	Bacteria	0.0000	0.0000	1.0000	0.0000	0.0000	0.0000
A0AAV9GH49_taxID_3040156_model	Fungi	1.0000	0.0000	0.0000	0.0000	0.0000	0.0000
A0A8S3UR58_taxID_6550_model	Metazoa	0.0000	1.0000	0.0000	0.0000	0.0000	0.0000
A0A8S3R6L7_taxID_6550_model_A	Metazoa	0.0000	1.0000	0.0000	0.0000	0.0000	0.0000
A0AAJ8BCI9_taxID_8187_model	Unknown	0.0000	0.0000	0.0000	0.0000	0.0000	1.0000
F0Y9A6_taxID_44056_model	Other_Eukaryota	0.0000	0.0000	0.0000	0.0000	1.0000	0.0000
A0A3P7PY95_taxID_318479_model	Metazoa	0.0000	1.0000	0.0000	0.0000	0.0000	0.0000
A0A9W9CD07_taxID_1932322_model	Fungi	1.0000	0.0000	0.0000	0.0000	0.0000	0.0000
A0AAD7ULC6_taxID_2483200_model	Other_Eukaryota	0.0000	0.0000	0.0000	0.0000	1.0000	0.0000
A0A1Y1HLN7_taxID_105231_model_A	Viridiplantae	0.0000	0.0000	0.0000	1.0000	0.0000	0.0000
A0AAD5U057_taxID_447962_model	Fungi	1.0000	0.0000	0.0000	0.0000	0.0000	0.0000
A0ABD6GFY7_taxID_373_model_A	Unknown	0.0000	0.0000	0.0000	0.0000	0.0000	1.0000
A0A137PFI2_taxID_796925_model	Fungi	1.0000	0.0000	0.0000	0.0000	0.0000	0.0000
A0A8W8JFH2_taxID_29159_model	Metazoa	0.0000	1.0000	0.0000	0.0000	0.0000	0.0000
A0ABT9MUW6_taxID_587533_model_A	Bacteria	0.0000	0.0000	1.0000	0.0000	0.0000	0.0000
A0A812LI75_taxID_1628268_model_A	Unknown	0.0000	0.0000	0.0000	0.0000	0.0000	1.0000
A0A5P8W6J8_taxID_2653204_model	Bacteria	0.0000	0.0000	1.0000	0.0000	0.0000	0.0000
A0ACC1HXC0_taxID_68401_model_A	Fungi	1.0000	0.0000	0.0000	0.0000	0.0000	0.0000
A0A4V1Q2I3_taxID_2316362_model	Fungi	1.0000	0.0000	0.0000	0.0000	0.0000	0.0000
A0ABR1FQU3_taxID_44056_model	Other_Eukaryota	0.0000	0.0000	0.0000	0.0000	1.0000	0.0000
A0A080ZVS5_taxID_1317066_model	Other_Eukaryota	0.0000	0.0000	0.0000	0.0000	1.0000	0.0000
A0A6P2C4L1_taxID_2480626_model	Bacteria	0.0000	0.0000	1.0000	0.0000	0.0000	0.0000
A0A1I9G629_taxID_6279_model	Unknown	0.0000	0.0000	0.0000	0.0000	0.0000	1.0000
A0ABR0E5Z9_taxID_395010_model	Fungi	1.0000	0.0000	0.0000	0.0000	0.0000	0.0000
A0ACC2T2P1_taxID_34485_model	Unknown	0.0000	0.0000	0.0000	0.0000	0.0000	1.0000
A0A1Y2HM72_taxID_765915_model	Fungi	1.0000	0.0000	0.0000	0.0000	0.0000	0.0000
A0ABT6FUS9_taxID_2996052_model_A	Bacteria	0.0000	0.0000	1.0000	0.0000	0.0000	0.0000
A0AAF3EKM6_taxID_2138241_model	Metazoa	0.0000	1.0000	0.0000	0.0000	0.0000	0.0000
A0AAD3DIW9_taxID_47775_model	Unknown	0.0000	0.0000	0.0000	0.0000	0.0000	1.0000
A0A420ME85_taxID_5507_model	Fungi	1.0000	0.0000	0.0000	0.0000	0.0000	0.0000
A0A3B0YDV7_taxID_652676_model_A	Unknown	0.0000	0.0000	0.0000	0.0000	0.0000	1.0000
A0A8K0IA90_taxID_13894_model	Unknown	0.0000	0.0000	0.0000	0.0000	0.0000	1.0000
A0A0D1ZZE1_taxID_253628_model	Fungi	1.0000	0.0000	0.0000	0.0000	0.0000	0.0000
A0A2T3YXJ6_taxID_1042311_model	Fungi	1.0000	0.0000	0.0000	0.0000	0.0000	0.0000
A0A210R253_taxID_6573_model	Metazoa	0.0000	1.0000	0.0000	0.0000	0.0000	0.0000
A0A1M5EK35_taxID_237373_model_A	Unknown	0.0000	0.0000	0.0000	0.0000	0.0000	1.0000
A0A7R9V365_taxID_1486919_model	Viridiplantae	0.0000	0.0000	0.0000	1.0000	0.0000	0.0000
A0AA88YL18_taxID_66713_model_A	Metazoa	0.0000	1.0000	0.0000	0.0000	0.0000	0.0000
F0YBS6_taxID_44056_model	Other_Eukaryota	0.0000	0.0000	0.0000	0.0000	1.0000	0.0000
A0AAV9VMU8_taxID_1796055_model_A	Fungi	1.0000	0.0000	0.0000	0.0000	0.0000	0.0000
A0AAV9XCL7_taxID_2528407_model	Fungi	1.0000	0.0000	0.0000	0.0000	0.0000	0.0000
A0A8B8EX72_taxID_6565_model	Metazoa	0.0000	1.0000	0.0000	0.0000	0.0000	0.0000
A0ACB9IQL7_taxID_185202_model	Unknown	0.0000	0.0000	0.0000	0.0000	0.0000	1.0000
A0A8E0V7V4_taxID_52442_model_A	Bacteria	0.0000	0.0000	1.0000	0.0000	0.0000	0.0000
A0A0V0YE73_taxID_6337_model	Unknown	0.0000	0.0000	0.0000	0.0000	0.0000	1.0000
A0A0N4SWM8_taxID_6280_model	Unknown	0.0000	0.0000	0.0000	0.0000	0.0000	1.0000
A0A0G2GB29_taxID_158046_model	Unknown	0.0000	0.0000	0.0000	0.0000	0.0000	1.0000
A0A0V0S806_taxID_6336_model	Unknown	0.0000	0.0000	0.0000	0.0000	0.0000	1.0000
A0AAD8FEX8_taxID_112525_model	Unknown	0.0000	0.0000	0.0000	0.0000	0.0000	1.0000
A0AAE0T8E3_taxID_2493646_model	Metazoa	0.0000	1.0000	0.0000	0.0000	0.0000	0.0000
A0AAD5Y5W4_taxID_261099_model	Fungi	1.0000	0.0000	0.0000	0.0000	0.0000	0.0000
A0AAN7C0V6_taxID_252190_model	Fungi	1.0000	0.0000	0.0000	0.0000	0.0000	0.0000
A0A6V7VXB7_taxID_390850_model	Metazoa	0.0000	1.0000	0.0000	0.0000	0.0000	0.0000
D8UD00_taxID_3068_model	Viridiplantae	0.0000	0.0000	0.0000	1.0000	0.0000	0.0000
D7F7Q1_taxID_541228_model_A	Metazoa	0.0000	1.0000	0.0000	0.0000	0.0000	0.0000
A0A418AHC0_taxID_157072_model_A	Other_Eukaryota	0.0000	0.0000	0.0000	0.0000	1.0000	0.0000
M5CEE4_taxID_1108050_model	Fungi	1.0000	0.0000	0.0000	0.0000	0.0000	0.0000
A0A915KH89_taxID_13658_model	Metazoa	0.0000	1.0000	0.0000	0.0000	0.0000	0.0000
H9B8J5_taxID_79327_model	Metazoa	0.0000	1.0000	0.0000	0.0000	0.0000	0.0000
A0A158QXY4_taxID_27835_model	Metazoa	0.0000	1.0000	0.0000	0.0000	0.0000	0.0000
A0A917F9X2_taxID_1195761_model_A	Bacteria	0.0000	0.0000	1.0000	0.0000	0.0000	0.0000
A0A9P1H547_taxID_1442378_model_A	Fungi	1.0000	0.0000	0.0000	0.0000	0.0000	0.0000
A0ABY8UIY3_taxID_3088_model	Viridiplantae	0.0000	0.0000	0.0000	1.0000	0.0000	0.0000
A0A485KIX8_taxID_120398_model_A	Other_Eukaryota	0.0000	0.0000	0.0000	0.0000	1.0000	0.0000
K1PAV4_taxID_29159_model	Metazoa	0.0000	1.0000	0.0000	0.0000	0.0000	0.0000
A0A327RH85_taxID_440515_model_A	Unknown	0.0000	0.0000	0.0000	0.0000	0.0000	1.0000
A0A9E7GPQ8_taxID_320322_model_A	Viridiplantae	0.0000	0.0000	0.0000	1.0000	0.0000	0.0000
A0A4S2LF11_taxID_147828_model	Metazoa	0.0000	1.0000	0.0000	0.0000	0.0000	0.0000
A0A397A3C6_taxID_112090_model	Other_Eukaryota	0.0000	0.0000	0.0000	0.0000	1.0000	0.0000
A0A8K0SZ49_taxID_80388_model_A	Fungi	1.0000	0.0000	0.0000	0.0000	0.0000	0.0000
A0ABQ9EAR7_taxID_220873_model	Metazoa	0.0000	1.0000	0.0000	0.0000	0.0000	0.0000
A0A9W7G1T1_taxID_2557542_model	Other_Eukaryota	0.0000	0.0000	0.0000	0.0000	1.0000	0.0000
A0A9P4V0B1_taxID_682080_model_A	Fungi	1.0000	0.0000	0.0000	0.0000	0.0000	0.0000
A0A087UWG8_taxID_407821_model	Unknown	0.0000	0.0000	0.0000	0.0000	0.0000	1.0000
A0A9W7ZZ73_taxID_417184_model_A	Fungi	1.0000	0.0000	0.0000	0.0000	0.0000	0.0000
A0ABR4KUJ7_taxID_1810923_model	Fungi	1.0000	0.0000	0.0000	0.0000	0.0000	0.0000
A0ABR1WZQ3_taxID_1337664_model	Fungi	1.0000	0.0000	0.0000	0.0000	0.0000	0.0000
A0A5N6V0Z8_taxID_41984_model	Fungi	1.0000	0.0000	0.0000	0.0000	0.0000	0.0000
A0A0V1KR57_taxID_6335_model	Unknown	0.0000	0.0000	0.0000	0.0000	0.0000	1.0000
A8XF53_taxID_6238_model	Metazoa	0.0000	1.0000	0.0000	0.0000	0.0000	0.0000
A0ACC2IRA4_taxID_749465_model	Fungi	1.0000	0.0000	0.0000	0.0000	0.0000	0.0000
A0A2A2KT89_taxID_2018661_model	Metazoa	0.0000	1.0000	0.0000	0.0000	0.0000	0.0000
F0Y382_taxID_44056_model	Unknown	0.0000	0.0000	0.0000	0.0000	0.0000	1.0000
A0ABW4XUU2_taxID_2055905_model_A	Bacteria	0.0000	0.0000	1.0000	0.0000	0.0000	0.0000
A0AAD5X3D7_taxID_64517_model	Fungi	1.0000	0.0000	0.0000	0.0000	0.0000	0.0000
A0AAD7XMM2_taxID_2483200_model	Unknown	0.0000	0.0000	0.0000	0.0000	0.0000	1.0000
A0ABQ8FRP3_taxID_1357716_model_A	Fungi	1.0000	0.0000	0.0000	0.0000	0.0000	0.0000
A0AAD5XPX8_taxID_109894_model	Fungi	1.0000	0.0000	0.0000	0.0000	0.0000	0.0000
A0A498JVN7_taxID_3750_model	Viridiplantae	0.0000	0.0000	0.0000	1.0000	0.0000	0.0000
A0A1K0HF59_taxID_307758_model_A	Fungi	1.0000	0.0000	0.0000	0.0000	0.0000	0.0000
A0A436ZY08_taxID_97331_model	Fungi	1.0000	0.0000	0.0000	0.0000	0.0000	0.0000
A0A1I4VE96_taxID_44574_model_A	Bacteria	0.0000	0.0000	1.0000	0.0000	0.0000	0.0000
A0A3F2RUY6_taxID_325452_model	Other_Eukaryota	0.0000	0.0000	0.0000	0.0000	1.0000	0.0000
A0ABV1Z0I5_taxID_483206_model_A	Bacteria	0.0000	0.0000	1.0000	0.0000	0.0000	0.0000
A0A0V1KD92_taxID_6337_model	Unknown	0.0000	0.0000	0.0000	0.0000	0.0000	1.0000
A0A4P9YS76_taxID_1712513_model	Fungi	1.0000	0.0000	0.0000	0.0000	0.0000	0.0000
A0A1I7VE53_taxID_7209_model	Metazoa	0.0000	1.0000	0.0000	0.0000	0.0000	0.0000
A0AAD5Y3X9_taxID_261099_model	Fungi	1.0000	0.0000	0.0000	0.0000	0.0000	0.0000
A0AAV9W5A3_taxID_47236_model_A	Fungi	1.0000	0.0000	0.0000	0.0000	0.0000	0.0000
U5Y4R7_taxID_73031_model	Metazoa	0.0000	1.0000	0.0000	0.0000	0.0000	0.0000
A0AAJ0BD24_taxID_438768_model	Fungi	1.0000	0.0000	0.0000	0.0000	0.0000	0.0000
A0A2G7FYG7_taxID_656916_model_A	Fungi	1.0000	0.0000	0.0000	0.0000	0.0000	0.0000
A0A8B8F0Y1_taxID_6565_model	Metazoa	0.0000	1.0000	0.0000	0.0000	0.0000	0.0000
A0A8H6GM20_taxID_100902_model	Fungi	1.0000	0.0000	0.0000	0.0000	0.0000	0.0000
A0ABD0K492_taxID_370345_model	Metazoa	0.0000	1.0000	0.0000	0.0000	0.0000	0.0000
A0A3P3Y6E4_taxID_37360_model	Unknown	0.0000	0.0000	0.0000	0.0000	0.0000	1.0000
A0A437A308_taxID_97331_model_A	Fungi	1.0000	0.0000	0.0000	0.0000	0.0000	0.0000
A0A8B6CNP6_taxID_29158_model	Metazoa	0.0000	1.0000	0.0000	0.0000	0.0000	0.0000
Q92LD3_taxID_266834_model	Bacteria	0.0000	0.0000	1.0000	0.0000	0.0000	0.0000
A0A397EBP2_taxID_112090_model	Other_Eukaryota	0.0000	0.0000	0.0000	0.0000	1.0000	0.0000
A0A8H3D1S1_taxID_456999_model	Fungi	1.0000	0.0000	0.0000	0.0000	0.0000	0.0000
S8ARG7_taxID_1284197_model	Fungi	1.0000	0.0000	0.0000	0.0000	0.0000	0.0000
A0A0H5RCB1_taxID_70186_model_A	Unknown	0.0000	0.0000	0.0000	0.0000	0.0000	1.0000
A0A7J6X6F8_taxID_46969_model	Viridiplantae	0.0000	0.0000	0.0000	1.0000	0.0000	0.0000
A0A6V7TZ26_taxID_390850_model	Metazoa	0.0000	1.0000	0.0000	0.0000	0.0000	0.0000
A0A9W6X9Y5_taxID_1490495_model	Other_Eukaryota	0.0000	0.0000	0.0000	0.0000	1.0000	0.0000
A0A8H5P785_taxID_56676_model	Fungi	1.0000	0.0000	0.0000	0.0000	0.0000	0.0000
A0A1L7XXI3_taxID_576137_model	Unknown	0.0000	0.0000	0.0000	0.0000	0.0000	1.0000
A0ABT8KZU3_taxID_3051826_model_A	Bacteria	0.0000	0.0000	1.0000	0.0000	0.0000	0.0000
A0A8J2X377_taxID_35677_model	Other_Eukaryota	0.0000	0.0000	0.0000	0.0000	1.0000	0.0000
A0A318KMN6_taxID_1054498_model_A	Bacteria	0.0000	0.0000	1.0000	0.0000	0.0000	0.0000
A0A4U7KZ21_taxID_280036_model_A	Fungi	1.0000	0.0000	0.0000	0.0000	0.0000	0.0000
A0A8H4Q7B4_taxID_2030778_model	Fungi	1.0000	0.0000	0.0000	0.0000	0.0000	0.0000
A0A3R7WQH8_taxID_112090_model	Other_Eukaryota	0.0000	0.0000	0.0000	0.0000	1.0000	0.0000
A0A418C2V2_taxID_112090_model	Other_Eukaryota	0.0000	0.0000	0.0000	0.0000	1.0000	0.0000
A0A8H3GJ96_taxID_456999_model	Fungi	1.0000	0.0000	0.0000	0.0000	0.0000	0.0000
A0A9D4ICM2_taxID_45954_model	Metazoa	0.0000	1.0000	0.0000	0.0000	0.0000	0.0000
A0A8B8EZS9_taxID_6565_model_A	Metazoa	0.0000	1.0000	0.0000	0.0000	0.0000	0.0000
A0A485KGF6_taxID_120398_model	Other_Eukaryota	0.0000	0.0000	0.0000	0.0000	1.0000	0.0000
A0A421ESP4_taxID_325452_model	Other_Eukaryota	0.0000	0.0000	0.0000	0.0000	1.0000	0.0000
A0A6M5YW59_taxID_2774151_model	Bacteria	0.0000	0.0000	1.0000	0.0000	0.0000	0.0000
A0A9W7ZKP7_taxID_417184_model_A	Fungi	1.0000	0.0000	0.0000	0.0000	0.0000	0.0000
A0A2S9E9Y7_taxID_200451_model	Bacteria	0.0000	0.0000	1.0000	0.0000	0.0000	0.0000
A0AAD5BVV2_taxID_4212_model_A	Unknown	0.0000	0.0000	0.0000	0.0000	0.0000	1.0000
A0A7R9KZT3_taxID_1979941_model	Metazoa	0.0000	1.0000	0.0000	0.0000	0.0000	0.0000
A0A9N8ELP9_taxID_568900_model	Other_Eukaryota	0.0000	0.0000	0.0000	0.0000	1.0000	0.0000
A0ABR1WGA9_taxID_335842_model	Fungi	1.0000	0.0000	0.0000	0.0000	0.0000	0.0000
A0A397W934_taxID_44941_model	Fungi	1.0000	0.0000	0.0000	0.0000	0.0000	0.0000
A0ABD1S787_taxID_205694_model	Viridiplantae	0.0000	0.0000	0.0000	1.0000	0.0000	0.0000
A0A4S4MP01_taxID_2447956_model	Fungi	1.0000	0.0000	0.0000	0.0000	0.0000	0.0000
A0ABR1R558_taxID_335849_model_A	Fungi	1.0000	0.0000	0.0000	0.0000	0.0000	0.0000
A0ABD2JN50_taxID_97005_model	Metazoa	0.0000	1.0000	0.0000	0.0000	0.0000	0.0000
W6Y2N7_taxID_930089_model	Fungi	1.0000	0.0000	0.0000	0.0000	0.0000	0.0000
A0AAV0TQH7_taxID_134698_model	Other_Eukaryota	0.0000	0.0000	0.0000	0.0000	1.0000	0.0000
A0A2S6CD10_taxID_357750_model_A	Fungi	1.0000	0.0000	0.0000	0.0000	0.0000	0.0000
T0PNV2_taxID_1156394_model	Unknown	0.0000	0.0000	0.0000	0.0000	0.0000	1.0000
A0AA39X441_taxID_314043_model	Fungi	1.0000	0.0000	0.0000	0.0000	0.0000	0.0000
A0ABT1U935_taxID_2952226_model_A	Bacteria	0.0000	0.0000	1.0000	0.0000	0.0000	0.0000
A0A507FAL9_taxID_246404_model	Fungi	1.0000	0.0000	0.0000	0.0000	0.0000	0.0000
A0A4U8V1I0_taxID_34508_model	Metazoa	0.0000	1.0000	0.0000	0.0000	0.0000	0.0000
A0AAP5I6Y4_taxID_2712845_model	Bacteria	0.0000	0.0000	1.0000	0.0000	0.0000	0.0000
A0ABX0IR11_taxID_1544455_model_A	Bacteria	0.0000	0.0000	1.0000	0.0000	0.0000	0.0000
A0A421GCW4_taxID_325452_model	Other_Eukaryota	0.0000	0.0000	0.0000	0.0000	1.0000	0.0000
A0AAW1PVV6_taxID_41462_model	Viridiplantae	0.0000	0.0000	0.0000	1.0000	0.0000	0.0000
A0ACB0YTT5_taxID_390850_model	Metazoa	0.0000	1.0000	0.0000	0.0000	0.0000	0.0000
W7TM70_taxID_72520_model	Other_Eukaryota	0.0000	0.0000	0.0000	0.0000	1.0000	0.0000
A0A1R1PS93_taxID_1213189_model_A	Fungi	1.0000	0.0000	0.0000	0.0000	0.0000	0.0000
A0AAD5SCX3_taxID_64517_model	Fungi	1.0000	0.0000	0.0000	0.0000	0.0000	0.0000
A0A9W7T0I7_taxID_418781_model	Unknown	0.0000	0.0000	0.0000	0.0000	0.0000	1.0000
A0ABR4K145_taxID_176178_model	Unknown	0.0000	0.0000	0.0000	0.0000	0.0000	1.0000
A0A0L6UHL7_taxID_27349_model	Fungi	1.0000	0.0000	0.0000	0.0000	0.0000	0.0000
A0A1R1YED9_taxID_133412_model_A	Fungi	1.0000	0.0000	0.0000	0.0000	0.0000	0.0000
A0A418AND4_taxID_157072_model	Other_Eukaryota	0.0000	0.0000	0.0000	0.0000	1.0000	0.0000
A0AB34FH03_taxID_1247861_model	Fungi	1.0000	0.0000	0.0000	0.0000	0.0000	0.0000
A0A830GM12_taxID_1427151_model	Bacteria	0.0000	0.0000	1.0000	0.0000	0.0000	0.0000
W7F0B3_taxID_930091_model	Fungi	1.0000	0.0000	0.0000	0.0000	0.0000	0.0000
A0A6G0X2P4_taxID_100861_model_A	Other_Eukaryota	0.0000	0.0000	0.0000	0.0000	1.0000	0.0000
A0A8K0HG83_taxID_2594499_model_A	Viridiplantae	0.0000	0.0000	0.0000	1.0000	0.0000	0.0000
A0AAD6NK04_taxID_74499_model	Unknown	0.0000	0.0000	0.0000	0.0000	0.0000	1.0000
D8LAY9_taxID_2880_model_A	Other_Eukaryota	0.0000	0.0000	0.0000	0.0000	1.0000	0.0000
A0A183I077_taxID_387005_model	Unknown	0.0000	0.0000	0.0000	0.0000	0.0000	1.0000
A0A9W8LII4_taxID_2761396_model	Fungi	1.0000	0.0000	0.0000	0.0000	0.0000	0.0000
A0AAN6SJA1_taxID_241081_model_A	Unknown	0.0000	0.0000	0.0000	0.0000	0.0000	1.0000
A0A8H4L3K1_taxID_1237068_model	Fungi	1.0000	0.0000	0.0000	0.0000	0.0000	0.0000
A0A8H7JCU1_taxID_205686_model	Fungi	1.0000	0.0000	0.0000	0.0000	0.0000	0.0000
A0A8W8LVB7_taxID_29159_model_A	Metazoa	0.0000	1.0000	0.0000	0.0000	0.0000	0.0000
A0ABQ8EZ86_taxID_1357716_model	Fungi	1.0000	0.0000	0.0000	0.0000	0.0000	0.0000
A0A9J2Q8W3_taxID_6252_model	Unknown	0.0000	0.0000	0.0000	0.0000	0.0000	1.0000
A0AAD5SSH0_taxID_109957_model	Fungi	1.0000	0.0000	0.0000	0.0000	0.0000	0.0000
A0ABN8N3E0_taxID_104178_model	Metazoa	0.0000	1.0000	0.0000	0.0000	0.0000	0.0000
S8ARX9_taxID_1284197_model	Fungi	1.0000	0.0000	0.0000	0.0000	0.0000	0.0000
A0A1X6PIR8_taxID_2786_model	Unknown	0.0000	0.0000	0.0000	0.0000	0.0000	1.0000
A0ACC0V4A4_taxID_47278_model	Fungi	1.0000	0.0000	0.0000	0.0000	0.0000	0.0000
A0A9P4NY90_taxID_1048955_model_A	Fungi	1.0000	0.0000	0.0000	0.0000	0.0000	0.0000
A0A8H4EHU7_taxID_4874_model	Fungi	1.0000	0.0000	0.0000	0.0000	0.0000	0.0000
A0A0V1I3Y0_taxID_268475_model	Unknown	0.0000	0.0000	0.0000	0.0000	0.0000	1.0000
A0A9N8H4W2_taxID_568900_model	Other_Eukaryota	0.0000	0.0000	0.0000	0.0000	1.0000	0.0000
A0A834ZNS4_taxID_13715_model_A	Viridiplantae	0.0000	0.0000	0.0000	1.0000	0.0000	0.0000
A0A941BIX2_taxID_2824118_model	Bacteria	0.0000	0.0000	1.0000	0.0000	0.0000	0.0000
A0A9W6C0G6_taxID_330485_model	Viridiplantae	0.0000	0.0000	0.0000	1.0000	0.0000	0.0000
A0A0M3KA58_taxID_6269_model	Metazoa	0.0000	1.0000	0.0000	0.0000	0.0000	0.0000
S3CMF3_taxID_1116229_model	Fungi	1.0000	0.0000	0.0000	0.0000	0.0000	0.0000
A0A485L8F1_taxID_120398_model	Other_Eukaryota	0.0000	0.0000	0.0000	0.0000	1.0000	0.0000
A0A6P7S5V1_taxID_2607531_model	Metazoa	0.0000	1.0000	0.0000	0.0000	0.0000	0.0000
A0A075AX41_taxID_988480_model	Fungi	1.0000	0.0000	0.0000	0.0000	0.0000	0.0000
A0A448ZLY4_taxID_183589_model	Other_Eukaryota	0.0000	0.0000	0.0000	0.0000	1.0000	0.0000
A0A1R3S0H8_taxID_602072_model	Fungi	1.0000	0.0000	0.0000	0.0000	0.0000	0.0000
A0A9P8XXT9_taxID_1682393_model_A	Fungi	1.0000	0.0000	0.0000	0.0000	0.0000	0.0000
A0ABW1QMG1_taxID_1678900_model_A	Bacteria	0.0000	0.0000	1.0000	0.0000	0.0000	0.0000
A0A915P668_taxID_298350_model	Metazoa	0.0000	1.0000	0.0000	0.0000	0.0000	0.0000
A0AAD7UNL2_taxID_2483200_model	Other_Eukaryota	0.0000	0.0000	0.0000	0.0000	1.0000	0.0000
A0A4P9WCJ5_taxID_388810_model	Fungi	1.0000	0.0000	0.0000	0.0000	0.0000	0.0000
A0A4P9XTI0_taxID_78915_model	Fungi	1.0000	0.0000	0.0000	0.0000	0.0000	0.0000
A0A4Z0L9R6_taxID_2562683_model_A	Bacteria	0.0000	0.0000	1.0000	0.0000	0.0000	0.0000
A0A5J9TU90_taxID_38414_model	Viridiplantae	0.0000	0.0000	0.0000	1.0000	0.0000	0.0000
A0A2A2KT69_taxID_2018661_model	Metazoa	0.0000	1.0000	0.0000	0.0000	0.0000	0.0000
A0A7S2XX66_taxID_94617_model	Other_Eukaryota	0.0000	0.0000	0.0000	0.0000	1.0000	0.0000
D7F7N6_taxID_541230_model_A	Metazoa	0.0000	1.0000	0.0000	0.0000	0.0000	0.0000
A0A8H5MTE4_taxID_751941_model_A	Fungi	1.0000	0.0000	0.0000	0.0000	0.0000	0.0000
W4H175_taxID_112090_model	Other_Eukaryota	0.0000	0.0000	0.0000	0.0000	1.0000	0.0000
A0A2T9Z3X5_taxID_61424_model_A	Fungi	1.0000	0.0000	0.0000	0.0000	0.0000	0.0000
A0A507EFD5_taxID_109895_model	Fungi	1.0000	0.0000	0.0000	0.0000	0.0000	0.0000
A0A5B8MIF6_taxID_1764295_model	Viridiplantae	0.0000	0.0000	0.0000	1.0000	0.0000	0.0000
T0PU14_taxID_1156394_model	Unknown	0.0000	0.0000	0.0000	0.0000	0.0000	1.0000
A0ABU0I7P7_taxID_1206817_model_A	Unknown	0.0000	0.0000	0.0000	0.0000	0.0000	1.0000
A0A7S2DI27_taxID_3111310_model	Other_Eukaryota	0.0000	0.0000	0.0000	0.0000	1.0000	0.0000
A0A1G9LEN0_taxID_430522_model	Bacteria	0.0000	0.0000	1.0000	0.0000	0.0000	0.0000
A0A485LKF7_taxID_120398_model	Other_Eukaryota	0.0000	0.0000	0.0000	0.0000	1.0000	0.0000
A0A9W7XK53_taxID_1052880_model	Fungi	1.0000	0.0000	0.0000	0.0000	0.0000	0.0000
A0A2N8UKW6_taxID_72559_model_A	Fungi	1.0000	0.0000	0.0000	0.0000	0.0000	0.0000
Q01WC9_taxID_234267_model	Unknown	0.0000	0.0000	0.0000	0.0000	0.0000	1.0000
A0A6U1NCL5_taxID_94617_model_A	Other_Eukaryota	0.0000	0.0000	0.0000	0.0000	1.0000	0.0000
A0ABQ6FQ12_taxID_3026934_model_A	Bacteria	0.0000	0.0000	1.0000	0.0000	0.0000	0.0000
A0A6P8I080_taxID_6105_model	Metazoa	0.0000	1.0000	0.0000	0.0000	0.0000	0.0000
A0A8H5UJH2_taxID_48507_model_A	Fungi	1.0000	0.0000	0.0000	0.0000	0.0000	0.0000
A0AAE0NPZ1_taxID_330526_model	Unknown	0.0000	0.0000	0.0000	0.0000	0.0000	1.0000
W9C785_taxID_1432307_model	Fungi	1.0000	0.0000	0.0000	0.0000	0.0000	0.0000
A0A858R6E5_taxID_1709002_model_A	Unknown	0.0000	0.0000	0.0000	0.0000	0.0000	1.0000
A0ABQ8FNS3_taxID_1357716_model_A	Fungi	1.0000	0.0000	0.0000	0.0000	0.0000	0.0000
A0A9P4N5L3_taxID_147567_model_A	Fungi	1.0000	0.0000	0.0000	0.0000	0.0000	0.0000
A0A8B6GY87_taxID_29158_model_A	Metazoa	0.0000	1.0000	0.0000	0.0000	0.0000	0.0000
A0A8T2QG03_taxID_49495_model	Viridiplantae	0.0000	0.0000	0.0000	1.0000	0.0000	0.0000
A0A397GN90_taxID_41047_model	Fungi	1.0000	0.0000	0.0000	0.0000	0.0000	0.0000
A0ABD1H5D5_taxID_28513_model	Viridiplantae	0.0000	0.0000	0.0000	1.0000	0.0000	0.0000
A0A136IUL0_taxID_196109_model	Fungi	1.0000	0.0000	0.0000	0.0000	0.0000	0.0000
A0A1Y2LAB1_taxID_1293890_model_A	Bacteria	0.0000	0.0000	1.0000	0.0000	0.0000	0.0000
A0A1L9Q161_taxID_1036611_model_A	Fungi	1.0000	0.0000	0.0000	0.0000	0.0000	0.0000
A0A8H5GBV2_taxID_201217_model	Unknown	0.0000	0.0000	0.0000	0.0000	0.0000	1.0000
A0A1Y1HT28_taxID_105231_model	Viridiplantae	0.0000	0.0000	0.0000	1.0000	0.0000	0.0000
A0A9K3PD30_taxID_303405_model	Other_Eukaryota	0.0000	0.0000	0.0000	0.0000	1.0000	0.0000
A0A8S3PQQ5_taxID_6550_model	Metazoa	0.0000	1.0000	0.0000	0.0000	0.0000	0.0000
B9XQZ3_taxID_320771_model	Unknown	0.0000	0.0000	0.0000	0.0000	0.0000	1.0000
A0A9X4BM46_taxID_2983605_model_A	Bacteria	0.0000	0.0000	1.0000	0.0000	0.0000	0.0000
A0A1I4T9J4_taxID_44574_model_A	Bacteria	0.0000	0.0000	1.0000	0.0000	0.0000	0.0000
A0A8H5B6S5_taxID_2480587_model_A	Fungi	1.0000	0.0000	0.0000	0.0000	0.0000	0.0000
A0A397DBR8_taxID_112090_model	Other_Eukaryota	0.0000	0.0000	0.0000	0.0000	1.0000	0.0000
A0A915EFF9_taxID_166011_model	Metazoa	0.0000	1.0000	0.0000	0.0000	0.0000	0.0000
A0A8H5Z2U4_taxID_1567541_model	Fungi	1.0000	0.0000	0.0000	0.0000	0.0000	0.0000
A0A4P9WCR7_taxID_388810_model	Fungi	1.0000	0.0000	0.0000	0.0000	0.0000	0.0000
A0AA36JK50_taxID_2562239_model	Unknown	0.0000	0.0000	0.0000	0.0000	0.0000	1.0000
A0A0U1MAB1_taxID_28573_model	Fungi	1.0000	0.0000	0.0000	0.0000	0.0000	0.0000
A0A8X8WIX2_taxID_180675_model	Viridiplantae	0.0000	0.0000	0.0000	1.0000	0.0000	0.0000
A0ABQ6X5Q8_taxID_1825620_model	Fungi	1.0000	0.0000	0.0000	0.0000	0.0000	0.0000
A0A9Q9ASR5_taxID_215465_model	Fungi	1.0000	0.0000	0.0000	0.0000	0.0000	0.0000
A0ABY7GC10_taxID_6604_model	Metazoa	0.0000	1.0000	0.0000	0.0000	0.0000	0.0000
A0A6B3N9A7_taxID_2607765_model	Bacteria	0.0000	0.0000	1.0000	0.0000	0.0000	0.0000
A0A914L211_taxID_6306_model	Unknown	0.0000	0.0000	0.0000	0.0000	0.0000	1.0000
A0A3B1A6T7_taxID_652676_model_A	Unknown	0.0000	0.0000	0.0000	0.0000	0.0000	1.0000
A0ABY7EU89_taxID_6604_model	Metazoa	0.0000	1.0000	0.0000	0.0000	0.0000	0.0000
A0ABV9FV84_taxID_1460226_model	Unknown	0.0000	0.0000	0.0000	0.0000	0.0000	1.0000
F8MV64_taxID_510951_model	Fungi	1.0000	0.0000	0.0000	0.0000	0.0000	0.0000
A0A6A6VK76_taxID_1340428_model	Fungi	1.0000	0.0000	0.0000	0.0000	0.0000	0.0000
A0ABM9AE91_taxID_1641715_model	Bacteria	0.0000	0.0000	1.0000	0.0000	0.0000	0.0000
A0A077YX65_taxID_36087_model	Unknown	0.0000	0.0000	0.0000	0.0000	0.0000	1.0000
A0A4Z1F214_taxID_87230_model_A	Fungi	1.0000	0.0000	0.0000	0.0000	0.0000	0.0000
A0A8S3SG45_taxID_6550_model	Metazoa	0.0000	1.0000	0.0000	0.0000	0.0000	0.0000
A0A9P6HVN3_taxID_1095194_model	Unknown	0.0000	0.0000	0.0000	0.0000	0.0000	1.0000
F4PBI8_taxID_684364_model	Fungi	1.0000	0.0000	0.0000	0.0000	0.0000	0.0000
A0A6P1BIH4_taxID_2594946_model_A	Bacteria	0.0000	0.0000	1.0000	0.0000	0.0000	0.0000
A0A9W8XCZ5_taxID_1932322_model	Fungi	1.0000	0.0000	0.0000	0.0000	0.0000	0.0000
N8Y4A5_taxID_1217656_model_A	Bacteria	0.0000	0.0000	1.0000	0.0000	0.0000	0.0000
A0A7X6DTB4_taxID_2606439_model_A	Bacteria	0.0000	0.0000	1.0000	0.0000	0.0000	0.0000
A0A397EM03_taxID_112090_model	Other_Eukaryota	0.0000	0.0000	0.0000	0.0000	1.0000	0.0000
A0A0V1MUW3_taxID_268474_model	Unknown	0.0000	0.0000	0.0000	0.0000	0.0000	1.0000
A0A1I8A771_taxID_37863_model	Metazoa	0.0000	1.0000	0.0000	0.0000	0.0000	0.0000
A0A179HCZ8_taxID_33203_model	Fungi	1.0000	0.0000	0.0000	0.0000	0.0000	0.0000
A0A9W8I809_taxID_2761395_model	Fungi	1.0000	0.0000	0.0000	0.0000	0.0000	0.0000
A0AAD7UQ54_taxID_2483200_model	Other_Eukaryota	0.0000	0.0000	0.0000	0.0000	1.0000	0.0000
A0A2B4RQ59_taxID_50429_model	Metazoa	0.0000	1.0000	0.0000	0.0000	0.0000	0.0000
A0A1Y1W3Y5_taxID_61395_model	Fungi	1.0000	0.0000	0.0000	0.0000	0.0000	0.0000
A0A177WTC8_taxID_403673_model	Fungi	1.0000	0.0000	0.0000	0.0000	0.0000	0.0000
A0A4U0XX60_taxID_329884_model	Fungi	1.0000	0.0000	0.0000	0.0000	0.0000	0.0000
A0A2M9B5K9_taxID_1121954_model	Bacteria	0.0000	0.0000	1.0000	0.0000	0.0000	0.0000
A0A1L3FP25_taxID_375_model_A	Bacteria	0.0000	0.0000	1.0000	0.0000	0.0000	0.0000
A0A2S5KMK1_taxID_2083153_model	Bacteria	0.0000	0.0000	1.0000	0.0000	0.0000	0.0000
A0AA39QMY4_taxID_153913_model	Fungi	1.0000	0.0000	0.0000	0.0000	0.0000	0.0000
A0A7R8Z532_taxID_61478_model_A	Unknown	0.0000	0.0000	0.0000	0.0000	0.0000	1.0000
J3NYP8_taxID_644352_model	Fungi	1.0000	0.0000	0.0000	0.0000	0.0000	0.0000
A0ABY8UIN7_taxID_3088_model	Viridiplantae	0.0000	0.0000	0.0000	1.0000	0.0000	0.0000
A0A914WD49_taxID_2011161_model	Metazoa	0.0000	1.0000	0.0000	0.0000	0.0000	0.0000
A0A918Z9R4_taxID_2014920_model_A	Bacteria	0.0000	0.0000	1.0000	0.0000	0.0000	0.0000
A0A9W8CXW5_taxID_1286918_model	Fungi	1.0000	0.0000	0.0000	0.0000	0.0000	0.0000
A0A8H3WRY4_taxID_702518_model	Fungi	1.0000	0.0000	0.0000	0.0000	0.0000	0.0000
A0ACC2J646_taxID_110536_model_A	Fungi	1.0000	0.0000	0.0000	0.0000	0.0000	0.0000
A0A2T9YAX1_taxID_133385_model_A	Fungi	1.0000	0.0000	0.0000	0.0000	0.0000	0.0000
A0ABV6HFH7_taxID_760123_model	Bacteria	0.0000	0.0000	1.0000	0.0000	0.0000	0.0000
A0AAN4ZCE4_taxID_1317129_model	Metazoa	0.0000	1.0000	0.0000	0.0000	0.0000	0.0000
A0A8H3A0M5_taxID_456999_model_A	Fungi	1.0000	0.0000	0.0000	0.0000	0.0000	0.0000
M1WHX7_taxID_1111077_model	Fungi	1.0000	0.0000	0.0000	0.0000	0.0000	0.0000
A0A1H3SYD2_taxID_137265_model_A	Unknown	0.0000	0.0000	0.0000	0.0000	0.0000	1.0000
A1IHF0_taxID_50426_model	Metazoa	0.0000	1.0000	0.0000	0.0000	0.0000	0.0000
A0A6J3LW51_taxID_1314786_model	Fungi	1.0000	0.0000	0.0000	0.0000	0.0000	0.0000
K3WTH8_taxID_431595_model	Other_Eukaryota	0.0000	0.0000	0.0000	0.0000	1.0000	0.0000
A0ABQ3RF10_taxID_285531_model_A	Bacteria	0.0000	0.0000	1.0000	0.0000	0.0000	0.0000
A0A0H1R9T1_taxID_1225564_model	Bacteria	0.0000	0.0000	1.0000	0.0000	0.0000	0.0000
D7FSM9_taxID_2880_model_A	Other_Eukaryota	0.0000	0.0000	0.0000	0.0000	1.0000	0.0000
A0A163KNP0_taxID_5454_model_A	Fungi	1.0000	0.0000	0.0000	0.0000	0.0000	0.0000
A0ABQ6B7I7_taxID_441950_model	Unknown	0.0000	0.0000	0.0000	0.0000	0.0000	1.0000
A0A553HX16_taxID_2512241_model_A	Fungi	1.0000	0.0000	0.0000	0.0000	0.0000	0.0000
F0WYB1_taxID_890382_model	Other_Eukaryota	0.0000	0.0000	0.0000	0.0000	1.0000	0.0000
A0A3M6VVA3_taxID_542832_model	Other_Eukaryota	0.0000	0.0000	0.0000	0.0000	1.0000	0.0000
A0ABR2XPU5_taxID_138064_model_A	Fungi	1.0000	0.0000	0.0000	0.0000	0.0000	0.0000
A0A075B1D3_taxID_988480_model	Fungi	1.0000	0.0000	0.0000	0.0000	0.0000	0.0000
A0A1I3WXE9_taxID_52441_model_A	Bacteria	0.0000	0.0000	1.0000	0.0000	0.0000	0.0000
A0A9W8INL8_taxID_417176_model_A	Fungi	1.0000	0.0000	0.0000	0.0000	0.0000	0.0000
A0A8S3QCE6_taxID_6550_model	Unknown	0.0000	0.0000	0.0000	0.0000	0.0000	1.0000
A0ABW0BAQ2_taxID_284036_model_A	Bacteria	0.0000	0.0000	1.0000	0.0000	0.0000	0.0000
A0A9P6IHM1_taxID_1095194_model	Fungi	1.0000	0.0000	0.0000	0.0000	0.0000	0.0000
A0A8H3CFB7_taxID_456999_model	Fungi	1.0000	0.0000	0.0000	0.0000	0.0000	0.0000
A0A7X0J7C0_taxID_188932_model	Bacteria	0.0000	0.0000	1.0000	0.0000	0.0000	0.0000
A0A5M9J7X0_taxID_38448_model	Fungi	1.0000	0.0000	0.0000	0.0000	0.0000	0.0000
A0AAN5YUB2_taxID_293939_model	Fungi	1.0000	0.0000	0.0000	0.0000	0.0000	0.0000
Q82V60_taxID_228410_model_A	Bacteria	0.0000	0.0000	1.0000	0.0000	0.0000	0.0000
A0A7S1B601_taxID_216773_model	Other_Eukaryota	0.0000	0.0000	0.0000	0.0000	1.0000	0.0000
A0AAE8N2C9_taxID_2041049_model	Fungi	1.0000	0.0000	0.0000	0.0000	0.0000	0.0000
A0A222YTC9_taxID_106299_model_A	Unknown	0.0000	0.0000	0.0000	0.0000	0.0000	1.0000
A0A1G6RZ21_taxID_1419277_model	Bacteria	0.0000	0.0000	1.0000	0.0000	0.0000	0.0000
A0A8H6MRC0_taxID_2175907_model	Fungi	1.0000	0.0000	0.0000	0.0000	0.0000	0.0000
A0A9W7CFU9_taxID_2077276_model	Other_Eukaryota	0.0000	0.0000	0.0000	0.0000	1.0000	0.0000
A0ABM4CWC9_taxID_6087_model_A	Metazoa	0.0000	1.0000	0.0000	0.0000	0.0000	0.0000
A0A8B8ABF3_taxID_6565_model	Metazoa	0.0000	1.0000	0.0000	0.0000	0.0000	0.0000
A0A1I7VBE5_taxID_7209_model	Metazoa	0.0000	1.0000	0.0000	0.0000	0.0000	0.0000
A0AAD2E0S8_taxID_56036_model	Unknown	0.0000	0.0000	0.0000	0.0000	0.0000	1.0000
A0A6B2KZX3_taxID_1963864_model	Unknown	0.0000	0.0000	0.0000	0.0000	0.0000	1.0000
A0A9N8DN83_taxID_568900_model	Other_Eukaryota	0.0000	0.0000	0.0000	0.0000	1.0000	0.0000
A0ABR1TTI1_taxID_2905665_model	Fungi	1.0000	0.0000	0.0000	0.0000	0.0000	0.0000
A0ABR0JJU7_taxID_1016849_model_A	Unknown	0.0000	0.0000	0.0000	0.0000	0.0000	1.0000
A0A9W9WHE0_taxID_1303715_model	Fungi	1.0000	0.0000	0.0000	0.0000	0.0000	0.0000
A0A507ECB4_taxID_109895_model	Fungi	1.0000	0.0000	0.0000	0.0000	0.0000	0.0000
A0A285MR25_taxID_1247520_model_A	Unknown	0.0000	0.0000	0.0000	0.0000	0.0000	1.0000
A0A0H1BRE8_taxID_2060906_model_A	Fungi	1.0000	0.0000	0.0000	0.0000	0.0000	0.0000
A0A0G4GQD9_taxID_1169540_model	Unknown	0.0000	0.0000	0.0000	0.0000	0.0000	1.0000
A0A0P1FFJ7_taxID_2072972_model_A	Bacteria	0.0000	0.0000	1.0000	0.0000	0.0000	0.0000
A0ABU3VGX6_taxID_1631240_model	Bacteria	0.0000	0.0000	1.0000	0.0000	0.0000	0.0000
A0A9W9YWR8_taxID_174260_model	Metazoa	0.0000	1.0000	0.0000	0.0000	0.0000	0.0000
A0A2U1JAK2_taxID_133377_model_A	Fungi	1.0000	0.0000	0.0000	0.0000	0.0000	0.0000
A0ABV2I0A5_taxID_1209948_model	Bacteria	0.0000	0.0000	1.0000	0.0000	0.0000	0.0000
A0A8W8KA66_taxID_29159_model	Metazoa	0.0000	1.0000	0.0000	0.0000	0.0000	0.0000
U5Y3T5_taxID_73031_model	Metazoa	0.0000	1.0000	0.0000	0.0000	0.0000	0.0000
A0ACC1J7K1_taxID_4868_model_A	Fungi	1.0000	0.0000	0.0000	0.0000	0.0000	0.0000
A0A0D3G0L1_taxID_65489_model_A	Viridiplantae	0.0000	0.0000	0.0000	1.0000	0.0000	0.0000
A0A914MEB5_taxID_6306_model	Metazoa	0.0000	1.0000	0.0000	0.0000	0.0000	0.0000
A0A8T1MC39_taxID_79923_model	Metazoa	0.0000	1.0000	0.0000	0.0000	0.0000	0.0000
A0A1Y2D0T3_taxID_329046_model_A	Fungi	1.0000	0.0000	0.0000	0.0000	0.0000	0.0000
A0A915DFA9_taxID_166011_model	Metazoa	0.0000	1.0000	0.0000	0.0000	0.0000	0.0000
A0ACC1K3Z8_taxID_2789366_model_A	Fungi	1.0000	0.0000	0.0000	0.0000	0.0000	0.0000
A0A137PC40_taxID_796925_model_A	Fungi	1.0000	0.0000	0.0000	0.0000	0.0000	0.0000
A0A8J1TDZ8_taxID_6347_model	Unknown	0.0000	0.0000	0.0000	0.0000	0.0000	1.0000
A0A507EXS7_taxID_246404_model	Fungi	1.0000	0.0000	0.0000	0.0000	0.0000	0.0000
A0AAV2QBX0_taxID_48144_model	Unknown	0.0000	0.0000	0.0000	0.0000	0.0000	1.0000
A0A814MII4_taxID_1234261_model_A	Metazoa	0.0000	1.0000	0.0000	0.0000	0.0000	0.0000
A0A1S3IIA6_taxID_7574_model	Metazoa	0.0000	1.0000	0.0000	0.0000	0.0000	0.0000
A0A512NBT8_taxID_1230389_model	Bacteria	0.0000	0.0000	1.0000	0.0000	0.0000	0.0000
A0A7S2MDR4_taxID_3111310_model_A	Unknown	0.0000	0.0000	0.0000	0.0000	0.0000	1.0000
A0A0D6LVJ5_taxID_53326_model	Metazoa	0.0000	1.0000	0.0000	0.0000	0.0000	0.0000
A0A8S3V8L1_taxID_6550_model	Metazoa	0.0000	1.0000	0.0000	0.0000	0.0000	0.0000
A0A9P4WSQ5_taxID_1769908_model	Fungi	1.0000	0.0000	0.0000	0.0000	0.0000	0.0000
A0ABR4IDY3_taxID_176166_model	Fungi	1.0000	0.0000	0.0000	0.0000	0.0000	0.0000
A0A084G098_taxID_563466_model	Fungi	1.0000	0.0000	0.0000	0.0000	0.0000	0.0000
A0AAW0RWB0_taxID_1069075_model	Fungi	1.0000	0.0000	0.0000	0.0000	0.0000	0.0000
A0ABY8UPE5_taxID_3088_model	Viridiplantae	0.0000	0.0000	0.0000	1.0000	0.0000	0.0000
F4P662_taxID_684364_model	Fungi	1.0000	0.0000	0.0000	0.0000	0.0000	0.0000
A0A9D2WSC4_taxID_182264_model_A	Unknown	0.0000	0.0000	0.0000	0.0000	0.0000	1.0000
A0AAD5M2C2_taxID_114742_model	Other_Eukaryota	0.0000	0.0000	0.0000	0.0000	1.0000	0.0000
A0A9P5XZM4_taxID_64659_model	Fungi	1.0000	0.0000	0.0000	0.0000	0.0000	0.0000
A0A507FDJ6_taxID_246404_model_A	Fungi	1.0000	0.0000	0.0000	0.0000	0.0000	0.0000
A0A3M6T5K9_taxID_46731_model	Metazoa	0.0000	1.0000	0.0000	0.0000	0.0000	0.0000
A0A418G3G2_taxID_112090_model	Other_Eukaryota	0.0000	0.0000	0.0000	0.0000	1.0000	0.0000
D7FJB5_taxID_2880_model_A	Other_Eukaryota	0.0000	0.0000	0.0000	0.0000	1.0000	0.0000
A0A0P1AY43_taxID_4781_model	Other_Eukaryota	0.0000	0.0000	0.0000	0.0000	1.0000	0.0000
A0A1V6SJE6_taxID_254877_model	Fungi	1.0000	0.0000	0.0000	0.0000	0.0000	0.0000
A0A127Z996_taxID_49012_model_A	Fungi	1.0000	0.0000	0.0000	0.0000	0.0000	0.0000
A0A0D1CHR5_taxID_5270_model_A	Fungi	1.0000	0.0000	0.0000	0.0000	0.0000	0.0000
A0A2G9UPF2_taxID_45464_model	Metazoa	0.0000	1.0000	0.0000	0.0000	0.0000	0.0000
A0A2T4BLM2_taxID_58853_model	Fungi	1.0000	0.0000	0.0000	0.0000	0.0000	0.0000
A0A210PWA4_taxID_6573_model_A	Metazoa	0.0000	1.0000	0.0000	0.0000	0.0000	0.0000
A0A383W8E9_taxID_3088_model	Viridiplantae	0.0000	0.0000	0.0000	1.0000	0.0000	0.0000
A0A0L8IDI7_taxID_37653_model	Unknown	0.0000	0.0000	0.0000	0.0000	0.0000	1.0000
A0AA40F7U2_taxID_314040_model	Fungi	1.0000	0.0000	0.0000	0.0000	0.0000	0.0000
A0A8H4W2C0_taxID_354080_model	Fungi	1.0000	0.0000	0.0000	0.0000	0.0000	0.0000
J0WRI2_taxID_717982_model	Fungi	1.0000	0.0000	0.0000	0.0000	0.0000	0.0000
A0A401PX39_taxID_75743_model	Unknown	0.0000	0.0000	0.0000	0.0000	0.0000	1.0000
A0A8H4LY57_taxID_72228_model	Fungi	1.0000	0.0000	0.0000	0.0000	0.0000	0.0000
A0ACC2T6Y9_taxID_34485_model	Fungi	1.0000	0.0000	0.0000	0.0000	0.0000	0.0000
A0A0A7CP65_taxID_1202772_model	Unknown	0.0000	0.0000	0.0000	0.0000	0.0000	1.0000
A0A6P7S7Y8_taxID_2607531_model	Metazoa	0.0000	1.0000	0.0000	0.0000	0.0000	0.0000
A0AAW2MB30_taxID_2727403_model	Viridiplantae	0.0000	0.0000	0.0000	1.0000	0.0000	0.0000
A0A9D4MZZ2_taxID_45954_model	Metazoa	0.0000	1.0000	0.0000	0.0000	0.0000	0.0000
A0AAV2YL68_taxID_4803_model	Other_Eukaryota	0.0000	0.0000	0.0000	0.0000	1.0000	0.0000
A0A0A0F2E9_taxID_1385517_model	Bacteria	0.0000	0.0000	1.0000	0.0000	0.0000	0.0000
A0A1H7Q7S9_taxID_183556_model_A	Bacteria	0.0000	0.0000	1.0000	0.0000	0.0000	0.0000
A0A1R3VBN3_taxID_1631249_model_A	Unknown	0.0000	0.0000	0.0000	0.0000	0.0000	1.0000
A0A0L6VTF1_taxID_27349_model_A	Unknown	0.0000	0.0000	0.0000	0.0000	0.0000	1.0000
A0A0L0TBD6_taxID_578462_model	Fungi	1.0000	0.0000	0.0000	0.0000	0.0000	0.0000
A0A260YNQ5_taxID_31234_model	Metazoa	0.0000	1.0000	0.0000	0.0000	0.0000	0.0000
A0A0V1AAJ2_taxID_990121_model	Unknown	0.0000	0.0000	0.0000	0.0000	0.0000	1.0000
A0A0L0GEJ5_taxID_667725_model_A	Unknown	0.0000	0.0000	0.0000	0.0000	0.0000	1.0000
A0A077ZGT3_taxID_36087_model	Unknown	0.0000	0.0000	0.0000	0.0000	0.0000	1.0000
A0A8B6BWX0_taxID_29158_model	Metazoa	0.0000	1.0000	0.0000	0.0000	0.0000	0.0000
A0A183C149_taxID_36090_model	Metazoa	0.0000	1.0000	0.0000	0.0000	0.0000	0.0000
A0A1G7K2Z2_taxID_76594_model_A	Bacteria	0.0000	0.0000	1.0000	0.0000	0.0000	0.0000
A8MZX9_taxID_240176_model	Fungi	1.0000	0.0000	0.0000	0.0000	0.0000	0.0000
A0A6B2KZT0_taxID_1963864_model	Unknown	0.0000	0.0000	0.0000	0.0000	0.0000	1.0000
A0A6J8CZL5_taxID_42192_model	Unknown	0.0000	0.0000	0.0000	0.0000	0.0000	1.0000
W4H5S0_taxID_112090_model	Other_Eukaryota	0.0000	0.0000	0.0000	0.0000	1.0000	0.0000
R9PI15_taxID_1305764_model_A	Fungi	1.0000	0.0000	0.0000	0.0000	0.0000	0.0000
A0A9X8N4J4_taxID_156453_model_A	Bacteria	0.0000	0.0000	1.0000	0.0000	0.0000	0.0000
A0A0N4XV59_taxID_27835_model	Metazoa	0.0000	1.0000	0.0000	0.0000	0.0000	0.0000
A0AA88XIM2_taxID_66713_model	Metazoa	0.0000	1.0000	0.0000	0.0000	0.0000	0.0000
A0A9D4RA75_taxID_45954_model	Metazoa	0.0000	1.0000	0.0000	0.0000	0.0000	0.0000
A0A8W8K7P4_taxID_29159_model	Metazoa	0.0000	1.0000	0.0000	0.0000	0.0000	0.0000
A0A0K6FPV3_taxID_456999_model	Fungi	1.0000	0.0000	0.0000	0.0000	0.0000	0.0000
A0ACC1HJ19_taxID_68401_model_A	Fungi	1.0000	0.0000	0.0000	0.0000	0.0000	0.0000
A0A507FBC4_taxID_246404_model	Fungi	1.0000	0.0000	0.0000	0.0000	0.0000	0.0000
A0A6A4BF22_taxID_53985_model	Other_Eukaryota	0.0000	0.0000	0.0000	0.0000	1.0000	0.0000
A0A1I6M5T1_taxID_474950_model	Bacteria	0.0000	0.0000	1.0000	0.0000	0.0000	0.0000
A0ACC1KQ89_taxID_1286919_model	Fungi	1.0000	0.0000	0.0000	0.0000	0.0000	0.0000
A0AAD5SAV4_taxID_64517_model	Fungi	1.0000	0.0000	0.0000	0.0000	0.0000	0.0000
A0AAV2Z0Q5_taxID_4803_model	Other_Eukaryota	0.0000	0.0000	0.0000	0.0000	1.0000	0.0000
A0A0L0HF05_taxID_645134_model	Fungi	1.0000	0.0000	0.0000	0.0000	0.0000	0.0000
A0AAW0Q7W6_taxID_1337665_model	Fungi	1.0000	0.0000	0.0000	0.0000	0.0000	0.0000
A0A0N4U462_taxID_318479_model	Metazoa	0.0000	1.0000	0.0000	0.0000	0.0000	0.0000
Q70KX7_taxID_55567_model	Metazoa	0.0000	1.0000	0.0000	0.0000	0.0000	0.0000
A0ABR5Y6J9_taxID_220697_model	Bacteria	0.0000	0.0000	1.0000	0.0000	0.0000	0.0000
A0A3F2RHN5_taxID_325452_model	Other_Eukaryota	0.0000	0.0000	0.0000	0.0000	1.0000	0.0000
A0A1Y2D0V7_taxID_329046_model	Fungi	1.0000	0.0000	0.0000	0.0000	0.0000	0.0000
A0ACC2T704_taxID_34485_model	Fungi	1.0000	0.0000	0.0000	0.0000	0.0000	0.0000
A0AAJ0BKB6_taxID_438768_model	Fungi	1.0000	0.0000	0.0000	0.0000	0.0000	0.0000
A0AAV9WVQ3_taxID_2528407_model	Fungi	1.0000	0.0000	0.0000	0.0000	0.0000	0.0000
A0A9Q6S7U7_taxID_75105_model	Unknown	0.0000	0.0000	0.0000	0.0000	0.0000	1.0000
K1QXR1_taxID_29159_model_A	Metazoa	0.0000	1.0000	0.0000	0.0000	0.0000	0.0000
A0A0G4IQ91_taxID_37360_model_A	Unknown	0.0000	0.0000	0.0000	0.0000	0.0000	1.0000
A0A507F7M1_taxID_246404_model	Fungi	1.0000	0.0000	0.0000	0.0000	0.0000	0.0000
A0A4R8T272_taxID_1347389_model	Unknown	0.0000	0.0000	0.0000	0.0000	0.0000	1.0000
A0A8B6GSK0_taxID_29158_model	Metazoa	0.0000	1.0000	0.0000	0.0000	0.0000	0.0000
U1TTP3_taxID_321846_model	Bacteria	0.0000	0.0000	1.0000	0.0000	0.0000	0.0000
A0A8B6DAC3_taxID_29158_model	Metazoa	0.0000	1.0000	0.0000	0.0000	0.0000	0.0000
M7TN32_taxID_1287681_model_A	Fungi	1.0000	0.0000	0.0000	0.0000	0.0000	0.0000
A0ACC1NLV5_taxID_42375_model	Fungi	1.0000	0.0000	0.0000	0.0000	0.0000	0.0000
A0A6I3KHZ9_taxID_2665159_model_A	Bacteria	0.0000	0.0000	1.0000	0.0000	0.0000	0.0000
W4FLQ6_taxID_112090_model	Other_Eukaryota	0.0000	0.0000	0.0000	0.0000	1.0000	0.0000
A0A8B8EXW9_taxID_6565_model_A	Metazoa	0.0000	1.0000	0.0000	0.0000	0.0000	0.0000
A0A8H4QR39_taxID_354080_model_A	Unknown	0.0000	0.0000	0.0000	0.0000	0.0000	1.0000
A0AA35TLZ1_taxID_519541_model	Unknown	0.0000	0.0000	0.0000	0.0000	0.0000	1.0000
A0A0F8A0A1_taxID_1043627_model	Fungi	1.0000	0.0000	0.0000	0.0000	0.0000	0.0000
A0A9N8WZP9_taxID_5518_model	Fungi	1.0000	0.0000	0.0000	0.0000	0.0000	0.0000
A0A0C9WDK0_taxID_994086_model	Fungi	1.0000	0.0000	0.0000	0.0000	0.0000	0.0000
A0A090CWC0_taxID_515849_model	Fungi	1.0000	0.0000	0.0000	0.0000	0.0000	0.0000
A0A3P6S9E3_taxID_42156_model	Unknown	0.0000	0.0000	0.0000	0.0000	0.0000	1.0000
A0A0V1G4S3_taxID_6337_model	Unknown	0.0000	0.0000	0.0000	0.0000	0.0000	1.0000
A0AAD9NPK5_taxID_27915_model	Metazoa	0.0000	1.0000	0.0000	0.0000	0.0000	0.0000
A0ABR1IWX6_taxID_2682957_model	Fungi	1.0000	0.0000	0.0000	0.0000	0.0000	0.0000
A0A4P9YZB4_taxID_1712513_model	Fungi	1.0000	0.0000	0.0000	0.0000	0.0000	0.0000
A0A0G3BQ28_taxID_413882_model	Bacteria	0.0000	0.0000	1.0000	0.0000	0.0000	0.0000
A0A914E230_taxID_290746_model	Metazoa	0.0000	1.0000	0.0000	0.0000	0.0000	0.0000
A0A5C3EP17_taxID_86804_model_A	Fungi	1.0000	0.0000	0.0000	0.0000	0.0000	0.0000
A0A8T1VD70_taxID_221518_model	Other_Eukaryota	0.0000	0.0000	0.0000	0.0000	1.0000	0.0000
A0A016WQP8_taxID_53326_model	Metazoa	0.0000	1.0000	0.0000	0.0000	0.0000	0.0000
A0ABR4ES42_taxID_105482_model	Unknown	0.0000	0.0000	0.0000	0.0000	0.0000	1.0000
A0AAV0TFG8_taxID_162125_model	Other_Eukaryota	0.0000	0.0000	0.0000	0.0000	1.0000	0.0000
A0A914V2B7_taxID_2011161_model	Metazoa	0.0000	1.0000	0.0000	0.0000	0.0000	0.0000
A0AAD7TEA0_taxID_1111947_model	Fungi	1.0000	0.0000	0.0000	0.0000	0.0000	0.0000
A0A8S3RV89_taxID_6550_model	Metazoa	0.0000	1.0000	0.0000	0.0000	0.0000	0.0000
A0A2G5UKA1_taxID_1611254_model	Metazoa	0.0000	1.0000	0.0000	0.0000	0.0000	0.0000
A0A183H2G1_taxID_387005_model	Metazoa	0.0000	1.0000	0.0000	0.0000	0.0000	0.0000
A0A9W7XIT1_taxID_1052880_model	Fungi	1.0000	0.0000	0.0000	0.0000	0.0000	0.0000
A0A0A2VY68_taxID_1245745_model	Fungi	1.0000	0.0000	0.0000	0.0000	0.0000	0.0000
A0A436ZMY2_taxID_97331_model	Fungi	1.0000	0.0000	0.0000	0.0000	0.0000	0.0000
A0ACD1IG11_taxID_1448317_model_A	Unknown	0.0000	0.0000	0.0000	0.0000	0.0000	1.0000
A0A2A6BQG6_taxID_54126_model	Metazoa	0.0000	1.0000	0.0000	0.0000	0.0000	0.0000
A0AAD5SD55_taxID_64517_model	Fungi	1.0000	0.0000	0.0000	0.0000	0.0000	0.0000
A0ABP6PWQ7_taxID_111803_model	Unknown	0.0000	0.0000	0.0000	0.0000	0.0000	1.0000
A0AAD5T9G3_taxID_109957_model	Fungi	1.0000	0.0000	0.0000	0.0000	0.0000	0.0000
A0A1Y2HBG1_taxID_765915_model	Fungi	1.0000	0.0000	0.0000	0.0000	0.0000	0.0000
A0AAV9WYC9_taxID_2528407_model	Fungi	1.0000	0.0000	0.0000	0.0000	0.0000	0.0000
A0A2P6TX23_taxID_3076_model	Viridiplantae	0.0000	0.0000	0.0000	1.0000	0.0000	0.0000
A0A368FPR0_taxID_29170_model	Metazoa	0.0000	1.0000	0.0000	0.0000	0.0000	0.0000
A0A1I7VEA5_taxID_7209_model	Unknown	0.0000	0.0000	0.0000	0.0000	0.0000	1.0000
A0A8T1WG94_taxID_109152_model	Other_Eukaryota	0.0000	0.0000	0.0000	0.0000	1.0000	0.0000
A0A9P8LAU2_taxID_265104_model	Fungi	1.0000	0.0000	0.0000	0.0000	0.0000	0.0000
A0A9W9DF90_taxID_153920_model	Fungi	1.0000	0.0000	0.0000	0.0000	0.0000	0.0000
A0ABD3UTI4_taxID_1069815_model	Metazoa	0.0000	1.0000	0.0000	0.0000	0.0000	0.0000
A0AAN8MVU2_taxID_47235_model_A	Fungi	1.0000	0.0000	0.0000	0.0000	0.0000	0.0000
A0A1Y1IJ30_taxID_105231_model_A	Viridiplantae	0.0000	0.0000	0.0000	1.0000	0.0000	0.0000
A0ABR1U9F9_taxID_2905665_model	Unknown	0.0000	0.0000	0.0000	0.0000	0.0000	1.0000
A0A7S2GZX5_taxID_3111310_model	Other_Eukaryota	0.0000	0.0000	0.0000	0.0000	1.0000	0.0000
A0ABD2L179_taxID_157864_model	Metazoa	0.0000	1.0000	0.0000	0.0000	0.0000	0.0000
A0A914EDP1_taxID_290746_model	Metazoa	0.0000	1.0000	0.0000	0.0000	0.0000	0.0000
A0A4P9WCD3_taxID_388810_model	Fungi	1.0000	0.0000	0.0000	0.0000	0.0000	0.0000
A0A8B6BKM4_taxID_29158_model_A	Metazoa	0.0000	1.0000	0.0000	0.0000	0.0000	0.0000
A0A0B7BDN3_taxID_1028688_model_A	Metazoa	0.0000	1.0000	0.0000	0.0000	0.0000	0.0000
A0AAW0QQB4_taxID_1337665_model	Fungi	1.0000	0.0000	0.0000	0.0000	0.0000	0.0000
A0A7X0RVL1_taxID_1387779_model	Unknown	0.0000	0.0000	0.0000	0.0000	0.0000	1.0000
A0ABN2SNM7_taxID_344165_model	Bacteria	0.0000	0.0000	1.0000	0.0000	0.0000	0.0000
A0A8W8MDV3_taxID_29159_model	Metazoa	0.0000	1.0000	0.0000	0.0000	0.0000	0.0000
A0AAE3YLB9_taxID_137266_model_A	Bacteria	0.0000	0.0000	1.0000	0.0000	0.0000	0.0000
A0AAN6YT11_taxID_2074819_model	Fungi	1.0000	0.0000	0.0000	0.0000	0.0000	0.0000
A0ABQ5SP08_taxID_51714_model	Viridiplantae	0.0000	0.0000	0.0000	1.0000	0.0000	0.0000
A0A9W8DNF5_taxID_78921_model	Fungi	1.0000	0.0000	0.0000	0.0000	0.0000	0.0000
D7G3A2_taxID_2880_model	Other_Eukaryota	0.0000	0.0000	0.0000	0.0000	1.0000	0.0000
A0A1Y2B8A2_taxID_329046_model	Fungi	1.0000	0.0000	0.0000	0.0000	0.0000	0.0000
A0A4P9Y3Y8_taxID_1907219_model	Fungi	1.0000	0.0000	0.0000	0.0000	0.0000	0.0000
A0A1S3HNS5_taxID_7574_model	Metazoa	0.0000	1.0000	0.0000	0.0000	0.0000	0.0000
A0A0S4LNR0_taxID_1742972_model_A	Bacteria	0.0000	0.0000	1.0000	0.0000	0.0000	0.0000
A0A4P9XG75_taxID_78915_model	Unknown	0.0000	0.0000	0.0000	0.0000	0.0000	1.0000
A0A3N4IPE1_taxID_1160509_model	Unknown	0.0000	0.0000	0.0000	0.0000	0.0000	1.0000
T1F079_taxID_6412_model_A	Metazoa	0.0000	1.0000	0.0000	0.0000	0.0000	0.0000
A0A913WWA6_taxID_2652724_model	Metazoa	0.0000	1.0000	0.0000	0.0000	0.0000	0.0000
K1PY25_taxID_29159_model	Metazoa	0.0000	1.0000	0.0000	0.0000	0.0000	0.0000
A0A507F691_taxID_246404_model_A	Unknown	0.0000	0.0000	0.0000	0.0000	0.0000	1.0000
A0A396RNU1_taxID_2305907_model	Bacteria	0.0000	0.0000	1.0000	0.0000	0.0000	0.0000
W7HVJ8_taxID_1043628_model_A	Fungi	1.0000	0.0000	0.0000	0.0000	0.0000	0.0000
A0A561T0L1_taxID_1128676_model_A	Bacteria	0.0000	0.0000	1.0000	0.0000	0.0000	0.0000
A0A4W4EZ83_taxID_8005_model	Unknown	0.0000	0.0000	0.0000	0.0000	0.0000	1.0000
A0ABR2J691_taxID_335852_model	Fungi	1.0000	0.0000	0.0000	0.0000	0.0000	0.0000
A0AC34QHI6_taxID_591449_model	Metazoa	0.0000	1.0000	0.0000	0.0000	0.0000	0.0000
A0A7S0LHE4_taxID_221442_model_A	Unknown	0.0000	0.0000	0.0000	0.0000	0.0000	1.0000
A0AAE0DG71_taxID_34407_model	Fungi	1.0000	0.0000	0.0000	0.0000	0.0000	0.0000
A0ABW7AQ69_taxID_3351344_model	Bacteria	0.0000	0.0000	1.0000	0.0000	0.0000	0.0000
A6GK98_taxID_391625_model_A	Unknown	0.0000	0.0000	0.0000	0.0000	0.0000	1.0000
A0A1Y2BS97_taxID_329046_model	Fungi	1.0000	0.0000	0.0000	0.0000	0.0000	0.0000
A0A7S1D9Z1_taxID_216820_model	Other_Eukaryota	0.0000	0.0000	0.0000	0.0000	1.0000	0.0000
A8ZLP7_taxID_329726_model_A	Bacteria	0.0000	0.0000	1.0000	0.0000	0.0000	0.0000
A0A1Y2HHP1_taxID_765915_model	Fungi	1.0000	0.0000	0.0000	0.0000	0.0000	0.0000
A0A913YC92_taxID_2652724_model	Metazoa	0.0000	1.0000	0.0000	0.0000	0.0000	0.0000
A0A8W8JTC5_taxID_29159_model_A	Metazoa	0.0000	1.0000	0.0000	0.0000	0.0000	0.0000
A0ACC2S8U6_taxID_34485_model_A	Fungi	1.0000	0.0000	0.0000	0.0000	0.0000	0.0000
A0AAD7UB85_taxID_2483200_model_A	Other_Eukaryota	0.0000	0.0000	0.0000	0.0000	1.0000	0.0000
A0A507F5P6_taxID_246404_model	Fungi	1.0000	0.0000	0.0000	0.0000	0.0000	0.0000
A0AA39IBU8_taxID_289476_model	Metazoa	0.0000	1.0000	0.0000	0.0000	0.0000	0.0000
A0A812SAZ7_taxID_2952_model	Unknown	0.0000	0.0000	0.0000	0.0000	0.0000	1.0000
A0A8W8KA56_taxID_29159_model_A	Metazoa	0.0000	1.0000	0.0000	0.0000	0.0000	0.0000
A0A0R3RX42_taxID_1147741_model_A	Unknown	0.0000	0.0000	0.0000	0.0000	0.0000	1.0000
A0A7C8NGK8_taxID_2813651_model_A	Fungi	1.0000	0.0000	0.0000	0.0000	0.0000	0.0000
A0A4T0FMD4_taxID_1540922_model_A	Unknown	0.0000	0.0000	0.0000	0.0000	0.0000	1.0000
A0ABD2LI83_taxID_157864_model	Metazoa	0.0000	1.0000	0.0000	0.0000	0.0000	0.0000
A0A9D4IE68_taxID_45954_model	Metazoa	0.0000	1.0000	0.0000	0.0000	0.0000	0.0000
A0A6J8AZI7_taxID_42192_model	Unknown	0.0000	0.0000	0.0000	0.0000	0.0000	1.0000
A0A8H7EGD0_taxID_1187904_model	Fungi	1.0000	0.0000	0.0000	0.0000	0.0000	0.0000
A0A9D4J8T5_taxID_45954_model	Metazoa	0.0000	1.0000	0.0000	0.0000	0.0000	0.0000
A0A8J1T8Q4_taxID_6347_model	Metazoa	0.0000	1.0000	0.0000	0.0000	0.0000	0.0000
A0A8B6EB17_taxID_29158_model	Metazoa	0.0000	1.0000	0.0000	0.0000	0.0000	0.0000
S0EJD0_taxID_1279085_model	Fungi	1.0000	0.0000	0.0000	0.0000	0.0000	0.0000
A0A194WE27_taxID_578113_model	Unknown	0.0000	0.0000	0.0000	0.0000	0.0000	1.0000
M9M4Y3_taxID_1151754_model	Fungi	1.0000	0.0000	0.0000	0.0000	0.0000	0.0000
A0A8H6XYA6_taxID_2733690_model	Fungi	1.0000	0.0000	0.0000	0.0000	0.0000	0.0000
A0A420QKK6_taxID_5507_model_A	Fungi	1.0000	0.0000	0.0000	0.0000	0.0000	0.0000
A0A8E2F2M6_taxID_574774_model	Fungi	1.0000	0.0000	0.0000	0.0000	0.0000	0.0000
A0A5N7CL84_taxID_209559_model	Unknown	0.0000	0.0000	0.0000	0.0000	0.0000	1.0000
A0ABU9X9V4_taxID_3143436_model	Bacteria	0.0000	0.0000	1.0000	0.0000	0.0000	0.0000
A0AAV9UL65_taxID_1796055_model	Fungi	1.0000	0.0000	0.0000	0.0000	0.0000	0.0000
A0A6J4THU7_taxID_1162706_model_A	Bacteria	0.0000	0.0000	1.0000	0.0000	0.0000	0.0000
A0A9W8VAU3_taxID_1237075_model	Unknown	0.0000	0.0000	0.0000	0.0000	0.0000	1.0000
A0A6A6W7X2_taxID_470096_model	Fungi	1.0000	0.0000	0.0000	0.0000	0.0000	0.0000
A0ACC2U405_taxID_34485_model	Unknown	0.0000	0.0000	0.0000	0.0000	0.0000	1.0000
A0AAD5V4M1_taxID_2056292_model	Unknown	0.0000	0.0000	0.0000	0.0000	0.0000	1.0000
A0A9W8UQ41_taxID_2231603_model	Fungi	1.0000	0.0000	0.0000	0.0000	0.0000	0.0000
H6U5Z7_taxID_13208_model_A	Metazoa	0.0000	1.0000	0.0000	0.0000	0.0000	0.0000
A0AAE3N5D5_taxID_2965071_model	Bacteria	0.0000	0.0000	1.0000	0.0000	0.0000	0.0000
A0A137P2U0_taxID_796925_model	Fungi	1.0000	0.0000	0.0000	0.0000	0.0000	0.0000
A0A0C4EFA8_taxID_644358_model	Unknown	0.0000	0.0000	0.0000	0.0000	0.0000	1.0000
A0A7R9L054_taxID_1979941_model	Metazoa	0.0000	1.0000	0.0000	0.0000	0.0000	0.0000
A0A9D4LIH2_taxID_45954_model	Metazoa	0.0000	1.0000	0.0000	0.0000	0.0000	0.0000
A0AA40CS78_taxID_92897_model_A	Fungi	1.0000	0.0000	0.0000	0.0000	0.0000	0.0000
A0AAD4FBU9_taxID_669026_model_A	Fungi	1.0000	0.0000	0.0000	0.0000	0.0000	0.0000
A0A6J4HUK3_taxID_310071_model_A	Bacteria	0.0000	0.0000	1.0000	0.0000	0.0000	0.0000
A0A3N0CP77_taxID_661483_model	Unknown	0.0000	0.0000	0.0000	0.0000	0.0000	1.0000
A0A3P6S036_taxID_6269_model	Metazoa	0.0000	1.0000	0.0000	0.0000	0.0000	0.0000
A0AAD6S7D4_taxID_1745969_model_A	Fungi	1.0000	0.0000	0.0000	0.0000	0.0000	0.0000
D7F7P5_taxID_291907_model_A	Metazoa	0.0000	1.0000	0.0000	0.0000	0.0000	0.0000
A0A6V7V3D6_taxID_390850_model	Unknown	0.0000	0.0000	0.0000	0.0000	0.0000	1.0000
A0AAW2PFE9_taxID_2727405_model	Viridiplantae	0.0000	0.0000	0.0000	1.0000	0.0000	0.0000
A0AAV9U3Q6_taxID_1796055_model	Fungi	1.0000	0.0000	0.0000	0.0000	0.0000	0.0000
A0AAN4PPE5_taxID_293939_model	Fungi	1.0000	0.0000	0.0000	0.0000	0.0000	0.0000
A0A8J1UW52_taxID_6347_model	Metazoa	0.0000	1.0000	0.0000	0.0000	0.0000	0.0000
A0A5N5QPM2_taxID_1582974_model	Fungi	1.0000	0.0000	0.0000	0.0000	0.0000	0.0000
A0A5S6QIU3_taxID_70415_model	Unknown	0.0000	0.0000	0.0000	0.0000	0.0000	1.0000
A0AAD6IJM2_taxID_5083_model	Fungi	1.0000	0.0000	0.0000	0.0000	0.0000	0.0000
A0ABN8RND1_taxID_104759_model	Metazoa	0.0000	1.0000	0.0000	0.0000	0.0000	0.0000
A0A6A7AQI4_taxID_1408161_model	Fungi	1.0000	0.0000	0.0000	0.0000	0.0000	0.0000
A0ACC2T9U2_taxID_34485_model	Fungi	1.0000	0.0000	0.0000	0.0000	0.0000	0.0000
A0AAU7B3G6_taxID_2997339_model	Bacteria	0.0000	0.0000	1.0000	0.0000	0.0000	0.0000
A0A9P5GB19_taxID_36656_model	Fungi	1.0000	0.0000	0.0000	0.0000	0.0000	0.0000
A0A8S3S028_taxID_6550_model	Unknown	0.0000	0.0000	0.0000	0.0000	0.0000	1.0000
A0A0G4IJY2_taxID_37360_model_A	Unknown	0.0000	0.0000	0.0000	0.0000	0.0000	1.0000
A0A8E6B3U1_taxID_1123043_model	Bacteria	0.0000	0.0000	1.0000	0.0000	0.0000	0.0000
A0A1S3HAX8_taxID_7574_model	Metazoa	0.0000	1.0000	0.0000	0.0000	0.0000	0.0000
A0A9P4SB82_taxID_1346257_model_A	Fungi	1.0000	0.0000	0.0000	0.0000	0.0000	0.0000
A0A9P3PKR9_taxID_47721_model	Fungi	1.0000	0.0000	0.0000	0.0000	0.0000	0.0000
A0A6J8EA73_taxID_42192_model	Metazoa	0.0000	1.0000	0.0000	0.0000	0.0000	0.0000
A0ABR1FXP3_taxID_44056_model	Other_Eukaryota	0.0000	0.0000	0.0000	0.0000	1.0000	0.0000
A0A2T9XYY4_taxID_133381_model_A	Fungi	1.0000	0.0000	0.0000	0.0000	0.0000	0.0000
A0AAV9WJA4_taxID_47236_model	Fungi	1.0000	0.0000	0.0000	0.0000	0.0000	0.0000
A0ABQ6WQY3_taxID_1825620_model	Fungi	1.0000	0.0000	0.0000	0.0000	0.0000	0.0000
A0ABR1PV21_taxID_335848_model	Fungi	1.0000	0.0000	0.0000	0.0000	0.0000	0.0000
M2RUH5_taxID_665912_model	Fungi	1.0000	0.0000	0.0000	0.0000	0.0000	0.0000
A0A7S1QT39_taxID_2925_model	Unknown	0.0000	0.0000	0.0000	0.0000	0.0000	1.0000
A0A1H8KQ84_taxID_387096_model	Bacteria	0.0000	0.0000	1.0000	0.0000	0.0000	0.0000
A0ABR1UAY0_taxID_990691_model	Fungi	1.0000	0.0000	0.0000	0.0000	0.0000	0.0000
A0A6A6UN72_taxID_703497_model_A	Fungi	1.0000	0.0000	0.0000	0.0000	0.0000	0.0000
A0A3F3Q782_taxID_1341132_model	Unknown	0.0000	0.0000	0.0000	0.0000	0.0000	1.0000
A0A6I4IFE6_taxID_1774945_model_A	Bacteria	0.0000	0.0000	1.0000	0.0000	0.0000	0.0000
A0AAN6TAP9_taxID_2074819_model_A	Fungi	1.0000	0.0000	0.0000	0.0000	0.0000	0.0000
A0ACC2T3L9_taxID_34485_model	Unknown	0.0000	0.0000	0.0000	0.0000	0.0000	1.0000
A0ABR1T5P3_taxID_990691_model_A	Fungi	1.0000	0.0000	0.0000	0.0000	0.0000	0.0000
A0A066RUA7_taxID_1654360_model	Unknown	0.0000	0.0000	0.0000	0.0000	0.0000	1.0000
A0A364L5W2_taxID_1196081_model	Fungi	1.0000	0.0000	0.0000	0.0000	0.0000	0.0000
A0A914E9Y6_taxID_290746_model	Metazoa	0.0000	1.0000	0.0000	0.0000	0.0000	0.0000
A0A4P9YFS3_taxID_988480_model	Fungi	1.0000	0.0000	0.0000	0.0000	0.0000	0.0000
A0A9X8HDI2_taxID_112090_model	Other_Eukaryota	0.0000	0.0000	0.0000	0.0000	1.0000	0.0000
A0AAU9WFJ4_taxID_46732_model	Metazoa	0.0000	1.0000	0.0000	0.0000	0.0000	0.0000
A0A5J5BCR2_taxID_561372_model_A	Viridiplantae	0.0000	0.0000	0.0000	1.0000	0.0000	0.0000
A0A9P6GFF6_taxID_565426_model_A	Fungi	1.0000	0.0000	0.0000	0.0000	0.0000	0.0000
A0A9N8KBE8_taxID_2773714_model	Unknown	0.0000	0.0000	0.0000	0.0000	0.0000	1.0000
A0A9P7UD37_taxID_1209932_model	Fungi	1.0000	0.0000	0.0000	0.0000	0.0000	0.0000
A0A6G0SNM6_taxID_53985_model	Other_Eukaryota	0.0000	0.0000	0.0000	0.0000	1.0000	0.0000
A0A1X7RRH8_taxID_1276538_model_A	Fungi	1.0000	0.0000	0.0000	0.0000	0.0000	0.0000
A0ACC2SFX5_taxID_34485_model	Fungi	1.0000	0.0000	0.0000	0.0000	0.0000	0.0000
A0A1I1WTL0_taxID_32040_model	Bacteria	0.0000	0.0000	1.0000	0.0000	0.0000	0.0000
A0AAN8N9S7_taxID_47235_model	Fungi	1.0000	0.0000	0.0000	0.0000	0.0000	0.0000
A0A8H5L9I1_taxID_48495_model_A	Fungi	1.0000	0.0000	0.0000	0.0000	0.0000	0.0000
A0A2T9YX01_taxID_133381_model	Fungi	1.0000	0.0000	0.0000	0.0000	0.0000	0.0000
A0A285BU58_taxID_44577_model_A	Bacteria	0.0000	0.0000	1.0000	0.0000	0.0000	0.0000
A0A9N8WL50_taxID_1348616_model	Fungi	1.0000	0.0000	0.0000	0.0000	0.0000	0.0000
A0A2P7NYA8_taxID_2116706_model_A	Bacteria	0.0000	0.0000	1.0000	0.0000	0.0000	0.0000
T5A6R2_taxID_911162_model	Unknown	0.0000	0.0000	0.0000	0.0000	0.0000	1.0000
A0A930VBG0_taxID_433663_model_A	Bacteria	0.0000	0.0000	1.0000	0.0000	0.0000	0.0000
A0ABR1FVJ0_taxID_44056_model	Unknown	0.0000	0.0000	0.0000	0.0000	0.0000	1.0000
A0ABN8M8J6_taxID_104178_model	Metazoa	0.0000	1.0000	0.0000	0.0000	0.0000	0.0000
A0AAD5U6Y0_taxID_447962_model	Fungi	1.0000	0.0000	0.0000	0.0000	0.0000	0.0000
A0A074ZDD7_taxID_6198_model	Unknown	0.0000	0.0000	0.0000	0.0000	0.0000	1.0000
A0AAV4IQ38_taxID_1093978_model	Unknown	0.0000	0.0000	0.0000	0.0000	0.0000	1.0000
A0A914HY03_taxID_31243_model	Metazoa	0.0000	1.0000	0.0000	0.0000	0.0000	0.0000
A0A9Q3F7G7_taxID_1389203_model_A	Fungi	1.0000	0.0000	0.0000	0.0000	0.0000	0.0000
A0AAD6NB37_taxID_5083_model_A	Fungi	1.0000	0.0000	0.0000	0.0000	0.0000	0.0000
A0A1G7EVK2_taxID_641691_model_A	Unknown	0.0000	0.0000	0.0000	0.0000	0.0000	1.0000
A0A7C8TZL1_taxID_2813651_model	Fungi	1.0000	0.0000	0.0000	0.0000	0.0000	0.0000
A0A2A6BT42_taxID_54126_model	Metazoa	0.0000	1.0000	0.0000	0.0000	0.0000	0.0000
A0A8H6Q3V1_taxID_1287682_model	Fungi	1.0000	0.0000	0.0000	0.0000	0.0000	0.0000
A0ABR1S703_taxID_335849_model	Fungi	1.0000	0.0000	0.0000	0.0000	0.0000	0.0000
A0A396ZRZ2_taxID_112090_model	Other_Eukaryota	0.0000	0.0000	0.0000	0.0000	1.0000	0.0000
A0A0P7APX3_taxID_78410_model	Fungi	1.0000	0.0000	0.0000	0.0000	0.0000	0.0000
B5RHQ6_taxID_515353_model	Metazoa	0.0000	1.0000	0.0000	0.0000	0.0000	0.0000
A0ABP2BNE3_taxID_1183428_model	Unknown	0.0000	0.0000	0.0000	0.0000	0.0000	1.0000
A0A010RYF3_taxID_1445577_model_A	Fungi	1.0000	0.0000	0.0000	0.0000	0.0000	0.0000
C9SDX6_taxID_526221_model	Unknown	0.0000	0.0000	0.0000	0.0000	0.0000	1.0000
A0A8S3ZX52_taxID_100452_model	Metazoa	0.0000	1.0000	0.0000	0.0000	0.0000	0.0000
A0A9W8LUA5_taxID_2761395_model	Fungi	1.0000	0.0000	0.0000	0.0000	0.0000	0.0000
A0AAV9UJ91_taxID_3140254_model_A	Fungi	1.0000	0.0000	0.0000	0.0000	0.0000	0.0000
D5GIK5_taxID_656061_model	Fungi	1.0000	0.0000	0.0000	0.0000	0.0000	0.0000
A0ABQ8FNS5_taxID_1357716_model	Fungi	1.0000	0.0000	0.0000	0.0000	0.0000	0.0000
A0A6J8ECF0_taxID_42192_model	Metazoa	0.0000	1.0000	0.0000	0.0000	0.0000	0.0000
Q2HCB5_taxID_306901_model_A	Fungi	1.0000	0.0000	0.0000	0.0000	0.0000	0.0000
A0A2T6ZI61_taxID_42251_model	Fungi	1.0000	0.0000	0.0000	0.0000	0.0000	0.0000
D3BV93_taxID_670386_model_A	Unknown	0.0000	0.0000	0.0000	0.0000	0.0000	1.0000
A0A4E9FIB1_taxID_6279_model	Unknown	0.0000	0.0000	0.0000	0.0000	0.0000	1.0000
A0ABR1G7G6_taxID_44056_model	Other_Eukaryota	0.0000	0.0000	0.0000	0.0000	1.0000	0.0000
A0A484G057_taxID_1213857_model	Unknown	0.0000	0.0000	0.0000	0.0000	0.0000	1.0000
A0A8H4RCD7_taxID_354080_model	Fungi	1.0000	0.0000	0.0000	0.0000	0.0000	0.0000
W2TLA4_taxID_51031_model	Metazoa	0.0000	1.0000	0.0000	0.0000	0.0000	0.0000
A0A0C2W7D5_taxID_933852_model	Fungi	1.0000	0.0000	0.0000	0.0000	0.0000	0.0000
A0ACC2T3B9_taxID_34485_model	Fungi	1.0000	0.0000	0.0000	0.0000	0.0000	0.0000
A0A835YKM2_taxID_303371_model	Other_Eukaryota	0.0000	0.0000	0.0000	0.0000	1.0000	0.0000
A0A8H3A1U9_taxID_456999_model	Fungi	1.0000	0.0000	0.0000	0.0000	0.0000	0.0000
A0A2L2XEG7_taxID_1898651_model_A	Bacteria	0.0000	0.0000	1.0000	0.0000	0.0000	0.0000
A0AA40DQR4_taxID_260670_model_A	Fungi	1.0000	0.0000	0.0000	0.0000	0.0000	0.0000
A0A8K1FHV1_taxID_41045_model	Other_Eukaryota	0.0000	0.0000	0.0000	0.0000	1.0000	0.0000
A0A562SAP7_taxID_510947_model_A	Bacteria	0.0000	0.0000	1.0000	0.0000	0.0000	0.0000
A0A915K057_taxID_13658_model	Metazoa	0.0000	1.0000	0.0000	0.0000	0.0000	0.0000
A0A6V7X733_taxID_390850_model	Metazoa	0.0000	1.0000	0.0000	0.0000	0.0000	0.0000
A0A9I9CEY5_taxID_3656_model	Viridiplantae	0.0000	0.0000	0.0000	1.0000	0.0000	0.0000
A0A016T0A5_taxID_53326_model	Metazoa	0.0000	1.0000	0.0000	0.0000	0.0000	0.0000
A0ABT9JGD5_taxID_3064387_model_A	Bacteria	0.0000	0.0000	1.0000	0.0000	0.0000	0.0000
A0A139HFA6_taxID_321146_model_A	Fungi	1.0000	0.0000	0.0000	0.0000	0.0000	0.0000
A0AAE0JEM3_taxID_94610_model	Fungi	1.0000	0.0000	0.0000	0.0000	0.0000	0.0000
A0A232M3P4_taxID_519963_model	Unknown	0.0000	0.0000	0.0000	0.0000	0.0000	1.0000
A0A3P3YJL1_taxID_37360_model_A	Unknown	0.0000	0.0000	0.0000	0.0000	0.0000	1.0000
A0A8S3RAB7_taxID_6550_model	Metazoa	0.0000	1.0000	0.0000	0.0000	0.0000	0.0000
A0A7S2JHQ4_taxID_1333877_model	Unknown	0.0000	0.0000	0.0000	0.0000	0.0000	1.0000
A0AAD4GWA3_taxID_2582783_model_A	Fungi	1.0000	0.0000	0.0000	0.0000	0.0000	0.0000
A0A5N6JRM5_taxID_61186_model	Fungi	1.0000	0.0000	0.0000	0.0000	0.0000	0.0000
A0A4U0VC90_taxID_329885_model_A	Unknown	0.0000	0.0000	0.0000	0.0000	0.0000	1.0000
A0AAE4A194_taxID_587534_model_A	Bacteria	0.0000	0.0000	1.0000	0.0000	0.0000	0.0000
A0A1V6T2W4_taxID_254877_model	Fungi	1.0000	0.0000	0.0000	0.0000	0.0000	0.0000
A0AAF5RUD6_taxID_6293_model	Metazoa	0.0000	1.0000	0.0000	0.0000	0.0000	0.0000
A0A1Y2HJL8_taxID_765915_model	Fungi	1.0000	0.0000	0.0000	0.0000	0.0000	0.0000
A0A9W8MAQ6_taxID_2828524_model_A	Fungi	1.0000	0.0000	0.0000	0.0000	0.0000	0.0000
A0AAD7UG45_taxID_2483200_model	Other_Eukaryota	0.0000	0.0000	0.0000	0.0000	1.0000	0.0000
A0A0C3Q4S8_taxID_1051891_model	Fungi	1.0000	0.0000	0.0000	0.0000	0.0000	0.0000
A0A5N5QPL6_taxID_1582974_model	Fungi	1.0000	0.0000	0.0000	0.0000	0.0000	0.0000
A0A6B2LE82_taxID_1963864_model	Unknown	0.0000	0.0000	0.0000	0.0000	0.0000	1.0000
A0A6A4ZEX0_taxID_120398_model_A	Other_Eukaryota	0.0000	0.0000	0.0000	0.0000	1.0000	0.0000
A0A0D2JSE2_taxID_1442371_model	Fungi	1.0000	0.0000	0.0000	0.0000	0.0000	0.0000
A0A2T7PF41_taxID_400727_model	Metazoa	0.0000	1.0000	0.0000	0.0000	0.0000	0.0000
A0A177E2Y1_taxID_5599_model	Fungi	1.0000	0.0000	0.0000	0.0000	0.0000	0.0000
A0ABY7ESX1_taxID_6604_model	Metazoa	0.0000	1.0000	0.0000	0.0000	0.0000	0.0000
A0ABR4EPU0_taxID_105482_model_A	Unknown	0.0000	0.0000	0.0000	0.0000	0.0000	1.0000
A0A8H4YZH8_taxID_48485_model	Fungi	1.0000	0.0000	0.0000	0.0000	0.0000	0.0000
A0A1Y2CTX0_taxID_329046_model	Fungi	1.0000	0.0000	0.0000	0.0000	0.0000	0.0000
A0A9P8ZYD0_taxID_152316_model	Fungi	1.0000	0.0000	0.0000	0.0000	0.0000	0.0000
A0ACC2JI51_taxID_1108764_model	Fungi	1.0000	0.0000	0.0000	0.0000	0.0000	0.0000
A0ABW4XFF4_taxID_2259033_model	Bacteria	0.0000	0.0000	1.0000	0.0000	0.0000	0.0000
A0A397IQP5_taxID_1348612_model	Unknown	0.0000	0.0000	0.0000	0.0000	0.0000	1.0000
A0A8J3BUV9_taxID_53372_model_A	Bacteria	0.0000	0.0000	1.0000	0.0000	0.0000	0.0000
A0AAV9VLZ7_taxID_1796055_model	Fungi	1.0000	0.0000	0.0000	0.0000	0.0000	0.0000
V4A5X3_taxID_225164_model_A	Metazoa	0.0000	1.0000	0.0000	0.0000	0.0000	0.0000
A0A4Y9SBZ4_taxID_2561931_model_A	Bacteria	0.0000	0.0000	1.0000	0.0000	0.0000	0.0000
A0AA88Y482_taxID_66713_model	Metazoa	0.0000	1.0000	0.0000	0.0000	0.0000	0.0000
A0A420RTM5_taxID_5507_model	Fungi	1.0000	0.0000	0.0000	0.0000	0.0000	0.0000
A0A9P7H0N9_taxID_40199_model	Fungi	1.0000	0.0000	0.0000	0.0000	0.0000	0.0000
A0A098VS40_taxID_1485682_model	Fungi	1.0000	0.0000	0.0000	0.0000	0.0000	0.0000
A0A2N5U4U9_taxID_200324_model	Unknown	0.0000	0.0000	0.0000	0.0000	0.0000	1.0000
A0ABR4NFM0_taxID_2732419_model	Fungi	1.0000	0.0000	0.0000	0.0000	0.0000	0.0000
A0A1Y2CTW7_taxID_329046_model	Unknown	0.0000	0.0000	0.0000	0.0000	0.0000	1.0000
A0A317SBD7_taxID_42249_model	Fungi	1.0000	0.0000	0.0000	0.0000	0.0000	0.0000
A0A8B6G957_taxID_29158_model_A	Metazoa	0.0000	1.0000	0.0000	0.0000	0.0000	0.0000
A0A4P9YFJ7_taxID_988480_model	Fungi	1.0000	0.0000	0.0000	0.0000	0.0000	0.0000
A0A8H7E8W0_taxID_1187904_model	Fungi	1.0000	0.0000	0.0000	0.0000	0.0000	0.0000
A0A8S3THT1_taxID_6550_model	Metazoa	0.0000	1.0000	0.0000	0.0000	0.0000	0.0000
A0A4S4MA69_taxID_1095465_model	Fungi	1.0000	0.0000	0.0000	0.0000	0.0000	0.0000
A0A9P4NQG6_taxID_1048955_model_A	Unknown	0.0000	0.0000	0.0000	0.0000	0.0000	1.0000
A0A8H7LVB4_taxID_456999_model	Fungi	1.0000	0.0000	0.0000	0.0000	0.0000	0.0000
A0AAD4F826_taxID_669026_model_A	Fungi	1.0000	0.0000	0.0000	0.0000	0.0000	0.0000
A0A8H3AAQ4_taxID_456999_model	Fungi	1.0000	0.0000	0.0000	0.0000	0.0000	0.0000
A0A0F7RVY0_taxID_49012_model_A	Fungi	1.0000	0.0000	0.0000	0.0000	0.0000	0.0000
A0AA39UQR7_taxID_153913_model_A	Fungi	1.0000	0.0000	0.0000	0.0000	0.0000	0.0000
A0AAD8WMF1_taxID_4521_model_A	Viridiplantae	0.0000	0.0000	0.0000	1.0000	0.0000	0.0000
W4H234_taxID_112090_model	Other_Eukaryota	0.0000	0.0000	0.0000	0.0000	1.0000	0.0000
T1KFL4_taxID_32264_model	Metazoa	0.0000	1.0000	0.0000	0.0000	0.0000	0.0000
A0A2G5BDP2_taxID_763665_model_A	Fungi	1.0000	0.0000	0.0000	0.0000	0.0000	0.0000
A0A014PNW6_taxID_568076_model_A	Fungi	1.0000	0.0000	0.0000	0.0000	0.0000	0.0000
A0A6I3M9Z3_taxID_88376_model_A	Bacteria	0.0000	0.0000	1.0000	0.0000	0.0000	0.0000
A0A9W3GC27_taxID_9837_model	Metazoa	0.0000	1.0000	0.0000	0.0000	0.0000	0.0000
A0A158P622_taxID_6313_model	Metazoa	0.0000	1.0000	0.0000	0.0000	0.0000	0.0000
A0AAU9XFP2_taxID_46732_model	Metazoa	0.0000	1.0000	0.0000	0.0000	0.0000	0.0000
A0A0R0LTG5_taxID_146866_model	Fungi	1.0000	0.0000	0.0000	0.0000	0.0000	0.0000
A0ACC1PD21_taxID_42375_model	Fungi	1.0000	0.0000	0.0000	0.0000	0.0000	0.0000
F0YBG0_taxID_44056_model	Unknown	0.0000	0.0000	0.0000	0.0000	0.0000	1.0000
A0A9P4TTN6_taxID_1048955_model	Fungi	1.0000	0.0000	0.0000	0.0000	0.0000	0.0000
A0ABN6PW21_taxID_449208_model	Bacteria	0.0000	0.0000	1.0000	0.0000	0.0000	0.0000
A0A9P4TEG7_taxID_90978_model_A	Fungi	1.0000	0.0000	0.0000	0.0000	0.0000	0.0000
N1RTX1_taxID_2502994_model	Fungi	1.0000	0.0000	0.0000	0.0000	0.0000	0.0000
A0A6P2D548_taxID_1210884_model	Unknown	0.0000	0.0000	0.0000	0.0000	0.0000	1.0000
A0A914S644_taxID_6256_model	Unknown	0.0000	0.0000	0.0000	0.0000	0.0000	1.0000
A0A8H7B393_taxID_1187904_model_A	Fungi	1.0000	0.0000	0.0000	0.0000	0.0000	0.0000
A0A074RXE5_taxID_1423351_model_A	Fungi	1.0000	0.0000	0.0000	0.0000	0.0000	0.0000
