member,accession,cterm_len,n_seg,status
A0AAJ0MJ41_taxID_260671_model_A,A0AAJ0MJ41,306,1,ok
A0A022Y7J2_taxID_1215331_model_A,A0A022Y7J2,224,1,ok
A0A022WGP6_taxID_1215330_model_A,A0A022WGP6,224,1,ok
A0A0G2I941_taxID_73230_model,A0A0G2I941,218,1,ok
A0A178EW52_taxID_5551_model_A,A0A178EW52,224,1,ok
A0A178FCH7_taxID_34388_model_A,A0A178FCH7,224,1,ok
A0A179UBU9_taxID_559298_model,A0A179UBU9,217,1,ok
A0A1J9Q3N9_taxID_1447872_model,A0A1J9Q3N9,222,1,ok
A0A1J9QK96_taxID_1658174_model,A0A1J9QK96,218,1,ok
A0A2B7X1D4_taxID_2060905_model,A0A2B7X1D4,222,1,ok
A0A2B7Y2D7_taxID_1447875_model,A0A2B7Y2D7,239,1,ok
A0A2B7Z651_taxID_73230_model,A0A2B7Z651,217,1,ok
A0A8A1M824_taxID_5037_model,A0A8A1M824,227,1,ok
A0A8H7YES8_taxID_5037_model,A0A8H7YES8,223,1,ok
A0ABX2VUI5_taxID_559297_model,A0ABX2VUI5,223,1,ok
C0NAP3_taxID_447093_model,C0NAP3,223,1,ok
C5FTV9_taxID_554155_model_A,C5FTV9,196,1,ok
C6H4P2_taxID_544712_model,C6H4P2,218,1,ok
E4V2N9_taxID_535722_model_A,E4V2N9,216,1,ok
F0UIU7_taxID_544711_model,F0UIU7,218,1,ok
F2PWT3_taxID_559882_model_A,F2PWT3,224,1,ok
F2S706_taxID_647933_model_A,F2S706,224,1,ok
F2T308_taxID_653446_model,F2T308,222,1,ok
A0A024SJR1_taxID_1344414_model,A0A024SJR1,131,1,ok
A0A2H3ABG1_taxID_858221_model,A0A2H3ABG1,128,1,ok
A0A2T4C3Y5_taxID_983965_model,A0A2T4C3Y5,132,1,ok
A0ABY2GWW1_taxID_65468_model,A0ABY2GWW1,132,1,ok
A0ZXZ4_taxID_51453_model,A0ZXZ4,131,1,ok
G0RC29_taxID_431241_model,G0RC29,131,1,ok
A0A060S6S8_taxID_5643_model,A0A060S6S8,101,1,ok
A0A061HFI6_taxID_1268274_model,A0A061HFI6,178,1,ok
A0A0B1PD39_taxID_52586_model,A0A0B1PD39,183,1,ok
A0A383USX8_taxID_2867405_model,A0A383USX8,175,1,ok
A0A420HKD2_taxID_212602_model_A,A0A420HKD2,186,1,ok
A0A9W4D5A3_taxID_1689686_model,A0A9W4D5A3,178,1,ok
A0A9X9ML42_taxID_62690_model,A0A9X9ML42,178,1,ok
N1J7U8_taxID_546991_model,N1J7U8,174,1,ok
A0A063BRM1_taxID_1159556_model_A,A0A063BRM1,183,1,ok
A0A067PHP8_taxID_933084_model,A0A067PHP8,410,1,ok
A0A067PSS3_taxID_933084_model_A,A0A067PSS3,411,1,ok
A0A067TKM5_taxID_685588_model_A,A0A067TKM5,145,1,ok
A0A074VIF5_taxID_1043003_model,A0A074VIF5,173,1,ok
A0A074WGJ9_taxID_1043004_model,A0A074WGJ9,172,1,ok
A0A084GGH5_taxID_563466_model_A,A0A084GGH5,258,1,ok
A0AAE8MND4_taxID_2041049_model_A,A0AAE8MND4,166,1,ok
A0A086T0Z5_taxID_857340_model,A0A086T0Z5,102,1,ok
A0A090CWC0_taxID_515849_model,A0A090CWC0,120,1,ok
A0A0A1T2S7_taxID_1531966_model_A,A0A0A1T2S7,125,1,ok
A0A0A1T9R6_taxID_1531966_model,A0A0A1T9R6,130,1,ok
A0A0A1TL71_taxID_1531966_model,A0A0A1TL71,131,1,ok
A0A0B2X1U6_taxID_1081103_model,A0A0B2X1U6,116,1,ok
A0A0B4HCA4_taxID_1276136_model,A0A0B4HCA4,120,1,ok
A0A0A1V7Z8_taxID_568076_model,A0A0A1V7Z8,124,1,ok
A0A0B4FP45_taxID_3151832_model,A0A0B4FP45,120,1,ok
A0A0D9P6L9_taxID_1291518_model,A0A0D9P6L9,120,1,ok
A0A179G9B5_taxID_1380566_model,A0A179G9B5,124,1,ok
A0A5C6G6T5_taxID_1649241_model,A0A5C6G6T5,124,1,ok
A0A7D5YXM1_taxID_500148_model,A0A7D5YXM1,120,1,ok
A0A8H4PWQ3_taxID_72228_model,A0A8H4PWQ3,133,1,ok
A0A9P8MJP3_taxID_2596975_model,A0A9P8MJP3,120,1,ok
A0A9P8N5G2_taxID_111463_model,A0A9P8N5G2,127,1,ok
E9DYM0_taxID_655827_model,E9DYM0,124,1,ok
E9EQ45_taxID_655844_model,E9EQ45,124,1,ok
A0A0C2W7D5_taxID_933852_model,A0A0C2W7D5,161,1,ok
A0A0C2WNA9_taxID_946122_model,A0A0C2WNA9,160,1,ok
A0A0C2X1R3_taxID_946122_model_A,A0A0C2X1R3,144,1,ok
A0A0C2YBV3_taxID_76867_model_A,A0A0C2YBV3,145,1,ok
A0A409X545_taxID_93625_model_A,A0A409X545,141,1,ok
A0A5C3M099_taxID_68775_model_A,A0A5C3M099,145,1,ok
A0A9P5PV34_taxID_206335_model,A0A9P5PV34,150,1,ok
A0AAD4QGU7_taxID_416441_model,A0AAD4QGU7,150,1,ok
A0A0C3AKS7_taxID_933852_model_A,A0A0C3AKS7,156,1,ok
A0A0C3ARA1_taxID_933852_model_A,A0A0C3ARA1,155,1,ok
A0A0C3B6I5_taxID_933852_model_A,A0A0C3B6I5,155,1,ok
A0A0C3H1J4_taxID_913774_model,A0A0C3H1J4,160,1,ok
A0A2T3AQ35_taxID_857342_model,A0A2T3AQ35,169,1,ok
A0A0C3LFR5_taxID_1051891_model,A0A0C3LFR5,234,1,ok
A0A0C3NCS7_taxID_745531_model,A0A0C3NCS7,151,1,ok
A0A0C3P2N1_taxID_870435_model_A,A0A0C3P2N1,232,1,ok
A0A0C3Q4S8_taxID_1051891_model,A0A0C3Q4S8,144,1,ok
A0A0C3QVQ1_taxID_1051891_model,A0A0C3QVQ1,76,1,ok
A0A0C3S3B5_taxID_745531_model_A,A0A0C3S3B5,201,1,ok
A0A0C4DX73_taxID_644358_model,A0A0C4DX73,140,1,ok
A0A0C9SUN8_taxID_664439_model,A0A0C9SUN8,404,1,ok
A0A0C9T1I0_taxID_944288_model,A0A0C9T1I0,397,1,ok
A0A0C9TQW6_taxID_664439_model,A0A0C9TQW6,214,1,ok
A0A0C9W3M0_taxID_990650_model_A,A0A0C9W3M0,145,1,ok
A0A0C9W5Z2_taxID_990650_model,A0A0C9W5Z2,207,1,ok
A0A0C9WDK0_taxID_994086_model,A0A0C9WDK0,428,1,ok
A0A0C9WXQ7_taxID_1095629_model,A0A0C9WXQ7,159,1,ok
A0A0D0AL52_taxID_944289_model,A0A0D0AL52,417,1,ok
A0A0D0CBB0_taxID_944289_model_A,A0A0D0CBB0,423,1,ok
A0A0D0AMS9_taxID_944289_model_A,A0A0D0AMS9,425,1,ok
A0ABR1JRU1_taxID_2682957_model_A,A0ABR1JRU1,427,1,ok
A0A0D0E695_taxID_930991_model,A0A0D0E695,417,1,ok
A0A0C9YP62_taxID_765257_model_A,A0A0C9YP62,414,1,ok
A0A0D1ZZE1_taxID_253628_model,A0A0D1ZZE1,146,1,ok
A0A0D2D206_taxID_1851006_model,A0A0D2D206,161,1,ok
A0A0D2IUZ3_taxID_1442371_model,A0A0D2IUZ3,156,1,ok
A0A0D2EZH2_taxID_348802_model_A,A0A0D2EZH2,380,1,ok
A0A0D2JSE2_taxID_1442371_model,A0A0D2JSE2,162,1,ok
A0A0D2MIA5_taxID_945553_model_A,A0A0D2MIA5,144,1,ok
A0A0D2N6P1_taxID_945553_model,A0A0D2N6P1,144,1,ok
A0A9P7UK77_taxID_181124_model,A0A9P7UK77,148,1,ok
A0A0D2P6I0_taxID_945553_model,A0A0D2P6I0,145,1,ok
A0A0D2XZ37_taxID_660025_model_A,A0A0D2XZ37,132,1,ok
A0A0D7AZP4_taxID_1314674_model,A0A0D7AZP4,96,1,ok
A0A0D7BDR1_taxID_1314674_model,A0A0D7BDR1,141,1,ok
A0A0D7AWR7_taxID_1314674_model,A0A0D7AWR7,143,1,ok
A0A0D7BEH6_taxID_1314674_model_A,A0A0D7BEH6,193,1,ok
A0A0D7BKM1_taxID_1314674_model_A,A0A0D7BKM1,181,1,ok
A0A0F2MIH6_taxID_1397361_model,A0A0F2MIH6,117,1,ok
A0A0C2F903_taxID_1398154_model,A0A0C2F903,113,1,ok
U7PUG4_taxID_1391915_model,U7PUG4,180,1,ok
A0A0F4G447_taxID_1047168_model,A0A0F4G447,168,1,ok
A0A0F4ZJV7_taxID_72032_model,A0A0F4ZJV7,222,1,ok
A0A0F7ZGR3_taxID_1043627_model,A0A0F7ZGR3,215,1,ok
A0A0F7ZHW4_taxID_1043627_model,A0A0F7ZHW4,129,1,ok
A0A0F7ZJT6_taxID_1043627_model,A0A0F7ZJT6,125,1,ok
A0A0F7ZKE7_taxID_1043627_model,A0A0F7ZKE7,138,1,ok
A0A0F7ZKL0_taxID_1043627_model,A0A0F7ZKL0,88,1,ok
A0A0F7ZRN8_taxID_1043627_model,A0A0F7ZRN8,131,1,ok
A0A0F7ZUV5_taxID_1043627_model,A0A0F7ZUV5,130,1,ok
A0A0F7ZWF9_taxID_1043627_model,A0A0F7ZWF9,204,1,ok
A0A0F8A039_taxID_1043627_model,A0A0F8A039,146,1,ok
A0A0F8A1R3_taxID_1043627_model,A0A0F8A1R3,129,1,ok
A0A0F9X0I7_taxID_5544_model_A,A0A0F9X0I7,207,1,ok
A0A024S4X8_taxID_1344414_model_A,A0A024S4X8,189,1,ok
A0A1T3CJY3_taxID_1491466_model_A,A0A1T3CJY3,207,1,ok
A0A2H2ZLL5_taxID_858221_model_A,A0A2H2ZLL5,196,1,ok
A0A2K0TNJ3_taxID_5544_model_A,A0A2K0TNJ3,203,1,ok
A0A8G0LIR9_taxID_1491479_model_A,A0A8G0LIR9,207,1,ok
A0A8H4PYE1_taxID_72228_model_A,A0A8H4PYE1,211,1,ok
A0A9P4XFK8_taxID_1567552_model_A,A0A9P4XFK8,207,1,ok
A0A9P8QKR7_taxID_654480_model,A0A9P8QKR7,206,1,ok
A0ABY2H0D1_taxID_65468_model,A0ABY2H0D1,198,1,ok
T5AFN0_taxID_911162_model_A,T5AFN0,211,1,ok
A0A0G2FLP9_taxID_1214573_model,A0A0G2FLP9,228,1,ok
A0A0G2FNI6_taxID_1214573_model_A,A0A0G2FNI6,167,1,ok
A0A0G2GB29_taxID_158046_model,A0A0G2GB29,161,1,ok
A0A0G4KL14_taxID_100787_model_A,A0A0G4KL14,205,1,ok
A0A0G2ICP6_taxID_73230_model,A0A0G2ICP6,440,1,ok
A0A1B7NXV0_taxID_1955775_model,A0A1B7NXV0,462,1,ok
A0A1D2J845_taxID_121759_model,A0A1D2J845,448,1,ok
A0A1J9QCX9_taxID_1447872_model,A0A1J9QCX9,461,1,ok
A0A2B7ZTN1_taxID_73230_model,A0A2B7ZTN1,455,1,ok
A0A3A3A6Z6_taxID_2070753_model,A0A3A3A6Z6,452,1,ok
A0A8H8D6L7_taxID_5037_model,A0A8H8D6L7,256,1,ok
A0ABM9YGV9_taxID_559297_model,A0ABM9YGV9,448,1,ok
C6HJE9_taxID_544712_model,C6HJE9,256,1,ok
F0UIE3_taxID_544711_model,F0UIE3,256,1,ok
A0A0H2RSH5_taxID_27342_model_A,A0A0H2RSH5,175,1,ok
A0A0I9XPQ9_taxID_5127_model,A0A0I9XPQ9,144,1,ok
A0A066Y1V3_taxID_1173701_model,A0A066Y1V3,128,1,ok
A0A0A2VDR5_taxID_1245745_model,A0A0A2VDR5,123,1,ok
A0A0D2XQH2_taxID_660025_model,A0A0D2XQH2,154,1,ok
A0A0F8CNX3_taxID_88771_model,A0A0F8CNX3,129,1,ok
A0A0J9UYA5_taxID_426428_model,A0A0J9UYA5,154,1,ok
A0A151GX82_taxID_98403_model,A0A151GX82,121,1,ok
A0A161WK35_taxID_1573173_model,A0A161WK35,128,1,ok
A0A166UER9_taxID_708197_model,A0A166UER9,124,1,ok
A0A167GD15_taxID_1081107_model,A0A167GD15,146,1,ok
A0A1L7T4C3_taxID_192010_model,A0A1L7T4C3,144,1,ok
A0A1L7V6Z6_taxID_1227346_model,A0A1L7V6Z6,144,1,ok
A0A2C5X0B9_taxID_1035309_model,A0A2C5X0B9,129,1,ok
A0A2H3HNW1_taxID_327505_model,A0A2H3HNW1,155,1,ok
A0A2H3T9N0_taxID_5507_model,A0A2H3T9N0,145,1,ok
A0A2K0WTN0_taxID_42673_model,A0A2K0WTN0,144,1,ok
A0A2S7YK00_taxID_176275_model,A0A2S7YK00,123,1,ok
A0A2T4BCJ5_taxID_58853_model,A0A2T4BCJ5,141,1,ok
A0A365N769_taxID_948311_model,A0A365N769,144,1,ok
A0A3L6NJX0_taxID_396571_model,A0A3L6NJX0,155,1,ok
A0A420NKD4_taxID_5507_model,A0A420NKD4,144,1,ok
A0A420Q5H7_taxID_5507_model,A0A420Q5H7,144,1,ok
A0A4Q2VMI5_taxID_451672_model,A0A4Q2VMI5,144,1,ok
A0A559LGD1_taxID_61366_model,A0A559LGD1,144,1,ok
A0A5C6TKP7_taxID_61366_model,A0A5C6TKP7,145,1,ok
A0A8H4K532_taxID_78861_model,A0A8H4K532,156,1,ok
A0A8H4U9U3_taxID_1208366_model,A0A8H4U9U3,151,1,ok
A0A8H4WPP8_taxID_282569_model,A0A8H4WPP8,144,1,ok
A0A8H4ZRI9_taxID_48485_model,A0A8H4ZRI9,145,1,ok
A0A8H5JP05_taxID_42672_model,A0A8H5JP05,144,1,ok
A0A8H5L5Z4_taxID_56676_model,A0A8H5L5Z4,140,1,ok
A0A8H5MKJ1_taxID_751941_model,A0A8H5MKJ1,144,1,ok
A0A8H5N7W5_taxID_47803_model,A0A8H5N7W5,144,1,ok
A0A8H5NML4_taxID_48495_model,A0A8H5NML4,144,1,ok
A0A8H5RV81_taxID_1567544_model,A0A8H5RV81,158,1,ok
A0A8H5U9E2_taxID_48490_model,A0A8H5U9E2,144,1,ok
A0A8H5V2R6_taxID_42677_model,A0A8H5V2R6,145,1,ok
A0A8H5WWF5_taxID_48507_model,A0A8H5WWF5,142,1,ok
A0A8H5Y400_taxID_78864_model,A0A8H5Y400,144,1,ok
A0A8H6DL01_taxID_1567541_model,A0A8H6DL01,144,1,ok
A0A8H6LM81_taxID_100902_model,A0A8H6LM81,144,1,ok
A0A8J5P8T9_taxID_485398_model,A0A8J5P8T9,144,1,ok
A0A8J5Q6Q8_taxID_96318_model,A0A8J5Q6Q8,144,1,ok
A0A8J5TY63_taxID_96318_model,A0A8J5TY63,144,1,ok
A0A9P5BHQ5_taxID_1803897_model,A0A9P5BHQ5,158,1,ok
A0A9P8ISW1_taxID_1042133_model,A0A9P8ISW1,144,1,ok
A0A9P9EP06_taxID_307937_model,A0A9P9EP06,139,1,ok
A0A9P9HQ61_taxID_48865_model,A0A9P9HQ61,140,1,ok
A0A9P9XGQ0_taxID_1671311_model,A0A9P9XGQ0,128,1,ok
A0A9Q8WPZ0_taxID_145971_model,A0A9Q8WPZ0,148,1,ok
A0A9W8VKQ3_taxID_1237075_model,A0A9W8VKQ3,157,1,ok
A0AA40A5J6_taxID_1954250_model,A0AA40A5J6,145,1,ok
A0AAD8PZ48_taxID_681940_model,A0AAD8PZ48,149,1,ok
A0AAD9HLY9_taxID_1216348_model,A0AAD9HLY9,128,1,ok
A0AAE8M9M2_taxID_33205_model,A0AAE8M9M2,140,1,ok
A0AAV9HP34_taxID_585594_model,A0AAV9HP34,141,1,ok
A0AAW0RYN0_taxID_1069075_model,A0AAW0RYN0,157,1,ok
A0ABQ9RFY5_taxID_1209934_model,A0ABQ9RFY5,128,1,ok
A0ABR3YKV9_taxID_259994_model,A0ABR3YKV9,129,1,ok
A0ACC1R809_taxID_468837_model_A,A0ACC1R809,144,1,ok
E3QRP6_taxID_645133_model,E3QRP6,128,1,ok
F9FL94_taxID_660025_model,F9FL94,144,1,ok
J4UKG1_taxID_655819_model,J4UKG1,123,1,ok
N4UYU1_taxID_1229664_model,N4UYU1,144,1,ok
S0DPA1_taxID_1279085_model,S0DPA1,144,1,ok
W7M3P7_taxID_334819_model,W7M3P7,144,1,ok
W9ISQ6_taxID_660029_model,W9ISQ6,144,1,ok
W9KDI6_taxID_660027_model,W9KDI6,144,1,ok
W9PYD6_taxID_1080344_model,W9PYD6,144,1,ok
X0AR38_taxID_1089452_model,X0AR38,154,1,ok
X0B1M4_taxID_1089458_model,X0B1M4,144,1,ok
X0CST3_taxID_1089458_model,X0CST3,144,1,ok
X0IJ43_taxID_1089457_model,X0IJ43,144,1,ok
X0KV92_taxID_1089449_model,X0KV92,140,1,ok
X0L1X5_taxID_1089451_model,X0L1X5,145,1,ok
X0M106_taxID_1089449_model,X0M106,144,1,ok
A0A0J6YFZ0_taxID_404692_model,A0A0J6YFZ0,189,1,ok
A0A0J8QZ21_taxID_454286_model,A0A0J8QZ21,133,1,ok
A0A0J8RYC4_taxID_396776_model,A0A0J8RYC4,216,1,ok
A0ACB8V0J7_taxID_1387563_model,A0ACB8V0J7,231,1,ok
C5PBC3_taxID_222929_model,C5PBC3,189,1,ok
E9DGK7_taxID_443226_model,E9DGK7,189,1,ok
J3K3P9_taxID_246410_model,J3K3P9,189,1,ok
A0A0J9END7_taxID_653446_model,A0A0J9END7,388,1,ok
A0A0G2I8P6_taxID_73230_model,A0A0G2I8P6,378,1,ok
A0A0H1B4Y0_taxID_2060906_model,A0A0H1B4Y0,387,1,ok
A0A179UUW6_taxID_559298_model,A0A179UUW6,388,1,ok
A0A1B7NYA4_taxID_1955775_model,A0A1B7NYA4,386,1,ok
A0A1D2JJY4_taxID_121759_model,A0A1D2JJY4,388,1,ok
A0A1J9P4E5_taxID_1447872_model,A0A1J9P4E5,378,1,ok
A0A1J9R8T8_taxID_1658174_model,A0A1J9R8T8,377,1,ok
A0A2B7XVW2_taxID_1447875_model,A0A2B7XVW2,377,1,ok
A0A2B7ZD97_taxID_73230_model,A0A2B7ZD97,377,1,ok
A0A8A1L447_taxID_544711_model,A0A8A1L447,377,1,ok
A0A8H7YT13_taxID_5037_model,A0A8H7YT13,378,1,ok
A0ABP2EPS6_taxID_559297_model,A0ABP2EPS6,386,1,ok
C1G320_taxID_502780_model,C1G320,387,1,ok
C1H6P8_taxID_502779_model,C1H6P8,377,1,ok
A0A0K6G833_taxID_456999_model_A,A0A0K6G833,466,1,ok
A0A8H2XZI9_taxID_456999_model_A,A0A8H2XZI9,466,1,ok
A0A0M8N0I4_taxID_150374_model,A0A0M8N0I4,146,1,ok
A0A0U1M7Z5_taxID_28573_model_A,A0A0U1M7Z5,218,1,ok
A0A0A2JBW7_taxID_27334_model_A,A0A0A2JBW7,386,1,ok
A0A135LG02_taxID_5078_model,A0A135LG02,390,1,ok
A0A167UWJ4_taxID_5076_model,A0A167UWJ4,387,1,ok
A0A1V6T290_taxID_254877_model,A0A1V6T290,387,1,ok
A0A1V6TP25_taxID_303698_model,A0A1V6TP25,385,1,ok
A0A1V6XP46_taxID_60175_model,A0A1V6XP46,387,1,ok
A0A9W9FEI0_taxID_1131581_model,A0A9W9FEI0,388,1,ok
A0A9W9MFP2_taxID_2972120_model,A0A9W9MFP2,389,1,ok
A0A9X0BRX4_taxID_1303715_model,A0A9X0BRX4,390,1,ok
A0AAD6D6A6_taxID_3151616_model,A0AAD6D6A6,389,1,ok
A0ABQ8WGD7_taxID_5076_model,A0ABQ8WGD7,387,1,ok
A0ABR4G5U9_taxID_714993_model,A0ABR4G5U9,387,1,ok
A0ABR4HCD2_taxID_176169_model,A0ABR4HCD2,373,1,ok
A0ABR4L7P9_taxID_176178_model,A0ABR4L7P9,387,1,ok
B6HML8_taxID_500485_model,B6HML8,387,1,ok
A0A135RW48_taxID_703756_model_A,A0A135RW48,357,1,ok
A0A136IPD1_taxID_196109_model,A0A136IPD1,423,1,ok
A0A139H2H4_taxID_321146_model,A0A139H2H4,171,1,ok
A0A139HS50_taxID_113226_model_A,A0A139HS50,197,1,ok
A0A139GZD1_taxID_321146_model_A,A0A139GZD1,197,1,ok
A0A8H6RGS3_taxID_685502_model_A,A0A8H6RGS3,197,1,ok
A0A139I0D1_taxID_113226_model,A0A139I0D1,147,1,ok
A0A139IGI5_taxID_113226_model,A0A139IGI5,184,1,ok
A0A151GMN0_taxID_98403_model,A0A151GMN0,122,1,ok
A0A161VWW8_taxID_708197_model_A,A0A161VWW8,186,1,ok
A0A162KDQ5_taxID_1081102_model_A,A0A162KDQ5,208,1,ok
A0A163EMQ2_taxID_5454_model,A0A163EMQ2,227,1,ok
A0A164PRN3_taxID_1314777_model_A,A0A164PRN3,373,1,ok
A0A164RAH3_taxID_1314777_model,A0A164RAH3,217,1,ok
A0A166DTI6_taxID_1314776_model_A,A0A166DTI6,217,1,ok
A0A164TCQ0_taxID_1314777_model,A0A164TCQ0,383,1,ok
A0A166EDE1_taxID_1314776_model,A0A166EDE1,383,1,ok
A0A165BB62_taxID_1314785_model,A0A165BB62,150,1,ok
A0A165FWQ7_taxID_1314781_model,A0A165FWQ7,275,1,ok
A0A165R782_taxID_1314783_model_A,A0A165R782,139,1,ok
A0A166C3P3_taxID_1759441_model,A0A166C3P3,440,1,ok
A0A166DTU7_taxID_1314776_model_A,A0A166DTU7,186,1,ok
A0A164RA64_taxID_1314777_model_A,A0A164RA64,192,1,ok
A0A166DZ37_taxID_1314776_model_A,A0A166DZ37,350,1,ok
A0A166DZK8_taxID_1314776_model,A0A166DZK8,379,1,ok
A0A166DZM7_taxID_1314776_model_A,A0A166DZM7,389,1,ok
A0A164PTP3_taxID_1314777_model_A,A0A164PTP3,385,1,ok
A0A166E746_taxID_1759441_model_A,A0A166E746,89,1,ok
A0A166F1S8_taxID_1759441_model,A0A166F1S8,273,1,ok
A0A166CLK7_taxID_1759441_model,A0A166CLK7,265,1,ok
A0A167H3K1_taxID_1330018_model_A,A0A167H3K1,441,1,ok
A0A165J5C9_taxID_1353952_model_A,A0A165J5C9,436,1,ok
M5G7D8_taxID_1858805_model_A,M5G7D8,441,1,ok
A0A167LSW1_taxID_1081102_model,A0A167LSW1,127,1,ok
A0A167YJN6_taxID_1081109_model,A0A167YJN6,137,1,ok
A0A168D8M7_taxID_1081104_model,A0A168D8M7,133,1,ok
A0A175VT74_taxID_100816_model_A,A0A175VT74,280,1,ok
A0A177CUZ4_taxID_1460663_model,A0A177CUZ4,231,1,ok
A0A177D9T1_taxID_5599_model,A0A177D9T1,186,1,ok
A0A177DHU3_taxID_5599_model,A0A177DHU3,221,1,ok
A0A179EWV4_taxID_1380566_model,A0A179EWV4,124,1,ok
A0A179G2Q4_taxID_1380566_model,A0A179G2Q4,124,1,ok
A0A179I3R8_taxID_2714763_model,A0A179I3R8,144,1,ok
A0A168EW41_taxID_1081108_model,A0A168EW41,141,1,ok
A0A9W8QL67_taxID_2231603_model,A0A9W8QL67,123,1,ok
A0A179IC64_taxID_2714763_model_A,A0A179IC64,134,1,ok
A0A194VQC6_taxID_578113_model_A,A0A194VQC6,184,1,ok
A0A194X431_taxID_149040_model,A0A194X431,270,1,ok
A0A194XE82_taxID_149040_model,A0A194XE82,187,1,ok
A0A194XJ83_taxID_149040_model,A0A194XJ83,182,1,ok
A0A194XN78_taxID_149040_model,A0A194XN78,209,1,ok
A0A1B5KYY4_taxID_1159556_model,A0A1B5KYY4,123,1,ok
A0A1B7P2S2_taxID_1955775_model,A0A1B7P2S2,225,1,ok
A0A1B7Y8K3_taxID_759273_model_A,A0A1B7Y8K3,180,1,ok
A0A1B8AHN9_taxID_36050_model,A0A1B8AHN9,464,1,ok
A0A1C7MJW4_taxID_5627_model,A0A1C7MJW4,149,1,ok
A0A679EKP8_taxID_5627_model,A0A679EKP8,149,1,ok
A0A679FRT0_taxID_5627_model,A0A679FRT0,149,1,ok
A0A1E1JS04_taxID_2792576_model_A,A0A1E1JS04,323,1,ok
A0A1E1JSY2_taxID_914238_model,A0A1E1JSY2,323,1,ok
A0A1E1M8A8_taxID_38038_model_A,A0A1E1M8A8,323,1,ok
A0A1E1JXU9_taxID_2792576_model_A,A0A1E1JXU9,167,1,ok
A0A1E1KU53_taxID_914238_model_A,A0A1E1KU53,167,1,ok
A0A1E1MGK4_taxID_38038_model,A0A1E1MGK4,146,1,ok
A0A8H7WJ80_taxID_108018_model,A0A8H7WJ80,146,1,ok
A0ABR4CCE3_taxID_86028_model,A0ABR4CCE3,146,1,ok
A0A1E1LTR2_taxID_2792576_model,A0A1E1LTR2,184,1,ok
A0A1E1MFI0_taxID_38038_model,A0A1E1MFI0,184,1,ok
A0A1E3B9D8_taxID_573508_model,A0A1E3B9D8,363,1,ok
A0A7R7ZNQ8_taxID_182096_model,A0A7R7ZNQ8,363,1,ok
A0ABQ6WCU9_taxID_1825620_model,A0ABQ6WCU9,363,1,ok
A0A1J7J6R4_taxID_1408157_model,A0A1J7J6R4,124,1,ok
A0AAJ0BKJ1_taxID_438768_model,A0AAJ0BKJ1,124,1,ok
A0A1J7JNG9_taxID_1408157_model_A,A0A1J7JNG9,123,1,ok
A0A1J7K3Z8_taxID_1408157_model_A,A0A1J7K3Z8,194,1,ok
A0A1J9Q075_taxID_1658174_model,A0A1J9Q075,226,1,ok
A0A1J9R915_taxID_236234_model,A0A1J9R915,206,1,ok
A0A1J9RHE1_taxID_236234_model,A0A1J9RHE1,293,1,ok
A0A9P7I6A0_taxID_221167_model,A0A9P7I6A0,171,1,ok
S0EMH8_taxID_1279085_model,S0EMH8,162,1,ok
W7N554_taxID_334819_model,W7N554,162,1,ok
A0A1L7WDN4_taxID_576137_model,A0A1L7WDN4,281,1,ok
A0A1L7X762_taxID_576137_model_A,A0A1L7X762,170,1,ok
A0A1L7XV02_taxID_576137_model,A0A1L7XV02,361,1,ok
A0A1L9RA92_taxID_1073089_model,A0A1L9RA92,386,1,ok
A0A1L9SBJ3_taxID_1073090_model_A,A0A1L9SBJ3,395,1,ok
A0A1L9V3Y6_taxID_1160497_model,A0A1L9V3Y6,383,1,ok
A0A1M2V476_taxID_154538_model,A0A1M2V476,207,1,ok
A0A1P8YXV3_taxID_5499_model,A0A1P8YXV3,144,1,ok
A0A1R3RMB5_taxID_602072_model,A0A1R3RMB5,350,1,ok
A0A1S8B2L2_taxID_420778_model,A0A1S8B2L2,83,1,ok
A0A0G2EWS7_taxID_420778_model,A0A0G2EWS7,196,1,ok
A0ABR3TWR8_taxID_856260_model,A0ABR3TWR8,209,1,ok
A0A1U7LR42_taxID_1198029_model,A0A1U7LR42,167,1,ok
A0A1V6R4C4_taxID_29845_model,A0A1V6R4C4,401,1,ok
A0A0A2LDC3_taxID_40296_model,A0A0A2LDC3,389,1,ok
A0A101MLX7_taxID_48697_model,A0A101MLX7,393,1,ok
A0A1V6NBC1_taxID_60169_model,A0A1V6NBC1,390,1,ok
A0A1V6QSQ2_taxID_60172_model,A0A1V6QSQ2,401,1,ok
A0A1V6SJE6_taxID_254877_model,A0A1V6SJE6,401,1,ok
A0A9P5GB19_taxID_36656_model,A0A9P5GB19,393,1,ok
A0A9W9MGJ8_taxID_2972119_model,A0A9W9MGJ8,401,1,ok
A0ABQ8W8T8_taxID_5076_model,A0ABQ8W8T8,389,1,ok
A0A1V8T1G2_taxID_1507870_model,A0A1V8T1G2,166,1,ok
A0A139H8Y2_taxID_321146_model,A0A139H8Y2,147,1,ok
A0A1V8SV31_taxID_1507870_model,A0A1V8SV31,143,1,ok
A0A9Q8UVN4_taxID_5499_model,A0A9Q8UVN4,196,1,ok
M3C9Q8_taxID_692275_model,M3C9Q8,144,1,ok
N1PQK2_taxID_675120_model,N1PQK2,195,1,ok
A0A1V8TJ40_taxID_1507870_model_A,A0A1V8TJ40,200,1,ok
A0A1V8SKS2_taxID_1507870_model,A0A1V8SKS2,150,1,ok
A0A1X6N7P5_taxID_670580_model,A0A1X6N7P5,149,1,ok
A0A8H7NZM8_taxID_104341_model,A0A8H7NZM8,149,1,ok
A0A1X7RWC6_taxID_1276538_model_A,A0A1X7RWC6,211,1,ok
A0A0F4GX97_taxID_1047168_model_A,A0A0F4GX97,211,1,ok
A0A1Y6LLP7_taxID_1276529_model_A,A0A1Y6LLP7,211,1,ok
A0A2H1GKH5_taxID_1276532_model_A,A0A2H1GKH5,211,1,ok
A0A4U0XRL7_taxID_331657_model,A0A4U0XRL7,209,1,ok
A0A5N5DSX3_taxID_45133_model,A0A5N5DSX3,220,1,ok
A0A6G1LLW4_taxID_161662_model,A0A6G1LLW4,208,1,ok
A0A6H0XMS2_taxID_286661_model,A0A6H0XMS2,217,1,ok
A0A9W7SKI7_taxID_418781_model_A,A0A9W7SKI7,208,1,ok
A0AA39YX85_taxID_869390_model,A0AA39YX85,221,1,ok
A0AAN6FGX5_taxID_329885_model,A0AAN6FGX5,195,1,ok
A0AAN6QTW2_taxID_329885_model,A0AAN6QTW2,207,1,ok
A0AAQ3M2U8_taxID_150365_model,A0AAQ3M2U8,207,1,ok
A0AAV9JT62_taxID_1507867_model,A0AAV9JT62,231,1,ok
A0AAV9PAA9_taxID_1690608_model_A,A0AAV9PAA9,202,1,ok
F9XDF3_taxID_336722_model,F9XDF3,202,1,ok
A0A1X7S7T3_taxID_1276538_model,A0A1X7S7T3,148,1,ok
A0A1Y6M338_taxID_1276529_model,A0A1Y6M338,172,1,ok
A0A2H1H541_taxID_1276532_model,A0A2H1H541,172,1,ok
F9XNQ6_taxID_336722_model,F9XNQ6,173,1,ok
A0A1Y1YAL0_taxID_1231657_model_A,A0A1Y1YAL0,176,1,ok
A0A1Y1YGY2_taxID_1231657_model_A,A0A1Y1YGY2,203,1,ok
A0A1Y1ZWF3_taxID_1231657_model,A0A1Y1ZWF3,206,1,ok
A0A1Y2A1T8_taxID_1231657_model_A,A0A1Y2A1T8,308,1,ok
A0A1Y2DTS3_taxID_1141098_model,A0A1Y2DTS3,152,1,ok
A0A1Y2E320_taxID_1141098_model_A,A0A1Y2E320,153,1,ok
A0A1Y2ELF4_taxID_1141098_model,A0A1Y2ELF4,217,1,ok
A0A1Y2J222_taxID_1353009_model_A,A0A1Y2J222,148,1,ok
A0A1Y2M514_taxID_105696_model,A0A1Y2M514,227,1,ok
A0A1Y6LHS4_taxID_1276529_model_A,A0A1Y6LHS4,166,1,ok
A0A0F4H1R9_taxID_1047168_model_A,A0A0F4H1R9,168,1,ok
A0A1X7RS54_taxID_1276538_model_A,A0A1X7RS54,167,1,ok
A0A2H1GCI0_taxID_1276532_model_A,A0A2H1GCI0,166,1,ok
F9X8L4_taxID_336722_model_A,F9X8L4,167,1,ok
A0A1Z5TI13_taxID_1157616_model,A0A1Z5TI13,176,1,ok
A0A1Z5SY64_taxID_1157616_model,A0A1Z5SY64,176,1,ok
A0A2D3VIH6_taxID_112498_model,A0A2D3VIH6,182,1,ok
A0A3M6WCQ4_taxID_91943_model,A0A3M6WCQ4,176,1,ok
A0A3M6ZAS1_taxID_91943_model,A0A3M6ZAS1,176,1,ok
A0A3M7B988_taxID_91943_model,A0A3M7B988,175,1,ok
A0A3M7CAM1_taxID_91943_model,A0A3M7CAM1,176,1,ok
A0A3M7CUY6_taxID_91943_model,A0A3M7CUY6,176,1,ok
A0A3M7DD01_taxID_91943_model,A0A3M7DD01,176,1,ok
A0A3M7DES0_taxID_91943_model,A0A3M7DES0,171,1,ok
A0A3M7FWC7_taxID_91943_model,A0A3M7FWC7,176,1,ok
A0A3M7GIB3_taxID_91943_model,A0A3M7GIB3,176,1,ok
A0A3M7GPD3_taxID_91943_model,A0A3M7GPD3,176,1,ok
A0A3M7H687_taxID_91943_model,A0A3M7H687,176,1,ok
A0A3M7HI73_taxID_91943_model,A0A3M7HI73,176,1,ok
A0A3M7J445_taxID_91943_model,A0A3M7J445,176,1,ok
A0A3M7J601_taxID_91943_model,A0A3M7J601,176,1,ok
A0A4U0TXH3_taxID_706561_model,A0A4U0TXH3,162,1,ok
A0A4U0VJI3_taxID_329885_model,A0A4U0VJI3,147,1,ok
A0A4U0VLB1_taxID_329885_model,A0A4U0VLB1,146,1,ok
A0A4U0XP94_taxID_329884_model,A0A4U0XP94,146,1,ok
A0A6A6CLW1_taxID_1080233_model,A0A6A6CLW1,165,1,ok
A0A8H6RFC0_taxID_685502_model,A0A8H6RFC0,161,1,ok
A0AAE0TRE5_taxID_574656_model,A0AAE0TRE5,162,1,ok
A0AAN6FYD4_taxID_329885_model,A0AAN6FYD4,146,1,ok
A0AAN6JBP9_taxID_329885_model,A0AAN6JBP9,160,1,ok
A0AAN6KNI5_taxID_329885_model,A0AAN6KNI5,163,1,ok
A0AAN6L0X7_taxID_329885_model,A0AAN6L0X7,146,1,ok
A0AAN6L1U7_taxID_329885_model,A0AAN6L1U7,162,1,ok
A0AAN7T7Q9_taxID_1508187_model,A0AAN7T7Q9,161,1,ok
A0AAN7W4P3_taxID_574655_model,A0AAN7W4P3,162,1,ok
A0AAV9JWE2_taxID_1507867_model,A0AAV9JWE2,146,1,ok
A0ABR0E4C7_taxID_395010_model,A0ABR0E4C7,165,1,ok
A0ABR0L4W0_taxID_1507873_model,A0ABR0L4W0,146,1,ok
A0ACC3NHH7_taxID_1690605_model,A0ACC3NHH7,171,1,ok
M2NEU0_taxID_717646_model,M2NEU0,163,1,ok
M3AH24_taxID_383855_model,M3AH24,161,1,ok
A0A232M3P4_taxID_519963_model,A0A232M3P4,168,1,ok
A0A232M6A5_taxID_519963_model_A,A0A232M6A5,158,1,ok
A0A286UXE3_taxID_2282107_model,A0A286UXE3,161,1,ok
A0A286UXH5_taxID_2282107_model,A0A286UXH5,206,1,ok
A0A292PY08_taxID_59557_model,A0A292PY08,177,1,ok
A0A292PZ61_taxID_59557_model_A,A0A292PZ61,166,1,ok
A0A2A9P2X5_taxID_268505_model_A,A0A2A9P2X5,182,1,ok
A0A2A9PFR7_taxID_268505_model,A0A2A9PFR7,118,1,ok
A0A2A9PJB5_taxID_268505_model,A0A2A9PJB5,147,1,ok
A0A2B7X5B2_taxID_2060905_model,A0A2B7X5B2,375,1,ok
A0A2B7YAT8_taxID_1447883_model,A0A2B7YAT8,189,1,ok
A0A2C5XL89_taxID_2004952_model,A0A2C5XL89,117,1,ok
A0A8H4Q5Y0_taxID_2030778_model,A0A8H4Q5Y0,134,1,ok
A0A2C5Y901_taxID_1399860_model_A,A0A2C5Y901,202,1,ok
A0A2C5YFN0_taxID_2004952_model_A,A0A2C5YFN0,140,1,ok
A0A2D3UP66_taxID_112498_model,A0A2D3UP66,193,1,ok
A0A2D3UX83_taxID_112498_model,A0A2D3UX83,189,1,ok
A0A2G5HME4_taxID_122368_model,A0A2G5HME4,190,1,ok
A0A2S6C936_taxID_357750_model,A0A2S6C936,189,1,ok
A0A9P3FEF3_taxID_84275_model,A0A9P3FEF3,190,1,ok
A0A9Q9AYC8_taxID_215465_model,A0A9Q9AYC8,165,1,ok
A0A2G5HVL9_taxID_122368_model,A0A2G5HVL9,235,1,ok
A0A2G8RMK1_taxID_1077348_model,A0A2G8RMK1,150,1,ok
A0A2G8RML5_taxID_1077348_model,A0A2G8RML5,189,1,ok
A0A2H1GNC2_taxID_1276532_model,A0A2H1GNC2,189,1,ok
A0A1Y6LNC1_taxID_1276529_model,A0A1Y6LNC1,177,1,ok
A0A2H3ES32_taxID_47427_model,A0A2H3ES32,228,1,ok
A0A2H3J9C6_taxID_742152_model,A0A2H3J9C6,154,1,ok
A0A2H3JRM0_taxID_742152_model,A0A2H3JRM0,153,1,ok
A0A8H5S8V9_taxID_1567544_model,A0A8H5S8V9,441,1,ok
W7MRZ5_taxID_334819_model,W7MRZ5,425,1,ok
A0A2H4S9K4_taxID_73501_model,A0A2H4S9K4,132,1,ok
A0A2H4SUB3_taxID_73501_model,A0A2H4SUB3,145,1,ok
A0A2I1CEB6_taxID_1392255_model,A0A2I1CEB6,375,1,ok
A0A2J6R1Z2_taxID_1149755_model_A,A0A2J6R1Z2,194,1,ok
A0A2J6SC90_taxID_1149755_model_A,A0A2J6SC90,169,1,ok
A0A2J6SYC9_taxID_1095630_model_A,A0A2J6SYC9,171,1,ok
A0A2J6Q9Y4_taxID_2082293_model_A,A0A2J6Q9Y4,177,1,ok
A0A2J6TH09_taxID_1095630_model,A0A2J6TH09,295,1,ok
A0A2J6PPY7_taxID_2082293_model,A0A2J6PPY7,291,1,ok
A0A2K0WHJ9_taxID_42673_model_A,A0A2K0WHJ9,137,1,ok
A0A0J9VB39_taxID_426428_model,A0A0J9VB39,174,1,ok
A0A2H3H030_taxID_327505_model,A0A2H3H030,174,1,ok
A0A2H3TKE6_taxID_5507_model,A0A2H3TKE6,174,1,ok
A0A420NFD8_taxID_5507_model,A0A420NFD8,174,1,ok
A0A420S8X5_taxID_5507_model,A0A420S8X5,174,1,ok
A0A4Q2VQR4_taxID_451672_model,A0A4Q2VQR4,174,1,ok
A0A559KSM7_taxID_61366_model,A0A559KSM7,174,1,ok
A0A5C6SIN3_taxID_61366_model,A0A5C6SIN3,156,1,ok
A0A8H4JJD2_taxID_78861_model,A0A8H4JJD2,132,1,ok
A0A8H4P2T7_taxID_2364996_model,A0A8H4P2T7,102,1,ok
A0A8H5ACA7_taxID_5507_model,A0A8H5ACA7,174,1,ok
A0A8H5NFC4_taxID_42672_model_A,A0A8H5NFC4,132,1,ok
A0A8H5SCC9_taxID_1567544_model_A,A0A8H5SCC9,335,1,ok
A0A8H5T6U4_taxID_48490_model,A0A8H5T6U4,335,1,ok
A0A8H5V603_taxID_42677_model,A0A8H5V603,174,1,ok
A0A8H6DIP9_taxID_78864_model,A0A8H6DIP9,335,1,ok
A0A8H6GJM5_taxID_100902_model,A0A8H6GJM5,174,1,ok
A0A8J5Q1X9_taxID_96318_model_A,A0A8J5Q1X9,131,1,ok
A0A8J5TR18_taxID_485398_model,A0A8J5TR18,174,1,ok
A0A9P5BDM4_taxID_1803897_model,A0A9P5BDM4,335,1,ok
A0A9P7I402_taxID_221167_model,A0A9P7I402,323,1,ok
A0A9P9GQV0_taxID_48865_model,A0A9P9GQV0,174,1,ok
N1S678_taxID_2502994_model,N1S678,174,1,ok
N4U644_taxID_1229664_model,N4U644,174,1,ok
W7MFI0_taxID_334819_model_A,W7MFI0,130,1,ok
W9HXK8_taxID_660029_model,W9HXK8,174,1,ok
W9JY87_taxID_660027_model,W9JY87,174,1,ok
W9P8N6_taxID_1080344_model_A,W9P8N6,131,1,ok
X0A9J0_taxID_1089452_model,X0A9J0,335,1,ok
X0CLH6_taxID_1089458_model_A,X0CLH6,131,1,ok
X0JEB6_taxID_1089457_model,X0JEB6,174,1,ok
X0K8E5_taxID_1089451_model,X0K8E5,174,1,ok
X0LZC5_taxID_1089449_model,X0LZC5,174,1,ok
A0A2K0WPA0_taxID_42673_model,A0A2K0WPA0,178,1,ok
A0A2K1R0I6_taxID_2082308_model,A0A2K1R0I6,211,1,ok
A0A2N1MNU7_taxID_588596_model,A0A2N1MNU7,271,1,ok
A0A2N3N1M7_taxID_41688_model_A,A0A2N3N1M7,166,1,ok
A0A2N3NGK1_taxID_41688_model,A0A2N3NGK1,210,1,ok
A0A2P4ZJ43_taxID_398673_model_A,A0A2P4ZJ43,210,1,ok
A0A2S4L8N0_taxID_94208_model,A0A2S4L8N0,146,1,ok
A0A2S4PS96_taxID_225359_model_A,A0A2S4PS96,184,1,ok
A0A2T2N6M0_taxID_1448308_model,A0A2T2N6M0,234,1,ok
A0A2T2NGW5_taxID_1448308_model,A0A2T2NGW5,160,1,ok
A0A2T2PBL1_taxID_1448308_model_A,A0A2T2PBL1,317,1,ok
A0A2T3AGW8_taxID_2025994_model_A,A0A2T3AGW8,194,1,ok
A0A2T3BB17_taxID_857342_model,A0A2T3BB17,241,1,ok
A0A2T4AZV3_taxID_58853_model_A,A0A2T4AZV3,187,1,ok
A0A2T4BTU8_taxID_983965_model_A,A0A2T4BTU8,189,1,ok
A0A2T6ZRN0_taxID_42251_model_A,A0A2T6ZRN0,250,1,ok
A0A2T6ZRN3_taxID_42251_model_A,A0A2T6ZRN3,166,1,ok
A0A2V1DAS1_taxID_97972_model_A,A0A2V1DAS1,173,1,ok
A0A2V1DL57_taxID_97972_model,A0A2V1DL57,179,1,ok
A0A2V1DQ54_taxID_97972_model_A,A0A2V1DQ54,206,1,ok
A0A2V1DQK9_taxID_97972_model_A,A0A2V1DQK9,155,1,ok
A0A2V1DZT3_taxID_97972_model,A0A2V1DZT3,196,1,ok
A0A2V1EA28_taxID_97972_model,A0A2V1EA28,217,1,ok
A0A2V1EB40_taxID_97972_model_A,A0A2V1EB40,159,1,ok
A0A7U2FA84_taxID_321614_model,A0A7U2FA84,233,1,ok
Q0U7P7_taxID_321614_model,Q0U7P7,250,1,ok
A0A2Z6S775_taxID_94130_model_A,A0A2Z6S775,333,1,ok
A0A317T4M7_taxID_42249_model_A,A0A317T4M7,161,1,ok
A0A317WUV6_taxID_1448321_model,A0A317WUV6,374,1,ok
A0A317XE17_taxID_1450535_model,A0A317XE17,362,1,ok
A0A319DU28_taxID_1448320_model,A0A319DU28,377,1,ok
A0A364KV05_taxID_1196081_model,A0A364KV05,194,1,ok
A0A698XLH0_taxID_128442_model_A,A0A698XLH0,234,1,ok
B6QJ94_taxID_441960_model_A,B6QJ94,239,1,ok
B8MQC5_taxID_441959_model_A,B8MQC5,223,1,ok
A0A364NH37_taxID_183478_model,A0A364NH37,222,1,ok
A0A6A6S8L1_taxID_1395130_model,A0A6A6S8L1,215,1,ok
A0A7U2FA14_taxID_321614_model,A0A7U2FA14,223,1,ok
A0A9W4U6X2_taxID_1303443_model,A0A9W4U6X2,218,1,ok
A0ACC2IJR9_taxID_749465_model,A0ACC2IJR9,228,1,ok
Q0UNZ8_taxID_321614_model,Q0UNZ8,223,1,ok
A0A1L7TGL4_taxID_192010_model,A0A1L7TGL4,440,1,ok
A0A8H4SQZ4_taxID_282569_model,A0A8H4SQZ4,428,1,ok
W7M1Q0_taxID_334819_model,W7M1Q0,424,1,ok
A0A367KZX2_taxID_1330021_model,A0A367KZX2,127,1,ok
A0A2A9PSU3_taxID_268505_model,A0A2A9PSU3,124,1,ok
A0A2C5ZMG7_taxID_2004952_model,A0A2C5ZMG7,129,1,ok
A0A8H4VD00_taxID_2030778_model,A0A8H4VD00,129,1,ok
A0A367L4Y1_taxID_1330021_model_A,A0A367L4Y1,186,1,ok
A0A367L6Y1_taxID_1330021_model,A0A367L6Y1,123,1,ok
A0A2A9PND3_taxID_268505_model,A0A2A9PND3,124,1,ok
A0A8H4QE39_taxID_2030778_model_A,A0A8H4QE39,128,1,ok
A0A367LE15_taxID_1330021_model,A0A367LE15,127,1,ok
A0A367LQA1_taxID_1330021_model,A0A367LQA1,118,1,ok
A0A370TGX1_taxID_2656787_model_A,A0A370TGX1,273,1,ok
A0A370TRN6_taxID_2656787_model_A,A0A370TRN6,165,1,ok
A0A370U2Q0_taxID_2656787_model,A0A370U2Q0,176,1,ok
A0A371DLX4_taxID_2498619_model_A,A0A371DLX4,148,1,ok
A0A5C3PQI8_taxID_1314778_model_A,A0A5C3PQI8,149,1,ok
A0A383V433_taxID_3088_model,A0A383V433,179,1,ok
A0ABY8U111_taxID_3088_model,A0ABY8U111,207,1,ok
A0A384J750_taxID_332648_model_A,A0A384J750,184,1,ok
A0A1D9PVH8_taxID_665079_model_A,A0A1D9PVH8,183,1,ok
A0A4S8RGZ2_taxID_278940_model,A0A4S8RGZ2,186,1,ok
A0A4Z1F3K6_taxID_87230_model_A,A0A4Z1F3K6,186,1,ok
A0A4Z1GXY5_taxID_278943_model_A,A0A4Z1GXY5,185,1,ok
A0A4Z1IM35_taxID_278944_model_A,A0A4Z1IM35,185,1,ok
A0A4Z1IS79_taxID_54673_model_A,A0A4Z1IS79,148,1,ok
A0A4Z1K161_taxID_278938_model_A,A0A4Z1K161,186,1,ok
A0A4Z1KRT8_taxID_87229_model_A,A0A4Z1KRT8,181,1,ok
A0A5M9K4U7_taxID_38448_model,A0A5M9K4U7,170,1,ok
A0A8A3PKD0_taxID_61207_model_A,A0A8A3PKD0,181,1,ok
A0A8H2ZM91_taxID_28548_model_A,A0A8H2ZM91,195,1,ok
A0A8H6B365_taxID_1964551_model_A,A0A8H6B365,180,1,ok
A0A9P5IUD8_taxID_139641_model_A,A0A9P5IUD8,180,1,ok
A0A9X0DR84_taxID_352851_model_A,A0A9X0DR84,185,1,ok
A0ABQ7IM94_taxID_2478750_model_A,A0ABQ7IM94,184,1,ok
A7EHD3_taxID_665079_model_A,A7EHD3,170,1,ok
A0A395MF38_taxID_2675880_model_A,A0A395MF38,108,1,ok
A0A366QK39_taxID_231269_model_A,A0A366QK39,108,1,ok
A0A8J2NFA9_taxID_61235_model_A,A0A8J2NFA9,110,1,ok
A0A9W8PN59_taxID_2494466_model_A,A0A9W8PN59,108,1,ok
A0ABQ8R046_taxID_61235_model_A,A0ABQ8R046,108,1,ok
A0A395MKK6_taxID_2675880_model,A0A395MKK6,401,1,ok
A0A090MKY8_taxID_2594811_model,A0A090MKY8,436,1,ok
A0A366QJY3_taxID_231269_model,A0A366QJY3,438,1,ok
A0A9W8PIJ9_taxID_2494466_model,A0A9W8PIJ9,429,1,ok
A0A395NG90_taxID_490622_model,A0A395NG90,128,1,ok
A0A395RTE0_taxID_5514_model_A,A0A395RTE0,108,1,ok
A0A0M9F0D9_taxID_179993_model_A,A0A0M9F0D9,108,1,ok
A0A395RW78_taxID_5514_model,A0A395RW78,432,1,ok
A0A397UVF9_taxID_44941_model,A0A397UVF9,355,1,ok
A0A397V8I1_taxID_44941_model_A,A0A397V8I1,155,1,ok
A0A8H4ERI9_taxID_4874_model_A,A0A8H4ERI9,350,1,ok
A0A3A2ZLH4_taxID_2070753_model,A0A3A2ZLH4,383,1,ok
A0A3D8Q8E3_taxID_1849047_model_A,A0A3D8Q8E3,283,1,ok
A0A3D8SGC1_taxID_1849047_model_A,A0A3D8SGC1,204,1,ok
A0A3D8RVU8_taxID_565419_model_A,A0A3D8RVU8,209,1,ok
A0A3M2RMQ0_taxID_2010991_model,A0A3M2RMQ0,140,1,ok
A0A010RBA2_taxID_1445577_model,A0A010RBA2,123,1,ok
A0A084AV30_taxID_1280523_model,A0A084AV30,140,1,ok
A0A084QC22_taxID_1283841_model,A0A084QC22,140,1,ok
A0A0A1T3I6_taxID_1531966_model,A0A0A1T3I6,130,1,ok
A0A0B7K6S2_taxID_29856_model,A0A0B7K6S2,77,1,ok
A0A0F8A4Q7_taxID_1043627_model,A0A0F8A4Q7,126,1,ok
A0A0F9ZGV2_taxID_5544_model,A0A0F9ZGV2,132,1,ok
A0A0G4LGJ4_taxID_100787_model,A0A0G4LGJ4,126,1,ok
A0A0G4M1R8_taxID_100787_model,A0A0G4M1R8,137,1,ok
A0A0G4NN18_taxID_100787_model,A0A0G4NN18,127,1,ok
A0A0G4NN28_taxID_100787_model,A0A0G4NN28,128,1,ok
A0A0L0N6W4_taxID_1163406_model,A0A0L0N6W4,129,1,ok
A0A0M9F576_taxID_179993_model,A0A0M9F576,141,1,ok
A0A0P7AZ30_taxID_78410_model,A0A0P7AZ30,138,1,ok
A0A0P7B6C2_taxID_78410_model,A0A0P7B6C2,131,1,ok
A0A0W7W3G9_taxID_398673_model,A0A0W7W3G9,132,1,ok
A0A135TX30_taxID_703756_model,A0A135TX30,123,1,ok
A0A167PL46_taxID_1081104_model_A,A0A167PL46,133,1,ok
A0A179FL78_taxID_1380566_model,A0A179FL78,123,1,ok
A0A179GFV1_taxID_33203_model,A0A179GFV1,119,1,ok
A0A179HS62_taxID_33203_model_A,A0A179HS62,124,1,ok
A0A1B8AGE8_taxID_36050_model,A0A1B8AGE8,160,1,ok
A0A1C3YLW6_taxID_229533_model,A0A1C3YLW6,144,1,ok
A0A1G4BFW7_taxID_1209926_model,A0A1G4BFW7,128,1,ok
A0A1T3D0U6_taxID_1491466_model,A0A1T3D0U6,132,1,ok
A0A2C5XTP8_taxID_1399860_model,A0A2C5XTP8,145,1,ok
A0A2C5YDY5_taxID_1399860_model,A0A2C5YDY5,124,1,ok
A0A2C5ZBU4_taxID_2004952_model,A0A2C5ZBU4,121,1,ok
A0A2C5ZDY8_taxID_1399860_model,A0A2C5ZDY8,154,1,ok
A0A2C5ZER1_taxID_1399860_model,A0A2C5ZER1,123,1,ok
A0A2H3FCN1_taxID_5518_model,A0A2H3FCN1,144,1,ok
A0A2H4S9M8_taxID_73501_model,A0A2H4S9M8,154,1,ok
A0A2J8BUT4_taxID_27337_model,A0A2J8BUT4,137,1,ok
A0A2K0U4G6_taxID_5544_model,A0A2K0U4G6,132,1,ok
A0A2K3Q9Z7_taxID_45235_model,A0A2K3Q9Z7,147,1,ok
A0A2K3QIX3_taxID_45235_model,A0A2K3QIX3,143,1,ok
A0A2L2TG36_taxID_56646_model,A0A2L2TG36,158,1,ok
A0A2T3Z3P6_taxID_1042311_model,A0A2T3Z3P6,132,1,ok
A0A2T4AA89_taxID_983964_model,A0A2T4AA89,132,1,ok
A0A2T4GDH2_taxID_5516_model,A0A2T4GDH2,140,1,ok
A0A2U3E384_taxID_33203_model,A0A2U3E384,151,1,ok
A0A2U3E4P9_taxID_33203_model,A0A2U3E4P9,100,1,ok
A0A2U3ELX5_taxID_33203_model,A0A2U3ELX5,131,1,ok
A0A366S3Z8_taxID_231269_model,A0A366S3Z8,155,1,ok
A0A395N712_taxID_2675880_model,A0A395N712,144,1,ok
A0A395ST11_taxID_5514_model,A0A395ST11,141,1,ok
A0A395T027_taxID_694270_model,A0A395T027,156,1,ok
A0A3M9Y0Y2_taxID_1051616_model,A0A3M9Y0Y2,131,1,ok
A0A3M9Y905_taxID_1051616_model,A0A3M9Y905,137,1,ok
A0A3N2PK16_taxID_1314773_model,A0A3N2PK16,137,1,ok
A0A428QVK1_taxID_1325734_model,A0A428QVK1,160,1,ok
A0A428SET3_taxID_1325733_model,A0A428SET3,140,1,ok
A0A428UK49_taxID_2604345_model,A0A428UK49,140,1,ok
A0A428V0C8_taxID_131363_model,A0A428V0C8,140,1,ok
A0A430M2W5_taxID_1147111_model,A0A430M2W5,140,1,ok
A0A444RLS2_taxID_27337_model,A0A444RLS2,131,1,ok
A0A8E5MJ42_taxID_1159556_model,A0A8E5MJ42,124,1,ok
A0A8G0LMA0_taxID_1491479_model,A0A8G0LMA0,132,1,ok
A0A8H3WF76_taxID_702518_model,A0A8H3WF76,128,1,ok
A0A8H4CD88_taxID_474922_model,A0A8H4CD88,128,1,ok
A0A8H4KS18_taxID_2364996_model,A0A8H4KS18,155,1,ok
A0A8H4LNJ3_taxID_1237068_model,A0A8H4LNJ3,158,1,ok
A0A8H4LT56_taxID_72228_model,A0A8H4LT56,134,1,ok
A0A8H4PPA2_taxID_72228_model,A0A8H4PPA2,135,1,ok
A0A8H4VFC3_taxID_2030778_model,A0A8H4VFC3,121,1,ok
A0A8H4XKD8_taxID_1053134_model,A0A8H4XKD8,140,1,ok
A0A8H5TSQ9_taxID_42747_model,A0A8H5TSQ9,155,1,ok
A0A8H6KSM3_taxID_2175873_model,A0A8H6KSM3,161,1,ok
A0A8H6NIR3_taxID_2175906_model,A0A8H6NIR3,141,1,ok
A0A8H7NEV0_taxID_29856_model,A0A8H7NEV0,77,1,ok
A0A8I2Z9I3_taxID_100787_model,A0A8I2Z9I3,144,1,ok
A0A8I2ZGI6_taxID_100787_model,A0A8I2ZGI6,127,1,ok
A0A8I2ZUB0_taxID_100787_model,A0A8I2ZUB0,137,1,ok
A0A8J2NNS2_taxID_61235_model,A0A8J2NNS2,155,1,ok
A0A8K0NK64_taxID_83212_model,A0A8K0NK64,125,1,ok
A0A8K0RSB1_taxID_61284_model,A0A8K0RSB1,140,1,ok
A0A8K0SN24_taxID_80388_model,A0A8K0SN24,148,1,ok
A0A9N9Y616_taxID_160290_model,A0A9N9Y616,77,1,ok
A0A9P4XQ11_taxID_1567552_model,A0A9P4XQ11,132,1,ok
A0A9P5BPD6_taxID_690259_model,A0A9P5BPD6,124,1,ok
A0A9P5E4Z0_taxID_44412_model,A0A9P5E4Z0,145,1,ok
A0A9P5HJQ1_taxID_595255_model,A0A9P5HJQ1,138,1,ok
A0A9P5L8N8_taxID_595255_model,A0A9P5L8N8,143,1,ok
A0A9P6LJW0_taxID_1095194_model,A0A9P6LJW0,124,1,ok
A0A9P7HB24_taxID_40199_model,A0A9P7HB24,140,1,ok
A0A9P7HHK8_taxID_221167_model,A0A9P7HHK8,160,1,ok
A0A9P7MGH4_taxID_1649127_model,A0A9P7MGH4,124,1,ok
A0A9P7MT28_taxID_1623583_model,A0A9P7MT28,124,1,ok
A0A9P7NHH3_taxID_123648_model,A0A9P7NHH3,124,1,ok
A0A9P7PXS8_taxID_1294629_model,A0A9P7PXS8,124,1,ok
A0A9P7QED4_taxID_1967640_model,A0A9P7QED4,147,1,ok
A0A9P7UBT7_taxID_1209932_model,A0A9P7UBT7,123,1,ok
A0A9P8HF99_taxID_1491008_model,A0A9P8HF99,132,1,ok
A0A9P8MNI4_taxID_111463_model,A0A9P8MNI4,134,1,ok
A0A9P8TUI9_taxID_654480_model,A0A9P8TUI9,132,1,ok
A0A9P8VP55_taxID_1576542_model,A0A9P8VP55,138,1,ok
A0A9P8WHC9_taxID_1576542_model,A0A9P8WHC9,141,1,ok
A0A9P9DRT6_taxID_307937_model,A0A9P9DRT6,141,1,ok
A0A9P9EFC0_taxID_1079267_model,A0A9P9EFC0,124,1,ok
A0A9P9FH49_taxID_307937_model,A0A9P9FH49,143,1,ok
A0A9P9IMQ8_taxID_307937_model,A0A9P9IMQ8,126,1,ok
A0A9P9J5H6_taxID_1079267_model,A0A9P9J5H6,157,1,ok
A0A9P9J6B9_taxID_1079267_model,A0A9P9J6B9,127,1,ok
A0A9P9L6M7_taxID_169388_model,A0A9P9L6M7,140,1,ok
A0A9Q8QDA2_taxID_2060973_model,A0A9Q8QDA2,130,1,ok
A0A9Q8QFE9_taxID_2060973_model_A,A0A9Q8QFE9,124,1,ok
A0A9Q8QP72_taxID_2060973_model,A0A9Q8QP72,128,1,ok
A0A9Q8VAJ3_taxID_2060973_model,A0A9Q8VAJ3,132,1,ok
A0A9W4W651_taxID_2664923_model,A0A9W4W651,124,1,ok
A0A9W8PNW4_taxID_2494466_model,A0A9W8PNW4,155,1,ok
A0A9W8RDP3_taxID_195108_model,A0A9W8RDP3,140,1,ok
A0A9W9B374_taxID_2034170_model,A0A9W9B374,132,1,ok
A0A9W9BTC6_taxID_1435070_model,A0A9W9BTC6,154,1,ok
A0AA39GDC6_taxID_5046_model,A0AA39GDC6,134,1,ok
A0AA45AN88_taxID_27337_model,A0AA45AN88,127,1,ok
A0AAD8XIC1_taxID_27357_model,A0AAD8XIC1,123,1,ok
A0AAD9EHE8_taxID_1836956_model,A0AAD9EHE8,124,1,ok
A0AAD9YI99_taxID_34407_model,A0AAD9YI99,128,1,ok
A0AAE1M784_taxID_173218_model,A0AAE1M784,132,1,ok
A0AAI9TZG4_taxID_1209925_model,A0AAI9TZG4,128,1,ok
A0AAI9YV88_taxID_1209916_model,A0AAI9YV88,128,1,ok
A0AAI9ZSJ9_taxID_359342_model,A0AAI9ZSJ9,123,1,ok
A0AAJ0AGS6_taxID_1209918_model,A0AAJ0AGS6,123,1,ok
A0AAJ0FUT5_taxID_1105319_model,A0AAJ0FUT5,127,1,ok
A0AAN6CAX8_taxID_282268_model,A0AAN6CAX8,144,1,ok
A0ABQ8RCX8_taxID_61235_model,A0ABQ8RCX8,140,1,ok
A0ABQ9Q0R2_taxID_1209924_model,A0ABQ9Q0R2,128,1,ok
A0ABQ9S560_taxID_1914294_model,A0ABQ9S560,105,1,ok
A0ABR0BYX5_taxID_33203_model,A0ABR0BYX5,152,1,ok
A0ABR1H2J5_taxID_979145_model,A0ABR1H2J5,146,1,ok
A0ABR1H992_taxID_979145_model,A0ABR1H992,123,1,ok
A0ABR1HK27_taxID_2732573_model,A0ABR1HK27,138,1,ok
A0ABR1HNJ9_taxID_2732573_model,A0ABR1HNJ9,123,1,ok
A0ABR1HRR2_taxID_979145_model,A0ABR1HRR2,142,1,ok
A0ABY6UY83_taxID_29856_model,A0ABY6UY83,128,1,ok
A0ABZ2WML6_taxID_5515_model,A0ABZ2WML6,140,1,ok
A0ACA9TSJ0_taxID_1349383_model,A0ACA9TSJ0,77,1,ok
A0ACC0RA38_taxID_1328300_model,A0ACC0RA38,140,1,ok
A0ACC1RGF0_taxID_57161_model,A0ACC1RGF0,150,1,ok
A0ACC3YT05_taxID_5467_model,A0ACC3YT05,128,1,ok
A0ACC4DXW3_taxID_33203_model,A0ACC4DXW3,119,1,ok
A0ACD3Z8I2_taxID_2747967_model,A0ACD3Z8I2,140,1,ok
C7Z595_taxID_660122_model,C7Z595,154,1,ok
C9STD4_taxID_526221_model,C9STD4,131,1,ok
G2X461_taxID_498257_model,G2X461,137,1,ok
G2XIS8_taxID_498257_model,G2XIS8,108,1,ok
G3JUG5_taxID_983644_model,G3JUG5,154,1,ok
G9N609_taxID_413071_model,G9N609,132,1,ok
G9NHT6_taxID_452589_model,G9NHT6,128,1,ok
I1RYR4_taxID_229533_model,I1RYR4,145,1,ok
K3VRC0_taxID_1028729_model,K3VRC0,144,1,ok
L2G7M8_taxID_1213859_model,L2G7M8,124,1,ok
M1W9S5_taxID_1111077_model,M1W9S5,138,1,ok
T0KPY1_taxID_1237896_model,T0KPY1,128,1,ok
A0A3M7B810_taxID_91943_model_A,A0A3M7B810,203,1,ok
A0A1Z5TUA1_taxID_1157616_model_A,A0A1Z5TUA1,203,1,ok
A0A3M6YK54_taxID_91943_model_A,A0A3M6YK54,203,1,ok
A0A3M7A968_taxID_91943_model,A0A3M7A968,164,1,ok
A0A3M7E5C4_taxID_91943_model_A,A0A3M7E5C4,203,1,ok
A0A3M7E733_taxID_91943_model_A,A0A3M7E733,203,1,ok
A0A3M7FH62_taxID_91943_model_A,A0A3M7FH62,203,1,ok
A0A3M7HZE1_taxID_91943_model,A0A3M7HZE1,203,1,ok
A0A6A7BQY5_taxID_1314780_model,A0A6A7BQY5,191,1,ok
A0A3M7J5F3_taxID_91943_model_A,A0A3M7J5F3,203,1,ok
A0A3M7C5D9_taxID_91943_model_A,A0A3M7C5D9,203,1,ok
A0A3N4HNW1_taxID_1160509_model,A0A3N4HNW1,418,1,ok
A0A3N4IPE1_taxID_1160509_model,A0A3N4IPE1,173,1,ok
A0A3N4IQU1_taxID_1336337_model_A,A0A3N4IQU1,166,1,ok
A0A3N4K8D0_taxID_1392247_model,A0A3N4K8D0,219,1,ok
A0A3N4KJ40_taxID_1336337_model_A,A0A3N4KJ40,161,1,ok
A0A3N4KKJ4_taxID_1392247_model,A0A3N4KKJ4,167,1,ok
A0ABR3GH88_taxID_1032678_model,A0ABR3GH88,167,1,ok
A0A3N4L5Z3_taxID_1392247_model_A,A0A3N4L5Z3,251,1,ok
A0A3N4LFB6_taxID_1051890_model,A0A3N4LFB6,196,1,ok
A0A3N4LW77_taxID_1051890_model,A0A3N4LW77,158,1,ok
A0A3S4AMG6_taxID_2587410_model_A,A0A3S4AMG6,227,1,ok
G2RFH3_taxID_578455_model_A,G2RFH3,232,1,ok
A0A409X966_taxID_93625_model,A0A409X966,59,1,ok
A0A409X7S8_taxID_93625_model,A0A409X7S8,59,1,ok
A0A409XHT0_taxID_93625_model,A0A409XHT0,151,1,ok
A0A409Y7Q5_taxID_231916_model_A,A0A409Y7Q5,145,1,ok
A0A409Y9J2_taxID_231916_model_A,A0A409Y9J2,237,1,ok
A0A409YUP4_taxID_231916_model_A,A0A409YUP4,97,1,ok
A0A420HGA6_taxID_212602_model,A0A420HGA6,181,1,ok
A0A420MG99_taxID_5507_model_A,A0A420MG99,396,1,ok
A0A420YAJ7_taxID_177199_model,A0A420YAJ7,123,1,ok
A0A423WXH4_taxID_448051_model,A0A423WXH4,182,1,ok
A0A428UJ78_taxID_2604345_model_A,A0A428UJ78,188,1,ok
A0A3M2R9A4_taxID_2010991_model,A0A3M2R9A4,430,1,ok
A0A436ZMN6_taxID_97331_model,A0A436ZMN6,203,1,ok
A0AAN8NZV7_taxID_74498_model,A0AAN8NZV7,202,1,ok
A0A437ABU9_taxID_97331_model_A,A0A437ABU9,203,1,ok
A0A437ACP0_taxID_97331_model_A,A0A437ACP0,217,1,ok
A0A484G3C9_taxID_1213857_model,A0A484G3C9,154,1,ok
A0A4R8Q686_taxID_1347390_model,A0A4R8Q686,153,1,ok
A0A4R8TAZ7_taxID_1347389_model,A0A4R8TAZ7,153,1,ok
A0A4Q4M0D8_taxID_119927_model,A0A4Q4M0D8,221,1,ok
A0A2W1HE12_taxID_45151_model,A0A2W1HE12,221,1,ok
A0A3M7MKX7_taxID_1302712_model,A0A3M7MKX7,221,1,ok
A0A4Q4NI14_taxID_5599_model,A0A4Q4NI14,221,1,ok
A0A4Q4PA97_taxID_119927_model,A0A4Q4PA97,221,1,ok
A0A4Q4QCH3_taxID_156630_model,A0A4Q4QCH3,221,1,ok
A0A6A5VK30_taxID_1447943_model,A0A6A5VK30,212,1,ok
A0A6A6SVM2_taxID_1314788_model,A0A6A6SVM2,293,1,ok
A0A6S6VNJ6_taxID_97479_model,A0A6S6VNJ6,229,1,ok
A0A8H7BEA9_taxID_1187904_model,A0A8H7BEA9,221,1,ok
A0A8J2MZQ3_taxID_119953_model,A0A8J2MZQ3,221,1,ok
A0AAD4I9I8_taxID_48097_model,A0AAD4I9I8,221,1,ok
A0ABR3UEC7_taxID_48095_model_A,A0ABR3UEC7,219,1,ok
A0ACB6F5N8_taxID_167740_model,A0ACB6F5N8,221,1,ok
E3RZD3_taxID_861557_model,E3RZD3,229,1,ok
A0A4Q4T9D8_taxID_155417_model,A0A4Q4T9D8,117,1,ok
A0A4Q9NW54_taxID_114155_model_A,A0A4Q9NW54,149,1,ok
A0A4R8QJK7_taxID_1347390_model,A0A4R8QJK7,167,1,ok
A0A484G4E7_taxID_1213857_model,A0A484G4E7,167,1,ok
A0A4R8QMK9_taxID_5466_model,A0A4R8QMK9,128,1,ok
A0A4R8TP34_taxID_1347389_model,A0A4R8TP34,167,1,ok
A0AAV9T0C6_taxID_1209068_model,A0AAV9T0C6,152,1,ok
A0A4S2MTZ1_taxID_341454_model,A0A4S2MTZ1,296,1,ok
A0A4S4KID4_taxID_98765_model,A0A4S4KID4,437,1,ok
A0A4S8QND8_taxID_278940_model_A,A0A4S8QND8,273,1,ok
A0A1D9QFS6_taxID_665079_model_A,A0A1D9QFS6,274,1,ok
A0A384K5I7_taxID_332648_model_A,A0A384K5I7,273,1,ok
A0A4Y8CKP8_taxID_38488_model_A,A0A4Y8CKP8,270,1,ok
A0A4Z1F9Z6_taxID_278948_model_A,A0A4Z1F9Z6,273,1,ok
A0A4Z1GFL5_taxID_278943_model_A,A0A4Z1GFL5,273,1,ok
A0A4Z1HQT1_taxID_54673_model_A,A0A4Z1HQT1,273,1,ok
A0A4Z1I948_taxID_278944_model_A,A0A4Z1I948,270,1,ok
A0A4Z1JEZ4_taxID_278938_model_A,A0A4Z1JEZ4,273,1,ok
A0A4Z1KR16_taxID_87229_model_A,A0A4Z1KR16,274,1,ok
A0A5M9J8H7_taxID_38448_model_A,A0A5M9J8H7,269,1,ok
A0A8A3P3U8_taxID_61207_model_A,A0A8A3P3U8,272,1,ok
A0A8H6AJG6_taxID_1964551_model_A,A0A8H6AJG6,270,1,ok
A0A9P5HSB3_taxID_139641_model_A,A0A9P5HSB3,270,1,ok
A0A9X0AFN1_taxID_352851_model_A,A0A9X0AFN1,270,1,ok
A0ABQ7I6H2_taxID_2478750_model_A,A0ABQ7I6H2,273,1,ok
A7FA30_taxID_665079_model_A,A7FA30,274,1,ok
G2XU65_taxID_999810_model_A,G2XU65,270,1,ok
M7UHP1_taxID_1290391_model_A,M7UHP1,270,1,ok
A0A4S8QWZ8_taxID_278940_model,A0A4S8QWZ8,220,1,ok
A0A4Z1EJQ1_taxID_87230_model,A0A4Z1EJQ1,222,1,ok
A0A4Z1FC55_taxID_278948_model,A0A4Z1FC55,222,1,ok
A0A4Z1G598_taxID_278943_model,A0A4Z1G598,222,1,ok
A0A4Z1HNS4_taxID_54673_model,A0A4Z1HNS4,221,1,ok
A0A4Z1JPW0_taxID_278938_model,A0A4Z1JPW0,222,1,ok
A0A4Z1KK63_taxID_87229_model,A0A4Z1KK63,138,1,ok
A0A9P5HWN2_taxID_139641_model,A0A9P5HWN2,222,1,ok
A0ABQ7I878_taxID_2478750_model,A0ABQ7I878,222,1,ok
A0A4S9EU40_taxID_5580_model,A0A4S9EU40,173,1,ok
A0A074XC75_taxID_1043002_model,A0A074XC75,190,1,ok
A0A074YPA7_taxID_1043005_model,A0A074YPA7,197,1,ok
A0A4S8W0R7_taxID_5580_model,A0A4S8W0R7,188,1,ok
A0A4S8YNU8_taxID_5580_model,A0A4S8YNU8,190,1,ok
A0A4S9A8L7_taxID_5580_model,A0A4S9A8L7,190,1,ok
A0A4S9B488_taxID_5580_model,A0A4S9B488,173,1,ok
A0A4S9N5M2_taxID_5580_model,A0A4S9N5M2,190,1,ok
A0A4S9T9C9_taxID_5580_model,A0A4S9T9C9,151,1,ok
A0A4S9UF68_taxID_5580_model,A0A4S9UF68,188,1,ok
A0A4S9XNR5_taxID_5580_model,A0A4S9XNR5,163,1,ok
A0A4T0ERS1_taxID_5580_model,A0A4T0ERS1,190,1,ok
A0AB74IRW4_taxID_5580_model,A0AB74IRW4,178,1,ok
A0A4S9LJ79_taxID_5580_model,A0A4S9LJ79,151,1,ok
A0A4T0BWY6_taxID_5580_model,A0A4T0BWY6,186,1,ok
A0A4T0VD25_taxID_80884_model_A,A0A4T0VD25,180,1,ok
A0A4U0V422_taxID_329885_model,A0A4U0V422,191,1,ok
A0A4U6XL76_taxID_1306861_model,A0A4U6XL76,129,1,ok
A0A4U7B2Q7_taxID_40998_model,A0A4U7B2Q7,216,1,ok
A0A2P7ZDQ2_taxID_40998_model,A0A2P7ZDQ2,216,1,ok
A0A4U9EHQ3_taxID_5518_model,A0A4U9EHQ3,108,1,ok
A0A1B8AJY6_taxID_36050_model_A,A0A1B8AJY6,108,1,ok
A0A2L2TR84_taxID_56646_model_A,A0A2L2TR84,108,1,ok
A0A2T4GMU5_taxID_5516_model_A,A0A2T4GMU5,108,1,ok
A0A7S8D418_taxID_5516_model_A,A0A7S8D418,108,1,ok
A0AAN5Z3W8_taxID_282268_model,A0AAN5Z3W8,108,1,ok
I1RNP4_taxID_229533_model_A,I1RNP4,108,1,ok
K3VGV2_taxID_1028729_model_A,K3VGV2,108,1,ok
A0A4V1Q3C6_taxID_2316362_model,A0A4V1Q3C6,443,1,ok
A0A4V6QED0_taxID_1347390_model,A0A4V6QED0,220,1,ok
A0A4Y7T3P6_taxID_71717_model,A0A4Y7T3P6,445,1,ok
A0A4Y7SAP2_taxID_71717_model,A0A4Y7SAP2,445,1,ok
A0A4Y9YWZ0_taxID_205917_model,A0A4Y9YWZ0,96,1,ok
A0A4Z1E9P8_taxID_87230_model_A,A0A4Z1E9P8,258,1,ok
A0A4Z1F478_taxID_87230_model,A0A4Z1F478,179,1,ok
A0A4Z1HN92_taxID_278944_model,A0A4Z1HN92,335,1,ok
A0A4Z1JMX4_taxID_278938_model,A0A4Z1JMX4,165,1,ok
A0A1D9PTG4_taxID_665079_model_A,A0A1D9PTG4,172,1,ok
A0A384JWB2_taxID_332648_model,A0A384JWB2,173,1,ok
A0A4S8R655_taxID_278940_model,A0A4S8R655,143,1,ok
A0A4Y8D0A4_taxID_38488_model,A0A4Y8D0A4,180,1,ok
A0A4Z1FTN5_taxID_278948_model,A0A4Z1FTN5,173,1,ok
A0A4Z1GVX3_taxID_278943_model,A0A4Z1GVX3,142,1,ok
A0A4Z1H969_taxID_54673_model,A0A4Z1H969,149,1,ok
A0A4Z1IMI3_taxID_278944_model,A0A4Z1IMI3,142,1,ok
A0A8H2VS30_taxID_28548_model,A0A8H2VS30,142,1,ok
A0A9P5IXS6_taxID_139641_model,A0A9P5IXS6,173,1,ok
A0A9X0DPC2_taxID_352851_model,A0A9X0DPC2,175,1,ok
A0ABQ7IXC9_taxID_2478750_model,A0ABQ7IXC9,165,1,ok
A7E8E8_taxID_665079_model,A7E8E8,188,1,ok
G2Y4X7_taxID_999810_model,G2Y4X7,180,1,ok
M7URR6_taxID_1290391_model,M7URR6,180,1,ok
W9C6R2_taxID_1432307_model,W9C6R2,156,1,ok
A0A4Z1P3H5_taxID_86259_model_A,A0A4Z1P3H5,328,1,ok
A0A4Z1PBN2_taxID_86259_model,A0A4Z1PBN2,164,1,ok
A0A507BB61_taxID_1093900_model,A0A507BB61,158,1,ok
A0A507BH76_taxID_1093900_model,A0A507BH76,124,1,ok
A0A507BI78_taxID_1093900_model_A,A0A507BI78,229,1,ok
A0A507BNL8_taxID_1093900_model,A0A507BNL8,266,1,ok
A0A507EU45_taxID_246404_model_A,A0A507EU45,197,1,ok
A0A507FAL9_taxID_246404_model,A0A507FAL9,106,1,ok
A0A517LRF7_taxID_50376_model_A,A0A517LRF7,148,1,ok
A0A545UYE5_taxID_43265_model,A0A545UYE5,127,1,ok
A0A545W637_taxID_43265_model,A0A545W637,118,1,ok
A0A553HJG4_taxID_2512241_model_A,A0A553HJG4,209,1,ok
A0A1W2TDK2_taxID_77044_model_A,A0A1W2TDK2,207,1,ok
A0A439D887_taxID_363999_model_A,A0A439D887,223,1,ok
A0A4Z0Z0E1_taxID_37992_model_A,A0A4Z0Z0E1,161,1,ok
A0A9W8TMK2_taxID_114810_model_A,A0A9W8TMK2,227,1,ok
A0AAN7U326_taxID_326684_model_A,A0AAN7U326,227,1,ok
A0ACC2J9D2_taxID_110536_model_A,A0ACC2J9D2,227,1,ok
A0A559M6N5_taxID_215461_model,A0A559M6N5,158,1,ok
A0A7D8UM11_taxID_1316786_model,A0A7D8UM11,129,1,ok
A0A8H8TWG2_taxID_1316788_model,A0A8H8TWG2,129,1,ok
A0A559MLL3_taxID_215461_model,A0A559MLL3,179,1,ok
A0A8T9BMA2_taxID_1316785_model_A,A0A8T9BMA2,180,1,ok
A0A5C2SMD7_taxID_1328759_model_A,A0A5C2SMD7,148,1,ok
Q65Z70_taxID_5639_model,Q65Z70,232,1,ok
A0A5C3M124_taxID_68775_model_A,A0A5C3M124,145,1,ok
A0A5C6SCU9_taxID_61366_model_A,A0A5C6SCU9,396,1,ok
A0A8H4WW32_taxID_282569_model_A,A0A8H4WW32,396,1,ok
A0A8J5NR04_taxID_485398_model_A,A0A8J5NR04,396,1,ok
A0ACC1STZ8_taxID_57161_model_A,A0ACC1STZ8,396,1,ok
X0KKX5_taxID_1089451_model_A,X0KKX5,396,1,ok
A0A5J5EI82_taxID_1250544_model,A0A5J5EI82,188,1,ok
A0A5M8PVF2_taxID_136370_model_A,A0A5M8PVF2,334,1,ok
A0A1W5D0E8_taxID_136370_model_A,A0A1W5D0E8,334,1,ok
A0A5M8PXI5_taxID_136370_model_A,A0A5M8PXI5,223,1,ok
A0A1W5CYQ0_taxID_136370_model_A,A0A1W5CYQ0,152,1,ok
A0A5N5D1B5_taxID_45133_model_A,A0A5N5D1B5,350,1,ok
A0A5N5WYK3_taxID_41062_model,A0A5N5WYK3,377,1,ok
A0AAN5YXU1_taxID_293939_model_A,A0AAN5YXU1,378,1,ok
A0A5N6J900_taxID_656917_model_A,A0A5N6J900,354,1,ok
A0A5N6JRN2_taxID_61186_model,A0A5N6JRN2,208,1,ok
A0A5M9K0A1_taxID_38448_model,A0A5M9K0A1,210,1,ok
A0A5N6JSQ9_taxID_61186_model,A0A5N6JSQ9,156,1,ok
A0A5M9JH55_taxID_38448_model,A0A5M9JH55,172,1,ok
A0A5N6JUP9_taxID_61186_model_A,A0A5N6JUP9,269,1,ok
A0A5N6KF72_taxID_61186_model,A0A5N6KF72,190,1,ok
A0A5N6UJU5_taxID_41984_model,A0A5N6UJU5,304,1,ok
A0A5N6DCN8_taxID_5067_model_A,A0A5N6DCN8,297,1,ok
A0A5N6YET4_taxID_656916_model_A,A0A5N6YET4,304,1,ok
A0A5N7ABB3_taxID_61420_model,A0A5N7ABB3,363,1,ok
A0A5Q4BTC4_taxID_2078593_model,A0A5Q4BTC4,102,1,ok
A0A679EKI1_taxID_5627_model,A0A679EKI1,149,1,ok
A0A679EKB9_taxID_5627_model,A0A679EKB9,149,1,ok
A0A6A4HHG2_taxID_1447944_model,A0A6A4HHG2,524,1,ok
A0A6A4HP64_taxID_1447944_model,A0A6A4HP64,150,1,ok
A0A9P4H4W2_taxID_210430_model,A0A9P4H4W2,247,1,ok
A0A6A5R8S8_taxID_1150837_model,A0A6A5R8S8,223,1,ok
A0ACB6RNM5_taxID_301207_model,A0ACB6RNM5,228,1,ok
A0A6A5RYQ0_taxID_1150837_model,A0A6A5RYQ0,158,1,ok
A0A163HMT0_taxID_5454_model,A0A163HMT0,160,1,ok
A0A8H7IZ83_taxID_205686_model,A0A8H7IZ83,157,1,ok
A0ACB6RVN5_taxID_301207_model,A0ACB6RVN5,111,1,ok
A0A6A5TDN7_taxID_147558_model,A0A6A5TDN7,180,1,ok
A0A6A5U3L8_taxID_147558_model,A0A6A5U3L8,201,1,ok
A0A6A5UNM1_taxID_1447943_model_A,A0A6A5UNM1,147,1,ok
A0A6A5X6Q7_taxID_1450172_model_A,A0A6A5X6Q7,180,1,ok
A0A9W8XTL6_taxID_1932322_model_A,A0A9W8XTL6,147,1,ok
A0A6A5UQF6_taxID_147558_model_A,A0A6A5UQF6,154,1,ok
A0A6A5V9S9_taxID_1447943_model,A0A6A5V9S9,209,1,ok
A0A6A5VBL3_taxID_1447943_model,A0A6A5VBL3,142,1,ok
A0A6A5VR23_taxID_1447943_model,A0A6A5VR23,156,1,ok
A0A6A5WAJ2_taxID_1392246_model_A,A0A6A5WAJ2,243,1,ok
A0A6A5WB06_taxID_1392246_model,A0A6A5WB06,199,1,ok
A0A6A5WGP5_taxID_1392246_model,A0A6A5WGP5,197,1,ok
A0A6A5WHX4_taxID_1392246_model_A,A0A6A5WHX4,130,1,ok
A0A6A5WJZ6_taxID_1392246_model_A,A0A6A5WJZ6,168,1,ok
A0A9P9ITJ2_taxID_256645_model,A0A9P9ITJ2,173,1,ok
A0A6A5WT48_taxID_1392246_model,A0A6A5WT48,441,1,ok
A0A6A5XFW1_taxID_1450172_model,A0A6A5XFW1,145,1,ok
A0A6A5Z7L4_taxID_690887_model,A0A6A5Z7L4,199,1,ok
A0A6A6XX71_taxID_1314802_model_A,A0A6A6XX71,145,1,ok
A0A6G1KF51_taxID_1314801_model,A0A6G1KF51,165,1,ok
A0A9P4QYU9_taxID_682080_model_A,A0A9P4QYU9,151,1,ok
A0ACB6RG49_taxID_673940_model_A,A0ACB6RG49,148,1,ok
A0A6A5XGX1_taxID_1450172_model,A0A6A5XGX1,200,1,ok
A0A6A5Y322_taxID_1450172_model_A,A0A6A5Y322,174,1,ok
A0A6A5Y6Y8_taxID_1450172_model,A0A6A5Y6Y8,213,1,ok
A0A6A5Z3S0_taxID_690887_model_A,A0A6A5Z3S0,160,1,ok
A0A6A5ZAH0_taxID_690887_model,A0A6A5ZAH0,189,1,ok
A0A6A5ZWD5_taxID_690887_model_A,A0A6A5ZWD5,180,1,ok
A0A6A5TKT5_taxID_147558_model_A,A0A6A5TKT5,148,1,ok
A0A6A6DV68_taxID_1314779_model_A,A0A6A6DV68,182,1,ok
A0A6A6S6N2_taxID_1395130_model_A,A0A6A6S6N2,181,1,ok
A0A9P4UZ88_taxID_682080_model_A,A0A9P4UZ88,144,1,ok
A0A6A6AM28_taxID_1392245_model,A0A6A6AM28,203,1,ok
A0A6A6AXD8_taxID_1176127_model_A,A0A6A6AXD8,175,1,ok
A0A6A6BTK6_taxID_1176127_model,A0A6A6BTK6,157,1,ok
A0A8H4IH14_taxID_55169_model,A0A8H4IH14,178,1,ok
A0A6A6CD45_taxID_1080233_model,A0A6A6CD45,144,1,ok
A0A6A6DEK0_taxID_1314779_model,A0A6A6DEK0,218,1,ok
A0A6A6DLH7_taxID_1314779_model_A,A0A6A6DLH7,177,1,ok
A0A6A6E2R4_taxID_1314779_model,A0A6A6E2R4,125,1,ok
A0A6A6E5D0_taxID_1314779_model,A0A6A6E5D0,193,1,ok
A0A6A5YDP4_taxID_690887_model,A0A6A5YDP4,194,1,ok
A0A6A6X999_taxID_1314802_model,A0A6A6X999,197,1,ok
A0A6G1JXQ0_taxID_1314801_model,A0A6G1JXQ0,203,1,ok
A0A9P4JVS4_taxID_147567_model,A0A9P4JVS4,195,1,ok
A0ACB6QDU3_taxID_673940_model,A0ACB6QDU3,193,1,ok
A0A6A6EVU5_taxID_1314779_model_A,A0A6A6EVU5,278,1,ok
A0A6A6F6K8_taxID_717836_model_A,A0A6A6F6K8,214,1,ok
A0A6A6FAF9_taxID_717836_model,A0A6A6FAF9,168,1,ok
A0A6A6FIZ2_taxID_717836_model_A,A0A6A6FIZ2,191,1,ok
A0A2G5HTJ1_taxID_122368_model,A0A2G5HTJ1,191,1,ok
A0A2S6BYK8_taxID_357750_model_A,A0A2S6BYK8,195,1,ok
A0A9P3CPX6_taxID_84275_model_A,A0A9P3CPX6,195,1,ok
A0A9Q9AWR3_taxID_215465_model,A0A9Q9AWR3,195,1,ok
A0AAN7TJK4_taxID_1508187_model,A0AAN7TJK4,190,1,ok
A0ACC3NX25_taxID_1690605_model_A,A0ACC3NX25,189,1,ok
A0A6A6H9P3_taxID_1048519_model,A0A6A6H9P3,192,1,ok
A0A6A6HPD6_taxID_1048519_model,A0A6A6HPD6,150,1,ok
A0A6A6I429_taxID_390896_model_A,A0A6A6I429,188,1,ok
A0A6A6IDS4_taxID_390896_model,A0A6A6IDS4,195,1,ok
A0A6A6XS33_taxID_1314802_model,A0A6A6XS33,195,1,ok
A0A6A6J781_taxID_318751_model_A,A0A6A6J781,137,1,ok
A0A6A6JN94_taxID_318751_model_A,A0A6A6JN94,177,1,ok
A0A6A6JR23_taxID_318751_model,A0A6A6JR23,197,1,ok
A0A6A6NPE1_taxID_578093_model,A0A6A6NPE1,141,1,ok
A0A6A6P8E7_taxID_578093_model,A0A6A6P8E7,246,1,ok
A0A6A6PDQ3_taxID_578093_model_A,A0A6A6PDQ3,188,1,ok
A0A6A6PJ23_taxID_245834_model_A,A0A6A6PJ23,151,1,ok
A0AAQ3LZL9_taxID_150365_model,A0AAQ3LZL9,176,1,ok
A0A6A6PR78_taxID_245834_model_A,A0A6A6PR78,144,1,ok
A0A6A6PYD6_taxID_245834_model,A0A6A6PYD6,160,1,ok
A0A6A6Q3X4_taxID_245834_model_A,A0A6A6Q3X4,190,1,ok
A0A6A6QUQ7_taxID_390894_model,A0A6A6QUQ7,187,1,ok
A0A6A6R1S1_taxID_390894_model,A0A6A6R1S1,188,1,ok
A0A6A5YP59_taxID_690887_model_A,A0A6A5YP59,432,1,ok
A0A6A6RBJ0_taxID_390894_model,A0A6A6RBJ0,143,1,ok
A0A6A6Z455_taxID_574789_model,A0A6A6Z455,147,1,ok
A0A6A6RQ29_taxID_1395130_model,A0A6A6RQ29,185,1,ok
A0A6A6RWM4_taxID_1395130_model,A0A6A6RWM4,180,1,ok
A0A6A6S3A1_taxID_1395130_model,A0A6A6S3A1,180,1,ok
A0A6A6TBA0_taxID_1314788_model_A,A0A6A6TBA0,174,1,ok
A0A6A6TPG7_taxID_1314788_model,A0A6A6TPG7,167,1,ok
A0A6A6TV45_taxID_1314788_model,A0A6A6TV45,195,1,ok
A0A2T2N295_taxID_1448308_model,A0A2T2N295,194,1,ok
A0A6A6TZ24_taxID_703497_model_A,A0A6A6TZ24,192,1,ok
A0A6A6UW36_taxID_703497_model_A,A0A6A6UW36,147,1,ok
A0A6A6V9C0_taxID_1340428_model,A0A6A6V9C0,200,1,ok
A0A6A6VI08_taxID_1340428_model,A0A6A6VI08,160,1,ok
A0A6A6VK76_taxID_1340428_model,A0A6A6VK76,115,1,ok
A0A6A6VLY7_taxID_1340428_model,A0A6A6VLY7,183,1,ok
A0A6A6VMY9_taxID_1340428_model_A,A0A6A6VMY9,169,1,ok
A0A6A6VQH4_taxID_1340428_model,A0A6A6VQH4,206,1,ok
A0A6A6VZ40_taxID_470096_model,A0A6A6VZ40,155,1,ok
A0A6A6W8L4_taxID_470096_model,A0A6A6W8L4,194,1,ok
A0A6A6WEL2_taxID_470096_model,A0A6A6WEL2,182,1,ok
A0A6A6WLA0_taxID_470096_model_A,A0A6A6WLA0,175,1,ok
A0A6A6WZP5_taxID_1314802_model_A,A0A6A6WZP5,150,1,ok
A0A6A6X2A2_taxID_1314802_model_A,A0A6A6X2A2,273,1,ok
A0A6A6XJN7_taxID_1314802_model,A0A6A6XJN7,171,1,ok
A0A6A6YIB0_taxID_574789_model,A0A6A6YIB0,183,1,ok
A0A6A6YIL2_taxID_574789_model,A0A6A6YIL2,187,1,ok
A0A6A6Z4Q4_taxID_574789_model_A,A0A6A6Z4Q4,268,1,ok
A0A6A6QJA3_taxID_390894_model_A,A0A6A6QJA3,268,1,ok
A0A6A6ZN76_taxID_1469910_model,A0A6A6ZN76,99,1,ok
A0A6A7AZP2_taxID_1408161_model,A0A6A7AZP2,203,1,ok
A0A6A7CAG9_taxID_1314780_model,A0A6A7CAG9,161,1,ok
A0A6G1GF50_taxID_1392243_model,A0A6G1GF50,204,1,ok
A0A6G1GRW5_taxID_1176131_model_A,A0A6G1GRW5,176,1,ok
A0A6G1GZN1_taxID_1176131_model,A0A6G1GZN1,192,1,ok
A0A6G1HLY0_taxID_703511_model_A,A0A6G1HLY0,336,1,ok
A0A6G1I2N2_taxID_703511_model,A0A6G1I2N2,147,1,ok
A0A6G1IV16_taxID_1168545_model,A0A6G1IV16,196,1,ok
A0A6G1JJB9_taxID_1168545_model,A0A6G1JJB9,292,1,ok
A0A6A6XB01_taxID_1314802_model,A0A6A6XB01,208,1,ok
A0A6G1K394_taxID_1314801_model_A,A0A6G1K394,190,1,ok
A0A6G1K9L2_taxID_1314801_model,A0A6G1K9L2,194,1,ok
A0A6G1KYM2_taxID_161662_model,A0A6G1KYM2,207,1,ok
A0A9W7W359_taxID_418781_model,A0A9W7W359,159,1,ok
A0A6G1MEA1_taxID_2813651_model_A,A0A6G1MEA1,365,1,ok
A0A6H0XNI2_taxID_286661_model,A0A6H0XNI2,209,1,ok
A0A6H0XTV7_taxID_286661_model,A0A6H0XTV7,73,1,ok
A0A6J3LV43_taxID_1314786_model,A0A6J3LV43,208,1,ok
A0A6J3LW51_taxID_1314786_model,A0A6J3LW51,405,1,ok
A0A6J3LWY9_taxID_1314786_model,A0A6J3LWY9,148,1,ok
A0A6J3MIN3_taxID_1314786_model_A,A0A6J3MIN3,160,1,ok
A0A6P8AU99_taxID_148305_model,A0A6P8AU99,127,1,ok
A0A7C8I2F1_taxID_100035_model,A0A7C8I2F1,202,1,ok
A0A7C8I9R9_taxID_100035_model_A,A0A7C8I9R9,164,1,ok
A0A7C8IHL7_taxID_100035_model_A,A0A7C8IHL7,200,1,ok
A0A7C8J186_taxID_2813651_model_A,A0A7C8J186,189,1,ok
A0A7C8K8Z5_taxID_2813651_model_A,A0A7C8K8Z5,364,1,ok
A0A7C8NXU1_taxID_2813651_model_A,A0A7C8NXU1,363,1,ok
A0A7C8KIB9_taxID_2813651_model_A,A0A7C8KIB9,217,1,ok
A0A6G1M9F9_taxID_2813651_model,A0A6G1M9F9,211,1,ok
A0A7C8JBD1_taxID_2813651_model_A,A0A7C8JBD1,217,1,ok
A0A7C8KC07_taxID_2813651_model_A,A0A7C8KC07,217,1,ok
A0A7C8P6Q1_taxID_2813651_model,A0A7C8P6Q1,222,1,ok
A0A7C8QXL5_taxID_2813651_model_A,A0A7C8QXL5,217,1,ok
A0A7C8RHI6_taxID_2813651_model,A0A7C8RHI6,217,1,ok
A0AAN8N2L3_taxID_74498_model_A,A0AAN8N2L3,217,1,ok
A0AAV9VX17_taxID_47236_model_A,A0AAV9VX17,217,1,ok
G1XN18_taxID_756982_model_A,G1XN18,217,1,ok
A0A7C8MEQ8_taxID_100035_model,A0A7C8MEQ8,208,1,ok
A0A7C8NDC7_taxID_2813651_model,A0A7C8NDC7,202,1,ok
A0A6G1MDZ6_taxID_2813651_model,A0A6G1MDZ6,202,1,ok
A0A7C8P2D4_taxID_2813651_model,A0A7C8P2D4,202,1,ok
A0A7C8PUR3_taxID_2813651_model,A0A7C8PUR3,202,1,ok
A0A7C8Q019_taxID_2813651_model,A0A7C8Q019,202,1,ok
A0A7C8NGK3_taxID_2813651_model_A,A0A7C8NGK3,206,1,ok
A0A437AEF9_taxID_97331_model_A,A0A437AEF9,206,1,ok
A0A6G1M972_taxID_2813651_model_A,A0A6G1M972,206,1,ok
A0A7C8PX01_taxID_2813651_model_A,A0A7C8PX01,206,1,ok
A0A7C8RAE6_taxID_2813651_model_A,A0A7C8RAE6,206,1,ok
A0A8H2DTR3_taxID_2813651_model_A,A0A8H2DTR3,206,1,ok
A0A8H8VMB0_taxID_2813651_model_A,A0A8H8VMB0,206,1,ok
A0AAN8MT50_taxID_47235_model_A,A0AAN8MT50,206,1,ok
A0AAN8N8D8_taxID_74498_model_A,A0AAN8N8D8,205,1,ok
A0AAV9WG77_taxID_47236_model_A,A0AAV9WG77,206,1,ok
G1XS72_taxID_756982_model_A,G1XS72,206,1,ok
A0A7C8NGK8_taxID_2813651_model_A,A0A7C8NGK8,217,1,ok
A0A436ZMY2_taxID_97331_model,A0A436ZMY2,369,1,ok
G1X7Q1_taxID_756982_model_A,G1X7Q1,369,1,ok
A0A7C8QK40_taxID_2813651_model_A,A0A7C8QK40,189,1,ok
A0A7C8QPJ2_taxID_2813651_model,A0A7C8QPJ2,189,1,ok
A0A7C8RKC7_taxID_2813651_model_A,A0A7C8RKC7,362,1,ok
A0A7C8RMH3_taxID_2813651_model,A0A7C8RMH3,177,1,ok
A0A7C8V4F7_taxID_2813651_model,A0A7C8V4F7,172,1,ok
A0A436ZY67_taxID_97331_model_A,A0A436ZY67,177,1,ok
A0A7C8JDI9_taxID_2813651_model,A0A7C8JDI9,172,1,ok
A0A7C8K5L1_taxID_2813651_model,A0A7C8K5L1,172,1,ok
A0A7C8KN05_taxID_2813651_model,A0A7C8KN05,178,1,ok
A0AAN8PHS8_taxID_74498_model,A0AAN8PHS8,172,1,ok
G1XNN7_taxID_756982_model,G1XNN7,172,1,ok
S8BRY2_taxID_1284197_model,S8BRY2,140,1,ok
A0A7C8VLB4_taxID_2813651_model,A0A7C8VLB4,161,1,ok
A0A437ABS8_taxID_97331_model,A0A437ABS8,160,1,ok
A0A6G1M9S3_taxID_2813651_model,A0A6G1M9S3,160,1,ok
A0A7C8NPY3_taxID_2813651_model,A0A7C8NPY3,182,1,ok
A0A7C8PHR6_taxID_2813651_model,A0A7C8PHR6,161,1,ok
A0A7C8QXT6_taxID_2813651_model,A0A7C8QXT6,161,1,ok
A0A7C8U3L5_taxID_2813651_model,A0A7C8U3L5,160,1,ok
A0A7C8UG49_taxID_2813651_model,A0A7C8UG49,175,1,ok
A0AAD6IYQ0_taxID_74499_model,A0AAD6IYQ0,160,1,ok
A0AAN8N2P8_taxID_47235_model,A0AAN8N2P8,161,1,ok
A0AAN8S1M3_taxID_74498_model,A0AAN8S1M3,175,1,ok
A0AAV9V5C2_taxID_3140254_model,A0AAV9V5C2,160,1,ok
A0AAV9VIS4_taxID_1796055_model,A0AAV9VIS4,175,1,ok
A0AAV9W7Y2_taxID_47236_model,A0AAV9W7Y2,175,1,ok
A0AAV9XAI9_taxID_2528407_model,A0AAV9XAI9,174,1,ok
G1XTB4_taxID_756982_model,G1XTB4,161,1,ok
S8C046_taxID_1284197_model,S8C046,160,1,ok
W7HTX7_taxID_1043628_model,W7HTX7,160,1,ok
A0A7D5Z638_taxID_500148_model_A,A0A7D5Z638,373,1,ok
A0A0D9NK72_taxID_1291518_model_A,A0A0D9NK72,373,1,ok
A0A7H8QP42_taxID_121627_model_A,A0A7H8QP42,216,1,ok
A0A7H8R1G7_taxID_121627_model,A0A7H8R1G7,354,1,ok
A0A7R6T5J0_taxID_5627_model,A0A7R6T5J0,149,1,ok
A0A7U2F463_taxID_321614_model,A0A7U2F463,187,1,ok
A0A8A1MPW2_taxID_5037_model,A0A8A1MPW2,378,1,ok
A0A8A3P9S6_taxID_61207_model,A0A8A3P9S6,157,1,ok
A0A8A3PLC2_taxID_61207_model,A0A8A3PLC2,158,1,ok
A0A8E2AKR6_taxID_1052685_model_A,A0A8E2AKR6,158,1,ok
A0A8E2AW04_taxID_1052685_model_A,A0A8E2AW04,158,1,ok
M2P7Y1_taxID_914234_model_A,M2P7Y1,187,1,ok
M2QEA0_taxID_914234_model_A,M2QEA0,157,1,ok
A0A8E2DWK1_taxID_1314670_model,A0A8E2DWK1,148,1,ok
A0A9P4JF56_taxID_1513339_model,A0A9P4JF56,148,1,ok
A0A8E2E040_taxID_1314670_model_A,A0A8E2E040,247,1,ok
A0A8E2EM46_taxID_574774_model_A,A0A8E2EM46,148,1,ok
A0A8E2EQ07_taxID_574774_model_A,A0A8E2EQ07,158,1,ok
A0A8E2EXZ3_taxID_574774_model,A0A8E2EXZ3,143,1,ok
A0A8E2F2M6_taxID_574774_model,A0A8E2F2M6,158,1,ok
A0A8E2F331_taxID_574774_model_A,A0A8E2F331,396,1,ok
A0A8E2JHT1_taxID_1314670_model,A0A8E2JHT1,148,1,ok
A0A8E2JYI7_taxID_574774_model_A,A0A8E2JYI7,251,1,ok
A0A8E5MJW1_taxID_1159556_model,A0A8E5MJW1,210,1,ok
A0A8H2E7P9_taxID_2813651_model_A,A0A8H2E7P9,189,1,ok
A0A8H3BVH4_taxID_456999_model,A0A8H3BVH4,474,1,ok
A0A8H3CQ20_taxID_456999_model,A0A8H3CQ20,475,1,ok
A0A8H3EN91_taxID_116794_model_A,A0A8H3EN91,153,1,ok
A0A8H3FR24_taxID_172621_model_A,A0A8H3FR24,169,1,ok
A0A8H3FVH9_taxID_116794_model,A0A8H3FVH9,448,1,ok
A0A8H3G324_taxID_1903189_model_A,A0A8H3G324,148,1,ok
A0A8H6L2R8_taxID_112416_model_A,A0A8H6L2R8,142,1,ok
A0ABR4A6Y8_taxID_373712_model_A,A0ABR4A6Y8,165,1,ok
A0A8H3G5H2_taxID_116794_model_A,A0A8H3G5H2,139,1,ok
A0A8H3HVS0_taxID_456999_model_A,A0A8H3HVS0,456,1,ok
A0A8H3J3F8_taxID_172621_model,A0A8H3J3F8,174,1,ok
A0A2Z6RB52_taxID_94130_model,A0A2Z6RB52,329,1,ok
A0A8H3URB4_taxID_5025_model,A0A8H3URB4,187,1,ok
A0A8H3YNM1_taxID_5025_model,A0A8H3YNM1,202,1,ok
A0A8H3VZY2_taxID_702518_model,A0A8H3VZY2,451,1,ok
A0A8H3W3M4_taxID_702518_model,A0A8H3W3M4,335,1,ok
A0A397W1V4_taxID_44941_model_A,A0A397W1V4,354,1,ok
A0A8H4B004_taxID_4874_model_A,A0A8H4B004,154,1,ok
A0A9N8W1T2_taxID_1348616_model_A,A0A9N8W1T2,159,1,ok
A0A9N9E246_taxID_60492_model_A,A0A9N9E246,153,1,ok
A0ACA9JUR1_taxID_85575_model_A,A0ACA9JUR1,154,1,ok
A0ACA9LR35_taxID_1316150_model_A,A0ACA9LR35,152,1,ok
A0ACA9MFV3_taxID_1433469_model,A0ACA9MFV3,131,1,ok
A0ACA9Q961_taxID_160502_model,A0ACA9Q961,146,1,ok
A0A8H3YLS0_taxID_5025_model,A0A8H3YLS0,164,1,ok
A0A8H3VQH7_taxID_5025_model,A0A8H3VQH7,162,1,ok
A0A8H3Z591_taxID_5025_model_A,A0A8H3Z591,164,1,ok
A0A517L981_taxID_50376_model_A,A0A517L981,237,1,ok
A0A8H3VS12_taxID_5025_model_A,A0A8H3VS12,229,1,ok
A0A8H3YMW2_taxID_5025_model_A,A0A8H3YMW2,229,1,ok
A0A8H4ER60_taxID_4874_model_A,A0A8H4ER60,174,1,ok
A0A8H4JVE1_taxID_78861_model_A,A0A8H4JVE1,426,1,ok
A0A8H4LY57_taxID_72228_model,A0A8H4LY57,134,1,ok
A0A8H4LYB6_taxID_72228_model,A0A8H4LYB6,134,1,ok
A0A1B8B0A6_taxID_36050_model,A0A1B8B0A6,162,1,ok
A0A8H4PYJ1_taxID_72228_model,A0A8H4PYJ1,124,1,ok
A0A8H4Q7B4_taxID_2030778_model,A0A8H4Q7B4,169,1,ok
A0A8H4RD19_taxID_354080_model,A0A8H4RD19,155,1,ok
A0A8H4REF5_taxID_354080_model,A0A8H4REF5,346,1,ok
A0A8H4RVR8_taxID_354080_model,A0A8H4RVR8,147,1,ok
A0A9P8C4U3_taxID_45428_model,A0A9P8C4U3,161,1,ok
A0A8H4UR38_taxID_1053134_model,A0A8H4UR38,463,1,ok
A0A8H4VIV0_taxID_84607_model_A,A0A8H4VIV0,144,1,ok
A0A8H4WA62_taxID_354080_model_A,A0A8H4WA62,157,1,ok
A0A8H5AS67_taxID_2480587_model,A0A8H5AS67,248,1,ok
A0A8H5B6S5_taxID_2480587_model_A,A0A8H5B6S5,216,1,ok
A0A8H5CSQ3_taxID_201217_model_A,A0A8H5CSQ3,178,1,ok
A0A8H5CSR4_taxID_201217_model_A,A0A8H5CSR4,160,1,ok
A0A8H5G7U9_taxID_201217_model,A0A8H5G7U9,192,1,ok
A0A8H5CPZ2_taxID_201217_model,A0A8H5CPZ2,193,1,ok
A0A8H5GWW4_taxID_182062_model,A0A8H5GWW4,148,1,ok
A0A8H5HDP7_taxID_117010_model_A,A0A8H5HDP7,404,1,ok
A0A8H5HXK5_taxID_2823264_model,A0A8H5HXK5,145,1,ok
A0A8H5J780_taxID_751941_model_A,A0A8H5J780,464,1,ok
A0A8H5J9Q5_taxID_751941_model,A0A8H5J9Q5,242,1,ok
A0A8H5JRL3_taxID_47803_model,A0A8H5JRL3,163,1,ok
A0A8H5KLF1_taxID_56676_model,A0A8H5KLF1,427,1,ok
A0A8H5SS39_taxID_42747_model,A0A8H5SS39,460,1,ok
A0AAN6C3C0_taxID_282268_model,A0AAN6C3C0,483,1,ok
K3VPY0_taxID_1028729_model,K3VPY0,477,1,ok
A0A8H5TQU7_taxID_48490_model_A,A0A8H5TQU7,425,1,ok
A0A8H4ZIX0_taxID_48485_model_A,A0A8H4ZIX0,425,1,ok
A0A8H5UKS9_taxID_48490_model_A,A0A8H5UKS9,434,1,ok
A0A8H5UPN3_taxID_42677_model_A,A0A8H5UPN3,440,1,ok
A0A8H5VII5_taxID_1567544_model,A0A8H5VII5,424,1,ok
A0A8H5ZBE3_taxID_45130_model,A0A8H5ZBE3,200,1,ok
A0A8H6AHL4_taxID_1964551_model,A0A8H6AHL4,144,1,ok
A0A8H6DNI4_taxID_1567541_model,A0A8H6DNI4,174,1,ok
A0A8H6IV04_taxID_2175907_model,A0A8H6IV04,167,1,ok
A0A8H6JDF9_taxID_2175907_model_A,A0A8H6JDF9,212,1,ok
A0A8H6M1T0_taxID_980116_model_A,A0A8H6M1T0,438,1,ok
A0A8H5EVZ1_taxID_980116_model_A,A0A8H5EVZ1,439,1,ok
A0A8H6NPF4_taxID_2175906_model_A,A0A8H6NPF4,212,1,ok
A0A8H6S0L4_taxID_2126181_model_A,A0A8H6S0L4,151,1,ok
A0A8H6SA99_taxID_658473_model,A0A8H6SA99,151,1,ok
A0A8H6U8S8_taxID_2175873_model_A,A0A8H6U8S8,212,1,ok
A0A8H6VFN9_taxID_685502_model,A0A8H6VFN9,209,1,ok
A0A8H6X7R3_taxID_2733690_model,A0A8H6X7R3,519,1,ok
A0A8H6YCU9_taxID_230812_model,A0A8H6YCU9,149,1,ok
A0A8H6YF55_taxID_2733690_model_A,A0A8H6YF55,95,1,ok
A0A8H6YHY9_taxID_230812_model_A,A0A8H6YHY9,100,1,ok
A0A8H6ZAK3_taxID_230812_model_A,A0A8H6ZAK3,147,1,ok
A0A8H7AB16_taxID_364733_model,A0A8H7AB16,184,1,ok
A0A8H7AFZ9_taxID_364733_model_A,A0A8H7AFZ9,245,1,ok
A0A8H7BCK5_taxID_1187904_model,A0A8H7BCK5,226,1,ok
A0A177DXP3_taxID_5599_model,A0A177DXP3,226,1,ok
A0A4Q4M420_taxID_119927_model,A0A4Q4M420,226,1,ok
A0A4Q4NVL9_taxID_5599_model,A0A4Q4NVL9,226,1,ok
A0A4Q4QXM4_taxID_156630_model,A0A4Q4QXM4,226,1,ok
A0A8J2MWK5_taxID_119953_model,A0A8J2MWK5,229,1,ok
A0AAD4NQN5_taxID_48097_model,A0AAD4NQN5,229,1,ok
A0AB37WDN7_taxID_119927_model,A0AB37WDN7,226,1,ok
A0ABR3UY57_taxID_48095_model,A0ABR3UY57,229,1,ok
A0ABY0GHJ6_taxID_119927_model,A0ABY0GHJ6,229,1,ok
A0ACB6FMU4_taxID_167740_model,A0ACB6FMU4,226,1,ok
A0A8H7C4Z8_taxID_192524_model,A0A8H7C4Z8,230,1,ok
A0A8H7F114_taxID_192524_model,A0A8H7F114,146,1,ok
A0A8H7IQP6_taxID_45133_model_A,A0A8H7IQP6,171,1,ok
A0A8H7IRY9_taxID_45133_model,A0A8H7IRY9,114,1,ok
A0A8H7JAM7_taxID_205686_model,A0A8H7JAM7,177,1,ok
A0ACB6RLP9_taxID_301207_model_A,A0ACB6RLP9,198,1,ok
A0A8H7H065_taxID_456999_model_A,A0A8H7H065,493,1,ok
A0A8H7TLJ9_taxID_108018_model,A0A8H7TLJ9,158,1,ok
A0A1E1K7Q4_taxID_914238_model,A0A1E1K7Q4,158,1,ok
A0A8H7Y728_taxID_181762_model,A0A8H7Y728,152,1,ok
A0A409XPQ5_taxID_93625_model,A0A409XPQ5,148,1,ok
A0A8H8CNT2_taxID_181762_model,A0A8H8CNT2,148,1,ok
A0ACB8H9N0_taxID_181762_model,A0ACB8H9N0,152,1,ok
A0ACB8HA24_taxID_181762_model,A0ACB8HA24,148,1,ok
A0A8H8BUN9_taxID_108018_model_A,A0A8H8BUN9,305,1,ok
A0A8H8RNN3_taxID_215460_model,A0A8H8RNN3,129,1,ok
A0A8H8TWB0_taxID_1316788_model,A0A8H8TWB0,180,1,ok
A0A8H8U903_taxID_602034_model_A,A0A8H8U903,129,1,ok
A0A8I2YWL6_taxID_495285_model_A,A0A8I2YWL6,436,1,ok
A0A8I3A4L4_taxID_495285_model_A,A0A8I3A4L4,435,1,ok
A0AAD4BGZ0_taxID_1328754_model_A,A0AAD4BGZ0,435,1,ok
A0AAD4G8V0_taxID_1328754_model,A0AAD4G8V0,434,1,ok
A0A8I2ZPC4_taxID_100787_model,A0A8I2ZPC4,160,1,ok
A0A8H5JW57_taxID_47803_model_A,A0A8H5JW57,282,1,ok
A0A2L2TQ94_taxID_56646_model,A0A2L2TQ94,464,1,ok
A0A8K0L574_taxID_2601811_model,A0A8K0L574,210,1,ok
A0A6A6GQR0_taxID_302913_model,A0A6A6GQR0,210,1,ok
A0A8K0NFF9_taxID_83212_model_A,A0A8K0NFF9,226,1,ok
A0A8K0QU28_taxID_798071_model,A0A8K0QU28,190,1,ok
A0A8K0RBX9_taxID_798071_model,A0A8K0RBX9,157,1,ok
A0A8K0RHV4_taxID_798071_model,A0A8K0RHV4,249,1,ok
A0A8K0SPJ6_taxID_80388_model,A0A8K0SPJ6,127,1,ok
A0A8K0SZ49_taxID_80388_model_A,A0A8K0SZ49,418,1,ok
A0A8K0T2R2_taxID_80388_model_A,A0A8K0T2R2,211,1,ok
A0A8K0TF79_taxID_40658_model_A,A0A8K0TF79,205,1,ok
A0A9P8VDX7_taxID_936078_model,A0A9P8VDX7,229,1,ok
A0A8K0TUH1_taxID_40658_model,A0A8K0TUH1,169,1,ok
A0A8S0XSP5_taxID_1973307_model_A,A0A8S0XSP5,144,1,ok
A0A8T2QF77_taxID_49495_model,A0A8T2QF77,374,1,ok
A0A8T2V451_taxID_49495_model,A0A8T2V451,374,1,ok
A0A8T2V851_taxID_49495_model,A0A8T2V851,375,1,ok
A0A8T9B6T2_taxID_1316785_model_A,A0A8T9B6T2,187,1,ok
A0A7D8YU95_taxID_1316786_model_A,A0A7D8YU95,180,1,ok
A0A8T9BE97_taxID_1316785_model,A0A8T9BE97,126,1,ok
A0A8T9C986_taxID_602035_model,A0A8T9C986,218,1,ok
A0A8T9CG38_taxID_602035_model,A0A8T9CG38,178,1,ok
A0ABR4BS06_taxID_86028_model_A,A0ABR4BS06,177,1,ok
A0A8T9CIM9_taxID_602035_model,A0A8T9CIM9,191,1,ok
A0A922SX66_taxID_45151_model,A0A922SX66,191,1,ok
A0A2W1HTX3_taxID_45151_model,A0A2W1HTX3,190,1,ok
A0A364NF04_taxID_183478_model,A0A364NF04,216,1,ok
A0A3M7LXG1_taxID_1302712_model,A0A3M7LXG1,191,1,ok
A0A4Q4MAA6_taxID_119927_model,A0A4Q4MAA6,196,1,ok
A0A4Q4NP34_taxID_5599_model,A0A4Q4NP34,201,1,ok
A0A4V1X6P4_taxID_156630_model,A0A4V1X6P4,196,1,ok
A0A6A5K856_taxID_184978_model_A,A0A6A5K856,133,1,ok
A0A6A5S9R3_taxID_706981_model,A0A6A5S9R3,195,1,ok
A0A6A7AGA7_taxID_1469910_model_A,A0A6A7AGA7,188,1,ok
A0A6S6WGC4_taxID_97479_model,A0A6S6WGC4,191,1,ok
A0A8J2ID19_taxID_119953_model,A0A8J2ID19,197,1,ok
A0AAD4FIH5_taxID_48097_model,A0AAD4FIH5,196,1,ok
A0AB37WR93_taxID_119927_model,A0AB37WR93,196,1,ok
A0ABR3UFU1_taxID_48095_model,A0ABR3UFU1,196,1,ok
A0ABY0FWW0_taxID_119927_model,A0ABY0FWW0,196,1,ok
A0ACB6FRC5_taxID_167740_model,A0ACB6FRC5,196,1,ok
B2WDF2_taxID_426418_model,B2WDF2,190,1,ok
E3RKW5_taxID_861557_model,E3RKW5,191,1,ok
M2SKF1_taxID_665912_model,M2SKF1,200,1,ok
R0KL62_taxID_671987_model_A,R0KL62,192,1,ok
A0A977JZM9_taxID_36659_model_A,A0A977JZM9,156,1,ok
A0A977TF49_taxID_36659_model_A,A0A977TF49,171,1,ok
A0A9N9BBF1_taxID_144538_model,A0A9N9BBF1,287,1,ok
A0A9N9CE55_taxID_27381_model,A0A9N9CE55,145,1,ok
A0A9N9FWN2_taxID_1348616_model,A0A9N9FWN2,159,1,ok
A0A9N9LC05_taxID_746836_model_A,A0A9N9LC05,126,1,ok
A0A423VCB8_taxID_252740_model,A0A423VCB8,125,1,ok
A0A9N9LHE3_taxID_595503_model_A,A0A9N9LHE3,133,1,ok
A0A9N9LXW2_taxID_595503_model_A,A0A9N9LXW2,451,1,ok
A0A9N9M273_taxID_595503_model,A0A9N9M273,185,1,ok
A0A9N9KTX2_taxID_746836_model_A,A0A9N9KTX2,183,1,ok
A0A9N9PV81_taxID_595503_model,A0A9N9PV81,152,1,ok
A0A9N9KZZ8_taxID_746836_model,A0A9N9KZZ8,161,1,ok
A0A9N9TUY4_taxID_160290_model,A0A9N9TUY4,442,1,ok
A0AA35M0Q8_taxID_1926264_model,A0AA35M0Q8,443,1,ok
A0A9P3C7R6_taxID_84275_model,A0A9P3C7R6,211,1,ok
A0A2G5HZV8_taxID_122368_model,A0A2G5HZV8,211,1,ok
A0A2S6CE84_taxID_357750_model,A0A2S6CE84,211,1,ok
A0A9Q8USR0_taxID_5499_model,A0A9Q8USR0,214,1,ok
N1PF89_taxID_675120_model,N1PF89,216,1,ok
A0A9P3LDL9_taxID_48140_model_A,A0A9P3LDL9,419,1,ok
A0A9P4GBK0_taxID_1168544_model,A0A9P4GBK0,200,1,ok
A0A6A6IR15_taxID_390896_model,A0A6A6IR15,201,1,ok
A0A2T2NBF2_taxID_1448308_model,A0A2T2NBF2,216,1,ok
A0A9P4GH35_taxID_1168544_model,A0A9P4GH35,220,1,ok
A0A9P4HM55_taxID_1314787_model,A0A9P4HM55,172,1,ok
A0A9P4I4W6_taxID_1504668_model,A0A9P4I4W6,151,1,ok
A0A9P4IEM6_taxID_1504668_model,A0A9P4IEM6,185,1,ok
A0A9P4IZQ8_taxID_1168546_model_A,A0A9P4IZQ8,190,1,ok
A0A9P4J5B3_taxID_1168546_model,A0A9P4J5B3,205,1,ok
A0A9P4JHW3_taxID_1513339_model,A0A9P4JHW3,145,1,ok
A0A9P4JTJ6_taxID_1513339_model,A0A9P4JTJ6,160,1,ok
A0A9P4K111_taxID_147567_model_A,A0A9P4K111,269,1,ok
A0A9P4LGD6_taxID_210430_model,A0A9P4LGD6,160,1,ok
A0A9P4LI39_taxID_210430_model,A0A9P4LI39,186,1,ok
A0A9P4M8Q7_taxID_1504668_model,A0A9P4M8Q7,166,1,ok
A0A9P4MUD9_taxID_1513339_model,A0A9P4MUD9,188,1,ok
A0A9P4MYN4_taxID_147567_model,A0A9P4MYN4,146,1,ok
A0A9P4N8G3_taxID_147567_model,A0A9P4N8G3,209,1,ok
A0A9P4NGN5_taxID_1048955_model_A,A0A9P4NGN5,146,1,ok
A0A9P4P043_taxID_1048955_model,A0A9P4P043,163,1,ok
A0A9P4PEI2_taxID_1392251_model,A0A9P4PEI2,153,1,ok
A0A177CN05_taxID_1460663_model,A0A177CN05,200,1,ok
A0A9P6GIB7_taxID_565426_model_A,A0A9P6GIB7,200,1,ok
A0A9P4PLN5_taxID_1392251_model,A0A9P4PLN5,203,1,ok
A0A9P4Q4R2_taxID_1314669_model_A,A0A9P4Q4R2,174,1,ok
A0A9P4QCU2_taxID_1314669_model,A0A9P4QCU2,155,1,ok
A0A2D3VEC3_taxID_112498_model,A0A2D3VEC3,147,1,ok
A0A9P4QDB0_taxID_1314669_model,A0A9P4QDB0,191,1,ok
A0A9P4QYK7_taxID_682080_model,A0A9P4QYK7,189,1,ok
A0A9P4QZW0_taxID_682080_model,A0A9P4QZW0,210,1,ok
A0A9P4S3D7_taxID_1346257_model,A0A9P4S3D7,142,1,ok
A0A9P4T4X0_taxID_90978_model,A0A9P4T4X0,211,1,ok
A0A9P4T7M4_taxID_90978_model,A0A9P4T7M4,159,1,ok
A0ACC2IC80_taxID_749465_model,A0ACC2IC80,160,1,ok
A0A9P4TJU4_taxID_90978_model,A0A9P4TJU4,229,1,ok
A0A9P4TPH8_taxID_147567_model,A0A9P4TPH8,198,1,ok
A0A9P4TTN6_taxID_1048955_model,A0A9P4TTN6,184,1,ok
A0A9P4U489_taxID_1048955_model_A,A0A9P4U489,162,1,ok
A0A9P4V0B1_taxID_682080_model_A,A0A9P4V0B1,167,1,ok
A0A9P4VMM4_taxID_1346257_model_A,A0A9P4VMM4,155,1,ok
A0A9P4VSJ9_taxID_1346257_model,A0A9P4VSJ9,179,1,ok
A0A9P4XX01_taxID_660469_model_A,A0A9P4XX01,180,1,ok
A0A9P4YJ40_taxID_101480_model_A,A0A9P4YJ40,219,1,ok
A0A059JJQ6_taxID_1215338_model_A,A0A059JJQ6,207,1,ok
A0A9P5AC41_taxID_44412_model_A,A0A9P5AC41,470,1,ok
A0A3L6NAE7_taxID_396571_model_A,A0A3L6NAE7,464,1,ok
A0A8H4PDS8_taxID_2364996_model_A,A0A8H4PDS8,464,1,ok
A0A8H5EN09_taxID_5507_model_A,A0A8H5EN09,464,1,ok
A0A8H5YWG8_taxID_78864_model_A,A0A8H5YWG8,471,1,ok
A0A8H6GKA5_taxID_100902_model_A,A0A8H6GKA5,471,1,ok
A0A8J5UIE6_taxID_96318_model,A0A8J5UIE6,471,1,ok
W9JKK9_taxID_660027_model_A,W9JKK9,464,1,ok
X0BL08_taxID_1089458_model_A,X0BL08,471,1,ok
A0A9P5BW11_taxID_1769908_model_A,A0A9P5BW11,169,1,ok
A0A9P5MS31_taxID_152965_model,A0A9P5MS31,149,1,ok
A0A9P5NP12_taxID_109634_model_A,A0A9P5NP12,145,1,ok
A0A9P5NU10_taxID_109634_model_A,A0A9P5NU10,145,1,ok
A0A9P5YS01_taxID_109636_model,A0A9P5YS01,146,1,ok
A0AA38PLT2_taxID_153919_model,A0AA38PLT2,149,1,ok
A0AA39MY69_taxID_47425_model,A0AA39MY69,235,1,ok
A0A9P5PKH0_taxID_206335_model_A,A0A9P5PKH0,415,1,ok
A0A9P5YAQ3_taxID_64659_model_A,A0A9P5YAQ3,418,1,ok
A0A9P5YX13_taxID_109636_model_A,A0A9P5YX13,142,1,ok
A0A9P6BY48_taxID_1400762_model_A,A0A9P6BY48,193,1,ok
A0A9P6ELV7_taxID_179855_model,A0A9P6ELV7,145,1,ok
A0A9P6G6A9_taxID_565426_model_A,A0A9P6G6A9,169,1,ok
A0A9P6GD45_taxID_565426_model,A0A9P6GD45,210,1,ok
A0A9P6LG49_taxID_1095194_model,A0A9P6LG49,151,1,ok
A0A9P6VMU7_taxID_353542_model,A0A9P6VMU7,166,1,ok
A0A9P7AYC7_taxID_353542_model,A0A9P7AYC7,179,1,ok
A0A9P7ECI6_taxID_48587_model,A0A9P7ECI6,211,1,ok
A0A9P7FEP6_taxID_1912936_model_A,A0A9P7FEP6,421,1,ok
A0A0C3PGK8_taxID_870435_model_A,A0A0C3PGK8,421,1,ok
A0A0C3EEV9_taxID_1036808_model_A,A0A0C3EEV9,425,1,ok
A0A165TU36_taxID_1314782_model,A0A165TU36,413,1,ok
A0A1B7NAD1_taxID_1314800_model_A,A0A1B7NAD1,421,1,ok
A0A9P6ZPI2_taxID_48579_model_A,A0A9P6ZPI2,421,1,ok
A0A9P7AQK0_taxID_116603_model_A,A0A9P7AQK0,421,1,ok
A0AAD4DPP0_taxID_1912939_model_A,A0AAD4DPP0,421,1,ok
A0AAD4HFX7_taxID_1912939_model,A0AAD4HFX7,419,1,ok
A0A9P7KV03_taxID_40199_model_A,A0A9P7KV03,166,1,ok
A0A2L2SRY2_taxID_56646_model_A,A0A2L2SRY2,167,1,ok
A0A9P7RNZ5_taxID_181124_model_A,A0A9P7RNZ5,425,1,ok
A0A9P7UN11_taxID_181124_model,A0A9P7UN11,145,1,ok
A0A9P7YAX7_taxID_45428_model,A0A9P7YAX7,145,1,ok
A0A9P7YSQ7_taxID_45428_model_A,A0A9P7YSQ7,283,1,ok
A0A9P7Z3A8_taxID_1763456_model,A0A9P7Z3A8,177,1,ok
A0A9P8C395_taxID_45428_model,A0A9P8C395,200,1,ok
A0A9P8FQJ9_taxID_46634_model_A,A0A9P8FQJ9,147,1,ok
A0A9P8ENH5_taxID_46634_model,A0A9P8ENH5,200,1,ok
A0ABR0TRB7_taxID_5580_model,A0ABR0TRB7,198,1,ok
A0A9P8FXF2_taxID_46634_model_A,A0A9P8FXF2,146,1,ok
A0A9P8I7W5_taxID_1670608_model_A,A0A9P8I7W5,174,1,ok
A0A9P8IMB7_taxID_1042133_model,A0A9P8IMB7,335,1,ok
A0A9P8JAR0_taxID_46634_model,A0A9P8JAR0,173,1,ok
A0A9P8KCL2_taxID_46634_model,A0A9P8KCL2,177,1,ok
A0A9P8MT67_taxID_111463_model,A0A9P8MT67,143,1,ok
A0A9P8N0Q3_taxID_111463_model,A0A9P8N0Q3,124,1,ok
A0A9P8N2E9_taxID_111463_model_A,A0A9P8N2E9,218,1,ok
A0A084AYI1_taxID_1280523_model_A,A0A084AYI1,224,1,ok
A0A084QJ67_taxID_1283841_model_A,A0A084QJ67,224,1,ok
A0A0A1SZ60_taxID_1531966_model_A,A0A0A1SZ60,216,1,ok
A0A0B7JMD6_taxID_29856_model_A,A0A0B7JMD6,223,1,ok
A0A0F7ZYT2_taxID_1043627_model_A,A0A0F7ZYT2,214,1,ok
A0A0L0NDW4_taxID_1163406_model_A,A0A0L0NDW4,219,1,ok
A0A136JFC0_taxID_196109_model_A,A0A136JFC0,213,1,ok
A0A167EGD5_taxID_1081107_model,A0A167EGD5,218,1,ok
A0A179HB00_taxID_33203_model_A,A0A179HB00,217,1,ok
A0A179IBT8_taxID_2714763_model,A0A179IBT8,218,1,ok
A0A2H4SJ54_taxID_73501_model,A0A2H4SJ54,222,1,ok
A0A2K3QJU1_taxID_45235_model_A,A0A2K3QJU1,218,1,ok
A0A2N6P261_taxID_176275_model,A0A2N6P261,218,1,ok
A0A2S4KWC6_taxID_94208_model_A,A0A2S4KWC6,218,1,ok
A0A2S7YNR6_taxID_176275_model,A0A2S7YNR6,217,1,ok
A0A2U3EA21_taxID_33203_model_A,A0A2U3EA21,217,1,ok
A0A3M2S0U8_taxID_2010991_model_A,A0A3M2S0U8,221,1,ok
A0A428R260_taxID_1325734_model_A,A0A428R260,213,1,ok
A0A428S2T1_taxID_1325733_model_A,A0A428S2T1,221,1,ok
A0A428UZM7_taxID_131363_model_A,A0A428UZM7,221,1,ok
A0A430L3T0_taxID_1147111_model_A,A0A430L3T0,221,1,ok
A0A9N9XWR8_taxID_160290_model,A0A9N9XWR8,217,1,ok
A0A9N9YPG7_taxID_160324_model_A,A0A9N9YPG7,216,1,ok
A0A9N9ZGP9_taxID_160281_model_A,A0A9N9ZGP9,216,1,ok
A0A9P7PVI4_taxID_1294629_model_A,A0A9P7PVI4,221,1,ok
A0A9P7QM48_taxID_1967640_model_A,A0A9P7QM48,221,1,ok
A0A9P7SG79_taxID_1649127_model_A,A0A9P7SG79,221,1,ok
A0A9P7SQ62_taxID_1623583_model_A,A0A9P7SQ62,221,1,ok
A0A9P8YAV9_taxID_1682393_model,A0A9P8YAV9,221,1,ok
A0A9P9KM55_taxID_169388_model_A,A0A9P9KM55,212,1,ok
A0A9Q8VHK7_taxID_2060973_model_A,A0A9Q8VHK7,217,1,ok
A0A9W8W7V2_taxID_1435070_model_A,A0A9W8W7V2,213,1,ok
A0AAI8YEM3_taxID_933095_model_A,A0AAI8YEM3,222,1,ok
A0AB34G1W5_taxID_1247861_model_A,A0AB34G1W5,217,1,ok
A0ABQ0CQG5_taxID_79588_model_A,A0ABQ0CQG5,218,1,ok
A0ABQ7PI35_taxID_1623583_model_A,A0ABQ7PI35,221,1,ok
A0ABR1SFY0_taxID_335849_model_A,A0ABR1SFY0,219,1,ok
A0ABR1UD57_taxID_990691_model_A,A0ABR1UD57,219,1,ok
A0ACA9TFL9_taxID_1349383_model_A,A0ACA9TFL9,223,1,ok
A0ACB9ZAH5_taxID_110542_model_A,A0ACB9ZAH5,221,1,ok
A0ACC0DM41_taxID_110542_model_A,A0ACC0DM41,224,1,ok
A0ACC0QMC4_taxID_1328300_model_A,A0ACC0QMC4,216,1,ok
A0ACC1MLA8_taxID_93591_model_A,A0ACC1MLA8,217,1,ok
A0ACC1RIB5_taxID_57161_model_A,A0ACC1RIB5,218,1,ok
A0ACD3Z1I3_taxID_2747967_model_A,A0ACD3Z1I3,216,1,ok
J4KM64_taxID_655819_model,J4KM64,217,1,ok
M1W198_taxID_1111077_model_A,M1W198,221,1,ok
A0A9P8N751_taxID_111463_model,A0A9P8N751,164,1,ok
A0A9P8SF21_taxID_111463_model,A0A9P8SF21,142,1,ok
A0A9P8SK06_taxID_111463_model,A0A9P8SK06,130,1,ok
A0A9P8VZR4_taxID_1576542_model,A0A9P8VZR4,428,1,ok
A0A9P9AAI5_taxID_936078_model,A0A9P9AAI5,168,1,ok
A0A9P9AC83_taxID_936078_model,A0A9P9AC83,123,1,ok
A0A9P9CYR3_taxID_256645_model,A0A9P9CYR3,157,1,ok
A0A9P9DH90_taxID_256645_model,A0A9P9DH90,179,1,ok
A0A9P9E097_taxID_256645_model_A,A0A9P9E097,294,1,ok
A0A9P9E535_taxID_256645_model_A,A0A9P9E535,134,1,ok
A0A9P9EIM9_taxID_256645_model,A0A9P9EIM9,399,1,ok
A0A9P9IZ74_taxID_256645_model,A0A9P9IZ74,180,1,ok
A0A9P9J9F7_taxID_1079267_model_A,A0A9P9J9F7,447,1,ok
A0A0P7BFC0_taxID_78410_model_A,A0A0P7BFC0,446,1,ok
A0A9P9WK24_taxID_1658444_model_A,A0A9P9WK24,387,1,ok
A0A2T3YVK6_taxID_1042311_model_A,A0A2T3YVK6,195,1,ok
A0A8H6AXV0_taxID_1964551_model,A0A8H6AXV0,210,1,ok
A0A9P9A454_taxID_152316_model_A,A0A9P9A454,198,1,ok
W3XNJ3_taxID_1229662_model_A,W3XNJ3,196,1,ok
A0A9Q5NFF1_taxID_108892_model_A,A0A9Q5NFF1,152,1,ok
A0A9Q8PG69_taxID_5499_model,A0A9Q8PG69,202,1,ok
A0A9Q8URF0_taxID_5499_model,A0A9Q8URF0,154,1,ok
A0A9Q8WN77_taxID_145971_model_A,A0A9Q8WN77,363,1,ok
A0A9Q8Z733_taxID_95742_model,A0A9Q8Z733,203,1,ok
A0A9Q9AK53_taxID_215465_model,A0A9Q9AK53,209,1,ok
A0A9Q9B2J7_taxID_215465_model,A0A9Q9B2J7,153,1,ok
A0A2G5HTG4_taxID_122368_model,A0A2G5HTG4,172,1,ok
A0A2S6C9X9_taxID_357750_model,A0A2S6C9X9,168,1,ok
A0A9P3D0K0_taxID_84275_model,A0A9P3D0K0,167,1,ok
A0A9Q9DV52_taxID_95742_model,A0A9Q9DV52,183,1,ok
A0A9Q9RQ73_taxID_5127_model_A,A0A9Q9RQ73,403,1,ok
A0A1L7SRP7_taxID_192010_model_A,A0A1L7SRP7,403,1,ok
A0A8H5I5E5_taxID_751941_model_A,A0A8H5I5E5,403,1,ok
A0A8H5JKQ2_taxID_42672_model_A,A0A8H5JKQ2,403,1,ok
A0A9P8DHJ5_taxID_1042133_model_A,A0A9P8DHJ5,421,1,ok
A0A9W4P7V8_taxID_1303716_model,A0A9W4P7V8,386,1,ok
A0A9W4UAS1_taxID_1303443_model_A,A0A9W4UAS1,177,1,ok
A0A9W4ULZ7_taxID_1303443_model,A0A9W4ULZ7,182,1,ok
A0A9W4XG49_taxID_1303443_model_A,A0A9W4XG49,138,1,ok
A0A9W4XKP6_taxID_1303443_model,A0A9W4XKP6,135,1,ok
A0A9W4XWD3_taxID_1303443_model,A0A9W4XWD3,176,1,ok
A0A9W7SSJ9_taxID_418781_model,A0A9W7SSJ9,203,1,ok
A0A6G1LHH1_taxID_161662_model,A0A6G1LHH1,196,1,ok
A0A9W8RLY5_taxID_1237075_model_A,A0A9W8RLY5,397,1,ok
A0A9W8RNA8_taxID_1237075_model,A0A9W8RNA8,380,1,ok
A0A9W8TQB9_taxID_114810_model,A0A9W8TQB9,112,1,ok
A0A9W8UQ41_taxID_2231603_model,A0A9W8UQ41,129,1,ok
A0A168F2E9_taxID_1081108_model,A0A168F2E9,128,1,ok
A0A9W8VIW2_taxID_1237075_model,A0A9W8VIW2,185,1,ok
A0A9W8X1Z9_taxID_749621_model_A,A0A9W8X1Z9,152,1,ok
A0A9W8XEL1_taxID_1932322_model,A0A9W8XEL1,224,1,ok
A0A9W8XWX0_taxID_1932322_model,A0A9W8XWX0,327,1,ok
A0A9W8Z3C7_taxID_1191159_model_A,A0A9W8Z3C7,202,1,ok
A0A9W8ZND0_taxID_749634_model,A0A9W8ZND0,221,1,ok
A0A9P4WZQ1_taxID_1769908_model,A0A9P4WZQ1,221,1,ok
A0A9W8X6H4_taxID_749621_model,A0A9W8X6H4,221,1,ok
A0A9W9BY78_taxID_749621_model,A0A9W9BY78,293,1,ok
A0A6A6TQ10_taxID_1314788_model,A0A6A6TQ10,212,1,ok
A0A9W9DSJ3_taxID_153920_model_A,A0A9W9DSJ3,424,1,ok
A0A9W9E8A8_taxID_2034170_model_A,A0A9W9E8A8,184,1,ok
A0A9W9G6A9_taxID_1131581_model,A0A9W9G6A9,404,1,ok
A0A0M8NS36_taxID_229535_model,A0A0M8NS36,404,1,ok
A0A9W4J4I1_taxID_1612424_model,A0A9W4J4I1,403,1,ok
A0A9W4MKU2_taxID_99116_model,A0A9W4MKU2,393,1,ok
A0A9W9H0G7_taxID_126998_model,A0A9W9H0G7,389,1,ok
A0A9W9HKK0_taxID_1132637_model,A0A9W9HKK0,397,1,ok
A0A9W9IP98_taxID_2972119_model,A0A9W9IP98,395,1,ok
A0A9W9K980_taxID_116970_model,A0A9W9K980,370,1,ok
A0A9W9L8K5_taxID_126998_model,A0A9W9L8K5,415,1,ok
A0A9W9NW18_taxID_5077_model,A0A9W9NW18,385,1,ok
A0A9W9VBH4_taxID_293559_model,A0A9W9VBH4,383,1,ok
A0A9W9W781_taxID_1131564_model,A0A9W9W781,407,1,ok
A0A9W9WQE3_taxID_1303715_model,A0A9W9WQE3,306,1,ok
A0A9X0AKT3_taxID_352851_model,A0A9X0AKT3,205,1,ok
A0A8H2VKB5_taxID_28548_model,A0A8H2VKB5,205,1,ok
A0A9X0C4D4_taxID_1882269_model,A0A9X0C4D4,376,1,ok
A0A2I1CR74_taxID_1392248_model,A0A2I1CR74,376,1,ok
A0A383URA9_taxID_2867405_model,A0A383URA9,174,1,ok
A0A9W4DAM0_taxID_1689686_model,A0A9W4DAM0,187,1,ok
N1J8Z1_taxID_546991_model,N1J8Z1,178,1,ok
A0AA35MIP6_taxID_1926264_model,A0AA35MIP6,77,1,ok
A0AA38JMF4_taxID_2804957_model,A0AA38JMF4,149,1,ok
A0A0D0CV66_taxID_944289_model,A0A0D0CV66,148,1,ok
A0A284RME6_taxID_47428_model,A0A284RME6,233,1,ok
A0A2H3BYM4_taxID_1076256_model,A0A2H3BYM4,236,1,ok
A0A4Z0A5G8_taxID_135208_model_A,A0A4Z0A5G8,149,1,ok
A0A8A5MZC0_taxID_47428_model,A0A8A5MZC0,233,1,ok
A0A9P5MS95_taxID_152965_model_A,A0A9P5MS95,149,1,ok
A0A9W8TXL8_taxID_2804962_model,A0A9W8TXL8,149,1,ok
A0AA38NPT6_taxID_2804958_model,A0AA38NPT6,149,1,ok
A0AA39JQW3_taxID_47425_model,A0AA39JQW3,149,1,ok
A0ABQ8QIG9_taxID_40481_model,A0ABQ8QIG9,149,1,ok
A0ACB8RHH7_taxID_40419_model,A0ACB8RHH7,149,1,ok
A0ACB8T765_taxID_48021_model,A0ACB8T765,150,1,ok
D6RL64_taxID_240176_model,D6RL64,147,1,ok
A0AA38RMA6_taxID_41990_model,A0AA38RMA6,122,1,ok
A0AA38VH97_taxID_91930_model,A0AA38VH97,123,1,ok
A0AA38W327_taxID_91930_model_A,A0AA38W327,198,1,ok
A0AA39CFY0_taxID_386627_model,A0AA39CFY0,176,1,ok
A0AA39L820_taxID_5046_model_A,A0AA39L820,145,1,ok
A0AA39PA08_taxID_153914_model,A0AA39PA08,232,1,ok
A0AA39QZS5_taxID_184061_model_A,A0AA39QZS5,411,1,ok
A0AA39R8U1_taxID_184061_model,A0AA39R8U1,146,1,ok
A0AA39TCK8_taxID_153914_model,A0AA39TCK8,149,1,ok
A0AA39P9P0_taxID_153914_model,A0AA39P9P0,156,1,ok
A0AA39QC71_taxID_153913_model,A0AA39QC71,157,1,ok
A0AA39WML9_taxID_252184_model_A,A0AA39WML9,157,1,ok
A0AA39WWK0_taxID_314043_model_A,A0AA39WWK0,130,1,ok
A0AA39X2C0_taxID_314043_model_A,A0AA39X2C0,433,1,ok
A0AA39XF85_taxID_314043_model_A,A0AA39XF85,202,1,ok
A0AA39XPR0_taxID_869390_model,A0AA39XPR0,172,1,ok
A0A8H7IPP2_taxID_45133_model_A,A0A8H7IPP2,172,1,ok
A0AA39XY02_taxID_869390_model_A,A0AA39XY02,370,1,ok
A0AA39YEC9_taxID_92897_model_A,A0AA39YEC9,163,1,ok
A0AA39YT88_taxID_92897_model,A0AA39YT88,258,1,ok
A0AA39ZHB9_taxID_330535_model_A,A0AA39ZHB9,225,1,ok
A0AA40BHX9_taxID_1954250_model_A,A0AA40BHX9,223,1,ok
A0AA40A1C2_taxID_260670_model,A0AA40A1C2,124,1,ok
A0AA40BCX3_taxID_260670_model,A0AA40BCX3,223,1,ok
A0AA40CI83_taxID_92897_model_A,A0AA40CI83,130,1,ok
A0AA40CKN8_taxID_92897_model,A0AA40CKN8,123,1,ok
A0AA40CS78_taxID_92897_model_A,A0AA40CS78,180,1,ok
A0AA40CYF2_taxID_869390_model,A0AA40CYF2,161,1,ok
A0A1J9R1M8_taxID_236234_model,A0A1J9R1M8,167,1,ok
A0A5N5DDM5_taxID_45133_model,A0A5N5DDM5,168,1,ok
A0A8H4IQ82_taxID_55169_model,A0A8H4IQ82,160,1,ok
A0ABQ8GV98_taxID_35725_model,A0ABQ8GV98,159,1,ok
A0ABR3T0M1_taxID_45134_model_A,A0ABR3T0M1,166,1,ok
A0ABR3TJ48_taxID_856260_model,A0ABR3TJ48,159,1,ok
A0ACB5RUH5_taxID_310453_model,A0ACB5RUH5,166,1,ok
K2R777_taxID_1126212_model,K2R777,159,1,ok
R1GGH2_taxID_1287680_model,R1GGH2,167,1,ok
A0AA40D4L4_taxID_330535_model,A0AA40D4L4,388,1,ok
A0AA40DDV9_taxID_330535_model,A0AA40DDV9,447,1,ok
A0AA40DY47_taxID_1954250_model,A0AA40DY47,130,1,ok
A0AA40EBB7_taxID_260670_model_A,A0AA40EBB7,165,1,ok
A0AA40EQQ0_taxID_314040_model,A0AA40EQQ0,435,1,ok
A0AA40EUS9_taxID_314040_model,A0AA40EUS9,202,1,ok
A0AA40F0I2_taxID_314040_model,A0AA40F0I2,167,1,ok
A0AA40F239_taxID_314040_model_A,A0AA40F239,430,1,ok
A0AA40F7I6_taxID_314040_model_A,A0AA40F7I6,128,1,ok
A0AA40K261_taxID_314040_model,A0AA40K261,125,1,ok
A0AA40K5X6_taxID_314040_model,A0AA40K5X6,168,1,ok
A0AA40K892_taxID_314040_model,A0AA40K892,134,1,ok
A0AA43QK37_taxID_258253_model,A0AA43QK37,431,1,ok
U1I0C6_taxID_1263415_model,U1I0C6,443,1,ok
A0AAD2H6M4_taxID_2018698_model,A0AAD2H6M4,156,1,ok
A0AAD2H4D2_taxID_2018698_model,A0AAD2H4D2,156,1,ok
A0AAD2H686_taxID_2018698_model,A0AAD2H686,156,1,ok
A0AAD4E4K7_taxID_1912939_model_A,A0AAD4E4K7,414,1,ok
A0AAD4F503_taxID_669026_model_A,A0AAD4F503,209,1,ok
A0AAD4KK35_taxID_1131652_model_A,A0AAD4KK35,227,1,ok
A0A225AK64_taxID_1441469_model_A,A0A225AK64,239,1,ok
A0AAD4M2Z7_taxID_376703_model,A0AAD4M2Z7,172,1,ok
A0AAD4M928_taxID_376703_model,A0AAD4M928,149,1,ok
A0AAD5DZA6_taxID_2649997_model_A,A0AAD5DZA6,142,1,ok
A0AAD5RGJ3_taxID_339359_model_A,A0AAD5RGJ3,218,1,ok
A0AAD5RIJ0_taxID_339359_model_A,A0AAD5RIJ0,179,1,ok
A0AAD5RXG2_taxID_339359_model,A0AAD5RXG2,136,1,ok
A0AAD5V4M1_taxID_2056292_model,A0AAD5V4M1,443,1,ok
A0AAD5VMD2_taxID_56174_model,A0AAD5VMD2,156,1,ok
A0AAD5VMH3_taxID_56174_model,A0AAD5VMH3,186,1,ok
A0AAD6CLF4_taxID_3151616_model,A0AAD6CLF4,387,1,ok
A0ABR4IBP9_taxID_176166_model,A0ABR4IBP9,387,1,ok
A0AAD6E2M1_taxID_40994_model,A0AAD6E2M1,400,1,ok
A0AAD6IWI5_taxID_74499_model,A0AAD6IWI5,318,1,ok
A0AAD6IWR0_taxID_74499_model,A0AAD6IWR0,214,1,ok
A0AAD6J3H0_taxID_74499_model_A,A0AAD6J3H0,684,1,ok
A0AAD6NJA4_taxID_74499_model,A0AAD6NJA4,222,1,ok
A0AAD6NK31_taxID_74499_model_A,A0AAD6NK31,194,1,ok
A0AAD6S7D4_taxID_1745969_model_A,A0AAD6S7D4,208,1,ok
A0AAD6SW16_taxID_1745969_model_A,A0AAD6SW16,148,1,ok
A0AAD7BG56_taxID_1738132_model,A0AAD7BG56,234,1,ok
A0AAD7H3E9_taxID_1033252_model_A,A0AAD7H3E9,148,1,ok
A0AAD7NJT2_taxID_1033252_model_A,A0AAD7NJT2,148,1,ok
A0AAW0CBD3_taxID_2862362_model,A0AAW0CBD3,148,1,ok
A0AAD7CSE0_taxID_1033263_model,A0AAD7CSE0,149,1,ok
A0AAD6UQP4_taxID_153505_model,A0AAD6UQP4,167,1,ok
A0AAD7D1D7_taxID_1033263_model,A0AAD7D1D7,162,1,ok
A0AAD7EMG0_taxID_1033008_model,A0AAD7EMG0,146,1,ok
A0AAD7J5J2_taxID_1033252_model_A,A0AAD7J5J2,170,1,ok
A0AAD7JKZ3_taxID_1033252_model_A,A0AAD7JKZ3,169,1,ok
A0AAD7K2V0_taxID_230809_model,A0AAD7K2V0,155,1,ok
A0AAD7MRF3_taxID_230809_model_A,A0AAD7MRF3,187,1,ok
A0AAD7TEA0_taxID_1111947_model,A0AAD7TEA0,150,1,ok
A0AAD7TG68_taxID_1111947_model,A0AAD7TG68,122,1,ok
A0A1M2VPA5_taxID_154538_model,A0A1M2VPA5,151,1,ok
A0AAD8UIL4_taxID_27357_model_A,A0AAD8UIL4,214,1,ok
A0A010RY59_taxID_1445577_model,A0A010RY59,315,1,ok
A0A066XW40_taxID_1173701_model,A0A066XW40,218,1,ok
A0A135RMZ4_taxID_703756_model_A,A0A135RMZ4,207,1,ok
A0A135SUC7_taxID_1209931_model_A,A0A135SUC7,214,1,ok
A0A135SV65_taxID_1460502_model_A,A0A135SV65,214,1,ok
A0A162Q605_taxID_1573173_model,A0A162Q605,218,1,ok
A0A1G4ANR7_taxID_1209926_model_A,A0A1G4ANR7,214,1,ok
A0A1Q8S150_taxID_708187_model_A,A0A1Q8S150,158,1,ok
A0A7J6JPL9_taxID_1213859_model,A0A7J6JPL9,215,1,ok
A0A9P5EZI0_taxID_690259_model,A0A9P5EZI0,215,1,ok
A0A9P7QUR7_taxID_1209932_model,A0A9P7QUR7,305,1,ok
A0A9Q0AYM7_taxID_1671311_model,A0A9Q0AYM7,332,1,ok
A0AAD8QC98_taxID_681940_model,A0AAD8QC98,217,1,ok
A0AAD9HEX9_taxID_1216348_model,A0AAD9HEX9,218,1,ok
A0AAI9XJT9_taxID_1209925_model,A0AAI9XJT9,301,1,ok
A0AAI9XMS7_taxID_1209917_model,A0AAI9XMS7,305,1,ok
A0AAI9ZVP4_taxID_359342_model_A,A0AAI9ZVP4,198,1,ok
A0ABQ9P8C6_taxID_1209924_model,A0ABQ9P8C6,265,1,ok
A0ABQ9S1X6_taxID_1914294_model,A0ABQ9S1X6,334,1,ok
A0ACC3Z5L5_taxID_5467_model,A0ACC3Z5L5,250,1,ok
E3QED9_taxID_645133_model_A,E3QED9,215,1,ok
H1UXI3_taxID_759273_model_A,H1UXI3,194,1,ok
A0AAD8UX87_taxID_681940_model,A0AAD8UX87,151,1,ok
A0AAD9E8H7_taxID_1836956_model,A0AAD9E8H7,216,1,ok
A0A1B7YV68_taxID_759273_model_A,A0A1B7YV68,194,1,ok
A0A4T0WCY6_taxID_80884_model_A,A0A4T0WCY6,194,1,ok
A0AAD9HKT9_taxID_1216348_model_A,A0AAD9HKT9,151,1,ok
A0A066XSY6_taxID_1173701_model,A0A066XSY6,151,1,ok
A0AAD9MDM7_taxID_1825666_model,A0AAD9MDM7,234,1,ok
A0AAD9S3E1_taxID_1214568_model,A0AAD9S3E1,212,1,ok
A0AAD9SIJ2_taxID_1214568_model,A0AAD9SIJ2,102,1,ok
A0ABR3VXJ2_taxID_127596_model_A,A0ABR3VXJ2,166,1,ok
A0AAD9T3V8_taxID_946125_model,A0AAD9T3V8,297,1,ok
A0AAD9Y405_taxID_34407_model_A,A0AAD9Y405,184,1,ok
A0AAD9ZE16_taxID_209136_model,A0AAD9ZE16,106,1,ok
A0ABR4BMK5_taxID_1340010_model_A,A0ABR4BMK5,151,1,ok
A0AAE0CWK9_taxID_34407_model,A0AAE0CWK9,301,1,ok
A0AAE0HH01_taxID_1854472_model,A0AAE0HH01,401,1,ok
A0AAE0HTN1_taxID_516989_model,A0AAE0HTN1,165,1,ok
A0AAE0HXT4_taxID_516989_model,A0AAE0HXT4,421,1,ok
A0AAE0HXX2_taxID_516989_model_A,A0AAE0HXX2,163,1,ok
A0AAE0I0E2_taxID_516989_model_A,A0AAE0I0E2,137,1,ok
A0AAE0I3J3_taxID_516989_model_A,A0AAE0I3J3,262,1,ok
A0AAE0I6T4_taxID_516989_model,A0AAE0I6T4,168,1,ok
A0AAE0IQ25_taxID_516989_model_A,A0AAE0IQ25,168,1,ok
A0AAE0IRJ6_taxID_516989_model,A0AAE0IRJ6,206,1,ok
A0AAE0IZ57_taxID_314031_model,A0AAE0IZ57,116,1,ok
A0AAE0J3H6_taxID_314031_model,A0AAE0J3H6,252,1,ok
A0AAE0JEM3_taxID_94610_model,A0AAE0JEM3,196,1,ok
A0AAE0JZD4_taxID_92902_model,A0AAE0JZD4,132,1,ok
A0AAE0K302_taxID_330526_model,A0AAE0K302,168,1,ok
A0AAE0K995_taxID_330526_model_A,A0AAE0K995,233,1,ok
A0AAE0LX03_taxID_1854472_model_A,A0AAE0LX03,219,1,ok
A0AAE0LXM5_taxID_1854472_model_A,A0AAE0LXM5,220,1,ok
A0AAE0M3J0_taxID_516989_model,A0AAE0M3J0,164,1,ok
A0AAE0MYQ7_taxID_92902_model,A0AAE0MYQ7,436,1,ok
A0AAE0NMU7_taxID_92902_model,A0AAE0NMU7,127,1,ok
A0AAE0P4P8_taxID_330526_model_A,A0AAE0P4P8,238,1,ok
A0AAE0P8W8_taxID_83679_model,A0AAE0P8W8,270,1,ok
A0AAE0TW34_taxID_330526_model,A0AAE0TW34,125,1,ok
A0AAE0TX29_taxID_92902_model_A,A0AAE0TX29,261,1,ok
A0AAE0TXL8_taxID_92902_model_A,A0AAE0TXL8,212,1,ok
A0AAE0U1Q5_taxID_330526_model_A,A0AAE0U1Q5,426,1,ok
A0AAE0UEY7_taxID_83679_model,A0AAE0UEY7,169,1,ok
A0AAE0XG17_taxID_314037_model_A,A0AAE0XG17,135,1,ok
A0AAE0XJ80_taxID_314037_model,A0AAE0XJ80,250,1,ok
A0AAE0XKL8_taxID_314037_model_A,A0AAE0XKL8,211,1,ok
A0AAE0J5C7_taxID_314031_model_A,A0AAE0J5C7,226,1,ok
A0AAE1I5J0_taxID_173218_model_A,A0AAE1I5J0,195,1,ok
A0A2T4A4G0_taxID_983964_model_A,A0A2T4A4G0,196,1,ok
A0AAE8M117_taxID_33205_model_A,A0AAE8M117,475,1,ok
A0AAE8N2C9_taxID_2041049_model,A0AAE8N2C9,137,1,ok
A0AAI9E8J8_taxID_111012_model,A0AAI9E8J8,153,1,ok
A0AAI9EAT6_taxID_111012_model,A0AAI9EAT6,200,1,ok
A0AAI9EBC0_taxID_111012_model_A,A0AAI9EBC0,230,1,ok
A0A9Q0B7W3_taxID_1671311_model,A0A9Q0B7W3,390,1,ok
A0AAJ0ABM2_taxID_1209918_model,A0AAJ0ABM2,205,1,ok
A0ABQ9RHE8_taxID_1209934_model,A0ABQ9RHE8,301,1,ok
A0AAJ0BD24_taxID_438768_model,A0AAJ0BD24,164,1,ok
A0AAJ0BIF4_taxID_438768_model_A,A0AAJ0BIF4,163,1,ok
A0AAJ0BL54_taxID_438768_model,A0AAJ0BL54,246,1,ok
A0AAJ0C8C6_taxID_1093897_model_A,A0AAJ0C8C6,189,1,ok
A0AAJ0D004_taxID_1105319_model,A0AAJ0D004,400,1,ok
A0AAJ0DDL3_taxID_702011_model,A0AAJ0DDL3,160,1,ok
A0AAJ0DNK8_taxID_702011_model,A0AAJ0DNK8,153,1,ok
A0AAV9P1Y4_taxID_1690608_model,A0AAV9P1Y4,167,1,ok
A0AAJ0G150_taxID_1105319_model_A,A0AAJ0G150,204,1,ok
A0AAJ0GID0_taxID_702011_model_A,A0AAJ0GID0,200,1,ok
A0AAJ0H0X6_taxID_1170767_model_A,A0AAJ0H0X6,229,1,ok
A0AAJ0M8F5_taxID_260671_model_A,A0AAJ0M8F5,212,1,ok
A0AAJ0MD79_taxID_260671_model,A0AAJ0MD79,125,1,ok
A0AAJ0MR40_taxID_588809_model,A0AAJ0MR40,174,1,ok
A0AA40EG60_taxID_1954250_model_A,A0AA40EG60,187,1,ok
A0AAE0MX90_taxID_94610_model_A,A0AAE0MX90,264,1,ok
A0AAJ0F2M0_taxID_438768_model_A,A0AAJ0F2M0,212,1,ok
A0ABR3DT09_taxID_5142_model_A,A0ABR3DT09,245,1,ok
A0AAN6FPX2_taxID_329885_model,A0AAN6FPX2,195,1,ok
A0AAN6LYU1_taxID_1892770_model,A0AAN6LYU1,181,1,ok
A0A6G1JIY4_taxID_1168545_model_A,A0A6G1JIY4,146,1,ok
A0AAN6M0W3_taxID_1892770_model_A,A0AAN6M0W3,169,1,ok
A0AAN6MI70_taxID_2831512_model_A,A0AAN6MI70,254,1,ok
A0AAN6N4Q5_taxID_303347_model_A,A0AAN6N4Q5,259,1,ok
A0ABQ0FZE5_taxID_1157608_model_A,A0ABQ0FZE5,277,1,ok
A0AAN6N6Z9_taxID_303347_model,A0AAN6N6Z9,159,1,ok
A0AAN6PQI6_taxID_2588326_model_A,A0AAN6PQI6,251,1,ok
A0A3S5CVR8_taxID_2587410_model_A,A0A3S5CVR8,252,1,ok
A0A8S8ZTB1_taxID_5147_model_A,A0A8S8ZTB1,251,1,ok
F7VQW2_taxID_771870_model_A,F7VQW2,251,1,ok
A0AAN6PYT8_taxID_113614_model_A,A0AAN6PYT8,245,1,ok
A0AAN6REI1_taxID_1892770_model_A,A0AAN6REI1,173,1,ok
A0AAN6RG63_taxID_1892770_model,A0AAN6RG63,223,1,ok
A0AAN6RJL1_taxID_1892770_model,A0AAN6RJL1,179,1,ok
A0A177CZG6_taxID_1460663_model,A0A177CZG6,322,1,ok
A0A2V1DTY0_taxID_97972_model,A0A2V1DTY0,314,1,ok
A0A6A5TIJ7_taxID_147558_model,A0A6A5TIJ7,316,1,ok
A0A7C8M196_taxID_100035_model,A0A7C8M196,224,1,ok
A0A9P4PTR1_taxID_1392251_model,A0A9P4PTR1,264,1,ok
A0AAN6RXR8_taxID_2831512_model_A,A0AAN6RXR8,235,1,ok
A0AAN6S1N6_taxID_303347_model,A0AAN6S1N6,134,1,ok
A0AAN6SJ69_taxID_241081_model,A0AAN6SJ69,152,1,ok
A0AAN6T5J5_taxID_113614_model_A,A0AAN6T5J5,224,1,ok
A0AAN6TAP9_taxID_2074819_model_A,A0AAN6TAP9,159,1,ok
A0AAN6TNB8_taxID_2074819_model,A0AAN6TNB8,378,1,ok
A0AAN6U965_taxID_2587402_model_A,A0AAN6U965,220,1,ok
A0AAN6UNL4_taxID_1450529_model,A0AAN6UNL4,222,1,ok
A0AAN6UYU1_taxID_1934379_model_A,A0AAN6UYU1,219,1,ok
A0AAN6WF69_taxID_2587417_model,A0AAN6WF69,128,1,ok
A0AA39ZJ41_taxID_330535_model,A0AA39ZJ41,150,1,ok
A0AA40EN56_taxID_314023_model,A0AA40EN56,147,1,ok
A0AAN6XN70_taxID_2587418_model,A0AAN6XN70,144,1,ok
A0AAN6WP52_taxID_1536484_model,A0AAN6WP52,378,1,ok
A0AAN6WZ32_taxID_1536484_model_A,A0AAN6WZ32,178,1,ok
A0AAN6X491_taxID_1536484_model_A,A0AAN6X491,213,1,ok
A0AAN6YT11_taxID_2074819_model,A0AAN6YT11,171,1,ok
A0AAN6YWZ4_taxID_2074819_model_A,A0AAN6YWZ4,216,1,ok
A0AAN6YXA8_taxID_2074819_model_A,A0AAN6YXA8,219,1,ok
A0AAN6Z7Y0_taxID_2587402_model_A,A0AAN6Z7Y0,241,1,ok
A0AAN6ZPW2_taxID_1934379_model,A0AAN6ZPW2,503,1,ok
A0AAN7ADW1_taxID_1536484_model,A0AAN7ADW1,256,1,ok
A0AAN7B8K4_taxID_261697_model,A0AAN7B8K4,225,1,ok
A0AAN7BDF7_taxID_261697_model,A0AAN7BDF7,145,1,ok
A0AAN7BXZ5_taxID_252190_model_A,A0AAN7BXZ5,206,1,ok
A0AAN7C0V6_taxID_252190_model,A0AAN7C0V6,115,1,ok
A0AAN7CEA7_taxID_79813_model_A,A0AAN7CEA7,247,1,ok
A0AAN7D1A6_taxID_1126955_model_A,A0AAN7D1A6,237,1,ok
A0AAN8MLA5_taxID_47235_model_A,A0AAN8MLA5,221,1,ok
A0AAN8MTR7_taxID_47235_model,A0AAN8MTR7,189,1,ok
A0AAN8MW30_taxID_47235_model,A0AAN8MW30,203,1,ok
A0AAN8MXR9_taxID_47235_model_A,A0AAN8MXR9,192,1,ok
A0AAN8N233_taxID_47235_model,A0AAN8N233,168,1,ok
A0AAN8RYJ0_taxID_74498_model_A,A0AAN8RYJ0,219,1,ok
A0AAQ3M852_taxID_150365_model,A0AAQ3M852,178,1,ok
A0AAQ3R599_taxID_150365_model,A0AAQ3R599,172,1,ok
A0AAV9G6Z5_taxID_3040156_model,A0AAV9G6Z5,126,1,ok
A0AAV9GSE5_taxID_3040156_model,A0AAV9GSE5,127,1,ok
A0A175W227_taxID_100816_model,A0A175W227,146,1,ok
A0AAV9GWB4_taxID_3040156_model,A0AAV9GWB4,161,1,ok
A0AAV9GYC2_taxID_3040156_model,A0AAV9GYC2,128,1,ok
A0AAV9H153_taxID_3040156_model_A,A0AAV9H153,250,1,ok
A0AAV9H4Y7_taxID_3040156_model_A,A0AAV9H4Y7,163,1,ok
A0AAV9H7L1_taxID_585594_model_A,A0AAV9H7L1,442,1,ok
A0AAV9N2L3_taxID_1690606_model_A,A0AAV9N2L3,170,1,ok
A0AAV9PFW9_taxID_1690608_model,A0AAV9PFW9,159,1,ok
A0AAV9TJT0_taxID_1209068_model,A0AAV9TJT0,169,1,ok
A0A1B7XSC0_taxID_759273_model,A0A1B7XSC0,169,1,ok
A0A4T0WKB3_taxID_80884_model,A0A4T0WKB3,190,1,ok
A0A5Q4BQM7_taxID_2078593_model,A0A5Q4BQM7,190,1,ok
A0A8H6JGN5_taxID_2175873_model,A0A8H6JGN5,165,1,ok
H1UZF3_taxID_759273_model,H1UZF3,169,1,ok
A0AAV9U7U0_taxID_1796055_model,A0AAV9U7U0,172,1,ok
A0AAV9UB47_taxID_3140254_model_A,A0AAV9UB47,216,1,ok
A0AAD6J3Z0_taxID_74499_model_A,A0AAD6J3Z0,216,1,ok
S8BJJ0_taxID_1284197_model_A,S8BJJ0,224,1,ok
S8CE74_taxID_1284197_model_A,S8CE74,220,1,ok
A0AAV9UJ91_taxID_3140254_model_A,A0AAV9UJ91,451,1,ok
A0AAV9UL21_taxID_3140254_model,A0AAV9UL21,210,1,ok
A0AAV9ULA6_taxID_3140254_model_A,A0AAV9ULA6,342,1,ok
A0AAV9UNB0_taxID_1796055_model_A,A0AAV9UNB0,206,1,ok
A0AAV9V6U2_taxID_3140254_model,A0AAV9V6U2,224,1,ok
A0AAV9VJN4_taxID_1796055_model_A,A0AAV9VJN4,221,1,ok
A0AAV9VLS4_taxID_1796055_model,A0AAV9VLS4,201,1,ok
A0AAV9VMU8_taxID_1796055_model_A,A0AAV9VMU8,161,1,ok
A0AAV9WFZ0_taxID_47236_model,A0AAV9WFZ0,407,1,ok
A0AAV9WIJ7_taxID_47236_model,A0AAV9WIJ7,203,1,ok
A0AAV9WJA4_taxID_47236_model,A0AAV9WJA4,215,1,ok
A0AAV9WSZ8_taxID_2528407_model,A0AAV9WSZ8,214,1,ok
A0AAV9WTT3_taxID_2528407_model_A,A0AAV9WTT3,171,1,ok
A0AAV9WVQ3_taxID_2528407_model,A0AAV9WVQ3,381,1,ok
A0AAV9WYC9_taxID_2528407_model,A0AAV9WYC9,224,1,ok
A0AAV9X261_taxID_2528407_model_A,A0AAV9X261,345,1,ok
A0AAV9X2B5_taxID_2528407_model,A0AAV9X2B5,220,1,ok
A0AAV9X5N6_taxID_2528407_model_A,A0AAV9X5N6,207,1,ok
A0AAV9XET0_taxID_2528407_model,A0AAV9XET0,197,1,ok
A0AAV9XJB6_taxID_2528407_model,A0AAV9XJB6,219,1,ok
A0AAW0DBD9_taxID_297713_model,A0AAW0DBD9,244,1,ok
A0AAW0RWB0_taxID_1069075_model,A0AAW0RWB0,128,1,ok
A0AAW1R416_taxID_41462_model,A0AAW1R416,235,1,ok
A0AAX4IHE0_taxID_34406_model_A,A0AAX4IHE0,178,1,ok
A0AAX4ISH2_taxID_34406_model,A0AAX4ISH2,126,1,ok
A0AAX6MN94_taxID_292717_model,A0AAX6MN94,99,1,ok
A0AAX6MY24_taxID_292717_model,A0AAX6MY24,468,1,ok
A0AB34FF60_taxID_1247861_model,A0AB34FF60,272,1,ok
A0AB34KA60_taxID_1052096_model,A0AB34KA60,143,1,ok
A0AB34KKP4_taxID_1052096_model,A0AB34KKP4,207,1,ok
A0AB34KNK6_taxID_1052096_model,A0AB34KNK6,196,1,ok
A0ABN7V5N9_taxID_4874_model_A,A0ABN7V5N9,346,1,ok
A0ABP0BGA7_taxID_1812306_model,A0ABP0BGA7,86,1,ok
A0ABP0C0L0_taxID_1260050_model,A0ABP0C0L0,47,1,ok
A0ABP0BX44_taxID_671064_model,A0ABP0BX44,118,1,ok
A0ABP0CGC6_taxID_1812306_model,A0ABP0CGC6,146,1,ok
A0ABP0DC11_taxID_1892477_model_A,A0ABP0DC11,148,1,ok
A0ABP0E3D2_taxID_1892477_model_A,A0ABP0E3D2,237,1,ok
A0ABP0E3V5_taxID_1892477_model_A,A0ABP0E3V5,157,1,ok
A0ABP0B5B5_taxID_1260050_model_A,A0ABP0B5B5,150,1,ok
A0ABP0BLZ2_taxID_671064_model_A,A0ABP0BLZ2,150,1,ok
U7PQY9_taxID_1391915_model_A,U7PQY9,235,1,ok
A0ABQ0FYC3_taxID_1157608_model_A,A0ABQ0FYC3,215,1,ok
A0ABQ0GCI4_taxID_1157608_model,A0ABQ0GCI4,130,1,ok
A0ABQ0LIA8_taxID_658473_model,A0ABQ0LIA8,152,1,ok
A0ABQ8KCN2_taxID_34475_model_A,A0ABQ8KCN2,153,1,ok
A0ABQ8NMG9_taxID_148305_model,A0ABQ8NMG9,127,1,ok
A0A4P7NKP0_taxID_318829_model_A,A0A4P7NKP0,127,1,ok
G4NB82_taxID_242507_model_A,G4NB82,127,1,ok
A0ABQ8V9V9_taxID_40482_model_A,A0ABQ8V9V9,424,1,ok
A0A1Q3EBY1_taxID_5353_model_A,A0A1Q3EBY1,424,1,ok
A0A9W9DWD5_taxID_40482_model_A,A0A9W9DWD5,424,1,ok
A0ABQ8VIY5_taxID_40482_model,A0ABQ8VIY5,164,1,ok
A0A9W8ZZ49_taxID_40482_model,A0A9W8ZZ49,161,1,ok
A0A9W9DVJ1_taxID_153920_model,A0A9W9DVJ1,163,1,ok
A0AA38USU6_taxID_2804962_model,A0AA38USU6,149,1,ok
Q96TI3_taxID_5353_model,Q96TI3,164,1,ok
A0ABR0E9M4_taxID_395010_model,A0ABR0E9M4,204,1,ok
A0A6A6D3V8_taxID_1080233_model,A0A6A6D3V8,206,1,ok
A0ABR0EWS2_taxID_395010_model,A0ABR0EWS2,144,1,ok
A0ABR0HVR8_taxID_2609844_model,A0ABR0HVR8,439,1,ok
A0ABR0G9R0_taxID_2093779_model,A0ABR0G9R0,438,1,ok
A0ABR0IA35_taxID_2609844_model,A0ABR0IA35,128,1,ok
A0ABR0HD85_taxID_2093780_model,A0ABR0HD85,128,1,ok
A0ABY6SA48_taxID_48703_model,A0ABY6SA48,149,1,ok
B2ARH2_taxID_515849_model,B2ARH2,145,1,ok
A0ABR0INP8_taxID_2609844_model_A,A0ABR0INP8,203,1,ok
A0AA39ZGT5_taxID_330535_model_A,A0AA39ZGT5,209,1,ok
A0AA40EZC6_taxID_314023_model_A,A0AA40EZC6,217,1,ok
A0AAE0PA40_taxID_83679_model_A,A0AAE0PA40,259,1,ok
A0AAN6XK38_taxID_2587418_model_A,A0AAN6XK38,214,1,ok
A0ABR0FWA2_taxID_2093777_model_A,A0ABR0FWA2,204,1,ok
A0ABR0GTZ5_taxID_2093779_model_A,A0ABR0GTZ5,216,1,ok
A0ABR0HZ80_taxID_2093780_model_A,A0ABR0HZ80,204,1,ok
A0ABY6RVL6_taxID_48703_model_A,A0ABY6RVL6,216,1,ok
A0ABR0J2L1_taxID_1016849_model,A0ABR0J2L1,179,1,ok
A0A0D2EE95_taxID_348802_model_A,A0A0D2EE95,264,1,ok
A0AAN6DS14_taxID_2486360_model,A0AAN6DS14,264,1,ok
A0AAV9Q813_taxID_1690605_model,A0AAV9Q813,81,1,ok
A0ABR0JYZ3_taxID_1690604_model,A0ABR0JYZ3,167,1,ok
A0ABR0RJ42_taxID_1635080_model,A0ABR0RJ42,301,1,ok
A0AAN8EDQ9_taxID_191047_model,A0AAN8EDQ9,301,1,ok
A0ABR0S857_taxID_491253_model,A0ABR0S857,133,1,ok
A0ABR1HTM9_taxID_2732573_model,A0ABR1HTM9,447,1,ok
A0ABR1IG95_taxID_2732573_model,A0ABR1IG95,136,1,ok
A0A8K0TFL5_taxID_40658_model,A0A8K0TFL5,122,1,ok
A0ABR1IWX6_taxID_2682957_model,A0ABR1IWX6,182,1,ok
A0ABR1KHL9_taxID_595635_model,A0ABR1KHL9,211,1,ok
A0ABR1NKN1_taxID_2016321_model,A0ABR1NKN1,228,1,ok
A0ABR1XHF5_taxID_1130410_model,A0ABR1XHF5,225,1,ok
A0ABR1PV21_taxID_335848_model,A0ABR1PV21,148,1,ok
A0ABR1QW44_taxID_335848_model,A0ABR1QW44,204,1,ok
A0ABR1S703_taxID_335849_model,A0ABR1S703,164,1,ok
A0ABR1SKI5_taxID_990691_model,A0ABR1SKI5,124,1,ok
A0ABR1TF91_taxID_990691_model,A0ABR1TF91,201,1,ok
A0ABR1TL01_taxID_335842_model,A0ABR1TL01,208,1,ok
A0AAW0QMN1_taxID_1337665_model,A0AAW0QMN1,219,1,ok
A0ABR1RG58_taxID_335849_model,A0ABR1RG58,189,1,ok
A0ABR1ULA3_taxID_2905665_model,A0ABR1ULA3,230,1,ok
A0ABR1TTI1_taxID_2905665_model,A0ABR1TTI1,154,1,ok
A0ABR1UAY0_taxID_990691_model,A0ABR1UAY0,147,1,ok
A0ABR1V4N8_taxID_1337664_model,A0ABR1V4N8,175,1,ok
A0ABR1WGA9_taxID_335842_model,A0ABR1WGA9,146,1,ok
A0ABR1WRC7_taxID_1337664_model,A0ABR1WRC7,193,1,ok
A0ABR1WZQ3_taxID_1337664_model,A0ABR1WZQ3,147,1,ok
A0ABR2I1D8_taxID_335852_model,A0ABR2I1D8,212,1,ok
A0ABR2Y1V5_taxID_138064_model,A0ABR2Y1V5,137,1,ok
A0ABR2VBH3_taxID_138068_model,A0ABR2VBH3,167,1,ok
A0ABR2ZUF7_taxID_585030_model,A0ABR2ZUF7,170,1,ok
A0ABR2ZZ01_taxID_585030_model,A0ABR2ZZ01,148,1,ok
A0ABR3EPL5_taxID_585013_model,A0ABR3EPL5,149,1,ok
A0ABR3C0X5_taxID_420778_model_A,A0ABR3C0X5,172,1,ok
A0ABR3CI13_taxID_420778_model,A0ABR3CI13,159,1,ok
A0A0G2DYV8_taxID_420778_model,A0A0G2DYV8,159,1,ok
A0A1S8BB58_taxID_420778_model,A0A1S8BB58,166,1,ok
A0ABR3CWN2_taxID_420778_model,A0ABR3CWN2,251,1,ok
A0ABR3TL16_taxID_856260_model,A0ABR3TL16,232,1,ok
A0ABR3DR17_taxID_5142_model,A0ABR3DR17,247,1,ok
A0AAN6NPY6_taxID_241081_model,A0AAN6NPY6,247,1,ok
A0ABR3EVX9_taxID_585013_model_A,A0ABR3EVX9,424,1,ok
A0ABR3G4Y0_taxID_1032678_model_A,A0ABR3G4Y0,284,1,ok
A0ABR3GY74_taxID_1032678_model,A0ABR3GY74,209,1,ok
A0ABR3PNQ2_taxID_2781224_model,A0ABR3PNQ2,221,1,ok
A0ABR3QRF7_taxID_300254_model,A0ABR3QRF7,264,1,ok
A0ABR3QSB3_taxID_749835_model_A,A0ABR3QSB3,198,1,ok
A0ABR3QTY1_taxID_749835_model,A0ABR3QTY1,236,1,ok
A0ABR3REZ5_taxID_300254_model,A0ABR3REZ5,219,1,ok
A0A9P4PJF6_taxID_1392251_model,A0A9P4PJF6,219,1,ok
A0A9P6KM80_taxID_565426_model,A0A9P6KM80,218,1,ok
A0ABR3SXQ6_taxID_45134_model,A0ABR3SXQ6,232,1,ok
A0ACB5RUX0_taxID_310453_model,A0ACB5RUX0,232,1,ok
R1GBN1_taxID_1287680_model,R1GBN1,234,1,ok
A0ABR3TC55_taxID_856260_model,A0ABR3TC55,172,1,ok
A0ABR3VR49_taxID_85995_model_A,A0ABR3VR49,236,1,ok
A0AAD9W6S7_taxID_1214568_model_A,A0AAD9W6S7,216,1,ok
A0ABR3YRD1_taxID_5173_model_A,A0ABR3YRD1,154,1,ok
A0ABR3YUB8_taxID_5173_model_A,A0ABR3YUB8,241,1,ok
A0ABP0CZW6_taxID_1812306_model_A,A0ABP0CZW6,221,1,ok
A0ABR3YV94_taxID_5173_model,A0ABR3YV94,146,1,ok
A0ABR4B0Y4_taxID_1340010_model,A0ABR4B0Y4,164,1,ok
A0AAE0DKH0_taxID_209136_model_A,A0AAE0DKH0,151,1,ok
A0ABR4AJ15_taxID_373712_model_A,A0ABR4AJ15,164,1,ok
A0ABR4CKZ7_taxID_86028_model_A,A0ABR4CKZ7,300,1,ok
A0ABR4E567_taxID_105482_model_A,A0ABR4E567,166,1,ok
A0ABR1NU80_taxID_83184_model_A,A0ABR1NU80,164,1,ok
A0ABR4EHH4_taxID_105482_model,A0ABR4EHH4,198,1,ok
A0ABR4IKC7_taxID_176166_model_A,A0ABR4IKC7,361,1,ok
A0ABR4MAT1_taxID_2019550_model,A0ABR4MAT1,218,1,ok
A0A0F8B351_taxID_88771_model,A0A0F8B351,218,1,ok
A0A2C5XK77_taxID_1035309_model,A0A2C5XK77,221,1,ok
A0ABR3ZI14_taxID_259994_model,A0ABR3ZI14,217,1,ok
A0ABR4PC11_taxID_108571_model,A0ABR4PC11,171,1,ok
A0ABR4PTF1_taxID_108571_model,A0ABR4PTF1,401,1,ok
A0ABY0H2A5_taxID_155416_model,A0ABY0H2A5,224,1,ok
A0ABY0HIJ2_taxID_155416_model,A0ABY0HIJ2,129,1,ok
A0ABY8UPE5_taxID_3088_model,A0ABY8UPE5,215,1,ok
A0ABZ2WJK3_taxID_5515_model,A0ABZ2WJK3,456,1,ok
A0ACA9LXK0_taxID_1316150_model_A,A0ACA9LXK0,155,1,ok
A0ACA9Q0F8_taxID_160502_model,A0ACA9Q0F8,136,1,ok
A0ACB5SAS9_taxID_310453_model,A0ACB5SAS9,106,1,ok
A0ACB6QAH6_taxID_673940_model_A,A0ACB6QAH6,255,1,ok
A0ACB6QHH6_taxID_673940_model_A,A0ACB6QHH6,217,1,ok
A0ACB6QIU6_taxID_673940_model_A,A0ACB6QIU6,178,1,ok
A0ACB6QK91_taxID_673940_model,A0ACB6QK91,192,1,ok
A0ACB6QXY9_taxID_673940_model_A,A0ACB6QXY9,178,1,ok
A0ACB6S435_taxID_301207_model,A0ACB6S435,226,1,ok
A0A163FA92_taxID_5454_model,A0A163FA92,226,1,ok
A0A6A5RSY7_taxID_1150837_model,A0A6A5RSY7,234,1,ok
A0A8H7MKD7_taxID_205686_model,A0A8H7MKD7,226,1,ok
A0ACB7P0J0_taxID_1854479_model,A0ACB7P0J0,401,1,ok
A0ACB7PCI4_taxID_1854479_model,A0ACB7PCI4,43,1,ok
A0ACB7PFM9_taxID_1854479_model_A,A0ACB7PFM9,160,1,ok
A0ACB7PQN8_taxID_1854479_model_A,A0ACB7PQN8,225,1,ok
A0ACB7PSA7_taxID_1854479_model_A,A0ACB7PSA7,223,1,ok
A0ACB8BYL3_taxID_85980_model,A0ACB8BYL3,417,1,ok
A0ACB8GMA1_taxID_181762_model_A,A0ACB8GMA1,144,1,ok
A0A8H8CFE2_taxID_181762_model_A,A0A8H8CFE2,144,1,ok
A0ACB8H9U9_taxID_181762_model,A0ACB8H9U9,151,1,ok
A0A8H7Y473_taxID_181762_model,A0A8H7Y473,151,1,ok
A0ACB8HA52_taxID_181762_model,A0ACB8HA52,151,1,ok
A0A8H7Y6P0_taxID_181762_model,A0A8H7Y6P0,151,1,ok
A0ACB8QLS4_taxID_1314806_model,A0ACB8QLS4,150,1,ok
A0ACB8TB58_taxID_48021_model,A0ACB8TB58,200,1,ok
A0ACB8TSI7_taxID_378272_model,A0ACB8TSI7,275,1,ok
A0ACC0D7T5_taxID_110542_model,A0ACC0D7T5,127,1,ok
A0ACC0UB63_taxID_71964_model,A0ACC0UB63,149,1,ok
A0ACC0UBD5_taxID_71964_model,A0ACC0UBD5,147,1,ok
A0ACC0UCN6_taxID_71964_model,A0ACC0UCN6,149,1,ok
A0ACC1MZH6_taxID_93591_model,A0ACC1MZH6,127,1,ok
A0ACC1P0Q8_taxID_42375_model,A0ACC1P0Q8,346,1,ok
A0ACC1P414_taxID_42375_model,A0ACC1P414,124,1,ok
A0ACC1Q503_taxID_158606_model,A0ACC1Q503,244,1,ok
A0ACC1R8A6_taxID_468837_model,A0ACC1R8A6,128,1,ok
A0ACC1S227_taxID_57161_model,A0ACC1S227,422,1,ok
A0ACC1SLU8_taxID_57161_model_A,A0ACC1SLU8,468,1,ok
A0A8H4KUG6_taxID_1237068_model_A,A0A8H4KUG6,462,1,ok
A0ACC1T874_taxID_194682_model_A,A0ACC1T874,196,1,ok
A0ACC1T8L1_taxID_194682_model,A0ACC1T8L1,214,1,ok
A0ACC1TW98_taxID_2804960_model_A,A0ACC1TW98,442,1,ok
A0ACC1UCT7_taxID_2804960_model,A0ACC1UCT7,170,1,ok
A0A4Y9Z7G4_taxID_205917_model_A,A0A4Y9Z7G4,169,1,ok
A0ACC2BF43_taxID_34168_model,A0ACC2BF43,182,1,ok
A0ACC2BF89_taxID_34168_model,A0ACC2BF89,182,1,ok
A0ACC2BG01_taxID_34168_model,A0ACC2BG01,357,1,ok
A0ACC2JLY7_taxID_1108764_model_A,A0ACC2JLY7,216,1,ok
A0ACC3A5L7_taxID_3383035_model,A0ACC3A5L7,191,1,ok
A0ACC3NCC8_taxID_1690605_model,A0ACC3NCC8,146,1,ok
A0ACC3NFM7_taxID_1690605_model,A0ACC3NFM7,171,1,ok
A0ACC3NIQ5_taxID_1690605_model,A0ACC3NIQ5,160,1,ok
A0ACC3SBR1_taxID_2024903_model,A0ACC3SBR1,206,1,ok
A0ACC3YYZ1_taxID_5467_model_A,A0ACC3YYZ1,325,1,ok
A0ACC4DAN0_taxID_33203_model,A0ACC4DAN0,42,1,ok
A0A0F8A4E9_taxID_1043627_model,A0A0F8A4E9,116,1,ok
A0ACC4DBR1_taxID_33203_model_A,A0ACC4DBR1,213,1,ok
A0ACD1GWX4_taxID_1448322_model,A0ACD1GWX4,369,1,ok
A0A1L9X8A5_taxID_690307_model,A0A1L9X8A5,369,1,ok
A0ACD1G6D5_taxID_1450534_model,A0ACD1G6D5,369,1,ok
A0ACD3AW72_taxID_181527_model_A,A0ACD3AW72,194,1,ok
A0ACD3AX98_taxID_181527_model_A,A0ACD3AX98,201,1,ok
A0ACD3B8Y7_taxID_181527_model,A0ACD3B8Y7,217,1,ok
A0ACD3ZI13_taxID_2747967_model_A,A0ACD3ZI13,166,1,ok
A0A9P9H480_taxID_169388_model,A0A9P9H480,102,1,ok
A0A9W8R9U3_taxID_195108_model_A,A0A9W8R9U3,166,1,ok
A0A9W8WAA0_taxID_1435070_model_A,A0A9W8WAA0,166,1,ok
A0ACC0QWU4_taxID_1328300_model_A,A0ACC0QWU4,166,1,ok
A7BHQ9_taxID_1538424_model,A7BHQ9,145,1,ok
A7F6Y4_taxID_665079_model,A7F6Y4,205,1,ok
A0A1D9Q0H7_taxID_665079_model,A0A1D9Q0H7,205,1,ok
B0DMA1_taxID_486041_model,B0DMA1,145,1,ok
B0DMX0_taxID_486041_model_A,B0DMX0,183,1,ok
B2AU58_taxID_515849_model,B2AU58,385,1,ok
A0ABR0G0T6_taxID_2093777_model,A0ABR0G0T6,409,1,ok
A0ABR0GX39_taxID_2093779_model,A0ABR0GX39,409,1,ok
A0ABY6RZE0_taxID_48703_model,A0ABY6RZE0,409,1,ok
B2VW57_taxID_426418_model,B2VW57,221,1,ok
C0NXG2_taxID_447093_model,C0NXG2,378,1,ok
C6H8D1_taxID_544712_model,C6H8D1,377,1,ok
C1GA49_taxID_502780_model,C1GA49,228,1,ok
A0A1D2J8Q5_taxID_121759_model,A0A1D2J8Q5,228,1,ok
C1GQA4_taxID_502779_model,C1GQA4,192,1,ok
C1GR79_taxID_502779_model,C1GR79,260,1,ok
C1G969_taxID_502780_model,C1G969,470,1,ok
C7YYG0_taxID_660122_model_A,C7YYG0,188,1,ok
C9SWR4_taxID_526221_model,C9SWR4,150,1,ok
D4CZZ8_taxID_663202_model_A,D4CZZ8,216,1,ok
E3QP00_taxID_645133_model_A,E3QP00,180,1,ok
A0A066X9U3_taxID_1173701_model_A,A0A066X9U3,180,1,ok
A0AAD9HT65_taxID_1216348_model_A,A0AAD9HT65,180,1,ok
E3RX72_taxID_861557_model,E3RX72,234,1,ok
E4ZW06_taxID_985895_model,E4ZW06,182,1,ok
E5A3G2_taxID_985895_model,E5A3G2,232,1,ok
E9F624_taxID_655844_model_A,E9F624,372,1,ok
F8MV64_taxID_510951_model,F8MV64,174,1,ok
F8MZA8_taxID_510951_model,F8MZA8,265,1,ok
A0AAE0JPQ1_taxID_94610_model_A,A0AAE0JPQ1,271,1,ok
A0AAJ0ICZ1_taxID_588809_model,A0AAJ0ICZ1,265,1,ok
P00440_taxID_367110_model,P00440,265,1,ok
F8PR61_taxID_936435_model,F8PR61,429,1,ok
F8NNY5_taxID_578457_model,F8NNY5,429,1,ok
F9XKI3_taxID_336722_model,F9XKI3,170,1,ok
G1XN75_taxID_756982_model,G1XN75,202,1,ok
A0A7C8V1V3_taxID_2813651_model,A0A7C8V1V3,202,1,ok
G2Q3M6_taxID_573729_model_A,G2Q3M6,234,1,ok
G2RCR3_taxID_578455_model_A,G2RCR3,217,1,ok
G2X011_taxID_498257_model_A,G2X011,222,1,ok
G2XXS1_taxID_999810_model,G2XXS1,227,1,ok
A0A384JDM9_taxID_332648_model,A0A384JDM9,227,1,ok
A0A4Y8D4M2_taxID_38488_model,A0A4Y8D4M2,217,1,ok
M7UD60_taxID_1290391_model,M7UD60,227,1,ok
G4TM93_taxID_1109443_model_A,G4TM93,156,1,ok
G4TM94_taxID_1109443_model_A,G4TM94,356,1,ok
G9N886_taxID_413071_model_A,G9N886,181,1,ok
J3NYP8_taxID_644352_model,J3NYP8,141,1,ok
J3P088_taxID_644352_model,J3P088,125,1,ok
J4H162_taxID_599839_model_A,J4H162,185,1,ok
A0A218ZEU2_taxID_2795749_model,A0A218ZEU2,147,1,ok
K1XNZ9_taxID_1072389_model,K1XNZ9,309,1,ok
K2RF87_taxID_1126212_model,K2RF87,217,1,ok
A0ABQ8GMY3_taxID_35725_model,A0ABQ8GMY3,216,1,ok
K5UXV0_taxID_650164_model,K5UXV0,152,1,ok
K5VYQ3_taxID_650164_model,K5VYQ3,214,1,ok
K5X0S3_taxID_597362_model,K5X0S3,230,1,ok
K5X6W9_taxID_597362_model,K5X6W9,199,1,ok
C7FF04_taxID_5341_model,C7FF04,199,1,ok
K5X7N2_taxID_597362_model_A,K5X7N2,199,1,ok
L2FUJ7_taxID_1213859_model_A,L2FUJ7,180,1,ok
A0A8H3ZU88_taxID_702518_model_A,A0A8H3ZU88,178,1,ok
A0A8H4CP16_taxID_474922_model_A,A0A8H4CP16,179,1,ok
A0A9P5K8K9_taxID_690259_model_A,A0A9P5K8K9,179,1,ok
A0A9W4W5A5_taxID_2664923_model_A,A0A9W4W5A5,179,1,ok
T0KKD1_taxID_1237896_model_A,T0KKD1,180,1,ok
L2G8K6_taxID_1213859_model,L2G8K6,215,1,ok
L7IUI4_taxID_1143193_model_A,L7IUI4,218,1,ok
A0AA97P016_taxID_1143189_model_A,A0AA97P016,218,1,ok
M2MGH4_taxID_717646_model,M2MGH4,202,1,ok
M2R9G9_taxID_914234_model_A,M2R9G9,151,1,ok
M2RC83_taxID_914234_model_A,M2RC83,186,1,ok
M2V0Q1_taxID_701091_model,M2V0Q1,225,1,ok
A0A6A6AEL2_taxID_1392245_model,A0A6A6AEL2,225,1,ok
A0A8H5ZQ82_taxID_45130_model,A0A8H5ZQ82,233,1,ok
M2T104_taxID_665912_model,M2T104,225,1,ok
N4X5S5_taxID_665024_model,N4X5S5,225,1,ok
W6Y702_taxID_930089_model,W6Y702,225,1,ok
W6ZAD4_taxID_930090_model,W6ZAD4,225,1,ok
W7E6C1_taxID_930091_model,W7E6C1,225,1,ok
M3A9A8_taxID_383855_model,M3A9A8,209,1,ok
M3AVT3_taxID_383855_model_A,M3AVT3,197,1,ok
M3D2B0_taxID_692275_model_A,M3D2B0,223,1,ok
M3D2V0_taxID_692275_model,M3D2V0,153,1,ok
M7SBG2_taxID_1287681_model_A,M7SBG2,438,1,ok
N1J7Q9_taxID_546991_model,N1J7Q9,187,1,ok
A0A061HSG6_taxID_1268274_model,A0A061HSG6,186,1,ok
A0A9W4D314_taxID_1689686_model,A0A9W4D314,187,1,ok
A0A9X9MJ74_taxID_62690_model,A0A9X9MJ74,186,1,ok
N1PJH7_taxID_675120_model,N1PJH7,161,1,ok
N1PUW0_taxID_675120_model,N1PUW0,144,1,ok
N1S3Z4_taxID_2502994_model,N1S3Z4,443,1,ok
N4WPH6_taxID_665024_model,N4WPH6,235,1,ok
M2VC29_taxID_701091_model,M2VC29,235,1,ok
O42713_taxID_5341_model,O42713,192,1,ok
A0A8H7F118_taxID_192524_model,A0A8H7F118,205,1,ok
A0A9P6C3F1_taxID_1400762_model,A0A9P6C3F1,193,1,ok
A0AAD5VHA7_taxID_56174_model,A0AAD5VHA7,192,1,ok
A0AAD5VP74_taxID_56174_model,A0AAD5VP74,192,1,ok
C7FF05_taxID_5341_model,C7FF05,200,1,ok
K5XUX5_taxID_597362_model,K5XUX5,211,1,ok
K5XV01_taxID_597362_model,K5XV01,192,1,ok
Q00024_taxID_5341_model_A,Q00024,192,1,ok
A0A8H7C551_taxID_192524_model_A,A0A8H7C551,159,1,ok
K5XJW5_taxID_597362_model_A,K5XJW5,169,1,ok
Q2H7D7_taxID_306901_model,Q2H7D7,402,1,ok
Q2HEC0_taxID_306901_model_A,Q2HEC0,228,1,ok
Q2TL94_taxID_158606_model_A,Q2TL94,238,1,ok
A0A4Q9M9G5_taxID_114155_model_A,A0A4Q9M9G5,149,1,ok
Q2WG53_taxID_79798_model,Q2WG53,200,1,ok
Q7S218_taxID_367110_model,Q7S218,173,1,ok
A0ABR3D601_taxID_5142_model,A0ABR3D601,175,1,ok
R0KLC6_taxID_671987_model,R0KLC6,248,1,ok
R7YPG2_taxID_1168221_model_A,R7YPG2,145,1,ok
S3BZ48_taxID_1262450_model_A,S3BZ48,216,1,ok
A0A0C4E313_taxID_644358_model_A,A0A0C4E313,203,1,ok
A0A423VK10_taxID_252740_model_A,A0A423VK10,156,1,ok
A0A423X4F6_taxID_1230097_model_A,A0A423X4F6,217,1,ok
A0A423X630_taxID_448051_model_A,A0A423X630,217,1,ok
A0A4P7N5I7_taxID_318829_model_A,A0A4P7N5I7,218,1,ok
A0A6P8BBR4_taxID_148305_model_A,A0A6P8BBR4,218,1,ok
A0AAN6ND86_taxID_303347_model_A,A0AAN6ND86,220,1,ok
A0ABQ8N365_taxID_148305_model_A,A0ABQ8N365,218,1,ok
A0ABR1PNW0_taxID_83184_model_A,A0ABR1PNW0,219,1,ok
A0ABR3X454_taxID_127596_model_A,A0ABR3X454,214,1,ok
A0ABR4F7J8_taxID_105482_model_A,A0ABR4F7J8,219,1,ok
G4MTU8_taxID_242507_model_A,G4MTU8,218,1,ok
S3C8M1_taxID_1262450_model_A,S3C8M1,156,1,ok
S3D638_taxID_1116229_model,S3D638,292,1,ok
S3DFC4_taxID_1116229_model_A,S3DFC4,191,1,ok
S7ZZK0_taxID_1284197_model_A,S7ZZK0,337,1,ok
S8A895_taxID_1284197_model,S8A895,208,1,ok
S8AAI6_taxID_1284197_model,S8AAI6,392,1,ok
S8AEV1_taxID_1284197_model,S8AEV1,171,1,ok
A0AAV9XGV3_taxID_2528407_model_A,A0AAV9XGV3,172,1,ok
S8AP51_taxID_1284197_model_A,S8AP51,224,1,ok
S8AXM2_taxID_1284197_model,S8AXM2,221,1,ok
S8BXK9_taxID_1284197_model,S8BXK9,198,1,ok
S8DUL4_taxID_2126942_model,S8DUL4,99,1,ok
S8EQQ2_taxID_2126942_model_A,S8EQQ2,56,1,ok
S8FTY5_taxID_2126942_model_A,S8FTY5,146,1,ok
T5A6R2_taxID_911162_model,T5A6R2,113,1,ok
T5ABD2_taxID_911162_model,T5ABD2,124,1,ok
T5ANU5_taxID_911162_model,T5ANU5,138,1,ok
U1G4R5_taxID_1263415_model,U1G4R5,151,1,ok
A0A8H7E394_taxID_364733_model,A0A8H7E394,152,1,ok
U1HKV1_taxID_1263415_model,U1HKV1,173,1,ok
U1HZ89_taxID_1263415_model,U1HZ89,158,1,ok
A0A8H7E323_taxID_364733_model_A,A0A8H7E323,167,1,ok
U4L2I7_taxID_1076935_model,U4L2I7,195,1,ok
U4LH50_taxID_1076935_model,U4LH50,181,1,ok
U7PQI0_taxID_1391915_model,U7PQI0,162,1,ok
A0A0C2IMK2_taxID_1398154_model,A0A0C2IMK2,151,1,ok
V2XB88_taxID_1381753_model,V2XB88,276,1,ok
W3WHW9_taxID_1229662_model,W3WHW9,168,1,ok
W3WKD9_taxID_1229662_model,W3WKD9,129,1,ok
W3X0R7_taxID_1229662_model_A,W3X0R7,382,1,ok
W3XKJ8_taxID_1229662_model,W3XKJ8,187,1,ok
W6YQP8_taxID_930090_model,W6YQP8,243,1,ok
W7EAK6_taxID_930091_model,W7EAK6,184,1,ok
M2UAA8_taxID_701091_model,M2UAA8,141,1,ok
N4X0Z4_taxID_665024_model,N4X0Z4,195,1,ok
W6XZQ4_taxID_930089_model,W6XZQ4,188,1,ok
W7EC18_taxID_930091_model,W7EC18,237,1,ok
W6XT64_taxID_930089_model,W6XT64,236,1,ok
W7HVJ8_taxID_1043628_model_A,W7HVJ8,168,1,ok
W7HXW7_taxID_1043628_model_A,W7HXW7,217,1,ok
W7I5U6_taxID_1043628_model,W7I5U6,212,1,ok
W7I6I3_taxID_1043628_model,W7I6I3,212,1,ok
W9BZD3_taxID_1432307_model_A,W9BZD3,132,1,ok
A0A5M9J5P0_taxID_38448_model,A0A5M9J5P0,151,1,ok
A0A5N6JNB3_taxID_61186_model_A,A0A5N6JNB3,161,1,ok
A0A8A3P2H8_taxID_61207_model,A0A8A3P2H8,133,1,ok
A0A9X0ASR5_taxID_352851_model,A0A9X0ASR5,152,1,ok
W9C785_taxID_1432307_model,W9C785,176,1,ok
W9CSJ2_taxID_1432307_model,W9CSJ2,216,1,ok
W9NIJ9_taxID_1080344_model,W9NIJ9,442,1,ok
A0A395MU79_taxID_2675880_model,A0A395MU79,455,1,ok
A0A559LTH3_taxID_61366_model_A,A0A559LTH3,415,1,ok
W9YGL3_taxID_1182541_model,W9YGL3,198,1,ok
A0A0D1YWF9_taxID_1016849_model_A,A0A0D1YWF9,199,1,ok
A0A0D1YXH7_taxID_91928_model,A0A0D1YXH7,194,1,ok
A0A0D1Z6F1_taxID_569365_model,A0A0D1Z6F1,196,1,ok
A0A0D2BUH7_taxID_348802_model,A0A0D2BUH7,199,1,ok
A0A0D2CEU5_taxID_215243_model,A0A0D2CEU5,200,1,ok
A0A0D2CK37_taxID_1851006_model,A0A0D2CK37,198,1,ok
A0A0D2E0K9_taxID_1442368_model,A0A0D2E0K9,196,1,ok
A0A0D2KPV7_taxID_1442371_model,A0A0D2KPV7,196,1,ok
A0A0N1HAY8_taxID_1664694_model,A0A0N1HAY8,175,1,ok
A0A177F584_taxID_254056_model,A0A177F584,196,1,ok
A0A178D5B3_taxID_856822_model,A0A178D5B3,197,1,ok
A0A1C1CL76_taxID_86049_model,A0A1C1CL76,199,1,ok
A0A438NFU9_taxID_212818_model,A0A438NFU9,196,1,ok
A0AAN6IHH2_taxID_2486360_model_A,A0AAN6IHH2,196,1,ok
A0AAN6IWZ5_taxID_5970_model,A0AAN6IWZ5,198,1,ok
A0AAN6J193_taxID_5970_model,A0AAN6J193,193,1,ok
A0AAV9QK65_taxID_1690605_model,A0AAV9QK65,202,1,ok
A0ABR0IZ02_taxID_1016849_model_A,A0ABR0IZ02,199,1,ok
H6C7R7_taxID_858893_model,H6C7R7,198,1,ok
V9DGU7_taxID_1279043_model,V9DGU7,198,1,ok
W2RM76_taxID_1220924_model,W2RM76,198,1,ok
W9VNH1_taxID_1182544_model,W9VNH1,197,1,ok
W9X9Z6_taxID_1182543_model,W9X9Z6,197,1,ok
W9XMU2_taxID_1182542_model,W9XMU2,199,1,ok
X0H685_taxID_1089457_model_A,X0H685,464,1,ok
X0MJE3_taxID_1089449_model_A,X0MJE3,395,1,ok
A0A014PNW6_taxID_568076_model_A,A0A014PNW6,0,0,no_cterm
A0A017SF68_taxID_1388766_model_A,A0A017SF68,0,0,no_cterm
A0A2J6TCP2_taxID_1095630_model,A0A2J6TCP2,0,0,no_cterm
A0A066X7V3_taxID_1173701_model_A,A0A066X7V3,0,0,no_cterm
A0A067MJR9_taxID_930990_model,A0A067MJR9,0,0,no_cterm
A0A074RSY5_taxID_1423351_model,A0A074RSY5,0,0,no_cterm
A0A093VIP7_taxID_1077442_model,A0A093VIP7,0,0,no_cterm
A0A0B2WQI7_taxID_1081103_model_A,A0A0B2WQI7,0,0,no_cterm
A0A0B4EN03_taxID_3151832_model,A0A0B4EN03,0,0,no_cterm
A0A167KGF5_taxID_1649241_model,A0A167KGF5,0,0,no_cterm
A0A0B7FT97_taxID_1108050_model_A,A0A0B7FT97,0,0,no_cterm
A0A0B7KFX7_taxID_29856_model,A0A0B7KFX7,0,0,no_cterm
A0A0C9Z647_taxID_765257_model_A,A0A0C9Z647,0,0,no_cterm
A0A0C3RQX3_taxID_745531_model,A0A0C3RQX3,0,0,no_cterm
A0A0C9TZW6_taxID_664439_model_A,A0A0C9TZW6,0,0,no_cterm
A0A0D0EB00_taxID_930991_model,A0A0D0EB00,0,0,no_cterm
A0A0C9SMC2_taxID_664439_model,A0A0C9SMC2,0,0,no_cterm
A0A0D2AGE3_taxID_253628_model_A,A0A0D2AGE3,0,0,no_cterm
A0A0D2ANN3_taxID_253628_model_A,A0A0D2ANN3,0,0,no_cterm
A0A0D2CGS3_taxID_569365_model,A0A0D2CGS3,0,0,no_cterm
A0A0D2D9V1_taxID_569365_model,A0A0D2D9V1,0,0,no_cterm
A0A0D2FU82_taxID_1442369_model,A0A0D2FU82,0,0,no_cterm
A0A0D6R7V1_taxID_56994_model,A0A0D6R7V1,0,0,no_cterm
A0A0F2M048_taxID_1397361_model,A0A0F2M048,0,0,no_cterm
A0A0G4KZ42_taxID_100787_model,A0A0G4KZ42,0,0,no_cterm
A0A0H1B458_taxID_2060906_model,A0A0H1B458,0,0,no_cterm
A0A0H1BKR6_taxID_2060906_model,A0A0H1BKR6,0,0,no_cterm
A0A2B7WN75_taxID_2060905_model,A0A2B7WN75,0,0,no_cterm
A0ACC1QU05_taxID_468837_model,A0ACC1QU05,0,0,no_cterm
A0A0K6GC82_taxID_456999_model_A,A0A0K6GC82,0,0,no_cterm
A0A0K6GCX1_taxID_456999_model_A,A0A0K6GCX1,0,0,no_cterm
A0A0K6GD51_taxID_456999_model,A0A0K6GD51,0,0,no_cterm
A0A8H3AJB0_taxID_456999_model,A0A8H3AJB0,0,0,no_cterm
A0A0K6GJ17_taxID_456999_model,A0A0K6GJ17,0,0,no_cterm
A0A0U1M3F3_taxID_28573_model,A0A0U1M3F3,0,0,no_cterm
A0A0U5CC61_taxID_454130_model,A0A0U5CC61,0,0,no_cterm
A0ABR4KER6_taxID_1810923_model,A0ABR4KER6,0,0,no_cterm
A0A139I097_taxID_113226_model,A0A139I097,0,0,no_cterm
A0A139H835_taxID_321146_model_A,A0A139H835,0,0,no_cterm
A0A164MPH2_taxID_1314777_model,A0A164MPH2,0,0,no_cterm
A0A164RBJ3_taxID_1314777_model,A0A164RBJ3,0,0,no_cterm
A0A165XBZ9_taxID_1314776_model,A0A165XBZ9,0,0,no_cterm
A0A164SP08_taxID_1314777_model_A,A0A164SP08,0,0,no_cterm
A0A165F8M0_taxID_1314781_model,A0A165F8M0,0,0,no_cterm
A0A165YMC5_taxID_1314776_model,A0A165YMC5,0,0,no_cterm
A0A166AA12_taxID_1314776_model,A0A166AA12,0,0,no_cterm
A0A166DTV9_taxID_1314776_model_A,A0A166DTV9,0,0,no_cterm
A0A166DZL8_taxID_1314776_model_A,A0A166DZL8,0,0,no_cterm
A0A164PTM7_taxID_1314777_model_A,A0A164PTM7,0,0,no_cterm
A0A166DZQ5_taxID_1314776_model_A,A0A166DZQ5,0,0,no_cterm
A0A164PTP5_taxID_1314777_model_A,A0A164PTP5,0,0,no_cterm
A0A166TRG0_taxID_708197_model_A,A0A166TRG0,0,0,no_cterm
A0A167BY34_taxID_1573173_model_A,A0A167BY34,0,0,no_cterm
A0A168H3F0_taxID_1081108_model,A0A168H3F0,0,0,no_cterm
A0A179IMT0_taxID_2714763_model_A,A0A179IMT0,0,0,no_cterm
A0A194XG95_taxID_149040_model,A0A194XG95,0,0,no_cterm
A0A2J6RQI7_taxID_1149755_model,A0A2J6RQI7,0,0,no_cterm
A0A1B7XTQ0_taxID_759273_model_A,A0A1B7XTQ0,0,0,no_cterm
A0AAV9T8U9_taxID_1209068_model_A,A0AAV9T8U9,0,0,no_cterm
A0AAX4IXQ2_taxID_34406_model_A,A0AAX4IXQ2,0,0,no_cterm
A0A1L7VXS6_taxID_1227346_model,A0A1L7VXS6,0,0,no_cterm
A0A1L7U9F0_taxID_192010_model,A0A1L7U9F0,0,0,no_cterm
A0A365NBJ9_taxID_948311_model,A0A365NBJ9,0,0,no_cterm
A0A8H5E686_taxID_48485_model,A0A8H5E686,0,0,no_cterm
A0A8H5L7U2_taxID_56676_model,A0A8H5L7U2,0,0,no_cterm
A0A8H5NBS9_taxID_42672_model,A0A8H5NBS9,0,0,no_cterm
A0A9Q9RSP5_taxID_5127_model,A0A9Q9RSP5,0,0,no_cterm
A0A1L7XKZ7_taxID_576137_model,A0A1L7XKZ7,0,0,no_cterm
A0A1L9Q0K3_taxID_1036611_model_A,A0A1L9Q0K3,0,0,no_cterm
A0A1L9RUP8_taxID_1073089_model,A0A1L9RUP8,0,0,no_cterm
A0A1L9T527_taxID_1036612_model,A0A1L9T527,0,0,no_cterm
A0A1S8B326_taxID_420778_model,A0A1S8B326,0,0,no_cterm
A0A1V6N9N8_taxID_60169_model_A,A0A1V6N9N8,0,0,no_cterm
A0A1V8SXJ4_taxID_1507870_model,A0A1V8SXJ4,0,0,no_cterm
A0A1V8TPK1_taxID_1507870_model,A0A1V8TPK1,0,0,no_cterm
A0A1X7RXX1_taxID_1276538_model,A0A1X7RXX1,0,0,no_cterm
A0A0F4G9M2_taxID_1047168_model,A0A0F4G9M2,0,0,no_cterm
A0A1Z5SRG5_taxID_1157616_model_A,A0A1Z5SRG5,0,0,no_cterm
A0A218ZGH0_taxID_2795749_model,A0A218ZGH0,0,0,no_cterm
A0A232LQ58_taxID_519963_model,A0A232LQ58,0,0,no_cterm
A0A254U1W7_taxID_5061_model,A0A254U1W7,0,0,no_cterm
A0A2B7YDC2_taxID_1447875_model,A0A2B7YDC2,0,0,no_cterm
A0A2C5YA96_taxID_2004952_model,A0A2C5YA96,0,0,no_cterm
A0A2C5YLV5_taxID_1399860_model_A,A0A2C5YLV5,0,0,no_cterm
A0A2S6CMG2_taxID_357750_model,A0A2S6CMG2,0,0,no_cterm
A0A9P3CZ20_taxID_84275_model,A0A9P3CZ20,0,0,no_cterm
A0A2G7FK12_taxID_656916_model,A0A2G7FK12,0,0,no_cterm
A0A0F0IFR5_taxID_1403190_model_A,A0A0F0IFR5,0,0,no_cterm
A0A0L1IR14_taxID_1509407_model_A,A0A0L1IR14,0,0,no_cterm
A0A5N6X503_taxID_1034303_model,A0A5N6X503,0,0,no_cterm
A0A2H3TBA4_taxID_5507_model,A0A2H3TBA4,0,0,no_cterm
A0A2H3GPA0_taxID_327505_model,A0A2H3GPA0,0,0,no_cterm
A0A395T9H7_taxID_694270_model,A0A395T9H7,0,0,no_cterm
A0A3L6NGQ8_taxID_396571_model,A0A3L6NGQ8,0,0,no_cterm
A0A420RTV3_taxID_5507_model,A0A420RTV3,0,0,no_cterm
A0A4Q2VB57_taxID_451672_model,A0A4Q2VB57,0,0,no_cterm
A0A8H5EP99_taxID_5507_model,A0A8H5EP99,0,0,no_cterm
A0A9P8IQL2_taxID_1042133_model,A0A9P8IQL2,0,0,no_cterm
W9KFD5_taxID_660027_model,W9KFD5,0,0,no_cterm
A0A2H3TN46_taxID_5507_model,A0A2H3TN46,0,0,no_cterm
A0A0P7BUG0_taxID_78410_model,A0A0P7BUG0,0,0,no_cterm
A0A559KXI7_taxID_61366_model,A0A559KXI7,0,0,no_cterm
A0A5C6SLM6_taxID_61366_model,A0A5C6SLM6,0,0,no_cterm
A0A8K0RHX5_taxID_61284_model,A0A8K0RHX5,0,0,no_cterm
A0A9P5AA35_taxID_44412_model,A0A9P5AA35,0,0,no_cterm
A0ABZ2XAZ6_taxID_5515_model,A0ABZ2XAZ6,0,0,no_cterm
N1S2R4_taxID_2502994_model,N1S2R4,0,0,no_cterm
W9NVV5_taxID_1080344_model,W9NVV5,0,0,no_cterm
X0H0C8_taxID_1089457_model,X0H0C8,0,0,no_cterm
X0J270_taxID_1089451_model,X0J270,0,0,no_cterm
A0A2I2G6A8_taxID_1392250_model_A,A0A2I2G6A8,0,0,no_cterm
A0A2J6PH00_taxID_2082293_model,A0A2J6PH00,0,0,no_cterm
A0A1L7U023_taxID_192010_model,A0A1L7U023,0,0,no_cterm
A0A1L7VKD7_taxID_1227346_model,A0A1L7VKD7,0,0,no_cterm
A0A2H3SBP2_taxID_5127_model,A0A2H3SBP2,0,0,no_cterm
A0A365N5T6_taxID_948311_model,A0A365N5T6,0,0,no_cterm
A0A3L6NA93_taxID_396571_model,A0A3L6NA93,0,0,no_cterm
A0A420TYN1_taxID_948311_model,A0A420TYN1,0,0,no_cterm
A0A8H4SZ29_taxID_282569_model,A0A8H4SZ29,0,0,no_cterm
A0A8H4ZJ61_taxID_48485_model,A0A8H4ZJ61,0,0,no_cterm
A0A8H5IDB1_taxID_751941_model,A0A8H5IDB1,0,0,no_cterm
A0A8H5J841_taxID_47803_model_A,A0A8H5J841,0,0,no_cterm
A0A8H5KKH2_taxID_48495_model,A0A8H5KKH2,0,0,no_cterm
A0A8H5TCK8_taxID_48507_model,A0A8H5TCK8,0,0,no_cterm
A0A8H5WV73_taxID_42747_model,A0A8H5WV73,0,0,no_cterm
A0AAE8MIP3_taxID_33205_model_A,A0AAE8MIP3,0,0,no_cterm
S0E8H5_taxID_1279085_model,S0E8H5,0,0,no_cterm
A0A2P5IEE2_taxID_158607_model_A,A0A2P5IEE2,0,0,no_cterm
A0A2P6U0E0_taxID_3076_model,A0A2P6U0E0,0,0,no_cterm
A0A2T6ZWP4_taxID_42251_model_A,A0A2T6ZWP4,0,0,no_cterm
A0A2W1DIA7_taxID_45151_model,A0A2W1DIA7,0,0,no_cterm
B2VXX3_taxID_426418_model,B2VXX3,0,0,no_cterm
A0A317SFD2_taxID_42249_model_A,A0A317SFD2,0,0,no_cterm
A0A319CQ88_taxID_1448315_model,A0A319CQ88,0,0,no_cterm
A0A365NEN8_taxID_948311_model,A0A365NEN8,0,0,no_cterm
A0A1L7V9Q4_taxID_1227346_model,A0A1L7V9Q4,0,0,no_cterm
A0A2H3TEA3_taxID_5507_model,A0A2H3TEA3,0,0,no_cterm
A0A2K0VYA6_taxID_42673_model,A0A2K0VYA6,0,0,no_cterm
A0A420SI55_taxID_948311_model,A0A420SI55,0,0,no_cterm
A0A559LGU5_taxID_61366_model,A0A559LGU5,0,0,no_cterm
A0A8H4JW98_taxID_78861_model,A0A8H4JW98,0,0,no_cterm
A0A8H4Z2B8_taxID_48485_model,A0A8H4Z2B8,0,0,no_cterm
A0A8H5UEG0_taxID_48490_model,A0A8H5UEG0,0,0,no_cterm
A0A8H6DCF2_taxID_78864_model,A0A8H6DCF2,0,0,no_cterm
A0A8H6GNV5_taxID_100902_model,A0A8H6GNV5,0,0,no_cterm
A0A8J5TU76_taxID_485398_model,A0A8J5TU76,0,0,no_cterm
A0A8J5UES2_taxID_96318_model,A0A8J5UES2,0,0,no_cterm
A0A8K0RPH1_taxID_61284_model,A0A8K0RPH1,0,0,no_cterm
A0A9P7H5X9_taxID_40199_model,A0A9P7H5X9,0,0,no_cterm
A0A9P7HDS4_taxID_221167_model,A0A9P7HDS4,0,0,no_cterm
A0AAE8SHR8_taxID_33205_model,A0AAE8SHR8,0,0,no_cterm
N1S4I7_taxID_2502994_model,N1S4I7,0,0,no_cterm
N4U7L8_taxID_1229664_model,N4U7L8,0,0,no_cterm
S0DWQ5_taxID_1279085_model,S0DWQ5,0,0,no_cterm
W9PMP4_taxID_1080344_model,W9PMP4,0,0,no_cterm
X0C2E3_taxID_1089458_model,X0C2E3,0,0,no_cterm
X0IFH8_taxID_1089457_model,X0IFH8,0,0,no_cterm
X0IWM8_taxID_1089451_model,X0IWM8,0,0,no_cterm
X0LDN5_taxID_1089449_model,X0LDN5,0,0,no_cterm
A0A366S9U2_taxID_231269_model,A0A366S9U2,0,0,no_cterm
A0A370PME4_taxID_1353007_model,A0A370PME4,0,0,no_cterm
G3XR01_taxID_380704_model,G3XR01,0,0,no_cterm
A0A4Y8DFL1_taxID_38488_model_A,A0A4Y8DFL1,0,0,no_cterm
A0A395IYP4_taxID_38457_model,A0A395IYP4,0,0,no_cterm
A0A395N2T3_taxID_2675880_model_A,A0A395N2T3,0,0,no_cterm
A0A395SCU4_taxID_694270_model,A0A395SCU4,0,0,no_cterm
A0A397S017_taxID_658196_model,A0A397S017,0,0,no_cterm
A0A397SZQ9_taxID_658196_model,A0A397SZQ9,0,0,no_cterm
A0A9N9ERA4_taxID_1348616_model,A0A9N9ERA4,0,0,no_cterm
A0A397VUF2_taxID_44941_model_A,A0A397VUF2,0,0,no_cterm
A0A397W4L1_taxID_44941_model_A,A0A397W4L1,0,0,no_cterm
A0A3D8SZ54_taxID_565419_model_A,A0A3D8SZ54,0,0,no_cterm
A0A8H6J6I2_taxID_2175907_model,A0A8H6J6I2,0,0,no_cterm
A0A9N9V829_taxID_160324_model,A0A9N9V829,0,0,no_cterm
A0A9N9ZBS2_taxID_160281_model,A0A9N9ZBS2,0,0,no_cterm
A0A3M6XNY6_taxID_91943_model,A0A3M6XNY6,0,0,no_cterm
A0A3M7A8N2_taxID_91943_model_A,A0A3M7A8N2,0,0,no_cterm
A0A3M7AVK4_taxID_91943_model,A0A3M7AVK4,0,0,no_cterm
A0A3N4LI62_taxID_1051890_model_A,A0A3N4LI62,0,0,no_cterm
A0A428SIW1_taxID_1325733_model,A0A428SIW1,0,0,no_cterm
A0A3M2RUE8_taxID_2010991_model,A0A3M2RUE8,0,0,no_cterm
A0A428QKN7_taxID_1325734_model,A0A428QKN7,0,0,no_cterm
A0A428TH55_taxID_2604345_model,A0A428TH55,0,0,no_cterm
A0A428U0B8_taxID_131363_model,A0A428U0B8,0,0,no_cterm
A0A430LRW5_taxID_1147111_model,A0A430LRW5,0,0,no_cterm
A0A9P9HAD7_taxID_169388_model,A0A9P9HAD7,0,0,no_cterm
A0ACC0QEY9_taxID_1328300_model,A0ACC0QEY9,0,0,no_cterm
A0ACD3ZFV0_taxID_2747967_model,A0ACD3ZFV0,0,0,no_cterm
A0A430L7E7_taxID_1147111_model,A0A430L7E7,0,0,no_cterm
A0A428RL23_taxID_1325733_model,A0A428RL23,0,0,no_cterm
A0A428TSX4_taxID_2604345_model,A0A428TSX4,0,0,no_cterm
A0A9W8WCQ7_taxID_1435070_model,A0A9W8WCQ7,0,0,no_cterm
A0A436ZY08_taxID_97331_model,A0A436ZY08,0,0,no_cterm
A0A437AF91_taxID_97331_model,A0A437AF91,0,0,no_cterm
A0A7C8K022_taxID_2813651_model,A0A7C8K022,0,0,no_cterm
A0A7C8NPI3_taxID_2813651_model,A0A7C8NPI3,0,0,no_cterm
A0A7C8PCL3_taxID_2813651_model,A0A7C8PCL3,0,0,no_cterm
A0A7C8R885_taxID_2813651_model,A0A7C8R885,0,0,no_cterm
A0AAN8RFG6_taxID_47235_model,A0AAN8RFG6,0,0,no_cterm
A0AAV9X4Y9_taxID_2528407_model,A0AAV9X4Y9,0,0,no_cterm
G1XSL1_taxID_756982_model,G1XSL1,0,0,no_cterm
A0A439D650_taxID_363999_model,A0A439D650,0,0,no_cterm
A0A484G5S9_taxID_1213857_model,A0A484G5S9,0,0,no_cterm
A0A4R8QDR2_taxID_1347390_model,A0A4R8QDR2,0,0,no_cterm
A0A4R8TK94_taxID_1347389_model,A0A4R8TK94,0,0,no_cterm
N4VXH0_taxID_1213857_model,N4VXH0,0,0,no_cterm
A0A4R8RKK0_taxID_5466_model,A0A4R8RKK0,0,0,no_cterm
A0A4S2MRG4_taxID_341454_model_A,A0A4S2MRG4,0,0,no_cterm
A0A4T0VHK0_taxID_80884_model_A,A0A4T0VHK0,0,0,no_cterm
A0A4U6XEV8_taxID_1306861_model,A0A4U6XEV8,0,0,no_cterm
A0A4V3HTN3_taxID_5466_model,A0A4V3HTN3,0,0,no_cterm
A0A4Y9Y0E1_taxID_34475_model,A0A4Y9Y0E1,0,0,no_cterm
A0A507EUL6_taxID_246404_model_A,A0A507EUL6,0,0,no_cterm
A0A507FDJ6_taxID_246404_model_A,A0A507FDJ6,0,0,no_cterm
A0A5J5EMH3_taxID_1250544_model,A0A5J5EMH3,0,0,no_cterm
A0A5M3M638_taxID_741705_model_A,A0A5M3M638,0,0,no_cterm
A0A5N5XA86_taxID_41062_model,A0A5N5XA86,0,0,no_cterm
A0A5N6F3V1_taxID_986946_model_A,A0A5N6F3V1,0,0,no_cterm
A0A5N6W347_taxID_1034304_model,A0A5N6W347,0,0,no_cterm
A0A5N6ZG89_taxID_138285_model,A0A5N6ZG89,0,0,no_cterm
A0A5N7CXX6_taxID_1506151_model_A,A0A5N7CXX6,0,0,no_cterm
A0A6A5KTX3_taxID_184978_model,A0A6A5KTX3,0,0,no_cterm
A0A6A5Q6R0_taxID_50730_model,A0A6A5Q6R0,0,0,no_cterm
A0A6A5QMV1_taxID_50730_model,A0A6A5QMV1,0,0,no_cterm
A0A6A5R0I7_taxID_50730_model,A0A6A5R0I7,0,0,no_cterm
A0A6A7B1V5_taxID_1408161_model,A0A6A7B1V5,0,0,no_cterm
A0A8H7JEC5_taxID_205686_model,A0A8H7JEC5,0,0,no_cterm
A0A9P4WA51_taxID_90978_model,A0A9P4WA51,0,0,no_cterm
A0A9Q8Z1I0_taxID_95742_model,A0A9Q8Z1I0,0,0,no_cterm
A0A6A5T3M9_taxID_706981_model,A0A6A5T3M9,0,0,no_cterm
A0A6A5W1H6_taxID_1392246_model,A0A6A5W1H6,0,0,no_cterm
A0A6A5WZ58_taxID_1392246_model,A0A6A5WZ58,0,0,no_cterm
A0A6A6AE22_taxID_1392245_model,A0A6A6AE22,0,0,no_cterm
A0A6A6AS90_taxID_1392245_model_A,A0A6A6AS90,0,0,no_cterm
A0A6A6FJM6_taxID_717836_model,A0A6A6FJM6,0,0,no_cterm
A0A6A6IQS2_taxID_390896_model,A0A6A6IQS2,0,0,no_cterm
A0A6A6JQ96_taxID_318751_model,A0A6A6JQ96,0,0,no_cterm
A0A6A6RBG0_taxID_390894_model_A,A0A6A6RBG0,0,0,no_cterm
A0A6A6VVH4_taxID_470096_model,A0A6A6VVH4,0,0,no_cterm
A0A6A7A461_taxID_1469910_model,A0A6A7A461,0,0,no_cterm
A0A6G1J6M2_taxID_1168545_model,A0A6G1J6M2,0,0,no_cterm
A0A6G1JZ99_taxID_1314801_model,A0A6G1JZ99,0,0,no_cterm
A0A6A5YHD3_taxID_690887_model,A0A6A5YHD3,0,0,no_cterm
A0A7C8IE08_taxID_100035_model,A0A7C8IE08,0,0,no_cterm
A0A7C8M1Q1_taxID_100035_model,A0A7C8M1Q1,0,0,no_cterm
A0AAN8RZ95_taxID_74498_model,A0AAN8RZ95,0,0,no_cterm
A0A7C8V132_taxID_2813651_model,A0A7C8V132,0,0,no_cterm
A0AAV9W3C3_taxID_47236_model_A,A0AAV9W3C3,0,0,no_cterm
A0A7D8UYH4_taxID_1316786_model,A0A7D8UYH4,0,0,no_cterm
A0A7R7XXA9_taxID_1220207_model,A0A7R7XXA9,0,0,no_cterm
A0A7U2R2A5_taxID_332952_model,A0A7U2R2A5,0,0,no_cterm
A0A1S9DK56_taxID_5062_model_A,A0A1S9DK56,0,0,no_cterm
A0A5N6H6S4_taxID_5059_model_A,A0A5N6H6S4,0,0,no_cterm
A0AB74CDD4_taxID_5059_model,A0AB74CDD4,0,0,no_cterm
A0A8E2ERP3_taxID_574774_model,A0A8E2ERP3,0,0,no_cterm
A0A8E2JVK2_taxID_574774_model_A,A0A8E2JVK2,0,0,no_cterm
A0A8H2ZZ57_taxID_456999_model_A,A0A8H2ZZ57,0,0,no_cterm
A0A0K6GCM0_taxID_456999_model_A,A0A0K6GCM0,0,0,no_cterm
A0A8H3BP52_taxID_456999_model,A0A8H3BP52,0,0,no_cterm
A0A8H3CUW5_taxID_456999_model_A,A0A8H3CUW5,0,0,no_cterm
A0A074RRF8_taxID_1423351_model_A,A0A074RRF8,0,0,no_cterm
A0A8H3DH08_taxID_456999_model_A,A0A8H3DH08,0,0,no_cterm
A0A8H3DKS2_taxID_456999_model_A,A0A8H3DKS2,0,0,no_cterm
A0A8H3I9E9_taxID_1903189_model,A0A8H3I9E9,0,0,no_cterm
A0A8H3J0U5_taxID_116794_model,A0A8H3J0U5,0,0,no_cterm
A0A8H3LDJ6_taxID_94130_model,A0A8H3LDJ6,0,0,no_cterm
A0A2Z6QJV6_taxID_94130_model,A0A2Z6QJV6,0,0,no_cterm
A0A8H3LDR0_taxID_94130_model,A0A8H3LDR0,0,0,no_cterm
A0A8H3U2Q4_taxID_5025_model,A0A8H3U2Q4,0,0,no_cterm
A0A8H3W3M5_taxID_702518_model,A0A8H3W3M5,0,0,no_cterm
A0A8H3WZW9_taxID_4874_model_A,A0A8H3WZW9,0,0,no_cterm
A0A397U9E3_taxID_44941_model_A,A0A397U9E3,0,0,no_cterm
A0A397UDP9_taxID_44941_model_A,A0A397UDP9,0,0,no_cterm
A0A397V8S2_taxID_44941_model_A,A0A397V8S2,0,0,no_cterm
A0A8H3XIS9_taxID_4874_model_A,A0A8H3XIS9,0,0,no_cterm
A0A8H4EUW6_taxID_4874_model_A,A0A8H4EUW6,0,0,no_cterm
A0A9N8ZSY3_taxID_1348616_model,A0A9N8ZSY3,0,0,no_cterm
A0A9N9CQ97_taxID_1348616_model_A,A0A9N9CQ97,0,0,no_cterm
A0A9N9DJR9_taxID_60492_model,A0A9N9DJR9,0,0,no_cterm
A0A9N9DY61_taxID_1348616_model_A,A0A9N9DY61,0,0,no_cterm
A0A9N9FKX5_taxID_1348616_model,A0A9N9FKX5,0,0,no_cterm
A0A9N9NSN0_taxID_1348616_model,A0A9N9NSN0,0,0,no_cterm
A0A9N9P213_taxID_1348616_model_A,A0A9N9P213,0,0,no_cterm
A0A9N9P631_taxID_1433469_model,A0A9N9P631,0,0,no_cterm
A0A9N9PBX5_taxID_1433469_model,A0A9N9PBX5,0,0,no_cterm
A0ABN7UJP1_taxID_4874_model_A,A0ABN7UJP1,0,0,no_cterm
A0ACA9K0F7_taxID_85575_model_A,A0ACA9K0F7,0,0,no_cterm
A0ACA9K9U4_taxID_85575_model_A,A0ACA9K9U4,0,0,no_cterm
A0ACA9RPM3_taxID_160502_model,A0ACA9RPM3,0,0,no_cterm
A0A8H4AZG0_taxID_4874_model_A,A0A8H4AZG0,0,0,no_cterm
A0A397V0N4_taxID_44941_model_A,A0A397V0N4,0,0,no_cterm
A0A8H4ESV6_taxID_4874_model,A0A8H4ESV6,0,0,no_cterm
A0A8H4NX87_taxID_78861_model,A0A8H4NX87,0,0,no_cterm
A0A8H4P6A3_taxID_2364996_model,A0A8H4P6A3,0,0,no_cterm
A0A8H4Q371_taxID_2030778_model_A,A0A8H4Q371,0,0,no_cterm
A0A8H4RCD7_taxID_354080_model,A0A8H4RCD7,0,0,no_cterm
A0A8H4RGI4_taxID_354080_model,A0A8H4RGI4,0,0,no_cterm
A0A8H4T571_taxID_282569_model,A0A8H4T571,0,0,no_cterm
A0A8H4W2C0_taxID_354080_model,A0A8H4W2C0,34,1,no_cterm
A0A8H4X0V2_taxID_282569_model_A,A0A8H4X0V2,0,0,no_cterm
A0A8H4NXJ4_taxID_2364996_model,A0A8H4NXJ4,0,0,no_cterm
A0A8H5LR22_taxID_2823264_model,A0A8H5LR22,0,0,no_cterm
A0A8H5L7G9_taxID_42677_model,A0A8H5L7G9,0,0,no_cterm
A0A8H5TCH9_taxID_48490_model,A0A8H5TCH9,0,0,no_cterm
A0A8H5SVS3_taxID_42747_model,A0A8H5SVS3,0,0,no_cterm
A0A8K0RNQ8_taxID_61284_model,A0A8K0RNQ8,0,0,no_cterm
A0A8H6E4D1_taxID_209559_model_A,A0A8H6E4D1,0,0,no_cterm
A0A5N7CI82_taxID_209559_model_A,A0A5N7CI82,0,0,no_cterm
A0A8H6JY07_taxID_2175906_model,A0A8H6JY07,0,0,no_cterm
A0A8H6N0D2_taxID_2175907_model,A0A8H6N0D2,0,0,no_cterm
A0A8H6NYW2_taxID_2175873_model,A0A8H6NYW2,0,0,no_cterm
A0A8H6KE22_taxID_2175873_model,A0A8H6KE22,0,0,no_cterm
M2TJP1_taxID_665912_model,M2TJP1,0,0,no_cterm
A0A5N5CW49_taxID_45133_model_A,A0A5N5CW49,0,0,no_cterm
A0A8H7M1F4_taxID_456999_model_A,A0A8H7M1F4,0,0,no_cterm
A0A8H7WER1_taxID_108018_model,A0A8H7WER1,0,0,no_cterm
A0A8H8RR52_taxID_602034_model,A0A8H8RR52,0,0,no_cterm
A0A8H8RSC4_taxID_215460_model,A0A8H8RSC4,0,0,no_cterm
A0A8I2YZN7_taxID_495285_model_A,A0A8I2YZN7,0,0,no_cterm
A0A8I3ABR5_taxID_495285_model_A,A0A8I3ABR5,0,0,no_cterm
A0A8J2IYY8_taxID_61235_model,A0A8J2IYY8,0,0,no_cterm
A0A8J5PCQ5_taxID_485398_model,A0A8J5PCQ5,0,0,no_cterm
A0A8H5KJP4_taxID_48495_model,A0A8H5KJP4,0,0,no_cterm
A0A8H5P686_taxID_42677_model,A0A8H5P686,0,0,no_cterm
A0A8J5TNI1_taxID_485398_model,A0A8J5TNI1,0,0,no_cterm
A0A8H4KAI2_taxID_2364996_model,A0A8H4KAI2,0,0,no_cterm
A0A8J2JFH0_taxID_61235_model,A0A8J2JFH0,0,0,no_cterm
A0ABQ8R1M6_taxID_61235_model,A0ABQ8R1M6,0,0,no_cterm
A0A8K0QVH6_taxID_798071_model,A0A8K0QVH6,0,0,no_cterm
A0A8K0SFW5_taxID_80388_model,A0A8K0SFW5,0,0,no_cterm
A0A8K0WE54_taxID_61284_model,A0A8K0WE54,0,0,no_cterm
A0A8K0X9Z3_taxID_40658_model,A0A8K0X9Z3,0,0,no_cterm
A0A8T2QG03_taxID_49495_model,A0A8T2QG03,0,0,no_cterm
A0A8T2V4P9_taxID_49495_model,A0A8T2V4P9,0,0,no_cterm
A0A8T2QFW2_taxID_49495_model,A0A8T2QFW2,0,0,no_cterm
A0A8T2V0J4_taxID_49495_model,A0A8T2V0J4,0,0,no_cterm
A0A8T2V3L4_taxID_49495_model,A0A8T2V3L4,0,0,no_cterm
A0A8T2V7L2_taxID_49495_model,A0A8T2V7L2,0,0,no_cterm
A0A8T2V8E3_taxID_49495_model,A0A8T2V8E3,0,0,no_cterm
A0A8T2VC72_taxID_49495_model,A0A8T2VC72,0,0,no_cterm
A0A8T2VCL7_taxID_49495_model,A0A8T2VCL7,0,0,no_cterm
A0A977TEP2_taxID_36659_model,A0A977TEP2,0,0,no_cterm
A0A9N8H4W2_taxID_568900_model,A0A9N8H4W2,0,0,no_cterm
A0A9N9ACS1_taxID_60492_model_A,A0A9N9ACS1,0,0,no_cterm
A0A9N9BME1_taxID_144538_model,A0A9N9BME1,0,0,no_cterm
A0A8H4AMR5_taxID_4874_model,A0A8H4AMR5,0,0,no_cterm
A0A9N8WNI7_taxID_1117310_model,A0A9N8WNI7,0,0,no_cterm
A0A9N9HA91_taxID_1348616_model,A0A9N9HA91,0,0,no_cterm
A0ABM8W6N4_taxID_4874_model,A0ABM8W6N4,0,0,no_cterm
A0A9N9HQT6_taxID_1348616_model,A0A9N9HQT6,0,0,no_cterm
A0A9N9I8P4_taxID_60492_model,A0A9N9I8P4,0,0,no_cterm
A0A9N9L5T0_taxID_746836_model_A,A0A9N9L5T0,0,0,no_cterm
A0A9N9LFQ9_taxID_595503_model,A0A9N9LFQ9,0,0,no_cterm
A0A9N9L7K7_taxID_746836_model,A0A9N9L7K7,0,0,no_cterm
A0A9N9YPC9_taxID_160324_model,A0A9N9YPC9,0,0,no_cterm
A0ACA9U4D2_taxID_1349383_model,A0ACA9U4D2,0,0,no_cterm
A0A9P3G6B3_taxID_48140_model_A,A0A9P3G6B3,0,0,no_cterm
A0A9P3G846_taxID_48140_model,A0A9P3G846,0,0,no_cterm
A0A9P3LC23_taxID_48140_model,A0A9P3LC23,0,0,no_cterm
A0A9P4GEG7_taxID_1168544_model,A0A9P4GEG7,0,0,no_cterm
A0A9P4HB55_taxID_210430_model_A,A0A9P4HB55,0,0,no_cterm
A0A9P4IKI1_taxID_1504668_model_A,A0A9P4IKI1,0,0,no_cterm
A0A9P4MLF2_taxID_1168546_model_A,A0A9P4MLF2,0,0,no_cterm
A0A9P4MUJ7_taxID_1513339_model,A0A9P4MUJ7,0,0,no_cterm
A0A9P4MY33_taxID_1513339_model,A0A9P4MY33,0,0,no_cterm
A0A9P4QX66_taxID_682080_model,A0A9P4QX66,0,0,no_cterm
A0A9P4SB82_taxID_1346257_model_A,A0A9P4SB82,0,0,no_cterm
A0A9P4SDQ3_taxID_1346257_model,A0A9P4SDQ3,0,0,no_cterm
A0A9P4V8T4_taxID_682080_model,A0A9P4V8T4,0,0,no_cterm
N4UL14_taxID_1229664_model_A,N4UL14,0,0,no_cterm
A0A9P5B8M4_taxID_1803897_model,A0A9P5B8M4,0,0,no_cterm
A0A9P5DU41_taxID_44412_model_A,A0A9P5DU41,0,0,no_cterm
A0A9P5HQ80_taxID_595255_model,A0A9P5HQ80,0,0,no_cterm
A0A9P5LLI3_taxID_595255_model_A,A0A9P5LLI3,0,0,no_cterm
A0A9P6LML4_taxID_1095194_model_A,A0A9P6LML4,0,0,no_cterm
A0A9P7E4R0_taxID_48587_model,A0A9P7E4R0,0,0,no_cterm
A0A9P7FBZ7_taxID_1912936_model,A0A9P7FBZ7,0,0,no_cterm
A0A9P7HAA6_taxID_40199_model,A0A9P7HAA6,0,0,no_cterm
A0A9W8V6W5_taxID_1237075_model,A0A9W8V6W5,0,0,no_cterm
A0A9P7JPE6_taxID_1912936_model_A,A0A9P7JPE6,0,0,no_cterm
A0A9P7JWP4_taxID_1912936_model_A,A0A9P7JWP4,0,0,no_cterm
A0A9P7KK28_taxID_40199_model,A0A9P7KK28,0,0,no_cterm
A0A9P7RLL9_taxID_181124_model,A0A9P7RLL9,0,0,no_cterm
A0A9P7YP12_taxID_45428_model_A,A0A9P7YP12,0,0,no_cterm
A0A9P7ZAT5_taxID_1763456_model_A,A0A9P7ZAT5,0,0,no_cterm
A0A9P8HZL9_taxID_1670608_model,A0A9P8HZL9,0,0,no_cterm
A0A9P8M534_taxID_2596975_model,A0A9P8M534,0,0,no_cterm
A0A0B4H7V4_taxID_1276136_model,A0A0B4H7V4,0,0,no_cterm
A0A0A1V0A4_taxID_568076_model,A0A0A1V0A4,0,0,no_cterm
A0A0A2VJT0_taxID_1245745_model,A0A0A2VJT0,0,0,no_cterm
A0A168GH67_taxID_1081108_model,A0A168GH67,0,0,no_cterm
A0A179I0M2_taxID_33203_model_A,A0A179I0M2,0,0,no_cterm
A0A8H4LAM5_taxID_1237068_model_A,A0A8H4LAM5,0,0,no_cterm
A0A8H4UN72_taxID_1053134_model,A0A8H4UN72,0,0,no_cterm
A0A9P9J2H8_taxID_307937_model_A,A0A9P9J2H8,0,0,no_cterm
A0A9P9JAU8_taxID_1079267_model_A,A0A9P9JAU8,0,0,no_cterm
A0AA35M6L0_taxID_1926264_model_A,A0AA35M6L0,0,0,no_cterm
A0AA39GF27_taxID_5046_model,A0AA39GF27,0,0,no_cterm
A0AAW0RZS7_taxID_1069075_model,A0AAW0RZS7,0,0,no_cterm
A0ABR1HH68_taxID_979145_model_A,A0ABR1HH68,0,0,no_cterm
A0ABR1HKD6_taxID_2732573_model_A,A0ABR1HKD6,0,0,no_cterm
A0ABR1QDA7_taxID_335848_model_A,A0ABR1QDA7,0,0,no_cterm
A0ABR1TQW5_taxID_2905665_model_A,A0ABR1TQW5,0,0,no_cterm
A0ABR1WHV3_taxID_335842_model_A,A0ABR1WHV3,0,0,no_cterm
A0ABY6TRN0_taxID_29856_model_A,A0ABY6TRN0,0,0,no_cterm
A0ACC1QHQ0_taxID_468837_model,A0ACC1QHQ0,0,0,no_cterm
G3JS58_taxID_983644_model,G3JS58,0,0,no_cterm
A0A9P8VN70_taxID_1576542_model_A,A0A9P8VN70,0,0,no_cterm
A0A9P9APM6_taxID_1576542_model_A,A0A9P9APM6,0,0,no_cterm
A0A9P9D493_taxID_256645_model_A,A0A9P9D493,0,0,no_cterm
A0A9P9GGD9_taxID_48865_model,A0A9P9GGD9,0,0,no_cterm
A0A9P9IM25_taxID_256645_model,A0A9P9IM25,0,0,no_cterm
A0A9P9IMH5_taxID_307937_model,A0A9P9IMH5,0,0,no_cterm
A0A9Q0AIK5_taxID_1658444_model_A,A0A9Q0AIK5,0,0,no_cterm
A0ABR2V2D3_taxID_138068_model_A,A0ABR2V2D3,0,0,no_cterm
A0ABR2XI69_taxID_138064_model_A,A0ABR2XI69,0,0,no_cterm
A0A9Q8PMF0_taxID_5499_model,A0A9Q8PMF0,0,0,no_cterm
A0A9W4IER4_taxID_1612424_model,A0A9W4IER4,0,0,no_cterm
A0A9W4N770_taxID_99116_model,A0A9W4N770,0,0,no_cterm
A0A9W8QE01_taxID_2231603_model,A0A9W8QE01,0,0,no_cterm
A0A9W8RG83_taxID_195108_model_A,A0A9W8RG83,0,0,no_cterm
A0ACC0RIA1_taxID_1328300_model_A,A0ACC0RIA1,0,0,no_cterm
A0A9W8UFH3_taxID_2494466_model,A0A9W8UFH3,0,0,no_cterm
A0A8H4SVT9_taxID_1208366_model_A,A0A8H4SVT9,0,0,no_cterm
A0A9W8XD27_taxID_1932322_model,A0A9W8XD27,0,0,no_cterm
A0A9W9CIW1_taxID_798079_model,A0A9W9CIW1,0,0,no_cterm
A0A9W9EVY9_taxID_1131581_model,A0A9W9EVY9,0,0,no_cterm
A0A9X9ML18_taxID_62690_model,A0A9X9ML18,0,0,no_cterm
A0A381LGH1_taxID_1268274_model_A,A0A381LGH1,0,0,no_cterm
A0A656KGD9_taxID_1268274_model,A0A656KGD9,0,0,no_cterm
A0AA38RGD2_taxID_41990_model_A,A0AA38RGD2,0,0,no_cterm
A0AA39WCT5_taxID_314043_model_A,A0AA39WCT5,0,0,no_cterm
A0AA39WNN7_taxID_869390_model,A0AA39WNN7,0,0,no_cterm
A0AA39X8F2_taxID_252184_model,A0AA39X8F2,0,0,no_cterm
A0AA39YTE5_taxID_92897_model_A,A0AA39YTE5,0,0,no_cterm
A0AA39Z3B2_taxID_330535_model,A0AA39Z3B2,0,0,no_cterm
A0AA39Z580_taxID_869390_model,A0AA39Z580,0,0,no_cterm
A0A5N5DHS7_taxID_45133_model,A0A5N5DHS7,0,0,no_cterm
A0AAN6W1Y6_taxID_2587417_model_A,A0AAN6W1Y6,0,0,no_cterm
A0AAN6XG87_taxID_2587418_model_A,A0AAN6XG87,0,0,no_cterm
A0ABR0FW60_taxID_2093777_model_A,A0ABR0FW60,0,0,no_cterm
A0ABR0GTC6_taxID_2093779_model_A,A0ABR0GTC6,0,0,no_cterm
A0ABR0HY00_taxID_2093780_model_A,A0ABR0HY00,0,0,no_cterm
A0ABR0ILG5_taxID_2609844_model_A,A0ABR0ILG5,0,0,no_cterm
A0ABY6RUN5_taxID_48703_model_A,A0ABY6RUN5,0,0,no_cterm
B2AB03_taxID_515849_model_A,B2AB03,0,0,no_cterm
A0AA40AAU4_taxID_1954250_model,A0AA40AAU4,0,0,no_cterm
A0AA40DL14_taxID_1954250_model,A0AA40DL14,0,0,no_cterm
A0AA40DQR4_taxID_260670_model_A,A0AA40DQR4,0,0,no_cterm
A0AA40K749_taxID_314023_model_A,A0AA40K749,0,0,no_cterm
A0AAD4G8T3_taxID_1328754_model,A0AAD4G8T3,0,0,no_cterm
A0AAD6DB28_taxID_911720_model,A0AAD6DB28,0,0,no_cterm
A0AAD7IFW3_taxID_1033252_model,A0AAD7IFW3,0,0,no_cterm
A0AAD8UFI1_taxID_27357_model_A,A0AAD8UFI1,0,0,no_cterm
A0AAD9T0J2_taxID_946125_model,A0AAD9T0J2,0,0,no_cterm
A0AAD9B171_taxID_1836956_model_A,A0AAD9B171,0,0,no_cterm
A0AAD9YSY5_taxID_34407_model,A0AAD9YSY5,0,0,no_cterm
A0AAE0D0W4_taxID_34407_model_A,A0AAE0D0W4,0,0,no_cterm
A0ACC3ZAS3_taxID_5467_model,A0ACC3ZAS3,0,0,no_cterm
A0AAE0DG71_taxID_34407_model,A0AAE0DG71,0,0,no_cterm
A0AAE0I808_taxID_314031_model,A0AAE0I808,0,0,no_cterm
A0AAE0KEL3_taxID_330526_model,A0AAE0KEL3,0,0,no_cterm
A0AAE0MZ33_taxID_92902_model,A0AAE0MZ33,0,0,no_cterm
A0AAE1CE31_taxID_314037_model,A0AAE1CE31,0,0,no_cterm
A0AAI9UWB9_taxID_1209925_model_A,A0AAI9UWB9,0,0,no_cterm
A0A9Q0B5F6_taxID_1671311_model,A0A9Q0B5F6,0,0,no_cterm
A0AAI9XI30_taxID_1209925_model,A0AAI9XI30,0,0,no_cterm
A0AAI9XL02_taxID_1209925_model,A0AAI9XL02,0,0,no_cterm
A0AAI9Y7Q5_taxID_1209917_model,A0AAI9Y7Q5,0,0,no_cterm
A0AAI9YAM1_taxID_1209917_model_A,A0AAI9YAM1,0,0,no_cterm
A0AAI9ZJ62_taxID_359342_model_A,A0AAI9ZJ62,0,0,no_cterm
A0A010S1R5_taxID_1445577_model,A0A010S1R5,0,0,no_cterm
A0A135SQH1_taxID_703756_model_A,A0A135SQH1,0,0,no_cterm
A0A135V7B2_taxID_1209931_model_A,A0A135V7B2,0,0,no_cterm
A0A1B7Y3U5_taxID_759273_model_A,A0A1B7Y3U5,0,0,no_cterm
A0A1Q8RQU4_taxID_708187_model_A,A0A1Q8RQU4,0,0,no_cterm
A0A5Q4BX03_taxID_2078593_model_A,A0A5Q4BX03,0,0,no_cterm
A0A9P9WXB5_taxID_1658444_model,A0A9P9WXB5,0,0,no_cterm
A0A9P9X1G2_taxID_1671311_model_A,A0A9P9X1G2,0,0,no_cterm
A0AAD9LZF6_taxID_1216348_model_A,A0AAD9LZF6,0,0,no_cterm
A0AAJ0A9B9_taxID_1209918_model,A0AAJ0A9B9,0,0,no_cterm
A0AAV9TS26_taxID_1209068_model_A,A0AAV9TS26,0,0,no_cterm
A0AAX4IHU9_taxID_34406_model_A,A0AAX4IHU9,0,0,no_cterm
A0ABQ9PMC0_taxID_1209924_model_A,A0ABQ9PMC0,0,0,no_cterm
H1V3M6_taxID_759273_model_A,H1V3M6,0,0,no_cterm
A0AAJ0A2A4_taxID_359342_model,A0AAJ0A2A4,0,0,no_cterm
A0AAJ0ASF6_taxID_1209918_model_A,A0AAJ0ASF6,0,0,no_cterm
A0AAJ0AXE4_taxID_1209918_model_A,A0AAJ0AXE4,0,0,no_cterm
A0AAJ0BKB6_taxID_438768_model,A0AAJ0BKB6,0,0,no_cterm
A0AAJ0DXZ3_taxID_1209916_model_A,A0AAJ0DXZ3,0,0,no_cterm
A0AAJ0H1A4_taxID_1170767_model_A,A0AAJ0H1A4,0,0,no_cterm
A0AAJ0MUX5_taxID_588809_model_A,A0AAJ0MUX5,0,0,no_cterm
A0A8S8ZRM5_taxID_5147_model_A,A0A8S8ZRM5,0,0,no_cterm
A0AAN6SIU6_taxID_241081_model_A,A0AAN6SIU6,0,0,no_cterm
F7VLZ9_taxID_771870_model_A,F7VLZ9,0,0,no_cterm
F8N0H0_taxID_510951_model_A,F8N0H0,0,0,no_cterm
Q7SFK3_taxID_367110_model_A,Q7SFK3,0,0,no_cterm
A0AAN6W3U5_taxID_2587417_model,A0AAN6W3U5,0,0,no_cterm
A0AAV9I382_taxID_585594_model_A,A0AAV9I382,0,0,no_cterm
A0AAN6XBQ4_taxID_2587418_model,A0AAN6XBQ4,0,0,no_cterm
A0AAN6XZC3_taxID_261697_model,A0AAN6XZC3,0,0,no_cterm
A0AAN7GZJ2_taxID_252190_model,A0AAN7GZJ2,0,0,no_cterm
A0AAN7WD97_taxID_574655_model,A0AAN7WD97,0,0,no_cterm
A0AAN8MJL4_taxID_47235_model_A,A0AAN8MJL4,0,0,no_cterm
A0AAN8N9S7_taxID_47235_model,A0AAN8N9S7,0,0,no_cterm
A0AAN8NKR9_taxID_74498_model,A0AAN8NKR9,0,0,no_cterm
A0AAN8RYC8_taxID_74498_model_A,A0AAN8RYC8,0,0,no_cterm
A0AAN9V3Q1_taxID_117547_model,A0AAN9V3Q1,0,0,no_cterm
A0AAQ3M6B4_taxID_150365_model,A0AAQ3M6B4,0,0,no_cterm
A0AAV9GFL8_taxID_3040156_model,A0AAV9GFL8,0,0,no_cterm
A0AAV9GH49_taxID_3040156_model,A0AAV9GH49,0,0,no_cterm
A0AAV9HJ01_taxID_585594_model_A,A0AAV9HJ01,0,0,no_cterm
A0AAX4IRV8_taxID_34406_model,A0AAX4IRV8,0,0,no_cterm
A0AAV9U1M6_taxID_1796055_model,A0AAV9U1M6,0,0,no_cterm
A0AAV9UL65_taxID_1796055_model,A0AAV9UL65,0,0,no_cterm
A0AAV9WTG2_taxID_2528407_model,A0AAV9WTG2,0,0,no_cterm
A0AAV9WYP6_taxID_2528407_model,A0AAV9WYP6,0,0,no_cterm
A0AAV9X0N3_taxID_2528407_model,A0AAV9X0N3,0,0,no_cterm
A0AAV9XIV8_taxID_2528407_model,A0AAV9XIV8,0,0,no_cterm
A0AAV9XS44_taxID_2528407_model,A0AAV9XS44,0,0,no_cterm
A0AAW0C1Q8_taxID_297713_model,A0AAW0C1Q8,0,0,no_cterm
A0AAW0GI35_taxID_2478898_model,A0AAW0GI35,0,0,no_cterm
A0AAW0QFG3_taxID_1337665_model,A0AAW0QFG3,0,0,no_cterm
A0ABR2J6Q7_taxID_335852_model,A0ABR2J6Q7,0,0,no_cterm
A0AAW1PJY0_taxID_41462_model,A0AAW1PJY0,0,0,no_cterm
A0AAW1R6D9_taxID_41462_model,A0AAW1R6D9,0,0,no_cterm
A0AB34KA35_taxID_1052096_model,A0AB34KA35,0,0,no_cterm
A0ABN7UN39_taxID_4874_model_A,A0ABN7UN39,0,0,no_cterm
A0ABN7V4Q6_taxID_4874_model_A,A0ABN7V4Q6,0,0,no_cterm
A0ABN7VSD9_taxID_4874_model_A,A0ABN7VSD9,0,0,no_cterm
A0ABN7UUS2_taxID_4874_model_A,A0ABN7UUS2,0,0,no_cterm
A0ABN7W897_taxID_4874_model_A,A0ABN7W897,0,0,no_cterm
A0ACA9RE12_taxID_160502_model_A,A0ACA9RE12,0,0,no_cterm
A0ABP0DT38_taxID_1892477_model_A,A0ABP0DT38,0,0,no_cterm
A0ABQ6WQY3_taxID_1825620_model,A0ABQ6WQY3,0,0,no_cterm
A0ABQ9PHX0_taxID_1209924_model_A,A0ABQ9PHX0,0,0,no_cterm
A0A9Q0B0U4_taxID_1671311_model_A,A0A9Q0B0U4,0,0,no_cterm
A0ABQ9Q029_taxID_1209924_model_A,A0ABQ9Q029,0,0,no_cterm
A0A135U459_taxID_1460502_model_A,A0A135U459,0,0,no_cterm
A0ABQ9QHC9_taxID_1209934_model_A,A0ABQ9QHC9,0,0,no_cterm
A0ABQ9RVH4_taxID_1209934_model,A0ABQ9RVH4,0,0,no_cterm
A0AAI9YKZ4_taxID_1209916_model,A0AAI9YKZ4,0,0,no_cterm
A0ABQ9T1E5_taxID_1914294_model_A,A0ABQ9T1E5,0,0,no_cterm
A0ABQ9SAN9_taxID_1914294_model_A,A0ABQ9SAN9,0,0,no_cterm
A0ABR0FB45_taxID_2093777_model,A0ABR0FB45,0,0,no_cterm
A0ABR0H6I9_taxID_2093780_model,A0ABR0H6I9,0,0,no_cterm
A0ABR1H6D0_taxID_979145_model,A0ABR1H6D0,0,0,no_cterm
A0ABR1MLN1_taxID_55181_model,A0ABR1MLN1,0,0,no_cterm
A0ABR1LEU3_taxID_989973_model,A0ABR1LEU3,0,0,no_cterm
A0ABR1U9F9_taxID_2905665_model,A0ABR1U9F9,0,0,no_cterm
A0ABR1US72_taxID_335842_model,A0ABR1US72,0,0,no_cterm
A0ABR1X2K9_taxID_1337664_model_A,A0ABR1X2K9,0,0,no_cterm
A0ABR1YE84_taxID_121624_model,A0ABR1YE84,0,0,no_cterm
A0ABR2XQM0_taxID_138064_model,A0ABR2XQM0,0,0,no_cterm
A0ABR2UEU0_taxID_138068_model,A0ABR2UEU0,0,0,no_cterm
A0ABR3IYU4_taxID_104357_model,A0ABR3IYU4,0,0,no_cterm
A0A177BYL1_taxID_1460663_model,A0A177BYL1,0,0,no_cterm
A0ABR3Y8K5_taxID_223376_model,A0ABR3Y8K5,0,0,no_cterm
A0ABR4GER8_taxID_714993_model,A0ABR4GER8,0,0,no_cterm
A0ABR4IDY3_taxID_176166_model,A0ABR4IDY3,0,0,no_cterm
A0ABR4K0T4_taxID_1810923_model,A0ABR4K0T4,0,0,no_cterm
A0ABR4P7F6_taxID_108571_model_A,A0ABR4P7F6,0,0,no_cterm
A0ABY6SIT4_taxID_48703_model,A0ABY6SIT4,0,0,no_cterm
A0ABY6UJV8_taxID_29856_model,A0ABY6UJV8,0,0,no_cterm
A0ACA9JZ12_taxID_1433469_model,A0ACA9JZ12,0,0,no_cterm
A0ACA9KKF6_taxID_1433469_model,A0ACA9KKF6,0,0,no_cterm
A0ACA9M6F6_taxID_1316150_model_A,A0ACA9M6F6,0,0,no_cterm
A0A9N9BAW6_taxID_1348616_model_A,A0A9N9BAW6,0,0,no_cterm
A0ACC0DDX5_taxID_110542_model,A0ACC0DDX5,0,0,no_cterm
A0ACC0R369_taxID_1328300_model_A,A0ACC0R369,0,0,no_cterm
A0A9P9KYY7_taxID_169388_model_A,A0A9P9KYY7,0,0,no_cterm
A0A9W8R7R4_taxID_195108_model_A,A0A9W8R7R4,0,0,no_cterm
A0ACC1RTN0_taxID_194682_model,A0ACC1RTN0,0,0,no_cterm
A0ACC1S194_taxID_57161_model,A0ACC1S194,0,0,no_cterm
A0A8H4L388_taxID_1237068_model,A0A8H4L388,0,0,no_cterm
A0ACC1SF13_taxID_194682_model,A0ACC1SF13,0,0,no_cterm
A0ACC1SFB7_taxID_57161_model,A0ACC1SFB7,0,0,no_cterm
A0ACC1SKZ7_taxID_57161_model,A0ACC1SKZ7,0,0,no_cterm
A0ACC1T5A6_taxID_194682_model,A0ACC1T5A6,0,0,no_cterm
A0ACC1T8E7_taxID_194682_model_A,A0ACC1T8E7,0,0,no_cterm
A0ACC3AZX0_taxID_138277_model,A0ACC3AZX0,0,0,no_cterm
A0ACC3MCJ7_taxID_1690605_model_A,A0ACC3MCJ7,0,0,no_cterm
A0ACC8EKA8_taxID_794803_model_A,A0ACC8EKA8,0,0,no_cterm
A0ACD3Z4V6_taxID_2747967_model_A,A0ACD3Z4V6,0,0,no_cterm
A1D120_taxID_331117_model,A1D120,0,0,no_cterm
A0A9P8SUG2_taxID_746128_model,A0A9P8SUG2,0,0,no_cterm
Q8J130_taxID_330879_model,Q8J130,0,0,no_cterm
B0XPC0_taxID_451804_model,B0XPC0,0,0,no_cterm
A0ABR0I242_taxID_2093780_model,A0ABR0I242,0,0,no_cterm
B7VEV0_taxID_42249_model_A,B7VEV0,0,0,no_cterm
A7DZQ9_taxID_39416_model_A,A7DZQ9,0,0,no_cterm
B7VEU9_taxID_42251_model_A,B7VEU9,0,0,no_cterm
C7YL06_taxID_660122_model_A,C7YL06,0,0,no_cterm
C7Z2S7_taxID_660122_model,C7Z2S7,0,0,no_cterm
E1ZA37_taxID_554065_model_A,E1ZA37,0,0,no_cterm
E3QW88_taxID_645133_model_A,E3QW88,0,0,no_cterm
A0AAD8Q6J0_taxID_681940_model_A,A0AAD8Q6J0,0,0,no_cterm
F2T449_taxID_653446_model,F2T449,0,0,no_cterm
F8P749_taxID_578457_model,F8P749,0,0,no_cterm
G0RRF5_taxID_431241_model,G0RRF5,0,0,no_cterm
G9NNK0_taxID_452589_model,G9NNK0,0,0,no_cterm
G1XT03_taxID_756982_model_A,G1XT03,0,0,no_cterm
A0A6G1M8L0_taxID_2813651_model_A,A0A6G1M8L0,0,0,no_cterm
A0A7C8R9U8_taxID_2813651_model_A,A0A7C8R9U8,0,0,no_cterm
A0A8H2E7V3_taxID_2813651_model_A,A0A8H2E7V3,0,0,no_cterm
G4TM95_taxID_1109443_model_A,G4TM95,0,0,no_cterm
I1RLQ5_taxID_229533_model,I1RLQ5,0,0,no_cterm
J3NK27_taxID_644352_model_A,J3NK27,0,0,no_cterm
K1WIM9_taxID_1072389_model,K1WIM9,0,0,no_cterm
K1Y5W4_taxID_1072389_model,K1Y5W4,0,0,no_cterm
A0A8H7F178_taxID_192524_model_A,A0A8H7F178,0,0,no_cterm
M5C5W9_taxID_1108050_model,M5C5W9,0,0,no_cterm
M7TED0_taxID_1287681_model,M7TED0,0,0,no_cterm
A0A5C6TF30_taxID_61366_model,A0A5C6TF30,0,0,no_cterm
N4UAP1_taxID_1229664_model_A,N4UAP1,0,0,no_cterm
Q2UP46_taxID_510516_model,Q2UP46,0,0,no_cterm
Q5AXC0_taxID_227321_model,Q5AXC0,0,0,no_cterm
S3CQU7_taxID_1116229_model_A,S3CQU7,0,0,no_cterm
S3D5Y0_taxID_1116229_model,S3D5Y0,0,0,no_cterm
S3D743_taxID_1116229_model,S3D743,0,0,no_cterm
S8AEK3_taxID_1284197_model_A,S8AEK3,0,0,no_cterm
S8AGJ7_taxID_1284197_model,S8AGJ7,0,0,no_cterm
S8APL2_taxID_1284197_model,S8APL2,0,0,no_cterm
S8AQJ6_taxID_1284197_model,S8AQJ6,0,0,no_cterm
S8BUN8_taxID_1284197_model,S8BUN8,0,0,no_cterm
S8BZR0_taxID_1284197_model,S8BZR0,0,0,no_cterm
S8C518_taxID_1284197_model,S8C518,0,0,no_cterm
U4LMI8_taxID_1076935_model,U4LMI8,0,0,no_cterm
W3WXR4_taxID_1229662_model,W3WXR4,0,0,no_cterm
W7MIU0_taxID_334819_model,W7MIU0,0,0,no_cterm
W9HZT6_taxID_660029_model,W9HZT6,0,0,no_cterm
W9NKV8_taxID_1080344_model_A,W9NKV8,0,0,no_cterm
A0AA38Y2G0_taxID_1002370_model,A0AA38Y2G0,0,0,no_cterm
X0J4V9_taxID_1089451_model,X0J4V9,0,0,no_cterm
X8J0J4_taxID_1086054_model,X8J0J4,0,0,no_cterm
