rep1	rep2	min_tm
A0A2L2XEG7_taxID_1898651_model_A	A0A9D2WSC4_taxID_182264_model_A	0.7280
A0A919MPV4_taxID_1050105_model_A	A0ABU4XE34_taxID_3072316_model	0.7175
A0A4Q2V7C7_taxID_451672_model	A0AAD4EYT8_taxID_669026_model_A	0.6917
A0A507EXS7_taxID_246404_model	A0A507FDN0_taxID_246404_model	0.6909
A0A6P8I080_taxID_6105_model	A0ABN8SN36_taxID_104178_model	0.6906
N4XMY1_taxID_665024_model	R0ISP9_taxID_671987_model	0.6894
A0A0G4N7R0_taxID_100787_model	A0A4Q2V7C7_taxID_451672_model	0.6854
A0A6P8I583_taxID_6105_model	A0ABN8SN36_taxID_104178_model	0.6847
A0AAD7ULC6_taxID_2483200_model	F0Y635_taxID_44056_model	0.6835
A0A365MYK5_taxID_948311_model_A	A0A8H5U0D3_taxID_48490_model_A	0.6784
F0Y635_taxID_44056_model	F0YJP7_taxID_44056_model	0.6776
A0A5J5BCR2_taxID_561372_model_A	A0AA88AFA7_taxID_3494_model_A	0.6765
A0A0A7CP65_taxID_1202772_model	T0PU14_taxID_1156394_model	0.6760
A0ABD1H5D5_taxID_28513_model	A0ABD1H6K2_taxID_28513_model	0.6705
A0ABN8M8J6_taxID_104178_model	A0ABN8SN36_taxID_104178_model	0.6686
A0ABQ9EAR7_taxID_220873_model	A0ABY7EVT9_taxID_6604_model	0.6671
A0A1I5DX13_taxID_35799_model_A	A0A8E0V7V4_taxID_52442_model_A	0.6655
E3REK7_taxID_861557_model	N4XMY1_taxID_665024_model	0.6650
A0A1W6SSH7_taxID_1288494_model_A	A0A2T5IGT7_taxID_1231_model_A	0.6638
A0A0P7APX3_taxID_78410_model	A0ACC0V4A4_taxID_47278_model	0.6630
A0A9P7H0N9_taxID_40199_model	A0A9P9JQC5_taxID_48865_model_A	0.6621
A0A8B6CNP6_taxID_29158_model	A0A8B6CPY6_taxID_29158_model_A	0.6617
A0A2A6BT42_taxID_54126_model	A0ABD2I4S2_taxID_97005_model	0.6614
A0A835SWT6_taxID_2026947_model	A0ABP0NLQ2_taxID_1381693_model	0.6605
A0AAV2VYF3_taxID_1238450_model	A0ABR9BSA8_taxID_2774143_model	0.6568
A0A7E6EGY5_taxID_2607531_model	B5RHQ6_taxID_515353_model	0.6566
A0A177WTC8_taxID_403673_model	A0ABQ8FRP3_taxID_1357716_model_A	0.6551
A0A067C156_taxID_695850_model_A	T0PNV2_taxID_1156394_model	0.6543
A0A498S2C2_taxID_6277_model_A	A0A8R1TKI8_taxID_6282_model	0.6542
A0A7S0LHE4_taxID_221442_model_A	R1D043_taxID_2903_model	0.6539
A0A5J9TU90_taxID_38414_model	A0AA88AFA7_taxID_3494_model_A	0.6513
A0A9D4MZZ2_taxID_45954_model	A0ABQ9EAR7_taxID_220873_model	0.6494
A0A498S2C2_taxID_6277_model_A	A0AAF5PZK9_taxID_6293_model	0.6490
B5RHR0_taxID_515355_model_A	D7F7N6_taxID_541230_model_A	0.6484
A0A6J8CL61_taxID_42192_model_A	A0A8B6BKM4_taxID_29158_model_A	0.6477
A0A0V0TGR2_taxID_144512_model	A0A0V1G4S3_taxID_6337_model	0.6441
A0ABN8LLM9_taxID_104178_model_A	A0ABN8N4G6_taxID_104759_model_A	0.6430
A0A841H669_taxID_1639882_model	A0ABY3QAS2_taxID_2992140_model_A	0.6425
A0A077ZGT3_taxID_36087_model	A0A085M8H3_taxID_68888_model	0.6416
A0ABR4K145_taxID_176178_model	A0ABR4KUJ7_taxID_1810923_model	0.6408
A0A8S3THT1_taxID_6550_model	A0AAD8AV10_taxID_112525_model	0.6399
A0A0V1ESS6_taxID_6337_model	A0A0V1G4S3_taxID_6337_model	0.6385
A0A0D6LVJ5_taxID_53326_model	A0A1I7VBE5_taxID_7209_model	0.6379
A0A8R1TKI8_taxID_6282_model	A0AAF5PZK9_taxID_6293_model	0.6378
A0A4Q2V7C7_taxID_451672_model	A0A6A5SIC2_taxID_706981_model	0.6364
A0AAD7ULC6_taxID_2483200_model	F0YJP7_taxID_44056_model	0.6360
A0A2P5YJV4_taxID_3634_model_A	A0A5J9TU90_taxID_38414_model	0.6354
A0A2P5YJV4_taxID_3634_model_A	A0AA88AFA7_taxID_3494_model_A	0.6350
A0A8H5Z2U4_taxID_1567541_model	F9G554_taxID_660025_model	0.6346
A0A066RUA7_taxID_1654360_model	A0ABR9BSA8_taxID_2774143_model	0.6325
A0A8H5Z2U4_taxID_1567541_model	A0A9P7HHT8_taxID_40199_model	0.6319
A0A066RUA7_taxID_1654360_model	A0AAV2VYF3_taxID_1238450_model	0.6298
A0A4U0XX60_taxID_329884_model	A0A6G1HLY0_taxID_703511_model_A	0.6295
A0A4P9X7U9_taxID_1555241_model	A0AAD5T9G3_taxID_109957_model	0.6285
A0A7S0FYS9_taxID_73915_model	A0A812JR76_taxID_1628268_model	0.6272
A0A1I4VE96_taxID_44574_model_A	A0A1W6SSH7_taxID_1288494_model_A	0.6260
A0ACC3CB14_taxID_2788_model	A0ACC3CDQ3_taxID_2788_model	0.6254
A0A926ZFT3_taxID_2949571_model_A	A0ABV4X3A9_taxID_3153654_model	0.6241
A0AAV9ILT6_taxID_3028027_model	A0ABW7AQ69_taxID_3351344_model	0.6224
A0A074XND5_taxID_1043002_model_A	C9SDX6_taxID_526221_model	0.6209
A0AAD9KZ40_taxID_27915_model	A0ABM1VVY2_taxID_6500_model	0.6201
A0A183C149_taxID_36090_model	A0AA36CWW9_taxID_96644_model	0.6197
A0A813FLF8_taxID_89957_model	A0A813K9V7_taxID_89957_model	0.6196
A0ABN8N4G6_taxID_104759_model_A	A0ABN8SN36_taxID_104178_model	0.6186
A0A077ZGT3_taxID_36087_model	A0A0V1G4S3_taxID_6337_model	0.6183
A0A8B6BKM4_taxID_29158_model_A	A0A8B6GYH0_taxID_29158_model_A	0.6182
A0A6J8CL61_taxID_42192_model_A	A0A8B6GYH0_taxID_29158_model_A	0.6176
A0A8B6BKM4_taxID_29158_model_A	A0A8B6BMR6_taxID_29158_model_A	0.6168
A0A6A5SIC2_taxID_706981_model	A0AAD4EYT8_taxID_669026_model_A	0.6157
A0A0G4N7R0_taxID_100787_model	A0AAD4EYT8_taxID_669026_model_A	0.6153
A0A6J8CL61_taxID_42192_model_A	A0A8B6BMR6_taxID_29158_model_A	0.6149
A0A8B6CPY6_taxID_29158_model_A	A0A8B8F0Y1_taxID_6565_model	0.6141
A0A1I4VE96_taxID_44574_model_A	Q2Y722_taxID_323848_model_A	0.6138
A0A2K8T4N2_taxID_2038116_model_A	A0A4Z0L9R6_taxID_2562683_model_A	0.6136
A0A085M8H3_taxID_68888_model	A0A0V1DE70_taxID_45882_model	0.6125
A0A0E0PEB1_taxID_4529_model	A0A5J9TU90_taxID_38414_model	0.6123
A0AAF3FHG4_taxID_2138241_model_A	W6NCB7_taxID_6289_model	0.6118
A0A4U0XX60_taxID_329884_model	S8ARG7_taxID_1284197_model	0.6103
A0A6P8I080_taxID_6105_model	A0A6P8I583_taxID_6105_model	0.6098
A0A6B2KZX3_taxID_1963864_model	A0A9K3LNV3_taxID_303405_model	0.6094
A0A8W8J4S3_taxID_29159_model	A0AAD9L024_taxID_27915_model	0.6093
A0A7Y6A0K8_taxID_144055_model	A0ACC4D7E4_taxID_33203_model	0.6088
A0A0F8A0A1_taxID_1043627_model	A0ACC0V4A4_taxID_47278_model	0.6072
A0A914C4K9_taxID_290746_model	A0A914E9Y6_taxID_290746_model	0.6064
A0A7C8MQB2_taxID_323545_model	A0A9W8TQN1_taxID_114810_model	0.6061
A0A494XK40_taxID_2419778_model	A0A7X0RVL1_taxID_1387779_model	0.6055
A0A2D0NGI4_taxID_1122177_model	A0A934KPH0_taxID_291193_model_A	0.6048
A0A2P5YJV4_taxID_3634_model_A	A0ABD1H6K2_taxID_28513_model	0.6043
A0AA36CWW9_taxID_96644_model	W6NCB7_taxID_6289_model	0.6041
A0A0V0YE73_taxID_6337_model	A0A0V1I3Y0_taxID_268475_model	0.6040
A0A914E9Y6_taxID_290746_model	A0A914EDP1_taxID_290746_model	0.6040
A0A0E0PEB1_taxID_4529_model	A0A2P5YJV4_taxID_3634_model_A	0.6039
A0A0F8A0A1_taxID_1043627_model	A0A0P7APX3_taxID_78410_model	0.6037
A0A8H3H4T7_taxID_456999_model	A0A8H7LLC6_taxID_456999_model_A	0.6030
A0A8B6CNP6_taxID_29158_model	A0A8B6GY87_taxID_29158_model_A	0.6028
A0A2P5YJV4_taxID_3634_model_A	A0ABD1H5D5_taxID_28513_model	0.6021
A0A8B6BKM4_taxID_29158_model_A	A0A8B8ESA4_taxID_6565_model_A	0.6014
A0A1I4VE96_taxID_44574_model_A	A0A2T5IGT7_taxID_1231_model_A	0.6011
A0A9P7HHT8_taxID_40199_model	F9G554_taxID_660025_model	0.6010
A0A6G1HLY0_taxID_703511_model_A	S8ARG7_taxID_1284197_model	0.6008
A0A1G6RZ21_taxID_1419277_model	A0ABS8MPT4_taxID_2893755_model	0.6007
A0A0D3G0L1_taxID_65489_model_A	A0A0E0PEB1_taxID_4529_model	0.5998
A0ABN8LP07_taxID_104178_model	A7SSF6_taxID_45351_model	0.5997
A0A8W8J4S3_taxID_29159_model	A0ABM1VVY2_taxID_6500_model	0.5997
A0A0V1DE70_taxID_45882_model	A0A0V1I3Y0_taxID_268475_model	0.5980
A0A1H7K5B5_taxID_1233_model_A	A0A1I5DX13_taxID_35799_model_A	0.5978
A0A0V0YE73_taxID_6337_model	A0A0V1G4S3_taxID_6337_model	0.5972
A0A8B6G957_taxID_29158_model_A	A0A8S3R6L7_taxID_6550_model_A	0.5969
A0A4U7KZ21_taxID_280036_model_A	R9PI15_taxID_1305764_model_A	0.5966
A0A9N8WZP9_taxID_5518_model	K3V6C2_taxID_1028729_model	0.5962
A0A8B6BKM4_taxID_29158_model_A	A0A8B6CNP6_taxID_29158_model	0.5962
A0A0N4SWM8_taxID_6280_model	A0A3P7DNC2_taxID_6293_model	0.5959
A0A3S0ZXU8_taxID_188477_model	A0AAE0W2I3_taxID_2493646_model	0.5958
A0AAD7ULC6_taxID_2483200_model	A0AAD7XMM2_taxID_2483200_model	0.5954
A0A7X0RVL1_taxID_1387779_model	A0ABV6JDE8_taxID_206163_model	0.5949
A0A7D9J5S3_taxID_317549_model	A0ABN8N4G6_taxID_104759_model_A	0.5943
A0A8X6KWP2_taxID_2740835_model	A0AAV4IQ38_taxID_1093978_model	0.5940
A0A0N4SWM8_taxID_6280_model	A0A238C4W2_taxID_387005_model	0.5940
A0A5J9TU90_taxID_38414_model	A0ABD1H6K2_taxID_28513_model	0.5937
A0A0V0YE73_taxID_6337_model	A0A0V1ESS6_taxID_6337_model	0.5936
A0A7S2W132_taxID_1034831_model	A0ABR1FQU3_taxID_44056_model	0.5925
A0A1X6PIR8_taxID_2786_model	A0ACC3CB14_taxID_2788_model	0.5923
A0A0D3G0L1_taxID_65489_model_A	A0A5J9TU90_taxID_38414_model	0.5923
A0A0V1I3Y0_taxID_268475_model	A0A0V1JHS7_taxID_6337_model	0.5921
A0A8J1T8Q4_taxID_6347_model	A0A8J1XGG3_taxID_6347_model	0.5920
A0A6S7IY75_taxID_317549_model_A	A0ABN8SN36_taxID_104178_model	0.5918
A0A1V6PRI1_taxID_416450_model	A0A4Q2V7C7_taxID_451672_model	0.5915
A0A077ZGT3_taxID_36087_model	A0A0V1JHS7_taxID_6337_model	0.5910
A0A0F9J123_taxID_412755_model	A0A918UUM2_taxID_346377_model_A	0.5903
A0A0V1G4S3_taxID_6337_model	A0A0V1KD92_taxID_6337_model	0.5903
A0A2P6U1N3_taxID_3076_model_A	A0AAD5DEJ1_taxID_2649997_model	0.5897
A0A397DXJ3_taxID_112090_model	A0A3R7WQH8_taxID_112090_model	0.5890
A0A1I4T9J4_taxID_44574_model_A	A0A6J4QLW3_taxID_349277_model_A	0.5888
A0A6J8ENF3_taxID_42192_model_A	A0A8B6BMR6_taxID_29158_model_A	0.5884
A0A915N8X1_taxID_6303_model	A0AA36CWW9_taxID_96644_model	0.5872
A0A8B6CNP6_taxID_29158_model	A0A8B6GYH0_taxID_29158_model_A	0.5868
A0A6B2KZX3_taxID_1963864_model	W7TM70_taxID_72520_model	0.5863
A0A0V1DE70_taxID_45882_model	A0A0V1ESS6_taxID_6337_model	0.5854
R0ISP9_taxID_671987_model	W6Y2N7_taxID_930089_model	0.5853
A0AAJ8BCI9_taxID_8187_model	A0ABM1VVY2_taxID_6500_model	0.5852
A0A0V1ESS6_taxID_6337_model	A0A0V1KD92_taxID_6337_model	0.5849
A0A085M8H3_taxID_68888_model	A0A5S6QIU3_taxID_70415_model	0.5847
A0A409WY02_taxID_93625_model	A0A977TE70_taxID_36659_model	0.5847
A0A0G4N7R0_taxID_100787_model	A0A1V6PRI1_taxID_416450_model	0.5845
A0A6P8I080_taxID_6105_model	A0ABN8M8J6_taxID_104178_model	0.5845
A0A8H3BPP3_taxID_456999_model	A0A8H3D1S1_taxID_456999_model	0.5843
A0A507F8P2_taxID_246404_model	A0AAD5T9G3_taxID_109957_model	0.5842
A0A9D4J8T5_taxID_45954_model	A0ABY7EX19_taxID_6604_model	0.5841
A0A0P7APX3_taxID_78410_model	A0A6G1HLY0_taxID_703511_model_A	0.5840
A0A5P8W6J8_taxID_2653204_model	A0AAN5XIX5_taxID_1396_model_A	0.5837
A0A4Q2V7C7_taxID_451672_model	A0A8H4YZH8_taxID_48485_model	0.5831
A0A5J9TU90_taxID_38414_model	A0ABD1H5D5_taxID_28513_model	0.5828
A0A8H4QR39_taxID_354080_model_A	A0ABR0JJU7_taxID_1016849_model_A	0.5826
A0A077ZGT3_taxID_36087_model	A0A5S6QIU3_taxID_70415_model	0.5825
A0A285BU58_taxID_44577_model_A	A0A8E0V7V4_taxID_52442_model_A	0.5825
A0A423WHC4_taxID_252740_model_A	A0A423XJ27_taxID_1230097_model	0.5822
A0A8J1UW52_taxID_6347_model	A0A8J1XGG3_taxID_6347_model	0.5821
A0A9N8JDS5_taxID_2773715_model_A	A0ABR2XFG3_taxID_138064_model_A	0.5820
A0AAE4A194_taxID_587534_model_A	A0AAE4C8H8_taxID_137266_model_A	0.5819
A0A8B6GYH0_taxID_29158_model_A	A0A8S3V8L1_taxID_6550_model	0.5814
A0A0V1DE70_taxID_45882_model	A0A0V1JHS7_taxID_6337_model	0.5812
A0A6A5SIC2_taxID_706981_model	B2VY53_taxID_426418_model	0.5806
A0A183I077_taxID_387005_model	A0A238C4W2_taxID_387005_model	0.5795
A0A0E0PEB1_taxID_4529_model	A0AA88AFA7_taxID_3494_model_A	0.5789
A0A4Q2V7C7_taxID_451672_model	A0A9N8JDS5_taxID_2773715_model_A	0.5788
A0A0D3G0L1_taxID_65489_model_A	A0A2P5YJV4_taxID_3634_model_A	0.5779
A0A1I7VEA5_taxID_7209_model	A0A3P7DNC2_taxID_6293_model	0.5777
A0A5M9J7X0_taxID_38448_model	A0A5N6JRM5_taxID_61186_model	0.5777
A0A0F7RVY0_taxID_49012_model_A	R9PI15_taxID_1305764_model_A	0.5771
A0A6J8CL61_taxID_42192_model_A	A0A8B6CNP6_taxID_29158_model	0.5769
A0A0V0TGR2_taxID_144512_model	A0A0V1ESS6_taxID_6337_model	0.5766
A0A8B6BKM4_taxID_29158_model_A	A0A8B6CPY6_taxID_29158_model_A	0.5765
A0A2T5IGT7_taxID_1231_model_A	Q2Y722_taxID_323848_model_A	0.5765
A0A5N6JRM5_taxID_61186_model	A0A9N8JDS5_taxID_2773715_model_A	0.5756
A0A0V0TGR2_taxID_144512_model	A0A0V1BIN6_taxID_6334_model	0.5753
A0ABR4KUJ7_taxID_1810923_model	G1X3U2_taxID_756982_model_A	0.5749
A0A0V1G4S3_taxID_6337_model	A0A0V1JHS7_taxID_6337_model	0.5748
A0A9P7HHT8_taxID_40199_model	S8ARG7_taxID_1284197_model	0.5747
A0A4Q2V7C7_taxID_451672_model	B2VY53_taxID_426418_model	0.5745
A0A1I5DX13_taxID_35799_model_A	Q2Y722_taxID_323848_model_A	0.5744
A0A8B6BKM4_taxID_29158_model_A	A0A8B6GY87_taxID_29158_model_A	0.5744
A0A163HZN4_taxID_5454_model_A	A0A4U0XX60_taxID_329884_model	0.5744
A0ABR6YEY6_taxID_2762297_model_A	A0ABS1MHS4_taxID_2802282_model_A	0.5744
A0A1I4XKW7_taxID_578942_model_A	A0A9X4BM46_taxID_2983605_model_A	0.5743
A0A6S7IY75_taxID_317549_model_A	A0A7D9J5S3_taxID_317549_model	0.5738
A0A0V0YE73_taxID_6337_model	A0A0V1KD92_taxID_6337_model	0.5737
A0A6J8ENF3_taxID_42192_model_A	A0A8B6GYH0_taxID_29158_model_A	0.5736
A0A1I4VE96_taxID_44574_model_A	A0A1I5DX13_taxID_35799_model_A	0.5733
A0A8B8ESA4_taxID_6565_model_A	A0A8B8F0Y1_taxID_6565_model	0.5733
A0A250IQN3_taxID_1294270_model_A	A0AA42B8L4_taxID_1215918_model	0.5733
A0A0E0PEB1_taxID_4529_model	A0ABD1H6K2_taxID_28513_model	0.5733
A0A3R7WQH8_taxID_112090_model	A0A6G0X2P4_taxID_100861_model_A	0.5728
A0A1W6SSH7_taxID_1288494_model_A	A0ABW7AQ69_taxID_3351344_model	0.5726
A0A7Y6A0K8_taxID_144055_model	A0ABU9X948_taxID_3143436_model	0.5725
A0AA36CWW9_taxID_96644_model	A0ABD2I4S2_taxID_97005_model	0.5721
A0A6S7IY75_taxID_317549_model_A	A0ABN8N4G6_taxID_104759_model_A	0.5715
A0A2T5IGT7_taxID_1231_model_A	A0ABW7AQ69_taxID_3351344_model	0.5714
A0A1I5DX13_taxID_35799_model_A	A0A2T5IGT7_taxID_1231_model_A	0.5712
A0A1I4VE96_taxID_44574_model_A	A0ABW7AQ69_taxID_3351344_model	0.5706
A0A1I5DX13_taxID_35799_model_A	A0A1W6SSH7_taxID_1288494_model_A	0.5705
A0A397DXJ3_taxID_112090_model	A0A6G0X2P4_taxID_100861_model_A	0.5700
A0A9N8JDS5_taxID_2773715_model_A	A0AAD4EYT8_taxID_669026_model_A	0.5700
A0A1W6SSH7_taxID_1288494_model_A	Q2Y722_taxID_323848_model_A	0.5699
A0A0E0PEB1_taxID_4529_model	A0ABD1H5D5_taxID_28513_model	0.5698
A0A4Q2V7C7_taxID_451672_model	A0A8H7EGD0_taxID_1187904_model	0.5697
A0A0V1BIN6_taxID_6334_model	A0A0V1I3Y0_taxID_268475_model	0.5695
A0A0G4N7R0_taxID_100787_model	A0A6A5SIC2_taxID_706981_model	0.5690
A0A1Y2CTX0_taxID_329046_model	A0A507FDN0_taxID_246404_model	0.5688
A0AA42B8L4_taxID_1215918_model	A0AAN5XIX5_taxID_1396_model_A	0.5688
A0A8B6G957_taxID_29158_model_A	A0A8B6GYH0_taxID_29158_model_A	0.5685
A0A6J8CIJ8_taxID_42192_model	K1Q6D2_taxID_29159_model	0.5684
A0A0V1DE70_taxID_45882_model	A0A0V1G4S3_taxID_6337_model	0.5683
A0A0V0S806_taxID_6336_model	A0A0V0TGR2_taxID_144512_model	0.5682
A0A0V0TGR2_taxID_144512_model	A0A0V0YE73_taxID_6337_model	0.5681
A0A6G1HLY0_taxID_703511_model_A	G1X3U2_taxID_756982_model_A	0.5679
A0A8S3SWK0_taxID_6550_model	K1Q6D2_taxID_29159_model	0.5675
A0A0N4XV59_taxID_27835_model	W2TLA4_taxID_51031_model	0.5673
A0ABR0JJU7_taxID_1016849_model_A	A0ABW7AQ69_taxID_3351344_model	0.5670
A0A1H7K5B5_taxID_1233_model_A	A0A2T5IGT7_taxID_1231_model_A	0.5669
A0A0V1ESS6_taxID_6337_model	A0A0V1JHS7_taxID_6337_model	0.5668
A0A4U0XX60_taxID_329884_model	A0A9P7HHT8_taxID_40199_model	0.5667
A0A1H7K5B5_taxID_1233_model_A	A0A1I4VE96_taxID_44574_model_A	0.5664
A0A915N8X1_taxID_6303_model	A0ABD2I4S2_taxID_97005_model	0.5663
A0A0V1DE70_taxID_45882_model	A0A0V1KD92_taxID_6337_model	0.5663
A0A1H7K5B5_taxID_1233_model_A	A0A1W6SSH7_taxID_1288494_model_A	0.5662
A0A9W8TQN1_taxID_114810_model	A0ABR0JJU7_taxID_1016849_model_A	0.5657
N4XMY1_taxID_665024_model	W6Y2N7_taxID_930089_model	0.5656
A0A6G1HLY0_taxID_703511_model_A	A0ACC0V4A4_taxID_47278_model	0.5656
A0A5Q4BMU6_taxID_2078593_model	F0X9X8_taxID_655863_model	0.5656
A0A077ZGT3_taxID_36087_model	A0A0V1ESS6_taxID_6337_model	0.5655
A0A507F875_taxID_246404_model	A0AAD5T9G3_taxID_109957_model	0.5652
A0A914MBW5_taxID_6306_model	A0A915MQ42_taxID_6303_model	0.5650
A0A7S3RCE1_taxID_2903_model	R1E2E0_taxID_2903_model	0.5649
A0A077ZGT3_taxID_36087_model	A0A0V1KD92_taxID_6337_model	0.5649
A0A0A1UJW0_taxID_1086054_model	M5CEE4_taxID_1108050_model	0.5648
A0A1H7K5B5_taxID_1233_model_A	Q2Y722_taxID_323848_model_A	0.5646
A0A6A5SIC2_taxID_706981_model	A0A8H7EGD0_taxID_1187904_model	0.5644
A0A6J8ENF3_taxID_42192_model_A	A0A8B6BKM4_taxID_29158_model_A	0.5644
A0ABR1GFH3_taxID_44056_model	F0Y635_taxID_44056_model	0.5641
A0A183C149_taxID_36090_model	A0A915N8X1_taxID_6303_model	0.5639
A0A7S2W132_taxID_1034831_model	A0ABR1FIC3_taxID_44056_model	0.5635
A0A9D4LIH2_taxID_45954_model	A0ABY7EX19_taxID_6604_model	0.5635
A0A914C4K9_taxID_290746_model	A0A914EDP1_taxID_290746_model	0.5635
A0A812QP07_taxID_1628268_model	A0A812SAZ7_taxID_2952_model	0.5634
A0A8B6CPY6_taxID_29158_model_A	A0A8B6GYH0_taxID_29158_model_A	0.5632
A0A067BRT6_taxID_695850_model	T0PNV2_taxID_1156394_model	0.5628
A0A2S6BQA0_taxID_357750_model	A0A9P3CF74_taxID_84275_model	0.5628
A0A1I7VEA5_taxID_7209_model	A0A498S2C2_taxID_6277_model_A	0.5623
A0A6J8CIJ4_taxID_42192_model	A0AAD8AV10_taxID_112525_model	0.5619
A0AA88AFA7_taxID_3494_model_A	A0ABD1H6K2_taxID_28513_model	0.5618
A0A6G1HLY0_taxID_703511_model_A	A0A9P7HHT8_taxID_40199_model	0.5617
A0A0V1ESS6_taxID_6337_model	A0A0V1I3Y0_taxID_268475_model	0.5613
A0A1V6PRI1_taxID_416450_model	A0AAD4EYT8_taxID_669026_model_A	0.5611
A0A4U0XX60_taxID_329884_model	A0ABR4K145_taxID_176178_model	0.5610
A0ABR4N804_taxID_2732419_model	F4NVT9_taxID_684364_model	0.5609
A0A1H7K5B5_taxID_1233_model_A	A0ABW7AQ69_taxID_3351344_model	0.5609
A0A9N8JDS5_taxID_2773715_model_A	B2VY53_taxID_426418_model	0.5608
A0AAD7XMM2_taxID_2483200_model	A0ABR1FIC3_taxID_44056_model	0.5606
A0A0V1G4S3_taxID_6337_model	A0A0V1I3Y0_taxID_268475_model	0.5606
A0A085M8H3_taxID_68888_model	A0A0V1G4S3_taxID_6337_model	0.5604
F9G554_taxID_660025_model	S8ARG7_taxID_1284197_model	0.5604
A0A0V1I3Y0_taxID_268475_model	A0A0V1KD92_taxID_6337_model	0.5603
A0AA39UQR7_taxID_153913_model_A	M5CEE4_taxID_1108050_model	0.5601
A0A8B6GY87_taxID_29158_model_A	A0A8B6GYH0_taxID_29158_model_A	0.5600
A0A0V1KD92_taxID_6337_model	A0A5S6QIU3_taxID_70415_model	0.5597
A0A8B6BMR6_taxID_29158_model_A	A0A8B6GYH0_taxID_29158_model_A	0.5596
A0AA36CWW9_taxID_96644_model	A0AA39HID6_taxID_289476_model	0.5595
A0A085M8H3_taxID_68888_model	A0A0V1ESS6_taxID_6337_model	0.5591
A0ABR4K145_taxID_176178_model	G1X3U2_taxID_756982_model_A	0.5589
A0A5N6JRM5_taxID_61186_model	A0ABR2XFG3_taxID_138064_model_A	0.5586
A0A6G1HLY0_taxID_703511_model_A	A0ABR4K145_taxID_176178_model	0.5585
A0A5J5BCR2_taxID_561372_model_A	A0ABD1H6K2_taxID_28513_model	0.5585
A0A8H5Z2U4_taxID_1567541_model	S8ARG7_taxID_1284197_model	0.5584
A0A6J8BR51_taxID_42192_model_A	A0AAD8AV10_taxID_112525_model	0.5581
A0A6J8CL61_taxID_42192_model_A	A0A6J8ENF3_taxID_42192_model_A	0.5581
A0A3P7DNC2_taxID_6293_model	A0AAF5PZK9_taxID_6293_model	0.5580
A0A444ZR13_taxID_3818_model	A0AA88AFA7_taxID_3494_model_A	0.5580
A0A1I5DX13_taxID_35799_model_A	A0ABW7AQ69_taxID_3351344_model	0.5578
A0ABN8LP07_taxID_104178_model	A0ABN8SN36_taxID_104178_model	0.5578
A0A183I077_taxID_387005_model	A0A3P7DNC2_taxID_6293_model	0.5578
A0A8B6CPY6_taxID_29158_model_A	A0A8B6GY87_taxID_29158_model_A	0.5578
A0A7D9J5S3_taxID_317549_model	A0ABN8SN36_taxID_104178_model	0.5576
A0A077ZGT3_taxID_36087_model	A0A0V1DE70_taxID_45882_model	0.5574
A0A8H4YZH8_taxID_48485_model	B2VY53_taxID_426418_model	0.5572
A0ABW7AQ69_taxID_3351344_model	Q2Y722_taxID_323848_model_A	0.5571
A0A0D2PWI2_taxID_945553_model	A0A409WY02_taxID_93625_model	0.5571
A0A183I077_taxID_387005_model	A0A498S2C2_taxID_6277_model_A	0.5568
A0A4Q2V7C7_taxID_451672_model	A0A5N6JRM5_taxID_61186_model	0.5568
A0A0D3G0L1_taxID_65489_model_A	A0AA88AFA7_taxID_3494_model_A	0.5568
A0A085M8H3_taxID_68888_model	A0A0V1KD92_taxID_6337_model	0.5566
A0A1X6PIR8_taxID_2786_model	A0ACC3CDQ3_taxID_2788_model	0.5565
A0A6G1HLY0_taxID_703511_model_A	F9G554_taxID_660025_model	0.5564
A0A3P7DNC2_taxID_6293_model	A0A498S2C2_taxID_6277_model_A	0.5564
A0A485L8F1_taxID_120398_model	A0A6G0X2P4_taxID_100861_model_A	0.5564
A0A1I7VBE5_taxID_7209_model	A0AA36CWW9_taxID_96644_model	0.5560
A0A6J8ENF3_taxID_42192_model_A	A0A8B6CNP6_taxID_29158_model	0.5557
A0A0P7APX3_taxID_78410_model	A0A4U0XX60_taxID_329884_model	0.5556
A0A8H7EGD0_taxID_1187904_model	A0AAD4EYT8_taxID_669026_model_A	0.5554
A0A0V0YE73_taxID_6337_model	A0A0V1JHS7_taxID_6337_model	0.5553
E3REK7_taxID_861557_model	W6Y2N7_taxID_930089_model	0.5552
A0A0V0TGR2_taxID_144512_model	A0A0V1KR57_taxID_6335_model	0.5552
A0A0V0S806_taxID_6336_model	A0A0V1BIN6_taxID_6334_model	0.5552
A0AA88AFA7_taxID_3494_model_A	A0ABD1H5D5_taxID_28513_model	0.5551
A0A8H4H8E0_taxID_340414_model	A0AAN4PFQ7_taxID_293939_model	0.5551
A0A812SAZ7_taxID_2952_model	A0AA36JK50_taxID_2562239_model	0.5550
A0A6J8CL61_taxID_42192_model_A	A0A8S3R6L7_taxID_6550_model_A	0.5546
A0ABU9X948_taxID_3143436_model	A0ACC4D7E4_taxID_33203_model	0.5546
A0A8H7EGD0_taxID_1187904_model	A0A9N8JDS5_taxID_2773715_model_A	0.5542
A0A6J8CL61_taxID_42192_model_A	A0A8B6CPY6_taxID_29158_model_A	0.5540
A0A0P7APX3_taxID_78410_model	A0AB34FH03_taxID_1247861_model	0.5539
A0A6G1HLY0_taxID_703511_model_A	L7JPW8_taxID_1143193_model	0.5535
A0A8B8F0Y1_taxID_6565_model	A0ABY7EX19_taxID_6604_model	0.5534
A0ABR4K145_taxID_176178_model	S8ARG7_taxID_1284197_model	0.5534
A0ABN8LP07_taxID_104178_model	A0ABN8N4G6_taxID_104759_model_A	0.5531
A0A4S4MP01_taxID_2447956_model	A0A6G1HLY0_taxID_703511_model_A	0.5528
A0A077ZGT3_taxID_36087_model	A0A0V0YE73_taxID_6337_model	0.5528
A0A6J8BR51_taxID_42192_model_A	A0A8S3THT1_taxID_6550_model	0.5528
A0A238C4W2_taxID_387005_model	A0A3P7DNC2_taxID_6293_model	0.5527
A0AAD7XMM2_taxID_2483200_model	F0Y635_taxID_44056_model	0.5527
A0A9D4MZZ2_taxID_45954_model	A0ABY7EVT9_taxID_6604_model	0.5526
A0A1I4T9J4_taxID_44574_model_A	A0ABW7AQ69_taxID_3351344_model	0.5526
A0ABR1FXH8_taxID_44056_model	F0Y9F1_taxID_44056_model	0.5523
A0ABN8LLM9_taxID_104178_model_A	A0ABN8LP07_taxID_104178_model	0.5523
A0A0V0YE73_taxID_6337_model	A0A0V1DE70_taxID_45882_model	0.5522
A0A166CKA0_taxID_1314776_model	A0A1Y2B8A2_taxID_329046_model	0.5522
A0AAD4EYT8_taxID_669026_model_A	B2VY53_taxID_426418_model	0.5522
I2FTP4_taxID_120017_model_A	W3VU69_taxID_84754_model	0.5522
A0A077ZGT3_taxID_36087_model	A0A0V0TGR2_taxID_144512_model	0.5520
A0A183I077_taxID_387005_model	A0A1I7VEA5_taxID_7209_model	0.5519
A0A0V0TGR2_taxID_144512_model	A0A0V1KD92_taxID_6337_model	0.5519
A0A4U0XX60_taxID_329884_model	F9G554_taxID_660025_model	0.5519
A0A163HZN4_taxID_5454_model_A	A0A6G1HLY0_taxID_703511_model_A	0.5518
A0A067BRT6_taxID_695850_model	A0A067C156_taxID_695850_model_A	0.5518
A0A0D3G0L1_taxID_65489_model_A	A0ABD1H6K2_taxID_28513_model	0.5517
A0AAD7ULC6_taxID_2483200_model	A0ABR1FIC3_taxID_44056_model	0.5517
A0A250IQN3_taxID_1294270_model_A	A0AAN5XIX5_taxID_1396_model_A	0.5517
A0A8J1T8Q4_taxID_6347_model	W6NCB7_taxID_6289_model	0.5515
A0A4U0XX60_taxID_329884_model	A0A8H5Z2U4_taxID_1567541_model	0.5514
A0A8B6BKM4_taxID_29158_model_A	A0A8B6G957_taxID_29158_model_A	0.5512
A0A0L8ICD6_taxID_37653_model	A0A0L8IDI7_taxID_37653_model	0.5511
A0A8B6BMR6_taxID_29158_model_A	A0A8B6CNP6_taxID_29158_model	0.5509
A0ABR2XFG3_taxID_138064_model_A	B2VY53_taxID_426418_model	0.5508
A0ABQ8FNS3_taxID_1357716_model_A	A0ABR4NFV2_taxID_2732419_model_A	0.5507
A0A0N4SWM8_taxID_6280_model	A0A1I7VEA5_taxID_7209_model	0.5504
A0A085M8H3_taxID_68888_model	A0A0V0YE73_taxID_6337_model	0.5502
A0A0N4SWM8_taxID_6280_model	A0A183I077_taxID_387005_model	0.5501
A0A0V1BIN6_taxID_6334_model	A0A0V1KR57_taxID_6335_model	0.5501
A0A0V0TGR2_taxID_144512_model	A0A0V1I3Y0_taxID_268475_model	0.5499
A0ABQ8FNS3_taxID_1357716_model_A	A0ABQ8FNS5_taxID_1357716_model	0.5498
A0A7S7SGR7_taxID_1473598_model	Q01WC9_taxID_234267_model	0.5498
A0A8H4YZH8_taxID_48485_model	A0A9N8JDS5_taxID_2773715_model_A	0.5494
A0A8B6G9L0_taxID_29158_model_A	A0ABD3VH26_taxID_1069815_model	0.5494
A0A7S2JHL4_taxID_1333877_model	A0A7S2JHQ4_taxID_1333877_model	0.5493
A0ACC0V4A4_taxID_47278_model	S8ARG7_taxID_1284197_model	0.5493
A0A9N8JDS5_taxID_2773715_model_A	A0AA37L8J5_taxID_700344_model_A	0.5491
A0A1G5SEQ3_taxID_51642_model_A	A0A8E0V7V4_taxID_52442_model_A	0.5491
A0A0G2GEG2_taxID_420778_model_A	A0AA37L8J5_taxID_700344_model_A	0.5489
A0A8H7EGD0_taxID_1187904_model	S3CMF3_taxID_1116229_model	0.5489
A0A0V1JHS7_taxID_6337_model	A0A0V1KD92_taxID_6337_model	0.5484
A0A8H7EGD0_taxID_1187904_model	B2VY53_taxID_426418_model	0.5484
A0ABD0JMJ5_taxID_370345_model	B5RHQ6_taxID_515353_model	0.5483
A0A0B7BDN3_taxID_1028688_model_A	B5RHQ8_taxID_515354_model	0.5483
A0A5J5BCR2_taxID_561372_model_A	A0ABD1H5D5_taxID_28513_model	0.5480
A0A0V1BIN6_taxID_6334_model	A0A0V1ESS6_taxID_6337_model	0.5477
A0A183C149_taxID_36090_model	W6NCB7_taxID_6289_model	0.5476
A0A1G5SEQ3_taxID_51642_model_A	A0A285BU58_taxID_44577_model_A	0.5475
A0A4Q2V7C7_taxID_451672_model	A0ABR2XFG3_taxID_138064_model_A	0.5474
A0A0V0TGR2_taxID_144512_model	A0A0V1DE70_taxID_45882_model	0.5472
A0AA37L8J5_taxID_700344_model_A	A0ABR2XFG3_taxID_138064_model_A	0.5472
A0A9W7ZRQ5_taxID_78921_model	A0A9W8B9V6_taxID_2761393_model_A	0.5471
A0A0V0YE73_taxID_6337_model	A0A0V1KR57_taxID_6335_model	0.5469
A0A6J8E972_taxID_42192_model	A0A8B8ESA4_taxID_6565_model_A	0.5469
A0A8B6BKM4_taxID_29158_model_A	A0A8B8F0Y1_taxID_6565_model	0.5468
A0A915N8X1_taxID_6303_model	A0AA39HID6_taxID_289476_model	0.5465
A0A0P7APX3_taxID_78410_model	S8ARG7_taxID_1284197_model	0.5464
A0A085M8H3_taxID_68888_model	A0A0V1I3Y0_taxID_268475_model	0.5463
A0A0V0YE73_taxID_6337_model	A0A5S6QIU3_taxID_70415_model	0.5461
A0A024TEL4_taxID_157072_model	A0A6G0X2P4_taxID_100861_model_A	0.5461
A0A2A6BT42_taxID_54126_model	A0A915N8X1_taxID_6303_model	0.5459
A0A5N6JRM5_taxID_61186_model	B2VY53_taxID_426418_model	0.5459
A0A285BU58_taxID_44577_model_A	Q2Y722_taxID_323848_model_A	0.5458
A0A2P5YJV4_taxID_3634_model_A	A0A8K0IA90_taxID_13894_model	0.5457
A0A814MII4_taxID_1234261_model_A	A0A8S2MFL9_taxID_1234261_model	0.5456
A0A8H4YZH8_taxID_48485_model	A0AAD4EYT8_taxID_669026_model_A	0.5456
A0A2R5GU51_taxID_2315210_model	A0A813K9V7_taxID_89957_model	0.5454
A0A1Y2CTX0_taxID_329046_model	A0A507EXS7_taxID_246404_model	0.5453
A0A4U0XX60_taxID_329884_model	A0ACC0V4A4_taxID_47278_model	0.5450
A0A085M8H3_taxID_68888_model	A0A0V1BIN6_taxID_6334_model	0.5445
A0A8H4QR39_taxID_354080_model_A	A0A9W8TQN1_taxID_114810_model	0.5442
A0A498S2C2_taxID_6277_model_A	A0A4E9FIB1_taxID_6279_model	0.5442
A0AAD9KZ40_taxID_27915_model	A0AAJ8BCI9_taxID_8187_model	0.5441
A0AA36CWW9_taxID_96644_model	A0AAF3EKL4_taxID_2138241_model	0.5441
A0A0R3RX42_taxID_1147741_model_A	A0A3P7DNC2_taxID_6293_model	0.5440
A0AAF3EKL4_taxID_2138241_model	A0AAN4ZCE4_taxID_1317129_model	0.5440
A0A0V0YE73_taxID_6337_model	A0A0V1BIN6_taxID_6334_model	0.5438
A0A5N6JRM5_taxID_61186_model	A0A8H4YZH8_taxID_48485_model	0.5438
A0A8H5UJH2_taxID_48507_model_A	A0A8K0RUZ8_taxID_61284_model_A	0.5438
A0A8H2WDY0_taxID_456999_model	A0A8H3A1U9_taxID_456999_model	0.5438
A0A507EXS7_taxID_246404_model	A0A507F697_taxID_246404_model	0.5436
A0A183C149_taxID_36090_model	A0ABD2I4S2_taxID_97005_model	0.5431
A0A4U0XX60_taxID_329884_model	G1X3U2_taxID_756982_model_A	0.5428
A0A6J8CL61_taxID_42192_model_A	A0A8B6GY87_taxID_29158_model_A	0.5426
A0A5J9TU90_taxID_38414_model	A0A8K0IA90_taxID_13894_model	0.5425
A0A1I7VEA5_taxID_7209_model	A0AAF5PZK9_taxID_6293_model	0.5425
A0A0D3G0L1_taxID_65489_model_A	A0ABD1H5D5_taxID_28513_model	0.5425
A0A9P7HHT8_taxID_40199_model	A0ABQ0CQG4_taxID_79588_model_A	0.5425
A0A3P7DNC2_taxID_6293_model	A0A4E9FIB1_taxID_6279_model	0.5424
A0A183I077_taxID_387005_model	A0A4E9FIB1_taxID_6279_model	0.5422
A0A6A5SIC2_taxID_706981_model	A0A9N8JDS5_taxID_2773715_model_A	0.5422
A0A6A4NQJ9_taxID_3870_model	A0AAD2E0S8_taxID_56036_model	0.5422
A0A1I7VEA5_taxID_7209_model	A0A4E9FIB1_taxID_6279_model	0.5421
A0A8K0IA90_taxID_13894_model	A0AA88AFA7_taxID_3494_model_A	0.5419
A0A183C149_taxID_36090_model	A0A2A6BT42_taxID_54126_model	0.5418
A0A8H3A1U9_taxID_456999_model	A0A8H7LVB4_taxID_456999_model	0.5413
A0A0V1G4S3_taxID_6337_model	A0A0V1KR57_taxID_6335_model	0.5411
A0A179HCZ8_taxID_33203_model	A0AAD4EYT8_taxID_669026_model_A	0.5410
A0A2A6BT42_taxID_54126_model	A0AA36CWW9_taxID_96644_model	0.5410
A0ABR1FIC3_taxID_44056_model	F0Y635_taxID_44056_model	0.5410
A0A8H7EGD0_taxID_1187904_model	A0ABR2XFG3_taxID_138064_model_A	0.5410
D7F7N6_taxID_541230_model_A	D7F7N8_taxID_541221_model_A	0.5410
A0ABQ0CQG4_taxID_79588_model_A	S8ARG7_taxID_1284197_model	0.5409
A0A0E0PEB1_taxID_4529_model	A0A8K0IA90_taxID_13894_model	0.5408
A0A067D814_taxID_695850_model	A0A6G0X2P4_taxID_100861_model_A	0.5408
A0A0N4SWM8_taxID_6280_model	A0A1I9G629_taxID_6279_model	0.5407
A0A163HZN4_taxID_5454_model_A	S8ARG7_taxID_1284197_model	0.5407
A0A4E9FIB1_taxID_6279_model	A0AAF5PZK9_taxID_6293_model	0.5406
A0A9N8JDS5_taxID_2773715_model_A	S3CMF3_taxID_1116229_model	0.5403
A0A0V1BIN6_taxID_6334_model	A0A0V1G4S3_taxID_6337_model	0.5400
A0A0R3RX42_taxID_1147741_model_A	A0A238C4W2_taxID_387005_model	0.5400
A0A0A1UJW0_taxID_1086054_model	A0AA39UQR7_taxID_153913_model_A	0.5399
A0A024TEL4_taxID_157072_model	A0A3R6VRZ5_taxID_157072_model	0.5399
A0A0D2PWI2_taxID_945553_model	A0A977TE70_taxID_36659_model	0.5397
A0A183I077_taxID_387005_model	A0AAF5PZK9_taxID_6293_model	0.5396
A0A0A7CPE6_taxID_1202772_model	A0A1V9YBP5_taxID_1202772_model	0.5396
A0A8H4YZH8_taxID_48485_model	A0ABR2XFG3_taxID_138064_model_A	0.5396
A0A8B6GYH0_taxID_29158_model_A	A0A8S3R6L7_taxID_6550_model_A	0.5393
A0A2G8L6J4_taxID_307972_model	A0AAV4IQ38_taxID_1093978_model	0.5391
A0A6J8AZI7_taxID_42192_model	A0A8B8F0Y1_taxID_6565_model	0.5390
A0A135SGH4_taxID_703756_model	A0AAI9YQA0_taxID_1209916_model	0.5389
A0A183C149_taxID_36090_model	A0A1I7VBE5_taxID_7209_model	0.5388
A0A163HZN4_taxID_5454_model_A	A0ABR4K145_taxID_176178_model	0.5388
A0A444ZR13_taxID_3818_model	A0A6A4NQJ9_taxID_3870_model	0.5387
A0ACC0V4A4_taxID_47278_model	L7JPW8_taxID_1143193_model	0.5385
A0A3P7DNC2_taxID_6293_model	A0A8R1TKI8_taxID_6282_model	0.5385
A0A9P8ZYD0_taxID_152316_model	K3V6C2_taxID_1028729_model	0.5385
A0A0V1ESS6_taxID_6337_model	A0A0V1KR57_taxID_6335_model	0.5385
A0A085M8H3_taxID_68888_model	A0A0V1JHS7_taxID_6337_model	0.5384
A0A0V1BIN6_taxID_6334_model	A0A0V1KD92_taxID_6337_model	0.5383
A0A8E0V7V4_taxID_52442_model_A	Q2Y722_taxID_323848_model_A	0.5383
A0A6A5SIC2_taxID_706981_model	S3CMF3_taxID_1116229_model	0.5379
A0A8B6BKM4_taxID_29158_model_A	A0A8S3R6L7_taxID_6550_model_A	0.5378
A0A0V1BIN6_taxID_6334_model	A0A0V1DE70_taxID_45882_model	0.5378
A0A397DXJ3_taxID_112090_model	A0A3R6VRZ5_taxID_157072_model	0.5378
A0AAD7ULC6_taxID_2483200_model	A0ABR1GFH3_taxID_44056_model	0.5372
A0A6G1HLY0_taxID_703511_model_A	A0AAD5DEJ1_taxID_2649997_model	0.5371
A0ABQ0CQG4_taxID_79588_model_A	F9G554_taxID_660025_model	0.5371
A0A5N6JRM5_taxID_61186_model	A0A8H7EGD0_taxID_1187904_model	0.5370
A0AAD9L024_taxID_27915_model	A0ABW7AQ69_taxID_3351344_model	0.5368
A0A7S2W132_taxID_1034831_model	F0Y635_taxID_44056_model	0.5367
A0A6A5SIC2_taxID_706981_model	A0ABR2XFG3_taxID_138064_model_A	0.5366
A0ABR2XFG3_taxID_138064_model_A	S3CMF3_taxID_1116229_model	0.5364
A0AB34FH03_taxID_1247861_model	A0ACC0V4A4_taxID_47278_model	0.5363
A0A0D3G0L1_taxID_65489_model_A	A0A8K0IA90_taxID_13894_model	0.5362
A0AA39HID6_taxID_289476_model	A0ABD2I4S2_taxID_97005_model	0.5362
A0A077ZGT3_taxID_36087_model	A0A0V1I3Y0_taxID_268475_model	0.5362
A0A0R3RX42_taxID_1147741_model_A	A0A1I7VEA5_taxID_7209_model	0.5361
A0A6G1HLY0_taxID_703511_model_A	A0A8H5Z2U4_taxID_1567541_model	0.5356
A0A8H3A1U9_taxID_456999_model	A0A8H8P6Z0_taxID_456999_model	0.5356
A0A5N6JRM5_taxID_61186_model	A0AAD4EYT8_taxID_669026_model_A	0.5355
A0A0N4SWM8_taxID_6280_model	A0A0R3RX42_taxID_1147741_model_A	0.5355
A0A1Y2CS79_taxID_329046_model	A0A507FDN0_taxID_246404_model	0.5354
A0AA36CWW9_taxID_96644_model	A0AAN4ZCE4_taxID_1317129_model	0.5354
Q54QT0_taxID_44689_model_A	Q54QT1_taxID_44689_model	0.5352
A0A238C4W2_taxID_387005_model	A0A498S2C2_taxID_6277_model_A	0.5352
A0A9N8WZP9_taxID_5518_model	A0A9P8ZYD0_taxID_152316_model	0.5351
A0A4Q2V7C7_taxID_451672_model	A0ABR3V8J2_taxID_85995_model	0.5351
A0A8B6GSA5_taxID_29158_model	A0AAN8JKH5_taxID_87958_model	0.5350
A0A0P7APX3_taxID_78410_model	L7JPW8_taxID_1143193_model	0.5350
A0A507F697_taxID_246404_model	A0A507FDN0_taxID_246404_model	0.5350
A0A4Q2V7C7_taxID_451672_model	S3CMF3_taxID_1116229_model	0.5350
A0A507F875_taxID_246404_model	A0A507F8P2_taxID_246404_model	0.5348
A0A0V1G4S3_taxID_6337_model	A0A5S6QIU3_taxID_70415_model	0.5348
A0ACC1PD21_taxID_42375_model	F0X9X8_taxID_655863_model	0.5347
A0A5N6JRM5_taxID_61186_model	A0A6A5SIC2_taxID_706981_model	0.5345
R0ISP9_taxID_671987_model	W6ZHH7_taxID_930090_model	0.5343
A0A6P8I080_taxID_6105_model	A0ABN8LP07_taxID_104178_model	0.5343
A0A0V0S806_taxID_6336_model	A0A0V1KR57_taxID_6335_model	0.5342
A0A166CKA0_taxID_1314776_model	A0A8H6MRC0_taxID_2175907_model	0.5341
A0A163HZN4_taxID_5454_model_A	A0A9P7HHT8_taxID_40199_model	0.5340
A0A4Q2V7C7_taxID_451672_model	A0AA37L8J5_taxID_700344_model_A	0.5339
A0A0V1ESS6_taxID_6337_model	A0A5S6QIU3_taxID_70415_model	0.5339
A0A7C8Q0E6_taxID_2813651_model	A0AAD6NB37_taxID_5083_model_A	0.5338
A0A024TEL4_taxID_157072_model	A0A485L8F1_taxID_120398_model	0.5337
A0A0V0TGR2_taxID_144512_model	A0A0V1JHS7_taxID_6337_model	0.5335
A0A3S0ZXU8_taxID_188477_model	A0ABD3VH26_taxID_1069815_model	0.5333
A0A5Q4BMU6_taxID_2078593_model	A0ACC1PD21_taxID_42375_model	0.5332
A0A8H6R1E0_taxID_1287682_model	A0AAN4PFQ7_taxID_293939_model	0.5331
A0A9K3LNV3_taxID_303405_model	A0ABW7AQ69_taxID_3351344_model	0.5328
A0A0V0S806_taxID_6336_model	A0A0V0YE73_taxID_6337_model	0.5328
A0A1I7VBE5_taxID_7209_model	W2TLA4_taxID_51031_model	0.5327
A0A8S3RHI5_taxID_6550_model_A	K1Q6D2_taxID_29159_model	0.5327
A0A8J1XGG3_taxID_6347_model	W6NCB7_taxID_6289_model	0.5327
A0A4Q2V7C7_taxID_451672_model	A0A8H6GM20_taxID_100902_model	0.5325
A0A5M9J7X0_taxID_38448_model	A0A8H4YZH8_taxID_48485_model	0.5321
A0A8H3A1U9_taxID_456999_model	A0A8H7H787_taxID_456999_model	0.5321
A0A8H7E8W0_taxID_1187904_model	A0ABR2XFG3_taxID_138064_model_A	0.5319
A0A0V1KD92_taxID_6337_model	A0A0V1KR57_taxID_6335_model	0.5318
A0A0N4SWM8_taxID_6280_model	A0A4E9FIB1_taxID_6279_model	0.5318
A0A177X0C6_taxID_403673_model	F4NVT9_taxID_684364_model	0.5318
A0A0V1DE70_taxID_45882_model	A0A0V1KR57_taxID_6335_model	0.5317
W4H175_taxID_112090_model	W4H234_taxID_112090_model	0.5317
A0A1I7VEA5_taxID_7209_model	A0A238C4W2_taxID_387005_model	0.5315
A0A317XLV9_taxID_1882483_model	W3VU69_taxID_84754_model	0.5314
A0A6G1HLY0_taxID_703511_model_A	A0ABR4KUJ7_taxID_1810923_model	0.5311
A0A6J8CIJ4_taxID_42192_model	A0A8S3THT1_taxID_6550_model	0.5311
A0A7D5Z204_taxID_500148_model	S8ARG7_taxID_1284197_model	0.5310
A0A0F7RVY0_taxID_49012_model_A	A0A4U7KZ21_taxID_280036_model_A	0.5309
A0A0V1I3Y0_taxID_268475_model	A0A0V1KR57_taxID_6335_model	0.5308
A0AAD9QB69_taxID_6130_model	A0ABN8LLM9_taxID_104178_model_A	0.5307
N4XMY1_taxID_665024_model	W6ZHH7_taxID_930090_model	0.5306
A0A0V1JHS7_taxID_6337_model	A0A0V1KR57_taxID_6335_model	0.5302
A0A0P7APX3_taxID_78410_model	F9G554_taxID_660025_model	0.5302
A0A5N6JRM5_taxID_61186_model	A0AA37L8J5_taxID_700344_model_A	0.5301
A0A397GN90_taxID_41047_model	A0A8H3S9D4_taxID_91492_model_A	0.5299
A0A4Q2V7C7_taxID_451672_model	A0A8H7E8W0_taxID_1187904_model	0.5298
A0A5Q4BMU6_taxID_2078593_model	A0A9P7UD37_taxID_1209932_model	0.5297
A0A8H3H4T7_taxID_456999_model	A0A8H8PB78_taxID_456999_model	0.5297
A0A067D814_taxID_695850_model	W4H234_taxID_112090_model	0.5295
A0A238C4W2_taxID_387005_model	A0A4E9FIB1_taxID_6279_model	0.5295
A0A5N6JRM5_taxID_61186_model	S3CMF3_taxID_1116229_model	0.5294
A0A6J8ENF3_taxID_42192_model_A	A0A8B6CPY6_taxID_29158_model_A	0.5294
A0ABN8LLM9_taxID_104178_model_A	A0ABN8SN36_taxID_104178_model	0.5293
A0A9P7HHT8_taxID_40199_model	A0ABR4K145_taxID_176178_model	0.5292
A0A1V6PRI1_taxID_416450_model	A0A6A5SIC2_taxID_706981_model	0.5291
A0ABY7ESX1_taxID_6604_model	A0ABY7EVT9_taxID_6604_model	0.5290
A0A6J8AZI7_taxID_42192_model	A0A8B6GY87_taxID_29158_model_A	0.5290
A0A024TEL4_taxID_157072_model	A0A397DXJ3_taxID_112090_model	0.5289
A0A4S4MP01_taxID_2447956_model	A0A4U0XX60_taxID_329884_model	0.5289
A0A0V1BIN6_taxID_6334_model	A0A0V1JHS7_taxID_6337_model	0.5288
A0A6A5SIC2_taxID_706981_model	A0A8H4YZH8_taxID_48485_model	0.5288
A0A9N7UE72_taxID_8262_model	A0ACC2HA47_taxID_75939_model	0.5284
A0A0F8A0A1_taxID_1043627_model	F9G554_taxID_660025_model	0.5284
A0A0P7APX3_taxID_78410_model	A0A9P7HHT8_taxID_40199_model	0.5283
A0A238C4W2_taxID_387005_model	A0A8R1TKI8_taxID_6282_model	0.5280
A0A166CKA0_taxID_1314776_model	A0A1Y1HT28_taxID_105231_model	0.5279
A0A8B6BMR6_taxID_29158_model_A	A0A8B6CPY6_taxID_29158_model_A	0.5278
A0A3R6VRZ5_taxID_157072_model	A0A6G0X2P4_taxID_100861_model_A	0.5277
A0A0B7A0D2_taxID_1028688_model	A0ABD0K492_taxID_370345_model	0.5276
A0A4S4MP01_taxID_2447956_model	A0A8H5Z2U4_taxID_1567541_model	0.5273
A0A183I077_taxID_387005_model	A0A8R1TKI8_taxID_6282_model	0.5271
A0A0V1DE70_taxID_45882_model	A0A5S6QIU3_taxID_70415_model	0.5271
A0A9P7HHT8_taxID_40199_model	A0ACC0V4A4_taxID_47278_model	0.5271
A0A139HFA6_taxID_321146_model_A	A0A2S6BQA0_taxID_357750_model	0.5269
A0A0G2GEG2_taxID_420778_model_A	A0A9N8JDS5_taxID_2773715_model_A	0.5267
A0A1Y2CS79_taxID_329046_model	A0A507EXS7_taxID_246404_model	0.5267
A0A1I9G629_taxID_6279_model	A0A238C4W2_taxID_387005_model	0.5266
A0A0V1I3Y0_taxID_268475_model	A0A5S6QIU3_taxID_70415_model	0.5266
A0ABD3VH26_taxID_1069815_model	K1Q6D2_taxID_29159_model	0.5265
A0AAD5UGL0_taxID_261099_model	A0ABQ8EZ86_taxID_1357716_model	0.5264
A0A5M9J7X0_taxID_38448_model	A0A9N8JDS5_taxID_2773715_model_A	0.5262
A0A6P8I080_taxID_6105_model	A0ABN8LLM9_taxID_104178_model_A	0.5262
A0AAV4IQ38_taxID_1093978_model	A0ABM1VVY2_taxID_6500_model	0.5261
A0A8H5Z2U4_taxID_1567541_model	A0ABR4K145_taxID_176178_model	0.5261
A0A066RUA7_taxID_1654360_model	A0AA42B8L4_taxID_1215918_model	0.5260
A0ABR4K145_taxID_176178_model	F9G554_taxID_660025_model	0.5260
A0AA88YDI9_taxID_66713_model	K1Q6D2_taxID_29159_model	0.5260
A0ABD2I4S2_taxID_97005_model	W6NCB7_taxID_6289_model	0.5258
A0A2C5YKI6_taxID_2004952_model	A0A5Q4BMU6_taxID_2078593_model	0.5258
A0A8K0IA90_taxID_13894_model	A0ABD1H5D5_taxID_28513_model	0.5257
A0A5M9J7X0_taxID_38448_model	A0ABR2XFG3_taxID_138064_model_A	0.5257
G1X3U2_taxID_756982_model_A	S8ARG7_taxID_1284197_model	0.5257
A0AA37L8J5_taxID_700344_model_A	A0ABR3V8J2_taxID_85995_model	0.5256
A0A8B6BMR6_taxID_29158_model_A	A0A8B6GY87_taxID_29158_model_A	0.5254
A0A4U0XX60_taxID_329884_model	A0ABQ0CQG4_taxID_79588_model_A	0.5251
A0A0V0S806_taxID_6336_model	A0A0V1DE70_taxID_45882_model	0.5250
A0A8H7E8W0_taxID_1187904_model	S3CMF3_taxID_1116229_model	0.5250
A0A179HCZ8_taxID_33203_model	A0A1V6PRI1_taxID_416450_model	0.5249
A0A3R6VRZ5_taxID_157072_model	A0A485L8F1_taxID_120398_model	0.5249
A0A8K0IA90_taxID_13894_model	A0ABD1H6K2_taxID_28513_model	0.5247
A0A6J8CIJ8_taxID_42192_model	A0A8S3SWK0_taxID_6550_model	0.5247
A0A085M8H3_taxID_68888_model	A0A0V0TGR2_taxID_144512_model	0.5245
A0A179HCZ8_taxID_33203_model	A0A4Q2V7C7_taxID_451672_model	0.5245
A0A183C149_taxID_36090_model	A0AAN4ZCE4_taxID_1317129_model	0.5245
A0A0V0S806_taxID_6336_model	A0A0V1JHS7_taxID_6337_model	0.5244
A0A6J8ENF3_taxID_42192_model_A	A0A8B6GY87_taxID_29158_model_A	0.5243
A0A2C5YKI6_taxID_2004952_model	A0A9P7UD37_taxID_1209932_model	0.5243
A0ABQ8FNS5_taxID_1357716_model	A0ABR4NFV2_taxID_2732419_model_A	0.5243
A0A0N4SWM8_taxID_6280_model	A0A498S2C2_taxID_6277_model_A	0.5242
A0A0V0S806_taxID_6336_model	A0A0V1KD92_taxID_6337_model	0.5240
A0A0F8A0A1_taxID_1043627_model	A0A6G1HLY0_taxID_703511_model_A	0.5239
A0A7C8MQB2_taxID_323545_model	A0ABR0JJU7_taxID_1016849_model_A	0.5239
A0A0N0DC34_taxID_179993_model	A0AAN5YXZ8_taxID_282268_model	0.5237
A0A8B6CNP6_taxID_29158_model	A0A8B6G9L0_taxID_29158_model_A	0.5236
A0A397DXJ3_taxID_112090_model	A0A485L8F1_taxID_120398_model	0.5236
A0AAE3YLB9_taxID_137266_model_A	A0AAE4C8H8_taxID_137266_model_A	0.5235
A0ABQ0CQG4_taxID_79588_model_A	G1X3U2_taxID_756982_model_A	0.5235
A0A067D814_taxID_695850_model	A0A1V9YBP5_taxID_1202772_model	0.5234
A0AA37L8J5_taxID_700344_model_A	B2VY53_taxID_426418_model	0.5234
A0A0B7A0D2_taxID_1028688_model	A0A2T7PF41_taxID_400727_model	0.5233
A0AAD9QB69_taxID_6130_model	A0ABN8LP07_taxID_104178_model	0.5233
A0AAD4EYT8_taxID_669026_model_A	A0ABR2XFG3_taxID_138064_model_A	0.5233
A0A210R253_taxID_6573_model	A0A8B6GYH0_taxID_29158_model_A	0.5232
A0A0V0S806_taxID_6336_model	A0A0V1ESS6_taxID_6337_model	0.5232
A0A6J8ENF3_taxID_42192_model_A	A0A8B6G957_taxID_29158_model_A	0.5231
A0A0V1JHS7_taxID_6337_model	A0A5S6QIU3_taxID_70415_model	0.5230
A0A8H5Z2U4_taxID_1567541_model	A0ABQ0CQG4_taxID_79588_model_A	0.5230
A0A0V0S806_taxID_6336_model	A0A0V1G4S3_taxID_6337_model	0.5229
A0A0G2GEG2_taxID_420778_model_A	A0A4Q2V7C7_taxID_451672_model	0.5224
A0A0V0S806_taxID_6336_model	A0A0V1I3Y0_taxID_268475_model	0.5224
A0A1I7VEA5_taxID_7209_model	A0A8R1TKI8_taxID_6282_model	0.5223
A0A0V1G4S3_taxID_6337_model	A0A915I8K9_taxID_13658_model	0.5223
A0A8H7E8W0_taxID_1187904_model	A0AA37L8J5_taxID_700344_model_A	0.5221
A0A077ZGT3_taxID_36087_model	A0A0V1BIN6_taxID_6334_model	0.5219
A0A0R3RX42_taxID_1147741_model_A	A0A183I077_taxID_387005_model	0.5218
A0A0L8ICD6_taxID_37653_model	A0AAV4IQ38_taxID_1093978_model	0.5218
A0A4Q2V7C7_taxID_451672_model	A0A5M9J7X0_taxID_38448_model	0.5218
A0A6J8CL61_taxID_42192_model_A	A0A8B6G957_taxID_29158_model_A	0.5216
A0A3R7WQH8_taxID_112090_model	A0A485L8F1_taxID_120398_model	0.5216
A0A0V1JHS7_taxID_6337_model	W6NCB7_taxID_6289_model	0.5214
A0A210R253_taxID_6573_model	A0A8B8F0Y1_taxID_6565_model	0.5214
A0A0V1I3Y0_taxID_268475_model	W6NCB7_taxID_6289_model	0.5213
A0AA36DH95_taxID_96644_model_A	A0ABD2I4S2_taxID_97005_model	0.5211
A0ABD3VH26_taxID_1069815_model	W6NCB7_taxID_6289_model	0.5210
A0A210R253_taxID_6573_model	A0A8B8ESA4_taxID_6565_model_A	0.5209
A0A8H4YZH8_taxID_48485_model	A0AA37L8J5_taxID_700344_model_A	0.5209
A0A1H7K5B5_taxID_1233_model_A	A0A8E0V7V4_taxID_52442_model_A	0.5207
A0A3R6VRZ5_taxID_157072_model	A0A3R7WQH8_taxID_112090_model	0.5206
A0A0N4SWM8_taxID_6280_model	A0A8R1TKI8_taxID_6282_model	0.5206
A0A0G4N7R0_taxID_100787_model	A0ABR2XFG3_taxID_138064_model_A	0.5205
A0A0B7BDN3_taxID_1028688_model_A	E7CLR7_taxID_34541_model	0.5204
A0A915N8X1_taxID_6303_model	A0AA36DH95_taxID_96644_model_A	0.5203
A0A0V1KD92_taxID_6337_model	A0A915I8K9_taxID_13658_model	0.5202
A0A0P7APX3_taxID_78410_model	A0A163HZN4_taxID_5454_model_A	0.5202
W6Y2N7_taxID_930089_model	W6ZHH7_taxID_930090_model	0.5200
A0A077ZGT3_taxID_36087_model	A0A915I8K9_taxID_13658_model	0.5200
A0A8H4YZH8_taxID_48485_model	A0A8H7E8W0_taxID_1187904_model	0.5200
A0A8B6GYH0_taxID_29158_model_A	A0A9D4LIH2_taxID_45954_model	0.5199
E6ZRP4_taxID_999809_model_A	R9PI15_taxID_1305764_model_A	0.5199
A0A7D5Z204_taxID_500148_model	A0ABQ0CQG4_taxID_79588_model_A	0.5196
A0A4S4MP01_taxID_2447956_model	S8ARG7_taxID_1284197_model	0.5196
A0A024TEL4_taxID_157072_model	A0A3R7WQH8_taxID_112090_model	0.5196
A0A8H4QR39_taxID_354080_model_A	A0ACC2TVV6_taxID_34485_model	0.5195
A0A2A6BT42_taxID_54126_model	A0AA39HID6_taxID_289476_model	0.5195
A0A2A6BT42_taxID_54126_model	A0AA36DH95_taxID_96644_model_A	0.5195
A0A139HFA6_taxID_321146_model_A	A0A9N8JDS5_taxID_2773715_model_A	0.5195
A0A4P9X7U9_taxID_1555241_model	A0ABQ8FRP3_taxID_1357716_model_A	0.5192
A0A4P9X7U9_taxID_1555241_model	A0AAD9L024_taxID_27915_model	0.5192
A0AAE3YLB9_taxID_137266_model_A	A0AAE4A194_taxID_587534_model_A	0.5192
A0A8H4YZH8_taxID_48485_model	A0A8H6GM20_taxID_100902_model	0.5192
A0A8H4YZH8_taxID_48485_model	S3CMF3_taxID_1116229_model	0.5191
A0A9P7HHT8_taxID_40199_model	G1X3U2_taxID_756982_model_A	0.5190
A0A8H4YZH8_taxID_48485_model	A0A8H7EGD0_taxID_1187904_model	0.5190
A0A8H7E8W0_taxID_1187904_model	A0A9N8JDS5_taxID_2773715_model_A	0.5190
A0A0G2GEG2_taxID_420778_model_A	A0A8H7E8W0_taxID_1187904_model	0.5189
A0A8H7H787_taxID_456999_model	A0A8H7LVB4_taxID_456999_model	0.5189
A0A139HFA6_taxID_321146_model_A	A0A9P3CF74_taxID_84275_model	0.5189
A0A915N8X1_taxID_6303_model	A0AAN4ZCE4_taxID_1317129_model	0.5188
A0A5N6JRM5_taxID_61186_model	A0A8H7E8W0_taxID_1187904_model	0.5187
A0A0V1JHS7_taxID_6337_model	A0A915I8K9_taxID_13658_model	0.5185
A0A5N5QPM2_taxID_1582974_model	A0A8H3A1U9_taxID_456999_model	0.5185
A0A0G4N7R0_taxID_100787_model	B2VY53_taxID_426418_model	0.5185
A0A7S2W132_taxID_1034831_model	A0AAD7ULC6_taxID_2483200_model	0.5184
A0A2P6U1N3_taxID_3076_model_A	A0A4U0XX60_taxID_329884_model	0.5184
A0A8S3ZX52_taxID_100452_model	B5RHQ6_taxID_515353_model	0.5183
A0A6G1HLY0_taxID_703511_model_A	A0AB34FH03_taxID_1247861_model	0.5181
A0A8H7EE27_taxID_1187904_model	E3REK7_taxID_861557_model	0.5180
A0AB34FH03_taxID_1247861_model	L7JPW8_taxID_1143193_model	0.5180
A0A6J8AZI7_taxID_42192_model	A0A6J8CL61_taxID_42192_model_A	0.5180
A0A418YC39_taxID_2303987_model_A	A0AAN5XIX5_taxID_1396_model_A	0.5179
A0A2A6BT42_taxID_54126_model	A0AAF3EKL4_taxID_2138241_model	0.5177
A0A6B2KZX3_taxID_1963864_model	A0A6B2L294_taxID_1963864_model	0.5174
A0A0V1I3Y0_taxID_268475_model	A0A915I8K9_taxID_13658_model	0.5174
A0A077ZGT3_taxID_36087_model	A0A0V1KR57_taxID_6335_model	0.5172
A0A7D5Z204_taxID_500148_model	A0A9P7HHT8_taxID_40199_model	0.5172
A0A9W3GC27_taxID_9837_model	A0ABQ9DKS8_taxID_1566151_model	0.5171
A0A163HZN4_taxID_5454_model_A	G1X3U2_taxID_756982_model_A	0.5171
A0A2P6TX23_taxID_3076_model	A0ABP0KF76_taxID_1381693_model_A	0.5170
A0A8B6BKM4_taxID_29158_model_A	A0ABY7EX19_taxID_6604_model	0.5170
A0A485L8F1_taxID_120398_model	W4H234_taxID_112090_model	0.5170
A0A0N4SWM8_taxID_6280_model	A0AAF5PZK9_taxID_6293_model	0.5169
A0A0G4N7R0_taxID_100787_model	A0A179HCZ8_taxID_33203_model	0.5168
A0A6G1HLY0_taxID_703511_model_A	A0ABQ0CQG4_taxID_79588_model_A	0.5168
A0A0V1DE70_taxID_45882_model	W6NCB7_taxID_6289_model	0.5166
A0A0V0S806_taxID_6336_model	A0A5S6QIU3_taxID_70415_model	0.5166
A0A183C149_taxID_36090_model	A0A8J1T8Q4_taxID_6347_model	0.5165
A0AAD9QB69_taxID_6130_model	A0ABN8SN36_taxID_104178_model	0.5164
A0A1I7VBE5_taxID_7209_model	K1Q6D2_taxID_29159_model	0.5163
A0A077ZGT3_taxID_36087_model	A0A0V0S806_taxID_6336_model	0.5162
A0A127Z996_taxID_49012_model_A	W3VU69_taxID_84754_model	0.5161
A0A0V1DE70_taxID_45882_model	A0A915I8K9_taxID_13658_model	0.5161
A0A1I4VE96_taxID_44574_model_A	A0A8E0V7V4_taxID_52442_model_A	0.5159
A0A1H7K5B5_taxID_1233_model_A	A0A285BU58_taxID_44577_model_A	0.5159
A0A085M8H3_taxID_68888_model	A0A0V0S806_taxID_6336_model	0.5158
A0A0P7APX3_taxID_78410_model	A0AAD5DEJ1_taxID_2649997_model	0.5158
A0A6S7IY75_taxID_317549_model_A	A0ABN8LP07_taxID_104178_model	0.5158
A0A127Z996_taxID_49012_model_A	I2FTP4_taxID_120017_model_A	0.5157
A0A8B8F0Y1_taxID_6565_model	K1QAP4_taxID_29159_model	0.5155
A0A8H4QR39_taxID_354080_model_A	A0AAD4EYT8_taxID_669026_model_A	0.5155
A0A5N6JRM5_taxID_61186_model	A0ABR3V8J2_taxID_85995_model	0.5154
A0A4E9FIB1_taxID_6279_model	A0A8R1TKI8_taxID_6282_model	0.5154
A0A285BU58_taxID_44577_model_A	A0ABW7AQ69_taxID_3351344_model	0.5154
A0A6J8ENF3_taxID_42192_model_A	A0A8S3R6L7_taxID_6550_model_A	0.5153
A0A7C8MQB2_taxID_323545_model	A0A8H4QR39_taxID_354080_model_A	0.5153
A0A8B6G9L0_taxID_29158_model_A	A0A8S3R6L7_taxID_6550_model_A	0.5152
A0A8B6CPY6_taxID_29158_model_A	A0A8B6G957_taxID_29158_model_A	0.5152
A0A8H4YZH8_taxID_48485_model	A0ABR3V8J2_taxID_85995_model	0.5152
A0A8H3DZ25_taxID_456999_model_A	A0A8H4QR39_taxID_354080_model_A	0.5150
A0ABR4KUJ7_taxID_1810923_model	S8ARG7_taxID_1284197_model	0.5149
A0A8S3ZX52_taxID_100452_model	A0ABD0JMJ5_taxID_370345_model	0.5148
A0A5M9J7X0_taxID_38448_model	A0A8H6GM20_taxID_100902_model	0.5148
A0AA37L8J5_taxID_700344_model_A	A0AAD4EYT8_taxID_669026_model_A	0.5148
A0A485L8F1_taxID_120398_model	W4H175_taxID_112090_model	0.5147
A0A238C4W2_taxID_387005_model	A0AAF5PZK9_taxID_6293_model	0.5146
A0A2N3MXV9_taxID_41688_model_A	A0A8K0WPV5_taxID_80388_model_A	0.5146
A0A8H7EGD0_taxID_1187904_model	A0AA37L8J5_taxID_700344_model_A	0.5146
A0A8B6CPY6_taxID_29158_model_A	A0ABY7EX19_taxID_6604_model	0.5146
A0A2R6W5V4_taxID_3197_model	A0AA88AFA7_taxID_3494_model_A	0.5145
A0A163HZN4_taxID_5454_model_A	A0A8H5Z2U4_taxID_1567541_model	0.5145
A0AAD4EYT8_taxID_669026_model_A	A0ABQ8FRP3_taxID_1357716_model_A	0.5144
A0A6P8I583_taxID_6105_model	A0ABN8M8J6_taxID_104178_model	0.5144
A0A9D4LIH2_taxID_45954_model	A0A9D4RA75_taxID_45954_model	0.5142
A0A1W6SSH7_taxID_1288494_model_A	A0A8E0V7V4_taxID_52442_model_A	0.5142
A0A067BRT6_taxID_695850_model	A0A3R7WQH8_taxID_112090_model	0.5141
A0AAD4EYT8_taxID_669026_model_A	S3CMF3_taxID_1116229_model	0.5140
A0A183C149_taxID_36090_model	A0AA39HID6_taxID_289476_model	0.5139
A0A1W6SSH7_taxID_1288494_model_A	A0A285BU58_taxID_44577_model_A	0.5139
A0A1K0HF59_taxID_307758_model_A	I2FTP4_taxID_120017_model_A	0.5139
A0A8H3DZ25_taxID_456999_model_A	A0A8H3H4T7_taxID_456999_model	0.5139
A0A2P6U1N3_taxID_3076_model_A	A0A6G1HLY0_taxID_703511_model_A	0.5138
A0A0V1ESS6_taxID_6337_model	A0A915I8K9_taxID_13658_model	0.5137
A0A179HCZ8_taxID_33203_model	A0A8H7EGD0_taxID_1187904_model	0.5136
A0A4P9X7U9_taxID_1555241_model	A0A4Q2V7C7_taxID_451672_model	0.5136
A0A4S4MP01_taxID_2447956_model	F9G554_taxID_660025_model	0.5135
A0AAN5XIX5_taxID_1396_model_A	P56826_taxID_6610_model	0.5135
A0A8H2WDY0_taxID_456999_model	M5CEE4_taxID_1108050_model	0.5132
A0A397IQP5_taxID_1348612_model	A0A8K0KU96_taxID_123851_model	0.5132
A0A8X6KWP2_taxID_2740835_model	A0ABM1VVY2_taxID_6500_model	0.5132
A0A397DXJ3_taxID_112090_model	W4H234_taxID_112090_model	0.5132
A0A915N8X1_taxID_6303_model	W6NCB7_taxID_6289_model	0.5132
A0A067D814_taxID_695850_model	T0PU14_taxID_1156394_model	0.5131
A0A7D5Z204_taxID_500148_model	F9G554_taxID_660025_model	0.5131
A0A0F8A0A1_taxID_1043627_model	A0A9P7HHT8_taxID_40199_model	0.5131
A0A2K8T4N2_taxID_2038116_model_A	A0ABS8MPT4_taxID_2893755_model	0.5130
A0AAE3YLB9_taxID_137266_model_A	A0ABS1MHS4_taxID_2802282_model_A	0.5129
B5RHR0_taxID_515355_model_A	D7F7N8_taxID_541221_model_A	0.5128
A0A0G4N7R0_taxID_100787_model	A0A9N8JDS5_taxID_2773715_model_A	0.5128
A0A8B6BMR6_taxID_29158_model_A	A0A8S3R6L7_taxID_6550_model_A	0.5127
A0A5P8W6J8_taxID_2653204_model	A0AA42B8L4_taxID_1215918_model	0.5127
A0ACC0V4A4_taxID_47278_model	F9G554_taxID_660025_model	0.5126
A0A2P6U1N3_taxID_3076_model_A	S8ARG7_taxID_1284197_model	0.5126
A0A814MII4_taxID_1234261_model_A	A0ABW7AQ69_taxID_3351344_model	0.5123
A0A6J8AZI7_taxID_42192_model	A0ABY7EX19_taxID_6604_model	0.5122
A0A8B6CNP6_taxID_29158_model	A0ABD3VH26_taxID_1069815_model	0.5121
A0ABY7ESX1_taxID_6604_model	A0ABY7EX19_taxID_6604_model	0.5121
A0A8T0LKJ4_taxID_325452_model	A0ABN8CQB0_taxID_622444_model	0.5120
A0A1G5SEQ3_taxID_51642_model_A	A0ABW7AQ69_taxID_3351344_model	0.5120
A0A085M8H3_taxID_68888_model	A0A915I8K9_taxID_13658_model	0.5119
A0A8H5UJH2_taxID_48507_model_A	A0ABR1WCT8_taxID_335842_model	0.5119
A0ABR1FIC3_taxID_44056_model	F0YJP7_taxID_44056_model	0.5118
A0A1Y2B8A2_taxID_329046_model	A0AAN5XIX5_taxID_1396_model_A	0.5117
A0A3R7WQH8_taxID_112090_model	W4H234_taxID_112090_model	0.5117
A0A1G5SEQ3_taxID_51642_model_A	A0A1I4VE96_taxID_44574_model_A	0.5117
A0A0P7APX3_taxID_78410_model	A0A8H5Z2U4_taxID_1567541_model	0.5117
A0A5S6QIU3_taxID_70415_model	A0A915I8K9_taxID_13658_model	0.5115
A0A6J8AZI7_taxID_42192_model	K1Q6D2_taxID_29159_model	0.5115
A0A0F8A0A1_taxID_1043627_model	S8ARG7_taxID_1284197_model	0.5113
A0A1G5SEQ3_taxID_51642_model_A	Q2Y722_taxID_323848_model_A	0.5113
A0A5M9J7X0_taxID_38448_model	A0ACC2IQ67_taxID_749465_model_A	0.5111
A0A0F7RVY0_taxID_49012_model_A	W3VU69_taxID_84754_model	0.5111
A0AA36CWW9_taxID_96644_model	W2TLA4_taxID_51031_model	0.5110
A0A067D814_taxID_695850_model	A0A0A7CPE6_taxID_1202772_model	0.5109
A0A183C149_taxID_36090_model	A0AAF3EKL4_taxID_2138241_model	0.5108
A0AAF3EKL4_taxID_2138241_model	A0ABD2I4S2_taxID_97005_model	0.5107
A0A1X6PIR8_taxID_2786_model	A0A4P9X7U9_taxID_1555241_model	0.5107
A0A9N8JDS5_taxID_2773715_model_A	A0ACC2IQ67_taxID_749465_model_A	0.5106
A0A6P8I080_taxID_6105_model	A0ABN8N4G6_taxID_104759_model_A	0.5106
A0A210R253_taxID_6573_model	A0A8B6BKM4_taxID_29158_model_A	0.5106
A0A5S6QIU3_taxID_70415_model	A0AAN8JKH5_taxID_87958_model	0.5106
A0A0K6FPV3_taxID_456999_model	M5CEE4_taxID_1108050_model	0.5105
A0A2R6W5V4_taxID_3197_model	A0A5J9TU90_taxID_38414_model	0.5105
A0A0F7RVY0_taxID_49012_model_A	A0A127Z996_taxID_49012_model_A	0.5104
A0A210R253_taxID_6573_model	A0A6J8CL61_taxID_42192_model_A	0.5103
A0A210R253_taxID_6573_model	A0A6J8AZI7_taxID_42192_model	0.5103
A0A0F8A0A1_taxID_1043627_model	L7JPW8_taxID_1143193_model	0.5102
A0ABR4K145_taxID_176178_model	A0ACC0V4A4_taxID_47278_model	0.5102
A0A915JY09_taxID_13658_model	W6NCB7_taxID_6289_model	0.5102
A0A0G2GEG2_taxID_420778_model_A	A0A8H4YZH8_taxID_48485_model	0.5101
A0A8B6BKM4_taxID_29158_model_A	A0A8B6G9L0_taxID_29158_model_A	0.5101
A0A5M9J7X0_taxID_38448_model	A0A8H7E8W0_taxID_1187904_model	0.5100
A0A0V1KR57_taxID_6335_model	A0A5S6QIU3_taxID_70415_model	0.5100
A0A8H6GM20_taxID_100902_model	A0AAD4EYT8_taxID_669026_model_A	0.5100
A0A8H7EE27_taxID_1187904_model	W6Y2N7_taxID_930089_model	0.5099
A0A9N7UE72_taxID_8262_model	A0A9W3GC27_taxID_9837_model	0.5099
A0A9P7UD37_taxID_1209932_model	F0X9X8_taxID_655863_model	0.5099
A0A6G0X2P4_taxID_100861_model_A	W4H234_taxID_112090_model	0.5098
A0A8H4H8E0_taxID_340414_model	A0A8H6R1E0_taxID_1287682_model	0.5097
A0A1H7K5B5_taxID_1233_model_A	A0A3B0YDV7_taxID_652676_model_A	0.5097
A0A6G1HLY0_taxID_703511_model_A	A0A7D5Z204_taxID_500148_model	0.5096
A0A2T5IGT7_taxID_1231_model_A	A0A8E0V7V4_taxID_52442_model_A	0.5096
A0A1I5DX13_taxID_35799_model_A	A0A285BU58_taxID_44577_model_A	0.5095
A0ACC2TVV6_taxID_34485_model	A0ACC3CB14_taxID_2788_model	0.5095
A0A6B2KZX3_taxID_1963864_model	A0AAD7UNL2_taxID_2483200_model	0.5095
A0AA42B8L4_taxID_1215918_model	A0ABR9BSA8_taxID_2774143_model	0.5095
A0A8B6CPY6_taxID_29158_model_A	A0A8B8ESA4_taxID_6565_model_A	0.5094
A0A8B6G957_taxID_29158_model_A	A0A8B8F0Y1_taxID_6565_model	0.5093
A0A6J8AZI7_taxID_42192_model	A0A8B6GYH0_taxID_29158_model_A	0.5093
A0A8H5Z2U4_taxID_1567541_model	A0ACC0V4A4_taxID_47278_model	0.5093
A0A0P7APX3_taxID_78410_model	A0ABR4K145_taxID_176178_model	0.5093
A0A085M8H3_taxID_68888_model	A0A0V1KR57_taxID_6335_model	0.5092
A0A8H7INQ5_taxID_456999_model	A0AA39UQR7_taxID_153913_model_A	0.5092
B2VY53_taxID_426418_model	S3CMF3_taxID_1116229_model	0.5091
A0A8H6GM20_taxID_100902_model	A0A9N8JDS5_taxID_2773715_model_A	0.5091
A0AA88XKK9_taxID_66713_model	A0AAE0W2I3_taxID_2493646_model	0.5090
A0AA37L8J5_taxID_700344_model_A	A0ACC2IQ67_taxID_749465_model_A	0.5089
A0A9D4RA75_taxID_45954_model	A0ABY7EX19_taxID_6604_model	0.5088
A0A210R253_taxID_6573_model	A0A8B6G957_taxID_29158_model_A	0.5088
A0A6J8BR51_taxID_42192_model_A	A0A6J8CIJ4_taxID_42192_model	0.5088
A0A9N7UE72_taxID_8262_model	A0ABQ9DKS8_taxID_1566151_model	0.5087
A0A4U0XX60_taxID_329884_model	A0A7D5Z204_taxID_500148_model	0.5087
A0A1K0HF59_taxID_307758_model_A	A0A4U7KZ21_taxID_280036_model_A	0.5086
A0A8H3A1U9_taxID_456999_model	A0AA39UQR7_taxID_153913_model_A	0.5086
A0A067D814_taxID_695850_model	A0A485L8F1_taxID_120398_model	0.5084
A0A0V1BIN6_taxID_6334_model	A0A5S6QIU3_taxID_70415_model	0.5084
A0A163HZN4_taxID_5454_model_A	A0ABR4KUJ7_taxID_1810923_model	0.5084
A0A915N8X1_taxID_6303_model	A0AAF3EKL4_taxID_2138241_model	0.5084
A0A8B6G9L0_taxID_29158_model_A	A0A8B6GYH0_taxID_29158_model_A	0.5082
A0AA37L8J5_taxID_700344_model_A	S3CMF3_taxID_1116229_model	0.5082
A0A9N7UE72_taxID_8262_model	A0AA35SFX9_taxID_519541_model	0.5081
A0A0R3RX42_taxID_1147741_model_A	A0A498S2C2_taxID_6277_model_A	0.5081
A0A1G5SEQ3_taxID_51642_model_A	A0A1H7K5B5_taxID_1233_model_A	0.5081
A0A409WY02_taxID_93625_model	Q54QT1_taxID_44689_model	0.5079
A0A5S6QIU3_taxID_70415_model	A0AAF3FHG4_taxID_2138241_model_A	0.5078
A0A5N6JRM5_taxID_61186_model	A0ACC2IQ67_taxID_749465_model_A	0.5078
A0A1G5SEQ3_taxID_51642_model_A	A0A1W6SSH7_taxID_1288494_model_A	0.5078
A0A6J8ENF3_taxID_42192_model_A	A0ABD3VH26_taxID_1069815_model	0.5077
A0A1I9G629_taxID_6279_model	A0A3P7DNC2_taxID_6293_model	0.5076
A0A0V0TGR2_taxID_144512_model	A0A5S6QIU3_taxID_70415_model	0.5075
A0AAN4PPE5_taxID_293939_model	A0AAN5YGU4_taxID_293939_model	0.5075
A0A507EFD5_taxID_109895_model	A0A9W8B9V6_taxID_2761393_model_A	0.5075
A0AAD9L024_taxID_27915_model	A0ABN8SN36_taxID_104178_model	0.5074
A0A9P7HHT8_taxID_40199_model	A0ABR4KUJ7_taxID_1810923_model	0.5074
A0A1G5SEQ3_taxID_51642_model_A	A0A2T5IGT7_taxID_1231_model_A	0.5074
A0A1G5SEQ3_taxID_51642_model_A	A0A1I5DX13_taxID_35799_model_A	0.5073
A0A8B6G957_taxID_29158_model_A	A0A8B6G9L0_taxID_29158_model_A	0.5073
A0A5M9J7X0_taxID_38448_model	A0AA37L8J5_taxID_700344_model_A	0.5073
A0A4S4MP01_taxID_2447956_model	A0A9P7HHT8_taxID_40199_model	0.5073
A0A8H7E8W0_taxID_1187904_model	A0A8H7EGD0_taxID_1187904_model	0.5072
A0A919MPV4_taxID_1050105_model_A	A0ABY2RQH2_taxID_2571143_model	0.5071
A0A0D3G0L1_taxID_65489_model_A	A0A2R6W5V4_taxID_3197_model	0.5071
A0A8H7E8W0_taxID_1187904_model	A0AAD4EYT8_taxID_669026_model_A	0.5071
A0A6J8CL61_taxID_42192_model_A	A0A8B6G9L0_taxID_29158_model_A	0.5071
A0A2P5YJV4_taxID_3634_model_A	A0A2R6W5V4_taxID_3197_model	0.5070
A0A1I5DX13_taxID_35799_model_A	A0A3B0YDV7_taxID_652676_model_A	0.5069
A0A1I4VE96_taxID_44574_model_A	A0A285BU58_taxID_44577_model_A	0.5069
A0A0V1JHS7_taxID_6337_model	A0A914W9Q0_taxID_2011161_model	0.5068
A0ABR1GFH3_taxID_44056_model	F0YJP7_taxID_44056_model	0.5068
A0A4P9X7U9_taxID_1555241_model	A0A8S3SWK0_taxID_6550_model	0.5066
A0A8S3RHI5_taxID_6550_model_A	A0ABD3VH26_taxID_1069815_model	0.5066
A0A0K6FPV3_taxID_456999_model	A0AA39UQR7_taxID_153913_model_A	0.5066
A0A0G4N7R0_taxID_100787_model	A0AAD6NK04_taxID_74499_model	0.5065
A0A8H2WDY0_taxID_456999_model	A0A8H8P6Z0_taxID_456999_model	0.5065
A0AA36CWW9_taxID_96644_model	A0AA36DH95_taxID_96644_model_A	0.5064
A0A5C3ELN8_taxID_86804_model_A	R9PI15_taxID_1305764_model_A	0.5064
A0A0A1UJW0_taxID_1086054_model	A0A8H2WDY0_taxID_456999_model	0.5063
A0ABU4XE34_taxID_3072316_model	A0ABY2RQH2_taxID_2571143_model	0.5063
A0A0G4N7R0_taxID_100787_model	A0A4R8T272_taxID_1347389_model	0.5062
A0AAD9QB69_taxID_6130_model	A0ABN8N4G6_taxID_104759_model_A	0.5062
A0A0G4N7R0_taxID_100787_model	A0A8H7EGD0_taxID_1187904_model	0.5060
A0A8H2WDY0_taxID_456999_model	A0AA39UQR7_taxID_153913_model_A	0.5060
A0AAD5DEJ1_taxID_2649997_model	A0ACC0V4A4_taxID_47278_model	0.5058
A0A8S3RHI5_taxID_6550_model_A	A0ABQ9EAR7_taxID_220873_model	0.5058
A0AAD7XMM2_taxID_2483200_model	F0YJP7_taxID_44056_model	0.5057
A0A139HFA6_taxID_321146_model_A	A0A4Q2V7C7_taxID_451672_model	0.5056
A0A163HZN4_taxID_5454_model_A	F9G554_taxID_660025_model	0.5055
A0AA36DH95_taxID_96644_model_A	A0AAF3EKL4_taxID_2138241_model	0.5055
A0A0P7APX3_taxID_78410_model	A0A4S4MP01_taxID_2447956_model	0.5054
E3REK7_taxID_861557_model	W6ZHH7_taxID_930090_model	0.5053
A0ABR2XFG3_taxID_138064_model_A	A0ACC2IQ67_taxID_749465_model_A	0.5053
A0A6J8AZI7_taxID_42192_model	A0ABD3VH26_taxID_1069815_model	0.5053
A0A0F4GBJ7_taxID_1047168_model	A0A8H4QR39_taxID_354080_model_A	0.5052
A0A364MXI7_taxID_183478_model	B2VY53_taxID_426418_model	0.5052
A0A2R6W5V4_taxID_3197_model	A0A8K0IA90_taxID_13894_model	0.5051
E3REK7_taxID_861557_model	R0ISP9_taxID_671987_model	0.5049
K1Q6D2_taxID_29159_model	W6NCB7_taxID_6289_model	0.5049
A0A2A6BT42_taxID_54126_model	A0AAN4ZCE4_taxID_1317129_model	0.5048
A0A1I4VE96_taxID_44574_model_A	A0AAV9ILT6_taxID_3028027_model	0.5048
A0A4U0XX60_taxID_329884_model	A0ABR4KUJ7_taxID_1810923_model	0.5048
A0A5N6JRM5_taxID_61186_model	A0A9P3CF74_taxID_84275_model	0.5048
A0A0G2GEG2_taxID_420778_model_A	A0A5N6JRM5_taxID_61186_model	0.5047
A0A0F8A0A1_taxID_1043627_model	A0ABR4K145_taxID_176178_model	0.5047
A0A285BU58_taxID_44577_model_A	A0A2T5IGT7_taxID_1231_model_A	0.5046
A0A2R6W5V4_taxID_3197_model	A0ABD1H5D5_taxID_28513_model	0.5045
A0A8H2WDY0_taxID_456999_model	A0A8H7INQ5_taxID_456999_model	0.5045
A0A6J8AZI7_taxID_42192_model	A0A8S3RHI5_taxID_6550_model_A	0.5042
A0A183C149_taxID_36090_model	A0A8J1XGG3_taxID_6347_model	0.5042
A0ACC2T6Y9_taxID_34485_model	F4NVT9_taxID_684364_model	0.5042
A0A8B6BMR6_taxID_29158_model_A	A0A8B6G957_taxID_29158_model_A	0.5041
A0A3R6VRZ5_taxID_157072_model	W4H234_taxID_112090_model	0.5041
A0A915JY09_taxID_13658_model	K1Q6D2_taxID_29159_model	0.5040
A0A388KHX6_taxID_69332_model	A0AA88AFA7_taxID_3494_model_A	0.5039
A0A2S6BQA0_taxID_357750_model	A0A4Q2V7C7_taxID_451672_model	0.5039
A0A0V1KD92_taxID_6337_model	W6NCB7_taxID_6289_model	0.5038
A0A2R6W5V4_taxID_3197_model	A0ABD1H6K2_taxID_28513_model	0.5038
A0A0V1G4S3_taxID_6337_model	W6NCB7_taxID_6289_model	0.5038
A0A8B6GY87_taxID_29158_model_A	A0ABY7EX19_taxID_6604_model	0.5037
A0A4Q2V7C7_taxID_451672_model	A0A9P3CF74_taxID_84275_model	0.5037
A0A8B6GY87_taxID_29158_model_A	A0ABD3VH26_taxID_1069815_model	0.5036
A0A8H7E8W0_taxID_1187904_model	A0ACC2IQ67_taxID_749465_model_A	0.5036
A0A812QP07_taxID_1628268_model	A0AA36JK50_taxID_2562239_model	0.5036
A0AA36DH95_taxID_96644_model_A	A0AAN4ZCE4_taxID_1317129_model	0.5035
A0A7D5Z204_taxID_500148_model	A0ABR4K145_taxID_176178_model	0.5034
A0ABD3VH26_taxID_1069815_model	A0ABY7EX19_taxID_6604_model	0.5033
A0A9W8TQN1_taxID_114810_model	A0ACC2TVV6_taxID_34485_model	0.5032
A0A9D4J8T5_taxID_45954_model	A0ABY7ESX1_taxID_6604_model	0.5032
A0A177WTC8_taxID_403673_model	A0A8H4QR39_taxID_354080_model_A	0.5031
A0ABQ0CQG4_taxID_79588_model_A	A0ABR4KUJ7_taxID_1810923_model	0.5031
A0A8H3A1U9_taxID_456999_model	M5CEE4_taxID_1108050_model	0.5030
A0A067D814_taxID_695850_model	W4H175_taxID_112090_model	0.5030
A0A5M9J7X0_taxID_38448_model	B2VY53_taxID_426418_model	0.5030
A0ABY7EVT9_taxID_6604_model	A0ABY7EX19_taxID_6604_model	0.5029
A0A8B6GY87_taxID_29158_model_A	A0A8S3RHI5_taxID_6550_model_A	0.5029
A0A1L9TIM4_taxID_1036612_model	Q5AZ38_taxID_227321_model	0.5028
A0A0V0YE73_taxID_6337_model	A0A915I8K9_taxID_13658_model	0.5028
A0A6P8I080_taxID_6105_model	A0AAD9QB69_taxID_6130_model	0.5027
A0A914E549_taxID_290746_model	A0AA36CWW9_taxID_96644_model	0.5027
A0AAD4EYT8_taxID_669026_model_A	A0AAD6NB37_taxID_5083_model_A	0.5027
A0A0E0PEB1_taxID_4529_model	A0A2R6W5V4_taxID_3197_model	0.5026
A0A6J8DAY9_taxID_42192_model	A0A8B8ESA4_taxID_6565_model_A	0.5026
A0A6J8DAY9_taxID_42192_model	A0ABY7EX19_taxID_6604_model	0.5026
A0ABN8SN36_taxID_104178_model	A0ACC2TVV6_taxID_34485_model	0.5025
A0A4P9X7U9_taxID_1555241_model	A0A507FDN0_taxID_246404_model	0.5024
A0A0A1UJW0_taxID_1086054_model	A0A8H7INQ5_taxID_456999_model	0.5024
A0A0F7RVY0_taxID_49012_model_A	I2FTP4_taxID_120017_model_A	0.5024
B2VY53_taxID_426418_model	E3REK7_taxID_861557_model	0.5024
A0A4U7KZ21_taxID_280036_model_A	I2FTP4_taxID_120017_model_A	0.5023
A0A9D4J8T5_taxID_45954_model	A0A9D4LIH2_taxID_45954_model	0.5022
A0A6P8I080_taxID_6105_model	A0A6S7IY75_taxID_317549_model_A	0.5022
A0A8H3BPP3_taxID_456999_model	A0A8H3H4T7_taxID_456999_model	0.5022
A0A8H6GM20_taxID_100902_model	A0ACC2IQ67_taxID_749465_model_A	0.5021
A0A210R253_taxID_6573_model	A0A6J8DAY9_taxID_42192_model	0.5021
A0A8H6GM20_taxID_100902_model	A0ABR2XFG3_taxID_138064_model_A	0.5021
A0A6J8BNB1_taxID_42192_model_A	A0A6J8BR51_taxID_42192_model_A	0.5020
A0A6J8AZI7_taxID_42192_model	A0A8B6CNP6_taxID_29158_model	0.5020
A0A8H7E8W0_taxID_1187904_model	A0ABR3UFL0_taxID_48095_model	0.5020
A0ABQ0CQG4_taxID_79588_model_A	A0ABR4K145_taxID_176178_model	0.5019
A0A8B6BMR6_taxID_29158_model_A	A0A8B6G9L0_taxID_29158_model_A	0.5018
A0A8B6CNP6_taxID_29158_model	A0A8B6G957_taxID_29158_model_A	0.5017
A0A2C5YKI6_taxID_2004952_model	F0X9X8_taxID_655863_model	0.5015
A0A7D5Z204_taxID_500148_model	A0A8H5Z2U4_taxID_1567541_model	0.5014
A0A1X6PIR8_taxID_2786_model	A0ACC2TVV6_taxID_34485_model	0.5013
A0A0R3RX42_taxID_1147741_model_A	A0AAF5PZK9_taxID_6293_model	0.5013
L7JPW8_taxID_1143193_model	S8ARG7_taxID_1284197_model	0.5013
A0A8H3A1U9_taxID_456999_model	A0A8H7INQ5_taxID_456999_model	0.5013
A0A6J8CL61_taxID_42192_model_A	A0A8B8F0Y1_taxID_6565_model	0.5010
A0A0R3RX42_taxID_1147741_model_A	A0A8R1TKI8_taxID_6282_model	0.5010
A0A0V1ESS6_taxID_6337_model	W6NCB7_taxID_6289_model	0.5010
A0A0A1UJW0_taxID_1086054_model	A0A8H3A1U9_taxID_456999_model	0.5009
A0A0F8A0A1_taxID_1043627_model	A0A4U0XX60_taxID_329884_model	0.5009
A0A0K6FZ23_taxID_456999_model	A0A8H3AAQ4_taxID_456999_model	0.5008
A0A067BRT6_taxID_695850_model	A0A6G0X2P4_taxID_100861_model_A	0.5007
A0A0R3RX42_taxID_1147741_model_A	A0A1I9G629_taxID_6279_model	0.5006
A0A0G2GEG2_taxID_420778_model_A	A0A5M9J7X0_taxID_38448_model	0.5006
A0A8H4RXW4_taxID_354080_model_A	A0A9N8JDS5_taxID_2773715_model_A	0.5006
A0A5N5QPM2_taxID_1582974_model	A0A8H8P6Z0_taxID_456999_model	0.5004
B2VY53_taxID_426418_model	W6ZHH7_taxID_930090_model	0.5002
A0A0G2GEG2_taxID_420778_model_A	A0ABR3V8J2_taxID_85995_model	0.5002
A0A8H7B393_taxID_1187904_model_A	A0AAD6NB37_taxID_5083_model_A	0.5002
A0A2A6BT42_taxID_54126_model	W6NCB7_taxID_6289_model	0.5001
A0A3M6UM69_taxID_46731_model	A0AAU9WI44_taxID_46732_model	0.5000
A0A8J1XGG3_taxID_6347_model	A0ABD3VH26_taxID_1069815_model	0.5000
A0A9P7UD37_taxID_1209932_model	A0AAN5YXZ8_taxID_282268_model	0.4999
A0A179HCZ8_taxID_33203_model	A0A9N8JDS5_taxID_2773715_model_A	0.4997
A0A4U0XX60_taxID_329884_model	A0AAD5DEJ1_taxID_2649997_model	0.4997
A0A8S3RHI5_taxID_6550_model_A	A0AA88YDI9_taxID_66713_model	0.4997
A0A4P9X7U9_taxID_1555241_model	A0AAD5UAC9_taxID_447962_model	0.4996
A0A8H3DZ25_taxID_456999_model_A	A0ABQ8FRP3_taxID_1357716_model_A	0.4996
A0A238C4W2_taxID_387005_model	A0AAN4ZCE4_taxID_1317129_model	0.4996
A0A8S3RHI5_taxID_6550_model_A	A0A8S3SWK0_taxID_6550_model	0.4994
A0A238C4W2_taxID_387005_model	A0A2A6BT42_taxID_54126_model	0.4993
A0A0G4N7R0_taxID_100787_model	A0A5N6JRM5_taxID_61186_model	0.4993
A0A0V0S806_taxID_6336_model	A0A915I8K9_taxID_13658_model	0.4991
F9G554_taxID_660025_model	G1X3U2_taxID_756982_model_A	0.4989
A0A3M6T5K9_taxID_46731_model	A0A9N7UE72_taxID_8262_model	0.4988
A0A1I4VE96_taxID_44574_model_A	A0A814MII4_taxID_1234261_model_A	0.4988
A0A0G2GEG2_taxID_420778_model_A	B2VY53_taxID_426418_model	0.4988
A0A6G0X2P4_taxID_100861_model_A	W4H175_taxID_112090_model	0.4988
A0A0G2GEG2_taxID_420778_model_A	A0ABR2XFG3_taxID_138064_model_A	0.4987
A0A5N6JRM5_taxID_61186_model	A0A8H4RXW4_taxID_354080_model_A	0.4987
A0A2P6U1N3_taxID_3076_model_A	A0A9P7HHT8_taxID_40199_model	0.4987
A0A1I4RJF6_taxID_44574_model_A	A0A1I4T9J4_taxID_44574_model_A	0.4986
A0A8H7INQ5_taxID_456999_model	A0A8H8P6Z0_taxID_456999_model	0.4986
A0A8B6CNP6_taxID_29158_model	A0A8S3R6L7_taxID_6550_model_A	0.4985
A0A9P7UD37_taxID_1209932_model	A0ACC1PD21_taxID_42375_model	0.4985
A0A016T0A5_taxID_53326_model	A0AA36CWW9_taxID_96644_model	0.4984
A0A3M6T5K9_taxID_46731_model	A0ACC2HA47_taxID_75939_model	0.4984
A0A1I9G629_taxID_6279_model	A0ABD2I4S2_taxID_97005_model	0.4982
A0A4Q2V7C7_taxID_451672_model	A0ACC2IQ67_taxID_749465_model_A	0.4982
A0A5N6JRM5_taxID_61186_model	A0A8H6GM20_taxID_100902_model	0.4982
A0A418AQE9_taxID_157072_model	W4H234_taxID_112090_model	0.4982
A0A0S4LNR0_taxID_1742972_model_A	A0A6J4QLW3_taxID_349277_model_A	0.4981
A0A0D6M6M4_taxID_53326_model	A0A183CK25_taxID_36090_model	0.4981
A0A814MII4_taxID_1234261_model_A	A0A8E0V7V4_taxID_52442_model_A	0.4981
A0A0G4N7R0_taxID_100787_model	A0A7C8Q0E6_taxID_2813651_model	0.4981
A0A0F7RVY0_taxID_49012_model_A	E6ZRP4_taxID_999809_model_A	0.4981
A0A139HFA6_taxID_321146_model_A	A0ABR3V8J2_taxID_85995_model	0.4981
A0A6S7IY75_taxID_317549_model_A	A0ABN8LLM9_taxID_104178_model_A	0.4979
A0ABR2W902_taxID_34480_model	C9SDX6_taxID_526221_model	0.4978
A0A238C4W2_taxID_387005_model	A0AAF3EKL4_taxID_2138241_model	0.4976
A0A238C4W2_taxID_387005_model	A0ABD2I4S2_taxID_97005_model	0.4975
A0A8S3SWK0_taxID_6550_model	A0AA88YDI9_taxID_66713_model	0.4975
A0A183C149_taxID_36090_model	A0AC34QHI6_taxID_591449_model	0.4974
A0A0G2GEG2_taxID_420778_model_A	A0A8H6GM20_taxID_100902_model	0.4974
A0A8H6GM20_taxID_100902_model	A0A8H7E8W0_taxID_1187904_model	0.4974
A0A5M9J7X0_taxID_38448_model	A0A8H4RXW4_taxID_354080_model_A	0.4973
A0A1I7VBE5_taxID_7209_model	W6NCB7_taxID_6289_model	0.4971
A0A8H8P6Z0_taxID_456999_model	M5CEE4_taxID_1108050_model	0.4970
A0A067BRT6_taxID_695850_model	A0A067D814_taxID_695850_model	0.4970
A0A1W6SSH7_taxID_1288494_model_A	A0A814MII4_taxID_1234261_model_A	0.4970
A0ABQ9EAR7_taxID_220873_model	K1QAP4_taxID_29159_model	0.4970
A0A0G2GEG2_taxID_420778_model_A	A0A1F8A6I4_taxID_109264_model_A	0.4970
A0A8H7EGD0_taxID_1187904_model	A0ACC2IQ67_taxID_749465_model_A	0.4970
A0A4Q2V7C7_taxID_451672_model	A0A7C8Q0E6_taxID_2813651_model	0.4970
A0A1G6RZ21_taxID_1419277_model	A0A4Z0L9R6_taxID_2562683_model_A	0.4969
A0A5M9J7X0_taxID_38448_model	A0AAD4EYT8_taxID_669026_model_A	0.4969
A0A0F8A0A1_taxID_1043627_model	A0AB34FH03_taxID_1247861_model	0.4968
A0A0G2GEG2_taxID_420778_model_A	A0ACC2IQ67_taxID_749465_model_A	0.4966
A0A238C4W2_taxID_387005_model	A0A915N8X1_taxID_6303_model	0.4965
A0A7D9J5S3_taxID_317549_model	A0ABN8LP07_taxID_104178_model	0.4963
A0A210R253_taxID_6573_model	A0A8B6CNP6_taxID_29158_model	0.4963
A0A1Y1HT28_taxID_105231_model	A0A1Y2B8A2_taxID_329046_model	0.4963
A0A2G8L6J4_taxID_307972_model	A0ABM1B806_taxID_6850_model	0.4962
A0A5N5QPM2_taxID_1582974_model	A0A8H7LVB4_taxID_456999_model	0.4961
A0A3P7DNC2_taxID_6293_model	A0AAN4ZCE4_taxID_1317129_model	0.4961
A0A0F7RVY0_taxID_49012_model_A	A0A1K0HF59_taxID_307758_model_A	0.4961
A0A8H7EE27_taxID_1187904_model	N4XMY1_taxID_665024_model	0.4960
A0A139HFA6_taxID_321146_model_A	A0AAD4EYT8_taxID_669026_model_A	0.4960
A0A8B6G9L0_taxID_29158_model_A	A0AAN8JKH5_taxID_87958_model	0.4960
A0ABR2XFG3_taxID_138064_model_A	A0ABR3V8J2_taxID_85995_model	0.4958
A0A8B6CPY6_taxID_29158_model_A	A0A8S3R6L7_taxID_6550_model_A	0.4956
A0A8W8J4S3_taxID_29159_model	A0ABW7AQ69_taxID_3351344_model	0.4956
A0A6A5SIC2_taxID_706981_model	A0AA37L8J5_taxID_700344_model_A	0.4955
A0A2P5YJV4_taxID_3634_model_A	A0A388KHX6_taxID_69332_model	0.4954
A0A8K0WPV5_taxID_80388_model_A	A0A9N8JDS5_taxID_2773715_model_A	0.4954
A0AAQ3LZX8_taxID_150365_model	A0ABR0JJU7_taxID_1016849_model_A	0.4953
A0A0N4SWM8_taxID_6280_model	A0AAN4ZCE4_taxID_1317129_model	0.4953
A0A6J8ENF3_taxID_42192_model_A	A0A8B6G9L0_taxID_29158_model_A	0.4953
A0A163HZN4_taxID_5454_model_A	A0A7D5Z204_taxID_500148_model	0.4952
A0A2A6BT42_taxID_54126_model	A0A3P7DNC2_taxID_6293_model	0.4951
A0A8K0RUZ8_taxID_61284_model_A	A0A9P9JQC5_taxID_48865_model_A	0.4951
A0AAN4ZCE4_taxID_1317129_model	A0ABD2I4S2_taxID_97005_model	0.4950
A0A024TEL4_taxID_157072_model	W4H234_taxID_112090_model	0.4950
A0A1I7VBE5_taxID_7209_model	A0AC34QHI6_taxID_591449_model	0.4949
A0A1I9G629_taxID_6279_model	A0A915N8X1_taxID_6303_model	0.4949
A0A163HZN4_taxID_5454_model_A	A0ACC0V4A4_taxID_47278_model	0.4949
A0A139HFA6_taxID_321146_model_A	A0AA37L8J5_taxID_700344_model_A	0.4949
A0A6J8E972_taxID_42192_model	A0A8B6CPY6_taxID_29158_model_A	0.4949
A0A812WL81_taxID_1628268_model	A0A813K9V7_taxID_89957_model	0.4948
A0A8H7E8W0_taxID_1187904_model	A0ABR3V8J2_taxID_85995_model	0.4948
A0A8H8P6Z0_taxID_456999_model	A0AA39UQR7_taxID_153913_model_A	0.4948
A0A0A7CPE6_taxID_1202772_model	W4H175_taxID_112090_model	0.4947
A0A8H6GM20_taxID_100902_model	W6ZHH7_taxID_930090_model	0.4946
A0A5M9J7X0_taxID_38448_model	A0A6A5SIC2_taxID_706981_model	0.4946
A0AA35SFX9_taxID_519541_model	A0AA35WWP0_taxID_519541_model	0.4946
A0A210R253_taxID_6573_model	A0A8B6CPY6_taxID_29158_model_A	0.4946
A0A4U7KZ21_taxID_280036_model_A	E6ZRP4_taxID_999809_model_A	0.4945
A0A507EXS7_taxID_246404_model	F4NVT9_taxID_684364_model	0.4945
A0AA36CWW9_taxID_96644_model	A0AC34QHI6_taxID_591449_model	0.4944
A0A8H3D1S1_taxID_456999_model	A0A8H3H4T7_taxID_456999_model	0.4944
A0A4Q2V7C7_taxID_451672_model	A0AAD6NB37_taxID_5083_model_A	0.4943
A0A6J8AZI7_taxID_42192_model	A0A8B8ESA4_taxID_6565_model_A	0.4943
A0A8S3SWK0_taxID_6550_model	A0A915JY09_taxID_13658_model	0.4942
A0A6S7IY75_taxID_317549_model_A	A0ACC2TVV6_taxID_34485_model	0.4941
A0ACC2IQ67_taxID_749465_model_A	B2VY53_taxID_426418_model	0.4941
A0A5S6QIU3_taxID_70415_model	W6NCB7_taxID_6289_model	0.4941
A0A813FLF8_taxID_89957_model	A0ABR1FHI7_taxID_44056_model	0.4940
A0A8H7LLC6_taxID_456999_model_A	A0A8H8PB78_taxID_456999_model	0.4940
A0A6J8CL61_taxID_42192_model_A	A0A8B8ESA4_taxID_6565_model_A	0.4940
A0A4S4MP01_taxID_2447956_model	A0ACC0V4A4_taxID_47278_model	0.4939
A0A0F8A0A1_taxID_1043627_model	A0A8H5Z2U4_taxID_1567541_model	0.4939
A0A4P9X7U9_taxID_1555241_model	A0ACC3CB14_taxID_2788_model	0.4938
A0A2G7FTM7_taxID_656916_model_A	A0AA37L8J5_taxID_700344_model_A	0.4938
A0A2P6U1N3_taxID_3076_model_A	A0ACC0V4A4_taxID_47278_model	0.4938
A0A8H6GM20_taxID_100902_model	B2VY53_taxID_426418_model	0.4937
A0A250IQN3_taxID_1294270_model_A	A0A5P8W6J8_taxID_2653204_model	0.4937
A0A813K9V7_taxID_89957_model	A0ABP0KF76_taxID_1381693_model_A	0.4935
A0A8B6G957_taxID_29158_model_A	A0A8B8ESA4_taxID_6565_model_A	0.4935
A0A4Q2V7C7_taxID_451672_model	A0ABQ8FRP3_taxID_1357716_model_A	0.4935
A0A250IQN3_taxID_1294270_model_A	A0ABR9BSA8_taxID_2774143_model	0.4935
A0A9D4J8T5_taxID_45954_model	A0A9D4RA75_taxID_45954_model	0.4934
A0A6J8ENF3_taxID_42192_model_A	A0A8B8F0Y1_taxID_6565_model	0.4933
A0A4Q2V7C7_taxID_451672_model	A0A4R8T272_taxID_1347389_model	0.4933
A0A179HCZ8_taxID_33203_model	A0A6A5SIC2_taxID_706981_model	0.4932
A0A0A7CP65_taxID_1202772_model	A0A485L8F1_taxID_120398_model	0.4931
A0A127Z996_taxID_49012_model_A	R9PI15_taxID_1305764_model_A	0.4930
A0A024TEL4_taxID_157072_model	W4H175_taxID_112090_model	0.4930
A0A8B6GY87_taxID_29158_model_A	K1Q6D2_taxID_29159_model	0.4929
A0A0F4GBJ7_taxID_1047168_model	A0ABR0JJU7_taxID_1016849_model_A	0.4928
A0A0G2GEG2_taxID_420778_model_A	A0AAD4EYT8_taxID_669026_model_A	0.4928
A0A6S7IY75_taxID_317549_model_A	A0AAD9L024_taxID_27915_model	0.4928
A0A0G4N7R0_taxID_100787_model	A0A8H4YZH8_taxID_48485_model	0.4927
A0A2P6TX23_taxID_3076_model	A0A813K9V7_taxID_89957_model	0.4926
A0A6J8CIJ8_taxID_42192_model	A0A8S3RHI5_taxID_6550_model_A	0.4926
A0A9P9WMZ2_taxID_1658444_model_A	A0ABR0JJU7_taxID_1016849_model_A	0.4926
A0A6J8AZI7_taxID_42192_model	K1QAP4_taxID_29159_model	0.4926
A0A8H7INQ5_taxID_456999_model	M5CEE4_taxID_1108050_model	0.4925
A0A2S6BQA0_taxID_357750_model	A0A9N8JDS5_taxID_2773715_model_A	0.4925
A0A8H6GM20_taxID_100902_model	A0AA37L8J5_taxID_700344_model_A	0.4925
A0A0A1UJW0_taxID_1086054_model	A0A8H8P6Z0_taxID_456999_model	0.4924
A0A0N4SWM8_taxID_6280_model	A0A2A6BT42_taxID_54126_model	0.4924
A0AA37L8J5_taxID_700344_model_A	A0AAN5YGU4_taxID_293939_model	0.4924
A0AAF3EKL4_taxID_2138241_model	W6NCB7_taxID_6289_model	0.4924
A0A5N6JRM5_taxID_61186_model	A0ABR3UFL0_taxID_48095_model	0.4923
A0A0G4N7R0_taxID_100787_model	A0AA37GSS8_taxID_708192_model	0.4922
A0A317XLV9_taxID_1882483_model	A0AAJ4XRR1_taxID_63383_model_A	0.4921
A0A8B8ESA4_taxID_6565_model_A	A0A8S3R6L7_taxID_6550_model_A	0.4921
A0A177WTC8_taxID_403673_model	A0A4P9X7U9_taxID_1555241_model	0.4921
A0A8J1T8Q4_taxID_6347_model	A0ABD3VH26_taxID_1069815_model	0.4921
A0A6J4QLW3_taxID_349277_model_A	A0AAD5UAC9_taxID_447962_model	0.4921
A0A5P8W6J8_taxID_2653204_model	A0AAV2VYF3_taxID_1238450_model	0.4920
A0A4U7KZ21_taxID_280036_model_A	W3VU69_taxID_84754_model	0.4920
A0A4Q2D856_taxID_2316362_model	A0A4Q2V7C7_taxID_451672_model	0.4919
A0A8B6BMR6_taxID_29158_model_A	A0A8B8F0Y1_taxID_6565_model	0.4919
A0A2G8L6J4_taxID_307972_model	A0A8X6KWP2_taxID_2740835_model	0.4919
A0A915I8K9_taxID_13658_model	W6NCB7_taxID_6289_model	0.4919
A0A9D4J8T5_taxID_45954_model	A0ABY7EVT9_taxID_6604_model	0.4918
A0A8J1T8Q4_taxID_6347_model	A0AA36CWW9_taxID_96644_model	0.4918
A0AAU9WI44_taxID_46732_model	A0ABN8M8J6_taxID_104178_model	0.4918
A0A1I9G629_taxID_6279_model	W2TLA4_taxID_51031_model	0.4917
A0A1I7VBE5_taxID_7209_model	A0A1I9G629_taxID_6279_model	0.4916
A0A016T0A5_taxID_53326_model	A0AAN4ZCE4_taxID_1317129_model	0.4916
A0AAN8JKH5_taxID_87958_model	A0ABD3VH26_taxID_1069815_model	0.4916
A0A8H7H787_taxID_456999_model	A0A8H8P6Z0_taxID_456999_model	0.4916
B5RHR0_taxID_515355_model_A	P56826_taxID_6610_model	0.4915
A0A0N4SWM8_taxID_6280_model	A0ABD2I4S2_taxID_97005_model	0.4914
A0A1V6PRI1_taxID_416450_model	B2VY53_taxID_426418_model	0.4914
A0A1X7RRH8_taxID_1276538_model_A	A0A8H4QR39_taxID_354080_model_A	0.4913
A0ABW7AQ69_taxID_3351344_model	K0B2W2_taxID_1229908_model_A	0.4913
A0A1V9YBP5_taxID_1202772_model	W4H175_taxID_112090_model	0.4911
A0A0F7RVY0_taxID_49012_model_A	A0A317XLV9_taxID_1882483_model	0.4910
A0AA39HID6_taxID_289476_model	W6NCB7_taxID_6289_model	0.4910
A0A0G2GEG2_taxID_420778_model_A	A0A8H7EGD0_taxID_1187904_model	0.4910
A0A067BRT6_taxID_695850_model	A0A397DXJ3_taxID_112090_model	0.4910
A0A0V1G4S3_taxID_6337_model	A0A914W9Q0_taxID_2011161_model	0.4909
A0A317XLV9_taxID_1882483_model	I2FTP4_taxID_120017_model_A	0.4908
A0A238C4W2_taxID_387005_model	A0AA36DH95_taxID_96644_model_A	0.4908
A0A507FDN0_taxID_246404_model	A0A9P9WMZ2_taxID_1658444_model_A	0.4907
A0A6J8DAY9_taxID_42192_model	A0A8J1XGG3_taxID_6347_model	0.4907
A0A5M9J7X0_taxID_38448_model	A0A8H7EGD0_taxID_1187904_model	0.4906
A0A0V1KR57_taxID_6335_model	A0A915I8K9_taxID_13658_model	0.4906
A0A3R7WQH8_taxID_112090_model	W4H175_taxID_112090_model	0.4905
A0A915PAR4_taxID_298350_model_A	W6NCB7_taxID_6289_model	0.4904
A0A418AQE9_taxID_157072_model	W4H175_taxID_112090_model	0.4904
A0A0A7CPE6_taxID_1202772_model	W4H234_taxID_112090_model	0.4904
A0A6J8DAY9_taxID_42192_model	A0A8B8F0Y1_taxID_6565_model	0.4903
A0A6J8DAY9_taxID_42192_model	A0A8B6CNP6_taxID_29158_model	0.4903
A0A2P6U1N3_taxID_3076_model_A	F9G554_taxID_660025_model	0.4903
A0A0V1BIN6_taxID_6334_model	W6NCB7_taxID_6289_model	0.4903
A0A077R9S7_taxID_1398559_model_A	I2FTP4_taxID_120017_model_A	0.4903
A0ABR3UFL0_taxID_48095_model	S3CMF3_taxID_1116229_model	0.4903
A0A7S2JTA5_taxID_1333877_model	A0ABP0KF76_taxID_1381693_model_A	0.4902
A0A210R253_taxID_6573_model	A0A8S3V8L1_taxID_6550_model	0.4902
A0A8B8ESA4_taxID_6565_model_A	A0A8S3V8L1_taxID_6550_model	0.4902
A0A162K920_taxID_1081108_model	A0A166CKA0_taxID_1314776_model	0.4902
A0A0L8IDI7_taxID_37653_model	A0AAV4IQ38_taxID_1093978_model	0.4902
A0A8B8ESA4_taxID_6565_model_A	A0ABY7EX19_taxID_6604_model	0.4902
A0A396RNU1_taxID_2305907_model	A0A7S7SGR7_taxID_1473598_model	0.4901
A0A8B6CPY6_taxID_29158_model_A	A0A8B6G9L0_taxID_29158_model_A	0.4901
A0A5N5QPM2_taxID_1582974_model	A0A8H7H787_taxID_456999_model	0.4899
A0A3R6VRZ5_taxID_157072_model	W4H175_taxID_112090_model	0.4899
A0A0V1DE70_taxID_45882_model	A0A914W9Q0_taxID_2011161_model	0.4898
A0A210R253_taxID_6573_model	A0A8S3R6L7_taxID_6550_model_A	0.4897
A0A0V0TGR2_taxID_144512_model	W6NCB7_taxID_6289_model	0.4897
A0A0R3RX42_taxID_1147741_model_A	A0A4E9FIB1_taxID_6279_model	0.4897
A0A9P9WMZ2_taxID_1658444_model_A	A0AAD4FBU9_taxID_669026_model_A	0.4897
A0A183TFI9_taxID_70667_model	A0ACC2HA47_taxID_75939_model	0.4897
A0A0V1KD92_taxID_6337_model	A0AAF3FHG4_taxID_2138241_model_A	0.4896
A0A8H3BPP3_taxID_456999_model	A0A8H7LLC6_taxID_456999_model_A	0.4896
A0A8H5L9I1_taxID_48495_model_A	A0A8H5UJH2_taxID_48507_model_A	0.4895
A0A5M9J7X0_taxID_38448_model	A0ABR3UFL0_taxID_48095_model	0.4895
A0A8H4QR39_taxID_354080_model_A	A0AAQ3LZX8_taxID_150365_model	0.4894
A0A4R8T272_taxID_1347389_model	A0AAD4EYT8_taxID_669026_model_A	0.4894
A0A8S3RHI5_taxID_6550_model_A	A0A915JY09_taxID_13658_model	0.4894
A0A8S2MFL9_taxID_1234261_model	A0AAV9ILT6_taxID_3028027_model	0.4894
A0A0G4N7R0_taxID_100787_model	A0AAD6NB37_taxID_5083_model_A	0.4894
A0AAN5YXZ8_taxID_282268_model	A0ACC1PD21_taxID_42375_model	0.4894
A0A024TEL4_taxID_157072_model	A0A067D814_taxID_695850_model	0.4893
A0A1W6SSH7_taxID_1288494_model_A	A0A3B0YDV7_taxID_652676_model_A	0.4893
A0AAN4ZCE4_taxID_1317129_model	W6NCB7_taxID_6289_model	0.4893
A0A183I077_taxID_387005_model	A0AAN4ZCE4_taxID_1317129_model	0.4892
A0A3P7DNC2_taxID_6293_model	A0AAF3EKL4_taxID_2138241_model	0.4892
A0A250IQN3_taxID_1294270_model_A	A0AAV2VYF3_taxID_1238450_model	0.4891
A0A067D814_taxID_695850_model	A0A3R6VRZ5_taxID_157072_model	0.4891
A0A388KHX6_taxID_69332_model	A0A5J5BCR2_taxID_561372_model_A	0.4891
A0A9P7HHT8_taxID_40199_model	L7JPW8_taxID_1143193_model	0.4891
A0AAE0W2I3_taxID_2493646_model	K1Q6D2_taxID_29159_model	0.4891
A0A183C149_taxID_36090_model	A0A1I9G629_taxID_6279_model	0.4890
A0A0V1I3Y0_taxID_268475_model	A0A914W9Q0_taxID_2011161_model	0.4890
A0A3P7DNC2_taxID_6293_model	A0ABD2I4S2_taxID_97005_model	0.4889
A0A8H6GM20_taxID_100902_model	A0ABR3V8J2_taxID_85995_model	0.4889
A0A163HZN4_taxID_5454_model_A	A0ABQ0CQG4_taxID_79588_model_A	0.4888
A0A8B6BKM4_taxID_29158_model_A	A0ABD3VH26_taxID_1069815_model	0.4887
A0A2H1GBQ4_taxID_1276532_model_A	A0ABR0JJU7_taxID_1016849_model_A	0.4886
A0A0V1BIN6_taxID_6334_model	A0A915I8K9_taxID_13658_model	0.4886
A0A0V0YE73_taxID_6337_model	W6NCB7_taxID_6289_model	0.4886
A0A0N0DC34_taxID_179993_model	A0A9P7UD37_taxID_1209932_model	0.4886
A0A8H5UJH2_taxID_48507_model_A	A0AAD6NB37_taxID_5083_model_A	0.4886
A0A915JY09_taxID_13658_model	A0AA36CWW9_taxID_96644_model	0.4885
A0A7D5Z204_taxID_500148_model	G1X3U2_taxID_756982_model_A	0.4885
A0A364MXI7_taxID_183478_model	A0A4Q2V7C7_taxID_451672_model	0.4884
A0A364MXI7_taxID_183478_model	A0A8H6GM20_taxID_100902_model	0.4884
A0A0V0TGR2_taxID_144512_model	A0A915I8K9_taxID_13658_model	0.4881
A0A7S2W132_taxID_1034831_model	A0AAD7XMM2_taxID_2483200_model	0.4880
A0A8B8F0Y1_taxID_6565_model	A0A8S3R6L7_taxID_6550_model_A	0.4880
A0A9W8TQN1_taxID_114810_model	A0ACC3CB14_taxID_2788_model	0.4880
A0A9P8ZYD0_taxID_152316_model	A0AAE8STA2_taxID_2041049_model	0.4880
A0A179HCZ8_taxID_33203_model	A0AAD6NB37_taxID_5083_model_A	0.4879
A0A0V1DE70_taxID_45882_model	A0AAN4ZCE4_taxID_1317129_model	0.4879
A0A365MYK5_taxID_948311_model_A	A0A4U0XX60_taxID_329884_model	0.4879
A0AAE3YLB9_taxID_137266_model_A	A0ABR6YEY6_taxID_2762297_model_A	0.4879
A0A016T0A5_taxID_53326_model	A0A183I077_taxID_387005_model	0.4878
A0A0F8A0A1_taxID_1043627_model	A0AAD5DEJ1_taxID_2649997_model	0.4878
A0A2S6BQA0_taxID_357750_model	A0A5N6JRM5_taxID_61186_model	0.4878
A0A0F8A0A1_taxID_1043627_model	A0A163HZN4_taxID_5454_model_A	0.4878
A0A183C149_taxID_36090_model	A0AA36DH95_taxID_96644_model_A	0.4877
A0A210R253_taxID_6573_model	A0ABY7EX19_taxID_6604_model	0.4877
A0A0V1JHS7_taxID_6337_model	A0AAF3EKL4_taxID_2138241_model	0.4876
A0A085M8H3_taxID_68888_model	W6NCB7_taxID_6289_model	0.4875
A0ABR3V8J2_taxID_85995_model	S3CMF3_taxID_1116229_model	0.4875
A0A0V1I3Y0_taxID_268475_model	A0AAF3EKL4_taxID_2138241_model	0.4875
A0A0P7APX3_taxID_78410_model	A0A2P6U1N3_taxID_3076_model_A	0.4875
A0A6J8DAY9_taxID_42192_model	A0A8B6BKM4_taxID_29158_model_A	0.4874
A0A7C8Q0E6_taxID_2813651_model	A0AAD4EYT8_taxID_669026_model_A	0.4874
A0A2N3MXV9_taxID_41688_model_A	A0AA37L8J5_taxID_700344_model_A	0.4872
A0A0G2GEG2_taxID_420778_model_A	A0AAN5YGU4_taxID_293939_model	0.4872
A0A8H4QR39_taxID_354080_model_A	F0XF66_taxID_655863_model	0.4871
A0A6S7IY75_taxID_317549_model_A	A0AAD9QB69_taxID_6130_model	0.4871
A0A2C5YKI6_taxID_2004952_model	A0ACC1PD21_taxID_42375_model	0.4871
A0A8X6KWP2_taxID_2740835_model	A0AAD9L024_taxID_27915_model	0.4870
A0A7S0FYS9_taxID_73915_model	A0ABN8N4G6_taxID_104759_model_A	0.4870
A0A4P9X7U9_taxID_1555241_model	A0AAD5SCX3_taxID_64517_model	0.4870
A0A084G098_taxID_563466_model	A0A0G4N7R0_taxID_100787_model	0.4870
A0A067D814_taxID_695850_model	K3X5C6_taxID_431595_model	0.4869
A0A812WL81_taxID_1628268_model	A0ABP0KF76_taxID_1381693_model_A	0.4868
A0A077ZGT3_taxID_36087_model	A0A914W9Q0_taxID_2011161_model	0.4868
A0AAV4IQ38_taxID_1093978_model	A0ABM1B806_taxID_6850_model	0.4868
A0A0V1DE70_taxID_45882_model	A0AAF3EKL4_taxID_2138241_model	0.4868
A0A0G2GEG2_taxID_420778_model_A	A0ABR3UFL0_taxID_48095_model	0.4868
A0A6J8CIJ8_taxID_42192_model	A0AAE0W2I3_taxID_2493646_model	0.4868
A0ABR3V8J2_taxID_85995_model	B2VY53_taxID_426418_model	0.4868
A0A4Q2V7C7_taxID_451672_model	A0A8K0WPV5_taxID_80388_model_A	0.4867
A0A2N3MXV9_taxID_41688_model_A	A0A9N8JDS5_taxID_2773715_model_A	0.4867
A0A084G098_taxID_563466_model	A0AAD4FBU9_taxID_669026_model_A	0.4867
A0A0F4GBJ7_taxID_1047168_model	A0AAQ3LZX8_taxID_150365_model	0.4866
A0A016T0A5_taxID_53326_model	A0A3P7DNC2_taxID_6293_model	0.4866
A0A6A5SIC2_taxID_706981_model	A0A8H7E8W0_taxID_1187904_model	0.4865
A0A0G2GEG2_taxID_420778_model_A	S3CMF3_taxID_1116229_model	0.4864
A0A016T0A5_taxID_53326_model	A0AAF3EKL4_taxID_2138241_model	0.4864
A0A7Y6A0K8_taxID_144055_model	A0ABU8FF18_taxID_3127667_model	0.4864
A0A365MYK5_taxID_948311_model_A	G1X3U2_taxID_756982_model_A	0.4864
A0ABY7EVT9_taxID_6604_model	K1QAP4_taxID_29159_model	0.4863
A0A4Q2D856_taxID_2316362_model	A0AAD6NB37_taxID_5083_model_A	0.4863
A0A8J1TDZ8_taxID_6347_model	A0AAJ8BCI9_taxID_8187_model	0.4863
A0A8W8J4S3_taxID_29159_model	A0A8X6KWP2_taxID_2740835_model	0.4863
A0A1F8A6I4_taxID_109264_model_A	A0ABR3V8J2_taxID_85995_model	0.4863
A0A8S3SWK0_taxID_6550_model	A0AAD5UAC9_taxID_447962_model	0.4862
A0A364MXI7_taxID_183478_model	A0A8H4YZH8_taxID_48485_model	0.4861
A0A066RUA7_taxID_1654360_model	A0A5P8W6J8_taxID_2653204_model	0.4861
A0A067D814_taxID_695850_model	A0A418AQE9_taxID_157072_model	0.4861
A0ABY7ESX1_taxID_6604_model	K1QAP4_taxID_29159_model	0.4861
A0A5P8W6J8_taxID_2653204_model	A0ABR9BSA8_taxID_2774143_model	0.4861
A0A183C149_taxID_36090_model	A0A238C4W2_taxID_387005_model	0.4861
A0A8B6G957_taxID_29158_model_A	A0ABY7EX19_taxID_6604_model	0.4860
A0A0N4SWM8_taxID_6280_model	A0AA36CWW9_taxID_96644_model	0.4860
A0A8H4RXW4_taxID_354080_model_A	A0ABR2XFG3_taxID_138064_model_A	0.4860
A0A2S6BQA0_taxID_357750_model	A0ABR2XFG3_taxID_138064_model_A	0.4860
A0A139HFA6_taxID_321146_model_A	A0A8H4YZH8_taxID_48485_model	0.4859
A0A9N8JDS5_taxID_2773715_model_A	A0A9P3CF74_taxID_84275_model	0.4859
A0A8J1TDZ8_taxID_6347_model	A0AAV4IQ38_taxID_1093978_model	0.4857
A0A8B6CNP6_taxID_29158_model	A0A8B8F0Y1_taxID_6565_model	0.4856
A0A5Q4BMU6_taxID_2078593_model	A0AAN5YXZ8_taxID_282268_model	0.4856
A0A0G2GEG2_taxID_420778_model_A	A0A139HFA6_taxID_321146_model_A	0.4855
A0A5M9J7X0_taxID_38448_model	S3CMF3_taxID_1116229_model	0.4855
A0A0V1G4S3_taxID_6337_model	A0AAF3FHG4_taxID_2138241_model_A	0.4854
A0A8H4YZH8_taxID_48485_model	A0ACC2IQ67_taxID_749465_model_A	0.4854
A0ABQ0CQG4_taxID_79588_model_A	A0ACC0V4A4_taxID_47278_model	0.4854
A0ABR3V8J2_taxID_85995_model	A0ACC1NLV5_taxID_42375_model	0.4854
E6ZRP4_taxID_999809_model_A	W3VU69_taxID_84754_model	0.4854
A0ABQ9EAR7_taxID_220873_model	A0ABY7ESX1_taxID_6604_model	0.4853
A0A066RUA7_taxID_1654360_model	A0A250IQN3_taxID_1294270_model_A	0.4852
A0A2A6BT42_taxID_54126_model	A0A914E549_taxID_290746_model	0.4852
A0A1V6PRI1_taxID_416450_model	A0A9N8JDS5_taxID_2773715_model_A	0.4851
A0A6J8AZI7_taxID_42192_model	A0A6J8ENF3_taxID_42192_model_A	0.4851
A0A8S3SWK0_taxID_6550_model	A0ACC2TVV6_taxID_34485_model	0.4850
A0A397DXJ3_taxID_112090_model	W4H175_taxID_112090_model	0.4850
A0A6A5SIC2_taxID_706981_model	A0AAN4PPE5_taxID_293939_model	0.4849
A0A0L8IDI7_taxID_37653_model	A0A2G8L6J4_taxID_307972_model	0.4849
A0A137P4M5_taxID_796925_model	A0ABR4N804_taxID_2732419_model	0.4848
A0A5M9J7X0_taxID_38448_model	A0ABR3V8J2_taxID_85995_model	0.4848
A0A8S3R6L7_taxID_6550_model_A	A0ABY7EX19_taxID_6604_model	0.4847
A0A1V9YBP5_taxID_1202772_model	W4H234_taxID_112090_model	0.4845
A0A8H4YZH8_taxID_48485_model	A0A9P3CF74_taxID_84275_model	0.4845
A0A6G0X2P4_taxID_100861_model_A	T0PNV2_taxID_1156394_model	0.4844
A0A4S4MP01_taxID_2447956_model	L7JPW8_taxID_1143193_model	0.4844
A0A8H7E8W0_taxID_1187904_model	B2VY53_taxID_426418_model	0.4844
A0ABY7EX19_taxID_6604_model	K1Q6D2_taxID_29159_model	0.4844
A0A9N8JDS5_taxID_2773715_model_A	A0ABR3UFL0_taxID_48095_model	0.4843
A0A3M6UM69_taxID_46731_model	A0ABN8M8J6_taxID_104178_model	0.4842
A0AA42B8L4_taxID_1215918_model	A0AAV2VYF3_taxID_1238450_model	0.4841
A0A4Q2V7C7_taxID_451672_model	A0ABR3UFL0_taxID_48095_model	0.4841
A0A1V6PRI1_taxID_416450_model	A0A8H7EGD0_taxID_1187904_model	0.4841
A0ACC0V4A4_taxID_47278_model	G1X3U2_taxID_756982_model_A	0.4841
A0A9P3CF74_taxID_84275_model	A0AAD4EYT8_taxID_669026_model_A	0.4841
A0A1I9G629_taxID_6279_model	A0A2A6BT42_taxID_54126_model	0.4840
A0A0N0DC34_taxID_179993_model	A0A2C5YKI6_taxID_2004952_model	0.4840
A0A3B0YDV7_taxID_652676_model_A	Q2Y722_taxID_323848_model_A	0.4840
A0A914E549_taxID_290746_model	A0ABD2I4S2_taxID_97005_model	0.4839
A0A4Q2D856_taxID_2316362_model	A0A8H4QR39_taxID_354080_model_A	0.4838
A0A179HCZ8_taxID_33203_model	A0A7C8Q0E6_taxID_2813651_model	0.4838
A0A364MXI7_taxID_183478_model	A0A5M9J7X0_taxID_38448_model	0.4837
A0A4S4MP01_taxID_2447956_model	A0AAD5DEJ1_taxID_2649997_model	0.4836
A0AA36DH95_taxID_96644_model_A	A0AA39HID6_taxID_289476_model	0.4836
A0A8B6GYH0_taxID_29158_model_A	A0ABD3VH26_taxID_1069815_model	0.4835
A0A914E549_taxID_290746_model	A0A915N8X1_taxID_6303_model	0.4835
A0A6J8AZI7_taxID_42192_model	A0A6J8DAY9_taxID_42192_model	0.4835
A0A0V1ESS6_taxID_6337_model	A0A914W9Q0_taxID_2011161_model	0.4835
A0A6J8AZI7_taxID_42192_model	A0A8S3R6L7_taxID_6550_model_A	0.4834
A0A0N4SWM8_taxID_6280_model	A0A915N8X1_taxID_6303_model	0.4834
A0ABR1FIC3_taxID_44056_model	A0ABR1FQU3_taxID_44056_model	0.4833
A0A3M6UM69_taxID_46731_model	A0ABN8SN36_taxID_104178_model	0.4832
A0ABR4KUJ7_taxID_1810923_model	F9G554_taxID_660025_model	0.4832
A0A6J8AZI7_taxID_42192_model	A0A8J1T8Q4_taxID_6347_model	0.4832
A0A2T5IGT7_taxID_1231_model_A	A0A3B0YDV7_taxID_652676_model_A	0.4832
A0A0V1JHS7_taxID_6337_model	A0AAN4ZCE4_taxID_1317129_model	0.4831
A0A8B6CNP6_taxID_29158_model	A0A8J1T8Q4_taxID_6347_model	0.4831
A0A016T0A5_taxID_53326_model	A0AA36DH95_taxID_96644_model_A	0.4831
A0A0V1I3Y0_taxID_268475_model	A0AAN4ZCE4_taxID_1317129_model	0.4831
A0A9N8JDS5_taxID_2773715_model_A	A0AAN5YGU4_taxID_293939_model	0.4830
A0A8B6BMR6_taxID_29158_model_A	A0ABD3VH26_taxID_1069815_model	0.4828
A0A6J8AZI7_taxID_42192_model	W6NCB7_taxID_6289_model	0.4828
A0A364MXI7_taxID_183478_model	A0A6A5SIC2_taxID_706981_model	0.4827
A0A5N6JRM5_taxID_61186_model	A0A8K0WPV5_taxID_80388_model_A	0.4827
A0A0P7APX3_taxID_78410_model	G1X3U2_taxID_756982_model_A	0.4827
A0A2P6TX23_taxID_3076_model	A0A812WL81_taxID_1628268_model	0.4826
A0A8H5UJH2_taxID_48507_model_A	A0A8H7B393_taxID_1187904_model_A	0.4826
A0A6J8CL61_taxID_42192_model_A	A0ABD3VH26_taxID_1069815_model	0.4826
A0A8B6G9L0_taxID_29158_model_A	A0A8S3THT1_taxID_6550_model	0.4825
A0AA36CWW9_taxID_96644_model	A0ABD3VH26_taxID_1069815_model	0.4825
A0A485L8F1_taxID_120398_model	T0PU14_taxID_1156394_model	0.4825
A0ABR2XFG3_taxID_138064_model_A	A0ABR3UFL0_taxID_48095_model	0.4825
A0A8H3DZ25_taxID_456999_model_A	A0A8H8PB78_taxID_456999_model	0.4825
A0ACC2IQ67_taxID_749465_model_A	W6ZHH7_taxID_930090_model	0.4824
A0A183I077_taxID_387005_model	A0A2A6BT42_taxID_54126_model	0.4822
A0A0V0S806_taxID_6336_model	W6NCB7_taxID_6289_model	0.4822
A0A5C3EP17_taxID_86804_model_A	E6ZRP4_taxID_999809_model_A	0.4821
A0A139HFA6_taxID_321146_model_A	A0A5N6JRM5_taxID_61186_model	0.4821
A0A0N4SWM8_taxID_6280_model	A0AAF3EKL4_taxID_2138241_model	0.4821
A0A0F8A0A1_taxID_1043627_model	A0A4S4MP01_taxID_2447956_model	0.4821
A0A0V1DE70_taxID_45882_model	A0A915PAR4_taxID_298350_model_A	0.4820
A0ABY7EX19_taxID_6604_model	W6NCB7_taxID_6289_model	0.4820
A0A5S6QIU3_taxID_70415_model	A0A915KKL6_taxID_13658_model	0.4820
A0A0V1JHS7_taxID_6337_model	A0A915PAR4_taxID_298350_model_A	0.4819
A0A6P8I583_taxID_6105_model	A0ABN8N4G6_taxID_104759_model_A	0.4819
A0A179HCZ8_taxID_33203_model	A0ABR2XFG3_taxID_138064_model_A	0.4818
A0A8B6CNP6_taxID_29158_model	A0ABY7EX19_taxID_6604_model	0.4818
A0A1V9YBP5_taxID_1202772_model	A0A3R7WQH8_taxID_112090_model	0.4817
A0A914E549_taxID_290746_model	A0AA39HID6_taxID_289476_model	0.4817
A0A0V1KD92_taxID_6337_model	A0A914W9Q0_taxID_2011161_model	0.4817
A0AA88YDI9_taxID_66713_model	A0ABD3VH26_taxID_1069815_model	0.4817
A0A8K0WPV5_taxID_80388_model_A	A0AAD4EYT8_taxID_669026_model_A	0.4816
A0A183I077_taxID_387005_model	A0A1I9G629_taxID_6279_model	0.4815
A0A1I7VBE5_taxID_7209_model	A0A915N8X1_taxID_6303_model	0.4815
A0A8B8F0Y1_taxID_6565_model	A0A8S3V8L1_taxID_6550_model	0.4815
A0AAN5YGU4_taxID_293939_model	A0ACC2IQ67_taxID_749465_model_A	0.4815
A0A0N0DC34_taxID_179993_model	A0A5Q4BMU6_taxID_2078593_model	0.4815
A0A9P3CF74_taxID_84275_model	A0ABR2XFG3_taxID_138064_model_A	0.4815
A0A3S0ZXU8_taxID_188477_model	K1Q6D2_taxID_29159_model	0.4815
A0A0L8ICD6_taxID_37653_model	A0A2G8L6J4_taxID_307972_model	0.4814
A0A127Z996_taxID_49012_model_A	E6ZRP4_taxID_999809_model_A	0.4814
A0ABR1FIC3_taxID_44056_model	A0ABR1GFH3_taxID_44056_model	0.4814
A0A183I077_taxID_387005_model	A0ABD2I4S2_taxID_97005_model	0.4813
A0A3S0ZXU8_taxID_188477_model	A0A8B6GY87_taxID_29158_model_A	0.4813
A0A915I8K9_taxID_13658_model	A0AAF3FHG4_taxID_2138241_model_A	0.4813
A0A1I9G629_taxID_6279_model	A0AA36CWW9_taxID_96644_model	0.4813
A0A1F8A6I4_taxID_109264_model_A	A0ACC2IQ67_taxID_749465_model_A	0.4813
A0A914C4K9_taxID_290746_model	A0AAN4ZCE4_taxID_1317129_model	0.4813
A0A179HCZ8_taxID_33203_model	B2VY53_taxID_426418_model	0.4812
A0A3P7DNC2_taxID_6293_model	A0AA36CWW9_taxID_96644_model	0.4812
A0AAD6NB37_taxID_5083_model_A	A0ABR1WCT8_taxID_335842_model	0.4812
A0A8S3SWK0_taxID_6550_model	A0ABD3VH26_taxID_1069815_model	0.4812
A0A179HCZ8_taxID_33203_model	A0A5N6JRM5_taxID_61186_model	0.4811
A0A0L8IDI7_taxID_37653_model	A0ABM1B806_taxID_6850_model	0.4811
A0A8J1T8Q4_taxID_6347_model	A0A8S3SWK0_taxID_6550_model	0.4811
A0A1I4VE96_taxID_44574_model_A	A0A3B0YDV7_taxID_652676_model_A	0.4811
A0A8J1T8Q4_taxID_6347_model	A0A8S3RHI5_taxID_6550_model_A	0.4810
A0A0V1I3Y0_taxID_268475_model	A0A915PAR4_taxID_298350_model_A	0.4810
A0AAD4EYT8_taxID_669026_model_A	A0ACC2IQ67_taxID_749465_model_A	0.4809
A0A364MXI7_taxID_183478_model	A0A5N6JRM5_taxID_61186_model	0.4808
A0A066RUA7_taxID_1654360_model	A0AAN5XIX5_taxID_1396_model_A	0.4808
A0A914C4K9_taxID_290746_model	A0AAF3EKL4_taxID_2138241_model	0.4808
A0A1I7VBE5_taxID_7209_model	A0ABW7AQ69_taxID_3351344_model	0.4807
A0A1I9G629_taxID_6279_model	A0AAF5PZK9_taxID_6293_model	0.4807
A0A6B2KZX3_taxID_1963864_model	A0A8H3DZ25_taxID_456999_model_A	0.4807
A0A915N8X1_taxID_6303_model	W2TLA4_taxID_51031_model	0.4805
A0ABN8N3E0_taxID_104178_model	A0ABN8RHG1_taxID_104759_model	0.4805
A0AA39UQR7_taxID_153913_model_A	A0ABQ8FRP3_taxID_1357716_model_A	0.4804
A0A4S4MP01_taxID_2447956_model	A0ABR4K145_taxID_176178_model	0.4804
A0A8H5UJH2_taxID_48507_model_A	A0ABR2XFG3_taxID_138064_model_A	0.4804
A0A085M8H3_taxID_68888_model	A0A914W9Q0_taxID_2011161_model	0.4803
A0A8B6GY87_taxID_29158_model_A	A0ABY7ESX1_taxID_6604_model	0.4803
A0A6A5SIC2_taxID_706981_model	A0AAD6NB37_taxID_5083_model_A	0.4803
A0A2C5YKI6_taxID_2004952_model	A0AAN5YXZ8_taxID_282268_model	0.4803
A0A0G4N7R0_taxID_100787_model	A0ABN8SN36_taxID_104178_model	0.4802
A0A8H3D1S1_taxID_456999_model	A0A8H7LLC6_taxID_456999_model_A	0.4802
A0A1V6PRI1_taxID_416450_model	A0AAD6NB37_taxID_5083_model_A	0.4802
A0A2P6U1N3_taxID_3076_model_A	A0A8H5Z2U4_taxID_1567541_model	0.4801
A0A915PAR4_taxID_298350_model_A	A0AAF3FHG4_taxID_2138241_model_A	0.4800
A0A084G098_taxID_563466_model	A0AAE8SXX8_taxID_2041049_model_A	0.4800
A0AAD5UGL0_taxID_261099_model	A0ABR4NFV2_taxID_2732419_model_A	0.4800
A0A8J1T8Q4_taxID_6347_model	K1Q6D2_taxID_29159_model	0.4800
A0A1G5SEQ3_taxID_51642_model_A	A0A3B0YDV7_taxID_652676_model_A	0.4800
A0A0L8ICD6_taxID_37653_model	A0ABM1B806_taxID_6850_model	0.4799
A0A2N8UKW6_taxID_72559_model_A	A0A4U7KZ21_taxID_280036_model_A	0.4799
A0AA39HID6_taxID_289476_model	A0AAF3EKL4_taxID_2138241_model	0.4798
A0A1G6RZ21_taxID_1419277_model	A0A3B1A6T7_taxID_652676_model_A	0.4798
A0A0R3RX42_taxID_1147741_model_A	A0AAN4ZCE4_taxID_1317129_model	0.4798
A0A8H7EE27_taxID_1187904_model	R0ISP9_taxID_671987_model	0.4797
A0A016T0A5_taxID_53326_model	A0A915N8X1_taxID_6303_model	0.4797
A0A8H3BPP3_taxID_456999_model	A0A8H8PB78_taxID_456999_model	0.4797
A0A085M8H3_taxID_68888_model	A0AAF3FHG4_taxID_2138241_model_A	0.4796
A0A6J8CIJ8_taxID_42192_model	A0AA88YDI9_taxID_66713_model	0.4796
A0A3P7DNC2_taxID_6293_model	A0A915N8X1_taxID_6303_model	0.4795
A0A364MXI7_taxID_183478_model	A0ACC2IQ67_taxID_749465_model_A	0.4794
A0A5J5BCR2_taxID_561372_model_A	A0A5J9TU90_taxID_38414_model	0.4794
A0A0P7APX3_taxID_78410_model	A0ABR4KUJ7_taxID_1810923_model	0.4794
A0A0V1JHS7_taxID_6337_model	A0AA36CWW9_taxID_96644_model	0.4793
B2VY53_taxID_426418_model	N4XMY1_taxID_665024_model	0.4793
A0AA88AFA7_taxID_3494_model_A	A0AAD2E0S8_taxID_56036_model	0.4793
A0A0N0DC34_taxID_179993_model	A0ACC1PD21_taxID_42375_model	0.4793
A0A183C149_taxID_36090_model	A0A914E549_taxID_290746_model	0.4793
A0A074RXE5_taxID_1423351_model_A	A0A8H8P6Z0_taxID_456999_model	0.4792
A0A364L5W2_taxID_1196081_model	A0AAN5YGU4_taxID_293939_model	0.4792
A0A8S3RHI5_taxID_6550_model_A	A0ABY7EVT9_taxID_6604_model	0.4791
A0A5N5QPM2_taxID_1582974_model	A0A8H2WDY0_taxID_456999_model	0.4791
A0A9N8WZP9_taxID_5518_model	A0AAE8STA2_taxID_2041049_model	0.4791
A0A238C4W2_taxID_387005_model	A0AA36CWW9_taxID_96644_model	0.4791
A0AA36CWW9_taxID_96644_model	K1Q6D2_taxID_29159_model	0.4791
A0A8H4RXW4_taxID_354080_model_A	A0A8H7E8W0_taxID_1187904_model	0.4791
A0A2T7PF37_taxID_400727_model	P56826_taxID_6610_model	0.4791
A0A3S0ZXU8_taxID_188477_model	A0A8J1T8Q4_taxID_6347_model	0.4791
A0A1X7RRH8_taxID_1276538_model_A	A0A2H1GBQ4_taxID_1276532_model_A	0.4790
A0A9W8B9V6_taxID_2761393_model_A	A0AAD5T9G3_taxID_109957_model	0.4790
A0ACC2IQ67_taxID_749465_model_A	S3CMF3_taxID_1116229_model	0.4790
A0A1V9YE51_taxID_74557_model	T0PU14_taxID_1156394_model	0.4790
A0AAE8STA2_taxID_2041049_model	K3V6C2_taxID_1028729_model	0.4790
A0A1V9YBP5_taxID_1202772_model	A0A485L8F1_taxID_120398_model	0.4788
A0ABR4KUJ7_taxID_1810923_model	A0ACC0V4A4_taxID_47278_model	0.4788
A0A8H6XYA6_taxID_2733690_model	A0ABR2XFG3_taxID_138064_model_A	0.4788
A0A8H3D1S1_taxID_456999_model	A0A8H8PB78_taxID_456999_model	0.4788
A0A7C8MQB2_taxID_323545_model	A0AAQ3LZX8_taxID_150365_model	0.4787
A0A8B6BMR6_taxID_29158_model_A	A0AAN8JKH5_taxID_87958_model	0.4786
A0A3R7WQH8_taxID_112090_model	A0A418AQE9_taxID_157072_model	0.4786
A0A067D814_taxID_695850_model	T0PNV2_taxID_1156394_model	0.4784
A0A8H7EE27_taxID_1187904_model	W6ZHH7_taxID_930090_model	0.4784
A0A6J8DAY9_taxID_42192_model	A0A8S3R6L7_taxID_6550_model_A	0.4784
A0A0N4SWM8_taxID_6280_model	A0AA36DH95_taxID_96644_model_A	0.4784
A0A8K0WPV5_taxID_80388_model_A	A0AA37L8J5_taxID_700344_model_A	0.4783
A0A4Q2V7C7_taxID_451672_model	A0AAN5YGU4_taxID_293939_model	0.4783
A0A1F8A6I4_taxID_109264_model_A	A0A4Q2V7C7_taxID_451672_model	0.4783
A0A067D814_taxID_695850_model	A0A0A7CP65_taxID_1202772_model	0.4782
A0A1F8A6I4_taxID_109264_model_A	A0A9N8JDS5_taxID_2773715_model_A	0.4782
A0A4Q2V7C7_taxID_451672_model	A0AA39UQR7_taxID_153913_model_A	0.4781
A0A8H7LVB4_taxID_456999_model	A0A8H8P6Z0_taxID_456999_model	0.4781
A0A1V9YBP5_taxID_1202772_model	A0A397DXJ3_taxID_112090_model	0.4780
A0ACC2IQ67_taxID_749465_model_A	R0ISP9_taxID_671987_model	0.4780
A0A6J8CIJ8_taxID_42192_model	A0ABY7EVT9_taxID_6604_model	0.4778
A0A418AQE9_taxID_157072_model	A0A485L8F1_taxID_120398_model	0.4778
A0A8H5Z2U4_taxID_1567541_model	A0ABR4KUJ7_taxID_1810923_model	0.4777
A0A210R253_taxID_6573_model	A0A6J8ENF3_taxID_42192_model_A	0.4777
A0ABQ8EZ86_taxID_1357716_model	A0ABR4NFV2_taxID_2732419_model_A	0.4777
A0A177X0C6_taxID_403673_model	A0A4P9X7U9_taxID_1555241_model	0.4776
A0A2T7PF41_taxID_400727_model	A0ABD0K492_taxID_370345_model	0.4775
A0A183C149_taxID_36090_model	W2TLA4_taxID_51031_model	0.4775
A0AA39UQR7_taxID_153913_model_A	A0AAD4EYT8_taxID_669026_model_A	0.4775
A0A4U0XX60_taxID_329884_model	A0A8H5U0D3_taxID_48490_model_A	0.4775
A0A8H3H4T7_taxID_456999_model	A0A8H4QR39_taxID_354080_model_A	0.4774
A0A183I077_taxID_387005_model	A0AAF3EKL4_taxID_2138241_model	0.4774
A0A016T0A5_taxID_53326_model	A0ABD2I4S2_taxID_97005_model	0.4774
A0A364MXI7_taxID_183478_model	E3REK7_taxID_861557_model	0.4774
A0A1F8A6I4_taxID_109264_model_A	A0A2G7FTM7_taxID_656916_model_A	0.4774
A0A6J8DAY9_taxID_42192_model	A0A6J8ENF3_taxID_42192_model_A	0.4774
A0ABN8M8J6_taxID_104178_model	A0ABN8N3E0_taxID_104178_model	0.4774
K3X5C6_taxID_431595_model	W4H234_taxID_112090_model	0.4774
A0A3R7WQH8_taxID_112090_model	K3X5C6_taxID_431595_model	0.4774
A0A8B6G957_taxID_29158_model_A	A0A9D4J8T5_taxID_45954_model	0.4773
A0AA42B8L4_taxID_1215918_model	A0ABY3QAS2_taxID_2992140_model_A	0.4772
A0A364MXI7_taxID_183478_model	A0AAN5YGU4_taxID_293939_model	0.4771
A0A0A1UJW0_taxID_1086054_model	A0A0K6FPV3_taxID_456999_model	0.4771
A0A1V6PRI1_taxID_416450_model	A0ABR2XFG3_taxID_138064_model_A	0.4771
A0A8J1XGG3_taxID_6347_model	K1Q6D2_taxID_29159_model	0.4771
A0A137P4M5_taxID_796925_model	A0ACC2T6Y9_taxID_34485_model	0.4771
A0A8H4QR39_taxID_354080_model_A	A0AAD6NB37_taxID_5083_model_A	0.4770
A0A0V1I3Y0_taxID_268475_model	A0AA36CWW9_taxID_96644_model	0.4770
I2FTP4_taxID_120017_model_A	R9PI15_taxID_1305764_model_A	0.4770
A0A0G4N7R0_taxID_100787_model	S3CMF3_taxID_1116229_model	0.4769
A0A388KHX6_taxID_69332_model	A0A5J9TU90_taxID_38414_model	0.4768
A0A077ZGT3_taxID_36087_model	A0A915PAR4_taxID_298350_model_A	0.4768
A0A016T0A5_taxID_53326_model	A0A2A6BT42_taxID_54126_model	0.4768
A0A812WL81_taxID_1628268_model	A0A9N8ELP9_taxID_568900_model	0.4767
A0A8B6G957_taxID_29158_model_A	A0A8B6GY87_taxID_29158_model_A	0.4767
A0A0G2GEG2_taxID_420778_model_A	A0A6A5SIC2_taxID_706981_model	0.4767
A0A0G4N7R0_taxID_100787_model	A0AA37L8J5_taxID_700344_model_A	0.4767
A0A6J8CL61_taxID_42192_model_A	A0A8J1T8Q4_taxID_6347_model	0.4767
A0A4Q2V7C7_taxID_451672_model	A0A8H5UJH2_taxID_48507_model_A	0.4766
A0A8S3SWK0_taxID_6550_model	A0A914S644_taxID_6256_model	0.4766
A0A2S6BQA0_taxID_357750_model	A0A8H4YZH8_taxID_48485_model	0.4766
A0A4S4MP01_taxID_2447956_model	A0AB34FH03_taxID_1247861_model	0.4766
A0A137P4M5_taxID_796925_model	A0AAD5TY19_taxID_447962_model	0.4765
A0A498S2C2_taxID_6277_model_A	A0AAN4ZCE4_taxID_1317129_model	0.4765
A0A364MXI7_taxID_183478_model	A0A9N8JDS5_taxID_2773715_model_A	0.4764
A0ABR3V8J2_taxID_85995_model	A0ACC2IQ67_taxID_749465_model_A	0.4764
A0A1F8A6I4_taxID_109264_model_A	A0AA37L8J5_taxID_700344_model_A	0.4764
A0A6J8BR51_taxID_42192_model_A	A0A8B6G9L0_taxID_29158_model_A	0.4763
A0A1K0HF59_taxID_307758_model_A	A0A317XLV9_taxID_1882483_model	0.4762
A0A0G4N7R0_taxID_100787_model	A0A4Q2D856_taxID_2316362_model	0.4762
A0A4S4MP01_taxID_2447956_model	A0A7D5Z204_taxID_500148_model	0.4761
A0A365MYK5_taxID_948311_model_A	S8ARG7_taxID_1284197_model	0.4760
A0A074RXE5_taxID_1423351_model_A	A0A5N5QPM2_taxID_1582974_model	0.4759
A0A6J8AZI7_taxID_42192_model	A0A8B6G957_taxID_29158_model_A	0.4759
A0A1V6PRI1_taxID_416450_model	A0A5N6JRM5_taxID_61186_model	0.4759
A0A8J1XGG3_taxID_6347_model	A0A915I8K9_taxID_13658_model	0.4759
A0A077ZGT3_taxID_36087_model	W6NCB7_taxID_6289_model	0.4758
A0A067C156_taxID_695850_model_A	A0A6G0X2P4_taxID_100861_model_A	0.4758
A0A0V0YE73_taxID_6337_model	A0A915KKL6_taxID_13658_model	0.4757
A0A6J8DAY9_taxID_42192_model	W6NCB7_taxID_6289_model	0.4757
A0A0N4SWM8_taxID_6280_model	A0A183C149_taxID_36090_model	0.4757
B2VY53_taxID_426418_model	W6Y2N7_taxID_930089_model	0.4756
A0A6A5SIC2_taxID_706981_model	A0ACC1NLV5_taxID_42375_model	0.4756
A0A835SWT6_taxID_2026947_model	A0A8J4BKA8_taxID_51714_model	0.4756
A0A8H6GM20_taxID_100902_model	R0ISP9_taxID_671987_model	0.4756
A0A0V1BIN6_taxID_6334_model	A0A914W9Q0_taxID_2011161_model	0.4756
A0A8K0RUZ8_taxID_61284_model_A	F9FW19_taxID_660025_model_A	0.4756
A0A2N3MXV9_taxID_41688_model_A	A0A5N6JRM5_taxID_61186_model	0.4755
A0A0N4XV59_taxID_27835_model	A0AA36CWW9_taxID_96644_model	0.4755
A0A915JY09_taxID_13658_model	A0A915N8X1_taxID_6303_model	0.4755
A0A5S6QIU3_taxID_70415_model	A0A914W9Q0_taxID_2011161_model	0.4754
A0A139HFA6_taxID_321146_model_A	A0A2N3MXV9_taxID_41688_model_A	0.4753
A0AA37L8J5_taxID_700344_model_A	A0ABR3UFL0_taxID_48095_model	0.4753
A0A8B6GY87_taxID_29158_model_A	A0A8B8F0Y1_taxID_6565_model	0.4752
A0A6A5SIC2_taxID_706981_model	A0ABR3V8J2_taxID_85995_model	0.4752
A0A8B6GYH0_taxID_29158_model_A	A0A8B8F0Y1_taxID_6565_model	0.4752
A0A2G8L6J4_taxID_307972_model	A0A8J1TDZ8_taxID_6347_model	0.4752
A0A3S0ZXU8_taxID_188477_model	A0A8J1XGG3_taxID_6347_model	0.4752
A0A0V1KR57_taxID_6335_model	A0A914W9Q0_taxID_2011161_model	0.4752
A0ABU4XE34_taxID_3072316_model	A0ABW5MSE8_taxID_1775166_model	0.4752
A0A0V0TGR2_taxID_144512_model	A0AAF3FHG4_taxID_2138241_model_A	0.4751
A0A0V0TGR2_taxID_144512_model	A0A914W9Q0_taxID_2011161_model	0.4751
A0A8B6CNP6_taxID_29158_model	A0A8J1XGG3_taxID_6347_model	0.4751
A0A1F8A6I4_taxID_109264_model_A	A0A8H6GM20_taxID_100902_model	0.4751
A0A6J8ENF3_taxID_42192_model_A	A0AAN8JKH5_taxID_87958_model	0.4751
A0A364MXI7_taxID_183478_model	A0ABR2XFG3_taxID_138064_model_A	0.4750
A0A8B6GYH0_taxID_29158_model_A	A0ABY7EX19_taxID_6604_model	0.4750
A0A9K3LNV3_taxID_303405_model	A0AAD7UNL2_taxID_2483200_model	0.4750
A0ABR0JJU7_taxID_1016849_model_A	F0XF66_taxID_655863_model	0.4750
A0A6A5SIC2_taxID_706981_model	A0A8H6GM20_taxID_100902_model	0.4749
A0A914S644_taxID_6256_model	A0A9J2Q8W3_taxID_6252_model	0.4749
F0YI20_taxID_44056_model	F0YJP7_taxID_44056_model	0.4749
A0AAN5XIX5_taxID_1396_model_A	A0ABR9BSA8_taxID_2774143_model	0.4749
A0A3B0YDV7_taxID_652676_model_A	A0ABW7AQ69_taxID_3351344_model	0.4748
A0A364MXI7_taxID_183478_model	A0AA37L8J5_taxID_700344_model_A	0.4747
A0A0A1UJW0_taxID_1086054_model	A0A5N5QPM2_taxID_1582974_model	0.4747
A0A6G0X2P4_taxID_100861_model_A	T0PU14_taxID_1156394_model	0.4745
A0AAF3EKL4_taxID_2138241_model	A0AAF5PZK9_taxID_6293_model	0.4743
A0A8S3RHI5_taxID_6550_model_A	A0AA36CWW9_taxID_96644_model	0.4743
A0A177WTC8_taxID_403673_model	A0AA39UQR7_taxID_153913_model_A	0.4743
A0ACC2TVV6_taxID_34485_model	A0ACC3CDQ3_taxID_2788_model	0.4742
A0A0V1I3Y0_taxID_268475_model	A0AAF3FHG4_taxID_2138241_model_A	0.4742
A0AAN5YGU4_taxID_293939_model	B2VY53_taxID_426418_model	0.4742
A0A1I7VEA5_taxID_7209_model	A0AA36CWW9_taxID_96644_model	0.4742
A0A8J1XGG3_taxID_6347_model	A0AA36CWW9_taxID_96644_model	0.4742
A0A3P7DNC2_taxID_6293_model	A0AA36DH95_taxID_96644_model_A	0.4741
A0A0V0YE73_taxID_6337_model	A0A914W9Q0_taxID_2011161_model	0.4741
A0A0G4N7R0_taxID_100787_model	A0A8H3DZ25_taxID_456999_model_A	0.4741
A0A016T0A5_taxID_53326_model	A0A238C4W2_taxID_387005_model	0.4741
A0A6G0X2P4_taxID_100861_model_A	K3X5C6_taxID_431595_model	0.4741
A0A7S2W132_taxID_1034831_model	A0ABR1GFH3_taxID_44056_model	0.4740
A0A1X6PIR8_taxID_2786_model	A0A9W8TQN1_taxID_114810_model	0.4740
A0A8K0WPV5_taxID_80388_model_A	A0ABR3V8J2_taxID_85995_model	0.4740
A0A8J1XGG3_taxID_6347_model	A0ABY7EX19_taxID_6604_model	0.4740
A0A0F4GBJ7_taxID_1047168_model	A0A7C8Q0E6_taxID_2813651_model	0.4739
A0AAF3EKL4_taxID_2138241_model	A0AC34QHI6_taxID_591449_model	0.4739
A0A8H4YZH8_taxID_48485_model	A0ABR3UFL0_taxID_48095_model	0.4739
A0A8J1T8Q4_taxID_6347_model	A0ABY7EX19_taxID_6604_model	0.4739
A0A4U0XX60_taxID_329884_model	A0AB34FH03_taxID_1247861_model	0.4739
A0A1I9G629_taxID_6279_model	A0AC34QHI6_taxID_591449_model	0.4738
A0A8S2MFL9_taxID_1234261_model	A0ABW7AQ69_taxID_3351344_model	0.4738
A0A6J8AZI7_taxID_42192_model	A0A8S3V8L1_taxID_6550_model	0.4736
A0A444ZR13_taxID_3818_model	A0AAD2E0S8_taxID_56036_model	0.4736
A0A1I7VBE5_taxID_7209_model	A0ABD2I4S2_taxID_97005_model	0.4735
A0AAN5YGU4_taxID_293939_model	A0ABR3V8J2_taxID_85995_model	0.4735
A0A4Q2D856_taxID_2316362_model	A0A7C8Q0E6_taxID_2813651_model	0.4734
A0A8B6GSA5_taxID_29158_model	A0A8S3THT1_taxID_6550_model	0.4734
A0A2A6BT42_taxID_54126_model	A0AC34QHI6_taxID_591449_model	0.4734
A0A8B6GYH0_taxID_29158_model_A	A0A8J1T8Q4_taxID_6347_model	0.4734
A0A8H4YZH8_taxID_48485_model	A0AAN5YGU4_taxID_293939_model	0.4734
A0AA88YDI9_taxID_66713_model	W6NCB7_taxID_6289_model	0.4734
A0A177X0C6_taxID_403673_model	A0ABQ8FRP3_taxID_1357716_model_A	0.4734
A0A016T0A5_taxID_53326_model	A0A498S2C2_taxID_6277_model_A	0.4733
A0A1I4RJF6_taxID_44574_model_A	A0A6J4QLW3_taxID_349277_model_A	0.4733
A0A388KHX6_taxID_69332_model	A0ABD1H5D5_taxID_28513_model	0.4732
A0A6J8AZI7_taxID_42192_model	A0AA88YDI9_taxID_66713_model	0.4732
A0A4Q2D856_taxID_2316362_model	A0A8H6XYA6_taxID_2733690_model	0.4731
A0A9D4J8T5_taxID_45954_model	K1Q6D2_taxID_29159_model	0.4731
A0AA39HID6_taxID_289476_model	A0AAN4ZCE4_taxID_1317129_model	0.4731
A0A0V1G4S3_taxID_6337_model	A0A915PAR4_taxID_298350_model_A	0.4731
A0A0P7APX3_taxID_78410_model	A0ABQ0CQG4_taxID_79588_model_A	0.4731
A0A0R3RX42_taxID_1147741_model_A	A0ABD2I4S2_taxID_97005_model	0.4730
A0A8S3RHI5_taxID_6550_model_A	W6NCB7_taxID_6289_model	0.4730
A0AA36CWW9_taxID_96644_model	A0AA88YDI9_taxID_66713_model	0.4730
R9PI15_taxID_1305764_model_A	W3VU69_taxID_84754_model	0.4730
A0A8B6CNP6_taxID_29158_model	W6NCB7_taxID_6289_model	0.4730
A0A5N5QPM2_taxID_1582974_model	A0AA39UQR7_taxID_153913_model_A	0.4729
A0A8S3R6L7_taxID_6550_model_A	A0ABD3VH26_taxID_1069815_model	0.4729
A0A8H4RXW4_taxID_354080_model_A	B2VY53_taxID_426418_model	0.4729
A0ACC2IQ67_taxID_749465_model_A	N4XMY1_taxID_665024_model	0.4728
A0A2N3MXV9_taxID_41688_model_A	A0A4Q2V7C7_taxID_451672_model	0.4728
A0A077R9S7_taxID_1398559_model_A	A0AAJ4XRR1_taxID_63383_model_A	0.4728
A0A8H7E8W0_taxID_1187904_model	A0A9P3CF74_taxID_84275_model	0.4728
A0A0A7CPE6_taxID_1202772_model	A0A3R7WQH8_taxID_112090_model	0.4728
A0A177X0C6_taxID_403673_model	A0A8H4QR39_taxID_354080_model_A	0.4727
A0A074RXE5_taxID_1423351_model_A	A0A8H2WDY0_taxID_456999_model	0.4727
A0AAU9WI44_taxID_46732_model	A0ABN8SN36_taxID_104178_model	0.4726
A0A179HCZ8_taxID_33203_model	S3CMF3_taxID_1116229_model	0.4726
A0A0A7CPE6_taxID_1202772_model	A0A397DXJ3_taxID_112090_model	0.4726
A0A364L5W2_taxID_1196081_model	A0AAN4PPE5_taxID_293939_model	0.4726
A0AAD4EYT8_taxID_669026_model_A	A0ABR1WCT8_taxID_335842_model	0.4726
A0A409YPA9_taxID_231916_model	A0A8H5UJH2_taxID_48507_model_A	0.4725
A0A8B6G9L0_taxID_29158_model_A	A0A8J1XGG3_taxID_6347_model	0.4725
A0A8J1T8Q4_taxID_6347_model	A0A915I8K9_taxID_13658_model	0.4725
A0AAD4EYT8_taxID_669026_model_A	A0AAD4FBU9_taxID_669026_model_A	0.4725
A0A8B6GY87_taxID_29158_model_A	A0AA36CWW9_taxID_96644_model	0.4723
A0A9N8JDS5_taxID_2773715_model_A	A0ACC1NLV5_taxID_42375_model	0.4722
A0A7C8Q0E6_taxID_2813651_model	A0ABR1WCT8_taxID_335842_model	0.4719
A0A016T0A5_taxID_53326_model	A0A0N4SWM8_taxID_6280_model	0.4719
A0A177WTC8_taxID_403673_model	W3VU69_taxID_84754_model	0.4719
A0A183I077_taxID_387005_model	A0A915N8X1_taxID_6303_model	0.4718
A0A317XLV9_taxID_1882483_model	F0XF66_taxID_655863_model	0.4718
A0A5M9J7X0_taxID_38448_model	W6ZHH7_taxID_930090_model	0.4718
F0XF66_taxID_655863_model	W3VU69_taxID_84754_model	0.4718
A0A418AQE9_taxID_157072_model	A0A6G0X2P4_taxID_100861_model_A	0.4717
A0A8B6GY87_taxID_29158_model_A	A0A8S3R6L7_taxID_6550_model_A	0.4715
A0A3S0ZXU8_taxID_188477_model	A0A8S3RHI5_taxID_6550_model_A	0.4715
A0ABR3V8J2_taxID_85995_model	R0ISP9_taxID_671987_model	0.4715
A0AAD4EYT8_taxID_669026_model_A	A0ABR3UFL0_taxID_48095_model	0.4715
A0A7S3RCE1_taxID_2903_model	A0A835SWT6_taxID_2026947_model	0.4715
A0A4Q2D856_taxID_2316362_model	A0A9N8JDS5_taxID_2773715_model_A	0.4714
A0A0A7CPE6_taxID_1202772_model	A0A6G0X2P4_taxID_100861_model_A	0.4714
A0A8H4YZH8_taxID_48485_model	W6ZHH7_taxID_930090_model	0.4713
A0A8H4YZH8_taxID_48485_model	A0A8K0WPV5_taxID_80388_model_A	0.4713
A0A6J8CIJ8_taxID_42192_model	A0ABQ9EAR7_taxID_220873_model	0.4713
A0A5M9J7X0_taxID_38448_model	A0AAN5YGU4_taxID_293939_model	0.4713
A0A914S644_taxID_6256_model	A0AA36CWW9_taxID_96644_model	0.4713
A0A139HFA6_taxID_321146_model_A	B2VY53_taxID_426418_model	0.4713
A0A0V1KR57_taxID_6335_model	W6NCB7_taxID_6289_model	0.4713
A0A1X6PIR8_taxID_2786_model	A0A8S3SWK0_taxID_6550_model	0.4712
A0A2G7FTM7_taxID_656916_model_A	A0AAD4EYT8_taxID_669026_model_A	0.4712
A0AAN5YXZ8_taxID_282268_model	F0X9X8_taxID_655863_model	0.4712
A0A2P6U1N3_taxID_3076_model_A	A0ABR4K145_taxID_176178_model	0.4712
A0A183I077_taxID_387005_model	A0AA36DH95_taxID_96644_model_A	0.4711
A0A1Y1HT28_taxID_105231_model	A0A8H6MRC0_taxID_2175907_model	0.4711
A0A8H3H4T7_taxID_456999_model	A0ABQ8FRP3_taxID_1357716_model_A	0.4711
A0A084G098_taxID_563466_model	A0A1V6PRI1_taxID_416450_model	0.4711
A0A0V1DE70_taxID_45882_model	A0AAF3FHG4_taxID_2138241_model_A	0.4710
A0A6J8E972_taxID_42192_model	A0A8B6GSK0_taxID_29158_model	0.4709
A0A6P8I080_taxID_6105_model	A0ABN8N3E0_taxID_104178_model	0.4709
A0A2S6BQA0_taxID_357750_model	A0A8H7E8W0_taxID_1187904_model	0.4709
A0A364MXI7_taxID_183478_model	A0AAD4EYT8_taxID_669026_model_A	0.4708
A0A8B8F0Y1_taxID_6565_model	A0ABD3VH26_taxID_1069815_model	0.4708
A0A0N4XV59_taxID_27835_model	A0A1I9G629_taxID_6279_model	0.4708
A0A8H7EGD0_taxID_1187904_model	A0ABR3V8J2_taxID_85995_model	0.4708
A0A1G6RZ21_taxID_1419277_model	A0A2K8T4N2_taxID_2038116_model_A	0.4708
A0A2H1GBQ4_taxID_1276532_model_A	A0AAQ3LZX8_taxID_150365_model	0.4707
A0A5N6JRM5_taxID_61186_model	A0AAN5YGU4_taxID_293939_model	0.4707
A0AAE4A194_taxID_587534_model_A	A0ABS1MHS4_taxID_2802282_model_A	0.4707
A0A8H6GM20_taxID_100902_model	F9F9P2_taxID_660025_model	0.4707
A0A8H7EGD0_taxID_1187904_model	A0ABR3UFL0_taxID_48095_model	0.4707
A0A8H5U0D3_taxID_48490_model_A	G1X3U2_taxID_756982_model_A	0.4707
A0A4Q2D856_taxID_2316362_model	A0A8H5UJH2_taxID_48507_model_A	0.4706
A0A484G057_taxID_1213857_model	A0A4R8T272_taxID_1347389_model	0.4706
A0A914W9Q0_taxID_2011161_model	A0A915I8K9_taxID_13658_model	0.4706
A0ABD2I4S2_taxID_97005_model	W2TLA4_taxID_51031_model	0.4705
A0A8S3RHI5_taxID_6550_model_A	A0A9D4J8T5_taxID_45954_model	0.4705
A0A179HCZ8_taxID_33203_model	A0AA37L8J5_taxID_700344_model_A	0.4704
A0A4Q2V7C7_taxID_451672_model	W6ZHH7_taxID_930090_model	0.4704
A0A2P5YJV4_taxID_3634_model_A	A0A5J5BCR2_taxID_561372_model_A	0.4704
A0A0V0S806_taxID_6336_model	A0AAF3FHG4_taxID_2138241_model_A	0.4704
A0A074RXE5_taxID_1423351_model_A	A0A8H3A1U9_taxID_456999_model	0.4704
A0A6J8DAY9_taxID_42192_model	A0A8B6GYH0_taxID_29158_model_A	0.4704
A0A8B6BKM4_taxID_29158_model_A	A0A8J1T8Q4_taxID_6347_model	0.4704
A0A8H5L9I1_taxID_48495_model_A	A0A8K0RUZ8_taxID_61284_model_A	0.4703
A0ABR2XFG3_taxID_138064_model_A	W6ZHH7_taxID_930090_model	0.4703
A0A4U7KZ21_taxID_280036_model_A	A0A5C3ELN8_taxID_86804_model_A	0.4703
A0A139HFA6_taxID_321146_model_A	A0A8K0WPV5_taxID_80388_model_A	0.4703
A0A4Q2V7C7_taxID_451672_model	R0ISP9_taxID_671987_model	0.4703
A0A1F8A6I4_taxID_109264_model_A	A0A5M9J7X0_taxID_38448_model	0.4703
A0A024UP64_taxID_157072_model	A0A418AND4_taxID_157072_model	0.4702
A0A4R8T272_taxID_1347389_model	A0A9N8JDS5_taxID_2773715_model_A	0.4702
A0AAD5DEJ1_taxID_2649997_model	S8ARG7_taxID_1284197_model	0.4702
A0A077ZGT3_taxID_36087_model	A0AAF3EKL4_taxID_2138241_model	0.4702
A0ABR1WCT8_taxID_335842_model	B2VY53_taxID_426418_model	0.4702
A0A0A7CP65_taxID_1202772_model	A0A1V9YE51_taxID_74557_model	0.4702
A0A397DXJ3_taxID_112090_model	A0A418AQE9_taxID_157072_model	0.4702
A0AAD5DEJ1_taxID_2649997_model	F9G554_taxID_660025_model	0.4701
A0A8H6GM20_taxID_100902_model	A0AAN5YGU4_taxID_293939_model	0.4701
A0A8W8J4S3_taxID_29159_model	A0AAD5UAC9_taxID_447962_model	0.4701
A0A6J8DAY9_taxID_42192_model	A0ABD3VH26_taxID_1069815_model	0.4701
A0A8H6GM20_taxID_100902_model	S3CMF3_taxID_1116229_model	0.4701
A0A1I7VEA5_taxID_7209_model	A0A1I9G629_taxID_6279_model	0.4700
A0A4Q2V7C7_taxID_451672_model	A0A8H4RXW4_taxID_354080_model_A	0.4700
A0A4Q2V7C7_taxID_451672_model	A0A8H6XYA6_taxID_2733690_model	0.4700
A0A0G4N7R0_taxID_100787_model	A0ABQ8FRP3_taxID_1357716_model_A	0.4700
A0A8B6GY87_taxID_29158_model_A	A0A8J1T8Q4_taxID_6347_model	0.4699
A0AA39HID6_taxID_289476_model	W2TLA4_taxID_51031_model	0.4699
A0A5S6QIU3_taxID_70415_model	A0A8J1XGG3_taxID_6347_model	0.4699
A0A0V0S806_taxID_6336_model	A0A914W9Q0_taxID_2011161_model	0.4699
A0A0A7CPE6_taxID_1202772_model	A0A485L8F1_taxID_120398_model	0.4698
A0A0V1JHS7_taxID_6337_model	A0AAF3FHG4_taxID_2138241_model_A	0.4697
A0A364MXI7_taxID_183478_model	W6ZHH7_taxID_930090_model	0.4697
A0A8H6GM20_taxID_100902_model	N4XMY1_taxID_665024_model	0.4696
A0A9D4MZZ2_taxID_45954_model	A0AAE0W2I3_taxID_2493646_model	0.4696
A0A5N5QPM2_taxID_1582974_model	M5CEE4_taxID_1108050_model	0.4695
A0A5N5QPM2_taxID_1582974_model	A0A8H7INQ5_taxID_456999_model	0.4695
A0A0V1G4S3_taxID_6337_model	A0AA36CWW9_taxID_96644_model	0.4695
A0A0D6LVJ5_taxID_53326_model	W2TLA4_taxID_51031_model	0.4694
A0A813K9V7_taxID_89957_model	A0AAD7UPK6_taxID_2483200_model	0.4693
A0A8B6G9L0_taxID_29158_model_A	A0A8B6GSA5_taxID_29158_model	0.4693
A0A507FDN0_taxID_246404_model	A0AA39UQR7_taxID_153913_model_A	0.4693
A0A2N3MXV9_taxID_41688_model_A	A0AAD4EYT8_taxID_669026_model_A	0.4693
A0A0G2GEG2_taxID_420778_model_A	A0A2S6BQA0_taxID_357750_model	0.4693
A0A4Q2D856_taxID_2316362_model	A0AAD4FBU9_taxID_669026_model_A	0.4692
A0A2A6BT42_taxID_54126_model	A0A498S2C2_taxID_6277_model_A	0.4692
A0A5M9J7X0_taxID_38448_model	N4XMY1_taxID_665024_model	0.4691
A0A4Q2V7C7_taxID_451672_model	F9F9P2_taxID_660025_model	0.4691
A0A2T7PF37_taxID_400727_model	B5RHQ6_taxID_515353_model	0.4691
A0A0V1ESS6_taxID_6337_model	A0AAF3FHG4_taxID_2138241_model_A	0.4690
A0A8H4YZH8_taxID_48485_model	N4XMY1_taxID_665024_model	0.4690
A0A7D5Z204_taxID_500148_model	A0ACC0V4A4_taxID_47278_model	0.4690
A0A238C4W2_taxID_387005_model	A0AA39HID6_taxID_289476_model	0.4689
A0A183C149_taxID_36090_model	A0A8S3RHI5_taxID_6550_model_A	0.4689
A0A1K0HF59_taxID_307758_model_A	A0A2N8UKW6_taxID_72559_model_A	0.4689
A0A9D4MZZ2_taxID_45954_model	K1QAP4_taxID_29159_model	0.4688
A0A067C156_taxID_695850_model_A	A0A067D814_taxID_695850_model	0.4687
A0AAE4C8H8_taxID_137266_model_A	A0ABS1MHS4_taxID_2802282_model_A	0.4687
A0A8H4YZH8_taxID_48485_model	R0ISP9_taxID_671987_model	0.4687
A0A6J8ENF3_taxID_42192_model_A	A0A8J1T8Q4_taxID_6347_model	0.4687
A0A397DXJ3_taxID_112090_model	T0PNV2_taxID_1156394_model	0.4686
A0A364MXI7_taxID_183478_model	R0ISP9_taxID_671987_model	0.4686
A0ABQ8FRP3_taxID_1357716_model_A	W3VU69_taxID_84754_model	0.4686
A0A6J8ENF3_taxID_42192_model_A	A0ABY7EX19_taxID_6604_model	0.4686
A0A498S2C2_taxID_6277_model_A	A0ABD2I4S2_taxID_97005_model	0.4685
A0AB34FH03_taxID_1247861_model	F9G554_taxID_660025_model	0.4685
A0A6J8DAY9_taxID_42192_model	A0A8J1T8Q4_taxID_6347_model	0.4685
A0ACC2IQ67_taxID_749465_model_A	W6Y2N7_taxID_930089_model	0.4684
A0A5S6QIU3_taxID_70415_model	A0A915PAR4_taxID_298350_model_A	0.4683
A0A8H4RXW4_taxID_354080_model_A	A0ABR3V8J2_taxID_85995_model	0.4683
A0A8H3H4T7_taxID_456999_model	A0ABR0JJU7_taxID_1016849_model_A	0.4683
A0A4P9X7U9_taxID_1555241_model	A0A507F697_taxID_246404_model	0.4682
A0A388KHX6_taxID_69332_model	A0ABD1H6K2_taxID_28513_model	0.4682
A0A914E549_taxID_290746_model	A0A914S644_taxID_6256_model	0.4682
A0A6P8I583_taxID_6105_model	A0ABN8LLM9_taxID_104178_model_A	0.4682
A0A0C3F7Q7_taxID_765440_model	M5CEE4_taxID_1108050_model	0.4681
A0A364MXI7_taxID_183478_model	A0A8H7E8W0_taxID_1187904_model	0.4681
A0AA36DH95_taxID_96644_model_A	A0AC34QHI6_taxID_591449_model	0.4681
A0A2N3MXV9_taxID_41688_model_A	A0A8H7E8W0_taxID_1187904_model	0.4681
A0A0V1KD92_taxID_6337_model	A0A915PAR4_taxID_298350_model_A	0.4681
A0A0V1ESS6_taxID_6337_model	A0A915PAR4_taxID_298350_model_A	0.4681
A0A364MXI7_taxID_183478_model	W6Y2N7_taxID_930089_model	0.4680
A0A0G2GEG2_taxID_420778_model_A	A0A364MXI7_taxID_183478_model	0.4680
A0A1V9YBP5_taxID_1202772_model	A0A3R6VRZ5_taxID_157072_model	0.4680
A0A7S3RCE1_taxID_2903_model	A0AAN5XIX5_taxID_1396_model_A	0.4680
A0A0V1BIN6_taxID_6334_model	A0AAF3FHG4_taxID_2138241_model_A	0.4679
A0A8H5Z2U4_taxID_1567541_model	A0AAD5DEJ1_taxID_2649997_model	0.4679
A0A6J8AZI7_taxID_42192_model	A0ABQ9EAR7_taxID_220873_model	0.4679
A0A4Q2V7C7_taxID_451672_model	N4XMY1_taxID_665024_model	0.4678
A0A919MPV4_taxID_1050105_model_A	A0ABW5MSE8_taxID_1775166_model	0.4678
A0A1V6PRI1_taxID_416450_model	S3CMF3_taxID_1116229_model	0.4678
A0A409YPA9_taxID_231916_model	A0A8H7B393_taxID_1187904_model_A	0.4677
A0A8S3PWU5_taxID_6550_model	A0A8S3SWK0_taxID_6550_model	0.4677
A0A8H6ZUP2_taxID_5322_model_A	A0AA39UQR7_taxID_153913_model_A	0.4675
A0A085M8H3_taxID_68888_model	A0A915PAR4_taxID_298350_model_A	0.4675
A0A915N8X1_taxID_6303_model	A0A9D4J8T5_taxID_45954_model	0.4675
B5RHQ8_taxID_515354_model	E7CLR7_taxID_34541_model	0.4675
A0A5C3EP17_taxID_86804_model_A	I2FTP4_taxID_120017_model_A	0.4675
A0ABU8FF18_taxID_3127667_model	A0ABU9X948_taxID_3143436_model	0.4674
A0A8H5UJH2_taxID_48507_model_A	A0A9P9JQC5_taxID_48865_model_A	0.4674
A0A8S3THT1_taxID_6550_model	A0ABD3VH26_taxID_1069815_model	0.4673
A0AAD6NB37_taxID_5083_model_A	B2VY53_taxID_426418_model	0.4673
A0A7C8Q0E6_taxID_2813651_model	A0A8H7B393_taxID_1187904_model_A	0.4673
A0A6A5SIC2_taxID_706981_model	A0ACC2IQ67_taxID_749465_model_A	0.4672
A0A6J8CIJ8_taxID_42192_model	A0A9D4MZZ2_taxID_45954_model	0.4672
A0A3R7WQH8_taxID_112090_model	T0PNV2_taxID_1156394_model	0.4671
A0ABD2I4S2_taxID_97005_model	A0AC34QHI6_taxID_591449_model	0.4671
A0A077ZGT3_taxID_36087_model	A0A8J1XGG3_taxID_6347_model	0.4671
A0A0V1G4S3_taxID_6337_model	A0AAF3EKL4_taxID_2138241_model	0.4671
A0A8H3DZ25_taxID_456999_model_A	A0ABW7AQ69_taxID_3351344_model	0.4671
A0A9D4MZZ2_taxID_45954_model	K1Q6D2_taxID_29159_model	0.4671
A0A4Z0L9R6_taxID_2562683_model_A	A0ABS8MPT4_taxID_2893755_model	0.4670
A0A183I077_taxID_387005_model	A0AA36CWW9_taxID_96644_model	0.4670
A0A9D4J8T5_taxID_45954_model	A0ABD3VH26_taxID_1069815_model	0.4670
A0A0G2GEG2_taxID_420778_model_A	A0A409YPA9_taxID_231916_model	0.4670
A0A915I8K9_taxID_13658_model	A0AAF3EKL4_taxID_2138241_model	0.4670
A0A317XLV9_taxID_1882483_model	A0A4U7KZ21_taxID_280036_model_A	0.4669
A0A1I7VBE5_taxID_7209_model	A0AAN4ZCE4_taxID_1317129_model	0.4669
A0A8K0WPV5_taxID_80388_model_A	B2VY53_taxID_426418_model	0.4669
A0A2N3MXV9_taxID_41688_model_A	A0A5M9J7X0_taxID_38448_model	0.4669
A0A8S3RHI5_taxID_6550_model_A	A0ABY7EX19_taxID_6604_model	0.4669
A0A2S6BQA0_taxID_357750_model	A0A5M9J7X0_taxID_38448_model	0.4669
A0A8B6GY87_taxID_29158_model_A	A0AAE0W2I3_taxID_2493646_model	0.4668
A0A1I7VEA5_taxID_7209_model	A0A2A6BT42_taxID_54126_model	0.4668
A0A365MYK5_taxID_948311_model_A	A0ABR4KUJ7_taxID_1810923_model	0.4668
A0A8H5UJH2_taxID_48507_model_A	F9FW19_taxID_660025_model_A	0.4668
A0A7C8MQB2_taxID_323545_model	A0ACC3CB14_taxID_2788_model	0.4667
A0A8J1XGG3_taxID_6347_model	A0A915N8X1_taxID_6303_model	0.4667
A0A077ZGT3_taxID_36087_model	A0AAF3FHG4_taxID_2138241_model_A	0.4666
A0A397DXJ3_taxID_112090_model	T0PU14_taxID_1156394_model	0.4666
A0A8H5UJH2_taxID_48507_model_A	A0AAD4EYT8_taxID_669026_model_A	0.4665
A0A2S6BQA0_taxID_357750_model	A0A8K0WPV5_taxID_80388_model_A	0.4664
A0A4Q2V7C7_taxID_451672_model	A0AA37GSS8_taxID_708192_model	0.4664
A0A8S3RHI5_taxID_6550_model_A	A0A9D4MZZ2_taxID_45954_model	0.4664
A0A5N6JRM5_taxID_61186_model	A0A8H5UJH2_taxID_48507_model_A	0.4664
A0A8H6XYA6_taxID_2733690_model	A0ABR3V8J2_taxID_85995_model	0.4664
A0A4Q2D856_taxID_2316362_model	B2VY53_taxID_426418_model	0.4663
A0A1I9G629_taxID_6279_model	A0A4E9FIB1_taxID_6279_model	0.4663
A0A1F8A6I4_taxID_109264_model_A	A0A8H7E8W0_taxID_1187904_model	0.4663
A0A4Q2D856_taxID_2316362_model	A0A9P3PKR9_taxID_47721_model	0.4662
A0A1I9G629_taxID_6279_model	A0A498S2C2_taxID_6277_model_A	0.4662
A0A397DXJ3_taxID_112090_model	K3X5C6_taxID_431595_model	0.4662
A0A3N4KYW5_taxID_1392247_model	A0AAV9V0T6_taxID_1796055_model	0.4661
A0A085M8H3_taxID_68888_model	A0AAF3EKL4_taxID_2138241_model	0.4661
A0A074RXE5_taxID_1423351_model_A	A0AA39UQR7_taxID_153913_model_A	0.4661
A0ABR2XFG3_taxID_138064_model_A	N4XMY1_taxID_665024_model	0.4661
A0A1R3S0H8_taxID_602072_model	A0ABR0JJU7_taxID_1016849_model_A	0.4661
A0A8B6BMR6_taxID_29158_model_A	A0A8J1T8Q4_taxID_6347_model	0.4661
A0A127Z996_taxID_49012_model_A	A0A5C3EP17_taxID_86804_model_A	0.4660
A0A7S7SGR7_taxID_1473598_model	A0AA88AFA7_taxID_3494_model_A	0.4660
T0PU14_taxID_1156394_model	W4H234_taxID_112090_model	0.4660
A0A0R3RX42_taxID_1147741_model_A	A0A2A6BT42_taxID_54126_model	0.4659
A0A1I7VEA5_taxID_7209_model	A0AAN4ZCE4_taxID_1317129_model	0.4659
A0A4P9X7U9_taxID_1555241_model	A0AA39UQR7_taxID_153913_model_A	0.4658
A0A4R8T272_taxID_1347389_model	A0A5N6JRM5_taxID_61186_model	0.4658
A0A0V0YE73_taxID_6337_model	A0AAF3FHG4_taxID_2138241_model_A	0.4658
A0A8K0WPV5_taxID_80388_model_A	A0ABR2XFG3_taxID_138064_model_A	0.4658
A0ABR2XFG3_taxID_138064_model_A	R0ISP9_taxID_671987_model	0.4658
A0A5M9J7X0_taxID_38448_model	A0A8K0WPV5_taxID_80388_model_A	0.4657
A0A9P7HHT8_taxID_40199_model	A0AB34FH03_taxID_1247861_model	0.4657
A0A183C149_taxID_36090_model	A0A8B6GY87_taxID_29158_model_A	0.4656
A0A177WTC8_taxID_403673_model	A0A9W8TQN1_taxID_114810_model	0.4656
A0A8K0WPV5_taxID_80388_model_A	A0A9P3CF74_taxID_84275_model	0.4656
A0A084G098_taxID_563466_model	A0A4Q2V7C7_taxID_451672_model	0.4656
A0A1K0HF59_taxID_307758_model_A	A0AAJ4XRR1_taxID_63383_model_A	0.4656
A0A067BRT6_taxID_695850_model	W4H234_taxID_112090_model	0.4656
A0A8B6GY87_taxID_29158_model_A	A0ABQ9EAR7_taxID_220873_model	0.4655
A0A0B7A0D2_taxID_1028688_model	B5RHQ6_taxID_515353_model	0.4655
A0A914S644_taxID_6256_model	A0AA39HID6_taxID_289476_model	0.4654
A0A084FV70_taxID_563466_model_A	A0A2N3MXV9_taxID_41688_model_A	0.4654
A0A0G2GEG2_taxID_420778_model_A	A0A2N3MXV9_taxID_41688_model_A	0.4654
A0A498S2C2_taxID_6277_model_A	A0AAF3EKL4_taxID_2138241_model	0.4654
A0A364MXI7_taxID_183478_model	N4XMY1_taxID_665024_model	0.4653
A0A8B6BMR6_taxID_29158_model_A	W6NCB7_taxID_6289_model	0.4653
B2VY53_taxID_426418_model	R0ISP9_taxID_671987_model	0.4652
A0AA36DH95_taxID_96644_model_A	W6NCB7_taxID_6289_model	0.4652
A0A317XLV9_taxID_1882483_model	R9PI15_taxID_1305764_model_A	0.4651
A0AA88AFA7_taxID_3494_model_A	A0ABS1MHS4_taxID_2802282_model_A	0.4650
A0A177X0C6_taxID_403673_model	A0A9W8TQN1_taxID_114810_model	0.4649
A0A8H6GM20_taxID_100902_model	A0A8H7EGD0_taxID_1187904_model	0.4649
A0A183C149_taxID_36090_model	A0ABD3VH26_taxID_1069815_model	0.4649
A0A183C149_taxID_36090_model	K1Q6D2_taxID_29159_model	0.4649
A0A8B6GSA5_taxID_29158_model	A0A8S3PQP2_taxID_6550_model	0.4648
A0A9P3PKR9_taxID_47721_model	A0AAD6NB37_taxID_5083_model_A	0.4648
A0A0V0TGR2_taxID_144512_model	A0AA36CWW9_taxID_96644_model	0.4648
A0A183C149_taxID_36090_model	A0A3P7DNC2_taxID_6293_model	0.4648
A0A067BRT6_taxID_695850_model	A0A485L8F1_taxID_120398_model	0.4648
E6ZRP4_taxID_999809_model_A	I2FTP4_taxID_120017_model_A	0.4648
A0A7C8Q0E6_taxID_2813651_model	A0A8H4QR39_taxID_354080_model_A	0.4647
A0A024TEL4_taxID_157072_model	A0A1V9YBP5_taxID_1202772_model	0.4647
A0A016T0A5_taxID_53326_model	A0A1I7VEA5_taxID_7209_model	0.4647
A0A7C8Q0E6_taxID_2813651_model	A0A8H5UJH2_taxID_48507_model_A	0.4647
A0A1I7VBE5_taxID_7209_model	A0ACC2TVV6_taxID_34485_model	0.4646
A0AAN4ZCE4_taxID_1317129_model	A0AC34QHI6_taxID_591449_model	0.4646
A0A8B6GSK0_taxID_29158_model	A0A8S3PQP2_taxID_6550_model	0.4646
A0A3S0ZXU8_taxID_188477_model	A0A8B6CNP6_taxID_29158_model	0.4646
A0A4E9FIB1_taxID_6279_model	A0AAN4ZCE4_taxID_1317129_model	0.4646
A0A8H6XYA6_taxID_2733690_model	A0AAD4EYT8_taxID_669026_model_A	0.4646
A0A0N4XV59_taxID_27835_model	A0ABD2I4S2_taxID_97005_model	0.4645
A0A7D5Z204_taxID_500148_model	A0ABR4KUJ7_taxID_1810923_model	0.4645
A0A498S2C2_taxID_6277_model_A	A0AA36CWW9_taxID_96644_model	0.4645
A0A6J8DAY9_taxID_42192_model	A0A8B6G9L0_taxID_29158_model_A	0.4645
A0A0R3RX42_taxID_1147741_model_A	A0A915N8X1_taxID_6303_model	0.4645
A0A8B8F0Y1_taxID_6565_model	A0A9D4J8T5_taxID_45954_model	0.4644
A0AAD5DEJ1_taxID_2649997_model	A0ABR4K145_taxID_176178_model	0.4644
A0A0N4XV59_taxID_27835_model	A0A2A6BT42_taxID_54126_model	0.4644
A0A0F8A0A1_taxID_1043627_model	A0ABR4KUJ7_taxID_1810923_model	0.4644
A0AAD7ULC6_taxID_2483200_model	F0YI20_taxID_44056_model	0.4644
A0A0G4N7R0_taxID_100787_model	A0ABR3V8J2_taxID_85995_model	0.4644
A0A1F8A6I4_taxID_109264_model_A	A0A8H4YZH8_taxID_48485_model	0.4644
A0A1X7RRH8_taxID_1276538_model_A	F0XF66_taxID_655863_model	0.4644
A0A8B6GSK0_taxID_29158_model	A0A8B6GYH0_taxID_29158_model_A	0.4643
A0A8H4RXW4_taxID_354080_model_A	A0ACC2IQ67_taxID_749465_model_A	0.4643
A0A8S3SWK0_taxID_6550_model	W6NCB7_taxID_6289_model	0.4643
A0A9W8B9V6_taxID_2761393_model_A	F4NVT9_taxID_684364_model	0.4643
A0A365MYK5_taxID_948311_model_A	A0A6G1HLY0_taxID_703511_model_A	0.4642
A0A1Y2CS79_taxID_329046_model	A0A6J4QLW3_taxID_349277_model_A	0.4642
A0A4Q2V7C7_taxID_451672_model	A0A814MII4_taxID_1234261_model_A	0.4641
A0A8B6G957_taxID_29158_model_A	A0ABD3VH26_taxID_1069815_model	0.4641
A0A8H4RXW4_taxID_354080_model_A	A0AA37L8J5_taxID_700344_model_A	0.4641
A0A8B6GY87_taxID_29158_model_A	A0A9D4J8T5_taxID_45954_model	0.4640
A0A8B6GY87_taxID_29158_model_A	W6NCB7_taxID_6289_model	0.4640
A0A1I9G629_taxID_6279_model	A0AA39HID6_taxID_289476_model	0.4640
A0A0V0TGR2_taxID_144512_model	A0A915PAR4_taxID_298350_model_A	0.4640
A0A6J8DAY9_taxID_42192_model	A0A8B6G957_taxID_29158_model_A	0.4640
A0A8S3THT1_taxID_6550_model	A0AAN8JKH5_taxID_87958_model	0.4640
A0A067BRT6_taxID_695850_model	A0A1V9YE51_taxID_74557_model	0.4640
A0A0E0PEB1_taxID_4529_model	A0A388KHX6_taxID_69332_model	0.4639
A0A210R253_taxID_6573_model	A0A8B6G9L0_taxID_29158_model_A	0.4639
A0A8H4QR39_taxID_354080_model_A	A0AAD4FBU9_taxID_669026_model_A	0.4638
A0ABN8N3E0_taxID_104178_model	A0ABN8SN36_taxID_104178_model	0.4638
A0A1I7VEA5_taxID_7209_model	A0ABD2I4S2_taxID_97005_model	0.4638
A0A8B6GY87_taxID_29158_model_A	K1QAP4_taxID_29159_model	0.4638
A0AAF5PZK9_taxID_6293_model	A0AAN4ZCE4_taxID_1317129_model	0.4638
A0A074ZDD7_taxID_6198_model	A0A183TFI9_taxID_70667_model	0.4638
A0A8B6CNP6_taxID_29158_model	K1Q6D2_taxID_29159_model	0.4638
A0A1K0HF59_taxID_307758_model_A	R9PI15_taxID_1305764_model_A	0.4638
A0AAQ3LZX8_taxID_150365_model	F0XF66_taxID_655863_model	0.4638
A0A8B6G9L0_taxID_29158_model_A	A0A8J1T8Q4_taxID_6347_model	0.4638
A0A3P7DNC2_taxID_6293_model	A0AA39HID6_taxID_289476_model	0.4637
A0A1I4T9J4_taxID_44574_model_A	A0AAN5XIX5_taxID_1396_model_A	0.4637
A0A8H4RXW4_taxID_354080_model_A	A0A8H7EGD0_taxID_1187904_model	0.4637
A0A6A5SIC2_taxID_706981_model	A0A7C8Q0E6_taxID_2813651_model	0.4636
A0ABQ8FRP3_taxID_1357716_model_A	M5CEE4_taxID_1108050_model	0.4635
A0A1I9G629_taxID_6279_model	A0A8R1TKI8_taxID_6282_model	0.4635
A0A9P6IHM1_taxID_1095194_model	A0AA37L8J5_taxID_700344_model_A	0.4635
A0ABQ8EZ86_taxID_1357716_model	A0ABR4N804_taxID_2732419_model	0.4635
A0A0V1ESS6_taxID_6337_model	A0AAF3EKL4_taxID_2138241_model	0.4635
A0A3B0YDV7_taxID_652676_model_A	A0A8E0V7V4_taxID_52442_model_A	0.4635
A0A1E7FM11_taxID_635003_model	A0AAD7UNL2_taxID_2483200_model	0.4634
A0A8H7E8W0_taxID_1187904_model	A0A8K0WPV5_taxID_80388_model_A	0.4634
A0A915I8K9_taxID_13658_model	A0A915PAR4_taxID_298350_model_A	0.4634
A0ABR0JJU7_taxID_1016849_model_A	W3VU69_taxID_84754_model	0.4634
A0A3S0ZXU8_taxID_188477_model	W6NCB7_taxID_6289_model	0.4634
A0A077ZGT3_taxID_36087_model	A0A915KKL6_taxID_13658_model	0.4633
A0AAN5YGU4_taxID_293939_model	A0ABR2XFG3_taxID_138064_model_A	0.4633
A0A0N0DC34_taxID_179993_model	F0X9X8_taxID_655863_model	0.4633
A0A024TEL4_taxID_157072_model	A0A0A7CPE6_taxID_1202772_model	0.4633
A0A1V6PRI1_taxID_416450_model	A0A8H4YZH8_taxID_48485_model	0.4633
A0A177WTC8_taxID_403673_model	F4NVT9_taxID_684364_model	0.4633
A0A1V6PRI1_taxID_416450_model	A0AA37L8J5_taxID_700344_model_A	0.4633
A0A4Q2D856_taxID_2316362_model	A0ABQ8FRP3_taxID_1357716_model_A	0.4632
A0A2A6BT42_taxID_54126_model	A0AAF5PZK9_taxID_6293_model	0.4632
A0A016T0A5_taxID_53326_model	A0A4E9FIB1_taxID_6279_model	0.4632
A0A0F4GBJ7_taxID_1047168_model	A0AAD6NB37_taxID_5083_model_A	0.4631
A0A6J8CL61_taxID_42192_model_A	A0A6J8DAY9_taxID_42192_model	0.4631
A0A6J8ENF3_taxID_42192_model_A	A0A8J1XGG3_taxID_6347_model	0.4631
A0A5C3ELN8_taxID_86804_model_A	E6ZRP4_taxID_999809_model_A	0.4631
A0AAF5PZK9_taxID_6293_model	A0ABD2I4S2_taxID_97005_model	0.4630
A0ABY7EVT9_taxID_6604_model	K1Q6D2_taxID_29159_model	0.4630
A0A0G4N7R0_taxID_100787_model	A0A9P3PKR9_taxID_47721_model	0.4629
A0A0G2GEG2_taxID_420778_model_A	A0A8K0WPV5_taxID_80388_model_A	0.4629
A0A8B6GYH0_taxID_29158_model_A	A0AAN8JKH5_taxID_87958_model	0.4629
A0AAD6NB37_taxID_5083_model_A	A0ABQ8FRP3_taxID_1357716_model_A	0.4629
A0A177WTC8_taxID_403673_model	A0A507EXS7_taxID_246404_model	0.4629
A0A084G098_taxID_563466_model	A0A8H3DZ25_taxID_456999_model_A	0.4629
A0A127Z996_taxID_49012_model_A	A0A5C3ELN8_taxID_86804_model_A	0.4628
A0A914C4K9_taxID_290746_model	A0AA36CWW9_taxID_96644_model	0.4628
A0A5M9J7X0_taxID_38448_model	A0A9P3CF74_taxID_84275_model	0.4627
A0AAE0W2I3_taxID_2493646_model	A0ABD3VH26_taxID_1069815_model	0.4627
A0A8B6G9L0_taxID_29158_model_A	A0AAD8AV10_taxID_112525_model	0.4627
A0A0N4XV59_taxID_27835_model	A0A183C149_taxID_36090_model	0.4627
A0A6J8AZI7_taxID_42192_model	A0ABY7ESX1_taxID_6604_model	0.4627
A0A8S3R6L7_taxID_6550_model_A	A0AAN8JKH5_taxID_87958_model	0.4626
A0A139HFA6_taxID_321146_model_A	A0ACC2IQ67_taxID_749465_model_A	0.4626
A0A8H5U0D3_taxID_48490_model_A	A0ABR4KUJ7_taxID_1810923_model	0.4626
A0A8J1T8Q4_taxID_6347_model	A0AA88YDI9_taxID_66713_model	0.4626
A0A139HFA6_taxID_321146_model_A	A0A8H7EGD0_taxID_1187904_model	0.4626
A0A0V1ESS6_taxID_6337_model	A0AAN4ZCE4_taxID_1317129_model	0.4626
A0A0V1KD92_taxID_6337_model	A0AAF3EKL4_taxID_2138241_model	0.4625
A0A8H5U0D3_taxID_48490_model_A	S8ARG7_taxID_1284197_model	0.4625
A0A9N8JDS5_taxID_2773715_model_A	A0AAD6NB37_taxID_5083_model_A	0.4624
A0A8H3H4T7_taxID_456999_model	W3VU69_taxID_84754_model	0.4624
A0A177WTC8_taxID_403673_model	A0ACC2TVV6_taxID_34485_model	0.4623
A0A2P5YJV4_taxID_3634_model_A	A0AAV7G5I4_taxID_161865_model	0.4623
A0A1V6PRI1_taxID_416450_model	A0A4R8T272_taxID_1347389_model	0.4623
A0A409YPA9_taxID_231916_model	A0A9N8JDS5_taxID_2773715_model_A	0.4623
A0A409YPA9_taxID_231916_model	A0ABR3V8J2_taxID_85995_model	0.4623
A0A0V1KD92_taxID_6337_model	A0A915KKL6_taxID_13658_model	0.4623
A0A5M9J7X0_taxID_38448_model	R0ISP9_taxID_671987_model	0.4623
A0A6J8CL61_taxID_42192_model_A	A0ABY7EX19_taxID_6604_model	0.4623
A0A0V1I3Y0_taxID_268475_model	A0A183C149_taxID_36090_model	0.4623
A0A0A7CP65_taxID_1202772_model	W4H234_taxID_112090_model	0.4623
A0A6J8ENF3_taxID_42192_model_A	W6NCB7_taxID_6289_model	0.4623
A0A0V1G4S3_taxID_6337_model	A0AAN4ZCE4_taxID_1317129_model	0.4623
A0A4Q2V7C7_taxID_451672_model	A0AAD4FBU9_taxID_669026_model_A	0.4622
A0ABR3UFL0_taxID_48095_model	A0ACC2IQ67_taxID_749465_model_A	0.4622
F0Y635_taxID_44056_model	F0YI20_taxID_44056_model	0.4622
A0A365MYK5_taxID_948311_model_A	A0ABQ0CQG4_taxID_79588_model_A	0.4622
A0A1Y2CS79_taxID_329046_model	A0ABW7AQ69_taxID_3351344_model	0.4622
A0A9P9JQC5_taxID_48865_model_A	F9FW19_taxID_660025_model_A	0.4622
A0A4Q2V7C7_taxID_451672_model	A0ACC1NLV5_taxID_42375_model	0.4622
A0A139HFA6_taxID_321146_model_A	A0A5M9J7X0_taxID_38448_model	0.4621
A0AAE0HNE5_taxID_1854472_model_A	Q2HCB5_taxID_306901_model_A	0.4621
A0A2P6U1N3_taxID_3076_model_A	A0A4S4MP01_taxID_2447956_model	0.4621
A0A7Y6A0K8_taxID_144055_model	A0ABW5MSE8_taxID_1775166_model	0.4621
A0AA37L8J5_taxID_700344_model_A	J0WRI2_taxID_717982_model	0.4621
A0ABR2XFG3_taxID_138064_model_A	W6Y2N7_taxID_930089_model	0.4620
A0A2S6BQA0_taxID_357750_model	A0AA37L8J5_taxID_700344_model_A	0.4620
A0A914W9Q0_taxID_2011161_model	W6NCB7_taxID_6289_model	0.4620
A0A409WY02_taxID_93625_model	Q54QT0_taxID_44689_model_A	0.4620
A0A3B1A6T7_taxID_652676_model_A	A0A4Z0L9R6_taxID_2562683_model_A	0.4619
A0A4Q2D856_taxID_2316362_model	A0ABR2XFG3_taxID_138064_model_A	0.4619
A0A6J8ENF3_taxID_42192_model_A	K1Q6D2_taxID_29159_model	0.4619
A0A8H7B393_taxID_1187904_model_A	A0AAD4EYT8_taxID_669026_model_A	0.4618
A0A8J1XGG3_taxID_6347_model	A0A8S3THT1_taxID_6550_model	0.4617
A0A7C8MQB2_taxID_323545_model	A0ACC2TVV6_taxID_34485_model	0.4616
A0A163HZN4_taxID_5454_model_A	A0A4S4MP01_taxID_2447956_model	0.4616
A0A135T4G4_taxID_703756_model	A0AAD4FBU9_taxID_669026_model_A	0.4616
A0A0N4XV59_taxID_27835_model	A0A915N8X1_taxID_6303_model	0.4616
A0A8H7B393_taxID_1187904_model_A	A0A9N8JDS5_taxID_2773715_model_A	0.4616
A0A0F4GBJ7_taxID_1047168_model	F0XF66_taxID_655863_model	0.4614
A0A8S3R6L7_taxID_6550_model_A	A0A9D4J8T5_taxID_45954_model	0.4614
A0A8B6CNP6_taxID_29158_model	A0AAN8JKH5_taxID_87958_model	0.4614
A0A210R253_taxID_6573_model	A0A8B6BMR6_taxID_29158_model_A	0.4614
A0A8H3H4T7_taxID_456999_model	A0A8H5UJH2_taxID_48507_model_A	0.4614
A0A1I7VBE5_taxID_7209_model	A0ACC3CB14_taxID_2788_model	0.4613
A0A0G2GEG2_taxID_420778_model_A	A0A8H4RXW4_taxID_354080_model_A	0.4613
A0A9N8JDS5_taxID_2773715_model_A	R0ISP9_taxID_671987_model	0.4613
A0A177WTC8_taxID_403673_model	A0ACC3CDQ3_taxID_2788_model	0.4613
A0A915N8X1_taxID_6303_model	A0ABD3VH26_taxID_1069815_model	0.4613
A0A210R253_taxID_6573_model	A0A9D4J8T5_taxID_45954_model	0.4612
A0ABR4N804_taxID_2732419_model	A0ACC2T6Y9_taxID_34485_model	0.4612
A0AAD4EYT8_taxID_669026_model_A	A0AAN5YGU4_taxID_293939_model	0.4612
A0A8H6XYA6_taxID_2733690_model	A0AAD6NB37_taxID_5083_model_A	0.4612
A0A074RXE5_taxID_1423351_model_A	A0A0A1UJW0_taxID_1086054_model	0.4611
A0A3R7WQH8_taxID_112090_model	T0PU14_taxID_1156394_model	0.4611
A0A8B8ESA4_taxID_6565_model_A	A0A9D4LIH2_taxID_45954_model	0.4610
A0A915I8K9_taxID_13658_model	A0AA36CWW9_taxID_96644_model	0.4610
A0A0V1I3Y0_taxID_268475_model	A0ABD2I4S2_taxID_97005_model	0.4609
A0A5M9J7X0_taxID_38448_model	W6Y2N7_taxID_930089_model	0.4609
A0A1I7VBE5_taxID_7209_model	A0A915DFA9_taxID_166011_model	0.4608
A0A2G7FTM7_taxID_656916_model_A	A0ACC2IQ67_taxID_749465_model_A	0.4608
A0A8S3SWK0_taxID_6550_model	A0ACC3CB14_taxID_2788_model	0.4608
A0A8J1XGG3_taxID_6347_model	A0AAN8JKH5_taxID_87958_model	0.4608
A0A085M8H3_taxID_68888_model	A0AAN4ZCE4_taxID_1317129_model	0.4607
A0A179HCZ8_taxID_33203_model	A0ABR1WCT8_taxID_335842_model	0.4607
A0A8B6BMR6_taxID_29158_model_A	A0ABY7EX19_taxID_6604_model	0.4607
A0A8H4RXW4_taxID_354080_model_A	S3CMF3_taxID_1116229_model	0.4607
A0A8H7H787_taxID_456999_model	A0AA39UQR7_taxID_153913_model_A	0.4607
A0A1V6PRI1_taxID_416450_model	A0A8H3DZ25_taxID_456999_model_A	0.4607
A0A9P3PKR9_taxID_47721_model	A0A9P9WMZ2_taxID_1658444_model_A	0.4606
A0A0A1UJW0_taxID_1086054_model	W3VU69_taxID_84754_model	0.4606
A0A8S3RHI5_taxID_6550_model_A	A0A915N8X1_taxID_6303_model	0.4606
A0ABQ8EZ86_taxID_1357716_model	A0ABQ8FNS3_taxID_1357716_model_A	0.4606
A0AAD4FBU9_taxID_669026_model_A	A0ABR0JJU7_taxID_1016849_model_A	0.4606
A0AAD6NK04_taxID_74499_model	A0ABR0JJU7_taxID_1016849_model_A	0.4606
A0A1K0HF59_taxID_307758_model_A	W3VU69_taxID_84754_model	0.4606
A0AB34FH03_taxID_1247861_model	S8ARG7_taxID_1284197_model	0.4606
A0A0D6LVJ5_taxID_53326_model	A0AA36CWW9_taxID_96644_model	0.4605
A0A5N6JRM5_taxID_61186_model	J0WRI2_taxID_717982_model	0.4605
A0A8H6XYA6_taxID_2733690_model	A0A9N8JDS5_taxID_2773715_model_A	0.4605
A0A1V6PRI1_taxID_416450_model	J0WRI2_taxID_717982_model	0.4605
A0A0V0S806_taxID_6336_model	A0A915PAR4_taxID_298350_model_A	0.4604
A0A0A7CPE6_taxID_1202772_model	A0A3R6VRZ5_taxID_157072_model	0.4604
A0A139HFA6_taxID_321146_model_A	A0ABR2XFG3_taxID_138064_model_A	0.4604
A0A1I7VBE5_taxID_7209_model	A0AA39HID6_taxID_289476_model	0.4603
A0A8H7E8W0_taxID_1187904_model	A0AAN5YGU4_taxID_293939_model	0.4603
A0A0V1KD92_taxID_6337_model	A0A8J1T8Q4_taxID_6347_model	0.4603
A0A6J8DAY9_taxID_42192_model	A0A8B6BMR6_taxID_29158_model_A	0.4603
A0AAD4FBU9_taxID_669026_model_A	A0AAE8SXX8_taxID_2041049_model_A	0.4603
A0A1X6PIR8_taxID_2786_model	A0A7C8MQB2_taxID_323545_model	0.4602
A0A364MXI7_taxID_183478_model	A0A8H7EGD0_taxID_1187904_model	0.4602
A0A074RXE5_taxID_1423351_model_A	A0A8H7INQ5_taxID_456999_model	0.4601
A0A016T0A5_taxID_53326_model	A0A183C149_taxID_36090_model	0.4601
A0A6J8AZI7_taxID_42192_model	A0A8S3SWK0_taxID_6550_model	0.4601
A0A7C8Q0E6_taxID_2813651_model	B2VY53_taxID_426418_model	0.4601
A0A0A1UJW0_taxID_1086054_model	A0A8H6ZUP2_taxID_5322_model_A	0.4600
A0AAE0W2I3_taxID_2493646_model	A0ABY7EVT9_taxID_6604_model	0.4600
A0A4Q2D856_taxID_2316362_model	A0A8H7EGD0_taxID_1187904_model	0.4600
A0ACC3CB14_taxID_2788_model	K1Q6D2_taxID_29159_model	0.4600
K3X5C6_taxID_431595_model	W4H175_taxID_112090_model	0.4600
A0ABU8FF18_taxID_3127667_model	A0ACC4D7E4_taxID_33203_model	0.4600
A0A365MYK5_taxID_948311_model_A	A0ABR4K145_taxID_176178_model	0.4600
A0A8J1XGG3_taxID_6347_model	A0ABD2I4S2_taxID_97005_model	0.4599
A0A8B8F0Y1_taxID_6565_model	A0A8J1T8Q4_taxID_6347_model	0.4599
A0A8H4YZH8_taxID_48485_model	A0A8H6XYA6_taxID_2733690_model	0.4599
A0A0P7APX3_taxID_78410_model	A0A7D5Z204_taxID_500148_model	0.4599
A0A5S6QIU3_taxID_70415_model	A0AAN4ZCE4_taxID_1317129_model	0.4599
A0A1F8A6I4_taxID_109264_model_A	A0AAN5YGU4_taxID_293939_model	0.4598
A0A8J1XGG3_taxID_6347_model	A0A8S3RHI5_taxID_6550_model_A	0.4598
A0A0F7RVY0_taxID_49012_model_A	A0A5C3EP17_taxID_86804_model_A	0.4598
A0A0R3RX42_taxID_1147741_model_A	A0AA36DH95_taxID_96644_model_A	0.4598
A0A3S0ZXU8_taxID_188477_model	A0ABY7EX19_taxID_6604_model	0.4598
A0A177WTC8_taxID_403673_model	A0AAD4FBU9_taxID_669026_model_A	0.4598
A0A8H6XYA6_taxID_2733690_model	A0AA37L8J5_taxID_700344_model_A	0.4598
A0A8B6CPY6_taxID_29158_model_A	A0A9D4LIH2_taxID_45954_model	0.4597
A0A0G4N7R0_taxID_100787_model	A0A8H6GM20_taxID_100902_model	0.4597
A0A8H6ZUP2_taxID_5322_model_A	A0A8H8P6Z0_taxID_456999_model	0.4596
A0A6G1HLY0_taxID_703511_model_A	A0A8H5U0D3_taxID_48490_model_A	0.4596
A0A0G2GEG2_taxID_420778_model_A	A0A2G7FTM7_taxID_656916_model_A	0.4596
A0A2G7FTM7_taxID_656916_model_A	A0A4Q2V7C7_taxID_451672_model	0.4596
A0A8S3RHI5_taxID_6550_model_A	A0AAE0W2I3_taxID_2493646_model	0.4596
A0A8H3H4T7_taxID_456999_model	A0AA39UQR7_taxID_153913_model_A	0.4596
A0A9P3CF74_taxID_84275_model	A0AA37L8J5_taxID_700344_model_A	0.4596
A0A177WTC8_taxID_403673_model	A0A1X6PIR8_taxID_2786_model	0.4595
A0A8H5L9I1_taxID_48495_model_A	A0A9P9JQC5_taxID_48865_model_A	0.4595
A0A8B6G957_taxID_29158_model_A	A0A8J1T8Q4_taxID_6347_model	0.4595
A0A077R9S7_taxID_1398559_model_A	A0A0D1CHR5_taxID_5270_model_A	0.4595
A0A067C156_taxID_695850_model_A	A0A3R7WQH8_taxID_112090_model	0.4595
A0AAN4PPE5_taxID_293939_model	S3CMF3_taxID_1116229_model	0.4595
A0A016T0A5_taxID_53326_model	A0AAF5PZK9_taxID_6293_model	0.4594
A0A9P7HHT8_taxID_40199_model	A0AAD5DEJ1_taxID_2649997_model	0.4594
A0A409YPA9_taxID_231916_model	A0A4Q2V7C7_taxID_451672_model	0.4594
A0A2A6BT42_taxID_54126_model	A0A4E9FIB1_taxID_6279_model	0.4594
A0A4Q2V7C7_taxID_451672_model	E3REK7_taxID_861557_model	0.4594
A0A6J8DAY9_taxID_42192_model	A0A8B6CPY6_taxID_29158_model_A	0.4594
A0A0V1G4S3_taxID_6337_model	A0A8J1T8Q4_taxID_6347_model	0.4594
A0A8H3H4T7_taxID_456999_model	A0AAQ3LZX8_taxID_150365_model	0.4594
A0A3M6T5K9_taxID_46731_model	A0AA35SFX9_taxID_519541_model	0.4594
A0AAN5XIX5_taxID_1396_model_A	B5RHR0_taxID_515355_model_A	0.4593
A0A077ZGT3_taxID_36087_model	A0AAN4ZCE4_taxID_1317129_model	0.4593
A0A0D6LVJ5_taxID_53326_model	A0A183C149_taxID_36090_model	0.4593
A0A0V1BIN6_taxID_6334_model	A0AA36CWW9_taxID_96644_model	0.4593
A0A0V1ESS6_taxID_6337_model	A0AA36CWW9_taxID_96644_model	0.4592
A0A067C156_taxID_695850_model_A	A0A397DXJ3_taxID_112090_model	0.4592
A0A2T7PF37_taxID_400727_model	A0AAN5XIX5_taxID_1396_model_A	0.4592
A0A179HCZ8_taxID_33203_model	A0A8H4YZH8_taxID_48485_model	0.4591
A0A7D9J5S3_taxID_317549_model	A0A8S3SWK0_taxID_6550_model	0.4591
A0A6J8CIJ8_taxID_42192_model	A0ABD3VH26_taxID_1069815_model	0.4591
A0AAD4FBU9_taxID_669026_model_A	A0ABQ8FRP3_taxID_1357716_model_A	0.4591
A0A177WTC8_taxID_403673_model	A0A317XLV9_taxID_1882483_model	0.4590
A0A2G7FTM7_taxID_656916_model_A	A0A8H6GM20_taxID_100902_model	0.4590
A0A9D4J8T5_taxID_45954_model	A0ABQ9EAR7_taxID_220873_model	0.4590
A0A166CKA0_taxID_1314776_model	L7JPW8_taxID_1143193_model	0.4590
A0A0V1DE70_taxID_45882_model	A0ABD2I4S2_taxID_97005_model	0.4589
A0A2G7FTM7_taxID_656916_model_A	A0A9N8JDS5_taxID_2773715_model_A	0.4589
A0A0V1KD92_taxID_6337_model	A0AAN4ZCE4_taxID_1317129_model	0.4589
A0A8J1T8Q4_taxID_6347_model	A0A8S3R6L7_taxID_6550_model_A	0.4588
A0A6B2KZX3_taxID_1963864_model	A0A6S7IY75_taxID_317549_model_A	0.4588
A0A8S3SWK0_taxID_6550_model	A0A9W8TQN1_taxID_114810_model	0.4588
A0A2N3MXV9_taxID_41688_model_A	B2VY53_taxID_426418_model	0.4588
A0A0D6LVJ5_taxID_53326_model	A0A914S644_taxID_6256_model	0.4588
A0A3R6VRZ5_taxID_157072_model	A0A418AQE9_taxID_157072_model	0.4588
A0A1Y2CS79_taxID_329046_model	A0ABR0JJU7_taxID_1016849_model_A	0.4588
A0A024TEL4_taxID_157072_model	A0A418AQE9_taxID_157072_model	0.4588
A0A317XLV9_taxID_1882483_model	A0ABQ8FRP3_taxID_1357716_model_A	0.4587
A0A8B6G9L0_taxID_29158_model_A	A0A8B6GY87_taxID_29158_model_A	0.4586
A0A4R8T272_taxID_1347389_model	B2VY53_taxID_426418_model	0.4586
A0A9P6IHM1_taxID_1095194_model	A0AAN5YGU4_taxID_293939_model	0.4586
A0A2N3MXV9_taxID_41688_model_A	A0ABR2XFG3_taxID_138064_model_A	0.4586
A0AAD4EYT8_taxID_669026_model_A	F9F9P2_taxID_660025_model	0.4586
A0ABQ8FRP3_taxID_1357716_model_A	F0XF66_taxID_655863_model	0.4586
A0A2P6U1N3_taxID_3076_model_A	A0ABY8UIN7_taxID_3088_model	0.4586
A0A8B6CPY6_taxID_29158_model_A	A0A8J1T8Q4_taxID_6347_model	0.4586
A0A6J8DAY9_taxID_42192_model	A0A9D4J8T5_taxID_45954_model	0.4585
A0AA39HID6_taxID_289476_model	K1Q6D2_taxID_29159_model	0.4585
A0A1Y2B8A2_taxID_329046_model	A0A8H6MRC0_taxID_2175907_model	0.4585
A0A5N6JRM5_taxID_61186_model	N4XMY1_taxID_665024_model	0.4584
A0A8B6BMR6_taxID_29158_model_A	A0A8B8ESA4_taxID_6565_model_A	0.4584
A0A8H6GM20_taxID_100902_model	E3REK7_taxID_861557_model	0.4584
A0A498S2C2_taxID_6277_model_A	A0A915N8X1_taxID_6303_model	0.4584
A0A9N8JDS5_taxID_2773715_model_A	W6ZHH7_taxID_930090_model	0.4583
A0A9X4BM46_taxID_2983605_model_A	A0AAE3YLB9_taxID_137266_model_A	0.4583
A0A5J9TU90_taxID_38414_model	A0AAV7G5I4_taxID_161865_model	0.4583
A0A8H7B393_taxID_1187904_model_A	A0ABR3V8J2_taxID_85995_model	0.4583
A0A183C149_taxID_36090_model	A0A914C4K9_taxID_290746_model	0.4583
A0A7C8Q0E6_taxID_2813651_model	A0A9P3PKR9_taxID_47721_model	0.4582
A0ABQ9EAR7_taxID_220873_model	A0ABY7EX19_taxID_6604_model	0.4582
A0A0V1DE70_taxID_45882_model	A0AA36CWW9_taxID_96644_model	0.4582
A0A8H7E8W0_taxID_1187904_model	R0ISP9_taxID_671987_model	0.4582
A0A8B6GYH0_taxID_29158_model_A	A0A8B8ESA4_taxID_6565_model_A	0.4581
A0A6J8CL61_taxID_42192_model_A	A0A9D4J8T5_taxID_45954_model	0.4580
A0A5M9J7X0_taxID_38448_model	F9F9P2_taxID_660025_model	0.4580
A0A0G4N7R0_taxID_100787_model	A0A8H7E8W0_taxID_1187904_model	0.4580
A0A3S0ZXU8_taxID_188477_model	A0AA88YDI9_taxID_66713_model	0.4580
A0A8B6CPY6_taxID_29158_model_A	A0ABD3VH26_taxID_1069815_model	0.4579
A0A4E9FIB1_taxID_6279_model	A0ABD2I4S2_taxID_97005_model	0.4578
A0A177X0C6_taxID_403673_model	A0AAD5T9G3_taxID_109957_model	0.4578
A0A1F8A6I4_taxID_109264_model_A	A0A5N6JRM5_taxID_61186_model	0.4578
A0AAD7XMM2_taxID_2483200_model	A0ABR1GFH3_taxID_44056_model	0.4578
A0A8J1T8Q4_taxID_6347_model	A0A915N8X1_taxID_6303_model	0.4578
A0A8S3R6L7_taxID_6550_model_A	A0A8S3V8L1_taxID_6550_model	0.4577
A0A8H5L9I1_taxID_48495_model_A	F9FW19_taxID_660025_model_A	0.4576
A0A5N6JRM5_taxID_61186_model	W6Y2N7_taxID_930089_model	0.4575
A0A8S3RHI5_taxID_6550_model_A	K1QAP4_taxID_29159_model	0.4575
A0A8H6XYA6_taxID_2733690_model	A0A8H7B393_taxID_1187904_model_A	0.4575
A0A1V6PRI1_taxID_416450_model	A0A4Q2D856_taxID_2316362_model	0.4575
A0A813K9V7_taxID_89957_model	F0Y9F1_taxID_44056_model	0.4574
A0A835SWT6_taxID_2026947_model	R1E2E0_taxID_2903_model	0.4574
A0A1I4T9J4_taxID_44574_model_A	A0A6B2KZX3_taxID_1963864_model	0.4574
A0A077ZGT3_taxID_36087_model	A0A8S3THT1_taxID_6550_model	0.4574
A0A0V1DE70_taxID_45882_model	A0A183C149_taxID_36090_model	0.4574
A0A6B2KZX3_taxID_1963864_model	A0A9N8DN83_taxID_568900_model	0.4573
A0ACB7PGA3_taxID_1854479_model_A	Q2HCB5_taxID_306901_model_A	0.4573
A0A6J8CL61_taxID_42192_model_A	A0AAN8JKH5_taxID_87958_model	0.4573
A0A1F8A6I4_taxID_109264_model_A	A0A364MXI7_taxID_183478_model	0.4572
A0A6J8ENF3_taxID_42192_model_A	A0A8S3SWK0_taxID_6550_model	0.4572
A0A6J8AZI7_taxID_42192_model	A0A8J1XGG3_taxID_6347_model	0.4572
A0A085M8H3_taxID_68888_model	A0A8J1XGG3_taxID_6347_model	0.4571
A0A179HCZ8_taxID_33203_model	A0A8H5UJH2_taxID_48507_model_A	0.4571
A0A8H4YZH8_taxID_48485_model	F9F9P2_taxID_660025_model	0.4571
A0A0V1BIN6_taxID_6334_model	A0A915PAR4_taxID_298350_model_A	0.4570
A0A4E9FIB1_taxID_6279_model	A0AAF3EKL4_taxID_2138241_model	0.4570
A0A835YKM2_taxID_303371_model	A0AAN5XIX5_taxID_1396_model_A	0.4570
A0A813K9V7_taxID_89957_model	A0ABR1FXH8_taxID_44056_model	0.4569
A0A7D9J5S3_taxID_317549_model	A0ABN8LLM9_taxID_104178_model_A	0.4569
A0A177WTC8_taxID_403673_model	A0A7C8MQB2_taxID_323545_model	0.4569
A0A177X0C6_taxID_403673_model	A0ABR0JJU7_taxID_1016849_model_A	0.4569
A0A8J1T8Q4_taxID_6347_model	A0AAN8JKH5_taxID_87958_model	0.4569
A0A127Z996_taxID_49012_model_A	A0A4U7KZ21_taxID_280036_model_A	0.4568
A0A1X7RRH8_taxID_1276538_model_A	A0AAQ3LZX8_taxID_150365_model	0.4568
A0A0V1JHS7_taxID_6337_model	A0A2A6BT42_taxID_54126_model	0.4567
A0A8W8J4S3_taxID_29159_model	A0AAV4IQ38_taxID_1093978_model	0.4567
A0A4Q2D856_taxID_2316362_model	A0A8H7B393_taxID_1187904_model_A	0.4566
A0A8B6CNP6_taxID_29158_model	A0A8S3RHI5_taxID_6550_model_A	0.4566
A0A4E9FIB1_taxID_6279_model	A0AA36CWW9_taxID_96644_model	0.4566
A0A4P9XG75_taxID_78915_model	A0A8H3DZ25_taxID_456999_model_A	0.4566
A0A8H3BPP3_taxID_456999_model	A0A8H3DZ25_taxID_456999_model_A	0.4566
A0A4Q2V7C7_taxID_451672_model	A0A812JR76_taxID_1628268_model	0.4565
A0A1V9YBP5_taxID_1202772_model	K3X5C6_taxID_431595_model	0.4565
A0A0N4XV59_taxID_27835_model	A0AC34QHI6_taxID_591449_model	0.4565
A0A0G4N7R0_taxID_100787_model	A0A5M9J7X0_taxID_38448_model	0.4565
A0A0V0S806_taxID_6336_model	A0AAF3EKL4_taxID_2138241_model	0.4565
A0A177WTC8_taxID_403673_model	A0ACC3CB14_taxID_2788_model	0.4565
A0A9N8JDS5_taxID_2773715_model_A	J0WRI2_taxID_717982_model	0.4565
A0A8H5UJH2_taxID_48507_model_A	A0AA37L8J5_taxID_700344_model_A	0.4564
A0A8H4YZH8_taxID_48485_model	W6Y2N7_taxID_930089_model	0.4563
A0A364MXI7_taxID_183478_model	S3CMF3_taxID_1116229_model	0.4563
A0A0V0TGR2_taxID_144512_model	A0AAF3EKL4_taxID_2138241_model	0.4563
A0A0G2GEG2_taxID_420778_model_A	R0ISP9_taxID_671987_model	0.4563
A0A0G2GEG2_taxID_420778_model_A	A0A9P3CF74_taxID_84275_model	0.4563
A0A8B6G9L0_taxID_29158_model_A	A0ABY7EX19_taxID_6604_model	0.4563
A0A8J1TDZ8_taxID_6347_model	A0ABM1B806_taxID_6850_model	0.4562
A0A177WTC8_taxID_403673_model	A0A4P9XG75_taxID_78915_model	0.4562
A0A8H5U0D3_taxID_48490_model_A	A0ABR4K145_taxID_176178_model	0.4562
A0A8B6G957_taxID_29158_model_A	A0AAN8JKH5_taxID_87958_model	0.4561
A0A074RXE5_taxID_1423351_model_A	A0A8H7H787_taxID_456999_model	0.4560
A0A0R3RX42_taxID_1147741_model_A	A0AAF3EKL4_taxID_2138241_model	0.4560
A0A6J8DAY9_taxID_42192_model	A0AAN8JKH5_taxID_87958_model	0.4560
A0A1X6PIR8_taxID_2786_model	A0AAD5UAC9_taxID_447962_model	0.4559
A0A084G098_taxID_563466_model	A0A9P3PKR9_taxID_47721_model	0.4559
A0A2N3MXV9_taxID_41688_model_A	A0A9P3CF74_taxID_84275_model	0.4559
A0A8B6BKM4_taxID_29158_model_A	A0AAN8JKH5_taxID_87958_model	0.4559
A0AAD9L024_taxID_27915_model	A0ABM1VVY2_taxID_6500_model	0.4558
A0A179HCZ8_taxID_33203_model	A0A4R8T272_taxID_1347389_model	0.4558
A0A0V0YE73_taxID_6337_model	A0AAF3EKL4_taxID_2138241_model	0.4558
A0A016T0A5_taxID_53326_model	A0A0R3RX42_taxID_1147741_model_A	0.4558
A0AAD5UAC9_taxID_447962_model	A0ACC3CB14_taxID_2788_model	0.4558
A0A0A7CP65_taxID_1202772_model	K3X5C6_taxID_431595_model	0.4558
A0AAD4EYT8_taxID_669026_model_A	W6ZHH7_taxID_930090_model	0.4557
A0A016T0A5_taxID_53326_model	A0A0V1DE70_taxID_45882_model	0.4557
A0A163HZN4_taxID_5454_model_A	A0A365MYK5_taxID_948311_model_A	0.4557
A0A8H3H4T7_taxID_456999_model	F0XF66_taxID_655863_model	0.4557
A0A8B6GSA5_taxID_29158_model	A0A8S3SWK0_taxID_6550_model	0.4556
A0A2N3MXV9_taxID_41688_model_A	A0A2S6BQA0_taxID_357750_model	0.4556
A0A8H7B393_taxID_1187904_model_A	A0ABR2XFG3_taxID_138064_model_A	0.4556
A0A6J8CL61_taxID_42192_model_A	A0A8J1XGG3_taxID_6347_model	0.4556
A0A8H7H787_taxID_456999_model	A0A8H7INQ5_taxID_456999_model	0.4556
A0A0V1I3Y0_taxID_268475_model	A0A183I077_taxID_387005_model	0.4555
A0A6J8AZI7_taxID_42192_model	A0ABY7EVT9_taxID_6604_model	0.4555
A0A4P9X7U9_taxID_1555241_model	A0ACC3CDQ3_taxID_2788_model	0.4555
A0A016T0A5_taxID_53326_model	A0AA39HID6_taxID_289476_model	0.4555
A0AAJ4XRR1_taxID_63383_model_A	I2FTP4_taxID_120017_model_A	0.4555
A0AA37L8J5_taxID_700344_model_A	R0ISP9_taxID_671987_model	0.4555
A0A915N8X1_taxID_6303_model	K1Q6D2_taxID_29159_model	0.4555
A0A0V0S806_taxID_6336_model	A0AAN4ZCE4_taxID_1317129_model	0.4555
A0A7C8Q0E6_taxID_2813651_model	A0ABR0JJU7_taxID_1016849_model_A	0.4554
A0A1X6PIR8_taxID_2786_model	K1Q6D2_taxID_29159_model	0.4553
A0A2G7FTM7_taxID_656916_model_A	A0A5M9J7X0_taxID_38448_model	0.4553
A0A5C3EP17_taxID_86804_model_A	R9PI15_taxID_1305764_model_A	0.4553
A0A6J8ENF3_taxID_42192_model_A	A0A8B8ESA4_taxID_6565_model_A	0.4553
A0AAD4EYT8_taxID_669026_model_A	A0ACC1NLV5_taxID_42375_model	0.4553
A0A6J8AZI7_taxID_42192_model	A0A915JY09_taxID_13658_model	0.4553
A0A1I7VBE5_taxID_7209_model	A0A914D235_taxID_290746_model	0.4552
A0A1I7VBE5_taxID_7209_model	A0A8S3SWK0_taxID_6550_model	0.4552
A0A238C4W2_taxID_387005_model	A0AC34QHI6_taxID_591449_model	0.4552
A0A8B6GYH0_taxID_29158_model_A	K1Q6D2_taxID_29159_model	0.4552
A0A8H7EGD0_taxID_1187904_model	A0AAN5YGU4_taxID_293939_model	0.4552
A0A0V0YE73_taxID_6337_model	A0A915PAR4_taxID_298350_model_A	0.4552
A0A8J1T8Q4_taxID_6347_model	A0A8S4QC54_taxID_6347_model	0.4552
A0A5S6QIU3_taxID_70415_model	A0A8J1T8Q4_taxID_6347_model	0.4552
A0A4Q2V7C7_taxID_451672_model	W6Y2N7_taxID_930089_model	0.4551
A0A8J1XGG3_taxID_6347_model	A0A9D4J8T5_taxID_45954_model	0.4551
A0A8B6CPY6_taxID_29158_model_A	A0AAN8JKH5_taxID_87958_model	0.4551
A0A8H6GM20_taxID_100902_model	W6Y2N7_taxID_930089_model	0.4550
A0A8H8PB78_taxID_456999_model	W3VU69_taxID_84754_model	0.4550
A0A4S4MP01_taxID_2447956_model	G1X3U2_taxID_756982_model_A	0.4550
A0A4P9X7U9_taxID_1555241_model	K1Q6D2_taxID_29159_model	0.4549
A0A2N3MXV9_taxID_41688_model_A	A0A8H7EGD0_taxID_1187904_model	0.4549
A0A8B6G9L0_taxID_29158_model_A	A0A8B8F0Y1_taxID_6565_model	0.4548
A0A2A6BT42_taxID_54126_model	W2TLA4_taxID_51031_model	0.4548
A0A0G2GEG2_taxID_420778_model_A	A0A8H5UJH2_taxID_48507_model_A	0.4548
A0AAN5YGU4_taxID_293939_model	A0ABR3UFL0_taxID_48095_model	0.4548
A0A0V1BIN6_taxID_6334_model	A0AAF3EKL4_taxID_2138241_model	0.4548
A0A915I8K9_taxID_13658_model	A0AAN4ZCE4_taxID_1317129_model	0.4548
A0A317XLV9_taxID_1882483_model	A0A8H3H4T7_taxID_456999_model	0.4547
A0A8X6KWP2_taxID_2740835_model	A0ABM1B806_taxID_6850_model	0.4547
A0AAJ4XRR1_taxID_63383_model_A	E6ZRP4_taxID_999809_model_A	0.4547
A0A5N6JRM5_taxID_61186_model	R0ISP9_taxID_671987_model	0.4547
A0A485L8F1_taxID_120398_model	K3X5C6_taxID_431595_model	0.4547
A0A137P4M5_taxID_796925_model	A0ABQ8EZ86_taxID_1357716_model	0.4547
A0A0A7CP65_taxID_1202772_model	A0A3R7WQH8_taxID_112090_model	0.4547
A0A4P9X7U9_taxID_1555241_model	F4NVT9_taxID_684364_model	0.4546
A0A077ZGT3_taxID_36087_model	A0A8J1T8Q4_taxID_6347_model	0.4546
D7F7N6_taxID_541230_model_A	P56826_taxID_6610_model	0.4546
A0A4Q2D856_taxID_2316362_model	A0A5N6JRM5_taxID_61186_model	0.4545
A0A1I7VEA5_taxID_7209_model	A0AAF3EKL4_taxID_2138241_model	0.4545
A0A4E9FIB1_taxID_6279_model	A0A914C4K9_taxID_290746_model	0.4545
A0A1V9YBP5_taxID_1202772_model	A0A418AQE9_taxID_157072_model	0.4544
A0AC34QHI6_taxID_591449_model	W2TLA4_taxID_51031_model	0.4544
A0A9N8JDS5_taxID_2773715_model_A	N4XMY1_taxID_665024_model	0.4544
A0A0V1DE70_taxID_45882_model	A0A2A6BT42_taxID_54126_model	0.4544
A0A1W6SSH7_taxID_1288494_model_A	A0A9K3LNV3_taxID_303405_model	0.4544
A0A1K0HF59_taxID_307758_model_A	E6ZRP4_taxID_999809_model_A	0.4544
A0A0V1G4S3_taxID_6337_model	A0A915KKL6_taxID_13658_model	0.4544
A0A914D235_taxID_290746_model	W2TLA4_taxID_51031_model	0.4542
A0A7C8Q0E6_taxID_2813651_model	A0A8H7EGD0_taxID_1187904_model	0.4542
A0A8H6GM20_taxID_100902_model	A0ABR3UFL0_taxID_48095_model	0.4542
A0A139HFA6_taxID_321146_model_A	A0A6A5SIC2_taxID_706981_model	0.4541
A0A8S4Q9N2_taxID_6347_model_A	A0A8S4QC54_taxID_6347_model	0.4541
A0A364L5W2_taxID_1196081_model	A0AA37L8J5_taxID_700344_model_A	0.4541
A0A2S6BQA0_taxID_357750_model	B2VY53_taxID_426418_model	0.4540
A0A9P3CF74_taxID_84275_model	B2VY53_taxID_426418_model	0.4540
A0A179HCZ8_taxID_33203_model	A0ABQ8FRP3_taxID_1357716_model_A	0.4539
A0A0V1JHS7_taxID_6337_model	A0ABD2I4S2_taxID_97005_model	0.4539
A0A0N4SWM8_taxID_6280_model	A0AA39HID6_taxID_289476_model	0.4539
A0A183C149_taxID_36090_model	A0A183I077_taxID_387005_model	0.4538
A0A365MYK5_taxID_948311_model_A	F9G554_taxID_660025_model	0.4538
A0A8R1TKI8_taxID_6282_model	A0ABD2I4S2_taxID_97005_model	0.4537
A0A0G2GEG2_taxID_420778_model_A	W6ZHH7_taxID_930090_model	0.4537
A0AAN5YGU4_taxID_293939_model	R0ISP9_taxID_671987_model	0.4537
A0A2P6U1N3_taxID_3076_model_A	A0ABQ0CQG4_taxID_79588_model_A	0.4537
A0A0V1KR57_taxID_6335_model	A0AAF3EKL4_taxID_2138241_model	0.4537
K0B2W2_taxID_1229908_model_A	M5FY28_taxID_1858805_model	0.4537
A0A8H5Z2U4_taxID_1567541_model	A0AB34FH03_taxID_1247861_model	0.4536
A0A8H2WDY0_taxID_456999_model	A0A8H7H787_taxID_456999_model	0.4536
A0A8H2WDY0_taxID_456999_model	A0A8H6ZUP2_taxID_5322_model_A	0.4535
A0A2A6BT42_taxID_54126_model	A0A915JY09_taxID_13658_model	0.4535
A0A8B6BMR6_taxID_29158_model_A	A0A8S3RHI5_taxID_6550_model_A	0.4535
A0A914W9Q0_taxID_2011161_model	A0AAF3EKL4_taxID_2138241_model	0.4535
A0A5C3ELN8_taxID_86804_model_A	I2FTP4_taxID_120017_model_A	0.4535
A0A077ZGT3_taxID_36087_model	A0AA36CWW9_taxID_96644_model	0.4534
A0A077R9S7_taxID_1398559_model_A	R9PI15_taxID_1305764_model_A	0.4534
A0A016T0A5_taxID_53326_model	A0A8R1TKI8_taxID_6282_model	0.4534
A0A084G098_taxID_563466_model	A0A4Q2D856_taxID_2316362_model	0.4533
A0A3P7DNC2_taxID_6293_model	A0A914C4K9_taxID_290746_model	0.4533
A0AA37L8J5_taxID_700344_model_A	A0AAN4PPE5_taxID_293939_model	0.4533
A0A1I7VBE5_taxID_7209_model	A0AA36DH95_taxID_96644_model_A	0.4532
A0A507EXS7_taxID_246404_model	A0A7C8MQB2_taxID_323545_model	0.4532
A0A0F7RVY0_taxID_49012_model_A	A0A5C3ELN8_taxID_86804_model_A	0.4532
A0A1H1Q0J6_taxID_546871_model_A	A0A1I4VE96_taxID_44574_model_A	0.4532
A0A8H5U0D3_taxID_48490_model_A	F9G554_taxID_660025_model	0.4531
A0A4Q2V7C7_taxID_451672_model	A0A8H7B393_taxID_1187904_model_A	0.4531
A0A5S6QIU3_taxID_70415_model	A0AAF3EKL4_taxID_2138241_model	0.4531
A0A1I7VEA5_taxID_7209_model	A0A914C4K9_taxID_290746_model	0.4530
A0A066RUA7_taxID_1654360_model	A0A166CKA0_taxID_1314776_model	0.4529
A0AA39HID6_taxID_289476_model	A0ABD3VH26_taxID_1069815_model	0.4529
A0A5N6JRM5_taxID_61186_model	E3REK7_taxID_861557_model	0.4529
A0A1I4XKW7_taxID_578942_model_A	A0AAE3YLB9_taxID_137266_model_A	0.4529
A0A8H3D1S1_taxID_456999_model	A0A8H3DZ25_taxID_456999_model_A	0.4529
A0A418AQE9_taxID_157072_model	K3X5C6_taxID_431595_model	0.4529
A0A498S2C2_taxID_6277_model_A	A0A914C4K9_taxID_290746_model	0.4529
A0AAN5YGU4_taxID_293939_model	S3CMF3_taxID_1116229_model	0.4528
A0AAD4EYT8_taxID_669026_model_A	R0ISP9_taxID_671987_model	0.4528
A0A5N6JRM5_taxID_61186_model	A0ACC1NLV5_taxID_42375_model	0.4528
A0A0A7CP65_taxID_1202772_model	A0A397DXJ3_taxID_112090_model	0.4528
A0AA37L8J5_taxID_700344_model_A	W6ZHH7_taxID_930090_model	0.4527
A0A6P8I080_taxID_6105_model	A0A7D9J5S3_taxID_317549_model	0.4527
A0A183TFI9_taxID_70667_model	A0A9N7UE72_taxID_8262_model	0.4527
A0A409YPA9_taxID_231916_model	A0A5N6JRM5_taxID_61186_model	0.4527
A0A0V1DE70_taxID_45882_model	A0A915N8X1_taxID_6303_model	0.4527
A0A0G2GEG2_taxID_420778_model_A	J0WRI2_taxID_717982_model	0.4527
A0A0A7CP65_taxID_1202772_model	A0A6G0X2P4_taxID_100861_model_A	0.4527
A0ABN8LP07_taxID_104178_model	A0ABN8M8J6_taxID_104178_model	0.4527
A0A8S3PWU5_taxID_6550_model	A0ABD3VH26_taxID_1069815_model	0.4527
A0A0V1DE70_taxID_45882_model	A0A183I077_taxID_387005_model	0.4526
A0A2G7FTM7_taxID_656916_model_A	A0ABR2XFG3_taxID_138064_model_A	0.4526
A0A8H7EGD0_taxID_1187904_model	A0A8K0WPV5_taxID_80388_model_A	0.4526
A0A6J8E972_taxID_42192_model	A0A8S3SWK0_taxID_6550_model	0.4526
A0A915N8X1_taxID_6303_model	A0ABY7EX19_taxID_6604_model	0.4526
A0A179HCZ8_taxID_33203_model	A0A5M9J7X0_taxID_38448_model	0.4525
A0AAD5DEJ1_taxID_2649997_model	A0AB34FH03_taxID_1247861_model	0.4525
A0A409YPA9_taxID_231916_model	A0AA37L8J5_taxID_700344_model_A	0.4525
A0A2N3MXV9_taxID_41688_model_A	A0A8H4YZH8_taxID_48485_model	0.4525
A0A1F8A6I4_taxID_109264_model_A	A0AAD4EYT8_taxID_669026_model_A	0.4525
A0A0A7CPE6_taxID_1202772_model	K3X5C6_taxID_431595_model	0.4525
A0A0V1JHS7_taxID_6337_model	A0A183I077_taxID_387005_model	0.4524
A0A409YPA9_taxID_231916_model	A0A5M9J7X0_taxID_38448_model	0.4524
A0A0R3RX42_taxID_1147741_model_A	A0A183C149_taxID_36090_model	0.4524
A0A1H1Q0J6_taxID_546871_model_A	A0A1H7K5B5_taxID_1233_model_A	0.4524
A0A914C4K9_taxID_290746_model	A0AAF5PZK9_taxID_6293_model	0.4523
A0A2S6BQA0_taxID_357750_model	A0A8H7EGD0_taxID_1187904_model	0.4523
A0A8H5UJH2_taxID_48507_model_A	W3VU69_taxID_84754_model	0.4523
A0A8J4BKA8_taxID_51714_model	A0ABP0NLQ2_taxID_1381693_model	0.4522
A0A2N3MXV9_taxID_41688_model_A	A0A8H4RXW4_taxID_354080_model_A	0.4522
A0A8S3SWK0_taxID_6550_model	A0AAE0W2I3_taxID_2493646_model	0.4522
A0AAD6NB37_taxID_5083_model_A	A0ABR2XFG3_taxID_138064_model_A	0.4522
A0A485L8F1_taxID_120398_model	A0A8T0LKJ4_taxID_325452_model	0.4521
A0AA36CWW9_taxID_96644_model	A0ABY7EX19_taxID_6604_model	0.4521
A0A8H5U0D3_taxID_48490_model_A	A0ABQ0CQG4_taxID_79588_model_A	0.4521
A0A8H4QR39_taxID_354080_model_A	A0AAD5SCX3_taxID_64517_model	0.4520
A0A210R253_taxID_6573_model	A0A8B6GY87_taxID_29158_model_A	0.4520
A0A8J1XGG3_taxID_6347_model	A0A8S3R6L7_taxID_6550_model_A	0.4520
A0A127Z996_taxID_49012_model_A	A0A1K0HF59_taxID_307758_model_A	0.4520
A0A8B6BKM4_taxID_29158_model_A	A0A8S3RHI5_taxID_6550_model_A	0.4520
A0A498S2C2_taxID_6277_model_A	A0AA36DH95_taxID_96644_model_A	0.4520
A0A8H6XYA6_taxID_2733690_model	B2VY53_taxID_426418_model	0.4520
A0ACC1NLV5_taxID_42375_model	B2VY53_taxID_426418_model	0.4520
A0A0V1I3Y0_taxID_268475_model	A0A8J1T8Q4_taxID_6347_model	0.4520
A0A8H4YZH8_taxID_48485_model	E3REK7_taxID_861557_model	0.4520
A0A183I077_taxID_387005_model	A0AA39HID6_taxID_289476_model	0.4519
A0A0V1KR57_taxID_6335_model	A0AAF3FHG4_taxID_2138241_model_A	0.4518
A0A0V1DE70_taxID_45882_model	A0A3P7DNC2_taxID_6293_model	0.4518
A0A0E0PEB1_taxID_4529_model	A0AAV7G5I4_taxID_161865_model	0.4518
A0A4S4MP01_taxID_2447956_model	A0ABQ0CQG4_taxID_79588_model_A	0.4518
A0A1W6SSH7_taxID_1288494_model_A	A0A6B2L294_taxID_1963864_model	0.4518
A0A8J1XGG3_taxID_6347_model	A0A915JY09_taxID_13658_model	0.4518
A0AAD7ULC6_taxID_2483200_model	A0ABR1FQU3_taxID_44056_model	0.4518
A0A9D4RA75_taxID_45954_model	A0ABY7ESX1_taxID_6604_model	0.4517
A0A0D1CHR5_taxID_5270_model_A	A0AAJ4XRR1_taxID_63383_model_A	0.4517
A0AA88AFA7_taxID_3494_model_A	A0AAV7G5I4_taxID_161865_model	0.4517
W2TLA4_taxID_51031_model	W6NCB7_taxID_6289_model	0.4517
A0AAU9WFJ4_taxID_46732_model	A0ABN8RHG1_taxID_104759_model	0.4517
A0AAD5SCX3_taxID_64517_model	A0ABQ8FRP3_taxID_1357716_model_A	0.4517
A0A0V1ESS6_taxID_6337_model	A0A3P7DNC2_taxID_6293_model	0.4516
A0A177WTC8_taxID_403673_model	M5CEE4_taxID_1108050_model	0.4515
A0A8B6GY87_taxID_29158_model_A	A0A8S3SWK0_taxID_6550_model	0.4515
A0A9P6IHM1_taxID_1095194_model	S3CMF3_taxID_1116229_model	0.4515
A0AAN5YGU4_taxID_293939_model	E3REK7_taxID_861557_model	0.4515
A0A077R9S7_taxID_1398559_model_A	A0A0F7RVY0_taxID_49012_model_A	0.4515
A0A1I7VEA5_taxID_7209_model	A0A915N8X1_taxID_6303_model	0.4515
A0A8B6CPY6_taxID_29158_model_A	A0A8J1XGG3_taxID_6347_model	0.4515
A0A8H6ZUP2_taxID_5322_model_A	M5CEE4_taxID_1108050_model	0.4514
A0A183I077_taxID_387005_model	A0A914C4K9_taxID_290746_model	0.4514
A0A915N8X1_taxID_6303_model	A0AAF5PZK9_taxID_6293_model	0.4514
A0A077ZGT3_taxID_36087_model	A0A2A6BT42_taxID_54126_model	0.4514
A0A084FV70_taxID_563466_model_A	A0A8K0WPV5_taxID_80388_model_A	0.4514
A0A8B6GSK0_taxID_29158_model	A0A8S3SWK0_taxID_6550_model	0.4514
A0A8B6CNP6_taxID_29158_model	A0A8S3THT1_taxID_6550_model	0.4514
A0AAV7G5I4_taxID_161865_model	A0ABD1H6K2_taxID_28513_model	0.4514
A0A1F8A6I4_taxID_109264_model_A	B2VY53_taxID_426418_model	0.4514
A0A1H1Q0J6_taxID_546871_model_A	A0ABW7AQ69_taxID_3351344_model	0.4514
A0AAN8JKH5_taxID_87958_model	A0ABY7EX19_taxID_6604_model	0.4514
A0A5N6JRM5_taxID_61186_model	W6ZHH7_taxID_930090_model	0.4513
A0A0F4GBJ7_taxID_1047168_model	A0A4Q2D856_taxID_2316362_model	0.4513
A0A0V1DE70_taxID_45882_model	A0A8J1T8Q4_taxID_6347_model	0.4513
A0A8B6G957_taxID_29158_model_A	A0A8J1XGG3_taxID_6347_model	0.4513
A0AAJ4XRR1_taxID_63383_model_A	R9PI15_taxID_1305764_model_A	0.4513
A0A1I4XKW7_taxID_578942_model_A	A0ABR6YEY6_taxID_2762297_model_A	0.4513
A0A8H5UJH2_taxID_48507_model_A	A0AAD4FBU9_taxID_669026_model_A	0.4513
A0A6P8I583_taxID_6105_model	A0A6S7IY75_taxID_317549_model_A	0.4513
A0A6A5SIC2_taxID_706981_model	A0AAN5YGU4_taxID_293939_model	0.4512
A0A507FDN0_taxID_246404_model	A0AAD5T9G3_taxID_109957_model	0.4512
A0A0F8A0A1_taxID_1043627_model	A0ABQ0CQG4_taxID_79588_model_A	0.4512
A0A9N8JDS5_taxID_2773715_model_A	F9F9P2_taxID_660025_model	0.4512
A0A0F8A0A1_taxID_1043627_model	G1X3U2_taxID_756982_model_A	0.4512
A0A0V1JHS7_taxID_6337_model	A0A915N8X1_taxID_6303_model	0.4511
A0A077R9S7_taxID_1398559_model_A	E6ZRP4_taxID_999809_model_A	0.4511
A0A085M8H3_taxID_68888_model	A0A915KKL6_taxID_13658_model	0.4510
A0A1I7VBE5_taxID_7209_model	A0AA88YDI9_taxID_66713_model	0.4510
A0A8H7B393_taxID_1187904_model_A	B2VY53_taxID_426418_model	0.4510
A0A210R253_taxID_6573_model	A0ABD3VH26_taxID_1069815_model	0.4509
A0A317XLV9_taxID_1882483_model	A0A8H8PB78_taxID_456999_model	0.4508
A0A5M9J7X0_taxID_38448_model	A0A8H7EE27_taxID_1187904_model	0.4508
A0A074RXE5_taxID_1423351_model_A	A0A8H7LVB4_taxID_456999_model	0.4508
A0A6J8AZI7_taxID_42192_model	A0A6J8CIJ8_taxID_42192_model	0.4508
A0A8R1TKI8_taxID_6282_model	A0AAN4ZCE4_taxID_1317129_model	0.4508
A0A8H4QR39_taxID_354080_model_A	A0A8H8PB78_taxID_456999_model	0.4507
A0A177WTC8_taxID_403673_model	A0A179HCZ8_taxID_33203_model	0.4507
A0A1Y2CTX0_taxID_329046_model	A0A507F697_taxID_246404_model	0.4507
A0A0D1CHR5_taxID_5270_model_A	A0A2N8UKW6_taxID_72559_model_A	0.4507
A0A8H7EGD0_taxID_1187904_model	A0A9P3CF74_taxID_84275_model	0.4507
A0A8H6XYA6_taxID_2733690_model	A0ABQ0M0Y9_taxID_658473_model_A	0.4507
A0A8T0LKJ4_taxID_325452_model	W4H234_taxID_112090_model	0.4506
A0A0V1I3Y0_taxID_268475_model	A0A2A6BT42_taxID_54126_model	0.4506
A0A4E9FIB1_taxID_6279_model	A0AA36DH95_taxID_96644_model_A	0.4506
A0A162K920_taxID_1081108_model	A0A8H6MRC0_taxID_2175907_model	0.4506
A0A179HCZ8_taxID_33203_model	A0ABR3V8J2_taxID_85995_model	0.4505
A0A0A1UJW0_taxID_1086054_model	A0A317XLV9_taxID_1882483_model	0.4505
A0A8H6GM20_taxID_100902_model	A0A8H7EE27_taxID_1187904_model	0.4505
A0A0K6FPV3_taxID_456999_model	A0A8H2WDY0_taxID_456999_model	0.4505
A0A6A5SIC2_taxID_706981_model	J0WRI2_taxID_717982_model	0.4504
A0AA36CWW9_taxID_96644_model	A0AAF5PZK9_taxID_6293_model	0.4504
A0A364MXI7_taxID_183478_model	A0A8H7EE27_taxID_1187904_model	0.4503
A0A814MII4_taxID_1234261_model_A	A0ABQ8FRP3_taxID_1357716_model_A	0.4503
A0A0V1KR57_taxID_6335_model	A0A915PAR4_taxID_298350_model_A	0.4503
A0A0V1I3Y0_taxID_268475_model	A0A915N8X1_taxID_6303_model	0.4503
A0A0V1ESS6_taxID_6337_model	A0A915KKL6_taxID_13658_model	0.4503
A0A0V1G4S3_taxID_6337_model	A0A183I077_taxID_387005_model	0.4502
A0A364MXI7_taxID_183478_model	A0ABR3V8J2_taxID_85995_model	0.4502
A0A2A6BT42_taxID_54126_model	A0A8R1TKI8_taxID_6282_model	0.4502
A0A6J8ENF3_taxID_42192_model_A	A0A8S3RHI5_taxID_6550_model_A	0.4502
A0A5N6JRM5_taxID_61186_model	A0A8H6XYA6_taxID_2733690_model	0.4502
A0A1I4VE96_taxID_44574_model_A	A0A6B2L294_taxID_1963864_model	0.4502
A0A238C4W2_taxID_387005_model	W6NCB7_taxID_6289_model	0.4502
T0PNV2_taxID_1156394_model	T0PU14_taxID_1156394_model	0.4501
A0A8J1TDZ8_taxID_6347_model	A0A8X6KWP2_taxID_2740835_model	0.4501
A0A1Y1HT28_taxID_105231_model	L7JPW8_taxID_1143193_model	0.4501
A0A8J1T8Q4_taxID_6347_model	A0A9D4J8T5_taxID_45954_model	0.4500
A0A4E9FIB1_taxID_6279_model	A0A915N8X1_taxID_6303_model	0.4500
A0A177X0C6_taxID_403673_model	A0A1G5SEQ3_taxID_51642_model_A	0.4500
A0A016T0A5_taxID_53326_model	A0A0V1JHS7_taxID_6337_model	0.4499
A0A0G2GEG2_taxID_420778_model_A	N4XMY1_taxID_665024_model	0.4499
A0A5M9J7X0_taxID_38448_model	E3REK7_taxID_861557_model	0.4499
A0A8B6BMR6_taxID_29158_model_A	A0A8J1XGG3_taxID_6347_model	0.4499
A0A2S6BQA0_taxID_357750_model	A0A8H6GM20_taxID_100902_model	0.4499
A0A8H4YZH8_taxID_48485_model	J0WRI2_taxID_717982_model	0.4499
A0A8B6GYH0_taxID_29158_model_A	A0A8S3RHI5_taxID_6550_model_A	0.4498
A0A8B6G957_taxID_29158_model_A	W6NCB7_taxID_6289_model	0.4498
A0AAD5UGL0_taxID_261099_model	A0ABQ8FNS3_taxID_1357716_model_A	0.4498
A0A812WL81_taxID_1628268_model	A0A8J2X377_taxID_35677_model	0.4497
A0A1X6PIR8_taxID_2786_model	A0A6S7IY75_taxID_317549_model_A	0.4497
A0A9P3PKR9_taxID_47721_model	A0AAD4FBU9_taxID_669026_model_A	0.4497
A0A0N4SWM8_taxID_6280_model	A0AC34QHI6_taxID_591449_model	0.4497
A0A409YPA9_taxID_231916_model	A0A8H5L9I1_taxID_48495_model_A	0.4496
A0A3M0K1G4_taxID_333673_model	A0ACC2HA47_taxID_75939_model	0.4496
A0A3S0ZXU8_taxID_188477_model	A0AA36CWW9_taxID_96644_model	0.4496
A0A1V6PRI1_taxID_416450_model	A0ABR3V8J2_taxID_85995_model	0.4496
A0A5J9TU90_taxID_38414_model	A0ABS1MHS4_taxID_2802282_model_A	0.4496
A0A0A7CPE6_taxID_1202772_model	A0A418AQE9_taxID_157072_model	0.4496
A0A2G7FTM7_taxID_656916_model_A	B2VY53_taxID_426418_model	0.4495
A0A9N8JDS5_taxID_2773715_model_A	Q2H2F5_taxID_306901_model_A	0.4495
A0A8H7EGD0_taxID_1187904_model	A0AAD6NB37_taxID_5083_model_A	0.4495
A0A8H4RXW4_taxID_354080_model_A	A0A8H6GM20_taxID_100902_model	0.4495
A0A085M8H3_taxID_68888_model	A0ABD2I4S2_taxID_97005_model	0.4494
A0A1I7VBE5_taxID_7209_model	A0A2A6BT42_taxID_54126_model	0.4494
A0AA37L8J5_taxID_700344_model_A	N4XMY1_taxID_665024_model	0.4494
A0A1I7VBE5_taxID_7209_model	A0ABQ8FRP3_taxID_1357716_model_A	0.4493
A0A409YPA9_taxID_231916_model	A0AAD6NB37_taxID_5083_model_A	0.4493
A0ACC2IQ67_taxID_749465_model_A	Q2H2F5_taxID_306901_model_A	0.4493
A0A3R6VRZ5_taxID_157072_model	K3X5C6_taxID_431595_model	0.4493
A0ACC2IQ67_taxID_749465_model_A	F9F9P2_taxID_660025_model	0.4492
A0A0V0YE73_taxID_6337_model	A0AA36CWW9_taxID_96644_model	0.4492
A0A016T0A5_taxID_53326_model	A0A0V1G4S3_taxID_6337_model	0.4492
A0AAD4EYT8_taxID_669026_model_A	N4XMY1_taxID_665024_model	0.4491
A0A2N3MXV9_taxID_41688_model_A	S3CMF3_taxID_1116229_model	0.4491
A0A067BRT6_taxID_695850_model	A0A0A7CPE6_taxID_1202772_model	0.4491
A0A016T0A5_taxID_53326_model	A0A0V1I3Y0_taxID_268475_model	0.4491
A0A177X0C6_taxID_403673_model	A0AA39UQR7_taxID_153913_model_A	0.4491
A0A0B2VVI5_taxID_6265_model	A0A498S2C2_taxID_6277_model_A	0.4491
A0A077R9S7_taxID_1398559_model_A	A0A5C3EP17_taxID_86804_model_A	0.4490
A0A0G4N7R0_taxID_100787_model	A0A9P3CF74_taxID_84275_model	0.4490
A0A915I8K9_taxID_13658_model	A0A915KKL6_taxID_13658_model	0.4490
A0A6J8AZI7_taxID_42192_model	A0A8B6G9L0_taxID_29158_model_A	0.4490
A0A074RXE5_taxID_1423351_model_A	M5CEE4_taxID_1108050_model	0.4489
A0A8H7E8W0_taxID_1187904_model	W6ZHH7_taxID_930090_model	0.4489
A0A6A5SIC2_taxID_706981_model	A0ABR3UFL0_taxID_48095_model	0.4489
A0A2A6BT42_taxID_54126_model	A0A914C4K9_taxID_290746_model	0.4489
A0A507EFD5_taxID_109895_model	A0A9K3LNV3_taxID_303405_model	0.4489
A0AAE4A194_taxID_587534_model_A	A0ABR6YEY6_taxID_2762297_model_A	0.4489
A0A2S6BQA0_taxID_357750_model	S3CMF3_taxID_1116229_model	0.4489
A0A8H6XYA6_taxID_2733690_model	A0A8H7E8W0_taxID_1187904_model	0.4489
A0A166CKA0_taxID_1314776_model	A0A6G1HLY0_taxID_703511_model_A	0.4488
A0A6J8CIJ8_taxID_42192_model	W6NCB7_taxID_6289_model	0.4488
A0ABR2XFG3_taxID_138064_model_A	Q2H2F5_taxID_306901_model_A	0.4488
A0A8H4QR39_taxID_354080_model_A	A0A9P3PKR9_taxID_47721_model	0.4487
A0A0G2GEG2_taxID_420778_model_A	A0A179HCZ8_taxID_33203_model	0.4487
A0A0V1KD92_taxID_6337_model	A0A183I077_taxID_387005_model	0.4487
A0A5N6JRM5_taxID_61186_model	A0A8H7EE27_taxID_1187904_model	0.4487
A0A2G7FTM7_taxID_656916_model_A	A0ABR3V8J2_taxID_85995_model	0.4487
A0AAV7G5I4_taxID_161865_model	A0ABD1H5D5_taxID_28513_model	0.4487
A0AA88YDI9_taxID_66713_model	A0ABY7EX19_taxID_6604_model	0.4487
A0A1V6PRI1_taxID_416450_model	A0A8H5UJH2_taxID_48507_model_A	0.4487
A0A418AND4_taxID_157072_model	A0A8S3SWK0_taxID_6550_model	0.4485
A0A8B6BMR6_taxID_29158_model_A	K1Q6D2_taxID_29159_model	0.4485
A0A7C8Q0E6_taxID_2813651_model	A0AAD4FBU9_taxID_669026_model_A	0.4485
A0A914S644_taxID_6256_model	A0A915N8X1_taxID_6303_model	0.4485
A0A4Q2V7C7_taxID_451672_model	A0A8H7EE27_taxID_1187904_model	0.4484
A0A8B6CNP6_taxID_29158_model	A0A8B8ESA4_taxID_6565_model_A	0.4484
A0ABQ8EZ86_taxID_1357716_model	A0ABQ8FNS5_taxID_1357716_model	0.4484
A0A024TEL4_taxID_157072_model	K3X5C6_taxID_431595_model	0.4484
A0A7C8Q0E6_taxID_2813651_model	A0A8H6XYA6_taxID_2733690_model	0.4484
A0A1I4VE96_taxID_44574_model_A	A0ABR0JJU7_taxID_1016849_model_A	0.4484
A0A2G7FTM7_taxID_656916_model_A	A0A8H4YZH8_taxID_48485_model	0.4483
A0A0V1I3Y0_taxID_268475_model	A0A3P7DNC2_taxID_6293_model	0.4483
A0A5N6JRM5_taxID_61186_model	F9F9P2_taxID_660025_model	0.4483
A0A1H1Q0J6_taxID_546871_model_A	A0A1W6SSH7_taxID_1288494_model_A	0.4483
A0A6J8CIJ8_taxID_42192_model	A0A8B6GY87_taxID_29158_model_A	0.4482
A0A6J8CL61_taxID_42192_model_A	A0A8S3RHI5_taxID_6550_model_A	0.4482
A0ABR2XFG3_taxID_138064_model_A	J0WRI2_taxID_717982_model	0.4482
A0A0F8A0A1_taxID_1043627_model	A0A2P6U1N3_taxID_3076_model_A	0.4482
A0A0V1JHS7_taxID_6337_model	A0A3P7DNC2_taxID_6293_model	0.4481
A0A8B6GY87_taxID_29158_model_A	A0A915N8X1_taxID_6303_model	0.4481
A0A8B8F0Y1_taxID_6565_model	A0AAN8JKH5_taxID_87958_model	0.4481
A0A1I9G629_taxID_6279_model	A0AA36DH95_taxID_96644_model_A	0.4481
A0A1I7VEA5_taxID_7209_model	A0AA36DH95_taxID_96644_model_A	0.4481
A0ABR1FIC3_taxID_44056_model	F0YI20_taxID_44056_model	0.4481
A0A210R253_taxID_6573_model	A0AAN8JKH5_taxID_87958_model	0.4481
A0A179HCZ8_taxID_33203_model	A0A8H7E8W0_taxID_1187904_model	0.4480
A0A6B2L294_taxID_1963864_model	Q2Y722_taxID_323848_model_A	0.4480
A0A6S7IY75_taxID_317549_model_A	K1Q6D2_taxID_29159_model	0.4480
A0A4R8T272_taxID_1347389_model	A0AA37L8J5_taxID_700344_model_A	0.4479
A0A2G7FTM7_taxID_656916_model_A	A0A5N6JRM5_taxID_61186_model	0.4479
A0A2N3MXV9_taxID_41688_model_A	A0ACC2IQ67_taxID_749465_model_A	0.4479
A0A8J2X377_taxID_35677_model	A0A9N8ELP9_taxID_568900_model	0.4479
A0AAD4FBU9_taxID_669026_model_A	A0AAD6NB37_taxID_5083_model_A	0.4479
A0A0V1ESS6_taxID_6337_model	A0A183I077_taxID_387005_model	0.4478
A0A0A1UJW0_taxID_1086054_model	A0A0F7RVY0_taxID_49012_model_A	0.4478
A0A0N4SWM8_taxID_6280_model	A0A0V1DE70_taxID_45882_model	0.4478
A0A0V1G4S3_taxID_6337_model	A0A8J1XGG3_taxID_6347_model	0.4478
A0AA36DH95_taxID_96644_model_A	A0AAF5PZK9_taxID_6293_model	0.4477
A0A5C3EP17_taxID_86804_model_A	W3VU69_taxID_84754_model	0.4477
A0A0F7RVY0_taxID_49012_model_A	A0A177WTC8_taxID_403673_model	0.4477
A0A0V0TGR2_taxID_144512_model	A0AAN4ZCE4_taxID_1317129_model	0.4477
A0A085M8H3_taxID_68888_model	A0A8J1T8Q4_taxID_6347_model	0.4476
A0A183I077_taxID_387005_model	A0A5S6QIU3_taxID_70415_model	0.4476
A0A2A6BT42_taxID_54126_model	A0AA39H3A8_taxID_289476_model	0.4476
A0A0B7A0D2_taxID_1028688_model	A0A7E6EGY5_taxID_2607531_model	0.4476
A0A0G2GEG2_taxID_420778_model_A	A0A364L5W2_taxID_1196081_model	0.4476
A0A0G4N7R0_taxID_100787_model	A0AAD5UAC9_taxID_447962_model	0.4476
A0A6P8I080_taxID_6105_model	A0AAU9WI44_taxID_46732_model	0.4476
A0A0G4N7R0_taxID_100787_model	A0A8H6XYA6_taxID_2733690_model	0.4476
A0AAN5YGU4_taxID_293939_model	W6ZHH7_taxID_930090_model	0.4475
A0A177X0C6_taxID_403673_model	A0ABR4N804_taxID_2732419_model	0.4475
A0A166CKA0_taxID_1314776_model	A0A5P8W6J8_taxID_2653204_model	0.4475
A0A8H7EGD0_taxID_1187904_model	Q2H2F5_taxID_306901_model_A	0.4475
A0A6P8I080_taxID_6105_model	A0ABN8RHG1_taxID_104759_model	0.4475
A0A1H7K5B5_taxID_1233_model_A	A0A6B2L294_taxID_1963864_model	0.4475
A0A812WL81_taxID_1628268_model	A0ABR1FXH8_taxID_44056_model	0.4474
A0A4P9X7U9_taxID_1555241_model	A0A812JR76_taxID_1628268_model	0.4474
A0A183C149_taxID_36090_model	A0A9D4J8T5_taxID_45954_model	0.4474
A0A9N8JDS5_taxID_2773715_model_A	A0A9P6IHM1_taxID_1095194_model	0.4474
A0A077R9S7_taxID_1398559_model_A	A0A5C3ELN8_taxID_86804_model_A	0.4474
A0A8B6BKM4_taxID_29158_model_A	A0A8J1XGG3_taxID_6347_model	0.4474
A0A915I8K9_taxID_13658_model	A0ABD2I4S2_taxID_97005_model	0.4473
A0A3M0K1G4_taxID_333673_model	A0A9N7UE72_taxID_8262_model	0.4473
A0AAN5YGU4_taxID_293939_model	N4XMY1_taxID_665024_model	0.4473
A0A0G2GEG2_taxID_420778_model_A	A0A1V6PRI1_taxID_416450_model	0.4473
A0A8R1TKI8_taxID_6282_model	A0AAF3EKL4_taxID_2138241_model	0.4473
A0A2S6BQA0_taxID_357750_model	A0A6A5SIC2_taxID_706981_model	0.4472
A0A4Q2V7C7_taxID_451672_model	A0A9P3PKR9_taxID_47721_model	0.4472
A0A2A6BT42_taxID_54126_model	A0A5S6QIU3_taxID_70415_model	0.4472
A0A163HZN4_taxID_5454_model_A	A0A8H5U0D3_taxID_48490_model_A	0.4472
A0A8B6BKM4_taxID_29158_model_A	K1Q6D2_taxID_29159_model	0.4472
A0A8H5UJH2_taxID_48507_model_A	B2VY53_taxID_426418_model	0.4472
A0A0V1I3Y0_taxID_268475_model	A0A914C4K9_taxID_290746_model	0.4472
A0A1F8A6I4_taxID_109264_model_A	W6ZHH7_taxID_930090_model	0.4471
A0A4Q2D856_taxID_2316362_model	A0A6A5SIC2_taxID_706981_model	0.4471
A0A6A5SIC2_taxID_706981_model	A0A9P3PKR9_taxID_47721_model	0.4471
A0A0D1CHR5_taxID_5270_model_A	A0A4U7KZ21_taxID_280036_model_A	0.4471
A0AB34FH03_taxID_1247861_model	A0ABR4K145_taxID_176178_model	0.4471
A0A1Y2CTW7_taxID_329046_model	C9SDX6_taxID_526221_model	0.4471
A0A183I077_taxID_387005_model	A0A914W9Q0_taxID_2011161_model	0.4470
A0A8J1T8Q4_taxID_6347_model	A0ABD2I4S2_taxID_97005_model	0.4470
A0A9X4BM46_taxID_2983605_model_A	A0ABR6YEY6_taxID_2762297_model_A	0.4470
A0A9D4J8T5_taxID_45954_model	K1QAP4_taxID_29159_model	0.4470
A0A067BRT6_taxID_695850_model	A0A3R6VRZ5_taxID_157072_model	0.4470
A0A5N6JRM5_taxID_61186_model	A0AAD6NB37_taxID_5083_model_A	0.4470
A0A484G057_taxID_1213857_model	A0AA37L8J5_taxID_700344_model_A	0.4470
A0A2N8UKW6_taxID_72559_model_A	E6ZRP4_taxID_999809_model_A	0.4470
A0A2K8T4N2_taxID_2038116_model_A	A0AAN5XIX5_taxID_1396_model_A	0.4470
A0A077ZGT3_taxID_36087_model	A0A183I077_taxID_387005_model	0.4469
A0AAJ4XRR1_taxID_63383_model_A	W3VU69_taxID_84754_model	0.4469
A0A0G2GEG2_taxID_420778_model_A	A0AAN4PPE5_taxID_293939_model	0.4469
A0ABR3UFL0_taxID_48095_model	B2VY53_taxID_426418_model	0.4469
A0A183C149_taxID_36090_model	A0A5S6QIU3_taxID_70415_model	0.4469
A0A085M8H3_taxID_68888_model	A0A3P7DNC2_taxID_6293_model	0.4468
A0A0V1JHS7_taxID_6337_model	A0AA36DH95_taxID_96644_model_A	0.4468
A0A8H4YZH8_taxID_48485_model	A0A8H7B393_taxID_1187904_model_A	0.4468
A0AAD4EYT8_taxID_669026_model_A	J0WRI2_taxID_717982_model	0.4468
A0A4R8T272_taxID_1347389_model	A0A6A5SIC2_taxID_706981_model	0.4467
A0A0D3G0L1_taxID_65489_model_A	A0A388KHX6_taxID_69332_model	0.4467
A0A183C149_taxID_36090_model	A0A915DFA9_taxID_166011_model	0.4467
A0A2N8UKW6_taxID_72559_model_A	A0A5C3ELN8_taxID_86804_model_A	0.4467
A0A8H3DZ25_taxID_456999_model_A	A0AAD6NB37_taxID_5083_model_A	0.4467
A0A507EXS7_taxID_246404_model	A0AAN5XIX5_taxID_1396_model_A	0.4467
A0AAD9L024_taxID_27915_model	A0AAV4IQ38_taxID_1093978_model	0.4466
A0A2S6BQA0_taxID_357750_model	A0ACC2IQ67_taxID_749465_model_A	0.4466
A0A4Q2D856_taxID_2316362_model	A0ABR1WCT8_taxID_335842_model	0.4465
A0A4R8T272_taxID_1347389_model	A0A8H7EGD0_taxID_1187904_model	0.4465
A0A8B6GSA5_taxID_29158_model	A0A8B6GSK0_taxID_29158_model	0.4465
A0A077ZGT3_taxID_36087_model	A0A3P7DNC2_taxID_6293_model	0.4465
A0A409YPA9_taxID_231916_model	A0A8H4YZH8_taxID_48485_model	0.4465
A0A1F8A6I4_taxID_109264_model_A	R0ISP9_taxID_671987_model	0.4465
A0ABQ0M0Y9_taxID_658473_model_A	A0ABR3V8J2_taxID_85995_model	0.4465
A0A1I4XKW7_taxID_578942_model_A	A0ABS1MHS4_taxID_2802282_model_A	0.4465
A0A5S6QIU3_taxID_70415_model	A0ABD2I4S2_taxID_97005_model	0.4464
A0A067BRT6_taxID_695850_model	W4H175_taxID_112090_model	0.4464
A0A0V1JHS7_taxID_6337_model	A0A8J1XGG3_taxID_6347_model	0.4463
A0A8B8F0Y1_taxID_6565_model	A0A8J1XGG3_taxID_6347_model	0.4463
A0A7C8MWQ0_taxID_323545_model_A	A0ACC2IQ67_taxID_749465_model_A	0.4463
A0A0G2GEG2_taxID_420778_model_A	A0A484G057_taxID_1213857_model	0.4463
A0A9N8JDS5_taxID_2773715_model_A	A0ABR1WCT8_taxID_335842_model	0.4463
A0A8H4YZH8_taxID_48485_model	Q2H2F5_taxID_306901_model_A	0.4463
A0A016T0A5_taxID_53326_model	A0A0V1ESS6_taxID_6337_model	0.4463
A0A0V1G4S3_taxID_6337_model	A0A2A6BT42_taxID_54126_model	0.4462
A0A3P7DNC2_taxID_6293_model	A0A5S6QIU3_taxID_70415_model	0.4462
A0A9W8B9V6_taxID_2761393_model_A	A0ACC2TVV6_taxID_34485_model	0.4462
A0A0V1DE70_taxID_45882_model	A0A238C4W2_taxID_387005_model	0.4461
A0A2A6BT42_taxID_54126_model	A0A8J1T8Q4_taxID_6347_model	0.4461
A0A0D3G0L1_taxID_65489_model_A	A0AAV7G5I4_taxID_161865_model	0.4461
A0AA37L8J5_taxID_700344_model_A	Q2H2F5_taxID_306901_model_A	0.4461
A0A1G5SEQ3_taxID_51642_model_A	A0A8H3DZ25_taxID_456999_model_A	0.4461
A0A7D9J5S3_taxID_317549_model	A0AAD9QB69_taxID_6130_model	0.4460
A0A915JY09_taxID_13658_model	A0A9D4J8T5_taxID_45954_model	0.4460
A0A8H7E8W0_taxID_1187904_model	N4XMY1_taxID_665024_model	0.4460
A0A210R253_taxID_6573_model	A0A9D4LIH2_taxID_45954_model	0.4460
A0A8H6GM20_taxID_100902_model	A0A9P3CF74_taxID_84275_model	0.4460
A0A0G4N7R0_taxID_100787_model	M5CEE4_taxID_1108050_model	0.4459
A0A8B6GY87_taxID_29158_model_A	A0A8J1XGG3_taxID_6347_model	0.4459
A0A7C8MWQ0_taxID_323545_model_A	A0AA37L8J5_taxID_700344_model_A	0.4459
A0A8S3RHI5_taxID_6550_model_A	A0ABD2I4S2_taxID_97005_model	0.4458
A0A0N4XV59_taxID_27835_model	A0A1I7VBE5_taxID_7209_model	0.4458
A0A1I7VBE5_taxID_7209_model	A0A914E549_taxID_290746_model	0.4458
A0ABD0K492_taxID_370345_model	B5RHQ6_taxID_515353_model	0.4458
A0A8B8ESA4_taxID_6565_model_A	K1QAP4_taxID_29159_model	0.4458
A0A8H7B393_taxID_1187904_model_A	A0A8H8PB78_taxID_456999_model	0.4458
A0A077R9S7_taxID_1398559_model_A	A0A317XLV9_taxID_1882483_model	0.4457
A0A9D4J8T5_taxID_45954_model	W6NCB7_taxID_6289_model	0.4457
A0A8H3DZ25_taxID_456999_model_A	A0AAD4FBU9_taxID_669026_model_A	0.4457
A0A9N8JDS5_taxID_2773715_model_A	W6Y2N7_taxID_930089_model	0.4456
A0A067BRT6_taxID_695850_model	A0A1V9YBP5_taxID_1202772_model	0.4456
A0A2A6BT42_taxID_54126_model	A0A8J1XGG3_taxID_6347_model	0.4456
A0A0D6LVJ5_taxID_53326_model	A0A914D235_taxID_290746_model	0.4456
A0AA39UQR7_taxID_153913_model_A	F4NVT9_taxID_684364_model	0.4456
A0A9P9WMZ2_taxID_1658444_model_A	B2VY53_taxID_426418_model	0.4456
A0ABR0JJU7_taxID_1016849_model_A	Q2Y722_taxID_323848_model_A	0.4456
A0A8H4QR39_taxID_354080_model_A	A0A8H5UJH2_taxID_48507_model_A	0.4455
A0A085M8H3_taxID_68888_model	A0A183I077_taxID_387005_model	0.4455
A0A077R9S7_taxID_1398559_model_A	W3VU69_taxID_84754_model	0.4455
A0A8J1XGG3_taxID_6347_model	A0AAF3EKL4_taxID_2138241_model	0.4455
A0A1I4XKW7_taxID_578942_model_A	A0AAE4A194_taxID_587534_model_A	0.4455
A0A0V1I3Y0_taxID_268475_model	A0A8J1XGG3_taxID_6347_model	0.4455
A0A0G2GEG2_taxID_420778_model_A	A0A9P6IHM1_taxID_1095194_model	0.4454
A0AAE4C8H8_taxID_137266_model_A	A0ABR6YEY6_taxID_2762297_model_A	0.4454
A0A364L5W2_taxID_1196081_model	A0A9P6IHM1_taxID_1095194_model	0.4453
A0A7C8MQB2_taxID_323545_model	A0A8S3SWK0_taxID_6550_model	0.4453
A0A6S7IY75_taxID_317549_model_A	A0A8S3SWK0_taxID_6550_model	0.4453
A0A2P6U1N3_taxID_3076_model_A	A0A7D5Z204_taxID_500148_model	0.4453
A0A084G098_taxID_563466_model	A0AAD6NB37_taxID_5083_model_A	0.4453
A0A0V0S806_taxID_6336_model	A0A914C4K9_taxID_290746_model	0.4453
A0A0V1DE70_taxID_45882_model	A0AA36DH95_taxID_96644_model_A	0.4452
A0A8B6BKM4_taxID_29158_model_A	A0AA88YDI9_taxID_66713_model	0.4452
A0ABR3UFL0_taxID_48095_model	A0ABR3V8J2_taxID_85995_model	0.4452
A0A183C149_taxID_36090_model	A0ABY7EX19_taxID_6604_model	0.4452
A0A8H3DZ25_taxID_456999_model_A	W3VU69_taxID_84754_model	0.4452
A0A1I9G629_taxID_6279_model	W6NCB7_taxID_6289_model	0.4451
A0A8H3DZ25_taxID_456999_model_A	A0A8H7LLC6_taxID_456999_model_A	0.4451
A0A8H7EE27_taxID_1187904_model	A0ABR2XFG3_taxID_138064_model_A	0.4450
A0A812JR76_taxID_1628268_model	A0ACC3CB14_taxID_2788_model	0.4450
A0A409YPA9_taxID_231916_model	A0ABR2XFG3_taxID_138064_model_A	0.4450
A0A7S3RCE1_taxID_2903_model	A0A8J4BKA8_taxID_51714_model	0.4450
A0A813FLF8_taxID_89957_model	A0AAD7UPK6_taxID_2483200_model	0.4450
A0A8H6ZUP2_taxID_5322_model_A	A0A8H7INQ5_taxID_456999_model	0.4449
A0A8S3R6L7_taxID_6550_model_A	W6NCB7_taxID_6289_model	0.4449
A0A4U7KZ21_taxID_280036_model_A	A0AAJ4XRR1_taxID_63383_model_A	0.4449
A0AA88YDI9_taxID_66713_model	A0ABQ9EAR7_taxID_220873_model	0.4449
A0A2P6U1N3_taxID_3076_model_A	A0ABR4KUJ7_taxID_1810923_model	0.4449
A0A914W9Q0_taxID_2011161_model	A0A915PAR4_taxID_298350_model_A	0.4449
A0A016T0A5_taxID_53326_model	A0A0N4XV59_taxID_27835_model	0.4449
A0AA39UQR7_taxID_153913_model_A	A0AAD6NB37_taxID_5083_model_A	0.4449
A0A6J8E972_taxID_42192_model	A0A8S3PQP2_taxID_6550_model	0.4449
A0A8K0WPV5_taxID_80388_model_A	A0ACC2IQ67_taxID_749465_model_A	0.4448
A0A0G4N7R0_taxID_100787_model	A0ABR1WCT8_taxID_335842_model	0.4448
A0A0F7RVY0_taxID_49012_model_A	A0ABQ8FRP3_taxID_1357716_model_A	0.4448
A0A0D1CHR5_taxID_5270_model_A	E6ZRP4_taxID_999809_model_A	0.4448
A0A8B6BKM4_taxID_29158_model_A	A0A8S3V8L1_taxID_6550_model	0.4447
A0A024TEL4_taxID_157072_model	A0A067BRT6_taxID_695850_model	0.4447
A0A8S9ZP28_taxID_189291_model	A0AAN4ZCE4_taxID_1317129_model	0.4446
A0A409YPA9_taxID_231916_model	A0ABQ0M0Y9_taxID_658473_model_A	0.4446
A0A5S6QIU3_taxID_70415_model	A0A8S3THT1_taxID_6550_model	0.4446
A0A812SAZ7_taxID_2952_model	F0YJP7_taxID_44056_model	0.4446
A0A0R3RX42_taxID_1147741_model_A	A0AA36CWW9_taxID_96644_model	0.4445
A0A5P8W6J8_taxID_2653204_model	A0A7S3RCE1_taxID_2903_model	0.4445
A0A183C149_taxID_36090_model	A0A3S0ZXU8_taxID_188477_model	0.4445
A0A077ZGT3_taxID_36087_model	A0A183C149_taxID_36090_model	0.4444
A0A0G4N7R0_taxID_100787_model	A0ACC2IQ67_taxID_749465_model_A	0.4444
A0A0G4N7R0_taxID_100787_model	J0WRI2_taxID_717982_model	0.4444
A0A8B6BKM4_taxID_29158_model_A	W6NCB7_taxID_6289_model	0.4444
A0A1F8A6I4_taxID_109264_model_A	A0A8H7EGD0_taxID_1187904_model	0.4444
A0A183C149_taxID_36090_model	A0A915JY09_taxID_13658_model	0.4444
A0A2H1GBQ4_taxID_1276532_model_A	A0A9W8TQN1_taxID_114810_model	0.4443
A0AAD5SAV4_taxID_64517_model	A0AAD5X3H5_taxID_64517_model	0.4443
A0A077R9S7_taxID_1398559_model_A	A0A4U7KZ21_taxID_280036_model_A	0.4443
A0A1F8A6I4_taxID_109264_model_A	N4XMY1_taxID_665024_model	0.4443
A0A0V1I3Y0_taxID_268475_model	A0AA36DH95_taxID_96644_model_A	0.4443
A0A8S3SWK0_taxID_6550_model	A0AA36CWW9_taxID_96644_model	0.4443
A0A0V1ESS6_taxID_6337_model	A0A183C149_taxID_36090_model	0.4443
A0A0V1JHS7_taxID_6337_model	A0A914C4K9_taxID_290746_model	0.4442
A0ACC2IQ67_taxID_749465_model_A	E3REK7_taxID_861557_model	0.4442
A0A0D1CHR5_taxID_5270_model_A	R9PI15_taxID_1305764_model_A	0.4442
A0A1F8A6I4_taxID_109264_model_A	A0ABR2XFG3_taxID_138064_model_A	0.4442
A0A914W9Q0_taxID_2011161_model	A0A915N8X1_taxID_6303_model	0.4442
A0A2G7FTM7_taxID_656916_model_A	A0A8H7E8W0_taxID_1187904_model	0.4441
A0A915DFA9_taxID_166011_model	A0AAN4ZCE4_taxID_1317129_model	0.4441
A0AAE0W2I3_taxID_2493646_model	A0ABQ9EAR7_taxID_220873_model	0.4441
A0A8B6CNP6_taxID_29158_model	A0AAD8AV10_taxID_112525_model	0.4441
A0A4Q2V7C7_taxID_451672_model	A0ABQ0M0Y9_taxID_658473_model_A	0.4441
A0A484G057_taxID_1213857_model	A0ACC2IQ67_taxID_749465_model_A	0.4441
A0A1G5SEQ3_taxID_51642_model_A	A0ABR0JJU7_taxID_1016849_model_A	0.4441
A0A8H4YZH8_taxID_48485_model	A0A8H5UJH2_taxID_48507_model_A	0.4441
A0A0B2VVI5_taxID_6265_model	A0AAF5PZK9_taxID_6293_model	0.4440
A0AAD5TY19_taxID_447962_model	A0ABQ8EZ86_taxID_1357716_model	0.4440
A0A9P3PKR9_taxID_47721_model	A0ABQ8FRP3_taxID_1357716_model_A	0.4440
A0A9D4J8T5_taxID_45954_model	A0AA36CWW9_taxID_96644_model	0.4440
Q2H2F5_taxID_306901_model_A	S3CMF3_taxID_1116229_model	0.4440
A0A8H3A1U9_taxID_456999_model	A0A8H3AAQ4_taxID_456999_model	0.4440
A0A1H1Q0J6_taxID_546871_model_A	A0A1I5DX13_taxID_35799_model_A	0.4439
A0A179HCZ8_taxID_33203_model	A0A2S6BQA0_taxID_357750_model	0.4439
A0A0F4GBJ7_taxID_1047168_model	A0A2H1GBQ4_taxID_1276532_model_A	0.4439
A0A8B8F0Y1_taxID_6565_model	W6NCB7_taxID_6289_model	0.4439
A0AAD5T9G3_taxID_109957_model	A0AAD5UGL0_taxID_261099_model	0.4439
A0A8B6GYH0_taxID_29158_model_A	A0A8J1XGG3_taxID_6347_model	0.4439
A0A8B6GYH0_taxID_29158_model_A	W6NCB7_taxID_6289_model	0.4439
A0A0V1ESS6_taxID_6337_model	A0A2A6BT42_taxID_54126_model	0.4439
A0A9D4MZZ2_taxID_45954_model	A0AA88YDI9_taxID_66713_model	0.4439
A0A166CKA0_taxID_1314776_model	A0AAV2VYF3_taxID_1238450_model	0.4438
A0A5N6JRM5_taxID_61186_model	A0A7C8Q0E6_taxID_2813651_model	0.4438
A0A8H5UJH2_taxID_48507_model_A	A0A8H8PB78_taxID_456999_model	0.4438
A0A3B0YDV7_taxID_652676_model_A	A0A8H4QR39_taxID_354080_model_A	0.4437
A0A485L8F1_taxID_120398_model	T0PNV2_taxID_1156394_model	0.4436
A0A4Q2D856_taxID_2316362_model	A0A8K0WPV5_taxID_80388_model_A	0.4436
A0A9W3GC27_taxID_9837_model	A0ACC2HA47_taxID_75939_model	0.4436
A0A7S3RCE1_taxID_2903_model	A0ABP0NLQ2_taxID_1381693_model	0.4436
A0A8J1XGG3_taxID_6347_model	A0A8S4QC54_taxID_6347_model	0.4436
A0ABN8RHG1_taxID_104759_model	A0ABN8SN36_taxID_104178_model	0.4435
A0A6G0X2P4_taxID_100861_model_A	A0A8T0LKJ4_taxID_325452_model	0.4435
A0A3P7DNC2_taxID_6293_model	A0A914MBW5_taxID_6306_model	0.4435
A0A1I4T9J4_taxID_44574_model_A	A0A1W6SSH7_taxID_1288494_model_A	0.4435
A0A8B6GYH0_taxID_29158_model_A	A0A9D4J8T5_taxID_45954_model	0.4434
A0AAN4PPE5_taxID_293939_model	A0ACC2IQ67_taxID_749465_model_A	0.4434
A0A1X7RRH8_taxID_1276538_model_A	A0ABR2XFG3_taxID_138064_model_A	0.4434
A0A1V6PRI1_taxID_416450_model	A0A8H7E8W0_taxID_1187904_model	0.4434
A0AAD4EYT8_taxID_669026_model_A	A0ABQ0M0Y9_taxID_658473_model_A	0.4434
A0A1I7VBE5_taxID_7209_model	A0AAF3EKL4_taxID_2138241_model	0.4433
A0A0A1UJW0_taxID_1086054_model	A0A8H7H787_taxID_456999_model	0.4433
A0AAN5XIX5_taxID_1396_model_A	D7F7N6_taxID_541230_model_A	0.4433
A0A0V1ESS6_taxID_6337_model	A0A914C4K9_taxID_290746_model	0.4433
A0A4Q2D856_taxID_2316362_model	A0A8H4YZH8_taxID_48485_model	0.4432
A0A7C8MWQ0_taxID_323545_model_A	A0AAD4EYT8_taxID_669026_model_A	0.4432
A0A5N6JRM5_taxID_61186_model	A0A8H7B393_taxID_1187904_model_A	0.4432
A0A914E9Y6_taxID_290746_model	A0AAN4ZCE4_taxID_1317129_model	0.4432
A0A8S3R6L7_taxID_6550_model_A	A0A8S3RHI5_taxID_6550_model_A	0.4431
A0A4P9X7U9_taxID_1555241_model	A0A507F8P2_taxID_246404_model	0.4431
A0A8B8F0Y1_taxID_6565_model	K1Q6D2_taxID_29159_model	0.4431
A0A915JY09_taxID_13658_model	A0AA39HID6_taxID_289476_model	0.4431
A0A1G5SEQ3_taxID_51642_model_A	A0A9K3LNV3_taxID_303405_model	0.4431
A0ABR1WCT8_taxID_335842_model	A0ABR2XFG3_taxID_138064_model_A	0.4431
A0AAN5YGU4_taxID_293939_model	W6Y2N7_taxID_930089_model	0.4430
A0A8B6BMR6_taxID_29158_model_A	A0AA88YDI9_taxID_66713_model	0.4430
A0A1F8A6I4_taxID_109264_model_A	F9F9P2_taxID_660025_model	0.4430
A0A0A7CP65_taxID_1202772_model	W4H175_taxID_112090_model	0.4430
A0A0B2VVI5_taxID_6265_model	A0A3P7DNC2_taxID_6293_model	0.4429
A0A016T0A5_taxID_53326_model	A0A914C4K9_taxID_290746_model	0.4429
A0A183C149_taxID_36090_model	A0A8S3SWK0_taxID_6550_model	0.4429
A0A2T5IGT7_taxID_1231_model_A	A0A6B2L294_taxID_1963864_model	0.4429
A0A409YPA9_taxID_231916_model	B2VY53_taxID_426418_model	0.4428
A0A8H7E8W0_taxID_1187904_model	F9F9P2_taxID_660025_model	0.4428
A0A0A7CP65_taxID_1202772_model	T0PNV2_taxID_1156394_model	0.4427
A0A317XLV9_taxID_1882483_model	E6ZRP4_taxID_999809_model_A	0.4427
A0A8H7H787_taxID_456999_model	M5CEE4_taxID_1108050_model	0.4427
A0AAD5DEJ1_taxID_2649997_model	A0ABY8UIN7_taxID_3088_model	0.4427
A0A0G2GEG2_taxID_420778_model_A	F9F9P2_taxID_660025_model	0.4427
A0A016T0A5_taxID_53326_model	A0A915I8K9_taxID_13658_model	0.4427
A0A6J8DAY9_taxID_42192_model	K1Q6D2_taxID_29159_model	0.4427
A0A914MBW5_taxID_6306_model	A0AAF5PZK9_taxID_6293_model	0.4426
A0A8B6GSA5_taxID_29158_model	A0AAD8AV10_taxID_112525_model	0.4426
A0A2T7PF37_taxID_400727_model	B5RHQ8_taxID_515354_model	0.4426
A0ABN8M8J6_taxID_104178_model	A0ABN8RHG1_taxID_104759_model	0.4426
A0A1I5DX13_taxID_35799_model_A	A0A6B2L294_taxID_1963864_model	0.4425
A0AAJ8BCI9_taxID_8187_model	A0AAV4IQ38_taxID_1093978_model	0.4425
A0A0N4SWM8_taxID_6280_model	A0A0V1I3Y0_taxID_268475_model	0.4425
A0A364MXI7_taxID_183478_model	F9F9P2_taxID_660025_model	0.4424
A0A0F7RVY0_taxID_49012_model_A	A0AAJ4XRR1_taxID_63383_model_A	0.4424
A0A3P7DNC2_taxID_6293_model	W6NCB7_taxID_6289_model	0.4424
A0A5S6QIU3_taxID_70415_model	A0AA36CWW9_taxID_96644_model	0.4424
A0A915N8X1_taxID_6303_model	A0AA88YDI9_taxID_66713_model	0.4424
A0AA88XKK9_taxID_66713_model	A0ABD3VH26_taxID_1069815_model	0.4424
A0A8H8PB78_taxID_456999_model	A0ABR0JJU7_taxID_1016849_model_A	0.4424
A0A1X7RRH8_taxID_1276538_model_A	A0ABQ8FRP3_taxID_1357716_model_A	0.4424
A0A2H1GBQ4_taxID_1276532_model_A	A0AAD4EYT8_taxID_669026_model_A	0.4424
A0A6J8BNB1_taxID_42192_model_A	A0A8B6G9L0_taxID_29158_model_A	0.4423
A0A4Q2V7C7_taxID_451672_model	J0WRI2_taxID_717982_model	0.4423
T0PU14_taxID_1156394_model	W4H175_taxID_112090_model	0.4423
A0A8H8PB78_taxID_456999_model	A0ABQ8FRP3_taxID_1357716_model_A	0.4423
A0A1Y2CTX0_taxID_329046_model	A0A4P9X7U9_taxID_1555241_model	0.4422
A0A5C3ELN8_taxID_86804_model_A	A0A5C3EP17_taxID_86804_model_A	0.4422
A0A6J8CL61_taxID_42192_model_A	A0A8S3V8L1_taxID_6550_model	0.4422
A0A8R1TKI8_taxID_6282_model	A0A915N8X1_taxID_6303_model	0.4422
A0AAN5XIX5_taxID_1396_model_A	A0ABW7AQ69_taxID_3351344_model	0.4422
A0A1E7FM11_taxID_635003_model	A0A7S3QEJ9_taxID_122233_model	0.4421
A0A9P6IHM1_taxID_1095194_model	Q2H2F5_taxID_306901_model_A	0.4421
A0A077R9S7_taxID_1398559_model_A	A0A1K0HF59_taxID_307758_model_A	0.4421
A0A364L5W2_taxID_1196081_model	A0A364MXI7_taxID_183478_model	0.4420
A0A9K3LNV3_taxID_303405_model	A0ABN8LP07_taxID_104178_model	0.4420
A0A1I4T9J4_taxID_44574_model_A	Q2Y722_taxID_323848_model_A	0.4420
A0A016T0A5_taxID_53326_model	A0A5S6QIU3_taxID_70415_model	0.4420
A0A0B2VVI5_taxID_6265_model	A0A1I7VEA5_taxID_7209_model	0.4420
A0A8K0IA90_taxID_13894_model	A0AAV7G5I4_taxID_161865_model	0.4419
A0A4R8T272_taxID_1347389_model	A0ABR2XFG3_taxID_138064_model_A	0.4419
A0A016T0A5_taxID_53326_model	A0A077ZGT3_taxID_36087_model	0.4419
A0A0V1G4S3_taxID_6337_model	A0A3P7DNC2_taxID_6293_model	0.4419
A0A6J8DAY9_taxID_42192_model	A0A8S3V8L1_taxID_6550_model	0.4418
A0A177WTC8_taxID_403673_model	A0A1X7RRH8_taxID_1276538_model_A	0.4418
A0A0V1BIN6_taxID_6334_model	A0A183I077_taxID_387005_model	0.4417
A0A6A5SIC2_taxID_706981_model	W6Y2N7_taxID_930089_model	0.4417
A0A166CKA0_taxID_1314776_model	A0A9W6C0G6_taxID_330485_model	0.4417
A0A1H1Q0J6_taxID_546871_model_A	A0A285BU58_taxID_44577_model_A	0.4417
A0A914E549_taxID_290746_model	A0AA36DH95_taxID_96644_model_A	0.4417
A0A6J8DAY9_taxID_42192_model	A0A9D4LIH2_taxID_45954_model	0.4417
A0A914E549_taxID_290746_model	A0A915JY09_taxID_13658_model	0.4417
A0A8S3PQP2_taxID_6550_model	A0A8S3THT1_taxID_6550_model	0.4416
A0A0F7RVY0_taxID_49012_model_A	A0A2N8UKW6_taxID_72559_model_A	0.4416
A0A0K6FPV3_taxID_456999_model	A0A8H3A1U9_taxID_456999_model	0.4416
A0A163KNP0_taxID_5454_model_A	A0A9N8JDS5_taxID_2773715_model_A	0.4416
A0A6J8CL61_taxID_42192_model_A	K1Q6D2_taxID_29159_model	0.4416
A0A0V1G4S3_taxID_6337_model	A0ABD2I4S2_taxID_97005_model	0.4415
A0A365MYK5_taxID_948311_model_A	A0A9P7HHT8_taxID_40199_model	0.4415
A0AAD8AV10_taxID_112525_model	A0AAN8JKH5_taxID_87958_model	0.4415
A0A0V1I3Y0_taxID_268475_model	A0A238C4W2_taxID_387005_model	0.4415
A0A0A7CP65_taxID_1202772_model	A0A1V9YBP5_taxID_1202772_model	0.4414
A0A077R9S7_taxID_1398559_model_A	A0A127Z996_taxID_49012_model_A	0.4414
A0A444ZR13_taxID_3818_model	A0A7S7SGR7_taxID_1473598_model	0.4414
A0A085M8H3_taxID_68888_model	A0A8S3THT1_taxID_6550_model	0.4413
A0A484G057_taxID_1213857_model	A0A4Q2V7C7_taxID_451672_model	0.4413
A0AAD6NB37_taxID_5083_model_A	F0XF66_taxID_655863_model	0.4413
A0A8H3H4T7_taxID_456999_model	A0A8H7B393_taxID_1187904_model_A	0.4413
A0ABD2I4S2_taxID_97005_model	A0ABY7EX19_taxID_6604_model	0.4412
A0A0G2GEG2_taxID_420778_model_A	A0A4R8T272_taxID_1347389_model	0.4412
A0A8H5UJH2_taxID_48507_model_A	A0A8H7LLC6_taxID_456999_model_A	0.4412
A0A9N8JDS5_taxID_2773715_model_A	E3REK7_taxID_861557_model	0.4412
A0A0F9J123_taxID_412755_model	K0B2W2_taxID_1229908_model_A	0.4411
A0A1H7K5B5_taxID_1233_model_A	A0ACC2TVV6_taxID_34485_model	0.4411
A0A1I7VBE5_taxID_7209_model	A0A1X6PIR8_taxID_2786_model	0.4410
A0A8B8F0Y1_taxID_6565_model	A0A8S3RHI5_taxID_6550_model_A	0.4410
A0A238C4W2_taxID_387005_model	A0A914C4K9_taxID_290746_model	0.4410
A0A8H6XYA6_taxID_2733690_model	A0AAD4FBU9_taxID_669026_model_A	0.4410
A0A163KNP0_taxID_5454_model_A	A0AA37L8J5_taxID_700344_model_A	0.4410
A0A812WL81_taxID_1628268_model	F0Y9F1_taxID_44056_model	0.4409
A0A077ZGT3_taxID_36087_model	A0ABD2I4S2_taxID_97005_model	0.4409
A0AAN5YGU4_taxID_293939_model	Q2H2F5_taxID_306901_model_A	0.4409
A0A915MQ42_taxID_6303_model	A0AAN4ZCE4_taxID_1317129_model	0.4409
A0A0F7RVY0_taxID_49012_model_A	A0A8H8PB78_taxID_456999_model	0.4409
A0A1X7RRH8_taxID_1276538_model_A	A0A8H3H4T7_taxID_456999_model	0.4409
T0PNV2_taxID_1156394_model	W4H234_taxID_112090_model	0.4408
A0A177WTC8_taxID_403673_model	A0A8H8PB78_taxID_456999_model	0.4408
A0A077ZGT3_taxID_36087_model	A0A914C4K9_taxID_290746_model	0.4407
A0A0L8IDI7_taxID_37653_model	A0A8X6KWP2_taxID_2740835_model	0.4407
A0A016T0A5_taxID_53326_model	A0A0V1KR57_taxID_6335_model	0.4407
A0A498S2C2_taxID_6277_model_A	A0AA39HID6_taxID_289476_model	0.4406
A0A7C8MWQ0_taxID_323545_model_A	A0A9N8JDS5_taxID_2773715_model_A	0.4406
A0A4Q2V7C7_taxID_451672_model	A0AAN4PPE5_taxID_293939_model	0.4406
A0A163KNP0_taxID_5454_model_A	A0ACC2IQ67_taxID_749465_model_A	0.4406
A0A0D1CHR5_taxID_5270_model_A	A0A5C3EP17_taxID_86804_model_A	0.4406
A0A067C156_taxID_695850_model_A	A0A485L8F1_taxID_120398_model	0.4406
A0AA88YDI9_taxID_66713_model	A0AAE0W2I3_taxID_2493646_model	0.4406
A0A364L5W2_taxID_1196081_model	Q2H2F5_taxID_306901_model_A	0.4406
B2VY53_taxID_426418_model	Q2H2F5_taxID_306901_model_A	0.4406
A0A9N8JDS5_taxID_2773715_model_A	A0ABQ8FRP3_taxID_1357716_model_A	0.4406
A0A364MXI7_taxID_183478_model	A0AAN4PPE5_taxID_293939_model	0.4405
A0A8B6GY87_taxID_29158_model_A	A0A9D4MZZ2_taxID_45954_model	0.4405
A0A9X4BM46_taxID_2983605_model_A	A0ABS1MHS4_taxID_2802282_model_A	0.4405
A0A2N3MXV9_taxID_41688_model_A	A0A8H6GM20_taxID_100902_model	0.4405
A0A0V1DE70_taxID_45882_model	A0A8J1XGG3_taxID_6347_model	0.4405
A0A2A6BT42_taxID_54126_model	A0A915I8K9_taxID_13658_model	0.4405
A0A0V0S806_taxID_6336_model	A0A915KKL6_taxID_13658_model	0.4405
A0ABD2I4S2_taxID_97005_model	A0ABD3VH26_taxID_1069815_model	0.4404
A0A317XLV9_taxID_1882483_model	A0A8H5UJH2_taxID_48507_model_A	0.4404
A0A0G2GEG2_taxID_420778_model_A	W6Y2N7_taxID_930089_model	0.4404
A0ABD3VH26_taxID_1069815_model	A0ABY7EVT9_taxID_6604_model	0.4404
A0A6A5SIC2_taxID_706981_model	W6ZHH7_taxID_930090_model	0.4404
A0A4P9XG75_taxID_78915_model	A0AAD9L024_taxID_27915_model	0.4403
A0A2H1GBQ4_taxID_1276532_model_A	A0A8H3H4T7_taxID_456999_model	0.4403
A0ABR3V8J2_taxID_85995_model	W6ZHH7_taxID_930090_model	0.4403
A0A8H3H4T7_taxID_456999_model	A0A9W8TQN1_taxID_114810_model	0.4403
A0A1H7K5B5_taxID_1233_model_A	A0AAD9L024_taxID_27915_model	0.4402
A0A085M8H3_taxID_68888_model	A0AA36CWW9_taxID_96644_model	0.4402
A0A317XLV9_taxID_1882483_model	A0A4P9X7U9_taxID_1555241_model	0.4402
A0A0V1ESS6_taxID_6337_model	A0A8S3THT1_taxID_6550_model	0.4402
A0A016T0A5_taxID_53326_model	A0A0V1KD92_taxID_6337_model	0.4402
A0A8S2MFL9_taxID_1234261_model	A0AAD7UPK6_taxID_2483200_model	0.4402
A0A3S0ZXU8_taxID_188477_model	A0AAN8JKH5_taxID_87958_model	0.4402
A0A2P6U1N3_taxID_3076_model_A	A0AB34FH03_taxID_1247861_model	0.4402
A0A5J9TU90_taxID_38414_model	A0ABR6YEY6_taxID_2762297_model_A	0.4402
A0A085M8H3_taxID_68888_model	A0A183C149_taxID_36090_model	0.4401
A0A8B6BKM4_taxID_29158_model_A	A0A9D4J8T5_taxID_45954_model	0.4401
A0A163HZN4_taxID_5454_model_A	A0AAD5DEJ1_taxID_2649997_model	0.4401
A0A409YPA9_taxID_231916_model	A0AAD4EYT8_taxID_669026_model_A	0.4401
A0A163KNP0_taxID_5454_model_A	A0A1F8A6I4_taxID_109264_model_A	0.4400
A0A0B2VVI5_taxID_6265_model	A0A4E9FIB1_taxID_6279_model	0.4400
A0A163KNP0_taxID_5454_model_A	A0A8H6GM20_taxID_100902_model	0.4400
A0A8B6CPY6_taxID_29158_model_A	W6NCB7_taxID_6289_model	0.4400
A0A8B6CNP6_taxID_29158_model	A0A9D4J8T5_taxID_45954_model	0.4399
A0A5N6JRM5_taxID_61186_model	Q2H2F5_taxID_306901_model_A	0.4398
A0A7C8Q0E6_taxID_2813651_model	A0AAD6NK04_taxID_74499_model	0.4398
A0AAD4EYT8_taxID_669026_model_A	A0ABN8LP07_taxID_104178_model	0.4398
A0A4R8T272_taxID_1347389_model	A0A8H4YZH8_taxID_48485_model	0.4397
A0A1H1Q0J6_taxID_546871_model_A	M5FY28_taxID_1858805_model	0.4397
A0A163KNP0_taxID_5454_model_A	A0A4Q2V7C7_taxID_451672_model	0.4397
A0A8S3SWK0_taxID_6550_model	A0A9D4MZZ2_taxID_45954_model	0.4397
A0A0V0S806_taxID_6336_model	A0A183I077_taxID_387005_model	0.4396
A0A8B6G957_taxID_29158_model_A	A0A8S3V8L1_taxID_6550_model	0.4396
A0A4Q2V7C7_taxID_451672_model	A0AAD5UAC9_taxID_447962_model	0.4396
A0AAD6NB37_taxID_5083_model_A	A0ABR3V8J2_taxID_85995_model	0.4396
A0A0V1G4S3_taxID_6337_model	A0A183C149_taxID_36090_model	0.4396
A0A364L5W2_taxID_1196081_model	A0A9N8JDS5_taxID_2773715_model_A	0.4396
A0A9N8JDS5_taxID_2773715_model_A	A0AAN4PPE5_taxID_293939_model	0.4396
A0A0V0TGR2_taxID_144512_model	A0A183I077_taxID_387005_model	0.4395
A0A016T0A5_taxID_53326_model	A0A0V0TGR2_taxID_144512_model	0.4395
A0A6J8CIJ8_taxID_42192_model	A0ABY7ESX1_taxID_6604_model	0.4395
A0A163KNP0_taxID_5454_model_A	A0ABR2XFG3_taxID_138064_model_A	0.4395
B5RHR0_taxID_515355_model_A	E7CLR7_taxID_34541_model	0.4394
A0A0G2GEG2_taxID_420778_model_A	A0A4Q2D856_taxID_2316362_model	0.4394
A0A077ZGT3_taxID_36087_model	A0A915N8X1_taxID_6303_model	0.4394
A0A4Q2V7C7_taxID_451672_model	A0A7C8MWQ0_taxID_323545_model_A	0.4394
A0A135T4G4_taxID_703756_model	A0AAE8SXX8_taxID_2041049_model_A	0.4394
A0A498S2C2_taxID_6277_model_A	A0A914MBW5_taxID_6306_model	0.4394
A0A8H4QR39_taxID_354080_model_A	A0AAD5T9G3_taxID_109957_model	0.4393
A0AA37L8J5_taxID_700344_model_A	E3REK7_taxID_861557_model	0.4393
A0A8B6G9L0_taxID_29158_model_A	W6NCB7_taxID_6289_model	0.4393
A0A1V6PRI1_taxID_416450_model	A0A8H6XYA6_taxID_2733690_model	0.4393
A0A179HCZ8_taxID_33203_model	A0ACC2IQ67_taxID_749465_model_A	0.4392
A0A1I7VBE5_taxID_7209_model	Q2Y722_taxID_323848_model_A	0.4392
A0A0V1JHS7_taxID_6337_model	A0A183C149_taxID_36090_model	0.4392
A0A7C8MWQ0_taxID_323545_model_A	A0A8H6GM20_taxID_100902_model	0.4392
A0A0V1DE70_taxID_45882_model	A0A914C4K9_taxID_290746_model	0.4392
A0A8H7B393_taxID_1187904_model_A	A0ABR1WCT8_taxID_335842_model	0.4392
A0A0F7RVY0_taxID_49012_model_A	A0AA39UQR7_taxID_153913_model_A	0.4392
A0A317XLV9_taxID_1882483_model	A0A5C3EP17_taxID_86804_model_A	0.4391
A0A8H7EE27_taxID_1187904_model	A0ACC2IQ67_taxID_749465_model_A	0.4391
A0A3B0YDV7_taxID_652676_model_A	A0ACC2TVV6_taxID_34485_model	0.4391
A0A084G098_taxID_563466_model	A0A135T4G4_taxID_703756_model	0.4391
A0A1X7RRH8_taxID_1276538_model_A	A0A4Q2D856_taxID_2316362_model	0.4390
A0A2N3MXV9_taxID_41688_model_A	A0A6A5SIC2_taxID_706981_model	0.4390
A0AA39HID6_taxID_289476_model	A0AC34QHI6_taxID_591449_model	0.4390
A0A0D2PWI2_taxID_945553_model	Q54QT1_taxID_44689_model	0.4390
A0A0A7CP65_taxID_1202772_model	A0A418AQE9_taxID_157072_model	0.4390
A0A6J8CL61_taxID_42192_model_A	W6NCB7_taxID_6289_model	0.4390
A0A9P3CF74_taxID_84275_model	J0WRI2_taxID_717982_model	0.4390
A0A1I9G629_taxID_6279_model	K1Q6D2_taxID_29159_model	0.4389
A0A6J8CIJ8_taxID_42192_model	A0AA39HID6_taxID_289476_model	0.4389
A0A0V1KD92_taxID_6337_model	A0AA36CWW9_taxID_96644_model	0.4389
A0A6J8AZI7_taxID_42192_model	A0AAE0W2I3_taxID_2493646_model	0.4389
A0A8B8D4J3_taxID_6565_model	A0AAD8AV10_taxID_112525_model	0.4389
A0A8B6G957_taxID_29158_model_A	A0A8S3RHI5_taxID_6550_model_A	0.4388
A0A8J1T8Q4_taxID_6347_model	A0A8S3THT1_taxID_6550_model	0.4388
A0AAN8JKH5_taxID_87958_model	W6NCB7_taxID_6289_model	0.4388
A0A0A7CP65_taxID_1202772_model	A0A0A7CPE6_taxID_1202772_model	0.4388
A0A8H6ZUP2_taxID_5322_model_A	W3VU69_taxID_84754_model	0.4387
A0A364L5W2_taxID_1196081_model	A0A6A5SIC2_taxID_706981_model	0.4387
A0A0L8IDI7_taxID_37653_model	A0A8J1TDZ8_taxID_6347_model	0.4387
G1X3U2_taxID_756982_model_A	L7JPW8_taxID_1143193_model	0.4387
A0A0G2GEG2_taxID_420778_model_A	A0ABQ0M0Y9_taxID_658473_model_A	0.4387
A0A0G2GEG2_taxID_420778_model_A	A0A8H6XYA6_taxID_2733690_model	0.4387
A0A084FV70_taxID_563466_model_A	A0A5M9J7X0_taxID_38448_model	0.4387
A0A8J1XGG3_taxID_6347_model	A0A8S3SWK0_taxID_6550_model	0.4387
A0A0V0YE73_taxID_6337_model	A0A183I077_taxID_387005_model	0.4386
A0A4Q2D856_taxID_2316362_model	S3CMF3_taxID_1116229_model	0.4386
A0A1Y2B8A2_taxID_329046_model	A0A6G1HLY0_taxID_703511_model_A	0.4386
A0A1I9G629_taxID_6279_model	A0ABY7EX19_taxID_6604_model	0.4386
A0A409YPA9_taxID_231916_model	A0A8H6GM20_taxID_100902_model	0.4386
A0A4Q2D856_taxID_2316362_model	A0A8H3DZ25_taxID_456999_model_A	0.4385
A0A6A5SIC2_taxID_706981_model	R0ISP9_taxID_671987_model	0.4385
A0A0V1KD92_taxID_6337_model	A0A3P7DNC2_taxID_6293_model	0.4385
A0ABR3V8J2_taxID_85995_model	F9F9P2_taxID_660025_model	0.4385
A0A8H3AAQ4_taxID_456999_model	A0A8H7H787_taxID_456999_model	0.4385
A0A9W8TQN1_taxID_114810_model	A0ACC3CDQ3_taxID_2788_model	0.4384
A0A3N0CP77_taxID_661483_model	A0A4P9XG75_taxID_78915_model	0.4384
A0A0G4N7R0_taxID_100787_model	A0A139HFA6_taxID_321146_model_A	0.4384
A0A0G4N7R0_taxID_100787_model	A0A2S6BQA0_taxID_357750_model	0.4384
A0A0V1G4S3_taxID_6337_model	A0A914C4K9_taxID_290746_model	0.4384
A0A3P7DNC2_taxID_6293_model	A0AAF3FHG4_taxID_2138241_model_A	0.4383
A0A8K0WPV5_taxID_80388_model_A	S3CMF3_taxID_1116229_model	0.4383
A0A9K3LNV3_taxID_303405_model	A0A9N8DN83_taxID_568900_model	0.4383
A0A0D1CHR5_taxID_5270_model_A	I2FTP4_taxID_120017_model_A	0.4383
A0A139HFA6_taxID_321146_model_A	A0A1F8A6I4_taxID_109264_model_A	0.4383
A0A364L5W2_taxID_1196081_model	A0A8H4YZH8_taxID_48485_model	0.4383
A0A085M8H3_taxID_68888_model	A0A914C4K9_taxID_290746_model	0.4382
A0A0V1KD92_taxID_6337_model	A0ABD2I4S2_taxID_97005_model	0.4382
A0A484G057_taxID_1213857_model	A0A5M9J7X0_taxID_38448_model	0.4382
A0A1I7VEA5_taxID_7209_model	A0A914MBW5_taxID_6306_model	0.4382
A0A2N8UKW6_taxID_72559_model_A	W3VU69_taxID_84754_model	0.4382
A0A3S0ZXU8_taxID_188477_model	A0A6J8ENF3_taxID_42192_model_A	0.4382
A0A423VRG5_taxID_448051_model_A	A0A423WHC4_taxID_252740_model_A	0.4381
A0A0L8ICD6_taxID_37653_model	A0A8X6KWP2_taxID_2740835_model	0.4381
A0A6J8CL61_taxID_42192_model_A	A0AA88YDI9_taxID_66713_model	0.4381
A0A0D1CHR5_taxID_5270_model_A	A0A5C3ELN8_taxID_86804_model_A	0.4381
A0A085M8H3_taxID_68888_model	A0A2A6BT42_taxID_54126_model	0.4380
A0A8B6GY87_taxID_29158_model_A	A0ABY7EVT9_taxID_6604_model	0.4380
A0A0F7RVY0_taxID_49012_model_A	A0A8K0WPV5_taxID_80388_model_A	0.4380
A0A0V1KD92_taxID_6337_model	A0A8S3THT1_taxID_6550_model	0.4380
A0A8J1XGG3_taxID_6347_model	A0AA88YDI9_taxID_66713_model	0.4380
A0A364MXI7_taxID_183478_model	A0A8H4RXW4_taxID_354080_model_A	0.4379
A0A409YPA9_taxID_231916_model	A0A4Q2D856_taxID_2316362_model	0.4379
A0A9D4J8T5_taxID_45954_model	A0AA88YDI9_taxID_66713_model	0.4379
A0A8K0WPV5_taxID_80388_model_A	F0XF66_taxID_655863_model	0.4379
A0A409YPA9_taxID_231916_model	A0ACC2IQ67_taxID_749465_model_A	0.4379
A0A8H7EGD0_taxID_1187904_model	A0AAN4PPE5_taxID_293939_model	0.4379
A0A8H3D189_taxID_456999_model	A0A8H8P906_taxID_456999_model	0.4378
A0A364MXI7_taxID_183478_model	J0WRI2_taxID_717982_model	0.4378
A0A5M9J7X0_taxID_38448_model	A0A7C8MWQ0_taxID_323545_model_A	0.4378
A0A6J8DAY9_taxID_42192_model	A0A8S3THT1_taxID_6550_model	0.4378
A0A0D1CHR5_taxID_5270_model_A	A0A0F7RVY0_taxID_49012_model_A	0.4378
A0A0V1I3Y0_taxID_268475_model	A0A6J8DAY9_taxID_42192_model	0.4378
A0A8H7B393_taxID_1187904_model_A	A0A9P9WMZ2_taxID_1658444_model_A	0.4378
A0A085M8H3_taxID_68888_model	A0A915N8X1_taxID_6303_model	0.4377
A0A0B2VVI5_taxID_6265_model	A0A183I077_taxID_387005_model	0.4377
A0AAD4EYT8_taxID_669026_model_A	W6Y2N7_taxID_930089_model	0.4377
A0A8H7INQ5_taxID_456999_model	A0A8H7LVB4_taxID_456999_model	0.4377
A0A8H6XYA6_taxID_2733690_model	S3CMF3_taxID_1116229_model	0.4377
A0A2G7FTM7_taxID_656916_model_A	A0A364MXI7_taxID_183478_model	0.4376
A0A4Q2D856_taxID_2316362_model	A0A8H7E8W0_taxID_1187904_model	0.4376
A0A409YPA9_taxID_231916_model	A0A7C8Q0E6_taxID_2813651_model	0.4376
A0A8B6CNP6_taxID_29158_model	A0A9D4LIH2_taxID_45954_model	0.4376
A0A1H7K5B5_taxID_1233_model_A	A0A1I4T9J4_taxID_44574_model_A	0.4376
A0A6J8CL61_taxID_42192_model_A	A0A8S3SWK0_taxID_6550_model	0.4376
A0ABR1FQU3_taxID_44056_model	F0Y635_taxID_44056_model	0.4375
A0ABX2C6M7_taxID_2675748_model	D3BV93_taxID_670386_model_A	0.4374
A0A9P3PKR9_taxID_47721_model	A0AA39UQR7_taxID_153913_model_A	0.4374
A0AA36JK50_taxID_2562239_model	F0Y635_taxID_44056_model	0.4374
A0A0B2VVI5_taxID_6265_model	A0AAN4ZCE4_taxID_1317129_model	0.4374
A0A0F7RVY0_taxID_49012_model_A	A0A8H6ZUP2_taxID_5322_model_A	0.4373
A0A8H7E8W0_taxID_1187904_model	W6Y2N7_taxID_930089_model	0.4373
A0A914W9Q0_taxID_2011161_model	A0AAF3FHG4_taxID_2138241_model_A	0.4373
A0A5S6QIU3_taxID_70415_model	A0A8B6GSA5_taxID_29158_model	0.4373
A0AAD5T9G3_taxID_109957_model	A0ABR0JJU7_taxID_1016849_model_A	0.4373
A0A2A6BT42_taxID_54126_model	A0ABY7EX19_taxID_6604_model	0.4373
A0A0N4XV59_taxID_27835_model	A0AAF3EKL4_taxID_2138241_model	0.4373
A0A0V1JHS7_taxID_6337_model	A0A8S3THT1_taxID_6550_model	0.4372
A0AAD5DEJ1_taxID_2649997_model	F0X9X8_taxID_655863_model	0.4372
A0A0V1ESS6_taxID_6337_model	A0A8B6CNP6_taxID_29158_model	0.4372
A0A0V1G4S3_taxID_6337_model	A0A8S3THT1_taxID_6550_model	0.4372
A0A8H7EE27_taxID_1187904_model	B2VY53_taxID_426418_model	0.4371
A0A1I9G629_taxID_6279_model	A0AAF3EKL4_taxID_2138241_model	0.4371
A0A409YPA9_taxID_231916_model	A0A8H6XYA6_taxID_2733690_model	0.4371
A0A0G2GEG2_taxID_420778_model_A	A0ACC1NLV5_taxID_42375_model	0.4371
A0A0V1KD92_taxID_6337_model	A0A8J1XGG3_taxID_6347_model	0.4371
A0A5N6JRM5_taxID_61186_model	F0XF66_taxID_655863_model	0.4371
A0A8H3AAQ4_taxID_456999_model	A0A8H8P6Z0_taxID_456999_model	0.4371
A0A0V1ESS6_taxID_6337_model	A0ABD2I4S2_taxID_97005_model	0.4370
A0A0G4N7R0_taxID_100787_model	A0A2G7FTM7_taxID_656916_model_A	0.4370
A0A8W8J4S3_taxID_29159_model	F4NVT9_taxID_684364_model	0.4370
A0A163HZN4_taxID_5454_model_A	A0A2P6U1N3_taxID_3076_model_A	0.4370
A0A238C4W2_taxID_387005_model	A0A914W9Q0_taxID_2011161_model	0.4370
A0AAD4EYT8_taxID_669026_model_A	E3REK7_taxID_861557_model	0.4370
A0A1X7RRH8_taxID_1276538_model_A	A0A8H6XYA6_taxID_2733690_model	0.4370
A0A285BU58_taxID_44577_model_A	A0A3B0YDV7_taxID_652676_model_A	0.4370
A0A6A5SIC2_taxID_706981_model	A0ABR1WCT8_taxID_335842_model	0.4369
A0A0V1G4S3_taxID_6337_model	A0A8B6CNP6_taxID_29158_model	0.4369
A0A2A6BT42_taxID_54126_model	A0A8S3RHI5_taxID_6550_model_A	0.4369
A0A6J8CIJ8_taxID_42192_model	A0A8J1T8Q4_taxID_6347_model	0.4369
A0A0V0YE73_taxID_6337_model	A0A914C4K9_taxID_290746_model	0.4369
A0A8S3SWK0_taxID_6550_model	A0ABY7EX19_taxID_6604_model	0.4369
A0A8B6BKM4_taxID_29158_model_A	K1QAP4_taxID_29159_model	0.4369
A0AA37L8J5_taxID_700344_model_A	W6Y2N7_taxID_930089_model	0.4368
A0A8T0LKJ4_taxID_325452_model	W4H175_taxID_112090_model	0.4368
A0A1I7VEA5_taxID_7209_model	A0AA39HID6_taxID_289476_model	0.4368
A0A0V0TGR2_taxID_144512_model	A0A1I7VEA5_taxID_7209_model	0.4368
A0A0A1UJW0_taxID_1086054_model	A0A177WTC8_taxID_403673_model	0.4368
A0A6A4NQJ9_taxID_3870_model	A0AA88AFA7_taxID_3494_model_A	0.4368
A0ABY7EX19_taxID_6604_model	K1QAP4_taxID_29159_model	0.4368
A0A8H4YZH8_taxID_48485_model	A0AAD6NB37_taxID_5083_model_A	0.4368
A0A364MXI7_taxID_183478_model	A0ABR3UFL0_taxID_48095_model	0.4367
A0A0V1ESS6_taxID_6337_model	A0A8J1T8Q4_taxID_6347_model	0.4367
A0A6B2L294_taxID_1963864_model	A0A8E0V7V4_taxID_52442_model_A	0.4367
A0A6A5SIC2_taxID_706981_model	A0A9P6IHM1_taxID_1095194_model	0.4366
A0AA39HID6_taxID_289476_model	A0AAF5PZK9_taxID_6293_model	0.4366
A0A2G7FTM7_taxID_656916_model_A	A0A8H7EGD0_taxID_1187904_model	0.4366
A0A0V1KD92_taxID_6337_model	A0A2A6BT42_taxID_54126_model	0.4366
A0A5C3ELN8_taxID_86804_model_A	A0AAJ4XRR1_taxID_63383_model_A	0.4366
A0AAD9L024_taxID_27915_model	F4NVT9_taxID_684364_model	0.4365
K3X5C6_taxID_431595_model	T0PNV2_taxID_1156394_model	0.4365
A0A1I9G629_taxID_6279_model	A0AAN4ZCE4_taxID_1317129_model	0.4365
A0A7C8MQB2_taxID_323545_model	A0ACC3CDQ3_taxID_2788_model	0.4365
A0A0F4GBJ7_taxID_1047168_model	A0A5N6JRM5_taxID_61186_model	0.4364
A0A8S9ZP28_taxID_189291_model	A0AAF3EKL4_taxID_2138241_model	0.4364
A0A3P7DNC2_taxID_6293_model	A0A915I8K9_taxID_13658_model	0.4364
A0A5M9J7X0_taxID_38448_model	Q2H2F5_taxID_306901_model_A	0.4364
A0A388KHX6_taxID_69332_model	A0A8K0IA90_taxID_13894_model	0.4363
A0A0G2GEG2_taxID_420778_model_A	A0A163KNP0_taxID_5454_model_A	0.4363
A0A8H6XYA6_taxID_2733690_model	A0A8H7EGD0_taxID_1187904_model	0.4363
A0A0V1JHS7_taxID_6337_model	A0A238C4W2_taxID_387005_model	0.4362
A0A8B8F0Y1_taxID_6565_model	A0A9D4LIH2_taxID_45954_model	0.4362
A0A8S3SWK0_taxID_6550_model	A0ACC3CDQ3_taxID_2788_model	0.4362
A0A0V1G4S3_taxID_6337_model	A0A6J8DAY9_taxID_42192_model	0.4362
A0A163KNP0_taxID_5454_model_A	A0A8H7E8W0_taxID_1187904_model	0.4362
A0A0A7CPE6_taxID_1202772_model	T0PNV2_taxID_1156394_model	0.4361
A0A1F8A6I4_taxID_109264_model_A	W6Y2N7_taxID_930089_model	0.4361
A0A1V9YE51_taxID_74557_model	K3X5C6_taxID_431595_model	0.4361
A0A163KNP0_taxID_5454_model_A	A0A5M9J7X0_taxID_38448_model	0.4361
A0A0G4N7R0_taxID_100787_model	A0ABR3UFL0_taxID_48095_model	0.4361
A0A0N4SWM8_taxID_6280_model	W6NCB7_taxID_6289_model	0.4361
A0A238C4W2_taxID_387005_model	A0A5S6QIU3_taxID_70415_model	0.4361
A0A0V0S806_taxID_6336_model	A0ABD2I4S2_taxID_97005_model	0.4360
A0A6J8ENF3_taxID_42192_model_A	A0A9D4J8T5_taxID_45954_model	0.4360
A0A915DFA9_taxID_166011_model	A0AC34QHI6_taxID_591449_model	0.4360
A0A0G4N7R0_taxID_100787_model	A0AAQ3LZX8_taxID_150365_model	0.4360
A0A2N8UKW6_taxID_72559_model_A	I2FTP4_taxID_120017_model_A	0.4360
A0AA42B8L4_taxID_1215918_model	B5RHR0_taxID_515355_model_A	0.4359
A0A0V1JHS7_taxID_6337_model	A0A8B6CNP6_taxID_29158_model	0.4359
A0A9N8JDS5_taxID_2773715_model_A	A0A9P3PKR9_taxID_47721_model	0.4359
A0A0V0TGR2_taxID_144512_model	A0A914C4K9_taxID_290746_model	0.4359
A0A409YPA9_taxID_231916_model	J0WRI2_taxID_717982_model	0.4359
A0A2R5GU51_taxID_2315210_model	A0A813FLF8_taxID_89957_model	0.4359
A0A166CKA0_taxID_1314776_model	A0ABR9BSA8_taxID_2774143_model	0.4359
A0ABR2XFG3_taxID_138064_model_A	E3REK7_taxID_861557_model	0.4359
A0A8H7B393_taxID_1187904_model_A	F0XF66_taxID_655863_model	0.4359
A0A135T4G4_taxID_703756_model	A0A8H6XYA6_taxID_2733690_model	0.4359
A0A8H4QR39_taxID_354080_model_A	A0A8H7B393_taxID_1187904_model_A	0.4358
A0A317XLV9_taxID_1882483_model	A0A8H3DZ25_taxID_456999_model_A	0.4358
A0A0B2VVI5_taxID_6265_model	A0A2A6BT42_taxID_54126_model	0.4358
A0A8H7LVB4_taxID_456999_model	A0AA39UQR7_taxID_153913_model_A	0.4358
A0AA37L8J5_taxID_700344_model_A	F9F9P2_taxID_660025_model	0.4358
A0A024TEL4_taxID_157072_model	A0A0A7CP65_taxID_1202772_model	0.4358
A0ABN8LLM9_taxID_104178_model_A	A0ABN8M8J6_taxID_104178_model	0.4358
A0AAD4EYT8_taxID_669026_model_A	A0AAN4PPE5_taxID_293939_model	0.4358
A0A0V1JHS7_taxID_6337_model	A0A498S2C2_taxID_6277_model_A	0.4357
A0A4Q2D856_taxID_2316362_model	A0AA37L8J5_taxID_700344_model_A	0.4357
A0A6A5SIC2_taxID_706981_model	A0AA37GSS8_taxID_708192_model	0.4357
A0A5N6JRM5_taxID_61186_model	A0ABR1WCT8_taxID_335842_model	0.4357
A0A484G057_taxID_1213857_model	A0A9N8JDS5_taxID_2773715_model_A	0.4357
A0A8H2WDY0_taxID_456999_model	A0A8H7LVB4_taxID_456999_model	0.4357
A0ABQ8FRP3_taxID_1357716_model_A	B2VY53_taxID_426418_model	0.4357
A0A016T0A5_taxID_53326_model	W2TLA4_taxID_51031_model	0.4356
A0ABQ0M0Y9_taxID_658473_model_A	A0ABR2XFG3_taxID_138064_model_A	0.4356
A0A2A6BT42_taxID_54126_model	A0ABD3VH26_taxID_1069815_model	0.4355
A0A3S0ZXU8_taxID_188477_model	A0A6J8CIJ8_taxID_42192_model	0.4355
A0A8B6BMR6_taxID_29158_model_A	A0A8S3SWK0_taxID_6550_model	0.4355
A0A016T0A5_taxID_53326_model	A0A914W9Q0_taxID_2011161_model	0.4355
A0A8B6G9L0_taxID_29158_model_A	A0A8B8ESA4_taxID_6565_model_A	0.4355
K1Q6D2_taxID_29159_model	W2TLA4_taxID_51031_model	0.4354
A0A6J8ENF3_taxID_42192_model_A	A0AA88YDI9_taxID_66713_model	0.4354
A0A8H5L9I1_taxID_48495_model_A	A0ABR1WCT8_taxID_335842_model	0.4353
A0A1F8A6I4_taxID_109264_model_A	A0A6A5SIC2_taxID_706981_model	0.4353
A0A163KNP0_taxID_5454_model_A	A0A2G7FTM7_taxID_656916_model_A	0.4353
A0A7S3RCE1_taxID_2903_model	A0A9W6C0G6_taxID_330485_model	0.4353
A0A1V9YBP5_taxID_1202772_model	T0PU14_taxID_1156394_model	0.4353
A0A0V0YE73_taxID_6337_model	A0A498S2C2_taxID_6277_model_A	0.4353
A0A2S6BQA0_taxID_357750_model	A0ABR3UFL0_taxID_48095_model	0.4353
A0A0N4SWM8_taxID_6280_model	A0A914W9Q0_taxID_2011161_model	0.4353
A0A183I077_taxID_387005_model	A0A915I8K9_taxID_13658_model	0.4352
A0A0V1DE70_taxID_45882_model	A0A8B6G957_taxID_29158_model_A	0.4352
A0A8B6G9L0_taxID_29158_model_A	A0A8S3RHI5_taxID_6550_model_A	0.4352
A0AA88YDI9_taxID_66713_model	A0ABY7EVT9_taxID_6604_model	0.4351
A0A1V9YBP5_taxID_1202772_model	A0A8T0LKJ4_taxID_325452_model	0.4351
A0A3S0ZXU8_taxID_188477_model	A0A8S3SWK0_taxID_6550_model	0.4351
A0A183C149_taxID_36090_model	A0A8R1TKI8_taxID_6282_model	0.4351
A0A179HCZ8_taxID_33203_model	A0A8H6XYA6_taxID_2733690_model	0.4351
A0A0V1G4S3_taxID_6337_model	A0A498S2C2_taxID_6277_model_A	0.4351
A0A3M6UM69_taxID_46731_model	A0A6P8I080_taxID_6105_model	0.4350
A0A085M8H3_taxID_68888_model	A0A498S2C2_taxID_6277_model_A	0.4350
A0A977TE70_taxID_36659_model	Q54QT1_taxID_44689_model	0.4350
A0A6A5SIC2_taxID_706981_model	E3REK7_taxID_861557_model	0.4350
A0A8S3RHI5_taxID_6550_model_A	A0AAD5T9G3_taxID_109957_model	0.4350
A0A1F8A6I4_taxID_109264_model_A	S3CMF3_taxID_1116229_model	0.4350
A0A0V0S806_taxID_6336_model	A0A498S2C2_taxID_6277_model_A	0.4350
A0A914C4K9_taxID_290746_model	A0ABD2I4S2_taxID_97005_model	0.4349
A0A0V1BIN6_taxID_6334_model	A0ABD2I4S2_taxID_97005_model	0.4349
A0A7C8MQB2_taxID_323545_model	A0A9P3PKR9_taxID_47721_model	0.4349
A0A177WTC8_taxID_403673_model	A0A9P3PKR9_taxID_47721_model	0.4349
A0A0V1KR57_taxID_6335_model	A0A915KKL6_taxID_13658_model	0.4349
A0AAN8JKH5_taxID_87958_model	K1Q6D2_taxID_29159_model	0.4349
A0ABN8LLM9_taxID_104178_model_A	A0ACC2TVV6_taxID_34485_model	0.4348
A0A9P6IHM1_taxID_1095194_model	A0ACC2IQ67_taxID_749465_model_A	0.4348
A0A067BRT6_taxID_695850_model	T0PU14_taxID_1156394_model	0.4348
A0AAD4EYT8_taxID_669026_model_A	Q2H2F5_taxID_306901_model_A	0.4348
A0A4E9FIB1_taxID_6279_model	A0A914MBW5_taxID_6306_model	0.4348
A0A0N4SWM8_taxID_6280_model	A0A914C4K9_taxID_290746_model	0.4348
A0A8H7B393_taxID_1187904_model_A	A0ABQ0M0Y9_taxID_658473_model_A	0.4348
A0A0V1KR57_taxID_6335_model	A0A183I077_taxID_387005_model	0.4347
A0A9P3PKR9_taxID_47721_model	M5CEE4_taxID_1108050_model	0.4347
A0A0L8ICD6_taxID_37653_model	A0A8J1TDZ8_taxID_6347_model	0.4347
A0A8J1T8Q4_taxID_6347_model	A0AAF3FHG4_taxID_2138241_model_A	0.4347
A0A3S0ZXU8_taxID_188477_model	A0A8B6BKM4_taxID_29158_model_A	0.4347
A0A0V1ESS6_taxID_6337_model	A0A8J1XGG3_taxID_6347_model	0.4347
A0A0F4GBJ7_taxID_1047168_model	A0A1X7RRH8_taxID_1276538_model_A	0.4346
A0A914MBW5_taxID_6306_model	A0ABD2I4S2_taxID_97005_model	0.4346
A0A6A5SIC2_taxID_706981_model	A0A8H4RXW4_taxID_354080_model_A	0.4346
A0A9P3PKR9_taxID_47721_model	B2VY53_taxID_426418_model	0.4346
A0A2A6BT42_taxID_54126_model	K1Q6D2_taxID_29159_model	0.4346
A0A1F8A6I4_taxID_109264_model_A	A0A484G057_taxID_1213857_model	0.4346
A0A0N4XV59_taxID_27835_model	A0AAN4ZCE4_taxID_1317129_model	0.4346
A0A365MYK5_taxID_948311_model_A	A0A8H5Z2U4_taxID_1567541_model	0.4346
A0A0V1JHS7_taxID_6337_model	A0A915KKL6_taxID_13658_model	0.4345
A0A8B6BMR6_taxID_29158_model_A	A0A9D4J8T5_taxID_45954_model	0.4345
A0ABD3VH26_taxID_1069815_model	A0ABQ9EAR7_taxID_220873_model	0.4345
A0A8H7EGD0_taxID_1187904_model	J0WRI2_taxID_717982_model	0.4345
A0A8H7E8W0_taxID_1187904_model	A0ABQ0M0Y9_taxID_658473_model_A	0.4345
A0A084FV70_taxID_563466_model_A	A0AA37L8J5_taxID_700344_model_A	0.4345
A0A0A7CPE6_taxID_1202772_model	T0PU14_taxID_1156394_model	0.4345
A0A6P8I080_taxID_6105_model	A0AAD9L024_taxID_27915_model	0.4344
A0AAD9L024_taxID_27915_model	A0ABR2W902_taxID_34480_model	0.4344
A0A1I7VBE5_taxID_7209_model	A0A8J1XGG3_taxID_6347_model	0.4344
A0A8S3RHI5_taxID_6550_model_A	A0AAN8JKH5_taxID_87958_model	0.4344
A0A4P9XG75_taxID_78915_model	A0A8W8J4S3_taxID_29159_model	0.4344
A0A016T0A5_taxID_53326_model	A0A0V0S806_taxID_6336_model	0.4344
A0A9P3CF74_taxID_84275_model	A0ABR3UFL0_taxID_48095_model	0.4344
A0A183C149_taxID_36090_model	A0A8S3PWU5_taxID_6550_model	0.4344
A0A7S3RCE1_taxID_2903_model	P56826_taxID_6610_model	0.4344
A0A914C4K9_taxID_290746_model	A0AAF3FHG4_taxID_2138241_model_A	0.4343
A0ABQ0CQG4_taxID_79588_model_A	L7JPW8_taxID_1143193_model	0.4343
A0A5C3EP17_taxID_86804_model_A	A0AAJ4XRR1_taxID_63383_model_A	0.4343
A0A183C149_taxID_36090_model	A0A8B6BMR6_taxID_29158_model_A	0.4343
A0A8H6GM20_taxID_100902_model	Q2H2F5_taxID_306901_model_A	0.4343
A0A0V1I3Y0_taxID_268475_model	A0A498S2C2_taxID_6277_model_A	0.4343
A0A8H3H4T7_taxID_456999_model	A0A8H6ZUP2_taxID_5322_model_A	0.4342
A0A085M8H3_taxID_68888_model	A0A238C4W2_taxID_387005_model	0.4342
A0A016T0A5_taxID_53326_model	A0A085M8H3_taxID_68888_model	0.4342
A0A2G7FTM7_taxID_656916_model_A	A0ABR3UFL0_taxID_48095_model	0.4342
A0A2N3MXV9_taxID_41688_model_A	A0A8H5UJH2_taxID_48507_model_A	0.4342
A0A0V0S806_taxID_6336_model	A0A3P7DNC2_taxID_6293_model	0.4342
A0A0C3F7Q7_taxID_765440_model	A0AA39UQR7_taxID_153913_model_A	0.4342
A0A6A5SIC2_taxID_706981_model	N4XMY1_taxID_665024_model	0.4341
A0A8B6GSA5_taxID_29158_model	A0ABD3VH26_taxID_1069815_model	0.4341
A0A0V1KD92_taxID_6337_model	A0A498S2C2_taxID_6277_model_A	0.4341
A0A016T0A5_taxID_53326_model	A0A0V1BIN6_taxID_6334_model	0.4341
A0A067C156_taxID_695850_model_A	W4H234_taxID_112090_model	0.4341
A0A016T0A5_taxID_53326_model	A0A0B2VVI5_taxID_6265_model	0.4341
A0A177WTC8_taxID_403673_model	A0A8S3SWK0_taxID_6550_model	0.4341
A0ABR2XFG3_taxID_138064_model_A	A0ACC1NLV5_taxID_42375_model	0.4341
A0ABQ9DKS8_taxID_1566151_model	A0ACC2HA47_taxID_75939_model	0.4341
A0A9D4MZZ2_taxID_45954_model	A0ABD3VH26_taxID_1069815_model	0.4341
A0A6J8CIJ8_taxID_42192_model	K1QAP4_taxID_29159_model	0.4340
A0A4S4MP01_taxID_2447956_model	A0ABR4KUJ7_taxID_1810923_model	0.4340
A0A423VRG5_taxID_448051_model_A	A0A423XJ27_taxID_1230097_model	0.4340
A0A0V1ESS6_taxID_6337_model	A0A498S2C2_taxID_6277_model_A	0.4340
A0A085M8H3_taxID_68888_model	A0A0N4SWM8_taxID_6280_model	0.4339
A0A0V1JHS7_taxID_6337_model	A0A8B6G9L0_taxID_29158_model_A	0.4339
A0A1G5SEQ3_taxID_51642_model_A	A0A1H1Q0J6_taxID_546871_model_A	0.4339
A0A163KNP0_taxID_5454_model_A	A0A7C8MWQ0_taxID_323545_model_A	0.4339
A0A177WTC8_taxID_403673_model	A0A507F697_taxID_246404_model	0.4339
A0A9P9WMZ2_taxID_1658444_model_A	A0ABR2XFG3_taxID_138064_model_A	0.4339
A0A4P9XG75_taxID_78915_model	A0AAD5X3H5_taxID_64517_model	0.4339
A0AAD4EYT8_taxID_669026_model_A	A0ACC3CDQ3_taxID_2788_model	0.4339
A0A498S2C2_taxID_6277_model_A	A0A5S6QIU3_taxID_70415_model	0.4339
A0A8B6GY87_taxID_29158_model_A	A0A8B8ESA4_taxID_6565_model_A	0.4338
A0A4P9X7U9_taxID_1555241_model	A0A6A5SIC2_taxID_706981_model	0.4338
A0A139HFA6_taxID_321146_model_A	A0A409YPA9_taxID_231916_model	0.4338
A0A8B6CPY6_taxID_29158_model_A	A0A8S3RHI5_taxID_6550_model_A	0.4338
A0A0V1BIN6_taxID_6334_model	A0A498S2C2_taxID_6277_model_A	0.4338
A0A0V1BIN6_taxID_6334_model	A0A914C4K9_taxID_290746_model	0.4338
A0A8R1TKI8_taxID_6282_model	A0AA36DH95_taxID_96644_model_A	0.4338
A0A210R253_taxID_6573_model	W6NCB7_taxID_6289_model	0.4338
A0A1I7VBE5_taxID_7209_model	A0ACC3CDQ3_taxID_2788_model	0.4337
A0A8H6GM20_taxID_100902_model	A0A8K0WPV5_taxID_80388_model_A	0.4337
A0A507FDN0_taxID_246404_model	A0AAN5XIX5_taxID_1396_model_A	0.4337
A0A6J8DAY9_taxID_42192_model	A0A8S3RHI5_taxID_6550_model_A	0.4337
A0A8H7EGD0_taxID_1187904_model	R0ISP9_taxID_671987_model	0.4337
A0A9P3CF74_taxID_84275_model	S3CMF3_taxID_1116229_model	0.4337
A0A8H6XYA6_taxID_2733690_model	F0XF66_taxID_655863_model	0.4337
A0A016T0A5_taxID_53326_model	A0A8S9ZP28_taxID_189291_model	0.4336
A0A127Z996_taxID_49012_model_A	A0A2N8UKW6_taxID_72559_model_A	0.4336
A0AAD9QB69_taxID_6130_model	A0ABN8M8J6_taxID_104178_model	0.4336
A0ABW5MSE8_taxID_1775166_model	A0ABY2RQH2_taxID_2571143_model	0.4336
A0A067BRT6_taxID_695850_model	A0A0A7CP65_taxID_1202772_model	0.4336
A0AAN4PPE5_taxID_293939_model	A0ABR3V8J2_taxID_85995_model	0.4336
A0A2R6W5V4_taxID_3197_model	A0A388KHX6_taxID_69332_model	0.4335
A0A0V0TGR2_taxID_144512_model	A0A915KKL6_taxID_13658_model	0.4335
A0A6J8CIJ8_taxID_42192_model	A0AA36CWW9_taxID_96644_model	0.4335
A0A915JY09_taxID_13658_model	A0AA36DH95_taxID_96644_model_A	0.4335
A0AAE0HNE5_taxID_1854472_model_A	A0ACB7PGA3_taxID_1854479_model_A	0.4335
A0A135T4G4_taxID_703756_model	A0ABR2XFG3_taxID_138064_model_A	0.4335
B2VY53_taxID_426418_model	J0WRI2_taxID_717982_model	0.4335
A0AA37L8J5_taxID_700344_model_A	A0ACC1NLV5_taxID_42375_model	0.4335
A0A0F8A0A1_taxID_1043627_model	A0A7D5Z204_taxID_500148_model	0.4335
A0A0A7CPE6_taxID_1202772_model	A0A8T0LKJ4_taxID_325452_model	0.4334
A0A3R6VRZ5_taxID_157072_model	A0A8T0LKJ4_taxID_325452_model	0.4334
A0A8S3RHI5_taxID_6550_model_A	A0ABY7ESX1_taxID_6604_model	0.4334
A0A484G057_taxID_1213857_model	A0A8H6GM20_taxID_100902_model	0.4334
A0A0V1KR57_taxID_6335_model	A0A914C4K9_taxID_290746_model	0.4334
A0A8H7E8W0_taxID_1187904_model	E3REK7_taxID_861557_model	0.4334
A0A8J1XGG3_taxID_6347_model	A0AA39HID6_taxID_289476_model	0.4333
A0A0D6LVJ5_taxID_53326_model	A0AC34QHI6_taxID_591449_model	0.4333
A0A0V1DE70_taxID_45882_model	A0A915KKL6_taxID_13658_model	0.4333
A0A0V1BIN6_taxID_6334_model	A0A915KKL6_taxID_13658_model	0.4333
A0A0V0S806_taxID_6336_model	A0A8J1T8Q4_taxID_6347_model	0.4333
A0A5S6QIU3_taxID_70415_model	A0A8B6G9L0_taxID_29158_model_A	0.4333
A0A0V1JHS7_taxID_6337_model	A0A8J1T8Q4_taxID_6347_model	0.4332
A0A8J1XGG3_taxID_6347_model	A0AAF3FHG4_taxID_2138241_model_A	0.4332
A0AAD5T9G3_taxID_109957_model	A0ACC3CB14_taxID_2788_model	0.4332
A0A210R253_taxID_6573_model	A0A8J1XGG3_taxID_6347_model	0.4332
A0A8T0LKJ4_taxID_325452_model	K3X5C6_taxID_431595_model	0.4331
A0A1H1Q0J6_taxID_546871_model_A	A0AAV9ILT6_taxID_3028027_model	0.4331
A0AAN5XIX5_taxID_1396_model_A	B5RHQ8_taxID_515354_model	0.4331
A0A0V0YE73_taxID_6337_model	A0A3P7DNC2_taxID_6293_model	0.4331
A0A067C156_taxID_695850_model_A	K3X5C6_taxID_431595_model	0.4331
A0A8S3PQP2_taxID_6550_model	A0A8S3SWK0_taxID_6550_model	0.4331
A0A4P9XG75_taxID_78915_model	A0A507EFD5_taxID_109895_model	0.4331
A0A8H3BPP3_taxID_456999_model	F0XF66_taxID_655863_model	0.4331
A0A8S3R6L7_taxID_6550_model_A	K1Q6D2_taxID_29159_model	0.4330
A0A8K0WPV5_taxID_80388_model_A	W3VU69_taxID_84754_model	0.4330
A0A409YPA9_taxID_231916_model	A0ABR1WCT8_taxID_335842_model	0.4330
A0A6P8I583_taxID_6105_model	A0AAD9QB69_taxID_6130_model	0.4330
A0A8S3V8L1_taxID_6550_model	A0ABY7EX19_taxID_6604_model	0.4330
A0A8R1TKI8_taxID_6282_model	A0AA36CWW9_taxID_96644_model	0.4330
A0A1I7VBE5_taxID_7209_model	A0A8S3RHI5_taxID_6550_model_A	0.4329
A0A4Q2D856_taxID_2316362_model	A0A4R8T272_taxID_1347389_model	0.4329
A0A9P3PKR9_taxID_47721_model	A0ABR1WCT8_taxID_335842_model	0.4329
A0A9P6IHM1_taxID_1095194_model	A0AAN4PPE5_taxID_293939_model	0.4329
A0A1Y2B8A2_taxID_329046_model	A0ABR9BSA8_taxID_2774143_model	0.4329
A0A1V6PRI1_taxID_416450_model	A0AAD6NK04_taxID_74499_model	0.4329
A0A7C8Q0E6_taxID_2813651_model	F0XF66_taxID_655863_model	0.4329
A0A444ZR13_taxID_3818_model	A0A5J9TU90_taxID_38414_model	0.4329
A0A8H7E8W0_taxID_1187904_model	J0WRI2_taxID_717982_model	0.4329
A0A0V1I3Y0_taxID_268475_model	A0A915KKL6_taxID_13658_model	0.4329
A0A163KNP0_taxID_5454_model_A	A0AAD4EYT8_taxID_669026_model_A	0.4329
A0A2R5GU51_taxID_2315210_model	A0A812WL81_taxID_1628268_model	0.4328
A0A075B1D3_taxID_988480_model	A0A4P9YFS3_taxID_988480_model	0.4328
A0A135T4G4_taxID_703756_model	A0A4Q2V7C7_taxID_451672_model	0.4328
A0A484G057_taxID_1213857_model	R0ISP9_taxID_671987_model	0.4328
A0A0F7RVY0_taxID_49012_model_A	F0XF66_taxID_655863_model	0.4328
A0ABY7ESX1_taxID_6604_model	K1Q6D2_taxID_29159_model	0.4328
A0A364MXI7_taxID_183478_model	Q2H2F5_taxID_306901_model_A	0.4327
A0A3S0ZXU8_taxID_188477_model	A0A9D4J8T5_taxID_45954_model	0.4327
A0A0G2GEG2_taxID_420778_model_A	Q2H2F5_taxID_306901_model_A	0.4327
A0A915MQ42_taxID_6303_model	A0AA36CWW9_taxID_96644_model	0.4327
A0A2T7PF37_taxID_400727_model	A0ABD0K492_taxID_370345_model	0.4327
A0A6J8BNB1_taxID_42192_model_A	A0A8B6GSA5_taxID_29158_model	0.4326
A0A2G7FTM7_taxID_656916_model_A	A0A484G057_taxID_1213857_model	0.4326
A0A2G7FTM7_taxID_656916_model_A	F9FW19_taxID_660025_model_A	0.4326
A0A0V0TGR2_taxID_144512_model	A0A498S2C2_taxID_6277_model_A	0.4326
A0A084G098_taxID_563466_model	A0ABR1WCT8_taxID_335842_model	0.4326
A0A8H7B393_taxID_1187904_model_A	A0ABQ8FRP3_taxID_1357716_model_A	0.4326
A0AA37L8J5_taxID_700344_model_A	A0ABQ0M0Y9_taxID_658473_model_A	0.4326
A0A0V1I3Y0_taxID_268475_model	A0A6J8CL61_taxID_42192_model_A	0.4326
A0A024TEL4_taxID_157072_model	T0PNV2_taxID_1156394_model	0.4325
A0A0V1I3Y0_taxID_268475_model	A0A8S9ZP28_taxID_189291_model	0.4325
A0A0F9J123_taxID_412755_model	A0A1H7K5B5_taxID_1233_model_A	0.4325
A0ABD3VH26_taxID_1069815_model	A0ABY7ESX1_taxID_6604_model	0.4325
A0ABD0JMJ5_taxID_370345_model	A0ABD0K492_taxID_370345_model	0.4324
A0A077ZGT3_taxID_36087_model	A0A238C4W2_taxID_387005_model	0.4324
A0A0V1DE70_taxID_45882_model	A0A498S2C2_taxID_6277_model_A	0.4324
A0A8S3THT1_taxID_6550_model	A0AAE0W2I3_taxID_2493646_model	0.4324
A0A1I7VBE5_taxID_7209_model	A0A6S7IY75_taxID_317549_model_A	0.4323
A0A0G4N7R0_taxID_100787_model	A0A364MXI7_taxID_183478_model	0.4323
A0A4Q2D856_taxID_2316362_model	A0AAE8SXX8_taxID_2041049_model_A	0.4323
A0A6G1HLY0_taxID_703511_model_A	A0ABY8UIN7_taxID_3088_model	0.4323
A0A7S4C8S2_taxID_73025_model	A0A8X6KWP2_taxID_2740835_model	0.4323
A0A5M9J7X0_taxID_38448_model	J0WRI2_taxID_717982_model	0.4323
A0A364L5W2_taxID_1196081_model	A0A5N6JRM5_taxID_61186_model	0.4323
A0AA39H3A8_taxID_289476_model	A0ABD2I4S2_taxID_97005_model	0.4322
F9F9P2_taxID_660025_model	W6ZHH7_taxID_930090_model	0.4322
A0A4Q2D856_taxID_2316362_model	A0AAD5T9G3_taxID_109957_model	0.4322
A0A1V6PRI1_taxID_416450_model	A0A5M9J7X0_taxID_38448_model	0.4322
A0A484G057_taxID_1213857_model	A0AAD4EYT8_taxID_669026_model_A	0.4322
A0A163HZN4_taxID_5454_model_A	A0AB34FH03_taxID_1247861_model	0.4322
A0A3S0ZXU8_taxID_188477_model	A0A6J8DAY9_taxID_42192_model	0.4322
A0A5S6QIU3_taxID_70415_model	A0A915N8X1_taxID_6303_model	0.4322
A0A8B6G9L0_taxID_29158_model_A	K1Q6D2_taxID_29159_model	0.4322
A0A1V9YBP5_taxID_1202772_model	T0PNV2_taxID_1156394_model	0.4321
A0A8H7EGD0_taxID_1187904_model	W6ZHH7_taxID_930090_model	0.4321
A0A8H6XYA6_taxID_2733690_model	A0A9P3PKR9_taxID_47721_model	0.4321
A0A7C8MWQ0_taxID_323545_model_A	A0ABR2XFG3_taxID_138064_model_A	0.4321
A0A409WEP5_taxID_231916_model_A	A0A409YPA9_taxID_231916_model	0.4321
A0A364L5W2_taxID_1196081_model	A0ACC2IQ67_taxID_749465_model_A	0.4321
A0A2N3MXV9_taxID_41688_model_A	A0A4Q2D856_taxID_2316362_model	0.4320
A0A8K0WPV5_taxID_80388_model_A	A0ABQ8FRP3_taxID_1357716_model_A	0.4320
A0A067BRT6_taxID_695850_model	A0A8T0LKJ4_taxID_325452_model	0.4320
A0A507F697_taxID_246404_model	A0AA39UQR7_taxID_153913_model_A	0.4320
A0A3R6VRZ5_taxID_157072_model	T0PU14_taxID_1156394_model	0.4320
A0A0G4N7R0_taxID_100787_model	A0AAD4FBU9_taxID_669026_model_A	0.4320
A0A7C8Q0E6_taxID_2813651_model	A0ABQ8FRP3_taxID_1357716_model_A	0.4320
A0A812SAZ7_taxID_2952_model	F0Y635_taxID_44056_model	0.4320
A0A8H7EE27_taxID_1187904_model	A0AA37L8J5_taxID_700344_model_A	0.4319
A0A077ZGT3_taxID_36087_model	A0A0N4SWM8_taxID_6280_model	0.4319
A0A2A6BT42_taxID_54126_model	A0A914MBW5_taxID_6306_model	0.4319
A0A1V6PRI1_taxID_416450_model	A0A2S6BQA0_taxID_357750_model	0.4319
A0A8H7B393_taxID_1187904_model_A	S3CMF3_taxID_1116229_model	0.4319
A0AAD8AV10_taxID_112525_model	A0ABD3VH26_taxID_1069815_model	0.4319
A0A183C149_taxID_36090_model	A0A498S2C2_taxID_6277_model_A	0.4319
A0A0V1ESS6_taxID_6337_model	A0A915N8X1_taxID_6303_model	0.4319
A0A8B8F0Y1_taxID_6565_model	A0ABQ9EAR7_taxID_220873_model	0.4318
A0A8S3SWK0_taxID_6550_model	A0A9D4J8T5_taxID_45954_model	0.4318
A0AAD5T9G3_taxID_109957_model	A0AAD6NB37_taxID_5083_model_A	0.4318
A0A0V1KD92_taxID_6337_model	A0A915N8X1_taxID_6303_model	0.4318
A0A5M9J7X0_taxID_38448_model	A0A8H5UJH2_taxID_48507_model_A	0.4318
A0A0V1ESS6_taxID_6337_model	A0A1I7VEA5_taxID_7209_model	0.4318
A0A8S3RHI5_taxID_6550_model_A	A0AA39HID6_taxID_289476_model	0.4317
A0A2N3MXV9_taxID_41688_model_A	A0A409YPA9_taxID_231916_model	0.4317
A0A8S3THT1_taxID_6550_model	A0A915I8K9_taxID_13658_model	0.4317
A0A0B2VVI5_taxID_6265_model	A0A8R1TKI8_taxID_6282_model	0.4317
A0A1X7RRH8_taxID_1276538_model_A	A0A8H8PB78_taxID_456999_model	0.4317
A0A0F4GBJ7_taxID_1047168_model	A0A8H6XYA6_taxID_2733690_model	0.4317
A0A0N4SWM8_taxID_6280_model	A0A0V1JHS7_taxID_6337_model	0.4316
A0A3S0ZXU8_taxID_188477_model	A0A8B8F0Y1_taxID_6565_model	0.4316
A0A127Z996_taxID_49012_model_A	A0AAJ4XRR1_taxID_63383_model_A	0.4316
A0ABR1WCT8_taxID_335842_model	A0ACC2IQ67_taxID_749465_model_A	0.4316
A0A6J8DAY9_taxID_42192_model	A0A915I8K9_taxID_13658_model	0.4316
A0A1X7RRH8_taxID_1276538_model_A	A0A8H7B393_taxID_1187904_model_A	0.4316
A0A484G057_taxID_1213857_model	A0AAN5YGU4_taxID_293939_model	0.4315
A0A0V1KD92_taxID_6337_model	A0A6J8ENF3_taxID_42192_model_A	0.4315
A0A0D1CHR5_taxID_5270_model_A	W3VU69_taxID_84754_model	0.4315
A0AAN4PPE5_taxID_293939_model	B2VY53_taxID_426418_model	0.4315
A0A183I077_taxID_387005_model	W6NCB7_taxID_6289_model	0.4314
A0A317XLV9_taxID_1882483_model	A0A8H7INQ5_taxID_456999_model	0.4314
A0A2P5YJV4_taxID_3634_model_A	A0ABS1MHS4_taxID_2802282_model_A	0.4314
A0AAD5T9G3_taxID_109957_model	A0ACC3CDQ3_taxID_2788_model	0.4314
A0A0A7CP65_taxID_1202772_model	A0A3R6VRZ5_taxID_157072_model	0.4314
A0A5N6JRM5_taxID_61186_model	A0AAN4PPE5_taxID_293939_model	0.4314
A0A0B2VVI5_taxID_6265_model	A0AAF3EKL4_taxID_2138241_model	0.4314
A0A8H4QR39_taxID_354080_model_A	A0ABR2XFG3_taxID_138064_model_A	0.4313
A0A1I7VBE5_taxID_7209_model	A0A6J8CIJ8_taxID_42192_model	0.4313
A0A9W3GC27_taxID_9837_model	A0AA35SFX9_taxID_519541_model	0.4313
A0AAD5DEJ1_taxID_2649997_model	A0ABR4KUJ7_taxID_1810923_model	0.4313
A0A0N4XV59_taxID_27835_model	A0AA39HID6_taxID_289476_model	0.4313
A0A8J1T8Q4_taxID_6347_model	A0AA39HID6_taxID_289476_model	0.4313
A0A8J1XGG3_taxID_6347_model	A0AAN4ZCE4_taxID_1317129_model	0.4312
A0A139HFA6_taxID_321146_model_A	A0A8H6XYA6_taxID_2733690_model	0.4312
A0A135T4G4_taxID_703756_model	A0A9P9WMZ2_taxID_1658444_model_A	0.4312
A0A183C149_taxID_36090_model	A0A915I8K9_taxID_13658_model	0.4312
A0A135T4G4_taxID_703756_model	A0A4Q2D856_taxID_2316362_model	0.4311
A0A444ZR13_taxID_3818_model	A0A5J5BCR2_taxID_561372_model_A	0.4311
A0A077ZGT3_taxID_36087_model	A0A498S2C2_taxID_6277_model_A	0.4311
A0A4Q2V7C7_taxID_451672_model	A0A9P6IHM1_taxID_1095194_model	0.4311
A0A9P3CF74_taxID_84275_model	A0ACC2IQ67_taxID_749465_model_A	0.4311
A0A0V0S806_taxID_6336_model	A0AA36CWW9_taxID_96644_model	0.4311
A0A084G098_taxID_563466_model	A0A5N6JRM5_taxID_61186_model	0.4311
A0A8B6BKM4_taxID_29158_model_A	A0A8S3SWK0_taxID_6550_model	0.4311
A0A9N8JDS5_taxID_2773715_model_A	A0ABQ0M0Y9_taxID_658473_model_A	0.4311
A0A0V1I3Y0_taxID_268475_model	A0A8S3R6L7_taxID_6550_model_A	0.4310
A0A2N3MXV9_taxID_41688_model_A	F0XF66_taxID_655863_model	0.4310
A0A139HFA6_taxID_321146_model_A	A0AAN5YGU4_taxID_293939_model	0.4310
A0A6J8AZI7_taxID_42192_model	A0A9D4MZZ2_taxID_45954_model	0.4310
A0A0R3RX42_taxID_1147741_model_A	A0AA39HID6_taxID_289476_model	0.4309
A0A0V0S806_taxID_6336_model	A0A2A6BT42_taxID_54126_model	0.4309
A0A0V1KD92_taxID_6337_model	A0A8B6BMR6_taxID_29158_model_A	0.4309
A0A6J8E972_taxID_42192_model	A0A8B6BKM4_taxID_29158_model_A	0.4309
A0A1F8A6I4_taxID_109264_model_A	E3REK7_taxID_861557_model	0.4309
A0ABQ8FRP3_taxID_1357716_model_A	A0ABR2XFG3_taxID_138064_model_A	0.4309
A0A2P6TX23_taxID_3076_model	A0A9N8ELP9_taxID_568900_model	0.4309
A0A0V1DE70_taxID_45882_model	A0A8B6G9L0_taxID_29158_model_A	0.4308
A0A0G2GEG2_taxID_420778_model_A	A0A8H7B393_taxID_1187904_model_A	0.4308
A0A1V9YE51_taxID_74557_model	W4H234_taxID_112090_model	0.4308
A0A0G4N7R0_taxID_100787_model	A0A2T3YXJ6_taxID_1042311_model	0.4308
A0A024TEL4_taxID_157072_model	T0PU14_taxID_1156394_model	0.4308
A0A8H7INQ5_taxID_456999_model	W3VU69_taxID_84754_model	0.4308
A0ABR2XFG3_taxID_138064_model_A	W3VU69_taxID_84754_model	0.4308
S3CMF3_taxID_1116229_model	W6ZHH7_taxID_930090_model	0.4307
A0A4Q2D856_taxID_2316362_model	A0A9P3CF74_taxID_84275_model	0.4307
A0A4R8T272_taxID_1347389_model	S3CMF3_taxID_1116229_model	0.4307
A0A2G7FTM7_taxID_656916_model_A	A0A409YPA9_taxID_231916_model	0.4307
A0A8H7EGD0_taxID_1187904_model	N4XMY1_taxID_665024_model	0.4307
A0A0V1DE70_taxID_45882_model	A0A8B6CNP6_taxID_29158_model	0.4307
A0A067BRT6_taxID_695850_model	K3X5C6_taxID_431595_model	0.4307
A0A7C8Q0E6_taxID_2813651_model	A0AAQ3LZX8_taxID_150365_model	0.4307
S3CMF3_taxID_1116229_model	W6Y2N7_taxID_930089_model	0.4306
A0A0V0TGR2_taxID_144512_model	A0A3P7DNC2_taxID_6293_model	0.4306
A0A8B6BKM4_taxID_29158_model_A	A0A9D4LIH2_taxID_45954_model	0.4306
A0AAN4ZCE4_taxID_1317129_model	A0ABD2LAM1_taxID_157864_model	0.4306
A0A177WTC8_taxID_403673_model	B2VY53_taxID_426418_model	0.4306
A0A0R3RX42_taxID_1147741_model_A	A0A0V1I3Y0_taxID_268475_model	0.4306
A0A8H5UJH2_taxID_48507_model_A	A0ABQ0M0Y9_taxID_658473_model_A	0.4306
A0A085M8H3_taxID_68888_model	A0A6J8DAY9_taxID_42192_model	0.4305
A0A0V1JHS7_taxID_6337_model	A0A8B6CPY6_taxID_29158_model_A	0.4305
A0A077ZGT3_taxID_36087_model	A0AAD8AV10_taxID_112525_model	0.4305
A0A507FDN0_taxID_246404_model	A0AAD6NB37_taxID_5083_model_A	0.4305
A0A210R253_taxID_6573_model	K1QAP4_taxID_29159_model	0.4305
A0ABR2XFG3_taxID_138064_model_A	F9F9P2_taxID_660025_model	0.4305
E3REK7_taxID_861557_model	S3CMF3_taxID_1116229_model	0.4305
A0A0N4XV59_taxID_27835_model	A0A238C4W2_taxID_387005_model	0.4305
A0A0V0YE73_taxID_6337_model	A0ABD2I4S2_taxID_97005_model	0.4304
A0A9D4J8T5_taxID_45954_model	A0ABD2I4S2_taxID_97005_model	0.4304
A0AA36CWW9_taxID_96644_model	A0ABQ9EAR7_taxID_220873_model	0.4304
A0A364L5W2_taxID_1196081_model	A0A8H7EGD0_taxID_1187904_model	0.4304
A0A0B2VVI5_taxID_6265_model	A0A914C4K9_taxID_290746_model	0.4304
A0A8H2WDY0_taxID_456999_model	W3VU69_taxID_84754_model	0.4304
A0A6J8DAY9_taxID_42192_model	A0A8B6GY87_taxID_29158_model_A	0.4303
A0A0V0TGR2_taxID_144512_model	A0A183C149_taxID_36090_model	0.4303
A0A5M9J7X0_taxID_38448_model	A0A9P6IHM1_taxID_1095194_model	0.4303
A0A8H6GM20_taxID_100902_model	A0A9P6IHM1_taxID_1095194_model	0.4303
A0A2P6TX23_taxID_3076_model	F0Y9F1_taxID_44056_model	0.4303
A0A0V1KD92_taxID_6337_model	A0AA36DH95_taxID_96644_model_A	0.4303
A0A8R1TKI8_taxID_6282_model	A0A914C4K9_taxID_290746_model	0.4303
A0A8H3A1U9_taxID_456999_model	W3VU69_taxID_84754_model	0.4303
A0A0A1UJW0_taxID_1086054_model	A0A8H7LVB4_taxID_456999_model	0.4302
A0A163KNP0_taxID_5454_model_A	A0AAN5YGU4_taxID_293939_model	0.4302
A0A084FV70_taxID_563466_model_A	A0ACC2IQ67_taxID_749465_model_A	0.4302
A0A914C4K9_taxID_290746_model	A0AA36DH95_taxID_96644_model_A	0.4302
A0A1F8A6I4_taxID_109264_model_A	Q2H2F5_taxID_306901_model_A	0.4302
A0A8H5UJH2_taxID_48507_model_A	A0AAE8SXX8_taxID_2041049_model_A	0.4302
A0A139HFA6_taxID_321146_model_A	S3CMF3_taxID_1116229_model	0.4302
A0A0N4SWM8_taxID_6280_model	A0A5S6QIU3_taxID_70415_model	0.4302
A0AAD5UGL0_taxID_261099_model	A0ABN8SN36_taxID_104178_model	0.4301
A0A183C149_taxID_36090_model	A0AAF5PZK9_taxID_6293_model	0.4301
A0AAD5DEJ1_taxID_2649997_model	A0ABQ0CQG4_taxID_79588_model_A	0.4301
A0A484G057_taxID_1213857_model	A0ABR2XFG3_taxID_138064_model_A	0.4301
A0A1F8A6I4_taxID_109264_model_A	A0A8H4RXW4_taxID_354080_model_A	0.4301
A0A364L5W2_taxID_1196081_model	A0A8H6GM20_taxID_100902_model	0.4301
A0A250IQN3_taxID_1294270_model_A	B5RHR0_taxID_515355_model_A	0.4300
A0A6A5SIC2_taxID_706981_model	Q2H2F5_taxID_306901_model_A	0.4300
A0AAD6NB37_taxID_5083_model_A	J0WRI2_taxID_717982_model	0.4300
A0A084FV70_taxID_563466_model_A	A0A9N8JDS5_taxID_2773715_model_A	0.4300
A0A085M8H3_taxID_68888_model	A0A1I7VEA5_taxID_7209_model	0.4299
A0A085M8H3_taxID_68888_model	A0AAF5PZK9_taxID_6293_model	0.4299
A0A8K0WPV5_taxID_80388_model_A	A0AAD4FBU9_taxID_669026_model_A	0.4299
A0A914E549_taxID_290746_model	A0AAF3EKL4_taxID_2138241_model	0.4299
A0A0G4N7R0_taxID_100787_model	A0A8H4RXW4_taxID_354080_model_A	0.4299
A0A1I7VEA5_taxID_7209_model	A0A5S6QIU3_taxID_70415_model	0.4299
A0A0F9J123_taxID_412755_model	M5FY28_taxID_1858805_model	0.4299
K1Q6D2_taxID_29159_model	K1QAP4_taxID_29159_model	0.4299
A0A0V1ESS6_taxID_6337_model	A0A238C4W2_taxID_387005_model	0.4299
A0A1I4VE96_taxID_44574_model_A	A0A8S2MFL9_taxID_1234261_model	0.4299
A0A8E0V7V4_taxID_52442_model_A	A0ACC2TVV6_taxID_34485_model	0.4299
A0A0B2VVI5_taxID_6265_model	A0ABD2I4S2_taxID_97005_model	0.4298
A0A0V0TGR2_taxID_144512_model	A0ABD2I4S2_taxID_97005_model	0.4298
A0A077ZGT3_taxID_36087_model	A0AA36DH95_taxID_96644_model_A	0.4298
A0A5N6JRM5_taxID_61186_model	A0A9P6IHM1_taxID_1095194_model	0.4298
A0A9W7ZRQ5_taxID_78921_model	F4NVT9_taxID_684364_model	0.4298
A0A210R253_taxID_6573_model	A0A8J1T8Q4_taxID_6347_model	0.4298
A0A914W9Q0_taxID_2011161_model	A0A915KKL6_taxID_13658_model	0.4298
A0A7S4C8S2_taxID_73025_model	A0ACC3CB14_taxID_2788_model	0.4297
A0A6J8E972_taxID_42192_model	A0A8B8F0Y1_taxID_6565_model	0.4297
A0A6J8BR51_taxID_42192_model_A	A0A8B6CNP6_taxID_29158_model	0.4297
A0A8B6BKM4_taxID_29158_model_A	A0A915N8X1_taxID_6303_model	0.4297
A0A8H3D1S1_taxID_456999_model	A0AA39UQR7_taxID_153913_model_A	0.4297
A0A9D4MZZ2_taxID_45954_model	A0ABY7ESX1_taxID_6604_model	0.4297
A0A8J4BKA8_taxID_51714_model	R1E2E0_taxID_2903_model	0.4296
A0A177WTC8_taxID_403673_model	A0A507FDN0_taxID_246404_model	0.4296
A0A0V1G4S3_taxID_6337_model	A0AA36DH95_taxID_96644_model_A	0.4296
A0A4E9FIB1_taxID_6279_model	A0A5S6QIU3_taxID_70415_model	0.4296
A0A135T4G4_taxID_703756_model	A0A9N8JDS5_taxID_2773715_model_A	0.4296
A0A8H6XYA6_taxID_2733690_model	A0A9P3CF74_taxID_84275_model	0.4296
A0A024TEL4_taxID_157072_model	A0A8T0LKJ4_taxID_325452_model	0.4295
A0A915DFA9_taxID_166011_model	A0AA36CWW9_taxID_96644_model	0.4295
A0A915JY09_taxID_13658_model	A0ABY7EVT9_taxID_6604_model	0.4294
A0A5N6JRM5_taxID_61186_model	A0A7C8MWQ0_taxID_323545_model_A	0.4294
A0A914E9Y6_taxID_290746_model	A0AC34QHI6_taxID_591449_model	0.4294
A0A5S6QIU3_taxID_70415_model	A0AAF5PZK9_taxID_6293_model	0.4293
A0AAD5TY19_taxID_447962_model	A0ACC2T6Y9_taxID_34485_model	0.4293
A0A2G7FTM7_taxID_656916_model_A	A0ABQ0M0Y9_taxID_658473_model_A	0.4293
A0A8B6CPY6_taxID_29158_model_A	A0A8B6GSK0_taxID_29158_model	0.4293
A0A0V1BIN6_taxID_6334_model	A0A1I7VEA5_taxID_7209_model	0.4293
A0A6J8CIJ8_taxID_42192_model	A0A8J1XGG3_taxID_6347_model	0.4293
A0A484G057_taxID_1213857_model	A0A5N6JRM5_taxID_61186_model	0.4293
A0A8B6CPY6_taxID_29158_model_A	K1Q6D2_taxID_29159_model	0.4293
A0A8H4YZH8_taxID_48485_model	A0A9P6IHM1_taxID_1095194_model	0.4292
A0A5M9J7X0_taxID_38448_model	A0AAN4PPE5_taxID_293939_model	0.4292
A0A6A5SIC2_taxID_706981_model	A0A8K0WPV5_taxID_80388_model_A	0.4291
A0A4R8T272_taxID_1347389_model	A0A7C8Q0E6_taxID_2813651_model	0.4291
A0A0V0TGR2_taxID_144512_model	A0A2A6BT42_taxID_54126_model	0.4291
A0A0D1CHR5_taxID_5270_model_A	A0A127Z996_taxID_49012_model_A	0.4291
A0A8B6G957_taxID_29158_model_A	K1Q6D2_taxID_29159_model	0.4291
A0A2K8T4N2_taxID_2038116_model_A	A0A3B1A6T7_taxID_652676_model_A	0.4291
A0A3N0CP77_taxID_661483_model	A0ACC2TVV6_taxID_34485_model	0.4290
A0A7C8Q0E6_taxID_2813651_model	S3CMF3_taxID_1116229_model	0.4290
A0A3S0ZXU8_taxID_188477_model	A0A8B6G9L0_taxID_29158_model_A	0.4290
A0A1I7VBE5_taxID_7209_model	A0A914S644_taxID_6256_model	0.4289
A0A0D6LVJ5_taxID_53326_model	A0A915DFA9_taxID_166011_model	0.4289
A0A0V1DE70_taxID_45882_model	A0A8B6CPY6_taxID_29158_model_A	0.4289
A0A016T0A5_taxID_53326_model	A0A0V0YE73_taxID_6337_model	0.4289
A0A0B2VVI5_taxID_6265_model	A0AA36CWW9_taxID_96644_model	0.4289
B2VY53_taxID_426418_model	F9F9P2_taxID_660025_model	0.4289
A0AA36JK50_taxID_2562239_model	F0YJP7_taxID_44056_model	0.4289
A0A0B2VVI5_taxID_6265_model	A0A914MBW5_taxID_6306_model	0.4289
A0A914S644_taxID_6256_model	W6NCB7_taxID_6289_model	0.4289
A0A4P9X7U9_taxID_1555241_model	W3VU69_taxID_84754_model	0.4288
A0A8B6GYH0_taxID_29158_model_A	A0A9D4RA75_taxID_45954_model	0.4288
A0A5N6JRM5_taxID_61186_model	A0AAD4FBU9_taxID_669026_model_A	0.4288
D7F7N8_taxID_541221_model_A	E7CLR7_taxID_34541_model	0.4288
A0A0V1G4S3_taxID_6337_model	A0A915N8X1_taxID_6303_model	0.4288
A0A074RXE5_taxID_1423351_model_A	A0A8H6ZUP2_taxID_5322_model_A	0.4287
A0A0V1DE70_taxID_45882_model	A0A8S3R6L7_taxID_6550_model_A	0.4287
A0A3P7DNC2_taxID_6293_model	A0A914W9Q0_taxID_2011161_model	0.4287
A0A0B2VVI5_taxID_6265_model	A0A0N4SWM8_taxID_6280_model	0.4287
A0A238C4W2_taxID_387005_model	A0ABD3VH26_taxID_1069815_model	0.4287
A0A8H4YZH8_taxID_48485_model	A0ACC1NLV5_taxID_42375_model	0.4287
A0A8H5UJH2_taxID_48507_model_A	J0WRI2_taxID_717982_model	0.4287
A0A085M8H3_taxID_68888_model	A0AA36DH95_taxID_96644_model_A	0.4286
A0A1S9S186_taxID_104259_model	A0AAN5YGU4_taxID_293939_model	0.4286
A0A2G7FTM7_taxID_656916_model_A	J0WRI2_taxID_717982_model	0.4286
A0A077ZGT3_taxID_36087_model	A0A8B6CNP6_taxID_29158_model	0.4286
A0A8H7EGD0_taxID_1187904_model	A0A9P6IHM1_taxID_1095194_model	0.4286
A0A024UP64_taxID_157072_model	A0A067C156_taxID_695850_model_A	0.4286
A0A077R9S7_taxID_1398559_model_A	A0A2N8UKW6_taxID_72559_model_A	0.4286
A0A6J8AZI7_taxID_42192_model	A0A9D4LIH2_taxID_45954_model	0.4286
A0A8H7EE27_taxID_1187904_model	A0AAD4EYT8_taxID_669026_model_A	0.4285
A0A4U7KZ21_taxID_280036_model_A	A0A8H3H4T7_taxID_456999_model	0.4285
A0A9P6IHM1_taxID_1095194_model	A0ABR2XFG3_taxID_138064_model_A	0.4285
A0AA88AFA7_taxID_3494_model_A	A0ABV9FV84_taxID_1460226_model	0.4285
A0A915JY09_taxID_13658_model	A0AAF3EKL4_taxID_2138241_model	0.4285
A0A0V1ESS6_taxID_6337_model	A0A4E9FIB1_taxID_6279_model	0.4285
A0A914C4K9_taxID_290746_model	A0A915N8X1_taxID_6303_model	0.4285
A0A1I9G629_taxID_6279_model	A0A8J1XGG3_taxID_6347_model	0.4284
A0A8B6BKM4_taxID_29158_model_A	A0AA36CWW9_taxID_96644_model	0.4284
A0AAD5UGL0_taxID_261099_model	A0ABN8M8J6_taxID_104178_model	0.4284
A0A1H7K5B5_taxID_1233_model_A	F4NVT9_taxID_684364_model	0.4284
A0A0F4GBJ7_taxID_1047168_model	A0A8H5UJH2_taxID_48507_model_A	0.4283
A0A1I9G629_taxID_6279_model	A0ABD3VH26_taxID_1069815_model	0.4283
A0A183C149_taxID_36090_model	A0A1I7VEA5_taxID_7209_model	0.4283
B2VY53_taxID_426418_model	W3VU69_taxID_84754_model	0.4283
A0A4P9XG75_taxID_78915_model	A0AAD5UAC9_taxID_447962_model	0.4283
A0A0B2VVI5_taxID_6265_model	A0A238C4W2_taxID_387005_model	0.4283
A0A177X0C6_taxID_403673_model	A0A3B0YDV7_taxID_652676_model_A	0.4283
A0A914E9Y6_taxID_290746_model	A0AAF3EKL4_taxID_2138241_model	0.4282
A0A9P9WMZ2_taxID_1658444_model_A	A0AAD5UAC9_taxID_447962_model	0.4282
A0AAD5X3H5_taxID_64517_model	A0ACC3CDQ3_taxID_2788_model	0.4282
A0A0V1JHS7_taxID_6337_model	A0A8S9ZP28_taxID_189291_model	0.4281
A0A9P6IHM1_taxID_1095194_model	W6ZHH7_taxID_930090_model	0.4281
A0A1V6PRI1_taxID_416450_model	A0A2G7FTM7_taxID_656916_model_A	0.4281
A0A4Q2V7C7_taxID_451672_model	Q2H2F5_taxID_306901_model_A	0.4281
A0AAE0W2I3_taxID_2493646_model	A0ABY7ESX1_taxID_6604_model	0.4281
A0A8H7E8W0_taxID_1187904_model	A0AAN4PPE5_taxID_293939_model	0.4281
A0A084G098_taxID_563466_model	A0A8H3H4T7_taxID_456999_model	0.4281
K3X5C6_taxID_431595_model	T0PU14_taxID_1156394_model	0.4281
A0A8H5L9I1_taxID_48495_model_A	A0A8H7B393_taxID_1187904_model_A	0.4280
A0A4P9X7U9_taxID_1555241_model	A0A7S4C8S2_taxID_73025_model	0.4280
A0A0R3RX42_taxID_1147741_model_A	A0AC34QHI6_taxID_591449_model	0.4280
A0A409YPA9_taxID_231916_model	A0A8K0RUZ8_taxID_61284_model_A	0.4280
A0A183C149_taxID_36090_model	A0A8B6GYH0_taxID_29158_model_A	0.4280
A0A183C149_taxID_36090_model	A0A8B6BKM4_taxID_29158_model_A	0.4280
A0AAD7XMM2_taxID_2483200_model	A0ABR1FQU3_taxID_44056_model	0.4280
A0A4P9XG75_taxID_78915_model	A0A8H3H4T7_taxID_456999_model	0.4280
A0A914W9Q0_taxID_2011161_model	A0AAN4ZCE4_taxID_1317129_model	0.4280
A0A139HFA6_taxID_321146_model_A	A0A317XLV9_taxID_1882483_model	0.4279
A0A0R3RX42_taxID_1147741_model_A	A0A0V1DE70_taxID_45882_model	0.4279
A0A8S3PWU5_taxID_6550_model	A0A8S3RHI5_taxID_6550_model_A	0.4279
A0A913YCG3_taxID_2652724_model	A0ABN8RHG1_taxID_104759_model	0.4279
A0A2G7FYG7_taxID_656916_model_A	A0A8H5L9I1_taxID_48495_model_A	0.4278
A0A8S3SWK0_taxID_6550_model	A0ABY7EVT9_taxID_6604_model	0.4278
A0A7S2W132_taxID_1034831_model	F0YI20_taxID_44056_model	0.4277
A0A4P9X7U9_taxID_1555241_model	A0A4Q2D856_taxID_2316362_model	0.4277
A0A1Y1HT28_taxID_105231_model	A0A6G1HLY0_taxID_703511_model_A	0.4277
A0A1I9G629_taxID_6279_model	A0A3S0ZXU8_taxID_188477_model	0.4277
A0A3M0K1G4_taxID_333673_model	A0A3M6T5K9_taxID_46731_model	0.4277
A0A0V1KD92_taxID_6337_model	A0A6J8DAY9_taxID_42192_model	0.4277
A0AAD4FBU9_taxID_669026_model_A	A0ACC3CB14_taxID_2788_model	0.4277
A0A507EXS7_taxID_246404_model	A0A9W8B9V6_taxID_2761393_model_A	0.4277
A0A8B6G9L0_taxID_29158_model_A	A0A9D4J8T5_taxID_45954_model	0.4276
A0A0V0YE73_taxID_6337_model	A0A4E9FIB1_taxID_6279_model	0.4276
A0A179HCZ8_taxID_33203_model	A0A2G7FTM7_taxID_656916_model_A	0.4275
A0A409WEP5_taxID_231916_model_A	A0A4Q2D856_taxID_2316362_model	0.4275
A0A409YPA9_taxID_231916_model	A0A9P9JQC5_taxID_48865_model_A	0.4275
A0A9P9WMZ2_taxID_1658444_model_A	A0ABQ0M0Y9_taxID_658473_model_A	0.4275
A0A4P9X7U9_taxID_1555241_model	A0AAD4FBU9_taxID_669026_model_A	0.4275
A0A0K6FPV3_taxID_456999_model	A0A8H7INQ5_taxID_456999_model	0.4275
A0A177WTC8_taxID_403673_model	A0A8H6ZUP2_taxID_5322_model_A	0.4274
A0A085M8H3_taxID_68888_model	A0A4E9FIB1_taxID_6279_model	0.4274
A0A179HCZ8_taxID_33203_model	J0WRI2_taxID_717982_model	0.4274
A0A3S0ZXU8_taxID_188477_model	A0A8S3R6L7_taxID_6550_model_A	0.4274
A0A914D235_taxID_290746_model	A0AA36CWW9_taxID_96644_model	0.4274
A0A484G057_taxID_1213857_model	A0A8H7E8W0_taxID_1187904_model	0.4274
A0A914EDP1_taxID_290746_model	A0AAF3EKL4_taxID_2138241_model	0.4274
A0A5S6QIU3_taxID_70415_model	A0A6J8DAY9_taxID_42192_model	0.4274
A0A183C149_taxID_36090_model	A0A4E9FIB1_taxID_6279_model	0.4274
A0A8H5UJH2_taxID_48507_model_A	A0A9P3PKR9_taxID_47721_model	0.4273
A0ACC2IQ67_taxID_749465_model_A	J0WRI2_taxID_717982_model	0.4273
F0XF66_taxID_655863_model	I2FTP4_taxID_120017_model_A	0.4273
A0A139HFA6_taxID_321146_model_A	J0WRI2_taxID_717982_model	0.4273
A0A0V0S806_taxID_6336_model	A0A183C149_taxID_36090_model	0.4273
A0A8H6XYA6_taxID_2733690_model	W3VU69_taxID_84754_model	0.4273
A0A1V6PRI1_taxID_416450_model	A0A9P3CF74_taxID_84275_model	0.4273
A0A3R6VRZ5_taxID_157072_model	T0PNV2_taxID_1156394_model	0.4272
A0A179HCZ8_taxID_33203_model	A0ACC1NLV5_taxID_42375_model	0.4272
A0A177WTC8_taxID_403673_model	A0A8K0WPV5_taxID_80388_model_A	0.4272
A0ABM1B806_taxID_6850_model	A0ABM1VVY2_taxID_6500_model	0.4272
A0A8B6CNP6_taxID_29158_model	A0AAE0W2I3_taxID_2493646_model	0.4272
A0A914E549_taxID_290746_model	A0AA88YDI9_taxID_66713_model	0.4272
A0ABN8M8J6_taxID_104178_model	A0ABN8N4G6_taxID_104759_model_A	0.4272
A0A364L5W2_taxID_1196081_model	A0ABR2XFG3_taxID_138064_model_A	0.4272
A0A0V1KR57_taxID_6335_model	A0A183C149_taxID_36090_model	0.4272
A0A915KKL6_taxID_13658_model	W6NCB7_taxID_6289_model	0.4272
A0A0V0S806_taxID_6336_model	A0A915N8X1_taxID_6303_model	0.4272
A0A179HCZ8_taxID_33203_model	A0A2N3MXV9_taxID_41688_model_A	0.4271
A0A2A6BT42_taxID_54126_model	A0A8B6GY87_taxID_29158_model_A	0.4271
A0A8H7E8W0_taxID_1187904_model	A0A9P6IHM1_taxID_1095194_model	0.4271
A0A0F7RVY0_taxID_49012_model_A	A0A5N6JRM5_taxID_61186_model	0.4271
A0A4P9XG75_taxID_78915_model	F4NVT9_taxID_684364_model	0.4271
A0A5P8W6J8_taxID_2653204_model	P56826_taxID_6610_model	0.4271
A0A6J8ENF3_taxID_42192_model_A	A0A915N8X1_taxID_6303_model	0.4271
A0A8H4YZH8_taxID_48485_model	A0A8H7EE27_taxID_1187904_model	0.4270
A0A1F8A6I4_taxID_109264_model_A	A0A2N3MXV9_taxID_41688_model_A	0.4270
A0A0F7RVY0_taxID_49012_model_A	A0A8H3A1U9_taxID_456999_model	0.4270
A0A8J1T8Q4_taxID_6347_model	A0A8S3PWU5_taxID_6550_model	0.4270
A0A8H7EGD0_taxID_1187904_model	W6Y2N7_taxID_930089_model	0.4269
A0A364L5W2_taxID_1196081_model	A0A5M9J7X0_taxID_38448_model	0.4269
A0A5M9J7X0_taxID_38448_model	A0ABQ0M0Y9_taxID_658473_model_A	0.4269
A0A1W6SSH7_taxID_1288494_model_A	A0A8W8J4S3_taxID_29159_model	0.4269
A0A8H3BPP3_taxID_456999_model	A0ABQ8FRP3_taxID_1357716_model_A	0.4269
A0A8H6GM20_taxID_100902_model	A0ACC1PQ96_taxID_42375_model	0.4269
A0A8H6XYA6_taxID_2733690_model	A0A8K0WPV5_taxID_80388_model_A	0.4269
A0A163KNP0_taxID_5454_model_A	A0A5N6JRM5_taxID_61186_model	0.4267
A0A2S6BQA0_taxID_357750_model	A0A8H6XYA6_taxID_2733690_model	0.4267
A0A8B6GY87_taxID_29158_model_A	A0A9D4RA75_taxID_45954_model	0.4266
A0A8B6G957_taxID_29158_model_A	A0A9D4LIH2_taxID_45954_model	0.4266
A0A0G2GEG2_taxID_420778_model_A	E3REK7_taxID_861557_model	0.4266
A0A2S6BQA0_taxID_357750_model	A0AAN5YGU4_taxID_293939_model	0.4266
A0A914E549_taxID_290746_model	A0AAN4ZCE4_taxID_1317129_model	0.4266
A0A0V1ESS6_taxID_6337_model	A0A6J8DAY9_taxID_42192_model	0.4266
A0A8H4RXW4_taxID_354080_model_A	A0ABR3UFL0_taxID_48095_model	0.4266
A0A084G098_taxID_563466_model	A0A9N8JDS5_taxID_2773715_model_A	0.4266
A0A0S4LNR0_taxID_1742972_model_A	A0A1I4T9J4_taxID_44574_model_A	0.4265
A0A364L5W2_taxID_1196081_model	A0A4Q2V7C7_taxID_451672_model	0.4265
A0A5M9J7X0_taxID_38448_model	A0A8H6XYA6_taxID_2733690_model	0.4265
A0A8H3AAQ4_taxID_456999_model	A0A8H7LVB4_taxID_456999_model	0.4265
D7F7N6_taxID_541230_model_A	E7CLR7_taxID_34541_model	0.4265
A0A0N4SWM8_taxID_6280_model	A0A0V1ESS6_taxID_6337_model	0.4265
A0A8H5L9I1_taxID_48495_model_A	A0ACC2IQ67_taxID_749465_model_A	0.4264
A0A7C8MQB2_taxID_323545_model	A0A7S4C8S2_taxID_73025_model	0.4264
A0A1K0HF59_taxID_307758_model_A	A0A5C3ELN8_taxID_86804_model_A	0.4264
A0A1I5DX13_taxID_35799_model_A	A0ABR0JJU7_taxID_1016849_model_A	0.4263
A0A0V0TGR2_taxID_144512_model	A0A4E9FIB1_taxID_6279_model	0.4263
A0AAN5YGU4_taxID_293939_model	F9F9P2_taxID_660025_model	0.4263
A0A163KNP0_taxID_5454_model_A	R0ISP9_taxID_671987_model	0.4263
A0A317XLV9_taxID_1882483_model	A0A8H3D1S1_taxID_456999_model	0.4262
A0A8H7EE27_taxID_1187904_model	A0A9N8JDS5_taxID_2773715_model_A	0.4262
A0A8S3R6L7_taxID_6550_model_A	A0A915N8X1_taxID_6303_model	0.4262
A0A364L5W2_taxID_1196081_model	A0A8H7E8W0_taxID_1187904_model	0.4262
A0A183C149_taxID_36090_model	A0A6J8ENF3_taxID_42192_model_A	0.4262
A0A0G2GEG2_taxID_420778_model_A	A0A8H5L9I1_taxID_48495_model_A	0.4261
A0ABP0NLQ2_taxID_1381693_model	R1E2E0_taxID_2903_model	0.4261
A0A8H5UJH2_taxID_48507_model_A	A0A9W8TQN1_taxID_114810_model	0.4261
A0A0D6M6M4_taxID_53326_model	A0A9J2Q8W3_taxID_6252_model	0.4261
A0A498S2C2_taxID_6277_model_A	A0A914W9Q0_taxID_2011161_model	0.4261
A0A8B6GY87_taxID_29158_model_A	A0ABD2I4S2_taxID_97005_model	0.4260
A0A0V1ESS6_taxID_6337_model	A0AAF5PZK9_taxID_6293_model	0.4260
A0A2G7FTM7_taxID_656916_model_A	R0ISP9_taxID_671987_model	0.4260
A0A0F7RVY0_taxID_49012_model_A	A0A8H3DZ25_taxID_456999_model_A	0.4260
A0A8H7EE27_taxID_1187904_model	A0AAN5YGU4_taxID_293939_model	0.4259
A0A8B6GY87_taxID_29158_model_A	A0AA88XKK9_taxID_66713_model	0.4259
A0A7J7J2C8_taxID_10212_model	A0A8X6KWP2_taxID_2740835_model	0.4259
A0A077ZGT3_taxID_36087_model	A0A1I7VEA5_taxID_7209_model	0.4259
A0A6J8CL61_taxID_42192_model_A	A0ABQ9EAR7_taxID_220873_model	0.4259
A0ABQ9EAR7_taxID_220873_model	W6NCB7_taxID_6289_model	0.4259
A0A0G4N7R0_taxID_100787_model	R0ISP9_taxID_671987_model	0.4259
A0A0V0S806_taxID_6336_model	A0A1I7VEA5_taxID_7209_model	0.4259
A0AAN4PPE5_taxID_293939_model	A0ABR2XFG3_taxID_138064_model_A	0.4259
A0A1I4T9J4_taxID_44574_model_A	A0A1Y2CS79_taxID_329046_model	0.4259
A0A2N8UKW6_taxID_72559_model_A	R9PI15_taxID_1305764_model_A	0.4259
A0A914MBW5_taxID_6306_model	A0AAN4ZCE4_taxID_1317129_model	0.4259
A0A8H3D1S1_taxID_456999_model	W3VU69_taxID_84754_model	0.4259
A0A317XLV9_taxID_1882483_model	A0A8H3A1U9_taxID_456999_model	0.4258
A0A0R3RX42_taxID_1147741_model_A	A0A0V1JHS7_taxID_6337_model	0.4258
A0A0F7RVY0_taxID_49012_model_A	A0A8H7LLC6_taxID_456999_model_A	0.4258
A0A0B2VVI5_taxID_6265_model	A0A915N8X1_taxID_6303_model	0.4258
A0A8S9ZP28_taxID_189291_model	A0A915N8X1_taxID_6303_model	0.4257
A0A8B6CPY6_taxID_29158_model_A	A0A8B6GSA5_taxID_29158_model	0.4257
N4XMY1_taxID_665024_model	Q2H2F5_taxID_306901_model_A	0.4257
A0A0N4SWM8_taxID_6280_model	A0A0V1BIN6_taxID_6334_model	0.4257
A0A0N4XV59_taxID_27835_model	A0A8J1XGG3_taxID_6347_model	0.4257
A0A8B6GYH0_taxID_29158_model_A	A0ABQ9EAR7_taxID_220873_model	0.4256
A0A135T4G4_taxID_703756_model	A0A409YPA9_taxID_231916_model	0.4256
A0A484G057_taxID_1213857_model	N4XMY1_taxID_665024_model	0.4256
A0A6J8CIJ8_taxID_42192_model	A0ABY7EX19_taxID_6604_model	0.4256
A0A0B2VVI5_taxID_6265_model	A0AA36DH95_taxID_96644_model_A	0.4256
A0A365MYK5_taxID_948311_model_A	A0ACC0V4A4_taxID_47278_model	0.4256
A0A6P8I583_taxID_6105_model	A0ABN8N3E0_taxID_104178_model	0.4256
A0A1I7VBE5_taxID_7209_model	A0A914EDP1_taxID_290746_model	0.4255
A0A1I9G629_taxID_6279_model	A0A8J1T8Q4_taxID_6347_model	0.4255
A0ABQ0M0Y9_taxID_658473_model_A	B2VY53_taxID_426418_model	0.4255
A0A5S6QIU3_taxID_70415_model	A0A914C4K9_taxID_290746_model	0.4255
A0A4R8T272_taxID_1347389_model	A0ABR3V8J2_taxID_85995_model	0.4254
A0AAF3EKL4_taxID_2138241_model	A0AAF3FHG4_taxID_2138241_model_A	0.4254
A0A8B6CNP6_taxID_29158_model	A0A8B6GSA5_taxID_29158_model	0.4254
A0A0V1BIN6_taxID_6334_model	A0A3P7DNC2_taxID_6293_model	0.4254
A0A914C4K9_taxID_290746_model	A0A915MQ42_taxID_6303_model	0.4254
A0AAE0W2I3_taxID_2493646_model	K1QAP4_taxID_29159_model	0.4254
A0A8X6KWP2_taxID_2740835_model	F4NVT9_taxID_684364_model	0.4254
A0A1X7RRH8_taxID_1276538_model_A	A0A8H3BPP3_taxID_456999_model	0.4254
A0A8H4QR39_taxID_354080_model_A	A0A8H6XYA6_taxID_2733690_model	0.4253
A0A3S0ZXU8_taxID_188477_model	A0ABD2I4S2_taxID_97005_model	0.4253
A0A8B8F0Y1_taxID_6565_model	A0ABY7EVT9_taxID_6604_model	0.4253
A0A0V0YE73_taxID_6337_model	A0A8J1XGG3_taxID_6347_model	0.4253
A0A1H7K5B5_taxID_1233_model_A	A0A8W8J4S3_taxID_29159_model	0.4253
A0A016T0A5_taxID_53326_model	A0A914MBW5_taxID_6306_model	0.4253
A0A1X7RRH8_taxID_1276538_model_A	A0AA39UQR7_taxID_153913_model_A	0.4253
A0A0R3RX42_taxID_1147741_model_A	A0A5S6QIU3_taxID_70415_model	0.4253
A0A4P9X7U9_taxID_1555241_model	A0AAD6NB37_taxID_5083_model_A	0.4253
A0A163KNP0_taxID_5454_model_A	A0A8H4YZH8_taxID_48485_model	0.4253
A0A177WTC8_taxID_403673_model	A0A7S4C8S2_taxID_73025_model	0.4252
A0A4P9XG75_taxID_78915_model	A0A6B2KZX3_taxID_1963864_model	0.4252
A0A077ZGT3_taxID_36087_model	A0A4E9FIB1_taxID_6279_model	0.4252
A0A0A1UJW0_taxID_1086054_model	A0A8H3BPP3_taxID_456999_model	0.4252
A0A0N4SWM8_taxID_6280_model	A0A0V1G4S3_taxID_6337_model	0.4252
A0A183C149_taxID_36090_model	A0A6J8CL61_taxID_42192_model_A	0.4252
A0A4U7KZ21_taxID_280036_model_A	A0A8H8PB78_taxID_456999_model	0.4251
A0A4E9FIB1_taxID_6279_model	A0AA39HID6_taxID_289476_model	0.4251
A0A0N4SWM8_taxID_6280_model	A0A0V0TGR2_taxID_144512_model	0.4251
A0A8B6GYH0_taxID_29158_model_A	A0ABY7ESX1_taxID_6604_model	0.4251
A0A0V1KD92_taxID_6337_model	A0A1I7VEA5_taxID_7209_model	0.4251
A0A084FV70_taxID_563466_model_A	A0A5N6JRM5_taxID_61186_model	0.4251
A0A8B8ESA4_taxID_6565_model_A	A0AAN8JKH5_taxID_87958_model	0.4251
A0A163KNP0_taxID_5454_model_A	A0A409YPA9_taxID_231916_model	0.4250
A0A2N8UKW6_taxID_72559_model_A	A0AAJ4XRR1_taxID_63383_model_A	0.4250
A0A8H5U0D3_taxID_48490_model_A	A0A9P7HHT8_taxID_40199_model	0.4250
A0AAD6NB37_taxID_5083_model_A	A0AAD6NK04_taxID_74499_model	0.4250
A0A0P7APX3_taxID_78410_model	F0X9X8_taxID_655863_model	0.4250
A0A1Y2CTX0_taxID_329046_model	A0A507EFD5_taxID_109895_model	0.4250
A0A8S3PWU5_taxID_6550_model	A0A915N8X1_taxID_6303_model	0.4250
A0A484G057_taxID_1213857_model	W6ZHH7_taxID_930090_model	0.4249
A0A1X7RRH8_taxID_1276538_model_A	A0A9W8TQN1_taxID_114810_model	0.4249
A0A177WTC8_taxID_403673_model	A0A4U7KZ21_taxID_280036_model_A	0.4249
A0A0A1UJW0_taxID_1086054_model	A0A4U7KZ21_taxID_280036_model_A	0.4249
A0A0G2GEG2_taxID_420778_model_A	F0XF66_taxID_655863_model	0.4249
A0A2P6TX23_taxID_3076_model	A0ABR1FXH8_taxID_44056_model	0.4249
R0ISP9_taxID_671987_model	S3CMF3_taxID_1116229_model	0.4249
A0A9D4LIH2_taxID_45954_model	A0ABY7ESX1_taxID_6604_model	0.4249
A0A1Y2B8A2_taxID_329046_model	A0A250IQN3_taxID_1294270_model_A	0.4249
A0A0V1I3Y0_taxID_268475_model	A0A1I7VEA5_taxID_7209_model	0.4249
A0A1F8A6I4_taxID_109264_model_A	A0A9P3CF74_taxID_84275_model	0.4249
A0A364L5W2_taxID_1196081_model	S3CMF3_taxID_1116229_model	0.4249
A0A8H7B393_taxID_1187904_model_A	A0AA37L8J5_taxID_700344_model_A	0.4249
F4NVT9_taxID_684364_model	K1Q6D2_taxID_29159_model	0.4249
A0A3S0ZXU8_taxID_188477_model	A0A8B6GYH0_taxID_29158_model_A	0.4248
F9F9P2_taxID_660025_model	R0ISP9_taxID_671987_model	0.4248
A0A8H7E8W0_taxID_1187904_model	Q2H2F5_taxID_306901_model_A	0.4248
A0A0V1I3Y0_taxID_268475_model	A0A4E9FIB1_taxID_6279_model	0.4248
A0A8H7EGD0_taxID_1187904_model	E3REK7_taxID_861557_model	0.4248
A0A1I5DX13_taxID_35799_model_A	A0A8W8J4S3_taxID_29159_model	0.4247
A0A813K9V7_taxID_89957_model	A0ABR1FHI7_taxID_44056_model	0.4247
A0A8B6GY87_taxID_29158_model_A	A0AAN8JKH5_taxID_87958_model	0.4247
A0A8B6BMR6_taxID_29158_model_A	A0A8B6GSA5_taxID_29158_model	0.4247
A0A0V1KD92_taxID_6337_model	A0A4E9FIB1_taxID_6279_model	0.4247
A0A0V1BIN6_taxID_6334_model	A0A8J1T8Q4_taxID_6347_model	0.4247
A0A317XLV9_taxID_1882483_model	A0A5C3ELN8_taxID_86804_model_A	0.4246
A0A2S6BQA0_taxID_357750_model	A0A4Q2D856_taxID_2316362_model	0.4246
A0A8H3DZ25_taxID_456999_model_A	A0A9P3PKR9_taxID_47721_model	0.4246
A0A0D6LVJ5_taxID_53326_model	A0A1I9G629_taxID_6279_model	0.4246
A0A409YPA9_taxID_231916_model	A0A8H7E8W0_taxID_1187904_model	0.4246
A0A0V1BIN6_taxID_6334_model	A0A4E9FIB1_taxID_6279_model	0.4246
A0A8B6BKM4_taxID_29158_model_A	A0ABY7ESX1_taxID_6604_model	0.4246
A0A9N8JDS5_taxID_2773715_model_A	A0AAD4FBU9_taxID_669026_model_A	0.4246
A0A1G5SEQ3_taxID_51642_model_A	A0A1I4RJF6_taxID_44574_model_A	0.4246
A0A024UP64_taxID_157072_model	T0PNV2_taxID_1156394_model	0.4245
Q2H2F5_taxID_306901_model_A	R0ISP9_taxID_671987_model	0.4245
J0WRI2_taxID_717982_model	S3CMF3_taxID_1116229_model	0.4245
A0A238C4W2_taxID_387005_model	A0A915I8K9_taxID_13658_model	0.4245
A0A9P6IHM1_taxID_1095194_model	W6Y2N7_taxID_930089_model	0.4244
A0A0V1BIN6_taxID_6334_model	A0AAF5PZK9_taxID_6293_model	0.4244
A0A8B8ESA4_taxID_6565_model_A	A0A9D4J8T5_taxID_45954_model	0.4244
A0A5S6QIU3_taxID_70415_model	A0A8B6CNP6_taxID_29158_model	0.4244
A0AAN4PPE5_taxID_293939_model	Q2H2F5_taxID_306901_model_A	0.4244
A0ABR3V8J2_taxID_85995_model	J0WRI2_taxID_717982_model	0.4244
A0A1Y1W9H1_taxID_61395_model_A	A0A6J4QLW3_taxID_349277_model_A	0.4244
A0A8B6GYH0_taxID_29158_model_A	A0ABD2I4S2_taxID_97005_model	0.4243
A0AA39HID6_taxID_289476_model	A0ABY7EVT9_taxID_6604_model	0.4243
A0A077ZGT3_taxID_36087_model	A0AAF5PZK9_taxID_6293_model	0.4243
A0A8B6GSA5_taxID_29158_model	A0A8S3R6L7_taxID_6550_model_A	0.4243
A0A2G8L6J4_taxID_307972_model	A0AAJ8BCI9_taxID_8187_model	0.4243
A0AA39HID6_taxID_289476_model	A0ABY7ESX1_taxID_6604_model	0.4243
A0A135T4G4_taxID_703756_model	A0A8K0WPV5_taxID_80388_model_A	0.4243
A0A1X7RRH8_taxID_1276538_model_A	A0A4Q2V7C7_taxID_451672_model	0.4243
A0A0V0YE73_taxID_6337_model	A0AAN8JKH5_taxID_87958_model	0.4243
A0A0G4N7R0_taxID_100787_model	A0A484G057_taxID_1213857_model	0.4243
A0A914W9Q0_taxID_2011161_model	A0AA36CWW9_taxID_96644_model	0.4243
A0A0V0S806_taxID_6336_model	A0A4E9FIB1_taxID_6279_model	0.4243
A0A0V1KR57_taxID_6335_model	A0A498S2C2_taxID_6277_model_A	0.4243
A0A183I077_taxID_387005_model	A0A914MBW5_taxID_6306_model	0.4242
A0A1I7VBE5_taxID_7209_model	A0ABD3VH26_taxID_1069815_model	0.4242
A0A8S3SWK0_taxID_6550_model	A0ABQ9EAR7_taxID_220873_model	0.4242
A0A507FDN0_taxID_246404_model	A0ABR4N804_taxID_2732419_model	0.4242
A0A1F8A6I4_taxID_109264_model_A	A0ABR3UFL0_taxID_48095_model	0.4242
A0A3S0ZXU8_taxID_188477_model	A0A915N8X1_taxID_6303_model	0.4242
A0A135T4G4_taxID_703756_model	A0A8H7B393_taxID_1187904_model_A	0.4242
Q2H2F5_taxID_306901_model_A	W6ZHH7_taxID_930090_model	0.4241
A0A2A6BT42_taxID_54126_model	A0A9D4J8T5_taxID_45954_model	0.4241
A0A0V1BIN6_taxID_6334_model	A0A915N8X1_taxID_6303_model	0.4241
A0A2N8UKW6_taxID_72559_model_A	A0A5C3EP17_taxID_86804_model_A	0.4241
A0A0V1KR57_taxID_6335_model	A0AA36CWW9_taxID_96644_model	0.4241
A0A0V1G4S3_taxID_6337_model	A0A1I7VEA5_taxID_7209_model	0.4241
A0A0N4SWM8_taxID_6280_model	A0A0N4XV59_taxID_27835_model	0.4241
A0AAD7UNL2_taxID_2483200_model	K0B2W2_taxID_1229908_model_A	0.4241
A0A0V1DE70_taxID_45882_model	A0A8B8ESA4_taxID_6565_model_A	0.4240
A0A8J1T8Q4_taxID_6347_model	A0A915PAR4_taxID_298350_model_A	0.4240
A0A507EXS7_taxID_246404_model	A0ABN8LLM9_taxID_104178_model_A	0.4240
A0A364MXI7_taxID_183478_model	A0A9P6IHM1_taxID_1095194_model	0.4239
A0A8B8F0Y1_taxID_6565_model	A0ABY7ESX1_taxID_6604_model	0.4239
A0A6J8CL61_taxID_42192_model_A	K1QAP4_taxID_29159_model	0.4239
A0A0N4SWM8_taxID_6280_model	A0ABY7EX19_taxID_6604_model	0.4239
A0ABR3UFL0_taxID_48095_model	W6Y2N7_taxID_930089_model	0.4238
A0A3P7DNC2_taxID_6293_model	A0AC34QHI6_taxID_591449_model	0.4238
A0A8B6BKM4_taxID_29158_model_A	A0A8B6GSK0_taxID_29158_model	0.4238
A0A3B1A6T7_taxID_652676_model_A	A0ABS8MPT4_taxID_2893755_model	0.4238
A0AAD4FBU9_taxID_669026_model_A	A0ABR2XFG3_taxID_138064_model_A	0.4238
A0A317XLV9_taxID_1882483_model	A0A8H3BPP3_taxID_456999_model	0.4237
A0A6J8CIJ8_taxID_42192_model	A0A9D4J8T5_taxID_45954_model	0.4237
A0A0V0TGR2_taxID_144512_model	A0A8J1T8Q4_taxID_6347_model	0.4237
A0AA88AFA7_taxID_3494_model_A	A0ABR6YEY6_taxID_2762297_model_A	0.4237
A0A7J7J2C8_taxID_10212_model	A0A8W8J4S3_taxID_29159_model	0.4236
A0A409YPA9_taxID_231916_model	A0A8H4RXW4_taxID_354080_model_A	0.4236
A0A177WTC8_taxID_403673_model	A0AAD5UAC9_taxID_447962_model	0.4236
A0A177WTC8_taxID_403673_model	K1Q6D2_taxID_29159_model	0.4236
A0A1X7RRH8_taxID_1276538_model_A	A0A8H3D1S1_taxID_456999_model	0.4236
A0A0V1I3Y0_taxID_268475_model	A0ABD3VH26_taxID_1069815_model	0.4236
A0A2H1GBQ4_taxID_1276532_model_A	A0AAD6NB37_taxID_5083_model_A	0.4235
A0A1I9G629_taxID_6279_model	A0A8S3RHI5_taxID_6550_model_A	0.4235
A0A0V1DE70_taxID_45882_model	A0A6J8DAY9_taxID_42192_model	0.4235
A0A084FV70_taxID_563466_model_A	A0A139HFA6_taxID_321146_model_A	0.4235
A0A177WTC8_taxID_403673_model	A0A8H3D1S1_taxID_456999_model	0.4235
A0A0V1JHS7_taxID_6337_model	A0A915JY09_taxID_13658_model	0.4234
A0AA39HID6_taxID_289476_model	A0AA88YDI9_taxID_66713_model	0.4234
A0A0V1I3Y0_taxID_268475_model	A0A8B6CNP6_taxID_29158_model	0.4234
A0A0V1DE70_taxID_45882_model	A0A4E9FIB1_taxID_6279_model	0.4234
A0A0V1KR57_taxID_6335_model	A0A2A6BT42_taxID_54126_model	0.4234
A0A8B6G957_taxID_29158_model_A	A0A915N8X1_taxID_6303_model	0.4234
A0A183C149_taxID_36090_model	A0A915MQ42_taxID_6303_model	0.4234
A0A8B6CPY6_taxID_29158_model_A	A0A8S3V8L1_taxID_6550_model	0.4234
A0A1V9YE51_taxID_74557_model	A0A397DXJ3_taxID_112090_model	0.4234
A0A016T0A5_taxID_53326_model	W6NCB7_taxID_6289_model	0.4234
A0A238C4W2_taxID_387005_model	A0AAN8JKH5_taxID_87958_model	0.4234
A0A0V1ESS6_taxID_6337_model	A0AAD8AV10_taxID_112525_model	0.4234
A0A5S6QIU3_taxID_70415_model	A0AAD8AV10_taxID_112525_model	0.4234
A0A0V1JHS7_taxID_6337_model	A0A4E9FIB1_taxID_6279_model	0.4233
A0A6G1HLY0_taxID_703511_model_A	A0ACC1PD21_taxID_42375_model	0.4233
A0A4U7KZ21_taxID_280036_model_A	A0ABQ8FRP3_taxID_1357716_model_A	0.4233
A0AAF3EKL4_taxID_2138241_model	W2TLA4_taxID_51031_model	0.4233
A0A0V1KR57_taxID_6335_model	A0ABD2I4S2_taxID_97005_model	0.4232
A0A1I9G629_taxID_6279_model	A0A8B6GY87_taxID_29158_model_A	0.4232
A0AAF3FHG4_taxID_2138241_model_A	A0AAN4ZCE4_taxID_1317129_model	0.4232
A0A2G7FTM7_taxID_656916_model_A	A0AAN5YGU4_taxID_293939_model	0.4232
A0A8S3SWK0_taxID_6550_model	A0AA39HID6_taxID_289476_model	0.4232
A0A7C8MWQ0_taxID_323545_model_A	A0AAN5YGU4_taxID_293939_model	0.4232
A0A1V6PRI1_taxID_416450_model	A0AA37GSS8_taxID_708192_model	0.4232
A0A0V1KD92_taxID_6337_model	A0A183C149_taxID_36090_model	0.4232
A0A5S6QIU3_taxID_70415_model	A0AA36DH95_taxID_96644_model_A	0.4232
E3REK7_taxID_861557_model	Q2H2F5_taxID_306901_model_A	0.4232
A0A183C149_taxID_36090_model	A0A914E9Y6_taxID_290746_model	0.4232
A0A498S2C2_taxID_6277_model_A	A0A915I8K9_taxID_13658_model	0.4232
A0A498S2C2_taxID_6277_model_A	W6NCB7_taxID_6289_model	0.4232
A0A2N3MXV9_taxID_41688_model_A	A0A364MXI7_taxID_183478_model	0.4231
A0A8S3R6L7_taxID_6550_model_A	A0A9D4LIH2_taxID_45954_model	0.4231
F9F9P2_taxID_660025_model	N4XMY1_taxID_665024_model	0.4231
A0A0N4SWM8_taxID_6280_model	A0A914MBW5_taxID_6306_model	0.4231
A0A183C149_taxID_36090_model	A0A914W9Q0_taxID_2011161_model	0.4231
A0A1F8A6I4_taxID_109264_model_A	A0A8H7EE27_taxID_1187904_model	0.4230
A0A0V1G4S3_taxID_6337_model	A0AAF5PZK9_taxID_6293_model	0.4230
A0A1F8A6I4_taxID_109264_model_A	A0A9P6IHM1_taxID_1095194_model	0.4230
A0A8H6ZUP2_taxID_5322_model_A	A0ABR0JJU7_taxID_1016849_model_A	0.4229
A0A0G2GEG2_taxID_420778_model_A	A0A8H7EE27_taxID_1187904_model	0.4229
A0A5N5QPM2_taxID_1582974_model	A0A8H3AAQ4_taxID_456999_model	0.4229
A0A6J8CL61_taxID_42192_model_A	A0A8B6GSA5_taxID_29158_model	0.4229
A0A2G7FTM7_taxID_656916_model_A	A0A8H5UJH2_taxID_48507_model_A	0.4229
A0ABY8UIN7_taxID_3088_model	L7JPW8_taxID_1143193_model	0.4229
A0A084FV70_taxID_563466_model_A	A0A0G2GEG2_taxID_420778_model_A	0.4229
A0A0R3RX42_taxID_1147741_model_A	A0A0V1KD92_taxID_6337_model	0.4229
A0A238C4W2_taxID_387005_model	W2TLA4_taxID_51031_model	0.4229
A0A024TEL4_taxID_157072_model	A0A067C156_taxID_695850_model_A	0.4229
A0A8H6XYA6_taxID_2733690_model	A0AA39UQR7_taxID_153913_model_A	0.4229
A0A0D1CHR5_taxID_5270_model_A	A0A317XLV9_taxID_1882483_model	0.4228
A0A127Z996_taxID_49012_model_A	A0A317XLV9_taxID_1882483_model	0.4228
A0A1I7VBE5_taxID_7209_model	A0ABN8N4G6_taxID_104759_model_A	0.4228
A0A8B6GY87_taxID_29158_model_A	A0A9D4LIH2_taxID_45954_model	0.4228
A0A8S9ZP28_taxID_189291_model	A0AA36CWW9_taxID_96644_model	0.4228
A0A9J2Q8W3_taxID_6252_model	A0AA39HID6_taxID_289476_model	0.4228
A0A016T0A5_taxID_53326_model	A0AC34QHI6_taxID_591449_model	0.4228
A0A8J1T8Q4_taxID_6347_model	A0AC34QHI6_taxID_591449_model	0.4228
A0A2N3MXV9_taxID_41688_model_A	A0A8H6XYA6_taxID_2733690_model	0.4228
A0A0N4SWM8_taxID_6280_model	A0A0V1KD92_taxID_6337_model	0.4228
A0A0V1G4S3_taxID_6337_model	A0A8B6G9L0_taxID_29158_model_A	0.4228
A0A179HCZ8_taxID_33203_model	A0ABR3UFL0_taxID_48095_model	0.4227
A0A4P9X7U9_taxID_1555241_model	A0ABN8LLM9_taxID_104178_model_A	0.4227
A0A5S6QIU3_taxID_70415_model	A0A6J8BNB1_taxID_42192_model_A	0.4227
A0A163KNP0_taxID_5454_model_A	A0A484G057_taxID_1213857_model	0.4227
A0A8J1XGG3_taxID_6347_model	A0AAD8AV10_taxID_112525_model	0.4227
A0A8S9ZP28_taxID_189291_model	A0A914MBW5_taxID_6306_model	0.4226
A0A0V1I3Y0_taxID_268475_model	A0A8B6GSA5_taxID_29158_model	0.4226
A0A8H6ZUP2_taxID_5322_model_A	A0A8H7LLC6_taxID_456999_model_A	0.4225
A0A8H7E8W0_taxID_1187904_model	A0A8H7EE27_taxID_1187904_model	0.4225
A0A0K6FZ23_taxID_456999_model	A0A8H3A1U9_taxID_456999_model	0.4225
A0A0V0S806_taxID_6336_model	A0A8J1XGG3_taxID_6347_model	0.4225
A0A0F4GBJ7_taxID_1047168_model	A0ACC2TVV6_taxID_34485_model	0.4224
A0A6J8CIJ8_taxID_42192_model	A0ACC2TVV6_taxID_34485_model	0.4224
A0A0V1I3Y0_taxID_268475_model	A0AAF5PZK9_taxID_6293_model	0.4224
A0A183C149_taxID_36090_model	A0ABD2LAM1_taxID_157864_model	0.4224
A0AA88YDI9_taxID_66713_model	K1QAP4_taxID_29159_model	0.4224
A0A085M8H3_taxID_68888_model	A0A0R3RX42_taxID_1147741_model_A	0.4223
A0A8H7LVB4_taxID_456999_model	M5CEE4_taxID_1108050_model	0.4223
A0A7C8MWQ0_taxID_323545_model_A	A0A8H4YZH8_taxID_48485_model	0.4223
A0A0V0YE73_taxID_6337_model	A0A1I7VEA5_taxID_7209_model	0.4223
A0A0F7RVY0_taxID_49012_model_A	A0A8H5UJH2_taxID_48507_model_A	0.4223
A0A1Y1HT28_taxID_105231_model	A0A5P8W6J8_taxID_2653204_model	0.4223
A0A238C4W2_taxID_387005_model	K1Q6D2_taxID_29159_model	0.4223
A0AAN4PPE5_taxID_293939_model	A0ACC1NLV5_taxID_42375_model	0.4223
A0A177X0C6_taxID_403673_model	A0ABN8SN36_taxID_104178_model	0.4222
A0A8B6BKM4_taxID_29158_model_A	A0A8B6GSA5_taxID_29158_model	0.4222
A0A4U7KZ21_taxID_280036_model_A	A0A8H7LLC6_taxID_456999_model_A	0.4222
A0A0V1DE70_taxID_45882_model	A0A1I7VEA5_taxID_7209_model	0.4222
A0AAD9QB69_taxID_6130_model	F4NVT9_taxID_684364_model	0.4222
A0A084FV70_taxID_563466_model_A	A0A8H7E8W0_taxID_1187904_model	0.4222
A0AA37L8J5_taxID_700344_model_A	A0AAD6NB37_taxID_5083_model_A	0.4222
A0A9P6IHM1_taxID_1095194_model	R0ISP9_taxID_671987_model	0.4221
A0A8R1TKI8_taxID_6282_model	A0A914MBW5_taxID_6306_model	0.4221
A0A8H7B393_taxID_1187904_model_A	A0AA39UQR7_taxID_153913_model_A	0.4221
A0ABY7ESX1_taxID_6604_model	W6NCB7_taxID_6289_model	0.4221
A0A914MBW5_taxID_6306_model	A0A915N8X1_taxID_6303_model	0.4221
A0A0V1DE70_taxID_45882_model	A0A8S9ZP28_taxID_189291_model	0.4220
A0A409WEP5_taxID_231916_model_A	A0ABQ0M0Y9_taxID_658473_model_A	0.4220
A0A0V1G4S3_taxID_6337_model	A0A4E9FIB1_taxID_6279_model	0.4220
A0A364L5W2_taxID_1196081_model	B2VY53_taxID_426418_model	0.4220
A0A1X6PIR8_taxID_2786_model	W3VU69_taxID_84754_model	0.4219
A0A0V1JHS7_taxID_6337_model	A0AAF5PZK9_taxID_6293_model	0.4219
A0A915MQ42_taxID_6303_model	A0AC34QHI6_taxID_591449_model	0.4219
A0A162K920_taxID_1081108_model	A0A1Y1HT28_taxID_105231_model	0.4219
A0A135T4G4_taxID_703756_model	A0A2S6BQA0_taxID_357750_model	0.4219
A0A8H7E8W0_taxID_1187904_model	A0ACC1NLV5_taxID_42375_model	0.4219
A0A8H8P6Z0_taxID_456999_model	W3VU69_taxID_84754_model	0.4219
A0A1I7VBE5_taxID_7209_model	A0A4P9X7U9_taxID_1555241_model	0.4218
A0A8B6G957_taxID_29158_model_A	A0AAF3EKL4_taxID_2138241_model	0.4218
A0A084FV70_taxID_563466_model_A	A0A4Q2V7C7_taxID_451672_model	0.4218
A0AAD5UGL0_taxID_261099_model	A0ABQ8FNS5_taxID_1357716_model	0.4218
A0A084FV70_taxID_563466_model_A	A0A1F8A6I4_taxID_109264_model_A	0.4218
A0A8H6XYA6_taxID_2733690_model	A0ABQ8FRP3_taxID_1357716_model_A	0.4218
A0A8H3D1S1_taxID_456999_model	F0XF66_taxID_655863_model	0.4218
A0A2N3MXV9_taxID_41688_model_A	A0AAD4FBU9_taxID_669026_model_A	0.4217
A0A8H5UJH2_taxID_48507_model_A	A0ACC2IQ67_taxID_749465_model_A	0.4217
A0A8H5U0D3_taxID_48490_model_A	A0A8H5Z2U4_taxID_1567541_model	0.4217
A0AAF3FHG4_taxID_2138241_model_A	A0AAF5PZK9_taxID_6293_model	0.4216
A0A8H3BPP3_taxID_456999_model	A0A9W8TQN1_taxID_114810_model	0.4216
A0A8H7B393_taxID_1187904_model_A	A0A8K0WPV5_taxID_80388_model_A	0.4216
A0AAD7XMM2_taxID_2483200_model	F0YI20_taxID_44056_model	0.4216
A0AA88YDI9_taxID_66713_model	W2TLA4_taxID_51031_model	0.4216
A0A0F7RVY0_taxID_49012_model_A	A0A8H3D1S1_taxID_456999_model	0.4216
A0A8B6G957_taxID_29158_model_A	A0A8B6GSA5_taxID_29158_model	0.4215
A0A135T4G4_taxID_703756_model	A0A2N3MXV9_taxID_41688_model_A	0.4215
A0A1I4T9J4_taxID_44574_model_A	A0A285BU58_taxID_44577_model_A	0.4215
A0A8B6BMR6_taxID_29158_model_A	A0AA36CWW9_taxID_96644_model	0.4215
A0A0K6FPV3_taxID_456999_model	A0A8H8P6Z0_taxID_456999_model	0.4215
A0A5S6QIU3_taxID_70415_model	A0ABD3VH26_taxID_1069815_model	0.4215
A0A1I4RJF6_taxID_44574_model_A	A0A3B0YDV7_taxID_652676_model_A	0.4215
A0A5M9J7X0_taxID_38448_model	A0A8H5L9I1_taxID_48495_model_A	0.4214
A0A0V1JHS7_taxID_6337_model	A0A1I7VEA5_taxID_7209_model	0.4214
A0A914E549_taxID_290746_model	W2TLA4_taxID_51031_model	0.4214
A0A067C156_taxID_695850_model_A	T0PU14_taxID_1156394_model	0.4214
A0A8H7B393_taxID_1187904_model_A	A0A8H7E8W0_taxID_1187904_model	0.4214
T0PNV2_taxID_1156394_model	W4H175_taxID_112090_model	0.4213
A0A0B7A0D2_taxID_1028688_model	A0ABD0JMJ5_taxID_370345_model	0.4213
A0A0V1DE70_taxID_45882_model	A0AAF5PZK9_taxID_6293_model	0.4213
A0A507FDN0_taxID_246404_model	A0A814MII4_taxID_1234261_model_A	0.4213
A0AA39HID6_taxID_289476_model	A0ABY7EX19_taxID_6604_model	0.4213
A0A8B6GYH0_taxID_29158_model_A	A0AAF3EKL4_taxID_2138241_model	0.4213
A0A177WTC8_taxID_403673_model	A0ABR2XFG3_taxID_138064_model_A	0.4213
A0A1F8A6I4_taxID_109264_model_A	A0A8K0WPV5_taxID_80388_model_A	0.4212
A0A163KNP0_taxID_5454_model_A	N4XMY1_taxID_665024_model	0.4212
A0ABR1WCT8_taxID_335842_model	J0WRI2_taxID_717982_model	0.4212
A0A1X7RRH8_taxID_1276538_model_A	A0AAD6NB37_taxID_5083_model_A	0.4212
Q2H2F5_taxID_306901_model_A	W6Y2N7_taxID_930089_model	0.4211
A0A163KNP0_taxID_5454_model_A	A0A364MXI7_taxID_183478_model	0.4211
A0A9P6IHM1_taxID_1095194_model	N4XMY1_taxID_665024_model	0.4211
A0A914E549_taxID_290746_model	K1Q6D2_taxID_29159_model	0.4211
A0A8B6BMR6_taxID_29158_model_A	A0A915N8X1_taxID_6303_model	0.4211
A0A8S3PWU5_taxID_6550_model	A0AA88YDI9_taxID_66713_model	0.4211
A0A9N8JDS5_taxID_2773715_model_A	A0AAE8SXX8_taxID_2041049_model_A	0.4211
A0A409WEP5_taxID_231916_model_A	A0A8H7B393_taxID_1187904_model_A	0.4211
A0A0F8A0A1_taxID_1043627_model	A0ABY8UIN7_taxID_3088_model	0.4211
A0A8S4QC54_taxID_6347_model	K1Q6D2_taxID_29159_model	0.4211
A0A2H1GBQ4_taxID_1276532_model_A	A0A8H6XYA6_taxID_2733690_model	0.4210
A0A2G7FTM7_taxID_656916_model_A	N4XMY1_taxID_665024_model	0.4210
A0A084FV70_taxID_563466_model_A	A0A8H6GM20_taxID_100902_model	0.4210
A0A1V6PRI1_taxID_416450_model	A0A8H6GM20_taxID_100902_model	0.4210
A0A317XLV9_taxID_1882483_model	A0A8H7LLC6_taxID_456999_model_A	0.4209
A0A4Q2D856_taxID_2316362_model	A0ABQ0M0Y9_taxID_658473_model_A	0.4209
A0A0D6LVJ5_taxID_53326_model	A0A4P9X7U9_taxID_1555241_model	0.4209
A0A8W8J4S3_taxID_29159_model	A0AAJ8BCI9_taxID_8187_model	0.4209
A0A0V1ESS6_taxID_6337_model	A0AA36DH95_taxID_96644_model_A	0.4209
A0A084FV70_taxID_563466_model_A	A0ABR2XFG3_taxID_138064_model_A	0.4209
A0A8H6ZUP2_taxID_5322_model_A	A0ABR2XFG3_taxID_138064_model_A	0.4209
A0A0P7APX3_taxID_78410_model	A0A8H5U0D3_taxID_48490_model_A	0.4209
A0A4R8T272_taxID_1347389_model	A0A8H7E8W0_taxID_1187904_model	0.4208
A0A8H3H4T7_taxID_456999_model	A0A9P3PKR9_taxID_47721_model	0.4208
A0A9P6IHM1_taxID_1095194_model	B2VY53_taxID_426418_model	0.4208
A0A914S644_taxID_6256_model	A0ABW7AQ69_taxID_3351344_model	0.4208
A0A0V1G4S3_taxID_6337_model	A0A238C4W2_taxID_387005_model	0.4208
A0A8H4QR39_taxID_354080_model_A	A0A8H6ZUP2_taxID_5322_model_A	0.4207
A0A2D0NGI4_taxID_1122177_model	A0A8S3SWK0_taxID_6550_model	0.4207
A0A1I9G629_taxID_6279_model	A0A9D4J8T5_taxID_45954_model	0.4207
A0A8B6BMR6_taxID_29158_model_A	A0AAF3EKL4_taxID_2138241_model	0.4207
A0A0V1I3Y0_taxID_268475_model	A0A8B6BKM4_taxID_29158_model_A	0.4207
A0A8H6GM20_taxID_100902_model	A0A8H6XYA6_taxID_2733690_model	0.4207
A0AAD6NB37_taxID_5083_model_A	A0ABQ0M0Y9_taxID_658473_model_A	0.4207
A0A0G4N7R0_taxID_100787_model	A0A1F8A6I4_taxID_109264_model_A	0.4206
A0A179HCZ8_taxID_33203_model	A0A364MXI7_taxID_183478_model	0.4205
A0A914S644_taxID_6256_model	A0ABD2I4S2_taxID_97005_model	0.4205
A0A084G098_taxID_563466_model	A0A2H1GBQ4_taxID_1276532_model_A	0.4205
A0A498S2C2_taxID_6277_model_A	A0AAF3FHG4_taxID_2138241_model_A	0.4205
A0A0V1DE70_taxID_45882_model	A0A8B6GSA5_taxID_29158_model	0.4205
A0A0G2GEG2_taxID_420778_model_A	A0ABR1WCT8_taxID_335842_model	0.4205
A0ABQ8FNS3_taxID_1357716_model_A	A0ABQ8FRP3_taxID_1357716_model_A	0.4205
A0A3M6UR97_taxID_46731_model_A	A0A6P8I583_taxID_6105_model	0.4205
A0A0F4GBJ7_taxID_1047168_model	A0A9N8JDS5_taxID_2773715_model_A	0.4205
A0A179HCZ8_taxID_33203_model	A0A8H7B393_taxID_1187904_model_A	0.4204
A0A2G7FTM7_taxID_656916_model_A	A0A6A5SIC2_taxID_706981_model	0.4204
A0A0V0S806_taxID_6336_model	A0AAF5PZK9_taxID_6293_model	0.4204
A0A8H5Z2U4_taxID_1567541_model	L7JPW8_taxID_1143193_model	0.4204
A0A0G4N7R0_taxID_100787_model	N4XMY1_taxID_665024_model	0.4204
A0A0V1DE70_taxID_45882_model	A0A8B6BKM4_taxID_29158_model_A	0.4204
A0A0V1BIN6_taxID_6334_model	A0A238C4W2_taxID_387005_model	0.4204
A0ABR1WCT8_taxID_335842_model	W3VU69_taxID_84754_model	0.4204
A0AA36DH95_taxID_96644_model_A	W2TLA4_taxID_51031_model	0.4204
A0A8X6KWP2_taxID_2740835_model	A0AAV2QDB1_taxID_48144_model	0.4204
A0A163KNP0_taxID_5454_model_A	W6ZHH7_taxID_930090_model	0.4203
A0A4U7KZ21_taxID_280036_model_A	A0A5C3EP17_taxID_86804_model_A	0.4203
A0A0G4N7R0_taxID_100787_model	A0A409YPA9_taxID_231916_model	0.4203
A0A0V0YE73_taxID_6337_model	A0A183C149_taxID_36090_model	0.4203
A0A5N6JRM5_taxID_61186_model	A0AA39UQR7_taxID_153913_model_A	0.4203
A0A7C8Q0E6_taxID_2813651_model	A0AA37L8J5_taxID_700344_model_A	0.4203
A0A6J8CL61_taxID_42192_model_A	A0A915N8X1_taxID_6303_model	0.4203
A0A5C3ELN8_taxID_86804_model_A	W3VU69_taxID_84754_model	0.4203
A0A1V6PRI1_taxID_416450_model	A0A8H7B393_taxID_1187904_model_A	0.4203
A0A085M8H3_taxID_68888_model	A0A8B6CNP6_taxID_29158_model	0.4202
A0A317XLV9_taxID_1882483_model	A0A8H2WDY0_taxID_456999_model	0.4202
A0A8S3PWU5_taxID_6550_model	A0A9D4J8T5_taxID_45954_model	0.4202
A0A7C8MWQ0_taxID_323545_model_A	A0ABQ0M0Y9_taxID_658473_model_A	0.4202
A0AAD8AV10_taxID_112525_model	A0AAE0W2I3_taxID_2493646_model	0.4202
A0A8B6G9L0_taxID_29158_model_A	A0AA88YDI9_taxID_66713_model	0.4202
A0A0F4GBJ7_taxID_1047168_model	A0A8H8PB78_taxID_456999_model	0.4201
A0A0V1KD92_taxID_6337_model	A0AAF5PZK9_taxID_6293_model	0.4201
A0A0E0PEB1_taxID_4529_model	A0A5J5BCR2_taxID_561372_model_A	0.4201
A0A9J2Q8W3_taxID_6252_model	A0AA36CWW9_taxID_96644_model	0.4201
A0A9P3CF74_taxID_84275_model	A0AAN5YGU4_taxID_293939_model	0.4201
A0A6J8CIJ4_taxID_42192_model	A0A8B8D4J3_taxID_6565_model	0.4201
A0A210R253_taxID_6573_model	K1Q6D2_taxID_29159_model	0.4201
A0A8H7EGD0_taxID_1187904_model	F9F9P2_taxID_660025_model	0.4201
A0A1G5SEQ3_taxID_51642_model_A	A0A915JY09_taxID_13658_model	0.4201
A0A1F8A6I4_taxID_109264_model_A	A0A409YPA9_taxID_231916_model	0.4200
A0A7C8MQB2_taxID_323545_model	A0A8H2WDY0_taxID_456999_model	0.4200
A0A1I4T9J4_taxID_44574_model_A	A0A8E0V7V4_taxID_52442_model_A	0.4200
A0A238C4W2_taxID_387005_model	A0A914E549_taxID_290746_model	0.4200
A0A8S9ZP28_taxID_189291_model	A0A914C4K9_taxID_290746_model	0.4199
A0A077ZGT3_taxID_36087_model	A0A6J8DAY9_taxID_42192_model	0.4199
A0A1I9G629_taxID_6279_model	A0AA88YDI9_taxID_66713_model	0.4199
A0A0V0YE73_taxID_6337_model	A0A915N8X1_taxID_6303_model	0.4199
A0A498S2C2_taxID_6277_model_A	A0ABD2LAM1_taxID_157864_model	0.4199
A0A8B8ESA4_taxID_6565_model_A	A0ABD3VH26_taxID_1069815_model	0.4199
A0A179HCZ8_taxID_33203_model	A0A8H4RXW4_taxID_354080_model_A	0.4198
A0A2G7FTM7_taxID_656916_model_A	W6ZHH7_taxID_930090_model	0.4198
A0A183TFI9_taxID_70667_model	A0A1I8IJ91_taxID_282301_model	0.4198
A0A1V6PRI1_taxID_416450_model	A0ACC2IQ67_taxID_749465_model_A	0.4198
A0A2S6BQA0_taxID_357750_model	A0A9P9WMZ2_taxID_1658444_model_A	0.4198
A0AA39UQR7_taxID_153913_model_A	B2VY53_taxID_426418_model	0.4198
A0A1V6PRI1_taxID_416450_model	A0ABR3UFL0_taxID_48095_model	0.4198
A0A0G4N7R0_taxID_100787_model	W6ZHH7_taxID_930090_model	0.4197
A0A135T4G4_taxID_703756_model	A0A5N6JRM5_taxID_61186_model	0.4197
A0A484G057_taxID_1213857_model	A0A8H4YZH8_taxID_48485_model	0.4197
A0A084FV70_taxID_563466_model_A	A0ABR3V8J2_taxID_85995_model	0.4197
A0A2S6BQA0_taxID_357750_model	J0WRI2_taxID_717982_model	0.4197
A0A9P3CF74_taxID_84275_model	A0AA39UQR7_taxID_153913_model_A	0.4197
A0ABR3UFL0_taxID_48095_model	E3REK7_taxID_861557_model	0.4197
A0A1G5SEQ3_taxID_51642_model_A	A0ACC3CDQ3_taxID_2788_model	0.4197
A0ABR1FQU3_taxID_44056_model	F0YJP7_taxID_44056_model	0.4197
A0A8H4RXW4_taxID_354080_model_A	W6ZHH7_taxID_930090_model	0.4196
A0A1G5SEQ3_taxID_51642_model_A	A0ACC3CB14_taxID_2788_model	0.4196
A0A0V1G4S3_taxID_6337_model	A0AAD8AV10_taxID_112525_model	0.4196
F9F9P2_taxID_660025_model	W6Y2N7_taxID_930089_model	0.4195
A0A0V1JHS7_taxID_6337_model	A0A8B6BKM4_taxID_29158_model_A	0.4195
A0A364MXI7_taxID_183478_model	A0A7C8MWQ0_taxID_323545_model_A	0.4195
A0A2G7FTM7_taxID_656916_model_A	A0A4Q2D856_taxID_2316362_model	0.4195
A0AAE0HNE5_taxID_1854472_model_A	A0AAE8SXX8_taxID_2041049_model_A	0.4195
A0A915JY09_taxID_13658_model	A0ABY7EX19_taxID_6604_model	0.4195
A0A0F9J123_taxID_412755_model	A0A285BU58_taxID_44577_model_A	0.4195
A0A137P4M5_taxID_796925_model	A0ACC2TVV6_taxID_34485_model	0.4194
A0A0V0TGR2_taxID_144512_model	A0AAF5PZK9_taxID_6293_model	0.4194
A0A2G7FTM7_taxID_656916_model_A	A0A7C8MWQ0_taxID_323545_model_A	0.4194
A0A0V0S806_taxID_6336_model	A0AA36DH95_taxID_96644_model_A	0.4194
A0A2B4RQ59_taxID_50429_model	A0AAU9WFJ4_taxID_46732_model	0.4194
A0A1W6SSH7_taxID_1288494_model_A	A0A4P9XG75_taxID_78915_model	0.4194
A0A8H7B393_taxID_1187904_model_A	A0A8H7EGD0_taxID_1187904_model	0.4194
A0A2T7PF37_taxID_400727_model	A0A5P8W6J8_taxID_2653204_model	0.4194
A0A8H5Z2U4_taxID_1567541_model	F0X9X8_taxID_655863_model	0.4194
A0A135T4G4_taxID_703756_model	A0A8H3D1S1_taxID_456999_model	0.4194
A0A1V6PRI1_taxID_416450_model	A0A409YPA9_taxID_231916_model	0.4194
A0A7S4C8S2_taxID_73025_model	A0A9W8TQN1_taxID_114810_model	0.4193
A0A4U0XX60_taxID_329884_model	L7JPW8_taxID_1143193_model	0.4193
A0A183C149_taxID_36090_model	A0A6J8CIJ8_taxID_42192_model	0.4193
A0A2T7PF37_taxID_400727_model	A0A7S4QPD7_taxID_49249_model	0.4193
A0A8H3DZ25_taxID_456999_model_A	B2VY53_taxID_426418_model	0.4193
A0A250IQN3_taxID_1294270_model_A	D7F7N6_taxID_541230_model_A	0.4193
A0A914EDP1_taxID_290746_model	A0AAN4ZCE4_taxID_1317129_model	0.4193
A0A8H3D1S1_taxID_456999_model	A0ABQ8FRP3_taxID_1357716_model_A	0.4193
A0A914C4K9_taxID_290746_model	A0A914MBW5_taxID_6306_model	0.4193
A0ABN8LLM9_taxID_104178_model_A	K1Q6D2_taxID_29159_model	0.4193
A0A4U7KZ21_taxID_280036_model_A	A0A8H4QR39_taxID_354080_model_A	0.4192
A0A1X7RRH8_taxID_1276538_model_A	A0A8H6ZUP2_taxID_5322_model_A	0.4192
A0A0B2VVI5_taxID_6265_model	A0A8S9ZP28_taxID_189291_model	0.4192
A0A077ZGT3_taxID_36087_model	A0A8B6G9L0_taxID_29158_model_A	0.4192
A0A409YPA9_taxID_231916_model	F9FW19_taxID_660025_model_A	0.4192
A0AAD6NB37_taxID_5083_model_A	S3CMF3_taxID_1116229_model	0.4192
A0A6J8CL61_taxID_42192_model_A	A0ABY7ESX1_taxID_6604_model	0.4192
A0A8H3D1S1_taxID_456999_model	A0A8H4QR39_taxID_354080_model_A	0.4191
A0A1I7VBE5_taxID_7209_model	A0A7D9J5S3_taxID_317549_model	0.4191
A0A4E9FIB1_taxID_6279_model	A0AAF3FHG4_taxID_2138241_model_A	0.4191
A0A915DFA9_taxID_166011_model	A0AAF3EKL4_taxID_2138241_model	0.4191
A0A0V0TGR2_taxID_144512_model	A0A238C4W2_taxID_387005_model	0.4191
A0A9P6IHM1_taxID_1095194_model	E3REK7_taxID_861557_model	0.4191
A0A8H4RXW4_taxID_354080_model_A	N4XMY1_taxID_665024_model	0.4191
A0A2N3MXV9_taxID_41688_model_A	A0A8H7B393_taxID_1187904_model_A	0.4191
A0A0D6LVJ5_taxID_53326_model	A0A6S7IY75_taxID_317549_model_A	0.4191
A0A238C4W2_taxID_387005_model	A0ABY7EX19_taxID_6604_model	0.4191
A0AAD5UAC9_taxID_447962_model	A0ACC3CDQ3_taxID_2788_model	0.4191
A0A0V1I3Y0_taxID_268475_model	A0AA39HID6_taxID_289476_model	0.4190
A0A0V1DE70_taxID_45882_model	A0A6J8CL61_taxID_42192_model_A	0.4190
A0A8S3V8L1_taxID_6550_model	K1QAP4_taxID_29159_model	0.4190
A0A8J1T8Q4_taxID_6347_model	A0AAE0W2I3_taxID_2493646_model	0.4190
A0A8H3BPP3_taxID_456999_model	A0AA39UQR7_taxID_153913_model_A	0.4190
A0A135T4G4_taxID_703756_model	A0A1X7RRH8_taxID_1276538_model_A	0.4190
A0A0V1ESS6_taxID_6337_model	A0ABD3VH26_taxID_1069815_model	0.4190
A0A0V1JHS7_taxID_6337_model	A0A6J8ENF3_taxID_42192_model_A	0.4189
A0A8B8D4J3_taxID_6565_model	A0A8S3R6L7_taxID_6550_model_A	0.4189
A0A6J8ENF3_taxID_42192_model_A	A0A8B6GSA5_taxID_29158_model	0.4189
A0A0V0TGR2_taxID_144512_model	A0A8J1XGG3_taxID_6347_model	0.4189
A0A0V1I3Y0_taxID_268475_model	A0A8B6G957_taxID_29158_model_A	0.4189
A0A8S3RHI5_taxID_6550_model_A	A0AA88XKK9_taxID_66713_model	0.4189
A0A0N4SWM8_taxID_6280_model	A0A0V0YE73_taxID_6337_model	0.4189
A0A0V1I3Y0_taxID_268475_model	A0A915K057_taxID_13658_model	0.4189
A0A1H7K5B5_taxID_1233_model_A	A0A6P8I080_taxID_6105_model	0.4189
A0A0N4SWM8_taxID_6280_model	A0A915I8K9_taxID_13658_model	0.4189
A0A8H3DZ25_taxID_456999_model_A	A0AAD5SCX3_taxID_64517_model	0.4189
A0A915MQ42_taxID_6303_model	A0AAF3EKL4_taxID_2138241_model	0.4188
A0A1Y2B8A2_taxID_329046_model	A0A7S3RCE1_taxID_2903_model	0.4188
A0A0V1JHS7_taxID_6337_model	A0A8B6BMR6_taxID_29158_model_A	0.4187
A0A4Q2D856_taxID_2316362_model	A0ACC2IQ67_taxID_749465_model_A	0.4187
A0A9D4J8T5_taxID_45954_model	A0AAN8JKH5_taxID_87958_model	0.4187
A0A0V1DE70_taxID_45882_model	A0ABD3VH26_taxID_1069815_model	0.4187
A0A067C156_taxID_695850_model_A	A0A3R6VRZ5_taxID_157072_model	0.4187
A0A8J1XGG3_taxID_6347_model	A0A915KKL6_taxID_13658_model	0.4187
A0A812SAZ7_taxID_2952_model	A0AAD7XMM2_taxID_2483200_model	0.4187
A0A135T4G4_taxID_703756_model	A0A8H8PB78_taxID_456999_model	0.4187
A0A1I5DX13_taxID_35799_model_A	A0A8S2MFL9_taxID_1234261_model	0.4186
A0A8E0V7V4_taxID_52442_model_A	A0ABN8SN36_taxID_104178_model	0.4186
A0A085M8H3_taxID_68888_model	A0AAD8AV10_taxID_112525_model	0.4186
A0A074ZDD7_taxID_6198_model	A0A3M6T5K9_taxID_46731_model	0.4186
A0A8B6BKM4_taxID_29158_model_A	A0ABQ9EAR7_taxID_220873_model	0.4186
A0A0V0TGR2_taxID_144512_model	A0AA36DH95_taxID_96644_model_A	0.4186
A0A177WTC8_taxID_403673_model	A0A8S3RHI5_taxID_6550_model_A	0.4186
A0A914MBW5_taxID_6306_model	A0AA36DH95_taxID_96644_model_A	0.4186
A0A914MBW5_taxID_6306_model	A0AAF3EKL4_taxID_2138241_model	0.4186
A0A8H6XYA6_taxID_2733690_model	A0AAE8SXX8_taxID_2041049_model_A	0.4186
A0A8B8ESA4_taxID_6565_model_A	A0A8J1T8Q4_taxID_6347_model	0.4186
A0A0D1CHR5_taxID_5270_model_A	A0A1K0HF59_taxID_307758_model_A	0.4186
A0A7J7J2C8_taxID_10212_model	A0AAD9L024_taxID_27915_model	0.4185
A0A364L5W2_taxID_1196081_model	W6ZHH7_taxID_930090_model	0.4185
A0A4Q2D856_taxID_2316362_model	A0A507FDN0_taxID_246404_model	0.4185
A0A0V0YE73_taxID_6337_model	A0AAF5PZK9_taxID_6293_model	0.4185
A0A6J8E972_taxID_42192_model	A0A8B6GSA5_taxID_29158_model	0.4185
A0A8S4QC54_taxID_6347_model	A0AA39HID6_taxID_289476_model	0.4185
A0A0F7RVY0_taxID_49012_model_A	A0AAD5T9G3_taxID_109957_model	0.4185
A0A3N0CP77_taxID_661483_model	A0A8H3H4T7_taxID_456999_model	0.4185
A0A498S2C2_taxID_6277_model_A	A0A915MQ42_taxID_6303_model	0.4185
A0A084G098_taxID_563466_model	A0ABR2XFG3_taxID_138064_model_A	0.4185
A0A8B6G9L0_taxID_29158_model_A	A0A915N8X1_taxID_6303_model	0.4185
A0A8H5L9I1_taxID_48495_model_A	A0AA37L8J5_taxID_700344_model_A	0.4184
A0A4P9X7U9_taxID_1555241_model	A0ABR2W902_taxID_34480_model	0.4184
A0AA39HID6_taxID_289476_model	A0ABQ9EAR7_taxID_220873_model	0.4184
A0A409YPA9_taxID_231916_model	A0AAD4FBU9_taxID_669026_model_A	0.4184
A0A0G4N7R0_taxID_100787_model	A0AAN5YGU4_taxID_293939_model	0.4184
A0A9K3LNV3_taxID_303405_model	K0B2W2_taxID_1229908_model_A	0.4184
A0A914D235_taxID_290746_model	A0A914E549_taxID_290746_model	0.4184
A0AA39UQR7_taxID_153913_model_A	A0ABR2XFG3_taxID_138064_model_A	0.4184
A0A0V1I3Y0_taxID_268475_model	A0ABY7EX19_taxID_6604_model	0.4184
A0A2P6U1N3_taxID_3076_model_A	A0A365MYK5_taxID_948311_model_A	0.4184
A0A8H7B393_taxID_1187904_model_A	A0AAD4FBU9_taxID_669026_model_A	0.4184
A0A1I7VBE5_taxID_7209_model	A0ABN8LP07_taxID_104178_model	0.4184
A0A0D6LVJ5_taxID_53326_model	A0A7D9J5S3_taxID_317549_model	0.4183
A0A8B8F0Y1_taxID_6565_model	A0A8S3SWK0_taxID_6550_model	0.4183
A0AAD4FBU9_taxID_669026_model_A	A0AAD5T9G3_taxID_109957_model	0.4183
A0A409YPA9_taxID_231916_model	A0ABR3UFL0_taxID_48095_model	0.4183
A0A0V1KR57_taxID_6335_model	A0A3P7DNC2_taxID_6293_model	0.4183
A0A0V0YE73_taxID_6337_model	A0A238C4W2_taxID_387005_model	0.4183
A0A2H1GBQ4_taxID_1276532_model_A	A0A8H7B393_taxID_1187904_model_A	0.4182
A0AA39HID6_taxID_289476_model	A0AAE0W2I3_taxID_2493646_model	0.4182
A0A507FDN0_taxID_246404_model	A0A7C8Q0E6_taxID_2813651_model	0.4182
A0A0V1DE70_taxID_45882_model	A0A8B6GYH0_taxID_29158_model_A	0.4182
A0A1W6SSH7_taxID_1288494_model_A	K0B2W2_taxID_1229908_model_A	0.4182
A0ABN8LP07_taxID_104178_model	K1Q6D2_taxID_29159_model	0.4182
A0A8H6ZUP2_taxID_5322_model_A	A0A8H7B393_taxID_1187904_model_A	0.4181
A0A4Q2D856_taxID_2316362_model	J0WRI2_taxID_717982_model	0.4181
A0A2H1GBQ4_taxID_1276532_model_A	A0A9P3PKR9_taxID_47721_model	0.4181
A0A2N3MXV9_taxID_41688_model_A	A0ABQ8FRP3_taxID_1357716_model_A	0.4181
A0A0D6LVJ5_taxID_53326_model	A0A8S3SWK0_taxID_6550_model	0.4181
A0A364L5W2_taxID_1196081_model	R0ISP9_taxID_671987_model	0.4181
A0A1K0HF59_taxID_307758_model_A	A0A5C3EP17_taxID_86804_model_A	0.4181
A0A9P7HHT8_taxID_40199_model	F0X9X8_taxID_655863_model	0.4181
A0A8B6GY87_taxID_29158_model_A	A0A8S4QC54_taxID_6347_model	0.4180
A0A2G7FTM7_taxID_656916_model_A	S3CMF3_taxID_1116229_model	0.4180
A0A2G7FTM7_taxID_656916_model_A	F9F9P2_taxID_660025_model	0.4180
A0A507FDN0_taxID_246404_model	A0AAD4FBU9_taxID_669026_model_A	0.4180
A0A177X0C6_taxID_403673_model	A0A4Q2V7C7_taxID_451672_model	0.4180
A0A1G5SEQ3_taxID_51642_model_A	A0A1I4T9J4_taxID_44574_model_A	0.4180
A0A0N4SWM8_taxID_6280_model	W2TLA4_taxID_51031_model	0.4180
A0A5N6JRM5_taxID_61186_model	A0ABQ0M0Y9_taxID_658473_model_A	0.4180
A0A8B6G9L0_taxID_29158_model_A	A0A915I8K9_taxID_13658_model	0.4180
A0A8H5L9I1_taxID_48495_model_A	A0AAD6NB37_taxID_5083_model_A	0.4179
A0A2A6BT42_taxID_54126_model	A0A914W9Q0_taxID_2011161_model	0.4179
A0A484G057_taxID_1213857_model	A0ABR3V8J2_taxID_85995_model	0.4179
A0AAD4FBU9_taxID_669026_model_A	B2VY53_taxID_426418_model	0.4179
A0A1I7VBE5_taxID_7209_model	A0A8J1T8Q4_taxID_6347_model	0.4178
A0A0B7BDN3_taxID_1028688_model_A	A0A2T7PF37_taxID_400727_model	0.4178
A0A507FDN0_taxID_246404_model	A0A9P3PKR9_taxID_47721_model	0.4178
A0A409YPA9_taxID_231916_model	A0A7C8MWQ0_taxID_323545_model_A	0.4178
A0A8H7B393_taxID_1187904_model_A	A0AAD5T9G3_taxID_109957_model	0.4178
A0ABR1FQU3_taxID_44056_model	F0YI20_taxID_44056_model	0.4178
A0AAE8SXX8_taxID_2041049_model_A	A0ABQ8FRP3_taxID_1357716_model_A	0.4178
A0A135T4G4_taxID_703756_model	A0AA39UQR7_taxID_153913_model_A	0.4178
A0A8S4QC54_taxID_6347_model	K1QAP4_taxID_29159_model	0.4178
A0A177WTC8_taxID_403673_model	A0AAD5UGL0_taxID_261099_model	0.4178
A0AAD4EYT8_taxID_669026_model_A	K1Q6D2_taxID_29159_model	0.4178
A0A3P7DNC2_taxID_6293_model	A0A8S9ZP28_taxID_189291_model	0.4177
A0A183C149_taxID_36090_model	A0A8S9ZP28_taxID_189291_model	0.4177
A0A074RXE5_taxID_1423351_model_A	A0A4U7KZ21_taxID_280036_model_A	0.4177
A0A5Q4BMU6_taxID_2078593_model	A0AAD5DEJ1_taxID_2649997_model	0.4177
A0A8H3D1S1_taxID_456999_model	A0A9W8TQN1_taxID_114810_model	0.4177
A0A1I4XKW7_taxID_578942_model_A	A0AAE4C8H8_taxID_137266_model_A	0.4177
A0A0V1KD92_taxID_6337_model	A0A238C4W2_taxID_387005_model	0.4177
A0A9P9WMZ2_taxID_1658444_model_A	A0AAE8SXX8_taxID_2041049_model_A	0.4177
A0A915I8K9_taxID_13658_model	A0A915N8X1_taxID_6303_model	0.4177
A0A1I7VBE5_taxID_7209_model	A0A914E9Y6_taxID_290746_model	0.4176
A0A364MXI7_taxID_183478_model	A0A484G057_taxID_1213857_model	0.4176
A0A0V1G4S3_taxID_6337_model	A0A8S9ZP28_taxID_189291_model	0.4176
A0A8B6GSA5_taxID_29158_model	A0A8B6GYH0_taxID_29158_model_A	0.4176
A0A8B6CPY6_taxID_29158_model_A	A0A9D4J8T5_taxID_45954_model	0.4176
A0A0V1KR57_taxID_6335_model	A0A4E9FIB1_taxID_6279_model	0.4176
A0A8H3BPP3_taxID_456999_model	A0AAD4FBU9_taxID_669026_model_A	0.4176
A0ABR4K145_taxID_176178_model	F0X9X8_taxID_655863_model	0.4176
A0A183I077_taxID_387005_model	A0A8S9ZP28_taxID_189291_model	0.4175
A0A9D4J8T5_taxID_45954_model	A0AAE0W2I3_taxID_2493646_model	0.4175
A0A0A1UJW0_taxID_1086054_model	A0A8H3A0M5_taxID_456999_model_A	0.4175
A0ABR3V8J2_taxID_85995_model	Q2H2F5_taxID_306901_model_A	0.4175
A0AA39UQR7_taxID_153913_model_A	A0ABR3V8J2_taxID_85995_model	0.4175
A0ABR3UFL0_taxID_48095_model	F9F9P2_taxID_660025_model	0.4175
A0A1W6SSH7_taxID_1288494_model_A	A0A8S2MFL9_taxID_1234261_model	0.4175
A0A163KNP0_taxID_5454_model_A	B2VY53_taxID_426418_model	0.4175
A0A0N4XV59_taxID_27835_model	A0A0R3RX42_taxID_1147741_model_A	0.4175
A0A177X0C6_taxID_403673_model	A0A915JY09_taxID_13658_model	0.4175
A0ABR3UFL0_taxID_48095_model	Q2H2F5_taxID_306901_model_A	0.4174
A0A915JY09_taxID_13658_model	A0ABR0JJU7_taxID_1016849_model_A	0.4174
A0A6J8DAY9_taxID_42192_model	A0AAD8AV10_taxID_112525_model	0.4174
A0AAN4PPE5_taxID_293939_model	A0ABR3UFL0_taxID_48095_model	0.4174
A0A8S3PWU5_taxID_6550_model	A0ABY7EX19_taxID_6604_model	0.4174
A0A2P6U1N3_taxID_3076_model_A	A0A8H5U0D3_taxID_48490_model_A	0.4174
A0A4Q2D856_taxID_2316362_model	A0A5M9J7X0_taxID_38448_model	0.4173
A0A4P9X7U9_taxID_1555241_model	A0AAD7UPK6_taxID_2483200_model	0.4173
A0A8S3THT1_taxID_6550_model	A0AAF3FHG4_taxID_2138241_model_A	0.4173
A0A5N6JRM5_taxID_61186_model	A0A9P3PKR9_taxID_47721_model	0.4173
A0A8H8PB78_taxID_456999_model	A0A9W8TQN1_taxID_114810_model	0.4173
A0A4U7KZ21_taxID_280036_model_A	A0A8H3BPP3_taxID_456999_model	0.4173
N4XMY1_taxID_665024_model	S3CMF3_taxID_1116229_model	0.4173
A0A8B6GYH0_taxID_29158_model_A	K1QAP4_taxID_29159_model	0.4173
A0A0V0YE73_taxID_6337_model	A0A8J1T8Q4_taxID_6347_model	0.4173
A0A4E9FIB1_taxID_6279_model	A0ABD2LAM1_taxID_157864_model	0.4173
A0A0G4N7R0_taxID_100787_model	A0ABQ0M0Y9_taxID_658473_model_A	0.4173
A0A1H7K5B5_taxID_1233_model_A	A0A4P9XG75_taxID_78915_model	0.4173
A0A183C149_taxID_36090_model	A0A914S644_taxID_6256_model	0.4173
A0A0V1DE70_taxID_45882_model	A0A6J8ENF3_taxID_42192_model_A	0.4172
A0ABR3V8J2_taxID_85995_model	E3REK7_taxID_861557_model	0.4172
A0A9P3CF74_taxID_84275_model	A0AAD6NB37_taxID_5083_model_A	0.4172
A0A8H4QR39_taxID_354080_model_A	A0AA37L8J5_taxID_700344_model_A	0.4172
A0A4P9X7U9_taxID_1555241_model	A0A8S2MFL9_taxID_1234261_model	0.4172
A0A179HCZ8_taxID_33203_model	A0A409YPA9_taxID_231916_model	0.4171
A0A8B6BKM4_taxID_29158_model_A	A0ABD2I4S2_taxID_97005_model	0.4171
A0A1X6PIR8_taxID_2786_model	F0XF66_taxID_655863_model	0.4171
A0A9X4BM46_taxID_2983605_model_A	A0AAE4C8H8_taxID_137266_model_A	0.4171
A0A0V1I3Y0_taxID_268475_model	A0A8S3THT1_taxID_6550_model	0.4171
A0A183TFI9_taxID_70667_model	A0AA35SFX9_taxID_519541_model	0.4171
A0A8H4QR39_taxID_354080_model_A	A0A8H7LLC6_taxID_456999_model_A	0.4170
A0A1I7VBE5_taxID_7209_model	A0A238C4W2_taxID_387005_model	0.4170
A0A8H5L9I1_taxID_48495_model_A	A0ABQ0M0Y9_taxID_658473_model_A	0.4170
A0A6A5SIC2_taxID_706981_model	F9F9P2_taxID_660025_model	0.4170
A0A2A6BT42_taxID_54126_model	A0A8B6GYH0_taxID_29158_model_A	0.4170
A0A3N0CP77_taxID_661483_model	A0ABQ8FRP3_taxID_1357716_model_A	0.4170
A0A3P7DNC2_taxID_6293_model	A0A915MQ42_taxID_6303_model	0.4170
A0A9D4MZZ2_taxID_45954_model	A0AA36CWW9_taxID_96644_model	0.4170
A0A0V1KR57_taxID_6335_model	A0A1I7VEA5_taxID_7209_model	0.4170
A0A507EXS7_taxID_246404_model	A0A8H8PB78_taxID_456999_model	0.4170
A0A0V1KR57_taxID_6335_model	A0AAF5PZK9_taxID_6293_model	0.4169
A0A2N3MXV9_taxID_41688_model_A	A0ABR3UFL0_taxID_48095_model	0.4169
A0A0V1BIN6_taxID_6334_model	A0A8J1XGG3_taxID_6347_model	0.4169
A0A507EFD5_taxID_109895_model	A0A813K9V7_taxID_89957_model	0.4168
A0A4E9FIB1_taxID_6279_model	A0A8S9ZP28_taxID_189291_model	0.4168
A0A8S4QC54_taxID_6347_model	A0ABQ9EAR7_taxID_220873_model	0.4168
A0A8B6G957_taxID_29158_model_A	A0A915I8K9_taxID_13658_model	0.4168
A0A8H2WDY0_taxID_456999_model	A0A8H3AAQ4_taxID_456999_model	0.4168
A0A1F8A6I4_taxID_109264_model_A	A0A9P9JQC5_taxID_48865_model_A	0.4168
F9F9P2_taxID_660025_model	S3CMF3_taxID_1116229_model	0.4168
A0A8H3DZ25_taxID_456999_model_A	A0A9N8JDS5_taxID_2773715_model_A	0.4168
A0A179HCZ8_taxID_33203_model	M5CEE4_taxID_1108050_model	0.4167
A0A183I077_taxID_387005_model	A0ABD2LAM1_taxID_157864_model	0.4167
A0A1S9S186_taxID_104259_model	A0AA37L8J5_taxID_700344_model_A	0.4167
A0A0G4N7R0_taxID_100787_model	A0A8K0WPV5_taxID_80388_model_A	0.4167
A0A2A6BT42_taxID_54126_model	A0A8B6BKM4_taxID_29158_model_A	0.4167
A0A2A6BT42_taxID_54126_model	A0A6J8ENF3_taxID_42192_model_A	0.4167
A0ABQ0M0Y9_taxID_658473_model_A	A0ACC2IQ67_taxID_749465_model_A	0.4167
A0A0V1BIN6_taxID_6334_model	A0A183C149_taxID_36090_model	0.4167
A0A914C4K9_taxID_290746_model	A0ABD2LAM1_taxID_157864_model	0.4167
A0ABD3VH26_taxID_1069815_model	W2TLA4_taxID_51031_model	0.4167
A0A163KNP0_taxID_5454_model_A	A0ABR3V8J2_taxID_85995_model	0.4167
A0A183C149_taxID_36090_model	A0A8S4QC54_taxID_6347_model	0.4167
A0A6A5SIC2_taxID_706981_model	A0A8H7EE27_taxID_1187904_model	0.4166
A0A1X6PIR8_taxID_2786_model	A0A7C8Q0E6_taxID_2813651_model	0.4166
A0A498S2C2_taxID_6277_model_A	A0A8S9ZP28_taxID_189291_model	0.4166
A0A0D6LVJ5_taxID_53326_model	A0A915N8X1_taxID_6303_model	0.4166
A0A139HFA6_taxID_321146_model_A	A0A8H7B393_taxID_1187904_model_A	0.4166
A0A7C8Q0E6_taxID_2813651_model	A0A8H7E8W0_taxID_1187904_model	0.4166
A0A0C3F7Q7_taxID_765440_model	A0AAD4EYT8_taxID_669026_model_A	0.4166
A0A0V1I3Y0_taxID_268475_model	A0A8B6CPY6_taxID_29158_model_A	0.4166
A0A1I4RJF6_taxID_44574_model_A	A0A6B2L294_taxID_1963864_model	0.4166
A0A0G4N7R0_taxID_100787_model	A0A507FDN0_taxID_246404_model	0.4165
A0A1X7RRH8_taxID_1276538_model_A	A0A7C8MQB2_taxID_323545_model	0.4165
A0A8J1XGG3_taxID_6347_model	A0A8S3PWU5_taxID_6550_model	0.4165
A0A0R3RX42_taxID_1147741_model_A	W6NCB7_taxID_6289_model	0.4165
A0A8H3BPP3_taxID_456999_model	A0A8H4QR39_taxID_354080_model_A	0.4164
A0A179HCZ8_taxID_33203_model	A0AAN5YGU4_taxID_293939_model	0.4164
A0A1I7VEA5_taxID_7209_model	A0AAF3FHG4_taxID_2138241_model_A	0.4164
A0A8K0WPV5_taxID_80388_model_A	A0AAN5YGU4_taxID_293939_model	0.4164
A0A0V0TGR2_taxID_144512_model	A0A915N8X1_taxID_6303_model	0.4164
A0A9P6IHM1_taxID_1095194_model	A0AAD4EYT8_taxID_669026_model_A	0.4164
A0A8B6G957_taxID_29158_model_A	A0AA88YDI9_taxID_66713_model	0.4164
A0A0G2GEG2_taxID_420778_model_A	A0A135T4G4_taxID_703756_model	0.4164
A0A915I8K9_taxID_13658_model	A0AA36DH95_taxID_96644_model_A	0.4164
A0A0N4SWM8_taxID_6280_model	A0A914E549_taxID_290746_model	0.4164
A0A8J1T8Q4_taxID_6347_model	W2TLA4_taxID_51031_model	0.4164
A0A0V0S806_taxID_6336_model	A0A238C4W2_taxID_387005_model	0.4164
A0A8S4QC54_taxID_6347_model	A0ABD3VH26_taxID_1069815_model	0.4164
A0A0V1ESS6_taxID_6337_model	A0A8B6CPY6_taxID_29158_model_A	0.4164
A0A7S4C8S2_taxID_73025_model	A0ABN8LLM9_taxID_104178_model_A	0.4163
A0A9P6IHM1_taxID_1095194_model	A0ABR3V8J2_taxID_85995_model	0.4163
A0A0V1KD92_taxID_6337_model	A0A8B6CNP6_taxID_29158_model	0.4163
A0A2A6BT42_taxID_54126_model	A0AA88YDI9_taxID_66713_model	0.4163
A0A9N8ELP9_taxID_568900_model	A0ABR1FXH8_taxID_44056_model	0.4163
A0A1V9YE51_taxID_74557_model	A0A418AQE9_taxID_157072_model	0.4163
A0A8B6BKM4_taxID_29158_model_A	A0AAF3EKL4_taxID_2138241_model	0.4163
A0A1F8A6I4_taxID_109264_model_A	A0A364L5W2_taxID_1196081_model	0.4163
A0A0V1ESS6_taxID_6337_model	A0A8R1TKI8_taxID_6282_model	0.4163
A0A0V0YE73_taxID_6337_model	A0A8S9ZP28_taxID_189291_model	0.4162
A0A4U7KZ21_taxID_280036_model_A	A0AA39UQR7_taxID_153913_model_A	0.4162
A0A6J8CIJ8_taxID_42192_model	A0A8B6CNP6_taxID_29158_model	0.4162
A0A0V1DE70_taxID_45882_model	A0A8S3THT1_taxID_6550_model	0.4162
A0AA36DH95_taxID_96644_model_A	A0AAN8JKH5_taxID_87958_model	0.4162
A0A3S0ZXU8_taxID_188477_model	A0A8B6BMR6_taxID_29158_model_A	0.4162
A0A183C149_taxID_36090_model	A0A914EDP1_taxID_290746_model	0.4162
A0A0K6FPV3_taxID_456999_model	A0AAD6NB37_taxID_5083_model_A	0.4162
A0A179HCZ8_taxID_33203_model	A0A8H6GM20_taxID_100902_model	0.4161
A0A074RXE5_taxID_1423351_model_A	A0A8H3AAQ4_taxID_456999_model	0.4161
A0A077ZGT3_taxID_36087_model	A0A6J8ENF3_taxID_42192_model_A	0.4161
A0A1I4T9J4_taxID_44574_model_A	A0A8H3DZ25_taxID_456999_model_A	0.4161
A0A6J8DAY9_taxID_42192_model	A0AAF3EKL4_taxID_2138241_model	0.4161
A0A0R3RX42_taxID_1147741_model_A	A0A914W9Q0_taxID_2011161_model	0.4161
A0A0N4SWM8_taxID_6280_model	A0A0V0S806_taxID_6336_model	0.4161
A0A177WTC8_taxID_403673_model	A0A6A5SIC2_taxID_706981_model	0.4160
A0A4U7KZ21_taxID_280036_model_A	F0XF66_taxID_655863_model	0.4160
A0A8K0WPV5_taxID_80388_model_A	J0WRI2_taxID_717982_model	0.4160
A0A8K0WPV5_taxID_80388_model_A	A0ABQ0M0Y9_taxID_658473_model_A	0.4160
A0A1X7RRH8_taxID_1276538_model_A	A0A2N3MXV9_taxID_41688_model_A	0.4160
A0A0V1DE70_taxID_45882_model	A0ABY7EX19_taxID_6604_model	0.4160
A0A8J1T8Q4_taxID_6347_model	A0A914E549_taxID_290746_model	0.4160
A0A177WTC8_taxID_403673_model	A0A5N6JRM5_taxID_61186_model	0.4160
A0A3B0YDV7_taxID_652676_model_A	A0ABN8N4G6_taxID_104759_model_A	0.4160
A0A0V1KR57_taxID_6335_model	A0A915N8X1_taxID_6303_model	0.4160
A0A8H6XYA6_taxID_2733690_model	J0WRI2_taxID_717982_model	0.4160
A0A4U7KZ21_taxID_280036_model_A	A0A8H3D1S1_taxID_456999_model	0.4160
A0A4R8T272_taxID_1347389_model	A0ACC2IQ67_taxID_749465_model_A	0.4159
A0A0A1UJW0_taxID_1086054_model	A0A8H3D1S1_taxID_456999_model	0.4159
A0A409YPA9_taxID_231916_model	A0A8H3D1S1_taxID_456999_model	0.4159
A0A177WTC8_taxID_403673_model	A0A8H3BPP3_taxID_456999_model	0.4159
A0A5J9TU90_taxID_38414_model	A0AAE3YLB9_taxID_137266_model_A	0.4159
A0A6A4NQJ9_taxID_3870_model	Q01WC9_taxID_234267_model	0.4159
A0A915JY09_taxID_13658_model	A0AAN4ZCE4_taxID_1317129_model	0.4159
A0A0V1JHS7_taxID_6337_model	A0A6J8CL61_taxID_42192_model_A	0.4158
A0A210R253_taxID_6573_model	A0A9D4RA75_taxID_45954_model	0.4158
A0A8B6G957_taxID_29158_model_A	A0A9D4RA75_taxID_45954_model	0.4158
A0A4E9FIB1_taxID_6279_model	A0A915MQ42_taxID_6303_model	0.4158
A0A177WTC8_taxID_403673_model	A0ABQ8FNS3_taxID_1357716_model_A	0.4158
A0A8B6BMR6_taxID_29158_model_A	K1QAP4_taxID_29159_model	0.4158
A0A0G4N7R0_taxID_100787_model	A0A8H7B393_taxID_1187904_model_A	0.4158
A0A9W8TQN1_taxID_114810_model	A0AAD6NK04_taxID_74499_model	0.4158
A0A8H6GM20_taxID_100902_model	J0WRI2_taxID_717982_model	0.4158
A0A177WTC8_taxID_403673_model	I2FTP4_taxID_120017_model_A	0.4158
A0A1V6PRI1_taxID_416450_model	A0A8K0WPV5_taxID_80388_model_A	0.4158
A0A0V1KD92_taxID_6337_model	A0A8S9ZP28_taxID_189291_model	0.4157
A0A8B6GYH0_taxID_29158_model_A	A0A915N8X1_taxID_6303_model	0.4157
A0A8B8ESA4_taxID_6565_model_A	A0A9D4RA75_taxID_45954_model	0.4157
A0A484G057_taxID_1213857_model	B2VY53_taxID_426418_model	0.4157
A0A8B6G9L0_taxID_29158_model_A	A0A8S3SWK0_taxID_6550_model	0.4157
A0A6B2KZX3_taxID_1963864_model	A0A9W8B9V6_taxID_2761393_model_A	0.4157
A0A484G057_taxID_1213857_model	W6Y2N7_taxID_930089_model	0.4156
A0A4R8T272_taxID_1347389_model	A0A8H5UJH2_taxID_48507_model_A	0.4156
A0A067D814_taxID_695850_model	A0ABN8CQB0_taxID_622444_model	0.4156
A0A9P6IHM1_taxID_1095194_model	A0ABR3UFL0_taxID_48095_model	0.4156
A0A0A1UJW0_taxID_1086054_model	A0A8H7LLC6_taxID_456999_model_A	0.4156
A0A6J8CL61_taxID_42192_model_A	A0A8B6GSK0_taxID_29158_model	0.4156
A0A0V0YE73_taxID_6337_model	A0A6J8DAY9_taxID_42192_model	0.4156
A0A4E9FIB1_taxID_6279_model	W6NCB7_taxID_6289_model	0.4156
A0A0B2VVI5_taxID_6265_model	A0A183C149_taxID_36090_model	0.4156
A0A4P9X7U9_taxID_1555241_model	A0ABR2XFG3_taxID_138064_model_A	0.4155
A0A024UP64_taxID_157072_model	A0A067D814_taxID_695850_model	0.4155
A0A084FV70_taxID_563466_model_A	A0A364MXI7_taxID_183478_model	0.4155
A0A177WTC8_taxID_403673_model	A0A1I7VBE5_taxID_7209_model	0.4154
A0A1I7VEA5_taxID_7209_model	A0A915MQ42_taxID_6303_model	0.4154
A0A4P9X7U9_taxID_1555241_model	A0ABR1WCT8_taxID_335842_model	0.4154
A0A5S6QIU3_taxID_70415_model	A0A8R1TKI8_taxID_6282_model	0.4154
A0A135T4G4_taxID_703756_model	A0A7C8Q0E6_taxID_2813651_model	0.4154
A0A1Y1HT28_taxID_105231_model	A0AAD5DEJ1_taxID_2649997_model	0.4153
A0A7D5Z204_taxID_500148_model	A0AAD5DEJ1_taxID_2649997_model	0.4153
A0A914C4K9_taxID_290746_model	A0AA39HID6_taxID_289476_model	0.4153
A0A210R253_taxID_6573_model	A0A8S3RHI5_taxID_6550_model_A	0.4153
A0A7C8MQB2_taxID_323545_model	A0A8H5UJH2_taxID_48507_model_A	0.4153
A0A8H4RXW4_taxID_354080_model_A	F9F9P2_taxID_660025_model	0.4153
A0A0V0S806_taxID_6336_model	A0A8R1TKI8_taxID_6282_model	0.4153
A0A084FV70_taxID_563466_model_A	A0AAD4EYT8_taxID_669026_model_A	0.4153
A0A1I7VEA5_taxID_7209_model	A0A8S9ZP28_taxID_189291_model	0.4152
A0A8H4YZH8_taxID_48485_model	A0A9P3PKR9_taxID_47721_model	0.4152
A0A4U7KZ21_taxID_280036_model_A	A0A8H8P6Z0_taxID_456999_model	0.4152
A0A409YPA9_taxID_231916_model	A0A8K0WPV5_taxID_80388_model_A	0.4152
A0A7C8MWQ0_taxID_323545_model_A	A0A8H5L9I1_taxID_48495_model_A	0.4152
A0A914EDP1_taxID_290746_model	A0AC34QHI6_taxID_591449_model	0.4152
A0A409YPA9_taxID_231916_model	A0A9P3CF74_taxID_84275_model	0.4152
A0A3P7DNC2_taxID_6293_model	A0ABD2LAM1_taxID_157864_model	0.4152
A0A067BRT6_taxID_695850_model	A0A418AQE9_taxID_157072_model	0.4152
A0A0V1I3Y0_taxID_268475_model	A0A8B6BMR6_taxID_29158_model_A	0.4152
A0A2S6BQA0_taxID_357750_model	A0AAD6NB37_taxID_5083_model_A	0.4152
A0A0R3RX42_taxID_1147741_model_A	A0A914C4K9_taxID_290746_model	0.4152
A0A8H3A1U9_taxID_456999_model	A0ABQ8FRP3_taxID_1357716_model_A	0.4152
A0A085M8H3_taxID_68888_model	A0A8R1TKI8_taxID_6282_model	0.4151
A0ABR3UFL0_taxID_48095_model	W6ZHH7_taxID_930090_model	0.4151
A0A2P5YJV4_taxID_3634_model_A	A0A444ZR13_taxID_3818_model	0.4151
A0A5P8W6J8_taxID_2653204_model	A0A835YKM2_taxID_303371_model	0.4151
A0A0V1DE70_taxID_45882_model	A0A8B6BMR6_taxID_29158_model_A	0.4151
A0A0V1BIN6_taxID_6334_model	A0AA36DH95_taxID_96644_model_A	0.4151
A0A8H5U0D3_taxID_48490_model_A	A0ACC0V4A4_taxID_47278_model	0.4151
A0A163KNP0_taxID_5454_model_A	A0ABQ0M0Y9_taxID_658473_model_A	0.4151
A0A0F4GBJ7_taxID_1047168_model	A0ABR4BR18_taxID_86028_model	0.4150
A0A6J8BNB1_taxID_42192_model_A	A0AAN8JKH5_taxID_87958_model	0.4150
A0A8B6GSK0_taxID_29158_model	A0A8S3THT1_taxID_6550_model	0.4150
A0A2A6BT42_taxID_54126_model	A0A914S644_taxID_6256_model	0.4150
A0A8H7LLC6_taxID_456999_model_A	A0ABQ8FRP3_taxID_1357716_model_A	0.4150
A0A183C149_taxID_36090_model	A0AA88YDI9_taxID_66713_model	0.4150
A0A1F8A6I4_taxID_109264_model_A	A0ABQ0M0Y9_taxID_658473_model_A	0.4150
A0A0R3RX42_taxID_1147741_model_A	A0A915I8K9_taxID_13658_model	0.4150
A0A8H3D1S1_taxID_456999_model	I2FTP4_taxID_120017_model_A	0.4150
A0A365MYK5_taxID_948311_model_A	A0A7D5Z204_taxID_500148_model	0.4150
A0A8H6ZUP2_taxID_5322_model_A	A0A8H7H787_taxID_456999_model	0.4149
A0A317XLV9_taxID_1882483_model	A0A8H8P6Z0_taxID_456999_model	0.4149
A0A1I7VBE5_taxID_7209_model	A0A8B6GY87_taxID_29158_model_A	0.4149
A0A7S0FYS9_taxID_73915_model	A0A7S2JHL4_taxID_1333877_model	0.4149
A0A7S4C8S2_taxID_73025_model	A0ACC3CDQ3_taxID_2788_model	0.4149
A0A8B8F0Y1_taxID_6565_model	A0AA88YDI9_taxID_66713_model	0.4149
A0A4R8T272_taxID_1347389_model	A0A5M9J7X0_taxID_38448_model	0.4149
A0A3S0ZXU8_taxID_188477_model	A0AA39HID6_taxID_289476_model	0.4149
A0A8H4L3K1_taxID_1237068_model	A0A9P6IHM1_taxID_1095194_model	0.4149
A0A2N3MXV9_taxID_41688_model_A	A0ABQ0M0Y9_taxID_658473_model_A	0.4149
A0ACC2TZL3_taxID_34485_model	C9SDX6_taxID_526221_model	0.4149
A0A0B2VVI5_taxID_6265_model	A0A0R3RX42_taxID_1147741_model_A	0.4149
A0A238C4W2_taxID_387005_model	A0A8J1T8Q4_taxID_6347_model	0.4149
A0A7C8Q0E6_taxID_2813651_model	A0ABQ0M0Y9_taxID_658473_model_A	0.4149
A0A0V1G4S3_taxID_6337_model	A0A8B6CPY6_taxID_29158_model_A	0.4149
A0A1S9S186_taxID_104259_model	A0A9P6IHM1_taxID_1095194_model	0.4148
A0A0V1JHS7_taxID_6337_model	A0A8B6GYH0_taxID_29158_model_A	0.4148
A0A364MXI7_taxID_183478_model	A0A8K0WPV5_taxID_80388_model_A	0.4148
A0A0D6LVJ5_taxID_53326_model	A0A914E549_taxID_290746_model	0.4148
A0A0P7APX3_taxID_78410_model	A0A166CKA0_taxID_1314776_model	0.4148
A0AA42B8L4_taxID_1215918_model	D7F7N6_taxID_541230_model_A	0.4148
A0A8H7EGD0_taxID_1187904_model	A0ABQ8FRP3_taxID_1357716_model_A	0.4148
A0ACC3CDQ3_taxID_2788_model	K1Q6D2_taxID_29159_model	0.4148
A0A135T4G4_taxID_703756_model	A0A8H3H4T7_taxID_456999_model	0.4148
A0A364L5W2_taxID_1196081_model	A0AAD4EYT8_taxID_669026_model_A	0.4148
A0A8S9ZP28_taxID_189291_model	A0AAF5PZK9_taxID_6293_model	0.4147
A0A915I8K9_taxID_13658_model	A0AAF5PZK9_taxID_6293_model	0.4147
A0A8K0WPV5_taxID_80388_model_A	A0ABR3UFL0_taxID_48095_model	0.4147
A0A0V1KR57_taxID_6335_model	A0AA36DH95_taxID_96644_model_A	0.4147
A0AAE0W2I3_taxID_2493646_model	A0ABY7EX19_taxID_6604_model	0.4147
A0A1I7VEA5_taxID_7209_model	W6NCB7_taxID_6289_model	0.4147
A0A1X7RRH8_taxID_1276538_model_A	A0ABQ0M0Y9_taxID_658473_model_A	0.4147
A0A8H3IL14_taxID_116794_model	A0AAN5XIX5_taxID_1396_model_A	0.4146
A0A074RXE5_taxID_1423351_model_A	A0A4S4M1Y3_taxID_1095465_model_A	0.4146
A0A077ZGT3_taxID_36087_model	A0A8B6CPY6_taxID_29158_model_A	0.4146
A0A409YPA9_taxID_231916_model	A0A8H8PB78_taxID_456999_model	0.4146
A0A0V1I3Y0_taxID_268475_model	A0A8B6GYH0_taxID_29158_model_A	0.4146
A0A8S3RHI5_taxID_6550_model_A	A0A8S4QC54_taxID_6347_model	0.4146
A0A0V0YE73_taxID_6337_model	A0AA36DH95_taxID_96644_model_A	0.4146
A0A210R253_taxID_6573_model	A0A3S0ZXU8_taxID_188477_model	0.4146
A0A139HFA6_taxID_321146_model_A	A0AAD4FBU9_taxID_669026_model_A	0.4146
A0A135T4G4_taxID_703756_model	A0A8H3DZ25_taxID_456999_model_A	0.4146
A0A0V1I3Y0_taxID_268475_model	A0A915JY09_taxID_13658_model	0.4146
A0A8H4RXW4_taxID_354080_model_A	W6Y2N7_taxID_930089_model	0.4145
A0A0G2GEG2_taxID_420778_model_A	A0A7C8Q0E6_taxID_2813651_model	0.4145
A0A183C149_taxID_36090_model	A0AAN8JKH5_taxID_87958_model	0.4145
A0A915I8K9_taxID_13658_model	A0AAN8JKH5_taxID_87958_model	0.4145
A0A915I8K9_taxID_13658_model	A0ABD3VH26_taxID_1069815_model	0.4145
A0A8H8P906_taxID_456999_model	M5CEE4_taxID_1108050_model	0.4144
A0A0A7CP65_taxID_1202772_model	A0A8T0LKJ4_taxID_325452_model	0.4144
A0A7C8MWQ0_taxID_323545_model_A	J0WRI2_taxID_717982_model	0.4144
A0A409YPA9_taxID_231916_model	A0A8H4QR39_taxID_354080_model_A	0.4143
A0A183I077_taxID_387005_model	A0A915MQ42_taxID_6303_model	0.4143
A0A183I077_taxID_387005_model	A0AAF3FHG4_taxID_2138241_model_A	0.4143
A0A074RXE5_taxID_1423351_model_A	A0ABQ0M0Y9_taxID_658473_model_A	0.4143
A0A0G2GEG2_taxID_420778_model_A	A0A1X7RRH8_taxID_1276538_model_A	0.4143
A0A6J8CIJ8_taxID_42192_model	A0A8S4QC54_taxID_6347_model	0.4143
A0A1V9YE51_taxID_74557_model	W4H175_taxID_112090_model	0.4143
A0A0V1I3Y0_taxID_268475_model	A0A8R1TKI8_taxID_6282_model	0.4143
A0A8H2WDY0_taxID_456999_model	A0ABR0JJU7_taxID_1016849_model_A	0.4143
A0A8X6KWP2_taxID_2740835_model	A0ABN8SN36_taxID_104178_model	0.4142
A0A8S3R6L7_taxID_6550_model_A	A0A9D4RA75_taxID_45954_model	0.4142
A0A8S9ZP28_taxID_189291_model	A0AA36DH95_taxID_96644_model_A	0.4142
A0A9P3PKR9_taxID_47721_model	A0ABR2XFG3_taxID_138064_model_A	0.4142
A0A8J1T8Q4_taxID_6347_model	A0AA36DH95_taxID_96644_model_A	0.4142
A0ACC3CB14_taxID_2788_model	W3VU69_taxID_84754_model	0.4142
A0A507FDN0_taxID_246404_model	W3VU69_taxID_84754_model	0.4141
A0A2N3MXV9_taxID_41688_model_A	A0AAN5YGU4_taxID_293939_model	0.4141
A0A1I4T9J4_taxID_44574_model_A	A0A3B0YDV7_taxID_652676_model_A	0.4141
A0A1F8A6I4_taxID_109264_model_A	A0AAN4PPE5_taxID_293939_model	0.4141
A0A4E9FIB1_taxID_6279_model	A0A915I8K9_taxID_13658_model	0.4141
A0A8H3IL14_taxID_116794_model	A0A9N8WZP9_taxID_5518_model	0.4140
A0A0V1JHS7_taxID_6337_model	A0A8B6G957_taxID_29158_model_A	0.4140
A0A2A6BT42_taxID_54126_model	A0A6J8CL61_taxID_42192_model_A	0.4140
A0AAN4ZCE4_taxID_1317129_model	W2TLA4_taxID_51031_model	0.4140
A0A5S6QIU3_taxID_70415_model	A0A8B6BMR6_taxID_29158_model_A	0.4140
A0ACC3CDQ3_taxID_2788_model	W3VU69_taxID_84754_model	0.4140
A0A8T0LKJ4_taxID_325452_model	T0PNV2_taxID_1156394_model	0.4139
A0A8H3IL14_taxID_116794_model	K3V6C2_taxID_1028729_model	0.4139
A0A364L5W2_taxID_1196081_model	N4XMY1_taxID_665024_model	0.4139
A0A0G2GEG2_taxID_420778_model_A	A0A409WEP5_taxID_231916_model_A	0.4139
A0A0V1KD92_taxID_6337_model	A0A8B6CPY6_taxID_29158_model_A	0.4139
A0A8B6G9L0_taxID_29158_model_A	A0A9D4LIH2_taxID_45954_model	0.4139
F0XF66_taxID_655863_model	R9PI15_taxID_1305764_model_A	0.4139
A0A2G7FTM7_taxID_656916_model_A	E3REK7_taxID_861557_model	0.4138
A0A067C156_taxID_695850_model_A	A0A1V9YBP5_taxID_1202772_model	0.4138
A0A8B6CPY6_taxID_29158_model_A	A0A9D4RA75_taxID_45954_model	0.4138
A0A139HFA6_taxID_321146_model_A	R0ISP9_taxID_671987_model	0.4138
A0A8H4RXW4_taxID_354080_model_A	R0ISP9_taxID_671987_model	0.4138
A0A914MBW5_taxID_6306_model	A0ABD2LAM1_taxID_157864_model	0.4138
A0A5N6JRM5_taxID_61186_model	A0ABQ8FRP3_taxID_1357716_model_A	0.4138
A0A8B6BKM4_taxID_29158_model_A	A0AAE0W2I3_taxID_2493646_model	0.4138
A0AA88YDI9_taxID_66713_model	A0ACC3CDQ3_taxID_2788_model	0.4138
A0A2G7FTM7_taxID_656916_model_A	A0A8H5L9I1_taxID_48495_model_A	0.4137
A0AAF5PZK9_taxID_6293_model	A0ABD2LAM1_taxID_157864_model	0.4137
A0A077ZGT3_taxID_36087_model	A0A0R3RX42_taxID_1147741_model_A	0.4137
A0A1X7RRH8_taxID_1276538_model_A	A0A8H7LLC6_taxID_456999_model_A	0.4137
A0AA36CWW9_taxID_96644_model	A0AAN8JKH5_taxID_87958_model	0.4137
A0A8B6BMR6_taxID_29158_model_A	A0ABQ9EAR7_taxID_220873_model	0.4136
A0A9P3CF74_taxID_84275_model	F9F9P2_taxID_660025_model	0.4136
A0A0R3RX42_taxID_1147741_model_A	A0A0V1ESS6_taxID_6337_model	0.4136
A0A238C4W2_taxID_387005_model	A0A914MBW5_taxID_6306_model	0.4136
A0A8H8PB78_taxID_456999_model	B2VY53_taxID_426418_model	0.4136
A0A0V1I3Y0_taxID_268475_model	A0A8B6G9L0_taxID_29158_model_A	0.4136
A0A5Q4BMU6_taxID_2078593_model	A0A6G1HLY0_taxID_703511_model_A	0.4135
A0A1G5SEQ3_taxID_51642_model_A	A0A6B2KZX3_taxID_1963864_model	0.4135
A0A9P3PKR9_taxID_47721_model	J0WRI2_taxID_717982_model	0.4135
A0A7C8MWQ0_taxID_323545_model_A	B2VY53_taxID_426418_model	0.4135
A0A0G2GEG2_taxID_420778_model_A	A0AAD6NB37_taxID_5083_model_A	0.4135
A0A7S7SGR7_taxID_1473598_model	A0ABV9FV84_taxID_1460226_model	0.4135
A0A8K0RUZ8_taxID_61284_model_A	A0ABR1WCT8_taxID_335842_model	0.4135
E3REK7_taxID_861557_model	F9F9P2_taxID_660025_model	0.4135
A0A2S6BQA0_taxID_357750_model	A0ACC1NLV5_taxID_42375_model	0.4135
A0A915N8X1_taxID_6303_model	A0AAN8JKH5_taxID_87958_model	0.4135
A0A484G057_taxID_1213857_model	A0A7C8MWQ0_taxID_323545_model_A	0.4134
A0A409YPA9_taxID_231916_model	S3CMF3_taxID_1116229_model	0.4134
A0A6J8ENF3_taxID_42192_model_A	A0A8S3V8L1_taxID_6550_model	0.4134
A0A8H7LLC6_taxID_456999_model_A	W3VU69_taxID_84754_model	0.4134
A0A8S3SWK0_taxID_6550_model	A0ABD2I4S2_taxID_97005_model	0.4133
A0A1I7VBE5_taxID_7209_model	A0A7C8MQB2_taxID_323545_model	0.4133
A0AAE8SXX8_taxID_2041049_model_A	Q2HCB5_taxID_306901_model_A	0.4133
A0A8B8ESA4_taxID_6565_model_A	K1Q6D2_taxID_29159_model	0.4133
A0A8B6CPY6_taxID_29158_model_A	K1QAP4_taxID_29159_model	0.4133
A0A364L5W2_taxID_1196081_model	E3REK7_taxID_861557_model	0.4133
A0A4P9X7U9_taxID_1555241_model	A0A915JY09_taxID_13658_model	0.4133
A0A8E0V7V4_taxID_52442_model_A	A0ABN8LLM9_taxID_104178_model_A	0.4133
A0A9D4J8T5_taxID_45954_model	A0A9D4MZZ2_taxID_45954_model	0.4132
A0A2N3MXV9_taxID_41688_model_A	J0WRI2_taxID_717982_model	0.4132
A0A8B6GYH0_taxID_29158_model_A	A0A8S3SWK0_taxID_6550_model	0.4132
A0A6J4QLW3_taxID_349277_model_A	A0A917F9X2_taxID_1195761_model_A	0.4132
A0A8S3SWK0_taxID_6550_model	A0A8S3THT1_taxID_6550_model	0.4132
A0A8B8D4J3_taxID_6565_model	A0A8S3THT1_taxID_6550_model	0.4132
A0A139HFA6_taxID_321146_model_A	A0ACC1NLV5_taxID_42375_model	0.4132
A0A8J1T8Q4_taxID_6347_model	A0AAD8AV10_taxID_112525_model	0.4132
A0A183I077_taxID_387005_model	A0A914E549_taxID_290746_model	0.4131
A0A8S3R6L7_taxID_6550_model_A	A0AA88YDI9_taxID_66713_model	0.4131
A0A2G7FTM7_taxID_656916_model_A	A0A2N3MXV9_taxID_41688_model_A	0.4131
A0AAF3EKL4_taxID_2138241_model	A0ABD2LAM1_taxID_157864_model	0.4131
A0A2P6TX23_taxID_3076_model	A0A8J2X377_taxID_35677_model	0.4131
A0A074ZDD7_taxID_6198_model	A0A9N7UE72_taxID_8262_model	0.4130
A0A1K0HF59_taxID_307758_model_A	A0A8H7LLC6_taxID_456999_model_A	0.4130
A0A3S0ZXU8_taxID_188477_model	W2TLA4_taxID_51031_model	0.4130
A0AA36CWW9_taxID_96644_model	A0ABY7ESX1_taxID_6604_model	0.4130
A0A067C156_taxID_695850_model_A	A0A0A7CPE6_taxID_1202772_model	0.4130
A0A067C156_taxID_695850_model_A	A0A0A7CP65_taxID_1202772_model	0.4130
A0A5N6JRM5_taxID_61186_model	A0A8H3D1S1_taxID_456999_model	0.4130
A0A914W9Q0_taxID_2011161_model	A0ABD3VH26_taxID_1069815_model	0.4130
A0A1F8A6I4_taxID_109264_model_A	A0A8H5L9I1_taxID_48495_model_A	0.4129
A0A0V1BIN6_taxID_6334_model	A0A2A6BT42_taxID_54126_model	0.4129
A0A6J8AZI7_taxID_42192_model	A0A9D4RA75_taxID_45954_model	0.4129
A0A1F8A6I4_taxID_109264_model_A	A0A1V6PRI1_taxID_416450_model	0.4129
A0AA36JK50_taxID_2562239_model	A0AAD7XMM2_taxID_2483200_model	0.4129
A0A0V1I3Y0_taxID_268475_model	A0AAN8JKH5_taxID_87958_model	0.4129
A0A183C149_taxID_36090_model	A0A914D235_taxID_290746_model	0.4129
A0A9W8B9V6_taxID_2761393_model_A	A0ABR0JJU7_taxID_1016849_model_A	0.4129
A0A0F7RVY0_taxID_49012_model_A	A0A8H7INQ5_taxID_456999_model	0.4129
A0A250IQN3_taxID_1294270_model_A	A0AAV9V0T6_taxID_1796055_model	0.4128
A0A179HCZ8_taxID_33203_model	Q2H2F5_taxID_306901_model_A	0.4128
A0A8B6BMR6_taxID_29158_model_A	A0ABD2I4S2_taxID_97005_model	0.4128
A0A364MXI7_taxID_183478_model	A0A409YPA9_taxID_231916_model	0.4128
A0A183C149_taxID_36090_model	A0A8S3R6L7_taxID_6550_model_A	0.4128
A0AAD8AV10_taxID_112525_model	A0AAF3FHG4_taxID_2138241_model_A	0.4128
A0A9P3PKR9_taxID_47721_model	W3VU69_taxID_84754_model	0.4128
A0A177WTC8_taxID_403673_model	A0A2N3MXV9_taxID_41688_model_A	0.4128
A0A6J8CL61_taxID_42192_model_A	A0AAE0W2I3_taxID_2493646_model	0.4128
A0A7D5Z204_taxID_500148_model	A0A8H5U0D3_taxID_48490_model_A	0.4128
A0A8B8F0Y1_taxID_6565_model	A0A9D4RA75_taxID_45954_model	0.4127
A0A0K6FZ23_taxID_456999_model	A0A8H8P6Z0_taxID_456999_model	0.4127
A0AAD5DEJ1_taxID_2649997_model	A0ACC1PD21_taxID_42375_model	0.4127
A0A8K0WPV5_taxID_80388_model_A	A0AAD6NB37_taxID_5083_model_A	0.4127
A0A3N0CP77_taxID_661483_model	A0A507FDN0_taxID_246404_model	0.4127
A0A3S0ZXU8_taxID_188477_model	A0A8S3THT1_taxID_6550_model	0.4127
A0A177X0C6_taxID_403673_model	A0A7C8MQB2_taxID_323545_model	0.4127
A0A8H7LLC6_taxID_456999_model_A	A0ABR0JJU7_taxID_1016849_model_A	0.4127
A0AAE8SXX8_taxID_2041049_model_A	A0ACB7PGA3_taxID_1854479_model_A	0.4127
A0A084G098_taxID_563466_model	A0A8H6XYA6_taxID_2733690_model	0.4127
A0A7C8Q0E6_taxID_2813651_model	J0WRI2_taxID_717982_model	0.4127
A0A2N3MXV9_taxID_41688_model_A	A0A8H4QR39_taxID_354080_model_A	0.4126
A0A5N6JRM5_taxID_61186_model	A0A8H5L9I1_taxID_48495_model_A	0.4126
A0A0V1JHS7_taxID_6337_model	A0ABD3VH26_taxID_1069815_model	0.4126
A0A0V1JHS7_taxID_6337_model	A0ABY7EX19_taxID_6604_model	0.4126
A0A0V1JHS7_taxID_6337_model	A0A8S3R6L7_taxID_6550_model_A	0.4126
A0A1H1Q0J6_taxID_546871_model_A	A0A8E0V7V4_taxID_52442_model_A	0.4126
A0AA39HID6_taxID_289476_model	K1QAP4_taxID_29159_model	0.4126
A0A9D4MZZ2_taxID_45954_model	A0AA39HID6_taxID_289476_model	0.4126
A0A6J8DAY9_taxID_42192_model	A0ABY7ESX1_taxID_6604_model	0.4126
A0A9P3CF74_taxID_84275_model	A0ACC1NLV5_taxID_42375_model	0.4126
A0A183I077_taxID_387005_model	A0AC34QHI6_taxID_591449_model	0.4125
A0A0V0TGR2_taxID_144512_model	A0A8S9ZP28_taxID_189291_model	0.4125
A0A0K6FZ23_taxID_456999_model	A0A8H2WDY0_taxID_456999_model	0.4125
A0A9N8ELP9_taxID_568900_model	A0ABP0KF76_taxID_1381693_model_A	0.4125
A0A135T4G4_taxID_703756_model	A0AA37L8J5_taxID_700344_model_A	0.4125
A0A8H4QR39_taxID_354080_model_A	A0A9W8B9V6_taxID_2761393_model_A	0.4124
A0A2S6BQA0_taxID_357750_model	A0A364MXI7_taxID_183478_model	0.4124
A0A0K6FPV3_taxID_456999_model	A0A5N5QPM2_taxID_1582974_model	0.4124
A0A0V1ESS6_taxID_6337_model	A0A8S9ZP28_taxID_189291_model	0.4124
A0A914W9Q0_taxID_2011161_model	A0ABY7EX19_taxID_6604_model	0.4124
A0A135T4G4_taxID_703756_model	A0A8H3BPP3_taxID_456999_model	0.4124
A0A285BU58_taxID_44577_model_A	A0A2K8T4N2_taxID_2038116_model_A	0.4124
A0A074RXE5_taxID_1423351_model_A	A0A0F7RVY0_taxID_49012_model_A	0.4123
A0A084FV70_taxID_563466_model_A	R0ISP9_taxID_671987_model	0.4123
A0A1I7VEA5_taxID_7209_model	A0ABD2LAM1_taxID_157864_model	0.4123
A0A1K0HF59_taxID_307758_model_A	A0A8H8PB78_taxID_456999_model	0.4123
A0A3S0ZXU8_taxID_188477_model	A0A8B6CPY6_taxID_29158_model_A	0.4123
A0A4P9X7U9_taxID_1555241_model	A0A8H7B393_taxID_1187904_model_A	0.4123
A0A1X7RRH8_taxID_1276538_model_A	A0ABR3V8J2_taxID_85995_model	0.4122
A0A5S6QIU3_taxID_70415_model	A0A6J8BR51_taxID_42192_model_A	0.4122
A0A1F8A6I4_taxID_109264_model_A	A0ACC1NLV5_taxID_42375_model	0.4122
A0A5S6QIU3_taxID_70415_model	A0A8B6CPY6_taxID_29158_model_A	0.4122
A0A8H4QR39_taxID_354080_model_A	A0A8H7E8W0_taxID_1187904_model	0.4121
A0A7S0FYS9_taxID_73915_model	A0A7S2JHQ4_taxID_1333877_model	0.4121
A0A7C8Q0E6_taxID_2813651_model	A0A8K0WPV5_taxID_80388_model_A	0.4121
A0A7C8MWQ0_taxID_323545_model_A	R0ISP9_taxID_671987_model	0.4121
A0A6J8CIJ8_taxID_42192_model	A0A8B6BKM4_taxID_29158_model_A	0.4121
A0A8B6G9L0_taxID_29158_model_A	A0A8S3V8L1_taxID_6550_model	0.4121
A0A6J8DAY9_taxID_42192_model	A0AA88YDI9_taxID_66713_model	0.4121
A0A0V1KR57_taxID_6335_model	A0A238C4W2_taxID_387005_model	0.4121
A0A8H7B393_taxID_1187904_model_A	J0WRI2_taxID_717982_model	0.4121
A0A1V6QQ78_taxID_416450_model	A0AAV9V0T6_taxID_1796055_model	0.4120
A0A179HCZ8_taxID_33203_model	A0A8K0WPV5_taxID_80388_model_A	0.4120
A0A914W9Q0_taxID_2011161_model	A0ABD2I4S2_taxID_97005_model	0.4120
B5RHR0_taxID_515355_model_A	F6WL94_taxID_7719_model	0.4120
A0A8H7B393_taxID_1187904_model_A	A0A9P3PKR9_taxID_47721_model	0.4120
A0A183C149_taxID_36090_model	A0A8B6G957_taxID_29158_model_A	0.4120
A0A3P7DNC2_taxID_6293_model	A0A914E549_taxID_290746_model	0.4120
A0A8S4QC54_taxID_6347_model	A0A9D4MZZ2_taxID_45954_model	0.4120
A0A0N4SWM8_taxID_6280_model	A0ABD3VH26_taxID_1069815_model	0.4120
A0A139HFA6_taxID_321146_model_A	A0A7C8Q0E6_taxID_2813651_model	0.4120
A0A8H7E8W0_taxID_1187904_model	A0AAD6NB37_taxID_5083_model_A	0.4120
A0A8H2WDY0_taxID_456999_model	A0A8H3DZ25_taxID_456999_model_A	0.4120
A0A135T4G4_taxID_703756_model	A0AAQ3LZX8_taxID_150365_model	0.4120
A0A2A6BT42_taxID_54126_model	A0A8S3R6L7_taxID_6550_model_A	0.4119
A0A2A6BT42_taxID_54126_model	A0A8B6G9L0_taxID_29158_model_A	0.4119
A0A409WEP5_taxID_231916_model_A	A0A9N8JDS5_taxID_2773715_model_A	0.4119
A0ABR0JJU7_taxID_1016849_model_A	R9PI15_taxID_1305764_model_A	0.4119
A0A183C149_taxID_36090_model	A0A6J8DAY9_taxID_42192_model	0.4119
A0A9P6GFF6_taxID_565426_model_A	A0ACC2IIZ4_taxID_749465_model	0.4119
A0ABQ8FRP3_taxID_1357716_model_A	A0ABR3V8J2_taxID_85995_model	0.4119
A0ABQ0M0Y9_taxID_658473_model_A	J0WRI2_taxID_717982_model	0.4119
A0A084FV70_taxID_563466_model_A	W6ZHH7_taxID_930090_model	0.4118
A0A6G1HLY0_taxID_703511_model_A	F0X9X8_taxID_655863_model	0.4118
A0A5S6QIU3_taxID_70415_model	A0A8S9ZP28_taxID_189291_model	0.4118
A0A1I9G629_taxID_6279_model	A0A914D235_taxID_290746_model	0.4118
A0A5M9J7X0_taxID_38448_model	A0A8H7B393_taxID_1187904_model_A	0.4118
A0A9D4J8T5_taxID_45954_model	A0AAN4ZCE4_taxID_1317129_model	0.4117
A0AB34FH03_taxID_1247861_model	A0ABR4KUJ7_taxID_1810923_model	0.4117
A0A0G4N7R0_taxID_100787_model	A0ACC1NLV5_taxID_42375_model	0.4117
A0A4S4M1Y3_taxID_1095465_model_A	A0A8H7LVB4_taxID_456999_model	0.4117
A0A4S4M1Y3_taxID_1095465_model_A	A0A8H8P6Z0_taxID_456999_model	0.4117
A0A177WTC8_taxID_403673_model	A0AAD5SCX3_taxID_64517_model	0.4117
A0A135T4G4_taxID_703756_model	A0ABQ0M0Y9_taxID_658473_model_A	0.4117
A0A8H7EE27_taxID_1187904_model	A0ABR3V8J2_taxID_85995_model	0.4116
A0A139HFA6_taxID_321146_model_A	W6ZHH7_taxID_930090_model	0.4116
A0A8S3R6L7_taxID_6550_model_A	A0ABQ9EAR7_taxID_220873_model	0.4116
A0A8J1T8Q4_taxID_6347_model	A0ABQ9EAR7_taxID_220873_model	0.4116
A0A5S6QIU3_taxID_70415_model	A0A8B6G957_taxID_29158_model_A	0.4116
A0ABW7AQ69_taxID_3351344_model	F4NVT9_taxID_684364_model	0.4116
A0AA37L8J5_taxID_700344_model_A	A0AAD4FBU9_taxID_669026_model_A	0.4116
A0A3B0YDV7_taxID_652676_model_A	A0A6J4QLW3_taxID_349277_model_A	0.4116
A0A085M8H3_taxID_68888_model	A0A8S9ZP28_taxID_189291_model	0.4115
A0A1I7VBE5_taxID_7209_model	A0A3S0ZXU8_taxID_188477_model	0.4115
A0A8S3R6L7_taxID_6550_model_A	A0A8S3SWK0_taxID_6550_model	0.4115
A0A1Y1HT28_taxID_105231_model	A0A835YKM2_taxID_303371_model	0.4115
A0A210R253_taxID_6573_model	A0ABQ9EAR7_taxID_220873_model	0.4115
A0A409YPA9_taxID_231916_model	A0A8H7LLC6_taxID_456999_model_A	0.4115
A0A2S6BQA0_taxID_357750_model	A0A409YPA9_taxID_231916_model	0.4115
A0A0V0S806_taxID_6336_model	A0A8S3THT1_taxID_6550_model	0.4115
A0A6A4NQJ9_taxID_3870_model	A0A7S7SGR7_taxID_1473598_model	0.4115
A0A9P3CF74_taxID_84275_model	R0ISP9_taxID_671987_model	0.4115
A0A8H4YZH8_taxID_48485_model	A0ABR0JJU7_taxID_1016849_model_A	0.4115
A0A8S4QC54_taxID_6347_model	A0ABY7ESX1_taxID_6604_model	0.4115
A0A0C3F7Q7_taxID_765440_model	A0A8H2WDY0_taxID_456999_model	0.4115
A0A3S0ZXU8_taxID_188477_model	A0AAD8AV10_taxID_112525_model	0.4115
A0A183C149_taxID_36090_model	A0ABY7ESX1_taxID_6604_model	0.4115
A0A8H3D1S1_taxID_456999_model	A0AAD4FBU9_taxID_669026_model_A	0.4115
A0A418AQE9_taxID_157072_model	T0PU14_taxID_1156394_model	0.4115
A0A139HFA6_taxID_321146_model_A	A0A2G7FTM7_taxID_656916_model_A	0.4114
A0A084FV70_taxID_563466_model_A	A0AAN5YGU4_taxID_293939_model	0.4114
A0A914W9Q0_taxID_2011161_model	A0AA36DH95_taxID_96644_model_A	0.4114
A0A8H4RXW4_taxID_354080_model_A	A0ABQ0M0Y9_taxID_658473_model_A	0.4114
A0A2G7FTM7_taxID_656916_model_A	W6Y2N7_taxID_930089_model	0.4113
A0A4Q2D856_taxID_2316362_model	A0A8H6GM20_taxID_100902_model	0.4113
A0A0V0TGR2_taxID_144512_model	A0A8B6CPY6_taxID_29158_model_A	0.4113
A0A914MBW5_taxID_6306_model	A0AA36CWW9_taxID_96644_model	0.4113
A0A915I8K9_taxID_13658_model	A0ABY7EX19_taxID_6604_model	0.4113
A0A0V1ESS6_taxID_6337_model	A0A8B6G9L0_taxID_29158_model_A	0.4113
A0A813K9V7_taxID_89957_model	A0A9N8ELP9_taxID_568900_model	0.4112
A0A0V0S806_taxID_6336_model	A0A8S9ZP28_taxID_189291_model	0.4112
A0A8J2X377_taxID_35677_model	F0Y9F1_taxID_44056_model	0.4112
A0A409YPA9_taxID_231916_model	F0XF66_taxID_655863_model	0.4112
A0A0V1DE70_taxID_45882_model	A0A915K057_taxID_13658_model	0.4112
A0AA88AFA7_taxID_3494_model_A	A0AAE3YLB9_taxID_137266_model_A	0.4112
A0A0V0YE73_taxID_6337_model	A0A8B6G9L0_taxID_29158_model_A	0.4112
A0A409WEP5_taxID_231916_model_A	A0AA37L8J5_taxID_700344_model_A	0.4112
A0A8H8PB78_taxID_456999_model	I2FTP4_taxID_120017_model_A	0.4112
A0A507EXS7_taxID_246404_model	A0A8H5UJH2_taxID_48507_model_A	0.4112
A0A409YPA9_taxID_231916_model	A0A6A5SIC2_taxID_706981_model	0.4111
A0A077ZGT3_taxID_36087_model	A0A0B2VVI5_taxID_6265_model	0.4111
A0A0F7RVY0_taxID_49012_model_A	A0A0G2GEG2_taxID_420778_model_A	0.4111
A0A8J1T8Q4_taxID_6347_model	A0ABY7EVT9_taxID_6604_model	0.4110
A0A0V1JHS7_taxID_6337_model	A0A8R1TKI8_taxID_6282_model	0.4110
A0A8X6KWP2_taxID_2740835_model	A0AAJ8BCI9_taxID_8187_model	0.4110
A0A409YPA9_taxID_231916_model	A0A8H3H4T7_taxID_456999_model	0.4110
A0A0G4N7R0_taxID_100787_model	A0A2N3MXV9_taxID_41688_model_A	0.4110
A0A8H7E8W0_taxID_1187904_model	A0ABR1WCT8_taxID_335842_model	0.4110
A0A8W8J4S3_taxID_29159_model	A0A914S644_taxID_6256_model	0.4110
A0A915KKL6_taxID_13658_model	A0AAF3EKL4_taxID_2138241_model	0.4110
A0A3M6T5K9_taxID_46731_model	A0ABQ9DKS8_taxID_1566151_model	0.4110
A0A9D4MZZ2_taxID_45954_model	W6NCB7_taxID_6289_model	0.4110
A0A0P7APX3_taxID_78410_model	A0A365MYK5_taxID_948311_model_A	0.4110
A0A2G7FTM7_taxID_656916_model_A	A0A8H6XYA6_taxID_2733690_model	0.4109
A0A2A6BT42_taxID_54126_model	A0A915DFA9_taxID_166011_model	0.4109
A0A6J8DAY9_taxID_42192_model	A0A915N8X1_taxID_6303_model	0.4109
A0A4U0XX60_taxID_329884_model	F0X9X8_taxID_655863_model	0.4109
A0A0B2VVI5_taxID_6265_model	A0A5S6QIU3_taxID_70415_model	0.4109
A0AAD5UGL0_taxID_261099_model	I2FTP4_taxID_120017_model_A	0.4109
A0A8H3BPP3_taxID_456999_model	A0AA37L8J5_taxID_700344_model_A	0.4109
A0A1K0HF59_taxID_307758_model_A	A0A8H3H4T7_taxID_456999_model	0.4109
A0A179HCZ8_taxID_33203_model	A0A7C8MWQ0_taxID_323545_model_A	0.4108
A0A016T0A5_taxID_53326_model	A0A1I9G629_taxID_6279_model	0.4108
A0A6J8CL61_taxID_42192_model_A	A0A9D4MZZ2_taxID_45954_model	0.4108
A0A1G5SEQ3_taxID_51642_model_A	A0A8J1T8Q4_taxID_6347_model	0.4108
A0A0N4SWM8_taxID_6280_model	A0A1I7VBE5_taxID_7209_model	0.4107
A0A7D9J5S3_taxID_317549_model	A0ACC2TVV6_taxID_34485_model	0.4107
A0A915N8X1_taxID_6303_model	A0A9J2Q8W3_taxID_6252_model	0.4107
A0A8B6CNP6_taxID_29158_model	A0A914W9Q0_taxID_2011161_model	0.4107
A0A396RNU1_taxID_2305907_model	A0A6A4NQJ9_taxID_3870_model	0.4107
A0A0E0PEB1_taxID_4529_model	A0ABS1MHS4_taxID_2802282_model_A	0.4107
A0A915I8K9_taxID_13658_model	A0A915JY09_taxID_13658_model	0.4107
A0A0V1DE70_taxID_45882_model	A0AA39HID6_taxID_289476_model	0.4106
A0A0G2GEG2_taxID_420778_model_A	A0ABQ8FRP3_taxID_1357716_model_A	0.4106
A0A0N4SWM8_taxID_6280_model	A0A915MQ42_taxID_6303_model	0.4106
A0A8J1T8Q4_taxID_6347_model	A0A8J1UW52_taxID_6347_model	0.4106
A0ABY8UIN7_taxID_3088_model	S8ARG7_taxID_1284197_model	0.4106
A0A364L5W2_taxID_1196081_model	W6Y2N7_taxID_930089_model	0.4105
A0ABY7EVT9_taxID_6604_model	W6NCB7_taxID_6289_model	0.4105
A0A1V6PRI1_taxID_416450_model	A0A364MXI7_taxID_183478_model	0.4105
A0A3M6T5K9_taxID_46731_model	A0A9W3GC27_taxID_9837_model	0.4105
A0A0B2VVI5_taxID_6265_model	A0AA39HID6_taxID_289476_model	0.4105
A0A0V0TGR2_taxID_144512_model	A0A8B6CNP6_taxID_29158_model	0.4105
A0A0A1UJW0_taxID_1086054_model	A0A4S4M1Y3_taxID_1095465_model_A	0.4105
A0A3S0ZXU8_taxID_188477_model	A0A8B6G957_taxID_29158_model_A	0.4105
A0A163KNP0_taxID_5454_model_A	S3CMF3_taxID_1116229_model	0.4105
A0A084G098_taxID_563466_model	B2VY53_taxID_426418_model	0.4105
A0A0V0S806_taxID_6336_model	A0A8B6G9L0_taxID_29158_model_A	0.4105
A0A163KNP0_taxID_5454_model_A	A0A1V6PRI1_taxID_416450_model	0.4105
A0A085M8H3_taxID_68888_model	A0A8B6G9L0_taxID_29158_model_A	0.4104
A0A3S0ZXU8_taxID_188477_model	A0ABY7EVT9_taxID_6604_model	0.4104
A0A0G2GEG2_taxID_420778_model_A	A0A1S9S186_taxID_104259_model	0.4104
A0A915N8X1_taxID_6303_model	A0ABQ9EAR7_taxID_220873_model	0.4104
A0A8R1TKI8_taxID_6282_model	A0A915MQ42_taxID_6303_model	0.4104
A0A8J1XGG3_taxID_6347_model	A0AA36DH95_taxID_96644_model_A	0.4104
A0A1F8A6I4_taxID_109264_model_A	A0A8H5UJH2_taxID_48507_model_A	0.4104
A0A163KNP0_taxID_5454_model_A	A0A2G7FYG7_taxID_656916_model_A	0.4104
A0A1X7RRH8_taxID_1276538_model_A	A0AA37L8J5_taxID_700344_model_A	0.4104
A0A8K0WPV5_taxID_80388_model_A	A0A9P3PKR9_taxID_47721_model	0.4103
A0A024UP64_taxID_157072_model	A0A6G0X2P4_taxID_100861_model_A	0.4103
A0A8B6G9L0_taxID_29158_model_A	A0AAF3EKL4_taxID_2138241_model	0.4103
A0A8B8ESA4_taxID_6565_model_A	W6NCB7_taxID_6289_model	0.4103
A0A8H3H4T7_taxID_456999_model	I2FTP4_taxID_120017_model_A	0.4103
A0A1V6PRI1_taxID_416450_model	A0A8H4RXW4_taxID_354080_model_A	0.4103
A0A409YPA9_taxID_231916_model	A0ABQ8FRP3_taxID_1357716_model_A	0.4102
A0A2N3MXV9_taxID_41688_model_A	R0ISP9_taxID_671987_model	0.4102
A0A135T4G4_taxID_703756_model	A0A5M9J7X0_taxID_38448_model	0.4102
A0A177WTC8_taxID_403673_model	A0AA37L8J5_taxID_700344_model_A	0.4102
A0A1I4RJF6_taxID_44574_model_A	A0A8H3DZ25_taxID_456999_model_A	0.4102
A0A418AQE9_taxID_157072_model	T0PNV2_taxID_1156394_model	0.4101
A0A7J7J2C8_taxID_10212_model	A0ABM1VVY2_taxID_6500_model	0.4101
A0A4Q2V7C7_taxID_451672_model	A0ACC1PQ96_taxID_42375_model	0.4101
A0A166CKA0_taxID_1314776_model	A0A8S3SWK0_taxID_6550_model	0.4101
A0A0V1KR57_taxID_6335_model	A0A8R1TKI8_taxID_6282_model	0.4101
A0A135T4G4_taxID_703756_model	A0A8H4YZH8_taxID_48485_model	0.4101
A0A6J8ENF3_taxID_42192_model_A	A0A915I8K9_taxID_13658_model	0.4101
A0A0F8A0A1_taxID_1043627_model	A0A365MYK5_taxID_948311_model_A	0.4101
A0A8B6G957_taxID_29158_model_A	A0ABD2I4S2_taxID_97005_model	0.4100
A0A8S3R6L7_taxID_6550_model_A	A0ABD2I4S2_taxID_97005_model	0.4100
A0A4U7KZ21_taxID_280036_model_A	A0A8H3A1U9_taxID_456999_model	0.4100
A0A0V0TGR2_taxID_144512_model	A0A8R1TKI8_taxID_6282_model	0.4100
A0A8B6G957_taxID_29158_model_A	A0A8S3SWK0_taxID_6550_model	0.4100
A0A1V9YE51_taxID_74557_model	A0A485L8F1_taxID_120398_model	0.4100
A0A1F8A6I4_taxID_109264_model_A	J0WRI2_taxID_717982_model	0.4100
A0A4S4M1Y3_taxID_1095465_model_A	A0AA39UQR7_taxID_153913_model_A	0.4100
A0A0C3F7Q7_taxID_765440_model	A0A8H3A1U9_taxID_456999_model	0.4100
A0A163KNP0_taxID_5454_model_A	A0ABR3UFL0_taxID_48095_model	0.4100
A0AA37L8J5_taxID_700344_model_A	F9FW19_taxID_660025_model_A	0.4100
A0A2A6BT42_taxID_54126_model	A0A3S0ZXU8_taxID_188477_model	0.4099
A0A8J2X377_taxID_35677_model	A0ABR1FXH8_taxID_44056_model	0.4099
A0A8H4EHU7_taxID_4874_model	A0A9Q6S7U7_taxID_75105_model	0.4099
A0A1X6PIR8_taxID_2786_model	A0ACC3C5E3_taxID_2788_model	0.4098
A0A1X7RRH8_taxID_1276538_model_A	A0A4P9X7U9_taxID_1555241_model	0.4098
A0A2P5YJV4_taxID_3634_model_A	A0ABR6YEY6_taxID_2762297_model_A	0.4098
A0A2A6BT42_taxID_54126_model	A0A8B6BMR6_taxID_29158_model_A	0.4098
A0A0V1BIN6_taxID_6334_model	A0A8S3THT1_taxID_6550_model	0.4098
A0A8H3D1S1_taxID_456999_model	A0ABQ8EZ86_taxID_1357716_model	0.4098
A0A8J1T8Q4_taxID_6347_model	A0ABY7ESX1_taxID_6604_model	0.4098
A0A2G7FYG7_taxID_656916_model_A	A0AA37L8J5_taxID_700344_model_A	0.4098
A0A3S0ZXU8_taxID_188477_model	A0A6J8CL61_taxID_42192_model_A	0.4098
A0A1V6PRI1_taxID_416450_model	A0A317XLV9_taxID_1882483_model	0.4098
A0A8H7EE27_taxID_1187904_model	F9F9P2_taxID_660025_model	0.4097
A0A0A1UJW0_taxID_1086054_model	A0ACC2TVV6_taxID_34485_model	0.4097
A0A8J1XGG3_taxID_6347_model	A0A8S4Q9N2_taxID_6347_model_A	0.4097
A0A8S3R6L7_taxID_6550_model_A	A0A915I8K9_taxID_13658_model	0.4097
A0A077ZGT3_taxID_36087_model	A0A6J8BR51_taxID_42192_model_A	0.4097
A0A7C8MWQ0_taxID_323545_model_A	N4XMY1_taxID_665024_model	0.4097
A0A0A1UJW0_taxID_1086054_model	A0A1K0HF59_taxID_307758_model_A	0.4097
A0A9P7UD37_taxID_1209932_model	A0ABR4K145_taxID_176178_model	0.4097
A0A177WTC8_taxID_403673_model	A0ABN8LLM9_taxID_104178_model_A	0.4097
A0A2G7FTM7_taxID_656916_model_A	A0A8H4RXW4_taxID_354080_model_A	0.4096
A0A077ZGT3_taxID_36087_model	A0A8B6G957_taxID_29158_model_A	0.4096
A0A7C8MWQ0_taxID_323545_model_A	A0A8H7B393_taxID_1187904_model_A	0.4096
A0A0V0YE73_taxID_6337_model	A0A8R1TKI8_taxID_6282_model	0.4096
A0A8B6BKM4_taxID_29158_model_A	A0A915I8K9_taxID_13658_model	0.4096
A0A084FV70_taxID_563466_model_A	A0A2S6BQA0_taxID_357750_model	0.4096
A0A8H5UJH2_taxID_48507_model_A	A0A8H6GM20_taxID_100902_model	0.4096
A0A507EXS7_taxID_246404_model	W3VU69_taxID_84754_model	0.4096
A0A2N3MXV9_taxID_41688_model_A	W6ZHH7_taxID_930090_model	0.4095
A0A074RXE5_taxID_1423351_model_A	I2FTP4_taxID_120017_model_A	0.4095
A0A9P9JQC5_taxID_48865_model_A	A0ABR1WCT8_taxID_335842_model	0.4095
A0A8H3A1U9_taxID_456999_model	A0ABR2XFG3_taxID_138064_model_A	0.4095
A0A183C149_taxID_36090_model	A0A9D4MZZ2_taxID_45954_model	0.4095
A0A8H3D1S1_taxID_456999_model	A0AA37L8J5_taxID_700344_model_A	0.4095
A0A8H8PB78_taxID_456999_model	A0ACC2TVV6_taxID_34485_model	0.4094
A0A915MQ42_taxID_6303_model	A0AAF5PZK9_taxID_6293_model	0.4094
A0AAF5PZK9_taxID_6293_model	W6NCB7_taxID_6289_model	0.4094
A0A9P3PKR9_taxID_47721_model	A0ABR3V8J2_taxID_85995_model	0.4094
A0A077ZGT3_taxID_36087_model	A0A8R1TKI8_taxID_6282_model	0.4094
A0A135T4G4_taxID_703756_model	A0A4U7KZ21_taxID_280036_model_A	0.4094
A0A2A6BT42_taxID_54126_model	A0A8S3SWK0_taxID_6550_model	0.4094
A0A0V1G4S3_taxID_6337_model	A0A8B6G957_taxID_29158_model_A	0.4094
A0AA36CWW9_taxID_96644_model	A0ABD2LAM1_taxID_157864_model	0.4094
A0A8B6GSA5_taxID_29158_model	A0A8B8F0Y1_taxID_6565_model	0.4093
A0A0V1KD92_taxID_6337_model	A0A8R1TKI8_taxID_6282_model	0.4093
A0AA88XKK9_taxID_66713_model	A0AA88YDI9_taxID_66713_model	0.4093
A0A0V1G4S3_taxID_6337_model	A0A8B6BKM4_taxID_29158_model_A	0.4093
A0ABD3VH26_taxID_1069815_model	K1QAP4_taxID_29159_model	0.4093
A0A0V1JHS7_taxID_6337_model	A0AC34QHI6_taxID_591449_model	0.4092
A0A8J3MXC0_taxID_2778364_model	A0ABX2C6M7_taxID_2675748_model	0.4092
A0A8B6GYH0_taxID_29158_model_A	A0A915I8K9_taxID_13658_model	0.4092
A0A067C156_taxID_695850_model_A	W4H175_taxID_112090_model	0.4092
A0A484G057_taxID_1213857_model	E3REK7_taxID_861557_model	0.4092
A0A1I7VEA5_taxID_7209_model	A0A915I8K9_taxID_13658_model	0.4092
A0A3B0YDV7_taxID_652676_model_A	A0ABR0JJU7_taxID_1016849_model_A	0.4092
A0A139HFA6_taxID_321146_model_A	F9F9P2_taxID_660025_model	0.4092
A0A0V1G4S3_taxID_6337_model	A0ABD3VH26_taxID_1069815_model	0.4092
A0A6J8CL61_taxID_42192_model_A	A0ABD2I4S2_taxID_97005_model	0.4091
A0A1V6PRI1_taxID_416450_model	A0AAN5YGU4_taxID_293939_model	0.4091
A0A8S4QC54_taxID_6347_model	A0AA88YDI9_taxID_66713_model	0.4091
A0AA39UQR7_taxID_153913_model_A	I2FTP4_taxID_120017_model_A	0.4091
A0A085M8H3_taxID_68888_model	A0A0B2VVI5_taxID_6265_model	0.4090
A0A409WEP5_taxID_231916_model_A	A0A8H5L9I1_taxID_48495_model_A	0.4090
A0A2S6BQA0_taxID_357750_model	W6ZHH7_taxID_930090_model	0.4090
A0A4R8T272_taxID_1347389_model	A0A8H6GM20_taxID_100902_model	0.4090
A0A8B6GYH0_taxID_29158_model_A	A0AA36CWW9_taxID_96644_model	0.4090
A0A2G7FYG7_taxID_656916_model_A	A0ACC2IQ67_taxID_749465_model_A	0.4090
A0A6J8CIJ8_taxID_42192_model	A0A915N8X1_taxID_6303_model	0.4090
A0A084FV70_taxID_563466_model_A	B2VY53_taxID_426418_model	0.4090
A0A364MXI7_taxID_183478_model	A0A9P3CF74_taxID_84275_model	0.4089
A0A238C4W2_taxID_387005_model	A0A8S9ZP28_taxID_189291_model	0.4089
A0A812JR76_taxID_1628268_model	A0AAD9QB69_taxID_6130_model	0.4089
A0A183C149_taxID_36090_model	A0ABQ9EAR7_taxID_220873_model	0.4089
A0A135T4G4_taxID_703756_model	A0ABR1WCT8_taxID_335842_model	0.4089
A0A2K8T4N2_taxID_2038116_model_A	A0AA42B8L4_taxID_1215918_model	0.4089
A0A0G4N7R0_taxID_100787_model	A0A8H3H4T7_taxID_456999_model	0.4089
A0A9D4MZZ2_taxID_45954_model	A0AA88XKK9_taxID_66713_model	0.4089
A0A183C149_taxID_36090_model	A0A8B6G9L0_taxID_29158_model_A	0.4089
A0A914W9Q0_taxID_2011161_model	A0A915JY09_taxID_13658_model	0.4089
A0A163KNP0_taxID_5454_model_A	J0WRI2_taxID_717982_model	0.4089
A0A0F4GBJ7_taxID_1047168_model	A0A1I4VE96_taxID_44574_model_A	0.4088
A0A8R1TKI8_taxID_6282_model	A0AA39HID6_taxID_289476_model	0.4088
A0A8B6CNP6_taxID_29158_model	A0A9D4MZZ2_taxID_45954_model	0.4088
A0A8S3RHI5_taxID_6550_model_A	A0A914S644_taxID_6256_model	0.4088
A0ABR0JJU7_taxID_1016849_model_A	A0ABR3V8J2_taxID_85995_model	0.4088
A0A0R3RX42_taxID_1147741_model_A	A0A0V1G4S3_taxID_6337_model	0.4088
A0A0V1JHS7_taxID_6337_model	A0A6J8AZI7_taxID_42192_model	0.4087
A0A077ZGT3_taxID_36087_model	A0ABD3VH26_taxID_1069815_model	0.4087
A0A6J8ENF3_taxID_42192_model_A	A0A8S3THT1_taxID_6550_model	0.4087
A0A8S3RHI5_taxID_6550_model_A	A0ACC3CDQ3_taxID_2788_model	0.4087
A0A0V1BIN6_taxID_6334_model	A0A8R1TKI8_taxID_6282_model	0.4087
A0A8E0V7V4_taxID_52442_model_A	A0AA88YDI9_taxID_66713_model	0.4087
A0A409WEP5_taxID_231916_model_A	A0AAD6NB37_taxID_5083_model_A	0.4087
A0A4Q2D856_taxID_2316362_model	A0A8H6ZUP2_taxID_5322_model_A	0.4086
A0A0K6FZ23_taxID_456999_model	A0A8H7H787_taxID_456999_model	0.4086
A0A4R8T272_taxID_1347389_model	A0A9P3PKR9_taxID_47721_model	0.4086
A0A2G7FYG7_taxID_656916_model_A	A0A7C8MWQ0_taxID_323545_model_A	0.4086
A0A0V1DE70_taxID_45882_model	A0AC34QHI6_taxID_591449_model	0.4086
A0A139HFA6_taxID_321146_model_A	N4XMY1_taxID_665024_model	0.4086
B5RHQ6_taxID_515353_model	P56826_taxID_6610_model	0.4086
A0A1Y2CS79_taxID_329046_model	A0A9P6HVN3_taxID_1095194_model	0.4086
A0A6J8ENF3_taxID_42192_model_A	K1QAP4_taxID_29159_model	0.4086
A0A0V1DE70_taxID_45882_model	A0AAN8JKH5_taxID_87958_model	0.4085
A0A6J8DAY9_taxID_42192_model	A0A9D4RA75_taxID_45954_model	0.4085
A0A084G098_taxID_563466_model	A0A9P3CF74_taxID_84275_model	0.4085
A0A9K3LNV3_taxID_303405_model	A0ABN8LLM9_taxID_104178_model_A	0.4085
A0A0V1DE70_taxID_45882_model	A0A8R1TKI8_taxID_6282_model	0.4084
A0A0R3RX42_taxID_1147741_model_A	W2TLA4_taxID_51031_model	0.4084
A0A8H4RXW4_taxID_354080_model_A	A0ACC1NLV5_taxID_42375_model	0.4084
A0A0V1I3Y0_taxID_268475_model	A0A6J8ENF3_taxID_42192_model_A	0.4084
A0A8H4QR39_taxID_354080_model_A	A0ABR4BR18_taxID_86028_model	0.4083
A0A0G4N7R0_taxID_100787_model	W6Y2N7_taxID_930089_model	0.4083
A0A8S3PWU5_taxID_6550_model	A0AA39HID6_taxID_289476_model	0.4083
A0A0V0TGR2_taxID_144512_model	A0A6J8CL61_taxID_42192_model_A	0.4083
A0A6J8CIJ8_taxID_42192_model	A0ACC3CB14_taxID_2788_model	0.4083
A0A914E549_taxID_290746_model	A0ABD3VH26_taxID_1069815_model	0.4083
A0AB34FH03_taxID_1247861_model	A0ABQ0CQG4_taxID_79588_model_A	0.4083
A0A0V1G4S3_taxID_6337_model	A0A8R1TKI8_taxID_6282_model	0.4083
A0A2G8L6J4_taxID_307972_model	A0ABM1VVY2_taxID_6500_model	0.4083
A0A0F4GBJ7_taxID_1047168_model	A0ABW7AQ69_taxID_3351344_model	0.4082
A0A1I7VBE5_taxID_7209_model	A0ABN8LLM9_taxID_104178_model_A	0.4082
A0A1X6PIR8_taxID_2786_model	A0A4Q2D856_taxID_2316362_model	0.4082
A0A166CKA0_taxID_1314776_model	A0AB34FH03_taxID_1247861_model	0.4082
A0A177WTC8_taxID_403673_model	A0ABR4NFV2_taxID_2732419_model_A	0.4082
A0A1X6PIR8_taxID_2786_model	A0A317XLV9_taxID_1882483_model	0.4081
A0ABD3VH26_taxID_1069815_model	A0ACC2TVV6_taxID_34485_model	0.4081
A0A2D0NGI4_taxID_1122177_model	A0ACC2TVV6_taxID_34485_model	0.4081
A0A4R8T272_taxID_1347389_model	A0ABR3UFL0_taxID_48095_model	0.4081
A0A0V0YE73_taxID_6337_model	A0A8B6CNP6_taxID_29158_model	0.4081
A0A1Y2CS79_taxID_329046_model	A0A8H4QR39_taxID_354080_model_A	0.4081
A0A8H7B393_taxID_1187904_model_A	A0A8K0RUZ8_taxID_61284_model_A	0.4081
A0A177WTC8_taxID_403673_model	R9PI15_taxID_1305764_model_A	0.4081
A0A2N8UKW6_taxID_72559_model_A	A0A317XLV9_taxID_1882483_model	0.4080
A0A2A6BT42_taxID_54126_model	A0A8B8F0Y1_taxID_6565_model	0.4080
A0A4R8T272_taxID_1347389_model	J0WRI2_taxID_717982_model	0.4080
A0A6J8CIJ8_taxID_42192_model	A0A9W8TQN1_taxID_114810_model	0.4080
A0A6J8CL61_taxID_42192_model_A	A0A8S3THT1_taxID_6550_model	0.4080
A0A163KNP0_taxID_5454_model_A	Q2H2F5_taxID_306901_model_A	0.4080
A0A8H8PB78_taxID_456999_model	A0AA37L8J5_taxID_700344_model_A	0.4080
A0A8X6KWP2_taxID_2740835_model	A0ACC2TVV6_taxID_34485_model	0.4079
A0AAD5TY19_taxID_447962_model	A0ABQ8FRP3_taxID_1357716_model_A	0.4079
A0A074ZDD7_taxID_6198_model	A0ACC2HA47_taxID_75939_model	0.4079
A0A1I9G629_taxID_6279_model	A0A914E549_taxID_290746_model	0.4079
A0ACC2IIZ4_taxID_749465_model	A0ACC2IRA4_taxID_749465_model	0.4079
A0A4U7KZ21_taxID_280036_model_A	A0A8H5UJH2_taxID_48507_model_A	0.4079
A0A8R1TKI8_taxID_6282_model	A0AC34QHI6_taxID_591449_model	0.4079
A0AAN5YGU4_taxID_293939_model	J0WRI2_taxID_717982_model	0.4079
A0A0V0YE73_taxID_6337_model	A0AAD8AV10_taxID_112525_model	0.4079
A0A8H4RXW4_taxID_354080_model_A	E3REK7_taxID_861557_model	0.4079
A0A137P4M5_taxID_796925_model	A0ABQ8FRP3_taxID_1357716_model_A	0.4079
A0A5S6QIU3_taxID_70415_model	A0A6J8ENF3_taxID_42192_model_A	0.4079
A0A8H4QR39_taxID_354080_model_A	A0ABQ0M0Y9_taxID_658473_model_A	0.4078
A0A177WTC8_taxID_403673_model	A0A409YPA9_taxID_231916_model	0.4078
A0A2A6BT42_taxID_54126_model	A0A8B6G957_taxID_29158_model_A	0.4078
A0AA37L8J5_taxID_700344_model_A	A0ABQ8FRP3_taxID_1357716_model_A	0.4078
A0ABN8LP07_taxID_104178_model	A0ABN8N3E0_taxID_104178_model	0.4078
A0A085M8H3_taxID_68888_model	A0A8B6CPY6_taxID_29158_model_A	0.4077
A0A0V0TGR2_taxID_144512_model	A0A8B6GYH0_taxID_29158_model_A	0.4077
A0A484G057_taxID_1213857_model	A0A9P6IHM1_taxID_1095194_model	0.4077
A0A409YPA9_taxID_231916_model	A0A484G057_taxID_1213857_model	0.4077
A0A8B6CNP6_taxID_29158_model	A0A8B8D4J3_taxID_6565_model	0.4077
A0A6J8CIJ8_taxID_42192_model	A0A8B6BMR6_taxID_29158_model_A	0.4077
A0A238C4W2_taxID_387005_model	A0A8J1XGG3_taxID_6347_model	0.4077
A0A163KNP0_taxID_5454_model_A	A0A8H7EGD0_taxID_1187904_model	0.4077
A0A9D2WSC4_taxID_182264_model_A	A0ABP6PWQ7_taxID_111803_model	0.4077
A0A915N8X1_taxID_6303_model	A0ABY7ESX1_taxID_6604_model	0.4077
A0A8B6GYH0_taxID_29158_model_A	A0ABY7EVT9_taxID_6604_model	0.4076
A0A418AQE9_taxID_157072_model	A0A8T0LKJ4_taxID_325452_model	0.4076
A0A163KNP0_taxID_5454_model_A	A0A8H5UJH2_taxID_48507_model_A	0.4076
A0A8S3R6L7_taxID_6550_model_A	A0AA36CWW9_taxID_96644_model	0.4075
A0A1V6PRI1_taxID_416450_model	A0A7C8MWQ0_taxID_323545_model_A	0.4075
A0A8K0WPV5_taxID_80388_model_A	A0ABR1WCT8_taxID_335842_model	0.4075
A0A6J8ENF3_taxID_42192_model_A	A0AAF3EKL4_taxID_2138241_model	0.4075
A0ABQ0M0Y9_taxID_658473_model_A	A0ABR3UFL0_taxID_48095_model	0.4075
A0A085M8H3_taxID_68888_model	A0A6J8BR51_taxID_42192_model_A	0.4074
A0A914EDP1_taxID_290746_model	A0A915DFA9_taxID_166011_model	0.4074
A0ABR4KUJ7_taxID_1810923_model	F0X9X8_taxID_655863_model	0.4074
A0A6J8ENF3_taxID_42192_model_A	A0A9D4LIH2_taxID_45954_model	0.4074
A0A5N6JRM5_taxID_61186_model	W3VU69_taxID_84754_model	0.4074
A0A6J8DAY9_taxID_42192_model	K1QAP4_taxID_29159_model	0.4074
A0ABQ0M0Y9_taxID_658473_model_A	F9F9P2_taxID_660025_model	0.4074
A0A0R3RX42_taxID_1147741_model_A	A0ABY7EX19_taxID_6604_model	0.4074
A0A8H7EE27_taxID_1187904_model	A0ABR3UFL0_taxID_48095_model	0.4073
B5RHQ8_taxID_515354_model	B5RHR0_taxID_515355_model_A	0.4073
A0A7S4C8S2_taxID_73025_model	A0ACC2TVV6_taxID_34485_model	0.4073
A0A077ZGT3_taxID_36087_model	A0AA39HID6_taxID_289476_model	0.4073
A0A409YPA9_taxID_231916_model	F9F9P2_taxID_660025_model	0.4073
A0A915I8K9_taxID_13658_model	A0A9D4LIH2_taxID_45954_model	0.4073
A0ACC1PQ96_taxID_42375_model	W6ZHH7_taxID_930090_model	0.4072
A0A507F697_taxID_246404_model	A0A6A5SIC2_taxID_706981_model	0.4072
A0A8B6CPY6_taxID_29158_model_A	A0A8S3THT1_taxID_6550_model	0.4072
A0A7S3RCE1_taxID_2903_model	A0AA88AFA7_taxID_3494_model_A	0.4072
A0A177WTC8_taxID_403673_model	A0AA88YDI9_taxID_66713_model	0.4072
A0A8S3SWK0_taxID_6550_model	A0AAN8JKH5_taxID_87958_model	0.4072
A0A016T0A5_taxID_53326_model	A0AAF3FHG4_taxID_2138241_model_A	0.4071
A0A507F697_taxID_246404_model	A0A9P3PKR9_taxID_47721_model	0.4071
A0A9W8TQN1_taxID_114810_model	A0ABR4BR18_taxID_86028_model	0.4071
A0A8S3RHI5_taxID_6550_model_A	A0ACC3CB14_taxID_2788_model	0.4071
A0AAV2QDB1_taxID_48144_model	A0ABM1VVY2_taxID_6500_model	0.4071
A0A074RXE5_taxID_1423351_model_A	A0A1K0HF59_taxID_307758_model_A	0.4070
A0A0V1BIN6_taxID_6334_model	A0A8B6GYH0_taxID_29158_model_A	0.4070
A0A135T4G4_taxID_703756_model	A0A8H7LLC6_taxID_456999_model_A	0.4070
A0A0N4SWM8_taxID_6280_model	K1Q6D2_taxID_29159_model	0.4070
A0A139HFA6_taxID_321146_model_A	A0AAN4PPE5_taxID_293939_model	0.4070
A0A0B2VVI5_taxID_6265_model	A0A0V0S806_taxID_6336_model	0.4070
A0A7S7SGR7_taxID_1473598_model	A0ABR6YEY6_taxID_2762297_model_A	0.4070
A0A4Q2V7C7_taxID_451672_model	A0A8H5L9I1_taxID_48495_model_A	0.4069
A0A5S6QIU3_taxID_70415_model	A0AA39HID6_taxID_289476_model	0.4069
A0A0V1KD92_taxID_6337_model	A0A8B6GYH0_taxID_29158_model_A	0.4069
A0A0N4XV59_taxID_27835_model	A0A3P7DNC2_taxID_6293_model	0.4069
A0A8J1T8Q4_taxID_6347_model	A0A9D4MZZ2_taxID_45954_model	0.4069
A0A0G2GEG2_taxID_420778_model_A	A0A8H4QR39_taxID_354080_model_A	0.4068
A0A6S7IY75_taxID_317549_model_A	A0A9W8TQN1_taxID_114810_model	0.4068
A0A9W8TQN1_taxID_114810_model	A0ABN8LLM9_taxID_104178_model_A	0.4068
F9G554_taxID_660025_model	L7JPW8_taxID_1143193_model	0.4068
A0A8B6BKM4_taxID_29158_model_A	A0A8S3THT1_taxID_6550_model	0.4068
A0A084FV70_taxID_563466_model_A	A0A8H4RXW4_taxID_354080_model_A	0.4068
A0A3B0YDV7_taxID_652676_model_A	A0A6B2L294_taxID_1963864_model	0.4068
A0A177WTC8_taxID_403673_model	W6NCB7_taxID_6289_model	0.4068
A0A8H7EE27_taxID_1187904_model	A0A8H7EGD0_taxID_1187904_model	0.4067
A0A238C4W2_taxID_387005_model	A0A8B8F0Y1_taxID_6565_model	0.4067
A0A0A1UJW0_taxID_1086054_model	R9PI15_taxID_1305764_model_A	0.4067
A0A4P9XG75_taxID_78915_model	A0A9K3LNV3_taxID_303405_model	0.4067
A0A484G057_taxID_1213857_model	A0A8H6XYA6_taxID_2733690_model	0.4067
A0AAE8SXX8_taxID_2041049_model_A	A0ABR0JJU7_taxID_1016849_model_A	0.4067
A0A1Y1HT28_taxID_105231_model	A0A2P6U1N3_taxID_3076_model_A	0.4067
A0AAD4EYT8_taxID_669026_model_A	A0ABN8SN36_taxID_104178_model	0.4067
A0A409YPA9_taxID_231916_model	R0ISP9_taxID_671987_model	0.4066
A0A2A6BT42_taxID_54126_model	A0ABD2LAM1_taxID_157864_model	0.4066
A0A4R8T272_taxID_1347389_model	A0ABR1WCT8_taxID_335842_model	0.4066
A0A8S3V8L1_taxID_6550_model	A0A9D4LIH2_taxID_45954_model	0.4066
A0A8B6BMR6_taxID_29158_model_A	A0A8S3PWU5_taxID_6550_model	0.4066
A0A210R253_taxID_6573_model	A0ABY7ESX1_taxID_6604_model	0.4066
A0A4S4M1Y3_taxID_1095465_model_A	A0A8H2WDY0_taxID_456999_model	0.4066
A0A507EFD5_taxID_109895_model	M5FY28_taxID_1858805_model	0.4066
A0A163KNP0_taxID_5454_model_A	W6Y2N7_taxID_930089_model	0.4065
A0A2G7FTM7_taxID_656916_model_A	A0A4R8T272_taxID_1347389_model	0.4065
A0A2G7FTM7_taxID_656916_model_A	A0A8H7B393_taxID_1187904_model_A	0.4065
A0A409YPA9_taxID_231916_model	A0AAD9AGU9_taxID_1836956_model	0.4065
A0A210R253_taxID_6573_model	A0AA88YDI9_taxID_66713_model	0.4065
A0A484G057_taxID_1213857_model	S3CMF3_taxID_1116229_model	0.4065
A0A365MYK5_taxID_948311_model_A	A0A4S4MP01_taxID_2447956_model	0.4065
A0A0V1JHS7_taxID_6337_model	A0AAN8JKH5_taxID_87958_model	0.4064
A0A6J8CIJ8_taxID_42192_model	A0A8B8F0Y1_taxID_6565_model	0.4064
A0A0B2VVI5_taxID_6265_model	A0A0V0YE73_taxID_6337_model	0.4064
A0A9D4LIH2_taxID_45954_model	A0ABD3VH26_taxID_1069815_model	0.4064
A0A1X6PIR8_taxID_2786_model	A0ABN8N4G6_taxID_104759_model_A	0.4064
A0A2T7PF41_taxID_400727_model	B5RHQ6_taxID_515353_model	0.4063
A0A8B6G9L0_taxID_29158_model_A	A0ABD2I4S2_taxID_97005_model	0.4063
A0A813K9V7_taxID_89957_model	A0AA36JK50_taxID_2562239_model	0.4063
A0A8W8J4S3_taxID_29159_model	A0AAD9KZ40_taxID_27915_model	0.4063
A0A9P3PKR9_taxID_47721_model	S3CMF3_taxID_1116229_model	0.4063
A0A409YPA9_taxID_231916_model	A0AAE8SXX8_taxID_2041049_model_A	0.4063
A0A0V1ESS6_taxID_6337_model	A0A8B6G957_taxID_29158_model_A	0.4063
A0A0N4SWM8_taxID_6280_model	A0ABD2LAM1_taxID_157864_model	0.4063
A0A8S4QC54_taxID_6347_model	A0AA36CWW9_taxID_96644_model	0.4063
A0ABR9BSA8_taxID_2774143_model	A0ACC3CDQ3_taxID_2788_model	0.4063
A0A0V1ESS6_taxID_6337_model	A0A6J8BR51_taxID_42192_model_A	0.4063
A0A8H7B393_taxID_1187904_model_A	W3VU69_taxID_84754_model	0.4063
A0A8S9ZP28_taxID_189291_model	A0ABD2LAM1_taxID_157864_model	0.4062
A0A285BU58_taxID_44577_model_A	A0ABX2C6M7_taxID_2675748_model	0.4062
A0A8B6G9L0_taxID_29158_model_A	A0AA88XKK9_taxID_66713_model	0.4062
A0A0N4XV59_taxID_27835_model	A0A3S0ZXU8_taxID_188477_model	0.4062
A0A8H3BPP3_taxID_456999_model	I2FTP4_taxID_120017_model_A	0.4062
A0A0F8A0A1_taxID_1043627_model	A0A8H5U0D3_taxID_48490_model_A	0.4062
A0A8H7EE27_taxID_1187904_model	A0A9P6IHM1_taxID_1095194_model	0.4061
A0A016T0A5_taxID_53326_model	A0A914E549_taxID_290746_model	0.4061
A0A915N8X1_taxID_6303_model	A0A9D4MZZ2_taxID_45954_model	0.4061
A0A285BU58_taxID_44577_model_A	A0A6B2L294_taxID_1963864_model	0.4061
A0A812JR76_taxID_1628268_model	A0ABQ8FRP3_taxID_1357716_model_A	0.4060
A0A8S3THT1_taxID_6550_model	W6NCB7_taxID_6289_model	0.4060
A0A1I7VEA5_taxID_7209_model	A0A914W9Q0_taxID_2011161_model	0.4060
A0A8H3H4T7_taxID_456999_model	A0ABR2XFG3_taxID_138064_model_A	0.4060
A0A0V1KR57_taxID_6335_model	A0A8B6CPY6_taxID_29158_model_A	0.4060
A0A2L2XEG7_taxID_1898651_model_A	A0ABP6PWQ7_taxID_111803_model	0.4060
A0A2N3MXV9_taxID_41688_model_A	A0A317XLV9_taxID_1882483_model	0.4059
A0A0B7BDN3_taxID_1028688_model_A	P56826_taxID_6610_model	0.4059
A0A0G2GEG2_taxID_420778_model_A	A0A4U7KZ21_taxID_280036_model_A	0.4059
A0A6J8ENF3_taxID_42192_model_A	A0ABQ9EAR7_taxID_220873_model	0.4059
A0A8E0V7V4_taxID_52442_model_A	A0A8S3RHI5_taxID_6550_model_A	0.4059
A0A0G4N7R0_taxID_100787_model	A0A163KNP0_taxID_5454_model_A	0.4059
A0A2T7PF37_taxID_400727_model	A0A7E6EGY5_taxID_2607531_model	0.4059
A0A8J1T8Q4_taxID_6347_model	K1QAP4_taxID_29159_model	0.4059
A0ABN8LLM9_taxID_104178_model_A	A0ACC3CDQ3_taxID_2788_model	0.4059
A0A9N8JDS5_taxID_2773715_model_A	A0AAD5T9G3_taxID_109957_model	0.4058
A0AAN5YGU4_taxID_293939_model	A0ABQ0M0Y9_taxID_658473_model_A	0.4058
A0A8H7LLC6_taxID_456999_model_A	I2FTP4_taxID_120017_model_A	0.4058
A0A0G4N7R0_taxID_100787_model	E3REK7_taxID_861557_model	0.4058
A0A8B6BKM4_taxID_29158_model_A	A0A9D4MZZ2_taxID_45954_model	0.4058
A0A8R1TKI8_taxID_6282_model	A0A914W9Q0_taxID_2011161_model	0.4058
A0A4Q2D856_taxID_2316362_model	A0A8H3D1S1_taxID_456999_model	0.4058
A0A179HCZ8_taxID_33203_model	A0ABQ0M0Y9_taxID_658473_model_A	0.4057
A0A8B6GSA5_taxID_29158_model	A0AA88XKK9_taxID_66713_model	0.4057
A0A0D3G0L1_taxID_65489_model_A	A0A5J5BCR2_taxID_561372_model_A	0.4057
A0A0V0YE73_taxID_6337_model	A0A8B6CPY6_taxID_29158_model_A	0.4057
A0A177X0C6_taxID_403673_model	A0A1I4T9J4_taxID_44574_model_A	0.4057
A0A484G057_taxID_1213857_model	Q2H2F5_taxID_306901_model_A	0.4057
A0A8H3H4T7_taxID_456999_model	A0ACC3CB14_taxID_2788_model	0.4057
A0A0N4SWM8_taxID_6280_model	A0A6J8ENF3_taxID_42192_model_A	0.4057
A0A9P3CF74_taxID_84275_model	A0ABQ8FRP3_taxID_1357716_model_A	0.4057
A0A8H6GM20_taxID_100902_model	A0A8H7B393_taxID_1187904_model_A	0.4057
A0A0V1JHS7_taxID_6337_model	A0A6J8DAY9_taxID_42192_model	0.4056
A0A8S3THT1_taxID_6550_model	A0A914W9Q0_taxID_2011161_model	0.4056
A0A139HFA6_taxID_321146_model_A	A0AAD6NB37_taxID_5083_model_A	0.4056
A0A137P4M5_taxID_796925_model	A0A177WTC8_taxID_403673_model	0.4056
A0A0F8A0A1_taxID_1043627_model	F0X9X8_taxID_655863_model	0.4056
A0A2S6BQA0_taxID_357750_model	W6Y2N7_taxID_930089_model	0.4055
A0A1S9S186_taxID_104259_model	A0A9N8JDS5_taxID_2773715_model_A	0.4055
A0A077ZGT3_taxID_36087_model	A0A8B6BKM4_taxID_29158_model_A	0.4055
A0A238C4W2_taxID_387005_model	A0A915MQ42_taxID_6303_model	0.4055
A0A139HFA6_taxID_321146_model_A	A0ABR1WCT8_taxID_335842_model	0.4055
A0A8R1TKI8_taxID_6282_model	A0A915I8K9_taxID_13658_model	0.4055
A0A7C8Q0E6_taxID_2813651_model	A0ABR3UFL0_taxID_48095_model	0.4055
A0A0B2VVI5_taxID_6265_model	A0A0V1ESS6_taxID_6337_model	0.4055
A0A915JY09_taxID_13658_model	A0ABY7ESX1_taxID_6604_model	0.4055
A0AAD5UAC9_taxID_447962_model	A0ABN8SN36_taxID_104178_model	0.4054
A0ABD2I4S2_taxID_97005_model	A0ABD2LAM1_taxID_157864_model	0.4054
A0A077ZGT3_taxID_36087_model	A0A8S9ZP28_taxID_189291_model	0.4054
A0A0R3RX42_taxID_1147741_model_A	A0AAF3FHG4_taxID_2138241_model_A	0.4054
A0A8B6G957_taxID_29158_model_A	A0ABQ9EAR7_taxID_220873_model	0.4054
A0A8H8P6Z0_taxID_456999_model	A0ABR2XFG3_taxID_138064_model_A	0.4054
A0AA37L8J5_taxID_700344_model_A	F0XF66_taxID_655863_model	0.4054
A0A8H7B393_taxID_1187904_model_A	F9FW19_taxID_660025_model_A	0.4054
D7F7N8_taxID_541221_model_A	F6WL94_taxID_7719_model	0.4054
A0A2T7PF41_taxID_400727_model	A0ABD0JMJ5_taxID_370345_model	0.4053
A0A183C149_taxID_36090_model	A0ABY7EVT9_taxID_6604_model	0.4053
A0A2U1JAZ7_taxID_133377_model	A0AAD5UGL0_taxID_261099_model	0.4053
A0A024UP64_taxID_157072_model	A0A067BRT6_taxID_695850_model	0.4053
A0A8B6G957_taxID_29158_model_A	A0AA36CWW9_taxID_96644_model	0.4053
A0A3N0CP77_taxID_661483_model	A0A507EXS7_taxID_246404_model	0.4053
A0A0V1KD92_taxID_6337_model	A0A914C4K9_taxID_290746_model	0.4053
A0A914E9Y6_taxID_290746_model	A0AA36CWW9_taxID_96644_model	0.4053
A0A6J8ENF3_taxID_42192_model_A	A0AA36CWW9_taxID_96644_model	0.4053
A0A0N4XV59_taxID_27835_model	A0A183I077_taxID_387005_model	0.4052
A0A2T7PF37_taxID_400727_model	A0A8S3ZX52_taxID_100452_model	0.4052
A0A0V1G4S3_taxID_6337_model	A0A8S3R6L7_taxID_6550_model_A	0.4052
A0A0V1KR57_taxID_6335_model	A0A8S9ZP28_taxID_189291_model	0.4052
A0A1Y1HT28_taxID_105231_model	A0AA42B8L4_taxID_1215918_model	0.4052
A0A1W6SSH7_taxID_1288494_model_A	F4NVT9_taxID_684364_model	0.4052
A0A0V1KR57_taxID_6335_model	A0A8J1T8Q4_taxID_6347_model	0.4052
A0A8H4QR39_taxID_354080_model_A	A0AAE8SXX8_taxID_2041049_model_A	0.4051
A0A4U7KZ21_taxID_280036_model_A	M5CEE4_taxID_1108050_model	0.4051
A0A077ZGT3_taxID_36087_model	A0A8S3R6L7_taxID_6550_model_A	0.4051
A0A814MII4_taxID_1234261_model_A	A0AA39UQR7_taxID_153913_model_A	0.4051
A0A2A6BT42_taxID_54126_model	A0A915MQ42_taxID_6303_model	0.4051
A0A6J8CIJ8_taxID_42192_model	A0A6J8CL61_taxID_42192_model_A	0.4051
A0ABR1WCT8_taxID_335842_model	F9FW19_taxID_660025_model_A	0.4051
A0A4S4M1Y3_taxID_1095465_model_A	A0A8H3A1U9_taxID_456999_model	0.4051
A0A139HFA6_taxID_321146_model_A	A0A163KNP0_taxID_5454_model_A	0.4051
A0A7D9J5S3_taxID_317549_model	A0ACC3CB14_taxID_2788_model	0.4050
A0A0V1ESS6_taxID_6337_model	A0A8S3R6L7_taxID_6550_model_A	0.4050
A0A9X4BM46_taxID_2983605_model_A	A0AAE4A194_taxID_587534_model_A	0.4050
A0A2A6BT42_taxID_54126_model	A0AAF3FHG4_taxID_2138241_model_A	0.4050
A0A238C4W2_taxID_387005_model	A0AAF3FHG4_taxID_2138241_model_A	0.4050
A0A4U7KZ21_taxID_280036_model_A	A0A8H6XYA6_taxID_2733690_model	0.4050
A0A0G2GEG2_taxID_420778_model_A	A0A9P9JQC5_taxID_48865_model_A	0.4050
A0A0G2GEG2_taxID_420778_model_A	A0AAD4FBU9_taxID_669026_model_A	0.4050
A0A6J8CIJ8_taxID_42192_model	A0A6J8ENF3_taxID_42192_model_A	0.4050
A0A210R253_taxID_6573_model	A0AA36CWW9_taxID_96644_model	0.4050
A0A0N4XV59_taxID_27835_model	A0A8J1T8Q4_taxID_6347_model	0.4050
A0A0V1I3Y0_taxID_268475_model	A0AAD8AV10_taxID_112525_model	0.4050
A0A0A1UJW0_taxID_1086054_model	A0A8H8P906_taxID_456999_model	0.4049
A0A085M8H3_taxID_68888_model	A0A8B6G957_taxID_29158_model_A	0.4049
A0A085M8H3_taxID_68888_model	A0A6J8ENF3_taxID_42192_model_A	0.4049
A0A0B2VVI5_taxID_6265_model	A0A0V1JHS7_taxID_6337_model	0.4049
A0A364MXI7_taxID_183478_model	A0ABQ0M0Y9_taxID_658473_model_A	0.4049
A0A1I9G629_taxID_6279_model	A0A915DFA9_taxID_166011_model	0.4049
A0A396RNU1_taxID_2305907_model	Q01WC9_taxID_234267_model	0.4049
A0A0N4XV59_taxID_27835_model	A0A1I7VEA5_taxID_7209_model	0.4049
A0A913YCG3_taxID_2652724_model	A0AAU9WFJ4_taxID_46732_model	0.4049
A0ACC3CB14_taxID_2788_model	F0XF66_taxID_655863_model	0.4049
A0A210R253_taxID_6573_model	A0A915N8X1_taxID_6303_model	0.4049
A0A0R3RX42_taxID_1147741_model_A	A0A914MBW5_taxID_6306_model	0.4049
A0A8S9ZP28_taxID_189291_model	A0ABD2I4S2_taxID_97005_model	0.4048
A0A8H3IL14_taxID_116794_model	A0A9P8ZYD0_taxID_152316_model	0.4048
A0A4S4M1Y3_taxID_1095465_model_A	A0A5N5QPM2_taxID_1582974_model	0.4048
A0A067C156_taxID_695850_model_A	A0A418AQE9_taxID_157072_model	0.4048
A0AAQ3LZX8_taxID_150365_model	A0ABR4BR18_taxID_86028_model	0.4048
A0ABQ8EZ86_taxID_1357716_model	A0ABQ8FRP3_taxID_1357716_model_A	0.4048
A0A4R8T272_taxID_1347389_model	A0AAD6NB37_taxID_5083_model_A	0.4048
A0A8H3H4T7_taxID_456999_model	Q2Y722_taxID_323848_model_A	0.4048
A0A9K3LNV3_taxID_303405_model	A0A9W8B9V6_taxID_2761393_model_A	0.4048
A0A0V1JHS7_taxID_6337_model	A0A8B8ESA4_taxID_6565_model_A	0.4047
A0A8J1T8Q4_taxID_6347_model	A0A8S4Q9N2_taxID_6347_model_A	0.4047
A0A8B6CNP6_taxID_29158_model	A0AAF3FHG4_taxID_2138241_model_A	0.4047
A0A8K0WPV5_taxID_80388_model_A	A0AA39UQR7_taxID_153913_model_A	0.4047
A0A5S6QIU3_taxID_70415_model	A0A8B6BKM4_taxID_29158_model_A	0.4047
A0A1V6PRI1_taxID_416450_model	A0ABQ0M0Y9_taxID_658473_model_A	0.4047
A0A6J8ENF3_taxID_42192_model_A	A0A914W9Q0_taxID_2011161_model	0.4047
A0A0V0YE73_taxID_6337_model	A0A2A6BT42_taxID_54126_model	0.4046
A0A8B6BMR6_taxID_29158_model_A	A0A915I8K9_taxID_13658_model	0.4046
A0A4S4M1Y3_taxID_1095465_model_A	A0A8H7H787_taxID_456999_model	0.4046
A0A0V1DE70_taxID_45882_model	A0A915JY09_taxID_13658_model	0.4046
A0A6J8CIJ8_taxID_42192_model	A0ABD2I4S2_taxID_97005_model	0.4045
A0A317XLV9_taxID_1882483_model	A0AA37L8J5_taxID_700344_model_A	0.4045
A0A4P9X7U9_taxID_1555241_model	A0A914S644_taxID_6256_model	0.4045
A0A6J8E972_taxID_42192_model	A0A8S3THT1_taxID_6550_model	0.4045
A0AA36CWW9_taxID_96644_model	A0AAE0W2I3_taxID_2493646_model	0.4045
A0A1K0HF59_taxID_307758_model_A	A0A8H3D1S1_taxID_456999_model	0.4045
A0A177WTC8_taxID_403673_model	A0A8H2WDY0_taxID_456999_model	0.4045
A0A3B0YDV7_taxID_652676_model_A	A0A934KPH0_taxID_291193_model_A	0.4044
A0A0V1JHS7_taxID_6337_model	A0A914E9Y6_taxID_290746_model	0.4044
A0ABN8CQB0_taxID_622444_model	K3X5C6_taxID_431595_model	0.4044
A0A0G2GEG2_taxID_420778_model_A	A0A2G7FYG7_taxID_656916_model_A	0.4044
A0AA88YDI9_taxID_66713_model	A0AAN8JKH5_taxID_87958_model	0.4044
A0A0F9J123_taxID_412755_model	A0A8S3SWK0_taxID_6550_model	0.4044
A0A3S0ZXU8_taxID_188477_model	M5FY28_taxID_1858805_model	0.4044
D7F7N6_taxID_541230_model_A	F6WL94_taxID_7719_model	0.4044
A0AAD4FBU9_taxID_669026_model_A	A0ACC3CDQ3_taxID_2788_model	0.4044
A0A9P3CF74_taxID_84275_model	A0ABQ0M0Y9_taxID_658473_model_A	0.4044
A0A8H5L9I1_taxID_48495_model_A	A0A8H6XYA6_taxID_2733690_model	0.4043
A0A0B7BDN3_taxID_1028688_model_A	B5RHR0_taxID_515355_model_A	0.4043
A0A137P4M5_taxID_796925_model	A0A507FDN0_taxID_246404_model	0.4043
A0A0G2GEG2_taxID_420778_model_A	A0A8K0RUZ8_taxID_61284_model_A	0.4043
A0A0B2VVI5_taxID_6265_model	A0ABD2LAM1_taxID_157864_model	0.4043
A0A8X6KWP2_taxID_2740835_model	A0AA88YDI9_taxID_66713_model	0.4043
A0A0B2VVI5_taxID_6265_model	A0A0V1G4S3_taxID_6337_model	0.4043
A0AAD4FBU9_taxID_669026_model_A	A0ABN8LLM9_taxID_104178_model_A	0.4043
A0A085M8H3_taxID_68888_model	A0A8B6BKM4_taxID_29158_model_A	0.4042
A0A8H5L9I1_taxID_48495_model_A	B2VY53_taxID_426418_model	0.4042
A0A7C8MWQ0_taxID_323545_model_A	W6ZHH7_taxID_930090_model	0.4042
A0A0V0TGR2_taxID_144512_model	A0A8B6GY87_taxID_29158_model_A	0.4042
A0A0V0YE73_taxID_6337_model	A0A8S3THT1_taxID_6550_model	0.4042
A0A409WEP5_taxID_231916_model_A	A0A5M9J7X0_taxID_38448_model	0.4042
A0A914EDP1_taxID_290746_model	A0AA36CWW9_taxID_96644_model	0.4042
A0A8H4RXW4_taxID_354080_model_A	Q2H2F5_taxID_306901_model_A	0.4042
A0A1X7RRH8_taxID_1276538_model_A	A0A9P3CF74_taxID_84275_model	0.4042
A0A484G057_taxID_1213857_model	A0A8H7EE27_taxID_1187904_model	0.4041
A0A1X6PIR8_taxID_2786_model	A0A7S4C8S2_taxID_73025_model	0.4041
A0A977TE70_taxID_36659_model	Q54QT0_taxID_44689_model_A	0.4041
A0A1S9S186_taxID_104259_model	A0A8H4L3K1_taxID_1237068_model	0.4041
A0AAN4PPE5_taxID_293939_model	W6ZHH7_taxID_930090_model	0.4041
A0AAN4PPE5_taxID_293939_model	N4XMY1_taxID_665024_model	0.4041
A0A0B2VVI5_taxID_6265_model	A0A0V1KD92_taxID_6337_model	0.4041
A0A166CKA0_taxID_1314776_model	A0ABR4K145_taxID_176178_model	0.4041
A0A8B6BMR6_taxID_29158_model_A	A0A9D4MZZ2_taxID_45954_model	0.4041
A0A6J8CL61_taxID_42192_model_A	A0AA36CWW9_taxID_96644_model	0.4041
A0A4S4MP01_taxID_2447956_model	A0A8H5U0D3_taxID_48490_model_A	0.4041
A0A2G7FTM7_taxID_656916_model_A	A0A8K0WPV5_taxID_80388_model_A	0.4040
A0A8B6CNP6_taxID_29158_model	A0A8S3V8L1_taxID_6550_model	0.4040
A0A1F8A6I4_taxID_109264_model_A	A0A2G7FYG7_taxID_656916_model_A	0.4040
A0A084FV70_taxID_563466_model_A	A0A8H4YZH8_taxID_48485_model	0.4040
A0A8X6KWP2_taxID_2740835_model	A0A9W8TQN1_taxID_114810_model	0.4039
A0A0V1BIN6_taxID_6334_model	A0A8B6CPY6_taxID_29158_model_A	0.4039
A0A6J8DAY9_taxID_42192_model	A0A8S3SWK0_taxID_6550_model	0.4039
A0A6J8BR51_taxID_42192_model_A	A0A8J1XGG3_taxID_6347_model	0.4039
A0A238C4W2_taxID_387005_model	A0A6J8CL61_taxID_42192_model_A	0.4039
A0A163KNP0_taxID_5454_model_A	E3REK7_taxID_861557_model	0.4039
A0A179HCZ8_taxID_33203_model	R0ISP9_taxID_671987_model	0.4038
A0A0R3RX42_taxID_1147741_model_A	A0A1I7VBE5_taxID_7209_model	0.4038
A0A8B6GSA5_taxID_29158_model	A0A8J1T8Q4_taxID_6347_model	0.4038
A0A4U7KZ21_taxID_280036_model_A	A0A8H2WDY0_taxID_456999_model	0.4038
A0A2A6BT42_taxID_54126_model	A0AAN8JKH5_taxID_87958_model	0.4038
A0A0V1G4S3_taxID_6337_model	A0A915JY09_taxID_13658_model	0.4038
A0A163KNP0_taxID_5454_model_A	A0A179HCZ8_taxID_33203_model	0.4037
A0A179HCZ8_taxID_33203_model	W3VU69_taxID_84754_model	0.4037
A0A8H3AAQ4_taxID_456999_model	M5CEE4_taxID_1108050_model	0.4037
A0A4Q2D856_taxID_2316362_model	A0A7C8MWQ0_taxID_323545_model_A	0.4037
A0A1V9YBP5_taxID_1202772_model	A0A1V9YE51_taxID_74557_model	0.4037
A0A0V0TGR2_taxID_144512_model	A0A8B6BKM4_taxID_29158_model_A	0.4037
A0A507FDN0_taxID_246404_model	A0A915JY09_taxID_13658_model	0.4037
A0A8B6GSK0_taxID_29158_model	A0A8S3V8L1_taxID_6550_model	0.4037
A0A0F8A0A1_taxID_1043627_model	A0A166CKA0_taxID_1314776_model	0.4037
A0A2H1GBQ4_taxID_1276532_model_A	A0A2N3MXV9_taxID_41688_model_A	0.4036
A0A084FV70_taxID_563466_model_A	N4XMY1_taxID_665024_model	0.4036
A0A0V1G4S3_taxID_6337_model	A0A8B6GYH0_taxID_29158_model_A	0.4036
A0A3N0CP77_taxID_661483_model	A0A8H8PB78_taxID_456999_model	0.4036
A0A016T0A5_taxID_53326_model	A0A915MQ42_taxID_6303_model	0.4036
A0ABQ0M0Y9_taxID_658473_model_A	R0ISP9_taxID_671987_model	0.4036
A0A9D4LIH2_taxID_45954_model	A0AAN8JKH5_taxID_87958_model	0.4036
A0ABR1GFH3_taxID_44056_model	F0YI20_taxID_44056_model	0.4036
A0A166CKA0_taxID_1314776_model	A0ACC0V4A4_taxID_47278_model	0.4036
A0A9P3CF74_taxID_84275_model	Q2H2F5_taxID_306901_model_A	0.4036
A0A4Q4SXW4_taxID_155417_model	A0AAE8SXX8_taxID_2041049_model_A	0.4036
A0ABQ0M0Y9_taxID_658473_model_A	W3VU69_taxID_84754_model	0.4036
A0A1X6PIR8_taxID_2786_model	A0A8H8PB78_taxID_456999_model	0.4035
A0A1F8A6I4_taxID_109264_model_A	A0A4Q2D856_taxID_2316362_model	0.4035
A0A8B6CNP6_taxID_29158_model	A0A8S3PWU5_taxID_6550_model	0.4035
A0A8B6GYH0_taxID_29158_model_A	A0A8S3THT1_taxID_6550_model	0.4035
A0A3P7DNC2_taxID_6293_model	A0A914E9Y6_taxID_290746_model	0.4035
A0A5M9J7X0_taxID_38448_model	A0AAD6NB37_taxID_5083_model_A	0.4035
A0A8B6G9L0_taxID_29158_model_A	A0AA36CWW9_taxID_96644_model	0.4035
A0A183C149_taxID_36090_model	A0AAE0W2I3_taxID_2493646_model	0.4035
A0A163KNP0_taxID_5454_model_A	F9F9P2_taxID_660025_model	0.4035
A0A8H7B393_taxID_1187904_model_A	A0A9P9JQC5_taxID_48865_model_A	0.4035
A0A3B0YDV7_taxID_652676_model_A	A0ABN8LLM9_taxID_104178_model_A	0.4035
A0A409YPA9_taxID_231916_model	A0A8H6ZUP2_taxID_5322_model_A	0.4034
A0A0V1JHS7_taxID_6337_model	A0A210R253_taxID_6573_model	0.4034
A0ACC2T6Y9_taxID_34485_model	A0ACC2TVV6_taxID_34485_model	0.4034
A0A8R1TKI8_taxID_6282_model	A0A8S9ZP28_taxID_189291_model	0.4034
A0A238C4W2_taxID_387005_model	A0A9D4J8T5_taxID_45954_model	0.4034
A0A024UP64_taxID_157072_model	A0A418AQE9_taxID_157072_model	0.4034
A0A6J8CL61_taxID_42192_model_A	A0A9D4LIH2_taxID_45954_model	0.4034
A0A3S0ZXU8_taxID_188477_model	A0ABY7ESX1_taxID_6604_model	0.4034
A0A1E7FM11_taxID_635003_model	A0A9K3LNV3_taxID_303405_model	0.4033
A0A409YPA9_taxID_231916_model	A0A4U7KZ21_taxID_280036_model_A	0.4033
A0A914C4K9_taxID_290746_model	A0AC34QHI6_taxID_591449_model	0.4033
A0ABD3VH26_taxID_1069815_model	A0AC34QHI6_taxID_591449_model	0.4033
A0AAN4ZCE4_taxID_1317129_model	A0AAN8JKH5_taxID_87958_model	0.4033
A0A1G5SEQ3_taxID_51642_model_A	A0A2K8T4N2_taxID_2038116_model_A	0.4033
A0A6J8DAY9_taxID_42192_model	A0ABD2I4S2_taxID_97005_model	0.4032
A0A1V6PRI1_taxID_416450_model	A0A2N3MXV9_taxID_41688_model_A	0.4032
A0A8B6CNP6_taxID_29158_model	K1QAP4_taxID_29159_model	0.4032
A0A0V1G4S3_taxID_6337_model	A0A8B6BMR6_taxID_29158_model_A	0.4032
A0A1X7RRH8_taxID_1276538_model_A	A0ABR4BR18_taxID_86028_model	0.4032
A0A4P9XG75_taxID_78915_model	A0ABW7AQ69_taxID_3351344_model	0.4032
A0A8H3H4T7_taxID_456999_model	A0ABN8LP07_taxID_104178_model	0.4032
A0A6J8ENF3_taxID_42192_model_A	A0ABD2I4S2_taxID_97005_model	0.4031
A0A812SAZ7_taxID_2952_model	A0A813K9V7_taxID_89957_model	0.4031
A0A7S4C8S2_taxID_73025_model	A0AAD5UAC9_taxID_447962_model	0.4031
A0A2P5YJV4_taxID_3634_model_A	A0A9X4BM46_taxID_2983605_model_A	0.4031
A0A814MII4_taxID_1234261_model_A	A0AAD7UPK6_taxID_2483200_model	0.4031
A0A7C8MWQ0_taxID_323545_model_A	A0A8H5UJH2_taxID_48507_model_A	0.4031
A0A0A7CPE6_taxID_1202772_model	A0A1V9YE51_taxID_74557_model	0.4031
A0A0V1I3Y0_taxID_268475_model	A0A914E549_taxID_290746_model	0.4031
A0A8B6CPY6_taxID_29158_model_A	A0A8S3SWK0_taxID_6550_model	0.4031
A0AAN5XIX5_taxID_1396_model_A	A0ACC1PD21_taxID_42375_model	0.4031
A0A8H4QR39_taxID_354080_model_A	A0AAD6NK04_taxID_74499_model	0.4031
A0ABN8LLM9_taxID_104178_model_A	A0ABN8N3E0_taxID_104178_model	0.4031
A0A8H6ZUP2_taxID_5322_model_A	A0A8H7LVB4_taxID_456999_model	0.4030
A0A179HCZ8_taxID_33203_model	A0A1F8A6I4_taxID_109264_model_A	0.4030
A0A388KHX6_taxID_69332_model	A0AAV7G5I4_taxID_161865_model	0.4030
A0A8S3RHI5_taxID_6550_model_A	A0A914E549_taxID_290746_model	0.4030
A0A8H3A1U9_taxID_456999_model	A0A8H3BPP3_taxID_456999_model	0.4030
A0A914D235_taxID_290746_model	A0A915N8X1_taxID_6303_model	0.4030
A0A9P9JQC5_taxID_48865_model_A	A0ABQ0M0Y9_taxID_658473_model_A	0.4030
A0A914D235_taxID_290746_model	A0ABD2I4S2_taxID_97005_model	0.4029
A0A2N3MXV9_taxID_41688_model_A	A0A8H5L9I1_taxID_48495_model_A	0.4029
A0A077ZGT3_taxID_36087_model	A0A8J1UW52_taxID_6347_model	0.4029
A0A3S0ZXU8_taxID_188477_model	A0AC34QHI6_taxID_591449_model	0.4029
A0A8B6G957_taxID_29158_model_A	A0A915JY09_taxID_13658_model	0.4029
A0A2S6BQA0_taxID_357750_model	Q2H2F5_taxID_306901_model_A	0.4029
A0A8H3DZ25_taxID_456999_model_A	A0A9N8DN83_taxID_568900_model	0.4029
A0A8B6G9L0_taxID_29158_model_A	A0A915JY09_taxID_13658_model	0.4029
A0A8S4QC54_taxID_6347_model	A0ABY7EVT9_taxID_6604_model	0.4028
A0ABN8LLM9_taxID_104178_model_A	A0ACC3CB14_taxID_2788_model	0.4028
A0A135T4G4_taxID_703756_model	A0A4Q4SXW4_taxID_155417_model	0.4028
A0A6J8CL61_taxID_42192_model_A	A0A915I8K9_taxID_13658_model	0.4028
A0A1G6RZ21_taxID_1419277_model	A0ABT4KNP9_taxID_520838_model_A	0.4028
A0A0B7BDN3_taxID_1028688_model_A	D7F7N8_taxID_541221_model_A	0.4027
A0A0N4SWM8_taxID_6280_model	A0A8S9ZP28_taxID_189291_model	0.4027
A0A8H8PB78_taxID_456999_model	A0AAE8SXX8_taxID_2041049_model_A	0.4027
A0A2G7FYG7_taxID_656916_model_A	A0ABR2XFG3_taxID_138064_model_A	0.4027
A0A1Y2CS79_taxID_329046_model	A0A8H3DZ25_taxID_456999_model_A	0.4027
A0A0N4SWM8_taxID_6280_model	A0A0V1KR57_taxID_6335_model	0.4027
A0A135T4G4_taxID_703756_model	A0AAD6NB37_taxID_5083_model_A	0.4027
A0A8J1T8Q4_taxID_6347_model	A0A914W9Q0_taxID_2011161_model	0.4027
A0A5S6QIU3_taxID_70415_model	A0A6J8CL61_taxID_42192_model_A	0.4027
A0A2G7FYG7_taxID_656916_model_A	N4XMY1_taxID_665024_model	0.4026
A0A364L5W2_taxID_1196081_model	A0A484G057_taxID_1213857_model	0.4026
A0A1Y1HT28_taxID_105231_model	A0ABY8UIN7_taxID_3088_model	0.4026
A0A8B6BKM4_taxID_29158_model_A	A0A8S3PWU5_taxID_6550_model	0.4026
A0A7E6EGY5_taxID_2607531_model	A0ABD0K492_taxID_370345_model	0.4026
A0A177WTC8_taxID_403673_model	A0A3S0ZXU8_taxID_188477_model	0.4026
A0A1I7VBE5_taxID_7209_model	A0A9W8TQN1_taxID_114810_model	0.4025
A0A0V1JHS7_taxID_6337_model	A0A915K057_taxID_13658_model	0.4025
A0A2N3MXV9_taxID_41688_model_A	N4XMY1_taxID_665024_model	0.4025
A0A8B6CNP6_taxID_29158_model	A0A9D4RA75_taxID_45954_model	0.4025
A0A1X7RRH8_taxID_1276538_model_A	A0A9P9XQR7_taxID_1671311_model	0.4025
A0A2S6BQA0_taxID_357750_model	A0A8H7B393_taxID_1187904_model_A	0.4025
E7CLR7_taxID_34541_model	F6WL94_taxID_7719_model	0.4025
A0A364L5W2_taxID_1196081_model	A0ACC1NLV5_taxID_42375_model	0.4025
A0A0F4GBJ7_taxID_1047168_model	Q2Y722_taxID_323848_model_A	0.4024
A0A8H7EE27_taxID_1187904_model	A0ACC1PQ96_taxID_42375_model	0.4024
A0A0V1JHS7_taxID_6337_model	A0AAD8AV10_taxID_112525_model	0.4024
A0A6A5SIC2_taxID_706981_model	A0A8H7B393_taxID_1187904_model_A	0.4024
A0A077ZGT3_taxID_36087_model	A0A8B6BMR6_taxID_29158_model_A	0.4024
A0AC34QHI6_taxID_591449_model	K1Q6D2_taxID_29159_model	0.4024
A0A409YPA9_taxID_231916_model	A0AAN5YGU4_taxID_293939_model	0.4024
A0A024UP64_taxID_157072_model	W4H234_taxID_112090_model	0.4024
A0A8S3RHI5_taxID_6550_model_A	A0AA36DH95_taxID_96644_model_A	0.4024
A0ACC3CDQ3_taxID_2788_model	F0XF66_taxID_655863_model	0.4024
A0A0V1G4S3_taxID_6337_model	A0A6J8BR51_taxID_42192_model_A	0.4024
A0A1X6PIR8_taxID_2786_model	A0A8S3RHI5_taxID_6550_model_A	0.4023
A0A4P9X7U9_taxID_1555241_model	A0A9P3PKR9_taxID_47721_model	0.4023
A0AAD5T9G3_taxID_109957_model	A0AAD5TY19_taxID_447962_model	0.4023
A0A365MYK5_taxID_948311_model_A	A0AAD5DEJ1_taxID_2649997_model	0.4023
A0A0V1DE70_taxID_45882_model	A0A6J8AZI7_taxID_42192_model	0.4023
A0AAE8SXX8_taxID_2041049_model_A	F0XF66_taxID_655863_model	0.4023
A0A7S0LHE4_taxID_221442_model_A	A0ABP0KF76_taxID_1381693_model_A	0.4023
A0A8R1TKI8_taxID_6282_model	W6NCB7_taxID_6289_model	0.4023
A0A8J1XGG3_taxID_6347_model	A0A914W9Q0_taxID_2011161_model	0.4023
A0A812SAZ7_taxID_2952_model	A0A9N8ELP9_taxID_568900_model	0.4023
A0A364MXI7_taxID_183478_model	A0AAD6NB37_taxID_5083_model_A	0.4023
A0A163KNP0_taxID_5454_model_A	A0A8K0RUZ8_taxID_61284_model_A	0.4023
A0A8H3D1S1_taxID_456999_model	A0A9N8JDS5_taxID_2773715_model_A	0.4023
A0A0F4GBJ7_taxID_1047168_model	A0A0F9J123_taxID_412755_model	0.4022
A0A8K0WPV5_taxID_80388_model_A	W6ZHH7_taxID_930090_model	0.4022
A0A7S4C8S2_taxID_73025_model	A0A8S3SWK0_taxID_6550_model	0.4022
A0A6J8DAY9_taxID_42192_model	A0A8B6GSA5_taxID_29158_model	0.4022
A0A067C156_taxID_695850_model_A	A0A8T0LKJ4_taxID_325452_model	0.4022
A0A7S3RCE1_taxID_2903_model	A0AAD5DEJ1_taxID_2649997_model	0.4022
A0A8H7E8W0_taxID_1187904_model	A0ABQ8FRP3_taxID_1357716_model_A	0.4022
A0A135T4G4_taxID_703756_model	A0A8H7E8W0_taxID_1187904_model	0.4022
A0A8H3BPP3_taxID_456999_model	A0A8H6XYA6_taxID_2733690_model	0.4022
A0A9D4LIH2_taxID_45954_model	A0ABY7EVT9_taxID_6604_model	0.4021
A0A5S6QIU3_taxID_70415_model	A0A8S3R6L7_taxID_6550_model_A	0.4021
A0AAN5YGU4_taxID_293939_model	A0ACC1NLV5_taxID_42375_model	0.4021
A0A0V1BIN6_taxID_6334_model	A0A915K057_taxID_13658_model	0.4021
A0A6J8CL61_taxID_42192_model_A	A0AAF3EKL4_taxID_2138241_model	0.4021
A0A8H3H4T7_taxID_456999_model	A0AA37L8J5_taxID_700344_model_A	0.4021
A0A0V1G4S3_taxID_6337_model	A0A6J8ENF3_taxID_42192_model_A	0.4021
A0A084FV70_taxID_563466_model_A	A0A163KNP0_taxID_5454_model_A	0.4021
A0A085M8H3_taxID_68888_model	A0AA39HID6_taxID_289476_model	0.4020
A0A1X6PIR8_taxID_2786_model	A0AA88YDI9_taxID_66713_model	0.4020
A0A075B1D3_taxID_988480_model	A0AAD5T9G3_taxID_109957_model	0.4020
A0A2G7FTM7_taxID_656916_model_A	A0A409WEP5_taxID_231916_model_A	0.4020
A0A2N3MXV9_taxID_41688_model_A	A0AAD6NB37_taxID_5083_model_A	0.4020
A0A914E9Y6_taxID_290746_model	A0A915MQ42_taxID_6303_model	0.4020
A0A9D4LIH2_taxID_45954_model	W6NCB7_taxID_6289_model	0.4020
A0A8H7LLC6_taxID_456999_model_A	A0A8H8P6Z0_taxID_456999_model	0.4020
A0A6J8BR51_taxID_42192_model_A	A0A8J1UW52_taxID_6347_model	0.4020
A0A4U0XX60_taxID_329884_model	A0A5Q4BMU6_taxID_2078593_model	0.4020
A0AAD9L024_taxID_27915_model	F6WL94_taxID_7719_model	0.4019
A0A1I7VBE5_taxID_7209_model	A0AAE0W2I3_taxID_2493646_model	0.4019
A0A4Q2D856_taxID_2316362_model	A0A8H5L9I1_taxID_48495_model_A	0.4019
A0A8S3R6L7_taxID_6550_model_A	A0ABY7ESX1_taxID_6604_model	0.4019
A0A1X7RRH8_taxID_1276538_model_A	A0A9P3PKR9_taxID_47721_model	0.4019
A0A915I8K9_taxID_13658_model	A0AA39HID6_taxID_289476_model	0.4019
A0A7C8MWQ0_taxID_323545_model_A	A0A8K0RUZ8_taxID_61284_model_A	0.4019
A0A8B6BMR6_taxID_29158_model_A	A0AAE0W2I3_taxID_2493646_model	0.4019
A0A6P8I080_taxID_6105_model	A0A8E0V7V4_taxID_52442_model_A	0.4019
A0A8H8PB78_taxID_456999_model	R9PI15_taxID_1305764_model_A	0.4019
A0A0C3F7Q7_taxID_765440_model	A0A4P9X7U9_taxID_1555241_model	0.4019
A0AAD5T9G3_taxID_109957_model	W6NCB7_taxID_6289_model	0.4018
B5RHQ6_taxID_515353_model	B5RHQ8_taxID_515354_model	0.4018
A0A8H7LLC6_taxID_456999_model_A	F0XF66_taxID_655863_model	0.4018
A0A8H3H4T7_taxID_456999_model	A0AAE8SXX8_taxID_2041049_model_A	0.4018
A0A409WEP5_taxID_231916_model_A	A0A8H7E8W0_taxID_1187904_model	0.4018
A0ABR0JJU7_taxID_1016849_model_A	A0ABR4BR18_taxID_86028_model	0.4018
A0A1X7RRH8_taxID_1276538_model_A	A0AAD4EYT8_taxID_669026_model_A	0.4018
A0A8H7INQ5_taxID_456999_model	A0A9N8JDS5_taxID_2773715_model_A	0.4018
A0A2H1GBQ4_taxID_1276532_model_A	A0A507EFD5_taxID_109895_model	0.4017
A0A074RXE5_taxID_1423351_model_A	A0A1X7RRH8_taxID_1276538_model_A	0.4017
A0A6J8AZI7_taxID_42192_model	A0AA39HID6_taxID_289476_model	0.4017
A0A8J1XGG3_taxID_6347_model	A0ABQ9EAR7_taxID_220873_model	0.4017
A0A6J8DAY9_taxID_42192_model	A0AC34QHI6_taxID_591449_model	0.4017
A0A024UP64_taxID_157072_model	A0ABN8CQB0_taxID_622444_model	0.4017
A0A914W9Q0_taxID_2011161_model	A0A915K057_taxID_13658_model	0.4017
A0A8H7LLC6_taxID_456999_model_A	A0A9P9WMZ2_taxID_1658444_model_A	0.4017
A0A2S6BQA0_taxID_357750_model	A0AAN4PPE5_taxID_293939_model	0.4017
A0A084FV70_taxID_563466_model_A	A0A8H7EGD0_taxID_1187904_model	0.4017
A0A238C4W2_taxID_387005_model	A0A914E9Y6_taxID_290746_model	0.4017
A0A7E6EGY5_taxID_2607531_model	A0ABD0JMJ5_taxID_370345_model	0.4016
A0A2H1GBQ4_taxID_1276532_model_A	A0ABQ0M0Y9_taxID_658473_model_A	0.4016
A0A915DFA9_taxID_166011_model	W2TLA4_taxID_51031_model	0.4016
A0A409YPA9_taxID_231916_model	W3VU69_taxID_84754_model	0.4016
A0A238C4W2_taxID_387005_model	A0A9D4RA75_taxID_45954_model	0.4016
F4NVT9_taxID_684364_model	W2TLA4_taxID_51031_model	0.4016
A0A484G057_taxID_1213857_model	A0ABR3UFL0_taxID_48095_model	0.4016
A0A8S3SWK0_taxID_6550_model	A0A915N8X1_taxID_6303_model	0.4016
A0A0V1I3Y0_taxID_268475_model	A0A8B8ESA4_taxID_6565_model_A	0.4016
A0A0V1G4S3_taxID_6337_model	A0AAN8JKH5_taxID_87958_model	0.4016
A0A8H8P6Z0_taxID_456999_model	A0A9P3CF74_taxID_84275_model	0.4016
A0ABQ0M0Y9_taxID_658473_model_A	S3CMF3_taxID_1116229_model	0.4016
A0A6B2KZX3_taxID_1963864_model	A0ABR2W902_taxID_34480_model	0.4015
A0A6J8CIJ8_taxID_42192_model	A0A8B6GYH0_taxID_29158_model_A	0.4015
A0A0N4SWM8_taxID_6280_model	A0A8B6GYH0_taxID_29158_model_A	0.4015
A0A812SAZ7_taxID_2952_model	A0ABR1FXH8_taxID_44056_model	0.4015
A0A2B4RQ59_taxID_50429_model	A0ABN8RHG1_taxID_104759_model	0.4015
A0A835SWT6_taxID_2026947_model	A0ACC1PD21_taxID_42375_model	0.4015
A0A8J1XGG3_taxID_6347_model	K1QAP4_taxID_29159_model	0.4015
A0A6J8ENF3_taxID_42192_model_A	A0A9D4MZZ2_taxID_45954_model	0.4015
A0A0V1I3Y0_taxID_268475_model	A0A6J8AZI7_taxID_42192_model	0.4015
A0A914E9Y6_taxID_290746_model	A0ABD2I4S2_taxID_97005_model	0.4014
A0A7C8MWQ0_taxID_323545_model_A	A0A9P9JQC5_taxID_48865_model_A	0.4014
A0A4P9Y3Y8_taxID_1907219_model	A0ABR4NFV2_taxID_2732419_model_A	0.4014
A0A8H3IL14_taxID_116794_model	A0AAV9V0T6_taxID_1796055_model	0.4013
A0A0R3RX42_taxID_1147741_model_A	A0AA39H3A8_taxID_289476_model	0.4013
A0A1I9G629_taxID_6279_model	A0A914E9Y6_taxID_290746_model	0.4013
A0A6J8BR51_taxID_42192_model_A	A0A8B6GYH0_taxID_29158_model_A	0.4013
A0A183TFI9_taxID_70667_model	A0A3M0K1G4_taxID_333673_model	0.4013
A0A8J1XGG3_taxID_6347_model	W2TLA4_taxID_51031_model	0.4013
A0AA39UQR7_taxID_153913_model_A	R9PI15_taxID_1305764_model_A	0.4013
A0A8H4RXW4_taxID_354080_model_A	J0WRI2_taxID_717982_model	0.4013
A0A915MQ42_taxID_6303_model	A0ABD2I4S2_taxID_97005_model	0.4012
A0A0D6LVJ5_taxID_53326_model	A0ACC2TVV6_taxID_34485_model	0.4012
A0A8T0LKJ4_taxID_325452_model	T0PU14_taxID_1156394_model	0.4012
A0A498S2C2_taxID_6277_model_A	A0A914E549_taxID_290746_model	0.4012
A0A8H4YZH8_taxID_48485_model	A0ACC1PQ96_taxID_42375_model	0.4012
A0A914C4K9_taxID_290746_model	A0A915KKL6_taxID_13658_model	0.4012
A0A914D235_taxID_290746_model	A0AA39HID6_taxID_289476_model	0.4011
A0A8B6G957_taxID_29158_model_A	A0A8B6GSK0_taxID_29158_model	0.4011
A0A409WEP5_taxID_231916_model_A	A0A4Q2V7C7_taxID_451672_model	0.4011
A0A0D6LVJ5_taxID_53326_model	A0AAN4ZCE4_taxID_1317129_model	0.4011
A0A084G098_taxID_563466_model	A0A4Q4SXW4_taxID_155417_model	0.4011
A0ABM1VVY2_taxID_6500_model	F4NVT9_taxID_684364_model	0.4011
A0A8H3DZ25_taxID_456999_model_A	A0A8H7B393_taxID_1187904_model_A	0.4011
A0A1S9S186_taxID_104259_model	W6Y2N7_taxID_930089_model	0.4010
A0A915N8X1_taxID_6303_model	A0AC34QHI6_taxID_591449_model	0.4010
A0A8B6G9L0_taxID_29158_model_A	A0AAE0W2I3_taxID_2493646_model	0.4010
A0A8S3SWK0_taxID_6550_model	A0ABY7ESX1_taxID_6604_model	0.4010
K1QAP4_taxID_29159_model	W6NCB7_taxID_6289_model	0.4010
A0A0V1ESS6_taxID_6337_model	A0A6J8ENF3_taxID_42192_model_A	0.4010
A0A0V1G4S3_taxID_6337_model	A0A6J8CL61_taxID_42192_model_A	0.4010
A0A6J8BNB1_taxID_42192_model_A	A0AAD8AV10_taxID_112525_model	0.4009
A0A8H2WDY0_taxID_456999_model	A0A8H7LLC6_taxID_456999_model_A	0.4009
A0A8B8ESA4_taxID_6565_model_A	A0A915I8K9_taxID_13658_model	0.4009
A0A8J1XGG3_taxID_6347_model	A0ABY7ESX1_taxID_6604_model	0.4009
A0ABR3UFL0_taxID_48095_model	J0WRI2_taxID_717982_model	0.4009
A0A183C149_taxID_36090_model	A0A914MBW5_taxID_6306_model	0.4009
A0A8H3BPP3_taxID_456999_model	A0AAD5UGL0_taxID_261099_model	0.4009
A0A137P4M5_taxID_796925_model	A0A317XLV9_taxID_1882483_model	0.4008
A0A7C8MWQ0_taxID_323545_model_A	F9FW19_taxID_660025_model_A	0.4008
A0A9N8ELP9_taxID_568900_model	F0Y9F1_taxID_44056_model	0.4008
A0A5S6QIU3_taxID_70415_model	A0A8B6GYH0_taxID_29158_model_A	0.4008
A0A0V1KR57_taxID_6335_model	A0A8B6G957_taxID_29158_model_A	0.4008
A0A0V0YE73_taxID_6337_model	A0ABD3VH26_taxID_1069815_model	0.4008
A0AA88YDI9_taxID_66713_model	A0ABY7ESX1_taxID_6604_model	0.4008
A0A0V1G4S3_taxID_6337_model	A0ABY7EX19_taxID_6604_model	0.4008
A0A3B0YDV7_taxID_652676_model_A	A0A915JY09_taxID_13658_model	0.4008
A0A8H8P6Z0_taxID_456999_model	A0AAD4EYT8_taxID_669026_model_A	0.4008
A0A0F4GBJ7_taxID_1047168_model	A0A8K0WPV5_taxID_80388_model_A	0.4007
A0A1I7VBE5_taxID_7209_model	A0A2D0NGI4_taxID_1122177_model	0.4007
A0A6J8BR51_taxID_42192_model_A	A0A8B6GSA5_taxID_29158_model	0.4007
A0A0B2VVI5_taxID_6265_model	A0A0V0TGR2_taxID_144512_model	0.4007
A0A0V1KD92_taxID_6337_model	A0A8B6G957_taxID_29158_model_A	0.4007
A0A0V1KD92_taxID_6337_model	A0A8B6G9L0_taxID_29158_model_A	0.4007
A0A183C149_taxID_36090_model	A0AA88XKK9_taxID_66713_model	0.4007
A0A0R3RX42_taxID_1147741_model_A	A0A0V0S806_taxID_6336_model	0.4007
A0A4R8T272_taxID_1347389_model	A0AAD4FBU9_taxID_669026_model_A	0.4007
A0A085M8H3_taxID_68888_model	A0A6J8CL61_taxID_42192_model_A	0.4006
A0A498S2C2_taxID_6277_model_A	A0AA39H3A8_taxID_289476_model	0.4006
A0A1I7VEA5_taxID_7209_model	A0AA39H3A8_taxID_289476_model	0.4006
A0AAF3FHG4_taxID_2138241_model_A	A0ABD2LAM1_taxID_157864_model	0.4006
A0A7J7J2C8_taxID_10212_model	M5FY28_taxID_1858805_model	0.4006
A0ACC1PQ96_taxID_42375_model	N4XMY1_taxID_665024_model	0.4006
A0ABR3UFL0_taxID_48095_model	N4XMY1_taxID_665024_model	0.4006
A0A8S3RHI5_taxID_6550_model_A	A0A9N8DN83_taxID_568900_model	0.4006
A0A914S644_taxID_6256_model	A0AA88YDI9_taxID_66713_model	0.4006
A0ABR2XFG3_taxID_138064_model_A	A0ACC1PQ96_taxID_42375_model	0.4006
A0A084FV70_taxID_563466_model_A	A0A9P3CF74_taxID_84275_model	0.4006
A0A9J2Q8W3_taxID_6252_model	A0ABD2I4S2_taxID_97005_model	0.4005
A0A0B7BDN3_taxID_1028688_model_A	D7F7N6_taxID_541230_model_A	0.4005
A0A0V0TGR2_taxID_144512_model	A0A8S3R6L7_taxID_6550_model_A	0.4005
A0A135T4G4_taxID_703756_model	A0A9P3PKR9_taxID_47721_model	0.4005
A0A1I8IJ91_taxID_282301_model	A0ACC2HA47_taxID_75939_model	0.4005
A0A8B6G957_taxID_29158_model_A	A0A8S3THT1_taxID_6550_model	0.4005
A0A8S3RHI5_taxID_6550_model_A	A0ABN8LLM9_taxID_104178_model_A	0.4005
A0A9P9JQC5_taxID_48865_model_A	A0ACC2IQ67_taxID_749465_model_A	0.4005
A0A0V1G4S3_taxID_6337_model	A0A9D4LIH2_taxID_45954_model	0.4005
A0A409WEP5_taxID_231916_model_A	A0A8H6GM20_taxID_100902_model	0.4005
A0A084G098_taxID_563466_model	A0A2S6BQA0_taxID_357750_model	0.4005
A0ABQ8FRP3_taxID_1357716_model_A	A0ABR4NFV2_taxID_2732419_model_A	0.4005
A0A0V0S806_taxID_6336_model	A0A8B6CPY6_taxID_29158_model_A	0.4005
A0A8S3R6L7_taxID_6550_model_A	A0AA88XKK9_taxID_66713_model	0.4004
A0A1I4RJF6_taxID_44574_model_A	A0A6B2KZX3_taxID_1963864_model	0.4004
A0AAF3EKL4_taxID_2138241_model	A0ABD3VH26_taxID_1069815_model	0.4004
A0A8J1T8Q4_taxID_6347_model	A0AAF3EKL4_taxID_2138241_model	0.4004
A0A0V1KR57_taxID_6335_model	A0A8J1XGG3_taxID_6347_model	0.4004
A0A1G5SEQ3_taxID_51642_model_A	A0A6B2L294_taxID_1963864_model	0.4004
A0A4E9FIB1_taxID_6279_model	A0AA39H3A8_taxID_289476_model	0.4003
A0A8B6GSA5_taxID_29158_model	A0ABY7EX19_taxID_6604_model	0.4003
F0X9X8_taxID_655863_model	F9G554_taxID_660025_model	0.4003
A0ACC1NLV5_taxID_42375_model	A0ACC2IQ67_taxID_749465_model_A	0.4003
A0A0N4XV59_taxID_27835_model	A0AA88YDI9_taxID_66713_model	0.4003
A0A484G057_taxID_1213857_model	A0A8H7EGD0_taxID_1187904_model	0.4003
A0A6P8I583_taxID_6105_model	A0ABN8RHG1_taxID_104759_model	0.4003
A0A8B6BKM4_taxID_29158_model_A	A0AA88XKK9_taxID_66713_model	0.4003
A0A0R3RX42_taxID_1147741_model_A	A0ABD3VH26_taxID_1069815_model	0.4003
A0A4P9XG75_taxID_78915_model	D3BV93_taxID_670386_model_A	0.4003
A0A6J8BR51_taxID_42192_model_A	A0AAN8JKH5_taxID_87958_model	0.4003
A0A1S9S186_taxID_104259_model	A0A4Q2V7C7_taxID_451672_model	0.4002
A0A2G7FYG7_taxID_656916_model_A	W6ZHH7_taxID_930090_model	0.4002
A0A914W9Q0_taxID_2011161_model	A0AAF5PZK9_taxID_6293_model	0.4002
A0A4U7KZ21_taxID_280036_model_A	A0ABQ0M0Y9_taxID_658473_model_A	0.4002
A0A0V1KD92_taxID_6337_model	A0AA39HID6_taxID_289476_model	0.4002
A0A0V0TGR2_taxID_144512_model	A0A8B6G9L0_taxID_29158_model_A	0.4002
A0A0V1KD92_taxID_6337_model	A0A915JY09_taxID_13658_model	0.4002
A0A285BU58_taxID_44577_model_A	A0A5P8W6J8_taxID_2653204_model	0.4002
A0A238C4W2_taxID_387005_model	A0A6J8ENF3_taxID_42192_model_A	0.4002
A0A8H4RXW4_taxID_354080_model_A	A0A8H7B393_taxID_1187904_model_A	0.4002
A0A0F4GBJ7_taxID_1047168_model	A0AAE8SXX8_taxID_2041049_model_A	0.4001
A0A0F4GBJ7_taxID_1047168_model	A0A9P9XQR7_taxID_1671311_model	0.4001
A0A7J7J2C8_taxID_10212_model	A0ABN8LP07_taxID_104178_model	0.4001
A0A5Q4BMU6_taxID_2078593_model	F9G554_taxID_660025_model	0.4001
A0A0V1BIN6_taxID_6334_model	A0A8B6G957_taxID_29158_model_A	0.4001
A0ABR3UFL0_taxID_48095_model	R0ISP9_taxID_671987_model	0.4001
A0A8J1UW52_taxID_6347_model	A0A915KKL6_taxID_13658_model	0.4001
A0AAF3EKL4_taxID_2138241_model	K1Q6D2_taxID_29159_model	0.4001
A0A0B2VVI5_taxID_6265_model	A0A0V1I3Y0_taxID_268475_model	0.4001
A0A8E0V7V4_taxID_52442_model_A	K0B2W2_taxID_1229908_model_A	0.4001
A0A085M8H3_taxID_68888_model	A0AAN8JKH5_taxID_87958_model	0.4000
A0A016T0A5_taxID_53326_model	A0A1I7VBE5_taxID_7209_model	0.4000
A0A2S6BQA0_taxID_357750_model	R0ISP9_taxID_671987_model	0.4000
A0A0R3RX42_taxID_1147741_model_A	A0A6J8DAY9_taxID_42192_model	0.4000
A0A9D4MZZ2_taxID_45954_model	A0ABY7EX19_taxID_6604_model	0.4000
