A0A023GU59_taxID_151069_model_A	B2ZB02_ref_A	142	426	599	6	286	2.845E-01	10M3I14M2I18M3I4M1I6M1D25M2I12M9I12M30D20M4D5M8I15M3I19M1I1M2D11M7I30M2I8M7D6M2I6M5I15M
A0A074S9M8_taxID_1423351_model_A	B2ZB02_ref_A	34	304	305	2	286	6.764E-01	2M2D25M6I3M5I12M13D45M1I8M1I5M4I2M6D8M2I3M6D5M1D30M9D2M1D6M5D17M1D24M2D3M10I10M3D10M4I10M2I6M
A0A074W6F3_taxID_1043004_model_A	B2ZB02_ref_A	97	320	321	2	286	4.908E-01	30M4I2M4I14M10D32M1I8M1I10M46D7M10I2M1D14M10D11M2I5M11D3M1D7M1D26M1D3M6D8M2I10M2I6M
A0A074YQS1_taxID_1043005_model_A	B2ZB02_ref_A	101	320	321	6	286	4.749E-01	17M3I7M1I4M5I3M1D10M10D28M1I22M11D2M8I3M30D7M3D14M10D12M12D7M2I7M1D25M1I5M1I3M7D14M2I6M
A0A077ZGT3_taxID_36087_model_A	B2ZB02_ref_A	93	357	752	6	287	3.041E-01	28M5I9M2D6M7D59M5D11M1D4M2I4M4D14M1D16M5D6M1I2M1I9M9D36M2D4M6I3M1D2M2I2M1I23M2I7M
A0A091TFJ5_taxID_97097_model_A	B2ZB02_ref_A	36	360	417	6	294	5.529E-01	22M19I6M9I13M1D9M5I27M2I15M5D13M1D10M1I4M2D9M12I11M1I5M2D35M6I6M12D35M1I21M2I3M1I22M
A0A093R256_taxID_9209_model_A	B2ZB02_ref_A	26	359	416	6	294	5.992E-01	22M19I6M9I16M4I34M2I15M5D13M1D10M1I4M2D9M12I11M1D44M1D2M4I47M1I21M2I4M1I21M
A0A0A7CN79_taxID_1202772_model_A	B2ZB02_ref_A	54	307	498	6	257	3.535E-01	38M2I4M10D29M3I12M6I7M1I5M12D8M3D8M1I6M25I5M2D5M1D3M3I9M1I4M13D12M2D39M3I15M
A0A0W8DAM1_taxID_4792_model_A	B2ZB02_ref_A	45	282	897	2	243	1.859E-01	4M4I38M5I5M13D25M3I12M6I5M1I8M2D7M10D4M2D4M1D7M1D3M1D9M1D3M22I12M11D6M1D3M1I2M2D14M1D25M
A0A2N5SRB5_taxID_200324_model_A	B2ZB02_ref_A	127	361	362	6	232	4.858E-01	24M2D2M12I14M10D24M1I17M2D11M3I13M7I8M2D4M2D6M1D9M3I5M5I12M13D5M1I6M5I6M3I29M
A0A812PC05_taxID_1628268_model_A	B2ZB02_ref_A	95	357	517	1	273	3.636E-01	25M14I9M1I13M1D2M12D21M2I10M2I5M4D14M8I8M3I8M5D4M5I12M2D4M1D2M1D9M2D7M6D9M6D41M2I6M10D2M3I12M
A0A8H7Y763_taxID_181762_model_A	B2ZB02_ref_A	31	329	330	2	286	6.365E-01	2M2D26M9I2M2I14M10D32M1I13M1I9M1I7M9I6M9I8M2D3M1I10M1I6M2D22M10D10M6D41M6D5M5I2M5D7M16I11M2I6M
A0A8U0BYU8_taxID_104660_model_A	B2ZB02_ref_A	40	300	511	6	287	4.332E-01	26M5I11M1I5M10D57M3D14M2D3M11D7M3D16M3I4M4I8M2D6M10D35M3I10M2I8M1D13M1I13M2I4M
A0A9W6UBD6_taxID_2077276_model_A	B2ZB02_ref_A	19	256	481	4	233	2.974E-01	40M1D4M9D5M3I2M1D19M3I14M7D13M3I3M1I9M6D5M4I11M1D6M10I4M1I2M15I10M1D20M5D16M1D15M
A0AAV0V041_taxID_162125_model_A	B2ZB02_ref_A	61	298	870	6	243	1.945E-01	38M5I5M13D25M3I11M1I12M2I4M2I6M10D4M3D12M28I3M3D9M3I2M1D12M11D6M1D3M1I2M2D14M1D25M
A0ACC1SFB7_taxID_57161_model_A	B2ZB02_ref_A	27	390	686	6	286	2.050E-01	6M8D3M8D17M2D7M2I2M6I4M1I19M20I14M8I4M6I4M1D12M12I4M2I7M1D10M3I6M15I2M7D2M2I5M1D11M20I12M2D3M4D4M6D9M6I34M2D5M6I6M10I9M6I18M
A0A085NCJ6_taxID_68888_model_A	B2ZB02_ref_A	218	539	643	6	295	2.817E-01	20M1D5M13I2M8I13M3D11M1D21M2I13M4D12M2I4M3D8M7I9M16D15M23I14M6D12M1I2M6D8M9I7M8I48M2I9M1I8M4D5M
A0A0V1KD92_taxID_6337_model_A	B2ZB02_ref_A	138	404	791	1	286	2.971E-01	3M2D27M5I10M2D5M2D2M5D58M1I2M6D8M1D12M2D12M1D16M5D5M1D8M1D1M5D41M5I13M1I24M2I6M
A0A238C4W2_taxID_387005_model_A	B2ZB02_ref_A	348	616	729	6	286	3.072E-01	38M3I3M11D61M3D10M2D3M2D6M3D6M2D7M1D10M4I3M4I4M4I4M3D6M10D42M5I12M2I11M4I2M2D11M1I3M
A0A425CLB8_taxID_542832_model_A	B2ZB02_ref_A	29	271	499	6	242	3.139E-01	38M1D4M9D5M3I2M1D19M3I9M1I13M2I4M1D3M5D11M1I9M2D11M1D6M10I4M13I12M6D4M4I1M1I10M5D16M1D24M
A0A7C8MC86_taxID_100035_model_A	B2ZB02_ref_A	85	317	368	6	246	5.231E-01	28M8I14M10D24M1I20M2D20M6I1M2I10M2D4M2I5M1D7M5I5M2I2M3D14M10D8M3D3M2D4M1D38M
A0A8H3UFY5_taxID_5025_model_A	B2ZB02_ref_A	41	286	345	1	244	5.531E-01	33M8I13M1D1M9D28M1I13M2D11M1I13M6I10M1I7M3I5M3I8M3I3M1I3M2D1M5I10M5D6M5D6M3D3M2D14M1D26M
A0A8H5WCB4_taxID_48490_model_A	B2ZB02_ref_A	1	254	266	14	278	7.446E-01	18M7I2M3I12M12D25M1D5M2I10M2D11M1I9M1D13M2D1M1I10M1I6M2D22M6D2M4D6M5D47M1D3M1D8M7I3M2I5M2I10M
A0A8K0SEI0_taxID_80388_model_A	B2ZB02_ref_A	37	342	343	6	286	5.640E-01	26M9I2M3I11M16D3M1D5M8D4M1I22M1I8M1I7M3I6M16I7M1D2M2D4M4I7M1I6M3I6M4D13M10D9M1I8M1I9M3I32M3I3M1D8M3I11M2D3M15I9M2I5M
A0A9D4GX75_taxID_45954_model_A	B2ZB02_ref_A	90	366	528	1	286	4.395E-01	5M2I38M2I2M12D59M5D13M1D5M6D15M1I16M5I8M1D2M3D6M6D44M4I3M1I7M7I13M1I5M1I8M1I3M
A0AAD4BGZ0_taxID_1328754_model_A	B2ZB02_ref_A	16	430	676	6	286	2.526E-01	15M2I5M1D3M4D7M13I11M20I4M6I3M5I22M9I5M7I9M3I5M4D7M2D5M1I6M12I6M2D3M6I2M2I3M2I9M8I3M4I5M2I17M17I5M5I11M4D4M6D9M2I33M12I8M8I16M6I9M5I8M
A0ABN8N4G6_taxID_104759_model_A	B2ZB02_ref_A	144	394	396	5	286	5.300E-01	45M9D5M1D43M2I3M2I9M1I2M2D21M3D6M1I4M4D16M6D2M4D7M5D43M9D4M1D6M3I16M4I6M
A0ABR3U3E6_taxID_856260_model_A	B2ZB02_ref_A	39	345	352	6	287	5.635E-01	23M9I5M4I7M17D32M1I14M1I8M1I7M5I6M9I8M2D3M1I4M4I5M1D6M1D18M8I8M8D4M8D12M3I34M12I22M2I12M2I7M
L2FID8_taxID_1213859_model_A	B2ZB02_ref_A	60	356	356	6	287	6.027E-01	26M3I2M5I13M6D2M4D31M1I12M2D8M1I21M2I15M3I7M5I4M10I2M3D15M10D7M3D3M2D14M1D29M10I19M1D3M5I10M2I7M
A0A061GFI2_taxID_3641_model_A	B2ZB02_ref_A	82	365	538	6	286	3.115E-01	26M5I13M2I5M1D5M4I1M2D25M2I17M3D7M8D9M10D22M2D5M2I19M5D3M7D3M18I11M7I30M1D4M11D4M8I3M2I3M3I16M
A0A091EJM4_taxID_85066_model_A	B2ZB02_ref_A	127	465	522	6	294	4.724E-01	20M19I8M9I18M1I5M3I27M2I14M5D14M1D9M1I5M2D9M12I11M1I5M2D39M6I2M2I47M1I21M2I4M1I21M
A0A0V1JHS7_taxID_6337_model_A	B2ZB02_ref_A	134	404	791	1	286	2.962E-01	7M2I26M5I9M2D5M2D2M5D58M1I2M6D7M2D12M1D13M1D16M5D5M1D8M1D1M5D41M5I13M1I16M1I11M1I3M
A0A395HJP7_taxID_1450537_model_A	B2ZB02_ref_A	50	366	366	6	287	5.880E-01	26M4I2M6I18M5D29M1I37M1D9M2D4M1I9M1I6M1D18M5D5M5D9M3D2M2D11M6I3M19I4M2I27M7I11M6I8M4I15M2I5M
A0A4Y8D0D0_taxID_38488_model_A	B2ZB02_ref_A	8	285	343	6	245	5.409E-01	24M8I2M2I2M3I14M3I4M6I7M2D29M1I9M2D8M2I16M21I2M1D5M1D7M10I3M1I4M1I6M3I2M2D3M3D9M1I4M12D11M1D45M
A0A6G0JRR3_taxID_53985_model_A	B2ZB02_ref_A	28	234	594	6	242	2.707E-01	37M4D7M4D24M3I17M6I7M1I4M3I8M18D6M1D5M1D2M7I10M6D10M11D5M1I4M5D18M1D22M
A0A858R6E5_taxID_1709002_model_A	B2ZB02_ref_A	12	310	492	2	287	3.502E-01	3M1D6M1D3M5I13M2I14M4D12M26I5M4I18M2I29M8D3M1I3M3D4M1D8M1I7M5I1M7D4M2D7M2I15M4D9M5D13M2I29M2D4M1D5M6D1M2D5M10I18M
A0A8H8RRA0_taxID_602034_model_A	B2ZB02_ref_A	50	381	382	1	286	5.346E-01	5M2I20M8I2M4D2M7I1M5I14M1I2M7D32M1I3M5D7M2D12M10I2M1D3M10I7M2I9M10I3M3I3M1D5M1D13M3D13M6D8M2I18M1I28M3I10M5I15M4I12M2I7M
A0A919DDV5_taxID_1169913_model_A	B2ZB02_ref_A	29	314	494	3	287	3.493E-01	8M1D5M2I22M1I12M13I9M10I3M3I19M2I14M4D6M9D6M2D8M4I15M9D4M4D5M2I14M3D13M6D11M2I31M4D9M3D3M4I4M1D2M4I16M
A0AAD8FEX8_taxID_112525_model_A	B2ZB02_ref_A	22	296	567	6	286	3.567E-01	26M3I12M1I2M2D12M1I57M8D9M3D11M1D7M3I10M2I12M10D10M6D11M4I31M4D18M7I3M5I6M2I10M
A0AB74JLQ5_taxID_5580_model_A	B2ZB02_ref_A	97	321	322	2	286	4.694E-01	21M3I7M2I4M3I19M10D23M1I10M5D10M4D6M7I3M11D1M18D7M4D13M10D8M9D12M1D8M1D23M1D6M3I3M7D14M2I6M
A0A4S2LAY4_taxID_147828_model_A	B2ZB02_ref_A	124	421	428	6	255	4.515E-01	26M9I6M15I1M1I16M8I29M4I2M2I10M3D2M3D17M1D9M3I2M4I8M6I13M1D2M3D22M2D2M3I16M7I46M1D7M
A0A5N6BWN4_taxID_1712871_model_A	B2ZB02_ref_A	37	288	288	6	297	7.847E-01	42M10D41M2D33M2D3M2D6M1D30M9D2M1D9M6D13M1D29M3D4M1D5M1I27M3D7M
A0A6A6JAY1_taxID_318751_model_A	B2ZB02_ref_A	3	287	287	1	286	7.628E-01	3M2D28M8I15M10D31M1I9M2D11M1I12M7I8M3D1M1I2M2I9M1D11M6I2M3D16M10D6M3D3M2D13M1D30M6I11M2D10M4I9M2I7M
A0A7D5Z0B1_taxID_500148_model_A	B2ZB02_ref_A	20	256	513	6	247	3.685E-01	27M8I14M1D2M9D28M1I12M2D20M5I3M1I9M2I6M2I8M3I16M3I11M13D15M2D12M1D26M2D3M
A0A8H3DR34_taxID_456999_model_A	B2ZB02_ref_A	52	390	395	1	287	5.121E-01	3M4I22M1D3M13I4M10I11M1D6M9D22M1I16M2D11M3I20M2I5M6D4M1D6M5I7M1I3M10I9M5D6M2I1M5D10M1D16M1D3M1I27M10I10M2D2M6I5M1D3M6I4M7I6M6I7M
A0A8H5AS67_taxID_2480587_model_A	B2ZB02_ref_A	13	365	629	1	294	3.129E-01	3M2D14M2I6M1D7M7I11M9I33M4I8M15I9M2D3M1I21M4D10M13I1M1I1M1I5M4I6M7D6M6D5M10I8M2I9M4I1M2D6M6D9M2I36M2I8M4I4M2I8M1I3M5I23M
A0A9D4EB14_taxID_45954_model_A	B2ZB02_ref_A	89	355	486	1	286	4.783E-01	5M2I40M3D2M7D60M5D10M1D3M7D14M3D16M2I21M6D45M6I22M1I2M1I10M1I4M
A0A9P5IJI5_taxID_139641_model_A	B2ZB02_ref_A	77	312	362	2	247	5.424E-01	32M8I15M10D30M1I10M2D11M1I9M6I4M2I10M2D12M1I10M4I2M3D14M10D8M5D11M1D35M
A0A9W9T4Q6_taxID_2972119_model_A	B2ZB02_ref_A	69	317	350	6	272	5.546E-01	18M1I10M7I14M10D25M1I16M2D12M1I12M6I8M2D13M1I11M6I2M3D14M10D9M5D6M1D36M6D5M6D3M4I8M
A0AAD9AZ26_taxID_1836956_model_A	B2ZB02_ref_A	38	311	314	6	286	7.192E-01	27M8I15M10D24M1I17M2D11M1I13M6I8M2D8M2I4M1D6M2D3M3I2M3D14M10D8M3D3M2D10M1D34M2I19M4I13M2I6M
A0ACD3YVM0_taxID_2747967_model_A	B2ZB02_ref_A	37	352	353	6	293	5.841E-01	5M3D3M2I11M5I6M4I18M9D21M1I16M6I6M4D2M2D9M1D18M2I8M1I6M2D8M1I5M1I9M12D6M4I3M3I1M3I4M3I10M1I3M1D31M11I18M2D2M6I11M6I5M4I7M
A0A066X3Q1_taxID_1173701_model_A	B2ZB02_ref_A	94	367	370	6	286	5.824E-01	26M4I2M4I14M10D24M1I17M2D12M1I9M4I2M1I8M2I6M5D1M3I3M1D9M2I4M3D14M9D2M1D6M3D3M2D10M1D33M2D11M4I4M2I4M2I12M2I6M
A0A086T0Z5_taxID_857340_model_A	B2ZB02_ref_A	42	384	530	6	286	3.441E-01	9M1D5M1I14M7I11M5I12M2I23M20I15M4D4M5D4M8D5M8D8M2I2M1D4M5I8M11I8M15I7M6I19M1D6M6D8M2I41M8I17M12I17M
A0A0V1G4S3_taxID_6337_model_A	B2ZB02_ref_A	137	400	787	6	286	2.932E-01	28M5I9M2D5M2D2M5D58M1I2M6D8M1D4M1I8M3D14M1D13M5D5M1D8M1D1M5D41M5I14M1I15M1I11M1I3M
A0A1R4H6E4_taxID_360316_model_A	B2ZB02_ref_A	27	326	475	6	296	3.745E-01	6M1D22M7I9M1D6M19I10M2I2M4I19M2I42M24D12M6D8M1I4M10D9M5D11M16I38M2I6M5I5M4D12M1I13M1I6M
A0A2J6TD48_taxID_1095630_model_A	B2ZB02_ref_A	22	306	306	6	286	7.183E-01	26M6I2M2I15M10D30M1I13M2D9M1I9M4I4M6I9M2D12M1I12M3D6I14M10D8M3D3M2D14M1D24M3I12M1I10M2I2M2I14M2I6M
A0A3M7J5F3_taxID_91943_model_A	B2ZB02_ref_A	55	424	642	2	287	2.628E-01	2M2I2M2I15M1I8M6I15M4D5M11I3M1I4M1I22M20I14M1I16M5D2M6D5M12D2M1I5M3I27M9I4M1D6M2I2M3I7M16I2M12I3M4I12M2I40M3I6M3I2M2I9M7I18M
A0A5J6HY91_taxID_132473_model_A	B2ZB02_ref_A	2	252	262	6	286	8.483E-01	28M5I14M10D37M2D24M1D11M2D3M2D6M1D30M3D3M5D9M5D18M1D27M2D8M1D28M
A0A5Q4BTC4_taxID_2078593_model_A	B2ZB02_ref_A	42	386	529	6	297	3.361E-01	15M2I8M6I16M6D1M10I7M1I15M27I4M12I27M4D3M5D1M3I6M1D3M4I7M5D1M7I10M1I7M6I3M4I15M8D9M11D20M3D19M1I2M6I13M2I9M6I17M2D9M
A0A6I3X362_taxID_321982_model_A	B2ZB02_ref_A	70	314	456	5	252	3.518E-01	12M1I18M8I16M8I4M7I8M6I19M2I23M5I13M1D5M18D4M7D5M1D6M4D15M4D9M5D13M2I30M2D6M
A0ACC2TJ92_taxID_34485_model_A	B2ZB02_ref_A	39	278	284	6	295	6.326E-01	35M9D14M3D35M2D16M3D9M2D25M3I2M5D12M14D8M6D3M1I4M3D2M1I25M3I10M9D19M1I6M3D6M
D0NAA1_taxID_403677_model_A	B2ZB02_ref_A	23	255	255	6	230	4.647E-01	50M7D3M1D18M3I14M4D9M4D3M4I3M1I9M1I8M3D3M2I8M2I2M5I9M13I12M5I10M3D10M5D14M1D12M
F9XBE5_taxID_336722_model_A	B2ZB02_ref_A	20	316	316	6	286	6.679E-01	27M8I16M10D31M1I9M2D11M1I13M6I10M1I3M1I3M3I7M5I10M6I3M3D10M5D4M4D2M1D6M3D3M2D12M1D35M4I9M5I4M2I4M2I12M2I6M
W2KB90_taxID_4792_model_A	B2ZB02_ref_A	22	266	495	6	242	3.103E-01	41M10D6M3I2M1D19M3I9M1I6M4D8M5D2M4I3M1I9M1I8M3D11M1D6M10I4M13I12M3I5M1I5M2D9M5D16M1D24M
A0A0V1BIN6_taxID_6334_model_A	B2ZB02_ref_A	135	440	832	1	286	2.793E-01	33M5I9M2D5M2D2M5D13M1D2M38I42M1I2M6D7M2D5M2I7M3D14M1D13M5D5M1D8M1D1M5D41M5I13M1I19M1I8M1I3M
A0A1X7RU91_taxID_1276538_model_A	B2ZB02_ref_A	78	374	374	6	286	5.858E-01	27M8I16M10D31M1I9M2D11M1I13M6I10M1I6M4I7M5I10M6I3M3D15M10D7M3D3M2D12M1D35M4I4M6I2M1D6M2I4M2I11M2I7M
A0A2P7ZE68_taxID_40998_model_A	B2ZB02_ref_A	32	261	271	6	242	6.838E-01	27M8I15M10D24M1I17M2D11M1I8M5I4M1I8M2D14M1I6M1D6M3I3M4I10M5D4M5D8M3D3M2D14M1D24M
A0A329SB08_taxID_29920_model_A	B2ZB02_ref_A	23	267	496	6	242	2.971E-01	41M3I4M6D2M4D2M1D19M3I9M1I8M2D4M7D4M4I3M1I9M1I8M3D12M4I1M5I9M4I4M8I8M8D5M7I11M1D17M1D24M
A0A4S9LP12_taxID_5580_model_A	B2ZB02_ref_A	101	321	322	6	286	4.739E-01	17M3I11M5I19M10D23M1I11M4I16M6D5M30D7M3D14M10D13M2D4M7D4M1D7M1D29M2I4M7D14M2I6M
A0A4Y8D0V3_taxID_38488_model_A	B2ZB02_ref_A	61	342	342	6	286	6.485E-01	28M8I14M10D32M1I12M2D8M1I14M6I7M2D13M1I13M6I1M2D10M5D4M5D8M3D3M2D10M1D34M3I4M3I6M2D10M4I10M2I6M
A0A2P7Z1M8_taxID_40998_model_A	B2ZB02_ref_A	68	370	371	6	286	4.984E-01	26M4I2M8I7M2D6M9D29M1I32M11I6M10I8M5D4M3D4M3D11M6I4M3D7M10D10M1I4M1I15M1I27M4D10M2I7M2D5M16I11M2I5M
A0A446BXJ9_taxID_2587410_model_A	B2ZB02_ref_A	25	238	299	6	246	5.953E-01	26M4I2M6I11M1D3M9D32M1I12M2D8M1I21M2D3M1I10M1I6M2D22M9D5M1D3M3D8M12D28M
A0A4P9XJ34_taxID_78915_model_A	B2ZB02_ref_A	26	279	285	1	286	7.510E-01	3M2D25M3I17M10D41M2D32M2D2M3D5M1D27M12D11M3D21M1D24M3I3M4I4M5D11M1D18M
A0A4Z1PB68_taxID_86259_model_A	B2ZB02_ref_A	25	360	361	6	286	5.943E-01	26M3I4M7I16M3I3M13I13M4D18M1I7M2I15M1I9M1I4M12I8M2D3M1I4M4I5M1D6M3I5M4D15M12D6M4I6M3I46M9I22M5I13M6I4M
A0A6A3NDJ9_taxID_129364_model_A	B2ZB02_ref_A	29	282	533	3	256	3.121E-01	32M3D14M6D5M1I24M3I11M6I11M2D3M5I6M12D2M2D6M1D5M1I5M8I6M4I5M1I2M13I12M9D10M6D15M1D38M
A0A7J7J2C8_taxID_10212_model_A	B2ZB02_ref_A	376	616	721	5	286	3.079E-01	43M10D3M1I22M2I15M2D23M1D11M3D5M5D12M1D17M10D7M4D3M2D14M1D24M2D7M4D25M1I6M
A0A8H4CUC1_taxID_474922_model_A	B2ZB02_ref_A	37	369	370	6	286	6.044E-01	26M9I2M3I12M1I9M4D5M2I23M1I26M1I12M21I10M2D7M3I4M1I6M2D8M1I14M10D9M2I3M1I13M3I34M10I2M2I9M5I1M2D6M1I4M3I10M2I6M
A0A8H8RL10_taxID_602034_model_A	B2ZB02_ref_A	81	366	368	2	286	6.044E-01	30M4I2M4I15M10D27M1I16M2D8M1I10M1I4M5I7M2I5M2D6M1D17M4I14M10D8M3D3M2D10M1D30M3I3M1D2M6I6M4D10M4I10M2I6M
A0A914VGJ7_taxID_2011161_model_A	B2ZB02_ref_A	118	380	381	6	286	5.045E-01	13M1D10M20I4M7I16M5I33M2I16M5D3M29D8M10D6M2D11M2D14M1I8M6D10M2D34M1I21M2I9M1I8M
A0A9P4PM19_taxID_1392251_model_A	B2ZB02_ref_A	45	315	370	6	246	5.104E-01	26M6I2M7I11M1D3M9D32M1I12M2D5M2I13M8I5M10I6M5I6M8I9M1I6M1D28M7D7M1I4M1I46M
A0ACC3CBV5_taxID_2788_model_A	B2ZB02_ref_A	247	500	572	6	286	3.839E-01	42M10D41M2D14M1D5M2D11M2D3M4D6M1I5M5I6M1D2M1D9M1D6M1I6M6D3M8D10M7I38M1I8M2D20M2D4M
U3AIJ7_taxID_1337093_model_A	B2ZB02_ref_A	34	339	514	1	297	3.449E-01	2M3D9M2I9M1I6M4I13M6I3M8I12M1I8M1I16M2I23M3D2M4D10M2D9M1D2M3D12M1I7M11D9M4D13M1D3M1I3M6I9M7I31M1I9M8D3M1I6M10I18M3D7M
A0A0V1I3Y0_taxID_268475_model_A	B2ZB02_ref_A	149	417	804	1	286	2.897E-01	32M5I10M2D5M2D2M5D58M1I2M6D7M2I9M5D14M1D16M5D5M1D8M1D1M5D41M5I14M1I23M2I6M
A0A1Y2EAK7_taxID_1141098_model_A	B2ZB02_ref_A	19	254	313	35	246	5.050E-01	12M10D29M1I13M2D6M2I12M5I1M5I5M11I8M1D2M3I7M12I5M1I6M1D18M6D20M3I4M1D6M2I37M
A0A2N5U4U9_taxID_200324_model_A	B2ZB02_ref_A	96	346	347	4	247	5.075E-01	30M10I14M10D41M2D11M3I7M4I6M3I8M2I4M6D4M1D6M3I8M2D2M5I3M1I4M9I7M7D5M4D3M1D48M
A0A384K4W6_taxID_332648_model_A	B2ZB02_ref_A	61	342	342	6	286	6.457E-01	28M8I14M10D32M1I12M2D8M1I14M6I9M2D11M1I13M6I1M2D10M5D4M5D8M3D3M2D10M1D34M5I9M1D12M4I10M2I6M
A0A4P9XNA4_taxID_78915_model_A	B2ZB02_ref_A	4	222	222	35	286	8.438E-01	8M1D5M9D43M2D30M1D1M1D8M4D23M1I6M9D3M1D6M6D16M1D25M2I12M3D3M3I5M1I3M2D15M
A0A4S9ZZ06_taxID_5580_model_A	B2ZB02_ref_A	97	321	322	2	286	4.919E-01	21M1I8M2I3M5I19M10D23M1I10M1I17M1I3M4D4M30D7M3D14M10D13M2D4M7D4M1D7M1D23M1D6M3I3M7D14M2I6M
A0A5M8PS01_taxID_136370_model_A	B2ZB02_ref_A	86	367	367	6	286	6.120E-01	28M8I15M10D27M1I13M2D11M1I9M2D2M8I8M2D4M2I7M1D12M6I2M3D14M10D8M3D3M2D13M1D31M3I5M2I14M4I13M2I6M
A0A6A7BLX6_taxID_1408161_model_A	B2ZB02_ref_A	62	355	356	1	286	5.948E-01	5M1I26M1I2M7I10M1I5M10D23M1I17M2D11M1I1M1I6M4I6M4I10M2D11M1I6M1D5M7I1M3D10M5D6M5D6M5D16M1D26M6D4M10I7M3I10M4I10M2I6M
Q33CJ6_taxID_8330_model_A	B2ZB02_ref_A	36	366	366	2	296	6.843E-01	2M2D26M16I3M8I20M3I32M2I12M5D13M1D3M1D11M2D6M13I3M1I3M1D54M7I47M1I9M1D12M2I8M1I8M5D5M
W7M987_taxID_334819_model_A	B2ZB02_ref_A	1	233	294	9	242	6.155E-01	25M8I15M10D28M1I12M2D11M1I13M7I8M2I4M1I7M5I2M1D14M5I1M2D14M9D2M1D7M5D16M1D24M
A0A074W682_taxID_1043003_model_A	B2ZB02_ref_A	17	287	344	4	244	5.436E-01	26M14I5M3I11M4D2M6D29M1I12M2D11M2I11M7I2M12I7M2I11M10I4M1D6M3I4M4D16M9D14M1I3M1I41M
A0A0K6GCM0_taxID_456999_model_A	B2ZB02_ref_A	14	456	736	2	286	2.167E-01	4M2I9M1D16M6I16M1I3M8I9M4I21M11I5M11I9M3D5M1I8M2D5M1I13M4D3M1I3M1D5M1D7M5I9M22I18M3D5M53I6M3D5M5I9M2I31M12I8M14I4M11I3M2D8M6I8M2I10M
A0A183IVQ9_taxID_241478_model_A	B2ZB02_ref_A	120	386	446	4	286	4.991E-01	4M1I26M5I9M4I6M13D57M5D9M2D10M1D6M1D24M5D6M2I8M9D41M2D2M7I8M1I15M1I11M1I3M
A0A1Y1VYU8_taxID_61395_model_A	B2ZB02_ref_A	28	278	456	6	287	4.671E-01	42M10D41M2D20M1D11M2I4M8D4M1I16M1D12M9D3M1I6M5D16M1D7M3D12M2D10M2D6M1I7M7I2M1D11M2I7M
A0A384BB62_taxID_9767_model_A	B2ZB02_ref_A	121	499	554	1	295	4.591E-01	5M1D22M19I5M9I18M1I3M3I32M2I12M5D12M1D10M1I5M2D9M12I10M1I6M2D36M5I5M3I29M35I18M1I21M2I7M1I19M
A0A4T0WAP6_taxID_80884_model_A	B2ZB02_ref_A	171	502	503	6	286	4.064E-01	21M3I2M6I5M4I13M10D33M1I9M2D8M2I10M12I7M10I6M6I16M10I6M3I4M4D7M1I9M9D2M1D7M4I23M1I29M8I9M3D1M2I3M2I6M2I11M3I5M
A0A6A3Q4B5_taxID_53985_model_A	B2ZB02_ref_A	1	232	635	14	253	2.488E-01	29M4I3M12D29M3I11M6I4M3I4M1D11M14D3M2D5M1D5M3I9M4I2M5I5M13I9M1I4M14D5M5D19M1D33M
A0A7W8KIV5_taxID_1141878_model_A	B2ZB02_ref_A	1	210	899	1	242	2.011E-01	25M1D7M8I9M2I7M9D37M5D4M2D16M6D4M1D5M5D5M1I7M5D25M3D9M6D39M
A0A014N831_taxID_568076_model_A	B2ZB02_ref_A	93	391	391	2	286	5.547E-01	31M8I14M1D2M9D28M1I12M2D20M5I3M1I9M2I6M2I4M4I3M1D7M1D9M4I14M9D2M1D7M5D14M1D26M19I10M8D10M4I10M2I6M
A0A0C2XCT6_taxID_933852_model_A	B2ZB02_ref_A	20	452	708	6	286	2.083E-01	16M2I6M1D6M15I9M17I6M9I18M1I3M11I7M10I13M1I5M10I6M5I5M11I4M2I3M5I3M9I4M16I5M3D5M2D13M12D12M1I5M20I2M7I4M3D3M4D4M6D9M2I34M3D9M3I4M4I7M21I10M4I7M
A0A317VMA5_taxID_1448321_model_A	B2ZB02_ref_A	107	343	395	2	247	4.991E-01	4M1I28M8I15M10D28M1I12M2D11M1I13M6I8M1D2M1D11M1I6M1I12M4I12M10D8M3D3M2D13M1D26M2D2M
A0A4Q4NQ20_taxID_5599_model_A	B2ZB02_ref_A	5	226	280	34	243	5.880E-01	14M10D28M1I13M2D11M1I12M3I2M5I9M2D11M1I16M5I14M10D8M3D3M2D11M24I4M1I25M
A0A4S9V507_taxID_5580_model_A	B2ZB02_ref_A	97	321	322	2	286	4.696E-01	21M3I11M5I12M7D5M3D25M1I12M1I10M11D2M8I3M17D3I2M22D3M3I10M10D8M9D13M1D7M1D29M2I4M7D14M2I6M
A0A6A6VF46_taxID_1340428_model_A	B2ZB02_ref_A	33	319	320	2	286	7.083E-01	4M1I28M8I15M10D24M1I16M2D11M1I11M6I1M1I11M2D1M2I8M1D12M6I2M3D14M10D8M3D3M2D13M1D27M2I9M4I5M2D7M4I13M2I6M
A0A7S2D0S4_taxID_3111310_model_A	B2ZB02_ref_A	24	477	503	1	286	4.108E-01	4M1D24M4I5M9I12M5D47M10I4M5I28M2I8M7I5M8I9M3I7M2D15M60I5M6D2M35I8M12I15M5I3M1D23M1D17M6I7M2I2M9I5M2I3M6I6M1D5M
A0A8H5MQC7_taxID_42672_model_A	B2ZB02_ref_A	73	313	334	6	247	5.855E-01	28M8I15M10D24M1I19M2D8M1I12M4I1M3I10M1I9M7I2M1D16M3I15M9D2M1D7M5D15M1D30M
A0A8J4W827_taxID_1284355_model_A	B2ZB02_ref_A	3	320	448	35	296	3.298E-01	11M4D5M3D5M3I2M1D12M3I21M7D8M1D4M4I3M1I9M1I4M2D4M1D11M1D6M10I4M13I11M3I5M1I6M2D9M5D16M1D34M2I6M13I5M2D5M8I10M16I2M10I4M2D8M
A0A9Q8WCM4_taxID_145971_model_A	B2ZB02_ref_A	156	487	488	6	286	4.330E-01	23M9I5M4I14M10D24M1I17M2D8M2I10M11I6M11I7M6I16M10I6M3I4M4D11M1I5M9D2M1D7M4I22M1I29M1D12M8I4M2I6M2I12M3I4M
A0ABX5UDS5_taxID_864828_model_A	B2ZB02_ref_A	65	298	525	7	243	2.790E-01	4M1D21M12I8M7I14M7I1M2I7M1I19M2I23M5I13M1D5M18D4M8D11M4D16M4D8M5D13M2I29M
S0DQZ0_taxID_1279085_model_A	B2ZB02_ref_A	73	308	378	6	242	4.902E-01	27M6I1M2I15M10D23M1I20M2D8M1I13M7I8M2I4M1I7M5I2M1D14M2D1M5I14M9D2M1D7M5D16M1D24M
A0A077ZFE0_taxID_36087_model_A	B2ZB02_ref_A	177	499	605	6	296	3.165E-01	20M1D6M21I15M1D7M2D3M1D21M2I13M4D12M2I2M6D8M10D7M9D7M15I2M17I8M4I11M6D11M2I14M1I9M9I48M2I12M1I5M4D6M
A0A0F8A4E9_taxID_1043627_model_A	B2ZB02_ref_A	39	371	508	6	286	3.664E-01	12M2I11M1D5M7I9M7D7M13I28M19I15M4D7M1D15M2I7M3D2M12I6M2D4M5I5M5I4M3D9M1I5M4I7M4D5M10D8M2I35M16I7M7D9M6I17M
A0A194XN12_taxID_149040_model_A	B2ZB02_ref_A	22	306	306	2	286	7.241E-01	2M2D28M8I15M10D28M1I12M2D11M1I13M6I22M1D16M4I10M5D4M4D2M1D6M3D3M2D10M1D28M3I8M1I9M1I5M2I2M2I14M2I6M
A0A1L7V991_taxID_1227346_model_A	B2ZB02_ref_A	73	372	378	6	291	5.868E-01	28M8I15M10D23M1I20M2D8M1I13M7I8M2I4M1I7M5I2M1D14M2D1M5I14M9D2M1D7M5D16M1D24M3I9M1I3M7I16M4I21M
A0A1Y2HIE7_taxID_765915_model_A	B2ZB02_ref_A	27	267	465	6	297	4.380E-01	42M11D30M1I10M2D16M2I2M6D2M1D5M1D1M3D7M3D6M5I5M3D16M12D1M1D9M1D43M9D5M5D6M1D27M
A0A2T6BVL4_taxID_701523_model_A	B2ZB02_ref_A	1	255	255	1	297	7.218E-01	4M1D13M1D29M6D1M3D6M2I30M3D10M2D22M4D10M3D5M1I3M4I4M5D12M10D10M6D43M3D2M3D15M6I17M5D6M
A0A3P8DS39_taxID_6339_model_A	B2ZB02_ref_A	113	377	430	1	286	5.242E-01	3M2D38M3D6M5D57M1D5M2D10M4D7M2D12M3D17M4I1M2I5M2D5M10D2M3D38M5I7M1D4M3I13M1I12M2I6M
A0A4Q4M2B0_taxID_119927_model_A	B2ZB02_ref_A	5	200	254	34	243	6.402E-01	15M10D27M1I13M2D11M1I7M4I6M4I10M2D1M1I22M2I4M3I14M10D8M3D3M2D13M1D26M
A0AAV9LU83_taxID_50273_model_A	B2ZB02_ref_A	136	396	516	1	286	3.289E-01	15M3I14M1I5M1I10M13D11M3D12M2I21M5I6M4D5M2D10M3D8M12D23M1D4M6D13M2D11M7I30M2I2M1D4M7D5M3I4M2I3M3I16M
A0ABV6RUK0_taxID_553636_model_A	B2ZB02_ref_A	30	314	493	2	287	3.657E-01	2M2D6M1D4M2I15M5I19M9I4M8I8M5I21M2I12M4D6M9D5M2D9M4I15M7D6M4D17M1I4M5D7M1I2M6D11M2I39M8D2M5I7M3I17M
M2YMY9_taxID_675120_model_A	B2ZB02_ref_A	87	373	373	6	286	6.012E-01	26M1I2M9I15M10D27M2I2M1D10M2D11M1I13M7I22M1D10M1I6M4I15M9D4M1D4M5D12M1D34M6I2M3I6M4D6M1I5M3I9M2I6M
X0JGY5_taxID_1089451_model_A	B2ZB02_ref_A	26	315	315	6	286	6.815E-01	28M8I14M10D42M4D9M1I10M1I2M9I8M2I8M2D4M1D13M7I1M2D14M10D9M3D2M2D12M1D31M2D10M1I2M11I6M4I13M2I6M
A0A0D6M6M4_taxID_53326_model_A	B2ZB02_ref_A	260	360	389	7	116	2.437E-01	31M1D9M2D3M5D53M1D5M
A0A139HAY5_taxID_321146_model_A	B2ZB02_ref_A	103	386	393	6	287	5.477E-01	26M8I3M2I14M10D24M1I16M2D11M1I9M2D2M8I10M2D1M2I8M1D11M4I3M3D7M1I7M10D8M3D3M2D16M1D22M3D3M10I3M2I5M4D6M1I5M3I9M2I7M
A0A1Q8RT46_taxID_708187_model_A	B2ZB02_ref_A	91	364	367	6	286	5.949E-01	28M8I14M10D32M1I9M2D10M1I11M4I3M1I8M2I4M2D8M1D9M2I4M3D14M10D8M3D3M2D10M1D33M2D11M4I4M2I4M2I12M2I6M
A0A2T3ZXK1_taxID_983964_model_A	B2ZB02_ref_A	40	326	327	6	286	6.637E-01	14M3I14M5I14M10D28M1I13M2D11M1I10M3I3M3I10M2D1M1I9M3I17M4I14M10D8M3D3M2D12M1D31M3I3M3I16M2I2M2I11M2I7M
A0A401PX39_taxID_75743_model_A	B2ZB02_ref_A	281	517	945	6	286	2.226E-01	27M1I11M12D3M2I40M2D20M1D13M4D5M4D6M2D4M1D13M5D6M5D8M6D14M1D25M6D15M1I17M1I5M
A0A8H3FR24_taxID_172621_model_A	B2ZB02_ref_A	24	407	694	6	293	2.695E-01	9M2I19M18I10M1I5M4I8M1I2M1I22M20I24M2D10M6I1M3I10M2I7M3D18M1I4M4I2M4I2M1I2M10I6M11I10M1I7M9I1M4D4M6D9M6I35M1D6M2I3M3D8M8I25M
A0ABN8PCP7_taxID_104759_model_A	B2ZB02_ref_A	1	252	253	14	285	6.937E-01	12M1D5M5I16M10D37M4I8M2D7M2I32M2D8M5D3M2I12M5D7M5D5M9D2M6I41M2D5M2I3M1I15M1D12M
A0ABR1YMI8_taxID_121624_model_A	B2ZB02_ref_A	31	351	355	6	287	6.051E-01	22M7I4M2I3M3I11M12D32M1I22M1I7M3I6M13I7M2D4M1I6M4I3M1D6M1D23M10D9M1I7M1I10M4I6M1D29M7I6M1D4M9I7M8I13M2I7M
A0ACC3DNN8_taxID_93489_model_A	B2ZB02_ref_A	113	397	399	7	286	5.321E-01	25M5I2M7I15M10D23M1I20M2D9M1I9M1I4M6I6M2I5M2D8M1D6M7I7M3D15M9D1M1D9M5D10M1D28M2I6M5I8M4D10M4I13M2I3M
T0QXV8_taxID_1156394_model_A	B2ZB02_ref_A	4	229	427	33	257	3.053E-01	10M4I3M12D29M3I12M9D4M2D2M2I4M4I15M2D5M1D5M25I5M7D2M1I8M3I10M9D4M3I4M3D2M2D39M3I15M
A0A084R1I5_taxID_1283841_model_A	B2ZB02_ref_A	106	379	382	7	286	5.794E-01	25M4I2M4I15M10D23M1I17M2D11M1I10M4I3M1I8M2I4M2D8M1D11M2I2M3D14M10D8M3D3M2D10M1D33M3I17M2I4M2I11M2I7M
A0A194WE27_taxID_578113_model_A	B2ZB02_ref_A	38	407	479	6	293	3.695E-01	6M6I9M2I8M6I17M4I11M1I2M1I24M22I12M3D5M4I5M10D8M4D4M7I3M2D9M1I2M28I3M3D9M1I9M8I10M3D7M1I4M6D9M1D4M19I38M3D10M6I25M
A0A1U7LR42_taxID_1198029_model_A	B2ZB02_ref_A	45	394	708	6	293	2.494E-01	6M3I17M4I17M4I10M4I10M12I20M19I15M5D4M1D7M8D3M1D3M12D3M5I12M22I19M11I8M4I7M3I4M6D9M2I40M7D10M6I18M3I6M
A0A4U7B5J3_taxID_40998_model_A	B2ZB02_ref_A	92	386	387	6	286	5.551E-01	21M1I4M5I3M5I15M10D28M1I12M2D11M1I9M2D2M8I9M2D7M14I3M1D9M4I5M3D13M13D12M2D16M1D22M3I13M1I2M2D1M3I6M1D3M5I10M2I6M
A0A7C8IE08_taxID_100035_model_A	B2ZB02_ref_A	55	407	626	6	286	2.739E-01	29M8I14M4I9M2I24M19I15M7D2M8D8M2D4M9D5M2I7M5I4M8I7M21I1M1I10M11I14M3D10M6D9M12I40M3I9M5I10M6I15M
A0A8H5XW17_taxID_78864_model_A	B2ZB02_ref_A	67	308	369	1	242	5.187E-01	9M1I23M6I1M2I15M10D23M1I20M2D8M1I12M4I1M3I8M2I9M6I4M1D14M2D1M5I14M10D9M5D15M1D25M
A0A2H1GH96_taxID_1276532_model_A	B2ZB02_ref_A	78	375	375	6	286	5.699E-01	27M8I16M10D31M1I9M2D11M1I13M6I10M1I3M1I7M5I3M3I10M6I3M3D10M5D4M4D2M1D6M3D3M2D12M1D31M10I17M2I4M2I12M2I6M
A0A3B6EKX7_taxID_4565_model_A	B2ZB02_ref_A	2	285	448	13	287	3.456E-01	2M1I17M5I14M2I4M1D4M3I4M2D23M2I12M9I12M30D22M3D4M7I11M7I1M3I14M2I1M10D11M7I37M7D2M1I5M8I3M5I19M
A0A4U7AY24_taxID_40998_model_A	B2ZB02_ref_A	32	261	815	6	242	2.393E-01	27M8I15M10D28M1I13M2D11M1I13M6I7M2D14M1I6M1D6M3I6M4I7M5D4M5D8M3D3M2D14M1D24M
A0A8N5I073_taxID_48883_model_A	B2ZB02_ref_A	123	478	535	1	294	4.555E-01	4M1D22M19I6M9I18M1I3M3I29M2I15M5D12M1D11M1I4M2D9M12I9M1D42M2D2M4D9M2D1M29I34M1I18M3I28M
A0A9D4IDS9_taxID_45954_model_A	B2ZB02_ref_A	111	365	727	6	286	3.184E-01	42M10D59M1I2M6D8M2D3M6D14M3D16M2I7M5D8M6D45M7I10M1D12M1I10M2I6M
A0AAE0MG27_taxID_516989_model_A	B2ZB02_ref_A	67	287	342	1	242	3.362E-01	18M4I10M9D4M17D22M2I11M8D11M17I2M3D3M6D13M1I6M10I4M1I5M10D5M8I6M11D9M1D11M1I37M
A0ABM0MAQ4_taxID_10224_model_A	B2ZB02_ref_A	118	460	598	6	287	3.940E-01	14M3I6M14I9M8I16M1I2M3I4M3I33M2I6M5D5M1D12M1I3M4D3M1I3M2D6M2I3M5I2M1I2M6I1M1I34M6I15M8I5M3I45M3I1M1D18M3I21M
A0ABR7X9J7_taxID_534635_model_A	B2ZB02_ref_A	39	342	501	6	297	3.208E-01	5M1D9M2I8M5I14M4D4M1I9M15I5M5I17M2I13M6I2M7I12M8D7M19D6M6D6M6D11M10D9M5D11M22I39M2I6M5I4M4D12M1I11M2I9M
V9E917_taxID_1317065_model_A	B2ZB02_ref_A	22	266	495	6	242	3.079E-01	41M10D6M3I2M1D19M3I9M1I6M4D8M5D2M4I3M1I9M1I8M3D4M2I5M3D6M10I4M13I12M4I10M2D9M5D16M1D24M
A0A091Q771_taxID_188344_model_A	B2ZB02_ref_A	127	458	515	6	294	4.669E-01	22M19I6M9I18M1I3M3I29M2I12M4D3M1D13M1D9M1I5M2D9M12I10M1I6M2D35M8I6M7D40M1I21M2I7M1I18M
N1S8Q1_taxID_2502994_model_A	B2ZB02_ref_A	25	308	308	6	286	6.642E-01	28M8I11M12D40M2D4M7D2M2I11M1I2M9I8M2I8M2D4M1D6M1I7M1I3M3I14M10D9M3D2M2D12M1D32M8I8M2I14M4I10M2I6M
A0A067CZT6_taxID_695850_model_A	B2ZB02_ref_A	46	298	497	6	257	3.466E-01	37M4I3M12D29M3I12M6I7M1I5M12D12M2D4M1D4M7I2M18I5M7D2M4I2M3I9M1I4M11D5M1I4M3D2M2D39M3I15M
A0A0F4GBJ7_taxID_1047168_model_A	B2ZB02_ref_A	77	315	610	5	242	3.078E-01	25M1D3M9I15M10D23M1I17M2D11M1I9M4I4M2I8M2I10M5I4M3I11M6I6M3D12M10D7M3D3M2D12M1D26M
A0A135UY99_taxID_1460502_model_A	B2ZB02_ref_A	269	616	617	6	286	3.357E-01	21M3I2M6I5M4I12M1I8M4D3M4I29M6I9M2D8M2I10M11I5M2I1M9I7M6I16M10I6M3I4M4D11M1I5M9D2M1D7M4I24M1I28M8I11M1D6M2I6M5I14M
A0A1V9YSU1_taxID_74557_model_A	B2ZB02_ref_A	4	209	421	16	242	3.394E-01	15M10D5M2D10M1D28M3I11M1I8M6I4M1D2M1D3M2I9M10I6M2D3M2D14M3D8M3I9M1I5M10D8M9D7M1D5M5D20M
A0A2J6QS19_taxID_1149755_model_A	B2ZB02_ref_A	22	304	306	6	286	7.107E-01	26M6I2M2I15M10D27M1I16M2D9M1I7M4I5M6I10M2D12M1I12M2D1M5I14M10D8M3D3M2D13M1D25M3I12M1I10M2I2M2I20M
A0A3F2RYX7_taxID_325452_model_A	B2ZB02_ref_A	2	237	460	19	246	3.173E-01	28M10D6M3I2M1D19M3I14M7D8M1D4M4I3M1I9M1I4M2D4M1D11M1D6M10I4M13I12M5I9M3D9M5D16M1D28M
A0A4P9VZN9_taxID_388810_model_A	B2ZB02_ref_A	31	289	364	5	242	4.862E-01	25M10I4M8I14M10D11M1D20M1I12M2D8M3I11M1I10M10I3M6D6M1D5M4I9M3I15M14D24M12I2M3I25M
A0A507F691_taxID_246404_model_A	B2ZB02_ref_A	21	328	590	6	286	3.732E-01	27M9I2M2I12M1D7M11I5M1D23M3I11M2D45M1I6M6I9M4D17M7I8M2D1M1D12M10D36M9I10M2D21M2I6M
A0A6A6D3V8_taxID_1080233_model_A	B2ZB02_ref_A	59	415	632	4	293	2.900E-01	6M2I5M1D16M8I11M3I14M1I2M1I19M4I8M16I12M1I14M5D1M18D8M1I5M3I9M9I6M11I3M4I5M9I6M10I12M4D4M6D9M2I34M1I7M8I16M7I24M
A0ABR0TFM8_taxID_5580_model_A	B2ZB02_ref_A	100	320	321	6	286	4.824E-01	17M3I11M5I14M10D28M1I9M7I17M9D3M30D6M3D15M10D8M9D11M1D9M1D29M2I4M7D14M2I6M
A0ABV9I266_taxID_2041041_model_A	B2ZB02_ref_A	1	248	250	1	286	7.081E-01	4M1D31M2D9M9D8M3I28M4D12M1D21M3I6M11D9M5I4M5D12M10D7M2D3M4D43M6D19M6I15M
A0ACC2TZL3_taxID_34485_model_A	B2ZB02_ref_A	29	271	323	6	293	4.342E-01	44M7D8M1D33M2D10M8D2M2D3M26D12M10I8M9I5M7D17M1D9M3D3M2D24M6D1M1D11M1I17M1I15M
C3YG81_taxID_7739_model_A	B2ZB02_ref_A	122	444	522	1	286	4.758E-01	3M2D25M14I3M9I12M2D38M2I11M3D17M1D3M1D10M2D7M11I11M5D40M6I5M3I11M3I36M1I3M1I4M1I2M1D11M2I9M1I8M
U4K751_taxID_28173_model_A	B2ZB02_ref_A	19	294	472	7	286	3.628E-01	9M3I22M2I8M7D8M1I22M6I3M2I9M3D9M3D4M15D3M1D16M1I5M8I9M3I2M9I13M10D9M3D2M2D9M12I41M7D8M1D12M1I5M
A0A091L9M2_taxID_43455_model_A	B2ZB02_ref_A	127	449	506	6	294	4.593E-01	22M19I6M9I13M1D9M5I27M2I15M5D13M1D10M1I4M2D9M12I11M1I5M2D37M6I4M14D33M1I21M2I7M1I18M
A0A166M367_taxID_1573173_model_A	B2ZB02_ref_A	234	565	566	6	286	3.733E-01	21M3I2M6I5M4I13M10D33M1I9M2D8M2I10M12I7M10I6M2I9M4I7M10I6M3I4M4D11M1I5M9D2M1D7M4I18M1I33M1D3M4D4M4I1M8I4M2I6M2I8M3I8M
A0A1Y6LJW2_taxID_1276529_model_A	B2ZB02_ref_A	13	263	273	34	278	6.574E-01	15M10D27M1I13M2D11M1I13M6I10M1I3M1I6M5I4M3I10M6I3M3D14M10D8M3D3M2D12M1D31M10I10M1D6M2I4M2I10M
A0A2S4VER1_taxID_27350_model_A	B2ZB02_ref_A	118	411	414	1	286	5.154E-01	4M1I27M5I2M4I14M10D25M1I16M2D11M3I8M3I1M3I4M3I10M3D2M1D6M1D6M1D9M9I15M10D8M6I19M7D8M2D14M4D8M2I2M3I6M5I3M1D10M2I6M
A0A485KPU0_taxID_120398_model_A	B2ZB02_ref_A	127	392	686	2	271	2.591E-01	42M8D34M3I6M2D5M9I4M3I17M12D3M3D11M1D4M1D5M10I3M9I4M1I9M1I3M11D4M3I3M5D14M1D27M2I6M2I9M3D10M
A0AAX4I0H5_taxID_34406_model_A	B2ZB02_ref_A	171	502	503	6	286	4.053E-01	21M3I2M6I5M4I11M1D3M9D29M1I12M2D8M2I10M12I7M10I6M6I16M10I6M3I4M4D7M1I9M9D2M1D7M4I23M1I23M3I6M5I11M1D4M2I6M2I12M3I4M
A0ABR1VP59_taxID_335842_model_A	B2ZB02_ref_A	69	431	432	4	286	4.703E-01	23M2I2M7I5M4I9M2D6M8D27M1I13M2D6M2I12M32I6M15I8M1D2M4I5M2D1M10I4M1I6M1D19M6D11M2D10M5I8M1I4M1I2M5I28M14I3M3D7M3D6M3I1M1I13M2I6M
A0ACC2TU75_taxID_34485_model_A	B2ZB02_ref_A	31	275	279	3	286	6.204E-01	29M7I5M4I10M16D1M2D27M4D6M2I5M7I13M3D5M5D4M6D3M1D30M10D10M4D2M2D6M4D4M3I35M6D20M1I6M
A3K3J4_taxID_388399_model_A	B2ZB02_ref_A	36	302	480	6	286	3.540E-01	6M1D21M7I9M7I12M8I6M2I2M5I21M2I29M1I11M5D6M19D4M12D10M7D10M5D13M2I29M2D5M1D9M3I2M1D6M2I17M
M1R095_taxID_79923_model_A	B2ZB02_ref_A	124	472	476	6	297	4.832E-01	13M2D13M28I2M1D10M3I6M5I31M4I2M2I10M3D2M3D17M1D9M3I2M4I8M6I13M1D2M3D22M2D2M3I16M7I47M1I7M1I2M1D8M3I22M4I9M
A0A010RV53_taxID_1445577_model_A	B2ZB02_ref_A	156	487	488	6	286	4.324E-01	21M3I2M6I5M4I14M10D32M1I9M2D8M2I10M11I6M11I7M6I16M10I6M3I4M4D11M1I5M9D2M1D7M4I22M1I29M1D12M8I6M2I4M2I11M3I5M
A0A0K6G359_taxID_456999_model_A	B2ZB02_ref_A	28	313	315	6	286	6.684E-01	28M8I3M1D12M9D40M2D11M1I9M1D11M5I4M6D4M1D6M6I10M5I14M9D2M1D8M6D13M1D30M7I4M5I7M2D7M5I13M2I6M
A0A0V1ESS6_taxID_6337_model_A	B2ZB02_ref_A	142	405	792	6	286	2.901E-01	27M5I10M2D5M2D2M5D58M1I2M6D8M1D4M1I8M3D14M1D13M5D5M1D8M1D1M5D41M2D4M5I6M3I17M1I11M1I3M
A0A1L9T6V0_taxID_1036612_model_A	B2ZB02_ref_A	67	366	371	6	287	5.900E-01	28M8I15M10D27M1I13M2D12M1I7M2D3M21I8M2D13M1I6M1D4M4I7M2D10M1D4M5D11M5D15M1D25M3I11M1I10M5I3M2I12M2I7M
A0A2T4GS12_taxID_5516_model_A	B2ZB02_ref_A	1	358	478	1	285	3.813E-01	3M1D21M2I3M3I15M8D33M2I9M3D2M7D4M1I4M4I4M1D15M2I7M7I8M46I16M1I12M3I9M4D8M2I1M1D4M5I5M3D36M1I10M6I7M5I5M11I16M
A0A915JK17_taxID_13658_model_A	B2ZB02_ref_A	114	389	443	6	286	4.906E-01	27M6I10M2D6M7D59M1I2M6D8M2D4M3I9M1I6M6I6M3D11M5D8M2I3M1D4M8D41M4I9M2I7M1D8M3I10M2I8M
A0A9N9KL52_taxID_746836_model_A	B2ZB02_ref_A	107	388	388	6	286	5.827E-01	28M8I14M10D24M1I17M2D11M1I13M6I22M1D6M1D6M6I1M2D14M10D8M5D13M1D34M3I13M2I5M5I3M1D10M2I6M
A0AA37GRR7_taxID_708192_model_A	B2ZB02_ref_A	20	351	352	6	286	5.895E-01	21M3I2M6I5M4I14M10D32M1I9M2D8M2I10M11I6M1I1M10I6M2I3M3D5M7I5M10I6M3I4M4D11M6D7M2D1M1D7M4I18M1I33M1D12M6I1M2I5M2I4M2I12M3I4M
A0AAD9YE83_taxID_34407_model_A	B2ZB02_ref_A	73	310	368	6	244	4.986E-01	26M6I2M2I13M6D2M4D31M1I9M2D12M1I20M2I15M3I6M5I5M10I2M3D14M9D11M6D14M1D26M
A0AAW2WSM8_taxID_2727402_model_A	B2ZB02_ref_A	136	387	528	6	286	2.882E-01	10M3I14M2I16M2I13M1I25M2I12M14D5M3D3M1D13M3D13M1I5M2D3M11D4M9D5M9D4M1D11M7I28M6D13M4I2M3I7M5I16M
A0ABR4ES42_taxID_105482_model_A	B2ZB02_ref_A	38	252	325	6	246	4.931E-01	24M13D3M2D8M3D5M3I6M2D29M5I12M1I8M1D11M2D3M1I9M3I1M1I6M7I1M9D14M10D8M5D46M
A0ACC1QNQ0_taxID_468837_model_A	B2ZB02_ref_A	21	315	315	6	286	6.739E-01	27M6I1M2I15M10D24M1I16M2D24M6I8M2I15M5I13M2D1M5I15M10D8M5D14M1D26M2D3M1D3M7I7M3I2M4I6M4I14M2I6M
K3WBN0_taxID_431595_model_A	B2ZB02_ref_A	33	275	495	6	247	3.546E-01	37M10D11M3I1M1D21M3I12M8I4M1D2M2I6M2D5M7I6M5I7M2I3M5D4M1I8M4I7M4D13M1D4M4D12M5D16M1D29M
A0A067CT24_taxID_695850_model_A	B2ZB02_ref_A	35	293	419	6	267	4.358E-01	38M1I5M9D29M3I11M1I4M4I4M3I4M1D2M1D5M5I6M5I7M2D6M3D5M2I5M7D1M5I3M3I11M12D14M2D40M2I25M
A0A0V1ABN4_taxID_990121_model_A	B2ZB02_ref_A	150	419	805	1	287	2.903E-01	32M5I10M2D5M2D2M5D58M1I2M6D7M2I8M4D4M1D11M1D16M5D5M1D8M1D1M5D41M5I13M1I16M1I11M1I4M
A0ABR1TNQ8_taxID_2905665_model_A	B2ZB02_ref_A	50	373	376	6	287	5.629E-01	27M10I12M1D3M9D27M2I19M1I8M1I7M8I7M15I7M2D4M3I9M2I6M1D22M13D8M1D10M2D4M9I7M2I3M1I24M11I10M2D4M4I5M2I11M2I7M
F6G5J6_taxID_1031711_model_A	B2ZB02_ref_A	39	321	496	7	297	3.403E-01	10M5I8M3D6M1D50M2I13M1D14M5I6M7D7M22D6M3D4M1I9M8I2M4I4M3D4M1D4M8I5M1I2M2D13M1D39M2I6M1D7M1I27M
A0A074RWE6_taxID_1423351_model_A	B2ZB02_ref_A	52	390	395	1	287	5.209E-01	3M4I22M3D5M25I9M3I5M13D22M1I16M2D11M3I20M2I5M6D4M1D6M5I10M11I16M3D2M5D7M1D50M10I10M2D2M6I5M1D3M6I4M7I6M1D2M7I4M
A0A0C2WPB2_taxID_933852_model_A	B2ZB02_ref_A	84	344	407	6	242	4.382E-01	28M10I6M1D7M2D40M1I9M2D11M3I5M4I4M4D1M6I9M2D2M2D6M1D10M13I3M3D13M13D1M1I4M2I3M1I6M1I6M10I10M2I23M
A0A0L6VTF1_taxID_27349_model_A	B2ZB02_ref_A	84	437	439	6	284	3.618E-01	26M7I2M2I14M1I3M11D20M1I17M2D11M7D5M78I3M1D8M16D8M4D10M8I3M3I6M2D3M3I11M7I5M2D4M5D35M1I9M8I7M5I4M1D10M2I4M
A0A180GDP5_taxID_630390_model_A	B2ZB02_ref_A	123	362	415	4	246	3.623E-01	18M16D14M2I6M14I29M1I11M2D12M3I13M7I8M2D5M2D5M1D9M3I7M5I9M8I12M11D1M1D16M2D6M9D16M
A0A1L9WGB2_taxID_690307_model_A	B2ZB02_ref_A	38	332	332	4	287	6.634E-01	28M4I2M6I12M4D7M2I25M1I39M1D11M2D4M1I9M1I6M3I6M4D14M10D9M3D2M2D45M7I12M6I3M2I4M2I13M2I7M
A0A1X7RVT3_taxID_1276538_model_A	B2ZB02_ref_A	61	346	347	6	286	6.068E-01	21M1I4M5I3M4I15M10D23M1I18M2I8M3D14M6I10M2D12M1I15M4I10M5D4M5D8M3D3M2D12M1D28M4D11M1I1M8I7M5I13M2I6M
A0A2J8X8R4_taxID_9601_model_A	B2ZB02_ref_A	125	499	552	6	297	4.519E-01	26M19I2M9I18M1I3M3I27M2I17M5D12M1D10M1I5M2D9M12I10M1I6M2D37M5I4M3I26M14I5M19I16M1I21M2I7M1I21M
A0A447TAE7_taxID_536_model_A	B2ZB02_ref_A	1	230	446	15	252	3.203E-01	19M5I9M3I1M6I15M9I4M4I19M2I23M5I13M1D5M18D4M8D6M2D3M4D15M4D9M5D13M2I29M2D7M
A0ABR1T514_taxID_990691_model_A	B2ZB02_ref_A	45	348	348	6	286	6.125E-01	26M2I2M6I13M10D20M1D24M2D9M1I6M10I6M4I8M2I12M6I2M1D6M3I2M1D5M3I12M5D4M4D2M1D7M3D2M2D12M1D36M7I3M4I9M2I4M2I12M2I6M
A0ACD3ADA0_taxID_181527_model_A	B2ZB02_ref_A	18	463	728	2	286	2.395E-01	2M2D9M1D6M3I16M4I12M13I6M7I28M14I2M10I9M3I5M4D6M4D4M10I9M4I7M8I8M14I3M15I4M5I10M1D11M13I11M7I15M5I4M4I1M2D9M2I34M22I12M2D8M6I6M11I4M3D5M
A0A099ZQM2_taxID_94827_model_A	B2ZB02_ref_A	127	465	522	6	294	4.760E-01	21M19I7M9I18M1I3M3I29M2I15M5D12M1D10M1I5M2D9M12I19M1D39M8I47M1I21M2I4M1I21M
A0A1B7YR08_taxID_759273_model_A	B2ZB02_ref_A	175	506	507	6	286	4.029E-01	21M3I2M6I5M4I11M1D3M9D29M1I12M2D8M2I10M12I7M10I6M6I16M10I6M3I4M4D7M1I9M9D2M1D7M4I23M1I29M8I9M3D1M2I3M2I6M2I12M3I4M
A0A225WZW1_taxID_4795_model_A	B2ZB02_ref_A	36	274	537	3	241	2.918E-01	41M2I8M10D25M3I11M6I11M2D3M5I6M12D2M2D6M1D5M1I3M3D5M15I5M1I3M10I11M10D8M1D3M1I2M2D14M1D23M
A0A4S9TIS8_taxID_5580_model_A	B2ZB02_ref_A	101	321	322	6	286	4.713E-01	17M3I11M5I14M10D28M1I25M2I2M8D7M26D7M3D14M10D12M12D7M2I7M1D25M6I4M11D14M2I6M
A0A6A3HLB0_taxID_53985_model_A	B2ZB02_ref_A	1	232	635	14	253	2.314E-01	29M4I3M12D29M3I13M7D6M3D3M4I3M1I4M3D13M1D5M3I9M4I2M5I5M1I4M9I10M9D4M1D5M5D18M1D33M
A0A7Y7WSX0_taxID_117681_model_A	B2ZB02_ref_A	37	325	505	6	297	3.349E-01	7M1D24M1I4M2I10M12I4M13I7M1I19M2I14M14I7M3D12M1D2M6D3M12D4M9D9M5D11M7D10M5D13M2I29M2D5M1D4M5D3M5I7M3I10M2I6M3D8M
A0A8H6N7U5_taxID_2175873_model_A	B2ZB02_ref_A	96	346	403	6	246	4.463E-01	21M9I7M3I13M10D33M1I9M2D11M1I10M4I3M4I10M1I9M1I3M5I7M1D9M10I13M13D12M2D14M1D28M
A0A8U0C0J3_taxID_102329_model_A	B2ZB02_ref_A	107	365	425	4	286	4.720E-01	22M17D15M14I59M1I2M6D8M4D9M3D11M2D15M2I3M2I14M10D43M1D1M3I9M1D12M1I5M3D8M
A0ABN3U7S0_taxID_46204_model_A	B2ZB02_ref_A	37	306	306	7	297	7.083E-01	23M2I4M2I13M2D5M8D37M2D20M1D12M2D3M2D6M1D25M4D6M5D14M5D13M1D23M2I12M3D2M2I12M1I4M1I10M5I11M
A0ABQ0LKN2_taxID_658473_model_A	B2ZB02_ref_A	42	365	366	6	286	5.377E-01	23M15I5M9I9M1D5M9D32M1I9M2D11M4I24M1I4M2D5M1D11M5D12M12D3M4I5M1D4M1I16M15I4M3I22M24I7M3I11M5D3M1D11M2I6M
A0ABR4EPU0_taxID_105482_model_A	B2ZB02_ref_A	79	366	367	7	286	4.846E-01	25M6I3M7I10M1D3M9D32M1I9M2D8M2I10M10I6M14I17M4I4M8I2M1I7M5D1M1I6M14D2M33D41M5I4M7I4M4I16M2I6M
H1UWR0_taxID_759273_model_A	B2ZB02_ref_A	20	351	352	6	286	5.871E-01	21M3I2M6I5M4I13M10D33M1I9M2D8M2I10M12I7M10I6M2I3M3D5M7I5M10I6M3I4M4D11M1I5M9D2M1D7M4I23M1I29M8I9M3D1M2I3M2I6M2I12M3I4M
W2YF51_taxID_1317064_model_A	B2ZB02_ref_A	4	221	450	33	242	3.125E-01	14M10D6M3I2M1D20M3I8M1I12M8I6M2D5M10D2M1I8M3D4M22I8M4I5M4D26M2I8M5D16M1D24M
A0A093CQX0_taxID_121530_model_A	B2ZB02_ref_A	27	359	416	6	294	5.704E-01	22M19I6M9I16M1I5M1I2M2I27M2I15M5D13M1D9M1I5M2D6M5I3M7I11M1D45M6I2M2I9M3D3M2D8M1D21M1I21M2I4M1I21M
A0A0D9NQW1_taxID_1291518_model_A	B2ZB02_ref_A	20	314	314	6	286	6.680E-01	27M8I14M1D2M9D28M1I12M2D20M5I3M1I9M2I6M2I8M3I7M1D9M4I14M10D9M5D14M1D26M19I10M8D6M4I14M2I6M
A0A0Y0DNT4_taxID_211853_model_A	B2ZB02_ref_A	114	367	762	6	286	2.900E-01	25M1I12M3I3M12D59M1I2M6D8M2D6M2D2M3D6M3D21M5D4M1I11M5D40M3D4M1D8M6I8M2I2M1D11M2I6M
A0A2H3E8H0_taxID_47427_model_A	B2ZB02_ref_A	48	393	394	1	286	4.899E-01	3M2D24M14I4M10I9M1D5M9D32M1I12M2D8M3I5M1I16M1D2M1D3M2D5M1D6M2D4M9D16M1I3M5I2M1D8M20I3M2D12M13I32M10I5M3I5M2D1M6I3M2I2M3I4M1I12M2I5M
A0A2S4UTV9_taxID_27350_model_A	B2ZB02_ref_A	64	347	349	6	284	5.731E-01	26M10I4M2D10M5D2M4D23M1I17M2D11M3I8M3D2M12I8M2D5M2D4M1D13M1D3M9I13M13D4M3I3M6I17M3D4M8D19M3D6M1I4M3I6M1I5M3I9M2I4M
A0ABV0AFJ4_taxID_3144104_model_A	B2ZB02_ref_A	46	300	306	6	297	7.480E-01	42M10D41M2D33M2D3M2D6M1D30M9D2M1D9M6D13M1D29M3D4M1D5M1I37M
R1D043_taxID_2903_model_A	B2ZB02_ref_A	88	502	797	2	258	2.180E-01	24M1D5M7I7M6I8M11D6M1D3M2D19M1I9M19I4M7I5M1D9M4I3M4D11M2D5M96I11M12I8M9I2M1I10M7I3M6I3M12I7M1I5M2D2M9D22M1I17M2I16M
A0A0L0VSP3_taxID_1165861_model_A	B2ZB02_ref_A	118	409	410	1	286	4.886E-01	4M1I27M7I2M2I14M10D24M1I17M2D11M3I8M3I5M6I8M2D5M2D4M1D7M1D9M9I10M8I5M3I4M2D3M13D13M6D4M5D18M4D8M2I2M3I6M5I3M1D10M2I6M
A0A0V1N8R5_taxID_268474_model_A	B2ZB02_ref_A	143	469	579	6	296	2.952E-01	26M12I2M8I13M3D14M1D17M2I13M19I4M1I2M3D7M6I11M5I3M9I4M10D5M20D21M4D4M15I10M1D7M4D7M2I27M1I8M1D7M3I32M
A0A1J9R2U7_taxID_236234_model_A	B2ZB02_ref_A	39	345	354	6	287	5.807E-01	26M6I2M7I15M17D24M1I14M1I8M1I7M4I6M10I8M2D3M1I4M4I5M1D6M1D22M8I4M8D4M8D13M3I33M12I12M2D7M4I13M2I7M
A0A1Y1ZAQ2_taxID_1314790_model_A	B2ZB02_ref_A	5	255	258	6	286	8.477E-01	43M10D40M2D10M2D20M2D5M2D5M1D30M12D11M2D17M1D28M7I8M5D19M2I6M
A0A2N5SEN2_taxID_200324_model_A	B2ZB02_ref_A	35	323	325	6	286	6.185E-01	27M11I2M2D12M9D41M2D11M3I7M4I6M3I10M2D3M2D5M1D6M4I4M7I3M3D14M10D12M6I17M10D6M2D13M14I5M8D7M5I13M2I6M
A0A3P7DNC2_taxID_6293_model_A	B2ZB02_ref_A	348	627	804	6	297	2.852E-01	38M1D6M7D61M3D10M2D3M1D4M1D2M3D7M2D6M1D13M8I4M4I4M3D6M10D40M5I14M5I13M1D12M1I14M
A0A6A4ZE36_taxID_120398_model_A	B2ZB02_ref_A	25	289	497	2	252	3.306E-01	41M7D7M1D5M1D23M3I7M1I5M5I14M5I6M1I7M10D7M3D2M4I20M25I10M6D16M4D16M1D22M3I10M
A0A7C9M494_taxID_2682097_model_A	B2ZB02_ref_A	41	326	508	6	287	3.454E-01	5M1D5M2I9M1D6M6I10M3I2M10I7M4I6M4I6M1I22M2I10M4D6M7I5M8D6M2D5M6D4M2I4M2I1M7D7M3D4M3D10M1I3M5D8M5D13M2I27M1D16M3D4M7I22M
A0A9P9KNI3_taxID_48865_model_A	B2ZB02_ref_A	1	233	294	9	242	6.229E-01	25M8I15M10D28M1I12M2D11M1I13M7I8M2I4M1I7M5I2M1D16M3I15M9D2M1D7M5D16M1D24M
A0AA37P8W3_taxID_700344_model_A	B2ZB02_ref_A	20	369	370	6	286	5.610E-01	21M3I2M6I5M4I14M10D28M18I2M1I11M2D8M2I10M11I6M11I7M6I16M10I6M3I4M4D11M1I5M10D9M4I22M1I29M1D12M6I1M2I5M2I4M2I10M3I6M
A0AAD9HKI6_taxID_1216348_model_A	B2ZB02_ref_A	19	350	351	6	286	5.795E-01	21M3I2M6I5M4I14M10D25M1I16M2D8M2I10M11I6M11I7M6I16M10I6M3I4M4D13M12D7M3I3M4I22M1I29M1D12M6I1M2I5M2I5M2I10M3I5M
A0AAV0UFB5_taxID_162125_model_A	B2ZB02_ref_A	30	270	498	6	242	3.029E-01	37M3I8M6D2M4D2M1D20M3I8M1I6M4D8M5D2M4I3M1I9M6D5M4I4M2I5M3D6M10I4M13I22M2D9M5D16M1D24M
A0ABM4UF39_taxID_13443_model_A	B2ZB02_ref_A	69	313	683	6	247	2.427E-01	25M5I14M2I11M4I2M1D27M2I27M1I6M1D7M2D3M23D12M7I15M3I18M1I2M2D9M7I35M
A0ABS8JIA8_taxID_2888523_model_A	B2ZB02_ref_A	31	316	501	6	287	3.513E-01	6M1D22M7I16M26I8M4D24M2I9M4D5M12I13M1D5M18D4M9D6M2D15M1I6M5D7M1I2M6D11M2I28M3D2M2I10M4D8M4I2M4I16M
A0ACC3SCJ8_taxID_2024903_model_A	B2ZB02_ref_A	91	382	488	2	286	4.583E-01	18M3I8M5I6M3I15M10D31M1I9M2D11M1I8M1D5M8I7M2D13M1I6M1D5M2I4M4I14M10D11M5D13M1D31M3I2M6I6M4D4M2I5M2I12M2I5M
S3D1Q3_taxID_1116229_model_A	B2ZB02_ref_A	60	343	344	1	286	6.497E-01	3M2D28M7I15M10D31M1I9M2D11M1I13M6I9M2D7M2I4M1D16M4I14M10D8M3D3M2D8M1D30M3D2M1D3M7I4M1I11M4I13M2I7M
X8JBW1_taxID_1086054_model_A	B2ZB02_ref_A	29	324	342	6	296	6.168E-01	26M5I2M3I14M10D41M2D11M1I12M1D8M5I4M6D4M1D6M1I1M5I9M5I14M9D2M1D8M6D14M1D24M2I9M3I8M5I10M11I6M2I11M6D4M
A0A0D3HYU6_taxID_280463_model_A	B2ZB02_ref_A	88	502	797	2	258	2.180E-01	24M1D5M7I7M6I8M11D6M1D3M2D19M1I9M19I4M7I5M1D9M4I3M4D11M2D5M96I11M12I8M9I2M1I10M7I3M6I3M12I7M1I5M2D2M9D22M1I17M2I16M
A0AAI9XMR1_taxID_1209917_model_A	B2ZB02_ref_A	35	360	361	2	286	6.380E-01	30M9I2M3I14M10D24M1I30M1I10M5I3M16I10M2D7M3I4M1I6M1D23M10D11M3I14M3I34M1D1M11I11M3I7M1I2M3I12M2I6M
A0AAW0GI35_taxID_2478898_model_A	B2ZB02_ref_A	10	396	588	1	296	3.299E-01	34M26I8M3I9M2I6M3I20M4I8M13I9M3D5M1D16M6D2M6I9M5I9M5I16M1D4M4I5M4I4M14I5M1I8M4I1M4D4M6D9M2I39M2I5M1D4M7I7M8I28M
A0ABY2RLZ4_taxID_2571143_model_A	B2ZB02_ref_A	109	380	559	5	287	3.323E-01	10M5I14M5I18M1I8M4D24M2I3M4I6M2D2M1D16M1D3M1D3M21D4M4I9M3I10M3D10M8D2M3I9M3D2M2D10M8I29M3D5M1D5M7I5M4D15M1I7M
G4Z7X0_taxID_1094619_model_A	B2ZB02_ref_A	29	261	261	6	230	4.527E-01	50M7D3M1D18M3I17M3D3M7D5M6I2M1I9M6I8M6D6M3D6M10I4M1I2M16I20M2D8M3D4M2D13M1D12M
L2GEI1_taxID_1213859_model_A	B2ZB02_ref_A	5	284	296	34	278	5.986E-01	13M10D29M1I13M2D8M2I10M11I6M1I1M10I7M2I5M2I2M11I8M1I6M3I4M4D11M1I7M2D4M4D29M1I26M1I4M7I11M1D4M2I7M2I7M
W2MH14_taxID_4792_model_A	B2ZB02_ref_A	4	221	450	33	242	3.125E-01	14M10D6M3I2M1D20M3I8M1I12M8I6M2D5M10D2M1I8M3D4M22I8M4I5M4D26M2I8M5D16M1D24M
A0A072Q6Y5_taxID_1182545_model_A	B2ZB02_ref_A	3	241	251	34	278	7.343E-01	15M10D31M1I9M2D11M1I10M10I13M2D12M1I12M3D6I14M10D8M3D3M2D13M1D25M3I12M1I16M4I8M
A0A0D6LZL4_taxID_53326_model_A	B2ZB02_ref_A	106	368	438	6	286	4.989E-01	34M2I8M10D61M3D10M2D3M11D7M2D6M1D14M8I4M4D4M6D5M1I43M2D4M7I9M2I11M1I11M2I6M
A0A161VY89_taxID_708197_model_A	B2ZB02_ref_A	95	346	403	6	247	4.599E-01	26M7I2M5I13M10D33M1I9M2D11M1I10M4I3M4I10M1I9M1I3M5I7M1D9M10I13M13D12M2D14M1D29M
A0A1G4AYJ9_taxID_1209926_model_A	B2ZB02_ref_A	172	510	511	1	286	4.159E-01	5M2I23M9I5M4I13M10D33M1I9M2D8M2I10M11I6M11I7M6I16M10I6M3I4M4D11M1I5M9D2M1D7M4I23M1I29M8I11M1D4M2I6M2I11M3I5M
A0A087UWG8_taxID_407821_model_A	B2ZB02_ref_A	27	271	337	1	286	5.950E-01	29M3I23M10D35M2D17M1I6M16D3M3I6M3I6M3D21M10D10M6D14M1D24M3D10M3D2M2I18M1I8M
A0A0V0SMD1_taxID_6336_model_A	B2ZB02_ref_A	131	460	575	1	296	3.054E-01	3M2D26M20I16M1D7M2D3M1D21M2I12M19I12M2D5M5D2M29I7M6D2M5D2M23D17M4D9M3I4M1D9M1D11M11I27M1I9M1D11M2I9M1I18M
A0A2B7X1D4_taxID_2060905_model_A	B2ZB02_ref_A	39	381	644	6	297	2.762E-01	12M1I37M1I1M7I3M1I22M4I5M15I15M4D7M6I1M12I2M7I10M10D1M2I11M9D5M6D5M4I6M15I4M5D11M6D9M3I40M8I16M6I19M1D9M
A0A4U0VS63_taxID_329884_model_A	B2ZB02_ref_A	89	330	330	6	252	5.742E-01	26M4I2M6I14M2D5M8D19M1I17M2D11M1I8M5D1M12I8M2D7M2I4M1D6M8I7M3D14M10D11M5D13M1D35M
A0A6J8CJF7_taxID_42192_model_A	B2ZB02_ref_A	116	363	458	5	286	4.737E-01	43M10D24M5D30M1I2M6D8M4D6M4D11M3D11M1I5M3I11M10D4M2D42M2I4M3I3M1D19M1I14M
A0A812XIJ6_taxID_2952_model_A	B2ZB02_ref_A	62	319	468	6	273	4.130E-01	21M14I8M1I13M1D2M12D21M2I10M1I6M3D14M8I8M3I8M5D7M4I1M1I8M2D4M1D17M9D12M6D43M2I7M7D12M
A0A8H7CJP5_taxID_230812_model_A	B2ZB02_ref_A	32	341	342	6	286	6.231E-01	26M3I2M7I14M10D25M1I19M1I10M1I7M7I6M13I8M2D3M1I11M1I5M3I2M2D3M3D10M5D4M4D2M1D12M2I5M5D3M9I33M1D2M7I20M4I10M2I6M
A0A9N8JDS5_taxID_2773715_model_A	B2ZB02_ref_A	314	605	653	4	272	2.995E-01	10M5I18M4I2M8I12M4D2M6D32M1I9M2D8M2I10M11I6M10I7M2D4M1I3M14I3M3I3M1D8M1D16M1I5M10D8M1I12M1I7M1I28M16D3M2I11M
A0AA39K704_taxID_1929756_model_A	B2ZB02_ref_A	33	363	364	6	286	5.758E-01	25M12I3M10I14M10D25M1I19M2D8M3I29M1D5M1D5M6I7M3I4M5I8M2D4M9D10M2I5M2D15M11I2M1I26M14I1M1D8M2D3M6I7M4I12M2I6M
A0AAD9L024_taxID_27915_model_A	B2ZB02_ref_A	77	314	479	6	286	4.495E-01	27M3I11M2I7M12D36M2D31M11D3M1I2M2I6M2D4M1D17M10D9M6D15M1D36M7D18M1I7M
A0A4T0BL07_taxID_5580_model_A	B2ZB02_ref_A	97	321	322	2	286	4.714E-01	21M3I11M5I19M10D23M1I9M3D13M7D5M16I1M41D13M10D8M9D12M1D8M1D23M1D6M3I3M7D14M2I6M
A0A544XUX3_taxID_568844_model_A	B2ZB02_ref_A	37	281	288	6	287	7.694E-01	42M10D41M2D33M2D3M2D6M1D26M5D6M5D9M6D13M1D29M3D4M1D5M1I27M
A0A6A4G489_taxID_129364_model_A	B2ZB02_ref_A	28	272	500	6	242	3.007E-01	38M1D4M9D5M3I2M1D19M3I14M7D8M1D4M4I3M1I9M1I6M1D13M3D6M10I4M13I12M3D10M5I8M5D16M1D24M
A0A7K7RZM1_taxID_381881_model_A	B2ZB02_ref_A	123	465	522	1	294	4.822E-01	4M1D22M19I6M9I13M1D9M5I27M2I12M4D3M1D13M1D9M1I5M2D9M12I11M1I5M2D37M8I51M1I21M2I9M1I16M
A0A8H3IAU0_taxID_172621_model_A	B2ZB02_ref_A	81	361	361	6	286	6.209E-01	28M8I14M10D28M1I13M2D11M1I9M1D2M6I9M2D14M1I10M6I2M3D15M10D7M3D3M2D13M1D30M3I3M3I7M1I1M2D10M4I10M1I2M1I4M
A0A8H6L0G3_taxID_112416_model_A	B2ZB02_ref_A	82	360	362	6	286	6.064E-01	28M8I15M10D28M1I12M2D11M1I9M1D3M6I8M2D13M1I11M6I2M3D14M10D8M3D3M2D13M1D31M9I8M4D7M4I19M
A0A8J5IZX1_taxID_2496075_model_A	B2ZB02_ref_A	23	272	496	6	247	3.098E-01	41M10D6M3I2M1D19M3I9M1I6M4D5M4D6M3I3M1I9M1I8M3D11M1D6M10I4M4I4M8I14M2D5M1I12M1D16M1D29M
A0A9P4NQG6_taxID_1048955_model_A	B2ZB02_ref_A	2	265	321	13	246	5.562E-01	14M2I2M6I5M4I18M7D31M1I8M2D4M4I8M1I7M9I6M6I7M2D5M1I5M5I3M1D6M1D22M13D2M1I9M14I3M2I43M
A0A9P8GH40_taxID_46634_model_A	B2ZB02_ref_A	102	322	323	6	286	4.841E-01	17M3I10M2D3M7I11M6D2M4D29M1I11M2D13M3D6M31D7M1I15M10D8M9D13M1D7M1D31M5D18M2I6M
A0AA88XTS7_taxID_66713_model_A	B2ZB02_ref_A	1	229	544	35	295	3.522E-01	8M2D6M7D61M3D10M2D3M11D7M3D17M3I3M5D7M4I1M1D6M6D42M2I4M3I7M1D13M1I3M1I8M5D9M
A0A2V5JDM1_taxID_1450541_model_A	B2ZB02_ref_A	59	388	411	1	286	5.197E-01	31M4I2M7I14M8I2M8I11M1D25M1I26M1I11M1D7M3D5M5I7M1D6M4I4M6D14M1D4M9D10M5D38M4D3M12I2M7I17M16I9M2I7M
A0A444UPP0_taxID_7906_model_A	B2ZB02_ref_A	123	401	409	6	238	4.823E-01	20M19I8M9I18M1I3M3I29M2I15M5D13M1D9M1I5M2D9M12I10M1I6M2D41M8I37M
A0A4U6X5Z4_taxID_1306861_model_A	B2ZB02_ref_A	195	522	523	6	286	3.946E-01	23M9I5M4I11M1D3M9D23M3D15M2D8M2I10M11I6M11I7M2I9M4I7M10I6M3I4M4D3M1I13M9D2M1D7M4I24M1I28M8I9M3D1M2I3M2I6M2I12M3I4M
A0A6G0S364_taxID_53985_model_A	B2ZB02_ref_A	1	236	494	14	247	3.069E-01	21M3D14M6D5M1I24M3I11M6I11M2D3M5I6M12D2M2D6M1D5M1I5M8I6M4I5M1I2M11I2M1I7M4D5M4D9M6D15M1D25M2I4M
A0A7S1T762_taxID_31354_model_A	B2ZB02_ref_A	75	296	306	6	247	5.962E-01	25M4I3M2I14M10D41M2D20M3D9M2D4M2D6M1D6M2D4M1D14M4D5M4D4M5D5M2D9M12I35M
A0A8H2XQY6_taxID_456999_model_A	B2ZB02_ref_A	58	368	382	1	278	5.475E-01	3M2D20M3D5M25I14M10D25M1I16M2D11M3I20M2I5M6D4M1D6M5I4M14I3M3D18M8D7M1D50M10I10M2D1M6I4M2I2M3I12M
A0A8H5ATU2_taxID_2480587_model_A	B2ZB02_ref_A	32	341	342	6	286	6.178E-01	25M9I3M2I14M10D32M1I13M1I9M1I9M16I4M2I8M2D3M1I2M2I7M1D6M2D22M10D16M2I13M4I6M1I24M12D6M3I2M3I4M16I10M2I6M
A0A8H6MKC6_taxID_2175873_model_A	B2ZB02_ref_A	83	455	456	6	286	4.372E-01	17M3I6M6I5M4I11M1I7M5I11M5I1M3I22M14I3M4I10M2D8M2I10M12I7M10I6M2I6M2I2M4I1M2D5M10I6M3I4M4D11M1I5M10D9M4I23M1I23M3I4M3I7M2I6M1D4M2I6M2I11M3I5M
A0A914DIV0_taxID_290746_model_A	B2ZB02_ref_A	206	443	556	6	286	3.553E-01	56M2D53M1D2M2D13M4D6M3D5M2I4M5D12M5I11M5D8M1D1M3D10M3D27M3D14M7D4M11D5M
A0A9P6LG06_taxID_1095194_model_A	B2ZB02_ref_A	1	253	311	6	246	5.864E-01	26M10I2M3I13M10D33M1I9M2D11M1I10M4I3M4I10M1I9M1I3M5I17M10I13M13D12M2D14M1D28M
A0AAD5M387_taxID_114742_model_A	B2ZB02_ref_A	44	275	577	6	241	2.795E-01	38M1I5M9D29M3I11M1I13M1D2M5I6M12D2M2D6M1D5M3I9M10I5M10I16M9D5M1I4M3I1M6D15M1D23M
A0AAN6G1Z6_taxID_329885_model_A	B2ZB02_ref_A	96	382	382	6	286	5.786E-01	26M4I3M6I14M10D24M1I16M2D11M1I13M7I7M2D9M2I4M1D6M1D7M2I2M4I14M10D11M5D13M1D25M3D4M12I7M4D10M4I10M2I6M
A0ABD1WHD2_taxID_205694_model_A	B2ZB02_ref_A	118	352	354	6	232	3.685E-01	10M5I14M2I16M2D4M3I4M3I2M1D24M2I15M2I20M1D2M6D5M5D7M8D9M4D2M6I14M10I8M2I5M8D11M7I1M1I19M
A0ABQ9T229_taxID_1914294_model_A	B2ZB02_ref_A	156	487	488	6	286	4.325E-01	23M9I5M4I13M10D29M1I13M2D8M2I10M11I6M11I7M6I16M10I6M3I4M4D11M1I5M9D2M1D7M4I22M1I29M1D12M8I4M2I6M2I10M3I6M
A0ACC1A5Y2_taxID_434234_model_A	B2ZB02_ref_A	133	385	553	6	294	2.987E-01	10M3I14M2I17M9D8M7D12M2I13M14D5M3D5M1D11M3D22M2D5M5I14M2D2M1D1M6D4M5D13M7I30M2I4M1D2M3D4M3D4M7I21M4D4M
G5B168_taxID_10181_model_A	B2ZB02_ref_A	121	495	548	1	297	4.660E-01	4M1D26M19I2M9I18M1I3M3I27M2I17M5D12M1D10M1I5M2D9M12I10M1I6M2D41M8I29M29I18M1I18M3I31M
X8JFZ0_taxID_1086054_model_A	B2ZB02_ref_A	16	220	304	18	242	4.665E-01	13M27D4M1I40M1D9M1I12M1I11M1I14M4I5M4I10M12I14M10D9M5D15M1D25M
A0A084AJL7_taxID_1280523_model_A	B2ZB02_ref_A	106	386	389	7	286	5.614E-01	25M4I2M4I15M10D23M1I17M2D11M1I9M2D2M7I7M2I5M4D7M1I11M2I2M3D14M10D8M3D3M2D11M2I1M4I32M3I17M2I4M2I11M2I7M
A0A0V1DFZ9_taxID_45882_model_A	B2ZB02_ref_A	144	460	585	6	286	2.794E-01	26M12I2M8I13M1D8M2D3M1D20M2I13M19I12M2D5M5D2M16I4M9I3M10D6M20D19M4D9M3I3M1D10M1D11M11I25M4D8M4I11M2I9M1I8M
A0A158RAT2_taxID_103827_model_A	B2ZB02_ref_A	343	621	676	6	297	3.405E-01	38M1D4M5D2M2D59M1D2M2D10M2D5M2D4M3D7M2D3M1D13M4I3M5I4M3I4M3D6M10D39M1D5M6I9M2I13M1I10M2I6M3D3M2I5M
A0A2P7YDE6_taxID_40998_model_A	B2ZB02_ref_A	56	345	407	4	242	4.505E-01	28M9I2M3I10M3I8M2I6M3I32M1I9M2D8M2I10M13I2M2D2M12I8M2D3M5I3M10I3M3I3M1D6M2I6M4D11M4D2M2D3M3D8M1I5M1I12M1I29M
A0A409XK29_taxID_93625_model_A	B2ZB02_ref_A	35	293	300	4	244	6.296E-01	28M15I2M3I14M10D32M1I9M2D11M3I8M2I19M2D6M1D12M7I13M1I3M12D8M3D17M1I2M15I27M
A0A4R8REE8_taxID_5466_model_A	B2ZB02_ref_A	29	367	368	6	286	5.721E-01	7M7I14M2I3M7I4M4I11M1D3M9D25M1I16M2D8M2I10M11I6M11I7M2I9M4I7M10I8M1D16M1I5M9D2M1D7M4I22M1I30M8I11M1D4M2I4M2I10M3I8M
A0A5C6SKB8_taxID_61366_model_A	B2ZB02_ref_A	25	233	288	6	247	5.450E-01	28M8I14M10D38M3D4M3D6M6D2M3I6M4D7M6D4M1D11M1I4M4I15M10D9M3D2M2D12M1D31M
A0A5S6PYS3_taxID_70415_model_A	B2ZB02_ref_A	173	497	612	6	294	2.984E-01	26M12I2M8I13M1D8M2D3M1D22M2I12M2I11M16I7M8I11M16D2M14D2M12I2M1D6M3I15M4D11M3I4M1D19M10I48M2I9M1I8M4D2M1I2M
A0A7S2JHL4_taxID_1333877_model_A	B2ZB02_ref_A	528	822	882	3	286	2.213E-01	43M5D2M2D29M2I32M1I5M6D8M3I10M2I4M5I14M3I3M9I9M13D8M1D3M3D9M5I36M1D11M2D13M2I9M12I3M
A0A8J9R8H5_taxID_291059_model_A	B2ZB02_ref_A	86	388	389	1	286	5.525E-01	3M2D24M6I4M2I13M10D26M1I16M2D11M1I9M10I4D10M1I5M5I1M2D6M3I5M3I10M4I9M5D5M5D8M3D3M2D12M1D31M2D10M1I1M12I6M1D3M5I10M2I6M
A0A9D4DVG4_taxID_45954_model_A	B2ZB02_ref_A	111	365	705	6	286	3.271E-01	42M10D59M1I2M6D9M2D1M2D4M4D11M3D16M2I7M5D8M6D45M7I10M1D12M1I10M2I6M
A0AA39ZVR3_taxID_260670_model_A	B2ZB02_ref_A	85	359	375	8	249	5.011E-01	22M8I5M5I13M10D32M1I35M20I7M2I3M3D5M17I4M1D5M2D18M1I5M10D9M5I18M1I32M1D2M
A0AAE8MN78_taxID_2041049_model_A	B2ZB02_ref_A	33	228	237	9	243	6.050E-01	23M7I2M3I11M5D5M9D19M1I16M2D11M1I9M1D11M2D3M1I10M1I6M2I7M5D18M26D5M8D10M3I11M
A0AAJ0EU37_taxID_1209918_model_A	B2ZB02_ref_A	18	297	309	34	278	5.793E-01	13M10D29M1I13M2D8M2I10M11I6M1I1M10I6M2D4M1I5M7I5M10I6M3I4M4D11M1I5M9D2M1D7M4I22M1I26M1I4M7I11M1D5M2I6M2I7M
A0ABD6GFY7_taxID_373_model_A	B2ZB02_ref_A	31	317	503	6	287	3.187E-01	6M1D21M7I9M7I5M19I3M4I8M4D19M2I13M9I14M8D10M3I6M2D1M5D3I5M10D4M2D3M7D6M10D9M5D13M2I30M2D11M3D9M1D5M9I12M
A0ABR3D6M0_taxID_5142_model_A	B2ZB02_ref_A	37	383	384	2	286	5.316E-01	4M6I26M6I2M7I12M4D2M6D41M2D8M2I13M9I3M16I5M2I5M1D12M18I6M1D18M11D11M2I2M4I22M1I29M1D3M2D10M2D4M1I9M9I5M9I3M
A0ACC2T3L9_taxID_34485_model_A	B2ZB02_ref_A	24	253	255	7	286	4.542E-01	24M2I5M2D6M9D6M4D37M1D12M2I5M1I10M14D3M3D4M8I3M2I23M4D14M26D20M7I11M2D7M8D4M1I13M
E3Q7T1_taxID_645133_model_A	B2ZB02_ref_A	18	343	344	3	286	5.756E-01	8M2D16M9I5M4I14M10D24M6D11M2D8M2I10M12I7M10I6M6I16M10I6M3I4M4D11M1I5M9D2M1D7M4I18M1I34M8I9M3D1M2I5M2I2M2I14M3I4M
T0PU14_taxID_1156394_model_A	B2ZB02_ref_A	395	675	815	6	287	2.439E-01	10M1D4M1I27M10D29M3I13M9I4M2D4M2D5M2I3M8I5M1I7M1D3M3D4M3D7M7I8M7D9M10D10M5D41M2I2M6D12M2I3M5I5M9I17M
A0A0N4SWM8_taxID_6280_model_A	B2ZB02_ref_A	345	613	743	6	286	3.102E-01	38M1D6M7D61M3D10M2D5M2D4M3D6M2D7M1D13M6I1M2I3M4I4M3D6M10D42M5I12M2I13M1I12M2I4M
A0A1X6NRK9_taxID_2786_model_A	B2ZB02_ref_A	258	512	582	6	286	3.780E-01	42M10D41M2D14M1D5M1D13M2D2M4D6M1I5M5I6M1D12M1I5M2D4M3I3M17D9M7I38M1I8M2D18M2D6M
A0A3P3Y6K2_taxID_37360_model_A	B2ZB02_ref_A	22	220	435	6	255	3.744E-01	40M4D4M8D19M5D8M3D2M2D11M5D7M1D9M4D3M2I5M3D5M3I7M5D12M10D10M6D52M
A0A665TYY4_taxID_173247_model_A	B2ZB02_ref_A	117	457	526	6	290	4.397E-01	14M3I9M12I5M11I20M5I28M2I14M6D15M1D9M1I5M2D9M12I8M2I46M20I11M1D3M6D31M1I24M3I18M
A0A1G6VNA4_taxID_168276_model_A	B2ZB02_ref_A	110	392	569	6	296	2.714E-01	8M5I17M15I17M11D19M3I8M3I6M2D2M1D8M13D3M8D3M3D6M1I5M10I2M4I10M10D16M5D8M3D2M2D11M9I28M3D5M1D4M10I2M1D3M6D14M1I15M
A0A3M0L5Z8_taxID_333673_model_A	B2ZB02_ref_A	124	444	509	1	296	4.461E-01	3M2D20M19I8M9I19M1I2M4I32M2I9M4D3M1D13M1D9M1I5M2D9M12I12M3I42M19D33M1I21M2I5M2I12M2D8M
A0A4Z1FR91_taxID_278948_model_A	B2ZB02_ref_A	79	352	362	2	278	5.875E-01	2M2D26M6I2M2I15M10D30M1I10M2D11M1I13M8I8M2I4M2D7M1D7M2I5M2I2M3D9M5D7M5D6M5D16M1D28M1I3M2I4M1I1M1I17M4I8M
A0A7M5WXX0_taxID_252671_model_A	B2ZB02_ref_A	116	524	528	6	297	3.432E-01	6M2I12M3I7M5I16M11I39M4I9M3I23M7I2M6I3M3I9M2I9M3D11M27I22M5D2M6I6M3I3M2I6M1D10M3I3M2I35M15I5M1D6M4I2M14I7M7I10M1I8M3D8M
A0A8H3W2Z1_taxID_702518_model_A	B2ZB02_ref_A	1	331	332	7	286	6.236E-01	20M3I2M6I5M4I13M10D33M1I9M2D8M2I10M11I6M11I7M2D4M1I5M7I5M10I6M3I4M4D11M1I7M2D4M4D29M1I26M1I4M7I9M3D1M2I6M4I13M3I6M
A0A8S3S1J4_taxID_6550_model_A	B2ZB02_ref_A	122	381	888	6	286	2.505E-01	28M5I9M13D2M4I59M1I2M6D8M5D3M3D10M3D20M2I7M5D7M5D2M1D8M3I49M3I15M2I11M
A0AAD9ECK1_taxID_1836956_model_A	B2ZB02_ref_A	17	305	305	6	287	6.921E-01	26M3I2M5I13M6D2M4D31M1I9M2D11M1I21M2I15M3I6M1D3M8I3M3D15M10D7M3D3M2D14M1D29M15I8M5D6M1D3M5I10M2I7M
A0AAN6F7R2_taxID_329885_model_A	B2ZB02_ref_A	98	384	384	6	286	5.695E-01	26M4I3M6I14M10D28M1I12M2D11M1I13M7I7M3D9M3I3M1D6M1D5M2I4M4I14M10D11M5D13M1D25M3D4M12I7M4D10M4I10M2I6M
A0ABN8CNH4_taxID_622444_model_A	B2ZB02_ref_A	56	281	624	6	243	2.646E-01	22M4D12M5I5M13D25M3I11M4I8M3I4M2D9M10D3M2D5M1D4M20I7M3D11M2I12M11D6M1D3M1D17M1D25M
A0ACC3CEB8_taxID_2788_model_A	B2ZB02_ref_A	369	605	657	4	242	2.704E-01	44M10D41M2D16M4I5M10D5M11D10M31I3M1D16M6D2M1D3M1I8M6D9M9I30M
A0A0D2M1N4_taxID_945553_model_A	B2ZB02_ref_A	32	336	337	6	286	6.554E-01	27M11I15M10D29M1I16M1I9M1I7M5I6M13I8M2D9M1I5M1I5M2I6M4D14M10D10M2I47M6D5M4I5M8I10M4I10M2I6M
A0A0L8IDI7_taxID_37653_model_A	B2ZB02_ref_A	624	859	985	6	286	2.213E-01	29M3I9M10D45M2D19M3D9M1I5M4D4M5D4M2D4M1D17M12D5M2D4M2D14M1D27M1I6M1D1M6D20M1I8M
A0A2J6PRK0_taxID_2082293_model_A	B2ZB02_ref_A	70	352	352	6	286	6.111E-01	24M4I4M4I15M10D24M1I16M2D12M1I12M6I10M2D11M1I11M2D3M6I10M13D15M2D13M1D29M8I2M1I8M4D7M4I13M2I6M
A0A384K0M5_taxID_332648_model_A	B2ZB02_ref_A	91	369	371	6	286	5.975E-01	28M8I14M10D29M1I12M2D24M6I10M2D11M1I13M5I1M2D15M10D10M5D13M1D31M9I8M4D5M4I21M
A0A4P9XG75_taxID_78915_model_A	B2ZB02_ref_A	29	286	581	6	297	3.807E-01	25M3I17M10D37M2D39M7D3M1I26M1I5M13D6M3D21M1D24M3I5M6I5M7D8M1D16M4D7M
A0A665U0T6_taxID_173247_model_A	B2ZB02_ref_A	118	458	529	6	290	4.638E-01	23M15I5M11I20M5I28M2I14M6D15M1D9M1I5M2D9M12I15M1I3M1I35M5I5M6I12M3D1M5I32M1I24M3I18M
A0A7J6J5I0_taxID_1213859_model_A	B2ZB02_ref_A	1	331	332	7	286	6.236E-01	20M3I2M6I5M4I13M10D33M1I9M2D8M2I10M11I6M1I1M10I9M2D1M1I5M7I5M10I6M3I4M4D11M1I5M2D6M4D29M1I26M1I4M7I11M1D7M4I13M3I6M
A0A833WLV2_taxID_4787_model_A	B2ZB02_ref_A	23	310	497	6	282	3.545E-01	38M1D4M9D5M3I2M1D19M3I9M2I13M10D4M5I10M2D20M1D6M10I4M13I11M11I1M13D12M1D16M1D34M2I14M1D2M2I13M
A0A8H6ANQ1_taxID_1964551_model_A	B2ZB02_ref_A	92	286	335	6	250	4.399E-01	28M8I15M10D24M1I11M4I5M5I14M27D4M14D20M9D2M1D8M5D15M1D29M1D2M
A0A8H8P4P0_taxID_456999_model_A	B2ZB02_ref_A	52	390	395	1	287	5.340E-01	3M4I22M3D5M25I11M1D6M9D22M1I16M2D11M3I20M2I5M6D4M1D6M5I7M1I3M10I16M3D2M5D7M1D50M10I10M2D2M6I5M1D3M6I4M7I6M6I7M
L8X5X1_taxID_983506_model_A	B2ZB02_ref_A	54	300	379	7	243	4.673E-01	25M20I2M2I10M13D26M1I14M8D7M3I23M4D8M1D6M5I8M11I20M8D7M1I5M2D10M3I30M
R1EXG5_taxID_1287680_model_A	B2ZB02_ref_A	1	210	284	14	246	6.231E-01	18M7I2M3I3M1D8M13D31M1I12M2D8M1I9M2D10M2D3M1I10M1I8M1D4M1D16M9D8M6D46M
W7F1D8_taxID_930091_model_A	B2ZB02_ref_A	31	286	287	6	287	6.681E-01	26M4I2M6I12M4D3M8D21M1I20M2D9M1I7M1I1M2D11M3D8M2I3M1I6M2D22M13D6M2D34M1I3M14D2M1I12M2I5M2I12M2I7M
A0A074SDG0_taxID_1423351_model_A	B2ZB02_ref_A	29	320	342	6	286	6.211E-01	26M5I2M3I14M10D41M2D11M1I12M1D8M5I4M6D4M1D6M1I1M5I9M5I14M9D2M1D8M6D14M1D24M2I9M3I8M5I10M11I10M2I7M
A0A0M3IG66_taxID_6252_model_A	B2ZB02_ref_A	541	807	952	6	286	2.395E-01	36M7D7M1D64M3D9M9D3M3I10M2D6M1D13M8I11M1I6M10D42M5I12M2I13M1I12M1D3M
A0A2V5IDW1_taxID_1450541_model_A	B2ZB02_ref_A	43	332	332	1	286	6.856E-01	5M1I26M3I2M5I15M10D23M1I17M2D11M1I13M6I8M1D7M1I6M1D6M2I2M1D7M4I14M10D8M3D3M2D13M1D31M3I2M1I3M3I4M2D5M2I2M2I14M2I6M
A0A4R8PT74_taxID_1347390_model_A	B2ZB02_ref_A	148	438	439	34	286	4.404E-01	11M1D3M9D28M1I13M2D8M2I14M22I9M2I9M4I7M10I8M1D16M1I5M9D2M1D7M4I22M1I30M8I8M3D2M2I3M2I4M2I12M3I6M
A0A6A6TSU5_taxID_1314788_model_A	B2ZB02_ref_A	2	339	345	6	286	5.619E-01	22M10I6M5I17M10D26M1I12M2D9M1I10M5D7M17I6M28I6M1I4M1I8M1I5M3D14M13D6M1D3M1I1M5I46M9I5M1I15M8I8M4I4M2D5M
A0A7R8ARR0_taxID_1220207_model_A	B2ZB02_ref_A	66	355	360	6	287	5.924E-01	28M8I15M10D24M1I16M2D11M1I8M2D3M11I8M1D2M1D7M2I2M1D7M1D6M5D5M7I7M1D4M5D11M5D15M1D25M3I11M1I10M5I3M2I12M2I7M
A0A8H3IDD5_taxID_1903189_model_A	B2ZB02_ref_A	82	352	362	6	278	5.863E-01	28M8I14M10D29M1I12M2D11M1I9M1D3M6I8M2D14M1I12M3D6I10M5D2M6D3M1I6M3D3M2D13M1D30M3I3M3I7M3D2I6M1D3M5I8M
A0A8H4FHG1_taxID_474922_model_A	B2ZB02_ref_A	58	356	356	1	287	6.059E-01	3M3D25M3I2M5I13M6D2M4D31M1I9M2D12M1I20M2I15M3I7M3I5M12I1M3D15M10D7M3D3M2D14M1D31M8I10M2I7M1D3M5I10M2I7M
A0A8H6HT48_taxID_980116_model_A	B2ZB02_ref_A	89	397	399	6	286	4.381E-01	20M5D2M7D8M1D9M7I3M8I4M1D23M2I10M1D12M3I8M1I5M7I8M2D3M2D7M1D6M7I5M6I2M3D13M13D1M1I5M1I6M3I13M6I5M6I27M6I9M13I4M2I4M2D3M13D5M
A0A8R1TKI8_taxID_6282_model_A	B2ZB02_ref_A	343	613	798	2	286	2.892E-01	2M2D38M1D6M7D59M1D3M2D9M2D3M2D6M3D6M2D7M1D13M8I4M4I4M3D6M10D42M2D2M7I8M2I13M1I5M1I8M1I3M
A0A9R0TD02_taxID_4567_model_A	B2ZB02_ref_A	116	406	567	6	287	3.165E-01	20M1I3M4I17M2I2M1I2M1I8M1D25M2I12M14D5M3D11M1D5M3D22M3D4M7I15M3I11M4I4M3D2M2D11M7I51M2I6M5I16M
A0AAI8YWT9_taxID_111012_model_A	B2ZB02_ref_A	4	204	263	35	242	5.665E-01	14M10D27M1I13M2D11M1I10M4I2M2I9M11I15M1I10M4D6M5I10M10D8M3D3M2D16M1D22M
A0AAV0UHU3_taxID_86335_model_A	B2ZB02_ref_A	26	269	481	4	242	3.092E-01	30M3D9M4D5M3D5M3I2M1D19M3I15M1D7M2D2M5D2M4I3M1I9M1I8M3D11M1D6M10I4M13I12M4D8M3I9M5D16M1D24M
A0ABN8MY60_taxID_104759_model_A	B2ZB02_ref_A	61	320	322	5	286	6.522E-01	27M4I21M10D33M1I7M1D4M2I2M2I34M2D8M2D4M1D12M6D7M4D11M3D41M3I3M3D8M4D2M2D16M4I4M
A0ABR4K145_taxID_176178_model_A	B2ZB02_ref_A	23	412	928	6	297	1.936E-01	6M3I17M9I20M1I7M5I3M1I21M22I21M5D3M2D23M11I14M1D2M5D6M3I6M37I5M1D3M9I17M3I4M6D9M3I15M4D17M10I9M6I30M1D9M
W2W6T1_taxID_1317063_model_A	B2ZB02_ref_A	4	255	450	33	270	3.168E-01	14M10D6M3I2M1D21M3I7M1I5M9D11M4I3M1I9M1I8M3D11M1D7M10I3M13I12M5I9M3D9M5D16M1D34M2I10M4I8M
A0A091IY37_taxID_188379_model_A	B2ZB02_ref_A	123	463	520	1	294	4.637E-01	4M1D20M19I8M9I17M1I4M3I29M2I15M5D13M1D9M1I5M2D9M12I10M1I6M2D34M6D13M4I4M8I31M1I21M2I8M1I17M
A0A6P4ZCR3_taxID_7741_model_A	B2ZB02_ref_A	119	447	518	1	286	4.775E-01	3M2D26M13I2M10I13M1D7M4I31M2I15M3D13M1D14M2D6M2I5M9I7M5D40M6I5M3I10M3I36M2I8M1I2M1D11M2I9M1I8M
A0A8H5Q6G5_taxID_48495_model_A	B2ZB02_ref_A	22	301	302	2	286	6.819E-01	2M2D28M8I14M10D41M2D11M1I9M5I3M5I8M2D14M1I5M2D9M7I14M10D8M3D3M2D5M15D26M8I7M2I11M4I12M2I7M
A0A918W4Y4_taxID_543356_model_A	B2ZB02_ref_A	21	301	480	7	287	3.508E-01	5M1D22M7I16M8I9M10I3M3I21M2I12M4D6M9D5M2D6M4I18M9D7M4D2M2I10M1I6M5D8M5D13M2I29M2D4M1D5M10I6M7D19M
A0A9P4QMU1_taxID_682080_model_A	B2ZB02_ref_A	74	356	356	6	286	5.901E-01	28M8I14M2D5M8D27M1I12M2D8M1I9M2D2M8I10M2D11M1I6M1D3M8I3M3D14M10D8M1D3M4D15M1D29M3I8M11I5M4D4M1D9M2I7M
A0AA39WFD7_taxID_314043_model_A	B2ZB02_ref_A	30	253	307	6	246	5.974E-01	28M10I14M10D41M2D11M1I13M4I21M1D17M7I14M10D8M3D3M2D5M3D2M8D25M
A0AAD8UFY3_taxID_27357_model_A	B2ZB02_ref_A	156	487	488	6	286	4.320E-01	21M3I2M6I5M4I14M10D24M1I17M2D8M2I10M11I6M11I7M6I16M10I6M3I4M4D11M1I5M9D2M1D7M4I22M1I29M1D12M8I4M2I6M2I12M3I4M
A0ABN8MVN6_taxID_104759_model_A	B2ZB02_ref_A	61	320	322	5	286	6.408E-01	21M1D5M5I21M10D33M1I7M1D4M2I2M2I30M1I4M3D7M2D2M2D3M1I10M6D7M4D11M3D41M3I3M3D8M4D2M2D16M4I4M
A0ABR1QFP3_taxID_335848_model_A	B2ZB02_ref_A	107	408	408	6	286	5.020E-01	21M1I7M7I15M10D28M1I12M2D11M1I7M2I3M3I2M4I9M2I15M5I6M2I8M3I12M5D4M4D2M1D6M3D3M2D12M1D27M2D2M4D4M4I8M15I3M3I14M2I6M
A8N3S0_taxID_240176_model_A	B2ZB02_ref_A	64	362	364	7	286	5.928E-01	20M1I4M4I3M6I9M8D4M10D24M1I12M2I11M1I9M17I4M2I8M2D3M1I10M1I6M1D23M9D2M1D7M2I51M1D2M7I5M2I3M2D6M4I14M2I6M
R7UB97_taxID_283909_model_A	B2ZB02_ref_A	165	451	711	4	286	3.183E-01	2M3I26M5I13M4D5M5D39M2I19M1I2M6D8M2D13M1D6M1I8M1D10M5D2M8D3M2D11M3I43M5I14M15I9M1I12M2I4M
A0A8S3THZ3_taxID_6550_model_A	B2ZB02_ref_A	107	353	686	7	280	3.205E-01	40M9D61M1I2M6D8M1D1M3D8M3D6M3D20M5D12M6D48M1I2M1D16M8I13M
A0A9P8G4G9_taxID_46634_model_A	B2ZB02_ref_A	102	322	323	6	286	4.681E-01	17M3I13M5I17M10D23M1I15M4I12M28D6M8D6M3D14M10D8M9D11M1D9M1D29M2I4M7D14M2I6M
A0AA39GKR5_taxID_5046_model_A	B2ZB02_ref_A	85	360	363	6	286	5.909E-01	23M4I5M4I16M10D22M1I20M2D6M1I11M2D2M7I8M2I5M5D1M3I3M1D26M5D4M4D2M1D6M5D13M1D33M3I17M2I4M2I12M2I6M
A0AAD9GMI7_taxID_4793_model_A	B2ZB02_ref_A	32	276	504	6	242	2.978E-01	41M10D6M3I2M1D19M3I9M1I5M8D7M1D4M4I3M1I9M1I8M3D11M1D6M10I4M13I12M6D3M6I4M2I8M5D16M1D24M
A0AAV4IQ38_taxID_1093978_model_A	B2ZB02_ref_A	306	540	720	6	286	2.899E-01	25M2I13M4D3M6D41M2D19M4D2M1I7M1I5M4D2M5D6M2D4M1D13M13D6M3I5M6D13M1D26M6D5M1I3M1D20M1I8M
A0ACC2S0P5_taxID_34485_model_A	B2ZB02_ref_A	22	285	291	6	297	7.721E-01	26M3I2M3I14M10D41M2D32M2D4M2D6M1D6M1D6M1I17M10D10M6D10M3I4M1D31M1I6M3D2M2I20M2I6M5D6M
A0ACC2U7B3_taxID_34485_model_A	B2ZB02_ref_A	16	279	405	1	286	5.565E-01	5M1I26M4I2M2I6M1I11M11D37M2D32M2D5M2D5M1D30M9D2M1D5M2D3M4D9M3I5M1D31M3D9M3I19M2I6M
G5ABA8_taxID_1094619_model_A	B2ZB02_ref_A	33	285	535	1	256	3.074E-01	2M3D29M3D14M6D5M1I24M3I11M6I11M2D3M5I6M12D2M2D6M1D5M1I5M8I6M4I4M10I15M9D5M1I4M3I1M6D15M1D38M
W6ZD78_taxID_930090_model_A	B2ZB02_ref_A	54	335	394	6	244	4.885E-01	24M6I5M7I13M10D29M1I12M2D8M2I16M25I7M2D6M17I3M5I4M1D6M2D17M1I5M6D2M4D9M2I6M3I10M1I30M
A0A0A7CM93_taxID_74557_model_A	B2ZB02_ref_A	41	269	513	6	241	3.257E-01	35M4D6M7D4M3I24M3I12M1I16M5I7M4I5M6I6M9D1M6I15M4D3M3I14M12D11M2D39M
A0ABR1X4W4_taxID_1337664_model_A	B2ZB02_ref_A	103	413	413	2	286	5.030E-01	32M8I10M1D4M9D29M1I12M2D12M1I6M2I3M3I2M4I9M2I8M2I7M3I9M2I5M3I12M5D4M4D2M1D6M3D3M2D8M2D3M3I2M4I25M2D2M4D4M4I9M14I3M3I13M2I6M
A0ACC2HR65_taxID_749465_model_A	B2ZB02_ref_A	80	419	420	4	286	5.062E-01	26M6I5M7I11M4D2M6D32M1I13M1D5M2I10M15I6M12I7M5I7M8I4M1I5M1I6M2D4M1I13M1I5M12D5M2I2M2I23M1I28M3D6M3I3M10I6M3I6M2I9M2I6M
H3GEM4_taxID_164328_model_A	B2ZB02_ref_A	7	246	474	27	242	2.407E-01	13M1I9M8I6M3D5M3I2M1D19M3I9M2I19M6D3M1I9M1I6M1D13M3D6M10I4M2I3M11I9M5I9M3D9M5D16M1D24M
T0KXU6_taxID_1237896_model_A	B2ZB02_ref_A	36	367	368	6	286	5.936E-01	21M3I7M9I12M4D1M6D12M4D5M5I5M1I29M1I12M28I9M2D4M3I9M1I6M2I7M3D14M10D9M2I7M1I9M3I36M12I11M3I7M1I2M3I12M2I6M
A0A024UGQ1_taxID_157072_model_A	B2ZB02_ref_A	133	360	599	6	242	2.696E-01	38M1I5M9D29M3I6M4I9M4I2M2D4M1D9M13D2M2D6M1D5M11I9M1D4M9I4M1I9M9D3M1D12M2D18M1D21M
A0A183I077_taxID_387005_model_A	B2ZB02_ref_A	358	626	780	6	286	2.899E-01	38M3I3M11D61M3D10M2D3M2D6M3D6M2D7M1D13M8I4M4I4M3D6M10D42M2D2M7I8M2I15M2I11M1I3M
A0A329SW91_taxID_29920_model_A	B2ZB02_ref_A	33	271	553	3	241	2.830E-01	41M2I3M11D5M1I24M3I11M6I9M2D5M5I6M12D2M2D6M1D5M1I5M8I6M4I5M1I3M10I11M10D8M4I1M6D15M1D23M
A0A672ML46_taxID_75366_model_A	B2ZB02_ref_A	123	441	454	6	295	5.205E-01	20M19I8M9I10M13D6M3D18M2I15M5D13M1D9M1I6M2D8M12I11M1I5M2D41M8I68M2I7M1I19M
A0A7M5V4K9_taxID_252671_model_A	B2ZB02_ref_A	5	390	394	11	297	4.480E-01	20M8I15M2D8M7I4M1I23M3I2M2I27M13I1M3I10M3I10M2I14M3D5M10I3M12I2M5I17M5D5M8I7M10D9M18I34M4I9M9I6M7I8M7I12M1I5M4D7M
A0A8H6A0W2_taxID_209559_model_A	B2ZB02_ref_A	21	376	804	1	286	2.394E-01	3M2D16M3I7M5I28M1I24M2I4M3I1M15I15M2D3M5D21M2I4M2I2M7I10M7I5M2D11M31I7M7I15M2I2M4D4M6D9M3I43M6D8M5I2M2I15M
W2I6U4_taxID_4792_model_A	B2ZB02_ref_A	22	266	495	6	242	3.079E-01	41M10D6M3I2M1D19M3I9M1I6M4D8M5D2M4I3M1I9M1I8M3D4M2I5M3D6M10I4M13I12M4I10M2D9M5D16M1D24M
A0A0B7FL26_taxID_1108050_model_A	B2ZB02_ref_A	61	382	382	6	296	5.541E-01	20M3D5M25I14M10D24M1I17M2D11M3I20M2I5M6D4M1D6M5I7M1I3M10I19M7D3M1D3M1D47M1I3M9I10M2D2M6I4M5I13M1D8M3D6M
A0A0K6G3H3_taxID_456999_model_A	B2ZB02_ref_A	28	313	315	6	286	6.712E-01	26M6I2M2I15M10D40M2D11M1I9M1D11M5I4M6D3M1D7M6I10M5I14M9D2M1D8M6D13M1D30M7I5M4I2M1I4M2D7M1I3M4I10M2I6M
A0A167AFV0_taxID_1573173_model_A	B2ZB02_ref_A	1	232	285	14	246	6.379E-01	18M4I3M4I14M10D28M1I12M2D11M1I14M6I9M2D1M1I10M1I6M2I5M1I5M8I14M10D8M3D3M2D13M1D29M
A0A1G8B6K0_taxID_504805_model_A	B2ZB02_ref_A	157	426	427	6	286	5.495E-01	42M3D3M4D38M3D4M1D15M3I5M2I10M2I3M1D17M2D27M4D14M1I15M1D30M5D16M6I13M1D4M
A0A1R4H727_taxID_360316_model_A	B2ZB02_ref_A	26	323	474	6	297	3.501E-01	6M1D8M2I11M5I11M8I7M8I13M8I19M2I41M19D5M5D8M6D8M1I4M10D9M5D11M16I32M12D6M8I3M7I16M1I6M2D8M
A0A2J6TC85_taxID_1095630_model_A	B2ZB02_ref_A	1	243	262	14	244	6.673E-01	18M7I2M3I11M1I11M7D26M1I14M1I9M1I13M15I7M2I3M3D11M1I5M3I2M2D3M3D10M13D5M1I5M3I5M1I43M
A0A317SGF7_taxID_42249_model_A	B2ZB02_ref_A	190	503	647	6	286	3.003E-01	11M1D10M2I3M5I15M2D2M10D21M5D10M2I8M2I6M4I7M8D7M2D5M3I3M15I3M3D7M4I4M11I2M5D15M6I2M13I17M6D46M3I3M2D2M4I2M2I15M1I11M
A0A4U0XT20_taxID_329884_model_A	B2ZB02_ref_A	89	375	375	6	286	5.395E-01	26M4I3M6I14M10D24M1I16M2D11M1I13M7I8M2I4M12I9M14D4M4I14M10D11M5D13M1D25M3D4M12I7M4D7M4I13M2I6M
A0A5Q4BZL7_taxID_2078593_model_A	B2ZB02_ref_A	159	436	480	6	246	3.815E-01	21M3I2M6I5M4I11M1D3M9D29M1I12M2D8M2I10M12I7M10I6M2I3M3D5M7I5M10I6M3I4M4D7M1I9M9D2M1D7M4I23M1I27M
A0AA41U5V3_taxID_2908204_model_A	B2ZB02_ref_A	3	245	252	2	286	8.536E-01	29M3I17M10D37M2D22M4D10M2D4M2D6M1D4M3I3M6D13M6D5M3D9M5D16M1D30M2I5M8D25M
A0AAD8PLZ0_taxID_681940_model_A	B2ZB02_ref_A	79	352	355	6	286	6.321E-01	26M5I2M3I14M10D32M1I9M2D11M1I13M6I8M2D8M2I3M1D7M2D24M10D6M3D3M2D13M1D31M3I2M2I6M4D5M5I14M2I7M
A0AAU9KU22_taxID_622444_model_A	B2ZB02_ref_A	51	299	528	4	242	2.767E-01	3M1I27M3D9M4D5M3D5M3I2M1D19M3I9M1I6M4D8M5D2M4I3M1I9M6D5M4I11M1D6M10I4M8I1M9I12M1D19M5D16M1D24M
A0ABQ9PND2_taxID_1209924_model_A	B2ZB02_ref_A	156	487	488	6	286	4.258E-01	21M3I2M6I5M4I13M10D25M1I17M2D8M2I10M11I5M2I1M9I7M6I16M10I6M3I4M4D11M1I5M9D2M1D7M4I22M1I30M8I11M1D4M2I7M2I11M3I4M
A0ACC2JBL3_taxID_1108764_model_A	B2ZB02_ref_A	28	333	334	1	286	6.373E-01	5M1I26M3I2M7I3M1D6M14D4M1I26M1I11M2D19M1I1M2D9M2I5M3D8M1I6M2D22M9D61M10I7M8I3M7I3M5I10M4I10M2I6M
N4TKR4_taxID_1229664_model_A	B2ZB02_ref_A	37	302	303	6	287	6.516E-01	21M16D6M2I9M5I29M1I15M2D8M1I9M1D11M2D5M3I7M1D6M2D22M10D8M1D1M4D46M1D2M8I8M2D4M2I4M2I14M2I5M
W2PPJ1_taxID_761204_model_A	B2ZB02_ref_A	22	328	495	6	286	3.598E-01	41M10D6M3I2M1D19M3I9M1I6M4D8M5D2M4I3M1I9M1I8M3D4M2I5M3D6M10I4M1I2M15I15M1I5M2D9M5D16M1D34M2I14M1D2M2I3M11I10M4I4M
A0A0L8FGF3_taxID_37653_model_A	B2ZB02_ref_A	155	403	646	4	293	3.306E-01	29M5I11M12D3M2I42M2D18M1D13M9D4M3I11M3D15M11D2M1I9M6D13M1D27M8D8M3I20M1I5M3D4M
A0A1V4I1C4_taxID_29421_model_A	B2ZB02_ref_A	49	346	517	3	287	3.420E-01	12M1I27M2I9M15I4M8I8M9I20M2I28M8D5M2I11M6D1M5I4M8D2M1I5M1D2M5D16M4D8M3D2M2D11M2I33M1D6M7D4M8I9M6I4M3D6M
A0A3M7C5D9_taxID_91943_model_A	B2ZB02_ref_A	55	424	642	2	287	2.480E-01	2M2I2M2I15M1I8M6I15M4D5M11I5M2I24M20I14M4D11M2I7M8D4M12D2M1I5M1I5M2D4M4D5M6I7M9I4M1D6M2I2M12I6M7I3M8I3M8I12M2I36M10I10M6I3M1I26M
A0ABQ0M8A7_taxID_658473_model_A	B2ZB02_ref_A	39	373	374	6	286	5.189E-01	20M12D5M6I8M5I7M2I2M8I23M1I19M2D5M3I4M1I23M1I6M2D3M1D6M5I2M6I8M5I8M2D2M7D3M2D8M3I2M1D3M2D12M16I28M2I7M5I6M4I5M6I4M5I3M1D12M2I5M
A0ABY0G5N1_taxID_119927_model_A	B2ZB02_ref_A	5	200	254	34	243	6.264E-01	14M10D28M1I13M2D11M1I7M4I6M4I10M2D11M1I16M5I13M13D12M2D13M1D26M
A0ACC2U405_taxID_34485_model_A	B2ZB02_ref_A	21	250	252	7	286	4.605E-01	24M3I9M6D7M10D39M2D11M7I2M3D5M14D9M17D7M7D11M8I8M6D9M2D7M1I20M7I5M12D2M6D14M2I2M7I4M
E3QWQ8_taxID_645133_model_A	B2ZB02_ref_A	94	367	370	6	286	5.817E-01	26M4I2M4I14M10D24M1I17M2D11M1I10M4I2M1I9M2I5M5D1M3I3M1D9M2I4M3D14M9D2M1D6M3D3M2D10M1D33M3I3M5D5M4I4M2I4M2I12M2I6M
G5A9J7_taxID_1094619_model_A	B2ZB02_ref_A	1	242	451	14	247	3.293E-01	21M3D14M6D4M1I25M3I11M6I10M5I2M1D2M1D6M12D2M2D6M1D5M1I5M8I6M4I4M10I13M8D2M1D11M7D1M9I14M1I22M2I6M
X8JFG5_taxID_1086054_model_A	B2ZB02_ref_A	52	395	395	1	292	5.470E-01	3M4I22M3D5M25I14M10D25M1I16M2D11M3I20M2I5M6D4M1D6M5I10M11I16M3D2M5D10M1D47M10I10M2D2M6I5M1D3M6I7M7I4M6I11M
A0A0C3B6I5_taxID_933852_model_A	B2ZB02_ref_A	14	372	672	6	286	2.390E-01	9M1D16M8I26M4I1M5I23M20I21M1D5M2D1M5D2M5D5M1D3M10D6M3I4M3D3M3D6M5I8M4I4M1D11M8I3M13I3M7I6M11I9M8I48M8I8M6I18M
A0A1H1X1U7_taxID_53407_model_A	B2ZB02_ref_A	33	327	501	2	297	3.303E-01	11M1D20M9I7M9I7M3D8M13I2M2I3M1I18M2I19M2I4M9I15M6I5M11D6M17D1M11D9M7D10M5D13M2I27M2D7M1D19M3I11M2I5M3D8M
A0A2H4SUB3_taxID_73501_model_A	B2ZB02_ref_A	38	401	567	1	297	3.092E-01	3M2D12M2I11M6I18M1D2M3I1M6I12M19I18M4I5M15I22M9D1M18D2M1I11M5I5M7I2M2I8M7I2M1I2M10I21M4I1M4D4M6D9M2I35M12I1M1D9M2D10M6I18M2D7M
A0A421G844_taxID_325452_model_A	B2ZB02_ref_A	39	286	536	6	254	3.162E-01	37M2I5M10D29M3I11M1I10M11I8M4I4M5D1M13I6M9D2M2I6M3I9M1D18M2I2M9D6M7D19M1D34M
A0ABR4C2T6_taxID_86028_model_A	B2ZB02_ref_A	127	363	411	6	248	4.487E-01	26M3I2M5I15M10D27M1I13M2D11M1I11M10I12M2D6M2I4M1D6M4D4M2D8M5I4M1D6M5D8M3D3M2D14M1D30M
A0ACC3CBK0_taxID_2788_model_A	B2ZB02_ref_A	272	511	584	13	283	3.534E-01	35M10D41M2D16M1D3M2D12M2D1M2D7M1D13M4I14M12D3M1I8M6D9M8I38M1I8M2D14M5D4M
L2FNV4_taxID_1213859_model_A	B2ZB02_ref_A	36	371	372	6	286	6.075E-01	25M3I3M9I14M3I17M1D21M1I25M1I7M6I6M15I8M2D9M3I4M1I6M2I7M3D14M10D11M3I14M3I34M16I6M1D13M1I2M3I12M2I6M
V5FME0_taxID_1356009_model_A	B2ZB02_ref_A	71	357	360	2	286	5.869E-01	30M6I2M2I15M10D24M1I16M2D12M1I12M4I10M2D11M1I6M1D4M8I2M3D14M10D8M9D4M4I10M1D26M7D9M14I5M4I14M2I6M
A0A066XSE1_taxID_1173701_model_A	B2ZB02_ref_A	156	487	488	6	286	4.194E-01	21M3I2M6I5M4I13M10D30M1I12M2D8M2I10M11I6M1I1M10I6M6I16M10I6M3I4M4D7M1I9M9D2M1D7M4I22M1I30M8I9M3D1M2I5M2I5M2I11M3I4M
A0A0V0S806_taxID_6336_model_A	B2ZB02_ref_A	133	438	830	1	286	2.817E-01	31M3I2M2I9M2D5M2D2M5D14M37I44M1I2M6D7M2D12M1D13M1D16M5D5M1D8M1D1M5D41M5I4M2D6M3I25M2I6M
A0A1I9G629_taxID_6279_model_A	B2ZB02_ref_A	343	611	628	6	286	3.583E-01	38M1D6M7D63M3D8M2D5M2D4M3D7M2D6M1D13M8I4M4I4M3D6M10D42M5I14M2I9M4I2M2D11M1I3M
A0A3N0CP77_taxID_661483_model_A	B2ZB02_ref_A	39	290	601	6	285	3.743E-01	25M2I3M3I13M11D3M1I38M2D31M2I5M6D4M1D30M12D1M1D8M1D2M1D14M1D29M1D21M1I16M
A0A4Z1NUI9_taxID_86259_model_A	B2ZB02_ref_A	97	399	399	2	286	5.395E-01	32M8I13M10D26M1I16M2D11M1I11M5I2M1I10M1I8M7I4M1D7M3I4M7I2M3D10M5D6M5D6M3D3M2D13M1D30M3D6M1I11M11I3M5I10M2I6M
A0A672MGC5_taxID_75366_model_A	B2ZB02_ref_A	123	441	495	6	295	4.820E-01	20M19I8M9I10M13D6M3D18M2I15M5D13M1D9M1I6M2D8M12I11M1I5M2D38M8I71M2I7M1I19M
A0A0V1KR57_taxID_6335_model_A	B2ZB02_ref_A	136	442	833	1	287	2.821E-01	33M5I9M2D5M2D2M5D13M1D2M14I1M24I41M1I2M6D7M2D12M1D13M1D16M5D5M1D8M1D1M5D41M5I15M1I22M2I7M
A0A3N4K3H4_taxID_1336337_model_A	B2ZB02_ref_A	1	246	305	6	247	5.261E-01	8M2D15M5I6M4I9M4D5M2I5M2D28M1I12M1I10M1I7M2I6M14I8M2I1M5I3M6D5M1I6M2D8M1I14M9D5M1D8M4D3M5D4M4D1M4I26M
A0A4T0FMD4_taxID_1540922_model_A	B2ZB02_ref_A	28	267	268	6	239	5.928E-01	23M6I5M5I9M7D5M3D3M4D34M2D11M3I5M2I8M3I10M2D1M2D7M1D16M9I9M8I7M3D7M1I1M10D15M3I24M
A0A6A4E140_taxID_53985_model_A	B2ZB02_ref_A	29	282	533	3	256	3.151E-01	32M3D14M6D5M1I24M3I11M6I11M2D3M5I6M12D2M2D6M1D5M1I5M8I6M4I4M10I15M1D5M4D9M6D15M1D38M
A0A8H2X9J9_taxID_456999_model_A	B2ZB02_ref_A	42	324	324	6	296	6.222E-01	28M10I14M10D41M1D12M1I11M1D1M2I10M1I7M5I2M4I3M1D8M1I5M3I3M12I11M4D4M5D9M3D2M2D14M1D26M22D8M1I6M2I16M
A0A8H4CJG9_taxID_474922_model_A	B2ZB02_ref_A	52	388	661	1	297	2.757E-01	4M1I8M4D21M8I1M2I17M7D15M13I18M4D18M6D4M8I15M7I2M1D6M2D4M12I3M2D20M4D9M3D5M6I9M2I35M9I4M1D17M7I17M1D10M
A0A9P5F1P8_taxID_690259_model_A	B2ZB02_ref_A	1	331	332	7	286	6.186E-01	20M3I2M6I5M4I13M10D33M1I9M2D8M2I10M11I6M1I1M10I6M2D4M1I5M7I5M10I6M3I4M4D11M1I5M2D6M4D29M1I26M1I4M7I9M3D1M2I6M4I13M3I6M
A0AA40K7X1_taxID_314040_model_A	B2ZB02_ref_A	4	204	248	19	246	6.382E-01	12M4D13M10D37M9D7M5D9M4I9M2D13M1I11M1I4M4I13M5D3M5D6M3D3M2D9M8I34M
A0AAD5WPZ9_taxID_339359_model_A	B2ZB02_ref_A	28	354	357	4	286	6.154E-01	28M5I2M7I15M10D31M1I14M1I9M1I6M3I6M13I8M2D3M1I4M2I6M1I6M1D19M13D9M1D4M4I3M2I9M3I33M1I3M11I11M3I7M10I14M2I6M
A0AAV2QBX0_taxID_48144_model_A	B2ZB02_ref_A	83	289	293	6	258	5.151E-01	6M8I6M2I33M6D2M4D27M1I9M2D9M12D6M5I4M4D4M6D5M11D12M5D4M5D7M6D17M1D40M
A0A080ZVP9_taxID_1317066_model_A	B2ZB02_ref_A	35	273	546	3	241	2.865E-01	41M2I3M11D5M1I24M3I11M6I9M2D5M5I6M12D2M2D6M1D5M1I5M8I6M4I5M1I3M10I11M10D8M4I1M6D15M1D23M
A0A0V0TGR2_taxID_144512_model_A	B2ZB02_ref_A	135	441	832	1	287	2.798E-01	33M5I9M2D5M2D2M5D13M1D2M38I42M1I2M6D8M1D4M1I8M3D11M1D16M5D5M1D8M1D1M5D41M2D4M5I6M3I20M1I8M1I4M
A0A3F3PW89_taxID_1341132_model_A	B2ZB02_ref_A	50	344	344	4	287	6.375E-01	27M4I3M6I12M5D10M4I4M1D21M1I34M1D10M2D4M1I10M1I6M1D23M10D8M3D3M2D39M3I4M7I5M1D7M4I4M2I5M2I12M2I7M
A0A5S6QUR5_taxID_70415_model_A	B2ZB02_ref_A	85	347	957	1	286	2.308E-01	6M1I24M3I3M2I9M14D1M5I59M1I2M6D10M3D10M1D5M1I7M3D13M5D5M3I8M10D53M1I13M1I3M1I13M
A0A8J5XMZ9_taxID_2081491_model_A	B2ZB02_ref_A	15	381	541	5	286	2.684E-01	7M12D10M1I8M1I8M1D5M10I5M3I28M1I4M2D3M8D6M2D3M7I4M2D21M9I4M1D4M45I13M5I12M21I6M11I4M1D9M7D2M4D35M3I8M1D7M3I7M6I18M
A0AA35TLZ1_taxID_519541_model_A	B2ZB02_ref_A	117	432	443	6	284	4.912E-01	24M15I5M10I12M2D4M1I33M2I10M6D7M1I9M6I5M6D8M12D39M3I12M12I2M8I47M1I7M1I14M2I6M1I9M
A0AAI8YZG9_taxID_111012_model_A	B2ZB02_ref_A	95	369	370	6	286	5.756E-01	22M8I6M3I14M10D29M1I12M2D11M1I21M1D7M3D12M4I5M3D13M13D12M2D16M1D22M3I6M1D2M2I6M1D2M3I6M1D2M5I11M2I6M
A0AAW0Q5S1_taxID_1337665_model_A	B2ZB02_ref_A	58	331	364	6	229	4.557E-01	5M10I3M11I18M10I2M3I14M10D29M1I8M2D12M2I13M8I4M10I6M2I9M10I7M1I6M3I4M4D10M6D4M2D4M1I9M1I4M1I29M
A0ABR0S881_taxID_491253_model_A	B2ZB02_ref_A	75	311	369	6	247	5.083E-01	27M6I1M2I13M10D25M2I6M1D10M2D11M1I9M2I4M3I8M2I15M5I10M3I20M9D2M1D6M5D15M1D27M2D2M
A0ABZ1SYY9_taxID_568844_model_A	B2ZB02_ref_A	27	277	278	6	297	7.970E-01	42M10D41M2D33M2D2M3D2M1I4M1D30M6D2M4D9M6D13M1D29M4I3M5D3M2D27M4D6M
A0A2T2NJ62_taxID_1448308_model_A	B2ZB02_ref_A	117	473	474	6	286	4.566E-01	24M7I5M8I9M1D4M9D24M1I17M2D9M2I11M3D1M25I8M1D7M20I2M14I5M1I6M2D21M13D7M1D3M1I1M7I47M2I11M8I6M5I1M1D3M6I5M3I7M1D3M
A0A498S2C2_taxID_6277_model_A	B2ZB02_ref_A	334	605	790	1	286	2.900E-01	3M2D38M1D6M7D61M3D10M2D4M5D11M2D7M1D13M8I5M4I3M3D6M10D42M2D2M7I8M2I11M4I2M2D11M1I3M
A0A6G1KGG9_taxID_1314801_model_A	B2ZB02_ref_A	18	372	373	1	286	5.591E-01	3M3D23M2D3M17I9M1D4M9D29M1I12M2D8M2I15M22I8M2D4M13I6M14I4M1I6M2D18M5D2M2D3M2D4M3I10M1I46M10I12M13I20M2I7M
A0A7M5XIS8_taxID_252671_model_A	B2ZB02_ref_A	14	388	394	6	297	4.576E-01	6M2I9M5I8M2I20M2I6M4I31M4I7M2I17M7I3M10I10M3I10M2I8M3D12M4I9M18I25M1I3M2I6M2I5M3D38M1I10M19I4M2D9M5I17M4D7M
A0A8H3DKS2_taxID_456999_model_A	B2ZB02_ref_A	14	470	756	1	286	2.360E-01	3M2D26M9I12M7I7M22I30M11I5M11I9M1D13M1I3M15I2M4I2M8I3M1I7M7I5M3I6M1I5M6I2M2I4M4D3M9I10M2I17M8I3M17I9M3I5M2I3M2D9M2I36M21I20M6I8M2I10M
A0A8T1MS49_taxID_79923_model_A	B2ZB02_ref_A	118	466	470	6	297	4.831E-01	26M9I2M17I12M7I38M4I2M2I10M3D2M3D21M1I4M1I6M2D2M3I10M9I5M1D2M3D22M2D2M3I13M7I48M7I6M6D8M3I22M4I9M
A0A934SPS7_taxID_2801341_model_A	B2ZB02_ref_A	49	267	491	7	286	3.338E-01	4M4I23M3I12M13D3M1D1M2I20M2I15M18D4M2D6M2I5M16D2M6D5M3D3M2I11M3D14M3D2M2D14M1D23M1D16M3D6M2I9M6D4M
A0A9Q8T2R4_taxID_145971_model_A	B2ZB02_ref_A	35	295	381	2	244	5.123E-01	30M3I2M9I11M14D28M1I25M1I10M5I3M16I10M2D7M3I4M1I6M2I6M3D15M10D11M3I14M3I32M
A0AA43QLN8_taxID_258253_model_A	B2ZB02_ref_A	60	339	341	6	286	6.211E-01	28M8I13M4D4M3D29M1I12M2D11M1I13M4I7M2I5M2D8M1D6M2D2M8I3M3D14M10D10M6D3M1I10M1D25M3D4M10I2M3D10M2I4M2I18M
A0AAE8STA2_taxID_2041049_model_A	B2ZB02_ref_A	563	866	905	1	286	2.159E-01	3M1D21M3I8M1I12M12D23M5D7M4D11M2D4M6I17M2I2M3D2M2I6M2D4M1I3M4D8M14I13M1D8M22I11M6D48M3I3M2D2M3I3M2I15M1I10M
A0A430HE78_taxID_2495579_model_A	B2ZB02_ref_A	41	350	552	6	297	3.338E-01	5M3I20M4I12M10I1M1I4M2I7M5I4M1I3M2I1M2I21M2I8M2D10M1I5M4D16M1I6M1D2M4D6M3D3M2D4M2D2M4D12M4I4M4I6M3D4M3D2M2D38M1D18M4I27M3I10M
A0A5N7DKE9_taxID_1506151_model_A	B2ZB02_ref_A	79	365	369	6	289	5.917E-01	26M6I2M2I15M10D28M1I12M2D11M1I13M4I8M2D14M1I5M1D7M5I12M4D5M5D8M5D18M1D23M3I6M5I8M4D6M7I13M2I10M
A0A6A6CAJ8_taxID_1080233_model_A	B2ZB02_ref_A	63	343	351	6	287	6.192E-01	26M2I2M6I15M10D31M1I11M2D9M1I23M2D11M1I13M3D2M9I12M12D5M2I1M3D3M2D13M1D26M2I7M1I3M1I11M2I3M4I13M2I7M
A0A6J8EAN0_taxID_42192_model_A	B2ZB02_ref_A	160	407	740	6	280	2.957E-01	40M9D62M1I2M6D8M1D1M3D8M3D6M3D20M5D8M3I3M9D46M1I2M1D16M8I13M
A0A8H5V6E6_taxID_1567544_model_A	B2ZB02_ref_A	73	310	369	6	244	5.099E-01	28M8I15M10D31M1I12M2D8M1I13M7I8M2I4M1I7M5I2M1D16M3I15M9D2M1D6M5D16M1D27M
A0A8H7M1F4_taxID_456999_model_A	B2ZB02_ref_A	13	476	756	1	286	2.411E-01	3M2D15M2I13M6I10M13I4M16I5M1I9M4I19M11I5M11I4M2I5M1D4M1D8M2D7M1I16M2D2M17I3M11I11M20I3M1I8M3I12M24I21M2D6M5I9M2I34M12I7M14I7M4I8M6I9M2I9M
A0A9P8EVR0_taxID_46634_model_A	B2ZB02_ref_A	103	323	324	6	286	4.554E-01	13M3I11M2I4M3I19M10D23M1I17M1D7M9D4M16D4M10D1M4I6M3D14M9D5M1D3M12D2M4D4M6I8M1D29M2I4M7D14M2I6M
A0AA38XVF3_taxID_1002370_model_A	B2ZB02_ref_A	86	349	349	5	286	5.733E-01	2M2I27M9I15M10D23M1I17M2D6M4I11M14D5M6D5M1I13M3D6I14M10D8M5D16M1D34M3I2M1I13M4I14M2I6M
A0AAD5V4M1_taxID_2056292_model_A	B2ZB02_ref_A	18	424	678	6	286	2.472E-01	15M2I5M9D6M12I14M9I26M4I5M15I9M5I15M9I6M15I7M4D8M3I1M5I2M1I11M3I5M2I8M1D18M7I2M5D3M6I8M9I5M4I9M2I34M18I7M5I15M6I8M4I2M1D7M
A0ABN8MXH6_taxID_104759_model_A	B2ZB02_ref_A	28	278	280	5	286	7.289E-01	28M3D19M3D1M4D45M2I4M2I8M1I2M2D13M1D3M2I4M3D6M3D21M10D9M5D14M1D31M5D3M1D4M1D19M4I6M
A0A2N5TV63_taxID_200324_model_A	B2ZB02_ref_A	195	484	485	6	286	3.807E-01	21M10D4M6D5M2I6M14I24M1I17M2D11M3I13M7I8M2D4M2D6M1D9M3I7M5I10M8I11M11D1M1D16M2D6M9D17M1D3M5I5M1D4M3I5M1D3M5I10M2I6M
A0A4S9AAS5_taxID_5580_model_A	B2ZB02_ref_A	97	321	322	2	286	4.883E-01	21M1I8M3I3M4I19M10D23M1I27M7D5I4M30D7M3D14M10D13M2D4M7D4M1D7M1D23M1D6M3I3M7D14M2I6M
A0A6A5YJL3_taxID_690887_model_A	B2ZB02_ref_A	62	372	372	6	286	5.599E-01	27M8I15M10D32M1I9M2D11M1I7M7I7M7I6M2I7M1I4M4I5M5I6M8I10M1I14M10D10M6D13M1D30M7I11M2D6M1D2M8I10M2I7M
A0A7C8I7T2_taxID_100035_model_A	B2ZB02_ref_A	30	258	312	6	243	5.797E-01	28M8I14M10D29M1I12M2D12M1I12M6I7M2I5M2D8M1D6M1D4M6I3M2D11M4D4M5D8M9D6M4I6M1D26M
A0A7S2JHQ4_taxID_1333877_model_A	B2ZB02_ref_A	551	845	905	3	286	2.354E-01	36M4D20M3D18M2I32M1I7M18I2M2I8M1D10M2D7M10D3M9I8M7D3M4D10M6D9M5I44M3D15M2I9M12I3M
A0A9Q3H9V3_taxID_1389203_model_A	B2ZB02_ref_A	25	237	241	7	229	6.866E-01	27M8I20M10D19M1I16M2D12M1I12M6I8M1D1M1D12M1I13M3D6I14M10D10M6D26M
A0AA42B2P4_taxID_74823_model_A	B2ZB02_ref_A	70	319	436	6	260	3.031E-01	5M6D8M1D17M9I6M3D6M1D25M2I15M4D9M7D2M6D5M2D4M2D21M5I6M2I10M3I14M3I10M1I1M2D9M3I2M4I28M3D15M
A0AAI9XSF2_taxID_1209925_model_A	B2ZB02_ref_A	156	487	488	6	286	4.270E-01	23M9I5M4I13M10D25M1I17M2D8M2I10M11I6M11I7M6I16M10I6M3I4M4D11M1I5M9D2M1D7M4I22M1I30M8I11M1D4M2I7M2I10M3I5M
A0ABN8PUI2_taxID_104759_model_A	B2ZB02_ref_A	154	409	411	6	286	4.807E-01	24M4I16M2I3M2I2M12D45M2I4M2I9M1D16M1D8M1D6M2D5M1D11M2D2M10D2M1D8M3D41M5D3M8I27M6D4M
A0ABR8L1I5_taxID_1677852_model_A	B2ZB02_ref_A	37	288	288	6	297	7.868E-01	42M10D41M2D33M2D3M2D6M1D30M6D2M4D8M6D14M1D29M3D4M1D5M1I27M3D7M
A0A4W4EZ83_taxID_8005_model_A	B2ZB02_ref_A	90	420	475	7	296	5.086E-01	20M19I8M9I13M10D26M2I12M4D3M1D13M1D9M1D15M12I18M3I39M5I2M3I46M1D1M2I20M2I5M2I22M
A0A6A6CBF1_taxID_1080233_model_A	B2ZB02_ref_A	31	317	317	6	286	6.204E-01	26M4I3M6I14M10D28M1I15M2D9M1I12M7I8M2I4M12I9M1D4M6D4M3D14M10D11M5D10M1D30M6D3M11I17M4I7M3I3M1D5M
A0A6G0XI62_taxID_100861_model_A	B2ZB02_ref_A	611	915	929	6	288	2.164E-01	48M8D25M3I13M9I4M2D4M1D2M1D4M2I7M2I6M8I6M5D4M9D4M5D10M1I4M10D11M5D37M3I17M1D2M28I8M13I20M
A0A8H9LF69_taxID_1460882_model_A	B2ZB02_ref_A	35	288	288	4	297	7.930E-01	44M10D41M2D33M2D3M2D6M1D30M6D2M4D8M6D14M1D29M3D4M1D5M1I27M3D7M
A0A8K0IA90_taxID_13894_model_A	B2ZB02_ref_A	492	765	952	6	286	1.901E-01	26M5I16M3I10M1D25M2I12M14D5M3D6M3D6M3I3M6D17M1D7M2I10M2I4M5I9M5D8M5I10M3D35M3D3M2D7M2I6M5I15M
A0AAD9HBC0_taxID_1216348_model_A	B2ZB02_ref_A	95	368	371	6	286	5.832E-01	26M4I2M4I14M10D24M1I17M2D11M1I10M4I2M1I8M2I6M5D1M3I3M1D9M2I4M3D14M9D2M1D6M3D3M2D10M1D33M2D11M4I6M1D2M5I11M2I6M
A0AAN6K752_taxID_329885_model_A	B2ZB02_ref_A	96	382	382	6	286	5.632E-01	21M8I7M2I15M10D28M1I12M2D11M1I13M7I7M3D1M1I7M2I4M1D6M1D7M2I2M4I14M10D11M5D13M1D25M3D4M12I7M4D10M4I10M2I6M
A0AAV9N1J6_taxID_1690606_model_A	B2ZB02_ref_A	3	247	251	34	283	7.580E-01	15M10D27M1I13M2D11M1I10M10I13M2D4M2I6M1D13M3D6I14M10D8M3D3M2D13M1D30M2D2M5I3M1I16M4I10M1I3M
A0ABN8MSS7_taxID_104759_model_A	B2ZB02_ref_A	28	279	281	5	286	7.724E-01	26M2I4M2I11M2D3M12D45M2I2M2I11M1D18M1I5M3D6M2D5M1D16M6D2M4D9M5D52M7D18M4I6M
A0ABR0JJU7_taxID_1016849_model_A	B2ZB02_ref_A	108	410	411	6	285	4.726E-01	21M1I4M8I3M5I14M1I3M11D27M1I10M2D11M1I9M2D2M9I11M20I12M1D2M3D4M6D14M10D11M5D13M1D27M4D5M8I11M2I7M2I7M3I3M7I4M
A0AA39T9Y6_taxID_153913_model_A	B2ZB02_ref_A	37	323	324	6	286	6.816E-01	27M10I16M4D35M1I14M2D8M2D19M2I8M2D4M1D6M2D22M11D11M1I48M1D11M6I6M10I3M1D11M2I6M
A0AAD9M015_taxID_1216348_model_A	B2ZB02_ref_A	77	351	354	1	286	6.021E-01	3M2D26M5I2M3I14M10D32M1I9M2D11M1I13M6I7M2I9M2D4M1D6M1I7M3D13M13D6M1D3M1I2M2D13M1D29M4D10M4I10M4I10M2I6M
A0AAN6KA23_taxID_329885_model_A	B2ZB02_ref_A	98	384	384	6	286	5.694E-01	26M4I3M6I14M10D28M1I12M2D11M1I13M7I7M3D9M3I3M1D6M1D5M2I4M4I14M10D11M5D13M1D25M3D4M12I7M4D10M4I10M2I6M
A0ABQ7J1C5_taxID_2478750_model_A	B2ZB02_ref_A	78	309	362	1	244	5.218E-01	3M2D26M6I2M2I9M7D4M3D32M1I10M2D11M1I9M6I4M2I10M2D12M1I11M4I1M3D14M10D8M5D11M1D32M
A0ABR4CF27_taxID_86028_model_A	B2ZB02_ref_A	82	363	363	6	286	6.020E-01	26M4I2M4I14M10D28M1I13M2D11M1I8M2D3M8I8M1D20M7I7M3D10M5D6M5D6M3D3M2D10M1D34M3I12M1I6M1D3M5I10M2I6M
B9XQZ3_taxID_320771_model_A	B2ZB02_ref_A	413	701	883	4	287	2.278E-01	8M1D4M2I15M5I11M14I5M20I34M2I15M2D14M5I5M1D5M18D4M8D3I5M3D2M5D17M3D7M5D44M1D8M7D5M8I22M
A0A0V1A2F9_taxID_990121_model_A	B2ZB02_ref_A	130	456	574	1	296	2.872E-01	3M2D26M12I2M8I17M3D7M1D21M2I12M19I4M1I2M3D6M1D5M4D1M29I7M6D2M5D2M23D17M4D6M12I8M1D5M8D7M9I27M1I9M1D8M3I3M1D8M1I8M3D7M
A0A166TEN8_taxID_708197_model_A	B2ZB02_ref_A	88	366	369	2	286	5.874E-01	3M1I27M4I2M4I15M10D20M1I20M2D12M1I9M4I3M1I7M2I6M5D1M3I3M1D9M2I4M3D14M9D2M1D6M3D3M2D10M1D33M2D11M4I4M2I3M2I13M2I6M
A0A194XSF1_taxID_149040_model_A	B2ZB02_ref_A	32	339	341	2	286	6.202E-01	32M8I16M10D22M1I17M2D11M1I9M8I5M5I6M2I7M3I2M2D5M5I6M3I6M3I4M3I14M10D10M6D13M1D26M3I7M1I3M3I5M2D6M1D2M8I17M
A0A1X6PJ39_taxID_2786_model_A	B2ZB02_ref_A	70	320	398	6	286	5.617E-01	42M10D41M2D16M1D3M2D10M2I1M6D7M1D6M5I19M1I5M10D10M6D8M3I31M1I5M1D4M1D27M2D4M
A0A3M7MKX7_taxID_1302712_model_A	B2ZB02_ref_A	34	382	715	2	286	2.299E-01	2M2D9M1I4M5I6M1I19M1I3M3I10M1I3M1I23M20I13M21D10M1D4M3I3M2D11M1D2M4I1M1I6M13I6M12I8M13I6M1D9M7I10M6D6M3D36M10I10M2D9M7I17M
A0A562PHQ5_taxID_871742_model_A	B2ZB02_ref_A	34	311	494	6	284	3.516E-01	6M2D3M3I18M8I8M7I3M2I10M16I3M4D19M2I23M5I18M19D4M8D11M4D15M4D9M5D13M2I29M2D5M1D5M5D4M8I19M
A0A6G0LHA8_taxID_53985_model_A	B2ZB02_ref_A	1	236	494	14	247	3.148E-01	30M1I4M10D5M1I24M3I11M6I11M2D3M5I6M12D2M2D6M1D5M1I5M8I6M4I4M10I15M1D5M4D9M6D15M1D25M2I4M
A0A8B8D4J3_taxID_6565_model_A	B2ZB02_ref_A	105	368	986	6	287	2.375E-01	28M5I9M2D6M7D26M1I33M1I2M6D8M4D8M3D6M3D16M1I6M4I4M5D10M6D39M3I26M1I10M2I9M
A0A9E7H3J2_taxID_320322_model_A	B2ZB02_ref_A	60	343	524	1	286	3.425E-01	3M1D7M1I6M4I12M2I17M3D10M1D22M2I30M1I1M5D2M17D11M1D1M3I7M5D5M6I10M9I8M4I9M9D9M3I2M3I35M1I4M6D6M2I5M5I16M
A0A9P8SF21_taxID_111463_model_A	B2ZB02_ref_A	34	373	582	1	293	3.176E-01	31M8I15M1D2M3I3M3I6M1I22M4I3M9I2M6I16M1D5M6D4M8D3M8I6M3D3M5I6M5I5M5D5M1D6M8I10M1I9M5I6M10D8M2I36M16I7M7D8M6I18M1D5M
A0AAE0WXT6_taxID_574656_model_A	B2ZB02_ref_A	90	381	382	1	286	5.732E-01	26M8I7M2I15M10D23M1I17M2D11M1I13M7I8M2I4M2D7M1D7M1D5M2I4M4I14M10D11M5D10M1D28M3D4M1I10M7I11M4I10M1I2M1I4M
A0AAQ3M852_taxID_150365_model_A	B2ZB02_ref_A	43	408	632	1	292	3.132E-01	4M2I17M3I7M5I17M4I10M3I4M1I24M9I2M10I10M2D1M3I13M5D1M6D4M8I7M2D7M8I2M3D21M12I8M1D8M6I11M6D8M11I36M2I11M2I3M3I9M6I11M1I11M
A0ABR7QDC1_taxID_2759037_model_A	B2ZB02_ref_A	1	265	267	1	286	6.703E-01	6M1I43M10D26M4I10M3I12M22D5M2D12M16I4M2D2M6I4M5D12M10D7M2D3M4D41M1D4M5I6M6D8M8I17M
A0ACC2S7C6_taxID_34485_model_A	B2ZB02_ref_A	26	263	266	7	286	5.094E-01	21M9D4M7I12M6D34M1I6M8D10M1D4M6I9M9D7M1D4M12D6M3D7M3D6M1D5M2D5M2D12M1D44M2D11M2I10M2I3M
A0A8B9AG70_taxID_42345_model_A	B2ZB02_ref_A	128	395	583	1	286	2.804E-01	4M1D26M9I4M1I11M3D34M2I12M14D5M3D7M17D10M2I8M2D5M2I10M2I2M14I6M1D7M2D3M6D7M3D37M3D3M2D7M2I3M5I18M
A0A8H7K265_taxID_29856_model_A	B2ZB02_ref_A	57	373	374	4	286	5.568E-01	28M6I2M7I15M10D30M1I8M2D10M2I10M11I5M5I1M7I7M2I2M8I5M3D6M1I6M2I7M3D16M10D9M5D39M2D3M11I10M1D6M2I6M3I11M2I5M
A0A915M8S0_taxID_6303_model_A	B2ZB02_ref_A	82	337	414	6	286	5.326E-01	43M9D59M1D3M2D10M2D5M2D3M2D9M2D5M1D14M17D2M1D6M4I40M2D4M7I5M2I16M1I5M1I8M1I3M
A0A9P6HVN3_taxID_1095194_model_A	B2ZB02_ref_A	2	163	275	76	247	4.261E-01	6M1I20M2D8M1I8M4D1M10I8M2I6M4D6M1I5M3D7M4I14M10D8M5D18M1D28M
A0A9P8DKY9_taxID_1042133_model_A	B2ZB02_ref_A	1	233	294	9	242	6.357E-01	25M8I15M10D28M1I12M2D11M1I12M4I1M3I8M2I9M6I4M1D16M3I15M10D9M5D15M1D25M
A0A9W9Q612_taxID_5074_model_A	B2ZB02_ref_A	33	430	826	6	296	2.164E-01	6M3I8M2I9M5I28M3I3M1I21M2I4M3I1M15I22M9D1M18D13M5I3M10I6M15I4M3I6M17I4M17I10M5I3M2I9M3I4M6D5M1I4M5I46M4I2M6I9M7I17M6I10M
A0ABD3I4U1_taxID_122646_model_A	B2ZB02_ref_A	80	385	395	6	286	4.235E-01	20M6I3M3I17M2D4M3I4M2I2M1D25M2I27M2D21M16D6M1I3M13I8M8I6M3I5M10I12M3D3M1D3M4D41M10D13M10I3M3I16M
A0ABR3FXT6_taxID_585013_model_A	B2ZB02_ref_A	30	328	329	6	286	6.351E-01	26M2I2M9I13M8D33M1I24M1I6M2I7M4I2M1D5M1D7M5I7M1I6M4D6M15I14M10D8M9D5M1I7M1D27M4D5M1D3M2I3M7I6M5I14M2I6M
A0ABX6FJC2_taxID_871742_model_A	B2ZB02_ref_A	121	398	581	6	284	3.023E-01	7M2D2M3I18M8I8M7I3M2I10M16I3M4D19M2I23M5I18M19D4M8D11M4D9M2D5M2D10M5D13M2I29M2D5M1D5M5D4M8I19M
G5AB92_taxID_1094619_model_A	B2ZB02_ref_A	1	226	231	6	246	6.149E-01	44M8D29M3I12M6I7M1I4M1D2M1D6M14D14M1I5M2I2M6I6M3I3M14D2M1D2M3I18M3I19M1D15M3D8M
A0A1S8CTM4_taxID_1907941_model_A	B2ZB02_ref_A	22	343	522	1	287	3.224E-01	3M1D7M1D22M7I18M2D5M15I5M13I17M2I19M3D6M7I7M15I3M7D3M12D5M5D9M6D8M1I3M10D9M3D2M2D9M19I38M4D9M7I4M4I15M1I5M
A0A3P6S9E3_taxID_42156_model_A	B2ZB02_ref_A	324	620	695	6	286	3.146E-01	38M3I3M11D61M3D10M2D4M6D4M1I5M2D8M1D13M14I1M7I8M5D4M1D4M5I3M7I43M2D2M7I8M2I13M1I3M1I10M1I3M
A0A6J8CNM0_taxID_42192_model_A	B2ZB02_ref_A	14	209	238	6	230	7.154E-01	28M5I14M4D2M5D58M1I2M6D8M5D3M3D14M3D16M2I7M3D8M8D28M
A0A7S3EYR7_taxID_156174_model_A	B2ZB02_ref_A	194	523	927	1	297	1.962E-01	3M2D26M5I2M7I9M3D3M3D7M2I23M4I5M2I11M10I2M5I10M10D11M3D3M6D24M11I7M2I5M1I7M6I2M1D5M10D16M1D25M3D2M18I4M1I3M2D8M5I19M2D9M
A0A9P8JBW6_taxID_46634_model_A	B2ZB02_ref_A	101	321	322	6	286	4.769E-01	26M3I4M5I17M10D23M1I9M7I1M3D12M9D5M15D4M5D5M10D14M10D11M6D6M3D4M1D7M1D29M2I4M7D14M2I6M
A0AA89B2U6_taxID_1293975_model_A	B2ZB02_ref_A	149	380	399	6	237	3.539E-01	26M3I14M7I3M2D6M2D25M2I12M14D5M3D11M1D5M3D12M3D12M8I18M5I7M2D1M3I3M3D3M2D11M7I23M
A0AAI9UNI6_taxID_1209917_model_A	B2ZB02_ref_A	26	337	338	6	286	5.874E-01	28M13I13M1I4M7D10M9D9M3I28M4I19M1D13M4I2M2I5M2D12M1I5M3I5M13D11M2D39M20I10M7I7M1I9M4I12M2I6M
A0ABN8LUS6_taxID_104178_model_A	B2ZB02_ref_A	61	320	322	5	286	6.581E-01	27M4I16M10D37M1I8M1D4M2I2M2I34M2D13M3D11M6D7M4D11M3D41M3I3M3D9M6D15M4I6M
A0ABQ9QHE7_taxID_1209934_model_A	B2ZB02_ref_A	156	487	488	6	286	4.262E-01	23M9I5M4I13M10D29M1I13M2D8M2I10M11I6M11I7M6I16M10I6M3I4M4D11M1I5M9D2M1D7M4I22M1I30M8I11M1D4M2I7M2I11M3I4M
E5Q8T0_taxID_326968_model_A	B2ZB02_ref_A	130	435	594	2	297	2.979E-01	24M1I5M4I15M7I3M2D6M2D24M2I13M14D5M3D11M1D5M3D22M2D5M6I9M3I2M11I3M1I3M12D5M1I1M2D11M7I30M2I8M7D6M2I6M5I15M6I11M
A0A2J6S2Q8_taxID_1149755_model_A	B2ZB02_ref_A	37	273	332	6	244	5.440E-01	27M6I1M2I15M10D23M1I20M2D9M1I8M4I4M2I8M2I1M1D9M3I5M3I12M3D6I10M13D9M1D6M1D13M1D27M
A0A2V1EB40_taxID_97972_model_A	B2ZB02_ref_A	51	415	581	6	290	3.267E-01	6M2I20M8I11M3I3M1I9M3I5M1I26M20I10M4D18M3I26M5D1M4I12M3I4M22I17M9I8M3I3M10D6M1I39M2I12M7I8M7I22M
A0A6A5XM88_taxID_1450172_model_A	B2ZB02_ref_A	17	371	373	6	287	5.430E-01	26M2D1M20I9M1D4M9D29M1I12M2D9M2I9M29I6M8I3M6I2M4D10M10I4M1I6M2D23M12D5M2D3M8I45M1I3M9I12M3I4M2I4M4I11M3I8M
A0A7N6AMA0_taxID_64144_model_A	B2ZB02_ref_A	118	448	516	6	290	4.665E-01	14M3I9M12I5M11I20M5I28M2I14M1D6M5D9M1D9M2D7M1I7M12I15M2I41M6D10M9I34M1I21M2I3M1I18M
A0A8H7IC95_taxID_456999_model_A	B2ZB02_ref_A	39	308	308	8	256	5.854E-01	19M1I2M11I5M13I12M4D3M6D5M1I26M1I9M2D11M3I8M5D7M2I5M6D4M1D6M9I5M3I2M1I3M10I9M2I5M10D9M1D50M1D8M
A0A8T1W4C6_taxID_221518_model_A	B2ZB02_ref_A	38	273	575	6	241	2.646E-01	29M3D7M5D37M3I11M6I10M2D4M5I6M12D2M2D6M1D5M1I5M8I6M4I5M1I2M13I11M13D6M4I1M6D15M1D23M
A0A9R0VMT2_taxID_4567_model_A	B2ZB02_ref_A	2	285	448	12	287	3.728E-01	14M1I3M4I17M2I2M1D7M2I5M1D22M2I22M8D2M3D3M7D6M3D22M3D4M7I11M7I1M3I14M2I1M10D11M7I38M6D7M8I3M5I19M
A0AAN6H7M5_taxID_329885_model_A	B2ZB02_ref_A	96	331	382	6	249	5.069E-01	26M4I3M6I14M10D27M1I13M2D11M1I10M1I4M6I8M2D7M2I4M1D6M1D5M2I4M4I14M10D11M5D13M1D25M3D4M
A0ABN8LS46_taxID_104178_model_A	B2ZB02_ref_A	154	409	411	6	286	5.066E-01	21M1I19M4D12M1D45M2I3M2I10M1D16M1D8M1D6M2D4M1D12M2D2M10D2M1D8M3D41M5D6M4I6M4D4M2D5M1I6M3I7M
A0ABQ9S7H6_taxID_1914294_model_A	B2ZB02_ref_A	28	315	317	4	246	5.439E-01	26M11I4M7I14M13I2M2D4M2D32M1I9M2D11M3I8M4I13M2I4M6D4M1D5M7I19M3D8M5D8M6D13M15I25M9I7M
A0A9P4PTR1_taxID_1392251_model_A	B2ZB02_ref_A	61	414	751	2	297	2.787E-01	2M2D9M1I14M6I15M1D5M1D4M4I5M1I22M20I13M2D10M1I11M8D2M9I16M12I2M11I3M1D3M1D23M9D6M5I2M2I8M2D9M1I36M10I10M2D9M7I18M1D2M2D5M
A0AAV2VYF3_taxID_1238450_model_A	B2ZB02_ref_A	19	294	472	7	286	3.689E-01	9M3I19M5I14M9D25M6I3M2I9M3D9M3D4M15D3M1D16M1I5M8I9M3I3M9I12M10D9M3D2M2D9M12I42M7D7M1D12M1I5M
A0ABR3TFZ3_taxID_45134_model_A	B2ZB02_ref_A	1	303	311	7	287	6.239E-01	4M3D13M9D5M8D7M6I2M6I6M1I26M1I14M1I8M1I7M5I7M9I7M2D3M1I4M4I5M1D6M1D24M3D1M7D6M3I2M1D15M3I33M12I12M2D7M4I13M2I7M
A0ACC2ID33_taxID_110536_model_A	B2ZB02_ref_A	77	360	362	4	286	6.036E-01	28M3I2M4I15M10D27M1I13M2D11M1I9M2D2M8I8M2I4M2D8M1D10M7I3M3D14M10D8M5D16M1D30M2D2M6I3M1I10M2I4M2I8M2I10M
W2YEN6_taxID_1317064_model_A	B2ZB02_ref_A	22	266	495	6	242	3.103E-01	41M10D6M3I2M1D19M3I9M1I6M4D8M5D2M4I3M1I9M1I8M3D11M1D6M10I4M13I12M3I5M1I5M2D9M5D16M1D24M
A0A091TMG5_taxID_36300_model_A	B2ZB02_ref_A	28	362	419	6	294	5.876E-01	22M19I6M9I13M4I37M2I12M4D3M1D13M1D9M1I5M2D9M12I11M1I5M2D37M2I3M2I48M1I21M2I4M1I21M
A0A0L8ICD6_taxID_37653_model_A	B2ZB02_ref_A	624	864	990	1	286	2.261E-01	33M3I10M10D45M2D19M3D9M1I5M4D4M5D4M2D4M1D17M9D2M1D8M6D13M1D27M1I6M1D1M6D20M1I8M
A0A2H3S6Y7_taxID_5127_model_A	B2ZB02_ref_A	72	373	378	6	295	5.675E-01	2M1I26M8I15M10D23M1I17M2D11M1I12M4I1M3I8M2I10M6I3M1D14M2D1M5I14M9D2M1D7M5D15M1D25M18I12M7D9M4I16M3D6M
A0A395T2J9_taxID_694270_model_A	B2ZB02_ref_A	24	343	351	1	280	5.977E-01	5M9I28M8I21M6I5M3I40M1D11M1I9M2D2M11I8M2I1M1D3M1D5M3I4M1I11M9I2M3D10M5D4M5D8M3D3M2D13M1D30M9I11M2D4M2I3M2I13M
A0A485KPS2_taxID_120398_model_A	B2ZB02_ref_A	85	360	613	6	259	2.816E-01	38M8D34M3I7M4I6M3I13M4I8M12D3M2D5M1D6M1D2M4I3M5I8M9I4M1I9M1I3M11D4M3I3M5D14M1D11M22I16M2I6M2I10M
A0AAI9XI30_taxID_1209925_model_A	B2ZB02_ref_A	22	427	648	6	297	2.645E-01	16M3I8M5I20M1D33M10I2M10I22M17I2M3I4M7I11M4I7M4I2M2D2M1I6M12D19M4D4M3I7M2I6M9I2M9I5M7I10M34I32M1D24M7I18M1D9M
A0ABN8Q7Y1_taxID_104178_model_A	B2ZB02_ref_A	144	394	396	5	286	5.484E-01	45M9D5M1D43M2I3M2I9M1I2M2D21M3D6M1I4M4D16M6D2M4D7M5D46M1D8M6D18M4I6M
A0ACB1AYY7_taxID_390850_model_A	B2ZB02_ref_A	106	353	358	6	297	4.856E-01	42M6D3M2D58M1D3M2D12M4D7M2D8M1D6M1D12M26D12M2D5M2I10M10D5M2D4M6I4M3I12M3I1M1I2M2D8M1I6M1I11M
B2WH32_taxID_426418_model_A	B2ZB02_ref_A	2	267	295	14	278	5.348E-01	16M9D4M15D7M1D20M1I13M2D8M2I10M12I6M10I7M2D7M15I3M3I3M1D6M2D17M1I5M12D9M3I16M1I33M2D14M2D4M1I9M
G2YP57_taxID_999810_model_A	B2ZB02_ref_A	121	402	402	6	286	5.596E-01	26M6I2M2I15M10D24M1I16M2D11M1I14M8I9M2D12M1I11M4I1M3D14M10D8M5D11M1D32M4I9M1I17M4I10M2I6M
W2W5P6_taxID_1317063_model_A	B2ZB02_ref_A	22	266	495	6	242	3.079E-01	41M10D6M3I2M1D19M3I9M1I6M4D8M5D2M4I3M1I9M1I8M3D4M2I5M3D6M10I4M13I12M4I10M2D9M5D16M1D24M
A0A4Z1K5V5_taxID_87229_model_A	B2ZB02_ref_A	92	321	922	6	247	2.174E-01	28M8I14M10D30M1I11M2D11M1I13M6I7M2D14M1I6M1D9M4I14M10D11M5D4M1D35M2D2M
A0A8H5PBB3_taxID_42677_model_A	B2ZB02_ref_A	2	282	410	6	286	3.129E-01	6M12D11M2I15M1D7M4I3M5I6M2I16M3I10M2D3M2D8M2D3M5D3M1D6M2D3M26D2M5D13M5D12M4I8M4I5M10I6M7I32M11I4M5I19M6I17M
A0A914V8X7_taxID_2011161_model_A	B2ZB02_ref_A	159	317	332	75	246	4.102E-01	42M1D3M2D10M2D5M2D2M2D9M2D3M1D16M6I15M1D5M6D43M
A0A9R1RCW5_taxID_4567_model_A	B2ZB02_ref_A	127	399	565	6	286	2.925E-01	10M3I13M2I17M4D7M3D3M1I6M3D12M2I15M4D9M7D3M7D6M3D7M1I16M4D2M3I10M10I12M3I1M2D5M5D12M4I5M3I29M11D12M13I16M
A0AAJ8BW86_taxID_5061_model_A	B2ZB02_ref_A	159	440	442	6	286	4.970E-01	26M4I2M6I14M9D4M3D23M1I34M1D13M2D2M1I9M1I8M1D21M10D8M3D3M2D44M2D14M3I6M16I11M2I6M
A0ABM7QH35_taxID_2675059_model_A	B2ZB02_ref_A	30	317	500	4	287	3.519E-01	8M1D22M7I8M7I3M2I9M7I8M6I19M2I11M4D9M9D5M2D9M4I16M5D9M6D13M1I4M5D7M1I2M6D11M2I27M1D16M3D2M2I7M5I17M
A0ACB7IQP8_taxID_5321_model_A	B2ZB02_ref_A	17	230	294	3	243	4.677E-01	21M14D4M17D27M1I13M2D13M1I23M1D10M1D5M2I6M8I4M5I14M10D10M1I4M2D29M2I11M
V9EB77_taxID_1317065_model_A	B2ZB02_ref_A	4	255	450	33	270	3.168E-01	14M10D6M3I2M1D21M3I7M1I5M9D11M4I3M1I9M1I8M3D11M1D7M10I3M13I12M5I9M3D9M5D16M1D34M2I10M4I8M
A0A084GDW0_taxID_563466_model_A	B2ZB02_ref_A	195	428	476	4	243	4.055E-01	27M6I3M5I14M3D6M5D28M1I43M1D12M3I3M1I5M2D22M6D2M3D8M3D13M1I31M
A0A0G4N7R0_taxID_100787_model_A	B2ZB02_ref_A	91	360	526	7	246	3.609E-01	25M10I2M3I12M4D2M6D24M1I13M1I5M3D6M2I11M9I5M9I7M2I9M11I8M1I5M2D6M1I19M7D9M1I9M1I41M
H1VZE2_taxID_759273_model_A	B2ZB02_ref_A	23	254	330	1	244	5.892E-01	3M2D28M13I15M10D24M1I30M3I4M1D15M1D12M1I2M1I6M2D21M13D6M1D4M1I1M2D41M
W4GC36_taxID_112090_model_A	B2ZB02_ref_A	120	348	614	6	243	2.709E-01	38M8D35M3I6M4I9M4I2M2D4M1D9M13D2M2D6M1D5M1D3M1D7M21I6M1I10M10D14M2D15M1D25M
A0A0P1ANE6_taxID_4781_model_A	B2ZB02_ref_A	22	258	486	6	242	3.069E-01	38M1D4M9D5M3I2M1D19M3I9M1I6M4D5M5D5M4I3M1I9M1I8M3D11M1D6M10I4M8I2M5I10M6D15M5D16M1D24M
A0A167BRG2_taxID_1573173_model_A	B2ZB02_ref_A	119	392	395	6	286	5.517E-01	26M4I2M4I15M10D23M1I17M2D12M1I9M4I3M1I7M2I9M2D4M1D9M2I4M3D14M9D2M1D6M3D3M2D10M1D33M2D11M4I4M2I3M2I13M2I6M
A0A1I9G609_taxID_6279_model_A	B2ZB02_ref_A	345	613	768	6	286	2.981E-01	38M1D7M7D62M3D8M2D5M2D4M3D7M2D6M1D13M6I1M2I3M4I4M3D6M10D40M5I15M2I14M2I11M1I3M
A0A3E2HCJ3_taxID_5539_model_A	B2ZB02_ref_A	86	370	372	1	286	6.047E-01	3M2D26M6I2M2I11M10D27M3I3M2D12M2D11M1I12M4I1M2I10M2D1M1I5M1I4M1D6M2I4M4I3M3D14M10D8M3D3M2D13M1D31M3I2M1I9M1I5M2I4M2I12M2I6M
A0A4R8RI59_taxID_5466_model_A	B2ZB02_ref_A	53	370	371	4	286	5.822E-01	28M3I2M7I12M1D2M9D24M1I17M2D8M2I16M25I7M2D6M3I5M3I4M5I5M1D18M1D7M10D9M1D48M12I8M4D5M2I3M1I11M2I7M
A0A5C3QBW9_taxID_1884261_model_A	B2ZB02_ref_A	17	328	329	6	286	6.110E-01	20M1D14M7D4M1I7M10I27M1I14M1D11M3I21M1D2M1D3M2D5M1D6M8I5M4I5M5I14M5D3M3D5M3I4M6D44M6I10M5I3M7I6M4I14M2I6M
A0A6A6VU64_taxID_470096_model_A	B2ZB02_ref_A	74	344	346	6	286	6.321E-01	28M8I15M10D24M1I16M2D11M1I13M4I7M2D14M1I13M3D6I14M10D9M5D12M1D30M3I8M2I7M4D6M1D10M2I6M
A0A6J8CZL5_taxID_42192_model_A	B2ZB02_ref_A	116	375	892	6	286	2.518E-01	28M5I9M13D2M4I59M5D11M5D3M3D11M3D19M2I7M5D7M5D2M1D8M3I35M2I3M4I8M3D15M2I11M
A0A9P7HU99_taxID_221167_model_A	B2ZB02_ref_A	1	233	294	9	242	6.265E-01	25M8I15M10D28M1I12M2D11M1I10M2I2M2I1M3I10M1I9M7I2M1D14M5I1M2D14M9D2M1D7M5D12M1D28M
A0A9W6BT77_taxID_330485_model_A	B2ZB02_ref_A	70	399	926	6	287	2.121E-01	21M1I4M15I3M9I10M4I4M5D6M1I27M6I10M1I11M5I8M2D4M4I4M2D5M1D14M1I1M6D1M3I5M10I1M5D12M1D15M1I4M6D44M5D8M7I9M12I5M1I13M
A0ABP3EMV2_taxID_67342_model_A	B2ZB02_ref_A	3	241	250	13	286	8.541E-01	35M2D5M8D36M2D32M2D4M2D6M1D30M10D9M3D2M2D9M3I4M1D31M2I4M8D9M1I17M
A0ABR0ML46_taxID_29729_model_A	B2ZB02_ref_A	111	384	552	1	295	2.894E-01	3M1D26M5I15M2D4M3I6M1I26M2I12M14D5M3D3M1D13M3D18M1I5M4D2M2I13M16I8M8D4M1I2M2D9M1I1M3D4M10D17M1D4M1D9M1D7M5I16M4D5M
A8N4B1_taxID_240176_model_A	B2ZB02_ref_A	89	346	951	6	242	2.079E-01	24M6I4M5I10M1D4M9D25M1I16M1D12M3I8M1I5M7I8M2D3M2D7M1D5M1I8M3I1M6I16M9D2M1D8M2I17M6I5M6I23M
A0A0G4IUF0_taxID_37360_model_A	B2ZB02_ref_A	2	200	415	6	255	3.727E-01	40M4D4M8D20M5D7M3D2M2D11M25D11M14I6M3I7M5D12M10D10M6D52M
A0A0V1I4K6_taxID_268475_model_A	B2ZB02_ref_A	140	469	579	1	296	2.666E-01	3M2D26M12I2M8I13M1D8M2D3M1D20M2I13M19I4M1I2M3D7M6I6M5I8M13I3M5I4M9D3M7D7M1D2M1D11M2I5M1D10M1D5M11D5M4D7M2I27M1I9M1D12M2I8M1I18M
A0A1V6NT23_taxID_60169_model_A	B2ZB02_ref_A	88	336	369	6	272	5.180E-01	18M1I10M7I14M10D25M1I16M2D12M1I8M3D2M9I7M2D13M1I11M6I2M3D14M10D8M5D7M1D36M6D5M6D3M4I8M
A0A2N3MZ18_taxID_41688_model_A	B2ZB02_ref_A	204	498	499	1	286	4.571E-01	3M3I28M6I2M7I15M10D31M1I20M3I11M2D9M2D10M3I4M1I6M2D16M2D9M9D8M1D12M1I35M1D3M6I4M1I12M4I13M2I6M
A0A4Y9L370_taxID_2560055_model_A	B2ZB02_ref_A	33	326	490	6	287	3.599E-01	6M1D3M2I19M8I8M7I5M21I3M2I8M4D21M2I9M4D11M4I3M8D5M2D15M2I5M8D11M4D13M4D11M5D13M2I33M3D5M9I6M7D14M3I5M
A0A669D1M6_taxID_8128_model_A	B2ZB02_ref_A	115	428	503	6	287	4.508E-01	14M3I9M12I5M11I20M5I28M2I14M6D15M1D9M2D7M1I7M12I16M2I40M6D8M2D2M3I17M6D9M1I21M2I10M1I8M
A0A6G1IEP5_taxID_1168545_model_A	B2ZB02_ref_A	10	204	262	34	244	5.669E-01	15M10D30M5I13M3D5M1D11M2I4M5I6M2D4M2I9M1D12M5D3M8I10M10D8M3D3M2D13M1D27M
A0A7S4QPD7_taxID_49249_model_A	B2ZB02_ref_A	126	572	715	2	287	2.614E-01	2M2D7M9I3M20I21M2I6M12I5M9I2M4I10M42I30M10I7M1I10M4I7M6I3M1D9M2D5M2D2M2I6M1I1M3I2M6I5M11I3M6I8M2D12M3I5M2D10M10D10M3I6M1D29M3I3M17I10M7I7M2I18M
A0A8H7BB98_taxID_1187904_model_A	B2ZB02_ref_A	89	345	400	6	242	4.775E-01	28M8I15M10D28M1I15M2D8M1I13M8I8M2D13M1I16M5I14M12D6M1D5M2D11M24I1M1I27M
A0A914L5B1_taxID_6306_model_A	B2ZB02_ref_A	25	253	390	6	247	4.919E-01	40M4I2M1D6M3D62M3D9M2D6M2D3M2D11M3D15M6I5M4I5M10D2M1D49M
A0A9D3URW0_taxID_47602_model_A	B2ZB02_ref_A	136	400	482	6	286	3.252E-01	20M1I5M4I14M1I3M2D3M16D13M2I14M14D5M3D3M1D13M3D12M2D15M11I4M4I12M2D4M2I4M6D3M2D11M7I33M1D13M3I3M2D4M3I16M
A0A9P9AG59_taxID_936078_model_A	B2ZB02_ref_A	1	278	281	1	286	7.710E-01	3M2D26M4I2M4I15M10D31M1I9M2D11M1I10M5I10M2D4M2I9M1D6M2D3M4I2M3D14M9D2M1D6M3D3M2D10M1D33M2D11M5I4M2I2M2I14M2I6M
A0AAD5XR56_taxID_109894_model_A	B2ZB02_ref_A	27	253	273	6	246	6.667E-01	24M9I1M4D2M1D10M10D1M1I27M2I13M2D11M2D19M2D3M1I8M1I2M1I6M4I24M9D2M1D6M3D3M2D13M1D15M4I14M
A0AAI8YW60_taxID_111012_model_A	B2ZB02_ref_A	103	390	392	6	286	5.552E-01	26M1I2M9I15M10D28M1I12M2D11M1I9M2D2M9I22M1D6M2I10M4I11M4D4M5D9M5D15M1D27M4D3M8I2M1I17M4I8M1I8M
A0AAN6SJA1_taxID_241081_model_A	B2ZB02_ref_A	33	295	337	29	259	3.970E-01	15M2I5M10D4M3I38M1D7M2I10M6I2M3D2M8I7M2I5M2I6M2I4M10I6M3I6M4D9M9I6M7I6M8D22M1I33M1D1M2I10M
A0AAI9UCA0_taxID_1209925_model_A	B2ZB02_ref_A	28	302	317	4	242	5.501E-01	26M11I4M7I14M1D2M6I8M2D3M6I19M1I16M2D11M3I8M4I12M2I5M6D4M1D5M7I19M3D8M5D8M6D13M15I28M
A0AAV2Z9U8_taxID_4803_model_A	B2ZB02_ref_A	33	347	513	6	286	4.214E-01	38M1D4M1D2M6D27M3I14M8I7M1I6M2D7M2D2M20I7M2I3M5D12M4I7M4D20M5D9M5D18M1D27M4I7M3I4M2D11M19I5M4I10M
A0ABQ9Q197_taxID_1209924_model_A	B2ZB02_ref_A	70	409	410	4	286	4.826E-01	28M10I3M3I11M1D2M9D32M1I13M1D5M2I17M23I6M2I10M3I6M11I6M1D18M6D6M5D6M2I8M3I2M1I9M1I33M2D7M3I7M2D4M1I10M10I3M8I4M
A0ACC0W512_taxID_230839_model_A	B2ZB02_ref_A	63	309	537	2	242	2.700E-01	12M3D26M7D5M3D5M3I2M1D20M3I9M1I5M4D8M5D2M4I3M1I9M1I8M3D11M1D7M10I2M13I10M1I9M2I15M5D16M1D24M
F9X2G9_taxID_336722_model_A	B2ZB02_ref_A	11	281	336	1	237	5.378E-01	5M3I24M11I4M6I12M1D2M9D32M1I9M2D10M2I8M10I6M9I7M2I12M8I4M1I6M1D23M9D9M3I42M
M4C6D4_taxID_559515_model_A	B2ZB02_ref_A	48	291	799	2	243	2.150E-01	4M4I38M4D7M4D28M3I12M6I5M1I8M2D10M1I16M13I8M1D4M7I6M8D12M11D6M1D3M1I2M2D14M1D25M
A0A0V0R8Y7_taxID_266149_model_A	B2ZB02_ref_A	31	317	883	1	296	2.025E-01	3M2D25M2I3M5I10M9D31M6I14M3I9M2D16M9D2M5D4M5D3M2D4M9I2M5D11M3I9M1D3M4D4M6D41M17I7M10D8M5I3M3I15M2D7M
A0A1V9YE51_taxID_74557_model_A	B2ZB02_ref_A	73	361	744	6	294	2.891E-01	42M10D29M3I12M6I7M1I4M12I11M2D2M1I7M2D3M2D14M3I8M3D2M1D9M3D4M5D9M5D44M1I9M1I5M1D6M5I4M2I8M3I8M4D4M
A0A409WYM8_taxID_93625_model_A	B2ZB02_ref_A	27	289	344	5	244	5.417E-01	27M9I2M2I14M10D28M1I17M1I9M1I7M10I7M8I7M2D3M1I3M2I6M1D6M2D22M10D10M6D14M12I6M7I21M
A0A4U0VC90_taxID_329885_model_A	B2ZB02_ref_A	92	362	362	2	286	5.144E-01	30M4I3M6I14M10D23M1I17M2D16M1D1M19I14M21D9M5D10M10D11M5D14M1D24M3D4M12I7M4D10M4I10M2I6M
A0A7Y7X987_taxID_117681_model_A	B2ZB02_ref_A	35	325	504	2	297	3.422E-01	2M2D7M1D20M7I9M9I20M13I19M2I14M2I9M9I13M1D5M18D4M9D9M5D12M7D9M5D13M2I29M2D5M1D4M5D3M5I7M3I10M2I6M3D8M
A0A8H4RK75_taxID_354080_model_A	B2ZB02_ref_A	80	366	366	2	286	6.050E-01	4M1I28M8I15M10D28M1I12M2D12M1I8M3D2M9I21M1D16M4I10M5D4M4D2M1D8M6D10M1D28M3I8M1I9M1I7M4I14M2I6M
A0A8J1TDZ8_taxID_6347_model_A	B2ZB02_ref_A	343	606	886	1	297	2.042E-01	34M1D16M6D42M13I14M5I3M1D6M26D3M7I7M2D15M13D6M1D5M2D5M7I5M8D21M7D5M5I3M2D3M1I16M1I8M3D8M
A0A9W8VAU3_taxID_1237075_model_A	B2ZB02_ref_A	27	250	304	2	246	5.223E-01	8M1I23M3D4M13D5M6D5M4I6M4D23M2D8M1I11M4I2M4I7M2I12M1I4M1I6M2I4M6I3M3D14M10D9M3D2M2D12M1D30M
A0AAD9PC82_taxID_27915_model_A	B2ZB02_ref_A	110	424	506	6	286	4.172E-01	25M4I3M5I9M2D6M7D59M5D11M2D6M4I3M4D6M23I5M11I3M11I15M5D8M3I4M10D40M2D8M5I6M3I9M1I7M1I11M
A0AAN9UQ80_taxID_117547_model_A	B2ZB02_ref_A	68	394	395	4	286	4.960E-01	28M11I17M10D31M1I12M2D5M2I16M14I7M2D4M1I2M5I8M1I6M1D18M10I6M2I2M3I3M4D12M5I2M7D8M2I13M1D14M1I4M10I8M4D4M2I6M2I2M3I14M
A0ABM1B806_taxID_6850_model_A	B2ZB02_ref_A	559	805	902	1	286	2.495E-01	33M3I10M10D45M2D20M1D12M3I3M9D8M2D4M1D13M13D9M3D18M1D30M2I6M3D2M3D20M1I5M
F1KXG5_taxID_6253_model_A	B2ZB02_ref_A	113	383	694	1	286	3.204E-01	2M3D38M3I3M11D59M1D3M2D4M1D5M2D2M2D7M2D7M2D6M1D13M9I19M10D38M2D4M7I3M4I4M1I12M2D10M2I6M
W2YZ31_taxID_1317064_model_A	B2ZB02_ref_A	35	273	546	3	241	2.875E-01	32M3D14M6D5M1I24M3I11M6I9M2D5M5I6M12D2M2D6M1D5M1I5M8I6M4I5M1I3M10I11M10D8M1D3M1D17M1D23M
A0A0B2X1U6_taxID_1081103_model_A	B2ZB02_ref_A	32	389	541	1	293	3.068E-01	21M3I13M5I8M9I3M3I13M4I6M4I20M19I23M9D2M12D3M3I2M8D5M5I5M10I10M7I5M3I4M2I5M4I5M10D11M4I9M2I39M3I9M6I6M7I4M1D16M2I6M
A0ABP2BNE3_taxID_1183428_model_A	B2ZB02_ref_A	29	291	485	4	287	3.335E-01	12M1I13M6I15M6I19M1I19M2I35M7I7M21D3M4D7M11D8M12D4M2I3M5D10M1I3M3I42M1D16M1I8M3I6M
A0ABR4BR18_taxID_86028_model_A	B2ZB02_ref_A	71	299	736	6	242	2.571E-01	25M3I4M5I13M10D29M1I12M2D11M1I8M2D3M9I8M2I4M2D8M1D10M7I3M3D13M10D9M3D3M2D12M1D26M
M2MQZ6_taxID_717646_model_A	B2ZB02_ref_A	118	404	408	6	286	5.248E-01	22M7I6M3I15M10D28M1I12M2D11M1I9M2D2M9I8M2I4M2D8M1D10M1I6M4I14M10D11M5D13M1D30M11I7M6D7M4I12M2I7M
W2PMT3_taxID_761204_model_A	B2ZB02_ref_A	4	264	450	33	282	3.373E-01	14M10D6M3I2M1D19M3I9M2I12M7I6M2D5M10D2M1I8M3D11M1D6M10I4M1I2M15I15M1I5M2D9M5D16M1D34M2I14M1D2M2I13M
A0A0A2X4S5_taxID_1300345_model_A	B2ZB02_ref_A	31	316	497	6	287	3.583E-01	5M1D4M2I18M5I9M7I2M6I7M6I4M2I10M1I20M2I10M4D6M7I5M8D5M2D6M6D4M2I4M2I1M7D9M4D2M2D9M1I4M5D8M5D13M2I27M1D16M3D4M7I22M
A0A1I5PK02_taxID_1079859_model_A	B2ZB02_ref_A	23	354	522	3	294	3.257E-01	9M1D3M2I16M5I11M4I3M2D4M4I7M9I4M5I19M2I22M1I10M2I3M2I7M2D10M1I5M1D6M3D10M3D7M4D3M6D2M5D8M1D2M2D9M29I30M4D6M5I4M5I12M2D24M
A0A1Y1Z6J4_taxID_1314790_model_A	B2ZB02_ref_A	1	204	204	7	245	8.828E-01	41M10D37M2D15M2D7M1D10M2I5M6D4M1D29M10D9M5D45M
A0A2J6S1F6_taxID_1149755_model_A	B2ZB02_ref_A	41	342	342	3	286	6.241E-01	10M4D8M5I10M15I14M10D27M1I13M2D11M1I13M6I16M5I7M1I11M5I2M3D14M10D8M3D3M2D14M1D30M3I9M3I3M2I4M2I4M2I12M2I6M
A0A3Q3L0Y4_taxID_205130_model_A	B2ZB02_ref_A	112	450	515	6	296	4.776E-01	26M19I3M9I12M2I8M3I32M2I9M4D3M1D13M1D9M1I5M2D9M13I18M3I39M5I2M3I33M6D29M2I4M1I8M1I5M2D8M
A0A6A6C2M9_taxID_1080233_model_A	B2ZB02_ref_A	19	304	311	1	287	7.280E-01	5M1I28M8I15M10D27M1I13M2D11M1I12M6I9M1D2M1D10M1I13M4I1M3D14M10D8M3D3M2D14M1D26M3I9M1I11M2I4M2I12M2I7M
A0A9R1KF29_taxID_4565_model_A	B2ZB02_ref_A	1	276	439	14	285	3.798E-01	32M2I6M2I6M1D25M2I21M2D6M16D6M3D16M1I5M4D5M7I13M6I8M3D1M4I4M3D2M2D10M7I52M2I3M5I17M
A0AAE0X2E2_taxID_314037_model_A	B2ZB02_ref_A	30	252	349	6	244	5.228E-01	26M7I2M3I14M10D54M1I9M1D10M2I3M3D11M1I4M3I6M1I2M5D11M13D2M1I8M1D1M2D41M
A0AAJ0HSA6_taxID_260671_model_A	B2ZB02_ref_A	88	366	368	6	286	5.921E-01	24M2D2M10I15M10D24M1I16M2D11M1I9M2D2M8I8M2D13M1I13M3D6I14M10D9M3D2M2D16M1D22M3D6M6I4M1I9M2I4M2I18M
A0AAV9SY11_taxID_1209068_model_A	B2ZB02_ref_A	154	485	486	6	286	4.325E-01	21M3I2M6I5M4I14M10D29M1I12M2D8M2I10M11I6M11I7M6I16M10I6M3I4M4D7M1I9M9D2M1D7M4I23M1I28M1D12M6I1M2I5M2I4M2I11M3I5M
A0ABR1FHI7_taxID_44056_model_A	B2ZB02_ref_A	18	254	367	6	210	3.993E-01	14M1I9M8I5M4I14M1D4M4D29M1I31M1I15M3D1M1I3M6I2M6I8M20I4M2I4M4D3M5I11M4D2M8D15M1I7M
A0ABT9CR60_taxID_3064350_model_A	B2ZB02_ref_A	36	326	499	6	297	3.437E-01	6M1D3M2I9M1I9M4I9M7I5M1I11M2I1M7I3M3I19M2I21M2I2M9I13M1D5M18D6M12D5M4D13M4D11M5D13M2I29M2D5M1I3M8I3M2D2M5D15M2I17M
E5SC69_taxID_6334_model_A	B2ZB02_ref_A	130	456	574	1	297	2.952E-01	3M2D26M12I2M8I9M2I5M2D2M3D6M1D21M2I12M19I10M2D3M1D5M4D1M29I7M29D3M5D18M4D9M3I3M1D22M10I27M1I9M1D8M3I3M1D8M1I8M4D7M
T5A6R2_taxID_911162_model_A	B2ZB02_ref_A	43	355	488	5	280	3.181E-01	7M4I10M2I7M2I16M6D30M12I5M7I12M5I2M17I6M4I3M12D4M2D10M1I10M8D5M7I1M3D9M1I4M16D8M5I12M2I36M11I10M2D8M6I12M
A0A074VI76_taxID_1043003_model_A	B2ZB02_ref_A	101	321	322	6	286	4.687E-01	17M3I13M5I17M10D23M1I10M4I18M6D4M30D7M3D14M10D8M9D12M1D8M1D29M2I4M7D14M2I6M
A0A0D2FU82_taxID_1442369_model_A	B2ZB02_ref_A	21	492	793	2	297	2.085E-01	9M3I6M4I14M20I12M13I3M2I2M13I11M3I27M28I8M3D6M1D10M3D1M1I2M9D12M2I7M7I2M3D9M2D2M5I10M1I7M4I2M2I6M5I5M17I2M10I6M13I3M3I6M11I40M3I4M10I1M1I11M16I29M
A0A7X5ASN3_taxID_265726_model_A	B2ZB02_ref_A	19	293	471	7	286	3.521E-01	11M3I31M3D4M2D6M1I15M4I7M4I9M3D10M3D3M12D2M2D2M2D15M4I5M5I9M3I2M9I13M12D6M1D5M2D9M11I42M7D7M1D12M1I5M
A0A8H3I335_taxID_1940652_model_A	B2ZB02_ref_A	97	378	378	6	286	5.833E-01	26M4I3M4I14M10D23M1I17M2D12M1I9M1I3M5I10M2D12M1I5M1D3M7I3M3D14M10D8M3D3M2D13M1D30M2D5M7I16M4I9M2I7M
A0A8K0R3D6_taxID_798071_model_A	B2ZB02_ref_A	62	355	356	1	286	5.882E-01	5M1I26M4I2M4I11M1I4M10D23M1I17M2D11M1I1M1I7M4I1M4D1M8I7M2I8M2D3M1D7M1D6M4D3M8I6M5D6M5D9M5D13M1D26M2I7M1I3M1I8M3I6M4I13M2I6M
A0A9P4YYF2_taxID_1094350_model_A	B2ZB02_ref_A	34	395	395	1	296	5.315E-01	6M1I23M10I4M8I11M8I19M1I6M11I20M1I9M2D11M3I11M1I17M2D5M1D6M2D8M9I14M10D7M4D16M15I33M1D9M1I4M13I5M4I14M2I16M
A0A9X0AKU8_taxID_352851_model_A	B2ZB02_ref_A	82	311	363	6	246	5.338E-01	28M8I15M10D30M1I10M2D11M1I9M2D2M6I10M2D12M1I15M4I14M9D2M1D6M3D3M2D13M1D29M
A0AAD6NK04_taxID_74499_model_A	B2ZB02_ref_A	16	199	716	60	242	1.986E-01	30M1I6M1I16M1I7M6I3M1D2M7I19M3I4M1I6M6I2M8D14M9D2M1D7M3I1M1D17M8D19M
A0ABQ4GGN2_taxID_564413_model_A	B2ZB02_ref_A	47	298	298	6	294	7.660E-01	42M10D41M2D33M2D3M2D6M1D30M6D2M4D6M1D1M5D15M1D29M3D4M1D5M1I34M
A0ABR1YVN4_taxID_121624_model_A	B2ZB02_ref_A	57	343	404	4	242	4.842E-01	28M6I2M7I22M5I34M1I9M2D8M2I10M11I6M10I7M2D7M15I3M1I4M1I6M1D21M3D3M6D9M1I7M1I11M1I28M
G1S3C9_taxID_61853_model_A	B2ZB02_ref_A	125	499	552	6	297	4.601E-01	26M19I2M9I18M1I3M3I29M2I15M5D12M1D10M1I5M2D9M12I10M1I6M2D41M8I27M33I20M1I21M2I7M1I21M
A0A066RUA7_taxID_1654360_model_A	B2ZB02_ref_A	19	304	471	7	297	3.640E-01	9M3I31M2D1M3D11M1I15M4I7M4I9M3D10M3D3M15D3M1D16M1I5M8I9M3I3M9I12M10D7M1I3M6D9M11I42M7D7M1D11M1I17M
A0A2N5VYB1_taxID_200324_model_A	B2ZB02_ref_A	127	361	362	6	232	4.726E-01	17M3I11M7I14M10D24M1I17M2D11M3I13M7I8M2I4M6D4M1D9M3I5M5I12M13D9M1D3M7I4M3I29M
A0A3P8WSE3_taxID_244447_model_A	B2ZB02_ref_A	116	492	574	1	291	4.430E-01	3M2D26M13I3M14I20M5I31M2I10M3D4M3D11M1D9M2D7M1I5M4I4M8I13M2I41M9I35M34I3M1I12M1I21M2I5M2I6M1D10M
A0A6V7WY80_taxID_390850_model_A	B2ZB02_ref_A	131	335	338	6	230	4.980E-01	42M4D6M4D55M1D3M2D10M1D6M2D4M2D13M3D5M11I13M5D5M1D3M1D1M5D28M
A0A8B6FI79_taxID_29158_model_A	B2ZB02_ref_A	107	353	686	7	280	3.176E-01	40M9D61M1I2M6D8M1D1M3D8M3D6M3D20M5D8M3I3M9D46M1I2M1D16M8I13M
A0A8S3RVL9_taxID_6550_model_A	B2ZB02_ref_A	108	363	458	1	286	4.843E-01	4M4I43M10D24M5D30M1I2M6D8M4D6M4D11M3D11M1I5M2I5M6D8M3D3M2D42M2I4M3I3M1D30M1I3M
A0A9P4IEM6_taxID_1504668_model_A	B2ZB02_ref_A	28	419	696	6	293	2.638E-01	6M3I19M5I13M6I6M2I4M3I5M3I22M4I4M10I11M17I3M10I4M6I14M7I15M5D5M1I3M3D3M1D2M2I8M3I15M10I5M10D12M3I9M1I35M3D6M7I4M9I9M10I17M4I7M
A0ABD3FTY2_taxID_2107226_model_A	B2ZB02_ref_A	1	242	513	14	255	3.043E-01	21M3D8M4D6M2D5M1I24M3I11M6I8M5I4M1D2M1D6M12D2M2D6M1D5M1I5M1I2M7I4M4I4M10I6M1D11M8D7M3D1M1I18M1D37M
A0ABR0I6B4_taxID_2609844_model_A	B2ZB02_ref_A	50	367	368	4	286	5.348E-01	24M7I6M5I12M4D2M6D32M1I9M2D8M2I10M13I5M8I8M3D6M15I3M1I4M1I6M3I2M2D3M3D9M6D6M3D8M10D9M1I34M12I8M4D3M2I7M2I8M5I8M
C8CHT1_taxID_59970_model_A	B2ZB02_ref_A	2	199	199	38	238	5.599E-01	8M2I6M2I6M1D25M2I17M3D7M8D3M7D6M3D22M3D5M7I13M13I3M2D2M4D4M1D3M4D11M7I24M
M2SQZ2_taxID_701091_model_A	B2ZB02_ref_A	31	281	282	6	287	6.547E-01	26M4I2M6I14M10D26M1I18M2D8M1I9M1D13M3D4M2I6M1I6M35D6M3D5M7D36M1I6M3I16M9I13M2I7M
A0A6H0Y3Z6_taxID_286661_model_A	B2ZB02_ref_A	559	847	847	2	286	2.713E-01	2M2D22M7I7M3I14M10D24M1I16M2D11M1I13M7I10M2D5M2I5M1D6M1D7M2I2M4I14M13D5M1D4M1D10M1D31M4I5M1D10M2I7M5I3M1D8M1I4M1I4M
A0A8T1U1C5_taxID_29920_model_A	B2ZB02_ref_A	36	199	455	6	235	2.204E-01	37M4I3M12D29M3I7M1I5M31D9M18D5M4D10M2I7M11D17M3D1M1I4M2I17M
A0A9J7MSC3_taxID_7739_model_A	B2ZB02_ref_A	154	473	551	6	286	4.429E-01	26M12I2M11I21M2D29M2I11M3D17M1D3M1D10M2D6M4I5M7I7M5D40M6I5M3I11M3I36M2I7M1I2M1D8M3I3M1D8M1I8M
A0AAE0M077_taxID_516989_model_A	B2ZB02_ref_A	30	254	357	2	244	5.195E-01	6M1I24M7I2M3I12M12D4M1I28M1I12M2D8M1I9M1D11M1D14M1I6M1D6M1D15M13D3M3I3M2D3M3D12M1D3M1I25M
A0AAN8ZF79_taxID_194707_model_A	B2ZB02_ref_A	12	304	469	1	294	3.532E-01	5M4I25M5I21M6I4M3D24M2I15M9I11M8D4M25D12M3D7M2I10M6D5M1I3M1I11M11I9M2I3M4I38M1I4M4I5M4D21M4D4M
A0ABR2VUU4_taxID_34480_model_A	B2ZB02_ref_A	2	227	509	24	280	3.773E-01	25M10D36M2D13M2D12M1D7M3D1M1I2M5D1M3I3M1D10M2D4M3I12M1I2M10D8M5D16M1D29M7I10M4D20M
A0ACC2U0B8_taxID_34485_model_A	B2ZB02_ref_A	16	279	405	1	286	5.663E-01	5M1I26M4I2M2I14M10D41M2D32M2D5M2D5M1D29M13D6M3D14M3I5M1D32M3I7M3D20M2I6M
A0A077YX65_taxID_36087_model_A	B2ZB02_ref_A	78	347	411	2	286	5.239E-01	4M8I25M3I3M2I9M2D6M7D59M2I3M7D10M3D8M1D7M1I5M3D13M2D16M10D52M1I14M1I10M2I6M
A0A0A7CP65_taxID_1202772_model_A	B2ZB02_ref_A	413	704	840	6	287	2.236E-01	40M5D1M6D29M3I12M6I3M5I2M8I17M2D2M1I7M5I3M8D2M1D7M7I8M6D10M10D10M5D41M8I5M2D16M5I6M4I3M3I13M
A0A168EXD0_taxID_1081107_model_A	B2ZB02_ref_A	16	299	300	6	286	7.055E-01	26M10I15M12D24M1I16M2D11M1I13M6I7M3D1M1I12M1I8M8I5M3D14M10D8M3D3M2D16M1D27M7I11M2D4M2I4M2I12M2I6M
A0A507BMG0_taxID_1093900_model_A	B2ZB02_ref_A	37	382	386	2	286	5.287E-01	28M11I4M7I14M6I9M10I8M1D3M3D18M1I12M2D8M3I7M2I6M3I8M6I4M6D4M1D11M2I5M5I14M10D7M4D16M16I2M1D29M7I6M2I3M3D3M5I6M4I13M2I6M
A0A6A3L3S8_taxID_53985_model_A	B2ZB02_ref_A	29	282	533	3	256	3.153E-01	32M3D14M6D5M1I24M3I11M6I11M2D3M5I6M12D2M2D6M1D5M1I5M8I6M4I4M10I15M1D5M4D9M6D15M1D38M
A0A7R9UNI4_taxID_2081491_model_A	B2ZB02_ref_A	28	393	553	6	286	2.861E-01	6M12D17M1I1M1I8M1D5M10I5M3I28M1I23M5D4M2D21M9I4M1D4M45I15M1I8M1D8M22I5M4I6M6I6M3D2M4D35M3I8M1D7M3I7M6I18M
A0A8H3VC67_taxID_5025_model_A	B2ZB02_ref_A	131	377	433	2	246	4.504E-01	32M8I15M10D27M1I13M2D11M1I13M6I7M2I2M1D8M7I3M1D8M3I3M4I16M5D6M5D6M3D3M2D13M1D29M
A0A8H7H0A0_taxID_456999_model_A	B2ZB02_ref_A	57	340	376	2	261	5.115E-01	24M3D5M25I14M10D24M1I17M2D11M3I20M2I5M6D4M1D6M5I7M1I3M10I19M7D3M1D3M1D50M10I10M2D2M
A0A8T1W6M6_taxID_221518_model_A	B2ZB02_ref_A	44	314	542	6	242	2.349E-01	5M2I23M8I6M1I8M8I7M3D5M3I2M1D19M3I9M1I6M4D5M5D5M4I3M1I9M1I8M3D11M1D6M10I4M13I12M5I9M3D9M5D16M1D24M
A0A9P4U804_taxID_1392251_model_A	B2ZB02_ref_A	73	365	525	5	297	4.356E-01	29M8I14M10D32M1I12M2D8M1I13M6I10M2D11M1I6M1D3M2I1M6I2M3D14M9D2M1D6M5D18M1D29M5I18M5I3M1D27M
A0AAD8PVJ5_taxID_681940_model_A	B2ZB02_ref_A	17	343	344	2	286	5.741E-01	9M2D16M9I5M4I14M10D24M6D11M2D8M2I10M11I6M1I1M10I6M6I16M10I6M3I4M4D11M1I5M9D2M1D7M4I22M1I30M8I9M3D1M2I5M2I4M2I8M3I8M
A0AAD9QB69_taxID_6130_model_A	B2ZB02_ref_A	68	305	595	6	257	3.224E-01	21M2I8M2I11M2I7M10D33M1I7M1D4M2I4M2I9M1D18M1I4M3D14M3D10M5D7M5D7M3D47M2D1M7I7M
A0ABN8LVE4_taxID_104178_model_A	B2ZB02_ref_A	61	320	322	5	286	6.504E-01	23M6I5M2D13M10D49M2I3M2I34M2D15M3D9M6D7M4D11M3D41M3I3M3D9M6D15M4I6M
A0A5N5DM31_taxID_45133_model_A	B2ZB02_ref_A	33	362	367	1	287	5.709E-01	6M1I22M9I5M4I12M2D2M15D25M1I14M1I8M1I7M5I7M9I7M2I7M1I6M1D7M1D24M3D1M7D6M1I8M1I10M3I5M15I6M2I23M12I11M2D7M4I14M2I6M
A0A6A6BKX9_taxID_1176127_model_A	B2ZB02_ref_A	30	265	315	6	248	6.195E-01	28M8I14M10D41M2D11M1I11M5I2M3I8M2D13M1I10M8I3M3D14M9D2M1D6M3D3M2D13M1D31M
A0A7S0FYS9_taxID_73915_model_A	B2ZB02_ref_A	198	464	499	3	274	3.973E-01	23M1D4M9I4M3I5M1I2M1I2M11D7M2D18M2I12M2D19M3I2M8I7M5I9M1D1M1D2M2D8M4I6M4D12M1I8M10D8M5D9M1I45M1D3M3D13M
A0A812V664_taxID_878477_model_A	B2ZB02_ref_A	43	305	465	1	273	4.075E-01	31M3I3M12I11M12D7M1D18M2I10M2I5M4D14M7I2M1I6M3I8M5D3M1D5M6I7M2D8M2D7M1D7M9D4M2I3M6D41M2I6M9D3M2I12M
A0A8H5JRL3_taxID_47803_model_A	B2ZB02_ref_A	25	403	653	2	286	2.732E-01	22M1D11M18I17M7D1M4D16M4I5M20I11M11I5M8I10M18I9M2I11M2D2M3D8M2D8M16I3M7D9M6I2M9I7M2D7M3I4M6D9M2I35M1I10M1D11M7I2M4I15M
A0A9D4V2I4_taxID_13818_model_A	B2ZB02_ref_A	77	371	536	2	286	3.192E-01	3M1D20M1I4M4I17M4I11M1D25M2I11M2D8M13D11M1D5M3D19M7D11M10I3M16D4M15I5M7I12M7I44M3D9M7I16M
A0A9W4W8U2_taxID_2664923_model_A	B2ZB02_ref_A	1	320	419	7	278	4.745E-01	20M3I2M6I5M4I13M10D26M1I16M2D8M2I10M11I6M11I8M6I15M10I6M3I4M4D11M1I6M10D8M4I22M1I30M8I9M3D1M2I3M2I4M2I10M
A0AAI9XNV3_taxID_1209925_model_A	B2ZB02_ref_A	64	393	395	2	286	4.786E-01	4M6I26M13I12M1D2M3D2M7D5M3D32M2D11M2I8M11I5M11I7M2D4M1I4M3I3M3I3M1I6M10D7M16D6M1I2M8I3M10I6M2I10M1I31M4I4M7I8M4D4M2I4M2I14M5I4M
A0AAV0UD10_taxID_134698_model_A	B2ZB02_ref_A	12	254	482	6	242	3.441E-01	38M1D4M9D5M3I2M1D20M3I8M1I7M2I5M6I6M2D3M4I23M2I7M5I6M1D9M1I13M5D20M1D16M1D24M
A0ABN8SLK2_taxID_104178_model_A	B2ZB02_ref_A	61	320	322	5	286	6.432E-01	21M2I9M2I18M10D33M1I7M1D4M2I4M2I32M1D2M1D12M3D11M5D7M5D10M3D41M3I3M9D24M4I6M
A0A9W7T0I7_taxID_418781_model_A	B2ZB02_ref_A	8	202	263	35	244	6.044E-01	13M10D28M1I13M2D11M1I12M2I11M1I6M3I3M1I4M1I16M3I9M5D5M5D8M5D15M1D28M
A0AA39YZL0_taxID_869390_model_A	B2ZB02_ref_A	45	379	379	1	293	5.589E-01	6M1I23M8I2M2I2M3I7M17D32M1I14M1I8M1I7M5I7M9I7M2D5M5I6M1D7M1D24M3D1M7D6M1I8M1I10M3I3M3I1M12I7M2I22M12I12M2D7M4I13M2I7M1D5M
A0AAJ8BCI9_taxID_8187_model_A	B2ZB02_ref_A	152	406	740	1	286	2.948E-01	32M1I11M12D7M2I27M1I9M2D20M1D10M5D17M2D5M1D16M10D10M6D14M1D27M5I2M1D32M1I6M
A0ABN8MZV7_taxID_104759_model_A	B2ZB02_ref_A	61	320	322	5	286	6.462E-01	21M1D3M5I23M10D33M1I7M1D4M2I4M2I28M1I4M3D7M3D16M6D7M4D11M3D41M3I3M1D4M2D5M6D15M4I6M
A0ABR2W3S2_taxID_34480_model_A	B2ZB02_ref_A	34	297	407	6	295	5.492E-01	43M10D36M2D14M2D21M2D3M2D6M1D27M12D9M1D3M1D19M1D28M2I2M4D7M4I18M2I7M4I9M
A0ACC2T2P1_taxID_34485_model_A	B2ZB02_ref_A	20	263	266	1	286	4.954E-01	29M3I6M1I15M12D32M4D4M3D11M7D4M10D9M3D7M6D1M5I13M2D10M1D10M4D13M1D29M3D11M6D13M2I3M9I4M
A7RKE4_taxID_45351_model_A	B2ZB02_ref_A	113	370	370	6	297	5.735E-01	22M1I7M3I16M6D3M4D35M2D8M3I3M2I10M1D14M1D7M3D6M5D15M5D7M3D9M6D14M1D29M2D3M4D26M4I4M4D7M
N4X430_taxID_665024_model_A	B2ZB02_ref_A	31	281	282	6	287	6.547E-01	26M4I2M6I14M10D26M1I18M2D8M1I9M1D13M3D4M2I6M1I6M35D6M3D5M7D36M1I6M3I16M9I13M2I7M
W2IN56_taxID_4792_model_A	B2ZB02_ref_A	35	273	546	3	241	2.875E-01	32M3D14M6D5M1I24M3I11M6I9M2D5M5I6M12D2M2D6M1D5M1I5M8I6M4I5M1I3M10I11M10D8M1D3M1D17M1D23M
A0A0L0NB41_taxID_1163406_model_A	B2ZB02_ref_A	25	299	302	6	286	7.240E-01	28M8I14M10D25M1I16M2D12M1I13M6I6M2I5M5D2M3I3M1D10M1I3M3D14M10D8M3D3M3D44M3I7M1D3M1I9M4I12M2I6M
A0A8H6FIQ4_taxID_560253_model_A	B2ZB02_ref_A	81	376	378	6	286	5.680E-01	28M8I15M10D28M1I12M2D11M1I9M1D3M6I8M2D3M2I8M1D14M3D6I16M10D6M3D5M2D11M9I7M7I25M9I8M4D7M4I19M
A0A8U0BYH4_taxID_50426_model_A	B2ZB02_ref_A	104	362	478	4	286	4.617E-01	26M3I4M4I11M6D4M4D58M1I2M6D8M2D2M2D7M3D11M2D15M2I5M5D4M1D10M2D46M2I5M1D15M1I5M3D8M
A0A9N9LFQ9_taxID_595503_model_A	B2ZB02_ref_A	20	410	734	1	286	2.486E-01	16M4I12M5I26M2D2M5I22M4I5M16I10M4I11M8D9M3I7M28I3M2D4M4I8M7I6M23I5M1I5M4I13M12I7M3D11M6D9M2I15M4D18M3I9M2D9M7I17M
A0AAE0NMD8_taxID_92902_model_A	B2ZB02_ref_A	60	293	294	4	286	4.926E-01	4M1I21M9I5M4I15M10D25M2I9M5D13M19D3M31D9M4I9M1D15M17D34M9I9M3D1M2I6M4I12M2I7M
A0AAN9YIB4_taxID_117547_model_A	B2ZB02_ref_A	72	357	437	4	243	4.450E-01	28M10I3M3I11M4D2M6D24M1I21M1D5M2I16M30I7M2I6M2I2M11I4M4I3M1D6M2D6M1I11M1D6M8D9M2I18M1I29M
A0ABD2IJ80_taxID_157864_model_A	B2ZB02_ref_A	150	417	624	6	286	2.805E-01	25M7I7M12D7M1I60M1D3M2D10M1D2M3D8M3D4M1D6M2I12M3D4M13D3M1D10M1I6M4D8M1D10M5I7M1D12M2I5M10I9M3I3M1I11M1I3M
A0ABR3UTG0_taxID_48095_model_A	B2ZB02_ref_A	5	200	254	34	243	6.059E-01	15M10D27M1I13M2D10M1I8M4I6M4I8M2D13M1I11M3D2M8I14M12D6M1D5M2D10M1D29M
A0ACB6QFG3_taxID_673940_model_A	B2ZB02_ref_A	125	438	439	6	286	4.806E-01	24M6I5M6I12M11D3M1I26M1I12M2D9M2I15M22I7M3D2M1I4M5I8M1I5M2D21M11D3M1D4M2D7M8I43M7I9M4D5M6I5M1I10M2I6M
F0YJP7_taxID_44056_model_A	B2ZB02_ref_A	180	644	950	7	287	2.391E-01	23M4I2M2I4M7I16M7D44M18I36M7I7M9I7M2I24M14D10M1D12M24I6M87I28M4I4M3I5M27I8M2I2M5I10M6I4M1D6M
A0A0U1M3F3_taxID_28573_model_A	B2ZB02_ref_A	19	430	626	1	297	2.774E-01	19M2I10M5I13M7D4M2I4M10I26M10I2M10I9M2D11M8D10M3I3M2I4M11I4M12I2M1I5M1I3M5I3M6D4M2D2M5I1M31I20M17I9M4I4M5I3M1I4M3I3M2D46M5D9M7I28M
A0A8B6E8R8_taxID_29158_model_A	B2ZB02_ref_A	118	322	462	3	246	3.909E-01	37M7D10M3D22M5D30M1I2M6D8M4D6M4D11M3D11M1I5M3I4M7D6M1I4M6D43M
A0A8H5EAG2_taxID_48485_model_A	B2ZB02_ref_A	23	303	304	2	287	7.238E-01	2M4I28M7I2M3I12M12D24M1I20M2D8M1I9M1D11M2D3M1I10M1I6M2D22M9D6M2D3M5D5M1I40M1D3M1D8M7I7M4I14M2I6M
A0A8S3S028_taxID_6550_model_A	B2ZB02_ref_A	122	381	919	6	286	2.433E-01	28M5I9M13D2M4I59M1I2M6D7M2D4M6D11M3D19M2I7M5D7M5D2M1D8M3I49M3I13M1I10M1I3M
A0AAD6E0P8_taxID_40994_model_A	B2ZB02_ref_A	88	336	369	6	272	5.245E-01	18M1I10M7I14M10D25M1I16M2D12M1I9M1I4M5I7M2D13M1I11M6I2M3D14M10D8M5D7M1D36M6D5M6D3M4I8M
A0AAJ0DBW4_taxID_702011_model_A	B2ZB02_ref_A	84	371	371	6	286	5.774E-01	26M4I3M7I14M10D24M1I16M2D11M1I13M7I8M1D1M1D7M2I4M1D6M4I6M4I1M3D10M5D4M5D11M5D10M1D29M6D4M11I17M4I10M2I6M
A0AAV4JTX0_taxID_1093978_model_A	B2ZB02_ref_A	79	326	594	4	286	3.603E-01	30M4I11M4D3M6D41M2D18M3I13M6D16M2D4M1D16M2I1M12D8M6D14M1D24M3D6M1D11M1D16M1I6M
A0ABR2W3C9_taxID_34480_model_A	B2ZB02_ref_A	30	278	318	6	297	6.745E-01	42M10D41M2D10M3D11M2I8M2D4M2D5M1D31M12D1M1D9M2D47M1I5M10D15M2I7M3D8M
A0ABW1EV91_taxID_67265_model_A	B2ZB02_ref_A	105	366	501	1	287	3.630E-01	26M2I15M3D7M3D30M2I9M3D7M3D3M9D5M1I8M10D3M8I4M1D3M2D6M4D3M4I6M2I4M3D2M1I5M1D9M6D40M6I33M3D8M
F9XCV9_taxID_336722_model_A	B2ZB02_ref_A	61	346	347	6	286	6.068E-01	21M1I4M5I3M4I15M10D23M1I18M2I8M3D14M6I10M2D12M1I15M4I10M5D4M5D8M3D3M2D12M1D28M4D11M1I1M8I7M5I13M2I6M
P55022_taxID_33898_model_A	B2ZB02_ref_A	2	275	276	6	287	8.840E-01	40M6I8M1D2M3D4M1D33M1D2M3D17M1D12M2I3M1D17M2D31M1D10M1D17M1D40M2I1M2D10M1I9M1D7M
A0A7J6IXY4_taxID_1213859_model_A	B2ZB02_ref_A	94	390	390	6	287	5.576E-01	26M3I2M5I15M10D31M1I9M2D11M1I21M2I15M3I6M5I5M10I2M3D15M10D7M3D3M2D13M1D30M3I3M1I5M2I6M4I5M1D3M5I10M2I7M
A0A8H3CZ20_taxID_456999_model_A	B2ZB02_ref_A	25	336	356	1	294	6.044E-01	3M2D26M6I2M2I14M10D25M17I16M2D11M1I9M1D11M5I4M6D4M1D6M6I10M5I16M10D6M5D17M1D28M7I14M3I7M1I3M4I10M2I6M3D5M
A0A8T1WU85_taxID_109152_model_A	B2ZB02_ref_A	30	336	501	6	286	3.738E-01	41M10D6M3I2M1D19M3I14M5I7M4I4M1D9M5D16M6D4M3D6M10I4M13I12M5I9M3D9M5D16M1D34M2I14M1D2M3I13M14I4M
A0A9P4H2P0_taxID_210430_model_A	B2ZB02_ref_A	62	381	382	6	286	5.535E-01	26M5I2M6I15M10D31M1I10M7D3M7I10M4D1M22I8M2I9M11I6M1I6M7D1M5I12M3I4M10D61M8I9M3D1M2I6M4I12M3I7M
A0A9W6TPR0_taxID_1490495_model_A	B2ZB02_ref_A	44	285	526	6	254	3.097E-01	37M2D7M6D29M3I13M9I4M2D4M1D2M1D8M11D1M2D6M1D5M11I4M3I5M2D5M1I2M2I2M7I10M1D4M5D10M7D15M1D23M2I2M3D6M
A0AAI9YQA0_taxID_1209916_model_A	B2ZB02_ref_A	22	266	944	1	242	2.104E-01	5M3I28M8I15M10D29M1I11M2D11M3I7M11I4M1D11M2D12M1I5M2I8M4I13M4D4M5D8M3D3M2D12M1D26M
G3XUP5_taxID_380704_model_A	B2ZB02_ref_A	5	377	467	6	287	3.604E-01	26M10I11M9D9M1I23M2I10M3D5M2D6M1I2M5D1M1D13M8I4M2I8M1I3M4I2M5I4M1I3M2I5M33I8M2D7M1D6M5D3M1D19M18I34M24I5M7I11M3I10M2D13M
A0A075AEH4_taxID_6198_model_A	B2ZB02_ref_A	31	320	345	34	246	5.243E-01	12M2D3M13I35M12I10M4D2M2D13M1D3M1D11M2D6M23I6M1D13M3I28M1I8M39I3M1D46M
A0A0M3IJ33_taxID_6252_model_A	B2ZB02_ref_A	113	386	697	1	286	3.241E-01	2M3D38M2I4M10D59M1D3M2D4M1D5M2D2M2D7M2D7M2D6M1D13M9I19M10D41M2I2M6I9M5I11M2D10M2I6M
A0A368QNI6_taxID_4555_model_A	B2ZB02_ref_A	91	350	485	3	286	3.143E-01	7M2I16M1D6M2I2M4I13M3I6M2I3M2D25M2I12M9I13M8D2M1D2M6D5M5D6M8D7M4D5M2I4M3I7M2I4M14D9M2I9M7I28M3D12M1D2M2D3M9D12M
A0ABQ0GL05_taxID_1157608_model_A	B2ZB02_ref_A	187	478	479	4	286	4.703E-01	26M8I4M5I15M10D30M1I10M2D8M2I14M2I10M1D9M2I5M1I6M2D19M12D6M1I25M2I25M3I16M1D1M4I6M3I1M1I13M2I6M
A0ACC2TJW4_taxID_34485_model_A	B2ZB02_ref_A	26	275	279	1	286	6.945E-01	4M3I43M1D4M6D34M1I15M4I13M3D5M5D7M5D8M2D22M9D9M7D9M3I1M4D31M2I5M8D20M1I6M
F0Y382_taxID_44056_model_A	B2ZB02_ref_A	66	368	749	1	287	2.518E-01	3M2D25M2I3M5I21M1D26M4I2M2I11M3D5M7I7M5I4M5D5M10D20M5I5M2I2M5D11M3I6M6D5M2I4M6D16M1D27M16I21M2I19M
A0A016W215_taxID_53326_model_A	B2ZB02_ref_A	34	312	367	6	297	5.867E-01	41M3D3M5D57M3D14M2D6M2D5M2D6M2D6M1D9M1I5M16D4M6I6M9I42M6I5M2I19M1I11M2I6M4D7M
A0A0L0VSW2_taxID_1165861_model_A	B2ZB02_ref_A	58	348	349	1	285	5.255E-01	4M1I22M10D4M6D5M1I6M7I1M7I23M1I17M2D11M3I7M7I6M2I10M3D2M1D5M1D13M1D3M9I13M13D4M3I3M6I17M3D4M8D18M4D8M2I2M3I6M1I5M3I9M2I5M
A0A135SEP1_taxID_703756_model_A	B2ZB02_ref_A	156	498	499	6	286	4.412E-01	21M3I2M6I5M4I12M1I5M1D8M1I27M1I12M2D8M2I10M11I5M2I1M9I7M2D4M1I5M7I5M10I6M3I4M4D11M1I5M9D2M1D7M4I18M1I34M8I11M1D4M2I6M2I12M3I4M
A0A1L7XXI3_taxID_576137_model_A	B2ZB02_ref_A	32	203	234	34	242	5.294E-01	14M10D19M4D8M14D8M3D11M7I8M2I5M5D1M1I4M1I6M1D10M5I8M5D5M5D8M5D15M1D26M
A0A210R2D2_taxID_6573_model_A	B2ZB02_ref_A	98	309	612	1	246	2.935E-01	6M2I30M3I13M10D21M5D33M5D9M2I3M6D4M3D10M3D15M2I5M5D9M1D1M5D12M2D5M2I25M
A0A484G057_taxID_1213857_model_A	B2ZB02_ref_A	136	482	880	2	297	2.561E-01	25M2I3M7I4M4I11M1D3M9D32M1I9M2D8M2I10M11I6M11I8M2I8M4I7M10I6M3I4M4D3M1I13M9D2M1D7M4I22M1I30M8I11M1D4M2I4M2I14M3I15M
A0A8H4JDQ9_taxID_78861_model_A	B2ZB02_ref_A	1	193	245	14	247	5.933E-01	13M16D6M2I9M5I26M1D4M2I13M2D8M1I6M1I3M2D10M2I1M16D4M2D22M10D8M5D47M
A0A3S3Q853_taxID_2502784_model_A	B2ZB02_ref_A	37	278	501	6	242	2.681E-01	27M6I10M6I5M6I11M1I6M5I17M2I10M2D3M1D7M6D2M4D18M3D4M2I5M8D4M7D9M1I3M11D13M2D9M20I30M
A0A507BNL8_taxID_1093900_model_A	B2ZB02_ref_A	13	353	657	1	291	2.551E-01	5M3I32M2I12M1I6M10I3M1I22M4I2M15I12M3D1M4I13M5D1M18D12M11I10M4I4M1I2M7I3M4I4M10I4M3I2M3I11M3D3M3I4M6D8M4D3M12D22M1D6M9I9M7I23M
A0A8C0NCZ3_taxID_9615_model_A	B2ZB02_ref_A	152	545	598	1	295	4.235E-01	4M1D26M19I2M9I18M1I3M3I27M2I17M5D13M1D9M1I6M2D8M12I10M1I6M2D36M5I5M3I28M7I4M43I15M1I18M3I29M
A0A9D4DW49_taxID_45954_model_A	B2ZB02_ref_A	109	365	933	2	286	2.474E-01	2M2D43M10D58M1I2M6D8M2D2M3I1M9D12M3D15M2I7M5D9M6D44M7I10M1D12M1I9M2I7M
A0AAF5PZK9_taxID_6293_model_A	B2ZB02_ref_A	343	611	807	6	286	2.837E-01	38M1D6M7D63M3D8M2D5M2D4M3D6M2D7M1D13M8I4M4I4M3D6M10D39M5I15M2I15M2I11M1I3M
A0ACB8HCS0_taxID_181762_model_A	B2ZB02_ref_A	31	329	330	2	286	6.366E-01	2M2D26M9I2M2I14M10D32M1I13M1I9M1I7M9I6M9I8M2D3M1I10M1I6M2D22M10D10M6D41M6D5M5I2M5D7M16I11M2I6M
K2RLK6_taxID_1126212_model_A	B2ZB02_ref_A	30	352	355	6	287	6.142E-01	26M6I3M7I13M10D6M4I40M1I9M1I6M10I2M5I4M11I10M2D7M3I4M1I6M1D22M10D9M5D12M3I35M12I19M3I14M2I7M
V9EVI6_taxID_1317065_model_A	B2ZB02_ref_A	35	273	546	3	241	2.875E-01	32M3D14M6D5M1I24M3I11M6I9M2D5M5I6M12D2M2D6M1D5M1I5M8I6M4I5M1I3M10I11M10D8M1D3M1D17M1D23M
A0A0F5VAR5_taxID_265726_model_A	B2ZB02_ref_A	19	293	471	7	286	3.519E-01	9M3I43M4D16M4I7M4I9M3D10M3D3M12D2M2D2M2D15M1I5M8I10M12I14M12D6M1D5M2D9M11I37M1D3M6D9M1D12M1I5M
A0A1I8I6W4_taxID_282301_model_A	B2ZB02_ref_A	117	459	520	6	287	4.274E-01	24M12I4M14I2M1D7M4D2M2I7M7I27M6I12M1D2M5D17M1D7M3I5M2D4M7I3M3I2M9I9M4D21M6I8M1D10M5I4M2I45M5D1M4I3M3I2M1D8M3I21M
A0A1G4BKS1_taxID_1209926_model_A	B2ZB02_ref_A	85	368	368	6	286	5.921E-01	16M3I12M5I14M10D29M1I12M2D11M1I13M6I7M2D4M1I5M1D4M1I16M4I10M5D4M4D2M1D6M3D3M2D8M1D30M3I8M1I6M1I11M5I13M2I6M
A0A1V9Z4B6_taxID_1202772_model_A	B2ZB02_ref_A	44	292	513	6	259	3.540E-01	38M1I5M9D29M3I11M1I4M1I4M6I4M1D2M1D5M5I5M5I8M4I4M7D14M4D6M1I10M10D15M2D40M2I16M
A0A3M6XNY6_taxID_91943_model_A	B2ZB02_ref_A	26	323	339	6	247	4.934E-01	6M3I21M5I11M7I40M12I2M7I10M2D20M8D5M4I7M1I2M1I4M6I6M2I8M3D1M1D3M16I9M1I2M3I12M1D8M6D9M9I35M
A0A4S9F9F9_taxID_5580_model_A	B2ZB02_ref_A	101	321	322	6	286	4.552E-01	26M1I6M3I9M3D8M3D25M1I12M1I10M11D5M17D11I2M22D3M3I10M10D8M9D13M1D7M1D29M2I4M7D14M2I6M
A0A4W6F5R6_taxID_8187_model_A	B2ZB02_ref_A	119	446	529	6	291	4.481E-01	20M1D3M16I5M12I12M5I35M2I14M3D4M3D11M1D9M2D7M1I4M4I5M8I14M2I40M9I10M3D1M8D28M1I24M3I19M
A0A6A5TLY8_taxID_147558_model_A	B2ZB02_ref_A	67	345	347	7	286	6.353E-01	27M8I15M10D28M1I12M2D12M1I10M2I3M5I7M2I4M2D8M1D11M6I2M3D14M10D8M3D3M2D13M1D31M2I3M1I8M1I8M4I11M1I4M1D3M
A0A6J1BLU4_taxID_108875_model_A	B2ZB02_ref_A	73	311	355	6	244	3.939E-01	26M5I14M2D3M5I7M1D25M2I14M2I10M19D6M4D22M3D9M2I20M1I12M5I12M7I30M
A0A8H3ANG7_taxID_456999_model_A	B2ZB02_ref_A	113	447	447	6	292	4.732E-01	20M1D3M13I4M10I11M1D6M9D22M1I16M2D11M3I20M2I5M6D4M1D6M5I4M14I3M3D9M5D6M2I1M5D7M1D50M10I10M2D1M6I6M5I14M13I12M
A0A8H4JHW9_taxID_78861_model_A	B2ZB02_ref_A	73	367	369	6	286	5.722E-01	28M8I15M10D23M1I20M2D8M1I13M7I8M2I4M1I7M5I2M1D16M3I15M9D2M1D7M5D15M1D25M18I12M7D9M4I16M
A0A8H7HFI3_taxID_456999_model_A	B2ZB02_ref_A	37	291	353	6	246	5.125E-01	24M3I4M22I10M1I7M7D2M3D27M1I9M2D11M3I8M5D7M2I5M6D4M1D6M4I7M1I3M10I9M2I5M6D2M4D7M1D49M
A0A9P9IM25_taxID_256645_model_A	B2ZB02_ref_A	52	369	581	6	286	2.943E-01	7M4I9M2I10M2I12M1I2M4I13M1I22M4I2M9I5M6I11M12D2M5D10M5D1M2D12M1D2M3I10M4I3M7I21M5D2M1I6M6D9M10I42M1I10M8I4M1I3M5I15M
A0AAV7NZD3_taxID_8319_model_A	B2ZB02_ref_A	31	354	358	6	286	6.973E-01	26M16I2M8I21M3I29M2I14M1I1M6D12M1D3M2D4M1I5M2D9M6I4M7I55M7I69M2I8M1I8M
A0ABQ0GAI5_taxID_1157608_model_A	B2ZB02_ref_A	110	395	396	3	286	5.705E-01	3M3I26M5I2M3I15M10D27M1I13M2D11M1I9M2D2M8I7M1D16M1I9M3I3M3D14M10D8M3D3M2D8M1D36M3I18M6I14M2I6M
A0ABX5RWM9_taxID_321983_model_A	B2ZB02_ref_A	31	274	517	3	252	3.051E-01	7M2D5M2I10M2I10M5I9M1I5M7I5M6I7M6I21M2I21M5I13M1D5M18D4M8D11M4D15M4D9M5D13M2I29M2D7M
W2WMR4_taxID_1317063_model_A	B2ZB02_ref_A	35	273	546	3	241	2.875E-01	32M3D14M6D5M1I24M3I11M6I9M2D5M5I6M12D2M2D6M1D5M1I5M8I6M4I5M1I3M10I11M10D8M1D3M1D17M1D23M
A0A0A7CMA7_taxID_1202772_model_A	B2ZB02_ref_A	39	292	491	6	257	3.543E-01	37M4I3M12D29M3I12M6I7M1I5M12D8M1I4M2D5M1D5M25I5M2D5M1D3M3I9M4D7M4D4M1D3M3D3M2D39M3I15M
A0A1R3RV41_taxID_602072_model_A	B2ZB02_ref_A	51	318	318	6	286	6.735E-01	28M8I14M10D32M1I9M2D11M1I13M6I10M2D1M1I5M1I3M1D12M6I2M3D13M10D9M3D3M2D10M1D41M2I2M1D2M5D3M1D10M2I7M
A0A2R5FJR1_taxID_2005467_model_A	B2ZB02_ref_A	46	400	414	4	294	5.791E-01	2M1I1M2I26M7I19M5I44M1D7M4D11M6I5M4I3M1D8M1I2M5I9M2I30M13D4M3I4M9I15M16I37M1I21M26I16M5D3M
A0A485KTR0_taxID_120398_model_A	B2ZB02_ref_A	26	300	531	2	271	3.181E-01	41M7D7M1D5M1D23M3I7M1I8M8I7M3D8M2D4M4I5M5D12M2I20M25I10M7D3M1D2M1D9M1D18M1D22M3I12M11D6M
A0A6A5ZPV6_taxID_690887_model_A	B2ZB02_ref_A	61	355	356	2	286	6.116E-01	4M3I28M8I17M9D27M1I12M2D11M2I8M5I5M3I8M2D3M2I3M2D5M1I11M6I2M3D16M10D9M5D10M1D33M7I20M4I13M2I6M
A0A6A6XLR7_taxID_1314802_model_A	B2ZB02_ref_A	26	366	367	1	286	5.606E-01	7M1I24M9I2M9I14M5D16M3D18M1I9M2D11M3I8M4I13M6I4M6D4M1D6M4I5M6I2M3D16M10D5M4D17M15I29M14I5M2I11M9I7M4I13M2I6M
A0A7Y8BLA6_taxID_117681_model_A	B2ZB02_ref_A	34	330	503	3	297	3.552E-01	10M1D20M7I9M9I12M13I7M2I20M2I14M2I9M9I5M1D2M1I5M1D5M18D4M8D7M1D2M5D8M1I7M5D8M5D13M2I29M2D5M1D1M1D5M3D4M3D1M6I1M4I8M2I8M3D8M
A0A8H4IVL2_taxID_55169_model_A	B2ZB02_ref_A	13	319	327	6	287	6.418E-01	26M6I2M7I13M13D1M4D25M1I14M1I8M1I7M4I6M10I8M2D3M1I4M4I5M1D6M1D18M2D11M2I6M8D14M3I34M12I11M2D7M4I14M2I6M
A0A8H7LYZ4_taxID_456999_model_A	B2ZB02_ref_A	37	351	353	6	286	5.785E-01	25M12I3M13I10M1I7M7D2M3D27M1I9M2D11M3I8M5D7M2I5M6D4M1D6M4I7M1I3M10I9M2I5M6D2M4D7M1D49M10I11M2D2M6I9M4I9M2I7M
A0A8X6KWP2_taxID_2740835_model_A	B2ZB02_ref_A	317	579	579	1	295	3.577E-01	33M3I10M4I2M4D3M10D36M2D16M1I5M16D10M6I6M3D21M10D10M6D16M1D35M4D19M1I8M9I9M
A0A9P6HYB5_taxID_1095194_model_A	B2ZB02_ref_A	29	365	366	1	286	5.722E-01	28M9I5M4I13M10D33M1I9M2D8M2I10M11I6M11I10M2D1M1I5M7I5M10I6M3I4M4D11M6D7M2D1M1D7M4I22M1I30M8I9M3D1M2I3M2I6M2I10M3I6M
A0AA35M0Q8_taxID_1926264_model_A	B2ZB02_ref_A	28	499	764	4	288	2.386E-01	9M5I8M2I8M5I12M5I8M30I8M2I3M1I19M4I5M10I3M9I8M2D1M3I12M1I2M8I1M4I4M9I2M3I7M4D4M3I2M38I8M1I4M14I7M4I9M2I2M1I7M2I4M8I8M4D5M4I4M6D9M8I34M4I23M13I19M
A0ABM7Q8T6_taxID_2675101_model_A	B2ZB02_ref_A	30	317	500	4	287	3.519E-01	8M1D22M7I8M7I3M2I9M7I8M6I19M2I11M4D9M9D5M2D9M4I16M5D9M6D13M1I4M5D7M1I2M6D11M2I27M1D16M3D2M2I7M5I17M
A0ABR1U9F9_taxID_2905665_model_A	B2ZB02_ref_A	59	479	805	6	296	2.086E-01	5M2I12M4I21M11I5M1D6M1D4M8I13M11I5M6I7M3I10M27I4M16I6M10I6M9D12M3I14M8D8M6I19M2I3M2D3M13I11M2I12M19I44M3D10M9I1M1I16M1I10M
I7CCR9_taxID_32224_model_A	B2ZB02_ref_A	163	450	614	5	286	2.716E-01	20M1I4M4I20M4I9M1D24M2I13M14D5M5D9M1I4M1D4M2D17M5I3M5D9M4I8M6I7M4I1M6D5M1I1M2D10M4I5M3I26M2I2M8D10M3I7M5I3M1I12M
A0A0W8AY19_taxID_4792_model_A	B2ZB02_ref_A	22	266	495	6	242	3.087E-01	38M1D4M9D5M3I2M1D19M3I9M1I6M4D8M5D2M4I3M1I3M6D11M4I3M2I6M3D6M10I4M13I12M3I5M4D3M3I9M5D16M1D24M
A0A166U3J7_taxID_708197_model_A	B2ZB02_ref_A	20	351	352	6	286	5.870E-01	23M9I5M4I14M10D32M1I9M2D8M2I10M12I7M10I6M2I9M4I7M10I6M3I4M4D11M1I5M9D2M1D7M4I18M1I31M1I3M7I9M3D1M2I5M2I4M2I11M3I5M
A0A1S8X904_taxID_6198_model_A	B2ZB02_ref_A	124	459	476	6	288	4.933E-01	26M9I6M16I6M1D5M9I34M6I12M3D2M3D19M1D7M5I4M2D5M9I7M1I5M1D2M3D23M1I19M7I47M1I7M1I2M1D8M3I22M
A0A319FJL1_taxID_1448318_model_A	B2ZB02_ref_A	65	345	399	6	247	4.457E-01	24M9I4M7I15M9D4M4I20M1I17M2D8M2I16M18I7M2I6M3I1M5I9M1I6M2I7M3D9M10I18M11D46M
A0A4E9FIB1_taxID_6279_model_A	B2ZB02_ref_A	343	611	806	6	286	2.778E-01	38M1D6M7D61M3D10M8D7M1I8M2D6M1D13M8I4M4I4M3D6M10D42M5I14M2I9M4I2M2D11M1I3M
A0A6A6HHK4_taxID_1048519_model_A	B2ZB02_ref_A	76	355	355	6	286	6.046E-01	28M9I14M10D29M1I12M2D11M1I12M1I1M3I8M6I4M6D3M1D12M6I2M3D14M10D8M3D3M2D10M1D34M8I8M4D10M4I10M2I6M
A0A7E6EGY5_taxID_2607531_model_A	B2ZB02_ref_A	391	669	802	5	287	2.524E-01	18M1I13M1I22M3I38M6D6M2D24M3D10M1D30M9D6M3I5M6D12M1I28M2I7M3D16M6I2M8I10M1I6M
A0A8H6S8I0_taxID_658473_model_A	B2ZB02_ref_A	33	326	384	1	250	5.088E-01	4M1I27M12I2M12I13M7D6M2I23M1I16M1I14M1I23M1I6M2D3M1D6M11I10M5I8M2D4M6D14M1D3M2D13M7I2M9I25M2I7M
A0A914L211_taxID_6306_model_A	B2ZB02_ref_A	108	384	575	6	286	3.888E-01	41M8D62M1D3M2D12M1D4M2D4M2D7M2D6M1D13M7D9M2I1M1D4M1D3M6I13M6I6M3I2M2D20M5I15M2I21M2I5M
A0A9N9TUY4_taxID_160290_model_A	B2ZB02_ref_A	18	499	764	1	288	2.459E-01	5M7I7M5I8M2I8M5I17M2D7M12I2M27I3M1I19M4I5M10I3M9I8M1I15M1I2M8I1M4I4M9I2M3I7M4I5M17I4M9I2M7I8M1D2M16I10M1I3M3I4M4I12M9I21M6D9M8I35M1D13M5I8M13I19M
A0A8H3GJI1_taxID_456999_model_A	B2ZB02_ref_A	52	340	395	1	261	4.893E-01	3M4I22M3D5M25I14M10D24M1I17M2D11M3I20M2I5M6D4M1D6M5I10M11I16M3D2M5D10M1D47M10I10M2D2M
A0A914S644_taxID_6256_model_A	B2ZB02_ref_A	42	295	504	3	273	3.811E-01	9M1I36M3D3M5D58M1D3M2D4M1D5M2D2M2D7M2D7M2D6M1D9M6I9M5D15M2D54M1D1M5I14M
A0A9P7R1E3_taxID_1209932_model_A	B2ZB02_ref_A	24	363	367	2	286	5.531E-01	6M2I22M11I4M7I14M10D12M19I20M1I9M2D11M3I8M4I13M2I4M6D4M1D5M7I29M8D6M6D13M15I32M6I15M5I6M4I13M2I6M
A0AAD4NRB5_taxID_48097_model_A	B2ZB02_ref_A	5	200	254	34	243	6.047E-01	13M10D29M1I13M2D11M1I5M6I5M2D1M4I8M3D8M3I2M1D12M3D2M8I14M10D8M3D3M2D10M1D29M
A0AAD8PIW8_taxID_681940_model_A	B2ZB02_ref_A	94	367	370	6	286	5.849E-01	26M4I2M4I14M10D24M1I17M2D12M1I9M4I2M1I9M2I5M1I2M3D4M1D9M2I4M3D14M9D2M1D6M3D3M2D10M1D33M3I3M5D5M4I4M2I4M2I15M2I3M
A0AAV2YQR1_taxID_4803_model_A	B2ZB02_ref_A	1	224	499	14	241	3.100E-01	30M2I4M10D29M3I11M1I2M8I4M2D6M2D6M4D2M10D6M1D5M1I5M2I2M6I4M4I4M10I2M3I8M1I4M13D6M1D3M1I1M2D17M1D21M
A0ABR3CFI6_taxID_420778_model_A	B2ZB02_ref_A	8	319	332	1	287	5.981E-01	26M3I2M6I5M4I6M18D4M1I28M1I14M1I8M1I7M5I7M9I7M2D3M1I4M4I5M1D6M1D18M8I8M8D3M8D14M3I34M12I11M2D7M4I13M2I7M
A0ACC2T4I7_taxID_34485_model_A	B2ZB02_ref_A	19	266	337	6	286	6.412E-01	28M6I14M10D37M2D35M2D5M2D6M1D9M4D16M13D3M8D6M5I11M1D31M1I8M5D18M3I6M
N1S3E0_taxID_2502994_model_A	B2ZB02_ref_A	2	254	300	14	244	6.194E-01	18M4I2M8I15M1D5M2D2M4D26M1I15M1I8M1I7M2I6M14I16M3I7M1I6M1D23M12D6M3I8M1I9M3I32M
W7MLF2_taxID_334819_model_A	B2ZB02_ref_A	1	217	268	14	248	6.778E-01	18M7I2M3I14M10D25M1D3M2I12M2D11M1I8M1I1M2D12M2D3M3I7M1D6M2D21M13D6M3D9M1I41M
H2KPL1_taxID_79923_model_A	B2ZB02_ref_A	124	459	476	6	288	4.944E-01	26M19I2M7I12M2D9M9I27M4I2M2I10M3D2M3D21M1I4M1I4M4I8M6I13M1D2M3D22M2D2M3I16M7I47M1I7M1I2M1D8M3I3M1D8M1I10M
W9I5K7_taxID_660029_model_A	B2ZB02_ref_A	58	381	382	2	286	5.436E-01	2M3D25M10I2M3I12M4D1M6D33M1I5M3D11M2I10M8I7M10I9M2D1M2I5M14I4M1D6M2D5M4I1M3D7M8D8M1D5M2I5M2I50M10I10M3D6M4I16M3I3M
A0A0C9SRH3_taxID_944288_model_A	B2ZB02_ref_A	31	344	345	6	286	5.795E-01	21M10D5M2I12M5I4M15I24M1I17M2D9M1I2M3I20M2D5M2D6M1D6M7I6M2I4M5I14M11D7M1D9M1I11M1I4M11I22M3I10M3I4M4D10M4I10M2I6M
A0A0R3RX42_taxID_1147741_model_A	B2ZB02_ref_A	331	599	735	6	286	3.106E-01	38M3I3M11D61M3D10M2D3M2D7M3D5M2D7M1D13M1I6M11I2M3D6M10D42M5I14M2I11M1I10M2I6M
A0A2G9GQP1_taxID_429701_model_A	B2ZB02_ref_A	95	370	458	1	293	3.661E-01	15M3I14M2I25M7D7M3D12M2I24M11D3M7D6M3D12M2D6M4D10M1I3M7I5M5I7M1I9M1I2M6D11M7I30M4D10M3D4M2I5M5I16M3D4M
A0A3M6VLC9_taxID_542832_model_A	B2ZB02_ref_A	29	271	499	6	242	3.160E-01	38M1D4M9D5M3I2M1D19M3I9M1I7M2I10M1D3M5D11M1I9M2D11M1D6M10I4M13I12M5D20M1D16M1D24M
A0A6A3FBU7_taxID_53985_model_A	B2ZB02_ref_A	28	272	500	6	242	2.996E-01	38M1D4M9D5M3I2M1D19M3I14M7D8M1D4M4I3M1I9M1I6M1D13M3D6M10I4M1I2M15I12M6D4M5I9M5D16M1D24M
A0A7S4QRZ1_taxID_49249_model_A	B2ZB02_ref_A	126	585	715	2	295	2.644E-01	2M2D10M29I21M2I7M12I4M24I7M30I5M1I30M10I7M1I8M8I7M3I4M2D9M2D2M4D6M5I4M3I2M6I5M11I3M6I8M2D12M3I1M4D6M2I6M10D9M3I4M1D32M3I3M17I8M2I3M5I6M2I18M5I8M
A0A8X7N2K2_taxID_117179_model_A	B2ZB02_ref_A	77	405	406	2	286	5.052E-01	8M2I22M9I2M7I10M1D4M12D3M3D46M1I8M1D13M1I8M2I4M3I10M10I4M3D22M8D3M6I3M1I2M2D13M1D26M3I8M6I2M9I7M8I5M5I15M2I6M
A0A9Q0QJI7_taxID_40686_model_A	B2ZB02_ref_A	105	339	362	6	228	3.614E-01	25M5I15M2I4M1I8M1D25M2I12M14D5M3D6M3D8M3D12M4I16M11I10M10I4M1I8M1D5M6D2M2D9M8I2M1I14M
A0A137NPX8_taxID_796925_model_A	B2ZB02_ref_A	10	222	232	8	247	7.881E-01	18M1D3M5I18M10D41M2D19M2D11M3D3M1D7M1D8M3D5M3I11M1I3M10D10M3D1M2D9M3I5M1D29M
A0A142I737_taxID_291059_model_A	B2ZB02_ref_A	75	377	378	1	286	5.499E-01	3M2D24M6I4M2I15M10D24M1I16M2D11M1I9M10I4D8M2I7M2I9M3I5M3I10M4I9M5D5M5D8M3D3M2D12M1D28M18I6M3D3M4D7M4I13M2I6M
A0A1H7VPR3_taxID_183556_model_A	B2ZB02_ref_A	108	383	557	6	295	3.325E-01	10M8I13M2I16M1I10M6D2M2I20M2I3M4I6M2D2M1D16M1D3M1D3M21D4M4I9M3I8M1D5M2D9M3D4M2D8M3D2M2D8M8I45M3I5M4D14M1I8M3D5M
A0A2N5SSF6_taxID_200324_model_A	B2ZB02_ref_A	127	361	362	6	232	4.887E-01	26M3I2M7I14M10D24M1I20M2D8M3I13M7I8M2D4M2D6M1D9M3I5M5I12M13D5M1I6M5I6M3I29M
A0A3R6YR15_taxID_157072_model_A	B2ZB02_ref_A	21	219	460	58	240	2.394E-01	28M3I8M2I17M8D11M2D3M2D6M1D5M1D10M11I3M9I1M3I14M12D11M2D15M1D6M10I6M7I10M
A0A4R8T272_taxID_1347389_model_A	B2ZB02_ref_A	155	433	840	35	278	2.164E-01	10M1D3M9D28M1I13M2D8M2I10M11I6M11I7M2I9M4I7M10I6M2D17M1D2M3I2M9D4M3I28M1I30M8I8M3D2M2I5M2I2M2I10M
A0A6J8AZI7_taxID_42192_model_A	B2ZB02_ref_A	269	506	648	4	266	3.085E-01	8M6D2M7I12M5I2M2I9M1I5M10D24M5D28M1D4M4D8M3D2M1D6M3D11M3D16M2I5M5D11M6D44M3I2M3I5M1D11M
A0A8H3DH08_taxID_456999_model_A	B2ZB02_ref_A	14	449	739	1	286	2.243E-01	3M2D9M1D16M6I15M10I3M1D9M4I11M11I15M11I9M2D14M2D5M20I4M6D17M1I2M4I2M6I13M12I4M13I3M1D11M6I4M6I5M11I8M5I4M2D9M2I34M12I8M15I4M4I10M6I8M2I10M
A0A976IE71_taxID_4779_model_A	B2ZB02_ref_A	22	266	495	6	242	3.003E-01	41M10D6M3I2M1D20M3I8M1I6M4D8M5D2M5I12M1I8M3D11M1D6M10I4M1I2M11I7M1D4M7I3M3D13M5D16M1D24M
A0A9P7QPY3_taxID_1209932_model_A	B2ZB02_ref_A	44	342	343	6	286	6.518E-01	26M7I2M3I13M10D26M1I30M1I8M1D11M1D14M1I6M2D22M6D2M4D8M3D1M2D43M21I6M8I5M1I1M2D6M2D2M6I10M2I6M
A0A4Z1HA19_taxID_278944_model_A	B2ZB02_ref_A	111	349	383	6	257	4.673E-01	14M3I13M6I4M1D10M10D25M1I19M2D8M1I13M9I8M2I4M2D7M1D11M3I20M9D2M1D6M9D9M10D24M7I10M
A0A673AVA6_taxID_375764_model_A	B2ZB02_ref_A	137	454	538	6	290	4.363E-01	23M15I5M11I20M5I28M2I14M3D4M3D11M1D9M2D7M1I4M4I9M8I10M2I39M6D9M3D6M1D26M1I21M2I3M1I18M
A0A7W5H8K5_taxID_864828_model_A	B2ZB02_ref_A	34	269	496	5	243	3.028E-01	6M1D4M2I23M6I5M11I11M4I8M6I19M2I23M5I13M1D5M18D4M8D11M4D15M4D9M5D13M2I29M
A0A8H3HGU7_taxID_456999_model_A	B2ZB02_ref_A	79	432	432	6	292	4.960E-01	20M1D3M13I4M10I14M1D3M7I13M3I18M1I16M2D11M3I20M2I5M6D4M1D6M5I7M1I3M10I9M5D7M3D9M1D47M2I6M8I10M4I5M5I12M7I3M6I12M
A0A8H6MX70_taxID_2175907_model_A	B2ZB02_ref_A	83	414	415	6	286	5.001E-01	16M3I7M6I5M4I13M10D33M1I9M2D8M2I10M11I6M11I7M2D4M1I5M7I5M10I6M3I4M4D11M1I5M13D3M3I3M4I23M1I29M8I9M3D1M2I5M2I4M2I11M3I5M
A0A8U0BZ64_taxID_102329_model_A	B2ZB02_ref_A	112	372	821	6	287	2.734E-01	26M5I11M2D6M7D61M3D10M3D1M5D3M5D6M3D15M3I5M4I8M2D6M10D35M3I19M1I13M1I13M2I4M
A0AAD3DIW9_taxID_47775_model_A	B2ZB02_ref_A	28	398	898	2	287	1.969E-01	4M3I10M3I12M4I6M12I14M2D3M7D26M6I12M2I6M3D8M2D4M9D2M9D3M16I5M5D3M5I4M8I8M3I6M34I9M4D2M4D4M6D9M5I1M20I3M4I29M2I4M3I8M1D11M7I18M
A0ABN8MXX5_taxID_104759_model_A	B2ZB02_ref_A	61	320	322	5	286	6.531E-01	21M1D5M5I16M10D38M1I7M1D4M2I2M2I34M2D8M2D4M1D12M6D7M4D11M3D41M3I3M3D8M4D2M2D14M4I6M
A0ABR9BSA8_taxID_2774143_model_A	B2ZB02_ref_A	19	293	471	7	286	3.514E-01	9M3I33M3D4M2D6M1I15M4I7M4I9M3D10M3D3M12D2M2D2M2D15M4I5M5I9M3I2M9I13M12D6M1D5M2D9M11I42M7D7M1D11M1I6M
A2RBK8_taxID_425011_model_A	B2ZB02_ref_A	159	440	442	6	286	4.918E-01	26M4I2M6I14M9D12M3D15M1I34M1D13M2D2M1I9M1I8M1D21M10D8M3D3M2D44M2D14M3I6M16I11M2I6M
W2I6Y9_taxID_4792_model_A	B2ZB02_ref_A	4	255	450	33	270	3.168E-01	14M10D6M3I2M1D21M3I7M1I5M9D11M4I3M1I9M1I8M3D11M1D7M10I3M13I12M5I9M3D9M5D16M1D34M2I10M4I8M
A0A085M8H3_taxID_68888_model_A	B2ZB02_ref_A	125	389	784	6	287	2.942E-01	28M5I9M2D6M7D59M5D10M2D14M1D11M1D16M5D6M1I2M1I9M9D36M2D4M6I8M2I23M2I7M
A0A135V8Q3_taxID_1209931_model_A	B2ZB02_ref_A	117	448	449	6	286	4.648E-01	23M9I5M4I14M10D25M1I16M2D8M2I10M11I6M11I7M6I16M10I6M3I4M4D11M1I5M9D2M1D7M4I24M1I27M1D12M8I4M2I7M2I11M3I4M
A0A1L7T8U3_taxID_192010_model_A	B2ZB02_ref_A	69	308	365	6	246	5.239E-01	28M8I15M10D23M1I20M2D8M1I13M7I8M2I4M1I7M5I2M1D16M3I15M10D9M5D15M1D29M
A0A2G8L6J4_taxID_307972_model_A	B2ZB02_ref_A	533	775	809	6	293	2.719E-01	27M2I1M1I10M12D2M2I41M2D36M6D3M2D6M1D5M2D16M10D10M6D13M1D27M5D11M1D15M1I10M3D4M
A0A507F697_taxID_246404_model_A	B2ZB02_ref_A	22	315	537	2	294	4.198E-01	33M11I14M10D10M1D25M2D4M1I9M2D27M9I6M1D12M3D14M12D14M2D10M3I36M2I2M8I5M3D3M4I9M1I9M2I7M4D4M
A0A6A6VMY9_taxID_1340428_model_A	B2ZB02_ref_A	45	426	599	2	293	3.100E-01	4M2I9M1I24M5I4M4I9M12I5M3I3M1I24M9I2M10I9M3D5M4I9M16I10M5D8M1D13M6I2M1I5M16I4M5D8M2D3M11I2M14D9M3I10M1I40M3I3M5I14M7I24M
A0A8H3CUW5_taxID_456999_model_A	B2ZB02_ref_A	14	453	738	1	286	2.107E-01	3M2D9M1D16M6I15M10I12M3I22M11I5M11I9M3D5M1I9M21I5M7I6M7I7M2D6M1I4M25I7M14I5M1I7M10I10M5D7M8D10M4I1M2D9M2I34M5I12M6I2M24I8M6I8M2I10M
A0A8K0T8Y5_taxID_40658_model_A	B2ZB02_ref_A	110	384	387	6	286	5.727E-01	26M2I2M6I14M10D32M1I9M2D10M1I9M3I5M2I8M2I4M2D8M1D9M2I4M3D14M9D2M1D6M5D13M1D32M1I2M2I16M2I4M2I12M2I6M
A0A9D4Z585_taxID_13818_model_A	B2ZB02_ref_A	76	357	357	6	283	4.759E-01	20M1I4M4I15M10I5M6D2M1D24M1I6M2I15M5D1M2D6M9D2M2D4M2D22M3D2M4I17M8I3M5I4M4D4M5D14M7I31M3D10M3D4M2I2M2I3M3I13M
A0A4S9D5E3_taxID_5580_model_A	B2ZB02_ref_A	101	321	322	6	286	4.729E-01	17M3I11M5I13M2I4M12D23M1I27M7D1M5I3M30D7M3D14M10D13M2D7M8D8M1D29M2I4M7D14M2I6M
A0A5S6QIU3_taxID_70415_model_A	B2ZB02_ref_A	127	394	788	1	287	2.979E-01	3M2D27M5I11M2D5M7D59M1I2M6D8M1D8M2D16M1D16M5D6M1I2M1I4M9D41M2D4M6I3M1D2M3I25M2I7M
A0A8H4RXM0_taxID_354080_model_A	B2ZB02_ref_A	80	363	363	6	286	6.072E-01	28M8I12M6D2M4D29M1I12M2D11M1I13M6I10M2D11M1I6M2I5M6I2M3D14M10D8M3D3M2D13M1D31M9I8M4D4M2I4M2I12M2I6M
A0A914XEE1_taxID_2011161_model_A	B2ZB02_ref_A	118	380	381	6	286	5.142E-01	13M1D13M3I1M24I17M3I7M2I25M2I16M12D4M2D7M30D6M2D24M1D10M6D8M4D2M2I30M1D2M2I20M2I9M1I8M
A0A9P6EYF3_taxID_979708_model_A	B2ZB02_ref_A	1	386	516	1	287	3.523E-01	3M1D24M5I17M4D10M4I4M3D26M9D12M4I13M1I5M8I16M1I1M2I4M2I9M31I4M10I13M5D12M7I7M3I10M17I47M6I2M12I8M8I18M
A0AA88XJ60_taxID_66713_model_A	B2ZB02_ref_A	104	376	492	4	286	4.181E-01	23M10D6M2I9M5I6M14I59M1I2M6D8M2D2M2D7M3D11M2D15M2I5M5D3M2I1M1I7M6D46M2I5M1D15M1I5M3D8M
A0AAJ0A0G4_taxID_359342_model_A	B2ZB02_ref_A	1	331	332	7	286	6.382E-01	22M9I5M4I14M10D32M1I9M2D8M2I10M11I6M11I7M2D4M1I5M7I5M10I6M3I4M4D11M1I5M9D2M1D7M4I22M1I29M1D12M8I5M2I6M2I7M3I8M
A0AAV2QDB1_taxID_48144_model_A	B2ZB02_ref_A	329	533	544	6	242	3.360E-01	29M4I13M9D3M1D21M1I16M2D43M5D6M2D4M1D13M13D9M1D5M2D14M1D24M
A0ABR3QSB3_taxID_749835_model_A	B2ZB02_ref_A	50	381	595	6	286	2.867E-01	7M4I9M1I7M3I14M17I6M10D22M4I5M15I10M9I5M5I3M1D3M3I7M1D13M5I4M4D4M12D9M1D4M16I10M10D11M6D9M1I2M1I2M3D34M9I15M6I18M
R7YGC4_taxID_1168221_model_A	B2ZB02_ref_A	56	387	388	4	286	5.512E-01	28M10I2M3I15M10D23M1I17M2D8M2I10M11I7M10I6M2D4M1I2M14I4M5I3M1D6M3I6M4D9M1I4M10D10M1D4M2I9M1I4M1I34M12I8M4D7M4I11M2D3M4I3M
A0A8H6JVW5_taxID_2175906_model_A	B2ZB02_ref_A	83	440	441	6	286	4.588E-01	16M3I7M6I5M4I14M14I5M2I37M1I9M2D8M2I10M11I6M11I7M2I6M2I2M4I1M2D5M10I6M3I4M4D11M1I5M10D9M3I9M1I14M1I23M3I4M3I7M2I6M1D6M2I4M2I11M3I5M
A0A915AZH0_taxID_6257_model_A	B2ZB02_ref_A	263	532	661	6	286	3.423E-01	41M3D4M5D62M3D9M9D3M3I10M2D6M1D13M9I17M10D40M5I14M2I13M1I10M1I3M1I3M
A0AAD9KZ40_taxID_27915_model_A	B2ZB02_ref_A	165	405	925	6	286	2.290E-01	29M3I4M4D10M6D27M1I9M2D24M1D10M7D15M2D4M1D3M2D13M11D2M1I9M4D11M1D31M4D6M1D22M1I6M
A0ABS8JID1_taxID_2888523_model_A	B2ZB02_ref_A	33	330	509	6	297	3.266E-01	6M1D13M3I8M4I9M7I2M2I15M9I5M4I17M2I14M11I5M3D14M1D5M18D3M7D7M4D15M1I6M5D8M5D13M2I27M4D2M3I2M1D4M1D3M3D2M4I7M3I18M4I9M
N1RKC9_taxID_2502994_model_A	B2ZB02_ref_A	22	324	324	1	286	6.447E-01	5M4I28M8I10M1D8M9D40M2D8M1I11M5I1M4I9M2I1M1D14M3I10M9I2M3D10M5D4M5D9M3D2M2D13M1D30M9I11M2D7M4I13M2I6M
A0A074XND5_taxID_1043002_model_A	B2ZB02_ref_A	97	321	322	2	286	4.846E-01	21M1I8M3I3M4I12M2I5M12D23M1I9M5D9M5D7M8I3M30D7M3D14M10D13M6D5M4D10M1D29M2I4M7D14M2I6M
A0A0A7CM13_taxID_74557_model_A	B2ZB02_ref_A	39	293	504	6	257	3.369E-01	37M4I3M12D29M3I12M6I7M1I4M1D4M3D3M6D8M2D5M1D5M25I5M2D6M1D2M3D11M5I1M11D3M3I4M3D2M2D39M3I15M
A0A0V1FSY3_taxID_6337_model_A	B2ZB02_ref_A	129	448	573	1	286	2.919E-01	3M2D26M12I2M8I18M3D6M1D20M2I13M19I4M3D5M1I5M6I9M5I4M9I3M10D6M20D21M4D7M3I10M1D3M1D12M11I26M1I7M1D9M3I4M1D8M1I8M
A0A1I8IJ91_taxID_282301_model_A	B2ZB02_ref_A	73	462	904	6	287	2.542E-01	26M20I3M8I5M2I7M4I9M2I28M6I12M6D14M2I2M2I11M3I3M1D15M20I5M4I6M1I3M1I11M1I16M1I13M9I41M14I10M2I6M10I11M2I6M1I12M
A0A3B6J0G9_taxID_4565_model_A	B2ZB02_ref_A	1	276	439	14	285	3.797E-01	32M2I4M2I8M1D25M2I21M2D6M16D6M3D16M1I5M4D5M7I13M6I8M3D1M4I4M3D2M2D10M7I52M2I3M5I17M
A0A175W3Y2_taxID_100816_model_A	B2ZB02_ref_A	119	398	399	6	286	5.641E-01	26M5I2M3I14M10D28M1I13M2D11M1I9M2D2M8I8M1D15M1I9M3I3M3D14M10D8M3D3M2D8M1D36M3I18M6I14M2I6M
A0A1I7VEA5_taxID_7209_model_A	B2ZB02_ref_A	346	614	807	6	286	2.825E-01	38M2I4M10D61M3D10M2D5M2D4M3D7M2D6M1D13M8I4M4I4M3D6M10D40M5I16M2I11M1I10M2I6M
A0A4S2LBN1_taxID_147828_model_A	B2ZB02_ref_A	124	459	476	6	288	4.959E-01	26M9I6M16I17M8I29M4I2M2I10M3D2M3D17M1D9M5I4M2D5M9I7M1I5M1D2M3D23M1I16M7I50M1I7M1I2M1D8M3I3M1D8M1I10M
A0A6A6V9C0_taxID_1340428_model_A	B2ZB02_ref_A	63	412	612	6	295	2.787E-01	15M1I8M6I17M5I13M1I15M14I2M10I6M4D10M8D9M6D3M2I5M10D7M1I5M3I9M9I6M11I9M14I4M1I2M1I8M1I3M4D4M6D9M2I40M8I17M7I17M1I9M
A0A8H5PBF2_taxID_56676_model_A	B2ZB02_ref_A	12	265	283	7	251	6.689E-01	9M7I18M8I15M10D28M1I15M2D8M1I13M7I10M1I10M3I4M3I12M2D1M5I14M10D9M5D16M1D29M3I4M
A0A8H8U2D2_taxID_1316788_model_A	B2ZB02_ref_A	86	367	369	6	286	6.058E-01	26M4I2M4I15M10D27M1I16M2D8M1I13M6I8M2I4M2D7M1D17M4I14M10D8M3D3M2D10M1D30M3I9M1I14M4I13M2I6M
A0A918Z2Y2_taxID_1169913_model_A	B2ZB02_ref_A	33	315	490	6	287	3.459E-01	5M1D23M7I17M22I32M2I12M4D6M9D5M2D9M4I15M9D7M5D3M3I15M4D7M1I2M6D11M2I28M3D2M1D13M3I3M3D4M4I16M
A0AA37LRM6_taxID_708192_model_A	B2ZB02_ref_A	93	397	400	6	286	5.408E-01	26M4I2M4I15M10D23M1I17M2D12M1I8M2D2M7I7M2D14M1I9M2I4M3D14M9D2M1D6M3D3M2D12M32I6M2D24M2D11M4I4M2I3M2I13M2I6M
A0AAN8HSE1_taxID_52237_model_A	B2ZB02_ref_A	124	443	508	6	296	4.537E-01	25M20I4M8I5M1D14M6I31M2I10M4D3M1D13M1D9M1I5M2D9M12I18M3I37M6D3M11D30M2I3M1D18M2I5M2I12M2D8M
A0ABN8MVQ8_taxID_104759_model_A	B2ZB02_ref_A	148	399	401	5	286	5.442E-01	24M1I20M3D2M8D34M1I7M1D4M2I2M2I11M1D15M1D3M2I4M3D10M3D17M10D9M5D46M2D5M5D21M4I6M
A0A0V1MUW3_taxID_268474_model_A	B2ZB02_ref_A	145	413	800	1	286	2.933E-01	33M5I9M2D5M2D2M5D58M5D11M1D4M1I7M3D12M1D16M5D5M1D8M1D1M5D41M5I13M1I16M1I11M1I3M
A0A3P3Y6E4_taxID_37360_model_A	B2ZB02_ref_A	41	229	665	5	245	2.140E-01	40M6D9M1I22M5D7M3D6M7D4M8D7M11D9M5I4M8D6M2I18M5D8M6D10M2D1M1I29M
A0A6G0QFF2_taxID_53985_model_A	B2ZB02_ref_A	1	232	635	14	253	2.490E-01	29M4I3M12D29M3I11M6I4M3I4M1D11M14D3M2D5M1D5M3I9M4I2M5I5M13I9M1I4M14D6M5D18M1D33M
A0A8H3FNM0_taxID_116794_model_A	B2ZB02_ref_A	91	373	375	4	286	5.747E-01	30M8I14M10D25M1I16M2D11M1I8M1I5M3I7M2D14M1I6M3I24M9D2M1D6M9D4M4I8M1D27M6D5M6I6M5I5M7I20M
A0A8H7MHY0_taxID_205686_model_A	B2ZB02_ref_A	84	399	400	4	286	5.303E-01	16M6D20M4D2M6D32M1I13M1I19M10I3M12I7M2I8M12I8M1I6M2D4M1I13M1D6M10D5M2I2M2I18M1I33M5D4M5I4M10I6M3I4M2I10M2I6M
A0A9P4JTW6_taxID_1513339_model_A	B2ZB02_ref_A	27	308	308	6	286	7.229E-01	28M8I15M10D27M1I13M2D12M1I9M2I4M5I6M2D4M2I9M1D11M6I2M3D14M10D8M3D3M2D13M1D29M3I7M1I14M4I13M2I6M
A0A9W4KMZ8_taxID_1303716_model_A	B2ZB02_ref_A	129	451	617	1	297	3.030E-01	3M2D31M1I13M9D22M5D8M4D10M2D4M4D3M1D6M10I3M2I2M3D2M2I7M1D7M5I6M10I2M5D14M5I3M15I13M6D11M3I2M11I2M2I35M3I3M2D2M3I2M2I18M1I8M5D6M
A0AAE0NPZ1_taxID_330526_model_A	B2ZB02_ref_A	4	221	264	7	243	5.413E-01	4M3D17M5I4M7I15M3I3M6D31M1I3M4D6M7D2M2D5M4I6M4I8M2D8M5I4M1D6M10D15M17D2M1I15M3I31M
A0AAN7GQ08_taxID_252190_model_A	B2ZB02_ref_A	111	389	390	6	286	5.216E-01	28M9I15M10D2M1I28M1I10M2D20M2D2M8I8M1D8M2I4M1D11M6D6M9D8M3I15M2D10M1D30M4D6M1I12M7I14M4I6M
A0ABN8PTR8_taxID_104759_model_A	B2ZB02_ref_A	82	339	341	6	286	5.827E-01	40M3D7M5D1M4I34M1I7M1D3M2I5M2I9M1D16M1D7M1D7M3D17M5D4M5D11M5D39M8I5M4D6M1D2M9D13M2I1M2I3M
A0A0V1LPZ2_taxID_6335_model_A	B2ZB02_ref_A	140	469	584	1	296	2.858E-01	3M2D26M12I2M8I17M3D7M1D20M2I13M19I4M1I2M3D6M1D5M4D1M29I7M6D2M5D2M23D17M4D9M3I1M1D12M1D11M11I25M4D8M4I8M3I30M
A0A1Q8RG93_taxID_708187_model_A	B2ZB02_ref_A	71	401	402	6	286	5.079E-01	21M2I2M7I5M4I13M10D33M1I9M2D8M2I10M11I6M11I8M1D9M7I5M10I6M3I4M4D16M6D2M5D4M5I24M1I24M1I6M7I8M3D2M2I3M2I7M2I9M3I6M
A0A2S4VEY7_taxID_27350_model_A	B2ZB02_ref_A	64	347	349	6	284	5.731E-01	26M10I4M2D10M5D2M4D23M1I17M2D11M3I8M3D2M12I8M2D5M2D4M1D13M1D3M9I13M13D4M3I3M6I17M3D4M8D19M3D6M1I4M3I6M1I5M3I9M2I4M
A0A444RJX5_taxID_27337_model_A	B2ZB02_ref_A	1	234	289	14	246	4.979E-01	14M8D5M18D27M1I13M2D8M2I11M4D1M22I8M2I8M11I7M1I6M3I4M4D11M8D7M1I9M1I13M1I37M
A0A5C6MG15_taxID_433684_model_A	B2ZB02_ref_A	118	435	441	6	286	5.308E-01	14M3I9M12I5M11I17M1D7M2D21M2I14M6D15M1D9M2D7M1I7M12I17M2I38M7I5M2I35M7D7M1I18M2I6M1I11M
A0A7C9LY48_taxID_2682097_model_A	B2ZB02_ref_A	58	340	538	6	287	3.211E-01	6M1D4M2I22M1I6M4I7M22I30M2I14M4D7M7I4M8D6M6D14M7D7M4D17M1I4M5D8M5D13M2I27M1D7M1D5M9I6M7D19M
A0A8H4Z0P3_taxID_48485_model_A	B2ZB02_ref_A	73	308	369	6	242	5.121E-01	28M8I15M10D28M1I15M2D8M1I12M4I1M3I10M1I9M7I2M1D14M2D1M5I14M10D9M5D15M1D25M
A0A8J5M7S4_taxID_2496075_model_A	B2ZB02_ref_A	33	271	553	3	241	2.815E-01	32M3D14M6D5M1I24M3I11M6I10M2D4M5I6M12D2M2D6M1D5M1I5M2I2M6I4M4I5M1I3M10I10M10D9M1D3M1I2M2D14M1D23M
A0A9N9PT18_taxID_746836_model_A	B2ZB02_ref_A	39	323	325	6	286	6.548E-01	28M8I3M1D7M2D3M9D40M2D11M2I7M8I2M2D2M3I7M1D21M2D8M4I14M9D2M1D5M2D1M1D3M2D16M1D24M3I2M7I12M2D7M4I13M2I6M
A0AA38ZJU6_taxID_103349_model_A	B2ZB02_ref_A	149	433	584	6	286	3.060E-01	20M1D5M6I14M2I10M1I27M2I15M2I10M7D2M6D5M10D20M2D7M6I14M6I7M3D2M4I4M1D2M4D9M6I32M4D17M2I6M5I15M
A0A0R3QQ18_taxID_42155_model_A	B2ZB02_ref_A	240	508	663	6	286	3.387E-01	38M1D7M7D60M3D10M2D5M2D4M3D7M2D6M1D13M8I4M4I4M3D6M10D40M5I15M2I10M4I2M2D11M1I3M
A0A2I0MT65_taxID_8932_model_A	B2ZB02_ref_A	127	441	499	6	296	4.650E-01	22M19I6M9I13M4I37M2I15M5D12M1D11M1I4M2D9M12I11M1I5M2D38M15D35M1I21M2I4M1I13M3D7M
A0A4U0TXP9_taxID_329885_model_A	B2ZB02_ref_A	98	384	384	6	286	5.190E-01	24M6I4M4I15M10D28M1I12M2D11M1I13M7I7M2I5M12I10M1D3M6D4M3D14M10D11M5D13M1D25M3D4M12I7M4D10M4I10M2I6M
A0A6A6H4U9_taxID_1048519_model_A	B2ZB02_ref_A	35	314	316	6	286	7.037E-01	27M8I16M10D28M1I12M2D11M1I13M6I7M2D14M1I6M3I24M10D10M6D3M1I10M1D31M9I6M2D1M2D8M4I19M
A0A7C8UE72_taxID_2813651_model_A	B2ZB02_ref_A	189	458	699	45	286	1.637E-01	29M1I15M3I6M9D7M7D3M1D7M3D3M2D11M9I5M2I5M11I5M3I4M16I6M1I5M10D10M6D9M2I40M11I6M2D9M6I9M3I8M
A0A8H7W0M8_taxID_108018_model_A	B2ZB02_ref_A	33	318	319	2	287	6.620E-01	2M2D26M3I2M5I14M10D30M1I11M2D11M1I13M7I8M2I4M2D8M1D16M4I10M5D5M5D8M3D2M2D12M1D28M6D6M3I4M7I3M2I4M2I13M2I7M
A0A8T9AZC4_taxID_1316785_model_A	B2ZB02_ref_A	67	320	322	6	286	6.152E-01	26M4I2M4I15M10D25M4D7M6D11M1I8M11D6M2D8M1D16M4I14M10D8M3D3M2D10M1D30M3I4M5I8M4D7M4I13M2I6M
A0A9Q8WG05_taxID_145971_model_A	B2ZB02_ref_A	26	327	328	6	286	5.612E-01	22M11D7M2D7M1I3M5I11M3D11M1D3M2I27M4I19M1D12M4I3M2I5M2D12M1I5M3I5M13D5M6D6M4I39M13I2M3I4M11I7M1I5M4I16M2I6M
A0AAD5T3C3_taxID_109957_model_A	B2ZB02_ref_A	20	330	645	1	286	3.573E-01	5M1I27M9I2M2I9M1D6M8I9M5D19M3I11M2D28M2I8M1D10M6I10M2D3M2D17M4I4M3I4M9D1M7D10M3I36M2I3M8I18M1I10M2I7M
A0ABD3FX43_taxID_2107226_model_A	B2ZB02_ref_A	21	265	493	6	242	3.057E-01	41M10D6M3I2M1D19M3I15M7D7M1D4M4I3M1I9M1I6M1D13M3D6M10I4M8I4M5I21M2I8M5D16M1D24M
A0A0C2HHH6_taxID_51022_model_A	B2ZB02_ref_A	102	351	370	6	280	5.532E-01	38M2I4M10D59M6D8M17D11M3D11M1I5M11I3M1I4M3D5M10D44M7I1M1D2M2I20M1I10M
A0A0W8C3R7_taxID_4792_model_A	B2ZB02_ref_A	5	212	485	37	241	2.506E-01	9M4D6M2D5M1I24M3I11M6I9M2D5M5I6M12D2M2D6M1D5M1I5M2D5M14I4M1I3M10I11M10D8M1D3M1I2M2D14M1D23M
A0A177DSJ1_taxID_5599_model_A	B2ZB02_ref_A	2	238	292	1	243	6.465E-01	33M8I14M10D29M1I12M2D11M1I7M8I16M3D6M3I2M1D17M5I14M12D6M1D5M2D13M1D26M
A0A1L9PZT9_taxID_1036611_model_A	B2ZB02_ref_A	68	360	364	6	287	6.163E-01	28M8I15M10D24M1I16M2D11M1I13M15I8M1D2M1D7M2I2M1D7M1D4M4I9M1I6M1I4M10D11M5D15M1D25M3I3M1D2M4D6M6I6M4I14M2I7M
A0A2A2KWS8_taxID_2018661_model_A	B2ZB02_ref_A	78	351	524	6	286	4.111E-01	37M9D4M3D58M2D2M2D2M2I7M2D5M2D3M2D17M1I12M10I7M10D5M1D5M3I43M7I25M1I10M2I6M
A0A3F3Q782_taxID_1341132_model_A	B2ZB02_ref_A	1	237	863	1	244	2.032E-01	29M10I4M5I10M5D5M8D45M3I10M1I2M3I5M2I2M3D6M3D5M8I11M5D5M1I14M10D10M6D41M
A0A6A5RAM1_taxID_1150837_model_A	B2ZB02_ref_A	50	377	585	6	297	2.784E-01	26M8I20M1I3M1I5M5I21M14I6M5I16M16D2M1D6M9D5M2I9M3I3M2D5M12I3M10I2M16I11M13D6M1D3M2D5M1D3M3D9M3D23M11I10M2D8M6I18M5D6M
A0A7S2EUW0_taxID_49249_model_A	B2ZB02_ref_A	227	527	996	6	287	1.841E-01	29M13I9M7D5M2D26M6I11M2D19M1D5M21I10M6D3M1I2M6D11M6D10M3I7M2D5M4D4M6D42M19I5M3I14M5D18M
A0A913XYY6_taxID_2652724_model_A	B2ZB02_ref_A	1	234	312	14	276	6.303E-01	18M4I8M1I9M10D37M1I17M1I9M1D24M1D6M2D5M1D12M6D6M2D10M6D16M1D22M3D12M3D16M
A0A918SV45_taxID_543356_model_A	B2ZB02_ref_A	19	316	413	6	297	4.201E-01	6M1D25M7I13M26I10M4D17M2I14M4D6M9D5M2D8M4I16M7D8M2D6M2D7M1I6M5D2M2D3M3I2M6D11M2I38M8D5M8I22M4I4M1I6M
A0A9Q8LKP3_taxID_5499_model_A	B2ZB02_ref_A	86	370	372	6	286	6.040E-01	26M8I2M2I15M10D23M1I17M2D11M1I13M7I10M2D11M1I10M1I6M4I15M9D1M1D9M5D13M1D31M6I3M1I7M2D7M4I19M
A0AAD7J5J2_taxID_1033252_model_A	B2ZB02_ref_A	13	379	576	1	296	3.042E-01	3M2D15M1I8M6I15M1D5M1I6M3I4M8I23M9I3M10I10M23D7M2D11M2I9M5I8M6I4M4I4M11I2M16I11M6I10M1D2M4D4M6D9M7I36M1D3M3I9M7I7M1I3M5I25M
A0AAV1T0B6_taxID_2874970_model_A	B2ZB02_ref_A	29	270	498	6	242	2.999E-01	37M7D5M3D5M3I2M1D19M3I13M1I2M4D8M5D2M4I3M1I9M1I8M3D11M1D6M10I4M13I12M1D19M5D17M1D24M
A0ABQ6N7K7_taxID_2962635_model_A	B2ZB02_ref_A	42	294	382	6	243	4.545E-01	21M7I2M2I6M4I11M11D36M4D3M4D13M1I7M1D8M1D7M7I2M18I2M8I9M5D18M13D12M1D10M8I31M
A0ABR4NDE5_taxID_2732419_model_A	B2ZB02_ref_A	47	320	500	6	286	3.520E-01	25M6I3M4I9M3I6M14D23M1I13M2D9M2D9M13D12M8I2M1D4M7I8M2I8M2D9M2D3M5D6M3D3M2D43M25I5M19D9M2I7M
A0ACD1IG11_taxID_1448317_model_A	B2ZB02_ref_A	27	317	318	6	287	5.979E-01	26M7I2M3I15M10D24M8I7M3I12M2D14M1I3M4I3M6I6M6I3M2D4M1I10M1I5M2D16M13D11M3D2M3D36M13D7M1I2M2D7M16I10M2I7M
G3JPN7_taxID_983644_model_A	B2ZB02_ref_A	82	312	365	6	244	5.322E-01	26M5I2M3I15M10D24M1I16M2D12M1I12M6I8M2D13M1I9M1I7M4I15M10D7M3D3M2D16M1D24M
T0KJ59_taxID_1237896_model_A	B2ZB02_ref_A	3	284	296	32	278	5.980E-01	15M10D29M1I13M2D8M2I10M11I6M1I1M10I9M2D4M8I7M10I6M3I4M4D11M1I7M2D4M4D29M1I26M1I4M7I9M3D1M2I6M4I11M
W2PY30_taxID_761204_model_A	B2ZB02_ref_A	35	273	546	3	241	2.839E-01	32M3D8M6D11M1I24M3I11M6I9M2D5M5I6M12D2M2D6M1D5M1I5M8I6M4I5M1I3M10I10M10D9M1D3M1D17M1D23M
A0A093H736_taxID_441894_model_A	B2ZB02_ref_A	127	465	522	6	297	4.773E-01	21M19I7M9I18M1I3M3I29M2I15M5D13M1D9M1I5M2D9M12I17M1D39M5I2M3I47M1I21M2I7M1I10M3D8M
A0ACC2U767_taxID_34485_model_A	B2ZB02_ref_A	16	285	291	1	297	7.893E-01	5M1I26M3I2M3I14M10D41M2D32M2D4M2D6M1D30M10D8M1D1M5D11M3I4M1D31M1I6M3D2M2I20M2I6M5D6M
M7UN52_taxID_1290391_model_A	B2ZB02_ref_A	90	368	370	6	286	5.958E-01	28M8I14M10D29M1I12M2D24M6I8M1D1M1D12M1I11M6I2M3D15M10D10M5D13M1D31M9I8M4D5M4I21M
W3WIK4_taxID_1229662_model_A	B2ZB02_ref_A	29	339	340	2	288	6.058E-01	3M2I26M4I3M6I6M2D6M2D2M6D29M1I38M1D7M2D3M1I6M1I4M1I6M2I6M4D13M13D6M1D6M1D21M3I18M21I11M7I4M1I1M2D7M4I11M3I5M1I5M
A0A080ZC49_taxID_1317066_model_A	B2ZB02_ref_A	4	255	450	33	270	3.161E-01	14M10D6M3I2M1D19M3I9M1I5M9D11M4I3M1I9M1I8M3D11M1D7M10I3M13I12M5I9M3D9M5D16M1D34M2I10M4I8M
A0A0V1EIF6_taxID_6337_model_A	B2ZB02_ref_A	129	458	573	1	296	2.889E-01	3M2D26M12I2M8I5M2I8M3D6M2D3M1D20M2I13M19I4M1I2M3D6M1D5M4D4M2D3M12D3M10D4M19I2M4D36M2I22M10I30M1I6M1D6M3I32M
A0A1N6ZK30_taxID_58117_model_A	B2ZB02_ref_A	27	280	280	4	297	8.104E-01	44M10D41M2D33M2D3M2D6M1D30M6D2M4D9M6D13M1D29M3D4M1D5M1I27M3D7M
A0A2L2TIX2_taxID_56646_model_A	B2ZB02_ref_A	9	256	313	1	246	5.985E-01	11M1I4M1I18M8I15M10D31M1I9M2D11M1I10M3I4M5I6M2I10M1D1M5I4M1I11M6I2M3D14M10D10M5D14M1D29M
A0A443HXX0_taxID_264951_model_A	B2ZB02_ref_A	79	365	369	2	286	5.968E-01	30M3I2M5I15M10D24M1I16M2D12M1I12M4I10M2D11M1I6M1D7M5I16M10D8M5D18M1D26M5D7M1D2M13I6M4I14M2I6M
A0A654M5U9_taxID_1353260_model_A	B2ZB02_ref_A	8	245	368	6	242	4.521E-01	28M18I11M12D39M5D4M2D10M1I2M3I5M2I7M3D9M10I11M7I14M2D8M10D10M6D39M
A0A6G0WB52_taxID_100861_model_A	B2ZB02_ref_A	53	294	525	6	255	3.186E-01	36M8D37M3I7M5I9M2I9M2D7M12D2M2D5M1D6M1D3M1D5M10I4M9I15M9D14M2D13M1D27M2I12M
A0AAJ0DVU7_taxID_1209916_model_A	B2ZB02_ref_A	156	487	488	6	286	4.300E-01	23M9I5M4I13M10D29M1I13M2D8M2I10M11I6M11I7M6I16M10I6M3I4M4D11M1I5M9D2M1D7M4I22M1I29M1D12M8I4M2I6M2I7M3I9M
A0ABM1VVY2_taxID_6500_model_A	B2ZB02_ref_A	89	330	597	5	286	3.646E-01	29M4I10M4D4M6D41M2D19M2D13M9D4M3I6M2D4M1D17M10D10M6D14M1D28M4D8M1D21M1I6M
A0ABR2W902_taxID_34480_model_A	B2ZB02_ref_A	31	277	294	6	297	5.629E-01	42M10D43M2D7M12D10M20D8M8I3M6I3M5I12M10D7M2D16M5D38M10D10M11I11M4D7M
E9FAB7_taxID_655844_model_A	B2ZB02_ref_A	20	314	314	6	286	6.687E-01	27M8I14M1D2M9D28M1I12M2D20M5I3M1I9M2I6M2I8M3I7M1D9M4I14M10D9M5D14M1D26M19I10M8D6M4I14M2I6M
T0S9R0_taxID_1156394_model_A	B2ZB02_ref_A	45	297	495	6	257	3.492E-01	37M4I3M12D29M3I12M6I7M1I5M12D11M2D5M1D6M25I5M7D2M4I2M3I9M1I4M11D5M1I4M3D2M2D39M3I15M
A0A091M3M6_taxID_54380_model_A	B2ZB02_ref_A	123	447	504	1	294	4.766E-01	4M1D20M19I8M9I13M1D9M5I27M2I15M5D13M1D10M1I4M2D9M3I3M4I9M1D40M6D11M1I36M1I21M2I7M1I18M
A0A0V1AAJ2_taxID_990121_model_A	B2ZB02_ref_A	150	452	838	1	287	2.743E-01	33M5I9M2D5M2D2M5D13M12I4M21I41M1I2M6D8M1D4M1I8M3D11M1D16M5D5M1D8M1D6M5D36M5I14M1I23M2I7M
A0A1V9YYD2_taxID_1202772_model_A	B2ZB02_ref_A	39	292	499	6	257	3.496E-01	37M4I3M12D29M3I12M6I7M1I5M12D8M1I4M2D5M1D5M25I5M2D5M1D3M3I9M4D7M4D4M1D4M3D2M2D39M3I15M
A0A2V1D8S9_taxID_97972_model_A	B2ZB02_ref_A	1	235	287	1	244	6.725E-01	3M1D29M8I15M10D28M1I12M2D11M1I13M8I10M2D12M1I12M5I1M2D14M10D8M3D3M2D13M1D27M
A0A3R7FX46_taxID_325452_model_A	B2ZB02_ref_A	3	320	448	35	296	3.298E-01	11M4D5M3D5M3I2M1D12M3I21M7D8M1D4M4I3M1I9M1I4M2D4M1D11M1D6M10I4M13I11M3I5M1I6M2D9M5D16M1D34M2I6M13I5M2D5M8I10M16I2M10I4M2D8M
A0A919RHA1_taxID_1367973_model_A	B2ZB02_ref_A	140	385	385	5	285	5.015E-01	42M6D6M1D43M4D17M9I10M2I3M1D20M21D3M6D5M7D7M1I10M1D22M2D6M2D9M3D7M6I14M1I3M
A0A9Q3GXD1_taxID_1389203_model_A	B2ZB02_ref_A	139	390	419	6	252	4.462E-01	26M7I2M3I14M10D29M1I11M2D12M3I13M7I8M2I4M6D4M1D12M3I2M5I11M8I11M11D2M1D41M3D11M
A0AA38RAI0_taxID_41990_model_A	B2ZB02_ref_A	13	261	271	34	278	6.895E-01	13M10D29M1I13M2D11M1I13M6I10M1I5M3I8M3I16M4I15M10D7M3D3M2D12M1D36M9I12M2I4M2I10M
A0AAD5U3C8_taxID_447962_model_A	B2ZB02_ref_A	27	306	674	6	286	3.244E-01	22M4D15M11D4M2I22M2I10M2D14M2D10M8I3M5I3M1D4M1D2M1D1M2I4M3I5M1D8M3I20M5D2M5D9M5D46M5D6M3I2M4I4M2I3M3I3M5I16M
A0AAX6MJK2_taxID_292717_model_A	B2ZB02_ref_A	30	304	861	6	283	2.460E-01	28M8I14M10D41M2D11M1I11M4I2M4I7M2I5M2D8M1D6M1I4M7I3M3D14M9D2M1D6M3D3M2D5M11D28M10I19M1D3M5I13M
T0PKY7_taxID_1156394_model_A	B2ZB02_ref_A	35	283	512	6	257	3.334E-01	36M4I4M12D29M3I11M1I4M1I4M6I4M1D2M1D6M12D3M2D1M1I3M2D5M1I3M3D6M17I1M5I3M3I11M12D15M2D39M2I15M
A0A0C9SL04_taxID_944288_model_A	B2ZB02_ref_A	31	344	345	6	286	6.105E-01	26M13I2M9I14M10D24M1I17M2D9M1I2M3I20M2D5M2D6M1D6M7I6M2I4M5I14M11D28M1I4M11I36M13I5M7D13M2I5M
A0A175VYW1_taxID_100816_model_A	B2ZB02_ref_A	282	520	572	6	247	3.438E-01	26M10I2M3I13M11D4M1I27M1I10M2D8M2I15M2I11M2D2M1I4M2I5M1I6M2D19M12D6M1I25M2I30M
A0A1Y2CTW7_taxID_329046_model_A	B2ZB02_ref_A	25	118	414	6	101	1.890E-01	29M11I14M10D35M3D5M
A0A2Z5HVJ6_taxID_157652_model_A	B2ZB02_ref_A	55	346	486	6	294	3.194E-01	10M3I14M2I13M2D7M6I6M1D24M2I13M14D5M3D3M2D6M1I6M3D9M2D9M13I1M5D15M13I3M10D1M8D3M7I11M7I28M9D6M1D9M10I3M3I16M4D4M
A0A917QDB2_taxID_690164_model_A	B2ZB02_ref_A	34	298	498	7	286	3.502E-01	9M5I22M2I3M1D10M4I7M4D21M2I15M1I5M4D2M10D8M7D7M3I2M5I6M1D1M2D5M2I5M5I5M1D3M1D4M9D6M1I4M5D17M2I25M2D15M2I3M2D21M
A0A9P8G211_taxID_46634_model_A	B2ZB02_ref_A	103	323	324	6	286	4.765E-01	17M3I11M5I19M10D23M1I17M1D8M4D9M17D3M10D6M3D14M10D8M9D11M1D9M1D25M2I8M7D14M2I6M
A0A9W3BB61_taxID_6526_model_A	B2ZB02_ref_A	98	355	623	6	286	3.626E-01	28M5I14M10D63M5D10M3D3M1D2M3D8M2D5M1D14M1D6M2I4M1I1M1I3M11D44M3I1M2I12M1D18M1I7M
A0AAN7VN59_taxID_574655_model_A	B2ZB02_ref_A	77	317	368	1	249	5.408E-01	31M7I3M3I14M10D24M1I16M2D11M1I13M7I8M2D8M2I4M1D12M1I4M4I14M10D9M5D15M1D25M3D4M
A0AAV9WSZ8_taxID_2528407_model_A	B2ZB02_ref_A	66	402	632	6	286	2.813E-01	9M1D16M8I14M5I4M2D6M2I23M19I20M6D11M8D3M1D1M11D2M1I5M3I4M1I3M3I2M3I4M5I5M11I5M4I3M9I8M1I3M2D9M1D4M2D9M2I35M1D4M4I1M4I20M6I13M
A0ABV9FV84_taxID_1460226_model_A	B2ZB02_ref_A	110	379	560	6	291	3.185E-01	9M5I14M5I25M5D19M3I8M3I6M2D4M19D4M2D4M1D4M7D4M5I3M4I6M4D3M3I8M1I16M5D8M3D3M2D10M5I29M3D5M1D4M3I2M4I1M1I2M5D16M1I10M
F0XF66_taxID_655863_model_A	B2ZB02_ref_A	532	825	827	6	286	2.774E-01	27M8I15M10D29M1I12M2D9M1I15M8I8M2I11M1I5M1I5M2D6M2D4M8I11M10D13M2D13M1D25M3I9M1I8M1I8M2I3M3I10M2I6M
A0A0G2GB29_taxID_158046_model_A	B2ZB02_ref_A	25	379	666	6	286	2.611E-01	17M1I32M1I4M1I5M3D1M4D7M4I5M5I2M10I10M3D4M1D3M6D9M12I6M15I7M3D8M17I3M1D5M4I3M12I3M4D12M2D4M15I6M4D1M2I5M5D9M2I44M2I2M3D8M10I17M
A0A194XMC7_taxID_149040_model_A	B2ZB02_ref_A	35	322	324	6	286	6.736E-01	26M4I2M4I14M4D35M1I12M2D11M1I13M6I10M2D1M2I8M1D18M4I9M5D4M4D2M1D6M3D3M2D12M1D26M3D2M1D6M8I13M4I13M2I6M
A0A1R3VBN3_taxID_1631249_model_A	B2ZB02_ref_A	35	313	488	2	287	3.595E-01	3M1D9M4I14M2I24M6I6M5I3M11I25M2I5M2D13M2I6M3I10M19D4M8D10M4D2M1D12M4D10M5D13M2I27M1D11M4I5M6D6M3I17M
A0ABR0EHV5_taxID_395010_model_A	B2ZB02_ref_A	97	333	383	6	247	5.075E-01	26M4I3M6I14M10D30M1I10M2D11M1I13M7I10M2D6M2I4M1D6M1D9M6I14M10D11M5D10M1D33M
A0ABV6RIB9_taxID_553636_model_A	B2ZB02_ref_A	30	314	490	2	287	3.413E-01	2M2D5M1D27M3I12M4D5M26I3M4I21M2I12M4D7M7I4M8D5M6D5M1D3M1I8M5D9M6D13M2I5M5D8M6D11M2I30M1D4M2D4M5D3M5I7M3I17M
A0A016W324_taxID_53326_model_A	B2ZB02_ref_A	109	380	442	6	286	5.018E-01	38M2I2M8D2M2D57M3D14M2D6M2D5M2D9M3D12M1I5M9D10M1D6M9I45M5I7M4I2M1D12M1I10M2I6M
A0A093JA04_taxID_30455_model_A	B2ZB02_ref_A	127	446	503	6	294	4.710E-01	22M19I6M9I13M1D9M5I27M2I15M5D12M1D11M1I4M2D9M12I10M1I6M2D34M6D9M3D7M2D27M1I21M2I8M1I17M
A0A0V1DE70_taxID_45882_model_A	B2ZB02_ref_A	149	418	804	1	287	2.930E-01	32M5I10M2D5M2D2M5D58M1I2M6D8M1D4M1I8M3D11M1D16M5D5M1D8M1D1M5D41M5I13M1I24M2I7M
A0A1L9S434_taxID_1073089_model_A	B2ZB02_ref_A	27	310	310	1	286	7.269E-01	31M2I2M6I15M10D31M1I9M2D12M1I13M3I9M2D11M1I16M4I14M10D8M3D3M2D16M1D26M4I4M1D3M1I10M2I4M2I12M2I6M
A0A2C9KDQ8_taxID_6526_model_A	B2ZB02_ref_A	2	253	373	7	285	5.594E-01	9M2I16M3D11M5D2M5D63M5D7M2D2M2D6M3D8M2D5M1D14M1D9M3I2M1I3M11D44M3I1M2I11M1D19M3I6M
A0A365NE95_taxID_948311_model_A	B2ZB02_ref_A	19	244	314	16	242	5.511E-01	17M6I1M2I15M10D29M1I14M2D8M1I13M7I10M2I2M1I7M5I2M1D14M2D1M5I14M9D2M1D7M5D15M1D25M
A0A419QAV9_taxID_79923_model_A	B2ZB02_ref_A	124	472	476	6	297	4.856E-01	26M9I6M16I9M3I6M5I31M4I2M2I10M3D2M3D17M1D9M3I2M4I8M6I13M1D2M3D23M1I19M7I47M1I7M1I2M1D8M3I22M4I9M
A0A4Y8CCG2_taxID_38488_model_A	B2ZB02_ref_A	86	351	385	6	257	4.888E-01	27M9I4M1D10M10D25M1I16M2D11M1I7M1I7M5I9M2D5M2I5M1D10M6I3M3D14M9D2M1D6M9D6M4I9M12I5M4I23M7I10M
A0A5N7CL84_taxID_209559_model_A	B2ZB02_ref_A	21	376	775	1	286	2.430E-01	3M2D16M3I10M5I17M1I32M2I4M3I1M15I10M2D8M5D23M12I8M1D5M7I6M2D10M31I7M7I14M2I3M4D4M6D8M3I40M7D1M1I10M5I2M2I15M
A0A812BCK9_taxID_158019_model_A	B2ZB02_ref_A	101	361	866	3	286	2.658E-01	4M1D24M1I2M4I9M4D6M5D62M5D8M2D3M6D10M3D20M2I9M1D8M10D41M2I4M3I31M2I6M
A0A8S3QCE6_taxID_6550_model_A	B2ZB02_ref_A	36	301	415	3	286	5.065E-01	9M5I5M3D11M3I3M2I9M1I5M10D24M5D28M1D4M4D8M3D2M1D6M3D11M3D16M3I8M6D7M6D44M3I2M3I5M1D11M5I3M2I4M1I13M
A0A915C5Q4_taxID_6257_model_A	B2ZB02_ref_A	113	383	694	1	286	3.151E-01	2M3D39M3I2M11D59M1D3M2D4M1D5M2D3M6D5M2I6M2D6M1D13M9I19M10D38M2D11M12I12M2D10M2I6M
A0A9X0AXG5_taxID_352851_model_A	B2ZB02_ref_A	62	359	359	6	286	6.160E-01	26M4I2M4I15M10D23M5I3M12I14M2D11M1I10M3D1M9I7M2D13M1I6M1D9M4I14M10D8M3D3M2D13M1D30M3I4M1I8M1I5M2I6M2I10M2I6M
A0AAD5VMH3_taxID_56174_model_A	B2ZB02_ref_A	8	356	545	2	296	3.457E-01	9M6I3M2D10M1D20M1D5M8I3M3I4M8I21M4I5M15I10M1D24M4D10M14I2M1I5M2I6M2D4M2D1M4D12M1D5M7I3M3D11M9D8M2I35M11I5M3D13M1I3M5I25M
A0AAV9J8F3_taxID_1507867_model_A	B2ZB02_ref_A	93	396	396	6	286	5.526E-01	26M10I17M10D23M1I17M2D12M1I12M7I10M2D2M2I8M1D12M1I4M4I14M10D11M5D12M16I27M3D4M12I7M4D10M4I10M2I6M
A0ABN8LXN0_taxID_104178_model_A	B2ZB02_ref_A	66	324	326	6	286	6.106E-01	23M5I5M1D13M10D38M1I7M1D4M2I4M2I29M1I3M3D12M3D11M6D7M4D11M3D41M3I16M2D15M3D6M
A0ABR0H9K2_taxID_2093780_model_A	B2ZB02_ref_A	50	367	368	4	286	5.348E-01	24M7I6M5I12M4D2M6D32M1I9M2D8M2I10M13I5M8I8M3D6M15I3M1I4M1I6M3I2M2D3M3D9M6D6M3D8M10D9M1I34M12I8M4D3M2I7M2I8M5I8M
A0ABW2RRB3_taxID_2479363_model_A	B2ZB02_ref_A	105	393	564	1	295	3.260E-01	15M6I6M2I7M2I20M2I7M1D2M4D15M4I6M2I8M2D2M1D10M2I7M4D4M4D7M5I3M5D1M2I4M3D1M6D6M6D16M5D8M3D2M2D10M13I29M8D10M1D4M8I14M1I16M
A0A135V6Y1_taxID_1209931_model_A	B2ZB02_ref_A	135	434	435	6	286	4.299E-01	29M10D19M3I5M3D42M4I4M1I3M2D12M1D10M4I3M2I5M2D5M5D3M2I12M6D15M2D39M20I10M7I7M1I4M4I17M2I6M
A0A1I4X2F3_taxID_44574_model_A	B2ZB02_ref_A	27	279	494	6	243	2.728E-01	6M1D3M2I17M7I9M8I4M5I9M4I8M6I21M2I12M19D6M1D4M4I10M5D1M2I5M5D8M6D12M9D10M5D13M26I29M
A0A218Z9Z9_taxID_2795749_model_A	B2ZB02_ref_A	66	382	383	4	286	5.646E-01	28M10I2M3I10M1D4M9D32M1I6M3D10M2I10M2I2M21I12M1D12M8I3M1I5M2D4M1I14M13D56M1I6M8I8M1I2M2D3M2I4M2I13M2I6M
A0A368GCB1_taxID_29170_model_A	B2ZB02_ref_A	1	221	236	14	281	6.291E-01	30M1D3M2D4M5D57M3D5M3D3M4D3M18D6M3I12M6D3M1D3M7D5M1D4M3D4M5D31M7I23M1I5M1I8M
A0A420TE23_taxID_948311_model_A	B2ZB02_ref_A	23	308	308	2	286	6.289E-01	4M4I28M8I9M6D2M10D3M9D3M1D25M2D8M1I11M1I2M8I8M2I1M1D9M2I4M1I11M9I2M3D13M10D10M3D2M2D14M1D28M9I11M2D11M4I10M2I6M
A0A4S9Y8F5_taxID_5580_model_A	B2ZB02_ref_A	97	321	322	2	286	4.715E-01	21M3I11M5I14M10D28M1I10M5D11M6D3M9I3M11D1M5D2I2M22D3M3I10M10D8M9D13M1D7M1D29M2I4M7D14M2I6M
A0A5N5QEZ6_taxID_1582974_model_A	B2ZB02_ref_A	36	293	358	1	243	5.354E-01	31M9I2M13I14M10D24M1I17M2D11M3I20M2I5M6D4M1D6M4I4M6I6M5I9M2I5M6D2M4D7M1I5M2D40M
A0A6A3EYQ9_taxID_53985_model_A	B2ZB02_ref_A	1	236	494	14	247	3.101E-01	21M3D14M6D5M1I24M3I11M6I11M2D3M5I6M12D2M2D6M1D5M1I5M8I6M4I4M10I15M1D5M4D9M6D15M1D25M2I4M
A0A7S1T768_taxID_31354_model_A	B2ZB02_ref_A	59	279	290	6	246	6.207E-01	25M4I3M2I14M2D6M8D35M2D20M3D9M2D4M2D6M1D6M2D4M1D15M3D5M6D8M6D9M12I34M
A0A8H2VQV0_taxID_28548_model_A	B2ZB02_ref_A	84	359	359	6	286	6.264E-01	28M8I14M10D28M1I16M2D8M1I14M6I7M2D12M1I14M6I1M2D14M10D8M5D13M1D34M3I3M2D5M3D9M4I10M2I6M
A0A6A3MUA3_taxID_129364_model_A	B2ZB02_ref_A	1	243	494	14	256	3.133E-01	21M3D14M6D5M1I24M3I11M6I11M2D3M5I6M12D2M2D6M1D5M1I5M8I6M4I5M1I2M13I12M9D10M6D15M1D38M
A0A7J6UTM6_taxID_46969_model_A	B2ZB02_ref_A	130	423	592	1	294	3.058E-01	3M1D21M1I4M4I15M3D3M7I7M1D24M2I16M4D14M13D5M3D20M4D5M4I2M1I17M1D17M6I8M4I7M3I26M2I8M7D6M2I6M5I15M4D4M
A0A8H4CPR6_taxID_474922_model_A	B2ZB02_ref_A	1	330	331	8	286	6.288E-01	19M3I2M6I5M4I13M10D30M1I12M2D8M2I10M11I6M1I1M10I6M2D4M1I5M7I5M10I6M3I4M4D11M1I7M10D7M4I22M1I26M1I4M7I11M1D7M4I11M3I8M
A0A8H5UC91_taxID_48490_model_A	B2ZB02_ref_A	73	308	369	6	242	5.089E-01	27M6I1M2I15M10D23M1I17M2D11M1I12M4I1M3I8M2I10M6I3M1D14M2D1M5I14M9D3M1D6M5D15M1D25M
A0A8J7L7N4_taxID_2794033_model_A	B2ZB02_ref_A	78	405	597	2	287	3.202E-01	10M1D8M2I11M5I4M1D7M20I4M20I3M3I32M2I13M6D7M1D5M4D2M6D6M2D3M2D9M1D11M5D19M2D9M5D12M19I37M3I11M4I27M
A0A9N8KBE8_taxID_2773714_model_A	B2ZB02_ref_A	101	323	324	6	286	4.486E-01	10M2I1M1I17M5I13M1D5M9D24M1I25M5D5M3I6M14D3M19D15M10D8M9D8M3I11M3D29M2I4M7D14M2I6M
A0A9P7R9D2_taxID_1209932_model_A	B2ZB02_ref_A	156	487	488	6	286	4.241E-01	23M9I5M4I13M10D33M1I9M2D8M2I10M11I6M11I7M6I16M10I6M3I4M4D11M1I5M9D2M1D7M4I22M1I24M1I6M7I11M1D4M2I6M2I13M3I3M
A0AAD2E0S8_taxID_56036_model_A	B2ZB02_ref_A	3	211	393	13	236	2.796E-01	13M9D9M1D7M1I6M1D25M2I14M3D4M1I6M8D9M10D12M2D15M6I15M9D13M11I11M7I22M
A0AAI9XYD0_taxID_1209917_model_A	B2ZB02_ref_A	156	491	492	6	286	4.284E-01	23M9I5M4I13M10D30M5I12M2D8M2I10M11I6M11I7M2I9M4I7M10I6M3I4M4D11M1I5M9D2M1D7M4I22M1I30M8I11M1D4M2I6M2I7M3I9M
A0AAW0DCV9_taxID_2862362_model_A	B2ZB02_ref_A	79	399	400	6	286	5.529E-01	26M8I2M3I11M13D6M1D22M1I5M16I9M1I11M1I7M2I2M8I4M13I8M1D15M1I5M2D22M10D16M2I41M4I5M4I9M2D6M3I15M2I5M
A0A7H8RBQ9_taxID_121627_model_A	B2ZB02_ref_A	69	349	354	6	289	5.861E-01	22M8I6M2I18M9D22M1I16M2D11M1I13M6I8M1D2M1D11M1I6M1D5M5I15M1I3M10D8M16D33M3I11M1I14M6I11M2I9M
A0A8B9GJT5_taxID_7994_model_A	B2ZB02_ref_A	37	366	416	1	286	5.731E-01	3M2D20M19I8M9I13M5I8M4D25M2I15M5D13M1D9M1I5M2D9M12I10M1D48M8I45M1I4M1D18M2I7M1I10M
A0A8H4QR39_taxID_354080_model_A	B2ZB02_ref_A	420	651	702	6	246	2.823E-01	28M8I14M10D29M1I15M2D8M1I13M6I10M2D1M2I9M1D13M2I1M2I12M5D4M5D8M3D3M2D13M1D29M
A0A8U0BZL2_taxID_104660_model_A	B2ZB02_ref_A	107	365	405	4	286	4.950E-01	22M17D15M14I59M1I2M6D8M2D2M2D7M3D11M2D15M2I5M5D4M1D10M2D43M1D1M3I9M1D12M1I5M3D8M
A0A9D4JUB0_taxID_45954_model_A	B2ZB02_ref_A	90	366	528	1	286	4.312E-01	5M2I38M2I2M12D59M5D13M1D4M6D15M1I17M5I2M7D8M6D2M3I45M8I7M5I3M1D12M1I5M1I8M1I3M
A0A9R1N0A3_taxID_4565_model_A	B2ZB02_ref_A	2	288	448	13	296	3.661E-01	2M1I17M5I14M2I4M1D4M3I4M2D23M2I22M8D2M3D3M7D6M3D22M3D4M7I11M7I2M3I13M2I1M10D11M7I37M7D2M1I5M8I3M5I14M6D8M
A0AAE0LYH8_taxID_516989_model_A	B2ZB02_ref_A	56	288	289	6	286	5.079E-01	21M5D17M10D15M10D13M16D12M6I8M2I1M4I3M6D4M1D9M3D6M8I12M10D8M3D3M6D5M5D6M3D18M4D3M7I2M1I11M2I4M2I12M2I6M
A0AAN6N1G2_taxID_303347_model_A	B2ZB02_ref_A	47	380	381	4	286	5.279E-01	28M6I2M7I12M4D2M6D41M2D8M2I10M11I6M11I8M2I8M4I7M10I6M3I4M4D11M1I5M3D2M7D7M3I1M1I22M1I25M13I3M3D6M6I4M4D14M3I8M
A0AAX4IJG7_taxID_34406_model_A	B2ZB02_ref_A	86	369	369	6	286	5.892E-01	21M1I7M7I14M10D29M1I12M2D12M1I11M6I8M2D4M1I3M2D2M1I3M1I16M4I10M5D4M4D2M1D6M3D3M2D8M1D35M7I11M2D7M5I13M2I6M
A0ABN8MVN3_taxID_104759_model_A	B2ZB02_ref_A	61	320	322	5	286	6.551E-01	21M1D3M5I18M10D38M1I7M1D3M2I5M2I28M1I4M3D7M3D16M6D7M4D11M3D41M3I3M1D4M2D5M6D15M4I6M
A0A915C6W5_taxID_6257_model_A	B2ZB02_ref_A	127	397	708	1	286	3.177E-01	2M3D38M2I4M10D59M1D3M2D4M1D4M7D3M3I2M2D9M2D6M1D13M9I19M10D38M2D4M7I3M2I17M1I11M2I6M
A0A9P8MUU1_taxID_111463_model_A	B2ZB02_ref_A	108	333	338	4	235	5.328E-01	28M3I2M5I17M11D3M1I21M1I16M2D8M1I9M5I3M1I11M2D1M1I3M2I8M1I15M4I14M10D8M3D3M2D13M1D18M
A0AA87Y286_taxID_321983_model_A	B2ZB02_ref_A	28	271	514	3	252	3.061E-01	7M2D5M2I10M2I10M5I9M1I5M7I5M6I7M6I21M2I21M5I13M1D5M18D4M8D11M4D15M4D9M5D13M2I29M2D7M
A0AAN6E594_taxID_2486360_model_A	B2ZB02_ref_A	110	353	413	6	244	4.133E-01	28M14I14M1I3M11D24M1I13M2D12M1I8M2D2M9I8M8I4M12I11M1D2M3D4M6D14M10D11M5D13M1D27M
A0ABN8C0W3_taxID_134698_model_A	B2ZB02_ref_A	29	271	499	6	242	3.326E-01	38M1D4M9D5M3I2M1D20M3I8M1I12M8I6M2D3M4I23M2I7M5I6M1D9M1I13M6D6M5I9M5D16M1D24M
A0ABW9S031_taxID_396812_model_A	B2ZB02_ref_A	39	389	557	5	295	2.974E-01	15M1I9M6I15M2I6M3I1M9I8M6I23M15I15M8I16M1I11M2D6M1I16M1D6M2D4M6D10M10D10M5D11M24I45M6I3M1D10M2I12M4I4M1D7M
G2QVS9_taxID_578455_model_A	B2ZB02_ref_A	6	243	266	7	250	6.815E-01	30M5I8M4D5M4D1M1I24M1D4M1D13M2D8M1I12M3I1M3I10M1I9M5I5M1I14M3I11M5D4M4D2M1D6M5D13M1D33M1D2M
M3C9Q8_taxID_692275_model_A	B2ZB02_ref_A	42	402	642	2	286	2.445E-01	4M3I6M2I20M5I12M7I40M9I2M10I10M21D4M13D4M9I6M2I4M7I6M4I4M3I6M11I8M8I4M3I5M10D8M4I2M8I12M9I36M4I4M3I5M8I8M1I21M
A0A080ZC48_taxID_1317066_model_A	B2ZB02_ref_A	22	328	495	6	286	3.605E-01	38M1D4M9D5M3I2M1D19M3I9M1I6M4D8M5D2M4I3M1I9M1I8M3D4M2I5M3D6M10I4M13I12M4I10M2D9M5D16M1D34M2I10M4I7M3I3M5I10M4I4M
A0A0V0YE73_taxID_6337_model_A	B2ZB02_ref_A	136	420	807	3	286	2.874E-01	5M2I26M5I9M2D6M7D14M1D2M17I42M1I2M6D8M1D4M1I8M3D11M1D16M5D5M1D8M1D1M5D41M5I14M1I23M2I6M
A0A177T6E5_taxID_43049_model_A	B2ZB02_ref_A	77	405	406	2	286	5.289E-01	8M2I22M9I2M7I10M1D3M11D5M4D45M1I8M1D13M1I8M2I4M3I9M2I6M5I23M8D4M5I20M1D28M9I8M9I7M8I5M5I15M2I6M
A0A1Y6LLM1_taxID_1276529_model_A	B2ZB02_ref_A	61	346	347	6	286	6.068E-01	21M1I4M5I3M4I15M10D23M1I18M2I8M3D14M6I10M2D12M1I15M4I10M5D4M5D8M3D3M2D12M1D28M4D11M1I1M8I7M5I13M2I6M
A0A2T2PBL1_taxID_1448308_model_A	B2ZB02_ref_A	14	371	712	1	286	2.405E-01	5M3I6M2I17M6I24M1I4M4I3M1I21M12I5M7I9M3D6M1D14M18D12M3I6M9I5M4I3M3I3M7I4M12I7M7I6M7D8M3I4M2D9M2I36M12I2M5I36M
A0A4Z0YK01_taxID_37992_model_A	B2ZB02_ref_A	72	353	355	6	286	6.076E-01	26M3I2M4I15M10D27M1I13M2D11M1I13M6I8M2I4M2D8M1D10M7I3M3D14M10D8M3D3M2D13M1D30M5D2M10I10M2I4M2I9M2I9M
A0A673AW28_taxID_375764_model_A	B2ZB02_ref_A	116	447	524	6	290	4.587E-01	23M15I5M11I20M5I28M2I14M6D15M1D9M2D7M1I7M12I12M1I6M1I37M6D8M3D2M13I32M1I21M2I3M1I18M
A0A6P8I208_taxID_6105_model_A	B2ZB02_ref_A	287	548	603	6	294	3.609E-01	41M3D12M2D45M1I3M1I9M1D23M1D8M2D4M1D13M5D7M5D9M3D15M1D25M9D6M2I1M1I17M4I11M3D4M
A0A8H3BNH7_taxID_456999_model_A	B2ZB02_ref_A	52	390	395	1	287	5.349E-01	3M1I2M3I20M3D5M25I11M1D6M9D22M1I16M2D11M3I20M2I5M6D4M1D6M5I8M11I20M8D7M1D50M10I10M2D2M6I5M1D3M6I4M7I7M6I6M
A0A8H7I333_taxID_456999_model_A	B2ZB02_ref_A	36	345	353	4	278	5.885E-01	22M3D5M25I14M10D24M1I17M2D11M3I20M2I5M6D4M1D6M5I7M1I3M10I18M8D7M1D46M2I7M5I2M3I5M2D2M6I4M5I13M
A0A8W8J4S3_taxID_29159_model_A	B2ZB02_ref_A	42	278	552	5	286	3.861E-01	26M1I17M10D41M2D21M1D9M11D5M3I6M1D4M2D8M2D8M11D4M3D23M1D24M1I9M8D3M1I17M1I5M
A0A9P5BFG7_taxID_1803897_model_A	B2ZB02_ref_A	28	334	337	6	287	5.879E-01	26M10I3M3I13M10D45M5I9M1I7M8I6M15I19M3I3M1D6M1D19M13D4M1I4M2D3M1D6M1D3M2D1M7D26M12I10M7I5M4D15M1I2M1I5M
A0A4Z1EV38_taxID_87230_model_A	B2ZB02_ref_A	90	321	922	1	247	2.187E-01	3M3D27M8I14M10D32M1I9M2D11M1I13M6I7M2D14M1I6M1D9M4I14M10D11M5D4M1D35M2D2M
A0A8H3CDA8_taxID_456999_model_A	B2ZB02_ref_A	70	413	413	1	292	5.194E-01	3M1I2M3I20M3D5M25I11M1D6M9D21M1I17M2D11M3I20M2I5M6D4M1D6M5I7M1I3M10I18M8D7M1D50M10I10M2D2M6I5M1D3M6I7M7I4M6I11M
A0A8H5N7B6_taxID_751941_model_A	B2ZB02_ref_A	31	314	314	6	286	6.423E-01	28M8I15M2D4M8D39M2D8M1I10M5I2M4I9M1D10M5I13M10I3M4D10M5D6M5D7M3D2M2D10M2D4M2D1M7D19M2I13M5I6M4I13M2I6M
A0A8H7H065_taxID_456999_model_A	B2ZB02_ref_A	13	476	756	1	286	2.349E-01	3M2D15M2I31M36I7M4I22M11I5M11I4M2I5M1D4M1D8M2D7M1I16M3I2M6I3M1I2M17I3M14I5M9I26M24I21M1D7M4I9M2I34M12I6M9I5M9I11M6I9M2I9M
A0A9P6DJR5_taxID_5323_model_A	B2ZB02_ref_A	39	361	366	6	287	5.544E-01	24M10I4M9I14M10D11M1D20M1I9M2D11M3I8M4I13M7I4M6D4M1D16M8I14M1I1M3D3M5D5M6D14M1I5M10I27M1I4M5I14M2D4M15I10M2I7M
A0A9W9IRY5_taxID_69766_model_A	B2ZB02_ref_A	65	353	355	1	286	6.134E-01	5M3I28M8I12M2D2M8D41M2D11M1I13M1I1M5I7M2D14M1I6M2I9M4I9M6D3M7D13M2D13M1D30M3D9M7I5M2I4M2I18M
A0AAD9ARY9_taxID_1836956_model_A	B2ZB02_ref_A	188	524	525	6	286	3.937E-01	8M5I15M9I5M4I13M10D26M1I16M2D8M2I10M11I6M11I8M6I15M10I6M3I4M4D11M1I5M10D9M4I22M1I30M8I9M3D1M2I5M2I2M2I9M2D4M5I3M
A0AAV2T9N0_taxID_300641_model_A	B2ZB02_ref_A	165	558	669	6	287	3.757E-01	26M21I2M9I12M11I40M6I12M6D13M1D11M1I4M2D5M21I3M2I4M1D6M3I35M1I11M6I1M37I48M1I21M2I4M1I14M
A0ABR1TI72_taxID_335842_model_A	B2ZB02_ref_A	26	328	329	6	286	5.671E-01	26M7I2M3I15M5I8M7I5M2D23M1I8M6D12M1I10M1D9M2D3M1I9M1I1M1I6M11D14M11D11M7D40M21I5M7I7M1I8M4I13M2I6M
A0ABY7EU49_taxID_6604_model_A	B2ZB02_ref_A	75	327	445	2	286	4.879E-01	3M2I43M10D20M1D2M6D30M1I2M6D8M1D3M7D16M1D16M3I9M4D4M1I4M6D67M1I13M2I3M
A0A7M6DQE2_taxID_252671_model_A	B2ZB02_ref_A	32	411	428	6	296	3.965E-01	6M2I22M7I14M1I6M4I6M1I21M5I16M9I6M13I3M1I12M4D11M2I16M3D3M9I4M12I2M4D11M1D7M7I10M10D9M13I38M1I9M10I2M8I7M9I12M1I6M4D6M
A0A8H3W909_taxID_702518_model_A	B2ZB02_ref_A	60	355	356	6	286	5.953E-01	26M3I2M5I13M6D2M4D31M1I9M2D11M1I21M2I15M3I6M8I4M7I3M3D15M10D7M3D3M2D14M1D31M8I8M2D2M4I5M1D3M5I9M2I7M
A0A8H5GBV2_taxID_201217_model_A	B2ZB02_ref_A	12	396	532	1	286	3.302E-01	4M1D9M8I11M1D2M6I14M2D5M2D8M7I25M2I17M2I2M7I11M23I3M4I3M22I3M3D11M1I9M1D3M3D7M6D7M5D21M5I4M5I7M7I41M3I6M3I4M11I8M6I10M1I7M
A0A918T1K9_taxID_543356_model_A	B2ZB02_ref_A	31	314	493	5	287	3.556E-01	7M1D4M2I15M5I19M9I4M10I8M3I19M2I14M4D17M1D6M6D16M7D2M2D5M2D16M2I4M8D4M3I2M6D11M2I28M3D2M3I6M8D2M5I7M3I17M
A0A9N8PYA4_taxID_2773716_model_A	B2ZB02_ref_A	101	347	348	6	286	4.440E-01	17M3I11M5I14M10D28M1I13M7I13M9D4M30D6M3D14M10D8M9D9M9I9M16I3M1D29M2I4M7D8M2I12M
A0A9Q0B6Y1_taxID_1671311_model_A	B2ZB02_ref_A	156	487	488	6	286	4.332E-01	23M9I5M4I13M10D29M1I13M2D8M2I10M11I6M11I7M6I16M10I6M3I4M4D11M1I5M9D2M1D7M4I22M1I29M1D12M8I6M2I5M2I11M3I4M
A0AAE0D8U4_taxID_34407_model_A	B2ZB02_ref_A	1	331	332	7	286	6.268E-01	20M3I2M6I5M4I13M10D33M1I9M2D8M2I10M11I6M1I1M10I6M2D4M1I5M7I5M10I6M3I4M4D11M1I7M10D7M4I22M1I26M1I4M7I9M3D1M2I6M4I13M3I6M
A0AAN6LYU1_taxID_1892770_model_A	B2ZB02_ref_A	46	410	596	1	294	3.120E-01	3M2D16M1I13M1I12M5I6M3I6M1I27M19I10M4I16M1D2M2I2M12I7M8I4M5I10M3I9M5D24M1I4M2I5M4I3M5I6M9D4M3D40M10I9M2D9M7I25M
A0ABQ9PEH4_taxID_1209924_model_A	B2ZB02_ref_A	1	373	505	1	286	3.379E-01	2M3D9M10I4M2I4M1D5M2I22M2I4M5I5M1I22M3I12M3D6M3I9M2I18M26I5M3D9M8D22M3I4M4I2M7D14M5I11M10I4M7I28M11I10M4I5M2I8M10I17M
A0ACC3YJX9_taxID_5467_model_A	B2ZB02_ref_A	69	410	411	1	286	5.031E-01	5M5I21M1I2M8I5M4I13M10D33M1I9M2D8M2I10M12I7M10I7M6I15M10I6M3I4M4D11M1I5M10D9M4I24M1I28M8I9M3D1M2I5M2I5M2I9M3I6M
