accession	failed_step	rmsd	cu_cu_distance	cu1_assignment	cu1_dist_CuA	cu1_dist_CuB	cu1_plddt	cu1_coordination	cu2_assignment	cu2_dist_CuA	cu2_dist_CuB	cu2_plddt	cu2_coordination	global_plddt	hmm_coverage	n_coord_his	species	genus	family	order	phylum	superkingdom	CuA_His1	CuA_His1_ca_dist	CuA_His1_resnum	CuA_His1_coord_dist	CuA_His2	CuA_His2_ca_dist	CuA_His2_resnum	CuA_His2_coord_dist	CuA_His3	CuA_His3_ca_dist	CuA_His3_resnum	CuA_His3_coord_dist	CuB_His1	CuB_His1_ca_dist	CuB_His1_resnum	CuB_His1_coord_dist	CuB_His2	CuB_His2_ca_dist	CuB_His2_resnum	CuB_His2_coord_dist	CuB_His3	CuB_His3_ca_dist	CuB_His3_resnum	CuB_His3_coord_dist
A0A010RV53	step5_his_coordination	0.769	3.84	CuA	0.44	4.12	97.3	GLN:1,GLY:1,HIS:4,PHE:1,TRP:1	CuB	3.72	0.55	95.0	GLN:1,HIS:5,PHE:1	82.8		5	Colletotrichum fioriniae	Colletotrichum	Glomerellaceae	Glomerellales	Ascomycota		HIS	0.28	205		HIS	0.42	213		HIS	0.24	222		HIS	0.90	390		HIS	0.83	394		GLN	0.51	418	
A0A014N831	step5_his_coordination	0.692	3.74	CuA	0.37	4.16	96.3	HIS:4,PHE:2,TRP:1	CuB	3.56	0.53	94.6	HIS:5,PHE:2	76.6		5	Metarhizium robertsii	Metarhizium	Clavicipitaceae	Hypocreales	Ascomycota		HIS	0.43	141		HIS	0.46	149		HIS	0.22	158		HIS	0.12	293		PRO	0.98	297		HIS	0.45	319	
A0A016W215	step5_his_coordination	0.772	27.72	CuA	0.78	3.34	90.6	ALA:1,HIS:2,PHE:3,TYR:1	neither	28.17	24.68	57.5	GLU:1,HIS:1,THR:1	89.7		3	Ancylostoma ceylanicum	Ancylostoma	Ancylostomatidae	Rhabditida	Nematoda		HIS	0.54	70		HIS	0.21	80		SER	0.54	89		GLY	0.64	212		GLN	0.69	216		TYR	0.37	239	2.05
A0A016W324	step5_his_coordination	0.804	17.28	CuA	0.87	3.24	93.5	ALA:1,HIS:2,PHE:3,TYR:1	neither	17.93	17.00	64.6	ASN:1,GLU:1,HIS:1	88.9		3	Ancylostoma ceylanicum	Ancylostoma	Ancylostomatidae	Rhabditida	Nematoda		HIS	0.92	145		HIS	0.51	155		SER	0.46	164		GLY	0.76	287		GLN	0.86	291		TYR	0.30	314	1.28
A0A023GU59	step5_his_coordination	0.854	3.74	CuB	3.80	0.47	96.0	ARG:1,HIS:6,PHE:3	CuA	0.57	3.96	85.2	ARG:1,CYS:1,HIS:4,PHE:3	80.4		5	Litchi chinensis	Litchi	Sapindaceae	Sapindales	Streptophyta		HIS	0.53	183		ARG	0.97	204		HIS	0.37	213		HIS	0.20	335		HIS	0.41	339		HIS	0.45	369	
A0A024UGQ1	step5_his_coordination	0.828	24.93	CuB	4.14	0.33	95.9	HIS:3,PHE:3,TYR:2	neither	23.03	24.86	61.6	HIS:1,SER:1,VAL:1	78.1		4	Aphanomyces invadans	Aphanomyces	Verrucalvaceae	Saprolegniales	Oomycota		VAL	2.27	169		TYR	0.95	179	2.06	ASN	0.60	188		HIS	0.66	323		HIS	0.21	327		HIS	0.19	349	
A0A061GFI2	step5_his_coordination	0.728	5.36	CuA	1.37	3.34	59.6	ARG:1,CYS:1,HIS:3,ILE:1,PHE:2,TYR:2	neither	5.07	7.80	34.5	ASN:1,CYS:1,HIS:1,ILE:1,PHE:1,TYR:1	72.2		3	Theobroma cacao	Theobroma	Malvaceae	Malvales	Streptophyta		TYR	0.88	123	1.01	HIS	1.15	144		HIS	0.48	153		TYR	0.48	275	1.36	ARG	0.45	279		HIS	0.22	309	
A0A066RUA7	step5_his_coordination	0.915	4.18	CuB	4.03	0.38	92.7	HIS:6,PHE:2	CuA	0.95	4.18	85.2	CYS:1,HIS:3,PHE:2,TRP:1,VAL:1	80.0		5	Photobacterium galatheae	Photobacterium	Vibrionaceae	Vibrionales	Pseudomonadota		HIS	0.68	62		---	4.11			HIS	0.58	80		HIS	0.13	207		HIS	0.25	211		HIS	0.30	245	
A0A066X3Q1	step5_his_coordination	0.638	3.98	CuA	0.39	4.18	94.5	HIS:4,PHE:2,TRP:1	CuB	3.76	0.21	86.2	HIS:5,PHE:3,PRO:1	77.6		5	Colletotrichum sublineola	Colletotrichum	Glomerellaceae	Glomerellales	Ascomycota		HIS	0.50	138		HIS	0.51	146		HIS	0.23	155		HIS	0.27	278		PRO	1.32	282		HIS	0.50	304	
A0A066XSE1	step5_his_coordination	0.762	3.92	CuA	0.57	4.16	96.2	GLN:1,HIS:4,PHE:1,TRP:1,VAL:1	CuB	3.79	0.53	94.8	GLN:1,HIS:5,ILE:1,PHE:1,SER:1	84.5		5	Colletotrichum sublineola	Colletotrichum	Glomerellaceae	Glomerellales	Ascomycota		HIS	0.42	205		HIS	0.24	213		HIS	0.28	222		HIS	0.83	390		HIS	0.81	394		GLN	0.50	418	
A0A067CT24	step5_his_coordination	0.666	24.39	CuB	4.35	0.45	97.8	GLN:1,HIS:3,PHE:1,THR:1,TRP:1,TYR:2	neither	23.59	24.40	58.8	GLU:1,LEU:1,SER:2	84.7		3	Saprolegnia parasitica	Saprolegnia	Saprolegniaceae	Saprolegniales	Oomycota		LEU	1.38	71		TYR	1.02	81	2.62	SER	0.73	90		HIS	0.70	228		HIS	0.29	232		HIS	0.36	255	
A0A067CZT6	step5_his_coordination	0.621	4.41	CuA	0.16	3.99	96.9	HIS:4,PHE:1,PRO:1,TRP:1	CuB	4.39	0.47	86.7	HIS:3,LEU:1,PHE:2,SER:1,TRP:1	88.8		5	Saprolegnia parasitica	Saprolegnia	Saprolegniaceae	Saprolegniales	Oomycota		HIS	0.28	82		HIS	0.80	92		HIS	0.17	101		SER	0.62	242		HIS	0.45	246		HIS	0.36	269	
A0A072Q6Y5	step5_his_coordination	0.741	4.02	CuA	0.63	4.47	96.7	HIS:4,PHE:2,TRP:1	CuB	3.53	0.52	94.6	HIS:5,PHE:2	93.1		5	Exophiala aquamarina	Exophiala	Herpotrichiellaceae	Chaetothyriales	Ascomycota		HIS	0.37	11		HIS	0.59	19		HIS	0.26	28		HIS	0.52	160		PRO	1.20	164		HIS	0.47	186	
A0A074RWE6	step5_his_coordination	0.749	4.18	CuA	0.58	3.96	94.3	ASN:1,GLN:1,HIS:3,PHE:2,TRP:1	CuB	4.18	0.50	77.8	ARG:1,ASN:1,GLN:1,HIS:3,PHE:2	86.4		3	Rhizoctonia solani	Rhizoctonia	Ceratobasidiaceae	Cantharellales	Basidiomycota		HIS	0.52	119		GLN	0.71	127		HIS	0.51	136		ARG	0.77	275		GLN	0.65	279		HIS	0.23	302	
A0A074S9M8	step5_his_coordination	0.644	3.84	CuB	3.92	0.30	94.9	HIS:5,PHE:1	CuA	0.39	3.91	90.0	ARG:1,HIS:4,PHE:1,SER:1,TRP:1	85.7		5	Rhizoctonia solani	Rhizoctonia	Ceratobasidiaceae	Cantharellales	Basidiomycota		HIS	0.12	83		---	4.39			HIS	0.34	97		HIS	0.30	212		HIS	0.42	216		HIS	0.35	238	
A0A074SDG0	step5_his_coordination	0.661	4.38	CuA	2.24	2.54	85.4	GLN:1,HIS:3,PHE:2,TYR:2	neither	6.10	5.72	64.1	GLN:1,GLU:1,HIS:3,PHE:1,TYR:1	84.2		3	Rhizoctonia solani	Rhizoctonia	Ceratobasidiaceae	Cantharellales	Basidiomycota		TYR	0.49	73	0.96	HIS	0.71	81		GLN	0.51	90		HIS	1.15	216		VAL	0.90	220		ILE	0.26	242	
A0A074VI76	step5_his_coordination	1.212	16.57	neither	11.95	15.75	74.3	HIS:1	neither	16.10	16.61	76.3	ASP:1,HIS:1,SER:1	68.6		2	Aureobasidium melanogenum	Aureobasidium	Saccotheciaceae	Dothideales	Ascomycota		TYR	1.57	145	2.35	THR	0.86	153		ASN	0.37	162		ILE	2.04	247		PHE	1.65	253		GLN	0.66	269	
A0A074W682	step5_his_coordination	0.724	4.48	CuA	0.53	4.38	97.6	HIS:4,ILE:1,PHE:2	CuB	4.12	0.74	95.6	ASN:1,HIS:4,PHE:2	94.7		5	Aureobasidium melanogenum	Aureobasidium	Saccotheciaceae	Dothideales	Ascomycota		HIS	0.50	72		HIS	0.53	80		HIS	0.20	89		ASN	0.91	247		HIS	0.71	251		HIS	0.24	274	
A0A074W6F3	step5_his_coordination	1.557	16.77	neither	25.34	23.75	86.9	ALA:2,ASP:1,HIS:1,MET:1	neither	17.86	18.35	77.2	ASP:1,HIS:1,VAL:1	71.1		2	Aureobasidium namibiae	Aureobasidium	Saccotheciaceae	Dothideales	Ascomycota		TYR	1.29	145	2.53	THR	2.42	153		ASN	0.52	162		---	3.54			PHE	2.16	252		GLN	1.34	268	
A0A074XND5	step5_his_coordination	1.414	24.39	neither	24.77	23.21	86.6	ALA:1,HIS:1,MET:1,SER:1,TRP:1,VAL:1	neither	8.63	9.58	60.5	GLU:1,HIS:1,THR:1,TRP:1	69.4		1	Aureobasidium pullulans	Aureobasidium	Saccotheciaceae	Dothideales	Ascomycota		TYR	1.96	145	3.59	TRP	2.60	150		ASN	0.70	162		---	3.03			ALA	2.11	251		GLN	0.79	269	
A0A074YQS1	step5_his_coordination	1.319	29.61	neither	19.07	21.01	83.6	ASP:1,HIS:1,THR:1,TYR:1	neither	24.97	23.41	78.3	ALA:1,ASP:1,HIS:1,SER:1,TRP:1,VAL:1	69.6		2	Aureobasidium subglaciale	Aureobasidium	Saccotheciaceae	Dothideales	Ascomycota		TYR	1.87	145	3.06	TRP	1.90	150		ASN	0.54	162		ILE	2.60	246		ALA	2.20	250		GLN	0.79	268	
A0A075AEH4	step5_his_coordination	0.576	4.17	CuA	0.18	3.89	93.6	ALA:1,HIS:4,PHE:1,TRP:1,VAL:1	CuB	4.23	0.44	88.5	HIS:4,PHE:1,SER:1,TRP:1,VAL:1	73.6		5	Opisthorchis viverrini	Opisthorchis	Opisthorchiidae	Opisthorchiida	Platyhelminthes		HIS	0.44	39		HIS	0.17	68		HIS	0.35	77		ILE	1.46	278		HIS	0.19	282		HIS	0.32	305	
A0A077YX65	step5_his_coordination	0.901	25.14	CuA	0.72	3.45	95.7	HIS:3,LEU:2,PHE:1,SER:1,TRP:1	neither	25.76	24.82	70.0	GLU:1,HIS:1,MET:1	86.8		3	Trichuris trichiura	Trichuris	Trichuridae	Trichinellida	Nematoda		HIS	1.11	131		HIS	0.29	140		HIS	0.40	149		LEU	1.47	261		ARG	0.62	265		LEU	0.34	288	
A0A077ZFE0	step5_his_coordination	1.151	36.57	neither	5.97	7.47	47.5	ARG:2,HIS:1,TYR:1	neither	32.73	35.65	48.7	HIS:2,LYS:1,VAL:1	63.5		1	Trichuris trichiura	Trichuris	Trichuridae	Trichinellida	Nematoda		TYR	0.98	233	1.60	ASN	1.54	248		ASN	0.93	256		ILE	2.50	390		PHE	1.78	420		LEU	0.78	435	
A0A077ZGT3	step5_his_coordination	0.666	40.79	CuA	1.21	4.33	65.4	HIS:3,LEU:1,PHE:1,SER:1,TYR:2	neither	41.01	37.37	40.8	GLY:1,HIS:1	74.7		2	Trichuris trichiura	Trichuris	Trichuridae	Trichinellida	Nematoda		HIS	0.85	134		LEU	0.67	143		HIS	0.33	152		TYR	0.42	266	0.22	THR	0.57	270		HIS	0.19	293	
A0A080ZC48	step5_his_coordination	0.820	30.6	neither	23.46	20.78	65.1	ASN:1,ASP:2,CYS:1,GLY:1,LYS:1,TRP:1	neither	20.96	18.38	57.2	ASP:1,GLU:2,HIS:1,LYS:1,THR:1	89.7		0	Phytophthora nicotianae	Phytophthora	Peronosporaceae	Peronosporales	Oomycota		TYR	0.67	58	2.98	VAL	0.70	68		TYR	0.42	77	3.02	GLN	1.06	229		HIS	0.99	233		TYR	0.37	255	0.35
A0A080ZC49	step5_his_coordination	0.769	31.55	neither	23.88	21.17	66.1	ASN:1,ASP:2,CYS:1,GLY:1,LYS:1,TRP:1	neither	21.39	18.95	59.3	GLU:2,HIS:1,THR:1	89.4		0	Phytophthora nicotianae	Phytophthora	Peronosporaceae	Peronosporales	Oomycota		TYR	0.57	13	2.97	VAL	0.77	23		TYR	0.44	32	3.37	GLN	1.04	184		HIS	1.02	188		TYR	0.29	210	0.33
A0A080ZVP9	step5_his_coordination	0.611	21.66	CuB	4.25	0.41	97.6	HIS:3,PHE:1,SER:1,TYR:1	neither	23.43	21.60	73.7	HIS:1,PRO:1,TRP:1,TYR:1	85.5		4	Phytophthora nicotianae	Phytophthora	Peronosporaceae	Peronosporales	Oomycota		ALA	0.40	74		LEU	0.89	84		ASN	0.71	93		HIS	0.73	237		HIS	0.32	241		HIS	0.34	263	
A0A084AJL7	step5_his_coordination	0.640	3.71	CuA	0.56	4.32	92.6	HIS:4,PHE:2,THR:1,TRP:1	CuB	3.38	0.62	88.8	HIS:6,PHE:2,THR:1	77.4		5	Stachybotrys chartarum	Stachybotrys	Stachybotryaceae	Hypocreales	Ascomycota		HIS	0.64	149		HIS	0.41	157		HIS	0.32	166		HIS	0.79	289		PRO	1.08	293		HIS	0.49	322	
A0A084GDW0	step5_his_coordination	0.808	38.07	neither	22.71	19.13	79.5	ALA:1,ASP:1,HIS:1,THR:1,TYR:1,VAL:1	neither	34.62	34.42	57.7	GLU:1,HIS:1	73.3		2	Scedosporium apiospermum	Scedosporium	Microascaceae	Microascales	Ascomycota		ASN	0.54	244		---	3.56			TYR	0.28	263	1.56	PHE	1.05	388		ARG	1.22	392		GLN	0.55	416	
A0A084R1I5	step5_his_coordination	0.616	3.71	CuA	0.36	4.17	95.2	HIS:4,PHE:2,TRP:1	CuB	3.52	0.48	90.2	HIS:5,PHE:3	78.2		5	Stachybotrys chlorohalonatus	Stachybotrys	Stachybotryaceae	Hypocreales	Ascomycota		HIS	0.57	149		HIS	0.53	157		HIS	0.24	166		HIS	0.59	289		PRO	1.10	293		HIS	0.51	315	
A0A085M8H3	step5_his_coordination	0.661	40.98	CuA	0.98	4.21	65.2	HIS:3,LEU:1,PHE:1,SER:1,TYR:2	neither	41.24	37.69	40.2	ASP:1,GLY:1,HIS:1	75.0		3	Trichuris suis	Trichuris	Trichuridae	Trichinellida	Nematoda		HIS	0.70	166		LEU	0.46	175		HIS	0.33	184		TYR	0.33	298	0.31	THR	0.63	302		HIS	0.20	325	
A0A085NCJ6	step5_his_coordination	1.104	19.31	neither	31.81	31.30	51.8	GLN:2	neither	27.39	24.99	39.2	GLU:1,HIS:1	63.0		0	Trichuris suis	Trichuris	Trichuridae	Trichinellida	Nematoda		TYR	0.94	274	1.51	ASN	1.55	289		ASN	0.76	297		PHE	2.43	430		PHE	2.15	461		LEU	0.84	476	
A0A086T0Z5	step5_his_coordination	0.916	5.29	CuA	1.20	4.87	86.2	CYS:1,GLN:1,HIS:3,PHE:1,TRP:2	CuB	4.41	0.48	73.9	GLN:1,HIS:2,PHE:2,TRP:1	81.0		4	Hapsidospora chrysogena	Hapsidospora	Bionectriaceae	Hypocreales	Ascomycota		HIS	0.31	85		GLN	1.86	110		HIS	0.31	119		HIS	0.74	280		GLN	1.51	284		HIS	0.49	309	
A0A087UWG8	step5_his_coordination	0.601	15.74	CuB	4.70	0.89	81.7	HIS:2,ILE:1,LEU:1,PHE:1,SER:1,TYR:1	neither	11.07	14.95	66.4	HIS:2,PRO:1,THR:1,VAL:1	76.2		2	Stegodyphus mimosarum	Stegodyphus	Eresidae	Araneae	Arthropoda		TYR	0.37	71	1.66	ASN	0.60	79		ASN	0.87	88		SER	1.08	193		HIS	0.53	197		HIS	0.25	219	
A0A091EJM4	step5_his_coordination	0.464	3.34	CuA	0.28	3.81	96.7	ARG:1,HIS:5,PHE:1,SER:1,TRP:1	CuB	3.50	0.54	92.1	ARG:1,HIS:5,PHE:2	85.8		5	Corvus brachyrhynchos	Corvus	Corvidae	Passeriformes	Chordata		HIS	0.26	191		HIS	0.53	213		HIS	0.40	222		HIS	0.46	371		ARG	0.59	375		HIS	0.08	398	
A0A091IY37	step5_his_coordination	0.627	3.67	CuA	0.27	3.92	84.4	ASP:1,GLN:1,HIS:4,SER:1,TRP:1	CuB	3.58	2.32	51.0	ASP:1,CYS:1,GLN:1,HIS:4	80.8		4	Egretta garzetta	Egretta	Ardeidae	Pelecaniformes	Chordata		HIS	0.18	191		HIS	0.48	213		HIS	0.39	222		GLN	0.30	357		GLY	0.70	361		HIS	0.35	396	
A0A091L9M2	step5_his_coordination	0.728	3.59	CuA	0.45	3.64	94.5	ASP:1,HIS:4,PHE:1,PRO:1,SER:1,TRP:1	CuB	3.91	0.26	66.7	ASP:1,HIS:4,LEU:1,PHE:2	83.8		4	Cathartes aura	Cathartes	Cathartidae	Accipitriformes	Chordata		HIS	0.34	191		HIS	0.55	213		HIS	0.52	222		ASP	1.96	357	2.13	---	5.11			HIS	0.12	382	
A0A091M3M6	step5_his_coordination	1.100	30.85	CuA	0.41	3.67	83.8	CYS:1,HIS:4,SER:1,TRP:1	neither	31.13	29.53	27.9	ASP:1,GLN:1,LEU:1	78.5		4	Cariama cristata	Cariama	Cariamidae	Cariamiformes	Chordata		HIS	0.38	191		HIS	0.77	213		HIS	0.44	222		GLN	1.42	352		---	3.74			HIS	0.38	380	
A0A091Q771	step5_his_coordination	0.845	3.59	CuA	0.43	3.61	93.5	CYS:1,HIS:4,PHE:1,SER:1,TRP:1	CuB	3.94	0.14	54.1	ARG:1,CYS:1,GLN:1,HIS:3,LEU:1,PHE:2,VAL:1	83.1		4	Leptosomus discolor	Leptosomus	Leptosomidae	Leptosomiformes	Chordata		HIS	0.28	191		HIS	0.87	213		HIS	0.47	222		GLN	1.01	357		VAL	2.12	368		HIS	0.09	391	
A0A091TFJ5	step5_his_coordination	0.854	3.9	CuA	0.51	3.72	88.3	HIS:4,PHE:1,SER:1	CuB	4.18	0.39	66.3	ASP:1,HIS:3,LEU:1,PHE:2	80.0		4	Phaethon lepturus	Phaethon	Phaethontidae	Phaethontiformes	Chordata		HIS	0.46	100		HIS	0.61	122		HIS	0.38	131		ASP	1.80	266	4.45	---	4.28			HIS	0.16	293	
A0A091TMG5	step5_his_coordination	0.506	4.36	CuA	0.39	3.92	91.5	HIS:4,PHE:1,SER:1	CuB	4.42	0.51	85.4	HIS:4,LEU:1,MET:1,PHE:1	80.6		5	Pelecanus crispus	Pelecanus	Pelecanidae	Pelecaniformes	Chordata		HIS	0.38	92		HIS	0.42	114		HIS	0.27	123		MET	0.40	268	3.16	HIS	0.46	272		HIS	0.22	295	
A0A093CQX0	step5_his_coordination	0.539	3.7	CuA	0.39	3.69	84.7	HIS:4,SER:1	CuB	3.97	0.20	80.7	GLN:1,HIS:4,LEU:2,PHE:1	78.3		5	Tauraco erythrolophus	Tauraco	Musophagidae	Musophagiformes	Chordata		HIS	0.30	91		HIS	0.45	113		HIS	0.50	122		HIS	0.37	271		GLN	0.48	275		HIS	0.18	292	
A0A093H736	step5_his_coordination	0.531	3.19	CuA	0.39	3.79	97.1	HIS:5,PHE:1,SER:2,TRP:1	CuB	3.40	0.76	94.1	HIS:5,LEU:1,PHE:2	86.3		5	Struthio camelus	Struthio	Struthionidae	Struthioniformes	Chordata		HIS	0.35	191		HIS	0.56	213		HIS	0.39	222		HIS	0.34	371		LEU	0.17	375		HIS	0.14	398	
A0A093JA04	step5_his_coordination	0.878	4.02	CuA	0.52	3.50	92.4	HIS:4,PHE:1,SER:1,TRP:1	CuB	4.48	0.56	62.9	GLN:1,HIS:3,LEU:1,PHE:2	84.0		4	Fulmarus glacialis	Fulmarus	Procellariidae	Procellariiformes	Chordata		HIS	0.48	191		HIS	0.82	213		HIS	0.53	222		GLN	0.92	357		GLY	1.50	361		HIS	0.14	379	
A0A093R256	step5_his_coordination	0.509	3.49	CuA	0.42	3.87	89.5	HIS:4,PHE:1,SER:1	CuB	3.62	0.51	76.9	HIS:5,LEU:1,PHE:2,PRO:1	79.1		5	Phalacrocorax carbo	Phalacrocorax	Phalacrocoracidae	Suliformes	Chordata		HIS	0.37	90		HIS	0.51	112		HIS	0.37	121		HIS	0.12	265		PRO	0.66	269		HIS	0.20	292	
A0A099ZQM2	step5_his_coordination	0.529	3.38	CuA	0.47	3.74	97.5	HIS:4,PHE:1,SER:1,TRP:1	CuB	3.64	0.60	95.8	HIS:5,PHE:2,PRO:1	87.1		5	Tinamus guttatus	Tinamus	Tinamidae	Tinamiformes	Chordata		HIS	0.36	191		HIS	0.66	213		HIS	0.45	222		HIS	0.08	371		PRO	0.64	375		HIS	0.14	398	
A0A0A2X4S5	step5_his_coordination	0.621	4.34	CuB	3.77	0.23	96.2	HIS:7,PHE:3	CuA	0.74	4.50	86.1	CYS:1,GLN:1,HIS:4,PHE:1,TRP:1	87.4		5	Noviluteimonas dokdonensis	Noviluteimonas	Lysobacteraceae	Lysobacterales	Pseudomonadota		HIS	0.37	73		SER	1.95	109		HIS	0.27	122		HIS	0.47	228		HIS	0.22	232		HIS	0.29	257	
A0A0A7CM13	step5_his_coordination	0.684	4.02	CuA	0.78	3.86	94.8	ASP:1,HIS:3,ILE:1,PRO:1,TRP:1,TYR:1	CuB	4.14	0.38	79.6	HIS:3,SER:1,TRP:1,TYR:2	84.6		4	Thraustotheca clavata	Thraustotheca	Achlyaceae	Saprolegniales	Oomycota		HIS	0.46	75		ASP	1.06	85	3.27	HIS	0.08	94		SER	0.52	237		HIS	0.45	241		HIS	0.38	264	
A0A0A7CM93	step5_his_coordination	0.700	25.41	CuB	4.34	0.45	97.1	GLN:1,HIS:3,PHE:2,TYR:1	neither	25.13	25.47	78.1	ALA:1,ASP:1,HIS:1	84.5		3	Thraustotheca clavata	Thraustotheca	Achlyaceae	Saprolegniales	Oomycota		LEU	1.50	77		TYR	1.27	87	3.12	SER	0.50	96		HIS	0.69	232		HIS	0.21	236		HIS	0.46	259	
A0A0A7CMA7	step5_his_coordination	0.557	4.27	CuA	0.11	3.95	96.2	HIS:5,PHE:1,SER:1,TRP:1	CuB	4.28	0.40	82.7	HIS:4,PHE:1,SER:1,TRP:1	87.3		5	Achlya hypogyna	Achlya	Achlyaceae	Saprolegniales	Oomycota		HIS	0.24	75		HIS	0.70	85		HIS	0.14	94		SER	0.81	236		HIS	0.33	240		HIS	0.34	263	
A0A0A7CN79	step5_his_coordination	0.600	4.21	CuA	0.11	3.94	97.1	HIS:4,PHE:1,TRP:1	CuB	4.23	0.44	88.2	HIS:3,PHE:1,SER:2,TRP:1,TYR:1	87.1		5	Achlya hypogyna	Achlya	Achlyaceae	Saprolegniales	Oomycota		HIS	0.19	90		HIS	0.38	100		HIS	0.13	109		SER	0.75	251		HIS	0.35	255		HIS	0.35	278	
A0A0A7CP65	step5_his_coordination	0.747	27.97	neither	27.60	28.14	42.2	CYS:1,HIS:1	neither	12.25	13.45	30.3	ASP:1,HIS:1,PRO:1,TYR:1	74.4		2	Achlya hypogyna	Achlya	Achlyaceae	Saprolegniales	Oomycota		PHE	0.86	449		MET	2.18	456	2.76	ARG	0.11	465		LEU	1.31	603		HIS	0.44	607		PHE	0.20	630	
A0A0B2X1U6	step5_his_coordination	0.863	3.82	CuB	3.72	0.25	88.9	HIS:6,PHE:1,VAL:1	CuA	0.45	4.04	72.7	HIS:3,ILE:1,PHE:1,TRP:1,VAL:1	86.0		5	Metarhizium album	Metarhizium	Clavicipitaceae	Hypocreales	Ascomycota		HIS	0.66	81		LEU	0.91	114		HIS	0.54	128		HIS	0.30	281		HIS	0.36	285		HIS	0.42	310	
A0A0B7FL26	step5_his_coordination	0.693	4.06	CuA	0.84	3.86	94.1	ASN:1,GLN:1,HIS:3,PHE:2,TRP:1	CuB	4.15	0.61	81.8	ARG:1,ASN:1,GLN:2,HIS:2,PHE:1	79.4		3	Rhizoctonia solani	Rhizoctonia	Ceratobasidiaceae	Cantharellales	Basidiomycota		HIS	0.20	119		GLN	1.09	127		HIS	0.62	136		ARG	0.68	275		GLN	0.72	279		HIS	0.21	302	
A0A0C2HHH6	step5_his_coordination	0.836	17.29	CuA	0.99	3.28	91.5	ALA:1,ASN:1,GLN:1,HIS:3,PHE:2	neither	18.03	17.47	60.0	HIS:1,TRP:1	83.5		3	Ancylostoma duodenale	Ancylostoma	Ancylostomatidae	Rhabditida	Nematoda		HIS	1.03	138		HIS	0.40	148		ASN	0.53	157		GLY	0.69	266		GLN	0.86	270		HIS	0.45	293	
A0A0C2WPB2	step5_his_coordination	0.724	5.06	CuB	4.00	0.14	91.3	HIS:5,PHE:2	CuA	1.08	5.02	68.1	ASP:1,CYS:1,HIS:3,PHE:1,TRP:1	81.6		4	Serendipita vermifera	Serendipita	Serendipitaceae	Sebacinales	Basidiomycota		CYS	0.42	130	3.64	HIS	0.86	145		HIS	0.13	154		HIS	0.39	294		HIS	0.58	298		HIS	0.09	333	
A0A0C2XCT6	step5_his_coordination	2.042	4.45	CuB	5.38	2.42	84.9	ASN:1,HIS:5,LEU:1,PHE:2	CuA	3.99	5.04	55.2	ASN:1,HIS:3,ILE:1,PHE:1,TRP:1	80.3		5	Serendipita vermifera	Serendipita	Serendipitaceae	Sebacinales	Basidiomycota		ALA	1.30	69		---	4.41			VAL	2.53	129		HIS	1.73	339		HIS	1.55	343		HIS	1.75	368	
A0A0C3B6I5	step5_his_coordination	0.819	3.94	CuB	3.70	0.33	92.7	HIS:6,PHE:3	CuA	0.93	4.24	84.0	CYS:1,HIS:5,PHE:2,THR:1,TRP:1	80.8		5	Serendipita vermifera	Serendipita	Serendipitaceae	Sebacinales	Basidiomycota		HIS	0.62	57		HIS	1.50	84		HIS	0.52	93		HIS	0.16	268		HIS	0.28	272		HIS	0.25	303	
A0A0C9SL04	step5_his_coordination	0.762	4.94	CuA	0.59	4.43	95.2	HIS:4,MET:1,PHE:2	CuB	4.50	0.63	85.9	ARG:1,HIS:3,LEU:1,PHE:2	91.2		5	Plicatura crispa	Plicatura	Amylocorticiaceae	Amylocorticiales	Basidiomycota		HIS	0.71	89		HIS	1.15	97		HIS	0.27	106		ARG	0.37	242		HIS	0.57	246		HIS	0.43	281	
A0A0C9SRH3	step5_his_coordination	1.093	5.33	CuA	1.01	4.87	94.0	HIS:4,PHE:2,SER:1,TRP:1	CuB	4.41	0.54	85.4	ARG:1,HIS:3,LEU:1,PHE:2,SER:1	90.6		5	Plicatura crispa	Plicatura	Amylocorticiaceae	Amylocorticiales	Basidiomycota		HIS	0.54	89		HIS	0.82	97		HIS	0.33	106		ARG	0.33	242		HIS	0.60	246		HIS	0.42	281	
A0A0D2FU82	step5_his_coordination	0.910	4.12	CuB	3.87	0.14	89.9	HIS:5,PHE:2,TRP:1,TYR:1	CuA	0.91	4.19	79.7	CYS:1,HIS:4,PHE:2,TRP:2	71.7		5	Rhinocladiella mackenziei	Rhinocladiella	Herpotrichiellaceae	Chaetothyriales	Ascomycota		HIS	0.71	88		HIS	1.04	137		HIS	0.59	146		HIS	0.49	358		HIS	0.43	362		HIS	0.20	396	
A0A0D2M1N4	step5_his_coordination	0.736	26.23	CuA	0.81	3.88	95.0	HIS:3,PHE:2,TYR:1	neither	26.19	22.40	72.4	ASP:1,HIS:1,LEU:1,SER:1	89.2		3	Hypholoma sublateritium	Hypholoma	Strophariaceae	Agaricales	Basidiomycota		TYR	0.72	79	1.14	HIS	0.74	87		HIS	0.30	96		ALA	1.59	242		ARG	0.62	246		HIS	0.34	269	
A0A0D3HYU6	step5_his_coordination	1.010	4.23	CuB	3.96	0.41	80.3	HIS:3,PHE:1,THR:1,TYR:1	CuA	0.92	4.14	33.7	ARG:1,HIS:2,PHE:1,SER:1,THR:1,VAL:1	63.9		4	Emiliania huxleyi	Emiliania	Noelaerhabdaceae	Isochrysidales	Haptophyta		HIS	1.30	141		VAL	1.48	148		THR	1.24	153		HIS	1.06	445		HIS	0.47	449		HIS	0.40	473	
A0A0D6LZL4	step5_his_coordination	0.760	4.17	CuB	4.57	0.71	96.2	HIS:5,PHE:3,TYR:1	CuA	0.63	3.61	88.4	ALA:1,HIS:3,PHE:2,TYR:1	80.8		5	Ancylostoma ceylanicum	Ancylostoma	Ancylostomatidae	Rhabditida	Nematoda		TYR	0.78	142	1.35	HIS	0.16	152		HIS	0.23	161		HIS	0.71	276		HIS	0.60	280		HIS	0.19	303	
A0A0D6M6M4	step5_his_coordination	0.737	24.55	CuA	0.23	3.83	96.6	ALA:1,HIS:3,PHE:1,TRP:1,TYR:1	neither	24.72	23.85	55.5	GLU:1,HIS:1	79.0		4	Ancylostoma ceylanicum	Ancylostoma	Ancylostomatidae	Rhabditida	Nematoda		HIS	1.09	295		HIS	0.36	305		HIS	0.29	314		GLY	0.57	79		GLN	0.65	83		TYR	0.24	106	0.74
A0A0D9NQW1	step5_his_coordination	0.703	3.79	CuA	0.39	4.18	96.1	HIS:4,ILE:1,PHE:2,TRP:1	CuB	3.59	0.55	93.0	HIS:5,PHE:2	91.1		5	Metarhizium anisopliae	Metarhizium	Clavicipitaceae	Hypocreales	Ascomycota		HIS	0.46	64		HIS	0.46	72		HIS	0.23	81		HIS	0.13	216		PRO	1.00	220		HIS	0.47	242	
A0A0F4GBJ7	step5_his_coordination	0.696	4.03	CuA	0.19	4.14	89.8	HIS:4,PHE:2,TRP:1	CuB	3.85	0.40	89.5	HIS:5,PHE:2	67.8		5	Zymoseptoria brevis	Zymoseptoria	Mycosphaerellaceae	Mycosphaerellales	Ascomycota		HIS	0.63	122		HIS	0.59	130		HIS	0.12	139		HIS	0.19	278		PRO	0.75	282		HIS	0.38	304	
A0A0F5VAR5	step5_his_coordination	0.870	4.19	CuB	3.77	0.27	93.4	HIS:6,PHE:2	CuA	0.79	4.38	85.4	CYS:1,HIS:3,PHE:2,TRP:1,VAL:1	82.6		5	Photobacterium halotolerans	Photobacterium	Vibrionaceae	Vibrionales	Pseudomonadota		HIS	0.50	62		---	3.89			HIS	0.43	80		HIS	0.25	207		HIS	0.34	211		HIS	0.60	245	
A0A0F8A4E9	step5_his_coordination	0.846	4.36	CuB	3.91	0.06	97.2	HIS:6,PHE:2	CuA	0.94	4.40	93.3	CYS:1,HIS:4,PHE:2,PRO:1,TRP:1	81.2		5	Hirsutella minnesotensis	Hirsutella	Ophiocordycipitaceae	Hypocreales	Ascomycota		HIS	0.60	83		HIS	1.49	107		HIS	0.53	116		HIS	0.39	272		HIS	0.13	276		HIS	0.51	301	
A0A0G2GB29	step5_his_coordination	2.112	5.17	CuB	4.33	1.18	90.3	HIS:5,PHE:2,TRP:1	CuA	3.54	5.61	40.6	HIS:1,PHE:1,TRP:1	83.7		4	Phaeomoniella chlamydospora	Phaeomoniella	Phaeomoniellaceae	Phaeomoniellales	Ascomycota		ILE	2.82	67		---	5.15			---	3.50			HIS	0.58	286		HIS	1.06	290		HIS	1.20	315	
A0A0G4IUF0	step5_his_coordination	0.913	23.6	CuA	1.13	3.58	71.3	GLN:1,HIS:2,LEU:1,PHE:1,SER:1	neither	24.03	20.75	78.2	ASP:1,CYS:1,GLN:1,HIS:1	84.0		1	Plasmodiophora brassicae	Plasmodiophora	Plasmodiophoridae	Plasmodiophorida	Endomyxa		HIS	1.03	38		---	4.23			ASN	0.43	53		GLN	0.71	149		GLN	0.76	153		HIS	0.39	176	
A0A0G4N7R0	step5_his_coordination	0.710	3.79	CuB	3.27	1.20	91.9	HIS:5,PHE:1,TYR:1	CuA	0.74	4.59	87.5	HIS:4,ILE:1,PHE:1,TRP:1,TYR:1	72.7		5	Verticillium longisporum	Verticillium	Plectosphaerellaceae	Glomerellales	Ascomycota		HIS	0.51	139		HIS	0.53	147		HIS	0.25	156		HIS	0.66	318		TYR	0.88	322	1.20	HIS	0.30	345	
A0A0K6G359	step5_his_coordination	0.729	13.89	CuA	0.89	3.77	93.5	HIS:3,ILE:1,PHE:2,TYR:1	neither	13.73	17.47	70.3	GLN:1,HIS:1,THR:1	89.5		3	Rhizoctonia solani	Rhizoctonia	Ceratobasidiaceae	Cantharellales	Basidiomycota		TYR	0.50	72	1.30	HIS	0.75	80		HIS	0.39	89		HIS	0.85	215		ILE	0.88	219		LEU	0.41	241	
A0A0K6G3H3	step5_his_coordination	0.716	13.4	CuA	0.97	3.75	93.8	HIS:3,ILE:1,PHE:2,TYR:1	neither	13.18	16.93	73.6	HIS:1,THR:1	89.1		3	Rhizoctonia solani	Rhizoctonia	Ceratobasidiaceae	Cantharellales	Basidiomycota		TYR	0.47	72	1.24	HIS	0.71	80		HIS	0.38	89		HIS	0.91	215		ILE	0.85	219		LEU	0.39	241	
A0A0K6GCM0	step5_his_coordination	0.820	11.39	CuB	3.75	0.32	93.4	ASN:1,HIS:7,LEU:1,PHE:2	neither	9.03	11.69	67.5	ALA:1,ARG:2,CYS:3,HIS:1	85.6		3	Rhizoctonia solani	Rhizoctonia	Ceratobasidiaceae	Cantharellales	Basidiomycota		HIS	0.81	64		HIS	1.00	92		HIS	0.25	101		HIS	0.28	329		HIS	0.22	333		HIS	0.51	358	
A0A0L0NB41	step5_his_coordination	0.780	3.86	CuA	0.34	4.07	96.4	HIS:4,PHE:2,TRP:1	CuB	3.75	0.21	93.5	HIS:5,LEU:1,PHE:2	90.5		5	Tolypocladium ophioglossoides	Tolypocladium	Ophiocordycipitaceae	Hypocreales	Ascomycota		HIS	0.52	69		HIS	0.34	77		HIS	0.29	86		HIS	0.42	209		PRO	1.53	213		HIS	0.40	235	
A0A0L0VSP3	step5_his_coordination	0.809	3.81	CuA	0.41	3.91	83.6	CYS:1,HIS:4,ILE:1,PHE:1,TYR:1	CuB	3.79	0.73	62.1	CYS:1,HIS:4,ILE:1,MET:1,TYR:1	68.7		5	Puccinia striiformis	Puccinia	Pucciniaceae	Pucciniales	Basidiomycota		HIS	0.39	169		HIS	0.37	177		HIS	0.35	186		HIS	0.77	331		HIS	0.58	335		TYR	1.23	347	5.14
A0A0L0VSW2	step5_his_coordination	0.807	3.87	CuA	0.59	4.08	90.5	HIS:4,ILE:1,PHE:1,TYR:1	CuB	3.73	0.59	79.0	HIS:3,TYR:1	82.2		5	Puccinia striiformis	Puccinia	Pucciniaceae	Pucciniales	Basidiomycota		HIS	0.30	109		HIS	0.65	117		HIS	0.41	126		HIS	0.66	271		HIS	0.43	275		TYR	1.31	287	4.37
A0A0L6VTF1	step5_his_coordination	0.720	4.6	CuA	0.63	4.42	87.4	ARG:1,HIS:3,MET:1,PHE:1,TRP:1	CuB	4.06	1.47	65.8	ARG:1,HIS:3	62.3		5	Puccinia sorghi	Puccinia	Pucciniaceae	Pucciniales	Basidiomycota		HIS	0.61	129		HIS	0.29	137		HIS	0.45	146		HIS	0.80	326		HIS	0.93	330		MET	0.70	369	5.13
A0A0L8FGF3	step5_his_coordination	0.843	25.54	neither	25.68	22.22	42.9	HIS:1,PRO:1,SER:2	neither	19.28	19.92	23.4	HIS:1,LYS:1	77.4		2	Octopus bimaculoides	Octopus	Octopodidae	Octopoda	Mollusca		TYR	0.79	198	0.21	SER	0.58	206		HIS	0.67	215		LEU	1.59	322		GLN	0.50	326		VAL	0.36	348	
A0A0L8ICD6	step5_his_coordination	0.660	29.74	CuB	2.91	1.89	42.9	ALA:1,GLN:1,HIS:3,MET:1,PHE:1,TYR:2	neither	29.25	29.04	23.3	ASP:1,HIS:1,LYS:1	70.6		3	Octopus bimaculoides	Octopus	Octopodidae	Octopoda	Mollusca		TYR	0.61	668	0.40	HIS	0.35	676		HIS	0.62	685		ALA	1.46	788		HIS	0.63	792		GLN	0.28	814	
A0A0L8IDI7	step5_his_coordination	0.621	29.9	CuB	2.90	1.27	46.0	ALA:1,GLN:1,HIS:3,MET:1,PHE:1,TYR:2	neither	30.00	29.97	20.4	ASP:1,CYS:1,HIS:1	70.4		2	Octopus bimaculoides	Octopus	Octopodidae	Octopoda	Mollusca		TYR	0.54	663	0.37	HIS	0.39	671		HIS	0.55	680		ALA	1.46	783		HIS	0.61	787		GLN	0.19	809	
A0A0M3IG66	step5_his_coordination	0.740	3.55	CuA	0.48	3.88	94.6	ALA:1,HIS:4,PHE:2,TRP:1	CuB	3.71	0.75	87.2	HIS:6,LEU:1,PHE:2	51.3		5	Ascaris lumbricoides	Ascaris	Ascarididae	Rhabditida	Nematoda		HIS	0.22	577		HIS	0.53	587		HIS	0.27	596		HIS	0.32	718		LEU	0.39	722		HIS	0.41	745	
A0A0M3IJ33	step5_his_coordination	0.674	3.96	CuA	0.80	3.39	81.4	ALA:1,GLN:1,HIS:3,PHE:2,TYR:1	CuB	4.59	0.75	68.1	GLN:2,HIS:4,PHE:3,TYR:1	82.4		3	Ascaris lumbricoides	Ascaris	Ascarididae	Rhabditida	Nematoda		TYR	0.35	151	1.18	HIS	0.42	161		HIS	0.33	170		GLN	0.49	291		GLN	0.62	295		HIS	0.15	318	
A0A0N4SWM8	step5_his_coordination	0.734	3.5	CuA	0.34	3.73	96.9	ALA:1,HIS:4,PHE:2	CuB	3.75	0.52	89.7	HIS:5,LEU:1,PHE:2	64.4		5	Brugia pahangi	Brugia	Onchocercidae	Rhabditida	Nematoda		HIS	0.28	381		HIS	0.28	391		HIS	0.18	400		HIS	0.33	521		LEU	0.31	525		HIS	0.27	548	
A0A0P1ANE6	step5_his_coordination	0.897	35.13	neither	24.41	21.74	60.0	ASN:2,CYS:1,GLU:2,TRP:1	neither	43.35	39.48	50.2	GLU:1,HIS:1,LYS:1,SER:1,TYR:1	89.6		1	Plasmopara halstedii	Plasmopara	Peronosporaceae	Peronosporales	Oomycota		TYR	0.68	58	2.07	VAL	0.78	68		TYR	0.45	77	3.23	GLN	1.15	221		HIS	0.89	225		TYR	0.46	247	0.43
A0A0R3QQ18	step5_his_coordination	0.780	3.63	CuA	0.54	3.89	95.2	ALA:1,HIS:4,PHE:2,TYR:1	CuB	3.78	0.72	88.9	HIS:5,LEU:1,PHE:2,TYR:1	67.7		5	Brugia timori	Brugia	Onchocercidae	Rhabditida	Nematoda		HIS	0.37	276		HIS	0.51	286		HIS	0.32	295		HIS	0.38	416		LEU	0.36	420		HIS	0.37	443	
A0A0R3RX42	step5_his_coordination	0.745	3.54	CuA	0.37	3.75	96.1	ALA:1,HIS:4,PHE:2	CuB	3.80	0.98	89.4	HIS:5,LEU:1,PHE:2	68.6		5	Elaeophora elaphi	Elaeophora	Onchocercidae	Rhabditida	Nematoda		HIS	0.35	367		HIS	0.40	377		HIS	0.27	386		HIS	0.45	507		LEU	0.58	511		HIS	0.28	534	
A0A0U1M3F3	step5_his_coordination	1.135	3.92	CuA	0.96	4.03	90.8	CYS:1,HIS:4,PHE:2,TRP:1,VAL:1	CuB	3.95	0.44	81.8	HIS:5,PHE:3,TYR:1	84.9		5	Talaromyces islandicus	Talaromyces	Trichocomaceae	Eurotiales	Ascomycota		HIS	0.85	67		HIS	1.24	90		HIS	0.58	99		HIS	0.74	322		---	3.51			HIS	0.19	362	
A0A0V0R8Y7	step5_his_coordination	0.884	43.9	neither	44.20	43.86	76.1	ASP:1,HIS:4,MET:1,VAL:1	CuB	4.01	0.15	75.5	ASN:1,HIS:4,MET:1,PHE:1,TYR:1	67.1		5	Pseudocohnilembus persalinus	Pseudocohnilembus	Pseudocohnilembidae	Philasterida	Ciliophora		SER	1.15	77		MET	0.62	86	4.21	HIS	0.18	95		ASN	0.96	212		HIS	0.32	216		HIS	0.26	239	
A0A0V0S806	step5_his_coordination	0.668	28.53	CuA	0.71	4.04	67.0	ALA:1,GLN:1,HIS:3,PHE:2,TYR:2	neither	29.14	31.37	27.4	HIS:2	69.0		4	Trichinella nelsoni	Trichinella	Trichinellidae	Trichinellida	Nematoda		HIS	0.19	179		HIS	0.88	188		HIS	0.53	197		TYR	0.13	348	0.46	THR	0.64	352		GLN	0.26	375	
A0A0V0SMD1	step5_his_coordination	1.238	36.8	neither	24.67	24.69	67.7	ARG:1,GLN:2,HIS:1	neither	36.84	37.96	51.6	GLU:1,GLY:1,HIS:1,PRO:1	66.5		2	Trichinella nelsoni	Trichinella	Trichinellidae	Trichinellida	Nematoda		HIS	1.03	190		THR	1.27	205		ASN	0.74	213		LEU	2.19	346		PHE	1.72	377		LEU	0.60	392	
A0A0V0TGR2	step5_his_coordination	0.734	26.0	CuA	0.91	4.22	64.4	ALA:1,GLN:1,HIS:3,PHE:2,TYR:2	neither	26.86	29.06	30.4	CYS:1,HIS:2,LEU:1	67.9		4	Trichinella murrelli	Trichinella	Trichinellidae	Trichinellida	Nematoda		HIS	0.24	181		HIS	0.94	190		HIS	0.72	199		TYR	0.22	350	0.31	THR	0.68	354		GLN	0.22	377	
A0A0V0YE73	step5_his_coordination	0.670	22.8	CuA	0.80	4.29	62.7	ALA:1,GLN:1,HIS:3,PHE:1,TYR:2	neither	22.88	23.04	17.2	ASN:1,ASP:1,GLU:1,TYR:1	70.1		3	Trichinella pseudospiralis	Trichinella	Trichinellidae	Trichinellida	Nematoda		HIS	0.39	182		HIS	1.03	191		HIS	0.66	200		TYR	0.17	330	0.29	THR	0.63	334		GLN	0.20	357	
A0A0V1A2F9	step5_his_coordination	1.283	40.1	neither	32.27	33.76	66.3	HIS:1,TYR:1	neither	24.51	24.52	53.7	ARG:1,GLN:2,HIS:1	64.7		2	Trichinella patagoniensis	Trichinella	Trichinellidae	Trichinellida	Nematoda		HIS	1.29	189		THR	1.50	204		ASN	0.83	212		LEU	2.22	345		PHE	1.68	376		LEU	0.60	391	
A0A0V1AAJ2	step5_his_coordination	0.670	26.02	CuA	0.60	3.84	61.9	ALA:1,GLN:1,HIS:3,LEU:1,PHE:1,TYR:2	neither	26.39	28.62	24.7	CYS:2,HIS:2,LYS:1	69.1		3	Trichinella patagoniensis	Trichinella	Trichinellidae	Trichinellida	Nematoda		HIS	0.45	196		HIS	0.81	205		HIS	0.59	214		TYR	0.22	361	0.22	THR	0.58	365		GLN	0.22	388	
A0A0V1ABN4	step5_his_coordination	0.578	27.4	CuA	0.36	3.96	78.2	ALA:1,GLN:1,HIS:3,PHE:2,TYR:2	neither	27.70	29.95	38.3	CYS:1,HIS:2	71.1		4	Trichinella patagoniensis	Trichinella	Trichinellidae	Trichinellida	Nematoda		HIS	0.60	196		HIS	0.68	205		HIS	0.18	214		TYR	0.17	328	0.46	THR	0.64	332		GLN	0.33	355	
A0A0V1BIN6	step5_his_coordination	0.664	26.76	CuA	0.58	4.10	58.8	ALA:1,GLN:1,HIS:3,PHE:1,TYR:2	neither	27.28	29.62	28.4	HIS:2	69.5		4	Trichinella spiralis	Trichinella	Trichinellidae	Trichinellida	Nematoda		HIS	0.34	181		HIS	0.98	190		HIS	0.73	199		TYR	0.16	350	0.26	THR	0.59	354		GLN	0.16	377	
A0A0V1DE70	step5_his_coordination	0.572	24.92	CuA	0.59	3.74	74.5	ALA:1,GLN:1,HIS:3,PHE:1,TYR:2	neither	25.22	27.61	38.9	CYS:2,HIS:2,SER:2	72.3		5	Trichinella britovi	Trichinella	Trichinellidae	Trichinellida	Nematoda		HIS	0.62	195		HIS	0.75	204		HIS	0.21	213		TYR	0.23	327	0.42	THR	0.59	331		GLN	0.34	354	
A0A0V1DFZ9	step5_his_coordination	1.274	25.76	neither	29.99	30.72	58.9	ARG:1,HIS:1	neither	24.74	24.70	51.5	ARG:1,GLN:2,HIS:1	65.5		2	Trichinella britovi	Trichinella	Trichinellidae	Trichinellida	Nematoda		HIS	1.19	200		THR	1.14	215		ASN	0.79	223		LEU	2.02	356		PHE	2.13	387		LEU	0.59	402	
A0A0V1EIF6	step5_his_coordination	1.074	27.71	neither	15.18	17.68	62.7	GLN:1,GLU:1,GLY:1,HIS:2,ILE:1,SER:1,THR:1,VAL:1	neither	36.02	36.89	51.0	HIS:1	63.1		3	Trichinella pseudospiralis	Trichinella	Trichinellidae	Trichinellida	Nematoda		HIS	1.09	188		THR	1.17	203		ASN	0.73	211		LEU	2.18	344		PHE	1.79	375		LEU	0.68	390	
A0A0V1ESS6	step5_his_coordination	0.540	24.82	CuA	0.80	3.97	75.4	ALA:1,GLN:1,HIS:3,PHE:2,TYR:2	neither	25.42	27.78	40.1	CYS:2,HIS:2	73.0		4	Trichinella pseudospiralis	Trichinella	Trichinellidae	Trichinellida	Nematoda		HIS	0.45	183		HIS	0.92	192		HIS	0.27	201		TYR	0.23	315	0.25	THR	0.54	319		GLN	0.35	342	
A0A0V1FSY3	step5_his_coordination	1.332	28.76	neither	14.48	17.09	63.9	GLN:1,GLU:1,GLY:1,HIS:2,ILE:1,SER:1,THR:1	neither	37.33	38.54	48.1	HIS:1,PRO:1	64.7		3	Trichinella pseudospiralis	Trichinella	Trichinellidae	Trichinellida	Nematoda		HIS	1.40	188		THR	1.61	203		ASN	0.89	211		LEU	2.37	344		PHE	2.04	375		LEU	0.59	390	
A0A0V1G4S3	step5_his_coordination	0.546	25.41	CuA	0.71	3.93	79.2	ALA:1,GLN:1,HIS:3,PHE:1,TYR:2	neither	25.93	28.34	41.6	CYS:2,HIS:2	73.1		5	Trichinella pseudospiralis	Trichinella	Trichinellidae	Trichinellida	Nematoda		HIS	0.47	178		HIS	0.83	187		HIS	0.27	196		TYR	0.22	310	0.36	THR	0.54	314		GLN	0.35	337	
A0A0V1I3Y0	step5_his_coordination	0.545	24.66	CuA	0.70	3.73	72.8	ALA:1,GLN:1,HIS:3,PHE:1,TYR:2	neither	25.02	27.43	37.5	CYS:2,HIS:2,LEU:1,SER:2	71.8		4	Trichinella zimbabwensis	Trichinella	Trichinellidae	Trichinellida	Nematoda		HIS	0.49	195		HIS	0.81	204		HIS	0.26	213		TYR	0.23	327	0.33	THR	0.53	331		GLN	0.34	354	
A0A0V1I4K6	step5_his_coordination	1.287	28.24	neither	16.65	19.49	65.3	GLN:2,GLU:1,GLY:1,HIS:3,ILE:1,SER:1	neither	37.03	38.27	49.1	GLU:1,HIS:1,PRO:1	64.8		2	Trichinella zimbabwensis	Trichinella	Trichinellidae	Trichinellida	Nematoda		HIS	1.16	199		THR	1.14	214		ASN	0.73	222		LEU	1.93	355		LEU	2.32	386		LEU	0.66	401	
A0A0V1JHS7	step5_his_coordination	0.538	27.66	CuA	0.68	3.87	78.2	ALA:1,GLN:1,HIS:3,PHE:2,TYR:2	neither	28.12	30.38	41.4	CYS:1,HIS:2,LYS:1	73.0		4	Trichinella pseudospiralis	Trichinella	Trichinellidae	Trichinellida	Nematoda		HIS	0.53	182		HIS	0.95	191		HIS	0.28	200		TYR	0.24	314	0.20	THR	0.49	318		GLN	0.25	341	
A0A0V1KD92	step5_his_coordination	0.536	26.43	CuA	0.67	3.85	76.9	ALA:1,GLN:1,HIS:3,PHE:1,TYR:2	neither	26.86	29.26	39.9	HIS:2	72.9		5	Trichinella pseudospiralis	Trichinella	Trichinellidae	Trichinellida	Nematoda		HIS	0.40	182		HIS	0.93	191		HIS	0.28	200		TYR	0.20	314	0.53	THR	0.49	318		GLN	0.34	341	
A0A0V1KR57	step5_his_coordination	0.563	13.11	CuA	0.89	4.14	71.6	ALA:1,GLN:1,HIS:3,LEU:1,PHE:1,TYR:2	neither	12.37	12.17	34.3	GLU:1,HIS:1,LYS:1,PRO:1	71.1		3	Trichinella nativa	Trichinella	Trichinellidae	Trichinellida	Nematoda		HIS	0.37	182		HIS	0.99	191		HIS	0.53	200		TYR	0.20	351	0.19	THR	0.52	355		GLN	0.26	378	
A0A0V1LPZ2	step5_his_coordination	1.340	36.26	neither	35.23	36.36	62.5	ARG:1,GLU:1,GLY:1,HIS:1,PRO:1	neither	23.66	23.69	48.9	ARG:1,GLN:2,HIS:1,LEU:1	63.6		2	Trichinella nativa	Trichinella	Trichinellidae	Trichinellida	Nematoda		HIS	1.56	199		THR	1.06	214		ASN	0.74	222		LEU	1.98	355		PHE	2.29	386		LEU	0.55	401	
A0A0V1MUW3	step5_his_coordination	0.557	25.68	CuA	0.90	4.28	72.2	ALA:1,GLN:1,HIS:3,LEU:1,PHE:1,TYR:2	neither	26.52	28.93	36.9	CYS:1,HIS:2	72.4		5	Trichinella papuae	Trichinella	Trichinellidae	Trichinellida	Nematoda		HIS	0.62	191		HIS	0.88	200		HIS	0.29	209		TYR	0.19	323	0.44	THR	0.59	327		GLN	0.32	350	
A0A0V1N8R5	step5_his_coordination	1.315	27.74	neither	15.00	17.70	66.3	GLN:1,GLU:1,GLY:1,HIS:2,ILE:2,SER:1	neither	36.20	37.32	55.8	GLU:1,HIS:1	64.3		3	Trichinella papuae	Trichinella	Trichinellidae	Trichinellida	Nematoda		HIS	1.25	199		GLY	1.26	213		ASN	0.82	222		LEU	2.26	355		LEU	2.25	386		LEU	0.68	401	
A0A0W8AY19	step5_his_coordination	0.828	41.06	neither	26.28	25.51	69.7	GLU:1,HIS:1,SER:1	neither	21.50	18.96	55.4	ASP:1,GLU:2,HIS:1,THR:1	89.1		1	Phytophthora nicotianae	Phytophthora	Peronosporaceae	Peronosporales	Oomycota		TYR	0.68	58	2.94	VAL	0.68	68		TYR	0.41	77	3.06	GLN	1.05	229		HIS	1.02	233		TYR	0.41	255	0.41
A0A0W8C3R7	step5_his_coordination	0.582	21.71	CuB	4.30	0.48	97.5	HIS:3,ILE:1,PHE:1,TYR:1	neither	23.47	21.59	68.5	GLU:1,HIS:1,PRO:1,TRP:1,TYR:1	82.8		4	Phytophthora nicotianae	Phytophthora	Peronosporaceae	Peronosporales	Oomycota		ALA	0.33	13		LEU	0.94	23		ASN	0.75	32		HIS	0.75	176		HIS	0.31	180		HIS	0.42	202	
A0A0W8DAM1	step5_his_coordination	0.733	22.38	CuB	3.08	1.89	76.3	GLU:1,HIS:2,LEU:1,LYS:1,PHE:1,TYR:1	neither	19.48	22.35	39.7	GLU:1,HIS:1,ILE:1,VAL:1	71.3		2	Phytophthora nicotianae	Phytophthora	Peronosporaceae	Peronosporales	Oomycota		ALA	0.60	89		GLU	1.22	99	2.64	HIS	0.28	108		HIS	0.55	244		LEU	0.30	248		TYR	0.60	270	1.00
A0A0Y0DNT4	step5_his_coordination	0.774	2.54	CuA	0.23	3.92	90.6	ALA:1,HIS:4,LEU:1,PHE:1,TRP:1,TYR:1	CuB	2.49	1.90	38.6	ALA:1,GLN:1,HIS:4,LEU:1,TYR:2	72.2		4	Leptochiton asellus	Leptochiton	Lepidopleuridae	Lepidopleurida	Mollusca		HIS	0.50	151		HIS	0.21	160		HIS	0.24	169		SER	0.86	280		GLN	0.80	284		HIS	0.27	307	
A0A135SEP1	step5_his_coordination	0.761	3.9	CuB	3.78	0.65	89.7	GLN:1,HIS:4,PHE:2,THR:1	CuA	0.59	4.13	84.9	GLN:1,GLY:1,HIS:3,PHE:1,THR:1,TRP:1	79.5		4	Colletotrichum simmondsii	Colletotrichum	Glomerellaceae	Glomerellales	Ascomycota		HIS	0.38	205		GLY	2.05	224		HIS	0.20	233		HIS	0.75	401		HIS	0.82	405		GLN	0.53	429	
A0A135UY99	step5_his_coordination	0.755	3.86	CuB	3.76	0.57	89.4	GLN:1,HIS:4,PHE:1	CuA	0.47	4.08	86.4	GLN:1,GLY:1,HIS:3,PHE:2,TRP:1	68.1		4	Colletotrichum nymphaeae	Colletotrichum	Glomerellaceae	Glomerellales	Ascomycota		HIS	0.45	318		GLY	0.69	337		HIS	0.19	346		HIS	0.71	519		HIS	0.82	523		GLN	0.50	547	
A0A135V6Y1	step5_his_coordination	2.022	11.98	CuB	4.80	1.52	90.9	HIS:4,ILE:1,PHE:1,VAL:1	neither	10.22	10.54	72.8	ARG:1,CYS:1,HIS:1,PRO:1,TYR:1	67.3		4	Colletotrichum salicis	Colletotrichum	Glomerellaceae	Glomerellales	Ascomycota		VAL	1.99	181		ILE	2.64	19		VAL	2.63	188		HIS	1.25	318		HIS	0.69	322		HIS	0.60	345	
A0A135V8Q3	step5_his_coordination	0.745	3.79	CuA	0.52	4.16	97.2	GLN:1,GLY:1,HIS:4,PHE:2,TRP:1	CuB	3.60	0.46	90.4	GLN:1,HIS:6,PHE:1	80.1		5	Colletotrichum salicis	Colletotrichum	Glomerellaceae	Glomerellales	Ascomycota		HIS	0.22	166		HIS	0.39	174		HIS	0.31	183		HIS	0.93	351		HIS	0.72	355		GLN	0.44	379	
A0A137NPX8	step5_his_coordination	0.531	22.3	CuB	4.06	0.18	85.5	HIS:3,LEU:1,PHE:1,TYR:1	neither	22.31	22.39	74.2	ALA:1,ARG:1,ASP:1,CYS:1,HIS:1	90.0		2	Conidiobolus coronatus	Conidiobolus	Ancylistaceae	Entomophthorales	Entomophthoromycota		HIS	0.17	48		TYR	1.73	56	2.75	ASN	0.88	65		LEU	0.38	177		HIS	0.52	181		HIS	0.27	206	
A0A139HAY5	step5_his_coordination	0.650	3.67	CuA	0.51	4.29	94.4	HIS:5,PHE:2	CuB	3.35	0.62	91.8	HIS:6,PHE:2	80.7		5	Pseudocercospora eumusae	Pseudocercospora	Mycosphaerellaceae	Mycosphaerellales	Ascomycota		HIS	0.25	149		HIS	0.65	157		HIS	0.32	166		HIS	0.66	293		PRO	1.07	297		HIS	0.46	319	
A0A142I737	step5_his_coordination	0.607	4.0	CuA	0.47	4.19	95.2	HIS:4,PHE:1,SER:1,TRP:1	CuB	3.80	0.64	92.8	HIS:5,PHE:2	80.0		5	Diaporthe leptostromiformis	Diaporthe	Diaporthaceae	Diaporthales	Ascomycota		HIS	0.83	122		HIS	0.21	130		HIS	0.35	139		HIS	0.30	279		PRO	0.89	283		HIS	0.32	305	
A0A158RAT2	step5_his_coordination	0.719	3.24	CuA	0.63	3.33	94.9	ALA:1,HIS:3,PHE:1,TYR:1	CuB	3.54	3.54	63.8	CYS:1,GLN:1,HIS:2,ILE:1,LEU:1,TYR:1	68.2		3	Thelazia callipaeda	Thelazia	Thelaziidae	Rhabditida	Nematoda		HIS	0.61	379		HIS	0.64	389		HIS	0.25	398		GLN	0.44	519		LEU	0.63	523		TYR	0.29	546	1.72
A0A161VY89	step5_his_coordination	0.564	4.03	CuA	0.24	4.14	96.3	ALA:1,HIS:4,PHE:1,TRP:1	CuB	3.84	0.59	91.9	HIS:5,PHE:2	76.7		5	Colletotrichum tofieldiae	Colletotrichum	Glomerellaceae	Glomerellales	Ascomycota		HIS	0.59	143		HIS	0.23	151		HIS	0.20	160		HIS	0.31	304		PRO	0.85	308		HIS	0.45	330	
A0A166M367	step5_his_coordination	0.771	3.98	CuA	0.52	4.23	97.3	ALA:1,GLN:1,HIS:4,PHE:2,TRP:1	CuB	3.77	0.56	94.7	GLN:1,HIS:5,PHE:1	78.2		5	Colletotrichum incanum	Colletotrichum	Glomerellaceae	Glomerellales	Ascomycota		HIS	0.38	283		HIS	0.46	291		HIS	0.22	300		HIS	0.81	468		HIS	0.91	472		GLN	0.49	496	
A0A166TEN8	step5_his_coordination	0.613	3.73	CuA	0.22	4.01	94.1	HIS:4,PHE:2,TRP:1	CuB	3.69	0.32	87.4	HIS:5,LEU:1,PHE:2,PRO:1	77.1		5	Colletotrichum tofieldiae	Colletotrichum	Glomerellaceae	Glomerellales	Ascomycota		HIS	0.33	137		HIS	0.65	145		HIS	0.24	154		HIS	0.41	277		PRO	1.03	281		HIS	0.49	303	
A0A166U3J7	step5_his_coordination	0.758	3.9	CuA	0.52	4.23	97.9	GLN:1,HIS:4,PHE:2,TRP:1	CuB	3.68	0.56	95.0	GLN:1,HIS:5,PHE:1	94.4		5	Colletotrichum tofieldiae	Colletotrichum	Glomerellaceae	Glomerellales	Ascomycota		HIS	0.35	69		HIS	0.55	77		HIS	0.33	86		HIS	0.90	254		HIS	0.91	258		GLN	0.43	282	
A0A167AFV0	step5_his_coordination	0.721	4.11	CuA	0.29	4.12	95.9	HIS:4,PHE:2,TRP:1	CuB	3.97	0.43	92.3	HIS:4,LEU:1,PHE:2,PRO:1	91.6		5	Colletotrichum incanum	Colletotrichum	Glomerellaceae	Glomerellales	Ascomycota		HIS	0.25	37		HIS	0.40	45		HIS	0.27	54		HIS	0.18	191		PRO	1.18	195		HIS	0.59	217	
A0A167BRG2	step5_his_coordination	0.609	3.94	CuA	0.34	4.18	95.3	HIS:4,PHE:2,TRP:1	CuB	3.73	0.27	91.2	HIS:5,LEU:1,PHE:2	74.5		5	Colletotrichum incanum	Colletotrichum	Glomerellaceae	Glomerellales	Ascomycota		HIS	0.53	163		HIS	0.51	171		HIS	0.21	180		HIS	0.27	303		PRO	1.28	307		HIS	0.48	329	
A0A168EXD0	step5_his_coordination	0.727	3.89	CuA	0.51	4.30	97.5	ALA:1,HIS:4,ILE:1,PHE:2	CuB	3.56	0.44	94.9	HIS:6,PHE:2	94.8		5	Beauveria brongniartii	Beauveria	Cordycipitaceae	Hypocreales	Ascomycota		HIS	0.14	60		HIS	0.36	68		HIS	0.17	77		HIS	0.53	207		PRO	1.51	211		HIS	0.47	233	
A0A175VYW1	step5_his_coordination	0.787	16.98	CuA	0.54	4.49	96.6	HIS:4,ILE:1,MET:1,TRP:3	neither	17.38	20.33	74.1	ASP:1,GLU:1,GLY:1,HIS:2,LEU:1,LYS:1	66.2		5	Madurella mycetomatis	Madurella		Sordariales	Ascomycota		HIS	0.49	331		HIS	0.74	339		HIS	0.07	348		TRP	0.94	475		ILE	0.90	479		HIS	0.72	504	
A0A175W3Y2	step5_his_coordination	0.853	3.52	CuA	0.45	4.23	95.2	HIS:5,PHE:1,THR:1,TRP:1	CuB	3.27	0.82	94.7	HIS:6,PHE:1	74.0		5	Madurella mycetomatis	Madurella		Sordariales	Ascomycota		HIS	0.63	163		HIS	0.42	171		HIS	0.30	180		HIS	0.87	306		PRO	1.31	310		HIS	0.75	332	
A0A177DSJ1	step5_his_coordination	0.601	3.95	CuA	0.45	4.28	96.7	HIS:4,ILE:1,PHE:2,TRP:1	CuB	3.66	0.57	91.0	HIS:4,PHE:2	92.7		5	Alternaria alternata	Alternaria	Pleosporaceae	Pleosporales	Ascomycota		HIS	0.24	51		HIS	0.50	59		HIS	0.20	68		HIS	0.41	200		PRO	0.84	204		HIS	0.50	226	
A0A177T6E5	step5_his_coordination	0.935	3.96	CuB	3.83	0.49	92.4	HIS:5,PHE:1	CuA	0.53	4.15	80.0	HIS:3,PHE:2	78.5		5	Tilletia indica	Tilletia	Tilletiaceae	Tilletiales	Basidiomycota		HIS	0.53	135		---	3.01			HIS	0.37	146		HIS	0.42	291		HIS	0.59	295		HIS	0.54	317	
A0A180GDP5	step5_his_coordination	2.394	4.26	CuA	4.46	5.17	90.0	HIS:3,ILE:1,PHE:1,TYR:1	CuB	6.15	3.53	83.0	HIS:3,PHE:1,TYR:1	71.1		5	Puccinia triticina	Puccinia	Pucciniaceae	Pucciniales	Basidiomycota		PHE	2.33	167		---	3.57			MET	2.53	192	5.84	HIS	1.97	331		HIS	2.74	335		ALA	1.99	348	
A0A183I077	step5_his_coordination	0.733	3.58	CuA	0.36	3.74	94.4	ALA:1,HIS:4,PHE:2	CuB	3.86	1.00	88.7	HIS:4,LEU:1,PHE:2	64.1		5	Onchocerca flexuosa	Onchocerca	Onchocercidae	Rhabditida	Nematoda		HIS	0.32	394		HIS	0.39	404		HIS	0.11	413		HIS	0.63	534		LEU	0.33	538		HIS	0.20	561	
A0A183IVQ9	step5_his_coordination	0.663	28.47	neither	16.40	19.56	68.0	GLU:1,HIS:1	neither	27.80	29.03	65.4	HIS:1,SER:1	87.1		2	Soboliphyme baturini	Soboliphyme	Soboliphymatidae	Dioctophymatida	Nematoda		TYR	0.98	164	0.87	LYS	0.63	173		HIS	0.22	182		SER	0.25	296		ARG	0.90	300		HIS	0.20	323	
A0A194WE27	step5_his_coordination	1.165	4.41	CuA	2.21	2.27	84.1	HIS:4,PHE:1,TYR:1	CuB	3.72	4.14	28.8	ASN:1,HIS:3,TYR:1,VAL:1	66.0		5	Cytospora mali	Cytospora	Cytosporaceae	Diaporthales	Ascomycota		HIS	1.81	88		HIS	2.34	112		HIS	0.88	121		HIS	1.47	297		GLY	1.34	301		HIS	0.59	342	
A0A194XMC7	step5_his_coordination	0.841	3.71	CuA	0.79	4.57	91.8	HIS:5,PHE:2,TRP:1	CuB	3.10	0.86	92.1	HIS:5,PHE:2	88.2		5	Mollisia scopiformis	Mollisia	Mollisiaceae	Helotiales	Ascomycota		HIS	0.36	79		HIS	1.32	93		HIS	0.40	102		HIS	1.03	231		PRO	1.39	235		HIS	0.30	257	
A0A194XN12	step5_his_coordination	0.654	3.89	CuA	0.55	4.32	95.8	GLY:1,HIS:4,PHE:2,SER:1,TRP:1	CuB	3.54	0.44	92.9	HIS:6,PHE:2	92.7		5	Mollisia scopiformis	Mollisia	Mollisiaceae	Helotiales	Ascomycota		HIS	0.25	68		HIS	0.70	76		HIS	0.25	85		HIS	0.60	214		PRO	0.96	218		HIS	0.44	240	
A0A194XSF1	step5_his_coordination	0.795	4.95	CuA	0.66	4.49	91.8	GLY:1,HIS:3,PHE:1,TRP:1	CuB	4.40	1.72	68.4	ALA:1,HIS:1,PHE:2,PRO:1	82.6		4	Mollisia scopiformis	Mollisia	Mollisiaceae	Helotiales	Ascomycota		HIS	0.70	80		HIS	0.27	88		HIS	0.54	97		HIS	0.59	246		PRO	1.44	250		LEU	0.15	272	
A0A1B7YR08	step5_his_coordination	0.772	3.93	CuA	0.54	4.22	97.3	ALA:1,GLN:1,HIS:4,PHE:1,TRP:1	CuB	3.74	0.69	95.2	GLN:1,HIS:5,PHE:1	81.1		5	Colletotrichum higginsianum	Colletotrichum	Glomerellaceae	Glomerellales	Ascomycota		HIS	0.32	224		HIS	0.53	232		HIS	0.27	241		HIS	0.80	409		HIS	0.95	413		GLN	0.48	437	
A0A1G4AYJ9	step5_his_coordination	0.769	3.88	CuA	0.49	4.19	97.2	ASN:1,GLN:1,HIS:4,PHE:2,TRP:1	CuB	3.70	0.55	95.3	GLN:1,HIS:5,PHE:1	81.2		5	Colletotrichum orchidophilum	Colletotrichum	Glomerellaceae	Glomerellales	Ascomycota		HIS	0.33	228		HIS	0.41	236		HIS	0.23	245		HIS	0.87	413		HIS	0.81	417		GLN	0.58	441	
A0A1G4BKS1	step5_his_coordination	0.684	3.73	CuA	0.43	4.18	94.8	HIS:5,PHE:2,TRP:1	CuB	3.52	0.46	92.3	HIS:6,PHE:2	79.5		5	Colletotrichum orchidophilum	Colletotrichum	Glomerellaceae	Glomerellales	Ascomycota		HIS	0.44	129		HIS	0.41	137		HIS	0.21	146		HIS	0.70	275		PRO	0.92	279		HIS	0.43	301	
A0A1G6VNA4	step5_his_coordination	2.136	24.31	CuB	4.44	2.14	86.4	ARG:2,HIS:4,PHE:1,TYR:1	neither	27.14	25.40	20.9	ASP:1,CYS:1,SER:1	83.1		2	Rhodococcus tukisamuensis	Rhodococcus	Nocardiaceae	Mycobacteriales	Actinomycetota		PHE	2.29	159		ASN	2.82	175		HIS	1.54	182		HIS	1.92	291		ARG	2.52	295		HIS	1.02	327	
A0A1G8B6K0	step5_his_coordination	0.607	19.26	CuB	3.57	0.65	96.0	HIS:5,PHE:2,SER:1	neither	20.79	18.62	78.1	ASN:1,ASP:1,GLU:1,HIS:1,PHE:1,THR:1	83.6		3	Sinosporangium album	Sinosporangium	Streptosporangiaceae	Streptosporangiales	Actinomycetota		SER	0.62	193		GLN	0.74	204		HIS	0.21	213		HIS	0.90	345		HIS	0.27	349		HIS	0.22	371	
A0A1H1X1U7	step5_his_coordination	0.744	4.26	CuB	3.75	0.30	97.2	HIS:6,PHE:3	CuA	0.65	4.45	90.3	CYS:1,GLU:1,HIS:4,PHE:1,TRP:1	86.0		5	Pseudomonas asplenii	Pseudomonas	Pseudomonadaceae	Pseudomonadales	Pseudomonadota		HIS	0.32	79		PRO	2.31	117		HIS	0.28	130		HIS	0.48	233		HIS	0.26	237		HIS	0.53	262	
A0A1H7VPR3	step5_his_coordination	0.900	27.21	CuB	3.30	0.75	93.5	HIS:5,PHE:2,TYR:1	neither	28.80	27.22	61.4	ASP:1,HIS:1,THR:1	86.4		4	Rhodococcus maanshanensis	Rhodococcus	Nocardiaceae	Mycobacteriales	Actinomycetota		TYR	0.92	154	1.78	---	4.37			HIS	0.49	178		HIS	1.03	287		HIS	0.59	291		HIS	0.36	322	
A0A1I4X2F3	step5_his_coordination	0.864	4.2	CuB	3.66	0.38	93.8	HIS:6,PHE:2	CuA	0.70	4.48	88.8	CYS:1,HIS:4,PHE:2,TRP:1	84.0		5	Nitrosomonas communis	Nitrosomonas	Nitrosomonadaceae	Nitrosomonadales	Pseudomonadota		HIS	0.65	69		SER	1.14	105		HIS	0.23	121		HIS	0.42	214		HIS	0.42	218		HIS	0.23	267	
A0A1I5PK02	step5_his_coordination	0.810	4.2	CuB	3.58	0.47	97.3	HIS:6,PHE:2	CuA	0.79	4.58	93.5	CYS:1,HIS:4,PHE:1,TRP:1	86.5		5	Pseudarcicella hirudinis	Pseudarcicella	Flectobacillaceae	Cytophagales	Bacteroidota		HIS	0.73	68		HIS	1.33	101		HIS	0.44	115		HIS	0.58	231		HIS	0.53	235		HIS	0.48	287	
A0A1I7VEA5	step5_his_coordination	0.758	3.67	CuA	0.38	3.79	95.7	ALA:1,HIS:4,PHE:2	CuB	3.90	0.75	82.2	HIS:4,LEU:1,PHE:2	68.6		5	Loa loa	Loa	Onchocercidae	Rhabditida	Nematoda		HIS	0.35	382		HIS	0.52	392		HIS	0.22	401		HIS	0.58	522		LEU	0.51	526		HIS	0.30	549	
A0A1I8I6W4	step5_his_coordination	0.725	4.2	CuB	3.92	0.94	93.2	ARG:1,HIS:5,PHE:1	CuA	0.43	4.20	68.1	ALA:1,ARG:1,ASN:1,HIS:4,PHE:1,TRP:1	81.7		5	Macrostomum lignano	Macrostomum	Macrostomidae		Platyhelminthes		ARG	0.99	179		HIS	0.38	201		HIS	0.52	210		HIS	0.83	372		HIS	0.25	376		HIS	1.03	399	
A0A1I8IJ91	step5_his_coordination	0.582	4.11	CuB	4.13	0.46	86.2	HIS:5,PHE:1,SER:1	CuA	0.36	3.93	79.5	ALA:1,HIS:4,PHE:2,PRO:1,TRP:1,VAL:1	68.6		5	Macrostomum lignano	Macrostomum	Macrostomidae		Platyhelminthes		PRO	1.14	137		HIS	0.39	163		HIS	0.26	172		HIS	0.30	350		HIS	0.14	354		HIS	0.41	377	
A0A1I9G609	step5_his_coordination	0.771	3.73	CuA	0.53	4.04	94.8	ALA:1,HIS:4,PHE:2,TRP:1	CuB	3.75	0.86	90.2	HIS:4,LEU:1,PHE:2	61.2		5	Brugia malayi	Brugia	Onchocercidae	Rhabditida	Nematoda		HIS	0.21	381		HIS	0.58	391		HIS	0.33	400		HIS	0.44	521		LEU	0.38	525		HIS	0.34	548	
A0A1I9G629	step5_his_coordination	0.731	3.56	CuA	0.35	3.76	97.3	ALA:1,HIS:4,PHE:2	CuB	3.81	0.67	94.3	HIS:4,LEU:1,PHE:2	64.4		5	Brugia malayi	Brugia	Onchocercidae	Rhabditida	Nematoda		HIS	0.24	379		HIS	0.38	389		HIS	0.18	398		HIS	0.49	519		LEU	0.38	523		HIS	0.26	546	
A0A1J9R2U7	step5_his_coordination	0.657	3.84	CuB	3.64	0.41	95.5	HIS:5,LEU:1,PHE:1	CuA	0.34	4.16	90.0	HIS:5,LEU:1,PHE:1,SER:1,TRP:1	87.9		5	Diplodia corticola	Diplodia	Botryosphaeriaceae	Botryosphaeriales	Ascomycota		HIS	0.45	88		HIS	2.74	93		HIS	0.13	98		HIS	0.97	243		HIS	0.60	247		HIS	0.13	273	
A0A1L7T8U3	step5_his_coordination	0.732	3.7	CuA	0.33	4.08	97.1	HIS:4,PHE:2,TRP:1	CuB	3.60	0.53	95.4	HIS:6,PHE:2	81.9		5	Fusarium mangiferae	Fusarium	Nectriaceae	Hypocreales	Ascomycota		HIS	0.49	113		HIS	0.19	121		HIS	0.29	130		HIS	0.21	267		PRO	1.13	271		HIS	0.44	293	
A0A1L7V991	step5_his_coordination	0.674	3.7	CuA	0.29	3.95	96.5	HIS:4,PHE:2,TRP:1	CuB	3.73	0.40	95.3	HIS:6,PHE:2	75.5		5	Fusarium proliferatum	Fusarium	Nectriaceae	Hypocreales	Ascomycota		HIS	0.46	117		HIS	0.35	125		HIS	0.21	134		HIS	0.17	271		PRO	1.11	275		HIS	0.39	297	
A0A1L7XXI3	step5_his_coordination	0.854	25.78	CuA	0.92	4.39	79.6	HIS:3,PHE:1,SER:1,TRP:1,TYR:2,VAL:1	neither	25.98	24.24	69.5	GLU:1,HIS:1,LEU:1,TYR:1	73.6		3	Phialocephala subalpina	Phialocephala	Mollisiaceae	Helotiales	Ascomycota		HIS	0.39	40		HIS	0.48	48		TYR	0.33	57	1.06	TYR	0.24	166	1.09	LEU	0.38	170		HIS	0.76	192	
A0A1L9PZT9	step5_his_coordination	0.840	3.84	CuA	0.46	4.27	93.1	HIS:4,PHE:2,TRP:1	CuB	3.56	0.51	87.4	HIS:5,PHE:2	80.9		5	Aspergillus versicolor	Aspergillus	Aspergillaceae	Eurotiales	Ascomycota		HIS	0.42	112		HIS	0.48	120		HIS	0.24	129		HIS	0.37	268		PRO	1.24	272		HIS	0.42	294	
A0A1L9S434	step5_his_coordination	0.738	24.04	CuA	1.09	3.29	66.8	HIS:1,PHE:2,TYR:3	neither	25.09	23.51	59.3	GLU:1,HIS:2,LEU:1,SER:1	91.2		3	Aspergillus wentii	Aspergillus	Aspergillaceae	Eurotiales	Ascomycota		TYR	0.71	76	1.24	SER	1.02	84		HIS	0.41	93		TYR	1.35	219	2.95	SER	0.97	223		TYR	0.58	245	3.48
A0A1L9T6V0	step5_his_coordination	0.855	3.97	CuA	0.54	4.31	93.0	HIS:4,PHE:2,TRP:1	CuB	3.64	0.47	87.4	HIS:5,PHE:2	80.4		5	Aspergillus sydowii	Aspergillus	Aspergillaceae	Eurotiales	Ascomycota		HIS	0.48	111		HIS	0.40	119		HIS	0.34	128		HIS	0.31	271		PRO	1.37	275		HIS	0.47	297	
A0A1L9WGB2	step5_his_coordination	0.542	3.83	CuB	3.64	0.34	94.2	HIS:5,ILE:1,PHE:2	CuA	0.35	4.15	85.4	HIS:4,ILE:1,PHE:2,THR:1,TRP:1,VAL:1	87.3		5	Aspergillus aculeatus	Aspergillus	Aspergillaceae	Eurotiales	Ascomycota		HIS	0.36	86		ILE	1.71	98		HIS	0.19	111		HIS	0.58	230		HIS	0.38	234		HIS	0.08	257	
A0A1N6ZK30	step5_his_coordination	0.573	31.08	CuA	1.66	2.74	92.7	GLN:2,HIS:1,PHE:2,TYR:2	neither	31.33	29.61	77.0	ASN:1,HIS:1,LEU:1	91.9		2	Microbispora rosea	Microbispora	Streptosporangiaceae	Streptosporangiales	Actinomycetota		TYR	0.75	65	1.80	HIS	0.64	73		GLN	0.49	82		ILE	0.86	194		GLN	0.60	198		ALA	0.19	220	
A0A1Q8RG93	step5_his_coordination	0.923	2.51	CuA	0.68	4.27	97.9	GLN:2,HIS:3,PHE:1,TRP:1	CuB	2.48	2.65	50.3	GLN:2,HIS:3,PHE:2	90.7		3	Colletotrichum chlorophyti	Colletotrichum	Glomerellaceae	Glomerellales	Ascomycota		HIS	0.33	120		HIS	0.57	128		HIS	0.45	137		GLN	1.27	305		SER	1.55	308		GLN	0.46	332	
A0A1Q8RT46	step5_his_coordination	0.601	3.92	CuA	0.40	4.26	96.7	HIS:4,PHE:2,TRP:1	CuB	3.62	0.35	95.0	HIS:5,PHE:2	79.6		5	Colletotrichum chlorophyti	Colletotrichum	Glomerellaceae	Glomerellales	Ascomycota		HIS	0.50	135		HIS	0.52	143		HIS	0.23	152		HIS	0.44	275		PRO	1.08	279		HIS	0.46	301	
A0A1R3RV41	step5_his_coordination	0.756	4.05	CuA	0.73	4.47	96.6	HIS:4,PHE:2,TRP:1	CuB	3.56	0.45	92.8	HIS:5,PHE:2	86.7		5	Aspergillus carbonarius	Aspergillus	Aspergillaceae	Eurotiales	Ascomycota		HIS	0.46	95		HIS	0.65	103		HIS	0.02	112		HIS	0.50	240		PRO	1.26	244		HIS	0.55	266	
A0A1R3VBN3	step5_his_coordination	0.939	4.37	CuB	3.83	0.13	96.2	HIS:6,PHE:2	CuA	0.80	4.50	89.3	CYS:1,GLN:1,HIS:4,PHE:2,TRP:1,VAL:1	86.1		5	Mesorhizobium prunaredense	Mesorhizobium	Phyllobacteriaceae	Hyphomicrobiales	Pseudomonadota		HIS	0.77	80		PRO	2.32	116		HIS	0.15	129		HIS	0.30	228		HIS	0.24	232		HIS	0.24	257	
A0A1R4H6E4	step5_his_coordination	0.778	4.39	CuB	3.65	0.54	96.4	HIS:7,PHE:3	CuA	1.01	4.61	89.7	ALA:1,CYS:1,HIS:4,PHE:1,TRP:1	87.0		5	Crenothrix polyspora	Crenothrix	Crenotrichaceae	Methylococcales	Pseudomonadota		HIS	0.54	69		SER	1.29	104		HIS	0.38	120		HIS	0.54	213		HIS	0.40	217		HIS	0.38	256	
A0A1R4H727	step5_his_coordination	0.737	4.39	CuB	3.63	0.39	96.4	HIS:7,PHE:2	CuA	1.03	4.68	89.7	ALA:1,CYS:1,HIS:4,PHE:1,TRP:1	87.0		5	Crenothrix polyspora	Crenothrix	Crenotrichaceae	Methylococcales	Pseudomonadota		HIS	0.45	68		SER	1.32	103		HIS	0.32	119		HIS	0.44	212		HIS	0.32	216		HIS	0.17	255	
A0A1S8CTM4	step5_his_coordination	0.830	4.13	CuB	3.55	0.55	97.1	HIS:7,PHE:3	CuA	0.82	4.56	94.3	CYS:1,HIS:4,PHE:2,THR:1,TRP:1	83.2		5	Alkanindiges hydrocarboniclasticus	Alkanindiges	Moraxellaceae	Moraxellales	Pseudomonadota		HIS	0.46	68		HIS	2.91	102		HIS	0.23	121		HIS	0.43	233		HIS	0.54	237		HIS	0.38	279	
A0A1S8X904	step5_his_coordination	0.590	6.13	CuB	5.19	1.49	87.8	ASN:1,GLN:1,HIS:2,ILE:1,PHE:1,TYR:1	CuA	1.08	4.97	81.9	ASN:2,HIS:2,THR:1,TRP:1,TYR:1	89.7		4	Opisthorchis viverrini	Opisthorchis	Opisthorchiidae	Opisthorchiida	Platyhelminthes		ASN	0.52	186		HIS	0.30	211		HIS	0.15	220		ASN	0.45	371		HIS	0.14	375		GLN	0.63	398	
A0A1U7LR42	step5_his_coordination	0.843	4.81	CuB	3.80	0.38	83.0	GLN:1,HIS:4,PHE:2,TYR:1	CuA	2.04	4.85	39.9	CYS:1,HIS:3,SER:1,TRP:1,TYR:1	69.4		4	Neolecta irregularis	Neolecta	Neolectaceae	Neolectales	Ascomycota		TYR	1.05	88	1.76	HIS	1.07	114		HIS	0.78	135		HIS	0.34	301		HIS	0.30	305		HIS	0.73	330	
A0A1V4I1C4	step5_his_coordination	0.665	4.86	CuB	3.76	0.21	95.5	HIS:6,PHE:3	CuA	1.34	5.05	86.1	CYS:1,GLN:1,HIS:3,PHE:1,TRP:1	85.0		5	Nitrobacter vulgaris	Nitrobacter	Nitrobacteraceae	Hyphomicrobiales	Pseudomonadota		HIS	0.31	95		PRO	2.36	133		HIS	0.31	150		HIS	0.38	258		HIS	0.22	262		HIS	0.42	287	
A0A1V6NT23	step5_his_coordination	0.754	3.52	CuA	0.57	3.98	96.1	HIS:4,PHE:2,TRP:1	CuB	3.52	0.52	91.0	HIS:4,PHE:2	80.6		4	Penicillium polonicum	Penicillium	Aspergillaceae	Eurotiales	Ascomycota		HIS	0.53	132		ILE	1.05	140		HIS	0.46	149		HIS	0.74	277		PRO	1.95	281		HIS	0.18	303	
A0A1V9YE51	step5_his_coordination	0.691	32.19	neither	7.25	9.55	67.8	ARG:1,HIS:2,PRO:1	neither	26.51	24.86	43.7	ASP:1,CYS:2,GLU:1,HIS:1	78.7		3	Thraustotheca clavata	Thraustotheca	Achlyaceae	Saprolegniales	Oomycota		TYR	0.75	109	2.28	HIS	2.22	117		ARG	0.23	126		ASN	0.76	264		HIS	0.64	268		TYR	0.55	291	3.30
A0A1V9YSU1	step5_his_coordination	1.023	3.66	CuA	0.31	4.23	86.5	ALA:1,HIS:4,PHE:2,TRP:1,TYR:1	CuB	3.44	1.30	65.2	HIS:5,PHE:1,TYR:1	83.4		4	Thraustotheca clavata	Thraustotheca	Achlyaceae	Saprolegniales	Oomycota		HIS	0.34	25		HIS	0.28	35		HIS	0.20	44		TYR	0.78	181	1.15	TYR	2.57	185	10.00	HIS	0.62	198	
A0A1V9YYD2	step5_his_coordination	0.563	4.15	CuA	0.12	3.90	96.5	HIS:5,PHE:1,SER:1,TRP:1	CuB	4.21	0.36	79.6	HIS:3,LEU:1,PHE:1,SER:2,TRP:1	88.0		5	Achlya hypogyna	Achlya	Achlyaceae	Saprolegniales	Oomycota		HIS	0.23	75		HIS	0.64	85		HIS	0.14	94		SER	0.77	236		HIS	0.33	240		HIS	0.37	263	
A0A1V9Z4B6	step5_his_coordination	0.743	22.47	neither	24.98	25.21	83.0	ALA:1,ASP:1,HIS:1	neither	17.59	20.53	52.1	ASN:1,ASP:1,GLN:1,HIS:1	87.1		1	Achlya hypogyna	Achlya	Achlyaceae	Saprolegniales	Oomycota		LEU	1.48	80		TYR	1.38	90	3.17	SER	0.68	99		ARG	0.78	235		GLN	0.50	239		HIS	0.50	262	
A0A1X6NRK9	step5_his_coordination	0.641	26.4	CuA	0.68	3.55	83.8	ALA:1,GLN:1,HIS:2,ILE:1,LEU:1,TYR:1	neither	26.19	24.97	68.2	ASP:1,HIS:1,LYS:1	74.8		2	Porphyra umbilicalis	Porphyra	Bangiaceae	Bangiales	Rhodophyta		LEU	0.30	294		HIS	1.19	302		HIS	0.26	311		SER	0.59	426		PHE	0.72	430		GLN	0.15	460	
A0A1X6PJ39	step5_his_coordination	0.675	16.31	CuB	2.54	1.48	75.6	ARG:1,GLN:1,HIS:2,LEU:1,PHE:2,SER:1,TYR:1	neither	13.83	17.67	61.9	ALA:1,GLU:1,HIS:1,PRO:1	74.6		3	Porphyra umbilicalis	Porphyra	Bangiaceae	Bangiales	Rhodophyta		TYR	0.71	106	0.82	LEU	0.37	114		HIS	0.31	123		GLN	1.11	238		ARG	0.65	242		HIS	0.39	268	
A0A1X7RU91	step5_his_coordination	0.697	4.1	CuA	0.28	4.24	95.7	HIS:4,PHE:2,TRP:1	CuB	3.82	0.41	92.6	HIS:5,PHE:2	82.7		5	Zymoseptoria tritici	Zymoseptoria	Mycosphaerellaceae	Mycosphaerellales	Ascomycota		HIS	0.63	122		HIS	0.58	130		HIS	0.12	139		HIS	0.18	278		PRO	0.78	282		HIS	0.35	304	
A0A1X7RVT3	step5_his_coordination	0.679	3.8	CuA	0.46	4.27	95.1	ALA:1,HIS:5,PHE:1,TRP:2	CuB	3.51	0.53	91.4	HIS:6,LEU:1,PHE:1,TRP:1	84.2		5	Zymoseptoria tritici	Zymoseptoria	Mycosphaerellaceae	Mycosphaerellales	Ascomycota		HIS	0.66	107		HIS	0.44	115		HIS	0.31	124		HIS	0.82	253		PRO	1.13	257		HIS	0.22	279	
A0A1Y1VYU8	step5_his_coordination	1.328	4.09	CuA	0.78	4.05	93.8	HIS:4,PHE:3,VAL:1	CuB	4.01	0.20	86.2	HIS:4,PHE:1,SER:1	72.2		5	Linderina pennispora	Linderina	Kickxellaceae	Kickxellales	Kickxellomycota		HIS	0.55	64		HIS	0.64	72		HIS	0.80	81		HIS	0.99	194		HIS	0.89	198		SER	0.87	220	
A0A1Y1Z6J4	step5_his_coordination	0.780	36.33	neither	19.91	16.19	82.8	HIS:1,LYS:1,PHE:1,PRO:1,SER:1	neither	29.00	28.32	76.2	ASN:1,GLU:1,HIS:1	91.9		2	Basidiobolus meristosporus	Basidiobolus	Basidiobolaceae	Basidiobolales	Basidiobolomycota		HIS	0.58	36		HIS	0.90	44		ASN	0.68	53		MET	1.44	163	4.02	HIS	1.43	167		ALA	0.49	190	
A0A1Y1ZAQ2	step5_his_coordination	0.613	3.51	CuA	0.35	3.84	95.9	HIS:3,TYR:2	CuB	3.61	0.46	95.0	HIS:3,LEU:1,PHE:1,TYR:1	95.1		4	Basidiobolus meristosporus	Basidiobolus	Basidiobolaceae	Basidiobolales	Basidiobolomycota		HIS	0.22	41		HIS	0.45	49		ASN	0.61	58		HIS	0.35	170		LEU	0.53	174		HIS	0.30	196	
A0A1Y2CTW7	step5_his_coordination	1.734	19.27	CuA	1.05	4.18	78.2	HIS:4,PHE:1	neither	20.10	18.83	21.2	ASN:1,ASP:1,HIS:1,TYR:1	48.3		3	Rhizoclosmatium globosum	Rhizoclosmatium	Chytriomycetaceae	Chytridiales	Chytridiomycota		HIS	0.77	72		HIS	1.65	80		HIS	0.69	89		---	4.38			---	5.79			PHE	2.86	134	
A0A1Y2EAK7	step5_his_coordination	0.763	3.75	CuB	3.32	1.05	93.9	HIS:4,PHE:2,TYR:1	CuA	0.61	4.46	92.3	HIS:4,ILE:1,PHE:1,THR:1,TRP:1,TYR:1	90.4		5	Pseudomassariella vexata	Pseudomassariella	Pseudomassariaceae	Amphisphaeriales	Ascomycota		HIS	0.53	26		HIS	0.37	34		HIS	0.45	43		HIS	0.70	211		TYR	0.61	215	1.28	HIS	0.25	239	
A0A1Y2HIE7	step5_his_coordination	0.752	3.8	CuA	0.22	3.87	89.9	HIS:4,MET:1,PHE:2,TYR:1	CuB	3.89	1.14	88.9	HIS:6,PHE:1,SER:1,TYR:1	70.4		5	Catenaria anguillulae	Catenaria	Catenariaceae	Blastocladiales	Blastocladiomycota		HIS	1.00	63		HIS	0.79	70		HIS	0.39	79		TYR	0.41	189	1.21	HIS	0.45	193		HIS	0.27	216	
A0A1Y6LJW2	step5_his_coordination	0.666	4.11	CuA	0.16	4.12	94.4	HIS:4,PHE:2,TRP:1	CuB	3.96	0.55	93.1	HIS:4,PHE:2	90.8		5	Zymoseptoria tritici	Zymoseptoria	Mycosphaerellaceae	Mycosphaerellales	Ascomycota		HIS	0.51	21		HIS	0.64	29		HIS	0.14	38		HIS	0.28	177		PRO	0.67	181		HIS	0.46	203	
A0A1Y6LLM1	step5_his_coordination	0.679	3.8	CuA	0.46	4.27	95.1	ALA:1,HIS:5,PHE:1,TRP:2	CuB	3.51	0.53	91.4	HIS:6,LEU:1,PHE:1,TRP:1	84.2		5	Zymoseptoria tritici	Zymoseptoria	Mycosphaerellaceae	Mycosphaerellales	Ascomycota		HIS	0.66	107		HIS	0.44	115		HIS	0.31	124		HIS	0.82	253		PRO	1.13	257		HIS	0.22	279	
A0A210R2D2	step5_his_coordination	1.107	13.32	neither	24.86	21.35	63.2	ARG:1,ASN:1,ASP:1,CYS:3,MET:2	neither	31.51	28.80	20.4	ARG:1,CYS:2,GLY:1,LEU:1,THR:1	56.9		0	Mizuhopecten yessoensis	Mizuhopecten	Pectinidae	Pectinida	Mollusca		TYR	1.80	147	3.70	VAL	1.38	152		HIS	0.28	161		GLY	0.72	267		LYS	1.33	271		ASP	0.37	294	3.32
A0A218Z9Z9	step5_his_coordination	0.698	12.25	CuB	2.99	1.31	91.1	GLN:1,HIS:4,LEU:2,PHE:1,TYR:2	neither	13.08	13.14	84.8	ASP:1,HIS:3,ILE:1,THR:1	85.8		4	Diplocarpon coronariae	Diplocarpon	Drepanopezizaceae	Helotiales	Ascomycota		HIS	0.39	117		TYR	0.71	125	1.48	GLN	0.41	134		HIS	0.97	286		LEU	0.67	290		HIS	0.49	313	
A0A225WZW1	step5_his_coordination	0.619	21.37	CuB	4.28	0.43	97.2	HIS:3,ILE:1,PHE:1,SER:1,TYR:1	neither	23.01	21.24	71.3	HIS:1,LEU:1,LYS:2,TRP:1	84.0		4	Phytophthora megakarya	Phytophthora	Peronosporaceae	Peronosporales	Oomycota		ALA	0.33	75		LEU	1.03	85		ASN	0.66	94		HIS	0.71	238		HIS	0.26	242		HIS	0.42	264	
A0A232M3P4	step5_his_coordination	1.675	4.5	CuB	4.43	0.57	83.4	HIS:4,PHE:1,TRP:1	CuA	1.54	4.01	77.2	ALA:1,CYS:1,HIS:4,PHE:2,TRP:2	77.4		5	Elaphomyces granulatus	Elaphomyces	Elaphomycetaceae	Eurotiales	Ascomycota		HIS	1.86	70		HIS	2.08	99		HIS	1.10	108		HIS	0.33	313		HIS	0.54	317		ASN	2.73	348	
A0A238C4W2	step5_his_coordination	0.759	3.71	CuA	0.35	3.64	95.5	ALA:1,HIS:4,PHE:2	CuB	4.05	0.54	88.5	HIS:4,LEU:1,PHE:2	65.6		5	Onchocerca flexuosa	Onchocerca	Onchocercidae	Rhabditida	Nematoda		HIS	0.31	384		HIS	0.43	394		HIS	0.12	403		HIS	0.74	524		LEU	0.47	528		HIS	0.21	551	
A0A2A2KWS8	step5_his_coordination	0.590	21.16	neither	21.67	21.62	64.2	HIS:1,PHE:1	neither	18.51	16.74	29.1	HIS:1,ILE:1	74.1		0	Diploscapter pachys	Diploscapter	Rhabditidae	Rhabditida	Nematoda		GLN	1.08	114		HIS	1.30	120		ASN	0.57	129		ASN	1.41	259		TYR	0.62	263	2.92	ASP	0.44	286	3.18
A0A2B7X1D4	step5_his_coordination	0.836	4.36	CuB	3.96	0.27	94.4	HIS:6,PHE:2	CuA	1.02	4.40	90.0	CYS:1,HIS:4,PHE:2,TRP:1	84.8		5	Blastomyces parvus	Blastomyces	Ajellomycetaceae	Onygenales	Ascomycota		HIS	0.62	82		HIS	1.71	103		HIS	0.50	112		HIS	0.27	272		HIS	0.20	276		HIS	0.34	302	
A0A2C9KDQ8	step5_his_coordination	0.662	25.99	CuB	4.04	0.98	87.6	HIS:3,PHE:1,SER:1,TYR:2	neither	28.19	26.76	51.3	HIS:1,PHE:1	73.5		3	Biomphalaria glabrata	Biomphalaria	Planorbidae		Mollusca		GLN	0.37	36		ILE	1.93	43		ASN	0.86	53		TYR	0.27	165	0.52	HIS	0.61	169		HIS	0.19	192	
A0A2G8L6J4	step5_his_coordination	0.687	28.76	CuA	1.31	3.06	60.2	ALA:1,GLN:1,HIS:2,PHE:2,TYR:1	neither	28.24	30.15	21.7	GLU:1	75.0		2	Apostichopus japonicus	Apostichopus	Stichopodidae	Aspidochirotida	Echinodermata		TYR	0.77	572	0.80	HIS	0.36	580		HIS	0.39	589		LEU	1.07	695		TYR	0.56	699	2.94	GLN	0.35	721	
A0A2G9GQP1	step5_his_coordination	0.751	4.42	CuB	4.08	0.48	84.2	HIS:5,PHE:2	CuA	1.37	4.45	52.8	ASP:1,CYS:1,HIS:2,PHE:1	68.5		4	Handroanthus impetiginosus	Handroanthus	Bignoniaceae	Lamiales	Streptophyta		HIS	0.91	141		---	4.65			ASP	0.24	158	3.81	HIS	0.34	277		HIS	0.28	281		HIS	0.16	311	
A0A2H1GH96	step5_his_coordination	0.702	4.26	CuA	0.41	4.37	96.0	HIS:4,PHE:2,TRP:1	CuB	3.86	0.40	91.2	HIS:4,PHE:2	83.2		5	Zymoseptoria tritici	Zymoseptoria	Mycosphaerellaceae	Mycosphaerellales	Ascomycota		HIS	0.74	122		HIS	0.51	130		HIS	0.15	139		HIS	0.17	278		PRO	0.76	282		HIS	0.37	304	
A0A2H3E8H0	step5_his_coordination	0.743	4.3	CuA	0.34	4.24	96.8	ARG:1,HIS:3,ILE:1,PHE:1,SER:1,TRP:1	CuB	4.07	0.96	94.0	ARG:1,HIS:4,PHE:2	86.7		5	Armillaria gallica	Armillaria	Physalacriaceae	Agaricales	Basidiomycota		HIS	0.39	111		HIS	0.50	119		HIS	0.19	128		HIS	0.69	273		HIS	0.97	277		ARG	0.41	313	
A0A2H3S6Y7	step5_his_coordination	0.689	3.84	CuA	0.26	4.04	95.7	HIS:4,PHE:2,TRP:1	CuB	3.77	0.40	95.0	HIS:5,PHE:2,PRO:1	76.6		5	Fusarium fujikuroi	Fusarium	Nectriaceae	Hypocreales	Ascomycota		HIS	0.54	117		HIS	0.36	125		HIS	0.22	134		HIS	0.19	271		PRO	1.00	275		HIS	0.39	297	
A0A2H3SXS3	step5_his_coordination	1.064	4.38	CuA	0.43	4.20	90.4	ASN:1,CYS:1,GLY:1,HIS:3,ILE:1,LYS:2,PHE:1,TRP:1	CuB	4.16	0.59	82.2	ASN:1,CYS:1,GLY:1,HIS:3,LYS:2	87.5		5	Fusarium fujikuroi	Fusarium	Nectriaceae	Hypocreales	Ascomycota		HIS	0.51	68		HIS	0.37	76		HIS	0.39	85		HIS	0.38	218		HIS	0.23	222		---	3.16		
A0A2H4SUB3	step5_his_coordination	0.813	4.19	CuB	3.92	0.27	91.9	HIS:6,PHE:2	CuA	0.71	4.26	83.2	CYS:1,HIS:4,PHE:2,TRP:1	85.0		5	Cordyceps militaris	Cordyceps	Cordycipitaceae	Hypocreales	Ascomycota		HIS	0.58	85		HIS	2.65	112		HIS	0.41	139		HIS	0.27	293		HIS	0.25	297		HIS	0.50	322	
A0A2I0MT65	step5_his_coordination	0.875	3.88	CuA	0.64	3.38	93.8	ASP:1,HIS:4,PHE:1,SER:1,TRP:1	CuB	4.45	0.58	68.7	ASP:1,HIS:3,LEU:1,PHE:2	83.6		4	Columba livia	Columba	Columbidae	Columbiformes	Chordata		HIS	0.47	191		HIS	0.73	213		HIS	0.62	222		ASP	1.77	357	1.93	---	4.50			HIS	0.23	375	
A0A2J6PRK0	step5_his_coordination	0.714	3.9	CuA	0.38	4.14	96.0	HIS:4,PHE:1,TRP:1	CuB	3.72	0.30	92.8	HIS:5,PHE:2,PRO:1	82.5		5	Hyaloscypha hepaticicola	Hyaloscypha	Hyaloscyphaceae	Helotiales	Ascomycota		HIS	0.55	114		HIS	0.42	122		HIS	0.32	131		HIS	0.40	260		PRO	1.31	264		HIS	0.49	286	
A0A2J6QS19	step5_his_coordination	0.653	3.61	CuA	0.57	4.32	94.7	HIS:5,PHE:1,TRP:1	CuB	3.26	0.75	90.7	HIS:6,PHE:2	87.4		5	Hyaloscypha variabilis	Hyaloscypha	Hyaloscyphaceae	Helotiales	Ascomycota		HIS	0.19	66		HIS	0.63	74		HIS	0.30	83		HIS	0.88	215		PRO	1.10	219		HIS	0.60	241	
A0A2J6S1F6	step5_his_coordination	0.635	3.95	CuA	0.33	4.08	96.6	HIS:4,PHE:2	CuB	3.85	0.33	95.1	HIS:5,PHE:2	77.3		5	Hyaloscypha variabilis	Hyaloscypha	Hyaloscyphaceae	Helotiales	Ascomycota		HIS	0.38	96		HIS	0.17	104		HIS	0.38	113		HIS	0.18	247		PRO	1.01	251		HIS	0.56	273	
A0A2J6S2Q8	step5_his_coordination	0.694	3.86	CuA	0.34	4.05	96.5	HIS:4,MET:1,PHE:2,TRP:1	CuB	3.79	0.29	95.0	HIS:6,PHE:2,PRO:1	87.7		5	Hyaloscypha variabilis	Hyaloscypha	Hyaloscyphaceae	Helotiales	Ascomycota		HIS	0.29	81		HIS	0.13	89		HIS	0.24	98		HIS	0.11	234		PRO	1.13	238		HIS	0.39	260	
A0A2J6TC85	step5_his_coordination	0.656	26.56	CuB	3.56	0.56	90.1	HIS:4,PHE:2,SER:1,TYR:1	neither	28.38	26.06	83.2	ASN:1,CYS:1,ILE:1,PHE:1	85.9		3	Hyaloscypha bicolor	Hyaloscypha	Hyaloscyphaceae	Helotiales	Ascomycota		HIS	0.65	39		HIS	2.64	47		TYR	0.35	60	0.27	HIS	0.72	203		HIS	0.61	207		HIS	0.16	230	
A0A2J6TD48	step5_his_coordination	0.690	3.79	CuA	0.66	4.44	95.2	HIS:5,PHE:1,TRP:1	CuB	3.31	0.70	91.9	HIS:6,PHE:2	87.8		5	Hyaloscypha bicolor	Hyaloscypha	Hyaloscyphaceae	Helotiales	Ascomycota		HIS	0.14	66		HIS	0.51	74		HIS	0.32	83		HIS	0.73	215		PRO	1.17	219		HIS	0.57	241	
A0A2J8X8R4	step5_his_coordination	0.577	3.98	CuB	4.14	0.21	80.4	ASN:1,HIS:4,LEU:3,PHE:1,VAL:1	CuA	0.29	3.81	85.5	HIS:4,LEU:1,PHE:1,SER:1,TRP:1,VAL:1	81.6		5	Pongo abelii	Pongo	Hominidae	Primates	Chordata		HIS	0.20	189		HIS	0.61	211		HIS	0.26	220		HIS	0.48	369		HIS	0.83	373		HIS	1.03	429	
A0A2L2TIX2	step5_his_coordination	0.705	3.22	CuA	0.43	4.19	94.8	HIS:5,PHE:2,TRP:1	CuB	3.08	1.21	75.0	ARG:1,HIS:5,PHE:2	83.4		5	Fusarium venenatum	Fusarium	Nectriaceae	Hypocreales	Ascomycota		HIS	0.41	60		HIS	0.27	68		HIS	0.32	77		HIS	0.54	215		PRO	1.37	219		HIS	0.45	241	
A0A2N3MZ18	step5_his_coordination	0.696	33.01	neither	10.99	13.64	77.2	ASP:1,HIS:1,PRO:1	neither	25.88	26.74	66.2	HIS:1,LEU:1	72.9		2	Lomentospora prolificans	Lomentospora	Microascaceae	Microascales	Ascomycota		HIS	0.30	261		TYR	0.39	269	1.22	ARG	0.44	278		LEU	1.10	403		ARG	0.86	407		LEU	0.62	431	
A0A2N5SEN2	step5_his_coordination	1.146	3.81	CuA	0.49	3.69	93.7	HIS:4,PHE:1,TRP:1,VAL:1	CuB	4.02	0.76	82.1	HIS:5,TYR:1	89.1		5	Puccinia coronata	Puccinia	Pucciniaceae	Pucciniales	Basidiomycota		HIS	0.50	81		HIS	0.38	89		HIS	0.33	98		HIS	0.59	240		HIS	0.57	244		ALA	2.05	257	
A0A2N5SRB5	step5_his_coordination	0.988	4.16	CuA	0.13	4.07	91.5	HIS:3,ILE:1,PHE:1,TRP:1	CuB	4.05	0.42	87.7	HIS:4,PHE:1,TYR:1,VAL:1	71.0		5	Puccinia coronata	Puccinia	Pucciniaceae	Pucciniales	Basidiomycota		HIS	0.34	173		HIS	0.62	181		HIS	0.17	190		HIS	0.29	333		HIS	0.80	337		VAL	0.24	360	
A0A2N5SSF6	step5_his_coordination	1.012	4.06	CuA	0.15	4.09	92.9	HIS:3,ILE:1,PHE:1,TRP:1	CuB	3.93	0.41	87.5	HIS:4,PHE:1,TYR:1,VAL:1	70.7		5	Puccinia coronata	Puccinia	Pucciniaceae	Pucciniales	Basidiomycota		HIS	0.30	173		HIS	0.53	181		HIS	0.19	190		HIS	0.40	333		HIS	0.83	337		VAL	0.27	360	
A0A2N5TV63	step5_his_coordination	0.761	4.49	CuA	0.60	4.07	77.5	HIS:3,ILE:1,PHE:1,TYR:1	CuB	4.27	0.93	63.6	HIS:3,ILE:1,PHE:1,TYR:1	69.2		5	Puccinia coronata	Puccinia	Pucciniaceae	Pucciniales	Basidiomycota		HIS	0.68	241		HIS	0.81	249		HIS	0.38	258		HIS	0.33	401		HIS	0.92	405		TYR	0.49	417	2.80
A0A2N5U4U9	step5_his_coordination	0.772	6.24	CuA	0.94	4.65	76.3	ARG:3,HIS:3,PHE:1,TRP:1	CuB	5.49	1.81	72.0	ARG:2,ASN:1,ASP:1,HIS:2	61.5		5	Puccinia coronata	Puccinia	Pucciniaceae	Pucciniales	Basidiomycota		HIS	0.59	144		HIS	1.21	152		HIS	0.93	161		HIS	1.28	303		HIS	1.11	307		ARG	0.36	330	
A0A2N5VYB1	step5_his_coordination	1.053	4.33	CuA	0.34	4.29	92.0	HIS:3,ILE:1,PHE:1	CuB	4.00	0.41	87.9	HIS:4,PHE:1,TYR:1,VAL:1	70.2		5	Puccinia coronata	Puccinia	Pucciniaceae	Pucciniales	Basidiomycota		HIS	0.40	173		HIS	0.59	181		HIS	0.34	190		HIS	0.14	333		HIS	0.71	337		VAL	0.37	360	
A0A2P7YDE6	step5_his_coordination	0.847	4.11	CuB	3.56	0.95	92.5	HIS:6,PHE:2	CuA	0.70	4.59	69.0	HIS:3,ILE:1,PHE:1,TRP:1	84.4		5	Elsinoe australis	Elsinoe	Elsinoaceae	Myriangiales	Ascomycota		ALA	0.77	106		HIS	0.56	132		HIS	0.31	141		HIS	0.64	306		HIS	1.27	310		HIS	0.35	334	
A0A2P7Z1M8	step5_his_coordination	0.897	4.03	CuB	3.33	0.77	88.5	HIS:6,PHE:2	CuA	0.87	4.71	80.0	HIS:5,ILE:1,PHE:2,TRP:1	78.8		5	Elsinoe australis	Elsinoe	Elsinoaceae	Myriangiales	Ascomycota		HIS	1.67	115		HIS	0.62	123		HIS	0.40	132		HIS	1.14	273		HIS	1.00	277		HIS	0.32	301	
A0A2P7ZE68	step5_his_coordination	0.754	4.07	CuA	0.68	4.41	91.9	HIS:4,PHE:2,TRP:1,VAL:1	CuB	3.65	0.42	88.3	HIS:5,LEU:1,PHE:2	86.3		5	Elsinoe australis	Elsinoe	Elsinoaceae	Myriangiales	Ascomycota		HIS	0.49	76		HIS	0.34	84		HIS	0.44	93		HIS	0.39	224		PRO	1.34	228		HIS	0.60	250	
A0A2R5FJR1	step5_his_coordination	0.411	4.5	CuA	0.27	4.03	89.0	ALA:1,HIS:4,ILE:1,PHE:1,TRP:1	CuB	4.43	0.54	82.2	ASN:1,HIS:5,PHE:2	77.4		5	Nostoc commune	Nostoc	Nostocaceae	Nostocales	Cyanobacteriota		HIS	0.17	94		HIS	0.54	117		HIS	0.19	126		ASN	0.65	272		HIS	0.30	276		HIS	0.29	315	
A0A2S4UTV9	step5_his_coordination	0.744	4.05	CuA	0.47	4.10	90.7	HIS:4,ILE:1,PHE:1,TYR:1	CuB	3.89	1.00	79.5	HIS:3,MET:1,TYR:1	82.4		4	Puccinia striiformis	Puccinia	Pucciniaceae	Pucciniales	Basidiomycota		HIS	0.22	109		HIS	0.44	117		HIS	0.27	126		HIS	0.51	271		HIS	0.26	275		TYR	1.05	287	4.12
A0A2S4VER1	step5_his_coordination	1.044	4.06	CuA	0.42	3.98	83.5	HIS:4,ILE:1,PHE:1,TYR:1	CuB	3.99	0.65	71.3	HIS:4,ILE:1,TYR:1	69.8		5	Puccinia striiformis	Puccinia	Pucciniaceae	Pucciniales	Basidiomycota		HIS	0.40	169		HIS	0.32	177		HIS	0.36	186		HIS	0.97	331		HIS	0.77	335		---	3.08		
A0A2S4VEY7	step5_his_coordination	0.744	4.05	CuA	0.47	4.10	90.7	HIS:4,ILE:1,PHE:1,TYR:1	CuB	3.89	1.00	79.5	HIS:3,MET:1,TYR:1	82.4		4	Puccinia striiformis	Puccinia	Pucciniaceae	Pucciniales	Basidiomycota		HIS	0.22	109		HIS	0.44	117		HIS	0.27	126		HIS	0.51	271		HIS	0.26	275		TYR	1.05	287	4.12
A0A2T2NJ62	step5_his_coordination	0.812	29.41	neither	26.80	23.01	77.3	GLN:1,GLU:1,HIS:1	neither	24.44	22.49	52.5	HIS:1,TRP:1,TYR:1	79.2		0	Corynespora cassiicola	Corynespora	Corynesporascaceae	Pleosporales	Ascomycota		ARG	0.79	168		PHE	1.77	177		ASN	1.07	185		VAL	1.23	369		ARG	0.92	373		HIS	0.16	396	
A0A2T2PBL1	step5_his_coordination	0.801	3.92	CuB	3.63	0.48	94.1	GLN:1,HIS:5,PHE:1	CuA	0.72	4.19	85.6	GLY:1,HIS:4,PHE:2,PRO:1,TRP:1	81.6		4	Corynespora cassiicola	Corynespora	Corynesporascaceae	Pleosporales	Ascomycota		HIS	0.38	66		SER	1.11	90		HIS	0.42	99		HIS	0.43	270		GLN	0.80	274		HIS	0.26	299	
A0A2T3ZXK1	step5_his_coordination	0.647	3.94	CuA	0.58	4.39	97.0	HIS:4,ILE:1,PHE:1,TRP:1	CuB	3.55	0.68	94.9	HIS:5,LEU:1,PHE:1,TRP:1	84.4		5	Trichoderma harzianum	Trichoderma	Hypocreaceae	Hypocreales	Ascomycota		HIS	0.48	84		HIS	0.31	92		HIS	0.33	101		HIS	0.77	233		PRO	1.08	237		HIS	0.41	259	
A0A2T4GS12	step5_his_coordination	0.830	4.07	CuA	0.65	4.09	86.8	ASN:1,CYS:1,HIS:4,PHE:2,TRP:1	CuB	3.96	0.30	77.3	HIS:6,PHE:2	79.4		5	Fusarium culmorum	Fusarium	Nectriaceae	Hypocreales	Ascomycota		HIS	0.97	46		HIS	0.89	56		HIS	0.35	65		HIS	0.23	257		ALA	2.19	261		HIS	0.13	281	
A0A2T6BVL4	step5_his_coordination	0.821	14.23	CuB	4.88	1.08	97.3	ASP:1,HIS:2,PHE:1,VAL:1	neither	10.33	13.27	82.1	ASP:2,HIS:1	92.9		2	Kordia periserrulae	Kordia	Flavobacteriaceae	Flavobacteriales	Bacteroidota		LEU	0.45	43		ALA	2.31	49		ASN	0.75	60		ASP	0.90	167	2.24	HIS	0.76	171		HIS	0.60	194	
A0A2T6ZWP4	step5_his_coordination	0.796	11.01	CuB	3.87	0.23	94.1	HIS:7,PHE:3	neither	8.59	10.94	71.3	ASN:1,CYS:3,SER:1	86.9		3	Tuber borchii	Tuber	Tuberaceae	Pezizales	Ascomycota		HIS	0.86	62		HIS	1.28	85		HIS	0.49	94		HIS	0.25	279		HIS	0.34	283		HIS	0.20	316	
A0A2V1D8S9	step5_his_coordination	0.612	3.61	CuA	0.58	4.35	94.0	HIS:5,PHE:2	CuB	3.22	0.79	92.0	HIS:6,PHE:2	94.2		5	Periconia macrospinosa	Periconia	Periconiaceae	Pleosporales	Ascomycota		HIS	0.11	49		HIS	0.63	57		HIS	0.35	66		HIS	0.93	196		PRO	1.13	200		HIS	0.37	222	
A0A2V1EB40	step5_his_coordination	0.920	4.3	CuB	4.09	0.77	95.9	HIS:6,PHE:2	CuA	1.06	4.35	94.6	CYS:1,HIS:4,PHE:2,TRP:1	89.3		5	Periconia macrospinosa	Periconia	Periconiaceae	Pleosporales	Ascomycota		HIS	0.66	97		HIS	1.60	123		HIS	0.46	132		HIS	0.73	312		HIS	0.52	316		HIS	0.28	340	
A0A2V5IDW1	step5_his_coordination	0.774	3.98	CuA	0.20	4.02	93.2	HIS:4,PHE:1,SER:1,TRP:1	CuB	3.92	0.13	87.2	HIS:5,PHE:3	87.1		5	Aspergillus indologenus	Aspergillus	Aspergillaceae	Eurotiales	Ascomycota		HIS	0.59	93		HIS	0.65	101		HIS	0.10	110		HIS	0.46	240		PRO	1.24	244		HIS	0.44	266	
A0A2V5JDM1	step5_his_coordination	0.895	25.19	CuB	3.80	0.47	94.1	ASP:1,HIS:5,PHE:2	neither	25.14	25.32	68.5	ASN:1,ASP:1,HIS:1	76.8		4	Aspergillus indologenus	Aspergillus	Aspergillaceae	Eurotiales	Ascomycota		GLN	0.86	111		ASP	0.99	144	2.45	HIS	0.35	153		HIS	0.64	273		HIS	0.50	277		HIS	0.53	300	
A0A2Z5HVJ6	step5_his_coordination	0.830	4.09	CuB	4.08	0.49	94.3	GLN:1,HIS:6,PHE:2	CuA	0.82	4.06	95.1	CYS:1,GLN:1,HIS:4,PHE:4	77.7		5	Mucuna pruriens	Mucuna	Fabaceae	Fabales	Streptophyta		HIS	0.65	96		HIS	0.84	117		HIS	0.17	126		GLN	0.14	250		HIS	0.31	254		HIS	0.29	284	
A0A317SGF7	step5_his_coordination	0.792	4.65	CuB	4.81	1.11	85.7	ASN:1,HIS:4,LEU:1,PHE:2,TYR:1	CuA	0.52	3.86	84.5	ASN:1,CYS:1,HIS:4,PHE:2,TRP:1	73.8		5	Tuber magnatum	Tuber	Tuberaceae	Pezizales	Ascomycota		HIS	0.67	232		HIS	0.97	238		HIS	0.38	247		ASN	1.25	413		HIS	0.40	417		HIS	0.36	440	
A0A317VMA5	step5_his_coordination	0.751	3.78	CuA	0.26	3.94	94.2	GLY:1,HIS:4,PHE:1,SER:1,TRP:1	CuB	3.80	0.16	92.2	HIS:6,PHE:2,PRO:1	77.3		5	Aspergillus heteromorphus	Aspergillus	Aspergillaceae	Eurotiales	Ascomycota		HIS	0.64	156		HIS	0.60	164		HIS	0.20	173		HIS	0.50	303		PRO	1.21	307		HIS	0.43	329	
A0A319FJL1	step5_his_coordination	0.785	4.15	CuB	3.67	0.54	92.1	GLU:1,HIS:5,PHE:1	CuA	0.57	4.44	77.7	GLU:1,HIS:3,ILE:1,PHE:1,SER:1,THR:1	84.8		5	Aspergillus sclerotiicarbonarius	Aspergillus	Aspergillaceae	Eurotiales	Ascomycota		HIS	0.60	117		LEU	2.08	130		HIS	0.22	139		HIS	0.76	302		HIS	0.91	306		HIS	0.34	329	
A0A329SB08	step5_his_coordination	0.836	30.64	neither	23.99	21.16	61.4	CYS:1,GLU:1,THR:2,TRP:1	neither	21.44	18.82	55.0	ASP:1,GLU:2,HIS:1,LYS:1,THR:1	88.6		0	Phytophthora cactorum	Phytophthora	Peronosporaceae	Peronosporales	Oomycota		TYR	0.68	59	3.01	VAL	0.66	69		TYR	0.49	78	3.29	GLN	1.06	230		HIS	1.08	234		TYR	0.40	256	0.40
A0A329SW91	step5_his_coordination	0.600	21.97	CuB	4.31	0.46	97.5	HIS:3,PHE:1,SER:1,TYR:1	neither	23.84	21.95	72.6	HIS:1,PRO:1,TRP:1,TYR:1	85.0		4	Phytophthora cactorum	Phytophthora	Peronosporaceae	Peronosporales	Oomycota		ALA	0.35	72		LEU	0.99	82		ASN	0.69	91		HIS	0.76	235		HIS	0.41	239		HIS	0.36	261	
A0A365NE95	step5_his_coordination	0.687	3.62	CuA	0.32	3.90	96.9	HIS:4,PHE:2,TRP:1	CuB	3.71	0.46	95.7	HIS:6,PHE:2	83.5		5	Fusarium proliferatum	Fusarium	Nectriaceae	Hypocreales	Ascomycota		HIS	0.58	53		HIS	0.32	61		HIS	0.21	70		HIS	0.12	207		PRO	1.02	211		HIS	0.39	233	
A0A368GCB1	step5_his_coordination	1.057	4.68	CuA	0.58	3.60	86.6	ALA:1,HIS:4,PHE:2	CuB	5.06	1.14	55.4	GLY:1,HIS:3,MET:1,PHE:2,THR:1	75.9		4	Ancylostoma caninum	Ancylostoma	Ancylostomatidae	Rhabditida	Nematoda		HIS	0.38	29		HIS	0.60	39		HIS	0.65	48		THR	1.08	138		MET	2.77	146	7.26	HIS	0.33	162	
A0A368QNI6	step5_his_coordination	0.867	4.39	CuA	1.13	4.63	80.0	CYS:1,HIS:4,PHE:3,TYR:1	CuB	3.89	0.83	67.2	ASP:1,HIS:5,ILE:1,PHE:2,PRO:1	67.4		4	Setaria italica	Setaria	Poaceae	Poales	Streptophyta		HIS	0.80	137		HIS	0.84	158		HIS	0.38	167		ASP	0.51	276	7.93	PRO	0.31	280		HIS	0.61	310	
A0A384BB62	step5_his_coordination	0.656	4.05	CuA	0.37	3.78	89.6	ASN:1,HIS:4,LEU:1,PHE:1,SER:2,TRP:1	CuB	4.24	0.50	76.7	ASN:1,HIS:5,LEU:1,PHE:1,SER:1,VAL:1	80.1		4	Balaenoptera acutorostrata	Balaenoptera	Balaenopteridae	Artiodactyla	Chordata		HIS	0.16	189		HIS	0.44	211		HIS	0.38	220		HIS	0.30	369		HIS	0.69	373		HIS	0.58	431	
A0A384K0M5	step5_his_coordination	0.842	4.61	CuA	0.44	4.08	96.4	HIS:4,PHE:2,TRP:1	CuB	4.55	0.98	82.4	HIS:3,LEU:1,PHE:2	78.9		5	Botrytis cinerea	Botrytis	Sclerotiniaceae	Helotiales	Ascomycota		HIS	0.30	135		HIS	0.33	143		HIS	0.44	152		ALA	1.40	278		SER	1.94	283		HIS	0.57	305	
A0A384K4W6	step5_his_coordination	0.643	3.57	CuA	0.61	4.28	96.0	HIS:5,PHE:2,SER:1,TRP:1	CuB	3.28	0.73	93.3	HIS:6,PHE:2	83.6		5	Botrytis cinerea	Botrytis	Sclerotiniaceae	Helotiales	Ascomycota		HIS	0.42	105		HIS	0.20	113		HIS	0.47	122		HIS	0.80	251		PRO	1.36	255		HIS	0.42	277	
A0A395HJP7	step5_his_coordination	0.962	3.54	CuA	0.71	4.50	93.7	HIS:5,ILE:1,PHE:1,TRP:1	CuB	3.06	1.04	90.0	HIS:6,PHE:2,VAL:1	78.9		5	Aspergillus homomorphus	Aspergillus	Aspergillaceae	Eurotiales	Ascomycota		HIS	0.69	96		HIS	0.54	109		HIS	0.54	118		HIS	0.90	237		CYS	2.89	240	7.50	HIS	0.43	291	
A0A395T2J9	step5_his_coordination	0.633	4.44	CuB	3.58	0.44	94.8	HIS:5,PHE:2	CuA	0.91	4.82	91.2	HIS:4,PHE:2,TRP:1,VAL:1	86.0		5	Fusarium longipes	Fusarium	Nectriaceae	Hypocreales	Ascomycota		HIS	0.51	82		HIS	1.14	109		HIS	0.18	118		HIS	0.61	257		HIS	0.56	261		HIS	0.48	283	
A0A3B6EKX7	step5_his_coordination	0.954	4.15	CuB	3.56	0.42	94.6	HIS:6,PHE:1,TYR:1	CuA	0.78	4.56	83.2	CYS:1,HIS:3,ILE:1,PHE:2,TYR:1	86.4		5	Triticum aestivum	Triticum	Poaceae	Poales	Streptophyta		HIS	1.01	37		HIS	2.68	58		HIS	0.42	66		HIS	0.56	188		HIS	0.44	192		HIS	0.38	222	
A0A3B6J0G9	step5_his_coordination	0.871	4.03	CuB	4.00	0.64	81.2	ASN:1,HIS:5,PHE:1	CuA	0.89	4.00	67.3	ASN:1,CYS:1,HIS:4,ILE:1,PHE:1,TYR:1	80.0		5	Triticum aestivum	Triticum	Poaceae	Poales	Streptophyta		HIS	0.75	29		HIS	0.94	50		HIS	0.25	59		HIS	0.49	181		HIS	0.37	185		ASN	0.41	215	
A0A3E2HCJ3	step5_his_coordination	0.745	3.51	CuA	0.45	4.15	92.9	HIS:5,PHE:2,SER:1,TRP:1	CuB	3.34	0.68	85.4	HIS:6,LEU:1,PHE:2	78.0		5	Scytalidium lignicola	Scytalidium			Ascomycota		HIS	0.30	133		HIS	0.40	141		HIS	0.40	150		HIS	0.82	278		PRO	1.19	282		HIS	0.48	304	
A0A3F2RYX7	step5_his_coordination	0.827	17.26	neither	23.89	21.07	76.2	CYS:1,GLU:2,GLY:2,TRP:1	neither	25.50	24.72	68.5	GLU:1,HIS:1,SER:1	90.1		1	Phytophthora kernoviae	Phytophthora	Peronosporaceae	Peronosporales	Oomycota		TYR	0.51	25	3.03	VAL	1.06	35		TYR	0.35	44	3.52	GLN	0.98	196		HIS	1.06	200		TYR	0.36	222	0.56
A0A3F3PW89	step5_his_coordination	0.576	4.1	CuB	3.93	0.50	93.4	HIS:5,PHE:2	CuA	0.45	4.15	85.8	HIS:3,ILE:2,PHE:2,TRP:1	87.1		5	Aspergillus welwitschiae	Aspergillus	Aspergillaceae	Eurotiales	Ascomycota		HIS	0.37	98		ILE	1.57	110		HIS	0.34	123		HIS	0.34	242		HIS	0.37	246		HIS	0.26	269	
A0A3F3Q782	step5_his_coordination	0.791	3.99	CuB	3.83	0.33	94.4	HIS:5,LEU:1,PHE:1,VAL:1	CuA	0.51	4.12	83.5	HIS:5,PHE:2,THR:1	86.7		5	Aspergillus welwitschiae	Aspergillus	Aspergillaceae	Eurotiales	Ascomycota		HIS	0.17	57		HIS	2.37	62		HIS	0.46	71		HIS	0.56	197		HIS	0.47	201		HIS	0.46	224	
A0A3M0L5Z8	step5_his_coordination	1.101	4.1	CuA	0.39	3.78	95.4	HIS:4,PHE:2,SER:1,TRP:1	CuB	4.31	0.51	59.2	GLN:1,HIS:4,LEU:1,PHE:2,THR:1	83.9		4	Hirundo rustica	Hirundo	Hirundinidae	Passeriformes	Chordata		HIS	0.22	191		HIS	0.36	214		HIS	0.46	223		GLN	1.73	362		THR	2.22	363		HIS	0.14	376	
A0A3M6VLC9	step5_his_coordination	0.871	35.25	neither	24.12	21.45	64.8	ASN:1,ASP:2,CYS:1,GLN:1,GLY:1,TRP:1	neither	44.07	40.21	51.0	ASN:1,HIS:1,LEU:1,LYS:1	87.2		1	Peronospora effusa	Peronospora	Peronosporaceae	Peronosporales	Oomycota		TYR	0.55	65	3.09	VAL	1.13	75		TYR	0.46	84	3.33	GLN	0.96	234		HIS	1.08	238		TYR	0.39	260	0.39
A0A3M6XNY6	step5_his_coordination	0.785	4.12	CuB	3.92	0.26	92.4	HIS:6,PHE:2	CuA	0.67	4.17	82.7	CYS:1,HIS:4,PHE:2,TRP:1	82.0		5	Hortaea werneckii	Hortaea	Teratosphaeriaceae	Mycosphaerellales	Ascomycota		HIS	0.48	70		HIS	1.89	95		HIS	0.45	104		HIS	0.14	271		HIS	0.37	275		HIS	0.36	307	
A0A3M7C5D9	step5_his_coordination	0.885	4.8	CuB	3.86	0.39	92.5	HIS:5,PHE:2	CuA	1.20	4.87	79.8	CYS:1,HIS:3,ILE:2,LEU:1,PHE:1,TRP:1	80.2		5	Hortaea werneckii	Hortaea	Teratosphaeriaceae	Mycosphaerellales	Ascomycota		ILE	1.09	106		HIS	1.01	133		HIS	0.69	142		HIS	0.30	322		HIS	0.53	326		HIS	0.30	351	
A0A3M7J5F3	step5_his_coordination	0.894	5.24	CuB	4.03	0.38	91.2	HIS:5,PHE:2	CuA	1.36	5.15	75.3	CYS:1,HIS:3,ILE:2,LEU:1,PHE:1,TRP:1	78.1		5	Hortaea werneckii	Hortaea	Teratosphaeriaceae	Mycosphaerellales	Ascomycota		ILE	1.06	106		HIS	0.77	133		HIS	0.69	142		HIS	0.26	324		HIS	0.60	328		HIS	0.28	353	
A0A3M7MKX7	step5_his_coordination	0.831	4.41	CuB	4.01	0.22	95.9	HIS:6,PHE:1	CuA	0.83	4.31	91.9	CYS:1,HIS:3,PHE:2,TRP:1	83.2		5	Pyrenophora seminiperda	Pyrenophora	Pleosporaceae	Pleosporales	Ascomycota		HIS	0.70	79		HIS	1.24	103		HIS	0.50	112		HIS	0.23	284		HIS	0.32	288		HIS	0.34	312	
A0A3N0CP77	step5_his_coordination	0.654	46.13	neither	119.05	118.77	88.6	ALA:1,ASN:2,ASP:2,ILE:1,LEU:1,PRO:1	neither	79.94	79.10	50.9	GLU:1,HIS:1	89.8		0	Nocardioides marmoriginsengisoli	Nocardioides	Nocardioidaceae	Propionibacteriales	Actinomycetota		ALA	0.34	80		SER	0.92	88		ILE	0.35	97		TYR	0.58	210	1.43	ARG	0.67	214		ALA	0.31	236	
A0A3N4IPE1	step5_his_coordination	0.783	4.07	CuB	3.72	0.29	94.3	HIS:6,PHE:3	CuA	0.96	4.34	87.7	CYS:1,HIS:4,PHE:2,TRP:1	75.7		5	Ascobolus immersus	Ascobolus	Ascobolaceae	Pezizales	Ascomycota		HIS	0.73	137		HIS	1.52	160		HIS	0.53	169		HIS	0.21	361		HIS	0.43	365		HIS	0.26	391	
A0A3N4K3H4	step5_his_coordination	1.203	3.15	CuB	3.99	0.62	89.0	HIS:4,PHE:3	CuA	0.97	3.07	50.0	HIS:4,PHE:3,TRP:1	83.4		4	Choiromyces venosus	Choiromyces	Tuberaceae	Pezizales	Ascomycota		ALA	2.13	47		SER	2.43	58		HIS	0.62	67		HIS	0.43	214		HIS	2.08	218		HIS	0.54	230	
A0A3P3Y6E4	step5_his_coordination	1.339	13.34	neither	29.48	28.49	44.0	ARG:1,GLU:1,HIS:1	neither	32.18	31.95	39.9	ALA:1,ARG:1,ASP:1,HIS:1	49.2		0	Plasmodiophora brassicae	Plasmodiophora	Plasmodiophoridae	Plasmodiophorida	Endomyxa		TYR	1.52	78	2.51	ARG	0.63	91		GLN	0.49	100		GLN	1.68	189		THR	1.90	193		MET	0.23	215	5.41
A0A3P3Y6K2	step5_his_coordination	1.002	13.78	CuB	4.11	0.41	85.9	GLN:2,HIS:2,PHE:1	neither	11.50	13.78	77.3	ASP:1,HIS:2,LEU:1	82.4		2	Plasmodiophora brassicae	Plasmodiophora	Plasmodiophoridae	Plasmodiophorida	Endomyxa		HIS	0.92	58		---	4.41			ASN	0.36	73		GLN	0.67	169		GLN	0.70	173		HIS	0.41	196	
A0A3P6S9E3	step5_his_coordination	0.738	3.74	CuA	0.26	3.78	96.6	ALA:1,HIS:4,PHE:2	CuB	3.94	0.52	85.7	HIS:5,LEU:1,PHE:2	67.3		5	Litomosoides sigmodontis	Litomosoides	Onchocercidae	Rhabditida	Nematoda		HIS	0.22	360		HIS	0.39	370		HIS	0.20	379		HIS	0.55	528		LEU	0.43	532		HIS	0.32	555	
A0A3P7DNC2	step5_his_coordination	0.734	3.44	CuA	0.42	3.67	96.2	ALA:1,HIS:4,PHE:2	CuB	3.77	0.91	87.5	HIS:5,LEU:1,PHE:2	62.5		5	Wuchereria bancrofti	Wuchereria	Onchocercidae	Rhabditida	Nematoda		HIS	0.30	384		HIS	0.25	394		HIS	0.27	403		HIS	0.40	524		LEU	0.34	528		HIS	0.27	551	
A0A3P8DS39	step5_his_coordination	0.864	3.58	CuA	0.37	4.13	89.1	ALA:1,HIS:4,PHE:2,TRP:1	CuB	3.47	0.87	57.0	HIS:4,LEU:1,PHE:2	83.4		4	Heligmosomoides polygyrus	Heligmosomoides	Heligmosomidae	Rhabditida	Nematoda		HIS	0.27	152		HIS	0.52	162		HIS	0.27	171		---	4.03			LEU	0.24	289		HIS	0.34	312	
A0A3P8WSE3	step5_his_coordination	0.884	4.6	CuB	4.52	0.74	91.0	GLN:1,HIS:3,PHE:2	CuA	0.65	4.11	93.6	GLN:1,HIS:3,PHE:2,TRP:1	80.9		5	Cynoglossus semilaevis	Cynoglossus	Cynoglossidae	Pleuronectiformes	Chordata		HIS	0.28	182		HIS	0.62	205		HIS	0.51	214		HIS	0.48	366		HIS	0.37	370		GLN	0.56	393	
A0A3Q3L0Y4	step5_his_coordination	1.130	4.31	CuB	4.34	0.69	84.8	ASP:1,HIS:3,LEU:1,PHE:2	CuA	0.24	3.90	86.1	ASP:1,HIS:3,PHE:1,SER:2,TRP:1	80.1		5	Mastacembelus armatus	Mastacembelus	Mastacembelidae	Synbranchiformes	Chordata		HIS	0.33	176		HIS	0.62	199		HIS	0.46	208		HIS	0.86	362		HIS	0.24	366		ASP	0.69	389	2.92
A0A3R6YR15	step5_his_coordination	1.112	14.15	CuB	4.05	0.88	67.8	HIS:2,PHE:2,SER:1,THR:1,TYR:2	neither	14.51	14.89	26.9	CYS:1,HIS:1,ILE:1,MET:1,TYR:1	72.5		2	Aphanomyces invadans	Aphanomyces	Verrucalvaceae	Saprolegniales	Oomycota		VAL	2.39	13		TYR	0.89	23	3.10	ASN	0.64	32		HIS	1.12	167		HIS	0.40	171		SER	0.09	210	
A0A3R7FX46	step5_his_coordination	0.806	19.95	neither	23.94	21.10	77.5	ASP:1,CYS:1,GLU:2,GLY:1,TRP:1	neither	25.08	25.06	54.0	ALA:1,ASN:1,HIS:1	90.1		0	Phytophthora kernoviae	Phytophthora	Peronosporaceae	Peronosporales	Oomycota		TYR	0.45	13	3.11	VAL	1.00	23		TYR	0.41	32	3.33	GLN	0.94	184		HIS	1.00	188		TYR	0.20	210	0.55
A0A3S3Q853	step5_his_coordination	0.932	4.25	CuB	3.58	0.48	96.6	HIS:7,PHE:3	CuA	0.91	4.60	86.7	CYS:1,HIS:4,PHE:1,THR:1,TRP:1	85.7		5	Flavobacterium cerinum	Flavobacterium	Flavobacteriaceae	Flavobacteriales	Bacteroidota		HIS	0.43	79		THR	2.74	109		HIS	0.30	124		HIS	0.51	220		HIS	0.47	224		HIS	0.43	267	
A0A401PX39	step5_his_coordination	0.690	60.14	neither	34.24	32.12	23.5	GLN:1,GLU:1,HIS:1,SER:1	neither	27.11	30.54	25.5	ARG:1,GLN:1,HIS:1,VAL:1	80.4		2	Scyliorhinus torazame	Scyliorhinus	Scyliorhinidae	Carcharhiniformes	Chordata		ARG	0.47	318		ASN	0.60	326		HIS	0.43	335		SER	0.78	440		HIS	0.40	444		TYR	0.44	466	1.09
A0A409WYM8	step5_his_coordination	0.677	4.0	CuA	0.65	3.84	88.4	HIS:3,ILE:1,PHE:2,TYR:1	CuB	4.16	0.33	80.4	HIS:5,ILE:1,PHE:2,SER:1,TYR:1	85.0		4	Psilocybe cyanescens	Psilocybe	Agrocybaceae	Agaricales	Basidiomycota		TYR	0.82	75	1.09	HIS	0.54	83		HIS	0.36	92		SER	0.88	230		HIS	0.31	234		HIS	0.23	276	
A0A409XK29	step5_his_coordination	0.925	4.12	CuA	0.36	4.20	87.6	GLN:1,HIS:3,ILE:1,PHE:2,TRP:1	CuB	3.85	0.63	82.9	HIS:3,ILE:1,PHE:2,THR:1	81.1		5	Psilocybe cyanescens	Psilocybe	Agrocybaceae	Agaricales	Basidiomycota		HIS	0.61	91		HIS	0.44	99		HIS	0.31	108		HIS	1.17	237		HIS	1.07	241		ILE	0.79	280	
A0A419QAV9	step5_his_coordination	0.577	6.04	CuB	5.22	1.53	90.1	ASN:1,GLN:1,HIS:2,ILE:1,PHE:1,TYR:1	CuA	0.96	4.85	89.1	ASN:2,HIS:2,THR:1,TRP:1,TYR:1	90.5		4	Clonorchis sinensis	Clonorchis	Opisthorchiidae	Opisthorchiida	Platyhelminthes		ASN	0.48	186		HIS	0.48	211		HIS	0.13	220		ASN	0.47	371		HIS	0.10	375		GLN	0.57	398	
A0A420TE23	step5_his_coordination	1.172	14.3	CuB	3.90	0.37	93.1	HIS:4,PHE:1	neither	11.00	14.36	52.7	HIS:2,PRO:1	80.9		4	Fusarium proliferatum	Fusarium	Nectriaceae	Hypocreales	Ascomycota		HIS	1.68	75		---	3.10			---	3.49			HIS	0.46	214		HIS	0.54	218		HIS	0.53	240	
A0A421G844	step5_his_coordination	0.688	4.45	CuA	0.23	4.01	91.9	ALA:1,HIS:4,PHE:2,TRP:1	CuB	4.42	0.72	85.7	ARG:1,HIS:4,PHE:1	85.6		5	Phytophthora kernoviae	Phytophthora	Peronosporaceae	Peronosporales	Oomycota		HIS	0.51	75		HIS	0.39	85		HIS	0.11	94		ARG	0.84	237		HIS	0.35	241		HIS	0.25	263	
A0A425CLB8	step5_his_coordination	0.888	35.26	neither	23.65	20.97	65.5	ASN:1,ASP:2,CYS:1,GLN:1,GLY:1,TRP:1	neither	44.03	40.16	51.6	ASN:1,HIS:1,LEU:1	87.4		1	Peronospora effusa	Peronospora	Peronosporaceae	Peronosporales	Oomycota		TYR	0.63	65	2.93	VAL	1.11	75		TYR	0.43	84	3.00	GLN	0.97	234		HIS	1.05	238		TYR	0.37	260	0.37
A0A430HE78	step5_his_coordination	1.031	4.77	CuB	3.68	0.39	96.1	HIS:7,PHE:3	CuA	1.28	5.02	92.9	CYS:1,HIS:4,PHE:1,THR:1,TRP:1,VAL:1	81.7		5	Massilia atriviolacea	Massilia	Oxalobacteraceae	Burkholderiales	Pseudomonadota		HIS	0.41	84		HIS	2.75	121		HIS	0.50	134		HIS	0.72	251		HIS	0.50	255		HIS	0.59	278	
A0A437ABU9	step5_his_coordination	0.841	4.26	CuB	3.89	0.10	96.7	HIS:6,PHE:2,SER:1	CuA	1.08	4.34	94.1	CYS:1,HIS:3,PHE:2,TRP:1	81.7		5	Arthrobotrys flagrans	Arthrobotrys	Orbiliaceae	Orbiliales	Ascomycota		HIS	0.76	148		HIS	1.52	170		HIS	0.61	179		HIS	0.32	342		HIS	0.15	346		HIS	0.20	371	
A0A443HXX0	step5_his_coordination	0.850	4.06	CuA	0.56	4.29	96.4	HIS:4,PHE:2	CuB	3.75	0.39	91.7	HIS:4,PHE:2	80.8		5	Paecilomyces variotii	Paecilomyces	Thermoascaceae	Eurotiales	Ascomycota		HIS	0.72	127		HIS	0.36	135		HIS	0.32	144		HIS	0.20	271		PRO	1.11	275		HIS	0.48	297	
A0A444RJX5	step5_his_coordination	0.931	4.46	CuB	3.86	1.07	95.1	HIS:5,PHE:1,TYR:1	CuA	0.70	4.63	95.3	HIS:4,ILE:1,PHE:1,PRO:1,TRP:1,TYR:1	85.7		5	Verticillium dahliae	Verticillium	Plectosphaerellaceae	Glomerellales	Ascomycota		HIS	0.76	13		HIS	0.24	21		HIS	0.23	30		HIS	0.15	192		TYR	1.30	196	1.19	HIS	0.52	219	
A0A444UPP0	step5_his_coordination	0.943	4.11	CuA	0.27	3.85	76.9	HIS:3,PHE:1,SER:1,TRP:1	CuB	4.25	1.00	65.1	HIS:4,PHE:1,THR:1	75.2		5	Acipenser ruthenus	Acipenser	Acipenseridae	Acipenseriformes	Chordata		HIS	0.32	187		HIS	0.41	209		HIS	0.30	218		HIS	1.13	367		HIS	1.36	371		THR	0.61	394	
A0A446BXJ9	step5_his_coordination	1.142	4.81	CuA	0.28	4.12	96.4	GLY:1,HIS:4,PHE:2,SER:1	CuB	4.65	0.71	63.9	HIS:3,LEU:1,MET:1,PHE:2	89.8		4	Thermothielavioides terrestris	Thermothielavioides	Chaetomiaceae	Sordariales	Ascomycota		HIS	0.99	71		HIS	0.24	79		HIS	0.32	88		VAL	2.63	204		MET	1.96	207	6.12	HIS	0.44	223	
A0A447TAE7	step5_his_coordination	0.799	4.44	CuB	3.68	0.33	94.6	HIS:6,PHE:2	CuA	0.94	4.71	86.5	CYS:1,GLN:1,HIS:4,PHE:1,TRP:1	81.2		5	Chromobacterium violaceum	Chromobacterium	Chromobacteriaceae	Neisseriales	Pseudomonadota		HIS	0.50	33		ALA	2.52	68		HIS	0.28	82		HIS	0.60	182		HIS	0.34	186		HIS	0.56	211	
A0A484G057	step5_his_coordination	0.804	2.58	CuA	0.73	4.41	79.8	GLN:1,GLU:1,HIS:3,PHE:2	CuB	2.22	2.71	44.2	ASN:1,GLN:2,GLU:1,HIS:3,PHE:3	75.5		3	Colletotrichum orbiculare	Colletotrichum	Glomerellaceae	Glomerellales	Ascomycota		HIS	0.53	189		HIS	0.67	197		HIS	0.34	206		ASN	1.23	374		GLN	1.15	378		GLN	0.51	402	
A0A485KPS2	step5_his_coordination	0.933	34.39	CuB	4.66	1.06	80.9	CYS:1,HIS:2,LEU:1,MET:1,PHE:2,THR:1,TYR:2	neither	36.68	34.13	58.4	GLU:1,HIS:1,LEU:1,VAL:1	76.2		3	Aphanomyces stellatus	Aphanomyces	Verrucalvaceae	Saprolegniales	Oomycota		VAL	2.19	121		TYR	1.04	131	1.95	ASN	0.74	140		HIS	1.05	280		HIS	0.92	284		SER	0.63	328	
A0A485KPU0	step5_his_coordination	0.829	24.99	CuB	4.32	0.99	92.5	HIS:3,PHE:2,THR:1,TYR:2	neither	25.73	25.89	60.1	ASP:1,HIS:2,THR:1	74.4		3	Aphanomyces stellatus	Aphanomyces	Verrucalvaceae	Saprolegniales	Oomycota		VAL	2.38	167		TYR	0.85	177	2.25	ASN	0.75	186		HIS	0.97	325		HIS	0.38	329		HIS	0.32	351	
A0A485KQE4	step5_his_coordination	0.834	25.04	CuB	4.26	0.98	95.8	HIS:3,PHE:2,THR:1,TYR:2	neither	25.66	25.88	71.7	ASP:1,HIS:2,THR:1	85.3		3	Aphanomyces stellatus	Aphanomyces	Verrucalvaceae	Saprolegniales	Oomycota		VAL	2.42	67		TYR	0.73	77	2.28	ASN	0.68	86		HIS	1.08	225		HIS	0.38	229		HIS	0.23	251	
A0A485KTR0	step5_his_coordination	0.667	4.05	CuB	4.20	0.57	95.7	HIS:5,PHE:3,SER:1	CuA	0.57	3.86	86.5	ALA:1,HIS:4,PHE:2,TRP:1	88.7		5	Aphanomyces stellatus	Aphanomyces	Verrucalvaceae	Saprolegniales	Oomycota		HIS	0.09	66		HIS	1.00	76		HIS	0.35	84		HIS	0.71	242		HIS	0.48	246		HIS	0.20	268	
A0A498S2C2	step5_his_coordination	0.752	3.36	CuA	0.42	3.65	95.3	ALA:1,HIS:5,PHE:2	CuB	3.72	0.89	84.2	HIS:5,LEU:1,PHE:2	68.9		5	Acanthocheilonema viteae	Acanthocheilonema	Onchocercidae	Rhabditida	Nematoda		HIS	0.34	373		HIS	0.39	383		HIS	0.21	392		HIS	0.35	513		LEU	0.47	517		HIS	0.35	540	
A0A4E9FIB1	step5_his_coordination	0.745	3.52	CuA	0.39	3.83	95.5	ALA:1,HIS:4,PHE:2	CuB	3.72	1.00	88.7	HIS:5,LEU:1,PHE:2	67.6		5	Brugia malayi	Brugia	Onchocercidae	Rhabditida	Nematoda		HIS	0.30	379		HIS	0.37	389		HIS	0.23	398		HIS	0.47	519		LEU	0.37	523		HIS	0.29	546	
A0A4P9VZN9	step5_his_coordination	0.698	3.83	CuB	3.65	0.52	91.0	HIS:5,PHE:1	CuA	0.42	4.17	52.9	HIS:4,PHE:1,THR:1,TRP:1,VAL:1	72.9		5	Blyttiomyces helicus	Blyttiomyces			Chytridiomycota		HIS	0.54	86		HIS	0.55	94		TRP	1.36	102		HIS	0.90	236		HIS	0.34	240		HIS	0.33	278	
A0A4P9XG75	step5_his_coordination	0.604	22.19	CuA	1.41	2.65	81.8	GLN:1,HIS:3,PHE:2,TYR:2	neither	21.68	22.28	48.4	ARG:1,GLY:1,HIS:1,LYS:1,TRP:1	68.3		4	Thamnocephalis sphaerospora	Thamnocephalis	Sigmoideomycetaceae	Zoopagales	Zoopagomycota		TYR	0.85	68	1.32	HIS	0.40	76		HIS	0.20	85		TYR	0.81	197	3.27	GLN	0.59	201		HIS	0.60	223	
A0A4P9XJ34	step5_his_coordination	0.731	48.3	neither	20.94	23.70	77.5	ASP:2,GLU:1,HIS:1	neither	28.38	24.96	67.1	ASP:1,GLY:1,HIS:1	90.2		0	Thamnocephalis sphaerospora	Thamnocephalis	Sigmoideomycetaceae	Zoopagales	Zoopagomycota		TYR	0.82	68	1.04	GLN	1.17	76		HIS	0.34	85		TYR	1.26	197	1.91	PRO	1.27	201		TYR	0.31	223	1.26
A0A4P9XNA4	step5_his_coordination	0.497	3.94	CuA	0.32	3.71	97.5	ALA:1,HIS:4,TRP:1,TYR:2	CuB	4.19	0.38	95.5	ASN:1,GLU:1,HIS:3,TYR:2	93.4		4	Thamnocephalis sphaerospora	Thamnocephalis	Sigmoideomycetaceae	Zoopagales	Zoopagomycota		HIS	0.34	11		HIS	0.42	19		HIS	0.23	28		GLY	0.59	140		GLU	0.72	144	2.27	HIS	0.32	166	
A0A4Q4M2B0	step5_his_coordination	0.556	3.92	CuA	0.39	4.17	96.4	HIS:4,ILE:1,PHE:2	CuB	3.72	0.46	94.4	HIS:4,PHE:2	89.5		5	Alternaria tenuissima	Alternaria	Pleosporaceae	Pleosporales	Ascomycota		HIS	0.24	13		HIS	0.54	21		HIS	0.06	30		HIS	0.23	162		PRO	0.90	166		HIS	0.52	188	
A0A4Q4NQ20	step5_his_coordination	0.603	4.07	CuA	0.31	4.19	90.8	HIS:4,ILE:1,PHE:2,TRP:1	CuB	3.85	0.45	89.4	HIS:4,PHE:2,THR:1	80.0		5	Alternaria alternata	Alternaria	Pleosporaceae	Pleosporales	Ascomycota		HIS	0.29	13		HIS	0.50	21		HIS	0.15	30		HIS	0.38	162		PRO	0.87	166		HIS	0.54	214	
A0A4R8PT74	step5_his_coordination	0.883	5.29	CuA	0.67	4.22	97.8	GLN:2,GLU:1,HIS:3,PHE:1	CuB	5.12	1.36	77.2	ASN:1,GLN:2,HIS:1,ILE:1,PHE:1	74.3		4	Colletotrichum spinosum	Colletotrichum	Glomerellaceae	Glomerellales	Ascomycota		HIS	0.45	156		HIS	0.68	164		HIS	0.30	173		ASN	1.33	341		GLN	1.32	345		GLN	0.33	369	
A0A4R8REE8	step5_his_coordination	0.793	5.27	CuA	0.65	4.23	98.0	GLN:1,GLU:1,HIS:3,PHE:1	CuB	5.08	1.26	83.9	ASN:1,GLN:2,HIS:1,ILE:1,MET:1,PHE:1	87.8		4	Colletotrichum trifolii	Colletotrichum	Glomerellaceae	Glomerellales	Ascomycota		HIS	0.49	85		HIS	0.65	93		HIS	0.33	102		ASN	1.20	270		GLN	1.10	274		GLN	0.41	298	
A0A4R8RI59	step5_his_coordination	0.727	3.74	CuB	3.88	0.46	97.8	HIS:6,PHE:1,TYR:1	CuA	0.52	3.88	92.1	HIS:4,ILE:1,LEU:1,PHE:1,TYR:1	92.3		5	Colletotrichum trifolii	Colletotrichum	Glomerellaceae	Glomerellales	Ascomycota		TYR	0.87	101	1.77	HIS	0.53	109		HIS	0.13	118		HIS	0.75	275		HIS	0.57	279		HIS	0.37	302	
A0A4R8T272	step5_his_coordination	0.838	3.24	CuA	0.65	4.24	91.9	GLN:1,HIS:3,PHE:1	CuB	2.91	2.14	47.4	ASN:1,GLN:2,GLU:1,HIS:3,PHE:1	67.4		3	Colletotrichum sidae	Colletotrichum	Glomerellaceae	Glomerellales	Ascomycota		HIS	0.49	162		HIS	0.59	170		HIS	0.37	179		ASN	1.17	347		GLN	1.23	351		GLN	0.42	375	
A0A4S2LAY4	step5_his_coordination	0.872	6.4	CuB	5.43	1.71	89.2	ASN:1,GLN:1,HIS:2,ILE:1,PHE:1,TYR:1	CuA	1.15	5.01	85.3	ASN:2,HIS:2,THR:1,TRP:1,TYR:1	85.9		4	Opisthorchis felineus	Opisthorchis	Opisthorchiidae	Opisthorchiida	Platyhelminthes		ASN	0.44	186		HIS	0.37	211		HIS	0.09	220		ASN	0.38	371		HIS	0.22	375		GLN	0.69	398	
A0A4S2LBN1	step5_his_coordination	0.583	5.97	CuB	5.29	1.59	88.7	ASN:1,GLN:1,HIS:2,ILE:1,PHE:1,TYR:1	CuA	0.85	4.71	88.3	ASN:2,HIS:2,THR:1,TRP:1,TYR:1	89.6		4	Opisthorchis felineus	Opisthorchis	Opisthorchiidae	Opisthorchiida	Platyhelminthes		ASN	0.54	186		HIS	0.39	211		HIS	0.12	220		ASN	0.42	371		HIS	0.17	375		GLN	0.64	398	
A0A4S9AAS5	step5_his_coordination	1.331	31.03	neither	24.58	23.01	84.4	ALA:1,HIS:1,TRP:1,VAL:1	neither	13.17	16.91	70.9	HIS:1	69.7		2	Aureobasidium pullulans	Aureobasidium	Saccotheciaceae	Dothideales	Ascomycota		TYR	1.86	145	3.12	THR	1.14	153		ASN	0.50	162		ILE	2.75	247		ALA	2.45	251		GLN	0.86	269	
A0A4S9D5E3	step5_his_coordination	1.577	30.02	neither	18.65	18.72	79.7	ASP:2,HIS:1	neither	20.03	21.51	74.6	ASP:1,HIS:1,SER:1	69.8		2	Aureobasidium pullulans	Aureobasidium	Saccotheciaceae	Dothideales	Ascomycota		TYR	2.07	145	3.18	TRP	2.79	150		ASN	0.59	162		ILE	2.51	247		ALA	2.39	251		GLN	0.73	269	
A0A4S9F9F9	step5_his_coordination	1.511	15.18	neither	20.92	19.57	78.1	HIS:1	neither	25.39	23.90	76.8	ALA:1,HIS:1,MET:1,SER:1,VAL:1	70.3		2	Aureobasidium pullulans	Aureobasidium	Saccotheciaceae	Dothideales	Ascomycota		TYR	1.82	145	2.74	THR	2.65	153		ASN	0.52	162		---	3.18			PHE	2.79	253		GLN	1.29	269	
A0A4S9LP12	step5_his_coordination	1.389	24.16	neither	25.04	23.35	86.7	ALA:1,HIS:1,MET:1,SER:1	neither	15.65	18.23	61.0	ASP:1,GLU:1,THR:1	68.7		1	Aureobasidium pullulans	Aureobasidium	Saccotheciaceae	Dothideales	Ascomycota		TYR	1.83	145	4.32	THR	1.15	153		ASN	0.63	162		ILE	2.91	247		ALA	2.36	251		GLN	0.73	269	
A0A4S9TIS8	step5_his_coordination	1.339	29.75	neither	18.66	18.84	77.2	ASP:2,HIS:1	neither	19.81	21.44	70.7	ASP:1,HIS:1,SER:1,TYR:1	68.0		2	Aureobasidium pullulans	Aureobasidium	Saccotheciaceae	Dothideales	Ascomycota		TYR	1.72	145	3.12	TRP	2.41	150		ASN	0.56	162		ILE	2.91	247		ALA	2.30	251		GLN	0.72	269	
A0A4S9V507	step5_his_coordination	1.488	15.28	neither	20.79	19.39	77.8	HIS:1	neither	25.43	23.93	77.9	ALA:1,HIS:1,MET:1,SER:1,VAL:1	70.5		2	Aureobasidium pullulans	Aureobasidium	Saccotheciaceae	Dothideales	Ascomycota		TYR	1.51	145	2.49	THR	2.90	153		ASN	0.54	162		---	3.18			PHE	2.73	253		GLN	1.27	269	
A0A4S9Y8F5	step5_his_coordination	1.467	29.99	neither	19.56	21.34	82.0	HIS:1,PHE:1,TYR:1	neither	25.43	23.84	81.0	ALA:1,HIS:1,MET:1,SER:1,VAL:1	70.8		2	Aureobasidium pullulans	Aureobasidium	Saccotheciaceae	Dothideales	Ascomycota		TYR	1.55	145	2.54	THR	2.36	153		ASN	0.55	162		---	3.05			ASP	2.53	254	8.60	GLN	1.23	269	
A0A4S9ZZ06	step5_his_coordination	1.331	32.82	neither	19.34	20.53	82.9	ASP:1,HIS:1,LEU:1,SER:1	neither	18.95	17.95	64.5	HIS:1	70.2		2	Aureobasidium pullulans	Aureobasidium	Saccotheciaceae	Dothideales	Ascomycota		TYR	1.89	145	3.42	THR	1.05	153		ASN	0.51	162		ILE	2.75	247		ALA	2.42	251		GLN	0.85	269	
A0A4T0BL07	step5_his_coordination	1.242	21.96	neither	25.14	23.64	83.6	ALA:1,HIS:1,SER:1,VAL:1	neither	27.26	23.46	71.2	ALA:1,HIS:2,VAL:1	71.7		1	Aureobasidium pullulans	Aureobasidium	Saccotheciaceae	Dothideales	Ascomycota		TYR	1.34	145	2.16	THR	0.69	153		ASN	0.51	162		ILE	2.24	247		PRO	1.21	252		GLN	0.97	269	
A0A4T0EP09	step5_his_coordination	1.493	15.22	neither	20.87	19.48	79.9	HIS:1	neither	25.43	23.94	77.8	ALA:1,HIS:1,MET:1,SER:1,VAL:1	70.7		2	Aureobasidium pullulans	Aureobasidium	Saccotheciaceae	Dothideales	Ascomycota		TYR	1.54	145	2.50	THR	2.91	153		ASN	0.54	162		---	3.17			PHE	2.71	253		GLN	1.27	269	
A0A4T0FMD4	step5_his_coordination	0.778	4.02	CuB	3.94	0.05	94.7	ASN:1,HIS:5,PHE:1,SER:1,TRP:1	CuA	0.36	4.04	89.6	HIS:3,PHE:1,TRP:2,TYR:1	87.5		5	Wallemia hederae	Wallemia	Wallemiaceae	Wallemiales	Basidiomycota		HIS	0.46	75		---	3.72			HIS	0.25	88		HIS	0.36	229		HIS	0.31	233		HIS	0.34	259	
A0A4T0WAP6	step5_his_coordination	0.782	3.87	CuA	0.51	4.17	97.4	ALA:1,GLN:1,HIS:4,PHE:1,TRP:1	CuB	3.74	0.69	95.3	GLN:1,HIS:5,PHE:1	81.2		5	Colletotrichum higginsianum	Colletotrichum	Glomerellaceae	Glomerellales	Ascomycota		HIS	0.34	220		HIS	0.48	228		HIS	0.27	237		HIS	0.80	405		HIS	0.98	409		GLN	0.49	433	
A0A4U0TXP9	step5_his_coordination	0.727	3.61	CuA	0.47	4.04	97.3	HIS:5,PHE:2,TRP:1	CuB	3.50	0.65	96.1	HIS:6,PHE:3,PRO:1	80.7		5	Friedmanniomyces endolithicus	Friedmanniomyces	Teratosphaeriaceae	Mycosphaerellales	Ascomycota		HIS	0.33	144		HIS	0.30	152		HIS	0.33	161		HIS	0.69	292		PRO	0.98	296		HIS	0.43	318	
A0A4U0VC90	step5_his_coordination	0.632	3.86	CuA	0.42	4.27	93.5	HIS:5,PHE:2,TRP:1	CuB	3.53	0.64	89.1	HIS:6,PHE:2	72.0		5	Friedmanniomyces endolithicus	Friedmanniomyces	Teratosphaeriaceae	Mycosphaerellales	Ascomycota		HIS	0.27	142		HIS	0.47	150		HIS	0.33	159		HIS	0.82	270		PRO	1.05	274		HIS	0.30	296	
A0A4U0VS63	step5_his_coordination	0.667	3.61	CuA	0.40	4.11	96.0	GLY:1,HIS:5,PHE:2,TRP:1	CuB	3.45	0.62	96.3	HIS:6,PHE:2,PRO:1	76.9		5	Friedmanniomyces simplex	Friedmanniomyces	Teratosphaeriaceae	Mycosphaerellales	Ascomycota		HIS	0.35	135		HIS	0.40	143		HIS	0.31	152		HIS	0.71	283		PRO	1.04	287		HIS	0.39	309	
A0A4U0XT20	step5_his_coordination	0.700	3.67	CuA	0.47	4.04	96.1	HIS:5,PHE:2	CuB	3.57	0.48	95.0	HIS:6,PHE:2,PRO:1	80.3		5	Friedmanniomyces simplex	Friedmanniomyces	Teratosphaeriaceae	Mycosphaerellales	Ascomycota		HIS	0.34	135		HIS	0.42	143		HIS	0.39	152		HIS	0.63	283		PRO	0.92	287		HIS	0.40	309	
A0A4U6X5Z4	step5_his_coordination	0.949	3.31	CuA	0.56	4.29	96.5	HIS:3,LEU:1,PHE:1,TRP:1,TYR:1	CuB	3.06	3.26	54.4	HIS:3,PHE:2,PRO:1,TYR:1	76.9		3	Colletotrichum tanaceti	Colletotrichum	Glomerellaceae	Glomerellales	Ascomycota		HIS	0.32	244		HIS	0.57	252		HIS	0.31	261		TYR	1.06	425	2.27	ARG	1.25	429		LEU	0.38	453	
A0A4U7AY24	step5_his_coordination	0.729	3.16	CuB	2.29	1.92	49.4	HIS:5,PHE:2	CuA	1.11	4.94	38.4	HIS:4,PHE:1,TRP:1,VAL:1	80.5		5	Elsinoe australis	Elsinoe	Elsinoaceae	Myriangiales	Ascomycota		HIS	0.36	76		HIS	0.29	84		HIS	0.46	93		HIS	0.76	224		PRO	1.18	228		HIS	0.59	250	
A0A4U7B5J3	step5_his_coordination	0.604	3.91	CuA	0.21	4.04	93.4	HIS:4,PHE:2	CuB	3.83	0.35	91.0	HIS:5,PHE:2	79.2		5	Elsinoe australis	Elsinoe	Elsinoaceae	Myriangiales	Ascomycota		HIS	0.18	139		HIS	0.55	147		HIS	0.24	156		HIS	0.32	294		PRO	0.97	298		HIS	0.28	320	
A0A4W4EZ83	step5_his_coordination	0.584	16.19	CuB	3.54	0.47	87.4	ASN:1,ASP:1,HIS:2,PHE:2,SER:1,TYR:1	neither	16.19	16.19	54.7	ARG:1,GLN:1,GLU:1,HIS:1,ILE:1,LEU:1	79.0		3	Electrophorus electricus	Electrophorus	Gymnotidae	Gymnotiformes	Chordata		ASN	0.37	153		TYR	0.25	161	0.66	ASP	0.42	170	3.75	HIS	0.37	323		ASN	0.39	327		HIS	0.29	350	
A0A4W6F5R6	step5_his_coordination	0.661	3.83	CuA	0.44	4.02	96.9	HIS:5,PHE:2,TRP:1	CuB	3.80	0.33	90.9	HIS:7,PHE:2	86.0		5	Lates calcarifer	Lates	Centropomidae		Chordata		HIS	0.15	182		HIS	0.62	205		HIS	0.40	214		HIS	0.13	366		HIS	1.86	370		HIS	0.09	382	
A0A4Y8CCG2	step5_his_coordination	0.915	4.4	CuA	0.45	4.30	86.3	HIS:4,PHE:2,TRP:1	CuB	4.07	0.32	74.6	HIS:3,LEU:1,PHE:2,THR:1	73.0		4	Botryotinia calthae	Botryotinia	Sclerotiniaceae	Helotiales	Ascomycota		HIS	0.50	130		HIS	0.45	138		HIS	0.28	147		ALA	1.12	274		VAL	1.76	278		HIS	0.54	318	
A0A4Y8D0D0	step5_his_coordination	0.661	3.88	CuB	3.59	0.64	96.4	HIS:5,PHE:2,TYR:1	CuA	0.72	4.29	76.8	ALA:1,HIS:3,PHE:2,SER:1,THR:1,TYR:1	78.2		5	Botryotinia calthae	Botryotinia	Sclerotiniaceae	Helotiales	Ascomycota		HIS	0.36	57		HIS	1.03	65		TYR	0.36	91	1.18	HIS	0.65	244		HIS	0.71	248		HIS	0.46	271	
A0A4Y8D0V3	step5_his_coordination	0.765	3.75	CuA	0.53	4.39	96.7	HIS:4,PHE:2,TRP:1	CuB	3.32	0.64	94.0	HIS:5,PHE:2	84.2		5	Botryotinia calthae	Botryotinia	Sclerotiniaceae	Helotiales	Ascomycota		HIS	0.70	105		HIS	0.46	113		HIS	0.35	122		HIS	0.75	251		PRO	1.45	255		HIS	0.36	277	
A0A4Y9L370	step5_his_coordination	0.747	4.54	CuB	3.81	0.18	96.3	HIS:7,PHE:3	CuA	1.00	4.67	89.5	CYS:1,GLN:1,HIS:4,TRP:1	87.3		5	Bradyrhizobium niftali	Bradyrhizobium	Nitrobacteraceae	Hyphomicrobiales	Pseudomonadota		HIS	0.62	78		ALA	1.59	114		HIS	0.24	131		HIS	0.45	239		HIS	0.12	243		HIS	0.41	268	
A0A4Z0YK01	step5_his_coordination	0.841	3.95	CuA	0.71	4.48	94.3	HIS:4,PHE:2,TRP:1	CuB	3.49	0.74	92.5	HIS:5,PHE:2	85.8		5	Xylaria hypoxylon	Xylaria	Xylariaceae	Xylariales	Ascomycota		HIS	0.44	115		HIS	0.57	123		HIS	0.41	132		HIS	0.29	261		PRO	1.03	265		HIS	0.72	287	
A0A4Z1EV38	step5_his_coordination	0.743	3.86	CuA	0.40	3.87	65.8	HIS:3,PHE:1,TRP:2	CuB	3.94	0.20	61.8	HIS:3,PHE:1,TRP:1	77.8		4	Botrytis tulipae	Botrytis	Sclerotiniaceae	Helotiales	Ascomycota		HIS	0.52	136		LEU	1.06	144		HIS	0.24	153		HIS	0.50	281		PRO	1.54	285		HIS	0.29	307	
A0A4Z1FR91	step5_his_coordination	0.640	3.72	CuA	0.45	4.25	94.0	HIS:5,PHE:2,SER:1	CuB	3.42	0.55	91.8	HIS:6,PHE:2	79.2		5	Botrytis paeoniae	Botrytis	Sclerotiniaceae	Helotiales	Ascomycota		HIS	0.46	125		HIS	0.44	133		HIS	0.27	142		HIS	0.70	270		PRO	1.16	274		HIS	0.34	296	
A0A4Z1HA19	step5_his_coordination	1.090	3.62	CuA	0.31	4.21	89.5	HIS:5,PHE:2,TRP:1	CuB	3.36	0.63	79.0	HIS:6,PHE:2,VAL:1	72.0		4	Botryotinia narcissicola	Botryotinia	Sclerotiniaceae	Helotiales	Ascomycota		HIS	0.40	155		HIS	0.44	163		HIS	0.21	172		ALA	1.59	302		PHE	2.12	305		HIS	0.43	316	
A0A4Z1K5V5	step5_his_coordination	0.713	3.74	CuA	0.42	3.87	66.5	HIS:4,PHE:1,TRP:2	CuB	3.84	0.28	58.1	HIS:3,PHE:1,TRP:1	79.2		4	Botrytis porri	Botrytis	Sclerotiniaceae	Helotiales	Ascomycota		HIS	0.48	136		LEU	1.15	144		HIS	0.31	153		HIS	0.42	281		PRO	1.54	285		HIS	0.40	307	
A0A4Z1NUI9	step5_his_coordination	0.646	4.02	CuA	0.36	4.21	93.6	ALA:1,HIS:4,PHE:1,TRP:1	CuB	3.78	0.51	92.2	HIS:5,PHE:2	77.9		5	Venturia nashicola	Venturia	Venturiaceae	Venturiales	Ascomycota		HIS	0.73	145		HIS	0.22	153		HIS	0.27	162		HIS	0.10	302		PRO	1.05	306		HIS	0.47	328	
A0A4Z1PB68	step5_his_coordination	0.792	4.14	CuB	3.85	0.72	86.8	ASP:1,HIS:4,LEU:1,PHE:1	CuA	0.32	4.24	66.2	ASP:1,HIS:2,ILE:1,PHE:2,SER:2,TYR:1	80.2		4	Venturia nashicola	Venturia	Venturiaceae	Venturiales	Ascomycota		HIS	0.38	71		---	3.05			THR	0.59	110		HIS	0.43	258		HIS	0.54	262		HIS	0.37	285	
A0A507BI78	step5_his_coordination	0.850	4.21	CuB	3.82	0.16	94.0	HIS:6,PHE:3	CuA	1.01	4.34	85.8	CYS:1,HIS:4,PHE:2,TRP:1	84.9		5	Thyridium curvatum	Thyridium	Thyridiaceae	Thyridiales	Ascomycota		HIS	0.61	101		HIS	1.30	125		HIS	0.59	134		HIS	0.20	305		HIS	0.43	309		HIS	0.36	334	
A0A507BMG0	step5_his_coordination	0.829	4.35	CuB	4.14	0.42	87.0	HIS:4,PHE:1,SER:1	CuA	0.71	4.20	47.6	ASP:2,HIS:3,PHE:1,THR:1	74.2		4	Thyridium curvatum	Thyridium	Thyridiaceae	Thyridiales	Ascomycota		HIS	0.67	95		---	3.27			ASP	0.52	134	3.61	HIS	0.60	268		HIS	0.55	272		HIS	0.25	310	
A0A507BNL8	step5_his_coordination	1.525	3.87	CuA	1.80	4.44	63.0	CYS:1,HIS:4,PHE:1,TRP:1	CuB	3.24	0.84	48.8	HIS:5,THR:1	72.9		5	Thyridium curvatum	Thyridium	Thyridiaceae	Thyridiales	Ascomycota		HIS	1.60	65		HIS	2.11	89		HIS	0.81	98		HIS	0.67	267		HIS	0.81	271		THR	0.84	278	
A0A507F691	step5_his_coordination	0.617	3.78	CuB	3.58	0.44	87.7	GLN:1,HIS:5,PHE:2	CuA	0.34	4.16	81.2	GLN:1,HIS:3,PHE:2,SER:1	72.8		5	Chytriomyces confervae	Chytriomyces	Chytriomycetaceae	Chytridiales	Chytridiomycota		HIS	0.41	68		GLN	1.47	95		HIS	0.11	104		HIS	0.58	234		HIS	0.79	238		HIS	0.28	264	
A0A507F697	step5_his_coordination	0.722	3.6	CuB	3.60	0.38	85.4	HIS:6,MET:1,PHE:2	CuA	0.58	3.94	74.5	HIS:4,MET:1,PHE:1,PRO:1,SER:1	73.8		5	Chytriomyces confervae	Chytriomyces	Chytriomycetaceae	Chytridiales	Chytridiomycota		HIS	0.11	73		HIS	0.29	81		TYR	2.27	89	6.22	HIS	0.63	212		HIS	0.54	216		HIS	0.58	242	
A0A544XUX3	step5_his_coordination	0.565	30.97	CuA	1.58	2.85	91.9	GLN:2,HIS:1,PHE:2,TYR:2	neither	31.22	29.45	76.8	GLU:1,HIS:1,LEU:1	89.6		2	Microbispora hainanensis	Microbispora	Streptosporangiaceae	Streptosporangiales	Actinomycetota		TYR	0.55	73	1.72	HIS	0.65	81		GLN	0.52	90		ILE	0.87	202		GLN	0.69	206		ALA	0.10	228	
A0A562PHQ5	step5_his_coordination	0.807	4.7	CuB	3.88	0.23	97.7	HIS:6,PHE:2	CuA	0.93	4.77	92.6	CYS:1,GLN:1,HIS:4,PHE:2,TRP:1,VAL:1	87.0		5	Pseudoduganella flava	Pseudoduganella	Oxalobacteraceae	Burkholderiales	Pseudomonadota		HIS	0.46	79		SER	2.08	114		HIS	0.27	127		HIS	0.39	229		HIS	0.26	233		HIS	0.36	258	
A0A5C3QBW9	step5_his_coordination	1.169	4.84	CuB	4.36	0.50	96.0	HIS:4,LEU:1,PHE:2	CuA	1.39	4.50	75.3	HIS:3,MET:1,PHE:2	90.9		4	Pterulicium gracile	Pterulicium	Pterulaceae	Agaricales	Basidiomycota		---	3.18			---	4.45			HIS	0.65	83		HIS	0.45	222		HIS	0.32	226		HIS	0.30	249	
A0A5C6MG15	step5_his_coordination	0.786	3.95	CuB	4.08	0.44	91.5	HIS:5,PHE:2	CuA	0.45	3.85	78.1	HIS:3,PHE:2,TRP:1	82.8		5	Takifugu flavidus	Takifugu	Tetraodontidae	Tetraodontiformes	Chordata		HIS	0.40	180		THR	2.19	197		HIS	0.48	204		HIS	0.18	356		HIS	0.56	360		HIS	0.23	383	
A0A5C6SKB8	step5_his_coordination	0.664	4.58	CuB	4.19	0.44	92.0	HIS:3,PHE:1,TYR:1	CuA	0.87	4.41	89.9	HIS:3,ILE:1,PHE:2,TRP:1,TYR:1	79.6		5	Fusarium oxysporum	Fusarium	Nectriaceae	Hypocreales	Ascomycota		HIS	0.58	69		TYR	0.51	77	1.03	HIS	0.34	86		HIS	0.44	191		HIS	0.50	195		HIS	0.23	217	
A0A5J6HY91	step5_his_coordination	0.447	5.54	CuA	0.75	3.36	95.5	ARG:1,HIS:3,MET:1,PHE:1,SER:1	CuB	6.08	2.26	82.6	ARG:1,GLN:1,HIS:2,PHE:1,VAL:1	94.8		4	Streptomyces alboniger	Streptomyces	Streptomycetaceae	Kitasatosporales	Actinomycetota		HIS	0.55	43		HIS	0.21	51		ASN	0.38	60		GLN	0.36	174		HIS	0.49	178		ARG	0.16	200	
A0A5M8PS01	step5_his_coordination	0.707	3.4	CuA	0.54	4.36	93.7	HIS:5,PHE:2,TRP:1	CuB	3.00	0.97	88.4	HIS:6,PHE:2	79.8		5	Lasallia pustulata	Lasallia	Umbilicariaceae	Umbilicariales	Ascomycota		HIS	0.31	130		HIS	0.80	138		HIS	0.34	147		HIS	1.42	275		PRO	1.25	279		HIS	0.57	301	
A0A5N5DM31	step5_his_coordination	0.872	4.02	CuB	3.73	0.30	90.6	HIS:5,LEU:1,PHE:2	CuA	0.70	4.24	78.4	GLN:1,HIS:3,LEU:1,MET:1,PHE:2,TRP:1	81.4		5	Lasiodiplodia theobromae	Lasiodiplodia	Botryosphaeriaceae	Botryosphaeriales	Ascomycota		HIS	0.71	88		---	4.46			HIS	0.15	98		HIS	0.92	243		HIS	0.39	247		HIS	0.18	290	
A0A5N5QEZ6	step5_his_coordination	0.572	3.88	CuB	3.92	0.16	97.3	HIS:4,LEU:1,PHE:2,TYR:1	CuA	0.78	3.91	89.4	HIS:4,PHE:1,PRO:1,SER:1,TYR:1	90.3		5	Ceratobasidium theobromae	Ceratobasidium	Ceratobasidiaceae	Cantharellales	Basidiomycota		HIS	0.16	99		HIS	0.75	107		TYR	0.47	116	0.83	HIS	0.56	254		HIS	0.31	258		HIS	0.23	281	
A0A5N6BWN4	step5_his_coordination	0.572	18.2	CuA	1.62	2.73	93.2	GLN:2,HIS:1,PHE:2,TYR:2	neither	16.71	19.23	80.8	GLU:1,HIS:1	90.0		2	Microbispora catharanthi	Microbispora	Streptosporangiaceae	Streptosporangiales	Actinomycetota		TYR	0.54	73	1.67	HIS	0.49	81		GLN	0.49	90		ILE	1.01	202		GLN	0.70	206		ALA	0.29	228	
A0A5N7CL84	step5_his_coordination	0.768	9.44	neither	16.09	17.40	40.4	GLY:1,HIS:3,TYR:1	neither	19.58	20.93	26.4	ALA:1,ARG:1,ASP:1,CYS:1,HIS:1,SER:1	79.2		1	Aspergillus alliaceus	Aspergillus	Aspergillaceae	Eurotiales	Ascomycota		ASN	0.79	68		GLY	2.03	88		ASN	0.41	96		ASN	0.66	290		HIS	0.29	294		TYR	0.38	320	0.85
A0A5N7DKE9	step5_his_coordination	0.783	4.0	CuA	0.48	4.22	92.5	GLY:1,HIS:4,PHE:2,TRP:1	CuB	3.76	0.34	84.5	HIS:4,PHE:2	80.5		5	Aspergillus pseudonomiae	Aspergillus	Aspergillaceae	Eurotiales	Ascomycota		HIS	0.37	123		HIS	0.40	131		HIS	0.37	140		HIS	0.13	268		PRO	1.19	272		HIS	0.42	294	
A0A5Q4BTC4	step5_his_coordination	2.062	3.42	CuA	2.75	4.27	77.8	CYS:1,GLN:1,HIS:4,PHE:1,TRP:1	CuB	4.60	2.24	44.5	ASN:1,GLN:1,HIS:5,PHE:1	78.9		4	Colletotrichum shisoi	Colletotrichum	Glomerellaceae	Glomerellales	Ascomycota		---	3.03			CYS	2.34	107	4.19	HIS	2.45	118		ASN	2.37	284		VAL	1.39	287		HIS	1.55	307	
A0A5Q4BZL7	step5_his_coordination	0.772	3.69	CuA	0.60	4.11	97.8	GLN:1,HIS:4,PHE:1,TRP:1	CuB	3.59	0.55	96.7	GLN:1,HIS:6	80.6		5	Colletotrichum shisoi	Colletotrichum	Glomerellaceae	Glomerellales	Ascomycota		HIS	0.28	208		HIS	0.46	216		HIS	0.37	225		HIS	0.95	393		HIS	0.97	397		GLN	0.44	421	
A0A5S6PYS3	step5_his_coordination	1.146	28.55	neither	23.91	24.04	67.2	ARG:1,GLU:1,HIS:2	neither	28.21	25.55	42.1	GLN:1,HIS:1	66.1		2	Trichuris muris	Trichuris	Trichuridae	Trichinellida	Nematoda		TYR	0.97	229	1.63	HIS	2.08	244		ASN	0.76	252		PHE	2.33	388		PHE	2.16	419		LEU	0.86	434	
A0A5S6QIU3	step5_his_coordination	0.632	4.7	CuA	1.03	4.15	85.8	HIS:3,LEU:1,PHE:1,SER:1,TYR:1	CuB	4.46	0.75	72.5	HIS:4,LEU:1,PHE:2,THR:1	75.5		4	Trichuris muris	Trichuris	Trichuridae	Trichinellida	Nematoda		HIS	0.71	171		LEU	0.58	180		HIS	0.33	189		HIS	0.53	303		THR	0.57	307		HIS	0.04	330	
A0A5S6QUR5	step5_his_coordination	0.968	25.29	CuA	0.95	3.71	59.9	HIS:3,LEU:1,PHE:1,SER:1,TRP:1	neither	25.99	25.03	35.5	ASN:1,HIS:2,LYS:1	71.6		5	Trichuris muris	Trichuris	Trichuridae	Trichinellida	Nematoda		HIS	1.13	132		HIS	0.78	141		HIS	0.43	150		LEU	1.66	262		ARG	0.64	266		LEU	0.26	289	
A0A654M5U9	step5_his_coordination	0.643	4.35	CuB	3.88	0.44	98.2	HIS:4,PHE:2,VAL:1	CuA	0.66	4.43	91.9	HIS:4,PHE:1,TRP:1,VAL:1	92.0		5	Candidatus Nitrosocosmicus oleophilus	Candidatus Nitrosocosmicus	Nitrososphaeraceae	Nitrososphaerales	Nitrososphaerota		HIS	0.61	62		HIS	2.08	68		HIS	0.41	77		HIS	0.43	207		HIS	0.51	211		HIS	0.32	234	
A0A665TYY4	step5_his_coordination	1.100	20.81	CuA	0.59	3.72	93.0	HIS:5,PHE:2,TRP:1	neither	20.98	22.61	55.6	ASP:1,CYS:1,HIS:1,MET:1,PHE:1,TRP:1	79.4		5	Echeneis naucrates	Echeneis	Echeneidae	Carangiformes	Chordata		HIS	0.50	179		HIS	0.75	202		HIS	0.53	211		ILE	1.44	348		---	3.11			HIS	0.41	394	
A0A665U0T6	step5_his_coordination	0.922	17.42	CuA	0.54	3.83	93.7	HIS:4,PHE:2,SER:1,TRP:1	neither	17.68	20.02	56.9	ASP:1,CYS:1,GLU:1,HIS:2,MET:1,PHE:1,PRO:1	79.3		4	Echeneis naucrates	Echeneis	Echeneidae	Carangiformes	Chordata		HIS	0.50	180		HIS	0.62	203		HIS	0.45	212		ILE	1.59	349		LEU	2.38	370		HIS	0.29	395	
A0A669D1M6	step5_his_coordination	0.992	7.59	CuA	0.38	3.95	89.6	HIS:4,PHE:2,TRP:1,TYR:1	CuB	7.72	4.56	35.8	GLN:1,HIS:2,ILE:1,THR:1	77.3		5	Oreochromis niloticus	Oreochromis	Cichlidae	Cichliformes	Chordata		HIS	0.45	177		HIS	0.61	200		HIS	0.27	209		ILE	0.65	346		THR	1.09	350		HIS	0.42	374	
A0A672MGC5	step5_his_coordination	0.549	7.49	CuB	4.37	0.46	89.5	HIS:3,LEU:1,PHE:1	CuA	4.39	7.05	62.0	ASP:1,GLU:1,GLY:1,HIS:2,PHE:2	79.7		4	Sinocyclocheilus grahami	Sinocyclocheilus	Cyprinidae	Cypriniformes	Chordata		HIS	0.31	187		ARG	2.92	192		GLU	0.26	198	3.96	HIS	0.36	347		HIS	0.68	351		HIS	0.27	374	
A0A672ML46	step5_his_coordination	0.578	7.71	CuB	4.33	0.40	90.6	HIS:3,LEU:1,PHE:1	CuA	4.60	7.35	62.7	ASP:1,GLU:1,GLY:1,HIS:2,PHE:2	83.7		4	Sinocyclocheilus grahami	Sinocyclocheilus	Cyprinidae	Cypriniformes	Chordata		HIS	0.41	187		ARG	2.92	192		GLU	0.30	198	3.61	HIS	0.35	347		HIS	0.67	351		HIS	0.28	374	
A0A673AVA6	step5_his_coordination	0.622	21.95	CuA	0.48	3.85	92.2	CYS:1,HIS:4,PHE:2,TRP:1	neither	22.01	24.07	60.1	ASP:1,GLU:1,HIS:1,LYS:1	81.1		4	Sphaeramia orbicularis	Sphaeramia	Apogonidae	Kurtiformes	Chordata		HIS	0.44	199		HIS	0.59	222		HIS	0.41	231		MET	0.49	368	3.18	THR	0.77	372		HIS	0.04	391	
A0A673AW28	step5_his_coordination	0.611	4.21	CuA	0.35	3.92	92.7	HIS:4,PHE:2,TRP:1	CuB	4.14	1.34	47.4	CYS:1,HIS:3,MET:1,PHE:1,THR:1	80.6		4	Sphaeramia orbicularis	Sphaeramia	Apogonidae	Kurtiformes	Chordata		HIS	0.40	178		HIS	0.51	201		HIS	0.41	210		MET	0.83	347	4.12	THR	0.47	351		HIS	0.08	384	
A0A6A3EYQ9	step5_his_coordination	0.642	27.63	CuB	4.24	0.48	97.2	HIS:3,ILE:1,PHE:1,SER:1,TYR:1	neither	27.79	27.97	65.1	ASN:1,HIS:1,PRO:1	83.6		4	Phytophthora fragariae	Phytophthora	Peronosporaceae	Peronosporales	Oomycota		ALA	0.41	29		LEU	0.85	39		ASN	0.77	48		HIS	0.70	192		HIS	0.23	196		HIS	0.36	218	
A0A6A3FBU7	step5_his_coordination	0.860	31.28	neither	23.88	21.05	67.5	CYS:1,GLU:2,GLY:1,SER:1,TRP:1	neither	21.34	18.85	55.6	ASP:1,GLU:2,HIS:1	88.5		0	Phytophthora fragariae	Phytophthora	Peronosporaceae	Peronosporales	Oomycota		TYR	0.75	64	2.81	ALA	0.79	74		TYR	0.43	83	3.17	GLN	0.95	235		HIS	0.94	239		TYR	0.42	261	0.51
A0A6A3HLB0	step5_his_coordination	0.697	4.22	CuB	4.28	0.42	94.7	GLU:1,HIS:4,PHE:2,TRP:1	CuA	0.21	3.91	94.9	ALA:1,GLU:1,HIS:4,PHE:2,TRP:1	73.3		5	Phytophthora fragariae	Phytophthora	Peronosporaceae	Peronosporales	Oomycota		HIS	0.35	29		HIS	0.73	39		HIS	0.25	48		GLU	1.22	184	1.81	HIS	0.36	188		HIS	0.35	210	
A0A6A3L3S8	step5_his_coordination	0.651	25.73	CuB	4.18	0.37	96.8	HIS:3,PHE:3,TYR:1	neither	27.46	25.55	63.5	HIS:1,THR:1	83.3		4	Phytophthora fragariae	Phytophthora	Peronosporaceae	Peronosporales	Oomycota		ALA	0.48	68		LEU	0.94	78		ASN	0.57	87		HIS	0.64	231		HIS	0.10	235		HIS	0.32	257	
A0A6A3MUA3	step5_his_coordination	0.681	27.78	CuB	4.26	0.47	97.3	HIS:3,ILE:1,PHE:1,SER:1,TYR:1	neither	27.64	28.07	64.4	HIS:1,PRO:1,SER:1	88.1		4	Phytophthora rubi	Phytophthora	Peronosporaceae	Peronosporales	Oomycota		ALA	0.35	29		LEU	0.80	39		ASN	0.83	48		HIS	0.65	192		HIS	0.22	196		HIS	0.33	218	
A0A6A3NDJ9	step5_his_coordination	0.670	25.69	CuB	4.23	0.40	97.2	HIS:3,PHE:1,SER:1,TYR:1	neither	27.46	25.56	65.1	HIS:1	84.5		4	Phytophthora rubi	Phytophthora	Peronosporaceae	Peronosporales	Oomycota		ALA	0.50	68		LEU	0.78	78		ASN	0.77	87		HIS	0.73	231		HIS	0.22	235		HIS	0.32	257	
A0A6A3Q4B5	step5_his_coordination	0.697	4.15	CuA	0.17	3.88	94.7	ALA:1,GLU:1,HIS:4,PHE:2,TRP:1	CuB	4.24	0.39	93.3	GLU:1,HIS:4,PHE:2,TRP:1	72.4		5	Phytophthora fragariae	Phytophthora	Peronosporaceae	Peronosporales	Oomycota		HIS	0.38	29		HIS	0.70	39		HIS	0.25	48		GLU	1.17	184	1.82	HIS	0.40	188		HIS	0.36	210	
A0A6A4E140	step5_his_coordination	0.653	25.71	CuB	4.23	0.42	97.4	HIS:3,PHE:2,SER:1,TYR:1	neither	27.47	25.56	65.5	HIS:1,THR:1	83.5		4	Phytophthora fragariae	Phytophthora	Peronosporaceae	Peronosporales	Oomycota		ALA	0.49	68		LEU	0.87	78		ASN	0.75	87		HIS	0.74	231		HIS	0.23	235		HIS	0.31	257	
A0A6A4G489	step5_his_coordination	0.837	31.61	neither	23.96	21.16	68.3	CYS:1,GLU:2,GLY:1,SER:1,TRP:1	neither	21.37	18.91	56.2	ASP:1,GLU:2,HIS:1	87.5		0	Phytophthora rubi	Phytophthora	Peronosporaceae	Peronosporales	Oomycota		TYR	0.76	64	2.83	ALA	0.79	74		TYR	0.45	83	3.11	GLN	0.99	235		HIS	0.96	239		TYR	0.43	261	0.52
A0A6A4ZE36	step5_his_coordination	0.721	4.01	CuB	4.07	0.47	95.1	HIS:5,PHE:3,SER:1	CuA	0.47	3.92	87.2	ALA:1,HIS:5,PHE:2,TRP:1	86.3		5	Aphanomyces stellatus	Aphanomyces	Verrucalvaceae	Saprolegniales	Oomycota		HIS	0.15	65		HIS	0.85	75		HIS	0.40	83		HIS	0.63	239		HIS	0.46	243		HIS	0.26	265	
A0A6A5RAM1	step5_his_coordination	1.431	4.3	CuA	0.83	4.35	89.9	CYS:1,HIS:4,LEU:1,PHE:2,TRP:1	CuB	4.02	0.64	68.0	HIS:4,PHE:2	83.8		4	Didymella exigua	Didymella	Didymellaceae	Pleosporales	Ascomycota		HIS	0.46	94		HIS	1.19	119		HIS	0.55	128		VAL	2.81	280		HIS	2.56	284		HIS	0.38	301	
A0A6A5TLY8	step5_his_coordination	0.604	3.72	CuA	0.50	4.31	95.3	HIS:4,PHE:2,TRP:1	CuB	3.37	0.59	91.3	HIS:6,PHE:2	81.2		5	Byssothecium circinans	Byssothecium	Massarinaceae	Pleosporales	Ascomycota		HIS	0.18	110		HIS	0.42	118		HIS	0.31	127		HIS	0.69	256		PRO	1.18	260		HIS	0.53	282	
A0A6A5XM88	step5_his_coordination	0.670	15.57	CuA	1.13	4.22	72.5	ARG:1,GLN:1,HIS:2,LEU:1,PHE:1,PRO:1,TRP:1,TYR:1	neither	15.20	18.38	40.7	HIS:2,LEU:1,TYR:1	86.0		2	Aaosphaeria arxii	Aaosphaeria		Pleosporales	Ascomycota		HIS	0.35	71		LEU	1.46	79		HIS	0.36	88		VAL	1.43	266		ARG	0.65	270		GLN	0.25	293	
A0A6A5YJL3	step5_his_coordination	0.671	29.33	CuA	0.34	4.07	91.5	ASN:1,HIS:4,PHE:1,TRP:1	neither	29.12	25.42	71.9	ASP:1,HIS:1	80.3		3	Lophiotrema nucula	Lophiotrema	Lophiotremataceae	Pleosporales	Ascomycota		HIS	0.29	106		HIS	0.43	114		HIS	0.08	123		HIS	0.56	277		PRO	1.06	281		LEU	0.20	303	
A0A6A5ZPV6	step5_his_coordination	0.692	3.87	CuA	0.54	4.33	95.9	GLY:1,HIS:5,PHE:1,TRP:1	CuB	3.48	0.50	93.2	HIS:6,PHE:1,SER:1,THR:1	82.8		5	Lophiotrema nucula	Lophiotrema	Lophiotremataceae	Pleosporales	Ascomycota		HIS	0.21	112		HIS	0.58	121		HIS	0.17	130		HIS	0.80	261		PRO	1.01	265		HIS	0.22	287	
A0A6A6BKX9	step5_his_coordination	0.644	3.73	CuA	0.51	4.26	96.5	ASN:1,HIS:3,ILE:1,PHE:2,TRP:1	CuB	3.46	0.71	94.6	ASN:2,HIS:5,PHE:2	92.2		4	Aplosporella prunicola	Aplosporella	Aplosporellaceae	Botryosphaeriales	Ascomycota		HIS	0.25	74		ASN	0.90	82		HIS	0.37	91		HIS	0.61	222		ASN	0.58	226		HIS	0.72	248	
A0A6A6C2M9	step5_his_coordination	0.742	3.85	CuA	0.68	4.37	95.0	GLY:1,HIS:4,PHE:2,TRP:1	CuB	3.47	0.61	94.9	HIS:6,PHE:2	90.7		5	Zasmidium cellare	Zasmidium	Mycosphaerellaceae	Mycosphaerellales	Ascomycota		HIS	0.17	69		HIS	0.65	77		HIS	0.27	86		HIS	0.51	212		PRO	1.32	216		HIS	0.50	238	
A0A6A6CAJ8	step5_his_coordination	0.817	3.49	CuA	0.89	4.53	95.7	HIS:5,PHE:2,TRP:1	CuB	2.93	1.08	93.8	HIS:5,PHE:2	82.3		5	Zasmidium cellare	Zasmidium	Mycosphaerellaceae	Mycosphaerellales	Ascomycota		HIS	0.48	107		HIS	0.96	115		HIS	0.34	124		HIS	1.13	249		PRO	1.46	253		HIS	0.63	275	
A0A6A6CBF1	step5_his_coordination	0.740	3.82	CuA	0.53	4.23	96.7	GLY:1,HIS:4,PHE:2,TRP:1	CuB	3.54	0.58	94.8	HIS:6,PHE:3,PRO:1	91.2		5	Zasmidium cellare	Zasmidium	Mycosphaerellaceae	Mycosphaerellales	Ascomycota		HIS	0.27	77		HIS	0.32	85		HIS	0.35	94		HIS	0.57	225		PRO	0.93	229		HIS	0.40	251	
A0A6A6D3V8	step5_his_coordination	0.864	4.84	CuB	4.05	0.18	94.6	ARG:1,HIS:5,PHE:2	CuA	1.11	4.73	79.8	ARG:1,CYS:1,HIS:3,PHE:2,TRP:1	83.6		5	Zasmidium cellare	Zasmidium	Mycosphaerellaceae	Mycosphaerellales	Ascomycota		ARG	0.63	106		HIS	1.11	129		HIS	0.67	138		HIS	0.49	308		HIS	0.35	312		HIS	0.36	337	
A0A6A6H4U9	step5_his_coordination	0.858	23.56	CuA	0.49	4.04	95.4	HIS:4,PHE:2	neither	23.08	23.57	72.7	HIS:1	90.6		4	Viridothelium virens	Viridothelium	Trypetheliaceae	Trypetheliales	Ascomycota		HIS	0.41	79		HIS	0.46	87		HIS	0.53	96		GLY	1.03	223		SER	2.07	228		HIS	0.65	250	
A0A6A6HHK4	step5_his_coordination	0.741	3.78	CuA	0.47	4.18	96.8	GLY:1,HIS:4,PHE:2	CuB	3.61	0.60	94.8	GLN:1,HIS:5,PHE:2,TYR:1	82.1		5	Viridothelium virens	Viridothelium	Trypetheliaceae	Trypetheliales	Ascomycota		HIS	0.14	121		HIS	0.37	129		HIS	0.39	138		HIS	0.22	264		PRO	1.78	268		HIS	0.58	290	
A0A6A6JAY1	step5_his_coordination	0.649	3.91	CuA	0.61	4.42	95.3	HIS:4,PHE:2	CuB	3.46	0.50	93.8	HIS:5,PHE:2	94.9		5	Westerdykella ornata	Westerdykella	Sporormiaceae	Pleosporales	Ascomycota		HIS	0.32	50		HIS	0.72	58		HIS	0.33	67		HIS	0.56	196		PRO	1.22	200		HIS	0.49	222	
A0A6A6TSU5	step5_his_coordination	0.812	39.32	neither	27.45	25.62	77.5	HIS:1,LEU:1,SER:1	neither	26.14	23.46	48.8	GLY:2,HIS:2,PRO:1,TYR:1,VAL:1	82.4		2	Lophiostoma macrostomum	Lophiostoma	Lophiostomataceae	Pleosporales	Ascomycota		LEU	0.64	53		ALA	1.88	61		GLN	0.37	70		GLU	0.61	237	2.08	ARG	0.94	241		ALA	0.33	264	
A0A6A6V9C0	step5_his_coordination	0.991	4.19	CuB	3.86	0.12	97.1	HIS:6,PHE:2	CuA	1.14	4.27	94.8	CYS:1,HIS:4,PHE:2,TRP:1	86.2		5	Sporormia fimetaria	Sporormia	Sporormiaceae	Pleosporales	Ascomycota		HIS	0.84	106		HIS	1.16	130		HIS	0.66	139		HIS	0.37	303		HIS	0.32	307		HIS	0.26	332	
A0A6A6VF46	step5_his_coordination	0.658	3.51	CuA	0.52	4.27	93.2	HIS:5,ILE:1,PHE:2	CuB	3.20	0.76	87.8	HIS:5,PHE:2	89.7		5	Sporormia fimetaria	Sporormia	Sporormiaceae	Pleosporales	Ascomycota		HIS	0.20	82		HIS	0.68	90		HIS	0.42	99		HIS	0.99	228		PRO	1.12	232		HIS	0.40	254	
A0A6A6VMY9	step5_his_coordination	0.957	4.94	CuB	4.47	0.66	94.6	HIS:4,LEU:1,PHE:2	CuA	0.91	4.50	74.7	CYS:1,HIS:3,PHE:2,TRP:1	84.0		5	Sporormia fimetaria	Sporormia	Sporormiaceae	Pleosporales	Ascomycota		LEU	2.97	93		HIS	1.34	131		HIS	0.67	140		HIS	1.03	321		HIS	0.37	325		HIS	0.10	349	
A0A6A6VU64	step5_his_coordination	0.559	4.03	CuA	0.35	4.12	96.1	GLY:1,HIS:4,PHE:2,TRP:1	CuB	3.87	0.37	94.6	HIS:5,PHE:2,PRO:1	80.6		5	Pseudovirgaria hyperparasitica	Pseudovirgaria	Acrospermaceae	Acrospermales	Ascomycota		HIS	0.38	118		HIS	0.40	126		HIS	0.18	135		HIS	0.30	261		PRO	0.81	265		HIS	0.31	287	
A0A6A6XLR7	step5_his_coordination	0.627	4.59	CuB	3.85	0.50	86.1	HIS:4,PHE:1,THR:1	CuA	0.94	4.68	56.8	ASP:1,HIS:2,LEU:1,PHE:1	78.8		4	Melanomma pulvis-pyrius	Melanomma	Melanommataceae	Pleosporales	Ascomycota		HIS	0.54	86		---	3.45			ASP	0.27	105	3.89	HIS	0.86	238		HIS	0.43	242		HIS	0.33	280	
A0A6A7BLX6	step5_his_coordination	0.759	3.68	CuA	0.38	4.28	95.9	HIS:5,PHE:1,TRP:1	CuB	3.37	0.60	93.7	HIS:5,LEU:1,PHE:1,SER:1	84.5		5	Plenodomus tracheiphilus	Plenodomus	Leptosphaeriaceae	Pleosporales	Ascomycota		HIS	0.13	112		HIS	0.77	121		HIS	0.27	130		HIS	0.79	261		PRO	1.18	265		HIS	0.31	287	
A0A6G0JRR3	step5_his_coordination	0.515	3.92	CuB	4.10	0.48	87.1	HIS:5,PHE:2,TRP:1	CuA	0.19	3.78	78.7	ALA:1,HIS:4,LEU:1,PHE:2,TRP:2	67.3		5	Phytophthora fragariae	Phytophthora	Peronosporaceae	Peronosporales	Oomycota		LEU	0.33	64		HIS	0.46	74		HIS	0.17	83		HIS	0.43	197		HIS	0.06	201		HIS	0.25	223	
A0A6G0LHA8	step5_his_coordination	0.644	27.7	CuB	4.27	0.49	97.1	HIS:3,ILE:1,PHE:1,SER:1,TYR:1	neither	27.83	28.02	64.7	CYS:1,HIS:1,PRO:1	84.8		4	Phytophthora fragariae	Phytophthora	Peronosporaceae	Peronosporales	Oomycota		ALA	0.50	29		LEU	0.83	39		ASN	0.74	48		HIS	0.68	192		HIS	0.26	196		HIS	0.37	218	
A0A6G0QFF2	step5_his_coordination	0.698	4.14	CuA	0.20	3.86	95.6	ALA:1,GLU:1,HIS:4,PHE:2,TRP:1	CuB	4.25	0.40	94.6	GLU:1,HIS:4,PHE:2,TRP:1	73.0		5	Phytophthora fragariae	Phytophthora	Peronosporaceae	Peronosporales	Oomycota		HIS	0.35	29		HIS	0.69	39		HIS	0.24	48		GLU	1.21	184	1.81	HIS	0.40	188		HIS	0.36	210	
A0A6G0S364	step5_his_coordination	0.675	26.79	CuB	4.26	0.50	97.3	HIS:3,ILE:1,PHE:1,SER:1,TYR:1	neither	26.51	27.10	63.9	CYS:1,HIS:1,PRO:1,SER:1	86.1		4	Phytophthora fragariae	Phytophthora	Peronosporaceae	Peronosporales	Oomycota		ALA	0.36	29		LEU	0.80	39		ASN	0.82	48		HIS	0.67	192		HIS	0.23	196		HIS	0.36	218	
A0A6G0WB52	step5_his_coordination	0.854	33.87	CuB	4.12	0.67	95.7	HIS:3,PHE:2,THR:1,TRP:1,TYR:2	neither	35.80	33.40	69.2	GLU:1,HIS:1,ILE:1,LYS:1	83.2		4	Aphanomyces euteiches	Aphanomyces	Verrucalvaceae	Saprolegniales	Oomycota		LEU	2.35	89		TYR	0.65	99	2.25	ASN	0.92	108		HIS	0.94	242		HIS	0.45	246		HIS	0.23	268	
A0A6G0XI62	step5_his_coordination	0.701	11.79	neither	36.57	37.59	41.9	ASN:1,GLY:1,HIS:2,LEU:1,MET:1,TYR:2	neither	29.96	31.95	15.4	ASP:1,GLN:1,HIS:1	80.8		2	Aphanomyces euteiches	Aphanomyces	Verrucalvaceae	Saprolegniales	Oomycota		HIS	0.65	647		TYR	0.63	657	1.43	HIS	0.17	666		ASP	0.65	788	3.28	ARG	1.09	792		PHE	0.06	815	
A0A6G1IEP5	step5_his_coordination	0.846	4.29	CuA	0.78	4.69	96.6	GLU:1,HIS:4,PHE:2,TRP:1	CuB	3.58	0.67	94.3	HIS:4,PHE:2	80.4		5	Lentithecium fluviatile	Lentithecium	Lentitheciaceae	Pleosporales	Ascomycota		HIS	0.39	18		HIS	0.69	26		HIS	0.21	35		HIS	0.52	165		PRO	0.97	169		HIS	0.85	191	
A0A6G1KGG9	step5_his_coordination	0.825	3.03	neither	15.36	14.28	65.7	ASP:1,HIS:3,LEU:1	neither	16.80	16.27	35.0	ASN:1,HIS:3	77.0		3	Pleomassaria siparia	Pleomassaria	Pleomassariaceae	Pleosporales	Ascomycota		HIS	1.12	71		LEU	1.40	79		ASN	0.68	88		ALA	0.42	265		ARG	1.19	269		GLN	0.26	292	
A0A6H0Y3Z6	step5_his_coordination	0.612	3.55	CuA	0.32	4.02	76.2	HIS:4,PHE:2,TRP:1	CuB	3.50	0.47	51.4	HIS:6,PHE:2,PRO:1	70.7		5	Peltaster fructicola	Peltaster			Ascomycota		HIS	0.36	607		HIS	0.42	615		HIS	0.24	624		HIS	0.55	755		PRO	1.05	759		HIS	0.29	781	
A0A6I3X362	step5_his_coordination	0.683	4.65	CuB	3.76	0.29	97.5	HIS:6,PHE:2	CuA	1.01	4.84	92.9	CYS:1,GLN:1,HIS:4,PHE:2,TRP:1,VAL:1	73.8		5	Pseudoduganella dura	Pseudoduganella	Oxalobacteraceae	Burkholderiales	Pseudomonadota		HIS	0.30	116		SER	2.26	151		HIS	0.27	164		HIS	0.43	266		HIS	0.28	270		HIS	0.29	295	
A0A6J1BLU4	step5_his_coordination	0.826	3.4	CuB	3.56	0.55	89.5	ARG:1,GLN:1,HIS:5,PHE:2	CuA	0.55	3.85	53.2	ARG:1,GLN:1,HIS:4,PHE:2,TYR:1	69.7		4	Herrania umbratica	Herrania	Malvaceae	Malvales	Streptophyta		HIS	0.40	114		HIS	1.63	134		GLN	0.82	143		HIS	0.62	264		HIS	0.68	268		HIS	0.68	298	
A0A6J8AZI7	step5_his_coordination	0.795	24.62	CuB	4.38	0.48	83.7	GLN:1,HIS:2,PHE:1,TYR:4	neither	24.85	24.69	55.1	ASN:1,HIS:1,ILE:1,VAL:1	69.2		3	Mytilus coruscus	Mytilus	Mytilidae	Mytilida	Mollusca		HIS	0.62	315		TYR	1.16	324	1.89	GLN	0.63	333		ALA	0.43	439		HIS	0.33	443		HIS	0.41	466	
A0A6J8CJF7	step5_his_coordination	0.760	43.98	neither	27.92	26.14	75.8	ASN:1,GLN:1,HIS:1,THR:1,TYR:1	neither	32.50	30.93	44.2	HIS:1	77.5		2	Mytilus coruscus	Mytilus	Mytilidae	Mytilida	Mollusca		ASN	0.32	153		TYR	0.47	161	1.19	HIS	0.50	170		SER	0.43	276		HIS	0.13	280		TYR	0.30	303	0.94
A0A6J8CNM0	step5_his_coordination	1.060	4.51	CuA	0.63	3.72	91.0	ALA:1,HIS:3,PHE:2,TRP:1	CuB	4.75	0.95	86.8	HIS:3,PHE:2,THR:1	84.0		5	Mytilus coruscus	Mytilus	Mytilidae	Mytilida	Mollusca		HIS	1.06	55		HIS	0.38	64		HIS	0.64	73		HIS	0.56	183		HIS	0.50	187		THR	0.84	210	
A0A6J8CZL5	step5_his_coordination	0.785	37.97	CuA	0.79	4.62	59.9	ALA:1,ASN:1,HIS:2,PHE:1,TRP:1,TYR:1	neither	37.21	33.67	32.4	HIS:1,LEU:1,SER:1	69.6		3	Mytilus coruscus	Mytilus	Mytilidae	Mytilida	Mollusca		HIS	0.39	157		HIS	0.64	166		ASN	0.45	175		GLN	0.23	285		ASN	0.55	289		LEU	0.35	315	
A0A6J8EAN0	step5_his_coordination	0.636	24.67	CuB	4.15	0.63	89.9	GLN:2,HIS:3,PHE:1,TYR:1	neither	27.74	24.43	42.2	ARG:1,HIS:1,SER:1,THR:1	74.9		4	Mytilus coruscus	Mytilus	Mytilidae	Mytilida	Mollusca		HIS	1.36	196		GLN	0.56	205		TYR	0.23	214	0.47	HIS	0.49	323		HIS	0.64	327		HIS	0.35	350	
A0A6P4ZCR3	step5_his_coordination	0.545	10.41	CuB	4.91	0.99	80.4	ASN:1,GLN:1,HIS:2,LEU:1,PHE:1,SER:1	neither	8.21	9.70	57.8	ASP:2,HIS:3	82.7		3	Branchiostoma belcheri	Branchiostoma	Branchiostomatidae	Amphioxiformes	Chordata		GLN	0.42	181		HIS	0.72	202		ASN	1.11	211		ASN	0.86	357		HIS	0.39	361		SER	0.72	387	
A0A6P8I208	step5_his_coordination	1.118	37.67	CuA	1.22	2.83	94.6	ASN:1,HIS:3,ILE:1,PHE:2,TYR:2	neither	36.80	40.00	55.4	HIS:1,TYR:1	84.5		4	Actinia tenebrosa	Actinia	Actiniidae	Actiniaria	Cnidaria		TYR	0.77	327	2.58	HIS	1.19	336		HIS	0.56	345		HIS	1.70	464		THR	0.82	468		ALA	0.34	490	
A0A6V7V3D6	step5_his_coordination	1.816	16.45	CuA	0.59	3.66	93.4	CYS:1,HIS:3,ILE:1,PHE:1,PRO:1,TRP:1	neither	16.62	14.40	69.7	HIS:1,MET:1,PHE:1,TYR:1	82.3		4	Meloidogyne enterolobii	Meloidogyne	Meloidogynidae	Rhabditida	Nematoda		HIS	0.80	129		HIS	1.27	139		HIS	0.36	148		---	5.68			ILE	1.78	12		PHE	0.77	6	
A0A6V7WY80	step5_his_coordination	1.113	6.02	CuB	5.05	1.54	86.1	ARG:1,HIS:3,PHE:1,TRP:1	CuA	1.00	4.95	77.2	HIS:2,PHE:3,SER:1,TRP:1	69.9		5	Meloidogyne enterolobii	Meloidogyne	Meloidogynidae	Rhabditida	Nematoda		HIS	0.54	167		TRP	1.90	54		HIS	0.51	186		HIS	0.97	309		HIS	0.21	313		ARG	2.18	336	
A0A7C8I7T2	step5_his_coordination	0.888	5.26	CuA	0.50	4.22	96.2	HIS:4,PHE:2,TRP:1	CuB	5.06	1.31	81.5	HIS:3,LEU:1,PHE:1	91.0		5	Massariosphaeria phaeospora	Massariosphaeria		Pleosporales	Ascomycota		HIS	0.40	74		HIS	0.22	82		HIS	0.41	91		ALA	1.21	219		MET	1.39	223	7.44	HIS	0.69	246	
A0A7C8IE08	step5_his_coordination	0.871	4.32	CuB	3.91	0.33	94.9	HIS:6,PHE:2	CuA	0.98	4.43	93.1	CYS:1,HIS:4,PHE:2,TRP:1	84.2		5	Massariosphaeria phaeospora	Massariosphaeria		Pleosporales	Ascomycota		HIS	0.51	99		HIS	1.27	123		HIS	0.64	132		HIS	0.30	299		HIS	0.24	303		HIS	0.17	338	
A0A7C8MC86	step5_his_coordination	0.707	3.92	CuA	0.78	4.56	95.6	HIS:4,MET:1,PHE:1,TRP:1	CuB	3.38	0.78	92.2	HIS:6,LEU:1,PHE:1,TRP:1	82.1		5	Massariosphaeria phaeospora	Massariosphaeria		Pleosporales	Ascomycota		HIS	0.33	129		HIS	0.81	137		HIS	0.52	146		HIS	0.80	276		PRO	1.34	280		HIS	0.37	302	
A0A7C8UE72	step5_his_coordination	2.603	29.66	neither	10.19	6.61	86.6	HIS:4,LEU:1,PHE:1	neither	28.57	28.11	59.5	HIS:1,TYR:1	74.8		3	Orbilia oligospora	Orbilia	Orbiliaceae	Orbiliales	Ascomycota		---	4.62			---	6.69			LEU	2.67	237		---	3.05			---	3.31			LEU	0.93	383	
A0A7C9LY48	step5_his_coordination	0.808	4.36	CuB	3.84	0.26	96.0	HIS:6,PHE:3	CuA	0.61	4.46	87.1	CYS:1,GLN:1,HIS:4,PHE:1,TRP:1	85.6		5	Noviluteimonas gilva	Noviluteimonas	Lysobacteraceae	Lysobacterales	Pseudomonadota		HIS	0.35	100		SER	1.94	136		HIS	0.22	149		HIS	0.44	255		HIS	0.16	259		HIS	0.50	284	
A0A7C9M494	step5_his_coordination	0.633	4.43	CuB	3.80	0.24	96.2	HIS:6,PHE:3	CuA	0.79	4.57	87.7	CYS:1,GLN:1,HIS:4,PHE:1,TRP:1	87.0		5	Noviluteimonas gilva	Noviluteimonas	Lysobacteraceae	Lysobacterales	Pseudomonadota		HIS	0.35	83		SER	2.01	119		HIS	0.22	132		HIS	0.47	238		HIS	0.21	242		HIS	0.34	267	
A0A7D5Z0B1	step5_his_coordination	0.674	3.79	CuA	0.31	4.10	95.5	HIS:4,PHE:2,TRP:1	CuB	3.66	0.45	94.7	HIS:6,PHE:2	68.2		5	Metarhizium brunneum	Metarhizium	Clavicipitaceae	Hypocreales	Ascomycota		HIS	0.47	64		HIS	0.24	72		HIS	0.22	81		HIS	0.11	216		PRO	0.97	220		HIS	0.44	242	
A0A7E6EGY5	step5_his_coordination	1.101	56.36	neither	23.94	25.54	53.6	ASN:1,HIS:2,ILE:1,SER:1	neither	41.72	42.21	25.8	ALA:1,HIS:2,TYR:1	81.4		3	Octopus sinensis	Octopus	Octopodidae	Octopoda	Mollusca		SER	1.68	431		HIS	0.42	451		ASN	0.57	460		GLN	0.55	571		TYR	0.51	575	0.69	SER	0.58	599	
A0A7H8RBQ9	step5_his_coordination	1.154	3.55	CuA	0.46	3.99	86.0	ASN:1,GLY:1,HIS:4,LEU:1,PHE:2,TRP:1	CuB	3.54	0.49	81.3	HIS:5,LEU:1,PHE:2	75.5		4	Talaromyces rugulosus	Talaromyces	Trichocomaceae	Eurotiales	Ascomycota		HIS	0.74	115		ARG	1.33	124		HIS	0.35	133		HIS	0.70	263		PRO	2.39	267		HIS	0.43	279	
A0A7J6IXY4	step5_his_coordination	0.634	4.11	CuA	0.28	4.23	95.3	HIS:4,PHE:3,TRP:1	CuB	3.84	0.40	92.5	HIS:5,PHE:2	78.6		5	Colletotrichum fructicola	Colletotrichum	Glomerellaceae	Glomerellales	Ascomycota		HIS	0.38	138		HIS	0.43	146		HIS	0.03	155		HIS	0.23	292		PRO	0.92	296		HIS	0.48	318	
A0A7J6J5I0	step5_his_coordination	0.768	4.13	CuA	0.57	4.28	98.0	GLN:1,HIS:4,PHE:2,TRP:1	CuB	3.88	0.64	94.8	GLN:1,HIS:4,PHE:1	96.6		5	Colletotrichum fructicola	Colletotrichum	Glomerellaceae	Glomerellales	Ascomycota		HIS	0.34	49		HIS	0.64	57		HIS	0.37	66		HIS	0.75	234		HIS	0.91	238		GLN	0.49	262	
A0A7J6UTM6	step5_his_coordination	0.874	4.39	CuB	3.29	0.85	91.3	HIS:6,LEU:1,PHE:1,TYR:1	CuA	1.23	4.99	85.9	CYS:1,HIS:4,PHE:1,TYR:1,VAL:1	79.6		5	Thalictrum thalictroides	Thalictrum	Ranunculaceae	Ranunculales	Streptophyta		HIS	0.77	175		HIS	0.92	196		HIS	0.32	205		TYR	0.29	328	2.05	HIS	0.59	332		HIS	0.62	362	
A0A7J7J2C8	step5_his_coordination	0.616	21.6	neither	22.05	20.71	36.8	ARG:1,ASP:1,HIS:1,TYR:1	CuA	0.85	3.67	19.0	ARG:1,HIS:2,PHE:2,SER:1,TYR:1	60.3		3	Bugula neritina	Bugula	Bugulidae	Cheilostomatida	Bryozoa		TYR	0.34	413	2.17	HIS	0.57	421		HIS	0.42	431		SER	1.17	540		ARG	0.40	544		PHE	0.21	566	
A0A7K7RZM1	step5_his_coordination	0.525	3.5	CuA	0.32	3.75	95.8	HIS:4,PHE:1,SER:1,TRP:1	CuB	3.72	0.40	90.0	HIS:5,LEU:1,PHE:2,PRO:1	85.1		5	Nesospiza acunhae	Nesospiza	Thraupidae	Passeriformes	Chordata		HIS	0.27	191		HIS	0.58	213		HIS	0.50	222		HIS	0.22	371		PRO	0.99	375		HIS	0.12	398	
A0A7M5V4K9	step5_his_coordination	0.871	39.58	neither	27.17	23.54	67.6	ASN:1,HIS:2,LEU:1	neither	26.61	26.58	79.0	ASN:1,ASP:1,HIS:1,ILE:1	92.1		3	Clytia hemisphaerica	Clytia	Clytiidae	Leptothecata	Cnidaria		ASN	0.61	44		HIS	0.80	68		TYR	0.29	77	0.47	SER	0.23	255		LEU	0.64	259		MET	0.19	300	2.96
A0A7M5WXX0	step5_his_coordination	0.837	36.57	neither	28.58	27.08	76.5	GLU:1,HIS:2,MET:1	neither	22.49	24.89	55.1	ASP:1,GLU:1,HIS:1	78.2		2	Clytia hemisphaerica	Clytia	Clytiidae	Leptothecata	Cnidaria		ASN	0.49	165		HIS	0.94	191		TYR	0.38	200	0.43	SER	0.50	377		LEU	0.54	381		MET	0.22	421	2.92
A0A7M5XIS8	step5_his_coordination	0.885	29.99	neither	27.18	23.41	73.9	HIS:2,LYS:1	neither	33.54	31.99	73.6	ASP:1,HIS:1	89.7		3	Clytia hemisphaerica	Clytia	Clytiidae	Leptothecata	Cnidaria		ASN	0.99	59		HIS	0.85	83		TYR	0.30	92	0.56	SER	0.37	264		LEU	0.56	268		MET	0.23	303	2.92
A0A7M6DQE2	step5_his_coordination	0.895	29.17	neither	28.17	25.46	79.2	ASP:2	neither	33.02	31.72	66.0	HIS:1	85.6		1	Clytia hemisphaerica	Clytia	Clytiidae	Leptothecata	Cnidaria		ASN	0.38	77		HIS	0.68	101		TYR	0.28	110	0.45	SER	0.14	281		LEU	0.86	285		MET	0.29	321	2.86
A0A7N6AMA0	step5_his_coordination	0.947	4.93	CuA	0.62	3.63	94.0	HIS:4,MET:1,PHE:2,TRP:1	CuB	5.29	1.45	53.0	HIS:2,ILE:1,PHE:1,THR:1	79.7		5	Anabas testudineus	Anabas	Anabantidae	Anabantiformes	Chordata		HIS	0.67	180		HIS	0.70	203		HIS	0.48	212		ILE	1.35	349		THR	0.82	352		HIS	0.41	385	
A0A7R8ARR0	step5_his_coordination	0.878	4.08	CuA	0.61	4.38	95.0	HIS:4,PHE:2,TRP:1	CuB	3.71	0.48	90.6	HIS:4,PHE:2	81.5		5	Aspergillus puulaauensis	Aspergillus	Aspergillaceae	Eurotiales	Ascomycota		HIS	0.64	110		HIS	0.38	118		HIS	0.31	127		HIS	0.14	260		PRO	1.22	264		HIS	0.48	286	
A0A7R9UNI4	step5_his_coordination	2.650	31.19	neither	16.55	17.02	88.8	ALA:1,CYS:3,GLY:1,HIS:1,SER:3	neither	15.38	16.32	66.6	ALA:1,ASP:1,CYS:1,GLU:1,GLY:1,PRO:1,VAL:1	81.1		1	Diacronema lutheri	Diacronema	Pavlovaceae	Pavlovales	Haptophyta		---	3.66			---	3.20			LEU	2.94	97		---	3.21			---	3.15			HIS	2.74	326	
A0A7S0FYS9	step5_his_coordination	0.850	19.45	CuB	4.51	1.10	88.8	GLU:1,HIS:4,PHE:1,TRP:1,TYR:2	neither	19.24	20.03	61.5	ASP:1,HIS:1	81.7		3	Pyrodinium bahamense	Pyrodinium	Pyrocystaceae	Gonyaulacales			TYR	0.85	248	1.66	---	4.22			HIS	0.25	264		HIS	0.79	397		HIS	0.70	401		GLU	0.45	425	2.45
A0A7S1T762	step5_his_coordination	1.255	5.0	CuB	5.11	1.46	93.0	GLN:1,HIS:3,PHE:2	CuA	0.43	3.92	92.0	ALA:1,GLN:1,HIS:3,ILE:1,PHE:2,TRP:1	72.3		5	Compsopogon caeruleus	Compsopogon	Compsopogonaceae	Compsopogonales	Rhodophyta		HIS	0.67	117		HIS	0.87	125		HIS	0.80	134		HIS	0.99	241		HIS	0.84	245		GLN	0.85	280	
A0A7S1T768	step5_his_coordination	1.167	5.02	CuB	5.09	1.46	78.9	GLN:1,HIS:3,PHE:2	CuA	0.38	3.97	79.2	ALA:1,GLN:1,HIS:3,ILE:1,PHE:2,TRP:1	67.9		5	Compsopogon caeruleus	Compsopogon	Compsopogonaceae	Compsopogonales	Rhodophyta		HIS	0.46	101		HIS	0.54	109		HIS	0.72	118		HIS	0.71	225		HIS	0.59	229		GLN	0.72	264	
A0A7S2D0S4	step5_his_coordination	1.829	27.41	neither	27.72	24.44	60.3	GLN:1,GLU:1,HIS:1	neither	31.35	27.76	57.6	GLU:1,HIS:1,THR:1,TYR:1	88.1		2	Octactis speculum	Octactis	Dictyochaceae	Dictyochales			TYR	0.22	77	0.51	SER	1.29	90		HIS	0.37	99		SER	1.43	252		SER	2.34	256		HIS	2.23	399	
A0A7S2EUW0	step5_his_coordination	0.826	44.08	CuB	3.40	0.84	75.4	HIS:6,PHE:1	neither	44.15	43.64	79.7	ASN:1,ASP:1,GLU:1,HIS:2,MET:1,PRO:1	62.2		5	Ditylum brightwellii	Ditylum	Lithodesmiaceae	Lithodesmiales	Bacillariophyta		HIS	0.97	276		HIS	0.60	285		ASN	0.92	294		HIS	0.93	427		HIS	0.26	431		HIS	0.37	454	
A0A7S2JHL4	step5_his_coordination	0.920	52.49	neither	22.08	20.44	56.3	ARG:1,HIS:2	neither	33.57	35.10	42.3	HIS:2	70.2		2	Zooxanthella nutricula	Zooxanthella		Peridiniales			PHE	0.54	567		---	4.08			TYR	0.51	587	3.57	ARG	1.63	725		LEU	1.20	729		TYR	0.42	756	1.52
A0A7S2JHQ4	step5_his_coordination	0.910	22.11	neither	22.67	20.86	59.1	HIS:2	neither	21.20	19.87	34.1	ALA:1,HIS:1	68.5		1	Zooxanthella nutricula	Zooxanthella		Peridiniales			PHE	0.57	590		---	3.78			TYR	0.44	610	3.70	ARG	1.59	748		LEU	1.24	752		TYR	0.40	779	1.57
A0A7S3EYR7	step5_his_coordination	0.804	11.0	CuB	4.00	0.18	78.6	HIS:7,PHE:3	neither	8.55	11.02	30.4	ASN:1,CYS:3,HIS:1,PHE:1	75.6		3	Haptolina ericina	Haptolina	Prymnesiaceae	Prymnesiales	Haptophyta		HIS	1.01	245		HIS	1.30	259		HIS	0.38	268		HIS	0.49	414		HIS	0.52	418		HIS	0.24	440	
A0A7S4QPD7	step5_his_coordination	0.850	4.19	CuB	3.95	0.34	94.3	HIS:6,PHE:2	CuA	0.44	4.21	90.2	CYS:1,HIS:3,PHE:1,TRP:2	73.1		5	Ditylum brightwellii	Ditylum	Lithodesmiaceae	Lithodesmiales	Bacillariophyta		HIS	0.34	195		TYR	1.50	280	9.00	HIS	0.29	289		HIS	0.44	458		HIS	0.29	462		HIS	0.42	487	
A0A7S4QRZ1	step5_his_coordination	0.852	4.09	CuB	4.01	0.32	95.1	HIS:6,PHE:2,TYR:1	CuA	0.47	4.05	90.3	CYS:1,HIS:3,PHE:2,TRP:1,TYR:1	73.1		5	Ditylum brightwellii	Ditylum	Lithodesmiaceae	Lithodesmiales	Bacillariophyta		HIS	0.48	195		TYR	1.92	280	2.78	HIS	0.33	289		HIS	0.57	458		HIS	0.25	462		HIS	0.40	487	
A0A7W5H8K5	step5_his_coordination	0.705	4.44	CuB	3.89	0.16	97.5	HIS:5,PHE:3	CuA	0.68	4.51	90.5	CYS:1,GLN:1,HIS:4,PHE:2,TRP:1,VAL:1	86.5		5	Pseudoduganella umbonata	Pseudoduganella	Oxalobacteraceae	Burkholderiales	Pseudomonadota		HIS	0.34	80		SER	2.30	113		HIS	0.25	126		HIS	0.33	228		HIS	0.23	232		HIS	0.22	257	
A0A7W8KIV5	step5_his_coordination	0.678	4.91	CuB	4.20	0.41	84.4	HIS:4,LEU:1,PHE:1,VAL:1	CuA	1.14	4.70	63.8	HIS:3,PHE:1,TRP:1	84.1		5	Deinococcus metalli	Deinococcus	Deinococcaceae	Deinococcales	Deinococcota		HIS	0.50	49		HIS	1.31	60		HIS	0.55	69		HIS	0.37	172		HIS	0.69	176		HIS	0.31	199	
A0A7X5ASN3	step5_his_coordination	0.867	4.34	CuB	3.76	0.25	91.8	HIS:6,PHE:2	CuA	0.94	4.55	79.5	CYS:1,HIS:3,PHE:1,TRP:1,VAL:1	82.9		5	Photobacterium halotolerans	Photobacterium	Vibrionaceae	Vibrionales	Pseudomonadota		HIS	0.42	62		---	3.95			HIS	0.47	80		HIS	0.18	207		HIS	0.32	211		HIS	0.54	245	
A0A7Y7WSX0	step5_his_coordination	0.758	4.7	CuB	3.75	0.34	97.2	HIS:6,PHE:2	CuA	1.39	4.83	86.2	CYS:1,GLU:1,HIS:3,TRP:1,VAL:1	85.0		5	Pseudomonas gingeri	Pseudomonas	Pseudomonadaceae	Pseudomonadales	Pseudomonadota		HIS	0.40	79		PRO	2.43	115		HIS	0.30	128		HIS	0.54	231		HIS	0.31	235		HIS	0.51	260	
A0A7Y7X987	step5_his_coordination	0.738	4.22	CuB	3.75	0.32	97.1	HIS:6,PHE:2	CuA	0.70	4.39	90.4	CYS:1,GLU:1,HIS:4,PHE:2,TRP:1	86.8		5	Pseudomonas gingeri	Pseudomonas	Pseudomonadaceae	Pseudomonadales	Pseudomonadota		HIS	0.37	79		PRO	2.43	115		HIS	0.30	128		HIS	0.52	231		HIS	0.25	235		HIS	0.49	260	
A0A7Y8BLA6	step5_his_coordination	0.878	4.38	CuB	3.84	0.32	96.6	HIS:6,PHE:2	CuA	0.69	4.46	90.8	CYS:1,GLU:1,HIS:4,PHE:1,TRP:1,VAL:1	85.6		5	Pseudomonas gingeri	Pseudomonas	Pseudomonadaceae	Pseudomonadales	Pseudomonadota		HIS	0.42	79		PRO	2.36	115		HIS	0.27	130		HIS	0.55	236		HIS	0.33	240		HIS	0.53	265	
A0A812BCK9	step5_his_coordination	0.874	43.1	neither	30.94	27.26	45.7	GLU:1,HIS:1	neither	27.50	26.81	24.3	GLN:1,HIS:1,ILE:1	67.3		1	Acanthosepion pharaonis	Acanthosepion	Sepiidae	Sepiida	Mollusca		HIS	0.60	144		PHE	0.69	153		ASN	1.18	162		MET	1.08	272	3.28	LEU	1.07	276		SER	0.63	299	
A0A812PC05	step5_his_coordination	1.041	6.09	CuA	0.50	3.97	94.9	ASN:1,CYS:1,HIS:2,LEU:1,MET:1,PHE:1,TYR:1	CuB	6.07	2.13	83.3	HIS:2,LEU:1,TYR:1,VAL:1	79.9		4	Symbiodinium necroappetens	Symbiodinium	Symbiodiniaceae	Suessiales			ASN	1.72	151		---	3.09			HIS	0.29	165		VAL	1.26	293		HIS	0.96	297		LEU	0.26	320	
A0A812V664	step5_his_coordination	1.081	5.54	CuA	0.64	3.63	94.1	ASN:1,HIS:2,MET:1,PHE:2,TYR:1	CuB	5.85	1.92	75.3	HIS:2,MET:1,PHE:1,TYR:1,VAL:1	86.6		4	Symbiodinium natans	Symbiodinium	Symbiodiniaceae	Suessiales			ASN	2.02	99		HIS	2.91	103		HIS	0.31	113		VAL	1.12	241		HIS	0.92	245		PHE	0.53	268	
A0A812XIJ6	step5_his_coordination	1.218	5.63	CuA	0.51	3.81	94.3	ASN:1,HIS:2,MET:1,PHE:2,TYR:1	CuB	5.78	1.84	81.5	HIS:2,ILE:1,MET:1,PHE:1,TYR:1	79.6		4	Symbiodinium pilosum	Symbiodinium	Symbiodiniaceae	Suessiales			ASN	1.72	113		---	3.55			HIS	0.42	127		ILE	1.51	255		HIS	1.17	259		PHE	0.49	282	
A0A833WLV2	step5_his_coordination	0.826	30.79	neither	23.67	21.01	64.0	ASN:1,ASP:2,CYS:1,GLU:1,GLY:1,LYS:1,TRP:1	neither	21.01	18.39	59.8	ASP:1,GLU:2,HIS:1,LEU:1,LYS:1	88.3		0	Phytophthora infestans	Phytophthora	Peronosporaceae	Peronosporales	Oomycota		TYR	0.66	59	2.86	VAL	0.78	69		TYR	0.45	78	3.14	GLN	1.05	230		HIS	0.99	234		TYR	0.39	256	0.34
A0A858R6E5	step5_his_coordination	0.739	4.46	CuB	3.76	0.24	94.8	HIS:6,PHE:3	CuA	0.88	4.64	88.1	CYS:1,GLN:1,HIS:4,PHE:2,TRP:1	84.9		5	Aerophototrophica crusticola	Aerophototrophica	Rhodospirillaceae	Rhodospirillales	Pseudomonadota		HIS	0.41	57		SER	2.13	96		HIS	0.38	110		HIS	0.52	226		HIS	0.43	230		HIS	0.50	255	
A0A8A3PKD0	step5_his_coordination	0.652	3.83	CuB	3.86	0.29	92.5	HIS:6,PHE:3	CuA	0.82	3.97	75.2	HIS:3,PHE:3,THR:1,TRP:1	84.1		5	Monilinia vaccinii-corymbosi	Monilinia	Sclerotiniaceae	Helotiales	Ascomycota		HIS	0.73	88		PHE	0.65	109		HIS	0.61	118		HIS	0.33	280		HIS	0.16	284		HIS	0.31	310	
A0A8B6E8R8	step5_his_coordination	0.795	28.08	CuA	0.60	4.00	64.8	ASN:1,HIS:1,PHE:3,SER:1,TRP:1,TYR:1,VAL:1	neither	27.58	25.79	76.0	ASN:1,GLN:1,HIS:1,THR:1,TYR:1	77.7		2	Mytilus galloprovincialis	Mytilus	Mytilidae	Mytilida	Mollusca		ASN	0.30	157		VAL	2.83	166		HIS	0.48	174		SER	0.44	280		HIS	0.20	284		TYR	0.29	307	0.98
A0A8B6FI79	step5_his_coordination	0.655	29.13	CuB	4.17	0.51	92.4	GLN:2,HIS:3,PHE:1,TYR:1	neither	26.23	28.88	34.8	ASP:2,HIS:1,LYS:1	79.9		4	Mytilus galloprovincialis	Mytilus	Mytilidae	Mytilida	Mollusca		HIS	1.22	142		GLN	0.53	151		TYR	0.26	160	0.57	HIS	0.52	269		HIS	0.63	273		HIS	0.38	296	
A0A8B8D4J3	step5_his_coordination	1.040	2.25	neither	24.22	24.15	51.7	ASP:1,HIS:2	neither	26.26	26.11	29.2	HIS:2	65.5		2	Crassostrea virginica	Crassostrea	Ostreidae	Ostreida	Mollusca		HIS	2.12	146		ARG	1.12	155		ASN	0.54	164		ASN	0.38	279		HIS	0.54	283		TYR	0.62	306	0.59
A0A8B9AG70	step5_his_coordination	1.387	22.74	CuB	2.84	1.23	78.2	HIS:3,THR:1,TRP:1,TYR:1	neither	21.51	23.61	57.3	HIS:2,LEU:2,SER:1	71.8		3	Phoenix dactylifera	Phoenix	Arecaceae	Arecales	Streptophyta		MET	1.99	172	9.15	GLN	1.74	193		TYR	0.55	202	1.45	HIS	1.11	314		THR	1.46	318		HIS	0.51	338	
A0A8B9GJT5	step5_his_coordination	0.692	4.49	CuB	4.40	0.47	89.3	HIS:4,LEU:1,PHE:1,THR:1	CuA	0.23	4.05	61.5	HIS:3,PHE:2,TRP:1,VAL:1	69.2		5	Astyanax mexicanus	Astyanax	Acestrorhamphidae	Characiformes	Chordata		HIS	0.23	104		PHE	2.85	126		HIS	0.62	132		HIS	0.48	281		HIS	0.45	285		HIS	0.27	308	
A0A8C0NCZ3	step5_his_coordination	0.584	3.66	CuB	3.89	0.21	83.9	HIS:6,LEU:1,PHE:1,SER:1,TRP:1	CuA	0.45	3.74	88.9	HIS:3,LEU:1,PHE:1,SER:2,TRP:1	76.7		5	Canis lupus	Canis	Canidae	Carnivora	Chordata		HIS	0.40	220		HIS	0.63	242		HIS	0.37	251		HIS	0.28	400		HIS	0.62	404		HIS	2.01	427	
A0A8H2VQV0	step5_his_coordination	0.770	3.69	CuA	0.50	4.30	96.4	HIS:5,PHE:2,TRP:1	CuB	3.36	0.61	94.7	HIS:6,PHE:2	80.3		5	Sclerotinia trifoliorum	Sclerotinia	Sclerotiniaceae	Helotiales	Ascomycota		HIS	0.62	128		HIS	0.47	136		HIS	0.33	145		HIS	0.70	274		PRO	1.38	278		HIS	0.40	300	
A0A8H2X9J9	step5_his_coordination	1.095	5.34	CuA	0.64	4.30	92.4	HIS:3,ILE:1,PHE:2,TRP:1	CuB	5.09	1.48	86.1	GLU:1,HIS:2,LEU:1,MET:1,PHE:1	78.3		5	Rhizoctonia solani	Rhizoctonia	Ceratobasidiaceae	Cantharellales	Basidiomycota		HIS	0.33	88		HIS	0.19	96		HIS	0.35	105		HIS	0.67	252		HIS	0.59	256		LEU	0.85	278	
A0A8H2XQY6	step5_his_coordination	0.635	4.15	CuA	0.64	3.99	93.7	ASN:1,GLN:1,HIS:3,PHE:2,TRP:1	CuB	4.13	0.61	80.2	ARG:1,ASN:1,GLN:1,HIS:3,PHE:1	79.0		3	Rhizoctonia solani	Rhizoctonia	Ceratobasidiaceae	Cantharellales	Basidiomycota		HIS	0.25	119		GLN	0.78	127		HIS	0.40	136		ARG	0.70	275		GLN	0.65	279		HIS	0.24	302	
A0A8H3ANG7	step5_his_coordination	0.644	24.05	CuA	0.80	3.79	93.7	ASN:1,GLN:1,HIS:3,PHE:2,TRP:1	neither	24.29	27.04	50.7	GLU:1,HIS:2	75.9		3	Rhizoctonia solani	Rhizoctonia	Ceratobasidiaceae	Cantharellales	Basidiomycota		HIS	0.18	171		GLN	1.00	179		HIS	0.45	188		ARG	0.73	327		GLN	0.77	331		HIS	0.25	354	
A0A8H3BNH7	step5_his_coordination	0.682	4.08	CuA	0.68	3.97	93.2	ASN:1,GLN:1,HIS:3,PHE:2,PRO:1,TRP:1	CuB	4.07	0.57	79.3	ARG:1,ASN:1,GLN:2,HIS:3,PHE:2	85.0		3	Rhizoctonia solani	Rhizoctonia	Ceratobasidiaceae	Cantharellales	Basidiomycota		HIS	0.44	119		GLN	0.77	127		HIS	0.45	136		ARG	0.66	275		GLN	0.62	279		HIS	0.27	302	
A0A8H3CDA8	step5_his_coordination	0.675	23.91	CuA	0.68	4.01	94.6	ASN:1,GLN:1,HIS:3,PHE:2,TRP:1	neither	24.21	26.92	58.4	ASN:1,GLU:2,HIS:2	84.3		3	Rhizoctonia solani	Rhizoctonia	Ceratobasidiaceae	Cantharellales	Basidiomycota		HIS	0.38	137		GLN	1.08	145		HIS	0.45	154		ARG	0.67	293		GLN	0.80	297		HIS	0.28	320	
A0A8H3CUW5	step5_his_coordination	0.785	11.36	CuB	3.81	0.25	88.8	ASN:1,HIS:7,LEU:1,PHE:1	neither	8.88	11.51	61.9	ALA:1,ARG:2,CYS:3	81.8		3	Rhizoctonia solani	Rhizoctonia	Ceratobasidiaceae	Cantharellales	Basidiomycota		HIS	0.90	61		HIS	1.05	89		HIS	0.35	98		HIS	0.31	326		HIS	0.13	330		HIS	0.48	355	
A0A8H3CZ20	step5_his_coordination	0.537	2.89	CuB	3.41	2.67	85.7	GLN:1,HIS:3,LEU:1,PHE:1,TYR:1	CuA	1.00	3.55	71.8	HIS:3,ILE:1,PHE:2,TYR:1	82.4		3	Rhizoctonia solani	Rhizoctonia	Ceratobasidiaceae	Cantharellales	Basidiomycota		TYR	0.20	72	0.87	HIS	0.77	80		HIS	0.30	89		HIS	0.47	233		LEU	0.30	237		ILE	0.33	259	
A0A8H3DH08	step5_his_coordination	2.365	10.97	CuB	6.28	3.91	92.2	ASN:1,HIS:5,LEU:1,PHE:1	neither	12.13	13.38	65.3	ALA:1,ARG:2,CYS:3	84.3		3	Rhizoctonia solani	Rhizoctonia	Ceratobasidiaceae	Cantharellales	Basidiomycota		GLN	1.96	57		---	4.46			LEU	1.42	102		HIS	2.97	326		---	3.15			LEU	2.40	353	
A0A8H3DKS2	step5_his_coordination	0.920	5.39	CuB	3.98	0.22	93.2	ASN:1,HIS:4,LEU:1,PHE:1	CuA	1.58	5.36	67.2	HIS:3,PHE:1,TRP:1	81.8		4	Rhizoctonia solani	Rhizoctonia	Ceratobasidiaceae	Cantharellales	Basidiomycota		HIS	0.93	62		VAL	2.55	110		HIS	0.38	118		HIS	0.17	357		HIS	0.30	361		HIS	0.29	386	
A0A8H3DR34	step5_his_coordination	0.721	3.97	CuA	0.67	4.05	93.2	ASN:1,GLN:1,HIS:3,PHE:2,TRP:1	CuB	3.88	0.40	74.6	ARG:1,ASN:1,GLN:2,HIS:3,PHE:2	85.4		3	Rhizoctonia solani	Rhizoctonia	Ceratobasidiaceae	Cantharellales	Basidiomycota		HIS	0.40	119		GLN	0.91	127		HIS	0.53	136		ARG	0.71	275		GLN	0.74	279		HIS	0.26	302	
A0A8H3FNM0	step5_his_coordination	0.875	4.21	CuA	0.54	4.02	96.9	HIS:4,PHE:2,TRP:1	CuB	4.17	0.44	76.6	HIS:3,ILE:1,PHE:2	79.1		4	Heterodermia speciosa	Heterodermia	Physciaceae	Caliciales	Ascomycota		HIS	0.30	137		HIS	0.39	145		HIS	0.55	154		ALA	0.96	279		LEU	1.98	283		HIS	0.41	306	
A0A8H3FR24	step5_his_coordination	0.825	10.51	CuB	3.74	0.33	93.2	HIS:7,PHE:3	neither	8.01	10.59	64.5	ASN:2,CYS:3,HIS:1,SER:1	80.1		3	Imshaugia aleurites	Imshaugia	Parmeliaceae	Lecanorales	Ascomycota		HIS	0.89	80		HIS	1.10	105		HIS	0.36	114		HIS	0.25	306		HIS	0.11	310		HIS	0.48	339	
A0A8H3GJI1	step5_his_coordination	0.685	4.21	CuA	0.58	3.99	94.3	ARG:1,ASN:1,GLN:1,HIS:3,PHE:2,PRO:1,SER:1,TRP:1	CuB	4.18	0.54	77.9	ARG:1,ASN:1,GLN:1,HIS:3,PHE:2	86.5		3	Rhizoctonia solani	Rhizoctonia	Ceratobasidiaceae	Cantharellales	Basidiomycota		HIS	0.36	119		GLN	0.81	127		HIS	0.45	136		ARG	0.71	275		GLN	0.61	279		HIS	0.29	302	
A0A8H3HGU7	step5_his_coordination	0.659	3.86	CuA	0.66	3.99	86.5	ASN:1,HIS:3,PHE:2,TRP:1,TYR:1	CuB	3.78	0.56	69.4	ARG:1,ASN:1,GLN:1,HIS:4,PHE:2	73.2		3	Rhizoctonia solani	Rhizoctonia	Ceratobasidiaceae	Cantharellales	Basidiomycota		HIS	0.42	137		---	4.71			HIS	0.44	173		ARG	0.73	312		GLN	0.67	316		HIS	0.24	339	
A0A8H3I335	step5_his_coordination	0.790	3.28	CuA	0.55	4.30	92.3	HIS:5,PHE:2,TRP:1	CuB	2.96	1.03	89.3	HIS:4,PHE:2	80.5		4	Gomphillus americanus	Gomphillus	Graphidaceae	Ostropales	Ascomycota		HIS	0.39	141		HIS	1.20	149		HIS	0.35	158		HIS	1.25	286		PRO	1.32	290		HIS	0.51	312	
A0A8H3IAU0	step5_his_coordination	0.689	3.78	CuA	0.61	4.43	96.8	HIS:5,PHE:2,TRP:1	CuB	3.32	0.65	93.6	HIS:5,PHE:2	82.4		5	Imshaugia aleurites	Imshaugia	Parmeliaceae	Lecanorales	Ascomycota		HIS	0.30	125		HIS	0.73	133		HIS	0.22	142		HIS	0.81	269		PRO	1.11	273		HIS	0.44	295	
A0A8H3IDD5	step5_his_coordination	0.679	3.8	CuA	0.61	4.44	96.8	HIS:5,PHE:2,TRP:1	CuB	3.32	0.65	94.4	HIS:5,PHE:2	82.3		5	Alectoria fallacina	Alectoria	Parmeliaceae	Lecanorales	Ascomycota		HIS	0.36	126		HIS	0.65	134		HIS	0.23	143		HIS	0.80	270		PRO	1.12	274		HIS	0.43	296	
A0A8H3UFY5	step5_his_coordination	0.649	3.88	CuA	0.26	4.01	95.9	ALA:1,HIS:4,PHE:1,TRP:1	CuB	3.84	0.50	92.5	HIS:5,PHE:2	85.8		5	Venturia inaequalis	Venturia	Venturiaceae	Venturiales	Ascomycota		HIS	0.66	90		HIS	0.28	98		HIS	0.29	107		HIS	0.21	247		PRO	1.11	251		HIS	0.55	273	
A0A8H3VC67	step5_his_coordination	0.630	3.99	CuA	0.21	4.11	96.0	HIS:4,PHE:2,TRP:1	CuB	3.86	0.47	92.1	HIS:5,PHE:2	74.7		5	Venturia inaequalis	Venturia	Venturiaceae	Venturiales	Ascomycota		HIS	0.54	179		HIS	0.31	187		HIS	0.19	196		HIS	0.22	336		PRO	1.12	340		HIS	0.49	362	
A0A8H3W2Z1	step5_his_coordination	0.777	4.02	CuA	0.56	4.25	98.0	GLN:1,HIS:4,PHE:2,TRP:1	CuB	3.80	0.62	94.5	GLN:1,HIS:4,PHE:1	96.7		5	Colletotrichum asianum	Colletotrichum	Glomerellaceae	Glomerellales	Ascomycota		HIS	0.32	49		HIS	0.60	57		HIS	0.37	66		HIS	0.81	234		HIS	0.92	238		GLN	0.49	262	
A0A8H3W909	step5_his_coordination	0.660	4.16	CuA	0.35	4.30	95.4	HIS:4,PHE:2,TRP:1	CuB	3.83	0.47	94.2	HIS:5,PHE:2	83.0		5	Colletotrichum asianum	Colletotrichum	Glomerellaceae	Glomerellales	Ascomycota		HIS	0.45	104		HIS	0.41	112		HIS	0.06	121		HIS	0.29	258		PRO	0.90	262		HIS	0.42	284	
A0A8H4CJG9	step5_his_coordination	2.038	23.93	CuB	5.18	2.14	72.6	HIS:4,PHE:1	neither	27.94	24.28	35.5	HIS:2	66.0		4	Colletotrichum gloeosporioides	Colletotrichum	Glomerellaceae	Glomerellales	Ascomycota		ALA	1.10	98		THR	0.89	105		MET	2.44	117	6.09	HIS	1.41	279		HIS	1.17	283		HIS	1.89	308	
A0A8H4CPR6	step5_his_coordination	0.755	4.12	CuA	0.56	4.26	98.1	GLN:1,HIS:3,PHE:1,TRP:1	CuB	3.90	0.67	95.2	GLN:1,HIS:4,PHE:1	94.6		5	Colletotrichum gloeosporioides	Colletotrichum	Glomerellaceae	Glomerellales	Ascomycota		HIS	0.35	48		HIS	0.52	56		HIS	0.35	65		HIS	0.65	233		HIS	0.92	237		GLN	0.50	261	
A0A8H4CUC1	step5_his_coordination	0.588	4.08	CuB	3.76	0.54	92.6	HIS:4,ILE:1,LEU:2,PHE:2	CuA	0.54	4.26	86.0	HIS:3,LEU:1,PHE:1,TRP:1	85.7		5	Colletotrichum gloeosporioides	Colletotrichum	Glomerellaceae	Glomerellales	Ascomycota		HIS	0.46	85		LEU	1.51	105		HIS	0.19	111		HIS	0.74	263		HIS	0.54	267		HIS	0.48	293	
A0A8H4FHG1	step5_his_coordination	0.657	4.22	CuA	0.34	4.29	96.1	HIS:4,PHE:2,TRP:1	CuB	3.89	0.38	95.4	HIS:5,PHE:2	81.7		5	Colletotrichum gloeosporioides	Colletotrichum	Glomerellaceae	Glomerellales	Ascomycota		HIS	0.42	104		HIS	0.41	112		HIS	0.07	121		HIS	0.30	258		PRO	0.90	262		HIS	0.47	284	
A0A8H4IVL2	step5_his_coordination	0.744	3.81	CuB	3.67	0.50	96.5	HIS:5,PHE:1	CuA	0.23	4.09	92.1	HIS:4,LEU:1,PHE:1,SER:1	92.1		5	Botryosphaeria dothidea	Botryosphaeria	Botryosphaeriaceae	Botryosphaeriales	Ascomycota		HIS	0.48	62		---	3.74			HIS	0.21	72		HIS	0.93	217		HIS	0.75	221		HIS	0.22	247	
A0A8H4JDQ9	step5_his_coordination	1.611	4.95	CuB	4.17	1.08	94.5	HIS:4,PHE:1	CuA	1.43	5.00	81.2	ALA:1,GLN:1,HIS:3,PHE:1	86.5		5	Fusarium acutatum	Fusarium	Nectriaceae	Hypocreales	Ascomycota		HIS	2.04	39		GLN	1.64	42		HIS	0.65	47		HIS	0.60	150		HIS	0.45	154		HIS	0.50	177	
A0A8H4JHW9	step5_his_coordination	0.704	3.67	CuA	0.29	4.04	96.9	HIS:4,PHE:2,TRP:1	CuB	3.60	0.48	95.3	HIS:6,PHE:2	81.1		5	Fusarium acutatum	Fusarium	Nectriaceae	Hypocreales	Ascomycota		HIS	0.46	117		HIS	0.33	125		HIS	0.28	134		HIS	0.21	271		PRO	1.09	275		HIS	0.45	297	
A0A8H4QR39	step5_his_coordination	0.914	3.43	CuA	0.55	4.30	92.2	ASN:1,GLY:1,HIS:5,PHE:2,THR:1	CuB	3.10	0.94	80.2	HIS:6,PHE:2	63.4		5	Cudoniella acicularis	Cudoniella	Helotiaceae	Helotiales	Ascomycota		HIS	0.77	464		HIS	0.52	472		HIS	0.48	481		HIS	1.02	610		PRO	1.81	614		HIS	0.61	636	
A0A8H4RK75	step5_his_coordination	0.723	4.0	CuA	0.45	3.79	96.2	HIS:4,PHE:2,SER:1	CuB	4.23	0.63	94.3	HIS:5,PHE:2	80.8		5	Cudoniella acicularis	Cudoniella	Helotiaceae	Helotiales	Ascomycota		HIS	0.64	129		HIS	0.75	137		HIS	0.19	146		HIS	0.81	274		PRO	1.03	278		HIS	0.29	300	
A0A8H4RXM0	step5_his_coordination	0.638	3.62	CuA	0.37	4.13	94.2	HIS:4,PHE:1,TRP:1	CuB	3.46	0.53	93.2	HIS:6,PHE:2	80.0		5	Cudoniella acicularis	Cudoniella	Helotiaceae	Helotiales	Ascomycota		HIS	0.41	124		HIS	0.52	132		HIS	0.24	141		HIS	0.53	271		PRO	1.28	275		HIS	0.38	297	
A0A8H4Z0P3	step5_his_coordination	0.729	3.86	CuA	0.33	4.15	95.0	HIS:4,PHE:2,TRP:1	CuB	3.69	0.42	94.0	HIS:6,PHE:2	79.7		5	Fusarium anthophilum	Fusarium	Nectriaceae	Hypocreales	Ascomycota		HIS	0.48	117		HIS	0.31	125		HIS	0.25	134		HIS	0.13	271		PRO	1.09	275		HIS	0.42	297	
A0A8H4ZIX0	step5_his_coordination	0.847	3.86	CuB	3.76	0.40	95.5	HIS:6,PHE:2	CuA	0.68	4.03	93.1	CYS:1,HIS:5,PHE:2,THR:1,TRP:1	86.9		5	Fusarium anthophilum	Fusarium	Nectriaceae	Hypocreales	Ascomycota		HIS	0.74	77		HIS	1.48	102		HIS	0.52	111		HIS	0.27	344		HIS	0.29	348		HIS	0.35	385	
A0A8H5AS67	step5_his_coordination	0.841	4.02	CuB	3.70	0.27	94.9	HIS:6,PHE:2	CuA	0.85	4.27	90.3	CYS:1,HIS:4,PHE:2,THR:1,TRP:1	84.3		5	Psilocybe cf. subviscida	Psilocybe	Agrocybaceae	Agaricales	Basidiomycota		HIS	0.61	60		HIS	1.04	87		HIS	0.46	96		HIS	0.24	259		HIS	0.38	263		HIS	0.59	288	
A0A8H5ATU2	step5_his_coordination	0.764	19.22	neither	13.00	16.81	74.1	ASP:1,GLY:1,HIS:2,LYS:1,MET:1,VAL:1	neither	22.54	25.49	56.2	HIS:1,PRO:1	80.5		3	Psilocybe cf. subviscida	Psilocybe	Agrocybaceae	Agaricales	Basidiomycota		TYR	0.70	79	0.19	LEU	0.85	87		HIS	0.45	96		PHE	1.21	242		GLN	1.03	246		LEU	0.48	274	
A0A8H5EAG2	step5_his_coordination	0.886	4.87	CuB	4.01	0.50	96.6	HIS:5,PHE:2	CuA	0.87	4.82	91.8	HIS:3,ILE:2,PHE:2	91.2		5	Fusarium anthophilum	Fusarium	Nectriaceae	Hypocreales	Ascomycota		HIS	0.98	77		HIS	1.83	85		HIS	0.11	92		HIS	0.39	209		HIS	0.56	213		HIS	0.34	236	
A0A8H5GBV2	step5_his_coordination	0.825	3.82	CuB	3.50	0.58	79.1	HIS:5,LEU:1,PHE:2	CuA	0.80	4.34	80.5	CYS:1,HIS:4,PHE:1,TRP:1	71.5		5	Leucocoprinus leucothites	Leucocoprinus	Agaricaceae	Agaricales	Basidiomycota		HIS	0.74	65		HIS	1.00	86		HIS	0.44	95		HIS	0.27	283		GLY	0.71	287		HIS	0.16	317	
A0A8H5JRL3	step5_his_coordination	1.059	3.71	CuB	3.65	0.37	85.4	HIS:6,LEU:1,PHE:2	CuA	0.56	4.03	65.6	GLY:1,HIS:4,PHE:1,TRP:1	82.4		5	Fusarium phyllophilum	Fusarium	Nectriaceae	Hypocreales	Ascomycota		HIS	0.63	88		---	3.85			HIS	0.49	98		HIS	0.60	308		HIS	0.48	312		HIS	0.25	337	
A0A8H5MQC7	step5_his_coordination	0.765	3.71	CuA	0.40	4.18	95.2	HIS:4,PHE:2,TRP:1	CuB	3.52	0.59	95.7	HIS:6,PHE:2	79.6		5	Fusarium napiforme	Fusarium	Nectriaceae	Hypocreales	Ascomycota		HIS	0.56	117		HIS	0.29	125		HIS	0.31	134		HIS	0.27	271		PRO	1.07	275		HIS	0.46	297	
A0A8H5N7B6	step5_his_coordination	0.701	3.84	CuA	0.27	3.93	90.9	HIS:4,ILE:1,LEU:1,PHE:1,TRP:1	CuB	3.85	0.14	86.4	HIS:5,LEU:2,PHE:1	87.3		5	Fusarium mexicanum	Fusarium	Nectriaceae	Hypocreales	Ascomycota		HIS	0.34	75		HIS	0.28	83		HIS	0.32	92		HIS	0.41	230		HIS	0.28	234		LEU	0.83	246	
A0A8H5PBB3	step5_his_coordination	2.449	2.74	neither	6.58	5.48	74.2	HIS:4,LEU:2,PRO:1,TRP:1	CuB	6.68	3.97	38.3	HIS:4,ILE:1,LEU:1,MET:1	73.0		4	Fusarium subglutinans	Fusarium	Nectriaceae	Hypocreales	Ascomycota		---	4.58			---	4.15			LEU	2.41	69		HIS	2.82	161		---	3.57			ALA	2.02	206	
A0A8H5PBF2	step5_his_coordination	0.754	3.68	CuA	0.46	4.10	90.0	HIS:4,PHE:2,TRP:1	CuB	3.60	0.63	91.8	HIS:6,PHE:2	81.3		5	Fusarium pseudocircinatum	Fusarium	Nectriaceae	Hypocreales	Ascomycota		HIS	0.50	62		HIS	0.06	70		HIS	0.35	79		HIS	0.23	216		PRO	1.08	220		HIS	0.57	242	
A0A8H5Q6G5	step5_his_coordination	0.689	3.88	CuA	0.41	4.24	94.9	HIS:4,ILE:1,PHE:2,TRP:1	CuB	3.62	0.44	71.7	HIS:6,PHE:2	87.5		5	Fusarium pseudoanthophilum	Fusarium	Nectriaceae	Hypocreales	Ascomycota		HIS	0.28	68		HIS	0.33	76		HIS	0.33	85		HIS	0.48	218		HIS	2.03	222		HIS	0.54	230	
A0A8H5TQU7	step5_his_coordination	0.829	3.84	CuB	3.76	0.28	94.9	HIS:6,PHE:3	CuA	0.67	4.02	92.1	CYS:1,HIS:5,PHE:2,THR:1,TRP:1	86.7		5	Fusarium circinatum	Fusarium	Nectriaceae	Hypocreales	Ascomycota		HIS	0.74	77		HIS	1.63	102		HIS	0.52	111		HIS	0.22	344		HIS	0.23	348		HIS	0.22	385	
A0A8H5UC91	step5_his_coordination	0.711	3.87	CuA	0.28	4.13	95.8	HIS:4,PHE:2,TRP:1	CuB	3.71	0.41	94.5	HIS:5,PHE:2,PRO:1	79.2		5	Fusarium circinatum	Fusarium	Nectriaceae	Hypocreales	Ascomycota		HIS	0.46	117		HIS	0.31	125		HIS	0.21	134		HIS	0.21	271		PRO	0.98	275		HIS	0.40	297	
A0A8H5V6E6	step5_his_coordination	0.724	3.69	CuA	0.34	4.05	96.6	HIS:4,PHE:2,TRP:1	CuB	3.63	0.51	95.1	HIS:6,PHE:2	81.0		5	Fusarium tjaetaba	Fusarium	Nectriaceae	Hypocreales	Ascomycota		HIS	0.51	117		HIS	0.28	125		HIS	0.28	134		HIS	0.18	271		PRO	1.02	275		HIS	0.46	297	
A0A8H5WCB4	step5_his_coordination	0.877	4.88	CuB	4.04	0.58	97.4	HIS:4,PHE:2	CuA	0.88	4.83	93.3	HIS:3,ILE:2,PHE:2	94.0		5	Fusarium circinatum	Fusarium	Nectriaceae	Hypocreales	Ascomycota		HIS	1.16	39		HIS	2.12	47		HIS	0.19	54		HIS	0.45	171		HIS	0.41	175		HIS	0.28	198	
A0A8H5XW17	step5_his_coordination	0.707	3.84	CuA	0.32	4.14	96.1	HIS:4,PHE:2,TRP:1	CuB	3.67	0.40	95.0	HIS:6,PHE:2	80.3		5	Fusarium globosum	Fusarium	Nectriaceae	Hypocreales	Ascomycota		HIS	0.53	117		HIS	0.31	125		HIS	0.27	134		HIS	0.17	271		PRO	1.15	275		HIS	0.43	297	
A0A8H6A0W2	step5_his_coordination	0.769	17.79	CuB	4.31	0.95	59.6	ASN:1,HIS:2,PHE:2,TYR:2	neither	17.60	18.42	29.5	CYS:1,HIS:2,TYR:1	75.3		2	Aspergillus alliaceus	Aspergillus	Aspergillaceae	Eurotiales	Ascomycota		ASN	0.83	68		GLY	2.14	88		ASN	0.60	96		ASN	0.70	290		HIS	0.28	294		TYR	0.44	320	0.78
A0A8H6ANQ1	step5_his_coordination	0.897	3.73	CuA	0.38	4.26	87.2	ALA:1,HIS:4,PHE:2,TRP:1	CuB	3.41	0.58	66.5	HIS:6,PHE:3	66.5		4	Botrytis fragariae	Botrytis	Sclerotiniaceae	Helotiales	Ascomycota		HIS	0.49	136		HIS	0.32	144		HIS	0.26	153		ALA	0.59	241		VAL	0.84	245		HIS	0.57	268	
A0A8H6FIQ4	step5_his_coordination	0.706	3.63	CuA	0.71	4.56	89.5	GLY:1,HIS:5,PHE:2,TRP:1	CuB	3.03	0.94	86.2	HIS:5,PHE:2	76.8		5	Letharia lupina	Letharia	Parmeliaceae	Lecanorales	Ascomycota		HIS	0.55	125		HIS	0.85	133		HIS	0.28	142		HIS	0.96	269		PRO	1.26	273		HIS	0.45	312	
A0A8H6HT48	step5_his_coordination	1.893	3.19	CuB	4.84	2.22	87.4	HIS:4,PHE:1	CuA	2.87	3.71	52.4	ALA:1,HIS:4,ILE:1,PHE:2	81.9		4	Ephemerocybe angulata	Ephemerocybe	Psathyrellaceae	Agaricales	Basidiomycota		THR	2.05	133		---	3.24			SER	2.41	154		HIS	1.33	297		HIS	0.95	301		HIS	1.24	336	
A0A8H6JVW5	step5_his_coordination	0.761	4.03	CuB	3.98	0.63	94.1	GLN:1,HIS:4,PHE:2,SER:1	CuA	0.55	4.05	88.1	ALA:1,GLN:1,HIS:2,PHE:2,SER:1,TRP:1	83.1		4	Colletotrichum plurivorum	Colletotrichum	Glomerellaceae	Glomerellales	Ascomycota		HIS	0.41	132		---	5.32			HIS	0.19	175		HIS	0.49	343		HIS	0.82	347		GLN	0.52	371	
A0A8H6L0G3	step5_his_coordination	0.672	3.66	CuA	0.61	4.44	94.1	GLY:1,HIS:5,PHE:2,TRP:1	CuB	3.18	0.79	91.7	HIS:5,PHE:2	81.7		5	Letharia columbiana	Letharia	Parmeliaceae	Lecanorales	Ascomycota		HIS	0.27	126		HIS	0.67	134		HIS	0.26	143		HIS	0.93	270		PRO	1.12	274		HIS	0.48	296	
A0A8H6MKC6	step5_his_coordination	0.755	3.92	CuB	3.85	0.70	94.0	GLN:1,HIS:4,PHE:2,SER:1	CuA	0.46	4.07	89.1	ALA:1,GLN:1,HIS:2,PHE:2,SER:1,TRP:1	80.8		4	Colletotrichum musicola	Colletotrichum	Glomerellaceae	Glomerellales	Ascomycota		HIS	0.40	132		---	5.23			HIS	0.16	173		HIS	0.63	358		HIS	0.90	362		GLN	0.54	386	
A0A8H6MX70	step5_his_coordination	0.779	4.04	CuA	0.47	4.21	97.6	ALA:1,GLN:1,HIS:4,PHE:1,TRP:1	CuB	3.85	0.60	96.1	GLN:1,HIS:4,PHE:1,SER:1	89.5		5	Colletotrichum sojae	Colletotrichum	Glomerellaceae	Glomerellales	Ascomycota		HIS	0.30	132		HIS	0.48	140		HIS	0.29	149		HIS	0.67	317		HIS	0.90	321		GLN	0.57	345	
A0A8H6N7U5	step5_his_coordination	0.594	4.1	CuA	0.36	4.23	96.5	ALA:1,HIS:4,PHE:1,TRP:1	CuB	3.82	0.62	93.7	HIS:5,PHE:2	77.2		5	Colletotrichum musicola	Colletotrichum	Glomerellaceae	Glomerellales	Ascomycota		HIS	0.68	144		HIS	0.25	152		HIS	0.22	161		HIS	0.21	305		PRO	0.94	309		HIS	0.45	331	
A0A8H6S8I0	step5_his_coordination	0.698	3.83	CuB	3.66	0.33	95.3	HIS:5,PHE:1,TYR:1	CuA	0.46	4.13	82.1	HIS:3,PHE:1,TRP:1,TYR:1	86.7		5	Mycena chlorophos	Mycena	Mycenaceae	Agaricales	Basidiomycota		HIS	0.46	99		ARG	0.61	112		HIS	0.39	121		HIS	0.85	262		HIS	0.49	266		HIS	0.41	305	
A0A8H6YHY9	step5_his_coordination	0.934	4.03	CuB	3.92	0.18	90.6	HIS:6,PHE:3	CuA	0.80	4.09	83.8	CYS:1,HIS:5,PHE:2,TRP:1	78.2		5	Mycena sanguinolenta	Mycena	Mycenaceae	Agaricales	Basidiomycota		HIS	0.78	72		HIS	1.31	96		HIS	0.56	105		HIS	0.43	311		HIS	0.27	315		HIS	0.27	340	
A0A8H7BB98	step5_his_coordination	0.651	3.74	CuA	0.65	4.30	93.2	ASP:1,HIS:5,ILE:1,PHE:2	CuB	3.47	0.81	91.9	ASP:1,HIS:5,PHE:2	75.5		5	Alternaria burnsii	Alternaria	Pleosporaceae	Pleosporales	Ascomycota		HIS	0.46	133		HIS	0.70	141		HIS	0.32	150		HIS	0.49	282		PRO	1.05	286		HIS	0.59	334	
A0A8H7CJP5	step5_his_coordination	0.858	3.44	CuA	0.37	4.15	90.8	HIS:5,PHE:2,TRP:1,VAL:1	CuB	3.27	0.76	85.2	CYS:1,HIS:5,PHE:2	84.8		5	Mycena sanguinolenta	Mycena	Mycenaceae	Agaricales	Basidiomycota		HIS	0.34	78		HIS	0.42	86		HIS	0.29	95		HIS	0.94	243		CYS	2.02	249	3.01	HIS	0.23	274	
A0A8H7H065	step5_his_coordination	2.073	5.36	CuB	5.54	1.98	93.1	ASN:1,HIS:4,LEU:1,PHE:1	CuA	1.60	4.25	59.2	HIS:3,PHE:1,TRP:1	81.6		4	Rhizoctonia solani	Rhizoctonia	Ceratobasidiaceae	Cantharellales	Basidiomycota		ILE	2.80	59		MET	2.73	111	9.73	HIS	2.52	121		HIS	1.71	354		HIS	1.98	358		HIS	1.15	383	
A0A8H7H0A0	step5_his_coordination	0.635	24.33	CuA	0.77	3.80	92.7	ARG:1,ASN:1,GLN:1,HIS:3,PHE:2,TRP:1	neither	24.40	27.19	50.3	ASP:1,GLU:1,HIS:2	81.5		3	Rhizoctonia solani	Rhizoctonia	Ceratobasidiaceae	Cantharellales	Basidiomycota		HIS	0.21	119		GLN	1.05	127		HIS	0.58	136		ARG	0.67	275		GLN	0.67	279		HIS	0.23	302	
A0A8H7HFI3	step5_his_coordination	0.595	4.09	CuB	3.83	0.38	90.3	HIS:6,PHE:1	CuA	0.96	4.15	66.3	HIS:4,PHE:1,PRO:1,SER:1	78.9		4	Rhizoctonia solani	Rhizoctonia	Ceratobasidiaceae	Cantharellales	Basidiomycota		HIS	0.43	98		HIS	2.09	106		THR	0.51	116		HIS	0.63	249		HIS	0.46	253		HIS	0.28	276	
A0A8H7I333	step5_his_coordination	0.643	3.97	CuA	0.89	3.68	91.0	GLN:1,HIS:3,PHE:2,TRP:1	CuB	4.29	0.76	72.1	ARG:1,ASN:1,GLN:2,HIS:3,PHE:1	84.0		3	Rhizoctonia solani	Rhizoctonia	Ceratobasidiaceae	Cantharellales	Basidiomycota		HIS	0.25	96		GLN	1.19	104		HIS	0.63	113		ARG	0.73	252		GLN	0.41	256		HIS	0.15	279	
A0A8H7IC95	step5_his_coordination	0.669	4.12	CuB	3.82	0.43	90.5	HIS:5,PHE:1	CuA	0.60	4.20	64.4	HIS:4,PHE:1,SER:1	77.4		5	Rhizoctonia solani	Rhizoctonia	Ceratobasidiaceae	Cantharellales	Basidiomycota		HIS	0.66	98		HIS	1.87	106		THR	0.82	116		HIS	0.77	257		HIS	0.46	261		HIS	0.34	284	
A0A8H7K265	step5_his_coordination	0.662	3.92	CuB	3.62	0.57	96.1	HIS:5,PHE:1,TYR:1	CuA	0.54	4.21	94.5	HIS:3,ILE:1,PHE:1,SER:1,TRP:1,TYR:1	88.6		5	Clonostachys rosea	Clonostachys	Bionectriaceae	Hypocreales	Ascomycota		HIS	0.51	108		TYR	0.85	116	1.50	HIS	0.22	125		HIS	1.07	276		HIS	0.86	280		HIS	0.47	303	
A0A8H7LYZ4	step5_his_coordination	0.562	4.0	CuB	3.83	0.32	92.1	HIS:5,PHE:1	CuA	0.99	4.06	69.2	HIS:4,PHE:1,PRO:1,SER:1	83.5		5	Rhizoctonia solani	Rhizoctonia	Ceratobasidiaceae	Cantharellales	Basidiomycota		HIS	0.34	98		HIS	1.97	106		THR	0.38	116		HIS	0.62	249		HIS	0.42	253		HIS	0.24	276	
A0A8H7M1F4	step5_his_coordination	0.833	5.41	CuB	3.74	0.34	91.6	ASN:1,HIS:4,LEU:1,PHE:2	CuA	1.81	5.61	60.0	CYS:1,HIS:3,PHE:1,TRP:1	80.5		4	Rhizoctonia solani	Rhizoctonia	Ceratobasidiaceae	Cantharellales	Basidiomycota		HIS	0.80	60		---	3.92			HIS	0.57	121		HIS	0.37	354		HIS	0.10	358		HIS	0.49	383	
A0A8H7MHY0	step5_his_coordination	0.785	4.78	CuA	0.53	4.41	93.8	HIS:4,ILE:1,LEU:1,PHE:1	CuB	4.37	0.80	93.0	ASN:1,HIS:3,PHE:1	82.8		5	Ascochyta lentis	Ascochyta	Didymellaceae	Pleosporales	Ascomycota		HIS	0.69	116		HIS	0.53	124		HIS	0.12	133		ASN	0.86	299		HIS	0.79	303		HIS	0.30	327	
A0A8H7W0M8	step5_his_coordination	0.692	4.21	CuA	0.65	4.34	95.8	HIS:4,PHE:2,TRP:1	CuB	3.85	0.26	93.7	HIS:5,LEU:1,PHE:2	88.4		5	Cadophora malorum	Cadophora	Ploettnerulaceae	Helotiales	Ascomycota		HIS	0.08	79		HIS	0.67	87		HIS	0.27	96		HIS	0.41	226		PRO	1.25	230		HIS	0.54	252	
A0A8H7Y763	step5_his_coordination	0.680	3.92	CuA	0.72	3.89	94.7	HIS:3,PHE:2,TYR:1,VAL:1	CuB	4.01	0.26	88.4	HIS:4,PHE:2,SER:1,TYR:1	90.4		4	Psilocybe cubensis	Psilocybe	Agrocybaceae	Agaricales	Basidiomycota		TYR	0.78	80	1.14	HIS	0.63	88		HIS	0.36	97		SER	0.82	235		HIS	0.40	239		HIS	0.27	262	
A0A8H8P4P0	step5_his_coordination	0.697	3.68	CuA	0.72	3.92	92.4	GLN:1,HIS:3,PHE:2,TRP:1	CuB	3.72	0.54	73.1	ARG:1,ASN:1,GLN:2,HIS:4,PHE:2	85.5		3	Rhizoctonia solani	Rhizoctonia	Ceratobasidiaceae	Cantharellales	Basidiomycota		HIS	0.43	119		GLN	1.10	127		HIS	0.55	136		ARG	0.76	275		GLN	0.61	279		HIS	0.24	302	
A0A8H8RL10	step5_his_coordination	0.810	3.8	CuA	0.83	4.62	95.8	HIS:5,MET:1,PHE:2,TRP:1	CuB	3.13	0.83	94.3	HIS:6,PHE:2	82.0		5	Lachnellula subtilissima	Lachnellula	Lachnaceae	Helotiales	Ascomycota		HIS	0.40	129		HIS	0.98	137		HIS	0.22	146		HIS	1.13	275		PRO	1.51	279		HIS	0.36	301	
A0A8H8RRA0	step5_his_coordination	0.905	4.67	CuB	3.81	1.11	90.1	HIS:4,PHE:1	CuA	0.87	4.82	61.7	GLN:1,HIS:3,ILE:2,PHE:1,SER:1	83.2		5	Lachnellula subtilissima	Lachnellula	Lachnaceae	Helotiales	Ascomycota		HIS	0.77	109		HIS	1.48	117		GLN	0.41	130		HIS	0.83	284		HIS	1.11	288		HIS	0.46	312	
A0A8H8U2D2	step5_his_coordination	0.820	3.56	CuA	0.71	4.50	94.2	HIS:5,MET:1,PHE:2,TRP:1	CuB	3.03	0.94	92.7	HIS:5,PHE:2	81.8		5	Lachnellula hyalina	Lachnellula	Lachnaceae	Helotiales	Ascomycota		HIS	0.45	130		HIS	1.11	138		HIS	0.21	147		HIS	1.10	276		PRO	1.43	280		HIS	0.34	302	
A0A8H9LF69	step5_his_coordination	0.546	30.38	CuA	1.51	2.78	94.2	GLN:2,HIS:1,PHE:2,TYR:2	neither	30.46	28.80	79.4	HIS:1	90.5		2	Microbispora bryophytorum	Microbispora	Streptosporangiaceae	Streptosporangiales	Actinomycetota		TYR	0.54	73	1.64	HIS	0.51	81		GLN	0.48	90		MET	0.83	202	5.43	GLN	0.55	206		ALA	0.22	228	
A0A8J1TDZ8	step5_his_coordination	0.722	20.36	neither	22.53	25.62	49.7	ASN:1,HIS:2,LEU:1	neither	26.75	28.91	15.8	ARG:1,GLU:1,HIS:1,VAL:1	68.7		1	Owenia fusiformis	Owenia	Oweniidae	Sabellida	Annelida		TYR	0.26	387	1.81	GLN	0.69	395		HIS	0.37	404		SER	0.91	519		HIS	0.78	523		HIS	0.17	545	
A0A8J4W827	step5_his_coordination	0.808	19.95	neither	23.94	21.11	77.6	ASP:1,CYS:1,GLU:2,GLY:1,TRP:1	neither	25.09	25.06	54.4	ALA:1,ASN:1,HIS:1	90.1		0	Phytophthora kernoviae	Phytophthora	Peronosporaceae	Peronosporales	Oomycota		TYR	0.45	13	3.11	VAL	1.00	23		TYR	0.41	32	3.32	GLN	0.94	184		HIS	1.00	188		TYR	0.20	210	0.55
A0A8J5IZX1	step5_his_coordination	0.849	40.96	neither	25.94	25.15	72.8	GLU:1,HIS:1,SER:1	neither	21.66	19.16	55.5	GLU:2,HIS:1,THR:1	88.0		1	Phytophthora aleatoria	Phytophthora	Peronosporaceae	Peronosporales	Oomycota		TYR	0.70	59	3.00	VAL	0.70	69		TYR	0.45	78	3.10	GLN	1.06	230		HIS	1.12	234		TYR	0.44	256	0.42
A0A8J5M7S4	step5_his_coordination	0.599	21.66	CuB	4.30	0.47	97.5	HIS:3,PHE:1,SER:1,TYR:1	neither	23.55	21.61	72.1	HIS:1,PRO:1,TRP:1,TYR:1	85.2		4	Phytophthora aleatoria	Phytophthora	Peronosporaceae	Peronosporales	Oomycota		ALA	0.33	72		LEU	0.95	82		ASN	0.69	91		HIS	0.77	235		HIS	0.40	239		HIS	0.38	261	
A0A8J5XMZ9	step5_his_coordination	2.373	30.44	neither	15.26	15.72	89.4	ALA:1,CYS:3,GLY:1,HIS:1,SER:3	neither	15.75	16.59	68.0	ALA:2,ASP:1,CYS:1,GLY:1,LEU:1,PRO:1,VAL:1	82.2		1	Diacronema lutheri	Diacronema	Pavlovaceae	Pavlovales	Haptophyta		---	3.49			ALA	2.70	64		LEU	2.45	85		PHE	2.71	275		---	3.01			HIS	2.30	314	
A0A8J7L7N4	step5_his_coordination	0.847	4.34	CuB	3.55	0.62	96.7	HIS:7,PHE:3	CuA	0.94	4.75	93.3	CYS:1,HIS:4,PHE:1,THR:1,TRP:1	77.0		5	Amazonocrinis nigriterrae	Amazonocrinis	Nostocaceae	Nostocales	Cyanobacteriota		HIS	0.47	124		HIS	2.69	168		HIS	0.35	193		HIS	0.46	296		HIS	0.62	300		HIS	0.49	342	
A0A8J9R8H5	step5_his_coordination	0.640	4.18	CuA	0.45	4.25	94.6	HIS:4,PHE:1,SER:1,TRP:1	CuB	3.89	0.59	94.0	HIS:5,PHE:2	78.1		5	Diaporthe leptostromiformis	Diaporthe	Diaporthaceae	Diaporthales	Ascomycota		HIS	0.86	133		HIS	0.16	141		HIS	0.28	150		HIS	0.37	290		PRO	0.90	294		HIS	0.33	316	
A0A8K0IA90	step5_his_coordination	0.910	11.04	CuB	3.10	1.03	52.7	ASN:1,HIS:3,PHE:2,TRP:1,TYR:1	neither	8.99	11.24	13.9	ASN:1,CYS:1,PHE:1,SER:1	65.0		2	Cocos nucifera	Cocos	Arecaceae	Arecales	Streptophyta		HIS	1.26	533		GLN	1.35	553		TYR	0.41	562	0.53	HIS	0.66	684		ASN	0.73	688		HIS	0.50	708	
A0A8K0R3D6	step5_his_coordination	0.764	3.67	CuA	0.44	4.29	95.2	HIS:5,PHE:1,TRP:1	CuB	3.34	0.63	94.3	HIS:5,LEU:1,PHE:1,SER:1	83.8		5	Paraphoma chrysanthemicola	Paraphoma	Phaeosphaeriaceae	Pleosporales	Ascomycota		HIS	0.12	112		HIS	0.79	121		HIS	0.38	130		HIS	0.80	261		PRO	1.09	265		HIS	0.31	287	
A0A8K0SEI0	step5_his_coordination	1.290	23.69	CuB	3.56	0.78	95.2	HIS:4,LEU:1,PHE:1,PRO:1,TYR:1	neither	27.06	23.42	75.6	HIS:1,TRP:1	80.8		4	Stachybotrys elegans	Stachybotrys	Stachybotryaceae	Hypocreales	Ascomycota		HIS	0.71	85		---	5.58			PHE	1.92	301		HIS	0.96	237		HIS	0.65	241		HIS	0.52	267	
A0A8K0T8Y5	step5_his_coordination	0.602	4.14	CuA	0.48	4.28	96.0	HIS:4,PHE:2,TRP:1	CuB	3.83	0.21	91.3	HIS:5,PHE:3,PRO:1	78.0		5	Plectosphaerella cucumerina	Plectosphaerella	Plectosphaerellaceae	Glomerellales	Ascomycota		HIS	0.66	154		HIS	0.60	162		HIS	0.23	171		HIS	0.36	294		PRO	1.05	298		HIS	0.46	320	
A0A8N5I073	step5_his_coordination	0.708	4.21	CuA	0.57	3.39	90.8	HIS:4,PHE:1,SER:1,TRP:1	CuB	4.78	0.97	55.6	HIS:3,LEU:2,PHE:1	81.6		4	Geospiza fortis	Geospiza	Thraupidae	Passeriformes	Chordata		HIS	0.41	191		HIS	1.08	213		HIS	0.58	222		UNK	0.45	357		GLY	1.54	361		HIS	0.15	411	
A0A8R1TKI8	step5_his_coordination	0.734	3.56	CuA	0.32	3.78	95.3	ALA:1,HIS:4,PHE:2	CuB	3.79	0.99	90.0	HIS:4,LEU:1,PHE:2	65.8		5	Onchocerca volvulus	Onchocerca	Onchocercidae	Rhabditida	Nematoda		HIS	0.38	381		HIS	0.54	391		HIS	0.13	400		HIS	0.56	521		LEU	0.43	525		HIS	0.21	548	
A0A8S3QCE6	step5_his_coordination	0.741	3.83	CuB	4.63	0.72	87.4	ALA:1,GLN:1,HIS:2,PHE:2,TYR:4	CuA	1.10	3.14	69.0	GLN:1,HIS:3,PHE:1,TYR:2,VAL:1	86.5		3	Mytilus edulis	Mytilus	Mytilidae	Mytilida	Mollusca		HIS	0.69	82		TYR	1.19	91	2.08	GLN	0.68	100		ALA	0.41	206		HIS	0.43	210		HIS	0.38	233	
A0A8S3RVL9	step5_his_coordination	0.745	40.82	neither	25.14	22.03	77.8	ARG:1,HIS:1,LYS:1,MET:1	neither	31.51	30.11	62.7	HIS:1	79.2		2	Mytilus edulis	Mytilus	Mytilidae	Mytilida	Mollusca		ASN	0.33	153		TYR	0.35	161	1.15	HIS	0.47	170		SER	0.41	276		HIS	0.20	280		TYR	0.27	303	0.91
A0A8S3S028	step5_his_coordination	0.792	25.94	CuA	0.85	4.40	58.2	ALA:1,ASN:1,HIS:2,PHE:1,TRP:1,TYR:1	neither	25.50	23.93	23.9	ARG:1,ASP:1,HIS:1,ILE:1	69.1		2	Mytilus edulis	Mytilus	Mytilidae	Mytilida	Mollusca		HIS	0.21	163		HIS	0.70	172		ASN	0.46	181		GLN	0.25	291		ASN	0.54	295		LEU	0.38	321	
A0A8S3S1J4	step5_his_coordination	0.801	32.53	CuA	0.76	4.48	64.0	ALA:1,ASN:1,HIS:2,LEU:1,PHE:1,TRP:1,TYR:1	neither	32.37	32.53	25.5	CYS:1,GLU:1,HIS:1,PRO:1,VAL:1	70.2		2	Mytilus edulis	Mytilus	Mytilidae	Mytilida	Mollusca		HIS	0.19	163		HIS	0.73	172		ASN	0.46	181		GLN	0.32	291		ASN	0.54	295		LEU	0.30	321	
A0A8S3THZ3	step5_his_coordination	0.661	29.13	CuB	4.23	0.54	91.7	HIS:3,PHE:1,TYR:1	neither	26.12	28.79	33.5	ASP:1,HIS:1	80.3		4	Mytilus edulis	Mytilus	Mytilidae	Mytilida	Mollusca		HIS	1.21	142		GLN	0.70	151		TYR	0.25	160	0.58	HIS	0.50	269		HIS	0.62	273		HIS	0.45	296	
A0A8T1MS49	step5_his_coordination	0.566	5.07	CuA	0.14	3.99	96.1	HIS:3,PHE:1,THR:1,TRP:1,TYR:1	CuB	5.07	1.35	82.7	ASN:1,GLN:1,HIS:2,PHE:1,TYR:1	90.7		5	Clonorchis sinensis	Clonorchis	Opisthorchiidae	Opisthorchiida	Platyhelminthes		HIS	0.44	180		HIS	0.33	205		HIS	0.14	214		ASN	0.52	365		HIS	0.03	369		GLN	0.48	392	
A0A8T1U1C5	step5_his_coordination	1.988	5.77	CuA	1.98	5.42	73.2	ALA:1,HIS:4,PHE:2,TRP:1	CuB	5.57	3.83	40.2	HIS:2,ILE:1,MET:1,PHE:1,VAL:1	76.5		5	Phytophthora cactorum	Phytophthora	Peronosporaceae	Peronosporales	Oomycota		HIS	0.32	72		HIS	2.27	82		HIS	2.18	91		VAL	1.66	179		---	3.14			HIS	2.58	194	
A0A8T1W4C6	step5_his_coordination	0.613	21.95	CuB	4.27	0.45	96.5	HIS:3,ILE:1,PHE:3,TYR:1	neither	23.56	21.78	67.6	HIS:1,PRO:1,TRP:1,TYR:1	81.9		4	Phytophthora pseudosyringae	Phytophthora	Peronosporaceae	Peronosporales	Oomycota		ALA	0.30	74		LEU	1.21	84		ASN	0.45	93		HIS	0.57	237		HIS	0.15	241		HIS	0.50	263	
A0A8T1W6M6	step5_his_coordination	2.438	31.51	neither	20.03	17.97	67.3	ASN:2,ASP:1,CYS:1,GLU:1,GLY:1,TRP:1	neither	25.20	22.07	58.8	ASP:1,GLU:2,HIS:1,THR:1	84.9		0	Phytophthora pseudosyringae	Phytophthora	Peronosporaceae	Peronosporales	Oomycota		---	3.13			---	3.70			---	3.17			GLN	2.55	277		---	3.61			TYR	1.87	303	5.05
A0A8T1WU85	step5_his_coordination	0.856	17.52	neither	23.83	21.01	72.0	ASP:1,CYS:1,GLU:2,GLY:1,TRP:1	neither	25.93	25.29	60.4	ALA:1,HIS:1,SER:1	86.8		1	Phytophthora boehmeriae	Phytophthora	Peronosporaceae	Peronosporales	Oomycota		TYR	0.70	66	3.03	VAL	0.97	76		TYR	0.34	85	3.34	GLN	1.14	237		HIS	1.05	241		TYR	0.32	263	0.48
A0A8T9AZC4	step5_his_coordination	0.825	3.75	CuA	0.60	4.43	95.0	HIS:5,MET:1,PHE:2,TRP:1	CuB	3.26	0.73	89.6	HIS:6,PHE:2	75.9		5	Lachnellula arida	Lachnellula	Lachnaceae	Helotiales	Ascomycota		HIS	0.25	111		HIS	0.55	119		HIS	0.15	128		HIS	0.95	229		PRO	1.54	233		HIS	0.55	255	
A0A8U0BYH4	step5_his_coordination	0.929	30.61	CuB	5.81	2.02	78.8	ARG:1,GLN:1,HIS:2,PHE:1,VAL:1	neither	36.10	32.63	52.1	ASN:1,HIS:1,LYS:2,SER:1,TYR:1	70.7		2	Pinctada fucata	Pinctada	Pteriidae	Pterioida	Mollusca		ILE	0.83	149		MET	0.76	157	3.56	ASN	1.06	166		GLN	0.27	281		HIS	0.36	285		ARG	0.19	308	
A0A8U0BYU8	step5_his_coordination	0.705	34.61	neither	28.42	28.09	67.0	HIS:1,ILE:1	neither	23.32	26.38	57.5	ARG:1,HIS:2,TRP:1	75.4		2	Pinctada maxima	Pinctada	Pteriidae	Pterioida	Mollusca		HIS	0.66	81		TYR	0.66	90	1.27	ASN	0.68	99		GLN	0.17	210		HIS	0.39	214		ARG	0.27	237	
A0A8U0BZ64	step5_his_coordination	0.677	24.04	neither	23.90	24.08	66.5	ASP:1,HIS:2,ILE:1,VAL:1	CuB	4.21	0.38	32.9	ARG:1,GLN:1,HIS:2,PHE:2,TYR:2	54.8		1	Pinctada margaritifera	Pinctada	Pteriidae	Pterioida	Mollusca		HIS	0.76	153		TYR	0.49	162	1.45	ASN	0.70	171		GLN	0.15	282		HIS	0.45	286		ARG	0.24	309	
A0A8U0BZL2	step5_his_coordination	1.804	37.04	neither	14.80	12.78	59.2	HIS:1,TYR:1	neither	35.98	32.64	56.2	ASN:1,HIS:1,LYS:1,SER:1	80.5		1	Pinctada maxima	Pinctada	Pteriidae	Pterioida	Mollusca		ILE	2.89	151		MET	2.59	160	5.48	ASN	1.65	169		GLN	1.03	284		HIS	0.68	288		ARG	0.64	311	
A0A8U0C0J3	step5_his_coordination	1.793	35.0	neither	25.43	23.53	72.5	ASP:1,GLU:1,HIS:1,PHE:1,PRO:1,SER:1,THR:1	neither	33.91	31.32	58.8	HIS:1,SER:1	78.4		2	Pinctada margaritifera	Pinctada	Pteriidae	Pterioida	Mollusca		ILE	2.83	151		THR	2.18	159		ASN	1.68	169		GLN	1.17	284		HIS	0.74	288		ARG	0.77	311	
A0A8W8J4S3	step5_his_coordination	0.642	16.0	CuB	4.37	0.42	82.6	ASN:1,HIS:3,ILE:1,PHE:1,TYR:1	neither	11.69	15.59	50.2	ALA:1,HIS:2,VAL:1	77.9		3	Magallana gigas	Magallana	Ostreidae	Ostreida	Mollusca		TYR	0.59	80	0.46	ASN	0.51	88		HIS	0.36	97		ILE	0.87	202		HIS	0.42	206		HIS	0.23	228	
A0A8X6KWP2	step5_his_coordination	0.529	26.43	neither	24.20	25.54	55.8	GLU:1,HIS:1	neither	23.61	25.38	49.4	HIS:2,PHE:1,SER:1	72.7		2	Trichonephila clavata	Trichonephila	Nephilidae	Araneae	Arthropoda		TYR	0.43	361	1.89	ASN	0.42	369		ASN	0.75	378		SER	1.02	483		HIS	0.35	487		HIS	0.16	509	
A0A8X7N2K2	step5_his_coordination	1.007	3.88	CuB	4.07	0.62	92.2	HIS:5,PHE:1	CuA	0.67	3.86	81.0	HIS:3,LEU:1,PHE:2	77.9		5	Tilletia walkeri	Tilletia	Tilletiaceae	Tilletiales	Basidiomycota		HIS	0.62	135		TYR	2.53	140	11.23	HIS	0.37	146		HIS	0.31	291		HIS	0.72	295		HIS	0.50	317	
A0A913XYY6	step5_his_coordination	1.067	27.1	CuA	1.03	2.94	72.2	ASN:1,HIS:3,ILE:1,PHE:2,TYR:2	neither	26.74	27.91	46.9	CYS:1,GLY:1	76.1		2	Exaiptasia diaphana	Exaiptasia	Aiptasiidae	Actiniaria	Cnidaria		TYR	1.01	33	2.80	HIS	0.77	42		HIS	0.52	51		HIS	0.83	169		THR	1.05	173		ALA	0.19	195	
A0A914DIV0	step5_his_coordination	0.605	4.1	CuB	4.19	0.52	90.9	HIS:4,LEU:2,PHE:2	CuA	0.31	3.90	80.8	HIS:3,LEU:1,PHE:2,THR:1,TRP:1	68.3		5	Acrobeloides nanus	Acrobeloides	Cephalobidae	Rhabditida	Nematoda		HIS	0.31	242		---	5.03			HIS	0.32	267		HIS	0.52	385		HIS	0.13	389		HIS	0.59	409	
A0A914L211	step5_his_coordination	0.585	4.59	CuB	4.14	0.94	66.1	ASP:1,HIS:3,PHE:2	CuA	0.46	4.39	69.7	ALA:1,HIS:3,PHE:3	69.8		5	Meloidogyne incognita	Meloidogyne	Meloidogynidae	Rhabditida	Nematoda		HIS	0.62	144		HIS	0.26	154		HIS	0.28	163		HIS	0.53	286		HIS	0.42	290		ASP	0.47	320	3.48
A0A914L5B1	step5_his_coordination	0.760	4.86	CuB	4.14	0.53	87.1	CYS:1,HIS:4,PHE:3	CuA	0.80	4.67	60.8	CYS:1,HIS:2,PHE:2,VAL:2	72.5		4	Meloidogyne incognita	Meloidogyne	Meloidogynidae	Rhabditida	Nematoda		HIS	0.78	61		---	3.28			CYS	0.66	88	3.56	HIS	0.62	210		HIS	0.21	214		HIS	0.35	237	
A0A914S644	step5_his_coordination	0.631	4.85	CuA	1.22	4.50	72.5	ALA:1,HIS:3,ILE:1,PHE:2,TRP:1,TYR:1	CuB	4.51	0.89	62.0	GLN:2,HIS:3,PHE:2,TYR:1	60.3		3	Parascaris equorum	Parascaris	Ascarididae	Rhabditida	Nematoda		TYR	0.65	82	0.41	HIS	1.00	92		HIS	0.39	101		GLN	0.55	222		GLN	0.50	226		HIS	0.24	249	
A0A914V8X7	step5_his_coordination	1.470	3.29	CuB	4.90	1.32	70.8	GLN:1,HIS:3,PHE:1	CuA	4.32	2.33	41.1	GLN:1,HIS:3,LEU:1,TYR:1	67.3		3	Plectus sambesii	Plectus	Plectidae	Plectida	Nematoda		ASN	1.12	128		---	3.81			THR	1.43	133		HIS	0.71	275		HIS	0.74	279		HIS	0.69	302	
A0A914VGJ7	step5_his_coordination	0.616	27.77	neither	24.48	27.07	75.8	GLN:1,HIS:1,PRO:1	neither	23.46	26.34	51.2	HIS:1,TYR:2	82.6		1	Plectus sambesii	Plectus	Plectidae	Plectida	Nematoda		LEU	0.52	180		GLY	0.70	203		ARG	0.54	212		ASP	1.33	296	2.08	ARG	0.61	300		LEU	0.47	321	
A0A914XEE1	step5_his_coordination	0.617	35.53	neither	10.25	8.56	75.8	HIS:1,VAL:1	neither	25.45	27.38	70.7	ARG:1,CYS:1,GLN:2,HIS:1	83.9		1	Plectus sambesii	Plectus	Plectidae	Plectida	Nematoda		LEU	0.48	180		GLY	0.67	203		ARG	0.41	212		ASP	1.35	296	2.08	ARG	0.71	300		LEU	0.51	321	
A0A915AZH0	step5_his_coordination	0.733	3.67	CuA	0.37	4.06	96.0	ALA:1,GLU:1,HIS:4,PHE:2,TRP:1	CuB	3.64	0.84	87.0	HIS:4,LEU:1,PHE:2	67.9		5	Parascaris univalens	Parascaris	Ascarididae	Rhabditida	Nematoda		HIS	0.13	299		HIS	0.39	309		HIS	0.30	318		HIS	0.28	440		LEU	0.48	444		HIS	0.40	467	
A0A915C5Q4	step5_his_coordination	0.709	4.05	CuA	0.74	3.60	81.1	ALA:1,GLN:1,HIS:3,PHE:2,TYR:1	CuB	4.50	0.79	70.0	GLN:2,HIS:4,PHE:3,TYR:1	82.3		3	Parascaris univalens	Parascaris	Ascarididae	Rhabditida	Nematoda		TYR	0.35	151	1.13	HIS	0.23	161		HIS	0.36	170		GLN	0.58	291		GLN	0.56	295		HIS	0.22	318	
A0A915C6W5	step5_his_coordination	0.657	3.97	CuA	0.72	3.52	80.3	ALA:1,GLN:1,HIS:3,ILE:1,PHE:2,TYR:1	CuB	4.48	0.67	69.0	GLN:2,HIS:4,PHE:2,TYR:1	82.0		3	Parascaris univalens	Parascaris	Ascarididae	Rhabditida	Nematoda		TYR	0.32	165	1.06	HIS	0.34	175		HIS	0.30	184		GLN	0.51	305		GLN	0.55	309		HIS	0.16	332	
A0A915JK17	step5_his_coordination	0.800	17.14	CuB	4.84	0.91	89.3	HIS:3,SER:1,TYR:2	neither	13.65	16.58	50.9	ARG:1,GLN:1,HIS:2,LEU:1,PHE:1	79.8		4	Romanomermis culicivorax	Romanomermis	Mermithidae	Mermithida	Nematoda		ARG	0.22	156		GLN	0.35	165		HIS	0.51	174		SER	1.38	297		HIS	0.68	301		HIS	0.47	324	
A0A915M8S0	step5_his_coordination	0.539	4.64	CuA	0.40	4.35	92.8	ALA:1,HIS:4,PHE:2,PRO:1,SER:1,TRP:1	CuB	4.26	0.56	81.2	CYS:1,HIS:4,PHE:2	85.8		5	Meloidogyne javanica	Meloidogyne	Meloidogynidae	Rhabditida	Nematoda		HIS	0.60	118		HIS	0.23	127		HIS	0.20	136		CYS	1.45	245	7.32	HIS	0.32	249		HIS	0.34	272	
A0A917QDB2	step5_his_coordination	0.830	4.01	CuB	3.78	0.33	97.2	HIS:6,PHE:2	CuA	0.48	4.17	95.1	CYS:1,HIS:5,PHE:2,TRP:1	87.5		5	Salinarimonas ramus	Salinarimonas	Salinarimonadaceae	Hyphomicrobiales	Pseudomonadota		HIS	0.61	79		HIS	1.57	85		HIS	0.32	102		HIS	0.55	216		HIS	0.57	220		HIS	0.35	245	
A0A918SV45	step5_his_coordination	0.720	4.43	CuB	3.63	0.35	97.7	HIS:6,PHE:2	CuA	0.88	4.75	94.2	CYS:1,GLN:1,HIS:4,PHE:1,TRP:1	83.3		5	Cognatilysobacter bugurensis	Cognatilysobacter	Lysobacteraceae	Lysobacterales	Pseudomonadota		HIS	0.41	61		SER	1.97	97		HIS	0.37	110		HIS	0.54	216		HIS	0.26	220		HIS	0.48	245	
A0A918T1K9	step5_his_coordination	0.697	4.6	CuB	3.84	0.20	96.5	HIS:6,PHE:3	CuA	0.89	4.70	85.3	CYS:1,GLN:1,HIS:4,PHE:1,TRP:1	88.0		5	Cognatilysobacter bugurensis	Cognatilysobacter	Lysobacteraceae	Lysobacterales	Pseudomonadota		HIS	0.27	74		SER	2.13	110		HIS	0.26	123		HIS	0.48	229		HIS	0.17	233		HIS	0.46	258	
A0A918W4Y4	step5_his_coordination	0.683	4.22	CuB	3.77	0.24	97.4	HIS:6,PHE:3	CuA	0.53	4.39	89.5	CYS:1,HIS:3,PHE:1,TRP:1	89.2		5	Cognatilysobacter bugurensis	Cognatilysobacter	Lysobacteraceae	Lysobacterales	Pseudomonadota		HIS	0.36	62		SER	2.02	97		HIS	0.39	110		HIS	0.51	216		HIS	0.20	220		HIS	0.41	245	
A0A918Z2Y2	step5_his_coordination	0.653	4.57	CuB	3.81	0.20	96.2	HIS:6,PHE:3	CuA	0.89	4.71	84.4	CYS:1,GLN:1,HIS:4,PHE:1,TRP:1	88.0		5	Vulcaniibacterium thermophilum	Vulcaniibacterium	Lysobacteraceae	Lysobacterales	Pseudomonadota		HIS	0.48	75		SER	1.85	111		HIS	0.33	124		HIS	0.44	230		HIS	0.13	234		HIS	0.43	259	
A0A919DDV5	step5_his_coordination	0.674	4.34	CuB	3.83	0.14	96.5	HIS:6,PHE:3	CuA	0.60	4.46	86.4	CYS:1,GLN:1,HIS:4,PHE:1,TRP:1	87.7		5	Vulcaniibacterium thermophilum	Vulcaniibacterium	Lysobacteraceae	Lysobacterales	Pseudomonadota		HIS	0.57	74		SER	2.01	110		HIS	0.28	123		HIS	0.45	229		HIS	0.09	233		HIS	0.25	258	
A0A919RHA1	step5_his_coordination	0.764	4.22	CuB	2.96	2.14	65.6	ARG:1,HIS:4,PHE:1,TYR:1	neither	6.42	2.53	62.7	ARG:1,GLY:1,HIS:3,LEU:1	79.5		4	Sinosporangium siamense	Sinosporangium	Streptosporangiaceae	Streptosporangiales	Actinomycetota		TYR	0.37	177	0.96	HIS	1.06	188		HIS	0.43	197		LEU	1.31	305		HIS	0.47	309		ARG	0.27	331	
A0A934SPS7	step5_his_coordination	0.804	24.03	CuB	4.17	0.80	97.6	GLN:1,HIS:2,PHE:4,TYR:1	neither	26.06	24.82	75.2	CYS:1,GLU:1,HIS:1,PHE:1	80.4		2	Noviherbaspirillum pedocola	Noviherbaspirillum	Oxalobacteraceae	Burkholderiales	Pseudomonadota		TYR	0.40	91	1.51	LEU	1.06	97		ASN	0.60	106		HIS	0.45	194		HIS	0.30	198		GLN	0.44	220	
A0A976IE71	step5_his_coordination	0.902	18.99	neither	25.72	24.82	72.7	ALA:1,HIS:1,SER:1	neither	24.00	21.24	54.9	ASN:2,ASP:1,CYS:1,GLY:1,THR:1,TRP:1	87.4		1	Bremia lactucae	Bremia	Peronosporaceae	Peronosporales	Oomycota		PHE	0.88	58		VAL	0.84	68		TYR	0.40	77	3.23	GLN	1.11	229		HIS	1.12	233		TYR	0.35	255	0.49
A0A9D3URW0	step5_his_coordination	1.037	3.6	CuB	3.92	0.74	85.0	ASP:1,GLN:1,HIS:5,PHE:1	CuA	0.64	3.76	53.9	ASP:1,GLN:1,HIS:4,PHE:2,TYR:1	66.7		4	Gossypium stocksii	Gossypium	Malvaceae	Malvales	Streptophyta		HIS	0.96	177		ASP	2.20	183	2.61	GLN	0.82	187		HIS	0.26	308		HIS	0.46	312		HIS	0.46	342	
A0A9D4DVG4	step5_his_coordination	0.695	4.21	CuB	3.94	0.10	94.2	HIS:3,PHE:3,TYR:2	CuA	1.26	4.23	68.2	ASN:1,HIS:4,PHE:2,TYR:1	60.2		5	Dreissena polymorpha	Dreissena	Dreissenidae	Myida	Mollusca		TYR	0.55	147	0.81	HIS	0.79	155		ASN	0.66	164		HIS	0.61	274		HIS	0.57	278		HIS	0.39	301	
A0A9D4DW49	step5_his_coordination	0.689	22.1	CuB	3.90	0.17	95.2	HIS:4,PHE:3,TYR:1	neither	20.96	22.26	60.2	ALA:2,ASP:1,HIS:1,LEU:1,LYS:1,TYR:1	51.6		4	Dreissena polymorpha	Dreissena	Dreissenidae	Myida	Mollusca		TYR	0.64	147	0.94	LEU	0.46	155		ASN	0.69	164		HIS	0.27	274		HIS	0.70	278		HIS	0.31	301	
A0A9D4EB14	step5_his_coordination	0.623	27.0	CuA	0.99	3.87	81.8	HIS:2,LEU:1,PHE:3,THR:1,TYR:1	neither	26.57	23.57	57.1	ARG:1,ASN:1,GLU:1,HIS:1,TYR:1	77.5		3	Dreissena polymorpha	Dreissena	Dreissenidae	Myida	Mollusca		TYR	0.49	132	0.67	HIS	0.46	140		HIS	0.58	149		SER	0.82	264		ASN	0.71	268		LEU	0.29	291	
A0A9D4GX75	step5_his_coordination	0.693	4.75	CuB	4.22	0.39	93.8	ARG:1,GLN:1,HIS:4,PHE:2	CuA	0.73	4.50	70.5	ARG:1,HIS:3,PHE:2,TRP:1	77.5		4	Dreissena polymorpha	Dreissena	Dreissenidae	Myida	Mollusca		ARG	0.21	133		HIS	0.62	141		HIS	0.34	150		GLN	0.34	269		HIS	0.34	273		HIS	0.29	296	
A0A9D4IDS9	step5_his_coordination	0.683	4.11	CuB	3.92	0.10	94.1	HIS:3,PHE:3,TYR:2	CuA	1.11	4.16	69.8	HIS:4,PHE:2,TYR:1	60.2		5	Dreissena polymorpha	Dreissena	Dreissenidae	Myida	Mollusca		TYR	0.40	147	0.64	HIS	0.71	155		ASN	0.79	164		HIS	0.58	274		HIS	0.54	278		HIS	0.35	301	
A0A9D4JUB0	step5_his_coordination	0.659	4.48	CuB	4.05	0.35	94.1	ARG:1,GLN:1,GLU:1,HIS:4,PHE:2	CuA	0.58	4.40	71.7	ARG:1,HIS:3,PHE:2,THR:1,TRP:1	77.4		4	Dreissena polymorpha	Dreissena	Dreissenidae	Myida	Mollusca		ARG	0.15	133		HIS	0.49	141		HIS	0.32	150		GLN	0.53	269		HIS	0.35	273		HIS	0.25	296	
A0A9D4V2I4	step5_his_coordination	0.836	4.31	CuA	0.80	4.34	94.6	CYS:1,HIS:4,PHE:3,TRP:1	CuB	3.99	0.42	94.8	GLN:1,HIS:6,PHE:3	89.9		5	Adiantum capillus-veneris	Adiantum	Pteridaceae	Polypodiales	Streptophyta		HIS	0.64	121		HIS	0.87	142		HIS	0.28	151		GLN	0.28	278		HIS	0.40	282		HIS	0.43	312	
A0A9D4Z585	step5_his_coordination	0.847	3.84	CuA	0.86	4.37	95.7	CYS:1,HIS:5,PHE:3	CuB	3.45	0.56	95.6	GLN:1,HIS:6,PHE:2	88.0		5	Adiantum capillus-veneris	Adiantum	Pteridaceae	Polypodiales	Streptophyta		HIS	0.79	117		HIS	0.79	138		HIS	0.23	147		HIS	0.58	270		GLN	0.59	274		HIS	0.52	304	
A0A9E7H3J2	step5_his_coordination	0.717	4.05	CuB	3.72	0.24	94.1	HIS:6,PHE:3	CuA	0.73	4.29	81.8	ASP:1,CYS:1,HIS:3,PHE:2,TRP:1	85.2		5	Musa troglodytarum	Musa	Musaceae	Zingiberales	Streptophyta		HIS	0.71	107		ASP	0.57	121	3.55	HIS	0.37	130		HIS	0.22	253		HIS	0.26	257		HIS	0.25	286	
A0A9J2Q8W3	step5_his_coordination	2.377	13.42	neither	8.61	6.51	82.9	HIS:3,PHE:1,TYR:1	neither	16.82	14.29	72.2	GLU:1,HIS:1,LEU:1	64.4		4	Ascaris lumbricoides	Ascaris	Ascarididae	Rhabditida	Nematoda		PRO	2.49	151		---	3.60			PRO	1.91	155		HIS	2.67	130		HIS	2.37	134		TRP	2.49	31	
A0A9J7MSC3	step5_his_coordination	0.532	26.67	neither	25.00	24.24	67.3	ASP:1	neither	12.53	13.72	50.5	HIS:1,TRP:1,VAL:1	80.0		1	Branchiostoma floridae	Branchiostoma	Branchiostomatidae	Amphioxiformes	Chordata		GLN	0.38	213		GLN	0.44	229		ASN	0.98	238		ASN	0.54	383		HIS	0.31	387		ARG	0.24	413	
A0A9N8JDS5	step5_his_coordination	0.830	3.97	CuA	0.50	4.37	92.6	HIS:3,ILE:1,PHE:1,TYR:1	CuB	3.60	1.41	92.2	HIS:4,PHE:2,SER:1,TYR:1	72.8		5	Aureobasidium vineae	Aureobasidium	Saccotheciaceae	Dothideales	Ascomycota		HIS	0.37	369		HIS	0.26	377		HIS	0.29	386		HIS	0.53	550		HIS	1.02	554		TYR	0.25	578	1.71
A0A9N8KBE8	step5_his_coordination	1.385	25.98	neither	17.46	17.94	72.5	ASP:1,HIS:1	neither	16.01	19.88	61.5	ARG:1,GLY:1,HIS:1	63.9		2	Aureobasidium mustum	Aureobasidium	Saccotheciaceae	Dothideales	Ascomycota		TYR	1.92	145	3.47	HIS	2.53	151		ASN	0.32	162		ILE	2.43	247		PRO	1.88	252		GLN	1.14	271	
A0A9N8PYA4	step5_his_coordination	1.517	31.19	neither	11.39	14.62	64.8	HIS:1,TRP:1	neither	24.80	23.13	79.3	ALA:1,ASN:1,HIS:1,MET:1,THR:1,TRP:1	61.7		1	Aureobasidium uvarum	Aureobasidium	Saccotheciaceae	Dothideales	Ascomycota		TYR	2.13	145	1.85	THR	1.46	153		ASN	0.58	162		ILE	2.46	247		---	3.03			GLN	0.90	295	
A0A9N9KL52	step5_his_coordination	0.749	3.69	CuA	0.53	4.35	97.0	GLY:1,HIS:5,PHE:2	CuB	3.31	0.67	95.4	HIS:5,PHE:2	76.3		5	Hymenoscyphus fraxineus	Hymenoscyphus	Helotiaceae	Helotiales	Ascomycota		HIS	0.55	151		HIS	0.25	159		HIS	0.25	168		HIS	0.80	296		PRO	1.30	300		HIS	0.42	322	
A0A9N9LFQ9	step5_his_coordination	1.319	4.02	CuB	3.91	0.53	91.6	CYS:1,HIS:5,PHE:2	CuA	0.92	4.14	87.0	CYS:1,HIS:3,PHE:1,TRP:1,VAL:1	86.3		5	Hymenoscyphus albidus	Hymenoscyphus	Helotiaceae	Helotiales	Ascomycota		HIS	0.74	70		HIS	1.13	91		HIS	0.67	100		HIS	0.43	322		HIS	0.33	326		CYS	2.56	348	5.31
A0A9N9LHE3	step5_his_coordination	0.828	4.26	CuB	3.94	0.30	95.9	HIS:7,PHE:2	CuA	0.96	4.33	88.0	CYS:1,HIS:4,PHE:2,TRP:1	89.0		5	Hymenoscyphus albidus	Hymenoscyphus	Helotiaceae	Helotiales	Ascomycota		HIS	0.72	86		HIS	0.63	112		HIS	0.74	121		HIS	0.42	277		HIS	0.13	281		HIS	0.34	306	
A0A9N9PT18	step5_his_coordination	0.724	4.03	CuB	3.78	0.28	97.3	HIS:5,PHE:2	CuA	0.50	4.24	93.6	GLU:1,HIS:3,PHE:1,TRP:1	86.7		5	Hymenoscyphus fraxineus	Hymenoscyphus	Helotiaceae	Helotiales	Ascomycota		HIS	0.33	83		GLU	1.17	89	4.60	HIS	0.26	98		HIS	0.52	228		HIS	0.62	232		HIS	0.54	254	
A0A9N9TUY4	step5_his_coordination	0.877	5.78	CuB	3.72	0.26	90.1	HIS:6,PHE:2	CuA	2.37	6.03	46.3	ASN:1,CYS:1,HIS:2,TRP:1,VAL:1	79.0		4	Clonostachys byssicola	Clonostachys	Bionectriaceae	Hypocreales	Ascomycota		VAL	0.89	78		HIS	1.43	134		HIS	0.86	143		HIS	0.34	390		HIS	0.27	394		HIS	0.57	425	
A0A9P4H2P0	step5_his_coordination	0.734	4.67	CuB	3.84	0.76	97.7	HIS:5,PHE:2	CuA	1.25	4.92	96.2	ASP:1,HIS:3,ILE:1,PHE:2,TRP:1,VAL:1	92.0		5	Setomelanomma holmii	Setomelanomma	Phaeosphaeriaceae	Pleosporales	Ascomycota		HIS	0.85	109		ASP	0.61	117	3.37	HIS	0.13	126		HIS	0.57	285		HIS	0.83	289		HIS	0.15	312	
A0A9P4IEM6	step5_his_coordination	0.896	5.14	CuA	0.88	4.52	69.9	CYS:1,HIS:3,PHE:1,TRP:1,TYR:1	CuB	4.46	1.39	56.1	GLU:1,HIS:3,TYR:1,VAL:1	73.1		5	Rhizodiscina lignyota	Rhizodiscina	Rhizodiscinaceae	Aulographales	Ascomycota		HIS	0.71	72		HIS	0.36	104		HIS	0.51	113		HIS	0.87	302		HIS	0.71	306		ALA	0.51	330	
A0A9P4JTW6	step5_his_coordination	0.659	3.68	CuA	0.61	4.44	93.3	HIS:5,PHE:2,TRP:1,VAL:1	CuB	3.22	0.78	89.3	HIS:5,PHE:2	90.6		5	Delitschia confertaspora	Delitschia	Delitschiaceae	Pleosporales	Ascomycota		HIS	0.28	71		HIS	0.73	79		HIS	0.27	88		HIS	0.85	217		PRO	1.10	221		HIS	0.58	243	
A0A9P4NQG6	step5_his_coordination	0.795	3.47	CuB	3.68	0.59	96.2	HIS:6,PHE:2,SER:1	CuA	0.64	3.81	93.5	HIS:4,ILE:1,PHE:3	89.4		5	Tothia fuscella	Tothia	Cylindrosympodiaceae	Venturiales	Ascomycota		PHE	0.60	43		HIS	1.07	54		HIS	0.25	63		HIS	1.17	223		HIS	0.50	227		HIS	0.48	250	
A0A9P4PM19	step5_his_coordination	0.745	4.21	CuB	3.64	0.54	98.1	HIS:4,PHE:1	CuA	0.69	4.51	94.6	ASP:1,HIS:3,ILE:1,LEU:1,PHE:1	92.1		5	Karstenula rhodostoma	Karstenula	Didymosphaeriaceae	Pleosporales	Ascomycota		HIS	0.71	94		HIS	0.45	102		ASP	0.31	111	3.68	HIS	0.70	273		HIS	0.89	277		HIS	0.10	300	
A0A9P4PTR1	step5_his_coordination	0.882	4.01	CuB	3.88	0.25	95.7	HIS:6,PHE:2	CuA	0.92	4.09	93.5	CYS:1,HIS:5,PHE:2,TRP:1	82.1		5	Karstenula rhodostoma	Karstenula	Didymosphaeriaceae	Pleosporales	Ascomycota		HIS	0.80	106		HIS	1.29	127		HIS	0.57	136		HIS	0.36	308		HIS	0.17	312		HIS	0.32	336	
A0A9P4QMU1	step5_his_coordination	0.742	3.98	CuA	0.55	4.45	96.5	GLY:1,HIS:4,PHE:2	CuB	3.48	0.55	90.7	HIS:5,PHE:2	82.2		5	Polyplosphaeria fusca	Polyplosphaeria	Tetraplosphaeriaceae	Pleosporales	Ascomycota		HIS	0.35	118		HIS	0.39	126		HIS	0.15	135		HIS	0.67	264		PRO	1.30	268		HIS	0.64	290	
A0A9P4U804	step5_his_coordination	0.739	4.01	CuA	0.46	4.33	93.8	HIS:4,PHE:2	CuB	3.63	0.44	86.0	HIS:4,PHE:2	74.1		5	Karstenula rhodostoma	Karstenula	Didymosphaeriaceae	Pleosporales	Ascomycota		HIS	0.57	118		HIS	0.37	126		HIS	0.14	135		HIS	0.49	264		PRO	1.29	268		HIS	0.60	290	
A0A9P4YYF2	step5_his_coordination	0.696	4.35	CuB	3.93	0.29	85.1	HIS:4,PHE:1,TYR:1	CuA	0.58	4.36	45.2	ASP:1,GLU:1,HIS:3,PHE:1,THR:1,TYR:1	71.2		5	Geosmithia morbida	Geosmithia	Bionectriaceae	Hypocreales	Ascomycota		HIS	0.60	94		---	3.60			ASP	0.36	141	4.00	HIS	0.52	269		HIS	0.40	273		HIS	0.47	311	
A0A9P5BFG7	step5_his_coordination	1.122	3.71	CuA	0.64	4.02	88.2	ARG:1,HIS:4,PHE:2,VAL:1	CuB	3.64	2.42	64.3	ARG:1,HIS:4,PHE:1	88.0		5	Fusarium agapanthi	Fusarium	Nectriaceae	Hypocreales	Ascomycota		HIS	0.68	77		HIS	0.53	85		HIS	0.46	94		HIS	1.33	244		HIS	0.75	248		ARG	0.32	261	
A0A9P5F1P8	step5_his_coordination	0.770	4.13	CuA	0.56	4.27	98.0	GLN:1,HIS:4,PHE:2,TRP:1	CuB	3.89	0.67	94.9	GLN:1,HIS:4,PHE:1	96.7		5	Colletotrichum siamense	Colletotrichum	Glomerellaceae	Glomerellales	Ascomycota		HIS	0.34	49		HIS	0.62	57		HIS	0.37	66		HIS	0.74	234		HIS	0.94	238		GLN	0.49	262	
A0A9P5IJI5	step5_his_coordination	0.653	3.5	CuA	0.19	4.02	94.1	HIS:5,PHE:2,TRP:1	CuB	3.43	0.56	91.0	HIS:5,PHE:2	78.6		5	Botrytis byssoidea	Botrytis	Sclerotiniaceae	Helotiales	Ascomycota		HIS	0.37	125		HIS	0.68	133		HIS	0.15	142		HIS	0.88	270		PRO	1.29	274		HIS	0.22	296	
A0A9P6DJR5	step5_his_coordination	0.662	3.69	CuB	3.88	0.59	93.1	HIS:5,PHE:2,THR:1	CuA	1.15	3.81	50.3	HIS:5,PHE:1,SER:1,THR:1,TRP:1	82.0		5	Pleurotus eryngii	Pleurotus	Pleurotaceae	Agaricales	Basidiomycota		HIS	0.35	94		HIS	1.27	102		TRP	2.22	110		HIS	0.43	246		HIS	0.54	250		HIS	0.42	284	
A0A9P6EYF3	step5_his_coordination	0.825	3.91	CuB	3.66	0.30	84.8	HIS:6,LEU:1,PHE:1	CuA	0.64	4.20	61.0	ASN:1,CYS:1,HIS:4,PHE:1	77.8		5	Mortierella hygrophila	Mortierella	Mortierellaceae	Mortierellales	Mortierellomycota		HIS	0.49	46		CYS	2.64	65	2.67	HIS	0.48	70		HIS	0.58	260		HIS	0.29	264		HIS	0.35	304	
A0A9P6HVN3	step5_his_coordination	2.561	14.81	neither	9.05	6.03	93.8	HIS:4,PHE:1	neither	15.42	16.29	70.3	ASN:1,HIS:1	65.7		4	Colletotrichum karsti	Colletotrichum	Glomerellaceae	Glomerellales	Ascomycota		VAL	1.44	180		---	5.15			ALA	1.46	175		---	3.89			PHE	1.94	143		ALA	0.96	148	
A0A9P6HYB5	step5_his_coordination	0.756	4.03	CuA	0.55	4.29	97.7	GLN:1,HIS:4,PHE:2,TRP:1	CuB	3.76	0.57	95.2	GLN:1,HIS:4,PHE:1	93.0		5	Colletotrichum karsti	Colletotrichum	Glomerellaceae	Glomerellales	Ascomycota		HIS	0.31	83		HIS	0.66	91		HIS	0.40	100		HIS	0.75	268		HIS	0.82	272		GLN	0.59	296	
A0A9P6LG06	step5_his_coordination	0.624	4.37	CuA	0.31	4.24	96.1	ALA:1,HIS:4,PHE:1,TRP:1	CuB	4.09	0.44	88.3	HIS:4,PHE:2	91.2		5	Colletotrichum karsti	Colletotrichum	Glomerellaceae	Glomerellales	Ascomycota		HIS	0.68	50		HIS	0.22	58		HIS	0.14	67		HIS	0.29	212		PRO	0.98	216		HIS	0.39	238	
A0A9P7HU99	step5_his_coordination	0.718	3.85	CuA	0.30	4.05	95.7	HIS:4,PHE:2,TRP:1	CuB	3.79	0.47	94.3	HIS:5,PHE:2	92.3		5	Fusarium xylarioides	Fusarium	Nectriaceae	Hypocreales	Ascomycota		HIS	0.64	42		HIS	0.23	50		HIS	0.33	59		HIS	0.20	196		PRO	1.05	200		HIS	0.41	222	
A0A9P7QPY3	step5_his_coordination	0.831	3.92	CuA	0.46	4.38	97.1	HIS:4,ILE:1,PHE:2,TRP:1,TYR:1,VAL:1	CuB	3.53	1.02	93.8	HIS:5,PHE:2,TYR:1	89.4		5	Colletotrichum scovillei	Colletotrichum	Glomerellaceae	Glomerellales	Ascomycota		HIS	0.81	90		HIS	0.37	98		HIS	0.31	107		HIS	0.44	226		TYR	0.39	230	1.09	HIS	0.57	253	
A0A9P7R1E3	step5_his_coordination	0.685	5.08	CuB	4.02	0.07	90.4	HIS:4,PHE:1	CuA	1.25	5.02	55.6	ASP:1,GLU:1,HIS:2,PHE:1	80.5		4	Colletotrichum scovillei	Colletotrichum	Glomerellaceae	Glomerellales	Ascomycota		HIS	0.91	84		---	3.23			ASP	0.38	120	3.83	HIS	0.54	249		HIS	0.35	253		HIS	0.40	291	
A0A9P7R9D2	step5_his_coordination	0.792	3.88	CuA	0.53	4.19	97.2	GLN:1,GLY:1,HIS:4,PHE:1,TRP:1	CuB	3.70	0.54	94.8	GLN:1,HIS:5,PHE:1	82.6		5	Colletotrichum scovillei	Colletotrichum	Glomerellaceae	Glomerellales	Ascomycota		HIS	0.27	205		HIS	0.44	213		HIS	0.31	222		HIS	0.88	390		HIS	0.90	394		GLN	0.48	418	
A0A9P8DKY9	step5_his_coordination	0.708	3.86	CuA	0.29	4.09	95.2	HIS:4,PHE:2,TRP:1	CuB	3.75	0.47	93.3	HIS:5,PHE:2	90.9		5	Fusarium musae	Fusarium	Nectriaceae	Hypocreales	Ascomycota		HIS	0.54	42		HIS	0.27	50		HIS	0.30	59		HIS	0.16	196		PRO	1.07	200		HIS	0.41	222	
A0A9P8EVR0	step5_his_coordination	1.199	33.24	neither	25.89	24.44	81.3	ALA:1,ASP:1,GLN:1,HIS:1	neither	12.83	16.64	71.6	HIS:1,VAL:1	69.0		2	Aureobasidium melanogenum	Aureobasidium	Saccotheciaceae	Dothideales	Ascomycota		TYR	1.19	147	1.96	THR	0.85	155		ASN	0.43	164		ILE	2.11	249		PRO	1.01	254		GLN	0.82	271	
A0A9P8G211	step5_his_coordination	1.066	32.34	neither	25.51	24.12	81.4	ALA:1,ASP:1,HIS:1	neither	12.57	16.51	72.9	HIS:1,SER:1,VAL:1	69.0		1	Aureobasidium melanogenum	Aureobasidium	Saccotheciaceae	Dothideales	Ascomycota		TYR	1.22	147	1.89	THR	0.79	155		ASN	0.45	164		ILE	1.95	249		PRO	1.24	254		GLN	0.76	271	
A0A9P8G4G9	step5_his_coordination	1.244	35.77	neither	14.66	18.59	76.7	HIS:1,VAL:1	neither	25.56	24.09	76.4	ALA:1,ASP:1,HIS:1,SER:1	68.2		1	Aureobasidium melanogenum	Aureobasidium	Saccotheciaceae	Dothideales	Ascomycota		TYR	1.09	146	1.64	THR	0.71	154		ASN	0.47	163		ILE	2.24	248		PRO	0.85	253		GLN	0.84	270	
A0A9P8GH40	step5_his_coordination	1.446	18.5	neither	25.95	24.34	84.4	ALA:1,ASP:1,HIS:1,LYS:1,MET:1,SER:1	neither	16.34	17.50	72.6	ASP:1,THR:1	67.1		1	Aureobasidium melanogenum	Aureobasidium	Saccotheciaceae	Dothideales	Ascomycota		TYR	1.26	146	2.08	THR	2.50	154		ASN	0.59	163		---	3.52			PHE	1.62	254		GLN	1.16	270	
A0A9P8JBW6	step5_his_coordination	1.338	32.49	neither	12.22	15.84	74.7	HIS:1,TRP:1,VAL:1	neither	25.43	23.95	74.4	ALA:1,GLY:1,HIS:1,SER:1	68.5		1	Aureobasidium melanogenum	Aureobasidium	Saccotheciaceae	Dothideales	Ascomycota		TYR	1.76	145	2.95	THR	0.91	153		ASN	0.42	162		ILE	2.60	247		ALA	1.74	251		GLN	0.65	269	
A0A9P8MUU1	step5_his_coordination	1.450	19.91	CuB	6.51	2.96	76.6	GLN:2,HIS:1,SER:3,TYR:1	neither	23.40	20.70	79.6	GLN:1,GLU:1,GLY:1,HIS:1,ILE:1	70.7		2	Hirsutella rhossiliensis	Hirsutella	Ophiocordycipitaceae	Hypocreales	Ascomycota		ARG	1.15	154		---	4.57			ASN	1.03	171		SER	1.63	303		SER	0.72	307		LEU	0.45	329	
A0A9P8SF21	step5_his_coordination	0.858	4.16	CuA	0.72	4.14	93.4	CYS:1,HIS:3,PHE:2,PRO:1,TRP:1,TYR:1	CuB	4.02	0.41	93.6	HIS:5,PHE:2,TYR:1	84.1		5	Hirsutella rhossiliensis	Hirsutella	Ophiocordycipitaceae	Hypocreales	Ascomycota		HIS	0.61	83		HIS	1.24	107		HIS	0.58	116		HIS	0.41	268		HIS	0.15	272		TYR	0.49	297	1.75
A0A9P9AG59	step5_his_coordination	0.636	4.45	CuA	0.50	4.39	94.3	HIS:4,PHE:2,TRP:1	CuB	4.02	0.12	86.4	HIS:4,LEU:1,PHE:3	91.9		5	Plectosphaerella plurivora	Plectosphaerella	Plectosphaerellaceae	Glomerellales	Ascomycota		HIS	0.77	48		HIS	0.65	56		HIS	0.30	65		HIS	0.14	188		PRO	1.02	192		HIS	0.39	214	
A0A9P9IM25	step5_his_coordination	0.888	4.26	CuB	3.85	0.37	91.0	HIS:5,LEU:1,PHE:2	CuA	0.96	4.41	88.3	CYS:1,HIS:4,PHE:1,TRP:1	81.4		5	Dendryphion nanum	Dendryphion	Torulaceae	Pleosporales	Ascomycota		HIS	0.67	96		HIS	1.49	120		HIS	0.55	129		HIS	0.72	262		HIS	0.27	266		HIS	0.30	299	
A0A9P9KNI3	step5_his_coordination	0.699	3.83	CuA	0.29	4.06	96.7	HIS:4,PHE:2,TRP:1	CuB	3.76	0.51	94.2	HIS:6,PHE:2	92.4		5	Fusarium redolens	Fusarium	Nectriaceae	Hypocreales	Ascomycota		HIS	0.39	42		HIS	0.14	50		HIS	0.25	59		HIS	0.18	196		PRO	1.07	200		HIS	0.44	222	
A0A9Q0B6Y1	step5_his_coordination	0.776	3.9	CuA	0.49	4.20	97.4	GLN:1,GLY:1,HIS:4,PHE:1,TRP:1	CuB	3.71	0.56	95.1	GLN:1,HIS:5,PHE:1	82.3		5	Colletotrichum abscissum	Colletotrichum	Glomerellaceae	Glomerellales	Ascomycota		HIS	0.24	205		HIS	0.40	213		HIS	0.27	222		HIS	0.90	390		HIS	0.89	394		GLN	0.49	418	
A0A9Q0QJI7	step5_his_coordination	1.263	3.93	CuA	0.60	3.98	90.3	CYS:2,HIS:4,PHE:2,TRP:1	CuB	3.90	0.64	86.4	CYS:1,HIS:5,PHE:2,PRO:1	78.8		5	Salix viminalis	Salix	Salicaceae	Malpighiales	Streptophyta		HIS	0.73	146		HIS	0.52	166		HIS	0.17	175		HIS	0.34	306		HIS	0.42	310		CYS	1.73	343	2.91
A0A9Q3GXD1	step5_his_coordination	0.952	3.96	CuA	0.20	4.03	91.6	HIS:3,ILE:1,PHE:1,TRP:1	CuB	3.86	0.85	87.1	ARG:1,HIS:4,LEU:1,PHE:1	65.3		5	Austropuccinia psidii	Austropuccinia	Sphaerophragmiaceae	Pucciniales	Basidiomycota		HIS	0.50	185		HIS	0.44	193		HIS	0.48	202		HIS	0.78	345		HIS	1.07	349		ASP	0.60	372	4.41
A0A9Q3H9V3	step5_his_coordination	1.383	3.38	CuA	1.40	4.16	75.1	HIS:2,PHE:1,TRP:1	CuB	3.58	1.97	37.6	HIS:3,PHE:1	82.5		3	Austropuccinia psidii	Austropuccinia	Sphaerophragmiaceae	Pucciniales	Basidiomycota		HIS	0.53	68		ILE	2.01	76		HIS	0.84	85		HIS	2.87	213		PRO	2.04	217		---	3.10		
A0A9Q8LKP3	step5_his_coordination	0.654	3.95	CuA	0.50	4.23	96.2	GLY:1,HIS:4,PHE:2	CuB	3.65	0.37	94.9	HIS:6,PHE:3,PRO:1	80.8		5	Fulvia fulva	Fulvia	Mycosphaerellaceae	Mycosphaerellales	Ascomycota		HIS	0.28	132		HIS	0.50	140		HIS	0.26	149		HIS	0.61	280		PRO	1.15	284		HIS	0.36	306	
A0A9Q8T2R4	step5_his_coordination	0.678	3.75	CuB	3.49	0.52	91.8	HIS:4,ILE:1,LEU:1,PHE:2	CuA	0.42	4.22	80.8	HIS:4,MET:1,PHE:1,THR:1,TRP:1	81.5		5	Colletotrichum lupini	Colletotrichum	Glomerellaceae	Glomerellales	Ascomycota		HIS	0.31	87		---	3.87			HIS	0.36	100		HIS	0.82	252		HIS	0.63	256		HIS	0.48	282	
A0A9Q8WCM4	step5_his_coordination	0.754	4.02	CuA	0.46	4.15	97.2	GLN:1,GLY:1,HIS:4,PHE:1,TRP:1	CuB	3.89	0.51	94.7	GLN:1,HIS:5,PHE:1	82.4		5	Colletotrichum lupini	Colletotrichum	Glomerellaceae	Glomerellales	Ascomycota		HIS	0.28	205		HIS	0.34	213		HIS	0.26	222		HIS	0.86	390		HIS	0.82	394		GLN	0.50	418	
A0A9Q8WG05	step5_his_coordination	2.223	2.66	CuB	5.78	2.93	95.1	HIS:4,PHE:1	neither	7.74	3.99	73.5	HIS:4,SER:1	84.3		4	Colletotrichum lupini	Colletotrichum	Glomerellaceae	Glomerellales	Ascomycota		VAL	1.62	72		ALA	2.79	273		TYR	1.78	82	4.09	HIS	1.81	211		HIS	1.07	215		HIS	1.54	238	
A0A9Q8ZBH0	step5_his_coordination	1.141	3.72	CuB	3.35	0.93	94.3	HIS:6,PHE:1	CuA	1.27	4.52	78.8	HIS:4,ILE:1,PHE:1,THR:1	90.5		5	Curvularia clavata	Curvularia	Pleosporaceae	Pleosporales	Ascomycota		ASN	2.74	117		HIS	1.42	123		HIS	0.38	132		HIS	0.96	296		HIS	0.94	300		HIS	0.72	324	
A0A9R0TD02	step5_his_coordination	0.886	3.8	CuB	3.98	0.71	90.5	ASN:1,HIS:6,PHE:1	CuA	0.82	3.80	90.5	ASN:1,CYS:1,HIS:4,ILE:1,PHE:2,TYR:1	82.5		5	Triticum turgidum	Triticum	Poaceae	Poales	Streptophyta		HIS	0.82	157		HIS	0.82	178		HIS	0.23	187		HIS	0.42	309		HIS	0.47	313		ASN	0.48	343	
A0A9R0VMT2	step5_his_coordination	0.957	4.23	CuB	3.57	0.46	93.3	HIS:6,PHE:2,TYR:1	CuA	0.84	4.64	82.1	CYS:1,HIS:3,PHE:2,TYR:1	85.4		5	Triticum turgidum	Triticum	Poaceae	Poales	Streptophyta		HIS	0.93	37		HIS	2.49	58		HIS	0.40	66		HIS	0.54	188		HIS	0.48	192		HIS	0.38	222	
A0A9R1KF29	step5_his_coordination	0.871	4.05	CuB	4.01	0.65	81.3	ASN:1,HIS:5,PHE:1	CuA	0.90	4.01	66.1	ASN:1,CYS:1,HIS:4,ILE:1,PHE:1,TYR:1	79.9		5	Triticum aestivum	Triticum	Poaceae	Poales	Streptophyta		HIS	0.74	29		HIS	0.94	50		HIS	0.24	59		HIS	0.50	181		HIS	0.37	185		ASN	0.41	215	
A0A9R1N0A3	step5_his_coordination	0.955	4.14	CuB	3.56	0.43	94.7	HIS:6,PHE:1,TYR:1	CuA	0.78	4.56	83.5	CYS:1,HIS:3,ILE:1,PHE:2,TYR:1	86.6		5	Triticum aestivum	Triticum	Poaceae	Poales	Streptophyta		HIS	1.01	37		HIS	2.68	58		HIS	0.42	66		HIS	0.56	188		HIS	0.44	192		HIS	0.38	222	
A0A9R1RCW5	step5_his_coordination	0.932	9.59	CuB	3.94	0.41	84.0	HIS:4,LEU:1,PHE:2	neither	7.98	9.65	33.5	CYS:1,GLN:1,HIS:1,PHE:1	76.0		4	Triticum turgidum	Triticum	Poaceae	Poales	Streptophyta		HIS	1.20	168		---	3.54			LEU	0.56	186		HIS	0.35	308		HIS	0.36	312		HIS	0.53	342	
A0A9W3BB61	step5_his_coordination	0.665	25.64	CuB	4.22	0.34	72.0	ARG:1,HIS:3,PHE:1,TYR:1	neither	29.27	25.76	60.8	ASN:1,HIS:1,THR:1	70.3		3	Biomphalaria glabrata	Biomphalaria	Planorbidae		Mollusca		LEU	0.62	139		ILE	1.99	146		ASN	0.90	156		ARG	0.15	268		HIS	0.36	272		HIS	0.11	295	
A0A9W4KMZ8	step5_his_coordination	0.947	4.54	CuA	0.68	4.47	80.3	CYS:1,HIS:4,ILE:1,MET:1,PHE:1,TRP:1	CuB	3.95	0.89	71.9	HIS:5,ILE:1,MET:1,PRO:1	77.4		5	Penicillium egyptiacum	Penicillium	Aspergillaceae	Eurotiales	Ascomycota		HIS	0.84	172		HIS	0.97	178		HIS	0.14	187		HIS	0.84	340		HIS	0.37	344		MET	0.55	383	4.51
A0A9W4W8U2	step5_his_coordination	0.756	4.01	CuA	0.51	4.17	97.5	GLN:1,GLY:1,HIS:4,PHE:1,TRP:1	CuB	3.88	0.69	94.6	GLN:1,HIS:5,PHE:1	81.5		5	Colletotrichum noveboracense	Colletotrichum	Glomerellaceae	Glomerellales	Ascomycota		HIS	0.33	49		HIS	0.46	57		HIS	0.28	66		HIS	0.71	234		HIS	0.84	238		GLN	0.49	262	
A0A9W6BT77	step5_his_coordination	0.862	4.23	CuB	3.78	0.36	91.6	HIS:6,PHE:2	CuA	0.65	4.38	70.9	ALA:1,CYS:1,HIS:4,PHE:2,TRP:1	66.1		5	Pleodorina starrii	Pleodorina	Volvocaceae	Chlamydomonadales	Chlorophyta		HIS	1.33	131		HIS	0.55	149		HIS	0.50	158		HIS	0.46	301		HIS	0.34	305		HIS	0.59	328	
A0A9W6TPR0	step5_his_coordination	0.764	4.43	CuA	0.32	4.02	93.4	HIS:4,PHE:2,TRP:1	CuB	4.37	0.71	78.7	HIS:4,ILE:1,PHE:1	83.9		5	Phytophthora fragariaefolia	Phytophthora	Peronosporaceae	Peronosporales	Oomycota		HIS	0.68	80		HIS	0.53	90		HIS	0.23	99		ILE	2.53	238		HIS	0.41	241		HIS	0.37	263	
A0A9W6UBD6	step5_his_coordination	1.363	31.07	neither	24.16	21.45	67.6	ASN:1,ASP:1,CYS:1,GLU:2,GLY:1,TRP:1	neither	21.31	18.64	54.4	ASP:1,GLU:2,HIS:1,LEU:1,LYS:1	85.6		1	Phytophthora lilii	Phytophthora	Peronosporaceae	Peronosporales	Oomycota		TYR	0.75	57	3.14	VAL	0.39	67		TYR	0.48	76	3.07	GLN	1.31	228		HIS	0.88	232		TYR	0.63	254	1.08
A0A9W7T0I7	step5_his_coordination	0.753	3.54	CuA	0.48	4.25	96.5	HIS:5,PHE:2,VAL:1	CuB	3.28	0.83	96.3	HIS:6,PHE:2	90.7		5	Teratosphaeria destructans	Teratosphaeria	Teratosphaeriaceae	Mycosphaerellales	Ascomycota		HIS	0.38	15		HIS	0.30	23		HIS	0.30	32		HIS	0.77	163		PRO	1.28	167		HIS	0.52	189	
A0A9W8VAU3	step5_his_coordination	2.086	5.04	CuB	5.32	2.07	96.0	HIS:4,PHE:1	neither	8.25	6.78	64.0	GLU:1,HIS:1,ILE:1	78.6		3	Fusarium torreyae	Fusarium	Nectriaceae	Hypocreales	Ascomycota		PRO	1.73	73		---	6.73			HIS	2.94	77		HIS	1.53	209		HIS	1.06	213		HIS	1.42	235	
A0A9W9IRY5	step5_his_coordination	0.746	3.57	CuA	0.33	4.10	94.0	HIS:5,PHE:2,TRP:1	CuB	3.44	0.70	90.3	HIS:6,PHE:2,PRO:1	83.0		5	Penicillium capsulatum	Penicillium	Aspergillaceae	Eurotiales	Ascomycota		HIS	0.28	117		HIS	0.42	125		HIS	0.18	134		HIS	0.83	264		PRO	1.47	268		HIS	0.64	290	
A0A9W9Q612	step5_his_coordination	0.915	3.99	CuB	3.36	0.64	69.6	ARG:1,HIS:6,PHE:3	CuA	0.99	4.58	69.2	ARG:1,CYS:1,HIS:4,PHE:3,TRP:1	79.7		5	Penicillium brevicompactum	Penicillium	Aspergillaceae	Eurotiales	Ascomycota		HIS	0.39	79		HIS	1.11	101		HIS	0.60	110		HIS	0.43	309		ARG	0.94	313		HIS	0.45	342	
A0A9W9T4Q6	step5_his_coordination	0.724	3.69	CuA	0.53	4.07	95.8	HIS:3,PHE:2,TRP:1	CuB	3.59	0.44	90.3	HIS:4,LEU:1,PHE:2	82.4		4	Penicillium cf. viridicatum	Penicillium	Aspergillaceae	Eurotiales	Ascomycota		HIS	0.53	113		ILE	1.03	121		HIS	0.42	130		HIS	0.64	258		PRO	1.76	262		HIS	0.16	284	
A0A9W9UKW6	step5_his_coordination	0.959	3.92	CuB	3.42	0.56	69.3	ARG:1,HIS:6,PHE:2	CuA	0.80	4.43	67.5	ARG:1,CYS:1,HIS:4,PHE:3,TRP:1	79.6		5	Penicillium brevicompactum	Penicillium	Aspergillaceae	Eurotiales	Ascomycota		HIS	0.34	79		HIS	1.21	101		HIS	0.53	110		HIS	0.42	309		ARG	1.43	313		HIS	0.46	342	
A0A9W9WQE3	step5_his_coordination	0.891	4.48	CuB	3.72	0.26	94.1	HIS:6,PHE:3	CuA	0.91	4.71	82.3	CYS:1,GLN:1,HIS:3,PHE:1,TRP:1	80.7		5	Penicillium desertorum	Penicillium	Aspergillaceae	Eurotiales	Ascomycota		GLN	0.80	106		HIS	1.07	128		HIS	0.59	137		HIS	0.28	336		HIS	0.21	340		HIS	0.48	365	
A0A9X0AKU8	step5_his_coordination	0.643	4.07	CuA	0.67	4.50	95.8	HIS:4,PHE:2,TRP:1	CuB	3.59	0.65	94.9	HIS:5,PHE:2	80.4		5	Sclerotinia nivalis	Sclerotinia	Sclerotiniaceae	Helotiales	Ascomycota		HIS	0.32	126		HIS	0.28	134		HIS	0.33	143		HIS	0.39	270		PRO	1.08	274		HIS	0.51	296	
A0A9X0AXG5	step5_his_coordination	0.757	3.77	CuA	0.65	4.53	93.5	GLY:1,HIS:4,PHE:1,THR:1,TRP:1	CuB	3.19	0.77	91.5	HIS:6,PHE:2	78.5		5	Sclerotinia nivalis	Sclerotinia	Sclerotiniaceae	Helotiales	Ascomycota		HIS	0.38	106		HIS	0.51	114		HIS	0.32	123		HIS	0.83	267		PRO	1.05	271		HIS	0.51	293	
A0AA35M0Q8	step5_his_coordination	0.970	4.91	CuB	3.62	0.37	90.8	HIS:5,PHE:2	CuA	1.49	5.22	50.6	ASN:1,CYS:1,HIS:2,TRP:1,VAL:1	77.1		4	Clonostachys chloroleuca	Clonostachys	Bionectriaceae	Hypocreales	Ascomycota		VAL	0.88	78		HIS	1.07	134		HIS	0.84	143		HIS	0.50	390		HIS	0.25	394		HIS	0.59	425	
A0AA35TLZ1	step5_his_coordination	0.642	3.85	CuA	0.12	4.06	95.2	ALA:1,GLY:1,HIS:4,PHE:1,TRP:1	CuB	3.76	0.26	75.3	HIS:4,PHE:2,THR:1	82.9		4	Geodia barretti	Geodia	Geodiidae	Tetractinellida	Porifera		HIS	0.56	178		HIS	0.22	195		HIS	0.24	204		THR	1.20	347		THR	0.37	351		HIS	0.24	374	
A0AA37GRR7	step5_his_coordination	0.760	3.89	CuB	3.68	0.57	94.1	GLN:1,HIS:5,PHE:1	CuA	0.48	4.22	96.8	GLN:1,HIS:4,PHE:1,TRP:1	94.4		5	Colletotrichum liriopes	Colletotrichum	Glomerellaceae	Glomerellales	Ascomycota		HIS	0.31	69		HIS	0.41	77		HIS	0.25	86		HIS	0.95	254		HIS	0.90	258		GLN	0.43	282	
A0AA37LRM6	step5_his_coordination	0.596	3.81	CuA	0.42	4.26	90.7	HIS:4,PHE:2,TRP:1	CuB	3.50	0.49	86.4	HIS:5,PHE:2,THR:1	71.2		5	Colletotrichum liriopes	Colletotrichum	Glomerellaceae	Glomerellales	Ascomycota		HIS	0.56	137		HIS	0.55	145		HIS	0.14	154		HIS	0.39	277		PRO	1.10	281		HIS	0.45	334	
A0AA37P8W3	step5_his_coordination	0.778	3.72	CuA	0.54	4.17	98.0	ALA:1,GLN:1,HIS:4,PHE:1,TRP:1	CuB	3.48	1.32	94.7	ALA:1,GLN:1,HIS:5,PHE:1	90.7		5	Colletotrichum spaethianum	Colletotrichum	Glomerellaceae	Glomerellales	Ascomycota		HIS	0.28	69		HIS	0.42	77		HIS	0.32	86		HIS	1.08	272		HIS	0.60	276		GLN	0.51	300	
A0AA38RAI0	step5_his_coordination	0.600	3.85	CuA	0.32	4.13	93.8	HIS:4,PHE:1,SER:1,TRP:1	CuB	3.72	0.56	90.8	HIS:5,PHE:2	88.6		5	Pleurostoma richardsiae	Pleurostoma	Pleurostomataceae	Calosphaeriales	Ascomycota		HIS	0.50	21		HIS	0.15	29		HIS	0.29	38		HIS	0.10	175		PRO	1.07	179		HIS	0.47	201	
A0AA38XVF3	step5_his_coordination	0.618	3.81	CuA	0.41	4.09	93.7	HIS:4,PHE:1,TRP:1	CuB	3.73	0.63	93.3	HIS:5,PHE:2	74.7		5	Knufia peltigerae	Knufia	Trichomeriaceae	Chaetothyriales	Ascomycota		HIS	0.19	134		HIS	0.57	142		HIS	0.17	151		HIS	0.20	258		PRO	0.89	262		HIS	0.44	284	
A0AA38ZJU6	step5_his_coordination	0.819	3.91	CuB	3.55	0.86	85.0	HIS:6,PHE:3,TYR:1	CuA	0.87	4.44	80.7	CYS:1,HIS:3,PHE:2,TYR:1	79.8		5	Vitis rotundifolia	Vitis	Vitaceae	Vitales	Streptophyta		HIS	0.71	190		HIS	0.85	211		HIS	0.30	220		HIS	0.26	342		HIS	0.40	346		TYR	0.48	375	1.95
A0AA39GKR5	step5_his_coordination	0.701	4.03	CuA	0.36	4.25	93.1	ASN:1,HIS:4,PHE:2,TRP:1	CuB	3.73	0.33	88.0	HIS:5,PHE:3,PRO:1	80.9		5	Sarocladium strictum	Sarocladium	Sarocladiaceae	Hypocreales	Ascomycota		HIS	0.66	129		HIS	0.96	137		HIS	0.25	146		HIS	0.57	270		PRO	1.17	274		HIS	0.49	296	
A0AA39K704	step5_his_coordination	0.698	4.05	CuB	3.90	0.33	97.8	HIS:4,PHE:2,TYR:1	CuA	0.80	4.05	91.3	HIS:3,ILE:1,PHE:1,PRO:1,SER:1,TYR:1	92.1		5	Desarmillaria tabescens	Desarmillaria	Physalacriaceae	Agaricales	Basidiomycota		HIS	0.31	91		HIS	0.56	99		TYR	0.43	108	0.95	HIS	0.49	246		HIS	0.46	250		HIS	0.46	285	
A0AA39T9Y6	step5_his_coordination	0.816	3.72	CuB	3.75	0.65	97.2	HIS:6,PHE:2,TYR:1	CuA	0.49	4.00	93.4	HIS:4,PHE:2,TRP:1,TYR:1	90.5		5	Armillaria luteobubalina	Armillaria	Physalacriaceae	Agaricales	Basidiomycota		TYR	0.89	83	1.78	HIS	0.23	97		HIS	0.31	106		HIS	0.57	225		HIS	0.70	229		HIS	0.25	252	
A0AA39WFD7	step5_his_coordination	0.827	3.75	CuA	0.59	4.44	97.3	HIS:5,ILE:1,PHE:2,TRP:1	CuB	3.32	0.87	97.3	HIS:6,PHE:2	91.3		5	Immersiella caudata	Immersiella	Lasiosphaeriaceae	Sordariales	Ascomycota		HIS	0.43	76		HIS	0.56	84		HIS	0.38	93		HIS	0.42	222		HIS	1.89	226		HIS	0.63	238	
A0AA39YZL0	step5_his_coordination	0.870	4.01	CuB	3.70	0.37	89.5	ARG:1,HIS:5,PHE:2	CuA	0.62	4.28	74.7	ARG:1,GLN:1,HIS:3,PHE:2,TRP:1	80.9		5	Lasiodiplodia hormozganensis	Lasiodiplodia	Botryosphaeriaceae	Botryosphaeriales	Ascomycota		HIS	0.58	100		---	4.50			HIS	0.09	110		HIS	0.93	255		HIS	0.49	259		HIS	0.14	302	
A0AA39ZVR3	step5_his_coordination	0.945	4.23	CuA	0.38	4.21	83.3	HIS:5,PHE:1,SER:1	CuB	4.02	0.67	68.2	HIS:4,PHE:1,TYR:2	71.1		5	Lasiosphaeris hirsuta	Lasiosphaeris	Lasiosphaeriaceae	Sordariales	Ascomycota		HIS	0.50	132		HIS	0.99	140		HIS	0.29	149		PRO	2.02	314		HIS	1.23	318		HIS	0.35	342	
A0AA40K7X1	step5_his_coordination	0.799	4.26	CuB	3.93	0.17	96.0	HIS:4,PHE:2,TYR:1	CuA	0.99	4.31	92.1	HIS:3,ILE:1,PHE:2,TYR:2	83.2		5	Schizothecium vesticola	Schizothecium	Schizotheciaceae	Sordariales	Ascomycota		TYR	0.95	23	0.79	HIS	1.03	31		HIS	0.69	40		HIS	0.19	154		HIS	0.31	158		HIS	0.33	189	
A0AA41U5V3	step5_his_coordination	0.557	5.36	CuB	5.14	1.33	91.3	ASN:1,HIS:2,PHE:1	CuA	3.19	4.24	69.1	ALA:1,ASN:1,GLU:1,HIS:1,LYS:1,MET:1,PHE:1	94.4		2	Yinghuangia soli	Yinghuangia	Streptomycetaceae	Kitasatosporales	Actinomycetota		LYS	0.59	46		HIS	0.45	54		ASN	0.69	63		ASN	0.99	170		HIS	0.21	174		ALA	0.47	196	
A0AA42B2P4	step5_his_coordination	0.758	4.03	CuA	0.69	4.31	88.8	ARG:1,CYS:1,HIS:4,PHE:3	CuB	3.66	0.31	75.1	ARG:1,HIS:5,PHE:2	72.0		5	Papaver nudicaule	Papaver	Papaveraceae	Ranunculales	Streptophyta		HIS	0.56	99		HIS	0.69	122		HIS	0.19	131		ARG	0.38	259		HIS	0.32	263		HIS	0.31	293	
A0AA43QLN8	step5_his_coordination	0.878	4.62	CuA	0.51	4.08	93.0	ALA:1,HIS:4,PHE:2,THR:1,TRP:1	CuB	4.34	2.42	74.5	HIS:3,PHE:1	83.1		3	Ramalina farinacea	Ramalina	Ramalinaceae	Lecanorales	Ascomycota		HIS	0.44	104		HIS	0.54	115		HIS	0.47	124		ALA	1.28	249		LEU	1.85	253		HIS	0.56	276	
A0AA87Y286	step5_his_coordination	0.818	4.48	CuB	3.90	0.13	97.3	HIS:5,PHE:3	CuA	0.73	4.54	92.0	CYS:1,GLN:1,HIS:4,PHE:2,TRP:1,VAL:1	82.5		5	Pseudoduganella albidiflava	Pseudoduganella	Oxalobacteraceae	Burkholderiales	Pseudomonadota		HIS	0.67	75		SER	2.05	108		HIS	0.27	121		HIS	0.32	223		HIS	0.26	227		HIS	0.43	252	
A0AA88XJ60	step5_his_coordination	2.192	10.75	neither	37.70	34.26	64.7	HIS:1,LYS:1,TYR:1	neither	34.11	31.39	42.2	CYS:1,HIS:1,LYS:1,SER:1	71.4		1	Pinctada imbricata	Pinctada	Pteriidae	Pterioida	Mollusca		ALA	1.64	160		---	4.68			ILE	2.57	184		GLN	1.82	295		HIS	1.36	299		ARG	1.74	322	
A0AA88XTS7	step5_his_coordination	0.865	35.11	neither	30.31	26.85	79.2	ASN:2,CYS:4,ILE:1,LYS:1,PRO:1	neither	27.84	27.54	58.6	HIS:1,VAL:1	62.9		1	Pinctada imbricata	Pinctada	Pteriidae	Pterioida	Mollusca		HIS	0.23	8		TYR	0.52	17	1.42	ASN	0.70	26		GLN	0.26	137		HIS	0.16	141		ARG	0.29	164	
A0AA89B2U6	step5_his_coordination	1.091	4.99	CuB	4.07	0.17	88.8	HIS:3,LEU:1,MET:1,PHE:2	CuA	1.35	4.90	87.5	CYS:1,HIS:2,MET:1,PHE:2,PRO:1,VAL:1	71.2		4	Escallonia herrerae	Escallonia	Escalloniaceae	Escalloniales	Streptophyta		PRO	1.12	188		HIS	1.36	209		HIS	0.27	218		HIS	0.53	340		HIS	0.31	344		MET	0.66	374	3.16
A0AAD2E0S8	step5_his_coordination	0.977	4.95	CuB	3.73	0.24	63.8	ARG:1,HIS:5,PHE:3,THR:1	CuA	1.26	5.18	47.2	ARG:1,CYS:1,HIS:3,PHE:2,TRP:1	55.2		5	Fraxinus pennsylvanica	Fraxinus	Oleaceae	Lamiales	Streptophyta		HIS	0.79	19		HIS	0.31	40		HIS	0.30	49		ARG	0.28	172		HIS	0.34	176		HIS	0.23	206	
A0AAD3DIW9	step5_his_coordination	0.840	45.25	CuA	1.09	3.13	72.4	CYS:1,HIS:3,PHE:1,TRP:1	neither	45.57	44.91	83.0	ASP:1,HIS:3,LEU:1,MET:1,PRO:1,VAL:1	73.4		5	Astrephomene gubernaculifera	Astrephomene	Astrephomenaceae	Chlamydomonadales	Chlorophyta		HIS	1.47	90		ARG	1.30	99		HIS	0.59	108		HIS	0.82	275		LEU	0.81	279		ALA	0.25	331	
A0AAD4BGZ0	step5_his_coordination	1.998	4.25	CuB	4.73	2.12	93.2	HIS:5,LEU:1,PHE:1	CuA	3.72	5.20	69.3	ASN:1,HIS:3,PHE:2,TRP:1	84.9		5	Boletus edulis	Boletus	Boletaceae	Boletales	Basidiomycota		ALA	1.76	65		---	4.15			THR	2.89	124		HIS	1.06	315		HIS	1.36	319		HIS	1.75	344	
A0AAD4NRB5	step5_his_coordination	0.685	3.98	CuA	0.56	4.31	96.8	HIS:4,ILE:1,PHE:2,TRP:1	CuB	3.67	0.59	94.3	HIS:4,PHE:2	90.0		5	Alternaria panax	Alternaria	Pleosporaceae	Pleosporales	Ascomycota		HIS	0.38	13		HIS	0.46	21		HIS	0.25	30		HIS	0.23	162		PRO	0.95	166		HIS	0.64	188	
A0AAD5M387	step5_his_coordination	0.667	4.45	CuB	4.24	0.29	96.3	HIS:5,PHE:2,TYR:2	CuA	1.09	4.16	70.7	ASN:1,HIS:3,TYR:2	78.4		5	Pythium insidiosum	Pythium	Pythiaceae	Pythiales	Oomycota		HIS	0.73	80		TYR	1.18	90	3.31	ASN	0.43	99		HIS	0.28	239		HIS	0.30	243		HIS	0.27	265	
A0AAD5T3C3	step5_his_coordination	0.675	3.57	CuB	3.58	0.45	92.9	HIS:6,MET:1,PHE:2	CuA	0.24	3.96	86.4	ALA:1,HIS:4,PHE:2	68.2		5	Physocladia obscura	Physocladia	Chytriomycetaceae	Chytridiales	Chytridiomycota		HIS	0.42	73		---	4.92			HIS	0.19	102		HIS	0.59	232		HIS	0.71	236		HIS	0.37	262	
A0AAD5U3C8	step5_his_coordination	0.695	3.66	CuB	3.85	0.34	95.5	HIS:6,PHE:2	CuA	0.84	3.82	88.9	HIS:4,ILE:1,LEU:1,PHE:2	63.4		5	Clydaea vesicula	Clydaea	Lobulomycetaceae	Lobulomycetales	Chytridiomycota		HIS	0.60	59		SER	1.08	68		HIS	0.39	77		HIS	0.45	212		HIS	0.50	216		HIS	0.32	239	
A0AAD5V4M1	step5_his_coordination	1.600	5.02	CuB	4.06	0.69	95.3	HIS:5,LEU:1,PHE:1	CuA	1.22	5.00	72.6	ASN:2,HIS:3,PHE:1,TRP:1	84.9		4	Meripilus lineatus	Meripilus	Meripilaceae	Polyporales	Basidiomycota		HIS	2.31	65		TRP	2.12	86		HIS	1.07	95		HIS	0.30	308		HIS	0.67	312		HIS	0.48	337	
A0AAD5VMH3	step5_his_coordination	0.907	3.91	CuB	4.05	0.45	96.3	HIS:5,PHE:3	CuA	0.69	3.86	94.5	CYS:1,HIS:4,PHE:2,THR:1,TRP:1	90.5		4	Leucocoprinus birnbaumii	Leucocoprinus	Agaricaceae	Agaricales	Basidiomycota		HIS	0.85	57		HIS	1.96	87		HIS	0.52	96		UNK	1.01	248		HIS	0.49	252		HIS	0.59	277	
A0AAD5WPZ9	step5_his_coordination	0.608	4.01	CuB	3.52	0.67	98.0	ARG:1,HIS:5,ILE:1,PHE:2	CuA	0.99	4.51	90.5	ARG:1,HIS:3,ILE:1,PHE:2,SER:1,VAL:1	92.3		5	Zalerion maritima	Zalerion	Lulworthiaceae	Lulworthiales	Ascomycota		HIS	0.49	78		HIS	0.99	86		ARG	0.04	95		HIS	1.00	242		HIS	0.66	246		HIS	0.46	272	
A0AAD5XR56	step5_his_coordination	0.859	4.84	CuA	0.46	4.11	90.0	HIS:3,PHE:1,TRP:1	CuB	4.79	1.49	80.0	GLN:1,GLU:1,HIS:3,PHE:1	74.0		5	Geranomyces variabilis	Geranomyces	Powellomycetaceae	Spizellomycetales	Chytridiomycota		HIS	0.39	68		HIS	0.27	76		HIS	0.28	85		HIS	0.50	208		HIS	0.72	212		GLU	0.66	234	3.20
A0AAD6E0P8	step5_his_coordination	0.761	3.53	CuA	0.57	4.00	96.1	HIS:4,PHE:2,TRP:1	CuB	3.51	0.53	90.6	HIS:4,PHE:2	80.8		4	Penicillium hordei	Penicillium	Aspergillaceae	Eurotiales	Ascomycota		HIS	0.52	132		ILE	1.08	140		HIS	0.46	149		HIS	0.74	277		PRO	1.98	281		HIS	0.19	303	
A0AAD6NK04	step5_his_coordination	0.858	3.82	CuB	3.42	0.80	83.7	HIS:5,PHE:2	CuA	0.50	4.37	61.1	HIS:3,LYS:1,PHE:2,SER:1,TRP:1	59.9		4	Drechslerella dactyloides	Drechslerella	Orbiliaceae	Orbiliales	Ascomycota		LYS	0.33	7		PHE	2.34	15		HIS	0.24	25		HIS	1.28	169		HIS	0.79	173		HIS	0.63	188	
A0AAD7J5J2	step5_his_coordination	0.853	4.11	CuB	3.74	0.33	95.9	HIS:6,PHE:3	CuA	1.01	4.33	90.0	CYS:1,HIS:4,PHE:2,TRP:1	89.3		5	Mycena metata	Mycena	Mycenaceae	Agaricales	Basidiomycota		HIS	0.80	59		HIS	0.67	88		HIS	0.45	97		HIS	0.12	265		HIS	0.52	269		HIS	0.47	299	
A0AAD8FEX8	step5_his_coordination	0.828	4.42	CuB	4.45	0.76	96.3	GLN:1,HIS:4,LEU:1,PHE:2	CuA	0.72	4.01	93.1	HIS:4,LEU:1,PHE:2,SER:1,TRP:1	82.1		5	Biomphalaria pfeifferi	Biomphalaria	Planorbidae		Mollusca		HIS	0.58	61		HIS	0.90	79		HIS	0.49	88		GLN	0.39	200		HIS	0.21	204		HIS	0.33	231	
A0AAD8PIW8	step5_his_coordination	0.587	3.89	CuA	0.27	4.13	96.1	HIS:4,PHE:2,TRP:1	CuB	3.73	0.27	91.6	HIS:5,LEU:1,PHE:3,PRO:1	78.7		5	Colletotrichum navitas	Colletotrichum	Glomerellaceae	Glomerellales	Ascomycota		HIS	0.48	138		HIS	0.54	146		HIS	0.15	155		HIS	0.33	278		PRO	0.94	282		HIS	0.53	304	
A0AAD8PLZ0	step5_his_coordination	0.749	3.31	CuA	0.30	4.03	96.1	HIS:5,PHE:1	CuB	3.25	0.78	90.4	HIS:6,PHE:1	80.2		5	Colletotrichum navitas	Colletotrichum	Glomerellaceae	Glomerellales	Ascomycota		HIS	0.35	123		HIS	0.44	131		HIS	0.21	140		HIS	1.09	263		ALA	1.21	266		HIS	0.48	289	
A0AAD8PVJ5	step5_his_coordination	0.887	16.91	CuB	3.65	0.59	94.7	GLN:1,HIS:4,ILE:1,PHE:1,TYR:1	neither	19.92	16.87	60.5	ASN:1,LEU:1	88.6		2	Colletotrichum navitas	Colletotrichum	Glomerellaceae	Glomerellales	Ascomycota		HIS	0.24	68		GLN	0.67	76		TYR	0.34	85	1.10	HIS	0.88	246		HIS	0.89	250		GLN	0.53	274	
A0AAD8UFY3	step5_his_coordination	0.772	3.9	CuA	0.52	4.22	97.3	GLN:1,GLY:1,HIS:4,PHE:1,TRP:1	CuB	3.70	0.55	95.2	GLN:1,HIS:5,PHE:1	82.6		5	Colletotrichum acutatum	Colletotrichum	Glomerellaceae	Glomerellales	Ascomycota		HIS	0.29	205		HIS	0.39	213		HIS	0.27	222		HIS	0.88	390		HIS	0.86	394		GLN	0.51	418	
A0AAD9ARY9	step5_his_coordination	0.759	4.03	CuA	0.54	4.23	97.3	GLN:1,GLY:1,HIS:4,PHE:1,TRP:1	CuB	3.83	0.61	95.0	GLN:1,HIS:5,PHE:1	74.9		5	Colletotrichum chrysophilum	Colletotrichum	Glomerellaceae	Glomerellales	Ascomycota		HIS	0.35	242		HIS	0.41	250		HIS	0.30	259		HIS	0.72	427		HIS	0.83	431		GLN	0.53	455	
A0AAD9AZ26	step5_his_coordination	0.809	3.61	CuA	0.51	4.22	96.8	HIS:4,PHE:1,THR:1,TRP:1	CuB	3.37	0.63	94.5	HIS:6,LEU:1,PHE:2	88.8		5	Colletotrichum chrysophilum	Colletotrichum	Glomerellaceae	Glomerellales	Ascomycota		HIS	0.59	82		HIS	0.32	90		HIS	0.33	99		HIS	0.64	222		PRO	1.85	226		HIS	0.45	248	
A0AAD9ECK1	step5_his_coordination	0.679	4.16	CuA	0.30	4.25	94.5	HIS:4,PHE:2,TRP:1	CuB	3.86	0.42	89.9	HIS:5,PHE:2	89.6		5	Colletotrichum chrysophilum	Colletotrichum	Glomerellaceae	Glomerellales	Ascomycota		HIS	0.42	61		HIS	0.34	69		HIS	0.07	78		HIS	0.27	207		PRO	1.04	211		HIS	0.47	233	
A0AAD9GMI7	step5_his_coordination	0.876	40.51	neither	25.70	24.83	73.7	ALA:1,GLU:1,HIS:1,SER:1	neither	21.63	19.11	54.5	GLU:2,HIS:1,LYS:1,THR:1	89.3		2	Phytophthora citrophthora	Phytophthora	Peronosporaceae	Peronosporales	Oomycota		TYR	0.69	68	2.86	VAL	1.05	78		TYR	0.47	87	3.56	GLN	0.98	239		HIS	1.07	243		TYR	0.38	265	0.58
A0AAD9HBC0	step5_his_coordination	0.596	4.0	CuA	0.30	4.09	95.8	HIS:4,PHE:2,TRP:1	CuB	3.88	0.20	90.2	HIS:5,LEU:1,PHE:3,PRO:1	77.8		5	Colletotrichum zoysiae	Colletotrichum	Glomerellaceae	Glomerellales	Ascomycota		HIS	0.46	139		HIS	0.64	147		HIS	0.12	156		HIS	0.24	279		PRO	1.19	283		HIS	0.49	305	
A0AAD9HKI6	step5_his_coordination	0.735	4.0	CuA	0.63	4.27	96.7	GLN:1,HIS:4,PHE:1,TRP:1,VAL:1	CuB	3.76	0.57	93.4	GLN:1,HIS:5,ILE:1,PHE:1,SER:1	89.9		5	Colletotrichum zoysiae	Colletotrichum	Glomerellaceae	Glomerellales	Ascomycota		HIS	0.32	68		HIS	0.35	76		HIS	0.30	85		HIS	0.85	253		HIS	0.81	257		GLN	0.47	281	
A0AAD9KZ40	step5_his_coordination	0.771	35.15	CuB	3.01	1.71	45.6	GLN:1,HIS:3,LYS:1,PHE:3,SER:1	neither	37.90	34.44	14.4	ASP:1,HIS:1,PRO:1,THR:1	77.7		3	Ridgeia piscesae	Ridgeia	Siboglinidae	Sabellida	Annelida		GLN	0.91	204		HIS	0.37	212		HIS	0.32	221		SER	1.02	328		HIS	0.42	332		PHE	0.31	354	
A0AAD9L024	step5_his_coordination	0.655	4.11	CuB	4.66	0.72	75.7	HIS:2,ILE:1,PHE:1,TYR:1	CuA	1.14	3.39	35.8	ASN:1,HIS:2,PHE:1,TYR:2	67.5		3	Ridgeia piscesae	Ridgeia	Siboglinidae	Sabellida	Annelida		TYR	0.98	116	0.88	ASN	0.70	124		HIS	0.44	133		ILE	0.76	239		HIS	0.40	243		HIS	0.37	265	
A0AAD9M015	step5_his_coordination	0.751	3.75	CuA	0.27	4.11	92.7	HIS:4,PHE:2,TRP:1	CuB	3.59	0.37	82.6	HIS:5,LEU:1,PHE:2	80.1		5	Colletotrichum zoysiae	Colletotrichum	Glomerellaceae	Glomerellales	Ascomycota		HIS	0.60	124		HIS	0.40	132		HIS	0.21	141		HIS	0.74	264		ALA	1.59	267		HIS	0.50	290	
A0AAD9PC82	step5_his_coordination	0.678	4.43	CuB	4.72	1.10	92.7	ALA:1,HIS:4,THR:1,TYR:1	CuA	1.29	3.94	84.9	ALA:1,GLN:1,HIS:2,TRP:1,TYR:1	75.2		4	Ridgeia piscesae	Ridgeia	Siboglinidae	Sabellida	Annelida		GLN	0.26	155		HIS	1.32	164		HIS	0.39	173		HIS	0.63	334		HIS	0.72	338		ALA	0.21	361	
A0AAD9QB69	step5_his_coordination	0.909	2.68	neither	66.22	66.12	40.1	HIS:5	neither	66.54	66.60	26.7	HIS:4,LEU:1,TRP:1	75.6		4	Acropora cervicornis	Acropora	Acroporidae	Scleractinia	Cnidaria		HIS	0.37	108		LEU	1.61	116		HIS	0.19	127		HIS	0.86	247		HIS	0.74	251		HIS	0.26	274	
A0AAD9YE83	step5_his_coordination	0.625	4.37	CuA	0.36	4.31	96.1	HIS:4,PHE:2,TRP:1	CuB	4.02	0.36	95.0	HIS:5,PHE:2,PRO:1	83.6		5	Colletotrichum kahawae	Colletotrichum	Glomerellaceae	Glomerellales	Ascomycota		HIS	0.41	117		HIS	0.46	125		HIS	0.05	134		HIS	0.30	271		PRO	0.76	275		HIS	0.40	297	
A0AAE0D8U4	step5_his_coordination	0.761	4.05	CuA	0.52	4.25	98.0	GLN:1,HIS:4,PHE:1,TRP:1	CuB	3.83	0.67	95.5	GLN:1,HIS:4,PHE:1	96.7		5	Colletotrichum kahawae	Colletotrichum	Glomerellaceae	Glomerellales	Ascomycota		HIS	0.34	49		HIS	0.61	57		HIS	0.34	66		HIS	0.76	234		HIS	0.90	238		GLN	0.51	262	
A0AAE0HTN1	step5_his_coordination	0.887	4.09	CuB	3.98	0.11	94.0	HIS:5,PHE:2	CuA	0.57	4.07	84.5	GLN:1,HIS:3,PHE:2,TRP:1	87.2		5	Apodospora peruviana	Apodospora	Lasiosphaeriaceae	Sordariales	Ascomycota		HIS	0.49	83		GLY	2.54	104		HIS	0.49	113		HIS	0.41	260		HIS	0.15	264		HIS	0.40	295	
A0AAE0LYH8	step5_his_coordination	1.599	3.84	CuB	2.66	1.34	84.5	GLN:1,HIS:6,PHE:2	CuA	1.46	5.07	82.4	GLN:1,GLY:1,HIS:4,PHE:1,THR:1,TRP:1	64.1		5	Apodospora peruviana	Apodospora	Lasiosphaeriaceae	Sordariales	Ascomycota		GLN	0.71	87		HIS	1.12	95		HIS	0.64	104		HIS	1.36	208		ILE	2.07	211		HIS	1.10	223	
A0AAE0M077	step5_his_coordination	0.800	3.62	CuB	3.52	0.74	96.9	HIS:5,PHE:2	CuA	0.48	4.12	94.4	HIS:5,PHE:2,PRO:1,SER:1,THR:1	86.8		5	Apodospora peruviana	Apodospora	Lasiosphaeriaceae	Sordariales	Ascomycota		HIS	0.62	81		HIS	1.28	89		HIS	0.27	97		HIS	0.61	214		HIS	0.60	218		HIS	0.49	241	
A0AAE0MG27	step5_his_coordination	0.671	3.69	CuB	3.24	0.94	86.8	CYS:1,HIS:5,PHE:2,TYR:1	CuA	0.58	4.46	84.4	GLN:1,HIS:4,PHE:2,TYR:1,VAL:2	74.1		4	Apodospora peruviana	Apodospora	Lasiosphaeriaceae	Sordariales	Ascomycota		GLN	0.15	96		HIS	0.56	104		HIS	0.12	113		HIS	0.91	249		TYR	0.55	253	1.01	HIS	0.42	276	
A0AAE0NMD8	step5_his_coordination	1.265	25.06	CuA	1.62	2.86	79.7	ALA:1,HIS:2,TYR:2	neither	25.39	22.43	64.0	HIS:1	78.3		3	Lasiosphaeria ovina	Lasiosphaeria	Lasiosphaeriaceae	Sordariales	Ascomycota		HIS	0.90	112		HIS	0.63	120		TYR	0.65	129	1.05	TYR	2.48	166	2.47	---	3.22			HIS	1.47	224	
A0AAE0NPZ1	step5_his_coordination	0.720	3.81	CuB	4.03	0.44	85.0	HIS:5,PHE:2,TYR:1	CuA	1.04	3.80	56.2	HIS:3,PHE:2,SER:2,THR:1,TYR:1	70.9		4	Podospora didyma	Podospora	Podosporaceae	Sordariales	Ascomycota		HIS	0.23	48		HIS	1.29	56		TYR	0.60	72	1.25	HIS	0.20	179		HIS	0.57	183		HIS	0.54	209	
A0AAE0U1Q5	step5_his_coordination	1.257	3.4	CuB	4.23	0.81	81.1	HIS:4,PHE:1	CuA	1.12	3.24	61.2	HIS:5,PHE:1,TRP:1	86.3		4	Podospora didyma	Podospora	Podosporaceae	Sordariales	Ascomycota		HIS	1.05	87		HIS	1.07	119		HIS	0.62	128		HIS	0.56	350		HIS	0.14	354		CYS	2.16	388	6.33
A0AAE0WXT6	step5_his_coordination	0.634	3.7	CuA	0.49	4.18	96.6	GLY:1,HIS:5,PHE:2,TRP:1	CuB	3.45	0.64	95.9	HIS:6,PHE:2,PRO:1	80.8		5	Recurvomyces mirabilis	Recurvomyces	Teratosphaeriaceae	Mycosphaerellales	Ascomycota		HIS	0.35	141		HIS	0.30	149		HIS	0.30	158		HIS	0.72	289		PRO	1.01	293		HIS	0.34	315	
A0AAE0X2E2	step5_his_coordination	0.873	4.24	CuA	0.74	4.64	96.1	ALA:1,ARG:1,HIS:4,ILE:1,PHE:2,PRO:1,TRP:1	CuB	3.59	0.64	96.3	ARG:1,HIS:5,PHE:2,SER:1	76.9		5	Podospora appendiculata	Podospora	Podosporaceae	Sordariales	Ascomycota		HIS	0.59	76		HIS	0.28	84		HIS	0.26	93		HIS	0.42	212		ARG	1.19	216		HIS	0.31	239	
A0AAE1CE31	step5_his_coordination	0.935	4.23	CuB	3.80	0.53	70.7	HIS:6,PHE:1	CuA	0.80	4.30	72.1	CYS:1,HIS:4,PHE:2,TRP:1,VAL:1	67.3		5	Podospora appendiculata	Podospora	Podosporaceae	Sordariales	Ascomycota		HIS	0.85	70		HIS	1.17	97		HIS	0.49	106		HIS	0.66	287		HIS	0.28	291		HIS	0.47	322	
A0AAE8MN78	step5_his_coordination	1.355	2.48	CuA	1.55	3.70	87.6	ASP:1,GLN:1,HIS:3,PHE:1	CuB	2.92	1.62	65.2	ASP:1,HIS:4,MET:1	80.7		3	Cephalotrichum gorgonifer	Cephalotrichum	Microascaceae	Microascales	Ascomycota		HIS	1.41	76		---	4.47			HIS	0.80	89		---	4.90			ILE	1.70	198		HIS	0.82	213	
A0AAE8STA2	step5_his_coordination	0.742	4.69	CuB	4.60	1.06	56.9	ASN:1,HIS:3,PHE:2	CuA	0.62	4.17	60.9	ASN:1,CYS:1,HIS:4,PHE:1,TRP:1	76.3		4	Cephalotrichum gorgonifer	Cephalotrichum	Microascaceae	Microascales	Ascomycota		HIS	0.78	607		HIS	0.92	613		HIS	0.52	622		ASN	0.91	777		HIS	0.22	781		HIS	0.36	804	
A0AAF5PZK9	step5_his_coordination	0.732	3.51	CuA	0.36	3.72	95.8	ALA:1,HIS:4,PHE:2	CuB	3.80	0.93	85.8	HIS:4,LEU:1,PHE:2	67.8		5	Wuchereria bancrofti	Wuchereria	Onchocercidae	Rhabditida	Nematoda		HIS	0.28	379		HIS	0.25	389		HIS	0.24	398		HIS	0.44	519		LEU	0.34	523		HIS	0.27	546	
A0AAI8YW60	step5_his_coordination	0.790	24.28	CuA	1.69	2.44	81.2	HIS:2,PHE:2,TYR:1	neither	23.67	26.20	71.2	GLN:1,HIS:1,LYS:1	74.5		3	Lecanosticta acicola	Lecanosticta	Mycosphaerellaceae	Mycosphaerellales	Ascomycota		TYR	0.34	149	1.17	ARG	1.14	157		HIS	0.34	166		ALA	1.16	299		PRO	0.96	303		HIS	0.37	325	
A0AAI8YWT9	step5_his_coordination	0.681	4.1	CuA	0.31	4.22	96.8	HIS:4,PHE:2	CuB	3.84	0.32	96.6	HIS:4,PHE:2	90.4		5	Lecanosticta acicola	Lecanosticta	Mycosphaerellaceae	Mycosphaerellales	Ascomycota		HIS	0.25	11		HIS	0.65	19		HIS	0.25	28		HIS	0.27	167		PRO	0.97	171		HIS	0.51	193	
A0AAI8YZG9	step5_his_coordination	0.769	3.77	CuA	0.36	4.20	96.0	HIS:5,PHE:2,TRP:1	CuB	3.52	0.47	92.3	HIS:5,PHE:3,PRO:1	77.9		5	Lecanosticta acicola	Lecanosticta	Mycosphaerellaceae	Mycosphaerellales	Ascomycota		HIS	0.15	142		HIS	0.50	150		HIS	0.10	159		HIS	0.69	276		PRO	1.39	280		HIS	0.46	302	
A0AAI9UCA0	step5_his_coordination	0.905	5.19	CuB	4.17	0.32	91.2	ASP:1,HIS:4,PHE:1	CuA	1.49	5.03	59.0	ASP:2,GLU:1,HIS:2,PHE:1	74.8		4	Colletotrichum melonis	Colletotrichum	Glomerellaceae	Glomerellales	Ascomycota		HIS	0.98	84		---	4.18			ASP	0.30	120	3.52	HIS	0.28	249		HIS	0.25	253		HIS	0.47	291	
A0AAI9UNI6	step5_his_coordination	1.519	5.15	CuB	4.13	0.82	87.7	HIS:5,PHE:1	CuA	1.10	4.97	61.1	HIS:3,ILE:1,PHE:1	82.2		5	Colletotrichum cuscutae	Colletotrichum	Glomerellaceae	Glomerellales	Ascomycota		HIS	0.86	75		---	4.65			HIS	1.63	87		HIS	0.69	221		HIS	0.62	225		HIS	0.35	248	
A0AAI9XI30	step5_his_coordination	1.074	12.56	CuB	3.81	0.30	91.6	HIS:6,PHE:2	neither	9.72	12.54	45.6	ASN:1,CYS:3,PHE:1,TRP:1	84.3		3	Colletotrichum melonis	Colletotrichum	Glomerellaceae	Glomerellales	Ascomycota		---	3.55			HIS	0.99	83		HIS	0.27	92		HIS	0.49	295		HIS	0.28	299		HIS	0.26	356	
A0AAI9XMR1	step5_his_coordination	0.669	3.87	CuA	0.30	4.21	96.8	HIS:5,MET:1,PHE:2,TRP:1	CuB	3.61	0.40	91.2	ASN:1,HIS:4,ILE:1,PHE:2,SER:1	90.1		5	Colletotrichum cuscutae	Colletotrichum	Glomerellaceae	Glomerellales	Ascomycota		HIS	0.27	87		HIS	0.42	95		HIS	0.21	104		HIS	0.95	256		ASN	0.68	260		HIS	0.42	286	
A0AAI9XNV3	step5_his_coordination	0.709	3.89	CuB	3.65	0.70	95.2	HIS:5,PHE:1	CuA	0.45	4.22	87.9	HIS:3,ILE:1,PHE:2,SER:1,TRP:1	89.5		5	Colletotrichum melonis	Colletotrichum	Glomerellaceae	Glomerellales	Ascomycota		HIS	0.34	123		HIS	2.46	131		HIS	0.27	136		HIS	0.71	294		HIS	1.07	298		HIS	0.26	322	
A0AAI9XSF2	step5_his_coordination	0.760	4.0	CuA	0.47	4.15	97.4	GLN:1,GLY:1,HIS:4,PHE:1,TRP:1	CuB	3.86	0.51	94.6	GLN:1,HIS:5,PHE:1	82.9		5	Colletotrichum melonis	Colletotrichum	Glomerellaceae	Glomerellales	Ascomycota		HIS	0.26	205		HIS	0.40	213		HIS	0.27	222		HIS	0.89	390		HIS	0.82	394		GLN	0.50	418	
A0AAI9XYD0	step5_his_coordination	0.787	3.97	CuA	0.50	4.17	97.1	GLN:1,GLY:1,HIS:4,PHE:1,TRP:1	CuB	3.82	0.58	94.1	GLN:1,HIS:5,PHE:1	82.5		5	Colletotrichum cuscutae	Colletotrichum	Glomerellaceae	Glomerellales	Ascomycota		HIS	0.31	205		HIS	0.41	213		HIS	0.30	222		HIS	0.82	394		HIS	0.87	398		GLN	0.47	422	
A0AAI9YQA0	step5_his_coordination	0.520	32.58	neither	32.57	29.08	30.8	CYS:4,HIS:2,ILE:2,SER:1	CuA	0.12	4.00	37.7	HIS:5,ILE:1,PHE:2,SER:1	70.7		3	Colletotrichum costaricense	Colletotrichum	Glomerellaceae	Glomerellales	Ascomycota		HIS	0.32	74		HIS	0.34	82		HIS	0.28	91		HIS	0.25	229		HIS	0.42	233		HIS	0.55	255	
A0AAJ0A0G4	step5_his_coordination	0.726	4.03	CuA	0.51	4.19	97.9	GLN:1,GLY:1,HIS:4,PHE:1,TRP:1	CuB	3.88	0.81	95.0	GLN:1,HIS:4,PHE:1	96.4		5	Colletotrichum phormii	Colletotrichum	Glomerellaceae	Glomerellales	Ascomycota		HIS	0.27	49		HIS	0.50	57		HIS	0.34	66		HIS	0.79	234		HIS	0.97	238		GLN	0.46	262	
A0AAJ0DBW4	step5_his_coordination	0.759	3.78	CuA	0.47	4.14	96.4	HIS:5,PHE:2,TRP:1	CuB	3.59	0.49	95.0	HIS:6,PHE:2,PRO:1	82.0		5	Extremus antarcticus	Extremus	Extremaceae	Mycosphaerellales	Ascomycota		HIS	0.33	131		HIS	0.29	139		HIS	0.34	148		HIS	0.56	279		PRO	0.97	283		HIS	0.37	305	
A0AAJ0DVU7	step5_his_coordination	0.765	3.84	CuA	0.44	4.10	97.1	GLN:1,GLY:1,HIS:4,PHE:1,TRP:1	CuB	3.75	0.50	94.6	GLN:1,HIS:5,PHE:1	83.6		5	Colletotrichum costaricense	Colletotrichum	Glomerellaceae	Glomerellales	Ascomycota		HIS	0.26	205		HIS	0.39	213		HIS	0.28	222		HIS	0.90	390		HIS	0.83	394		GLN	0.49	418	
A0AAJ0EU37	step5_his_coordination	0.824	4.26	CuA	0.60	4.30	96.9	GLN:1,HIS:4,PHE:1,TRP:1	CuB	4.00	0.69	89.5	GLN:1,HIS:4,PHE:1	90.5		5	Colletotrichum godetiae	Colletotrichum	Glomerellaceae	Glomerellales	Ascomycota		HIS	0.26	26		HIS	0.64	34		HIS	0.44	43		HIS	0.84	211		HIS	0.89	215		GLN	0.39	239	
A0AAJ0HSA6	step5_his_coordination	0.670	3.94	CuA	0.51	4.31	97.1	HIS:4,ILE:1,PHE:2	CuB	3.61	0.48	94.9	HIS:5,PHE:2	81.9		5	Lasiosphaeria hispida	Lasiosphaeria	Lasiosphaeriaceae	Sordariales	Ascomycota		HIS	0.29	132		HIS	0.37	140		HIS	0.25	149		HIS	0.33	277		PRO	1.20	281		HIS	0.52	303	
A0AAJ8BCI9	step5_his_coordination	0.665	15.22	neither	50.04	46.82	43.9	ARG:1,GLU:1,HIS:3	neither	60.70	57.98	14.2	HIS:1,ILE:1,VAL:1	66.9		2	Lates calcarifer	Lates	Centropomidae		Chordata		ARG	0.58	194		GLY	0.24	202		HIS	0.58	211		SER	1.12	320		ARG	0.43	324		MET	0.43	346	3.30
A0AAJ8BW86	step5_his_coordination	0.735	3.91	CuB	3.52	0.62	89.7	HIS:4,PHE:1	CuA	0.67	4.38	56.0	HIS:2,PHE:1,THR:1,VAL:2	68.7		4	Aspergillus niger	Aspergillus	Aspergillaceae	Eurotiales	Ascomycota		HIS	0.86	205		ASN	2.59	394		VAL	0.65	220		HIS	0.76	339		HIS	0.78	343		HIS	0.15	366	
A0AAN6E594	step5_his_coordination	0.670	3.86	CuA	0.47	4.21	96.5	GLY:1,HIS:4,PHE:2	CuB	3.59	0.44	90.0	HIS:6,PHE:3,PRO:1	76.7		5	Exophiala viscosa	Exophiala	Herpotrichiellaceae	Chaetothyriales	Ascomycota		HIS	0.15	160		HIS	0.58	168		HIS	0.27	177		HIS	0.51	314		PRO	1.09	318		HIS	0.40	340	
A0AAN6F7R2	step5_his_coordination	0.693	3.6	CuA	0.44	4.04	96.6	GLY:1,HIS:5,PHE:2,TRP:1	CuB	3.49	0.61	95.5	HIS:6,PHE:3,PRO:1	80.5		5	Friedmanniomyces endolithicus	Friedmanniomyces	Teratosphaeriaceae	Mycosphaerellales	Ascomycota		HIS	0.35	144		HIS	0.36	152		HIS	0.35	161		HIS	0.67	292		PRO	1.00	296		HIS	0.38	318	
A0AAN6G1Z6	step5_his_coordination	0.652	3.59	CuA	0.43	4.07	96.8	HIS:5,PHE:2,TRP:1	CuB	3.46	0.61	95.0	HIS:6,PHE:3,PRO:1	80.0		5	Friedmanniomyces endolithicus	Friedmanniomyces	Teratosphaeriaceae	Mycosphaerellales	Ascomycota		HIS	0.32	142		HIS	0.34	150		HIS	0.27	159		HIS	0.67	290		PRO	0.98	294		HIS	0.38	316	
A0AAN6H7M5	step5_his_coordination	0.673	3.68	CuA	0.54	4.20	97.2	GLY:1,HIS:5,PHE:2,TRP:1	CuB	3.40	0.62	96.0	HIS:6,PHE:2,PRO:1	80.5		5	Friedmanniomyces endolithicus	Friedmanniomyces	Teratosphaeriaceae	Mycosphaerellales	Ascomycota		HIS	0.34	142		HIS	0.54	150		HIS	0.29	159		HIS	0.64	290		PRO	0.95	294		HIS	0.37	316	
A0AAN6K752	step5_his_coordination	0.657	3.6	CuA	0.43	4.07	96.9	HIS:5,PHE:2,TRP:1	CuB	3.47	0.62	96.1	HIS:6,PHE:3,PRO:1	80.8		5	Friedmanniomyces endolithicus	Friedmanniomyces	Teratosphaeriaceae	Mycosphaerellales	Ascomycota		HIS	0.33	142		HIS	0.35	150		HIS	0.28	159		HIS	0.68	290		PRO	0.97	294		HIS	0.39	316	
A0AAN6KA23	step5_his_coordination	0.696	3.62	CuA	0.44	4.05	97.1	GLY:1,HIS:5,PHE:2,TRP:1	CuB	3.49	0.62	95.8	HIS:6,PHE:3,PRO:1	80.6		5	Friedmanniomyces endolithicus	Friedmanniomyces	Teratosphaeriaceae	Mycosphaerellales	Ascomycota		HIS	0.36	144		HIS	0.38	152		HIS	0.34	161		HIS	0.68	292		PRO	0.99	296		HIS	0.39	318	
A0AAN6LYU1	step5_his_coordination	0.848	4.48	CuB	4.24	0.36	96.4	HIS:6,LEU:1,PHE:2	CuA	0.86	4.25	93.4	CYS:1,HIS:4,PHE:2,TRP:1	88.2		5	Pseudopithomyces chartarum	Pseudopithomyces	Didymosphaeriaceae	Pleosporales	Ascomycota		HIS	0.69	93		HIS	1.33	114		HIS	0.59	123		HIS	0.62	304		HIS	0.18	308		HIS	0.23	332	
A0AAN6N1G2	step5_his_coordination	0.747	4.1	CuA	0.54	4.40	97.5	HIS:4,ILE:1,PHE:2,PRO:1,TRP:1	CuB	3.67	0.34	93.4	HIS:5,ILE:1,PHE:1,PRO:1,SER:1	94.5		5	Diplogelasinospora grovesii	Diplogelasinospora	Diplogelasinosporaceae	Sordariales	Ascomycota		HIS	0.59	98		HIS	0.46	106		HIS	0.27	115		PRO	1.06	282		HIS	0.86	286		HIS	0.31	310	
A0AAN6SJA1	step5_his_coordination	2.414	3.28	neither	9.85	7.18	87.2	HIS:5,PHE:2	neither	9.85	8.24	54.9	HIS:4,PHE:2,TRP:1	73.3		4	Pseudoneurospora amorphoporcata	Pseudoneurospora	Sordariaceae	Sordariales	Ascomycota		PRO	2.19	66		---	4.55			ARG	2.42	271		LEU	2.56	211		---	3.33			GLN	2.10	268	
A0AAN7GQ08	step5_his_coordination	0.723	3.6	CuA	0.56	4.34	97.5	HIS:5,ILE:1,PHE:1	CuB	3.21	0.79	96.2	HIS:5,PHE:1	76.5		5	Podospora fimiseda	Podospora	Podosporaceae	Sordariales	Ascomycota		HIS	0.67	156		HIS	0.79	164		HIS	0.27	174		HIS	0.98	300		PRO	1.18	304		HIS	0.57	326	
A0AAN7VN59	step5_his_coordination	0.674	3.65	CuA	0.43	4.04	97.5	GLY:1,HIS:5,PHE:2	CuB	3.54	0.53	96.3	HIS:6,PHE:2,PRO:1	82.3		5	Elasticomyces elasticus	Elasticomyces	Teratosphaeriaceae	Mycosphaerellales	Ascomycota		HIS	0.33	128		HIS	0.45	136		HIS	0.28	145		HIS	0.63	276		PRO	1.10	280		HIS	0.37	302	
A0AAN8HSE1	step5_his_coordination	0.910	25.54	CuA	0.55	3.73	95.1	HIS:4,PHE:2,SER:1,TRP:1	neither	25.62	24.56	73.1	ARG:1,ASN:1,GLU:1,HIS:1,LEU:1	85.1		4	Champsocephalus gunnari	Champsocephalus	Channichthyidae	Perciformes	Chordata		HIS	0.33	188		HIS	0.48	211		HIS	0.52	220		SER	0.75	359		THR	1.42	362		HIS	0.18	375	
A0AAN8ZF79	step5_his_coordination	0.728	32.72	CuB	2.74	1.48	71.4	HIS:3,MET:1,PHE:1,TYR:3	neither	33.67	32.85	57.9	HIS:1,PHE:1,THR:2,VAL:2	85.8		4	Dillenia turbinata	Dillenia	Dilleniaceae	Dilleniales	Streptophyta		TYR	1.09	62	0.99	ARG	1.56	83		HIS	0.70	92		HIS	0.72	211		MET	0.58	215	3.12	HIS	0.33	244	
A0AAN9UQ80	step5_his_coordination	1.059	4.18	CuA	0.71	4.24	83.4	HIS:3,LEU:1,PHE:1,VAL:1	CuB	3.91	1.17	77.2	HIS:4,ILE:1,LEU:1,MET:1,PHE:1	85.2		5	Diatrype stigma	Diatrype	Diatrypaceae	Xylariales	Ascomycota		HIS	0.33	117		HIS	0.50	125		HIS	0.54	134		HIS	0.74	286		HIS	0.67	290		PHE	2.27	326	
A0AAN9YIB4	step5_his_coordination	0.758	3.65	CuB	3.44	0.77	97.7	HIS:6,PHE:2	CuA	0.56	4.24	92.5	HIS:4,ILE:1,LEU:1,PHE:2	87.0		5	Diatrype stigma	Diatrype	Diatrypaceae	Xylariales	Ascomycota		LEU	0.61	123		HIS	0.72	131		HIS	0.36	140		HIS	0.80	317		HIS	0.89	321		HIS	0.33	345	
A0AAQ3M852	step5_his_coordination	0.836	4.24	CuB	3.76	0.31	95.3	HIS:6,PHE:1	CuA	0.97	4.41	91.1	CYS:1,HIS:5,PHE:2,TRP:1	85.8		5	Acrodontium crateriforme	Acrodontium	Teratosphaeriaceae	Mycosphaerellales	Ascomycota		HIS	0.70	94		HIS	1.56	120		HIS	0.47	129		HIS	0.31	295		HIS	0.39	299		HIS	0.39	333	
A0AAU9KU22	step5_his_coordination	0.922	36.45	neither	24.59	22.93	70.8	HIS:2,THR:1	neither	44.05	40.11	53.0	HIS:1	83.0		3	Peronospora belbahrii	Peronospora	Peronosporaceae	Peronosporales	Oomycota		TYR	0.51	90	2.78	VAL	0.91	100		TYR	0.43	109	3.44	GLN	1.14	262		HIS	0.99	266		TYR	0.45	288	0.48
A0AAV0UD10	step5_his_coordination	0.861	33.55	neither	24.20	21.51	71.5	ASN:1,ASP:2,CYS:1,GLN:1,GLY:1,TRP:1	neither	15.44	18.97	48.3	GLU:1,HIS:1	89.7		0	Peronospora farinosa	Peronospora	Peronosporaceae	Peronosporales	Oomycota		TYR	0.54	48	2.75	VAL	1.14	58		TYR	0.45	67	3.38	GLN	0.93	217		HIS	1.05	221		TYR	0.38	243	0.44
A0AAV0UFB5	step5_his_coordination	0.864	57.77	neither	24.24	27.21	61.2	HIS:1	neither	37.96	34.17	45.3	ALA:1,ARG:1,ASN:1,ASP:2	88.2		1	Hyaloperonospora brassicae	Hyaloperonospora	Peronosporaceae	Peronosporales	Oomycota		TYR	0.77	66	2.80	ALA	0.66	76		TYR	0.52	85	3.37	GLN	0.97	233		HIS	0.93	237		TYR	0.39	259	0.54
A0AAV0UHU3	step5_his_coordination	0.861	31.66	neither	21.22	18.68	68.3	ASP:1,GLU:2,HIS:1,ILE:1,LYS:1	neither	24.28	21.59	43.8	ASN:1,ASP:1,CYS:1,GLN:1,GLU:1,GLY:2,TRP:1	85.2		0	Peronospora destructor	Peronospora	Peronosporaceae	Peronosporales	Oomycota		TYR	0.56	64	2.98	VAL	1.09	74		TYR	0.45	83	3.14	GLN	0.94	232		HIS	1.03	236		TYR	0.36	258	0.39
A0AAV0V041	step5_his_coordination	0.663	30.35	neither	18.60	18.58	65.2	ALA:2,ARG:1,ASP:1,HIS:1,LEU:1	neither	13.78	15.82	37.8	ALA:3,ARG:1,GLN:1,HIS:1	72.1		1	Hyaloperonospora brassicae	Hyaloperonospora	Peronosporaceae	Peronosporales	Oomycota		ALA	0.47	97		GLU	1.21	107	1.74	HIS	0.32	116		HIS	0.60	260		VAL	0.60	264		TYR	0.56	286	1.35
A0AAV1T0B6	step5_his_coordination	0.870	40.57	neither	27.03	26.04	74.3	ASP:1,GLN:1,GLU:1	neither	38.17	34.42	50.2	ALA:1,ASP:2,THR:1	87.6		0	Peronospora matthiolae	Peronospora	Peronosporaceae	Peronosporales	Oomycota		TYR	0.63	65	2.95	VAL	0.82	75		TYR	0.49	84	3.20	GLN	1.09	233		HIS	1.13	237		TYR	0.38	259	0.40
A0AAV2QBX0	step5_his_coordination	0.712	26.08	neither	19.79	20.90	82.9	GLU:1,HIS:2,LEU:1	neither	22.77	20.33	57.9	HIS:1,LEU:1	71.6		3	Meganyctiphanes norvegica	Meganyctiphanes	Euphausiidae	Euphausiacea	Arthropoda		TYR	0.58	129	2.64	HIS	1.15	137		ASN	0.82	146		TYR	0.67	236	0.91	ILE	0.58	240		GLY	0.31	262	
A0AAV2QDB1	step5_his_coordination	0.761	1.78	neither	21.60	18.93	48.6	ASN:1,HIS:1,LEU:1	neither	22.38	19.63	9.5	ASN:1,HIS:1	63.4		0	Meganyctiphanes norvegica	Meganyctiphanes	Euphausiidae	Euphausiacea	Arthropoda		TYR	1.11	369	1.41	ALA	1.61	377		ASN	0.67	386		SER	1.02	496		GLN	0.64	500		ILE	0.40	522	
A0AAV2T9N0	step5_his_coordination	0.712	4.55	CuA	0.31	3.91	91.2	ALA:1,HIS:4,PHE:2,TRP:1,VAL:1	CuB	4.59	0.67	72.0	HIS:3,PHE:1,SER:1,TRP:1,VAL:1	67.1		5	Calicophoron daubneyi	Calicophoron	Paramphistomidae	Plagiorchiida	Platyhelminthes		HIS	0.65	231		HIS	0.40	260		HIS	0.27	269		GLY	1.57	471		HIS	0.59	475		HIS	0.30	498	
A0AAV2VYF3	step5_his_coordination	0.846	4.38	CuB	3.78	0.23	95.0	HIS:6,PHE:2	CuA	0.93	4.57	88.8	CYS:1,HIS:3,PHE:2,TRP:1	83.3		5	Vibrio nigripulchritudo	Vibrio	Vibrionaceae	Vibrionales	Pseudomonadota		HIS	0.30	62		---	3.68			HIS	0.50	80		HIS	0.28	207		HIS	0.36	211		HIS	0.59	246	
A0AAV2YQR1	step5_his_coordination	0.642	21.58	CuB	3.75	0.30	97.0	HIS:4,PHE:3,TYR:1	neither	23.04	21.31	72.1	ASP:2,HIS:1	81.4		4	Lagenidium giganteum	Lagenidium	Pythiaceae	Pythiales	Oomycota		HIS	0.41	29		TYR	0.55	39	0.69	ASN	0.28	48		HIS	0.68	188		HIS	0.29	192		HIS	0.33	214	
A0AAV2Z9U8	step5_his_coordination	0.939	27.3	CuB	4.20	1.91	66.5	HIS:3,PHE:2,TYR:2	neither	25.51	25.49	57.7	CYS:1,GLN:1,GLY:1,HIS:1,MET:1	85.2		3	Lagenidium giganteum	Lagenidium	Pythiaceae	Pythiales	Oomycota		TYR	0.69	69	2.68	PHE	1.30	79		HIS	0.36	88		HIS	1.46	238		HIS	0.91	242		TYR	0.44	264	0.40
A0AAV4IQ38	step5_his_coordination	0.617	23.88	CuB	4.05	0.17	56.6	GLN:1,HIS:2,PHE:2,SER:1,TYR:1,VAL:1	neither	21.72	23.87	17.8	ARG:2,GLU:2,HIS:1,ILE:2,TYR:1	68.2		2	Elysia marginata	Elysia	Plakobranchidae		Mollusca		TYR	0.52	344	1.22	THR	0.37	352		GLN	0.64	361		VAL	0.79	464		HIS	0.39	468		HIS	0.34	490	
A0AAV4JTX0	step5_his_coordination	0.822	30.49	neither	14.83	17.56	64.6	GLY:1,HIS:1,LEU:2	neither	21.58	19.72	46.3	ASN:1,HIS:2	82.6		3	Elysia marginata	Elysia	Plakobranchidae		Mollusca		TYR	1.09	121	0.30	VAL	0.72	129		ASN	0.50	138		LEU	1.12	249		GLN	0.40	253		SER	0.31	275	
A0AAV7NZD3	step5_his_coordination	0.706	36.84	neither	26.26	22.57	75.3	HIS:1	neither	26.92	25.75	70.2	HIS:1,VAL:1	82.6		2	Pleurodeles waltl	Pleurodeles	Salamandridae	Caudata	Chordata		ARG	0.38	91		THR	0.44	112		ASN	0.53	121		HIS	0.22	269		LEU	0.84	273		GLN	0.58	296	
A0AAV9J8F3	step5_his_coordination	0.698	3.69	CuA	0.43	4.09	91.6	HIS:5,PHE:2,TRP:1	CuB	3.53	0.64	90.7	HIS:6,PHE:1,THR:1	76.1		5	Oleoguttula mirabilis	Oleoguttula	Teratosphaeriaceae	Mycosphaerellales	Ascomycota		HIS	0.46	139		HIS	0.34	147		HIS	0.34	156		HIS	0.78	287		PRO	1.04	291		HIS	0.35	330	
A0AAV9LU83	step5_his_coordination	1.104	8.98	CuB	3.68	0.38	83.7	HIS:5,PHE:1	neither	7.24	9.31	34.6	ARG:1,ASN:1,CYS:1,HIS:1,PHE:1	67.9		3	Solanum pinnatisectum	Solanum	Solanaceae	Solanales	Streptophyta		HIS	1.32	182		GLY	2.85	189		LEU	0.95	193		HIS	0.52	305		HIS	0.36	309		HIS	0.60	339	
A0AAV9N1J6	step5_his_coordination	0.720	4.06	CuA	0.58	4.41	96.5	HIS:4,PHE:2,SER:1,TRP:1	CuB	3.63	0.47	94.3	HIS:4,PHE:2	94.2		5	Exophiala bonariae	Exophiala	Herpotrichiellaceae	Chaetothyriales	Ascomycota		HIS	0.35	11		HIS	0.48	19		HIS	0.26	28		HIS	0.47	160		PRO	1.27	164		HIS	0.46	186	
A0AAV9SY11	step5_his_coordination	0.766	4.0	CuA	0.53	4.23	97.4	ALA:1,GLN:1,HIS:4,PHE:1,TRP:1	CuB	3.80	0.66	95.6	GLN:1,HIS:5,PHE:1	79.6		5	Colletotrichum tabaci	Colletotrichum	Glomerellaceae	Glomerellales	Ascomycota		HIS	0.34	203		HIS	0.44	211		HIS	0.27	220		HIS	0.77	388		HIS	0.98	392		GLN	0.45	416	
A0AAV9VIS4	step5_his_coordination	1.946	4.43	CuB	4.60	1.29	96.2	HIS:6,MET:1,PHE:2	CuA	2.77	4.55	92.9	CYS:1,HIS:3,PHE:2,THR:1,TRP:1	79.5		5	Orbilia blumenaviensis	Orbilia	Orbiliaceae	Orbiliales	Ascomycota		SER	2.88	205		THR	2.27	230		HIS	2.50	240		HIS	1.14	399		HIS	0.76	403		HIS	1.26	428	
A0AAV9WSZ8	step5_his_coordination	0.789	4.2	CuB	3.84	0.12	96.5	HIS:7,PHE:3	CuA	0.88	4.33	94.2	CYS:1,HIS:4,PHE:2,THR:1,TRP:1	88.5		5	Orbilia ellipsospora	Orbilia	Orbiliaceae	Orbiliales	Ascomycota		HIS	0.62	109		HIS	1.12	132		HIS	0.53	141		HIS	0.26	305		HIS	0.21	309		HIS	0.34	334	
A0AAW0DCV9	step5_his_coordination	0.696	4.09	CuB	3.77	0.63	95.6	HIS:5,PHE:2	CuA	0.36	4.27	93.1	HIS:4,PHE:2,SER:1,TRP:1	78.2		5	Favolaschia claudopus	Favolaschia	Mycenaceae	Agaricales	Basidiomycota		HIS	0.42	126		---	4.56			HIS	0.39	139		HIS	0.44	306		HIS	0.57	310		HIS	0.39	333	
A0AAW0GI35	step5_his_coordination	0.854	3.87	CuB	3.59	0.41	94.9	HIS:6,PHE:3	CuA	0.87	4.23	90.7	CYS:1,HIS:4,PHE:2,TRP:1	86.5		5	Cerrena zonata	Cerrena	Cerrenaceae	Polyporales	Basidiomycota		HIS	0.83	77		HIS	0.60	103		HIS	0.43	112		HIS	0.29	286		HIS	0.44	290		HIS	0.57	315	
A0AAW0Q5S1	step5_his_coordination	1.355	4.65	CuA	0.69	4.50	92.4	HIS:3,ILE:1,LEU:1,PHE:2,TRP:1	CuB	4.18	0.71	83.1	HIS:3,LEU:1,PHE:2	72.8		5	Apiospora kogelbergensis	Apiospora	Apiosporaceae	Amphisphaeriales	Ascomycota		HIS	0.68	128		HIS	0.45	136		HIS	0.27	145		HIS	0.79	306		HIS	1.23	310		SER	2.98	332	
A0AAW2WSM8	step5_his_coordination	0.706	4.19	CuA	0.85	4.07	92.1	CYS:1,HIS:4,PHE:3	CuB	4.18	0.49	89.5	GLU:1,HIS:5,PHE:3	68.0		5	Sesamum latifolium	Sesamum	Pedaliaceae	Lamiales	Streptophyta		HIS	0.71	177		HIS	0.76	198		HIS	0.30	207		GLU	0.21	292	2.54	HIS	0.26	296		HIS	0.27	326	
A0AAX4I0H5	step5_his_coordination	0.777	3.87	CuA	0.51	4.17	97.3	ALA:1,GLN:1,HIS:4,PHE:1,TRP:1	CuB	3.74	0.69	95.2	GLN:1,HIS:5,PHE:1	80.8		5	Colletotrichum destructivum	Colletotrichum	Glomerellaceae	Glomerellales	Ascomycota		HIS	0.34	220		HIS	0.48	228		HIS	0.27	237		HIS	0.80	405		HIS	0.98	409		GLN	0.50	433	
A0AAX4IJG7	step5_his_coordination	0.708	3.68	CuA	0.55	4.21	92.6	GLY:1,HIS:5,PHE:2,SER:1,TRP:1	CuB	3.45	0.55	91.7	HIS:6,LEU:1,PHE:2	79.0		5	Colletotrichum destructivum	Colletotrichum	Glomerellaceae	Glomerellales	Ascomycota		HIS	0.35	130		HIS	0.37	138		HIS	0.31	147		HIS	0.75	276		PRO	0.99	280		HIS	0.41	302	
A0AAX6MJK2	step5_his_coordination	0.768	3.47	CuA	0.39	4.32	74.1	HIS:6,ILE:1,PHE:2,TRP:1	CuB	3.11	0.86	79.1	HIS:7,PHE:2	64.1		5	Daldinia eschscholtzii	Daldinia	Hypoxylaceae	Xylariales	Ascomycota		HIS	0.51	74		HIS	0.40	82		HIS	0.25	91		HIS	0.73	222		HIS	2.06	226		HIS	0.51	238	
A0AB74JLQ5	step5_his_coordination	1.269	26.18	neither	14.96	11.24	73.3	HIS:1,LEU:2,LYS:1,PRO:1	neither	25.24	23.65	75.1	ALA:1,HIS:1,MET:1,SER:1,VAL:1	69.4		2	Aureobasidium pullulans	Aureobasidium	Saccotheciaceae	Dothideales	Ascomycota		HIS	1.39	145		THR	0.57	153		ASN	0.51	162		ILE	2.14	247		PRO	1.78	252		GLN	0.99	269	
A0ABD1WHD2	step5_his_coordination	0.876	4.47	CuB	4.10	0.41	94.9	CYS:1,HIS:5,PHE:2	CuA	0.74	4.36	95.0	CYS:1,HIS:3,LEU:1,PHE:2,TRP:1	80.1		5	Forsythia ovata	Forsythia	Oleaceae	Lamiales	Streptophyta		HIS	0.75	161		HIS	0.68	182		HIS	0.17	191		HIS	0.31	316		HIS	0.38	320		CYS	0.70	351	4.39
A0ABD2IJ80	step5_his_coordination	2.588	4.1	neither	10.37	9.74	75.6	ALA:1,HIS:4,ILE:1,MET:1,PHE:1,TRP:1	neither	13.68	12.20	48.0	HIS:3,ILE:1,LEU:1	67.6		4	Heterodera trifolii	Heterodera	Heteroderidae	Rhabditida	Nematoda		VAL	2.44	393		LEU	2.08	388		LEU	0.89	207		ALA	1.42	313		GLY	2.58	201		PHE	2.93	205	
A0ABD2QHI1	step5_his_coordination	2.761	4.58	neither	7.64	6.83	92.2	HIS:5,MET:1,PHE:1	neither	9.53	9.98	50.3	HIS:4,PHE:1	86.5		4	Cichlidogyrus casuarinus	Cichlidogyrus	Ancyrocephalidae	Dactylogyridea	Platyhelminthes		THR	2.88	361		ASN	2.44	350		---	3.24			---	4.40			---	3.66			---	3.22		
A0ABD3FTY2	step5_his_coordination	0.594	22.58	CuB	4.29	0.53	97.3	HIS:3,ILE:1,PHE:1,SER:1	neither	24.23	22.38	72.2	GLU:1,HIS:1,PRO:1,TRP:1,TYR:1	84.2		4	Phytophthora oleae	Phytophthora	Peronosporaceae	Peronosporales	Oomycota		ALA	0.22	29		LEU	0.93	39		ASN	0.78	48		HIS	0.74	192		HIS	0.26	196		HIS	0.45	218	
A0ABD3FX43	step5_his_coordination	0.889	40.83	neither	21.74	19.25	70.2	GLU:3,HIS:1,LYS:1	neither	25.92	25.08	65.3	ALA:1,GLU:1,HIS:1,SER:1	89.3		1	Phytophthora oleae	Phytophthora	Peronosporaceae	Peronosporales	Oomycota		TYR	0.78	57	2.75	VAL	0.84	67		TYR	0.45	76	3.42	GLN	1.00	228		HIS	1.13	232		TYR	0.40	254	0.49
A0ABD3I4U1	step5_his_coordination	0.910	4.43	CuB	3.76	0.62	97.3	HIS:4,PHE:2	CuA	1.04	4.57	92.5	HIS:3,ILE:1,PHE:2	86.6		5	Riccia sorocarpa	Riccia	Ricciaceae	Marchantiales	Streptophyta		HIS	0.16	125		HIS	0.89	145		GLN	0.19	154		HIS	0.37	300		HIS	0.63	304		HIS	0.75	327	
A0ABD6GFY7	step5_his_coordination	0.799	4.38	CuB	3.87	0.18	96.9	HIS:6,PHE:3	CuA	0.72	4.46	91.7	CYS:1,GLN:1,HIS:4,PHE:2,TRP:1	81.8		5	Gillisella vitis	Gillisella	Rhizobiaceae	Hyphomicrobiales	Pseudomonadota		HIS	0.38	73		PRO	2.37	107		HIS	0.20	126		HIS	0.27	229		HIS	0.35	233		HIS	0.47	258	
A0ABM0MAQ4	step5_his_coordination	0.451	4.3	CuB	4.22	0.27	95.5	GLN:1,HIS:4,PHE:2,VAL:1	CuA	0.23	4.04	95.3	HIS:4,PHE:2,TRP:1,VAL:1	74.8		5	Saccoglossus kowalevskii	Saccoglossus	Harrimaniidae		Hemichordata		HIS	0.30	179		HIS	0.30	204		HIS	0.28	213		GLN	0.22	372		HIS	0.15	376		HIS	0.08	399	
A0ABM1B806	step5_his_coordination	0.669	24.15	CuA	1.98	2.02	55.9	HIS:4,PHE:2,TYR:1	neither	24.23	24.77	29.5	ASP:1,HIS:1	72.8		4	Limulus polyphemus	Limulus	Limulidae	Xiphosura	Arthropoda		TYR	0.42	603	1.38	HIS	0.52	611		HIS	0.45	620		ALA	1.68	727		HIS	0.56	731		HIS	0.59	753	
A0ABM1VVY2	step5_his_coordination	0.699	21.96	neither	23.79	22.07	58.8	ARG:1,ASP:2,VAL:1	neither	26.22	24.92	46.1	ARG:1,HIS:1,PRO:1	83.5		1	Aplysia californica	Aplysia	Aplysiidae	Aplysiida	Mollusca		TYR	0.51	130	1.22	ALA	0.77	138		ASN	0.31	147		ALA	1.20	253		GLN	0.50	257		MET	0.49	279	3.49
A0ABM4UF39	step5_his_coordination	0.984	4.32	CuB	3.79	0.42	86.2	HIS:6,PHE:3	CuA	1.04	4.56	76.9	CYS:1,HIS:3,PHE:4,VAL:1	65.9		5	Coffea arabica	Coffea	Rubiaceae	Gentianales	Streptophyta		HIS	0.98	110		HIS	0.91	133		HIS	0.49	142		HIS	0.14	263		HIS	0.32	267		PRO	1.01	297	
A0ABM7Q8T6	step5_his_coordination	0.698	4.6	CuB	3.72	0.29	96.1	HIS:6,PHE:3	CuA	0.98	4.82	86.7	CYS:1,GLN:1,HIS:4,PHE:1,TRP:1	88.0		5	Noviluteimonas caseinilytica	Noviluteimonas	Lysobacteraceae	Lysobacterales	Pseudomonadota		HIS	0.56	74		SER	1.98	110		HIS	0.25	123		HIS	0.48	229		HIS	0.21	233		HIS	0.53	258	
A0ABM7QH35	step5_his_coordination	0.698	4.6	CuB	3.72	0.29	96.1	HIS:6,PHE:3	CuA	0.98	4.82	86.7	CYS:1,GLN:1,HIS:4,PHE:1,TRP:1	88.0		5	Lysobacter helvus	Lysobacter	Lysobacteraceae	Lysobacterales	Pseudomonadota		HIS	0.56	74		SER	1.98	110		HIS	0.25	123		HIS	0.48	229		HIS	0.21	233		HIS	0.53	258	
A0ABN3U7S0	step5_his_coordination	0.602	27.68	neither	12.28	16.21	84.0	ASP:1,GLU:1,HIS:2,THR:1	neither	25.66	26.31	61.5	ALA:1,ARG:1,ASP:1,HIS:1	84.2		1	Actinocorallia aurantiaca	Actinocorallia	Thermomonosporaceae	Streptosporangiales	Actinomycetota		HIS	0.41	76		TYR	0.41	84	2.00	ASN	0.69	93		ASP	1.25	206	2.65	GLN	0.38	210		ARG	0.01	232	
A0ABN8C0W3	step5_his_coordination	0.859	35.05	neither	24.11	21.42	74.0	ASN:1,ASP:2,CYS:1,GLN:1,GLY:1,TRP:1	neither	44.06	40.19	60.0	ASN:1,HIS:1,LEU:1,LYS:1	88.0		1	Peronospora farinosa	Peronospora	Peronosporaceae	Peronosporales	Oomycota		TYR	0.53	65	3.08	VAL	1.15	75		TYR	0.44	84	3.23	GLN	0.98	234		HIS	1.02	238		TYR	0.39	260	0.42
A0ABN8CNH4	step5_his_coordination	0.732	18.71	CuA	1.08	3.22	74.1	GLU:1,GLY:1,HIS:2,PHE:1,TYR:2	neither	19.20	19.10	50.9	ARG:1,ASP:1,HIS:1,ILE:1,LEU:1,TYR:1,VAL:1	74.4		1	Peronospora belbahrii	Peronospora	Peronosporaceae	Peronosporales	Oomycota		ALA	0.47	88		GLU	1.16	98	1.95	HIS	0.27	107		HIS	0.44	243		LEU	0.51	247		TYR	0.56	269	1.11
A0ABN8LS46	step5_his_coordination	1.139	26.86	CuB	3.71	0.33	93.0	ASN:1,GLN:1,HIS:2,PHE:1,TYR:2	neither	30.56	26.63	58.5	HIS:1	83.2		3	Porites evermanni	Porites	Poritidae	Scleractinia	Cnidaria		TYR	1.50	194	2.20	ASN	1.59	203		TYR	0.42	213	0.89	HIS	0.70	330		GLN	0.91	334		HIS	0.17	357	
A0ABN8LUS6	step5_his_coordination	1.039	4.17	CuB	4.01	0.50	97.3	HIS:5,LEU:1	CuA	0.70	4.10	95.1	ALA:1,HIS:3,PHE:1	88.4		5	Porites evermanni	Porites	Poritidae	Scleractinia	Cnidaria		HIS	0.67	102		LYS	0.40	110		HIS	0.34	119		HIS	0.87	240		HIS	0.60	244		HIS	0.36	267	
A0ABN8LVE4	step5_his_coordination	1.029	4.23	CuB	4.05	0.51	97.1	HIS:5,LEU:1	CuA	0.80	4.14	94.9	ALA:1,HIS:3,PHE:1	87.5		5	Porites evermanni	Porites	Poritidae	Scleractinia	Cnidaria		HIS	0.64	102		LYS	0.40	110		HIS	0.37	119		HIS	0.81	240		HIS	0.49	244		HIS	0.32	267	
A0ABN8LXN0	step5_his_coordination	0.996	3.94	CuB	4.02	0.67	94.8	HIS:6,LEU:1	CuA	0.35	3.85	86.7	ALA:1,HIS:4,TRP:1	85.5		5	Porites evermanni	Porites	Poritidae	Scleractinia	Cnidaria		HIS	0.77	106		ARG	0.38	114		HIS	0.39	123		HIS	1.12	244		HIS	0.63	248		HIS	0.61	271	
A0ABN8MSS7	step5_his_coordination	0.959	3.81	CuB	3.73	0.50	95.4	HIS:5,LEU:1,PHE:1	CuA	0.52	4.08	88.9	HIS:4,PHE:1,PRO:1,TRP:1	92.2		5	Porites lobata	Porites	Poritidae	Scleractinia	Cnidaria		HIS	0.64	69		---	3.86			HIS	0.27	82		HIS	0.91	200		HIS	0.44	204		HIS	0.48	227	
A0ABN8MVN3	step5_his_coordination	1.007	4.3	CuB	3.97	0.45	97.8	HIS:5,LEU:1	CuA	0.71	4.26	96.7	GLU:1,HIS:3,PHE:1	88.0		5	Porites lobata	Porites	Poritidae	Scleractinia	Cnidaria		HIS	0.46	102		LYS	0.44	110		HIS	0.45	119		HIS	0.80	240		HIS	0.48	244		HIS	0.31	267	
A0ABN8MVN6	step5_his_coordination	1.062	3.73	CuA	0.62	4.23	92.1	GLU:1,HIS:4,PHE:1	CuB	3.41	0.66	92.0	ASP:1,HIS:4,LEU:1	88.5		4	Porites lobata	Porites	Poritidae	Scleractinia	Cnidaria		HIS	0.55	102		ARG	0.67	110		HIS	0.44	119		HIS	1.46	240		ASP	1.19	244	4.49	HIS	0.40	267	
A0ABN8MVQ8	step5_his_coordination	0.893	3.53	CuB	3.90	0.32	96.7	HIS:5,LEU:1,PHE:2	CuA	0.70	3.62	94.0	HIS:4,PHE:1,TRP:1,VAL:1	86.5		5	Porites lobata	Porites	Poritidae	Scleractinia	Cnidaria		HIS	0.61	189		GLY	2.55	194		HIS	0.33	202		HIS	0.83	320		HIS	0.32	324		HIS	0.42	347	
A0ABN8MXH6	step5_his_coordination	1.596	3.8	CuB	4.40	0.67	95.7	HIS:6,PHE:2	CuA	0.69	3.41	91.7	HIS:4,PHE:1,SER:1,TRP:1	92.6		5	Porites lobata	Porites	Poritidae	Scleractinia	Cnidaria		HIS	1.68	69		---	3.83			HIS	0.78	82		HIS	0.47	200		HIS	0.46	204		HIS	0.49	226	
A0ABN8MXX5	step5_his_coordination	1.015	4.15	CuB	3.92	0.50	96.0	HIS:5,LEU:1	CuA	0.65	4.15	92.7	ALA:1,HIS:3,LYS:1,PHE:1	87.9		5	Porites lobata	Porites	Poritidae	Scleractinia	Cnidaria		HIS	0.37	102		LYS	0.46	110		HIS	0.39	119		HIS	0.89	240		HIS	0.52	244		HIS	0.39	267	
A0ABN8MY60	step5_his_coordination	1.057	4.13	CuB	4.09	0.62	95.0	HIS:5,LEU:1	CuA	0.64	3.96	90.8	HIS:4,LYS:1,PHE:1	86.8		5	Porites lobata	Porites	Poritidae	Scleractinia	Cnidaria		HIS	0.58	102		LYS	0.55	110		HIS	0.46	119		HIS	0.83	240		HIS	0.65	244		HIS	0.37	267	
A0ABN8MZV7	step5_his_coordination	0.989	4.43	CuB	3.97	0.57	97.2	HIS:5,LEU:1	CuA	0.68	4.38	95.5	GLU:1,HIS:3,PHE:1	88.2		5	Porites lobata	Porites	Poritidae	Scleractinia	Cnidaria		HIS	0.57	102		ARG	0.70	110		HIS	0.38	119		HIS	0.87	240		HIS	0.50	244		HIS	0.38	267	
A0ABN8N4G6	step5_his_coordination	1.036	3.96	CuB	3.96	0.42	97.3	HIS:4,LEU:1,PHE:1	CuA	0.45	3.99	92.5	HIS:4,PHE:1,TRP:1,TYR:1	85.0		5	Porites lobata	Porites	Poritidae	Scleractinia	Cnidaria		HIS	0.83	185		---	4.31			HIS	0.19	198		HIS	0.71	315		HIS	0.55	319		HIS	0.48	342	
A0ABN8PCP7	step5_his_coordination	1.111	4.18	CuB	4.18	0.67	94.6	HIS:4,LEU:1	CuA	0.13	3.94	83.1	ALA:1,HIS:3,SER:1,TRP:1	87.4		5	Porites lobata	Porites	Poritidae	Scleractinia	Cnidaria		HIS	0.64	33		ARG	0.50	41		HIS	0.42	50		HIS	0.91	171		HIS	0.66	175		HIS	0.72	198	
A0ABN8PTR8	step5_his_coordination	1.060	45.55	neither	19.33	20.74	49.7	HIS:2	neither	30.56	28.80	63.5	HIS:1,LEU:1,THR:1	83.9		1	Porites lobata	Porites	Poritidae	Scleractinia	Cnidaria		TYR	0.20	122	1.83	LEU	2.66	130		TYR	0.67	141	1.58	LEU	0.88	259		ARG	0.75	263		HIS	0.36	286	
A0ABN8PUI2	step5_his_coordination	1.240	24.7	CuB	3.59	0.39	92.2	GLN:1,HIS:2,PHE:1,TYR:2	neither	28.21	24.34	66.8	ALA:1,HIS:1	82.7		3	Porites lobata	Porites	Poritidae	Scleractinia	Cnidaria		TYR	1.37	194	2.25	ASN	1.42	203		TYR	0.31	213	0.85	HIS	0.95	330		GLN	0.94	334		HIS	0.28	357	
A0ABN8Q7Y1	step5_his_coordination	1.067	4.01	CuB	4.03	0.24	97.3	HIS:4,LEU:1,PHE:1	CuA	0.35	3.94	92.5	HIS:4,PHE:1,TRP:1,TYR:1	84.7		5	Porites evermanni	Porites	Poritidae	Scleractinia	Cnidaria		HIS	0.66	185		---	3.98			HIS	0.28	198		HIS	0.49	315		HIS	0.48	319		HIS	0.51	342	
A0ABN8SLK2	step5_his_coordination	0.952	4.38	CuB	4.16	0.63	96.0	HIS:4,MET:1	CuA	0.41	4.18	91.7	ALA:1,HIS:3,MET:1,TRP:1	85.6		5	Porites evermanni	Porites	Poritidae	Scleractinia	Cnidaria		HIS	0.80	102		LYS	0.36	110		HIS	0.25	119		HIS	0.82	240		HIS	0.55	244		HIS	0.46	267	
A0ABP2BNE3	step5_his_coordination	0.976	4.28	CuB	3.80	0.26	96.7	HIS:6,PHE:3	CuA	0.71	4.45	92.7	CYS:1,HIS:4,PHE:2,TRP:1	84.4		5	Agrobacterium genomosp. 13	Agrobacterium	Rhizobiaceae	Hyphomicrobiales	Pseudomonadota		HIS	0.42	74		---	4.24			HIS	0.31	108		HIS	0.49	201		HIS	0.48	205		HIS	0.51	232	
A0ABP3EMV2	step5_his_coordination	0.592	20.57	CuB	5.55	1.69	86.0	HIS:2,ILE:1,LYS:1,PHE:1	neither	25.85	22.16	72.2	ASP:2,CYS:1	94.3		2	Streptomyces polychromogenes	Streptomyces	Streptomycetaceae	Kitasatosporales	Actinomycetota		HIS	0.36	32		ALA	0.55	40		LEU	0.50	49		LYS	0.39	162		HIS	0.51	166		ILE	0.19	191	
A0ABQ0GAI5	step5_his_coordination	0.742	3.6	CuA	0.46	4.22	95.0	HIS:5,PHE:1,THR:1,TRP:1	CuB	3.36	0.66	94.7	HIS:6,PHE:1	73.7		5	Madurella fahalii	Madurella		Sordariales	Ascomycota		HIS	0.60	160		HIS	0.55	168		HIS	0.34	177		HIS	0.70	303		PRO	1.20	307		HIS	0.50	329	
A0ABQ0GL05	step5_his_coordination	0.789	26.6	CuA	0.45	4.40	96.6	HIS:4,TRP:3,VAL:1	neither	26.15	22.23	88.1	ALA:1,GLU:1,HIS:2	75.5		5	Madurella fahalii	Madurella		Sordariales	Ascomycota		HIS	0.50	238		HIS	0.53	246		HIS	0.10	255		TRP	0.92	382		MET	0.91	386	3.69	HIS	0.69	411	
A0ABQ0LKN2	step5_his_coordination	0.692	4.01	CuB	3.83	0.16	95.9	HIS:5,PHE:1,SER:1	CuA	0.41	4.14	93.9	ARG:1,HIS:4,PHE:1,TRP:1,VAL:1	87.9		5	Mycena chlorophos	Mycena	Mycenaceae	Agaricales	Basidiomycota		HIS	0.30	102		ARG	0.36	110		HIS	0.32	119		HIS	0.79	242		HIS	0.15	246		HIS	0.42	287	
A0ABQ0M8A7	step5_his_coordination	1.359	3.79	CuB	3.77	0.44	95.6	HIS:6,PHE:1	CuA	0.53	4.01	80.7	HIS:4,ILE:1,PHE:1,TRP:1	88.2		5	Mycena chlorophos	Mycena	Mycenaceae	Agaricales	Basidiomycota		HIS	0.88	99		ARG	0.57	102		HIS	0.52	111		HIS	0.52	252		HIS	0.41	256		HIS	0.49	295	
A0ABQ4GGN2	step5_his_coordination	0.568	22.92	CuA	1.30	3.09	90.0	GLN:1,HIS:1,PHE:2,TYR:2	neither	23.05	21.75	71.0	HIS:1,MET:1,SER:1	87.5		2	Microbispora siamensis	Microbispora	Streptosporangiaceae	Streptosporangiales	Actinomycetota		TYR	0.48	83	1.90	HIS	0.58	91		GLN	0.54	100		ILE	0.88	212		LEU	0.72	216		ALA	0.27	238	
A0ABQ6N7K7	step5_his_coordination	0.643	5.07	CuB	4.14	0.34	97.0	HIS:5,PHE:2	CuA	1.06	4.87	95.1	ASP:1,HIS:3,LEU:1,PHE:3,TYR:1	88.6		5	Tetraparma gracilis	Tetraparma	Triparmaceae	Parmales			ASP	0.72	91	2.94	HIS	1.12	98		HIS	0.24	107		HIS	0.37	247		HIS	0.73	251		HIS	0.31	282	
A0ABQ7J1C5	step5_his_coordination	0.684	3.75	CuA	0.38	4.23	96.8	HIS:5,PHE:2,TRP:1	CuB	3.47	0.49	94.3	HIS:5,PHE:2	80.9		5	Botrytis deweyae	Botrytis	Sclerotiniaceae	Helotiales	Ascomycota		HIS	0.39	125		HIS	0.45	133		HIS	0.22	142		HIS	0.66	270		PRO	1.15	274		HIS	0.38	296	
A0ABQ8R1M6	step5_his_coordination	0.882	3.97	CuB	3.69	0.30	92.7	HIS:6,PHE:3	CuA	0.78	4.23	79.0	ASN:1,CYS:1,HIS:5,PHE:3,TRP:1	82.0		5	Fusarium equiseti	Fusarium	Nectriaceae	Hypocreales	Ascomycota		HIS	0.59	87		HIS	0.78	120		HIS	0.56	129		HIS	0.35	387		HIS	0.38	391		HIS	0.52	422	
A0ABQ9PEH4	step5_his_coordination	0.803	3.85	CuB	3.50	0.57	77.5	ASN:1,HIS:5,PHE:2	CuA	0.67	4.34	75.8	CYS:1,HIS:4,PHE:1,TRP:1	70.2		5	Colletotrichum limetticola	Colletotrichum	Glomerellaceae	Glomerellales	Ascomycota		HIS	0.56	52		HIS	0.74	78		HIS	0.28	87		HIS	0.32	247		ASN	0.43	251		HIS	0.20	291	
A0ABQ9PND2	step5_his_coordination	0.759	4.03	CuA	0.49	4.18	97.3	GLN:1,GLY:1,HIS:4,PHE:1,TRP:1	CuB	3.87	0.53	94.5	GLN:1,HIS:5,PHE:1	83.0		5	Colletotrichum limetticola	Colletotrichum	Glomerellaceae	Glomerellales	Ascomycota		HIS	0.27	205		HIS	0.41	213		HIS	0.28	222		HIS	0.88	390		HIS	0.83	394		GLN	0.49	418	
A0ABQ9Q197	step5_his_coordination	0.767	4.41	CuA	0.66	4.52	97.1	ARG:1,HIS:4,ILE:1,PHE:1	CuB	3.89	0.50	94.4	ARG:1,HIS:3,PHE:1	91.6		5	Colletotrichum limetticola	Colletotrichum	Glomerellaceae	Glomerellales	Ascomycota		HIS	0.67	121		HIS	0.71	129		HIS	0.32	138		ARG	0.53	308		HIS	0.80	312		HIS	0.32	336	
A0ABQ9QHE7	step5_his_coordination	0.798	3.91	CuA	0.54	4.21	97.4	GLN:1,GLY:1,HIS:4,PHE:1,TRP:1	CuB	3.72	0.57	95.1	GLN:1,HIS:5,PHE:1	81.7		5	Colletotrichum tamarilloi	Colletotrichum	Glomerellaceae	Glomerellales	Ascomycota		HIS	0.28	205		HIS	0.47	213		HIS	0.31	222		HIS	0.90	390		HIS	0.89	394		GLN	0.49	418	
A0ABQ9S7H6	step5_his_coordination	0.916	4.66	CuB	4.07	0.42	86.4	ASP:1,HIS:4,PHE:1	CuA	0.97	4.60	54.0	ASP:2,GLU:1,HIS:2,PHE:1	71.2		4	Colletotrichum paranaense	Colletotrichum	Glomerellaceae	Glomerellales	Ascomycota		HIS	0.97	84		HIS	2.69	112		ASP	0.63	120	3.24	HIS	0.20	249		HIS	0.20	253		HIS	0.56	291	
A0ABQ9T229	step5_his_coordination	0.761	3.82	CuA	0.44	4.09	97.2	GLN:1,GLY:1,HIS:4,PHE:1,TRP:1	CuB	3.73	0.48	94.7	GLN:1,HIS:5,PHE:1	83.3		5	Colletotrichum paranaense	Colletotrichum	Glomerellaceae	Glomerellales	Ascomycota		HIS	0.25	205		HIS	0.38	213		HIS	0.27	222		HIS	0.89	390		HIS	0.81	394		GLN	0.49	418	
A0ABR0EHV5	step5_his_coordination	0.739	3.82	CuA	0.55	4.24	95.8	GLY:1,HIS:4,PHE:2,TRP:1	CuB	3.52	0.60	94.3	HIS:6,PHE:3,PRO:1	79.5		5	Zasmidium cellare	Zasmidium	Mycosphaerellaceae	Mycosphaerellales	Ascomycota		HIS	0.30	143		HIS	0.37	151		HIS	0.34	160		HIS	0.61	291		PRO	1.02	295		HIS	0.40	317	
A0ABR0H9K2	step5_his_coordination	0.853	4.54	CuA	0.62	4.55	95.9	HIS:4,PHE:2,TRP:1	CuB	3.96	0.47	88.3	HIS:3,ILE:1,PHE:2	92.4		5	Podospora pseudopauciseta	Podospora	Podosporaceae	Sordariales	Ascomycota		HIS	0.73	100		HIS	0.25	108		HIS	0.34	117		MET	1.38	267	9.58	HIS	0.98	271		HIS	0.39	295	
A0ABR0I6B4	step5_his_coordination	0.853	4.54	CuA	0.62	4.55	95.9	HIS:4,PHE:2,TRP:1	CuB	3.96	0.47	88.3	HIS:3,ILE:1,PHE:2	92.4		5	Podospora pseudoanserina	Podospora	Podosporaceae	Sordariales	Ascomycota		HIS	0.73	100		HIS	0.25	108		HIS	0.34	117		MET	1.38	267	9.58	HIS	0.98	271		HIS	0.39	295	
A0ABR0JJU7	step5_his_coordination	0.674	3.86	CuA	0.40	4.18	96.0	HIS:4,PHE:2,TRP:1	CuB	3.63	0.42	95.1	HIS:6,PHE:3,PRO:1	78.7		5	Exophiala sideris	Exophiala	Herpotrichiellaceae	Chaetothyriales	Ascomycota		HIS	0.14	158		HIS	0.45	166		HIS	0.27	175		HIS	0.48	312		PRO	1.06	316		HIS	0.42	338	
A0ABR0ML46	step5_his_coordination	1.024	4.38	CuA	0.96	3.85	85.3	CYS:1,HIS:4,PHE:1,TRP:1	CuB	4.49	0.58	73.5	ASN:1,HIS:2,PRO:1	79.8		5	Gossypium arboreum	Gossypium	Malvaceae	Malvales	Streptophyta		HIS	0.84	156		HIS	0.93	176		HIS	0.28	185		HIS	0.67	307		HIS	0.88	311		ARG	1.03	322	
A0ABR0S881	step5_his_coordination	0.705	3.84	CuA	0.43	4.09	95.8	HIS:4,PHE:2,TRP:1	CuB	3.71	0.25	92.0	HIS:5,PHE:2	82.5		5	Cladobotryum mycophilum	Cladobotryum	Hypocreaceae	Hypocreales	Ascomycota		HIS	0.82	119		HIS	0.44	127		HIS	0.24	136		HIS	0.49	271		PRO	1.03	275		HIS	0.38	297	
A0ABR0TFM8	step5_his_coordination	1.310	23.78	neither	13.02	16.83	78.0	HIS:1	neither	18.96	17.92	69.8	HIS:1,THR:1	70.4		2	Aureobasidium pullulans	Aureobasidium	Saccotheciaceae	Dothideales	Ascomycota		TYR	1.12	144	1.68	THR	0.81	152		ASN	0.60	161		ILE	2.51	246		PRO	0.55	251		GLN	1.05	268	
A0ABR1FHI7	step5_his_coordination	0.847	4.63	CuA	0.16	3.95	94.9	HIS:3,PHE:2,SER:1	CuB	4.61	1.04	89.0	HIS:3,PHE:2	90.5		5	Aureococcus anophagefferens	Aureococcus	Pelagomonadaceae	Pelagomonadales			HIS	0.35	67		HIS	0.32	80		HIS	0.27	89		HIS	0.84	248		HIS	0.36	252		PHE	1.12	366	
A0ABR1QFP3	step5_his_coordination	0.583	4.02	CuA	0.28	4.19	96.2	HIS:4,PHE:2,TRP:1	CuB	3.81	0.40	92.2	HIS:5,PHE:2	77.0		5	Apiospora aurea	Apiospora	Apiosporaceae	Amphisphaeriales	Ascomycota		HIS	0.34	151		HIS	0.37	159		HIS	0.16	168		HIS	0.34	309		PRO	0.84	313		HIS	0.39	335	
A0ABR1T514	step5_his_coordination	0.903	3.99	CuA	0.12	4.02	94.8	HIS:4,PHE:2,TRP:1	CuB	3.92	0.38	92.5	HIS:4,PHE:2	80.2		5	Apiospora rasikravindrae	Apiospora	Apiosporaceae	Amphisphaeriales	Ascomycota		HIS	0.48	89		HIS	0.33	97		HIS	0.16	106		HIS	0.27	250		PRO	0.89	254		HIS	0.45	276	
A0ABR1TI72	step5_his_coordination	0.713	4.28	CuA	0.51	4.38	94.0	HIS:4,ILE:1,PHE:1,SER:1,TRP:1,TYR:1,VAL:1	CuB	3.87	0.40	77.2	HIS:5,SER:2,TYR:1	83.2		5	Apiospora saccharicola	Apiospora	Apiosporaceae	Amphisphaeriales	Ascomycota		HIS	0.80	72		HIS	0.26	80		HIS	0.32	109		TYR	0.77	211	2.29	HIS	0.33	215		HIS	0.34	238	
A0ABR1TNQ8	step5_his_coordination	1.094	31.87	CuA	0.68	3.89	79.8	HIS:4,LEU:1,PHE:1,SER:2	neither	32.04	28.11	73.3	GLU:1,HIS:1	78.0		4	Apiospora phragmitis	Apiospora	Apiosporaceae	Amphisphaeriales	Ascomycota		HIS	0.39	96		HIS	0.20	104		HIS	0.51	113		HIS	1.90	263		ALA	0.77	267		LEU	1.94	300	
A0ABR1U9F9	step5_his_coordination	2.019	4.04	CuB	4.71	1.13	81.9	HIS:5,PHE:2	CuA	2.28	3.76	58.1	HIS:3,ILE:1,PHE:2	65.3		5	Apiospora phragmitis	Apiospora	Apiosporaceae	Amphisphaeriales	Ascomycota		ILE	2.99	103		THR	2.29	131		HIS	2.33	145		HIS	1.06	360		HIS	1.26	364		HIS	0.83	406	
A0ABR1VP59	step5_his_coordination	0.927	3.79	CuA	0.51	3.93	81.7	GLN:1,HIS:4,ILE:1,PHE:2,SER:1,TRP:1	CuB	3.80	1.75	64.9	HIS:5,PHE:1,SER:1	80.8		5	Apiospora saccharicola	Apiospora	Apiosporaceae	Amphisphaeriales	Ascomycota		HIS	0.69	120		HIS	0.42	128		HIS	0.55	137		HIS	1.12	329		HIS	0.48	333		THR	0.76	362	
A0ABR1X4W4	step5_his_coordination	0.532	4.03	CuA	0.29	4.17	90.3	CYS:1,HIS:4,PHE:1,SER:1,TRP:1,VAL:1	CuB	3.83	0.51	89.4	CYS:1,HIS:5,PHE:2	73.9		5	Apiospora hydei	Apiospora	Apiosporaceae	Amphisphaeriales	Ascomycota		HIS	0.54	151		HIS	0.22	159		HIS	0.16	168		HIS	0.30	309		PRO	0.89	313		HIS	0.35	341	
A0ABR1YMI8	step5_his_coordination	0.650	4.24	CuB	3.77	0.61	95.7	HIS:5,MET:2,PHE:1	CuA	0.48	4.43	90.5	HIS:3,PHE:1,THR:1,TRP:1	90.3		5	Phyllosticta capitalensis	Phyllosticta	Phyllostictaceae	Botryosphaeriales	Ascomycota		HIS	0.43	79		HIS	1.48	87		HIS	0.18	94		HIS	0.84	240		HIS	0.53	244		HIS	0.48	270	
A0ABR1YVN4	step5_his_coordination	0.774	4.15	CuB	3.87	0.67	92.4	HIS:5,PHE:1	CuA	0.42	4.29	82.2	ASP:1,HIS:3,LEU:1,PHE:1,SER:1,THR:1	87.1		5	Phyllosticta capitalensis	Phyllosticta	Phyllostictaceae	Botryosphaeriales	Ascomycota		HIS	0.47	108		---	4.85			HIS	0.16	140		HIS	0.56	304		HIS	0.88	308		HIS	0.26	332	
A0ABR2VUU4	step5_his_coordination	0.541	26.76	neither	26.62	27.50	45.2	HIS:1,PRO:1	neither	27.10	24.72	44.2	ASP:1,HIS:1,THR:1	76.8		2	Basidiobolus ranarum	Basidiobolus	Basidiobolaceae	Basidiobolales	Basidiobolomycota		GLY	0.80	20		THR	0.91	28		ASN	0.80	37		SER	0.28	149		GLU	0.40	153	1.46	ARG	0.10	175	
A0ABR2W3C9	step5_his_coordination	0.772	16.06	CuA	0.46	3.86	93.2	HIS:2,MET:1,TYR:3,VAL:1	neither	15.88	18.02	74.8	ARG:1,ASN:1,GLN:1,HIS:1,ILE:1,LYS:1,MET:1,VAL:1	79.7		2	Basidiobolus ranarum	Basidiobolus	Basidiobolaceae	Basidiobolales	Basidiobolomycota		TYR	1.19	66	1.21	HIS	1.00	74		HIS	0.26	83		ASN	0.64	195		THR	1.31	199		GLN	0.39	222	
A0ABR2W3S2	step5_his_coordination	0.558	3.92	CuA	0.89	4.41	92.4	HIS:3,TRP:1,TYR:3	CuB	3.47	0.66	91.7	HIS:3,LEU:1,PHE:1,TYR:1	85.1		4	Basidiobolus ranarum	Basidiobolus	Basidiobolaceae	Basidiobolales	Basidiobolomycota		HIS	0.12	70		HIS	0.67	78		ASN	0.63	87		HIS	0.38	199		LEU	0.75	203		HIS	0.17	225	
A0ABR2W902	step5_his_coordination	1.130	16.6	neither	14.61	15.26	81.4	GLU:1,HIS:1,LEU:1,LYS:1,PRO:1,SER:1	CuB	5.10	1.52	71.5	ASN:2,GLN:1,HIS:1,PHE:1	67.8		2	Basidiobolus ranarum	Basidiobolus	Basidiobolaceae	Basidiobolales	Basidiobolomycota		PHE	2.22	67		ALA	2.11	75		GLN	1.01	84		ASN	1.01	188		HIS	0.75	192		ALA	0.86	214	
A0ABR3CFI6	step5_his_coordination	1.059	3.74	CuB	3.50	0.47	95.8	HIS:5,PHE:2,SER:1	CuA	0.48	4.19	90.6	HIS:4,ILE:1,LEU:1,PHE:2,SER:1,TRP:1	88.8		5	Diplodia seriata	Diplodia	Botryosphaeriaceae	Botryosphaeriales	Ascomycota		HIS	0.57	62		---	4.05			HIS	0.29	72		HIS	1.07	217		HIS	0.60	221		HIS	0.17	247	
A0ABR3D6M0	step5_his_coordination	0.697	3.94	CuB	3.60	0.65	98.1	ASN:1,HIS:5,PHE:2	CuA	0.50	4.28	94.9	ASN:1,HIS:3,ILE:1,PHE:1,TRP:1	90.6		5	Neurospora intermedia	Neurospora	Sordariaceae	Sordariales	Ascomycota		HIS	0.72	96		ASN	0.58	104		HIS	0.34	113		HIS	0.61	286		HIS	0.88	290		HIS	0.32	314	
A0ABR3FXT6	step5_his_coordination	0.990	4.0	CuA	0.12	4.06	95.1	HIS:4,ILE:1,PHE:2,TRP:1	CuB	3.90	0.31	85.2	HIS:5,PHE:2	87.4		4	Marasmius crinis-equi	Marasmius	Marasmiaceae	Agaricales	Basidiomycota		HIS	0.14	77		HIS	0.52	87		HIS	0.21	96		PRO	2.09	238		ALA	2.26	241		HIS	0.54	262	
A0ABR3QSB3	step5_his_coordination	0.874	3.6	CuA	0.79	4.17	76.0	CYS:1,HIS:3,PHE:1,PRO:1,TRP:1,TYR:1	CuB	3.45	1.49	68.7	HIS:5,PHE:1,TYR:1	79.1		5	Nothophoma quercina	Nothophoma	Didymellaceae	Pleosporales	Ascomycota		HIS	0.80	94		HIS	1.29	119		HIS	0.58	128		HIS	0.55	285		HIS	0.07	289		TYR	0.36	311	1.61
A0ABR3TFZ3	step5_his_coordination	0.886	4.2	CuB	3.55	0.47	95.5	HIS:5,PHE:2	CuA	0.66	4.60	91.7	HIS:3,ILE:1,PHE:1,TRP:1	90.9		5	Neofusicoccum ribis	Neofusicoccum	Botryosphaeriaceae	Botryosphaeriales	Ascomycota		HIS	0.61	46		---	3.86			HIS	0.37	56		HIS	1.02	201		HIS	0.61	205		HIS	0.12	231	
A0ABR3U3E6	step5_his_coordination	0.934	4.01	CuB	3.40	0.60	95.8	HIS:5,LEU:1,PHE:2	CuA	0.63	4.56	88.0	ASN:1,HIS:3,ILE:1,PHE:2,SER:1,TRP:1	88.3		5	Diplodia intermedia	Diplodia	Botryosphaeriaceae	Botryosphaeriales	Ascomycota		HIS	0.73	88		---	3.42			HIS	0.21	98		HIS	1.12	243		HIS	0.69	247		HIS	0.30	273	
A0ABR3UTG0	step5_his_coordination	0.769	3.77	CuA	0.62	4.32	97.0	HIS:4,ILE:1,PHE:2,TRP:1	CuB	3.49	0.83	95.6	HIS:6,PHE:2	90.1		5	Alternaria dauci	Alternaria	Pleosporaceae	Pleosporales	Ascomycota		HIS	0.31	13		HIS	0.50	21		HIS	0.26	30		HIS	0.32	162		PRO	1.00	166		HIS	0.58	188	
A0ABR4BR18	step5_his_coordination	0.654	3.78	CuA	0.54	4.17	81.3	HIS:4,PHE:2,TRP:1	CuB	3.60	0.44	71.2	HIS:6,LEU:1,PHE:2	62.3		5	Oculimacula yallundae	Oculimacula	Ploettnerulaceae	Helotiales	Ascomycota		HIS	0.15	115		HIS	0.65	123		HIS	0.23	132		HIS	0.61	262		PRO	1.21	266		HIS	0.36	288	
A0ABR4C2T6	step5_his_coordination	0.616	3.74	CuA	0.53	4.30	93.1	HIS:4,PHE:2,TRP:1	CuB	3.40	0.56	89.2	GLN:1,HIS:6,PHE:2	72.3		5	Oculimacula yallundae	Oculimacula	Ploettnerulaceae	Helotiales	Ascomycota		HIS	0.19	171		HIS	0.59	179		HIS	0.24	188		HIS	0.65	320		GLN	0.45	324		HIS	0.43	346	
A0ABR4CF27	step5_his_coordination	0.782	3.97	CuA	0.65	4.52	96.7	HIS:4,PHE:2,TRP:1	CuB	3.42	0.58	94.7	HIS:5,PHE:2,VAL:1	79.8		5	Oculimacula yallundae	Oculimacula	Ploettnerulaceae	Helotiales	Ascomycota		HIS	0.67	126		HIS	0.36	134		HIS	0.36	143		HIS	0.57	272		PRO	1.77	276		HIS	0.35	298	
A0ABR4EPU0	step5_his_coordination	1.198	5.24	CuA	0.57	4.49	94.5	HIS:4,LEU:1,PHE:2	CuB	4.73	0.88	67.0	GLU:1,HIS:2,PHE:2	82.9		5	Diaporthe vaccinii	Diaporthe	Diaporthaceae	Diaporthales	Ascomycota		HIS	0.79	127		HIS	0.34	135		HIS	0.26	144		---	4.91			---	3.47			HIS	0.45	293	
A0ABR4ES42	step5_his_coordination	2.392	5.27	neither	7.28	5.83	93.0	HIS:4,PHE:1,TRP:1,VAL:1	neither	5.80	7.30	42.4	HIS:2,LEU:1,PHE:1,PRO:1,VAL:1	74.6		3	Diaporthe vaccinii	Diaporthe	Diaporthaceae	Diaporthales	Ascomycota		HIS	1.71	86		VAL	2.47	224		---	3.08			HIS	2.07	214		VAL	2.75	217		PHE	2.28	234	
A0ABR4K145	step5_his_coordination	1.262	4.86	CuB	4.02	0.62	74.5	CYS:1,HIS:3	CuA	1.25	4.76	66.8	CYS:1,HIS:3,PHE:1,TRP:1,VAL:1	78.6		5	Aspergillus pseudodeflectus	Aspergillus	Aspergillaceae	Eurotiales	Ascomycota		HIS	0.55	71		HIS	1.16	96		HIS	0.71	105		HIS	0.38	305		HIS	0.27	309		CYS	2.28	332	5.04
A0ABR4NDE5	step5_his_coordination	1.091	44.03	neither	26.32	24.15	76.0	ASP:1,HIS:1,LEU:1,VAL:1	neither	20.29	22.48	50.0	GLU:1,HIS:1,ILE:1,LYS:1,PHE:1	77.6		1	Polyrhizophydium stewartii	Polyrhizophydium		Rhizophydiales	Chytridiomycota		HIS	1.59	93		GLU	2.09	100	1.51	ASN	1.11	109		VAL	0.92	230		GLN	0.57	234		ARG	0.08	257	
A0ABR7QDC1	step5_his_coordination	0.742	26.83	CuB	4.83	0.99	96.9	ASP:1,HIS:2,PHE:1	neither	25.75	26.29	79.9	ASP:1,HIS:1,VAL:1	93.6		3	Kordia aestuariivivens	Kordia	Flavobacteriaceae	Flavobacteriales	Bacteroidota		LEU	0.54	43		TYR	1.84	49	7.82	ALA	0.69	60		ASP	0.41	177	3.13	HIS	0.50	181		HIS	0.45	204	
A0ABR7X9J7	step5_his_coordination	0.920	4.29	CuB	3.58	0.53	97.7	HIS:6,PHE:3	CuA	0.85	4.66	95.1	CYS:1,HIS:4,PHE:1,THR:1,TRP:1	88.8		5	Mucilaginibacter rigui	Mucilaginibacter	Sphingobacteriaceae	Sphingobacteriales	Bacteroidota		HIS	0.44	81		THR	2.91	110		HIS	0.36	125		HIS	0.59	221		HIS	0.59	225		HIS	0.48	270	
A0ABR8L1I5	step5_his_coordination	0.557	30.17	CuA	1.53	2.79	93.2	GLN:2,HIS:1,PHE:2,TYR:2	neither	30.14	28.41	80.3	HIS:1,SER:1,VAL:1	88.7		2	Microbispora bryophytorum	Microbispora	Streptosporangiaceae	Streptosporangiales	Actinomycetota		TYR	0.61	73	1.44	HIS	0.48	81		GLN	0.47	90		MET	0.81	202	5.39	GLN	0.52	206		ALA	0.16	228	
A0ABR9BSA8	step5_his_coordination	0.866	4.34	CuB	3.73	0.28	90.9	HIS:6,PHE:2	CuA	0.93	4.58	81.6	CYS:1,HIS:3,PHE:2,TRP:1,VAL:1	82.9		5	Photobacterium arenosum	Photobacterium	Vibrionaceae	Vibrionales	Pseudomonadota		HIS	0.43	62		---	3.99			HIS	0.45	80		HIS	0.18	207		HIS	0.34	211		HIS	0.56	245	
A0ABS8JIA8	step5_his_coordination	0.677	4.38	CuB	3.68	0.40	96.4	HIS:7,PHE:3	CuA	0.81	4.62	86.8	CYS:1,GLN:1,HIS:4,PHE:1,TRP:1	87.4		5	Noviluteimonas lactosilytica	Noviluteimonas	Lysobacteraceae	Lysobacterales	Pseudomonadota		HIS	0.57	73		PRO	2.26	109		HIS	0.26	122		HIS	0.60	228		HIS	0.26	232		HIS	0.64	257	
A0ABS8JID1	step5_his_coordination	0.847	4.69	CuB	3.78	0.20	96.2	HIS:5,PHE:3	CuA	1.08	4.86	88.9	CYS:1,GLN:1,HIS:4,PHE:1,TRP:1	88.4		5	Noviluteimonas lactosilytica	Noviluteimonas	Lysobacteraceae	Lysobacterales	Pseudomonadota		HIS	0.55	75		SER	2.30	111		HIS	0.38	124		HIS	0.48	230		HIS	0.12	234		HIS	0.28	259	
A0ABT9CR60	step5_his_coordination	0.806	4.22	CuB	3.86	0.12	97.2	HIS:6,PHE:3	CuA	0.66	4.32	92.8	CYS:1,GLU:1,HIS:4,PHE:1,TRP:1	87.2		5	Pseudomonas serbiensis	Pseudomonas	Pseudomonadaceae	Pseudomonadales	Pseudomonadota		HIS	0.37	78		PRO	2.19	112		HIS	0.26	125		HIS	0.30	229		HIS	0.44	233		HIS	0.43	258	
A0ABV0AFJ4	step5_his_coordination	0.596	22.87	CuA	1.74	2.60	91.5	GLN:2,HIS:1,PHE:2,TYR:2	neither	23.02	21.84	74.5	HIS:1,ILE:1	86.9		2	Microbispora maris	Microbispora	Streptosporangiaceae	Streptosporangiales	Actinomycetota		TYR	0.68	82	1.54	HIS	0.46	90		GLN	0.53	99		ILE	0.93	211		GLN	0.61	215		ALA	0.14	237	
A0ABV6RIB9	step5_his_coordination	0.656	4.43	CuB	3.79	0.19	96.7	HIS:6,PHE:2	CuA	0.81	4.59	87.7	CYS:1,GLN:1,HIS:4,PHE:1,TRP:1	88.5		5	Lysobacter korlensis	Lysobacter	Lysobacteraceae	Lysobacterales	Pseudomonadota		HIS	0.43	74		SER	2.10	110		HIS	0.37	123		HIS	0.43	229		HIS	0.09	233		HIS	0.40	258	
A0ABV6RUK0	step5_his_coordination	0.661	4.61	CuB	3.88	0.17	95.8	HIS:6,PHE:3	CuA	0.88	4.68	84.8	CYS:1,GLN:1,HIS:4,PHE:1,TRP:1	87.9		5	Lysobacter korlensis	Lysobacter	Lysobacteraceae	Lysobacterales	Pseudomonadota		HIS	0.30	74		SER	2.07	110		HIS	0.30	123		HIS	0.45	229		HIS	0.14	233		HIS	0.44	258	
A0ABV9FV84	step5_his_coordination	0.952	14.11	CuB	3.69	0.50	76.9	ARG:1,CYS:1,GLN:1,HIS:4,TYR:1	neither	16.89	13.68	28.4	ALA:1,CYS:2,GLU:1,GLY:1,ILE:1	80.2		2	Rhodococcus kronopolitis	Rhodococcus	Nocardiaceae	Mycobacteriales	Actinomycetota		ARG	0.78	156		---	5.06			HIS	0.24	178		HIS	0.90	287		GLN	0.70	291		HIS	0.51	319	
A0ABV9I266	step5_his_coordination	0.766	13.93	CuB	5.02	1.08	97.8	ASP:1,HIS:2,PHE:1	neither	9.95	12.99	81.2	ASN:1,ASP:1,GLY:1,HIS:1	92.3		2	Dokdonia ponticola	Dokdonia	Flavobacteriaceae	Flavobacteriales	Bacteroidota		LEU	0.50	43		ALA	2.19	49		ASN	0.83	60		ASP	0.70	166	2.55	HIS	0.68	170		HIS	0.73	193	
A0ABW1EV91	step5_his_coordination	0.975	4.05	CuB	3.59	0.37	96.5	HIS:5,PHE:4	CuA	0.74	4.42	92.9	ALA:1,CYS:1,HIS:4,PHE:3,TRP:1	89.6		5	Kitasatospora aburaviensis	Kitasatospora	Streptomycetaceae	Kitasatosporales	Actinomycetota		HIS	0.42	151		HIS	0.32	160		HIS	0.41	169		HIS	0.80	280		HIS	0.70	284		HIS	0.22	307	
A0ABW2RRB3	step5_his_coordination	1.011	3.62	CuB	3.68	0.42	95.9	HIS:6,LEU:1,PHE:3	CuA	0.37	3.91	87.5	HIS:4,PHE:2,TRP:1	88.1		5	Rhodococcus daqingensis	Rhodococcus	Nocardiaceae	Mycobacteriales	Actinomycetota		HIS	0.90	156		---	4.98			HIS	0.35	180		HIS	0.68	289		HIS	0.55	293		HIS	0.46	329	
A0ABW9S031	step5_his_coordination	0.712	4.12	CuB	3.67	0.41	93.3	HIS:6,PHE:2	CuA	0.61	4.40	89.7	CYS:1,HIS:5,PHE:1,TRP:1	80.7		5	Fulvivirga kasyanovii	Fulvivirga	Fulvivirgaceae	Cytophagales	Bacteroidota		HIS	0.74	83		HIS	1.26	116		HIS	0.31	130		HIS	0.51	264		HIS	0.49	268		HIS	0.26	315	
A0ABX5RWM9	step5_his_coordination	0.788	4.41	CuB	3.86	0.16	97.2	HIS:6,PHE:3	CuA	0.76	4.51	91.5	CYS:1,GLN:1,HIS:4,PHE:2,TRP:1,VAL:1	82.2		5	Pseudoduganella albidiflava	Pseudoduganella	Oxalobacteraceae	Burkholderiales	Pseudomonadota		HIS	0.65	78		SER	2.23	111		HIS	0.29	124		HIS	0.33	226		HIS	0.24	230		HIS	0.43	255	
A0ABX5UDS5	step5_his_coordination	0.717	4.66	CuB	3.91	0.18	97.3	HIS:5,PHE:3	CuA	0.88	4.71	91.6	CYS:1,GLN:1,HIS:4,PHE:2,TRP:1,VAL:1	82.7		5	Pseudoduganella umbonata	Pseudoduganella	Oxalobacteraceae	Burkholderiales	Pseudomonadota		HIS	0.34	109		SER	2.25	142		HIS	0.23	155		HIS	0.33	257		HIS	0.21	261		HIS	0.24	286	
A0ABX6FJC2	step5_his_coordination	0.801	4.76	CuB	3.93	0.23	97.6	HIS:6,PHE:2	CuA	0.91	4.79	92.4	CYS:1,GLN:1,HIS:4,PHE:2,TRP:1,VAL:1	78.4		5	Pseudoduganella flava	Pseudoduganella	Oxalobacteraceae	Burkholderiales	Pseudomonadota		HIS	0.51	166		SER	2.29	201		HIS	0.25	214		HIS	0.35	316		HIS	0.27	320		HIS	0.28	345	
A0ABY0G5N1	step5_his_coordination	0.564	3.93	CuA	0.32	4.21	96.8	HIS:4,ILE:1,PHE:2,TRP:1	CuB	3.69	0.46	94.5	HIS:5,PHE:2	88.9		5	Alternaria tenuissima	Alternaria	Pleosporaceae	Pleosporales	Ascomycota		HIS	0.15	13		HIS	0.57	21		HIS	0.02	30		HIS	0.51	162		PRO	0.65	166		HIS	0.36	188	
A0ABY2RLZ4	step5_his_coordination	0.803	3.0	CuB	3.84	0.37	93.1	HIS:5,PHE:2,TYR:1	CuA	1.62	2.98	45.4	HIS:4,PHE:3,TYR:2	85.0		4	Rhodococcus oryzae	Rhodococcus	Nocardiaceae	Mycobacteriales	Actinomycetota		TYR	0.29	156	1.36	---	4.97			HIS	0.29	180		HIS	0.70	289		HIS	0.44	293		HIS	0.33	324	
A0ABY7EU49	step5_his_coordination	0.920	20.81	neither	21.91	19.87	65.8	ALA:1,ARG:1,GLU:1,HIS:1,THR:1,TYR:1,VAL:1	neither	20.18	22.05	48.5	HIS:2,SER:1,TRP:1	83.6		2	Mya arenaria	Mya	Myidae	Myida	Mollusca		MET	0.32	117	4.08	LYS	1.09	125		GLN	0.35	134		GLN	0.67	242		PHE	0.80	246		SER	0.29	269	
A0ABZ1SYY9	step5_his_coordination	0.569	31.95	CuA	1.50	2.95	88.6	GLN:2,HIS:1,PHE:2,TYR:2	neither	31.97	30.37	74.8	HIS:1	92.0		2	Microbispora hainanensis	Microbispora	Streptosporangiaceae	Streptosporangiales	Actinomycetota		TYR	0.62	63	1.72	HIS	0.68	71		GLN	0.55	80		ILE	0.82	192		GLN	0.69	196		ALA	0.13	218	
A0ACB1AYY7	step5_his_coordination	2.484	24.27	neither	5.21	6.89	88.8	HIS:3,PHE:1,TRP:1	neither	20.54	20.90	69.5	CYS:1,GLU:1,THR:1	69.7		3	Meloidogyne enterolobii	Meloidogyne	Meloidogynidae	Rhabditida	Nematoda		---	3.53			GLN	2.40	312		VAL	2.02	160		---	3.53			THR	2.63	276		PRO	2.53	280	
A0ACB6QFG3	step5_his_coordination	0.781	23.98	CuA	1.01	4.12	86.1	HIS:2,PHE:1,PRO:1,TYR:1,VAL:1	neither	24.72	23.46	79.3	CYS:1,GLN:1,GLU:1,HIS:1,ILE:1,TYR:1	75.0		2	Lindgomyces ingoldianus	Lindgomyces	Lindgomycetaceae	Pleosporales	Ascomycota		HIS	0.68	173		VAL	1.70	181		HIS	0.39	190		MET	1.63	344	4.28	ARG	0.37	348		ALA	0.22	371	
A0ACB7IQP8	step5_his_coordination	1.508	3.19	CuB	3.96	1.45	77.4	ASN:1,ASP:1,HIS:4,PHE:1,PRO:1	CuA	2.35	2.53	56.7	ASN:1,ASP:1,HIS:4,PHE:1,PRO:1	75.3		4	Pleurotus cornucopiae	Pleurotus	Pleurotaceae	Agaricales	Basidiomycota		ALA	2.32	39		HIS	0.76	43		HIS	0.96	52		HIS	0.66	189		HIS	0.55	193		SER	2.44	219	
A0ACB8HCS0	step5_his_coordination	0.679	3.92	CuA	0.72	3.89	94.8	HIS:3,PHE:2,TYR:1,VAL:1	CuB	4.02	0.27	88.4	HIS:4,PHE:2,SER:1,TYR:1	90.5		4	Psilocybe cubensis	Psilocybe	Agrocybaceae	Agaricales	Basidiomycota		TYR	0.78	80	1.14	HIS	0.63	88		HIS	0.36	97		SER	0.83	235		HIS	0.40	239		HIS	0.27	262	
A0ACC0W512	step5_his_coordination	0.847	46.52	neither	33.14	29.88	68.5	HIS:2,MET:1	neither	27.63	27.94	51.8	CYS:1,HIS:1	82.3		1	Peronosclerospora sorghi	Peronosclerospora	Peronosporaceae	Peronosporales	Oomycota		TYR	0.72	100	2.99	VAL	0.75	110		TYR	0.39	119	3.03	GLN	1.07	272		HIS	1.10	276		TYR	0.43	298	0.60
A0ACC1A5Y2	step5_his_coordination	1.216	6.31	CuB	3.65	0.53	78.7	HIS:6,PHE:2	CuA	3.08	6.46	37.0	ASP:1,CYS:2,HIS:2,PHE:1,TYR:2	70.0		5	Pistacia atlantica	Pistacia	Anacardiaceae	Sapindales	Streptophyta		HIS	0.88	174		---	3.26			---	3.13			HIS	0.67	290		HIS	0.60	294		HIS	0.74	324	
A0ACC1QNQ0	step5_his_coordination	0.675	3.86	CuA	0.41	4.29	92.0	HIS:4,ILE:1,PHE:1,TRP:1	CuB	3.56	0.53	91.0	HIS:6,PHE:2	89.5		5	Lecanicillium saksenae	Lecanicillium	Cordycipitaceae	Hypocreales	Ascomycota		HIS	0.45	65		HIS	0.41	73		HIS	0.19	82		HIS	0.36	217		PRO	1.05	221		HIS	0.46	243	
A0ACC1SFB7	step5_his_coordination	2.464	3.6	CuB	6.45	4.77	88.7	HIS:5,PHE:3,SER:1	neither	6.51	6.84	46.2	HIS:3,PHE:2,PRO:1,TRP:1	79.5		4	Fusarium decemcellulare	Fusarium	Nectriaceae	Hypocreales	Ascomycota		---	4.22			---	3.37			LEU	1.56	85		HIS	2.25	282		---	3.17			THR	1.88	316	
A0ACC2HR65	step5_his_coordination	0.669	4.12	CuB	3.58	0.74	97.4	HIS:5,PHE:2,TYR:1	CuA	0.81	4.47	93.1	HIS:3,PHE:1,TRP:1,TYR:1	89.8		5	Boeremia exigua	Boeremia	Didymellaceae	Pleosporales	Ascomycota		HIS	0.42	131		TYR	0.47	139	1.07	HIS	0.28	148		HIS	0.44	319		HIS	0.70	323		HIS	0.42	347	
A0ACC2ID33	step5_his_coordination	0.799	4.04	CuA	0.65	4.41	94.7	HIS:4,PHE:2,TRP:1	CuB	3.63	0.54	94.8	HIS:5,PHE:2	84.7		5	Nemania bipapillata	Nemania	Xylariaceae	Xylariales	Ascomycota		HIS	0.40	122		HIS	0.69	130		HIS	0.34	139		HIS	0.21	268		PRO	1.07	272		HIS	0.62	294	
A0ACC2JBL3	step5_his_coordination	1.087	3.44	CuB	3.75	0.74	96.6	HIS:6,PHE:2,SER:1	CuA	0.35	3.69	90.4	ALA:1,HIS:5,PHE:2,SER:1	88.0		5	Lasiodiplodia mahajangana	Lasiodiplodia	Botryosphaeriaceae	Botryosphaeriales	Ascomycota		HIS	0.78	80		ALA	2.22	85		HIS	0.16	93		HIS	0.53	215		HIS	0.63	219		HIS	0.31	242	
A0ACC2S0P5	step5_his_coordination	0.592	3.92	CuA	0.49	3.98	92.0	HIS:2,PHE:2,TRP:1,TYR:1,VAL:1	CuB	3.79	1.05	71.3	GLN:1,HIS:2,PHE:1,SER:1,TYR:1	86.7		3	Entomophthora muscae	Entomophthora	Entomophthoraceae	Entomophthorales	Entomophthoromycota		HIS	0.51	64		PHE	2.22	72		HIS	0.24	81		GLN	1.02	193		HIS	0.74	197		TYR	0.10	222	0.86
A0ACC2S7C6	step5_his_coordination	1.883	29.42	neither	23.35	22.81	73.1	ASN:1,GLU:1,GLY:1,HIS:1,LYS:1	neither	15.90	19.67	75.1	ARG:1,HIS:1,PHE:1	83.0		1	Entomophthora muscae	Entomophthora	Entomophthoraceae	Entomophthorales	Entomophthoromycota		ALA	2.33	62		TRP	2.60	71		ASN	1.21	80		PHE	1.09	180		SER	2.02	184		ILE	0.61	206	
A0ACC2T2P1	step5_his_coordination	1.361	39.65	neither	28.73	27.03	53.6	ARG:1,HIS:1	neither	17.74	21.43	45.2	HIS:1,PHE:1,SER:1	75.4		1	Entomophthora muscae	Entomophthora	Entomophthoraceae	Entomophthorales	Entomophthoromycota		ALA	2.07	62		SER	1.54	69		ASN	1.01	80		HIS	1.61	179		SER	1.35	184		ILE	0.59	206	
A0ACC2T3L9	step5_his_coordination	1.566	15.26	neither	23.90	22.48	74.1	CYS:2,GLY:1,HIS:1	neither	24.71	21.82	47.2	GLU:1,HIS:1	73.0		2	Entomophthora muscae	Entomophthora	Entomophthoraceae	Entomophthorales	Entomophthoromycota		ILE	1.87	59		PHE	1.54	64		HIS	1.32	73		---	3.27			LEU	2.46	177		MET	0.55	200	4.69
A0ACC2T4I7	step5_his_coordination	0.589	38.16	neither	12.96	15.35	74.7	HIS:1,PRO:1,SER:1	neither	25.33	23.70	69.2	ALA:1,HIS:1,LEU:1,MET:1,PRO:1	84.2		2	Entomophthora muscae	Entomophthora	Entomophthoraceae	Entomophthorales	Entomophthoromycota		TYR	0.29	61	1.52	GLY	1.91	70		ASN	0.12	78		SER	1.25	186		ARG	0.32	190		HIS	0.25	212	
A0ACC2TJ92	step5_his_coordination	1.307	23.32	neither	17.34	19.28	66.4	HIS:1,LEU:2,LYS:1,THR:1,VAL:1	neither	7.73	8.64	50.6	ASP:1,HIS:1,VAL:1	80.6		2	Entomophthora muscae	Entomophthora	Entomophthoraceae	Entomophthorales	Entomophthoromycota		VAL	1.55	75		HIS	2.49	82		LEU	0.44	90		LEU	0.85	199		---	3.14			MET	0.83	222	3.28
A0ACC2TJW4	step5_his_coordination	1.470	28.26	neither	14.34	17.77	72.1	GLU:1,HIS:1,PRO:1	neither	19.11	17.03	55.8	HIS:1,VAL:1	77.5		2	Entomophthora muscae	Entomophthora	Entomophthoraceae	Entomophthorales	Entomophthoromycota		TYR	1.96	73	2.86	THR	1.79	80		ASN	0.97	90		SER	1.23	199		VAL	1.37	202		ALA	0.84	225	
A0ACC2TU75	step5_his_coordination	2.110	38.77	neither	16.46	15.45	56.0	HIS:1,VAL:1	neither	23.09	23.41	73.2	GLU:1,HIS:1,LYS:1	76.6		2	Entomophthora muscae	Entomophthora	Entomophthoraceae	Entomophthorales	Entomophthoromycota		ARG	1.23	76		THR	1.12	83		ASN	1.90	90		VAL	2.33	195		SER	1.79	199		ALA	2.82	225	
A0ACC2TZL3	step5_his_coordination	2.213	27.73	CuB	4.88	1.99	58.0	HIS:1,LEU:1,MET:1,TRP:1	neither	26.78	27.64	40.9	ASP:1,HIS:1,LYS:1	68.8		2	Entomophthora muscae	Entomophthora	Entomophthoraceae	Entomophthorales	Entomophthoromycota		GLY	1.76	66		---	3.76			ASN	1.81	84		MET	1.57	183	6.55	SER	0.76	187		HIS	2.31	214	
A0ACC2U0B8	step5_his_coordination	0.587	4.61	CuB	4.74	0.82	96.2	GLN:1,HIS:3,PHE:2,TYR:1	CuA	1.14	3.91	82.2	HIS:3,LEU:1,PHE:2,TYR:1	77.7		4	Entomophthora muscae	Entomophthora	Entomophthoraceae	Entomophthorales	Entomophthoromycota		TYR	0.43	64	1.42	HIS	0.93	72		HIS	0.30	81		GLN	0.47	193		HIS	0.73	197		HIS	0.23	222	
A0ACC2U405	step5_his_coordination	1.497	20.33	CuB	2.67	1.59	81.3	HIS:2,MET:2,PHE:2	neither	22.81	19.05	47.7	ALA:2,ASN:1,ASP:1,HIS:1,LEU:1,MET:1	72.5		3	Entomophthora muscae	Entomophthora	Entomophthoraceae	Entomophthorales	Entomophthoromycota		ILE	0.82	56		PHE	0.70	61		HIS	1.04	70		HIS	1.43	167		LEU	1.48	171		MET	0.84	197	5.29
A0ACC2U767	step5_his_coordination	0.580	3.75	CuA	0.49	3.86	90.7	HIS:2,PHE:2,TRP:1,TYR:1,VAL:1	CuB	3.80	1.24	70.0	GLN:2,HIS:2,PHE:1,SER:1,TYR:1	87.3		3	Entomophthora muscae	Entomophthora	Entomophthoraceae	Entomophthorales	Entomophthoromycota		HIS	0.51	64		PHE	2.25	72		HIS	0.26	81		GLN	1.08	193		HIS	0.79	197		TYR	0.19	222	1.07
A0ACC2U7B3	step5_his_coordination	0.580	4.52	CuA	1.10	3.90	89.8	HIS:3,ILE:1,LEU:1,PHE:2,TYR:1	CuB	4.65	0.72	92.4	GLN:1,HIS:4,PHE:1,TYR:1	76.2		4	Entomophthora muscae	Entomophthora	Entomophthoraceae	Entomophthorales	Entomophthoromycota		TYR	0.47	64	1.24	HIS	0.92	72		HIS	0.36	81		GLN	0.35	193		HIS	0.71	197		HIS	0.24	222	
A0ACC3CBK0	step5_his_coordination	0.386	39.77	neither	23.79	23.29	17.6	ARG:1,ASP:1,CYS:3,GLU:1	neither	18.64	18.16	3.0	ASP:1,CYS:2,HIS:1,LEU:1	51.4		0	Pyropia yezoensis	Pyropia	Bangiaceae	Bangiales	Rhodophyta		LEU	0.39	301		PHE	0.53	309		HIS	0.30	318		ALA	0.51	430		ASN	0.30	434		GLN	0.26	465	
A0ACC3CBV5	step5_his_coordination	0.543	25.76	CuA	0.64	3.74	81.7	ALA:1,GLN:1,HIS:2,LEU:1,PRO:1,TRP:1,TYR:2	neither	25.51	24.46	66.5	ASN:1,ASP:1,HIS:1,ILE:1,LYS:1	73.1		2	Pyropia yezoensis	Pyropia	Bangiaceae	Bangiales	Rhodophyta		LEU	0.19	283		HIS	1.02	291		HIS	0.22	300		SER	0.43	414		PHE	0.56	418		GLN	0.11	448	
A0ACC3CEB8	step5_his_coordination	0.604	12.29	CuA	0.72	3.26	94.3	HIS:2,TRP:1,TYR:2	neither	11.71	14.91	41.3	GLU:1,LEU:1	53.5		2	Pyropia yezoensis	Pyropia	Bangiaceae	Bangiales	Rhodophyta		ALA	0.97	407		HIS	0.27	415		HIS	0.57	424		ALA	0.62	558		ALA	0.61	562		GLY	0.33	594	
A0ACC3DNN8	step5_his_coordination	0.725	3.6	CuA	0.38	4.00	95.3	HIS:5,PHE:2,TRP:1	CuB	3.55	0.56	94.0	HIS:6,PHE:2,PRO:1	75.7		5	Coniosporium uncinatum	Coniosporium			Ascomycota		HIS	0.41	160		HIS	0.28	168		HIS	0.33	177		HIS	0.63	307		PRO	1.05	311		HIS	0.42	333	
A0ACC3SCJ8	step5_his_coordination	0.661	3.7	CuA	0.36	4.11	95.7	HIS:5,PHE:2,TRP:1	CuB	3.52	0.60	93.7	HIS:6,PHE:2,PRO:1	70.2		5	Zalaria obscura	Zalaria	Zalariaceae	Dothideales	Ascomycota		HIS	0.31	142		HIS	0.35	150		HIS	0.22	159		HIS	0.64	290		PRO	0.98	294		HIS	0.35	316	
A0ACC3YJX9	step5_his_coordination	0.763	4.03	CuA	0.62	4.21	97.6	GLN:1,HIS:4,PHE:1,TRP:1	CuB	3.87	0.64	95.7	GLN:1,HIS:5,PHE:1	90.8		5	Colletotrichum truncatum	Colletotrichum	Glomerellaceae	Glomerellales	Ascomycota		HIS	0.29	128		HIS	0.52	136		HIS	0.34	145		HIS	0.76	313		HIS	0.83	317		GLN	0.51	341	
A0ACD1IG11	step5_his_coordination	0.995	4.5	CuA	0.27	4.08	91.1	HIS:4,PHE:2,TRP:1,VAL:1	CuB	4.39	0.62	81.0	ASN:1,HIS:4,PHE:3	80.4		5	Aspergillus costaricensis	Aspergillus	Aspergillaceae	Eurotiales	Ascomycota		HIS	0.57	73		HIS	0.36	81		HIS	0.65	90		PHE	1.02	230		HIS	0.39	234		HIS	0.43	257	
A0ACD3ADA0	step5_his_coordination	0.734	5.19	CuB	3.84	0.21	91.8	HIS:5,PHE:2,TRP:1	CuA	1.64	5.35	57.3	HIS:3,LYS:1,PHE:1,TRP:2	73.0		4	Pluteus cervinus	Pluteus	Pluteaceae	Agaricales	Basidiomycota		HIS	0.92	68		TRP	1.04	100		HIS	0.65	109		HIS	0.19	345		HIS	0.32	349		HIS	0.43	374	
A0ACD3YVM0	step5_his_coordination	0.728	4.17	CuB	3.78	0.73	95.6	HIS:5,PHE:2,SER:1	CuA	0.45	4.30	91.2	HIS:3,PHE:2,SER:1,THR:1,TRP:1	85.3		5	Fusarium solani-melongenae	Fusarium	Nectriaceae	Hypocreales	Ascomycota		HIS	0.42	81		---	3.28			HIS	0.12	99		HIS	1.00	238		HIS	0.46	242		HIS	0.71	265	
A2RBK8	step5_his_coordination	0.733	3.91	CuB	3.52	0.61	89.4	HIS:4,PHE:1	CuA	0.67	4.37	55.2	HIS:2,PHE:1,THR:1,VAL:2	68.6		4	Aspergillus niger	Aspergillus	Aspergillaceae	Eurotiales	Ascomycota		HIS	0.86	205		ASN	2.58	394		VAL	0.63	220		HIS	0.75	339		HIS	0.78	343		HIS	0.15	366	
A3K3J4	step5_his_coordination	0.682	4.51	CuB	3.79	0.26	96.4	HIS:6,PHE:3	CuA	0.98	4.65	88.5	ARG:1,CYS:1,HIS:4,PHE:1,TRP:1	86.8		5	Sagittula stellata	Sagittula	Roseobacteraceae	Rhodobacterales	Pseudomonadota		HIS	0.37	78		GLY	1.24	112		HIS	0.26	127		HIS	0.50	217		HIS	0.36	221		HIS	0.49	246	
A7RKE4	step5_his_coordination	0.970	7.79	CuA	0.33	3.92	95.1	HIS:4,ILE:1,PHE:1,TRP:1	neither	7.60	6.33	77.6	ARG:1,HIS:1	81.9		3	Nematostella vectensis	Nematostella	Edwardsiidae	Actiniaria	Cnidaria		HIS	0.54	153		HIS	0.57	161		HIS	0.27	170		HIS	1.40	284		ARG	1.31	288		THR	0.22	310	
A8N3S0	step5_his_coordination	1.036	4.36	CuB	3.59	0.58	96.4	HIS:5,PHE:1	CuA	0.86	4.70	85.3	ARG:1,HIS:3,PHE:1,SER:1,TRP:1	87.6		5	Coprinopsis cinerea	Coprinopsis	Psathyrellaceae	Agaricales	Basidiomycota		HIS	0.99	110		---	4.69			HIS	0.24	119		HIS	0.67	268		HIS	0.77	272		HIS	0.60	295	
A8N4B1	step5_his_coordination	0.592	14.74	neither	99.26	103.19	45.4	CYS:3,GLY:1,HIS:1,TRP:1,VAL:1	neither	109.07	112.94	31.4	ASN:1,CYS:4,HIS:1,PRO:1,SER:2	66.2		1	Coprinopsis cinerea	Coprinopsis	Psathyrellaceae	Agaricales	Basidiomycota		HIS	0.53	136		HIS	0.29	144		ARG	0.71	153		HIS	0.54	296		HIS	0.43	300		HIS	0.27	335	
B2WH32	step5_his_coordination	1.010	4.07	CuB	3.98	1.09	92.4	HIS:5,PHE:2	CuA	0.60	4.18	66.9	HIS:2,PHE:2,TRP:1	87.3		4	Pyrenophora tritici-repentis	Pyrenophora	Pleosporaceae	Pleosporales	Ascomycota		PRO	1.18	14		ILE	1.35	23		HIS	0.46	32		HIS	0.84	195		HIS	1.44	199		HIS	0.29	223	
B9XQZ3	step5_his_coordination	0.812	4.49	CuB	4.14	0.29	69.8	HIS:5,LEU:1,PHE:1	CuA	0.59	4.32	72.2	CYS:1,GLN:1,HIS:3,PHE:2,TRP:1	82.9		5	Pedosphaera parvula	Pedosphaera	Pedosphaeraceae	Pedosphaerales	Verrucomicrobiota		HIS	0.80	457		ALA	2.17	498		HIS	0.21	518		HIS	0.16	618		HIS	0.44	622		HIS	0.38	645	
C3YG81	step5_his_coordination	0.541	27.24	neither	25.16	27.32	78.5	ARG:1,GLU:1,HIS:1	neither	22.49	21.60	57.0	ASP:1,HIS:1,ILE:1,THR:1	81.5		1	Branchiostoma floridae	Branchiostoma	Branchiostomatidae	Amphioxiformes	Chordata		GLN	0.46	184		GLN	0.73	200		ASN	1.00	209		ASN	0.65	354		HIS	0.30	358		ARG	0.22	384	
C8CHT1	step5_his_coordination	0.963	5.02	CuB	4.42	0.88	94.6	ASP:1,HIS:3,PHE:2	CuA	0.80	4.58	85.3	ASP:1,CYS:1,HIS:3,PHE:2	90.0		5	Aegiceras corniculatum	Aegiceras	Primulaceae	Ericales	Streptophyta		HIS	0.74	6		HIS	0.69	27		HIS	0.28	36		HIS	0.11	158		HIS	0.27	162		ASP	0.56	192	3.05
D0NAA1	step5_his_coordination	1.555	19.18	CuB	7.56	3.61	65.4	GLN:1,HIS:2,LEU:1,TYR:1	neither	24.51	21.59	73.7	ASP:2,CYS:1,GLU:1,LYS:1,TRP:1	79.0		1	Phytophthora infestans	Phytophthora	Peronosporaceae	Peronosporales	Oomycota		TYR	0.87	59	0.60	---	3.08			TYR	1.27	78	3.21	GLN	2.46	230		HIS	1.87	234		HIS	2.44	255	
E3Q7T1	step5_his_coordination	0.865	17.17	CuB	3.76	0.60	94.5	GLN:2,HIS:3,PHE:1,TYR:1	neither	20.46	17.21	62.2	ARG:1,SER:1	90.4		2	Colletotrichum graminicola	Colletotrichum	Glomerellaceae	Glomerellales	Ascomycota		HIS	0.27	68		GLN	0.86	76		TYR	0.21	85	1.11	HIS	0.78	246		HIS	0.79	250		GLN	0.54	274	
E3QWQ8	step5_his_coordination	0.644	3.9	CuA	0.43	4.13	94.2	HIS:4,PHE:2,TRP:1	CuB	3.75	0.27	85.2	HIS:5,LEU:1,PHE:3	77.5		5	Colletotrichum graminicola	Colletotrichum	Glomerellaceae	Glomerellales	Ascomycota		HIS	0.59	138		HIS	0.57	146		HIS	0.26	155		HIS	0.29	278		PRO	1.20	282		HIS	0.53	304	
E5Q8T0	step5_his_coordination	0.865	4.04	CuB	3.47	0.57	91.2	HIS:6,PHE:2,TYR:1	CuA	0.91	4.47	89.9	CYS:1,HIS:4,PHE:3,TYR:1	81.5		5	Ziziphus jujuba	Ziziphus	Rhamnaceae	Rosales	Streptophyta		HIS	0.72	175		HIS	0.81	196		HIS	0.43	205		TYR	0.39	327	2.00	HIS	0.29	331		HIS	0.48	361	
E5SC69	step5_his_coordination	1.325	40.14	neither	31.50	33.09	67.1	HIS:1,TYR:1	neither	24.60	24.66	52.9	ARG:1,GLN:2,HIS:1	64.5		2	Trichinella spiralis	Trichinella	Trichinellidae	Trichinellida	Nematoda		HIS	1.35	189		THR	1.07	204		ASN	0.68	212		LEU	1.98	345		PHE	1.98	376		LEU	0.62	391	
E9FAB7	step5_his_coordination	0.687	3.86	CuA	0.38	4.18	96.4	HIS:4,ILE:1,PHE:2,TRP:1	CuB	3.67	0.50	94.5	HIS:5,PHE:2	91.8		5	Metarhizium robertsii	Metarhizium	Clavicipitaceae	Hypocreales	Ascomycota		HIS	0.48	64		HIS	0.32	72		HIS	0.18	81		HIS	0.09	216		PRO	0.96	220		HIS	0.44	242	
F0XF66	step5_his_coordination	0.612	4.69	neither	15.46	15.78	70.3	ASP:1,HIS:1,SER:1,TYR:1	neither	17.43	17.21	37.7	HIS:1	61.7		1	Leptographium clavigerum	Leptographium	Ophiostomataceae	Ophiostomatales	Ascomycota		SER	0.31	576		ALA	1.39	584		HIS	0.10	593		VAL	1.42	732		PRO	0.57	736		LEU	0.33	758	
F0Y382	step5_his_coordination	0.761	9.28	CuB	3.53	0.48	83.5	HIS:7,PHE:2	neither	7.51	9.63	36.8	ASN:1,CYS:3,HIS:1,ILE:1,PHE:1	83.0		3	Aureococcus anophagefferens	Aureococcus	Pelagomonadaceae	Pelagomonadales			HIS	0.94	112		HIS	1.39	129		HIS	0.72	138		HIS	0.43	268		HIS	0.17	272		HIS	0.41	294	
F0YJP7	step5_his_coordination	1.099	4.54	CuB	4.03	0.33	79.9	HIS:4,PHE:1	CuA	0.98	4.47	62.6	HIS:3,PHE:1	64.8		5	Aureococcus anophagefferens	Aureococcus	Pelagomonadaceae	Pelagomonadales			HIS	0.71	228		---	3.67			HIS	1.05	248		HIS	0.59	404		HIS	1.15	408		HIS	1.06	542	
F1KXG5	step5_his_coordination	0.665	34.0	CuA	1.53	2.60	75.4	ALA:1,GLN:2,HIS:3,PHE:2,TYR:1	neither	35.39	31.91	44.9	ALA:1,CYS:2,GLY:1,HIS:1,PRO:1	83.0		4	Ascaris suum	Ascaris	Ascarididae	Rhabditida	Nematoda		TYR	0.31	151	1.23	HIS	0.34	161		HIS	0.34	170		GLN	0.51	291		GLN	0.59	295		HIS	0.15	318	
F6G5J6	step5_his_coordination	0.821	4.31	CuB	3.54	0.95	88.6	HIS:5,PHE:2,TYR:1	CuA	0.91	4.77	87.9	CYS:1,HIS:4,PHE:2,PRO:1,TRP:1,TYR:1	87.0		5	Ralstonia solanacearum	Ralstonia	Burkholderiaceae	Burkholderiales	Pseudomonadota		HIS	0.29	81		HIS	1.17	93		HIS	0.25	102		HIS	0.31	227		TYR	0.24	231	1.62	HIS	0.35	253	
F9X2G9	step5_his_coordination	0.955	4.7	CuA	0.50	4.34	89.4	HIS:3,ILE:1,PHE:1,TRP:1	CuB	4.31	0.68	61.8	HIS:3,MET:1,SER:1,TRP:1	85.7		5	Zymoseptoria tritici	Zymoseptoria	Mycosphaerellaceae	Mycosphaerellales	Ascomycota		HIS	0.43	72		HIS	0.30	80		HIS	0.32	89		HIS	0.84	248		HIS	0.56	252		TRP	0.56	275	
F9XBE5	step5_his_coordination	0.695	4.2	CuA	0.32	4.27	96.2	HIS:4,PHE:2,TRP:1	CuB	3.89	0.43	93.8	HIS:5,PHE:2	92.2		5	Zymoseptoria tritici	Zymoseptoria	Mycosphaerellaceae	Mycosphaerellales	Ascomycota		HIS	0.63	64		HIS	0.67	72		HIS	0.12	81		HIS	0.22	220		PRO	0.76	224		HIS	0.32	246	
F9XCV9	step5_his_coordination	0.680	3.8	CuA	0.46	4.27	95.2	ALA:1,HIS:5,PHE:1,TRP:2	CuB	3.51	0.53	91.6	HIS:6,LEU:1,PHE:1,TRP:1	84.3		5	Zymoseptoria tritici	Zymoseptoria	Mycosphaerellaceae	Mycosphaerellales	Ascomycota		HIS	0.67	107		HIS	0.44	115		HIS	0.31	124		HIS	0.82	253		PRO	1.13	257		HIS	0.22	279	
G1S3C9	step5_his_coordination	0.617	4.2	CuA	0.19	3.89	88.4	ASN:1,HIS:5,LEU:2,SER:1,TRP:1	CuB	4.27	0.36	81.0	ASN:1,HIS:4,LEU:2,SER:1	81.4		5	Nomascus leucogenys	Nomascus	Hylobatidae	Primates	Chordata		HIS	0.25	189		HIS	0.52	211		HIS	0.31	220		HIS	0.35	369		HIS	0.63	373		HIS	0.39	429	
G2QVS9	step5_his_coordination	0.825	4.07	CuA	0.43	4.23	94.3	HIS:4,PHE:2,TRP:1	CuB	3.83	0.49	94.4	HIS:5,PHE:2,PRO:1	88.3		5	Thermothielavioides terrestris	Thermothielavioides	Chaetomiaceae	Sordariales	Ascomycota		HIS	0.54	49		HIS	0.23	57		HIS	0.26	66		HIS	0.11	199		PRO	0.84	203		HIS	0.42	225	
G2YP57	step5_his_coordination	0.662	3.68	CuA	0.40	4.13	94.0	HIS:5,PHE:2,TRP:1	CuB	3.50	0.47	91.4	HIS:6,PHE:2	74.9		5	Botrytis cinerea	Botrytis	Sclerotiniaceae	Helotiales	Ascomycota		HIS	0.48	165		HIS	0.46	173		HIS	0.25	182		HIS	0.63	310		PRO	1.18	314		HIS	0.39	336	
G3JPN7	step5_his_coordination	0.694	3.91	CuA	0.55	4.33	97.0	ALA:1,HIS:4,ILE:1,PHE:2	CuB	3.54	0.50	94.6	HIS:5,PHE:2	82.3		5	Cordyceps militaris	Cordyceps	Cordycipitaceae	Hypocreales	Ascomycota		HIS	0.24	126		HIS	0.48	134		HIS	0.08	143		HIS	0.46	273		PRO	1.40	277		HIS	0.56	299	
G3XUP5	step5_his_coordination	0.995	4.44	CuA	0.55	4.13	76.4	ASN:1,CYS:1,HIS:4,PHE:2,TRP:1	CuB	4.26	0.32	70.7	HIS:6,PHE:3	71.2		5	Aspergillus niger	Aspergillus	Aspergillaceae	Eurotiales	Ascomycota		HIS	0.76	51		HIS	1.01	61		HIS	0.44	70		LEU	2.51	244		HIS	0.32	248		HIS	0.38	289	
G4Z7X0	step5_his_coordination	1.412	19.72	CuB	5.94	2.08	68.9	GLN:1,HIS:2,PHE:1,TYR:1	neither	23.71	20.72	78.0	CYS:1,GLU:2,GLY:1,TRP:1	78.3		1	Phytophthora sojae	Phytophthora	Peronosporaceae	Peronosporales	Oomycota		TYR	1.23	65	1.02	VAL	2.37	74		TYR	0.81	84	7.18	GLN	1.59	236		HIS	1.13	240		HIS	2.85	261	
G5A9J7	step5_his_coordination	0.822	26.76	CuB	5.27	1.75	59.6	HIS:2,ILE:2,MET:1,PHE:2	neither	30.92	27.37	46.8	ALA:1,ASN:1,ASP:1	83.1		2	Phytophthora sojae	Phytophthora	Peronosporaceae	Peronosporales	Oomycota		ALA	0.67	29		LEU	0.47	39		ASN	0.69	48		TYR	1.83	195	12.21	HIS	0.79	200		HIS	0.29	224	
G5AB92	step5_his_coordination	0.873	5.55	CuA	1.11	5.04	88.3	HIS:3,PHE:2,TRP:1	CuB	4.51	0.78	88.9	HIS:3,PHE:2,SER:1	89.6		5	Phytophthora sojae	Phytophthora	Peronosporaceae	Peronosporales	Oomycota		HIS	0.83	37		HIS	1.21	47		HIS	0.28	56		SER	0.89	188		HIS	0.23	192		HIS	0.59	214	
G5ABA8	step5_his_coordination	0.648	26.17	CuB	4.30	0.50	97.3	HIS:3,ILE:1,PHE:1,SER:1,TYR:1	neither	27.77	25.98	62.9	HIS:1,LYS:1	82.8		4	Phytophthora sojae	Phytophthora	Peronosporaceae	Peronosporales	Oomycota		ALA	0.53	71		LEU	0.95	81		ASN	0.74	90		HIS	0.72	234		HIS	0.27	238		HIS	0.34	260	
G5B168	step5_his_coordination	0.635	4.14	CuB	4.19	0.28	79.5	ASN:1,GLN:1,HIS:5,ILE:1,LEU:1,PHE:2	CuA	0.21	3.92	86.9	HIS:4,ILE:1,LEU:1,PHE:1,SER:1,TRP:1	81.1		5	Heterocephalus glaber	Heterocephalus	Bathyergidae	Rodentia	Chordata		HIS	0.17	189		HIS	0.36	211		HIS	0.28	220		HIS	0.34	369		HIS	0.91	373		HIS	0.21	425	
H1UWR0	step5_his_coordination	0.774	3.9	CuA	0.54	4.19	97.9	GLN:1,HIS:4,PHE:1,TRP:1	CuB	3.75	0.70	95.3	GLN:1,HIS:5,PHE:1	94.8		5	Colletotrichum higginsianum	Colletotrichum	Glomerellaceae	Glomerellales	Ascomycota		HIS	0.26	69		HIS	0.48	77		HIS	0.30	86		HIS	0.85	254		HIS	1.03	258		GLN	0.43	282	
H1VZE2	step5_his_coordination	0.660	4.45	CuB	3.74	0.36	98.4	HIS:6,PHE:2	CuA	0.76	4.64	95.9	GLN:1,HIS:3,ILE:1,PHE:1,TRP:1,VAL:1	93.2		5	Colletotrichum higginsianum	Colletotrichum	Glomerellaceae	Glomerellales	Ascomycota		GLN	0.40	75		HIS	0.25	83		HIS	0.26	92		HIS	0.69	214		HIS	0.68	218		HIS	0.26	241	
H2KPL1	step5_his_coordination	0.579	6.23	CuB	5.39	1.67	90.1	ASN:1,GLN:1,HIS:2,ILE:1,PHE:1,TYR:1	CuA	1.03	4.88	90.4	ASN:2,HIS:2,THR:1,TRP:1,TYR:1	90.8		4	Clonorchis sinensis	Clonorchis	Opisthorchiidae	Opisthorchiida	Platyhelminthes		ASN	0.46	186		HIS	0.53	211		HIS	0.18	220		ASN	0.48	371		HIS	0.11	375		GLN	0.50	398	
H3GEM4	step5_his_coordination	2.416	40.39	neither	19.64	20.50	75.7	ALA:1,GLU:1,HIS:1,SER:1	neither	25.10	21.96	59.9	ASP:2,GLU:1,HIS:1	91.8		2	Phytophthora ramorum	Phytophthora	Peronosporaceae	Peronosporales	Oomycota		---	3.06			---	3.45			---	3.14			GLN	2.71	209		---	3.62			TYR	1.80	235	5.08
I7CCR9	step5_his_coordination	0.918	4.2	CuB	3.77	0.37	95.7	HIS:6,PHE:2	CuA	1.11	4.45	83.2	CYS:1,HIS:3,PHE:3,VAL:1	79.6		5	Eriobotrya japonica	Eriobotrya	Rosaceae	Rosales	Streptophyta		HIS	0.85	205		HIS	1.15	226		PRO	0.72	235		HIS	0.35	358		HIS	0.45	362		HIS	0.66	392	
K2RLK6	step5_his_coordination	0.647	4.24	CuB	3.80	0.56	92.0	HIS:5,PHE:2	CuA	0.51	4.42	84.4	HIS:3,PHE:3	86.4		5	Macrophomina phaseolina	Macrophomina	Botryosphaeriaceae	Botryosphaeriales	Ascomycota		HIS	0.48	79		PHE	2.20	92		HIS	0.18	100		HIS	0.20	249		HIS	0.62	253		HIS	0.43	279	
K3WBN0	step5_his_coordination	1.060	22.22	CuB	5.21	1.43	88.1	HIS:3,MET:1,PHE:2,TYR:1	neither	22.64	21.67	69.7	ARG:1,ASP:1,HIS:1,LEU:1,SER:1,TYR:1	86.9		3	Globisporangium ultimum	Globisporangium	Pythiaceae	Pythiales	Oomycota		TYR	0.80	69	1.24	GLY	1.89	79		TYR	0.52	88	2.23	HIS	1.57	233		HIS	1.16	237		TYR	0.26	259	0.48
L2FID8	step5_his_coordination	0.657	4.06	CuA	0.24	4.20	95.5	HIS:4,PHE:2,TRP:1	CuB	3.82	0.41	91.6	HIS:5,PHE:2	82.5		5	Colletotrichum fructicola	Colletotrichum	Glomerellaceae	Glomerellales	Ascomycota		HIS	0.38	104		HIS	0.40	112		HIS	0.07	121		HIS	0.28	258		PRO	0.87	262		HIS	0.48	284	
L2FNV4	step5_his_coordination	0.633	4.19	CuB	3.76	0.55	95.7	HIS:4,ILE:1,LEU:1,PHE:1	CuA	0.49	4.39	88.9	HIS:3,PHE:2,TRP:1	84.7		5	Colletotrichum fructicola	Colletotrichum	Glomerellaceae	Glomerellales	Ascomycota		HIS	0.48	84		PHE	2.54	108		HIS	0.31	113		HIS	0.80	265		HIS	0.45	269		HIS	0.59	295	
L2GEI1	step5_his_coordination	0.813	4.08	CuA	0.57	4.29	97.7	GLN:1,HIS:3,PHE:1,TRP:1	CuB	3.81	0.62	94.3	GLN:1,HIS:4,PHE:1	91.6		5	Colletotrichum fructicola	Colletotrichum	Glomerellaceae	Glomerellales	Ascomycota		HIS	0.35	13		HIS	0.56	21		HIS	0.38	30		HIS	0.73	198		HIS	0.93	202		GLN	0.46	226	
L8X5X1	step5_his_coordination	0.956	4.25	CuB	4.44	0.51	75.4	HIS:5,PHE:1	CuA	0.77	3.75	70.0	ARG:1,ASN:1,HIS:3,PHE:1,PRO:1,THR:1	64.4		5	Rhizoctonia solani	Rhizoctonia	Ceratobasidiaceae	Cantharellales	Basidiomycota		HIS	1.00	111		---	3.21			HIS	0.59	125		HIS	0.45	258		HIS	0.79	262		HIS	0.46	288	
M1R095	step5_his_coordination	0.581	6.04	CuB	5.21	1.52	89.3	ASN:1,GLN:1,HIS:2,PHE:1,TYR:1	CuA	1.00	4.87	89.4	ASN:2,HIS:2,THR:1,TRP:1,TYR:1	90.3		4	Clonorchis sinensis	Clonorchis	Opisthorchiidae	Opisthorchiida	Platyhelminthes		ASN	0.48	186		HIS	0.51	211		HIS	0.18	220		ASN	0.45	371		HIS	0.07	375		GLN	0.54	398	
M2MQZ6	step5_his_coordination	0.660	3.72	CuA	0.40	4.05	91.8	GLY:1,HIS:4,PHE:2,TRP:1	CuB	3.61	0.41	92.0	HIS:6,PHE:2,PRO:1	75.0		5	Baudoinia panamericana	Baudoinia	Teratosphaeriaceae	Mycosphaerellales	Ascomycota		HIS	0.32	164		HIS	0.59	172		HIS	0.25	181		HIS	0.51	312		PRO	1.03	316		HIS	0.30	338	
M2SQZ2	step5_his_coordination	1.276	6.36	CuA	0.94	3.87	87.0	HIS:3,ILE:1,PHE:2,SER:1,TYR:1	CuB	6.61	2.74	65.6	GLU:1,HIS:2,ILE:1	90.1		3	Bipolaris maydis	Bipolaris	Pleosporaceae	Pleosporales	Ascomycota		TYR	1.26	77	0.75	HIS	1.01	85		HIS	0.24	94		---	3.12			---	3.01			HIS	0.55	210	
M2YMY9	step5_his_coordination	0.667	3.76	CuA	0.36	4.18	94.4	HIS:4,PHE:2,TRP:1	CuB	3.54	0.51	94.3	HIS:6,PHE:3,PRO:1	78.7		5	Dothistroma septosporum	Dothistroma	Mycosphaerellaceae	Mycosphaerellales	Ascomycota		HIS	0.14	133		HIS	0.40	141		HIS	0.24	150		HIS	0.60	281		PRO	1.16	285		HIS	0.42	307	
M3C9Q8	step5_his_coordination	0.904	4.23	CuB	3.81	0.18	96.5	HIS:6,LEU:1,PHE:2	CuA	1.04	4.38	94.5	CYS:1,HIS:4,PHE:2,TRP:1	87.3		5	Sphaerulina musiva	Sphaerulina	Mycosphaerellaceae	Mycosphaerellales	Ascomycota		HIS	0.68	92		HIS	1.67	117		HIS	0.61	126		HIS	0.05	295		HIS	0.27	299		HIS	0.41	331	
M4C6D4	step5_his_coordination	0.720	20.19	CuA	0.56	3.50	65.0	GLU:1,HIS:2,TYR:2	neither	19.95	22.65	35.3	GLU:1,HIS:1,LEU:1,THR:1	77.8		2	Hyaloperonospora arabidopsidis	Hyaloperonospora	Peronosporaceae	Peronosporales	Oomycota		ALA	0.59	92		GLU	1.10	102	1.74	HIS	0.23	111		HIS	0.51	253		LEU	0.50	257		TYR	0.63	279	1.04
M7UN52	step5_his_coordination	0.861	5.3	CuA	0.50	4.10	96.8	HIS:4,PHE:2,TRP:1	CuB	5.19	1.33	83.7	HIS:3,LEU:1,PHE:2	78.8		5	Botrytis cinerea	Botrytis	Sclerotiniaceae	Helotiales	Ascomycota		HIS	0.35	134		HIS	0.22	142		HIS	0.46	151		ALA	1.36	277		SER	2.05	282		HIS	0.59	304	
N1RKC9	step5_his_coordination	0.590	4.07	CuB	3.85	0.23	97.1	HIS:5,PHE:2,TYR:1	CuA	0.67	4.20	89.7	HIS:3,ILE:1,PHE:1,SER:1,TRP:1,TYR:1	91.2		5	Fusarium odoratissimum	Fusarium	Nectriaceae	Hypocreales	Ascomycota		HIS	0.44	75		TYR	0.75	83	1.04	HIS	0.27	92		HIS	0.38	230		HIS	0.36	234		HIS	0.42	256	
N1S3E0	step5_his_coordination	0.577	4.19	CuB	3.76	0.49	95.6	HIS:5,PHE:1	CuA	0.51	4.40	89.7	HIS:4,PHE:1,TRP:1	85.3		5	Fusarium odoratissimum	Fusarium	Nectriaceae	Hypocreales	Ascomycota		HIS	0.24	42		HIS	2.40	50		HIS	0.23	62		HIS	0.53	211		HIS	0.56	215		HIS	0.33	241	
N1S8Q1	step5_his_coordination	0.843	14.37	CuB	3.70	0.32	90.7	ARG:1,HIS:3,PHE:2,SER:1	neither	14.32	14.47	79.1	ASN:1,ASP:1,CYS:1,HIS:1,LEU:1,PRO:1,TYR:1	82.9		4	Fusarium odoratissimum	Fusarium	Nectriaceae	Hypocreales	Ascomycota		ARG	0.82	69		TYR	1.11	75	3.20	HIS	0.38	84		HIS	0.60	211		HIS	0.57	215		HIS	0.15	237	
N4TKR4	step5_his_coordination	1.132	4.17	CuB	3.90	0.63	96.9	HIS:5,PHE:1	CuA	0.39	4.23	85.8	ALA:1,GLN:2,HIS:3,PHE:1	89.5		5	Fusarium oxysporum	Fusarium	Nectriaceae	Hypocreales	Ascomycota		HIS	0.99	83		GLN	2.33	86		HIS	0.05	91		HIS	0.45	208		HIS	0.42	212		HIS	0.42	235	
N4X430	step5_his_coordination	1.276	6.36	CuA	0.94	3.87	87.0	HIS:3,ILE:1,PHE:2,SER:1,TYR:1	CuB	6.61	2.74	65.6	GLU:1,HIS:2,ILE:1	90.1		3	Bipolaris maydis	Bipolaris	Pleosporaceae	Pleosporales	Ascomycota		TYR	1.26	77	0.75	HIS	1.01	85		HIS	0.24	94		---	3.12			---	3.01			HIS	0.55	210	
P55022	step5_his_coordination	0.613	3.79	CuB	3.82	0.28	96.6	HIS:5,PHE:2	CuA	0.56	3.95	92.2	HIS:3,ILE:1,PHE:1,TRP:1	90.3		5	Streptomyces galbus	Streptomyces	Streptomycetaceae	Kitasatosporales	Actinomycetota		HIS	0.33	38		---	5.13			HIS	0.30	66		HIS	0.25	193		HIS	0.31	197		HIS	0.46	219	
Q33CJ6	step5_his_coordination	0.662	23.71	CuB	3.29	1.18	53.7	ARG:2,ASP:1,HIS:2,PHE:2,TYR:1	neither	26.54	22.72	64.6	ASP:1,GLU:1,HIS:1	79.4		1	Cynops pyrrhogaster	Cynops	Salamandridae	Caudata	Chordata		ARG	0.51	98		THR	0.56	119		HIS	0.27	128		ASP	0.55	276	3.02	ARG	0.50	280		HIS	0.20	303	
R1D043	step5_his_coordination	1.010	4.23	CuB	3.96	0.41	80.3	HIS:3,PHE:1,THR:1,TYR:1	CuA	0.92	4.14	33.7	ARG:1,HIS:2,PHE:1,SER:1,THR:1,VAL:1	63.9		4	Emiliania huxleyi	Emiliania	Noelaerhabdaceae	Isochrysidales	Haptophyta		HIS	1.30	141		VAL	1.48	148		THR	1.24	153		HIS	1.06	445		HIS	0.47	449		HIS	0.40	473	
R1EXG5	step5_his_coordination	0.835	4.08	CuB	3.70	0.54	94.4	HIS:5,PHE:2	CuA	0.43	4.35	88.2	HIS:3,PHE:2,TRP:1	90.0		5	Neofusicoccum parvum	Neofusicoccum	Botryosphaeriaceae	Botryosphaeriales	Ascomycota		HIS	0.70	39		---	4.92			HIS	0.12	52		HIS	0.53	168		HIS	0.25	172		HIS	0.38	195	
R7UB97	step5_his_coordination	0.663	30.88	CuA	0.98	4.11	65.7	ALA:1,HIS:2,PHE:1,TRP:1,TYR:2	neither	31.45	28.76	56.9	ASP:1,GLU:1,HIS:1,TYR:1	60.2		3	Capitella teleta	Capitella	Capitellidae		Annelida		HIS	0.50	211		TYR	0.30	220	1.31	HIS	0.45	229		SER	0.61	346		HIS	0.62	350		TYR	0.35	373	0.70
R7YGC4	step5_his_coordination	0.744	4.1	CuA	0.60	4.51	97.0	HIS:4,ILE:1,PHE:2	CuB	3.57	0.60	92.9	HIS:5,LEU:1,PHE:2	90.8		5	Coniosporium apollinis	Coniosporium			Ascomycota		HIS	0.62	107		HIS	0.46	115		HIS	0.28	124		LEU	0.62	290		HIS	0.85	294		HIS	0.22	318	
S0DQZ0	step5_his_coordination	0.685	3.77	CuA	0.29	4.00	96.5	HIS:4,PHE:2,TRP:1	CuB	3.74	0.38	95.5	HIS:6,PHE:2,PRO:1	75.9		5	Fusarium fujikuroi	Fusarium	Nectriaceae	Hypocreales	Ascomycota		HIS	0.52	117		HIS	0.35	125		HIS	0.23	134		HIS	0.20	271		PRO	1.01	275		HIS	0.41	297	
S3D1Q3	step5_his_coordination	0.626	3.81	CuA	0.58	4.31	95.6	GLY:1,HIS:5,PHE:2,TRP:1	CuB	3.49	0.56	88.8	HIS:6,LEU:1,PHE:1,TRP:1	84.3		5	Glarea lozoyensis	Glarea	Helotiaceae	Helotiales	Ascomycota		HIS	0.43	106		HIS	0.49	114		HIS	0.36	123		HIS	0.91	252		SER	0.87	256		HIS	0.42	278	
T0KJ59	step5_his_coordination	0.797	4.11	CuA	0.51	4.26	97.4	GLN:1,HIS:3,PHE:1,TRP:1	CuB	3.87	0.64	94.4	GLN:1,HIS:4,PHE:1	91.4		5	Colletotrichum gloeosporioides	Colletotrichum	Glomerellaceae	Glomerellales	Ascomycota		HIS	0.33	13		HIS	0.48	21		HIS	0.37	30		HIS	0.69	198		HIS	1.01	202		GLN	0.45	226	
T0KXU6	step5_his_coordination	0.810	3.57	CuB	3.53	0.45	94.8	HIS:4,ILE:1,PHE:2	CuA	0.80	4.02	79.2	HIS:4,MET:1,PHE:2,SER:1	87.1		5	Colletotrichum gloeosporioides	Colletotrichum	Glomerellaceae	Glomerellales	Ascomycota		HIS	0.39	84		HIS	0.55	92		VAL	0.82	101		HIS	1.07	261		HIS	0.42	265		HIS	0.69	291	
T0PKY7	step5_his_coordination	0.717	15.55	CuB	4.27	0.35	97.5	GLN:1,HIS:3,PHE:2,TYR:1	neither	12.63	15.25	69.1	ASP:1,GLN:1,HIS:1,ILE:1,SER:1,TYR:1	87.5		4	Saprolegnia diclina	Saprolegnia	Saprolegniaceae	Saprolegniales	Oomycota		LEU	1.45	71		TYR	1.23	81	2.74	SER	0.56	90		HIS	0.56	228		HIS	0.16	232		HIS	0.43	255	
T0PU14	step5_his_coordination	0.749	55.21	neither	24.84	25.12	41.7	ALA:1,ARG:1,ASN:1,ASP:1,HIS:1	neither	40.19	36.63	26.5	ARG:1,ASP:1,HIS:2,LEU:1	72.5		1	Saprolegnia diclina	Saprolegnia	Saprolegniaceae	Saprolegniales	Oomycota		PHE	0.98	431		PHE	1.90	439		ARG	0.20	448		VAL	1.28	580		HIS	0.59	584		PHE	0.38	607	
T0QXV8	step5_his_coordination	0.588	4.22	CuA	0.15	3.93	91.9	HIS:4,PHE:2,TRP:1	CuB	4.25	0.32	79.3	HIS:3,LEU:1,PHE:2,SER:1,TRP:1	82.2		5	Saprolegnia diclina	Saprolegnia	Saprolegniaceae	Saprolegniales	Oomycota		HIS	0.25	13		HIS	0.80	23		HIS	0.26	32		SER	0.71	173		HIS	0.27	177		HIS	0.32	200	
T0S9R0	step5_his_coordination	0.610	4.57	CuA	0.15	3.96	96.8	HIS:4,PHE:2,PRO:1,TRP:1	CuB	4.57	0.62	87.4	HIS:3,LEU:1,PHE:2,SER:1,TRP:1	89.2		5	Saprolegnia diclina	Saprolegnia	Saprolegniaceae	Saprolegniales	Oomycota		HIS	0.26	81		HIS	0.82	91		HIS	0.17	100		SER	0.63	241		HIS	0.48	245		HIS	0.35	268	
T5A6R2	step5_his_coordination	0.844	3.95	CuB	3.78	0.19	92.2	HIS:5,PHE:2	CuA	0.60	4.13	77.4	HIS:4,PHE:2,PRO:1,TRP:1	73.4		5	Ophiocordyceps sinensis	Ophiocordyceps	Ophiocordycipitaceae	Hypocreales	Ascomycota		HIS	0.22	88		---	4.83			HIS	0.40	109		HIS	0.19	262		HIS	0.30	266		HIS	0.50	291	
U3AIJ7	step5_his_coordination	0.877	4.58	CuB	3.82	0.39	96.7	HIS:6,PHE:3	CuA	0.98	4.71	90.0	CYS:1,HIS:4,PHE:3,PRO:1,TRP:1	86.7		5	Limimaricola cinnabarinus	Limimaricola	Paracoccaceae	Rhodobacterales	Pseudomonadota		HIS	0.50	79		---	3.28			HIS	0.35	122		HIS	0.45	238		HIS	0.37	242		HIS	0.38	272	
U4K751	step5_his_coordination	0.836	4.5	CuB	3.70	0.29	91.1	HIS:6,PHE:2	CuA	1.05	4.78	79.7	CYS:1,HIS:3,PHE:1,TRP:1	82.4		5	Vibrio nigripulchritudo	Vibrio	Vibrionaceae	Vibrionales	Pseudomonadota		HIS	0.35	62		---	3.53			HIS	0.50	80		HIS	0.24	207		HIS	0.35	211		HIS	0.56	246	
V5FME0	step5_his_coordination	0.866	4.08	CuA	0.64	4.22	95.7	HIS:5,PHE:2	CuB	3.86	0.41	90.6	HIS:4,PHE:2,SER:1	80.6		5	Paecilomyces variotii	Paecilomyces	Thermoascaceae	Eurotiales	Ascomycota		HIS	0.64	119		HIS	0.67	127		HIS	0.35	136		SER	0.54	262		PRO	1.27	267		HIS	0.50	289	
V9E917	step5_his_coordination	0.821	30.6	neither	23.46	20.77	64.3	ASN:1,ASP:2,CYS:1,GLY:1,LYS:1,TRP:1	neither	20.98	18.40	56.8	ASP:1,GLU:2,HIS:1,LYS:1,THR:1	89.4		0	Phytophthora nicotianae	Phytophthora	Peronosporaceae	Peronosporales	Oomycota		TYR	0.67	58	2.98	VAL	0.70	68		TYR	0.42	77	3.02	GLN	1.06	229		HIS	1.00	233		TYR	0.37	255	0.35
V9EB77	step5_his_coordination	0.772	31.61	neither	23.85	21.15	65.5	ASN:1,ASP:2,CYS:1,GLY:1,LYS:1,TRP:1	neither	21.42	18.98	59.7	GLU:2,HIS:1,THR:1	89.3		0	Phytophthora nicotianae	Phytophthora	Peronosporaceae	Peronosporales	Oomycota		TYR	0.57	13	2.96	VAL	0.76	23		TYR	0.43	32	3.34	GLN	1.05	184		HIS	1.03	188		TYR	0.29	210	0.33
V9EVI6	step5_his_coordination	0.610	21.96	CuB	4.31	0.49	97.7	HIS:3,PHE:1,SER:1,TYR:1	neither	23.73	21.87	72.8	ARG:1,HIS:1,PRO:1,TRP:1,TYR:1	86.0		4	Phytophthora nicotianae	Phytophthora	Peronosporaceae	Peronosporales	Oomycota		ALA	0.35	74		LEU	0.98	84		ASN	0.71	93		HIS	0.74	237		HIS	0.33	241		HIS	0.33	263	
W2I6U4	step5_his_coordination	0.821	30.6	neither	23.46	20.77	64.3	ASN:1,ASP:2,CYS:1,GLY:1,LYS:1,TRP:1	neither	20.98	18.40	56.8	ASP:1,GLU:2,HIS:1,LYS:1,THR:1	89.4		0	Phytophthora nicotianae	Phytophthora	Peronosporaceae	Peronosporales	Oomycota		TYR	0.67	58	2.98	VAL	0.70	68		TYR	0.42	77	3.02	GLN	1.06	229		HIS	1.00	233		TYR	0.37	255	0.35
W2I6Y9	step5_his_coordination	0.772	31.61	neither	23.85	21.15	65.5	ASN:1,ASP:2,CYS:1,GLY:1,LYS:1,TRP:1	neither	21.42	18.98	59.7	GLU:2,HIS:1,THR:1	89.3		0	Phytophthora nicotianae	Phytophthora	Peronosporaceae	Peronosporales	Oomycota		TYR	0.57	13	2.96	VAL	0.76	23		TYR	0.43	32	3.34	GLN	1.05	184		HIS	1.03	188		TYR	0.29	210	0.33
W2IN56	step5_his_coordination	0.610	21.96	CuB	4.31	0.49	97.7	HIS:3,PHE:1,SER:1,TYR:1	neither	23.73	21.87	72.8	ARG:1,HIS:1,PRO:1,TRP:1,TYR:1	86.0		4	Phytophthora nicotianae	Phytophthora	Peronosporaceae	Peronosporales	Oomycota		ALA	0.35	74		LEU	0.98	84		ASN	0.71	93		HIS	0.74	237		HIS	0.33	241		HIS	0.33	263	
W2KB90	step5_his_coordination	0.808	31.25	neither	23.96	21.25	61.9	ASN:1,ASP:2,CYS:1,GLY:1,LYS:1,TRP:1	neither	21.32	18.78	55.9	ASP:1,GLU:2,HIS:1,THR:1	89.1		0	Phytophthora nicotianae	Phytophthora	Peronosporaceae	Peronosporales	Oomycota		TYR	0.62	58	3.13	VAL	0.73	68		TYR	0.41	77	3.01	GLN	1.06	229		HIS	0.99	233		TYR	0.39	255	0.32
W2MH14	step5_his_coordination	0.771	41.68	neither	24.34	24.16	58.6	HIS:1	neither	21.71	19.35	59.8	GLU:2,HIS:1,THR:1	89.7		1	Phytophthora nicotianae	Phytophthora	Peronosporaceae	Peronosporales	Oomycota		TYR	0.55	13	3.01	VAL	0.81	23		TYR	0.42	32	3.44	GLN	1.02	184		HIS	1.01	188		TYR	0.28	210	0.35
W2PMT3	step5_his_coordination	0.755	21.08	neither	24.32	21.54	68.4	ASN:1,ASP:2,CYS:1,LYS:1,TRP:1	neither	24.58	24.46	44.0	HIS:1	89.5		0	Phytophthora nicotianae	Phytophthora	Peronosporaceae	Peronosporales	Oomycota		TYR	0.54	13	2.97	VAL	0.65	23		TYR	0.43	32	3.14	GLN	1.01	184		HIS	0.97	188		TYR	0.25	210	0.31
W2PPJ1	step5_his_coordination	0.806	31.27	neither	24.05	21.32	64.7	ASN:1,ASP:2,CYS:1,GLY:1,LYS:1,TRP:1	neither	21.29	18.75	56.1	ASP:1,GLU:2,HIS:1,THR:1	89.3		0	Phytophthora nicotianae	Phytophthora	Peronosporaceae	Peronosporales	Oomycota		TYR	0.62	58	3.12	VAL	0.70	68		TYR	0.40	77	3.01	GLN	1.07	229		HIS	0.99	233		TYR	0.39	255	0.33
W2PY30	step5_his_coordination	0.609	22.08	CuB	4.30	0.48	97.7	HIS:3,PHE:1,SER:1,TYR:1	neither	23.87	22.00	73.8	ARG:1,HIS:1,PRO:1,TRP:1,TYR:1	86.0		4	Phytophthora nicotianae	Phytophthora	Peronosporaceae	Peronosporales	Oomycota		ALA	0.32	74		LEU	0.95	84		ASN	0.71	93		HIS	0.73	237		HIS	0.32	241		HIS	0.34	263	
W2W5P6	step5_his_coordination	0.821	30.6	neither	23.46	20.77	64.3	ASN:1,ASP:2,CYS:1,GLY:1,LYS:1,TRP:1	neither	20.98	18.40	56.8	ASP:1,GLU:2,HIS:1,LYS:1,THR:1	89.4		0	Phytophthora nicotianae	Phytophthora	Peronosporaceae	Peronosporales	Oomycota		TYR	0.67	58	2.98	VAL	0.70	68		TYR	0.42	77	3.02	GLN	1.06	229		HIS	1.00	233		TYR	0.37	255	0.35
W2W6T1	step5_his_coordination	0.772	31.61	neither	23.85	21.15	65.5	ASN:1,ASP:2,CYS:1,GLY:1,LYS:1,TRP:1	neither	21.42	18.98	59.7	GLU:2,HIS:1,THR:1	89.3		0	Phytophthora nicotianae	Phytophthora	Peronosporaceae	Peronosporales	Oomycota		TYR	0.57	13	2.96	VAL	0.76	23		TYR	0.43	32	3.34	GLN	1.05	184		HIS	1.03	188		TYR	0.29	210	0.33
W2WMR4	step5_his_coordination	0.610	21.96	CuB	4.31	0.49	97.7	HIS:3,PHE:1,SER:1,TYR:1	neither	23.73	21.87	72.8	ARG:1,HIS:1,PRO:1,TRP:1,TYR:1	86.0		4	Phytophthora nicotianae	Phytophthora	Peronosporaceae	Peronosporales	Oomycota		ALA	0.35	74		LEU	0.98	84		ASN	0.71	93		HIS	0.74	237		HIS	0.33	241		HIS	0.33	263	
W2YEN6	step5_his_coordination	0.808	31.25	neither	23.96	21.25	61.9	ASN:1,ASP:2,CYS:1,GLY:1,LYS:1,TRP:1	neither	21.32	18.78	55.9	ASP:1,GLU:2,HIS:1,THR:1	89.1		0	Phytophthora nicotianae	Phytophthora	Peronosporaceae	Peronosporales	Oomycota		TYR	0.62	58	3.13	VAL	0.73	68		TYR	0.41	77	3.01	GLN	1.06	229		HIS	0.99	233		TYR	0.39	255	0.32
W2YF51	step5_his_coordination	0.771	41.68	neither	24.34	24.16	58.6	HIS:1	neither	21.71	19.35	59.8	GLU:2,HIS:1,THR:1	89.7		1	Phytophthora nicotianae	Phytophthora	Peronosporaceae	Peronosporales	Oomycota		TYR	0.55	13	3.01	VAL	0.81	23		TYR	0.42	32	3.44	GLN	1.02	184		HIS	1.01	188		TYR	0.28	210	0.35
W2YZ31	step5_his_coordination	0.610	21.96	CuB	4.31	0.49	97.7	HIS:3,PHE:1,SER:1,TYR:1	neither	23.73	21.87	72.8	ARG:1,HIS:1,PRO:1,TRP:1,TYR:1	86.0		4	Phytophthora nicotianae	Phytophthora	Peronosporaceae	Peronosporales	Oomycota		ALA	0.35	74		LEU	0.98	84		ASN	0.71	93		HIS	0.74	237		HIS	0.33	241		HIS	0.33	263	
W3WIK4	step5_his_coordination	0.847	4.19	CuA	0.37	4.29	90.1	HIS:3,PHE:2,TRP:1,VAL:1	CuB	3.88	1.64	83.8	HIS:4,PHE:3,VAL:1	86.6		5	Pestalotiopsis fici	Pestalotiopsis	Sporocadaceae	Amphisphaeriales	Ascomycota		HIS	0.81	81		HIS	0.28	89		HIS	0.33	98		HIS	1.11	217		HIS	0.10	221		SER	0.67	247	
W4GC36	step5_his_coordination	0.772	30.03	CuB	4.17	0.34	95.4	HIS:3,PHE:3,TYR:2	neither	34.11	30.29	45.9	ASN:1,CYS:1,THR:1	76.8		3	Aphanomyces astaci	Aphanomyces	Verrucalvaceae	Saprolegniales	Oomycota		LEU	2.49	156		TYR	0.95	166	2.08	ASN	0.56	175		HIS	0.65	310		HIS	0.27	314		HIS	0.25	336	
W6ZD78	step5_his_coordination	0.784	4.42	CuA	0.39	4.29	92.7	HIS:4,ILE:1,PHE:2,SER:1,TRP:1	CuB	4.12	0.74	76.6	GLY:1,HIS:5,ILE:1,PHE:2	88.4		5	Bipolaris oryzae	Bipolaris	Pleosporaceae	Pleosporales	Ascomycota		HIS	0.56	103		HIS	0.34	111		HIS	0.26	120		GLY	0.78	294		HIS	0.78	298		HIS	0.46	322	
W7F1D8	step5_his_coordination	1.328	6.24	CuB	5.26	1.69	83.8	ASN:1,HIS:2,PHE:1,TYR:1	CuA	1.15	5.02	88.7	HIS:3,ILE:2,PHE:1	82.4		5	Bipolaris victoriae	Bipolaris	Pleosporaceae	Pleosporales	Ascomycota		HIS	1.22	77		HIS	2.18	85		HIS	0.50	92		HIS	0.95	209		HIS	0.76	213		GLN	2.05	236	
W7M987	step5_his_coordination	0.712	3.88	CuA	0.32	4.10	97.0	HIS:4,PHE:2,TRP:1	CuB	3.76	0.48	94.6	HIS:5,PHE:2	93.4		5	Fusarium verticillioides	Fusarium	Nectriaceae	Hypocreales	Ascomycota		HIS	0.49	42		HIS	0.26	50		HIS	0.30	59		HIS	0.21	196		PRO	1.10	200		HIS	0.41	222	
W7MLF2	step5_his_coordination	0.841	4.41	CuA	0.71	4.67	94.9	HIS:4,ILE:2,PHE:2,TYR:1	CuB	3.71	0.50	63.6	ASN:1,HIS:3,PHE:2,SER:1,TYR:1	92.0		4	Fusarium verticillioides	Fusarium	Nectriaceae	Hypocreales	Ascomycota		HIS	1.08	39		HIS	1.07	47		HIS	0.21	56		TYR	0.33	173	1.53	ASN	0.58	177		HIS	0.27	200	
W9I5K7	step5_his_coordination	0.766	4.08	CuB	3.72	0.46	97.8	HIS:5,LEU:1,PHE:1	CuA	0.40	4.34	90.3	HIS:3,ILE:1,LEU:2,PHE:1	93.0		5	Fusarium oxysporum	Fusarium	Nectriaceae	Hypocreales	Ascomycota		HIS	0.66	108		HIS	0.43	116		LEU	0.16	125		HIS	0.75	285		HIS	1.05	289		HIS	0.28	312	
X0JGY5	step5_his_coordination	0.730	4.36	CuB	4.06	0.39	92.7	HIS:4,PHE:2,TYR:1	CuA	0.95	4.34	84.8	HIS:3,ILE:1,PHE:1,TRP:1,TYR:1	84.2		5	Fusarium odoratissimum	Fusarium	Nectriaceae	Hypocreales	Ascomycota		HIS	0.58	70		TYR	0.32	78	1.08	HIS	0.37	87		HIS	0.55	218		HIS	0.59	222		HIS	0.30	244	
X8JBW1	step5_his_coordination	0.656	4.25	CuA	2.25	2.52	85.5	GLN:1,HIS:3,PHE:2,TYR:2	neither	5.99	5.59	64.3	GLN:1,GLU:1,HIS:3,PHE:1,TYR:1	84.0		3	Rhizoctonia solani	Rhizoctonia	Ceratobasidiaceae	Cantharellales	Basidiomycota		TYR	0.48	73	0.95	HIS	0.70	81		GLN	0.51	90		HIS	1.13	216		VAL	0.89	220		ILE	0.26	242	
X8JFG5	step5_his_coordination	0.719	4.42	CuA	0.52	4.05	93.7	ARG:1,ASN:1,GLN:1,HIS:3,PHE:2,SER:1,TRP:1	CuB	4.33	0.55	79.6	ARG:1,ASN:1,GLN:1,HIS:2,PHE:2	86.1		3	Rhizoctonia solani	Rhizoctonia	Ceratobasidiaceae	Cantharellales	Basidiomycota		HIS	0.49	119		GLN	0.64	127		HIS	0.43	136		ARG	0.74	275		GLN	0.59	279		HIS	0.27	302	
X8JFZ0	step5_his_coordination	0.684	38.63	neither	19.07	20.49	68.2	HIS:1,THR:1,TRP:1	neither	29.40	25.65	77.7	ASP:1,HIS:1,LEU:1	84.8		1	Rhizoctonia solani	Rhizoctonia	Ceratobasidiaceae	Cantharellales	Basidiomycota		TYR	0.51	24	1.92	LEU	0.87	32		ASN	0.25	41		GLY	0.44	183		HIS	0.58	187		TYR	0.58	209	2.61
