accession,trimmed_res,overall_plddt
A0A010Q293,315,96.4
A0A010Q4B9,374,96.2
A0A010QAA5,372,97.5
A0A010QHN9,365,96.2
A0A010QIY5,288,83.3
A0A010QL93,293,98.1
A0A010QPL7,324,98.1
A0A010QXZ0,342,88.2
A0A010QYY8,324,98.0
A0A010R234,339,72.5
A0A010R9A2,377,96.4
A0A010RBA2,354,96.5
A0A010RL70,376,95.8
A0A010RM53,304,98.2
A0A010RPY0,355,98.3
A0A010RQ21,365,97.0
A0A010RR72,352,74.6
A0A010RUM6,388,89.4
A0A010RV53,380,96.1
A0A010RV80,307,96.9
A0A010RY59,393,94.3
A0A010RYF3,281,96.0
A0A010S1R5,372,80.5
A0A010S6Q2,355,97.2
A0A010SFQ0,321,93.6
A0A010SKU6,395,85.1
A0A010SMB4,304,98.2
A0A010SNL7,381,97.0
A0A014N831,277,96.0
A0A014P1F1,350,97.7
A0A014P933,420,78.9
A0A014PGS4,245,88.8
A0A014PNW6,392,90.6
A0A014QX88,351,98.2
A0A015J8T7,155,57.4
A0A016RWG9,310,97.9
A0A016RXK8,310,97.7
A0A016S930,322,96.5
A0A016SJ50,344,95.2
A0A016SK14,348,94.8
A0A016T0A5,302,92.6
A0A016T1G5,355,93.5
A0A016TKY1,362,93.1
A0A016UL52,344,93.9
A0A016ULR3,316,91.7
A0A016VBJ0,353,92.7
A0A016VC89,411,95.2
A0A016VDA3,353,93.1
A0A016VE53,411,92.2
A0A016VS08,310,97.9
A0A016W0V7,353,94.4
A0A016W1G3,364,91.7
A0A016W1Z7,158,83.9
A0A016W210,216,66.6
A0A016W215,303,93.4
A0A016W255,135,83.1
A0A016W259,324,94.6
A0A016W267,76,92.5
A0A016W313,342,94.5
A0A016W316,89,82.2
A0A016W324,320,96.9
A0A016W3A4,353,92.9
A0A016W3W4,254,92.6
A0A016W3W9,76,91.5
A0A016WCE7,273,91.4
A0A016WQP8,365,89.7
A0A016WQV2,365,95.7
A0A017S513,190,87.0
A0A017SD63,357,97.2
A0A017SF68,382,92.8
A0A022QC39,331,91.2
A0A022QE60,332,96.0
A0A022QG63,325,91.7
A0A022QL39,322,96.9
A0A022R0C6,326,95.5
A0A022R0D6,286,90.5
A0A022R0D9,121,91.7
A0A022R1L2,333,93.3
A0A022R1L7,327,92.6
A0A022R3H9,325,90.2
A0A022R5P3,327,92.3
A0A022WGP6,355,96.9
A0A022Y7J2,355,96.8
A0A023GU59,330,96.3
A0A023PMD2,330,95.7
A0A023PN01,330,96.0
A0A023PNV8,330,95.4
A0A023PP81,296,96.6
A0A023WF78,132,91.6
A0A023WF84,132,88.6
A0A023WF90,133,87.3
A0A023WF96,132,93.9
A0A023WFC0,145,91.1
A0A023WFC4,132,88.8
A0A023WFC9,145,80.9
A0A023WFD4,132,94.5
A0A023WFD9,132,93.1
A0A023WFR6,145,91.1
A0A023WFS1,132,88.0
A0A023WFS6,132,86.8
A0A023WFT2,132,92.4
A0A023WGB6,145,91.1
A0A023WGB9,132,87.2
A0A023WGC5,132,93.9
A0A023WGD1,125,85.9
A0A023WGD7,147,88.9
A0A023WGM6,132,87.3
A0A023WGN1,132,93.2
A0A023WGN6,132,94.5
A0A023WGP1,147,90.9
A0A023WGP6,134,92.5
A0A024CHG7,417,90.5
A0A024CHH0,192,97.2
A0A024CHU4,358,93.3
A0A024CHU9,324,89.3
A0A024CI03,331,91.2
A0A024CI05,208,93.6
A0A024CIJ0,278,96.6
A0A024CIJ4,348,94.4
A0A024CIJ8,257,95.4
A0A024CJP7,304,96.5
A0A024CJQ0,252,95.7
A0A024DBG7,452,94.6
A0A024FBC3,132,86.2
A0A024FR46,330,96.3
A0A024FS61,336,97.5
A0A024FZ14,345,94.4
A0A024GPM3,390,87.0
A0A024GR18,552,66.3
A0A024S4X8,372,94.2
A0A024SD58,300,95.9
A0A024SJR1,353,97.3
A0A024T832,80,90.3
A0A024T961,347,95.5
A0A024T9U4,359,95.4
A0A024TEL4,423,91.7
A0A024TMR4,337,96.6
A0A024TN69,333,96.5
A0A024TPQ1,319,74.3
A0A024TRP2,134,71.9
A0A024U9A0,156,74.3
A0A024UGQ1,466,92.0
A0A024UNS3,354,94.9
A0A024UP64,362,92.5
A0A024URD5,355,89.8
A0A058ZVU6,184,51.3
A0A058ZW33,324,95.7
A0A058ZX16,118,87.5
A0A059CCV1,337,97.0
A0A059CDE4,334,96.1
A0A059F260,237,97.7
A0A059JJQ6,356,94.8
A0A059TZU2,353,97.8
A0A059U1P9,353,97.7
A0A059UAM0,298,96.5
A0A060S6S8,361,94.8
A0A060SLI6,243,91.2
A0A060WMQ6,433,95.3
A0A060WUY0,432,94.7
A0A060X1G5,434,97.6
A0A060X8B7,425,88.4
A0A060XL10,439,90.2
A0A060ZAB7,101,56.1
A0A061DZ45,325,97.0
A0A061E0X0,325,97.3
A0A061E6S7,325,97.1
A0A061GEN3,330,96.8
A0A061GFI2,295,84.8
A0A061GFY3,339,97.4
A0A061GFY7,329,96.5
A0A061GMJ6,323,96.8
A0A061GMK1,303,91.7
A0A061HFI6,396,92.6
A0A061HSG6,363,93.9
A0A061IGF6,397,86.4
A0A062U9V8,272,92.4
A0A063BRM1,369,94.3
A0A066RUA7,291,92.3
A0A066WXF3,393,85.3
A0A066X3Q1,275,96.5
A0A066X6L4,304,98.0
A0A066X7V3,369,89.6
A0A066X846,352,97.9
A0A066X9U3,555,85.6
A0A066XLM3,376,96.5
A0A066XQD0,378,97.1
A0A066XSE1,374,96.9
A0A066XSY6,358,96.2
A0A066XW40,341,93.5
A0A066XWR5,348,91.1
A0A066XZ78,355,98.1
A0A066Y1D2,368,96.3
A0A066Y1V3,350,88.8
A0A066Z0K1,224,95.9
A0A067BLT8,312,92.6
A0A067BLZ4,405,88.9
A0A067BRT6,409,90.8
A0A067BTT5,325,95.2
A0A067BUS0,325,96.6
A0A067BX73,328,96.1
A0A067BZH5,324,96.2
A0A067C156,401,88.6
A0A067C4V3,231,69.2
A0A067C5L8,346,89.5
A0A067C631,324,95.9
A0A067CPX4,310,96.6
A0A067CT24,333,97.6
A0A067CXC8,425,95.7
A0A067CZT6,329,97.0
A0A067D5R2,409,90.2
A0A067D814,457,93.9
A0A067GK93,321,95.7
A0A067JAU2,333,96.4
A0A067MC03,317,97.3
A0A067MC09,316,98.0
A0A067ME78,315,70.4
A0A067MJR9,406,94.8
A0A067MN37,44,88.8
A0A067MSX0,367,96.1
A0A067N7R8,305,97.0
A0A067NHK1,158,95.4
A0A067NVB7,250,83.0
A0A067NXD0,323,93.1
A0A067PHP8,218,87.2
A0A067PPZ9,533,79.7
A0A067PSS3,203,81.9
A0A067S9C3,331,95.3
A0A067T9P6,303,98.2
A0A067TCE7,313,97.7
A0A067TKM5,364,95.5
A0A067XIX1,460,93.6
A0A068FAU8,207,93.4
A0A068NQY3,346,96.5
A0A068TU86,330,96.8
A0A068UD36,316,97.1
A0A068UEN7,326,95.5
A0A068UEP3,321,96.0
A0A068VB21,65,88.4
A0A068VBG9,177,60.2
A0A068VNV4,246,90.6
A0A069NJ99,227,97.6
A0A069P877,227,96.7
A0A069P8P9,224,96.9
A0A072P207,360,96.6
A0A072P5W0,346,96.9
A0A072P8W8,323,97.2
A0A072PCR1,387,95.9
A0A072PH66,176,72.6
A0A072PJG5,326,97.0
A0A072PV79,189,84.3
A0A072Q6Y5,236,95.5
A0A074RCL1,278,96.9
A0A074RG36,112,93.5
A0A074RJD3,302,93.1
A0A074RK37,307,84.7
A0A074RKY4,272,98.1
A0A074RLS0,276,98.0
A0A074RRF8,425,89.3
A0A074RSM2,281,98.0
A0A074RSY5,409,86.1
A0A074RTB9,315,97.4
A0A074RWE6,329,94.6
A0A074RXC0,305,93.4
A0A074RXE5,339,95.6
A0A074RXR6,317,97.2
A0A074RYB7,323,97.6
A0A074S0H8,281,96.8
A0A074S2B5,283,97.9
A0A074S7C5,355,84.7
A0A074S7W9,315,98.1
A0A074S897,302,98.0
A0A074S9M8,269,91.5
A0A074SA15,276,98.2
A0A074SDG0,292,93.4
A0A074SDL0,116,62.6
A0A074SFZ9,329,96.6
A0A074SK72,331,96.0
A0A074SK81,250,97.9
A0A074SUA9,289,95.4
A0A074VDT7,365,97.2
A0A074VGZ0,372,97.7
A0A074VI76,221,85.7
A0A074VIF5,381,95.9
A0A074W682,338,97.1
A0A074W6F3,220,87.7
A0A074WGJ9,366,95.9
A0A074WJS2,365,98.0
A0A074WWD6,372,97.6
A0A074X475,325,96.7
A0A074XC75,366,96.3
A0A074XNA1,337,94.8
A0A074XND5,319,70.9
A0A074XR97,368,97.3
A0A074XWE1,365,97.7
A0A074Y1Q9,325,97.8
A0A074YH07,337,96.9
A0A074YPA7,366,96.9
A0A074YPF6,365,97.9
A0A074YQS1,220,86.1
A0A074Z7G7,450,95.7
A0A074ZDD7,446,91.4
A0A074ZPR2,445,93.7
A0A075AU36,197,89.5
A0A075AX41,238,97.4
A0A075AYG4,251,91.2
A0A075AZW6,293,88.3
A0A075B1D3,300,85.3
A0A075BWS7,351,94.6
A0A075BX21,350,93.4
A0A075DN54,344,94.7
A0A075Q1C6,195,57.1
A0A075Q3G6,182,57.7
A0A075Q4B7,181,59.9
A0A075QBC7,195,57.1
A0A076FRB3,326,96.8
A0A076FRC0,179,93.7
A0A076FRN6,355,90.2
A0A076FRP2,349,90.2
A0A076FRP6,349,90.5
A0A076FT34,345,90.8
A0A076FX85,303,97.2
A0A076FX88,333,95.1
A0A076JQI5,335,93.7
A0A076KXK6,359,88.5
A0A077EN17,126,87.5
A0A077HD11,270,98.3
A0A077QRG5,195,73.6
A0A077R9S7,301,95.8
A0A077S4H3,330,97.0
A0A077YX65,286,96.0
A0A077Z814,312,90.4
A0A077ZFE0,418,79.2
A0A077ZGT3,354,91.2
A0A078AII6,385,88.2
A0A078ARQ6,243,81.5
A0A080Z0A1,374,94.6
A0A080ZC48,335,94.8
A0A080ZC49,273,93.0
A0A080ZVP8,320,97.0
A0A080ZVP9,326,95.5
A0A080ZVS2,464,92.6
A0A080ZVS5,504,80.2
A0A080ZVS7,425,83.9
A0A081AHF5,390,92.6
A0A081AVN2,372,93.8
A0A081AZP8,339,97.5
A0A081CKB9,301,97.3
A0A081XZW0,318,97.7
A0A084AF08,367,96.9
A0A084AJL7,293,94.1
A0A084AR48,376,96.9
A0A084AV30,353,97.0
A0A084AYI1,370,91.8
A0A084B2K4,304,98.3
A0A084B4D9,358,98.0
A0A084B663,331,89.1
A0A084B7G3,298,97.9
A0A084B8J4,314,98.1
A0A084BB06,274,96.3
A0A084FV28,391,88.1
A0A084FV70,314,97.1
A0A084G098,312,88.6
A0A084G330,356,89.2
A0A084G3K0,304,96.1
A0A084G593,365,84.2
A0A084G5H0,359,95.2
A0A084G6B5,380,97.6
A0A084G7S9,288,91.2
A0A084G7V9,328,97.9
A0A084G9G0,360,83.6
A0A084GCK1,321,97.6
A0A084GDW0,315,94.6
A0A084GGH5,368,90.5
A0A084GGL7,329,75.2
A0A084QC22,353,97.1
A0A084QCB8,304,98.3
A0A084QJ67,370,92.6
A0A084QQ18,358,97.9
A0A084QWG9,274,96.3
A0A084QX23,367,96.8
A0A084QY85,243,92.5
A0A084QZJ0,326,97.5
A0A084R0Y5,326,93.7
A0A084R149,298,97.8
A0A084R1I5,275,96.9
A0A085M8H3,355,92.9
A0A085N949,319,89.0
A0A085NCJ6,418,82.0
A0A086ADX6,293,97.7
A0A086J2K3,299,88.8
A0A086N2U2,285,97.6
A0A086SV08,354,96.8
A0A086T0Z5,342,87.0
A0A087QSF6,441,97.8
A0A087R0E2,430,95.7
A0A087RFL1,366,98.1
A0A087UWG6,153,86.6
A0A087UWG8,264,89.7
A0A087V2P2,433,98.0
A0A087X5L9,430,97.6
A0A087XJW4,433,89.4
A0A087XNB6,435,97.9
A0A087YDX2,354,97.3
A0A087YHH7,359,97.6
A0A089WYP0,269,98.4
A0A089X5M9,285,97.1
A0A090CH20,363,87.5
A0A090CL68,374,96.0
A0A090CMR9,333,98.0
A0A090CWC0,407,93.1
A0A090D4S5,317,97.6
A0A090KP27,294,82.8
A0A090L4G2,305,95.6
A0A090L5U2,362,92.3
A0A090LAX1,361,89.8
A0A090LH51,303,96.5
A0A090MKY8,158,91.9
A0A090N5Z6,280,97.8
A0A091DE91,336,91.0
A0A091EJM4,432,95.4
A0A091EJW4,337,98.1
A0A091EQ39,430,95.9
A0A091EQG7,366,98.0
A0A091FU06,430,91.9
A0A091GBZ3,337,97.5
A0A091GGF7,366,98.1
A0A091H384,441,97.9
A0A091HA89,374,94.6
A0A091HDB5,430,95.4
A0A091HSS0,434,96.1
A0A091IFA6,433,98.2
A0A091ISS4,440,97.8
A0A091IY37,431,89.9
A0A091JF89,366,98.1
A0A091JYW2,430,91.9
A0A091K495,441,97.8
A0A091K9P7,433,96.4
A0A091L5Q5,341,98.0
A0A091L9M2,417,94.0
A0A091LD51,372,93.7
A0A091M3M6,415,87.0
A0A091MG12,207,93.8
A0A091MMY9,205,93.7
A0A091N6A9,439,98.0
A0A091N6N3,433,94.8
A0A091NYE1,356,93.8
A0A091P6C8,433,98.2
A0A091P7E8,442,97.7
A0A091P9Q0,344,75.0
A0A091Q771,423,92.6
A0A091QFD1,366,97.8
A0A091QKA4,432,95.6
A0A091QM34,441,97.6
A0A091RH37,430,95.2
A0A091S066,433,98.0
A0A091SAS8,433,92.9
A0A091T007,374,84.6
A0A091TDY4,441,98.0
A0A091TFJ5,342,86.5
A0A091TMG5,352,86.6
A0A091U7D6,440,97.9
A0A091U7Y5,252,90.7
A0A091V703,324,96.4
A0A091VK98,366,98.2
A0A091W054,433,98.1
A0A091W550,441,97.9
A0A091W941,441,97.8
A0A091WPJ3,432,95.5
A0A093CEX0,433,98.2
A0A093CEY8,430,95.1
A0A093CQX0,349,83.1
A0A093FE14,407,97.5
A0A093FW37,426,93.3
A0A093G154,222,82.9
A0A093GEC8,441,97.8
A0A093GMV7,431,98.2
A0A093H736,432,95.9
A0A093I3S2,433,98.1
A0A093IJB5,441,97.7
A0A093JA04,410,93.4
A0A093NFD8,433,98.2
A0A093NYR8,441,97.9
A0A093PRN0,441,97.8
A0A093QDY2,374,94.8
A0A093R256,351,85.3
A0A093R2N9,441,97.9
A0A093RE66,433,98.1
A0A093V1Z2,278,69.9
A0A093V313,274,81.1
A0A093V4K7,372,96.6
A0A093VIP7,300,93.0
A0A093XBB1,313,94.7
A0A093XMU4,346,90.7
A0A094KB04,440,98.0
A0A094KNZ4,374,95.9
A0A094KVX1,431,98.2
A0A094ZEX3,450,95.2
A0A095A866,182,62.3
A0A095CG52,377,84.5
A0A096MND7,464,89.6
A0A096P1J2,360,97.4
A0A097ZQG6,297,97.0
A0A097ZQG8,297,97.2
A0A097ZQH0,297,97.4
A0A097ZQH2,300,95.7
A0A097ZQH8,171,98.0
A0A097ZQH9,297,97.4
A0A097ZQI1,83,58.3
A0A097ZQI2,297,97.2
A0A098E091,360,96.7
A0A098SBM4,212,69.6
A0A098VS40,372,85.5
A0A098VU05,382,58.6
A0A098Y3K8,252,95.4
A0A098YAD9,290,98.1
A0A099MZ46,312,90.3
A0A099ZQM2,432,96.4
A0A099ZU00,369,96.3
A0A099ZUV0,326,96.6
A0A0A0A6E7,366,98.0
A0A0A0AZE1,441,97.6
A0A0A0B9F3,284,95.8
A0A0A0D635,359,96.1
A0A0A0F2E9,250,94.0
A0A0A0HTK8,256,83.1
A0A0A0LRV2,260,65.0
A0A0A0LUI1,321,95.8
A0A0A0LV27,223,60.3
A0A0A0LXD0,328,96.8
A0A0A0MTD3,224,77.2
A0A0A1GL66,209,83.9
A0A0A1GND9,209,83.9
A0A0A1SZ60,383,94.5
A0A0A1T2S7,352,96.3
A0A0A1T3I6,353,92.0
A0A0A1T7C1,322,91.4
A0A0A1T9R6,353,96.2
A0A0A1TL71,370,94.4
A0A0A1UIC4,175,85.9
A0A0A1UIL1,272,98.1
A0A0A1UJW0,331,96.1
A0A0A1UJX2,328,98.2
A0A0A1UQ03,313,95.5
A0A0A1V0A4,370,90.3
A0A0A1V1E5,268,95.0
A0A0A1V7Z8,350,97.5
A0A0A1VA99,265,97.9
A0A0A1VAF9,265,97.6
A0A0A1YUC0,312,89.4
A0A0A2J1X4,323,95.0
A0A0A2JBW7,399,90.5
A0A0A2JEJ9,370,96.9
A0A0A2JPW5,319,93.2
A0A0A2JVP7,274,97.9
A0A0A2KL20,370,96.9
A0A0A2KWA6,323,95.0
A0A0A2LDC3,397,90.5
A0A0A2VDR5,337,82.4
A0A0A2VJT0,375,94.0
A0A0A2VR17,357,85.4
A0A0A2VY68,347,97.3
A0A0A2VYA5,319,93.3
A0A0A2W0H5,265,97.2
A0A0A2WKA0,308,93.7
A0A0A2X4S5,285,96.8
A0A0A3XNH3,375,83.6
A0A0A3XV83,317,96.7
A0A0A6DAA9,281,97.2
A0A0A6UDS1,275,97.6
A0A0A6UH53,266,98.2
A0A0A6UH99,266,98.2
A0A0A6UK08,266,98.3
A0A0A7CLR3,409,92.1
A0A0A7CLT5,306,96.9
A0A0A7CM13,324,95.0
A0A0A7CM93,323,96.3
A0A0A7CMA7,322,96.7
A0A0A7CMC8,331,90.7
A0A0A7CN07,311,93.3
A0A0A7CN79,323,96.9
A0A0A7CNE6,316,97.2
A0A0A7CNM6,337,94.1
A0A0A7CNP6,312,94.9
A0A0A7CP65,305,90.3
A0A0A7CP77,291,83.3
A0A0A7CPE6,455,88.6
A0A0A7CPF4,276,83.6
A0A0A7DL33,285,96.1
A0A0A7DY95,187,77.2
A0A0A7DY96,169,69.9
A0A0A7DY97,173,93.2
A0A0A7DY99,187,69.3
A0A0A7DYA3,169,69.9
A0A0A7DYA5,187,68.8
A0A0A7DYB0,187,71.6
A0A0A7DYB3,188,94.0
A0A0A7DYB6,187,71.6
A0A0A7DYB8,188,70.7
A0A0A7DYC0,188,67.8
A0A0A7DYC1,187,67.5
A0A0A7DYD4,174,94.0
A0A0A7DZ37,187,73.5
A0A0A7DZ43,188,72.3
A0A0A7DZ50,187,77.2
A0A0A7DZ51,187,66.8
A0A0A7DZ68,188,81.6
A0A0A7DZ87,188,74.1
A0A0A7LUI0,128,85.1
A0A0A7LUI6,128,86.1
A0A0A7LUL2,128,84.3
A0A0A7LUP6,128,83.9
A0A0A7LUQ1,128,85.6
A0A0A7LUS3,128,84.3
A0A0A7LUW5,128,87.0
A0A0A7LUY3,129,86.0
A0A0A7LWY1,128,87.0
A0A0A7LWZ0,128,87.0
A0A0A7LWZ3,128,84.9
A0A0A7LZ67,128,85.6
A0A0A8JDA9,142,91.7
A0A0A8JF18,123,91.0
A0A0A9B4Z2,115,78.3
A0A0A9H6D8,346,94.3
A0A0B1P7B6,246,50.7
A0A0B1PD39,372,94.3
A0A0B1RUA0,70,46.9
A0A0B1S158,100,63.9
A0A0B1S446,115,91.0
A0A0B1ST85,220,72.4
A0A0B1SX71,341,93.1
A0A0B1SXC6,66,85.3
A0A0B1T731,74,71.2
A0A0B1T920,287,67.5
A0A0B1TA76,89,74.3
A0A0B1TC96,370,92.2
A0A0B1TGX5,241,63.0
A0A0B1TH81,94,92.0
A0A0B1THY4,131,92.6
A0A0B1TJU4,356,91.9
A0A0B1TMI8,313,93.5
A0A0B1TP91,228,79.9
A0A0B2P1N0,305,96.8
A0A0B2P669,274,87.2
A0A0B2PDF7,274,93.7
A0A0B2PHV4,318,88.8
A0A0B2PIC8,265,72.2
A0A0B2RGX4,323,95.4
A0A0B2SNE1,335,94.9
A0A0B2SNW5,321,96.7
A0A0B2SP68,338,95.9
A0A0B2UX79,275,92.7
A0A0B2V4Z1,304,96.2
A0A0B2V753,354,94.1
A0A0B2V9B8,106,70.5
A0A0B2V9F1,128,84.3
A0A0B2VDU0,363,94.7
A0A0B2VHS7,266,95.5
A0A0B2VUC6,322,96.2
A0A0B2VVI5,405,92.8
A0A0B2WQI7,371,94.5
A0A0B2WZV7,142,96.4
A0A0B2X1U6,364,90.7
A0A0B2X5L4,79,83.2
A0A0B2XHY5,265,97.9
A0A0B4EB98,313,95.2
A0A0B4EN03,549,88.2
A0A0B4F0K9,350,97.5
A0A0B4FA01,215,86.1
A0A0B4FMW4,399,90.1
A0A0B4FP45,350,97.1
A0A0B4G3L8,311,97.4
A0A0B4GIZ3,261,90.1
A0A0B4GNB7,351,98.1
A0A0B4H3N4,401,90.0
A0A0B4H7C0,234,52.0
A0A0B4H7V4,399,91.3
A0A0B4H8D6,213,86.8
A0A0B4HCA4,351,97.0
A0A0B4IAB3,265,97.3
A0A0B4U9A9,151,75.6
A0A0B4UAS8,129,88.3
A0A0B4XAD1,266,96.1
A0A0B5A833,132,85.3
A0A0B5A835,132,85.4
A0A0B5A836,132,92.9
A0A0B5A839,126,78.2
A0A0B5A961,163,71.8
A0A0B5A967,132,85.9
A0A0B5A972,132,93.7
A0A0B5ABT8,147,75.7
A0A0B5ABU1,132,78.0
A0A0B5ABU6,133,86.0
A0A0B5ABV1,132,88.6
A0A0B5ACL1,153,74.5
A0A0B5ACL4,133,85.6
A0A0B5ACL8,132,88.6
A0A0B5ACM3,132,91.8
A0A0B5AE89,132,87.5
A0A0B5AE94,132,90.6
A0A0B5AEA0,132,86.8
A0A0B5D7C0,446,97.0
A0A0B5EPG7,284,97.9
A0A0B5F6T3,258,98.0
A0A0B5IBE8,285,97.7
A0A0B6AQS6,284,98.1
A0A0B6XZM6,190,88.6
A0A0B6YEN1,100,90.5
A0A0B6YS12,156,89.6
A0A0B6ZSD5,63,80.3
A0A0B7A0D2,297,91.0
A0A0B7A1Q5,268,97.4
A0A0B7A255,272,91.5
A0A0B7AFX7,280,94.2
A0A0B7AGB0,198,94.0
A0A0B7AKX4,79,85.9
A0A0B7AML2,32,95.1
A0A0B7AMR8,278,91.0
A0A0B7BDN3,201,88.6
A0A0B7BFK4,301,91.3
A0A0B7BG04,121,91.2
A0A0B7BQM1,61,73.7
A0A0B7BRF7,173,93.5
A0A0B7BRG2,190,93.9
A0A0B7BRG5,48,78.4
A0A0B7C4D3,88,90.3
A0A0B7F0F6,335,97.9
A0A0B7F0G8,331,98.5
A0A0B7F0N2,328,98.4
A0A0B7F0Q1,328,98.3
A0A0B7F1Z6,321,96.3
A0A0B7F229,292,97.7
A0A0B7F3K0,284,95.8
A0A0B7F5A8,283,98.2
A0A0B7F7A3,287,97.9
A0A0B7F8H0,278,97.2
A0A0B7FCB0,276,97.9
A0A0B7FFE4,212,96.9
A0A0B7FGN3,278,97.1
A0A0B7FL26,351,85.9
A0A0B7FN78,329,96.6
A0A0B7FQ89,317,97.9
A0A0B7FQF4,178,79.5
A0A0B7FR21,189,96.6
A0A0B7FSE1,296,85.7
A0A0B7FT97,419,89.0
A0A0B7FUX7,339,96.3
A0A0B7FUY2,339,97.2
A0A0B7FY08,356,88.5
A0A0B7G165,328,97.8
A0A0B7G340,280,97.3
A0A0B7G4H1,136,81.0
A0A0B7JIX7,373,90.9
A0A0B7JMD6,379,93.0
A0A0B7JS93,363,96.1
A0A0B7K4V5,367,94.8
A0A0B7K6S2,353,96.1
A0A0B7K6S7,360,97.2
A0A0B7K9E9,329,96.3
A0A0B7KA41,302,98.1
A0A0B7KAK2,292,97.8
A0A0B7KF68,293,97.3
A0A0B7KF87,316,97.0
A0A0B7KFX7,394,79.2
A0A0B7KHL5,361,96.9
A0A0B7KKI3,119,74.6
A0A0B7KKW5,96,77.9
A0A0C1NKB8,382,90.7
A0A0C2CAX1,83,87.7
A0A0C2D4H8,89,84.8
A0A0C2DA01,96,94.3
A0A0C2DDH5,340,77.8
A0A0C2DE73,82,60.2
A0A0C2DYT4,196,83.1
A0A0C2E179,154,60.1
A0A0C2E240,181,56.3
A0A0C2EVM1,395,89.1
A0A0C2EWN4,307,96.7
A0A0C2F7M2,275,97.8
A0A0C2F903,383,94.9
A0A0C2FYP6,72,93.3
A0A0C2G9S5,301,90.8
A0A0C2GCU9,76,66.0
A0A0C2GMT1,284,87.1
A0A0C2GVC1,299,77.1
A0A0C2GX57,205,94.9
A0A0C2H139,150,84.8
A0A0C2H351,75,61.8
A0A0C2H4J8,136,89.4
A0A0C2H9D1,144,83.6
A0A0C2HHH6,326,91.4
A0A0C2IEJ5,348,96.7
A0A0C2IES4,306,96.3
A0A0C2IMK2,372,97.0
A0A0C2W6Y7,371,92.0
A0A0C2W7D5,400,93.2
A0A0C2WNA9,304,79.0
A0A0C2WPB2,356,86.9
A0A0C2WPJ7,350,90.4
A0A0C2WY12,362,89.9
A0A0C2X1R3,353,89.3
A0A0C2XCT6,201,77.4
A0A0C2XG69,349,91.1
A0A0C2YBV3,365,94.9
A0A0C2ZYB9,316,60.8
A0A0C3AKS7,400,90.7
A0A0C3ARA1,390,91.8
A0A0C3ASP0,311,96.9
A0A0C3B3A9,344,95.3
A0A0C3B3T5,174,72.5
A0A0C3B6I5,398,88.8
A0A0C3B766,315,98.3
A0A0C3B7P4,350,90.5
A0A0C3BJQ5,310,93.2
A0A0C3CP60,339,98.1
A0A0C3CRE9,305,97.7
A0A0C3D1N7,361,94.6
A0A0C3DMT8,369,97.0
A0A0C3EEV9,185,88.3
A0A0C3F7Q7,240,89.3
A0A0C3FFF8,330,97.2
A0A0C3FFN2,239,76.6
A0A0C3FR79,308,94.5
A0A0C3FV27,156,39.6
A0A0C3FYC4,331,97.8
A0A0C3FYC9,135,62.8
A0A0C3GI02,271,98.1
A0A0C3H1J4,361,96.0
A0A0C3H2L9,336,94.8
A0A0C3JRY4,246,59.9
A0A0C3JW09,202,45.2
A0A0C3JWD6,405,83.8
A0A0C3LFR5,348,96.0
A0A0C3NCS7,336,93.2
A0A0C3P2N1,405,87.5
A0A0C3PGK8,192,87.0
A0A0C3Q4S8,376,94.1
A0A0C3Q5J6,322,74.4
A0A0C3QVQ1,333,96.4
A0A0C3RQX3,373,89.8
A0A0C3S3B5,329,91.0
A0A0C4DI87,304,98.1
A0A0C4DNP1,359,97.7
A0A0C4DNS3,262,97.8
A0A0C4DNU4,316,97.6
A0A0C4DWW6,320,97.9
A0A0C4DX73,356,97.4
A0A0C4DY08,267,88.1
A0A0C4DYF2,387,96.3
A0A0C4DYX4,325,98.1
A0A0C4E0P1,347,88.0
A0A0C4E313,374,93.1
A0A0C4E3X1,280,97.7
A0A0C4E530,369,96.3
A0A0C4E8A2,297,95.9
A0A0C4ECI4,349,97.6
A0A0C4ECU2,282,94.4
A0A0C4EEL6,195,90.7
A0A0C4EFA8,231,87.2
A0A0C4ERW9,213,83.8
A0A0C4F9W5,221,89.8
A0A0C5G0L4,285,97.4
A0A0C9S6R6,321,96.6
A0A0C9SL04,314,96.5
A0A0C9SMC2,365,94.7
A0A0C9SRH3,314,95.9
A0A0C9SUN8,191,85.1
A0A0C9SXL2,138,61.3
A0A0C9T1I0,165,94.1
A0A0C9TIX5,185,85.3
A0A0C9TQW6,410,92.0
A0A0C9TZW6,407,96.7
A0A0C9U854,317,70.6
A0A0C9USP9,266,90.1
A0A0C9UT30,275,82.5
A0A0C9V9W8,330,67.5
A0A0C9VHR2,269,79.6
A0A0C9VSL0,231,63.6
A0A0C9VWG7,350,69.4
A0A0C9W3M0,368,95.3
A0A0C9W3X0,330,95.5
A0A0C9W5Z2,345,91.0
A0A0C9WCY2,78,81.6
A0A0C9WDK0,177,95.6
A0A0C9WFQ9,88,68.0
A0A0C9WXQ7,340,96.2
A0A0C9XE26,305,96.8
A0A0C9YP62,189,88.3
A0A0C9Z2J2,107,76.5
A0A0C9Z647,419,94.1
A0A0C9ZMD3,286,76.2
A0A0C9ZZ45,174,44.8
A0A0D0AGR4,197,70.6
A0A0D0AL52,206,88.6
A0A0D0AMS9,161,94.6
A0A0D0C0C7,96,71.2
A0A0D0C0G3,66,47.4
A0A0D0CBB0,161,96.3
A0A0D0CCA2,341,96.9
A0A0D0CKT4,95,76.3
A0A0D0CM75,148,65.4
A0A0D0CV66,362,95.3
A0A0D0D7T8,46,94.1
A0A0D0DYH4,334,78.3
A0A0D0E695,185,88.7
A0A0D0EB00,391,94.4
A0A0D0EBE4,249,91.7
A0A0D0NEG3,270,94.9
A0A0D1CHR5,488,71.6
A0A0D1E6L1,289,95.2
A0A0D1W1D4,359,96.9
A0A0D1XF56,326,97.9
A0A0D1YF04,323,97.6
A0A0D1YWF9,352,95.3
A0A0D1YXH7,343,94.0
A0A0D1Z6F1,354,96.6
A0A0D1ZN85,323,97.3
A0A0D1ZTP1,302,97.6
A0A0D1ZZE1,371,96.1
A0A0D2AGE3,357,95.2
A0A0D2ANN3,404,90.2
A0A0D2B6L8,320,98.0
A0A0D2BB96,323,97.7
A0A0D2BH13,358,97.1
A0A0D2BK54,360,97.9
A0A0D2BKG3,338,97.2
A0A0D2BQ72,359,97.8
A0A0D2BR19,323,97.4
A0A0D2BUH7,351,96.6
A0A0D2C2B9,359,96.9
A0A0D2C7N4,323,98.1
A0A0D2CCR2,321,98.1
A0A0D2CEU5,343,95.3
A0A0D2CGS3,364,83.0
A0A0D2CK37,352,96.1
A0A0D2CYM2,360,98.0
A0A0D2CZ06,327,97.7
A0A0D2D206,460,89.9
A0A0D2D664,323,98.0
A0A0D2D9V1,411,88.1
A0A0D2DPV7,323,97.4
A0A0D2DTY5,267,88.5
A0A0D2DYM6,338,96.9
A0A0D2E0K9,354,96.1
A0A0D2EDR6,358,97.1
A0A0D2EE95,458,86.8
A0A0D2EIL3,323,97.5
A0A0D2EJY3,326,96.8
A0A0D2ETA8,358,96.3
A0A0D2EZC7,323,97.7
A0A0D2EZH2,196,91.6
A0A0D2F3M9,360,97.9
A0A0D2F4M5,323,97.8
A0A0D2FU82,481,75.1
A0A0D2G164,345,97.3
A0A0D2G9B5,346,97.3
A0A0D2GDT0,360,98.0
A0A0D2HA46,300,97.1
A0A0D2HB08,360,96.2
A0A0D2HER3,346,97.4
A0A0D2HGH5,300,96.9
A0A0D2I581,278,79.0
A0A0D2I6Y7,176,58.8
A0A0D2IAF0,323,97.5
A0A0D2IUZ3,412,89.2
A0A0D2IWH9,360,98.0
A0A0D2JFD5,323,98.1
A0A0D2JSE2,440,91.5
A0A0D2K829,323,97.6
A0A0D2KPV7,354,96.4
A0A0D2KQZ9,299,96.3
A0A0D2L070,360,98.0
A0A0D2LDS6,316,96.8
A0A0D2LGV5,298,97.2
A0A0D2M1N4,305,94.8
A0A0D2MIA5,367,92.5
A0A0D2MNS5,305,98.1
A0A0D2N6P1,345,94.6
A0A0D2NI02,328,97.0
A0A0D2P6I0,371,94.7
A0A0D2PGN2,317,97.6
A0A0D2PWI2,457,74.2
A0A0D2Q202,293,71.1
A0A0D2R8B0,333,97.0
A0A0D2R8B7,320,97.3
A0A0D2RZ91,297,97.2
A0A0D2TW57,316,92.1
A0A0D2UGD8,350,91.9
A0A0D2UIJ1,291,82.3
A0A0D2VFA6,333,95.1
A0A0D2XFT3,218,95.9
A0A0D2XK45,372,96.6
A0A0D2XKT7,185,67.2
A0A0D2XQH2,354,97.3
A0A0D2XTU9,367,97.4
A0A0D2XZ37,381,87.8
A0A0D2Y1T6,110,54.4
A0A0D2Y718,472,86.5
A0A0D2YBM6,278,96.8
A0A0D2YK19,315,96.4
A0A0D3EUY4,335,95.1
A0A0D3EUY6,320,82.5
A0A0D3G0L0,476,52.6
A0A0D3G0L1,322,89.8
A0A0D3HYU6,433,79.3
A0A0D3ITL1,297,91.2
A0A0D3IU29,323,91.6
A0A0D3J7L5,529,51.9
A0A0D3J9U9,235,70.0
A0A0D3JE56,315,86.8
A0A0D3JSQ2,639,74.0
A0A0D3JST8,473,76.4
A0A0D3JVB6,230,70.3
A0A0D3K7B7,127,87.1
A0A0D3L0P7,302,87.5
A0A0D3QE84,298,96.8
A0A0D3QEA5,298,96.7
A0A0D3QEB3,297,96.9
A0A0D3QEC2,332,86.0
A0A0D4D5X8,302,94.8
A0A0D4DDB6,327,97.4
A0A0D6B3K9,330,96.9
A0A0D6L5D9,268,92.6
A0A0D6L7U2,527,63.0
A0A0D6LDG1,388,83.6
A0A0D6LE19,363,85.7
A0A0D6LFQ9,345,87.9
A0A0D6LRV7,273,77.3
A0A0D6LU01,372,67.3
A0A0D6LUK5,89,82.2
A0A0D6LVI5,351,91.8
A0A0D6LVJ5,387,73.1
A0A0D6LWG8,96,81.6
A0A0D6LWX3,218,75.7
A0A0D6LXJ2,122,70.2
A0A0D6LYK8,355,92.0
A0A0D6LZL4,263,96.4
A0A0D6M6M4,201,80.1
A0A0D6M8N7,116,92.9
A0A0D6MD13,305,76.4
A0A0D6P930,386,93.9
A0A0D6R7V1,358,94.9
A0A0D7A608,403,71.2
A0A0D7AR41,205,51.6
A0A0D7AWR7,340,97.5
A0A0D7AZP4,358,94.3
A0A0D7B4G2,263,90.9
A0A0D7BDG3,278,49.7
A0A0D7BDR1,340,94.7
A0A0D7BEH6,342,93.5
A0A0D7BKM1,340,95.7
A0A0D8BE38,330,96.9
A0A0D8XNT8,86,82.8
A0A0D8XRD7,116,78.7
A0A0D8XUQ9,73,88.5
A0A0D8XX48,245,60.0
A0A0D8XXJ2,199,68.8
A0A0D8Y241,281,94.8
A0A0D8Y996,322,96.3
A0A0D8Y9Y2,345,88.4
A0A0D8ZXF6,276,97.0
A0A0D8ZXW9,292,97.3
A0A0D8ZY20,292,97.7
A0A0D9NK72,213,97.0
A0A0D9NNM1,311,97.3
A0A0D9NQB6,418,84.4
A0A0D9NQW1,279,95.8
A0A0D9NRE3,347,97.8
A0A0D9NSC2,254,76.3
A0A0D9NTT3,265,97.5
A0A0D9P6L9,350,97.5
A0A0D9R9M2,440,97.3
A0A0D9RY79,430,96.8
A0A0D9S0Q1,381,97.2
A0A0D9V6N1,316,71.6
A0A0D9V6N2,269,71.8
A0A0D9W9R3,307,93.9
A0A0D9XIN8,299,58.6
A0A0D9YG01,335,94.8
A0A0D9YG04,317,83.6
A0A0D9ZQY0,281,92.2
A0A0D9ZQY1,342,92.3
A0A0E0C8Q0,335,94.1
A0A0E0C8Q1,354,79.0
A0A0E0DIL3,325,94.8
A0A0E0FUB3,335,93.0
A0A0E0FUB6,320,87.4
A0A0E0H671,160,91.6
A0A0E0H672,295,96.5
A0A0E0JPQ3,330,94.8
A0A0E0JPQ4,328,95.1
A0A0E0KVG7,141,79.5
A0A0E0KVG9,318,95.2
A0A0E0KVH0,263,84.5
A0A0E0N3H7,354,91.2
A0A0E0N3I2,328,95.6
A0A0E0PEB0,191,80.3
A0A0E0PEB1,304,96.2
A0A0E0RYC2,292,94.6
A0A0E0S8J8,251,87.2
A0A0E1VPL6,383,88.2
A0A0E3J9W7,423,97.9
A0A0E3JS35,132,93.6
A0A0E3M0H4,132,83.9
A0A0E3M2K5,132,92.9
A0A0E4BYS9,326,98.1
A0A0F0GI82,272,98.3
A0A0F0I246,326,98.0
A0A0F0IBW7,367,97.6
A0A0F0IFR5,592,88.5
A0A0F0IHD9,289,96.8
A0A0F0IK08,361,96.4
A0A0F2LYP8,398,79.5
A0A0F2M048,428,88.5
A0A0F2MHX9,287,96.9
A0A0F2MIH6,395,93.1
A0A0F2MJY8,348,96.8
A0A0F2MLY8,269,97.7
A0A0F2T924,328,97.0
A0A0F3IP64,203,89.9
A0A0F3IVV6,189,85.1
A0A0F4G447,395,95.4
A0A0F4G6N0,335,95.3
A0A0F4G9M2,440,90.1
A0A0F4GBJ7,282,92.6
A0A0F4GHY4,366,97.3
A0A0F4GM26,370,96.9
A0A0F4GNX0,326,95.6
A0A0F4GR75,267,97.3
A0A0F4GRH8,537,72.4
A0A0F4GT00,296,96.9
A0A0F4GX97,385,92.4
A0A0F4H1R9,377,96.6
A0A0F4ITK2,285,96.6
A0A0F4JBG8,277,97.7
A0A0F4JVR7,275,95.7
A0A0F4XVI2,288,93.5
A0A0F4YE03,369,91.6
A0A0F4ZCE5,314,98.0
A0A0F4ZJV7,370,92.2
A0A0F5VAR5,291,94.3
A0A0F6AHE7,286,96.4
A0A0F6PA68,189,95.6
A0A0F6PA70,189,95.9
A0A0F6YHH7,295,97.3
A0A0F7G9W3,330,96.4
A0A0F7KCK6,260,97.5
A0A0F7RVY0,302,93.9
A0A0F7RY93,277,88.8
A0A0F7S7B3,287,97.5
A0A0F7TJ40,323,97.0
A0A0F7TKD9,289,97.7
A0A0F7TMS3,379,95.6
A0A0F7TS50,323,96.0
A0A0F7TYM6,301,98.1
A0A0F7VGQ2,327,97.5
A0A0F7VZF4,285,97.6
A0A0F7ZGR3,325,91.5
A0A0F7ZHW4,333,93.9
A0A0F7ZJT6,353,96.3
A0A0F7ZKE7,365,95.6
A0A0F7ZKL0,329,88.0
A0A0F7ZPL7,355,97.5
A0A0F7ZR69,158,75.6
A0A0F7ZRN8,328,96.0
A0A0F7ZS62,110,92.9
A0A0F7ZS77,309,86.4
A0A0F7ZUV5,349,97.0
A0A0F7ZWF9,327,90.3
A0A0F7ZYT2,376,95.4
A0A0F8A039,328,96.8
A0A0F8A0A1,328,94.8
A0A0F8A0K4,352,96.5
A0A0F8A1R3,354,97.0
A0A0F8A4E9,318,97.6
A0A0F8A4Q7,352,94.4
A0A0F8B351,377,93.2
A0A0F8CNX3,357,97.2
A0A0F8URR2,299,97.5
A0A0F8V8S6,335,90.6
A0A0F8W6I0,356,96.3
A0A0F8WX93,299,97.6
A0A0F9J123,327,96.7
A0A0F9WDC2,233,97.8
A0A0F9X0I7,372,93.6
A0A0F9ZGV2,353,97.9
A0A0G2DYV8,306,92.2
A0A0G2E3R6,366,76.3
A0A0G2E4V6,296,97.6
A0A0G2E6K5,119,72.9
A0A0G2EDI3,215,94.7
A0A0G2EEK2,367,96.7
A0A0G2EFR4,109,87.5
A0A0G2ET15,360,97.4
A0A0G2EUA6,301,95.0
A0A0G2EWS7,362,96.2
A0A0G2F5W5,251,96.7
A0A0G2F9B1,362,97.1
A0A0G2FCS1,297,97.8
A0A0G2FDL8,302,96.2
A0A0G2FG16,365,97.5
A0A0G2FI58,345,86.1
A0A0G2FLP9,330,91.1
A0A0G2FNI6,403,96.3
A0A0G2FTB0,303,95.8
A0A0G2FTH2,304,94.3
A0A0G2FWB3,304,61.1
A0A0G2G035,300,96.5
A0A0G2GB29,433,91.7
A0A0G2GEG2,362,95.5
A0A0G2GUG8,250,74.1
A0A0G2H6R0,237,95.6
A0A0G2HJR1,376,94.8
A0A0G2HMP9,300,83.2
A0A0G2HNV4,111,85.8
A0A0G2HXK2,367,97.0
A0A0G2I8P6,421,89.6
A0A0G2I941,356,97.1
A0A0G2IAS2,339,96.0
A0A0G2ICP6,231,92.4
A0A0G2IGH9,398,88.4
A0A0G2J5V5,329,95.0
A0A0G2J6J9,297,96.5
A0A0G2RG96,174,71.4
A0A0G2UFK1,132,86.6
A0A0G2UFK5,132,95.4
A0A0G2UFL2,171,94.8
A0A0G2UFL5,132,94.7
A0A0G2UFL7,171,95.3
A0A0G2UFL9,132,95.3
A0A0G2UH36,131,95.0
A0A0G2UH41,132,94.5
A0A0G2UH44,171,95.0
A0A0G2UH48,171,95.0
A0A0G2UH56,151,76.0
A0A0G2UL47,123,93.3
A0A0G2UL53,132,96.3
A0A0G2UL56,141,92.3
A0A0G2UL59,132,95.7
A0A0G2UNI2,167,72.6
A0A0G2UNJ0,168,69.4
A0A0G2YLH0,356,93.0
A0A0G3BQ28,269,92.4
A0A0G3EI80,189,95.3
A0A0G3EI85,189,95.0
A0A0G3EI90,189,93.7
A0A0G3EI95,189,93.8
A0A0G3EIA0,189,95.9
A0A0G3EIA6,189,94.8
A0A0G3EIB0,189,94.0
A0A0G3EIB5,189,95.9
A0A0G3EIC2,174,94.1
A0A0G3EIC6,189,96.0
A0A0G3EID1,189,95.9
A0A0G3EIE1,189,91.3
A0A0G3EIE6,189,95.2
A0A0G3EIF3,190,95.2
A0A0G3EII8,189,96.1
A0A0G3EIJ3,189,95.5
A0A0G3EIJ8,189,96.0
A0A0G3EIK3,193,91.0
A0A0G3EIK8,187,94.8
A0A0G3EIL3,189,93.2
A0A0G3EIM2,189,93.5
A0A0G3EIM6,189,93.0
A0A0G3EIN0,189,95.6
A0A0G3EIN4,189,95.7
A0A0G3EIN7,190,95.9
A0A0G3EIP0,191,95.8
A0A0G3EIP6,179,92.8
A0A0G3EIP9,190,93.8
A0A0G3EL65,182,95.5
A0A0G3EL70,189,95.8
A0A0G3EL75,191,95.7
A0A0G3EL85,189,96.1
A0A0G3EL90,189,95.7
A0A0G3EL95,189,92.3
A0A0G3ELA2,182,95.3
A0A0G3ELA9,189,95.3
A0A0G3ELB4,189,93.7
A0A0G3ELC0,188,93.5
A0A0G3ELC5,189,95.1
A0A0G3ELD1,189,94.0
A0A0G3ELD7,190,95.4
A0A0G3ELE2,183,96.0
A0A0G3EN18,175,95.2
A0A0G3EN21,189,95.9
A0A0G3EN28,185,91.3
A0A0G3EN32,182,95.2
A0A0G3EN36,186,94.5
A0A0G3EN41,189,91.7
A0A0G3EN44,189,92.1
A0A0G3EN48,189,93.8
A0A0G3EN52,189,95.2
A0A0G3EN57,174,94.1
A0A0G3EN62,180,93.7
A0A0G3EN68,174,93.8
A0A0G3EN74,193,92.5
A0A0G3EN80,179,95.7
A0A0G3EPV6,190,94.4
A0A0G3EPW1,182,94.7
A0A0G3EPW5,189,94.7
A0A0G3EPX1,189,95.8
A0A0G3EPX5,182,95.6
A0A0G3EPY4,189,95.9
A0A0G3EPY8,189,93.5
A0A0G3EPZ6,189,95.4
A0A0G3EQ00,189,95.2
A0A0G3EQ05,180,96.3
A0A0G3EQ10,182,94.0
A0A0G3EQ14,190,94.9
A0A0G3EQ19,189,93.2
A0A0G3EXV0,323,97.1
A0A0G4GQD9,279,91.0
A0A0G4GTR9,485,89.2
A0A0G4HMU6,493,79.1
A0A0G4HRH3,339,71.2
A0A0G4I9S5,502,87.5
A0A0G4ICW5,544,79.6
A0A0G4IJY2,224,87.4
A0A0G4IK72,234,93.3
A0A0G4IPB5,212,97.2
A0A0G4IQ91,212,95.7
A0A0G4IUB1,298,88.5
A0A0G4IUF0,218,95.9
A0A0G4IUQ3,230,88.2
A0A0G4J7H3,221,88.4
A0A0G4KK98,304,95.8
A0A0G4KKL5,304,98.0
A0A0G4KL14,364,95.3
A0A0G4KRK8,82,85.3
A0A0G4KTS8,377,80.7
A0A0G4KXE8,353,97.0
A0A0G4KXM3,353,97.2
A0A0G4KZ42,401,90.4
A0A0G4L6X2,304,97.7
A0A0G4LGJ4,352,94.9
A0A0G4LGV0,226,79.8
A0A0G4LMV7,304,97.8
A0A0G4LN34,393,92.4
A0A0G4LPB5,208,97.4
A0A0G4M1R8,351,97.4
A0A0G4M3R1,376,96.0
A0A0G4M788,115,88.8
A0A0G4MU28,66,70.7
A0A0G4MW88,145,82.5
A0A0G4N2N6,304,97.8
A0A0G4N7R0,356,87.5
A0A0G4NL88,393,92.0
A0A0G4NN18,352,95.9
A0A0G4NN28,352,96.0
A0A0G4NU02,263,94.6
A0A0G4NX83,370,96.7
A0A0G4PWG2,323,95.2
A0A0H1B385,329,95.7
A0A0H1B458,349,96.7
A0A0H1B4Y0,407,88.7
A0A0H1BKK9,338,96.1
A0A0H1BKR6,384,92.5
A0A0H1BRE8,385,87.4
A0A0H1BRF6,296,96.3
A0A0H1R9T1,209,94.8
A0A0H2RSH5,341,92.6
A0A0H3HYW4,392,90.7
A0A0H4AWE0,197,79.0
A0A0H4VRS5,133,89.6
A0A0H4VRT0,132,91.5
A0A0H4VRT4,132,85.6
A0A0H4VRT9,132,92.2
A0A0H4VRU3,133,95.3
A0A0H4VRU8,132,85.6
A0A0H4VRV3,132,94.1
A0A0H4VRV9,132,86.2
A0A0H4VRW5,132,86.1
A0A0H4VRZ3,132,94.8
A0A0H4VS00,132,90.8
A0A0H4VS07,132,94.9
A0A0H4VS10,133,91.8
A0A0H4VS14,151,83.9
A0A0H4VS18,132,94.5
A0A0H4VS26,133,88.3
A0A0H4VS31,151,74.9
A0A0H4VS36,132,86.1
A0A0H4VS40,133,91.9
A0A0H4VS43,132,93.8
A0A0H4VS46,132,95.0
A0A0H4VS50,132,92.5
A0A0H4VTB1,132,95.4
A0A0H4VTB7,131,91.9
A0A0H4VTC4,132,87.3
A0A0H4VTC9,132,94.0
A0A0H4VTD4,132,85.6
A0A0H4VTD8,132,95.9
A0A0H4VTE3,133,88.7
A0A0H4VTE7,132,91.8
A0A0H4VTF3,132,89.9
A0A0H4VTI7,153,87.1
A0A0H4VTK0,148,71.7
A0A0H4VTK5,132,90.8
A0A0H4VTL5,150,81.4
A0A0H4VTM1,132,90.8
A0A0H4VTM5,146,75.2
A0A0H4VTN0,132,90.3
A0A0H4VTN5,132,94.0
A0A0H4VTP1,132,84.9
A0A0H4VTP6,132,92.0
A0A0H4VTQ1,151,70.2
A0A0H4VTQ6,120,91.8
A0A0H4VTR1,132,91.1
A0A0H4VXB7,132,94.5
A0A0H4VXC3,132,92.0
A0A0H4VXC8,132,94.7
A0A0H4VXD4,151,93.1
A0A0H4VXD9,130,90.1
A0A0H4VXE6,132,94.7
A0A0H4VXF1,132,91.4
A0A0H4VXF7,132,90.6
A0A0H4VXG2,132,90.0
A0A0H4VXJ0,132,94.6
A0A0H4VXJ5,132,94.2
A0A0H4VXJ8,104,82.4
A0A0H4VXK2,132,87.8
A0A0H4VXK6,144,78.4
A0A0H4VXK7,123,90.7
A0A0H4VXL1,150,91.0
A0A0H4VXL2,132,87.1
A0A0H4VXL6,132,93.7
A0A0H4VXL7,132,89.5
A0A0H4VXL9,132,91.0
A0A0H4VXM2,151,85.3
A0A0H4VXM4,151,71.0
A0A0H4VXM7,133,89.9
A0A0H4VXM9,146,81.2
A0A0H4VXN2,132,93.3
A0A0H4VXN4,133,88.0
A0A0H4VXN9,132,91.1
A0A0H4VXP1,132,95.7
A0A0H4VXP3,133,92.1
A0A0H4VXP5,132,85.9
A0A0H4VXP7,132,87.0
A0A0H4VXQ0,132,85.6
A0A0H4VXU8,132,94.5
A0A0H4VXV7,151,94.1
A0A0H4VXW2,132,93.2
A0A0H4VXW7,132,91.0
A0A0H4VXX2,132,86.3
A0A0H4VXX8,133,90.8
A0A0H4VXY4,132,90.0
A0A0H4VXY8,133,91.2
A0A0H4VXZ1,132,93.7
A0A0H4VXZ7,132,93.0
A0A0H4VY02,132,89.6
A0A0H4VY07,133,92.1
A0A0H4VY12,132,88.4
A0A0H4VY18,132,89.5
A0A0H4VY22,152,71.8
A0A0H4WDE0,132,93.7
A0A0H4WDE5,132,87.1
A0A0H4WDF1,147,87.9
A0A0H4WDF6,145,92.0
A0A0H4WDG1,132,89.4
A0A0H4WDG6,132,92.5
A0A0H4WDH2,132,90.3
A0A0H4WDH6,146,71.3
A0A0H4WDH9,132,92.7
A0A0H4WDK0,150,94.1
A0A0H4WDK6,132,94.1
A0A0H4WDL2,146,74.9
A0A0H4WDL5,132,88.3
A0A0H4WDL8,132,90.6
A0A0H4WDM0,132,95.4
A0A0H4WDM2,133,92.2
A0A0H4WDM5,132,89.9
A0A0H4WDN0,132,90.3
A0A0H4WDN5,132,87.6
A0A0H4WDN8,132,88.1
A0A0H4WDP3,132,92.9
A0A0H4WDP7,133,87.3
A0A0H4WDQ2,132,88.8
A0A0H5ATL3,169,63.1
A0A0H5ATN9,170,75.2
A0A0H5ATT5,170,74.3
A0A0H5ATV3,169,66.2
A0A0H5ATX9,169,69.2
A0A0H5AWG7,169,66.2
A0A0H5AWM2,169,70.4
A0A0H5BDV9,170,76.6
A0A0H5BDW4,169,67.2
A0A0H5BE02,169,62.7
A0A0H5BE20,169,67.2
A0A0H5QHV8,195,61.1
A0A0H5R6Z8,211,98.2
A0A0H5RCB1,237,94.7
A0A0H5RDM7,67,88.4
A0A0H5RF96,217,93.5
A0A0H5S2I7,358,92.4
A0A0I9N9E9,354,94.2
A0A0I9XPQ9,354,97.2
A0A0I9Y4T4,372,96.6
A0A0I9ZEE2,319,96.9
A0A0J6F5Z0,355,90.3
A0A0J6FL98,345,80.7
A0A0J6H4S8,295,97.8
A0A0J6H9I7,302,97.5
A0A0J6IJN4,383,94.3
A0A0J6SSV4,308,92.8
A0A0J6XJT5,285,96.0
A0A0J6YFZ0,357,96.8
A0A0J6YKE2,383,95.2
A0A0J7AI25,270,98.3
A0A0J7AYB6,371,97.0
A0A0J7IIV1,310,96.9
A0A0J7Z2T4,283,97.7
A0A0J7ZCV6,269,98.5
A0A0J8QV02,94,93.6
A0A0J8QZ21,357,95.8
A0A0J8QZ92,62,80.7
A0A0J8R972,383,95.2
A0A0J8RM30,383,95.2
A0A0J8RXA2,154,89.8
A0A0J8RYC4,333,88.3
A0A0J9END7,416,87.2
A0A0J9UP62,324,97.6
A0A0J9UPS8,372,96.6
A0A0J9UPT4,272,95.0
A0A0J9UW43,208,80.1
A0A0J9UYA5,354,97.3
A0A0J9V2F4,367,97.4
A0A0J9VB39,372,92.7
A0A0J9VFE8,110,54.4
A0A0J9VIU7,152,83.7
A0A0J9VNP9,472,86.5
A0A0J9W938,304,98.1
A0A0J9W9W5,319,97.6
A0A0J9WIE9,348,96.7
A0A0J9WRG4,242,76.0
A0A0J9WSW0,278,96.8
A0A0J9YBJ2,323,91.6
A0A0J9YGT4,171,95.4
A0A0J9YGT5,172,95.5
A0A0J9YGT6,171,95.5
A0A0J9YGT7,171,94.8
A0A0J9YGT8,172,93.1
A0A0J9YGT9,132,88.6
A0A0J9YGU0,171,93.0
A0A0J9YGU1,172,94.1
A0A0J9YGU2,171,94.6
A0A0J9YGU3,172,95.2
A0A0J9YGU4,132,94.9
A0A0J9YGU5,171,95.4
A0A0J9YGU6,172,93.6
A0A0J9YGU7,171,95.0
A0A0J9YGU8,171,95.0
A0A0J9YGU9,171,94.0
A0A0J9YGV0,175,95.0
A0A0J9YGV1,171,95.0
A0A0J9YGV2,171,95.5
A0A0J9YGV3,174,68.5
A0A0J9YGV5,172,94.6
A0A0J9YGV6,173,94.7
A0A0J9YGV7,171,95.0
A0A0J9YGV8,171,94.4
A0A0J9YGV9,162,84.1
A0A0J9YGW0,171,94.4
A0A0J9YGW1,172,94.5
A0A0J9YGW2,169,93.6
A0A0J9YGW3,171,94.1
A0A0J9YGW4,171,92.8
A0A0J9YGW5,172,95.5
A0A0J9YGW6,166,92.3
A0A0J9YGW7,171,95.2
A0A0J9YGW8,171,94.7
A0A0J9YGW9,171,95.3
A0A0J9YGX0,171,95.3
A0A0J9YGX1,171,95.2
A0A0J9YGX2,167,70.1
A0A0J9YGX3,171,95.3
A0A0J9YGX4,171,93.2
A0A0J9YGX5,169,93.2
A0A0J9YGX6,171,95.3
A0A0J9YGX7,164,84.9
A0A0J9YGX8,171,94.1
A0A0J9YGX9,171,95.4
A0A0J9YGY0,171,94.8
A0A0J9YGY1,172,94.4
A0A0J9YGY2,171,95.3
A0A0J9YGY3,171,95.6
A0A0J9YGY4,171,95.4
A0A0J9YGY5,171,95.3
A0A0J9YGY6,129,93.1
A0A0K0CUW5,297,75.6
A0A0K0DJC5,204,52.9
A0A0K0DST0,362,93.3
A0A0K0DT82,270,95.9
A0A0K0E814,305,96.5
A0A0K0ESW5,308,91.0
A0A0K0EYH4,270,97.4
A0A0K0EZE2,303,96.6
A0A0K0FIL8,349,93.1
A0A0K0G017,323,95.7
A0A0K0NPU9,330,97.2
A0A0K0V632,145,71.1
A0A0K0V644,151,56.2
A0A0K0YB13,393,93.5
A0A0K1U2S5,182,95.9
A0A0K1ZEQ7,140,63.1
A0A0K1ZET2,140,66.3
A0A0K1ZKE1,276,97.9
A0A0K1ZP03,273,97.4
A0A0K2AS04,285,98.0
A0A0K2D7R5,124,87.7
A0A0K6FKC6,339,97.4
A0A0K6FMF9,299,85.8
A0A0K6FMI2,74,82.0
A0A0K6FMV0,281,96.4
A0A0K6FN04,231,77.5
A0A0K6FPB5,298,87.5
A0A0K6FPV3,318,78.7
A0A0K6FQJ6,287,96.8
A0A0K6FU45,281,97.1
A0A0K6FUE9,276,97.6
A0A0K6FYY1,276,98.2
A0A0K6FZ11,271,97.7
A0A0K6FZ23,359,70.9
A0A0K6FZJ5,337,96.8
A0A0K6G019,335,97.9
A0A0K6G359,295,95.0
A0A0K6G3H3,286,95.2
A0A0K6G3Y2,196,81.8
A0A0K6G833,161,92.9
A0A0K6G9I8,287,92.5
A0A0K6G9I9,288,97.5
A0A0K6G9U9,276,98.6
A0A0K6GC82,406,94.1
A0A0K6GCM0,427,89.7
A0A0K6GCX1,391,93.8
A0A0K6GD51,661,88.4
A0A0K6GEK7,315,96.5
A0A0K6GFZ7,276,98.0
A0A0K6GGD1,73,91.1
A0A0K6GGT0,271,80.3
A0A0K6GH52,156,90.5
A0A0K6GIP8,315,97.2
A0A0K6GIQ1,149,49.3
A0A0K6GIR3,330,91.3
A0A0K6GJ17,692,85.1
A0A0K6GJ49,281,86.1
A0A0K8PDA5,238,96.4
A0A0K8PE74,267,92.4
A0A0K8PWI6,285,97.8
A0A0K9NMQ6,333,95.3
A0A0K9NTB7,330,96.9
A0A0K9NVF0,169,84.4
A0A0K9P7U4,300,92.2
A0A0K9PD68,297,96.3
A0A0K9PS79,267,90.0
A0A0K9PZE6,318,92.1
A0A0K9PZY4,315,87.9
A0A0K9Q3U4,334,93.8
A0A0L0FIJ4,183,80.6
A0A0L0GEJ5,394,92.7
A0A0L0HF05,301,94.4
A0A0L0HG65,280,95.8
A0A0L0HGD9,281,95.3
A0A0L0KD03,284,97.0
A0A0L0LVJ1,227,97.6
A0A0L0N249,366,86.5
A0A0L0N6W4,353,97.8
A0A0L0NB41,275,96.1
A0A0L0NDW4,372,93.2
A0A0L0RXW5,252,93.7
A0A0L0RZ18,362,92.6
A0A0L0S5H6,261,97.0
A0A0L0S6J0,325,97.2
A0A0L0S771,362,90.5
A0A0L0SBE5,252,93.2
A0A0L0SEA4,152,85.2
A0A0L0SHB1,248,95.6
A0A0L0SML6,255,96.7
A0A0L0SNS0,271,96.7
A0A0L0SY24,252,93.4
A0A0L0T1I9,246,96.1
A0A0L0T297,251,96.1
A0A0L0T3A5,348,89.7
A0A0L0T3E0,246,94.8
A0A0L0T7W0,256,96.4
A0A0L0TAE3,249,97.3
A0A0L0TBD6,255,96.8
A0A0L0TFC6,246,94.0
A0A0L0VSP3,286,83.9
A0A0L0VSW2,286,93.1
A0A0L0W3I3,279,97.8
A0A0L0W3Q3,296,87.1
A0A0L0W3R9,300,85.8
A0A0L0W4D9,320,80.4
A0A0L1INA1,358,97.3
A0A0L1IR14,588,88.2
A0A0L1IVZ5,378,96.9
A0A0L1IXW8,282,92.8
A0A0L1JH90,289,96.6
A0A0L1JHV9,323,96.5
A0A0L1JIN5,326,96.6
A0A0L6U6A8,168,86.0
A0A0L6U6B2,313,83.9
A0A0L6UHL7,349,69.9
A0A0L6VMV5,274,86.8
A0A0L6VTF1,339,69.3
A0A0L8FFZ3,315,84.1
A0A0L8FGF3,465,83.3
A0A0L8FPZ6,357,80.7
A0A0L8G8M2,201,89.9
A0A0L8GNM6,291,87.0
A0A0L8GQB8,426,95.9
A0A0L8HD18,260,73.1
A0A0L8HYV5,259,90.6
A0A0L8I5G4,289,93.9
A0A0L8I5I0,248,76.8
A0A0L8I6T4,81,81.2
A0A0L8ICD6,352,88.9
A0A0L8IDI7,376,85.7
A0A0L8J8Y0,270,98.0
A0A0L8JM97,285,97.1
A0A0L8KT78,285,96.9
A0A0L8LAR0,269,98.4
A0A0L8M4B5,279,96.9
A0A0L8M4C5,285,95.7
A0A0L9U315,329,93.9
A0A0L9VFM6,324,96.7
A0A0L9VFW5,320,96.2
A0A0M2GKY8,269,98.4
A0A0M2GZN4,286,96.6
A0A0M3HW24,323,94.3
A0A0M3IBJ1,354,93.6
A0A0M3IG66,430,89.8
A0A0M3IJ33,307,94.4
A0A0M3J3X7,137,39.4
A0A0M3J581,297,94.5
A0A0M3J9Q6,199,72.8
A0A0M3JQE4,58,82.8
A0A0M3K8B7,305,93.2
A0A0M3K979,186,88.5
A0A0M3KA58,263,85.2
A0A0M3KDC4,270,97.7
A0A0M3KDT7,207,70.1
A0A0M3KDZ2,132,83.7
A0A0M3KI40,175,68.8
A0A0M3M730,332,95.4
A0A0M3SGJ8,133,90.3
A0A0M3TBA3,285,97.0
A0A0M3VGM2,198,95.4
A0A0M3VGM4,203,96.2
A0A0M3VGM9,203,96.2
A0A0M3VGN0,203,96.2
A0A0M3VGN2,203,93.6
A0A0M4DRR3,284,95.6
A0A0M4JAQ7,133,90.3
A0A0M4JAR5,133,90.3
A0A0M4JIT8,133,90.3
A0A0M4JJ18,133,90.3
A0A0M4K3M7,133,90.3
A0A0M4K5U0,133,90.3
A0A0M4MAU7,288,96.3
A0A0M4TP29,306,95.8
A0A0M4TP40,203,96.2
A0A0M4TP46,307,96.3
A0A0M4TQ38,203,95.4
A0A0M4TQ45,306,95.8
A0A0M4TQ62,203,96.1
A0A0M4TZM2,203,96.1
A0A0M4TZP5,203,95.8
A0A0M4U2A3,176,96.8
A0A0M4U2C7,203,95.5
A0A0M4UG28,203,96.2
A0A0M4UG34,177,96.8
A0A0M4UG48,306,95.6
A0A0M4UPQ1,203,82.6
A0A0M4UPR4,203,96.2
A0A0M4UPS2,203,95.6
A0A0M4URW9,203,96.2
A0A0M4URX5,204,96.0
A0A0M5KAI2,133,90.3
A0A0M5MQV0,306,95.8
A0A0M5MQV4,203,96.2
A0A0M5MSD5,205,96.0
A0A0M5MU45,176,97.1
A0A0M5MU52,203,96.1
A0A0M5MW46,203,96.2
A0A0M5TJH2,204,96.1
A0A0M5TK18,203,96.2
A0A0M6Y0M3,291,96.9
A0A0M8MUF9,175,79.7
A0A0M8N0I4,352,97.5
A0A0M8N5H8,238,74.1
A0A0M8NS36,386,91.1
A0A0M8QIS7,285,96.9
A0A0M9EQF9,180,75.6
A0A0M9ER85,361,97.7
A0A0M9ERT3,372,96.6
A0A0M9ETD6,361,96.5
A0A0M9EWC2,304,97.6
A0A0M9F0D9,396,88.0
A0A0M9F576,352,97.4
A0A0M9WB41,322,94.9
A0A0N0DBY3,361,97.2
A0A0N0DC34,385,87.3
A0A0N0DCE6,238,69.9
A0A0N0DCH3,193,96.0
A0A0N0DDD1,319,97.6
A0A0N0H3U4,320,93.7
A0A0N0NN05,362,83.5
A0A0N0NSC1,217,89.0
A0A0N0RYX6,422,76.1
A0A0N0ZT96,310,95.6
A0A0N1H7B4,329,97.2
A0A0N1HAY8,346,94.2
A0A0N1HXY4,383,95.7
A0A0N1P0I4,323,97.2
A0A0N1P1X4,308,79.5
A0A0N4SWM7,354,93.8
A0A0N4SWM8,587,67.0
A0A0N4T6F5,171,77.2
A0A0N4T838,228,63.2
A0A0N4TE62,167,93.2
A0A0N4TEG0,95,79.5
A0A0N4TFW9,90,66.3
A0A0N4TH03,129,67.4
A0A0N4U1W5,351,84.1
A0A0N4U462,266,95.8
A0A0N4UF68,304,96.8
A0A0N4UH71,332,95.2
A0A0N4V1I5,339,78.8
A0A0N4VH14,316,94.7
A0A0N4VKH8,301,77.3
A0A0N4W206,295,95.6
A0A0N4W2K4,380,86.2
A0A0N4W319,272,94.9
A0A0N4W3N3,353,93.3
A0A0N4WJP6,363,92.3
A0A0N4WK64,322,95.7
A0A0N4WW63,186,73.1
A0A0N4X1J9,266,94.8
A0A0N4X7Y7,311,90.9
A0A0N4XB85,123,79.0
A0A0N4XC55,308,94.3
A0A0N4XE91,196,83.4
A0A0N4XV58,278,92.0
A0A0N4XV59,384,83.3
A0A0N4Y6D6,331,73.6
A0A0N4YHN0,360,93.3
A0A0N4YNX1,289,86.5
A0A0N4YPX6,315,52.8
A0A0N4ZAV1,266,95.9
A0A0N4ZH21,361,89.5
A0A0N4ZUJ2,303,96.6
A0A0N4ZWQ0,362,91.8
A0A0N5AGM7,300,95.8
A0A0N5AUT7,205,76.6
A0A0N5BLW3,356,89.8
A0A0N5BTH1,303,96.2
A0A0N5BZ94,307,94.6
A0A0N5C291,307,95.1
A0A0N5CG53,361,89.4
A0A0N5CHB0,362,91.5
A0A0N5CJV0,354,93.8
A0A0N5CNE4,330,80.6
A0A0N5CNE5,320,81.0
A0A0N5D5Q3,233,61.1
A0A0N5D763,353,91.3
A0A0N7EI22,301,96.7
A0A0N7H8Q0,284,96.4
A0A0N7HV29,354,97.9
A0A0N7HXK5,132,90.1
A0A0N7J0M1,175,59.0
A0A0N7J0M2,174,63.7
A0A0N7J0M4,175,64.5
A0A0N7J0M5,175,54.0
A0A0N7KC59,301,81.5
A0A0N7YL27,269,98.2
A0A0N8H920,124,85.4
A0A0N9DV50,338,97.3
A0A0N9DV65,330,96.6
A0A0N9HGV8,326,97.0
A0A0N9HQF2,320,95.8
A0A0N9HUR6,269,98.2
A0A0N9LXU7,337,94.6
A0A0N9VSI6,311,96.9
A0A0P0BZ27,283,98.0
A0A0P0CA96,132,91.0
A0A0P0CAN7,132,94.2
A0A0P0CER5,133,91.3
A0A0P0CJL5,145,92.9
A0A0P0CR86,132,91.3
A0A0P0CR95,132,94.3
A0A0P0CX97,132,93.4
A0A0P0CZE6,132,93.7
A0A0P0D358,138,66.3
A0A0P0D585,132,93.7
A0A0P0D5I8,132,91.5
A0A0P0IH94,96,94.5
A0A0P0JRG9,63,71.3
A0A0P0JRH6,174,95.6
A0A0P0JXI8,178,52.3
A0A0P0JXJ6,176,95.2
A0A0P0JXK6,153,62.4
A0A0P0K2W5,165,89.9
A0A0P0K2X3,174,93.5
A0A0P0K2Y6,174,58.1
A0A0P0K7G6,173,95.9
A0A0P0KDH5,174,62.3
A0A0P0KDJ6,175,55.3
A0A0P0KDK7,174,93.7
A0A0P0KEQ9,125,73.9
A0A0P0KER9,175,61.1
A0A0P0KET2,175,59.5
A0A0P0KJ94,173,95.5
A0A0P0KJA5,174,60.5
A0A0P0KMP6,175,93.7
A0A0P0KMQ5,174,67.4
A0A0P0KMR3,174,60.0
A0A0P0KSU2,177,55.5
A0A0P0KSW5,175,57.4
A0A0P0KSX5,175,94.2
A0A0P0KU17,175,59.2
A0A0P0KU27,174,93.3
A0A0P0KU35,164,93.5
A0A0P0UX01,260,94.7
A0A0P0V943,227,84.9
A0A0P0WEZ4,334,96.2
A0A0P0WFB1,94,89.7
A0A0P1AGU0,373,69.6
A0A0P1AML5,371,94.8
A0A0P1ANE6,328,95.1
A0A0P1AW40,385,92.7
A0A0P1AY18,393,92.7
A0A0P1AY43,521,76.6
A0A0P1B2I3,391,93.1
A0A0P1FFJ7,355,92.9
A0A0P7APX3,352,96.7
A0A0P7AYL1,293,97.5
A0A0P7AZ30,351,97.6
A0A0P7B6C2,354,97.6
A0A0P7B6M1,324,97.8
A0A0P7BCC7,372,97.2
A0A0P7BFC0,244,93.0
A0A0P7BKW4,327,90.0
A0A0P7BUG0,398,82.2
A0A0P7CKA5,214,83.1
A0A0P7CSS2,157,67.3
A0A0P7TKK4,437,70.9
A0A0P7XBT8,364,96.2
A0A0P7YXS6,476,90.2
A0A0P7Z6P2,206,93.9
A0A0P7ZSV8,353,95.6
A0A0Q3M1Y0,434,97.8
A0A0Q3N0S9,376,90.7
A0A0Q3PGP4,437,97.6
A0A0Q3URE6,257,81.7
A0A0R0D5V2,275,97.3
A0A0R0G762,236,71.9
A0A0R0G896,308,89.9
A0A0R0GQB4,336,95.0
A0A0R0GYN5,332,95.7
A0A0R0JBC8,319,88.8
A0A0R0JCW2,333,92.8
A0A0R0LHN0,127,82.1
A0A0R0LTG5,338,71.1
A0A0R2Y939,307,98.1
A0A0R3PF75,307,82.6
A0A0R3PT20,322,95.6
A0A0R3PW97,259,64.3
A0A0R3PXD4,321,80.9
A0A0R3QQ18,311,95.6
A0A0R3QQN1,136,89.1
A0A0R3QRS7,116,75.8
A0A0R3R4J2,235,95.0
A0A0R3RAJ5,175,65.1
A0A0R3RGG0,323,94.8
A0A0R3RHW7,354,93.5
A0A0R3RSJ5,323,84.8
A0A0R3RX42,308,95.8
A0A0S1MK18,187,94.3
A0A0S2FCJ0,346,96.9
A0A0S2SVY3,324,95.4
A0A0S3Q2G5,327,96.6
A0A0S3RT48,329,96.1
A0A0S3RT50,329,94.9
A0A0S3S2K2,320,96.2
A0A0S4LNR0,228,92.9
A0A0S4QMR3,314,98.0
A0A0S4TM49,273,97.5
A0A0S4TX46,276,97.8
A0A0S4U8D6,265,96.9
A0A0S4V1M6,273,97.5
A0A0U1M3F3,397,90.3
A0A0U1M3S2,313,93.2
A0A0U1M7Z5,353,97.2
A0A0U1MAB1,315,88.7
A0A0U1TTF5,289,89.5
A0A0U1VG68,326,93.8
A0A0U2D7M5,327,94.1
A0A0U2DXN3,336,97.4
A0A0U3KNS5,285,95.8
A0A0U3ND85,354,97.5
A0A0U5C6D2,397,90.1
A0A0U5C9K9,316,97.7
A0A0U5CC61,405,90.9
A0A0U5CK06,253,78.1
A0A0U5G353,296,97.8
A0A0U5GGT1,357,97.8
A0A0U5GNJ7,389,84.9
A0A0U5GQP9,259,72.6
A0A0U9HU61,363,82.5
A0A0V0GUA6,74,89.1
A0A0V0IHG3,307,94.4
A0A0V0IIM0,174,92.0
A0A0V0R8Y7,303,82.7
A0A0V0S806,438,77.6
A0A0V0SMD1,417,81.4
A0A0V0TGR2,437,76.4
A0A0V0UCI7,417,76.1
A0A0V0YE73,372,82.7
A0A0V0YIL5,418,69.9
A0A0V1A2F9,417,78.9
A0A0V1AAJ2,431,76.7
A0A0V1ABN4,379,85.8
A0A0V1BIN6,440,76.8
A0A0V1DDF7,226,52.6
A0A0V1DE70,376,86.5
A0A0V1DFZ9,417,80.8
A0A0V1EIF6,418,75.9
A0A0V1ESS6,323,92.1
A0A0V1FSY3,418,77.8
A0A0V1G4S3,361,89.9
A0A0V1I3Y0,314,92.3
A0A0V1I4K6,417,79.0
A0A0V1JGZ6,418,73.6
A0A0V1JHS7,384,86.3
A0A0V1KD92,376,87.8
A0A0V1KR57,400,82.2
A0A0V1LPZ2,417,77.5
A0A0V1MUW3,359,89.6
A0A0V1N8R5,417,78.0
A0A0W0EZ29,351,92.6
A0A0W0EZ38,304,96.0
A0A0W0F0K7,282,92.2
A0A0W0F6C2,280,88.3
A0A0W0FIC5,312,94.3
A0A0W0GBL7,191,73.0
A0A0W0GD91,291,91.2
A0A0W0GDC0,309,97.9
A0A0W0GEC9,124,90.4
A0A0W7VMU8,383,89.6
A0A0W7W3G9,353,97.4
A0A0W7WYA7,301,98.5
A0A0W7WZ21,285,96.1
A0A0W8AY19,338,94.0
A0A0W8BY92,390,92.1
A0A0W8C3P5,425,83.7
A0A0W8C3R7,294,94.1
A0A0W8CBY9,320,96.9
A0A0W8CFP1,294,95.7
A0A0W8CSU7,398,83.6
A0A0W8CT97,138,81.0
A0A0W8DAM1,353,94.0
A0A0W8DI56,406,92.3
A0A0W8DVC6,373,94.4
A0A0X3NRP7,452,95.3
A0A0X3Q9U6,448,96.4
A0A0X3VR41,269,98.5
A0A0Y0DNT4,316,93.2
A0A0Y0HPL2,432,93.1
A0A0Y0M9L4,132,95.0
A0A0Y0M9M5,132,87.8
A0A0Y0MJT3,149,64.8
A0A0Y0MNL0,132,91.8
A0A0Y0MNL9,132,89.6
A0A0Y0MS87,132,73.3
A0A0Y0MW19,132,85.0
A0A0Y0N083,132,91.2
A0A0Y0N4F5,112,65.9
A0A0Y0N4G9,132,90.8
A0A0Y0N8H2,90,67.6
A0A0Y0N8I3,133,86.4
A0A0Y0NC49,128,92.2
A0A0Y0NC62,132,95.0
A0A100I6A4,358,97.5
A0A100IMI4,269,87.5
A0A100IQL8,313,96.1
A0A100JPF4,285,97.6
A0A100WRM8,284,96.5
A0A100Y8Z3,285,97.4
A0A101J743,283,96.8
A0A101M9I9,370,96.6
A0A101MLX7,386,91.2
A0A101MR60,322,94.8
A0A101N565,269,98.4
A0A101NIJ2,285,96.7
A0A101NKQ7,239,95.1
A0A101NV74,285,97.2
A0A101P6K5,270,98.5
A0A101QUU6,285,97.3
A0A101R4N3,269,98.6
A0A101RWK5,269,98.5
A0A101SWH6,269,98.5
A0A101SXR6,285,97.6
A0A101TBM6,269,98.6
A0A101U6G7,269,98.4
A0A102PM76,395,89.9
A0A103MFI0,231,91.3
A0A103PNW8,395,89.8
A0A103PWC4,356,93.0
A0A103XLY4,138,70.3
A0A106A3A2,337,94.8
A0A106JV15,162,94.4
A0A106UV91,337,93.3
A0A107FN97,395,90.0
A0A108CDW8,395,91.1
A0A108IP97,337,95.6
A0A108U4M8,346,97.1
A0A109QVV3,132,91.8
A0A109QVV4,132,95.0
A0A109QVV5,132,90.3
A0A109QVV6,132,94.2
A0A109QVV8,133,93.8
A0A109QVZ2,132,88.8
A0A109QW66,132,92.4
A0A109QWA8,133,86.0
A0A109QXL2,132,88.3
A0A109Y9Y9,435,97.9
A0A110AXN9,286,86.8
A0A117DZY6,289,96.8
A0A117E182,320,95.5
A0A117E211,373,95.8
A0A117MLS2,271,98.5
A0A117NXX7,283,96.9
A0A117P530,269,98.5
A0A117PT81,285,97.6
A0A117RCM1,285,97.5
A0A118GGJ3,144,78.8
A0A118JXA6,330,97.1
A0A118K103,310,95.3
A0A118K104,329,95.9
A0A118K108,344,92.8
A0A118K6E8,267,65.5
A0A118KK65,395,89.4
A0A120I026,132,88.3
A0A120I0H1,132,88.3
A0A120I0P9,153,76.7
A0A120I0S2,132,90.3
A0A120KAX9,133,86.1
A0A124BUX3,372,98.2
A0A124C387,270,98.3
A0A124GWH9,325,97.4
A0A124HCX7,269,98.5
A0A124HPH4,285,97.1
A0A124HYZ7,285,96.9
A0A124I005,285,97.9
A0A124I9G6,283,97.8
A0A124IDG4,270,98.5
A0A124SHT3,351,93.3
A0A125RLK6,132,94.4
A0A125RLK8,132,94.4
A0A125RLK9,132,90.1
A0A125RLL0,128,88.4
A0A125RLL1,146,71.2
A0A125RLL2,132,85.5
A0A125RLL3,132,91.9
A0A125RLL4,132,95.0
A0A125T1B4,438,97.7
A0A125T1B5,438,97.6
A0A127I0D0,312,89.2
A0A127Z996,326,90.9
A0A128FGI2,207,70.6
A0A132BEL0,297,98.2
A0A132PQI8,289,93.2
A0A135LB50,326,95.3
A0A135LG02,404,90.7
A0A135LM00,322,89.6
A0A135LUD3,370,97.1
A0A135RMZ4,363,92.6
A0A135RNQ4,395,85.2
A0A135RQT6,324,98.0
A0A135RS26,307,97.0
A0A135RS91,304,98.2
A0A135RSH1,324,98.1
A0A135RUD9,389,86.3
A0A135RW48,212,88.9
A0A135RZK9,376,96.2
A0A135S0P5,355,98.3
A0A135S3G6,389,88.0
A0A135S3L1,224,68.7
A0A135S3P0,324,97.2
A0A135S3P5,304,98.2
A0A135S3U4,365,92.1
A0A135S4L3,376,95.5
A0A135S4U4,376,95.9
A0A135SAA3,355,97.2
A0A135SAX1,355,98.1
A0A135SBU0,365,96.2
A0A135SC70,293,98.1
A0A135SDP5,265,72.1
A0A135SDX5,299,96.4
A0A135SEP1,391,91.3
A0A135SGH4,287,87.2
A0A135SGW1,372,98.0
A0A135SHP2,316,93.8
A0A135SM69,305,98.2
A0A135SQH1,352,76.3
A0A135SUC7,374,94.6
A0A135SV65,363,94.9
A0A135SXA3,280,91.5
A0A135T0G8,293,98.1
A0A135T100,315,96.6
A0A135T1S0,373,89.9
A0A135T2T3,304,98.2
A0A135T3T2,403,90.2
A0A135T471,347,79.2
A0A135T4G4,307,97.3
A0A135T5S7,321,92.6
A0A135T6P5,293,75.1
A0A135T9P2,395,85.6
A0A135T9S5,383,96.7
A0A135TA19,141,80.6
A0A135TH42,377,96.7
A0A135TH91,366,97.2
A0A135TMP6,372,97.9
A0A135TNR4,299,93.3
A0A135TPQ3,147,90.1
A0A135TPT1,304,98.1
A0A135TSL1,355,98.0
A0A135TTE1,322,92.4
A0A135TTG2,367,96.9
A0A135TTJ8,377,96.8
A0A135TX30,314,79.7
A0A135TZC4,127,84.8
A0A135U0S7,335,92.1
A0A135U3N3,315,96.2
A0A135U459,369,88.3
A0A135U630,285,86.1
A0A135U6K7,336,79.2
A0A135UB78,365,96.2
A0A135UC61,293,98.2
A0A135UCH1,337,80.7
A0A135UGX9,219,58.8
A0A135UGY7,174,85.2
A0A135UJF2,355,97.3
A0A135UQQ8,376,96.0
A0A135USI1,324,98.1
A0A135UX03,350,90.1
A0A135UXL8,383,96.9
A0A135UY99,396,90.4
A0A135UYD8,307,96.7
A0A135UYT4,389,87.9
A0A135V346,362,97.0
A0A135V3G6,377,97.1
A0A135V573,142,91.3
A0A135V5H0,154,82.6
A0A135V5Z9,271,85.5
A0A135V6V7,336,70.8
A0A135V6Y1,300,84.4
A0A135V7B2,364,79.1
A0A135V8Q3,341,96.0
A0A135WCR1,309,96.9
A0A136IKH1,321,98.0
A0A136IKR7,344,96.3
A0A136ILZ0,261,96.0
A0A136IM69,400,87.2
A0A136IM80,276,98.2
A0A136IMC1,265,93.4
A0A136IMD0,274,97.0
A0A136INA1,374,95.5
A0A136INC9,322,97.5
A0A136INM5,272,96.0
A0A136INV6,325,95.6
A0A136IPD1,228,91.6
A0A136IQD4,366,94.3
A0A136IQY2,220,52.8
A0A136IS40,283,93.8
A0A136ISR9,324,98.7
A0A136IST3,288,98.0
A0A136IUL0,300,85.7
A0A136IUM9,304,98.0
A0A136IVH6,273,97.8
A0A136IZ96,276,98.1
A0A136J3H2,277,92.7
A0A136J918,379,95.8
A0A136J9K5,338,88.7
A0A136JFC0,365,89.1
A0A136JKK4,335,91.1
A0A137NPV3,254,97.9
A0A137NPX8,213,95.6
A0A137NQ04,168,90.6
A0A137NQ81,209,92.5
A0A137NQN3,254,98.4
A0A137NUB7,178,90.2
A0A137NW82,109,96.3
A0A137NY78,254,97.9
A0A137NYB7,212,96.6
A0A137NZ43,268,93.3
A0A137P2U0,252,97.2
A0A137P2U9,254,97.3
A0A137P2V9,197,95.1
A0A137P2W7,84,80.3
A0A137P353,213,97.2
A0A137P4I0,39,78.7
A0A137P4I7,249,97.8
A0A137P4K7,246,95.6
A0A137P4L3,245,96.0
A0A137P4M5,250,98.5
A0A137P4Q5,142,87.1
A0A137P4T8,97,64.0
A0A137P649,251,97.6
A0A137P667,251,97.5
A0A137P762,285,95.0
A0A137P785,190,83.1
A0A137P7E0,258,98.3
A0A137P7Q8,210,93.9
A0A137P8T8,210,97.1
A0A137PAH5,175,95.4
A0A137PAT2,258,95.9
A0A137PAW4,224,97.5
A0A137PB18,90,92.7
A0A137PC40,251,96.7
A0A137PC54,281,82.6
A0A137PC55,210,94.9
A0A137PC66,251,97.6
A0A137PC75,251,97.5
A0A137PC76,251,97.6
A0A137PDD6,249,96.7
A0A137PEX6,255,98.0
A0A137PEX7,232,94.9
A0A137PFI2,259,95.2
A0A137PGY5,255,98.3
A0A137PJ00,178,95.0
A0A137PJ02,201,85.6
A0A137PJ55,215,95.2
A0A139GZD1,345,96.5
A0A139H1A4,314,95.5
A0A139H2H4,419,93.2
A0A139H2N1,370,97.8
A0A139H494,365,96.3
A0A139H5V8,345,96.7
A0A139H835,397,85.8
A0A139H8Y2,373,97.3
A0A139HAY5,298,95.7
A0A139HFA6,343,97.6
A0A139HS50,344,96.0
A0A139HSY9,297,95.7
A0A139HT25,288,94.2
A0A139HWZ2,315,97.0
A0A139HZC9,267,96.7
A0A139HZN1,373,96.0
A0A139I097,458,87.6
A0A139I0D1,373,96.9
A0A139I8P4,315,97.5
A0A139IGI5,424,93.4
A0A139X072,382,89.7
A0A140CTD1,365,98.1
A0A140KXU8,285,92.3
A0A141PG56,317,96.7
A0A142CHX9,189,94.2
A0A142CHY0,189,94.2
A0A142CHY1,189,95.3
A0A142CHY2,189,94.7
A0A142CHY3,188,93.9
A0A142CHY4,189,95.1
A0A142CHY5,189,94.9
A0A142CHY6,189,94.8
A0A142CHY7,189,93.7
A0A142CHY8,189,93.7
A0A142CHY9,189,95.4
A0A142CHZ0,189,94.6
A0A142CHZ1,189,94.6
A0A142CHZ2,189,94.6
A0A142CHZ3,189,93.6
A0A142CHZ4,190,91.1
A0A142CHZ5,189,94.4
A0A142CHZ6,189,95.4
A0A142CHZ7,189,95.6
A0A142CHZ9,189,93.1
A0A142CI00,127,86.3
A0A142CI01,132,94.0
A0A142CI02,189,95.6
A0A142CI04,189,58.0
A0A142CI05,189,58.0
A0A142CI06,190,96.1
A0A142CI07,189,94.7
A0A142CI08,189,94.7
A0A142CI09,189,94.7
A0A142CI10,189,94.7
A0A142CI11,189,95.8
A0A142CI12,189,91.1
A0A142CI13,189,94.4
A0A142CI14,189,91.0
A0A142CI15,185,60.8
A0A142CI16,189,61.5
A0A142CI17,189,92.0
A0A142CI18,189,94.8
A0A142CI19,189,57.3
A0A142CI21,189,94.4
A0A142CI22,189,95.0
A0A142CI23,132,88.8
A0A142CI26,189,92.8
A0A142CI27,179,94.7
A0A142CI28,189,91.3
A0A142CI29,151,69.0
A0A142CI30,132,87.8
A0A142CI31,132,88.3
A0A142DA85,435,98.0
A0A142FJE7,260,85.0
A0A142I737,300,94.3
A0A142LVV0,207,83.6
A0A142LVV1,208,88.1
A0A142LW24,229,79.6
A0A143BUH9,269,98.5
A0A143C0H9,285,96.8
A0A143PGW5,107,77.7
A0A143PNK1,296,98.0
A0A146EXW0,358,97.4
A0A146F475,324,94.9
A0A146F7M9,289,96.7
A0A146FM76,374,97.7
A0A146FPZ7,373,96.1
A0A146FZE5,278,82.1
A0A146PCI2,437,97.7
A0A147AH67,435,98.0
A0A150GPR5,290,82.9
A0A150GSZ2,390,87.5
A0A150RNV4,412,88.9
A0A150TIY7,266,92.0
A0A150X4H6,309,95.0
A0A151GB85,395,80.8
A0A151GLX2,411,72.1
A0A151GMN0,356,95.9
A0A151GX82,363,96.4
A0A151MVL6,364,98.0
A0A151NRJ9,425,95.7
A0A151NSM3,433,95.5
A0A151P161,361,92.2
A0A151R8K1,330,96.3
A0A151R8P6,327,95.7
A0A151T7D3,181,50.7
A0A151T7G3,324,96.9
A0A151TBD1,330,83.2
A0A158C0S9,229,97.7
A0A158FM56,237,95.9
A0A158GFY2,225,97.3
A0A158GQ64,227,96.0
A0A158I8U8,235,93.4
A0A158IB94,237,96.0
A0A158IZL9,227,95.5
A0A158JMF3,234,95.9
A0A158KTI3,192,89.1
A0A158KUU5,235,94.3
A0A158L420,234,94.1
A0A158P622,246,82.6
A0A158P6C4,296,82.2
A0A158P795,310,97.9
A0A158P8V6,352,91.9
A0A158P974,345,57.7
A0A158PD03,353,86.5
A0A158PFS7,271,89.6
A0A158PLH5,250,94.5
A0A158PQY2,370,90.5
A0A158Q514,354,95.4
A0A158Q6U1,321,94.3
A0A158QQB3,383,91.5
A0A158QWN1,222,56.3
A0A158QXF3,349,90.5
A0A158QXY4,306,91.3
A0A158QYB7,360,91.2
A0A158RAT2,308,97.2
A0A160P4Z8,285,97.7
A0A160TMJ0,284,96.8
A0A161VHR9,359,94.2
A0A161VWW8,555,86.6
A0A161VY89,291,93.5
A0A161W285,241,87.0
A0A161W2S5,355,97.6
A0A161W8U8,375,97.8
A0A161WG29,304,97.8
A0A161WK35,338,83.1
A0A161YMD9,352,98.1
A0A162A591,326,90.8
A0A162JG37,360,96.5
A0A162K920,350,73.7
A0A162KDQ5,419,91.4
A0A162MRN0,370,95.8
A0A162NIJ1,545,66.3
A0A162Q605,333,93.3
A0A162WBJ2,64,89.2
A0A163AGV4,346,93.2
A0A163B884,347,90.8
A0A163BNN1,374,97.6
A0A163DMR5,356,97.1
A0A163ELR8,337,92.3
A0A163EMQ2,400,93.7
A0A163FA92,350,97.2
A0A163HMT0,383,96.1
A0A163HZN4,354,96.3
A0A163IS79,198,69.6
A0A163K839,365,98.0
A0A163KNP0,365,90.8
A0A163KVN4,344,90.5
A0A163LKQ2,291,98.3
A0A163MEU3,372,97.4
A0A164MPH2,327,91.9
A0A164PRN3,230,87.0
A0A164PRP8,437,90.5
A0A164PTJ8,202,72.0
A0A164PTM7,381,93.0
A0A164PTP3,220,91.6
A0A164PTP5,381,93.6
A0A164RA21,321,80.7
A0A164RA64,387,93.9
A0A164RAH3,411,92.1
A0A164RBJ3,373,91.5
A0A164RBU0,325,66.1
A0A164SP08,401,91.1
A0A164TCQ0,206,92.6
A0A164WC69,327,91.3
A0A164ZTV5,325,89.1
A0A165BB62,351,95.9
A0A165C107,334,97.4
A0A165DGP7,261,87.1
A0A165DIB8,352,94.4
A0A165DII7,128,95.6
A0A165ELT2,333,93.2
A0A165F8M0,692,73.9
A0A165FWQ7,364,92.8
A0A165GTV7,267,90.8
A0A165HIH0,309,96.5
A0A165J5C9,217,95.5
A0A165J6H5,69,83.9
A0A165JGF1,336,95.2
A0A165JGH2,344,96.6
A0A165JT10,128,95.6
A0A165P797,69,82.1
A0A165Q1X9,524,64.9
A0A165R782,370,96.7
A0A165TU36,194,89.0
A0A165V412,330,98.5
A0A165XBZ9,369,93.9
A0A165XET1,388,73.7
A0A165YMC5,400,92.0
A0A166AA12,404,82.1
A0A166ALV4,350,87.8
A0A166C3P3,174,90.4
A0A166CKA0,437,88.2
A0A166CLK7,325,96.9
A0A166DTI6,411,92.8
A0A166DTU7,391,94.1
A0A166DTV9,373,94.6
A0A166DZ37,203,95.2
A0A166DZK8,210,92.4
A0A166DZL8,381,93.5
A0A166DZM7,216,92.1
A0A166DZQ5,381,94.4
A0A166E746,560,87.5
A0A166EDE1,206,93.4
A0A166F114,330,95.4
A0A166F148,326,92.1
A0A166F1S8,324,96.8
A0A166FK81,331,81.5
A0A166LLY6,283,96.1
A0A166LSS0,370,96.3
A0A166M367,374,97.7
A0A166MVC7,389,88.2
A0A166N804,121,57.3
A0A166NK37,255,83.5
A0A166PAB6,304,98.0
A0A166PW93,289,97.6
A0A166QLI8,285,92.9
A0A166QMK6,280,95.3
A0A166QQF3,378,97.4
A0A166RQG5,304,97.8
A0A166S0X4,389,85.9
A0A166T4G5,370,91.7
A0A166TEN8,274,95.4
A0A166TRG0,373,86.0
A0A166TV69,379,93.2
A0A166U3J7,343,97.4
A0A166UER9,351,95.8
A0A166UGJ7,313,69.0
A0A166V0I9,357,97.2
A0A166WVH1,368,97.0
A0A166XAQ1,406,91.2
A0A166Y7S8,395,93.5
A0A166ZG70,343,77.4
A0A166ZRY6,287,86.4
A0A167AFV0,270,95.0
A0A167AGU9,200,75.9
A0A167B106,357,88.5
A0A167B4D4,457,88.2
A0A167BRG2,274,96.9
A0A167BY34,387,88.8
A0A167C0L1,352,98.0
A0A167C8C2,375,97.8
A0A167DP73,357,97.1
A0A167EGD5,375,93.7
A0A167EH62,265,97.5
A0A167EI78,363,97.6
A0A167EJD2,378,97.4
A0A167GD15,335,83.0
A0A167GGE3,322,88.5
A0A167H3K1,169,95.6
A0A167IBL6,264,85.6
A0A167J7M6,334,91.2
A0A167KGF5,297,79.5
A0A167L541,245,74.3
A0A167LIV8,416,87.3
A0A167LM50,193,89.5
A0A167LSW1,383,93.8
A0A167M409,190,84.9
A0A167MK44,309,95.8
A0A167PL46,352,96.6
A0A167RB36,343,97.8
A0A167RCQ6,298,96.3
A0A167RLD3,229,61.4
A0A167T934,149,92.0
A0A167TE01,277,97.9
A0A167TEZ2,347,97.4
A0A167UWJ4,399,90.2
A0A167VR44,370,97.2
A0A167WIY3,209,89.0
A0A167YJN6,351,96.5
A0A167YSY6,323,94.6
A0A168BK43,267,76.0
A0A168D8M7,347,96.1
A0A168DG81,312,85.5
A0A168E5R7,235,95.1
A0A168EW41,357,95.5
A0A168EXD0,284,98.5
A0A168F2E9,347,97.2
A0A168FCP7,355,95.9
A0A168GH67,371,92.8
A0A168H3F0,343,80.2
A0A168,325,95.9
A0A172DC01,326,96.4
A0A172MLG4,335,94.8
A0A172QZU9,97,89.8
A0A172S1H6,435,97.8
A0A173DSG7,328,94.7
A0A173DSH2,323,97.8
A0A173MG86,558,88.1
A0A175VPP2,318,97.2
A0A175VT61,346,92.7
A0A175VT74,357,91.1
A0A175VV54,356,97.3
A0A175VVW2,196,64.1
A0A175VYW1,326,95.5
A0A175VZT6,356,95.6
A0A175W227,355,96.5
A0A175W2K8,297,98.0
A0A175W3Y2,290,94.8
A0A175W545,364,98.2
A0A175W8L1,397,90.9
A0A175W978,321,89.7
A0A175W9V9,380,93.0
A0A175WDM5,207,38.1
A0A175WHC5,353,97.2
A0A176VDF6,354,95.0
A0A176VEH7,365,89.3
A0A176VEQ7,118,57.0
A0A176VEY3,401,88.5
A0A176VFF9,119,70.6
A0A176VIK0,358,96.6
A0A176VKC3,338,91.7
A0A176VQY9,363,92.5
A0A176VS61,356,96.2
A0A176VZ75,361,93.9
A0A176W193,360,92.9
A0A176W503,352,92.9
A0A176W5U5,355,77.9
A0A176W6H1,386,92.5
A0A176W8E6,404,80.8
A0A176W8I4,353,93.0
A0A176W8N2,305,64.2
A0A176WB99,361,93.2
A0A176WCD1,386,94.8
A0A176WCF4,389,93.8
A0A176WCM7,386,94.9
A0A176WD67,387,94.2
A0A176WEU2,331,94.5
A0A176WFF6,260,58.0
A0A176WFY1,336,84.0
A0A176WGP9,359,94.2
A0A176WHM5,387,94.0
A0A176WHV9,134,52.2
A0A176WHX1,316,88.2
A0A176WIF4,349,95.1
A0A176WJD7,378,90.4
A0A176WJM8,346,52.3
A0A176WL12,363,95.7
A0A177AMV2,110,53.9
A0A177BYL1,346,94.6
A0A177BZU8,311,98.1
A0A177C1E5,303,95.2
A0A177C3Z0,310,77.6
A0A177C4C2,364,97.5
A0A177C8T4,306,97.9
A0A177CAH2,333,93.7
A0A177CCF1,353,98.2
A0A177CCG2,360,97.5
A0A177CDD2,319,97.4
A0A177CDK5,271,98.3
A0A177CJ83,382,97.1
A0A177CKF0,364,97.6
A0A177CM76,322,94.9
A0A177CN05,351,94.8
A0A177CNN5,284,97.5
A0A177CUZ4,369,93.7
A0A177CWI5,249,60.1
A0A177CXR4,292,82.2
A0A177CZG6,339,92.1
A0A177D6G4,368,97.5
A0A177D939,357,96.8
A0A177D9T1,367,88.4
A0A177DH89,364,98.1
A0A177DH95,336,93.7
A0A177DHU3,292,88.9
A0A177DIL2,384,97.2
A0A177DK85,385,95.6
A0A177DM13,291,98.2
A0A177DMT7,289,97.5
A0A177DMZ0,324,93.7
A0A177DP90,360,97.5
A0A177DQF3,280,97.5
A0A177DSJ1,268,95.6
A0A177DTC8,336,89.1
A0A177DXP3,400,93.3
A0A177DYQ6,133,60.1
A0A177E0Q1,349,88.7
A0A177E1Y0,363,98.2
A0A177E2B8,343,97.6
A0A177E2Y1,342,90.5
A0A177E398,252,84.3
A0A177E3H5,361,96.8
A0A177EUN3,300,97.1
A0A177EWA1,360,97.9
A0A177F584,340,92.8
A0A177FEY3,323,97.6
A0A177SND3,317,93.3
A0A177T6E5,331,89.1
A0A177T6I1,328,95.4
A0A177TK21,336,94.2
A0A177TSF4,390,87.9
A0A177V8V0,336,94.0
A0A177V9R6,332,95.4
A0A177V9S0,352,92.0
A0A177VB12,336,92.8
A0A177WCF2,275,94.5
A0A177WE35,295,92.4
A0A177WGV0,271,93.7
A0A177WID7,266,95.0
A0A177WIF3,263,89.1
A0A177WM68,271,96.6
A0A177WRA1,277,94.0
A0A177WRB0,283,93.4
A0A177WRB5,284,95.5
A0A177WTC8,276,93.9
A0A177WTK4,274,93.5
A0A177WVJ9,274,95.6
A0A177X0C6,311,91.9
A0A178C9K7,360,97.8
A0A178CTE4,323,97.8
A0A178D5B3,339,90.6
A0A178DF33,300,97.0
A0A178EW52,355,96.9
A0A178FCH7,355,96.8
A0A178Y408,328,96.6
A0A178Z9S6,323,97.6
A0A178ZLD8,438,69.7
A0A178ZXE3,360,97.8
A0A179A145,323,97.4
A0A179EWV4,319,96.5
A0A179FL78,353,96.8
A0A179FVZ7,334,81.7
A0A179G2Q4,351,97.1
A0A179G9B5,352,92.8
A0A179GC55,202,70.5
A0A179GFV1,363,96.9
A0A179GTY0,196,70.2
A0A179HB00,375,93.3
A0A179HCZ8,318,94.9
A0A179HK07,373,97.2
A0A179HS62,353,97.7
A0A179HU87,322,95.6
A0A179I0M2,371,94.3
A0A179I1K9,212,90.1
A0A179I3R8,340,80.5
A0A179IBT8,371,92.8
A0A179IC64,365,92.9
A0A179IG11,353,89.5
A0A179IMT0,336,94.5
A0A179UBU9,355,95.0
A0A179UBW7,296,96.9
A0A179UEZ2,339,95.7
A0A179UGG1,329,95.4
A0A179UIK7,385,88.2
A0A179UUW6,416,87.2
A0A180G831,309,89.1
A0A180GDP5,280,91.1
A0A180GX38,317,85.6
A0A182ECM7,293,74.3
A0A182EHB0,323,94.7
A0A182EMX1,354,91.3
A0A182YW94,338,92.4
A0A183B2C3,450,94.8
A0A183B7C7,210,96.3
A0A183BBY8,383,92.5
A0A183BCV9,72,69.5
A0A183BK44,206,70.0
A0A183BKG6,219,74.2
A0A183BKW9,115,57.4
A0A183BN41,396,85.6
A0A183BN42,282,93.9
A0A183BW73,195,87.8
A0A183BZZ4,250,59.6
A0A183C147,246,94.8
A0A183C148,79,70.9
A0A183C149,355,88.4
A0A183C152,264,74.3
A0A183C5V9,94,86.2
A0A183CFJ5,188,66.1
A0A183CIQ4,176,84.0
A0A183CK24,456,71.1
A0A183CK25,367,84.9
A0A183CKF2,141,72.7
A0A183CU95,306,84.6
A0A183CW70,311,78.5
A0A183CYD4,257,96.5
A0A183CZ55,74,61.7
A0A183DER6,140,93.5
A0A183FU98,210,70.5
A0A183G8L0,374,88.2
A0A183GHW6,206,62.1
A0A183GHW7,68,76.0
A0A183GMM4,284,71.2
A0A183H2G1,270,95.5
A0A183HCM2,207,90.0
A0A183HP91,181,81.1
A0A183HT49,91,86.2
A0A183I077,367,94.9
A0A183I498,98,73.3
A0A183IH80,337,69.7
A0A183IUA7,209,40.4
A0A183IUG4,302,96.1
A0A183IUG5,313,90.3
A0A183IVI7,310,91.2
A0A183IVQ9,312,92.2
A0A183JE54,450,95.5
A0A183JGS8,445,97.1
A0A183LLU9,445,95.9
A0A183M2R9,453,95.2
A0A183PIV9,417,84.1
A0A183PYW0,402,80.3
A0A183RNS7,450,95.7
A0A183TCN8,448,96.0
A0A183TFI9,472,87.5
A0A183U391,115,75.9
A0A183UFJ6,264,81.5
A0A183UG61,307,94.0
A0A183UKS6,303,97.0
A0A183UXR0,364,95.2
A0A183UY55,322,96.0
A0A183V5H8,304,86.5
A0A189WDG9,158,73.0
A0A189WDH4,157,73.5
A0A189WDI0,136,86.8
A0A189WDI1,138,88.7
A0A189WDI2,153,75.8
A0A189WDI5,145,87.6
A0A189WDI6,136,88.7
A0A189WDI7,135,74.2
A0A189WDI9,149,62.3
A0A189WDJ0,138,94.2
A0A189WDJ1,157,73.3
A0A189WDJ3,146,84.0
A0A189WDJ4,156,75.8
A0A189WDJ5,144,76.3
A0A189WDJ7,132,87.2
A0A189WDJ8,152,69.3
A0A189WDJ9,154,70.6
A0A189WDK3,156,73.3
A0A189WDK4,133,89.4
A0A189WDK5,158,74.4
A0A189WDL0,132,86.4
A0A189WDL3,158,71.6
A0A189WDL4,146,72.8
A0A189WDL9,151,73.0
A0A191UXZ3,285,97.8
A0A191WEQ3,259,94.9
A0A191Z0T6,302,97.9
A0A193BIZ8,434,97.8
A0A193BIZ9,434,97.8
A0A193BJ00,434,97.9
A0A193BJ01,434,97.9
A0A193BJ02,427,97.4
A0A193BJ03,434,97.7
A0A193BJ04,434,97.8
A0A193BJ05,434,97.9
A0A193BJ06,434,97.8
A0A193BJ07,434,97.8
A0A193BJ08,434,97.8
A0A193BJ09,426,97.4
A0A193BJ10,434,97.6
A0A193BJ11,434,97.7
A0A193BJ12,434,97.7
A0A193BJ13,434,97.9
A0A193BJ14,434,97.8
A0A193BJ15,434,97.8
A0A193BJ16,434,97.5
A0A193BJ17,434,97.3
A0A193BJ18,434,96.6
A0A193BJ19,434,97.7
A0A193BJ20,434,97.7
A0A193BJ21,434,97.7
A0A193BJ22,433,97.7
A0A193BJ24,434,97.7
A0A193BJ25,434,97.7
A0A193BJ26,434,97.4
A0A193DUA5,326,88.6
A0A194UMR4,155,82.4
A0A194V5Z8,308,82.2
A0A194VAU2,303,97.7
A0A194VBC9,307,95.9
A0A194VP03,303,97.5
A0A194VQC6,399,95.2
A0A194VZK6,295,72.1
A0A194W4Q8,307,95.8
A0A194WCI2,324,96.8
A0A194WE27,437,70.6
A0A194WSI0,335,95.9
A0A194X1Z0,362,98.2
A0A194X275,335,98.2
A0A194X3G4,306,97.3
A0A194X431,375,96.0
A0A194X4J9,318,98.2
A0A194X723,350,98.3
A0A194XAS3,324,98.3
A0A194XE82,391,94.5
A0A194XG95,349,95.6
A0A194XJ83,354,96.3
A0A194XK23,316,91.6
A0A194XMC7,288,95.4
A0A194XN12,267,98.1
A0A194XN78,361,91.1
A0A194XPI4,342,97.7
A0A194XSF1,290,89.4
A0A199VCW6,293,97.0
A0A199VDI5,324,96.5
A0A199VDJ0,325,95.6
A0A199VDT9,321,96.8
A0A199XNB6,346,94.7
A0A1A0RL07,284,96.4
A0A1A0W1B4,284,96.1
A0A1A6H6L1,337,80.2
A0A1A6I0A3,55,87.8
A0A1A7WGX9,68,70.4
A0A1A7WI18,135,88.6
A0A1A7X120,103,96.0
A0A1A7XHU0,435,97.9
A0A1A7ZQ65,430,95.9
A0A1A8A0A7,120,72.9
A0A1A8AYF2,402,96.2
A0A1A8BJ69,146,72.3
A0A1A8BZ23,192,94.1
A0A1A8CQ50,357,97.1
A0A1A8IGD4,154,68.4
A0A1A8J7Q4,435,95.8
A0A1A8JCJ1,435,98.0
A0A1A8KYC4,430,97.5
A0A1A8LWR0,80,88.0
A0A1A8MPH6,368,97.5
A0A1A8NQ30,311,95.5
A0A1A8QE53,46,79.1
A0A1A8QU06,410,98.0
A0A1A8QVR3,153,90.9
A0A1A8V6I8,435,97.5
A0A1B0UVF3,171,95.9
A0A1B0UVF5,172,94.4
A0A1B0UVF7,171,94.5
A0A1B0UVF8,171,95.4
A0A1B0UVF9,171,94.4
A0A1B0UVG5,173,95.2
A0A1B0UVG6,171,95.3
A0A1B0UVG9,171,95.7
A0A1B0UVH0,171,95.4
A0A1B0UVH5,172,95.2
A0A1B0UVH9,172,95.2
A0A1B0UVI3,172,93.6
A0A1B0UVI5,172,94.4
A0A1B0UVI6,172,95.5
A0A1B0UVI8,172,75.5
A0A1B0UVI9,173,95.0
A0A1B0UVJ2,172,94.4
A0A1B0UVJ4,172,95.1
A0A1B0UVJ5,171,95.0
A0A1B0UVK3,175,93.6
A0A1B0UVK5,173,95.7
A0A1B0UVK6,173,95.1
A0A1B0UVK7,176,93.3
A0A1B0UVK8,173,94.8
A0A1B0UVL2,172,94.3
A0A1B0UVL3,173,93.3
A0A1B0UVL5,172,95.1
A0A1B0UVM0,173,94.5
A0A1B0UVT4,171,94.7
A0A1B0UVU0,172,93.6
A0A1B0UVU1,171,95.5
A0A1B0UVU7,171,94.7
A0A1B0UVU9,171,95.0
A0A1B0UVW0,174,94.1
A0A1B0UVW7,171,93.2
A0A1B0UVY0,173,94.4
A0A1B0UVY1,173,95.3
A0A1B0UVZ0,174,94.9
A0A1B0UVZ1,172,94.7
A0A1B0UVZ2,172,94.4
A0A1B0UVZ7,172,94.0
A0A1B1B1R3,269,98.5
A0A1B1B8N9,285,96.8
A0A1B1CHR9,245,96.2
A0A1B1CSF3,164,64.9
A0A1B1CSF4,166,70.3
A0A1B1CSF9,165,66.7
A0A1B1CSG0,164,71.7
A0A1B1CSG2,166,69.5
A0A1B1CSG9,166,66.2
A0A1B1CSH1,148,77.1
A0A1B1CSH3,164,66.9
A0A1B1CSH4,162,71.7
A0A1B1CSH6,165,71.8
A0A1B1CSI1,148,77.1
A0A1B1CSI2,148,77.1
A0A1B1CSJ4,148,77.1
A0A1B1CSJ5,171,66.3
A0A1B1CSJ6,166,67.9
A0A1B1CSK2,165,75.3
A0A1B1CSK3,161,77.1
A0A1B1CSK5,148,77.1
A0A1B1CSL6,171,66.3
A0A1B1CSL7,148,77.1
A0A1B1CSL9,171,66.3
A0A1B1CSM8,148,77.1
A0A1B1CSN1,164,71.7
A0A1B1CSN2,166,70.3
A0A1B1CSN3,167,72.2
A0A1B1CSN9,165,71.8
A0A1B1CSP5,166,67.9
A0A1B1CSQ1,165,71.8
A0A1B1CSQ4,161,70.6
A0A1B1CSQ5,162,64.9
A0A1B1CSQ6,166,67.1
A0A1B1CSR0,161,74.9
A0A1B1CSR2,167,62.4
A0A1B1CSR4,167,67.9
A0A1B1CSR7,167,70.5
A0A1B1CSR8,167,72.2
A0A1B1CSR9,161,70.6
A0A1B1CSS0,165,73.3
A0A1B1CSS1,161,70.6
A0A1B1CSS2,167,71.2
A0A1B1CSS3,164,71.7
A0A1B1CSS4,167,73.5
A0A1B1CST1,161,74.9
A0A1B1CST2,167,71.2
A0A1B1CST3,166,70.3
A0A1B1CST4,166,70.3
A0A1B1CST6,167,70.6
A0A1B1CST7,164,72.0
A0A1B1CSU3,165,73.0
A0A1B1CSU4,165,71.8
A0A1B1CSU6,165,74.1
A0A1B1CSU7,167,71.6
A0A1B1CSU8,167,71.2
A0A1B1CSV3,166,73.2
A0A1B1CSV5,166,70.3
A0A1B1CSV6,148,77.1
A0A1B1CSV7,165,71.8
A0A1B1CSV8,166,69.9
A0A1B1CSV9,166,69.3
A0A1B1CSW1,167,72.6
A0A1B1CSW2,165,73.9
A0A1B1CSW4,167,70.4
A0A1B1CSW5,167,72.4
A0A1B1CSW6,167,69.5
A0A1B1CSW7,167,66.3
A0A1B1CSW8,167,72.7
A0A1B1CSX0,167,72.1
A0A1B1CSX3,166,66.7
A0A1B1CSX7,167,71.2
A0A1B1CSX8,167,66.4
A0A1B1CSX9,151,66.6
A0A1B1CSY1,167,71.6
A0A1B1CSY3,165,68.8
A0A1B1CSY6,151,66.6
A0A1B1CSY7,165,65.8
A0A1B1CSY8,166,66.7
A0A1B1CSY9,165,73.4
A0A1B1CSZ3,169,66.2
A0A1B1CT02,167,65.9
A0A1B1CT03,166,66.7
A0A1B1CT10,167,72.3
A0A1B1CT11,166,66.7
A0A1B1CT20,151,66.6
A0A1B1CT22,166,66.7
A0A1B1CT29,162,71.1
A0A1B1CT30,166,66.7
A0A1B1CT32,151,66.6
A0A1B1CT33,151,66.6
A0A1B1CT37,167,69.3
A0A1B1CT38,162,71.5
A0A1B1CT47,164,67.8
A0A1B1CT52,166,66.7
A0A1B1CT61,166,66.7
A0A1B1CT65,151,66.6
A0A1B1CT68,166,68.0
A0A1B1CT70,167,66.6
A0A1B1CT72,167,65.7
A0A1B1CT74,166,66.7
A0A1B1CT75,151,66.6
A0A1B1CT76,167,66.5
A0A1B1CT77,167,69.5
A0A1B1CT78,162,69.1
A0A1B1CT79,162,68.8
A0A1B1CT80,162,71.1
A0A1B1CT82,166,66.7
A0A1B1CT83,167,69.5
A0A1B1CT85,167,66.3
A0A1B1CT86,166,68.0
A0A1B1CT88,167,66.1
A0A1B1CT89,167,66.1
A0A1B1CT90,167,66.1
A0A1B1CT91,167,65.7
A0A1B1CT94,162,71.1
A0A1B1CT96,167,67.1
A0A1B1CT98,167,67.3
A0A1B1CTA1,166,66.3
A0A1B1CTA6,167,63.5
A0A1B1CTA7,165,70.3
A0A1B1CTB4,165,72.9
A0A1B1FF41,145,63.3
A0A1B1FF47,146,60.7
A0A1B1FF49,146,60.7
A0A1B1FF50,146,60.7
A0A1B1FF52,146,60.7
A0A1B1FF54,125,64.2
A0A1B1FF57,146,60.7
A0A1B1FF58,139,60.4
A0A1B1FF61,146,60.7
A0A1B1FF62,146,60.7
A0A1B1FF63,125,59.8
A0A1B1FF66,138,63.0
A0A1B1FF68,125,62.1
A0A1B1FF71,144,64.2
A0A1B1FF73,144,64.2
A0A1B1FF74,145,60.2
A0A1B1FF76,126,61.4
A0A1B1FF80,145,63.4
A0A1B1FF81,125,60.0
A0A1B1FF84,138,70.3
A0A1B1FF85,144,65.1
A0A1B1FF86,141,62.6
A0A1B1FF87,125,60.1
A0A1B1FF90,144,60.8
A0A1B1FF92,145,63.4
A0A1B1FF93,146,58.2
A0A1B1FF94,138,70.3
A0A1B1FF95,144,61.6
A0A1B1FF96,125,57.5
A0A1B1FF97,144,64.2
A0A1B1FF99,146,60.7
A0A1B1FFA1,141,62.4
A0A1B1FFA3,138,70.3
A0A1B1FFA4,145,63.2
A0A1B1FFA5,141,60.3
A0A1B1FFA6,138,57.6
A0A1B1FFA7,125,68.5
A0A1B1FFA9,138,70.3
A0A1B1FFB0,145,60.5
A0A1B1FFB1,145,61.6
A0A1B1FFB3,146,60.7
A0A1B1FFB4,144,61.1
A0A1B1FFB5,145,58.3
A0A1B1FFB6,123,85.5
A0A1B1FFB7,138,62.4
A0A1B1FFB9,144,65.5
A0A1B1FFC0,126,59.0
A0A1B1FFC1,146,60.7
A0A1B1FFC2,144,62.5
A0A1B1FFC6,125,62.1
A0A1B1FFC8,144,64.2
A0A1B1FFD0,125,60.4
A0A1B1FFD1,146,59.6
A0A1B1FFD2,144,64.4
A0A1B1FFD4,125,65.8
A0A1B1FFD5,144,60.3
A0A1B1FFD6,144,55.8
A0A1B1FFD7,145,63.7
A0A1B1FFD8,144,59.7
A0A1B1FFE0,125,64.9
A0A1B1FFE2,125,61.1
A0A1B1FFE3,144,64.2
A0A1B1FFE4,125,62.1
A0A1B1FFE5,125,66.2
A0A1B1FFE6,138,70.3
A0A1B1FFE7,125,61.4
A0A1B1FFE8,144,64.4
A0A1B1FFE9,144,62.2
A0A1B1FFF0,125,62.2
A0A1B1FFF2,126,61.8
A0A1B1FFF4,144,56.8
A0A1B1FFF5,144,61.6
A0A1B1FFF6,139,63.5
A0A1B1FFF7,144,65.1
A0A1B1M2R3,269,98.5
A0A1B1M9M2,285,97.9
A0A1B1MJ07,354,96.9
A0A1B1MS06,438,97.7
A0A1B1RS89,435,97.6
A0A1B1RS96,369,97.6
A0A1B1T8G2,174,89.1
A0A1B1T8G3,175,95.0
A0A1B1T8G7,171,94.8
A0A1B1T8H0,132,93.9
A0A1B1T8H2,171,95.3
A0A1B1T8H3,132,91.3
A0A1B1T8H5,141,93.6
A0A1B1T8H6,122,89.6
A0A1B1T8H7,132,94.3
A0A1B1T8H8,171,92.7
A0A1B1T8H9,172,91.0
A0A1B1T8I0,132,91.9
A0A1B1T8I1,189,69.0
A0A1B1T8I2,186,70.6
A0A1B1T8I3,176,94.5
A0A1B1T8I4,173,91.4
A0A1B1T8I5,172,87.5
A0A1B1T8I6,171,94.1
A0A1B1T8I7,171,94.5
A0A1B1T8I8,132,86.2
A0A1B1T8I9,174,94.7
A0A1B1T8J0,132,93.5
A0A1B1T8J1,173,94.6
A0A1B1T8J2,160,72.5
A0A1B1T8J3,164,76.0
A0A1B1T8J4,171,94.0
A0A1B1T8J5,132,89.6
A0A1B1T8J6,174,92.4
A0A1B1T8J7,132,89.4
A0A1B1T8J8,172,90.4
A0A1B1T8J9,171,93.2
A0A1B1T8K0,152,76.5
A0A1B1T8K1,185,88.0
A0A1B1T8K2,132,94.9
A0A1B1T8K3,150,74.9
A0A1B1T8K4,171,94.0
A0A1B1T8K5,150,77.5
A0A1B1T8K6,132,78.9
A0A1B1T8K7,171,95.0
A0A1B1T8K9,175,94.9
A0A1B1T8L1,171,92.9
A0A1B1T8L2,132,87.3
A0A1B1T8L5,185,94.0
A0A1B1T8L6,144,76.7
A0A1B1T8M1,171,90.1
A0A1B1T8M2,132,93.6
A0A1B1W8R4,274,92.0
A0A1B1W8R6,367,97.6
A0A1B1W8S4,131,91.1
A0A1B1W8S5,353,97.7
A0A1B1W8S9,131,95.8
A0A1B1W8T2,131,96.8
A0A1B1W8T6,275,94.5
A0A1B1W8U1,167,86.1
A0A1B1W8U3,131,96.8
A0A1B1W8U9,89,93.8
A0A1B1W8V4,167,66.9
A0A1B1W8V7,272,92.6
A0A1B1W8X1,272,94.1
A0A1B2EVM5,251,93.9
A0A1B2LSS7,435,97.7
A0A1B4FMK1,309,96.8
A0A1B4FNC0,401,88.3
A0A1B4FPY2,180,90.8
A0A1B4FRU2,395,88.9
A0A1B4FUQ8,309,96.6
A0A1B5KYY4,361,90.1
A0A1B5L4D7,271,89.6
A0A1B5L4J4,126,81.1
A0A1B6Q6C0,334,96.3
A0A1B7LXJ9,312,96.6
A0A1B7NAD1,193,93.4
A0A1B7NKP3,146,93.9
A0A1B7NUR7,359,90.9
A0A1B7NXV0,230,93.4
A0A1B7NYA4,419,89.8
A0A1B7P2S2,323,90.0
A0A1B7P8D4,339,95.9
A0A1B7XQG6,521,64.8
A0A1B7XRL3,389,89.5
A0A1B7XS17,368,95.4
A0A1B7XSC0,358,96.2
A0A1B7XSW6,271,80.7
A0A1B7XTQ0,411,87.5
A0A1B7XU08,303,87.6
A0A1B7Y3U5,366,92.6
A0A1B7Y8K3,542,77.4
A0A1B7Y997,228,86.6
A0A1B7YD73,304,98.2
A0A1B7YDE6,368,93.7
A0A1B7YLJ3,381,92.5
A0A1B7YR08,374,97.3
A0A1B7YRL2,384,96.7
A0A1B7YUH4,376,96.7
A0A1B7YUH9,366,96.7
A0A1B7YV68,401,91.8
A0A1B8AGE8,352,97.6
A0A1B8AHN9,228,93.0
A0A1B8AJ10,227,70.9
A0A1B8AJY6,411,91.4
A0A1B8AQ15,276,97.3
A0A1B8AR83,375,91.6
A0A1B8ARE9,364,96.5
A0A1B8AUM9,33,88.5
A0A1B8AV36,190,88.6
A0A1B8AVY5,362,97.6
A0A1B8AWE5,304,97.3
A0A1B8AX68,319,97.8
A0A1B8AZE2,277,97.4
A0A1B8B0A6,476,83.5
A0A1B8B5T4,372,96.5
A0A1B8G8M9,366,97.0
A0A1B8GPV7,351,98.4
A0A1B8GTG5,322,97.6
A0A1B8XYP0,380,92.2
A0A1C1CL76,351,96.4
A0A1C1CNE5,360,97.9
A0A1C1CNS0,323,97.8
A0A1C1CVI7,323,97.2
A0A1C3V8M1,245,96.3
A0A1C3XH93,124,86.4
A0A1C3XHD5,66,74.6
A0A1C3Y9T3,329,94.6
A0A1C3Y9U9,252,95.9
A0A1C3YLW6,352,97.7
A0A1C7D000,324,95.6
A0A1C7D005,252,87.9
A0A1C7LM26,165,64.4
A0A1C7MJW4,369,94.0
A0A1C8P8J1,281,97.5
A0A1C8Y7N8,432,96.3
A0A1C8Y7Q1,430,95.9
A0A1C8Y7Q8,438,97.5
A0A1C8Y7R2,433,98.1
A0A1C8Y7R3,366,98.1
A0A1C8Y7V3,438,97.5
A0A1C8YZP4,132,91.2
A0A1C8YZP8,133,90.4
A0A1C8YZP9,132,90.0
A0A1C8YZQ7,132,92.0
A0A1C8YZQ9,132,90.0
A0A1C8YZR1,120,90.2
A0A1C8YZR4,121,90.6
A0A1C8YZR6,134,90.1
A0A1C8YZS1,133,91.1
A0A1C8YZS3,132,90.1
A0A1C8YZS4,133,90.1
A0A1C8YZS5,134,91.1
A0A1C8YZS6,132,90.5
A0A1C8YZS7,132,90.3
A0A1C8YZS8,132,90.0
A0A1C8YZS9,134,90.4
A0A1C8YZT0,132,91.4
A0A1C8YZT1,132,90.8
A0A1C8YZT2,134,91.6
A0A1C8YZT3,132,90.5
A0A1C8YZT7,133,90.4
A0A1C8YZU0,133,90.4
A0A1C8YZU3,132,90.0
A0A1C8YZU8,135,90.5
A0A1C8YZU9,132,90.0
A0A1C8YZV3,133,90.6
A0A1C8YZV4,132,90.5
A0A1C8YZV9,132,90.0
A0A1C8YZW0,133,91.0
A0A1C8YZW7,132,90.5
A0A1C8YZW9,132,90.0
A0A1C8YZX2,132,91.5
A0A1C8YZY1,132,91.8
A0A1C8YZY3,133,92.5
A0A1C8YZY6,132,90.0
A0A1C8YZY7,120,90.2
A0A1C8YZZ2,132,90.6
A0A1C8YZZ7,136,91.2
A0A1C8Z003,132,91.4
A0A1C8Z009,133,89.5
A0A1C8Z010,132,90.5
A0A1C8Z011,135,90.1
A0A1C8Z012,133,90.3
A0A1C8Z014,132,90.7
A0A1C8Z015,132,90.5
A0A1C8Z016,132,90.0
A0A1C8Z018,133,90.7
A0A1C8Z020,120,89.7
A0A1C8Z021,132,91.1
A0A1C8Z024,132,91.1
A0A1C8Z025,132,90.8
A0A1C8Z026,132,90.0
A0A1C8Z027,132,91.2
A0A1C8Z029,132,91.3
A0A1C8Z031,132,89.3
A0A1C8Z035,133,90.9
A0A1C8Z036,133,91.2
A0A1C8Z037,132,91.0
A0A1C8Z039,136,91.2
A0A1C8Z042,132,90.6
A0A1C8Z043,133,90.0
A0A1C8Z047,132,90.5
A0A1C8Z054,132,91.6
A0A1C8Z058,132,90.0
A0A1C8Z066,134,91.0
A0A1C8Z067,132,90.5
A0A1C9CXH8,382,96.3
A0A1C9CXH9,381,94.3
A0A1D1Z645,322,96.0
A0A1D1ZH17,329,96.2
A0A1D1ZJM0,162,76.3
A0A1D2J845,230,94.5
A0A1D2J8Q5,358,96.9
A0A1D2J9Y9,352,96.9
A0A1D2JCS3,334,93.5
A0A1D2JJY4,407,89.0
A0A1D2JL28,327,87.8
A0A1D3E0C1,285,97.6
A0A1D3K542,302,98.0
A0A1D6JCC2,295,94.6
A0A1D6JET7,302,94.7
A0A1D6N9K8,342,94.4
A0A1D7VP15,269,98.2
A0A1D7YF24,285,97.3
A0A1D7YL38,269,98.4
A0A1D8G415,285,97.2
A0A1D8P699,358,91.1
A0A1D8RGP1,133,96.2
A0A1D8RGP8,132,93.6
A0A1D8RGP9,132,95.2
A0A1D8RGQ1,133,95.5
A0A1D8RGQ8,132,93.7
A0A1D8RGR0,132,95.1
A0A1D8RGS1,132,94.0
A0A1D8RGT4,132,93.9
A0A1D8RI09,132,91.5
A0A1D8RI13,104,89.9
A0A1D8RI19,132,91.7
A0A1D8RI22,133,78.3
A0A1D8RI23,132,80.6
A0A1D8RI39,132,79.2
A0A1D8RI44,132,79.7
A0A1D8RI46,134,89.4
A0A1D8RI47,132,80.6
A0A1D8RI50,133,79.8
A0A1D8RI56,134,81.5
A0A1D8RI61,133,90.7
A0A1D8RI67,134,81.7
A0A1D8RI69,132,91.5
A0A1D8RI71,104,89.9
A0A1D8RI72,132,79.7
A0A1D8RI76,132,91.5
A0A1D8RI82,129,89.4
A0A1D8TVF9,331,95.2
A0A1D9LEY9,255,95.3
A0A1D9LLW6,278,95.1
A0A1D9PTG4,345,96.6
A0A1D9PVH8,354,96.5
A0A1D9Q0H7,366,94.5
A0A1D9QFS6,347,94.1
A0A1D9QJN6,216,73.5
A0A1E1G7U0,407,97.2
A0A1E1JS04,358,87.8
A0A1E1JSY2,360,90.9
A0A1E1JXU9,361,97.2
A0A1E1K118,370,97.3
A0A1E1K1F0,370,97.5
A0A1E1K5H4,361,97.8
A0A1E1K7Q4,447,92.7
A0A1E1KAI7,337,94.3
A0A1E1KGV6,350,97.4
A0A1E1KI13,353,92.0
A0A1E1KMS7,340,97.8
A0A1E1KQ70,337,94.3
A0A1E1KRX9,488,76.3
A0A1E1KSL0,347,97.3
A0A1E1KU53,361,97.2
A0A1E1L0S7,320,91.8
A0A1E1L5I7,378,96.7
A0A1E1L672,60,72.2
A0A1E1LAJ5,361,97.8
A0A1E1LCS6,305,96.5
A0A1E1LIA3,363,97.4
A0A1E1LM99,367,96.2
A0A1E1LN68,312,98.3
A0A1E1LNK0,312,98.3
A0A1E1LRC1,378,96.6
A0A1E1LTR2,338,96.2
A0A1E1LW15,340,97.7
A0A1E1M4H9,347,97.7
A0A1E1M657,368,96.7
A0A1E1M6S3,378,96.6
A0A1E1M8A8,367,94.9
A0A1E1MFI0,338,96.4
A0A1E1MGK4,361,97.4
A0A1E1MH65,370,97.4
A0A1E1MIB6,264,95.0
A0A1E1MJB4,361,97.8
A0A1E1MKL9,432,88.5
A0A1E1MLZ3,337,94.5
A0A1E1MVL4,312,98.3
A0A1E2VE74,347,97.1
A0A1E3B9D8,246,88.4
A0A1E3BEK7,357,97.5
A0A1E3FW90,395,88.9
A0A1E3V4Z2,312,97.4
A0A1E5P225,269,98.2
A0A1E5PJ66,284,95.1
A0A1E5PZA3,278,97.5
A0A1E5PZI2,285,95.9
A0A1E5UM04,385,88.6
A0A1E5UXN7,298,97.3
A0A1E5UYD2,235,78.3
A0A1E5V3L3,297,97.2
A0A1E5VN09,326,97.1
A0A1E5WH95,362,92.8
A0A1E5WHX8,382,89.7
A0A1E5WJW0,334,93.6
A0A1E5WNI9,331,96.7
A0A1E7F8K2,326,90.0
A0A1E7FM11,374,82.9
A0A1E7FTK4,281,94.2
A0A1E7LN78,269,98.2
A0A1E7LZP5,285,96.1
A0A1E7N234,215,98.1
A0A1E7N2E9,119,66.0
A0A1F5L4P2,309,95.7
A0A1F5L654,310,98.0
A0A1F5L929,338,94.2
A0A1F5LB03,370,97.0
A0A1F5LJ48,172,41.1
A0A1F7ZLT4,301,96.2
A0A1F7ZW72,323,98.0
A0A1F7ZXX7,369,97.2
A0A1F8A303,326,97.5
A0A1F8A6I4,362,96.9
A0A1F8A877,307,95.6
A0A1F8AA02,361,96.5
A0A1G4AMM3,230,61.4
A0A1G4ANR7,363,94.9
A0A1G4ATQ6,315,93.6
A0A1G4ATZ7,354,97.5
A0A1G4AW68,365,95.9
A0A1G4AYJ9,380,97.3
A0A1G4AYX7,304,97.6
A0A1G4B5I6,202,78.4
A0A1G4B685,132,63.4
A0A1G4BFW7,350,96.3
A0A1G4BKS1,268,95.9
A0A1G4BL74,229,80.0
A0A1G4BLJ1,343,79.7
A0A1G4BMT9,374,95.4
A0A1G4BS67,378,96.7
A0A1G4V5R8,286,95.4
A0A1G5SEQ3,269,95.8
A0A1G5ZDT2,327,82.2
A0A1G5ZXY5,323,83.7
A0A1G6IKW8,285,96.8
A0A1G6RZ21,302,95.1
A0A1G6US90,280,97.7
A0A1G6VNA4,273,90.1
A0A1G7BK70,285,97.1
A0A1G7EV08,326,96.2
A0A1G7EVK2,236,94.6
A0A1G7JAM5,309,95.9
A0A1G7K2Z2,242,95.7
A0A1G7L190,324,94.9
A0A1G8B6K0,270,93.7
A0A1G9L3I7,274,93.9
A0A1G9LEN0,326,89.4
A0A1G9LQ44,316,88.7
A0A1G9MEV9,337,95.9
A0A1G9R0Y5,282,94.6
A0A1G9XZA0,271,95.8
A0A1G9Z9J2,401,91.5
A0A1H0A5D2,270,98.1
A0A1H0C516,269,98.2
A0A1H1Q0J6,242,96.2
A0A1H1X1U7,283,94.9
A0A1H1YK07,266,98.3
A0A1H2G3G0,303,97.2
A0A1H2XCC9,258,97.4
A0A1H3CW61,273,96.7
A0A1H3FTE7,303,95.0
A0A1H3PKM2,299,97.9
A0A1H3QIE8,289,95.9
A0A1H3SYD2,165,96.9
A0A1H4MIY2,318,95.3
A0A1H4VYS7,285,97.1
A0A1H5RXH7,250,97.9
A0A1H5XBP9,417,96.6
A0A1H6AG70,285,97.2
A0A1H6UN47,228,97.6
A0A1H6UVC1,229,97.9
A0A1H6YXJ5,230,98.0
A0A1H7K5B5,275,96.2
A0A1H7L321,360,92.5
A0A1H7NHR1,325,97.4
A0A1H7NPW0,284,98.3
A0A1H7Q7S9,275,94.5
A0A1H7VPR3,270,92.3
A0A1H8D0T2,261,98.1
A0A1H8F0D9,275,96.7
A0A1H8F7S5,334,93.7
A0A1H8G5C1,272,59.2
A0A1H8KQ84,270,95.9
A0A1H8TPG2,285,96.7
A0A1H9F825,277,93.8
A0A1H9TR89,353,95.7
A0A1H9YHF0,275,97.1
A0A1I0AUK2,293,97.7
A0A1I0B865,334,93.7
A0A1I0DNM4,347,97.2
A0A1I0KUA0,399,87.2
A0A1I1WTL0,306,94.5
A0A1I1ZK43,285,96.6
A0A1I2AZ38,269,98.4
A0A1I2GNX2,266,98.6
A0A1I2J207,248,95.9
A0A1I3WXE9,273,93.0
A0A1I4G6L8,292,93.0
A0A1I4MA92,367,83.8
A0A1I4PP49,261,97.4
A0A1I4RJF6,222,96.0
A0A1I4S2G6,269,95.2
A0A1I4S686,346,93.7
A0A1I4T9J4,225,97.2
A0A1I4VE96,273,95.7
A0A1I4X2F3,305,91.2
A0A1I4XEP0,346,97.0
A0A1I4XKW7,277,94.0
A0A1I4YET0,294,97.5
A0A1I4ZTB4,310,96.6
A0A1I5DX13,275,96.4
A0A1I5JP11,250,98.1
A0A1I5PK02,324,95.6
A0A1I5T2G9,344,97.8
A0A1I5Y7A8,256,96.1
A0A1I6M5T1,340,82.0
A0A1I6TH02,237,97.0
A0A1I6VK36,307,91.0
A0A1I7FBD7,293,97.7
A0A1I7G4D1,347,97.1
A0A1I7H5J0,275,96.9
A0A1I7RJ20,360,91.3
A0A1I7RJ76,362,91.7
A0A1I7RVW2,364,93.5
A0A1I7RZ64,357,90.2
A0A1I7S4X7,332,94.1
A0A1I7SYT5,221,72.3
A0A1I7SYT6,215,79.0
A0A1I7THH7,356,94.6
A0A1I7TKK5,310,97.2
A0A1I7TM10,322,95.9
A0A1I7UL98,347,95.2
A0A1I7UM07,352,91.1
A0A1I7UNT5,72,88.3
A0A1I7VBE5,355,88.0
A0A1I7VE53,288,92.0
A0A1I7VEA5,308,97.1
A0A1I7VGZ2,323,95.6
A0A1I7VUI1,503,67.9
A0A1I7WK42,157,49.1
A0A1I7WS93,161,60.2
A0A1I7X0N7,204,76.8
A0A1I7XGN1,231,61.1
A0A1I7XGX9,227,71.9
A0A1I7XHG2,311,73.0
A0A1I7XJ43,345,65.6
A0A1I7XST7,400,81.2
A0A1I7Y3Y8,363,93.8
A0A1I7ZB55,368,89.7
A0A1I7ZBZ5,368,89.9
A0A1I7ZL91,295,93.9
A0A1I7ZM19,307,91.7
A0A1I8A771,269,97.1
A0A1I8A9H6,207,71.1
A0A1I8AD71,307,97.4
A0A1I8AHN4,306,96.1
A0A1I8AYS7,334,75.8
A0A1I8AZD4,364,97.4
A0A1I8AZD9,283,85.6
A0A1I8AZL9,316,97.1
A0A1I8B1K7,374,78.8
A0A1I8B6E8,353,67.1
A0A1I8BFI8,239,78.3
A0A1I8BFJ2,295,91.1
A0A1I8BG70,352,89.7
A0A1I8BGA8,369,83.6
A0A1I8BGZ3,185,73.6
A0A1I8BTJ1,54,72.3
A0A1I8BVK8,185,85.2
A0A1I8EDM7,360,71.4
A0A1I8EMD9,320,95.0
A0A1I8F177,111,84.8
A0A1I8GLN0,497,90.9
A0A1I8I6W4,454,87.4
A0A1I8IJ91,460,79.6
A0A1I8J0F5,456,95.1
A0A1I9FZH0,367,97.7
A0A1I9G609,323,92.9
A0A1I9G629,578,67.3
A0A1I9G8X9,127,88.6
A0A1I9GB10,127,80.3
A0A1J0ERB0,311,97.0
A0A1J0HSK8,303,84.7
A0A1J0KEL5,348,86.9
A0A1J0KGN7,316,93.0
A0A1J4NW81,269,98.6
A0A1J4P798,285,96.6
A0A1J4PWI9,285,96.4
A0A1J6IKE9,329,96.5
A0A1J6IR06,296,97.4
A0A1J6JLI9,333,95.2
A0A1J6JNC7,150,55.1
A0A1J6KGZ9,72,63.6
A0A1J7H1D4,323,96.6
A0A1J7I5P1,364,97.3
A0A1J7INL6,324,97.4
A0A1J7IS49,349,98.0
A0A1J7ITX6,276,98.2
A0A1J7J0G6,376,97.3
A0A1J7J6R4,354,95.6
A0A1J7JCM8,372,96.5
A0A1J7JH22,352,98.4
A0A1J7JKX2,392,95.4
A0A1J7JNG9,340,95.9
A0A1J7JYB7,233,96.3
A0A1J7K205,322,97.3
A0A1J7K3Z8,379,91.5
A0A1J9P452,297,96.0
A0A1J9P4E5,421,89.9
A0A1J9PZZ1,342,92.1
A0A1J9Q075,428,86.8
A0A1J9Q3N9,355,94.2
A0A1J9QCR0,50,62.2
A0A1J9QCX9,230,93.7
A0A1J9QHL9,329,96.1
A0A1J9QI72,342,95.0
A0A1J9QJX4,396,90.2
A0A1J9QK96,353,96.4
A0A1J9QQD4,367,96.8
A0A1J9QRZ6,341,96.0
A0A1J9QXP9,267,95.9
A0A1J9R1D3,296,94.9
A0A1J9R1M8,331,96.4
A0A1J9R2U7,306,95.5
A0A1J9R8T8,421,89.0
A0A1J9R915,350,96.2
A0A1J9RDU7,370,97.8
A0A1J9RG32,360,97.9
A0A1J9RHE1,401,82.7
A0A1J9RTH1,193,84.0
A0A1J9RWN6,251,71.3
A0A1J9S725,296,97.7
A0A1K0FT98,271,98.3
A0A1K0FZI0,289,96.3
A0A1K0GCJ9,265,98.8
A0A1K0HF59,304,93.2
A0A1K1RX50,342,92.6
A0A1L1ZLS6,401,87.2
A0A1L2JC71,174,95.5
A0A1L2JC73,174,53.4
A0A1L2LXS7,275,93.0
A0A1L2LXX9,279,90.9
A0A1L3FF99,374,84.5
A0A1L3FP25,323,94.3
A0A1L3FQJ7,317,96.2
A0A1L5JHU3,329,97.0
A0A1L5NQ81,273,97.6
A0A1L5PBE2,245,96.3
A0A1L5PR01,312,96.9
A0A1L7SRP7,232,90.7
A0A1L7T4C3,354,97.6
A0A1L7T7H4,356,97.6
A0A1L7T7V9,300,95.8
A0A1L7T8U3,279,95.0
A0A1L7TDB7,319,97.2
A0A1L7TEG0,372,96.6
A0A1L7TGL4,196,88.6
A0A1L7THL1,295,97.2
A0A1L7TSE2,278,97.0
A0A1L7U023,362,91.6
A0A1L7U4U7,139,85.2
A0A1L7U9F0,415,90.4
A0A1L7UDF1,341,65.7
A0A1L7UG25,363,97.0
A0A1L7UH05,319,97.9
A0A1L7V6N4,397,90.7
A0A1L7V6Z6,354,97.3
A0A1L7V991,288,92.5
A0A1L7V9Q4,462,85.1
A0A1L7VBG6,391,86.6
A0A1L7VKD7,372,91.5
A0A1L7VMF9,276,97.3
A0A1L7VSH9,356,97.5
A0A1L7VU15,157,87.4
A0A1L7VVU2,304,97.6
A0A1L7VXS6,422,93.8
A0A1L7VXX5,148,85.1
A0A1L7VZA8,319,98.1
A0A1L7W176,329,94.3
A0A1L7W232,372,96.5
A0A1L7W6N9,278,97.3
A0A1L7WBJ5,298,96.6
A0A1L7WCH0,334,96.1
A0A1L7WDN4,352,94.4
A0A1L7WED2,286,84.5
A0A1L7WHP6,285,97.6
A0A1L7WIT1,364,82.8
A0A1L7WRM3,300,96.3
A0A1L7WVJ9,324,97.5
A0A1L7WZ33,329,95.9
A0A1L7X762,375,93.0
A0A1L7X844,380,94.3
A0A1L7XCA5,368,97.1
A0A1L7XEZ3,372,97.0
A0A1L7XFB0,286,97.9
A0A1L7XG75,351,94.9
A0A1L7XGA1,363,97.9
A0A1L7XJ17,297,98.1
A0A1L7XJB2,314,96.6
A0A1L7XKZ6,364,97.7
A0A1L7XKZ7,327,90.8
A0A1L7XL86,323,97.8
A0A1L7XQQ4,305,97.9
A0A1L7XU24,144,96.0
A0A1L7XV02,205,90.1
A0A1L7XVJ9,279,97.2
A0A1L7XVV4,274,94.8
A0A1L7XX15,327,93.4
A0A1L7XX51,341,97.0
A0A1L7XXI3,225,78.7
A0A1L8FPX0,200,93.0
A0A1L8FPY5,417,93.3
A0A1L8HAY8,433,96.7
A0A1L8HHA8,430,95.7
A0A1L8HNZ5,439,97.0
A0A1L9B3D7,306,97.5
A0A1L9MQY6,289,98.1
A0A1L9N5U9,358,97.5
A0A1L9NBE9,374,98.0
A0A1L9NFH0,326,97.9
A0A1L9NGC6,373,95.8
A0A1L9NGU9,118,68.5
A0A1L9NHP5,302,97.7
A0A1L9P4N9,296,96.9
A0A1L9P5K4,318,97.7
A0A1L9PK31,299,97.1
A0A1L9PT91,325,88.0
A0A1L9PUQ4,358,97.3
A0A1L9PZT9,292,93.2
A0A1L9Q0K3,386,92.3
A0A1L9Q161,395,89.7
A0A1L9Q2X8,357,96.9
A0A1L9Q5E1,306,97.5
A0A1L9R444,67,78.1
A0A1L9RA92,408,82.3
A0A1L9RLV9,364,74.3
A0A1L9RMH3,358,95.8
A0A1L9RSJ6,289,95.1
A0A1L9RUP8,662,69.8
A0A1L9RXI5,303,96.3
A0A1L9S2T4,355,97.8
A0A1L9S434,281,95.9
A0A1L9SBJ3,212,95.7
A0A1L9SFN0,320,93.8
A0A1L9SFQ7,289,97.3
A0A1L9SJA1,367,97.3
A0A1L9SJV0,369,97.3
A0A1L9T0I4,306,98.1
A0A1L9T4S2,358,97.3
A0A1L9T527,368,93.0
A0A1L9T5J5,395,88.7
A0A1L9T6V0,299,92.7
A0A1L9T8P2,356,97.1
A0A1L9TIM4,299,89.0
A0A1L9TTH3,318,96.7
A0A1L9U384,358,97.4
A0A1L9U5P7,289,97.0
A0A1L9UCL6,373,95.9
A0A1L9UDA4,341,94.9
A0A1L9UF38,289,97.7
A0A1L9USF3,372,97.9
A0A1L9V3Y6,246,92.2
A0A1L9V8E5,415,92.7
A0A1L9VNH5,129,88.9
A0A1L9WGB2,292,92.8
A0A1L9WIS1,372,97.0
A0A1L9WN79,289,97.1
A0A1L9WQQ0,331,96.9
A0A1L9WZZ5,357,96.9
A0A1L9X8A5,234,95.5
A0A1M2V476,323,87.7
A0A1M2VFH5,333,97.7
A0A1M2VPA5,367,93.1
A0A1M3KWQ3,337,93.9
A0A1M3T682,365,97.5
A0A1M3T6R9,326,97.8
A0A1M3T705,302,97.6
A0A1M3TFS3,289,96.8
A0A1M3TTS7,358,97.3
A0A1M3TZH4,372,98.2
A0A1M4WXD6,310,97.2
A0A1M5EK35,261,95.5
A0A1M5KSP5,288,93.7
A0A1M6EG22,314,95.1
A0A1M6FXH1,277,94.9
A0A1M6KPY0,227,97.2
A0A1M6NA87,311,96.3
A0A1M6UBL7,310,96.7
A0A1M6UZM2,227,97.6
A0A1M6YZ20,218,97.6
A0A1M6ZLB0,276,94.7
A0A1M7BKJ4,261,97.2
A0A1M7HUV8,294,97.2
A0A1M7HXU5,318,93.8
A0A1M7JYU0,391,91.2
A0A1M7UKR1,286,95.1
A0A1M7UXB1,249,96.1
A0A1N6FBL6,317,94.4
A0A1N6G318,302,98.0
A0A1N6GWC1,273,94.6
A0A1N6ZK30,243,98.2
A0A1N7IC57,309,96.3
A0A1N7NXT6,346,96.1
A0A1N7U5H3,312,96.2
A0A1P8NLY1,132,90.8
A0A1P8NLY6,132,94.4
A0A1P8NLY7,132,87.7
A0A1P8NLZ0,105,90.1
A0A1P8NLZ2,132,87.5
A0A1P8THR9,285,97.2
A0A1P8YXV3,398,95.7
A0A1P8YXV9,371,96.8
A0A1Q2H1V0,302,92.9
A0A1Q3B9T6,329,96.8
A0A1Q3DUK8,275,95.4
A0A1Q3EBY1,161,95.3
A0A1Q3EU58,330,98.1
A0A1Q4V843,271,97.7
A0A1Q4V9C0,269,98.3
A0A1Q4VCZ9,285,96.8
A0A1Q5TAG8,218,56.5
A0A1Q5TBP6,257,86.2
A0A1Q5TEY8,372,96.8
A0A1Q5TKK0,269,72.5
A0A1Q5ULT4,261,74.6
A0A1Q5UMU8,415,75.5
A0A1Q8ESH5,285,96.3
A0A1Q8RB81,378,96.8
A0A1Q8RG93,375,96.0
A0A1Q8RL66,361,94.3
A0A1Q8RL83,367,97.1
A0A1Q8RN62,375,97.5
A0A1Q8RQN6,235,79.2
A0A1Q8RQU4,366,89.1
A0A1Q8RRY2,312,94.5
A0A1Q8RS64,304,98.1
A0A1Q8RT46,274,97.8
A0A1Q8RT99,357,97.3
A0A1Q8RWW3,356,97.4
A0A1Q8S0I1,272,96.9
A0A1Q8S150,363,94.7
A0A1Q8S3Q1,367,96.7
A0A1Q8ZLK4,320,95.1
A0A1Q9DXC9,306,94.3
A0A1Q9DZ23,484,68.2
A0A1R0GSB3,246,97.5
A0A1R0GSL5,214,52.5
A0A1R0GZJ6,244,90.7
A0A1R0H363,270,96.4
A0A1R0H5V9,244,96.8
A0A1R0H5Z6,244,97.4
A0A1R0H9H9,220,89.4
A0A1R0H9J9,254,95.6
A0A1R0H9M4,244,97.6
A0A1R1PBT7,222,92.0
A0A1R1PH42,254,97.4
A0A1R1PI16,254,94.9
A0A1R1PIW9,241,97.8
A0A1R1PJS5,428,87.0
A0A1R1PML3,256,96.8
A0A1R1PMZ4,263,96.8
A0A1R1PS93,251,98.0
A0A1R1PVC5,252,97.8
A0A1R1WXU3,161,87.8
A0A1R1WYE1,372,74.3
A0A1R1X591,244,93.5
A0A1R1X5U7,120,96.8
A0A1R1X5Y3,431,73.1
A0A1R1X657,267,95.7
A0A1R1X6Z3,76,93.5
A0A1R1X770,196,77.0
A0A1R1XEH9,268,95.3
A0A1R1XFA3,87,94.6
A0A1R1XFQ7,207,96.8
A0A1R1XH13,317,88.5
A0A1R1XHY4,245,96.8
A0A1R1XIS4,238,80.9
A0A1R1XPA9,245,97.8
A0A1R1XTM7,252,95.6
A0A1R1Y072,457,83.1
A0A1R1Y0C8,254,95.4
A0A1R1Y4L7,190,96.5
A0A1R1Y553,431,73.8
A0A1R1Y573,254,95.6
A0A1R1Y8B2,189,72.0
A0A1R1YCH6,252,97.2
A0A1R1YDJ3,317,76.2
A0A1R1YED9,254,96.7
A0A1R1YEJ2,467,81.8
A0A1R1YG85,330,83.2
A0A1R1YHR6,240,89.8
A0A1R1YKF0,241,82.8
A0A1R3I1N9,337,95.9
A0A1R3I1W8,328,97.2
A0A1R3RDN0,320,94.2
A0A1R3RGL8,311,97.0
A0A1R3RHQ2,358,97.4
A0A1R3RIK9,365,97.9
A0A1R3RL00,371,98.2
A0A1R3RM65,327,97.3
A0A1R3RMB5,189,86.2
A0A1R3RV41,253,97.1
A0A1R3RV43,146,95.4
A0A1R3S0H8,243,95.2
A0A1R3VBN3,291,96.3
A0A1R4H6E4,294,95.3
A0A1R4H727,289,95.6
A0A1R4H7B9,312,97.7
A0A1R4HBM7,136,88.2
A0A1R4HGF1,254,95.1
A0A1S0U3A8,350,82.6
A0A1S0UA83,288,92.8
A0A1S0UE63,300,90.7
A0A1S0UET2,323,94.2
A0A1S1J5M9,298,97.2
A0A1S1QQN5,299,98.4
A0A1S1RLQ1,298,98.5
A0A1S1U863,322,94.2
A0A1S1WVB3,283,97.3
A0A1S1WVR1,263,95.8
A0A1S2PKP4,269,98.6
A0A1S2PQK3,285,97.3
A0A1S2Q1S7,329,96.7
A0A1S2TDC3,312,97.3
A0A1S2XCB4,335,96.8
A0A1S3A9R3,439,96.9
A0A1S3AG80,430,97.9
A0A1S3B632,328,96.6
A0A1S3BFJ5,321,96.1
A0A1S3BFK3,290,85.4
A0A1S3F0Z4,399,91.0
A0A1S3FPX9,431,95.1
A0A1S3FZ52,353,97.5
A0A1S3H960,317,92.2
A0A1S3HAX8,348,86.7
A0A1S3HNS5,330,85.4
A0A1S3I9L8,327,83.5
A0A1S3IIA6,330,84.6
A0A1S3M1N8,431,98.0
A0A1S3N7F4,437,97.4
A0A1S3N8E2,431,96.7
A0A1S3P0G2,433,95.1
A0A1S3PMH8,431,94.8
A0A1S3SDL6,369,97.6
A0A1S3T8Z8,302,96.9
A0A1S3T903,329,97.2
A0A1S3T908,298,95.5
A0A1S3UVG6,339,96.3
A0A1S3UW74,336,96.4
A0A1S3VFN6,324,96.4
A0A1S3VGI9,328,96.9
A0A1S3X216,322,96.6
A0A1S3XNC2,335,88.1
A0A1S3Y7P7,333,95.3
A0A1S3YVF2,329,95.1
A0A1S3ZGA9,325,96.3
A0A1S3ZJN1,326,95.7
A0A1S3ZQP6,333,95.9
A0A1S4AY85,322,97.1
A0A1S4BPI1,296,97.3
A0A1S4BPJ1,296,97.1
A0A1S4BS14,326,95.5
A0A1S4BS42,326,95.7
A0A1S4D1N7,333,95.7
A0A1S5YGG7,193,94.0
A0A1S6GLX1,336,97.4
A0A1S6JCQ5,285,96.9
A0A1S7UQS5,286,97.7
A0A1S8B2L2,391,93.7
A0A1S8B326,380,89.9
A0A1S8B3R3,329,96.6
A0A1S8B4X8,216,76.5
A0A1S8B5X6,211,81.0
A0A1S8B921,367,96.6
A0A1S8BB58,333,94.2
A0A1S8BJ90,371,85.3
A0A1S8BLY1,367,97.7
A0A1S8CTM4,331,93.5
A0A1S8X0S4,450,94.4
A0A1S8X904,446,95.9
A0A1S8X946,210,94.4
A0A1S8X960,446,96.4
A0A1S8X9V9,160,61.0
A0A1S9D7B6,416,87.4
A0A1S9D8U5,265,97.7
A0A1S9DBW0,367,97.3
A0A1S9DF80,289,97.1
A0A1S9DJX3,369,97.5
A0A1S9DK56,597,88.3
A0A1S9DQI5,361,97.0
A0A1S9DSW9,323,97.9
A0A1S9DY89,409,88.9
A0A1S9E169,326,98.0
A0A1S9R977,327,95.5
A0A1S9RAT3,301,98.2
A0A1S9RI10,289,97.7
A0A1S9RXZ7,327,97.4
A0A1S9S186,365,87.8
A0A1T3CJY3,372,93.2
A0A1T3D0U6,353,97.3
A0A1T4VVS6,293,97.2
A0A1U7HH74,278,97.4
A0A1U7LR42,361,84.2
A0A1U7LR76,368,75.1
A0A1U7QI44,430,96.3
A0A1U7R181,426,98.1
A0A1U7RIN9,465,86.8
A0A1U7RL49,438,97.6
A0A1U7RUY1,431,96.5
A0A1U7S3P6,364,98.0
A0A1U7SPS9,432,95.9
A0A1U7T168,326,89.1
A0A1U7U0A7,438,97.3
A0A1U7VU91,333,95.4
A0A1U7VZE2,329,96.1
A0A1U7W3J9,296,97.2
A0A1U7WEV2,296,97.1
A0A1U7WR83,296,97.1
A0A1U7XN75,326,95.4
A0A1U7YXM0,336,97.7
A0A1U7Z3Y9,323,97.4
A0A1U7ZNA7,327,95.9
A0A1U8ADQ1,326,96.4
A0A1U8CP38,360,97.5
A0A1U8HXV2,297,97.4
A0A1U8JTD9,328,97.3
A0A1U8LIV3,328,96.8
A0A1U8MR36,327,97.2
A0A1U8MV00,335,87.8
A0A1U9A8E4,364,89.5
A0A1U9R1C4,285,94.6
A0A1U9VHG5,273,97.6
A0A1U9VPE0,276,96.5
A0A1U9ZYN5,279,95.1
A0A1V0EM26,132,85.5
A0A1V0EM30,132,82.4
A0A1V0EM31,132,85.7
A0A1V0UF35,271,97.5
A0A1V0UKR2,285,96.3
A0A1V1FQB1,90,97.6
A0A1V1FSP2,90,97.6
A0A1V1FVF1,194,68.1
A0A1V1FYJ0,90,97.2
A0A1V1G295,132,88.6
A0A1V2K374,303,98.0
A0A1V2UT19,312,97.4
A0A1V3BZL4,294,95.6
A0A1V4A075,285,97.8
A0A1V4I1C4,294,95.5
A0A1V4J4M7,432,95.4
A0A1V4J513,438,97.8
A0A1V4L0L8,366,98.1
A0A1V6MSF3,285,97.6
A0A1V6MUA4,269,98.4
A0A1V6N7S7,148,90.8
A0A1V6N9N8,393,92.4
A0A1V6NBC1,397,90.9
A0A1V6NT23,267,97.8
A0A1V6NTF3,370,97.1
A0A1V6NYN1,322,95.4
A0A1V6P941,293,97.6
A0A1V6PG48,282,75.8
A0A1V6PRI1,306,90.3
A0A1V6PTM8,318,92.5
A0A1V6Q6L1,310,98.0
A0A1V6Q8G6,370,96.9
A0A1V6QBL1,219,91.4
A0A1V6QMM7,323,95.0
A0A1V6QQ78,331,87.6
A0A1V6QSQ2,386,91.5
A0A1V6R0M3,370,97.0
A0A1V6R4C4,386,91.3
A0A1V6RI42,310,97.6
A0A1V6RJ70,305,97.1
A0A1V6RNY4,272,96.5
A0A1V6RX09,370,97.0
A0A1V6S5U6,342,93.2
A0A1V6SI39,323,94.8
A0A1V6SJE6,386,92.5
A0A1V6SQY9,368,96.9
A0A1V6T290,399,91.1
A0A1V6T2Q2,311,97.7
A0A1V6T2W4,298,94.4
A0A1V6TP23,370,97.3
A0A1V6TP25,399,91.2
A0A1V6TPN3,325,96.1
A0A1V6UCN1,370,97.1
A0A1V6UJI3,334,94.9
A0A1V6UYM8,310,97.8
A0A1V6XP46,399,92.3
A0A1V6Y949,432,88.0
A0A1V6YCZ7,323,94.9
A0A1V6YX06,370,97.2
A0A1V8SKS2,368,94.1
A0A1V8SS50,370,97.4
A0A1V8SV31,374,96.5
A0A1V8SXJ4,344,94.7
A0A1V8T1G2,405,93.8
A0A1V8TJ40,357,92.8
A0A1V8TKJ2,370,97.7
A0A1V8TPK1,326,94.8
A0A1V8TS84,363,97.3
A0A1V8TU55,359,97.5
A0A1V9Y4A2,318,96.9
A0A1V9Y4B3,283,93.5
A0A1V9Y543,361,95.0
A0A1V9Y5I4,323,97.3
A0A1V9Y9H5,333,96.3
A0A1V9YBP5,457,92.2
A0A1V9YE51,297,92.9
A0A1V9YEL7,462,83.9
A0A1V9YEM7,325,96.7
A0A1V9YSH7,169,95.9
A0A1V9YSU1,271,85.1
A0A1V9YY26,324,97.0
A0A1V9YYD2,323,96.6
A0A1V9Z082,171,93.7
A0A1V9Z4B6,331,96.5
A0A1V9Z5U0,299,94.9
A0A1V9ZFX4,341,96.2
A0A1V9ZS86,323,97.4
A0A1V9ZSP1,319,96.3
A0A1W0A5N4,408,91.5
A0A1W0CC29,305,96.8
A0A1W0VTX0,333,95.0
A0A1W0VZT6,340,92.7
A0A1W1XU60,395,90.7
A0A1W2FQF9,282,94.4
A0A1W2TBG8,375,86.5
A0A1W2TDK2,395,92.0
A0A1W2TFC7,360,91.0
A0A1W2TI06,363,96.9
A0A1W2TIU1,300,95.3
A0A1W2TJ16,359,95.5
A0A1W2TKF3,361,96.3
A0A1W2TMZ6,339,97.4
A0A1W2TQH1,278,97.7
A0A1W2TRD3,273,97.8
A0A1W2TX07,420,87.5
A0A1W2TXD3,322,94.3
A0A1W5CYQ0,361,96.6
A0A1W5D0E8,370,95.8
A0A1W5DB43,237,72.0
A0A1W5PVZ5,327,97.4
A0A1W5ZLD3,431,97.0
A0A1W5ZLE6,434,97.2
A0A1W6AMR4,171,95.9
A0A1W6I192,210,92.8
A0A1W6LXP7,126,88.2
A0A1W6LXQ3,147,90.1
A0A1W6LXQ5,133,90.6
A0A1W6LXQ9,132,90.0
A0A1W6LXR0,132,87.1
A0A1W6LXR1,132,88.9
A0A1W6LXR3,132,90.0
A0A1W6LXR5,132,87.7
A0A1W6LXR8,169,64.8
A0A1W6LXS0,132,89.0
A0A1W6LXS1,133,76.4
A0A1W6LXS3,132,90.1
A0A1W6LXS6,133,90.7
A0A1W6LXS8,132,90.8
A0A1W6LXT1,133,90.3
A0A1W6LXT2,134,88.7
A0A1W6LXT6,132,90.6
A0A1W6SPL1,320,97.5
A0A1W6SPU4,260,90.4
A0A1W6SQT2,347,96.8
A0A1W6SSH7,275,97.2
A0A1W6WXH6,319,94.7
A0A1W7D1S4,302,97.9
A0A1X0B8H0,284,94.3
A0A1X1P628,395,91.4
A0A1X2ETX6,299,96.2
A0A1X6N7P5,349,96.4
A0A1X6NLJ2,233,92.0
A0A1X6NN55,277,82.9
A0A1X6NRK9,333,97.7
A0A1X6NT80,347,90.4
A0A1X6P7V7,347,90.8
A0A1X6P7W8,341,93.0
A0A1X6PEB3,180,90.8
A0A1X6PIR8,269,89.7
A0A1X6PJ39,263,96.2
A0A1X6PJ49,347,96.2
A0A1X7PSQ5,289,96.8
A0A1X7RK58,370,97.0
A0A1X7RPF3,296,97.6
A0A1X7RRH8,267,97.3
A0A1X7RS54,377,95.8
A0A1X7RSK7,326,95.6
A0A1X7RU91,281,96.0
A0A1X7RVT3,286,95.4
A0A1X7RWC6,389,92.1
A0A1X7RXX1,467,87.5
A0A1X7S635,335,95.2
A0A1X7S7T3,348,84.7
A0A1X7S8T9,141,92.8
A0A1X7S8X8,148,61.7
A0A1X7S964,365,95.6
A0A1X7SEW5,153,62.2
A0A1Y0B6P0,330,97.5
A0A1Y0C4U3,284,94.1
A0A1Y0DAD8,181,91.8
A0A1Y0DAE5,105,92.9
A0A1Y0DAF0,181,91.8
A0A1Y0DAS0,181,91.8
A0A1Y0DBX4,181,91.8
A0A1Y0DBY4,181,91.8
A0A1Y1BWL3,395,91.4
A0A1Y1HLN7,364,81.1
A0A1Y1HT28,418,80.6
A0A1Y1HVY3,328,94.9
A0A1Y1IBB9,371,84.4
A0A1Y1IJ30,276,93.9
A0A1Y1JWV0,142,91.3
A0A1Y1KAA4,127,93.2
A0A1Y1KCV2,121,91.9
A0A1Y1VY43,248,97.1
A0A1Y1VY46,250,95.4
A0A1Y1VY47,183,91.4
A0A1Y1VY50,251,96.3
A0A1Y1VYU8,250,92.1
A0A1Y1W3Y5,226,92.0
A0A1Y1W4C1,240,86.5
A0A1Y1W4W0,501,63.8
A0A1Y1W8H1,218,85.5
A0A1Y1W8N5,251,97.9
A0A1Y1W9H1,192,81.4
A0A1Y1WUU7,190,96.3
A0A1Y1WXW1,400,91.0
A0A1Y1X7W0,253,97.7
A0A1Y1XAL5,240,97.3
A0A1Y1XFV3,256,97.1
A0A1Y1XLK1,238,97.2
A0A1Y1XM11,243,96.6
A0A1Y1XU76,250,95.7
A0A1Y1XUF9,187,97.5
A0A1Y1XUN2,256,96.6
A0A1Y1XVN2,59,69.1
A0A1Y1XZB8,256,97.6
A0A1Y1Y0G3,250,97.2
A0A1Y1Y162,250,97.6
A0A1Y1Y3B8,230,96.1
A0A1Y1Y3H3,388,95.1
A0A1Y1Y3L9,99,80.7
A0A1Y1Y511,262,96.0
A0A1Y1Y750,238,96.9
A0A1Y1Y7M1,252,91.3
A0A1Y1YAL0,389,92.5
A0A1Y1YBC0,445,77.6
A0A1Y1YDM8,249,94.9
A0A1Y1YF00,122,76.0
A0A1Y1YGY2,356,95.3
A0A1Y1YHD6,203,98.1
A0A1Y1YII7,362,97.8
A0A1Y1YL36,359,97.3
A0A1Y1Z2B1,637,43.5
A0A1Y1Z2V1,192,97.0
A0A1Y1Z3P8,255,96.4
A0A1Y1Z4N2,244,98.4
A0A1Y1Z5B8,359,84.2
A0A1Y1Z5L8,362,97.9
A0A1Y1Z697,206,95.4
A0A1Y1Z6J4,198,95.5
A0A1Y1ZAQ2,251,97.4
A0A1Y1ZC58,258,97.0
A0A1Y1ZEP1,373,96.4
A0A1Y1ZKF0,346,93.6
A0A1Y1ZNT3,344,98.1
A0A1Y1ZQ62,364,97.5
A0A1Y1ZQB7,299,93.1
A0A1Y1ZS34,269,98.0
A0A1Y1ZT51,305,82.8
A0A1Y1ZVC0,367,96.7
A0A1Y1ZWF3,338,95.9
A0A1Y2A0W8,359,95.1
A0A1Y2A1D7,314,94.8
A0A1Y2A1T8,370,92.9
A0A1Y2B7J2,325,66.9
A0A1Y2B8A2,348,80.3
A0A1Y2BRR1,214,96.7
A0A1Y2BS97,294,86.1
A0A1Y2C6Z8,292,91.4
A0A1Y2C7D2,343,84.6
A0A1Y2C902,287,94.2
A0A1Y2CS79,232,82.4
A0A1Y2CTW7,185,69.5
A0A1Y2CTX0,218,86.8
A0A1Y2D0T3,342,84.3
A0A1Y2D0V7,300,89.3
A0A1Y2D1M5,394,83.0
A0A1Y2D9W0,321,96.3
A0A1Y2DFI7,249,91.7
A0A1Y2DJD5,371,96.7
A0A1Y2DPS8,304,97.2
A0A1Y2DQ55,300,98.0
A0A1Y2DTS3,339,84.7
A0A1Y2DYQ2,318,97.4
A0A1Y2E0D0,361,97.7
A0A1Y2E320,344,94.4
A0A1Y2E7P4,280,97.3
A0A1Y2EAA7,331,93.4
A0A1Y2EAK7,282,92.8
A0A1Y2EBR8,350,98.0
A0A1Y2EC43,338,94.8
A0A1Y2EFI0,309,81.5
A0A1Y2ELF4,368,94.9
A0A1Y2H970,238,90.3
A0A1Y2HB26,254,91.0
A0A1Y2HBG1,240,91.4
A0A1Y2HBJ4,379,78.7
A0A1Y2HGN7,241,97.3
A0A1Y2HHP1,249,95.9
A0A1Y2HIE7,230,90.5
A0A1Y2HJL8,252,93.7
A0A1Y2HM72,253,95.7
A0A1Y2HMF9,252,95.3
A0A1Y2HQW6,98,89.7
A0A1Y2HSP2,350,91.4
A0A1Y2HVF8,665,63.5
A0A1Y2HYH5,360,84.9
A0A1Y2I086,268,89.6
A0A1Y2I0K9,182,78.8
A0A1Y2I2E8,322,87.1
A0A1Y2I367,92,94.6
A0A1Y2I4M2,92,71.8
A0A1Y2I5X2,323,96.1
A0A1Y2J1T8,334,98.4
A0A1Y2J222,354,95.8
A0A1Y2JFF1,317,96.2
A0A1Y2JMB7,374,82.4
A0A1Y2LAB1,287,95.0
A0A1Y2LJE8,289,95.6
A0A1Y2LKD1,45,64.3
A0A1Y2LLX2,375,97.4
A0A1Y2LS64,371,97.3
A0A1Y2LTP6,360,97.1
A0A1Y2LV59,364,97.9
A0A1Y2LVN0,357,93.5
A0A1Y2LWY4,290,97.6
A0A1Y2LZD4,357,97.8
A0A1Y2M0W4,322,98.2
A0A1Y2M152,210,87.8
A0A1Y2M1Z3,174,96.2
A0A1Y2M514,350,97.9
A0A1Y2MBF5,337,91.5
A0A1Y2MBQ1,278,97.2
A0A1Y2MD93,248,89.0
A0A1Y2MDF2,193,90.7
A0A1Y2NMG9,285,97.2
A0A1Y3CKL6,330,95.1
A0A1Y3E6I2,233,55.9
A0A1Y3EME4,221,65.2
A0A1Y3EYP6,174,65.9
A0A1Y3EZC3,176,59.8
A0A1Y5XJS9,269,98.0
A0A1Y6CW86,320,96.7
A0A1Y6LEM6,296,97.4
A0A1Y6LG60,370,97.0
A0A1Y6LH78,271,93.8
A0A1Y6LHS4,377,96.4
A0A1Y6LIE0,326,95.6
A0A1Y6LJW2,249,93.7
A0A1Y6LLM1,286,95.4
A0A1Y6LLP7,389,92.2
A0A1Y6LNC1,424,89.8
A0A1Y6LWP6,321,97.5
A0A1Y6LZE3,178,88.6
A0A1Y6LZT0,365,95.0
A0A1Y6M248,101,78.4
A0A1Y6M338,366,90.7
A0A1Z1WBL2,270,97.7
A0A1Z1WEX4,285,97.7
A0A1Z2KV18,341,97.7
A0A1Z2L0K2,279,97.9
A0A1Z2L705,263,98.5
A0A1Z4C3I1,368,82.1
A0A1Z4C3W5,311,96.4
A0A1Z4LKJ3,331,95.8
A0A1Z4LU81,349,96.2
A0A1Z4V9M4,359,95.4
A0A1Z5R8F8,368,91.2
A0A1Z5RF73,247,80.3
A0A1Z5SN13,383,95.7
A0A1Z5SRG5,377,94.3
A0A1Z5SY64,374,96.3
A0A1Z5SZD6,383,95.4
A0A1Z5T6Y5,370,97.0
A0A1Z5T906,246,85.2
A0A1Z5TA34,368,98.0
A0A1Z5TGP0,360,98.2
A0A1Z5TI13,374,96.3
A0A1Z5TJY0,368,98.1
A0A1Z5TLP4,312,88.3
A0A1Z5TMX8,370,97.4
A0A1Z5TUA1,385,93.2
A0A1Z5TVI1,360,98.3
A0A1Z8AWD3,314,97.1
A0A200PQQ4,319,96.4
A0A200PQR0,330,94.9
A0A200PQT6,319,96.5
A0A200Q9B4,325,95.7
A0A200Q9C8,138,83.9
A0A200Q9D2,327,95.5
A0A200R7R5,325,96.6
A0A202B6Z1,273,95.9
A0A202B9X1,281,95.9
A0A210PLP8,365,89.3
A0A210PPR4,321,92.2
A0A210PWA4,365,88.1
A0A210QF88,381,90.3
A0A210QHJ1,302,94.3
A0A210QHN1,574,68.5
A0A210QJN1,332,95.6
A0A210QJQ9,336,95.1
A0A210QJS6,333,93.6
A0A210QME8,335,93.9
A0A210QRD1,404,88.7
A0A210R172,278,97.7
A0A210R239,322,88.5
A0A210R249,380,89.6
A0A210R253,366,90.5
A0A210R2D2,385,76.6
A0A210R2F8,406,86.7
A0A210R2J1,357,90.0
A0A210R2J5,335,93.4
A0A210R2L1,307,90.9
A0A210R2R4,369,81.9
A0A211ZIF3,359,95.5
A0A212C4N1,321,85.5
A0A212C521,416,89.9
A0A218UTV1,438,97.3
A0A218V5V9,383,92.1
A0A218VAA1,284,83.4
A0A218WZL2,332,97.3
A0A218YW74,362,97.0
A0A218YXK2,373,95.9
A0A218Z092,275,89.6
A0A218Z1A3,272,96.5
A0A218Z379,324,70.3
A0A218Z5Z3,322,98.4
A0A218Z9Z9,359,91.2
A0A218ZEU2,394,86.2
A0A218ZG40,335,94.8
A0A218ZGH0,360,95.1
A0A221NXB2,285,97.8
A0A221P6L7,269,98.4
A0A221SLE1,132,95.0
A0A221SLE4,132,94.7
A0A221SLE8,132,61.9
A0A221SLE9,151,60.4
A0A221SLF0,132,91.0
A0A221SLF2,132,93.6
A0A221SLF4,152,58.9
A0A221SLF5,132,94.7
A0A221SLF8,132,90.7
A0A221SLF9,132,89.6
A0A221SLG1,126,77.1
A0A221SLG2,132,61.9
A0A221SLG3,132,75.8
A0A221SLG5,132,93.6
A0A221SLG6,133,95.2
A0A221SLG7,132,94.7
A0A221SLG8,147,66.5
A0A221SLG9,145,64.2
A0A221SLH2,132,91.1
A0A221SLH3,132,95.2
A0A221SLH4,133,94.7
A0A221SLH8,133,94.7
A0A221SLH9,132,94.0
A0A221SLI0,132,95.1
A0A221SLI1,132,87.5
A0A221SLI3,132,93.4
A0A221SLI6,132,93.8
A0A221SLJ1,132,91.8
A0A222YS18,356,89.6
A0A222YSB4,325,92.5
A0A222YTC9,350,89.6
A0A225AK64,357,97.2
A0A225AUA1,206,91.9
A0A225UY76,356,80.7
A0A225V6L6,33,90.6
A0A225V7N9,126,86.6
A0A225VLL4,157,78.3
A0A225VX20,291,79.4
A0A225W8Z8,342,96.1
A0A225WDY0,407,89.5
A0A225WNQ8,322,79.6
A0A225WTA2,342,95.7
A0A225WV75,406,75.1
A0A225WXL0,392,92.2
A0A225WXR8,393,92.0
A0A225WZW1,326,94.8
A0A225X002,345,91.3
A0A225X068,293,88.9
A0A225X0D9,299,93.2
A0A225X3J0,352,96.2
A0A226MSN3,456,92.0
A0A226MV85,425,95.0
A0A226N516,464,80.9
A0A227NIZ8,293,96.8
A0A229WBV1,358,97.6
A0A229YF46,361,97.8
A0A232LQ58,385,87.0
A0A232M3J6,427,85.9
A0A232M3P4,505,88.0
A0A232M6A5,359,97.0
A0A233S0M9,270,98.6
A0A233SWB8,285,96.8
A0A238BSW7,388,84.1
A0A238BUS9,378,86.9
A0A238C4W2,314,94.8
A0A238C614,354,94.8
A0A238GSN3,322,97.0
A0A238GSS3,322,96.5
A0A238GT27,322,96.9
A0A238JCS7,281,95.9
A0A238URH8,347,93.9
A0A238WEM5,270,95.8
A0A239B9T9,298,94.5
A0A239C589,272,98.0
A0A239DL37,326,93.8
A0A239JU18,320,94.5
A0A242WAF8,200,95.1
A0A243BGP5,249,97.7
A0A243RJW7,285,97.1
A0A243S3W4,269,98.1
A0A248JNQ9,332,96.1
A0A248JZS5,296,97.0
A0A249PKJ6,312,91.6
A0A250IQN3,242,90.0
A0A250J906,306,97.8
A0A250JIN4,346,96.8
A0A250V858,285,96.8
A0A250VK24,270,98.6
A0A250X2B4,299,94.9
A0A251PFJ6,322,97.1
A0A251RRE0,231,81.9
A0A251S095,328,96.5
A0A251SBY7,295,88.9
A0A251SCL8,306,95.3
A0A251T8E6,346,95.5
A0A251T9H9,348,95.7
A0A251TAZ6,314,95.0
A0A251TBX0,311,97.2
A0A251TCC9,323,94.7
A0A251TE56,325,96.0
A0A251TN65,222,88.0
A0A251TYX0,331,94.9
A0A254T7E5,227,97.9
A0A254TX54,372,97.8
A0A254U1W7,722,82.0
A0A254U6B9,365,98.0
A0A254U6L8,302,97.8
A0A254UGL9,289,96.7
A0A254UH84,251,60.0
A0A255XTK6,284,97.1
A0A255XVR5,334,89.7
A0A255Z219,348,97.0
A0A260YNQ5,285,91.2
A0A260Z9J2,218,64.0
A0A260ZAA2,357,90.0
A0A260ZHJ1,338,90.4
A0A261A2D2,372,86.9
A0A261ABC6,275,60.9
A0A261AMC7,344,92.3
A0A261ART6,347,93.5
A0A261BLL2,326,71.6
A0A261BML5,310,97.4
A0A261BV78,322,94.8
A0A261BVR8,80,91.7
A0A261GRE4,293,96.6
A0A261GVB1,400,84.3
A0A267E0U8,497,90.9
A0A267EJI9,456,95.1
A0A267G1D3,383,89.4
A0A270R4T3,371,87.9
A0A270R4U3,375,90.3
A0A284QKJ8,283,97.9
A0A284QKL8,173,50.7
A0A284QL89,251,73.3
A0A284QNI4,325,79.7
A0A284QUC6,343,95.5
A0A284QY39,285,98.4
A0A284R0V1,270,96.8
A0A284RJ44,283,98.0
A0A284RMD2,325,82.8
A0A284RME6,338,96.9
A0A284RNM6,334,97.7
A0A284RQQ2,213,72.9
A0A284RQX4,288,96.4
A0A284RVV9,283,98.3
A0A285BU58,262,95.1
A0A285GNL0,52,77.0
A0A285MR25,369,89.9
A0A285N1Q2,309,96.7
A0A286K027,390,93.3
A0A286MEA3,317,90.2
A0A286Q4G7,174,94.0
A0A286Q4G8,174,94.9
A0A286Q4G9,173,95.0
A0A286Q4H4,174,95.2
A0A286Q4H5,174,94.3
A0A286Q4H6,174,95.2
A0A286Q4H7,174,94.7
A0A286Q4H8,174,94.0
A0A286Q4H9,174,93.0
A0A286Q4I0,174,95.6
A0A286Q4I1,174,94.4
A0A286Q4I2,174,93.5
A0A286Q4I3,174,93.6
A0A286Q4I6,174,94.5
A0A286Q4I8,174,94.4
A0A286Q4I9,174,94.7
A0A286Q4J7,174,95.3
A0A286Q4K0,174,95.2
A0A286Q4K8,174,93.3
A0A286UXE3,335,96.6
A0A286UXH5,355,97.0
A0A286ZW59,397,82.1
A0A290DTF2,146,72.3
A0A290DTG1,133,94.6
A0A290DTH7,132,89.4
A0A290DTI5,151,78.2
A0A290DTJ3,133,90.1
A0A290DU56,132,75.4
A0A290DU63,132,93.3
A0A290DUI8,133,91.8
A0A290DUJ9,132,90.7
A0A290DX58,132,88.1
A0A290DX68,132,75.4
A0A290E3N6,145,82.8
A0A290E3P9,132,94.1
A0A290E8U0,133,93.3
A0A290E8V8,134,94.9
A0A290EAF7,132,89.1
A0A290EAH4,132,90.4
A0A290EAI2,132,88.7
A0A290EAJ1,132,92.6
A0A290EAM0,132,93.8
A0A290EAV0,132,90.1
A0A291Q8A9,286,96.7
A0A292FYZ7,176,72.6
A0A292FZQ3,177,56.2
A0A292PHN7,308,96.6
A0A292PKA2,286,97.9
A0A292PY08,379,97.6
A0A292PZ61,392,85.4
A0A292Q0S9,307,96.3
A0A2A2CYM0,279,97.9
A0A2A2CZR1,341,97.4
A0A2A2D8R7,269,98.6
A0A2A2J702,400,67.3
A0A2A2J8D8,356,95.0
A0A2A2JAK5,243,89.9
A0A2A2JDD4,388,91.6
A0A2A2JDX4,388,91.5
A0A2A2JLU7,285,84.3
A0A2A2JPQ9,243,92.5
A0A2A2JXL7,144,82.4
A0A2A2KE11,338,94.4
A0A2A2KHM8,322,91.0
A0A2A2KHX6,360,91.4
A0A2A2KI00,360,92.9
A0A2A2KI46,303,91.5
A0A2A2KI70,360,89.9
A0A2A2KPI7,63,75.5
A0A2A2KQK3,368,84.7
A0A2A2KR94,256,95.7
A0A2A2KT25,362,92.5
A0A2A2KT57,362,91.9
A0A2A2KT69,268,95.4
A0A2A2KT76,362,91.9
A0A2A2KT86,362,94.8
A0A2A2KT89,269,94.4
A0A2A2KT90,268,95.7
A0A2A2KT92,362,92.6
A0A2A2KT95,303,86.1
A0A2A2KT96,289,90.0
A0A2A2KTJ9,362,94.2
A0A2A2KTL5,269,94.5
A0A2A2KWS8,347,84.5
A0A2A2L189,313,91.8
A0A2A2L7X7,362,92.6
A0A2A2LC42,269,84.8
A0A2A2LIM0,175,65.1
A0A2A2MFM9,318,97.1
A0A2A2PN16,303,97.3
A0A2A4FEF3,337,93.9
A0A2A4FK57,395,90.9
A0A2A5KJE3,245,96.3
A0A2A6B3L8,381,88.9
A0A2A6BIE1,324,93.7
A0A2A6BQG6,336,94.7
A0A2A6BT42,400,93.8
A0A2A6C0P8,346,91.1
A0A2A6C3B5,292,61.0
A0A2A6C452,360,90.3
A0A2A6CJW1,346,92.9
A0A2A6J2U9,245,96.3
A0A2A7N7N2,290,97.5
A0A2A7SC70,346,97.3
A0A2A9NYK6,317,73.2
A0A2A9P2X5,378,93.7
A0A2A9PFR7,358,91.7
A0A2A9PJA7,345,97.0
A0A2A9PJB5,360,95.4
A0A2A9PND3,347,95.7
A0A2A9PRJ6,393,85.7
A0A2A9PSU3,342,97.5
A0A2B4R7J8,447,95.4
A0A2B4RIN6,363,83.3
A0A2B4RKW6,313,97.0
A0A2B4RN75,260,97.2
A0A2B4RNC9,294,97.3
A0A2B4RPF7,310,94.7
A0A2B4RQ59,327,88.4
A0A2B4RQQ5,280,87.5
A0A2B4S3Z0,249,92.1
A0A2B4SFS2,294,97.6
A0A2B4SG55,217,95.9
A0A2B4SQ19,434,95.6
A0A2B4STS7,250,96.6
A0A2B7WG80,328,90.1
A0A2B7WHR8,342,93.8
A0A2B7WKZ8,396,75.2
A0A2B7WN75,411,92.6
A0A2B7WWK3,359,97.4
A0A2B7WX14,313,97.2
A0A2B7WZX3,298,95.1
A0A2B7X0H1,340,95.8
A0A2B7X1D4,356,95.1
A0A2B7X3E4,337,94.0
A0A2B7X5B2,405,91.6
A0A2B7X6I9,385,88.7
A0A2B7XQF2,388,90.5
A0A2B7XVW2,421,91.5
A0A2B7XWW1,295,96.2
A0A2B7XYY6,338,93.9
A0A2B7XZH1,352,96.5
A0A2B7Y0Z4,298,96.9
A0A2B7Y1Z4,471,70.8
A0A2B7Y2D7,355,95.8
A0A2B7Y3U7,311,97.9
A0A2B7Y571,261,98.1
A0A2B7YAT8,356,95.7
A0A2B7YCJ2,277,98.4
A0A2B7YDC2,408,92.1
A0A2B7YF50,323,51.0
A0A2B7YQX0,341,96.1
A0A2B7YR81,241,81.2
A0A2B7Z651,356,96.8
A0A2B7ZAM7,329,94.0
A0A2B7ZD97,421,88.5
A0A2B7ZFZ8,297,96.5
A0A2B7ZKP4,385,88.7
A0A2B7ZS17,339,95.3
A0A2B7ZTN1,231,92.7
A0A2B8BFB1,345,97.3
A0A2C5X0B9,357,97.2
A0A2C5XK77,377,93.0
A0A2C5XL89,350,95.8
A0A2C5XTP8,345,95.6
A0A2C5Y901,372,92.7
A0A2C5YA96,312,96.6
A0A2C5YDY5,350,93.9
A0A2C5YFN0,372,94.6
A0A2C5YKI6,394,86.5
A0A2C5YLV5,374,92.9
A0A2C5YSY6,351,96.4
A0A2C5ZBU4,338,96.1
A0A2C5ZDY8,324,93.3
A0A2C5ZER1,292,90.8
A0A2C5ZGV6,339,78.2
A0A2C5ZMG7,342,97.3
A0A2C9JDT0,337,93.3
A0A2C9K9Y0,218,83.1
A0A2C9KDF9,340,90.6
A0A2C9KDI8,212,89.2
A0A2C9KDQ8,276,90.3
A0A2C9L419,341,92.5
A0A2C9LDT0,361,78.0
A0A2C9LE33,149,62.8
A0A2C9LHZ0,362,90.6
A0A2C9LTK6,167,85.9
A0A2C9M2G0,144,77.1
A0A2C9U520,331,96.9
A0A2D0N956,356,96.4
A0A2D0NGI4,325,96.5
A0A2D0QFY2,434,97.2
A0A2D0SW34,434,97.6
A0A2D0VJP4,179,95.8
A0A2D0VJP9,179,96.1
A0A2D2AU21,279,95.0
A0A2D2AXZ0,294,95.3
A0A2D3UP66,378,92.8
A0A2D3URD8,373,93.6
A0A2D3USA2,370,97.2
A0A2D3UTW4,295,97.5
A0A2D3UVV1,163,89.9
A0A2D3UWI9,378,96.7
A0A2D3UX83,374,95.6
A0A2D3V5Q1,289,94.1
A0A2D3V8K9,332,93.7
A0A2D3V8Z0,376,95.9
A0A2D3V9U3,310,96.9
A0A2D3VCR1,85,81.1
A0A2D3VEC3,375,96.5
A0A2D3VIH6,376,96.7
A0A2D3VL88,277,94.1
A0A2G2W2T9,337,92.6
A0A2G2XEY0,322,96.9
A0A2G2XHP8,337,94.4
A0A2G2XM25,252,88.7
A0A2G2XM38,326,95.8
A0A2G2XM40,326,96.7
A0A2G2XMF4,334,95.0
A0A2G2XMG1,338,96.4
A0A2G2XMI6,290,84.6
A0A2G3A8M1,322,96.8
A0A2G3ABT2,336,94.6
A0A2G3AGB1,328,90.1
A0A2G3AGB2,334,95.6
A0A2G3AGC2,307,70.0
A0A2G3AGD1,121,76.4
A0A2G3AGD2,326,96.8
A0A2G3AGE4,170,92.3
A0A2G3AGJ6,335,86.5
A0A2G3AP27,331,92.4
A0A2G5BCT7,248,97.4
A0A2G5BCT9,256,98.2
A0A2G5BCU3,251,97.3
A0A2G5BD05,128,97.7
A0A2G5BDP2,340,90.4
A0A2G5BJJ6,262,96.8
A0A2G5BJJ9,172,97.8
A0A2G5BJN3,267,95.5
A0A2G5C0J9,296,92.3
A0A2G5CHA6,331,79.6
A0A2G5CHB1,314,95.9
A0A2G5CHC6,336,96.6
A0A2G5CHD7,318,97.3
A0A2G5CHD9,296,92.4
A0A2G5D3X8,329,93.9
A0A2G5D3X9,329,96.2
A0A2G5D408,297,92.8
A0A2G5DWL0,326,95.8
A0A2G5DX59,335,92.4
A0A2G5EJL9,324,94.9
A0A2G5EY05,330,95.7
A0A2G5H7T6,411,93.5
A0A2G5HJW8,379,95.7
A0A2G5HLZ7,378,81.9
A0A2G5HMB1,340,97.5
A0A2G5HME4,380,96.9
A0A2G5HTG4,385,96.8
A0A2G5HTJ1,335,96.3
A0A2G5HUW4,268,94.0
A0A2G5HVL9,404,85.3
A0A2G5HZD7,327,97.5
A0A2G5HZV8,338,96.0
A0A2G5I0E2,297,97.3
A0A2G5I1Q0,230,84.9
A0A2G5I5D8,369,97.3
A0A2G5ICH2,373,93.9
A0A2G5U285,344,93.9
A0A2G5U340,348,93.7
A0A2G5UKA1,356,92.9
A0A2G5UKC2,356,92.1
A0A2G5UKD5,356,92.9
A0A2G5UT89,357,90.6
A0A2G5VEH5,355,93.5
A0A2G5VEY2,347,92.1
A0A2G5VH62,352,90.6
A0A2G5VHB5,343,88.4
A0A2G5VHR3,353,90.5
A0A2G5VWB7,310,97.4
A0A2G7FK12,587,87.8
A0A2G7FKJ2,341,80.0
A0A2G7FKV0,409,91.8
A0A2G7FQL5,326,97.3
A0A2G7FTM7,329,96.1
A0A2G7FYG7,323,93.1
A0A2G7G703,289,97.6
A0A2G7G7G7,361,97.2
A0A2G7GBJ2,265,97.8
A0A2G8L6J4,344,89.6
A0A2G8RMK1,337,94.9
A0A2G8RML5,359,92.9
A0A2G8SRB1,334,97.1
A0A2G8SXT1,234,97.0
A0A2G8SYB0,228,97.2
A0A2G8T113,137,86.8
A0A2G9FYD6,68,84.9
A0A2G9G0D2,325,93.8
A0A2G9G277,257,74.2
A0A2G9G4W6,331,89.6
A0A2G9G757,324,96.6
A0A2G9G763,248,76.4
A0A2G9GF61,324,89.4
A0A2G9GM60,195,91.3
A0A2G9GQP1,278,84.8
A0A2G9H164,298,95.5
A0A2G9H9E5,251,78.7
A0A2G9H9F0,335,94.0
A0A2G9H9F5,266,79.6
A0A2G9H9F8,129,65.4
A0A2G9RBS2,433,96.7
A0A2G9SJE8,159,90.3
A0A2G9SKI5,441,96.3
A0A2G9SKN4,438,97.1
A0A2G9T4C7,110,72.6
A0A2G9TA14,84,89.2
A0A2G9TLS4,127,63.8
A0A2G9TS96,277,62.5
A0A2G9TSB6,208,65.8
A0A2G9TWX3,112,72.6
A0A2G9TYZ8,223,72.3
A0A2G9U9G0,320,93.1
A0A2G9UFB4,287,91.4
A0A2G9ULP9,221,79.6
A0A2G9UMR0,277,93.4
A0A2G9UPF2,311,94.3
A0A2G9V4B3,285,54.1
A0A2H1FYF8,370,97.0
A0A2H1G5Q6,296,97.2
A0A2H1GBQ4,257,95.5
A0A2H1GCI0,377,96.4
A0A2H1GEV7,326,95.6
A0A2H1GH96,282,96.5
A0A2H1GKH5,389,92.0
A0A2H1GNC2,420,89.0
A0A2H1H3J1,335,95.0
A0A2H1H541,366,88.6
A0A2H1H7W6,369,96.3
A0A2H1H8F5,365,96.2
A0A2H2ZLL5,372,93.6
A0A2H3ABG1,353,97.0
A0A2H3BBQ8,352,93.3
A0A2H3BJ78,283,98.3
A0A2H3BKV9,288,96.8
A0A2H3BKW9,287,97.8
A0A2H3BM37,269,97.2
A0A2H3BQM6,285,98.5
A0A2H3BR86,283,97.8
A0A2H3BRY6,295,94.6
A0A2H3BYM4,338,97.0
A0A2H3C2Q4,343,94.9
A0A2H3C2Z9,291,97.4
A0A2H3CDL4,283,96.0
A0A2H3CDP6,287,97.2
A0A2H3CFI2,288,97.8
A0A2H3CZT2,288,96.9
A0A2H3D0E4,252,83.0
A0A2H3D1Q0,334,97.8
A0A2H3DHE5,288,97.8
A0A2H3DHG0,283,98.2
A0A2H3DK47,335,86.8
A0A2H3E1W7,283,98.0
A0A2H3E3C8,206,93.6
A0A2H3E6P4,261,81.3
A0A2H3E8H0,343,95.3
A0A2H3EQM1,297,96.6
A0A2H3ES32,338,97.0
A0A2H3FCN1,352,97.7
A0A2H3G244,242,73.2
A0A2H3GAU2,252,86.0
A0A2H3GBU2,360,96.6
A0A2H3GCF0,299,95.3
A0A2H3GF76,277,97.6
A0A2H3GFQ3,319,97.0
A0A2H3GLJ8,260,90.2
A0A2H3GPA0,451,88.9
A0A2H3GPD7,304,98.1
A0A2H3GQY4,360,97.4
A0A2H3GS61,319,97.8
A0A2H3H030,372,92.7
A0A2H3H6R0,343,95.7
A0A2H3HDD6,367,97.3
A0A2H3HH77,277,97.5
A0A2H3HKI2,376,96.1
A0A2H3HNW1,354,97.5
A0A2H3HRC3,369,97.6
A0A2H3HRT2,161,90.9
A0A2H3HYJ4,238,76.5
A0A2H3HZX2,324,98.1
A0A2H3J1M4,175,73.1
A0A2H3J9C6,369,94.8
A0A2H3JRM0,370,96.3
A0A2H3S4M3,304,97.3
A0A2H3S6Y7,302,91.9
A0A2H3S7A7,278,97.3
A0A2H3SBP2,362,92.7
A0A2H3SRM4,319,97.3
A0A2H3SVM4,299,95.8
A0A2H3SWR3,272,95.3
A0A2H3SXE9,373,97.0
A0A2H3SXS3,277,92.1
A0A2H3T9N0,377,96.4
A0A2H3TBA4,451,88.4
A0A2H3TCJ1,356,97.9
A0A2H3TD69,367,97.6
A0A2H3TEA3,448,85.0
A0A2H3TG04,360,97.5
A0A2H3TKE6,372,91.3
A0A2H3TN46,436,87.3
A0A2H3TNC8,304,97.5
A0A2H3TRA5,148,88.4
A0A2H3TU20,278,97.0
A0A2H4GW12,434,97.7
A0A2H4KE07,152,71.2
A0A2H4KE08,151,75.2
A0A2H4KE09,132,75.1
A0A2H4KE26,146,72.1
A0A2H4KE27,134,76.1
A0A2H4KE30,150,69.7
A0A2H4KE37,150,69.7
A0A2H4KE41,146,70.9
A0A2H4KE45,147,74.5
A0A2H4KE46,132,72.4
A0A2H4KE47,152,72.8
A0A2H4KE51,152,73.1
A0A2H4KE52,152,73.3
A0A2H4KE55,145,71.3
A0A2H4KE57,152,75.0
A0A2H4KE62,152,73.6
A0A2H4KE69,151,73.0
A0A2H4KE85,133,69.1
A0A2H4KE86,150,69.7
A0A2H4KE98,152,72.8
A0A2H4QH72,270,98.3
A0A2H4R0N5,146,66.0
A0A2H4R0N8,141,74.8
A0A2H4S9K4,342,95.1
A0A2H4S9M8,352,95.5
A0A2H4SCX5,265,97.4
A0A2H4SJ54,380,94.3
A0A2H4ST74,241,76.6
A0A2H4SUB3,369,89.6
A0A2H4V2A3,132,95.1
A0A2H5BVB1,303,98.5
A0A2H9TP87,301,92.2
A0A2H9ZS92,142,83.9
A0A2H9ZS98,121,91.5
A0A2I0A3T7,313,94.2
A0A2I0A3U1,328,91.3
A0A2I0A3U6,313,92.7
A0A2I0AD88,322,96.9
A0A2I0AD91,323,95.5
A0A2I0ADC5,295,96.8
A0A2I0M116,366,97.0
A0A2I0MT65,410,94.1
A0A2I0SHR2,285,97.1
A0A2I0SIV6,269,98.7
A0A2I0U7G5,433,98.0
A0A2I0UTH8,438,97.7
A0A2I0VD26,322,96.1
A0A2I0VPI4,322,97.1
A0A2I0WDM8,191,93.6
A0A2I0WEB5,316,94.3
A0A2I0WZJ5,313,94.9
A0A2I1BV77,364,93.9
A0A2I1C4A3,309,94.6
A0A2I1CEB6,197,92.0
A0A2I1CR74,183,91.1
A0A2I1CST6,319,93.6
A0A2I1D3W9,325,96.7
A0A2I1DBY6,360,96.8
A0A2I1DEQ6,358,94.6
A0A2I2F3S2,319,92.0
A0A2I2FHN1,360,97.1
A0A2I2FJH9,371,96.9
A0A2I2FM34,325,96.8
A0A2I2FU62,208,85.7
A0A2I2FVC4,394,89.4
A0A2I2G3K9,369,97.3
A0A2I2G3M9,356,96.8
A0A2I2G6A8,626,88.9
A0A2I2G6E1,358,95.8
A0A2I2G6K0,364,96.8
A0A2I2GCS3,266,95.7
A0A2I2GEV5,290,98.1
A0A2I2MQ46,431,97.2
A0A2I2ZUB2,139,72.2
A0A2I3GUJ8,139,73.0
A0A2I3HDU7,131,95.3
A0A2I3HTD7,433,95.3
A0A2I3MCL9,139,77.2
A0A2I3MZ75,131,76.8
A0A2I3N2T4,431,96.6
A0A2I3RKX3,139,71.4
A0A2I3S4B5,369,97.2
A0A2I3S5M6,139,75.9
A0A2I3S7K1,395,96.5
A0A2I3SHA6,429,96.7
A0A2I3SUR0,464,86.3
A0A2I4AT87,434,97.7
A0A2I4AWA2,438,97.5
A0A2I4B6T4,435,98.0
A0A2I4CFG8,431,96.2
A0A2I4DDQ0,339,97.4
A0A2I4HRS7,338,95.7
A0A2I5YP72,132,93.1
A0A2I5YP73,151,70.6
A0A2I5YP74,151,67.6
A0A2I5YP76,132,91.3
A0A2I5YP77,151,90.0
A0A2I5YP78,132,87.7
A0A2I5YP79,132,94.2
A0A2I5YP80,132,91.4
A0A2I5YP81,132,93.4
A0A2I5YP82,133,93.4
A0A2I5YP83,132,92.6
A0A2I5YP84,132,83.6
A0A2I5YP85,132,89.4
A0A2I5YP87,132,92.8
A0A2I5YP90,132,93.1
A0A2I5YPC7,147,73.1
A0A2I5YPC8,133,91.2
A0A2I5YPD9,132,93.3
A0A2I5YPE1,132,93.5
A0A2I5YPE5,132,92.4
A0A2I5YPF9,132,94.6
A0A2I6TEQ9,211,95.1
A0A2I6TER8,228,92.9
A0A2I6TER9,228,92.8
A0A2I6TET4,211,95.6
A0A2I6TEW0,190,76.9
A0A2J0YX98,312,96.3
A0A2J5HDB0,336,97.9
A0A2J5HIG3,319,93.0
A0A2J5HRQ5,321,97.0
A0A2J5I2K0,359,96.7
A0A2J6PH00,371,95.6
A0A2J6PPY7,361,92.4
A0A2J6PRK0,267,97.2
A0A2J6PV40,253,98.3
A0A2J6Q9Y4,331,96.9
A0A2J6QHR6,365,97.9
A0A2J6QKV2,328,96.1
A0A2J6QS19,269,92.0
A0A2J6QSN0,308,89.8
A0A2J6QUH0,366,96.5
A0A2J6QV63,363,97.0
A0A2J6QVA1,340,97.8
A0A2J6R1Z2,390,86.7
A0A2J6R7T9,350,97.9
A0A2J6R9M8,311,96.6
A0A2J6RKS8,342,98.2
A0A2J6RP99,329,98.3
A0A2J6RQI7,361,97.2
A0A2J6RTM7,334,96.1
A0A2J6S137,419,87.4
A0A2J6S1F6,283,86.7
A0A2J6S2Q8,281,97.3
A0A2J6S762,362,98.2
A0A2J6SBJ2,368,97.1
A0A2J6SC90,337,96.4
A0A2J6SG40,330,96.1
A0A2J6STN7,303,98.0
A0A2J6SYC9,337,97.4
A0A2J6T3A4,336,98.2
A0A2J6T6Y9,276,98.2
A0A2J6TC85,255,90.2
A0A2J6TCA0,323,97.5
A0A2J6TCP2,373,95.3
A0A2J6TD48,269,92.4
A0A2J6TDR3,365,97.1
A0A2J6TH09,360,92.7
A0A2J7ZPY5,406,95.4
A0A2J8BUT4,351,96.8
A0A2J8M4Q3,353,97.3
A0A2J8M4S4,438,97.1
A0A2J8M918,226,76.1
A0A2J8X8R4,464,90.1
A0A2J8X8T6,111,75.3
A0A2J8XI00,139,74.3
A0A2K0SYK2,273,73.2
A0A2K0T4M8,163,93.1
A0A2K0TNJ3,372,93.2
A0A2K0U4G6,353,97.8
A0A2K0UQ00,322,95.3
A0A2K0USD3,278,97.0
A0A2K0VU96,274,98.4
A0A2K0VUX3,276,97.1
A0A2K0VYA6,469,85.3
A0A2K0W140,304,97.3
A0A2K0W347,117,47.3
A0A2K0W891,222,82.3
A0A2K0WAD2,319,97.2
A0A2K0WC23,356,97.6
A0A2K0WHJ9,372,92.1
A0A2K0WPA0,474,92.1
A0A2K0WR72,372,96.8
A0A2K0WSM3,170,63.8
A0A2K0WTN0,354,97.6
A0A2K1IGC8,303,96.4
A0A2K1IK82,343,94.2
A0A2K1IZ55,326,94.3
A0A2K1J0S4,338,94.8
A0A2K1J162,333,94.8
A0A2K1JC20,302,96.0
A0A2K1JC22,311,97.0
A0A2K1K1L4,323,95.8
A0A2K1K363,297,96.8
A0A2K1KF87,70,86.3
A0A2K1KIQ0,338,93.2
A0A2K1QQF1,359,97.1
A0A2K1R0I6,358,94.2
A0A2K1R203,360,97.3
A0A2K1R840,321,97.4
A0A2K1R853,322,96.8
A0A2K2AV86,335,92.1
A0A2K2CAK1,322,96.6
A0A2K2CAK3,330,93.7
A0A2K2CAL3,321,97.0
A0A2K2CAL4,273,93.9
A0A2K2CAL5,321,97.3
A0A2K2CAM1,322,96.3
A0A2K2CAM6,317,97.0
A0A2K2CIP6,344,91.3
A0A2K3CX80,373,66.1
A0A2K3JW05,245,87.9
A0A2K3KAJ4,86,82.4
A0A2K3L6D9,334,95.8
A0A2K3L955,95,73.0
A0A2K3LF60,260,80.8
A0A2K3M9I6,181,82.1
A0A2K3MW33,232,75.1
A0A2K3Q9Z7,364,93.1
A0A2K3QIX3,353,97.2
A0A2K3QJU1,376,93.5
A0A2K5CI97,433,98.1
A0A2K5CLV3,139,76.1
A0A2K5CLY4,354,97.5
A0A2K5DIB6,390,95.1
A0A2K5DIC7,445,84.7
A0A2K5HBM2,354,97.5
A0A2K5HBP6,139,75.5
A0A2K5HMH1,449,95.3
A0A2K5J8F9,433,94.8
A0A2K5J8G5,449,90.2
A0A2K5KLW2,430,98.1
A0A2K5KUE4,433,96.0
A0A2K5KUH5,464,89.6
A0A2K5P5E7,139,77.2
A0A2K5P5J6,360,97.6
A0A2K5PG36,354,97.4
A0A2K5PG39,139,75.0
A0A2K5PLW3,402,91.4
A0A2K5PLY2,195,60.7
A0A2K5QUW3,464,88.7
A0A2K5QUZ5,429,96.9
A0A2K5VPR3,433,94.9
A0A2K5VT29,364,98.1
A0A2K5WS82,139,77.2
A0A2K5Y8Y0,354,97.5
A0A2K5Y915,139,77.2
A0A2K5YYP9,325,87.8
A0A2K5YYQ6,432,96.2
A0A2K6ADY3,349,98.1
A0A2K6C7T7,432,95.6
A0A2K6C7U2,433,94.9
A0A2K6C7U5,448,89.6
A0A2K6CJW6,369,97.4
A0A2K6CJX0,139,77.2
A0A2K6CRU9,432,98.2
A0A2K6EEA8,245,78.2
A0A2K6EGL9,238,92.1
A0A2K6F6R3,432,98.0
A0A2K6JR48,429,95.7
A0A2K6JR69,464,89.4
A0A2K6KAP7,348,97.6
A0A2K6KAS9,369,97.1
A0A2K6KAU7,139,76.6
A0A2K6MDH0,449,95.3
A0A2K6NIW8,430,98.1
A0A2K6PAK1,429,95.7
A0A2K6PAN6,464,89.4
A0A2K6Q494,139,76.6
A0A2K6Q4A4,353,97.5
A0A2K6TYT4,368,97.7
A0A2K6TYV0,361,97.4
A0A2K6TYW8,132,73.7
A0A2K6UZU2,433,97.9
A0A2K6V2M4,443,66.9
A0A2K8JTS4,284,97.6
A0A2K8P7S5,270,98.4
A0A2K8P7T4,285,96.4
A0A2K8PNN2,285,96.4
A0A2K8PQ16,272,97.7
A0A2K8SJE4,350,93.3
A0A2K8T4N2,285,98.4
A0A2K9NKL2,352,95.7
A0A2K9YNT1,189,95.2
A0A2L0F4A2,412,89.6
A0A2L0P0J7,302,97.3
A0A2L0RIT5,300,92.1
A0A2L0VDJ5,379,90.1
A0A2L2SRY2,401,91.8
A0A2L2SSH7,360,97.3
A0A2L2T405,324,96.7
A0A2L2T7X4,372,96.8
A0A2L2T807,397,88.6
A0A2L2TBY6,362,96.9
A0A2L2TG36,352,97.2
A0A2L2TGX2,423,78.1
A0A2L2TIM9,361,96.6
A0A2L2TIX2,295,87.2
A0A2L2TND9,304,97.5
A0A2L2TQ94,198,89.9
A0A2L2TR84,410,89.8
A0A2L2TT53,277,97.7
A0A2L2TUL5,245,71.7
A0A2L2TWN6,280,95.9
A0A2L2TZT7,375,92.5
A0A2L2XEG7,167,98.6
A0A2M9B5K9,291,95.8
A0A2N1MNU7,382,92.0
A0A2N3KJ84,322,92.1
A0A2N3MXT4,405,86.6
A0A2N3MXV9,314,97.4
A0A2N3MZ18,322,95.1
A0A2N3N0U6,338,91.5
A0A2N3N0Y1,128,95.2
A0A2N3N0Y3,110,93.2
A0A2N3N1M7,367,92.8
A0A2N3N4T8,198,88.1
A0A2N3N7R4,332,81.9
A0A2N3NCV3,358,95.6
A0A2N3NGK1,353,94.9
A0A2N3NIU0,328,97.9
A0A2N3NIW2,221,72.8
A0A2N3NJJ7,371,83.1
A0A2N3NKM8,379,98.1
A0A2N3NLQ7,316,96.7
A0A2N5CV28,227,97.8
A0A2N5CVU4,293,97.7
A0A2N5D510,339,96.8
A0A2N5DB92,338,96.8
A0A2N5DP59,227,97.6
A0A2N5S5U9,318,85.3
A0A2N5SEN2,295,95.7
A0A2N5SR99,279,97.9
A0A2N5SRB5,229,94.1
A0A2N5SSF6,229,94.0
A0A2N5TTG8,296,92.3
A0A2N5TV63,290,89.7
A0A2N5TV72,174,81.0
A0A2N5U4U9,344,64.4
A0A2N5U5K8,269,82.1
A0A2N5UIA0,279,97.7
A0A2N5UQZ3,318,88.1
A0A2N5VYB1,230,93.5
A0A2N5VYB5,279,98.0
A0A2N5VYD7,315,85.2
A0A2N6NB01,454,86.9
A0A2N6NDI0,275,75.2
A0A2N6NRW3,323,81.9
A0A2N6P261,375,94.0
A0A2N6P2C7,265,97.7
A0A2N8NQV5,279,98.0
A0A2N8P306,270,98.2
A0A2N8TD21,285,96.6
A0A2N8TJM9,270,98.5
A0A2N8U910,288,96.6
A0A2N8UKW6,302,94.4
A0A2N9B0W2,140,96.2
A0A2N9B0W5,90,88.3
A0A2N9BEH4,285,97.0
A0A2N9GS78,331,97.2
A0A2N9HV20,331,97.9
A0A2N9HWV5,330,96.6
A0A2N9JBZ6,292,95.1
A0A2P1AAW5,303,98.3
A0A2P1AF39,339,93.8
A0A2P1JJ69,332,95.4
A0A2P1K6D6,132,96.0
A0A2P1K6E2,133,96.0
A0A2P2GJB2,285,98.0
A0A2P2GLL6,269,98.3
A0A2P2INC1,325,96.3
A0A2P2SVS2,359,98.1
A0A2P2SYW5,304,98.2
A0A2P4SK45,212,70.2
A0A2P4SPA1,352,71.1
A0A2P4T922,323,92.3
A0A2P4WXD3,343,97.2
A0A2P4WZ59,294,93.0
A0A2P4X136,323,88.0
A0A2P4XDL9,292,90.4
A0A2P4XDM4,269,56.8
A0A2P4XQG5,326,96.6
A0A2P4YC98,128,88.7
A0A2P4YG47,383,91.1
A0A2P4YVC2,280,89.5
A0A2P4YVC3,369,84.3
A0A2P4YVH0,300,76.3
A0A2P4Z8I3,397,86.5
A0A2P4ZJ43,385,88.9
A0A2P5A5C5,335,97.0
A0A2P5AGU1,342,94.0
A0A2P5BPK0,341,97.4
A0A2P5BPR9,329,97.1
A0A2P5CT40,341,97.4
A0A2P5CT50,322,97.1
A0A2P5E1P9,327,93.5
A0A2P5EKE8,327,94.1
A0A2P5FE69,335,97.3
A0A2P5FE91,319,93.6
A0A2P5HG99,165,55.4
A0A2P5HMR1,316,75.9
A0A2P5HRD7,230,73.4
A0A2P5HS54,308,96.1
A0A2P5HSA0,300,95.3
A0A2P5HUK7,367,93.4
A0A2P5HWP3,301,97.8
A0A2P5HZG8,288,98.0
A0A2P5I1S1,363,96.6
A0A2P5I2V9,327,93.8
A0A2P5I389,376,96.4
A0A2P5I525,317,96.5
A0A2P5I970,363,95.6
A0A2P5I9R7,367,95.9
A0A2P5IBH4,286,75.5
A0A2P5IEE2,391,89.9
A0A2P5K749,289,98.3
A0A2P5WVT9,326,96.9
A0A2P5XN45,325,90.4
A0A2P5Y2Y1,250,89.8
A0A2P5YE33,333,94.6
A0A2P5YJV4,329,97.1
A0A2P5YK08,326,97.0
A0A2P6PP83,319,96.9
A0A2P6PP99,76,88.4
A0A2P6PPA3,128,67.4
A0A2P6Q3W0,321,97.3
A0A2P6Q3W8,322,97.1
A0A2P6TX23,417,92.9
A0A2P6U0E0,346,90.5
A0A2P6U1K7,411,95.0
A0A2P6U1N3,395,86.7
A0A2P7NYA8,269,96.1
A0A2P7QKT8,271,86.0
A0A2P7QYD3,343,81.1
A0A2P7YDE6,380,88.5
A0A2P7YKX3,361,96.5
A0A2P7Z1M8,339,83.8
A0A2P7ZDQ2,365,92.8
A0A2P7ZE68,235,94.8
A0A2P8IFR5,271,98.1
A0A2P8QAZ3,285,97.3
A0A2R2MNF5,358,79.9
A0A2R2MPF3,345,83.5
A0A2R3ZR07,215,93.1
A0A2R4CC94,281,94.7
A0A2R4TBZ0,269,98.3
A0A2R4VSH0,346,97.1
A0A2R5FJR1,347,89.8
A0A2R5G0U5,298,91.0
A0A2R5GU51,498,70.7
A0A2R6NW87,257,66.0
A0A2R6PXU1,330,97.1
A0A2R6QA44,330,97.2
A0A2R6RAS2,322,96.1
A0A2R6VWV2,180,74.6
A0A2R6VXF9,393,92.9
A0A2R6VXG2,257,68.1
A0A2R6VXM9,368,96.0
A0A2R6VY81,185,83.5
A0A2R6VY96,215,84.6
A0A2R6VYI9,106,60.5
A0A2R6VYL4,355,94.7
A0A2R6VYW6,349,94.5
A0A2R6VZ99,138,86.2
A0A2R6VZB5,338,82.1
A0A2R6VZE8,370,93.4
A0A2R6VZG6,289,82.3
A0A2R6VZH5,365,94.0
A0A2R6VZH9,369,96.1
A0A2R6VZK5,386,94.4
A0A2R6VZL5,356,95.1
A0A2R6VZL9,331,93.0
A0A2R6VZU9,168,65.9
A0A2R6W043,373,95.4
A0A2R6W061,368,95.7
A0A2R6W0C7,374,93.0
A0A2R6W5A5,390,90.1
A0A2R6W5B2,352,93.6
A0A2R6W5V4,357,85.4
A0A2R6W5V6,386,94.9
A0A2R6W5W2,356,94.8
A0A2R6W5W5,353,95.4
A0A2R6W5W8,386,94.5
A0A2R6W7E7,339,88.5
A0A2R6W7P9,176,79.9
A0A2R6W9Y9,91,82.3
A0A2R6W9Z2,302,81.7
A0A2R6WA01,361,93.1
A0A2R6WA03,353,93.6
A0A2R6WA04,348,66.6
A0A2R6WAX7,378,93.8
A0A2R6WCK4,367,93.9
A0A2R6WDA8,388,92.3
A0A2R6WF97,373,92.7
A0A2R6WG95,354,92.7
A0A2R6WH64,385,93.1
A0A2R6WJ96,131,77.2
A0A2R6WJJ9,377,92.2
A0A2R6WKW3,337,93.3
A0A2R6WMN0,331,93.7
A0A2R6WNN9,373,88.4
A0A2R6X2S1,362,94.1
A0A2R6X3F1,386,95.1
A0A2R6X3F7,386,94.5
A0A2R6X3G4,356,92.8
A0A2R6X3H0,386,94.4
A0A2R6X3H8,385,94.5
A0A2R6X3Y2,348,95.1
A0A2R6X796,390,91.9
A0A2R6X7A4,390,91.8
A0A2R6XBI1,348,94.9
A0A2R6XBR6,119,73.0
A0A2R6XDH5,351,96.6
A0A2R6XDH6,343,97.0
A0A2R6XDH9,343,96.9
A0A2R6XDI4,346,95.8
A0A2R6XWE1,360,96.7
A0A2R8ZPM8,464,89.6
A0A2R8ZSP6,433,95.5
A0A2R9A709,449,95.3
A0A2R9ANH8,131,75.7
A0A2R9AP28,361,97.5
A0A2R9AVD4,132,75.4
A0A2S0NSC4,437,96.9
A0A2S0NSG5,366,97.9
A0A2S0NSH6,431,98.1
A0A2S0UT06,127,83.9
A0A2S0UT26,108,63.8
A0A2S0UT46,132,92.8
A0A2S0UT63,145,70.7
A0A2S1LZK8,294,96.2
A0A2S1T0T9,269,98.4
A0A2S1Z8Z4,269,98.3
A0A2S1ZRB0,252,91.4
A0A2S1ZRB4,262,91.0
A0A2S2CSR8,325,96.6
A0A2S2DK37,282,95.7
A0A2S3HRC1,331,95.7
A0A2S3I0S4,375,91.0
A0A2S3I0S5,341,90.7
A0A2S3I0W2,358,94.5
A0A2S3IAG1,298,97.5
A0A2S3IB66,298,97.0
A0A2S3UTK6,294,92.0
A0A2S4KLB8,120,65.0
A0A2S4KWC6,376,94.3
A0A2S4L8N0,341,76.8
A0A2S4PQ52,76,76.7
A0A2S4PS96,384,90.1
A0A2S4UTV9,286,93.2
A0A2S4UTY4,314,77.8
A0A2S4VAI6,225,97.6
A0A2S4VER1,288,87.4
A0A2S4VEY7,286,93.2
A0A2S4VYL5,227,97.5
A0A2S5CHZ5,298,96.9
A0A2S5CI23,368,82.2
A0A2S5KMK1,245,94.7
A0A2S6BQA0,355,88.3
A0A2S6BT41,410,93.6
A0A2S6BYK8,335,96.5
A0A2S6C060,284,95.3
A0A2S6C090,286,97.5
A0A2S6C7H7,329,95.5
A0A2S6C936,376,96.7
A0A2S6C9X9,423,93.7
A0A2S6CAQ1,297,97.4
A0A2S6CD10,284,96.4
A0A2S6CDZ9,369,97.3
A0A2S6CE84,338,96.7
A0A2S6CHU3,373,94.0
A0A2S6CI03,339,88.8
A0A2S6CLS6,313,97.7
A0A2S6CMG2,410,88.3
A0A2S6H7D7,366,79.9
A0A2S7Y5E7,319,93.0
A0A2S7YA09,347,96.7
A0A2S7YHM0,431,92.8
A0A2S7YK00,353,96.8
A0A2S7YN31,265,97.0
A0A2S7YNR6,385,93.2
A0A2S8HAU2,295,97.9
A0A2S9E9Y7,312,96.6
A0A2S9PQY4,286,97.6
A0A2S9PYE5,270,97.6
A0A2T0K3L1,266,98.1
A0A2T0KB57,271,98.4
A0A2T0MJ40,254,96.0
A0A2T1LUD3,348,94.7
A0A2T2N251,275,97.8
A0A2T2N295,345,96.7
A0A2T2N3V9,320,94.5
A0A2T2N650,314,97.7
A0A2T2N684,290,97.9
A0A2T2N6M0,339,89.1
A0A2T2N831,359,95.1
A0A2T2N8C4,280,97.1
A0A2T2N968,313,87.0
A0A2T2NA50,291,97.4
A0A2T2NBF2,375,95.2
A0A2T2NGW5,367,96.9
A0A2T2NI87,363,98.0
A0A2T2NJ62,385,92.2
A0A2T2NJT6,321,93.8
A0A2T2NMI1,263,91.4
A0A2T2NN63,321,96.7
A0A2T2NQ64,362,97.4
A0A2T2NQA8,360,98.0
A0A2T2NTG9,349,98.0
A0A2T2NXX0,373,96.8
A0A2T2NZ43,294,96.2
A0A2T2P5B4,293,97.1
A0A2T2P8E5,344,98.1
A0A2T2P9E0,375,97.7
A0A2T2PBL1,352,95.1
A0A2T3A6X1,353,98.2
A0A2T3AAK3,300,98.3
A0A2T3AB75,365,94.9
A0A2T3AGW8,391,90.3
A0A2T3AQ35,354,96.3
A0A2T3AU66,361,98.4
A0A2T3AX63,273,98.4
A0A2T3BB17,379,93.3
A0A2T3N9Z2,293,96.7
A0A2T3YVK6,372,94.1
A0A2T3YXJ6,241,77.5
A0A2T3Z3P6,353,98.0
A0A2T3ZAQ7,293,85.9
A0A2T3ZAR3,304,98.2
A0A2T3ZXK1,287,93.0
A0A2T4A4G0,427,87.4
A0A2T4AA89,353,97.7
A0A2T4AYF8,400,81.0
A0A2T4AZV3,372,93.8
A0A2T4BCJ5,353,96.8
A0A2T4BLM2,300,95.7
A0A2T4BQX4,300,94.4
A0A2T4BTU8,375,89.0
A0A2T4C3Y5,353,97.1
A0A2T4FKC8,312,96.8
A0A2T4GCA1,292,94.7
A0A2T4GCD7,139,89.8
A0A2T4GCE7,115,58.2
A0A2T4GDH2,379,96.3
A0A2T4GF97,399,87.4
A0A2T4GMU5,410,90.4
A0A2T4GS03,360,96.9
A0A2T4GS12,354,87.4
A0A2T4GUK0,319,97.4
A0A2T4GWT7,277,97.6
A0A2T4GXF8,362,97.9
A0A2T4GXQ3,304,97.5
A0A2T4GY24,339,71.6
A0A2T4GYH7,276,98.2
A0A2T4HA43,369,97.7
A0A2T5ICY1,347,97.4
A0A2T5IGT7,275,97.1
A0A2T5IHN0,250,97.8
A0A2T5LP23,356,96.0
A0A2T5LTW7,299,97.6
A0A2T6BVL4,244,96.6
A0A2T6ZB28,318,96.6
A0A2T6ZCK0,284,98.3
A0A2T6ZI61,314,89.3
A0A2T6ZP66,295,95.9
A0A2T6ZP82,275,86.2
A0A2T6ZRN0,378,91.6
A0A2T6ZRN3,343,91.4
A0A2T6ZWP4,359,91.5
A0A2T7A7H9,308,95.8
A0A2T7D022,298,97.2
A0A2T7D080,298,96.9
A0A2T7D4A1,359,94.8
A0A2T7D4A3,332,84.0
A0A2T7D4B7,338,90.7
A0A2T7D4E6,375,89.5
A0A2T7D4G1,375,91.0
A0A2T7DFQ8,258,82.3
A0A2T7DG84,377,89.1
A0A2T7NHK1,304,96.1
A0A2T7NJJ1,516,66.9
A0A2T7PF37,292,89.3
A0A2T7PF38,86,66.8
A0A2T7PF41,386,89.0
A0A2T7PFF3,279,93.4
A0A2T7PFG6,119,80.1
A0A2T8F577,283,97.1
A0A2T9J0L0,293,97.9
A0A2T9JKS7,338,97.0
A0A2T9K5C6,227,97.7
A0A2T9KBG5,339,97.0
A0A2T9XY85,252,96.8
A0A2T9XY90,252,92.8
A0A2T9XYY4,258,94.9
A0A2T9XZ52,251,96.7
A0A2T9Y0C2,257,97.8
A0A2T9Y3X3,212,76.3
A0A2T9Y5C0,254,97.4
A0A2T9Y7Q6,253,96.0
A0A2T9YAT2,318,86.1
A0A2T9YAT7,343,68.2
A0A2T9YAU9,258,94.8
A0A2T9YAV5,251,96.8
A0A2T9YAX1,266,73.2
A0A2T9YEX5,320,80.6
A0A2T9YL16,255,97.2
A0A2T9YQ48,250,96.1
A0A2T9YX01,523,70.9
A0A2T9YY23,270,97.2
A0A2T9YY63,372,79.3
A0A2T9YZI7,252,97.7
A0A2T9Z019,248,89.4
A0A2T9Z3X5,248,95.5
A0A2T9Z5Q6,243,94.1
A0A2T9Z5R5,248,95.4
A0A2T9Z971,252,97.1
A0A2T9ZCQ6,251,96.5
A0A2T9ZCW7,492,81.4
A0A2T9ZGP7,250,97.5
A0A2T9ZGW2,273,95.7
A0A2T9ZGX3,254,98.0
A0A2T9ZGY8,256,97.5
A0A2U1IVG1,253,96.0
A0A2U1IWC9,252,97.9
A0A2U1J1R3,255,97.2
A0A2U1J5T8,254,97.4
A0A2U1J9W4,252,95.7
A0A2U1JAK2,255,97.4
A0A2U1JAZ7,318,93.2
A0A2U1JE60,248,96.4
A0A2U1JEC5,243,94.1
A0A2U1JEL2,299,92.8
A0A2U1KQI7,326,74.3
A0A2U1KUF4,316,95.4
A0A2U1LPB1,358,95.7
A0A2U1MGY2,334,96.6
A0A2U1MTB0,329,95.8
A0A2U1NJZ8,343,95.3
A0A2U1NLY5,275,80.8
A0A2U1P4Z6,345,91.6
A0A2U1P522,202,44.8
A0A2U1PEX4,339,95.1
A0A2U1PFS0,359,89.0
A0A2U1PHG2,314,95.7
A0A2U1PHI4,329,96.8
A0A2U1PRI5,320,97.3
A0A2U1Q0M8,339,95.3
A0A2U1Q1V5,304,82.6
A0A2U3E1U8,374,97.1
A0A2U3E384,353,97.5
A0A2U3E4P9,376,88.5
A0A2U3EA21,375,93.8
A0A2U3ELX5,370,94.1
A0A2U3WIZ1,432,96.6
A0A2U3WUA4,450,95.4
A0A2U3X7K0,430,97.9
A0A2U3X7P6,353,97.5
A0A2U3Z4M3,354,73.8
A0A2U4A6S1,431,96.7
A0A2U4BB00,439,97.4
A0A2U4CFZ7,433,98.0
A0A2U8WUL3,265,76.4
A0A2U8ZU88,326,96.8
A0A2U9B1J7,369,96.7
A0A2U9B581,435,97.7
A0A2U9B744,434,97.4
A0A2U9BP93,438,96.9
A0A2U9C9H0,432,95.8
A0A2U9NW65,269,98.4
A0A2U9P1B7,285,97.1
A0A2V1CYP5,279,98.3
A0A2V1CZ41,357,97.3
A0A2V1CZ70,183,97.2
A0A2V1CZI9,343,84.5
A0A2V1D6V5,333,86.9
A0A2V1D7E7,319,93.4
A0A2V1D8S9,265,96.2
A0A2V1DAR0,315,98.2
A0A2V1DAS1,356,96.4
A0A2V1DCR4,331,93.6
A0A2V1DF35,318,93.7
A0A2V1DGW1,356,97.9
A0A2V1DJF8,319,96.4
A0A2V1DL57,345,94.7
A0A2V1DNM0,376,91.2
A0A2V1DQ54,374,94.8
A0A2V1DQC5,300,94.0
A0A2V1DQK9,375,95.1
A0A2V1DTY0,343,96.9
A0A2V1DUF3,311,97.8
A0A2V1DYD0,374,96.1
A0A2V1DYE3,306,94.4
A0A2V1DZT3,339,96.1
A0A2V1E5D8,292,94.1
A0A2V1E8H3,362,97.1
A0A2V1EA28,351,96.6
A0A2V1EB40,364,96.5
A0A2V3IRL0,305,93.0
A0A2V3ITQ3,546,81.8
A0A2V3J6W0,278,95.3
A0A2V5GXR1,279,94.4
A0A2V5GZD8,289,97.6
A0A2V5H0W5,357,97.1
A0A2V5H2F1,277,92.6
A0A2V5H5N5,331,97.5
A0A2V5H7P1,289,97.9
A0A2V5HIN9,313,97.7
A0A2V5HJC8,372,97.3
A0A2V5HTW1,289,97.0
A0A2V5IDW1,268,96.7
A0A2V5IGT7,289,97.4
A0A2V5IH92,331,97.3
A0A2V5IL99,372,97.0
A0A2V5IXN2,357,96.9
A0A2V5JDM1,326,85.6
A0A2W1D6V8,151,96.1
A0A2W1DD53,115,90.1
A0A2W1DIA7,397,92.9
A0A2W1EIG0,323,94.5
A0A2W1EW30,371,97.7
A0A2W1EWP7,370,97.9
A0A2W1EZ10,382,97.5
A0A2W1FJ80,242,95.6
A0A2W1GQN1,284,97.2
A0A2W1HE12,346,97.6
A0A2W1HTX3,347,95.5
A0A2W1I417,220,90.7
A0A2W2AE15,427,91.2
A0A2W4RL84,348,97.4
A0A2W7R6E0,392,92.7
A0A2X0SIE4,311,97.1
A0A2Y9DFD0,369,97.6
A0A2Y9ECB5,411,89.7
A0A2Y9EH20,429,96.2
A0A2Y9EW91,349,96.9
A0A2Y9EY06,417,88.7
A0A2Y9EY31,408,84.1
A0A2Y9EY58,359,97.5
A0A2Y9F036,433,97.9
A0A2Y9FY60,390,90.0
A0A2Y9G6W8,364,98.0
A0A2Y9GG45,353,97.5
A0A2Y9HIR4,431,95.8
A0A2Y9JCF5,431,96.9
A0A2Y9KE25,449,95.0
A0A2Y9KVZ8,353,97.3
A0A2Y9NSK5,431,95.8
A0A2Y9PW88,452,95.2
A0A2Z4J395,285,96.8
A0A2Z4J867,269,98.3
A0A2Z4KJR7,132,95.0
A0A2Z4KJR8,132,91.8
A0A2Z4KJR9,132,92.6
A0A2Z4KJS0,132,94.1
A0A2Z4KJS1,132,91.2
A0A2Z4KJS3,132,92.6
A0A2Z4KJS4,132,94.0
A0A2Z4KJS5,132,87.3
A0A2Z4KJS6,133,93.5
A0A2Z4LVM5,242,95.6
A0A2Z5DH85,324,95.4
A0A2Z5DH90,324,96.5
A0A2Z5DH91,324,96.6
A0A2Z5DHA8,324,96.1
A0A2Z5HVJ6,327,94.8
A0A2Z6NBK5,325,97.0
A0A2Z6NBN2,355,71.1
A0A2Z6NEE7,113,85.2
A0A2Z6NU82,334,96.1
A0A2Z6P106,328,97.0
A0A2Z6P1H2,248,83.7
A0A2Z6P1I8,132,89.1
A0A2Z6PC52,272,69.8
A0A2Z6PCC2,325,96.1
A0A2Z6PM85,332,95.9
A0A2Z6QID9,372,88.5
A0A2Z6QJV6,390,92.8
A0A2Z6RB52,161,85.4
A0A2Z6S775,160,95.7
A0A2Z7B5F7,323,96.2
A0A2Z7B6W4,323,95.7
A0A2Z7BP29,323,96.6
A0A2Z7CFT7,325,91.6
A0A2Z7D498,325,91.5
A0A314KSU1,326,95.6
A0A314KT37,329,93.4
A0A314L584,67,66.9
A0A314UEM1,224,67.2
A0A314UM18,78,89.0
A0A314UW61,78,90.1
A0A314UY66,260,82.7
A0A314XJ02,316,96.3
A0A314Y566,312,86.3
A0A314Y8T2,322,97.4
A0A314Y8U4,216,92.3
A0A314Y973,324,97.3
A0A314YBQ0,207,86.0
A0A314YDU2,322,96.8
A0A314YF88,67,91.5
A0A314YKM6,324,97.3
A0A314YLB5,297,94.2
A0A314YLU8,326,81.7
A0A314YNG3,322,97.2
A0A314YQK6,324,97.3
A0A314ZJR6,246,83.3
A0A314ZZH4,162,88.6
A0A315VAP3,350,98.0
A0A315W506,429,96.4
A0A315W5S5,439,97.4
A0A315W987,352,97.7
A0A316FBE9,266,98.4
A0A316FDF8,271,98.3
A0A316FI64,266,97.5
A0A316HQM8,277,95.0
A0A316L4G5,311,97.4
A0A316VK00,287,93.6
A0A316YEU0,312,67.3
A0A316YS64,398,80.7
A0A316ZMR3,335,96.1
A0A317AHD0,357,96.9
A0A317AMV7,268,96.0
A0A317SBD7,381,95.0
A0A317SFD2,359,91.7
A0A317SGF7,313,87.3
A0A317STV4,235,95.0
A0A317SZI7,316,94.8
A0A317T0V0,147,59.7
A0A317T1J3,318,97.3
A0A317T4M7,334,89.7
A0A317URF9,289,98.0
A0A317UXL8,289,97.8
A0A317UZS7,302,97.7
A0A317V3A1,304,97.4
A0A317V4A3,328,98.1
A0A317V7C6,318,96.8
A0A317VAN4,393,89.7
A0A317VMA5,268,97.3
A0A317VMV2,74,97.8
A0A317VNS4,358,97.8
A0A317VPL3,363,97.5
A0A317VQ11,326,97.8
A0A317VQS7,372,98.2
A0A317WBK9,289,98.0
A0A317WDB6,358,97.4
A0A317WJT9,290,97.9
A0A317WKB9,367,97.3
A0A317WL88,211,89.6
A0A317WN23,365,98.0
A0A317WSV7,323,95.6
A0A317WUV6,235,93.3
A0A317WW28,375,97.1
A0A317WYK6,289,97.5
A0A317X784,319,91.7
A0A317XAM4,371,98.1
A0A317XE17,230,91.8
A0A317XLV9,300,94.7
A0A317XYW1,292,96.8
A0A318IM43,311,95.2
A0A318K0J3,336,94.7
A0A318KMN6,322,97.0
A0A318S2J3,288,90.1
A0A318Y954,372,98.1
A0A318YAT8,289,97.2
A0A318YDG0,358,97.2
A0A318YR58,326,97.7
A0A318YSS9,373,96.1
A0A318ZGW2,302,97.7
A0A318ZJ67,357,96.9
A0A318ZSA8,352,92.7
A0A319AKB9,330,97.2
A0A319ANC3,302,95.5
A0A319AUV2,293,97.6
A0A319AVK5,302,97.6
A0A319B885,326,97.3
A0A319BBT7,358,97.5
A0A319BS22,372,97.7
A0A319C1E2,365,97.8
A0A319C6N8,331,97.0
A0A319C8N6,372,97.0
A0A319CBY4,357,97.1
A0A319CG24,302,95.5
A0A319CHX1,363,80.1
A0A319CQ30,198,97.3
A0A319CQ88,372,92.1
A0A319CSU9,118,93.6
A0A319CY13,289,97.6
A0A319D0U5,354,97.4
A0A319D5D6,358,97.2
A0A319DEV9,324,97.2
A0A319DGV8,290,97.9
A0A319DHB7,291,96.4
A0A319DU28,164,88.0
A0A319DU42,311,96.1
A0A319DV84,358,97.4
A0A319DXP1,315,97.8
A0A319E1L0,289,98.0
A0A319EE68,249,75.8
A0A319EJ46,248,95.4
A0A319ER22,253,90.5
A0A319ET75,217,72.9
A0A319F2V9,371,98.1
A0A319FE23,324,96.4
A0A319FJL1,370,91.2
A0A319FPE3,277,89.7
A0A327KD58,322,98.0
A0A327RH85,330,95.1
A0A328BD42,337,96.5
A0A328CYV5,326,95.1
A0A328DHA3,334,95.7
A0A328Z4K4,263,98.0
A0A329RFR8,373,94.6
A0A329RSP7,352,96.4
A0A329S496,330,97.6
A0A329SB08,335,94.4
A0A329SV65,377,95.2
A0A329SVM1,390,92.9
A0A329SVM9,323,97.0
A0A329SW91,336,94.9
A0A329SX06,431,83.9
A0A329SXL2,330,98.2
A0A336U966,326,97.9
A0A340X4F4,431,96.3
A0A340XB91,431,95.8
A0A340XE91,226,78.6
A0A340XR82,173,95.5
A0A340XWY6,369,97.8
A0A341C925,431,95.8
A0A341C9I1,432,96.8
A0A341CND7,368,97.5
A0A341CT44,433,98.0
A0A344U0B4,285,95.9
A0A344U0C4,279,97.5
A0A344UFC4,281,96.8
A0A345BJY2,262,75.6
A0A345I2D0,283,95.1
A0A345M3V5,189,95.5
A0A345M3V6,189,91.7
A0A345M3V7,189,94.8
A0A345M3V8,189,93.0
A0A345M3V9,193,95.1
A0A345M3W0,189,94.8
A0A345M3W1,190,94.5
A0A345M3W2,189,95.4
A0A345M3W3,193,94.6
A0A345M3W8,193,94.5
A0A345M3W9,190,92.2
A0A345M3X0,193,95.5
A0A345M3X1,193,94.7
A0A345M3X3,189,92.2
A0A345M3X4,189,93.7
A0A345M3X5,189,94.9
A0A345M3X7,189,92.4
A0A345M3X9,189,94.9
A0A345M3Y0,189,93.5
A0A345M3Y1,182,60.6
A0A345M3Y2,189,95.7
A0A345M3Y3,193,94.6
A0A345M3Y4,189,94.6
A0A345M3Y5,193,95.1
A0A345M3Y6,189,94.8
A0A345M3Y7,189,95.4
A0A345M3Y8,189,95.9
A0A345M3Y9,193,94.5
A0A345M3Z0,193,94.1
A0A345RSB1,282,96.3
A0A345T0B6,267,96.6
A0A346FGH1,151,72.7
A0A346FGH2,132,84.3
A0A346FGH3,132,89.6
A0A346FGH4,134,92.5
A0A346FGH7,152,73.9
A0A346FGI0,148,74.9
A0A346FGI1,134,90.7
A0A346FGI4,134,91.4
A0A346FGI5,134,87.1
A0A346FGI6,105,91.5
A0A346FGI7,132,88.0
A0A346FGI9,141,85.9
A0A346FGJ0,150,77.7
A0A346FGJ1,143,90.4
A0A346FGJ2,150,78.0
A0A346FGJ3,121,92.5
A0A346FGJ5,107,68.9
A0A346FGJ6,134,91.7
A0A346FGJ7,141,86.4
A0A346FGJ8,106,91.4
A0A346FGK0,134,91.1
A0A346FGK1,143,95.7
A0A346FGK2,151,76.3
A0A346FGK4,154,77.2
A0A346FGK5,133,86.2
A0A346FGK8,154,74.1
A0A346FGK9,148,76.4
A0A346FGL0,105,88.6
A0A346FGL1,134,86.3
A0A346FGL2,154,80.4
A0A346FGL4,134,89.9
A0A346FGL5,152,77.0
A0A346FGL6,132,88.5
A0A346FGL7,122,89.0
A0A346FGL8,122,95.7
A0A346FGL9,122,88.0
A0A346FGM0,126,74.0
A0A346FGM3,134,89.4
A0A346FGM4,151,75.4
A0A346FGM5,129,90.1
A0A346FGM6,132,88.7
A0A346FGM7,121,88.1
A0A346FGM9,132,87.4
A0A346FGN0,134,95.6
A0A346FGN1,154,76.0
A0A346FGN3,105,89.6
A0A346FGN6,152,77.5
A0A346FGN7,136,87.8
A0A346FGN8,133,71.9
A0A346FGN9,143,91.2
A0A346FGP1,132,91.9
A0A346FGP2,129,83.9
A0A346FGP3,122,94.0
A0A346FGP8,132,85.8
A0A346FGQ0,154,76.2
A0A346FGQ1,134,86.4
A0A346FGQ2,132,87.1
A0A346FGQ3,141,90.7
A0A346FGQ7,142,87.0
A0A346FGQ8,132,92.6
A0A346M901,180,91.8
A0A346M910,180,91.8
A0A346M912,179,90.1
A0A346M914,179,90.1
A0A346RV60,438,97.5
A0A346RVX2,132,95.2
A0A346RVX3,132,88.7
A0A346RVX4,135,92.5
A0A346RVX6,133,92.1
A0A346RVX7,132,92.4
A0A346RVX8,132,94.2
A0A348AVR4,350,98.2
A0A364KV05,353,96.2
A0A364L5W2,346,92.1
A0A364MEK3,361,97.3
A0A364MKF9,369,97.6
A0A364MUB3,347,96.6
A0A364MUE8,259,93.5
A0A364MVV3,128,96.0
A0A364MXI7,350,90.5
A0A364MZN5,325,93.3
A0A364N075,322,88.0
A0A364N145,290,97.9
A0A364N155,391,94.9
A0A364N1X7,371,97.9
A0A364NF04,345,94.4
A0A364NH37,346,97.1
A0A365MRA6,397,90.7
A0A365MXE3,276,97.9
A0A365MY87,309,84.8
A0A365MYK5,570,87.4
A0A365MZ77,372,96.5
A0A365N1Q5,391,85.3
A0A365N437,356,97.5
A0A365N4K4,201,93.2
A0A365N5T6,372,93.8
A0A365N769,354,97.3
A0A365NBJ9,416,94.2
A0A365NE95,275,92.4
A0A365NEN8,450,84.0
A0A365NGP6,278,96.8
A0A365NNU5,304,97.4
A0A365QUN0,395,90.8
A0A365XU26,555,91.1
A0A366QJY3,158,92.9
A0A366QK39,410,89.2
A0A366R2A7,319,96.9
A0A366R3B0,371,96.5
A0A366R6W5,279,97.8
A0A366RBL7,292,94.7
A0A366RXH0,362,96.9
A0A366S3Z8,352,97.5
A0A366S6F2,402,76.1
A0A366S6I4,305,97.8
A0A366S9U2,493,87.0
A0A366SER3,360,97.0
A0A367KZX2,345,97.3
A0A367L1Z1,368,74.8
A0A367L4Y1,383,94.7
A0A367L6Y1,347,96.0
A0A367LE15,354,96.1
A0A367LMW1,358,96.9
A0A367LQA1,363,97.8
A0A367S355,362,94.2
A0A367XC63,269,89.0
A0A368FC09,170,63.0
A0A368FDS7,190,73.9
A0A368FM30,226,63.6
A0A368FM62,187,78.0
A0A368FPR0,253,90.7
A0A368FQN0,311,86.8
A0A368FQW1,237,89.6
A0A368FR21,73,93.3
A0A368FUX5,355,95.1
A0A368FWC6,132,77.5
A0A368FZ33,240,82.9
A0A368G9U5,310,97.8
A0A368GAW7,205,93.8
A0A368GCB1,228,79.7
A0A368GCF5,310,97.9
A0A368GGR1,321,85.8
A0A368GS35,269,96.9
A0A368GT11,143,54.5
A0A368GT33,271,93.4
A0A368GV12,366,94.0
A0A368GWX3,195,81.7
A0A368H8E6,625,58.5
A0A368NUH5,317,95.4
A0A368QNI6,312,84.9
A0A368RZ19,288,96.4
A0A368UH97,326,96.1
A0A368Z2X3,292,96.1
A0A368Z550,329,97.3
A0A369IH70,254,95.2
A0A369JEM8,285,96.9
A0A369V9F4,285,97.9
A0A370BCH9,284,96.9
A0A370BFM1,365,97.9
A0A370BQI5,372,97.8
A0A370BTI8,326,97.4
A0A370BVX2,358,97.1
A0A370C830,292,93.7
A0A370CBG9,302,98.2
A0A370HI96,211,97.2
A0A370P5X5,292,95.7
A0A370P950,345,93.4
A0A370PE47,302,97.6
A0A370PGH0,365,98.0
A0A370PGZ2,341,95.2
A0A370PME4,643,83.0
A0A370PN07,372,97.6
A0A370TA69,374,96.2
A0A370TE70,320,88.7
A0A370TGX1,370,94.9
A0A370TJF5,348,96.5
A0A370TPP5,363,98.1
A0A370TPY7,329,96.8
A0A370TRN6,330,96.5
A0A370TWJ8,353,92.5
A0A370TWW6,266,97.6
A0A370TYF6,369,94.7
A0A370U2Q0,352,95.9
A0A371CVT1,325,96.0
A0A371DLX4,364,94.4
A0A371DR51,333,97.3
A0A371E471,324,88.9
A0A371E7E2,453,67.2
A0A371EU45,324,92.1
A0A371F2C3,325,95.9
A0A371FQZ8,82,69.5
A0A371JUX3,285,94.4
A0A371PS23,269,98.2
A0A376EG17,309,95.9
A0A378U9W3,284,96.2
A0A379ICC9,312,97.2
A0A380T901,294,96.1
A0A380TBC3,294,96.4
A0A381LGH1,376,93.8
A0A383RI28,248,96.4
A0A383URA9,374,94.1
A0A383USX8,365,94.4
A0A383V433,414,66.4
A0A383VC36,59,78.2
A0A383VV68,153,95.1
A0A383VW36,384,78.5
A0A383VY75,156,89.0
A0A383W8E9,437,69.6
A0A383Z088,431,98.2
A0A383ZNX8,366,97.4
A0A384BB41,431,96.3
A0A384BB62,466,88.6
A0A384BBQ9,429,96.2
A0A384C0V9,369,97.4
A0A384D6G6,428,98.0
A0A384J750,354,96.4
A0A384J8A3,346,95.1
A0A384JB29,216,88.2
A0A384JDM9,369,95.1
A0A384JJM0,301,97.2
A0A384JWB2,345,96.2
A0A384K0M5,263,97.3
A0A384K3L4,348,94.9
A0A384K4W6,266,95.2
A0A384K5I7,347,96.5
A0A384K673,363,98.0
A0A384V9U2,430,97.8
A0A384V9Z0,438,97.1
A0A385EJQ2,118,84.0
A0A385EJQ3,145,58.4
A0A385EJQ4,144,66.4
A0A385EJQ7,130,86.9
A0A385EJQ8,130,86.9
A0A385SND3,275,95.6
A0A387G576,285,98.3
A0A387HLQ6,269,98.3
A0A387HMX7,286,98.2
A0A388KHX6,320,90.3
A0A388KI27,365,86.3
A0A388KKC2,277,96.5
A0A388KR59,275,96.6
A0A388KRG2,270,97.2
A0A388L198,266,95.9
A0A388L1E1,272,95.9
A0A388LGX3,579,60.4
A0A388LJ84,282,97.7
A0A388LJF6,268,97.2
A0A388LJI5,274,97.3
A0A388LPV2,299,96.6
A0A388LXR0,270,97.2
A0A388LXT2,281,97.2
A0A392M4K4,128,61.1
A0A392MF53,68,89.8
A0A392QM88,176,93.3
A0A395GKD0,83,77.8
A0A395GM41,328,96.5
A0A395GZZ7,371,97.5
A0A395H1X2,373,96.2
A0A395H5J0,86,79.4
A0A395HAX9,358,97.7
A0A395HF45,289,97.1
A0A395HJP7,316,85.9
A0A395HNK2,330,97.4
A0A395HY22,372,97.2
A0A395I0G5,289,95.8
A0A395I3D0,357,97.9
A0A395IFJ8,289,62.1
A0A395IT56,335,79.7
A0A395IVG2,302,75.1
A0A395IW83,363,98.2
A0A395IYP4,307,90.5
A0A395JKA0,326,96.4
A0A395M6W2,360,97.0
A0A395M6Y4,361,96.3
A0A395M7P6,397,88.4
A0A395M9N5,304,95.4
A0A395MDS2,362,96.2
A0A395ME45,277,97.8
A0A395MEX3,291,94.6
A0A395MF38,409,89.1
A0A395MG96,352,69.9
A0A395MKK6,231,91.9
A0A395MRP0,374,96.6
A0A395MRW2,279,98.0
A0A395MU79,241,92.8
A0A395MVI2,279,97.4
A0A395MY91,319,97.7
A0A395N2K0,305,94.2
A0A395N2T3,388,86.3
A0A395N4C0,392,86.8
A0A395N712,352,97.3
A0A395N8E7,124,80.3
A0A395NG90,353,97.9
A0A395NPY7,360,96.9
A0A395RK05,373,96.7
A0A395RSX0,289,87.2
A0A395RSX2,361,96.9
A0A395RTE0,395,87.4
A0A395RVR6,361,96.6
A0A395RW78,207,93.0
A0A395S0C6,373,96.8
A0A395S3F7,360,96.8
A0A395S427,338,79.0
A0A395S4M8,304,94.3
A0A395S848,280,96.2
A0A395SCU4,421,88.3
A0A395SCX6,278,97.4
A0A395SG05,362,96.8
A0A395SM33,304,97.5
A0A395SQA5,319,97.9
A0A395ST11,352,97.6
A0A395SXB4,361,97.6
A0A395T027,352,97.4
A0A395T2J9,298,90.9
A0A395T644,360,95.1
A0A395T9E5,337,61.1
A0A395T9H7,451,90.9
A0A395TA99,319,97.9
A0A396I1V4,324,96.0
A0A396I5T8,284,85.6
A0A396J9Q7,327,96.8
A0A396RNU1,258,83.6
A0A396ZQ03,69,93.8
A0A396ZRZ2,443,89.8
A0A396ZW07,178,82.8
A0A396ZW50,320,89.2
A0A397A3C6,443,89.4
A0A397A491,282,89.4
A0A397A647,64,36.1
A0A397AAT8,223,94.6
A0A397AFH0,307,83.8
A0A397AG26,319,97.6
A0A397AHH6,178,82.9
A0A397AKU1,318,96.0
A0A397AP35,223,93.5
A0A397AX90,309,97.0
A0A397AZ25,312,97.1
A0A397B6C8,311,96.4
A0A397BKS3,307,94.5
A0A397BLC7,317,93.2
A0A397BNQ1,67,33.6
A0A397BPY8,319,97.6
A0A397BTP2,319,96.4
A0A397BYR1,298,93.0
A0A397C8W8,279,94.3
A0A397CA67,208,75.6
A0A397CBI6,358,93.4
A0A397CCK8,351,91.4
A0A397CDV6,287,94.2
A0A397CWG7,296,93.7
A0A397D945,350,91.4
A0A397DBR8,333,82.0
A0A397DEJ9,390,93.6
A0A397DFP7,298,92.0
A0A397DKV6,286,95.9
A0A397DLJ2,301,96.6
A0A397DM57,316,89.5
A0A397DXA6,156,85.4
A0A397DXJ3,443,90.0
A0A397E0H7,289,96.1
A0A397E0M5,319,97.6
A0A397E6J1,51,80.4
A0A397EBP2,329,90.6
A0A397ED74,207,75.1
A0A397EFZ1,223,94.3
A0A397EM03,433,94.3
A0A397EQH8,240,95.2
A0A397EQT5,296,94.4
A0A397EU57,196,88.4
A0A397EYH3,307,94.4
A0A397EYN3,333,96.3
A0A397EYS8,442,90.7
A0A397FG37,334,92.6
A0A397FLM4,152,67.4
A0A397FS63,318,85.5
A0A397FVJ8,286,95.4
A0A397FW62,309,97.6
A0A397FW77,351,90.9
A0A397GN90,328,92.8
A0A397GNQ0,369,97.2
A0A397H284,328,97.6
A0A397H7T2,304,96.2
A0A397HXJ2,361,97.4
A0A397IQP5,357,86.6
A0A397S017,505,79.4
A0A397SZQ9,379,92.5
A0A397TSD6,57,57.4
A0A397TVF6,398,71.6
A0A397TX29,98,86.7
A0A397U9E3,395,91.1
A0A397UDP9,392,90.7
A0A397USE7,102,86.8
A0A397UVF9,145,89.8
A0A397V0N4,392,91.0
A0A397V418,95,67.7
A0A397V8I1,386,92.0
A0A397V8S2,395,89.1
A0A397VPX8,204,55.5
A0A397VUF2,385,90.2
A0A397VZ14,348,57.3
A0A397W1V4,179,88.5
A0A397W4L1,384,93.9
A0A397W934,431,84.7
A0A3A1NL96,311,96.4
A0A3A2ZL74,368,97.2
A0A3A2ZLH4,393,91.2
A0A3A2ZSX0,310,92.4
A0A3A2ZUH3,272,96.3
A0A3A3A6Z6,237,93.1
A0A3A3G021,227,97.3
A0A3A4AZS3,271,97.8
A0A3B0AUB9,270,97.9
A0A3B0WI34,154,82.5
A0A3B0YDV7,252,95.6
A0A3B1IWM4,129,96.1
A0A3B1JD27,437,97.7
A0A3B3B837,435,97.9
A0A3B3B873,435,97.9
A0A3B3BFY0,437,97.5
A0A3B3C5P9,369,97.9
A0A3B3C7C0,359,97.4
A0A3B3D742,425,95.6
A0A3B3HNW7,430,97.6
A0A3B3IBL1,432,98.0
A0A3B3QPI3,350,97.3
A0A3B3RBJ9,434,97.2
A0A3B3RTU8,437,97.2
A0A3B3RUK8,432,95.0
A0A3B3TJE8,419,97.0
A0A3B3TJG2,431,96.6
A0A3B3UYU5,429,96.1
A0A3B3V317,438,93.0
A0A3B3V3E9,427,97.3
A0A3B3VU47,432,97.9
A0A3B3VV23,437,96.8
A0A3B3VWM5,437,97.4
A0A3B3WBT2,429,95.5
A0A3B3XMV5,350,97.6
A0A3B3XQT9,430,97.7
A0A3B3YLN6,354,97.9
A0A3B3YU44,432,97.3
A0A3B3YWP1,432,97.9
A0A3B4AC74,369,97.4
A0A3B4ADU2,429,95.1
A0A3B4AMV2,367,97.4
A0A3B4AN11,434,97.4
A0A3B4ANZ1,434,97.6
A0A3B4APB4,434,97.5
A0A3B4APJ3,432,97.6
A0A3B4AUP5,460,86.4
A0A3B4BF83,419,93.5
A0A3B4BND2,369,97.2
A0A3B4CFX1,438,96.8
A0A3B4CM00,451,95.0
A0A3B4D9D4,437,97.7
A0A3B4EIX7,432,94.6
A0A3B4FG38,428,97.7
A0A3B4FYK7,429,96.2
A0A3B4G831,348,97.8
A0A3B4GBW0,348,97.9
A0A3B4GBY9,435,97.9
A0A3B4GFB7,435,97.5
A0A3B4H581,352,97.8
A0A3B4H598,432,97.9
A0A3B4H6T8,434,97.7
A0A3B4H6Y3,432,97.9
A0A3B4T5E4,353,97.9
A0A3B4TBV6,430,96.1
A0A3B4TFS6,437,97.4
A0A3B4TT04,405,91.4
A0A3B4TUK6,406,95.2
A0A3B4TVM2,410,91.4
A0A3B4TVV9,412,90.1
A0A3B4TW30,399,85.1
A0A3B4TW89,410,90.7
A0A3B4TWE3,367,97.9
A0A3B4TY35,407,95.3
A0A3B4UF14,352,97.7
A0A3B4UFZ8,431,97.9
A0A3B4UG86,434,97.7
A0A3B4WF66,349,95.1
A0A3B4WKJ4,348,96.3
A0A3B4X2W4,437,97.3
A0A3B4Y8B2,435,97.7
A0A3B4YAX7,405,95.5
A0A3B4YGF6,359,97.7
A0A3B4YUV4,435,97.5
A0A3B4ZCP6,437,97.1
A0A3B4ZHB3,434,97.8
A0A3B4ZK08,434,97.8
A0A3B4ZKC0,433,97.6
A0A3B5A0W4,430,96.0
A0A3B5A2G6,434,97.7
A0A3B5AMI0,87,97.2
A0A3B5AMJ0,407,95.2
A0A3B5AMU8,322,94.4
A0A3B5APJ5,407,94.6
A0A3B5B8I0,405,94.5
A0A3B5B9B3,401,94.0
A0A3B5BA76,407,94.5
A0A3B5BBA9,435,97.8
A0A3B5BBC2,353,97.5
A0A3B5BEW8,354,98.0
A0A3B5KSR6,437,97.2
A0A3B5LY83,424,97.8
A0A3B5M175,353,97.5
A0A3B5M2T6,432,97.2
A0A3B5M2U3,427,96.2
A0A3B5M3W4,434,97.5
A0A3B5M8M5,434,97.1
A0A3B5MES1,216,59.5
A0A3B5MYR5,430,96.1
A0A3B6B4P3,298,97.1
A0A3B6B569,297,96.6
A0A3B6CD40,297,97.2
A0A3B6CD88,297,97.1
A0A3B6CFK7,298,96.7
A0A3B6DJU5,298,96.9
A0A3B6DN86,297,96.8
A0A3B6EKX7,274,90.2
A0A3B6G245,334,95.9
A0A3B6J0G9,273,84.4
A0A3B6JP55,257,88.2
A0A3B6JQG2,331,96.3
A0A3B6KV74,331,96.3
A0A3B6NJI8,324,92.2
A0A3B6PD51,256,82.4
A0A3B6PH25,323,92.6
A0A3B6QBL1,331,91.6
A0A3B6R7S3,335,91.0
A0A3B6T8C9,118,79.7
A0A3D8Q7K6,362,98.1
A0A3D8Q8E3,360,94.7
A0A3D8QA98,362,98.0
A0A3D8QBA9,358,97.1
A0A3D8QBG3,327,98.1
A0A3D8QFJ7,289,96.7
A0A3D8QP40,327,97.0
A0A3D8R5C5,295,97.9
A0A3D8R7X3,307,97.5
A0A3D8R9Z2,334,94.8
A0A3D8RM42,365,95.2
A0A3D8RS06,209,88.9
A0A3D8RVU8,334,95.8
A0A3D8S0H6,271,97.2
A0A3D8S1L2,357,97.9
A0A3D8SD37,306,98.1
A0A3D8SG06,335,96.0
A0A3D8SGC1,365,93.6
A0A3D8SHB9,367,95.5
A0A3D8STL0,307,97.5
A0A3D8SUF2,365,96.0
A0A3D8SZ54,393,95.2
A0A3D8T130,269,97.1
A0A3D8T276,357,98.2
A0A3D8T2L8,293,97.2
A0A3D9C9K6,317,95.1
A0A3D9ISF7,146,93.8
A0A3D9L4M1,325,92.5
A0A3D9L5Y2,320,96.6
A0A3E0DHW6,216,98.2
A0A3E2GYC9,296,82.7
A0A3E2GZ76,300,97.9
A0A3E2H0F7,362,98.2
A0A3E2H6V1,161,66.2
A0A3E2HCJ3,282,95.8
A0A3E2HKR1,178,88.5
A0A3F2RCF2,397,90.2
A0A3F2RD80,333,96.5
A0A3F2RDM6,464,77.8
A0A3F2RED1,323,95.9
A0A3F2RHN5,299,93.2
A0A3F2RSS3,375,94.5
A0A3F2RUY6,439,77.9
A0A3F2RYX7,293,94.3
A0A3F2S5I7,318,96.5
A0A3F3PJR3,278,98.6
A0A3F3PLG1,345,92.4
A0A3F3PSP3,302,97.8
A0A3F3PW89,292,93.5
A0A3F3PZY0,326,97.6
A0A3F3Q0R1,365,97.0
A0A3F3Q782,307,95.8
A0A3F3QCJ1,372,97.9
A0A3F3RR12,358,97.0
A0A3G1HI34,337,97.1
A0A3G2JG01,285,97.0
A0A3G2JKM2,270,98.5
A0A3G2LVU4,110,87.1
A0A3G2LVU9,105,89.2
A0A3G2LVV1,104,88.9
A0A3G2WKZ9,434,97.7
A0A3G7I6X7,133,88.8
A0A3G7I6Y6,152,87.7
A0A3G7I6Y9,132,89.5
A0A3G7I6Z3,132,87.9
A0A3G7I6Z7,132,93.6
A0A3G7I709,132,87.1
A0A3G7I710,133,89.5
A0A3G7I712,132,88.7
A0A3G7I731,133,91.9
A0A3G7I7E8,132,87.5
A0A3G7I7I4,133,92.5
A0A3G7I7K1,132,86.1
A0A3G7I7X7,132,86.7
A0A3G7I7Z8,125,85.9
A0A3G7I833,132,87.2
A0A3G7I862,132,88.3
A0A3G7TQR1,287,97.2
A0A3G7UER3,303,98.0
A0A3G8M5R9,315,97.8
A0A3G9CPL1,428,97.9
A0A3G9CPL7,419,97.1
A0A3L5TTX5,378,90.8
A0A3L6DCY5,330,95.3
A0A3L6F3L3,382,89.4
A0A3L6FL93,342,93.6
A0A3L6G4A8,356,90.7
A0A3L6GAT2,302,95.3
A0A3L6GDN9,295,93.9
A0A3L6MS08,373,96.8
A0A3L6MT66,124,63.9
A0A3L6MY93,319,96.9
A0A3L6MZC5,472,86.2
A0A3L6N196,176,78.2
A0A3L6N321,194,68.0
A0A3L6N6A1,304,98.1
A0A3L6N987,278,95.2
A0A3L6NA93,372,91.6
A0A3L6NAE7,206,92.2
A0A3L6NCJ7,360,97.5
A0A3L6NDR4,356,97.8
A0A3L6NGQ8,451,89.4
A0A3L6NJX0,354,97.5
A0A3L6NY19,376,96.1
A0A3L6NZH6,324,97.8
A0A3L6P0J1,367,97.3
A0A3L6P2W1,223,83.9
A0A3L6PLW5,361,78.5
A0A3L6PNQ0,337,92.4
A0A3L6PS56,354,93.3
A0A3L6PXE9,298,94.9
A0A3L6PYM7,298,97.8
A0A3L6PZT2,106,59.1
A0A3L6QAQ2,298,96.8
A0A3L6QXL5,326,95.4
A0A3L6QZX3,331,96.0
A0A3L6RH28,375,91.7
A0A3L6RIK2,341,89.8
A0A3L6RKW2,349,81.3
A0A3L6SJK9,333,97.0
A0A3L6SQI5,331,95.7
A0A3L7HX96,431,98.2
A0A3L8SQ64,437,97.5
A0A3L8SSY9,355,95.7
A0A3M0K1G4,419,88.2
A0A3M0K2Q2,368,81.1
A0A3M0L5Z8,413,94.3
A0A3M2LQ63,309,94.8
A0A3M2R9A4,244,90.5
A0A3M2RI81,401,94.8
A0A3M2RMQ0,352,97.8
A0A3M2RUE8,402,88.9
A0A3M2S0U8,373,87.8
A0A3M2SKX3,372,97.0
A0A3M2SNE1,293,97.5
A0A3M6T5K9,446,90.3
A0A3M6T600,446,92.9
A0A3M6TCS2,302,97.1
A0A3M6TI44,252,87.6
A0A3M6U071,251,98.3
A0A3M6UE86,260,95.2
A0A3M6UM69,348,88.5
A0A3M6UP51,250,96.6
A0A3M6UR97,253,92.2
A0A3M6URF3,261,98.2
A0A3M6V3J4,255,89.3
A0A3M6VLC9,334,95.7
A0A3M6VMD3,342,96.8
A0A3M6VTR1,392,91.6
A0A3M6VVA3,493,76.1
A0A3M6VXB8,145,93.3
A0A3M6VZH8,269,97.5
A0A3M6W0U2,117,90.5
A0A3M6W368,59,38.3
A0A3M6W3V7,127,96.6
A0A3M6WBG9,252,94.2
A0A3M6WCQ4,374,96.1
A0A3M6WF03,125,92.7
A0A3M6WNC8,360,98.2
A0A3M6X2C2,370,97.5
A0A3M6X7L7,326,98.3
A0A3M6XEI8,376,96.3
A0A3M6XIF0,302,95.3
A0A3M6XKU1,45,39.6
A0A3M6XNY6,320,86.0
A0A3M6XUR7,360,98.2
A0A3M6XY70,45,31.1
A0A3M6Y565,368,98.0
A0A3M6Y8J1,368,98.2
A0A3M6Y8Y3,78,42.6
A0A3M6YK54,385,93.1
A0A3M6YWV0,250,83.3
A0A3M6YZX8,378,96.8
A0A3M6ZAS1,374,96.5
A0A3M6ZDF4,370,97.2
A0A3M7A8N2,400,86.7
A0A3M7A968,385,92.3
A0A3M7ABI4,378,96.6
A0A3M7ALZ0,309,96.9
A0A3M7AN04,260,95.5
A0A3M7AVK4,385,92.7
A0A3M7B0Z1,376,96.2
A0A3M7B1X2,309,97.0
A0A3M7B3B7,338,96.8
A0A3M7B810,385,92.4
A0A3M7B988,374,96.3
A0A3M7BEN6,319,88.6
A0A3M7BF09,329,97.7
A0A3M7BNR0,370,97.5
A0A3M7BQZ6,370,97.5
A0A3M7C3X6,360,98.3
A0A3M7C5D9,400,87.6
A0A3M7CAM1,374,96.2
A0A3M7CGG1,360,98.1
A0A3M7CJH1,168,88.3
A0A3M7CJK9,338,96.8
A0A3M7CNP3,388,94.3
A0A3M7CSU3,399,91.2
A0A3M7CUY6,374,96.2
A0A3M7CWD7,257,95.1
A0A3M7CXP5,290,96.0
A0A3M7CZ84,205,96.5
A0A3M7D5T6,334,97.0
A0A3M7D6P6,334,97.0
A0A3M7D722,379,95.3
A0A3M7DBC1,359,98.3
A0A3M7DD01,374,96.2
A0A3M7DES0,374,96.0
A0A3M7DUU3,378,96.5
A0A3M7DYK1,269,97.3
A0A3M7E067,368,98.0
A0A3M7E5C4,385,92.7
A0A3M7E733,385,92.4
A0A3M7EHE7,368,98.0
A0A3M7EIK6,370,97.4
A0A3M7EJ56,379,96.2
A0A3M7ELJ9,387,93.9
A0A3M7EY59,368,98.0
A0A3M7EZ73,379,96.2
A0A3M7F181,377,93.4
A0A3M7F2W2,379,96.2
A0A3M7FE91,360,98.2
A0A3M7FH62,329,90.4
A0A3M7FWC7,374,96.2
A0A3M7GA40,360,98.2
A0A3M7GIB3,374,96.2
A0A3M7GM06,176,65.3
A0A3M7GMT4,335,94.4
A0A3M7GPD3,374,96.5
A0A3M7GQX7,379,96.1
A0A3M7H3Y0,196,53.2
A0A3M7H4E4,190,72.8
A0A3M7H687,374,95.8
A0A3M7HDM5,370,97.2
A0A3M7HI73,374,96.5
A0A3M7HIC3,368,98.2
A0A3M7HQ11,205,74.5
A0A3M7HQ22,360,98.1
A0A3M7HRP4,368,98.0
A0A3M7HZE1,385,93.1
A0A3M7IBK6,368,98.1
A0A3M7ICJ8,338,97.1
A0A3M7ICN7,334,96.6
A0A3M7ICU2,360,98.2
A0A3M7ID85,368,98.0
A0A3M7IEE4,360,98.3
A0A3M7IGM6,335,95.4
A0A3M7IJ01,383,95.7
A0A3M7J445,374,96.3
A0A3M7J5F3,400,85.1
A0A3M7J601,374,96.3
A0A3M7JBC9,190,72.7
A0A3M7JD48,370,97.4
A0A3M7JD60,370,97.0
A0A3M7LXG1,358,90.0
A0A3M7LZQ1,368,97.5
A0A3M7LZR2,131,94.4
A0A3M7M028,366,96.9
A0A3M7M695,284,91.1
A0A3M7MDQ3,371,98.0
A0A3M7MJ68,324,93.3
A0A3M7MJ89,290,98.1
A0A3M7MKX7,346,97.3
A0A3M8TNP8,312,97.2
A0A3M9XQT2,224,98.0
A0A3M9XR76,315,97.9
A0A3M9XZE1,230,83.8
A0A3M9Y0T1,287,72.8
A0A3M9Y0Y2,354,95.7
A0A3M9Y905,351,97.0
A0A3M9YBL7,304,98.0
A0A3M9YDG5,304,97.9
A0A3M9YFZ5,378,96.1
A0A3N0CP77,252,96.9
A0A3N0XHY2,438,96.7
A0A3N0XPI7,431,95.3
A0A3N0XQX6,432,97.8
A0A3N0YQR9,280,72.0
A0A3N0YR46,123,95.9
A0A3N1GBQ3,265,98.8
A0A3N1GCC8,271,98.3
A0A3N2PK16,350,92.0
A0A3N2PTC8,332,96.4
A0A3N2PZA1,296,95.1
A0A3N2Q6J7,231,71.2
A0A3N2RH78,346,96.1
A0A3N4HK73,309,90.3
A0A3N4HND3,336,97.3
A0A3N4HNW1,261,90.9
A0A3N4HQU2,341,96.6
A0A3N4HRP6,311,97.7
A0A3N4HT22,335,96.4
A0A3N4HUI3,329,88.4
A0A3N4HXW2,330,92.2
A0A3N4HYC1,310,95.5
A0A3N4HYL5,322,97.6
A0A3N4HZG1,332,90.1
A0A3N4HZV9,295,97.4
A0A3N4I7V1,347,96.0
A0A3N4IB94,300,97.5
A0A3N4ID66,320,96.6
A0A3N4IE98,336,95.4
A0A3N4IEP2,389,96.5
A0A3N4IEX3,330,97.2
A0A3N4IFZ1,324,95.4
A0A3N4IIL7,312,98.3
A0A3N4IM56,332,97.9
A0A3N4IPE1,427,92.9
A0A3N4IQ59,325,96.6
A0A3N4IQU1,359,97.5
A0A3N4ISL9,283,98.1
A0A3N4IU62,278,95.9
A0A3N4IZV1,314,89.2
A0A3N4J8U4,286,97.1
A0A3N4JQA7,221,67.5
A0A3N4K3H4,300,87.0
A0A3N4K4F4,327,95.2
A0A3N4K8D0,314,94.2
A0A3N4K9V5,278,97.7
A0A3N4KB49,315,98.0
A0A3N4KB66,306,96.1
A0A3N4KJ40,385,92.7
A0A3N4KKJ4,380,97.2
A0A3N4KT34,328,94.5
A0A3N4KYW5,287,80.5
A0A3N4L021,303,96.9
A0A3N4L0J3,308,95.1
A0A3N4L1D0,314,98.0
A0A3N4L3Y3,316,97.4
A0A3N4L5Z3,347,95.6
A0A3N4L8G1,284,96.9
A0A3N4LB84,463,82.5
A0A3N4LDY1,292,97.3
A0A3N4LFB6,374,90.5
A0A3N4LHJ3,426,92.4
A0A3N4LI62,372,94.8
A0A3N4LQ83,437,87.1
A0A3N4LRS9,281,98.4
A0A3N4LW77,368,91.0
A0A3N4VF60,282,96.4
A0A3N4VIU7,294,96.9
A0A3N7FA28,159,94.3
A0A3N7FVW5,128,80.6
A0A3N7GN05,138,77.7
A0A3N7HII6,326,97.4
A0A3N8QY62,395,91.2
A0A3P3QF50,278,95.6
A0A3P3WAR6,391,92.9
A0A3P3Y6E0,226,94.9
A0A3P3Y6E4,230,82.7
A0A3P3Y6K2,218,96.3
A0A3P3YBZ5,212,96.4
A0A3P3YJL1,235,91.3
A0A3P3YJM5,221,93.7
A0A3P3YML5,303,83.6
A0A3P3ZKL1,326,96.2
A0A3P3ZL83,326,96.0
A0A3P6INS8,339,79.4
A0A3P6NY01,311,76.9
A0A3P6QG06,375,85.1
A0A3P6RNZ8,209,71.1
A0A3P6RS07,270,97.9
A0A3P6RYJ2,354,93.8
A0A3P6S036,263,86.7
A0A3P6S9E3,342,92.0
A0A3P6SKZ6,327,90.0
A0A3P6SPV8,128,91.5
A0A3P6SVN2,128,90.6
A0A3P6TB98,317,81.7
A0A3P6TGI7,246,59.0
A0A3P6US67,343,80.1
A0A3P7DNC2,590,66.7
A0A3P7ECF6,314,92.3
A0A3P7EG53,150,89.8
A0A3P7EHK3,165,92.2
A0A3P7F248,130,85.1
A0A3P7F878,115,66.7
A0A3P7FTP6,341,89.8
A0A3P7G4R6,75,93.1
A0A3P7HZP8,307,77.0
A0A3P7I0R4,136,56.3
A0A3P7I1A5,97,59.2
A0A3P7ILS7,87,51.1
A0A3P7IMH7,247,94.3
A0A3P7IN91,290,91.7
A0A3P7J984,279,75.6
A0A3P7JMF8,148,84.9
A0A3P7JPR5,354,92.9
A0A3P7JSA6,52,76.7
A0A3P7KK18,298,95.4
A0A3P7KLU4,107,71.0
A0A3P7KN20,190,92.8
A0A3P7LE31,73,95.5
A0A3P7LI21,463,92.9
A0A3P7LLD9,122,84.9
A0A3P7M3Y8,248,59.2
A0A3P7P3F2,249,92.2
A0A3P7PN56,213,95.2
A0A3P7PY95,266,95.8
A0A3P7U356,167,93.7
A0A3P7V100,116,72.7
A0A3P7V462,363,92.5
A0A3P7VXI0,383,91.8
A0A3P7WJD8,361,92.6
A0A3P7YYM6,262,90.1
A0A3P7ZH47,242,70.2
A0A3P8A103,192,71.9
A0A3P8AUU3,301,96.9
A0A3P8AVD9,264,73.3
A0A3P8B357,450,63.7
A0A3P8BDD3,352,90.7
A0A3P8BDN9,225,47.4
A0A3P8C7C2,311,90.9
A0A3P8DS39,295,93.0
A0A3P8DVH3,350,52.5
A0A3P8HIY5,88,61.8
A0A3P8NBW0,434,97.9
A0A3P8NDL3,460,92.8
A0A3P8NDN7,437,97.6
A0A3P8PJY2,368,97.3
A0A3P8R0C2,428,98.0
A0A3P8TGY8,353,97.7
A0A3P8TK98,432,97.7
A0A3P8TWQ9,390,84.7
A0A3P8TXJ9,404,93.1
A0A3P8TXK4,408,91.7
A0A3P8TXL8,408,91.0
A0A3P8TZC3,408,92.0
A0A3P8TZE7,407,94.7
A0A3P8U087,194,88.8
A0A3P8U0F9,359,97.9
A0A3P8U223,411,92.1
A0A3P8U3R2,408,89.4
A0A3P8U5E1,437,97.7
A0A3P8U758,438,96.9
A0A3P8UDW3,432,95.2
A0A3P8V942,354,97.7
A0A3P8VAX3,435,96.9
A0A3P8VLF5,430,95.9
A0A3P8WHA0,336,87.3
A0A3P8WJV9,409,83.0
A0A3P8WPH4,351,93.6
A0A3P8WPJ5,408,82.9
A0A3P8WSE3,473,89.8
A0A3P8WX67,427,94.2
A0A3P8XCB2,437,94.7
A0A3P8Y2J2,369,97.7
A0A3P8Z0K2,434,97.8
A0A3P8ZF14,436,95.0
A0A3P8ZVH5,435,97.8
A0A3P8ZVY5,429,97.8
A0A3P9AAR5,437,97.6
A0A3P9AVJ5,435,97.6
A0A3P9B1W8,432,95.6
A0A3P9DAL4,405,88.0
A0A3P9DC38,435,97.6
A0A3P9DCZ0,352,97.9
A0A3P9DCZ5,432,97.5
A0A3P9DD97,431,97.9
A0A3P9DDI6,434,97.8
A0A3P9DTN8,428,98.0
A0A3P9GX95,432,98.1
A0A3P9HD27,430,97.7
A0A3P9HUT8,431,95.5
A0A3P9INL1,435,97.9
A0A3P9IZ81,437,97.7
A0A3P9JAE5,431,95.9
A0A3P9JBJ1,429,97.6
A0A3P9JK37,434,97.5
A0A3P9L1D8,435,97.9
A0A3P9L231,439,97.1
A0A3P9L9J1,343,95.5
A0A3P9L9X8,432,95.8
A0A3P9M5H5,359,97.6
A0A3P9N0X5,381,90.0
A0A3P9N163,373,89.8
A0A3P9P2X5,354,97.9
A0A3P9P302,437,97.8
A0A3P9PBX1,434,97.5
A0A3P9PZR6,430,97.5
A0A3P9Q784,434,98.0
A0A3P9Q7I7,435,98.0
A0A3P9Q7S3,435,97.4
A0A3P9Q890,437,97.6
A0A3Q0KCI9,453,93.5
A0A3Q0KFQ6,446,92.9
A0A3Q0QR14,435,97.2
A0A3Q0RRH6,426,97.3
A0A3Q0RSE0,456,95.0
A0A3Q0RUU3,434,97.4
A0A3Q0RXU1,436,97.7
A0A3Q0RYG2,435,97.8
A0A3Q0SHH6,431,96.7
A0A3Q0SZ01,435,97.8
A0A3Q0T207,435,97.9
A0A3Q1AN08,407,94.0
A0A3Q1B9B7,449,92.1
A0A3Q1BB05,359,97.8
A0A3Q1BT11,435,97.5
A0A3Q1CK43,439,97.2
A0A3Q1CMG6,437,97.5
A0A3Q1F3M5,435,97.7
A0A3Q1F506,255,74.0
A0A3Q1FDS5,436,96.9
A0A3Q1FY32,352,97.6
A0A3Q1G2J3,437,97.5
A0A3Q1GSN1,429,95.9
A0A3Q1H2P4,432,97.8
A0A3Q1HM73,435,98.2
A0A3Q1IL05,432,96.2
A0A3Q1J1E2,369,97.9
A0A3Q1JJ77,354,97.2
A0A3Q2CB79,435,97.8
A0A3Q2CUV5,429,96.3
A0A3Q2D8V6,353,98.0
A0A3Q2DFD4,180,50.6
A0A3Q2EEY2,434,97.6
A0A3Q2GWB6,385,86.7
A0A3Q2NSX4,437,97.7
A0A3Q2PRU3,410,81.3
A0A3Q2QD09,430,97.7
A0A3Q2R1G3,430,96.3
A0A3Q2U012,436,98.0
A0A3Q2VGF4,434,97.9
A0A3Q2VV73,428,98.0
A0A3Q2W562,432,95.6
A0A3Q2WSZ8,435,97.4
A0A3Q2XJH5,436,97.2
A0A3Q2XKX5,360,98.0
A0A3Q2XW78,360,97.9
A0A3Q2Y2Y4,435,98.2
A0A3Q2Z2G3,432,96.7
A0A3Q2Z9X0,430,97.6
A0A3Q2ZLR5,367,97.6
A0A3Q2ZVE6,437,97.0
A0A3Q3AGJ0,365,98.0
A0A3Q3BEH9,429,96.3
A0A3Q3BRV6,430,97.6
A0A3Q3D708,435,97.7
A0A3Q3DH73,437,97.9
A0A3Q3E0W9,433,96.0
A0A3Q3FCV4,423,97.1
A0A3Q3FES1,365,94.3
A0A3Q3FF19,423,96.8
A0A3Q3FFM2,420,97.1
A0A3Q3FG97,423,97.2
A0A3Q3FGQ7,416,94.7
A0A3Q3G2Y0,430,95.5
A0A3Q3IGK4,435,97.7
A0A3Q3KA35,435,97.7
A0A3Q3KSK6,433,97.7
A0A3Q3L0Y4,355,91.5
A0A3Q3LTG6,434,97.7
A0A3Q3M8U2,282,82.0
A0A3Q3ME81,432,97.4
A0A3Q3MIY8,429,95.9
A0A3Q3NRP3,369,96.5
A0A3Q3Q6F1,438,97.6
A0A3Q3QNB4,429,95.8
A0A3Q3RA35,435,97.6
A0A3Q3RR85,354,97.8
A0A3Q3RTU2,435,98.0
A0A3Q3W8S8,395,95.7
A0A3Q3WBI7,416,90.3
A0A3Q3WEW6,354,97.6
A0A3Q3WGT7,340,87.6
A0A3Q3WHI3,367,97.1
A0A3Q3WZB1,404,82.7
A0A3Q3X6A3,418,93.7
A0A3Q4BB99,302,90.0
A0A3Q4GXF6,432,98.0
A0A3Q4GXK8,431,98.0
A0A3Q4GY09,431,96.1
A0A3Q4H1Y3,353,97.9
A0A3Q4H240,433,97.8
A0A3Q4HL65,435,97.4
A0A3Q4HRA7,352,97.8
A0A3Q4HRD6,433,97.8
A0A3Q4I364,438,97.6
A0A3Q4MUN1,353,97.4
A0A3Q7F625,296,97.4
A0A3Q7HSQ3,328,96.3
A0A3Q7ILS0,319,91.7
A0A3Q7PLZ6,432,94.2
A0A3Q7QN99,354,97.7
A0A3Q7QSG7,364,98.0
A0A3Q7RSQ9,457,94.4
A0A3Q7SFB0,362,86.5
A0A3Q7SRN7,325,82.9
A0A3Q7T8P3,437,97.5
A0A3Q7TDD6,432,96.4
A0A3Q7TMT7,430,97.8
A0A3Q9BTA8,269,98.6
A0A3Q9TBL6,321,96.2
A0A3R6VBZ1,326,89.3
A0A3R6VQU0,359,95.2
A0A3R6VR99,360,94.8
A0A3R6VRZ5,441,91.8
A0A3R6WJ77,318,95.2
A0A3R6WRP8,248,92.4
A0A3R6WTM7,298,93.5
A0A3R6WVI8,90,65.7
A0A3R6X6W7,319,97.1
A0A3R6X7C8,68,94.4
A0A3R6XAD8,361,93.9
A0A3R6XJV4,264,95.7
A0A3R6XZM3,108,96.4
A0A3R6YQ77,208,73.4
A0A3R6YR15,343,72.8
A0A3R6Z2B6,458,61.8
A0A3R6ZA35,328,97.5
A0A3R6ZB32,153,93.2
A0A3R6ZGI7,189,41.6
A0A3R6ZIG5,229,75.4
A0A3R7A7P4,442,90.5
A0A3R7AHK3,58,89.8
A0A3R7BWT8,286,95.6
A0A3R7BYJ9,344,85.2
A0A3R7CD36,312,97.0
A0A3R7CFL8,350,90.4
A0A3R7DAX5,291,96.3
A0A3R7E8Z5,312,96.5
A0A3R7EE27,316,89.8
A0A3R7EK41,443,90.3
A0A3R7ES38,359,93.1
A0A3R7FSD3,370,96.9
A0A3R7FX46,274,94.2
A0A3R7G723,317,92.3
A0A3R7GQK8,388,88.3
A0A3R7GVA7,297,92.8
A0A3R7JUU1,371,75.1
A0A3R7MJX7,340,90.0
A0A3R7WGA7,356,92.4
A0A3R7WQH8,443,90.8
A0A3R7WVT5,317,95.6
A0A3R7X123,359,93.9
A0A3R7YVR4,334,96.9
A0A3R7ZIF7,357,94.7
A0A3R7ZK64,164,94.3
A0A3R8D824,226,96.2
A0A3R8DKV5,271,59.1
A0A3R8QGE4,271,96.2
A0A3S0HHB5,348,97.1
A0A3S0IN34,311,96.1
A0A3S0XRM4,329,94.5
A0A3S0ZXU8,301,87.6
A0A3S1HLG0,422,82.5
A0A3S2M115,424,95.5
A0A3S2MHN1,430,97.9
A0A3S2MPP6,359,97.5
A0A3S2MQS8,435,98.0
A0A3S2NZS6,429,97.6
A0A3S3MQX4,352,91.3
A0A3S3NIU4,324,97.3
A0A3S3PGP3,209,86.8
A0A3S3Q853,294,96.1
A0A3S3QC21,325,96.4
A0A3S3QFY6,323,97.4
A0A3S4AJV5,370,93.6
A0A3S4AMG6,373,91.9
A0A3S4AUM2,363,96.1
A0A3S4DYZ3,270,95.8
A0A3S4NW51,325,95.4
A0A3S5CT06,301,92.6
A0A3S5CVR8,373,95.4
A0A3S5CXF1,381,96.0
A0A3S6E8Q4,438,97.3
A0A3S6E9F5,438,97.5
A0A3S6ERF6,435,97.4
A0A3S6R1C3,321,96.2
A0A3S7DZ19,214,60.4
A0A3S7DZ29,217,61.8
A0A3S9I0R4,285,97.1
A0A3S9M6T3,283,95.9
A0A3S9MKA4,269,98.4
A0A3S9PH06,269,98.5
A0A3S9Y5Y1,269,98.0
A0A3S9ZH84,284,97.5
A0A3T0JWD4,282,97.5
A0A3T1D022,150,93.1
A0A401IHQ9,344,98.0
A0A401KKJ5,365,97.0
A0A401KKL5,326,97.3
A0A401KLG2,245,97.2
A0A401KPF7,388,88.6
A0A401L2M0,358,97.3
A0A401L4E0,372,97.6
A0A401L788,308,92.1
A0A401L7K2,289,97.3
A0A401NZ10,435,97.1
A0A401P586,431,97.6
A0A401PX39,456,87.9
A0A401PZ68,317,88.2
A0A401Q7K5,230,79.5
A0A401QHW3,135,88.5
A0A401QJE7,242,83.2
A0A401RIM5,209,82.6
A0A401RKW3,312,86.1
A0A401RW73,433,97.7
A0A401RYW3,431,95.4
A0A401S865,437,96.4
A0A401TIS2,264,79.1
A0A401TJJ0,198,78.5
A0A401VX81,301,91.1
A0A401YGP4,328,97.1
A0A409VD99,255,79.0
A0A409VFE9,380,84.1
A0A409VNV3,317,98.2
A0A409VYZ6,289,97.6
A0A409VYZ7,319,90.3
A0A409W5M2,334,93.0
A0A409WEP5,331,90.2
A0A409WNK2,398,91.1
A0A409WQU7,403,85.0
A0A409WY02,463,72.3
A0A409WYL8,328,93.5
A0A409WYM8,316,90.1
A0A409X3M6,325,94.5
A0A409X545,340,94.6
A0A409X771,314,97.7
A0A409X7S8,309,97.8
A0A409X966,309,97.8
A0A409XHP2,268,57.2
A0A409XHT0,302,95.8
A0A409XK29,261,89.3
A0A409XKR0,309,63.4
A0A409XPQ5,309,98.0
A0A409XSF5,315,98.1
A0A409Y7Q5,368,92.8
A0A409Y9J2,340,97.0
A0A409YPA9,313,91.1
A0A409YTE4,329,90.7
A0A409YUP4,341,90.7
A0A409YZ54,304,98.0
A0A411DB89,174,95.8
A0A411DFH3,222,66.2
A0A411DFH8,125,96.2
A0A411DFI4,202,61.4
A0A411DFI8,433,98.2
A0A411JIB8,329,95.9
A0A411KAP3,307,96.9
A0A411MQ34,302,95.0
A0A411PB12,132,92.4
A0A417Y855,332,96.2
A0A418AHC0,249,97.5
A0A418AJW6,261,67.9
A0A418AJY7,358,94.5
A0A418AND4,247,96.3
A0A418AQE9,424,86.5
A0A418BCD2,312,90.8
A0A418BYI3,318,95.9
A0A418C2V2,425,89.5
A0A418CC15,350,90.2
A0A418CLC3,207,75.8
A0A418D139,358,94.0
A0A418DS48,231,93.4
A0A418E6Z8,296,94.5
A0A418FGP4,286,96.5
A0A418FZC5,108,96.6
A0A418G3G2,333,80.9
A0A418QUM1,495,89.3
A0A418YC39,235,91.2
A0A419QAV9,444,96.7
A0A420HGA6,342,96.7
A0A420HKD2,348,95.8
A0A420HLP9,371,82.2
A0A420HLW6,352,85.1
A0A420I744,183,71.4
A0A420IKX8,366,81.2
A0A420IUA5,150,74.4
A0A420J382,183,70.9
A0A420J390,180,67.3
A0A420MD28,176,75.2
A0A420MDB7,181,88.3
A0A420ME85,304,93.8
A0A420MEE4,360,97.4
A0A420MG99,216,82.5
A0A420MKG6,304,98.0
A0A420N178,367,97.5
A0A420N1W1,278,96.4
A0A420N2W9,319,97.6
A0A420N6X3,227,91.2
A0A420N8W1,271,75.8
A0A420NBY7,356,97.8
A0A420NFD8,372,92.8
A0A420NKD4,354,97.5
A0A420NQ09,371,90.8
A0A420NVL3,472,86.4
A0A420NXF8,225,78.0
A0A420PID6,304,98.0
A0A420PY93,360,97.4
A0A420Q5H7,354,97.6
A0A420QHZ5,304,98.1
A0A420QKK6,307,87.0
A0A420QME0,315,96.6
A0A420QQY3,260,90.8
A0A420R194,299,95.2
A0A420RSH4,376,96.1
A0A420RTM5,357,97.1
A0A420RTV3,451,89.2
A0A420S8X5,372,92.5
A0A420SE78,304,98.1
A0A420SI55,450,84.2
A0A420SI63,223,69.4
A0A420SQD5,397,90.6
A0A420SQM9,276,97.1
A0A420SUZ8,319,97.3
A0A420SVX2,366,76.3
A0A420T2K1,367,97.4
A0A420TAK5,274,98.4
A0A420TE23,262,87.7
A0A420TI82,372,96.7
A0A420TRM3,304,97.5
A0A420TTW7,356,97.6
A0A420TYN1,372,92.3
A0A420UAR4,109,82.7
A0A420UB21,160,72.4
A0A420XYP0,372,96.9
A0A420XZE5,369,98.0
A0A420Y0R8,361,97.4
A0A420Y417,350,96.1
A0A420YAB7,328,93.0
A0A420YAJ7,356,94.5
A0A420YET8,218,89.7
A0A420YFE0,309,96.6
A0A420YGT3,324,98.0
A0A420YH84,375,96.9
A0A420YIS7,365,88.9
A0A421CSP0,149,95.3
A0A421ESP4,470,76.2
A0A421F565,314,89.7
A0A421F7P8,330,95.9
A0A421G844,329,94.5
A0A421GCW4,441,74.2
A0A421GKS4,378,93.4
A0A421GP30,423,80.0
A0A423FGB7,312,90.7
A0A423FIV2,287,97.1
A0A423GNA0,311,96.1
A0A423H6B2,312,97.1
A0A423IDL1,295,98.1
A0A423JH14,295,97.8
A0A423MDD7,281,97.4
A0A423MTR7,280,97.3
A0A423N8F1,302,97.9
A0A423P4H4,281,97.6
A0A423UUA5,285,96.9
A0A423V9S4,268,93.4
A0A423VCB8,361,95.9
A0A423VGB4,303,97.4
A0A423VK10,408,94.4
A0A423VRG5,253,89.3
A0A423VS40,377,94.3
A0A423VZF3,264,86.1
A0A423W393,324,98.2
A0A423WBL0,374,97.4
A0A423WHC4,307,93.2
A0A423WNB6,303,97.6
A0A423WTD2,313,95.9
A0A423WXH4,331,96.9
A0A423X316,376,96.2
A0A423X4F6,382,94.3
A0A423X630,382,95.6
A0A423XJ27,305,88.2
A0A423XP21,319,97.2
A0A425CIB3,493,75.8
A0A425CLB8,334,95.7
A0A425CZ14,178,83.6
A0A425D2Q0,307,86.5
A0A425DJS3,286,95.6
A0A426WYI4,95,77.1
A0A426XES5,325,97.4
A0A426YRJ6,324,93.7
A0A426YSQ3,226,63.2
A0A426YWH1,292,95.1
A0A428NIZ7,293,97.6
A0A428PBD0,229,76.3
A0A428PLX8,401,93.2
A0A428Q2T9,293,94.4
A0A428QKN7,402,86.8
A0A428QVK1,348,97.6
A0A428R260,395,86.9
A0A428R852,372,97.1
A0A428RBY3,372,97.0
A0A428RL23,452,86.4
A0A428S2T1,373,87.2
A0A428SBW0,391,93.2
A0A428SET3,352,97.8
A0A428SIW1,402,87.5
A0A428T341,293,97.7
A0A428TH55,402,86.2
A0A428TJN8,372,97.0
A0A428TJU2,174,93.8
A0A428TSX4,451,87.0
A0A428TTS8,293,98.1
A0A428U0B8,402,85.2
A0A428U2W7,372,97.0
A0A428UJ78,373,88.1
A0A428UK49,352,97.8
A0A428UZM7,373,88.0
A0A428V0C8,352,97.8
A0A428YVS8,269,97.9
A0A430HE78,296,93.4
A0A430L3T0,373,88.0
A0A430L7E7,452,86.5
A0A430LBW9,400,93.7
A0A430LQE9,293,97.5
A0A430LRB3,372,97.0
A0A430LRW5,402,85.5
A0A430M2W5,352,97.8
A0A430Q6Z5,377,92.6
A0A430QNM1,450,95.5
A0A431TVT0,495,89.2
A0A432M9S8,302,97.2
A0A432NWL9,252,96.0
A0A432PA96,245,96.3
A0A433JFE6,347,97.7
A0A433SSI8,294,83.1
A0A434A690,293,97.5
A0A436ZMN6,414,87.8
A0A436ZMY2,367,91.7
A0A436ZW26,235,76.6
A0A436ZW36,365,97.6
A0A436ZY08,374,95.5
A0A436ZY67,361,97.0
A0A437A308,424,94.4
A0A437A7Y6,322,97.3
A0A437ABS8,364,97.0
A0A437ABU9,355,97.1
A0A437ACI9,310,96.9
A0A437ACP0,344,97.1
A0A437AD99,425,86.0
A0A437AEF9,356,93.2
A0A437AF91,390,94.5
A0A437AMZ0,237,97.1
A0A437PZ43,282,96.8
A0A438CKK0,146,65.7
A0A438EKY0,344,95.1
A0A438JHV9,330,96.4
A0A438JHW0,331,80.2
A0A438JHW3,336,97.4
A0A438JHW6,330,96.4
A0A438NAJ9,325,97.7
A0A438NAZ0,346,95.8
A0A438NFU9,354,96.2
A0A438NJW7,316,95.4
A0A439CPG6,293,96.1
A0A439CSR6,278,90.0
A0A439CXK6,278,97.7
A0A439CXR3,344,98.1
A0A439CY50,321,91.9
A0A439CYQ7,331,97.4
A0A439D3X1,286,97.6
A0A439D3Y0,358,73.8
A0A439D4K9,310,91.7
A0A439D650,421,91.1
A0A439D887,387,92.9
A0A439DC62,409,71.0
A0A439DDF2,358,96.6
A0A439DEE8,362,97.4
A0A439DFI9,360,92.9
A0A439DG08,227,97.2
A0A439DGZ9,349,97.1
A0A439DKR1,297,96.6
A0A439E1K1,303,97.9
A0A443HRD0,311,97.3
A0A443HXX0,283,96.6
A0A443PIW9,326,96.4
A0A443RHX3,281,96.2
A0A444RJX5,275,91.3
A0A444RLS2,352,95.6
A0A444RPW9,304,98.1
A0A444RQR7,149,76.7
A0A444RZE0,353,96.2
A0A444S1W9,304,97.7
A0A444UFZ1,436,97.1
A0A444UPP0,379,82.5
A0A444UX86,348,91.9
A0A444WYG1,319,89.4
A0A444ZR13,391,80.1
A0A444ZUR5,325,95.0
A0A444ZWU6,321,96.6
A0A444ZWV1,317,95.4
A0A445DCE3,309,95.5
A0A445DCG3,299,97.0
A0A445DP80,329,94.9
A0A445DRA1,325,96.3
A0A445DRB1,317,95.8
A0A445FXG1,305,96.7
A0A445FXH7,332,95.3
A0A445GQH9,320,96.4
A0A445GQM4,324,96.5
A0A445I6J5,336,94.9
A0A445I6L6,335,95.2
A0A445I9A8,320,96.3
A0A445I9E5,321,84.2
A0A445JYT8,235,76.3
A0A445JYU3,340,83.4
A0A445JYV4,327,95.0
A0A445JYW6,338,84.5
A0A445JZ81,122,84.1
A0A445M2W6,127,82.0
A0A446BNG4,391,96.4
A0A446BT56,358,98.4
A0A446BWT3,252,73.9
A0A446BXJ9,269,95.5
A0A447TAE7,255,94.8
A0A447THB9,144,90.2
A0A448YWC2,323,89.9
A0A448ZLY4,368,91.5
A0A451EZK6,325,96.1
A0A452DWF7,431,96.2
A0A452DWL9,368,87.1
A0A452DWM5,360,89.8
A0A452G6V3,437,97.4
A0A452H6R3,382,87.2
A0A452H732,356,92.9
A0A452HRJ3,437,97.3
A0A452I832,433,97.7
A0A452QG45,371,76.2
A0A452QQ82,354,97.7
A0A452QQC1,171,64.9
A0A452RC10,381,90.4
A0A452V1T2,169,65.0
A0A452VN17,429,91.2
A0A452VN29,377,76.5
A0A453D018,263,82.0
A0A453D066,203,88.5
A0A453D098,298,96.7
A0A453D0G4,297,96.8
A0A453JBX4,165,79.1
A0A453JC25,125,77.5
A0A453JCH2,331,96.3
A0A453JCJ0,135,61.6
A0A453MVS1,331,91.9
A0A454TKW0,276,97.9
A0A454TWG6,273,97.5
A0A455IJQ4,193,94.9
A0A455IM74,204,69.0
A0A455IRF3,194,95.4
A0A455IRK5,197,93.8
A0A455ISX6,178,92.1
A0A455ITR9,123,91.3
A0A455R6A3,393,92.2
A0A479ZZC9,385,95.0
A0A480DHR1,406,84.4
A0A480XA58,194,60.1
A0A484CCH2,438,97.2
A0A484CMI9,352,97.3
A0A484CVA8,429,95.7
A0A484DIB4,435,97.8
A0A484DM79,430,97.8
A0A484FE76,150,94.0
A0A484FEH3,250,81.1
A0A484FEN9,368,97.0
A0A484FEV3,265,97.9
A0A484FG64,292,94.7
A0A484FQK8,315,96.4
A0A484FZG9,84,79.0
A0A484G057,332,97.2
A0A484G3C9,390,91.7
A0A484G4E7,330,96.0
A0A484G5S9,362,88.0
A0A484K842,334,95.8
A0A484KTH3,328,93.9
A0A484M5W6,334,95.7
A0A484M936,326,96.0
A0A484MJ80,334,93.4
A0A484MKM2,332,94.2
A0A484ML06,336,93.3
A0A485K5B3,349,96.0
A0A485K5I4,353,95.7
A0A485K6I0,184,40.8
A0A485K811,184,41.0
A0A485K9M7,355,94.5
A0A485KAJ9,432,94.1
A0A485KB07,349,95.3
A0A485KBW3,380,90.4
A0A485KDU0,242,74.9
A0A485KGF6,333,95.7
A0A485KH36,259,87.5
A0A485KIX2,119,66.8
A0A485KIX8,359,92.5
A0A485KPS2,353,90.1
A0A485KPU0,404,88.5
A0A485KQE4,326,96.2
A0A485KTR0,367,94.1
A0A485KUM6,394,90.3
A0A485KVJ9,344,94.1
A0A485KXZ5,117,72.0
A0A485L031,69,87.8
A0A485L6K7,204,58.2
A0A485L799,303,96.4
A0A485L7D7,283,94.9
A0A485L8F1,443,92.2
A0A485LB67,339,96.7
A0A485LBT7,343,95.2
A0A485LCG2,338,95.6
A0A485LCV6,338,96.5
A0A485LJ45,355,94.8
A0A485LKF7,407,89.8
A0A485LNI1,350,93.2
A0A485LSG3,321,93.8
A0A485LTB0,203,94.9
A0A485LWG8,354,91.9
A0A485MED1,378,94.6
A0A485MFQ4,438,97.1
A0A485MGV5,370,94.4
A0A485PK11,478,82.2
A0A485PM80,430,96.2
A0A493SW79,434,97.3
A0A493TZY1,397,87.1
A0A494UUN0,285,96.9
A0A494XK40,148,93.8
A0A495W4Q7,270,98.4
A0A498IS04,322,97.1
A0A498IS85,322,96.9
A0A498IVC1,333,94.8
A0A498IVH3,330,97.2
A0A498IWF2,233,93.9
A0A498IXC7,247,75.1
A0A498IXV7,328,97.4
A0A498JTL7,322,97.0
A0A498JUU5,171,38.6
A0A498JVN1,79,83.6
A0A498JVN7,329,96.3
A0A498JWA5,329,97.2
A0A498JYY9,330,96.9
A0A498JZV7,133,58.8
A0A498K1J9,332,95.6
A0A498MNB4,431,95.7
A0A498MRL4,433,98.0
A0A498MUD3,440,97.0
A0A498S2C2,308,96.2
A0A498S7U2,336,88.1
A0A498SAH6,354,94.4
A0A498SNQ8,307,96.0
A0A4D4LZY5,285,97.1
A0A4D5SW01,143,66.8
A0A4D6C904,133,87.1
A0A4D6C905,145,83.7
A0A4D6C920,151,89.6
A0A4D6C925,151,84.0
A0A4D6C929,132,93.8
A0A4D6C930,132,87.0
A0A4D6C931,133,87.1
A0A4D6C939,132,88.1
A0A4D6C940,132,86.9
A0A4D6C941,132,88.2
A0A4D6C950,132,94.5
A0A4D6C952,148,91.8
A0A4D6C954,132,92.4
A0A4D6C961,133,86.6
A0A4D6C974,151,89.6
A0A4D6C977,140,74.5
A0A4D6C988,149,69.2
A0A4D6C9A1,132,90.2
A0A4D6CAK4,132,78.2
A0A4D6CAL2,120,87.2
A0A4D6CAM0,145,87.0
A0A4D6CB04,132,90.6
A0A4D6CB11,151,81.5
A0A4D6CB20,152,86.7
A0A4D6CBJ3,151,76.4
A0A4D6CBK8,132,85.8
A0A4D6DKH9,288,90.9
A0A4D6KHM7,131,68.1
A0A4D6KM86,374,88.7
A0A4D6KQ19,264,92.7
A0A4D6L761,298,96.4
A0A4D6NET5,330,95.0
A0A4D6NEV9,191,82.0
A0A4D6NK11,136,57.1
A0A4D9E9Q1,366,98.0
A0A4D9EV54,430,96.8
A0A4D9FCN3,366,97.2
A0A4E0R7I6,207,79.9
A0A4E0RIA0,446,96.5
A0A4E0S2V2,445,96.6
A0A4E9E8B4,197,74.3
A0A4E9E965,325,98.2
A0A4E9EAZ1,365,96.6
A0A4E9F741,358,89.3
A0A4E9F8B7,342,88.3
A0A4E9F948,360,89.8
A0A4E9FIB1,313,95.6
A0A4P1QPT6,320,96.4
A0A4P1QPT7,334,93.5
A0A4P1QPU4,321,96.9
A0A4P1QQ10,320,97.2
A0A4P2HZ74,333,98.0
A0A4P6U250,271,96.3
A0A4P7GHL2,286,97.9
A0A4P7N173,318,97.6
A0A4P7N219,101,72.1
A0A4P7N5I7,381,93.4
A0A4P7N6R7,387,93.5
A0A4P7N7E5,307,96.9
A0A4P7N9G8,380,95.9
A0A4P7NBK6,350,94.0
A0A4P7NC92,375,97.3
A0A4P7NE70,297,97.9
A0A4P7NEA2,357,98.0
A0A4P7NKP0,360,96.4
A0A4P7NML3,302,98.0
A0A4P7NS78,313,98.2
A0A4P7NSG9,326,82.7
A0A4P7NV04,302,97.7
A0A4P7NV09,349,96.8
A0A4P7NVB3,352,96.9
A0A4P8L6C8,329,96.7
A0A4P9D454,153,69.7
A0A4P9D460,132,71.3
A0A4P9D462,152,69.5
A0A4P9D4E2,151,69.9
A0A4P9D4J9,152,70.3
A0A4P9D5V6,153,69.8
A0A4P9D6H7,157,70.3
A0A4P9D6L2,151,69.0
A0A4P9D790,153,69.7
A0A4P9D7B2,152,69.1
A0A4P9VWM1,247,91.0
A0A4P9VXN1,91,71.8
A0A4P9VZN9,306,83.3
A0A4P9W0Z9,242,49.6
A0A4P9W116,222,87.1
A0A4P9W3F0,110,84.1
A0A4P9WCD3,363,82.8
A0A4P9WCJ5,189,85.3
A0A4P9WCR7,365,89.2
A0A4P9WSQ3,284,93.9
A0A4P9WX00,274,95.3
A0A4P9WZY7,93,89.9
A0A4P9X6N6,255,96.5
A0A4P9X7U9,280,90.3
A0A4P9XG75,251,94.7
A0A4P9XGF4,103,81.6
A0A4P9XGI5,211,96.4
A0A4P9XHR6,203,97.6
A0A4P9XIM0,253,97.0
A0A4P9XJ34,251,96.6
A0A4P9XKL8,382,65.9
A0A4P9XL19,205,96.5
A0A4P9XL46,251,98.5
A0A4P9XLD8,207,97.6
A0A4P9XLI7,248,96.3
A0A4P9XLY3,66,93.0
A0A4P9XMQ7,266,96.7
A0A4P9XMV3,211,97.8
A0A4P9XMX9,216,79.0
A0A4P9XNA4,216,96.0
A0A4P9XST4,210,97.0
A0A4P9XST5,184,97.5
A0A4P9XSU6,256,97.4
A0A4P9XSV5,198,92.6
A0A4P9XT91,80,93.2
A0A4P9XTI0,260,97.1
A0A4P9XTP8,269,96.2
A0A4P9XTQ3,265,95.9
A0A4P9XUF0,79,97.5
A0A4P9XUT0,251,96.8
A0A4P9XUV9,249,87.2
A0A4P9XVI9,208,97.3
A0A4P9XZR4,70,93.8
A0A4P9XZY0,66,92.7
A0A4P9Y249,201,95.3
A0A4P9Y2R2,217,97.7
A0A4P9Y3Y8,284,95.5
A0A4P9Y486,278,95.8
A0A4P9Y8H6,208,97.7
A0A4P9Y9E4,199,97.8
A0A4P9YFJ7,457,72.0
A0A4P9YFS3,234,85.7
A0A4P9YI11,251,90.4
A0A4P9YNW1,196,90.0
A0A4P9YRL7,215,96.8
A0A4P9YS76,261,93.8
A0A4P9YS92,167,93.5
A0A4P9YSI1,214,73.8
A0A4P9YU07,210,97.5
A0A4P9YUC2,256,97.4
A0A4P9YXX3,235,98.2
A0A4P9YZB4,267,94.1
A0A4P9YZC7,234,95.7
A0A4P9Z0G4,212,96.4
A0A4P9Z0Q2,90,86.4
A0A4P9Z2E4,254,97.9
A0A4P9Z303,212,97.4
A0A4P9Z3E0,212,96.4
A0A4P9Z5J7,203,96.9
A0A4P9Z6Q7,196,97.5
A0A4P9ZNY3,276,96.2
A0A4P9ZSR0,204,98.3
A0A4P9ZTR7,215,90.5
A0A4P9ZUL5,241,98.2
A0A4P9ZVA0,204,97.6
A0A4Q1KVH9,281,96.8
A0A4Q1QP71,269,98.2
A0A4Q1UIS4,375,84.2
A0A4Q2CXN1,339,88.6
A0A4Q2CZY5,318,95.7
A0A4Q2D293,345,97.2
A0A4Q2D5P7,251,97.1
A0A4Q2D5Q3,164,97.7
A0A4Q2D6X5,296,97.3
A0A4Q2D856,319,87.8
A0A4Q2DLU8,373,64.1
A0A4Q2DWU2,294,97.5
A0A4Q2E1C0,326,94.8
A0A4Q2V4B9,360,97.5
A0A4Q2V7C7,356,97.0
A0A4Q2VB57,451,88.4
A0A4Q2VEP5,304,98.1
A0A4Q2VIL6,380,80.0
A0A4Q2VMI5,354,97.6
A0A4Q2VQ33,472,86.5
A0A4Q2VQR4,372,92.5
A0A4Q2VRH1,319,96.6
A0A4Q2W3G0,367,97.4
A0A4Q2W8U2,376,96.1
A0A4Q2WA02,278,96.7
A0A4Q4M0D8,346,97.2
A0A4Q4M1K4,357,97.1
A0A4Q4M2B0,238,93.9
A0A4Q4M2G9,289,98.0
A0A4Q4M2L8,290,97.9
A0A4Q4M420,398,93.4
A0A4Q4M5G0,368,97.6
A0A4Q4M6G5,385,96.6
A0A4Q4MAA6,367,91.8
A0A4Q4ME11,336,93.7
A0A4Q4MEP1,127,93.8
A0A4Q4MH42,385,95.6
A0A4Q4MJ71,364,98.3
A0A4Q4MJK3,291,97.9
A0A4Q4MM01,364,98.1
A0A4Q4MRC4,363,98.3
A0A4Q4MTM7,270,94.6
A0A4Q4MW52,324,93.7
A0A4Q4MXA1,356,96.4
A0A4Q4MY52,255,86.2
A0A4Q4MYG0,360,96.9
A0A4Q4N1Y8,368,97.8
A0A4Q4N3U4,297,95.6
A0A4Q4N662,361,96.9
A0A4Q4N6U3,127,95.0
A0A4Q4N7D9,291,98.2
A0A4Q4N7N9,289,97.8
A0A4Q4N7P7,324,94.0
A0A4Q4N8K9,356,96.4
A0A4Q4NBP0,291,97.9
A0A4Q4ND53,227,87.7
A0A4Q4NDK1,360,97.3
A0A4Q4NF14,370,97.9
A0A4Q4NI14,346,97.5
A0A4Q4NKY1,336,95.5
A0A4Q4NML4,126,93.6
A0A4Q4NP34,355,85.2
A0A4Q4NQ20,264,83.6
A0A4Q4NQH4,344,97.9
A0A4Q4NSL7,226,97.7
A0A4Q4NTV1,270,93.9
A0A4Q4NUK9,324,86.0
A0A4Q4NVL9,395,93.4
A0A4Q4PA97,346,97.5
A0A4Q4PFX6,384,97.2
A0A4Q4PJE0,360,97.5
A0A4Q4PMJ1,344,97.5
A0A4Q4PZK3,360,97.4
A0A4Q4QB94,368,97.9
A0A4Q4QCH3,346,96.8
A0A4Q4QXM4,400,93.3
A0A4Q4QYU9,291,98.1
A0A4Q4R025,219,96.2
A0A4Q4R9E2,361,96.7
A0A4Q4RCG5,118,94.1
A0A4Q4RIU4,273,92.2
A0A4Q4RIX1,344,97.5
A0A4Q4RK75,370,97.9
A0A4Q4RRE4,277,97.3
A0A4Q4RRP6,300,95.0
A0A4Q4RS51,363,98.3
A0A4Q4RSQ3,336,95.7
A0A4Q4RSY1,384,97.3
A0A4Q4RWF9,324,94.1
A0A4Q4S0H2,364,98.3
A0A4Q4S9N1,364,98.1
A0A4Q4SFS0,364,98.1
A0A4Q4SH67,291,97.9
A0A4Q4SQ82,207,57.1
A0A4Q4SX56,343,77.2
A0A4Q4SXW4,317,83.4
A0A4Q4T1Z3,337,86.7
A0A4Q4T6Z6,277,94.4
A0A4Q4T9D8,370,93.8
A0A4Q4TEY4,266,92.6
A0A4Q4TGW2,244,88.0
A0A4Q4TH39,314,98.5
A0A4Q4TI57,369,93.4
A0A4Q4TQ47,304,97.8
A0A4Q7NUG4,393,92.2
A0A4Q7Z0G8,370,80.5
A0A4Q7ZGH5,271,98.3
A0A4Q9EBR2,318,96.8
A0A4Q9FQZ1,337,88.5
A0A4Q9KQT0,63,87.3
A0A4Q9L9F9,237,97.1
A0A4Q9LG08,237,96.8
A0A4Q9LRP6,237,96.6
A0A4Q9LYQ9,237,96.3
A0A4Q9M9G5,361,96.4
A0A4Q9NW54,361,96.5
A0A4Q9PR44,338,95.1
A0A4Q9RBJ6,283,97.1
A0A4R3I324,226,97.7
A0A4R3Q368,245,96.3
A0A4R4ZHH6,354,93.6
A0A4R6YR80,304,94.0
A0A4R7BDA0,309,96.7
A0A4R8G083,330,97.3
A0A4R8PNH1,292,96.8
A0A4R8PT74,435,74.2
A0A4R8PUJ5,391,93.2
A0A4R8PXC4,307,97.3
A0A4R8Q1L1,355,97.2
A0A4R8Q226,355,95.9
A0A4R8Q2P5,382,96.2
A0A4R8Q2S4,320,97.6
A0A4R8Q3F8,324,97.8
A0A4R8Q3V8,384,96.3
A0A4R8Q5V4,85,90.3
A0A4R8Q686,358,94.5
A0A4R8Q6U5,359,97.5
A0A4R8QCV3,86,97.6
A0A4R8QDR2,415,87.5
A0A4R8QE15,422,89.3
A0A4R8QFZ5,260,70.0
A0A4R8QGX6,324,97.5
A0A4R8QIT2,357,97.3
A0A4R8QJK7,330,96.2
A0A4R8QLI9,357,97.4
A0A4R8QLU2,315,96.4
A0A4R8QMD6,232,77.4
A0A4R8QMK9,330,96.8
A0A4R8QMY8,292,96.3
A0A4R8QSZ7,304,98.2
A0A4R8QUH0,359,97.3
A0A4R8RA10,375,90.7
A0A4R8RA33,369,97.3
A0A4R8RCD2,355,97.0
A0A4R8RCG3,379,96.2
A0A4R8RDW8,304,98.1
A0A4R8REE8,338,94.8
A0A4R8RFN3,324,97.9
A0A4R8RGQ5,85,90.3
A0A4R8RHJ1,323,88.1
A0A4R8RHV3,422,89.1
A0A4R8RI59,346,97.5
A0A4R8RKK0,358,94.6
A0A4R8RLS5,379,85.2
A0A4R8RMW3,315,96.2
A0A4R8RQB9,320,95.9
A0A4R8RS48,244,63.4
A0A4R8RTP9,381,96.5
A0A4R8RWH5,324,98.0
A0A4R8SXD4,357,96.9
A0A4R8T272,421,72.3
A0A4R8T4S3,292,96.0
A0A4R8T842,239,76.3
A0A4R8TAZ7,403,91.1
A0A4R8TDX1,378,81.5
A0A4R8THI8,379,82.9
A0A4R8TI16,291,83.0
A0A4R8TJ20,311,96.0
A0A4R8TJJ9,369,97.3
A0A4R8TK94,415,88.5
A0A4R8TKA8,384,95.9
A0A4R8TLY6,346,97.0
A0A4R8TML3,382,96.1
A0A4R8TP34,330,96.1
A0A4R8TP66,361,96.1
A0A4R8TRK5,359,97.5
A0A4R8TSG9,304,98.2
A0A4S2H0H1,273,94.5
A0A4S2KZB5,455,93.8
A0A4S2LAY3,377,94.7
A0A4S2LAY4,386,94.9
A0A4S2LBG9,383,96.4
A0A4S2LBJ8,445,94.5
A0A4S2LBN1,446,95.9
A0A4S2LF11,371,73.5
A0A4S2LI14,363,79.7
A0A4S2LIX9,210,94.6
A0A4S2LJ85,446,95.7
A0A4S2M2G2,130,79.5
A0A4S2MHI4,359,95.8
A0A4S2MK96,249,98.0
A0A4S2MM39,327,95.8
A0A4S2MMJ0,376,97.0
A0A4S2MRG4,370,96.0
A0A4S2MTZ1,360,88.1
A0A4S2N177,322,97.4
A0A4S3IZR8,272,92.9
A0A4S3J2W4,414,89.4
A0A4S3J5H3,324,98.0
A0A4S3J8T7,325,97.3
A0A4S3JH98,71,70.2
A0A4S3ZWL1,314,94.0
A0A4S4EP73,324,95.7
A0A4S4ERL3,322,96.8
A0A4S4F0S3,328,97.0
A0A4S4KID4,154,88.3
A0A4S4KLS8,183,65.3
A0A4S4M1X2,428,59.4
A0A4S4M1Y3,313,93.5
A0A4S4MA69,365,83.3
A0A4S4MP01,488,88.3
A0A4S8IT13,323,97.5
A0A4S8IVY2,324,95.5
A0A4S8JI25,322,89.1
A0A4S8K2B6,312,96.3
A0A4S8K2E1,339,92.1
A0A4S8K8H3,325,97.4
A0A4S8LAP1,333,97.7
A0A4S8M8C5,308,93.3
A0A4S8ME90,383,67.1
A0A4S8QJ87,348,98.2
A0A4S8QKE5,154,79.8
A0A4S8QND8,347,96.2
A0A4S8QPY5,363,97.9
A0A4S8QRD1,276,97.5
A0A4S8QT01,301,97.5
A0A4S8QWZ8,382,94.9
A0A4S8R655,365,95.2
A0A4S8RGZ2,352,96.1
A0A4S8RXG8,331,90.9
A0A4S8SZZ5,365,97.8
A0A4S8VLN7,372,97.2
A0A4S8VNS7,372,96.9
A0A4S8VRV9,365,97.9
A0A4S8W0R7,375,95.2
A0A4S8XLG5,372,97.0
A0A4S8XYB0,372,96.5
A0A4S8YNU8,366,95.7
A0A4S8YUS2,91,57.3
A0A4S8ZCU3,372,97.1
A0A4S8ZFV3,365,97.9
A0A4S8ZM72,368,97.2
A0A4S8ZPY2,368,97.0
A0A4S9A8L7,366,96.1
A0A4S9AAS5,221,86.8
A0A4S9AZJ7,365,97.5
A0A4S9B488,366,96.0
A0A4S9BXQ5,368,97.1
A0A4S9C7Z5,365,97.7
A0A4S9CKJ3,372,97.0
A0A4S9CNW3,623,75.9
A0A4S9CQ93,372,97.5
A0A4S9D5E3,221,86.9
A0A4S9EU40,366,96.0
A0A4S9F7Z6,365,97.9
A0A4S9F9F9,221,88.0
A0A4S9L6U2,368,97.2
A0A4S9LJ79,366,96.2
A0A4S9LP12,221,86.4
A0A4S9LTZ6,368,97.1
A0A4S9N5M2,375,95.1
A0A4S9Q347,365,97.7
A0A4S9SJZ6,372,97.1
A0A4S9SK23,365,97.9
A0A4S9SZK6,331,89.9
A0A4S9T9C9,366,96.4
A0A4S9TIS8,221,85.3
A0A4S9TP14,221,89.8
A0A4S9UF68,366,96.3
A0A4S9UNN9,368,97.0
A0A4S9V507,221,88.5
A0A4S9W220,368,97.6
A0A4S9W6W5,372,96.3
A0A4S9XKY4,318,94.4
A0A4S9XNR5,366,96.5
A0A4S9XSC8,365,97.9
A0A4S9Y8F5,221,90.7
A0A4S9ZZ06,221,87.2
A0A4T0AYN8,372,96.9
A0A4T0B8C7,372,96.9
A0A4T0BKB2,352,90.0
A0A4T0BL07,221,90.4
A0A4T0BWY6,366,96.1
A0A4T0CFU1,368,97.2
A0A4T0CHN6,365,97.7
A0A4T0DW90,368,97.3
A0A4T0E0E8,368,97.2
A0A4T0EP09,221,88.7
A0A4T0ERS1,366,96.2
A0A4T0FD09,332,90.0
A0A4T0FM69,311,92.0
A0A4T0FMD4,237,93.5
A0A4T0FPJ8,349,86.9
A0A4T0GN27,311,95.7
A0A4T0JAB6,311,90.6
A0A4T0K338,311,90.1
A0A4T0LNJ1,315,92.0
A0A4T0QUJ8,329,90.4
A0A4T0VD25,549,88.6
A0A4T0VDC0,265,85.6
A0A4T0VFM6,273,95.2
A0A4T0VHK0,337,84.6
A0A4T0VKX6,311,96.3
A0A4T0VRZ6,258,71.2
A0A4T0VSJ6,373,97.7
A0A4T0VXZ2,303,84.9
A0A4T0W2U9,355,98.0
A0A4T0W7K4,304,97.8
A0A4T0WAP6,374,97.0
A0A4T0WB77,384,96.7
A0A4T0WCV6,368,96.7
A0A4T0WCY6,401,92.0
A0A4T0WFM4,376,96.7
A0A4T0WI89,171,97.2
A0A4T0WKB3,297,86.2
A0A4T0WLP4,389,89.5
A0A4T0WLQ0,261,61.7
A0A4T0WLX0,304,98.2
A0A4T0WLY7,357,97.2
A0A4U0TXH3,375,95.9
A0A4U0TXP9,271,98.2
A0A4U0U5W6,340,90.3
A0A4U0UIB6,368,97.3
A0A4U0UIF9,373,95.8
A0A4U0V422,349,95.0
A0A4U0VC90,251,85.7
A0A4U0VCH3,378,95.7
A0A4U0VJI3,399,94.3
A0A4U0VLB1,399,94.4
A0A4U0VS63,236,96.2
A0A4U0W0N8,177,81.8
A0A4U0XEI2,370,97.4
A0A4U0XP94,400,94.9
A0A4U0XRL7,349,96.1
A0A4U0XT20,271,97.2
A0A4U0XX60,359,95.0
A0A4U1F8J3,254,87.1
A0A4U1FEJ8,439,96.1
A0A4U1FJ41,486,89.3
A0A4U5M982,355,92.2
A0A4U5MWK7,321,97.3
A0A4U5MY05,321,97.5
A0A4U5MY48,317,97.3
A0A4U5NQ50,335,93.2
A0A4U5NSP7,319,96.8
A0A4U5PCC5,362,94.4
A0A4U5PCS0,306,97.3
A0A4U5PGP8,295,96.7
A0A4U5PJS8,324,93.3
A0A4U5PQE5,331,97.1
A0A4U5Q1X0,327,97.0
A0A4U5TZJ3,430,95.5
A0A4U5U282,431,97.5
A0A4U5U312,437,97.5
A0A4U5V201,422,90.3
A0A4U5V6J8,291,74.2
A0A4U5VXG9,435,97.3
A0A4U5WCL6,269,98.5
A0A4U5WIH9,285,97.5
A0A4U5X3M8,269,98.6
A0A4U5XA36,285,97.3
A0A4U6QLS0,302,97.5
A0A4U6U3D2,349,92.8
A0A4U6URN3,335,95.1
A0A4U6V645,337,94.5
A0A4U6VL40,359,83.0
A0A4U6X1H7,374,97.7
A0A4U6X351,342,67.4
A0A4U6X479,370,93.7
A0A4U6X5K0,304,98.1
A0A4U6X5Z4,370,96.7
A0A4U6X7Y6,370,96.1
A0A4U6XEA3,208,94.4
A0A4U6XEV8,358,96.3
A0A4U6XFR4,358,97.0
A0A4U6XL76,375,92.3
A0A4U6XPL3,176,62.4
A0A4U6XW32,293,55.8
A0A4U7AVN4,363,96.8
A0A4U7AY24,228,92.5
A0A4U7B2Q7,365,93.5
A0A4U7B5J3,295,93.2
A0A4U7BEM6,359,94.7
A0A4U7KLN1,289,96.1
A0A4U7KUR2,255,92.5
A0A4U7KZ21,302,93.7
A0A4U8UW01,307,97.7
A0A4U8UYX4,358,88.1
A0A4U8UZH0,305,98.0
A0A4U8V1I0,358,86.5
A0A4U9EHQ3,410,82.0
A0A4U9ETP6,196,73.0
A0A4U9FEL1,292,94.7
A0A4U9FFS8,319,94.4
A0A4V1IRJ7,284,78.5
A0A4V1IUQ4,213,97.7
A0A4V1IWY8,253,98.2
A0A4V1IX23,210,97.1
A0A4V1J207,249,98.3
A0A4V1J5M0,255,97.1
A0A4V1Q2I3,295,89.7
A0A4V1Q3C6,166,91.6
A0A4V1Q3E9,312,97.1
A0A4V1RYU3,324,97.8
A0A4V1WMP5,384,97.2
A0A4V1WT88,388,96.0
A0A4V1WUM4,297,95.6
A0A4V1X6P4,365,96.8
A0A4V1X7W4,385,96.5
A0A4V1X978,342,95.3
A0A4V1XCS5,326,93.3
A0A4V2JWX5,62,84.2
A0A4V2K1S3,336,98.1
A0A4V2K7N5,336,98.0
A0A4V2PI10,303,94.8
A0A4V3HSA5,382,96.1
A0A4V3HSJ2,346,97.3
A0A4V3HTN3,413,88.3
A0A4V3HWL7,279,94.1
A0A4V3I333,355,97.2
A0A4V3I3B6,422,88.8
A0A4V3UQT0,332,85.1
A0A4V4HZ43,368,97.2
A0A4V4JHD7,365,97.9
A0A4V4JUP5,365,97.8
A0A4V4KW54,372,97.1
A0A4V4LY48,330,89.0
A0A4V4MKK3,329,91.1
A0A4V5N7H4,364,97.7
A0A4V5NGM0,363,96.2
A0A4V5ZZQ0,358,90.6
A0A4V6D4I5,297,97.4
A0A4V6DH29,304,97.9
A0A4V6JA16,365,96.7
A0A4V6NY19,227,97.6
A0A4V6QED0,362,88.3
A0A4V6QFK9,324,97.1
A0A4V6TPS9,329,90.6
A0A4W2CV58,432,95.1
A0A4W2CZF1,437,97.5
A0A4W2CZF6,437,97.8
A0A4W2DEQ4,368,97.8
A0A4W2DJP4,238,89.0
A0A4W2DQX7,294,84.3
A0A4W2GFS0,368,97.9
A0A4W2HMJ7,433,98.1
A0A4W2IS87,432,95.0
A0A4W3I0J5,430,97.2
A0A4W3I0L0,353,97.4
A0A4W3I463,431,94.9
A0A4W3I5I7,433,94.8
A0A4W3I5L1,425,96.2
A0A4W3I5Q3,430,96.8
A0A4W3I5Q9,437,96.5
A0A4W3I8Z7,426,94.5
A0A4W3I926,432,95.3
A0A4W3I954,433,94.3
A0A4W3I973,431,95.5
A0A4W3ICV8,433,94.9
A0A4W3IEG1,430,95.0
A0A4W3IN19,438,97.5
A0A4W3INF1,436,97.3
A0A4W3INV9,435,97.2
A0A4W3INW1,430,94.5
A0A4W3IPU9,433,97.9
A0A4W3ISX3,433,98.0
A0A4W3ISZ4,433,97.8
A0A4W3IX93,280,83.3
A0A4W3IXA9,429,94.7
A0A4W3J2P3,433,97.9
A0A4W3J2R9,434,97.8
A0A4W3JJW4,431,98.0
A0A4W3JJY3,432,97.6
A0A4W3JK65,445,96.5
A0A4W4DSJ1,434,97.9
A0A4W4DSL1,434,97.8
A0A4W4DSM6,435,97.9
A0A4W4DSZ2,431,96.1
A0A4W4EP59,430,95.5
A0A4W4EPK5,434,97.2
A0A4W4EPW9,433,96.4
A0A4W4EQ15,436,97.4
A0A4W4ERM8,147,93.8
A0A4W4ERN1,435,97.1
A0A4W4EZ83,324,91.0
A0A4W4FJV5,431,97.6
A0A4W4FK46,431,97.5
A0A4W4FK82,439,93.6
A0A4W4FKH2,355,91.7
A0A4W4FMA9,213,75.6
A0A4W4GT88,430,96.0
A0A4W4GVZ7,430,96.1
A0A4W4GW07,428,95.6
A0A4W4GW37,431,95.5
A0A4W4GZA3,430,96.0
A0A4W4GZJ7,431,95.0
A0A4W4GZQ4,431,94.6
A0A4W4GZX6,431,94.6
A0A4W4H021,430,96.4
A0A4W4H065,439,94.0
A0A4W5JIU9,369,97.7
A0A4W5KP97,170,43.7
A0A4W5KTV1,88,69.7
A0A4W5N1L0,433,95.4
A0A4W5N2S4,435,95.1
A0A4W5NMG6,437,97.4
A0A4W5PDG2,432,96.5
A0A4W5PDI3,435,95.8
A0A4W5PKH3,435,94.6
A0A4W5PLZ1,351,94.8
A0A4W5PPW0,339,94.1
A0A4W5Q6S0,354,97.8
A0A4W5Q7Q2,391,77.8
A0A4W5QAR4,400,91.0
A0A4W5QB93,460,84.2
A0A4W5QVZ3,426,97.2
A0A4W5QZQ2,424,97.5
A0A4W5R6Q2,425,97.4
A0A4W5R7S9,433,98.1
A0A4W5R7V7,431,97.9
A0A4W5R801,414,79.3
A0A4W5R836,434,97.6
A0A4W6CNP2,431,95.8
A0A4W6DAC1,405,96.6
A0A4W6DB24,401,95.3
A0A4W6EAM5,430,97.5
A0A4W6F5R6,349,96.4
A0A4W6FXT1,359,97.8
A0A4W6GAD1,354,97.6
A0A4X1UZV3,399,84.8
A0A4X1UZW3,430,95.3
A0A4X1WAF7,360,97.4
A0A4X2K4V1,368,97.7
A0A4X2KE21,367,97.4
A0A4X2M0B2,430,96.9
A0A4Y1R9H2,324,97.1
A0A4Y3KUD1,284,95.8
A0A4Y3R824,292,95.2
A0A4Y3RCW8,269,98.2
A0A4Y3S0B0,285,97.5
A0A4Y3VK95,269,98.5
A0A4Y3VNI2,285,96.2
A0A4Y3WBK3,250,97.0
A0A4Y5F9T5,132,87.4
A0A4Y5F9Y9,145,83.6
A0A4Y5FA00,132,89.2
A0A4Y5FA08,132,90.4
A0A4Y5FA19,150,68.5
A0A4Y5FA27,146,66.6
A0A4Y5FA41,145,93.5
A0A4Y5FA44,132,85.0
A0A4Y5FA50,132,87.2
A0A4Y5U3P7,179,93.6
A0A4Y5U3P8,193,70.6
A0A4Y5U3Q8,179,92.3
A0A4Y5U3R0,193,72.2
A0A4Y5U3R3,208,67.7
A0A4Y5U3S2,179,91.2
A0A4Y5U3S5,193,78.5
A0A4Y5U3S6,179,92.3
A0A4Y5U3S7,179,93.6
A0A4Y5U3S9,203,69.9
A0A4Y5U3T5,179,93.1
A0A4Y5U3T8,193,70.6
A0A4Y5U3U0,179,93.6
A0A4Y5U3U2,193,72.7
A0A4Y5U3U6,179,94.7
A0A4Y5U3U7,205,64.3
A0A4Y5U3U9,125,73.7
A0A4Y5U3V0,179,93.8
A0A4Y5U3V8,193,78.5
A0A4Y5U3W0,179,92.3
A0A4Y5U3W1,179,93.6
A0A4Y5U3W2,179,91.6
A0A4Y5U3W8,179,90.2
A0A4Y5U3W9,179,92.3
A0A4Y5U3X0,179,93.9
A0A4Y5U3X1,204,68.5
A0A4Y5U3X2,203,70.3
A0A4Y5U3X6,193,72.2
A0A4Y5U3X7,179,92.3
A0A4Y5U3X8,207,91.4
A0A4Y5U3Y1,179,87.3
A0A4Y5U3Y2,205,80.7
A0A4Y5U3Y3,179,94.7
A0A4Y5U3Y8,193,71.9
A0A4Y5U3Y9,179,93.3
A0A4Y5U3Z1,179,93.6
A0A4Y5U3Z3,193,76.2
A0A4Y5U3Z4,193,77.1
A0A4Y5U3Z8,193,65.9
A0A4Y5U3Z9,179,95.1
A0A4Y5U400,179,93.6
A0A4Y5U401,179,92.0
A0A4Y5U404,205,90.7
A0A4Y5U405,205,86.7
A0A4Y5U408,179,92.0
A0A4Y5U411,193,72.2
A0A4Y5U412,193,72.2
A0A4Y5U415,179,90.5
A0A4Y5U416,179,93.9
A0A4Y5U421,205,65.1
A0A4Y5U422,173,87.9
A0A4Y5U423,207,87.8
A0A4Y5U424,179,94.0
A0A4Y5U426,203,92.8
A0A4Y5U430,179,93.1
A0A4Y5U431,179,94.2
A0A4Y5U432,179,94.4
A0A4Y5U433,179,93.8
A0A4Y5U434,179,89.5
A0A4Y5U436,179,92.9
A0A4Y5U441,207,90.5
A0A4Y5U442,179,94.0
A0A4Y5U443,179,94.2
A0A4Y5U444,179,85.8
A0A4Y5U447,205,70.2
A0A4Y5U450,193,67.0
A0A4Y5U451,193,72.6
A0A4Y5U452,206,87.6
A0A4Y5U453,130,74.6
A0A4Y5U454,193,73.4
A0A4Y5U457,179,93.6
A0A4Y5U460,179,94.2
A0A4Y5U461,179,94.2
A0A4Y5U462,179,92.9
A0A4Y5U463,179,92.1
A0A4Y5U464,205,70.8
A0A4Y5U465,179,92.9
A0A4Y5U467,206,92.5
A0A4Y5U470,179,90.7
A0A4Y5U471,205,71.7
A0A4Y5U472,179,92.1
A0A4Y5U473,188,93.1
A0A4Y5U474,179,92.8
A0A4Y5U475,201,79.2
A0A4Y5U477,179,93.6
A0A4Y5U478,179,93.7
A0A4Y5U481,179,95.2
A0A4Y5U482,179,94.4
A0A4Y5U483,200,92.8
A0A4Y5U484,179,92.7
A0A4Y5U485,179,92.3
A0A4Y5U487,206,70.5
A0A4Y5U489,205,68.3
A0A4Y5U492,193,81.4
A0A4Y5U494,193,87.5
A0A4Y5U495,179,94.2
A0A4Y5U496,203,66.3
A0A4Y5U497,179,91.7
A0A4Y5U498,179,94.7
A0A4Y5U499,193,73.1
A0A4Y5U4A0,200,92.8
A0A4Y5U4A1,179,88.8
A0A4Y5U4A3,193,73.4
A0A4Y5U4A4,200,71.0
A0A4Y5U4A7,205,65.6
A0A4Y5U4A9,205,87.6
A0A4Y5U4B0,205,66.1
A0A4Y5U4B2,194,92.1
A0A4Y5U4B3,205,67.9
A0A4Y5U4B4,205,70.0
A0A4Y5U4B5,179,94.9
A0A4Y5U4B6,130,65.8
A0A4Y5U4B7,193,72.2
A0A4Y5U4B9,205,87.6
A0A4Y5U4C0,179,95.1
A0A4Y5U4C1,179,94.5
A0A4Y5U4C3,179,93.6
A0A4Y5U4C4,205,69.9
A0A4Y5U4C5,179,95.0
A0A4Y5U4C6,179,94.9
A0A4Y5U4C7,200,72.1
A0A4Y5U4C8,193,73.9
A0A4Y5U4C9,179,93.3
A0A4Y5U4D0,174,92.6
A0A4Y5U4D4,205,70.2
A0A4Y5U4D5,179,93.7
A0A4Y5U4D6,179,93.6
A0A4Y5U4D7,206,68.1
A0A4Y5U4D8,200,70.4
A0A4Y5U4E1,193,71.6
A0A4Y5U4E4,179,92.7
A0A4Y5U4E5,179,93.8
A0A4Y5U4E6,179,92.0
A0A4Y5U4E7,200,69.4
A0A4Y5U4E8,174,94.5
A0A4Y5U4F0,179,71.3
A0A4Y5U4F3,138,73.8
A0A4Y5U4F4,193,73.1
A0A4Y5U4F5,205,70.8
A0A4Y5U4F6,206,69.0
A0A4Y5U4F9,193,73.8
A0A4Y5U4G1,179,94.2
A0A4Y5U4G3,206,88.2
A0A4Y5U4G6,206,69.0
A0A4Y5U4G9,179,94.6
A0A4Y5U4H2,205,68.8
A0A4Y5U4H6,200,72.1
A0A4Y5U4H9,179,90.7
A0A4Y5U4I3,179,77.1
A0A4Y5U4I8,179,88.0
A0A4Y5U4J4,179,94.1
A0A4Y5U4J5,179,91.0
A0A4Y5U4J7,205,73.0
A0A4Y5U4K2,206,69.2
A0A4Y5U4K6,205,67.1
A0A4Y5U4L1,179,94.3
A0A4Y5U4L5,179,91.5
A0A4Y5U4M2,179,92.9
A0A4Y5U4M6,203,92.8
A0A4Y5U4N2,205,76.3
A0A4Y5U4N7,179,91.3
A0A4Y5U4N8,200,68.4
A0A4Y5U4P0,179,91.6
A0A4Y5U4P6,179,92.6
A0A4Y5U4P7,179,92.8
A0A4Y5U4Q2,204,90.6
A0A4Y5U4Q5,188,69.2
A0A4Y5U4Q6,179,94.6
A0A4Y5U4R5,206,85.6
A0A4Y5U4R7,205,88.3
A0A4Y5U4S4,200,91.8
A0A4Y5U4S5,193,78.5
A0A4Y5U4T2,179,94.7
A0A4Y5U4T8,179,93.6
A0A4Y5U4U5,139,74.8
A0A4Y5U4V2,130,74.3
A0A4Y5U4W0,179,93.2
A0A4Y5U4W4,130,73.7
A0A4Y5U4W5,179,92.1
A0A4Y5U4W9,179,88.4
A0A4Y5U4X2,200,71.8
A0A4Y5U4X3,193,71.7
A0A4Y5U4Y0,179,94.3
A0A4Y5U4Y3,179,91.0
A0A4Y5U4Y9,203,69.6
A0A4Y5U4Z3,179,91.6
A0A4Y5U4Z9,205,91.0
A0A4Y5U504,179,88.5
A0A4Y5U513,179,93.4
A0A4Y5U518,203,71.1
A0A4Y5U526,179,94.2
A0A4Y5U535,203,92.3
A0A4Y5U542,179,94.1
A0A4Y5U544,179,93.6
A0A4Y5U553,205,74.3
A0A4Y5U565,179,92.4
A0A4Y5U571,206,65.4
A0A4Y5U574,203,71.3
A0A4Y5U580,193,73.1
A0A4Y5U595,207,68.0
A0A4Y5U5A2,179,90.7
A0A4Y5U5B1,205,88.3
A0A4Y5U5B4,179,92.0
A0A4Y5U5C2,205,87.6
A0A4Y5U5C5,200,72.2
A0A4Y5U5D2,179,94.1
A0A4Y5U5E6,206,65.4
A0A4Y5U5F7,205,87.6
A0A4Y5U5G9,179,93.8
A0A4Y5U5H6,179,93.8
A0A4Y5U5I8,205,70.2
A0A4Y5U5J6,200,70.0
A0A4Y6R7S8,323,94.6
A0A4Y7I3R4,330,97.0
A0A4Y7I4A1,290,93.4
A0A4Y7I7H2,317,96.6
A0A4Y7IA41,320,93.9
A0A4Y7IAC7,327,95.2
A0A4Y7IC16,296,70.2
A0A4Y7IG79,332,96.8
A0A4Y7IJ39,317,96.8
A0A4Y7IJU3,319,93.1
A0A4Y7IKI8,330,96.9
A0A4Y7IMH8,128,93.8
A0A4Y7IR00,139,82.0
A0A4Y7IW07,326,96.3
A0A4Y7IZW6,160,83.6
A0A4Y7J089,325,94.5
A0A4Y7JE12,325,96.1
A0A4Y7JG44,299,97.1
A0A4Y7JVY5,317,91.5
A0A4Y7JW71,317,96.5
A0A4Y7K271,343,94.4
A0A4Y7K6N0,323,96.4
A0A4Y7KL70,325,96.5
A0A4Y7L1N8,317,96.3
A0A4Y7LJR4,317,96.5
A0A4Y7SAP2,171,93.7
A0A4Y7SDL3,310,96.1
A0A4Y7SEM1,312,92.8
A0A4Y7SFY2,302,93.6
A0A4Y7SHB0,305,98.0
A0A4Y7SHR1,224,86.7
A0A4Y7SHS4,320,96.1
A0A4Y7SJT0,289,82.8
A0A4Y7SK47,305,97.6
A0A4Y7SK59,299,94.1
A0A4Y7SKC4,189,62.4
A0A4Y7SKW8,310,96.6
A0A4Y7SL77,312,92.0
A0A4Y7SLE9,305,93.1
A0A4Y7SLL4,285,83.4
A0A4Y7SUH7,317,95.6
A0A4Y7SXX2,304,87.4
A0A4Y7SYI8,251,75.6
A0A4Y7T163,302,94.0
A0A4Y7T3P6,171,93.7
A0A4Y7T3Q3,166,88.7
A0A4Y7T6H0,310,96.5
A0A4Y7T9K6,310,98.0
A0A4Y7TEE1,337,94.9
A0A4Y7TEV3,297,97.8
A0A4Y7TG40,257,50.2
A0A4Y7TW26,346,94.3
A0A4Y7UCL1,293,97.4
A0A4Y8CCG2,283,85.7
A0A4Y8CKP8,347,96.7
A0A4Y8CQP2,301,97.3
A0A4Y8CSZ8,334,86.3
A0A4Y8D0A4,345,95.9
A0A4Y8D0D0,323,83.0
A0A4Y8D0V3,266,95.6
A0A4Y8D4M2,369,94.7
A0A4Y8DFL1,349,96.2
A0A4Y8LS77,131,95.2
A0A4Y8RPT3,250,97.4
A0A4Y8T033,236,98.0
A0A4Y8ZK93,297,95.7
A0A4Y9L370,293,95.0
A0A4Y9LDD3,261,69.7
A0A4Y9SBZ4,289,97.0
A0A4Y9T4P3,228,97.7
A0A4Y9Y0E1,348,97.5
A0A4Y9YWZ0,341,85.8
A0A4Y9Z7G4,360,96.9
A0A4Y9ZE70,362,89.2
A0A4Y9ZLY3,249,81.8
A0A4Z0A4T9,241,86.6
A0A4Z0A5G8,337,96.9
A0A4Z0AQA6,312,91.3
A0A4Z0HNY2,284,96.5
A0A4Z0L783,293,97.6
A0A4Z0L9R6,314,93.7
A0A4Z0LCG8,390,90.8
A0A4Z0NTW6,261,96.4
A0A4Z0YK01,282,97.7
A0A4Z0YR50,357,95.5
A0A4Z0YS91,385,96.2
A0A4Z0YUI2,362,97.3
A0A4Z0Z0E1,394,93.8
A0A4Z0Z0G8,511,72.4
A0A4Z0Z0S0,386,86.5
A0A4Z0Z0X9,335,95.8
A0A4Z0Z5N9,286,97.7
A0A4Z0Z7P2,179,86.5
A0A4Z0Z8S2,344,98.2
A0A4Z0ZBZ0,360,92.7
A0A4Z0ZC48,291,64.0
A0A4Z1CUV9,285,97.7
A0A4Z1D3W1,285,97.3
A0A4Z1E3V6,344,96.2
A0A4Z1E519,281,92.8
A0A4Z1E9P8,347,94.6
A0A4Z1EDQ2,348,97.7
A0A4Z1EJQ1,369,95.1
A0A4Z1ELX3,362,97.6
A0A4Z1EU06,316,84.5
A0A4Z1EV38,282,90.1
A0A4Z1F214,234,84.4
A0A4Z1F3K6,352,96.2
A0A4Z1F478,345,96.6
A0A4Z1F9Z6,347,96.3
A0A4Z1FC55,369,94.9
A0A4Z1FEE3,363,97.9
A0A4Z1FHV4,176,59.1
A0A4Z1FMD5,342,98.1
A0A4Z1FR91,266,94.9
A0A4Z1FTN5,365,94.8
A0A4Z1FYJ3,301,97.5
A0A4Z1G598,369,94.7
A0A4Z1G6H5,233,89.9
A0A4Z1G732,312,77.5
A0A4Z1G7I6,339,96.9
A0A4Z1GBI9,363,98.0
A0A4Z1GFL5,347,96.1
A0A4Z1GKH1,349,98.1
A0A4Z1GNK7,118,96.0
A0A4Z1GVX3,365,95.9
A0A4Z1GXY5,350,96.1
A0A4Z1H7H1,309,89.5
A0A4Z1H969,365,95.8
A0A4Z1HA19,256,90.6
A0A4Z1HAZ4,363,98.0
A0A4Z1HBL5,105,88.6
A0A4Z1HC09,353,98.2
A0A4Z1HF13,135,94.6
A0A4Z1HN92,203,84.9
A0A4Z1HNS4,369,95.1
A0A4Z1HQT1,347,96.4
A0A4Z1HTA4,363,98.0
A0A4Z1HUY0,240,78.0
A0A4Z1I2E7,352,98.3
A0A4Z1I948,347,96.4
A0A4Z1IHS5,223,75.3
A0A4Z1IM35,353,96.1
A0A4Z1IMI3,345,96.5
A0A4Z1INN0,301,97.6
A0A4Z1IS79,359,95.9
A0A4Z1IVU0,348,97.8
A0A4Z1JBZ2,213,90.7
A0A4Z1JEZ4,345,96.1
A0A4Z1JMX4,345,96.5
A0A4Z1JPW0,369,94.6
A0A4Z1JYN1,363,98.0
A0A4Z1JZ47,349,98.2
A0A4Z1K161,352,96.5
A0A4Z1K5V5,281,90.4
A0A4Z1KAH3,114,69.7
A0A4Z1KBR1,363,98.1
A0A4Z1KK63,338,95.4
A0A4Z1KR16,347,96.7
A0A4Z1KRT8,357,96.5
A0A4Z1KZ45,332,80.1
A0A4Z1NQD4,292,92.3
A0A4Z1NUI9,283,94.3
A0A4Z1P1V9,127,91.0
A0A4Z1P3H5,360,95.5
A0A4Z1P5A9,274,97.7
A0A4Z1PB68,336,84.7
A0A4Z1PBN2,356,95.7
A0A4Z1PF54,211,88.8
A0A4Z2AZU2,432,97.7
A0A4Z2BNP0,438,97.3
A0A4Z2CCM5,353,97.9
A0A4Z2CJG7,433,95.5
A0A4Z2CZT8,445,96.0
A0A4Z2DRS1,438,91.1
A0A4Z2E317,261,80.2
A0A4Z2H8L7,272,95.7
A0A4Z2HHH8,91,87.5
A0A4Z2HMJ2,202,61.9
A0A4Z2J5I2,439,97.1
A0A501X0Q7,311,95.6
A0A502E729,319,97.4
A0A502G532,284,97.9
A0A504YN21,445,96.6
A0A504YN74,112,58.4
A0A504YVJ2,437,78.0
A0A505I610,326,97.5
A0A507ASE7,368,92.4
A0A507AZ12,375,97.9
A0A507AZW4,333,94.0
A0A507B0B5,302,85.4
A0A507B255,350,97.2
A0A507B6M5,316,94.8
A0A507B7D3,260,88.1
A0A507BB61,445,93.4
A0A507BF90,264,98.0
A0A507BFZ8,316,98.3
A0A507BH76,362,97.2
A0A507BI78,369,91.9
A0A507BMG0,342,80.9
A0A507BNL8,349,80.1
A0A507DWN6,281,96.6
A0A507ECB4,280,93.9
A0A507EFD5,302,95.7
A0A507EI25,294,93.2
A0A507EJC1,289,94.4
A0A507ENT8,490,66.9
A0A507EP76,330,85.4
A0A507EU45,372,87.3
A0A507EUG8,368,76.9
A0A507EUL6,334,94.4
A0A507EXS7,278,93.0
A0A507EZH3,294,93.3
A0A507F3F5,276,93.8
A0A507F5P6,298,91.1
A0A507F5R3,293,91.2
A0A507F691,308,85.0
A0A507F697,286,88.2
A0A507F7M1,289,93.6
A0A507F875,397,85.9
A0A507F8P2,388,82.1
A0A507FAL9,353,94.2
A0A507FBC4,298,92.5
A0A507FDJ6,340,94.7
A0A507FDN0,309,92.7
A0A507FFU9,376,92.1
A0A507FGD0,247,91.5
A0A507FH99,267,95.6
A0A507FHF3,277,92.8
A0A507FIJ3,383,81.8
A0A507FLL5,265,87.4
A0A507R6B7,348,88.8
A0A508TD04,320,96.3
A0A508WQH5,327,97.8
A0A510HL80,277,98.6
A0A510PMD9,402,86.8
A0A511N1M3,389,89.2
A0A511NAA7,277,96.8
A0A511YPQ8,358,92.1
A0A512M2B1,328,94.7
A0A512NBT8,287,93.8
A0A512SZA0,286,92.9
A0A514E8B4,452,95.4
A0A514JUG4,285,97.2
A0A515HL98,132,87.2
A0A516R853,269,97.3
A0A516RAC2,286,95.1
A0A517KXT5,275,97.4
A0A517L981,358,95.0
A0A517LCM0,305,98.1
A0A517LK50,290,97.9
A0A517LLS8,322,94.8
A0A517LRF7,365,96.3
A0A517LRG8,366,94.7
A0A517MIN1,343,90.0
A0A517N5I0,243,96.4
A0A517PZI0,269,98.0
A0A517VWB0,279,96.8
A0A518FGN9,269,98.3
A0A521CC92,287,94.7
A0A521DXD6,250,97.8
A0A540LP38,322,97.1
A0A540LP61,324,97.1
A0A540LPK5,324,97.0
A0A540LPR7,322,97.3
A0A540M014,328,97.5
A0A540M063,322,96.9
A0A542TJ95,270,98.6
A0A542UIP7,285,96.7
A0A543J4V8,271,98.1
A0A544XUX3,244,98.3
A0A545URM7,331,91.4
A0A545UT90,307,81.5
A0A545UYE5,316,87.4
A0A545V5K0,191,66.9
A0A545VX13,394,86.9
A0A545W637,352,96.0
A0A547PT19,349,68.7
A0A550CYA8,333,98.1
A0A553HJG4,389,93.4
A0A553HML7,307,91.7
A0A553HMY2,314,91.0
A0A553HQA6,354,94.3
A0A553HT94,340,94.6
A0A553HUG6,403,86.5
A0A553HX16,278,97.8
A0A553HXR9,386,96.1
A0A553I1X9,360,94.8
A0A553I2W2,360,97.6
A0A553I4E8,375,90.4
A0A553I8N7,258,84.7
A0A553I9B8,397,91.5
A0A553NLC2,437,97.2
A0A553NLD0,435,97.0
A0A553PUL1,448,89.9
A0A553RAC3,427,93.0
A0A556TTZ0,156,82.0
A0A556TZX7,393,78.8
A0A556V707,355,96.7
A0A556VB53,420,93.5
A0A559JN81,146,92.2
A0A559KLC5,319,97.2
A0A559KLZ0,473,86.4
A0A559KNA8,357,97.4
A0A559KSM7,372,93.1
A0A559KX00,278,96.9
A0A559KXI7,436,88.4
A0A559L245,315,97.7
A0A559L4M0,227,91.3
A0A559L672,304,98.1
A0A559LGD1,354,97.5
A0A559LGU5,462,84.8
A0A559LQ08,373,96.9
A0A559LS64,367,97.5
A0A559LSJ9,324,97.8
A0A559LTH3,239,92.6
A0A559M0T8,377,92.3
A0A559M139,253,93.2
A0A559M6N5,369,94.4
A0A559MD85,328,97.4
A0A559MJC6,286,98.3
A0A559MLL3,345,96.2
A0A560ER47,311,93.7
A0A560FH35,296,96.5
A0A560FJT8,332,95.4
A0A560GA21,332,96.1
A0A560H357,336,94.1
A0A560H4D2,283,95.8
A0A560HKW1,332,96.1
A0A560IMW6,296,96.6
A0A560JF27,296,96.8
A0A560KAP8,332,95.2
A0A561EJB2,269,98.5
A0A561F1Q0,216,97.1
A0A561PQH3,556,92.0
A0A561T0L1,283,95.2
A0A561TJV0,285,97.0
A0A561W9I1,271,98.5
A0A562MFH3,298,81.9
A0A562PHQ5,266,97.6
A0A562SAP7,225,95.5
A0A562SSC4,394,91.4
A0A562UDK5,283,95.5
A0A5A7P8F5,335,92.5
A0A5A7P8R8,336,90.7
A0A5A7PUF0,248,82.6
A0A5A7QKU5,331,89.8
A0A5A7QMF6,325,95.7
A0A5A7R9H3,337,91.4
A0A5A7UM24,308,96.4
A0A5A7UM88,321,96.4
A0A5A7UPD3,295,85.2
A0A5A7UTU0,309,96.4
A0A5A9MZU3,434,97.5
A0A5A9P2M9,434,93.4
A0A5A9PN82,369,97.0
A0A5A9PP33,438,97.1
A0A5A9ZWY7,285,97.5
A0A5B0M872,279,97.4
A0A5B0M9P8,301,96.7
A0A5B0MBJ1,220,91.8
A0A5B0MBR9,183,55.5
A0A5B0MIJ7,209,93.6
A0A5B0MLF7,325,86.3
A0A5B0MSQ2,210,93.3
A0A5B0PAK7,220,92.1
A0A5B0PDE5,279,97.1
A0A5B0PE42,297,90.4
A0A5B0PF51,236,85.3
A0A5B0PKD0,301,96.9
A0A5B0PPH6,92,85.3
A0A5B0PS76,138,90.6
A0A5B0S431,290,92.0
A0A5B0S678,162,89.3
A0A5B0S6G6,146,92.6
A0A5B0S8B8,132,72.3
A0A5B2UX14,312,91.0
A0A5B2XQW2,273,98.2
A0A5B6W9C1,211,59.8
A0A5B6YVS2,343,92.3
A0A5B6ZD77,323,96.2
A0A5B6ZFX0,240,84.3
A0A5B7BMB1,329,96.7
A0A5B7BMB9,327,96.3
A0A5B7BMP7,330,95.1
A0A5B7BQI1,337,94.8
A0A5B7BSN1,167,95.7
A0A5B7SQ06,266,96.7
A0A5B8IB42,271,97.4
A0A5B8JHY3,283,96.4
A0A5B8MIF6,634,71.8
A0A5B8RRI8,322,90.7
A0A5B8VE83,296,95.4
A0A5C1YKK7,283,96.9
A0A5C2RQU6,333,97.8
A0A5C2SIQ9,301,94.5
A0A5C2SMD7,363,96.6
A0A5C3DW46,297,96.9
A0A5C3DWM4,297,96.6
A0A5C3ELN8,301,96.9
A0A5C3EN14,288,95.9
A0A5C3EP17,301,97.1
A0A5C3EPK4,288,95.9
A0A5C3F7W9,288,57.9
A0A5C3FFP2,285,97.7
A0A5C3FGF9,297,96.2
A0A5C3FY00,301,97.1
A0A5C3KD81,314,93.4
A0A5C3KGP3,306,96.3
A0A5C3KIC4,287,95.4
A0A5C3KIK8,202,67.7
A0A5C3KLA3,301,94.0
A0A5C3KLG3,323,95.3
A0A5C3KN46,301,97.2
A0A5C3KS79,299,95.7
A0A5C3KTU1,314,95.7
A0A5C3KUH1,342,95.4
A0A5C3KV20,301,97.8
A0A5C3KVE7,314,96.7
A0A5C3KWD5,116,96.4
A0A5C3L0P8,323,98.2
A0A5C3LL13,96,85.1
A0A5C3LM98,303,93.8
A0A5C3LN96,281,92.5
A0A5C3LRK6,313,97.3
A0A5C3M099,339,94.0
A0A5C3M124,355,96.9
A0A5C3N8U3,330,97.3
A0A5C3N9J8,330,98.5
A0A5C3NR12,325,97.7
A0A5C3PQI8,360,96.9
A0A5C3PS01,333,97.3
A0A5C3Q243,319,97.8
A0A5C3Q2X4,320,97.6
A0A5C3Q880,325,98.1
A0A5C3QBW9,312,94.5
A0A5C3QDH9,318,94.7
A0A5C3QLZ5,350,95.6
A0A5C3QNS5,320,98.1
A0A5C3QRI1,343,96.1
A0A5C3QS67,331,97.3
A0A5C3QWW3,347,93.4
A0A5C3R0A6,331,96.0
A0A5C3R0R5,326,90.7
A0A5C4MAR0,305,93.6
A0A5C4MGQ2,92,71.3
A0A5C6EDJ0,311,90.1
A0A5C6G6T5,352,96.5
A0A5C6G8X6,339,79.2
A0A5C6GLB4,230,84.8
A0A5C6J5X7,285,96.8
A0A5C6MG15,416,88.8
A0A5C6N9R8,354,97.9
A0A5C6P4C9,429,97.2
A0A5C6PC95,435,97.9
A0A5C6PPK4,432,96.0
A0A5C6SCU9,219,88.0
A0A5C6SD42,319,96.9
A0A5C6SHS5,376,87.2
A0A5C6SIN3,372,92.2
A0A5C6SKB8,246,86.3
A0A5C6SLG5,254,83.7
A0A5C6SLM6,436,87.1
A0A5C6SV97,299,80.2
A0A5C6SY53,304,98.1
A0A5C6T6N6,356,97.8
A0A5C6TAC8,270,75.3
A0A5C6TB17,372,96.7
A0A5C6TE34,367,97.5
A0A5C6TF30,397,82.0
A0A5C6TH88,124,85.7
A0A5C6TKP7,354,97.4
A0A5C7GS05,330,97.2
A0A5C8LQN2,278,94.0
A0A5D2A6I2,326,95.9
A0A5D2BAD1,336,96.9
A0A5D2C767,339,96.7
A0A5D2C8N1,357,91.2
A0A5D2C929,350,91.4
A0A5D2CAK1,311,85.8
A0A5D2CCP7,295,81.4
A0A5D2CDW6,333,94.7
A0A5D2DKS4,328,97.0
A0A5D2E4Z0,326,96.6
A0A5D2F8S6,297,97.1
A0A5D2G6E6,326,97.0
A0A5D2G6V9,327,97.3
A0A5D2G8C9,351,91.0
A0A5D2GA62,333,95.0
A0A5D2H9S9,328,96.7
A0A5D2I4C3,80,84.1
A0A5D2I4R7,189,80.7
A0A5D2JG00,303,97.0
A0A5D2KJP6,332,96.9
A0A5D2KKA0,293,86.7
A0A5D2KMK8,147,82.6
A0A5D2KMW1,297,81.8
A0A5D2KN98,333,95.2
A0A5D2M2M4,310,83.4
A0A5D2MRV4,326,96.8
A0A5D2P014,330,96.5
A0A5D2Q415,333,69.7
A0A5D2Q517,327,97.4
A0A5D2Q7P1,333,95.1
A0A5D2QA30,336,92.1
A0A5D2RA93,328,96.8
A0A5D2SC93,326,95.7
A0A5D2TJG1,325,96.3
A0A5D2UJV9,333,97.0
A0A5D2ULC9,357,90.3
A0A5D2ULX1,320,96.7
A0A5D2UQB3,333,94.9
A0A5D2UR16,350,91.4
A0A5D2VZY8,328,97.3
A0A5D2WPH5,326,96.7
A0A5D2YVG9,327,97.3
A0A5D2YXF4,326,97.0
A0A5D2YY36,351,91.0
A0A5D2Z383,257,85.0
A0A5D3A2L0,328,97.0
A0A5D3DS75,328,96.6
A0A5D3KSY0,309,92.2
A0A5D4IM22,285,95.9
A0A5E4BG48,355,87.7
A0A5E4BK92,222,90.0
A0A5E4CBZ0,90,94.3
A0A5E4EEC0,297,92.9
A0A5E4F653,322,97.1
A0A5E4F657,78,88.7
A0A5E4F6A6,322,97.4
A0A5E4F6N9,151,53.9
A0A5E4F824,324,97.4
A0A5E4F952,294,84.1
A0A5E4FD61,317,97.0
A0A5E4FVM4,188,46.3
A0A5E6SG98,281,96.8
A0A5E6VH38,302,94.5
A0A5E6WQ95,281,96.7
A0A5E7E8L9,296,95.0
A0A5E7F2P2,302,98.0
A0A5E7JZL5,302,98.1
A0A5E7KRB9,302,96.2
A0A5E7NFN8,281,97.0
A0A5E7U2C5,281,96.9
A0A5E9PE47,312,97.1
A0A5F4WA25,286,97.4
A0A5F5PY69,131,77.4
A0A5F7ZK38,426,97.8
A0A5F8A188,353,97.5
A0A5G2QS24,401,84.1
A0A5J4L7U6,269,98.4
A0A5J4NCT4,456,95.6
A0A5J4NDB9,446,96.8
A0A5J4NDK4,445,97.1
A0A5J4ZC26,331,96.1
A0A5J5A1E3,102,84.5
A0A5J5BCR2,328,93.4
A0A5J5BF95,302,78.5
A0A5J5BFK8,322,95.8
A0A5J5CL51,438,97.0
A0A5J5CZZ3,433,92.4
A0A5J5D5U9,432,97.7
A0A5J5DL98,409,90.7
A0A5J5DNR4,439,97.6
A0A5J5EE95,333,93.3
A0A5J5EI82,389,96.9
A0A5J5EMH3,359,96.2
A0A5J5EP22,254,89.0
A0A5J5ETR7,283,97.6
A0A5J5F1B1,302,90.0
A0A5J5F4B1,316,98.4
A0A5J5F4T2,319,96.6
A0A5J5F932,317,97.0
A0A5J5KV17,312,95.8
A0A5J5NCV8,275,86.7
A0A5J5NXK0,326,95.3
A0A5J5R3V5,339,96.7
A0A5J5R4H1,344,91.8
A0A5J5R643,352,91.6
A0A5J5R8V0,347,90.6
A0A5J5R929,333,95.5
A0A5J5SM20,328,97.0
A0A5J5VEA7,327,97.3
A0A5J5VGF5,351,91.0
A0A5J5WIE0,328,96.9
A0A5J6E2H7,435,97.8
A0A5J6FJ84,284,96.9
A0A5J6GQB1,286,96.7
A0A5J6HIE5,286,97.3
A0A5J6HY91,258,96.9
A0A5J6I9P2,285,96.4
A0A5J6IDK9,270,98.4
A0A5J6J652,269,98.4
A0A5J6JA20,285,95.9
A0A5J9TTP7,109,81.4
A0A5J9TTW4,292,93.7
A0A5J9TTZ2,259,89.4
A0A5J9TU01,66,53.4
A0A5J9TU90,298,97.0
A0A5J9TUB7,309,91.6
A0A5J9TUK3,170,87.6
A0A5J9TVE7,277,94.6
A0A5J9TVV0,166,81.6
A0A5J9TXU4,82,63.0
A0A5J9TZ11,238,59.7
A0A5J9UPM8,335,94.5
A0A5J9VEU1,299,94.8
A0A5J9VG85,344,75.8
A0A5J9VH37,285,87.7
A0A5J9W335,380,51.8
A0A5J9W460,327,85.3
A0A5J9W717,341,64.1
A0A5M3M638,404,94.3
A0A5M3YLB8,356,97.5
A0A5M3Z2G6,326,95.9
A0A5M3ZF19,420,90.0
A0A5M3ZH06,351,97.0
A0A5M8PS01,266,96.7
A0A5M8PVF2,370,95.2
A0A5M8PXI5,336,96.3
A0A5M8Q395,284,81.5
A0A5M9J5P0,354,96.8
A0A5M9J7X0,363,95.0
A0A5M9J8H7,347,96.2
A0A5M9JH55,345,96.4
A0A5M9JV16,351,97.9
A0A5M9K0A1,366,95.2
A0A5M9K4U7,359,96.2
A0A5M9M842,273,95.1
A0A5M9MU51,324,90.4
A0A5M9N1D0,271,91.9
A0A5N3V4M8,431,96.0
A0A5N3W4G6,391,76.8
A0A5N3WT61,353,97.7
A0A5N3X401,353,97.6
A0A5N3XI31,432,94.1
A0A5N3XUF1,378,79.9
A0A5N4D8R0,431,95.8
A0A5N4DNN7,386,88.2
A0A5N4EAV3,164,41.6
A0A5N5CUS6,172,80.6
A0A5N5CVV6,245,93.8
A0A5N5CW49,446,91.9
A0A5N5CWK8,371,97.4
A0A5N5D0M9,396,89.9
A0A5N5D0P1,330,86.8
A0A5N5D122,296,96.7
A0A5N5D1B5,202,87.8
A0A5N5DDH4,186,71.5
A0A5N5DDM5,332,97.3
A0A5N5DEX7,165,87.4
A0A5N5DHS7,444,90.9
A0A5N5DKU3,382,95.7
A0A5N5DLD5,304,88.5
A0A5N5DM31,323,86.6
A0A5N5DP00,360,97.8
A0A5N5DQ58,305,98.2
A0A5N5DSX3,350,96.0
A0A5N5DZ95,365,96.8
A0A5N5EJE0,285,96.2
A0A5N5EQQ1,269,98.4
A0A5N5FDI3,331,95.3
A0A5N5FDY1,292,84.5
A0A5N5FSB9,322,97.1
A0A5N5IB49,324,97.1
A0A5N5IC87,324,96.9
A0A5N5ICV1,322,96.7
A0A5N5IE94,322,96.8
A0A5N5IZL2,311,96.6
A0A5N5JK78,434,97.6
A0A5N5JTD4,321,97.2
A0A5N5JVN5,318,97.2
A0A5N5KU71,337,96.9
A0A5N5KVT2,319,97.2
A0A5N5LLM3,399,91.5
A0A5N5M706,434,97.7
A0A5N5N1V0,335,91.0
A0A5N5Q961,317,98.0
A0A5N5QA62,314,76.8
A0A5N5QBY0,326,95.9
A0A5N5QCV3,317,97.7
A0A5N5QCX3,341,94.4
A0A5N5QD75,316,95.5
A0A5N5QEZ6,316,97.7
A0A5N5QF46,296,95.6
A0A5N5QF97,317,98.1
A0A5N5QFD1,324,97.6
A0A5N5QIM4,317,98.0
A0A5N5QMV8,327,97.9
A0A5N5QMX1,327,97.5
A0A5N5QN45,307,88.1
A0A5N5QN80,317,97.9
A0A5N5QNH3,212,95.9
A0A5N5QPL6,291,86.0
A0A5N5QPM2,331,93.4
A0A5N5QPP6,342,96.5
A0A5N5QSX1,330,97.5
A0A5N5WHZ0,361,97.6
A0A5N5WPG7,366,98.0
A0A5N5WYK3,212,96.4
A0A5N5X5R8,322,97.6
A0A5N5X5W7,246,58.7
A0A5N5X5Y0,363,97.3
A0A5N5XA86,661,87.2
A0A5N6BWN4,243,98.5
A0A5N6D168,312,93.1
A0A5N6D825,369,97.6
A0A5N6D8B2,367,97.6
A0A5N6DC68,235,81.7
A0A5N6DCN8,227,89.4
A0A5N6DQ39,289,96.7
A0A5N6DTG7,320,76.5
A0A5N6DUW5,326,98.0
A0A5N6E1Y6,361,96.4
A0A5N6E6B8,404,87.6
A0A5N6EDE4,367,97.3
A0A5N6EJD5,326,97.9
A0A5N6EL34,404,87.0
A0A5N6EM42,260,84.6
A0A5N6EP04,369,97.4
A0A5N6F3V1,592,88.2
A0A5N6F4J1,361,97.3
A0A5N6F508,323,98.1
A0A5N6FAW7,409,88.0
A0A5N6FCL6,289,97.0
A0A5N6FIA9,322,96.4
A0A5N6GME1,404,88.2
A0A5N6GZN3,326,98.1
A0A5N6H4T8,481,72.9
A0A5N6H6S4,597,88.3
A0A5N6H8Z8,235,84.4
A0A5N6HBU3,332,97.9
A0A5N6HEF6,289,97.3
A0A5N6HEJ2,267,95.0
A0A5N6HPI1,369,97.5
A0A5N6I6U2,323,97.9
A0A5N6IRB6,409,90.4
A0A5N6ISA7,209,90.6
A0A5N6IZN7,369,97.6
A0A5N6J598,326,98.1
A0A5N6J900,194,75.0
A0A5N6JA45,404,87.4
A0A5N6JAD3,367,97.4
A0A5N6JB52,208,87.8
A0A5N6JER4,289,98.0
A0A5N6JFE5,299,92.1
A0A5N6JKR3,361,97.3
A0A5N6JNB3,348,97.6
A0A5N6JRM5,355,96.1
A0A5N6JRN2,365,95.7
A0A5N6JSQ9,345,96.9
A0A5N6JUP9,321,89.4
A0A5N6KBB1,350,98.3
A0A5N6KF72,315,88.1
A0A5N6KW16,230,71.3
A0A5N6LXI7,348,94.7
A0A5N6LXI8,348,95.1
A0A5N6LXJ2,329,95.6
A0A5N6LXJ7,348,94.7
A0A5N6LXU0,290,91.3
A0A5N6LYM1,352,93.9
A0A5N6LYM3,351,94.9
A0A5N6LYM4,350,95.2
A0A5N6LYR8,348,93.7
A0A5N6LZ00,290,91.7
A0A5N6LZG6,348,94.9
A0A5N6M088,331,94.1
A0A5N6NPH8,329,96.4
A0A5N6NWK0,306,97.2
A0A5N6Q8R4,306,97.2
A0A5N6Q8R6,330,97.6
A0A5N6Q8X3,330,97.3
A0A5N6SKU6,369,97.4
A0A5N6SWG5,323,94.4
A0A5N6T1N2,322,97.1
A0A5N6T9V3,299,91.8
A0A5N6TAQ7,361,97.3
A0A5N6TBU7,398,93.7
A0A5N6TLG2,369,97.5
A0A5N6TP01,358,97.8
A0A5N6U0C4,411,93.5
A0A5N6U111,196,56.8
A0A5N6U4R0,367,97.6
A0A5N6U5S2,299,96.0
A0A5N6U7M7,362,95.0
A0A5N6U8N1,400,84.4
A0A5N6UC01,324,56.2
A0A5N6UJ40,369,97.4
A0A5N6UJU5,227,90.0
A0A5N6V0Z8,408,94.7
A0A5N6V107,322,97.7
A0A5N6V2E6,512,73.0
A0A5N6V2I9,272,94.1
A0A5N6V971,361,97.0
A0A5N6VBI8,289,97.8
A0A5N6VBP0,362,97.0
A0A5N6VJ39,404,87.4
A0A5N6VLY9,369,97.6
A0A5N6VM32,361,97.2
A0A5N6W316,87,62.7
A0A5N6W347,558,84.2
A0A5N6W889,289,97.6
A0A5N6W9D6,265,97.9
A0A5N6WAL7,352,95.4
A0A5N6WFB8,326,97.2
A0A5N6WGQ8,409,89.5
A0A5N6WJZ7,369,97.6
A0A5N6WXJ4,235,85.6
A0A5N6X0X6,332,98.0
A0A5N6X503,585,88.0
A0A5N6X6I8,283,95.7
A0A5N6XCN8,326,98.1
A0A5N6XI36,289,97.9
A0A5N6XL35,361,96.2
A0A5N6XL54,404,87.5
A0A5N6XMW8,409,91.8
A0A5N6XVL6,409,92.0
A0A5N6XWQ8,367,97.5
A0A5N6Y2F3,361,97.1
A0A5N6Y9U6,276,81.2
A0A5N6YET4,226,89.7
A0A5N6YG73,326,97.8
A0A5N6YJ96,289,97.7
A0A5N6YM06,369,97.6
A0A5N6YPB6,323,97.8
A0A5N6Z0V1,325,97.5
A0A5N6Z1H2,369,97.1
A0A5N6Z3K2,201,77.1
A0A5N6Z8Z5,328,97.6
A0A5N6ZCZ1,361,97.6
A0A5N6ZG89,609,84.7
A0A5N6ZKF8,322,97.5
A0A5N6ZSA8,361,96.4
A0A5N7ABB3,183,79.1
A0A5N7AF27,369,97.5
A0A5N7AH26,408,92.9
A0A5N7AK09,323,97.9
A0A5N7AN97,332,98.0
A0A5N7AP20,326,96.6
A0A5N7APG9,289,97.3
A0A5N7AYA5,362,97.9
A0A5N7B253,369,97.6
A0A5N7B877,289,97.3
A0A5N7BFL3,361,97.3
A0A5N7BGF8,271,94.8
A0A5N7BKQ7,281,98.4
A0A5N7BUY0,299,95.8
A0A5N7BZL8,326,98.2
A0A5N7C5J3,404,87.2
A0A5N7CCB7,369,97.4
A0A5N7CI82,405,94.2
A0A5N7CK52,362,97.8
A0A5N7CL84,348,81.9
A0A5N7CXX6,580,87.8
A0A5N7D5I8,265,97.9
A0A5N7D658,358,96.7
A0A5N7DF31,302,96.9
A0A5N7DKE9,284,95.9
A0A5N7DM42,252,93.9
A0A5N7DS27,326,96.6
A0A5N8VHQ6,285,96.8
A0A5N8VL35,269,98.5
A0A5N8WIB3,287,97.9
A0A5P0YLD7,269,98.0
A0A5P0YQK5,317,97.8
A0A5P2AKH5,314,92.6
A0A5P2AKS3,269,98.1
A0A5P2AV77,285,97.4
A0A5P2BD66,286,96.6
A0A5P2BZI2,286,96.6
A0A5P2CX41,269,98.0
A0A5P2CX50,285,96.1
A0A5P2CY96,286,96.7
A0A5P2DT21,279,97.6
A0A5P2DVP6,267,97.0
A0A5P2DYF1,285,95.7
A0A5P2UE19,285,96.7
A0A5P2UEV6,277,98.0
A0A5P2X742,269,97.6
A0A5P2XEV6,286,97.0
A0A5P6PFX1,375,84.8
A0A5P8JWI7,269,98.5
A0A5P8K359,285,97.3
A0A5P8W6J8,273,93.8
A0A5P9NE28,137,96.6
A0A5P9NEE1,137,96.6
A0A5Q0GYP1,271,97.8
A0A5Q0LGI3,285,97.0
A0A5Q0LM35,269,98.6
A0A5Q3G1H4,356,97.8
A0A5Q4BA41,229,88.8
A0A5Q4BAP6,369,97.0
A0A5Q4BCK5,454,70.8
A0A5Q4BI07,381,66.6
A0A5Q4BJT9,364,96.0
A0A5Q4BM54,304,95.3
A0A5Q4BMU6,389,87.7
A0A5Q4BQ09,384,97.1
A0A5Q4BQM7,308,88.2
A0A5Q4BTC4,359,87.0
A0A5Q4BWQ0,222,78.1
A0A5Q4BX03,366,91.4
A0A5Q4BXQ3,365,95.9
A0A5Q4BY90,338,98.1
A0A5Q4BZL7,353,95.4
A0A5Q6RZ13,290,97.1
A0A5R9E085,269,97.9
A0A5R9GBP0,132,97.7
A0A5S6PYS3,442,82.1
A0A5S6QIU3,366,91.6
A0A5S6QQ81,303,92.3
A0A5S6QUR5,319,89.4
A0A640S5Q7,269,98.3
A0A640T4R7,269,98.2
A0A640TR07,269,98.0
A0A640V3J7,269,98.2
A0A643BP73,411,93.5
A0A646KIV1,271,97.6
A0A646KQ41,284,95.8
A0A650CA05,327,97.3
A0A652L843,284,95.9
A0A654M0W1,253,97.4
A0A654M5U9,357,95.4
A0A656KGD9,376,93.7
A0A658QV98,227,96.9
A0A658QXI9,227,97.1
A0A662YLB1,368,98.0
A0A663EJS8,366,98.0
A0A663EJT3,143,95.3
A0A663F798,437,97.6
A0A663F8S9,432,95.8
A0A663LK54,366,97.9
A0A663MKP2,432,96.4
A0A663N6M7,438,97.3
A0A665TMI4,349,80.3
A0A665TU57,432,96.2
A0A665TYB5,434,97.5
A0A665TYY4,434,90.7
A0A665TZR0,434,88.1
A0A665TZR3,431,97.6
A0A665U046,431,97.6
A0A665U0D6,434,97.4
A0A665U0T6,433,91.2
A0A665U148,431,97.9
A0A665U9J9,435,97.6
A0A665VJ38,193,63.3
A0A665VJ79,403,93.5
A0A665VJD2,403,87.7
A0A665VJD5,406,92.6
A0A665VJI1,403,91.5
A0A665VJK0,347,66.4
A0A665VJL9,403,94.6
A0A665VKE3,403,92.8
A0A665VKL7,405,93.0
A0A665WH07,354,97.7
A0A665WHE5,360,97.5
A0A665WIL5,430,97.1
A0A665XFK3,369,97.7
A0A667FF98,430,95.7
A0A667G1E1,370,87.2
A0A667H6R7,430,97.9
A0A667HMZ5,131,77.8
A0A667IST4,353,97.6
A0A667WTC3,319,80.2
A0A667WZ85,434,97.4
A0A667WZT2,431,97.8
A0A667X0R0,431,97.7
A0A667X160,431,97.6
A0A667X6Y8,431,97.6
A0A667XA17,352,97.5
A0A667XEU1,430,97.7
A0A667XEU4,431,97.7
A0A667XPW3,369,98.0
A0A667XQH0,436,97.3
A0A667XQP1,440,95.4
A0A667YFA1,438,97.3
A0A668ANS8,435,97.9
A0A668AYE8,432,95.6
A0A668RFZ2,429,96.5
A0A668SIS1,352,98.0
A0A668UD14,435,97.8
A0A668UR65,430,97.3
A0A668UUG0,430,97.4
A0A668W7F3,430,97.7
A0A669AXP1,432,97.9
A0A669B127,352,97.9
A0A669BQW4,432,97.8
A0A669BSR5,369,97.4
A0A669C638,437,97.5
A0A669D1M6,410,90.1
A0A669D4C4,354,97.1
A0A669DJW0,430,97.6
A0A669DP91,437,97.2
A0A669DWZ4,431,97.7
A0A669E765,437,97.1
A0A669EAH2,434,97.8
A0A669FAS7,433,97.7
A0A669PHP5,440,96.8
A0A669Q7H4,430,95.6
A0A669R556,366,98.0
A0A670HUN9,366,98.0
A0A670I545,430,96.9
A0A670KAE6,437,97.4
A0A670XVL6,433,98.2
A0A670XVN6,433,98.3
A0A670XWE0,428,95.7
A0A670XYW8,431,98.1
A0A670Y2S1,429,96.0
A0A670Y3N1,429,95.9
A0A670Y5K8,430,96.8
A0A670Y9S8,157,69.6
A0A670ZVN6,437,97.4
A0A670ZW10,437,97.2
A0A670ZW57,367,96.4
A0A670ZW77,437,97.4
A0A670ZW96,439,97.1
A0A670ZW98,431,96.7
A0A671E1F7,433,94.5
A0A671EY51,358,96.7
A0A671F726,149,95.0
A0A671FHE9,435,98.2
A0A671MMQ9,434,97.7
A0A671MN49,437,97.0
A0A671NK22,324,78.6
A0A671NNC1,289,69.5
A0A671PP77,434,93.2
A0A671PXY9,131,93.0
A0A671RCF0,370,96.9
A0A671T7B1,429,95.3
A0A671T8R3,362,70.6
A0A671T9Q6,429,94.9
A0A671TND9,433,95.7
A0A671TPX1,433,95.8
A0A671VD38,435,97.6
A0A671VQB1,427,96.9
A0A671VV29,434,97.3
A0A671WVF1,435,97.2
A0A671Y496,354,97.7
A0A671Y4D2,430,97.5
A0A671Y698,369,97.7
A0A671Y6A2,368,97.5
A0A671YA04,430,97.7
A0A672FSM1,352,98.0
A0A672GTU3,438,97.1
A0A672GYZ6,420,97.3
A0A672H0N2,365,87.7
A0A672H757,431,98.1
A0A672H7A4,431,97.8
A0A672H8F4,432,98.0
A0A672H8F8,431,97.8
A0A672H8N6,434,97.5
A0A672H8P5,422,97.4
A0A672H926,429,97.9
A0A672H9G5,432,97.7
A0A672I3L1,435,97.7
A0A672JTY7,429,96.6
A0A672KG43,344,82.6
A0A672KJU6,438,97.0
A0A672KL58,328,82.5
A0A672KQ55,338,97.2
A0A672L388,439,95.6
A0A672MGC5,412,90.1
A0A672MKZ9,286,68.6
A0A672ML46,412,91.9
A0A672PGR2,433,97.7
A0A672QGW3,289,69.9
A0A672QH36,407,94.1
A0A672QH91,410,94.0
A0A672RWJ5,370,97.5
A0A672TZ59,147,95.0
A0A672U0X5,366,98.1
A0A672UD84,378,87.4
A0A672V193,438,97.6
A0A673AEK6,406,93.3
A0A673AFK8,407,93.4
A0A673AFN2,410,89.6
A0A673AHE4,390,90.3
A0A673AIA6,375,94.2
A0A673AIS6,354,97.8
A0A673ARL6,424,92.0
A0A673AS38,421,92.0
A0A673AV93,431,97.4
A0A673AVA6,412,94.4
A0A673AVA7,431,97.8
A0A673AW28,426,91.7
A0A673AYN8,429,97.7
A0A673AZ69,431,97.9
A0A673BSE7,435,98.2
A0A673C1G4,433,95.6
A0A673CR05,437,97.3
A0A673G286,425,94.3
A0A673G725,423,94.4
A0A673GWW9,287,83.5
A0A673H014,416,95.0
A0A673H1I6,416,95.6
A0A673H1L4,359,81.1
A0A673H759,326,69.2
A0A673H7P2,328,72.7
A0A673H7R0,357,68.2
A0A673H9M5,347,70.3
A0A673HA12,297,72.5
A0A673HA18,297,68.8
A0A673HA44,398,66.2
A0A673HAE8,331,75.5
A0A673HAM1,318,72.3
A0A673HAU8,345,69.8
A0A673HRB3,434,97.7
A0A673IAG4,432,85.1
A0A673J673,440,95.9
A0A673TDB7,432,95.3
A0A673TDE8,372,75.4
A0A673TE51,430,97.8
A0A673TT30,139,73.0
A0A673U120,354,97.8
A0A673W5Q9,436,93.6
A0A673W637,435,95.4
A0A673WEQ2,433,94.1
A0A673WFV0,433,94.9
A0A673Y7A8,435,98.0
A0A673Y7I0,435,97.9
A0A673ZF61,434,97.9
A0A673ZY77,124,75.8
A0A673ZZ45,354,97.3
A0A674A0U1,435,97.3
A0A674A171,437,97.3
A0A674B4C9,437,97.5
A0A674CR84,434,97.7
A0A674F411,431,94.9
A0A674F415,433,95.5
A0A674F478,433,95.8
A0A674F483,433,95.6
A0A674F4R0,437,97.2
A0A674F4Y2,431,95.9
A0A674F5V9,431,94.7
A0A674F5W4,433,95.0
A0A674F5W9,433,94.5
A0A674JM30,437,97.1
A0A674JPX4,364,98.0
A0A674KBX0,432,96.6
A0A674KBX7,432,96.5
A0A679DYJ4,373,93.0
A0A679EKB9,360,96.8
A0A679EKI1,360,96.9
A0A679EKP8,369,94.7
A0A679FRT0,369,94.3
A0A698XLH0,328,97.2
A0A699JX78,320,63.3
A0A699KQM0,297,81.0
A0A699R126,279,70.8
A0A699T0A5,141,92.5
A0A699XT06,38,87.4
A0A6A1Q2N6,416,97.1
A0A6A1Q5S2,299,66.7
A0A6A1UJ49,330,97.2
A0A6A2YCC7,329,97.0
A0A6A2Z3X8,332,95.9
A0A6A2ZDM7,324,96.8
A0A6A2ZER6,260,87.2
A0A6A3BK31,267,63.8
A0A6A3BP73,300,88.2
A0A6A3BPR8,210,73.3
A0A6A3C8W3,330,96.2
A0A6A3CHA3,335,96.5
A0A6A3CU56,327,95.8
A0A6A3DEX7,561,76.6
A0A6A3DNP7,328,97.0
A0A6A3E7X6,124,91.2
A0A6A3E910,318,97.3
A0A6A3EYQ9,317,92.7
A0A6A3F4L5,322,97.2
A0A6A3FBU7,335,95.1
A0A6A3GQY2,314,95.5
A0A6A3GT16,314,96.7
A0A6A3H6F4,325,96.2
A0A6A3H818,303,96.9
A0A6A3HD34,416,72.8
A0A6A3HLB0,519,73.9
A0A6A3I422,369,93.5
A0A6A3I5Y6,326,95.4
A0A6A3ID73,391,91.7
A0A6A3IIH7,328,97.2
A0A6A3INY4,328,96.6
A0A6A3IQC5,392,91.6
A0A6A3IZK2,529,76.6
A0A6A3JGX5,173,68.6
A0A6A3KIT5,234,67.0
A0A6A3KYJ9,322,96.9
A0A6A3L3S8,331,95.9
A0A6A3MUA3,366,91.5
A0A6A3N2Q4,322,97.0
A0A6A3NDJ9,327,96.2
A0A6A3P3Z3,349,94.4
A0A6A3PYA1,303,96.7
A0A6A3PYG5,372,77.7
A0A6A3Q4B5,484,74.7
A0A6A3QF27,331,97.7
A0A6A3QMK9,92,73.1
A0A6A3SNW2,369,93.2
A0A6A3T4C2,328,97.5
A0A6A3VJQ3,273,93.5
A0A6A3VR11,109,75.3
A0A6A3VUU9,435,84.6
A0A6A3VZF6,393,92.5
A0A6A3WT82,328,97.2
A0A6A3XBP4,318,96.9
A0A6A3XGY8,365,92.8
A0A6A3YWY1,148,76.6
A0A6A4B3R7,314,96.1
A0A6A4BF22,535,68.5
A0A6A4CBV5,318,96.4
A0A6A4CRB3,328,97.2
A0A6A4D4C1,331,97.3
A0A6A4DXE4,147,72.2
A0A6A4E140,327,96.0
A0A6A4EYK2,350,94.6
A0A6A4FCV0,322,97.1
A0A6A4G489,335,94.5
A0A6A4HHG2,177,84.9
A0A6A4HP64,357,93.6
A0A6A4KYL1,270,86.4
A0A6A4LX91,323,96.5
A0A6A4NQJ9,239,88.3
A0A6A4NRZ3,320,97.5
A0A6A4RSM0,434,97.4
A0A6A4S5F3,432,96.0
A0A6A4SE70,440,94.7
A0A6A4SGB1,369,97.7
A0A6A4XPI4,231,96.4
A0A6A4Y4T5,87,94.0
A0A6A4Y5Z8,82,76.0
A0A6A4YZ40,153,95.4
A0A6A4Z1Y6,345,90.5
A0A6A4Z3H6,105,78.9
A0A6A4Z4G4,385,92.3
A0A6A4Z4Y2,320,96.5
A0A6A4Z8A7,430,92.7
A0A6A4ZAE7,218,97.3
A0A6A4ZAV0,87,94.1
A0A6A4ZBB5,105,96.2
A0A6A4ZD22,135,56.7
A0A6A4ZE09,102,93.2
A0A6A4ZE36,367,91.8
A0A6A4ZEX0,355,94.9
A0A6A4ZGA7,286,95.5
A0A6A4ZHH7,101,93.0
A0A6A4ZMK0,242,95.1
A0A6A4ZUI8,108,96.1
A0A6A4ZVI5,352,97.1
A0A6A4ZWX8,317,92.9
A0A6A4ZX03,218,97.3
A0A6A5A976,351,95.2
A0A6A5ADG0,357,95.2
A0A6A5AI68,259,91.3
A0A6A5ALI7,362,92.8
A0A6A5AMC3,344,96.1
A0A6A5AWY2,151,94.9
A0A6A5AX33,202,95.5
A0A6A5ES45,432,97.4
A0A6A5EXM7,435,98.0
A0A6A5EY24,437,97.1
A0A6A5F1T6,429,95.8
A0A6A5FMJ6,430,97.9
A0A6A5GSC2,344,92.0
A0A6A5GZC1,356,94.3
A0A6A5H5S5,357,92.8
A0A6A5HLE3,299,93.6
A0A6A5HNH2,347,92.8
A0A6A5HU37,348,85.0
A0A6A5K094,368,96.6
A0A6A5K0W2,332,96.8
A0A6A5K5U6,319,94.2
A0A6A5K856,339,96.2
A0A6A5KEV9,309,98.2
A0A6A5KGL5,368,98.2
A0A6A5KLE5,297,96.9
A0A6A5KNT6,365,97.5
A0A6A5KTX3,393,93.3
A0A6A5KWS5,379,97.2
A0A6A5NZT8,323,96.6
A0A6A5Q6R0,358,90.9
A0A6A5Q7R1,269,98.1
A0A6A5QEX2,344,89.3
A0A6A5QMV1,378,92.3
A0A6A5QPJ9,356,97.1
A0A6A5QQA4,315,92.8
A0A6A5R0I7,402,93.1
A0A6A5R407,184,43.7
A0A6A5R6A8,291,98.2
A0A6A5R8S8,396,90.7
A0A6A5RAM1,320,93.1
A0A6A5RB29,360,88.8
A0A6A5RD21,359,96.5
A0A6A5RGT9,321,93.2
A0A6A5RHT0,270,98.5
A0A6A5RPF7,371,97.1
A0A6A5RSY7,346,97.4
A0A6A5RYQ0,383,94.8
A0A6A5RZS6,278,71.4
A0A6A5S296,353,97.1
A0A6A5S612,243,83.3
A0A6A5S8W2,380,96.9
A0A6A5S9R3,344,97.5
A0A6A5SAC8,292,97.7
A0A6A5SBT6,347,97.4
A0A6A5SIC2,317,94.5
A0A6A5SMN4,382,97.5
A0A6A5SRS0,365,97.6
A0A6A5SRV8,323,93.5
A0A6A5SUG0,319,93.2
A0A6A5T3M9,397,92.7
A0A6A5T3N3,368,97.7
A0A6A5T591,263,91.9
A0A6A5TDN7,361,97.2
A0A6A5TIJ7,338,96.1
A0A6A5TJH6,363,98.0
A0A6A5TKT5,378,95.0
A0A6A5TLC8,291,98.4
A0A6A5TLY8,266,96.0
A0A6A5TM62,316,91.5
A0A6A5TTZ9,329,95.1
A0A6A5TY20,297,96.9
A0A6A5U0D1,306,93.8
A0A6A5U3L8,348,95.9
A0A6A5U3X8,361,94.9
A0A6A5U9F7,330,97.8
A0A6A5UAI5,304,94.1
A0A6A5UEY6,304,97.9
A0A6A5UG02,321,97.8
A0A6A5UJR7,360,97.8
A0A6A5UMK8,86,92.0
A0A6A5UNM1,363,94.9
A0A6A5UP97,353,98.2
A0A6A5UQF6,374,94.7
A0A6A5UW98,360,98.0
A0A6A5UX01,232,81.9
A0A6A5UY04,271,98.5
A0A6A5V4I2,52,78.3
A0A6A5V9S9,356,94.6
A0A6A5VBL3,370,94.9
A0A6A5VEE5,382,97.2
A0A6A5VHZ2,153,88.7
A0A6A5VIY0,298,96.7
A0A6A5VK30,339,94.2
A0A6A5VP72,285,65.2
A0A6A5VR23,341,93.7
A0A6A5VTJ4,285,94.6
A0A6A5VUN3,111,86.9
A0A6A5VXR6,412,88.4
A0A6A5VYQ3,350,97.5
A0A6A5W0S4,268,98.6
A0A6A5W1H6,573,88.7
A0A6A5W2X8,355,93.4
A0A6A5WAJ2,347,91.5
A0A6A5WB06,343,97.1
A0A6A5WCT1,365,96.8
A0A6A5WD58,312,97.8
A0A6A5WGP5,339,93.5
A0A6A5WHX4,360,88.1
A0A6A5WJZ6,362,95.5
A0A6A5WM82,362,98.1
A0A6A5WN34,344,97.5
A0A6A5WSA6,313,96.6
A0A6A5WT48,222,94.8
A0A6A5WWQ4,362,98.4
A0A6A5WZ58,354,94.1
A0A6A5WZS6,371,97.4
A0A6A5X2N3,307,83.6
A0A6A5X6Q7,390,91.9
A0A6A5X7U0,296,98.1
A0A6A5XCY2,363,98.3
A0A6A5XFW1,389,93.5
A0A6A5XGX1,344,95.1
A0A6A5XIH6,312,95.9
A0A6A5XM88,354,90.4
A0A6A5XQP9,344,98.4
A0A6A5XX45,356,97.9
A0A6A5XXR1,363,97.5
A0A6A5XYI7,362,98.0
A0A6A5Y2W9,350,82.5
A0A6A5Y322,340,97.0
A0A6A5Y4J9,351,98.0
A0A6A5Y6Y8,298,90.5
A0A6A5Y9G4,375,97.2
A0A6A5YDP4,340,96.2
A0A6A5YFE8,77,96.2
A0A6A5YFF5,269,98.7
A0A6A5YHD3,350,95.8
A0A6A5YJL3,296,91.6
A0A6A5YP59,229,93.5
A0A6A5YQ89,371,97.3
A0A6A5YQI4,347,83.6
A0A6A5YUY1,368,97.7
A0A6A5YY18,362,97.1
A0A6A5YZS0,344,97.8
A0A6A5Z3S0,343,94.7
A0A6A5Z7L4,344,97.3
A0A6A5Z917,317,98.1
A0A6A5ZAH0,343,97.0
A0A6A5ZBE1,404,77.6
A0A6A5ZCU3,291,98.0
A0A6A5ZPV6,288,95.6
A0A6A5ZWD5,355,94.7
A0A6A6A168,372,96.6
A0A6A6A423,339,96.4
A0A6A6A665,291,98.2
A0A6A6A6Q1,269,97.9
A0A6A6ACS6,319,92.9
A0A6A6AE22,385,94.2
A0A6A6AEL2,350,97.0
A0A6A6AG30,371,97.9
A0A6A6AI16,361,98.2
A0A6A6AJ64,363,98.3
A0A6A6AM28,345,96.3
A0A6A6AS90,372,95.8
A0A6A6AXD8,335,94.9
A0A6A6B4Z2,361,98.0
A0A6A6B666,378,96.4
A0A6A6BKX9,270,98.0
A0A6A6BQV3,387,97.0
A0A6A6BTK6,351,91.7
A0A6A6BWL9,306,98.0
A0A6A6C255,370,97.6
A0A6A6C2M9,279,96.4
A0A6A6C4J6,351,97.0
A0A6A6C8Z3,268,73.2
A0A6A6CA62,362,98.0
A0A6A6CAJ8,280,95.9
A0A6A6CBF1,271,97.8
A0A6A6CD45,444,89.0
A0A6A6CER1,331,96.3
A0A6A6CLW1,374,97.1
A0A6A6CM00,295,96.3
A0A6A6CMY4,278,96.7
A0A6A6CQV7,268,96.9
A0A6A6CTG2,369,95.2
A0A6A6D3V8,349,95.6
A0A6A6D6R6,314,94.4
A0A6A6DEK0,345,95.6
A0A6A6DLH7,345,96.7
A0A6A6DM46,296,97.6
A0A6A6DR93,332,96.9
A0A6A6DV68,353,93.3
A0A6A6DWA3,119,58.3
A0A6A6E0T2,318,98.3
A0A6A6E2R4,368,92.9
A0A6A6E3M2,236,85.5
A0A6A6E5D0,341,96.8
A0A6A6E6S2,361,97.8
A0A6A6EBE5,274,93.5
A0A6A6EEF7,364,96.7
A0A6A6EQ99,332,97.7
A0A6A6EQB3,294,97.9
A0A6A6EVU5,365,93.3
A0A6A6EYQ9,350,55.5
A0A6A6F5L3,326,98.0
A0A6A6F6K8,339,95.3
A0A6A6F7N9,313,96.2
A0A6A6FAF8,308,98.3
A0A6A6FAF9,382,97.0
A0A6A6FCC6,260,85.7
A0A6A6FIZ2,326,95.8
A0A6A6FJM6,323,78.0
A0A6A6FLC5,373,94.0
A0A6A6FQE2,350,96.0
A0A6A6FY46,264,97.7
A0A6A6G5D8,360,97.6
A0A6A6GBI3,275,98.1
A0A6A6GKR1,363,95.9
A0A6A6GQR0,365,92.8
A0A6A6GR42,363,98.1
A0A6A6GXG8,367,96.2
A0A6A6H4U9,264,97.5
A0A6A6H9P3,382,95.9
A0A6A6HBJ0,494,79.2
A0A6A6HHK4,262,97.0
A0A6A6HPD6,375,97.3
A0A6A6I429,342,97.0
A0A6A6I9W4,351,97.6
A0A6A6IAG2,363,98.3
A0A6A6IAN5,361,97.2
A0A6A6IDK5,344,97.5
A0A6A6IDS4,335,89.6
A0A6A6IGR9,340,85.2
A0A6A6IHC2,293,97.9
A0A6A6IP09,356,97.8
A0A6A6IQS2,354,95.4
A0A6A6IQV5,297,94.7
A0A6A6IR15,344,96.3
A0A6A6IW08,375,97.4
A0A6A6IXE0,333,97.7
A0A6A6J6X7,226,98.6
A0A6A6J781,365,95.6
A0A6A6JAY1,264,97.4
A0A6A6JCN2,361,98.1
A0A6A6JJV2,409,88.1
A0A6A6JKI9,351,97.7
A0A6A6JMV6,362,97.2
A0A6A6JN94,354,90.9
A0A6A6JNJ7,344,98.0
A0A6A6JPR8,270,98.7
A0A6A6JQ96,365,97.1
A0A6A6JR23,351,95.4
A0A6A6JT26,286,95.7
A0A6A6JZL4,363,96.9
A0A6A6LPJ9,331,97.2
A0A6A6LPK9,212,82.9
A0A6A6LSB5,216,75.8
A0A6A6LTM2,242,81.1
A0A6A6LUP7,338,97.0
A0A6A6LVJ3,203,72.9
A0A6A6NKK1,330,96.3
A0A6A6NPE1,351,95.0
A0A6A6NZ05,361,93.2
A0A6A6P305,362,97.1
A0A6A6P320,330,98.2
A0A6A6P8E7,342,95.2
A0A6A6PDQ3,338,95.9
A0A6A6PJ23,376,95.3
A0A6A6PR78,330,95.1
A0A6A6PYD6,372,96.4
A0A6A6Q3X4,364,96.5
A0A6A6QI61,325,97.7
A0A6A6QIV8,326,96.6
A0A6A6QJA3,369,95.0
A0A6A6QKJ9,318,98.5
A0A6A6QQ52,360,97.8
A0A6A6QUQ7,374,91.5
A0A6A6QVZ8,181,80.5
A0A6A6R1S1,348,94.9
A0A6A6RBG0,392,91.7
A0A6A6RBJ0,371,95.8
A0A6A6RFR4,267,97.3
A0A6A6RIC1,311,94.2
A0A6A6RIQ2,327,97.1
A0A6A6RLB0,257,96.7
A0A6A6RPU0,122,96.4
A0A6A6RQ29,352,96.0
A0A6A6RWM4,377,89.8
A0A6A6RY10,370,95.8
A0A6A6S3A1,360,95.4
A0A6A6S676,374,96.0
A0A6A6S6N2,392,92.4
A0A6A6S7G3,347,97.3
A0A6A6S8L1,343,97.2
A0A6A6SBX8,323,96.5
A0A6A6SCR1,363,98.0
A0A6A6SDH1,270,97.0
A0A6A6SGY9,290,98.0
A0A6A6SH51,270,98.4
A0A6A6SVM2,349,97.3
A0A6A6T0I7,344,98.0
A0A6A6T3E4,296,92.8
A0A6A6T8Z8,317,93.8
A0A6A6TBA0,354,95.0
A0A6A6TBX0,351,97.9
A0A6A6TJE9,327,97.9
A0A6A6TPG7,342,97.0
A0A6A6TQ10,346,94.8
A0A6A6TQG5,363,98.2
A0A6A6TSU5,338,85.2
A0A6A6TTQ5,364,97.0
A0A6A6TV45,345,96.5
A0A6A6TY72,315,94.5
A0A6A6TZ24,359,95.0
A0A6A6TZQ7,326,92.5
A0A6A6U210,333,87.8
A0A6A6U4B6,394,80.9
A0A6A6U8W6,263,97.8
A0A6A6UAE3,331,88.6
A0A6A6UE26,337,86.4
A0A6A6UN72,259,88.2
A0A6A6UW36,341,94.4
A0A6A6UY51,310,96.6
A0A6A6UZ41,315,94.9
A0A6A6UZT3,198,71.2
A0A6A6V089,361,98.1
A0A6A6V0K1,325,98.4
A0A6A6V5W2,287,96.8
A0A6A6V5Z2,350,98.1
A0A6A6V958,292,98.1
A0A6A6V9C0,352,97.3
A0A6A6V9L9,320,98.3
A0A6A6VD71,283,85.5
A0A6A6VF46,282,97.2
A0A6A6VF80,358,98.0
A0A6A6VHS6,365,85.4
A0A6A6VI08,314,90.5
A0A6A6VK76,568,77.1
A0A6A6VLY7,345,94.2
A0A6A6VMY9,368,87.8
A0A6A6VN24,344,96.8
A0A6A6VNE3,371,97.2
A0A6A6VQF8,362,97.4
A0A6A6VQH4,370,95.1
A0A6A6VQM8,286,96.3
A0A6A6VU64,271,96.3
A0A6A6VVH4,359,89.9
A0A6A6VYK2,377,95.2
A0A6A6VZ00,354,98.1
A0A6A6VZ40,371,93.8
A0A6A6W082,362,98.0
A0A6A6W7X2,408,88.9
A0A6A6W8L4,372,96.8
A0A6A6WC88,488,77.5
A0A6A6WEL2,358,92.6
A0A6A6WGM4,274,96.8
A0A6A6WID7,255,97.7
A0A6A6WLA0,355,92.6
A0A6A6WR08,335,95.0
A0A6A6WRF1,363,98.1
A0A6A6WW42,193,94.2
A0A6A6WXQ7,365,97.0
A0A6A6WZP5,357,96.3
A0A6A6X2A2,372,92.7
A0A6A6X7P0,356,98.1
A0A6A6X7P3,216,98.1
A0A6A6X999,341,97.0
A0A6A6XB01,346,94.7
A0A6A6XFI0,320,93.8
A0A6A6XJN7,357,95.8
A0A6A6XLB1,269,98.6
A0A6A6XLR7,335,84.5
A0A6A6XS31,352,97.8
A0A6A6XS33,347,97.9
A0A6A6XX71,352,97.0
A0A6A6YDA9,333,97.8
A0A6A6YIB0,350,94.8
A0A6A6YIL2,383,75.1
A0A6A6YP93,325,97.9
A0A6A6Z455,371,96.6
A0A6A6Z483,309,75.4
A0A6A6Z4Q4,369,95.9
A0A6A6ZDY1,343,98.1
A0A6A6ZI63,365,98.0
A0A6A6ZJV5,337,53.3
A0A6A6ZN76,366,93.9
A0A6A6ZNN4,349,94.9
A0A6A6ZQQ8,363,98.2
A0A6A6ZWE4,306,97.7
A0A6A6ZWM6,317,97.8
A0A6A7A461,345,96.0
A0A6A7A961,371,98.0
A0A6A7AAR3,321,93.7
A0A6A7AAT9,359,96.7
A0A6A7AEL9,382,97.5
A0A6A7AGA7,376,94.6
A0A6A7AHW1,364,97.9
A0A6A7AJP7,249,86.8
A0A6A7AQI4,298,93.0
A0A6A7ARS2,335,96.2
A0A6A7AZ98,363,98.1
A0A6A7AZP2,344,95.3
A0A6A7AZY7,361,98.1
A0A6A7B1V5,392,90.3
A0A6A7BAH6,382,97.1
A0A6A7BAZ2,364,97.7
A0A6A7BCJ9,317,94.2
A0A6A7BD10,266,94.2
A0A6A7BE86,328,94.7
A0A6A7BFT5,290,98.4
A0A6A7BLX6,295,97.1
A0A6A7BNR0,380,97.4
A0A6A7BQY5,350,94.6
A0A6A7C352,374,96.6
A0A6A7CAG9,372,96.5
A0A6B0RVB9,432,95.5
A0A6B0RY59,368,97.5
A0A6B2KZT0,270,94.5
A0A6B2KZX3,270,92.3
A0A6B2L294,281,88.4
A0A6B2LE82,242,95.7
A0A6B3BLP6,286,97.5
A0A6B3N9A7,284,90.7
A0A6B3QF73,285,97.9
A0A6B7E5P4,286,96.7
A0A6B7JF49,328,97.0
A0A6B7JGJ4,322,96.8
A0A6B7JI39,324,95.7
A0A6B9QJU3,346,89.1
A0A6B9QKL4,277,96.7
A0A6B9T1N3,432,98.1
A0A6B9UPB5,132,92.1
A0A6B9UPC8,132,93.9
A0A6B9UPD9,133,94.5
A0A6B9UPF6,132,94.9
A0A6B9UPG4,132,93.8
A0A6B9UPG6,134,94.8
A0A6B9UPG9,132,94.4
A0A6B9UPH8,133,94.5
A0A6B9UPI8,132,92.1
A0A6B9UPJ6,132,88.8
A0A6B9UPM4,133,90.4
A0A6B9UPP1,133,90.4
A0A6B9UPQ0,132,93.6
A0A6B9UPQ4,121,91.8
A0A6B9UPQ5,133,90.4
A0A6B9UPQ9,132,90.4
A0A6B9UPS1,132,95.4
A0A6B9UPS7,132,93.6
A0A6B9UPT1,134,92.9
A0A6B9UPT8,132,93.6
A0A6B9UPU0,132,91.7
A0A6B9UPU3,132,91.7
A0A6B9UPU8,132,95.3
A0A6B9UPW1,120,87.8
A0A6B9UPY5,133,94.6
A0A6B9UQ10,132,95.3
A0A6B9UQ23,132,87.1
A0A6B9UQ30,132,93.6
A0A6B9UQ37,132,95.3
A0A6B9UQ39,132,93.8
A0A6B9UQ78,133,94.5
A0A6B9UQA3,132,92.1
A0A6B9UQD1,133,94.5
A0A6B9UQE4,133,93.3
A0A6B9UQJ3,132,91.7
A0A6B9UQJ8,132,93.4
A0A6B9UQL5,132,92.0
A0A6B9UQM7,132,93.6
A0A6B9UQM8,121,94.5
A0A6B9UQR4,132,93.6
A0A6B9UQT4,133,93.8
A0A6B9UQW1,132,94.6
A0A6B9UR31,132,94.9
A0A6B9URD0,132,95.4
A0A6B9URJ1,132,93.6
A0A6C0DSE9,323,97.2
A0A6C0HAV6,511,96.8
A0A6C0HB65,484,96.7
A0A6C0HC93,460,96.8
A0A6C0HZK6,315,95.6
A0A6C0K5N7,316,96.9
A0A6C0KGS2,489,96.4
A0A6C0KH90,455,97.1
A0A6C0KIT8,455,96.9
A0A6C0KJH1,506,97.5
A0A6C0KJY2,511,96.6
A0A6C0KKI0,478,97.0
A0A6C0KLD2,475,96.5
A0A6C0LRL9,511,96.6
A0A6C0LRQ4,489,96.0
A0A6C0LTM3,455,96.8
A0A6D2WLM4,429,96.6
A0A6D2WZ92,139,75.9
A0A6D2X2W5,354,97.3
A0A6D2XP49,464,86.4
A0A6D2XS77,350,98.0
A0A6F8Z1C0,297,97.2
A0A6F8Z1G5,297,97.2
A0A6F8Z1L8,297,97.3
A0A6F8Z1U3,297,97.4
A0A6F8Z232,297,97.2
A0A6F9DX11,311,95.2
A0A6G0HIY7,438,97.4
A0A6G0I8F6,359,97.7
A0A6G0IV78,435,97.9
A0A6G0IVE0,435,98.0
A0A6G0J6V0,430,95.7
A0A6G0J8P5,354,97.5
A0A6G0JMA7,318,97.2
A0A6G0JRR3,521,69.5
A0A6G0K2D7,328,96.5
A0A6G0LGN8,322,97.3
A0A6G0LHA8,317,93.7
A0A6G0MHL7,319,96.5
A0A6G0MHQ7,283,88.9
A0A6G0QAM8,318,98.0
A0A6G0QBL9,356,92.9
A0A6G0QBV8,411,90.6
A0A6G0QFF2,519,73.3
A0A6G0QTC5,365,93.1
A0A6G0R0K5,225,80.7
A0A6G0S277,147,69.7
A0A6G0S364,317,95.3
A0A6G0S6W0,328,97.2
A0A6G0SFH3,344,96.8
A0A6G0SNM6,310,75.7
A0A6G0WA47,69,96.2
A0A6G0WB52,332,93.5
A0A6G0WCQ5,274,91.8
A0A6G0WF35,337,96.8
A0A6G0WG51,340,96.4
A0A6G0WYR1,343,90.7
A0A6G0X2P4,423,90.5
A0A6G0XE75,358,93.8
A0A6G0XEC3,361,93.5
A0A6G0XI56,196,59.6
A0A6G0XI62,315,87.8
A0A6G0XIF8,196,71.6
A0A6G0XPY3,309,95.5
A0A6G0XR43,379,88.5
A0A6G0XRD8,379,87.4
A0A6G1A822,354,97.6
A0A6G1AEW7,432,95.7
A0A6G1AYL9,428,98.0
A0A6G1BWY8,324,96.2
A0A6G1E2C8,299,85.4
A0A6G1E2F0,109,61.3
A0A6G1E4S6,96,66.6
A0A6G1FV90,331,96.9
A0A6G1FWN2,329,96.7
A0A6G1G481,395,92.3
A0A6G1G927,285,85.6
A0A6G1G9W7,321,88.4
A0A6G1GCC6,346,88.9
A0A6G1GDK8,310,97.1
A0A6G1GF28,373,95.0
A0A6G1GF50,360,91.7
A0A6G1GRW5,392,94.0
A0A6G1GZN1,331,94.7
A0A6G1H847,73,77.6
A0A6G1HB05,345,88.7
A0A6G1HLY0,366,90.2
A0A6G1HNC2,334,89.7
A0A6G1HWI3,380,84.2
A0A6G1HXT1,327,95.8
A0A6G1I2N2,363,95.5
A0A6G1ICP7,361,98.0
A0A6G1IEP5,252,83.8
A0A6G1INJ0,296,98.1
A0A6G1INV5,318,97.6
A0A6G1IP66,354,97.5
A0A6G1IS47,364,97.4
A0A6G1IV16,335,95.4
A0A6G1J3Y1,274,97.8
A0A6G1J6M2,349,95.4
A0A6G1J7S0,345,98.1
A0A6G1JCT9,170,57.7
A0A6G1JIY4,357,94.1
A0A6G1JJB9,342,96.9
A0A6G1JNJ9,373,96.5
A0A6G1JVD0,342,88.6
A0A6G1JXQ0,341,94.6
A0A6G1JZ99,345,97.5
A0A6G1K394,373,94.4
A0A6G1K5L0,363,97.8
A0A6G1K7W6,368,95.8
A0A6G1K9L2,347,98.0
A0A6G1KA37,271,97.9
A0A6G1KF51,386,95.1
A0A6G1KGG9,353,82.6
A0A6G1KJP5,249,97.9
A0A6G1KL30,306,93.6
A0A6G1KL79,365,97.6
A0A6G1KSI8,344,98.1
A0A6G1KYM2,374,95.8
A0A6G1L2W6,305,95.2
A0A6G1L478,266,97.7
A0A6G1LGU8,344,95.7
A0A6G1LHH1,342,90.4
A0A6G1LLW4,349,95.2
A0A6G1M4C9,365,97.3
A0A6G1M512,334,97.6
A0A6G1M8L0,456,86.0
A0A6G1M965,320,96.8
A0A6G1M972,356,92.9
A0A6G1M9F9,345,94.8
A0A6G1M9S3,364,97.1
A0A6G1MDZ6,416,88.7
A0A6G1MEA1,369,95.4
A0A6G1MF13,425,92.6
A0A6G1PBM0,437,97.6
A0A6G1PX29,429,96.9
A0A6G1Q602,437,97.5
A0A6G1QSV4,432,97.6
A0A6G1WR98,116,88.1
A0A6G1WVI3,327,97.3
A0A6G1WVJ0,190,84.3
A0A6G1WVM7,190,87.9
A0A6G1WVT7,327,97.0
A0A6G2BAK0,302,97.9
A0A6G3QMT4,285,97.4
A0A6G3QQS6,270,98.4
A0A6G3SJU9,271,97.5
A0A6G3SR61,285,95.7
A0A6G3TIK1,285,97.9
A0A6G3TZD7,285,97.4
A0A6G3U4F3,270,98.4
A0A6G3WLB2,269,98.5
A0A6G3XHW0,67,97.1
A0A6G3XM96,173,95.1
A0A6G3XVA8,285,97.0
A0A6G4QTK5,293,97.9
A0A6G4QY69,339,97.3
A0A6G5R847,269,98.2
A0A6G5RE05,285,96.9
A0A6G6B0Q9,336,97.4
A0A6G7MC56,207,84.3
A0A6G8IRD2,130,89.0
A0A6G8IRE8,97,68.4
A0A6G8IRF7,130,74.4
A0A6G8IRG6,130,73.9
A0A6G8IRH1,130,75.5
A0A6G8IRM0,130,73.9
A0A6G8IRM5,130,73.9
A0A6G8IS67,129,82.6
A0A6G8RXV7,315,97.2
A0A6G9GST2,284,95.6
A0A6H0XMS2,373,93.7
A0A6H0XNI2,350,95.9
A0A6H0XRQ1,365,96.4
A0A6H0XTV7,373,95.9
A0A6H0Y3Z6,272,95.6
A0A6H1TH00,284,98.0
A0A6H1TJ97,291,97.3
A0A6H9UQ49,303,98.3
A0A6H9V3S2,233,94.1
A0A6H9V4A5,269,98.5
A0A6I1HWZ8,322,94.0
A0A6I3KHZ9,305,95.1
A0A6I3M9Z3,283,94.3
A0A6I3X362,261,97.9
A0A6I4IFE6,363,95.4
A0A6I4UYJ6,319,93.7
A0A6I6FB52,270,98.1
A0A6I6FNW6,285,97.1
A0A6I6MXA4,270,98.6
A0A6I6N418,285,96.8
A0A6I6N6T5,285,97.7
A0A6I8N5Z5,431,96.8
A0A6I8NC50,436,93.3
A0A6I8NZZ4,431,98.1
A0A6I8PHQ0,402,86.0
A0A6I8QAH5,416,94.5
A0A6I8S8C5,439,97.0
A0A6I9HDZ3,366,98.1
A0A6I9HI68,438,97.4
A0A6I9IHY3,431,96.2
A0A6I9IQT4,432,98.1
A0A6I9LQ25,360,97.3
A0A6I9LW38,428,97.8
A0A6I9MDC2,349,96.2
A0A6I9MZ41,438,96.9
A0A6I9NBZ5,432,95.5
A0A6I9PFY4,435,97.8
A0A6I9PRF8,432,98.0
A0A6I9QIW5,328,95.1
A0A6I9QKC4,324,90.5
A0A6I9QKJ4,330,97.4
A0A6I9RDH9,322,95.9
A0A6I9RIE5,323,97.4
A0A6I9SZN0,328,94.4
A0A6I9TD70,332,94.8
A0A6I9TDV3,332,94.5
A0A6I9TFW5,330,96.0
A0A6I9TH13,325,93.6
A0A6I9TIN4,324,90.7
A0A6I9UDT3,324,95.0
A0A6I9UDU9,331,91.9
A0A6I9UES7,323,96.9
A0A6I9UJ96,323,95.2
A0A6I9X224,353,97.5
A0A6I9XAN8,430,96.5
A0A6I9Y0K9,207,87.2
A0A6I9ZH81,430,97.9
A0A6I9ZTC4,354,97.7
A0A6J0A597,430,96.4
A0A6J0HNC8,430,98.1
A0A6J0HSI8,363,95.5
A0A6J0IIC8,438,97.4
A0A6J0SQE0,369,97.4
A0A6J0SW19,432,96.4
A0A6J0V519,434,98.1
A0A6J0WLF0,433,97.9
A0A6J0WVF2,431,95.8
A0A6J1AGY1,326,96.7
A0A6J1AIX9,325,96.7
A0A6J1B4U6,297,89.8
A0A6J1B6E3,329,96.9
A0A6J1B6Y7,329,96.4
A0A6J1B7B5,337,97.5
A0A6J1BLU4,309,77.0
A0A6J1CDF9,258,75.5
A0A6J1CGK8,319,96.1
A0A6J1EGP5,321,97.1
A0A6J1EMV7,321,96.7
A0A6J1GRK5,325,95.2
A0A6J1K2N9,325,95.4
A0A6J1KJD3,321,96.7
A0A6J1KRC0,321,96.9
A0A6J1U823,238,76.1
A0A6J1UHZ7,353,97.6
A0A6J1UXM9,433,98.1
A0A6J2BWW7,364,98.0
A0A6J2CVM5,430,95.7
A0A6J2ES63,353,97.4
A0A6J2GYQ9,364,96.8
A0A6J2IKT7,438,97.4
A0A6J2IKU3,432,98.1
A0A6J2M440,430,98.2
A0A6J2MIL9,438,97.3
A0A6J2MT63,430,95.8
A0A6J2Q2T7,369,97.3
A0A6J2Q5N3,430,97.4
A0A6J2QUR9,435,97.7
A0A6J2R1J1,434,97.7
A0A6J2RMT7,437,97.3
A0A6J2RXQ1,429,96.3
A0A6J2VLV0,352,98.1
A0A6J2VVP9,437,97.6
A0A6J2WAJ1,428,95.6
A0A6J2WEP8,440,97.3
A0A6J2WV06,432,97.4
A0A6J3E978,432,96.0
A0A6J3EJK3,438,97.7
A0A6J3ELG3,433,97.9
A0A6J3HTM0,238,89.4
A0A6J3HUM0,433,96.0
A0A6J3JC16,449,95.3
A0A6J3JNQ6,354,97.4
A0A6J3LV43,344,96.3
A0A6J3LW51,243,88.4
A0A6J3LWY9,376,97.8
A0A6J3M5I3,328,97.9
A0A6J3MCD2,282,97.9
A0A6J3MCF2,273,97.4
A0A6J3MIN3,379,80.3
A0A6J4HUK3,277,97.2
A0A6J4N0K6,252,90.5
A0A6J4QLW3,223,97.1
A0A6J4THU7,258,93.4
A0A6J4TRP8,247,97.8
A0A6J5CVK2,391,91.0
A0A6J5UHK8,45,73.5
A0A6J5UL59,322,97.5
A0A6J5VMN1,322,96.7
A0A6J5VS35,260,75.0
A0A6J5WXB6,325,96.9
A0A6J5WXJ3,218,85.0
A0A6J5X158,353,94.0
A0A6J5X2R9,322,97.0
A0A6J5X364,322,96.9
A0A6J5X5P2,317,96.7
A0A6J5X623,322,97.1
A0A6J5Y3P4,229,85.5
A0A6J8A749,331,93.3
A0A6J8AZI7,331,89.1
A0A6J8BNB1,322,90.3
A0A6J8BQ47,286,94.2
A0A6J8BR51,339,89.2
A0A6J8BTM0,286,96.5
A0A6J8BZF0,243,52.3
A0A6J8C361,315,92.6
A0A6J8CCA4,346,91.8
A0A6J8CDZ2,340,91.7
A0A6J8CIC7,382,87.5
A0A6J8CIH9,345,92.7
A0A6J8CIJ4,372,88.0
A0A6J8CIJ8,238,90.2
A0A6J8CJF7,314,91.7
A0A6J8CJI4,343,91.4
A0A6J8CKE6,357,90.9
A0A6J8CL61,420,88.0
A0A6J8CMB6,291,88.6
A0A6J8CMR4,343,91.9
A0A6J8CN68,116,83.1
A0A6J8CNM0,213,88.3
A0A6J8CWR3,161,86.1
A0A6J8CYS7,356,92.4
A0A6J8CZL5,390,87.8
A0A6J8D106,250,80.5
A0A6J8D799,372,90.2
A0A6J8DAY9,429,88.4
A0A6J8DKI0,337,92.2
A0A6J8DL31,339,89.9
A0A6J8DM21,385,85.2
A0A6J8DNG4,325,92.0
A0A6J8DNP7,293,92.3
A0A6J8DQJ1,321,82.5
A0A6J8DSF7,204,79.9
A0A6J8E5E4,289,96.0
A0A6J8E8F7,369,84.6
A0A6J8E904,350,90.3
A0A6J8E972,290,93.6
A0A6J8EA39,333,88.5
A0A6J8EA73,367,86.0
A0A6J8EAM0,162,85.6
A0A6J8EAN0,327,89.6
A0A6J8EB77,155,80.4
A0A6J8EB88,163,87.8
A0A6J8ECE6,130,79.6
A0A6J8ECF0,290,93.6
A0A6J8EDZ0,104,77.0
A0A6J8EIX1,556,65.0
A0A6J8ENF3,342,93.2
A0A6J8ETS6,316,92.3
A0A6J8EUT2,325,81.5
A0A6J8EWA4,212,68.7
A0A6J8EWF6,381,88.9
A0A6J8EWK6,348,91.5
A0A6L2KES0,329,96.7
A0A6L3MXS3,337,96.1
A0A6L5HX34,312,96.0
A0A6L6VHS5,317,95.7
A0A6L6WYS5,301,98.5
A0A6L6X4Y8,285,96.5
A0A6L7GYJ8,298,94.8
A0A6L9E9N5,254,97.0
A0A6M0RPD5,429,84.6
A0A6M0SI45,429,84.8
A0A6M2EWV4,335,93.0
A0A6M2F2L3,321,97.2
A0A6M2F4W8,319,96.6
A0A6M3QU59,132,88.0
A0A6M3QU60,132,90.9
A0A6M3QU65,132,92.2
A0A6M3QU67,132,90.8
A0A6M3QU74,132,89.6
A0A6M3QU75,132,88.3
A0A6M3QU80,132,93.6
A0A6M3QU81,133,94.4
A0A6M3QU87,132,94.7
A0A6M3QU90,132,90.7
A0A6M3QU96,132,91.5
A0A6M3QU97,133,94.4
A0A6M3QU99,132,94.7
A0A6M3QUA3,132,93.8
A0A6M3QUB2,132,94.3
A0A6M3QUC7,128,87.1
A0A6M3QUD4,132,90.0
A0A6M3QUD5,132,90.9
A0A6M3QUE2,132,90.3
A0A6M3QUF1,132,94.1
A0A6M3QUF7,132,94.3
A0A6M3QUG3,133,88.2
A0A6M3QUH1,132,86.1
A0A6M3QUS9,144,70.0
A0A6M3QUU3,133,95.0
A0A6M3QUV0,130,94.3
A0A6M3QUW4,151,67.7
A0A6M3QUX2,126,74.6
A0A6M3QUY1,132,86.1
A0A6M3QVY1,134,80.8
A0A6M3QVZ4,132,90.3
A0A6M3QW14,132,93.9
A0A6M3QW23,132,92.8
A0A6M3QW32,133,91.1
A0A6M3QXT2,132,88.8
A0A6M3QXU0,133,94.6
A0A6M3QXV1,132,85.7
A0A6M3QXW3,127,85.0
A0A6M3QXX4,123,93.1
A0A6M3QXY4,133,88.5
A0A6M3QYD5,132,95.1
A0A6M3QYE6,132,93.8
A0A6M3QYF6,133,87.1
A0A6M3QYG6,133,94.9
A0A6M3QYH2,132,91.4
A0A6M3QYI1,132,93.6
A0A6M3R4W8,121,91.4
A0A6M3R4X8,134,86.6
A0A6M3R4Y6,132,86.7
A0A6M3R4Z5,132,87.5
A0A6M3R505,127,88.2
A0A6M3R513,151,82.3
A0A6M3R6N9,133,87.6
A0A6M3R6Q0,132,93.7
A0A6M3R6R1,133,90.7
A0A6M3R6S0,122,86.3
A0A6M3R6T8,132,94.2
A0A6M3SIL6,121,90.5
A0A6M3SIM2,140,88.8
A0A6M3SJ42,140,87.2
A0A6M3SJD7,121,87.5
A0A6M3SJF5,140,85.8
A0A6M3SJG9,122,90.6
A0A6M3SKU4,140,88.8
A0A6M3SKW1,121,87.5
A0A6M3SKY9,121,90.5
A0A6M3SL55,140,88.8
A0A6M3SL74,140,86.5
A0A6M3SV77,121,91.1
A0A6M3SV93,140,88.8
A0A6M3SVA8,140,87.1
A0A6M3SXQ3,121,91.3
A0A6M3U3W4,132,95.3
A0A6M3U3X2,132,89.5
A0A6M3U3X5,132,86.8
A0A6M3U3Z1,132,88.8
A0A6M3U401,132,93.2
A0A6M3U402,132,90.5
A0A6M3U432,132,92.2
A0A6M3U442,132,92.6
A0A6M3U449,132,92.2
A0A6M3U464,132,91.7
A0A6M3U468,132,91.4
A0A6M3U469,132,89.0
A0A6M3U478,132,92.1
A0A6M3U479,151,83.9
A0A6M3U484,132,92.1
A0A6M3U488,132,93.3
A0A6M3U490,132,92.2
A0A6M3U492,132,89.6
A0A6M3U495,132,89.6
A0A6M3U497,132,86.8
A0A6M3U4B2,131,92.7
A0A6M3U4B7,133,91.2
A0A6M3U4C0,133,92.3
A0A6M3U4C9,134,88.8
A0A6M3U4D3,132,89.9
A0A6M3U4E5,132,92.2
A0A6M3U4G8,132,89.6
A0A6M3U4H7,151,68.6
A0A6M3U4I0,151,69.1
A0A6M3U4J3,132,89.6
A0A6M3U4J5,132,89.5
A0A6M3U4J9,132,89.0
A0A6M3U4K8,132,88.0
A0A6M3U4L5,132,89.2
A0A6M3U4L9,132,89.4
A0A6M3U4N3,133,86.6
A0A6M3U4P1,132,92.7
A0A6M3U4Q3,151,85.2
A0A6M3U4S2,132,89.6
A0A6M3U4S3,132,66.1
A0A6M3U4S4,132,90.9
A0A6M3U4T1,132,90.0
A0A6M3U4T7,132,89.9
A0A6M3U4U8,133,95.3
A0A6M3U4V7,132,93.6
A0A6M3U4W5,132,93.4
A0A6M3U4W8,133,92.3
A0A6M3U4X3,133,91.9
A0A6M3U4Y9,151,67.0
A0A6M3U4Z9,132,89.6
A0A6M3U527,133,92.3
A0A6M3YBB3,124,97.1
A0A6M3Z7I9,437,97.5
A0A6M4PQD2,285,96.8
A0A6M4PSG3,270,98.5
A0A6M4WI55,269,98.6
A0A6M4WV60,285,96.9
A0A6M5YW59,266,92.7
A0A6M6DP70,286,97.8
A0A6M8NXE9,383,85.1
A0A6N1APE8,345,97.5
A0A6N2AKH8,328,96.2
A0A6N2ALI0,326,95.4
A0A6N2ALR9,333,96.2
A0A6N2ANX6,334,94.6
A0A6N2B2V5,327,95.9
A0A6N2CBM7,296,97.4
A0A6N2KGZ7,331,94.1
A0A6N2KNK4,330,97.0
A0A6N2KR60,221,39.5
A0A6N2KVB3,305,90.3
A0A6N2KXN2,273,95.2
A0A6N2KYI3,149,61.0
A0A6N2NH22,310,96.0
A0A6N2NJ47,187,76.5
A0A6N6JP54,254,95.5
A0A6N7KV80,229,98.1
A0A6N7L0B2,331,97.4
A0A6N7YXA6,123,69.5
A0A6N8FVU8,278,97.3
A0A6N9T3N7,293,95.5
A0A6N9U3A4,284,97.3
A0A6N9UN96,285,97.2
A0A6N9VB05,285,97.2
A0A6P0UFZ0,269,89.5
A0A6P0UL92,328,94.0
A0A6P1BIH4,377,85.2
A0A6P2C4L1,361,93.7
A0A6P2D548,263,92.6
A0A6P2ID10,395,91.3
A0A6P2M5N1,334,93.9
A0A6P2TWT9,395,90.0
A0A6P2WMV0,395,88.7
A0A6P2XBC7,395,90.4
A0A6P2YXH6,395,89.0
A0A6P3EM25,431,96.4
A0A6P3ETL0,439,97.2
A0A6P3FKC4,430,97.7
A0A6P3HNW9,430,95.6
A0A6P3HXY8,432,95.4
A0A6P3I3N4,433,98.0
A0A6P3IUI9,353,97.9
A0A6P3PYB1,429,95.8
A0A6P3QC37,433,98.0
A0A6P3QQH8,431,98.1
A0A6P3RFC7,437,96.8
A0A6P3VT16,429,96.0
A0A6P3W1X2,369,97.4
A0A6P3YXQ8,337,95.8
A0A6P3YY59,335,96.5
A0A6P4C4R2,324,97.1
A0A6P4CRV9,325,96.3
A0A6P4CY22,317,94.7
A0A6P4CZR3,325,94.6
A0A6P4D463,328,96.7
A0A6P4D7K5,309,94.9
A0A6P4XRW3,457,90.2
A0A6P4Y7G1,430,96.4
A0A6P4YGM5,369,97.0
A0A6P4YP62,453,93.2
A0A6P4YV80,453,91.2
A0A6P4ZCR3,424,92.8
A0A6P4ZW15,440,96.2
A0A6P5A764,353,96.4
A0A6P5AGC0,368,96.3
A0A6P5ATF9,433,98.1
A0A6P5C7F9,353,97.8
A0A6P5CQM7,431,95.4
A0A6P5G1C1,293,97.1
A0A6P5GAN2,331,96.7
A0A6P5IH15,433,96.3
A0A6P5J2K7,438,97.6
A0A6P5JQ56,211,69.2
A0A6P5L107,427,98.0
A0A6P5MV04,320,95.9
A0A6P5PJQ9,439,97.3
A0A6P5Q199,389,68.8
A0A6P5Q8G7,431,98.0
A0A6P5QYZ9,432,95.8
A0A6P5TSP4,324,97.2
A0A6P5TUG1,322,96.8
A0A6P5TUS8,322,97.3
A0A6P5TUU8,322,96.9
A0A6P5TUV6,322,97.1
A0A6P5TVH0,321,96.4
A0A6P5U5T0,316,96.1
A0A6P5WWI1,331,96.9
A0A6P5WYD0,323,97.0
A0A6P5XCY6,325,97.7
A0A6P5XY90,297,95.6
A0A6P6ABN5,325,97.5
A0A6P6BJY7,328,97.2
A0A6P6HWD8,432,95.5
A0A6P6I7U8,370,94.3
A0A6P6I7X4,360,97.6
A0A6P6I8I8,371,94.4
A0A6P6IAZ8,428,98.1
A0A6P6JJR2,349,97.5
A0A6P6LDT2,434,97.7
A0A6P6PH11,434,97.6
A0A6P6PSJ1,350,97.4
A0A6P6PTF3,431,97.0
A0A6P6Q1G2,432,96.0
A0A6P6QVS9,434,97.7
A0A6P6S967,316,97.1
A0A6P6SCZ9,331,95.4
A0A6P6SD00,333,95.8
A0A6P6SDP1,321,96.1
A0A6P6SDQ3,331,96.5
A0A6P6SDS1,324,96.3
A0A6P6SDS2,324,96.3
A0A6P6SFS2,333,95.7
A0A6P6VJH1,169,93.4
A0A6P6VKB5,79,81.1
A0A6P6VKZ6,312,97.3
A0A6P6VQA2,323,97.1
A0A6P6W1R7,144,60.8
A0A6P6W1W1,120,91.3
A0A6P6W324,293,97.6
A0A6P6W329,272,89.0
A0A6P6W8K5,323,97.1
A0A6P7HLH2,432,96.0
A0A6P7HX38,437,97.2
A0A6P7I321,439,97.5
A0A6P7JDS1,435,98.1
A0A6P7JLN0,429,97.8
A0A6P7K693,437,97.7
A0A6P7LD16,431,96.1
A0A6P7LE96,462,88.5
A0A6P7LXQ7,350,89.0
A0A6P7LYR8,437,97.7
A0A6P7NI18,430,97.2
A0A6P7PDL3,434,97.6
A0A6P7PG57,435,97.9
A0A6P7S550,276,97.3
A0A6P7S5R8,305,90.7
A0A6P7S5V1,338,85.7
A0A6P7S7A7,355,86.0
A0A6P7S7Y8,358,84.9
A0A6P7S851,314,85.3
A0A6P7T4X6,433,95.6
A0A6P7TQ10,348,89.9
A0A6P7WYI7,439,96.7
A0A6P7XRU2,433,97.7
A0A6P7XSA6,430,96.6
A0A6P8AME8,315,98.4
A0A6P8AU99,360,95.7
A0A6P8AYP6,289,94.1
A0A6P8AZ63,348,97.2
A0A6P8AZF3,302,97.8
A0A6P8B315,323,97.9
A0A6P8B4K3,279,97.8
A0A6P8BBR4,381,93.5
A0A6P8BEE0,302,97.8
A0A6P8BIK3,357,97.9
A0A6P8BJE5,201,42.4
A0A6P8BJH6,307,97.4
A0A6P8BK20,297,97.6
A0A6P8BKM3,353,88.1
A0A6P8BLM6,378,96.8
A0A6P8BM78,372,96.3
A0A6P8DXG6,332,97.3
A0A6P8H174,435,97.6
A0A6P8HAX5,252,97.5
A0A6P8HXM1,257,98.5
A0A6P8I080,367,96.7
A0A6P8I0S2,252,98.3
A0A6P8I208,315,90.2
A0A6P8I583,308,89.9
A0A6P8IBZ1,444,94.8
A0A6P8IFD5,277,95.9
A0A6P8IFJ7,261,96.7
A0A6P8ITZ4,253,95.1
A0A6P8IWU9,264,93.9
A0A6P8IXP5,253,97.2
A0A6P8IXU5,253,95.8
A0A6P8RID2,432,96.1
A0A6P8RJ23,432,97.3
A0A6P8RJZ1,437,96.4
A0A6P8SWS2,435,97.9
A0A6P8SWX4,434,97.4
A0A6P8T6M3,369,97.7
A0A6P8TMZ0,354,97.7
A0A6P8TY54,432,95.7
A0A6P8VSU0,430,97.5
A0A6P9BEB3,353,97.7
A0A6P9C0R9,429,96.8
A0A6P9C0T3,385,86.8
A0A6P9EZ62,393,93.0
A0A6Q2X341,453,94.7
A0A6Q2XIH0,434,94.5
A0A6Q2XKY1,437,94.0
A0A6Q2XLM6,436,97.7
A0A6Q2XXP6,437,94.5
A0A6Q2XZA4,358,96.0
A0A6Q2Y715,358,95.9
A0A6Q2YPD2,434,94.4
A0A6Q2Z6S2,434,94.9
A0A6Q2ZF86,434,95.3
A0A6S4PWH0,426,98.1
A0A6S6V8B0,289,97.9
A0A6S6VNJ6,346,97.4
A0A6S6VU36,323,94.1
A0A6S6W4U5,382,97.7
A0A6S6W716,362,97.4
A0A6S6W8E6,313,95.9
A0A6S6W931,370,97.8
A0A6S6WEB6,344,97.7
A0A6S6WGC4,343,95.4
A0A6S6WQV4,387,94.5
A0A6S7FNS9,334,90.9
A0A6S7FV99,505,86.6
A0A6S7G5G2,335,90.2
A0A6S7GH91,319,91.6
A0A6S7H268,234,78.8
A0A6S7H2E1,339,96.1
A0A6S7H6Z2,353,91.3
A0A6S7HJV0,294,96.2
A0A6S7HU98,182,79.4
A0A6S7I642,280,93.5
A0A6S7I8G6,103,90.6
A0A6S7IGK9,199,98.5
A0A6S7IY75,237,88.3
A0A6S7JHK8,264,94.5
A0A6S7JHU5,266,98.0
A0A6T7GM19,456,91.1
A0A6U1NCL5,411,93.3
A0A6U2JLQ7,293,83.1
A0A6U3DTB7,429,78.0
A0A6V1RYI1,434,94.5
A0A6V1TYR0,474,94.5
A0A6V1U849,512,91.3
A0A6V1V8T3,463,93.1
A0A6V1WW05,477,92.1
A0A6V2YWN1,543,46.8
A0A6V6YMT0,346,93.8
A0A6V6YXL9,295,96.6
A0A6V7QUF5,257,78.4
A0A6V7QVM9,265,51.5
A0A6V7QVN0,117,95.3
A0A6V7QVP6,262,74.9
A0A6V7QWC5,330,96.2
A0A6V7QWY4,299,97.7
A0A6V7QWZ3,318,70.2
A0A6V7QYJ0,67,90.8
A0A6V7TIR8,309,93.1
A0A6V7TZ26,295,93.7
A0A6V7TZ29,310,97.9
A0A6V7TZ36,179,74.9
A0A6V7TZ70,76,93.3
A0A6V7TZ71,620,75.7
A0A6V7TZG9,172,92.1
A0A6V7TZH9,355,94.9
A0A6V7TZW7,265,96.4
A0A6V7TZX7,347,95.5
A0A6V7U0J2,312,95.5
A0A6V7U0V9,92,92.9
A0A6V7U1J5,314,98.1
A0A6V7U2J9,359,90.2
A0A6V7UU52,286,97.4
A0A6V7UZ84,147,86.1
A0A6V7V0T1,92,57.4
A0A6V7V3C8,92,93.5
A0A6V7V3E0,96,92.6
A0A6V7V3G2,289,82.1
A0A6V7V3K8,73,93.2
A0A6V7V3L9,306,97.9
A0A6V7V3M0,96,93.2
A0A6V7V401,253,87.4
A0A6V7V409,570,75.2
A0A6V7V504,185,79.0
A0A6V7V513,178,81.6
A0A6V7V5E6,174,87.9
A0A6V7V5F6,291,97.1
A0A6V7V5M4,357,86.6
A0A6V7VQU2,308,96.8
A0A6V7VT06,381,87.3
A0A6V7VXB7,347,86.0
A0A6V7W057,350,89.7
A0A6V7W4E8,338,91.1
A0A6V7W4Q4,123,61.2
A0A6V7W5Z2,210,94.7
A0A6V7W982,254,92.9
A0A6V7WY80,300,77.6
A0A6V7X2H4,239,76.4
A0A6V7X5B9,217,70.3
A0A6V7X5C5,353,94.8
A0A6V7X5U8,355,94.6
A0A6V7X6U0,311,85.3
A0A6V7X733,289,90.8
A0A6V7XAT7,303,94.4
A0A6V7XRR8,359,88.8
A0A6V7XRY6,92,83.3
A0A6V7XS50,194,88.6
A0A6V7Y6T9,359,91.5
A0A6V7Y981,359,90.0
A0A6V8H7W0,332,90.1
A0A6V8HMJ9,265,91.3
A0A6V8R0R1,304,98.3
A0A6V8R0Z5,337,84.6
A0A7C8I2F1,378,92.4
A0A7C8I610,296,97.7
A0A7C8I6S9,261,94.8
A0A7C8I7T2,265,97.1
A0A7C8I9R9,371,93.4
A0A7C8IE08,344,92.3
A0A7C8IGQ8,315,95.0
A0A7C8IHL7,376,91.9
A0A7C8IKH9,342,97.3
A0A7C8IMI0,369,95.8
A0A7C8INN8,286,98.0
A0A7C8INS5,344,98.1
A0A7C8IQU8,375,88.4
A0A7C8IT31,278,97.8
A0A7C8IUS4,233,80.0
A0A7C8J0G5,226,89.6
A0A7C8J186,335,96.2
A0A7C8J1E6,467,71.3
A0A7C8J7Y8,316,95.7
A0A7C8JBB6,309,97.8
A0A7C8JBD1,345,95.1
A0A7C8JDI9,361,97.3
A0A7C8JJK0,418,93.9
A0A7C8JJP1,396,84.9
A0A7C8JV30,334,97.5
A0A7C8JXQ3,445,75.1
A0A7C8K022,411,93.2
A0A7C8K5L1,361,97.3
A0A7C8K8Z5,369,95.0
A0A7C8KBV7,365,97.2
A0A7C8KC07,345,95.5
A0A7C8KEE4,334,97.6
A0A7C8KIB9,345,94.6
A0A7C8KN05,361,97.4
A0A7C8KT55,365,97.8
A0A7C8M196,343,97.2
A0A7C8M1F0,350,97.6
A0A7C8M1Q1,405,78.1
A0A7C8MA78,376,96.1
A0A7C8MC86,266,96.7
A0A7C8MEQ8,395,93.5
A0A7C8MI21,363,98.2
A0A7C8MIV3,349,97.1
A0A7C8MM57,100,96.7
A0A7C8MNV9,328,89.3
A0A7C8MQB2,287,89.2
A0A7C8MUA2,140,61.6
A0A7C8MWQ0,331,95.4
A0A7C8MYP4,320,93.5
A0A7C8N8T9,334,97.8
A0A7C8NBV7,313,94.5
A0A7C8NDA9,365,96.5
A0A7C8NDC7,433,86.9
A0A7C8NFL4,309,97.1
A0A7C8NGK3,356,93.3
A0A7C8NGK8,394,92.0
A0A7C8NPI3,365,94.4
A0A7C8NPX5,365,97.5
A0A7C8NPY3,363,97.4
A0A7C8NTH6,320,96.3
A0A7C8NXU1,369,95.1
A0A7C8NYP8,398,89.6
A0A7C8NZM9,282,82.0
A0A7C8P2D4,386,86.3
A0A7C8P6Q1,345,95.5
A0A7C8PCL3,401,96.3
A0A7C8PDD9,287,77.3
A0A7C8PHR6,364,97.5
A0A7C8PJK8,320,97.7
A0A7C8PLB1,470,71.0
A0A7C8PUR3,433,86.6
A0A7C8PX01,356,92.5
A0A7C8Q019,416,88.4
A0A7C8Q0E6,294,94.1
A0A7C8Q4D3,109,92.5
A0A7C8QK16,309,95.8
A0A7C8QK40,311,89.5
A0A7C8QPJ2,374,97.1
A0A7C8QPM9,281,73.0
A0A7C8QXL5,345,95.5
A0A7C8QXT6,364,97.4
A0A7C8R362,327,86.7
A0A7C8R885,365,95.6
A0A7C8R9U8,453,85.4
A0A7C8RAE6,356,93.7
A0A7C8RCZ8,309,97.9
A0A7C8RDK3,268,85.9
A0A7C8RHI6,356,95.1
A0A7C8RKC7,369,95.2
A0A7C8RMH3,350,93.6
A0A7C8RPN7,424,90.4
A0A7C8TZL1,416,91.5
A0A7C8U0Y1,334,97.6
A0A7C8U3L5,364,96.9
A0A7C8U767,309,97.8
A0A7C8UEV0,197,82.2
A0A7C8UF14,365,97.4
A0A7C8UG49,364,97.4
A0A7C8V132,382,94.6
A0A7C8V1V3,430,88.1
A0A7C8V238,365,96.8
A0A7C8V4F7,361,97.7
A0A7C8V9B0,309,96.2
A0A7C8V9T5,310,96.8
A0A7C8VB42,293,95.9
A0A7C8VG14,397,88.0
A0A7C8VLB4,364,97.5
A0A7C8Z0D2,283,90.7
A0A7C9LY48,309,93.4
A0A7C9M494,285,97.0
A0A7D3NPZ8,132,90.2
A0A7D3NQ73,132,87.2
A0A7D3NQ74,133,87.3
A0A7D3NQN3,132,86.8
A0A7D3SQG8,132,93.4
A0A7D3SQJ1,134,93.4
A0A7D3SRQ0,132,91.7
A0A7D3SUC4,133,94.3
A0A7D3SUS9,132,92.6
A0A7D3SUT3,133,89.7
A0A7D3T462,132,93.0
A0A7D3Y0J0,253,96.7
A0A7D5A3C1,130,85.5
A0A7D5GHP5,328,96.4
A0A7D5JZ45,334,95.5
A0A7D5KJK5,333,95.2
A0A7D5L2D4,335,93.4
A0A7D5M6X3,290,95.7
A0A7D5V4M8,399,90.0
A0A7D5YT00,311,97.5
A0A7D5YT18,265,97.1
A0A7D5YVH6,348,97.9
A0A7D5YXM1,350,97.3
A0A7D5Z0B1,286,94.9
A0A7D5Z204,306,94.3
A0A7D5Z638,213,96.9
A0A7D7A9L5,325,97.6
A0A7D8UJQ4,303,87.7
A0A7D8UM11,370,93.5
A0A7D8UMM7,389,89.0
A0A7D8UYH4,347,96.0
A0A7D8YU95,341,96.8
A0A7D8YV71,271,66.8
A0A7D8YX93,351,87.5
A0A7D9D8S5,337,97.5
A0A7D9DB32,455,95.6
A0A7D9ED42,253,98.3
A0A7D9EG51,303,63.9
A0A7D9EQ06,265,94.7
A0A7D9F0F7,269,57.1
A0A7D9HJ43,310,88.1
A0A7D9HKT2,277,79.8
A0A7D9HL30,442,93.7
A0A7D9HRB6,165,74.8
A0A7D9IPL3,276,92.7
A0A7D9IRV5,121,96.9
A0A7D9IU48,318,89.2
A0A7D9IUI2,122,94.9
A0A7D9IW08,398,85.9
A0A7D9J4R1,304,97.6
A0A7D9J5S3,214,96.0
A0A7D9LRM2,210,87.6
A0A7E4VF65,303,96.4
A0A7E4VH69,303,96.7
A0A7E4W5S9,351,92.6
A0A7E4WAD2,360,90.4
A0A7E4ZX04,362,95.0
A0A7E6CJR0,431,95.9
A0A7E6EGY5,305,90.8
A0A7E6EME7,319,83.3
A0A7E6ENM2,364,80.4
A0A7E6EPH5,366,88.6
A0A7E6EPK6,305,90.6
A0A7E6ER30,354,85.0
A0A7F8KE42,440,97.4
A0A7F8QT68,455,94.7
A0A7G1NBP1,285,97.1
A0A7G1NNI4,270,98.4
A0A7G1PA05,285,96.7
A0A7G3URI1,283,96.2
A0A7G3V6Z6,132,93.6
A0A7G3V705,132,94.0
A0A7G3V713,132,93.8
A0A7G3V725,133,83.9
A0A7G3V735,132,89.0
A0A7G3V7D3,132,93.8
A0A7G3V7E0,132,94.6
A0A7G3V7E9,132,87.6
A0A7G3V7F7,132,93.1
A0A7G3V7G7,132,94.6
A0A7G3V7K7,132,95.7
A0A7G3V7L6,132,93.4
A0A7G3V7M4,132,93.3
A0A7G3V7P0,132,90.0
A0A7G3V7Q5,132,92.1
A0A7G3V7R4,132,93.4
A0A7G3V7S4,132,90.9
A0A7G3V7U0,132,94.0
A0A7G3V7V0,132,88.9
A0A7G3V7V8,132,91.7
A0A7G3V7Z8,132,93.8
A0A7G3V806,151,92.3
A0A7G3V814,132,95.4
A0A7G3V826,132,91.0
A0A7G3V834,132,87.3
A0A7G3V844,132,89.3
A0A7G3V853,132,90.9
A0A7G3VA36,132,95.5
A0A7G3VA44,132,94.8
A0A7G3VA61,132,91.0
A0A7G3VA70,132,88.3
A0A7G3VA84,133,88.4
A0A7G3VAI5,132,92.1
A0A7G3VAL4,132,93.8
A0A7G3VAN0,132,94.6
A0A7G3VAP1,132,91.0
A0A7G3VAW3,132,95.5
A0A7G3VAX3,132,95.8
A0A7G3VAY7,132,93.9
A0A7G3VAZ6,132,88.3
A0A7G3VB05,132,93.9
A0A7G3VB14,132,87.9
A0A7G3VB21,132,93.1
A0A7G3VB40,132,94.8
A0A7G3VB48,132,86.8
A0A7G3WHQ1,127,86.1
A0A7G3WHQ2,132,88.3
A0A7G3WHQ3,132,94.3
A0A7G3WHQ5,132,94.2
A0A7G3WHQ6,151,83.4
A0A7G5C193,146,93.9
A0A7G5H2T6,345,93.0
A0A7G6SMK0,142,72.7
A0A7G6SMK1,144,69.7
A0A7G6T531,266,60.0
A0A7G6T562,327,77.5
A0A7G7BFV3,284,94.4
A0A7G7XAD7,318,95.0
A0A7G8PBD5,286,92.2
A0A7G9QN50,426,91.2
A0A7H0HS39,262,98.0
A0A7H0HWV2,284,96.3
A0A7H0IIN1,285,97.4
A0A7H0LH09,337,82.4
A0A7H1B831,286,97.4
A0A7H1MHD8,429,95.6
A0A7H1MHD9,429,95.9
A0A7H1Q4X0,285,97.0
A0A7H2PW11,312,97.4
A0A7H2PXL4,312,97.1
A0A7H2V328,312,96.9
A0A7H2XHW1,317,96.9
A0A7H8QJ09,265,97.5
A0A7H8QP42,354,97.2
A0A7H8QRN6,244,91.1
A0A7H8R1G7,237,92.7
A0A7H8R8H9,273,93.3
A0A7H8RB58,339,95.6
A0A7H8RBQ9,285,88.5
A0A7H8TD73,283,96.9
A0A7H8TK08,270,98.3
A0A7I3ZAZ7,297,96.2
A0A7I4A3E3,330,94.7
A0A7I4NJW8,322,95.6
A0A7I4XU05,242,90.8
A0A7I4XVJ2,354,94.8
A0A7I4XWD5,310,98.2
A0A7I4XYW3,300,96.7
A0A7I4Y2Q9,208,91.7
A0A7I4Y3R9,185,90.7
A0A7I4Y9C2,386,91.4
A0A7I4YIC8,336,84.5
A0A7I5EA05,356,91.7
A0A7I8ITM0,305,84.3
A0A7I8ITR4,315,87.8
A0A7I8JAS3,328,85.1
A0A7I8JAZ3,318,95.8
A0A7I8JBA9,171,91.6
A0A7I8JD17,270,94.7
A0A7I8KJV7,327,95.0
A0A7I8KKF5,327,95.4
A0A7I8L249,317,67.5
A0A7I8L253,324,95.8
A0A7I8L2D1,179,57.5
A0A7I8L3A4,318,95.8
A0A7I8L486,324,96.2
A0A7I9W4C8,290,96.9
A0A7J0CC49,284,93.1
A0A7J0CCQ1,303,98.4
A0A7J0D510,54,72.9
A0A7J0E088,323,97.1
A0A7J0F049,322,96.0
A0A7J0F1S0,298,88.1
A0A7J0G612,189,57.1
A0A7J5D2K3,312,92.3
A0A7J5D4I5,269,98.7
A0A7J5DBM0,285,97.1
A0A7J5XLF9,430,97.3
A0A7J5XUG5,172,78.7
A0A7J5Y3H3,429,66.7
A0A7J5YRP0,397,83.3
A0A7J5ZQC8,434,97.1
A0A7J6AJ19,434,96.9
A0A7J6AT51,431,97.5
A0A7J6AWZ0,354,93.4
A0A7J6CMY4,429,96.1
A0A7J6CT02,437,97.3
A0A7J6DJA2,370,96.4
A0A7J6E7L5,224,76.8
A0A7J6EKE4,166,82.5
A0A7J6EUI0,126,72.8
A0A7J6EUI4,344,95.1
A0A7J6EUI5,468,73.9
A0A7J6EUW8,341,95.6
A0A7J6EWN6,133,53.5
A0A7J6EZF1,329,96.9
A0A7J6GE54,327,94.5
A0A7J6HFJ2,327,96.6
A0A7J6HTX3,325,97.8
A0A7J6HV93,294,73.3
A0A7J6HWS4,118,61.0
A0A7J6IF95,357,97.3
A0A7J6II82,304,97.0
A0A7J6ITF9,352,97.8
A0A7J6IUN5,373,98.0
A0A7J6IVS7,324,98.3
A0A7J6IXY4,296,95.7
A0A7J6J1N9,366,97.1
A0A7J6J2J1,319,76.9
A0A7J6J5I0,313,98.4
A0A7J6J5U3,383,96.9
A0A7J6JBY0,265,97.4
A0A7J6JPL9,361,84.9
A0A7J6US79,326,96.9
A0A7J6UTM6,307,95.7
A0A7J6V6H0,64,91.8
A0A7J6V6N7,318,96.8
A0A7J6VBU9,323,97.0
A0A7J6VGC8,296,92.6
A0A7J6VK32,323,97.1
A0A7J6W016,216,71.2
A0A7J6WFH5,330,95.6
A0A7J6WQL6,207,75.0
A0A7J6X4S8,82,90.7
A0A7J6X6F8,318,94.1
A0A7J6X8X7,303,97.6
A0A7J7BZ93,328,96.0
A0A7J7BZA3,328,96.1
A0A7J7BZA5,52,79.3
A0A7J7BZB9,125,83.0
A0A7J7EAG6,451,87.9
A0A7J7EY86,371,75.5
A0A7J7FHG5,330,85.0
A0A7J7GUX9,328,97.1
A0A7J7GVH6,380,86.5
A0A7J7GY73,287,93.0
A0A7J7J2C8,240,81.5
A0A7J7L126,337,94.1
A0A7J7MFK5,319,94.6
A0A7J7MG66,319,92.8
A0A7J7MGC1,321,91.7
A0A7J7N7B4,138,66.2
A0A7J7N7M0,323,96.5
A0A7J7N7W7,117,91.5
A0A7J7NY73,321,95.1
A0A7J7NY85,323,96.9
A0A7J7NY94,321,95.1
A0A7J7NYA6,195,67.1
A0A7J7URV0,354,97.7
A0A7J7VLC7,348,97.6
A0A7J7VT81,354,97.2
A0A7J7W4I4,368,97.4
A0A7J7X2K3,433,97.9
A0A7J7Z1H4,430,96.1
A0A7J7ZGX8,430,96.7
A0A7J7ZP73,432,95.9
A0A7J8DWG3,431,96.1
A0A7J8DWG4,86,80.1
A0A7J8EH30,361,97.5
A0A7J8EV58,174,89.4
A0A7J8EWF3,434,97.9
A0A7J8GJS6,430,97.3
A0A7J8H8X7,433,98.1
A0A7J8IVX8,353,97.1
A0A7J8LXC4,328,97.3
A0A7J8LZG0,330,96.8
A0A7J8MBU9,206,70.6
A0A7J8MVB0,333,96.6
A0A7J8MVH9,320,97.2
A0A7J8MXJ5,333,95.1
A0A7J8PC25,328,97.0
A0A7J8PR79,168,89.3
A0A7J8PRC5,145,93.5
A0A7J8QA71,277,70.9
A0A7J8RKV6,328,96.9
A0A7J8RMV1,330,96.9
A0A7J8SL55,326,96.9
A0A7J8SLW2,334,97.1
A0A7J8SNY0,333,95.0
A0A7J8TIT6,349,90.2
A0A7J8UG10,328,96.6
A0A7J8UIR6,297,97.2
A0A7J8VIL6,334,97.1
A0A7J8VJI4,349,90.2
A0A7J8VK25,306,91.2
A0A7J8VK94,333,95.0
A0A7J8WDB2,332,97.2
A0A7J8XLD5,137,81.4
A0A7J8Y4D5,326,97.1
A0A7J8Y4W9,296,94.2
A0A7J8Y586,333,96.9
A0A7J8Y5Q3,195,82.7
A0A7J8Y5R6,333,95.3
A0A7J8Y631,296,93.4
A0A7J8Y6I9,333,95.0
A0A7J8ZL86,328,97.1
A0A7J8ZMH4,297,97.2
A0A7J8ZZ02,326,96.5
A0A7J9AH22,320,97.0
A0A7J9AH80,326,97.0
A0A7J9AIA0,324,96.0
A0A7J9AIE8,347,92.3
A0A7J9BSD6,328,96.7
A0A7J9BUD6,336,97.0
A0A7J9CHP9,332,97.4
A0A7J9CHS6,326,96.9
A0A7J9CIK1,354,75.3
A0A7J9E070,335,94.2
A0A7J9E2S8,330,96.6
A0A7J9EF70,341,94.5
A0A7J9EYM6,326,96.8
A0A7J9EZV1,346,91.7
A0A7J9F0I4,334,97.0
A0A7J9F1T9,325,94.9
A0A7J9GNT4,328,97.1
A0A7J9GRC7,303,97.3
A0A7J9HMB7,326,96.9
A0A7J9HNL0,326,95.2
A0A7J9HNL9,352,92.0
A0A7J9HNN5,212,86.6
A0A7J9HPH0,333,94.8
A0A7J9HQ07,320,97.3
A0A7J9J501,328,97.5
A0A7J9JIE7,326,97.1
A0A7J9JZ04,326,97.0
A0A7J9JZ70,320,97.1
A0A7J9K0B4,326,97.3
A0A7J9K117,333,94.9
A0A7J9LCG8,274,63.2
A0A7J9LVA7,326,96.6
A0A7J9MAI5,332,96.7
A0A7J9MC20,320,97.1
A0A7J9MDZ8,333,94.8
A0A7J9MF11,346,91.0
A0A7J9NBA3,323,96.5
A0A7K0C9D4,301,98.5
A0A7K1RCN1,317,95.8
A0A7K1U4P8,393,92.1
A0A7K3PLC0,285,97.8
A0A7K3QZS7,271,96.9
A0A7K3RDA9,285,96.7
A0A7K3RYY9,285,97.3
A0A7K4IWR2,438,97.6
A0A7K4J192,372,96.4
A0A7K4JDM9,434,95.0
A0A7K4JYK1,432,95.9
A0A7K4K5T6,439,97.4
A0A7K4KL67,430,98.2
A0A7K4LK52,440,96.9
A0A7K4LM31,432,95.8
A0A7K4M033,367,98.1
A0A7K4PFP2,442,97.0
A0A7K4PV44,432,95.8
A0A7K4Q1E6,366,98.0
A0A7K4R2Q6,430,96.1
A0A7K4R7X4,433,98.1
A0A7K4REM3,438,97.4
A0A7K4RR87,432,95.5
A0A7K4RT77,366,98.1
A0A7K4S3I9,438,97.6
A0A7K4T2Y4,432,95.9
A0A7K4T5Q7,433,98.1
A0A7K4TRL8,433,98.0
A0A7K4UJ77,437,97.5
A0A7K4ULA2,432,95.5
A0A7K4UW73,348,96.1
A0A7K4UX05,366,98.0
A0A7K4VSD2,438,97.4
A0A7K4W062,432,96.0
A0A7K4WDT6,433,97.9
A0A7K4WKY7,440,97.5
A0A7K4XR99,433,98.1
A0A7K4XU50,431,95.1
A0A7K4XWQ9,268,62.4
A0A7K4Y7A9,366,98.1
A0A7K4YR05,433,95.3
A0A7K4YYA5,438,97.6
A0A7K4ZG86,433,98.2
A0A7K4ZSQ1,438,97.6
A0A7K4ZX98,432,95.4
A0A7K5AXP8,433,95.9
A0A7K5BFK9,366,98.0
A0A7K5BHE4,321,72.0
A0A7K5BKU5,432,95.3
A0A7K5BX09,366,97.9
A0A7K5BZF7,437,97.6
A0A7K5CUS3,433,95.3
A0A7K5DD51,433,98.1
A0A7K5DVV1,437,97.6
A0A7K5EJ12,366,97.9
A0A7K5ELW5,429,95.4
A0A7K5FKR5,374,94.5
A0A7K5FKY3,438,97.6
A0A7K5FRT9,431,95.9
A0A7K5G7N5,366,98.1
A0A7K5GJF0,431,95.4
A0A7K5H484,438,97.6
A0A7K5HBT4,366,98.1
A0A7K5HGF8,438,97.7
A0A7K5HXS5,430,95.3
A0A7K5IZ95,366,98.0
A0A7K5J7E1,432,95.4
A0A7K5JBY3,438,97.3
A0A7K5JRY8,430,96.4
A0A7K5K0A7,366,98.0
A0A7K5K660,437,97.5
A0A7K5KUW8,351,98.2
A0A7K5LQC5,431,95.7
A0A7K5M3T6,429,95.2
A0A7K5M889,366,98.0
A0A7K5N9A6,430,95.5
A0A7K5NP48,366,98.2
A0A7K5NX62,438,97.6
A0A7K5P3S4,366,98.0
A0A7K5P543,430,95.8
A0A7K5PF64,438,97.5
A0A7K5Q8H9,433,98.0
A0A7K5QFG8,437,97.5
A0A7K5QI23,354,95.1
A0A7K5RHP1,432,95.5
A0A7K5RUH2,437,97.5
A0A7K5SBD0,364,98.1
A0A7K5T7E1,429,95.4
A0A7K5T9K7,433,98.1
A0A7K5TKC5,437,97.6
A0A7K5TXZ7,438,97.2
A0A7K5TZS9,432,95.9
A0A7K5U9P2,433,98.1
A0A7K5UVM6,366,97.9
A0A7K5V7R9,438,97.4
A0A7K5V7Y2,432,95.4
A0A7K5W0H7,223,96.6
A0A7K5WF20,430,95.9
A0A7K5WQH9,438,97.5
A0A7K5X955,366,98.1
A0A7K5XD63,438,97.6
A0A7K5XS10,430,95.6
A0A7K5YP76,438,97.5
A0A7K5YRF1,432,95.4
A0A7K5YSB2,433,98.2
A0A7K5ZL37,431,98.1
A0A7K5ZND8,430,96.0
A0A7K6A4S3,438,97.2
A0A7K6AKM6,351,98.0
A0A7K6AP01,437,97.7
A0A7K6AYP9,432,96.2
A0A7K6C5P7,438,97.3
A0A7K6C6V5,433,98.0
A0A7K6CNF9,432,96.2
A0A7K6CRA7,438,97.4
A0A7K6DBV6,431,95.3
A0A7K6DCB6,433,97.9
A0A7K6E2B8,438,97.5
A0A7K6EDS7,431,95.4
A0A7K6EJ74,366,98.0
A0A7K6F3T6,365,98.3
A0A7K6FUT0,429,95.5
A0A7K6G183,439,97.5
A0A7K6GF04,437,97.2
A0A7K6GLA2,366,98.1
A0A7K6GXV9,432,95.4
A0A7K6HTJ4,432,95.4
A0A7K6HWW5,438,97.5
A0A7K6IFE7,366,98.1
A0A7K6IUS7,366,98.0
A0A7K6IUT7,438,97.5
A0A7K6JN09,430,95.6
A0A7K6JVQ5,366,98.2
A0A7K6KCX1,437,97.7
A0A7K6KFC9,432,95.8
A0A7K6KSV0,431,95.3
A0A7K6KUR1,433,98.1
A0A7K6L755,441,97.2
A0A7K6MGQ7,431,95.9
A0A7K6MM84,440,96.9
A0A7K6MTE8,271,94.3
A0A7K6N4G9,430,95.9
A0A7K6NB33,366,98.1
A0A7K6NBD3,438,97.5
A0A7K6PLK2,438,97.4
A0A7K6PQE0,432,95.8
A0A7K6PSU0,366,98.0
A0A7K6QEH7,429,96.6
A0A7K6QHN2,442,97.1
A0A7K6QTK7,433,98.0
A0A7K6RQY1,432,95.6
A0A7K6SDM4,433,97.9
A0A7K6TDP5,366,97.9
A0A7K6TKH7,432,95.5
A0A7K6U1U1,437,97.6
A0A7K6U4S0,432,95.5
A0A7K6U618,433,98.1
A0A7K6UZ60,350,98.0
A0A7K6V032,348,95.8
A0A7K6WFL7,431,96.8
A0A7K6WGG0,437,97.7
A0A7K6WQZ2,366,98.0
A0A7K6XH36,433,98.1
A0A7K6XT41,434,94.7
A0A7K6XTS5,438,97.4
A0A7K6Y9M2,438,97.7
A0A7K6Z622,433,98.0
A0A7K6Z8W6,433,95.3
A0A7K6ZSB5,441,97.3
A0A7K6ZWK6,434,98.1
A0A7K6ZWY2,430,95.9
A0A7K7AIN1,352,97.6
A0A7K7B193,434,98.1
A0A7K7B6J0,432,95.0
A0A7K7BQZ9,430,95.7
A0A7K7C148,438,97.5
A0A7K7C452,366,98.1
A0A7K7CUG3,438,97.5
A0A7K7CWS6,432,95.7
A0A7K7CWX8,350,98.1
A0A7K7E8F7,430,95.6
A0A7K7ED05,437,97.3
A0A7K7EMA8,366,98.0
A0A7K7EZ47,438,97.6
A0A7K7FP69,432,96.3
A0A7K7FQB3,433,98.2
A0A7K7GC87,438,97.5
A0A7K7GG39,366,98.0
A0A7K7GS50,431,95.7
A0A7K7I7U2,366,98.1
A0A7K7IAG4,349,95.2
A0A7K7J8F9,438,97.3
A0A7K7JQ00,432,95.1
A0A7K7K517,364,98.1
A0A7K7KA02,438,97.4
A0A7K7L7Z8,430,95.7
A0A7K7LN57,438,97.7
A0A7K7LPX5,358,98.0
A0A7K7ML66,366,98.1
A0A7K7MLP1,429,95.8
A0A7K7NLD0,438,97.6
A0A7K7NMI7,432,95.3
A0A7K7P3Z9,433,98.1
A0A7K7P778,432,96.4
A0A7K7PL37,438,97.4
A0A7K7Q815,432,95.8
A0A7K7QDU7,433,98.1
A0A7K7QK55,437,97.4
A0A7K7RDM5,440,97.5
A0A7K7RMY2,350,98.0
A0A7K7RZM1,432,94.2
A0A7K7T9B0,438,97.4
A0A7K7TC10,432,95.4
A0A7K7TM25,433,98.2
A0A7K7TNX5,437,97.7
A0A7K7TRE0,432,95.9
A0A7K7V9J4,430,98.2
A0A7K7VBF6,368,97.4
A0A7K7VEK3,430,95.6
A0A7K7VZU2,355,95.9
A0A7K7W3G5,430,98.1
A0A7K7W3L7,369,97.2
A0A7K7XEP7,438,97.5
A0A7K7XKX7,432,95.4
A0A7K7XXH8,326,96.6
A0A7K7YJB3,366,98.0
A0A7K7YNR5,438,97.5
A0A7K7YW99,429,95.6
A0A7K7ZCJ3,432,95.6
A0A7K7ZJT5,441,97.3
A0A7K8A1H9,358,98.0
A0A7K8AFF2,366,97.9
A0A7K8APG4,441,97.3
A0A7K8AXY9,429,95.4
A0A7K8BN17,432,95.4
A0A7K8C890,438,97.6
A0A7K8CNI4,366,98.1
A0A7K8DHJ7,432,95.6
A0A7K8DJQ0,358,98.2
A0A7K8DLW2,438,97.6
A0A7K8ED66,358,98.0
A0A7K8ET63,438,97.6
A0A7K8EUB4,433,94.9
A0A7K8EVI0,437,97.8
A0A7K8F2Q8,430,95.6
A0A7K8FDC7,366,98.1
A0A7K8G597,432,96.1
A0A7K8GX76,438,97.5
A0A7K8GXQ2,358,98.2
A0A7K8HL61,431,95.4
A0A7K8HZF1,366,98.1
A0A7K8I842,438,97.6
A0A7K8IBU2,437,97.4
A0A7K8ICN7,432,95.6
A0A7K8IFP9,366,98.3
A0A7K8JNC2,366,98.2
A0A7K8JYJ3,432,96.1
A0A7K8K578,438,97.6
A0A7K8KZA8,434,95.2
A0A7K8L116,433,98.0
A0A7K8LBD2,438,97.7
A0A7K8LR09,433,98.1
A0A7K8LYL8,431,95.6
A0A7K8M561,437,97.5
A0A7K8NBA7,432,96.8
A0A7K8NG81,353,97.4
A0A7K8NHT2,431,98.1
A0A7K8PGQ7,438,97.6
A0A7K8PGU2,430,95.8
A0A7K8PNM3,433,98.2
A0A7K8QFD0,433,98.2
A0A7K8QS69,430,96.3
A0A7K8R2H7,324,74.3
A0A7K8RF24,366,98.0
A0A7K8RX68,431,95.5
A0A7K8SUU7,433,98.2
A0A7K8TDF9,438,97.6
A0A7K8TIQ6,259,94.1
A0A7K8U429,366,98.1
A0A7K8U8M0,430,95.3
A0A7K8UA59,438,97.6
A0A7K8URN5,434,95.4
A0A7K8V446,442,95.8
A0A7K8VYV9,432,96.0
A0A7K8WCE2,437,97.3
A0A7K8WR57,433,98.1
A0A7K8XM26,437,97.7
A0A7K8XP12,366,98.2
A0A7K8Y361,432,95.4
A0A7K8YCK8,437,97.5
A0A7K8Z7X4,433,95.2
A0A7K8Z955,366,98.1
A0A7K8ZDK7,422,87.1
A0A7K8ZLM7,433,98.1
A0A7K8ZQQ3,432,96.2
A0A7K9AQT6,432,96.1
A0A7K9AST9,364,98.1
A0A7K9BFT1,353,97.2
A0A7K9CBN6,438,97.6
A0A7K9CEY6,431,98.1
A0A7K9CGN6,432,95.4
A0A7K9D8K6,366,98.1
A0A7K9DDD6,437,97.7
A0A7K9DGA3,431,95.9
A0A7K9DVH1,433,98.1
A0A7K9E428,356,88.4
A0A7K9E455,438,97.5
A0A7K9FAI8,438,97.7
A0A7K9FEN0,432,95.3
A0A7K9FWU2,366,98.0
A0A7K9GNX4,430,95.2
A0A7K9GQZ3,366,98.1
A0A7K9H3X5,438,97.4
A0A7K9HBM5,432,96.1
A0A7K9HMM0,438,97.6
A0A7K9I3K5,366,97.9
A0A7K9J1H8,432,95.6
A0A7K9J542,364,98.2
A0A7K9J5M2,437,97.4
A0A7K9K554,366,98.0
A0A7K9K590,437,97.6
A0A7K9KF69,429,95.4
A0A7K9KWE0,431,95.5
A0A7K9LA62,366,98.1
A0A7K9LIB2,437,97.6
A0A7K9M7L3,432,95.7
A0A7K9M7R1,438,97.5
A0A7K9MNP7,366,98.0
A0A7K9MZB2,432,96.0
A0A7K9N7B9,437,97.5
A0A7K9N7C6,366,98.2
A0A7K9PX33,430,95.5
A0A7K9Q169,326,96.0
A0A7K9QLW6,437,97.4
A0A7K9QT35,366,98.1
A0A7K9QU57,429,95.7
A0A7K9RI88,433,98.2
A0A7K9RKF2,438,97.4
A0A7K9RZ42,432,95.4
A0A7K9SMQ3,438,97.7
A0A7K9T7R5,432,95.6
A0A7K9T7V9,433,98.2
A0A7K9TYV8,430,96.0
A0A7K9U6U8,361,93.4
A0A7K9UCJ9,433,98.0
A0A7K9UPL5,437,97.6
A0A7K9V4Z3,366,98.1
A0A7K9VIE7,435,95.5
A0A7K9W591,432,95.7
A0A7K9WEC9,366,98.0
A0A7K9WIS0,437,97.6
A0A7K9XKA6,432,95.7
A0A7K9XPQ6,438,97.5
A0A7K9XVE4,366,98.0
A0A7K9YGZ6,366,98.2
A0A7K9YM37,438,97.4
A0A7K9YUW9,432,95.3
A0A7K9ZB87,366,98.2
A0A7K9ZED2,438,97.6
A0A7K9ZLF6,430,95.8
A0A7L0AL25,358,98.3
A0A7L0B1Z3,438,97.5
A0A7L0B2T3,430,95.4
A0A7L0BG14,433,98.1
A0A7L0BZ96,438,97.7
A0A7L0C8Z6,432,95.9
A0A7L0CH15,433,98.2
A0A7L0CXM6,438,97.6
A0A7L0D5Y2,432,96.1
A0A7L0E2B5,432,95.6
A0A7L0E9R7,433,98.0
A0A7L0ESF5,437,97.4
A0A7L0FJX2,366,98.0
A0A7L0FRN5,438,97.5
A0A7L0FZW3,348,95.3
A0A7L0GC78,366,98.1
A0A7L0GRV2,430,95.5
A0A7L0H0Y2,438,97.6
A0A7L0HK59,438,97.5
A0A7L0HQE4,430,95.9
A0A7L0I4L2,366,98.1
A0A7L0INV5,433,98.2
A0A7L0IP32,437,97.5
A0A7L0IV34,430,95.9
A0A7L0JK12,432,95.4
A0A7L0K5E2,366,97.9
A0A7L0K639,437,97.6
A0A7L0KUR2,351,98.2
A0A7L0KV55,430,95.7
A0A7L0KWC2,437,97.4
A0A7L0LZK5,432,96.1
A0A7L0MEN2,427,87.1
A0A7L0MR51,433,98.1
A0A7L0MWW3,433,98.0
A0A7L0N556,440,97.5
A0A7L0NFQ3,432,96.2
A0A7L0PCK2,432,96.1
A0A7L0PKS7,366,98.1
A0A7L0QIA3,438,97.5
A0A7L0QN90,348,94.9
A0A7L0QZT4,366,98.1
A0A7L0S0P4,433,98.1
A0A7L0S180,438,97.8
A0A7L0S3P8,432,96.1
A0A7L0T0Q2,433,98.3
A0A7L0TFU8,432,95.0
A0A7L0TGK3,442,97.3
A0A7L0U6D7,430,95.7
A0A7L0U734,366,98.0
A0A7L0UKC5,437,97.6
A0A7L0UWP5,431,98.1
A0A7L0VIF4,438,97.7
A0A7L0VU62,432,95.4
A0A7L0W2E0,366,98.2
A0A7L0W5J0,432,94.9
A0A7L0WCC8,438,97.5
A0A7L0X9D6,366,98.0
A0A7L0Y6V9,437,97.3
A0A7L0YFP7,259,92.9
A0A7L0YT98,431,98.2
A0A7L0ZCP6,433,95.9
A0A7L0ZR40,438,97.2
A0A7L1A126,366,98.1
A0A7L1ATW9,432,95.4
A0A7L1B467,438,97.5
A0A7L1BA52,366,97.9
A0A7L1CDX9,432,94.8
A0A7L1CEI4,438,97.5
A0A7L1CHE3,366,98.1
A0A7L1CKW9,439,97.3
A0A7L1CV28,358,98.2
A0A7L1D6I3,432,95.7
A0A7L1E050,429,95.7
A0A7L1EPK8,438,97.4
A0A7L1ERE7,326,96.4
A0A7L1F781,431,96.1
A0A7L1FRB9,438,97.4
A0A7L1FRH6,366,98.2
A0A7L1GQI7,366,98.0
A0A7L1GWZ9,438,97.6
A0A7L1GYD3,432,95.9
A0A7L1HG09,433,98.2
A0A7L1HN82,438,97.6
A0A7L1HQV6,432,95.9
A0A7L1ID37,438,97.6
A0A7L1IHS7,366,97.9
A0A7L1IVN4,430,95.8
A0A7L1JS29,366,98.2
A0A7L1JU38,430,95.5
A0A7L1KE61,442,97.5
A0A7L1KXN1,433,98.1
A0A7L1KYW6,438,97.6
A0A7L1LCC0,432,95.7
A0A7L1LPW5,348,95.2
A0A7L1M223,366,98.1
A0A7L1M379,321,87.6
A0A7L1N0R0,432,96.5
A0A7L1NBF2,437,97.7
A0A7L1NL85,366,98.0
A0A7L1PCF1,366,98.2
A0A7L1PG34,431,95.7
A0A7L1PMV3,438,97.5
A0A7L1QMB0,431,95.3
A0A7L1QSS9,433,98.0
A0A7L1QUL2,437,97.4
A0A7L1REL0,366,98.0
A0A7L1S2L1,432,95.4
A0A7L1SA63,438,97.6
A0A7L1SEC2,433,98.1
A0A7L1STX6,432,96.0
A0A7L1T906,437,97.6
A0A7L1TZ87,441,97.5
A0A7L1TZI8,354,95.4
A0A7L1UKS4,358,98.2
A0A7L1UZX1,366,98.0
A0A7L1VAL2,431,95.6
A0A7L1VDM1,441,97.3
A0A7L1VVA3,433,97.9
A0A7L1VWX7,432,95.5
A0A7L1WQE6,438,97.4
A0A7L1X1M9,430,96.1
A0A7L1X974,433,98.2
A0A7L1XKT7,438,97.6
A0A7L1Y416,433,98.1
A0A7L1YMN5,437,97.5
A0A7L1Z5A0,432,95.6
A0A7L1ZBV2,358,98.0
A0A7L1ZMW2,438,96.8
A0A7L1ZTF1,356,87.0
A0A7L2A9R9,433,97.9
A0A7L2ANV7,432,95.8
A0A7L2B5H9,438,97.6
A0A7L2BP46,432,95.5
A0A7L2BPE5,433,98.2
A0A7L2CCL0,437,97.4
A0A7L2CNQ2,439,97.4
A0A7L2CQD7,433,98.1
A0A7L2DF47,348,95.3
A0A7L2EEX7,366,98.0
A0A7L2EJF2,430,94.9
A0A7L2EM86,437,97.5
A0A7L2EUG7,432,95.9
A0A7L2FHT0,438,97.5
A0A7L2FIA8,366,98.2
A0A7L2G8D3,433,98.1
A0A7L2GAV7,430,95.5
A0A7L2H0M8,438,97.7
A0A7L2HN11,391,96.8
A0A7L2HPT2,366,98.1
A0A7L2I330,432,95.9
A0A7L2IJB7,356,88.8
A0A7L2J091,432,95.8
A0A7L2J302,366,98.0
A0A7L2KIV0,354,95.3
A0A7L2KTA1,366,98.1
A0A7L2KYV0,438,97.5
A0A7L2LCJ2,366,98.1
A0A7L2LH74,438,97.4
A0A7L2M4M1,432,95.4
A0A7L2MBV5,432,95.7
A0A7L2ME30,437,97.2
A0A7L2MMN3,324,96.1
A0A7L2NPT8,440,97.2
A0A7L2NYA8,366,98.0
A0A7L2P458,432,95.6
A0A7L2PSY7,366,96.4
A0A7L2QB16,354,95.7
A0A7L2RJ89,432,96.4
A0A7L2RRH8,417,87.7
A0A7L2S605,437,97.6
A0A7L2SKI1,324,95.8
A0A7L2SMW7,434,94.6
A0A7L2TIP5,326,96.5
A0A7L2TXS7,431,96.3
A0A7L2TZL4,392,96.6
A0A7L2UES8,430,96.1
A0A7L2UMM8,366,98.1
A0A7L2V9Q3,432,96.1
A0A7L2VHJ1,431,98.0
A0A7L2VME6,438,97.6
A0A7L2W4K9,432,95.9
A0A7L2WMC0,358,97.8
A0A7L2XQ04,431,95.6
A0A7L2Y2B3,438,97.6
A0A7L2Y957,271,96.4
A0A7L2YLU2,430,95.8
A0A7L2ZK99,366,98.1
A0A7L3A0T2,429,95.4
A0A7L3ASD3,433,98.2
A0A7L3BAG4,432,95.5
A0A7L3BE99,438,97.6
A0A7L3BWI7,392,96.4
A0A7L3CBN5,430,95.8
A0A7L3CLE8,433,98.1
A0A7L3D4U6,433,98.2
A0A7L3DA69,438,97.5
A0A7L3DHE2,434,95.3
A0A7L3E7A6,429,95.5
A0A7L3EDA7,358,98.1
A0A7L3F3R9,366,98.1
A0A7L3FZB7,432,95.5
A0A7L3G376,356,89.7
A0A7L3G7C7,274,90.5
A0A7L3GDZ2,326,96.4
A0A7L3H565,431,95.9
A0A7L3HGN1,438,97.6
A0A7L3HGQ1,433,97.8
A0A7L3ICB1,438,97.4
A0A7L3II55,433,98.2
A0A7L3IMJ1,431,95.3
A0A7L3JB49,430,95.5
A0A7L3JDC3,392,96.8
A0A7L3K5H2,431,98.1
A0A7L3KC56,438,97.3
A0A7L3KS66,354,95.4
A0A7L3L4X8,369,93.2
A0A7L3LBG2,438,97.5
A0A7L3LTJ7,324,96.6
A0A7L3M9C4,232,48.8
A0A7L3N3B3,433,98.3
A0A7L3N7G5,437,97.3
A0A7L3NKI9,429,95.9
A0A7L3NWU9,326,96.9
A0A7L3P790,433,95.2
A0A7L3PYR3,438,97.5
A0A7L3Q0B1,366,98.2
A0A7L3QSU1,432,95.6
A0A7L3R603,438,97.6
A0A7L3RDQ2,438,97.6
A0A7L3RH59,432,95.3
A0A7L3RLN6,366,98.1
A0A7L3SSK2,366,98.2
A0A7L3T1J1,438,97.6
A0A7L3TU19,430,95.5
A0A7L3UE00,438,97.7
A0A7L3UGW8,366,98.0
A0A7L3UUS7,438,97.5
A0A7L3VCU4,358,98.1
A0A7L3VGL6,432,95.7
A0A7L3W3X9,393,96.7
A0A7L3WYQ2,432,95.8
A0A7L3X5X1,326,96.2
A0A7L3XJY1,326,96.5
A0A7L3XQE2,431,95.8
A0A7L3Y7R9,438,97.5
A0A7L3Z0N5,432,95.7
A0A7L3Z4N6,433,98.2
A0A7L3ZX04,432,95.8
A0A7L3ZX88,366,98.1
A0A7L4AAE6,438,97.6
A0A7L4B2A4,430,95.5
A0A7L4B9W3,366,98.0
A0A7L4C0D6,433,98.1
A0A7L4CAL0,430,95.6
A0A7L4D2P2,432,95.6
A0A7L4DEH0,433,98.2
A0A7L4DSA9,440,97.6
A0A7L4E176,433,98.0
A0A7L4E408,437,97.6
A0A7L4EMH8,431,95.5
A0A7L4F899,430,95.9
A0A7L4FPS7,438,97.8
A0A7L4FRG3,366,97.9
A0A7L4GCF9,437,97.7
A0A7L4GIS6,430,96.0
A0A7L4H6Z1,430,98.2
A0A7L4HJ58,372,95.2
A0A7L4HXY3,440,97.6
A0A7L4I0J3,432,95.6
A0A7L4IKJ7,366,98.0
A0A7L4IRI8,355,94.8
A0A7L4ISY2,437,97.4
A0A7L4JNZ0,432,95.8
A0A7L4JPX4,433,98.1
A0A7L4JSS3,438,97.5
A0A7L4KI28,433,98.0
A0A7L4KSH1,437,97.4
A0A7L4L8Z6,348,95.4
A0A7L4LYT9,430,95.8
A0A7L4M1H8,434,95.9
A0A7L4MB48,433,98.0
A0A7L4NI19,272,92.5
A0A7L4NLE4,369,92.9
A0A7L9QAZ9,151,75.8
A0A7L9QB59,132,89.4
A0A7L9UA43,176,94.1
A0A7L9UBA5,226,97.8
A0A7L9UCT6,155,74.3
A0A7M1DDR5,117,69.4
A0A7M1IP72,132,92.2
A0A7M1IP75,153,66.1
A0A7M1IP80,132,88.8
A0A7M1IP85,132,95.4
A0A7M1IP89,152,75.5
A0A7M1IP91,132,90.0
A0A7M1IP93,132,95.2
A0A7M1IP94,124,81.0
A0A7M1IP95,132,87.3
A0A7M1IP97,132,78.1
A0A7M1IP98,132,92.3
A0A7M1IPA1,132,90.3
A0A7M1IPA3,124,81.3
A0A7M1IPA4,132,94.9
A0A7M1IPA5,132,95.2
A0A7M1IPA7,132,94.8
A0A7M1IPA8,132,90.6
A0A7M1IPB3,132,87.7
A0A7M1IPB6,132,85.0
A0A7M1IPC0,133,88.3
A0A7M1IPC2,132,94.6
A0A7M1IPC8,132,87.7
A0A7M1IPE9,132,95.2
A0A7M1IPG4,132,87.4
A0A7M1IPJ8,133,89.2
A0A7M1IPK9,132,86.2
A0A7M1IPL3,135,94.2
A0A7M1IPL4,132,87.5
A0A7M1IPM2,132,93.7
A0A7M1IPN2,133,90.4
A0A7M1IPN3,132,71.0
A0A7M1IPQ9,132,95.2
A0A7M1IPT3,125,82.5
A0A7M1IPV4,132,91.7
A0A7M1IPX2,132,93.7
A0A7M2SBB5,270,97.6
A0A7M2SPF7,283,96.8
A0A7M2T8U2,270,98.3
A0A7M2TF05,285,97.3
A0A7M3VC31,193,95.6
A0A7M3VC32,189,95.9
A0A7M3VC33,193,95.1
A0A7M3VC35,193,95.5
A0A7M3VC37,196,95.5
A0A7M3VC38,190,93.6
A0A7M3VC41,190,95.8
A0A7M3VC42,194,94.5
A0A7M3VC43,193,93.4
A0A7M3VC44,190,93.6
A0A7M3VC45,181,93.9
A0A7M3VC47,179,95.6
A0A7M3VC48,189,95.6
A0A7M3VC49,193,95.7
A0A7M3VC53,194,95.4
A0A7M4FCS6,433,98.1
A0A7M4FEA3,358,98.1
A0A7M4FN31,430,95.6
A0A7M4FNM3,430,95.5
A0A7M4FSZ7,438,97.2
A0A7M5TY65,116,74.7
A0A7M5U0C1,356,87.5
A0A7M5UEV7,159,62.6
A0A7M5V391,402,79.8
A0A7M5V4K9,377,95.1
A0A7M5V4U7,285,87.9
A0A7M5WXX0,412,93.4
A0A7M5WYG4,302,92.7
A0A7M5X1J4,222,95.8
A0A7M5XIS8,368,94.7
A0A7M6DMJ9,341,93.6
A0A7M6DMK7,334,95.8
A0A7M6DQ32,292,91.6
A0A7M6DQE2,395,93.0
A0A7N0REJ2,225,92.2
A0A7N0RG09,333,96.1
A0A7N0VLV1,306,97.5
A0A7N2MTV1,304,97.5
A0A7N2R4S9,330,97.2
A0A7N2RCI0,336,96.7
A0A7N4NVD6,135,77.9
A0A7N5KMD0,163,68.8
A0A7N5P521,131,92.1
A0A7N6A648,365,97.9
A0A7N6A692,429,97.8
A0A7N6ABY5,364,98.0
A0A7N6AG26,432,97.7
A0A7N6AJ73,369,97.7
A0A7N6AMA0,424,92.4
A0A7N6BGW9,434,98.0
A0A7N6BUK6,432,95.8
A0A7N6FE63,434,97.5
A0A7N6FH14,365,97.8
A0A7N6FHA2,434,97.7
A0A7N8WK81,439,97.5
A0A7N8WV62,436,95.5
A0A7N8XMW7,433,95.4
A0A7N8Y1J5,433,95.7
A0A7N8YJX1,426,95.6
A0A7R6T5J0,360,96.7
A0A7R7VQZ5,397,82.6
A0A7R7VRG0,410,93.8
A0A7R7W9K7,365,97.8
A0A7R7WZB7,302,97.4
A0A7R7X9F5,358,97.0
A0A7R7XAN5,330,95.5
A0A7R7XQJ8,306,98.2
A0A7R7XS87,299,97.1
A0A7R7XUY8,92,78.4
A0A7R7XVK7,53,89.5
A0A7R7XXA9,364,93.5
A0A7R7ZLM2,268,80.9
A0A7R7ZNQ8,246,88.9
A0A7R8AGW9,327,95.0
A0A7R8ARR0,289,93.9
A0A7R8Z532,201,90.4
A0A7R9E5Y2,201,79.3
A0A7R9KEZ6,118,84.6
A0A7R9KQM4,292,97.2
A0A7R9KZT3,278,88.9
A0A7R9L054,332,87.5
A0A7R9M988,277,92.2
A0A7R9PUN4,424,71.3
A0A7R9PVW4,516,77.4
A0A7R9Q0Z3,290,96.6
A0A7R9Q5E5,56,67.0
A0A7R9QJ93,201,64.8
A0A7R9QRB4,269,75.0
A0A7R9QVX0,308,92.3
A0A7R9UNI4,376,90.3
A0A7R9V365,409,90.7
A0A7R9YR27,222,72.1
A0A7S0FYS9,337,90.6
A0A7S0I6H8,278,82.8
A0A7S0L954,166,87.8
A0A7S0LHE4,729,80.8
A0A7S0NWU5,227,89.9
A0A7S0Q6Q8,147,74.6
A0A7S0SRE9,463,92.2
A0A7S0WI35,400,91.5
A0A7S0XC89,196,91.3
A0A7S0XDT4,510,96.3
A0A7S0ZFM1,443,83.1
A0A7S0ZFM8,515,60.7
A0A7S1A6W1,372,97.0
A0A7S1B601,368,90.4
A0A7S1D9M3,166,69.0
A0A7S1D9Z1,443,90.4
A0A7S1N991,99,52.9
A0A7S1PIG6,331,81.7
A0A7S1QT39,221,93.2
A0A7S1T762,235,86.6
A0A7S1T768,286,71.7
A0A7S1XDZ4,208,71.2
A0A7S1XGZ2,150,88.1
A0A7S2AI41,469,93.0
A0A7S2AJW0,423,88.6
A0A7S2APG2,159,93.2
A0A7S2AZS3,175,90.5
A0A7S2B036,154,94.6
A0A7S2B082,75,69.9
A0A7S2B4B6,492,92.8
A0A7S2B4C7,195,90.5
A0A7S2B4P7,109,94.8
A0A7S2B6E8,470,91.7
A0A7S2B9N2,73,89.6
A0A7S2BAD2,198,92.1
A0A7S2BCW7,92,68.1
A0A7S2BK70,450,96.4
A0A7S2BKJ3,440,95.7
A0A7S2BQH6,499,88.1
A0A7S2BXX5,486,96.3
A0A7S2C5C6,139,87.0
A0A7S2C850,179,88.4
A0A7S2CAB6,442,93.8
A0A7S2CDF7,92,92.0
A0A7S2CGN8,359,91.4
A0A7S2CGQ1,456,94.0
A0A7S2CMT8,178,90.5
A0A7S2CN14,251,94.6
A0A7S2CSN0,130,87.5
A0A7S2CVH2,485,79.6
A0A7S2CW70,390,80.7
A0A7S2CZV2,429,90.7
A0A7S2D0S4,461,92.2
A0A7S2DDL4,212,87.8
A0A7S2DI27,463,95.1
A0A7S2DUP4,451,93.7
A0A7S2E480,180,95.2
A0A7S2EUW0,305,75.0
A0A7S2F235,48,93.5
A0A7S2F553,223,94.5
A0A7S2F5L7,492,95.5
A0A7S2F9B5,498,90.7
A0A7S2FM18,386,73.6
A0A7S2FMS7,229,90.1
A0A7S2FUY7,438,87.7
A0A7S2FXC1,77,91.6
A0A7S2G1V7,486,90.9
A0A7S2G2D7,341,90.6
A0A7S2G2V6,101,95.0
A0A7S2G514,130,85.4
A0A7S2GG22,75,76.2
A0A7S2GZS8,473,93.7
A0A7S2GZX5,482,95.8
A0A7S2H1Q6,456,95.6
A0A7S2H9D0,93,83.4
A0A7S2HL40,453,95.6
A0A7S2HW81,199,91.9
A0A7S2J7N4,155,96.1
A0A7S2J952,305,71.3
A0A7S2JHL4,434,89.8
A0A7S2JHQ4,427,89.0
A0A7S2JTA5,376,86.0
A0A7S2MDR4,419,95.5
A0A7S2MDT3,190,89.8
A0A7S2ME85,442,95.4
A0A7S2MH92,500,91.0
A0A7S2MJ64,178,88.5
A0A7S2MLN1,403,90.3
A0A7S2MT20,473,90.1
A0A7S2NHF0,155,96.7
A0A7S2QBF1,256,92.2
A0A7S2R4W0,447,94.7
A0A7S2R6D0,424,94.8
A0A7S2R7L9,424,95.0
A0A7S2R8C7,297,96.4
A0A7S2RVF0,88,91.2
A0A7S2SA39,459,96.9
A0A7S2SIM0,425,95.6
A0A7S2TF86,294,62.4
A0A7S2UUX6,111,86.2
A0A7S2V0W7,345,91.8
A0A7S2V1V1,475,93.4
A0A7S2V2E8,285,82.2
A0A7S2VD40,102,83.1
A0A7S2VZ60,103,86.2
A0A7S2W0D0,404,92.5
A0A7S2W132,506,93.2
A0A7S2W1K8,447,95.9
A0A7S2W1Z0,424,95.2
A0A7S2W3X4,459,91.8
A0A7S2W4W4,463,93.4
A0A7S2W594,460,93.3
A0A7S2W5V2,152,80.7
A0A7S2W6D9,179,58.0
A0A7S2WAP3,455,93.9
A0A7S2WC22,439,92.6
A0A7S2WDH6,131,72.0
A0A7S2WEF6,529,91.9
A0A7S2WFA6,545,91.1
A0A7S2WV18,100,88.4
A0A7S2XVL9,73,85.3
A0A7S2XW78,463,94.2
A0A7S2XX66,433,94.7
A0A7S2XX74,461,92.6
A0A7S2Y148,174,78.5
A0A7S2YZI4,172,64.6
A0A7S3DSM8,99,88.3
A0A7S3EYR7,328,82.0
A0A7S3H575,353,54.1
A0A7S3K253,340,85.0
A0A7S3K2N9,456,94.8
A0A7S3K307,441,96.0
A0A7S3K4Y5,319,89.9
A0A7S3NJF7,231,86.1
A0A7S3QEJ9,331,91.5
A0A7S3RCE1,302,91.7
A0A7S3S276,227,88.2
A0A7S3W3R1,287,82.4
A0A7S3XIT1,280,86.2
A0A7S3XKD7,230,88.2
A0A7S3XKX0,434,96.6
A0A7S3XTZ6,418,94.2
A0A7S3XU52,154,85.0
A0A7S3XY60,448,96.3
A0A7S3Y339,107,82.2
A0A7S3Y3N6,201,90.4
A0A7S3Y3R6,329,95.3
A0A7S3Y470,239,94.5
A0A7S3Y4W0,312,88.0
A0A7S3Y6N8,151,90.7
A0A7S3YHN7,102,89.7
A0A7S4AB65,320,93.4
A0A7S4C8S2,342,81.8
A0A7S4DCA4,512,93.7
A0A7S4DDY2,350,94.4
A0A7S4EF99,257,63.7
A0A7S4GNC1,358,95.1
A0A7S4HE02,202,90.0
A0A7S4K6S0,174,83.1
A0A7S4LG24,218,89.7
A0A7S4P9T4,128,77.3
A0A7S4QPD7,444,88.9
A0A7S4QRZ1,444,88.4
A0A7S4ZSW5,311,93.4
A0A7S5Q0E9,179,95.5
A0A7S5Q0G1,179,94.4
A0A7S5Q1M4,179,95.7
A0A7S5Q1N7,188,95.5
A0A7S5Q454,179,95.0
A0A7S5UAS7,188,95.5
A0A7S5UAT8,179,95.3
A0A7S5UB68,179,95.5
A0A7S6HUY0,304,95.2
A0A7S7SGR7,262,88.0
A0A7S8CX28,361,97.1
A0A7S8D0B4,304,96.0
A0A7S8D418,403,89.9
A0A7S8D684,280,95.2
A0A7S8HSP6,324,96.4
A0A7S8HTB7,389,72.9
A0A7S9PSA8,330,75.6
A0A7T0MI32,328,97.0
A0A7T1BYE4,132,85.7
A0A7T1BYF0,193,61.4
A0A7T1BYF2,172,93.9
A0A7T1BYF5,179,88.6
A0A7T1BYG0,193,94.9
A0A7T1BYG1,182,95.4
A0A7T1FRB2,193,61.2
A0A7T1FRD7,207,61.4
A0A7T1FRE1,193,65.1
A0A7T1FRL1,212,66.0
A0A7T3R011,133,89.4
A0A7T3R023,132,89.4
A0A7T3R028,133,90.2
A0A7T3R040,132,89.4
A0A7T3R042,133,89.7
A0A7T3R051,132,89.9
A0A7T3R053,157,88.8
A0A7T3R055,133,87.1
A0A7T3R059,157,90.6
A0A7T3R062,157,88.8
A0A7T3R065,135,90.1
A0A7T3R067,132,90.7
A0A7T3R072,132,90.0
A0A7T3R073,132,89.4
A0A7T3R074,132,89.4
A0A7T3R075,132,89.5
A0A7T3R078,132,90.7
A0A7T3R085,157,90.4
A0A7T3R086,132,88.2
A0A7T3R088,134,91.1
A0A7T3R098,145,90.6
A0A7T3R0A0,132,88.9
A0A7T3R0A2,133,89.8
A0A7T3R0D6,132,90.3
A0A7T3R0D8,157,88.8
A0A7T3UYC3,133,89.9
A0A7T3UYC7,133,89.9
A0A7T3UYD2,133,89.8
A0A7T3UYJ1,133,90.6
A0A7T3UYR3,132,90.1
A0A7T3UYR8,158,89.4
A0A7T3UYS9,157,88.9
A0A7T3UYX1,132,88.9
A0A7T3UYY0,132,89.4
A0A7T3UYY5,133,89.7
A0A7T3UYZ2,132,88.9
A0A7T6XWB9,323,96.2
A0A7T7FTD9,174,76.1
A0A7T7FTE5,173,56.7
A0A7T7FTF0,174,70.5
A0A7T7FTF3,174,57.3
A0A7T7FTF8,174,73.5
A0A7T7FTG1,174,56.9
A0A7T7FTG6,174,65.5
A0A7T7FTH1,174,66.5
A0A7T7FTH3,174,56.5
A0A7T7FTH7,174,62.0
A0A7T7FTI2,174,61.6
A0A7T7FTI5,174,56.5
A0A7T7FTI7,174,68.0
A0A7T7FTJ3,174,55.2
A0A7T7FTJ4,174,55.4
A0A7T7FTJ5,174,74.6
A0A7T7ICM9,133,79.5
A0A7T7ICP5,132,81.9
A0A7T7ICP9,153,84.1
A0A7T7JQR9,174,59.8
A0A7T7JQS3,174,61.2
A0A7T7JQS4,174,62.0
A0A7T7JQS5,174,61.0
A0A7T7JQT3,173,57.5
A0A7T7JQT5,173,56.7
A0A7T7JQU2,174,65.5
A0A7T7L3P8,269,98.5
A0A7T7RE24,285,97.6
A0A7U2ERA1,344,91.7
A0A7U2ESQ2,362,97.9
A0A7U2EU21,364,98.3
A0A7U2EUN7,359,94.9
A0A7U2F198,246,71.5
A0A7U2F463,338,96.0
A0A7U2F4F3,371,97.1
A0A7U2F4G3,360,97.3
A0A7U2F662,270,97.9
A0A7U2FA14,349,96.5
A0A7U2FA84,345,95.4
A0A7U2FAU1,298,93.8
A0A7U2FCU0,268,81.2
A0A7U2HZK6,338,97.7
A0A7U2I6P4,343,97.9
A0A7U2IA54,360,97.0
A0A7U2MCW3,404,86.3
A0A7U2MHQ4,367,97.2
A0A7U2MJK8,265,98.0
A0A7U2MKV6,409,91.7
A0A7U2MN31,326,97.8
A0A7U2NQS5,315,91.5
A0A7U2QZU7,323,97.6
A0A7U2R2A5,590,87.4
A0A7U3UTQ7,285,97.2
A0A7U4PCG9,321,95.1
A0A7U9DPK1,285,97.3
A0A7V2WU63,271,95.3
A0A7V6P981,344,96.4
A0A7V8NTJ8,120,83.7
A0A7W2DTS7,285,96.9
A0A7W3N6D8,284,98.0
A0A7W3NNF9,285,96.7
A0A7W3WKV5,317,97.7
A0A7W4ZR98,285,97.3
A0A7W4ZUM4,270,98.1
A0A7W5H8K5,264,97.6
A0A7W6JPH3,228,96.1
A0A7W7DGX7,270,98.4
A0A7W7DTH3,285,97.0
A0A7W7E3W6,245,96.3
A0A7W7H2R4,271,98.4
A0A7W7I0S7,271,98.4
A0A7W7K2G7,227,95.9
A0A7W7LFN0,248,96.6
A0A7W7LLS9,269,98.5
A0A7W7PB48,269,98.4
A0A7W7PBB2,269,98.2
A0A7W7PQH6,269,98.2
A0A7W7PTB6,285,96.7
A0A7W7QZM1,269,98.4
A0A7W7U4E1,285,97.3
A0A7W7WEY1,320,97.9
A0A7W7WLD5,269,98.5
A0A7W7ZLM5,526,92.1
A0A7W7ZXN0,263,97.0
A0A7W8BHV4,285,97.1
A0A7W8HY88,237,96.2
A0A7W8KIV5,258,93.2
A0A7W9DMW4,302,98.0
A0A7W9H3D1,285,97.8
A0A7W9HDB9,270,98.4
A0A7W9LZX3,271,98.1
A0A7W9T7W4,285,97.1
A0A7W9TJL8,270,98.2
A0A7W9UN50,285,97.9
A0A7W9UNQ5,269,98.5
A0A7W9ZFQ6,309,96.6
A0A7X0B1W6,346,96.7
A0A7X0CD67,226,95.9
A0A7X0HJ80,270,98.3
A0A7X0HLM5,284,95.2
A0A7X0J7C0,274,94.8
A0A7X0RVL1,150,92.0
A0A7X0ULY4,265,96.4
A0A7X0VVP0,146,92.3
A0A7X1AJN0,287,97.4
A0A7X1AU61,312,97.4
A0A7X1HXH2,285,96.9
A0A7X1J7S6,269,98.4
A0A7X1JBZ8,354,97.4
A0A7X1XF74,312,95.9
A0A7X1YCU5,312,96.4
A0A7X2IKG1,336,95.7
A0A7X3G2V1,228,97.6
A0A7X5ASN3,291,93.6
A0A7X5YKZ1,238,95.8
A0A7X6DTB4,246,93.1
A0A7X6F6V2,329,94.4
A0A7X6F8F4,245,96.3
A0A7X6MJD4,284,96.1
A0A7Y0ZP28,302,97.9
A0A7Y1A6B9,303,98.0
A0A7Y1M371,303,98.2
A0A7Y1MNK6,312,89.6
A0A7Y2K220,162,77.4
A0A7Y4KXB0,354,92.6
A0A7Y6A0K8,264,93.1
A0A7Y7WSX0,281,94.7
A0A7Y7X987,281,95.0
A0A7Y7XVN5,279,93.5
A0A7Y7XW82,269,96.5
A0A7Y7YD02,308,96.1
A0A7Y7YGK1,269,96.6
A0A7Y8BLA6,286,94.1
A0A7Y8CHG9,392,94.3
A0A7Y8CNU3,395,91.6
A0A7Y8ELP5,312,89.7
A0A7Y8FG76,312,97.1
A0A7Y8G0C0,281,97.7
A0A7Y8G6M0,312,89.1
A0A7Y9DJJ9,292,98.5
A0A7Z0AWG8,282,97.6
A0A7Z0BL67,294,95.5
A0A7Z0Q9G1,317,96.2
A0A7Z0QPU5,94,85.9
A0A7Z0TSU8,374,85.5
A0A7Z1SEM3,91,97.5
A0A7Z2VPE3,147,93.3
A0A7Z2ZS25,352,97.1
A0A7Z3C645,282,97.3
A0A7Z7N6D5,227,97.3
A0A803L763,390,77.7
A0A803LHJ1,111,51.0
A0A803LLC7,333,96.6
A0A803LLC8,325,95.1
A0A803LPT1,324,96.7
A0A803LPT2,333,95.0
A0A803NZB6,210,50.2
A0A803NZB7,325,97.0
A0A803NZB8,344,95.4
A0A803Q4R1,346,61.3
A0A803Q7X0,336,92.9
A0A803QFV7,327,96.9
A0A803QVW1,332,95.4
A0A803TR56,148,55.1
A0A804JMC8,330,96.3
A0A804JRR5,325,97.3
A0A804JRS7,336,86.7
A0A804K4K6,325,95.9
A0A804K4K7,316,96.2
A0A804K4K8,314,96.6
A0A804K4K9,314,96.7
A0A804KE62,325,97.5
A0A804KYE1,324,96.1
A0A804RIY3,302,94.8
A0A804RRR4,302,94.5
A0A804ULR4,356,91.0
A0A804UML8,295,94.3
A0A806U8E1,291,97.3
A0A811K405,364,92.9
A0A811KH31,357,90.6
A0A811KY04,327,94.9
A0A811L078,360,93.2
A0A811L1W7,363,91.3
A0A811NRK6,294,59.4
A0A811NTG6,334,96.0
A0A811NZK3,339,93.5
A0A811PLT5,398,88.8
A0A811PN71,358,93.3
A0A811PWB5,366,89.1
A0A811QAP8,209,88.0
A0A811R0U8,296,96.4
A0A811S1Q9,295,76.7
A0A811S5R9,311,60.6
A0A811S8X4,332,95.1
A0A811SJ34,312,94.6
A0A811Y7K8,430,97.8
A0A811YWD2,432,96.1
A0A811ZGG6,338,94.1
A0A812BCK9,352,84.9
A0A812CHS0,265,92.0
A0A812CSK2,332,89.2
A0A812CXY9,168,91.2
A0A812EG41,146,83.8
A0A812JR76,315,92.0
A0A812LEK0,139,89.6
A0A812LI75,305,90.5
A0A812MUA7,74,89.1
A0A812NUF4,385,85.4
A0A812PC05,399,90.8
A0A812PGH8,169,62.5
A0A812Q4I5,357,94.7
A0A812QA25,357,95.1
A0A812QP07,379,95.1
A0A812SAZ7,379,95.0
A0A812SYY3,86,71.7
A0A812UD98,81,79.7
A0A812UTX8,356,95.7
A0A812V5M0,528,84.1
A0A812V664,317,92.6
A0A812WL81,367,94.6
A0A812XIJ6,306,90.8
A0A813E1C8,534,74.1
A0A813FA30,459,76.8
A0A813FLF8,527,59.4
A0A813G5P0,461,78.6
A0A813GR84,455,76.0
A0A813GUI6,550,70.9
A0A813HEG4,534,71.2
A0A813HFF9,531,60.9
A0A813I2M7,460,67.0
A0A813IMN3,493,83.1
A0A813JVL4,470,77.3
A0A813K9V7,460,78.6
A0A814MII4,321,93.2
A0A814TH65,246,85.7
A0A814YW27,133,72.7
A0A815XYA0,308,78.8
A0A822XHC0,323,97.4
A0A822Z7C8,327,95.9
A0A830B0E0,302,87.4
A0A830B0I8,307,85.7
A0A830BJL4,321,95.7
A0A830CHU2,287,92.9
A0A830CNA2,173,93.5
A0A830CU19,293,93.1
A0A830CXD3,137,67.8
A0A830D9B7,180,96.3
A0A830GM12,336,82.0
A0A831VP34,311,95.6
A0A831VWH6,329,94.9
A0A833PQW3,395,89.5
A0A833QIW2,331,92.8
A0A833R0A1,303,96.0
A0A833RDF0,283,79.7
A0A833RJ43,301,92.2
A0A833S9Q2,449,93.8
A0A833SDF2,145,89.8
A0A833SS56,328,97.1
A0A833TET7,390,91.5
A0A833TJH1,366,91.8
A0A833TLW3,378,94.1
A0A833TPT6,69,95.1
A0A833V5D1,73,50.6
A0A833V600,153,95.1
A0A833W147,282,90.7
A0A833W8I4,323,97.2
A0A833WD19,516,78.2
A0A833WLV2,335,93.7
A0A833XZ93,339,97.4
A0A833YRW9,430,96.3
A0A834C2T3,426,95.5
A0A834D1R3,338,95.7
A0A834DL67,429,95.7
A0A834E413,432,98.2
A0A834FPC6,444,74.5
A0A834FXG3,323,96.7
A0A834L0D5,425,95.5
A0A834L1H9,436,97.4
A0A834QUI8,355,89.6
A0A834RPD9,150,89.3
A0A834RQG1,195,90.7
A0A834SG87,334,95.4
A0A834SH60,302,95.4
A0A834Y6U4,323,97.3
A0A834Y8S0,323,96.9
A0A834YAP2,240,63.3
A0A834ZDT5,325,96.6
A0A834ZKX7,323,97.0
A0A834ZNS4,337,92.2
A0A834ZT00,280,78.0
A0A834ZVC3,232,93.7
A0A835A952,339,69.8
A0A835ADC5,334,94.2
A0A835AE92,309,81.0
A0A835AGD2,340,94.9
A0A835AMR0,363,90.9
A0A835ANI8,331,96.2
A0A835ARW6,362,92.5
A0A835CZH3,143,89.4
A0A835DM91,323,97.1
A0A835DNL4,325,96.1
A0A835DNV5,322,96.6
A0A835DPK6,179,70.6
A0A835DS09,323,97.0
A0A835DSS3,115,90.3
A0A835DUN7,298,96.6
A0A835DYY3,298,96.5
A0A835E2N8,375,90.9
A0A835E410,345,93.2
A0A835E5D7,343,95.0
A0A835E634,380,88.2
A0A835FLY5,334,96.2
A0A835FSB9,332,88.9
A0A835FUU2,401,75.6
A0A835H2U5,317,97.1
A0A835HKR8,260,68.8
A0A835I7W5,326,94.7
A0A835IMV8,369,77.2
A0A835INJ6,368,90.6
A0A835JDS2,317,97.0
A0A835JKP2,320,96.8
A0A835JP46,257,70.3
A0A835KFP6,371,88.2
A0A835KQU2,334,94.3
A0A835KRV3,334,94.0
A0A835KT11,221,80.6
A0A835KTA7,338,95.4
A0A835KUK9,76,81.7
A0A835LFJ4,330,97.3
A0A835LHW4,331,94.1
A0A835MHI1,322,97.6
A0A835MQH1,320,97.1
A0A835MR89,318,97.2
A0A835MWN7,337,96.9
A0A835NL15,441,96.3
A0A835P026,433,98.0
A0A835P059,434,95.0
A0A835P8D1,321,95.6
A0A835QDT6,329,96.1
A0A835QFD3,321,96.3
A0A835QJ01,244,87.9
A0A835QLC7,298,96.1
A0A835SWT6,284,81.3
A0A835U586,321,96.2
A0A835USU2,321,95.8
A0A835V5C5,323,97.4
A0A835V7X0,297,97.4
A0A835XZ38,292,83.1
A0A835YKM2,429,58.8
A0A835Z854,411,93.2
A0A835Z8Z2,444,90.6
A0A835ZSL8,433,98.1
A0A836D2D6,424,95.0
A0A836D6L9,439,97.5
A0A840R7Q8,298,95.8
A0A840S208,337,92.1
A0A841CR10,270,98.1
A0A841H042,280,87.9
A0A841H669,362,81.4
A0A841ITW4,294,95.0
A0A841SYR7,120,81.3
A0A843VRT1,330,95.9
A0A843WKM3,328,94.7
A0A843X9J2,297,97.9
A0A843XT25,330,94.0
A0A843XW89,325,95.7
A0A844A5N2,327,97.3
A0A844TCM9,279,97.6
A0A845HEB3,406,85.6
A0A846H7Z0,312,97.7
A0A846HA78,392,90.1
A0A846LGJ8,291,98.0
A0A847RV01,555,91.3
A0A847SLH3,555,90.3
A0A848I9H4,226,97.6
A0A850LDY1,289,97.6
A0A850U9S3,433,98.1
A0A850U9V1,432,95.8
A0A850URF3,431,95.5
A0A850UUI2,366,98.1
A0A850UZL0,437,97.5
A0A850VJD5,333,94.3
A0A850VNR0,432,95.6
A0A850W4D5,431,98.1
A0A850WN44,432,95.1
A0A850WV65,366,98.1
A0A850XA38,438,97.3
A0A850XW74,431,95.4
A0A850YFT1,366,98.1
A0A850ZVT4,333,94.7
A0A850ZXI4,366,98.0
A0A850ZXX6,432,96.0
A0A851A1W8,433,95.2
A0A851AYY8,349,95.4
A0A851BNH1,439,97.5
A0A851C745,432,95.9
A0A851CAD9,439,97.4
A0A851CK55,372,88.1
A0A851DVR5,238,92.4
A0A851E5I0,324,96.4
A0A851EFL9,432,95.6
A0A851F8Q2,372,96.1
A0A851FSJ5,430,96.4
A0A851FU18,438,97.5
A0A851J667,366,98.1
A0A851JNT3,438,97.4
A0A851JP46,432,95.7
A0A851K0B5,437,97.5
A0A851KLW1,432,95.6
A0A851KXU1,366,98.0
A0A851LA25,432,95.9
A0A851LQM3,307,75.2
A0A851MDZ0,433,98.1
A0A851MVA7,430,95.8
A0A851N1G7,439,95.9
A0A851NEG7,438,97.6
A0A851NG39,430,95.5
A0A851NN87,433,98.2
A0A851PJ70,458,92.9
A0A851PRT1,438,97.6
A0A851Q189,366,98.0
A0A851QQ94,434,94.9
A0A851QWJ6,271,95.5
A0A851QWR6,442,97.2
A0A851RTY3,366,98.1
A0A851SED0,432,95.7
A0A851SLU3,437,97.5
A0A851T017,430,98.1
A0A851T2B4,430,96.1
A0A851TDE9,353,97.4
A0A851U4T4,432,95.9
A0A851U7C7,433,98.2
A0A851UB52,440,97.2
A0A851V4J6,430,95.5
A0A851VQR4,366,98.1
A0A851W0T0,437,97.4
A0A851WM61,366,98.1
A0A851WQY0,432,95.9
A0A851X925,438,97.4
A0A851XPU2,433,98.0
A0A851XRN3,430,95.7
A0A851YF41,409,86.8
A0A851YNW3,438,97.6
A0A851Z1U8,433,98.0
A0A851Z4W1,430,95.8
A0A851ZAA4,431,95.7
A0A851ZQI7,438,97.5
A0A852A0P6,366,97.9
A0A852ASI2,324,96.4
A0A852BDX7,348,95.3
A0A852BXS0,338,89.2
A0A852CDH1,356,93.1
A0A852CLT1,372,95.3
A0A852D1S7,366,98.0
A0A852D1Y5,438,97.5
A0A852D2Q7,348,94.4
A0A852DZN4,277,94.1
A0A852E8Q3,349,94.9
A0A852EPK3,366,98.1
A0A852FGY7,212,94.5
A0A852FX32,333,94.2
A0A852FZP9,355,87.3
A0A852G360,372,94.6
A0A852G5C0,356,93.4
A0A852GF74,326,96.6
A0A852H1R1,438,97.3
A0A852HKE8,429,95.6
A0A852I3L1,374,95.3
A0A852IK05,432,95.4
A0A852ILT9,437,97.5
A0A852J159,366,98.1
A0A852JWZ1,238,93.0
A0A852K264,212,94.0
A0A852KGZ2,432,95.5
A0A852L6T0,433,98.1
A0A852LCH6,392,97.1
A0A852LKJ2,366,98.0
A0A852LKN8,434,95.4
A0A852M587,438,97.7
A0A852MU00,438,97.5
A0A852N0V4,431,98.1
A0A852NMJ5,366,98.1
A0A852NQD3,429,97.0
A0A852PRA1,437,97.4
A0A853CK14,351,95.0
A0A856MD39,373,96.3
A0A856MJK9,279,97.5
A0A856MK52,345,95.6
A0A858R6E5,295,93.7
A0A858RE72,273,96.7
A0A858SSR5,283,95.4
A0A899ADS7,171,95.4
A0A899ADU1,171,94.6
A0A899ADU4,171,95.3
A0A899AE62,171,95.0
A0A8A1FZP8,91,61.1
A0A8A1G1F4,124,61.9
A0A8A1L447,421,88.7
A0A8A1LC13,136,90.3
A0A8A1LL71,297,96.1
A0A8A1LYY9,297,94.9
A0A8A1M5L3,339,95.8
A0A8A1M613,235,88.0
A0A8A1M824,355,96.8
A0A8A1M8K3,361,91.8
A0A8A1MDM0,224,58.7
A0A8A1MPW2,416,90.3
A0A8A1UX83,301,92.6
A0A8A3P2H8,386,94.5
A0A8A3P3U8,345,93.2
A0A8A3P9S6,350,96.3
A0A8A3PKD0,354,91.7
A0A8A3PLC2,391,95.9
A0A8A4E1A6,392,87.8
A0A8A4TY47,361,86.9
A0A8A5MZC0,338,97.3
A0A8A6RGY5,127,88.9
A0A8A6RGY7,128,89.6
A0A8A6RIH2,127,88.9
A0A8A6RII0,144,67.3
A0A8A6RJP6,127,90.3
A0A8A6RJQ6,127,80.9
A0A8A6RKI8,127,86.3
A0A8A6RKJ5,127,87.9
A0A8A6RP29,128,86.3
A0A8A6RPZ2,127,87.9
A0A8A6RRJ3,126,75.8
A0A8A6RSV2,127,89.0
A0A8A8E2Y6,334,96.1
A0A8A8E350,328,96.1
A0A8A8E3F3,334,96.4
A0A8B6BGF3,361,85.9
A0A8B6BI32,226,94.0
A0A8B6BKM4,415,87.4
A0A8B6BMR6,352,91.6
A0A8B6BS83,411,86.5
A0A8B6BWX0,198,86.3
A0A8B6CG12,350,89.5
A0A8B6CGM7,357,91.0
A0A8B6CH58,377,90.4
A0A8B6CJB5,368,88.8
A0A8B6CM23,192,77.1
A0A8B6CNP6,411,91.7
A0A8B6CPI6,307,94.9
A0A8B6CPY6,450,89.1
A0A8B6D2T6,349,92.5
A0A8B6D2Y3,346,92.1
A0A8B6D5J8,103,87.4
A0A8B6D5K3,358,90.7
A0A8B6D5L3,343,91.8
A0A8B6D6B6,215,78.1
A0A8B6D949,561,66.3
A0A8B6DAA2,290,95.0
A0A8B6DAC3,286,89.3
A0A8B6DAE8,286,96.3
A0A8B6DFM1,164,87.5
A0A8B6DFV8,223,70.3
A0A8B6DID9,286,94.6
A0A8B6DKK3,333,92.7
A0A8B6DPX7,360,91.5
A0A8B6DRB5,341,92.7
A0A8B6E5H4,217,95.4
A0A8B6E6R0,331,86.3
A0A8B6E725,307,93.1
A0A8B6E7S5,104,71.3
A0A8B6E8R8,363,84.0
A0A8B6EB17,397,83.5
A0A8B6ECL8,348,91.1
A0A8B6EDW2,392,88.8
A0A8B6EF24,375,87.7
A0A8B6ELB1,324,91.2
A0A8B6EQX9,244,93.1
A0A8B6EUU7,374,90.4
A0A8B6EWI3,356,92.6
A0A8B6EZC8,204,71.5
A0A8B6F0M8,138,70.6
A0A8B6F0X6,356,91.2
A0A8B6FC80,286,96.2
A0A8B6FHC2,325,87.7
A0A8B6FI79,334,90.6
A0A8B6FJF9,314,85.6
A0A8B6FJI9,333,87.6
A0A8B6FKY2,225,83.0
A0A8B6FWG6,392,87.5
A0A8B6G0L3,326,90.4
A0A8B6G0N6,326,90.6
A0A8B6G5D0,331,69.0
A0A8B6G5F7,310,89.7
A0A8B6G5G6,251,91.6
A0A8B6G5H6,337,91.5
A0A8B6G5H9,338,89.6
A0A8B6G5K0,331,91.0
A0A8B6G5P8,321,93.9
A0A8B6G957,339,92.1
A0A8B6G9L0,317,90.7
A0A8B6GCV0,323,91.7
A0A8B6GLG5,347,92.3
A0A8B6GRT4,133,68.5
A0A8B6GSA5,357,86.9
A0A8B6GSK0,399,81.7
A0A8B6GUD9,272,90.2
A0A8B6GUE4,257,94.4
A0A8B6GWX5,280,96.0
A0A8B6GY87,386,92.6
A0A8B6GYH0,407,86.7
A0A8B6GYS2,378,92.8
A0A8B6GZI5,367,90.9
A0A8B6H0Q0,379,91.3
A0A8B6T4R8,121,72.6
A0A8B6T4R9,152,75.4
A0A8B6T4S0,133,88.2
A0A8B6YMG3,432,98.1
A0A8B6ZKM0,433,97.8
A0A8B7A0F0,353,97.4
A0A8B7A2L9,433,95.8
A0A8B7BJK9,323,97.2
A0A8B7BKB2,323,96.6
A0A8B7CKL8,330,96.4
A0A8B7CZQ9,325,93.8
A0A8B7CZR0,328,96.2
A0A8B7FLA5,433,98.1
A0A8B7J6Q9,432,95.7
A0A8B7JK40,433,98.0
A0A8B7KFP5,353,97.6
A0A8B7Q1T6,337,87.8
A0A8B7Q7C2,435,98.0
A0A8B7T894,429,96.9
A0A8B7WBR4,353,97.7
A0A8B7WJ59,431,96.6
A0A8B7WJ95,432,96.8
A0A8B8ABF3,530,68.1
A0A8B8AQ29,389,82.0
A0A8B8BBF7,344,90.5
A0A8B8BDB7,312,90.9
A0A8B8BGL0,362,93.3
A0A8B8BJX3,361,86.6
A0A8B8BZ31,300,85.5
A0A8B8D4J3,404,85.3
A0A8B8DPQ6,343,91.3
A0A8B8DSI3,344,92.0
A0A8B8E427,346,89.3
A0A8B8E4R7,326,91.4
A0A8B8E6Y4,318,92.5
A0A8B8E9Z7,406,87.2
A0A8B8EBN7,359,88.8
A0A8B8ECR7,372,89.5
A0A8B8EDC2,354,92.3
A0A8B8EEW4,368,88.4
A0A8B8EFI5,383,89.9
A0A8B8EH50,120,60.0
A0A8B8EIY1,338,88.8
A0A8B8ER43,364,89.4
A0A8B8ERQ6,400,83.9
A0A8B8ESA4,327,92.1
A0A8B8EST9,329,85.9
A0A8B8ETR2,358,90.0
A0A8B8EU86,327,90.9
A0A8B8EX01,349,91.6
A0A8B8EX42,291,94.4
A0A8B8EX72,367,85.1
A0A8B8EXW9,368,88.9
A0A8B8EY98,366,86.4
A0A8B8EYB2,307,96.6
A0A8B8EZS9,359,91.7
A0A8B8F0L9,329,93.5
A0A8B8F0Y1,441,85.5
A0A8B8K2X2,324,97.1
A0A8B8KQK3,340,96.2
A0A8B8MFA9,327,96.9
A0A8B8P1N5,337,97.3
A0A8B8UDL3,431,96.0
A0A8B8UEC6,354,91.4
A0A8B8UED1,355,89.3
A0A8B8UEY8,354,91.1
A0A8B9A045,334,95.8
A0A8B9AG70,308,83.5
A0A8B9CDV8,438,97.5
A0A8B9CFW7,432,95.9
A0A8B9CZU5,433,98.2
A0A8B9DSJ3,438,97.4
A0A8B9EQ30,432,96.0
A0A8B9ESN7,432,95.7
A0A8B9F0B3,131,80.4
A0A8B9F0C5,433,98.0
A0A8B9FWN7,432,95.6
A0A8B9GJT5,351,80.1
A0A8B9GNX6,180,71.2
A0A8B9HTI6,362,97.7
A0A8B9IM83,366,98.2
A0A8B9J370,437,97.6
A0A8B9JXV6,438,96.0
A0A8B9L486,368,97.3
A0A8B9LFG9,438,98.0
A0A8B9LJ40,437,97.8
A0A8B9MA15,430,95.3
A0A8B9MXV1,223,81.6
A0A8B9N5R8,338,96.1
A0A8B9NR04,440,97.2
A0A8B9PBR7,366,98.1
A0A8B9PDW4,432,95.7
A0A8B9QLU7,136,71.9
A0A8B9T8B6,435,95.7
A0A8B9UA65,433,95.7
A0A8B9UDU2,438,97.6
A0A8B9WVY7,394,96.6
A0A8B9XJ61,417,96.3
A0A8B9ZF10,437,97.7
A0A8B9ZMT6,433,97.9
A0A8C0A7J4,437,97.5
A0A8C0BNT5,433,98.1
A0A8C0C6N3,433,98.0
A0A8C0DW50,429,96.5
A0A8C0ELA3,438,97.6
A0A8C0FLW2,430,95.8
A0A8C0FPL3,366,97.9
A0A8C0GDN1,432,98.0
A0A8C0GE67,437,97.3
A0A8C0H067,432,96.6
A0A8C0HH01,438,97.4
A0A8C0HLD1,398,93.2
A0A8C0HUM2,359,97.6
A0A8C0KGP0,354,97.8
A0A8C0KIX4,158,73.6
A0A8C0KWG2,432,89.2
A0A8C0N2L2,430,97.7
A0A8C0NCZ3,481,86.4
A0A8C0NTD9,432,96.0
A0A8C0QN05,482,88.2
A0A8C0QNU1,431,95.4
A0A8C0RIB0,354,97.8
A0A8C0SHF9,354,97.8
A0A8C0TFG1,450,94.2
A0A8C0U2Z0,358,98.1
A0A8C0UQ91,437,97.4
A0A8C0V7Y9,431,96.0
A0A8C0YR29,432,96.6
A0A8C0ZZD1,354,97.6
A0A8C1B641,434,97.3
A0A8C1B6M1,436,97.1
A0A8C1B855,435,97.6
A0A8C1CA03,434,97.8
A0A8C1D7K9,432,95.9
A0A8C1D9F6,429,95.1
A0A8C1DAI6,282,86.1
A0A8C1EKZ7,434,97.8
A0A8C1H6Z9,361,97.0
A0A8C1HLW7,431,95.5
A0A8C1IEH4,436,97.1
A0A8C1J2U6,381,97.0
A0A8C1J3K1,434,97.8
A0A8C1LZD1,282,90.9
A0A8C1M317,431,95.4
A0A8C1MFU8,193,68.7
A0A8C1MHQ5,213,70.1
A0A8C1N0V7,434,97.8
A0A8C1Q0S0,435,97.1
A0A8C1Q0V6,434,97.3
A0A8C1QH03,437,97.5
A0A8C1QWB2,428,95.8
A0A8C1QZZ4,168,54.8
A0A8C1RGC1,435,97.6
A0A8C1TFZ0,411,86.0
A0A8C1TG49,401,87.7
A0A8C1TJZ3,361,83.0
A0A8C1TL49,432,95.7
A0A8C1TNM2,434,97.9
A0A8C1YI99,437,97.5
A0A8C1YRN4,381,96.8
A0A8C1ZZ09,434,97.7
A0A8C2BF15,427,89.8
A0A8C2BFY7,426,90.5
A0A8C2BJ19,354,75.2
A0A8C2BKH1,429,95.4
A0A8C2BN39,432,95.4
A0A8C2BQ07,432,95.2
A0A8C2C5F0,343,95.7
A0A8C2C5H0,432,95.3
A0A8C2CAU1,355,75.8
A0A8C2CI55,435,97.2
A0A8C2CI76,431,97.5
A0A8C2CIE4,437,97.3
A0A8C2E7S6,429,96.9
A0A8C2EID5,437,97.5
A0A8C2HCH5,376,85.3
A0A8C2HEH8,438,97.1
A0A8C2HEI0,439,96.8
A0A8C2MRY5,353,97.7
A0A8C2NU13,368,97.8
A0A8C2PFS9,521,85.4
A0A8C2PQ74,434,97.7
A0A8C2R3Z1,431,96.0
A0A8C2SUP0,358,98.2
A0A8C2UTG2,430,96.1
A0A8C2V800,439,97.3
A0A8C2W1C6,430,98.2
A0A8C2WHZ4,435,97.0
A0A8C2X4B1,438,97.2
A0A8C2XA17,431,95.3
A0A8C2XAX9,433,95.9
A0A8C2XC11,282,85.6
A0A8C2Y606,438,97.4
A0A8C2YGG2,349,95.6
A0A8C2Z176,435,97.8
A0A8C2Z8T3,418,96.9
A0A8C2Z9M0,429,97.7
A0A8C2ZA19,434,97.5
A0A8C2ZA32,434,97.7
A0A8C2ZA83,434,97.6
A0A8C2ZAD4,359,97.7
A0A8C2ZAE6,365,93.4
A0A8C2ZAF4,424,88.3
A0A8C2ZAN6,356,97.6
A0A8C3BXE3,356,90.1
A0A8C3C0D7,432,95.4
A0A8C3C516,433,98.1
A0A8C3CNB1,437,97.7
A0A8C3DF65,432,95.4
A0A8C3EGP2,438,97.5
A0A8C3GUX3,366,98.1
A0A8C3I3X4,365,98.0
A0A8C3IM39,435,93.5
A0A8C3IPS0,432,96.3
A0A8C3IPU0,434,93.3
A0A8C3IQR5,433,96.2
A0A8C3IQU7,437,97.2
A0A8C3K4N5,366,98.0
A0A8C3KI83,432,96.2
A0A8C3L8C3,433,95.5
A0A8C3LQR4,438,97.5
A0A8C3LRC8,433,98.0
A0A8C3MLT4,366,98.1
A0A8C3N7T4,354,95.3
A0A8C3NUI7,437,97.5
A0A8C3P2U9,358,98.2
A0A8C3P583,131,96.3
A0A8C3PRK8,438,97.6
A0A8C3Q7I2,131,95.9
A0A8C3R266,432,95.2
A0A8C3RLA9,358,98.0
A0A8C3S3Q1,432,98.1
A0A8C3SK07,430,96.5
A0A8C3SKG2,431,95.5
A0A8C3T1Z2,430,93.0
A0A8C3T4X4,431,96.4
A0A8C3T586,432,95.9
A0A8C3T639,432,95.9
A0A8C3T6I3,431,96.6
A0A8C3TI21,437,97.2
A0A8C3TKS1,433,98.1
A0A8C3TL55,138,76.0
A0A8C3UQW2,432,95.7
A0A8C3VGL8,438,97.3
A0A8C3VYL0,433,98.0
A0A8C3YEE5,432,95.3
A0A8C3YV95,131,72.8
A0A8C4F275,435,97.8
A0A8C4FHS2,353,97.5
A0A8C4HBN0,424,96.7
A0A8C4I784,369,97.9
A0A8C4I8X3,437,97.8
A0A8C4ILV4,432,95.8
A0A8C4IP27,433,95.7
A0A8C4J8R3,430,96.1
A0A8C4M060,433,98.1
A0A8C4M9K5,431,96.7
A0A8C4MP70,354,97.7
A0A8C4NX12,369,97.9
A0A8C4PD88,432,98.0
A0A8C4QBR2,321,91.8
A0A8C4QC18,303,91.2
A0A8C4QZ32,438,96.5
A0A8C4RQH4,434,97.6
A0A8C4SH53,433,97.7
A0A8C4SST0,429,96.4
A0A8C4TM92,438,97.6
A0A8C4U2E0,430,95.9
A0A8C4UHJ4,131,93.9
A0A8C4UM38,366,98.1
A0A8C4VK08,432,98.0
A0A8C4VN62,432,97.0
A0A8C4X1E1,430,96.0
A0A8C4YB85,414,92.4
A0A8C4Z1E4,348,98.0
A0A8C4Z3T2,434,97.2
A0A8C4ZF76,434,97.3
A0A8C4ZM51,430,97.7
A0A8C5AA28,429,97.0
A0A8C5ACB6,429,97.2
A0A8C5AKN0,368,96.0
A0A8C5BH47,352,97.2
A0A8C5BHP0,353,97.1
A0A8C5BI42,439,97.1
A0A8C5CHN4,457,82.4
A0A8C5CSC3,430,98.1
A0A8C5CSC5,348,97.2
A0A8C5DTN6,431,97.7
A0A8C5DTQ8,434,97.9
A0A8C5DU48,423,96.8
A0A8C5DUD4,423,96.6
A0A8C5DX23,424,97.4
A0A8C5DXB4,432,97.9
A0A8C5ER10,435,98.0
A0A8C5G3E5,431,97.6
A0A8C5HMM2,430,97.8
A0A8C5HWJ1,369,97.7
A0A8C5I784,428,92.4
A0A8C5I7P4,434,94.3
A0A8C5I8Z6,437,90.3
A0A8C5I983,429,95.1
A0A8C5IAF4,431,95.5
A0A8C5ID15,367,67.1
A0A8C5J7M2,348,94.9
A0A8C5JRN5,366,98.1
A0A8C5K395,431,98.0
A0A8C5K558,149,74.7
A0A8C5KJC3,360,97.6
A0A8C5LHZ9,432,96.1
A0A8C5LJF6,433,95.9
A0A8C5LXJ4,440,97.3
A0A8C5M2N6,440,97.2
A0A8C5M8W7,372,81.1
A0A8C5MDP7,413,93.5
A0A8C5MEP7,414,84.4
A0A8C5MJJ7,413,94.1
A0A8C5MV72,364,78.8
A0A8C5N068,362,74.3
A0A8C5NHS8,430,96.0
A0A8C5NHZ7,428,92.8
A0A8C5NVJ6,433,96.3
A0A8C5P6H4,430,96.1
A0A8C5PC03,401,87.5
A0A8C5PHZ4,416,93.5
A0A8C5PI24,430,90.6
A0A8C5PI53,425,91.4
A0A8C5PIA1,426,92.0
A0A8C5PID9,414,91.9
A0A8C5QH66,432,97.6
A0A8C5QIV2,197,93.8
A0A8C5QW08,313,92.9
A0A8C5RC82,430,98.3
A0A8C5RCU1,433,98.2
A0A8C5RDL7,433,98.1
A0A8C5RDV8,144,74.1
A0A8C5RGX7,433,98.2
A0A8C5TJY2,433,98.0
A0A8C5U6V4,432,96.2
A0A8C5UTH3,459,87.4
A0A8C5VRA4,132,74.7
A0A8C5WMW1,426,90.1
A0A8C5WN42,187,69.8
A0A8C5XF41,352,97.0
A0A8C5XUR9,432,96.1
A0A8C5YV29,452,95.1
A0A8C6A4J1,432,95.2
A0A8C6A4V8,353,97.6
A0A8C6BRY6,452,95.2
A0A8C6C876,369,97.7
A0A8C6CIF5,131,75.6
A0A8C6CLJ0,431,94.9
A0A8C6CRD4,432,95.4
A0A8C6D816,434,98.0
A0A8C6FF97,360,97.5
A0A8C6G7E2,451,95.3
A0A8C6GP31,440,97.2
A0A8C6I129,432,95.8
A0A8C6IT30,418,98.0
A0A8C6JQP8,432,95.8
A0A8C6KND2,432,98.0
A0A8C6MRZ7,131,95.3
A0A8C6NFE8,438,97.7
A0A8C6PGR5,431,97.3
A0A8C6PGZ8,434,97.7
A0A8C6PH27,430,97.7
A0A8C6PI58,415,93.5
A0A8C6PIE2,443,97.2
A0A8C6PIR1,431,97.9
A0A8C6PIZ2,434,97.4
A0A8C6PIZ9,432,95.8
A0A8C6PJM1,367,97.6
A0A8C6PKA3,432,96.0
A0A8C6PVC8,369,97.5
A0A8C6PVE9,437,97.6
A0A8C6PXV6,435,97.4
A0A8C6R5E9,378,91.3
A0A8C6R942,430,95.7
A0A8C6S0X3,439,97.3
A0A8C6SV51,418,92.7
A0A8C6SWU6,349,95.2
A0A8C6SYK8,424,95.4
A0A8C6SZA1,424,95.7
A0A8C6SZM1,401,88.8
A0A8C6TU16,435,97.8
A0A8C6U1P4,440,97.4
A0A8C6UE92,406,86.3
A0A8C6UF35,421,87.8
A0A8C6UG43,416,91.9
A0A8C6UG84,431,89.0
A0A8C6UGX2,422,89.2
A0A8C6UHH7,430,90.4
A0A8C6UJK4,421,92.0
A0A8C6UK63,417,91.5
A0A8C6UKU3,422,90.4
A0A8C6ULM7,426,90.4
A0A8C6UQP0,438,95.3
A0A8C6VHF5,432,97.1
A0A8C6VJZ1,424,96.3
A0A8C6VLR2,430,96.8
A0A8C6VLV3,358,98.3
A0A8C6VNR1,432,96.9
A0A8C6VYH2,369,97.5
A0A8C6VYQ8,430,97.5
A0A8C6WWD6,416,91.5
A0A8C6X3D4,432,97.0
A0A8C6XT99,267,64.2
A0A8C6Z598,436,97.3
A0A8C6Z7Z1,358,95.7
A0A8C7B9C4,431,96.2
A0A8C7DK61,436,94.1
A0A8C7DME3,433,94.6
A0A8C7DMG3,437,94.5
A0A8C7DMM6,336,94.3
A0A8C7DMZ2,434,98.1
A0A8C7DNZ2,353,98.1
A0A8C7DQW5,436,93.3
A0A8C7DR54,225,73.7
A0A8C7E2G0,131,86.4
A0A8C7EGZ8,431,98.1
A0A8C7I050,437,97.4
A0A8C7IY23,431,97.8
A0A8C7JMF7,431,96.5
A0A8C7JMH0,434,94.0
A0A8C7JRY5,431,95.9
A0A8C7JZN8,434,94.9
A0A8C7KBN0,434,97.6
A0A8C7KD02,353,97.6
A0A8C7MAP2,435,97.5
A0A8C7MYZ5,431,96.1
A0A8C7MZ32,433,94.7
A0A8C7MZI9,434,93.9
A0A8C7MZN8,435,95.9
A0A8C7QQ16,436,93.9
A0A8C7QQN0,436,94.4
A0A8C7QRY3,435,94.4
A0A8C7QSN1,435,96.1
A0A8C7QSR0,435,94.4
A0A8C7RSU1,369,97.6
A0A8C7T6C7,354,97.6
A0A8C7TRD7,435,98.2
A0A8C7U1E6,432,94.7
A0A8C7U3Q3,433,94.8
A0A8C7U3X0,434,98.1
A0A8C7U7J5,434,95.1
A0A8C7U7L3,433,95.7
A0A8C7UCV4,431,95.9
A0A8C7UG61,435,94.3
A0A8C7UUD7,369,97.6
A0A8C7VNN5,432,98.0
A0A8C7VR11,433,95.5
A0A8C7WPL3,435,97.7
A0A8C7WPR6,430,97.8
A0A8C7WPW0,354,97.9
A0A8C7WPY1,435,97.6
A0A8C7WQD9,437,97.7
A0A8C7WQF2,354,98.0
A0A8C7WQN4,437,97.8
A0A8C7WQP3,409,90.7
A0A8C7WQU5,349,92.6
A0A8C7WWJ7,345,77.9
A0A8C7XRD4,201,59.3
A0A8C7Y4S0,95,83.5
A0A8C7YBJ1,432,95.3
A0A8C7YCD1,433,95.4
A0A8C7YCK4,430,95.8
A0A8C7YDH7,431,95.5
A0A8C7YDJ4,432,93.4
A0A8C7YGX1,131,75.8
A0A8C7Z864,430,97.5
A0A8C7Z9Q9,434,97.2
A0A8C8BC46,438,97.6
A0A8C8BLR9,131,96.1
A0A8C8BNJ0,433,98.0
A0A8C8BXP5,435,98.1
A0A8C8DRU0,431,95.9
A0A8C8DYH4,402,87.5
A0A8C8E7S1,430,95.7
A0A8C8ES59,523,84.4
A0A8C8FP15,434,97.9
A0A8C8GFJ2,369,97.5
A0A8C8GS33,431,95.2
A0A8C8GUS0,433,94.8
A0A8C8GVF2,433,95.0
A0A8C8GVV5,433,94.6
A0A8C8GVX9,433,95.2
A0A8C8GYS5,436,96.1
A0A8C8HK52,433,96.0
A0A8C8LXU8,430,97.7
A0A8C8M0N2,434,93.1
A0A8C8M7S1,438,97.2
A0A8C8S5V7,431,96.5
A0A8C8S6B1,432,96.6
A0A8C8S6I2,432,95.7
A0A8C8SGJ3,428,98.1
A0A8C8SY41,437,96.9
A0A8C8VKR0,429,95.7
A0A8C8WFD9,432,96.7
A0A8C8XQJ9,432,97.9
A0A8C8Y621,353,97.5
A0A8C8YDL5,132,77.3
A0A8C8ZBU4,347,98.1
A0A8C8ZZR0,352,96.9
A0A8C8ZZV2,132,77.1
A0A8C9A5M7,139,79.2
A0A8C9CC83,452,95.2
A0A8C9DNL2,430,96.0
A0A8C9E8D2,431,96.3
A0A8C9EEE1,368,97.4
A0A8C9FAJ3,415,89.1
A0A8C9FBQ6,418,90.0
A0A8C9FHW8,433,98.1
A0A8C9G5W3,432,84.5
A0A8C9GHM7,361,97.4
A0A8C9GMP5,431,95.6
A0A8C9GUJ0,469,89.5
A0A8C9IXZ4,430,98.0
A0A8C9IYR5,430,95.3
A0A8C9KAS0,430,98.0
A0A8C9KIK1,354,97.4
A0A8C9LG00,331,83.5
A0A8C9LJ17,139,76.6
A0A8C9MBE3,139,76.8
A0A8C9MEM1,426,96.8
A0A8C9NTR4,354,95.5
A0A8C9P8U8,368,90.8
A0A8C9QPT8,452,95.2
A0A8C9RJM5,352,97.1
A0A8C9S1Z9,439,95.9
A0A8C9S218,439,96.7
A0A8C9S4V1,431,97.7
A0A8C9SKL6,430,97.7
A0A8C9SVH4,352,97.6
A0A8C9T050,434,97.6
A0A8C9T7Y9,434,97.7
A0A8C9TUC2,438,93.4
A0A8C9TX16,439,94.2
A0A8C9U5C4,366,97.9
A0A8C9UKK0,354,97.4
A0A8C9VB52,430,95.9
A0A8C9VDB0,423,97.2
A0A8C9VS47,431,97.5
A0A8C9VTL4,370,97.4
A0A8C9VVP9,434,97.4
A0A8C9W2N0,423,96.9
A0A8C9W7B7,427,97.8
A0A8C9WGW1,434,97.4
A0A8C9WP85,357,94.0
A0A8C9WYK1,429,95.5
A0A8C9Y2W9,435,97.9
A0A8C9ZMM4,438,97.2
A0A8D0AHS8,434,97.4
A0A8D0AI83,430,97.7
A0A8D0AJR2,428,97.8
A0A8D0AJS7,429,97.9
A0A8D0AKH8,431,97.4
A0A8D0AKK8,434,97.8
A0A8D0AKM4,352,97.3
A0A8D0ANY3,432,97.9
A0A8D0APM3,352,97.7
A0A8D0ASF2,428,97.6
A0A8D0AZ20,435,97.1
A0A8D0BS08,433,98.0
A0A8D0CH64,427,97.1
A0A8D0CM39,431,97.8
A0A8D0CMF0,429,94.6
A0A8D0CMP5,434,97.5
A0A8D0DJB8,369,97.6
A0A8D0DRY0,432,96.4
A0A8D0EH84,432,96.0
A0A8D0FRF8,354,97.7
A0A8D0FUZ0,358,98.1
A0A8D0FV00,139,71.4
A0A8D0GLE9,275,71.4
A0A8D0H245,369,97.5
A0A8D0H4N9,425,96.5
A0A8D0PRS3,364,89.3
A0A8D0PXS0,431,95.7
A0A8D0RT99,431,96.3
A0A8D0S3X8,402,83.1
A0A8D0X2P1,360,97.7
A0A8D0XKY8,432,95.0
A0A8D0XST1,356,89.6
A0A8D0Z0W5,369,97.8
A0A8D1CEU5,432,95.6
A0A8D1CR85,431,96.2
A0A8D1FZ43,433,98.0
A0A8D1GQJ8,390,85.0
A0A8D1I653,374,84.6
A0A8D1K6T4,408,64.0
A0A8D1K6U0,433,77.6
A0A8D1QHB0,378,90.0
A0A8D1US19,408,79.0
A0A8D1US54,431,97.1
A0A8D1USC2,406,83.3
A0A8D1XF07,409,84.3
A0A8D1XHC9,431,96.7
A0A8D2AEJ0,432,95.7
A0A8D2AM71,377,75.3
A0A8D2DF68,139,73.3
A0A8D2EQ83,450,95.3
A0A8D2ETI7,464,90.1
A0A8D2FM79,139,75.5
A0A8D2FPS1,360,97.4
A0A8D2H873,452,95.3
A0A8D2HD60,432,95.6
A0A8D2JP97,353,97.4
A0A8D2JQJ4,433,97.8
A0A8D2JYR4,430,95.6
A0A8D2KQ64,354,97.4
A0A8D2L695,371,96.3
A0A8D2LAH9,434,97.9
A0A8D2LQ88,428,96.2
A0A8D2LQK5,431,97.1
A0A8D2LR82,430,90.5
A0A8D2LRE4,430,96.9
A0A8D2LRX8,430,97.1
A0A8D2LSH8,428,90.2
A0A8D2LT03,430,96.9
A0A8D2MIM5,366,98.0
A0A8D2MP71,432,95.6
A0A8D2N3N9,438,97.4
A0A8D2N594,438,97.5
A0A8D2NTN1,432,95.5
A0A8D2PIB3,387,96.5
A0A8D2QN12,366,98.0
A0A8D2QR43,437,97.6
A0A8D3AN10,369,97.4
A0A8D3B288,432,95.8
A0A8D3B574,434,97.5
A0A8D3BBI3,435,97.7
A0A8D3BJG5,437,97.1
A0A8D3BVJ0,439,97.0
A0A8D3CBZ2,368,97.4
A0A8D3CL83,437,97.5
A0A8D3CX79,437,97.2
A0A8D3DDF3,430,97.6
A0A8D3DIS3,354,97.8
A0A8D3DWW6,439,97.2
A0A8D3EAZ4,438,96.9
A0A8D3X086,291,97.1
A0A8D4BDD6,284,96.6
A0A8D4TSM1,438,97.6
A0A8D7EVW3,328,94.9
A0A8D7EWJ4,330,93.5
A0A8D7FBP1,330,96.2
A0A8E0QKL5,361,97.4
A0A8E0QRX9,316,96.3
A0A8E0QWF1,323,95.4
A0A8E0R3M2,400,83.7
A0A8E0R4H9,430,79.6
A0A8E0RJZ7,624,77.7
A0A8E0S8D1,385,95.3
A0A8E0V7V4,269,95.2
A0A8E0VLB5,449,96.6
A0A8E2AKR6,352,96.5
A0A8E2AVU6,294,71.0
A0A8E2AW04,352,95.6
A0A8E2DWK1,366,93.9
A0A8E2E040,367,96.6
A0A8E2E888,326,96.5
A0A8E2EJQ3,325,95.4
A0A8E2EM46,372,96.9
A0A8E2EQ07,346,96.4
A0A8E2ERP3,353,88.1
A0A8E2EXZ3,366,96.2
A0A8E2F0P1,360,97.5
A0A8E2F203,399,89.8
A0A8E2F2M6,474,86.6
A0A8E2F2V8,336,96.2
A0A8E2F331,164,95.5
A0A8E2F5T7,326,97.0
A0A8E2F7C8,349,72.1
A0A8E2FC38,232,39.7
A0A8E2FEP8,316,78.0
A0A8E2J837,339,96.7
A0A8E2JHT1,338,96.3
A0A8E2JR73,74,74.9
A0A8E2JUZ8,175,90.6
A0A8E2JVK2,438,87.1
A0A8E2JW89,184,95.7
A0A8E2JWP1,371,97.3
A0A8E2JYG3,290,98.3
A0A8E2JYI7,368,96.2
A0A8E3AQQ7,330,97.3
A0A8E5HUS5,265,97.7
A0A8E5MJ42,353,96.1
A0A8E5MJW1,342,94.0
A0A8E6B3U1,285,95.9
A0A8E6HRF2,339,97.1
A0A8E6HRF3,332,95.1
A0A8E8PJ43,136,87.1
A0A8E8PJ55,137,86.8
A0A8E8PJ56,136,85.3
A0A8E8PJ67,121,87.4
A0A8F0FQS3,187,94.6
A0A8F0FQT0,142,89.1
A0A8F0FQT5,187,94.8
A0A8F0FQT6,187,94.5
A0A8F0FQT9,182,95.5
A0A8F0FQU5,125,64.4
A0A8F0FQU6,188,94.8
A0A8F0FQU7,123,84.9
A0A8F0FQW1,187,94.7
A0A8F0FR09,187,94.9
A0A8F0FR13,179,95.0
A0A8F0FR20,125,64.4
A0A8F0FR56,128,84.2
A0A8F0FR70,182,94.8
A0A8F0FR81,187,94.8
A0A8F0FR97,141,70.3
A0A8F0FRD1,187,94.8
A0A8F0FRH0,187,92.2
A0A8F0FRI0,127,89.8
A0A8F0FRQ3,132,71.3
A0A8F0FS99,187,94.6
A0A8F0FSA6,188,94.1
A0A8F0FSH7,187,94.8
A0A8F0K642,182,95.3
A0A8F0K648,143,69.1
A0A8F0K706,188,93.5
A0A8F0K731,187,94.6
A0A8F0K7D4,170,93.5
A0A8F0K7D9,128,84.2
A0A8F0K7E4,176,93.8
A0A8F0K7H7,178,94.3
A0A8F0K7R3,128,89.7
A0A8F0K7R8,137,87.6
A0A8F0K7S4,97,61.4
A0A8F0K8Q4,187,94.3
A0A8F0K8Q7,188,94.2
A0A8F3C424,176,62.8
A0A8F4Q4J9,312,89.0
A0A8F6UAS3,307,80.1
A0A8G0G1E1,320,90.0
A0A8G0LIR9,372,93.3
A0A8G0LLK9,168,91.0
A0A8G0LMA0,353,97.6
A0A8G1H487,198,89.5
A0A8G1H492,189,90.4
A0A8G1H495,190,95.5
A0A8G1H4A1,190,95.6
A0A8G1H4A3,193,92.7
A0A8G1H4B2,193,94.8
A0A8G1H4C1,189,95.1
A0A8G1H4D0,189,92.8
A0A8G1H4D6,189,67.6
A0A8G1H4J1,189,90.4
A0A8G1H4J5,189,95.7
A0A8G1H4K7,193,95.5
A0A8G1H4R8,193,94.1
A0A8G1H4S3,189,93.4
A0A8G1H4U1,189,93.5
A0A8G1H4U5,193,96.2
A0A8G1H4V0,188,57.9
A0A8G1H4W1,189,92.5
A0A8G1H4W6,193,93.9
A0A8G1H4Z5,189,94.0
A0A8G1H507,189,93.2
A0A8G1H5C8,188,94.7
A0A8G1H5D9,189,95.4
A0A8G1H5F0,189,94.4
A0A8G1H5Q5,189,96.0
A0A8G1H5R4,189,92.7
A0A8G1H5S6,189,96.2
A0A8G1M2P9,189,95.3
A0A8G1M2Q3,189,93.9
A0A8G1M2Q7,202,95.6
A0A8G1M2Y2,185,60.4
A0A8G1M2Y6,189,94.2
A0A8G1M2Z5,193,94.1
A0A8G1M362,189,95.5
A0A8G1M366,189,95.0
A0A8G1M370,189,93.1
A0A8G1M377,189,95.6
A0A8G1M422,189,93.5
A0A8G1M427,193,95.8
A0A8G1QQX9,302,97.6
A0A8G1QUI1,358,97.5
A0A8G1QUY8,289,97.9
A0A8G1RJC8,289,97.4
A0A8G1RPW7,357,96.7
A0A8G1RYK6,331,97.2
A0A8G1S217,289,97.4
A0A8G1VJJ2,372,98.1
A0A8G1VMI2,326,97.9
A0A8G1VR45,373,96.1
A0A8G1VV01,372,96.9
A0A8G1W2S6,234,70.0
A0A8H2DRG7,398,89.2
A0A8H2DTR3,356,92.9
A0A8H2E7P9,325,86.3
A0A8H2E7V3,456,85.6
A0A8H2S6K7,98,91.0
A0A8H2S6K8,206,95.0
A0A8H2S981,187,95.3
A0A8H2S982,151,69.1
A0A8H2S983,188,95.0
A0A8H2VKB5,369,95.4
A0A8H2VQV0,260,96.7
A0A8H2VS30,345,96.8
A0A8H2VV58,268,94.3
A0A8H2W0H1,111,85.5
A0A8H2W4T0,328,98.3
A0A8H2W7R3,167,75.9
A0A8H2W809,328,96.8
A0A8H2W928,320,97.8
A0A8H2W9D2,331,98.5
A0A8H2W9Q2,282,96.9
A0A8H2WBF2,304,93.6
A0A8H2WDL1,296,83.0
A0A8H2WDM7,317,97.2
A0A8H2WDY0,308,97.3
A0A8H2WDZ0,253,93.2
A0A8H2WET3,278,97.2
A0A8H2WEW9,315,98.1
A0A8H2WEZ6,339,96.5
A0A8H2WI32,316,96.6
A0A8H2WM01,329,97.4
A0A8H2WMA3,276,98.1
A0A8H2WMM3,323,97.5
A0A8H2WNW1,278,96.9
A0A8H2WP90,337,96.9
A0A8H2WQD8,315,97.6
A0A8H2WRM0,278,97.7
A0A8H2WV07,276,97.8
A0A8H2WW00,161,70.0
A0A8H2WX59,117,52.5
A0A8H2WXU0,276,97.7
A0A8H2WYZ7,331,97.9
A0A8H2X7X2,330,97.4
A0A8H2X7Z7,328,98.4
A0A8H2X9J9,273,88.6
A0A8H2X9N2,330,98.3
A0A8H2XCD1,293,97.4
A0A8H2XCL6,335,98.1
A0A8H2XG86,283,98.1
A0A8H2XI08,338,96.4
A0A8H2XJG0,328,98.4
A0A8H2XL28,314,97.4
A0A8H2XQU0,329,96.3
A0A8H2XQY6,300,92.4
A0A8H2XRL2,381,79.8
A0A8H2XU14,278,97.7
A0A8H2XWF9,291,97.4
A0A8H2XWZ9,339,97.2
A0A8H2XZI9,161,93.0
A0A8H2Y0I3,326,93.2
A0A8H2Y0Y5,323,97.4
A0A8H2Y1F4,374,89.7
A0A8H2ZM91,297,83.5
A0A8H2ZUE3,286,85.1
A0A8H2ZWM0,330,97.4
A0A8H2ZYP1,339,97.3
A0A8H2ZZ57,437,89.0
A0A8H2ZZC9,303,97.4
A0A8H3A0M5,355,92.5
A0A8H3A114,328,98.3
A0A8H3A1U9,331,94.5
A0A8H3A459,180,75.9
A0A8H3A6F2,315,97.7
A0A8H3A7H8,161,92.3
A0A8H3A7J6,257,94.9
A0A8H3A7Z2,99,59.3
A0A8H3A915,276,98.0
A0A8H3AA21,334,96.9
A0A8H3AAQ4,337,84.7
A0A8H3ABE8,199,82.7
A0A8H3AE87,339,95.9
A0A8H3AEG2,287,91.0
A0A8H3AJB0,664,88.3
A0A8H3ANG7,360,88.9
A0A8H3AUD8,339,97.3
A0A8H3AXX9,192,78.4
A0A8H3AYG3,252,97.3
A0A8H3AYS9,276,97.7
A0A8H3AZI8,272,98.2
A0A8H3AZT0,281,97.3
A0A8H3B026,106,94.6
A0A8H3B055,323,96.1
A0A8H3B0E6,74,89.7
A0A8H3B0Z6,330,98.2
A0A8H3B5A0,328,97.4
A0A8H3B7I3,112,92.1
A0A8H3B8G8,302,97.8
A0A8H3B9S6,341,96.2
A0A8H3BAF1,335,97.9
A0A8H3BDA9,283,98.2
A0A8H3BDF6,332,95.6
A0A8H3BED7,171,97.4
A0A8H3BH88,276,97.9
A0A8H3BJU5,250,89.9
A0A8H3BKM9,276,97.3
A0A8H3BLR1,281,98.0
A0A8H3BNH7,329,93.6
A0A8H3BP52,427,89.1
A0A8H3BPP3,286,85.5
A0A8H3BQP1,281,97.3
A0A8H3BRT5,359,77.8
A0A8H3BS36,281,96.6
A0A8H3BUA3,140,85.5
A0A8H3BVH4,159,92.0
A0A8H3BW89,120,89.0
A0A8H3BWB0,265,93.4
A0A8H3BWX9,239,95.3
A0A8H3BYP2,331,98.0
A0A8H3C0A3,92,95.8
A0A8H3C0L6,271,97.7
A0A8H3C0V7,315,97.4
A0A8H3C2J4,276,97.9
A0A8H3C3M9,328,97.4
A0A8H3C4G7,281,97.0
A0A8H3C4K7,289,96.5
A0A8H3C6K9,101,97.1
A0A8H3C753,107,93.7
A0A8H3C7V0,316,97.1
A0A8H3C861,305,81.6
A0A8H3C9U8,288,97.8
A0A8H3CA59,272,97.4
A0A8H3CAP5,315,97.6
A0A8H3CCD5,337,96.6
A0A8H3CDA8,329,93.7
A0A8H3CFB7,287,94.4
A0A8H3CHT1,290,92.5
A0A8H3CIJ2,324,97.3
A0A8H3CIU4,272,98.1
A0A8H3CJ16,339,96.0
A0A8H3CM17,275,96.3
A0A8H3CM85,315,97.2
A0A8H3CNG7,107,94.8
A0A8H3CPZ5,324,97.8
A0A8H3CQ20,160,93.1
A0A8H3CS31,116,52.5
A0A8H3CSH4,278,96.7
A0A8H3CUU5,331,98.1
A0A8H3CUW5,436,88.5
A0A8H3CVH2,278,97.1
A0A8H3CZ20,304,90.8
A0A8H3D189,354,86.8
A0A8H3D1S1,286,86.4
A0A8H3D561,352,91.4
A0A8H3DA81,283,98.0
A0A8H3DC11,155,92.0
A0A8H3DEC7,162,94.6
A0A8H3DFX7,281,97.2
A0A8H3DG48,292,98.0
A0A8H3DH08,383,90.0
A0A8H3DH36,331,98.5
A0A8H3DH45,331,98.5
A0A8H3DHK5,281,97.9
A0A8H3DKS2,442,84.2
A0A8H3DMU5,281,89.2
A0A8H3DMX3,343,96.3
A0A8H3DP18,323,96.4
A0A8H3DQV5,127,96.1
A0A8H3DQW7,253,91.9
A0A8H3DR34,329,94.0
A0A8H3DRV8,303,97.8
A0A8H3DS61,125,89.6
A0A8H3DT93,329,96.5
A0A8H3DTU2,325,96.0
A0A8H3DV55,315,96.9
A0A8H3DXC2,150,96.8
A0A8H3DZ25,282,95.5
A0A8H3E068,283,98.0
A0A8H3E170,298,92.9
A0A8H3E3S0,272,98.3
A0A8H3E6S2,311,81.5
A0A8H3E826,238,84.9
A0A8H3E969,339,96.5
A0A8H3EG02,330,80.1
A0A8H3EN91,375,95.9
A0A8H3F360,211,78.4
A0A8H3F9S2,107,49.0
A0A8H3FB07,352,98.4
A0A8H3FLJ8,207,97.0
A0A8H3FNM0,267,97.3
A0A8H3FPA4,241,85.8
A0A8H3FR24,445,87.4
A0A8H3FVH9,189,84.6
A0A8H3FYE1,355,97.7
A0A8H3G324,360,96.3
A0A8H3G4B9,63,69.4
A0A8H3G5H2,355,95.2
A0A8H3G6G5,306,91.2
A0A8H3G8R3,302,98.0
A0A8H3GCN2,281,97.4
A0A8H3GDY3,285,96.7
A0A8H3GGG6,426,85.5
A0A8H3GGT0,316,92.1
A0A8H3GHB1,315,97.3
A0A8H3GHR6,311,81.9
A0A8H3GIJ6,330,98.0
A0A8H3GJ25,343,96.5
A0A8H3GJ96,313,93.0
A0A8H3GJI1,329,95.3
A0A8H3GJP0,255,96.8
A0A8H3GKD3,287,96.4
A0A8H3GN92,278,97.1
A0A8H3GNE7,322,73.9
A0A8H3GPF4,329,96.3
A0A8H3GPT3,276,97.9
A0A8H3GTI8,276,97.9
A0A8H3GTK5,276,98.2
A0A8H3GUJ3,172,92.7
A0A8H3GVC8,283,97.0
A0A8H3GWD2,271,97.7
A0A8H3GXQ4,254,79.1
A0A8H3GYD3,276,97.8
A0A8H3GYQ5,224,95.5
A0A8H3GZI6,274,70.3
A0A8H3H1F0,329,96.3
A0A8H3H232,326,98.2
A0A8H3H2G3,323,97.6
A0A8H3H3H3,281,97.2
A0A8H3H4I9,281,97.0
A0A8H3H4T7,293,96.3
A0A8H3H5V5,276,97.5
A0A8H3H7F4,323,97.6
A0A8H3HB97,187,63.3
A0A8H3HBJ0,76,70.4
A0A8H3HCF2,356,93.3
A0A8H3HD74,224,77.8
A0A8H3HER9,272,98.1
A0A8H3HF69,281,96.7
A0A8H3HGU7,349,82.5
A0A8H3HH87,306,96.6
A0A8H3HI94,419,83.9
A0A8H3HIA4,356,93.6
A0A8H3HML6,323,97.0
A0A8H3HQZ0,65,72.3
A0A8H3HU11,324,98.2
A0A8H3HVS0,151,82.0
A0A8H3HWJ3,287,97.7
A0A8H3I0H6,282,96.1
A0A8H3I335,266,97.5
A0A8H3I3V1,276,98.1
A0A8H3I5R2,276,97.9
A0A8H3I9E9,344,72.8
A0A8H3IAU0,265,97.5
A0A8H3IDD5,265,97.8
A0A8H3IF87,419,90.1
A0A8H3IJQ0,193,75.1
A0A8H3IL14,310,86.8
A0A8H3IRN5,451,76.0
A0A8H3IRP0,316,93.1
A0A8H3J0U5,435,88.9
A0A8H3J3F8,491,88.5
A0A8H3JTK9,325,98.2
A0A8H3LDJ6,389,94.6
A0A8H3LDR0,390,93.7
A0A8H3N1T5,367,94.5
A0A8H3NML7,369,97.7
A0A8H3S9D4,330,94.6
A0A8H3SDV5,323,96.2
A0A8H3SVZ6,372,98.2
A0A8H3U2Q4,354,96.3
A0A8H3U6Y9,283,89.9
A0A8H3UFY5,284,94.0
A0A8H3UGI5,290,98.2
A0A8H3UMI6,276,96.4
A0A8H3UQ31,194,95.9
A0A8H3URB4,359,96.9
A0A8H3USQ9,316,94.1
A0A8H3V027,175,64.9
A0A8H3V839,321,93.9
A0A8H3V9L0,292,79.8
A0A8H3VC67,283,95.4
A0A8H3VIP5,314,93.7
A0A8H3VQH7,350,95.8
A0A8H3VS12,362,94.8
A0A8H3VUY2,314,91.2
A0A8H3VY49,359,97.7
A0A8H3VZM9,373,98.0
A0A8H3VZY2,264,91.7
A0A8H3W221,293,97.9
A0A8H3W2Z1,313,98.5
A0A8H3W3M4,372,83.5
A0A8H3W3M5,362,89.9
A0A8H3W532,265,97.9
A0A8H3W6Q4,383,97.2
A0A8H3W7G0,276,90.3
A0A8H3W909,296,93.1
A0A8H3WAN6,307,96.8
A0A8H3WAX8,304,98.0
A0A8H3WCH4,257,98.0
A0A8H3WD10,357,97.1
A0A8H3WF38,201,93.0
A0A8H3WF76,353,96.2
A0A8H3WH14,324,98.3
A0A8H3WIY3,318,97.3
A0A8H3WJV1,366,97.2
A0A8H3WK00,317,96.3
A0A8H3WPE4,314,96.5
A0A8H3WRY4,318,94.4
A0A8H3WZW9,394,91.3
A0A8H3XIS9,395,92.0
A0A8H3XWU4,358,97.5
A0A8H3YLS0,350,95.1
A0A8H3YMW2,362,94.5
A0A8H3YNM1,333,96.5
A0A8H3YPL6,290,96.9
A0A8H3Z1L5,347,98.2
A0A8H3Z1W3,321,95.2
A0A8H3Z591,362,94.8
A0A8H3Z5Y7,275,97.5
A0A8H3ZAJ8,283,96.6
A0A8H3ZF90,299,96.8
A0A8H3ZHC1,375,95.0
A0A8H3ZHJ7,315,98.0
A0A8H3ZHU8,357,97.8
A0A8H3ZQY2,361,92.1
A0A8H3ZTR1,324,98.1
A0A8H3ZU88,563,78.0
A0A8H3ZUN1,366,97.2
A0A8H3ZVK8,352,97.8
A0A8H3ZW58,311,82.7
A0A8H3ZY08,373,96.8
A0A8H4AMR5,382,92.3
A0A8H4AZG0,392,91.3
A0A8H4B004,395,90.7
A0A8H4C5A1,307,96.9
A0A8H4C6U6,314,94.3
A0A8H4C956,360,92.2
A0A8H4CAL0,357,97.8
A0A8H4CD88,353,96.6
A0A8H4CE41,366,87.5
A0A8H4CHB6,357,97.3
A0A8H4CIC1,314,96.8
A0A8H4CIP3,299,96.6
A0A8H4CJG9,373,78.9
A0A8H4CJL9,327,96.9
A0A8H4CL76,255,97.3
A0A8H4CL90,298,96.8
A0A8H4CME3,382,96.1
A0A8H4CNT5,304,98.0
A0A8H4CP16,562,78.5
A0A8H4CPR6,315,97.3
A0A8H4CQC8,383,96.9
A0A8H4CRX0,304,98.2
A0A8H4CT47,304,97.9
A0A8H4CUC1,333,92.1
A0A8H4CVC9,376,93.5
A0A8H4CX26,304,98.2
A0A8H4CXN0,315,96.1
A0A8H4EHU7,266,73.9
A0A8H4ER60,377,87.2
A0A8H4ERI9,175,91.1
A0A8H4ESM0,424,87.7
A0A8H4ESV6,414,82.0
A0A8H4ET05,322,57.0
A0A8H4EUW6,395,87.1
A0A8H4FBY6,373,98.0
A0A8H4FFA4,280,95.3
A0A8H4FHG1,296,92.8
A0A8H4FI02,331,95.7
A0A8H4FM17,293,98.0
A0A8H4FMR9,363,97.5
A0A8H4FPA4,265,96.5
A0A8H4FPM4,376,97.4
A0A8H4FQ42,317,95.5
A0A8H4FQ80,358,95.0
A0A8H4GTU5,369,97.4
A0A8H4H0Q4,325,95.7
A0A8H4H8E0,347,95.1
A0A8H4IH14,366,95.7
A0A8H4IIH3,289,98.2
A0A8H4IJN7,296,97.6
A0A8H4IQ82,331,97.7
A0A8H4ITZ1,366,96.7
A0A8H4IVL2,306,96.1
A0A8H4IYB2,364,97.6
A0A8H4JA75,304,97.4
A0A8H4JD90,263,87.1
A0A8H4JDQ9,229,89.2
A0A8H4JHW9,279,95.6
A0A8H4JJD2,386,88.5
A0A8H4JP05,304,97.4
A0A8H4JTZ8,278,96.9
A0A8H4JVE1,232,88.4
A0A8H4JW98,453,85.3
A0A8H4JY40,299,95.1
A0A8H4JZT0,372,96.6
A0A8H4K532,354,97.7
A0A8H4K586,143,55.9
A0A8H4K5B4,79,40.2
A0A8H4KAI2,464,85.5
A0A8H4KMC7,373,96.9
A0A8H4KQ60,277,95.9
A0A8H4KS18,354,97.5
A0A8H4KUG6,217,91.9
A0A8H4KWK7,86,85.9
A0A8H4KYT6,319,97.0
A0A8H4L1W2,319,97.1
A0A8H4L388,404,90.0
A0A8H4L3K1,362,87.6
A0A8H4LAM5,372,92.5
A0A8H4LDZ9,134,95.9
A0A8H4LNJ3,352,97.8
A0A8H4LT10,356,97.1
A0A8H4LT56,353,96.7
A0A8H4LY57,361,87.8
A0A8H4LYB6,329,81.3
A0A8H4N0Q7,372,95.8
A0A8H4N5Q2,375,96.8
A0A8H4N9I7,303,96.8
A0A8H4NB11,360,97.9
A0A8H4NIG1,263,73.8
A0A8H4NPU8,324,98.2
A0A8H4NVH0,356,97.8
A0A8H4NX87,417,86.0
A0A8H4NXJ4,448,85.0
A0A8H4P153,360,97.4
A0A8H4P2T7,416,91.7
A0A8H4P561,324,98.1
A0A8H4P6A3,408,93.2
A0A8H4P8Z2,227,76.7
A0A8H4PDS8,169,93.1
A0A8H4PPA2,353,98.0
A0A8H4PWQ3,350,96.7
A0A8H4PYE1,375,94.3
A0A8H4PYJ1,349,96.6
A0A8H4Q371,371,94.9
A0A8H4Q5Y0,351,94.0
A0A8H4Q7B4,364,95.7
A0A8H4QB03,335,77.9
A0A8H4QE39,347,95.4
A0A8H4QLM8,167,94.0
A0A8H4QR39,267,96.8
A0A8H4QV49,361,98.0
A0A8H4QXJ4,307,96.9
A0A8H4QY85,303,98.5
A0A8H4R0R5,305,97.3
A0A8H4R4D3,309,93.5
A0A8H4R646,399,92.3
A0A8H4RB41,167,79.6
A0A8H4RCD7,384,87.6
A0A8H4RCV6,369,74.0
A0A8H4RD19,443,92.3
A0A8H4REF5,351,93.2
A0A8H4RGI4,421,90.5
A0A8H4RK75,266,98.0
A0A8H4RQF7,324,98.3
A0A8H4RSF8,361,89.9
A0A8H4RVR8,353,94.1
A0A8H4RXM0,266,96.5
A0A8H4RXW4,339,88.5
A0A8H4RYR9,382,78.9
A0A8H4SPQ6,174,51.8
A0A8H4SQZ4,196,88.6
A0A8H4SVI5,319,97.8
A0A8H4SVT9,372,93.1
A0A8H4SX43,397,89.2
A0A8H4SZ29,372,89.3
A0A8H4T3A8,316,96.8
A0A8H4T4S3,403,87.4
A0A8H4T571,421,93.0
A0A8H4TAU8,278,97.5
A0A8H4TMG2,360,96.9
A0A8H4TN67,371,96.7
A0A8H4U9U3,352,97.5
A0A8H4UHJ6,356,97.9
A0A8H4UN72,372,90.5
A0A8H4UR38,201,85.5
A0A8H4V5M0,126,91.0
A0A8H4V879,265,97.8
A0A8H4VD00,342,97.5
A0A8H4VEK6,394,87.9
A0A8H4VEL5,351,96.7
A0A8H4VFC3,345,94.2
A0A8H4VIV0,370,96.0
A0A8H4VJ57,408,79.8
A0A8H4VJZ4,271,82.8
A0A8H4VQE1,309,96.8
A0A8H4VSB1,303,98.3
A0A8H4VW33,137,85.5
A0A8H4W2C0,352,87.9
A0A8H4W5E3,330,97.3
A0A8H4W5K7,402,89.5
A0A8H4W988,332,77.3
A0A8H4WA62,395,91.0
A0A8H4WPP8,354,97.5
A0A8H4WW32,232,91.6
A0A8H4WWH2,304,97.4
A0A8H4X0V2,446,89.7
A0A8H4X204,278,97.2
A0A8H4X3P9,356,97.7
A0A8H4X8T0,304,98.0
A0A8H4X9G3,319,96.7
A0A8H4XA50,373,96.7
A0A8H4XKD8,352,97.5
A0A8H4XP10,373,96.7
A0A8H4YMN9,294,95.7
A0A8H4YZH8,373,89.4
A0A8H4Z0P3,281,94.2
A0A8H4Z2B8,448,85.9
A0A8H4ZIX0,225,93.8
A0A8H4ZJ61,362,90.1
A0A8H4ZJR9,324,98.1
A0A8H4ZL32,299,94.1
A0A8H4ZQE0,293,66.8
A0A8H4ZRI9,354,97.4
A0A8H4ZX87,301,94.3
A0A8H4ZZ08,299,94.5
A0A8H5A3H7,422,64.3
A0A8H5AC02,356,97.8
A0A8H5ACA7,372,91.8
A0A8H5ACT0,166,95.2
A0A8H5AG12,445,67.9
A0A8H5ANI9,360,97.4
A0A8H5AS67,345,95.0
A0A8H5ATL4,303,98.1
A0A8H5ATU2,310,85.3
A0A8H5AZD0,361,87.8
A0A8H5B6S5,415,92.9
A0A8H5BMN4,307,94.9
A0A8H5BNN2,306,96.6
A0A8H5BWS2,118,93.6
A0A8H5C6D9,307,97.8
A0A8H5C7T8,312,95.1
A0A8H5C9M2,308,94.7
A0A8H5CLG7,304,89.4
A0A8H5CPZ2,358,88.9
A0A8H5CSQ3,345,97.4
A0A8H5CSR4,369,96.5
A0A8H5CT78,269,86.2
A0A8H5CW67,330,97.8
A0A8H5CXW9,308,93.4
A0A8H5CYR8,314,91.6
A0A8H5DYD1,276,97.1
A0A8H5E686,417,91.3
A0A8H5E7V3,304,97.5
A0A8H5E8T2,372,96.6
A0A8H5EA09,278,96.6
A0A8H5EAG2,272,96.9
A0A8H5ECQ3,319,96.3
A0A8H5EE65,367,97.7
A0A8H5EN09,211,90.2
A0A8H5ENW3,278,96.6
A0A8H5EP99,446,86.2
A0A8H5ES61,278,90.6
A0A8H5ESC3,307,97.0
A0A8H5ESN2,306,96.9
A0A8H5ET27,345,96.7
A0A8H5ET41,333,91.5
A0A8H5EVZ1,166,93.1
A0A8H5FVJ2,134,58.5
A0A8H5FVW2,307,82.4
A0A8H5G7U9,358,92.1
A0A8H5GBP1,400,91.6
A0A8H5GBV2,381,77.4
A0A8H5GWW4,365,94.8
A0A8H5HDP7,208,85.1
A0A8H5HXK5,356,93.3
A0A8H5I441,88,77.2
A0A8H5I5E5,233,91.5
A0A8H5I9A0,269,89.7
A0A8H5IBZ4,356,97.7
A0A8H5ICY9,222,97.8
A0A8H5IDB1,362,93.0
A0A8H5IDF7,294,94.2
A0A8H5IFN4,278,98.3
A0A8H5IQ56,397,96.4
A0A8H5IQI9,400,90.6
A0A8H5J2Q4,404,68.5
A0A8H5J758,324,98.1
A0A8H5J780,212,85.8
A0A8H5J841,362,92.3
A0A8H5J9Q5,430,87.8
A0A8H5JC63,299,95.1
A0A8H5JCZ8,228,85.4
A0A8H5JGL4,304,98.1
A0A8H5JJT6,378,64.0
A0A8H5JKQ2,232,90.4
A0A8H5JP05,354,97.7
A0A8H5JP71,254,64.8
A0A8H5JRL3,461,87.2
A0A8H5JSZ0,197,80.9
A0A8H5JU90,278,96.8
A0A8H5JUP5,319,97.1
A0A8H5JW57,487,92.0
A0A8H5K7H7,375,96.2
A0A8H5KA52,294,95.4
A0A8H5KBA7,304,98.0
A0A8H5KIL6,298,93.9
A0A8H5KJP4,438,86.9
A0A8H5KJQ9,367,96.4
A0A8H5KKH2,362,92.3
A0A8H5KLF1,196,88.4
A0A8H5KLN9,304,97.9
A0A8H5KTM0,324,94.2
A0A8H5KU78,278,96.5
A0A8H5L5W2,356,97.4
A0A8H5L5Z4,354,97.5
A0A8H5L6K7,282,76.1
A0A8H5L7G9,483,86.7
A0A8H5L7U2,416,94.3
A0A8H5L8N0,437,69.5
A0A8H5L9I1,319,97.8
A0A8H5LAV3,230,68.9
A0A8H5LGT6,299,95.2
A0A8H5LLZ7,402,90.9
A0A8H5LR22,583,80.6
A0A8H5LTK0,787,42.5
A0A8H5MJF5,401,92.7
A0A8H5MKJ1,354,97.4
A0A8H5MMZ8,227,72.1
A0A8H5MQC7,313,82.9
A0A8H5MQF9,278,98.5
A0A8H5MSD3,356,97.6
A0A8H5MTE4,373,72.2
A0A8H5MYS2,372,96.7
A0A8H5MYW8,322,97.7
A0A8H5N0W6,310,85.4
A0A8H5N717,278,96.8
A0A8H5N7B6,269,93.2
A0A8H5N7W5,354,97.7
A0A8H5NAG7,353,97.9
A0A8H5NBS9,418,92.6
A0A8H5ND32,304,98.0
A0A8H5NDH7,372,96.6
A0A8H5NFC4,372,89.2
A0A8H5NI46,294,94.4
A0A8H5NML4,354,97.7
A0A8H5NQC1,202,86.4
A0A8H5NV84,372,96.8
A0A8H5NW48,281,97.5
A0A8H5NWN0,278,98.0
A0A8H5NYQ1,448,80.9
A0A8H5P1N5,434,70.4
A0A8H5P4T9,356,97.8
A0A8H5P677,304,94.0
A0A8H5P686,439,82.6
A0A8H5P6M4,463,84.3
A0A8H5P785,402,88.6
A0A8H5P954,311,91.4
A0A8H5PBB3,281,76.3
A0A8H5PBF2,258,88.7
A0A8H5PCC7,400,92.2
A0A8H5PRZ9,278,97.2
A0A8H5PV85,304,98.0
A0A8H5PVK3,281,78.6
A0A8H5Q4Q0,278,96.8
A0A8H5Q4V2,372,96.7
A0A8H5Q6G5,278,92.0
A0A8H5Q7J5,294,94.2
A0A8H5QC13,221,89.4
A0A8H5R283,304,98.0
A0A8H5RAL4,147,90.9
A0A8H5RJI4,356,61.4
A0A8H5RMQ3,359,94.9
A0A8H5RV81,354,97.3
A0A8H5S0K9,384,83.7
A0A8H5S8V9,252,90.5
A0A8H5SCC9,204,92.6
A0A8H5SQH1,398,90.1
A0A8H5SS39,197,88.1
A0A8H5STQ5,278,98.4
A0A8H5SV87,319,97.6
A0A8H5SVS3,402,89.9
A0A8H5SX11,356,97.7
A0A8H5T6U4,204,92.3
A0A8H5T9H9,304,97.4
A0A8H5TCH9,484,88.1
A0A8H5TCK8,372,93.3
A0A8H5TF94,278,94.9
A0A8H5TIA6,132,84.1
A0A8H5TJM2,372,96.2
A0A8H5TN65,91,67.7
A0A8H5TQU7,213,94.3
A0A8H5TSQ9,353,97.7
A0A8H5TTH5,360,97.0
A0A8H5TUE0,360,97.2
A0A8H5TUF0,282,94.2
A0A8H5U0D3,582,85.2
A0A8H5U2G8,372,96.6
A0A8H5U9E2,354,97.6
A0A8H5UC91,281,94.0
A0A8H5UEB6,294,95.6
A0A8H5UEG0,449,85.8
A0A8H5UH86,397,90.9
A0A8H5UJH2,319,97.4
A0A8H5UKS9,212,78.1
A0A8H5UN28,411,69.0
A0A8H5UPH0,319,97.9
A0A8H5UPN3,239,91.6
A0A8H5USK3,372,96.6
A0A8H5UU87,195,82.7
A0A8H5UVB9,304,97.0
A0A8H5UZ86,356,97.8
A0A8H5UZN1,294,95.3
A0A8H5V073,195,79.7
A0A8H5V2R6,354,97.4
A0A8H5V603,372,93.3
A0A8H5V6E6,281,95.6
A0A8H5VII5,232,92.3
A0A8H5VNY4,372,76.2
A0A8H5VQS7,319,97.0
A0A8H5VR89,375,96.2
A0A8H5W1F9,237,87.3
A0A8H5W4U5,232,85.9
A0A8H5W5B7,278,97.1
A0A8H5WCB4,250,96.8
A0A8H5WLG2,279,97.9
A0A8H5WU54,373,96.7
A0A8H5WV73,372,91.6
A0A8H5WWF5,354,97.4
A0A8H5WWP5,278,97.1
A0A8H5WYS4,299,95.4
A0A8H5X231,285,96.2
A0A8H5X8W1,324,97.7
A0A8H5XAB3,294,95.5
A0A8H5XDL4,312,79.8
A0A8H5XEV6,304,97.6
A0A8H5XH25,180,84.4
A0A8H5XKR6,391,87.3
A0A8H5XND2,319,97.1
A0A8H5XW17,279,94.8
A0A8H5XYF6,278,97.3
A0A8H5Y186,401,90.5
A0A8H5Y2X1,163,94.6
A0A8H5Y400,354,97.4
A0A8H5Y692,372,96.7
A0A8H5Y9L7,356,97.9
A0A8H5Y9M7,319,97.0
A0A8H5YCE1,312,66.6
A0A8H5YF66,276,97.2
A0A8H5YFK9,304,98.1
A0A8H5YQ63,278,96.8
A0A8H5YWG8,178,84.4
A0A8H5YXQ5,304,97.4
A0A8H5YY21,463,75.2
A0A8H5Z228,372,96.6
A0A8H5Z2U4,386,88.3
A0A8H5ZBE3,344,89.4
A0A8H5ZBW5,309,98.1
A0A8H5ZGI7,345,96.6
A0A8H5ZGU7,357,96.4
A0A8H5ZHE0,370,96.6
A0A8H5ZPQ1,319,94.8
A0A8H5ZPY0,385,96.9
A0A8H5ZQ82,350,96.5
A0A8H5ZQU3,138,82.7
A0A8H5ZTP5,319,94.3
A0A8H5ZV75,326,97.9
A0A8H5ZVG9,409,89.2
A0A8H6A0W2,366,80.4
A0A8H6AH89,468,80.5
A0A8H6AHL4,354,92.5
A0A8H6AJG6,345,96.2
A0A8H6ANQ1,227,79.7
A0A8H6AQE7,189,44.8
A0A8H6ARC5,333,72.0
A0A8H6AXV0,369,94.5
A0A8H6B365,358,96.2
A0A8H6CYT6,215,92.6
A0A8H6CZQ6,309,85.1
A0A8H6D6E9,391,90.3
A0A8H6DAN0,356,97.1
A0A8H6DCF2,449,85.5
A0A8H6DIP9,204,92.6
A0A8H6DL01,354,97.7
A0A8H6DNI4,457,83.7
A0A8H6DQX8,371,97.9
A0A8H6E1Q8,362,97.8
A0A8H6E4D1,405,95.0
A0A8H6EDG9,301,97.5
A0A8H6EGG1,370,96.0
A0A8H6FIQ4,282,89.3
A0A8H6FJX5,97,93.0
A0A8H6G9R1,340,98.1
A0A8H6GAT6,304,97.4
A0A8H6GIF2,162,97.4
A0A8H6GJM5,372,92.2
A0A8H6GKA5,180,94.6
A0A8H6GLN4,278,96.9
A0A8H6GM20,357,96.5
A0A8H6GNV5,450,85.4
A0A8H6GQK0,373,96.9
A0A8H6GTV3,367,97.6
A0A8H6HCQ0,306,97.0
A0A8H6HGD8,345,97.2
A0A8H6HIZ0,295,95.8
A0A8H6HJ32,119,93.8
A0A8H6HKA3,290,97.0
A0A8H6HM07,306,96.4
A0A8H6HN38,361,87.4
A0A8H6HQ22,298,96.0
A0A8H6HT48,309,88.6
A0A8H6IBX9,267,87.5
A0A8H6IL88,247,97.0
A0A8H6IQ64,359,95.8
A0A8H6IS43,356,97.4
A0A8H6IU52,332,96.8
A0A8H6IV04,358,96.1
A0A8H6IWA6,376,97.1
A0A8H6IY60,304,98.3
A0A8H6IZL4,367,97.0
A0A8H6IZN0,304,98.3
A0A8H6IZS0,382,96.1
A0A8H6J054,293,97.9
A0A8H6J558,367,97.0
A0A8H6J5G7,354,97.9
A0A8H6J6I2,350,97.2
A0A8H6J983,378,97.2
A0A8H6JAR9,314,80.9
A0A8H6JD81,377,88.5
A0A8H6JDF9,371,87.9
A0A8H6JFM5,380,97.0
A0A8H6JGN5,358,96.0
A0A8H6JHW7,283,95.8
A0A8H6JK77,304,97.2
A0A8H6JLP4,376,96.4
A0A8H6JQY8,358,96.5
A0A8H6JU27,354,97.0
A0A8H6JUQ2,367,97.7
A0A8H6JVW5,400,90.2
A0A8H6JY07,368,84.4
A0A8H6K1V4,159,76.0
A0A8H6K2X5,393,87.8
A0A8H6K3D9,342,88.0
A0A8H6K5B3,308,97.6
A0A8H6K6D0,304,97.9
A0A8H6K989,372,97.7
A0A8H6KBA5,379,96.3
A0A8H6KDD4,325,97.5
A0A8H6KE22,321,82.5
A0A8H6KF39,270,97.3
A0A8H6KFC1,304,98.2
A0A8H6KGA4,391,80.3
A0A8H6KSM3,340,96.4
A0A8H6KU06,323,94.9
A0A8H6L0G3,265,96.9
A0A8H6L2R8,358,96.6
A0A8H6LB48,319,97.3
A0A8H6LBS9,299,94.6
A0A8H6LKN3,324,97.4
A0A8H6LM81,354,97.6
A0A8H6LPG9,80,83.5
A0A8H6M1T0,166,94.1
A0A8H6M523,312,95.9
A0A8H6M6R6,212,59.5
A0A8H6M859,361,87.7
A0A8H6MFL0,126,81.1
A0A8H6MKC6,415,87.6
A0A8H6MMP4,283,96.3
A0A8H6MRC0,301,90.0
A0A8H6MRK7,393,89.0
A0A8H6MV95,357,97.4
A0A8H6MX70,374,97.4
A0A8H6MXW4,308,96.6
A0A8H6MXZ4,312,97.0
A0A8H6N0D2,368,84.7
A0A8H6N1I1,304,98.0
A0A8H6N3Z9,308,96.7
A0A8H6N7U5,290,94.6
A0A8H6N8Q9,283,96.4
A0A8H6NC09,376,95.3
A0A8H6NCK7,320,92.5
A0A8H6NEA7,432,88.1
A0A8H6NF46,275,88.3
A0A8H6NIR3,348,96.7
A0A8H6NIY1,394,88.9
A0A8H6NJ52,404,92.6
A0A8H6NLN1,313,96.5
A0A8H6NMK0,401,94.0
A0A8H6NPF4,383,90.9
A0A8H6NWB6,293,98.0
A0A8H6NYW2,368,86.5
A0A8H6P259,328,97.8
A0A8H6P2A3,380,96.9
A0A8H6PEN0,361,97.6
A0A8H6PKJ6,327,95.8
A0A8H6PKM4,184,92.0
A0A8H6Q2T8,328,97.6
A0A8H6Q3V1,350,95.6
A0A8H6QIW3,380,97.0
A0A8H6QJJ2,369,97.6
A0A8H6QX56,863,74.7
A0A8H6R1E0,387,90.6
A0A8H6R272,421,78.3
A0A8H6R6V0,323,96.0
A0A8H6RB12,370,96.9
A0A8H6RFC0,373,97.1
A0A8H6RGS3,393,92.4
A0A8H6RUP2,375,94.2
A0A8H6RWT0,338,96.8
A0A8H6S0L4,366,90.8
A0A8H6S8I0,345,93.0
A0A8H6SA99,363,94.8
A0A8H6SNJ8,335,98.1
A0A8H6TVI1,308,72.9
A0A8H6U8S8,370,87.7
A0A8H6UK35,148,93.6
A0A8H6V0E5,202,63.5
A0A8H6VAE7,224,94.3
A0A8H6VCY1,327,96.0
A0A8H6VDP8,267,96.8
A0A8H6VED4,369,97.5
A0A8H6VEP3,311,96.2
A0A8H6VFN9,386,96.4
A0A8H6VME7,297,96.4
A0A8H6VUF2,378,87.4
A0A8H6VY02,396,79.8
A0A8H6WIU6,309,97.9
A0A8H6X7R3,159,96.4
A0A8H6XHP2,503,73.1
A0A8H6XYA6,305,88.7
A0A8H6XZ87,333,95.3
A0A8H6Y0J2,328,91.9
A0A8H6Y0Y5,360,89.4
A0A8H6YA53,315,80.3
A0A8H6YCU9,360,96.8
A0A8H6YF55,543,87.2
A0A8H6YGA9,336,97.7
A0A8H6YHY9,536,83.7
A0A8H6YNE5,308,97.0
A0A8H6Z6D1,337,73.8
A0A8H6ZAK3,375,93.9
A0A8H6ZT67,248,83.1
A0A8H6ZUP2,323,93.2
A0A8H7AB16,291,89.0
A0A8H7AEH3,424,88.1
A0A8H7AFZ9,379,88.8
A0A8H7AXV4,283,96.1
A0A8H7AY81,291,98.2
A0A8H7AYA9,324,94.0
A0A8H7B370,360,96.8
A0A8H7B393,291,96.9
A0A8H7B5E2,363,98.1
A0A8H7B9S1,344,97.5
A0A8H7BB98,294,89.5
A0A8H7BCG0,370,98.0
A0A8H7BCK5,401,93.2
A0A8H7BEA9,346,96.9
A0A8H7C4Z8,414,89.2
A0A8H7C551,345,92.9
A0A8H7CJP5,310,89.6
A0A8H7D469,359,77.8
A0A8H7D4T6,309,94.7
A0A8H7D596,241,88.5
A0A8H7DEF9,310,94.9
A0A8H7DID7,371,86.2
A0A8H7DQG2,305,96.6
A0A8H7DSK2,158,95.7
A0A8H7E323,348,96.7
A0A8H7E394,351,95.7
A0A8H7E8W0,376,92.8
A0A8H7EC27,253,74.7
A0A8H7EE27,357,94.0
A0A8H7EE91,360,97.6
A0A8H7EGD0,322,97.5
A0A8H7EH36,363,98.1
A0A8H7EHU6,361,98.0
A0A8H7EHY5,287,80.5
A0A8H7EIF0,384,97.3
A0A8H7ELB7,271,86.3
A0A8H7EN31,387,96.8
A0A8H7F0X6,323,85.1
A0A8H7F114,341,95.7
A0A8H7F118,342,95.3
A0A8H7F178,351,95.0
A0A8H7H065,193,78.8
A0A8H7H0A0,302,92.8
A0A8H7H1G5,291,79.1
A0A8H7H1Q4,291,93.3
A0A8H7H1R4,280,97.5
A0A8H7H281,281,97.7
A0A8H7H557,103,89.7
A0A8H7H787,326,95.5
A0A8H7HCV1,350,93.1
A0A8H7HD47,321,87.6
A0A8H7HD61,88,95.0
A0A8H7HE37,315,98.3
A0A8H7HEV2,317,97.1
A0A8H7HEZ9,322,72.2
A0A8H7HFI3,330,84.0
A0A8H7HJV3,274,75.3
A0A8H7HN73,311,80.2
A0A8H7HNU4,272,96.8
A0A8H7HP73,278,97.4
A0A8H7HPD8,278,97.4
A0A8H7HPJ6,318,76.6
A0A8H7HQ90,108,88.6
A0A8H7HQN1,280,98.0
A0A8H7HVL3,331,98.5
A0A8H7HVY0,262,92.1
A0A8H7HXA0,333,82.6
A0A8H7HXY8,354,92.7
A0A8H7HZX6,337,81.6
A0A8H7I0G9,293,97.4
A0A8H7I266,281,93.5
A0A8H7I333,300,94.1
A0A8H7I8D4,116,83.1
A0A8H7I922,315,98.3
A0A8H7IAY9,211,69.3
A0A8H7IBD4,256,89.0
A0A8H7IC76,203,96.8
A0A8H7IC95,262,87.1
A0A8H7ICL8,298,85.2
A0A8H7IE62,317,97.5
A0A8H7IJA8,321,88.2
A0A8H7IJH3,280,73.0
A0A8H7IKL1,321,96.8
A0A8H7ILF3,249,57.1
A0A8H7IN72,285,71.8
A0A8H7INQ5,306,93.8
A0A8H7IPC8,296,97.0
A0A8H7IPN2,396,89.1
A0A8H7IPP2,441,91.7
A0A8H7IQP6,446,91.8
A0A8H7IRY9,440,88.7
A0A8H7IUM4,347,91.9
A0A8H7IXR7,342,97.6
A0A8H7IZ83,383,95.2
A0A8H7IZF4,270,98.0
A0A8H7J267,388,97.0
A0A8H7J743,361,98.1
A0A8H7J751,365,98.1
A0A8H7JA56,357,97.0
A0A8H7JAM7,355,95.3
A0A8H7JBZ9,298,96.2
A0A8H7JCU1,298,90.1
A0A8H7JEC5,398,93.6
A0A8H7K265,349,94.3
A0A8H7K458,319,98.0
A0A8H7KAG2,279,80.2
A0A8H7LGB7,281,97.7
A0A8H7LH97,278,97.6
A0A8H7LHE7,280,98.1
A0A8H7LHS8,278,96.9
A0A8H7LK40,303,97.3
A0A8H7LKW1,326,82.7
A0A8H7LLC6,293,96.3
A0A8H7LLE3,321,85.6
A0A8H7LLQ8,286,97.2
A0A8H7LQM8,310,77.5
A0A8H7LVB4,328,95.5
A0A8H7LY65,292,86.7
A0A8H7LYP2,276,98.0
A0A8H7LYZ4,330,88.7
A0A8H7M1F4,449,82.8
A0A8H7M3X7,335,71.6
A0A8H7M6V8,355,93.4
A0A8H7M7A9,330,83.0
A0A8H7M7D9,267,87.0
A0A8H7MAH7,365,96.3
A0A8H7MD11,336,95.1
A0A8H7MDL2,275,97.1
A0A8H7MHY0,352,90.2
A0A8H7MKD7,350,97.6
A0A8H7MLP2,344,89.9
A0A8H7MYD8,361,96.9
A0A8H7NBP5,439,80.4
A0A8H7NEV0,359,95.0
A0A8H7NIK8,130,86.9
A0A8H7NLJ7,269,96.8
A0A8H7NNH4,380,96.2
A0A8H7NQ03,116,54.0
A0A8H7NZM8,349,96.2
A0A8H7T090,370,97.2
A0A8H7T3E4,304,98.5
A0A8H7TA63,342,98.1
A0A8H7TEA9,270,86.3
A0A8H7TEF7,340,96.0
A0A8H7THY2,119,72.6
A0A8H7TLJ9,443,92.8
A0A8H7TQM4,182,76.0
A0A8H7W0M8,283,95.4
A0A8H7W2C3,362,97.7
A0A8H7W5S0,304,94.9
A0A8H7W5S3,336,95.0
A0A8H7W829,332,98.0
A0A8H7WDA9,361,98.1
A0A8H7WER1,365,96.3
A0A8H7WI46,308,98.2
A0A8H7WJ80,361,97.3
A0A8H7XL25,279,57.2
A0A8H7XPI9,307,97.9
A0A8H7XYD0,380,89.2
A0A8H7XZB0,302,98.3
A0A8H7Y1Y0,258,94.8
A0A8H7Y473,302,98.0
A0A8H7Y4Q9,310,96.7
A0A8H7Y6A8,286,66.3
A0A8H7Y6P0,315,96.0
A0A8H7Y728,311,96.3
A0A8H7Y763,297,96.0
A0A8H7YES8,356,97.3
A0A8H7YFF4,361,90.5
A0A8H7YK62,339,96.2
A0A8H7YT13,421,87.7
A0A8H7Z3G6,384,89.0
A0A8H8BUH3,266,82.9
A0A8H8BUN9,364,95.3
A0A8H8BUT8,161,82.8
A0A8H8BVI5,275,97.9
A0A8H8CFE2,340,96.9
A0A8H8CGD4,315,98.2
A0A8H8CNT2,302,97.9
A0A8H8D6L7,429,93.0
A0A8H8D9Z1,297,94.7
A0A8H8NXP1,276,98.0
A0A8H8P1Y9,274,96.7
A0A8H8P4P0,329,94.0
A0A8H8P5E1,278,97.7
A0A8H8P654,235,85.0
A0A8H8P683,281,97.6
A0A8H8P6Q4,331,98.1
A0A8H8P6Z0,309,97.6
A0A8H8P8S1,299,78.6
A0A8H8P906,328,90.3
A0A8H8PB78,293,96.6
A0A8H8PBL8,331,98.6
A0A8H8QL19,289,96.8
A0A8H8RL10,282,98.2
A0A8H8RNN3,373,91.6
A0A8H8RR52,342,94.3
A0A8H8RRA0,358,88.1
A0A8H8RSC4,346,96.6
A0A8H8S6Y7,344,62.3
A0A8H8SX22,291,91.9
A0A8H8SX43,317,68.3
A0A8H8SYD2,315,98.2
A0A8H8SYG4,241,82.4
A0A8H8SZ86,317,92.2
A0A8H8SZK0,280,97.3
A0A8H8T1N1,114,95.0
A0A8H8T2N9,346,95.8
A0A8H8T2Q3,238,72.5
A0A8H8TWB0,346,96.5
A0A8H8TWG2,372,90.4
A0A8H8TY34,385,91.1
A0A8H8U2D2,282,98.1
A0A8H8U903,331,93.7
A0A8H8UDN1,371,91.7
A0A8H8UE41,309,72.4
A0A8H8UJ19,292,85.7
A0A8H8UJ86,371,97.3
A0A8H8UZF0,278,66.8
A0A8H8VKB4,178,81.9
A0A8H8VMB0,356,92.7
A0A8H9LF69,243,98.3
A0A8I0HR42,293,97.4
A0A8I0N0B8,373,84.2
A0A8I0T5D5,302,93.6
A0A8I0TNY5,269,98.3
A0A8I0TQ07,285,97.1
A0A8I1B785,395,89.4
A0A8I2YWL6,164,93.9
A0A8I2YZN7,386,95.2
A0A8I2Z321,333,91.2
A0A8I2Z9I3,351,97.0
A0A8I2ZGI6,355,86.0
A0A8I2ZPC4,352,93.6
A0A8I2ZUB0,351,96.9
A0A8I3A057,345,95.6
A0A8I3A060,353,96.6
A0A8I3A4L4,164,93.8
A0A8I3ABR5,386,94.0
A0A8I3AJ06,304,98.2
A0A8I3APL4,120,72.7
A0A8I3N097,369,97.8
A0A8I3N630,431,95.7
A0A8I3PWM0,430,97.8
A0A8I3WIP8,225,81.4
A0A8I5P4N7,450,95.3
A0A8I6AEZ4,431,95.2
A0A8I6XAM2,331,96.4
A0A8I6XVQ0,334,96.1
A0A8J0VPY8,415,95.1
A0A8J1JPZ8,364,85.7
A0A8J1KWE0,416,94.7
A0A8J1L3K0,415,93.0
A0A8J1MAN5,432,97.2
A0A8J1T8Q4,381,85.9
A0A8J1TDZ8,414,79.0
A0A8J1UW52,378,86.7
A0A8J1XGG3,371,91.5
A0A8J2HSP6,291,98.4
A0A8J2HUY8,390,92.9
A0A8J2HVH7,234,74.7
A0A8J2HVI4,322,94.2
A0A8J2HXE4,358,97.2
A0A8J2I1Y0,336,94.1
A0A8J2I5H4,344,98.0
A0A8J2I7M8,322,87.3
A0A8J2IA55,290,98.3
A0A8J2IB02,370,98.0
A0A8J2ID19,363,96.9
A0A8J2IDN1,360,97.4
A0A8J2IFZ7,305,98.0
A0A8J2IJI8,429,81.0
A0A8J2IPY8,304,94.7
A0A8J2IST9,362,96.4
A0A8J2IYY8,406,85.8
A0A8J2J3A4,280,97.7
A0A8J2J3P6,319,97.4
A0A8J2JFH0,481,86.5
A0A8J2LKQ7,358,87.8
A0A8J2LTQ0,354,93.7
A0A8J2LVF9,135,90.5
A0A8J2M4D2,128,93.5
A0A8J2M935,345,93.7
A0A8J2MUH7,244,84.1
A0A8J2MVV0,368,97.7
A0A8J2MWK5,399,93.2
A0A8J2MZQ3,346,97.2
A0A8J2N4P6,226,97.8
A0A8J2N5E0,365,98.3
A0A8J2N5V0,384,97.4
A0A8J2N7P3,278,98.5
A0A8J2N8J7,363,98.1
A0A8J2NFA9,409,89.4
A0A8J2NFF3,360,97.0
A0A8J2NGY7,295,92.7
A0A8J2NJK9,372,96.6
A0A8J2NKZ4,361,96.0
A0A8J2NNS2,352,97.3
A0A8J2Q7V7,322,93.3
A0A8J2SFI9,468,92.6
A0A8J2X377,390,86.2
A0A8J3BBZ6,252,98.1
A0A8J3BGB2,270,98.4
A0A8J3BKF7,249,98.0
A0A8J3BUV9,289,95.9
A0A8J3FHP6,270,98.2
A0A8J3FJ51,257,92.6
A0A8J3JPJ3,324,96.7
A0A8J3KQH3,324,96.1
A0A8J3LPF5,273,97.3
A0A8J3MXC0,282,93.8
A0A8J3NR48,324,96.6
A0A8J3NUP5,324,95.9
A0A8J3PBE0,324,95.7
A0A8J4BKA8,338,84.5
A0A8J4E5Z3,259,96.7
A0A8J4I4U8,430,95.6
A0A8J4IBI6,438,97.7
A0A8J4IMV8,366,98.1
A0A8J4JHV9,433,98.2
A0A8J4JIW2,430,96.1
A0A8J4JL23,438,97.6
A0A8J4JZA9,433,98.2
A0A8J4KHU5,433,98.2
A0A8J4KIM9,432,95.8
A0A8J4L2L8,430,95.8
A0A8J4NKR4,430,95.8
A0A8J4NLN4,437,97.7
A0A8J4NTJ9,438,97.7
A0A8J4P914,438,97.7
A0A8J4PJD4,433,98.2
A0A8J4R1C7,330,96.9
A0A8J4RCB2,332,92.8
A0A8J4RG28,338,97.2
A0A8J4S3K7,489,77.3
A0A8J4S5D5,373,75.3
A0A8J4S5S5,335,96.3
A0A8J4S7I2,340,90.0
A0A8J4S9F2,289,91.3
A0A8J4SBM2,379,93.4
A0A8J4SI66,444,96.8
A0A8J4SR52,330,95.9
A0A8J4T0Z1,354,89.4
A0A8J4T8F5,445,96.8
A0A8J4TMF3,456,94.9
A0A8J4TVK1,316,90.8
A0A8J4U0R7,253,85.5
A0A8J4UAN4,435,96.9
A0A8J4VBG9,330,97.1
A0A8J4W626,297,92.8
A0A8J4W827,274,94.2
A0A8J4XFF5,434,97.3
A0A8J5F0X4,330,97.3
A0A8J5F3I4,330,97.4
A0A8J5F4W5,330,97.5
A0A8J5F961,137,85.9
A0A8J5HRF1,323,97.1
A0A8J5I947,123,80.2
A0A8J5IEP3,315,95.9
A0A8J5IJ88,475,80.3
A0A8J5IYY3,362,88.6
A0A8J5IZX1,336,94.2
A0A8J5JEM4,323,96.9
A0A8J5LJA9,323,95.9
A0A8J5M1B8,306,78.7
A0A8J5M7S4,330,95.6
A0A8J5MDI9,373,94.6
A0A8J5MHP1,390,92.1
A0A8J5NJX7,334,91.3
A0A8J5NKZ0,299,94.9
A0A8J5NLS7,278,97.4
A0A8J5NND1,304,97.3
A0A8J5NNM5,211,77.2
A0A8J5NR04,232,91.3
A0A8J5NRL0,356,97.8
A0A8J5NRV3,319,95.7
A0A8J5P700,356,97.7
A0A8J5P8T9,354,97.6
A0A8J5PCQ5,435,83.1
A0A8J5PGS7,113,62.7
A0A8J5PGY7,319,96.8
A0A8J5PIC9,220,90.3
A0A8J5PN01,278,96.9
A0A8J5PNS1,299,95.5
A0A8J5PXY4,360,97.5
A0A8J5Q1X9,402,89.1
A0A8J5Q444,373,96.9
A0A8J5Q6Q8,354,97.3
A0A8J5QFE9,125,96.6
A0A8J5RBS7,336,94.3
A0A8J5SQH5,331,94.7
A0A8J5T3N5,330,96.3
A0A8J5TNI1,485,87.2
A0A8J5TR18,372,91.6
A0A8J5TU76,450,82.6
A0A8J5TWT7,368,96.6
A0A8J5TY63,352,97.3
A0A8J5TY65,324,98.0
A0A8J5UAU7,283,94.3
A0A8J5UCZ8,360,97.5
A0A8J5UES2,446,84.0
A0A8J5UF44,162,97.4
A0A8J5UIE6,182,74.0
A0A8J5XMZ9,366,91.5
A0A8J5YHH3,333,95.1
A0A8J5YW30,345,90.8
A0A8J5YYR4,308,76.9
A0A8J5Z0Y9,328,97.0
A0A8J5ZKV7,320,97.3
A0A8J6AJE4,331,93.8
A0A8J6AKY6,361,90.9
A0A8J6CKG0,311,90.1
A0A8J6CZF7,202,70.2
A0A8J6DRE2,356,94.8
A0A8J6ECW7,279,75.7
A0A8J6FEG1,354,97.0
A0A8J6GU63,424,93.3
A0A8J6JYS1,432,97.6
A0A8J6JZ99,436,94.3
A0A8J6K5S1,419,94.0
A0A8J6KBC9,360,96.9
A0A8J6KFN8,430,95.6
A0A8J6KYG5,433,98.0
A0A8J6KZX1,337,90.1
A0A8J6XJ86,399,89.0
A0A8J7DI34,362,94.6
A0A8J7F6V8,332,96.7
A0A8J7GKX2,297,95.2
A0A8J7HGQ2,362,94.0
A0A8J7L5S7,350,96.7
A0A8J7L7N4,331,93.9
A0A8J7NNI0,347,97.7
A0A8J7NVL6,434,97.6
A0A8J7NVZ9,525,78.2
A0A8J8W5E6,327,97.2
A0A8J8W6K5,312,94.5
A0A8J8W9R0,384,95.3
A0A8J8WHI1,328,96.6
A0A8J8XD96,429,95.6
A0A8J8Y7D6,209,80.0
A0A8J9QTY0,171,95.6
A0A8J9QTY1,173,89.1
A0A8J9QW02,172,93.4
A0A8J9QW05,181,87.9
A0A8J9R045,171,95.2
A0A8J9R048,172,95.5
A0A8J9R742,171,90.4
A0A8J9R746,171,93.2
A0A8J9R8H5,300,94.1
A0A8J9RC71,168,92.7
A0A8J9RC78,180,95.2
A0A8J9RHH1,171,94.4
A0A8J9RHH9,181,94.1
A0A8J9RNB4,172,93.0
A0A8J9RNC0,173,95.4
A0A8J9RRY2,266,97.4
A0A8J9S7Y1,339,93.9
A0A8J9SJ80,323,97.0
A0A8J9T919,323,96.3
A0A8J9TGG3,269,98.6
A0A8J9W1K7,171,91.9
A0A8J9W1U8,172,92.9
A0A8J9W3I1,172,89.4
A0A8J9W4P2,171,95.2
A0A8J9W4P9,183,92.6
A0A8J9W8F0,171,93.3
A0A8J9W8F4,173,93.4
A0A8J9YXI2,451,94.0
A0A8J9Z708,364,97.6
A0A8J9Z8E2,364,97.0
A0A8J9ZE55,453,93.5
A0A8K0ADI4,427,89.3
A0A8K0B8C8,430,95.0
A0A8K0BIS4,438,97.7
A0A8K0E3G2,438,89.2
A0A8K0E7R0,439,96.2
A0A8K0E9J9,367,95.9
A0A8K0EZA9,422,90.4
A0A8K0F103,379,84.3
A0A8K0F1T5,454,92.7
A0A8K0FL04,433,98.2
A0A8K0GST7,334,95.5
A0A8K0HG83,297,94.7
A0A8K0HX05,330,96.8
A0A8K0IA90,319,81.6
A0A8K0IQ09,295,85.5
A0A8K0J8J2,363,94.5
A0A8K0KU96,227,79.8
A0A8K0KY65,210,39.0
A0A8K0KZP6,363,97.9
A0A8K0L1T7,360,97.6
A0A8K0L574,365,93.3
A0A8K0MMK9,326,96.7
A0A8K0NFF9,376,92.8
A0A8K0NK64,374,93.7
A0A8K0QTJ7,328,96.1
A0A8K0QU28,349,95.8
A0A8K0QVH6,424,88.8
A0A8K0QZ37,290,98.2
A0A8K0R3D6,288,97.4
A0A8K0R411,366,96.8
A0A8K0RBX9,390,94.6
A0A8K0RCB9,342,94.9
A0A8K0RHV4,396,92.3
A0A8K0RHX5,397,86.9
A0A8K0RJ22,274,84.1
A0A8K0RNQ8,423,83.6
A0A8K0RPH1,439,84.7
A0A8K0RSB1,352,97.5
A0A8K0RU59,278,97.4
A0A8K0RUZ8,319,97.0
A0A8K0RWF0,372,96.8
A0A8K0RWG1,360,97.0
A0A8K0RY72,333,91.6
A0A8K0RYL6,344,71.8
A0A8K0S0Q0,398,89.7
A0A8K0S294,391,88.1
A0A8K0S5N6,211,95.3
A0A8K0S985,278,97.8
A0A8K0SDU2,267,96.6
A0A8K0SEI0,306,87.9
A0A8K0SF48,358,97.3
A0A8K0SFD5,321,93.1
A0A8K0SFW5,410,79.2
A0A8K0SGD0,304,98.3
A0A8K0SIZ5,304,94.0
A0A8K0SMU2,262,98.2
A0A8K0SN24,352,96.1
A0A8K0SP35,304,97.0
A0A8K0SPJ6,351,97.1
A0A8K0SSN8,268,97.3
A0A8K0STX4,325,97.8
A0A8K0SXK6,363,95.6
A0A8K0SYX0,320,97.6
A0A8K0SZ49,412,89.7
A0A8K0T241,358,97.3
A0A8K0T2R2,371,93.3
A0A8K0T5V7,305,97.4
A0A8K0T5X5,332,96.3
A0A8K0T7A0,317,96.5
A0A8K0T7L1,378,96.1
A0A8K0T8Y5,276,97.0
A0A8K0T9Q5,304,98.0
A0A8K0TE23,219,93.1
A0A8K0TF79,359,76.5
A0A8K0TFL5,349,96.5
A0A8K0THE0,140,87.3
A0A8K0THS9,399,90.5
A0A8K0TMS7,294,97.9
A0A8K0TQB4,304,95.8
A0A8K0TUH1,325,95.1
A0A8K0VRA6,363,98.2
A0A8K0VRX6,383,97.7
A0A8K0VW54,301,98.2
A0A8K0VWH7,357,97.6
A0A8K0VYL3,364,97.8
A0A8K0W0Q0,361,95.7
A0A8K0W1B4,360,98.3
A0A8K0W2K9,330,98.3
A0A8K0W3L3,384,97.1
A0A8K0W404,269,97.7
A0A8K0W4A4,358,96.5
A0A8K0W6E8,302,97.3
A0A8K0WE54,411,72.8
A0A8K0WIP2,401,88.6
A0A8K0WJI8,304,98.1
A0A8K0WK45,320,94.2
A0A8K0WKB2,298,95.8
A0A8K0WKS9,294,97.6
A0A8K0WM93,299,96.8
A0A8K0WMN7,370,95.8
A0A8K0WNC5,238,98.3
A0A8K0WNM9,313,91.8
A0A8K0WPV5,314,98.0
A0A8K0X9Z3,410,87.1
A0A8K1CFR2,514,74.3
A0A8K1FER6,339,96.6
A0A8K1FF30,369,95.4
A0A8K1FGS2,260,93.6
A0A8K1FHN5,367,95.8
A0A8K1FHV1,538,77.6
A0A8K1FJI0,330,96.9
A0A8K1FNX2,331,96.1
A0A8K1GD76,366,98.0
A0A8K1GFN2,437,97.5
A0A8K1LL24,412,82.8
A0A8K1S9B5,182,62.5
A0A8K1S9B6,183,64.4
A0A8K1S9B7,183,64.4
A0A8K1S9C7,183,64.4
A0A8K1S9C8,183,71.0
A0A8K1S9C9,183,60.5
A0A8K1S9D0,183,68.7
A0A8K1VS51,182,67.2
A0A8K1W5Q1,364,97.8
A0A8K1YI07,365,97.6
A0A8K1YXB0,183,69.6
A0A8K1YXC0,183,67.9
A0A8K9UV66,353,97.6
A0A8K9X1D3,348,97.5
A0A8K9X5S8,437,97.2
A0A8M1F0A3,432,96.7
A0A8M1M994,432,95.4
A0A8M1MQI7,393,92.3
A0A8M1PAD4,433,97.9
A0A8M8V5J3,182,87.1
A0A8M9Q985,374,86.5
A0A8N5I073,433,88.6
A0A8P0N805,431,95.7
A0A8P4G0M8,434,97.7
A0A8P4G616,438,97.3
A0A8R1DZD9,358,93.3
A0A8R1E0T6,352,92.6
A0A8R1EK26,220,93.5
A0A8R1EKT0,99,75.4
A0A8R1ELL7,220,93.5
A0A8R1EN50,180,89.0
A0A8R1EPM9,244,73.5
A0A8R1EQ03,217,95.3
A0A8R1HKF6,357,93.0
A0A8R1HLH5,357,89.1
A0A8R1HRK2,357,92.0
A0A8R1HTW6,310,97.2
A0A8R1HV40,310,97.1
A0A8R1IB60,160,95.9
A0A8R1IDQ2,160,67.2
A0A8R1TKI8,340,95.8
A0A8R1TKT0,354,94.3
A0A8R1TXN9,322,95.5
A0A8R1TZ22,366,89.3
A0A8R1Y3G8,364,91.7
A0A8R7PUB1,336,88.5
A0A8R7QIM1,206,84.0
A0A8R7QME0,99,84.3
A0A8R7TMK7,298,97.1
A0A8R7ULZ0,331,96.3
A0A8S0Q4H7,327,94.9
A0A8S0Q4Z9,327,94.7
A0A8S0QWU8,127,74.0
A0A8S0QY12,186,87.5
A0A8S0QY86,176,56.2
A0A8S0QYD7,126,93.6
A0A8S0QYH9,126,92.3
A0A8S0R4R5,323,95.4
A0A8S0RCX8,224,93.8
A0A8S0RWT1,323,96.9
A0A8S0RZ97,337,90.8
A0A8S0S5P5,273,85.4
A0A8S0S8L4,323,96.0
A0A8S0T1Q9,323,97.0
A0A8S0T6Q7,332,93.4
A0A8S0TLT4,320,94.3
A0A8S0UBA7,328,94.7
A0A8S0UCG4,176,82.4
A0A8S0UK52,332,92.9
A0A8S0VBW7,337,93.6
A0A8S0VGL2,330,94.5
A0A8S0VGT0,337,94.5
A0A8S0VIH9,330,94.9
A0A8S0VIP0,332,93.2
A0A8S0VZA4,305,97.9
A0A8S0W339,274,87.1
A0A8S0WA24,309,97.4
A0A8S0WXG2,308,97.3
A0A8S0X4V0,317,95.5
A0A8S0XSP5,365,95.5
A0A8S1ERZ7,357,91.4
A0A8S1EVI4,302,96.3
A0A8S1F445,310,97.8
A0A8S1F500,342,92.4
A0A8S1F8Y1,353,91.4
A0A8S1FA95,349,95.2
A0A8S1GQP8,362,88.0
A0A8S1GXQ2,360,93.5
A0A8S1H740,328,93.1
A0A8S1HC60,310,97.7
A0A8S1IXD9,297,92.1
A0A8S1IXK5,295,84.6
A0A8S1J8N1,269,92.4
A0A8S1JEY5,284,92.3
A0A8S2ERR5,103,80.7
A0A8S2MFL9,585,63.1
A0A8S2UST1,287,86.7
A0A8S3PQP2,395,82.1
A0A8S3PQQ5,361,86.3
A0A8S3PR53,31,70.2
A0A8S3PUT0,356,92.9
A0A8S3PVY6,310,85.4
A0A8S3PWU5,253,95.9
A0A8S3Q5H1,164,71.4
A0A8S3Q668,110,70.5
A0A8S3QA83,141,70.0
A0A8S3QB60,162,68.6
A0A8S3QBU2,353,87.4
A0A8S3QC53,123,89.1
A0A8S3QCE6,326,92.3
A0A8S3QCN4,348,91.6
A0A8S3QWK8,328,82.2
A0A8S3QWT6,367,89.6
A0A8S3QX30,288,59.5
A0A8S3R0Y5,107,93.4
A0A8S3R459,436,59.7
A0A8S3R655,313,90.2
A0A8S3R6D1,362,87.9
A0A8S3R6L7,339,91.8
A0A8S3R7K9,349,91.3
A0A8S3RAB7,368,84.5
A0A8S3RC90,138,93.7
A0A8S3RH67,118,83.8
A0A8S3RHI5,286,96.9
A0A8S3RKR7,286,96.3
A0A8S3RMS5,234,79.3
A0A8S3RPR7,104,94.0
A0A8S3RU87,355,89.1
A0A8S3RV89,286,94.1
A0A8S3RV95,158,68.7
A0A8S3RVH3,373,91.6
A0A8S3RVL9,314,92.4
A0A8S3RVY5,330,81.9
A0A8S3RX09,307,93.6
A0A8S3RXY4,365,90.6
A0A8S3RYS0,259,89.3
A0A8S3S002,96,85.1
A0A8S3S028,400,87.6
A0A8S3S066,312,81.9
A0A8S3S1H2,278,96.7
A0A8S3S1J4,401,88.3
A0A8S3S3A8,345,93.2
A0A8S3SDN1,323,91.3
A0A8S3SG45,364,83.2
A0A8S3SIB6,292,92.4
A0A8S3SLQ6,336,89.7
A0A8S3SP90,120,85.9
A0A8S3STA5,167,94.1
A0A8S3SWK0,287,97.4
A0A8S3T549,372,87.7
A0A8S3TBT4,313,89.1
A0A8S3THE5,207,73.5
A0A8S3THQ2,297,82.0
A0A8S3THT1,367,88.1
A0A8S3THZ3,334,90.6
A0A8S3TNC7,194,77.3
A0A8S3TP64,149,80.2
A0A8S3TPH7,307,92.6
A0A8S3TRN7,342,89.3
A0A8S3TTS7,127,91.4
A0A8S3TYI0,108,86.0
A0A8S3U769,250,77.0
A0A8S3UAS9,130,71.0
A0A8S3UBY5,278,66.3
A0A8S3UCA2,313,86.4
A0A8S3UET5,236,95.8
A0A8S3UJV5,145,83.8
A0A8S3UL77,343,69.3
A0A8S3UMH0,111,84.8
A0A8S3UR58,526,63.0
A0A8S3UT28,148,84.2
A0A8S3UWG2,338,90.7
A0A8S3V8L1,430,76.0
A0A8S3VCQ0,359,89.5
A0A8S3YPH2,80,97.5
A0A8S3YPL9,142,66.0
A0A8S3ZE77,277,96.5
A0A8S3ZS08,291,94.1
A0A8S3ZS33,127,97.7
A0A8S3ZS36,272,94.1
A0A8S3ZTJ4,369,89.2
A0A8S3ZVV6,217,97.0
A0A8S3ZW67,105,87.4
A0A8S3ZX52,376,89.7
A0A8S3ZZP1,200,95.7
A0A8S4A1B0,81,97.2
A0A8S4A1C0,134,94.0
A0A8S4ACK1,434,96.2
A0A8S4AN76,434,97.4
A0A8S4B4F2,438,97.4
A0A8S4BRP5,435,98.0
A0A8S4P0W5,341,92.3
A0A8S4PZK8,90,82.6
A0A8S4Q2L6,225,90.8
A0A8S4Q448,184,83.7
A0A8S4Q486,194,86.5
A0A8S4Q5N8,65,94.5
A0A8S4Q9N2,239,89.9
A0A8S4QC54,227,91.0
A0A8S8ZFL9,356,97.6
A0A8S8ZKT3,343,89.6
A0A8S8ZLE4,298,89.7
A0A8S8ZRM5,387,91.2
A0A8S8ZSZ5,371,97.9
A0A8S8ZTB1,376,91.5
A0A8S8ZUY8,175,77.6
A0A8S8ZXJ8,308,94.5
A0A8S9A119,300,75.2
A0A8S9A334,365,98.1
A0A8S9A459,371,98.2
A0A8S9A4C4,374,97.9
A0A8S9EBR0,438,97.7
A0A8S9EKM1,430,95.6
A0A8S9ERX7,366,98.2
A0A8S9TLC1,370,95.2
A0A8S9UEY3,133,78.9
A0A8S9UGK0,93,91.7
A0A8S9UGL0,344,97.0
A0A8S9UY53,449,93.9
A0A8S9UZE9,323,97.1
A0A8S9V4C1,522,78.6
A0A8S9YFM0,445,97.0
A0A8S9Z388,446,96.7
A0A8S9Z6F8,456,95.7
A0A8S9ZKS3,280,77.3
A0A8S9ZKX1,306,96.2
A0A8S9ZLY3,337,92.3
A0A8S9ZP28,293,88.6
A0A8S9ZPF2,257,96.0
A0A8S9ZQ79,345,91.8
A0A8S9ZRH1,372,79.0
A0A8S9ZWY8,69,86.3
A0A8S9ZXM6,309,96.4
A0A8T0A4P9,179,94.4
A0A8T0A7D0,433,97.5
A0A8T0B588,329,67.5
A0A8T0B8W7,425,87.9
A0A8T0BSC0,406,89.0
A0A8T0DMP4,443,96.7
A0A8T0DVL4,456,95.8
A0A8T0DZ71,444,96.9
A0A8T0G656,332,95.1
A0A8T0GM20,306,96.2
A0A8T0GM83,280,90.0
A0A8T0H1H9,330,95.3
A0A8T0H2S1,341,94.5
A0A8T0H337,312,95.5
A0A8T0H8D7,309,97.3
A0A8T0HHE6,328,94.1
A0A8T0IHE8,305,95.0
A0A8T0KZW1,329,94.6
A0A8T0LF21,98,82.1
A0A8T0LKJ4,536,77.7
A0A8T0LW25,83,89.2
A0A8T0N716,297,83.2
A0A8T0PM09,251,72.8
A0A8T0Q992,343,95.1
A0A8T0QF67,299,97.0
A0A8T0QMF9,284,83.9
A0A8T0QPN1,197,89.2
A0A8T0QVK0,374,91.0
A0A8T0QVS1,384,94.5
A0A8T0QVW6,374,91.5
A0A8T0QWE7,374,92.0
A0A8T0QWH8,380,90.8
A0A8T0R8L8,377,88.8
A0A8T0RAJ4,328,85.8
A0A8T0RAN7,328,73.8
A0A8T0RB58,377,91.3
A0A8T0S260,333,95.1
A0A8T0S3N5,258,78.3
A0A8T0SP29,308,88.7
A0A8T0SV49,332,96.2
A0A8T1GG24,54,96.8
A0A8T1IBV9,369,86.1
A0A8T1MBD4,450,95.6
A0A8T1MC39,147,73.8
A0A8T1MRA7,446,96.9
A0A8T1MS49,446,96.4
A0A8T1PHH5,330,97.0
A0A8T1PJE0,330,97.7
A0A8T1T6S4,348,90.1
A0A8T1TUM8,122,80.7
A0A8T1U1C5,307,79.6
A0A8T1UBG3,329,92.1
A0A8T1URX7,310,95.3
A0A8T1V7N9,472,75.1
A0A8T1VCN1,330,97.4
A0A8T1VD70,512,78.6
A0A8T1VFJ2,489,76.9
A0A8T1VFS8,450,78.5
A0A8T1VP30,379,91.6
A0A8T1VQ16,329,97.0
A0A8T1VW42,291,96.2
A0A8T1W2R9,323,96.9
A0A8T1W4C6,337,95.5
A0A8T1W6M6,361,91.6
A0A8T1WA89,343,96.7
A0A8T1WD51,352,97.1
A0A8T1WG94,368,85.8
A0A8T1WJZ2,377,93.8
A0A8T1WKV8,398,92.4
A0A8T1WL70,425,86.3
A0A8T1WNJ2,329,97.4
A0A8T1WP09,375,94.2
A0A8T1WU85,336,94.3
A0A8T1X2G8,331,96.0
A0A8T1X900,351,95.3
A0A8T2IFN5,327,76.7
A0A8T2K9Y3,430,97.9
A0A8T2KCF7,303,91.8
A0A8T2KCI4,344,95.8
A0A8T2KFI4,367,95.8
A0A8T2KFJ7,437,95.4
A0A8T2LG53,430,96.1
A0A8T2MJT3,466,80.0
A0A8T2NFP1,434,97.8
A0A8T2NTK4,437,97.4
A0A8T2NZ40,439,76.3
A0A8T2PBK7,393,94.2
A0A8T2PMM5,433,97.3
A0A8T2PXU9,246,79.7
A0A8T2PYR0,323,94.6
A0A8T2PZB3,244,89.5
A0A8T2PZL3,323,94.4
A0A8T2QF77,163,92.1
A0A8T2QFW2,451,92.4
A0A8T2QG03,451,91.3
A0A8T2RU07,284,92.2
A0A8T2RUR4,136,80.5
A0A8T2RX05,294,96.5
A0A8T2S7D1,267,76.2
A0A8T2S7I0,333,94.0
A0A8T2S7K0,161,43.7
A0A8T2S9A6,333,94.6
A0A8T2S9I7,334,94.6
A0A8T2SAK0,333,94.0
A0A8T2SAR2,339,93.8
A0A8T2SU62,343,94.4
A0A8T2SV43,312,87.4
A0A8T2SVT2,343,94.7
A0A8T2SW93,298,71.9
A0A8T2SWZ4,330,94.8
A0A8T2SXV3,330,94.3
A0A8T2SY92,268,84.3
A0A8T2SYA4,193,88.2
A0A8T2SYA7,330,94.7
A0A8T2SYB5,278,89.3
A0A8T2SZH4,314,66.9
A0A8T2T4A0,341,93.7
A0A8T2T5H1,149,86.5
A0A8T2TDG2,314,94.5
A0A8T2TY95,292,60.6
A0A8T2UAP3,327,93.7
A0A8T2UP64,334,94.2
A0A8T2URK0,159,69.0
A0A8T2URK9,335,94.4
A0A8T2UT99,335,97.7
A0A8T2UTL7,335,94.3
A0A8T2UVE0,329,94.6
A0A8T2UVT9,330,93.8
A0A8T2UW48,335,93.9
A0A8T2UWL1,159,68.3
A0A8T2UWW7,335,94.5
A0A8T2V0J4,453,91.2
A0A8T2V0N5,75,84.2
A0A8T2V0T8,264,72.7
A0A8T2V169,335,96.5
A0A8T2V3L4,453,93.9
A0A8T2V3V4,349,95.1
A0A8T2V451,157,90.1
A0A8T2V4P9,373,87.0
A0A8T2V7I1,333,94.8
A0A8T2V7L2,451,93.2
A0A8T2V7P5,117,90.7
A0A8T2V804,333,94.4
A0A8T2V851,157,93.0
A0A8T2V8E3,453,90.5
A0A8T2VC72,468,93.1
A0A8T2VCL7,453,92.4
A0A8T2VCR1,289,94.5
A0A8T2VFM8,334,93.7
A0A8T2WH79,319,97.2
A0A8T2XJE5,331,96.7
A0A8T2XL47,281,80.1
A0A8T2XMC2,319,97.4
A0A8T2XQF3,294,75.9
A0A8T2YZV3,63,81.0
A0A8T2Z0C8,221,90.1
A0A8T2ZM83,281,93.5
A0A8T2ZMB0,283,83.9
A0A8T2ZMG8,124,91.3
A0A8T2ZMP1,291,86.8
A0A8T2ZMV4,305,67.6
A0A8T2ZMY6,322,96.5
A0A8T2ZN37,317,97.0
A0A8T2ZN39,321,96.5
A0A8T2ZN40,322,97.2
A0A8T2ZN72,322,96.5
A0A8T2ZPN3,134,78.7
A0A8T3A052,312,95.6
A0A8T3A5T5,313,94.6
A0A8T3AJ54,329,96.3
A0A8T3B9N1,325,96.1
A0A8T3BDL3,322,97.5
A0A8T3BS23,306,93.9
A0A8T3CK16,446,94.9
A0A8T3CUL9,429,97.5
A0A8T3DTM8,432,95.6
A0A8T3DXX5,398,91.9
A0A8T5V6X5,374,85.2
A0A8T5VBQ0,317,95.7
A0A8T8SAS9,226,87.2
A0A8T8SBY8,318,94.4
A0A8T8SC70,318,93.9
A0A8T8SKG8,106,81.2
A0A8T8SNL8,203,82.0
A0A8T8SPE3,301,54.0
A0A8T8T0A1,326,92.3
A0A8T8TTX0,328,94.6
A0A8T8WMD9,289,97.6
A0A8T8WN19,274,97.7
A0A8T8WPH3,331,97.5
A0A8T8WXI8,304,97.5
A0A8T8X0L8,372,97.2
A0A8T8X2Q4,357,97.1
A0A8T8X2Y5,289,97.9
A0A8T8X548,317,97.4
A0A8T9AZC4,254,87.7
A0A8T9B2E5,368,95.0
A0A8T9B6T2,334,97.3
A0A8T9BAG9,369,93.6
A0A8T9BDH5,286,98.4
A0A8T9BE97,356,95.3
A0A8T9BMA2,374,94.5
A0A8T9BPD3,292,95.0
A0A8T9BVQ6,328,84.5
A0A8T9BXW5,223,72.5
A0A8T9C214,272,63.3
A0A8T9C2S5,342,98.1
A0A8T9C986,360,94.7
A0A8T9CAL5,333,97.9
A0A8T9CED9,218,88.6
A0A8T9CG38,338,96.4
A0A8T9CIM9,318,96.6
A0A8T9E7X6,132,89.1
A0A8T9E8B4,148,68.6
A0A8T9E8C1,132,88.2
A0A8T9E8G1,151,74.9
A0A8T9EA25,151,70.3
A0A8T9EAI6,151,81.4
A0A8T9EBG5,151,68.4
A0A8T9EBI4,153,88.5
A0A8T9EDR5,132,89.4
A0A8T9EDU7,133,75.6
A0A8T9EIL9,151,87.2
A0A8T9EIM8,133,91.0
A0A8T9Q7K7,395,90.5
A0A8U0BYH4,338,82.7
A0A8U0BYU8,317,95.7
A0A8U0BZ64,395,85.3
A0A8U0BZL2,391,84.7
A0A8U0C0J3,166,93.1
A0A8U0N1A9,428,97.9
A0A8U0N492,353,97.6
A0A8U0PW84,369,97.6
A0A8U0QHR8,430,97.1
A0A8U0QWL0,435,97.4
A0A8U0TNI0,434,97.8
A0A8U0TUK5,434,97.9
A0A8U0TVN6,435,98.0
A0A8U1BRH4,433,95.3
A0A8U1C6Z0,431,94.8
A0A8U1H5S8,433,93.7
A0A8V0XJ70,431,94.8
A0A8V0XYW8,432,98.2
A0A8V0YPG1,308,92.7
A0A8V0YUG7,405,89.8
A0A8V5FQS1,415,91.8
A0A8W8HSV4,393,87.3
A0A8W8HSX6,318,91.6
A0A8W8HSY1,125,84.6
A0A8W8HTH0,392,83.6
A0A8W8HTH5,344,91.6
A0A8W8J4S3,461,86.7
A0A8W8JFH2,309,88.0
A0A8W8JTC5,344,91.4
A0A8W8JTD0,315,87.5
A0A8W8JTF1,291,94.0
A0A8W8JTZ7,236,87.0
A0A8W8JU00,348,87.1
A0A8W8JU12,291,93.6
A0A8W8JV01,136,96.6
A0A8W8JWC9,411,82.4
A0A8W8JXH8,376,90.4
A0A8W8JXI3,349,89.9
A0A8W8JXK3,287,94.7
A0A8W8JY17,289,95.4
A0A8W8JY26,363,87.1
A0A8W8K3U2,372,87.0
A0A8W8K3U7,359,88.1
A0A8W8K3X4,329,92.8
A0A8W8K3Y3,231,75.1
A0A8W8K432,273,95.3
A0A8W8K452,371,90.3
A0A8W8K6M2,359,88.3
A0A8W8K7P4,366,89.1
A0A8W8KA56,361,88.0
A0A8W8KA66,389,86.2
A0A8W8KEM7,366,87.7
A0A8W8KI22,352,89.8
A0A8W8LVB7,378,91.5
A0A8W8M4V1,366,88.1
A0A8W8MDV3,341,85.8
A0A8W8NCM3,416,81.5
A0A8W8NF03,363,86.2
A0A8W8NQN0,390,81.7
A0A8X6KWP2,275,87.8
A0A8X6L5F2,192,68.7
A0A8X7MM80,368,90.8
A0A8X7MRV9,336,93.5
A0A8X7MSB7,352,92.0
A0A8X7MSY6,332,95.4
A0A8X7MT47,336,92.8
A0A8X7N1N1,328,94.8
A0A8X7N2K2,323,87.8
A0A8X7N2U7,337,92.2
A0A8X7NB19,390,86.6
A0A8X7T0T9,328,94.6
A0A8X7T1G2,152,87.6
A0A8X7T2U4,332,93.5
A0A8X7T2X1,332,94.5
A0A8X7T3R9,51,50.1
A0A8X7T452,159,94.6
A0A8X7WW51,347,96.2
A0A8X7XDV4,208,81.2
A0A8X7XG33,368,97.8
A0A8X7YP15,319,97.1
A0A8X7YPD5,331,96.9
A0A8X7YR61,289,93.3
A0A8X8APH5,321,97.3
A0A8X8ATI9,322,96.0
A0A8X8CIW2,331,96.8
A0A8X8D4Z9,335,92.6
A0A8X8D6J9,335,93.3
A0A8X8DG05,318,96.5
A0A8X8DKR1,318,96.6
A0A8X8DKR6,322,96.6
A0A8X8DKU9,321,97.5
A0A8X8IY06,321,97.1
A0A8X8JYN4,275,96.6
A0A8X8VVM3,177,89.6
A0A8X8WBX0,317,78.4
A0A8X8WDM5,330,92.9
A0A8X8WEZ9,323,96.9
A0A8X8WFT1,323,96.3
A0A8X8WIX2,315,94.4
A0A8X8WJB8,65,89.4
A0A8X8WK39,223,46.1
A0A8X8WKR7,329,92.4
A0A8X8WNL1,375,85.2
A0A8X8WP78,326,94.8
A0A8X8WPY0,329,94.2
A0A8X8WQB3,333,95.5
A0A8X8Y096,173,93.6
A0A8X8Y5G6,331,94.1
A0A8X8Z5N7,310,52.8
A0A8X8Z5Q3,138,81.4
A0A8X8Z6G6,336,95.9
A0A8X8Z7E5,334,95.2
A0A8X8Z8M1,137,84.5
A0A8X8Z920,333,95.5
A0A8X8ZAI8,333,96.0
A0A8X8ZB35,326,92.6
A0A8X8ZB44,344,94.4
A0A8X8ZW61,82,95.3
A0A913HEI6,303,96.8
A0A913WQ01,336,95.9
A0A913WWA6,336,94.0
A0A913X260,446,96.3
A0A913X4H6,284,97.5
A0A913XBD1,445,96.5
A0A913XDR8,254,98.0
A0A913XUE8,261,95.6
A0A913XUF7,252,95.2
A0A913XYY6,290,83.0
A0A913Y9Y4,274,95.8
A0A913YC92,351,93.8
A0A913YCG3,356,87.7
A0A913YCI0,353,97.2
A0A913YDR0,352,93.8
A0A913YE43,311,95.0
A0A913YNF1,260,97.0
A0A913YST3,252,95.0
A0A914BV37,288,86.3
A0A914C0B7,307,85.1
A0A914C4J4,237,88.6
A0A914C4K9,603,74.4
A0A914C628,360,88.9
A0A914C941,42,61.9
A0A914C9F2,329,92.4
A0A914CBK1,104,86.5
A0A914CIK4,370,77.3
A0A914CJV7,419,83.3
A0A914CKS3,441,89.7
A0A914CMU8,260,65.6
A0A914CN13,377,67.4
A0A914CNZ3,276,86.5
A0A914CP11,245,76.2
A0A914CPE1,347,92.3
A0A914CQP5,101,75.4
A0A914CWK7,318,89.4
A0A914D148,292,75.0
A0A914D235,252,84.2
A0A914D328,393,80.5
A0A914D4W6,165,75.6
A0A914D835,138,63.7
A0A914DB33,257,67.2
A0A914DE42,292,91.5
A0A914DGN7,217,91.4
A0A914DIV0,308,89.0
A0A914DJI4,349,93.4
A0A914DXQ9,340,85.7
A0A914DZN6,121,75.3
A0A914E230,297,94.5
A0A914E549,342,81.1
A0A914E597,351,80.3
A0A914E8T9,58,79.0
A0A914E9Y6,603,73.9
A0A914EAR5,346,93.5
A0A914EDP1,595,70.7
A0A914EJ37,272,91.0
A0A914EL61,360,89.2
A0A914EMP0,602,71.4
A0A914EN42,362,88.4
A0A914GX34,309,92.2
A0A914H2B8,368,94.6
A0A914H5F4,401,85.2
A0A914HFV1,381,86.3
A0A914HJ01,215,71.5
A0A914HRA4,395,90.1
A0A914HSN4,407,91.1
A0A914HTE7,400,76.3
A0A914HY03,366,87.2
A0A914I0C7,309,92.1
A0A914I0K2,195,87.2
A0A914KGN4,331,91.5
A0A914L0P6,130,83.7
A0A914L0Q0,257,74.4
A0A914L0Q2,541,70.1
A0A914L1L0,96,93.6
A0A914L1N6,157,92.3
A0A914L211,367,77.7
A0A914L3Y5,188,82.0
A0A914L3Y9,165,86.2
A0A914L5B1,301,78.7
A0A914L5G4,314,98.0
A0A914L6R1,317,95.4
A0A914L827,332,87.4
A0A914L8Q5,254,93.0
A0A914L9J5,359,88.8
A0A914LA40,239,71.2
A0A914LA46,106,93.2
A0A914LAT7,353,91.1
A0A914LB15,138,81.9
A0A914LB60,297,93.6
A0A914LDR1,269,76.6
A0A914LE74,250,91.1
A0A914LE79,130,93.0
A0A914LEQ8,128,83.7
A0A914LWT8,327,92.8
A0A914MBU5,325,93.7
A0A914MBW5,314,94.4
A0A914MEB5,332,88.3
A0A914MEW9,320,96.2
A0A914MEZ8,359,89.8
A0A914MLK9,259,97.2
A0A914MM47,122,94.3
A0A914MM92,292,75.1
A0A914MUB9,131,68.9
A0A914MUH6,256,85.0
A0A914MUL4,128,88.7
A0A914MXI7,96,93.2
A0A914MYH9,362,92.6
A0A914N4H5,150,79.4
A0A914N6T0,153,76.0
A0A914NCK0,113,85.6
A0A914ND84,187,57.5
A0A914NF59,355,90.0
A0A914NKM6,161,82.9
A0A914NL36,64,77.7
A0A914NV03,231,66.1
A0A914NVB5,269,96.8
A0A914P118,268,88.3
A0A914P249,188,84.9
A0A914P8B0,118,71.5
A0A914PIJ8,354,92.7
A0A914PKX5,105,73.5
A0A914PM62,118,72.2
A0A914QEG0,299,92.2
A0A914QS53,279,93.6
A0A914S644,247,71.6
A0A914S9D8,359,58.7
A0A914US94,385,80.6
A0A914V2B7,364,90.5
A0A914V334,327,92.2
A0A914V6R1,336,96.4
A0A914V7H0,370,92.2
A0A914V8X7,159,74.0
A0A914V989,135,94.0
A0A914VGJ7,359,88.1
A0A914VHX8,322,84.3
A0A914VXJ7,213,70.1
A0A914W9Q0,361,83.6
A0A914WD49,291,94.9
A0A914WIC1,364,90.8
A0A914WL47,269,91.7
A0A914WVD6,174,66.1
A0A914X2X1,131,67.9
A0A914X5W9,347,95.3
A0A914X740,336,95.1
A0A914XEE1,362,89.3
A0A914XPY4,347,93.6
A0A914Y704,266,96.0
A0A914YFR3,146,74.2
A0A914YXP4,359,88.5
A0A915A8L4,322,95.0
A0A915A8Q2,322,95.9
A0A915A9L5,364,95.5
A0A915A9U1,198,82.9
A0A915AAF6,288,95.0
A0A915ACL3,91,81.3
A0A915AJX6,287,90.1
A0A915AYK0,269,94.9
A0A915AZH0,303,97.1
A0A915BNA6,223,92.8
A0A915BPT9,363,95.1
A0A915BRC5,217,94.0
A0A915BUX2,354,91.5
A0A915BVE2,354,94.1
A0A915C5Q4,304,94.6
A0A915C6W5,304,94.9
A0A915CSC3,266,83.0
A0A915DFA9,557,63.1
A0A915DY95,250,90.7
A0A915E065,251,82.9
A0A915EFF9,386,82.5
A0A915HZG7,202,72.3
A0A915I7P6,305,65.4
A0A915I8I8,177,61.3
A0A915I8K9,379,85.7
A0A915J3X4,180,56.1
A0A915JE97,117,88.7
A0A915JK17,364,84.5
A0A915JRX8,77,67.6
A0A915JY09,368,77.4
A0A915JYT0,199,74.0
A0A915K057,233,85.9
A0A915K1H9,378,74.8
A0A915KH89,215,80.9
A0A915KKL6,409,84.0
A0A915KNQ0,410,85.6
A0A915KQR7,110,76.4
A0A915LHF2,197,81.1
A0A915LHK7,68,79.9
A0A915LIF0,348,93.2
A0A915LSE5,118,88.7
A0A915LV22,152,86.4
A0A915M1I9,157,92.8
A0A915M585,279,86.3
A0A915M8S0,290,93.6
A0A915MB63,136,75.3
A0A915MBK7,161,90.8
A0A915MDF0,480,70.7
A0A915MDP6,287,83.5
A0A915MEW6,389,87.8
A0A915MFI1,398,88.2
A0A915MGB4,138,85.6
A0A915MGG9,150,64.1
A0A915MGL3,768,71.8
A0A915MGQ6,181,75.6
A0A915MIF0,163,94.2
A0A915MPY5,149,85.7
A0A915MQ42,390,88.8
A0A915MSM8,96,94.1
A0A915MZ02,102,79.9
A0A915N452,267,51.3
A0A915N8X1,297,88.1
A0A915NAI0,182,73.6
A0A915NEB4,106,94.9
A0A915NEW6,95,81.0
A0A915NGD3,82,67.5
A0A915NGJ8,285,55.7
A0A915NM68,128,87.0
A0A915NMA2,509,70.5
A0A915NRT3,362,94.6
A0A915P268,468,67.8
A0A915P2M9,330,80.4
A0A915P668,253,83.1
A0A915PAR4,395,79.5
A0A915PBJ9,221,94.5
A0A915PE14,315,93.6
A0A915PFJ4,310,88.1
A0A915PHI6,302,93.6
A0A915PK38,303,97.3
A0A915Q146,315,72.2
A0A915Q482,322,95.9
A0A916BC20,311,97.4
A0A917F9X2,220,97.8
A0A917MWY3,268,97.8
A0A917P583,286,97.9
A0A917QDB2,273,96.3
A0A917SPP6,297,98.0
A0A917UJY7,285,97.5
A0A917XWI9,285,97.3
A0A917YB28,246,89.9
A0A918BYX7,318,97.5
A0A918CX26,269,98.6
A0A918D9C6,269,98.3
A0A918DWT4,269,98.0
A0A918ES06,275,93.8
A0A918EWY1,271,97.4
A0A918F473,301,98.1
A0A918FJI1,285,97.3
A0A918FPW5,285,97.2
A0A918G405,285,97.4
A0A918GFY4,272,98.5
A0A918GY00,281,95.8
A0A918H6X4,285,97.4
A0A918HBN3,269,98.6
A0A918HUM3,285,97.0
A0A918I4N0,285,96.9
A0A918IE03,270,98.5
A0A918IXH7,285,96.8
A0A918K8V8,249,95.0
A0A918K9Q2,285,97.6
A0A918KFP6,270,98.5
A0A918KK45,285,96.7
A0A918KYF6,269,98.6
A0A918LUS6,283,95.7
A0A918M7E9,270,98.0
A0A918MN93,270,98.5
A0A918P5V7,272,98.0
A0A918PQ43,285,96.9
A0A918PQQ9,284,96.1
A0A918Q8X9,271,97.9
A0A918QZE0,285,96.3
A0A918S266,323,97.0
A0A918SUY3,285,97.5
A0A918SV45,292,98.3
A0A918T1K9,308,94.5
A0A918T3M3,271,97.4
A0A918UUM2,321,95.5
A0A918W4Y4,281,97.0
A0A918Y127,269,98.3
A0A918YDN7,285,97.6
A0A918YLP9,270,98.4
A0A918Z2P7,284,96.1
A0A918Z2Y2,282,97.0
A0A918Z9R4,233,96.7
A0A918ZFZ5,286,97.7
A0A918ZV82,285,97.2
A0A919A4R2,285,97.4
A0A919ABD9,285,97.6
A0A919B0T2,270,98.4
A0A919C1K0,270,98.6
A0A919DDV5,282,96.8
A0A919DUL7,269,97.5
A0A919EID4,285,97.6
A0A919F342,285,96.8
A0A919FJI3,301,97.7
A0A919FPI8,285,98.1
A0A919GVD5,285,96.4
A0A919GWF2,270,98.4
A0A919KPC7,270,98.5
A0A919MPV4,286,97.6
A0A919RHA1,237,86.8
A0A919SZM5,270,98.2
A0A919W838,291,94.9
A0A921NWR8,363,98.2
A0A921QIX1,386,92.2
A0A921QJC7,351,92.4
A0A921QLV1,293,75.5
A0A921QRZ4,330,95.4
A0A921QUI8,296,96.6
A0A921RJ57,335,95.8
A0A921SH51,289,91.3
A0A921U1Z9,333,95.0
A0A921UPE6,334,96.6
A0A921V415,489,77.3
A0A922LHG5,444,96.6
A0A922LJR7,384,93.7
A0A922NGH9,284,97.0
A0A922SX66,341,97.1
A0A922T382,344,92.0
A0A923I5A5,322,95.4
A0A923PQY0,396,91.5
A0A926QP60,285,96.5
A0A926VD97,119,59.0
A0A926ZFT3,319,91.5
A0A927BLU8,271,97.4
A0A927QEF2,285,97.4
A0A927QKQ5,270,98.3
A0A928V4K1,278,89.0
A0A930VBG0,232,94.9
A0A930VNA9,309,95.1
A0A931CPE0,271,98.4
A0A931G5C6,266,98.3
A0A934K8J7,248,97.4
A0A934KPH0,335,93.9
A0A934SPS7,208,92.8
A0A934SS64,226,96.6
A0A934SST7,236,97.7
A0A934SYN8,235,96.9
A0A934SYR6,235,97.2
A0A934W1F1,312,90.5
A0A937DCB0,272,94.4
A0A937EHM0,269,98.0
A0A937EK49,269,98.6
A0A937FSZ6,266,96.6
A0A937JJT5,285,96.6
A0A937KDI5,342,92.2
A0A938YHW7,296,98.2
A0A939F892,285,95.0
A0A939FKH1,269,98.4
A0A939M8N2,374,86.2
A0A939MG52,317,96.8
A0A940MEB1,286,96.6
A0A940RZX5,267,95.1
A0A940XHH8,347,93.4
A0A940XT61,285,97.7
A0A940XXK0,285,97.2
A0A941B1A9,331,95.8
A0A941BIX2,324,78.9
A0A941D0I1,277,96.6
A0A941I4M6,321,92.5
A0A941IZN8,270,98.2
A0A941J4K5,283,97.0
A0A951QSM4,376,97.1
A0A951UFA4,348,91.2
A0A952FIG1,367,96.2
A0A964TAH5,242,96.0
A0A973WA96,271,94.8
A0A974B7Q1,433,98.1
A0A974B9A0,433,95.7
A0A974CJ53,417,93.9
A0A974DKU0,144,42.3
A0A974DR61,430,95.7
A0A974DTG3,439,97.0
A0A974DZY5,434,96.3
A0A974HD76,417,93.3
A0A974HDN1,200,93.0
A0A974HWU9,433,96.7
A0A974NRK7,274,85.4
A0A974S7R5,144,92.2
A0A975BY59,241,94.8
A0A975J169,273,95.6
A0A975UVA0,123,87.0
A0A975ZQ03,324,96.2
A0A976IE71,336,94.0
A0A976IGL0,391,92.1
A0A976IHW1,381,92.8
A0A976RUG6,132,84.7
A0A976RUG7,145,71.1
A0A976RUG8,151,90.0
A0A976RUH1,148,69.7
A0A976RV56,132,88.3
A0A976SLZ9,189,93.8
A0A976SM04,189,95.7
A0A977J6E5,174,64.8
A0A977J6E6,174,67.4
A0A977JZM9,317,95.6
A0A977TE70,450,80.2
A0A977TEP2,394,88.6
A0A977TF49,308,96.1
A0A978USF4,351,94.0
A0A978W1X4,335,96.5
A0A978W1X5,330,96.8
A0A9B0LXC2,354,97.7
A0A9B0WH58,430,95.9
A0A9B0WNW4,354,97.4
A0A9B0WWG1,351,98.2
A0A9C7Q101,310,95.1
A0A9D2WSC4,168,97.5
A0A9D2Y5B1,354,97.8
A0A9D3BE35,432,97.6
A0A9D3LNW3,434,96.3
A0A9D3LWK6,432,98.0
A0A9D3MFN9,437,96.9
A0A9D3N020,369,97.5
A0A9D3N097,434,97.6
A0A9D3NH46,427,97.6
A0A9D3P0B2,431,93.7
A0A9D3PBP1,129,93.8
A0A9D3PGU3,353,97.7
A0A9D3PJQ8,430,97.8
A0A9D3PZT8,347,96.5
A0A9D3RZN5,361,97.7
A0A9D3SK34,359,97.6
A0A9D3T4X1,231,66.0
A0A9D3UPU6,331,95.8
A0A9D3URJ5,333,97.0
A0A9D3URU8,320,97.2
A0A9D3URW0,275,86.2
A0A9D3V4T0,67,84.9
A0A9D3V7T1,212,94.5
A0A9D3VPP9,328,96.5
A0A9D3VZL2,328,96.8
A0A9D3XY37,133,55.6
A0A9D3XZ15,189,75.8
A0A9D3YWK3,388,82.8
A0A9D3ZN96,85,67.1
A0A9D3ZNA2,214,63.5
A0A9D3ZPE9,348,91.4
A0A9D4ASX8,437,96.9
A0A9D4B9Y6,430,96.6
A0A9D4BB96,334,91.2
A0A9D4CDH9,322,92.7
A0A9D4CEJ5,360,91.9
A0A9D4CEU8,232,85.9
A0A9D4CF49,191,71.0
A0A9D4CQZ1,105,87.2
A0A9D4CRU3,115,81.6
A0A9D4DTL3,363,91.9
A0A9D4DVG4,320,91.0
A0A9D4DW49,470,82.7
A0A9D4DY29,281,84.1
A0A9D4DYF0,321,91.8
A0A9D4E543,203,98.0
A0A9D4E7A0,348,81.8
A0A9D4E7C8,349,87.0
A0A9D4E951,100,54.2
A0A9D4E955,348,89.4
A0A9D4EAJ0,148,74.6
A0A9D4EB14,325,90.8
A0A9D4EBP5,167,67.5
A0A9D4EC14,124,44.2
A0A9D4EDF1,242,86.4
A0A9D4EDP6,241,83.8
A0A9D4FK26,202,66.3
A0A9D4FNI9,354,84.5
A0A9D4GW11,47,81.9
A0A9D4GX75,388,90.9
A0A9D4GXD0,393,91.1
A0A9D4GYF4,81,78.2
A0A9D4H0B6,387,90.5
A0A9D4H0D1,416,89.1
A0A9D4H0G3,411,89.6
A0A9D4HK03,315,93.7
A0A9D4HL19,280,93.6
A0A9D4HLM5,290,93.5
A0A9D4HLR1,289,79.5
A0A9D4HLS1,323,92.9
A0A9D4ICM2,361,90.1
A0A9D4IDS9,359,87.7
A0A9D4IE68,367,87.5
A0A9D4IFB3,328,95.0
A0A9D4II03,238,81.1
A0A9D4IIU1,235,84.9
A0A9D4IJ72,201,83.7
A0A9D4IXN3,338,91.8
A0A9D4IZM0,74,86.7
A0A9D4J8T5,451,75.4
A0A9D4J9N2,293,76.8
A0A9D4JSJ8,38,92.7
A0A9D4JSK3,233,78.2
A0A9D4JU58,354,91.6
A0A9D4JUB0,344,92.9
A0A9D4JWL7,326,94.1
A0A9D4JX22,71,88.4
A0A9D4LCF2,89,89.3
A0A9D4LIH2,364,86.5
A0A9D4LJW5,70,87.0
A0A9D4LKF8,393,87.6
A0A9D4MU94,411,89.7
A0A9D4MW35,361,92.7
A0A9D4MX37,81,80.1
A0A9D4MYP0,263,68.1
A0A9D4MZ30,360,91.9
A0A9D4MZZ2,312,84.5
A0A9D4RA75,361,83.8
A0A9D4RZG6,122,96.6
A0A9D4RZN8,125,95.6
A0A9D4S052,354,91.4
A0A9D4U2J2,326,93.9
A0A9D4U2Z4,342,96.4
A0A9D4U329,124,83.2
A0A9D4U3G7,124,65.5
A0A9D4U427,348,94.1
A0A9D4U4J8,329,95.7
A0A9D4UPM2,281,96.4
A0A9D4UQ41,295,96.4
A0A9D4UQE7,333,95.1
A0A9D4UQY4,332,93.3
A0A9D4USK8,168,72.9
A0A9D4UYP8,331,93.8
A0A9D4V1Q8,323,94.9
A0A9D4V2I4,340,94.5
A0A9D4V2P6,328,95.0
A0A9D4V407,219,92.5
A0A9D4V772,342,94.7
A0A9D4V7B7,330,95.7
A0A9D4V7H8,340,92.9
A0A9D4V7R6,329,95.5
A0A9D4V8L3,81,80.5
A0A9D4V926,327,94.4
A0A9D4XYU4,301,95.9
A0A9D4XZD0,240,88.6
A0A9D4Z585,321,95.5
A0A9D4Z6M7,333,92.7
A0A9D4ZGH9,331,92.6
A0A9D4ZI76,352,91.5
A0A9D5B3H7,119,56.3
A0A9D5BQX3,140,60.4
A0A9D5BQX4,191,87.9
A0A9D5CK20,293,94.5
A0A9D5CK28,292,93.2
A0A9D5CKA6,324,96.1
A0A9D5CL78,292,94.8
A0A9D5CS63,317,95.9
A0A9D5CSB4,325,94.3
A0A9D5CTA3,323,95.0
A0A9D5CTU6,64,86.6
A0A9D5CTY2,323,96.3
A0A9D5CTZ2,323,95.8
A0A9D5CTZ9,325,95.1
A0A9D5CUK6,337,74.9
A0A9D5CUY9,212,92.3
A0A9D5CV19,325,95.0
A0A9D5D0G0,327,95.6
A0A9D5H103,323,95.9
A0A9D5H280,323,96.3
A0A9D5H2D2,323,96.0
A0A9D5HJF3,308,74.4
A0A9D5HJP8,317,95.6
A0A9D5HJZ8,332,95.8
A0A9D5HNL2,327,95.7
A0A9D7XJ82,283,87.7
A0A9E6NK98,241,96.7
A0A9E6NPQ8,302,97.7
A0A9E7GF85,251,71.7
A0A9E7GN76,291,95.4
A0A9E7GNP7,240,84.0
A0A9E7GPQ8,240,91.6
A0A9E7GT70,240,82.4
A0A9E7GUK2,332,97.1
A0A9E7GUQ1,292,94.5
A0A9E7GVT7,325,97.5
A0A9E7H250,314,96.8
A0A9E7H3I3,339,92.4
A0A9E7H3J2,290,92.8
A0A9E7H7C1,314,97.0
A0A9E7H7D2,312,95.2
A0A9E7H9J3,314,96.8
A0A9E7H9Q8,314,96.2
A0A9E7H9U5,310,94.4
A0A9E7H9V6,314,97.2
A0A9E7HAB4,314,96.4
A0A9E7I1D6,244,74.3
A0A9E7I6L4,324,93.7
A0A9E7I915,335,93.3
A0A9E7KM16,304,95.7
A0A9E7KNX5,308,90.6
A0A9E7KSN5,265,86.5
A0A9E7KT01,320,92.6
A0A9E8AGS8,141,62.3
A0A9E8G9D6,151,84.7
A0A9E8G9N9,120,82.1
A0A9E8GBW9,132,89.5
A0A9E8GDM2,132,90.5
A0A9E8JZ81,146,75.1
A0A9E8K1I6,151,65.3
A0A9E8SDB5,389,90.3
A0A9F2N8H8,393,96.6
A0A9F2R8X0,207,81.4
A0A9F2WD83,167,96.4
A0A9F5IZY2,236,76.9
A0A9F7TFJ0,354,97.4
A0A9I9CEY5,321,95.4
A0A9J2P3J4,363,94.6
A0A9J2PIU1,371,85.1
A0A9J2PSU4,364,94.3
A0A9J2Q8W3,220,64.8
A0A9J5XX44,332,94.6
A0A9J5XX52,334,94.1
A0A9J5XYA1,328,96.4
A0A9J5XZC6,326,96.1
A0A9J5XZD3,334,91.6
A0A9J6ADY7,296,97.3
A0A9J7BGS2,347,97.4
A0A9J7HCY0,349,95.8
A0A9J7HEG8,339,91.0
A0A9J7HLN4,432,96.4
A0A9J7HLP7,432,96.3
A0A9J7HQ82,456,91.5
A0A9J7HVW6,440,91.3
A0A9J7JBU1,432,95.6
A0A9J7K628,456,93.0
A0A9J7KGR2,339,71.8
A0A9J7KIR3,276,86.3
A0A9J7L3Q6,452,93.2
A0A9J7LHS3,455,93.0
A0A9J7LM41,455,93.9
A0A9J7ME91,353,96.4
A0A9J7MH66,439,96.6
A0A9J7MHH6,455,92.4
A0A9J7MSC3,418,93.8
A0A9J7NCN2,452,94.8
A0A9J7XTZ0,429,95.5
A0A9J7Z158,356,74.5
A0A9J8A0K2,343,95.8
A0A9J8CQE0,437,97.5
A0A9K3HLL2,348,95.3
A0A9K3KBA8,316,92.0
A0A9K3KLT7,313,88.8
A0A9K3KMG5,304,91.5
A0A9K3LNV3,304,89.2
A0A9K3LRN8,312,90.7
A0A9K3N4Y3,329,95.9
A0A9K3PD30,293,90.8
A0A9K3Q9J1,319,91.8
A0A9L0IBQ5,139,74.0
A0A9L0IF32,380,92.4
A0A9L0RF88,464,91.9
A0A9L0SRE7,429,97.2
A0A9L0T5H0,373,88.8
A0A9N7MJY3,280,73.6
A0A9N7MLJ5,144,94.1
A0A9N7MW10,331,91.7
A0A9N7MW86,331,89.2
A0A9N7NV08,242,84.1
A0A9N7R3T9,337,90.4
A0A9N7UE72,438,97.2
A0A9N7V5F2,368,75.9
A0A9N7VM41,429,96.4
A0A9N7W131,433,83.5
A0A9N7Y839,435,97.7
A0A9N8D4W9,286,93.0
A0A9N8DI97,318,86.3
A0A9N8DN83,263,86.8
A0A9N8DV73,387,96.6
A0A9N8ELP9,412,94.8
A0A9N8H4W2,462,81.2
A0A9N8H6I8,384,95.6
A0A9N8JBX6,372,66.2
A0A9N8JDS5,371,96.9
A0A9N8JTL8,368,97.7
A0A9N8JVX5,365,97.3
A0A9N8K3K3,372,97.8
A0A9N8KAK6,366,98.3
A0A9N8KBE8,224,80.5
A0A9N8KG58,403,68.3
A0A9N8MCK4,328,94.6
A0A9N8NBI7,298,91.8
A0A9N8NMX8,360,96.7
A0A9N8PAX2,171,65.6
A0A9N8PE23,372,97.2
A0A9N8PF98,369,97.7
A0A9N8PHR2,362,76.7
A0A9N8PV96,372,97.1
A0A9N8PVQ8,368,97.8
A0A9N8PYA4,248,76.7
A0A9N8QCZ6,336,94.0
A0A9N8QDA0,352,92.0
A0A9N8QEJ1,336,92.8
A0A9N8QFB2,332,95.4
A0A9N8QIC6,326,92.3
A0A9N8QYW6,227,97.9
A0A9N8W1T2,410,92.2
A0A9N8WL50,384,85.6
A0A9N8WNI7,381,92.7
A0A9N8WZP9,321,93.9
A0A9N8ZSY3,394,90.2
A0A9N8ZZJ4,236,68.0
A0A9N9ACS1,391,84.9
A0A9N9BAW6,390,92.6
A0A9N9BBF1,359,90.7
A0A9N9BME1,383,86.9
A0A9N9CE55,382,91.4
A0A9N9CQ97,396,92.3
A0A9N9DJR9,396,88.1
A0A9N9DY61,392,91.8
A0A9N9E246,395,89.6
A0A9N9EAY3,392,81.4
A0A9N9ERA4,384,91.2
A0A9N9FKX5,409,91.4
A0A9N9FWN2,386,92.6
A0A9N9HA91,387,92.7
A0A9N9HQT6,572,86.0
A0A9N9I7W1,174,74.8
A0A9N9I8P4,392,82.5
A0A9N9IR73,162,68.4
A0A9N9J2D8,335,83.0
A0A9N9K1Z9,87,85.8
A0A9N9K396,121,81.1
A0A9N9KKY1,320,97.6
A0A9N9KL52,267,96.1
A0A9N9KP73,346,96.7
A0A9N9KSE5,293,98.4
A0A9N9KT53,193,43.0
A0A9N9KTX2,380,94.4
A0A9N9KUK9,384,89.4
A0A9N9KVW9,276,96.2
A0A9N9KZZ8,356,93.5
A0A9N9L5T0,384,92.7
A0A9N9L7C4,360,95.3
A0A9N9L7K7,489,91.5
A0A9N9LC05,358,96.2
A0A9N9LFJ9,278,82.0
A0A9N9LFQ9,380,93.8
A0A9N9LFV7,171,65.7
A0A9N9LGU7,372,90.1
A0A9N9LHE3,350,95.0
A0A9N9LU19,303,92.0
A0A9N9LV02,360,92.9
A0A9N9LVW0,292,97.7
A0A9N9LW39,366,96.2
A0A9N9LXW2,220,93.5
A0A9N9LYX3,320,97.9
A0A9N9M273,378,94.0
A0A9N9NSN0,396,91.2
A0A9N9NV50,264,80.6
A0A9N9P213,395,91.8
A0A9N9P631,394,88.9
A0A9N9PBX5,409,90.9
A0A9N9PLD3,347,96.4
A0A9N9PMJ6,366,96.4
A0A9N9PPQ3,358,92.6
A0A9N9PT18,285,94.8
A0A9N9PV81,355,94.6
A0A9N9Q0K0,360,94.9
A0A9N9Q6I5,160,66.5
A0A9N9TUY4,214,79.7
A0A9N9TYT2,334,91.7
A0A9N9UBP5,319,97.8
A0A9N9UDC0,293,97.4
A0A9N9UEC1,380,96.1
A0A9N9UGE2,361,97.1
A0A9N9UHQ8,302,95.1
A0A9N9UIX3,230,49.5
A0A9N9UU16,360,94.0
A0A9N9V1A8,380,96.5
A0A9N9V829,314,96.3
A0A9N9VDP6,354,96.5
A0A9N9VGE0,293,97.3
A0A9N9VIP6,302,98.1
A0A9N9VJ00,330,93.2
A0A9N9VL20,188,87.0
A0A9N9VUD9,356,95.8
A0A9N9W1M7,349,94.9
A0A9N9W4S8,361,96.9
A0A9N9WBR4,394,91.2
A0A9N9XWR8,381,93.0
A0A9N9XYZ1,284,92.1
A0A9N9XZG9,368,96.1
A0A9N9Y220,349,95.4
A0A9N9Y616,360,95.2
A0A9N9Y7D2,294,97.8
A0A9N9YBG4,363,96.1
A0A9N9YD86,360,97.2
A0A9N9YHF2,363,95.8
A0A9N9YK42,319,97.7
A0A9N9YKH8,266,79.6
A0A9N9YPC9,433,87.6
A0A9N9YPG7,381,93.1
A0A9N9YRS5,360,97.0
A0A9N9YVX9,296,92.7
A0A9N9YYX3,362,96.5
A0A9N9Z055,354,94.7
A0A9N9Z156,362,95.7
A0A9N9Z3J5,380,96.5
A0A9N9Z9J3,369,93.6
A0A9N9ZBS2,452,90.2
A0A9N9ZCG8,363,96.1
A0A9N9ZEI6,355,96.1
A0A9N9ZGP9,381,93.3
A0A9N9ZJX1,294,97.8
A0A9P0E8E2,315,97.2
A0A9P0E9A9,331,96.1
A0A9P0EDX1,422,89.2
A0A9P0EJA4,304,90.7
A0A9P0EL13,97,86.6
A0A9P0ENW0,214,78.4
A0A9P0ERG8,302,98.2
A0A9P0ZDA3,332,94.6
A0A9P0ZJR5,212,87.3
A0A9P0ZL29,325,96.9
A0A9P1C3Z2,301,86.5
A0A9P1CS61,499,84.4
A0A9P1EFV4,325,97.0
A0A9P1EG43,233,87.5
A0A9P1EGP5,329,94.5
A0A9P1FEV3,586,83.8
A0A9P1G1G0,454,88.0
A0A9P1G3G3,551,84.0
A0A9P1GXA4,272,81.8
A0A9P1GXI3,233,70.1
A0A9P1GXY6,154,55.3
A0A9P1GYI6,287,79.8
A0A9P1GZG9,354,69.5
A0A9P1H0N5,337,85.8
A0A9P1H547,292,92.6
A0A9P1H568,103,56.2
A0A9P1H6D2,337,77.0
A0A9P1H7B8,261,60.1
A0A9P1H8G6,303,94.4
A0A9P1HA81,238,73.2
A0A9P1HAC4,282,54.0
A0A9P1HC93,291,79.7
A0A9P1I5X8,395,95.5
A0A9P1I5Z9,310,97.7
A0A9P1IQV5,253,95.5
A0A9P1M7K0,365,96.2
A0A9P1MCA4,179,78.7
A0A9P1ME48,378,96.7
A0A9P1MEH7,222,76.2
A0A9P1MZB0,357,93.9
A0A9P1MZF7,355,91.5
A0A9P3B0Q2,428,85.6
A0A9P3B8H5,361,97.6
A0A9P3BQ42,408,78.1
A0A9P3BS07,386,93.7
A0A9P3C2H1,369,97.4
A0A9P3C2Y7,323,96.5
A0A9P3C4R7,186,79.7
A0A9P3C519,369,96.8
A0A9P3C7R6,338,96.7
A0A9P3C899,329,97.0
A0A9P3CCM8,297,97.3
A0A9P3CF74,332,90.3
A0A9P3CP31,358,93.7
A0A9P3CPX6,335,96.4
A0A9P3CQ06,286,97.7
A0A9P3CRK5,308,97.8
A0A9P3CSZ5,295,94.9
A0A9P3CZ20,405,83.7
A0A9P3D0K0,416,94.1
A0A9P3EPK8,323,96.2
A0A9P3F8W2,361,97.5
A0A9P3F909,373,94.3
A0A9P3FCU3,410,93.4
A0A9P3FDS5,379,95.4
A0A9P3FEF3,380,96.7
A0A9P3G6B3,393,93.5
A0A9P3G846,433,92.9
A0A9P3LC23,400,89.7
A0A9P3LDL9,184,92.3
A0A9P3PKR9,304,90.0
A0A9P3PVH5,284,98.3
A0A9P4GBK0,373,94.9
A0A9P4GEG7,348,95.8
A0A9P4GGP3,323,94.5
A0A9P4GH35,288,87.8
A0A9P4GIJ9,369,97.6
A0A9P4GNF1,319,94.8
A0A9P4GPY4,290,97.8
A0A9P4GYC3,269,98.2
A0A9P4GZG4,182,71.6
A0A9P4H066,225,68.5
A0A9P4H0Q5,357,97.6
A0A9P4H2P0,358,96.8
A0A9P4H4R0,314,95.1
A0A9P4H4W2,401,86.3
A0A9P4H881,383,97.2
A0A9P4HB55,387,97.0
A0A9P4HC85,291,98.2
A0A9P4HG56,310,98.2
A0A9P4HM55,363,96.5
A0A9P4HN24,360,96.8
A0A9P4HN88,384,96.2
A0A9P4HVU1,321,93.9
A0A9P4I4W6,355,95.9
A0A9P4I595,267,95.5
A0A9P4IEM6,474,80.9
A0A9P4IKI1,383,93.5
A0A9P4IKZ6,334,92.7
A0A9P4IZQ8,339,94.9
A0A9P4J5B3,362,95.8
A0A9P4JF56,364,96.3
A0A9P4JGI5,337,98.1
A0A9P4JHW3,341,96.6
A0A9P4JTJ6,428,92.9
A0A9P4JTW6,266,96.9
A0A9P4JVS4,343,94.1
A0A9P4JXT5,363,97.7
A0A9P4JZ17,266,92.9
A0A9P4K111,372,91.9
A0A9P4K276,409,88.4
A0A9P4K8D0,353,97.6
A0A9P4L9Q1,343,97.4
A0A9P4L9U8,388,95.5
A0A9P4LE25,366,97.1
A0A9P4LGD6,455,91.5
A0A9P4LGS4,388,96.8
A0A9P4LI39,329,94.5
A0A9P4LIH7,364,98.3
A0A9P4LLI2,344,91.3
A0A9P4LNA9,70,42.0
A0A9P4LP74,362,97.7
A0A9P4LRN6,251,76.0
A0A9P4M4U2,368,80.2
A0A9P4M8Q7,365,97.2
A0A9P4MLF2,376,89.8
A0A9P4MLM2,358,97.8
A0A9P4MQK5,312,94.4
A0A9P4MTH0,344,97.9
A0A9P4MUD9,347,96.6
A0A9P4MUJ7,377,92.0
A0A9P4MWE6,365,94.8
A0A9P4MXW5,365,97.8
A0A9P4MY33,385,91.3
A0A9P4MY79,345,94.9
A0A9P4MYN4,353,84.7
A0A9P4N5L3,302,94.1
A0A9P4N5N9,362,98.2
A0A9P4N8G3,373,93.6
A0A9P4N9M9,316,95.5
A0A9P4NBL9,344,98.1
A0A9P4NBR3,334,87.3
A0A9P4NGN5,357,94.9
A0A9P4NM41,264,87.8
A0A9P4NQG6,299,91.9
A0A9P4NV31,365,96.3
A0A9P4NY90,311,86.0
A0A9P4P043,370,97.5
A0A9P4P412,306,97.8
A0A9P4P4Z8,288,98.1
A0A9P4P7S4,336,90.2
A0A9P4PBK7,342,81.1
A0A9P4PEI2,354,96.0
A0A9P4PHE4,316,96.4
A0A9P4PJ99,322,97.5
A0A9P4PJF6,377,93.4
A0A9P4PLN5,376,94.4
A0A9P4PM19,368,93.7
A0A9P4PM39,353,98.2
A0A9P4PMY7,319,97.4
A0A9P4PNW3,317,96.8
A0A9P4PRK9,346,97.2
A0A9P4PS65,271,57.1
A0A9P4PTR1,343,97.2
A0A9P4Q4R2,326,96.1
A0A9P4QAR5,370,96.8
A0A9P4QCU2,372,97.4
A0A9P4QDB0,349,95.6
A0A9P4QMU1,267,96.2
A0A9P4QNN2,269,98.5
A0A9P4QQ26,297,96.4
A0A9P4QUE5,358,83.8
A0A9P4QX51,311,97.6
A0A9P4QX66,348,95.8
A0A9P4QYK7,324,92.7
A0A9P4QYU9,370,97.6
A0A9P4QZV1,355,96.6
A0A9P4QZW0,305,85.1
A0A9P4QZZ5,358,97.7
A0A9P4R0N3,330,95.1
A0A9P4R6E3,362,98.0
A0A9P4S3D7,358,93.2
A0A9P4S7W4,364,97.3
A0A9P4SB82,464,79.2
A0A9P4SC62,356,97.6
A0A9P4SDQ3,365,97.2
A0A9P4SEQ9,124,94.6
A0A9P4SI96,375,98.0
A0A9P4SJP1,213,79.9
A0A9P4SKK5,346,97.6
A0A9P4T4X0,394,93.2
A0A9P4T7M4,384,94.7
A0A9P4T9P7,270,98.4
A0A9P4TA03,360,97.1
A0A9P4TAB7,286,98.1
A0A9P4TAJ3,357,97.8
A0A9P4TD82,359,93.3
A0A9P4TEG7,291,96.4
A0A9P4THM7,291,98.3
A0A9P4TJU4,350,97.5
A0A9P4TJW2,270,98.1
A0A9P4TK21,345,96.9
A0A9P4TKY0,358,97.7
A0A9P4TMA3,374,96.8
A0A9P4TPH8,340,83.4
A0A9P4TRZ5,375,96.9
A0A9P4TTN6,380,85.9
A0A9P4U368,332,92.6
A0A9P4U489,321,94.7
A0A9P4U804,281,95.0
A0A9P4U8D7,370,97.5
A0A9P4UIL4,364,96.9
A0A9P4UM98,369,97.5
A0A9P4UZ88,376,96.1
A0A9P4UZX6,362,97.1
A0A9P4V0B1,473,91.0
A0A9P4V8T4,381,88.2
A0A9P4VAE9,369,97.9
A0A9P4VMM4,340,88.4
A0A9P4VSJ9,343,97.2
A0A9P4VWI8,95,78.7
A0A9P4W627,338,97.8
A0A9P4W6F6,392,95.3
A0A9P4W815,253,96.6
A0A9P4W8U6,364,98.2
A0A9P4W943,253,72.9
A0A9P4W9A0,122,89.0
A0A9P4WA51,353,96.9
A0A9P4WAB7,307,67.0
A0A9P4WAQ4,129,95.0
A0A9P4WFY5,327,94.9
A0A9P4WHE2,365,97.9
A0A9P4WMN6,291,98.3
A0A9P4WQL9,363,97.9
A0A9P4WQQ5,371,97.2
A0A9P4WSQ5,356,96.7
A0A9P4WTZ4,344,90.1
A0A9P4WW01,291,97.1
A0A9P4WZI6,301,96.8
A0A9P4WZQ1,400,93.0
A0A9P4XFK8,372,93.2
A0A9P4XQ11,353,97.8
A0A9P4XU17,342,92.8
A0A9P4XX01,378,95.0
A0A9P4Y6F7,310,97.5
A0A9P4YJ40,353,95.7
A0A9P4YYF2,346,78.6
A0A9P4YZ08,263,79.8
A0A9P5AA35,397,87.5
A0A9P5AAJ2,295,89.8
A0A9P5AC41,211,91.0
A0A9P5AJD2,278,96.2
A0A9P5AMW5,301,95.6
A0A9P5AV13,59,96.6
A0A9P5B0C2,397,89.2
A0A9P5B8M4,448,84.9
A0A9P5B9W0,304,97.3
A0A9P5BDM4,204,90.8
A0A9P5BEY1,245,63.5
A0A9P5BFG7,306,92.9
A0A9P5BHQ5,354,97.6
A0A9P5BJG4,296,96.4
A0A9P5BJI9,257,66.1
A0A9P5BPD6,353,96.1
A0A9P5BQW9,314,96.9
A0A9P5BS62,109,94.0
A0A9P5BW11,384,96.0
A0A9P5BXF7,361,97.5
A0A9P5BYG0,322,98.2
A0A9P5C3D3,291,95.4
A0A9P5C3W0,375,97.4
A0A9P5C4B8,269,90.1
A0A9P5CTQ7,328,91.4
A0A9P5CTY5,336,95.3
A0A9P5DM27,380,90.1
A0A9P5DT73,304,96.4
A0A9P5DU41,405,88.8
A0A9P5DVT2,207,84.0
A0A9P5DWD0,391,88.1
A0A9P5E0H0,356,97.1
A0A9P5E0T4,319,98.2
A0A9P5E0U0,104,58.8
A0A9P5E2M0,371,96.4
A0A9P5E401,357,74.1
A0A9P5E4U5,372,96.7
A0A9P5E4Z0,354,97.5
A0A9P5E7P4,206,75.9
A0A9P5E8A2,239,78.2
A0A9P5EDZ5,326,91.4
A0A9P5EJS6,293,97.9
A0A9P5EK34,368,83.3
A0A9P5EN09,317,95.7
A0A9P5EP89,324,98.3
A0A9P5EPY6,373,97.9
A0A9P5EQ32,314,93.5
A0A9P5ERR0,366,97.1
A0A9P5ESF9,307,96.8
A0A9P5ESI6,357,97.3
A0A9P5EWI3,304,98.1
A0A9P5EWP9,361,95.7
A0A9P5EYL5,382,96.3
A0A9P5EZI0,376,68.2
A0A9P5F043,363,97.6
A0A9P5F0V8,304,97.6
A0A9P5F1P8,313,98.5
A0A9P5F4D0,299,96.7
A0A9P5GB19,386,91.3
A0A9P5GCT0,323,95.2
A0A9P5GFI9,274,97.6
A0A9P5GWA5,324,97.7
A0A9P5H912,373,97.2
A0A9P5HBF6,293,97.4
A0A9P5HF60,101,68.9
A0A9P5HHL6,326,97.3
A0A9P5HJQ1,352,97.3
A0A9P5HQ80,434,90.3
A0A9P5HSB3,345,96.2
A0A9P5HSY5,363,98.0
A0A9P5HWN2,369,94.6
A0A9P5IJI5,266,95.0
A0A9P5IUD8,358,96.1
A0A9P5IXS6,365,95.3
A0A9P5IYM1,347,98.4
A0A9P5JXT8,331,97.3
A0A9P5JY23,333,96.8
A0A9P5JYN0,330,97.7
A0A9P5JYN9,315,97.1
A0A9P5JYU8,330,98.0
A0A9P5JZA9,333,97.3
A0A9P5JZI2,331,97.8
A0A9P5K193,318,97.5
A0A9P5K283,322,94.8
A0A9P5K589,304,97.5
A0A9P5K6D0,383,97.1
A0A9P5K6K6,357,97.2
A0A9P5K788,315,97.8
A0A9P5K8I6,257,98.3
A0A9P5K8K9,562,85.5
A0A9P5K8U6,280,95.0
A0A9P5K9C7,376,97.1
A0A9P5K9S8,298,97.6
A0A9P5L1F5,370,97.1
A0A9P5L8N8,349,97.3
A0A9P5LL58,319,91.4
A0A9P5LLI3,372,93.0
A0A9P5LM81,173,59.6
A0A9P5MS31,360,87.6
A0A9P5MS95,360,94.9
A0A9P5MSK9,331,97.6
A0A9P5MVU0,342,91.3
A0A9P5NH95,274,53.1
A0A9P5NP12,343,95.3
A0A9P5NQI8,323,94.9
A0A9P5NU10,366,96.7
A0A9P5NUM8,280,96.2
A0A9P5PKH0,185,89.3
A0A9P5PV34,366,91.4
A0A9P5X9Z6,313,97.7
A0A9P5XZM4,303,89.7
A0A9P5Y243,57,83.0
A0A9P5YAQ3,169,92.5
A0A9P5YNX6,426,69.0
A0A9P5YS01,346,95.3
A0A9P5YX13,356,93.1
A0A9P5Z365,304,97.4
A0A9P5ZHD6,251,92.4
A0A9P6ABG1,273,93.6
A0A9P6ADS6,330,97.5
A0A9P6AEB2,145,65.8
A0A9P6AJI0,328,97.8
A0A9P6AJY1,329,96.5
A0A9P6BY48,345,94.6
A0A9P6C3F1,341,95.4
A0A9P6CAG6,314,97.3
A0A9P6CCN6,315,98.1
A0A9P6CDR8,225,74.4
A0A9P6CJ62,284,98.1
A0A9P6CQJ4,315,97.7
A0A9P6CTZ2,304,97.6
A0A9P6DDV4,303,98.0
A0A9P6DJR5,322,89.9
A0A9P6EAD3,331,97.9
A0A9P6EHV7,356,96.9
A0A9P6ELV7,341,95.5
A0A9P6ES30,312,95.0
A0A9P6EYF3,381,82.0
A0A9P6G6A9,357,87.6
A0A9P6GD45,370,95.2
A0A9P6GF49,363,92.6
A0A9P6GFA9,290,97.6
A0A9P6GFF6,316,93.3
A0A9P6GHV8,382,97.2
A0A9P6GIB7,346,94.7
A0A9P6GJ93,288,97.1
A0A9P6GLH1,317,94.6
A0A9P6GNG8,353,98.3
A0A9P6GVB7,234,97.8
A0A9P6H427,334,97.6
A0A9P6H4S6,327,97.2
A0A9P6H6N4,340,97.8
A0A9P6H6P2,341,94.0
A0A9P6HAV3,339,96.7
A0A9P6HE18,338,95.4
A0A9P6HEG3,337,97.5
A0A9P6HES9,333,95.9
A0A9P6HFP7,340,96.4
A0A9P6HVN3,271,69.4
A0A9P6HW69,307,96.7
A0A9P6HY99,355,97.4
A0A9P6HYB5,365,95.1
A0A9P6HYU3,237,97.1
A0A9P6HZS0,299,96.9
A0A9P6I069,371,97.6
A0A9P6I471,314,96.9
A0A9P6I6P0,394,89.4
A0A9P6I8G8,369,96.9
A0A9P6I9U5,325,68.8
A0A9P6ICW4,293,98.0
A0A9P6ID20,304,98.0
A0A9P6IHM1,335,93.9
A0A9P6JRS5,308,97.2
A0A9P6JS43,315,94.2
A0A9P6JSV9,306,97.6
A0A9P6KLR9,364,97.4
A0A9P6KM80,351,95.0
A0A9P6KSR1,346,96.2
A0A9P6KVE9,152,58.6
A0A9P6L1G9,339,96.2
A0A9P6LD63,304,91.9
A0A9P6LD84,376,96.5
A0A9P6LF57,357,97.6
A0A9P6LG06,293,93.8
A0A9P6LG07,366,97.6
A0A9P6LG49,358,92.2
A0A9P6LGC9,234,96.9
A0A9P6LIP7,304,98.1
A0A9P6LJW0,352,96.5
A0A9P6LK99,322,92.2
A0A9P6LLF6,304,97.9
A0A9P6LML4,392,89.3
A0A9P6LNG2,368,97.3
A0A9P6LNV3,355,98.1
A0A9P6LRF4,262,87.3
A0A9P6MTT1,373,81.1
A0A9P6NEH9,326,85.2
A0A9P6NKZ6,303,95.0
A0A9P6NP50,279,97.5
A0A9P6NQ06,300,97.4
A0A9P6NUP1,278,97.5
A0A9P6NVN1,311,90.3
A0A9P6QMX7,488,82.1
A0A9P6R7U9,391,87.4
A0A9P6TG97,290,94.1
A0A9P6TGI4,300,96.0
A0A9P6VMU7,378,96.0
A0A9P6ZPI2,193,94.7
A0A9P7A969,181,74.1
A0A9P7AQK0,193,91.9
A0A9P7AYC7,340,97.0
A0A9P7E4R0,414,90.9
A0A9P7ECI6,398,78.2
A0A9P7FBZ7,370,85.7
A0A9P7FEP6,178,86.1
A0A9P7FS01,177,88.5
A0A9P7G6J2,232,84.7
A0A9P7GL00,56,81.3
A0A9P7GXE9,333,93.3
A0A9P7GY86,398,89.8
A0A9P7H0N9,301,92.4
A0A9P7H0V2,360,97.5
A0A9P7H2X3,391,87.3
A0A9P7H4X1,302,97.2
A0A9P7H5X9,453,83.8
A0A9P7H6V4,372,96.6
A0A9P7H959,231,94.6
A0A9P7HAA6,442,84.6
A0A9P7HB24,356,97.4
A0A9P7HDS4,453,84.2
A0A9P7HHK8,356,97.2
A0A9P7HHT8,372,86.0
A0A9P7HIY1,161,46.3
A0A9P7HJR8,209,71.5
A0A9P7HLC1,372,96.6
A0A9P7HR95,232,84.1
A0A9P7HT14,285,88.3
A0A9P7HU99,279,94.7
A0A9P7I3C5,356,97.6
A0A9P7I402,204,91.9
A0A9P7I6A0,496,91.0
A0A9P7I9U8,247,79.1
A0A9P7JPE6,416,92.8
A0A9P7JWP4,385,94.7
A0A9P7K585,285,98.4
A0A9P7KAY0,295,92.1
A0A9P7KJA4,295,96.2
A0A9P7KK28,398,88.8
A0A9P7KV03,401,94.4
A0A9P7KVD4,278,97.7
A0A9P7L088,360,97.3
A0A9P7M465,341,98.3
A0A9P7MB55,364,97.4
A0A9P7MGH4,351,97.4
A0A9P7MM30,341,97.9
A0A9P7MNS9,364,97.8
A0A9P7MT28,351,97.4
A0A9P7NE30,364,97.3
A0A9P7NHH3,352,96.9
A0A9P7PVI4,376,94.2
A0A9P7PXS8,351,97.4
A0A9P7Q641,364,97.7
A0A9P7QED4,350,97.3
A0A9P7QIY1,77,65.5
A0A9P7QKV2,329,97.6
A0A9P7QM48,376,94.2
A0A9P7QPY3,315,95.9
A0A9P7QRK7,376,96.3
A0A9P7QS01,304,98.2
A0A9P7QUR7,394,92.9
A0A9P7QYB3,355,97.4
A0A9P7QZ71,324,98.1
A0A9P7R1E3,340,86.9
A0A9P7R2L5,385,81.2
A0A9P7R386,304,98.2
A0A9P7R4B6,324,98.2
A0A9P7R6W9,377,96.6
A0A9P7R847,367,96.8
A0A9P7R8M5,368,94.6
A0A9P7R9D2,380,95.8
A0A9P7RB79,394,95.0
A0A9P7RBZ8,307,96.6
A0A9P7RI56,315,97.0
A0A9P7RLL9,348,95.7
A0A9P7RNZ5,200,92.3
A0A9P7RPR2,139,61.8
A0A9P7S7P4,307,97.9
A0A9P7SEG7,364,97.2
A0A9P7SG79,376,94.0
A0A9P7SNC9,364,97.5
A0A9P7SQ62,376,94.3
A0A9P7SYC4,64,92.6
A0A9P7TWM6,346,97.8
A0A9P7TYR1,364,96.9
A0A9P7TZV7,364,97.4
A0A9P7U6L4,293,98.1
A0A9P7UB66,395,85.7
A0A9P7UBT7,354,96.1
A0A9P7UD37,389,82.6
A0A9P7UF73,365,96.0
A0A9P7UIY2,372,98.0
A0A9P7UJ56,376,95.8
A0A9P7UK60,388,81.4
A0A9P7UK77,364,95.2
A0A9P7ULN4,355,98.2
A0A9P7UMI8,394,77.1
A0A9P7UN11,364,95.6
A0A9P7USK2,303,96.2
A0A9P7VFF7,283,98.1
A0A9P7VJA3,283,97.4
A0A9P7VT99,271,59.9
A0A9P7W2Q5,362,91.2
A0A9P7Y7Z0,345,98.1
A0A9P7YAX7,360,97.3
A0A9P7YCU3,272,96.0
A0A9P7YDW7,351,98.2
A0A9P7YP12,377,94.6
A0A9P7YSQ7,351,89.5
A0A9P7Z3A8,332,93.7
A0A9P7ZAT5,347,96.9
A0A9P7ZDG1,264,97.1
A0A9P7ZEN4,324,98.2
A0A9P7ZK00,241,93.4
A0A9P7ZK51,360,97.0
A0A9P7ZR50,348,96.1
A0A9P8AUF0,284,97.7
A0A9P8AV30,293,92.5
A0A9P8AZ72,334,97.8
A0A9P8C1U8,276,94.5
A0A9P8C1X5,347,95.9
A0A9P8C2W8,233,78.0
A0A9P8C395,383,95.4
A0A9P8C4U3,355,96.6
A0A9P8C4W8,364,97.6
A0A9P8CAX6,331,95.0
A0A9P8CJK2,379,96.3
A0A9P8CKH4,323,88.9
A0A9P8CPW1,304,95.4
A0A9P8CSX4,321,92.9
A0A9P8D470,508,80.4
A0A9P8D4Z1,319,97.1
A0A9P8D5I1,304,97.9
A0A9P8D8F5,278,97.1
A0A9P8DCG8,276,98.0
A0A9P8DCT3,356,97.8
A0A9P8DHJ5,232,90.0
A0A9P8DKY9,279,93.3
A0A9P8E2K2,368,97.7
A0A9P8E2U0,372,97.1
A0A9P8E4A0,368,97.8
A0A9P8ENH5,404,93.4
A0A9P8ESQ1,365,97.5
A0A9P8EVR0,221,87.7
A0A9P8FQJ9,385,94.0
A0A9P8FSK7,368,97.9
A0A9P8FVE8,372,97.6
A0A9P8FXF2,385,94.0
A0A9P8G211,221,86.1
A0A9P8G4G9,221,87.2
A0A9P8G682,372,96.8
A0A9P8GGV4,368,97.9
A0A9P8GH40,221,86.1
A0A9P8GJ33,365,97.9
A0A9P8HF99,353,97.8
A0A9P8HZ59,498,70.7
A0A9P8HZL9,375,79.8
A0A9P8I7W5,366,95.8
A0A9P8IDJ8,279,78.2
A0A9P8IJZ9,146,48.2
A0A9P8ILD1,372,96.6
A0A9P8ILQ2,233,78.3
A0A9P8IMB7,207,88.0
A0A9P8IQL2,454,87.4
A0A9P8ISW1,354,97.8
A0A9P8J1T0,372,98.0
A0A9P8JAR0,366,96.5
A0A9P8JBW6,221,86.8
A0A9P8JEF0,364,97.5
A0A9P8JUP8,365,97.6
A0A9P8JV18,372,96.6
A0A9P8JVI6,365,97.3
A0A9P8JWQ9,368,98.1
A0A9P8KCL2,387,93.5
A0A9P8L2T7,174,73.5
A0A9P8LAU2,326,94.5
A0A9P8M2B5,313,95.2
A0A9P8M342,316,98.1
A0A9P8M4K5,361,93.8
A0A9P8M534,552,87.9
A0A9P8MJP3,350,97.4
A0A9P8MK66,226,88.4
A0A9P8MNI4,354,96.7
A0A9P8MT67,361,91.5
A0A9P8MUU1,220,92.4
A0A9P8N0Q3,327,95.5
A0A9P8N2E9,376,94.3
A0A9P8N5G2,350,97.1
A0A9P8N751,296,96.7
A0A9P8N9L3,67,76.6
A0A9P8QKR7,372,93.8
A0A9P8RGZ2,189,96.2
A0A9P8RKW4,188,85.3
A0A9P8RLL1,132,49.8
A0A9P8RMY0,483,71.5
A0A9P8RPF4,371,96.2
A0A9P8RQT6,170,63.4
A0A9P8RRY3,402,83.1
A0A9P8S379,399,90.2
A0A9P8S5Z4,271,65.3
A0A9P8S6I3,221,87.0
A0A9P8SF21,336,94.6
A0A9P8SG32,355,97.8
A0A9P8SK06,330,94.5
A0A9P8SPR5,136,88.1
A0A9P8STX6,129,79.5
A0A9P8SUG2,401,92.8
A0A9P8TUI9,353,98.0
A0A9P8UDW5,304,97.9
A0A9P8UEG2,339,86.5
A0A9P8UEQ7,323,98.3
A0A9P8UG69,315,93.6
A0A9P8UIC0,316,97.2
A0A9P8UJ52,356,96.3
A0A9P8UJA7,322,98.0
A0A9P8UJU9,330,89.5
A0A9P8UK37,90,94.5
A0A9P8UK50,276,96.8
A0A9P8UKP1,343,98.1
A0A9P8ULC3,403,90.6
A0A9P8ULL1,370,94.5
A0A9P8URL5,275,98.4
A0A9P8US84,342,94.5
A0A9P8UU77,357,94.8
A0A9P8UUF6,276,98.5
A0A9P8UW26,297,97.2
A0A9P8UWG6,264,86.6
A0A9P8UWM5,370,97.5
A0A9P8V2M6,376,95.6
A0A9P8V2S0,304,97.8
A0A9P8V2W5,305,97.7
A0A9P8V5S4,284,97.8
A0A9P8V626,382,95.8
A0A9P8V6P5,409,89.3
A0A9P8V875,328,90.8
A0A9P8VB48,307,98.0
A0A9P8VCH3,363,97.1
A0A9P8VDX7,412,94.6
A0A9P8VN70,443,88.8
A0A9P8VP55,351,97.3
A0A9P8VVJ8,332,80.0
A0A9P8VZ16,294,97.9
A0A9P8VZR4,208,93.7
A0A9P8W8E4,148,73.6
A0A9P8WFI0,326,83.4
A0A9P8WHC9,356,95.8
A0A9P8XSB3,286,97.4
A0A9P8XUJ5,322,98.0
A0A9P8XUN0,345,96.2
A0A9P8XUP2,392,87.5
A0A9P8XWL6,272,98.0
A0A9P8XXT9,351,88.9
A0A9P8XXZ3,302,90.1
A0A9P8Y1H1,278,97.9
A0A9P8YAM6,306,98.3
A0A9P8YAV5,317,91.5
A0A9P8YAV9,377,92.9
A0A9P8YD13,278,93.9
A0A9P8YGS0,326,95.3
A0A9P8YJY5,324,95.5
A0A9P8YM28,305,98.2
A0A9P8ZS39,310,77.7
A0A9P8ZWJ6,348,94.7
A0A9P8ZWM7,332,97.4
A0A9P8ZXT3,307,98.1
A0A9P8ZYD0,315,93.9
A0A9P9A0J5,370,97.6
A0A9P9A2F4,361,98.2
A0A9P9A454,364,95.2
A0A9P9A6B1,317,97.3
A0A9P9A6U7,272,94.4
A0A9P9AAI5,325,97.6
A0A9P9AC83,350,96.6
A0A9P9AFP1,255,96.6
A0A9P9AG59,276,95.1
A0A9P9AGJ3,307,97.3
A0A9P9APM6,601,81.8
A0A9P9AQ01,377,89.5
A0A9P9ASR6,373,96.8
A0A9P9BHZ3,349,80.9
A0A9P9BJD1,366,95.0
A0A9P9BK36,321,98.3
A0A9P9BLV7,403,87.2
A0A9P9BLZ6,339,91.5
A0A9P9BMM6,320,95.9
A0A9P9BPW2,270,97.8
A0A9P9BQX9,326,97.8
A0A9P9BTY8,277,93.0
A0A9P9BVC7,326,96.3
A0A9P9CYR3,380,95.2
A0A9P9D313,271,97.1
A0A9P9D3U5,296,98.0
A0A9P9D493,367,95.4
A0A9P9DE48,370,97.0
A0A9P9DH90,343,96.4
A0A9P9DL74,339,93.3
A0A9P9DLS6,363,97.8
A0A9P9DMQ1,295,96.9
A0A9P9DR32,388,97.2
A0A9P9DRT6,353,97.9
A0A9P9DTI8,338,89.8
A0A9P9DXH0,375,96.6
A0A9P9DY84,271,97.3
A0A9P9E097,378,93.3
A0A9P9E4D0,277,98.0
A0A9P9E535,361,90.5
A0A9P9E827,273,84.8
A0A9P9ECR6,307,97.0
A0A9P9ECU4,322,83.8
A0A9P9EE65,351,97.6
A0A9P9EFC0,352,97.8
A0A9P9EIM9,258,88.3
A0A9P9EP06,354,98.1
A0A9P9ER97,367,96.1
A0A9P9EVV4,271,97.5
A0A9P9EX00,191,53.3
A0A9P9F0N9,339,83.3
A0A9P9F0P3,325,97.7
A0A9P9F610,372,97.3
A0A9P9FH49,350,97.2
A0A9P9G0H2,240,93.8
A0A9P9G1D6,130,69.9
A0A9P9GGD9,423,87.2
A0A9P9GQV0,372,91.8
A0A9P9H480,386,94.9
A0A9P9HA99,364,95.3
A0A9P9HAD7,402,86.6
A0A9P9HJ81,315,95.4
A0A9P9HQ61,354,97.6
A0A9P9IDE3,271,97.6
A0A9P9IFD1,326,98.0
A0A9P9IL65,168,82.6
A0A9P9IM25,309,89.8
A0A9P9IM70,344,97.9
A0A9P9IMH5,382,77.4
A0A9P9IMQ8,352,97.9
A0A9P9IQ08,317,93.4
A0A9P9ITJ2,373,91.7
A0A9P9IXR3,303,95.6
A0A9P9IXR4,326,97.7
A0A9P9IYK1,365,97.3
A0A9P9IZ74,344,97.3
A0A9P9J0Z6,373,97.2
A0A9P9J2H8,372,93.1
A0A9P9J3N0,321,82.9
A0A9P9J4T8,304,98.2
A0A9P9J5H6,322,95.7
A0A9P9J6B9,354,97.8
A0A9P9J7R2,304,98.2
A0A9P9J9F7,211,95.6
A0A9P9JAD3,217,77.6
A0A9P9JAU8,372,92.4
A0A9P9JKG7,286,95.8
A0A9P9JQC5,319,95.3
A0A9P9JVC3,299,95.6
A0A9P9K123,304,97.4
A0A9P9KBB3,372,97.0
A0A9P9KEG5,290,94.7
A0A9P9KEH1,314,83.9
A0A9P9KIR2,374,96.3
A0A9P9KM55,395,92.9
A0A9P9KNI3,279,95.0
A0A9P9KPV1,356,97.5
A0A9P9KYY7,457,86.9
A0A9P9L6M7,352,97.8
A0A9P9WAG3,304,97.6
A0A9P9WAG9,356,97.4
A0A9P9WAQ4,297,94.5
A0A9P9WAZ0,350,93.4
A0A9P9WBG0,414,86.4
A0A9P9WBT7,356,81.8
A0A9P9WE24,370,96.9
A0A9P9WGF9,301,97.6
A0A9P9WH67,316,97.8
A0A9P9WJE3,300,97.6
A0A9P9WK24,196,79.7
A0A9P9WLA8,336,94.3
A0A9P9WLG7,295,93.2
A0A9P9WMZ2,276,97.4
A0A9P9WPJ5,317,92.9
A0A9P9WS14,337,92.6
A0A9P9WUX0,362,94.6
A0A9P9WV32,331,90.1
A0A9P9WW04,365,97.4
A0A9P9WW19,310,98.3
A0A9P9WWM5,282,95.7
A0A9P9WXB5,364,93.6
A0A9P9WY50,370,98.0
A0A9P9WYE5,348,94.2
A0A9P9X028,307,96.7
A0A9P9X1G2,382,82.5
A0A9P9X1N4,376,95.9
A0A9P9X5E8,299,96.3
A0A9P9X855,313,60.7
A0A9P9XA42,365,95.5
A0A9P9XBE7,383,97.0
A0A9P9XCC3,388,87.7
A0A9P9XGQ0,357,94.4
A0A9P9XJ46,240,73.9
A0A9P9XJK6,395,92.8
A0A9P9XLE1,367,96.9
A0A9P9XMI0,368,96.1
A0A9P9XMR3,380,95.9
A0A9P9XNZ2,318,95.2
A0A9P9XQR7,294,93.4
A0A9P9XQU4,316,92.8
A0A9P9XU62,303,98.1
A0A9P9Y0B8,315,98.3
A0A9P9Y2C9,381,96.7
A0A9P9Y2X6,284,91.3
A0A9P9Y5F5,361,97.6
A0A9Q0AIK5,339,94.7
A0A9Q0AIL3,298,92.7
A0A9Q0AJ77,328,94.0
A0A9Q0AJM4,358,91.3
A0A9Q0ANI9,304,97.4
A0A9Q0APT0,341,96.0
A0A9Q0ARC3,300,97.1
A0A9Q0AU16,352,97.5
A0A9Q0AYM7,363,94.7
A0A9Q0B0H4,315,96.8
A0A9Q0B0U4,425,86.7
A0A9Q0B1W0,376,94.7
A0A9Q0B2X4,368,92.8
A0A9Q0B372,366,95.7
A0A9Q0B5F6,333,77.5
A0A9Q0B615,293,98.0
A0A9Q0B6Y1,380,95.8
A0A9Q0B7W3,227,95.3
A0A9Q0B9E3,324,96.2
A0A9Q0BAF8,304,98.2
A0A9Q0BBC9,360,97.3
A0A9Q0BCW2,275,87.1
A0A9Q0DA90,431,96.9
A0A9Q0DLI8,415,95.3
A0A9Q0DNS3,223,80.1
A0A9Q0FVE9,328,95.3
A0A9Q0G5V1,333,96.2
A0A9Q0G7N6,184,92.9
A0A9Q0GKV4,330,94.9
A0A9Q0ICF7,415,90.1
A0A9Q0J471,317,95.0
A0A9Q0KS29,332,93.9
A0A9Q0KTY2,246,83.2
A0A9Q0KU96,319,95.0
A0A9Q0KUV1,290,89.0
A0A9Q0KV07,295,74.4
A0A9Q0KV77,332,94.3
A0A9Q0QJI7,336,83.7
A0A9Q0QXM2,330,94.9
A0A9Q0QY86,325,94.5
A0A9Q0U7U2,331,97.6
A0A9Q0UDV3,319,97.6
A0A9Q0VNT9,268,90.2
A0A9Q0VRW4,289,93.6
A0A9Q0VSA1,209,93.2
A0A9Q0VSR0,108,83.8
A0A9Q0VUS2,318,96.7
A0A9Q0WG28,336,92.4
A0A9Q0WM22,337,96.9
A0A9Q0WZP5,171,92.4
A0A9Q0WZZ7,177,85.6
A0A9Q0X1N2,239,79.5
A0A9Q0XMB9,367,96.7
A0A9Q0XMU1,430,96.2
A0A9Q0ZBQ2,331,97.6
A0A9Q0ZYT7,322,97.6
A0A9Q1A0N7,330,96.8
A0A9Q1A0U0,322,97.0
A0A9Q1A0X2,318,98.0
A0A9Q1A0Z0,294,95.2
A0A9Q1AGG0,319,97.6
A0A9Q1ALZ3,138,85.5
A0A9Q1AMB4,321,97.8
A0A9Q1B4Q7,439,97.4
A0A9Q1D134,436,94.7
A0A9Q1DHX7,131,82.3
A0A9Q1DQ65,287,70.3
A0A9Q1EC86,369,97.7
A0A9Q1F309,418,93.1
A0A9Q1FUU2,434,97.8
A0A9Q1GIZ7,330,96.4
A0A9Q1GQE0,310,90.5
A0A9Q1GRA5,305,95.5
A0A9Q1HRS7,434,98.0
A0A9Q1HX87,369,96.6
A0A9Q1HXH5,290,66.0
A0A9Q1JDR4,369,97.5
A0A9Q1JHX7,304,89.4
A0A9Q1JNS3,312,90.1
A0A9Q1JQ73,310,90.6
A0A9Q1JQC5,337,84.7
A0A9Q1L1Q6,326,96.7
A0A9Q1L3G5,328,95.9
A0A9Q1L3R3,334,96.2
A0A9Q1LBZ7,277,75.0
A0A9Q1M9T0,337,94.7
A0A9Q1MAN7,173,90.3
A0A9Q1MBS2,181,83.3
A0A9Q1MCW5,334,96.2
A0A9Q1MD85,333,96.1
A0A9Q1MEU2,223,77.3
A0A9Q1R9Z5,296,97.1
A0A9Q1RG09,278,94.3
A0A9Q1RGA3,203,68.5
A0A9Q1RGR7,246,83.1
A0A9Q1RGX2,292,94.3
A0A9Q3BB88,298,92.2
A0A9Q3E3U0,293,94.4
A0A9Q3E4W3,279,97.3
A0A9Q3F7G7,320,78.3
A0A9Q3GXD1,241,92.8
A0A9Q3GXS1,302,91.6
A0A9Q3H9V3,211,90.8
A0A9Q3V1D2,318,94.6
A0A9Q3VJ75,287,96.0
A0A9Q3WK94,291,97.7
A0A9Q3X6Q3,287,98.2
A0A9Q3ZAM5,269,98.5
A0A9Q5NBQ1,302,91.3
A0A9Q5NFF1,357,96.6
A0A9Q6ICA3,318,95.5
A0A9Q6S7U7,180,94.8
A0A9Q8LDJ5,358,96.1
A0A9Q8LKP3,272,96.6
A0A9Q8PBS8,309,95.6
A0A9Q8PG69,354,95.7
A0A9Q8PIJ3,326,97.5
A0A9Q8PJ35,356,96.7
A0A9Q8PMF0,335,85.9
A0A9Q8QDA2,353,97.2
A0A9Q8QFE9,353,97.5
A0A9Q8QFT2,250,72.7
A0A9Q8QL99,321,95.8
A0A9Q8QP72,361,96.3
A0A9Q8S989,209,84.0
A0A9Q8SB35,208,45.9
A0A9Q8SH68,355,97.3
A0A9Q8SJY5,375,96.2
A0A9Q8SKK4,381,97.1
A0A9Q8SKS9,376,94.5
A0A9Q8SNA5,346,82.6
A0A9Q8SQB6,385,90.3
A0A9Q8STN0,372,97.9
A0A9Q8SYD7,249,67.2
A0A9Q8T0W7,304,98.3
A0A9Q8T1R5,365,96.1
A0A9Q8T2R4,320,92.0
A0A9Q8T7D0,342,95.4
A0A9Q8T9B9,292,98.1
A0A9Q8URF0,373,97.4
A0A9Q8USR0,337,96.7
A0A9Q8UVN4,393,95.2
A0A9Q8UWI6,106,86.5
A0A9Q8UWS5,277,90.1
A0A9Q8VAJ3,353,97.0
A0A9Q8VHK7,375,94.6
A0A9Q8W9B3,298,67.6
A0A9Q8WA78,389,87.4
A0A9Q8WCM4,380,96.0
A0A9Q8WEV3,327,83.3
A0A9Q8WG05,302,88.5
A0A9Q8WM23,304,98.1
A0A9Q8WN77,285,80.3
A0A9Q8WPZ0,357,94.5
A0A9Q8Z1I0,349,95.9
A0A9Q8Z733,345,94.6
A0A9Q8Z931,371,98.0
A0A9Q8ZB76,357,97.5
A0A9Q8ZBH0,369,95.2
A0A9Q8ZDY9,371,97.3
A0A9Q8ZHN5,325,95.2
A0A9Q8ZIL8,271,96.4
A0A9Q9AK53,359,96.3
A0A9Q9APN7,401,85.1
A0A9Q9ASR5,221,94.6
A0A9Q9AV04,246,96.2
A0A9Q9AVV7,238,94.6
A0A9Q9AWG1,369,96.9
A0A9Q9AWR3,326,95.1
A0A9Q9AYC8,381,95.4
A0A9Q9B2J7,385,96.9
A0A9Q9DRJ8,357,93.8
A0A9Q9DT46,345,98.1
A0A9Q9DTX2,362,98.2
A0A9Q9DV52,367,97.1
A0A9Q9DX73,291,98.3
A0A9Q9EIM0,309,97.2
A0A9Q9EMM3,352,70.9
A0A9Q9EQ81,308,97.6
A0A9Q9RDA1,211,82.4
A0A9Q9RQ73,232,92.9
A0A9Q9RSP5,422,94.2
A0A9Q9U517,162,96.1
A0A9Q9U5K6,218,83.9
A0A9Q9XXG6,464,90.3
A0A9Q9YW72,434,97.7
A0A9Q9YZM8,437,96.9
A0A9Q9ZGG3,435,97.1
A0A9R0A7D8,429,94.3
A0A9R0B545,447,83.1
A0A9R0IY42,299,96.3
A0A9R0JDF9,324,94.1
A0A9R0JWR5,327,96.6
A0A9R0K4G1,324,96.3
A0A9R0TD02,332,95.0
A0A9R0UMH3,298,96.9
A0A9R0VMT2,275,89.4
A0A9R0YDQ5,225,86.8
A0A9R0YEI1,336,92.2
A0A9R1AFE9,331,96.4
A0A9R1B6K4,334,93.2
A0A9R1B6K6,336,91.6
A0A9R1B6K8,336,91.9
A0A9R1E5C8,298,97.0
A0A9R1EIN1,297,97.0
A0A9R1EIT3,297,97.1
A0A9R1EJ93,298,96.7
A0A9R1EY78,298,96.5
A0A9R1FRE5,334,95.8
A0A9R1GYY0,331,96.4
A0A9R1HB81,331,96.4
A0A9R1I418,324,92.0
A0A9R1J4H2,297,96.6
A0A9R1JIN1,297,96.8
A0A9R1KF29,273,84.3
A0A9R1KJB3,257,88.2
A0A9R1L8W7,256,82.4
A0A9R1L9B2,323,92.4
A0A9R1LFS0,331,91.6
A0A9R1LQH9,343,91.2
A0A9R1N0A3,274,90.4
A0A9R1NA08,118,79.3
A0A9R1P4L8,56,48.1
A0A9R1P4R9,152,93.4
A0A9R1PYR0,298,96.8
A0A9R1QY75,332,95.8
A0A9R1RCW1,297,96.7
A0A9R1RCW5,285,89.3
A0A9R1RCX2,298,97.2
A0A9R1SCF6,381,97.0
A0A9R1SHT6,435,97.1
A0A9R1SQ36,438,97.1
A0A9R1SQ40,361,97.0
A0A9R1UC94,339,93.0
A0A9R1UHH1,65,80.0
A0A9R1UJ65,152,89.7
A0A9R1UJQ2,325,95.1
A0A9R1UL28,305,95.6
A0A9R1VK83,329,96.2
A0A9R1VMH5,332,96.2
A0A9R1VSG5,323,97.2
A0A9R1VVV1,323,97.2
A0A9R1WUM3,306,92.6
A0A9R1X4K9,337,95.4
A0A9U8DXM5,338,92.5
A0A9U8DXQ3,337,92.7
A0A9U8DY29,341,92.7
A0A9U8EAI5,344,92.5
A0A9V1DZN6,353,97.6
A0A9V1FC03,430,97.0
A0A9V1FMI4,432,97.9
A0A9V1FMJ0,430,98.0
A0A9W2WVK1,333,97.4
A0A9W3AFG7,345,92.2
A0A9W3AZ70,278,95.8
A0A9W3BB61,338,86.8
A0A9W3BB75,358,89.7
A0A9W3BCD9,344,92.7
A0A9W3BCI9,331,91.3
A0A9W3BCN2,324,92.3
A0A9W3BCU0,336,92.4
A0A9W3BCU2,357,92.7
A0A9W3BCU8,316,91.6
A0A9W3BCV1,343,92.2
A0A9W3EW42,431,94.8
A0A9W3FDV3,353,97.6
A0A9W3FEM3,432,98.1
A0A9W3GC21,354,89.5
A0A9W3GC27,348,90.1
A0A9W3GCH7,355,89.4
A0A9W3GCU8,348,84.9
A0A9W4D314,350,93.9
A0A9W4D5A3,396,93.0
A0A9W4DAM0,369,93.7
A0A9W4DT80,285,97.2
A0A9W4H4A5,276,94.9
A0A9W4HEC1,370,97.2
A0A9W4HW57,71,81.3
A0A9W4I4T6,365,97.9
A0A9W4I5L0,325,95.4
A0A9W4ICI5,400,90.6
A0A9W4IER4,628,86.7
A0A9W4IGU5,325,95.3
A0A9W4ITN2,277,97.3
A0A9W4J4I1,395,92.4
A0A9W4J7U1,370,97.1
A0A9W4J8D8,365,98.0
A0A9W4JA98,325,96.5
A0A9W4JE16,327,97.3
A0A9W4JG41,370,77.1
A0A9W4JHD5,370,97.1
A0A9W4JVM2,365,97.8
A0A9W4K371,370,76.6
A0A9W4K5R5,365,97.9
A0A9W4K739,370,97.4
A0A9W4KMZ8,331,85.9
A0A9W4MKU2,397,92.2
A0A9W4MRV1,370,97.1
A0A9W4MS56,340,93.4
A0A9W4N3X6,342,94.0
A0A9W4N6M1,277,96.3
A0A9W4N770,608,77.9
A0A9W4NEI9,370,97.1
A0A9W4NRY7,327,97.3
A0A9W4P0A3,316,82.2
A0A9W4P6W2,323,95.1
A0A9W4P7V8,382,79.0
A0A9W4RI69,307,97.0
A0A9W4RJ00,237,82.0
A0A9W4RJE0,280,97.0
A0A9W4RK36,293,97.6
A0A9W4RK77,314,92.7
A0A9W4RKT0,357,97.7
A0A9W4RLP0,352,97.8
A0A9W4RLU3,312,89.6
A0A9W4RLV9,289,97.5
A0A9W4RNJ6,363,97.6
A0A9W4RQG2,357,97.2
A0A9W4RR43,376,96.5
A0A9W4RSM2,177,76.9
A0A9W4RTB4,317,81.5
A0A9W4RU36,359,97.9
A0A9W4RVR6,265,57.5
A0A9W4RYF5,373,97.9
A0A9W4RYP5,383,96.8
A0A9W4RYS6,341,92.0
A0A9W4S0R7,255,98.3
A0A9W4S0T6,304,97.9
A0A9W4S0U5,325,77.5
A0A9W4S5A8,114,93.9
A0A9W4S7Y3,103,97.3
A0A9W4S8L0,143,91.2
A0A9W4S908,165,88.0
A0A9W4TN48,293,97.2
A0A9W4U1W2,319,97.1
A0A9W4U6X2,343,97.0
A0A9W4U7M0,357,97.0
A0A9W4U7S0,327,92.6
A0A9W4UAS1,345,96.3
A0A9W4UC03,247,68.0
A0A9W4UEF7,306,95.4
A0A9W4UGG0,330,97.6
A0A9W4UH15,353,83.6
A0A9W4UHT5,368,95.9
A0A9W4ULZ7,362,97.2
A0A9W4UMN1,155,86.3
A0A9W4W3D5,412,76.5
A0A9W4W5A5,562,87.8
A0A9W4W5F9,361,92.1
A0A9W4W5M6,345,82.5
A0A9W4W651,353,96.3
A0A9W4W6D4,382,96.3
A0A9W4W8U2,314,97.9
A0A9W4WDH8,310,94.3
A0A9W4WDL8,314,97.5
A0A9W4WDT6,317,95.6
A0A9W4XG49,404,92.3
A0A9W4XKP6,435,80.3
A0A9W4XMS3,323,96.8
A0A9W4XQ73,361,97.0
A0A9W4XQI1,350,97.8
A0A9W4XVH1,343,97.8
A0A9W4XVM8,311,98.0
A0A9W4XWD3,333,94.6
A0A9W4XZG3,377,96.4
A0A9W5YKL4,365,97.5
A0A9W5YQX1,326,97.8
A0A9W5YXR1,302,97.4
A0A9W5YZ52,358,97.4
A0A9W5Z4D9,372,97.6
A0A9W5ZU18,289,97.1
A0A9W6AA96,358,97.1
A0A9W6ALU9,320,95.2
A0A9W6AN14,365,97.5
A0A9W6ASD3,289,96.9
A0A9W6AV28,277,86.6
A0A9W6BSR9,119,72.2
A0A9W6BT77,329,84.4
A0A9W6BXF2,291,87.4
A0A9W6C0G6,436,77.7
A0A9W6DIJ1,289,97.0
A0A9W6DPE6,372,97.9
A0A9W6F603,147,66.8
A0A9W6TH33,232,80.3
A0A9W6TPR0,346,93.8
A0A9W6U6E5,343,96.4
A0A9W6UAD4,284,76.7
A0A9W6UBD6,324,89.9
A0A9W6WLY5,323,97.4
A0A9W6X3V4,266,63.8
A0A9W6X5Y7,328,97.5
A0A9W6X5Y8,330,97.4
A0A9W6X9Y3,483,79.1
A0A9W6X9Y5,544,78.0
A0A9W6X9Y8,391,92.6
A0A9W6YBJ6,368,95.2
A0A9W7CFU9,430,78.3
A0A9W7CJI0,319,96.8
A0A9W7CLG6,322,97.3
A0A9W7D529,161,97.1
A0A9W7D861,138,85.9
A0A9W7GT20,332,95.5
A0A9W7H895,318,97.1
A0A9W7H930,333,97.3
A0A9W7H9J2,333,96.1
A0A9W7HAY0,327,95.4
A0A9W7HBI0,331,97.4
A0A9W7IEX3,354,92.6
A0A9W7IQQ8,326,96.7
A0A9W7ISR7,326,96.0
A0A9W7JII4,348,91.5
A0A9W7JLJ4,317,90.8
A0A9W7LP53,310,81.4
A0A9W7MS00,329,97.0
A0A9W7MUS4,330,96.3
A0A9W7SKI7,349,95.8
A0A9W7SSJ9,293,75.9
A0A9W7SUG4,284,97.8
A0A9W7T0I7,242,93.4
A0A9W7TKM7,431,97.6
A0A9W7W359,374,95.6
A0A9W7W6F9,377,96.0
A0A9W7WUE2,429,94.8
A0A9W7XIT0,261,97.4
A0A9W7XIT1,252,96.4
A0A9W7XK53,253,97.3
A0A9W7XMR5,254,97.3
A0A9W7XTH6,279,94.3
A0A9W7XXU6,256,98.4
A0A9W7Y2H5,256,98.2
A0A9W7Y2H7,248,98.1
A0A9W7Y720,256,97.4
A0A9W7Y8G3,484,80.8
A0A9W7Y975,250,98.3
A0A9W7YAN3,276,95.4
A0A9W7ZKP7,263,93.4
A0A9W7ZRQ5,511,71.4
A0A9W7ZSS9,253,98.2
A0A9W7ZTN6,254,96.6
A0A9W7ZUT9,254,97.5
A0A9W7ZW57,483,66.2
A0A9W7ZWB9,256,97.7
A0A9W7ZWE7,259,93.6
A0A9W7ZWU4,247,95.9
A0A9W7ZY02,253,98.2
A0A9W7ZYH1,266,96.7
A0A9W7ZYI4,263,95.4
A0A9W7ZZ73,251,88.7
A0A9W8A2L9,262,96.4
A0A9W8A5M2,255,97.0
A0A9W8ABZ6,254,95.7
A0A9W8ADV8,253,98.1
A0A9W8ALG9,252,95.7
A0A9W8AV15,256,85.4
A0A9W8B1Y4,258,93.5
A0A9W8B7N1,256,97.7
A0A9W8B7S7,277,97.1
A0A9W8B8N0,410,56.4
A0A9W8B9V6,253,95.8
A0A9W8BA39,250,98.1
A0A9W8BBF2,331,89.7
A0A9W8BF72,252,98.2
A0A9W8BFB3,87,96.8
A0A9W8BFC0,252,83.2
A0A9W8BGY4,248,97.4
A0A9W8BH04,251,97.4
A0A9W8BIN3,193,81.2
A0A9W8BKZ5,250,97.8
A0A9W8BLX1,83,96.7
A0A9W8C8D5,437,96.8
A0A9W8CC87,421,88.7
A0A9W8CIE1,265,96.5
A0A9W8CIZ3,252,98.3
A0A9W8CKH9,256,98.3
A0A9W8CKX1,256,97.7
A0A9W8CTV7,120,96.3
A0A9W8CUF5,253,97.6
A0A9W8CUL2,248,98.0
A0A9W8CUX1,265,96.9
A0A9W8CV89,252,98.5
A0A9W8CWN9,250,97.4
A0A9W8CXW5,253,97.5
A0A9W8CZ94,256,97.3
A0A9W8DLP7,254,97.6
A0A9W8DN30,250,95.5
A0A9W8DNF5,258,95.1
A0A9W8DNR2,254,98.0
A0A9W8DNV2,255,96.9
A0A9W8DQD6,256,96.7
A0A9W8DRK8,561,60.7
A0A9W8DS45,251,97.9
A0A9W8DSH3,271,96.5
A0A9W8DSU2,264,94.4
A0A9W8DT63,253,98.3
A0A9W8DW82,258,95.7
A0A9W8E3J8,253,96.3
A0A9W8E5U3,182,97.9
A0A9W8EDJ4,256,96.0
A0A9W8EE62,255,96.8
A0A9W8G307,376,88.1
A0A9W8G3D3,248,98.0
A0A9W8G3W1,220,91.3
A0A9W8G4N9,250,98.1
A0A9W8GDT7,253,97.3
A0A9W8GHU5,248,98.1
A0A9W8GII7,253,97.4
A0A9W8GJI5,264,96.9
A0A9W8GLD2,256,98.4
A0A9W8GLG1,252,97.8
A0A9W8GLQ1,257,97.6
A0A9W8GMY9,262,98.2
A0A9W8GQG9,269,96.7
A0A9W8GX65,253,97.3
A0A9W8GXD7,251,97.8
A0A9W8GXJ7,270,97.0
A0A9W8GZT3,257,96.5
A0A9W8H1R1,256,98.2
A0A9W8H453,252,98.3
A0A9W8H676,253,97.5
A0A9W8H6W1,250,97.5
A0A9W8H710,256,98.1
A0A9W8H7H3,248,98.1
A0A9W8HC00,257,97.8
A0A9W8HDB8,267,94.5
A0A9W8HDM0,250,98.0
A0A9W8HE08,252,98.3
A0A9W8HEI5,248,98.0
A0A9W8HFK5,253,97.4
A0A9W8HM54,262,96.5
A0A9W8HMD5,263,96.7
A0A9W8HND4,198,62.3
A0A9W8HQF2,256,97.2
A0A9W8HQF8,248,97.6
A0A9W8HTJ6,252,98.5
A0A9W8HUC0,120,97.5
A0A9W8I1Q0,269,94.9
A0A9W8I809,395,83.1
A0A9W8IAJ7,256,97.8
A0A9W8ID80,372,90.2
A0A9W8IDD7,250,97.8
A0A9W8IG38,257,96.3
A0A9W8IGJ8,274,95.4
A0A9W8II49,252,98.2
A0A9W8IJD5,248,97.7
A0A9W8ILC5,256,98.5
A0A9W8INL8,369,88.0
A0A9W8IQ27,270,97.0
A0A9W8IT97,253,97.8
A0A9W8IWH2,296,95.1
A0A9W8IZ86,220,88.4
A0A9W8J0U2,171,77.6
A0A9W8JCE4,114,78.0
A0A9W8JDP5,295,97.2
A0A9W8JDQ7,294,97.8
A0A9W8JJP2,300,97.6
A0A9W8JZ59,309,92.8
A0A9W8KWI7,272,97.2
A0A9W8KYY9,252,98.1
A0A9W8L019,284,94.8
A0A9W8LCD0,328,90.8
A0A9W8LCZ0,226,94.3
A0A9W8LDC9,250,97.9
A0A9W8LDM7,256,98.5
A0A9W8LII4,253,95.2
A0A9W8LKD4,256,97.4
A0A9W8LSU1,251,97.6
A0A9W8LU49,256,98.2
A0A9W8LUA5,262,96.2
A0A9W8M1M6,250,95.2
A0A9W8M233,255,98.0
A0A9W8M3B5,253,97.9
A0A9W8M3P6,250,97.9
A0A9W8M545,248,97.8
A0A9W8M5N8,252,96.1
A0A9W8M6D4,251,97.5
A0A9W8M9A3,301,97.7
A0A9W8M9A6,313,93.7
A0A9W8MAQ6,319,94.1
A0A9W8MBN2,230,87.7
A0A9W8MCH9,246,90.3
A0A9W8MD97,345,96.9
A0A9W8MDH6,136,67.1
A0A9W8MFY6,312,97.5
A0A9W8MIM1,171,81.5
A0A9W8MZJ6,322,96.0
A0A9W8MZK8,300,97.8
A0A9W8N063,317,94.7
A0A9W8N7V4,271,98.0
A0A9W8N878,327,98.0
A0A9W8NKU9,297,94.5
A0A9W8NKV1,358,97.2
A0A9W8NLI6,320,94.9
A0A9W8NZF7,330,98.4
A0A9W8NZJ0,339,97.6
A0A9W8PGS0,319,97.7
A0A9W8PH15,362,96.8
A0A9W8PHB8,276,96.7
A0A9W8PIA0,360,96.8
A0A9W8PIJ9,242,91.4
A0A9W8PIM9,305,97.6
A0A9W8PJE9,300,90.6
A0A9W8PN59,400,90.2
A0A9W8PNW4,352,97.5
A0A9W8PPH3,372,96.6
A0A9W8PZ63,281,96.7
A0A9W8Q159,406,92.8
A0A9W8Q689,171,60.8
A0A9W8QE01,347,92.2
A0A9W8QL67,329,93.6
A0A9W8QW35,390,82.3
A0A9W8QX66,274,93.8
A0A9W8QYG2,277,72.4
A0A9W8QYV2,367,97.2
A0A9W8QZZ2,202,72.6
A0A9W8R7R4,454,86.3
A0A9W8R9U3,388,96.6
A0A9W8RDP3,352,97.9
A0A9W8RG83,396,85.9
A0A9W8RLY5,232,90.8
A0A9W8RNA8,249,88.6
A0A9W8RRK0,185,66.2
A0A9W8RTL8,319,97.4
A0A9W8RVI0,275,98.1
A0A9W8RVS5,191,66.4
A0A9W8S551,324,69.2
A0A9W8TES0,319,96.2
A0A9W8TF15,305,97.2
A0A9W8TJD2,274,79.3
A0A9W8TMK2,356,91.4
A0A9W8TP86,176,88.6
A0A9W8TQB9,318,88.8
A0A9W8TQN1,261,96.5
A0A9W8TXL8,362,95.7
A0A9W8U1T8,330,98.3
A0A9W8U4P3,291,94.7
A0A9W8U7F8,279,96.4
A0A9W8UFH3,399,88.4
A0A9W8UHB4,118,71.5
A0A9W8UQ41,347,97.3
A0A9W8URT5,170,89.3
A0A9W8V2T7,372,97.0
A0A9W8V6W5,446,89.9
A0A9W8V7S4,311,92.6
A0A9W8V905,304,98.1
A0A9W8V9F6,360,97.0
A0A9W8VAU3,260,87.2
A0A9W8VDW0,374,96.4
A0A9W8VIW2,375,92.4
A0A9W8VKQ3,352,97.6
A0A9W8W7V2,393,91.9
A0A9W8W9H5,398,88.6
A0A9W8WAA0,388,95.9
A0A9W8WCQ7,450,85.8
A0A9W8WRW0,262,72.2
A0A9W8WRY4,385,97.5
A0A9W8WWN8,279,97.2
A0A9W8WY18,270,98.0
A0A9W8X1Z9,384,96.4
A0A9W8X6H4,348,95.4
A0A9W8X6S1,375,97.5
A0A9W8X8A4,354,96.9
A0A9W8XA26,375,92.9
A0A9W8XCZ5,387,86.9
A0A9W8XD27,368,95.7
A0A9W8XEL1,376,94.0
A0A9W8XEU0,206,74.8
A0A9W8XN80,117,72.5
A0A9W8XQ27,354,96.0
A0A9W8XR00,319,92.8
A0A9W8XTL6,360,93.7
A0A9W8XU64,338,87.1
A0A9W8XWX0,373,87.0
A0A9W8XZ70,122,92.9
A0A9W8XZL5,328,94.1
A0A9W8Y1I7,158,91.0
A0A9W8Y3W7,216,77.8
A0A9W8Y5I7,371,98.2
A0A9W8Y7G3,290,82.3
A0A9W8Y9C3,329,93.5
A0A9W8YBI1,210,92.1
A0A9W8YM87,303,97.9
A0A9W8YXT2,373,97.7
A0A9W8YXX2,299,96.0
A0A9W8YXY3,323,97.8
A0A9W8Z0P1,291,98.1
A0A9W8Z280,339,92.3
A0A9W8Z3C7,396,95.2
A0A9W8Z679,386,96.4
A0A9W8Z6D9,365,98.0
A0A9W8Z6Z9,322,98.0
A0A9W8Z7W4,270,98.3
A0A9W8Z825,270,98.0
A0A9W8Z878,45,92.6
A0A9W8Z8L2,363,97.7
A0A9W8ZC90,357,97.4
A0A9W8ZCF3,577,74.2
A0A9W8ZG55,95,87.0
A0A9W8ZM31,371,97.2
A0A9W8ZMJ0,342,97.4
A0A9W8ZND0,348,94.7
A0A9W8ZT19,192,72.3
A0A9W8ZTR0,228,57.9
A0A9W8ZZ49,361,96.6
A0A9W9ADI1,246,70.2
A0A9W9AEE6,349,84.8
A0A9W9AEH3,341,79.7
A0A9W9AEI2,313,85.3
A0A9W9AEP8,342,90.0
A0A9W9AER9,334,88.9
A0A9W9B374,353,97.9
A0A9W9BTC6,352,97.7
A0A9W9BUC3,289,95.3
A0A9W9BUQ9,375,96.8
A0A9W9BV63,368,95.6
A0A9W9BVW0,291,98.2
A0A9W9BWR9,72,94.7
A0A9W9BX90,100,95.2
A0A9W9BXK3,209,83.9
A0A9W9BY78,310,88.4
A0A9W9BZ07,348,91.9
A0A9W9C0T7,371,97.5
A0A9W9C139,363,97.4
A0A9W9C1U5,247,80.4
A0A9W9C266,365,98.0
A0A9W9C3U8,350,89.5
A0A9W9C646,317,96.0
A0A9W9C6W5,186,84.9
A0A9W9C7S7,166,91.9
A0A9W9CA76,257,97.1
A0A9W9CD07,325,92.5
A0A9W9CFW5,317,96.0
A0A9W9CGF6,306,98.0
A0A9W9CGZ8,229,94.8
A0A9W9CIW1,348,95.8
A0A9W9CJW6,366,96.9
A0A9W9CXX3,368,97.5
A0A9W9CZN4,310,97.6
A0A9W9D2U7,324,97.7
A0A9W9D376,168,91.8
A0A9W9D4J4,325,97.2
A0A9W9D6P8,350,89.1
A0A9W9D7K1,290,96.6
A0A9W9DAH2,361,98.3
A0A9W9DCX7,354,97.0
A0A9W9DDH6,267,90.2
A0A9W9DF90,265,78.7
A0A9W9DGF5,339,97.2
A0A9W9DPG2,103,86.8
A0A9W9DPG6,360,88.3
A0A9W9DPS7,136,70.0
A0A9W9DQ39,344,94.1
A0A9W9DSJ3,161,96.7
A0A9W9DSP4,330,98.3
A0A9W9DVJ1,361,94.5
A0A9W9DWD5,161,95.8
A0A9W9E068,330,98.1
A0A9W9E8A8,356,93.1
A0A9W9EVY9,789,84.6
A0A9W9EXD0,377,96.3
A0A9W9F523,390,95.5
A0A9W9F5X8,135,66.7
A0A9W9F9P6,405,90.7
A0A9W9FEI0,405,90.7
A0A9W9FGB9,325,98.3
A0A9W9FPD6,331,96.3
A0A9W9FYQ5,371,96.3
A0A9W9G6A9,386,92.6
A0A9W9GLG0,215,67.9
A0A9W9H0G7,386,90.6
A0A9W9HCH3,368,97.0
A0A9W9HKK0,404,87.3
A0A9W9I0C8,311,98.1
A0A9W9I4A4,380,95.7
A0A9W9I7I3,322,96.3
A0A9W9ICD9,357,97.7
A0A9W9IP98,252,89.5
A0A9W9IRY5,267,95.5
A0A9W9J9H4,323,95.2
A0A9W9JCQ1,370,97.1
A0A9W9JLG4,319,93.4
A0A9W9K980,228,92.4
A0A9W9KHA6,383,96.6
A0A9W9KQ89,323,95.7
A0A9W9KVU4,322,97.2
A0A9W9L8K5,386,92.5
A0A9W9LFN6,316,88.9
A0A9W9LGF4,289,98.1
A0A9W9LNB7,248,84.9
A0A9W9LT61,398,76.7
A0A9W9LWM2,313,97.2
A0A9W9MFP2,405,92.1
A0A9W9MGJ8,386,90.9
A0A9W9N0P6,322,95.6
A0A9W9N1S5,321,91.9
A0A9W9N8A6,370,96.9
A0A9W9NGR8,373,88.0
A0A9W9NW18,393,92.0
A0A9W9P2T6,140,69.8
A0A9W9P5C6,314,93.5
A0A9W9P8I5,318,64.1
A0A9W9PRL5,350,92.9
A0A9W9PSV7,322,96.2
A0A9W9Q612,401,81.3
A0A9W9QHI7,322,96.1
A0A9W9QJG2,371,89.3
A0A9W9QKL9,370,97.2
A0A9W9QPK0,298,92.2
A0A9W9QPS8,371,82.5
A0A9W9QQ36,364,97.5
A0A9W9R1E7,326,96.8
A0A9W9REJ0,322,94.4
A0A9W9RKR2,326,96.9
A0A9W9RTH9,276,89.5
A0A9W9RXP9,323,96.5
A0A9W9SAV8,310,97.6
A0A9W9SI09,288,93.3
A0A9W9T4Q6,267,97.7
A0A9W9TGV0,353,93.4
A0A9W9UJR9,370,97.3
A0A9W9UKW6,401,82.1
A0A9W9V833,312,98.2
A0A9W9V902,370,96.9
A0A9W9VAU9,321,95.6
A0A9W9VBH4,397,91.4
A0A9W9VFI7,289,97.5
A0A9W9VK00,319,92.5
A0A9W9VMQ4,329,96.6
A0A9W9VQP3,201,94.0
A0A9W9VX18,258,68.7
A0A9W9W781,353,88.3
A0A9W9W8Y3,304,97.5
A0A9W9WHE0,323,94.9
A0A9W9WI57,323,95.3
A0A9W9WQE3,397,91.8
A0A9W9XI78,410,90.5
A0A9W9XIS7,240,76.7
A0A9W9XIV4,273,90.7
A0A9W9Y485,321,95.4
A0A9W9YAU2,274,90.3
A0A9W9YJZ6,199,74.4
A0A9W9YWM0,286,74.0
A0A9W9YWR8,227,81.1
A0A9W9YWV3,252,96.7
A0A9W9ZC34,203,79.8
A0A9W9ZN04,179,95.5
A0A9W9ZN23,286,92.5
A0A9W9ZN60,243,87.6
A0A9W9ZU34,268,86.0
A0A9X0AFE6,101,69.9
A0A9X0AFN1,347,95.2
A0A9X0AKT3,369,95.7
A0A9X0AKU8,266,97.1
A0A9X0ASC0,272,68.7
A0A9X0ASR5,352,97.4
A0A9X0ATH4,322,91.0
A0A9X0AVS6,312,79.0
A0A9X0AWT8,350,98.2
A0A9X0AXG5,280,91.6
A0A9X0B6T6,106,86.2
A0A9X0B7D7,373,95.2
A0A9X0B8V7,380,88.8
A0A9X0BDN5,399,91.7
A0A9X0BLC2,274,96.0
A0A9X0BRX4,404,90.9
A0A9X0BTF6,370,97.2
A0A9X0BU96,305,94.3
A0A9X0BXG8,269,94.1
A0A9X0C4D4,243,89.9
A0A9X0C4Y4,370,97.0
A0A9X0C7S2,288,96.8
A0A9X0CDF4,125,96.7
A0A9X0CXD2,297,67.8
A0A9X0D2N8,69,92.4
A0A9X0DPC2,345,96.2
A0A9X0DR84,352,96.8
A0A9X0YEF1,225,72.3
A0A9X1P2F6,538,80.1
A0A9X1PVV9,270,98.4
A0A9X1PZH8,283,97.8
A0A9X1T348,293,95.5
A0A9X1U998,309,93.4
A0A9X1YW86,311,96.6
A0A9X2E6U5,286,94.9
A0A9X2LCT7,279,97.9
A0A9X2LGL6,271,98.6
A0A9X3BCJ2,280,97.9
A0A9X4BLL3,271,97.7
A0A9X4BM46,277,94.5
A0A9X4D7M1,312,96.1
A0A9X4I0A2,312,97.0
A0A9X4LG23,311,96.5
A0A9X5E3I9,297,92.9
A0A9X5I711,344,96.7
A0A9X6G301,236,98.0
A0A9X7JHZ5,270,98.6
A0A9X8DJ14,105,91.8
A0A9X8DM16,226,84.0
A0A9X8DRP4,252,96.9
A0A9X8E272,346,81.4
A0A9X8E5P1,223,87.5
A0A9X8E6T3,184,72.1
A0A9X8ECT6,329,97.6
A0A9X8H3Z6,303,90.8
A0A9X8H6Q2,307,95.1
A0A9X8H7L7,277,89.7
A0A9X8HCW1,156,86.9
A0A9X8HDI2,401,89.6
A0A9X8N4J4,282,96.5
A0A9X9LJ82,353,97.5
A0A9X9M5H5,431,98.0
A0A9X9MJ74,363,93.6
A0A9X9ML18,366,93.7
A0A9X9ML42,396,93.0
A0A9Y3QLZ8,432,95.7
A0A9Y3RP58,434,98.0
A0A9Y3RZM7,430,97.5
A0A9Y3VLX9,430,97.6
A0A9Y4MXT7,352,97.6
A0AA35K588,430,97.0
A0AA35LJ97,437,97.2
A0AA35LP94,361,96.9
A0AA35LYT4,293,97.5
A0AA35M0Q8,214,79.1
A0AA35M0V9,316,71.9
A0AA35M5E3,380,96.5
A0AA35M5L0,356,94.6
A0AA35M5S2,103,96.4
A0AA35M6L0,370,91.8
A0AA35M877,360,97.1
A0AA35MFR4,363,96.1
A0AA35MIP6,337,79.0
A0AA35P3B8,431,98.0
A0AA35QCX9,319,97.8
A0AA35QEN2,361,96.8
A0AA35QFT7,269,92.2
A0AA35SAR7,245,84.6
A0AA35SFX9,458,87.7
A0AA35SH85,457,89.7
A0AA35SHT0,170,49.5
A0AA35T5H2,257,87.0
A0AA35TLZ1,412,87.8
A0AA35V075,370,82.3
A0AA35VL53,302,98.2
A0AA35VLX0,334,92.4
A0AA35WPV6,467,86.3
A0AA35WQU1,272,89.2
A0AA35WWP0,381,75.5
A0AA35XE69,257,85.7
A0AA35YT50,323,97.1
A0AA35Z755,329,96.0
A0AA35ZVF9,301,96.0
A0AA36A3D3,325,95.0
A0AA36A4X1,347,93.4
A0AA36A5G4,305,95.6
A0AA36AL71,208,88.0
A0AA36APU2,346,74.5
A0AA36APU9,305,70.5
A0AA36ASM0,355,88.8
A0AA36BKN0,426,96.1
A0AA36CJM2,245,83.8
A0AA36CM18,360,91.2
A0AA36CMA4,258,83.3
A0AA36CPY3,213,58.6
A0AA36CRJ7,238,78.9
A0AA36CRN2,234,87.3
A0AA36CRZ2,341,95.3
A0AA36CWW9,359,87.2
A0AA36D744,303,96.6
A0AA36DDA1,327,90.9
A0AA36DH95,391,93.3
A0AA36DI36,336,87.9
A0AA36DR08,327,93.3
A0AA36DTJ8,336,96.4
A0AA36DUE9,347,91.4
A0AA36E1F1,323,96.9
A0AA36E2Q3,330,97.1
A0AA36EFV6,340,94.2
A0AA36EFX9,180,64.7
A0AA36EGP3,321,83.1
A0AA36EPQ4,355,93.8
A0AA36EZL7,212,75.2
A0AA36G173,326,97.1
A0AA36G5K1,345,90.2
A0AA36G6E6,400,90.6
A0AA36G6L3,104,92.5
A0AA36GA08,360,91.2
A0AA36GE87,346,92.9
A0AA36GQX1,357,92.0
A0AA36GRQ4,364,91.4
A0AA36GRR6,366,90.1
A0AA36GUA4,381,87.4
A0AA36H9G9,368,92.9
A0AA36I6Q6,355,95.3
A0AA36I6U4,355,96.2
A0AA36JDY3,358,82.7
A0AA36JF65,529,88.1
A0AA36JK50,379,94.9
A0AA36JMX8,355,96.4
A0AA36M026,353,94.5
A0AA36MAG6,342,93.6
A0AA36MVQ5,355,96.0
A0AA37GCS8,348,93.4
A0AA37GDQ9,355,97.7
A0AA37GMW0,143,89.2
A0AA37GNE0,376,94.1
A0AA37GRR7,336,98.2
A0AA37GSS8,340,74.8
A0AA37GXI2,389,86.0
A0AA37H087,215,96.1
A0AA37H117,336,74.2
A0AA37L8J5,399,88.9
A0AA37L8S5,338,88.4
A0AA37L988,210,90.4
A0AA37LAK4,224,62.6
A0AA37LB66,374,95.6
A0AA37LBJ4,233,80.7
A0AA37LBN0,366,87.4
A0AA37LFE2,155,70.0
A0AA37LRM6,306,85.6
A0AA37LSP4,375,98.2
A0AA37LUW3,370,95.6
A0AA37LWA4,416,73.9
A0AA37P7R2,342,71.4
A0AA37P8W3,354,94.6
A0AA37PA01,331,59.8
A0AA37PB89,389,87.3
A0AA37PHD0,172,84.2
A0AA37PHL4,161,96.5
A0AA37PI44,136,92.0
A0AA37URQ3,375,98.0
A0AA37US05,185,50.4
A0AA38C4G8,292,97.3
A0AA38CNX4,326,95.9
A0AA38CVL5,324,91.4
A0AA38F4V6,326,96.6
A0AA38FN26,354,87.4
A0AA38J821,45,68.5
A0AA38J8C1,339,97.6
A0AA38JMF4,361,95.3
A0AA38JNP9,330,98.3
A0AA38KVA4,330,98.2
A0AA38MW00,157,90.4
A0AA38NMR0,348,94.7
A0AA38NNV5,339,96.3
A0AA38NPT6,362,95.6
A0AA38P9M6,330,98.2
A0AA38PLT2,360,94.9
A0AA38PZP5,339,97.5
A0AA38Q2J7,330,98.3
A0AA38R0Z2,332,55.6
A0AA38R1L0,322,97.3
A0AA38RAI0,247,93.2
A0AA38RBN8,324,94.3
A0AA38RCX9,362,97.9
A0AA38RD10,343,98.2
A0AA38RDI6,226,90.9
A0AA38RGD2,379,94.5
A0AA38RKN2,324,97.6
A0AA38RL25,268,98.2
A0AA38RLD9,272,97.7
A0AA38RMA6,353,97.1
A0AA38RRE5,352,98.4
A0AA38RS44,325,98.1
A0AA38RX46,369,98.0
A0AA38S150,325,97.5
A0AA38SF96,315,98.2
A0AA38TB77,336,94.4
A0AA38TIK8,358,94.3
A0AA38USU6,354,95.8
A0AA38VBY0,372,97.3
A0AA38VH97,354,95.9
A0AA38VRT5,372,96.2
A0AA38VSJ3,375,95.9
A0AA38W271,371,95.1
A0AA38W327,341,93.6
A0AA38WAD9,325,96.9
A0AA38WJC1,323,96.7
A0AA38XLQ2,289,72.8
A0AA38XND7,323,97.5
A0AA38XQF2,323,97.3
A0AA38XSV5,197,82.0
A0AA38XVF3,257,89.5
A0AA38XXB7,358,97.2
A0AA38Y2G0,370,93.8
A0AA38Y990,291,92.3
A0AA38YDK5,338,97.0
A0AA38ZJU6,330,96.2
A0AA38ZJU9,337,96.2
A0AA38ZK36,326,67.8
A0AA38ZLG5,336,97.6
A0AA39ABW5,327,96.0
A0AA39AG55,292,74.3
A0AA39CFY0,401,79.9
A0AA39CUU5,348,97.3
A0AA39CZD0,359,98.1
A0AA39G9F2,280,98.1
A0AA39G9M2,358,97.1
A0AA39GBS1,360,97.2
A0AA39GDC6,355,97.1
A0AA39GF27,384,91.5
A0AA39GI28,366,95.3
A0AA39GKB8,315,98.1
A0AA39GKD3,296,98.0
A0AA39GKR5,276,96.5
A0AA39GRF5,321,98.1
A0AA39H2D9,305,98.3
A0AA39H3A8,349,95.8
A0AA39H4D1,357,90.3
A0AA39H4E0,357,92.3
A0AA39H583,357,90.2
A0AA39H653,357,90.2
A0AA39HID6,257,92.0
A0AA39I4B6,360,90.5
A0AA39I9V7,357,94.1
A0AA39IA69,357,93.5
A0AA39IBU8,306,95.5
A0AA39ICK3,319,95.3
A0AA39IME2,362,95.8
A0AA39J2D7,287,97.7
A0AA39J5B7,287,97.6
A0AA39J6T1,287,96.9
A0AA39J8P7,283,86.8
A0AA39JBC8,283,98.0
A0AA39JGX0,288,98.0
A0AA39JL40,283,97.5
A0AA39JLX0,283,98.2
A0AA39JQW3,338,97.4
A0AA39JTQ7,283,97.9
A0AA39JWK2,361,92.2
A0AA39JYE4,340,96.9
A0AA39K478,285,98.5
A0AA39K6Q5,288,97.5
A0AA39K704,331,98.2
A0AA39L4Z1,162,85.1
A0AA39L820,331,96.6
A0AA39LAW8,313,97.2
A0AA39LBY8,376,95.6
A0AA39LCB9,310,98.3
A0AA39LHK4,305,98.3
A0AA39LHZ4,305,98.3
A0AA39M604,317,96.4
A0AA39MI04,277,82.7
A0AA39MK51,287,94.1
A0AA39MKF8,288,95.9
A0AA39MU98,283,98.2
A0AA39MWI5,283,97.5
A0AA39MY69,336,93.0
A0AA39MYU6,334,97.8
A0AA39N1I9,288,97.6
A0AA39N2J9,283,98.3
A0AA39NA09,297,97.4
A0AA39NBN4,194,77.2
A0AA39NL84,295,97.9
A0AA39NQW6,343,95.3
A0AA39NSS0,287,97.8
A0AA39NST2,264,90.5
A0AA39NTJ8,284,90.6
A0AA39P0I2,287,97.9
A0AA39P110,283,97.7
A0AA39P123,283,98.2
A0AA39P270,297,95.6
A0AA39P271,311,91.4
A0AA39P499,331,98.4
A0AA39P9P0,354,96.4
A0AA39PA08,326,88.3
A0AA39PAX5,283,98.1
A0AA39PIA9,334,97.8
A0AA39PK06,343,95.0
A0AA39PN87,288,98.3
A0AA39PUX9,285,98.5
A0AA39PWI9,283,97.7
A0AA39Q2D4,288,98.1
A0AA39Q3E3,343,95.8
A0AA39Q9J3,275,94.3
A0AA39QBA4,297,97.4
A0AA39QC71,337,97.1
A0AA39QES7,343,95.7
A0AA39QGQ6,283,97.8
A0AA39QMY4,216,88.9
A0AA39QNZ1,280,96.5
A0AA39QZS5,163,93.8
A0AA39R8U1,360,96.5
A0AA39RRG0,330,97.1
A0AA39T760,334,97.1
A0AA39T9Y6,287,97.2
A0AA39TCK8,357,97.2
A0AA39TQ36,283,98.1
A0AA39TVF5,320,88.4
A0AA39TW36,365,98.4
A0AA39TZK4,245,93.3
A0AA39U5F4,375,96.8
A0AA39U618,272,95.7
A0AA39UC92,283,97.7
A0AA39UP08,262,96.5
A0AA39UQR7,317,97.0
A0AA39UYF8,285,98.4
A0AA39UYT5,215,82.2
A0AA39UZS7,348,93.3
A0AA39V9H1,217,81.7
A0AA39W9W6,336,97.9
A0AA39WAN3,330,86.8
A0AA39WBW2,365,98.3
A0AA39WCE6,267,97.7
A0AA39WCT5,784,70.4
A0AA39WDQ3,387,96.8
A0AA39WDR7,268,96.0
A0AA39WDV1,269,98.1
A0AA39WFD7,262,97.2
A0AA39WGU1,243,68.0
A0AA39WH16,288,96.8
A0AA39WJQ3,356,97.7
A0AA39WK76,311,98.3
A0AA39WKY8,326,68.2
A0AA39WL81,320,94.0
A0AA39WLS3,266,96.6
A0AA39WML9,408,92.2
A0AA39WNN7,502,71.2
A0AA39WNX7,275,97.3
A0AA39WQC5,275,96.4
A0AA39WQN3,329,86.4
A0AA39WR87,277,97.4
A0AA39WSH5,295,77.3
A0AA39WSZ2,373,97.0
A0AA39WVQ1,376,97.5
A0AA39WW28,320,97.0
A0AA39WWK0,368,97.2
A0AA39WY20,274,98.1
A0AA39WYI1,297,97.9
A0AA39WZB5,333,98.1
A0AA39X068,267,78.7
A0AA39X1U3,371,97.5
A0AA39X298,143,59.5
A0AA39X2C0,260,83.8
A0AA39X441,304,87.7
A0AA39X4X9,316,96.5
A0AA39X664,304,96.5
A0AA39X8F2,384,81.4
A0AA39X9S0,106,85.1
A0AA39XD07,299,86.7
A0AA39XF26,316,97.6
A0AA39XF85,392,92.8
A0AA39XFD4,329,94.6
A0AA39XH83,280,96.1
A0AA39XHI2,352,98.2
A0AA39XHP1,297,96.8
A0AA39XPR0,441,90.8
A0AA39XQ33,126,94.9
A0AA39XRS0,273,96.7
A0AA39XUM0,377,96.9
A0AA39XUQ1,114,64.3
A0AA39XY02,228,94.8
A0AA39XZX7,320,83.7
A0AA39Y2C8,313,98.1
A0AA39Y697,275,97.7
A0AA39Y7F5,348,97.4
A0AA39YAN0,380,97.0
A0AA39YC54,356,96.9
A0AA39YD30,313,97.9
A0AA39YEC9,399,90.8
A0AA39YGX5,293,97.3
A0AA39YIX0,362,97.6
A0AA39YM87,352,98.2
A0AA39YSG9,275,97.0
A0AA39YSP7,297,96.8
A0AA39YSX8,187,95.1
A0AA39YT88,366,94.3
A0AA39YTE5,359,95.2
A0AA39YTN9,330,89.3
A0AA39YU96,319,97.4
A0AA39YUL0,317,96.8
A0AA39YX85,350,95.3
A0AA39YXY8,220,83.9
A0AA39YZL0,323,88.0
A0AA39Z0T3,372,97.0
A0AA39Z3B2,404,89.2
A0AA39Z3M8,367,97.6
A0AA39Z569,365,96.2
A0AA39Z577,248,95.2
A0AA39Z580,394,92.0
A0AA39Z588,226,73.4
A0AA39Z5S0,360,97.8
A0AA39Z6W4,357,94.9
A0AA39Z979,315,97.1
A0AA39ZAI9,325,94.7
A0AA39ZBC6,311,98.4
A0AA39ZCG7,322,94.4
A0AA39ZFM0,374,96.0
A0AA39ZGT5,401,90.4
A0AA39ZH12,365,97.0
A0AA39ZHB9,355,94.0
A0AA39ZIB4,358,98.2
A0AA39ZIF1,358,97.4
A0AA39ZJ41,356,95.0
A0AA39ZVN2,111,74.0
A0AA39ZVR3,287,83.1
A0AA39ZZ44,356,97.6
A0AA40A1C2,354,94.8
A0AA40A3H6,265,97.9
A0AA40A5J6,352,95.0
A0AA40A7B9,274,96.7
A0AA40A9U4,307,92.8
A0AA40AA49,332,75.4
A0AA40AAU4,432,89.6
A0AA40AD01,320,89.5
A0AA40AEH6,357,98.2
A0AA40AKZ0,279,92.1
A0AA40AMQ6,408,84.9
A0AA40ANQ1,264,97.8
A0AA40AX45,317,97.8
A0AA40AZR9,366,98.4
A0AA40AZV6,358,98.3
A0AA40BB56,317,97.6
A0AA40BCX3,383,90.9
A0AA40BDE1,313,91.1
A0AA40BGF9,387,96.8
A0AA40BHX9,374,93.2
A0AA40BKR8,289,75.6
A0AA40BLT5,368,98.0
A0AA40BPG0,317,97.6
A0AA40BPI5,279,97.3
A0AA40BPP7,297,94.8
A0AA40BQV3,368,92.7
A0AA40BUZ5,297,71.7
A0AA40BVL9,364,97.3
A0AA40C0K7,136,98.0
A0AA40C0T4,364,97.7
A0AA40C2M7,301,96.3
A0AA40C3S3,180,65.1
A0AA40C4G9,306,95.6
A0AA40C582,319,86.8
A0AA40C5N3,396,89.7
A0AA40C7Q6,347,97.9
A0AA40C803,310,64.3
A0AA40CAT2,293,94.1
A0AA40CI36,168,91.9
A0AA40CI83,367,97.1
A0AA40CKN8,326,96.2
A0AA40CKQ1,305,88.8
A0AA40CLH0,404,89.2
A0AA40CMX3,331,86.5
A0AA40CN70,298,97.0
A0AA40CS78,580,82.1
A0AA40CSE0,361,98.3
A0AA40CT75,364,98.6
A0AA40CUF9,303,96.5
A0AA40CYF2,332,97.3
A0AA40CZH0,343,97.9
A0AA40D1P3,339,97.0
A0AA40D2C1,282,96.2
A0AA40D3U3,378,95.5
A0AA40D4L4,222,91.7
A0AA40D5H7,372,96.4
A0AA40DDD7,267,97.5
A0AA40DDV9,248,89.7
A0AA40DEJ6,338,95.2
A0AA40DKI7,362,96.4
A0AA40DL14,427,90.6
A0AA40DLT5,292,89.8
A0AA40DP46,325,97.3
A0AA40DQR4,369,83.1
A0AA40DQU3,367,98.3
A0AA40DU32,381,96.1
A0AA40DY47,362,97.4
A0AA40DY87,391,92.2
A0AA40DZW7,353,97.4
A0AA40E1Y5,315,96.7
A0AA40E5Z9,311,98.0
A0AA40E7V1,202,68.6
A0AA40EB97,357,92.4
A0AA40EBB7,384,94.2
A0AA40EBE4,347,97.4
A0AA40ECG1,354,95.6
A0AA40ECL0,273,97.9
A0AA40EDW1,339,96.7
A0AA40EDZ9,296,98.2
A0AA40EEA9,329,85.7
A0AA40EEY7,266,97.0
A0AA40EG39,355,97.7
A0AA40EG60,410,91.3
A0AA40EGC6,355,96.1
A0AA40EN56,361,94.9
A0AA40EQQ0,231,92.1
A0AA40ESG9,373,97.1
A0AA40EUS9,384,93.3
A0AA40EWB1,303,96.4
A0AA40EX61,380,97.2
A0AA40EX72,354,96.8
A0AA40EXL7,296,96.5
A0AA40EZC6,387,92.8
A0AA40F0I2,447,93.2
A0AA40F0U4,344,98.1
A0AA40F1Y1,380,96.5
A0AA40F239,243,91.1
A0AA40F2L4,379,86.3
A0AA40F3J5,315,97.1
A0AA40F553,317,95.9
A0AA40F5A8,374,97.1
A0AA40F5K1,287,97.1
A0AA40F615,170,45.9
A0AA40F7I6,365,96.9
A0AA40F7U2,352,77.3
A0AA40F7V3,297,96.3
A0AA40GP66,433,98.1
A0AA40H5K2,429,95.9
A0AA40HNJ0,381,90.0
A0AA40JHP9,392,88.9
A0AA40JYG4,319,91.9
A0AA40K261,348,95.8
A0AA40K3E2,268,97.6
A0AA40K4C3,167,95.3
A0AA40K4G3,274,96.3
A0AA40K4H1,274,97.5
A0AA40K4I9,365,98.2
A0AA40K4L5,363,98.0
A0AA40K5X6,488,84.8
A0AA40K749,344,94.2
A0AA40K7K0,331,87.2
A0AA40K7X1,221,86.8
A0AA40K892,364,97.5
A0AA40K8Z3,319,95.1
A0AA40K9U0,331,87.0
A0AA40KAC6,339,97.4
A0AA40KB66,311,98.5
A0AA40KBA6,284,96.5
A0AA40KBB7,153,93.6
A0AA40L8C6,438,97.5
A0AA40R376,395,90.4
A0AA40T4C7,310,97.0
A0AA40VHJ8,285,96.8
A0AA41H3T0,322,91.6
A0AA41NC60,403,70.9
A0AA41RPS2,336,95.6
A0AA41ST79,433,97.9
A0AA41T388,437,97.1
A0AA41U5V3,239,98.1
A0AA41UVG0,317,97.2
A0AA41UWM5,325,97.0
A0AA41UY65,323,97.0
A0AA41V2S7,255,65.6
A0AA41V2X3,172,68.4
A0AA41V7W0,332,96.4
A0AA41VNM2,332,96.9
A0AA41VPG4,215,82.0
A0AA41VVT7,317,97.3
A0AA41VZ49,294,91.3
A0AA42AU58,320,95.7
A0AA42AWF5,325,96.6
A0AA42B2I3,302,94.9
A0AA42B2P4,242,84.7
A0AA42B8L4,247,94.9
A0AA43QE86,179,82.9
A0AA43QK37,221,94.8
A0AA43QLN8,266,95.9
A0AA43TU24,304,79.6
A0AA44WE27,150,59.9
A0AA44WS25,172,95.2
A0AA44WUB9,304,98.1
A0AA45AI00,304,95.9
A0AA45AN88,352,96.9
A0AA45WKT0,311,95.6
A0AA47MI83,434,97.9
A0AA47MQR3,442,96.1
A0AA47NBL1,437,97.5
A0AA48HBG1,243,96.0
A0AA48LWU8,270,97.3
A0AA49H8A3,324,97.2
A0AA49K9K0,434,97.9
A0AA49K9L8,131,46.9
A0AA49QCK1,355,97.2
A0AA49XUL8,132,91.1
A0AA49XUM8,133,94.3
A0AA49XUN7,132,89.3
A0AA49XUP9,133,89.4
A0AA49XUR0,132,94.0
A0AA49XUS0,120,92.7
A0AA49XUT0,132,88.7
A0AA49XUU0,123,85.7
A0AA49XUV0,132,89.7
A0AA49XUV9,132,91.8
A0AA49XVD4,133,91.9
A0AA49XVE4,132,91.5
A0AA49XVF4,127,88.6
A0AA49XVF7,132,92.6
A0AA49XVG4,133,90.2
A0AA49XVG5,133,90.1
A0AA49XVH0,134,92.0
A0AA49XVH1,132,88.4
A0AA49XVH3,132,90.9
A0AA49XVH5,132,90.8
A0AA49XVI1,125,87.4
A0AA49XVI3,125,72.5
A0AA49XVI7,132,95.2
A0AA49XVI9,132,88.9
A0AA49XVJ2,131,84.6
A0AA49XVJ4,132,95.1
A0AA49XVJ7,132,91.0
A0AA49XVJ8,132,91.7
A0AA49XVK4,132,89.8
A0AA49XVK5,133,91.1
A0AA49XVK6,132,90.2
A0AA49XVK8,132,90.7
A0AA49XVL3,132,89.5
A0AA49XVL5,132,87.0
A0AA49XVL6,122,88.4
A0AA49XVL7,132,91.3
A0AA49XVM6,120,87.7
A0AA49XVN4,133,90.4
A0AA49XVN5,132,94.5
A0AA49XVN6,122,86.8
A0AA49XVP3,132,92.3
A0AA49XVP6,132,94.4
A0AA49XVQ0,133,93.3
A0AA49XVQ3,124,88.7
A0AA49XVQ9,133,93.3
A0AA49XVR6,132,90.4
A0AA49XVS0,132,92.5
A0AA49XVS1,132,88.6
A0AA49XVT0,132,88.7
A0AA49XVT2,132,88.2
A0AA49XVW7,131,94.4
A0AA49XVX7,132,88.9
A0AA49XVY4,133,90.8
A0AA49XVZ4,132,90.7
A0AA49XW03,133,93.3
A0AA49XW05,132,87.5
A0AA49XW23,133,92.4
A0AA49XW27,132,90.2
A0AA49XW33,132,92.9
A0AA49XW36,151,87.0
A0AA49XW41,126,78.1
A0AA49XW51,126,76.3
A0AA49XW59,151,85.7
A0AA49XW65,132,87.3
A0AA49XW72,132,93.4
A0AA49XW76,134,86.9
A0AA49XW80,133,92.5
A0AA49XW85,132,92.5
A0AA49XW91,132,93.3
A0AA49XW92,138,91.4
A0AA49XW95,133,93.7
A0AA49XWA1,132,94.3
A0AA49XWA2,133,93.3
A0AA49XWA6,132,88.2
A0AA49XWB0,132,91.1
A0AA49XWB2,132,93.2
A0AA49XWB5,132,92.5
A0AA49XWC7,132,93.2
A0AA49XWD3,132,93.9
A0AA49XWD7,132,91.0
A0AA49XWE3,132,88.8
A0AA49XWG1,132,92.4
A0AA49XWG2,132,91.8
A0AA49XWH1,132,93.7
A0AA49XWI0,132,95.3
A0AA49Y039,132,95.0
A0AA49Y047,139,91.4
A0AA49Y059,132,89.4
A0AA49Y067,132,94.4
A0AA49Y078,132,92.2
A0AA49Y095,132,89.8
A0AA49Y0A5,132,90.1
A0AA49Y0B4,132,91.0
A0AA49Y0C3,133,90.6
A0AA49Y0D0,132,89.3
A0AA50AJY2,132,89.3
A0AA50AJY7,132,91.6
A0AA50AJZ2,129,83.2
A0AA50AK03,124,80.4
A0AA50AK08,132,94.2
A0AA50AK14,121,90.7
A0AA50AK19,133,89.5
A0AA50AK24,132,89.2
A0AA50AK29,132,85.1
A0AA50AK40,133,90.9
A0AA50AQ25,132,95.2
A0AA50AQ28,134,90.3
A0AA50AQ32,132,90.2
A0AA50AQ36,132,94.6
A0AA50AQ39,132,88.9
A0AA50AQ48,124,77.1
A0AA50AQ51,132,89.2
A0AA50AQ59,132,92.4
A0AA50AQ63,132,93.2
A0AA50AR73,132,90.2
A0AA50AR81,132,89.2
A0AA50AR88,133,92.1
A0AA50AR92,132,91.3
A0AA50AR97,132,92.8
A0AA50ARA1,133,88.1
A0AA50ARA4,133,96.0
A0AA50ARA8,113,78.5
A0AA50ARB2,132,92.2
A0AA50ARB6,132,91.5
A0AA50ATG0,132,91.2
A0AA50ATG4,133,90.5
A0AA50ATH5,132,90.2
A0AA50ATH8,151,65.0
A0AA50ATI3,132,91.7
A0AA50ATI6,133,94.6
A0AA50ATJ8,132,92.0
A0AA50ATK9,132,95.2
A0AA50ATL3,132,89.3
A0AA50ATL7,132,90.9
A0AA50ATM1,132,92.5
A0AA50ATN4,132,87.8
A0AA50ATP1,132,89.5
A0AA50ATP4,133,94.4
A0AA50ATP7,132,92.0
A0AA50Q3G9,144,62.7
A0AA50Q4B6,130,75.8
A0AA51NGA5,333,95.3
A0AA51NGI9,334,95.3
A0AA51REH5,333,95.5
A0AA51RF15,334,95.1
A0AA51RHR0,334,94.0
A0AA51RHZ2,334,94.0
A0AA85A3Q5,453,95.4
A0AA85A9Z7,445,95.4
A0AA85BMY3,385,85.4
A0AA85BQX3,450,95.9
A0AA85BSU4,416,96.1
A0AA85G527,445,95.9
A0AA85KB05,513,87.3
A0AA85KGE4,445,96.3
A0AA85KLQ7,437,95.4
A0AA86IJL2,284,98.0
A0AA86RZU0,304,96.3
A0AA86V8T9,248,84.2
A0AA86VG20,330,96.7
A0AA86VNM7,320,94.8
A0AA86VS17,320,96.6
A0AA87Y286,264,97.4
A0AA88ACS8,333,96.7
A0AA88AE32,321,96.1
A0AA88AEL2,335,96.7
A0AA88AFA7,327,95.1
A0AA88ATJ8,324,96.9
A0AA88AXG2,322,96.2
A0AA88D1Q6,326,96.4
A0AA88EDJ5,327,95.5
A0AA88IMU3,397,83.8
A0AA88JFY6,320,95.0
A0AA88LSV0,431,97.1
A0AA88M8W7,433,97.7
A0AA88MKC2,430,96.6
A0AA88N2E9,444,91.5
A0AA88NB34,430,93.7
A0AA88NN21,360,87.6
A0AA88NTB5,428,95.2
A0AA88QE56,317,92.9
A0AA88QFI1,339,94.5
A0AA88QHD6,330,97.1
A0AA88S6Z9,434,97.9
A0AA88T6T1,368,97.1
A0AA88TJG4,434,98.0
A0AA88TT43,369,97.2
A0AA88TX95,437,97.6
A0AA88U0R7,133,67.6
A0AA88U1A3,414,77.5
A0AA88U8N2,129,74.7
A0AA88VWZ6,323,97.1
A0AA88WMM6,323,97.0
A0AA88XCP2,337,86.9
A0AA88XEZ8,143,89.2
A0AA88XH52,272,96.7
A0AA88XIM2,376,85.1
A0AA88XIV7,293,73.9
A0AA88XJ60,306,88.7
A0AA88XJK4,306,96.0
A0AA88XKI5,305,94.0
A0AA88XKK9,322,78.5
A0AA88XLC0,338,88.6
A0AA88XLZ1,351,88.4
A0AA88XQR2,372,94.1
A0AA88XQS5,297,93.1
A0AA88XTS7,276,90.2
A0AA88Y245,108,69.3
A0AA88Y482,353,82.9
A0AA88Y4C2,223,73.7
A0AA88YB05,214,87.7
A0AA88YDI9,315,88.5
A0AA88YE74,280,95.5
A0AA88YFQ4,195,88.0
A0AA88YL18,344,88.9
A0AA88YTD4,376,95.1
A0AA89AGQ4,324,94.5
A0AA89B2U6,282,90.0
A0AA89BLK6,346,84.3
A0AA89BPR0,121,82.3
A0AA89BXI1,276,92.3
A0AA89C447,383,93.1
A0AA89C6N4,337,90.5
A0AA89QDS6,270,98.4
A0AA89TWP5,285,96.5
A0AA91EBM3,318,96.9
A0AA92K3X5,273,97.6
A0AA92QAW9,276,97.8
A0AA95F4Q0,146,94.6
A0AA97J2B4,432,96.0
A0AA97J2U4,368,97.9
A0AA97JPN8,369,97.2
A0AA97MF99,350,98.2
A0AA97N3L1,432,95.6
A0AA97N7U6,437,97.5
A0AA97NN32,313,98.2
A0AA97NUK3,367,88.6
A0AA97NVC8,357,98.0
A0AA97NWE8,307,96.9
A0AA97NYQ6,346,85.8
A0AA97P016,359,86.9
A0AA97P0L1,302,86.7
A0AA97P1L6,387,96.1
A0AA97P2C5,302,97.9
A0AA97P2H9,302,97.7
A0AA97P2N2,349,97.1
A0AA97P5F8,297,97.6
A0AA97P5T7,352,96.7
A0AA97PLH0,326,84.6
A0AA97PMU4,358,96.8
A0AA97PQ61,383,95.6
A0AA97PQQ8,350,93.9
A0AAC8Q565,305,97.6
A0AAC8TJW5,319,94.6
A0AAD0QBY7,285,96.3
A0AAD0RR47,305,95.7
A0AAD0S6F5,265,96.3
A0AAD0S9P7,273,97.4
A0AAD0VCQ0,269,98.2
A0AAD1E5T9,301,96.9
A0AAD1R4F4,392,75.4
A0AAD1R521,433,95.5
A0AAD1R5G9,430,96.0
A0AAD1R8J2,128,90.6
A0AAD1R908,249,86.2
A0AAD1RUM4,413,94.2
A0AAD1VS04,240,74.0
A0AAD1W2I8,418,89.4
A0AAD1YTC7,331,95.7
A0AAD1YYP5,325,95.5
A0AAD1YZ47,333,94.9
A0AAD1Z1H3,333,94.5
A0AAD1Z3P8,327,94.4
A0AAD1ZQL5,332,87.5
A0AAD2A9U3,323,96.7
A0AAD2A9Z9,130,94.2
A0AAD2AA08,330,95.9
A0AAD2ABD7,338,92.9
A0AAD2AE30,330,95.7
A0AAD2AFA4,265,83.9
A0AAD2DM26,330,90.8
A0AAD2DMV8,333,93.5
A0AAD2E0S8,202,69.7
A0AAD2ECI1,199,40.3
A0AAD2EDD1,330,95.9
A0AAD2H4D2,336,94.4
A0AAD2H686,352,88.5
A0AAD2H6M4,305,84.0
A0AAD2H8R9,324,91.6
A0AAD2K0X0,324,91.3
A0AAD2K112,348,88.4
A0AAD3DIW9,395,75.0
A0AAD3M2L0,295,87.3
A0AAD3MGL2,354,97.9
A0AAD3MLL3,435,98.2
A0AAD3N601,324,81.7
A0AAD3N7D6,429,95.9
A0AAD3N9Q8,111,68.6
A0AAD3NDQ9,340,95.2
A0AAD3RLV0,424,48.0
A0AAD3S6V1,174,96.1
A0AAD4BGZ0,178,80.9
A0AAD4CAB7,348,96.4
A0AAD4CRI2,321,97.0
A0AAD4D0D9,289,98.3
A0AAD4DPP0,193,92.2
A0AAD4E048,225,70.9
A0AAD4E4K7,194,86.5
A0AAD4E5F0,405,69.5
A0AAD4EQB2,373,96.9
A0AAD4ESD7,354,96.9
A0AAD4ETF0,373,95.9
A0AAD4EUM5,310,98.6
A0AAD4EYT8,321,94.7
A0AAD4F503,356,93.7
A0AAD4F5E3,356,82.0
A0AAD4F826,332,84.3
A0AAD4F8K5,116,68.9
A0AAD4F923,146,85.7
A0AAD4F9S8,358,97.1
A0AAD4FB42,365,97.8
A0AAD4FBU9,296,94.7
A0AAD4FFU5,363,98.0
A0AAD4FGP7,332,94.2
A0AAD4FIH5,346,96.6
A0AAD4FJL0,302,97.8
A0AAD4FKQ0,291,98.4
A0AAD4G8T3,386,95.6
A0AAD4G8V0,206,85.3
A0AAD4GVZ6,290,98.2
A0AAD4GWA3,333,96.4
A0AAD4GXZ1,322,96.9
A0AAD4GYQ3,358,97.5
A0AAD4HFX7,178,71.7
A0AAD4HIC9,222,63.1
A0AAD4HT63,294,93.9
A0AAD4HUY2,292,79.4
A0AAD4HVC4,354,98.1
A0AAD4HWP1,244,40.9
A0AAD4I226,318,97.6
A0AAD4I239,351,96.9
A0AAD4I3X2,339,97.9
A0AAD4I5V0,360,97.9
A0AAD4I7T5,323,94.7
A0AAD4I8U4,223,63.4
A0AAD4I9I8,346,97.5
A0AAD4ICZ1,372,93.0
A0AAD4IG15,116,76.0
A0AAD4IG29,371,96.3
A0AAD4ILF4,243,89.1
A0AAD4IPP4,328,95.7
A0AAD4IQ84,323,95.7
A0AAD4IQC4,335,92.7
A0AAD4IUR5,324,96.8
A0AAD4IZZ2,300,96.7
A0AAD4JP50,322,93.9
A0AAD4JP52,300,95.2
A0AAD4JP69,325,94.4
A0AAD4JQU6,296,95.5
A0AAD4KJN3,167,92.6
A0AAD4KK35,357,97.1
A0AAD4KYH8,257,97.7
A0AAD4L0L4,298,94.2
A0AAD4L5H1,270,97.6
A0AAD4LDB2,326,98.1
A0AAD4LFC7,325,97.5
A0AAD4LV26,331,98.1
A0AAD4M2Z7,334,85.8
A0AAD4M928,363,95.9
A0AAD4MY73,267,80.9
A0AAD4N0G1,389,85.7
A0AAD4N7C2,364,94.2
A0AAD4NQN5,401,93.0
A0AAD4NRB5,238,94.3
A0AAD4NUF4,370,97.9
A0AAD4NVT9,234,68.7
A0AAD4NY41,332,94.3
A0AAD4NYG2,299,93.8
A0AAD4P6L0,330,93.7
A0AAD4P7G4,298,96.4
A0AAD4P7X2,324,96.6
A0AAD4PDJ4,331,89.8
A0AAD4PDX8,324,92.1
A0AAD4PER2,322,95.6
A0AAD4PWA9,275,93.7
A0AAD4Q7J0,325,97.6
A0AAD4QGU7,336,95.1
A0AAD4RUT1,332,96.8
A0AAD4RVK4,318,95.2
A0AAD4RYT2,326,96.3
A0AAD4S1I2,317,96.5
A0AAD4S284,325,97.0
A0AAD4S8V4,325,96.2
A0AAD4SAU9,325,96.1
A0AAD4SEM3,330,96.5
A0AAD4SF23,371,90.0
A0AAD4SFR9,329,94.4
A0AAD4SG83,331,96.5
A0AAD4SKW1,302,97.1
A0AAD4SLC9,326,94.4
A0AAD4SLZ7,332,96.2
A0AAD4SQ07,319,96.6
A0AAD4T1W2,317,96.7
A0AAD4T715,317,96.5
A0AAD4TPB4,89,89.7
A0AAD4U318,440,90.5
A0AAD4U9Y3,377,87.2
A0AAD4VUZ6,322,96.7
A0AAD4W9U7,338,94.0
A0AAD4X8V1,330,96.6
A0AAD4X8X7,318,95.4
A0AAD4XDV8,249,70.3
A0AAD4XE67,304,95.8
A0AAD4XM21,325,94.7
A0AAD4XRV4,320,93.1
A0AAD4XRV8,318,91.9
A0AAD4ZQD0,322,97.0
A0AAD5AK74,368,97.5
A0AAD5B1A7,352,97.5
A0AAD5BVV2,206,81.0
A0AAD5BVV7,223,87.8
A0AAD5BXV0,223,88.2
A0AAD5CAK5,322,80.6
A0AAD5CIW7,321,96.5
A0AAD5CKI6,321,95.3
A0AAD5CM03,338,92.7
A0AAD5CP55,350,95.3
A0AAD5CPE9,327,95.6
A0AAD5CPV8,461,64.0
A0AAD5D0T4,173,60.3
A0AAD5D1H6,261,93.0
A0AAD5D2H7,306,97.0
A0AAD5D3B2,325,86.3
A0AAD5D5M7,349,94.4
A0AAD5D6F1,348,95.0
A0AAD5D7S3,350,95.3
A0AAD5D859,336,81.7
A0AAD5DD46,347,83.3
A0AAD5DEJ1,416,85.9
A0AAD5DGM1,537,69.4
A0AAD5DL08,440,88.4
A0AAD5DNT7,355,89.6
A0AAD5DZA6,381,91.0
A0AAD5FTJ0,430,95.3
A0AAD5FU11,429,96.7
A0AAD5GKH5,349,94.6
A0AAD5GRA3,317,91.0
A0AAD5GSN4,306,95.0
A0AAD5GTG8,139,40.8
A0AAD5GWD6,245,84.7
A0AAD5JFL9,138,62.6
A0AAD5LBU8,458,75.4
A0AAD5LE61,335,97.9
A0AAD5LLN0,321,96.9
A0AAD5LMN7,375,95.9
A0AAD5LSA9,275,80.6
A0AAD5LVG2,389,81.7
A0AAD5M2C2,314,97.1
A0AAD5M387,342,94.3
A0AAD5M541,383,96.2
A0AAD5M5S5,327,96.0
A0AAD5M6X4,342,96.1
A0AAD5MAT2,348,94.1
A0AAD5MEG3,346,92.6
A0AAD5N8G8,239,90.4
A0AAD5P3S8,117,94.7
A0AAD5Q4K3,330,90.3
A0AAD5Q741,469,81.6
A0AAD5QC94,361,93.3
A0AAD5QX24,259,74.2
A0AAD5RGJ3,370,91.0
A0AAD5RIJ0,568,84.4
A0AAD5RXG2,360,95.8
A0AAD5S043,65,36.8
A0AAD5SAV4,705,60.5
A0AAD5SCX3,252,78.8
A0AAD5SD55,329,83.0
A0AAD5SIR0,266,95.5
A0AAD5SKW5,308,83.9
A0AAD5SQD4,318,89.0
A0AAD5SSH0,299,89.7
A0AAD5T3C3,305,86.5
A0AAD5T4N1,278,81.8
A0AAD5T9G3,386,90.6
A0AAD5TRK7,285,91.7
A0AAD5TSH4,453,83.3
A0AAD5TWN6,278,92.8
A0AAD5TXP5,286,93.1
A0AAD5TY19,259,92.4
A0AAD5TYE6,254,92.8
A0AAD5TYL7,266,97.3
A0AAD5U057,242,84.3
A0AAD5U175,293,93.8
A0AAD5U3C8,400,90.2
A0AAD5U6Y0,522,69.8
A0AAD5U8M0,314,89.2
A0AAD5UAC9,243,91.7
A0AAD5UD08,251,93.4
A0AAD5UDJ3,407,57.7
A0AAD5UFP1,252,93.2
A0AAD5UGL0,422,86.1
A0AAD5UGP2,229,90.3
A0AAD5V4M1,214,94.1
A0AAD5VHA7,341,95.3
A0AAD5VMD2,357,93.1
A0AAD5VMH3,343,95.1
A0AAD5VP74,341,95.9
A0AAD5VQZ8,185,70.6
A0AAD5W151,378,90.2
A0AAD5WPZ9,325,98.3
A0AAD5WYZ3,297,86.4
A0AAD5X031,364,89.9
A0AAD5X2U5,411,87.1
A0AAD5X3D7,280,96.4
A0AAD5X3H5,310,92.7
A0AAD5XEV4,298,87.6
A0AAD5XMD9,278,95.3
A0AAD5XPX8,285,92.5
A0AAD5XR56,240,80.9
A0AAD5XXJ6,260,90.8
A0AAD5Y1R4,274,90.8
A0AAD5Y3X9,273,92.3
A0AAD5Y5W4,273,92.2
A0AAD5ZJG2,331,93.7
A0AAD6AUG1,434,97.5
A0AAD6AXT8,429,96.0
A0AAD6B211,435,97.6
A0AAD6C061,307,95.9
A0AAD6C0T0,154,94.8
A0AAD6C1L7,151,95.7
A0AAD6C2G5,167,83.1
A0AAD6C2S8,220,78.2
A0AAD6CBX2,289,97.5
A0AAD6CC46,198,61.8
A0AAD6CLF4,401,91.7
A0AAD6CX30,322,96.6
A0AAD6CYB3,401,91.7
A0AAD6D391,222,70.0
A0AAD6D6A6,405,89.3
A0AAD6D8E2,420,89.1
A0AAD6DB28,327,73.2
A0AAD6DNG7,645,76.5
A0AAD6DRZ4,314,93.0
A0AAD6DTT9,323,96.2
A0AAD6DW11,368,96.8
A0AAD6E0P8,267,97.6
A0AAD6E1A3,323,96.3
A0AAD6E2M1,403,89.5
A0AAD6EDA1,370,97.0
A0AAD6FQZ7,437,97.7
A0AAD6FTT8,430,97.1
A0AAD6FXH5,227,55.1
A0AAD6GQB2,319,94.1
A0AAD6GSY8,210,49.3
A0AAD6HD37,366,97.6
A0AAD6HFN0,201,80.6
A0AAD6HJZ9,96,92.8
A0AAD6HTP2,125,91.3
A0AAD6HWC6,87,86.0
A0AAD6HWS7,119,94.3
A0AAD6I4Y8,370,97.2
A0AAD6IG71,334,95.3
A0AAD6IJM2,298,96.0
A0AAD6INT1,294,63.2
A0AAD6IU53,320,97.5
A0AAD6IWI5,384,94.1
A0AAD6IWR0,366,92.0
A0AAD6IYQ0,365,96.5
A0AAD6IZU4,39,81.6
A0AAD6J3H0,249,78.6
A0AAD6J3Z0,360,95.1
A0AAD6K405,338,96.6
A0AAD6K590,320,97.1
A0AAD6KH97,321,97.4
A0AAD6KHA9,247,82.6
A0AAD6KJ34,318,97.2
A0AAD6M530,64,84.8
A0AAD6M6F5,235,81.0
A0AAD6M6Z3,65,75.9
A0AAD6MRX0,293,98.1
A0AAD6MZZ9,191,60.7
A0AAD6N3N3,317,91.8
A0AAD6NB37,307,94.8
A0AAD6NFQ5,332,97.2
A0AAD6NJA4,366,94.0
A0AAD6NK04,246,88.3
A0AAD6NK31,319,87.2
A0AAD6NRH3,355,90.1
A0AAD6NSF9,335,93.1
A0AAD6Q4K3,338,96.6
A0AAD6RT00,321,97.5
A0AAD6RTB2,228,74.1
A0AAD6RXW3,306,95.6
A0AAD6S7D4,368,78.3
A0AAD6SW16,384,91.9
A0AAD6T862,302,94.7
A0AAD6T8W8,305,96.8
A0AAD6U6P8,306,97.0
A0AAD6UB94,344,86.6
A0AAD6UEA5,309,94.3
A0AAD6UM43,339,96.8
A0AAD6UQP4,367,92.4
A0AAD6W6T7,335,92.6
A0AAD6WJG4,203,83.5
A0AAD6WJW1,317,96.9
A0AAD6XUL1,279,97.9
A0AAD6YJW0,310,95.4
A0AAD6YL11,361,87.1
A0AAD6Z060,334,97.5
A0AAD6ZEL1,285,92.8
A0AAD6ZFJ9,140,61.0
A0AAD6ZH33,137,87.0
A0AAD6ZH44,306,96.6
A0AAD6ZHC6,306,95.3
A0AAD6ZI66,289,93.2
A0AAD7AIV8,309,95.2
A0AAD7BG56,362,94.5
A0AAD7BLR3,334,96.7
A0AAD7C1Y1,306,96.8
A0AAD7CSE0,363,96.1
A0AAD7D1D7,354,83.1
A0AAD7DJR3,303,80.9
A0AAD7DM13,336,95.9
A0AAD7DMZ0,337,95.8
A0AAD7DS99,306,95.6
A0AAD7DT48,306,95.9
A0AAD7EKF6,342,93.9
A0AAD7EMG0,362,93.9
A0AAD7ER50,336,96.2
A0AAD7FIU6,287,95.3
A0AAD7G3T1,323,89.8
A0AAD7GHF8,337,98.0
A0AAD7GRZ3,334,97.6
A0AAD7H3E9,373,95.1
A0AAD7IFW3,407,92.6
A0AAD7IZB6,306,96.8
A0AAD7J5J2,357,94.7
A0AAD7J7I1,121,69.3
A0AAD7JE83,206,69.9
A0AAD7JKZ3,358,94.5
A0AAD7JQN9,294,94.5
A0AAD7K2V0,364,94.7
A0AAD7KW78,284,75.1
A0AAD7KXI9,302,94.5
A0AAD7M215,323,96.2
A0AAD7M8D7,305,94.1
A0AAD7MIH2,308,87.3
A0AAD7MRF3,376,92.1
A0AAD7NJT2,364,95.0
A0AAD7P935,323,97.6
A0AAD7P997,323,97.4
A0AAD7P9Q6,302,94.9
A0AAD7P9S4,330,95.1
A0AAD7SXY4,439,97.4
A0AAD7TEA0,343,88.8
A0AAD7TG68,361,95.2
A0AAD7TGV2,335,84.8
A0AAD7U2T2,349,81.1
A0AAD7U3G2,333,98.2
A0AAD7U4P1,454,91.1
A0AAD7U6L3,465,91.2
A0AAD7U752,449,89.5
A0AAD7U9P3,461,91.3
A0AAD7UB85,475,91.1
A0AAD7UD41,430,88.6
A0AAD7UDT5,426,88.6
A0AAD7UE22,455,86.9
A0AAD7UE96,438,89.7
A0AAD7UFH1,336,79.9
A0AAD7UG45,389,70.2
A0AAD7UG90,460,92.5
A0AAD7UGQ8,440,96.2
A0AAD7UHA8,490,89.5
A0AAD7UHF1,438,93.0
A0AAD7UIM9,336,91.5
A0AAD7UIX7,336,90.3
A0AAD7UKW7,461,90.4
A0AAD7ULC6,436,94.0
A0AAD7UN59,342,92.0
A0AAD7UNL2,383,70.5
A0AAD7UPE3,416,89.4
A0AAD7UPK6,280,87.8
A0AAD7UQ54,386,73.6
A0AAD7VZQ9,435,96.0
A0AAD7WVT6,429,97.3
A0AAD7X156,400,95.9
A0AAD7XDB7,337,97.2
A0AAD7XH24,471,96.6
A0AAD7XJG3,453,95.4
A0AAD7XK23,436,95.5
A0AAD7XLX5,358,83.4
A0AAD7XMK8,468,91.7
A0AAD7XMM2,446,83.4
A0AAD7XN00,448,94.4
A0AAD7XNJ1,419,91.6
A0AAD8ATH3,347,91.5
A0AAD8ATH6,337,92.6
A0AAD8ATH9,319,90.9
A0AAD8ATJ4,349,90.4
A0AAD8ATK2,340,93.6
A0AAD8AV10,343,90.2
A0AAD8AV33,315,93.5
A0AAD8AXS7,278,96.4
A0AAD8EWM2,343,89.8
A0AAD8FCF7,353,90.9
A0AAD8FEB4,628,78.8
A0AAD8FEX8,275,95.6
A0AAD8GIC2,368,97.9
A0AAD8GK17,368,97.7
A0AAD8GRL6,331,93.6
A0AAD8GSQ3,324,91.0
A0AAD8K2A0,329,95.6
A0AAD8KND7,329,96.6
A0AAD8KWV4,323,95.8
A0AAD8LC48,308,94.9
A0AAD8LDY8,348,95.0
A0AAD8LF67,347,94.2
A0AAD8LKU1,432,96.2
A0AAD8MJ69,323,96.3
A0AAD8MXX1,329,93.4
A0AAD8NWV8,306,95.2
A0AAD8NX90,348,94.7
A0AAD8P3Q0,323,95.7
A0AAD8P9N9,337,95.7
A0AAD8PAL3,348,95.9
A0AAD8PBK4,308,95.1
A0AAD8PBL1,198,79.8
A0AAD8PIW8,274,97.0
A0AAD8PJN8,303,98.4
A0AAD8PLZ0,274,96.0
A0AAD8PMY2,261,72.7
A0AAD8PVJ5,323,95.1
A0AAD8PYH1,356,97.1
A0AAD8PZ48,355,96.7
A0AAD8Q6J0,367,92.4
A0AAD8QC98,359,89.8
A0AAD8QF22,400,92.8
A0AAD8QVW5,318,92.8
A0AAD8TLS7,115,67.6
A0AAD8TMM5,153,94.4
A0AAD8TMW1,325,96.5
A0AAD8TPJ5,301,92.2
A0AAD8TPT5,248,84.3
A0AAD8U6Q8,321,93.6
A0AAD8U991,475,85.3
A0AAD8U9L8,304,98.0
A0AAD8UE66,281,96.8
A0AAD8UFI1,363,92.5
A0AAD8UFY3,380,96.0
A0AAD8UGP3,293,98.1
A0AAD8UIL4,363,94.5
A0AAD8UIM9,282,57.3
A0AAD8UK14,355,97.3
A0AAD8UMI0,372,97.8
A0AAD8UMV8,375,96.0
A0AAD8UNY5,129,97.1
A0AAD8URE8,447,83.8
A0AAD8USD8,222,82.5
A0AAD8UU26,93,60.6
A0AAD8UVR5,324,98.1
A0AAD8UWD0,389,87.2
A0AAD8UX87,358,95.5
A0AAD8UXQ6,357,96.8
A0AAD8UZ47,376,96.5
A0AAD8WMF1,341,96.1
A0AAD8WZ51,108,75.9
A0AAD8X119,153,94.9
A0AAD8X9C3,315,96.8
A0AAD8XCN6,307,96.9
A0AAD8XIC1,351,96.2
A0AAD8XJ28,383,96.7
A0AAD8XKZ2,377,97.1
A0AAD8XL03,374,95.7
A0AAD8Z513,112,50.8
A0AAD8Z5B9,434,97.9
A0AAD8ZH11,431,95.1
A0AAD9A0D2,366,97.2
A0AAD9A2C7,314,93.0
A0AAD9A2U4,376,95.1
A0AAD9A625,357,97.5
A0AAD9A8E0,299,96.6
A0AAD9ACI9,265,97.3
A0AAD9AEE4,270,96.8
A0AAD9AGU9,309,88.6
A0AAD9AIN3,377,96.7
A0AAD9AJC2,304,98.0
A0AAD9AJQ4,299,58.5
A0AAD9AKC5,318,96.9
A0AAD9ALS5,314,96.8
A0AAD9ANB1,155,97.0
A0AAD9ARY9,380,93.1
A0AAD9ASH5,383,97.1
A0AAD9AT96,324,97.5
A0AAD9AW31,307,97.0
A0AAD9AWT0,366,93.5
A0AAD9AZ26,274,97.1
A0AAD9B171,562,79.6
A0AAD9B3Z9,293,97.9
A0AAD9BGH1,434,97.8
A0AAD9BPH7,435,97.7
A0AAD9CC50,435,97.8
A0AAD9D0W8,299,97.2
A0AAD9DKR6,434,97.8
A0AAD9E134,173,90.0
A0AAD9E8H7,371,90.6
A0AAD9ECK1,288,94.0
A0AAD9ECX2,304,98.0
A0AAD9EDB7,315,79.3
A0AAD9EDL7,315,97.7
A0AAD9EHE8,353,95.8
A0AAD9EI53,312,70.5
A0AAD9EIW6,317,96.0
A0AAD9EIX1,352,97.5
A0AAD9EKJ4,304,97.8
A0AAD9ELL4,363,97.6
A0AAD9ENP9,257,98.4
A0AAD9EPX8,382,96.2
A0AAD9ERI5,298,97.5
A0AAD9F8Q7,437,96.9
A0AAD9FIL0,429,95.5
A0AAD9GMI7,335,95.7
A0AAD9H4K1,304,98.1
A0AAD9HBC0,274,97.0
A0AAD9HCA3,361,97.4
A0AAD9HEX9,333,91.7
A0AAD9HKI6,332,95.7
A0AAD9HKT9,358,97.4
A0AAD9HLH0,376,96.3
A0AAD9HLK4,357,97.0
A0AAD9HLY9,351,96.4
A0AAD9HNZ5,268,93.7
A0AAD9HT65,555,86.4
A0AAD9I547,140,93.3
A0AAD9I9U5,315,93.5
A0AAD9KZ40,551,86.9
A0AAD9L024,238,89.9
A0AAD9LCD7,322,96.9
A0AAD9LK10,343,96.9
A0AAD9LMN3,378,92.5
A0AAD9LZF6,369,92.5
A0AAD9M015,272,95.1
A0AAD9M5H0,270,98.0
A0AAD9MDM7,372,95.3
A0AAD9NPK5,362,83.2
A0AAD9PC82,393,80.3
A0AAD9Q3A2,250,98.1
A0AAD9Q6J9,194,75.9
A0AAD9Q6N4,210,85.1
A0AAD9Q6X7,266,84.4
A0AAD9QB69,281,86.6
A0AAD9QB75,242,95.8
A0AAD9S146,303,94.5
A0AAD9S2L9,313,76.2
A0AAD9S354,306,97.7
A0AAD9S3E1,333,94.7
A0AAD9S722,364,96.7
A0AAD9S832,308,98.2
A0AAD9SA20,367,96.8
A0AAD9SAU8,276,93.0
A0AAD9SBG1,292,98.0
A0AAD9SEU6,321,98.1
A0AAD9SG10,292,94.2
A0AAD9SGI9,303,97.1
A0AAD9SHU2,305,96.1
A0AAD9SIJ2,399,95.7
A0AAD9SJJ4,317,96.6
A0AAD9SMN7,308,97.5
A0AAD9SNH9,382,92.8
A0AAD9SNU1,286,92.9
A0AAD9SV73,347,96.8
A0AAD9SZ51,361,97.9
A0AAD9T0J2,378,88.5
A0AAD9T0Z4,323,95.6
A0AAD9T3V8,359,91.4
A0AAD9T5J0,320,89.6
A0AAD9TYI2,329,97.2
A0AAD9USZ5,412,86.5
A0AAD9V2M6,325,66.2
A0AAD9VX15,317,92.3
A0AAD9VXC5,365,97.5
A0AAD9VXH5,297,98.1
A0AAD9W038,303,96.6
A0AAD9W1G9,159,83.0
A0AAD9W2A6,319,97.4
A0AAD9W694,375,95.9
A0AAD9W6Q7,300,97.6
A0AAD9W6S7,381,95.0
A0AAD9W854,288,98.0
A0AAD9W9Y6,371,93.1
A0AAD9WA26,296,79.1
A0AAD9WEV2,305,97.9
A0AAD9XX77,334,94.3
A0AAD9XYD5,366,97.3
A0AAD9XZJ5,313,90.2
A0AAD9Y1L4,361,95.3
A0AAD9Y1S2,363,97.5
A0AAD9Y405,563,86.6
A0AAD9YAK4,304,98.0
A0AAD9YAQ5,376,96.2
A0AAD9YAS1,299,96.4
A0AAD9YE83,295,96.6
A0AAD9YFZ8,304,97.7
A0AAD9YI99,353,96.0
A0AAD9YJ18,293,97.9
A0AAD9YR45,335,89.3
A0AAD9YRS1,352,97.9
A0AAD9YSY5,416,90.6
A0AAD9YXR5,265,97.9
A0AAD9YZ88,373,97.7
A0AAD9Z3Y3,309,86.4
A0AAD9ZE16,338,94.2
A0AAD9ZEP6,315,96.8
A0AAD9ZEW0,318,74.2
A0AAD9ZP93,323,96.9
A0AAE0BBE6,370,91.2
A0AAE0CWK9,389,86.7
A0AAE0D002,382,96.1
A0AAE0D0W4,362,89.9
A0AAE0D1Y3,246,77.8
A0AAE0D6L5,360,96.7
A0AAE0D8H7,383,96.1
A0AAE0D8U4,315,98.5
A0AAE0D8Y0,230,88.2
A0AAE0DDZ2,299,96.6
A0AAE0DG71,178,89.9
A0AAE0DKH0,391,96.7
A0AAE0DLM8,429,72.4
A0AAE0DPS5,133,63.5
A0AAE0F5G2,393,79.2
A0AAE0FLX1,96,87.8
A0AAE0GLI5,251,90.3
A0AAE0H6M4,381,97.0
A0AAE0H7V4,275,91.8
A0AAE0H8R5,354,98.1
A0AAE0HBL1,296,96.8
A0AAE0HBZ5,282,96.6
A0AAE0HCT5,333,95.5
A0AAE0HH01,233,92.4
A0AAE0HH78,381,94.5
A0AAE0HN54,351,96.3
A0AAE0HNE5,312,95.8
A0AAE0HNM3,341,96.8
A0AAE0HSX3,272,97.8
A0AAE0HT14,357,97.8
A0AAE0HTN1,325,92.9
A0AAE0HUJ5,275,97.7
A0AAE0HWH1,332,87.0
A0AAE0HXT4,240,91.6
A0AAE0HXU4,376,97.2
A0AAE0HXV5,363,95.1
A0AAE0HXX2,375,89.9
A0AAE0I0E2,354,94.5
A0AAE0I1G2,365,97.6
A0AAE0I1I8,379,95.7
A0AAE0I3J1,356,97.6
A0AAE0I3J3,378,91.7
A0AAE0I6J2,274,97.9
A0AAE0I6T4,477,89.3
A0AAE0I6Z2,318,96.9
A0AAE0I808,402,87.5
A0AAE0IA95,367,97.2
A0AAE0ICF1,335,98.4
A0AAE0ID25,328,88.7
A0AAE0IQ25,438,88.6
A0AAE0IQ80,558,86.6
A0AAE0IRJ6,355,93.5
A0AAE0IUA7,357,97.4
A0AAE0IVB7,364,98.1
A0AAE0IZ57,369,93.5
A0AAE0J359,312,97.6
A0AAE0J3H6,373,94.8
A0AAE0J5C7,393,90.5
A0AAE0JEM3,402,87.2
A0AAE0JIH7,282,94.0
A0AAE0JIY1,333,91.5
A0AAE0JMA0,371,97.9
A0AAE0JPQ1,373,92.7
A0AAE0JTA2,353,97.9
A0AAE0JZD4,356,97.2
A0AAE0K1D0,234,75.4
A0AAE0K2F4,332,87.8
A0AAE0K302,343,96.9
A0AAE0K3U6,290,91.1
A0AAE0K4E2,420,89.6
A0AAE0K5G9,363,97.8
A0AAE0K6K0,412,90.5
A0AAE0K860,356,97.6
A0AAE0K995,385,90.2
A0AAE0KEL3,383,90.1
A0AAE0KHK4,342,95.8
A0AAE0KJE5,322,98.1
A0AAE0LMM3,325,86.5
A0AAE0LNN6,361,95.4
A0AAE0LQA4,356,98.0
A0AAE0LS88,270,97.4
A0AAE0LX03,354,95.0
A0AAE0LX25,318,97.3
A0AAE0LXM5,362,90.7
A0AAE0LY72,318,95.4
A0AAE0LYH8,240,72.7
A0AAE0LZ24,301,93.6
A0AAE0M077,322,91.8
A0AAE0M3B9,365,97.8
A0AAE0M3J0,341,96.9
A0AAE0M427,234,85.6
A0AAE0M4V7,379,95.8
A0AAE0M5F2,339,88.4
A0AAE0M702,324,97.7
A0AAE0M8L3,312,98.2
A0AAE0M9G3,315,98.3
A0AAE0MA69,367,97.9
A0AAE0MAJ9,381,95.9
A0AAE0MDN0,253,93.7
A0AAE0MG27,309,79.7
A0AAE0MGC2,350,96.3
A0AAE0MHC9,371,90.6
A0AAE0MLQ7,347,97.3
A0AAE0MTG0,369,97.0
A0AAE0MX90,387,91.2
A0AAE0MXK5,146,96.2
A0AAE0MYQ7,269,90.2
A0AAE0MZ33,378,82.5
A0AAE0N2M8,358,98.4
A0AAE0N689,347,97.3
A0AAE0NB75,367,98.5
A0AAE0ND53,105,44.1
A0AAE0NGK3,268,97.4
A0AAE0NGS0,376,96.8
A0AAE0NGU7,537,89.1
A0AAE0NKZ2,71,54.3
A0AAE0NL50,347,97.4
A0AAE0NMD8,269,83.9
A0AAE0NMU7,352,95.1
A0AAE0NP88,264,97.7
A0AAE0NPJ5,341,70.3
A0AAE0NPZ1,249,75.9
A0AAE0NRD5,375,96.7
A0AAE0NU84,271,96.8
A0AAE0NW64,366,97.7
A0AAE0NYC8,364,97.1
A0AAE0NZP2,346,86.5
A0AAE0P0U7,369,97.3
A0AAE0P4P8,373,94.0
A0AAE0P8L7,323,98.2
A0AAE0P8W8,376,92.5
A0AAE0PA40,387,92.0
A0AAE0PAQ5,371,98.1
A0AAE0PAY6,374,97.4
A0AAE0PIY1,368,80.7
A0AAE0PSL3,437,96.7
A0AAE0R4X5,428,96.1
A0AAE0RWU9,280,94.4
A0AAE0SIA6,331,95.2
A0AAE0SXX2,348,84.3
A0AAE0SY34,348,85.5
A0AAE0T8E3,371,86.4
A0AAE0T8I0,279,66.4
A0AAE0T9H2,332,92.6
A0AAE0T9M7,368,89.9
A0AAE0TCX4,288,93.5
A0AAE0TD72,240,91.4
A0AAE0TE62,368,95.0
A0AAE0TRE5,373,96.9
A0AAE0TT95,367,92.4
A0AAE0TW34,355,94.3
A0AAE0TX29,374,93.2
A0AAE0TXL8,410,92.3
A0AAE0TZQ4,367,98.1
A0AAE0U1Q5,247,91.0
A0AAE0U1S7,366,96.5
A0AAE0U3Q2,357,97.6
A0AAE0U6X0,356,97.6
A0AAE0U7N4,318,97.4
A0AAE0U937,311,73.7
A0AAE0U9X9,355,97.7
A0AAE0UB15,319,97.8
A0AAE0UEY7,401,92.1
A0AAE0UHP0,383,88.9
A0AAE0V1D1,434,97.3
A0AAE0VIU4,303,90.4
A0AAE0W1K7,315,95.0
A0AAE0W2I3,261,87.0
A0AAE0W4I8,348,87.5
A0AAE0W638,279,96.3
A0AAE0WAF6,369,90.7
A0AAE0WBG3,395,83.7
A0AAE0WC33,277,77.5
A0AAE0WC86,352,88.1
A0AAE0WMR3,253,92.1
A0AAE0WTK1,363,97.4
A0AAE0WXT6,287,98.1
A0AAE0X1P4,372,97.1
A0AAE0X2E2,319,80.3
A0AAE0X3N1,324,97.8
A0AAE0X3U4,370,96.4
A0AAE0XBA7,365,97.9
A0AAE0XC28,356,97.9
A0AAE0XD17,276,98.1
A0AAE0XD93,329,86.7
A0AAE0XDE4,291,69.5
A0AAE0XG17,362,95.5
A0AAE0XJ24,273,96.5
A0AAE0XJ80,384,90.2
A0AAE0XJ88,321,88.0
A0AAE0XKL8,412,91.3
A0AAE0Z8V4,277,96.4
A0AAE1A084,288,81.4
A0AAE1C3E6,349,87.2
A0AAE1CE31,387,73.6
A0AAE1I5J0,400,87.5
A0AAE1JNI8,324,96.0
A0AAE1JP02,337,95.6
A0AAE1M784,410,92.1
A0AAE1QRR6,334,96.6
A0AAE1QSQ1,216,72.4
A0AAE1QTQ8,319,96.7
A0AAE1QU03,328,96.8
A0AAE1S085,322,96.5
A0AAE1S7S4,334,96.3
A0AAE1S9E0,331,85.1
A0AAE1VID5,64,73.6
A0AAE1VLZ1,333,96.0
A0AAE1W5I8,74,77.3
A0AAE1W5M2,236,85.9
A0AAE1W5T8,332,95.2
A0AAE1W5W8,331,94.3
A0AAE1WRJ5,332,93.3
A0AAE1WRU9,325,94.9
A0AAE1WRW1,330,96.6
A0AAE1XYV3,332,95.1
A0AAE1XYW7,238,59.5
A0AAE1XZ90,331,91.8
A0AAE1YP42,262,83.0
A0AAE1YQE7,315,96.5
A0AAE1YYH9,322,92.9
A0AAE1YYL3,325,95.0
A0AAE1YZL2,330,96.1
A0AAE1Z025,325,93.8
A0AAE1Z0Y7,323,96.9
A0AAE1Z9J0,446,92.9
A0AAE1ZE32,450,95.3
A0AAE2BGW3,275,86.4
A0AAE2BH39,66,91.0
A0AAE2BIM0,279,89.1
A0AAE2BIM2,329,94.0
A0AAE2BJ14,330,97.6
A0AAE2BUG2,293,76.2
A0AAE2BUQ3,332,92.6
A0AAE2BV97,247,80.8
A0AAE2CFT5,331,93.4
A0AAE2CT28,157,84.1
A0AAE2CT48,98,91.5
A0AAE2CUP1,324,96.2
A0AAE2CY88,248,82.6
A0AAE2CY97,332,90.8
A0AAE2RED6,319,95.4
A0AAE2U7N8,303,97.6
A0AAE3KV44,390,92.3
A0AAE3N5D5,312,92.1
A0AAE3NI01,273,97.6
A0AAE3VW27,275,94.3
A0AAE3YLB9,268,94.5
A0AAE3ZZF7,268,94.0
A0AAE4A194,275,95.3
A0AAE4B0Y3,271,94.8
A0AAE4C8H8,275,93.0
A0AAE4V8X0,284,96.5
A0AAE4WBS8,317,92.2
A0AAE5P8I2,287,97.4
A0AAE5X690,316,96.5
A0AAE6NE76,269,98.3
A0AAE6Y4Z0,314,93.2
A0AAE6Y5K4,269,98.6
A0AAE7CKN2,285,97.7
A0AAE7NQI3,323,94.2
A0AAE8M117,198,88.9
A0AAE8M5C9,398,87.9
A0AAE8M840,319,97.9
A0AAE8M9M2,352,97.6
A0AAE8M9V5,278,97.6
A0AAE8MB77,360,97.4
A0AAE8MFP7,317,88.7
A0AAE8MIP3,376,89.0
A0AAE8MKK0,302,97.6
A0AAE8MN78,214,88.8
A0AAE8MND4,353,92.7
A0AAE8MR11,322,97.5
A0AAE8MT72,358,95.8
A0AAE8MUB3,373,96.9
A0AAE8MXR6,355,96.0
A0AAE8N1C3,320,92.7
A0AAE8N2C9,347,97.2
A0AAE8N352,311,96.2
A0AAE8N526,298,96.6
A0AAE8N5H9,378,98.0
A0AAE8N6H4,340,88.0
A0AAE8NFB4,395,91.7
A0AAE8SCM9,372,96.7
A0AAE8SHR8,452,86.5
A0AAE8SP03,354,97.8
A0AAE8SPC3,291,73.4
A0AAE8STA2,317,85.1
A0AAE8SXX8,318,93.1
A0AAE8SZV3,324,95.3
A0AAE8VXB0,285,96.7
A0AAE9ACE9,338,91.3
A0AAE9DB54,322,95.3
A0AAE9DSV3,310,97.4
A0AAE9DTS9,310,96.6
A0AAE9DTU7,309,94.5
A0AAE9DUB5,355,93.9
A0AAE9E317,351,95.4
A0AAE9E3C5,355,92.3
A0AAE9ELV7,357,89.2
A0AAE9EUC0,344,92.8
A0AAE9ISM1,356,94.8
A0AAE9IYH8,352,90.6
A0AAF0DLV2,363,83.9
A0AAF0TDD2,321,96.6
A0AAF0UBK8,333,95.6
A0AAF0UBS5,324,92.6
A0AAF0UBS9,334,94.2
A0AAF0UC14,326,96.3
A0AAF0UC23,328,96.5
A0AAF0UCJ6,333,95.7
A0AAF0WKE1,323,96.6
A0AAF0XEP0,216,95.7
A0AAF0ZNA3,299,95.2
A0AAF3E7Y5,400,91.5
A0AAF3EDJ9,313,98.2
A0AAF3EDW5,290,88.2
A0AAF3EKL4,356,88.5
A0AAF3EKM6,300,91.1
A0AAF3EPZ4,334,88.0
A0AAF3F5V2,334,90.7
A0AAF3FHG4,350,89.4
A0AAF3FNB6,304,85.1
A0AAF3FPP2,199,84.5
A0AAF3J1V9,303,94.8
A0AAF3J2S3,347,95.3
A0AAF5D6Q0,361,89.2
A0AAF5DS07,355,91.5
A0AAF5PZK9,308,96.4
A0AAF5Q027,354,94.5
A0AAF5Q4Y1,322,95.1
A0AAF5Q562,323,94.0
A0AAF5RUD6,342,88.7
A0AAF6ASA3,360,96.6
A0AAF6AWZ2,373,95.6
A0AAF6AWZ3,368,95.7
A0AAF6AWZ4,368,96.0
A0AAF6AWZ5,367,93.9
A0AAF6AWZ7,313,78.0
A0AAF6AWZ8,367,93.6
A0AAF6AWZ9,365,94.0
A0AAF6AX00,369,96.1
A0AAF6B2Z5,352,94.8
A0AAF6B2Z6,389,90.5
A0AAF6B3I4,347,95.3
A0AAF6B3I5,119,68.7
A0AAF6B469,348,66.9
A0AAF6B470,361,93.0
A0AAF6B471,353,93.6
A0AAF6B473,318,79.8
A0AAF6B474,91,82.3
A0AAF6B5F1,332,94.0
A0AAF6BIC0,386,88.2
A0AAF6BIC2,390,91.8
A0AAF6BIM1,383,87.1
A0AAF6BIZ6,378,93.9
A0AAF6BJF7,131,76.0
A0AAF6BJQ2,377,91.7
A0AAF6BK22,339,88.4
A0AAF6BK73,256,70.1
A0AAF6BK96,374,92.5
A0AAF6BKA0,389,90.7
A0AAF6BKR9,393,89.1
A0AAF6BKS1,393,92.8
A0AAF6BKV4,388,91.1
A0AAF6BMM8,370,93.4
A0AAF6BT57,386,95.0
A0AAF6BT59,386,94.9
A0AAF6BT60,354,93.3
A0AAF6BT62,385,95.5
A0AAF6BT68,219,82.6
A0AAF6BT70,386,94.6
A0AAF6BT71,356,94.9
A0AAF6BT73,351,94.7
A0AAF6BT74,386,95.0
A0AAF6BT75,386,93.5
A0AAF6BT76,386,94.4
A0AAF6BT77,185,83.5
A0AAF6BTN3,348,95.6
A0AAF6BTN4,347,95.2
A0AAF6BTN5,378,95.1
A0AAF6BUE6,385,93.6
A0AAF6BVM1,331,93.7
A0AAI8BAJ9,282,97.0
A0AAI8BCM8,396,87.8
A0AAI8L438,285,96.5
A0AAI8L5X7,269,98.4
A0AAI8VIS7,355,73.7
A0AAI8VLY9,318,79.9
A0AAI8VM28,357,95.3
A0AAI8VM86,341,91.9
A0AAI8VMZ4,322,98.1
A0AAI8VQK3,278,98.2
A0AAI8VQP9,293,96.2
A0AAI8VUY9,360,91.4
A0AAI8W1K5,355,94.5
A0AAI8YEM3,374,94.8
A0AAI8YQT1,286,97.2
A0AAI8YSD9,294,98.0
A0AAI8YVT3,162,90.3
A0AAI8YW60,273,94.4
A0AAI8YWT9,243,93.4
A0AAI8YZG9,275,95.5
A0AAI8Z489,370,97.5
A0AAI9E826,364,93.2
A0AAI9E8J8,387,96.2
A0AAI9EAT6,373,97.6
A0AAI9EB06,398,94.2
A0AAI9EBC0,337,93.2
A0AAI9TFA3,326,94.4
A0AAI9TPZ1,54,93.6
A0AAI9TUB7,355,98.3
A0AAI9TV27,372,98.0
A0AAI9TXW0,388,88.8
A0AAI9TZG4,355,96.5
A0AAI9U0V2,293,98.0
A0AAI9U7Q8,367,97.0
A0AAI9U952,299,96.4
A0AAI9UBG7,315,96.9
A0AAI9UCA0,282,83.5
A0AAI9UEL1,304,98.2
A0AAI9UFL5,304,98.2
A0AAI9UJS5,381,97.1
A0AAI9ULU4,299,96.3
A0AAI9UMQ2,368,93.1
A0AAI9UMV6,383,96.7
A0AAI9UNI6,312,87.2
A0AAI9UR52,184,52.1
A0AAI9UWB9,333,82.2
A0AAI9UZB0,226,69.7
A0AAI9UZN7,376,96.8
A0AAI9V9L2,390,80.4
A0AAI9VEJ1,367,80.8
A0AAI9VH80,355,97.2
A0AAI9XGB7,355,97.3
A0AAI9XHW8,304,98.2
A0AAI9XI30,395,86.5
A0AAI9XIL0,299,70.5
A0AAI9XIZ5,377,97.1
A0AAI9XJT9,395,92.1
A0AAI9XL02,396,92.2
A0AAI9XL41,173,80.6
A0AAI9XMR1,322,96.9
A0AAI9XMS7,394,93.3
A0AAI9XN49,323,58.2
A0AAI9XNV3,361,95.1
A0AAI9XQ79,304,97.3
A0AAI9XRF9,331,96.2
A0AAI9XSF2,380,96.0
A0AAI9XSZ9,376,95.6
A0AAI9XUJ6,394,80.4
A0AAI9XVQ5,365,97.1
A0AAI9XYD0,384,95.8
A0AAI9XZ17,307,97.2
A0AAI9Y1P2,255,73.8
A0AAI9Y4T4,283,87.0
A0AAI9Y6X9,300,95.2
A0AAI9Y7Q5,399,92.9
A0AAI9Y8D9,355,98.2
A0AAI9Y9P4,181,71.6
A0AAI9YAM1,424,68.7
A0AAI9YAV0,372,97.9
A0AAI9YBL4,345,68.1
A0AAI9YCM7,359,83.2
A0AAI9YHC2,389,88.3
A0AAI9YIC2,394,92.7
A0AAI9YKX7,377,96.7
A0AAI9YKZ4,399,91.3
A0AAI9YL12,365,97.1
A0AAI9YLP2,293,98.0
A0AAI9YND6,376,89.3
A0AAI9YQ31,304,98.2
A0AAI9YQ32,299,96.5
A0AAI9YQA0,300,91.8
A0AAI9YR12,281,91.8
A0AAI9YRT3,224,79.2
A0AAI9YTR5,355,98.2
A0AAI9YV88,354,96.2
A0AAI9YY87,365,96.1
A0AAI9Z0Y0,304,98.2
A0AAI9Z3B3,355,97.4
A0AAI9Z8C8,376,95.7
A0AAI9ZH00,343,92.6
A0AAI9ZHJ5,355,98.1
A0AAI9ZI74,382,96.9
A0AAI9ZIY3,293,98.2
A0AAI9ZJ62,366,89.5
A0AAI9ZJ84,288,96.2
A0AAI9ZMQ9,340,80.9
A0AAI9ZMV1,94,69.0
A0AAI9ZNB1,286,89.5
A0AAI9ZNK8,316,93.3
A0AAI9ZQF8,304,98.2
A0AAI9ZSJ9,355,96.4
A0AAI9ZUD5,304,98.1
A0AAI9ZVP4,385,92.2
A0AAI9ZW37,367,97.0
A0AAJ0A010,299,97.1
A0AAJ0A0G4,313,98.4
A0AAJ0A1P0,376,95.8
A0AAJ0A2A4,312,87.4
A0AAJ0A571,277,97.9
A0AAJ0A685,313,90.3
A0AAJ0A9B9,370,83.3
A0AAJ0ABM2,365,91.9
A0AAJ0AC45,365,96.1
A0AAJ0ACJ2,355,97.1
A0AAJ0ACM3,293,98.3
A0AAJ0ACZ7,310,78.0
A0AAJ0AG26,288,96.1
A0AAJ0AGS6,354,97.3
A0AAJ0AIN0,324,97.6
A0AAJ0ALB3,443,85.1
A0AAJ0AN06,287,60.3
A0AAJ0AQ33,367,97.0
A0AAJ0AQ75,381,95.6
A0AAJ0AR04,376,96.6
A0AAJ0ARN6,169,90.6
A0AAJ0ASF6,414,91.3
A0AAJ0AVW4,376,95.8
A0AAJ0AXE4,357,92.6
A0AAJ0B1W2,367,98.3
A0AAJ0B2Z6,312,95.8
A0AAJ0B309,371,95.4
A0AAJ0B3A3,267,97.6
A0AAJ0B3L8,397,90.4
A0AAJ0B679,380,97.0
A0AAJ0B6X4,360,98.4
A0AAJ0B7Z5,360,98.0
A0AAJ0B865,326,92.7
A0AAJ0B8L7,310,98.1
A0AAJ0B8R6,364,98.0
A0AAJ0BD24,456,90.7
A0AAJ0BIF4,357,93.5
A0AAJ0BKB6,357,77.4
A0AAJ0BKJ1,353,96.8
A0AAJ0BKN3,315,98.2
A0AAJ0BKV2,263,93.5
A0AAJ0BL54,383,95.6
A0AAJ0BMK1,417,89.0
A0AAJ0BP52,365,97.5
A0AAJ0BT52,340,86.8
A0AAJ0BV50,270,97.5
A0AAJ0C8C6,402,93.5
A0AAJ0CBA6,396,95.0
A0AAJ0CEK1,325,97.9
A0AAJ0CV65,186,86.7
A0AAJ0CZZ6,400,92.6
A0AAJ0D004,235,88.6
A0AAJ0DBA9,272,97.7
A0AAJ0DBW4,272,96.7
A0AAJ0DDL3,403,94.3
A0AAJ0DK08,332,92.9
A0AAJ0DLR2,293,97.8
A0AAJ0DN86,383,96.4
A0AAJ0DNK8,372,97.0
A0AAJ0DSM6,383,74.2
A0AAJ0DVU7,380,97.1
A0AAJ0DWB2,383,96.9
A0AAJ0DXZ3,364,93.2
A0AAJ0DY96,322,93.1
A0AAJ0E0A8,314,82.1
A0AAJ0E1H3,307,96.5
A0AAJ0E5H6,394,80.4
A0AAJ0E604,315,97.0
A0AAJ0E7W8,372,98.0
A0AAJ0EDF5,375,96.4
A0AAJ0EI35,277,93.9
A0AAJ0EJP6,143,75.7
A0AAJ0EJT7,253,82.8
A0AAJ0EKS8,316,91.4
A0AAJ0EN58,314,96.9
A0AAJ0EQ36,304,98.2
A0AAJ0EQC3,298,96.6
A0AAJ0EU37,277,95.2
A0AAJ0EVU6,355,98.3
A0AAJ0EXH3,307,96.7
A0AAJ0EYG8,381,97.1
A0AAJ0F1D3,360,97.7
A0AAJ0F1I4,270,98.0
A0AAJ0F2M0,388,92.9
A0AAJ0F2Y9,361,95.3
A0AAJ0F3X3,315,92.6
A0AAJ0F3Z2,359,98.2
A0AAJ0F694,323,94.7
A0AAJ0F8F9,323,96.2
A0AAJ0F8N5,353,98.5
A0AAJ0F8S3,343,98.0
A0AAJ0FB81,377,96.7
A0AAJ0FC59,331,96.1
A0AAJ0FEJ0,389,96.5
A0AAJ0FGQ0,346,96.6
A0AAJ0FJF5,337,93.5
A0AAJ0FMX0,104,73.4
A0AAJ0FUT5,351,97.5
A0AAJ0G150,376,92.6
A0AAJ0GID0,365,96.0
A0AAJ0GKT0,376,93.2
A0AAJ0GPU7,279,98.0
A0AAJ0GS63,378,95.8
A0AAJ0GSQ6,362,97.3
A0AAJ0GUP1,316,97.9
A0AAJ0H0A0,276,90.2
A0AAJ0H0X6,358,92.5
A0AAJ0H1A4,373,93.3
A0AAJ0H3A4,358,95.9
A0AAJ0H5P6,367,95.0
A0AAJ0H670,362,97.6
A0AAJ0HB97,359,97.2
A0AAJ0HDQ0,265,97.2
A0AAJ0HDQ5,264,97.9
A0AAJ0HDU8,381,97.9
A0AAJ0HDX0,289,93.8
A0AAJ0HEA8,264,98.3
A0AAJ0HJU7,103,80.6
A0AAJ0HLL7,352,97.9
A0AAJ0HNG8,297,96.8
A0AAJ0HSA6,264,97.8
A0AAJ0HT53,381,96.8
A0AAJ0HTC4,300,89.4
A0AAJ0HTF7,354,95.7
A0AAJ0I0S1,290,97.3
A0AAJ0ICZ1,376,92.3
A0AAJ0IE52,272,96.4
A0AAJ0M0W6,280,97.2
A0AAJ0M1L7,359,98.3
A0AAJ0M255,361,97.6
A0AAJ0M8F5,383,93.8
A0AAJ0MA55,79,84.1
A0AAJ0MA78,284,92.0
A0AAJ0MAQ1,366,98.3
A0AAJ0MCE0,164,84.1
A0AAJ0MD79,357,91.8
A0AAJ0MFM1,254,88.1
A0AAJ0MJ41,372,95.5
A0AAJ0MJU7,279,97.3
A0AAJ0MM11,374,96.7
A0AAJ0MMY8,374,97.1
A0AAJ0MR40,370,83.9
A0AAJ0MTZ2,365,97.8
A0AAJ0MUX5,383,91.3
A0AAJ1E1B2,287,97.0
A0AAJ2SBC4,347,94.8
A0AAJ2UJY1,269,98.5
A0AAJ2UM60,285,97.6
A0AAJ3LKX2,330,88.2
A0AAJ4MX13,322,94.2
A0AAJ4XRR1,301,96.3
A0AAJ5C3D7,289,96.4
A0AAJ5HX26,312,97.2
A0AAJ5WJK2,287,96.0
A0AAJ6N653,312,98.7
A0AAJ6P9X4,362,94.3
A0AAJ6QE57,365,97.9
A0AAJ6QFC5,395,88.9
A0AAJ6TLA8,330,96.5
A0AAJ6TPD5,322,97.3
A0AAJ6TPZ9,186,86.8
A0AAJ6TT78,320,97.5
A0AAJ6V924,235,56.9
A0AAJ6VPA1,358,97.1
A0AAJ6X2A6,322,97.2
A0AAJ6Y006,335,92.5
A0AAJ6Y9V6,337,96.7
A0AAJ7PS20,435,97.9
A0AAJ7Q306,438,97.4
A0AAJ7QL02,430,96.0
A0AAJ7TYS7,435,96.5
A0AAJ7TZW6,369,95.3
A0AAJ7U0Z5,402,95.9
A0AAJ7U9M4,430,96.6
A0AAJ7V7P9,333,95.6
A0AAJ7XCQ7,435,97.0
A0AAJ8BCI9,405,79.8
A0AAJ8BE65,334,95.6
A0AAJ8BRQ6,341,94.4
A0AAJ8BUI3,292,94.0
A0AAJ8BW86,296,91.3
A0AAN1J8M8,227,97.8
A0AAN4HE17,319,94.8
A0AAN4PB26,179,94.0
A0AAN4PFQ7,383,90.7
A0AAN4PPE5,338,90.5
A0AAN4TBS8,323,95.4
A0AAN4YD51,388,86.3
A0AAN4YJC9,360,90.7
A0AAN4YKG6,196,95.8
A0AAN4YMH1,285,86.8
A0AAN4YR40,126,64.0
A0AAN4ZCE4,358,92.0
A0AAN4ZKS6,334,91.9
A0AAN5BN22,336,55.8
A0AAN5BUW7,169,96.1
A0AAN5CH76,336,94.7
A0AAN5CHW8,269,94.1
A0AAN5CVL1,319,95.7
A0AAN5CWJ5,331,95.8
A0AAN5D7P0,349,95.1
A0AAN5I1T1,347,93.2
A0AAN5I692,235,96.2
A0AAN5XIX5,246,97.3
A0AAN5YGU4,377,93.7
A0AAN5YUB2,381,90.5
A0AAN5YXM8,304,95.2
A0AAN5YXU1,213,96.5
A0AAN5YXZ8,375,88.5
A0AAN5YY97,361,96.8
A0AAN5Z290,360,96.9
A0AAN5Z2U4,304,95.4
A0AAN5Z3W8,409,81.8
A0AAN5Z4V8,362,97.6
A0AAN5Z8G4,292,93.6
A0AAN6BQF5,323,96.3
A0AAN6BU02,235,75.0
A0AAN6BY54,319,97.4
A0AAN6C3C0,198,88.9
A0AAN6C7N5,278,96.9
A0AAN6C9S1,277,97.3
A0AAN6CAX8,352,97.7
A0AAN6DP64,359,96.7
A0AAN6DP90,343,96.5
A0AAN6DS14,470,89.4
A0AAN6E594,288,95.3
A0AAN6EN09,327,96.9
A0AAN6EWD7,323,97.6
A0AAN6EX80,359,98.0
A0AAN6F7R2,271,98.0
A0AAN6FA36,358,93.6
A0AAN6FGX5,365,95.6
A0AAN6FPX2,409,88.9
A0AAN6FYD4,399,94.6
A0AAN6G1Z6,271,98.1
A0AAN6G4Z1,384,90.7
A0AAN6G7B1,352,95.3
A0AAN6G7H4,339,94.3
A0AAN6H7M5,272,98.3
A0AAN6HE81,216,74.3
A0AAN6HGF8,369,97.5
A0AAN6IG51,323,97.5
A0AAN6IHH2,352,97.1
A0AAN6IWZ5,352,96.9
A0AAN6J193,312,84.4
A0AAN6JBP9,374,95.7
A0AAN6JJ46,339,84.0
A0AAN6JP66,328,93.8
A0AAN6JPK3,323,90.1
A0AAN6JPW5,348,93.6
A0AAN6K3Y9,47,63.1
A0AAN6K752,271,98.2
A0AAN6KA23,271,98.2
A0AAN6KNI5,374,95.8
A0AAN6KSX8,328,97.4
A0AAN6L0X7,399,94.4
A0AAN6L1I6,328,97.2
A0AAN6L1U7,374,96.2
A0AAN6LTQ9,231,90.9
A0AAN6LYU1,353,95.4
A0AAN6LZ75,289,96.7
A0AAN6M068,206,76.6
A0AAN6M0W3,494,90.3
A0AAN6M2W1,313,94.7
A0AAN6M599,353,98.0
A0AAN6M5F6,322,98.3
A0AAN6M6I2,385,97.0
A0AAN6M7D3,363,97.3
A0AAN6M7L2,365,97.8
A0AAN6MBG1,376,96.5
A0AAN6MDB5,310,98.5
A0AAN6MEC8,300,95.6
A0AAN6MFB6,343,87.2
A0AAN6MFR0,350,97.0
A0AAN6MHS8,328,65.2
A0AAN6MI70,374,96.0
A0AAN6MMX1,296,97.0
A0AAN6MNM3,267,97.8
A0AAN6MP42,316,97.7
A0AAN6MPR1,372,96.3
A0AAN6MQZ0,358,98.3
A0AAN6MVM5,322,98.7
A0AAN6MXY1,362,84.3
A0AAN6N0Z2,271,97.4
A0AAN6N1G2,366,97.6
A0AAN6N4Q5,382,95.5
A0AAN6N4Y0,270,97.6
A0AAN6N6Z9,363,96.6
A0AAN6N749,332,96.3
A0AAN6NC93,332,95.3
A0AAN6ND86,379,93.0
A0AAN6NNL9,327,90.9
A0AAN6NP49,376,96.9
A0AAN6NPY6,375,92.3
A0AAN6NUI7,372,98.1
A0AAN6NZV8,371,97.7
A0AAN6P5C3,374,96.3
A0AAN6P5W1,267,97.8
A0AAN6P8Q3,368,93.5
A0AAN6PC21,354,98.2
A0AAN6PGM4,297,98.2
A0AAN6PI32,376,94.1
A0AAN6PIV8,351,96.6
A0AAN6PKJ0,322,63.7
A0AAN6PQI6,373,92.0
A0AAN6PSA1,192,90.1
A0AAN6PUJ8,361,96.9
A0AAN6PWC4,354,97.8
A0AAN6PXB7,318,97.4
A0AAN6PY35,372,96.6
A0AAN6PYT8,372,96.1
A0AAN6QDL8,265,98.0
A0AAN6QF05,364,98.1
A0AAN6QTW2,349,94.8
A0AAN6RAS8,212,90.3
A0AAN6RC73,281,79.1
A0AAN6REI1,343,96.7
A0AAN6RER2,317,97.1
A0AAN6RFI8,320,96.7
A0AAN6RG63,376,92.7
A0AAN6RHT5,475,81.2
A0AAN6RJL1,343,96.2
A0AAN6RKZ2,298,93.5
A0AAN6RM07,371,97.4
A0AAN6RPE8,291,82.3
A0AAN6RPJ1,362,95.2
A0AAN6RPP5,354,98.1
A0AAN6RRF1,367,96.0
A0AAN6RUV2,392,93.5
A0AAN6RXR8,374,94.6
A0AAN6S0I6,223,75.5
A0AAN6S0X7,349,97.7
A0AAN6S1N6,355,96.1
A0AAN6S2B9,138,94.1
A0AAN6SIU6,387,90.9
A0AAN6SJ69,396,91.4
A0AAN6SJA1,297,77.2
A0AAN6SKX3,304,98.1
A0AAN6SLF8,374,96.6
A0AAN6SM96,282,97.3
A0AAN6SP35,359,98.1
A0AAN6SPI9,355,97.3
A0AAN6SSB6,356,98.0
A0AAN6SW40,319,97.8
A0AAN6SZ77,299,96.4
A0AAN6T300,203,87.2
A0AAN6T437,359,95.6
A0AAN6T5J5,380,93.8
A0AAN6T9T3,357,98.1
A0AAN6TAP9,406,88.0
A0AAN6TD70,297,97.6
A0AAN6TDK0,354,98.1
A0AAN6TEY0,359,98.2
A0AAN6THU3,377,97.3
A0AAN6TNB8,195,81.5
A0AAN6TQA1,330,86.6
A0AAN6TRL8,193,91.5
A0AAN6TS49,311,98.3
A0AAN6TTY7,359,97.7
A0AAN6TWV6,353,98.1
A0AAN6U3W8,377,95.8
A0AAN6U4I2,372,96.7
A0AAN6U965,371,92.2
A0AAN6UAQ4,318,97.8
A0AAN6UJK4,358,96.2
A0AAN6UNL4,378,93.2
A0AAN6UVQ6,375,94.4
A0AAN6UYF1,353,97.1
A0AAN6UYU1,378,95.0
A0AAN6UYV3,378,96.4
A0AAN6V369,359,98.0
A0AAN6V553,337,91.4
A0AAN6V5V7,311,97.4
A0AAN6V9Z8,328,63.6
A0AAN6VCR0,335,98.2
A0AAN6VGI1,318,97.4
A0AAN6VJH7,296,98.1
A0AAN6VNM8,358,93.4
A0AAN6VP48,379,95.1
A0AAN6VRT4,316,92.2
A0AAN6VRT8,354,98.1
A0AAN6VUM6,353,96.5
A0AAN6VXZ6,341,85.4
A0AAN6VYC9,268,97.8
A0AAN6VZ72,372,95.6
A0AAN6W1Y6,344,92.6
A0AAN6W2Z5,368,98.1
A0AAN6W3U5,400,91.2
A0AAN6W7F1,374,95.1
A0AAN6W8U9,311,97.3
A0AAN6W9B0,357,97.8
A0AAN6WB86,371,97.2
A0AAN6WF69,362,94.1
A0AAN6WHJ9,374,96.6
A0AAN6WHS3,369,95.5
A0AAN6WIQ0,360,98.0
A0AAN6WK24,367,95.7
A0AAN6WK62,324,95.0
A0AAN6WL79,369,94.3
A0AAN6WLF6,361,97.5
A0AAN6WP52,247,86.7
A0AAN6WQA5,376,96.5
A0AAN6WQU5,345,97.2
A0AAN6WQW7,329,91.0
A0AAN6WRN0,410,83.3
A0AAN6WS19,319,97.7
A0AAN6WSF6,363,94.0
A0AAN6WUW4,296,89.2
A0AAN6WZ32,329,93.5
A0AAN6X491,384,92.0
A0AAN6XA82,368,97.8
A0AAN6XAA3,357,97.1
A0AAN6XB50,273,97.8
A0AAN6XBQ4,400,89.6
A0AAN6XE60,361,88.5
A0AAN6XFU3,356,95.6
A0AAN6XG87,344,91.4
A0AAN6XK10,311,97.9
A0AAN6XK38,400,91.9
A0AAN6XN70,353,94.2
A0AAN6XR39,374,96.5
A0AAN6XTJ1,393,96.5
A0AAN6XTX0,376,96.5
A0AAN6XTY9,359,98.3
A0AAN6XU13,301,94.6
A0AAN6XWH8,346,81.9
A0AAN6XWM2,360,98.0
A0AAN6XWX0,358,97.8
A0AAN6XX37,379,94.0
A0AAN6XXM3,386,95.7
A0AAN6XXZ0,296,98.1
A0AAN6XZ81,359,98.5
A0AAN6XZ83,328,95.6
A0AAN6XZC3,398,91.4
A0AAN6XZS2,364,98.4
A0AAN6Y0W5,271,97.4
A0AAN6Y1B7,358,95.4
A0AAN6Y1Z0,364,98.1
A0AAN6Y3H2,314,98.5
A0AAN6Y3Z0,274,97.6
A0AAN6Y589,352,98.4
A0AAN6Y694,363,98.1
A0AAN6Y8D0,300,96.9
A0AAN6Y961,368,97.7
A0AAN6Y972,315,94.3
A0AAN6Y9E1,326,92.8
A0AAN6YB94,319,98.3
A0AAN6YBV8,307,95.0
A0AAN6YC40,328,95.6
A0AAN6YF32,324,97.9
A0AAN6YF75,375,98.0
A0AAN6YJM1,367,95.8
A0AAN6YLZ4,409,89.3
A0AAN6YMX6,369,97.5
A0AAN6YT11,452,87.9
A0AAN6YWZ4,356,91.3
A0AAN6YXA8,379,94.2
A0AAN6YXK1,328,96.8
A0AAN6YYJ2,305,83.2
A0AAN6YYV2,353,96.1
A0AAN6YZ05,353,96.3
A0AAN6Z0R7,389,90.4
A0AAN6Z7Y0,374,94.7
A0AAN6ZBV0,374,95.5
A0AAN6ZJI6,354,98.1
A0AAN6ZPW2,231,87.2
A0AAN6ZUC1,316,86.7
A0AAN6ZVJ4,285,97.5
A0AAN6ZWR8,358,98.2
A0AAN6ZWU7,403,94.6
A0AAN6ZXR4,332,89.5
A0AAN6ZXW9,378,97.1
A0AAN6ZZQ5,373,97.2
A0AAN7A066,253,78.2
A0AAN7A3J1,317,97.6
A0AAN7A4K8,374,96.2
A0AAN7A5N2,361,93.8
A0AAN7A6A9,354,88.3
A0AAN7A8W9,325,93.9
A0AAN7A9P4,353,95.9
A0AAN7AB39,365,97.4
A0AAN7ACK7,420,74.3
A0AAN7ADJ0,338,86.8
A0AAN7ADW1,433,87.1
A0AAN7AG75,314,98.0
A0AAN7AHE2,273,84.7
A0AAN7AIU4,365,97.1
A0AAN7AQQ1,358,98.3
A0AAN7AR50,373,97.2
A0AAN7AR61,372,96.9
A0AAN7AUR1,317,97.9
A0AAN7AZE8,351,94.5
A0AAN7B136,359,98.4
A0AAN7B2H5,375,97.0
A0AAN7B2K2,274,97.9
A0AAN7B366,322,96.5
A0AAN7B4P0,290,96.3
A0AAN7B5T9,107,58.3
A0AAN7B797,322,95.2
A0AAN7B7M6,337,90.8
A0AAN7B8I2,328,96.2
A0AAN7B8K4,366,95.0
A0AAN7B992,353,98.6
A0AAN7BA66,271,97.8
A0AAN7BBE1,263,97.9
A0AAN7BCH9,352,96.2
A0AAN7BDF7,353,96.1
A0AAN7BEX5,314,97.3
A0AAN7BFJ7,313,96.1
A0AAN7BFS8,358,98.4
A0AAN7BHZ9,367,96.4
A0AAN7BJ62,220,87.2
A0AAN7BNJ6,293,81.7
A0AAN7BNZ5,158,62.0
A0AAN7BQM1,334,94.6
A0AAN7BXZ5,380,93.0
A0AAN7C0V6,375,92.8
A0AAN7C188,84,82.0
A0AAN7C1C2,163,49.9
A0AAN7C1S6,280,97.7
A0AAN7C2K4,278,98.3
A0AAN7C3J2,359,98.3
A0AAN7C650,355,98.5
A0AAN7C7I7,361,95.3
A0AAN7CA35,380,94.0
A0AAN7CDQ9,360,97.3
A0AAN7CEA7,372,95.8
A0AAN7CJJ3,316,97.8
A0AAN7CLQ4,286,97.2
A0AAN7CNB8,372,94.9
A0AAN7CT50,356,97.9
A0AAN7CTK1,349,96.5
A0AAN7D1A6,379,95.4
A0AAN7E990,337,97.0
A0AAN7FGG6,330,97.0
A0AAN7GQ08,279,97.8
A0AAN7GYN8,267,98.2
A0AAN7GYQ6,323,95.1
A0AAN7GZJ2,440,89.8
A0AAN7H0K3,351,96.0
A0AAN7H7H8,319,97.9
A0AAN7HA01,361,97.5
A0AAN7HDM4,383,93.1
A0AAN7HFB1,358,98.1
A0AAN7HJC0,311,97.7
A0AAN7HPS3,314,96.5
A0AAN7HQ24,374,95.5
A0AAN7HRC4,296,97.3
A0AAN7I6D0,325,94.0
A0AAN7IA05,330,97.1
A0AAN7JUN2,337,97.0
A0AAN7KDK7,336,97.0
A0AAN7KGJ9,337,97.1
A0AAN7KT67,336,97.1
A0AAN7PMZ9,432,95.8
A0AAN7PQ02,325,92.3
A0AAN7PZX2,337,96.6
A0AAN7QDT1,337,97.0
A0AAN7T3Y1,346,97.3
A0AAN7T5E4,333,96.9
A0AAN7T7Q9,373,96.3
A0AAN7TGD4,370,95.7
A0AAN7TJK4,349,96.1
A0AAN7TUP1,248,77.3
A0AAN7U326,347,94.3
A0AAN7UE94,348,97.0
A0AAN7UMM2,189,83.5
A0AAN7UQF6,327,97.1
A0AAN7UR73,536,69.9
A0AAN7UWF2,118,71.5
A0AAN7UYS7,322,94.7
A0AAN7UYZ7,376,88.9
A0AAN7VN59,271,98.2
A0AAN7VSK0,363,96.7
A0AAN7VUG8,319,98.3
A0AAN7W4P3,374,96.8
A0AAN7WD97,427,86.5
A0AAN7WWB5,392,90.1
A0AAN7XD54,434,98.0
A0AAN7XT79,354,98.1
A0AAN7XWE1,413,94.9
A0AAN7YL66,363,97.5
A0AAN7Z794,387,92.0
A0AAN7ZB82,251,94.1
A0AAN7ZNT1,370,97.1
A0AAN8AID1,428,90.4
A0AAN8B043,437,96.6
A0AAN8B0L0,438,96.8
A0AAN8BY78,369,97.4
A0AAN8C0B8,438,97.1
A0AAN8C9H5,354,97.8
A0AAN8CIL8,140,66.0
A0AAN8CNC7,210,82.6
A0AAN8D7D1,359,97.9
A0AAN8DC90,429,95.4
A0AAN8DU56,435,97.7
A0AAN8EAH1,367,96.6
A0AAN8EDQ9,370,89.9
A0AAN8EYZ3,303,96.2
A0AAN8F1N7,259,89.1
A0AAN8F222,274,94.2
A0AAN8F2Z4,347,97.6
A0AAN8F8S1,186,91.0
A0AAN8FB81,57,57.2
A0AAN8FST8,422,95.2
A0AAN8FT29,73,94.6
A0AAN8FUT2,302,96.1
A0AAN8FW16,310,97.3
A0AAN8FXW8,92,86.9
A0AAN8G1E8,108,65.8
A0AAN8GSW3,359,98.0
A0AAN8GU54,432,95.4
A0AAN8HSE1,405,94.6
A0AAN8I1Q1,279,96.1
A0AAN8I9N5,300,97.9
A0AAN8IE44,33,88.7
A0AAN8IHR0,361,93.4
A0AAN8JA38,351,91.3
A0AAN8JC93,335,88.2
A0AAN8JKH5,297,89.9
A0AAN8K5C5,304,96.1
A0AAN8LRY7,89,78.3
A0AAN8MBY5,131,94.9
A0AAN8MCG8,369,97.6
A0AAN8ME56,369,97.6
A0AAN8MJL4,431,88.9
A0AAN8MLA5,345,96.9
A0AAN8MT50,356,92.2
A0AAN8MTR7,339,95.3
A0AAN8MU26,433,88.3
A0AAN8MV17,332,97.3
A0AAN8MVU2,422,92.0
A0AAN8MW30,432,92.1
A0AAN8MXR9,335,97.0
A0AAN8N233,369,94.8
A0AAN8N2L3,375,93.0
A0AAN8N2P8,366,97.2
A0AAN8N8D8,356,92.6
A0AAN8N9S7,369,96.2
A0AAN8NIG9,365,97.8
A0AAN8NKR9,412,93.5
A0AAN8NQ33,349,96.6
A0AAN8NSN8,309,97.5
A0AAN8NZV7,415,87.8
A0AAN8P1J5,263,84.3
A0AAN8PHS8,361,97.0
A0AAN8Q5L3,437,97.3
A0AAN8Q9B6,435,97.9
A0AAN8QT62,132,86.1
A0AAN8R2K4,124,54.1
A0AAN8RAA1,365,97.6
A0AAN8RB72,309,98.0
A0AAN8RBH8,320,95.7
A0AAN8RFG6,403,95.9
A0AAN8RI93,320,97.7
A0AAN8RWQ7,425,93.4
A0AAN8RYC8,414,87.9
A0AAN8RYJ0,400,86.0
A0AAN8RZ95,373,96.7
A0AAN8S1M3,364,97.5
A0AAN8T6H5,328,96.0
A0AAN8T8Y8,325,96.6
A0AAN8VMB9,320,96.2
A0AAN8VVM5,326,95.9
A0AAN8YM84,295,96.9
A0AAN8ZA55,336,97.0
A0AAN8ZBX9,335,96.5
A0AAN8ZF79,292,91.2
A0AAN8ZTY5,320,93.5
A0AAN9BYU3,359,87.8
A0AAN9BYX9,306,95.7
A0AAN9C041,361,90.0
A0AAN9DB26,434,97.0
A0AAN9DBI4,435,97.0
A0AAN9DBK8,434,97.8
A0AAN9DBP8,429,95.5
A0AAN9DG98,434,97.5
A0AAN9DNL1,437,97.4
A0AAN9E508,321,96.5
A0AAN9E5N1,295,97.0
A0AAN9E787,328,93.4
A0AAN9EAI4,328,93.8
A0AAN9EB69,329,92.8
A0AAN9HSN5,324,96.8
A0AAN9IJ24,322,94.6
A0AAN9JNX2,320,96.5
A0AAN9L4D8,321,97.1
A0AAN9L9I4,333,96.7
A0AAN9L9Z6,324,96.7
A0AAN9MXK2,300,96.2
A0AAN9NAV6,332,95.9
A0AAN9QJR5,302,96.2
A0AAN9RK18,329,94.4
A0AAN9SMX2,339,82.1
A0AAN9SN00,333,96.6
A0AAN9SNT0,327,90.6
A0AAN9SPQ9,186,94.6
A0AAN9SPT9,327,90.3
A0AAN9SWL1,67,86.6
A0AAN9T219,570,63.7
A0AAN9T2S7,320,96.7
A0AAN9T4X3,324,96.7
A0AAN9U793,303,97.5
A0AAN9ULC6,309,63.2
A0AAN9ULJ2,307,96.1
A0AAN9UNA2,276,90.3
A0AAN9UNN2,302,65.8
A0AAN9UQ80,363,89.5
A0AAN9UXB5,131,58.1
A0AAN9UYM9,357,90.1
A0AAN9V1I8,347,89.8
A0AAN9V3Q1,372,79.7
A0AAN9XNW7,276,80.8
A0AAN9YE01,319,97.1
A0AAN9YEV1,471,72.1
A0AAN9YIB4,403,93.0
A0AAN9YM51,228,94.6
A0AAN9YPG6,294,44.0
A0AAN9YPY3,272,98.2
A0AAN9YTH8,371,77.7
A0AAP0AW68,248,81.0
A0AAP0AZN8,323,96.1
A0AAP0BZ22,329,97.1
A0AAP0C5I0,329,96.1
A0AAP0CDX7,329,96.9
A0AAP0CHD7,310,95.8
A0AAP0CKY6,310,95.8
A0AAP0CMG0,310,95.7
A0AAP0CMQ2,311,96.0
A0AAP0FV86,312,95.3
A0AAP0FVC5,386,63.6
A0AAP0GHC6,332,96.6
A0AAP0GPG4,350,95.6
A0AAP0GRN9,329,95.0
A0AAP0H761,306,95.9
A0AAP0H8T4,342,94.6
A0AAP0HAD4,310,91.8
A0AAP0I583,327,95.6
A0AAP0I586,326,96.9
A0AAP0ICX1,326,96.3
A0AAP0IE14,327,94.8
A0AAP0IE78,297,91.2
A0AAP0J9F0,330,94.4
A0AAP0JCV2,255,69.3
A0AAP0JDS4,249,75.0
A0AAP0JEU7,328,95.1
A0AAP0JNA5,324,93.1
A0AAP0JNY2,297,87.7
A0AAP0K4D0,326,92.1
A0AAP0KCC9,328,94.5
A0AAP0KCE4,182,89.4
A0AAP0KDK4,330,94.8
A0AAP0KDL4,245,84.3
A0AAP0KE60,280,93.7
A0AAP0KF43,341,66.8
A0AAP0KHG4,331,96.6
A0AAP0KJ39,325,94.0
A0AAP0L625,324,94.0
A0AAP0N8E7,328,94.7
A0AAP0N8Z7,320,84.8
A0AAP0P695,234,72.9
A0AAP0P8Q6,323,96.6
A0AAP0PMG1,329,96.6
A0AAP0PMG7,323,97.5
A0AAP0PN27,381,85.9
A0AAP0PN32,323,97.1
A0AAP0PRA1,319,97.7
A0AAP0PTR3,321,96.1
A0AAP0PTR8,319,97.0
A0AAP0PUP6,324,93.3
A0AAP0Q1Z6,331,95.9
A0AAP0Q246,190,62.0
A0AAP0Q6Z2,316,90.3
A0AAP0QZG8,321,95.6
A0AAP0R6Z3,338,97.0
A0AAP4Q954,319,95.1
A0AAP5I6Y4,350,80.8
A0AAP5IG72,313,94.9
A0AAP6BEB3,284,97.2
A0AAP7ZKC4,86,87.5
A0AAP7ZQB5,265,97.3
A0AAP7ZR45,273,97.4
A0AAP9W0F9,301,96.9
A0AAQ0FDD7,395,90.9
A0AAQ3K6R0,323,94.7
A0AAQ3K708,335,95.3
A0AAQ3K867,320,96.2
A0AAQ3KAM4,323,96.3
A0AAQ3KBY5,311,96.2
A0AAQ3KC62,323,95.0
A0AAQ3KMC4,208,68.1
A0AAQ3KY21,424,52.3
A0AAQ3KYK2,318,95.8
A0AAQ3KZE2,323,94.5
A0AAQ3L3F5,92,72.9
A0AAQ3L3I7,92,86.2
A0AAQ3L442,328,95.4
A0AAQ3L592,326,95.4
A0AAQ3LZL9,378,94.7
A0AAQ3LZX8,279,94.4
A0AAQ3M2U8,392,91.9
A0AAQ3M6B4,387,91.4
A0AAQ3M852,374,94.7
A0AAQ3MLN9,324,96.6
A0AAQ3NE20,329,95.2
A0AAQ3PCB6,246,87.9
A0AAQ3QB23,347,94.3
A0AAQ3QBU2,322,94.5
A0AAQ3QBY4,324,95.5
A0AAQ3QN42,336,94.3
A0AAQ3QRJ2,330,97.3
A0AAQ3R599,400,94.8
A0AAQ3RI32,328,96.1
A0AAQ3RJ02,329,96.5
A0AAQ3RXA6,302,96.6
A0AAQ3SF65,252,78.4
A0AAQ3T7W2,299,94.8
A0AAQ3U8A2,299,97.6
A0AAQ3U9C5,312,82.8
A0AAQ3UA72,300,95.5
A0AAQ3UL81,371,88.2
A0AAQ3UM95,353,92.0
A0AAQ3UN37,298,76.9
A0AAQ3UN46,237,83.6
A0AAQ3UQQ0,370,93.3
A0AAQ3XCG4,356,90.1
A0AAQ3XDA6,356,93.5
A0AAQ3XEA2,351,93.8
A0AAQ4Q114,432,96.2
A0AAQ4S355,472,92.6
A0AAQ5X179,437,97.6
A0AAQ5XAY1,439,96.8
A0AAQ5Y3S0,432,94.6
A0AAQ5Z856,435,97.8
A0AAQ5ZR95,437,97.6
A0AAQ6A9Q3,437,97.6
A0AAR2JSQ7,428,95.7
A0AAT9GWH1,298,96.9
A0AAT9HW08,80,71.6
A0AAT9HWJ0,60,72.0
A0AAU1I477,283,97.3
A0AAU1I775,269,98.3
A0AAU1IC92,269,97.6
A0AAU1LK91,284,96.1
A0AAU1UBC7,281,96.2
A0AAU2A8A6,286,97.9
A0AAU2H4C1,301,98.6
A0AAU2HAL7,270,98.5
A0AAU2HEW3,288,96.7
A0AAU2K2D8,285,96.7
A0AAU2K3A4,269,98.2
A0AAU2V7P9,286,98.1
A0AAU2VDU9,269,98.4
A0AAU3H4A4,283,97.1
A0AAU3HR60,269,98.7
A0AAU3HVM4,285,97.2
A0AAU6WJC6,358,92.2
A0AAU7B3G6,246,90.1
A0AAU7EFE9,290,93.8
A0AAU7EG80,324,92.3
A0AAU7KGC4,273,94.7
A0AAU7KSU2,260,96.2
A0AAU7MTE2,241,94.8
A0AAU7RY35,245,96.6
A0AAU7SHS6,245,96.6
A0AAU8IVA8,286,97.1
A0AAU8JPL9,269,98.6
A0AAU8KRZ4,285,95.4
A0AAU8MSI0,313,98.2
A0AAU8RIP0,240,95.5
A0AAU8TKU6,301,97.9
A0AAU9ASS0,346,96.4
A0AAU9KU22,337,95.0
A0AAU9L2Q4,232,93.5
A0AAU9LEH6,362,93.2
A0AAU9LQV9,323,97.1
A0AAU9M4G3,269,87.4
A0AAU9M8C5,301,96.9
A0AAU9MCZ0,329,96.4
A0AAU9NEQ9,328,97.5
A0AAU9NMM9,329,95.9
A0AAU9NNJ2,355,93.8
A0AAU9P2X6,277,79.0
A0AAU9P300,325,95.0
A0AAU9P3F3,305,95.3
A0AAU9P3I2,249,86.5
A0AAU9P4M5,250,83.7
A0AAU9PIY2,340,95.6
A0AAU9PK05,337,95.0
A0AAU9WDB8,310,93.4
A0AAU9WFJ4,276,91.4
A0AAU9WFM1,309,95.0
A0AAU9WGN4,249,94.8
A0AAU9WHW5,294,96.5
A0AAU9WI44,343,89.5
A0AAU9WPB8,293,96.0
A0AAU9WPJ8,250,96.7
A0AAU9XDJ2,309,81.3
A0AAU9XDP3,438,96.1
A0AAU9XDY0,446,96.8
A0AAU9XEH8,284,88.7
A0AAU9XEI7,445,95.9
A0AAU9XEN4,274,89.4
A0AAU9XFP2,165,85.7
A0AAU9XJ70,253,88.4
A0AAU9Y0L2,260,94.9
A0AAU9YR33,386,91.6
A0AAU9ZCW9,353,97.5
A0AAU9ZQL3,432,95.4
A0AAV0AT52,365,95.0
A0AAV0B387,219,96.6
A0AAV0BI07,307,97.3
A0AAV0BJD1,311,80.8
A0AAV0BSM7,109,91.1
A0AAV0BTF9,239,87.6
A0AAV0D8A7,246,69.4
A0AAV0D8C6,328,94.9
A0AAV0D9J7,170,66.2
A0AAV0DC65,247,82.7
A0AAV0DDY2,332,95.5
A0AAV0E6W5,332,94.5
A0AAV0EUW0,332,95.0
A0AAV0F653,324,96.6
A0AAV0F674,328,95.5
A0AAV0GYJ1,328,94.8
A0AAV0GYJ9,323,96.7
A0AAV0IP74,191,86.3
A0AAV0IPS2,157,92.3
A0AAV0IRM0,95,63.2
A0AAV0KGU5,377,90.5
A0AAV0KGU8,266,92.2
A0AAV0KH15,342,95.4
A0AAV0KHA4,219,76.1
A0AAV0KHB9,342,95.8
A0AAV0KHF7,343,95.5
A0AAV0KHJ9,343,87.2
A0AAV0KID9,343,95.8
A0AAV0KIE9,343,95.9
A0AAV0KIG3,341,96.0
A0AAV0KIW6,246,73.4
A0AAV0KIW7,343,95.3
A0AAV0KJ21,377,90.2
A0AAV0KJ97,300,97.0
A0AAV0KJI5,255,71.0
A0AAV0KJN7,376,90.3
A0AAV0KKR9,262,89.7
A0AAV0KKU9,331,96.4
A0AAV0KL44,342,96.7
A0AAV0KL84,377,90.4
A0AAV0KL96,377,90.7
A0AAV0L826,110,56.6
A0AAV0LWL0,323,97.3
A0AAV0N836,67,73.8
A0AAV0N856,86,62.7
A0AAV0ND81,194,84.6
A0AAV0PBF5,324,96.9
A0AAV0PBK9,327,96.8
A0AAV0PBZ6,295,87.5
A0AAV0PC46,324,96.9
A0AAV0PCB3,302,96.3
A0AAV0PCJ9,299,88.3
A0AAV0PCK7,335,93.7
A0AAV0PCM8,233,72.5
A0AAV0PCN1,325,96.2
A0AAV0PCP3,322,96.4
A0AAV0PCS3,297,94.1
A0AAV0PD83,327,95.1
A0AAV0PD89,337,92.0
A0AAV0PD91,334,92.4
A0AAV0PDA9,324,96.5
A0AAV0PDB0,325,96.5
A0AAV0PDB7,310,89.7
A0AAV0PDC2,245,70.9
A0AAV0PDF8,339,96.6
A0AAV0PE40,291,94.5
A0AAV0PE66,335,94.2
A0AAV0PE72,328,96.3
A0AAV0PE99,326,94.8
A0AAV0TFG8,329,97.5
A0AAV0TQH7,319,89.8
A0AAV0TZW1,377,91.1
A0AAV0U2A6,378,90.8
A0AAV0U3J4,391,91.2
A0AAV0U988,343,96.8
A0AAV0UD10,334,95.4
A0AAV0UD26,322,90.3
A0AAV0UFB5,332,95.8
A0AAV0UGV2,334,94.9
A0AAV0UHU3,333,96.5
A0AAV0UKA0,351,96.5
A0AAV0UTT5,353,96.7
A0AAV0UV36,486,77.1
A0AAV0UVP2,392,91.7
A0AAV0UVW7,330,97.6
A0AAV0UWJ7,330,97.5
A0AAV0V041,339,92.1
A0AAV0YYA1,325,96.0
A0AAV0YYV2,325,96.4
A0AAV0YZF1,325,96.1
A0AAV0YZZ9,324,97.2
A0AAV0Z014,325,96.2
A0AAV0Z1G0,333,96.9
A0AAV0Z2H5,326,96.6
A0AAV0Z3C4,336,96.3
A0AAV1ATB2,302,96.1
A0AAV1AVH4,302,96.4
A0AAV1BW14,322,97.5
A0AAV1BW24,329,95.9
A0AAV1C080,329,96.7
A0AAV1DR03,322,96.1
A0AAV1EU58,438,97.3
A0AAV1FSF0,347,96.1
A0AAV1FSZ5,434,97.6
A0AAV1FWW4,433,97.8
A0AAV1H1T1,432,96.0
A0AAV1HKY4,438,97.0
A0AAV1N112,437,97.5
A0AAV1N299,437,97.3
A0AAV1N484,433,95.3
A0AAV1P4H2,410,95.3
A0AAV1P646,435,97.5
A0AAV1PBZ1,352,97.9
A0AAV1RPP7,331,93.4
A0AAV1SH10,337,96.9
A0AAV1SIL4,317,96.4
A0AAV1SJN9,331,96.9
A0AAV1SKZ2,327,97.3
A0AAV1T0B6,332,94.6
A0AAV1UFK2,351,96.5
A0AAV1UU79,543,74.6
A0AAV1UUI4,394,89.9
A0AAV1WJ01,320,97.0
A0AAV1WJ15,320,95.9
A0AAV1WJ25,320,97.0
A0AAV1WJ98,295,94.9
A0AAV1WJU8,295,95.6
A0AAV1WJY0,339,94.7
A0AAV1WK00,332,94.4
A0AAV1WK02,320,95.4
A0AAV1WK21,320,96.7
A0AAV2CAH3,322,94.8
A0AAV2CAH8,328,95.7
A0AAV2CCA7,323,96.7
A0AAV2CJ11,94,61.6
A0AAV2CJ23,99,62.3
A0AAV2DU16,378,89.8
A0AAV2DUU7,335,96.1
A0AAV2EGR3,323,96.4
A0AAV2FHY5,331,95.9
A0AAV2FI49,332,96.9
A0AAV2FI73,333,97.1
A0AAV2FIX1,325,96.4
A0AAV2FJC1,324,96.6
A0AAV2FJU7,327,95.0
A0AAV2H9A7,96,72.3
A0AAV2I325,282,92.3
A0AAV2IBA7,348,92.2
A0AAV2ID48,93,92.9
A0AAV2IQW6,284,94.3
A0AAV2J037,435,97.8
A0AAV2J9S7,432,97.4
A0AAV2JZN2,430,95.6
A0AAV2KRH7,354,97.2
A0AAV2LM82,434,97.7
A0AAV2QBX0,197,86.2
A0AAV2QDB1,223,86.7
A0AAV2R3N2,90,81.6
A0AAV2SB49,74,82.9
A0AAV2T9N0,414,80.7
A0AAV2VYF3,306,95.1
A0AAV2YAN2,317,92.5
A0AAV2YI36,353,88.6
A0AAV2YL68,251,86.1
A0AAV2YLR3,356,84.1
A0AAV2YMG5,123,75.7
A0AAV2YQR1,356,86.9
A0AAV2YTA9,330,93.2
A0AAV2Z0Q5,350,91.5
A0AAV2Z294,293,87.0
A0AAV2Z3L5,479,77.1
A0AAV2Z5P0,323,93.3
A0AAV2Z9U8,337,92.1
A0AAV2ZA52,407,86.5
A0AAV2ZC05,345,94.0
A0AAV2ZDU1,350,92.6
A0AAV2ZEZ8,388,69.8
A0AAV2ZL06,162,68.0
A0AAV2ZM57,289,96.2
A0AAV3ANS4,432,95.1
A0AAV3AQX7,322,90.7
A0AAV3ARD3,289,96.5
A0AAV3B0N1,439,96.7
A0AAV3B309,331,91.2
A0AAV3PS78,365,93.8
A0AAV3Q0Z4,325,95.9
A0AAV3QTV2,335,96.0
A0AAV3RBK1,324,96.7
A0AAV3RC73,357,93.6
A0AAV3X2D7,321,90.0
A0AAV3Y3A3,115,67.2
A0AAV3ZSK9,179,81.3
A0AAV4B738,372,89.2
A0AAV4F8E5,277,94.2
A0AAV4HL71,347,87.1
A0AAV4IQ38,337,87.8
A0AAV4JTX0,315,88.5
A0AAV4JUX5,81,78.0
A0AAV4KD62,285,97.6
A0AAV4KS32,269,98.2
A0AAV4PWM4,183,81.8
A0AAV4PYT2,114,67.8
A0AAV5AL26,308,93.0
A0AAV5C2Y6,338,92.7
A0AAV5C374,121,77.6
A0AAV5C3U7,329,95.6
A0AAV5C461,333,96.6
A0AAV5C4W7,330,96.8
A0AAV5CTB7,119,83.4
A0AAV5CUA3,309,92.0
A0AAV5CUF9,211,88.1
A0AAV5D8P6,335,92.0
A0AAV5D987,383,89.5
A0AAV5DGW2,355,91.2
A0AAV5E484,333,95.1
A0AAV5E4Y4,206,91.4
A0AAV5E5M2,154,66.5
A0AAV5EVD3,152,94.2
A0AAV5EVG4,118,78.4
A0AAV5EZW6,334,96.0
A0AAV5FUW4,371,92.2
A0AAV5G052,242,95.9
A0AAV5IQU0,330,97.1
A0AAV5SIS3,159,79.8
A0AAV5ST96,349,91.9
A0AAV5T4N0,270,95.5
A0AAV5TAE6,286,95.7
A0AAV5TB08,335,94.5
A0AAV5TCG8,254,93.2
A0AAV5TPF9,347,94.2
A0AAV5TW37,349,93.2
A0AAV5TWJ0,319,95.2
A0AAV5V305,354,90.3
A0AAV5VBP9,349,93.0
A0AAV5VKD6,335,94.3
A0AAV5VKK5,324,94.6
A0AAV5VUR0,286,94.2
A0AAV5VZB7,347,93.0
A0AAV5WAY5,319,96.4
A0AAV5WB57,407,93.1
A0AAV6FFQ9,165,95.3
A0AAV6GAX8,432,97.7
A0AAV6H7X6,363,94.6
A0AAV6HW47,323,96.8
A0AAV6LBJ8,323,96.7
A0AAV6LBV0,310,87.9
A0AAV6M075,325,95.6
A0AAV6MNP7,321,97.2
A0AAV6MPW7,321,96.9
A0AAV6PZD6,435,97.7
A0AAV6QBS0,430,97.2
A0AAV6QV07,436,96.7
A0AAV6RCW8,433,95.7
A0AAV6SET8,434,97.6
A0AAV6W4D0,324,91.5
A0AAV6W7X4,330,96.1
A0AAV6W8L2,330,95.4
A0AAV6WUS6,336,94.1
A0AAV6X330,323,97.0
A0AAV6X6T9,263,68.3
A0AAV6XAP9,292,93.1
A0AAV6XU46,331,93.9
A0AAV6XV19,120,91.7
A0AAV6XVW6,325,92.3
A0AAV6XZU2,323,96.6
A0AAV6Y0Z5,301,82.2
A0AAV6Y1F0,325,94.4
A0AAV6Y2K4,330,91.7
A0AAV6Y5F3,416,71.0
A0AAV6YVT0,318,64.0
A0AAV6YVU6,219,79.4
A0AAV7A7P3,199,79.8
A0AAV7AKK6,418,94.2
A0AAV7AKK8,200,92.3
A0AAV7CMP1,432,95.3
A0AAV7DG22,434,96.3
A0AAV7E4A4,331,92.7
A0AAV7E4W5,339,91.2
A0AAV7EM17,320,94.6
A0AAV7EML1,326,95.9
A0AAV7ER32,319,95.7
A0AAV7EZ80,323,96.6
A0AAV7F0A6,336,95.8
A0AAV7G5I4,313,87.9
A0AAV7G994,328,96.8
A0AAV7GC29,332,94.2
A0AAV7GE37,322,97.2
A0AAV7JPI2,465,84.6
A0AAV7NJ16,431,95.6
A0AAV7NUV3,438,97.5
A0AAV7NZD3,347,86.2
A0AAV7NZJ4,314,89.7
A0AAV7P288,419,95.2
A0AAV7P2D4,419,95.6
A0AAV7P3B6,201,84.3
A0AAV7P3W7,270,82.4
A0AAV7W153,439,97.3
A0AAV8P7P5,241,80.7
A0AAV8PEK4,193,75.9
A0AAV8Q501,314,96.4
A0AAV8Q7T1,90,84.9
A0AAV8QBQ6,332,97.6
A0AAV8QF87,314,97.2
A0AAV8QV23,324,93.8
A0AAV8REC8,332,97.2
A0AAV8T166,324,96.5
A0AAV8T4D0,336,96.9
A0AAV8T5G7,331,97.1
A0AAV9AZV8,331,95.3
A0AAV9B0B5,332,95.8
A0AAV9BVQ4,333,97.2
A0AAV9BXJ3,324,96.9
A0AAV9CA53,328,95.5
A0AAV9DPP7,330,96.6
A0AAV9DQ84,327,96.7
A0AAV9DQH4,283,91.6
A0AAV9DQI7,279,76.9
A0AAV9DSD6,333,96.8
A0AAV9DSK6,331,97.5
A0AAV9FHM4,300,93.4
A0AAV9FIQ9,292,86.8
A0AAV9FJX0,332,95.6
A0AAV9FKL6,330,95.5
A0AAV9FM47,337,97.1
A0AAV9FMH7,333,96.8
A0AAV9G2J4,300,97.7
A0AAV9G352,331,93.9
A0AAV9G4I9,365,98.3
A0AAV9G5V3,282,96.5
A0AAV9G669,317,96.7
A0AAV9G6D4,352,98.2
A0AAV9G6Z5,369,96.1
A0AAV9G7I8,283,96.7
A0AAV9G7K8,322,91.2
A0AAV9GAI2,357,97.5
A0AAV9GCS2,308,93.1
A0AAV9GE37,276,97.9
A0AAV9GE59,315,98.3
A0AAV9GEE9,327,91.5
A0AAV9GF68,297,97.8
A0AAV9GFC7,392,97.0
A0AAV9GFL8,437,84.4
A0AAV9GFY6,361,98.2
A0AAV9GGJ3,363,97.8
A0AAV9GH02,278,96.9
A0AAV9GH49,810,74.0
A0AAV9GI39,375,96.6
A0AAV9GJ60,275,96.6
A0AAV9GKC3,370,95.5
A0AAV9GKY7,296,98.0
A0AAV9GL33,321,98.0
A0AAV9GLL4,311,98.4
A0AAV9GLN7,382,97.6
A0AAV9GLX0,354,97.8
A0AAV9GMH2,406,89.2
A0AAV9GMT2,316,95.8
A0AAV9GMT8,264,98.2
A0AAV9GQ68,367,97.8
A0AAV9GQH8,376,97.6
A0AAV9GQQ3,360,97.4
A0AAV9GQR2,353,85.2
A0AAV9GQZ8,321,97.3
A0AAV9GRP9,333,98.3
A0AAV9GSE5,365,96.0
A0AAV9GST8,293,96.7
A0AAV9GWB4,489,86.9
A0AAV9GWL6,360,98.3
A0AAV9GWZ3,274,96.5
A0AAV9GYC2,359,87.0
A0AAV9H0Z4,355,89.8
A0AAV9H153,382,95.9
A0AAV9H1R6,254,74.0
A0AAV9H1S9,345,97.2
A0AAV9H3L9,279,96.5
A0AAV9H3R4,254,89.5
A0AAV9H4Y7,378,93.7
A0AAV9H5N3,316,95.7
A0AAV9H6A4,364,98.1
A0AAV9H7L1,238,76.2
A0AAV9HDW3,273,96.5
A0AAV9HFW5,315,97.5
A0AAV9HGX2,352,96.2
A0AAV9HJ01,342,93.5
A0AAV9HJ72,377,97.2
A0AAV9HKI4,374,96.8
A0AAV9HL35,319,96.4
A0AAV9HP34,351,95.9
A0AAV9HQU8,314,97.0
A0AAV9HUP8,273,98.3
A0AAV9HZ49,368,97.6
A0AAV9HZR5,297,98.1
A0AAV9HZS2,361,97.7
A0AAV9I0V0,323,93.5
A0AAV9I382,384,92.3
A0AAV9I5B0,283,95.9
A0AAV9ILT6,309,95.8
A0AAV9J8F3,289,90.3
A0AAV9JCG9,360,97.9
A0AAV9JI42,367,97.1
A0AAV9JT62,349,95.0
A0AAV9JWE2,375,96.7
A0AAV9JX95,370,97.9
A0AAV9K000,328,96.5
A0AAV9K201,337,83.5
A0AAV9KF22,295,96.8
A0AAV9LQQ6,328,96.3
A0AAV9LQR9,333,95.9
A0AAV9LQX7,199,72.9
A0AAV9LRB4,333,96.1
A0AAV9LRD9,334,93.9
A0AAV9LRL5,311,93.1
A0AAV9LRN0,332,93.9
A0AAV9LS32,326,95.5
A0AAV9LTF8,332,93.8
A0AAV9LU64,323,88.0
A0AAV9LU83,256,89.2
A0AAV9LU99,334,94.0
A0AAV9LUB5,335,94.6
A0AAV9LUM7,285,95.7
A0AAV9N1J6,236,96.4
A0AAV9N2L3,507,93.5
A0AAV9N3G0,360,97.7
A0AAV9N4W8,355,81.3
A0AAV9NEM7,323,97.3
A0AAV9NER1,295,79.3
A0AAV9NJ01,397,91.2
A0AAV9NM11,346,96.9
A0AAV9NM54,380,95.6
A0AAV9P0U3,365,97.4
A0AAV9P1Y4,371,97.7
A0AAV9PAA9,366,95.7
A0AAV9PFW9,379,96.1
A0AAV9PSX3,296,97.5
A0AAV9PXW8,186,78.5
A0AAV9PYQ5,323,97.7
A0AAV9Q2N9,358,96.9
A0AAV9Q5G6,359,97.9
A0AAV9Q813,514,85.5
A0AAV9QGM4,318,96.2
A0AAV9QK65,348,95.9
A0AAV9RH71,437,97.6
A0AAV9RIM6,432,97.7
A0AAV9RYA1,354,97.8
A0AAV9S5W9,432,98.0
A0AAV9S668,429,96.2
A0AAV9SWF4,273,96.8
A0AAV9SY11,365,96.8
A0AAV9T0C6,354,96.6
A0AAV9T0H0,386,96.3
A0AAV9T8J0,304,97.8
A0AAV9T8U9,413,87.4
A0AAV9T9W1,351,98.2
A0AAV9TDU7,307,97.4
A0AAV9TIW1,362,96.9
A0AAV9TJ72,389,89.0
A0AAV9TJT0,360,96.5
A0AAV9TKI4,388,72.6
A0AAV9TLG9,232,82.7
A0AAV9TLV0,357,97.3
A0AAV9TRZ8,373,97.7
A0AAV9TS26,366,92.1
A0AAV9TTB1,334,67.6
A0AAV9TV43,376,97.1
A0AAV9TVS5,363,97.1
A0AAV9TYZ1,218,81.7
A0AAV9U0H3,322,97.4
A0AAV9U1M6,458,87.3
A0AAV9U3Q6,309,92.2
A0AAV9U7U0,338,92.2
A0AAV9UA50,393,88.4
A0AAV9UB47,359,94.8
A0AAV9UJ91,398,91.3
A0AAV9UL21,406,87.7
A0AAV9UL65,401,96.0
A0AAV9ULA6,384,95.2
A0AAV9UNB0,359,93.1
A0AAV9UQM9,313,97.8
A0AAV9UT42,298,64.0
A0AAV9V0T6,311,93.8
A0AAV9V3C4,365,97.0
A0AAV9V4Z5,309,97.9
A0AAV9V5C2,363,96.7
A0AAV9V5G2,208,32.6
A0AAV9V6U2,330,96.1
A0AAV9V828,333,96.9
A0AAV9V9T8,189,90.7
A0AAV9VGE1,345,94.3
A0AAV9VIH5,241,85.8
A0AAV9VIS4,366,97.3
A0AAV9VJN4,362,94.8
A0AAV9VLS4,412,91.8
A0AAV9VLZ7,425,84.1
A0AAV9VMU8,399,92.3
A0AAV9VWS4,320,97.2
A0AAV9VX17,345,95.4
A0AAV9W0J7,349,83.1
A0AAV9W2Y7,369,96.4
A0AAV9W3C3,365,93.6
A0AAV9W5A3,416,93.8
A0AAV9W6Y6,263,88.3
A0AAV9W7Y2,364,97.4
A0AAV9W8G5,322,97.4
A0AAV9WDN7,417,82.1
A0AAV9WFZ0,219,91.5
A0AAV9WG77,356,92.3
A0AAV9WGP2,482,66.8
A0AAV9WIJ7,432,91.5
A0AAV9WJA4,386,94.5
A0AAV9WPE4,365,97.6
A0AAV9WQK5,309,97.9
A0AAV9WSZ8,360,95.1
A0AAV9WTG2,340,93.6
A0AAV9WTT3,369,97.1
A0AAV9WVI6,333,97.4
A0AAV9WVQ3,252,86.6
A0AAV9WYC9,351,91.9
A0AAV9WYP6,357,97.1
A0AAV9WYY8,321,97.8
A0AAV9X0N3,360,87.2
A0AAV9X261,333,96.4
A0AAV9X2B5,444,81.3
A0AAV9X4Y9,369,96.2
A0AAV9X5N6,361,94.7
A0AAV9XAI9,363,97.5
A0AAV9XCL7,375,90.2
A0AAV9XET0,339,94.4
A0AAV9XFA3,396,89.7
A0AAV9XGV3,347,96.4
A0AAV9XIT1,312,98.1
A0AAV9XIV8,377,92.2
A0AAV9XJB6,360,96.2
A0AAV9XKK2,365,97.7
A0AAV9XS44,380,93.2
A0AAV9ZV20,333,96.9
A0AAW0BU78,346,89.3
A0AAW0BU79,316,91.1
A0AAW0BUC1,130,69.3
A0AAW0C1Q8,391,90.6
A0AAW0CBD3,337,95.3
A0AAW0CEC5,306,91.6
A0AAW0CEJ6,213,95.1
A0AAW0CQ31,309,97.0
A0AAW0D5P8,67,68.0
A0AAW0D5W7,265,94.3
A0AAW0DBD9,339,96.3
A0AAW0DCV9,321,91.0
A0AAW0DF22,307,93.6
A0AAW0DL74,258,87.9
A0AAW0DRS1,252,92.7
A0AAW0G9Z5,317,98.0
A0AAW0GHL6,330,98.2
A0AAW0GI35,373,90.3
A0AAW0IL15,381,90.6
A0AAW0JAN0,105,88.3
A0AAW0JXA3,343,60.8
A0AAW0JZX2,325,79.5
A0AAW0KIT8,330,96.8
A0AAW0MAT5,321,93.3
A0AAW0MVQ9,423,90.1
A0AAW0N3K3,353,97.8
A0AAW0P4U7,437,97.5
A0AAW0PFQ4,413,86.0
A0AAW0PKN3,315,96.2
A0AAW0Q3H3,279,97.9
A0AAW0Q5S1,328,80.1
A0AAW0Q7W6,279,97.9
A0AAW0Q806,370,97.7
A0AAW0Q946,272,98.6
A0AAW0QD99,348,86.5
A0AAW0QEJ6,360,96.8
A0AAW0QEN6,359,91.6
A0AAW0QFG3,370,94.5
A0AAW0QHX5,285,95.4
A0AAW0QIT9,406,84.3
A0AAW0QJE6,361,97.1
A0AAW0QMD1,293,98.2
A0AAW0QMN1,362,92.6
A0AAW0QQ86,251,74.0
A0AAW0QQB4,408,86.2
A0AAW0QU21,360,96.1
A0AAW0QU34,338,93.7
A0AAW0QUJ7,373,97.6
A0AAW0QY08,308,90.4
A0AAW0QZE1,279,97.9
A0AAW0R186,321,76.9
A0AAW0R1D0,321,78.7
A0AAW0R297,252,82.1
A0AAW0R323,386,95.0
A0AAW0R484,360,90.3
A0AAW0R486,371,96.3
A0AAW0R494,370,96.0
A0AAW0R5B2,429,88.3
A0AAW0R5L3,270,97.5
A0AAW0R6S9,363,97.5
A0AAW0R6Y1,352,97.9
A0AAW0RA81,394,89.5
A0AAW0RAF8,371,97.0
A0AAW0RCU8,309,92.9
A0AAW0RDJ2,356,92.5
A0AAW0REN9,313,97.7
A0AAW0RL97,265,97.6
A0AAW0RWB0,350,95.8
A0AAW0RYN0,340,96.9
A0AAW0RZS7,375,94.5
A0AAW0S6A5,319,91.8
A0AAW0S788,217,86.8
A0AAW0S807,427,91.9
A0AAW0Y788,133,80.0
A0AAW1BHH7,495,82.5
A0AAW1C1T5,353,97.6
A0AAW1EE71,435,97.5
A0AAW1ETR3,354,97.7
A0AAW1FPI5,434,97.7
A0AAW1FT31,429,96.3
A0AAW1FYT0,354,97.8
A0AAW1G8T0,408,88.7
A0AAW1KAG8,334,95.8
A0AAW1MSU4,307,94.8
A0AAW1MX99,214,88.9
A0AAW1MZD2,310,93.9
A0AAW1NAD2,335,94.9
A0AAW1PJY0,372,85.9
A0AAW1PVV6,395,72.3
A0AAW1R416,359,87.1
A0AAW1R6D9,297,81.0
A0AAW1X7N6,135,88.3
A0AAW1XHD6,321,97.0
A0AAW1XIG5,322,97.2
A0AAW1XJ06,322,97.5
A0AAW1ZNT7,434,97.5
A0AAW2A843,429,95.2
A0AAW2AI30,437,97.7
A0AAW2B4K4,352,96.9
A0AAW2BX62,330,97.2
A0AAW2J0M6,323,96.3
A0AAW2JGL0,224,82.7
A0AAW2JIK6,216,63.3
A0AAW2JUJ0,274,90.8
A0AAW2K2Z4,331,92.3
A0AAW2K2Z5,329,94.7
A0AAW2K313,305,96.4
A0AAW2K3I5,331,88.3
A0AAW2K3M1,219,67.4
A0AAW2K438,326,78.2
A0AAW2K4S6,324,95.8
A0AAW2KAY8,199,87.9
A0AAW2KBA3,79,89.1
A0AAW2KDD6,123,88.8
A0AAW2KEQ4,177,66.2
A0AAW2KFM7,311,80.2
A0AAW2KI31,332,91.7
A0AAW2KIA4,332,92.8
A0AAW2KIK0,115,73.2
A0AAW2KIN2,324,96.4
A0AAW2KJM2,178,88.9
A0AAW2KK66,88,67.1
A0AAW2KM54,258,85.0
A0AAW2KU28,168,93.3
A0AAW2KU48,114,88.0
A0AAW2KUV5,268,77.8
A0AAW2KUY8,187,74.2
A0AAW2KWH3,324,97.1
A0AAW2KWT0,332,94.0
A0AAW2KYF0,188,90.1
A0AAW2KYY0,331,91.5
A0AAW2KZ94,77,95.3
A0AAW2KZP3,125,82.2
A0AAW2L0H7,140,89.3
A0AAW2LMW0,331,92.9
A0AAW2LMY5,247,75.9
A0AAW2LP90,329,95.8
A0AAW2LQ47,324,97.4
A0AAW2LQ88,152,94.2
A0AAW2LR86,230,84.2
A0AAW2MA93,310,78.2
A0AAW2MB30,326,93.6
A0AAW2MB87,332,95.1
A0AAW2MD49,324,92.5
A0AAW2MDW8,285,93.1
A0AAW2ME38,324,81.6
A0AAW2PAR5,323,96.7
A0AAW2PCD8,177,85.7
A0AAW2PCP3,332,92.7
A0AAW2PDI7,332,92.6
A0AAW2PEN6,98,68.7
A0AAW2PFE9,321,95.0
A0AAW2PH40,272,97.3
A0AAW2Q464,324,96.2
A0AAW2Q483,332,93.4
A0AAW2Q488,332,92.0
A0AAW2Q493,237,69.0
A0AAW2Q4N2,325,95.4
A0AAW2Q6H6,323,96.9
A0AAW2T3A6,330,97.6
A0AAW2T464,247,84.1
A0AAW2T484,84,74.7
A0AAW2T4B2,148,88.2
A0AAW2T4T7,332,93.4
A0AAW2T5C5,332,91.7
A0AAW2T782,300,89.4
A0AAW2T9S9,205,89.2
A0AAW2TNR2,324,96.5
A0AAW2TNW9,272,90.6
A0AAW2TP12,302,88.4
A0AAW2TPU7,324,91.4
A0AAW2TQ19,323,95.3
A0AAW2TQ77,140,78.3
A0AAW2TQ89,94,68.4
A0AAW2TRQ5,335,86.1
A0AAW2WLU2,167,93.0
A0AAW2WLU5,125,76.8
A0AAW2WPE5,170,73.6
A0AAW2WPH4,251,75.9
A0AAW2WPR6,311,94.9
A0AAW2WSM8,291,91.4
A0AAW2WUC3,297,93.0
A0AAW2YXC5,315,93.0
A0AAW3DP87,440,97.6
A0AAW3N5S9,395,90.7
A0AAW4GB66,348,97.2
A0AAW5AIV8,312,91.0
A0AAW5T4F7,284,96.6
A0AAW5ZGK4,273,97.6
A0AAW5ZQG9,226,71.1
A0AAW7XA35,364,89.3
A0AAW8FMU8,285,96.6
A0AAW9D0C5,392,89.3
A0AAX0U970,392,90.0
A0AAX2M5H7,281,96.2
A0AAX2RJL4,395,89.9
A0AAX2ZPI5,284,96.5
A0AAX3G8D4,301,97.1
A0AAX3IF49,301,97.8
A0AAX3SQH6,210,70.4
A0AAX3SQM0,105,60.8
A0AAX3ZJ40,285,97.8
A0AAX4HVW2,304,98.2
A0AAX4I0H5,374,97.0
A0AAX4I189,383,96.5
A0AAX4I3W6,368,96.8
A0AAX4I3X6,379,96.5
A0AAX4I4P2,72,55.6
A0AAX4IBI2,355,98.1
A0AAX4IHE0,553,79.0
A0AAX4IHQ5,119,80.2
A0AAX4IHU9,366,91.5
A0AAX4III9,373,97.8
A0AAX4IJG7,268,95.4
A0AAX4IR68,389,90.1
A0AAX4IRE6,357,97.4
A0AAX4IRV8,358,96.7
A0AAX4ISH2,361,92.0
A0AAX4IUW6,351,98.2
A0AAX4IV46,304,98.2
A0AAX4IXQ2,411,88.4
A0AAX4IYC0,307,97.2
A0AAX4J2W2,273,96.9
A0AAX4JFT9,227,96.9
A0AAX6BME2,291,97.3
A0AAX6DFK4,345,92.5
A0AAX6DNU9,347,91.2
A0AAX6E5A0,347,93.1
A0AAX6E935,367,89.2
A0AAX6EJQ7,405,73.1
A0AAX6EKB9,350,89.4
A0AAX6EKC4,349,90.3
A0AAX6EML1,359,92.7
A0AAX6EMW0,378,76.7
A0AAX6EPF7,343,93.5
A0AAX6EVH6,179,77.3
A0AAX6F4X5,343,93.0
A0AAX6F5C9,175,89.1
A0AAX6FKK5,190,78.9
A0AAX6G014,347,91.9
A0AAX6GG64,348,92.1
A0AAX6HUM3,270,77.8
A0AAX6IB95,345,91.2
A0AAX6IBA4,131,56.4
A0AAX6IBX6,365,88.8
A0AAX6IBY8,347,92.7
A0AAX6IC71,347,91.0
A0AAX6IDV5,350,90.0
A0AAX6IDW7,345,92.5
A0AAX6MAA0,229,66.5
A0AAX6MEQ5,200,85.6
A0AAX6MIX9,79,76.9
A0AAX6MJK2,310,85.0
A0AAX6MK48,359,91.2
A0AAX6MKY9,372,96.9
A0AAX6MMI5,349,92.1
A0AAX6MN94,384,93.9
A0AAX6MNZ2,120,72.2
A0AAX6MQS0,151,84.2
A0AAX6MR29,145,96.9
A0AAX6MUB6,352,93.4
A0AAX6MY24,219,83.6
A0AAX6N8C7,291,96.8
A0AAX6NW88,354,97.6
A0AAX6NWD9,369,97.6
A0AAX6Q5K4,452,95.4
A0AAX6QCB8,432,95.5
A0AAX7SMN4,430,97.5
A0AAX7SQZ7,354,97.7
A0AAX7TC49,435,97.5
A0AAX7TTQ8,432,94.3
A0AAX7TXW4,430,97.4
A0AAX7TYZ9,354,97.5
A0AAX7U8V1,369,97.4
A0AAX7UCM2,437,97.2
A0AAX7UM13,429,95.3
A0AAX7UUV6,432,94.2
A0AAX7V641,430,97.6
A0AAY4AAH0,434,97.3
A0AAY4AKJ8,430,97.5
A0AAY4B6X4,430,97.3
A0AAY4B9S1,369,97.6
A0AAY4B9S7,354,97.7
A0AAY4DAA3,434,98.0
A0AAY4DGX2,431,95.2
A0AAY4DHZ8,428,95.4
A0AAZ3NQW4,379,77.3
A0AAZ3PEP9,436,94.7
A0AAZ3PG11,436,95.4
A0AAZ3PSK8,162,70.5
A0AAZ3PVG4,438,96.2
A0AAZ3PZM4,429,97.4
A0AAZ3Q1B1,440,96.2
A0AAZ3QFD9,348,97.4
A0AAZ3R9K4,378,75.0
A0AB32V0V2,339,76.4
A0AB32V1Y7,337,97.4
A0AB32VJG4,325,97.0
A0AB32WH89,330,96.6
A0AB32WIV2,329,96.6
A0AB32WLL1,323,96.8
A0AB33BFT5,313,96.9
A0AB33K706,285,97.3
A0AB33VCY9,265,96.5
A0AB33VFM8,273,97.6
A0AB33WR39,287,96.9
A0AB34C678,301,97.0
A0AB34FBJ6,142,42.1
A0AB34FF60,180,85.6
A0AB34FH03,339,93.5
A0AB34G1W5,375,94.7
A0AB34G7B4,337,89.5
A0AB34H8K3,375,74.6
A0AB34I616,364,66.0
A0AB34KA08,281,76.0
A0AB34KA35,288,90.1
A0AB34KA60,371,97.0
A0AB34KAC0,237,81.8
A0AB34KCX1,166,86.2
A0AB34KDN9,189,60.9
A0AB34KIC5,376,95.9
A0AB34KIL7,365,96.8
A0AB34KIU8,333,97.3
A0AB34KK03,372,96.6
A0AB34KKP4,347,91.0
A0AB34KMZ8,375,96.7
A0AB34KNK6,333,96.0
A0AB34KRY9,318,95.9
A0AB34KUD4,370,98.2
A0AB34KVN9,323,97.1
A0AB34KXU4,371,96.7
A0AB34KZZ7,359,97.3
A0AB36P7C1,347,93.9
A0AB36TKW0,321,95.7
A0AB37ULT2,297,93.6
A0AB37UNL5,343,96.8
A0AB37W5F0,291,98.2
A0AB37W5F7,361,97.0
A0AB37W628,357,96.8
A0AB37W6N7,127,94.8
A0AB37W830,289,97.9
A0AB37WA51,368,97.6
A0AB37WBD0,336,95.5
A0AB37WDN7,399,93.3
A0AB37WE59,388,96.0
A0AB37WF80,363,98.2
A0AB37WLI1,363,98.2
A0AB37WPQ7,268,84.1
A0AB37WR93,389,91.3
A0AB37WSN9,324,94.0
A0AB37X2G0,306,87.9
A0AB37YN20,249,97.9
A0AB38M0H2,627,75.6
A0AB39M3L1,285,96.9
A0AB39MQJ6,269,98.3
A0AB39MWQ9,283,97.2
A0AB39PCD4,285,97.5
A0AB39PKN3,269,98.1
A0AB39PPR9,269,98.3
A0AB39PV22,283,97.0
A0AB39QJS5,285,97.4
A0AB39R8P8,269,98.2
A0AB39RE11,285,96.9
A0AB39RXM8,270,98.5
A0AB39SBC6,285,97.2
A0AB39T484,269,98.2
A0AB39T4R7,285,98.1
A0AB39TWL9,328,97.1
A0AB39XZI3,270,98.2
A0AB39XZJ9,285,96.2
A0AB39YCZ7,269,98.3
A0AB40AJ23,298,96.2
A0AB40AJS5,324,96.8
A0AB40AKY1,324,96.0
A0AB40BNR7,316,96.6
A0AB40BPK1,314,93.6
A0AB40C3A0,203,79.6
A0AB40CL24,329,96.0
A0AB40D581,292,94.1
A0AB72UHW7,312,95.2
A0AB73FVA4,395,90.3
A0AB74BTV7,327,97.6
A0AB74BWP0,409,89.6
A0AB74BZ39,404,88.2
A0AB74C4H3,367,97.1
A0AB74C971,326,98.0
A0AB74CD63,289,97.2
A0AB74CDD4,597,87.9
A0AB74DFP7,395,90.6
A0AB74IRW4,366,96.0
A0AB74J3K9,368,97.1
A0AB74J716,365,97.9
A0AB74JLQ5,221,86.9
A0AB74JRL7,372,96.7
A0AB74JUA1,365,97.7
A0AB74KDR2,315,92.0
A0AB74UNN5,268,95.5
A0AB74V372,272,95.0
A0ABC8BKR2,269,98.2
A0ABC8C1Z1,285,95.9
A0ABC8RIY8,297,97.3
A0ABC8RJ10,324,95.6
A0ABC8RN46,334,96.7
A0ABC8RNA3,334,96.4
A0ABC8S3Q2,328,96.3
A0ABC8S4A7,326,96.1
A0ABC8S4N4,326,96.7
A0ABC8S9C6,326,96.4
A0ABC8STR4,297,97.4
A0ABC8SYL7,306,94.0
A0ABC8T3G4,322,96.7
A0ABC8TDF6,322,96.9
A0ABC8YRY6,335,94.4
A0ABC8Z289,335,95.2
A0ABC8Z2B9,376,87.9
A0ABC9AMU1,324,96.1
A0ABC9AP56,291,89.3
A0ABC9B1E3,327,96.0
A0ABC9C6A2,297,97.0
A0ABC9CSN2,297,97.1
A0ABC9D1I0,297,97.2
A0ABC9D1J1,202,69.8
A0ABC9D2C6,297,97.2
A0ABC9DN80,334,94.8
A0ABC9E1N6,333,95.3
A0ABC9EA14,333,94.4
A0ABC9F5M8,295,87.3
A0ABC9F5Q9,285,72.1
A0ABC9F744,297,96.8
A0ABC9HG94,334,93.8
A0ABC9W2I6,280,77.7
A0ABC9W5F9,223,81.1
A0ABC9Y2Q8,438,97.6
A0ABD0JLY9,257,53.7
A0ABD0JMJ5,385,90.8
A0ABD0JMK0,474,66.4
A0ABD0K492,264,87.9
A0ABD0PM41,208,92.4
A0ABD0RZQ3,103,88.8
A0ABD0S0T4,83,87.0
A0ABD0U1W8,314,95.1
A0ABD0UGX9,322,94.4
A0ABD0UHC1,322,96.3
A0ABD0V4F5,322,96.5
A0ABD0VGR3,338,91.0
A0ABD0VZS5,433,95.2
A0ABD0WFA0,369,97.7
A0ABD0WIT6,433,97.9
A0ABD0X718,434,97.8
A0ABD0XRB5,430,97.7
A0ABD1G0L1,120,52.1
A0ABD1G0P1,327,95.3
A0ABD1G131,334,96.6
A0ABD1G2M5,333,92.3
A0ABD1G2N0,324,95.2
A0ABD1G2N7,333,92.6
A0ABD1G2P4,333,95.8
A0ABD1G2Q8,326,94.7
A0ABD1G2W5,313,94.8
A0ABD1G2X1,323,96.9
A0ABD1G382,137,78.4
A0ABD1G397,169,75.9
A0ABD1G3C2,333,94.9
A0ABD1G5Q0,345,93.2
A0ABD1G5U5,329,94.9
A0ABD1H5C7,114,82.4
A0ABD1H5D5,616,65.8
A0ABD1H6K2,577,68.0
A0ABD1H8M7,132,76.5
A0ABD1H915,269,87.9
A0ABD1H9L5,108,69.5
A0ABD1I5R2,240,83.1
A0ABD1IJ41,324,92.8
A0ABD1IVV8,433,97.6
A0ABD1J3F5,431,96.3
A0ABD1KAR1,434,97.5
A0ABD1N1E8,326,97.2
A0ABD1N226,327,97.2
A0ABD1N7W4,331,95.7
A0ABD1PTN2,331,94.3
A0ABD1QIQ6,285,92.5
A0ABD1QJW7,251,87.5
A0ABD1QJW8,332,94.2
A0ABD1QJX0,331,92.3
A0ABD1QJX1,66,79.7
A0ABD1QJZ0,331,92.2
A0ABD1QK05,323,96.4
A0ABD1QKA2,330,95.1
A0ABD1QKB9,323,96.5
A0ABD1QKF7,323,94.0
A0ABD1QL93,330,93.3
A0ABD1QNH4,325,92.2
A0ABD1QNK1,332,93.1
A0ABD1QNK3,330,93.6
A0ABD1QTF1,327,94.4
A0ABD1R520,324,94.8
A0ABD1R5X5,331,94.4
A0ABD1RDH2,249,80.0
A0ABD1REJ5,325,95.8
A0ABD1S2W4,323,96.4
A0ABD1S3P3,323,96.4
A0ABD1S779,321,93.7
A0ABD1S784,330,93.4
A0ABD1S787,323,96.4
A0ABD1S795,152,94.4
A0ABD1S7A8,332,92.2
A0ABD1S7B8,323,95.9
A0ABD1S7F8,126,62.8
A0ABD1S7F9,329,93.8
A0ABD1S869,330,94.9
A0ABD1S8R6,332,91.9
A0ABD1SA41,330,92.4
A0ABD1U570,126,59.0
A0ABD1ULX9,179,90.8
A0ABD1UM57,335,95.4
A0ABD1UMA1,328,95.5
A0ABD1UNE4,327,95.8
A0ABD1UWZ0,163,69.3
A0ABD1WH42,303,87.6
A0ABD1WH58,333,94.5
A0ABD1WH59,186,85.4
A0ABD1WH78,206,93.5
A0ABD1WH80,329,93.9
A0ABD1WH85,329,93.7
A0ABD1WHD2,272,95.1
A0ABD1WHD6,329,95.0
A0ABD1WHF9,328,91.1
A0ABD1WHI7,338,93.0
A0ABD1WHW1,327,95.8
A0ABD1WJT1,320,84.2
A0ABD1WJU9,329,94.7
A0ABD1WKW7,327,94.1
A0ABD1XW85,340,95.9
A0ABD1XWP8,340,95.7
A0ABD1YUD1,128,79.5
A0ABD1ZAC3,374,95.0
A0ABD1ZCL7,338,96.7
A0ABD1ZP60,339,81.3
A0ABD1ZQZ6,374,95.8
A0ABD2FD23,452,95.4
A0ABD2FMY5,432,97.7
A0ABD2FXQ5,226,87.7
A0ABD2FY39,171,95.1
A0ABD2GQC6,431,96.0
A0ABD2GUW5,435,97.7
A0ABD2HL96,437,97.7
A0ABD2HPL6,216,87.6
A0ABD2HPV6,465,83.9
A0ABD2HUT0,138,87.2
A0ABD2HV04,394,87.1
A0ABD2HZK8,415,90.5
A0ABD2I4S2,309,93.8
A0ABD2IFA8,396,85.6
A0ABD2IHM9,363,94.4
A0ABD2IJ36,465,81.4
A0ABD2IJ80,395,73.1
A0ABD2IJH8,446,80.3
A0ABD2IL51,224,59.5
A0ABD2IRV0,462,64.5
A0ABD2IXF5,394,87.7
A0ABD2J0Q8,384,86.5
A0ABD2J1I9,457,83.2
A0ABD2J3E4,363,94.7
A0ABD2JEX8,363,93.9
A0ABD2JMZ9,417,90.3
A0ABD2JN50,358,78.3
A0ABD2JQD7,394,86.3
A0ABD2JRS2,283,88.1
A0ABD2JRX5,283,88.7
A0ABD2JWA1,370,93.7
A0ABD2JZN6,557,81.5
A0ABD2K750,557,81.5
A0ABD2K7H3,341,71.1
A0ABD2K7K4,398,90.9
A0ABD2KDC3,400,94.8
A0ABD2KEK6,387,90.4
A0ABD2KEM1,333,69.9
A0ABD2KGI9,366,87.8
A0ABD2KIP0,373,94.0
A0ABD2KLI7,309,94.2
A0ABD2KZ99,282,92.9
A0ABD2L179,381,81.8
A0ABD2L1W8,299,66.1
A0ABD2L3A9,417,88.8
A0ABD2L3Z7,363,93.8
A0ABD2L5J6,415,90.3
A0ABD2L835,394,85.9
A0ABD2LAM1,415,88.0
A0ABD2LG15,381,88.5
A0ABD2LI83,413,90.2
A0ABD2LJN0,280,85.5
A0ABD2LMF9,215,82.3
A0ABD2LMH4,394,87.3
A0ABD2LMM6,465,82.0
A0ABD2LMP6,309,93.8
A0ABD2LPM8,384,87.0
A0ABD2LYB3,418,87.6
A0ABD2M171,418,82.8
A0ABD2M4S6,412,92.3
A0ABD2M5Y3,193,91.6
A0ABD2MC55,392,84.1
A0ABD2PLK1,307,93.0
A0ABD2PP24,84,57.0
A0ABD2PQA7,381,77.9
A0ABD2QHI1,445,90.8
A0ABD2RFR9,333,95.9
A0ABD2RFS3,334,94.4
A0ABD2RFT4,180,90.8
A0ABD2RGS5,332,94.3
A0ABD2RGW4,326,95.8
A0ABD2SND1,148,92.6
A0ABD2TYL9,332,93.3
A0ABD2TZA1,174,91.2
A0ABD2V818,295,97.3
A0ABD2YAZ4,323,95.5
A0ABD2YN85,296,95.8
A0ABD2YPG3,297,97.0
A0ABD2YPK6,331,96.3
A0ABD2YQ77,315,97.4
A0ABD2YRV5,318,94.0
A0ABD2YS32,315,97.4
A0ABD2YSQ0,163,83.8
A0ABD2YTJ9,135,64.4
A0ABD2ZJR8,330,97.1
A0ABD3B960,334,91.1
A0ABD3CPL3,324,92.2
A0ABD3CQK5,331,91.8
A0ABD3CRY7,339,90.9
A0ABD3CS12,317,95.0
A0ABD3CSS8,333,95.9
A0ABD3CT32,333,96.5
A0ABD3DM87,323,96.8
A0ABD3DZ56,320,95.6
A0ABD3E9R6,326,96.2
A0ABD3FDS6,378,92.6
A0ABD3FP25,391,93.2
A0ABD3FPM1,371,94.9
A0ABD3FSN5,322,96.7
A0ABD3FSP5,453,82.7
A0ABD3FTY2,312,93.3
A0ABD3FTZ6,448,92.9
A0ABD3FUV3,315,96.4
A0ABD3FWV8,327,97.9
A0ABD3FX43,335,95.0
A0ABD3GLM9,350,93.8
A0ABD3GYN1,338,91.5
A0ABD3GZG7,307,86.0
A0ABD3H224,294,80.8
A0ABD3HAP7,360,95.1
A0ABD3HTA3,368,94.6
A0ABD3HTA8,358,94.9
A0ABD3I1K4,360,95.3
A0ABD3I1T0,340,96.5
A0ABD3I4E3,340,96.4
A0ABD3I4U1,340,93.3
A0ABD3I5S8,358,94.1
A0ABD3KR64,337,97.3
A0ABD3P7G1,354,90.3
A0ABD3S801,323,96.4
A0ABD3S9W8,318,92.8
A0ABD3S9X0,332,91.5
A0ABD3SA37,330,95.2
A0ABD3SA72,310,80.9
A0ABD3SAE6,317,89.4
A0ABD3SAF9,321,96.5
A0ABD3TJS7,284,71.6
A0ABD3TLC0,337,93.9
A0ABD3TLM7,340,91.7
A0ABD3UI54,330,90.1
A0ABD3UR83,328,86.7
A0ABD3UTI4,283,94.4
A0ABD3VAS0,348,88.7
A0ABD3VAS6,348,90.5
A0ABD3VAT2,348,83.3
A0ABD3VAT5,348,90.5
A0ABD3VBF2,564,62.9
A0ABD3VD34,348,87.2
A0ABD3VDR8,348,82.8
A0ABD3VDU0,345,84.5
A0ABD3VDX7,291,75.1
A0ABD3VE23,206,90.3
A0ABD3VE32,279,97.5
A0ABD3VE72,371,86.9
A0ABD3VFH0,336,93.1
A0ABD3VGD3,327,93.8
A0ABD3VGG0,371,85.9
A0ABD3VGV3,381,87.5
A0ABD3VGY0,342,90.1
A0ABD3VGY9,316,93.8
A0ABD3VH04,391,89.2
A0ABD3VH26,317,88.1
A0ABD3VIF5,359,87.2
A0ABD3VIH1,350,87.7
A0ABD3VJE0,361,93.7
A0ABD3VJW7,350,91.3
A0ABD4AYG4,395,88.8
A0ABD4DZ03,395,90.4
A0ABD4E5Y5,162,89.9
A0ABD4WWK8,284,98.1
A0ABD5AIY8,313,97.0
A0ABD5E1P1,285,97.4
A0ABD5EQD1,285,97.6
A0ABD5KX43,291,97.3
A0ABD6E420,286,87.4
A0ABD6E5N7,320,95.8
A0ABD6EFA7,582,80.6
A0ABD6ELN3,129,92.8
A0ABD6ENR7,185,68.8
A0ABD6F1Y6,103,76.2
A0ABD6GFY7,286,96.2
A0ABD6H4Y1,317,93.8
A0ABD6Q2R4,395,90.4
A0ABD6QLP3,284,96.6
A0ABD7BY96,348,97.0
A0ABD7CW28,271,97.7
A0ABD7CWR1,285,96.6
A0ABD7TEJ6,287,97.6
A0ABD7WR13,291,96.8
A0ABF7R9X0,273,97.6
A0ABF7RBE4,265,96.5
A0ABI7XDW7,393,96.6
A0ABI7XE49,353,97.4
A0ABI7XPN1,430,96.3
A0ABI7YGT9,432,98.0
A0ABI7YHM6,430,97.8
A0ABK0LB88,429,95.4
A0ABM0GVT4,464,94.0
A0ABM0GVT5,457,92.2
A0ABM0HUB5,453,94.9
A0ABM0IS91,353,97.4
A0ABM0IVW8,430,98.0
A0ABM0IX43,431,95.6
A0ABM0K713,195,76.5
A0ABM0KZ61,432,93.8
A0ABM0L2K3,433,97.8
A0ABM0MAQ3,205,93.5
A0ABM0MAQ4,487,89.0
A0ABM0NHT7,322,97.5
A0ABM0NHT8,322,97.1
A0ABM0NHT9,322,97.0
A0ABM0NHU0,359,92.7
A0ABM0NHU1,322,97.1
A0ABM0NHU2,332,96.8
A0ABM0PAN0,322,96.8
A0ABM0Q250,239,70.4
A0ABM0QN44,431,96.1
A0ABM0RPT3,430,98.1
A0ABM1ABF7,227,88.7
A0ABM1B806,344,85.5
A0ABM1CCM5,431,96.4
A0ABM1D7X1,439,97.2
A0ABM1EQT0,434,92.2
A0ABM1G0K4,296,97.2
A0ABM1HDK0,332,92.5
A0ABM1HEZ2,328,96.4
A0ABM1HFP9,326,96.0
A0ABM1HFQ0,327,95.9
A0ABM1HGT5,326,94.8
A0ABM1JLG6,369,97.3
A0ABM1KK45,432,97.0
A0ABM1KUS3,434,98.2
A0ABM1LL72,318,94.4
A0ABM1U862,439,97.0
A0ABM1UDG6,332,92.8
A0ABM1VGE0,334,94.0
A0ABM1VGE1,333,96.1
A0ABM1VVY2,310,88.6
A0ABM2BF32,433,94.4
A0ABM2BFA3,326,97.0
A0ABM2BFF6,330,96.7
A0ABM2BG05,332,96.9
A0ABM2BIE9,347,93.1
A0ABM2EI30,433,98.1
A0ABM2F8X9,354,97.7
A0ABM2F9W3,431,95.7
A0ABM2Z6Z4,326,97.2
A0ABM3B9T2,145,94.7
A0ABM3BAV3,127,83.2
A0ABM3BZA6,333,95.1
A0ABM3E399,434,97.9
A0ABM3EB94,435,96.3
A0ABM3EC59,437,96.6
A0ABM3IXC8,317,96.6
A0ABM3KDJ7,309,96.7
A0ABM3SUX7,346,92.4
A0ABM3XFY6,432,95.3
A0ABM3Z1D6,352,98.3
A0ABM4B626,289,96.2
A0ABM4B637,287,97.0
A0ABM4CLJ5,286,96.1
A0ABM4CWC9,339,88.2
A0ABM4D189,284,93.1
A0ABM4G3K3,369,97.0
A0ABM4HCF0,433,98.1
A0ABM4J954,439,97.3
A0ABM4L3Y9,130,82.2
A0ABM4UF39,457,68.0
A0ABM4UF46,321,96.8
A0ABM4WM52,323,96.8
A0ABM4WNW1,330,96.9
A0ABM5D3Q1,353,97.4
A0ABM5EHC4,258,87.3
A0ABM5EHD2,343,86.7
A0ABM5R5X8,285,97.3
A0ABM5TVB0,269,98.6
A0ABM5ZIT5,303,97.9
A0ABM5ZJ24,277,96.3
A0ABM6AYE3,285,98.1
A0ABM6CI63,252,96.0
A0ABM6E5Q9,289,95.8
A0ABM6I7Q0,293,96.5
A0ABM6NZV0,395,90.9
A0ABM6Q546,311,93.5
A0ABM7ED67,287,94.8
A0ABM7Q8T6,284,97.1
A0ABM7Q8X4,300,95.4
A0ABM7QH02,300,95.4
A0ABM7QH35,284,97.1
A0ABM8C1Z0,350,97.2
A0ABM8W6N4,382,91.9
A0ABM9AE91,312,95.4
A0ABM9YGV9,230,93.7
A0ABN0FC61,218,94.6
A0ABN0G2K9,321,95.3
A0ABN0JMP8,306,94.9
A0ABN0N188,255,95.6
A0ABN0N3P4,280,94.5
A0ABN0VCD4,285,96.3
A0ABN0VCF3,278,97.5
A0ABN0WD25,285,97.5
A0ABN1AUX7,271,98.4
A0ABN1F7T5,269,98.4
A0ABN1IGD7,361,92.7
A0ABN1REM5,354,97.2
A0ABN1TIT7,269,98.4
A0ABN1WYT3,269,98.3
A0ABN1XPP8,321,97.0
A0ABN2QDC0,283,97.0
A0ABN2SNM7,268,92.7
A0ABN2X0B9,284,97.3
A0ABN3BWG6,270,98.4
A0ABN3DLR6,270,98.5
A0ABN3E7G2,285,96.5
A0ABN3E814,302,94.5
A0ABN3EHT8,269,98.5
A0ABN3I3E9,246,97.0
A0ABN3I7K1,285,96.6
A0ABN3J290,285,96.8
A0ABN3J2N6,270,98.3
A0ABN3LBQ4,285,96.5
A0ABN3LGB4,285,96.9
A0ABN3MGT7,287,96.0
A0ABN3MHC5,270,98.2
A0ABN3N463,269,98.4
A0ABN3N756,269,98.6
A0ABN3NU53,285,97.1
A0ABN3RV64,285,97.7
A0ABN3SPT1,285,97.3
A0ABN3U7S0,246,94.3
A0ABN4GH39,285,96.6
A0ABN6PW21,328,83.7
A0ABN6RA37,269,98.0
A0ABN7EG83,293,97.4
A0ABN7LGC6,258,97.2
A0ABN7MCB1,328,95.9
A0ABN7UJP1,395,92.7
A0ABN7UN39,390,85.9
A0ABN7UUS2,361,83.5
A0ABN7UWA3,384,84.6
A0ABN7V4Q6,391,84.8
A0ABN7V5N9,175,84.3
A0ABN7VSD9,367,84.5
A0ABN7W2F9,216,73.4
A0ABN7W897,327,89.6
A0ABN7WRK4,190,72.2
A0ABN7XLI4,125,85.4
A0ABN8C0W3,333,95.7
A0ABN8CDR2,343,96.7
A0ABN8CNH4,326,93.2
A0ABN8CQB0,761,66.5
A0ABN8CQI3,329,95.8
A0ABN8CSK5,310,87.5
A0ABN8CT59,393,92.0
A0ABN8D187,329,92.1
A0ABN8LHF5,109,87.8
A0ABN8LKJ6,304,97.6
A0ABN8LLM9,255,94.3
A0ABN8LNC3,256,97.2
A0ABN8LP07,258,96.7
A0ABN8LPV2,257,97.0
A0ABN8LRQ1,433,94.9
A0ABN8LRW2,255,98.2
A0ABN8LS46,251,95.7
A0ABN8LS70,139,49.5
A0ABN8LUS6,255,97.7
A0ABN8LVE4,255,97.1
A0ABN8LVZ1,440,93.0
A0ABN8LXN0,281,95.8
A0ABN8M6K2,77,92.8
A0ABN8M8J6,349,96.4
A0ABN8MAL2,435,91.9
A0ABN8MES4,447,95.7
A0ABN8MSS3,110,94.5
A0ABN8MSS7,246,95.2
A0ABN8MSU7,248,96.0
A0ABN8MSW1,252,96.5
A0ABN8MTH8,248,96.2
A0ABN8MVN3,255,97.4
A0ABN8MVN6,255,97.2
A0ABN8MVQ8,241,96.0
A0ABN8MXH6,245,96.0
A0ABN8MXX5,255,97.0
A0ABN8MY60,255,96.1
A0ABN8MZV7,255,97.5
A0ABN8N3E0,328,91.5
A0ABN8N4G6,245,94.6
A0ABN8NB94,263,96.6
A0ABN8NDQ7,446,95.7
A0ABN8NDU7,81,58.9
A0ABN8NEM0,276,86.3
A0ABN8NI03,67,92.6
A0ABN8NRX3,405,87.1
A0ABN8NY44,255,98.6
A0ABN8NY53,255,96.2
A0ABN8P6G0,436,91.5
A0ABN8PCP7,234,92.9
A0ABN8PTR8,254,92.2
A0ABN8PUI2,251,95.9
A0ABN8Q1D3,312,85.9
A0ABN8Q7Y1,245,94.4
A0ABN8QAC3,339,82.7
A0ABN8QAT4,433,94.0
A0ABN8QBM0,408,87.1
A0ABN8QC96,621,82.1
A0ABN8QGB1,436,67.5
A0ABN8R022,76,62.5
A0ABN8R036,92,63.4
A0ABN8R2Z3,258,96.8
A0ABN8R7D4,264,96.2
A0ABN8RAH9,249,98.1
A0ABN8RHG1,321,92.1
A0ABN8RIJ0,241,67.2
A0ABN8RK39,248,94.5
A0ABN8RM19,248,95.6
A0ABN8RMQ1,89,86.9
A0ABN8RND1,323,87.2
A0ABN8RYE9,78,70.0
A0ABN8S742,92,54.4
A0ABN8SCI3,131,96.7
A0ABN8SF32,90,80.6
A0ABN8SJ07,200,87.0
A0ABN8SLK2,254,95.8
A0ABN8SN36,263,97.2
A0ABN8SRU8,316,89.9
A0ABN8SXD1,76,92.9
A0ABN8T2F1,186,89.2
A0ABN8T2M6,441,94.1
A0ABN8V4V3,285,96.4
A0ABN8YBF2,353,97.6
A0ABN8YYJ3,434,97.9
A0ABN8ZZ61,431,95.7
A0ABN9BC64,441,96.5
A0ABN9DT98,433,93.9
A0ABN9EIA3,364,82.1
A0ABN9H103,71,72.6
A0ABN9H720,116,92.6
A0ABN9HRA1,214,58.4
A0ABN9HTD5,217,73.4
A0ABN9KQW9,314,59.6
A0ABN9LCX2,411,90.5
A0ABN9LIE2,232,81.3
A0ABN9M017,111,66.0
A0ABN9M1Q9,199,87.7
A0ABN9M8V0,339,92.3
A0ABN9MAQ5,127,95.2
A0ABN9MDU6,116,53.5
A0ABN9MDX4,259,74.8
A0ABN9Z792,353,97.7
A0ABN9ZY76,432,96.1
A0ABP0AEH5,433,98.1
A0ABP0B1V4,265,97.9
A0ABP0B4Q9,352,98.2
A0ABP0B5B5,415,91.8
A0ABP0BGA7,311,83.1
A0ABP0BLZ2,378,92.3
A0ABP0BR20,352,98.3
A0ABP0BX44,384,94.6
A0ABP0C0L0,314,90.8
A0ABP0C2Y8,301,73.7
A0ABP0C381,301,97.1
A0ABP0C706,326,82.8
A0ABP0CA47,347,97.8
A0ABP0CGC6,363,79.3
A0ABP0CJR6,352,98.4
A0ABP0CPT3,366,96.2
A0ABP0CQN5,347,97.7
A0ABP0CRD0,396,94.4
A0ABP0CYK4,271,98.1
A0ABP0CZW6,412,90.7
A0ABP0D4G3,347,97.2
A0ABP0DC11,390,93.5
A0ABP0DT38,369,89.9
A0ABP0E3D2,372,96.5
A0ABP0E3V5,377,88.5
A0ABP0EXG3,385,94.8
A0ABP0G7M0,311,91.3
A0ABP0GBU0,367,97.2
A0ABP0IRN3,578,87.2
A0ABP0KF76,578,87.2
A0ABP0NLQ2,275,88.5
A0ABP0NNP7,275,86.7
A0ABP0RQ94,74,85.1
A0ABP0S7N3,177,95.5
A0ABP0TFB8,134,59.5
A0ABP0TM15,308,94.5
A0ABP0TM67,340,94.4
A0ABP0TNT6,300,93.3
A0ABP0UC15,312,95.0
A0ABP0UIY3,299,89.9
A0ABP0VZF5,334,95.4
A0ABP0W0B1,314,95.0
A0ABP0W2M0,300,94.1
A0ABP0W2U2,314,94.3
A0ABP0WCH2,312,94.9
A0ABP0WXT2,299,93.9
A0ABP0Z3S1,284,95.8
A0ABP0Z7Z1,81,49.3
A0ABP0Z965,147,74.1
A0ABP1A236,334,94.1
A0ABP1A7X8,86,63.9
A0ABP1AIF6,334,95.1
A0ABP1AIV3,334,94.4
A0ABP1AJX3,300,94.4
A0ABP1AWT6,332,92.5
A0ABP1BGF3,330,91.7
A0ABP1DHZ5,330,97.9
A0ABP2BNE3,259,94.2
A0ABP2EM81,368,86.0
A0ABP2ENL8,395,88.7
A0ABP2EPS6,429,87.8
A0ABP2EXC6,329,95.4
A0ABP2UGM9,313,97.3
A0ABP3EMV2,232,97.3
A0ABP3F3E3,278,96.1
A0ABP3FXV5,271,98.4
A0ABP3R282,302,98.1
A0ABP3RTT2,288,96.4
A0ABP4D611,303,77.7
A0ABP4FJU9,300,97.9
A0ABP4IQF3,270,98.0
A0ABP5BXB2,316,96.5
A0ABP5DL08,313,96.2
A0ABP5F1Z3,302,97.9
A0ABP5LRU8,269,98.3
A0ABP5NC15,285,97.5
A0ABP5RDW2,275,93.8
A0ABP5WHK2,220,94.1
A0ABP5Y0E6,269,98.5
A0ABP6CC76,301,98.2
A0ABP6J473,285,96.5
A0ABP6LDI0,270,98.4
A0ABP6MHW8,303,98.3
A0ABP6MU71,285,97.0
A0ABP6N226,257,95.2
A0ABP6N5M7,269,98.6
A0ABP6N8U5,287,96.1
A0ABP6NZ63,285,96.8
A0ABP6PWQ7,171,97.0
A0ABP6SL32,286,97.5
A0ABP6TTD9,285,97.3
A0ABP6TTV3,285,97.1
A0ABP6UEY5,269,98.4
A0ABP6Y7W4,283,97.0
A0ABP6YPI7,270,98.3
A0ABP7AQD3,327,96.7
A0ABP7CDV4,318,96.5
A0ABP7CF56,277,95.4
A0ABP7CFC7,270,64.6
A0ABP7E721,286,95.6
A0ABP7GLY1,269,98.5
A0ABP7IR36,287,96.5
A0ABP7K6H0,268,97.8
A0ABP7LA17,269,98.3
A0ABP7MTH8,285,97.9
A0ABP7Q1V0,347,93.7
A0ABP7RLG0,269,98.5
A0ABP7SYX0,285,98.0
A0ABP7T4P6,285,97.3
A0ABP7U4J0,331,94.8
A0ABP7UG62,269,98.3
A0ABP7VYG6,283,95.7
A0ABP8BC82,426,90.7
A0ABP8F492,285,96.7
A0ABP8FQN7,269,98.1
A0ABP8K801,310,96.5
A0ABP8MTV3,301,90.2
A0ABP8T0G0,285,96.5
A0ABP8Y9F1,302,95.4
A0ABP9A4H2,293,97.2
A0ABP9A5I6,284,96.8
A0ABP9B2P4,270,97.8
A0ABP9BY94,285,97.1
A0ABP9C131,270,97.8
A0ABP9DA98,213,96.8
A0ABP9EHI7,269,98.0
A0ABP9II84,285,96.9
A0ABP9ISJ0,285,98.0
A0ABP9JIT4,269,98.5
A0ABP9SX05,285,97.4
A0ABQ0CQG4,376,93.4
A0ABQ0CQG5,376,90.9
A0ABQ0CRJ4,352,96.8
A0ABQ0CZ75,310,62.7
A0ABQ0ENE7,365,88.6
A0ABQ0EZ56,531,83.4
A0ABQ0FIV4,425,92.1
A0ABQ0FYC3,382,91.5
A0ABQ0FZ30,318,97.1
A0ABQ0FZ51,376,87.3
A0ABQ0FZE5,364,94.1
A0ABQ0G1A9,355,95.7
A0ABQ0G2N7,262,97.7
A0ABQ0G3G5,315,97.2
A0ABQ0G3Z9,388,94.8
A0ABQ0G550,297,98.1
A0ABQ0GAG7,372,96.8
A0ABQ0GAI5,280,95.8
A0ABQ0GCG3,141,76.4
A0ABQ0GCI4,364,97.5
A0ABQ0GE46,326,97.9
A0ABQ0GEZ1,321,92.9
A0ABQ0GG84,364,98.3
A0ABQ0GGU2,359,98.2
A0ABQ0GH37,270,97.1
A0ABQ0GIZ5,265,97.7
A0ABQ0GJE1,354,98.1
A0ABQ0GL05,326,96.5
A0ABQ0GM07,390,91.7
A0ABQ0GPQ0,355,97.7
A0ABQ0GT71,352,98.4
A0ABQ0LIA8,363,95.1
A0ABQ0LKN2,324,95.3
A0ABQ0M0Y9,309,94.0
A0ABQ0M510,368,89.5
A0ABQ0M8A7,335,94.6
A0ABQ0ZSR3,358,97.5
A0ABQ1ABT6,323,96.1
A0ABQ1APD1,369,97.5
A0ABQ1AV24,325,98.2
A0ABQ1B924,327,95.8
A0ABQ1RLT2,227,96.1
A0ABQ2E578,285,94.5
A0ABQ2JWT7,269,98.3
A0ABQ2LUN9,285,97.0
A0ABQ2MLP6,269,97.5
A0ABQ2P3U8,298,91.9
A0ABQ2PJA9,298,96.8
A0ABQ2TCK3,285,96.5
A0ABQ2VGS3,65,72.8
A0ABQ2WY11,285,97.1
A0ABQ2XU00,269,98.4
A0ABQ2Y6J9,270,98.6
A0ABQ2YFE6,279,98.0
A0ABQ2ZJI0,285,97.0
A0ABQ2ZPD0,269,98.2
A0ABQ3A0H8,287,96.9
A0ABQ3A433,322,96.3
A0ABQ3A6Y4,269,98.2
A0ABQ3BKU2,285,96.1
A0ABQ3CK16,285,97.3
A0ABQ3CLT6,83,62.3
A0ABQ3DKL5,284,95.7
A0ABQ3E9E4,84,83.2
A0ABQ3ESN0,285,96.1
A0ABQ3EXB9,277,97.2
A0ABQ3H056,395,89.8
A0ABQ3NIH1,266,95.6
A0ABQ3NSB1,285,96.5
A0ABQ3NSC9,277,97.7
A0ABQ3P2D6,285,97.7
A0ABQ3QAB7,285,97.5
A0ABQ3QGI0,269,98.3
A0ABQ3QML6,286,98.0
A0ABQ3R3N9,269,98.5
A0ABQ3RF10,299,97.2
A0ABQ3RP65,285,97.4
A0ABQ3RWV1,269,98.5
A0ABQ3RZ02,285,97.3
A0ABQ3SJD3,285,95.3
A0ABQ3SJF1,278,97.6
A0ABQ3SM07,266,96.8
A0ABQ3T370,267,95.9
A0ABQ3T4R5,285,96.1
A0ABQ3T4S9,278,97.7
A0ABQ3XK95,263,98.5
A0ABQ3YK86,266,98.3
A0ABQ3YUV3,302,90.9
A0ABQ4A673,270,98.2
A0ABQ4BN99,271,98.4
A0ABQ4GGN2,244,98.4
A0ABQ4GJQ7,302,96.2
A0ABQ5APH1,193,70.0
A0ABQ5IWI5,347,90.6
A0ABQ5NRU9,274,97.5
A0ABQ5NVG5,284,97.3
A0ABQ5PAJ6,262,96.8
A0ABQ5SP08,322,89.8
A0ABQ5XCR5,302,97.3
A0ABQ6B7I7,264,97.2
A0ABQ6BGF0,249,94.8
A0ABQ6BM68,237,95.6
A0ABQ6CMI7,334,92.0
A0ABQ6CRI4,330,85.5
A0ABQ6CRY4,298,93.1
A0ABQ6FQ12,269,97.9
A0ABQ6I216,281,96.6
A0ABQ6KI69,360,90.7
A0ABQ6KJ75,285,86.5
A0ABQ6KR58,515,64.1
A0ABQ6KUJ7,116,68.0
A0ABQ6KW26,388,86.3
A0ABQ6KZL7,169,96.3
A0ABQ6L7P3,196,95.8
A0ABQ6LE34,409,89.0
A0ABQ6LM92,250,97.0
A0ABQ6MZQ8,360,79.4
A0ABQ6N5Z4,340,94.7
A0ABQ6N7K7,334,93.4
A0ABQ6NDG7,273,92.9
A0ABQ6NPJ4,60,80.4
A0ABQ6W837,369,97.5
A0ABQ6WCU9,246,88.8
A0ABQ6WH31,361,97.0
A0ABQ6WMM8,265,97.6
A0ABQ6WNZ5,322,97.5
A0ABQ6WQY3,421,75.5
A0ABQ6WYP4,306,97.4
A0ABQ6X2C6,362,97.3
A0ABQ6X3Q5,289,96.9
A0ABQ6X5Q8,408,94.0
A0ABQ7HXA7,255,95.7
A0ABQ7I682,348,96.9
A0ABQ7I6H2,345,96.3
A0ABQ7I878,369,94.8
A0ABQ7IAH3,349,98.3
A0ABQ7ILN7,363,98.1
A0ABQ7IM94,354,96.1
A0ABQ7IXC9,345,96.8
A0ABQ7J1C5,266,96.2
A0ABQ7PI35,376,93.9
A0ABQ7T420,395,74.2
A0ABQ7TFU4,336,93.9
A0ABQ7U2U6,333,95.2
A0ABQ7U378,334,93.9
A0ABQ7U3X2,333,95.8
A0ABQ7U4I8,334,94.8
A0ABQ7U6F9,308,67.8
A0ABQ7U7N3,326,96.5
A0ABQ7U9Z8,332,94.2
A0ABQ7VPZ5,295,97.1
A0ABQ8EV90,274,96.2
A0ABQ8EY21,265,91.9
A0ABQ8EZ86,280,92.4
A0ABQ8EZA2,218,84.9
A0ABQ8F4I1,274,95.1
A0ABQ8F8A7,271,98.1
A0ABQ8FGP8,297,48.1
A0ABQ8FHW2,275,95.6
A0ABQ8FHW6,275,96.1
A0ABQ8FHW9,275,95.8
A0ABQ8FI13,315,90.0
A0ABQ8FII7,98,94.4
A0ABQ8FKQ0,279,95.5
A0ABQ8FL51,274,93.9
A0ABQ8FNS3,284,94.6
A0ABQ8FNS5,290,90.4
A0ABQ8FPZ6,260,93.8
A0ABQ8FQ07,303,88.2
A0ABQ8FQW3,312,97.1
A0ABQ8FRP3,274,95.7
A0ABQ8FSE0,370,97.6
A0ABQ8FT78,362,97.6
A0ABQ8G5N0,359,97.4
A0ABQ8G6N4,375,96.8
A0ABQ8G8Z6,366,96.5
A0ABQ8GHP1,313,97.2
A0ABQ8GI57,137,94.1
A0ABQ8GMY3,366,95.8
A0ABQ8GV98,331,97.5
A0ABQ8GVN4,289,98.2
A0ABQ8GWD2,296,97.3
A0ABQ8KCN2,366,96.8
A0ABQ8M2N5,434,98.0
A0ABQ8MF75,432,95.6
A0ABQ8MHA6,437,97.4
A0ABQ8N1L8,126,92.1
A0ABQ8N2B6,494,86.6
A0ABQ8N2M2,375,97.3
A0ABQ8N365,381,93.4
A0ABQ8N5F3,380,95.6
A0ABQ8N7D0,216,96.3
A0ABQ8NEH5,318,97.6
A0ABQ8NFA3,350,94.0
A0ABQ8NFH2,297,97.7
A0ABQ8NGH5,318,96.5
A0ABQ8NH22,313,98.2
A0ABQ8NMG9,360,96.7
A0ABQ8NRT5,326,82.7
A0ABQ8NSX2,302,97.7
A0ABQ8NT11,357,98.1
A0ABQ8NUZ4,302,98.1
A0ABQ8NXU0,373,94.7
A0ABQ8NYE4,352,96.9
A0ABQ8PFT8,248,97.7
A0ABQ8PFU5,250,98.1
A0ABQ8PFV0,376,88.1
A0ABQ8PFV2,267,96.9
A0ABQ8PG00,252,98.1
A0ABQ8PG23,283,84.6
A0ABQ8PGU0,253,97.3
A0ABQ8PHP6,220,91.1
A0ABQ8Q376,330,98.3
A0ABQ8Q455,339,97.6
A0ABQ8QIG9,361,93.6
A0ABQ8QLF5,330,98.4
A0ABQ8QVP3,391,89.7
A0ABQ8QXP3,304,94.0
A0ABQ8R030,362,96.9
A0ABQ8R046,409,91.3
A0ABQ8R1M6,464,86.7
A0ABQ8R221,280,98.0
A0ABQ8R604,319,96.7
A0ABQ8R7I6,305,98.1
A0ABQ8R7Z7,460,83.9
A0ABQ8R851,360,96.7
A0ABQ8R891,278,98.4
A0ABQ8R9X0,374,96.6
A0ABQ8RCX8,352,97.1
A0ABQ8V9V9,161,95.5
A0ABQ8VDS7,339,97.4
A0ABQ8VIY5,361,95.9
A0ABQ8VVM6,330,98.1
A0ABQ8W2X8,452,75.5
A0ABQ8W8T8,397,92.2
A0ABQ8WGD7,406,90.6
A0ABQ8WP60,323,95.9
A0ABQ8WV66,370,97.3
A0ABQ9CU65,205,93.7
A0ABQ9D1C5,437,97.2
A0ABQ9DKS8,424,81.9
A0ABQ9E863,270,54.3
A0ABQ9EAQ1,242,76.0
A0ABQ9EAR7,313,87.1
A0ABQ9EBE2,337,91.0
A0ABQ9EBI8,327,67.9
A0ABQ9ECI3,240,74.1
A0ABQ9ED94,230,87.1
A0ABQ9EDE6,296,90.8
A0ABQ9EE55,323,94.3
A0ABQ9EEY9,269,92.4
A0ABQ9EFZ4,243,72.8
A0ABQ9EGF6,149,90.0
A0ABQ9EH21,101,52.6
A0ABQ9EH34,115,96.4
A0ABQ9EH66,340,88.0
A0ABQ9EI21,254,79.6
A0ABQ9EIC8,309,96.0
A0ABQ9EJ41,205,84.8
A0ABQ9EJ71,223,94.6
A0ABQ9F8W9,335,70.7
A0ABQ9FF13,104,57.0
A0ABQ9FG09,226,89.7
A0ABQ9FQL0,230,87.4
A0ABQ9KH86,338,97.0
A0ABQ9LLP2,330,97.0
A0ABQ9LNS4,331,97.1
A0ABQ9LQ32,182,66.6
A0ABQ9NKX3,273,84.0
A0ABQ9NSB7,332,87.0
A0ABQ9NYD0,536,80.1
A0ABQ9P4J6,319,95.9
A0ABQ9P8C6,394,94.3
A0ABQ9PA68,307,96.5
A0ABQ9PAD0,205,91.7
A0ABQ9PBW5,266,90.4
A0ABQ9PD81,389,89.2
A0ABQ9PEH4,371,77.0
A0ABQ9PG74,293,98.0
A0ABQ9PHX0,423,88.1
A0ABQ9PJM1,376,95.4
A0ABQ9PL51,366,95.8
A0ABQ9PM00,253,84.0
A0ABQ9PMC0,372,84.4
A0ABQ9PN52,368,96.3
A0ABQ9PND2,380,96.0
A0ABQ9PUB0,372,98.0
A0ABQ9PVI7,362,97.4
A0ABQ9Q029,369,91.6
A0ABQ9Q0R2,354,96.5
A0ABQ9Q197,383,96.8
A0ABQ9Q1L9,380,95.8
A0ABQ9Q320,292,95.7
A0ABQ9Q389,315,97.1
A0ABQ9Q6A4,299,95.7
A0ABQ9Q822,376,95.8
A0ABQ9QDV0,376,93.7
A0ABQ9QE80,319,93.8
A0ABQ9QEG9,365,95.9
A0ABQ9QHC9,356,89.8
A0ABQ9QHE7,380,95.8
A0ABQ9QHF9,322,97.6
A0ABQ9QHH0,304,98.2
A0ABQ9QIU4,381,97.0
A0ABQ9QKZ2,293,98.0
A0ABQ9QL15,304,98.1
A0ABQ9QN58,307,96.4
A0ABQ9QNJ5,316,93.6
A0ABQ9QQ66,375,96.4
A0ABQ9QQD5,355,98.2
A0ABQ9QR05,376,93.5
A0ABQ9QUG0,365,96.4
A0ABQ9QZ22,315,96.3
A0ABQ9R3N5,372,98.0
A0ABQ9R4P0,355,97.3
A0ABQ9R5Z9,394,81.0
A0ABQ9R743,254,73.2
A0ABQ9R8S9,388,89.0
A0ABQ9R9I8,224,79.2
A0ABQ9RCD5,299,96.8
A0ABQ9RD48,354,91.1
A0ABQ9RFY5,357,94.4
A0ABQ9RHE8,396,94.0
A0ABQ9RUP9,367,96.6
A0ABQ9RVF0,377,96.6
A0ABQ9RVH4,399,91.4
A0ABQ9RWB6,383,96.9
A0ABQ9RX11,322,97.2
A0ABQ9RX60,304,98.2
A0ABQ9RXR3,388,88.7
A0ABQ9S0E3,299,97.0
A0ABQ9S1X6,395,93.0
A0ABQ9S272,251,82.9
A0ABQ9S3B0,376,95.4
A0ABQ9S4D2,464,67.9
A0ABQ9S560,350,96.0
A0ABQ9S6G7,183,82.6
A0ABQ9S7H6,285,79.5
A0ABQ9SAN9,362,92.6
A0ABQ9SCC4,355,97.4
A0ABQ9SEQ7,372,98.0
A0ABQ9SJ08,315,97.0
A0ABQ9SLY6,307,96.5
A0ABQ9SNF2,376,96.0
A0ABQ9SWM3,355,97.3
A0ABQ9T0B4,390,81.4
A0ABQ9T1D3,367,96.9
A0ABQ9T1E5,399,91.4
A0ABQ9T1W6,379,94.2
A0ABQ9T229,380,97.0
A0ABQ9T4A7,293,98.0
A0ABQ9T584,304,98.2
A0ABQ9T7K6,365,96.1
A0ABQ9T7X7,383,74.6
A0ABR0BNR4,220,66.9
A0ABR0BP31,378,87.9
A0ABR0BYX5,353,97.1
A0ABR0C4B4,373,97.2
A0ABR0D5Q5,325,93.3
A0ABR0D5S0,325,93.1
A0ABR0D5S4,334,94.2
A0ABR0D5T0,325,94.4
A0ABR0D5U2,332,90.2
A0ABR0D5V8,321,95.5
A0ABR0D6F7,325,93.3
A0ABR0D6R5,323,95.8
A0ABR0D716,332,91.9
A0ABR0D729,328,94.7
A0ABR0D7K4,325,92.3
A0ABR0DD62,337,92.7
A0ABR0DD87,338,90.0
A0ABR0DDY3,342,91.1
A0ABR0DDZ8,341,91.3
A0ABR0DEK1,337,90.4
A0ABR0DR10,184,51.5
A0ABR0DXK8,295,96.2
A0ABR0E168,369,96.3
A0ABR0E4C7,393,96.1
A0ABR0E5Z9,299,73.1
A0ABR0E9M4,345,96.4
A0ABR0ECN7,194,83.8
A0ABR0EDL9,253,92.9
A0ABR0EHV5,272,97.5
A0ABR0EQJ6,363,97.2
A0ABR0EWS2,442,88.9
A0ABR0EYJ3,370,97.2
A0ABR0F7T6,360,97.2
A0ABR0FAF3,373,94.6
A0ABR0FAT7,347,97.3
A0ABR0FB32,311,98.1
A0ABR0FB45,403,90.4
A0ABR0FDX5,368,97.9
A0ABR0FEZ1,358,98.4
A0ABR0FGZ1,372,94.4
A0ABR0FIG6,325,93.9
A0ABR0FJ10,374,96.5
A0ABR0FKD1,333,73.7
A0ABR0FLZ0,363,87.2
A0ABR0FVD1,317,97.8
A0ABR0FW60,344,91.6
A0ABR0FWA2,407,90.6
A0ABR0FYR9,141,72.7
A0ABR0G016,355,95.4
A0ABR0G0T6,219,87.2
A0ABR0G5J0,373,94.3
A0ABR0G620,365,97.5
A0ABR0G7F0,347,97.3
A0ABR0G7V3,90,94.9
A0ABR0G9E7,311,98.4
A0ABR0G9R0,227,91.3
A0ABR0GA59,250,76.6
A0ABR0GC99,368,98.0
A0ABR0GCH2,358,98.4
A0ABR0GDG6,325,95.6
A0ABR0GDY2,372,95.3
A0ABR0GG82,339,68.9
A0ABR0GHK0,374,96.3
A0ABR0GKU9,363,87.9
A0ABR0GTC6,344,92.4
A0ABR0GTZ5,387,91.2
A0ABR0GUI4,121,76.4
A0ABR0GWD6,355,96.0
A0ABR0GX39,219,84.3
A0ABR0GY74,317,97.0
A0ABR0H352,373,94.6
A0ABR0H375,365,97.2
A0ABR0H4B3,347,97.3
A0ABR0H4X1,101,73.6
A0ABR0H6G4,311,98.4
A0ABR0H6I9,399,89.6
A0ABR0H9K2,346,96.4
A0ABR0H9Q9,368,98.0
A0ABR0HAN7,325,94.5
A0ABR0HAX0,372,94.2
A0ABR0HD85,347,76.5
A0ABR0HEV1,374,96.2
A0ABR0HHC0,348,88.4
A0ABR0HM73,373,94.3
A0ABR0HPS7,221,82.9
A0ABR0HSS8,365,97.3
A0ABR0HSZ9,347,97.3
A0ABR0HV39,311,98.4
A0ABR0HVR8,182,92.3
A0ABR0HY00,344,90.8
A0ABR0HZ80,407,90.6
A0ABR0I186,355,96.0
A0ABR0I242,397,84.2
A0ABR0I2F3,317,97.7
A0ABR0I6B4,346,96.4
A0ABR0I6D0,368,98.0
A0ABR0I7N0,325,95.0
A0ABR0I894,372,94.2
A0ABR0IA35,347,76.5
A0ABR0IB74,374,96.2
A0ABR0IFR6,363,87.5
A0ABR0ILG5,344,91.2
A0ABR0INP8,408,90.3
A0ABR0IPR2,355,96.0
A0ABR0IQM8,438,93.9
A0ABR0ISC5,317,97.0
A0ABR0IZ02,351,97.5
A0ABR0IZ48,323,97.5
A0ABR0J2L1,458,87.2
A0ABR0JFY0,357,97.6
A0ABR0JHG3,326,97.8
A0ABR0JJU7,288,96.7
A0ABR0JMJ3,323,98.0
A0ABR0JYZ3,358,90.3
A0ABR0KBS0,323,97.3
A0ABR0KE56,257,61.1
A0ABR0KH52,347,96.9
A0ABR0L4W0,399,94.2
A0ABR0LU01,105,92.3
A0ABR0ML46,307,91.3
A0ABR0NPN6,329,96.9
A0ABR0PMZ1,326,97.0
A0ABR0PN04,320,97.2
A0ABR0PQC5,171,82.0
A0ABR0PQT4,344,92.0
A0ABR0PQU5,130,61.1
A0ABR0PRA6,333,94.6
A0ABR0QG22,328,96.6
A0ABR0R9J5,367,96.7
A0ABR0RAB7,347,97.6
A0ABR0REJ7,280,96.9
A0ABR0RJ42,370,89.9
A0ABR0RMX2,300,97.9
A0ABR0RVD6,274,94.5
A0ABR0S857,352,97.2
A0ABR0S881,279,96.6
A0ABR0SA33,353,85.9
A0ABR0SB51,390,76.9
A0ABR0SBR0,310,95.9
A0ABR0SI72,267,96.9
A0ABR0SXA1,263,95.3
A0ABR0T0D9,252,70.8
A0ABR0T8R8,332,97.8
A0ABR0TEF5,372,97.6
A0ABR0TFM8,221,85.7
A0ABR0TRB7,387,94.7
A0ABR0VAR3,322,94.3
A0ABR0VCD9,332,91.8
A0ABR0VDD6,324,96.4
A0ABR0VEP2,332,91.0
A0ABR0VK49,322,95.6
A0ABR0X6S9,332,92.2
A0ABR0XA22,335,93.7
A0ABR0XE67,331,96.1
A0ABR0XE71,332,92.5
A0ABR0XEB1,322,93.1
A0ABR0XED2,331,97.3
A0ABR0XER5,332,93.6
A0ABR0Z045,352,83.3
A0ABR0ZMD3,434,97.2
A0ABR0ZPD1,434,97.9
A0ABR0ZQQ5,430,96.3
A0ABR1A854,436,97.6
A0ABR1AA95,368,97.8
A0ABR1BQ81,353,92.4
A0ABR1BRR8,310,97.7
A0ABR1BXI2,352,93.6
A0ABR1BXI5,352,94.2
A0ABR1BYI7,220,89.9
A0ABR1CJV8,365,94.4
A0ABR1CMH9,341,93.9
A0ABR1CMK3,368,88.4
A0ABR1CPE0,335,94.5
A0ABR1CRR1,379,91.4
A0ABR1CVP5,375,93.4
A0ABR1D0E7,361,93.8
A0ABR1D3E7,368,88.1
A0ABR1D5Z5,329,65.7
A0ABR1D603,190,77.7
A0ABR1D662,94,82.1
A0ABR1D6T0,290,60.2
A0ABR1D6Y2,115,91.5
A0ABR1DBQ3,346,93.4
A0ABR1DC84,341,91.6
A0ABR1DIR7,308,88.8
A0ABR1DJS1,298,91.3
A0ABR1FH00,462,84.1
A0ABR1FHI7,339,95.0
A0ABR1FHX5,292,92.1
A0ABR1FIC3,447,91.5
A0ABR1FIM5,443,94.1
A0ABR1FJ54,460,88.7
A0ABR1FK65,485,94.5
A0ABR1FLU2,476,93.9
A0ABR1FM11,495,90.2
A0ABR1FMH5,239,57.2
A0ABR1FNF4,468,91.1
A0ABR1FQU3,526,87.5
A0ABR1FRY0,451,94.8
A0ABR1FUA4,462,92.4
A0ABR1FV42,440,93.4
A0ABR1FVC1,486,89.6
A0ABR1FVE4,456,92.6
A0ABR1FVJ0,385,75.4
A0ABR1FXH8,396,87.4
A0ABR1FXM0,462,93.3
A0ABR1FXP3,494,93.5
A0ABR1G0V9,417,92.7
A0ABR1G1B8,525,87.2
A0ABR1G1D4,455,94.5
A0ABR1G299,457,95.7
A0ABR1G4W8,499,87.2
A0ABR1G703,492,90.0
A0ABR1G7F2,466,93.5
A0ABR1G7G6,535,79.9
A0ABR1G7X3,463,93.8
A0ABR1G8A5,498,90.3
A0ABR1G981,442,90.0
A0ABR1G9F7,458,96.9
A0ABR1G9R0,451,96.3
A0ABR1G9T2,497,87.7
A0ABR1GAP7,451,93.4
A0ABR1GAR2,435,96.6
A0ABR1GC57,472,89.8
A0ABR1GDE4,475,93.6
A0ABR1GDH9,470,93.9
A0ABR1GFH3,475,91.9
A0ABR1GPG0,374,97.2
A0ABR1GVG1,325,91.5
A0ABR1GVL9,238,83.7
A0ABR1GYQ3,304,96.2
A0ABR1GYV3,156,73.2
A0ABR1H2J5,352,96.9
A0ABR1H6D0,400,90.7
A0ABR1H855,324,97.6
A0ABR1H992,354,98.1
A0ABR1HAJ7,315,97.4
A0ABR1HBN3,270,97.4
A0ABR1HH68,372,92.6
A0ABR1HK27,352,97.4
A0ABR1HKD6,372,92.4
A0ABR1HNJ9,354,98.0
A0ABR1HQ16,302,97.3
A0ABR1HRR2,349,97.9
A0ABR1HTM9,165,94.9
A0ABR1I9D3,324,98.2
A0ABR1IG95,351,97.8
A0ABR1IHT3,376,96.2
A0ABR1IJA1,290,82.6
A0ABR1IMN2,290,82.9
A0ABR1IWX6,339,93.1
A0ABR1JDV0,251,75.4
A0ABR1JF41,108,83.0
A0ABR1JGJ4,163,93.3
A0ABR1JRU1,161,96.8
A0ABR1JU26,385,60.0
A0ABR1K7H3,353,94.6
A0ABR1K9S3,337,94.5
A0ABR1KCA3,329,98.3
A0ABR1KHD2,386,91.9
A0ABR1KHL9,372,96.0
A0ABR1LEU3,346,95.9
A0ABR1LIX5,322,97.9
A0ABR1LND2,254,93.7
A0ABR1M5H0,338,93.8
A0ABR1MBY6,365,95.7
A0ABR1MHG8,370,93.7
A0ABR1MLN1,370,94.6
A0ABR1N9N5,363,96.8
A0ABR1NKK5,297,98.1
A0ABR1NKN1,371,96.0
A0ABR1NKN5,72,56.8
A0ABR1NLF9,338,93.8
A0ABR1NLS1,281,84.9
A0ABR1NMK9,288,94.5
A0ABR1NNA7,257,78.9
A0ABR1NNP4,367,97.5
A0ABR1NP06,398,84.8
A0ABR1NRA3,245,88.5
A0ABR1NRQ1,285,97.6
A0ABR1NSQ1,220,69.3
A0ABR1NSQ2,237,85.5
A0ABR1NTH9,133,94.4
A0ABR1NU80,403,96.4
A0ABR1NUP7,295,94.0
A0ABR1NWC7,302,95.7
A0ABR1NWK6,288,97.9
A0ABR1NYJ9,303,96.8
A0ABR1NZG8,304,93.8
A0ABR1NZR9,289,93.0
A0ABR1NZS4,311,98.0
A0ABR1P3H1,300,97.8
A0ABR1P3W3,304,98.1
A0ABR1P4X3,83,80.8
A0ABR1P5A9,296,90.3
A0ABR1P6L6,256,96.8
A0ABR1P9Y7,267,95.4
A0ABR1PAZ9,365,97.7
A0ABR1PDG4,284,97.5
A0ABR1PF14,213,77.4
A0ABR1PG60,236,78.8
A0ABR1PGI7,315,95.8
A0ABR1PLE9,380,95.1
A0ABR1PNW0,382,95.3
A0ABR1PT23,329,98.4
A0ABR1PTC1,376,95.5
A0ABR1PTR5,372,94.4
A0ABR1PTV5,382,91.7
A0ABR1PU16,436,78.4
A0ABR1PV21,358,96.9
A0ABR1PWR3,292,98.2
A0ABR1PX03,241,83.4
A0ABR1PXA7,272,98.1
A0ABR1PXQ5,186,64.7
A0ABR1PYK4,284,97.3
A0ABR1PYX2,324,65.8
A0ABR1Q066,408,66.1
A0ABR1Q1Z9,370,95.4
A0ABR1Q2D2,274,98.5
A0ABR1Q2F1,270,97.7
A0ABR1Q2J4,272,94.6
A0ABR1Q2M3,373,97.9
A0ABR1Q436,263,81.9
A0ABR1Q8N4,352,97.9
A0ABR1Q9W9,364,89.4
A0ABR1QAU9,335,90.8
A0ABR1QB18,362,97.1
A0ABR1QB65,334,90.5
A0ABR1QDA7,371,94.9
A0ABR1QFG2,332,94.4
A0ABR1QFP3,287,96.0
A0ABR1QG16,313,61.9
A0ABR1QH36,156,92.3
A0ABR1QKG1,321,96.9
A0ABR1QMW8,412,75.3
A0ABR1QMZ4,347,87.3
A0ABR1QQA3,352,90.2
A0ABR1QQM9,325,97.6
A0ABR1QRA1,271,89.3
A0ABR1QSH5,360,88.5
A0ABR1QW44,361,95.1
A0ABR1QY01,301,96.9
A0ABR1R0I7,313,98.1
A0ABR1R3W4,301,97.8
A0ABR1R558,294,91.3
A0ABR1R5G1,374,75.6
A0ABR1R5M3,274,97.7
A0ABR1RC84,373,97.8
A0ABR1RCU6,357,95.9
A0ABR1RCY7,348,94.0
A0ABR1RE88,302,92.0
A0ABR1RG58,365,95.4
A0ABR1RIT4,369,96.3
A0ABR1RJC5,395,94.2
A0ABR1RLR2,297,95.2
A0ABR1RLW5,361,92.0
A0ABR1RNS4,290,89.0
A0ABR1RNY8,357,97.0
A0ABR1RPV0,338,80.3
A0ABR1RPW6,313,97.9
A0ABR1RWY1,391,86.9
A0ABR1RXE0,371,97.6
A0ABR1RY28,329,98.5
A0ABR1RYJ1,376,97.0
A0ABR1RYR2,335,89.4
A0ABR1RZ72,405,73.2
A0ABR1RZG1,363,96.6
A0ABR1RZU0,290,93.9
A0ABR1S013,362,88.7
A0ABR1S0D3,365,83.6
A0ABR1S0T5,333,79.5
A0ABR1S170,373,97.7
A0ABR1S1X6,283,97.9
A0ABR1S3M4,304,86.5
A0ABR1S4H1,323,91.6
A0ABR1S5W5,369,98.2
A0ABR1S703,358,96.5
A0ABR1S819,356,97.2
A0ABR1S822,351,88.3
A0ABR1SCU0,343,93.8
A0ABR1SD88,308,81.9
A0ABR1SE94,321,97.3
A0ABR1SF22,346,90.0
A0ABR1SFY0,383,95.0
A0ABR1SKI5,323,91.9
A0ABR1SLY5,267,75.3
A0ABR1SQ19,293,98.3
A0ABR1SQ27,272,97.9
A0ABR1SQG7,279,98.0
A0ABR1SRZ2,350,96.9
A0ABR1SSN0,373,97.9
A0ABR1ST32,359,91.8
A0ABR1SVI4,277,92.7
A0ABR1SVX2,348,95.2
A0ABR1T0I8,363,97.0
A0ABR1T0J9,313,92.0
A0ABR1T0V1,359,97.3
A0ABR1T246,324,98.1
A0ABR1T514,288,89.8
A0ABR1T5H9,310,75.8
A0ABR1T5P3,364,77.7
A0ABR1TAY1,154,65.8
A0ABR1TBI8,381,95.6
A0ABR1TBY6,270,98.1
A0ABR1TDC9,291,97.1
A0ABR1TE19,270,81.7
A0ABR1TF87,336,88.8
A0ABR1TF91,344,94.7
A0ABR1TG54,358,95.4
A0ABR1THA7,363,96.9
A0ABR1TI72,303,88.3
A0ABR1TL01,363,94.3
A0ABR1TNQ8,323,84.6
A0ABR1TQW5,359,87.1
A0ABR1TTI1,326,92.5
A0ABR1TUK7,313,82.4
A0ABR1TV62,354,83.2
A0ABR1TWA8,321,96.9
A0ABR1TXC8,330,90.1
A0ABR1U327,370,75.6
A0ABR1U4R8,346,91.1
A0ABR1U4T2,356,98.4
A0ABR1U5Q6,280,98.0
A0ABR1U7C2,269,75.6
A0ABR1U7J8,352,72.3
A0ABR1U7T4,255,95.0
A0ABR1U7U0,272,88.2
A0ABR1U8P5,329,94.4
A0ABR1U8Y1,417,81.8
A0ABR1U9F9,481,75.9
A0ABR1UAY0,358,97.0
A0ABR1UBK5,360,96.6
A0ABR1UD57,383,94.6
A0ABR1UDU1,382,87.6
A0ABR1UEM7,372,95.8
A0ABR1UHA3,379,93.7
A0ABR1UHR4,227,60.1
A0ABR1UIX3,302,97.4
A0ABR1UJZ2,303,92.4
A0ABR1ULA3,334,94.9
A0ABR1UQX7,299,91.3
A0ABR1US72,434,84.6
A0ABR1UUG8,385,73.3
A0ABR1UV27,395,86.8
A0ABR1UWW1,271,94.4
A0ABR1UXE1,279,98.2
A0ABR1UXG1,231,69.4
A0ABR1UYT2,436,69.4
A0ABR1UZW9,324,97.4
A0ABR1V091,213,61.8
A0ABR1V2R4,301,97.7
A0ABR1V3M9,297,82.4
A0ABR1V4N8,377,92.3
A0ABR1VA74,354,77.3
A0ABR1VAT1,305,93.7
A0ABR1VAV2,330,91.1
A0ABR1VBC9,359,91.9
A0ABR1VBU5,363,96.9
A0ABR1VD02,321,71.7
A0ABR1VET8,271,72.9
A0ABR1VEV4,284,96.8
A0ABR1VF78,129,89.3
A0ABR1VG48,295,91.1
A0ABR1VH80,365,96.6
A0ABR1VHA2,275,97.6
A0ABR1VHY8,274,78.7
A0ABR1VKF8,357,97.4
A0ABR1VLJ6,336,92.3
A0ABR1VLW8,305,91.3
A0ABR1VMZ9,330,93.5
A0ABR1VN69,279,74.7
A0ABR1VP01,313,98.0
A0ABR1VP59,405,84.5
A0ABR1VQV3,274,76.5
A0ABR1VSU4,270,92.9
A0ABR1VUR7,269,90.5
A0ABR1VUX3,373,97.8
A0ABR1VWS6,362,96.8
A0ABR1VWX9,297,95.8
A0ABR1VXD9,401,92.2
A0ABR1VXT3,352,90.6
A0ABR1VYJ6,262,69.9
A0ABR1VYM7,370,95.7
A0ABR1VYM8,320,95.7
A0ABR1VYT7,250,77.5
A0ABR1W1A7,278,87.5
A0ABR1W4X4,333,86.2
A0ABR1W595,356,96.0
A0ABR1W5V4,321,74.3
A0ABR1W603,278,97.2
A0ABR1W879,321,97.5
A0ABR1WCT8,304,92.7
A0ABR1WDT0,397,90.0
A0ABR1WGA9,362,96.1
A0ABR1WH61,339,78.7
A0ABR1WHH7,334,86.6
A0ABR1WHV3,371,95.1
A0ABR1WKA3,280,97.9
A0ABR1WKF5,317,89.9
A0ABR1WKU8,273,98.3
A0ABR1WNB7,284,97.0
A0ABR1WQH0,326,68.5
A0ABR1WQN0,270,97.7
A0ABR1WQV1,176,48.3
A0ABR1WRC7,325,92.7
A0ABR1WSD7,362,96.4
A0ABR1WT11,352,97.8
A0ABR1WWJ4,272,97.3
A0ABR1WX28,283,94.0
A0ABR1WX78,279,96.0
A0ABR1WYD5,334,90.4
A0ABR1WYJ1,265,91.7
A0ABR1WYQ1,221,83.3
A0ABR1WZQ3,358,96.4
A0ABR1X2K9,333,91.7
A0ABR1X4M6,321,83.9
A0ABR1X4U3,167,82.9
A0ABR1X4W4,292,91.0
A0ABR1X726,309,86.5
A0ABR1X7M6,332,98.4
A0ABR1X8E7,149,88.2
A0ABR1X8F5,162,61.1
A0ABR1X8L1,376,95.0
A0ABR1X8Z2,346,94.4
A0ABR1X9X2,366,91.6
A0ABR1XAY1,467,55.7
A0ABR1XHF5,346,96.8
A0ABR1XTW5,364,97.4
A0ABR1XZF6,365,95.1
A0ABR1Y7Y9,168,78.6
A0ABR1YE84,366,95.6
A0ABR1YK44,363,94.7
A0ABR1YMI8,320,95.5
A0ABR1YUY4,324,94.6
A0ABR1YVN4,379,90.3
A0ABR1ZJS0,352,91.8
A0ABR1ZTK2,324,95.9
A0ABR2A8A9,331,95.8
A0ABR2ALB4,127,75.4
A0ABR2ALX2,327,94.8
A0ABR2AMS8,163,92.1
A0ABR2BPU0,326,96.7
A0ABR2BQ36,326,96.3
A0ABR2C3L8,332,96.9
A0ABR2C3M0,325,96.7
A0ABR2C3M9,334,96.1
A0ABR2C3N4,149,66.3
A0ABR2C3Q6,323,95.7
A0ABR2C3R3,333,96.6
A0ABR2CC07,352,91.8
A0ABR2ELU3,329,96.4
A0ABR2F7P9,331,95.7
A0ABR2FBK3,350,91.9
A0ABR2FBS5,193,80.3
A0ABR2FCK0,324,95.9
A0ABR2HJK0,387,95.1
A0ABR2HK00,375,96.2
A0ABR2HKH6,410,91.0
A0ABR2HL23,301,96.2
A0ABR2HLE4,370,96.1
A0ABR2HP54,313,97.9
A0ABR2HQF7,342,98.1
A0ABR2HS31,310,89.7
A0ABR2HSQ2,357,96.2
A0ABR2HUI5,372,97.6
A0ABR2I0V4,301,97.8
A0ABR2I1D8,364,89.8
A0ABR2I3N9,362,97.7
A0ABR2IA28,279,97.6
A0ABR2IAG2,371,96.1
A0ABR2IBC7,361,97.1
A0ABR2IHI0,349,97.7
A0ABR2IHW3,359,96.8
A0ABR2IUX2,321,97.2
A0ABR2J4V6,316,97.8
A0ABR2J5A4,384,84.1
A0ABR2J691,406,92.5
A0ABR2J6C3,360,97.0
A0ABR2J6Q7,340,94.8
A0ABR2J7T6,278,94.4
A0ABR2JAM8,370,98.2
A0ABR2JBH0,293,98.1
A0ABR2JC89,273,97.3
A0ABR2JH69,358,91.4
A0ABR2JHH4,279,98.3
A0ABR2JHI9,360,93.3
A0ABR2JI60,265,93.1
A0ABR2JIV1,370,94.1
A0ABR2JJU8,373,97.4
A0ABR2JP38,270,98.0
A0ABR2MME6,226,70.5
A0ABR2MP47,311,95.0
A0ABR2MPP7,322,97.2
A0ABR2N3K5,126,48.3
A0ABR2N542,323,96.1
A0ABR2NDC0,323,96.2
A0ABR2NDC2,333,97.2
A0ABR2NDC4,325,96.9
A0ABR2NDD0,334,96.1
A0ABR2NDD5,78,84.7
A0ABR2NDI8,325,97.1
A0ABR2NKN6,330,96.1
A0ABR2NN72,300,92.0
A0ABR2R3S8,329,96.0
A0ABR2RMZ9,332,96.9
A0ABR2RNA1,325,97.0
A0ABR2RNL3,336,95.8
A0ABR2RNV6,323,96.6
A0ABR2RQU3,327,94.6
A0ABR2S5K8,326,97.2
A0ABR2S5R8,326,96.9
A0ABR2SNW7,331,95.8
A0ABR2UEU0,419,86.2
A0ABR2UF02,206,79.3
A0ABR2UF09,369,91.1
A0ABR2UGG9,356,97.3
A0ABR2UH35,370,97.8
A0ABR2UJW4,139,49.7
A0ABR2URB2,297,95.4
A0ABR2UUK0,322,97.9
A0ABR2UVR2,160,84.3
A0ABR2UW80,316,93.0
A0ABR2UZT3,324,88.3
A0ABR2V253,343,93.1
A0ABR2V2D3,381,88.6
A0ABR2V369,343,95.0
A0ABR2V370,102,63.0
A0ABR2V4E2,304,98.0
A0ABR2V6Y3,149,77.9
A0ABR2V763,370,97.4
A0ABR2V7V3,327,93.1
A0ABR2V8B1,344,95.3
A0ABR2V8R5,298,96.9
A0ABR2V915,275,78.2
A0ABR2V953,266,98.3
A0ABR2V9G0,321,96.3
A0ABR2VB08,314,91.0
A0ABR2VBH3,347,96.0
A0ABR2VBW1,319,98.6
A0ABR2VD17,298,97.7
A0ABR2VD88,310,97.1
A0ABR2VDP9,294,59.1
A0ABR2VGK2,318,97.2
A0ABR2VIX6,277,97.6
A0ABR2VMN0,247,97.3
A0ABR2VT10,259,94.0
A0ABR2VT80,63,98.4
A0ABR2VT93,166,84.6
A0ABR2VUU4,345,92.9
A0ABR2VWZ1,370,93.0
A0ABR2VZT3,192,69.5
A0ABR2VZV7,104,86.3
A0ABR2W2V6,262,95.9
A0ABR2W3C9,242,95.0
A0ABR2W3S2,255,95.9
A0ABR2W6D4,256,95.9
A0ABR2W7W1,253,97.4
A0ABR2W7X2,256,95.4
A0ABR2W863,383,88.0
A0ABR2W8A2,255,96.7
A0ABR2W902,258,74.2
A0ABR2W9H3,398,89.5
A0ABR2W9T9,261,97.8
A0ABR2WA08,253,97.6
A0ABR2WGK5,249,96.9
A0ABR2WGY1,63,98.4
A0ABR2WH25,63,98.5
A0ABR2WHI3,93,67.6
A0ABR2WIJ5,261,97.1
A0ABR2WIL7,218,94.0
A0ABR2WPN3,170,95.9
A0ABR2WRF7,249,97.8
A0ABR2WS42,259,96.8
A0ABR2WSK0,148,89.6
A0ABR2WSR4,390,94.6
A0ABR2WVS4,256,96.4
A0ABR2WYC0,257,96.9
A0ABR2WZL0,498,78.4
A0ABR2X0M2,255,95.5
A0ABR2X251,253,97.4
A0ABR2X2D8,388,94.2
A0ABR2X743,132,66.7
A0ABR2X759,125,80.2
A0ABR2X8L5,127,58.5
A0ABR2X973,370,97.6
A0ABR2XFG3,368,90.7
A0ABR2XGI8,368,96.3
A0ABR2XI69,373,94.4
A0ABR2XI74,343,94.9
A0ABR2XJQ0,301,97.2
A0ABR2XJX2,304,98.3
A0ABR2XKT0,344,95.3
A0ABR2XKT9,321,97.0
A0ABR2XMR7,316,93.3
A0ABR2XP08,318,97.3
A0ABR2XPU5,266,98.4
A0ABR2XQ66,297,95.0
A0ABR2XQD6,322,98.2
A0ABR2XQM0,413,86.5
A0ABR2XQM6,298,97.1
A0ABR2XR65,81,80.9
A0ABR2XW70,298,98.0
A0ABR2XWR7,250,79.9
A0ABR2XXL3,266,95.7
A0ABR2Y079,310,66.1
A0ABR2Y1V5,356,91.9
A0ABR2Y3S4,356,97.7
A0ABR2Y4V4,277,97.6
A0ABR2Y5Y2,118,70.2
A0ABR2Y7K8,319,98.5
A0ABR2Y9L4,294,93.1
A0ABR2Y9Y4,299,97.8
A0ABR2ZCC7,228,77.9
A0ABR2ZJM9,305,96.7
A0ABR2ZUF7,358,91.0
A0ABR2ZZ01,361,95.8
A0ABR2ZZZ9,329,87.0
A0ABR3A062,118,95.6
A0ABR3A6N7,239,93.7
A0ABR3C0X5,451,89.3
A0ABR3C6Q7,334,82.6
A0ABR3CFI6,306,93.6
A0ABR3CGD2,177,61.9
A0ABR3CI13,306,90.9
A0ABR3CTX8,296,97.6
A0ABR3CVS0,126,95.3
A0ABR3CWN2,433,88.9
A0ABR3CWX0,218,89.6
A0ABR3CXK3,295,95.0
A0ABR3D5W7,328,84.9
A0ABR3D601,400,92.1
A0ABR3D6M0,362,95.8
A0ABR3DPU3,365,98.0
A0ABR3DR17,376,91.2
A0ABR3DT09,410,85.0
A0ABR3EL97,312,93.5
A0ABR3EPL5,360,94.0
A0ABR3ER97,297,92.3
A0ABR3EVX9,209,89.0
A0ABR3EX73,95,96.6
A0ABR3EYF0,286,97.4
A0ABR3F3B6,312,96.7
A0ABR3F501,213,94.2
A0ABR3FAS3,307,97.5
A0ABR3FC20,311,97.2
A0ABR3FKW4,300,96.6
A0ABR3FVG0,313,96.0
A0ABR3FVU5,289,97.6
A0ABR3FXE3,305,96.9
A0ABR3FXT6,299,92.8
A0ABR3G4Y0,386,90.0
A0ABR3G6K2,74,90.1
A0ABR3G937,308,96.9
A0ABR3GE49,304,95.8
A0ABR3GF19,305,95.2
A0ABR3GH88,380,96.4
A0ABR3GM18,63,67.9
A0ABR3GXR3,279,98.1
A0ABR3GY74,366,91.4
A0ABR3IYU4,395,94.5
A0ABR3IZU5,303,98.0
A0ABR3J012,232,90.9
A0ABR3JJG3,129,93.6
A0ABR3JL23,74,83.3
A0ABR3JLH4,233,89.5
A0ABR3JMR6,337,96.4
A0ABR3KP05,332,70.0
A0ABR3M568,434,98.0
A0ABR3MRW9,433,95.4
A0ABR3N0H9,437,97.6
A0ABR3P0F5,430,96.9
A0ABR3PJT2,368,97.2
A0ABR3PNQ2,347,95.0
A0ABR3PQT1,120,76.0
A0ABR3QGR5,271,97.7
A0ABR3QHA3,270,86.1
A0ABR3QI93,360,90.7
A0ABR3QJQ9,317,96.8
A0ABR3QKB1,302,87.7
A0ABR3QRF7,365,90.8
A0ABR3QSB3,323,83.3
A0ABR3QSL1,299,88.8
A0ABR3QSL9,148,94.9
A0ABR3QTY1,399,93.3
A0ABR3QWT0,174,96.5
A0ABR3QYD0,316,95.8
A0ABR3R101,382,93.2
A0ABR3R320,117,90.0
A0ABR3R3A6,306,97.8
A0ABR3R3C2,186,57.5
A0ABR3R4L6,94,94.9
A0ABR3R6S8,90,89.8
A0ABR3REZ5,376,92.8
A0ABR3RF86,363,97.4
A0ABR3RI01,371,83.3
A0ABR3RIR6,276,69.0
A0ABR3RK21,376,88.2
A0ABR3RMI3,303,93.5
A0ABR3RNV5,236,83.4
A0ABR3RQ09,343,97.1
A0ABR3RV22,459,67.7
A0ABR3RZT4,274,66.2
A0ABR3S1J3,69,74.6
A0ABR3S2T7,358,88.7
A0ABR3S3R4,377,96.4
A0ABR3S4R5,324,96.2
A0ABR3S877,382,97.2
A0ABR3S8I8,146,76.8
A0ABR3SD72,284,95.8
A0ABR3SDG0,285,91.0
A0ABR3SDJ1,295,95.9
A0ABR3SJV9,361,98.1
A0ABR3SQV8,367,97.3
A0ABR3SW80,296,97.5
A0ABR3SXQ6,354,80.9
A0ABR3SYC8,224,82.3
A0ABR3SYM1,366,95.5
A0ABR3T0M1,331,96.8
A0ABR3TC55,447,89.3
A0ABR3TDY0,268,97.3
A0ABR3TEQ0,314,93.3
A0ABR3TFZ3,283,94.0
A0ABR3TH80,367,97.2
A0ABR3TIJ2,367,96.5
A0ABR3TJ48,327,97.5
A0ABR3TL16,432,90.2
A0ABR3TRC8,289,85.0
A0ABR3TVB1,296,97.4
A0ABR3TWR8,350,96.2
A0ABR3TX48,227,80.4
A0ABR3U198,126,95.1
A0ABR3U3E6,306,95.2
A0ABR3U4Y1,370,96.3
A0ABR3U827,324,96.9
A0ABR3U855,365,98.4
A0ABR3U875,97,96.3
A0ABR3U9V4,346,96.4
A0ABR3UEC7,346,97.0
A0ABR3UEW4,360,97.1
A0ABR3UFL0,350,92.5
A0ABR3UFU1,346,97.5
A0ABR3UK40,348,96.0
A0ABR3UKA4,344,97.8
A0ABR3UKK5,363,98.3
A0ABR3UNT3,219,94.2
A0ABR3US75,370,97.7
A0ABR3UST2,371,97.1
A0ABR3UTG0,237,94.1
A0ABR3UW44,385,96.9
A0ABR3UXA4,353,90.1
A0ABR3UY57,402,93.5
A0ABR3UZ14,324,94.3
A0ABR3UZ41,291,97.1
A0ABR3UZ44,307,98.0
A0ABR3V2B3,278,97.6
A0ABR3V3I7,330,91.1
A0ABR3V6P7,363,97.1
A0ABR3V8J2,353,95.7
A0ABR3VFZ2,357,98.1
A0ABR3VGP0,365,98.0
A0ABR3VIB0,380,96.6
A0ABR3VJG5,330,88.8
A0ABR3VKC0,290,98.2
A0ABR3VR49,371,91.0
A0ABR3VXJ2,402,95.5
A0ABR3VYJ3,367,97.0
A0ABR3VZ55,355,89.8
A0ABR3W1B7,318,92.9
A0ABR3W1D6,352,97.9
A0ABR3W2E0,308,98.1
A0ABR3W318,305,95.7
A0ABR3W3F6,236,75.4
A0ABR3W7W0,326,91.5
A0ABR3WAI6,300,98.1
A0ABR3WC70,135,54.6
A0ABR3WDP1,298,97.9
A0ABR3WER5,391,93.9
A0ABR3WFL3,332,96.8
A0ABR3WFS6,316,96.7
A0ABR3WG91,272,98.1
A0ABR3WMA9,285,96.8
A0ABR3WP99,377,95.1
A0ABR3WSQ8,303,86.7
A0ABR3WV06,321,92.1
A0ABR3WWZ9,364,87.4
A0ABR3WZN4,297,98.0
A0ABR3X074,281,94.7
A0ABR3X144,308,97.8
A0ABR3X3N8,204,75.7
A0ABR3X454,382,95.0
A0ABR3X7L0,312,85.7
A0ABR3XAF0,127,96.1
A0ABR3XBQ5,363,96.7
A0ABR3XD70,395,92.5
A0ABR3XMH5,304,96.2
A0ABR3XP32,162,89.7
A0ABR3XQL2,246,83.2
A0ABR3XT01,218,64.6
A0ABR3XU99,306,96.8
A0ABR3XVU1,304,95.0
A0ABR3XW82,171,87.1
A0ABR3Y0F5,365,97.6
A0ABR3Y5E7,363,97.7
A0ABR3Y8K5,395,92.7
A0ABR3YKV9,355,96.5
A0ABR3YRD1,321,96.6
A0ABR3YUB8,391,91.3
A0ABR3YUN4,351,98.4
A0ABR3YV94,364,97.6
A0ABR3YY46,347,97.5
A0ABR3YYR7,266,97.8
A0ABR3ZI14,377,93.5
A0ABR3ZKR3,235,77.0
A0ABR4A063,61,86.2
A0ABR4A219,161,77.8
A0ABR4A6Y8,359,95.7
A0ABR4AJ15,391,96.7
A0ABR4ALZ9,352,98.0
A0ABR4B0Y4,391,95.2
A0ABR4B4U8,98,69.4
A0ABR4BMK5,362,95.3
A0ABR4BR18,305,83.5
A0ABR4BS06,338,96.7
A0ABR4BSY9,279,98.3
A0ABR4BU17,377,96.2
A0ABR4BXE5,368,97.6
A0ABR4BXU6,295,98.1
A0ABR4BXW4,369,96.5
A0ABR4C2Q2,336,95.5
A0ABR4C2T6,268,95.3
A0ABR4C3G6,361,97.8
A0ABR4C8S7,356,93.8
A0ABR4CCE3,364,96.9
A0ABR4CF27,267,96.5
A0ABR4CKZ7,367,95.3
A0ABR4CMD4,328,90.0
A0ABR4CP80,346,97.8
A0ABR4CSW7,340,91.6
A0ABR4D0F2,342,97.8
A0ABR4D3J7,333,97.8
A0ABR4D689,353,96.9
A0ABR4D8M6,352,90.4
A0ABR4D8N5,406,88.6
A0ABR4D8P1,359,97.9
A0ABR4D8P8,327,91.6
A0ABR4DEN7,332,79.9
A0ABR4DGW0,353,96.9
A0ABR4DJH0,380,95.4
A0ABR4DNW5,377,95.0
A0ABR4DW00,206,92.4
A0ABR4DW42,285,97.7
A0ABR4DWL1,297,98.3
A0ABR4DWM4,221,69.8
A0ABR4DYZ8,256,96.6
A0ABR4E1W3,365,97.9
A0ABR4E290,291,98.3
A0ABR4E567,399,96.4
A0ABR4E8U4,387,95.6
A0ABR4E9I8,287,86.7
A0ABR4EAY1,308,93.3
A0ABR4EB01,398,85.5
A0ABR4EBK6,303,96.3
A0ABR4EBM5,311,96.3
A0ABR4ECI4,355,96.9
A0ABR4EH23,360,97.4
A0ABR4EHH4,339,96.4
A0ABR4EPJ2,321,98.1
A0ABR4EPS8,210,83.4
A0ABR4EPU0,355,85.6
A0ABR4EQB8,218,60.3
A0ABR4ES42,287,80.9
A0ABR4EVQ9,304,98.2
A0ABR4EW25,367,97.4
A0ABR4EWG9,363,97.0
A0ABR4F3F3,90,95.3
A0ABR4F3V9,118,62.3
A0ABR4F4B0,303,97.6
A0ABR4F7J8,382,95.0
A0ABR4FEW3,305,97.8
A0ABR4FF87,190,82.7
A0ABR4FJN7,316,97.4
A0ABR4FP14,362,96.0
A0ABR4FSG3,296,94.5
A0ABR4G1Z0,298,97.4
A0ABR4G333,387,81.3
A0ABR4G5U9,373,91.0
A0ABR4G8E9,357,97.7
A0ABR4GE68,399,88.6
A0ABR4GER8,368,93.5
A0ABR4GQ44,330,95.3
A0ABR4GV96,357,97.3
A0ABR4H8T2,308,95.3
A0ABR4H9X8,399,90.0
A0ABR4HCD2,406,91.2
A0ABR4HCM5,237,64.3
A0ABR4HDU1,299,96.5
A0ABR4HNK9,291,98.0
A0ABR4HXD7,359,98.0
A0ABR4I3Y8,307,89.2
A0ABR4I7K7,154,65.3
A0ABR4IBP9,389,90.0
A0ABR4IDF7,398,89.4
A0ABR4IDY3,397,82.3
A0ABR4IKC7,193,93.7
A0ABR4IXB4,225,78.2
A0ABR4J840,290,98.3
A0ABR4JCY8,359,96.4
A0ABR4JHA9,314,97.1
A0ABR4JK57,357,97.2
A0ABR4JLU6,237,70.8
A0ABR4JRZ7,398,89.3
A0ABR4JU41,275,97.8
A0ABR4JYB3,231,52.6
A0ABR4K0T4,366,94.1
A0ABR4K145,382,86.0
A0ABR4K278,187,86.8
A0ABR4KDN5,293,97.9
A0ABR4KER6,405,91.1
A0ABR4KG36,357,97.8
A0ABR4KKS7,300,97.7
A0ABR4KNX9,316,97.3
A0ABR4KP32,327,97.1
A0ABR4KUJ7,389,88.5
A0ABR4L7C4,398,88.5
A0ABR4L7P9,373,90.8
A0ABR4L8V8,228,58.8
A0ABR4LCV8,370,89.8
A0ABR4LE59,357,96.5
A0ABR4LF00,306,98.2
A0ABR4LTL3,397,88.6
A0ABR4MAT1,377,93.6
A0ABR4MJE6,197,93.9
A0ABR4MJG9,108,89.0
A0ABR4MVH6,281,94.4
A0ABR4MW11,284,93.9
A0ABR4MW32,277,95.7
A0ABR4MZM3,276,95.5
A0ABR4MZM9,277,95.8
A0ABR4N7Z8,262,97.9
A0ABR4N804,261,96.6
A0ABR4NDE5,274,89.4
A0ABR4NFM0,310,91.8
A0ABR4NFV2,274,92.5
A0ABR4NFV4,288,91.4
A0ABR4NG22,323,92.3
A0ABR4NG28,288,94.2
A0ABR4NG98,379,82.9
A0ABR4P3T3,314,91.3
A0ABR4P5T0,361,95.6
A0ABR4P7F6,336,96.0
A0ABR4P8H6,295,88.2
A0ABR4PA24,187,85.1
A0ABR4PC11,358,97.5
A0ABR4PFB3,125,95.3
A0ABR4PG57,359,97.3
A0ABR4PIV4,212,92.9
A0ABR4PQV3,379,96.5
A0ABR4PTF1,223,90.3
A0ABR4PYK1,363,76.5
A0ABR4TSS6,312,96.1
A0ABR4UQW9,310,97.4
A0ABR4YW72,284,96.5
A0ABR5F0S2,313,97.4
A0ABR5H1K7,250,96.2
A0ABR5HYB5,285,97.5
A0ABR5MCM1,301,97.9
A0ABR5T3D8,395,89.3
A0ABR5T4C4,309,96.9
A0ABR5Y6J9,312,96.4
A0ABR6ED79,269,97.9
A0ABR6EFA7,299,97.8
A0ABR6V5Y3,312,96.3
A0ABR6YEY6,320,92.5
A0ABR7J057,283,97.5
A0ABR7QDC1,259,96.9
A0ABR7X7G4,391,93.1
A0ABR7X9J7,295,97.2
A0ABR8BHZ7,280,97.0
A0ABR8D7N7,306,97.4
A0ABR8DNS8,350,92.8
A0ABR8F8G4,355,92.7
A0ABR8GF00,346,97.1
A0ABR8GTX6,382,92.3
A0ABR8I9V9,355,92.7
A0ABR8K2N4,348,95.2
A0ABR8K9D1,390,86.4
A0ABR8L1I5,244,98.0
A0ABR8NEN7,283,96.1
A0ABR8PTF7,249,97.2
A0ABR8RN98,281,96.7
A0ABR8V0D8,281,96.9
A0ABR9BSA8,291,93.0
A0ABR9DXX3,302,95.9
A0ABR9GBI0,226,97.8
A0ABR9IXR7,329,92.3
A0ABR9NDC2,312,97.2
A0ABR9U2C3,347,95.1
A0ABR9UPM7,278,97.2
A0ABS0HZN9,396,89.6
A0ABS0SWE3,338,97.3
A0ABS0T0L3,251,97.6
A0ABS0VDK6,303,97.8
A0ABS0WY81,285,97.9
A0ABS0XFN5,270,97.6
A0ABS1DFY7,275,93.7
A0ABS1MHS4,284,95.1
A0ABS1MJM2,269,98.0
A0ABS1NBW5,269,98.1
A0ABS1NZB4,285,97.7
A0ABS1P986,269,98.6
A0ABS1QI48,309,96.5
A0ABS1RBF0,330,97.1
A0ABS1RZA0,330,97.2
A0ABS1WIG2,307,93.3
A0ABS2HUL9,285,96.8
A0ABS2LFC1,281,96.6
A0ABS2REX7,293,95.6
A0ABS2TSI9,285,96.5
A0ABS2UQ77,284,96.5
A0ABS2UW05,263,97.0
A0ABS2VLA9,269,98.3
A0ABS2VTD6,285,97.7
A0ABS2XY84,121,54.4
A0ABS2YJW5,438,97.0
A0ABS2YMB6,368,97.7
A0ABS2YMS8,459,90.8
A0ABS2YYH9,434,97.4
A0ABS3GM00,305,97.5
A0ABS3J5N9,317,91.6
A0ABS4DL98,229,97.4
A0ABS4DM05,182,90.3
A0ABS4DS94,131,80.5
A0ABS4DZD4,306,95.1
A0ABS4KYF1,285,95.5
A0ABS4KZV5,277,97.7
A0ABS4R055,327,97.3
A0ABS4R1Z8,266,96.7
A0ABS4VHP3,284,96.7
A0ABS4XWU1,249,96.5
A0ABS4Y2A7,269,98.0
A0ABS4Y2C4,269,98.4
A0ABS5FGA5,324,97.9
A0ABS5JAM9,556,87.4
A0ABS6PD98,319,94.4
A0ABS6QBR2,312,96.0
A0ABS6RRF5,302,97.4
A0ABS6TYA9,284,97.4
A0ABS6YV96,232,95.5
A0ABS6Z6P8,279,97.3
A0ABS6ZER2,284,96.7
A0ABS7FAN1,264,87.2
A0ABS7FI94,316,89.7
A0ABS7Q4E0,285,97.0
A0ABS7W4I0,285,98.0
A0ABS7ZZT8,367,91.4
A0ABS8ACT9,392,90.4
A0ABS8B4K5,285,95.3
A0ABS8B757,284,95.7
A0ABS8DZX9,270,98.2
A0ABS8E1Y1,285,96.1
A0ABS8EGX4,270,96.9
A0ABS8I9C0,348,93.0
A0ABS8JIA8,266,97.0
A0ABS8JID1,300,95.1
A0ABS8LUU6,293,97.4
A0ABS8MPT4,342,96.7
A0ABS8RTR4,334,93.5
A0ABS8RU68,328,95.8
A0ABS8TSD9,342,92.2
A0ABS8UM97,53,67.0
A0ABS8VHU1,83,44.7
A0ABS8VKZ7,110,56.9
A0ABS8VLK7,296,97.5
A0ABS8ZNX7,269,98.0
A0ABS9FD76,312,88.9
A0ABS9G7M5,312,96.8
A0ABS9JNH7,285,97.5
A0ABS9JT96,270,98.6
A0ABS9P1C3,291,97.6
A0ABS9XB71,285,96.9
A0ABS9XX40,285,97.2
A0ABT0I9D3,286,97.9
A0ABT0IJQ0,269,98.2
A0ABT0JVE8,306,93.6
A0ABT0JVX1,306,96.3
A0ABT0NYG0,285,97.3
A0ABT0P269,269,98.5
A0ABT0UM60,287,95.4
A0ABT0UYQ7,271,97.8
A0ABT0WZ33,333,92.8
A0ABT1J826,269,98.1
A0ABT1P7V4,286,94.9
A0ABT1QQK3,293,95.8
A0ABT1U935,281,94.1
A0ABT2ABP4,351,96.8
A0ABT2B8Y5,285,96.9
A0ABT2BD08,270,98.6
A0ABT2BQ25,350,97.5
A0ABT2C4F0,228,97.5
A0ABT2CDJ1,269,98.2
A0ABT2CNF8,285,97.6
A0ABT2CYD8,228,97.4
A0ABT2D037,234,97.4
A0ABT2DI07,350,97.3
A0ABT2IX21,310,97.0
A0ABT2ZPY2,312,89.8
A0ABT3TTM1,287,97.1
A0ABT3VD37,285,97.3
A0ABT3YMY5,282,95.7
A0ABT3YNN3,269,97.3
A0ABT3YYD9,281,96.7
A0ABT4AC96,318,94.8
A0ABT4CAF5,253,97.9
A0ABT4KNP9,213,95.2
A0ABT4P1V8,285,97.3
A0ABT4RMA2,299,95.6
A0ABT4VMH7,280,94.8
A0ABT4ZRR9,385,94.8
A0ABT5BA12,278,96.0
A0ABT5C395,379,97.2
A0ABT5CGG2,412,88.3
A0ABT5DRQ2,346,97.1
A0ABT5FM06,285,97.0
A0ABT5FQ11,269,98.6
A0ABT5GJV4,245,88.5
A0ABT5JJF4,328,97.4
A0ABT5NJ79,289,96.9
A0ABT5NM23,312,89.3
A0ABT5NTP0,318,96.5
A0ABT5PMD6,282,97.8
A0ABT5QCR8,318,95.1
A0ABT6A9F1,269,98.5
A0ABT6AR49,395,92.0
A0ABT6FUS9,323,93.5
A0ABT6HJQ5,270,97.9
A0ABT6HY41,283,96.2
A0ABT6LHM3,285,97.4
A0ABT6RXR1,285,97.5
A0ABT6T6S0,285,97.7
A0ABT6WGX1,266,98.4
A0ABT6WVU7,271,98.3
A0ABT6X1I4,266,98.5
A0ABT7A7R5,304,93.4
A0ABT7D3Y0,285,94.9
A0ABT7GKS6,278,97.7
A0ABT7GLQ0,285,96.4
A0ABT7GNH3,285,96.8
A0ABT7H3U6,269,97.1
A0ABT7IVB5,285,97.5
A0ABT7JBJ6,270,98.3
A0ABT7Z8T3,269,97.9
A0ABT8C4V6,293,95.0
A0ABT8HW12,287,98.0
A0ABT8KZU3,268,97.6
A0ABT8V9H2,251,95.2
A0ABT9CR60,293,94.7
A0ABT9FYM9,318,92.0
A0ABT9JGD5,254,97.2
A0ABT9LDS4,285,97.4
A0ABT9MUW6,268,94.7
A0ABU0I7P7,287,96.6
A0ABU0INU9,370,73.7
A0ABU0IU28,240,94.6
A0ABU0J091,295,96.3
A0ABU0NG29,67,82.9
A0ABU0NKH8,269,98.5
A0ABU0NRC4,285,97.7
A0ABU0PTF1,269,98.6
A0ABU0Q201,285,97.6
A0ABU0QMG5,285,96.5
A0ABU0R2V1,270,98.2
A0ABU0RFD2,286,97.4
A0ABU0T0D3,285,97.0
A0ABU0TC15,270,98.4
A0ABU0XXK1,323,93.9
A0ABU1D0H3,312,97.0
A0ABU1JZJ1,359,97.1
A0ABU1LM08,227,97.5
A0ABU1LQ40,227,97.0
A0ABU1MXI3,260,96.4
A0ABU1VYL2,270,97.8
A0ABU1Y4F2,346,93.8
A0ABU2P6Y7,270,98.5
A0ABU2PGI9,285,97.1
A0ABU2PY66,285,96.7
A0ABU2QH10,285,96.7
A0ABU2QWB1,285,97.5
A0ABU2RKH0,284,96.8
A0ABU2S4D8,302,98.3
A0ABU2SMY1,269,98.5
A0ABU2SWM0,293,97.5
A0ABU2TD74,269,98.3
A0ABU2TTA1,269,98.5
A0ABU2UID7,284,97.5
A0ABU2UYE4,61,92.6
A0ABU2VNM7,285,97.3
A0ABU2W3G6,285,97.1
A0ABU2W836,269,98.2
A0ABU2WI91,255,91.3
A0ABU2YXY2,270,98.4
A0ABU2Z367,285,97.3
A0ABU3ASL9,285,97.0
A0ABU3L7B5,332,95.9
A0ABU3LA82,339,92.5
A0ABU3LVZ0,354,97.2
A0ABU3M1Y9,269,98.6
A0ABU3M668,285,97.0
A0ABU3V0V5,269,98.3
A0ABU3VGX6,247,95.0
A0ABU3W348,292,97.0
A0ABU4FNB6,285,96.9
A0ABU4HHA2,424,91.8
A0ABU4HHD3,251,97.2
A0ABU4HU45,324,94.6
A0ABU4KFK7,285,97.8
A0ABU4KZZ4,285,97.2
A0ABU4L345,270,98.4
A0ABU4MRA4,285,97.7
A0ABU4MSE3,270,98.4
A0ABU4NAW0,285,97.4
A0ABU4NGJ7,269,98.3
A0ABU4R8E7,293,97.5
A0ABU4T9S4,277,95.3
A0ABU4TMS8,277,94.6
A0ABU4XE34,304,97.0
A0ABU4ZJU1,310,95.4
A0ABU5KX76,312,97.2
A0ABU6BUV5,303,98.2
A0ABU6C605,286,97.4
A0ABU6JDB1,226,97.8
A0ABU6LUF1,270,98.4
A0ABU6LX10,285,96.4
A0ABU6QJX1,320,96.0
A0ABU6QK46,311,96.1
A0ABU6QKV3,325,94.4
A0ABU6R1F7,151,92.6
A0ABU6RLL4,364,84.8
A0ABU6RUJ9,324,97.4
A0ABU6S3H3,325,96.8
A0ABU6S3R9,319,97.2
A0ABU6SE88,323,95.2
A0ABU6SF24,65,90.5
A0ABU6SF53,326,95.7
A0ABU6SFB2,150,88.8
A0ABU6SHH7,325,95.2
A0ABU6TQ45,299,96.4
A0ABU6U4L1,277,93.2
A0ABU6U4L6,323,90.7
A0ABU6U5W4,294,87.6
A0ABU6U640,320,94.6
A0ABU6U6J8,325,96.2
A0ABU6U7P2,292,93.5
A0ABU6U7S4,322,94.7
A0ABU6U958,326,93.5
A0ABU6UAJ7,323,92.1
A0ABU6V8F0,325,95.1
A0ABU6WQK7,260,82.4
A0ABU6YLY4,299,96.5
A0ABU6YV63,326,97.1
A0ABU6ZR61,321,96.2
A0ABU7A3I3,435,97.4
A0ABU7AQ35,326,92.8
A0ABU7ASJ5,435,98.2
A0ABU7BL55,429,96.1
A0ABU7BWQ9,145,58.1
A0ABU7DJT5,432,98.2
A0ABU7E0A2,435,97.6
A0ABU7EUF9,145,58.0
A0ABU7EWP2,437,97.6
A0ABU7F0U7,433,95.7
A0ABU7HNC5,317,96.7
A0ABU7NJ39,270,98.1
A0ABU7P611,285,95.7
A0ABU7TUF6,249,96.4
A0ABU7XFV8,314,97.6
A0ABU7YFE8,285,97.8
A0ABU7Z0F0,282,97.0
A0ABU7Z0U9,283,95.9
A0ABU7ZVD2,284,95.7
A0ABU8AJB8,285,97.3
A0ABU8AZQ3,269,98.4
A0ABU8D3Y1,313,98.3
A0ABU8FF18,283,96.4
A0ABU8GAC3,285,96.5
A0ABU8GG21,270,98.4
A0ABU8HVK4,236,98.0
A0ABU8JDG9,229,97.6
A0ABU8JDY6,229,97.9
A0ABU8R5J6,392,94.0
A0ABU8TYI5,285,96.4
A0ABU8TZH3,278,97.8
A0ABU8UM26,283,97.4
A0ABU9NQ44,407,89.3
A0ABU9NY53,310,97.0
A0ABU9QB80,187,89.2
A0ABU9X948,335,86.5
A0ABU9X9V4,319,96.5
A0ABU9Y882,283,97.6
A0ABV0AFJ4,244,98.4
A0ABV0CG96,281,95.8
A0ABV0CJA9,280,94.3
A0ABV0F9P3,280,94.9
A0ABV0FF21,281,95.9
A0ABV0H059,281,96.1
A0ABV0H704,277,95.0
A0ABV0J1E4,281,97.0
A0ABV0JK55,348,93.1
A0ABV0NC02,327,78.5
A0ABV0NDD2,435,97.8
A0ABV0P2D7,435,98.0
A0ABV0PFT7,430,97.7
A0ABV0QCL7,435,98.1
A0ABV0QSL7,127,80.5
A0ABV0RG84,257,84.8
A0ABV0SAI0,323,65.1
A0ABV0TA70,438,97.1
A0ABV0THD2,130,88.4
A0ABV0UDZ2,84,83.5
A0ABV0UIT3,231,73.0
A0ABV0UK39,354,97.8
A0ABV0URV4,432,98.0
A0ABV0VHH1,267,75.3
A0ABV0VMY9,353,98.1
A0ABV0WM05,355,94.7
A0ABV0WX32,338,89.5
A0ABV0XID1,297,67.2
A0ABV0Y3G3,435,98.1
A0ABV0YHR9,326,92.5
A0ABV0ZM75,431,96.0
A0ABV0ZUB5,122,90.1
A0ABV1AB42,315,95.3
A0ABV1Q7M0,285,96.4
A0ABV1SWP1,285,97.9
A0ABV1TI03,285,96.7
A0ABV1TLX1,285,96.8
A0ABV1TRU5,269,98.6
A0ABV1U8B2,285,97.6
A0ABV1UHN8,269,98.6
A0ABV1UTF3,269,97.9
A0ABV1VHI1,285,96.7
A0ABV1VW12,285,97.0
A0ABV1X6N5,285,97.0
A0ABV1X7P1,269,98.4
A0ABV1XHU9,283,97.0
A0ABV1Y2Y3,269,98.2
A0ABV1Z0I5,252,95.4
A0ABV2ANZ3,84,88.8
A0ABV2I0A5,330,81.7
A0ABV2RXN8,374,85.0
A0ABV2S8C8,317,94.8
A0ABV2UZV7,285,96.8
A0ABV2V582,269,98.3
A0ABV2VWY6,285,97.0
A0ABV2W3T6,270,98.1
A0ABV2W3V2,287,95.1
A0ABV2XTX6,270,98.3
A0ABV2XWW1,285,97.4
A0ABV2YHF9,284,97.3
A0ABV2ZAT7,285,97.0
A0ABV2ZRY6,269,98.4
A0ABV3A5C7,285,97.3
A0ABV3A804,269,98.6
A0ABV3AYP9,285,97.1
A0ABV3BD86,270,98.4
A0ABV3BNX7,286,97.1
A0ABV3CCT3,285,97.6
A0ABV3CDF4,269,98.2
A0ABV3CWQ2,285,97.7
A0ABV3EAM2,285,96.7
A0ABV3ERB3,284,97.4
A0ABV3HVN4,284,96.7
A0ABV3HZQ8,269,97.9
A0ABV3ITV2,270,98.5
A0ABV3KMI1,285,97.1
A0ABV3KMI6,269,98.4
A0ABV3R4B9,300,94.4
A0ABV4FBZ2,263,92.7
A0ABV4P1X4,272,90.7
A0ABV4SGQ2,282,96.6
A0ABV4X3A9,332,81.9
A0ABV4YIH6,326,83.1
A0ABV5DAD4,285,97.9
A0ABV5E7N4,285,97.3
A0ABV5FP10,391,90.2
A0ABV5GJW6,295,97.5
A0ABV5GMN6,348,93.5
A0ABV5LKL5,285,96.9
A0ABV5N7B6,285,97.7
A0ABV5P5Y7,284,95.8
A0ABV5P621,271,97.8
A0ABV5QIU7,302,98.2
A0ABV5QRL7,285,98.2
A0ABV5V937,269,98.4
A0ABV5V9A7,285,96.8
A0ABV6FDS2,350,97.3
A0ABV6HFH7,310,94.3
A0ABV6JDE8,148,98.2
A0ABV6PMV7,321,95.0
A0ABV6RIB9,298,95.1
A0ABV6RUK0,302,94.7
A0ABV6S054,286,97.3
A0ABV6TBX8,288,97.1
A0ABV6TPR0,302,98.3
A0ABV6TVW7,270,98.3
A0ABV7CF08,314,96.9
A0ABV7MFU4,260,96.8
A0ABV7PR14,350,96.6
A0ABV7XM35,241,96.7
A0ABV7XVS6,317,95.6
A0ABV8HQ22,285,96.7
A0ABV8IX89,271,98.5
A0ABV8JG77,266,98.4
A0ABV8MYX6,284,96.9
A0ABV8PKK5,242,96.0
A0ABV8TLQ6,285,96.9
A0ABV8U584,285,94.3
A0ABV8Z4B3,285,97.9
A0ABV8ZU72,305,95.5
A0ABV9B3C0,285,96.8
A0ABV9BEJ2,267,93.9
A0ABV9BPW4,269,98.5
A0ABV9FV84,265,89.7
A0ABV9GFJ0,269,97.6
A0ABV9I266,243,94.9
A0ABV9INN4,285,96.8
A0ABV9RPJ6,284,95.3
A0ABV9UQJ6,286,98.0
A0ABV9UWV2,269,98.3
A0ABV9VCW5,284,97.6
A0ABV9VFU7,301,98.0
A0ABV9X0N3,285,97.3
A0ABV9XEM1,285,96.8
A0ABV9XLJ5,269,98.3
A0ABV9ZR41,248,97.6
A0ABV9ZTD2,270,98.6
A0ABW0A390,279,97.9
A0ABW0AB96,284,95.9
A0ABW0AKD9,271,97.8
A0ABW0B4E1,284,96.9
A0ABW0B9T0,269,93.2
A0ABW0BAQ2,294,88.3
A0ABW0CMW0,283,96.6
A0ABW0CRR1,270,98.3
A0ABW0D1S1,269,98.5
A0ABW0D8U8,285,97.2
A0ABW0E415,285,97.2
A0ABW0IM43,259,98.4
A0ABW0JGR8,228,97.3
A0ABW0L1A9,234,95.2
A0ABW0LBE2,180,84.9
A0ABW0M9K7,298,96.3
A0ABW0MWK1,350,97.1
A0ABW0PC22,228,96.8
A0ABW0RY49,228,98.0
A0ABW0UH65,285,97.8
A0ABW0UHK4,269,98.5
A0ABW0VAP0,269,98.2
A0ABW0WBT0,270,98.5
A0ABW0WG56,285,97.0
A0ABW0X066,331,96.9
A0ABW0XKE2,285,96.3
A0ABW1B618,285,97.1
A0ABW1B891,270,98.5
A0ABW1E8A6,285,97.1
A0ABW1ETR9,247,97.8
A0ABW1EU24,341,98.1
A0ABW1EV91,256,95.5
A0ABW1EZ25,256,96.3
A0ABW1LT54,286,96.5
A0ABW1QMG1,302,96.0
A0ABW1X6F3,281,97.0
A0ABW1XVT8,285,97.8
A0ABW2ECH6,285,96.6
A0ABW2G3Z4,269,98.4
A0ABW2GR53,324,94.0
A0ABW2GZ81,324,96.4
A0ABW2MN18,285,97.4
A0ABW2RL31,310,96.4
A0ABW2RRB3,275,92.3
A0ABW2VWA6,270,98.3
A0ABW2W6I5,288,96.5
A0ABW2YDF5,346,97.0
A0ABW2YH98,241,96.5
A0ABW3CSF2,223,98.4
A0ABW3H6J2,228,96.8
A0ABW3XLA5,269,98.5
A0ABW3XTI5,285,97.0
A0ABW4AK03,271,98.3
A0ABW4AR86,266,98.5
A0ABW4WPH7,296,82.6
A0ABW4X7S5,303,96.8
A0ABW4XFF4,299,90.0
A0ABW4XUU2,342,95.5
A0ABW5LHB0,360,91.9
A0ABW5MSE8,257,96.2
A0ABW6DN27,285,97.4
A0ABW6E324,269,98.2
A0ABW6EP40,285,95.7
A0ABW6FBE3,285,95.9
A0ABW6FWS1,284,95.4
A0ABW6GY39,270,98.4
A0ABW6HBK0,285,97.9
A0ABW6IN48,270,98.0
A0ABW6IZJ2,285,97.3
A0ABW6L767,285,97.3
A0ABW6LM74,269,98.4
A0ABW6M374,282,93.2
A0ABW6MMK0,285,97.0
A0ABW6MSQ6,285,97.0
A0ABW6N5U5,269,98.4
A0ABW6QHW0,318,97.8
A0ABW6RJT0,284,95.5
A0ABW6RN89,270,98.2
A0ABW6TXN7,270,98.5
A0ABW6X6W7,284,97.2
A0ABW6XLE7,285,97.7
A0ABW6XU73,269,98.2
A0ABW6YFI9,285,97.4
A0ABW6YNF0,285,97.5
A0ABW6Z4J8,270,98.5
A0ABW7AQ69,275,98.0
A0ABW7AZ82,269,98.6
A0ABW7B5K6,285,97.0
A0ABW7C1H8,285,97.6
A0ABW7GSB8,394,85.5
A0ABW7PFR1,269,97.3
A0ABW7PHD1,278,97.4
A0ABW7PI59,285,96.3
A0ABW7QBQ2,261,93.7
A0ABW7QSB3,287,95.1
A0ABW7T5P6,269,98.5
A0ABW7U0L9,269,98.3
A0ABW7U1L9,285,97.7
A0ABW7V1F8,285,97.0
A0ABW7Y6Z8,285,97.2
A0ABW7YV31,275,97.0
A0ABW7Z597,262,97.8
A0ABW8BH91,285,97.1
A0ABW8CCG1,285,97.4
A0ABW8CLD5,269,98.4
A0ABW8CRJ3,285,97.7
A0ABW8CT20,269,98.2
A0ABW8E1M4,283,97.0
A0ABW8EQ82,279,97.5
A0ABW8EU47,285,95.9
A0ABW8F838,285,97.2
A0ABW8FKG1,269,98.5
A0ABW8HC31,285,97.5
A0ABW8JVC8,228,97.5
A0ABW8R094,312,97.2
A0ABW8R418,287,97.4
A0ABW8WV86,382,90.7
A0ABW8XK08,382,90.7
A0ABW9CBJ6,303,95.4
A0ABW9HSP7,285,97.5
A0ABW9IGG1,269,98.4
A0ABW9IIE3,285,97.6
A0ABW9IRU2,303,98.3
A0ABW9K7J9,309,96.8
A0ABW9L5L8,284,96.0
A0ABW9LTJ4,284,96.1
A0ABW9NQ24,284,95.6
A0ABW9P1B4,224,95.5
A0ABW9S031,342,93.0
A0ABX0IR11,352,93.6
A0ABX0KZJ7,303,97.6
A0ABX0SC33,258,75.9
A0ABX0XZL8,271,98.4
A0ABX0YW95,285,96.7
A0ABX0ZMI5,285,97.6
A0ABX1AHC8,269,98.0
A0ABX1DT26,52,84.5
A0ABX1DXV8,109,55.8
A0ABX1H0I2,264,97.9
A0ABX1H2X6,284,97.1
A0ABX1INI2,269,98.6
A0ABX1IT58,179,91.9
A0ABX1J3I2,246,97.8
A0ABX1MAQ9,279,97.4
A0ABX1MB29,374,96.2
A0ABX1MER1,345,95.7
A0ABX1P9S6,348,95.6
A0ABX2C6M7,250,96.2
A0ABX2KFR8,345,97.4
A0ABX2QSF3,312,96.7
A0ABX2VUI5,356,96.1
A0ABX2VV73,296,96.6
A0ABX3CA99,263,96.0
A0ABX3CAH5,283,95.3
A0ABX3G3F2,254,97.1
A0ABX3G7S6,278,97.6
A0ABX3GA27,285,95.7
A0ABX3GCF7,266,95.9
A0ABX3YAE9,269,98.4
A0ABX4IYB8,329,94.6
A0ABX4IYW7,245,95.9
A0ABX4JH41,245,96.3
A0ABX4JPI1,316,96.0
A0ABX4XXQ6,308,95.7
A0ABX4XZV5,392,94.6
A0ABX4Y6U4,269,96.1
A0ABX5EPM7,311,96.1
A0ABX5LUF6,244,96.0
A0ABX5RWM9,264,97.5
A0ABX5UDS5,264,97.2
A0ABX6ADG2,285,97.0
A0ABX6AXE7,285,96.7
A0ABX6ECD1,315,97.8
A0ABX6FJC2,269,97.6
A0ABX7K4S3,312,97.3
A0ABX7RHL0,269,98.4
A0ABX7TLH9,269,98.6
A0ABX7TPR5,285,97.0
A0ABX7ZE98,265,96.4
A0ABX7ZHY0,273,97.8
A0ABX7ZSL6,276,97.9
A0ABX7ZWA0,273,97.5
A0ABX8A6U2,199,94.5
A0ABX8FWZ4,285,97.0
A0ABX8G310,269,98.2
A0ABX8L774,312,97.2
A0ABX8PRY4,281,96.6
A0ABX8WXF2,385,92.9
A0ABX8XVK4,285,95.7
A0ABX8Y2V5,270,98.4
A0ABX8YP01,302,97.8
A0ABX9DHD3,330,97.1
A0ABX9EDT1,277,94.9
A0ABX9YVY4,337,95.1
A0ABY0FWW0,367,91.8
A0ABY0G5N1,238,93.0
A0ABY0GGA1,270,95.0
A0ABY0GHJ6,392,93.3
A0ABY0GL25,257,77.7
A0ABY0GQF2,351,96.2
A0ABY0GUL1,343,59.5
A0ABY0GVI7,343,86.5
A0ABY0H1D0,342,94.4
A0ABY0H2A5,370,93.1
A0ABY0HFL6,250,70.4
A0ABY0HIH6,326,94.1
A0ABY0HIJ2,363,89.0
A0ABY0HL93,304,98.4
A0ABY0HLJ3,324,86.0
A0ABY0HNE6,277,94.5
A0ABY0S6T0,284,95.9
A0ABY0T4X6,312,96.5
A0ABY0TGF5,347,97.5
A0ABY0THM8,320,97.4
A0ABY0TIF9,287,85.2
A0ABY0TKI0,273,97.0
A0ABY0V1C3,303,98.0
A0ABY1J517,346,93.5
A0ABY1QBF1,234,97.3
A0ABY1QNJ2,228,97.7
A0ABY2GV86,630,69.4
A0ABY2GWW1,353,97.5
A0ABY2H0D1,355,81.4
A0ABY2PAC6,285,96.2
A0ABY2RLZ4,270,90.8
A0ABY2RQH2,276,97.5
A0ABY3FLU5,496,88.1
A0ABY3PW42,277,96.9
A0ABY3QAS2,337,87.2
A0ABY3QPR7,317,96.4
A0ABY3WMB9,269,98.2
A0ABY3XII3,346,96.9
A0ABY3YKR9,311,96.0
A0ABY3YVG1,301,91.1
A0ABY4B7H4,338,93.4
A0ABY4F9K0,397,89.7
A0ABY4HLQ2,290,97.6
A0ABY4PT13,287,95.9
A0ABY4UMW8,285,96.4
A0ABY4Z7I9,269,98.5
A0ABY4ZHF5,285,98.0
A0ABY5F7W9,285,97.4
A0ABY5LRC9,359,95.1
A0ABY5N7U3,285,97.4
A0ABY5Q3K8,266,94.7
A0ABY5Q6F3,285,96.4
A0ABY5Q745,279,97.3
A0ABY5TYR6,311,96.2
A0ABY6BE40,278,97.1
A0ABY6BGM4,271,97.7
A0ABY6BTH7,285,97.8
A0ABY6E1S1,269,98.4
A0ABY6EH38,269,98.6
A0ABY6END5,285,97.1
A0ABY6IG30,269,98.1
A0ABY6MLT4,392,90.8
A0ABY6QGY6,303,98.0
A0ABY6QV15,269,98.1
A0ABY6QWY3,285,97.6
A0ABY6RUN5,344,91.3
A0ABY6RVL6,387,90.8
A0ABY6RW81,114,66.4
A0ABY6RXQ5,355,95.2
A0ABY6RZE0,219,84.4
A0ABY6RZW8,317,97.1
A0ABY6S516,374,96.1
A0ABY6S7M8,349,88.6
A0ABY6SA48,363,95.2
A0ABY6SE85,364,81.2
A0ABY6SEB9,333,97.8
A0ABY6SER4,325,95.8
A0ABY6SGK7,365,97.6
A0ABY6SGU0,331,76.4
A0ABY6SHP1,357,97.4
A0ABY6SIT4,407,89.6
A0ABY6SK47,311,98.5
A0ABY6SM81,265,84.9
A0ABY6TRN0,370,93.3
A0ABY6TVG3,293,97.5
A0ABY6U5M9,294,93.3
A0ABY6U842,341,92.3
A0ABY6U8G9,360,97.1
A0ABY6U8X8,362,95.5
A0ABY6UBE0,278,95.6
A0ABY6UDR3,370,94.7
A0ABY6UE63,354,96.2
A0ABY6UFL4,304,98.2
A0ABY6UJV8,435,86.5
A0ABY6UN80,305,92.7
A0ABY6UNY4,400,93.3
A0ABY6UPY2,354,95.6
A0ABY6UQ04,255,97.7
A0ABY6UR69,294,97.5
A0ABY6UWR4,379,96.7
A0ABY6UY83,353,96.4
A0ABY6V3C0,359,96.6
A0ABY7CJS2,239,79.2
A0ABY7D5Y0,255,58.2
A0ABY7D606,239,75.3
A0ABY7D6Q9,314,81.8
A0ABY7DU75,294,88.1
A0ABY7DY85,290,80.5
A0ABY7E0K8,380,92.4
A0ABY7E8M5,387,92.3
A0ABY7EQR1,353,89.2
A0ABY7ERL6,289,74.4
A0ABY7ES37,346,69.3
A0ABY7ESL6,292,70.1
A0ABY7ESX1,350,80.6
A0ABY7ET59,344,82.7
A0ABY7EU49,296,95.1
A0ABY7EU89,350,74.3
A0ABY7EUM4,173,87.3
A0ABY7EUN6,300,71.7
A0ABY7EUY5,344,84.2
A0ABY7EVC3,315,68.7
A0ABY7EVT5,383,89.6
A0ABY7EVT9,343,81.9
A0ABY7EW45,254,63.9
A0ABY7EW52,433,88.2
A0ABY7EW96,720,79.2
A0ABY7EX19,444,85.7
A0ABY7FFU1,356,69.1
A0ABY7GC10,328,86.2
A0ABY7GU97,392,88.6
A0ABY7GXC8,319,91.7
A0ABY7JB21,269,98.0
A0ABY7K753,269,98.3
A0ABY7K8H2,354,97.7
A0ABY7KG23,285,97.8
A0ABY7PC44,270,98.6
A0ABY7PD91,285,96.8
A0ABY7PY94,229,98.2
A0ABY7XUN4,348,97.0
A0ABY8TFK6,327,97.4
A0ABY8TFP0,327,97.7
A0ABY8U111,343,75.6
A0ABY8U3M5,388,95.9
A0ABY8UC38,382,80.8
A0ABY8UIN7,413,73.6
A0ABY8UIY3,403,71.2
A0ABY8UNR8,388,94.8
A0ABY8UPE5,303,85.2
A0ABY8WMF1,271,98.3
A0ABY9BLX9,342,95.6
A0ABY9BPI2,71,66.1
A0ABY9CMC3,330,96.3
A0ABY9CMT7,336,97.6
A0ABY9EQN0,295,97.8
A0ABY9EUP9,336,97.4
A0ABY9GZ39,295,97.6
A0ABY9ITB8,261,97.4
A0ABY9JN39,284,96.6
A0ABY9RYS4,269,98.3
A0ABY9SUW3,312,97.2
A0ABY9UKP5,285,97.5
A0ABY9UM83,270,98.2
A0ABY9VQP6,269,98.1
A0ABY9VXR1,286,97.6
A0ABY9W9X1,285,95.5
A0ABY9WX93,306,97.9
A0ABZ0HU16,274,97.8
A0ABZ0KFY1,284,97.1
A0ABZ0KMA8,220,97.8
A0ABZ0LUF1,285,98.1
A0ABZ0NMZ8,217,88.6
A0ABZ0NNX6,340,96.3
A0ABZ0P4V6,85,95.4
A0ABZ0THB2,316,94.4
A0ABZ0TQ63,281,94.4
A0ABZ0VTX1,319,96.1
A0ABZ1ADG6,312,90.5
A0ABZ1EPD3,269,98.4
A0ABZ1F687,285,96.7
A0ABZ1FSV1,269,98.2
A0ABZ1GKN1,285,96.4
A0ABZ1HK89,285,97.6
A0ABZ1HNZ4,270,98.4
A0ABZ1ISA3,317,97.2
A0ABZ1IW01,283,97.1
A0ABZ1J7L8,269,98.3
A0ABZ1JPK6,285,97.1
A0ABZ1JUU8,269,98.5
A0ABZ1JW57,284,96.5
A0ABZ1KK91,269,98.5
A0ABZ1KSB6,285,97.6
A0ABZ1L2C7,269,98.3
A0ABZ1L7N7,285,97.8
A0ABZ1LVF7,285,97.3
A0ABZ1MA52,269,98.2
A0ABZ1MKE0,285,97.2
A0ABZ1NK22,270,98.2
A0ABZ1NRZ5,285,96.6
A0ABZ1Q4E8,278,97.5
A0ABZ1Q4I8,285,96.2
A0ABZ1Q6U7,259,95.0
A0ABZ1QTL9,303,98.3
A0ABZ1QUA9,269,98.4
A0ABZ1R3K8,285,97.6
A0ABZ1RFT5,278,97.5
A0ABZ1RGP4,283,97.1
A0ABZ1SYY9,244,98.3
A0ABZ1T569,278,97.3
A0ABZ1T5C4,285,96.0
A0ABZ1TQA4,266,95.7
A0ABZ1TVV8,270,98.2
A0ABZ1U9Y4,257,95.7
A0ABZ1V5C6,285,96.8
A0ABZ1VCP8,269,98.2
A0ABZ1W8D9,301,98.1
A0ABZ1WHI3,269,98.6
A0ABZ1WP19,269,98.4
A0ABZ1WVE8,285,97.5
A0ABZ1XE58,270,98.5
A0ABZ1XJX8,302,96.9
A0ABZ1XWP7,288,96.7
A0ABZ1Z908,285,97.0
A0ABZ1ZIG4,271,97.1
A0ABZ1ZKP5,301,98.1
A0ABZ1ZVH3,285,94.1
A0ABZ2CKD5,105,86.5
A0ABZ2WJK3,198,89.2
A0ABZ2WML6,352,97.5
A0ABZ2WPZ5,136,83.4
A0ABZ2WTS4,234,70.2
A0ABZ2WW44,391,87.2
A0ABZ2WZ08,114,61.4
A0ABZ2X2C8,360,97.2
A0ABZ2X2P5,319,97.4
A0ABZ2X5L0,372,96.7
A0ABZ2X6I5,278,97.5
A0ABZ2XAZ6,436,88.5
A0ABZ2XC59,302,97.3
A0ABZ3BU46,383,85.9
A0AC11AXG3,432,95.4
A0AC11BLN5,353,97.8
A0AC11BZG5,433,98.0
A0AC34F0Y3,362,94.2
A0AC34F8Y4,260,97.8
A0AC34F9M8,322,89.5
A0AC34FE54,354,92.0
A0AC34GRF6,348,73.2
A0AC34QEY8,152,94.0
A0AC34QHI6,359,90.7
A0AC34QTV2,322,86.0
A0AC34R0D4,201,89.1
A0AC34R0V6,200,88.9
A0AC34RFD2,361,89.8
A0AC35F0Y3,92,57.2
A0AC35FDD3,191,82.1
A0AC35FDX5,192,79.6
A0AC35FGK4,113,89.2
A0AC35FUG1,297,96.7
A0AC35FYI9,362,92.8
A0AC35GDG2,32,94.0
A0AC35GVE6,169,93.0
A0AC35GVZ7,123,79.1
A0AC35TI99,363,91.8
A0AC35TIE5,230,90.8
A0AC35TPE1,305,94.8
A0AC35U6I3,275,91.5
A0AC41YFA1,337,95.7
A0AC58G2C5,437,96.8
A0AC58G2D5,437,96.8
A0AC58G2E1,217,94.6
A0AC58G2E3,217,94.6
A0AC58KST4,353,97.7
A0AC58LY40,428,98.0
A0AC58TFN9,333,95.3
A0AC58TLK9,296,96.9
A0AC58U5S7,333,96.1
A0AC59YLH1,353,97.6
A0AC59Z960,434,97.9
A0AC60A772,431,95.9
A0ACA9JUR1,394,89.2
A0ACA9JZ12,359,94.9
A0ACA9K0F7,393,92.1
A0ACA9K9U4,406,92.6
A0ACA9KKF6,387,91.4
A0ACA9KLE7,158,80.6
A0ACA9LDI1,73,68.4
A0ACA9LR35,396,90.3
A0ACA9LXK0,363,89.5
A0ACA9M6F6,391,90.2
A0ACA9MAD6,104,76.2
A0ACA9MFV3,396,91.6
A0ACA9N253,149,85.8
A0ACA9NLL6,201,81.1
A0ACA9PTA6,125,56.9
A0ACA9Q0F8,391,82.6
A0ACA9Q961,396,91.2
A0ACA9RE12,374,84.3
A0ACA9RPM3,394,86.8
A0ACA9RR96,114,66.0
A0ACA9S9V0,262,78.8
A0ACA9SMB7,159,77.6
A0ACA9T6R2,282,93.1
A0ACA9TFL9,379,93.0
A0ACA9TPP0,363,96.1
A0ACA9TSJ0,359,94.9
A0ACA9TXN9,361,96.9
A0ACA9TYA0,360,97.2
A0ACA9TZH0,329,96.0
A0ACA9TZR5,293,97.3
A0ACA9U3U3,349,96.4
A0ACA9U4D2,433,88.0
A0ACA9U4J8,354,95.7
A0ACA9U580,317,81.8
A0ACA9UJ52,294,97.9
A0ACA9UKW1,372,94.0
A0ACA9UM57,221,64.6
A0ACA9UMC9,302,98.1
A0ACA9UUD3,207,61.7
A0ACB0EDL1,353,97.6
A0ACB0EXT7,434,97.9
A0ACB0FHL5,431,95.9
A0ACB0J7N9,299,96.4
A0ACB0JXW5,334,95.9
A0ACB0KQP9,299,96.5
A0ACB0KT12,339,65.7
A0ACB0KWA4,299,96.9
A0ACB0L2E5,344,96.0
A0ACB0L2E8,342,94.2
A0ACB0L4G0,339,97.3
A0ACB0L519,333,97.5
A0ACB0XMH8,254,95.5
A0ACB0XN11,219,93.3
A0ACB0Y497,301,96.7
A0ACB0Y7T5,309,97.3
A0ACB0YEA9,204,92.1
A0ACB0YFD1,244,84.2
A0ACB0YTT4,133,85.2
A0ACB0YTT5,366,86.4
A0ACB0YTV2,50,78.2
A0ACB0YTV3,278,97.3
A0ACB0YTV4,157,93.5
A0ACB0YTW8,102,75.1
A0ACB0YTX0,57,74.9
A0ACB0YU33,318,94.9
A0ACB0YUV3,178,79.0
A0ACB0YV90,354,90.7
A0ACB0ZQ59,338,78.0
A0ACB0ZR52,289,63.5
A0ACB0ZV79,332,70.1
A0ACB1A816,255,80.0
A0ACB1A9J0,236,63.0
A0ACB1ABT6,74,91.7
A0ACB1ADL6,233,74.2
A0ACB1AJR4,112,85.4
A0ACB1AJT0,184,89.3
A0ACB1AJT3,92,91.5
A0ACB1AJV2,165,72.1
A0ACB1AK72,323,84.3
A0ACB1AKM0,359,90.0
A0ACB1AKQ7,166,54.3
A0ACB1ALB9,259,85.7
A0ACB1AMP4,250,94.7
A0ACB1AND0,73,93.3
A0ACB1AP86,318,94.9
A0ACB1ARC5,117,66.2
A0ACB1AS38,185,84.4
A0ACB1AT13,252,85.2
A0ACB1ATD4,136,59.1
A0ACB1AW94,93,87.0
A0ACB1AYG0,184,75.8
A0ACB1AYG2,365,89.9
A0ACB1AYG8,235,88.8
A0ACB1AYY7,273,79.9
A0ACB1AZ84,76,93.2
A0ACB1AZH1,303,95.5
A0ACB1B0E6,133,86.0
A0ACB1B2A1,345,92.9
A0ACB1B2X5,145,82.5
A0ACB1B806,219,93.3
A0ACB5RUH5,331,96.5
A0ACB5RUU5,290,95.9
A0ACB5RUX0,340,90.7
A0ACB5RW17,305,98.2
A0ACB5RXD1,316,98.1
A0ACB5RZZ5,119,90.5
A0ACB5S1P3,316,95.6
A0ACB5S4G2,296,97.7
A0ACB5SAS9,409,86.3
A0ACB5SCA7,296,95.9
A0ACB5SHS6,361,97.9
A0ACB5SK95,207,79.2
A0ACB5SKY8,138,63.0
A0ACB5SLM9,402,88.2
A0ACB5SPB0,284,95.5
A0ACB5SPE2,296,96.2
A0ACB5SPV6,367,97.4
A0ACB6F4L5,368,97.9
A0ACB6F5N8,346,97.2
A0ACB6F641,357,96.9
A0ACB6F907,290,98.0
A0ACB6FB67,364,98.2
A0ACB6FG40,356,92.2
A0ACB6FGH9,356,96.7
A0ACB6FGU9,360,96.9
A0ACB6FMU4,400,93.4
A0ACB6FN41,387,96.9
A0ACB6FQR3,360,97.1
A0ACB6FRC5,365,96.9
A0ACB6FTH8,363,98.2
A0ACB6FTN5,344,97.5
A0ACB6FTY5,252,82.0
A0ACB6FYG9,289,98.0
A0ACB6FYR3,289,98.0
A0ACB6FZK2,363,98.0
A0ACB6G0J7,384,97.1
A0ACB6G0P3,324,93.8
A0ACB6G3R1,336,94.5
A0ACB6G405,370,97.9
A0ACB6G492,127,94.8
A0ACB6QAH6,408,89.0
A0ACB6QDU3,341,96.9
A0ACB6QFG3,342,90.4
A0ACB6QHH6,355,94.2
A0ACB6QIU6,363,95.3
A0ACB6QK91,350,95.7
A0ACB6QQH8,363,97.9
A0ACB6QXY9,345,94.7
A0ACB6QZ82,351,98.0
A0ACB6R138,325,98.1
A0ACB6R1D7,300,97.3
A0ACB6RAK9,366,97.4
A0ACB6RB03,330,55.7
A0ACB6RB87,353,88.6
A0ACB6RDZ1,344,98.3
A0ACB6RG49,396,93.9
A0ACB6RHV1,363,97.6
A0ACB6RIZ1,311,94.9
A0ACB6RLP9,332,95.9
A0ACB6RLT2,336,97.7
A0ACB6RNM5,344,95.5
A0ACB6RSZ3,346,90.5
A0ACB6RVN5,383,95.2
A0ACB6RWX2,352,97.2
A0ACB6S127,358,89.7
A0ACB6S435,350,97.8
A0ACB6S5V8,330,92.2
A0ACB6SAT1,342,97.2
A0ACB6Z417,339,97.3
A0ACB6Z4V4,339,96.7
A0ACB6Z8Q8,335,97.5
A0ACB6Z8T5,300,92.7
A0ACB6ZCG4,335,96.1
A0ACB6ZD36,332,97.6
A0ACB6ZF33,334,96.0
A0ACB6ZI71,320,98.0
A0ACB6ZPA1,335,96.4
A0ACB7EJ04,347,95.7
A0ACB7EW16,430,97.2
A0ACB7IK85,303,97.7
A0ACB7IQP8,256,80.4
A0ACB7IRD0,260,92.8
A0ACB7ITD8,342,87.6
A0ACB7NW31,282,96.7
A0ACB7NYC4,356,97.9
A0ACB7NYD3,379,97.0
A0ACB7P093,307,93.7
A0ACB7P0J0,232,89.7
A0ACB7P235,267,97.6
A0ACB7P4Q1,360,91.2
A0ACB7P4S6,351,96.7
A0ACB7P4Z6,354,98.2
A0ACB7P5E8,399,80.1
A0ACB7P620,381,93.1
A0ACB7PAM3,372,96.7
A0ACB7PCI4,355,84.9
A0ACB7PEA4,270,97.8
A0ACB7PFM9,321,94.4
A0ACB7PGA3,312,96.6
A0ACB7PK71,354,98.2
A0ACB7PM42,269,97.5
A0ACB7PME6,373,97.3
A0ACB7PQN8,379,93.3
A0ACB7PRL0,318,97.5
A0ACB7PSA7,372,92.2
A0ACB7TUN8,324,97.5
A0ACB7TVJ3,318,95.7
A0ACB7TVM3,324,96.1
A0ACB7TZS8,292,94.4
A0ACB7TZV6,296,90.6
A0ACB7UNM0,297,97.3
A0ACB7VR67,302,95.8
A0ACB7VR93,313,89.0
A0ACB7VRA3,316,94.9
A0ACB7VRS0,313,95.8
A0ACB7VRZ0,314,92.1
A0ACB7VS42,312,92.3
A0ACB7X7I8,327,97.1
A0ACB7XEH0,325,96.8
A0ACB7YUF3,329,96.8
A0ACB8BYL3,188,84.7
A0ACB8ESD5,131,95.1
A0ACB8FGT9,174,74.2
A0ACB8FJ36,356,89.3
A0ACB8GMA1,340,97.0
A0ACB8GNM2,327,96.1
A0ACB8GPR9,315,98.2
A0ACB8GPZ1,279,57.6
A0ACB8GTC1,256,92.6
A0ACB8GU20,302,98.3
A0ACB8H9N0,311,96.3
A0ACB8H9T8,293,96.9
A0ACB8H9U9,302,98.0
A0ACB8HA24,302,97.9
A0ACB8HA52,315,95.9
A0ACB8HAF0,328,94.4
A0ACB8HAM5,337,54.6
A0ACB8HCS0,297,96.2
A0ACB8NFF0,328,95.5
A0ACB8QEM8,333,97.7
A0ACB8QLS4,365,93.9
A0ACB8RHH7,364,96.2
A0ACB8S060,330,97.0
A0ACB8SK53,329,97.6
A0ACB8SU39,305,92.5
A0ACB8SW39,304,91.5
A0ACB8T765,336,93.7
A0ACB8TB58,338,93.3
A0ACB8TSI7,320,92.1
A0ACB8UZU6,326,97.3
A0ACB8V0J7,327,97.5
A0ACB8V2K0,375,96.2
A0ACB8VDY9,435,98.0
A0ACB8VFE3,370,97.3
A0ACB8VL59,432,95.6
A0ACB8X1W8,349,97.8
A0ACB8X6W5,435,97.1
A0ACB8XB61,228,59.0
A0ACB8XUZ5,350,95.3
A0ACB8XVE6,67,81.7
A0ACB8XVY1,308,95.5
A0ACB8XYG7,65,84.9
A0ACB8ZBG7,295,71.9
A0ACB8ZDC5,348,90.8
A0ACB8ZND1,323,97.3
A0ACB8ZXI8,125,89.8
A0ACB8ZYK7,329,96.0
A0ACB8ZZ10,329,96.1
A0ACB8ZZ26,344,92.8
A0ACB8ZZW4,344,93.0
A0ACB9ADX3,338,95.2
A0ACB9AE47,338,94.2
A0ACB9AF37,306,93.9
A0ACB9B610,329,95.7
A0ACB9B924,330,97.3
A0ACB9DFT0,329,97.1
A0ACB9E3S7,343,94.9
A0ACB9E4E7,344,94.7
A0ACB9E4J5,343,95.3
A0ACB9EAT5,320,96.6
A0ACB9EB60,54,46.8
A0ACB9F2E9,330,97.2
A0ACB9F2Z1,323,96.3
A0ACB9FEQ2,347,94.5
A0ACB9FEX1,347,93.8
A0ACB9FEX4,349,95.1
A0ACB9FFD9,347,94.8
A0ACB9FVK7,326,94.2
A0ACB9GF36,305,94.9
A0ACB9GS48,308,95.2
A0ACB9GSE1,348,93.9
A0ACB9GSP5,308,94.8
A0ACB9GTQ5,348,93.6
A0ACB9HJM9,115,42.4
A0ACB9I797,329,96.1
A0ACB9IA76,322,96.9
A0ACB9IPA5,305,95.4
A0ACB9IPA9,157,91.1
A0ACB9IQ34,168,42.4
A0ACB9IQ81,350,95.4
A0ACB9IQL7,465,61.9
A0ACB9KBE2,132,86.1
A0ACB9KHH2,341,96.0
A0ACB9KHK2,324,97.3
A0ACB9KHK9,325,97.2
A0ACB9KHL1,337,95.5
A0ACB9KHN3,321,95.8
A0ACB9KPZ2,280,88.1
A0ACB9KQ01,324,97.4
A0ACB9KQH6,338,94.3
A0ACB9KQN4,338,92.4
A0ACB9P225,339,96.4
A0ACB9R5F0,330,97.2
A0ACB9R753,330,96.5
A0ACB9U9R6,433,98.0
A0ACB9UVB8,364,80.1
A0ACB9VGP2,381,91.2
A0ACB9W011,429,95.5
A0ACB9W7D3,438,96.9
A0ACB9WLP5,432,97.7
A0ACB9WNG6,430,96.0
A0ACB9XZD2,414,85.4
A0ACB9YLA3,353,97.9
A0ACB9YLY3,356,98.1
A0ACB9YLZ4,368,97.3
A0ACB9YNP1,489,76.8
A0ACB9YV20,266,97.5
A0ACB9YZX1,270,97.6
A0ACB9Z153,333,84.4
A0ACB9Z4F5,351,93.3
A0ACB9ZAH5,347,95.4
A0ACB9ZET7,347,94.2
A0ACB9ZF75,354,96.3
A0ACB9ZHP1,395,72.5
A0ACC0AC67,330,96.9
A0ACC0CIU2,347,93.4
A0ACC0CLK3,354,98.3
A0ACC0CM42,270,97.8
A0ACC0CP42,372,96.5
A0ACC0D1W7,360,95.1
A0ACC0D7T5,358,96.8
A0ACC0D8I2,349,93.3
A0ACC0DAY4,353,97.2
A0ACC0DDX5,453,87.5
A0ACC0DGB4,336,86.9
A0ACC0DM41,374,94.8
A0ACC0DTL1,303,89.7
A0ACC0DTU8,295,82.1
A0ACC0DTX9,237,97.4
A0ACC0DUH9,304,75.6
A0ACC0DV82,229,85.9
A0ACC0DWE1,296,86.3
A0ACC0ETT0,238,85.6
A0ACC0GFR3,321,96.6
A0ACC0GG18,329,96.7
A0ACC0GGQ9,300,75.6
A0ACC0GM13,324,94.6
A0ACC0LAU0,323,96.7
A0ACC0PR38,330,96.9
A0ACC0QB30,299,97.2
A0ACC0QEY9,402,85.3
A0ACC0QG35,367,97.4
A0ACC0QHU8,371,96.9
A0ACC0QMC4,391,92.3
A0ACC0QWU4,386,96.9
A0ACC0R369,454,86.7
A0ACC0RA38,352,97.8
A0ACC0RIA1,414,87.9
A0ACC0S972,318,88.9
A0ACC0T4S4,335,92.9
A0ACC0T5F3,335,92.9
A0ACC0T5J0,335,92.9
A0ACC0TNQ4,317,97.2
A0ACC0TNS4,322,96.7
A0ACC0TNT1,321,96.8
A0ACC0TNW6,321,97.4
A0ACC0TP89,322,97.1
A0ACC0TPD0,187,44.7
A0ACC0TPJ8,322,96.7
A0ACC0TPP5,322,97.0
A0ACC0TPQ2,289,92.9
A0ACC0UB63,356,95.2
A0ACC0UBD5,352,87.0
A0ACC0UCN6,361,86.6
A0ACC0UUS7,335,79.9
A0ACC0V4A4,353,96.1
A0ACC0W1T7,387,93.4
A0ACC0W3B6,203,71.8
A0ACC0W4L4,219,77.9
A0ACC0W512,330,94.3
A0ACC0WCW2,477,92.7
A0ACC0WDW4,445,81.6
A0ACC0XL08,322,97.3
A0ACC0XMJ2,286,83.7
A0ACC1A5Y2,318,78.9
A0ACC1A6H9,263,86.0
A0ACC1H813,100,95.4
A0ACC1HAC4,120,96.8
A0ACC1HB73,83,95.7
A0ACC1HEN0,505,78.6
A0ACC1HGN9,365,96.0
A0ACC1HJ19,252,97.3
A0ACC1HJM1,384,82.3
A0ACC1HJT6,258,93.8
A0ACC1HNE3,269,96.1
A0ACC1HST6,260,96.1
A0ACC1HT59,417,69.7
A0ACC1HXC0,350,76.2
A0ACC1I5X4,135,55.3
A0ACC1IV89,256,96.8
A0ACC1IVC9,256,98.2
A0ACC1IVF6,248,97.4
A0ACC1IVG8,251,97.9
A0ACC1IVH2,253,96.9
A0ACC1IX00,253,97.0
A0ACC1IX38,268,96.5
A0ACC1IXB4,252,98.3
A0ACC1IYU5,250,98.2
A0ACC1IZ56,120,97.3
A0ACC1J0W3,76,97.7
A0ACC1J7K1,258,96.8
A0ACC1J7P6,253,87.3
A0ACC1J855,87,96.5
A0ACC1JAA5,248,97.2
A0ACC1JF33,123,97.8
A0ACC1JF58,269,85.4
A0ACC1JFB1,110,72.1
A0ACC1JQG4,256,97.6
A0ACC1K0H3,220,97.8
A0ACC1K1L7,260,93.1
A0ACC1K240,269,94.8
A0ACC1K3Z8,471,77.6
A0ACC1K6Z3,269,94.1
A0ACC1K707,248,97.1
A0ACC1K810,250,97.7
A0ACC1K9H8,364,88.8
A0ACC1KH38,202,97.3
A0ACC1KJ20,257,97.5
A0ACC1KKM5,253,95.7
A0ACC1KLX8,248,97.8
A0ACC1KMS8,262,97.2
A0ACC1KNB5,256,98.0
A0ACC1KNJ3,325,93.1
A0ACC1KQ89,371,82.0
A0ACC1KQZ4,252,98.1
A0ACC1KWA2,248,97.1
A0ACC1KZ88,274,95.6
A0ACC1L551,87,96.7
A0ACC1L5T1,253,97.7
A0ACC1LB22,190,90.9
A0ACC1LBK3,256,98.4
A0ACC1LGB1,250,97.7
A0ACC1LH49,256,98.1
A0ACC1LIP9,257,97.3
A0ACC1LR57,252,98.4
A0ACC1LSD8,253,97.3
A0ACC1LSM4,273,95.2
A0ACC1LU45,255,97.2
A0ACC1M2K4,242,97.6
A0ACC1M2R8,252,98.2
A0ACC1M753,259,96.9
A0ACC1M7I5,252,94.7
A0ACC1M831,251,98.0
A0ACC1M8E0,344,89.8
A0ACC1M8E6,256,98.3
A0ACC1M9L5,248,98.0
A0ACC1MA39,251,98.1
A0ACC1MA94,252,97.1
A0ACC1MLA8,371,93.1
A0ACC1MNU8,256,82.0
A0ACC1MVB6,331,86.3
A0ACC1MXU3,339,90.2
A0ACC1MZH6,347,97.6
A0ACC1NH54,265,97.2
A0ACC1NHK1,344,98.0
A0ACC1NLV5,313,87.8
A0ACC1NNE9,395,93.3
A0ACC1NWS4,319,92.4
A0ACC1P0Q8,161,95.1
A0ACC1P356,206,79.3
A0ACC1P414,294,90.0
A0ACC1P604,139,90.0
A0ACC1PCP6,118,85.5
A0ACC1PD21,361,90.7
A0ACC1PEW3,295,90.1
A0ACC1PKT5,375,89.4
A0ACC1PLZ8,387,91.9
A0ACC1PMJ2,350,84.2
A0ACC1PQ96,382,86.2
A0ACC1Q4L3,247,77.8
A0ACC1Q503,345,88.3
A0ACC1QHQ0,370,93.6
A0ACC1QM86,252,75.2
A0ACC1QNQ0,279,94.0
A0ACC1QU05,561,76.1
A0ACC1R809,353,96.5
A0ACC1R8A6,372,95.8
A0ACC1RGF0,352,97.2
A0ACC1RIB5,372,92.8
A0ACC1RTN0,429,96.5
A0ACC1RX66,293,97.1
A0ACC1RYM5,302,94.6
A0ACC1S0F4,270,96.9
A0ACC1S0V9,132,86.4
A0ACC1S194,420,84.5
A0ACC1S227,232,94.7
A0ACC1S3L9,356,97.0
A0ACC1S912,360,96.5
A0ACC1SAF0,276,98.3
A0ACC1SAF6,345,90.0
A0ACC1SF13,453,87.6
A0ACC1SFB7,363,80.7
A0ACC1SKZ7,424,81.6
A0ACC1SLU8,216,90.0
A0ACC1SMW6,317,94.5
A0ACC1STZ8,232,90.9
A0ACC1T5A6,380,97.2
A0ACC1T874,411,87.4
A0ACC1T8E7,386,94.3
A0ACC1T8H4,91,79.1
A0ACC1T8L1,419,90.7
A0ACC1TW98,161,96.0
A0ACC1U033,342,97.3
A0ACC1UC83,352,90.9
A0ACC1UCT7,361,95.7
A0ACC1WWQ1,330,96.6
A0ACC2AB39,292,95.1
A0ACC2AB81,281,92.2
A0ACC2AB83,292,95.6
A0ACC2ABA4,281,92.8
A0ACC2ABB5,292,95.6
A0ACC2ABC4,292,95.0
A0ACC2ABE5,325,93.3
A0ACC2ASW8,325,96.8
A0ACC2ASX2,325,96.8
A0ACC2ASX3,325,95.4
A0ACC2ASX7,299,95.2
A0ACC2ASY1,325,95.9
A0ACC2AT13,79,85.6
A0ACC2AT34,325,96.8
A0ACC2AT69,325,96.8
A0ACC2ATP7,325,95.9
A0ACC2AUB8,325,95.9
A0ACC2BF43,414,86.4
A0ACC2BF89,414,86.4
A0ACC2BG01,169,87.9
A0ACC2FVI2,435,97.7
A0ACC2G207,434,97.8
A0ACC2GA98,354,97.4
A0ACC2GX59,437,97.7
A0ACC2HA47,436,91.2
A0ACC2HR65,377,96.0
A0ACC2I1D4,371,97.2
A0ACC2I3M2,297,95.1
A0ACC2I6K2,336,97.3
A0ACC2I9J7,355,74.8
A0ACC2IC80,383,94.9
A0ACC2ID33,286,96.5
A0ACC2IGC0,346,88.0
A0ACC2IGE6,291,98.3
A0ACC2IIZ4,343,86.4
A0ACC2IJE4,359,87.9
A0ACC2IJR9,350,97.6
A0ACC2IM76,334,96.0
A0ACC2IMW5,358,95.7
A0ACC2IP30,373,98.1
A0ACC2IQ67,361,96.2
A0ACC2IQ68,360,98.1
A0ACC2IQW7,323,95.1
A0ACC2IRA4,349,90.7
A0ACC2ISR5,308,78.4
A0ACC2IT86,375,97.4
A0ACC2J0Z3,359,95.1
A0ACC2J4D6,278,95.0
A0ACC2J646,278,97.9
A0ACC2J678,363,93.3
A0ACC2J732,223,97.3
A0ACC2J9D2,370,94.1
A0ACC2JAG6,131,82.6
A0ACC2JAQ4,345,97.7
A0ACC2JBL3,300,93.8
A0ACC2JBW3,123,88.0
A0ACC2JI51,383,86.6
A0ACC2JJ36,163,73.6
A0ACC2JLY7,376,92.0
A0ACC2JQ89,361,92.6
A0ACC2JU58,327,97.8
A0ACC2JUU5,142,57.0
A0ACC2JUV3,397,94.1
A0ACC2JVL0,219,96.7
A0ACC2JVS6,322,94.9
A0ACC2JW02,271,81.7
A0ACC2KB47,327,96.3
A0ACC2KJ36,331,95.5
A0ACC2KJ49,331,96.0
A0ACC2KJH7,138,64.6
A0ACC2L3H4,324,97.2
A0ACC2L5X7,158,57.5
A0ACC2L6Z2,334,96.6
A0ACC2L7E1,322,97.4
A0ACC2L7J1,323,97.7
A0ACC2M6H9,325,95.5
A0ACC2M6I7,325,96.2
A0ACC2RE04,247,97.7
A0ACC2RF44,103,67.6
A0ACC2RFS8,250,95.7
A0ACC2RFY6,250,96.7
A0ACC2RI34,277,93.3
A0ACC2RI75,254,95.9
A0ACC2RI87,246,94.8
A0ACC2RP22,248,97.6
A0ACC2RP36,252,97.8
A0ACC2RRJ6,254,92.8
A0ACC2RV68,250,96.9
A0ACC2RV87,250,95.7
A0ACC2RVH7,259,91.2
A0ACC2RZQ3,255,95.9
A0ACC2S0A8,796,54.0
A0ACC2S0P5,268,91.8
A0ACC2S0V3,260,96.9
A0ACC2S2C7,270,90.1
A0ACC2S7C6,241,90.0
A0ACC2S8U6,257,94.2
A0ACC2S8V8,257,96.2
A0ACC2S963,257,96.8
A0ACC2SBR4,250,94.9
A0ACC2SD12,259,95.4
A0ACC2SF11,351,87.1
A0ACC2SFQ9,204,79.8
A0ACC2SFX5,246,94.8
A0ACC2SFX7,98,95.2
A0ACC2SGA7,262,74.4
A0ACC2SGE0,61,55.9
A0ACC2SR01,252,96.2
A0ACC2SRV0,255,95.5
A0ACC2SUK8,247,98.2
A0ACC2SUN4,247,97.1
A0ACC2SY76,243,94.9
A0ACC2SZ27,258,98.0
A0ACC2SZI4,258,96.8
A0ACC2T2P1,241,82.8
A0ACC2T351,257,95.5
A0ACC2T3B9,257,95.0
A0ACC2T3H8,257,96.9
A0ACC2T3L9,231,79.8
A0ACC2T3N4,230,60.6
A0ACC2T3Q8,250,97.3
A0ACC2T450,257,96.8
A0ACC2T4I7,317,87.7
A0ACC2T5D0,225,94.1
A0ACC2T6Y9,643,61.8
A0ACC2T704,258,95.3
A0ACC2T7F1,182,95.2
A0ACC2T7I7,260,96.8
A0ACC2T7K2,259,97.7
A0ACC2T7Z3,187,96.9
A0ACC2T9K1,200,65.7
A0ACC2T9U2,254,95.8
A0ACC2TB41,255,96.4
A0ACC2TCU6,248,95.9
A0ACC2TD65,252,97.8
A0ACC2TF83,258,97.7
A0ACC2TGZ7,174,95.6
A0ACC2TH31,230,95.6
A0ACC2THK9,182,95.3
A0ACC2TIA1,248,97.0
A0ACC2TID4,248,96.6
A0ACC2TJ92,252,89.5
A0ACC2TJF7,252,81.0
A0ACC2TJT1,258,97.8
A0ACC2TJW4,242,83.9
A0ACC2TPI5,261,96.1
A0ACC2TSA8,269,89.7
A0ACC2TU75,242,82.7
A0ACC2TVA3,248,96.7
A0ACC2TVV6,261,92.2
A0ACC2TVW9,260,97.6
A0ACC2TW95,250,95.5
A0ACC2TWG8,250,96.0
A0ACC2TWK4,250,92.5
A0ACC2TX29,250,95.6
A0ACC2TX51,250,95.6
A0ACC2TXE9,250,93.4
A0ACC2TXU5,250,95.6
A0ACC2TY60,218,89.2
A0ACC2TY96,250,96.1
A0ACC2TY98,272,94.0
A0ACC2TZ91,248,96.0
A0ACC2TZL3,236,76.7
A0ACC2TZZ9,248,94.0
A0ACC2U085,257,95.6
A0ACC2U0B8,257,93.4
A0ACC2U3S2,230,56.7
A0ACC2U3V9,259,95.6
A0ACC2U405,231,78.0
A0ACC2U6M1,258,95.5
A0ACC2U6R3,159,50.2
A0ACC2U6X5,258,97.6
A0ACC2U767,268,92.6
A0ACC2U7B3,257,91.9
A0ACC2U885,254,96.5
A0ACC2U9E0,271,93.9
A0ACC2UAP5,236,68.7
A0ACC2UAS6,248,95.3
A0ACC2UBR6,66,71.4
A0ACC2UGW0,332,95.5
A0ACC2UGZ0,239,92.6
A0ACC2UM34,255,95.2
A0ACC2UNI1,258,92.2
A0ACC2UNN5,259,97.7
A0ACC2UQA1,254,93.6
A0ACC2URU6,330,95.6
A0ACC2UUB7,248,97.0
A0ACC2UV33,248,96.3
A0ACC2YSN7,338,60.2
A0ACC2YX86,279,80.3
A0ACC2ZBB1,317,93.7
A0ACC2ZMF6,292,76.8
A0ACC2ZX21,130,93.9
A0ACC2ZZX6,346,97.4
A0ACC3A5L7,353,95.0
A0ACC3AAT4,322,94.8
A0ACC3AFN8,283,95.8
A0ACC3AMS3,369,97.4
A0ACC3AMX3,356,96.5
A0ACC3AYV4,321,95.9
A0ACC3AZX0,373,82.7
A0ACC3BCY3,326,91.4
A0ACC3BJ67,215,91.6
A0ACC3BJG3,333,96.7
A0ACC3BJZ1,307,89.8
A0ACC3BK13,270,94.8
A0ACC3BNG1,355,92.2
A0ACC3BTP6,227,93.9
A0ACC3BV21,286,82.9
A0ACC3BZC9,199,85.3
A0ACC3BZY5,264,87.6
A0ACC3C3N3,317,95.9
A0ACC3C3P1,307,93.6
A0ACC3C5E3,348,93.6
A0ACC3C9N3,344,91.2
A0ACC3CB14,269,94.6
A0ACC3CBK0,501,55.4
A0ACC3CBV5,333,96.2
A0ACC3CDQ3,270,92.0
A0ACC3CDV4,268,96.2
A0ACC3CEB8,247,85.6
A0ACC3CEQ8,130,72.6
A0ACC3CJ60,297,92.6
A0ACC3CTY8,207,57.1
A0ACC3D4N5,281,58.1
A0ACC3DLN5,206,90.9
A0ACC3DNN8,271,96.0
A0ACC3L380,337,97.0
A0ACC3MCJ7,352,86.6
A0ACC3NCC8,360,89.6
A0ACC3NFM7,373,96.1
A0ACC3NHH7,373,96.3
A0ACC3NIQ5,412,88.4
A0ACC3NX25,382,93.6
A0ACC3S6W2,365,98.4
A0ACC3SBR1,383,92.2
A0ACC3SCJ8,288,95.5
A0ACC3YDI7,365,96.2
A0ACC3YE67,304,97.9
A0ACC3YEP6,307,97.0
A0ACC3YF31,344,96.5
A0ACC3YJ84,201,79.8
A0ACC3YJX9,374,97.8
A0ACC3YKA4,382,97.2
A0ACC3YNG7,276,97.8
A0ACC3YP94,293,96.2
A0ACC3YRR1,304,97.8
A0ACC3YT05,352,96.8
A0ACC3YUB1,352,98.2
A0ACC3YVP2,324,93.2
A0ACC3YVU4,335,92.5
A0ACC3YY16,291,95.2
A0ACC3YYZ1,409,90.8
A0ACC3Z109,374,98.0
A0ACC3Z4Z0,368,97.2
A0ACC3Z5L5,394,93.5
A0ACC3Z738,375,96.1
A0ACC3ZAS3,368,84.0
A0ACC3ZC40,364,93.1
A0ACC3ZH19,336,93.0
A0ACC3ZL32,369,95.0
A0ACC4BDJ0,319,96.8
A0ACC4BED5,331,97.0
A0ACC4CHH0,335,92.9
A0ACC4D453,321,97.5
A0ACC4D4C9,322,95.6
A0ACC4D503,321,97.1
A0ACC4D5P1,317,97.3
A0ACC4D7E4,322,95.6
A0ACC4DAN0,334,89.5
A0ACC4DBR1,383,93.7
A0ACC4DXW3,363,96.9
A0ACC4E4J8,328,48.0
A0ACC5MEJ0,295,97.7
A0ACC5WGJ6,404,94.1
A0ACC5X2L7,434,97.5
A0ACC5XAQ8,429,97.8
A0ACC5XUH3,359,97.5
A0ACC5Y928,430,95.0
A0ACC5YWN2,434,96.9
A0ACC5Z397,429,97.9
A0ACC5ZN90,434,97.5
A0ACC6AGS2,250,97.1
A0ACC6LFG7,312,96.7
A0ACC6N5S0,329,94.6
A0ACC6N6D9,245,95.0
A0ACC6Q068,284,96.3
A0ACC6Q501,269,98.2
A0ACC6QSY9,269,98.1
A0ACC7MCI3,228,97.3
A0ACC7NAX2,227,97.7
A0ACC7PIK2,304,98.0
A0ACC8EKA8,399,91.4
A0ACD0NKZ4,88,87.9
A0ACD1FWB0,357,97.1
A0ACD1FZQ3,331,97.0
A0ACD1G6D5,234,94.4
A0ACD1GE84,289,97.4
A0ACD1GJU9,289,97.1
A0ACD1GQ92,372,96.9
A0ACD1GWX4,234,94.4
A0ACD1GX66,289,97.1
A0ACD1H3X1,304,97.7
A0ACD1H4T4,331,96.7
A0ACD1H5L9,372,97.0
A0ACD1H9Y0,357,97.1
A0ACD1HPQ9,289,97.4
A0ACD1HYR0,358,97.4
A0ACD1I0E6,371,98.1
A0ACD1I4V8,289,98.0
A0ACD1IDW1,302,97.6
A0ACD1IG11,290,86.2
A0ACD1IKL3,387,85.5
A0ACD1IUP0,326,97.8
A0ACD1IV02,373,96.3
A0ACD3ADA0,201,78.4
A0ACD3ALF2,328,98.0
A0ACD3AUA0,336,97.3
A0ACD3AW72,359,89.8
A0ACD3AWL0,339,94.9
A0ACD3AX98,362,92.1
A0ACD3AYU9,338,98.1
A0ACD3B3W8,336,97.8
A0ACD3B8Y7,334,97.3
A0ACD3BBC7,314,91.2
A0ACD3Q5J4,371,90.0
A0ACD3QG58,326,94.5
A0ACD3QK11,435,97.9
A0ACD3R508,359,97.7
A0ACD3RUE8,222,88.3
A0ACD3YVM0,311,91.9
A0ACD3YXB4,270,96.5
A0ACD3YYX0,316,94.6
A0ACD3Z1I3,391,93.0
A0ACD3Z4V6,456,85.8
A0ACD3Z8I2,352,97.8
A0ACD3ZFV0,402,83.2
A0ACD3ZI13,388,96.6
A0ACD3ZKX0,372,96.9
A0ACD4WSF6,285,97.3
A0ACD4ZVF2,284,96.3
A0ACD5ADR0,286,96.7
A0ACD5UEE1,299,96.9
A0ACD5UF24,297,96.9
A0ACD5UFS2,298,97.3
A0ACD5UTY0,257,89.2
A0ACD5UVU7,166,85.7
A0ACD5UW14,299,96.4
A0ACD5UXG1,303,95.5
A0ACD5V032,128,85.2
A0ACD5V1A7,297,97.2
A0ACD5V285,298,96.3
A0ACD5V2G9,223,96.5
A0ACD5VUI5,332,95.2
A0ACD5W531,332,94.5
A0ACD5WKW3,332,95.3
A0ACD5ZBM6,301,96.7
A0ACD6A2N4,336,92.9
A0ACD6AJ11,338,92.4
A0ST49,111,89.1
A0ST50,210,88.6
A0ST51,206,90.6
A0T1D3,297,96.4
A0T1D5,297,96.6
A0T1D6,297,97.2
A0ZXZ4,353,97.3
A1BB10,312,90.1
A1C4G0,327,97.5
A1CCY9,358,97.8
A1CDX9,304,97.3
A1CIU9,312,96.8
A1CVG0,316,96.3
A1CVX2,327,96.5
A1D120,572,89.7
A1DJF5,358,97.5
A1E2V2,355,95.4
A1E2V3,356,97.7
A1E2V4,355,97.6
A1E2V5,368,97.5
A1EHK7,189,95.4
A1EHK8,217,85.4
A1IHF0,383,93.7
A1IHF1,369,92.1
A1L1Y0,432,95.5
A2ADJ6,170,64.0
A2CHP0,190,66.6
A2CHP1,175,94.6
A2CHP2,205,73.7
A2IAT9,342,94.2
A2IAU0,307,97.1
A2IBS4,32,89.5
A2Q4Q3,333,96.5
A2Q4Q4,327,97.2
A2Q9V3,372,97.8
A2QFP6,358,97.1
A2QTR2,341,94.5
A2QUC2,365,97.8
A2QYL5,395,88.8
A2R6E6,292,93.8
A2RBK8,296,91.1
A2SWJ1,132,88.6
A2SWJ2,132,94.3
A2SWJ3,132,93.1
A2SWJ4,132,88.6
A2SWJ5,145,69.0
A2SWJ6,132,88.6
A2SWJ7,132,85.4
A2SWJ9,133,88.1
A2SWK0,132,87.6
A2SWK1,132,87.0
A2SWK2,131,90.2
A2SWK3,132,86.8
A2SWK4,133,78.6
A2SWK5,131,88.6
A2SWK6,132,85.8
A2SWK7,132,92.1
A2SWK8,132,84.4
A2SWK9,151,77.0
A2SWL0,132,86.8
A2SWL1,132,87.1
A2SWL2,132,85.2
A2SWL3,132,88.5
A2SWL4,133,90.3
A2SWL5,128,84.4
A2SWL6,132,93.6
A2SWL7,151,72.9
A2SWL8,132,92.1
A2SWL9,132,87.1
A2SWM0,145,88.2
A2SWM1,132,90.6
A2ZYK9,211,79.5
A3AXK4,145,74.7
A3E0R5,132,91.5
A3E0R6,132,92.3
A3E0R7,132,90.7
A3E0R8,134,87.6
A3E0R9,132,85.5
A3E0S0,152,89.3
A3E0S1,132,92.0
A3E0S2,133,86.7
A3E0S3,133,85.0
A3E0S4,132,93.4
A3E0S5,123,93.1
A3E0S6,132,94.8
A3E0S7,132,91.9
A3E0S8,132,90.9
A3E0S9,132,93.7
A3F9I9,322,96.8
A3F9P6,104,82.7
A3F9P9,99,67.8
A3F9Q4,105,83.3
A3F9Q6,104,71.4
A3F9Q8,105,70.1
A3F9Q9,106,91.1
A3F9R0,105,91.6
A3F9R1,104,90.1
A3F9R3,94,72.1
A3F9R5,105,83.0
A3F9R6,106,82.4
A3F9R7,104,71.4
A3F9S0,104,79.2
A3F9S4,105,80.2
A3F9S8,106,67.9
A3F9U3,105,67.7
A3F9U5,99,89.0
A3F9U7,105,89.5
A3F9U9,99,88.8
A3F9V0,104,82.7
A3F9V1,100,89.0
A3F9V2,100,71.7
A3F9V3,100,89.8
A3F9V4,104,82.3
A3F9V5,105,83.9
A3F9V6,99,76.5
A3F9V7,104,81.1
A3F9V8,103,84.5
A3F9W1,99,88.7
A3F9W9,100,77.2
A3F9X0,99,82.1
A3F9X2,104,84.1
A3F9X7,96,82.7
A3F9X8,104,75.8
A3F9Y5,104,65.1
A3F9Y6,104,74.5
A3FA11,132,93.8
A3FA16,133,93.3
A3FA26,132,91.0
A3FA35,133,89.3
A3FA44,132,92.5
A3FA46,132,92.5
A3FA54,132,91.3
A3FA59,129,91.5
A3FA60,120,90.2
A3FA61,121,72.1
A3FA62,152,71.1
A3FGD0,103,60.6
A3FGD1,129,65.7
A3FGD3,129,67.2
A3FGD4,129,64.2
A3FGD6,129,65.0
A3FGD7,129,61.7
A3FGD8,129,60.3
A3FGD9,114,84.0
A3FGE0,129,61.9
A3FGE1,129,60.7
A3FGE2,129,66.6
A3FGE3,129,64.3
A3FGE4,129,61.8
A3FGE5,129,59.5
A3FGE6,129,62.9
A3FGE7,129,65.1
A3FGE8,129,63.0
A3FGE9,129,73.8
A3FGF1,129,75.8
A3FGF3,108,57.7
A3FGF4,96,64.5
A3FGF6,128,65.7
A3FGF7,129,75.1
A3FGF9,96,70.7
A3FGG0,129,65.8
A3FGG1,129,60.0
A3FGG2,129,68.8
A3FGG3,129,63.1
A3FGG4,129,66.6
A3FGG5,129,69.1
A3FGG6,96,63.4
A3FGG7,117,68.5
A3K3J4,267,96.3
A3KDL7,431,97.3
A3P7S5,392,90.7
A4L2N2,433,98.0
A4QNF6,433,97.4
A5AZ52,333,96.3
A5B036,297,86.3
A5B6C2,173,65.2
A5BPY3,336,97.4
A5C172,157,68.4
A5H216,126,95.8
A5H217,126,94.4
A5H218,126,96.0
A5H219,126,91.2
A5H220,126,90.9
A5H222,126,95.2
A5H223,126,90.9
A5H224,126,94.8
A5H225,126,95.4
A5H226,126,95.7
A5H227,126,95.3
A5H228,126,95.2
A5H229,126,53.9
A5H230,126,93.5
A5H231,126,53.9
A5H232,126,92.0
A5H233,126,94.1
A5H234,126,95.2
A5H235,126,92.0
A5H236,126,92.8
A5JU62,205,89.5
A5JU63,207,83.6
A5JU64,206,89.5
A5JU65,207,89.4
A5JU66,205,92.4
A5JU67,205,92.1
A5JU68,205,90.8
A5JU69,205,92.1
A5JU70,207,90.8
A5JU71,207,90.5
A5JU72,205,90.8
A5JU73,208,92.6
A5JU74,205,89.8
A5JU75,134,74.7
A5JU76,205,92.3
A5JU77,208,81.4
A5JU78,208,81.4
A5JU79,205,91.4
A5JU80,205,91.4
A5JU81,107,89.5
A5JU82,208,81.4
A5JU83,207,82.0
A5JU84,205,93.0
A5JU85,206,93.2
A5JU86,207,90.5
A5JU87,207,90.5
A5JU88,205,89.3
A5JU89,207,90.5
A5JU90,200,93.0
A5JU91,205,88.5
A5JU92,205,91.6
A5JU93,205,91.6
A5JU94,205,90.0
A5JU95,205,92.3
A5JU96,207,91.4
A5X3J4,298,96.4
A5X3J7,298,96.7
A5X3J8,297,95.7
A5X3J9,298,96.4
A5X3K9,298,97.0
A5X3L1,298,96.8
A5X3L2,298,96.6
A5X3L3,298,96.5
A5X3L4,334,96.4
A5X3L6,334,96.4
A5X3L7,298,96.9
A5X3L8,298,96.7
A5X3L9,298,96.4
A5X3M2,298,96.3
A5X3M4,334,96.1
A5X3M5,298,96.5
A5X3M6,298,96.4
A5X3M7,298,96.5
A5X3M9,298,97.2
A5X3N0,298,97.2
A5X3N3,298,96.9
A5X3N5,298,96.5
A5X3N6,319,95.6
A5X3N7,298,97.2
A5X3N8,334,95.9
A5X3N9,298,96.6
A5X3P0,334,96.2
A5X3P2,298,96.5
A5X3P3,296,95.8
A5X3P4,298,97.0
A5X3P5,334,96.5
A5X3P7,297,95.7
A5X3P8,250,94.8
A5X3P9,334,95.7
A5X3Q0,298,97.1
A5X3Q1,298,97.2
A6GK98,404,95.5
A6HUF5,431,95.4
A6I5Y6,451,95.5
A6I5Y7,422,71.1
A6J829,439,97.3
A6MV09,125,85.8
A6MV10,131,84.0
A6MV11,150,60.3
A6MV12,148,80.8
A6MV13,129,87.6
A6MV14,132,89.4
A6MV15,129,87.9
A6MV16,132,87.1
A6MV17,151,67.5
A6MV18,132,92.5
A6MV19,129,89.2
A6MV20,132,92.1
A6MV21,146,58.4
A6MV22,132,90.2
A6MV23,132,90.2
A6MV24,125,87.9
A6MV25,128,89.5
A6MV26,124,85.1
A6MV27,129,86.4
A6MV28,122,83.9
A6MV29,126,84.2
A6MV30,124,83.8
A6MV31,128,88.8
A6MV32,151,83.9
A6MV33,148,59.1
A6MV34,142,67.5
A6MV35,146,62.8
A6MV36,145,63.2
A6MV37,129,86.7
A6MV38,122,86.0
A6MV39,129,89.9
A6MV40,129,86.2
A6MV41,129,90.8
A6MV42,132,91.1
A6MV43,146,62.0
A6MV44,132,89.6
A6MV45,141,64.0
A6MV46,132,86.9
A6MV47,151,88.3
A6MV48,127,86.5
A6MV49,140,68.0
A6MV50,151,57.5
A6MV51,128,90.0
A6MV52,128,87.0
A6MV53,147,59.3
A6MV54,128,85.5
A6MV55,128,84.3
A6MV56,151,59.6
A6MV57,132,91.6
A6MV58,132,88.6
A6MV59,132,91.4
A6MV60,132,85.3
A6MV61,127,85.6
A6MV63,123,87.7
A6MV64,123,84.9
A6N8J4,324,95.5
A6NAA0,324,96.8
A6UM82,327,97.7
A6UMX4,327,97.8
A6YS04,324,96.6
A6YS05,324,95.4
A7BHQ9,346,95.5
A7BK18,369,90.3
A7DZQ9,373,91.7
A7E8E8,345,96.3
A7EHD3,357,95.8
A7F6Y4,366,94.5
A7FA30,347,94.1
A7J0K4,201,95.6
A7J0K5,322,97.6
A7J0K6,322,97.4
A7J0K7,322,97.3
A7J0K8,322,97.7
A7J0K9,321,95.3
A7J0L0,322,97.4
A7J0L1,325,97.3
A7J0L2,322,97.0
A7J0L3,322,97.4
A7J0L4,322,97.4
A7J0L5,322,97.3
A7J0L6,323,93.8
A7J0L7,322,97.1
A7J0L8,322,97.6
A7J0L9,322,97.6
A7J0M0,326,97.3
A7J0M1,322,97.4
A7J0M2,322,97.3
A7J0M3,325,97.1
A7J0M4,322,97.8
A7J0M5,322,97.8
A7J0M6,322,97.3
A7J0M7,324,97.4
A7J0M8,322,97.3
A7J0M9,323,97.0
A7J0N0,322,97.3
A7J0N1,322,97.0
A7KGI3,182,94.9
A7KGI4,182,92.8
A7KGI5,182,95.4
A7KGI6,182,94.4
A7KGI7,182,93.7
A7KGI8,182,94.9
A7KGI9,182,95.8
A7KGJ0,196,94.1
A7KGJ1,204,93.8
A7KGJ2,189,95.3
A7KGJ3,182,96.2
A7KGJ4,182,94.0
A7KGJ5,182,68.0
A7KGJ6,182,74.4
A7KGJ7,183,95.0
A7KGJ8,196,95.7
A7KGJ9,182,95.6
A7KGK0,189,95.0
A7KGK1,182,71.1
A7KGK2,196,90.4
A7KGK3,182,95.6
A7KGK4,174,94.5
A7KGK5,182,93.6
A7KGK6,182,95.6
A7KGK7,174,93.7
A7KGK8,176,87.2
A7KGK9,196,94.7
A7KGL0,183,94.5
A7KGL1,182,93.5
A7KGL2,182,94.4
A7KGL3,183,94.9
A7KGL4,182,94.8
A7KGL5,182,94.8
A7KGL6,182,95.5
A7KGL7,183,94.4
A7KH41,182,94.4
A7LK11,433,98.1
A7RKE4,246,94.8
A7RQY2,349,90.1
A7RXW5,247,93.4
A7SSF6,277,92.8
A7U8E1,433,97.8
A7UDR7,322,96.9
A7UWM5,374,96.8
A7UX66,374,97.1
A8BIX4,189,93.1
A8BIX8,189,94.9
A8BIY5,189,94.8
A8BIZ0,182,95.7
A8BIZ6,189,94.1
A8BJ00,189,94.8
A8BJ14,181,74.7
A8BJ19,189,89.1
A8BJ24,179,95.2
A8BJ32,183,75.7
A8BJ34,189,89.9
A8BJ47,183,72.8
A8BJ51,181,70.8
A8BJ83,176,70.5
A8BJ88,189,94.0
A8BJA0,181,70.8
A8BJB8,190,94.0
A8BJC1,189,94.4
A8BJC5,120,90.5
A8BJD4,181,77.6
A8BJD7,132,76.7
A8BJE3,182,70.0
A8CYD0,61,90.5
A8D6D7,130,94.5
A8IG45,57,77.2
A8KAQ0,429,96.2
A8MZV5,318,97.7
A8MZX9,287,86.2
A8N3D8,340,94.2
A8N3K9,343,93.9
A8N3S0,330,94.3
A8N4B1,314,77.8
A8N4B2,343,94.5
A8N4N8,317,91.5
A8N4N9,303,90.4
A8N991,293,69.3
A8NBL1,327,96.6
A8NDI8,348,87.9
A8NDK0,281,63.5
A8NKU3,298,96.6
A8NL26,349,93.0
A8NQE7,326,97.2
A8NSL2,236,86.3
A8P1K6,307,93.2
A8P1Q9,315,92.4
A8WW09,351,85.4
A8WZV4,353,89.0
A8XF52,356,92.9
A8XF53,301,96.9
A8XL54,310,97.5
A8XSB6,357,89.8
A8Y191,352,91.3
A8ZLP7,267,96.5
A9BYB5,289,96.2
A9G933,379,97.2
A9SJQ8,311,95.2
A9SUP1,325,96.0
A9T0R4,107,59.0
A9T5A8,333,94.8
A9U439,337,93.6
A9U514,302,96.2
A9Y148,438,97.3
A9Y149,439,97.4
B0CN01,270,96.2
B0DMA1,336,96.3
B0DMX0,340,94.7
B0DNR7,305,96.2
B0F3W0,189,57.6
B0F3W1,189,95.2
B0F3W2,189,94.5
B0F3W3,190,94.2
B0F3W4,189,57.6
B0F3W5,189,95.0
B0F3W6,189,95.9
B0F3W7,189,95.4
B0F3W8,190,95.1
B0F3W9,189,93.8
B0F3X0,189,93.3
B0F3X1,189,94.3
B0F3X2,145,87.9
B0F3X3,189,95.4
B0F3X4,189,92.6
B0F3X5,189,64.3
B0F3X6,189,94.4
B0F3X7,189,95.4
B0F3X8,189,94.7
B0F3X9,189,59.6
B0F3Y0,189,94.7
B0F3Y1,189,74.1
B0F3Y2,190,92.6
B0F3Y3,190,94.9
B0F3Y4,189,94.2
B0F3Y5,189,94.2
B0F3Y6,189,94.9
B0F3Y7,189,59.6
B0F3Y8,189,94.9
B0F3Y9,189,94.2
B0F3Z0,189,94.4
B0F3Z1,189,94.9
B0F3Z2,191,95.3
B0F3Z3,189,57.8
B0F3Z4,189,94.6
B0F3Z5,189,90.1
B0F3Z6,189,91.3
B0F3Z7,189,95.2
B0F3Z8,189,59.5
B0F3Z9,189,93.4
B0F400,189,94.7
B0F401,189,95.1
B0F402,191,94.5
B0F403,189,60.5
B0F404,190,93.0
B0F405,189,90.9
B0F406,189,95.4
B0F407,189,92.1
B0F408,132,84.8
B0F409,190,90.2
B0F410,132,89.2
B0FIU2,199,85.7
B0I1M3,182,95.8
B0I1M5,196,95.3
B0I1M6,219,60.5
B0I1M8,182,95.8
B0I1N1,196,95.4
B0I1N2,182,95.9
B0I1N3,196,96.0
B0I1N4,196,95.2
B0I1N5,194,93.9
B0LIY4,285,96.9
B0LLV3,322,96.6
B0XPC0,384,89.8
B0XX11,358,97.7
B1H1U5,415,94.2
B1NEX3,121,93.2
B1NEX4,121,93.1
B1NEX7,121,93.2
B1NEX9,121,93.3
B1VRD8,285,95.8
B1VTI5,301,98.0
B1W2B2,271,97.4
B2A910,434,73.1
B2AB03,344,93.7
B2ACB0,339,97.1
B2ALA7,325,95.3
B2AM93,364,82.6
B2AMC1,315,97.4
B2ANC0,311,98.4
B2ANG5,183,71.7
B2AP35,255,74.2
B2API2,339,82.0
B2ARH2,356,95.3
B2ARY3,291,97.3
B2ATH2,342,87.8
B2AU58,219,85.3
B2B1L7,383,94.3
B2B2Q9,357,97.4
B2BX66,323,96.7
B2C6G9,35,85.5
B2CKK8,322,79.1
B2CY76,432,95.7
B2IXG2,348,93.6
B2J558,362,93.8
B2JRT6,227,97.5
B2VU03,132,74.2
B2VW57,285,89.8
B2VWU0,284,97.0
B2VWX3,323,94.6
B2VXX3,397,92.7
B2VY53,355,91.7
B2VY84,382,97.6
B2W5B6,260,95.5
B2WDF2,347,95.5
B2WG41,370,97.9
B2WH32,276,91.6
B2WLF0,342,97.5
B2YG88,171,95.7
B2ZB02,284,97.9
B3SUZ4,139,90.6
B3SUZ5,97,63.4
B3SUZ8,135,75.2
B3SV00,105,77.8
B3SV05,134,71.4
B3SV06,133,79.8
B3SV07,133,77.9
B3SV08,132,66.6
B3SV09,132,80.8
B3SV10,120,90.6
B3SV11,132,76.7
B3SV12,133,79.8
B3SV13,132,77.5
B3SV14,133,77.6
B3SV15,132,76.5
B3SV16,133,74.9
B3SV17,105,69.6
B3SV18,70,73.1
B3SV19,104,73.2
B3SV20,132,75.8
B3SV22,55,77.1
B3SV23,104,71.1
B3SV25,104,64.9
B3SV26,104,75.2
B3SV28,133,73.5
B3SV31,132,75.3
B3SV32,132,78.2
B3SV34,132,74.4
B3SV37,133,91.1
B3SV38,132,69.9
B3SV39,132,79.0
B3SV40,132,81.0
B3SV41,115,81.2
B3SV42,97,70.2
B3SV44,126,58.7
B3SV46,92,60.9
B3SV47,105,91.3
B3SV49,132,91.2
B3SV50,104,73.2
B3SV51,132,76.8
B3SV53,105,66.5
B3SV54,120,87.1
B3SV55,132,90.5
B3TPV0,297,96.7
B3TPV1,297,96.3
B3TPV2,297,96.3
B3TPV3,330,94.9
B3TPV4,142,92.0
B3TPV5,297,96.5
B3TPV6,297,97.2
B3VKX3,431,94.5
B3VKX4,353,97.8
B3VKX5,353,97.8
B3VKX7,431,96.0
B3VQ03,324,96.5
B3WFP2,323,97.1
B4DNE6,216,94.2
B4I8F6,403,81.0
B4XH79,80,72.0
B4XWN1,131,87.1
B4XWN2,132,92.4
B4XWN3,132,86.3
B4XWN4,143,78.9
B4XWN5,132,93.8
B4XWN6,147,61.1
B4XWN7,151,71.0
B4XWN8,146,69.2
B4XWN9,133,63.9
B4XWP0,148,66.4
B4XWP1,132,89.2
B4XWP2,145,71.0
B4XWP3,132,90.3
B4XWP4,145,71.5
B4XWP5,132,90.8
B4XWP6,132,87.2
B4XWP7,144,62.3
B4XWP8,151,70.8
B4XXJ8,132,88.1
B4XXJ9,151,68.6
B4XXK0,132,74.2
B4XXK1,133,89.4
B4XXK2,150,73.3
B4XXK3,145,78.2
B4XXK4,132,87.7
B4XXK5,120,88.7
B4XXK6,132,89.3
B4XXK7,132,91.7
B4XXK8,132,91.7
B4XXK9,132,85.0
B4XXL0,132,88.6
B4XXL1,132,91.2
B4XXL2,132,87.8
B4XXL3,132,91.2
B4XXL4,132,91.2
B4XXL5,132,91.2
B4XXL6,132,91.2
B4XXL7,132,93.7
B4XXL8,132,86.9
B4XXL9,131,92.1
B4XXM0,132,87.9
B4XXM1,132,86.2
B4XXM2,132,86.2
B4XXM3,134,85.5
B4XXM4,132,88.6
B4XXM5,145,90.0
B4XXM6,132,91.9
B4XXM7,132,92.8
B4YIJ4,153,76.0
B4YPC7,430,97.8
B5GYQ0,270,97.4
B5H1U8,285,96.0
B5I5F1,269,98.6
B5I7P4,285,97.4
B5M677,122,93.1
B5M678,122,92.8
B5M680,117,88.6
B5RHQ6,389,84.3
B5RHQ7,120,97.8
B5RHQ8,201,88.6
B5RHQ9,414,90.0
B5RHR0,412,86.2
B5RHR1,195,94.5
B5UA07,431,97.8
B5UA08,433,98.0
B6D4S8,179,96.5
B6D4S9,179,96.3
B6D4T1,179,93.6
B6D4T2,179,94.4
B6D4T4,179,95.8
B6D4T6,179,95.6
B6D4T8,179,95.9
B6D4U3,179,91.7
B6D4U4,179,95.0
B6D4U5,179,91.8
B6D4U6,179,92.5
B6D4U7,179,96.1
B6D4U8,179,95.0
B6D4U9,179,94.0
B6D4V3,179,96.5
B6H6P3,323,94.5
B6HE51,389,78.1
B6HML8,399,90.2
B6HTY5,298,95.4
B6HUM2,370,97.2
B6Q7X0,333,91.7
B6Q8Y2,372,97.1
B6QJ94,328,97.2
B6ST03,382,90.4
B6SVR5,330,95.3
B6TFD4,305,91.3
B6UV38,324,96.1
B6VPX8,423,97.6
B7GA89,339,94.0
B7JU04,236,98.0
B7VEU9,355,92.6
B7VEV0,355,91.7
B7X728,434,97.3
B7ZZ57,393,90.2
B8AAI5,282,74.5
B8AAI7,120,77.9
B8AUJ0,327,95.0
B8AUJ1,295,96.4
B8J766,218,95.6
B8M2A0,265,72.1
B8MG02,372,97.4
B8MQC5,354,97.1
B8N681,361,97.3
B8NIJ9,369,97.6
B8NM74,265,98.0
B8NWK1,289,96.8
B8RH66,132,94.4
B8RH68,132,95.1
B8RH70,132,94.7
B8RH71,132,94.4
B8RH73,132,95.0
B8RH75,132,92.7
B8RH77,132,88.7
B8RH78,132,94.4
B8RH79,133,89.9
B8RH80,132,94.5
B8RH81,133,94.3
B8RH83,132,93.9
B8RH84,132,92.2
B8RH86,132,91.3
B8RH88,132,92.7
B8RH89,132,94.1
B8RH90,132,93.6
B8RH91,132,93.5
B8RH93,105,91.2
B8RH95,131,85.1
B8RH96,132,94.2
B8RH97,133,94.5
B8RH98,132,92.9
B8RHA0,132,93.0
B8RHA5,132,86.6
B8RHA7,132,93.8
B8RHA9,132,93.1
B8RHB0,132,84.7
B8RHB2,132,84.7
B8RHB4,132,91.3
B8RHB5,132,91.3
B8RHB6,132,84.7
B8RHB7,132,84.7
B8RHB8,132,93.6
B8RHB9,132,90.2
B8RHC0,132,95.0
B8RHC1,133,91.1
B8RHC3,132,90.6
B8RHC5,132,90.6
B8RHC6,132,90.6
B8RHC7,132,89.0
B8RHC8,132,90.6
B8RHC9,132,90.8
B8RHD1,132,93.8
B8RHD4,132,92.3
B8RHD5,132,92.3
B8RHD6,132,90.9
B8RHD7,132,91.5
B8RHD8,145,85.2
B8RHD9,143,79.1
B8RHE0,125,92.5
B8RHE1,132,91.3
B8RHE2,132,93.1
B8RHE3,132,91.8
B8RHE4,133,94.2
B8RHE5,133,94.3
B8RHE6,132,92.6
B8RHE7,133,93.6
B8RHE8,129,90.0
B8RHE9,132,93.8
B8RHF0,133,93.7
B8RHF1,132,93.4
B8RHF2,132,93.1
B8YHZ9,173,78.7
B8YI28,47,74.7
B9FCL4,154,92.5
B9FCL5,65,81.2
B9HYL4,331,96.7
B9I1S3,319,97.5
B9JWV3,317,93.9
B9RZ47,337,96.9
B9VNV2,159,91.1
B9VNV4,333,97.5
B9VS06,329,96.5
B9VU65,200,91.8
B9W000,273,96.7
B9W001,273,97.3
B9W002,273,95.8
B9XQZ3,286,95.0
C0J7S5,132,90.3
C0J7S6,132,92.5
C0J7S7,132,93.5
C0J7S8,132,95.7
C0J7S9,131,87.6
C0J7T0,132,90.9
C0J7T1,131,94.4
C0J7T2,132,90.1
C0J7T3,132,91.8
C0J7T4,132,92.9
C0J7T5,132,92.5
C0J7T6,132,95.5
C0J7T7,131,96.0
C0J7T8,132,92.7
C0J7T9,132,95.1
C0J7U0,132,95.1
C0J7U1,132,91.6
C0J7U2,132,92.7
C0J7U3,132,92.7
C0J7U4,132,95.5
C0J7U5,132,93.3
C0J7U6,132,93.3
C0J7U7,132,94.3
C0J7U8,132,94.4
C0J7U9,132,93.9
C0J7V0,132,92.7
C0J7V1,132,89.9
C0J7V2,132,92.1
C0KD49,299,95.0
C0KIE1,200,92.8
C0L3S4,324,96.4
C0LU17,332,95.3
C0NAP3,356,97.3
C0NAT6,361,91.3
C0NCL7,427,86.4
C0NHD4,385,89.5
C0NWD7,339,96.2
C0NXG2,402,88.8
C0P0J4,217,95.7
C0SPI2,298,97.1
C0SPI4,297,96.6
C1FZ29,327,86.4
C1G320,407,88.9
C1G969,210,85.3
C1GA49,358,96.9
C1GAC7,334,93.4
C1GPY5,352,97.0
C1GQA4,358,96.8
C1GR79,408,86.8
C1H6P8,421,87.7
C1H759,347,93.5
C1HDH9,334,94.6
C1L3G6,404,87.3
C3VHP1,205,95.9
C3YA02,353,96.3
C3YA03,439,96.4
C3YG81,420,92.7
C3YYK2,425,94.2
C3Z220,446,93.2
C3ZG55,454,92.4
C3ZNJ1,393,89.5
C3ZPB1,443,92.8
C3ZW77,354,88.1
C4JFV7,356,97.3
C4JN15,278,73.4
C4JUP3,320,94.0
C4JXS4,371,96.9
C4JZU9,335,82.1
C4V831,199,84.5
C5FTV9,363,94.3
C5IK09,132,83.0
C5IK49,132,80.5
C5IK58,132,84.6
C5IK63,132,77.8
C5IK65,132,80.4
C5IK68,132,80.8
C5IK81,132,80.6
C5IK93,131,80.9
C5IK97,132,79.6
C5IKB4,132,78.5
C5IKB5,132,81.5
C5IKH9,132,78.5
C5IKI0,132,79.0
C5MLZ1,324,96.4
C5MRF7,332,84.2
C5MRF8,332,83.5
C5PBC3,357,97.0
C5PDS4,383,94.5
C5PED9,358,89.0
C5XMC9,334,95.6
C5YE18,330,95.4
C5YIC3,351,92.4
C5YIC4,395,86.9
C6H469,361,91.2
C6H4P2,355,97.4
C6H6I9,376,84.9
C6H8D1,408,88.0
C6HBX1,339,96.1
C6HEW0,317,93.3
C6HJE9,429,93.0
C6KE17,439,97.3
C6TLQ5,140,88.0
C6VUT6,329,96.2
C6YBD2,434,97.6
C7E3U6,335,90.5
C7FF04,351,95.4
C7FF05,342,94.4
C7IXC9,227,84.8
C7YJR3,116,75.3
C7YL06,457,88.9
C7YYG0,377,85.7
C7Z1V0,376,96.7
C7Z2S7,385,82.5
C7Z456,334,93.6
C7Z595,352,97.7
C7ZKA7,361,81.9
C8CHT1,196,92.4
C8V037,326,97.3
C9D9Y0,147,74.4
C9D9Y1,143,79.1
C9D9Y2,131,86.5
C9D9Y3,150,61.4
C9D9Y4,150,76.2
C9D9Y5,133,86.0
C9D9Y6,133,89.2
C9D9Y7,130,86.3
C9D9Y8,133,87.6
C9D9Y9,132,90.3
C9D9Z0,128,81.9
C9D9Z1,130,90.7
C9D9Z2,131,86.7
C9D9Z3,132,86.9
C9D9Z4,132,93.0
C9D9Z5,132,85.9
C9D9Z6,132,85.6
C9D9Z7,132,85.7
C9SBK6,378,95.5
C9SDX6,202,87.5
C9SL09,304,98.1
C9SQM7,193,95.0
C9STD4,354,96.0
C9SWR4,328,88.2
C9SZ82,303,70.6
C9Z1N0,270,98.3
C9Z5W2,285,97.4
D0N106,283,87.0
D0N318,346,96.3
D0N9K5,326,97.2
D0N9M9,292,88.2
D0N9N0,545,79.5
D0N9N3,427,93.2
D0NAA1,226,84.2
D0NCQ4,143,87.5
D0NCR3,281,85.5
D0ND78,370,95.2
D0ND79,153,93.3
D0ND81,209,91.1
D0P2C7,172,89.0
D1KEB8,298,97.2
D1KEB9,298,96.4
D1KEC0,260,83.9
D1KEC5,260,84.3
D1KEC6,298,96.2
D1KED0,298,97.2
D1KED7,298,96.5
D2CVP3,64,93.4
D2CVT3,343,81.5
D2H9Z1,430,97.1
D2HQD1,354,97.4
D2HYE2,85,88.8
D2I557,326,95.4
D2SMN2,326,95.5
D2XZ13,75,91.5
D2YYX2,194,95.1
D2YYX3,193,95.6
D2YYX4,193,95.3
D2YYX5,202,95.0
D2YYX6,193,95.4
D2YYX7,193,95.9
D2YYX8,193,95.4
D2YYX9,219,94.8
D2YYY0,194,93.0
D2YYY1,193,95.3
D2YYY2,193,95.7
D2YYY3,193,95.9
D2YYY4,202,95.4
D2YYY5,193,95.7
D2YYY6,194,94.8
D2YYY7,193,94.6
D2YYY8,193,95.0
D2YZD6,193,94.2
D2YZD7,193,95.6
D2YZD8,197,95.3
D2YZD9,183,95.8
D2YZE0,219,94.7
D2YZE1,193,95.7
D3BV93,265,94.5
D3JZR3,368,97.4
D3JZR4,353,97.6
D3KYQ6,214,71.7
D3UA87,179,96.5
D3UA88,179,95.2
D3UA89,179,94.6
D3UA93,179,96.2
D3UA95,179,91.8
D3UA96,179,96.1
D3UA97,179,95.5
D3UAA2,179,95.0
D3UAA3,179,95.7
D3UAA7,179,93.2
D3UAB1,179,95.0
D3UAB2,179,96.5
D3UAB3,179,93.5
D3ZH71,439,97.3
D4A9G4,451,95.5
D4AWG7,277,87.5
D4CZZ8,355,96.2
D5DHA8,284,98.1
D5DZK6,284,97.7
D5G590,308,96.6
D5GIK5,380,97.0
D5GIM5,283,84.6
D5GL91,314,89.8
D5UDJ1,322,95.0
D6A244,285,96.5
D6AJT3,285,96.4
D6BLP2,189,95.2
D6BLP4,189,95.2
D6BLP5,190,95.8
D6BLP6,189,96.0
D6BLP7,190,94.2
D6BLQ1,190,95.5
D6BLQ9,189,57.6
D6BLR0,189,95.2
D6BLR3,190,92.0
D6BLR5,189,57.6
D6BLR7,189,57.6
D6BLS0,189,95.9
D6BLS2,190,95.2
D6C6L2,330,96.7
D6MWC2,128,84.8
D6MWC6,128,84.5
D6MWC7,128,85.4
D6MWC9,128,87.7
D6MWD3,128,84.6
D6MWD4,128,84.4
D6MWD5,128,84.8
D6MWD7,128,84.5
D6MWD9,128,84.8
D6MWE2,128,84.8
D6MWE4,128,87.0
D6MWE8,128,86.4
D6MWE9,128,84.8
D6MWF3,128,84.5
D6P743,322,96.8
D6P744,322,97.4
D6P745,333,94.5
D6QY28,335,91.5
D6RL64,362,93.7
D6RTB9,302,98.4
D7F7N6,402,81.4
D7F7N7,260,94.5
D7F7N8,195,90.7
D7F7N9,195,92.0
D7F7P0,194,76.9
D7F7P1,303,84.6
D7F7P2,210,83.5
D7F7P3,195,69.0
D7F7P4,195,86.2
D7F7P5,195,92.7
D7F7P6,195,72.2
D7F7P7,210,66.8
D7F7P8,195,76.1
D7F7P9,195,80.6
D7F7Q0,195,91.0
D7F7Q1,195,84.7
D7F7Q2,195,91.4
D7FJB5,423,82.7
D7FNF0,43,79.9
D7FNR4,467,91.6
D7FP10,447,95.1
D7FSG1,478,95.7
D7FSG5,476,95.7
D7FSG6,455,96.3
D7FSM9,538,81.2
D7FSN5,500,88.3
D7FSP4,471,93.7
D7FVH6,447,97.4
D7FW00,474,94.3
D7G0J7,499,88.8
D7G0J8,427,95.0
D7G0J9,467,95.7
D7G0K0,375,89.0
D7G132,485,91.6
D7G1K2,470,92.3
D7G3A2,470,91.2
D7G530,425,89.6
D7G9A4,483,94.0
D7RHB6,322,96.9
D7RHB7,322,97.6
D7T5P6,117,89.5
D7USP1,297,96.9
D7USP2,299,96.1
D8LAY9,438,89.3
D8LB18,477,94.5
D8LC28,497,87.3
D8LC42,519,93.8
D8LC43,520,91.9
D8LC46,520,92.4
D8LC48,481,94.0
D8LM86,459,95.3
D8PI13,274,95.3
D8QCT3,333,97.8
D8QTP9,329,94.1
D8R5R6,248,77.4
D8REH0,331,93.7
D8RI09,334,90.6
D8RTL3,325,92.4
D8S0G1,335,93.9
D8S0G3,335,92.7
D8SB51,329,93.1
D8SB54,335,93.0
D8SFY9,332,95.3
D8T3T5,302,94.9
D8T5J9,320,92.6
D8T5K0,304,91.4
D8T5K2,290,91.7
D8T5K3,99,68.1
D8UD00,251,80.1
D8V0M4,297,96.9
D9CIE5,188,91.7
D9CIE6,113,89.7
D9CIE7,111,93.9
D9CIE8,93,95.1
D9CIE9,94,82.2
D9IQ22,132,86.0
D9X674,270,98.0
D9XAS3,285,96.9
D9Y0A5,271,96.6
D9YLS1,151,87.3
D9YLS2,132,90.5
D9YLS3,146,82.2
D9YLS4,150,81.3
D9YLS5,151,77.1
D9YLS6,132,79.1
D9YLS7,133,86.9
D9YLS8,146,74.7
D9YLS9,146,81.2
D9YLT0,133,84.1
D9YLT1,152,72.4
D9YLT2,146,81.1
D9YLT3,150,77.6
D9YLT4,150,74.0
D9YLT5,146,77.2
D9YLT6,150,80.2
D9YLT7,150,75.0
D9YLT8,151,75.6
D9YLT9,152,74.2
D9YLU0,151,75.5
D9YLU1,151,87.5
D9YLU2,150,77.1
D9YLU3,151,81.8
E1ZA37,325,91.6
E2EPT7,196,95.3
E2EPU8,196,95.2
E2EPV2,193,92.4
E2EPV3,196,95.2
E2EQ00,196,94.7
E2EQ02,196,95.0
E2EQ67,194,73.7
E2EQC6,193,92.5
E2EQD0,193,95.1
E2ER03,196,95.3
E2ER40,196,95.5
E2ER66,196,93.3
E2ER83,196,93.0
E2ERB6,196,95.2
E2ERB7,193,94.7
E2ERC5,193,92.7
E2ERD4,179,93.3
E3KN59,335,87.8
E3KSA5,263,96.6
E3L5F5,319,81.2
E3L5F6,208,89.5
E3LM42,344,89.9
E3LY74,355,93.8
E3LYH3,357,88.2
E3MS61,344,92.3
E3NE25,352,90.5
E3NI37,356,95.0
E3NVS5,146,75.3
E3Q5S1,378,97.2
E3Q7T1,322,96.7
E3QED9,333,87.4
E3QME9,351,94.4
E3QP00,555,86.2
E3QRP6,341,96.4
E3QSW1,356,97.3
E3QW88,367,92.8
E3QWQ8,275,96.3
E3QXK9,376,95.5
E3QYK1,303,98.3
E3QZR8,509,71.4
E3R0G6,266,98.0
E3RCR4,382,97.7
E3REK7,353,90.8
E3RGL7,289,97.9
E3RHL6,387,94.5
E3RKW5,346,95.3
E3RVZ3,323,94.1
E3RX72,341,95.5
E3RZD3,346,97.4
E3S522,370,97.9
E3S6W3,362,97.3
E3S9R1,344,97.7
E3VXB9,185,95.7
E4V2N9,355,96.5
E4ZJC6,128,89.3
E4ZJC7,87,93.3
E4ZP18,361,98.2
E4ZRT2,388,95.9
E4ZW06,374,94.0
E5A169,364,98.0
E5A3G2,394,93.6
E5A901,382,97.6
E5A937,322,94.0
E5L9E4,330,97.6
E5Q8T0,323,96.4
E5SC69,417,78.2
E6X453,311,95.5
E6ZRP4,295,96.3
E6ZTH8,288,96.6
E6ZYG7,287,94.3
E7BSA6,132,91.0
E7BSA7,132,92.8
E7BSA8,132,92.7
E7BSA9,177,91.8
E7BSB0,132,92.7
E7BSB1,132,92.0
E7BSB2,132,91.3
E7BSB3,178,93.4
E7BSB4,132,93.1
E7BSB5,132,91.5
E7BSB6,132,92.5
E7BSB7,133,91.9
E7BSB8,132,93.9
E7CLR4,95,95.1
E7CLR5,278,96.9
E7CLR6,236,83.3
E7CLR7,200,84.0
E7CW79,432,96.0
E7D323,132,89.2
E7D324,146,70.3
E7EQI3,139,73.1
E8T7H2,260,96.1
E8UXU0,338,94.6
E8V089,356,81.6
E9D1H2,331,92.5
E9DG81,382,97.1
E9DGK7,357,97.0
E9DYM0,350,97.4
E9DZA8,189,79.4
E9E1B7,591,61.3
E9E768,307,90.3
E9EDL0,394,92.2
E9EQ45,350,97.5
E9F624,213,97.0
E9F8C4,398,89.6
E9F8D5,333,92.9
E9F8S4,313,95.6
E9FAB7,278,96.1
E9FCM3,350,97.8
E9FE31,183,85.4
E9N3C6,348,97.4
F0UB83,339,95.7
F0UD64,385,72.6
F0UIE3,429,93.0
F0UIU7,355,97.4
F0UJE7,361,91.2
F0ULW7,235,93.6
F0UV06,384,89.0
F0W3J2,352,94.3
F0W5B3,357,93.0
F0WX74,338,97.2
F0WYB1,327,93.1
F0X9X8,396,89.4
F0XBD1,368,96.0
F0XF66,323,90.8
F0XML8,345,77.2
F0XQM3,435,83.5
F0XSM6,371,96.4
F0XST1,568,85.3
F0XSV5,321,93.6
F0XYY2,488,89.5
F0Y162,457,93.1
F0Y2Z3,426,85.8
F0Y382,308,92.7
F0Y635,472,91.2
F0Y7W9,458,96.8
F0Y8A8,480,93.1
F0Y8Z8,492,89.7
F0Y9A6,485,91.3
F0Y9F1,392,87.6
F0YBG0,440,91.4
F0YBS6,447,92.8
F0YDW3,343,94.8
F0YFU7,476,94.1
F0YH25,468,94.5
F0YI85,384,83.2
F0YJP7,462,81.6
F0YLK6,455,96.7
F0YRE4,309,65.4
F1APL6,189,95.5
F1APL7,190,94.7
F1APL8,189,93.7
F1APL9,189,95.2
F1APM0,189,95.0
F1APM1,189,93.6
F1APM2,191,93.4
F1APM3,189,95.2
F1APM6,189,92.0
F1APM7,189,95.7
F1APN4,190,93.8
F1APN5,190,93.9
F1APP6,189,93.9
F1APQ5,189,94.1
F1DBB6,335,93.5
F1DBB7,328,96.0
F1DBB8,318,91.0
F1DBB9,326,97.0
F1KU37,364,95.2
F1KXG5,304,95.3
F1L1R9,205,71.8
F1L2T1,322,95.3
F1LAM2,128,88.6
F1LE45,75,92.8
F1MBG9,437,97.5
F1MBK3,433,98.1
F1MC37,432,95.8
F1NXQ4,438,97.5
F1QEC9,437,96.8
F2D4X3,333,95.4
F2E926,299,96.5
F2JZ85,302,94.4
F2PWT3,355,96.6
F2RIZ9,269,98.2
F2RLH9,285,98.0
F2S706,355,96.6
F2T1L8,329,95.4
F2T308,355,95.9
F2T449,418,87.8
F2TDI1,341,95.7
F2TEF5,296,97.1
F2TQ63,395,88.7
F2UDJ6,184,92.5
F2Y8U1,181,88.3
F2Y8U2,181,92.6
F2Y8U3,181,94.2
F2Y8U4,181,95.4
F2Y8U5,181,94.2
F2Y8U6,181,74.5
F2Y8U7,181,94.2
F2Y8U8,181,92.4
F2Y8U9,181,94.1
F2Y8V0,181,92.6
F2Y8V1,181,93.4
F2Y8V2,181,94.2
F2Y8V3,181,92.8
F2Y8V4,182,93.9
F2Y8V5,181,93.6
F2Y8V6,181,91.9
F2Y8V7,181,60.6
F2Y8V8,181,93.6
F2Y8V9,181,95.7
F2Y8W0,181,58.9
F2Y8W1,181,93.2
F2Y8W2,181,92.9
F2Y8W3,181,93.7
F2Y976,181,93.7
F3NI67,285,97.0
F4L4G6,255,95.7
F4NVT9,266,95.0
F4NWE6,263,87.6
F4P2Z0,271,96.4
F4P543,271,93.9
F4P661,279,95.1
F4P662,271,96.2
F4P663,277,93.9
F4P7Q7,274,95.9
F4PBI8,295,93.3
F4PBL1,275,94.9
F4PFF7,311,91.9
F4PG32,264,90.3
F4PHR2,509,72.7
F4R2X4,87,89.6
F4RJH1,311,84.8
F4RSC5,97,94.9
F4RTV5,303,93.5
F4RZD6,301,96.8
F4S769,264,92.0
F4S770,275,94.8
F4S9C3,303,95.6
F4XLY1,190,92.7
F4ZTY8,151,84.9
F4ZTY9,151,72.7
F4ZTZ0,132,85.2
F4ZTZ1,132,84.8
F4ZTZ2,133,86.1
F4ZTZ3,132,83.3
F4ZTZ4,147,67.4
F4ZTZ5,150,69.6
F4ZTZ6,150,66.0
F4ZTZ7,132,86.7
F4ZTZ8,132,85.9
F4ZTZ9,132,84.7
F4ZU00,151,63.3
F4ZU01,132,86.2
F4ZU02,132,86.1
F4ZU03,151,68.5
F4ZU04,146,68.6
F4ZU05,154,82.9
F4ZU06,144,74.1
F4ZU07,152,77.0
F4ZU08,134,82.7
F4ZU09,132,86.8
F4ZU10,132,85.2
F4ZU11,132,82.9
F4ZU12,152,81.6
F4ZU13,151,83.9
F4ZU14,132,88.0
F4ZU15,132,84.0
F4ZU16,132,86.3
F4ZU17,152,83.7
F4ZU18,151,82.8
F4ZU19,151,67.5
F4ZU20,153,77.3
F4ZU21,151,67.3
F4ZU22,132,84.1
F4ZU23,151,73.7
F4ZU24,152,79.4
F4ZU25,151,85.0
F4ZU26,132,81.8
F4ZU27,152,83.3
F4ZU28,152,68.8
F4ZU29,145,74.0
F4ZU30,146,69.4
F4ZU31,145,74.0
F4ZU32,132,84.4
F4ZU33,148,71.5
F4ZU34,132,86.8
F4ZU35,132,84.5
F4ZU36,152,80.4
F4ZU37,145,72.2
F4ZU38,133,84.5
F4ZU39,151,66.6
F4ZU40,151,67.9
F4ZU41,151,77.9
F4ZU42,152,81.5
F4ZU43,132,79.1
F4ZU44,155,76.5
F4ZU45,132,84.2
F4ZU46,132,85.9
F4ZU47,132,86.2
F5CEP1,322,96.9
F5HSE8,134,93.8
F6G0K5,265,96.9
F6G5J6,273,96.8
F6I0K7,327,96.5
F6I2B7,340,96.8
F6L6G6,322,97.1
F6MFD3,322,97.1
F6MFF3,53,93.0
F6PQK8,353,97.3
F6PQM3,139,75.3
F6Q7U8,360,97.4
F6QPY3,215,88.5
F6QQ72,295,86.8
F6R2I4,354,96.3
F6SPL0,435,96.7
F6THS9,272,81.6
F6TZA2,430,98.0
F6UGD7,347,92.3
F6V857,432,96.0
F6WL94,378,94.2
F6XL13,435,97.2
F6YHC5,401,93.8
F6YIA2,433,98.2
F6Z836,200,94.2
F7BQT4,354,97.8
F7CBS6,432,95.7
F7CL37,434,97.5
F7CPD5,432,96.5
F7DEK2,132,77.9
F7EEJ9,430,95.9
F7EMZ9,432,95.9
F7F2U4,429,96.7
F7FUN5,368,97.3
F7GAX9,434,98.1
F7GZI7,429,95.6
F7IGR3,429,96.5
F7J1G2,235,89.4
F7J1G7,193,94.5
F7J1H1,193,88.4
F7J1H8,193,95.6
F7J1I5,197,65.0
F7J1J2,193,94.2
F7J1J9,207,66.0
F7J1K4,211,67.2
F7J1L1,197,66.7
F7J1L8,193,91.7
F7J1M3,193,86.6
F7J1M8,207,68.2
F7J1N5,211,69.4
F7J1P0,193,91.3
F7J1P7,193,95.4
F7J1Q4,193,68.8
F7J1R0,193,90.6
F7J1R6,207,76.3
F7J1S3,193,94.4
F7J1T0,193,94.4
F7J1T7,181,93.7
F7J1U4,193,94.9
F7J1V5,197,65.2
F7J1W8,215,92.8
F7J1X4,189,94.0
F7J1Y0,193,94.2
F7J1Y6,193,94.9
F7J1Z3,193,92.8
F7J1Z9,210,60.8
F7J206,208,65.4
F7VJX0,317,96.2
F7VLZ9,387,91.2
F7VQW2,376,92.7
F7VR09,298,89.7
F7VR94,365,98.1
F7VSJ1,356,97.7
F7W1C8,374,97.9
F7W1H1,371,98.2
F7W5R2,213,80.1
F7W5Z8,314,79.4
F7WBH3,299,75.6
F7XB75,315,97.1
F7XBC6,327,97.9
F7Y394,260,96.1
F8B1J1,313,97.4
F8MS55,389,94.9
F8MSD1,286,95.5
F8MTH7,374,96.8
F8MV64,375,85.0
F8MZA8,376,91.8
F8N0H0,383,91.4
F8N1T9,365,97.9
F8NNY5,193,89.1
F8NPE2,76,72.1
F8P749,375,77.3
F8PR61,193,89.1
F8PRB7,76,71.5
F8Q848,69,64.0
F8Q849,171,68.0
F8V189,317,97.2
F8V190,335,92.9
F9F1M7,209,88.5
F9F9P2,336,92.2
F9FH57,278,96.9
F9FIU1,370,91.2
F9FL94,354,97.6
F9FMU5,373,96.9
F9FST0,340,80.3
F9FW19,319,95.4
F9G095,304,97.5
F9G0F0,299,94.6
F9G4I7,126,76.2
F9G554,386,88.5
F9X2G9,317,89.9
F9X7B7,295,96.5
F9X8H9,267,97.7
F9X8L4,377,95.8
F9XAH9,274,96.0
F9XBE5,281,96.2
F9XCV9,286,95.5
F9XDF3,343,88.9
F9XEY9,169,79.4
F9XKI3,381,93.3
F9XNQ6,377,96.9
F9XPY9,367,94.2
F9XQ74,365,95.2
G0MGF4,356,94.2
G0ML44,357,88.8
G0N9V6,343,92.3
G0NKK5,352,90.0
G0NPY2,347,93.4
G0NVU5,325,95.0
G0P8V1,373,87.0
G0PFR2,313,65.9
G0RC29,353,97.3
G0RFJ8,300,95.1
G0RRF5,379,96.2
G0RYD5,379,91.9
G0S2W4,355,98.1
G0S9S6,358,97.2
G0SBR5,342,77.5
G0SFX8,276,97.5
G0XNC6,298,96.9
G0XNC7,298,97.2
G0XNC8,298,96.7
G0XNC9,298,96.6
G0XND0,298,96.4
G0XZ87,141,94.4
G0XZ88,132,95.1
G0XZ89,98,64.6
G0XZ90,132,95.2
G0XZ91,185,94.9
G0XZ92,132,67.1
G0XZ93,141,94.4
G0XZ94,139,65.9
G0XZ95,143,68.0
G0XZ96,132,87.8
G0XZ97,124,78.2
G0XZ98,140,58.3
G0XZ99,146,56.4
G0ZAL2,337,96.7
G0ZL91,34,73.1
G1KB12,432,96.0
G1KL56,440,97.1
G1KQJ9,367,97.8
G1LH81,430,97.7
G1LUE4,369,76.1
G1N1Q2,438,97.4
G1NPX2,356,89.4
G1NQP6,433,97.9
G1P2D6,463,89.9
G1P8R3,353,97.6
G1PU26,435,95.9
G1S1X1,434,98.0
G1S3C9,464,89.8
G1S7E5,354,97.4
G1SD85,431,92.7
G1SLB6,360,97.6
G1SYA0,431,97.9
G1X3U2,424,90.4
G1X7Q1,406,89.2
G1XA94,309,97.9
G1XAG5,365,97.6
G1XGA7,268,86.1
G1XM84,334,97.5
G1XN18,345,95.4
G1XN59,310,96.9
G1XN75,446,86.1
G1XNN7,361,97.5
G1XQQ0,398,82.9
G1XS72,356,93.8
G1XSL1,391,92.8
G1XT03,454,83.8
G1XTB4,364,97.6
G2GHC6,283,96.9
G2HJF2,130,88.7
G2Q3M6,373,90.6
G2Q526,350,96.7
G2Q551,272,97.3
G2QC95,381,94.2
G2QGH3,366,96.0
G2QH67,279,97.8
G2QIM7,329,86.2
G2QJJ3,356,98.1
G2QLD3,382,96.3
G2QND8,260,63.3
G2QRA5,353,70.4
G2QVS9,257,91.5
G2QVY2,363,96.0
G2R003,351,88.7
G2R0R5,391,96.4
G2R639,320,88.9
G2R6U9,381,96.1
G2RCR3,372,95.5
G2RFH3,382,92.9
G2RG43,304,94.6
G2X011,334,94.0
G2X461,351,96.9
G2X830,331,82.2
G2X9U2,304,98.1
G2XHL1,304,95.9
G2XIS8,352,94.5
G2XJS5,292,64.4
G2XK79,284,96.6
G2XQD0,348,94.9
G2XS53,264,84.8
G2XU65,347,94.4
G2XXS1,369,95.0
G2XZS1,308,68.6
G2Y2L8,370,96.2
G2Y4X7,365,95.0
G2Y7G1,346,97.3
G2Y9M3,301,97.2
G2YAL1,171,95.5
G2YCB1,171,51.5
G2YP57,266,95.5
G2YS45,254,89.0
G2ZN65,273,97.7
G2ZVV5,265,96.0
G3A426,273,96.2
G3A6V4,265,96.1
G3G7L5,277,97.6
G3GS88,432,94.4
G3I573,49,66.1
G3JB66,278,70.2
G3JCC4,265,97.8
G3JDJ5,205,47.3
G3JPN7,268,97.2
G3JS58,366,91.4
G3JUG5,352,94.8
G3NJ99,433,96.0
G3NYW9,435,97.9
G3NYX7,435,98.1
G3PTR9,369,97.4
G3PTS3,438,97.2
G3Q7D5,438,97.1
G3Q7E9,369,97.4
G3QBG0,434,97.9
G3R159,432,98.0
G3RJH0,353,97.4
G3RJI7,464,90.3
G3S218,434,96.5
G3SPG1,353,97.6
G3SQA7,430,95.7
G3TGJ7,428,97.9
G3VL14,380,96.5
G3VZQ8,369,97.1
G3WXQ9,432,96.9
G3XLG7,365,98.0
G3XML2,341,94.9
G3XR01,636,83.0
G3XTJ4,372,97.8
G3XUP5,373,79.6
G3XX77,292,95.7
G3Y3Z2,143,95.5
G3Y817,366,92.1
G4MKB2,102,57.0
G4MP53,358,96.9
G4MTU8,381,93.4
G4MWY0,318,97.8
G4N005,375,97.3
G4N0R4,380,95.9
G4N2I5,394,93.7
G4N3R0,350,93.9
G4N413,307,96.4
G4NA59,297,97.6
G4NA86,357,98.0
G4NB82,360,95.9
G4NH25,326,84.7
G4NIL4,313,98.1
G4NKN0,302,97.6
G4NL86,352,96.7
G4TM93,403,94.4
G4TM94,185,90.0
G4TM95,395,92.6
G4TU73,325,92.0
G4TVT3,349,97.5
G4TYT1,325,93.2
G4TZS5,146,89.6
G4U242,236,70.6
G4U402,323,96.7
G4U403,346,93.9
G4U404,330,95.6
G4YEP6,329,96.0
G4YVX0,353,96.9
G4Z7X0,226,83.5
G4ZF58,357,86.8
G4ZFR4,328,96.4
G4ZQT5,332,96.0
G5A884,326,95.5
G5A886,327,95.4
G5A9J7,364,86.5
G5AB88,406,92.0
G5AB89,347,95.5
G5AB92,221,93.3
G5AB98,442,66.0
G5AB99,296,90.7
G5ABA7,323,97.2
G5ABA8,331,94.8
G5AP50,360,96.4
G5B168,461,90.1
G5BHC8,449,95.4
G5EHG8,349,97.1
G7JSE1,247,86.5
G7JSE8,324,96.0
G7NBF2,430,98.2
G7NG01,380,87.3
G7NJH7,431,95.5
G7PNE9,430,98.2
G7PSC9,353,97.5
G7Y7E7,445,95.0
G7Y7E8,446,97.0
G7YPL8,122,74.9
G7Z6L5,327,97.1
G8GCE5,440,96.6
G8HYH4,203,90.7
G8HYH5,188,94.9
G8HYH6,189,94.1
G8HYH7,189,93.2
G8HYH8,203,92.3
G8HYH9,193,94.7
G8HYI0,203,95.6
G8HYI1,189,78.7
G8HYI2,190,93.1
G8HYI3,189,93.9
G8HYI4,203,78.4
G8HYI5,189,91.9
G8HYI6,151,79.1
G8HYI7,203,92.5
G8HYI8,197,94.2
G8HYI9,203,90.7
G8HYJ0,189,92.4
G8HYJ1,203,91.5
G8HYJ2,189,92.0
G8HYJ3,182,94.7
G8HYJ4,189,95.5
G8HYJ5,203,95.6
G8HYJ6,188,92.7
G8HYJ7,203,92.5
G8HYJ8,204,95.5
G8HYJ9,189,94.5
G8HYK0,193,95.3
G8HYK1,183,95.6
G8HYK2,203,93.3
G8HYK3,189,93.7
G8HYK4,189,95.2
G8HYK5,203,92.5
G8HYK6,190,94.0
G8HYK7,190,93.5
G8HYK8,189,93.1
G8HYK9,191,94.1
G8HYL0,206,93.3
G8HYL1,189,94.8
G8HYL2,179,94.0
G8HYL3,208,62.6
G8HYL4,198,95.2
G8HYL5,160,90.2
G8HYL6,189,94.5
G8HYL7,206,69.1
G8HYL8,198,94.2
G8HYL9,173,93.2
G8HYM0,189,95.0
G8HYM1,207,62.0
G8HYM2,189,95.7
G8HYM3,205,92.6
G8HYM4,189,92.0
G8NX85,367,94.0
G8Z9L6,202,94.6
G9A374,327,97.3
G9B4J6,109,98.1
G9B4J7,109,97.6
G9B4J8,109,98.3
G9B4J9,109,98.0
G9B4K0,109,97.7
G9HTI1,96,75.7
G9JKW9,433,98.1
G9M479,207,92.6
G9M480,96,88.5
G9MT56,304,98.3
G9N5E2,367,96.1
G9N609,353,98.0
G9N886,372,93.2
G9NHT6,353,98.1
G9NNK0,458,91.7
G9NPW7,367,96.7
G9Y7Z2,318,96.8
H0EJM3,269,87.3
H0ENP4,138,41.7
H0ESF8,229,93.0
H0EUG3,121,93.1
H0EV23,381,85.1
H0EV51,199,85.8
H0EW86,358,55.6
H0EWG8,234,86.9
H0G560,327,97.6
H0UWT4,429,95.2
H0VH99,354,98.1
H0VQ74,440,97.3
H0WXR2,433,88.4
H0X894,440,96.9
H0Z2R8,437,97.6
H0ZLV3,348,95.4
H0ZRN9,366,98.0
H1UVK4,367,70.4
H1UWR0,336,98.3
H1UXI3,393,94.1
H1UZF3,362,96.3
H1V1E6,352,98.1
H1V3M6,366,92.5
H1V647,56,82.8
H1V8W0,304,88.7
H1VAP3,377,96.9
H1VBZ6,357,97.3
H1VCJ3,307,97.0
H1VIZ6,368,96.9
H1VKD2,223,96.2
H1VMG1,105,95.2
H1VNN4,305,98.2
H1VTK3,297,93.0
H1VWR0,373,97.7
H1VWT9,273,96.0
H1VZE2,304,97.9
H1W0D6,409,93.5
H1W196,204,46.6
H2A0L0,322,87.7
H2A0L1,304,95.2
H2DPU1,297,96.4
H2DPU2,298,96.3
H2DPU3,298,96.7
H2EL45,144,67.2
H2EL46,144,67.2
H2EL47,144,58.8
H2EL53,145,63.0
H2EL54,144,67.2
H2EL55,144,58.7
H2EL62,142,61.3
H2EL63,126,63.1
H2EL66,144,67.2
H2EL67,125,65.7
H2EL68,144,61.5
H2EL70,126,65.2
H2FH89,324,96.7
H2KPL1,441,96.9
H2KTZ5,451,94.0
H2LHF8,427,97.8
H2LI84,359,97.4
H2LIX1,354,97.8
H2M5F4,435,97.9
H2MTX5,431,95.4
H2NEX0,352,98.0
H2NK50,431,96.3
H2PS60,432,97.3
H2Q4J1,432,98.0
H2T4B5,435,97.9
H2TGS7,432,97.7
H2U4R5,369,97.9
H2Y0R3,59,79.9
H2Y187,170,70.4
H2Y9I6,435,96.7
H2Y9I7,436,96.3
H2Y9I8,436,96.2
H2Y9I9,428,95.2
H2YA23,437,96.7
H2YA24,438,96.4
H2YVJ9,435,96.2
H2ZF91,198,80.3
H2ZM84,433,94.3
H2ZM85,430,92.8
H2ZM86,460,93.9
H2ZNM8,139,78.3
H2ZY76,429,97.1
H3ANN5,430,97.8
H3AP72,431,93.5
H3BZP5,431,96.0
H3CJD0,323,81.2
H3CJD3,321,91.2
H3CX59,432,97.9
H3D173,438,97.5
H3D8Y8,432,95.8
H3GCI8,353,96.6
H3GEM4,296,95.5
H3GFA6,327,96.4
H3GFA7,344,97.3
H3GI94,342,97.0
H3GPM1,524,79.1
H3GPM2,460,79.0
H3GPM3,331,97.9
H3GPM4,330,97.4
H3GR62,380,91.1
H3HCH2,323,96.6
H6BWF1,327,96.9
H6C0N0,359,98.0
H6C0Q8,323,97.6
H6C7R7,352,96.9
H6QSQ9,260,86.5
H6QX60,445,91.7
H6S171,147,68.6
H6S172,151,68.7
H6S175,151,67.1
H6U5Z7,345,88.0
H6USR8,133,84.7
H6USS0,145,90.0
H6USS2,132,90.7
H6USS3,135,86.9
H6USS6,158,90.5
H6USS7,132,88.1
H6USS8,134,91.0
H6USS9,146,88.7
H6UST3,146,74.5
H6UST6,134,89.6
H6UST8,147,91.2
H6USU2,177,83.7
H6USU3,134,92.1
H6USU4,157,93.1
H6USU8,151,90.4
H6USU9,141,88.4
H6USV0,157,87.5
H6USV3,132,85.9
H6USV4,165,67.9
H6USW1,166,71.4
H6USW3,132,94.7
H6USW4,132,89.4
H6USW5,132,90.6
H6USW8,131,89.9
H6USW9,146,80.3
H6USX1,161,70.5
H6USX4,165,74.8
H6USX5,157,91.2
H6USX6,143,91.4
H6USX7,132,88.9
H6USY0,133,92.6
H6USY9,133,91.6
H6USZ1,142,86.4
H6USZ3,146,89.1
H6USZ4,133,95.2
H6USZ5,132,88.6
H6USZ8,146,83.8
H6USZ9,133,93.3
H6UT00,154,92.8
H6UT01,132,95.1
H6UT02,152,90.4
H6UT03,132,90.3
H6UT04,133,93.5
H6UT05,132,95.5
H6UT06,146,72.2
H6UT09,146,80.5
H6UT11,147,76.9
H6UT13,157,87.6
H6UT14,157,91.6
H6UT15,133,85.1
H6UT16,133,87.6
H6UT17,132,88.8
H6UT18,132,89.3
H6UT19,157,89.1
H6UT22,133,86.0
H6UT23,158,87.9
H6UT24,145,77.8
H6UT26,132,92.8
H6UT27,152,93.0
H6UT29,145,85.5
H6UT31,133,92.3
H6UT32,132,92.3
H6UT36,151,71.5
H6UT38,147,72.6
H6UT39,132,93.3
H6UT40,151,76.9
H6UT41,132,89.8
H6UT42,132,94.5
H6UT43,157,91.6
H6UT44,132,93.0
H6UT47,157,92.7
H6UT48,146,87.0
H6UT49,158,86.1
H6UT50,132,87.2
H6UT52,151,91.6
H6UT53,151,75.3
H6UT54,133,93.9
H6UT55,133,95.8
H6UT56,132,92.2
H6UT57,133,92.3
H6UT58,133,73.7
H6UT59,161,71.9
H6UT60,132,94.0
H6UT61,132,89.7
H6UT62,158,88.2
H6UT63,166,69.9
H6UT70,159,73.4
H6UT81,146,76.4
H6UT82,165,74.6
H6UT89,146,77.2
H6UT90,165,71.4
H6UT94,133,85.6
H6UT95,152,69.9
H6UT97,151,86.2
H6UTA0,160,73.6
H6UTA4,145,71.4
H6UTA9,145,77.1
H6UTB2,152,91.0
H6UTB4,145,72.3
H6UTB5,151,68.6
H6UTB6,146,71.8
H6UTB7,153,71.9
H6UTB8,145,72.8
H6UTC6,145,76.3
H6UTD4,145,75.9
H6UTD5,151,91.4
H6UTD9,132,91.0
H6UTE0,170,66.7
H6UTE1,146,91.2
H6UTE2,145,77.6
H6UTE7,132,89.6
H6UTF8,132,89.2
H6UTG1,133,90.9
H6UTG7,133,90.3
H6UTG9,133,89.6
H6UTH4,122,90.3
H6UTH6,132,89.8
H6UTJ7,163,82.4
H6UTJ9,163,68.6
H6UTK0,132,88.9
H6UTK8,134,91.1
H6UTL2,133,90.0
H6UTL4,132,90.8
H6UTL5,134,89.6
H6UTM0,135,83.6
H6UTM2,134,88.2
H6UTM3,135,90.8
H6UTM4,134,91.4
H6UTM5,135,90.2
H6UTM7,132,87.1
H6UTM8,133,89.6
H6UTM9,132,89.0
H6UTN0,133,89.9
H6UTN1,132,89.5
H6UTN3,132,89.0
H6UTN4,133,90.3
H6UTN7,132,91.0
H6UTP5,132,90.3
H6UTP7,132,91.4
H6UTQ1,132,88.9
H6UTQ2,133,86.3
H6UTQ3,132,90.1
H6UTQ7,133,90.7
H6UTR1,133,88.7
H6UTR2,133,90.2
H6UTS7,132,90.7
H6UTT2,133,90.0
H6UTT5,132,89.8
H6UTV0,133,90.4
H6UTV6,132,90.0
H6UTV9,132,89.8
H6UTW0,132,89.9
H6UTW2,134,90.6
H6UTW3,132,89.9
H6UTW4,132,89.9
H6UTW5,145,90.4
H6UTW9,132,89.8
H6UTX0,127,87.7
H6UTX1,132,89.4
H6UTX2,132,89.1
H6UTX3,148,68.1
H6UTX4,128,88.2
H6UTX6,177,92.5
H6UTX7,176,82.0
H6UTX8,191,68.8
H6UTX9,189,68.5
H6UTZ0,174,90.3
H6UTZ3,132,72.7
H6UU00,200,93.4
H6UU02,176,64.3
H6UU03,174,95.1
H6UU06,200,93.7
H6UU09,184,93.0
H6UU12,174,95.1
H6UU15,174,65.7
H6UU29,175,94.6
H6UU35,175,95.1
H6UU36,174,95.1
H6UU41,176,94.1
H6UU48,176,69.0
H6UU50,185,95.1
H6UU52,177,94.2
H6UU53,175,94.8
H6UU54,200,93.8
H6UU58,174,94.1
H6UU59,132,74.4
H6UU60,166,69.4
H6UU61,200,92.7
H6UU62,174,92.0
H6UU63,151,69.6
H6UU64,146,73.6
H6UU65,132,71.3
H6UU66,147,67.3
H6UU67,132,80.1
H6UU68,132,74.4
H6UU69,132,74.4
H6UU75,145,73.2
H6UU76,163,72.5
H6UU77,146,68.1
H6UU80,151,71.3
H6UU82,160,71.7
H6UU84,146,71.9
H6UU87,166,71.1
H6UU88,151,71.7
H6UU92,146,71.6
H6UUB8,146,71.9
H6UUC1,146,72.2
H6UUC6,146,71.6
H6UUC9,146,70.9
H6UUD2,147,70.0
H6UUD3,160,70.4
H6UUD9,146,72.7
H6UUF5,161,69.7
H6UUG5,163,72.9
H6UUH2,146,72.6
H6UUH5,146,70.0
H6UUH7,160,69.0
H6UUH8,165,67.6
H6UUH9,165,70.6
H6UUI0,161,68.5
H6UUI1,146,71.8
H6UUI2,165,73.2
H6UUI3,133,94.1
H6UUJ1,133,90.6
H6UUK1,134,93.2
H6UUK2,145,92.3
H6UUK3,132,93.8
H6UUK7,132,93.8
H6UUL9,132,93.8
H6UUM2,133,90.6
H6UUM3,132,93.8
H6UUN8,132,93.8
H6UUP6,132,92.5
H6UUQ2,133,92.7
H6UUQ8,132,92.5
H6UUT4,124,81.1
H6UUT7,125,82.8
H6UUT8,151,79.4
H6UUT9,132,72.3
H6UUU0,152,68.8
H6UUU1,151,77.9
H6UUU2,147,72.7
H6UUU3,152,88.5
H6UYB9,174,78.2
H6UYC6,176,91.4
H6VYE1,132,94.3
H6VYE2,133,93.1
H6VYE3,128,89.9
H6VYE4,132,94.7
H6VYE5,132,94.1
H6VYE6,127,82.0
H6VYE9,132,92.0
H6VYF1,132,94.5
H6VYF2,147,71.9
H6VYF3,132,93.7
H6VYF4,132,94.1
H6VYF5,132,94.1
H6VYF6,131,93.8
H6VYF7,128,84.9
H6VYF8,132,87.9
H6VYF9,132,95.1
H6VYG0,132,95.1
H6VYG1,132,93.6
H6VYG2,132,92.0
H6VYG4,132,92.0
H6VYG5,151,87.4
H6VYG6,132,92.6
H6VYG7,132,95.3
H6VYG8,132,93.8
H6VYG9,132,90.8
H6VYH0,133,94.1
H6VYH1,132,94.3
H6VYH2,133,94.4
H6VYH3,132,92.8
H6VYH5,132,94.6
H6VYH6,132,94.6
H6VYH7,132,94.7
H6VYH8,133,93.2
H6VYH9,132,92.2
H6VYI1,151,90.8
H6VYI2,132,94.7
H6VYI3,133,95.1
H6VYI4,132,95.5
H6VYI6,132,89.9
H6VYI7,132,92.8
H6VYI9,132,92.0
H8ZAQ6,283,91.2
H8ZKE5,177,89.2
H8ZKE6,183,95.7
H8ZKE7,184,95.6
H8ZKE8,182,95.5
H8ZKE9,182,95.0
H8ZKF7,132,71.8
H8ZKG7,182,95.0
H8ZKH0,182,95.5
H8ZKH2,184,95.6
H8ZKH9,183,95.3
H8ZKI0,183,95.4
H8ZKI2,183,93.1
H8ZKI6,182,95.5
H8ZKI7,183,95.7
H8ZKJ2,183,95.3
H8ZKJ4,179,94.9
H8ZKJ5,182,96.2
H8ZKJ8,182,95.1
H8ZKJ9,185,95.6
H8ZKK0,182,94.5
H9AYE4,439,97.4
H9AYE5,431,96.5
H9B8J5,347,92.8
H9CJM5,332,96.7
H9CY06,269,98.5
H9U6Q2,434,97.8
H9XP44,334,96.3
H9XP46,327,94.3
I1HSD3,329,97.1
I1HSE7,327,94.6
I1I0X8,329,92.0
I1I0Y3,325,93.6
I1KEH4,321,96.6
I1KLG6,338,84.5
I1M285,320,96.3
I1MEE6,320,96.5
I1N3I2,332,94.4
I1NSB9,282,75.0
I1REA5,369,97.6
I1RHT4,362,97.6
I1RIA1,304,96.2
I1RJ03,319,97.4
I1RKU0,277,97.7
I1RLQ5,387,77.7
I1RNP4,411,91.3
I1RYR4,352,97.3
I1S2V3,277,98.1
I1S3N0,378,92.0
I1S3X8,361,96.8
I1S6D3,304,95.1
I1SV19,354,97.7
I1U4K3,325,97.1
I1U4K4,325,96.9
I1U4K5,331,97.4
I1U4K6,329,97.3
I1U4K7,324,97.3
I2APM4,433,97.9
I2APM7,434,98.0
I2AWN0,331,92.4
I2BJK6,143,58.5
I2BJK7,128,88.1
I2BJK8,143,68.9
I2BJK9,140,76.6
I2BJL0,132,91.2
I2BJL2,141,86.2
I2BJL4,141,86.2
I2DBP7,333,95.3
I2DBP8,333,95.0
I2DBP9,333,95.4
I2DBQ0,332,84.0
I2DBQ1,333,95.3
I2E1A5,327,97.7
I2FTP4,304,95.4
I2G6B5,289,96.5
I2NBP1,271,97.7
I3D139,305,97.9
I3EIY0,237,97.1
I3JAR0,433,97.8
I3JC76,432,97.8
I3JL18,438,97.4
I3JL19,369,97.3
I3JQH8,430,97.3
I3M2P3,437,97.4
I3M3Y3,452,95.1
I3MFG1,431,94.9
I3WE67,322,97.0
I4DD55,345,93.0
I4DD56,334,95.2
I4DD57,338,95.2
I4DD58,323,96.9
I4DD59,341,96.6
I4K8K8,303,98.2
I4YA87,329,91.2
I4YAA8,311,91.5
I4YCE2,311,94.6
I4YFA0,315,91.6
I6QN31,98,71.7
I6QQK3,132,73.3
I6QQK8,132,71.4
I6QY78,147,72.1
I6QY82,133,85.5
I6QY85,132,73.9
I6R491,95,71.8
I6R496,132,87.4
I6R7M1,152,85.8
I6R7M5,144,63.2
I6XNI6,261,78.7
I7BG84,322,97.1
I7CCR9,324,96.3
I7CML7,322,96.7
I7HUF2,334,93.5
I7ZSX1,409,89.2
I8A8A1,332,97.8
I8AD57,369,97.5
I8IKL3,265,97.7
I8TNZ4,289,97.0
I8TQM9,404,87.7
I8TSM6,285,75.7
I8TWP5,361,97.3
I8UCZ7,280,97.8
J0WRI2,404,78.8
J2JQ78,269,98.3
J2Y1W2,269,96.3
J3K3P9,357,96.8
J3KA29,371,97.0
J3L4U1,332,94.5
J3L4U3,335,95.5
J3M1K4,317,89.2
J3NHT7,369,95.3
J3NK27,338,95.6
J3NPV7,356,90.7
J3NPY8,359,97.3
J3NUE8,349,97.5
J3NWE7,141,64.5
J3NYP8,360,96.5
J3P088,370,93.8
J3P204,305,95.9
J3P4K8,325,98.2
J3P591,387,95.5
J3P5V0,309,97.3
J3P6A1,311,97.8
J3PC00,322,97.0
J3PI09,297,98.0
J3PI99,369,96.2
J3S6K9,432,98.0
J3SSX5,132,91.2
J3SSX6,133,93.3
J3SSX9,135,87.4
J3SSY1,123,90.8
J3SSY2,134,95.2
J3SSY3,132,93.2
J3SSY4,132,94.2
J3SSY5,132,94.5
J3SSY7,133,94.5
J3SSY9,121,91.6
J3SSZ0,133,94.9
J3SSZ2,132,94.8
J3SSZ4,132,92.6
J3SSZ5,132,92.0
J3SSZ6,132,95.3
J3SSZ8,151,94.5
J3SSZ9,134,90.9
J3ST00,151,68.7
J3ST01,133,93.1
J3ST02,132,93.7
J3T3Y6,132,91.2
J3T3Y7,132,94.6
J3T3Y9,132,94.3
J3T3Z2,132,92.7
J3T3Z4,132,94.7
J3T3Z6,132,94.1
J3T401,133,95.3
J3T410,132,90.4
J3T411,151,86.8
J3T415,133,94.9
J3T417,136,94.6
J3T418,133,94.4
J3T422,131,96.0
J3T425,132,92.7
J3T427,132,91.3
J3T429,133,91.6
J3T430,133,92.9
J3T432,132,95.7
J3UHY6,132,95.1
J3UHY9,146,94.6
J3UHZ2,145,92.1
J3UHZ5,151,93.6
J3UHZ9,132,94.2
J3UI02,134,94.9
J3UI05,132,93.5
J3UI09,132,94.3
J3UI13,122,92.7
J3UI21,133,91.5
J3UI25,132,93.7
J3UI31,132,92.6
J3UI39,134,94.0
J3UI45,132,95.0
J3UI64,132,92.6
J3UI68,133,93.1
J3UI72,133,92.3
J3UI81,135,93.6
J3UI88,132,94.8
J3UI93,132,92.4
J3UI99,133,90.8
J3XPZ8,132,94.9
J3XQ02,132,91.7
J3XQ07,133,94.5
J3XQ19,134,94.7
J3XQ22,132,94.5
J3XQ25,133,93.4
J3XQ32,133,94.5
J3XQ35,133,89.3
J3XQ39,151,93.6
J3XQ57,132,89.7
J3XQ70,133,93.8
J3XQ74,132,86.5
J3XQ83,132,93.9
J3XQ88,132,88.9
J3XQ92,132,93.9
J3XQ98,132,95.1
J3XQA7,133,90.7
J3XQB2,132,94.0
J3XQB6,132,93.2
J4H162,353,96.1
J4KM64,375,93.5
J4KM75,265,97.3
J4UKG1,354,97.0
J5J6Y4,229,79.8
J5JNM7,363,95.9
J5JUH6,320,93.6
J7ES67,329,95.9
J7FBF2,433,98.0
J7FKW3,132,93.2
J7FKW6,133,92.3
J7FKW8,151,86.8
J7FLI6,132,92.1
J7FM19,132,93.5
J7FM28,132,94.3
J7FM30,132,90.7
J7FMS7,132,89.2
J7FNH6,151,92.1
J7FNI1,132,94.3
J7FNI5,153,93.9
J7FNI8,133,94.5
J7FNJ2,132,95.7
J7FNJ5,132,94.7
J7FQM8,132,85.0
J7FQN4,133,93.3
J7FQN8,132,92.6
J7FQP2,122,90.0
J7FQQ0,134,93.6
J7FRY2,132,94.7
J7FSY9,133,92.9
J7FSZ3,133,93.4
J7FT01,132,93.6
J7FT08,132,94.6
J7FU60,132,93.0
J7FU79,132,94.4
J7GJV9,148,74.7
J7GJW4,132,92.5
J7GJW9,132,90.0
J7GJX3,132,87.8
J7GJX8,132,92.2
J7GJZ9,132,91.8
J7GKW6,152,88.3
J7GKX2,132,92.5
J7GKY2,132,90.0
J7GKY7,130,89.3
J7GKZ2,132,85.7
J7GKZ6,132,87.2
J7GL05,132,91.9
J7GMM8,288,73.8
J7GP67,127,89.1
J7GP71,132,86.5
J7GP75,146,74.7
J7GP90,132,85.8
J7GP95,125,85.6
J7GPA0,132,93.0
J7GPA7,151,70.4
J7GR74,146,73.1
J7GR80,132,89.2
J7GR84,132,93.5
J7GR90,133,84.3
J7GRA1,126,75.3
J7GRA6,132,86.3
J7GRB0,145,86.5
J7GRB5,132,88.7
J7GT60,132,91.8
J7GT75,132,93.3
J7GT80,132,73.2
J7GT88,132,77.8
J7GT97,132,93.5
J7GTA1,133,88.6
J7GVS9,169,95.0
J7M341,124,87.9
J7M343,123,86.1
J7M6E8,123,88.6
J7M6F0,123,86.8
J7M6F2,124,86.3
J7M6F4,137,85.1
J7M9R0,124,87.4
J7M9R2,123,88.4
J7MCB6,123,87.8
J7MCB9,124,88.5
J7MCC2,123,86.8
J7MCC5,123,89.0
J7MET1,124,89.4
J7MET4,123,89.7
J7MET8,124,90.1
J9DAB6,284,96.0
J9DL80,74,73.0
J9DYN1,128,95.7
J9F2U4,211,69.7
J9F3N8,270,97.8
J9F6E9,341,87.8
J9XLG0,303,92.4
J9XNH1,302,92.5
J9XWA3,439,96.5
K0B2W2,277,96.6
K0BA53,278,97.6
K0K5F6,270,98.5
K0RH99,88,75.3
K0V9S5,284,96.3
K1P4E2,445,82.0
K1PAV4,355,88.2
K1PI66,359,88.0
K1PS50,369,87.7
K1PY25,309,88.0
K1Q1M0,368,86.2
K1Q6C9,376,91.0
K1Q6D2,311,94.2
K1Q7A7,391,83.4
K1QAP4,374,85.5
K1QE57,340,92.1
K1QHI1,352,87.9
K1QL10,402,84.5
K1QMD1,315,89.0
K1QPB3,352,88.8
K1QWH8,258,89.5
K1QXR1,506,72.4
K1R2H1,382,91.6
K1R932,296,64.4
K1RE44,395,84.9
K1RFL7,344,90.6
K1RLR4,277,94.5
K1RLT5,355,86.8
K1WC50,336,94.3
K1WIM9,362,96.7
K1WLZ8,280,94.9
K1WUG0,313,94.1
K1WVB6,268,90.8
K1WXT9,365,94.2
K1X411,307,98.1
K1XMQ0,372,95.6
K1XNZ9,363,95.7
K1XVY4,264,95.9
K1Y5W4,349,95.4
K2IQE7,392,94.1
K2PTI3,324,95.0
K2QYV7,375,97.2
K2R561,342,98.1
K2R6Z6,275,71.0
K2R777,331,97.5
K2RF87,366,95.8
K2RLK6,322,92.5
K2RPY3,270,72.0
K2RQ67,313,97.2
K2RZA2,366,96.4
K2S416,327,97.0
K2S7W3,249,85.4
K2S8A5,124,65.2
K3URR8,362,97.8
K3USG9,274,97.1
K3V476,304,96.4
K3V5P2,361,96.6
K3V6C2,321,94.2
K3VAE6,360,96.8
K3VGV2,404,90.1
K3VIF6,369,97.6
K3VKC5,319,97.7
K3VMY6,277,97.6
K3VNQ2,375,92.0
K3VPY0,198,89.5
K3VRC0,352,97.2
K3W2E2,274,89.3
K3W7U2,340,96.4
K3WBN0,327,94.0
K3WJW4,313,95.1
K3WTH8,516,78.0
K3WTH9,173,63.0
K3X1J2,307,96.9
K3X1J8,319,97.9
K3X1K4,313,97.0
K3X1K6,331,96.1
K3X1M0,345,94.7
K3X1M1,230,93.6
K3X3G4,347,97.0
K3X5C6,437,86.5
K3XFV3,335,95.1
K3Y373,337,94.4
K3Y687,278,90.4
K3YGS6,337,93.4
K4CMI2,331,87.8
K4FAJ8,132,88.2
K4RA45,285,98.0
K4REL7,354,97.4
K4RG14,269,98.3
K5UXV0,338,96.7
K5VYQ3,338,94.7
K5X0S3,394,90.5
K5X6W9,351,94.3
K5X7N2,351,94.4
K5XJW5,345,92.5
K5XUX5,341,92.5
K5XV01,341,94.3
K7G0Z6,432,97.1
K7GG37,364,98.1
K7GGT4,431,92.3
K7KJM5,323,95.4
K7L2P1,338,86.0
K7M1M4,308,92.0
K7MU36,305,96.7
K7VJ76,330,95.3
K9GD11,323,96.2
K9GIG7,323,96.2
K9LCA8,64,90.6
K9LCB7,57,89.8
K9LE88,77,88.9
K9TXE0,280,96.7
K9U0G3,343,96.7
L0D705,328,95.7
L0KM70,260,96.4
L0N6C6,432,95.6
L0N6P7,303,98.4
L1L609,285,95.9
L1M1P5,317,91.9
L2FD19,304,97.6
L2FDI2,334,96.2
L2FGF0,307,96.5
L2FHB6,280,94.7
L2FID8,296,93.5
L2FJ04,382,96.1
L2FJE7,280,97.6
L2FJH5,368,97.1
L2FMV4,273,91.9
L2FNV4,336,90.7
L2FTL5,315,97.9
L2FUC9,357,97.6
L2FUJ7,553,79.8
L2FV79,299,97.0
L2FVU6,361,94.1
L2FXF4,293,97.9
L2FXP5,304,97.2
L2FZA7,383,96.2
L2FZE5,109,94.2
L2G0J5,298,97.6
L2G1G8,257,98.3
L2G1R0,317,95.6
L2G2P9,360,97.7
L2G4Q3,376,96.7
L2G525,314,96.9
L2G624,324,97.7
L2G6T0,205,95.5
L2G7M8,353,95.4
L2G8K6,335,75.1
L2G955,338,91.0
L2GD54,359,97.5
L2GEI1,277,95.6
L2GER5,233,48.1
L2GRS8,378,74.7
L5JM78,326,84.3
L5K933,383,88.6
L5KI95,424,93.2
L5LIG7,432,96.6
L5M4A4,423,97.9
L5MK56,383,89.7
L7C916,313,89.8
L7E7R8,346,97.0
L7F731,286,97.3
L7IQS9,313,98.2
L7ISR8,302,97.9
L7IUI4,359,86.9
L7IVA7,307,96.9
L7IZ12,350,93.9
L7J0L3,326,84.6
L7J0V9,370,88.5
L7J4F2,357,98.0
L7J607,318,97.8
L7J8Z7,349,97.1
L7JAN2,297,97.6
L7JD79,383,95.6
L7JFX0,302,97.7
L7JJQ8,344,86.6
L7JMT9,387,96.1
L7JPW8,358,96.9
L7JQK5,352,96.7
L7JYP0,270,83.8
L7PC43,133,90.3
L7PC44,151,71.3
L7PC99,132,88.9
L7PCA0,120,88.5
L7PCC5,133,90.6
L7PCC6,132,86.2
L7PCF2,132,90.9
L7PCF4,132,91.2
L7PCP6,132,86.2
L7PCP7,132,88.2
L7RDD7,132,86.3
L7RDD9,168,70.7
L7RDE2,172,93.9
L7RDE4,171,95.2
L7RDE6,165,64.5
L7RDF1,171,80.1
L7RDF4,171,94.1
L7RDF7,132,94.5
L7RDG1,145,74.6
L7RDG7,132,94.5
L7RDG9,133,92.6
L7RDH4,171,93.5
L7RDH8,151,70.9
L7RDI1,133,94.4
L7RDI5,132,89.7
L7RDJ2,171,93.9
L7RDJ5,132,94.3
L7RDJ9,172,95.0
L7RDK3,171,93.9
L7RDK7,171,94.3
L7RDL1,172,95.3
L7RE81,171,94.8
L7RE84,171,94.3
L7RE86,152,69.4
L7RE92,132,91.8
L7RE96,171,92.5
L7REA0,171,92.0
L7REA4,171,82.4
L7REA7,132,94.6
L7REB1,132,90.5
L7REB5,172,87.2
L7REB9,132,95.0
L7REC4,185,91.6
L7REC6,132,93.7
L7RED2,133,93.9
L7RED7,186,93.8
L7REE0,171,93.9
L7REE1,132,95.1
L7REE3,146,70.9
L7REE4,133,95.0
L7REE6,187,73.7
L7REE7,172,95.1
L7REF0,171,95.1
L7REF2,132,87.8
L7REF4,172,95.3
L7REF6,132,93.8
L7REF7,171,94.7
L7REG1,132,88.8
L7REG5,150,74.5
L7REG7,171,88.6
L7REH6,132,93.4
L7REI7,152,73.6
L7REI9,132,95.5
L7REJ4,171,94.8
L7REJ7,171,92.1
L7REK1,132,89.3
L7REK4,152,73.3
L7REK7,171,90.8
L7REK9,144,74.9
L7REV5,171,95.0
L7REV8,150,74.3
L7REW2,175,93.8
L7REW6,185,93.7
L7REX0,150,74.8
L7REX5,152,75.2
L7REY1,171,91.5
L7REY5,171,94.9
L7REY7,132,89.0
L7REZ1,132,86.9
L7REZ4,171,86.2
L7REZ7,171,95.4
L7RF00,171,94.6
L7RF03,151,73.9
L7RF06,182,86.0
L7RF10,170,86.9
L7RF13,132,95.5
L7RF17,132,94.1
L7RF20,171,92.6
L7RF23,133,91.6
L7RHI1,171,95.4
L7RHI5,167,69.0
L7RHI9,171,88.7
L7RHJ4,174,94.6
L7RHJ9,171,94.9
L7RHK3,171,94.7
L7RHK8,144,72.4
L7RHK9,152,72.3
L7RHM1,171,95.2
L7RHM6,171,73.7
L7RHN1,171,79.8
L7RHN3,171,95.5
L7RHN8,132,93.9
L7RHP3,152,81.8
L7RHP5,150,73.7
L7RHQ0,171,94.5
L7RHQ5,132,95.6
L7RHQ9,132,95.4
L7RHR4,133,93.0
L7RHR9,171,95.3
L7UQU5,327,97.3
L7UVM0,332,93.9
L8B082,449,95.5
L8B086,350,98.1
L8B0B9,449,95.4
L8FTG9,110,53.7
L8IKH4,433,98.0
L8ITY0,352,96.1
L8P5D4,269,98.5
L8PB09,225,96.7
L8WEF7,379,76.0
L8WI82,281,81.3
L8WK66,65,63.2
L8WLD5,340,61.9
L8WMT8,324,75.4
L8WQ66,375,76.5
L8WRU1,262,82.3
L8WRV6,249,86.0
L8WSR9,279,93.1
L8WW92,376,70.6
L8X5P8,283,72.8
L8X5T2,426,56.7
L8X5X1,318,73.3
L8YD48,334,88.2
L9J997,381,89.6
L9JN84,431,94.3
M1BMR4,328,96.5
M1BMR5,334,93.6
M1BMR6,333,96.1
M1BMR7,333,95.9
M1BMR9,98,61.4
M1BMS5,305,58.8
M1BMS6,307,73.3
M1C1N0,295,97.2
M1CW45,326,96.0
M1CW46,336,92.3
M1KJ55,145,90.0
M1QBP2,445,94.8
M1R095,444,96.5
M1R6Q5,444,96.9
M1VXW5,364,97.1
M1W198,376,93.7
M1W9S5,350,97.3
M1WFB8,364,96.5
M1WHX7,380,94.5
M2LQ03,369,97.3
M2LXZ1,289,92.4
M2MGH4,374,94.5
M2MQZ6,286,96.3
M2NEU0,374,96.1
M2P7Y1,356,94.1
M2QEA0,352,96.1
M2R9G9,354,95.5
M2RC83,345,92.4
M2RSJ8,371,97.9
M2RUH5,358,93.1
M2RYT5,309,98.1
M2S8J7,370,96.6
M2SKF1,367,93.2
M2SMT7,345,96.6
M2SQZ2,250,95.5
M2T104,350,96.6
M2T5C9,345,96.8
M2T5D0,374,96.3
M2T6M1,229,93.0
M2TE90,371,98.0
M2TEH8,375,96.5
M2TGF0,275,98.2
M2TH79,385,96.8
M2TJ41,357,93.0
M2TJP1,420,89.5
M2TK72,291,97.8
M2TUH9,275,79.1
M2U4D0,371,97.4
M2UAA8,347,95.9
M2UBM4,271,97.9
M2UGL8,370,95.7
M2UJ14,319,94.0
M2V0Q1,346,96.9
M2VC29,396,93.2
M2WVJ3,301,90.9
M2YMY9,271,95.3
M2Z6I3,291,89.5
M2ZZI0,311,97.4
M3A9A8,386,96.4
M3ADD2,372,95.7
M3AH24,373,96.9
M3AR17,114,89.4
M3AVT3,345,96.8
M3AWF4,263,97.9
M3BBI8,370,97.0
M3C0M3,314,77.2
M3C4F8,369,97.2
M3C9Q8,375,97.0
M3CDC7,297,97.2
M3CLC6,340,96.8
M3CVQ9,314,96.1
M3CWT7,308,97.3
M3D2B0,359,96.8
M3D2V0,410,95.3
M3D714,311,97.6
M3F3T0,285,97.3
M3FZT5,269,98.3
M3XYN9,368,97.5
M3YG49,423,98.0
M3YKA6,430,96.5
M3ZQV5,429,96.4
M3ZRT9,435,97.4
M4A9U2,432,98.0
M4AC95,430,97.0
M4ATE9,352,97.7
M4B927,352,96.9
M4BCA4,293,87.4
M4BES0,384,86.6
M4BES1,382,87.9
M4C4I8,530,76.2
M4C6D4,346,93.0
M4GJG9,105,91.4
M4GS33,154,86.1
M4GS38,132,93.6
M4GS41,133,86.8
M4GS45,133,92.4
M4GSQ8,133,94.4
M4GSR1,132,91.4
M4GSR5,135,92.9
M4GSR8,133,92.8
M4GTC2,133,95.7
M4GTC5,132,94.9
M4GTC9,171,94.4
M4GTD3,132,89.4
M4GTH5,132,91.6
M4GTH7,132,94.1
M4GTI2,171,95.3
M4GU28,132,94.5
M4GU33,132,94.5
M4GU38,134,85.1
M4HQ36,454,88.5
M4ZV73,346,96.8
M5BHV5,96,96.2
M5BIL5,185,79.8
M5BK46,260,92.9
M5BMV6,199,82.2
M5BP05,200,81.2
M5BPG4,240,71.0
M5BRI7,177,78.4
M5BSH6,77,69.5
M5BTH6,108,83.7
M5BUD5,337,97.1
M5BUU7,335,98.0
M5BUW4,93,95.7
M5BV13,102,96.5
M5BWM6,74,89.7
M5BXB8,217,94.6
M5BYF6,217,92.9
M5BZQ9,186,92.9
M5C0A9,137,95.3
M5C199,242,92.5
M5C284,262,92.2
M5C2Q0,96,93.7
M5C2W1,93,90.0
M5C3H9,240,92.8
M5C3I8,377,85.1
M5C3Z3,264,96.9
M5C4G3,239,85.3
M5C4K8,98,68.1
M5C5M4,73,90.3
M5C5W9,426,89.0
M5C6B1,148,94.6
M5C859,239,76.9
M5CA68,91,91.1
M5CAY8,320,97.8
M5CB51,93,88.9
M5CB61,224,92.8
M5CEE4,342,92.5
M5CER4,377,85.5
M5CEV9,218,97.0
M5CF11,315,97.7
M5CFB1,260,93.0
M5FVC3,323,94.2
M5FY28,311,95.7
M5G7D8,169,95.5
M5WH34,322,97.5
M5WQ19,269,85.6
M5WTF2,317,97.1
M7BKU8,456,93.3
M7C0T4,416,94.8
M7S888,276,97.9
M7SBG2,191,94.7
M7SCF3,236,88.3
M7SCY3,320,95.5
M7SFL8,293,72.1
M7ST71,350,97.5
M7SWL2,355,97.4
M7T064,324,88.6
M7TED0,351,93.6
M7TJF3,372,95.8
M7TLQ8,387,93.6
M7TN32,286,96.9
M7TNA2,301,97.2
M7TNL2,348,94.8
M7U4Q1,404,75.7
M7U7E9,370,96.0
M7UD60,369,95.0
M7UHP1,347,96.3
M7UID1,262,85.3
M7UMZ7,346,95.2
M7UN52,263,97.3
M7URR6,365,95.0
M7YQV3,337,89.3
M8B7N6,247,78.5
M8BUV2,331,96.3
M8BY68,118,79.3
M8CBW6,341,85.1
M9LMA7,297,96.8
M9M4Y3,301,96.4
M9MF75,285,98.2
M9PSK3,151,78.9
M9PSN6,152,89.1
M9PSN7,132,90.0
M9PSN9,145,89.8
M9PSP5,134,75.1
M9PSP6,132,74.4
M9PST2,132,88.9
M9PST3,132,91.2
M9PST4,132,93.9
M9PSX7,161,73.3
M9PSX9,130,69.7
M9PT37,147,73.2
M9PT40,132,92.2
M9PT43,132,86.0
M9PT46,132,93.9
M9PTL3,152,74.4
M9PU13,133,90.8
M9PU17,146,73.3
M9PU22,145,89.6
M9PUI6,133,75.8
M9PV05,132,92.7
M9PV10,132,94.3
M9PV16,133,85.3
M9PV20,132,83.1
M9Z4T9,179,95.8
M9Z4U6,180,66.7
M9Z4V1,179,94.9
M9Z4V9,180,95.7
M9Z4W3,179,95.5
M9Z4X0,179,96.3
M9Z4Y8,103,69.0
M9Z4Z5,182,94.7
M9Z504,179,95.3
M9Z741,180,96.1
M9Z747,182,94.1
M9Z755,189,95.3
M9Z762,179,95.9
M9Z768,179,93.1
M9Z775,179,95.3
M9Z783,179,94.7
M9Z787,179,72.2
M9Z795,180,74.6
M9Z842,179,89.6
M9Z850,179,71.1
M9Z864,182,93.6
M9Z872,179,95.8
M9Z879,182,93.9
M9Z886,181,93.7
M9Z892,179,94.3
M9Z898,181,93.1
M9ZBZ8,180,96.1
M9ZC06,179,95.8
M9ZC15,179,94.0
M9ZC22,182,95.6
M9ZC30,106,81.9
M9ZC37,188,95.5
M9ZC44,180,94.3
M9ZC50,105,71.3
M9ZC56,175,94.4
M9ZDH2,180,90.6
M9ZDH7,175,88.7
M9ZDI2,181,96.0
M9ZDI9,106,65.2
M9ZDJ5,188,94.4
M9ZDK0,179,94.7
M9ZDK4,179,93.1
M9ZDK8,180,67.0
M9ZDL3,189,96.5
N0D3E9,285,96.4
N1J7Q9,350,93.8
N1J7U8,366,94.2
N1J8Z1,370,93.5
N1PDT1,308,95.9
N1PF89,338,97.1
N1PJH7,373,97.6
N1PJJ1,295,96.9
N1PQK2,394,95.7
N1PSV7,363,96.1
N1PUW0,387,96.9
N1PVU9,328,98.2
N1Q9G7,313,96.0
N1QC15,274,92.8
N1QEA3,273,95.9
N1QEG0,374,96.1
N1QG92,321,95.1
N1RBZ8,304,98.1
N1RI80,372,96.7
N1RKC9,278,96.9
N1RTX1,268,85.1
N1RUF0,319,96.9
N1RZU9,503,81.5
N1S2R4,389,83.1
N1S3E0,295,87.2
N1S3Z4,175,75.2
N1S4I7,449,84.8
N1S522,117,85.7
N1S678,372,92.0
N1S8Q1,266,87.8
N1S9D3,367,97.5
N4TKR4,265,96.8
N4TNX6,373,96.9
N4TYT8,319,97.3
N4U0H2,356,97.9
N4U644,372,92.6
N4U6B2,287,92.8
N4U7L8,435,84.4
N4U9Y6,251,80.6
N4UAP1,415,86.8
N4UHK2,367,97.4
N4UL04,278,96.8
N4UL14,398,89.0
N4UMU4,332,96.3
N4UQ85,304,98.0
N4UQQ4,363,93.4
N4UVF3,359,97.3
N4UX86,304,98.2
N4UY89,357,96.9
N4UYU1,354,97.6
N4V373,368,97.2
N4VC89,422,89.8
N4VGA7,320,97.0
N4VGY6,324,98.3
N4VMA1,355,97.1
N4VNF7,346,97.8
N4VTM0,382,95.7
N4VXH0,415,88.1
N4VYY0,307,97.5
N4W3C6,324,98.0
N4WJE4,275,79.1
N4WPH6,396,93.2
N4WWP9,319,94.0
N4WZD1,370,95.7
N4X0Z4,342,97.0
N4X2N2,291,97.8
N4X430,250,95.5
N4X4P7,271,97.9
N4X5S5,346,96.9
N4XF43,371,97.4
N4XFZ3,371,98.0
N4XG38,375,96.5
N4XI67,345,96.8
N4XMY1,357,93.0
N8S2A5,312,96.9
N8Y4A5,359,85.6
N9NGC5,306,95.1
O01497,354,94.4
O24056,328,96.9
O24057,322,97.0
O42713,341,94.7
O49132,285,95.5
O49912,329,96.0
O49960,360,93.5
O57405,440,97.3
O76708,310,97.5
O81103,325,96.6
O93505,431,94.4
O97885,271,72.3
P00440,376,91.9
P06845,269,98.4
P07147,438,97.4
P07524,269,98.6
P0DUQ0,273,95.0
P11344,431,98.1
P12031,268,96.8
P14679,449,95.5
P17643,361,97.3
P29812,433,96.0
P33180,315,95.7
P34269,355,94.7
P40126,430,96.6
P43309,322,97.5
P43310,347,94.2
P43311,330,96.4
P54834,429,98.0
P55022,273,92.9
P55023,268,97.9
P55024,366,98.1
P55025,435,97.8
P55026,207,92.4
P55027,369,97.3
P55028,434,88.0
P55033,431,97.1
P56823,263,95.0
P56824,142,88.5
P56825,197,60.8
P56826,395,80.8
P80960,271,91.0
P81732,304,95.4
P83040,301,96.5
P86952,304,95.5
P93622,323,96.0
Q00024,345,91.5
Q00234,404,87.7
Q01KB7,334,96.3
Q01KB8,336,95.6
Q01WC9,212,96.5
Q04604,431,97.7
Q06215,334,95.9
Q06355,326,96.2
Q08296,324,94.6
Q08303,326,91.9
Q08304,334,94.1
Q08305,333,91.0
Q08306,333,89.8
Q08307,326,95.9
Q08410,207,91.6
Q093B2,346,96.8
Q09VB7,132,91.2
Q09VB8,133,74.1
Q09VB9,132,92.5
Q09VC0,132,75.1
Q09VC1,132,91.6
Q09VC2,133,89.3
Q09VC3,132,89.7
Q09VC4,132,87.0
Q09VC5,132,91.2
Q09VC6,132,93.3
Q09VC7,127,80.6
Q09VC9,126,80.8
Q09VD0,147,73.1
Q09VD1,145,83.7
Q09VD2,132,89.9
Q09VD3,134,79.6
Q09VD4,145,83.8
Q09VD5,133,86.0
Q09VD6,132,85.3
Q09VD7,132,91.6
Q09VD8,132,94.7
Q09VD9,132,92.2
Q09VE0,127,76.8
Q09VE1,150,71.8
Q09VE2,134,85.7
Q09VE3,132,86.1
Q09VE4,132,86.2
Q09VE6,134,86.9
Q09VE7,132,85.3
Q09VE8,133,92.8
Q09VF0,132,94.7
Q09VF2,132,95.7
Q09VF3,132,93.2
Q09VF4,132,90.0
Q09VF5,152,69.1
Q09VF6,133,94.5
Q09VF7,132,90.3
Q09VF8,132,94.2
Q09VF9,153,72.9
Q09VG0,134,88.9
Q09VG1,132,90.6
Q09VG2,147,76.8
Q09VG3,132,92.9
Q09VG4,132,89.7
Q09VG5,130,85.1
Q09VG6,146,76.9
Q09VG7,132,86.5
Q09VG8,184,59.1
Q09VG9,151,72.7
Q09VH0,134,93.5
Q09VH1,148,88.4
Q09VH2,145,68.6
Q09VH3,133,88.3
Q09VH4,133,93.8
Q09VH5,147,88.1
Q09VH6,133,86.6
Q09VH7,132,85.4
Q09VH8,139,80.2
Q09VI0,139,76.6
Q09VI1,133,92.0
Q09VI2,147,70.6
Q09VI3,132,88.3
Q09VI4,160,80.7
Q09VI5,146,74.8
Q09Y07,217,69.8
Q09Y13,216,67.1
Q09Y15,215,69.1
Q0C7G8,420,89.1
Q0C896,351,97.3
Q0CRX0,326,97.9
Q0CYP3,356,97.6
Q0FSM9,313,89.7
Q0GVG7,133,91.2
Q0GVG8,132,87.0
Q0GVG9,132,88.1
Q0GVH0,133,89.5
Q0GVH1,132,86.1
Q0GVH2,152,92.7
Q0GVH3,151,83.1
Q0GVH4,145,87.4
Q0GVH5,132,91.1
Q0GVH6,132,87.9
Q0GVH7,135,76.8
Q0GVH8,151,92.9
Q0GVH9,133,94.5
Q0GVI0,132,85.3
Q0GVI1,132,88.7
Q0GVI2,132,88.7
Q0GVI3,133,87.2
Q0GVI4,132,88.3
Q0GVI5,132,94.1
Q0GVI6,145,82.0
Q0GVI8,132,93.8
Q0GVJ1,132,88.7
Q0GVJ2,151,85.0
Q0GVJ3,153,92.7
Q0GVJ4,146,77.7
Q0GVJ6,151,76.8
Q0GVJ7,132,87.9
Q0GVJ8,135,86.3
Q0GVK0,132,93.6
Q0GVK1,132,93.3
Q0J9Z1,334,96.2
Q0J9Z2,114,92.9
Q0MVP0,434,97.9
Q0RT95,330,97.2
Q0TZT9,311,93.4
Q0U1I9,270,97.9
Q0U3G6,304,93.7
Q0U440,373,94.8
Q0U6S4,315,91.6
Q0U7P7,384,91.2
Q0U9F8,118,91.2
Q0UEG5,265,88.7
Q0UID1,224,94.2
Q0UJV2,126,95.0
Q0UNZ8,342,93.8
Q0UUJ6,371,97.1
Q0UVC7,360,97.3
Q0UVP1,169,36.1
Q0UXF5,359,94.8
Q0V4E5,344,91.9
Q19673,352,90.6
Q19BK5,104,80.1
Q19VH8,62,80.2
Q19VH9,354,88.1
Q19VI0,435,97.8
Q19VI1,433,95.8
Q1AUN4,277,98.3
Q1HBJ0,324,96.6
Q1HBJ1,324,96.9
Q1KYS7,329,96.2
Q1QJ90,250,97.0
Q1QPI1,330,85.3
Q1WI87,132,85.0
Q1WI88,132,86.6
Q1WI89,132,93.3
Q1WI90,132,86.3
Q1WI91,131,86.9
Q1WI92,145,89.5
Q1WI93,133,85.6
Q1WI94,132,86.5
Q1WI95,132,93.3
Q1WI96,132,87.1
Q1WI97,132,86.7
Q1WI98,132,85.9
Q1WI99,132,88.2
Q1WIA0,132,90.9
Q1WIA1,132,91.0
Q1WIA2,132,89.1
Q1WIA3,132,92.3
Q1WIA4,120,85.3
Q1WIA5,132,79.8
Q1WIA6,133,87.1
Q1WIA7,152,72.9
Q1WIA8,133,88.9
Q1WIA9,151,71.6
Q1WIB0,132,90.2
Q1WIB1,132,92.5
Q1WIB2,132,88.6
Q1WIB3,133,89.2
Q1WIB4,135,91.5
Q1WIB5,132,88.3
Q1WIB6,132,95.6
Q1WIB7,132,86.1
Q1WIB8,132,85.8
Q1WIB9,132,85.2
Q1WIC0,148,77.4
Q1WIC1,132,91.2
Q1WIC2,145,69.3
Q1WIC3,132,90.2
Q1WIC4,133,94.2
Q1WIC5,132,89.6
Q1WIC6,151,76.9
Q1WIC7,133,86.0
Q1WIC8,148,70.9
Q1WIC9,132,84.4
Q1WID0,148,72.3
Q1WID1,151,76.8
Q1WID2,132,88.8
Q1WID3,134,88.6
Q1WID4,132,89.6
Q1WID5,121,94.5
Q1WID6,151,93.9
Q1WID7,145,83.4
Q1WID8,147,86.3
Q1WID9,145,75.1
Q1WIE0,133,88.7
Q1WIE1,132,91.7
Q1WIE2,147,76.2
Q1WIE3,132,92.7
Q1WIE4,132,88.2
Q1WIE5,132,88.0
Q1WIE6,132,86.0
Q1WIE7,132,89.5
Q1WIE8,132,95.1
Q1WIE9,132,87.2
Q1WIF0,145,87.7
Q1WIF1,132,91.2
Q1WIF2,132,94.1
Q1WIF3,132,89.7
Q1WIF4,132,86.1
Q1WIF5,132,91.3
Q1WIF6,145,77.9
Q1WIF7,167,76.2
Q1WIF8,132,85.9
Q1WIF9,132,89.0
Q1WIG0,132,84.4
Q1WIG1,133,87.2
Q1WIG2,132,84.9
Q1WIG3,132,86.0
Q1WIG4,132,85.5
Q1WIG5,134,90.7
Q1WIG6,151,88.7
Q1WIG7,145,82.4
Q1WIG8,143,76.5
Q1WIG9,132,91.4
Q1WIH0,146,77.6
Q1WIH1,145,85.3
Q1WIH2,151,73.8
Q1WIH3,132,86.9
Q1WIH4,132,91.9
Q1WIH5,133,89.0
Q1WIH6,132,94.4
Q1WIH7,151,71.5
Q1WIH8,151,71.6
Q1WIH9,132,93.5
Q1WII0,132,91.4
Q1WII1,132,95.8
Q1WII2,147,92.2
Q1WII3,132,87.1
Q1WII4,132,85.5
Q1WII5,132,94.4
Q1WII6,132,85.4
Q1WII7,133,94.0
Q1WII8,132,91.3
Q1WII9,132,88.6
Q1WIJ0,132,92.7
Q1WIJ1,152,84.3
Q1WIJ2,132,85.5
Q1WIJ3,134,88.7
Q1WIJ4,132,90.1
Q1WIJ5,132,90.6
Q1WIJ6,132,92.3
Q1WIJ7,132,89.4
Q1WIJ8,132,89.5
Q1WIK0,132,90.3
Q1WIK2,132,87.4
Q1WIK4,132,89.7
Q1WIK5,132,86.9
Q1WIK6,132,88.8
Q1WIK7,126,84.2
Q1WIK8,133,79.6
Q1WIK9,133,91.7
Q1WIL0,150,79.1
Q1WIL1,132,88.2
Q1WIL2,133,88.3
Q1WIL3,133,87.3
Q1WIL4,147,86.8
Q1WIL5,133,84.7
Q1WIL6,132,94.5
Q1WIL7,151,77.0
Q1WIL8,132,88.9
Q21NZ9,340,90.1
Q27YA7,45,87.5
Q287T6,367,89.9
Q28HG0,439,96.9
Q28HM0,430,96.1
Q2GNG2,326,89.9
Q2GQ28,350,95.0
Q2GQI5,369,95.1
Q2GSG2,330,64.1
Q2GYT0,244,86.1
Q2GZJ4,354,98.3
Q2H2F5,456,76.9
Q2H5C8,338,94.3
Q2H5H1,379,89.1
Q2H7D7,232,88.7
Q2H7I7,381,92.8
Q2H8J8,270,98.2
Q2HCB5,312,96.9
Q2HEC0,371,91.6
Q2HF52,318,97.6
Q2IY37,260,98.1
Q2JGG6,337,96.7
Q2KH48,250,91.8
Q2KHE3,314,83.1
Q2KP19,35,83.7
Q2KP20,226,80.2
Q2SGT2,293,96.8
Q2T7K1,392,91.5
Q2TL94,337,96.0
Q2TWH3,289,97.0
Q2U5S1,265,98.0
Q2U7F6,332,97.9
Q2UCH2,172,91.2
Q2UFM6,285,75.6
Q2UHJ4,409,89.1
Q2UNF9,369,97.6
Q2UP46,563,83.1
Q2UZB5,286,97.2
Q2VPW6,368,97.6
Q2WG53,345,91.9
Q2WG54,345,80.3
Q2Y722,275,97.1
Q2YAJ8,347,97.2
Q2YBN6,293,97.7
Q33CJ6,360,82.7
Q39ND4,395,89.0
Q3JKD8,392,90.7
Q3KAK5,277,96.6
Q3KPL4,430,96.3
Q3SU11,250,97.3
Q3UFK6,438,97.1
Q3UFK9,453,95.4
Q3UFQ7,377,97.6
Q3UFR6,451,95.4
Q3UFS3,438,97.4
Q3ZHS2,132,92.2
Q3ZHS4,134,87.2
Q3ZHS5,134,93.7
Q3ZHS6,132,87.8
Q3ZHS7,133,87.2
Q3ZHS8,151,78.3
Q3ZHS9,132,85.7
Q3ZHT0,132,91.8
Q3ZHT1,132,86.6
Q3ZHT2,132,87.0
Q3ZHT3,132,91.7
Q3ZHT4,133,89.1
Q3ZHT5,132,88.8
Q3ZHT6,132,85.4
Q3ZHT7,132,87.5
Q3ZHT8,132,90.3
Q3ZHT9,132,90.5
Q3ZHU0,134,89.8
Q3ZHU1,132,85.8
Q3ZHU2,133,89.5
Q3ZHU3,132,95.6
Q3ZHU4,132,86.5
Q3ZHU5,151,76.1
Q3ZHU6,132,88.1
Q3ZHU7,132,94.5
Q3ZHU8,132,87.0
Q3ZHU9,150,70.9
Q3ZHV0,151,72.9
Q3ZHV1,152,72.9
Q3ZHV2,132,88.5
Q3ZHV3,132,77.2
Q3ZHV4,150,71.9
Q3ZHV5,133,82.6
Q3ZHV6,132,74.1
Q3ZHV7,152,75.9
Q3ZHV8,146,75.4
Q3ZHV9,152,74.6
Q3ZHW0,151,71.6
Q3ZHW1,151,88.7
Q3ZHW2,154,69.0
Q3ZHW3,133,85.4
Q3ZHW4,132,88.7
Q3ZHW5,132,85.8
Q3ZHW6,132,87.1
Q3ZHW7,132,90.1
Q3ZHW8,132,86.4
Q3ZHW9,132,93.2
Q3ZHX0,145,80.7
Q3ZHX1,132,86.5
Q3ZHX2,132,85.5
Q3ZHX3,132,90.7
Q3ZHX4,154,76.7
Q3ZHX5,133,91.8
Q3ZHX6,132,93.9
Q3ZHX7,149,75.0
Q3ZHX8,132,95.7
Q3ZHX9,132,91.7
Q3ZHY0,133,88.2
Q3ZHY1,151,75.7
Q3ZHY2,132,89.1
Q3ZHY3,146,77.4
Q3ZHY4,132,88.8
Q3ZHY5,132,87.8
Q3ZHY6,151,88.9
Q3ZHY7,132,89.1
Q3ZHY8,133,86.4
Q3ZHY9,151,77.3
Q3ZHZ0,132,87.4
Q3ZHZ1,133,87.4
Q3ZHZ2,132,88.5
Q3ZHZ3,132,86.6
Q3ZHZ4,132,93.8
Q3ZHZ5,132,84.2
Q3ZHZ6,132,89.2
Q3ZHZ7,132,94.7
Q3ZHZ8,132,86.4
Q3ZHZ9,151,73.2
Q3ZI00,134,86.4
Q3ZI01,132,93.9
Q3ZI02,132,91.5
Q3ZI03,135,94.6
Q3ZI04,132,87.0
Q3ZI05,132,92.7
Q3ZI06,132,93.3
Q3ZI07,132,93.1
Q3ZI08,132,90.0
Q3ZI09,132,93.1
Q3ZI10,132,87.3
Q3ZI11,135,75.5
Q3ZI12,132,90.3
Q3ZI13,132,90.1
Q3ZI14,132,86.7
Q3ZI15,132,93.7
Q3ZI16,132,80.3
Q3ZI17,151,72.3
Q3ZI18,132,87.6
Q3ZI19,133,89.1
Q3ZI20,132,94.7
Q3ZI21,146,70.2
Q3ZI22,132,94.4
Q3ZI23,132,90.4
Q3ZI24,132,86.5
Q3ZI25,132,90.0
Q3ZI26,132,93.1
Q3ZI27,132,87.4
Q3ZI28,132,87.4
Q3ZI29,132,91.5
Q3ZI30,132,86.8
Q3ZI31,132,95.0
Q3ZI32,132,94.4
Q3ZI33,134,94.4
Q3ZI34,133,87.3
Q3ZI35,133,95.7
Q3ZI36,132,93.3
Q3ZI37,134,92.4
Q3ZI38,133,90.0
Q3ZI39,150,73.8
Q3ZI40,132,94.6
Q3ZI41,132,86.7
Q3ZI42,151,71.3
Q3ZI43,132,88.1
Q3ZI44,133,93.3
Q3ZI45,133,93.8
Q3ZI46,132,93.4
Q3ZI47,146,77.6
Q3ZI48,146,77.6
Q3ZI49,132,93.7
Q3ZI50,132,95.3
Q3ZI51,132,92.0
Q3ZI52,132,87.2
Q3ZI53,133,87.3
Q3ZI54,132,88.0
Q3ZI55,132,88.0
Q3ZI56,132,88.1
Q3ZI57,133,88.7
Q3ZI58,132,92.3
Q3ZI59,132,94.7
Q3ZI60,132,90.2
Q3ZI61,150,75.7
Q3ZI62,132,93.3
Q3ZI63,132,88.2
Q3ZI64,132,86.8
Q3ZI65,132,88.0
Q3ZI66,152,73.1
Q3ZI67,132,89.8
Q3ZI68,132,81.8
Q3ZI69,132,87.8
Q3ZI70,132,85.7
Q3ZI71,132,91.1
Q3ZI72,147,78.1
Q3ZI73,133,94.7
Q3ZI74,132,91.8
Q3ZI75,132,92.7
Q3ZI76,132,92.1
Q3ZI77,132,89.8
Q3ZI78,132,89.2
Q3ZI79,132,91.9
Q3ZI80,145,85.4
Q3ZI81,132,92.5
Q3ZI82,146,73.8
Q3ZI83,151,76.1
Q3ZI84,146,68.3
Q3ZI85,133,95.1
Q3ZI86,132,94.9
Q3ZI87,132,93.7
Q3ZI88,132,91.3
Q3ZI89,133,91.3
Q3ZI90,133,90.3
Q3ZI91,132,86.1
Q3ZI92,120,94.4
Q3ZI93,132,89.1
Q3ZI94,151,88.3
Q3ZI95,152,73.0
Q3ZI96,151,71.8
Q40774,320,91.7
Q40775,298,86.7
Q41388,311,92.4
Q41427,333,95.8
Q41428,334,94.2
Q41486,326,95.9
Q45NF5,133,91.3
Q49QX8,450,94.8
Q4R1H1,431,95.3
Q4R1H2,353,97.4
Q4R1H3,433,98.0
Q4R1H5,104,90.3
Q4R1H6,207,82.9
Q4S0B7,433,95.1
Q4SAP5,435,97.5
Q4SFX1,435,95.1
Q4SWD1,129,50.2
Q4SYI3,301,73.9
Q4V7Z3,425,96.2
Q4WFT7,358,97.7
Q4WQR9,129,79.5
Q54QT0,386,82.3
Q54QT1,386,82.3
Q56N25,325,95.3
Q58XH0,37,83.7
Q58XH3,214,67.3
Q58XH4,213,65.3
Q58XH5,214,60.7
Q59IX4,209,83.9
Q59IX5,210,82.7
Q59IX6,210,83.7
Q59IX7,209,83.9
Q59IX8,231,79.5
Q59IY0,207,81.9
Q59IY1,210,83.7
Q59IY2,209,83.9
Q59IY3,210,83.7
Q59IY4,230,81.9
Q59IY5,224,81.6
Q59IY6,224,82.7
Q59IY7,224,82.4
Q59IY8,224,82.0
Q59IY9,210,82.6
Q59IZ0,210,82.3
Q59IZ1,210,83.2
Q59IZ2,211,83.0
Q59IZ3,209,82.5
Q59IZ4,224,82.2
Q59IZ5,224,82.6
Q59IZ6,224,82.1
Q59IZ7,224,81.8
Q59IZ8,209,83.9
Q59IZ9,210,83.3
Q59J00,210,83.6
Q5AQP2,306,98.3
Q5ATE5,400,89.8
Q5AUW8,307,90.7
Q5AXC0,605,77.5
Q5AZ38,319,84.1
Q5B2B9,357,97.6
Q5B9I1,323,67.1
Q5BDR2,309,96.7
Q5BGU9,336,95.0
Q5DB10,445,95.9
Q5DHS0,453,92.5
Q5ENY2,337,94.9
Q5G1J6,322,97.3
Q5G1L3,221,92.7
Q5G1L4,325,97.1
Q5LTK9,289,97.6
Q5MCI6,118,95.7
Q5N973,164,92.1
Q5S264,165,92.3
Q5TLV0,168,79.5
Q5TLV1,168,80.4
Q5TLV2,154,86.5
Q5TLV3,154,86.5
Q5TLV4,132,92.2
Q5VKL9,191,93.7
Q5VKM0,208,95.0
Q5VKM2,196,82.7
Q5VKM5,190,94.7
Q5VKM9,193,95.3
Q5VKN4,175,87.0
Q5VKN7,222,79.9
Q5VM57,302,93.1
Q63JI5,392,90.0
Q64ID7,449,95.2
Q65Z70,367,96.7
Q66NX3,331,96.5
Q66NX4,322,96.6
Q68NI4,322,94.3
Q6DGE4,355,97.2
Q6EH49,236,98.0
Q6GN92,432,96.0
Q6LES1,354,97.5
Q6PLQ7,136,81.7
Q6PLQ8,146,86.4
Q6PLQ9,246,70.5
Q6PLR0,91,43.7
Q6PLR1,323,92.6
Q6QA78,217,74.1
Q6R3L2,297,96.5
Q6SS53,236,98.2
Q6UIL3,296,94.3
Q6VF37,179,93.8
Q6VF38,193,94.0
Q6VF39,182,92.6
Q6VF40,191,94.3
Q6VF41,132,91.0
Q6VF42,179,66.1
Q6VF43,175,90.1
Q6VF44,132,91.6
Q6VF45,180,95.0
Q6VF46,174,93.4
Q6VF47,182,92.7
Q6VF48,145,77.1
Q6VF49,179,84.6
Q6VF50,132,89.0
Q6VF51,193,90.7
Q6VF52,174,90.7
Q6VF53,174,95.5
Q6VF54,119,90.8
Q6VF55,179,93.8
Q6VXG0,132,91.4
Q6VXG1,132,91.3
Q6VXG2,132,91.6
Q6VXG3,132,93.0
Q6VXG4,132,93.0
Q6VXG5,132,89.7
Q6VXG6,150,73.5
Q6VXG7,152,73.3
Q6VXG8,132,89.9
Q6VXG9,151,72.0
Q6VXH0,133,90.3
Q6VXH1,132,95.4
Q6VXH2,133,88.9
Q6VXH3,132,87.0
Q6VXH4,132,88.2
Q6VXH5,132,85.5
Q6VXH6,155,70.0
Q6VXH7,133,86.8
Q6VXH8,132,86.1
Q6VXH9,132,90.2
Q6VXI0,132,86.1
Q6VXI1,132,92.9
Q6VXI2,133,86.2
Q6VXI3,132,88.8
Q6VXI4,132,86.7
Q6VXI5,132,93.7
Q6VXI6,132,86.8
Q6VXI7,132,85.1
Q6VXI8,133,85.9
Q6VXI9,132,84.6
Q6WWJ8,445,95.8
Q6YHK5,331,96.7
Q6YHK7,331,96.2
Q6ZXV3,170,90.3
Q6ZYB5,145,94.6
Q70KX7,496,96.2
Q70LX4,145,92.2
Q74NN3,236,98.0
Q75W62,435,98.1
Q762J0,431,98.0
Q76DK7,135,85.1
Q76DK9,139,91.3
Q76DT9,350,92.9
Q76DU0,350,92.8
Q76MY2,207,92.4
Q79Z38,285,97.1
Q79ZK1,269,98.5
Q7F4S6,328,95.8
Q7NT03,281,95.9
Q7NXK8,273,95.9
Q7PCK9,439,91.7
Q7S0E7,269,98.2
Q7S218,400,89.5
Q7S4R1,296,95.5
Q7SFK3,383,90.9
Q7SZL1,95,88.3
Q7X9D0,109,72.8
Q7XPQ5,298,96.7
Q7XPQ6,114,93.0
Q7XPQ9,118,94.9
Q7Y249,334,97.2
Q7YT36,350,92.0
Q7YWB1,187,85.1
Q7ZT43,229,83.0
Q7ZYE8,434,96.3
Q825U2,173,74.3
Q82V60,269,96.6
Q83WS2,269,98.5
Q84YH9,329,95.6
Q84YI0,346,96.0
Q84YI1,333,97.4
Q863E7,43,88.7
Q868D0,468,93.5
Q868D1,434,95.1
Q870S6,336,91.9
Q876W6,304,96.2
Q876X8,304,97.8
Q8BSF9,376,75.4
Q8FPM1,292,97.3
Q8HXS0,207,78.3
Q8HYK5,222,81.3
Q8IS71,112,83.4
Q8J130,401,92.2
Q8J2V6,247,95.6
Q8KIL0,245,95.0
Q8LRN3,332,87.9
Q8MIU0,434,98.0
Q8QGN0,433,95.6
Q8QGN1,369,97.8
Q8QGS2,275,62.8
Q8T777,418,82.8
Q8UUJ5,433,98.2
Q8UWC4,351,98.1
Q8WN57,353,97.9
Q8XZA3,276,97.4
Q8Y2J8,273,97.4
Q91436,366,98.0
Q91XK0,431,98.1
Q92396,359,87.7
Q92LD3,302,92.1
Q93HK5,285,97.1
Q93HL2,269,98.5
Q93XM8,329,97.2
Q948S3,322,97.0
Q94KC2,320,97.0
Q95119,432,95.4
Q95J87,439,97.5
Q95JD8,438,97.7
Q95M39,210,90.2
Q95MD6,41,84.0
Q95MP9,207,81.4
Q95XC6,365,90.0
Q96TI3,361,96.4
Q98TS7,435,97.9
Q98U18,132,94.7
Q98U19,132,88.7
Q98U20,132,88.1
Q98U21,132,91.0
Q98U22,134,93.3
Q98U23,152,85.1
Q98U24,133,92.4
Q98U25,133,92.0
Q98U26,133,86.7
Q98U27,132,87.1
Q98U28,148,66.8
Q98U29,151,93.5
Q98U30,133,94.3
Q98U31,132,89.3
Q98U32,132,88.1
Q98U33,132,88.8
Q98U34,132,87.0
Q98U35,132,89.0
Q98U36,132,88.4
Q98U37,132,87.0
Q98U38,132,94.7
Q98U39,132,88.4
Q98U40,123,84.4
Q98U41,132,90.8
Q98U42,133,88.4
Q98U43,132,92.7
Q98U44,130,92.7
Q98U45,132,92.3
Q98U46,132,87.8
Q98U47,132,94.8
Q98U48,132,87.4
Q9AU62,180,96.3
Q9AU63,330,95.8
Q9BDE0,449,95.4
Q9F1K7,269,98.2
Q9FQ81,319,97.4
Q9FRX6,333,96.6
Q9FYX9,168,86.0
Q9GKM6,368,97.4
Q9GKM8,368,97.2
Q9GKN0,368,97.2
Q9GLR8,368,97.4
Q9GLS0,368,97.4
Q9GLS2,368,97.4
Q9GLS4,361,97.4
Q9GLS6,368,97.4
Q9GLS8,368,97.5
Q9GLT0,368,97.4
Q9GLT2,368,97.4
Q9GLT4,368,97.4
Q9GLT6,368,97.4
Q9GLT8,368,97.4
Q9GLU0,368,97.2
Q9GLU2,368,97.5
Q9GLU4,368,97.4
Q9GLU8,368,97.5
Q9GLV0,368,97.4
Q9GLV2,368,97.3
Q9GLV4,368,97.4
Q9IBH8,442,97.0
Q9KYH2,285,97.3
Q9MB14,337,93.7
Q9MYI7,431,98.1
Q9MZ48,207,82.4
Q9MZA6,207,84.5
Q9PSV0,431,97.5
Q9PTB2,450,91.1
Q9PTV3,198,82.7
Q9PTV4,198,80.9
Q9PVM7,327,92.5
Q9PVM8,327,94.7
Q9PVM9,325,94.5
Q9PVN0,325,93.8
Q9ST28,143,92.6
Q9XSG9,353,97.7
Q9XUS8,357,89.7
Q9ZN72,301,92.1
Q9ZP19,326,95.3
Q9ZQU8,191,92.0
Q9ZQU9,173,95.2
Q9ZQV0,190,90.6
Q9ZQV1,173,95.8
Q9ZQV2,174,94.0
R0D4R7,338,97.7
R0IDE3,340,95.0
R0IPL7,338,98.2
R0ISP9,347,93.3
R0J3T8,247,76.3
R0J445,265,94.2
R0JQK0,347,97.5
R0JX03,363,98.3
R0KBT6,360,96.2
R0KFE9,315,98.2
R0KL62,343,95.4
R0KLC6,349,95.8
R0KM99,358,98.0
R0KRE9,347,93.5
R0KX33,234,97.9
R0LGS5,415,81.8
R0LWL7,434,95.0
R0M3P9,233,98.1
R1CU85,473,76.4
R1CV39,639,74.0
R1D043,433,79.3
R1D9S6,127,87.4
R1DG64,314,87.5
R1DV14,297,91.2
R1DY80,529,51.9
R1E1C7,323,91.6
R1E2E0,302,87.5
R1EHE7,235,70.0
R1EQM2,296,97.8
R1ERX8,361,98.0
R1EWT9,230,70.3
R1EXG5,268,93.5
R1FZK3,316,95.5
R1GBN1,330,90.5
R1GBS3,232,84.5
R1GCB4,119,77.3
R1GGH2,331,96.6
R1GNX8,372,97.1
R1GTU2,309,95.5
R1GVS4,225,75.8
R1GX64,204,73.1
R4JDV1,329,95.9
R4JGK9,292,89.1
R4JJP5,133,87.6
R4JN05,132,93.9
R4JRR4,132,87.9
R4JU39,132,94.4
R4Z4Y5,315,97.7
R7QH23,256,89.4
R7THS2,368,91.9
R7UB97,381,92.4
R7VC10,371,91.7
R7YGC4,362,96.2
R7YJT1,417,86.6
R7YPG2,371,92.6
R8BCN1,343,91.7
R8BG35,358,98.3
R8BHX9,320,97.6
R8BLV2,377,95.3
R8BP83,228,73.7
R8BPJ4,322,98.0
R8BQN2,263,75.2
R8BXV7,267,92.3
R8BXZ3,316,98.3
R8Y290,312,97.2
R9AEL9,330,89.4
R9AFG7,311,90.1
R9AFJ4,311,94.9
R9GPF3,291,98.3
R9PG88,297,93.6
R9PI15,302,97.3
R9PXQ3,433,98.1
R9RGF6,131,94.4
R9RHI4,172,96.3
S0DPA1,354,97.2
S0DQZ0,293,92.9
S0DWQ5,432,80.5
S0E8H5,362,92.7
S0EA40,277,90.7
S0EDX6,356,97.8
S0EEI5,372,96.6
S0EEY2,278,97.1
S0EGM3,145,47.9
S0EGX6,322,98.0
S0EJD0,261,87.5
S0EK23,304,97.4
S0EKK4,319,96.9
S0EMH8,480,94.3
S3BZ48,396,90.5
S3C8M1,371,97.5
S3CMF3,337,96.1
S3CQU7,371,94.6
S3D1Q3,281,97.1
S3D3I7,367,96.2
S3D5D0,311,98.3
S3D5Y0,354,96.2
S3D638,337,93.2
S3D6U4,377,98.0
S3D743,357,96.8
S3D8W9,292,96.1
S3D9K4,368,96.9
S3DEW7,360,97.3
S3DFC4,365,95.5
S3DJB8,389,93.1
S3DLT6,346,97.6
S3E0P4,350,98.0
S3E4E9,342,97.6
S3ZAM0,269,97.6
S3ZGJ1,285,96.7
S4MKR0,220,98.0
S4N0V7,270,98.4
S4N2R1,267,95.7
S4R8Z7,131,70.8
S4R8Z8,207,88.3
S4XVF0,266,93.6
S4Y1J2,266,92.6
S5QBT9,340,93.1
S5U8V9,310,94.3
S5UXE3,269,98.6
S5V3F0,285,96.7
S7NH62,433,97.8
S7NJT8,433,96.6
S7PBE6,381,91.4
S7QB03,309,94.9
S7RR67,310,92.2
S7XPV6,157,85.5
S7XR03,80,89.9
S7ZFU9,370,95.6
S7ZHB0,267,93.4
S7ZZK0,364,92.9
S7ZZM5,400,89.7
S8A5L9,405,93.4
S8A895,391,89.1
S8AAI6,293,83.5
S8AC60,285,73.4
S8AEK3,399,86.0
S8AEV1,352,96.7
S8AFU7,326,97.6
S8AGJ7,348,93.9
S8AP44,365,97.7
S8AP51,356,96.2
S8APL2,353,96.8
S8AQJ6,374,96.0
S8ARG7,348,96.4
S8ARG8,300,95.5
S8ARX9,312,86.9
S8AXM2,367,96.0
S8BJJ0,336,95.6
S8BPF4,227,68.9
S8BPP4,491,57.3
S8BRY2,361,97.4
S8BTP5,327,93.9
S8BUF7,312,97.6
S8BUN8,377,95.0
S8BXK9,331,91.5
S8BXW0,332,92.0
S8BZR0,365,96.8
S8C046,363,96.8
S8C518,378,95.5
S8CE74,330,95.6
S8DUL4,370,96.7
S8EQQ2,355,93.0
S8FTY5,388,92.4
S9NZH2,306,97.8
T0JT42,265,97.0
T0JUI2,357,96.8
T0JVN9,277,89.6
T0JYF1,363,97.4
T0JYN4,255,98.0
T0JZ71,280,97.9
T0K2E8,383,97.2
T0K2Z3,376,96.5
T0K4C0,314,96.6
T0K7H3,317,96.2
T0K8W7,315,97.7
T0KJ59,277,95.6
T0KJY4,357,97.3
T0KK41,326,90.1
T0KKD1,553,81.4
T0KME4,212,74.0
T0KPY1,354,96.2
T0KRD6,307,96.9
T0KXE4,345,92.5
T0KXU6,332,93.2
T0L3F7,373,98.0
T0L588,324,98.1
T0L638,373,96.9
T0L9H3,366,97.2
T0L9N2,298,97.2
T0LHS0,367,75.2
T0LNC9,299,96.6
T0LT65,501,79.7
T0LV79,361,93.5
T0LZJ0,124,89.1
T0M5N6,271,84.5
T0MBK9,336,77.1
T0MGC7,240,94.5
T0PKY7,322,97.5
T0PNV2,294,93.8
T0PRD1,321,96.6
T0PU14,295,89.5
T0PYC1,325,95.9
T0Q7G0,324,96.2
T0QAK3,324,96.0
T0QF04,310,97.1
T0QV32,323,96.8
T0QVH9,140,49.6
T0QXV8,289,86.1
T0R5J2,319,95.5
T0RZX0,315,96.6
T0S5P9,357,94.3
T0S9R0,322,97.5
T1F079,249,92.1
T1KFL4,345,79.1
T1L2J4,273,97.4
T1L569,262,97.4
T1R1V7,132,78.5
T1R1W4,145,76.9
T1R1X0,151,75.6
T1R204,147,78.6
T1R209,146,78.7
T1R218,145,75.5
T1R221,132,77.0
T1R228,145,75.5
T1R232,133,81.0
T1R239,132,77.0
T1R249,152,78.1
T1R262,147,79.0
T1R269,146,77.3
T1R2K8,132,77.0
T1R2K9,132,77.0
T1R2L2,151,73.8
T1R2L4,151,77.9
T1R2L5,132,77.0
T1R2L7,132,77.0
T1R2L9,149,76.0
T1R2M0,145,75.5
T1R2M2,146,77.3
T1R2M3,156,69.7
T1R2M4,132,77.0
T1R2M5,146,76.0
T1R2M6,152,77.6
T1R2M7,145,72.7
T1R2M8,147,75.8
T1R2N0,143,77.1
T1R2N1,149,78.5
T1R2N2,145,75.8
T1R2N5,155,75.7
T1W2P0,151,90.5
T1W2P9,151,90.5
T1W2Q3,151,88.3
T1W2Q9,151,88.6
T1W2S2,132,89.1
T1W2T3,152,92.2
T1W2T9,152,90.2
T1W341,154,91.1
T1W347,152,88.2
T1W363,151,88.3
T1W367,132,89.4
T1W372,151,88.7
T1W378,152,90.2
T1W393,153,91.9
T1W3A9,154,88.4
T1W3C2,132,87.0
T1W3D6,152,88.4
T1W3E5,145,86.4
T1W3F0,151,92.3
T1W3F5,161,89.2
T1W3L4,322,97.2
T1W3Q9,132,87.6
T1W3R5,151,90.5
T1W3T5,152,90.0
T1W3T9,133,88.2
T1W3U4,152,86.8
T1W3V4,152,89.7
T1W3W3,151,89.4
T1W4H5,152,90.7
T1W4I1,151,90.5
T1W4I6,151,90.2
T1W4J6,151,89.5
T1W4K1,161,87.6
T1W4M0,152,92.0
T1W4M4,148,92.2
T1W4M8,145,86.4
T2EVK6,180,91.3
T2EVM1,179,94.5
T2EVN2,179,92.4
T2EVW4,179,90.4
T2EWL2,179,90.4
T2EWM1,179,92.4
T2EWN3,179,91.4
T2EWQ3,179,94.6
T5A618,356,96.3
T5A6R2,299,86.0
T5ABD2,270,85.8
T5AEJ8,365,92.9
T5AFN0,375,94.3
T5AK82,246,90.1
T5AMH3,290,93.7
T5ANU5,361,88.4
U1G4R5,353,96.7
U1GWY4,426,86.5
U1HKV1,304,91.0
U1HZ89,347,96.8
U1I0C6,218,96.7
U1TTP3,312,97.0
U3AIJ7,295,94.9
U3BPS2,336,97.1
U3IYZ3,386,86.3
U3J195,429,97.3
U3J2E9,430,95.8
U3JPL0,431,95.5
U3JV65,438,97.5
U3JZL4,366,98.0
U3M8N0,433,98.1
U3M9D5,351,97.4
U3M9J2,351,98.0
U3PZQ5,351,96.9
U3Q0A4,433,96.2
U3Q7F3,197,92.7
U3UB68,324,93.9
U3UB71,342,94.5
U3UB75,354,92.7
U3UB86,338,94.9
U4K751,292,93.1
U4KVA3,309,96.8
U4KW98,271,97.5
U4L2I7,380,97.0
U4L6R9,316,97.5
U4L8S4,316,97.9
U4LB04,328,93.3
U4LBJ4,281,87.0
U4LH50,384,96.0
U4LKD9,324,96.1
U4LM96,277,98.5
U4LMI8,380,92.3
U4LUF5,324,95.5
U5U0P0,393,85.8
U5Y3T5,359,94.0
U5Y417,288,94.9
U5Y4R7,286,94.8
U5Y6Q1,322,86.7
U5Y6V7,382,92.5
U6C8D7,354,91.4
U6DGF9,331,92.6
U7PL38,275,97.8
U7PQI0,399,94.2
U7PQY9,332,80.1
U7PSB9,351,98.4
U7PU60,348,96.9
U7PUG4,350,95.9
U7QK06,347,96.7
V2UWG1,306,95.2
V2X5U0,309,94.8
V2X8M9,309,97.9
V2XA83,304,89.9
V2XB88,337,94.8
V2XLW4,277,93.9
V2XRY6,351,92.9
V2YF49,316,94.0
V2YHW2,312,94.1
V3ZAB2,341,84.2
V4A5X3,384,89.5
V4AN59,311,94.7
V4UJN9,321,95.6
V5EZJ3,202,86.5
V5F1K6,286,98.2
V5FME0,283,95.9
V5IPR9,365,97.7
V5NRA3,77,92.5
V5NRT1,87,89.9
V5RN20,151,72.3
V5RN31,151,74.2
V5RNC3,145,74.4
V5RNC7,151,72.2
V5RNN7,151,73.4
V5RNP1,147,70.7
V5RNP5,151,72.2
V5RNQ0,151,71.5
V5RNQ5,151,73.2
V5RPL2,152,73.9
V5RPM0,151,72.0
V5RQE1,146,71.8
V5RQE5,151,69.5
V5RQF3,147,73.8
V5W6M5,151,73.2
V5W6N0,147,70.2
V5W6V0,132,76.3
V5W716,151,65.1
V6JSM7,270,98.3
V6JZ27,285,97.6
V7B2A0,329,93.3
V7BQF7,320,97.1
V7CMC6,331,95.2
V7D4V9,312,97.1
V8N7A4,175,61.2
V8NB85,130,72.5
V8NN86,450,93.6
V8PIJ2,296,71.7
V9CZ59,360,96.6
V9CZH8,323,97.7
V9DEV2,346,97.0
V9DGU7,352,96.4
V9DYL0,374,94.7
V9E917,335,94.7
V9EB77,273,93.0
V9ES37,247,94.4
V9ES59,464,92.4
V9ES63,338,96.6
V9EUD3,489,80.3
V9EVI6,335,96.0
V9FDQ9,391,92.4
V9FSW0,373,94.8
V9FXW3,327,97.9
V9P117,199,95.5
V9P119,202,93.5
V9P124,203,95.6
V9P139,202,96.2
V9P154,202,93.0
V9P161,195,92.4
V9P174,202,95.8
V9P179,202,95.8
V9P183,202,96.0
V9P1S1,182,94.6
V9P1S4,203,90.3
V9P1T1,203,95.2
V9P1T7,203,95.2
V9P1U1,194,90.7
V9P1V1,202,96.3
V9P1V5,202,96.2
V9P1Y4,202,93.0
V9P206,202,96.2
V9P2B3,196,94.8
V9P2E2,203,95.8
V9P2E9,203,94.7
V9P2F2,202,92.7
V9P2G8,193,96.0
V9P2H1,202,94.8
V9P2H2,203,95.5
V9P2K0,202,96.2
V9P2K5,193,91.4
V9P2L5,193,95.7
V9P2M1,193,93.8
V9P2M5,203,94.7
V9P2Z6,193,95.2
V9P303,203,95.6
V9P320,202,94.4
V9P323,202,95.8
V9P325,193,90.5
V9P329,195,93.8
V9P331,202,96.2
V9P333,193,96.1
V9P344,203,95.6
V9V1D4,312,90.3
V9VKN5,323,96.8
W0C8I7,429,95.7
W0C8N5,436,97.0
W0ICD0,151,72.7
W0V0D2,303,96.6
W2FLR6,327,97.6
W2GGF7,464,92.6
W2GGG1,338,96.6
W2GIJ4,320,97.0
W2GIT6,483,79.1
W2H2U7,390,92.6
W2HHV6,373,94.8
W2HJL6,339,97.3
W2HVG2,373,94.4
W2I6U4,335,94.7
W2I6Y9,273,93.0
W2IN56,335,96.0
W2IN87,482,79.1
W2JQX0,326,97.3
W2JZS2,374,94.7
W2KB90,335,94.6
W2KU99,495,80.5
W2LF44,391,92.4
W2LV84,372,93.9
W2LWI5,360,94.9
W2MH14,281,93.0
W2N022,489,80.3
W2N2M9,320,97.0
W2P1H2,372,94.5
W2P582,327,97.4
W2PMT3,275,93.4
W2PPJ1,335,94.7
W2PX61,425,83.7
W2PXC1,482,79.1
W2PY30,335,96.1
W2PZ52,464,92.6
W2PZ72,320,96.9
W2QNA1,373,94.8
W2QR59,372,94.7
W2QUM0,373,94.4
W2REJ1,391,92.4
W2RIM6,331,97.2
W2RM76,354,96.7
W2RPP6,387,95.2
W2SF58,327,97.8
W2SFY7,116,71.6
W2SHB1,333,96.7
W2SQV6,232,48.2
W2SUY7,79,59.7
W2SVN6,176,75.5
W2SZ25,331,87.2
W2T672,157,86.6
W2TED7,268,64.5
W2TFB2,184,61.6
W2TLA4,270,90.2
W2TU97,89,69.4
W2TVM1,190,89.7
W2TW11,339,82.4
W2URW0,227,94.5
W2VSG5,374,94.9
W2W5P6,335,94.7
W2W6T1,273,93.0
W2WMR4,335,96.0
W2WMX2,483,79.1
W2WNV8,464,92.6
W2WNW2,338,96.6
W2WQJ5,320,97.0
W2X949,390,92.6
W2XNG3,372,95.6
W2XSE9,359,95.5
W2Y568,374,94.7
W2YEN6,335,94.6
W2YF51,281,93.0
W2YZ13,406,92.5
W2YZ17,425,83.7
W2YZ31,335,96.0
W2Z167,497,80.0
W2Z179,320,96.9
W2ZM87,391,92.4
W2ZXC0,373,94.8
W3A2G1,372,94.4
W3VJT5,327,89.4
W3VR61,285,97.7
W3VU69,301,96.4
W3WHQ6,356,96.9
W3WHW9,406,95.6
W3WIK4,301,92.2
W3WJ04,295,81.3
W3WJF9,314,96.6
W3WJV2,346,97.7
W3WKD9,355,93.9
W3WLE6,473,83.7
W3WNI1,294,95.1
W3WR60,217,90.4
W3WRL5,291,97.0
W3WRM3,299,96.4
W3WRX0,305,97.2
W3WT18,276,98.2
W3WUX2,301,97.3
W3WV79,372,93.3
W3WVA7,322,97.5
W3WWC9,319,97.6
W3WXR4,367,89.7
W3X0R7,216,95.5
W3X485,298,97.0
W3X4F2,301,97.9
W3X6M7,319,98.5
W3X6V1,356,96.7
W3X705,317,91.9
W3X9W2,303,96.8
W3XCJ7,370,97.8
W3XD13,323,98.2
W3XE83,304,91.3
W3XEG4,190,83.7
W3XEQ4,336,91.7
W3XG90,324,96.0
W3XGA5,346,91.1
W3XGL4,282,86.6
W3XGP6,298,96.7
W3XI34,299,97.8
W3XI87,342,98.4
W3XI99,310,97.8
W3XJJ2,351,94.8
W3XKA5,304,98.3
W3XKJ8,434,88.7
W3XL66,299,97.3
W3XN18,365,97.3
W3XNJ1,296,97.4
W3XNJ3,389,94.6
W3XP12,304,98.2
W3XPA1,349,96.9
W3XPS0,301,98.3
W3XQD5,298,91.7
W4FJK0,346,89.0
W4FKN0,69,96.7
W4FLQ6,442,91.3
W4FWJ0,321,97.7
W4FYI0,264,89.5
W4G5L6,195,86.7
W4G9A5,337,96.9
W4GBE5,333,96.9
W4GC36,330,95.1
W4GNY0,351,94.9
W4H0X6,379,94.8
W4H175,455,94.2
W4H234,361,92.9
W4H5H4,457,93.7
W4H5S0,376,89.8
W4HDG1,317,93.1
W4JMG0,344,88.3
W4JV62,335,98.1
W4K9G6,313,94.3
W4LRD4,353,85.3
W4M1T4,329,93.7
W5K2X3,430,96.6
W5KN36,364,97.5
W5LQG8,336,97.1
W5LQM7,438,96.1
W5MBU1,430,95.2
W5MJX9,434,97.6
W5MJZ6,432,97.8
W5N6T3,353,97.7
W5N6U1,434,97.5
W5U9Z6,434,97.1
W5UJ12,430,95.3
W5VG55,438,97.7
W5VGJ7,438,97.5
W5VXS2,325,97.5
W6JHJ9,114,64.8
W6N995,361,91.7
W6NCB7,337,87.4
W6NGQ1,310,97.8
W6NUQ7,184,97.6
W6PUG4,370,97.1
W6Q1V5,319,92.7
W6Q643,322,95.7
W6QSG0,304,73.2
W6XMF7,213,90.7
W6XT64,401,93.2
W6XVD7,259,80.9
W6XX21,388,95.9
W6XZQ4,343,92.5
W6Y2N7,346,91.7
W6Y702,350,96.9
W6YBA5,305,95.3
W6YBJ6,291,98.2
W6YLD1,345,96.8
W6YLR7,367,97.1
W6YQP8,393,93.3
W6YRU7,385,96.3
W6YW27,245,92.8
W6YWL1,266,87.3
W6YWU5,345,96.8
W6Z236,385,96.8
W6Z3W0,370,96.0
W6ZAD4,350,96.8
W6ZD78,373,92.1
W6ZDT4,291,98.2
W6ZFF3,338,97.7
W6ZGP9,319,95.5
W6ZHH7,358,93.1
W6ZK40,359,96.3
W7E6C1,350,96.5
W7E9G0,322,91.3
W7EAK6,343,92.2
W7EC18,429,89.1
W7EEN6,279,98.1
W7EGG8,291,98.2
W7ERT4,371,98.1
W7EU75,305,95.2
W7EVG9,289,96.0
W7EWI4,385,96.6
W7F0B3,344,90.9
W7F0M8,345,96.1
W7F1D8,255,87.4
W7F796,370,96.7
W7FBD9,367,97.2
W7HRQ1,165,80.9
W7HSW3,418,91.2
W7HTX7,362,97.5
W7HVJ8,571,78.9
W7HXW7,357,96.4
W7I510,314,96.8
W7I5U6,357,94.6
W7I6B5,312,98.3
W7I6I3,421,85.0
W7LIR1,356,97.8
W7M1Q0,196,88.8
W7M3P7,354,97.4
W7M987,279,95.4
W7MFI0,372,93.5
W7MGI9,397,90.0
W7MI76,374,96.5
W7MIU0,409,83.3
W7MIY9,324,98.0
W7MLF2,252,94.9
W7MRZ5,212,90.0
W7MUF6,319,98.0
W7MX41,278,97.0
W7MZL4,276,98.1
W7N1T7,294,92.8
W7N554,477,91.4
W7N7V8,304,96.9
W7TM70,281,85.4
W9BZD3,356,97.8
W9C6R2,343,97.0
W9C785,313,75.5
W9CSJ2,331,83.4
W9HIH8,139,67.9
W9HJD6,319,97.0
W9HKZ6,299,94.6
W9HN79,263,67.5
W9HPI2,181,81.1
W9HTB0,304,97.5
W9HUN0,63,61.8
W9HWL9,278,96.8
W9HXK8,372,92.8
W9HYE1,360,97.3
W9HZT6,453,89.3
W9I5K7,356,97.8
W9ISQ6,354,97.5
W9IZV1,178,93.4
W9J626,324,97.4
W9J6Z4,376,96.1
W9JDD1,278,96.6
W9JDR4,367,97.5
W9JFU4,339,98.3
W9JHD7,304,98.2
W9JKK9,206,92.0
W9JRK0,319,97.3
W9JT86,242,78.3
W9JU63,360,97.3
W9JX29,299,95.0
W9JY87,372,92.3
W9KDI6,354,97.5
W9KFD5,451,89.1
W9KFT0,590,69.5
W9KHI9,356,97.8
W9KU92,324,97.9
W9KV83,376,96.1
W9KWA2,248,79.1
W9L1M2,367,97.7
W9L225,161,85.9
W9NEJ3,94,56.6
W9NHF0,341,98.0
W9NIJ9,241,92.2
W9NKV8,439,89.5
W9NLW4,272,95.5
W9NP73,242,78.3
W9NP81,299,95.3
W9NQH6,304,97.5
W9NQM3,360,97.5
W9NQQ7,184,91.4
W9NUV7,324,98.1
W9NVV5,397,87.2
W9NVZ5,319,96.7
W9NY96,367,97.6
W9P8N6,402,89.1
W9PB89,278,95.2
W9PF67,373,96.9
W9PMP4,461,85.3
W9PP37,356,97.8
W9PYD6,354,97.6
W9RAD8,300,95.8
W9RD31,332,97.3
W9RD36,67,90.1
W9RDC2,330,96.6
W9RIG4,49,45.0
W9RKP2,300,95.1
W9RL63,336,95.5
W9RL68,327,84.2
W9RNM7,326,95.4
W9RNN0,191,96.6
W9S216,301,95.8
W9S222,338,97.0
W9S4Q7,220,94.2
W9S4Y8,221,56.1
W9SCQ4,347,87.1
W9STI3,306,88.8
W9VMR6,323,98.0
W9VNH1,353,96.3
W9VXV1,346,95.4
W9W212,323,97.7
W9W231,360,96.4
W9WFR8,298,70.1
W9WQA9,323,97.3
W9WRS1,326,96.8
W9WRW1,360,97.6
W9X9Z6,353,96.9
W9XMU2,351,97.3
W9XSH8,323,97.4
W9Y1T9,359,96.4
W9Y3F5,323,97.8
W9Y4U6,359,98.0
W9YGL3,352,96.7
W9YKS7,327,97.4
W9YQ03,323,97.3
W9YYG2,298,96.4
W9YZK1,316,89.8
W9ZA69,319,97.6
W9ZGG9,304,98.1
W9ZGM9,110,54.4
W9ZMP6,143,77.3
W9ZTK4,278,97.0
W9ZTZ5,242,77.6
W9ZYE7,356,97.9
X0A9J0,204,91.1
X0AHJ6,272,95.1
X0AR38,354,97.3
X0ASR4,324,97.6
X0AT01,376,96.1
X0AZJ2,367,97.5
X0B1M4,352,97.3
X0BCA2,360,97.5
X0BCB9,360,97.5
X0BDY2,334,91.3
X0BEG3,125,96.5
X0BGB2,283,94.4
X0BL08,180,93.4
X0BML3,173,95.8
X0BMX4,152,83.7
X0BMY2,215,93.7
X0BQV5,242,77.6
X0BV41,319,96.7
X0C1C7,299,95.5
X0C2E3,450,85.2
X0C2Q9,278,96.8
X0CJF1,373,96.9
X0CLH6,402,89.1
X0CST3,354,97.3
X0CU89,356,97.8
X0H0C8,397,86.7
X0H3Q8,339,98.1
X0H685,178,91.2
X0H726,367,97.6
X0H780,319,98.1
X0H7L7,324,97.4
X0HAA4,373,96.9
X0HHG1,356,97.8
X0HP82,299,94.6
X0HS28,304,97.5
X0HXW6,278,96.9
X0I418,227,87.8
X0IFH8,450,85.2
X0IJ43,354,97.6
X0IVC1,319,96.9
X0IWM8,449,85.8
X0IZ69,263,72.0
X0J270,436,87.3
X0J4V9,434,89.4
X0JDQ0,227,89.7
X0JEB6,372,92.3
X0JGY5,272,90.1
X0JM25,372,96.7
X0K0F1,117,85.7
X0K306,304,98.1
X0K389,324,97.9
X0K508,356,97.8
X0K846,367,97.5
X0K8E5,372,92.0
X0KHV0,259,91.4
X0KKX5,231,89.2
X0KLF2,376,87.1
X0KV92,312,84.0
X0KZ74,227,91.5
X0L0H0,242,76.5
X0L1X5,354,97.4
X0L4S1,367,97.4
X0L534,356,97.9
X0LDN5,449,84.1
X0LE01,299,95.6
X0LKA4,304,97.3
X0LKR4,319,98.0
X0LZ12,324,98.2
X0LZC5,372,91.8
X0M106,354,97.6
X0M5K2,373,96.9
X0MJE3,232,91.4
X0MMS0,278,95.7
X0N0B4,360,97.4
X0Q963,304,96.4
X1MKY3,183,90.3
X2JF42,132,90.9
X2JF46,132,88.6
X2JF56,138,80.3
X2JF63,132,93.4
X2JF69,133,90.7
X2JF72,133,90.8
X2JHF6,132,86.3
X2JHG7,132,92.5
X2JHH3,132,88.2
X2JHH9,132,90.4
X2JHI5,132,88.9
X2JHJ0,132,91.6
X2JHJ6,132,89.9
X2JIW6,132,87.0
X2JIX2,132,88.4
X2JIY0,132,85.8
X2JIZ0,132,93.9
X2JIZ3,133,88.3
X2JIZ8,132,94.2
X2JJD0,132,89.6
X2JJD3,133,87.6
X2JJD7,132,93.0
X2JJE3,132,90.2
X2JJE8,132,88.4
X2JQ69,124,77.7
X2JQ82,127,86.5
X2JQ89,132,91.5
X2JQ97,132,76.3
X2JQA4,132,94.3
X2JQA9,132,91.3
X2JQB6,133,87.2
X2JQC2,120,89.0
X2KZ08,205,83.1
X5F467,186,79.4
X5F510,188,70.6
X5FKA1,188,92.0
X6MX64,374,55.6
X6NDA9,273,70.9
X6NFU4,388,63.7
X8IVE1,323,97.6
X8J0I9,310,44.0
X8J0J4,429,84.9
X8J2P3,317,97.3
X8J344,281,97.0
X8J3V1,315,98.2
X8J3V9,315,97.6
X8J8J4,99,96.9
X8J9A3,432,87.4
X8J9M9,276,98.1
X8J9Q9,362,81.9
X8JAE3,97,70.5
X8JBW1,292,93.1
X8JFG5,329,94.1
X8JFZ0,262,92.9
X8JG02,305,93.1
X8JHD7,329,96.7
X8JIQ2,302,98.0
X8JJS5,281,98.0
X8JR74,339,95.8
X8JTX8,289,97.4
X8JVF9,271,92.8
X8JW24,185,82.7
