A0AAV9NER1_taxID_1690606_model_A	ref_2Y9W_Abisporus	1	276	508	68	351	5.063E-01	7.250E-01	9.176E-01	6.871E-01	292	58M6D8M1D10M1D16M1I1M2I5M1I16M1I40M1I23M8D69M1I1M1I21M
A0AAV9NER1_taxID_1690606_model_A	ref_1JS8_squid	1	277	508	59	262	3.584E-01	6.773E-01	8.631E-01	5.663E-01	289	26M18I2M1I12M1D10M11I1M1I9M2I1M2I1M10I7M11I2M1I4M3I11M1I10M11I17M2D33M4D2M1D6M12I3M1I8M3D1M1D26M
A0AAV9NER1_taxID_1690606_model_A	ref_8BBR_Vspinosum	1	477	508	52	324	3.962E-01	6.035E-01	7.087E-01	5.217E-01	528	27M17I23M15I6M3D4M2D4M1D1M30D1M1D16M7I9M1I8M1D7M1I10M1I4M6D3I7M1D10M2I5M1I28M4D5M1D3M12I15M1D23M14I1M2I3M3I1M176I1M
A0AAV9NER1_taxID_1690606_model_A	ref_PmTYR	1	278	508	56	287	3.647E-01	6.228E-01	7.605E-01	5.073E-01	305	27M17I1M2I12M4D2M1D9M13D11I6M1D4M5I5M4I9M11I10M1I11M1I6M1I5M1I6M1D5M6D10M2I40M1D3M9I13M8I21M
A0AAV9NER1_taxID_1690606_model_A	ref_I3D139_archaea	1	271	508	56	305	3.757E-01	6.061E-01	7.303E-01	4.937E-01	312	27M17I1M2I10M1D2M2D2M1D2M3D4M4D4M5D7I6M1D2I5M2I1M1I19M8I1M2I4M1D18M1I9M10I16M1I5M1I29M1D9M8I16M22D19M
A0AAV9NER1_taxID_1690606_model_A	ref_A0A9N8ELP9_oomycota	1	478	508	86	412	4.152E-01	5.039E-01	6.234E-01	4.719E-01	566	27M17I1M1I13M1D4M1D5M11D12I14M23D11M1I8M11I10M1I22M6I19M7D35M1D1M2D1M4D4M1D7M7D3I5M1D8M3D5M10D1M1D2M13D6M2D21M3I2M1I5M1I1M182I1M
A0AAV9NER1_taxID_1690606_model_A	ref_5CE9_Jregia	1	301	508	107	339	3.667E-01	5.356E-01	7.600E-01	5.163E-01	328	27M17I13M2D11M13I6M23I4M7I11M9D1M3D15M1D9M1I3M6D3M1I19M5D33M1D8M14I16M1I20M14I1M2I2M2I4M
A0AAV9NER1_taxID_1690606_model_A	ref_1BT3_Ibatatas	1	300	508	108	336	3.635E-01	5.360E-01	7.675E-01	5.107E-01	326	27M17I13M2D11M13I6M23I4M7I11M6D1M6D15M1D9M1I3M6D3M1I19M5D33M1I6M15I16M1I20M14I1M2I2M2I3M
A0AAV9NER1_taxID_1690606_model_A	ref_5M8L_human	1	247	508	134	361	3.305E-01	4.536E-01	6.911E-01	4.429E-01	285	27M17I15M1D2M1D1M1D1M2D6M7D10I11M3I1M1I8M8D2I8M9I6M1D7M1I11M1I6M2I11M1D5M14D9M1I1M1I37M2D7M1I1M3I1M4I3M1I5M
A0A2U1PFS0_taxID_35608_model_A	ref_1BT3_Ibatatas	78	455	623	1	336	5.267E-01	9.653E-01	9.681E-01	7.201E-01	378	15M2I6M2I1M1I9M1I68M2I62M9I25M6I41M1I53M14I8M4I48M
A0A2U1PFS0_taxID_35608_model_A	ref_5CE9_Jregia	78	456	623	1	339	5.293E-01	9.612E-01	9.640E-01	7.126E-01	380	1M1I13M2I2M1I2M1I1M1I2M1I8M1I11M1D57M2I62M9I26M4I1M1I4M1I35M1I53M14I8M1I52M
A0A2U1PFS0_taxID_35608_model_A	ref_1JS8_squid	129	450	623	1	262	3.635E-01	8.200E-01	8.229E-01	5.071E-01	339	29M2I14M2I7M3I5M1D27M1I2M1I12M1I12M8I6M9D7M5I2M17I1M3I1M1I11M2I8M15I5M1I12M1I1M1I1M1I26M11I18M2D11M4D4M1I4M1D19M
A0A2U1PFS0_taxID_35608_model_A	ref_8BBR_Vspinosum	127	456	623	2	324	3.852E-01	7.180E-01	7.220E-01	5.571E-01	397	13M1D36M17I39M1I1M1I10M11I6M60D4M1I11M17I14M2I15M1D1I1M2I20M7I6M1I19M11I8M1I9M3D10M1D9M1D22M1I3M
A0A2U1PFS0_taxID_35608_model_A	ref_PmTYR	128	451	623	1	287	3.515E-01	7.248E-01	7.271E-01	4.787E-01	369	30M4I1M1I12M1I1M1I3M4I8M1D24M2I14M1D2M2D1M2D3M1D1M2D4M10D4M1D3I1M1D1I4M10D2I5M1I2M9I1M1I3M5I2M6I2M1I11M2I6M2I4M7I3M4D6M5D12M7I23M14I9M1I10M5D8M7I22M
A0A2U1PFS0_taxID_35608_model_A	ref_2Y9W_Abisporus	129	449	623	1	351	3.929E-01	6.732E-01	7.334E-01	5.135E-01	401	10M2D35M2I4M5D2I2M1D1I35M17D15M4D9M1D8M5D9M19D4M8D5M1I4M13I1M6I15M1I11M7I3M1D20M2D1M1D28M14I9M2I7M14D14M1I22M
A0A2U1PFS0_taxID_35608_model_A	ref_I3D139_archaea	135	445	623	1	305	3.543E-01	6.921E-01	6.942E-01	4.778E-01	374	24M2D17M1I1M1I4M4I7M1D24M2I13M1D1M1D7M3D4M4D4M5D11M16D8M1I1M1I2M14I2M3I1M1I15M2I8M15I17M6I6M1I17M14I19M5D7M1D3M22D2I4M2D14M1I1M
A0A2U1PFS0_taxID_35608_model_A	ref_A0A9N8ELP9_oomycota	77	457	623	8	411	3.759E-01	5.483E-01	5.895E-01	4.604E-01	515	4M2D40I3M1D1I2M1D34M9D17M2I1M8I29M1I21M1D6M11D8I7M43D8M2I4M17I1M2I2M1I21M15I5M3D13M1D1M1D30M13I10M1D3M3D6M20D6M4D3M2D3M7D1M1D2M13D9M3D12M1D2M5D1M1D1I3M
A0A2U1PFS0_taxID_35608_model_A	ref_5M8L_human	55	421	623	6	361	3.498E-01	5.755E-01	5.842E-01	4.097E-01	473	1M24I8M27I1M1D1I5M4D1M7D1M2D1M4D1M1D33M23D22M6D6I53M1D1M2D6M8D6I8M23D8M8I5M4I3M6I2M1I11M2I6M2I4M1D7I3M3D5M1D1M12D12M7I23M14I9M2I4M1D5M6D7M
B2IXG2_taxID_63737_model_A	ref_I3D139_archaea	57	396	408	1	305	6.730E-01	8.918E-01	8.947E-01	7.183E-01	357	48M4I2M1I41M1D1M1D18M16I11M7D28M1D1M1D8M1D22M13I1M1I11M15I5M1I26M1I9M1D18M1D10M2D2M1D26M
B2IXG2_taxID_63737_model_A	ref_PmTYR	50	403	408	1	287	6.294E-01	8.844E-01	8.874E-01	7.202E-01	370	29M7I18M4I1M1I46M2D1M2D2M1D17M10I13M1I4M3I2M4I16M1D4M1I16M10D10M9I14M16I36M1I22M26I20M
B2IXG2_taxID_63737_model_A	ref_1JS8_squid	51	402	408	1	262	5.650E-01	8.554E-01	8.584E-01	5.920E-01	360	30M2I1M2I19M4I51M1I1M1I1M2I4M20I7M2I5M1I1M9I1M1I8M1I2M2I28M15I12M12I35M5D10M6I12M17I5M2D2M1D19M
B2IXG2_taxID_63737_model_A	ref_A0A9N8ELP9_oomycota	43	408	408	15	409	6.636E-01	6.575E-01	7.354E-01	6.355E-01	458	36M1D5M7D1I18M10I33M1D12M1I1M1I15M9I12M3I5M1D1M18D1M6D38M2D11M1I1M1I2M9I18M7I38M5D2M1D9M14D11M2D4M15D20I1M11D11M3D11M2D2M2D4M1D1M
B2IXG2_taxID_63737_model_A	ref_5M8L_human	37	354	408	29	361	6.135E-01	6.884E-01	7.773E-01	6.016E-01	372	6M2D2M2D37M2D1M19D22M5D5I33M1D1M1D31M10I12M3I4M2I9M4D1M3D11M1D1M2D1M1D4M1I16M10D13M2I5M1D12M1I1M15I56M
B2IXG2_taxID_63737_model_A	ref_2Y9W_Abisporus	51	401	408	1	351	5.938E-01	6.821E-01	6.839E-01	5.552E-01	422	10M1D3M1D17M2I19M8D7I1M1D1I32M19D12M6D6M1D8M11D22I6M2I11M2I12M8D1M1D6M1D3M1D11M1D11M2D2I4M5I22M6I39M2I9M5D2M4D11M20I24M
B2IXG2_taxID_63737_model_A	ref_1BT3_Ibatatas	40	404	408	39	333	5.713E-01	6.846E-01	7.737E-01	5.588E-01	398	5M4I32M2I17M1D7M1I3M1I5M1I25M1D1M1D18M1I1M2I4M21I5M4I1M18I8M10D5M6D2M1D11M2D10M8D1I1M1D5M8I16M9I38M3I6M6I9M2D19I4M2I23M
B2IXG2_taxID_63737_model_A	ref_5CE9_Jregia	41	404	408	37	335	5.741E-01	6.820E-01	7.673E-01	5.574E-01	397	5M1I1M1I32M2I17M1D7M1I2M1I6M1I25M1D1M1D18M1I1M2I4M21I5M4I1M18I8M11D3M1D1M1D1M3D2M1D11M2D10M8D1I1M1D5M8I16M9I47M6I9M2D19I4M2I23M
B2IXG2_taxID_63737_model_A	ref_8BBR_Vspinosum	48	404	408	1	321	5.623E-01	6.952E-01	7.029E-01	5.434E-01	413	13M1D20M2I17M17I25M1D1M1D26M25I4M1I4M4D2M2D1M29D14M1D5M5D30M8D1I6M8I13M16I5M1I29M1D10M1I13M3D18I4M2I23M
A0A8H3HCF2_taxID_456999_model_A	ref_PmTYR	37	380	380	1	284	6.368E-01	8.346E-01	8.459E-01	6.632E-01	373	29M22I14M10D22M18I4M1I16M1D1M1D10M3I21M2D7M2D2M1D12M10I4M2I10M1I7M9D7M1D1M2D18M13I31M1I7M12I13M4I13M2I6M
A0A8H3HCF2_taxID_456999_model_A	ref_1JS8_squid	38	380	380	1	261	5.672E-01	8.030E-01	8.088E-01	5.413E-01	367	31M19I11M2D1M1D1M8D23M18I4M1I16M1I1M1I1M1I1M1I1M1I1M5I4M10I24M14I6M1I8M1I3M1I11M2I1M1I10M2I1M1I3M2D8I31M3D9M15I3M1I8M1D1M1D2M5D2M1D11M1I7M
A0A8H3HCF2_taxID_456999_model_A	ref_I3D139_archaea	44	376	380	1	305	5.864E-01	7.223E-01	7.246E-01	5.883E-01	396	27M14I1M1I15M10D22M18I4M1I19M1I8M3I6M6I8M10D5M2D2M7D1M1D10M6D14I7M1I7M1I3M1I11M2I8M1D8M14I37M12I14M23D1M1D3M2D13M2I2M
A0A8H3HCF2_taxID_456999_model_A	ref_A0A9N8ELP9_oomycota	19	380	380	6	396	6.784E-01	6.295E-01	7.113E-01	5.729E-01	455	6M1I2M1I41M10D18I14M5D22M18I20M5I8M3I10M1D15M29D2M6D13M12I33M1D12M2I1M1I4M1I3M1D1I1M1D1I31M1D1M2D2M2D5M2D6M1D26M30D8M1D12M
A0A8H3HCF2_taxID_456999_model_A	ref_5M8L_human	26	354	380	21	361	6.089E-01	6.383E-01	6.964E-01	5.455E-01	408	1M1D1I2M9D2I4M7D32M1D9M11D6I19M15D22M18I8M1D11M1I5M1I1M1I5M3I27M15D15M8I6M1I17M2D1M6D7M1D1M10D18M13I29M1I10M10I7M1I5M
A0A8H3HCF2_taxID_456999_model_A	ref_8BBR_Vspinosum	33	380	380	1	317	5.730E-01	6.648E-01	6.801E-01	5.446E-01	420	1M2I13M1D21M1I1M16I14M2I20M18I9M1D12M2I1M2I1M1I7M1I3M9I2M4I6M4D2M36D1M5D4M1D5M4D4M11I16M1I3M1I6M13D5M2I16M14I28M2D9M14I14M5D13M1I1M1I7M
A0A8H3HCF2_taxID_456999_model_A	ref_2Y9W_Abisporus	38	380	380	1	351	5.856E-01	6.300E-01	6.450E-01	5.182E-01	437	10M2D20M17I14M2D1M14D25M15I9M14D2M1D11M2D9M2D8M9D13I10M2D2M2D1M4D1M1D9M14D15I19M1I6M1D1M8D4M2I11M10D5M13I31M1I10M4D8I18M1D1M1D12M1I7M
A0A8H3HCF2_taxID_456999_model_A	ref_5CE9_Jregia	19	380	380	1	332	5.713E-01	6.344E-01	6.483E-01	5.213E-01	443	1M35D9I2M1I38M1I1M16I15M13D21M18I8M1D16M2I1M1I2M6I4M11I5M1I1M8I8M6D1M2D3M7I6M3D2M1D21M14D5M2I13M1D1I6M1D7I38M18I12M2D1M1D14M2I5M1D1M
A0A8H3HCF2_taxID_456999_model_A	ref_1BT3_Ibatatas	19	380	380	1	329	5.609E-01	6.282E-01	6.423E-01	5.230E-01	444	1M37D10I1M1I38M1I1M16I15M13D21M18I9M1D12M1I2M2I4M6I4M10I6M1I1M8I7M6D1M1D5M6I4M4D1I24M14D5M2I13M1D1I1M1D4M1D8I30M2I1M1I4M18I12M2D1M1D14M2I6M
A0A183BZZ4_taxID_36090_model_A	ref_PmTYR	126	866	866	32	287	2.214E-01	6.129E-01	6.797E-01	5.616E-01	784	12M12D1M5D1M2D50M1D3M2D9M2D6M4D1M1D10M2D1M1D19M1D1I4M8I12M6D44M4I1M1I9M1I1M6I4M11I1M1I3M4D2I13M1I2M2I2M490I4M
A0A183BZZ4_taxID_36090_model_A	ref_1JS8_squid	123	866	866	31	262	1.945E-01	5.681E-01	6.322E-01	4.635E-01	783	2M1D1I1M1D9M11D4M8D29M2I2M2I1M2I3M3I5M7I5M1D6M1D35M18I14M2D1M2D38M2D1I10M1I7M10D20I14M1I2M2I2M491I3M
A0A183BZZ4_taxID_36090_model_A	ref_I3D139_archaea	126	368	866	31	305	1.960E-01	5.052E-01	6.150E-01	4.950E-01	325	11M1D1M13D1M4D1M2D29M1I3M2I15M3I9M1D1M9D5M12D7M1D2M3D3M1D3M1D19M17I12M1D10M1I26M4I3M1D1I10M13D6M19D19I15M2I1M
A0A183BZZ4_taxID_36090_model_A	ref_8BBR_Vspinosum	109	865	866	1	320	2.031E-01	4.898E-01	4.965E-01	4.275E-01	874	5M31D12I9M1D2M1D3M8D15M2D16M4I1M2I1M1I1M1I1M2I4M8I4M1D8M49D2M1D5M6D6M2D23M4D5I4M1I1M1I1M1I22M1I33M1D8M1D1I3M1I3M9D21I14M1I2M2I2M489I4M
A0A183BZZ4_taxID_36090_model_A	ref_2Y9W_Abisporus	122	866	866	35	351	2.124E-01	4.737E-01	5.173E-01	4.412E-01	847	2M2D2I10M15D2M1D3M4D15M1D1M22D19M2I5M1I7M13D6I10M1D1M10D7M11D5M2D2M1D11M1D11M6I6M1I1M1I15M10D34M4I1M1I1M1D1I2M1I4M1I13M9I5M2D2I3M5D13M1I3M490I2M1I1M
A0A183BZZ4_taxID_36090_model_A	ref_A0A9N8ELP9_oomycota	29	860	866	1	407	2.319E-01	4.491E-01	4.541E-01	4.356E-01	1000	4M22I5M1D29I4M1D15I5M1D1M39D7I5M1D12M4D4M4D1M1D15M3D1M1D1M1D10M2I1M5I15M4D14M28D1M9D6M1D2M1D3M1D14M2D9M12I7M2I10M1D1M8D43M1D1M1D5M13D7I7M32D10I2M1D18M1D7M6D14I3M1D442I1M26I1M
A0A183BZZ4_taxID_36090_model_A	ref_5CE9_Jregia	112	863	866	39	336	1.936E-01	4.411E-01	4.920E-01	4.176E-01	851	6M31D8I5M1D4M1D2M1D2M15D1M8D15M2D17M3I1M2I1M1I2M2I4M11I7M4I8M5D1I4M16D10M2D12M2D2I9M3I16M7D31M1I2M1I1M1I12M2I1M1I3M7D21I17M2I2M53I1M433I2M1D1I1M
A0A183BZZ4_taxID_36090_model_A	ref_1BT3_Ibatatas	112	863	866	42	333	1.887E-01	4.355E-01	4.910E-01	4.091E-01	852	4M32D10I9M2D4M15D1M8D15M2D18M2I1M2I3M3I4M9I5M1I1M6I8M5D2I3M17D10M2D10M1D1I1M2D2I9M3I16M6D2M1D27M1I2M1I1M3I1M1I10M2I1M1I3M7D21I17M2I3M486I2M1I1M
A0A183BZZ4_taxID_36090_model_A	ref_5M8L_human	23	859	866	21	354	1.709E-01	3.429E-01	3.627E-01	1.576E-01	972	9M2I7M10I4M11I7M7I3M20D29I6M3D32I1M2I1M3I1M1I8M119I3M2I3M2I2M2I1M61I5M1D7M17D16I13M1D10I5M9I7M11D11I5M13I2M4D18I5M11I5M19I4M1I4M23I7M31D22I5M9I5M2D12M15D6I1M4D1M2D4M3D18I9M2D1M1D2M1D4M3I5M1D1M8D1M6D6I1M2D3I11M138I8M19I3M
ref_1BT3_Ibatatas	ref_1BT3_Ibatatas	1	336	336	1	336	1.000E+00	1.000E+00	1.003E+00	1.000E+00	336	336M
ref_1BT3_Ibatatas	ref_5CE9_Jregia	1	336	336	1	338	9.786E-01	9.700E-01	9.815E-01	9.232E-01	341	12M1I2M1I27M1D142M1D6M1I96M3D48M
ref_1BT3_Ibatatas	ref_1JS8_squid	46	331	336	1	262	6.410E-01	8.093E-01	8.120E-01	5.846E-01	310	29M2I14M2I7M1I5M1D28M1I1M1I12M1I12M1D5M9D4M2I1M12I3M3I1M2I2M1I11M2I8M14I6M1I11M1I1M1I1M1I33M5D1M2D3M1D9M1D2M4D28M
ref_1BT3_Ibatatas	ref_8BBR_Vspinosum	44	336	336	2	324	6.906E-01	7.149E-01	7.889E-01	6.354E-01	364	13M1D36M15I39M1I1M1I10M2I6M59D16M11I14M2I14M1I23M7I6M1I26M6D4M3D10M1D10M1D24M
ref_1BT3_Ibatatas	ref_PmTYR	45	332	336	1	287	6.307E-01	7.315E-01	7.338E-01	5.737E-01	339	30M5I13M1I1M1I3M2I7M1D26M1I1M1I15M2D1M2D1M1D2M3D4M11D5M3D1M11D8M9I6M6I1M2I11M2I5M3I4M5I4M4D6M5D12M7I32M2D7M6D8M7I22M
ref_1BT3_Ibatatas	ref_2Y9W_Abisporus	46	330	336	1	351	6.772E-01	6.502E-01	7.908E-01	5.670E-01	373	10M1D3M1D33M1I4M5D1I37M17D15M4D9M1D2M14D6M19D4M7D10M11I1M2I15M1I11M5I24M2D1M1D37M2D5M14D14M1I22M
ref_1BT3_Ibatatas	ref_I3D139_archaea	52	325	336	1	305	6.210E-01	6.804E-01	7.551E-01	5.479E-01	349	24M2D17M1I1M1I3M1I34M1I1M1I11M1D1M1D7M3D4M4D6M30D17M13I1M1I11M2I8M14I17M6I6M1I26M3D5M1D1M5D7M1D3M22D2I4M2D15M
ref_1BT3_Ibatatas	ref_A0A9N8ELP9_oomycota	1	336	336	8	412	6.625E-01	5.489E-01	6.643E-01	5.493E-01	482	2M4D36I6M2D33M9D15M1I1M1I2M6I32M1I18M1D5M12D7M44D8M1I7M16I20M14I5M3D13M1D1M1D37M5D1M4D6M20D6M4D3M2D3M9D1I2M13D9M3D11M2D1M6D2M1D3M
ref_1BT3_Ibatatas	ref_5M8L_human	3	302	336	8	361	6.215E-01	5.820E-01	6.913E-01	4.917E-01	410	7M22I7M4D1M7D4M7D32M23D22M5D4I2M1D51M1D1M2D4M10D6M1D1M23D8M5I1M2I7M5I2M1I11M2I6M2I4M6I3M4D6M13D12M7I32M1D4M2D3M6D7M
A0A9W8XU64_taxID_1932322_model_A	ref_PmTYR	63	377	377	1	255	5.610E-01	7.269E-01	8.157E-01	5.876E-01	341	7M1D21M13I15M9D2M1D15M28I8M1I15M2D1M1D9M1I2M1I9M15I12M1D7M18I2M1I13M1D16M1I5M10D11M1I14M1I30M1I1M2I2M1I2M1I10M
A0A9W8XU64_taxID_1932322_model_A	ref_5M8L_human	60	377	377	42	350	5.896E-01	6.137E-01	7.104E-01	5.408E-01	373	11M2D22M2D6M13D19M15D18M28I12M1D16M1I1M1I4M2I10M15I21M9I10M1D12M4D17M1I5M10D7M1D2M5D2M1D16M1I29M1I1M2I1M1I1M2I11M
A0A9W8XU64_taxID_1932322_model_A	ref_I3D139_archaea	69	377	377	1	248	5.338E-01	6.518E-01	7.938E-01	5.600E-01	336	28M5I1M1I15M9D2M1D15M28I8M1I24M1I3M1I6M21I9M10D4M1D7M2I1M3I4M9I7M2D1M4D10M2I7M1I13M6I17M1I25M1I1M2I6M1I2M2I5M
A0A9W8XU64_taxID_1932322_model_A	ref_A0A9N8ELP9_oomycota	46	377	377	1	328	5.898E-01	5.434E-01	6.722E-01	5.248E-01	403	1M4I4M7D16M2D24M10D9I14M5D18M28I24M1I1M2I2M1I5M2I1M1I9M13I19M19D11I4M1D6M3D8M1D21M1D13M1I2M2I14M8D50M14D1M
A0A9W8XU64_taxID_1932322_model_A	ref_8BBR_Vspinosum	43	376	377	1	284	5.175E-01	5.946E-01	6.718E-01	4.876E-01	392	1M3I1M16I7M1D3M2D21M7I1M1I14M2I16M28I13M1D12M1I2M1I4M1I3M1I3M24I2M4I6M4D2M2D1M28D14I8M2D5M1D5M5D3M1D15M1I11M8D1I5M1D1I14M1I4M1I38M1D5M1D1M
A0A9W8XU64_taxID_1932322_model_A	ref_2Y9W_Abisporus	65	374	377	1	322	5.153E-01	5.498E-01	6.174E-01	4.765E-01	406	6M2D2M1D3M1D20M8I11M2D1M14D20M28I11M17D2M1D12M1D9M4I6M13D23I10M2D7M7I1M1I2M8I8M11D1M2D2M1D5M1I2M1I21M1D6M2D13M9D33M3I7M16D5M
A0A9W8XU64_taxID_1932322_model_A	ref_5CE9_Jregia	58	374	377	38	302	4.863E-01	5.360E-01	6.716E-01	4.849E-01	370	1M1D1I11M2D25M8I14M1D1M12D17M28I12M1D16M1I1M1I2M5I4M26I7M31I5M1D1M3D5M13D15M1D10M10D5M2I14M6D33M1I3M1I5M2D5M
A0A9W8XU64_taxID_1932322_model_A	ref_1BT3_Ibatatas	60	375	377	42	297	4.803E-01	5.344E-01	6.881E-01	5.017E-01	366	3M1I7M2D25M8I14M1D1M12D17M28I12M1D16M1I1M1I2M5I4M26I7M31I5M1D1M3D5M13D15M1D10M10D5M2I14M6D33M6I2M1I7M
A0A0A7CP65_taxID_1202772_model_A	ref_1JS8_squid	412	713	840	1	262	2.676E-01	8.048E-01	8.077E-01	5.166E-01	324	29M3D10M3D1M9D28M2I2M1I11M1I1M2I1M6I3M2I6M1I1M3I1M21I11M1I3M1I5M1I1M1I9M1I8M1I13M1I10M2D1M2D46M1D11M3I2M2I3M1I3M2D11M1I1M2I7M7I1M
A0A0A7CP65_taxID_1202772_model_A	ref_PmTYR	411	714	840	1	287	2.773E-01	7.725E-01	7.751E-01	5.425E-01	344	43M11D26M3I16M1I1M2I1M2I3M1I1M1I5M2D6M1I4M11I10M1D6M4D2I14M1D3M1I13M1I4M10D7M1D1M4D44M1I1M1I1M3I7M6D9M16I13M3I6M7I2M
A0A0A7CP65_taxID_1202772_model_A	ref_I3D139_archaea	418	700	840	1	305	2.654E-01	6.965E-01	7.494E-01	5.170E-01	352	22M7D14M11D26M3I13M1I2M1I1M4I1M2I1M2I6M1D6M17I10M9D6M1D1I1M10D1I8M1D3M2D4M1D4M1I8M1I20M1D9M1I27M1I1M5I7M8D8M7D2M10D7M1I2M1I3M1I13M3I1M
A0A0A7CP65_taxID_1202772_model_A	ref_8BBR_Vspinosum	410	718	840	2	324	2.761E-01	6.638E-01	6.945E-01	4.721E-01	376	11M1D17M1D2M2D3M2D10M1I27M1I17M9I1M2I8M1D5M1D7M1D1M2D1M29D2M2D2M2D7M19I6M1D5M1D15M1D2M2D5M13D22M1I24M1I5M1I4M1I4M1D3M1D2M1D6M1I1M2D2I5M1I2M2I4M1I5M2I2M1I7M4I1M1I2M2I3M
A0A0A7CP65_taxID_1202772_model_A	ref_5CE9_Jregia	409	720	840	42	339	2.677E-01	6.334E-01	7.166E-01	5.184E-01	370	32M5D13M14D28M1I14M1I3M7I1M3I1M1I1M1I5M2I1M21I5M11I6M1D3M1D6M15D11M1D9M14D17M7D36M3I3M1I11M7I8M2I12M3I10M2I2M6I2M
A0A0A7CP65_taxID_1202772_model_A	ref_1BT3_Ibatatas	409	719	840	43	336	2.649E-01	6.342E-01	7.210E-01	5.217E-01	369	31M1D1M4D13M14D28M1I13M2I3M7I1M2I2M1I1M1I5M2I1M21I5M11I6M1D2M1D7M15D11M1D9M14D17M7D33M6I3M1I11M7I8M2I13M3I9M2I2M6I1M
A0A0A7CP65_taxID_1202772_model_A	ref_5M8L_human	409	665	840	44	361	2.509E-01	5.596E-01	7.701E-01	4.887E-01	351	31M28D13M16D29M1I12M1I2M2I1M6I3M2I15M12I16M15D5M1I9M5D4M1I4M1I8M1I4M10D7M1D2M12D45M5I7M7D7M
A0A0A7CP65_taxID_1202772_model_A	ref_A0A9N8ELP9_oomycota	410	721	840	21	412	2.793E-01	5.280E-01	6.678E-01	4.279E-01	431	10M1D1M3D15M14D16M2D23M1I3M2I6M1D9M1I5M1I3M1D1I5M9D1I13M23D2I2M1D9M1I5M17I1M1I29M2D8M3D9M1D2M7D1M1D30M1I3M1I14M22D8M3I10M25D4M1D10M3I7M1D1I3M1D1I8M1I1M
A0A0A7CP65_taxID_1202772_model_A	ref_2Y9W_Abisporus	33	710	840	8	351	2.388E-01	5.053E-01	5.151E-01	3.233E-01	779	2M1D40I3M82I1M27I1M23I1M206I12M1D1M6D15M11D4M1I1M1I3M3I2M1I23M16D2M1D18M1I10M15D4M24I11M3D1I3M1D6M7D6M2D1M2D23M8D1M1D14M1D1M8D13M1D22M5I1M2I2M2I11M12D7I5M4D3M4I8M2I8M3I1M
A0AAD6N3N3_taxID_5083_model_A	ref_PmTYR	1	335	335	8	286	7.010E-01	8.123E-01	8.372E-01	6.249E-01	361	22M13I15M10D25M1I5M15I11M1D1M1D9M1I2M1I9M17I12M1D6M1I1M13I1M1I1M1I12M1D22M10D9M1I1M3I50M2I7M3I1M3I13M4I12M2I5M2D1M
A0AAD6N3N3_taxID_5083_model_A	ref_I3D139_archaea	1	331	335	1	305	6.840E-01	7.471E-01	7.494E-01	5.915E-01	383	28M5I1M1I15M9D1M1D24M1I6M15I13M1I7M1I1M1I6M23I9M10D4M1D8M7I3M4I8M1D2M1D1M1D8M1D22M9I8M1D8M1I38M4I1M3I12M23D4M3D13M2I2M
A0AAD6N3N3_taxID_5083_model_A	ref_1JS8_squid	1	335	335	7	262	6.174E-01	7.758E-01	7.954E-01	5.438E-01	362	25M10I11M3D2M8D27M1I5M15I11M1I2M2I1M1I1M1I1M4I4M27I12M20I17M1I1M1I22M9I1M1I9M2D1M2D33M3D10M10I3M1I5M1D1M1D1M1D2M1D1M3D2M1D11M1I5M1D2M
A0AAD6N3N3_taxID_5083_model_A	ref_A0A9N8ELP9_oomycota	1	335	335	29	398	7.226E-01	5.955E-01	7.247E-01	5.766E-01	431	26M10D9I14M5D26M1I6M14I10M2I1M2I2M1I5M2I1M1I10M15I18M13D8I8M2D4M8D6M1D21M2D14M6I13M9D34M2D1M1D3M1D2M1D2M2D6M6D16M1D4M29D10M1D10M2D1M
A0AAD6N3N3_taxID_5083_model_A	ref_5M8L_human	1	309	335	53	361	6.819E-01	6.362E-01	7.362E-01	5.568E-01	358	24M2D6M13D19M15D33M14I14M2I1M1I4M1I1M1I9M17I21M2I1M1I1M3I8M1D12M4D22M10D6M1D4M3D52M2I10M2I2M2I5M1I5M
A0AAD6N3N3_taxID_5083_model_A	ref_8BBR_Vspinosum	1	335	335	10	318	6.423E-01	6.622E-01	6.934E-01	5.238E-01	394	4M1D22M7I1M1I14M2I31M14I11M2I2M1I4M1I3M1I3M26I2M4I6M4D2M2D1M20D8I4M4D7M3D5M1D5M5D3M1D26M9D5I23M1I28M2D10M1D10I12M5D13M1I1M1I6M1D1M
A0AAD6N3N3_taxID_5083_model_A	ref_2Y9W_Abisporus	1	335	335	7	351	6.556E-01	6.288E-01	6.574E-01	5.038E-01	412	4M1D3M1D20M8I11M2D1M14D31M1D2M16D14I23M4I6M13D25I15M11I4M1D1I10M11D9M1D11M1D33M10D35M1I1M1I11M2D19M1D1M1D12M2I5M1D1M
A0AAD6N3N3_taxID_5083_model_A	ref_1BT3_Ibatatas	1	335	335	52	330	5.933E-01	5.917E-01	7.059E-01	5.389E-01	392	26M7I1M1I14M1D1M12D32M14I14M2I1M1I2M5I4M28I7M28I7M3D7M14D11M2D7M1D1M13D5M9I12M7D32M3I1M1I4M12I11M3D16M2I5M1D1M
A0AAD6N3N3_taxID_5083_model_A	ref_5CE9_Jregia	1	335	335	51	332	5.952E-01	5.886E-01	7.008E-01	5.395E-01	393	27M8I14M1D1M12D32M14I14M2I1M1I2M5I4M28I7M29I7M3D7M15D10M2D8M14D5M9I11M7D33M1I8M12I11M3D16M2I5M1D1M
A0AA43QLN8_taxID_258253_model_A	ref_PmTYR	58	341	341	1	283	7.022E-01	8.280E-01	8.420E-01	6.984E-01	310	29M8I17M7D26M1I18M2D10M1I11M4I9M1D22M1I7M2I16M10D8M5D17M1D29M1I8M2I1M1I10M1I1M3I13M2I5M
A0AA43QLN8_taxID_258253_model_A	ref_1JS8_squid	59	341	341	1	261	6.308E-01	8.080E-01	8.138E-01	6.037E-01	309	32M5I10M2D3M6D29M1I15M2I3M1I1M1I1M1I1M3I4M14I5M1D6M5I11M1I1M1I3M2I2M1I1M1I33M1D1M2D5M1D26M4D9M1I1M6I3M1I7M3D2M1D1M3D2M1D11M1I5M1D1M
A0AA43QLN8_taxID_258253_model_A	ref_I3D139_archaea	65	338	341	1	305	6.786E-01	7.540E-01	8.371E-01	6.602E-01	325	28M1I17M7D27M1I19M1I8M1I6M9I1M1I7M10D5M2D4M4D13M1D12M1I21M1D43M1I12M1I1M1I12M23D3M3D13M2I2M
A0AA43QLN8_taxID_258253_model_A	ref_8BBR_Vspinosum	56	341	341	1	316	6.447E-01	6.760E-01	7.610E-01	5.886E-01	352	14M1D22M3I14M5I29M1D12M2I2M1I7M1I3M13I2M4I6M4D2M33D1M1D3M3D5M1D6M2D31M13D48M2D10M5I13M5D13M1I1M1I6M
A0AA43QLN8_taxID_258253_model_A	ref_5M8L_human	48	316	341	20	361	6.748E-01	6.399E-01	8.441E-01	6.127E-01	353	6M8D1M1D2M7D32M2D3M18D19M12D31M1D11M1I5M1I1M1I5M1I10M4I19M1D1M10D38M10D8M13D16M1D27M1I14M1I4M1I5M
A0AA43QLN8_taxID_258253_model_A	ref_A0A9N8ELP9_oomycota	52	341	341	14	395	7.134E-01	5.974E-01	8.315E-01	6.400E-01	399	6M2D33M10D4I16M2D43M5I8M1I7M1D4M4I14M29D4M1D1M1D13M1I6M2I11M2D13M3D11M9D6M1D26M2D1M2D3M1D5M2D4M9D5M1D14M30D8M1D11M
A0AA43QLN8_taxID_258253_model_A	ref_2Y9W_Abisporus	59	341	341	1	349	6.635E-01	6.461E-01	7.885E-01	5.882E-01	371	10M1D3M1D20M3I12M1D1M12D33M17D2M1D22M3I6M13D12I10M2D6M3D9M8D1M1D12M1I10M1D9M10D15M9D5M1D30M1I10M5D17M1D1M1D12M2I5M
A0AA43QLN8_taxID_258253_model_A	ref_5CE9_Jregia	50	341	341	36	330	6.254E-01	6.288E-01	7.232E-01	5.861E-01	344	42M3I16M1D1M9D30M1D16M2I1M1I2M4I4M15I5M1I1M12I8M3D1M10D5M1D15M2D8M14D17M7D5M1D34M9I12M2D1M1D14M2I5M
A0AA43QLN8_taxID_258253_model_A	ref_1BT3_Ibatatas	50	341	341	37	328	6.191E-01	6.277E-01	7.162E-01	5.889E-01	345	1M1D1I40M3I16M1D1M9D31M1D12M1I2M2I3M1I1M3I4M15I5M1I1M12I8M3D1M8D5M1D1M2D14M2D8M14D17M7D5M1D26M2I1M1I4M9I12M2D1M1D14M2I5M
A0A9P1GZG9_taxID_1442378_model_A	ref_PmTYR	621	963	963	1	284	2.519E-01	8.162E-01	8.273E-01	6.623E-01	377	29M10I15M9D1M1D24M1I17M2D11M1I8M1D11M2D4M1I2M1I15M1D1M1D20M10D8M5D44M2D7M1I2M1I1M70I1M1I1M2I10M4I18M
A0A9P1GZG9_taxID_1442378_model_A	ref_1JS8_squid	622	963	963	1	260	2.303E-01	8.015E-01	8.103E-01	5.687E-01	371	32M7I10M3D2M8D27M1I16M1I1M2I2M1I1M1I1M3I4M9I5M1D6M6I17M1I24M1I9M2D1M2D30M2D1M4D6M1I3M77I10M3D5M2D1M2D17M
A0A9P1GZG9_taxID_1442378_model_A	ref_I3D139_archaea	628	960	963	1	305	2.431E-01	7.259E-01	7.282E-01	5.633E-01	390	27M3I16M10D26M1I19M1I7M1I8M5I6M1D1M9D1M1D3M1D7M2D2M1D10M3D7M2D29M1D9M1I40M66I2M6I10M24D3M2D14M1I1M
A0A9P1GZG9_taxID_1442378_model_A	ref_5M8L_human	50	939	963	1	361	2.597E-01	6.590E-01	6.607E-01	5.676E-01	983	1M2I1M1D534I1M2I2M4D4I8M2I1M1I6M8D1M2D1M4D36M1D3M1D1M16D17M15D30M1D11M1I5M1I1M1I4M1I16M1D13M2D1M6D2M2D11M4D1M1D20M10D8M13D44M1D13M66I1M6I3M1I5M
A0A9P1GZG9_taxID_1442378_model_A	ref_1BT3_Ibatatas	53	963	963	1	329	2.399E-01	6.510E-01	6.658E-01	5.564E-01	993	1M19D496I1M4D40I1M2I10M6I2M2I2M1I37M1I1M4I15M13D29M1D16M2I1M1I1M1I1M3I4M10I5M1I1M13I5M1D2M3D7M15D10M2D8M14D17M7D39M81I10M2D2M1D19M
A0A9P1GZG9_taxID_1442378_model_A	ref_5CE9_Jregia	53	963	963	1	331	2.406E-01	6.467E-01	6.631E-01	5.517E-01	994	1M17D496I1M4D40I1M2I10M6I2M2I40M1I1M4I15M13D29M1D16M2I1M1I1M1I1M3I4M10I5M1I1M13I5M1D2M3D7M15D10M2D8M14D17M7D31M3D8M81I10M2D2M1D19M
A0A9P1GZG9_taxID_1442378_model_A	ref_2Y9W_Abisporus	622	963	963	1	350	2.486E-01	6.401E-01	6.573E-01	5.158E-01	433	10M1D3M1D19M4I1M1I11M2D1M14D31M17D2M1D11M3D8M1D4M1D3M11D13I4M1D5M1D2M1D4M1D10M8D1M2D5M1D3M2D10M1D9M10D15M9D37M1I1M1I7M2I1M59I5M2I17M1D1M1D18M
A0A9P1GZG9_taxID_1442378_model_A	ref_A0A9N8ELP9_oomycota	610	963	963	11	396	2.658E-01	5.918E-01	6.817E-01	5.765E-01	463	44M10D6I14M5D42M5I7M1I9M1D1M1D15M28D7M2D7M1D7M1D13M2D13M3D11M9D34M4D5M1D3M1D7M7D60I1M2I1M3I12M2D4M2D2M26D8M3D10M
A0A9P1GZG9_taxID_1442378_model_A	ref_8BBR_Vspinosum	614	957	963	1	318	1.801E-01	4.460E-01	4.537E-01	2.852E-01	447	6M8D2I1M1D6M2I2M1I15M2D12I17M3I1M2I16M2I4M2D4M1D1M7D3M1D2M4D4I4M2I1M2I2M1I5M4I11M1D2M9D11M1D2M2D1M3D1M1D3M2D6M2D5M2D8M1D4M25D1M1D11M1I4M2I2M4I1M2I13M1I2M1D4I6M1D4M1D1M3D2I2M6D62I6M14D13I11M1D1I7M
Q33CJ6_taxID_8330_model_A	ref_5M8L_human	1	339	366	6	361	8.678E-01	8.794E-01	9.373E-01	7.513E-01	361	1M5D73M1I7M5D26M2D66M2D22M1D2M2D5M1I2M1I1M2I12M2D1M1D48M1D57M1D11M
Q33CJ6_taxID_8330_model_A	ref_PmTYR	36	366	366	1	287	7.194E-01	9.099E-01	9.129E-01	6.995E-01	341	29M24I19M3I31M1I1M1I15M3D3M1D1M1D9M1D3M2D6M1I4M2D5M1I3M6I1M1I1M5I54M7I71M2I9M1I11M1I1M
Q33CJ6_taxID_8330_model_A	ref_1JS8_squid	37	364	366	1	262	6.008E-01	8.211E-01	8.240E-01	5.719E-01	346	30M2I1M19I23M1I1M1I29M1I1M1I13M1I4M1I1M2I4M7I14M17I10M3I20M10I8M13I10M2D1M2D33M4D10M4I9M4D1M5D2M1D8M1I11M
Q33CJ6_taxID_8330_model_A	ref_I3D139_archaea	43	358	366	1	305	6.339E-01	7.530E-01	7.553E-01	5.889E-01	365	25M1I2M15I1M1I16M1I8M2I27M1I1M1I12M1D7M1D10M3I3M1I7M10D4M1D7M3D10I12M1D1M1D8M1D14M10I8M12I8M1D9M1I34M1D16M25D1M3D8M1I7M
Q33CJ6_taxID_8330_model_A	ref_1BT3_Ibatatas	1	366	366	6	333	6.398E-01	6.926E-01	7.102E-01	5.399E-01	429	4M22D7M1I1M2I1M7I1M1I3M7I30M5I1M14I19M1D3M2D5M3I44M1I6M2I3M8I7M1I1M24I5M1D1M5D1M3D6M6D2M1D11M2D5M3D4M5D4M4I6M12I12M7D32M1I2M1I5M6I9M5D9M1I15M
Q33CJ6_taxID_8330_model_A	ref_5CE9_Jregia	1	366	366	6	335	6.423E-01	6.894E-01	7.087E-01	5.378E-01	429	2M1D1M19D8M4I1M7I4M6I32M5I1M14I19M1D3M2D5M3I49M1I1M2I4M7I1M1I5M1I1M25I7M10D4M1D1M1D1M3D1M2D11M2D6M2D4M6D3M4I6M12I12M7D32M1D9M6I9M5D9M1I15M
Q33CJ6_taxID_8330_model_A	ref_A0A9N8ELP9_oomycota	13	366	366	14	407	6.949E-01	6.219E-01	7.188E-01	5.921E-01	459	2M9I4M1D7I30M1D6M6D17I19M8I27M1I16M2I14M1D1M1D1M2D5M1I13M13D2I6M3D5M5D30M1D6M9I6M1I2M1I1M7I13M9D34M5D5M1D3M2D1M13D12M2D4M30D9M2D12M1D1M6D1M
Q33CJ6_taxID_8330_model_A	ref_8BBR_Vspinosum	26	365	366	1	320	6.105E-01	6.823E-01	6.921E-01	5.219E-01	399	1M8I13M1D18M5I1M14I17M15I42M1I12M5I2M5I8M2D2M3D1M21D1I5M2D3M7D5I4M1D5M4D8M1D18M2D4M5D3M4I6M12I17M1I27M3D10M2I11M7D11M1I12M
Q33CJ6_taxID_8330_model_A	ref_2Y9W_Abisporus	37	363	366	1	351	6.258E-01	6.501E-01	6.950E-01	5.264E-01	411	10M1D3M1D16M5I1M14I18M11D7I3M1I30M17D14M3D8M1I6M13D7I10M1D8M1D3I1M1I1M5I8M8D4M1D3M1D3M1D11M1D6M2D11M2I4M13I10M10D37M1I7M1D1M3D1M4D3M1D9M3D20M
A0ACC3YVP2_taxID_5467_model_A	ref_PmTYR	57	348	348	1	285	6.441E-01	7.732E-01	7.809E-01	6.084E-01	334	1M2I30M1D1M1D1M2D2M2D1M13D1M8D15M1I16M1D1M1D10M1I1M1I9M14I11M1D7M1I1M6I14M1D17M1I5M10D9M5I1M1I1M1I14M1I33M1I9M3I1M3I13M4I12M3I5M1D1M
A0ACC3YVP2_taxID_5467_model_A	ref_1JS8_squid	60	348	348	1	261	5.621E-01	7.322E-01	7.374E-01	5.431E-01	335	29M3D1M2D2M2D2M16D2M8D15M1I16M1I2M2I1M1I1M1I1M4I4M24I5M1D7M12I16M2I10M1I13M13I10M2D1M1D34M3D9M9I5M1I4M1D1M1D1M2D4M2D1M1D1M1D9M1I1M1I7M
A0ACC3YVP2_taxID_5467_model_A	ref_I3D139_archaea	66	344	348	1	305	5.914E-01	6.690E-01	7.293E-01	5.610E-01	355	22M7D2M2D2M1D1M1D1M2D1M13D1M8D15M1I19M1I7M1I1M1I6M20I8M10D5M2D7M1I1M2I10M2D3M1D8M1D9M1I13M12I16M1I39M3I1M3I13M23D3M3D12M1I1M2I2M
A0ACC3YVP2_taxID_5467_model_A	ref_A0A9N8ELP9_oomycota	51	348	348	14	397	6.624E-01	5.668E-01	7.654E-01	5.613E-01	418	37M15D1M1D3M2D2M2D1M8D1M8D31M2I1M2I2M1I5M2I1M1I10M12I17M16D4I5M4D2M8D7M1D21M1D14M9I15M8D35M3D2M2D2M1D2M1D6M7D21M30D9M1D5M1I5M1D1M
A0ACC3YVP2_taxID_5467_model_A	ref_2Y9W_Abisporus	60	348	348	1	350	6.122E-01	6.074E-01	7.275E-01	5.223E-01	390	10M1D3M1D15M1D1M4D1M2D2M2D2M20D2M9D18M17D2M1D11M2D8M2D4M1D4M10D28I9M2D7M1D5I10M8D1M2D1M1D7M1D29M1I3M1I1M1I12M9D36M1I12M2D19M1D1M1D11M1I1M2I6M
A0ACC3YVP2_taxID_5467_model_A	ref_5M8L_human	48	321	348	36	361	6.094E-01	5.890E-01	7.601E-01	5.391E-01	358	1M4D4I4M1I29M1D1M26D2M3D2M1D1M1D1M2D1M18D1M8D19M1D11M1I5M1I1M1I4M1I1M1I9M14I25M2D1M1D2M1D12M4D17M1I5M10D11M1D21M1I33M1I10M1I2M3I5M1I5M
A0ACC3YVP2_taxID_5467_model_A	ref_5CE9_Jregia	53	348	348	39	332	5.535E-01	5.671E-01	6.486E-01	5.176E-01	369	4M1I30M1D1M4D1M2D2M2D2M2D1M16D1M8D19M1D16M2I1M1I1M1I1M4I4M25I5M1I1M19I8M3D7M15D11M1D10M8D3I4M1I2M2I15M6D41M12I12M2D1M1D14M3I5M1D1M
A0ACC3YVP2_taxID_5467_model_A	ref_1BT3_Ibatatas	53	348	348	41	330	5.483E-01	5.663E-01	6.507E-01	5.161E-01	368	3M2I30M1D1M4D1M2D2M2D2M2D1M16D1M8D19M1D16M2I1M1I1M1I1M4I4M25I7M19I7M3D7M14D12M1D10M8D3I4M1I2M2I15M6D33M3I5M12I12M2D1M1D14M3I5M1D1M
A0A4U7AY24_taxID_40998_model_A	ref_PmTYR	28	362	815	1	287	2.613E-01	7.204E-01	7.228E-01	6.865E-01	401	1M2I28M8I15M9D1M1D24M1I17M2D11M1I10M1I1M5I9M1D26M4I3M2I16M10D8M5D16M1D29M37D65I2M25I4M
A0A4U7AY24_taxID_40998_model_A	ref_1JS8_squid	31	374	815	1	262	2.298E-01	6.805E-01	6.829E-01	5.865E-01	409	32M5I10M2D1M1D1M8D27M1I16M1I1M2I2M1I1M1I1M3I4M16I5M1D6M5I11M8I8M1I22M1I9M2D1M2D5M1D30M48D89I3M13I1M
A0A4U7AY24_taxID_40998_model_A	ref_I3D139_archaea	37	265	815	1	237	2.431E-01	6.273E-01	8.265E-01	6.651E-01	258	25M1I18M10D26M1I19M1I8M1I6M12I8M10D5M2D4M1D1M2D2M1D10M1D4I5M1D6M1I29M1D36M
A0A4U7AY24_taxID_40998_model_A	ref_5M8L_human	25	265	815	36	339	2.648E-01	5.782E-01	8.483E-01	6.413E-01	317	2M5D34M2D3M18D17M15D30M1D10M1I6M1I1M1I5M1I5M1I5M5I19M9D1M2D18M1I4M2I16M10D8M13D16M1D28M
A0A4U7AY24_taxID_40998_model_A	ref_8BBR_Vspinosum	24	509	815	1	324	2.481E-01	5.944E-01	5.961E-01	5.834E-01	593	1M3I1M1I10M1D24M3I14M2I29M1D12M2I2M1I7M1I3M15I2M4I6M4D2M33D1M1D3M3D5M1D6M2D6I5M3D22M13D52M45D63I2M25I2M11I5M132I1M
A0A4U7AY24_taxID_40998_model_A	ref_A0A9N8ELP9_oomycota	16	375	815	3	412	2.788E-01	5.316E-01	6.041E-01	6.079E-01	522	4M5D45M8D2I14M5D42M5I8M1I11M1I1M4I14M29D4M1D1M1D12M6I18M2D13M3D11M9D5M1D30M96D58I1M2D2I8M23I2M10I4M
A0A4U7AY24_taxID_40998_model_A	ref_5CE9_Jregia	25	377	815	39	339	2.409E-01	5.499E-01	6.153E-01	5.640E-01	440	39M3I15M13D29M1D16M2I1M1I1M1I1M3I4M17I5M1I1M12I5M1D2M9D2M1D7M1D1I15M2D8M14D16M7D6M1D30M37D63I2M25I2M1I1M9I6M
A0A4U7AY24_taxID_40998_model_A	ref_1BT3_Ibatatas	25	376	815	40	336	2.355E-01	5.442E-01	6.125E-01	5.689E-01	442	1M1D1I37M3I15M13D30M1D12M1I2M1I2M1I1M1I1M3I4M17I5M1I1M12I5M1D2M9D1M1D5M2D2I1M1D1I15M2D8M14D17M7D5M1D27M37D66I2M25I2M1I1M9I5M
A0A4U7AY24_taxID_40998_model_A	ref_2Y9W_Abisporus	31	361	815	1	351	2.395E-01	5.262E-01	5.570E-01	5.421E-01	469	10M1D3M1D20M3I11M2D1M14D31M17D2M1D22M3I6M14D15I9M2D6M2D2M1D9M8D5I2M1D3M2D6M1I8M1D9M9D15M10D6M1D28M51D91I4M
X8JAF1_taxID_1086054_model_A	ref_8BBR_Vspinosum	9	114	116	4	314	4.800E-01	2.130E-01	5.143E-01	4.036E-01	325	5M5D15M1D5M3D1M1D8M1D2M2I5M38D6I3M104D4I1M1D3M11D16M1I5M2D1M1D3M1I9M1D2M2D1M48D7M
A0A225WNQ8_taxID_4795_model_A	ref_1JS8_squid	28	369	503	1	262	3.803E-01	6.976E-01	7.000E-01	4.479E-01	392	29M3D10M2D3M7D9M1D2M2D1M23D2M6D7M1I1M18I12M1I1M4I2M1I5M1I1M1I9M1I8M1I14M1I9M2D1M2D5M1D30M1D1I1M3I3M1I2M3I3M6I2M1I8M9I5M3I20M3I6M70I1M
A0A225WNQ8_taxID_4795_model_A	ref_PmTYR	27	370	503	1	287	3.915E-01	6.632E-01	6.653E-01	4.907E-01	414	41M2D3M6D8M1D2M2D1M22D3M13D2M4D10M10I9M1D7M1D3M2I3M1I9M2D4M2I17M9D8M5D17M1D28M13I5M1D3M2I12M10I1M1I1M13I12M3I6M70I2M
A0A225WNQ8_taxID_4795_model_A	ref_I3D139_archaea	34	293	503	1	305	3.868E-01	6.162E-01	7.161E-01	4.738E-01	348	22M7D12M1D3M7D8M1D2M2D1M23D2M7D1M2D2M3D5M15I10M9D8M10D5I8M1D3M1D3M1D1M1D5M1I7M1I20M1D37M9I1M2I1M1I9M1I12M7D2M1D4M3D6M1I3M2I2M1I2M1I14M3I1M
A0A225WNQ8_taxID_4795_model_A	ref_A0A9N8ELP9_oomycota	27	411	503	22	412	4.399E-01	5.278E-01	5.625E-01	4.468E-01	518	29M1D1M13D11M2D3M1D8M1D2M2D1M23D3M6D2M3D7M1D4M9I18M2D1M21D2I2M8D28M1D15M3D9M1D1M8D6M1D30M5I11M1D3M10D5M1D10M9I4M4I7M23D22M70I4M5I8M3I1M8I1M12I1M
A0A225WNQ8_taxID_4795_model_A	ref_8BBR_Vspinosum	27	313	503	3	324	3.840E-01	5.768E-01	6.465E-01	4.378E-01	390	12M1D17M1D1M3D1M1D10M2I2M2I5M1D2M2D1M24D3M5D2M1D6M1D15I4M3I5M3D6M41D4I9M2D1M1D3M2D15M1I9M12D1M1D50M9I9M1D5I10M11I2M1I6M1I2M2I10M1I1M1I1M1I8M1I2M2I1M2I1M4I1M
A0A225WNQ8_taxID_4795_model_A	ref_2Y9W_Abisporus	28	371	503	1	351	3.835E-01	5.370E-01	5.486E-01	4.541E-01	482	10M2D18M1D1M4D10M2D1M12D11M1D2M2D1M42D2M10D3M1D7M13D17I4M1D9M8D6I7M7D5M2D2M2D24M9D15M10D5M1D28M12I1M1I9M7D13M11I2M8I3M1D13M3I6M73I1M
A0A225WNQ8_taxID_4795_model_A	ref_1BT3_Ibatatas	35	413	503	2	331	2.645E-01	3.622E-01	3.679E-01	2.233E-01	517	1M3I1M45I2M1I5M17I3M1I10M5I9M1D14M2I40M1D4M24D3M1D2M2D1M14D2I11M3I1M4I2M4I9M1D3I1M4I4M11I1M9I1M2I7M1I9M61I1M1I7M2D2M2D4M1D3M2D1M1D5M16D1M46D1M1D1I10M4D1M18D11M2I1M1D5I3M
A0A225WNQ8_taxID_4795_model_A	ref_5CE9_Jregia	46	370	503	1	328	2.261E-01	3.082E-01	3.191E-01	2.323E-01	492	1M38I3M1I1M48I7M12D6M35D4I7M5D2I7M1I6M1D2M1D2M5D5M3I26M1D8M11D1I4M1D1M1D15M1I9M2I4M9D11M2D1M23D1M3D2I2M2D1M3D1M21D1M1D13M1D1M18D5I3M1I3M1I3M11D54I6M
A0A225WNQ8_taxID_4795_model_A	ref_5M8L_human	17	354	503	39	347	2.157E-01	2.796E-01	3.154E-01	2.313E-01	496	22M1D18M24D15M10D1M1D2M2D2I2M34D1I1M5D2M2D1M4D2M13D6M6I7M9D15I3M7I1M2I4M1I1M4I2M1I2M3I2M1I2M1D2I2M4I2M2I2M36I1M3I11M1D1M1D1M10D3M1D2M3D4M1D1M1D4M5I2M29D38I12M5D54I7M
A0AAD5CAK5_taxID_4212_model_A	ref_1BT3_Ibatatas	41	377	535	1	336	5.944E-01	9.396E-01	9.424E-01	8.084E-01	347	15M2D3I1M2I6M1I74M1I1M1I10M4D1M3D58M1D112M3I48M
A0AAD5CAK5_taxID_4212_model_A	ref_5CE9_Jregia	41	378	535	1	339	5.952E-01	9.308E-01	9.362E-01	7.855E-01	349	13M1I1M2I2M1D2I6M2I17M1D56M1I1M1I10M4D1M3D58M1D9M1D6M1I148M
A0AAD5CAK5_taxID_4212_model_A	ref_1JS8_squid	90	372	535	1	262	4.018E-01	7.864E-01	7.892E-01	5.373E-01	311	29M2I14M2I7M2I10M4D1M3D16M1I1M1I12M1I11M1D6M9D4M2I1M11I3M3I1M2I1M1I12M2I8M14I6M1I11M1I1M1I1M1I33M2D1M1D3M1D3M1D9M1D2M4D4M1I4M1D19M
A0AAD5CAK5_taxID_4212_model_A	ref_8BBR_Vspinosum	89	379	535	3	324	4.346E-01	6.997E-01	7.766E-01	5.684E-01	362	12M1D38M1D12I5M1D30M1I1M1I10M2I6M60D15M11I14M2I18M1I19M7I6M1I26M2D1M1D6M3D10M1D11M1D18M1I1M1I4M
A0AAD5CAK5_taxID_4212_model_A	ref_PmTYR	89	373	535	1	287	3.969E-01	7.116E-01	7.186E-01	5.142E-01	339	30M4I1M1I12M1I1M1I3M4I4M1D5M4D1M3D14M1I3M1I12M1D2M2D1M2D3M1D1M2D4M11D5M3D1M11D8M8I6M6I1M2I11M2I6M2I3M5I5M3D6M5D12M7I42M5D8M7I22M
A0AAD5CAK5_taxID_4212_model_A	ref_2Y9W_Abisporus	90	371	535	1	351	4.241E-01	6.302E-01	7.744E-01	5.290E-01	380	10M2D36M1I4M5D3I1M3D3I8M4D1M3D17M17D15M4D8M1D3M14D6M19D4M8D8M12I1M1I16M1I11M4I3M1D1I9M1I11M2D1M1D38M1I6M14D14M1I22M
A0AAD5CAK5_taxID_4212_model_A	ref_I3D139_archaea	96	367	535	1	305	3.884E-01	6.601E-01	7.372E-01	4.902E-01	351	24M2D17M1I1M1I2M1I1M2I10M4D1M3D16M1I1M1I11M1D1M1D6M1D1M2D4M5D5M11D1M18D8M1I3M9I1M1I1M1I1M1I15M2I8M14I17M6I6M1I34M1D1M5D7M1D3M22D2I4M2D14M1I1M
A0AAD5CAK5_taxID_4212_model_A	ref_A0A9N8ELP9_oomycota	39	379	535	7	411	4.223E-01	5.355E-01	6.363E-01	4.828E-01	483	5M2D38I6M1D34M9D18M1I1M8I4M4D3M2D18M1I18M1D4M12D8M43D8M1I4M11I1M2I2M1I21M14I5M3D13M1D1M1D37M1D2M2D2M2D6M21D6M4D3M2D3M7D1M1D2M13D3M3D18M1D2M5D1M1D1I3M
A0AAD5CAK5_taxID_4212_model_A	ref_5M8L_human	43	343	535	7	361	3.913E-01	5.609E-01	6.615E-01	4.405E-01	416	8M25I7M4D1M7D2M1D2M6D31M4D1M19D22M8D7I6M4D2M2D32M1D6M2D3M10D7M1D1M23D8M7I8M4I2M1I11M2I6M2I3M5I5M3D6M13D12M7I33M1I8M7D7M
A0A5N6Y9U6_taxID_656916_model_A	ref_PmTYR	515	769	769	1	283	2.778E-01	7.178E-01	8.061E-01	6.518E-01	315	29M8I15M9D1M1D24M1I16M1D1M1D11M1I10M1I1M5I9M2D5M1I18M1D4I6M38D7M1D1M3D3M3D28M2I8M2I3M1I10M4I11M1I1M1I5M
A0A5N6Y9U6_taxID_656916_model_A	ref_1JS8_squid	516	769	769	1	259	2.509E-01	6.993E-01	7.224E-01	5.740E-01	310	32M5I10M3D2M8D27M1I14M1I3M2I2M1I1M1I1M3I4M16I5M1D6M5I12M6I6M22D7M1D1M7D3M3D26M3D10M7I3M1I5M1D1M1D1M1D2M1D1M3D2M1D10M2I6M
A0A5N6Y9U6_taxID_656916_model_A	ref_I3D139_archaea	522	767	769	1	305	2.695E-01	6.494E-01	7.971E-01	5.812E-01	330	28M1I16M9D2M1D23M1I19M1I8M1I6M12I8M10D5M2D5M4D12M2I8M2D2M23D7M2D1M3D3M2D30M1I7M1I3M2I10M24D3M2D12M1I1M1I1M1I1M
A0A5N6Y9U6_taxID_656916_model_A	ref_1BT3_Ibatatas	117	769	769	4	328	2.750E-01	5.906E-01	6.103E-01	5.098E-01	743	4M12I2M259I2M3I1M43I2M1I5M6D28I6M2I2M2I1M3I1M2I1M2I1M5I5M1I36M3I15M13D29M1D13M1I3M1I1M1I2M4I4M16I6M1I1M12I7M6D1M5D4M1D1I2M2D2M1D3M38D6M1D2M10D3M3D25M2I2M2I3M9I12M2D1M1D14M2I5M
A0A5N6Y9U6_taxID_656916_model_A	ref_5CE9_Jregia	117	769	769	4	330	2.764E-01	5.857E-01	6.055E-01	5.059E-01	741	4M12I2M259I2M47I5M1I2M4D28I7M1I2M2I1M3I1M2I1M2I1M5I42M3I15M13D29M1D13M1I3M1I1M1I2M4I4M17I7M12I7M6D1M6D6M2D1I2M1D3M38D6M1D2M10D3M3D29M1I4M9I12M2D1M1D14M2I5M
A0A5N6Y9U6_taxID_656916_model_A	ref_5M8L_human	122	745	769	1	361	2.828E-01	5.718E-01	5.733E-01	5.188E-01	744	2M277I2M44I2M24I7M1I1M2I1M2D2I1M8D6I5M9D11I36M2D3M18D17M15D30M1D11M1I5M1I1M1I5M1I10M6I19M2D1M6D1M3D23M46D7M1D1M3D3M3D26M2I9M1D4M2I3M2I5M
A0A5N6Y9U6_taxID_656916_model_A	ref_8BBR_Vspinosum	513	769	769	1	316	2.593E-01	5.816E-01	7.211E-01	5.263E-01	356	12M1D24M3I14M2I29M1D12M2I2M1I7M1I3M15I2M4I6M4D2M33D1M1D3M3D5M1D6M2D4I6M2D2M1D1M37D7M1D1M3D3M2D26M2D11M6I11M5D14M1I1M1I6M
A0A5N6Y9U6_taxID_656916_model_A	ref_A0A9N8ELP9_oomycota	505	769	769	10	395	2.969E-01	5.357E-01	8.096E-01	5.926E-01	405	10M2D33M10D4I14M5D42M5I8M1I12M5I14M29D4M1D1M1D12M4I8M28D2M1D4M1D2M12D3M3D26M2D1M1D2M2D5M2D4M9D20M30D9M1D10M
A0A5N6Y9U6_taxID_656916_model_A	ref_2Y9W_Abisporus	516	769	769	1	349	2.693E-01	5.602E-01	7.538E-01	5.302E-01	376	10M2D23M3I11M2D1M14D31M17D2M1D22M3I6M13D14I10M2D6M2D2M1D9M7D3I3M1D3M1D2M2D2M33D7M1D1M13D3M3D27M1I1M1I10M5D17M1D1M1D11M1I1M1I5M
J3UI31_taxID_448676_model_A	ref_5M8L_human	13	177	177	1	168	8.860E-01	4.428E-01	9.536E-01	8.569E-01	168	91M2D31M1D43M
J3UI31_taxID_448676_model_A	ref_5CE9_Jregia	3	177	177	1	141	5.362E-01	2.951E-01	6.609E-01	6.022E-01	202	1M1I1M14I8M21D11I4M1I3M2I1M4I35M3I1M18I20M6D6I1M1I39M
J3UI31_taxID_448676_model_A	ref_1JS8_squid	59	177	177	1	91	4.181E-01	2.919E-01	7.572E-01	6.079E-01	121	30M2I1M21I18M1D1I1M1D3I3M1I29M1I1M1I6M
J3UI31_taxID_448676_model_A	ref_I3D139_archaea	1	177	177	97	298	3.438E-01	2.186E-01	3.454E-01	4.050E-01	293	1M2D1M2D3M4D1M1D1M1D1M36D7M4I4M1D4M1D1I1M2D9I2M7D39I5M28I8M1D9M1D8I5M3D24M1I1M1I3M1D2M52D2M1D1M
J3UI31_taxID_448676_model_A	ref_A0A9N8ELP9_oomycota	1	170	177	69	404	3.728E-01	1.919E-01	3.839E-01	3.588E-01	397	2M2D1M1D3M1D5M1I6M2D2M1D3M5D5I2M1D3M2D9M104D40I2M12D8I1M5D13M24D2I1M2D1I2M1D1I7M13D1I2M5D2I12M1D3M1D6M41D11M1D6M2D7M
J3UI31_taxID_448676_model_A	ref_8BBR_Vspinosum	17	162	177	52	245	3.332E-01	2.119E-01	3.746E-01	2.847E-01	235	8M1I2M1D1I5M4I2M2I5M2I6M1D2M14D1M2D3M1D4M3I1M3I1M1D1I15M2D2M2D1M3D1M2D5M10I13M1D1I1M46D6I1M1D1I1M5D5I6M1D1I4M1D5M4D3M1D7M
J3UI31_taxID_448676_model_A	ref_1BT3_Ibatatas	1	177	177	53	319	3.307E-01	2.053E-01	3.321E-01	2.934E-01	340	6M2D6M1D1M2D2I1M82D2I7M6D1M3D1M2D6M2I4M2D4M5D1M2D6M6I2M3D7M2D5M3D3I7M4D2I1M6D4I7M12I1M1I5M1D1I12M15I3M3I9M37D20I1M
L8X5T2_taxID_983506_model_A	ref_PmTYR	9	436	437	1	287	5.119E-01	7.601E-01	7.626E-01	6.329E-01	469	1M157I28M6I15M9D1M1D41M2D11M1I9M1D12M1I6M2D3M1D12M6I4M2I16M10D8M5D16M1D32M1I2M2I2M3I12M3D3M1D5M1D1I2M2D2I2M2D3M
L8X5T2_taxID_983506_model_A	ref_I3D139_archaea	173	432	437	1	303	4.862E-01	6.789E-01	7.879E-01	6.033E-01	325	27M1D16M9D1M1D43M1I8M1I6M5I11M6D6M2D2M9D10M1D6I5M1D6M1I29M1D43M2I1M4I8M1D4M33D8M2I4M
L8X5T2_taxID_983506_model_A	ref_1JS8_squid	167	436	437	1	261	4.474E-01	7.168E-01	7.218E-01	5.424E-01	310	31M3I11M2D1M9D42M1I1M1I2M1I2M1I1M1I1M3I4M9I7M3I16M8I1M1I2M1I5M1I22M1I9M2D1M2D4M1D28M3D7M1I2M7I8M3D1I1M9D3M4D4M1D1I2M3D3I1M1D1I2M
L8X5T2_taxID_983506_model_A	ref_5M8L_human	12	420	437	23	360	5.104E-01	6.096E-01	6.494E-01	5.747E-01	498	8M11D142I35M2D2M20D16M15D28M1D1M1D10M1I6M1I1M1I5M1I21M2I6M15D11M1I4M1I1M1I5M2I16M10D8M13D16M1D31M1I3M2I2M2I11M2I2M
L8X5T2_taxID_983506_model_A	ref_A0A9N8ELP9_oomycota	105	437	437	5	404	5.216E-01	5.507E-01	6.715E-01	5.823E-01	470	4M7D51I35M1D6M7D14M5D33M1D8M2I1M3I6M1I9M1D1M1D11M3I4M2D1M18D1M6D1M9D9M8I19M1D4M1D9M3D11M9D5M1D30M2D9M1I4M13D3M1D5M41D14M6D1I2M1D4M
L8X5T2_taxID_983506_model_A	ref_8BBR_Vspinosum	7	435	437	1	318	4.607E-01	6.062E-01	6.184E-01	5.426E-01	515	3M157I11M1D19M1I17M2I26M1D1M1D13M2I1M2I1M1I1M1I1M3I4M10I12M4D1M3D1M33D1M5D4M1D6M4D7I28M13D50M1D10M6I8M14D10M4D4I2M1D1I1M
L8X5T2_taxID_983506_model_A	ref_5CE9_Jregia	22	436	437	6	332	4.617E-01	5.802E-01	6.009E-01	5.104E-01	500	6M5D32I5M18D97I35M1I18M13D29M2D12M1I2M2I3M1I1M3I4M10I5M4I1M1I1M6I7M6D1M2D26M2D8M14D17M7D5M1D26M2D1I3M1I4M10I1M1I6M10D12M1D1I1M1D1M1D1I2M
L8X5T2_taxID_983506_model_A	ref_1BT3_Ibatatas	22	436	437	6	330	4.564E-01	5.785E-01	5.975E-01	5.102E-01	502	6M8D32I4M18D99I34M1I18M13D29M2D12M1I2M2I1M1I3M3I4M10I5M4I1M1I1M6I7M6D1M2D3M1I7M1D15M2D8M14D17M7D5M1D26M1I3M1I1M1I2M10I1M1I6M10D12M1D1I1M1D1M1D1I2M
L8X5T2_taxID_983506_model_A	ref_2Y9W_Abisporus	167	437	437	1	351	4.649E-01	5.661E-01	7.117E-01	5.030E-01	379	10M2D20M1I14M2D1M14D30M18D2M1D22M3I6M14D8I6M3I4M1D2M7D1M1D9M4D3I2M2D1I2M1D2M1D8M1I8M1D8M1D1M8D15M10D5M1D32M1I2M1I2M9D4I11M8D13M2D2I5M
A0A6M3U4B2_taxID_356328_model_A	ref_5M8L_human	13	168	168	1	159	8.810E-01	4.182E-01	9.522E-01	8.452E-01	159	92M1D2M1D28M1D34M
A0A6M3U4B2_taxID_356328_model_A	ref_5CE9_Jregia	4	168	168	1	132	5.230E-01	2.762E-01	6.522E-01	5.767E-01	190	2M14I7M20D7M4I1M7I1M2I1M4I35M21I22M5D5I1M1I30M
A0A6M3U4B2_taxID_356328_model_A	ref_A0A9N8ELP9_oomycota	1	168	168	69	399	3.465E-01	1.741E-01	3.479E-01	3.089E-01	397	1M2D2M3D3I1M2D5I8M7D1I2M2D2I1M2D3I2M6I8M5I4M104D28I3M22D6I4M1D2M2D1M1D1I2M3D7M9D2M1D11M1D1M21D3I5M3D2I8M1D6M35D1M5D10M2D2M1I8M
A0A8J1TDZ8_taxID_6347_model_A	ref_1JS8_squid	347	601	886	1	262	2.317E-01	7.420E-01	7.638E-01	5.272E-01	301	42M2D1M9D44M1I1M2I3M1I5M1I4M14D28I1M1D1I1M3I2M1I46M5D24M1D10M1D1M1D12M12D10M1I9M
A0A8J1TDZ8_taxID_6347_model_A	ref_PmTYR	346	602	886	1	287	2.388E-01	7.034E-01	7.835E-01	5.573E-01	320	28M3I15M10D42M1D1M1D9M1I5M10I1M8I1M2I3M2I5M26D1I1M1D1I25M10D8M6D10M1I5M2D24M3I11M6D21M1I9M
A0A8J1TDZ8_taxID_6347_model_A	ref_1BT3_Ibatatas	250	627	886	1	336	2.655E-01	6.552E-01	6.570E-01	4.800E-01	455	1M10I7M1D8M1I2M4D18I3M1D5I1M9I7M12I2M3I40M2D14M13D27M1D1M1D13M1I2M2I8M1I4M11D15I3M6D15I7M4D2M1D11M2D8M14D5M1D14M3D3M5D22M1I1M2I2M1I1M1I14M7D13M1I8M19I4M2I1M
A0A8J1TDZ8_taxID_6347_model_A	ref_5CE9_Jregia	261	627	886	1	339	2.672E-01	6.523E-01	6.541E-01	4.756E-01	445	7M1D8M5D21I3M1D5I1M9I7M12I2M3I6M1D31M2D17M13D25M1D1M1D18M2I2M1I10M10D15I3M7D15I7M3D2M1D11M2D8M14D5M1D14M3D3M5D22M1I1M1I20M7D13M1I8M19I4M1I2M
A0A8J1TDZ8_taxID_6347_model_A	ref_I3D139_archaea	353	596	886	1	305	2.223E-01	6.112E-01	7.535E-01	5.146E-01	338	24M4D15M10D51M3D3M6D4M2D5M23D23I1M1D1I1M1D1I3M1I1M1D1I4M2D2M1D24M1D11M1I5M2D23M3I10M1D1M6D10M30D11M1I1M1I1M
A0A8J1TDZ8_taxID_6347_model_A	ref_8BBR_Vspinosum	345	629	886	2	324	2.327E-01	6.000E-01	6.772E-01	4.890E-01	386	11M1D20M2D16M2I25M1D1M1D14M2I2M1I1M1I6M1D2M2D3M54D25I4M1D1I1M7D6I5M2D1M1D18M13D5M1D11M1I4M1D37M1D1M2D9M10D10M1I10M19I1M2I1M2I3M
A0A8J1TDZ8_taxID_6347_model_A	ref_5M8L_human	245	579	886	1	361	2.459E-01	5.670E-01	6.076E-01	4.485E-01	456	1M1I1M20I4M19I4M7I4M1I7M4D3I4M2I11M1D8I35M25D15M15D26M1D1M1D18M1I5M1D4M8D1M1D1M1D3M26D26I1M1D1I3M2D2I6M2D19M10D8M14D16M1D24M3I1M1I10M7D7M
A0A8J1TDZ8_taxID_6347_model_A	ref_2Y9W_Abisporus	347	600	886	1	351	2.363E-01	5.649E-01	7.620E-01	4.974E-01	378	10M1D3M1D16M2D14M16D29M1D1M18D14M2D18M1D1M3D5M27D19I1M1D1I5M2D2I1M2D2M1D2M2D3M1D11M1D9M10D16M6D5M5D23M3I4M1I5M15D10M6D11M1I8M
A0A8J1TDZ8_taxID_6347_model_A	ref_A0A9N8ELP9_oomycota	31	596	886	16	412	1.508E-01	2.725E-01	2.797E-01	2.217E-01	775	1M5D47I1M23D26I7M2D1M73D40I5M2D6M1D1I1M1I9M1I4M6D15I5M20D21I2M21D91I2M3D8I5M1D15I9M1I1M1I10M3D10M22D8M1D1I2M15I1M1D2I2M3I1M10I20M1D1I4M1I16M2I3M1I12M8D3M1D7M15D25I10M5I4M5I1M2I1M31I2M1I1M1I7M1I1M3I3M
A0ABR8I9V9_taxID_2692915_model_A	ref_I3D139_archaea	57	395	407	1	305	6.722E-01	8.878E-01	8.906E-01	6.933E-01	356	43M1I4M1I1M3I43M1D1M1D18M15I11M7D28M1D1M1D8M1D22M14I12M15I5M1I26M1I9M1D28M3D2M1D26M
A0ABR8I9V9_taxID_2692915_model_A	ref_PmTYR	50	402	407	1	287	6.291E-01	8.828E-01	8.858E-01	7.134E-01	371	29M7I18M6I4M1D42M2D1M2D2M1D17M10I6M1D6M1I4M3I2M4I16M1D4M1I16M10D10M9I14M16I36M1I22M26I20M
A0ABR8I9V9_taxID_2692915_model_A	ref_1JS8_squid	51	401	407	1	262	5.637E-01	8.504E-01	8.539E-01	5.830E-01	360	30M2I1M2I20M4I50M1I1M1I1M2I4M20I5M1D2I6M1I1M1I1M9I8M1I2M2I28M15I12M12I35M5D10M6I12M17I5M2D2M1D19M
A0ABR8I9V9_taxID_2692915_model_A	ref_A0A9N8ELP9_oomycota	40	407	407	14	404	6.708E-01	6.631E-01	7.394E-01	6.304E-01	456	3M1I2M1I32M1D5M7D1I18M10I33M1D12M1I1M1I15M9I7M1D4M3I5M1D1M18D1M6D38M2D11M1I1M1I2M9I18M7I38M5D2M1D9M14D11M2D4M15D20I1M11D11M3D18M
A0ABR8I9V9_taxID_2692915_model_A	ref_5M8L_human	32	353	407	27	361	6.157E-01	6.893E-01	7.696E-01	5.918E-01	377	11M1D1I1M3D2I35M2D1M19D22M6D6I32M1D1M1D31M10I11M1I1M1I4M2I9M4D1M3D11M1D1M2D1M1D4M1I16M10D13M2I5M1D12M1I1M15I56M
A0ABR8I9V9_taxID_2692915_model_A	ref_2Y9W_Abisporus	51	400	407	1	351	5.946E-01	6.808E-01	6.844E-01	5.474E-01	422	10M1D3M1D17M2I15M1I4M10D9I4M1D27M19D12M6D6M1D8M10D21I6M1I12M2I12M8D1M1D6M1D3M1D11M1D11M1D1I5M5I3M1D1I19M6I38M2I9M5D2M4D12M20I23M
A0ABR8I9V9_taxID_2692915_model_A	ref_1BT3_Ibatatas	35	404	407	37	333	5.719E-01	6.842E-01	7.695E-01	5.652E-01	407	6M7I33M2I24M1I9M1I25M1D1M1D18M1I1M2I4M20I5M4I1M18I8M10D5M6D2M1D11M2D8M14D5M14I14M9I38M1I3M2I3M6I9M2D19I4M2I21M1I2M
A0ABR8I9V9_taxID_2692915_model_A	ref_5CE9_Jregia	34	403	407	34	335	5.738E-01	6.802E-01	7.583E-01	5.586E-01	408	7M3I1M2I1M1I32M2I25M1I8M1I25M1D1M1D19M3I4M20I5M4I1M18I8M10D2M1D1M1D1M1D1M3D2M1D11M2D8M14D5M14I14M9I37M1D4M1I5M6I9M2D19I4M2I23M
A0ABR8I9V9_taxID_2692915_model_A	ref_8BBR_Vspinosum	48	401	407	1	319	5.617E-01	6.926E-01	7.046E-01	5.313E-01	410	14M1D19M2I17M17I25M1D1M1D26M24I9M2D3M2D1M30D13M1D5M5D30M8D1I6M8I13M16I5M1I28M2D11M1I1M1I11M3D18I4M2I21M
A0A5N7DKE9_taxID_1506151_model_A	ref_PmTYR	77	366	369	1	287	6.497E-01	8.257E-01	8.284E-01	6.853E-01	319	29M8I15M9D1M1D24M1I17M2D11M1I10M4I10M2D4M1I21M1I3M3I17M9D8M5D16M1D30M1I8M3I13M7I12M2I9M
A0A5N7DKE9_taxID_1506151_model_A	ref_1JS8_squid	78	367	369	1	262	5.894E-01	8.131E-01	8.160E-01	6.038E-01	315	31M5I11M3D2M8D27M1I14M1I3M2I2M1I1M1I1M3I4M14I5M1D6M5I12M2I3M3I2M1I2M1I7M1I15M1I9M2D1M2D5M1D27M3D10M6I3M1I5M1D1M1D1M1D5M1D3M1D11M2I7M2I1M
A0A5N7DKE9_taxID_1506151_model_A	ref_I3D139_archaea	84	360	369	1	305	6.333E-01	7.588E-01	8.330E-01	6.563E-01	328	28M1I16M9D1M1D24M1I19M1I8M1I6M9I1M1I7M10D5M2D4M1D1M2D2M1D10M1D13M2I7M1I20M1D48M2I1M1I12M23D19M2I1M1I1M
A0A5N7DKE9_taxID_1506151_model_A	ref_8BBR_Vspinosum	75	369	369	1	324	6.193E-01	6.986E-01	7.628E-01	5.875E-01	359	14M1D22M3I14M2I29M1D12M2I2M1I7M1I3M13I2M4I6M4D2M2D1M28D3M2D2M4D1M1D2M1D6M1D22M1I9M13D49M2D8M1D1I1M5I14M2D15M1I1M1I11M1D2M
A0A5N7DKE9_taxID_1506151_model_A	ref_A0A9N8ELP9_oomycota	71	369	369	14	411	6.835E-01	6.164E-01	8.341E-01	6.352E-01	414	6M2D35M8D2I14M5D42M5I8M1I7M1D4M4I14M29D4M1D1M1D13M1I6M3I11M1D14M3D11M9D5M1D28M1D1M2D2M2D2M1D2M2D4M8D6M1D9M1D4M2D1M11D1M13D11M1D12M2D2M5D1M2D2M
A0A5N7DKE9_taxID_1506151_model_A	ref_2Y9W_Abisporus	78	364	369	1	351	6.280E-01	6.578E-01	7.940E-01	5.908E-01	375	10M1D3M1D17M2I2M1I12M2D1M14D31M17D2M1D22M3I6M13D12I10M1D7M3D1M1D7M8D1M1D12M1I2M1I18M9D15M10D5M1D30M1I10M5D14M1I18M2I7M
A0A5N7DKE9_taxID_1506151_model_A	ref_5M8L_human	68	334	369	21	361	6.147E-01	6.274E-01	8.329E-01	5.961E-01	353	5M8D3M8D33M2D1M18D18M15D30M1D10M1I6M1I1M1I5M1I10M4I19M9D1M2D21M1I18M9D8M13D16M1D40M1I1M1I4M1I5M
A0A5N7DKE9_taxID_1506151_model_A	ref_5CE9_Jregia	70	369	369	37	337	5.962E-01	6.443E-01	7.236E-01	5.868E-01	350	41M3I15M13D29M1D16M2I1M1I1M1I1M3I4M15I7M13I7M3D1M10D22M1D8M14D16M7D6M1D34M9I30M2I12M
A0A5N7DKE9_taxID_1506151_model_A	ref_1BT3_Ibatatas	70	369	369	38	335	5.911E-01	6.448E-01	7.220E-01	5.915E-01	350	41M3I15M13D30M1D12M1I2M1I2M1I1M1I1M3I4M15I5M1I1M12I8M3D1M8D5M1D1M1D16M1D8M14D17M7D5M1D26M2I1M1I4M9I30M2I12M
A0ABR1D605_taxID_51031_model_A	ref_PmTYR	1	184	857	3	282	1.481E-01	3.972E-01	5.806E-01	4.403E-01	319	1M1D1I1M13D1M2D2I2M3D15I19M2I7M5I5M2D1I7M106D8M1D2I1M1I4M1D6M6D45M2I1M3I7M2I15M1I12M2I3M
A0ABR1D605_taxID_51031_model_A	ref_1JS8_squid	1	184	857	2	258	1.378E-01	3.867E-01	5.117E-01	3.929E-01	299	3M13D1M2D2I4M1D11I1M1I4M2D11M1D1I3M1D5I1M1D4I10M3D1I7M79D11I20M2D1M2D34M1D4M1I8M1I7M1D2I3M2D1M1D1M2D6M1D9M2I3M
A0ABR1D605_taxID_51031_model_A	ref_8BBR_Vspinosum	1	184	857	5	315	1.383E-01	3.313E-01	5.334E-01	3.919E-01	357	1M1D1I1M10D1M4D2I1M1D2M5D13I5M2D12M1I6M83D6I7M53D7I8M1I2M5D5I2M1I7M1D16M1I31M1I7M3I1M1I1M1I8M1D1M7D15M2I3M
A0ABR1D605_taxID_51031_model_A	ref_2Y9W_Abisporus	1	183	857	4	350	1.348E-01	2.879E-01	4.753E-01	3.275E-01	387	1M19D2I1M1D1I5M1D1I5M10I6M1I7M10D14I11M2D5M148D7M4I6M2D9M1D4M5D4I7M2D7M1I21M1I9M1I3M1D2M5D1M1D1M1D8M2D1M1D4M1D3M1D9M
A0ABR1D605_taxID_51031_model_A	ref_A0A9N8ELP9_oomycota	1	635	857	97	374	1.430E-01	2.706E-01	3.748E-01	3.468E-01	764	7M2D1M60D1M2D4M2D13M2I2M2I2M1D1I1M35D30I8M9I6M1I11M9D37M1D2M2D5M1D6M6D1M2D3M1D13M4I1M1D4I1M1D3I4M1I5M1I7M3D7M428I1M
A0ABR1D605_taxID_51031_model_A	ref_5M8L_human	21	780	857	48	350	1.204E-01	2.409E-01	2.734E-01	2.245E-01	925	7M1D1M3D2M2D2M2D2I1M12D7I1M22D18I20M20D22I17M50D23I8M1D13M1I1M467I1M37I14M30I1M3I13M12D12M6D5M1D1I3M26D7I8M4D1I1M3D3I7M
A0A4T0VKX6_taxID_80884_model_A	ref_PmTYR	36	351	352	1	287	6.883E-01	8.377E-01	8.405E-01	6.860E-01	346	29M10I15M9D1M1D24M1I17M1I12M1I1M1I9M2I12M2D6M5I14M1D1M1D20M10D8M5D11M4I34M1I2M1I5M26I5M1D10M4I12M2I9M
A0A4T0VKX6_taxID_80884_model_A	ref_1JS8_squid	37	350	352	1	262	6.324E-01	8.371E-01	8.401E-01	6.135E-01	337	32M7I10M3D2M8D27M1I14M1I1M2I1M1I1M1I1M1I1M1I2M5I4M12I5M1D6M9I18M1I23M1I47M3D9M26I1M3I3M1I4M1D2M1D1M1D2M1D2M2D1M2D11M2I8M
A0A4T0VKX6_taxID_80884_model_A	ref_I3D139_archaea	43	344	352	1	305	6.503E-01	7.446E-01	7.539E-01	6.079E-01	356	28M2I1M1I15M9D1M1D24M1I14M1I5M1I1M2I6M2I8M8I8M10D4M2D7M1D1I10M1D2M1D1M1D3M1D4M1D34M3I5M1I40M18I1M2I1M6I9M23D1M1D3M2D13M2I2M
A0A4T0VKX6_taxID_80884_model_A	ref_2Y9W_Abisporus	37	349	352	1	351	6.728E-01	6.746E-01	7.521E-01	5.721E-01	396	10M1D3M1D20M5I11M2D1M14D31M17D2M1D10M1I11M2D4M1D4M9D15I10M2D6M1I1M1D1I10M11D6M1D2M1D10M1D10M10D5M1I11M6D36M1I2M1I9M11I3M1I4M5I16M1D1M1D12M2I7M
A0A4T0VKX6_taxID_80884_model_A	ref_5M8L_human	20	322	352	14	361	6.765E-01	6.606E-01	7.815E-01	5.946E-01	390	6M8D9M8D33M1D3M1D1M16D17M15D30M1D10M1I2M3I4M1I1M1I4M2I10M3I4M1D16M1D2M4D2M2D12M4D1M1D20M10D8M13D10M1I1M3I34M1I7M1D4M18I1M2I1M5I3M1I5M
A0A4T0VKX6_taxID_80884_model_A	ref_A0A9N8ELP9_oomycota	31	352	352	15	407	7.168E-01	6.194E-01	7.802E-01	5.961E-01	425	5M2D34M9D5I14M5D40M1I2M2I1M4I2M1I5M2I10M1I16M2D3M12D6M4D3M9D5M1D7M1D12M2D14M3D13M1D1M4D36M3D3M1D5M2D8M2D2I1M1D2I1M1I2M3I3M1I1M5I3M1I5M2D4M2D1M26D9M2D5M1I7M2D2M5D1M
A0A4T0VKX6_taxID_80884_model_A	ref_8BBR_Vspinosum	34	352	352	1	321	6.390E-01	6.902E-01	7.015E-01	5.696E-01	386	14M1D21M1I1M4I14M2I29M1D12M5I2M1I5M1I2M1I3M12I2M3I5M5D2M2D1M3D1M14D1M2D3M4D3M2D2M4D4M2D4M6D6M1D20M13D16M4I5M1I28M2D10M25I2M3I11M5D13M1I2M1I10M
A0A4T0VKX6_taxID_80884_model_A	ref_5CE9_Jregia	22	352	352	30	335	6.428E-01	6.660E-01	7.354E-01	5.970E-01	386	47M1I1M4I15M13D29M1D11M2I4M1I1M2I1M1I2M5I4M13I7M17I7M3D6M16D10M2D8M14D19M3D38M1I4M27I1M4I11M2D1M1D14M2I10M
A0A4T0VKX6_taxID_80884_model_A	ref_1BT3_Ibatatas	21	352	352	9	333	6.384E-01	6.669E-01	6.902E-01	6.035E-01	408	1M21D47M1I1M4I15M13D29M1D11M2I4M1I1M2I1M1I2M5I4M13I7M17I7M3D6M16D10M2D8M14D19M3D34M2I2M2I3M26I2M5I10M2D1M1D14M2I10M
A0A9P8S5Z4_taxID_2596975_model_A	ref_PmTYR	52	554	866	1	268	2.365E-01	6.704E-01	7.167E-01	5.309E-01	550	29M8I10M16D1M8D1M2D12M1I17M2D11M1I10M1I1M5I9M1D25M2I4M2I16M10D8M5D17M1D6M1I7M27I2M1I5M1I1M7I1M1I3M1I1M12I5M2D71I1M83I2M57I16M
A0A9P8S5Z4_taxID_2596975_model_A	ref_I3D139_archaea	59	728	866	1	282	2.384E-01	6.229E-01	6.708E-01	4.671E-01	721	28M1I11M16D1M8D1M2D12M1I19M1I8M1I6M12I8M10D5M2D4M1D1M2D2M1D10M1D2I5M1D6M1I29M1D24M25I5M2I1M10I1M1I3M1I1M11I6M3D156I1M54I1M1D2I19M150I1M2I1M2D3I1M3I10M
A0A9P8S5Z4_taxID_2596975_model_A	ref_1JS8_squid	53	708	866	1	234	2.074E-01	6.296E-01	6.999E-01	4.416E-01	694	32M5I9M16D1M9D1M2D12M1I16M1I1M2I2M1I1M1I1M3I4M16I5M1D6M5I11M6I8M1I22M1I9M2D1M2D5M1D15M25I5M1I2M2I1M6I5M3D14I6M2D215I2M1I12M153I1M
A0A9P8S5Z4_taxID_2596975_model_A	ref_5M8L_human	35	550	866	15	361	2.517E-01	5.678E-01	5.900E-01	4.787E-01	623	2M1I1M1I5M1D2M8D1M2D1M5D34M2D2M18D14M21D1M8D1M2D16M1D10M1I6M1I1M1I4M1I6M1I5M5I19M9D1M2D22M1I16M10D8M13D17M1D6M1I7M27I2M1I5M1I1M7I1M1I3M1I1M12I6M2D73I1M80I2M2D58I1M1I9M
A0A9P8S5Z4_taxID_2596975_model_A	ref_8BBR_Vspinosum	50	551	866	1	289	2.181E-01	5.414E-01	6.017E-01	4.439E-01	581	12M1D24M3I10M3D1M9D1M2D17M1D12M2I2M1I7M1I3M15I2M4I6M4D2M33D1M1D3M3D5M1D6M2D4I4M3D23M13D34M1I1M27I2M1I5M1I2M4I6M2D15I6M1D158I1M55I12M
A0A9P8S5Z4_taxID_2596975_model_A	ref_A0A9N8ELP9_oomycota	46	554	866	14	343	2.418E-01	4.820E-01	5.913E-01	4.781E-01	606	6M2D35M8D2I10M11D1M8D3M2D26M5I8M1I11M1I1M4I14M29D6M2D11M4I18M1D4M1D9M3D11M9D6M1D15M25I5M1I3M8I5M4D13I7M1D71I1M1D80I1M14D61I16M
A0A9P8S5Z4_taxID_2596975_model_A	ref_2Y9W_Abisporus	53	553	866	1	327	2.183E-01	4.982E-01	5.323E-01	4.200E-01	615	10M1D3M1D17M2I2M1I11M21D1M9D1M2D15M17D2M1D22M3I6M13D14I10M1D7M3D1M1D9M5D1M2D2I2M1D3M2D6M1I8M1D8M1D1M8D15M10D6M1D6M1I7M27I2M1I8M5I4M17I4M12D212I1M1D1I3M1I11M
A0A9P8S5Z4_taxID_2596975_model_A	ref_1BT3_Ibatatas	39	551	866	34	303	2.099E-01	5.018E-01	6.097E-01	4.225E-01	580	4M1I2M1I39M3I10M2D1M25D1M2D16M1D13M1I2M2I3M1I1M3I4M17I7M12I7M9D1M1D6M1D1M1D15M2D8M14D17M7D5M1D6M1I7M27I2M1I5M1I1M7I1M1I3M15I5M1D70I1M146I9M
A0A9P8S5Z4_taxID_2596975_model_A	ref_5CE9_Jregia	39	322	866	30	322	2.060E-01	4.742E-01	5.518E-01	3.744E-01	370	24M1I2M1I13M1D7M1I12M1D1M26D1M2D15M1D13M1I3M3I2M1I1M2I3M21I7M8I5M1D2M5D2M6D6M2D1M2D18M3D2M9D20M7D5M1D7M1I6M27I2M1I9M2I7M10D7I1M9D10M
A0A7R9QRB4_taxID_334625_model_A	ref_1JS8_squid	35	230	744	1	262	2.311E-01	6.305E-01	8.326E-01	5.140E-01	279	29M3D10M2D1M9D41M1D1M37D7M1D1M12D1M2D17M1D2M1D17M1I11M3D10M12I2M1I1M1I8M9D1M2D11M2I8M
A0A7R9QRB4_taxID_334625_model_A	ref_PmTYR	12	231	744	1	287	2.334E-01	5.855E-01	7.571E-01	5.371E-01	326	1M22I42M10D39M2D2M62D3M1D3M2D1M21D1M2D1M5D1M1D8M1I1M1I23M1I13M2I9M1I2M7I3M1I8M1I11M2I9M
A0A7R9QRB4_taxID_334625_model_A	ref_A0A9N8ELP9_oomycota	19	273	744	1	412	2.734E-01	4.771E-01	7.473E-01	5.014E-01	446	6M3D1M1D8M2D29M1D1M13D13M5D31M1D9M88D4M2D2M16D2M1D2M2D1M1D12M4D2M1D1M1D2M1D17M1I11M1D1M2D2M2D11M9D3I9M1I5M2D3M31D9M1D19M4I3M25I5M
A0A7R9QRB4_taxID_334625_model_A	ref_5CE9_Jregia	28	278	744	37	339	2.391E-01	5.044E-01	6.700E-01	4.906E-01	364	6M1D29M1D1M4D14M13D27M1D1M1D10M4D1M44D1M1D6M2D1M27D1M2D2M1D15M1D1M3D1M1D17M1I17M2I1M14I11M6D13M2I7M2I2M40I5M
A0A7R9QRB4_taxID_334625_model_A	ref_1BT3_Ibatatas	28	278	744	39	336	2.359E-01	5.037E-01	6.647E-01	5.013E-01	363	35M1D1M4D14M13D29M2D9M4D1M44D1M1D6M2D1M27D1M2D2M1D15M1D1M3D1M1D17M1I10M2I1M2I3M1I1M14I11M6D13M2I7M2I1M41I5M
A0A7R9QRB4_taxID_334625_model_A	ref_I3D139_archaea	41	224	744	1	305	2.183E-01	5.163E-01	8.375E-01	5.108E-01	320	22M7D14M10D39M1D1M73D7M2D1M11D1M2D2M1D10M1I2M1I20M1I11M2I14M7I3M1I8M29D12M2I2M
A0A7R9QRB4_taxID_334625_model_A	ref_5M8L_human	36	744	744	15	355	1.692E-01	2.942E-01	3.065E-01	1.736E-01	870	7M1I11M41D5I9M2I2M2I1M11I5M3D3I1M2D2I3M8D39I9M1D36I11M10D96I11M2D44I1M1D1I12M1I2M2I1M10D20I2M5D5I1M19D129I11M1D1I2M17D13I10M2I2M1I5M21I1M2I7M1I11M4D4I2M2D2I2M1I2M2I1M17I4M3D1I11M2D2I2M2D2I6M1I5M2D2I1M26D55I6M
A0A7R9QRB4_taxID_334625_model_A	ref_8BBR_Vspinosum	1	680	744	106	324	1.481E-01	2.803E-01	3.599E-01	2.096E-01	744	1M4D13M2D2M1D3M1D1M3D2M2D6M4D1M2D3M1D6M5D5I1M1D1I10M1D24M2D2I8M1D1I2M2D14M1D2M3D1M4D6M3D15I15M3D39I3M4I8M2I1M9I1M2I2M1D13I1M2D15I1M1I2M13I2M8I2M15D18I3M1I2M101I4M119I1M156I1M
A0A7R9QRB4_taxID_334625_model_A	ref_2Y9W_Abisporus	67	687	744	1	300	1.499E-01	2.666E-01	2.967E-01	1.983E-01	762	1M2I2M1I8M3D3I14M1D2I1M3D6I7M1D3M1D1I3M16D9I5M3D2I5M1I2M1I10M2D2I1M40D34I5M3D7M2I12M4D8I4M2I1M3D12I7M8D5I5M17D287I1M2D2I2M1I12M1D1I1M1D25I8M1D1M1D11M28D45I1M1D1I5M4I3M1I10M1D2I1M
A0A135SQH1_taxID_703756_model_A	ref_2Y9W_Abisporus	1	363	641	5	351	4.776E-01	8.502E-01	8.619E-01	6.265E-01	385	1M4D1M1D21M3D3M1D16M1I4M2I4M2I40M1I23M4D20M1I3M1I4M1I9M1I26M2I9M6I31M1D8I1M1I18M8D36M5I9M2I25M4I21M
A0A135SQH1_taxID_703756_model_A	ref_1JS8_squid	1	364	641	5	262	3.540E-01	8.198E-01	8.345E-01	5.063E-01	375	1M3D22M2D15M10I36M1I1M18I2M1I11M1I9M2I2M13I2M2I9M1I1M6I1M2I1M2I6M9I1M1I2M2I2M7I1M3I11M1I10M18I17M2D45M15I17M4D2I22M
A0A135SQH1_taxID_703756_model_A	ref_I3D139_archaea	1	358	641	1	305	3.641E-01	7.201E-01	7.221E-01	4.541E-01	400	1M1D21M6D16M10I8M1I27M1I1M19I15M1D3M1D3M3D4M2D1M1D4M4D8I8M3I3M2I8M2D11M9I1M2I4M4I1M1I17M1I10M17I16M1I5M1I25M1I4M2I10M4I1M2I2M5I13M21D1I20M
A0A135SQH1_taxID_703756_model_A	ref_PmTYR	1	365	641	6	287	3.483E-01	7.305E-01	7.443E-01	4.665E-01	396	1M3D18M1I18M2D13I33M1I1M19I12M1D3M1D8M2I5M12D12I7M1D4M1I1M2I6M1I1M2I6M9I1M1I3M2D2I1M7I1M2I12M1I7M2D2I5M9I4M1D5M6D10M2I35M4I9M11I13M10I21M
A0A135SQH1_taxID_703756_model_A	ref_8BBR_Vspinosum	1	606	641	8	324	3.561E-01	6.691E-01	6.845E-01	4.632E-01	667	1M3D3M1D19M3D3M1D7M23I30M18I13M2I9M4I1M13I1M2I6M2D3M3D4M32D1M2D2M2D5M1I1M1I5M9I9M5I16M1I10M1I3M7D11I7M1D10M2I5M1I32M1I5M1D3M14I13M3D3I1M1I22M18I3M2I1M3I1M214I1M
A0A135SQH1_taxID_703756_model_A	ref_A0A9N8ELP9_oomycota	1	608	641	29	412	4.018E-01	6.019E-01	6.425E-01	4.388E-01	699	1M1D16M2D3M3D2M8D15M15I7M1I24M1I1M18I28M8D14I12M1D3M22D6M2D11M9I1M2I5M1I1M5I1M2I25M13I19M7D40M2D5M1D5M7D3M4I13M3D5M12D3M10D8M2D23M1I5M1I1M228I1M
A0A135SQH1_taxID_703756_model_A	ref_5CE9_Jregia	1	391	641	49	339	3.540E-01	6.387E-01	7.346E-01	4.611E-01	429	1M3D22M3D3M1D8M2D4M9I10M1I28M18I24M2I2M15I1M1I5M20I4M9I2M1I7M10D3I7M1D12M1D9M1I3M8D11I7M1D10M1D1M4D35M3I1M1I6M16I12M3D3I2M2I1M1I19M17I4M2I2M2I1M
A0A135SQH1_taxID_703756_model_A	ref_1BT3_Ibatatas	1	391	641	50	336	3.509E-01	6.397E-01	7.397E-01	4.626E-01	428	1M3D22M4D11M2D4M9I9M1I29M18I24M2I2M15I1M1I5M20I4M9I10M9D3I7M1D12M1D9M1I3M8D11I7M1D11M5D34M7I5M16I12M3D3I2M2I1M1I19M14I1M3I3M2I1M3I1M
A0A135SQH1_taxID_703756_model_A	ref_5M8L_human	1	332	641	51	361	3.234E-01	5.464E-01	6.254E-01	4.141E-01	404	1M3D21M27D15M1D12I4M4D3M1D30M18I22M3D6M6D14I5M1I14M6D1M2D2I10M7I5M3D3I2M9I13M1I7M1D1I5M9I4M1D5M14D9M1I1M1I36M1I3M2I7M3I1M3I1M5I8M
A0A9D4DW49_taxID_45954_model_A	ref_PmTYR	109	368	933	1	286	2.603E-01	8.173E-01	9.017E-01	6.240E-01	295	44M10D61M5D9M2D6M5D1M1D9M2D1M1D20M1D3M1D5M1D5M6D44M4I3M2I21M1I7M1I1M1I11M
A0A9D4DW49_taxID_45954_model_A	ref_1JS8_squid	110	368	933	1	262	2.378E-01	8.068E-01	8.187E-01	5.691E-01	290	29M3D10M2D1M1D1M8D41M2I2M2I1M2I3M1I1M2I4M4I11M1D2M1D33M7I14M2D1M2D35M1I11M1I1M4I10M9D1M2D7M1I1M1I11M
A0A9D4DW49_taxID_45954_model_A	ref_I3D139_archaea	116	363	933	1	305	2.357E-01	6.894E-01	8.408E-01	5.528E-01	323	22M7D15M9D1M1D38M1I4M1I2M1I14M1I8M10D4M3D1M9D1M1D8M3D2M2D4M1D18M6I12M1D9M1I27M4I4M1I22M28D9M1I2M1I3M
A0A9D4DW49_taxID_45954_model_A	ref_1BT3_Ibatatas	66	392	933	21	335	2.494E-01	6.534E-01	6.950E-01	5.254E-01	391	12M1I2M2I1M6I1M2I2M7I6M1I29M1D1M4D14M13D27M1D1M1D12M1I2M2I1M2I4M3I4M5I6M1I1M6I7M5D1I4M16D10M2D11M7D10M1D10M7D31M3I1M2I1M1I1M2I4M2I1M4I9M6D9M1I1M1I13M20I2M
A0A9D4DW49_taxID_45954_model_A	ref_5CE9_Jregia	67	392	933	20	339	2.519E-01	6.502E-01	6.869E-01	5.181E-01	390	11M1I2M2I1M6I1M2I2M7I37M5D13M1D1M12D27M1D1M1D15M2I1M2I1M1I2M3I4M5I6M1I1M6I7M5D1I4M16D10M2D11M7D10M1D9M7D32M3I6M2I5M6I9M6D9M1I1M1I14M18I3M
A0A9D4DW49_taxID_45954_model_A	ref_8BBR_Vspinosum	109	370	933	3	321	2.395E-01	6.536E-01	7.992E-01	5.290E-01	343	12M1D17M1D1M3D1M1D12M2I25M2D15M4I2M1I10M4I3M4I4M2D1M2D1M43D4M2D4M5D3M1D3M2D22M7D3M1I6M1D15M1I29M1I13M4I9M8D13M2I10M
A0A9D4DW49_taxID_45954_model_A	ref_5M8L_human	72	343	933	6	361	2.491E-01	6.164E-01	8.039E-01	5.228E-01	379	2M3D2I1M2D2I2M2D2I2M1D1I1M2D9M6I7M6D29M28D14M15D28M1D1M1D11M1I1M1I1M1I3M1I1M1I10M4D4M1D11M1D1M17D10M5D1M1D20M1D3M1D5M1D5M14D44M5I22M
A0A9D4DW49_taxID_45954_model_A	ref_2Y9W_Abisporus	110	368	933	1	351	2.449E-01	6.150E-01	8.161E-01	5.086E-01	365	10M2D18M1D1M4D11M16D30M19D19M2I5M1I6M13D4I10M2D1M7D1M2D1M1D5M11D5M2D2M1D11M1D7M1D4M2D19M10D34M4I3M2I6M7D7M1D8M3D4M1I17M
A0A9D4DW49_taxID_45954_model_A	ref_A0A9N8ELP9_oomycota	98	392	933	11	411	2.618E-01	5.706E-01	7.819E-01	5.691E-01	434	8M3D3I29M1D1M13D13M5D31M1D10M2I1M5I13M6D13M30D2M7D1M1D4M1D6M2D13M2D8M3I19M9D44M1D5M14D12M2D3M31D13M1D11M9D20I2M
A0A856MK52_taxID_415709_model_A	ref_I3D139_archaea	93	430	443	1	305	6.181E-01	8.870E-01	8.898E-01	7.069E-01	356	45M4I47M2D18M16I11M7D14M1D13M1D1M1D3M1D27M15I12M13I5M1I26M1I11M1D16M1D8M1D1M1D1M1D27M1I1M
A0A856MK52_taxID_415709_model_A	ref_PmTYR	86	437	443	1	287	5.828E-01	8.881E-01	8.911E-01	7.129E-01	368	29M7I21M4I44M2D1M2D2M1D17M10I13M1I4M3I2M3I16M1D4M1I16M10D10M10I14M14I36M1I22M26I19M1I1M
A0A856MK52_taxID_415709_model_A	ref_1JS8_squid	87	435	443	1	262	5.212E-01	8.530E-01	8.560E-01	5.846E-01	357	30M2I1M2I16M3I4M1D1I49M1I1M1I1M2I4M20I7M2I5M1I1M1I1M8I8M1I2M2I28M16I12M10I35M5D10M6I12M15I5M1D1I3M1D19M
A0A856MK52_taxID_415709_model_A	ref_A0A9N8ELP9_oomycota	82	441	443	18	405	6.087E-01	6.514E-01	7.398E-01	6.319E-01	450	33M1D5M7D1I17M1I1M7I1M1I32M1D12M1I1M1I16M9I11M3I5M1D1M18D1M7D37M2D12M1I1M1I1M10I18M5I38M5D2M1D9M14D11M2D4M15D20I1M11D11M3D13M1D3M1D1I1M
A0A856MK52_taxID_415709_model_A	ref_5M8L_human	80	387	443	40	361	5.575E-01	6.749E-01	7.859E-01	5.944E-01	358	38M2D1M19D24M4D3I32M1D1M1D31M10I12M3I4M2I8M5D1M3D11M1D1M2D1M1D4M1I16M10D12M3I6M1D12M1I1M13I56M
A0A856MK52_taxID_415709_model_A	ref_2Y9W_Abisporus	87	434	443	1	351	5.470E-01	6.777E-01	6.848E-01	5.390E-01	419	10M1D3M1D17M2I19M7D4I3M1I32M19D12M6D6M1D8M11D22I6M2I11M1I12M8D1M1D6M1D3M1D11M1D11M2D2I3M6I4M1D1I17M1D5I39M2I8M9D14M20I24M
A0A856MK52_taxID_415709_model_A	ref_8BBR_Vspinosum	85	435	443	2	319	5.177E-01	6.912E-01	7.051E-01	5.320E-01	408	13M1D19M2I16M16I26M2D27M25I4M1I4M3D3M2D1M30D1M1D11M1D5M5D30M8D1I5M6I1M3I13M14I5M1I29M1D10M1I13M3D18I4M2I21M
A0A856MK52_taxID_415709_model_A	ref_1BT3_Ibatatas	83	436	443	42	332	5.171E-01	6.707E-01	7.688E-01	5.652E-01	392	34M2I21M2I6M1D30M1D1M1D19M3I4M21I5M4I1M17I8M10D5M6D2M1D11M2D8M14D5M15I14M7I38M4I5M5I10M2D19I4M2I22M
A0A856MK52_taxID_415709_model_A	ref_5CE9_Jregia	82	436	443	40	334	5.185E-01	6.659E-01	7.600E-01	5.601E-01	393	35M2I21M2I6M1D30M1D1M1D19M3I4M21I5M4I1M17I8M11D3M1D1M1D1M3D2M1D11M2D8M14D5M15I14M7I40M1I6M5I7M1I3M2D18I4M2I22M
A0A0V0R8Y7_taxID_266149_model_A	ref_1JS8_squid	33	312	883	1	262	2.533E-01	8.151E-01	8.181E-01	5.825E-01	309	30M4I14M1D1M9D29M6I14M2D6M1D1M2D1M1D5M2I3M5I2M2I2M1I2M2I2M3I2M1I5M1I20M8I14M2D1M2D32M4D6M2I4M9I11M5D15M1I11M
A0A0V0R8Y7_taxID_266149_model_A	ref_PmTYR	30	313	883	1	287	2.584E-01	7.490E-01	7.586E-01	5.348E-01	327	1M2I28M7I16M9D27M6I12M1D1M4D1M2D1M1D3M2D1M1D1M13D12M2I5M1I2M2I2M1I4M2I2M1D1I23M2D1I9M1D5M6D47M1I2M2I6M4I12M7I9M1I12M
A0A0V0R8Y7_taxID_266149_model_A	ref_8BBR_Vspinosum	30	317	883	1	324	2.779E-01	7.112E-01	7.947E-01	5.212E-01	347	14M1D18M2I15M3I30M3I1M1I12M1D10M2D1M1D6M4D5M1D1M29D1M2D3M1D8M1D18M2D18M7D4M1I21M1I28M3D11M9I13M4D2I11M1I16M
A0A0V0R8Y7_taxID_266149_model_A	ref_2Y9W_Abisporus	33	311	883	1	351	2.852E-01	6.878E-01	8.555E-01	5.737E-01	364	10M1D3M1D16M2I18M15D33M11D1M2D14M6D6M1D1M1D1M16D1M1D5M1I9M2D9M6D5M1D10M1I10M1D14M2D18M10D37M2I6M7D5I7M1D9M1I12M1I11M
A0A0V0R8Y7_taxID_266149_model_A	ref_I3D139_archaea	39	306	883	1	305	2.556E-01	6.976E-01	7.892E-01	5.109E-01	331	44M9D28M6I11M2D3M1D1M2D3M2D1M1D2M6D1M1D4M7D12M4D8M1I7M1I7M1D20M7I11M1D7M1I31M1I5M1I3M1I2M4I5M1D9M25D2I12M1I5M
A0A0V0R8Y7_taxID_266149_model_A	ref_1BT3_Ibatatas	26	317	883	39	336	2.613E-01	6.459E-01	7.365E-01	5.227E-01	338	36M2I16M2D1M1D2M9D29M4I12M1D1M2D15M14I1M2I18M13D11M2D10M8D4M1I17M7D32M1I4M2I2M12I13M1D1I12M1I16M
A0A0V0R8Y7_taxID_266149_model_A	ref_5CE9_Jregia	26	318	883	37	339	2.639E-01	6.442E-01	7.375E-01	5.172E-01	340	5M1D31M2I16M2D1M1D2M9D29M4I12M1D1M2D15M14I1M2I18M13D11M2D10M8D4M1I17M7D36M1I4M2I1M9I13M1D1I12M1I17M
A0A0V0R8Y7_taxID_266149_model_A	ref_A0A9N8ELP9_oomycota	11	318	883	1	411	2.984E-01	6.056E-01	7.900E-01	5.096E-01	427	1M2I18M2D36M7D16M4D27M5I15M1D2M1D1M1D2M1D1M14D13M21D6M4D11M3I20M2D12M3I3M1I12M9D34M4D14M11D2I4M1D8M3D4M3D3M8D1M13D10M2D12M2D1M5D5M
A0A0V0R8Y7_taxID_266149_model_A	ref_5M8L_human	26	282	883	23	361	2.487E-01	5.727E-01	7.810E-01	4.772E-01	353	2M9D4M8D32M2D1M19D18M14D29M4I15M2D1M1D3M2D3M13D7M1I6M1D1M7D7M1I2M1I8M2D1I24M1D9M1D5M14D50M2I3M1I2M2I1M1I10M
A0ABD3GZG7_taxID_122646_model_A	ref_5CE9_Jregia	23	339	345	1	339	7.548E-01	7.674E-01	8.195E-01	6.550E-01	369	20M2D19M1I11M1I1M3I38M24D2M2D2M2D2M2D2M6D4M5D8I28M1I13M5I1M4I22M1D18M1I1M4I19M7D35M1D46M1I1M1I2M
A0ABD3GZG7_taxID_122646_model_A	ref_1BT3_Ibatatas	23	338	345	1	336	7.438E-01	7.626E-01	8.103E-01	6.518E-01	370	12M2D8M2D19M2I10M1I1M3I38M24D2M2D2M2D2M2D2M6D4M5D8I29M1I10M7I1M3I5M1D18M1D18M1I1M4I19M7D33M1I1M1I45M1I1M1I1M
A0ABD3GZG7_taxID_122646_model_A	ref_8BBR_Vspinosum	60	342	345	1	324	6.002E-01	6.362E-01	7.231E-01	5.504E-01	375	1M1I1M2I9M1I2M2I39M9D1M2D2M2D3M1D2M4D4M5D7I1M1D1I12M2I6M59D11M1I5M20I13M1I15M1I1M1I3M4I25M1I26M4D6M3D9M1D12M1D20M4I2M2I1M
A0ABD3GZG7_taxID_122646_model_A	ref_1JS8_squid	66	331	345	1	262	5.147E-01	6.627E-01	6.650E-01	5.068E-01	327	8M1I1M3I20M2I13M13D4M9D1M2D2M2D3M1D2M3D4M4D7I1M1D1I4M1D10M1D5M8D6M24I1M1I2M1I1M2I2M1I10M1I9M19I6M1I9M2D1M2D32M4D3M1D3M2D11M4D4M1I4M1D19M
A0ABD3GZG7_taxID_122646_model_A	ref_PmTYR	65	332	345	1	287	5.171E-01	6.101E-01	6.507E-01	4.774E-01	345	33M5I12M9D2M5D1M2D2M2D3M1D3M1D2M3D3M5D6I1M1D1I4M4D1M2D1M1D2M3D4M10D6M15D7M22I6M4I2M1I10M2I4M2I6M7I1M1I4M1D1M1D6M5D53M6D8M7I22M
A0ABD3GZG7_taxID_122646_model_A	ref_2Y9W_Abisporus	66	330	345	1	351	5.460E-01	5.376E-01	6.937E-01	4.882E-01	392	10M1D19M1I3M2I13M18D4M9D1M2D2M2D2M1D3M2D1M17D4M6D6I1M2D3M4D9M1D2M14D6M19D5M5D8M19I2M1I1M1I27M8I6M1I7M1I9M10D40M14D14M1I22M
A0ABD3GZG7_taxID_122646_model_A	ref_I3D139_archaea	72	326	345	1	305	4.882E-01	5.453E-01	6.417E-01	4.659E-01	362	23M1I10M1I10M12D1M9D1M2D2M2D2M1D3M2D5M7D7I1M1D1M1D4M1D3M2D4M4D6M30D8M1I1M2I1M20I4M1I14M1I9M19I13M1D9M1I28M1D5M1D1M5D10M23D2I4M2D14M1I1M
A0ABD3GZG7_taxID_122646_model_A	ref_5M8L_human	27	302	345	2	361	5.083E-01	4.886E-01	6.186E-01	4.086E-01	415	6M1I1M1D12I11M5D1M7D2M1D1M5D34M3D1I4M16D4M2D1M2D9M15D3M7D2M2D2M1D4M1D2M4D4M3D5I1M1D1I4M4D3M1D1M2D4M9D2M1D4M25D8M20I8M3I2M1I10M1I7M2I4M7I4M1D1I8M13D49M1D4M6D7M
A0ABD3GZG7_taxID_122646_model_A	ref_A0A9N8ELP9_oomycota	24	342	345	8	410	5.255E-01	4.499E-01	5.637E-01	4.494E-01	495	2M3D30I38M1I4M11D1I15M4D2M5D1M2D2M2D3M1D3M2D1M3D4M5D7I5M2D3M2D4M14D1M1D6M41D8M4I4M20I1M2I2M1I11M1I5M1I4M16I6M3D11M9D33M1D2M2D2M3D5M21D7M3D3M1D3M11D1M13D6M2D16M1D1M6D6I1M2D2I1M
A0AAD4KYH8_taxID_1131652_model_A	ref_PmTYR	23	386	386	1	286	6.292E-01	8.361E-01	8.417E-01	6.234E-01	393	29M24I14M10D26M1I17M2D10M3I5M1I16M1D8M3D11M1I1M1I1M11I1M1I4M2I11M1I6M9D7M1D1M2D18M16I15M21I16M1I7M16I13M5I13M2I5M1D2M
A0AAD4KYH8_taxID_1131652_model_A	ref_1JS8_squid	24	386	386	1	262	5.639E-01	8.087E-01	8.116E-01	5.234E-01	384	31M21I11M2D1M1D1M8D27M1I16M1I1M2I2M1I2M6I4M11I13M1I11M18I7M1I7M1I3M1I11M3I11M2I1M1I4M9I18M21I13M3D10M19I4M1I7M3D2M1D2M2D3M1D9M1I9M
A0AAD4KYH8_taxID_1131652_model_A	ref_I3D139_archaea	30	381	386	1	305	5.825E-01	7.280E-01	7.302E-01	5.704E-01	412	27M16I1M1I15M10D26M1I19M1I7M3I8M7I7M2D1M6D1M1D4M2D2M7D1M1D10M4D16I1M1D1I7M1I8M1I2M1I11M2I8M1D8M17I14M21I23M16I14M23D5M2D13M2I2M
A0AAD4KYH8_taxID_1131652_model_A	ref_A0A9N8ELP9_oomycota	17	386	386	14	397	6.535E-01	6.154E-01	6.809E-01	5.447E-01	462	6M2D33M10D20I14M5D42M5I8M3I22M1I4M29D2M6D13M16I33M1D12M2I1M1I2M1I1M3I4M2D2I18M21I13M1D2M2D2M2D5M1D13M1I2M1I19M29D9M2D5M1I7M
A0AAD4KYH8_taxID_1131652_model_A	ref_5M8L_human	15	358	386	22	361	6.043E-01	6.432E-01	6.819E-01	5.257E-01	423	4M8D1M1D2M7D32M1D9M11D8I19M15D30M1D10M1I6M1I1M1I5M3I4M1I17M1I6M15D13M1I1M11I7M1I11M1I6M9D9M11D17M16I15M21I14M1I10M14I7M1I5M
A0AAD4KYH8_taxID_1131652_model_A	ref_8BBR_Vspinosum	21	386	386	1	318	5.704E-01	6.711E-01	6.849E-01	5.229E-01	436	14M1D21M1I1M18I14M2I29M1D12M2I1M2I1M1I7M1I3M10I2M5I6M4D2M36D1M5D4M1D5M4D4M15I16M1I3M1I6M12D6M1I16M17I14M21I14M2D9M18I14M4D14M1I1M1I8M
A0AAD4KYH8_taxID_1131652_model_A	ref_2Y9W_Abisporus	24	386	386	1	351	5.886E-01	6.424E-01	6.441E-01	4.999E-01	450	10M2D23M19I11M2D1M14D31M17D2M1D22M5I6M13D10I10M2D2M2D1M4D1M1D7M8D1M1D5M2D15I7M1I11M1I10M1D2M2D1M4D13M5D1I5M10I18M21I16M1I10M4D12I16M1D1I1M1D14M2I7M
A0AAD4KYH8_taxID_1131652_model_A	ref_5CE9_Jregia	16	386	386	37	332	5.765E-01	6.504E-01	7.396E-01	5.179E-01	414	40M1I1M18I15M13D29M1D16M2I1M1I2M6I4M12I5M2I1M8I8M6D1M2D3M11I6M3D2M1D21M14D5M2I13M1D6M10I18M21I21M22I12M2D16M2I7M
A0AAD4KYH8_taxID_1131652_model_A	ref_1BT3_Ibatatas	17	386	386	39	330	5.625E-01	6.397E-01	7.302E-01	5.110E-01	414	39M1I1M18I15M13D30M1D15M2I1M1I2M6I4M12I5M2I1M8I8M8D12I7M1D1M4D24M14D5M2I12M2I4M7I3M1D1I18M21I13M2I1M1I4M22I12M2D16M2I7M
A0A388LXR0_taxID_69332_model_A	ref_5CE9_Jregia	40	358	541	1	339	5.445E-01	8.588E-01	9.138E-01	7.296E-01	353	16M7D7M1I2M1I8M1D14M2I17M3I20M1I5M5D80M14D12M1D12M3D1M2D23M1D37M2I1M2I36M1I13M1I1M
A0A388LXR0_taxID_69332_model_A	ref_1BT3_Ibatatas	40	356	541	1	336	5.377E-01	8.554E-01	9.079E-01	7.298E-01	352	15M9D9M1I1M1I21M1I1M1I17M3I20M1I5M5D80M14D12M1D12M4D1M1D23M1D35M6I1M1I35M1I13M
A0A388LXR0_taxID_69332_model_A	ref_1JS8_squid	78	351	541	1	262	4.110E-01	8.119E-01	8.148E-01	5.488E-01	293	10M2I18M3I1M2I20M2D33M1I1M1I12M1I12M1D5M8D5M3I2M1I7M1I6M1I11M9I6M1I12M1I1M1I34M1I6M1D3M1D9M1D2M4D4M1I4M1D10M1I9M
A0A388LXR0_taxID_69332_model_A	ref_8BBR_Vspinosum	77	359	541	3	324	4.409E-01	7.216E-01	8.235E-01	6.119E-01	354	10M1I20M3I19M11I39M1I1M1I10M2I6M60D12M2D14M1I14M4D20M6I5M1I28M1I9M3D10M1D11M1D8M1I12M2I2M1I1M
A0A388LXR0_taxID_69332_model_A	ref_PmTYR	77	351	541	1	286	3.999E-01	7.234E-01	7.542E-01	5.327E-01	323	11M1I3M1I16M7I1M1I20M1D27M1I3M1I15M2D1M2D1M1D2M3D4M10D7M14D6M2I17M1I8M3I8M4D6M5D12M6I32M5I9M6D8M7I13M1I8M
A0A388LXR0_taxID_69332_model_A	ref_2Y9W_Abisporus	78	350	541	1	351	4.384E-01	6.593E-01	8.350E-01	5.695E-01	364	30M3I20M9D2I35M17D15M4D9M1D2M14D6M19D4M6D10M1D3M1D23M1I3M1D20M2D1M2D36M5I7M14D14M1I14M1I8M
A0A388LXR0_taxID_69332_model_A	ref_I3D139_archaea	84	344	541	1	305	3.924E-01	6.723E-01	7.795E-01	5.084E-01	334	4M1I1M1I18M1I20M1I4M1D1M1D31M1I1M1I13M1D4M1D2M3D4M4D6M30D10M1I9M1D6M1I11M9I17M5I6M1I26M4I8M1D1M5D7M1D3M22D2I4M2D15M
A0A388LXR0_taxID_69332_model_A	ref_5M8L_human	33	321	541	1	361	4.029E-01	5.836E-01	7.146E-01	4.654E-01	400	1M1I1M5D6I7M14I7M4D1M6D3M1D2M6D12M1I3M1I18M2D2M18D22M6D48M1D6M2D3M10D7M1D1M23D5M1I5M2D14M1I9M2I4M1I3M4D6M13D12M6I31M5I10M7D7M
A0A388LXR0_taxID_69332_model_A	ref_A0A9N8ELP9_oomycota	39	360	541	8	410	4.323E-01	5.533E-01	6.913E-01	5.056E-01	451	4M2D27I6M1D12M2I25M6D16M1I2M2I2M1I30M1I18M1D4M12D8M43D6M2I30M8I5M3D13M1D1M2D37M1I6M3D6M20D6M4D3M1D4M7D1M2D1M13D9M2D13M1D2M5D3I4M
I1U4K6_taxID_3750_model_A	ref_5CE9_Jregia	105	442	610	1	339	5.486E-01	9.835E-01	9.893E-01	8.662E-01	340	40M1D143M1D6M1I148M
I1U4K6_taxID_3750_model_A	ref_1BT3_Ibatatas	105	441	610	1	336	5.437E-01	9.833E-01	9.862E-01	8.579E-01	339	13M1D1M1D272M3I48M
I1U4K6_taxID_3750_model_A	ref_1JS8_squid	148	436	610	1	262	3.680E-01	8.199E-01	8.229E-01	5.528E-01	311	29M2I14M2I7M1I5M1D28M1I1M1I12M1I12M1D5M9D4M2I1M12I4M5I2M1I11M2I8M14I6M1I11M1I2M2I33M2D1M1D3M1D3M2D11M4D4M1I4M1D19M
I1U4K6_taxID_3750_model_A	ref_8BBR_Vspinosum	146	442	610	2	324	3.948E-01	7.248E-01	7.899E-01	6.055E-01	366	12M1D37M15I39M1I1M1I10M2I6M60D4M1I11M11I14M2I14M1I23M7I6M1I26M2D1M1D6M3D10M1D10M1D21M1I3M
I1U4K6_taxID_3750_model_A	ref_PmTYR	147	437	610	1	287	3.600E-01	7.315E-01	7.339E-01	5.270E-01	339	30M5I13M1I1M1I3M2I7M1D24M1I3M1I15M2D1M2D1M1D2M3D4M11D5M3D1M11D8M9I6M6I1M2I11M2I6M2I4M6I3M4D6M5D11M7I43M5D8M7I22M
I1U4K6_taxID_3750_model_A	ref_2Y9W_Abisporus	148	435	610	1	351	3.896E-01	6.542E-01	7.877E-01	5.399E-01	375	10M1D1M1D34M2I4M6D2I8M1D28M17D15M4D9M1D2M14D6M19D4M6D10M11I1M1I16M1I11M5I24M2D1M1D38M1I6M14D14M1I22M
I1U4K6_taxID_3750_model_A	ref_I3D139_archaea	154	430	610	1	305	3.533E-01	6.800E-01	7.464E-01	5.056E-01	349	24M2D17M1I1M1I2M1I35M1I1M1I11M1D1M1D7M3D4M4D6M30D17M13I1M1I11M2I8M14I17M6I6M1I34M1D1M5D7M1D3M22D2I4M2D15M
I1U4K6_taxID_3750_model_A	ref_5M8L_human	106	407	610	7	361	3.574E-01	5.815E-01	6.857E-01	4.627E-01	414	8M20I7M4D1M7D2M1D2M6D31M5D1M18D22M5D4I2M1D51M1D1M2D4M9D1M1D5M1D1M24D7M3D8I4M1I2M6I1M2I11M2I6M2I4M6I3M4D6M13D12M7I33M1I4M1D4M6D7M
I1U4K6_taxID_3750_model_A	ref_A0A9N8ELP9_oomycota	104	443	610	8	411	3.848E-01	5.528E-01	6.599E-01	5.088E-01	477	3M3D33I6M1D34M9D17M2I1M6I32M1I18M1D5M12D7M44D9M1I6M16I20M14I5M3D15M2D36M1D2M2D2M3D6M20D6M4D3M1D4M7D1M2D1M13D9M3D12M1D2M5D5M
B9XQZ3_taxID_320771_model_A	ref_1JS8_squid	414	703	883	1	262	2.446E-01	7.741E-01	7.768E-01	5.544E-01	323	11M1I18M2I16M2D5I2M2D2I2M1I1M18I7M11I21M1I3M1I11M2I1M1I12M1D5M9D4M2I1M5I1M1I8M2D2M1D8M7I9M1I9M2D1M2D32M4D2M2D4M1D8M1D2M4D28M
B9XQZ3_taxID_320771_model_A	ref_5CE9_Jregia	265	709	883	19	339	2.842E-01	7.071E-01	7.464E-01	5.946E-01	497	3M1D41I3M14D97I16M1I35M2I2M2I1M3I1M2I1M15I2M2D9I47M1I1M1I32M7D4M3D1M2D2M2D2M1D4M2D6M3D3M6D3M2I18M7D32M2D50M
B9XQZ3_taxID_320771_model_A	ref_1BT3_Ibatatas	264	708	883	20	336	2.822E-01	7.064E-01	7.478E-01	5.877E-01	495	4M40I1M2D2I1M13D97I16M1I35M2I2M2I1M2I2M2I1M15I2M1D10I8M1D38M1I1M1I32M5D3M1D1M4D1M2D2M2D2M1D4M2D6M3D3M6D3M2I18M7D32M1I48M
B9XQZ3_taxID_320771_model_A	ref_PmTYR	413	703	883	1	286	2.489E-01	7.227E-01	7.274E-01	5.675E-01	343	12M1I18M5I10M35I3M2I8M1D3M2D22M1I1M1I13M1D7M1D2M2D1M2D4M10D6M15D5M2I1M3I11M2D2M1D11M1D2M1D3M1D8M5D45M1D7M6D8M7I21M
B9XQZ3_taxID_320771_model_A	ref_8BBR_Vspinosum	412	708	883	2	324	2.629E-01	6.907E-01	7.526E-01	6.220E-01	378	47M35I6M11I37M4I10M2I6M59D20M3D2M1D10M3D3M5D3M2I23M1I26M4D1M1D4M3D10M1D11M1D23M
B9XQZ3_taxID_320771_model_A	ref_2Y9W_Abisporus	414	702	883	1	351	2.688E-01	6.395E-01	7.671E-01	5.412E-01	382	13M1D34M13I2M2I1M2I8M1D1I9M11I25M17D15M1D1M1D10M1D3M14D5M19D4M6D17M2D2M1D4M1D6M1D2M1D3M1D10M1I9M10D34M1D5M14D14M1I22M
B9XQZ3_taxID_320771_model_A	ref_I3D139_archaea	420	698	883	1	305	2.389E-01	6.542E-01	7.131E-01	5.189E-01	359	5M1I19M2D14M35I3M3I3M2D7M2D22M1I1M1I22M1D1M2D4M4D6M30D8M2I12M1D1M1D1M1D9M7I16M1D9M1I27M2D5M1D1M5D7M1D3M22D2I4M2D14M1I1M
B9XQZ3_taxID_320771_model_A	ref_5M8L_human	406	674	883	39	361	2.368E-01	5.461E-01	7.147E-01	4.805E-01	363	19M1I18M5D1M18D16M3I6M1I2M4D26I4M3I43M1I8M2D4M9D1M1D5M25D8M3D5I9M2D2M1D14M2D2M1D8M13D49M1D3M7D7M
B9XQZ3_taxID_320771_model_A	ref_A0A9N8ELP9_oomycota	446	872	883	33	390	1.647E-01	2.985E-01	3.285E-01	1.947E-01	581	2M3I9M1D3M2D1M2D1M2D6M38D26I2M1D3M2D2M1D7M2I4M1I3M1I8M1I2M1D6I5M12I11M2D7M20D4M3D1I8M23D7I8M4D4I2M1D2M1D3M5D6M3D1M9D8M1I2M4I1M4I3M1I3M1I2M1D1I2M2D3I1M3I7M22D38I9M17I6M16I1M1I10M1D2I7M6D12M2I7M49I4M7I1M1I1M7I5M1D1I2M
L7JJQ8_taxID_1143193_model_A	ref_2Y9W_Abisporus	34	362	566	1	351	5.430E-01	8.634E-01	9.218E-01	6.742E-01	360	11M1I43M1D7M1I63M6D8M1D10M1D19M3I8M1I51M4D19M8D13M2D1M2D2M2D1M1D1M1D1M1D9M1I16M1D17M2I20M
L7JJQ8_taxID_1143193_model_A	ref_1JS8_squid	34	363	566	1	262	4.029E-01	8.434E-01	8.464E-01	5.362E-01	351	10M2I3M1I16M2I18M5I38M17I1M2I12M1D10M12I9M1I1M1I1M10I1M2I7M8I1M2I1M1I4M3I11M1I10M6I17M2D11M2D1M2D2M2D1M1D1M1D1M1D7M4D9M11I2M1I9M3D1M1D3M1D1I22M
L7JJQ8_taxID_1143193_model_A	ref_PmTYR	33	364	566	1	287	3.938E-01	7.401E-01	7.425E-01	4.663E-01	370	11M2I3M1I16M5I14M6I37M18I2M1I12M4D2M1D10M12D9I6M1D5M2I1M2I4M4I1M2I7M8I1M1I6M1I3M1I10M1I7M2D1I7M1D1M2D4M6D10M2I12M2D1M2D2M2D1M1D1M1D1M1D18M1I1M3I1M4I10M8I21M
L7JJQ8_taxID_1143193_model_A	ref_8BBR_Vspinosum	32	547	566	2	324	4.215E-01	7.086E-01	7.127E-01	4.779E-01	576	11M2I36M18I30M17I23M15I5M1D1M2D3M2D5M1D2M29D1M2D15M6I9M1I8M1D7M1I11M8D19M2I6M1I5M2D1M2D2M2D1M1D1M1D1M1D7M3D10M10I13M1D1I1M1D23M21I1M3I3M5I1M150I1M
L7JJQ8_taxID_1143193_model_A	ref_I3D139_archaea	40	357	566	1	305	4.015E-01	7.116E-01	7.138E-01	4.471E-01	370	4M2I3M1I17M2D19M4I8M2I29M17I1M2I10M1D2M2D2M1D2M3D4M5D3M5D8I6M1D2I4M1I1M1I1M2I6M1D12M7I1M1I23M1I8M1I1M4I16M1I6M1I5M2D1M2D2M2D1M1D1M1D1M1D20M3I1M4I13M22D19M
L7JJQ8_taxID_1143193_model_A	ref_5CE9_Jregia	16	397	566	29	339	4.243E-01	6.827E-01	7.401E-01	4.741E-01	424	10M1I6M1I10M2I3M1I33M1D4M1D2I9M3I28M17I13M2D12M13I5M23I4M6I11M9D1M3D15M1D10M9D19M1D1M4D13M2D1M2D2M2D1M1D2M2D15M13I6M1I5M1D1I1M1D1I22M21I1M2I4M5I2M
L7JJQ8_taxID_1143193_model_A	ref_1BT3_Ibatatas	16	396	566	31	336	4.203E-01	6.802E-01	7.429E-01	4.689E-01	419	14M2I1M1I10M2I3M1I33M1D4M1D2I9M3I28M17I13M2D12M13I5M23I4M6I10M11D1M1D16M1D10M9D21M5D12M2D1M2D2M2D18M13I6M1I7M1D1I22M21I1M2I4M5I1M
L7JJQ8_taxID_1143193_model_A	ref_A0A9N8ELP9_oomycota	27	548	566	16	412	4.521E-01	6.052E-01	6.272E-01	4.448E-01	628	17M2I3M1I19M9D16M6I1M2I4M2I2M1I26M17I1M1I13M1D4M1D5M11D12I16M1D1M13D4M8D13M7I2M2I2M1I6M1I11M1D13M2I16M7D13M2D1M2D2M1D1M2D2M2D7M1D1M2D2M2D3M1D7M10D3I13M3D5M12D2M12D7M2D20M1I1M1I1M4I1M2I5M1I1M162I1M
L7JJQ8_taxID_1143193_model_A	ref_5M8L_human	17	333	566	18	361	3.843E-01	5.784E-01	6.500E-01	4.056E-01	408	1M8D1I4M1D7M4D14M2I3M1I17M23D18M1D6I4M4D34M17I15M1D2M1D2M3D6M8D11I10M1I10M9D6I7M8I5M1D7M1I11M1I7M1D8M3D4M13D1M1D8M1I1M1I12M2D1M2D2M2D1M1D1M1D1M1D20M3I1M4I8M
A0AAX6MY24_taxID_292717_model_A	ref_2Y9W_Abisporus	28	464	741	1	351	4.450E-01	9.152E-01	9.177E-01	5.861E-01	443	12M5I42M1D6M1I66M4I11M1D13M1I14M2I4M11I7M4I11M4I2M1I1M4I1M1I12M18I13M1D13M2D11I21M1D3M5I23M17I20M3I50M
A0AAX6MY24_taxID_292717_model_A	ref_1JS8_squid	28	465	741	1	262	3.219E-01	8.700E-01	8.731E-01	4.780E-01	450	10M2I2M4I1M1I16M2I18M6I4M1D33M17I1M2I11M9I12M14I9M4I3M23I7M20I2M1I5M21I20M19I15M1I1M9I22M17I14M3D2M2D4M1I1M2I1M12I3M1I8M6D25M
A0AAX6MY24_taxID_292717_model_A	ref_8BBR_Vspinosum	25	700	741	1	324	3.464E-01	7.468E-01	7.489E-01	4.387E-01	718	12M3I1M1I1M2I34M18I30M17I13M1I1M9I9M17I6M2D15M2D2M1D1M18D2M1D7M3D4I9M15I13M18I25M7D13I8M1D9M14I6M1I13M17I14M3D2M1D6M2I1M12I13M3D23M20I1M2I3M208I2M
A0AAX6MY24_taxID_292717_model_A	ref_PmTYR	27	466	741	1	287	3.182E-01	7.676E-01	7.700E-01	4.347E-01	466	11M2I2M4I1M1I16M4I1M1I14M1D7I4M1D1I31M17I1M2I14M5I14M13D13I3M1I6M1I1M1I3M12I4M6I8M18I4M2D1I4M22I18M1D1I5M11I3M2D5M6D10M14I20M17I23M1I2M10I12M6I21M
A0AAX6MY24_taxID_292717_model_A	ref_5CE9_Jregia	4	699	741	30	339	3.477E-01	7.187E-01	7.820E-01	4.349E-01	719	9M1I1M2I3M1I1M5I13M6I1M1I32M2D4M1D5I8M1I29M17I15M8I12M15I5M36I4M16I11M6D1M1D3M13I16M2D9M1I3M8D12I8M1D13M7I23M17I13M1D7M17I14M1D22M20I1M2I2M2I3M204I1M
A0AAX6MY24_taxID_292717_model_A	ref_1BT3_Ibatatas	4	494	741	32	336	3.445E-01	7.177E-01	7.864E-01	4.331E-01	511	14M10I12M6I1M1I32M2D4M1D5I8M1I29M17I15M8I12M15I5M36I4M16I11M5D5M11I17M2D9M1I3M8D12I7M1D11M1I2M6I24M17I13M2I5M17I14M1D22M20I1M2I2M2I3M
A0AAX6MY24_taxID_292717_model_A	ref_I3D139_archaea	34	459	741	1	305	3.197E-01	7.245E-01	7.263E-01	4.077E-01	466	6M6I1M1I17M2D19M5I8M1I29M17I1M2I12M8I10M1I2M8D13I8M3D1M2D7M11I20M16I4M1I6M19I22M18I16M13I6M1I13M17I15M1D5M1I2M1I3M9I14M24D18M
A0AAX6MY24_taxID_292717_model_A	ref_A0A9N8ELP9_oomycota	20	700	741	15	412	3.823E-01	6.517E-01	6.737E-01	4.008E-01	753	18M2I2M4I1M1I19M9D16M10I7M1I26M16I2M2I14M7I10M11D15I9M3I13M2D1M2D8M2I7M2D5I1M4I2M2I17M20I12M1D11M14I23M5I23M17I14M1D1M2D1M3D12M8D4I14M3D5M12D2M13D3M3D23M9I2M1I5M1I1M210I1M
A0AAX6MY24_taxID_292717_model_A	ref_5M8L_human	4	437	741	27	361	3.162E-01	6.046E-01	6.452E-01	3.609E-01	495	18M4I12M2I2M4I1M1I16M5D1M18D18M9D10I34M17I14M9I6M1I7M11D11I4M1I6M2I8M2D2I8M8I8M17I5M2D1M1D4M22I24M11I4M2D4M2D2M8D3M1D7M11I21M17I20M1I2M1I5M3I1M4I3M1I5M
A0A9P9ITJ2_taxID_256645_model_A	ref_2Y9W_Abisporus	51	423	606	1	351	5.349E-01	9.081E-01	9.106E-01	6.534E-01	386	12M3I31M16I11M1D7M1I1M1I39M1I24M1D11M1D30M1I3M1I1M3I15M2I1M2I41M1D18M1D2M8D45M1I8M1I2M1I14M1I22M
A0A9P9ITJ2_taxID_256645_model_A	ref_1JS8_squid	51	424	606	1	262	3.906E-01	8.734E-01	8.765E-01	5.364E-01	388	10M5I19M2I10M16I8M5I7M1I31M18I1M2I12M4I11M12I1M1I8M2I2M12I1M1I7M15I6M3I11M1I10M9I12M1D4M2D33M4D2M1D6M15I3M1I8M5D3M1D1I22M
A0A9P9ITJ2_taxID_256645_model_A	ref_PmTYR	50	425	606	1	287	3.880E-01	7.738E-01	7.763E-01	4.784E-01	398	11M5I19M5I5M1I1M15I8M5I1M1D1I3M2I33M18I1M2I29M11D10I7M1D4M1I1M1I4M8I9M12I4M1I3M1I3M1I12M1I6M1D8M1D1I6M6D10M1I40M1D3M9I1M2I1M1I11M7I21M
A0A9P9ITJ2_taxID_256645_model_A	ref_I3D139_archaea	57	418	606	1	305	3.948E-01	7.461E-01	7.484E-01	4.520E-01	401	6M4I1M1I17M2D10M16I9M4I6M1I1M1I1M1I28M19I1M1I11M1D4M1I7M2D3M4D4M5D8I6M1D2I4M1I4M1I10M2I7M12I25M1I8M8I22M1I28M1D9M8I1M2I1M1I13M23D19M
A0A9P9ITJ2_taxID_256645_model_A	ref_8BBR_Vspinosum	49	588	606	2	324	4.050E-01	7.250E-01	7.292E-01	4.765E-01	591	11M3I1M1I32M16I3M19I30M18I13M1I1M4I8M3I1M13I6M3D3M3D4M2D1M29D10M1I8M10I9M1I8M1D7M1I13M5D3M1I7M1D9M1I6M1I27M4D8M1D15I13M1D1M1D24M11I4M148I1M
A0A9P9ITJ2_taxID_256645_model_A	ref_5CE9_Jregia	35	588	606	28	339	4.110E-01	7.037E-01	7.612E-01	4.700E-01	587	13M1D15M4I1M1I30M13I9M4I6M1I1M1I1M1I29M18I16M3I11M14I5M24I4M12I11M13D2M1D12M1D10M9D4M3I13M1D1M1D1M4D34M1D7M17I7M1I5M1D25M11I2M2I3M145I1M
A0A9P9ITJ2_taxID_256645_model_A	ref_1BT3_Ibatatas	35	442	606	30	336	4.080E-01	7.054E-01	7.683E-01	4.765E-01	439	28M4I1M1I30M13I9M4I6M1I1M1I1M1I29M18I16M3I11M14I5M24I4M12I11M13D2M1D12M1D10M9D4M3I13M1D1M1D1M4D34M2I5M17I7M1I5M1D25M11I2M2I3M
A0A9P9ITJ2_taxID_256645_model_A	ref_A0A9N8ELP9_oomycota	47	589	606	19	412	4.378E-01	6.254E-01	6.530E-01	4.633E-01	638	1M1D1I14M4I1M1I19M9D7M1I2M15I7M7I3M4I4M1I26M18I1M1I14M3I10M11D13I15M16D5M6D6M1I8M14I10M1I22M2I3M2I13M1D2M7D35M1D1M2D1M4D4M1D7M6D3I10M1I5M3D5M12D2M13D4M2D31M151I1M
A0A9P9ITJ2_taxID_256645_model_A	ref_5M8L_human	38	395	606	17	361	3.887E-01	6.214E-01	6.486E-01	3.966E-01	428	3M7D2M3D1M1D5M6D14M4I1M1I16M1I5M2I1M4I3M4D1M1D3M1D6M6D1M2D8M7I5M4D3M1D30M18I16M2I6M1D1M1D5M7D11I11M2I3M1I5M6D4I1M2D9M12I5M1D7M1I12M1I6M1D15M14D10M1I37M1D7M1I2M3I1M1I1M5I2M1I5M
A0A9P8VVJ8_taxID_1576542_model_A	ref_PmTYR	29	363	363	1	284	6.799E-01	8.521E-01	8.637E-01	6.607E-01	356	29M12I15M9D1M1D26M7I3M2I15M1I9M1I10M16I17M1I2M1I1M1I2M1I12M1D22M10D10M2I14M3I34M1I2M1I8M13I12M7I13M2I6M
A0A9P8VVJ8_taxID_1576542_model_A	ref_1JS8_squid	30	363	363	1	261	6.062E-01	8.228E-01	8.287E-01	5.513E-01	354	32M9I10M2D1M1D1M8D29M4I1M2I2M3I9M1I1M4I3M1I1M1I1M1I1M3I4M26I7M1I5M8I13M1I5M1I21M8I14M1D34M3D9M17I4M1I5M1D1M1D1M1D5M1D3M1D10M1I8M
A0A9P8VVJ8_taxID_1576542_model_A	ref_I3D139_archaea	36	359	363	1	305	6.373E-01	7.507E-01	7.530E-01	5.837E-01	374	28M4I1M1I15M9D1M1D26M4I1M2I2M3I9M1I3M2I2M1I8M1I6M22I10M8D5M2D6M3D2I9M1D2M1D1M1D8M1D22M7I12M2I5M1I32M1I7M13I13M22D5M1D14M2I2M
A0A9P8VVJ8_taxID_1576542_model_A	ref_A0A9N8ELP9_oomycota	23	363	363	14	396	7.103E-01	6.316E-01	7.540E-01	5.827E-01	430	6M2D34M9D7I14M5D28M4I1M2I3M2I10M5I1M2I2M1I4M1I11M15I12M2I5M1D1M15D1I5M4D3M9D5M1D21M2D14M4I15M6D37M2D2M2D5M1D7M1D26M1D2M26D9M2D5M1I6M
A0A9P8VVJ8_taxID_1576542_model_A	ref_2Y9W_Abisporus	30	363	363	1	350	6.600E-01	6.807E-01	7.139E-01	5.339E-01	404	10M1D3M1D20M7I11M2D1M14D34M10D25M2I3M1I1M3I6M14D25I6M1I4M1D7M1D1I10M11D9M1D10M1D17M1D1I2M2D13M7D36M1I2M1I11M3D8I15M1I17M1I1M1I6M
A0A9P8VVJ8_taxID_1576542_model_A	ref_5M8L_human	18	335	363	19	361	6.551E-01	6.585E-01	7.425E-01	5.609E-01	393	7M8D3M8D32M2D6M14D18M15D29M6I4M1I8M2I4M2I2M1I1M1I4M1I10M16I1M1I10M1I10M1D1M6D2M1D12M4D22M10D10M6D15M1I1M2I34M2I11M1I1M10I5M2I5M
A0A9P8VVJ8_taxID_1576542_model_A	ref_8BBR_Vspinosum	27	363	363	1	317	6.156E-01	6.836E-01	6.996E-01	5.306E-01	397	14M1D22M7I14M2I27M3I1M2I1M1I2M1I11M5I1M2I1M1I1M1I1M3I4M26I12M4D2M32D7M2D5M1D5M6D29M7D1I4M3D3I13M3I5M1I29M1D9M16I15M3D14M1I1M1I7M
A0A9P8VVJ8_taxID_1576542_model_A	ref_5CE9_Jregia	20	363	363	35	331	6.021E-01	6.420E-01	7.286E-01	5.571E-01	397	1M1D1I41M7I15M13D28M6I4M1I12M3I2M2I1M1I1M1I1M3I4M27I5M3I1M15I8M3D7M15D10M2D8M14D5M7I13M1D1M3D34M1I7M19I6M1I7M1D16M2I6M
A0A9P8VVJ8_taxID_1576542_model_A	ref_1BT3_Ibatatas	20	363	363	37	329	5.962E-01	6.411E-01	7.310E-01	5.620E-01	396	1M1D1I4M1I36M7I15M13D28M6I4M1I12M3I2M2I1M1I2M4I4M27I5M3I1M15I8M3D7M15D10M2D8M14D5M7I13M4D34M3I1M1I4M19I30M2I6M
A0A1D8RI47_taxID_1417319_model_A	ref_5M8L_human	1	151	151	16	169	8.853E-01	3.826E-01	8.909E-01	8.366E-01	160	76M2D24M2I2M7D3M3I3M1I37M
A0A1D8RI47_taxID_1417319_model_A	ref_5CE9_Jregia	12	151	151	32	142	5.755E-01	2.716E-01	7.679E-01	6.394E-01	149	4M1I4M1I1M5I34M21I22M9D10I37M
A0A1D8RI47_taxID_1417319_model_A	ref_1BT3_Ibatatas	13	151	151	35	143	5.702E-01	2.710E-01	7.725E-01	6.481E-01	147	3M1I6M7I32M21I22M7D7I1M1D2I37M
A0A1D8RI47_taxID_1417319_model_A	ref_PmTYR	21	151	151	1	89	5.230E-01	2.852E-01	8.601E-01	6.847E-01	131	1M10I28M26I22M3I3M1I25M1I1M1I9M
A0A1D8RI47_taxID_1417319_model_A	ref_A0A9N8ELP9_oomycota	8	151	151	14	120	5.337E-01	2.112E-01	7.294E-01	6.305E-01	154	2M9I1M1D1I2M1D7I30M2D1M2D2M4D2M20I17M2I2M6I2M1I29M1I7M
A0A1D8RI47_taxID_1417319_model_A	ref_1JS8_squid	1	145	151	11	236	3.769E-01	2.531E-01	3.890E-01	3.181E-01	268	2M2D3M1D2M2I2M3I1M1I9M1I1M1D2I3M1D1M3D5M2I13M1D6M1D2M3D1M14D1M1D9M38D8I1M2D2M2D1M7D2M2D13M16I2M4I5M3D6M2D1M3D2I1M34D1I6M2D2M
A0A1D8RI47_taxID_1417319_model_A	ref_I3D139_archaea	1	151	151	6	274	3.794E-01	2.278E-01	3.812E-01	3.310E-01	316	1M2D2M1D1M1D7M10D6I5M1D8I6M1D1I1M2I4M1D3M1I5M1D6M1D3M1D1M17D11M73D6I1M1D2M2D1M7D17M14I1M4I2M1I4M1D4M3D2M2D2I1M28D1I1M5D1I6M5D5M1D1M
A0A4S8M8C5_taxID_1314807_model_A	ref_PmTYR	25	337	337	1	286	7.101E-01	8.291E-01	8.347E-01	7.015E-01	346	29M18I14M10D26M1I16M1D1M1D10M3I10M1I11M2D6M2D3M1D9M1I2M1I1M1I4M2I11M1I6M9D8M6D15M13I31M1I6M11I4M1D9M4I13M2I8M
A0A4S8M8C5_taxID_1314807_model_A	ref_1JS8_squid	26	337	337	1	262	6.431E-01	8.147E-01	8.176E-01	6.044E-01	337	30M15I12M3D2M8D27M1I16M1I3M1I13M16I1M2I5M1I12M7I6M1I8M1I2M1I21M2D1M1D5M12I29M3D9M13I4M1I6M2D1M1D2M1D1M3D2M1D11M2I8M
A0A4S8M8C5_taxID_1314807_model_A	ref_I3D139_archaea	32	332	337	1	305	6.594E-01	7.249E-01	7.363E-01	6.320E-01	363	27M11I16M10D26M1I19M1I7M3I7M7I8M10D5M1D3M9D11M3D4I9M1I8M1I2M1I11M1D7M1D8M14I29M1I7M6I1M4I4M1D10M23D3M3D13M2I1M1I1M
A0A4S8M8C5_taxID_1314807_model_A	ref_8BBR_Vspinosum	23	337	337	2	319	6.481E-01	6.724E-01	6.925E-01	5.956E-01	389	1M1I12M1D21M13I15M2I29M1D12M2I2M1I5M1I3M2I2M10I2M4I6M4D1M3D1M33D1M5D4M1D5M5D3M5I17M1I2M1I6M13D5M1D15M14I28M2D9M12I14M5D13M1I2M1I8M
A0A4S8M8C5_taxID_1314807_model_A	ref_A0A9N8ELP9_oomycota	18	337	337	14	400	7.161E-01	5.943E-01	7.530E-01	6.051E-01	428	6M1D34M10D14I14M5D42M5I8M3I26M29D2M6D13M5I31M3D1M1D10M2I1M1I4M1I3M3D3I31M1D1M2D2M2D2M1D2M3D3M7D7I7M1D14M30D8M1D13M2D1M
A0A4S8M8C5_taxID_1314807_model_A	ref_5M8L_human	17	309	337	22	361	6.706E-01	6.292E-01	7.649E-01	5.840E-01	375	4M8D1M1D2M7D32M2D7M2D1I1M2D1I1M6D19M15D30M1D11M1I5M1I1M1I5M3I7M1I20M15D11M1I10M1I11M1I6M9D8M14D15M13I29M1I8M6I2M3I12M
A0A4S8M8C5_taxID_1314807_model_A	ref_5CE9_Jregia	18	337	337	37	333	6.466E-01	6.431E-01	7.282E-01	5.840E-01	366	40M13I15M13D30M1D16M2I1M1I2M6I4M12I5M1I1M8I6M1D1M6D1M2D9M3D24M14D5M1D12M1D1I6M1D7I38M16I12M2D1M1D14M2I8M
A0A4S8M8C5_taxID_1314807_model_A	ref_2Y9W_Abisporus	26	336	337	1	351	6.551E-01	6.315E-01	7.076E-01	5.764E-01	410	10M1D3M1D19M13I12M2D1M14D31M17D2M1D11M2D8M2D9M9D14I11M1D3M8D7M8D1M1D5M2D4I7M1I11M1I7M10D14M10D5M13I31M1I6M1D7I1M7D3I17M1D1M1D12M2I7M
A0A4S8M8C5_taxID_1314807_model_A	ref_1BT3_Ibatatas	20	337	337	40	331	6.360E-01	6.378E-01	7.280E-01	5.884E-01	364	38M13I16M13D29M1D13M1I3M1I1M1I2M6I4M12I5M1I1M8I5M1D2M6D1M2D8M1D1M2D24M14D5M1D12M1D1I6M1D7I30M2I1M1I4M16I12M2D1M1D14M2I8M
A0ABQ6NDG7_taxID_2962635_model_A	ref_1JS8_squid	264	540	927	1	262	2.447E-01	8.286E-01	8.316E-01	5.885E-01	304	30M3I15M10D29M6I12M1D10M3D6M2I2M2I1M2I1M1I2M2I1M2I6M2I1M2I4M1I21M7I14M2D1M2D33M4D5M2I4M8I11M5D26M
A0ABQ6NDG7_taxID_2962635_model_A	ref_PmTYR	262	540	927	1	286	2.477E-01	7.605E-01	7.835E-01	5.540E-01	323	1M1I28M6I16M9D27M6I13M5D2M1D1M1D1M1D1M2D3M13D8M1I2M2I2M1D1I4M2I2M1I6M2I26M2D1I8M2D5M6D47M1I2M2I3M1I2M3I2M1D10M7I20M
A0ABQ6NDG7_taxID_2962635_model_A	ref_8BBR_Vspinosum	150	546	927	1	324	2.699E-01	7.263E-01	7.284E-01	5.311E-01	453	1M109I1M1I1M1I11M1D19M1I14M3I30M3I1M1I23M2D10M2D4M1D2M32D2M2D1M1D4M1D6M1D7M1D26M7D24M1I28M3D11M8I14M2D27M1I1M
A0ABQ6NDG7_taxID_2962635_model_A	ref_2Y9W_Abisporus	264	539	927	1	351	2.707E-01	6.876E-01	8.656E-01	5.844E-01	364	10M1D3M1D17M1I17M15D33M11D1M2D13M6D9M1D1M16D1M1D5M3I5M1I4M1D5M1D5M8D12M1D11M1D12M3D18M10D37M2I2M1I3M1D1I1M7D3I6M1D9M1I23M
A0ABQ6NDG7_taxID_2962635_model_A	ref_I3D139_archaea	270	534	927	1	305	2.459E-01	7.095E-01	8.120E-01	5.320E-01	329	27M1D16M9D28M6I11M2D1M2D3M1D3M2D3M7D6M4D1M2D4M1I3M1I4M5D22M1D20M6I12M1D9M1I28M1I5M1I2M1I3M3I5M1D9M26D3I16M
A0ABQ6NDG7_taxID_2962635_model_A	ref_1BT3_Ibatatas	261	545	927	43	336	2.477E-01	6.494E-01	7.592E-01	5.400E-01	334	33M1I15M2D1M1D2M9D29M4I12M1D1M1D10M2D5M19I17M14D11M2D10M9D3M1I17M7D32M1I2M3I3M2I1M8I13M1D1I28M
A0ABQ6NDG7_taxID_2962635_model_A	ref_5CE9_Jregia	261	546	927	42	339	2.506E-01	6.473E-01	7.597E-01	5.268E-01	334	33M1I15M2D1M1D2M9D29M4I12M1D1M1D16M18I10M1D7M14D11M2D10M9D3M1I16M7D37M1I4M2I1M8I13M1D1I29M
A0ABQ6NDG7_taxID_2962635_model_A	ref_A0A9N8ELP9_oomycota	260	547	927	19	410	2.702E-01	5.777E-01	8.022E-01	5.063E-01	406	38M8D16M4D27M4I2M1I13M1D3M2D4M14D7M2I6M22D5M4D11M2I20M1D13M1I3M1I12M9D34M1D1M2D13M12D2I3M2D8M3D4M3D3M8D1M13D9M3D12M1D2M4D2M1D1I2M
A0ABQ6NDG7_taxID_2962635_model_A	ref_5M8L_human	147	536	927	47	361	1.612E-01	3.429E-01	3.773E-01	2.470E-01	507	10M14I1M29I1M2I1M23I6M1I9M3I1M3I3M1I2M22D16I14M1I12M1I4M1I1M17I8M1D1I1M3D3I1M20D16I2M8D1M1D2M4D2M8D2M5D1M1D7M1I9M8D16I10M3D2I1M1D1I1M1D1I11M1D2M18D2M1D1M1D5M5D3I17M5I2M1I6M1D21M1D2I1M2D23I9M1D3I1M2I7M
ref_5CE9_Jregia	ref_5CE9_Jregia	1	339	339	1	339	1.000E+00	1.000E+00	1.003E+00	1.000E+00	339	339M
ref_5CE9_Jregia	ref_1BT3_Ibatatas	1	338	339	1	336	9.700E-01	9.786E-01	9.815E-01	9.235E-01	341	12M1D2M1D27M1I142M1I6M1D96M3I48M
ref_5CE9_Jregia	ref_1JS8_squid	45	333	339	1	262	6.435E-01	8.194E-01	8.223E-01	5.917E-01	310	29M2I14M2I6M1I6M1D28M1I1M1I12M1I12M1D5M9D7M4I3M15I1M1I11M2I8M14I6M1I11M1I2M2I33M2D1M1D3M1D3M1D9M1D2M4D28M
ref_5CE9_Jregia	ref_8BBR_Vspinosum	43	339	339	2	324	6.932E-01	7.238E-01	7.887E-01	6.504E-01	366	12M1D37M15I39M1I1M1I10M2I6M60D4M1I11M11I14M2I14M1I23M7I6M1I26M2D1M1D6M3D10M1D10M1D19M1I5M
ref_5CE9_Jregia	ref_PmTYR	44	334	339	1	287	6.256E-01	7.307E-01	7.331E-01	5.623E-01	339	30M5I13M1I1M1I3M2I5M1D28M1I1M1I15M2D1M2D1M1D2M3D4M11D5M3D1M11D5M1I2M9I5M1I1M1I1M3I1M2I11M2I6M2I4M6I3M4D6M5D11M7I43M5D8M7I22M
ref_5CE9_Jregia	ref_2Y9W_Abisporus	45	332	339	1	351	6.761E-01	6.546E-01	7.892E-01	5.756E-01	376	10M1D1M1D34M2I4M6D2I8M1D28M17D15M4D9M1D3M14D5M19D4M7D10M10I1M3I15M1I12M5I23M2D1M1D37M1I7M14D14M1I22M
ref_5CE9_Jregia	ref_I3D139_archaea	51	327	339	1	305	6.164E-01	6.806E-01	7.471E-01	5.433E-01	349	24M2D17M1I1M1I3M1I34M1I1M1I11M1D1M1D7M3D4M4D6M30D17M13I1M1I11M2I8M14I17M6I6M1I34M1D1M5D7M1D3M22D2I4M2D15M
ref_5CE9_Jregia	ref_A0A9N8ELP9_oomycota	1	339	339	8	412	6.616E-01	5.534E-01	6.634E-01	5.467E-01	480	2M4D34I6M1D34M9D17M2I1M6I32M1I18M1D5M12D7M44D8M1I7M16I20M14I5M3D13M1D1M1D37M1D2M2D2M3D6M20D6M4D3M2D3M9D1I2M13D9M3D11M2D1M6D6M
ref_5CE9_Jregia	ref_5M8L_human	3	304	339	8	361	6.203E-01	5.857E-01	6.909E-01	4.934E-01	410	7M20I7M4D1M7D2M1D1M5D33M4D1M19D22M5D4I2M1D51M1D1M2D4M9D1M1D5M1D1M24D7M9I9M3I1M2I11M2I6M2I4M6I3M4D6M13D12M7I32M1I5M1D4M6D7M
A0A0L8ICD6_taxID_37653_model_A	ref_PmTYR	627	869	990	1	287	2.346E-01	7.889E-01	9.305E-01	6.551E-01	293	29M3I14M10D43M2D18M2D1M1D8M1I6M9D9M1D1M1D1M1D18M10D8M6D15M1D36M6D21M1I8M1I1M
A0A0L8ICD6_taxID_37653_model_A	ref_1JS8_squid	628	867	990	1	262	2.173E-01	7.795E-01	8.501E-01	5.771E-01	277	42M2D1M1D1M8D42M3I1M1I4M1I1M2I4M7I11M3D48M2D1M2D4M1D26M3D1M1D6M2D13M12D10M1I9M
A0A0L8ICD6_taxID_37653_model_A	ref_1BT3_Ibatatas	522	987	990	1	336	2.450E-01	6.795E-01	6.814E-01	5.190E-01	541	1M10I6M2D10M4D18I4M4I1M6I2M1I2M1I1M1I3M26I41M2D14M13D27M1D1M1D13M1I2M2I3M1I1M2I4M8I5M1I1M5I8M3D1M1D4M16D10M2D8M14D5M1D10M7D5M1D27M1I1M1I14M7D13M1I9M77I1M38I3M
A0A0L8ICD6_taxID_37653_model_A	ref_5CE9_Jregia	522	987	990	1	339	2.460E-01	6.744E-01	6.763E-01	5.167E-01	542	1M10I6M1D7M1I2M4D18I4M4I1M6I2M1I2M1I1M1I3M26I7M1D34M2D14M13D27M1D1M1D13M1I2M2I3M1I1M2I4M8I5M1I1M5I8M4D5M16D10M2D8M14D5M1D10M7D5M1D27M1D17M7D13M1I9M77I1M34I1M3I3M
A0A0L8ICD6_taxID_37653_model_A	ref_I3D139_archaea	634	862	990	1	305	2.172E-01	6.783E-01	8.951E-01	5.919E-01	311	23M4D16M10D45M1I14M3I11M7D3M16D8M2D1M1D2M2D4M1D22M1D7M1D43M1D1M6D10M30D11M1I1M1I1M
A0A0L8ICD6_taxID_37653_model_A	ref_8BBR_Vspinosum	626	987	990	2	324	2.188E-01	6.395E-01	6.432E-01	5.490E-01	458	13M1D20M2D14M2I25M1D1M1D14M2I1M2I1M1I1M1I1M2I4M8I12M51D1M1D5M6D6M2D19M13D5M1D41M3D7M3D2M1D10M9D10M1I10M78I1M1D38I3M
A0A0L8ICD6_taxID_37653_model_A	ref_A0A9N8ELP9_oomycota	528	990	990	6	412	2.437E-01	5.629E-01	5.708E-01	5.565E-01	611	6M2D83I1M2I1M2D2I36M11D14M5D31M1D10M5I14M3D1M1D9M1I6M39D8M2D2M1D14M2D12M4D11M9D5M1D28M1D1M3D1M2D6M21D7M3D2M31D8M2D16M2D88I4M16I2M6I1M1I2M
A0A0L8ICD6_taxID_37653_model_A	ref_2Y9W_Abisporus	627	989	990	1	351	2.020E-01	5.092E-01	5.104E-01	3.844E-01	487	7M2D2M1D1M2D20M1D1I1M1D6M2D4M11D35M18D8M2D1M4D13M14D5M9I3M2I5M7D1M2D4M2D1M5D2M2D2M1D4M1D10M1D1M1D1M1D1M5D2M10D3M1D13M6D44M13D3M1D5M7D12M2I6M122I1M
A0A0L8ICD6_taxID_37653_model_A	ref_5M8L_human	105	916	990	21	351	1.338E-01	2.941E-01	3.121E-01	2.080E-01	963	2M4D1I4M47D2I5M1I3M1D24I13M14D9I5M9I1M101I4M3I10M8D46I1M1D2I18M7D78I3M1D1I1M1D2I1M1D1I5M4D3I5M2D6M4D4M1D1I1M18D6I11M5D155I2M1D1I7M2I1M26I2M2I1M7I5M1I1M2I1M3I9M1I6M1D2I5M2D15M19D42I11M1I3M1I7M9D96I1M
A0A7S2JHL4_taxID_1333877_model_A	ref_PmTYR	529	826	882	1	287	2.730E-01	8.013E-01	8.040E-01	5.399E-01	332	43M1D2M4D5M2D23M1I1M1I33M14I1M2I4M5I10M1D1M1D7M1D14M1D1M1D5M1I13M10D8M6D8M2I2M2I34M2I1M1I7M6D18M7I4M6I1M1I7M
A0A7S2JHL4_taxID_1333877_model_A	ref_1JS8_squid	530	825	882	1	262	2.494E-01	7.878E-01	7.906E-01	4.897E-01	325	29M3D10M2D3M7D5M1I25M1I1M1I13M3I2M2I1M1I2M3I4M30I14M1I1M2I9M1I7M1I29M1I5M1D38M1I6M2D1M2D9M12D8M8I4M5I1M1I6M
A0A7S2JHL4_taxID_1333877_model_A	ref_I3D139_archaea	536	820	882	1	305	2.471E-01	6.816E-01	7.289E-01	5.185E-01	360	22M7D16M6D5M1D24M1I1M1I13M3I16M27I10M10D5M2D1M6D12M2D1M1D2M2D10M1I17M1D9M1I2M2I7M1I26M2I1M1I7M7D10M30D8M7I4M8I1M
A0A7S2JHL4_taxID_1333877_model_A	ref_8BBR_Vspinosum	500	826	882	1	320	2.508E-01	6.461E-01	6.551E-01	4.621E-01	411	1M1I1M26I11M1D18M1D1M3D1M1D14M5I40M4I2M1I10M30I2M4I6M4D1M37D2M2D6M1D5M3D1M2D7M1D19M13D5M1D8M2I2M2I6M1I31M1I6M1D4M2D5M11D9M8I1M1I1M5I10M
A0A7S2JHL4_taxID_1333877_model_A	ref_5M8L_human	89	798	882	1	360	2.692E-01	6.228E-01	6.260E-01	4.773E-01	810	12M17D412I45M28D15M11D5M1D39M1I2M1I1M1I2M1I1M1I10M14I2M2I2M5I19M14D1I11M1D1M2D1M1D1M1D5M1I13M10D8M14D8M2I2M2I34M5I19M1I2M
A0A7S2JHL4_taxID_1333877_model_A	ref_5CE9_Jregia	96	826	882	1	334	2.572E-01	6.288E-01	6.392E-01	4.641E-01	818	5M8D340I5M17D69I4M1I1M5I33M5D15M10D46M2I2M2I1M1I2M3I4M31I6M12I8M3D6M13D1M2D10M2D8M14D5M1D8M1I4M1D1M3D33M2I1M1I17M8D9M8I3M6I9M
A0A7S2JHL4_taxID_1333877_model_A	ref_1BT3_Ibatatas	13	826	882	8	332	2.532E-01	6.261E-01	6.475E-01	4.692E-01	897	2M77I3M4D346I4M17D70I4M1I1M6I31M1D1M4D15M10D46M2I2M2I1M1I2M3I4M31I6M12I8M3D6M15D11M2D7M1D1M13D5M1D8M1I4M4D34M5I1M1I14M8D9M7I4M6I1M1I7M
A0A7S2JHL4_taxID_1333877_model_A	ref_2Y9W_Abisporus	530	824	882	1	351	2.529E-01	6.017E-01	7.082E-01	4.635E-01	407	10M2D18M1D1M4D10M17D5M4I26M17D15M1D5M2I5M3I4M15I2M13D13I9M2D2M2D1M2D11M8D1M1D1M2D3M1D15M1D7M1D2M9D12M1I4M7D35M5I6M15D10M6D6M1I3M6I3M6I7M
A0A7S2JHL4_taxID_1333877_model_A	ref_A0A9N8ELP9_oomycota	103	827	882	7	400	2.659E-01	5.306E-01	5.533E-01	4.013E-01	853	2M7I2M5D406I1M1D4I13M1D1M3D15M14D22M2I19M1I22M2I9M6I4M8I3M4I2M6I5M2D8M1D1M17D6M10D2M1D8M1D4M1D16M1D1M1D8M4D9M1I4M6D36M1I6M1D7M20D2M1D3M34D1M3D10M5I4M6I10M
ref_2Y9W_Abisporus	ref_2Y9W_Abisporus	1	351	351	1	351	1.000E+00	1.000E+00	1.003E+00	1.000E+00	351	351M
ref_2Y9W_Abisporus	ref_1JS8_squid	1	351	351	1	261	6.612E-01	8.735E-01	8.799E-01	6.344E-01	362	10M2I19M2I18M5I37M18I2M1I11M5I9M1I3M13I9M1I1M1I1M7I1M1I7M11I6M3I12M1I9M10I15M6I37M4D2M1D6M12I3M1I8M5D3M1D21M
ref_2Y9W_Abisporus	ref_PmTYR	1	351	351	2	285	6.323E-01	7.610E-01	7.710E-01	5.730E-01	380	10M2I19M5I15M6D12I29M1I1M18I19M1D4M1D1M2D6M9D14I6M1D4M1I5M4I9M8I1M1I3M1D1I2M1I3M1I11M1I9M1I8M1D5M6D10M10I40M1D3M9I13M6I19M
ref_2Y9W_Abisporus	ref_I3D139_archaea	7	346	351	1	305	6.512E-01	7.415E-01	7.437E-01	5.373E-01	382	4M1I3M1I17M2D19M6I36M19I14M1I9M2D4M4D4M5D9I6M1D2I4M1I7M2D12M7I1M2I4M1D18M1I9M9I16M9I5M1I29M1D9M7I1M1I14M24D18M
ref_2Y9W_Abisporus	ref_8BBR_Vspinosum	1	351	351	4	318	6.598E-01	7.107E-01	7.317E-01	5.796E-01	405	10M1I35M18I30M17I13M6I8M1I2M16I6M3D3M3D3M3D1M29D1M2D3M1D11M7I17M1D8M1I12M4D21M10I5M1I28M4D5M1D3M12I13M3D23M
ref_2Y9W_Abisporus	ref_5CE9_Jregia	1	351	351	45	332	6.546E-01	6.761E-01	7.892E-01	5.785E-01	376	10M1I1M1I34M2D4M2D6I8M1I28M17I15M4I9M1I3M14I5M19I4M7I10M10D1M3D15M1D12M5D23M2I1M1I37M1D7M14I14M1D22M
ref_2Y9W_Abisporus	ref_1BT3_Ibatatas	1	351	351	46	330	6.502E-01	6.772E-01	7.908E-01	5.698E-01	373	10M1I3M1I33M1D4M1D5I37M17I15M4I9M1I2M14I6M19I4M7I10M11D1M2D15M1D11M5D24M2I1M1I37M2I5M14I14M1D22M
ref_2Y9W_Abisporus	ref_A0A9N8ELP9_oomycota	1	351	351	23	397	6.900E-01	5.952E-01	6.918E-01	5.484E-01	446	10M1I3M1I19M9D16M11I33M17I1M1I12M4I13M11D14I14M17D3M9D13M10I9M1I11M1D11M4I1M1I4M1I15M1I40M5D1M3D10M9D4I14M3D5M12D2M13D9M3D11M
ref_2Y9W_Abisporus	ref_5M8L_human	1	324	351	47	361	5.915E-01	5.766E-01	6.525E-01	4.995E-01	392	10M2I19M5D1M18D18M9D11I3M1D30M17I14M3I8M2D7M6D11I11M2I7M7D1I1M2D8M8I6M1D7M1I11M1I6M2I10M2D5M14D10M10I41M1D5M3I1M4I3M1I5M
A0A9W4XKP6_taxID_1303443_model_A	ref_2Y9W_Abisporus	78	457	692	1	351	4.695E-01	9.107E-01	9.133E-01	6.498E-01	396	43M16I11M1D5M1I27M18I13M1I28M1D10M1D10M1D21M2I2M1I15M3I40M4D19M8D39M1I32M2I20M
A0A9W4XKP6_taxID_1303443_model_A	ref_1JS8_squid	78	458	692	1	262	3.446E-01	8.770E-01	8.802E-01	5.312E-01	394	10M2I19M2I10M16I8M5I31M18I7M18I1M2I12M4I11M11I1M1I8M1I1M1I1M10I1M1I7M13I2M1I4M3I11M1I10M6I17M2D33M4D2M1D6M14I11M3D1M1D2M2D2I22M
A0A9W4XKP6_taxID_1303443_model_A	ref_PmTYR	77	459	692	1	287	3.398E-01	7.672E-01	7.697E-01	4.755E-01	408	11M2I19M5I7M16I7M6I2M1D1I2M2D2I24M18I5M1I1M18I2M1I29M11D9I7M1D4M1I5M7I9M11I1M1I6M1I3M1I10M1I8M1D7M3D5M6D10M2I44M9I13M8I21M
A0A9W4XKP6_taxID_1303443_model_A	ref_I3D139_archaea	84	452	692	1	305	3.484E-01	7.469E-01	7.491E-01	4.447E-01	408	4M1I1M1I19M2D11M16I8M4I7M1I1M1I22M18I6M19I2M1I21M2D4M5D3M5D8I6M1D2I4M1I13M1I8M10I1M2I4M1D17M1I10M5I16M1I6M1I28M1D9M9I16M22D19M
A0A9W4XKP6_taxID_1303443_model_A	ref_8BBR_Vspinosum	76	549	692	2	324	3.562E-01	7.244E-01	7.286E-01	4.696E-01	528	11M1I33M16I3M18I23M18I7M18I13M1I1M4I7M1I1M1I1M13I6M3D3M3D4M31D4M1D14M9I10M1I7M1D7M1I11M7D10M1D9M2I6M1I27M4D8M1D13I13M1D1I1M1D23M12I1M3I3M71I2M
A0A9W4XKP6_taxID_1303443_model_A	ref_5CE9_Jregia	57	549	692	28	339	3.671E-01	7.137E-01	7.722E-01	4.642E-01	524	11M1I2M3I13M1I2M1I31M13I10M3I8M3I22M18I7M18I16M3I11M13I5M22I4M9I11M9D1M3D15M1D10M8D10M1D9M1D1M4D34M1D8M15I6M1I5M3D3I22M12I1M2I4M71I2M
A0A9W4XKP6_taxID_1303443_model_A	ref_1BT3_Ibatatas	57	476	692	30	336	3.636E-01	7.133E-01	7.764E-01	4.656E-01	449	10M2I3M3I12M1I2M1I31M13I10M3I8M3I22M18I7M18I16M3I11M13I5M22I4M9I10M11D1M1D16M1D10M8D9M1D10M1D1M4D34M2I6M15I6M1I5M1D1I1M1D1I23M11I2M2I3M
A0A9W4XKP6_taxID_1303443_model_A	ref_A0A9N8ELP9_oomycota	69	548	692	17	412	3.900E-01	6.259E-01	6.499E-01	4.321E-01	567	2M1D4I13M2I22M2D1M6D9M14I1M1I6M6I1M2I2M2I4M1I19M18I7M18I1M1I13M3I11M11D12I16M13D14M2D3I1M1I10M1I10M1I22M1I19M7D35M1D1M2D1M4D11M8D3I14M3D5M12D2M12D5M2D20M1D9M1I1M76I1M
A0A9W4XKP6_taxID_1303443_model_A	ref_5M8L_human	60	428	692	19	361	3.457E-01	6.214E-01	6.515E-01	3.916E-01	433	1M7D4M1D9M1D1M1D13M2I19M1I5M2I1M3I4M2D1M1D3M2D6M6D1M2D8M6I5M4D3M1D23M18I7M18I15M3I5M1D1M2D6M7D10I16M1D5M3D3I1M2D8M11I6M1D7M1I11M1I7M1D7M3D5M14D9M1I1M1I37M1D8M1I1M3I1M4I3M1I5M
A0A8G1H4K7_taxID_325564_model_A	ref_5M8L_human	39	195	195	1	160	7.456E-01	4.121E-01	9.217E-01	7.682E-01	161	90M3D1I29M1D37M
A0A8G1H4K7_taxID_325564_model_A	ref_A0A9N8ELP9_oomycota	5	195	195	29	403	3.938E-01	2.221E-01	4.014E-01	3.164E-01	434	2M1D2M1D2M1D6M2D1M13D1I2M1D7M2D3M1D1I2M2D2I9M3D1M2D2I2M3D3I1M2D2I2M1D1M1D5M3I5M102D37I3M21D6I5M1D2M3D2M10D3M2D1M1D2M1D2M2D10M1D2M13D1I4M3D6M2D1I8M1D6M35D1M5D10M2D6M1D5M1D1M
A0A8G1H4K7_taxID_325564_model_A	ref_1JS8_squid	5	193	195	7	260	3.405E-01	2.764E-01	3.484E-01	2.838E-01	324	1M2D18M6D2M2D3M4D7M7D4I4M1D7M1D1I2M2D2I8M4I4M1D43I3M1D1M47D1M2D2M7D12M30D1M1D5M1D1I3M1D1I1M5D2I2M2I3M6I5M1D4M3D2I3M4D2M1D3M4D1I2M1D8M1I2M
A0A8G1H4K7_taxID_325564_model_A	ref_2Y9W_Abisporus	21	195	195	125	297	3.555E-01	2.217E-01	3.902E-01	4.003E-01	243	8M3D1M2D4M18D1M19D1M1D1M2D1M4D6M1I9M2I1M1D8I3M2D2I1M6D33I8M5D9I1M14I23M1I9M4D26M1D1M
A0A8G1H4K7_taxID_325564_model_A	ref_5CE9_Jregia	23	195	195	148	288	3.500E-01	2.217E-01	4.525E-01	4.026E-01	217	1M2D2I1M1D2M2D4M3D5M1I3M2I1M1I2M2I4M64I11M1I5M2D1M2D2M2D3M9D1M16D12M2D4M3I8M1D1M2D26M
A0A8S3S028_taxID_6550_model_A	ref_PmTYR	120	385	919	1	287	2.637E-01	8.131E-01	8.765E-01	6.283E-01	301	29M5I15M9D62M5D10M2D5M5D1M1D9M2D1M1D20M1D3M1D5M1D5M6D10M3I34M3I3M1I9M1D17M1I2M1I12M
A0A8S3S028_taxID_6550_model_A	ref_1JS8_squid	121	384	919	1	262	2.467E-01	8.227E-01	8.257E-01	5.834E-01	289	31M2I11M2D1M1D1M7D44M4I1M2I3M1I1M2I4M4I12M1D1M1D33M7I17M1D47M3I8M1D2M9D1M2D7M1I1M1I11M
A0A8S3S028_taxID_6550_model_A	ref_I3D139_archaea	127	379	919	1	305	2.434E-01	7.019E-01	8.403E-01	5.750E-01	324	24M2D18M9D40M1I3M2I16M1I9M10D4M3D1M10D9M4D2M1D3M1D19M6I16M2I6M1I27M3I4M1I9M2D7M1D3M28D9M1I2M1I3M
A0A8S3S028_taxID_6550_model_A	ref_1BT3_Ibatatas	55	409	919	15	335	2.627E-01	6.741E-01	7.042E-01	5.174E-01	413	6M1D1M1D10M1I2M2I1M3I5M30I1M1I51M12D28M1D1M1D12M1I2M2I1M2I3M1I1M2I4M5I6M1I1M6I7M5D1I4M16D10M2D11M7D10M1D11M1D1M3D33M4I1M1I1M2I4M4I9M7D8M1I2M1I13M20I1M1I1M
A0A8S3S028_taxID_6550_model_A	ref_5CE9_Jregia	57	407	919	13	339	2.649E-01	6.707E-01	6.944E-01	5.195E-01	411	5M3D13M2I2M2I4M31I53M12D28M1D1M1D15M2I1M2I1M1I1M1I1M2I4M5I6M1I1M6I7M5D1I4M16D10M2D11M7D10M1D11M1D1M3D32M2I6M1I3M1I1M4I9M7D8M1I2M1I14M17I1M1D1I1M
A0A8S3S028_taxID_6550_model_A	ref_8BBR_Vspinosum	119	407	919	2	323	2.477E-01	6.637E-01	7.402E-01	5.359E-01	367	13M1D34M1I2M2I25M1D1M1D14M4I2M1I10M5I2M3I6M4D1M43D4M2D4M6D6M2D22M7D3M1I6M1D9M3I5M1I41M2I9M1D1M8D13M2I10M1D20I1M
A0A8S3S028_taxID_6550_model_A	ref_2Y9W_Abisporus	121	383	919	1	351	2.549E-01	6.343E-01	8.318E-01	5.336E-01	364	10M2D35M15D32M18D1M1D17M2I5M1I6M13D4I10M2D1M7D1M2D1M1D5M11D5M2D2M1D11M1D9M1D2M2D20M7D36M3I3M2I7M9D4M1D6M1D1M4D7M1I13M
A0A8S3S028_taxID_6550_model_A	ref_5M8L_human	59	360	919	5	361	2.533E-01	6.186E-01	7.333E-01	5.395E-01	411	1M8D9I2M2D2I2M6D10M6D31I35M23D18M14D28M1D1M1D11M1I1M1I1M1I3M1I1M1I10M4D4M1D11M1D1M17D10M5D1M1D20M1D3M1D5M1D5M13D1M1D8M1I1M2I34M4I12M2D8M
A0A8S3S028_taxID_6550_model_A	ref_A0A9N8ELP9_oomycota	86	407	919	8	410	2.696E-01	5.779E-01	7.300E-01	5.572E-01	458	1M2D2I4M3D23I32M1D6M8D11M3D3M1D32M1D10M2I1M5I13M6D5M1D8M29D2M6D2M2D7M1D2M2D13M1D3M1D6M1I7M2I13M6D38M1D3M1D10M12D1M4D7M3D2M28D1M3D12M1D11M9D20I1M
A0A388KR59_taxID_69332_model_A	ref_5CE9_Jregia	110	414	576	1	339	5.058E-01	8.491E-01	9.440E-01	7.436E-01	344	14M8D8M1I10M1D12M1I2M1I37M1I5M5D72M1D7M14D12M1D11M7D22M1D2M1D72M1I14M
A0A388KR59_taxID_69332_model_A	ref_1BT3_Ibatatas	110	413	576	1	336	4.994E-01	8.457E-01	9.352E-01	7.452E-01	344	14M10D9M1I21M1I2M1I37M1I5M5D72M1D7M14D12M1D11M7D24M2D34M3I35M1I13M
A0A388KR59_taxID_69332_model_A	ref_1JS8_squid	146	408	576	1	262	3.820E-01	8.053E-01	8.082E-01	5.600E-01	289	10M2I19M2I15M1I1M2I4M5D29M1I2M1I12M1I12M1D5M9D5M2I1M2I7M1I9M1I8M7I6M1I13M1I32M3D5M1D3M1D9M1D2M4D4M1I4M1D10M1I9M
A0A388KR59_taxID_69332_model_A	ref_8BBR_Vspinosum	145	415	576	3	324	4.083E-01	7.121E-01	8.478E-01	6.319E-01	348	10M1I39M11I39M1I1M1I10M2I6M60D5M1D6M2D14M1I13M6D19M5I6M1I26M2D1M1D6M3D10M1D11M1D8M1I12M2I3M
A0A388KR59_taxID_69332_model_A	ref_PmTYR	145	409	576	1	287	3.758E-01	7.223E-01	7.798E-01	5.408E-01	315	11M2I19M4I1M1I12M1I6M1D1M1D27M2I15M1D2M2D1M2D3M1D1M2D4M11D5M3D1M11D6M2I20M1I6M2I7M5D5M5D12M5I42M5D8M7I13M1I9M
A0A388KR59_taxID_69332_model_A	ref_2Y9W_Abisporus	146	407	576	1	351	4.073E-01	6.511E-01	8.589E-01	5.766E-01	358	49M11D4I34M17D15M4D8M1D3M14D6M19D4M7D10M1D2M1D27M1D1M1D17M5D37M1I6M14D14M1I14M1I8M
A0A388KR59_taxID_69332_model_A	ref_I3D139_archaea	152	401	576	1	305	3.653E-01	6.648E-01	8.024E-01	5.138E-01	326	4M1I1M1I19M2D17M2I4M3D30M1I2M1I11M1D1M1D6M1D1M2D4M5D5M11D1M18D19M1D9M1I8M7I17M4I6M1I34M1D1M5D7M1D3M22D2I4M2D15M
A0A388KR59_taxID_69332_model_A	ref_A0A9N8ELP9_oomycota	109	415	576	8	411	4.015E-01	5.458E-01	7.118E-01	5.073E-01	445	3M3D25I6M1D1I12M2I22M9D14M1I2M1I2M1I2M1I28M1I20M1D4M12D8M43D6M1I30M6I5M3D13M1D1M3D35M1D2M2D2M2D6M21D6M4D3M1D4M7D1M2D1M13D8M1D1M1D13M1D2M5D1M1D1I3M
A0A388KR59_taxID_69332_model_A	ref_5M8L_human	112	378	576	8	361	3.737E-01	5.741E-01	7.540E-01	4.651E-01	377	8M11I1M1I5M4D1M7D5M6D12M2I19M4D1M19D21M6D49M1D6M2D3M10D7M1D1M23D10M2D14M1I9M2I7M5D4M1D1M12D12M5I31M1I10M7D7M
B2ZB02_taxID_1404_model_A	ref_PmTYR	2	290	297	1	287	9.629E-01	9.964E-01	9.999E-01	9.769E-01	289	1M1I1M1I285M
B2ZB02_taxID_1404_model_A	ref_1JS8_squid	3	289	297	1	262	7.187E-01	8.090E-01	8.119E-01	6.407E-01	314	1M2I28M3D19M1D1M1D1I42M2I2M2I2M1I1M1I1M1I1M2I4M10I7M1I5M3I3M1I9M3I20M10I8M6I10M2D1M2D33M3D2M2D2M1D4M6I10M12D19M
B2ZB02_taxID_1404_model_A	ref_I3D139_archaea	11	283	297	1	305	7.652E-01	7.459E-01	8.328E-01	7.177E-01	334	22M7D18M1D4M1I41M1I3M1I3M1I13M6I10M8D10M6D1M1D10M3D3I2M2D4M1D14M10I8M5I8M1D9M1I28M1D23M30D13M
B2ZB02_taxID_1404_model_A	ref_5M8L_human	1	267	297	36	361	8.134E-01	6.743E-01	9.039E-01	7.074E-01	335	2M7D30M28D17M7D2I33M1D1M1D11M1I1M1I1M1I3M1I1M1I12M1I13M1I8M10D1M2D13M3D42M6D1M2D58M1D10M
B2ZB02_taxID_1404_model_A	ref_A0A9N8ELP9_oomycota	1	297	297	18	408	8.345E-01	6.110E-01	8.372E-01	6.849E-01	417	2M1D30M1D1M13D16M2I1M3I32M1D10M2I1M4I2M1I16M1D10M2I5M20D2M4D3M8D6M1D5M1I16M1D6M9I6M1I3M1I13M9D34M1D1M2D1M4D8M13D1M1D10M2D2M32D8M3D14M2D6M
B2ZB02_taxID_1404_model_A	ref_8BBR_Vspinosum	1	289	297	1	319	7.225E-01	6.664E-01	7.434E-01	5.922E-01	364	4M1I10M1D17M1D1M3D1M1D12M12I25M1D1M1D14M4I2M1I10M15I8M4D2M32D2M2D2M4D4M1D5M5D26M2D4M5D3M4I6M5I16M1I28M3D10M1I1M1I10M9D20M
B2ZB02_taxID_1404_model_A	ref_2Y9W_Abisporus	3	288	297	1	351	7.371E-01	6.320E-01	7.656E-01	6.015E-01	381	1M2I9M2D19M5D15M12D6I30M19D19M1I2M1I3M2I6M14D9I6M1I4M1D5M4D9M8D1M1D3M1D1I2M1D3M1D11M1D6M1D11M1I5M6I10M10D44M8D13M6D19M
B2ZB02_taxID_1404_model_A	ref_1BT3_Ibatatas	1	291	297	42	332	7.159E-01	6.377E-01	7.321E-01	6.115E-01	343	33M5D13M1D1M1D3M2D4M1I29M1D1M1D15M2I1M2I1M1I2M3I4M11I5M3I1M11I8M9D6M6D1M2D11M2D5M3D4M5D4M4I6M5I12M7D32M2I7M6I8M7D21M1I1M
B2ZB02_taxID_1404_model_A	ref_5CE9_Jregia	1	291	297	41	334	7.162E-01	6.331E-01	7.322E-01	5.982E-01	343	33M5D13M1D1M1D3M2D4M1I29M1D1M1D15M2I1M2I1M1I2M3I4M11I5M3I1M11I5M1D2M9D5M1D1M1D1M3D1M2D11M2D5M3D4M5D4M4I6M5I11M7D43M5I8M7D21M1I1M
A0A6A6FJM6_taxID_717836_model_A	ref_2Y9W_Abisporus	1	342	626	43	351	4.342E-01	7.548E-01	8.535E-01	6.020E-01	361	19M7I42M1I23M4D20M3D8I13M1I6M3D15M4I1M1I2M1I5M1I1M8I1M1I1M2I31M1D2I1M5I18M8D36M5I33M5I22M
A0A6A6FJM6_taxID_717836_model_A	ref_1JS8_squid	1	343	626	39	262	3.187E-01	7.259E-01	8.434E-01	5.121E-01	352	9M5I5M7I33M18I1M2I11M1I9M1I4M18I8M3I2M2I2M2I3M1I3M12I3M20I14M1I10M16I17M2D45M13I14M7D6I22M
A0A6A6FJM6_taxID_717836_model_A	ref_PmTYR	1	344	626	37	287	3.106E-01	6.421E-01	7.270E-01	4.770E-01	380	7M10D23I29M18I1M2I10M1D3M1D13M12D16I7M1D4M2I10M1I4M12I3M4D20I3M1I10M1I8M1D1I5M3I1M3I9M6D10M2I35M2I1M2I9M8I1M1I11M11I21M
A0A6A6FJM6_taxID_717836_model_A	ref_I3D139_archaea	1	337	626	37	305	3.228E-01	6.288E-01	7.066E-01	4.480E-01	380	9M5I4M1D9I32M18I1M2I23M2D1M6D3M2D10I8M1D3I5M2I6M6D9M12I6M11I1M1I1M2I15M1I10M15I16M1I6M1I27M1I1M2I12M3I1M6I12M25D6I17M
A0A6A6FJM6_taxID_717836_model_A	ref_8BBR_Vspinosum	8	582	626	34	324	3.220E-01	5.899E-01	6.520E-01	4.486E-01	638	4M4D11I1M5D5I31M18I13M2I9M1I1M1I1M18I6M1D4M3D1M2D4M29D1M2D2M2D1M1D8M12I7M10I1M1I1M1I9M1D7M1I14M6D9I7M1D10M2I6M1I32M1I7M1D12I13M5D7I21M19I1M2I3M213I2M
A0A6A6FJM6_taxID_717836_model_A	ref_5CE9_Jregia	1	371	626	8	339	3.243E-01	5.726E-01	5.852E-01	4.571E-01	476	1M2D1M2D1I1M8D11M51D7I1M3D2I1M2D4M9D29M18I24M1I3M19I5M17I4M12I3M2I2M9I5M10D2M1D16M1D12M8D10I7M1D10M1D1M4D34M1I1M2I1M1I6M14I14M2D6I21M18I1M2I5M2I1M
A0A6A6FJM6_taxID_717836_model_A	ref_1BT3_Ibatatas	1	368	626	8	336	3.198E-01	5.699E-01	5.826E-01	4.569E-01	473	1M2D1M3D1M2D1M5D1M1D10M42D5I1M7D1I1M3D2I1M2D4M9D29M18I24M1I2M19I4M1I1M16I5M12I7M12D12I20M1D12M8D10I7M1D11M5D35M6I5M15I13M2D6I21M18I1M2I5M
A0A6A6FJM6_taxID_717836_model_A	ref_A0A9N8ELP9_oomycota	1	585	626	68	412	3.580E-01	5.242E-01	6.165E-01	4.474E-01	671	10M1D15I34M18I1M1I18M1D7M9D18I15M23D4M4D2M1D7M12I3M2I2M11I2M2I1M1I2M1I22M11I19M7D40M2D1M1D10M11D6I12M3D4M14D2M1D1M1D4M4D10M3D16M5I8M1I1M222I1M
A0A6A6FJM6_taxID_717836_model_A	ref_5M8L_human	2	310	626	7	361	2.877E-01	4.769E-01	5.472E-01	3.930E-01	457	1M71D6I11M8D4M10D4I5M17D27M18I14M1I6M1I7M10D15I5M2I6M1I4M13D3M1I3M1I3M12I5M5D18I3M1I11M1I13M6I10M14D9M1I1M1I36M1I3M2I8M1I1M8I8M
D7F7N7_taxID_244424_model_A	ref_1JS8_squid	3	186	528	98	262	3.095E-01	6.211E-01	9.871E-01	5.776E-01	184	12M10I25M7I99M2I29M
D7F7N7_taxID_244424_model_A	ref_2Y9W_Abisporus	3	185	528	130	351	2.917E-01	4.299E-01	7.912E-01	4.198E-01	239	3M1D6M1D9M2D1M1D15M10D7M11D8M4I12M1D10M10D16M6D36M4I2M1I6M12D3M1D8M7I3M1I21M
D7F7N7_taxID_244424_model_A	ref_PmTYR	2	320	528	100	287	2.564E-01	4.561E-01	6.799E-01	4.037E-01	361	6M1D1M2D5M10D11I6M2D4M3D4M1D8M1D1M1D3M6I17M10D8M6D10M2I1M2I33M3I2M2I6M1D1M3D1M1D9M14I19M133I1M
D7F7N7_taxID_244424_model_A	ref_8BBR_Vspinosum	4	195	528	93	324	2.766E-01	4.372E-01	7.097E-01	3.996E-01	263	9M13I6M3D5M1D1M46D2M1D5M3D8M3I4M1D18M12D1M1D4M1D9M4I6M1I33M1I3M2D13M1I1M1I1M1I5M2I21M1I5M3I1M
D7F7N7_taxID_244424_model_A	ref_I3D139_archaea	3	181	528	99	305	2.638E-01	4.357E-01	6.987E-01	3.498E-01	226	6M2D4M5D3M5D6I16M9D15M1D1I28M1D11M1I1M2I5M1I24M1I2M3I10M1D1M3D3M1D10M19D6M2I3M1I11M1I1M
D7F7N7_taxID_244424_model_A	ref_5CE9_Jregia	4	199	528	150	339	2.708E-01	4.102E-01	6.997E-01	3.811E-01	229	10M11I6M9I7M4D3M9D19M2D8M14D6M1D11M1D1M1D1M1D33M2I1M1I3M1I4M1I8M1I2M5I9M1I22M1I1M4I1M2I1M
D7F7N7_taxID_244424_model_A	ref_5M8L_human	1	424	528	1	358	2.772E-01	3.787E-01	3.820E-01	2.749E-01	584	1M1I2M1D37I15M8D3I2M2D2I1M35D4I6M30D18M5D7M4I26M1I7M7I1M2I2M2I7M1D6I9M20D39I11M1D3M13I4M2D7I5M26D83I6M8D3M1D2M4D8M2D14M1D4I4M1D25M1I5M1D2M11D10I2M
D7F7N7_taxID_244424_model_A	ref_1BT3_Ibatatas	2	424	528	1	316	2.613E-01	3.805E-01	4.000E-01	2.884E-01	555	6M21D39I2M1D1I3M1I4M28D10I7M7D13M2D4M2D7M5I29M1D1I3M15D2M4D8M1D1M1D3M1D4M14D2M1D3M1D3M6D177I9M13D3I12M2I12M1D34M5D1M1D5M6D7M
D7F7N7_taxID_244424_model_A	ref_A0A9N8ELP9_oomycota	12	480	528	9	368	2.593E-01	3.162E-01	3.524E-01	2.694E-01	642	1M42D49I9M3D4I2M1I17M1I3M5I27M1I1M2I2M4D15I1M6I15M22D40I5M3I7M3D8I2M2D1I1M1D3M8D12M24D78I1M1D1I12M1I15M2I5M3I9M1D21M2I5M8D15I3M4D4I3M46D36I1M2D2I1M2D2I3M
A0ABM1B806_taxID_6850_model_A	ref_PmTYR	562	810	902	1	287	2.586E-01	7.905E-01	9.098E-01	6.721E-01	297	29M3I14M10D43M2D18M1D12M3I5M9D9M1D1M1D1M1D18M10D8M6D15M1D30M2I6M6D21M1I8M1I1M
A0ABM1B806_taxID_6850_model_A	ref_1JS8_squid	563	808	902	1	262	2.395E-01	7.824E-01	8.334E-01	5.877E-01	281	42M2D1M9D43M3I1M1I4M1I1M2I4M9I7M2I4M3D48M2D1M2D4M1D28M3D8M1D12M12D11M1I8M
A0ABM1B806_taxID_6850_model_A	ref_1BT3_Ibatatas	473	810	902	1	333	2.643E-01	6.669E-01	6.743E-01	5.299E-01	411	3M4I16M4D14I4M4I1M12I7M12I2M3I40M2D14M13D27M1D1M1D13M1I2M2I3M1I1M2I3M10I6M6I1M2I8M4D5M16D10M2D8M14D5M1D11M7D4M1D27M3I1M1I14M7D13M1I10M
A0ABM1B806_taxID_6850_model_A	ref_I3D139_archaea	569	803	902	1	305	2.399E-01	6.802E-01	8.733E-01	5.951E-01	314	24M2D1M2D14M10D42M1I17M5I8M6D8M15D9M3D2M2D2M1D24M1D7M1D40M1I5M6D10M30D11M1I1M1I1M
A0ABM1B806_taxID_6850_model_A	ref_5CE9_Jregia	473	810	902	1	335	2.645E-01	6.604E-01	6.695E-01	5.294E-01	412	3M4I14M4D16I4M4I1M12I7M12I2M3I6M1D32M1D1M1D15M13D25M1D3M1D13M1I2M2I3M1I1M2I4M10I5M6I1M2I8M4D5M16D10M2D8M14D5M1D10M7D5M1D28M1I17M7D13M1I10M
A0ABM1B806_taxID_6850_model_A	ref_5M8L_human	468	786	902	1	361	2.628E-01	6.225E-01	7.002E-01	5.172E-01	424	2M15I4M17I3M10I11M5D5I15M1D8I35M25D15M15D26M1D1M1D13M1I3M1I1M1I26M3I4M19D1M1D7M1D2M3D1M1D1M1D18M10D8M14D15M1D27M1I1M1I9M6D7M
A0ABM1B806_taxID_6850_model_A	ref_8BBR_Vspinosum	562	809	902	3	320	2.371E-01	6.325E-01	8.159E-01	5.620E-01	342	12M1D19M1D1M1D14M2I25M2D15M2I1M2I1M1I1M1I1M2I3M11I6M1D2I6M51D1M1D5M6D6M1D1M1D18M13D5M1D43M2D7M2D11M1D1M9D10M1I11M
A0ABM1B806_taxID_6850_model_A	ref_2Y9W_Abisporus	563	807	902	1	351	2.396E-01	5.876E-01	8.246E-01	5.501E-01	365	10M1D3M1D17M1D2M1D10M2D1M14D30M19D24M1I1M1I3M8I5M10D4M1D1I5M14D6M10D2M2D2M1D3M1D11M1D9M10D14M10D5M1D29M1I1M1I5M14D10M6D12M1I7M
A0ABM1B806_taxID_6850_model_A	ref_A0A9N8ELP9_oomycota	476	811	902	8	400	2.573E-01	5.414E-01	6.564E-01	5.575E-01	480	2M4D79I5M3D32M14D13M2D32M1D8M1I1M3I1M1I15M2D12M3I5M39D5M1D3M1D2M1D14M1D4M1D8M4D11M9D6M1D29M2D2M1D1M1D2M1D3M20D8M2D1M29D1M3D8M1D15M
A0A915KQR7_taxID_13658_model_A	ref_1JS8_squid	1	131	407	34	262	2.553E-01	3.848E-01	7.234E-01	5.176E-01	244	2M3D1M3D5M8D4M7D3I7M70D1I2M4D4M1D15M4D35M1D12M9I10M12D12M2I7M
A0A915KQR7_taxID_13658_model_A	ref_PmTYR	1	131	407	32	286	2.571E-01	3.560E-01	7.270E-01	5.386E-01	269	2M2D8M11D2M7D3I7M103D1I2M5D1M1D1M2D2M1D5M5D1M1D44M2I1M3I7M1I1M2I21M1I1M1I11M
A0A915KQR7_taxID_13658_model_A	ref_A0A9N8ELP9_oomycota	1	154	407	67	411	2.852E-01	2.820E-01	6.795E-01	5.257E-01	361	2M2D2M1D4M1D1M4D4M4D9M122D1M6D11M3D1M1D9M9D37M1D3M1D11M10D3M1D9M3D2M31D13M1D12M5D5I1M1D11I3M
A0A915KQR7_taxID_13658_model_A	ref_I3D139_archaea	1	126	407	31	305	2.416E-01	3.142E-01	6.806E-01	4.809E-01	287	13M12D1M7D1I7M111D1I11M1D7M1D10M1I27M1I3M2I4M1I1M1I2M2I13M29D10M1I2M1I3M
A0A915KQR7_taxID_13658_model_A	ref_2Y9W_Abisporus	1	396	407	2	290	2.237E-01	2.491E-01	2.873E-01	2.481E-01	545	4M2I8M1D20M1D3M1D3M1D1M7D2M23D7M1I3M1I1M1I14M36D24I7M10I2M1I6M58D151I6M2I4M1D6I5M11I5M1I1M5I1M1I5M1I1M2D6I10M3D14I3M6D13I11M1D1M2D2M2D1I1M2D2I1M2D2I2M
A0A915KQR7_taxID_13658_model_A	ref_5M8L_human	1	407	407	2	361	2.218E-01	2.434E-01	2.445E-01	2.329E-01	630	8M1I2M1I5M2I16M43D1I5M1I4M5I7M2D4M44D34I1M46D161I8M16D25I6M1D5M7D7I8M1D4M23D12I5M1D5M1D4M5D7M3I15M1D7M8D8I1M21D9I6M3D4M
A0A915KQR7_taxID_13658_model_A	ref_1BT3_Ibatatas	6	407	407	21	301	2.132E-01	2.474E-01	2.826E-01	2.082E-01	557	4M1I4M2I4M1I4M2I5M1D1I1M3D3I1M15D2I8M4I1M2I9M13D32I9M31D57I2M12D102I7M17I1M1D1I14M2D5M9I1M1I1M12I3M5I9M2D10M36D22I16M3D4M1D2M35D1M
A0A915KQR7_taxID_13658_model_A	ref_5CE9_Jregia	24	401	407	26	339	1.814E-01	2.087E-01	2.215E-01	2.475E-01	584	2M1D1I2M1D3M2D2I1M1D2I2M2D2I2M1I1M3I10M1D21M3D2I6M1D5M12D4M3D3M1D2M2D1M107D1I1M10D2M1D2M1D3M10D8M2I2M13D180I2M2D30I8M29D34I10M3D7I1M1I1M2I3M
A0A2V1EB40_taxID_97972_model_A	ref_2Y9W_Abisporus	50	413	581	1	351	5.602E-01	9.137E-01	9.163E-01	6.866E-01	376	12M3I42M1D6M3I41M1I26M1D11M1D30M1I2M5I1M2I15M5I45M3I15M1D2M8D46M1I25M1I20M
A0A2V1EB40_taxID_97972_model_A	ref_1JS8_squid	50	414	581	1	262	4.060E-01	8.707E-01	8.739E-01	5.534E-01	379	10M5I19M2I18M5I6M2I32M18I1M2I12M4I11M12I1M1I8M2I2M15I1M1I7M16I6M3I11M1I10M13I12M1D4M2D33M3D2M2D6M13I3M1I8M5D3M1D1I22M
A0A2V1EB40_taxID_97972_model_A	ref_PmTYR	49	415	581	1	287	4.030E-01	7.728E-01	7.753E-01	4.846E-01	390	12M5I18M5I14M6I3M2I35M18I1M2I22M1I2M1I3M13D10I7M1D4M1I6M11I1M1I7M15I10M1I10M1I8M1D1I6M4I3M1D5M6D10M1I37M1D6M9I1M1I12M7I21M
A0A2V1EB40_taxID_97972_model_A	ref_I3D139_archaea	56	408	581	1	305	4.122E-01	7.496E-01	7.518E-01	4.699E-01	392	6M4I1M1I17M2D18M5I6M1I2M1I1M1I29M18I1M2I21M2D4M4D4M5D8I6M1D2I4M1I3M2I4M2I4M1I2M1I8M12I1M2I4M1D17M1I10M12I21M1I29M1D9M8I1M1I14M23D19M
A0A2V1EB40_taxID_97972_model_A	ref_8BBR_Vspinosum	48	564	581	2	324	4.231E-01	7.280E-01	7.321E-01	4.861E-01	567	11M2I2M2I34M20I30M18I12M1I2M4I7M1I1M1I1M14I6M3D3M3D4M2D1M2D1M22D3M1D18M11I5M1I12M1D7M1I13M7D7I8M1D9M1I5M1I28M4D5M1D3M13I13M3D1I23M12I1M3I3M130I2M
A0A2V1EB40_taxID_97972_model_A	ref_5CE9_Jregia	34	433	581	28	339	4.271E-01	7.059E-01	7.640E-01	5.043E-01	436	9M1D18M5I34M2D4M4I9M3I29M18I16M3I10M14I6M27I4M12I1M1I4M1D4M10D1M3D15M1D12M10D9I6M1D7M1D1M1D1M4D34M1D7M15I38M11I2M1I1M1I3M
A0A2V1EB40_taxID_97972_model_A	ref_1BT3_Ibatatas	34	432	581	30	336	4.243E-01	7.068E-01	7.704E-01	5.043E-01	431	28M4I1M1I33M1D3M3I10M3I29M18I16M3I10M14I6M27I4M12I10M11D1M2D15M1D12M10D9I6M1D9M6D34M2I5M15I38M11I2M1I1M1I2M
A0A2V1EB40_taxID_97972_model_A	ref_A0A9N8ELP9_oomycota	46	564	581	19	412	4.563E-01	6.267E-01	6.544E-01	4.713E-01	612	1M1D1I14M4I1M1I19M9D16M6I1M5I2M1I4M1I26M18I1M1I13M3I11M11D13I16M15D6M1D1M3D6M1I8M15I10M1I22M2I1M6I16M1D1M7D35M1D1M2D1M4D1M1D10M7D3I14M3D5M12D2M13D4M2D31M136I1M
A0A2V1EB40_taxID_97972_model_A	ref_5M8L_human	37	385	581	17	361	3.972E-01	6.102E-01	6.367E-01	4.146E-01	422	3M7D2M3D1M1D5M6D14M4I1M1I17M23D18M1D6I4M2D36M18I15M2I7M2D6M7D11I11M2I11M6D6I9M13I5M1D7M1I10M1I8M1D8M8D1I7M4D1I12M1I39M1D5M1I2M3I1M1I1M3I2M1I5M
A0A9X8E272_taxID_112090_model_A	ref_PmTYR	326	672	786	1	287	2.717E-01	6.956E-01	6.979E-01	4.693E-01	401	41M2D3M6D5M1D21M1I1M2I17M3I1M1I1M2I3M1I6M1D8M1I1M1I1M11I10M2D6M1D3M5I12M2D5M37D18M2I28M2I1M18I6M2D13M10I1M1I1M14I12M3I6M34I1M2I1M
A0A9X8E272_taxID_112090_model_A	ref_1JS8_squid	327	642	786	1	262	2.576E-01	7.076E-01	7.099E-01	4.359E-01	354	29M3D10M2D1M9D4M1I25M2I2M1I11M1I1M1I2M7I2M2I1M1I5M1I2M25I11M1I1M5I2M1I5M1I1M1I5M1D2M21D20M2D31M5I2M4I1M4I1M2I4M3I10M10I5M3I19M1I1M2I7M7I1M
A0A9X8E272_taxID_112090_model_A	ref_I3D139_archaea	333	630	786	1	305	2.644E-01	6.297E-01	6.448E-01	4.316E-01	371	22M7D12M1D3M7D5M1D21M1I1M2I13M1I4M7I1M2I7M1D10M2D16I4M3D2M2D10M9D6I8M1D3M1D3M2D1M1D3M18D12M2D2I6M2D26M10I1M9I7M1D4M1D9M8D1M1D4M2D5M5I6M1I16M4I2M
A0A9X8E272_taxID_112090_model_A	ref_8BBR_Vspinosum	325	663	786	2	324	2.662E-01	5.966E-01	5.998E-01	4.077E-01	424	13M1D17M1D1M3D1M1D10M2I2M1I26M1I16M2I1M7I1M3I13M1I11M17I8M35D4I4M1D5M1D5M3D2M1D1M37D16M3I27M1I4M5I2M3I7M3I1M6I10M10I2M1I1M1D2I4M1I2M2I10M2I1M1I9M2I1M2I1M3I1M2I1M14I1M
A0A9X8E272_taxID_112090_model_A	ref_A0A9N8ELP9_oomycota	325	686	786	21	411	2.947E-01	5.282E-01	5.924E-01	4.202E-01	484	30M1D1M13D11M2D2M1D9M1D23M1I1M1I10M2I1M10I5M1I12M1I1M11I20M1D1M19D1M1D1I2M8D14M1D2M28D15M3D1I6M5D24M1I2M1I2M6I1M2I6M1I6M1D2M12D2M1D11M8I4M6I7M12D1M11D8M1D5M1I7M4I1M2I2M23I10M9I1M
A0A9X8E272_taxID_112090_model_A	ref_5CE9_Jregia	324	649	786	42	339	2.507E-01	5.481E-01	6.184E-01	4.351E-01	407	31M1D1M4D11M2D2M1D1M9D29M1I13M1I4M7I2M2I1M1I4M2I2M25I5M16I9M2D7M54D12M2D2I7M4D2M2D22M3I1M17I7M3I8M1I1M11I2M5I7M1I11M1I1M2I9M1I1M1I2M6I2M
A0A9X8E272_taxID_112090_model_A	ref_1BT3_Ibatatas	324	648	786	43	336	2.483E-01	5.487E-01	6.219E-01	4.385E-01	405	31M1D1M4D11M2D2M1D1M9D29M1I14M1I3M10I2M2I2M1I4M24I6M16I9M2D6M55D13M1D1I5M1D2M4D25M23I5M3I8M1I1M11I2M5I6M1I14M3I10M2I1M6I1M
A0A9X8E272_taxID_112090_model_A	ref_5M8L_human	322	585	786	38	361	2.458E-01	5.027E-01	6.666E-01	4.092E-01	371	2M4D31M28D15M13D5M1D24M1I12M1I2M2I1M6I3M2I1M1I14M13I17M1D1M10D4M1I3M1I9M5D5M45D18M2I29M9I1M4I1M4I19M
A0A9X8E272_taxID_112090_model_A	ref_2Y9W_Abisporus	327	642	786	1	351	2.276E-01	4.557E-01	4.973E-01	3.152E-01	451	8M1D1M5D9M2D2M8D6M1I5M16D6M5I4M7I21M18D1M1D9M1I3M2I5M1I2M2I11M16D24I9M3I4M2D2I4M2D5M9D7M2D2M1D1M2D2M26D17M5D5M4D2M3D18M1I1M22I4M8I12M2D2I4M1D1I1M5D5I5M4D6M2I6M4I7M7I1M
A0A401IHQ9_taxID_1920663_model_A	ref_I3D139_archaea	36	372	416	1	305	6.485E-01	8.746E-01	8.773E-01	6.993E-01	356	91M1D1M1D18M15I8M10D28M1D1M1D3M1D27M15I12M19I5M1I37M1D16M1D10M2D26M1I3M
A0A401IHQ9_taxID_1920663_model_A	ref_PmTYR	29	378	416	1	287	6.112E-01	8.746E-01	8.776E-01	6.945E-01	368	29M7I65M2D1M2D2M1D17M9I10M2D9M7I14M1D4M1I16M10D10M10I14M20I58M27I20M
A0A401IHQ9_taxID_1920663_model_A	ref_1JS8_squid	30	377	416	1	262	5.476E-01	8.438E-01	8.465E-01	5.806E-01	358	30M2I1M2I20M1D49M1I1M1I1M2I4M18I12M1I1M9I1M1I10M3I28M16I12M16I33M1D1M5D10M6I12M18I5M2D2M1D19M
A0A401IHQ9_taxID_1920663_model_A	ref_A0A9N8ELP9_oomycota	27	382	416	20	411	6.381E-01	6.439E-01	7.401E-01	6.138E-01	452	31M1D5M7D1I17M2I1M2I1M1I32M1D12M1I1M1I16M8I16M1D1M18D1M6D38M2D11M1I1M1I2M10I18M11I38M5D3M1D6M1D1M13D1M1D10M2D4M15D21I1M11D11M1D2M1D2M1D8M2D1M6D4M
A0A401IHQ9_taxID_1920663_model_A	ref_5M8L_human	22	328	416	39	361	5.902E-01	6.744E-01	7.863E-01	5.942E-01	357	39M2D1M19D22M5D31M1D1M1D33M9I16M2I5M1D1I3M4D1M3D11M1D1M1D2M1D20M10D13M2I18M1I1M19I35M1D20M
A0A401IHQ9_taxID_1920663_model_A	ref_2Y9W_Abisporus	30	376	416	1	351	5.809E-01	6.788E-01	6.873E-01	5.417E-01	417	10M2D20M2I19M8D2I34M19D12M6D6M1D8M10D20I10M1D7M2I12M8D1M1D6M1D3M1D11M1D11M1D1I4M6I4M1D1I18M10I39M1I9M5D2M4D11M21I24M
A0A401IHQ9_taxID_1920663_model_A	ref_8BBR_Vspinosum	29	382	416	3	324	5.561E-01	7.003E-01	7.063E-01	5.421E-01	411	12M1D19M2I16M12I26M2D27M18I2M4I6M3D3M2D1M30D13M1D5M4D9M1D21M8D1I6M9I13M20I5M1I28M2D11M1I12M3D19I4M2I26M
A0A401IHQ9_taxID_1920663_model_A	ref_1BT3_Ibatatas	27	382	416	43	336	5.511E-01	6.722E-01	7.628E-01	5.463E-01	391	33M2I22M3D33M1D1M1D18M1I1M2I4M19I6M20I8M10D5M6D2M1D11M2D10M8D1I1M1D5M9I16M13I38M3I6M5I9M2D20I4M2I26M
A0A401IHQ9_taxID_1920663_model_A	ref_5CE9_Jregia	25	383	416	40	339	5.534E-01	6.677E-01	7.485E-01	5.413E-01	395	1M1D1I33M2I23M2D1M1D29M1D1M1D20M1I1M2I4M19I6M20I8M10D2M1D1M1D1M1D1M3D2M1D11M2D10M8D1I1M1D5M9I16M13I46M5I10M2D20I4M2I27M
A0ABR8DNS8_taxID_2692904_model_A	ref_I3D139_archaea	56	394	414	1	305	6.645E-01	8.932E-01	8.961E-01	7.035E-01	356	47M1I1M3I2M1I41M1D1M1D18M15I11M7D28M1D1M1D8M1D22M14I12M15I5M1I26M1I9M1D18M1D9M2D1M1D28M
A0ABR8DNS8_taxID_2692904_model_A	ref_PmTYR	49	403	414	1	287	6.179E-01	8.810E-01	8.840E-01	7.016E-01	373	29M7I18M6I4M1D42M2D1M2D2M1D17M10I6M1D6M1I4M3I2M4I16M1D4M1I16M10D10M9I14M16I36M1I22M26I18M2I2M
A0ABR8DNS8_taxID_2692904_model_A	ref_1JS8_squid	50	402	414	1	262	5.564E-01	8.546E-01	8.576E-01	5.761E-01	362	30M2I1M2I19M4I51M1I1M1I1M2I4M20I5M1D2I6M1I1M9I1M1I8M1I2M2I28M15I12M12I35M5D10M6I12M17I5M2D2M1D18M2I1M
A0ABR8DNS8_taxID_2692904_model_A	ref_A0A9N8ELP9_oomycota	42	410	414	15	408	6.487E-01	6.516E-01	7.243E-01	6.165E-01	460	1M3D3I1M1D1I30M1D6M6D18M10I33M1D12M1I1M1I16M9I6M1D4M3I5M1D1M18D1M6D38M2D11M1I1M1I2M9I18M7I38M5D2M1D9M14D11M2D4M15D20I1M11D11M3D22M
A0ABR8DNS8_taxID_2692904_model_A	ref_5M8L_human	38	352	414	26	361	6.046E-01	6.873E-01	7.836E-01	5.882E-01	375	5M1D2M4D1M3D1M1D34M2D1M19D22M6D6I32M1D1M1D31M10I11M1I1M1I4M2I9M4D1M3D11M1D1M2D1M1D4M1I16M10D13M2I5M1D12M1I1M15I56M
A0ABR8DNS8_taxID_2692904_model_A	ref_2Y9W_Abisporus	50	399	414	1	351	5.881E-01	6.834E-01	6.870E-01	5.255E-01	415	10M1D3M1D17M2I19M5D2I3M2I34M19D14M3D7M2I6M13D18I6M1I12M2I12M8D1M1D2M1D3M1D15M1D11M1D1I5M5I3M1D1I18M6I39M2I9M5D2M4D11M20I24M
A0ABR8DNS8_taxID_2692904_model_A	ref_1BT3_Ibatatas	39	402	414	35	333	5.677E-01	6.906E-01	7.716E-01	5.647E-01	402	41M2I17M1D6M2I9M1I25M1D1M1D18M1I1M2I4M20I5M4I1M18I8M10D5M6D2M1D11M2D8M14D5M14I14M9I38M1I3M2I3M6I9M2D19I4M2I23M
A0ABR8DNS8_taxID_2692904_model_A	ref_5CE9_Jregia	39	402	414	34	335	5.689E-01	6.856E-01	7.657E-01	5.612E-01	403	41M2I17M1D6M2I9M1I23M1D3M1D18M1I1M2I4M20I5M4I1M18I8M11D3M1D1M1D1M3D2M1D11M2D8M14D5M14I14M9I37M1D4M1I5M6I9M2D19I4M2I23M
A0ABR8DNS8_taxID_2692904_model_A	ref_8BBR_Vspinosum	49	405	414	3	324	5.531E-01	6.932E-01	6.991E-01	5.245E-01	416	12M1D19M2I17M17I25M1D1M1D26M24I4M1I4M3D3M2D1M30D13M1D5M5D30M8D1I6M8I13M16I5M1I28M2D11M2I12M3D18I4M2I23M2D2I1M
A0ABQ0EZ56_taxID_105296_model_A	ref_5M8L_human	71	508	611	1	361	5.710E-01	9.582E-01	9.608E-01	7.470E-01	443	91M2D30M1D49M1D64M1D46M1I44M81I32M
A0ABQ0EZ56_taxID_105296_model_A	ref_PmTYR	116	534	611	1	287	4.370E-01	9.088E-01	9.119E-01	6.517E-01	429	29M26I17M2D6I31M1I1M1I13M1D1M3D3M1D1M1D10M1D16M1D4M1I2M10I1M1I13M1I2M1I41M7I1M2I37M81I13M1I20M2I9M1I12M
A0ABQ0EZ56_taxID_105296_model_A	ref_1JS8_squid	117	533	611	1	262	3.668E-01	8.156E-01	8.185E-01	5.381E-01	437	30M2I1M21I20M1D3I3M1I29M1I1M1I17M1I1M2I4M9I12M16I12M2I1M3I19M10I8M15I9M1D1M1D1M2D23M81I10M4D1M1D8M6I9M1D1M8D2M1D8M1I11M
A0ABQ0EZ56_taxID_105296_model_A	ref_I3D139_archaea	123	528	611	1	305	3.866E-01	7.481E-01	7.505E-01	5.513E-01	456	25M1I2M18I19M4D7I1M1I28M1I1M1I12M1D4M1D2M1D10M5I10M9D5M2D6M1I2M1D7I13M1D1I9M1D14M10I8M14I8M1D8M1I18M81I34M25D1M3D8M1I6M1I1M
A0ABQ0EZ56_taxID_105296_model_A	ref_A0A9N8ELP9_oomycota	62	544	611	8	409	4.419E-01	6.405E-01	6.566E-01	5.585E-01	586	2M4D29I2M9I4M6I31M1D6M6D19I18M7I1M2I31M1I12M1I15M1D21M15D7I5M4D3M7D1M1D12M2I15M1D6M9I6M1I1M1I2M9I12M1D1M8D24M81I10M4D4M2D7M13D2M1D9M2D4M30D9M2D23M
A0ABQ0EZ56_taxID_105296_model_A	ref_5CE9_Jregia	63	536	611	1	335	3.994E-01	6.884E-01	6.978E-01	4.885E-01	535	3M3D6I6M16D6I8M4I1M7I2M1I1M5I33M4I1M17I22M4D4I2M1I52M2I4M11I5M1I1M23I8M9D7M1D1M3D1M2D11M2D6M2D3M6D4M4I6M14I12M7D23M81I9M1D4M1I5M6I9M5D11M1I11M1I2M
A0ABQ0EZ56_taxID_105296_model_A	ref_1BT3_Ibatatas	63	536	611	1	333	3.963E-01	6.896E-01	6.972E-01	4.907E-01	536	3M3D6I1M1D1I4M18D6I8M4I1M7I5M7I31M21I22M4D4I2M1I52M2I4M10I6M1I1M23I8M5D1M1D7M6D1M2D11M2D5M3D4M5D4M4I6M14I12M7D23M81I9M1I2M2I5M6I9M5D9M1I13M1I2M
A0ABQ0EZ56_taxID_105296_model_A	ref_8BBR_Vspinosum	106	540	611	1	324	3.843E-01	6.879E-01	6.898E-01	4.867E-01	492	1M8I13M1D19M21I17M16I54M7I2M5I6M4D2M2D2M22D3I9M1D2M4D4M1D5M3D28M2D4M5D3M4I6M14I16M1I18M81I10M3D11M3I10M6D1M1D10M1I11M1I2M2D3I1M
A0ABQ0EZ56_taxID_105296_model_A	ref_2Y9W_Abisporus	117	533	611	1	351	3.863E-01	6.444E-01	6.461E-01	4.888E-01	502	10M2D20M21I18M11D8I3M1I30M17D14M4D7M2I6M13D8I10M2D8M6I1M2I9M8D4M1D1I2M1D1I4M1D11M1D6M2D11M2I4M15I10M10D24M81I13M2I7M1D1M3D1M4D3M1D9M3D19M1I1M
A0A7S2W0D0_taxID_1034831_model_A	ref_PmTYR	1	406	461	40	287	4.525E-01	7.081E-01	8.145E-01	5.631E-01	429	1M1D5M2D1M2D1M1D44M3I1M5I33M1D5M11I3M2I2M9I11M1I5M2I17M10D8M5D11M117I5M1D32M1I3M1I1M1I2M11I1M1I12M11I4M1I2M2I4M2I11M
A0A7S2W0D0_taxID_1034831_model_A	ref_A0A9N8ELP9_oomycota	1	420	461	76	412	5.501E-01	6.108E-01	7.372E-01	5.703E-01	472	39M1D10M2I1M10I1M2I1M1I12M1D28M1D1M6D7M2D21M2I5M1I13M1D3M1D10M3D14M1I1M106I1M1I9M1D28M1D1M2D14M1I3M4D16M4D4M2D1M1D3M11D3M1D1M4D17M2I11M5D6I6M
A0A7S2W0D0_taxID_1034831_model_A	ref_1JS8_squid	1	405	461	39	262	3.941E-01	6.651E-01	7.703E-01	4.894E-01	428	1M1D3M1D1M8D43M1I1M1I1M9I2M2I1M1I1M1I1M2I4M10I13M17I1M9I9M4I5M1I2M1I23M1I11M113I7M1D27M4D2M2D5M2I1M1I2M17I8M6D4M6I10M1I2M4I10M
A0A7S2W0D0_taxID_1034831_model_A	ref_8BBR_Vspinosum	1	421	461	45	324	4.366E-01	6.017E-01	6.881E-01	4.785E-01	468	5M3I27M1D1M1D14M12I2M1I11M9I1M2I8M1D6M1D7M10D1M4D1M2D24M4D4I7M2D19M13D16M117I33M3D12M17I11M5D7I10M1I2M4I8M1I3M10I4M
A0A7S2W0D0_taxID_1034831_model_A	ref_2Y9W_Abisporus	1	404	461	43	351	4.395E-01	5.619E-01	6.313E-01	4.321E-01	476	1M1D3M1D1M13D29M1D1M18D13M2I2M2I2M2I1M2I2M2I5M2I4M10I4M13D11M7I9M8I8M9D3M2D2I28M9D18M1I3M104I1M2I8M1D25M1D9M6I3M1I3M3D3I17M6I2M1I4M2I1M1I6M1I10M
A0A7S2W0D0_taxID_1034831_model_A	ref_5CE9_Jregia	1	423	461	89	339	3.965E-01	5.260E-01	6.919E-01	4.660E-01	466	6M8D29M1D2M1D11M1I4M9I2M3I2M3I4M11I6M1I1M34I6M11D4M1D4M1D3M1D11M2D8M14D20M110I8M1D31M2I6M18I11M2D6I7M1I2M2I4M2I9M1I3M1I1M4I1M3I1M3I1M
A0A7S2W0D0_taxID_1034831_model_A	ref_5M8L_human	1	367	461	114	361	4.048E-01	5.099E-01	7.243E-01	4.924E-01	411	5M10D31M2D12M1I1M2I1M6I1M2I2M1I1M1I12M1I19M11I7M3D3I1M5D4I9M1D9M1I18M10D8M13D10M1I1M115I40M3I4M2I1M8I3M1I8M
A0A7S2W0D0_taxID_1034831_model_A	ref_1BT3_Ibatatas	1	419	461	90	336	3.932E-01	5.266E-01	6.985E-01	4.664E-01	461	6M8D30M1D1M1D15M10I1M4I3M2I4M11I6M1I1M33I7M9D8M3D3M1D11M2D8M14D20M110I8M1D28M2I1M2I1M1I4M18I11M2D6I10M1I1M2I2M2I12M2I1M4I1M3I1M
A0A7S2W0D0_taxID_1034831_model_A	ref_I3D139_archaea	6	448	461	9	290	2.019E-01	2.754E-01	2.894E-01	1.817E-01	582	1M2D1M31D146I2M1I4M1D2I2M1I10M10D39I1M3D3I1M6D12M5I5M1D3M1D1M2D2M3D4M2D4M3D1M2D6M1D2I9M1I14M1I6M1D22M29D32I3M5D5I2M5D6I7M1D14I1M3I1M6I1M2I2M1I3M21D25I1M3D3I1M5D2I2M1D8M
A0A5S6QUR5_taxID_70415_model_A	ref_PmTYR	89	350	957	1	286	2.491E-01	7.941E-01	8.687E-01	6.131E-01	300	29M5I11M2D4M7D62M5D11M6I3M10D9M2D21M2D6M4D5M5D1M1D52M1I15M1I9M1I10M
A0A5S6QUR5_taxID_70415_model_A	ref_1JS8_squid	90	350	957	1	262	2.225E-01	7.661E-01	7.716E-01	5.487E-01	299	30M2I13M1D1M1D1M8D41M1I3M2I1M2I1M1I1M1I1M2I4M5I7M8D9I9M1I23M3I1M1I14M2D1M2D33M3D2M2D6M4I1M2I10M9D1M2D11M1I8M
A0A5S6QUR5_taxID_70415_model_A	ref_I3D139_archaea	96	345	957	1	305	2.373E-01	7.065E-01	8.538E-01	5.607E-01	316	24M2D14M2D3M7D45M1D2I1M2I14M1I7M1D12M18D7M3D2M2D22M3I13M1D9M1I52M29D8M1I1M1I5M
A0A5S6QUR5_taxID_70415_model_A	ref_1BT3_Ibatatas	18	373	957	14	335	2.472E-01	6.590E-01	6.872E-01	5.291E-01	421	6M2I1M5D37I6M2I3M1I2M1I4M1I3M1I46M2D1M1D3M9D28M1D1M1D15M2I1M2I1M1I2M3I4M6I5M10I9M5D1I5M15D10M2D7M1D2M9D9M1D10M7D32M2I6M7I10M6D9M1I14M19I2M
A0A5S6QUR5_taxID_70415_model_A	ref_5CE9_Jregia	15	373	957	13	339	2.483E-01	6.536E-01	6.774E-01	5.192E-01	426	6M1D1I1M3D40I1M1I5M2I3M1I2M1I4M1I50M2D1M1D3M9D28M1D1M1D15M2I1M2I1M1I2M3I4M6I5M10I9M5D1I5M15D7M1D3M1D7M1D2M9D9M1D10M7D32M1D8M8I9M7D9M1I15M17I1M1D1I1M
A0A5S6QUR5_taxID_70415_model_A	ref_8BBR_Vspinosum	86	351	957	2	320	2.288E-01	6.344E-01	7.609E-01	5.324E-01	349	1M2I12M1D33M1I3M2I25M1D1M1D14M4I2M1I10M4I4M2I3M51D9I2M1D5M6D6M1D18M1D3M8D9M1D14M1I28M3D9M3I12M8D13M1I9M
A0A5S6QUR5_taxID_70415_model_A	ref_5M8L_human	51	326	957	1	361	2.448E-01	6.150E-01	7.893E-01	5.098E-01	385	2M2I1M1I5M1D4M13D9I4M1D6M4D35M23D14M1D3M13D29M1D1M1D11M1I2M2I3M1I1M1I10M4D12M21D6I1M1D1I10M5D21M2D6M4D4M1D1M12D1M1D65M
A0A5S6QUR5_taxID_70415_model_A	ref_2Y9W_Abisporus	90	349	957	1	351	2.401E-01	6.150E-01	8.115E-01	5.222E-01	363	10M2D35M15D32M17D1M2D17M2I5M2I4M4I6M7D3I4M1D1I2M1D3M17D4M11D5M2D2M1D18M1D5M4D4M1D12M10D45M7D14M4D20M
A0A5S6QUR5_taxID_70415_model_A	ref_A0A9N8ELP9_oomycota	81	372	957	13	410	2.486E-01	5.524E-01	7.597E-01	5.587E-01	432	7M1D34M1D1M8D11M2D3M2D32M1D10M2I1M5I13M6D11M42D8I5M1D6M1D14M2D27M9D34M2D1M2D1M2D3M1D6M12D2M1D9M2D3M31D12M2D11M9D19I1M
A0ABY7K8H2_taxID_67287_model_A	ref_I3D139_archaea	7	352	360	1	305	7.506E-01	8.803E-01	8.831E-01	6.778E-01	365	28M2I19M1I1M2I45M1D18M5I12M2I3M2I1M6I12M6D11M4D2M2D16M7I12M14I7M1D36M6I1M1I5M1I1M1I2M6I17M1I9M5D27M3I1M
A0ABY7K8H2_taxID_67287_model_A	ref_PmTYR	1	359	360	2	287	6.898E-01	8.551E-01	8.608E-01	6.484E-01	371	28M9I18M2I2M1I45M2D1M2D19M1D12M18I11M1I8M1D2M2D24M3D14M9I18M1D28M5I1M3I7M8I16M26I12M3I8M
A0ABY7K8H2_taxID_67287_model_A	ref_1JS8_squid	1	358	360	1	262	6.328E-01	8.502E-01	8.532E-01	5.703E-01	366	31M6I18M2I49M1I2M2I3M2I4M10I6M19I9M4I26M7I11M15I10M2D1M2D4M1D32M1I4M1I6M14I12M17I5M2D2M1D12M3I7M
A0ABY7K8H2_taxID_67287_model_A	ref_A0A9N8ELP9_oomycota	1	360	360	23	407	7.192E-01	6.334E-01	7.211E-01	6.142E-01	457	33M9D4I16M8I34M1D12M1I1M2I13M1D1M1D11M20I5M27D3M3D1M1D11M2D2M1D18M5I10M1I2M10I13M9D5M1D29M1I18M5D1M1D16M2D5M13D20I2M13D24M1D1M6D1M
A0ABY7K8H2_taxID_67287_model_A	ref_8BBR_Vspinosum	1	359	360	4	320	6.216E-01	6.860E-01	7.022E-01	5.599E-01	426	11M1D22M4I14M15I26M1D1M1D13M1I12M14I4M18I4M3D3M36D1M3D12M6D6M2D10M1I3M6I6M13D6M14I46M2I1M3I8M8I1M2I13M1D17I4M1I12M1I1M1I1M1I9M
A0ABY7K8H2_taxID_67287_model_A	ref_2Y9W_Abisporus	1	357	360	1	351	6.394E-01	6.542E-01	6.559E-01	5.125E-01	435	10M1D3M1D17M2I2M2I18M5D3I10M1D25M18D1M1D12M2D9M2I4M10I3M9I7M5D4I4M4D6M2D1M3D10M10D2M2D2M1D3M1D14M6I9M2D6M2D9I12M10D5M1D28M5I1M3I5M2I4M6D4I17M20I16M1I1M2I6M
A0ABY7K8H2_taxID_67287_model_A	ref_1BT3_Ibatatas	1	360	360	46	333	6.095E-01	6.504E-01	7.538E-01	5.610E-01	405	33M4I14M1D1M1D6M1I6M1I26M1D1M1D16M2I3M2I4M10I5M21I1M1I1M10I6M12D4M6D2M1D15M5I6M14D6M14I11M7D5M1D26M10I7M14I6M1I2M1I1M17I20M3I9M
A0ABY7K8H2_taxID_67287_model_A	ref_5CE9_Jregia	1	360	360	45	335	6.111E-01	6.466E-01	7.483E-01	5.687E-01	406	33M4I14M1D1M1D6M1I6M1I26M1D1M1D16M1I3M3I4M10I5M21I1M12I8M4D5M16D14M5I6M14D6M14I11M7D4M1D27M2I2M4I1M1I7M14I6M1I2M18I21M3I9M
A0ABY7K8H2_taxID_67287_model_A	ref_5M8L_human	1	307	360	47	361	6.300E-01	6.284E-01	7.329E-01	5.617E-01	364	31M2D2M17D21M7D6I3M1D29M1D1M1D17M1I19M1D6M20I4M1I5M12D8M2D3M4D24M3D16M5D6I19M1D28M7I9M8I13M
A0A8U0BZ64_taxID_102329_model_A	ref_PmTYR	110	375	821	1	287	2.929E-01	8.076E-01	8.711E-01	6.120E-01	302	29M5I15M9D60M1D2M1D2M1D9M2D2M11D9M2D1M1D12M1I1M2I6M2D15M6D44M3I3M1I21M1I7M1I1M1I12M
A0A8U0BZ64_taxID_102329_model_A	ref_1JS8_squid	111	374	821	1	262	2.662E-01	7.954E-01	7.982E-01	5.641E-01	297	31M2I11M2D1M1D1M7D42M2I2M2I1M2I3M3I5M7I5M1D3M7D22M1I1M2I9M8I14M2D1M2D46M4I11M9D1M2D7M1I1M1I11M
A0A8U0BZ64_taxID_102329_model_A	ref_I3D139_archaea	117	369	821	1	305	2.671E-01	6.882E-01	8.224E-01	5.620E-01	327	24M2D18M9D40M1I3M2I15M3I9M10D2M18D8M4D2M1D3M1D9M1I1M2I9M7I12M1D9M1I27M3I26M28D9M1I2M1I3M
A0A8U0BZ64_taxID_102329_model_A	ref_5CE9_Jregia	73	392	821	21	338	2.868E-01	6.505E-01	6.903E-01	5.091E-01	376	1M2I2M1I1M2I10M1I2M2I1M2I4M2I1M1I1M1I49M12D28M1D1M1D12M1I2M2I1M2I3M1I1M2I4M7I6M1I1M1I7M5D1I4M16D11M1I12M8D2I9M1D10M7D31M2I6M1I5M6I9M5D11M1I14M13I2M
A0A8U0BZ64_taxID_102329_model_A	ref_1BT3_Ibatatas	73	392	821	23	335	2.834E-01	6.500E-01	6.946E-01	5.135E-01	376	1M2I2M1I1M1I8M1I2M1I2M2I1M2I4M4I1M1I49M12D28M1D1M1D12M1I2M2I1M2I3M1I1M2I4M7I6M1I9M4D1I4M16D11M1I12M8D2I9M1D10M7D32M4I1M1I1M1I5M6I9M6D8M1I2M1I14M14I1M
A0A8U0BZ64_taxID_102329_model_A	ref_8BBR_Vspinosum	108	376	821	1	321	2.717E-01	6.540E-01	7.788E-01	5.270E-01	350	14M1D34M1I2M2I25M1D1M1D14M4I2M1I10M6I2M4I4M1D1M51D1M2D4M6D6M2D10M1I1M2I11M7D1I3M1I6M1D14M1I41M2I1M1I10M8D13M2I10M
A0A8U0BZ64_taxID_102329_model_A	ref_5M8L_human	84	349	821	14	361	2.846E-01	6.232E-01	8.326E-01	5.382E-01	365	1M3D2I1M7D2I14M1D5M1I31M3D1M20D17M14D28M1D1M1D11M1I1M1I1M2I2M1I13M1D2M1D4M1D7M23D9M5D1M1D12M1I1M2I7M1D9M1D5M14D44M4I8M1D13M
A0A8U0BZ64_taxID_102329_model_A	ref_2Y9W_Abisporus	111	373	821	1	351	2.784E-01	6.209E-01	8.134E-01	5.383E-01	368	10M2D34M2D1M13D32M17D1M2D17M2I5M1I7M12D5I5M1D3M16D5M8D1M1D2M2D2M2D2M1D12M2I7M1D5M1D19M10D34M4I2M2I8M5D1M4D3M1D8M4D10M1I10M
A0A8U0BZ64_taxID_102329_model_A	ref_A0A9N8ELP9_oomycota	101	376	821	14	400	2.946E-01	5.615E-01	8.123E-01	5.295E-01	397	1M1I34M1D7M8D15M4D31M1D10M1I2M5I5M1I5M1D1M3D8M1D6M41D13M1D10M2D12M1I1M1D1I18M6D38M1D9M4D2M11D2M1D9M2D2M29D1M2D14M1D10M
A0A8H5JP71_taxID_47803_model_A	ref_PmTYR	48	624	788	1	255	2.277E-01	5.920E-01	6.620E-01	5.370E-01	637	10M1D18M13I14M10D26M1I18M1D9M1I2M1I10M25I11M2D8M6D1I1M5D1M1D1I2M23D1I3M10D18M1I27M48I2M1I2M2I2M1I2M1D126I2M2I1M157I6M
A0A8H5JP71_taxID_47803_model_A	ref_5M8L_human	19	680	788	3	354	2.594E-01	5.288E-01	5.416E-01	4.860E-01	779	16M1D1I2M2D1I3M6D1I5M8D10M1D20M2D6M13D19M15D30M1D11M1I2M1I3M1I1M1I4M2I10M25I21M17D1M5D1M2D1M2D1M24D1M10D4M5D19M1I25M49I5M2I2M1D2I1M1D126I4M158I1M2I1M50I1M2I3M1D1I1M
A0A8H5JP71_taxID_47803_model_A	ref_I3D139_archaea	54	763	788	1	277	2.165E-01	5.262E-01	5.764E-01	5.197E-01	799	28M5I1M1I14M10D26M1I20M2I4M1I3M1I6M31I9M10D4M1D7M1D1M28D3I1M9D1M6D5I10M1D5M1I4M1I21M6D43I2M1I3M135I1M1I5M4D160I3M13D128I2M2I7M
A0A8H5JP71_taxID_47803_model_A	ref_1JS8_squid	49	624	788	1	225	1.989E-01	5.488E-01	6.292E-01	4.655E-01	626	9M1D22M10I10M3D2M8D27M1I14M2I4M2I1M1I2M5I4M35I5M1D9M3D2I1M13D5I1M10D1M3D3I1M1D1I13M2D1M1D28M48I2M1I9M4D126I2M1I1M158I6M
A0A8H5JP71_taxID_47803_model_A	ref_5CE9_Jregia	23	624	788	6	301	2.253E-01	4.797E-01	5.406E-01	4.329E-01	691	5M18D2I1M2D2I5M2I2M1I13M1D25M8I14M13D31M1D16M2I13M2D5M9D9I1M7I8M26D27I3M8D4M1D1M2D13M6D24M1I1M49I7M1I5M124I1M1I2M2I1M157I6M
A0A8H5JP71_taxID_47803_model_A	ref_1BT3_Ibatatas	23	624	788	6	299	2.196E-01	4.724E-01	5.302E-01	4.451E-01	695	5M21D2I1M1D1I3M1I2M2I1M2I13M1D25M8I14M13D31M1D16M2I14M1D4M10D18I7M29D27I2M8D6M2D13M6D24M1I1M49I9M2I1M127I2M2I1M157I6M
A0A8H5JP71_taxID_47803_model_A	ref_8BBR_Vspinosum	46	624	788	1	284	2.117E-01	4.756E-01	5.363E-01	4.476E-01	674	13M2D22M8I14M2I29M1D12M2I2M2I4M1I3M1I3M34I2M4I6M4D2M36D6M23D3I1M18D3M7D4M1D1M2D13M1I4M1I22M49I8M1I2M2I1M1D123I2M1I2M153I1M2I7M
A0A8H5JP71_taxID_47803_model_A	ref_A0A9N8ELP9_oomycota	39	624	788	13	336	2.382E-01	4.342E-01	5.399E-01	4.910E-01	697	2M1I6M1D11M1D22M9D8I14M5D42M2I1M4I7M2I1M1I9M23I16M29D8M7D1M30D2I2M3D3I15M8D30M7D26I1M11I9M138I5M3D79I7M8D73I4M
A0A8H5JP71_taxID_47803_model_A	ref_2Y9W_Abisporus	31	682	788	6	351	1.389E-01	2.625E-01	2.655E-01	1.973E-01	846	1M1D2I2M1D58I1M1I4M2I1M2I2M7I2M2I2M1D2I2M1D12I11M49D41I1M7D7I1M1D1I2M4I1M2I8M1D10M27D25I6M3D2I2M1D1I2M1I6M1D5M15D13I15M1I1M2I10M13D14I13M44D110I8M6D59I15M10D5M7D3M1D6M4D129I4M
A0A4D6CAK4_taxID_2057801_model_A	ref_5M8L_human	1	149	149	17	168	8.891E-01	3.825E-01	8.947E-01	8.371E-01	154	76M1D1M1D26M3D5M2I39M
A0A4D6CAK4_taxID_2057801_model_A	ref_5CE9_Jregia	11	149	149	32	141	5.881E-01	2.728E-01	7.795E-01	6.501E-01	147	4M1I3M2I1M4I34M22I3M1D17M1D1I1M6D7I39M
A0A4D6CAK4_taxID_2057801_model_A	ref_1BT3_Ibatatas	12	149	149	35	142	5.830E-01	2.740E-01	7.842E-01	6.604E-01	143	3M1I7M7I31M21I22M5D6I40M
A0A4D6CAK4_taxID_2057801_model_A	ref_I3D139_archaea	1	149	149	7	272	3.831E-01	2.241E-01	3.849E-01	3.300E-01	315	1M2D1M1D1M1D2M1D5M9D6I5M1D8I1M2D2I2M2D2I1M1D2I7M1I5M1D9M2D1M17D11M1D1I1M71D4I1M1D2M2D1M7D16M13I3M5I1M1I2M1D6M3D2M2D2I1M28D1M5D2I5M5D6M
A0A4D6CAK4_taxID_2057801_model_A	ref_8BBR_Vspinosum	2	143	149	7	296	3.547E-01	1.987E-01	3.669E-01	3.056E-01	337	4M4D5M1D6I5M50D5M21D2I2M5D4M4D3M1I11M1D2M3D1I2M1D1I2M50D12I2M1I8M2D2M5D5I2M1D1I2M3D3I6M1D10I5M1I1M1I6M2D6M1D2M40D2I8M
A0A8B8BZ31_taxID_6565_model_A	ref_PmTYR	27	287	561	1	287	4.097E-01	7.826E-01	8.596E-01	6.266E-01	308	24M1D1M5D13M9D28M1I3M1I31M5D10M2D4M5D2M1D8M3D20M10D8M6D42M3I5M1I19M1I2M3I2M1I17M10I1M
A0A8B8BZ31_taxID_6565_model_A	ref_1JS8_squid	28	276	561	1	262	3.763E-01	7.749E-01	8.157E-01	5.634E-01	285	23M1D1M8D9M3D2M7D30M2I12M1I1M1I1M2I1M2I3M1I1M2I4M5I5M1D6M2D48M2D1M2D42M1D4M5I12M7D2M1D7M1I1M1I3M1D7M
A0A8B8BZ31_taxID_6565_model_A	ref_I3D139_archaea	34	271	561	1	305	3.795E-01	6.789E-01	8.609E-01	5.788E-01	317	17M1D1M12D13M9D28M1I3M1I9M1I4M1I2M1I13M1I9M10D5M13D9M3D2M2D4M1D22M1D7M1D9M1I25M3I11M1I4M1D14M25D10M1I5M
A0A8B8BZ31_taxID_6565_model_A	ref_8BBR_Vspinosum	25	282	561	2	324	3.764E-01	6.259E-01	7.730E-01	5.173E-01	344	1M1I12M1D15M8D55M4I1M2I1M1I2M3I4M4I11M2D1M2D1M45D2M1D5M5D4M1D2M2D20M12D1M1D3M1D16M1I42M3I10M5D16M1I7M1I5M
A0A8B8BZ31_taxID_6565_model_A	ref_5CE9_Jregia	1	299	561	26	339	3.856E-01	6.151E-01	6.918E-01	5.200E-01	370	4M1I3M1I2M1I2M2I3M2I3M1I25M1D1M10D13M12D42M1I3M2I1M2I4M3I4M5I6M1I1M6I7M3D5M17D7M1D3M1D8M14D5M1D11M7D31M3I9M1I2M5I6M1I4M4D5M1I22M17I1M
A0A8B8BZ31_taxID_6565_model_A	ref_1BT3_Ibatatas	1	281	561	28	336	3.819E-01	6.153E-01	7.270E-01	5.242E-01	351	3M1I4M1I2M1I2M1I5M5I25M1D1M10D13M12D43M1I2M2I1M2I3M1I1M2I4M5I6M1I1M6I7M3D5M17D7M1D3M1D8M14D5M1D11M7D31M4I1M2I5M1I2M5I10M3D6M1I22M
A0A8B8BZ31_taxID_6565_model_A	ref_5M8L_human	3	249	561	14	361	3.903E-01	5.951E-01	8.548E-01	5.671E-01	362	1M11D5I13M2D28M1D2M33D13M14D42M1I1M3I3M1I12M4D4M1D11M18D9M1D1M5D20M10D8M14D42M3I4M1I11M1D8M
A0A8B8BZ31_taxID_6565_model_A	ref_A0A9N8ELP9_oomycota	20	299	561	15	411	4.202E-01	5.623E-01	8.069E-01	5.895E-01	419	31M1D1M19D13M4D28M1I14M2I1M5I13M6D15M38D5M1D2M1D3M1D12M1D1M1D14M4D10M9D33M1I4M1D2M2D9M13D2M2D8M1D4M28D2M1D12M2D13M1D1I3M2I1M2D10I2M
A0A8B8BZ31_taxID_6565_model_A	ref_2Y9W_Abisporus	28	275	561	1	351	3.823E-01	5.927E-01	8.185E-01	5.270E-01	363	10M2D12M1D2M10D9M2D1M1D1M12D32M16D2M1D17M1I4M1I1M1I6M13D4I10M1D2M11D6M8D1M1D2M2D1M2D3M1D11M1D9M10D14M10D32M4I4M1I8M8D5M1D9M1D22M
Q7YWB1_taxID_6610_model_A	ref_1JS8_squid	1	176	303	95	262	5.428E-01	6.261E-01	9.725E-01	8.218E-01	176	40M8I128M
Q7YWB1_taxID_6610_model_A	ref_8BBR_Vspinosum	1	185	303	89	324	4.739E-01	4.455E-01	7.427E-01	5.288E-01	255	13M3I5M1D1M2D2M4D4M43D2M1D6M2D8M3I5M1D17M12D1M1D4M1D9M2I1M2I5M1I33M1I3M2D13M3I28M1I5M3I1M
Q7YWB1_taxID_6610_model_A	ref_PmTYR	1	177	303	92	287	4.409E-01	4.637E-01	7.260E-01	5.393E-01	223	2M1D1M1D1M1D1M1D1M1D1M2D2M2D4M10D7M1D5M3D4M1D9M1D4M6I17M10D8M6D10M2I1M2I33M3I2M2I6M1D1M3D2M1D8M12I20M
Q7YWB1_taxID_6610_model_A	ref_2Y9W_Abisporus	1	176	303	123	351	4.649E-01	4.055E-01	7.660E-01	5.512E-01	246	3M5D9M1D3M12D1M1D8M2D2M7D1M1D7M11D8M5I13M1D9M10D16M6D36M4I2M1I6M12D3M1D4M3I2M2I1M1I18M1I7M
Q7YWB1_taxID_6610_model_A	ref_I3D139_archaea	1	171	303	92	305	4.372E-01	4.346E-01	7.260E-01	4.866E-01	226	2M2D1M2D6M2D3M7D2M6D4M2D1I9M9D18M1I26M1D11M1I1M2I5M1I27M3I12M2D2M2D9M20D6M1I3M1I11M1I1M
Q7YWB1_taxID_6610_model_A	ref_5CE9_Jregia	1	189	303	145	339	4.534E-01	4.096E-01	6.927E-01	5.170E-01	222	3M1D12M1I5M9I7M4D3M8D20M2D8M14D5M1D12M1D1M1D1M1D33M2I1M1I3M1I4M1I8M3I2M1I9M1I22M1I1M4I1M2I1M
Q7YWB1_taxID_6610_model_A	ref_5M8L_human	1	164	303	172	360	3.694E-01	3.151E-01	6.386E-01	4.720E-01	221	9M4D4M9D14M16D9M5D6M6I17M9D8M14D10M2I1M2I33M4I15M18I6M
Q7YWB1_taxID_6610_model_A	ref_A0A9N8ELP9_oomycota	2	301	303	26	373	3.237E-01	2.573E-01	3.268E-01	2.309E-01	482	5M1D4M1D1I2M27D38I1M2D2I12M3D2I1M1D1M9D2I1M2D1M19D2I2M1D1I1M5D4M4D3I8M2D12M1I3M1I14M2D3I5M1I2M22I6M14D43I3M2D2M3D2M4D1M1D8M3D2M2D2M6D3M2D2M2D10M3D6M9D2M1D2M1D3M1D2M2D1M10D4M1D8M11I2M1I7M3D2M2D2M2D1M29D4M
Q7YWB1_taxID_6610_model_A	ref_1BT3_Ibatatas	3	288	303	11	320	2.847E-01	2.630E-01	2.972E-01	2.766E-01	460	5M2D1M2D5M37D10I6M2D1M9D4M1D2M1D3M3D5M1D8M1I2M2I1M11I11M1D1I7M7D3I6M38I2M1I10M19D6M11D2M1D2M2D7M16D27I1M51D40I3M1D1I8M3D8M15I9M4D11M
A0A384K0M5_taxID_332648_model_A	ref_PmTYR	89	371	371	1	283	6.440E-01	8.239E-01	8.378E-01	7.055E-01	312	29M8I14M10D26M1I17M2D21M1I1M5I9M1D27M1I2M2I16M10D8M5D17M1D27M1I2M1I8M2I1M1I10M1I1M3I13M2I5M
A0A384K0M5_taxID_332648_model_A	ref_1JS8_squid	90	371	371	1	261	5.802E-01	8.053E-01	8.111E-01	6.126E-01	310	31M5I11M2D1M1D1M8D27M1I16M1I1M2I2M1I2M3I4M16I5M1D6M5I12M2I3M2I2M1I1M1I33M1D1M2D5M1D27M3D9M8I11M3D2M1D1M3D2M1D11M1I5M1D1M
A0A384K0M5_taxID_332648_model_A	ref_I3D139_archaea	96	368	371	1	305	6.185E-01	7.445E-01	8.294E-01	6.658E-01	327	25M1I18M10D26M1I19M1I14M11I1M1I8M10D4M2D4M1D1M2D2M1D10M1D13M1I20M1D48M1I7M2I1M1I11M23D4M3D13M2I2M
A0A384K0M5_taxID_332648_model_A	ref_8BBR_Vspinosum	87	371	371	1	316	6.000E-01	6.807E-01	7.684E-01	5.978E-01	350	14M1D22M3I14M2I29M1D12M2I2M1I10M15I2M4I6M4D2M33D1M1D3M3D5M1D6M2D30M13D50M1D10M5I13M5D13M1I1M1I6M
A0A384K0M5_taxID_332648_model_A	ref_5M8L_human	79	346	371	21	361	6.201E-01	6.362E-01	8.426E-01	6.130E-01	354	5M8D1M2D1M5D34M2D3M18D17M15D30M1D11M1I5M1I1M1I10M1I4M1I1M4I19M1D1M7D1M3D37M10D8M13D16M1D28M2I13M1I4M1I5M
A0A384K0M5_taxID_332648_model_A	ref_A0A9N8ELP9_oomycota	84	371	371	15	395	6.566E-01	5.949E-01	8.345E-01	6.459E-01	398	5M2D33M10D4I14M5D42M5I19M1I1M4I14M29D4M1D1M1D13M1I6M2I11M2D13M3D11M9D6M1D27M2D1M1D3M1D5M2D4M9D5M1D14M30D9M1D10M
A0A384K0M5_taxID_332648_model_A	ref_2Y9W_Abisporus	90	371	371	1	349	6.071E-01	6.390E-01	7.835E-01	5.955E-01	373	10M1D3M1D17M2I1M1I13M2D1M14D31M17D2M1D22M2I6M13D14I10M1D7M3D1M1D7M8D1M1D12M1I10M1D9M10D15M9D5M1D28M1I2M1I10M5D17M1D1M1D12M2I5M
A0A384K0M5_taxID_332648_model_A	ref_5CE9_Jregia	82	371	371	37	330	5.707E-01	6.210E-01	7.205E-01	5.915E-01	346	41M3I14M1D1M12D29M1D16M2I1M1I2M3I4M17I5M1I1M12I8M13D6M2D1I14M2D8M14D17M7D5M1D30M1I4M9I12M2D1M1D14M2I5M
A0A384K0M5_taxID_332648_model_A	ref_1BT3_Ibatatas	83	371	371	39	328	5.660E-01	6.210E-01	7.171E-01	5.996E-01	344	40M3I14M1D1M12D29M1D13M1I2M2I4M3I4M16I6M1I1M13I7M3D1M7D6M4D14M2D8M14D17M7D5M1D26M3I1M1I4M9I12M2D1M1D14M2I5M
A0A915KH89_taxID_13658_model_A	ref_PmTYR	145	366	366	1	234	5.234E-01	6.615E-01	8.494E-01	6.783E-01	253	29M5I16M9D27M6I1M1I33M5D10M2D7M1D5I16M1D14M2I9M7D6M5D1M1D34M
A0A915KH89_taxID_13658_model_A	ref_1JS8_squid	146	366	366	1	198	4.553E-01	6.225E-01	8.102E-01	5.563E-01	235	30M2I12M2D3M8D29M6I1M1I11M1I1M1I1M2I2M1I1M1I1M1I1M2I4M4I14M8I10M2I16M2I3M1I1M2I18M2D1M2D24M
A0A915KH89_taxID_13658_model_A	ref_I3D139_archaea	152	366	366	1	228	4.893E-01	5.805E-01	8.094E-01	6.019E-01	246	24M2D14M2D3M7D29M6I1M1I15M2I2M1I14M1I8M10D3M3D21M1D1M1D1I2M2D4M1D10M2I2M3I10M1D6M1D9M1I19M
A0A915KH89_taxID_13658_model_A	ref_1BT3_Ibatatas	45	366	366	11	280	5.107E-01	5.522E-01	6.743E-01	5.228E-01	374	7M4D5I10M2I3M1I2M1I6M58I2M2I2M1I43M3D4M9D29M5I17M2I1M2I1M1I2M3I4M5I6M1I1M15I7M9D6M6D2M2D18M1D3M10D8M1D10M7D24M
A0A915KH89_taxID_13658_model_A	ref_5CE9_Jregia	46	366	366	10	279	5.085E-01	5.453E-01	6.719E-01	5.158E-01	373	6M4D5I10M2I3M1I2M1I2M1I4M57I2M2I46M3D1M1D2M8D30M5I17M2I1M2I1M1I2M3I4M5I6M1I1M15I7M9D5M3D1M3D2M2D18M1D3M10D8M1D10M7D24M
A0A915KH89_taxID_13658_model_A	ref_5M8L_human	47	366	366	1	330	5.264E-01	5.327E-01	5.931E-01	4.469E-01	410	1M2I3M7I4M2D2I1M2D2I2M2D2I2M2I2M1D1I10M1I2M3D40I7M1I1M3I11M3D1M1D16M1D3M17D4M4D13M11D7M1I1M2I20M2I15M1I3M2I2M1I12M3D4M1D1M1D3M1D11M12D6I11M2D2M1D5M2I17M5D2M1D1M2D3M1D1M12D2M1D34M
A0A915KH89_taxID_13658_model_A	ref_2Y9W_Abisporus	146	366	366	1	286	4.965E-01	5.158E-01	7.875E-01	5.431E-01	296	10M2D35M1D1M14D32M2D2M9D2M1D11M1D13M1D8M10D6I10M2D2M1D5M1I10M8D4M2D2I2M2D2M2D12M1I10M5D2M2D13M10D25M
A0A915KH89_taxID_13658_model_A	ref_A0A9N8ELP9_oomycota	115	366	366	14	288	4.952E-01	4.443E-01	6.940E-01	5.358E-01	316	1M3D21I2M1I2M2I8M1I21M1D5M8D11M2D3M2D29M5I15M1I1M6I5M1I7M6D8M1D5M2D1M18D3M8D5M1I12M2I25M1D2M2D6M1D6M1D3M8D25M
A0A915KH89_taxID_13658_model_A	ref_8BBR_Vspinosum	79	366	366	1	253	3.322E-01	3.648E-01	4.366E-01	3.008E-01	356	4M1I2M7D58I21M1D4M2D2I2M1D8I3M1D1I2M1I4M1I4M7I16M1I2M1D3I9M11D3M2D5M1I1M5I6M2I11M1I5M2D1M6D6M2I16M1D1M3D1M1D4M1D7M1D10M1D2M24D1M2D12M1I3M2I2M4I1M2I14M
A0ABP0NNP7_taxID_1381693_model_A	ref_1JS8_squid	233	511	895	1	262	2.530E-01	8.265E-01	8.295E-01	5.900E-01	305	30M3I15M10D29M6I14M3I9M3D6M2I3M2I2M3I8M3I1M2I5M1I20M8I14M2D1M2D33M2D6M1I1M1I4M8I11M6D2M1D22M
A0ABP0NNP7_taxID_1381693_model_A	ref_PmTYR	231	511	895	1	286	2.602E-01	7.655E-01	7.827E-01	5.572E-01	318	1M1I28M6I16M9D27M6I13M2D1M2D8M2D3M13D11M1I5M1I3M1I6M2I27M1D9M1D5M6D44M1I4M2I1M2I3M1I2M3I2M1D10M5I20M
A0ABP0NNP7_taxID_1381693_model_A	ref_8BBR_Vspinosum	230	516	895	1	324	2.751E-01	7.172E-01	8.046E-01	5.339E-01	347	14M1D20M1I13M3I30M3I1M1I14M4I9M2D12M2D1M36D2M2D1M1D4M1D19M1D1M1D18M8D3M2I21M1I29M1D4M1I7M2I1M5I12M4D28M
A0ABP0NNP7_taxID_1381693_model_A	ref_2Y9W_Abisporus	233	510	895	1	351	2.832E-01	6.941E-01	8.675E-01	5.945E-01	362	10M1D3M1D16M2I3M1D14M15D32M1D1M10D1M2D15M1D1M1D10M1D1M16D16M1D5M1D5M8D12M1D10M1D13M2D19M10D34M1I1M1I2M2I2M1I3M1D1I1M8D3I17M1D20M
A0ABP0NNP7_taxID_1381693_model_A	ref_I3D139_archaea	239	505	895	1	305	2.561E-01	7.098E-01	8.059E-01	5.324E-01	327	23M1D20M9D28M6I11M2D11M1D3M7D6M7D11M5D22M1D20M7I12M1D9M1I32M2I1M2I3M1I2M3I2M1D12M24D1M1D16M
A0ABP0NNP7_taxID_1381693_model_A	ref_5CE9_Jregia	140	517	895	2	339	2.644E-01	6.551E-01	6.585E-01	5.214E-01	456	1M33D77I5M6I35M1I14M2D1M1D2M9D29M4I16M2I16M14I17M14D11M2D10M8D4M1I16M7D34M1I4M2I3M2I1M8I12M2D29M
A0ABP0NNP7_taxID_1381693_model_A	ref_1BT3_Ibatatas	139	516	895	1	336	2.622E-01	6.562E-01	6.579E-01	5.307E-01	457	2M35D77I5M7I34M1I14M2D1M1D2M9D29M4I16M2I16M13I18M13D11M2D10M8D4M1I17M7D32M3I2M3I3M2I1M8I12M2D28M
A0ABP0NNP7_taxID_1381693_model_A	ref_A0A9N8ELP9_oomycota	133	827	895	1	412	2.827E-01	5.638E-01	5.650E-01	4.185E-01	813	9M19I2M1I7M57I12M1D4M1D19M9D4I13M1D2M3D26M1I1M4I15M2D2M1D6M13D7M1I8M20D4M3D7M1D5M2I8M1I4M1I7M1D1M2D1M1D27M6D38M1D14M11D1I3M2D8M3D4M4D1M9D1M14D5M2D19M7D309I4M
A0ABP0NNP7_taxID_1381693_model_A	ref_5M8L_human	204	484	895	22	361	2.486E-01	5.804E-01	7.312E-01	4.938E-01	375	4M8D12I1M1D1I1M6D6I34M23D1I18M14D29M4I16M1I6M2D4M12D7M1I8M10D1I14M2D1I24M1D9M1D5M14D45M2I5M2I3M1I2M2I11M
A0AAJ6P9X4_taxID_1539056_model_A	ref_I3D139_archaea	16	369	387	1	305	7.068E-01	8.892E-01	8.920E-01	7.028E-01	370	45M18I46M1D1M1D18M16I11M7D28M1D1M1D3M1D27M14I12M16I5M1I54M1D8M1D3M1D1M1D26M
A0AAJ6P9X4_taxID_1539056_model_A	ref_PmTYR	9	377	387	1	287	6.638E-01	8.871E-01	8.901E-01	7.164E-01	387	29M7I17M20I4M2D42M2D1M2D2M1D17M10I13M1I8M7I14M1D4M1I16M10D10M9I14M17I36M1I22M26I19M1I1M
A0AAJ6P9X4_taxID_1539056_model_A	ref_1JS8_squid	10	375	387	1	262	5.897E-01	8.491E-01	8.521E-01	5.857E-01	375	30M2I1M2I16M17I54M1I1M1I1M2I4M21I5M1D2I6M1I1M9I1M1I8M1I2M2I28M15I12M13I36M3D2M2D7M6I12M17I5M2D2M1D19M
A0AAJ6P9X4_taxID_1539056_model_A	ref_A0A9N8ELP9_oomycota	5	381	387	18	404	6.922E-01	6.527E-01	7.112E-01	6.304E-01	465	33M1D5M8D2I16M18I1M4I1M1I32M1D12M1I1M1I15M9I12M3I5M1D1M18D1M6D38M2D11M1I1M1I2M9I17M8I39M1D1M2D1M1D2M1D1M1D6M14D11M2D4M15D20I1M11D11M3D18M
A0AAJ6P9X4_taxID_1539056_model_A	ref_5M8L_human	3	327	387	40	361	6.389E-01	6.820E-01	7.611E-01	6.001E-01	371	38M2D1M19D22M9I7M4I31M1D1M1D31M11I11M2I5M2I5M1D1I3M4D1M3D11M1D1M2D1M1D4M1I16M10D13M2I5M1D12M1I1M16I56M
A0AAJ6P9X4_taxID_1539056_model_A	ref_2Y9W_Abisporus	10	374	387	1	351	6.300E-01	6.893E-01	6.911E-01	5.521E-01	433	10M1D3M1D17M2I19M7D16I4M3I31M19D12M6D6M1D8M10D22I6M1I12M2I12M8D1M1D6M1D3M1D11M1D11M1D1I5M5I3M1D1I17M7I41M2I8M5D2M4D11M20I24M
A0AAJ6P9X4_taxID_1539056_model_A	ref_8BBR_Vspinosum	8	375	387	2	319	5.911E-01	6.956E-01	7.096E-01	5.461E-01	424	12M1D20M2I16M30I26M2D27M25I9M3D2M2D1M29D14M1D5M5D30M8D1I6M8I13M17I5M1I28M2D11M1I1M1I11M3D18I4M2I21M
A0AAJ6P9X4_taxID_1539056_model_A	ref_1BT3_Ibatatas	6	376	387	42	332	5.870E-01	6.696E-01	7.674E-01	5.490E-01	404	34M2I20M16I7M1D30M1D1M1D18M1I1M2I4M21I5M4I1M18I5M1D2M9D6M6D2M1D11M2D10M8D1I1M1D5M8I16M10I37M2I1M2I5M5I10M2D19I4M2I22M
A0AAJ6P9X4_taxID_1539056_model_A	ref_5CE9_Jregia	5	376	387	40	334	5.899E-01	6.668E-01	7.592E-01	5.446E-01	405	35M2I20M16I7M1D28M1D3M1D18M1I1M2I4M21I5M4I1M18I6M1D1M10D4M1D1M1D1M3D2M1D11M2D10M8D1I1M1D5M8I16M10I47M6I9M2D19I4M2I22M
A0A7S2EUW0_taxID_49249_model_A	ref_1JS8_squid	226	529	996	1	262	2.305E-01	8.321E-01	8.351E-01	5.850E-01	327	29M1I1M5I1M4I14M10D29M6I14M3I9M3D6M2I2M2I1M3I1M11I2M2I1M2I2M1I4M2I1M2I4M1I21M7I14M2D1M2D33M2D6M1I1M1I4M9I11M3D1M1D26M
A0A7S2EUW0_taxID_49249_model_A	ref_PmTYR	225	530	996	1	287	2.353E-01	7.704E-01	7.727E-01	5.585E-01	344	29M13I16M9D27M6I13M2D1M2D8M2D3M13D8M1I2M2I1M3I1M9I4M1I3M1I2M1I4M2I2M1D1I24M1D9M2D4M6D44M2I3M1I2M2I3M1I2M2I1M1I12M8I21M
A0A7S2EUW0_taxID_49249_model_A	ref_8BBR_Vspinosum	225	534	996	3	324	2.600E-01	7.429E-01	7.755E-01	5.242E-01	352	12M1D18M1I1M6I2M1I12M2I1M1I29M3I1M1I14M4I9M1D17M1D3M2D1M21D2M2D5M2D13M1D7M1D25M8D4M1I19M1I30M1D12M9I14M1D29M
A0A7S2EUW0_taxID_49249_model_A	ref_2Y9W_Abisporus	226	528	996	1	351	2.598E-01	7.018E-01	8.078E-01	5.650E-01	380	10M1D3M1D16M1I1M7I17M15D33M11D1M2D15M1D1M1D9M1D2M16D6M2I3M1I2M1I2M2I1M4I15M5D14M1D11M1D11M3D19M10D34M1I1M1I2M2I2M1I3M1D1I1M7D3I16M2I23M
A0A7S2EUW0_taxID_49249_model_A	ref_I3D139_archaea	232	523	996	1	305	2.363E-01	7.249E-01	7.572E-01	5.209E-01	346	21M2I4M4I19M9D28M6I12M1D10M2D3M7D6M4D1M2D4M1I3M1I3M3D7I3M1I5M1I10M1I7M1D20M6I11M1D8M1I29M1I4M1I2M2I2M2I2M2I16M24D2I18M
A0A7S2EUW0_taxID_49249_model_A	ref_1BT3_Ibatatas	221	534	996	41	336	2.360E-01	6.600E-01	7.448E-01	5.409E-01	358	34M1I1M7I15M2D1M1D2M9D29M4I16M2I15M29I18M14D11M2D10M8D21M7D32M4I2M2I2M2I2M9I11M1I2M1D1I28M
A0A7S2EUW0_taxID_49249_model_A	ref_5CE9_Jregia	221	535	996	40	339	2.381E-01	6.568E-01	7.376E-01	5.275E-01	359	34M1I1M7I15M2D1M1D2M9D29M4I16M2I15M29I18M14D11M2D10M8D20M7D35M1I3M2I3M2I1M9I11M1I2M1D1I29M
A0A7S2EUW0_taxID_49249_model_A	ref_5M8L_human	218	499	996	39	361	2.317E-01	5.973E-01	7.483E-01	4.859E-01	350	35M2I8M17D19M14D29M4I15M2D2I6M1D3M12D7M2I2M2I2M1I2M2D2I2M1D1I12M1I2M1I8M2D1I22M10D5M1D6M1D1M1D1M4D47M2I2M1I2M2I3M1I2M2I12M
A0A7S2EUW0_taxID_49249_model_A	ref_A0A9N8ELP9_oomycota	224	530	996	22	399	2.487E-01	5.476E-01	7.034E-01	4.153E-01	401	9M1D4M1D23M2D2I3M2I13M1D2M3D26M1I1M4I12M1D3M1D5M1D3M13D7M1I4M2I8M6D5I10M2D2M7D8M1I9M1I4M1I7M1D1M1D2M3D25M6D28M1I3M1I22M12D1M1D1M1D8M3D2M1D1M2D4M4D1M6D2M11D1M3D8M1I11M
A0A4Z1EV38_taxID_87230_model_A	ref_PmTYR	90	475	922	1	287	2.695E-01	8.353E-01	8.381E-01	6.624E-01	416	29M8I15M9D1M1D24M1I17M2D11M1I10M1I1M5I9M2D4M1I22M1I2M2I16M10D8M5D16M1D28M1I2M1I7M3I14M4I12M2I8M98I1M
A0A4Z1EV38_taxID_87230_model_A	ref_1JS8_squid	91	376	922	1	262	2.434E-01	8.128E-01	8.157E-01	5.816E-01	314	32M5I10M3D2M8D27M1I16M1I1M1I1M1I1M1I1M1I1M3I4M16I5M1D6M5I12M3I1M2I6M1I21M1I10M2D1M2D4M1D28M3D9M1I1M6I3M1I7M4D3M3D2M1D11M2I8M
A0A4Z1EV38_taxID_87230_model_A	ref_I3D139_archaea	97	370	922	1	305	2.582E-01	7.439E-01	8.257E-01	6.273E-01	328	25M1I19M9D1M1D24M1I19M1I8M1I6M12I8M10D5M2D4M4D13M1D12M1I28M1D41M1I7M2I1M1I12M24D3M2D13M2I2M
A0A4Z1EV38_taxID_87230_model_A	ref_8BBR_Vspinosum	88	481	922	1	324	2.594E-01	6.958E-01	6.978E-01	5.653E-01	460	14M1D22M3I14M2I29M1D12M2I2M1I7M1I3M15I2M4I6M4D2M33D1M1D3M3D5M1D6M2D30M13D50M1D8M1D1I1M5I14M5D12M1I1M1I8M100I6M
A0A4Z1EV38_taxID_87230_model_A	ref_A0A9N8ELP9_oomycota	81	480	922	11	412	2.913E-01	6.215E-01	6.401E-01	5.827E-01	509	9M2D34M9D3I15M4D1M1D40M5I7M1I13M5I14M29D4M1D1M1D13M1I6M2I11M2D13M3D11M9D5M1D28M2D1M1D3M1D2M1D2M2D4M9D15M1D3M3D1M26D10M1D16M61I1M4I4M25I6M
A0A4Z1EV38_taxID_87230_model_A	ref_5CE9_Jregia	84	482	922	38	339	2.479E-01	6.385E-01	7.131E-01	5.466E-01	455	40M3I15M13D29M1D16M2I1M1I1M1I1M3I4M17I5M1I1M12I8M13D6M2D1I14M2D8M14D16M7D5M1D31M1I4M9I12M2D1M1D14M2I5M100I9M
A0A4Z1EV38_taxID_87230_model_A	ref_1BT3_Ibatatas	84	481	922	39	336	2.454E-01	6.388E-01	7.167E-01	5.540E-01	453	40M3I15M13D30M1D15M2I1M1I2M4I4M17I5M1I1M12I8M3D1M7D6M4D14M2D8M14D17M7D4M1D27M3I1M1I4M9I12M2D1M1D14M2I5M100I8M
A0A4Z1EV38_taxID_87230_model_A	ref_5M8L_human	81	348	922	22	361	2.573E-01	6.261E-01	8.272E-01	5.712E-01	354	4M8D1M1D2M6D33M1D3M19D17M15D30M1D10M1I6M1I1M1I4M1I6M1I4M1I1M4I19M1D1M10D38M10D7M1D1M12D16M1D28M1I14M2I3M1I5M
A0A4Z1EV38_taxID_87230_model_A	ref_2Y9W_Abisporus	96	922	922	7	346	1.788E-01	3.893E-01	3.985E-01	1.914E-01	950	1M14D11I6M46I2M2I12M41D14I1M1D1I6M1D6M2I1M1D1I12M1I2M1D17I1M16D15I6M1D1I2M11I2M2I3M1I2M4I6M1I1M5I2M1I5M1I1M1D2I1M10D49I1M2D3I8M11D1M2D2M2D1M3D1M2D4M1D4M2D4I1M1D1I11M2I2M3I1M8I1M10I17M6I4M1I15M21I2M1I7M10I4M2I4M6D23I10M251I1M2I4M19I4M13I6M3D2I3M1D1I6M37I2M1I3M1I6M
A0ABR1D606_taxID_51031_model_A	ref_PmTYR	4	192	907	4	287	1.421E-01	3.928E-01	5.566E-01	3.858E-01	323	5M16D11I12M1D1M33D7M1D1M5D2M22D2M14D5M2D8M32D12I8M1D2I1M1I5M1D5M6D45M2I1M3I7M2I15M1I17M4I1M1I2M
A0ABR1D606_taxID_51031_model_A	ref_1JS8_squid	2	192	907	2	261	1.336E-01	3.909E-01	5.022E-01	3.424E-01	307	4M1D1I1M2D1M3D1M9D10I7M1I4M2D1M37D3M2D1M2D1M4D3M13D2M4D13M2D2I1M23D12I3M10I17M1D1M1D1M2D47M1I7M1D2I4M1D1M1D2M2D3M1D1M2D13M8I1M
A0ABR1D606_taxID_51031_model_A	ref_8BBR_Vspinosum	1	824	907	41	298	1.410E-01	3.182E-01	3.715E-01	2.323E-01	912	5M2D6I1M2D2I2M11I6M19I2M1I8M1I2M23I12M2I1M5I1M1I4M9D1I3M1D1I37M1I5M2I3M1D2M2D2M1D3M2D5M1D7M6I1M1I8M1D3M1D6M465I1M1D62I1M1I3M38I8M1I5M1D1M59D1I3M2I9M1I7M4D3M
A0ABR1D606_taxID_51031_model_A	ref_1BT3_Ibatatas	1	824	907	4	296	1.283E-01	2.908E-01	3.241E-01	2.213E-01	969	1M1D6M1I4M1I8M9I1M2I1M1I7M41D19M1D1I6M1I2M68I2M16I1M2I6M20D50I10M1I1M8D504I11M4D11M5I10M16D1M3D1M12D1M11D6M2D2I2M2D2I2M2D1M9D8M5D5I1M5D5I6M1D3M2D9M
A0ABR1D606_taxID_51031_model_A	ref_I3D139_archaea	1	824	907	11	303	1.246E-01	2.959E-01	3.044E-01	2.276E-01	968	12M2I5M7I1M2I2M1I6M2I1M4I8M9D2M8D11M1D2M3D1I3M16I3M1I7M4D18I2M1D1I7M8D54I9M1I4M1D1I1M1D4I1M1D1I2M1I2M4D5I1M28D46I9M48D7M1I5M17D491I13M9D2M1D5M2I5M11I1M2I10M
A0ABR1D606_taxID_51031_model_A	ref_5CE9_Jregia	1	824	907	4	298	1.254E-01	2.801E-01	3.118E-01	2.185E-01	973	4M1I7M1I8M9I1M4I7M42D19M1D1I6M58I1M12I3M15I1M2I6M21D50I4M1I5M1I1M8D504I11M4D11M5I9M2D1M14D1M3D1M10D1M13D6M2D2I2M2D2I2M2D1M9D8M5D5I1M5D5I6M1D3M5D9M
A0ABR1D606_taxID_51031_model_A	ref_2Y9W_Abisporus	2	803	907	1	335	1.197E-01	2.477E-01	2.557E-01	2.066E-01	987	3M1I4M2D1M6D1M2D2M2D1M2D1M10D1M2D2M2D1M21D3M4D13M24I1M2D2I1M3D3I1M5D68I9M13I1M11I6M2I1M1D2I1M1I1M1D1I4M6I9M18D355I1M2I1M46I1M2I2M23D46I5M1D2M1D4M33D6I11M4D4I2M1D17M5D4I2M31D23I17M3D26I5M2I2M1I2M1I8M
A0ABR1D606_taxID_51031_model_A	ref_5M8L_human	41	822	907	50	361	1.029E-01	2.143E-01	2.377E-01	1.840E-01	969	1M1D1I5M23D20I3M1I17M2I3M2I2M18I6M2D2I1M4D19I6M1D4I1M2I7M1D3M50D17I7M2D1I6M40D472I2M2D2I8M43I5M2I4M31I1M1I6M1D2I1M2D3I1M2I10M2D1M1D1M1D1M42D4I1M6D5I8M6D6M1I1M
A0A3Q4BB99_taxID_94237_model_A	ref_5M8L_human	41	401	491	1	361	7.248E-01	9.827E-01	9.854E-01	8.393E-01	361	361M
A0A3Q4BB99_taxID_94237_model_A	ref_PmTYR	86	427	491	1	286	5.393E-01	9.061E-01	9.122E-01	6.750E-01	351	29M28I17M2D7I33M1I1M1I11M1D2M2D3M1D1M1D12M1D13M1D8M10I1M2I13M2I1M1I41M6I1M2I47M1I23M2I9M1I2M1I9M
A0A3Q4BB99_taxID_94237_model_A	ref_1JS8_squid	87	427	491	1	262	4.528E-01	8.171E-01	8.200E-01	5.532E-01	361	30M2I1M23I20M1D4I2M1I30M1I1M1I13M1I4M1I1M2I4M9I14M16I10M6I20M10I8M14I9M1D1M1D1M2D33M5D9M6I9M1D2M7D1M2D8M1I2M1I9M
A0A3Q4BB99_taxID_94237_model_A	ref_I3D139_archaea	93	422	491	1	305	4.769E-01	7.487E-01	7.510E-01	5.656E-01	380	25M2I1M19I20M2D2I1M5I32M1I1M1I15M1D2M1D10M5I10M9D5M1D6M1I2M4D9I10M1D1I1M1D2I8M1D14M10I8M12I1M1I7M1D8M1I52M25D1M3D8M1I4M1I2M1I1M
A0A3Q4BB99_taxID_94237_model_A	ref_5CE9_Jregia	32	432	491	1	339	5.038E-01	7.089E-01	7.108E-01	5.044E-01	458	4M1D6I2M1D1I4M13D1I2M1D1I2M1I6M4I1M7I2M1I1M5I33M4I1M19I22M4D5I7M1I46M1I1M2I4M9I1M1I5M1I1M24I7M9D9M3D1M2D11M2D6M2D4M6D3M4I6M13I12M7D42M6I9M5D9M1I4M1I8M1D6M
A0A3Q4BB99_taxID_94237_model_A	ref_1BT3_Ibatatas	32	432	491	1	336	4.987E-01	7.081E-01	7.100E-01	5.063E-01	458	4M1D6I2M1D1I4M15D1I2M1D1I3M1I5M4I1M7I4M7I32M23I22M4D5I7M1I46M1I1M2I4M10I6M1I1M23I8M5D1M2D7M5D2M1D11M2D6M2D4M6D3M4I6M13I12M7D32M3I7M6I9M5D9M1I4M1I14M
A0A3Q4BB99_taxID_94237_model_A	ref_A0A9N8ELP9_oomycota	32	434	491	8	412	5.342E-01	6.284E-01	6.428E-01	5.575E-01	508	2M4D29I2M9I4M1D7I30M1D6M6D21I18M10I32M1I11M1I1M1I18M1D18M15D7M1D1I6M5D7M1D5M4I16M1D6M9I6M1I2M1I1M8I12M1D1M8D34M5D3M1D8M13D2M1D9M2D4M30D9M1D12M2D2M5D6M
A0A3Q4BB99_taxID_94237_model_A	ref_8BBR_Vspinosum	76	433	491	1	324	4.747E-01	6.943E-01	6.962E-01	5.107E-01	415	1M8I13M1D19M23I17M17I54M8I2M5I5M2D1M2D2M2D2M2D1M18D2I9M8D2I4M1D6M2D1M3D3I24M2D4M5D4M4I5M13I16M1I28M2D11M2I11M7D11M1I1M1I14M1I1M
A0A3Q4BB99_taxID_94237_model_A	ref_2Y9W_Abisporus	87	426	491	1	351	4.784E-01	6.490E-01	6.694E-01	5.020E-01	420	10M1D3M1D16M5I1M18I18M11D10I33M17D14M3D8M2I7M11D6I11M1D8M1D6I1M2I8M8D6M1I7M1D11M1D6M2D10M2I5M14I10M10D35M2I9M1D1M3D1M4D3M1D8M3D13M1I8M
A0A8J7HGQ2_taxID_1725252_model_A	ref_I3D139_archaea	61	414	432	1	305	6.349E-01	8.883E-01	8.911E-01	6.971E-01	370	45M18I46M1D1M1D18M16I11M7D28M1D1M1D3M1D27M14I12M16I5M1I54M1D8M1D3M1D1M1D26M
A0A8J7HGQ2_taxID_1725252_model_A	ref_PmTYR	54	422	432	1	287	5.969E-01	8.882E-01	8.912E-01	7.151E-01	387	29M7I17M20I4M2D42M2D1M2D2M1D17M10I13M1I4M3I2M4I16M1D4M1I16M10D10M9I14M17I34M1I24M26I19M1I1M
A0A8J7HGQ2_taxID_1725252_model_A	ref_1JS8_squid	55	420	432	1	262	5.330E-01	8.505E-01	8.535E-01	5.914E-01	374	30M2I1M2I16M17I4M1D1I46M1I4M1I1M2I4M21I5M1D2I8M11I10M3I28M15I12M13I36M2D4M1D7M4I12M17I5M2D2M1D19M
A0A8J7HGQ2_taxID_1725252_model_A	ref_A0A9N8ELP9_oomycota	50	426	432	18	405	6.260E-01	6.543E-01	7.121E-01	6.314E-01	465	33M1D5M7D1I17M18I1M4I1M1I32M1D12M1I1M1I16M9I11M3I5M1D1M18D1M6D38M2D11M1I1M1I2M9I17M8I41M2D1M4D8M14D11M2D4M15D20I1M11D11M3D13M1D5M
A0A8J7HGQ2_taxID_1725252_model_A	ref_5M8L_human	48	372	432	40	361	5.768E-01	6.830E-01	7.617E-01	5.964E-01	370	38M2D1M19D18M1I2M2I1M1I2M4I4M1I2M4I29M1D1M1D33M10I12M3I4M2I9M4D1M3D11M1D1M2D1M1D4M1I16M10D13M2I5M1D12M1I1M16I56M
A0A8J7HGQ2_taxID_1725252_model_A	ref_2Y9W_Abisporus	55	419	432	1	351	5.688E-01	6.888E-01	6.903E-01	5.498E-01	433	10M1D3M1D17M2I19M7D16I4M3I31M19D12M6D6M1D8M10D22I6M1I12M2I12M8D1M1D6M1D3M1D11M1D11M1D1I5M5I3M1D1I17M7I39M2I9M9D14M20I24M
A0A8J7HGQ2_taxID_1725252_model_A	ref_8BBR_Vspinosum	53	420	432	2	319	5.345E-01	6.983E-01	7.126E-01	5.514E-01	426	13M1D19M2I16M30I26M2D27M25I4M1I4M4D2M2D1M29D14M1D5M5D30M8D1I6M8I13M17I5M1I28M2D11M2I11M4D19I4M2I21M
A0A8J7HGQ2_taxID_1725252_model_A	ref_1BT3_Ibatatas	51	421	432	42	332	5.304E-01	6.705E-01	7.683E-01	5.451E-01	404	34M2I19M4I1M12I7M1D30M1D1M1D18M1I1M2I4M21I5M4I1M18I5M1D2M9D6M6D2M1D11M2D10M8D1I1M1D5M8I16M10I37M3I7M6I9M2D19I4M2I22M
A0A8J7HGQ2_taxID_1725252_model_A	ref_5CE9_Jregia	50	421	432	40	334	5.338E-01	6.683E-01	7.613E-01	5.467E-01	405	35M2I19M4I1M12I7M1D28M1D3M1D19M3I4M21I5M4I1M18I6M1D1M10D4M1D1M1D1M3D2M1D11M2D10M8D1I1M1D5M8I16M10I37M1I9M5I10M2D19I4M2I22M
ref_PmTYR	ref_PmTYR	1	287	287	1	287	1.000E+00	1.000E+00	1.003E+00	1.000E+00	287	287M
ref_PmTYR	ref_1JS8_squid	2	286	287	1	262	7.416E-01	8.077E-01	8.106E-01	6.474E-01	312	29M3D19M1D1M1D1I42M2I2M2I2M1I1M1I1M1I1M2I4M10I7M1I5M3I4M1I8M3I20M10I8M6I10M2D1M2D33M3D2M2D2M1D4M6I10M12D19M
ref_PmTYR	ref_I3D139_archaea	8	280	287	1	305	7.906E-01	7.457E-01	8.324E-01	7.179E-01	334	22M7D18M1D4M1I41M1I3M2I16M6I10M8D10M6D1M1D10M3D3I2M2D4M1D14M10I8M5I8M1D9M1I28M1D23M30D13M
ref_PmTYR	ref_5M8L_human	1	264	287	46	361	8.334E-01	6.684E-01	9.061E-01	7.205E-01	325	29M28D17M7D2I33M1D1M1D11M1I1M1I1M1I3M1I1M1I12M1I13M1I8M10D1M2D13M3D42M6D1M2D50M1D18M
ref_PmTYR	ref_A0A9N8ELP9_oomycota	1	287	287	20	399	8.423E-01	5.959E-01	8.451E-01	6.962E-01	406	1M2D28M1D1M13D16M2I1M3I32M1D10M2I1M4I2M1I16M1D10M2I5M20D2M4D3M8D6M1D5M1I16M1D6M9I6M1I3M1I13M9D34M1D1M2D1M4D8M13D1M1D10M2D2M32D8M3D13M
ref_PmTYR	ref_8BBR_Vspinosum	1	286	287	3	319	7.438E-01	6.645E-01	7.487E-01	5.986E-01	361	12M1D17M1D1M3D1M1D12M12I25M1D1M1D14M4I2M1I10M15I8M4D2M32D2M2D2M4D4M1D5M5D26M2D4M5D3M4I6M5I16M1I28M3D10M1I1M1I10M9D20M
ref_PmTYR	ref_2Y9W_Abisporus	2	285	287	1	351	7.613E-01	6.317E-01	7.708E-01	6.040E-01	381	10M1D3M1D16M5D15M12D6I30M19D19M1I2M1I3M2I6M14D9I6M1I4M1D5M4D9M8D1M1D2M2D2I2M1D3M1D11M1D9M1D8M1I5M6I10M10D40M1I3M9D13M6D19M
ref_PmTYR	ref_1BT3_Ibatatas	1	287	287	45	332	7.315E-01	6.307E-01	7.338E-01	6.161E-01	339	30M5D13M1D1M1D3M2D7M1I26M1D1M1D15M2I1M2I1M1I2M3I4M11I5M3I1M11I8M9D6M6D1M2D11M2D5M3D4M5D4M4I6M5I12M7D32M2I7M6I8M7D22M
ref_PmTYR	ref_5CE9_Jregia	1	287	287	44	334	7.307E-01	6.256E-01	7.331E-01	6.035E-01	339	30M5D13M1D1M1D3M2D5M1I28M1D1M1D15M2I1M2I1M1I2M3I4M11I5M3I1M11I5M1D2M9D5M1D1M1D1M3D1M2D11M2D6M2D4M6D3M4I6M5I11M7D43M5I8M7D22M
A0ABR1V3M9_taxID_2905665_model_A	ref_PmTYR	35	336	336	1	284	6.653E-01	7.733E-01	7.838E-01	6.295E-01	346	1M2I28M13I14M10D26M1I16M1D1M1D9M1I1M1I10M11I11M2D7M23I2M1I12M1D17M1I3M1D2M6D11M6D11M1I25M3D1M6D4M7D10M5I12M2I6M
A0ABR1V3M9_taxID_2905665_model_A	ref_1JS8_squid	38	336	336	1	261	6.035E-01	7.610E-01	7.664E-01	5.499E-01	337	31M10I11M3D2M8D27M1I14M1I5M3I1M1I1M4I4M21I5M1D6M28I17M1I1M1I9M1I3M3I20M2D1M1D26M3D1M11D2M1D3M1D6M1D2M3D5M2D2M1D11M1I7M
A0ABR1V3M9_taxID_2905665_model_A	ref_I3D139_archaea	44	332	336	1	305	6.415E-01	7.026E-01	7.414E-01	5.783E-01	357	28M6I15M10D26M1I20M1I5M1I1M1I7M17I9M10D4M1D5M1I2M2I1M5I4M10I7M2D3M1D8M1D9M1I2M3I11M1D16M1I20M3D1M7D4M7D10M23D4M2D13M2I2M
A0ABR1V3M9_taxID_2905665_model_A	ref_8BBR_Vspinosum	23	336	336	1	317	6.280E-01	6.495E-01	6.705E-01	5.334E-01	391	1M11I1M1I12M1D21M7I1M1I14M2I29M1D12M2I2M1I4M1I3M1I3M20I2M4I6M1D1M2D2M31D18I8M2D5M1D5M5D3M1D16M1I10M10D6M1D11M1I4M1I20M3D1M9D3M3D1M2D12M4D13M1I1M1I7M
A0ABR1V3M9_taxID_2905665_model_A	ref_A0A9N8ELP9_oomycota	29	336	336	14	396	6.856E-01	5.676E-01	7.449E-01	5.610E-01	426	41M10D9I14M5D42M2I1M2I2M1I5M2I1M1I9M9I19M19D15I4M1D6M3D8M1D26M2I10M4D11M8D26M3D1M13D5M21D8M1D4M1D2M27D9M1D11M
A0ABR1V3M9_taxID_2905665_model_A	ref_5M8L_human	31	309	336	34	361	6.472E-01	6.056E-01	7.703E-01	5.451E-01	358	4M6D33M2D6M13D19M15D30M1D11M1I5M1I1M1I3M1I1M1I10M11I24M12I20M4D17M1I3M1D2M6D11M14D12M1I24M3D1M4D1M1D1M1D4M8D6M
A0ABR1V3M9_taxID_2905665_model_A	ref_2Y9W_Abisporus	38	336	336	1	350	6.318E-01	6.075E-01	7.053E-01	5.325E-01	404	10M2D22M7I1M1I11M2D1M14D31M17D2M1D11M4D16M10D24I10M2D6M11I4M9I8M11D9M1D23M5D1M2D14M9D27M3D1M6D4M15D13M1D14M2I6M
A0ABR1V3M9_taxID_2905665_model_A	ref_1BT3_Ibatatas	31	336	336	40	329	6.082E-01	6.082E-01	6.996E-01	5.557E-01	366	4M1I35M8I15M13D30M1D15M2I1M1I2M5I4M22I7M35I7M3D7M14D13M1D6M1D2M10D7M1D11M6D26M3D1M4D4M1D12M1D2M1D13M2I6M
A0ABR1V3M9_taxID_2905665_model_A	ref_5CE9_Jregia	31	336	336	38	331	6.107E-01	6.056E-01	6.936E-01	5.558E-01	369	40M8I15M13D30M1D16M3I2M5I4M22I7M35I7M3D7M14D12M1D10M11D6M1D11M6D26M3D1M7D4M1D11M2D16M2I6M
A0A8S3S1J4_taxID_6550_model_A	ref_PmTYR	120	385	888	1	287	2.726E-01	8.123E-01	8.760E-01	6.285E-01	301	29M5I15M9D62M5D10M2D5M5D1M1D9M2D1M1D20M1D3M1D5M1D5M6D10M3I34M3I3M1I9M1D17M1I2M1I12M
A0A8S3S1J4_taxID_6550_model_A	ref_1JS8_squid	121	384	888	1	262	2.549E-01	8.222E-01	8.252E-01	5.851E-01	289	31M2I11M2D1M1D1M7D44M4I1M2I3M1I1M2I4M4I12M1D1M1D33M7I17M1D47M3I8M1D2M9D1M2D7M1I1M1I11M
A0A8S3S1J4_taxID_6550_model_A	ref_I3D139_archaea	127	379	888	1	305	2.515E-01	7.008E-01	8.387E-01	5.763E-01	324	24M2D18M9D40M1I3M2I16M1I9M10D4M3D1M10D9M4D2M1D4M1D18M6I16M2I6M1I27M3I4M1I9M2D7M1D3M28D9M1I2M1I3M
A0A8S3S1J4_taxID_6550_model_A	ref_1BT3_Ibatatas	55	409	888	15	335	2.712E-01	6.734E-01	7.035E-01	5.198E-01	413	6M1D1M1D10M1I2M2I1M3I5M30I1M1I51M12D28M1D1M1D14M3I1M2I3M1I1M2I4M5I6M1I1M6I7M5D1I4M16D10M2D11M7D10M1D11M1D1M3D33M4I1M1I1M2I4M4I9M7D8M1I2M1I13M20I1M1I1M
A0A8S3S1J4_taxID_6550_model_A	ref_5CE9_Jregia	57	407	888	13	339	2.732E-01	6.703E-01	6.939E-01	5.206E-01	412	5M4D10M1I2M2I1M3I5M30I53M12D28M1D1M1D15M2I1M2I1M1I1M1I1M2I4M5I6M1I1M6I7M5D1I4M16D10M2D11M7D10M1D11M1D1M3D32M2I6M1I3M1I1M4I9M7D4M1I6M1I14M17I1M1D1I1M
A0A8S3S1J4_taxID_6550_model_A	ref_8BBR_Vspinosum	119	407	888	2	323	2.559E-01	6.635E-01	7.401E-01	5.381E-01	367	13M1D34M1I2M2I25M2D15M4I2M1I10M5I2M3I6M4D1M43D4M2D4M6D6M2D22M7D3M1I6M1D9M3I5M1I41M2I9M1D1M8D13M2I10M1D20I1M
A0A8S3S1J4_taxID_6550_model_A	ref_2Y9W_Abisporus	121	383	888	1	351	2.633E-01	6.341E-01	8.312E-01	5.370E-01	364	10M2D35M15D32M18D1M1D17M2I5M1I6M13D4I10M2D1M7D1M2D1M1D5M11D5M2D2M1D11M1D9M1D2M2D20M7D36M3I3M2I7M9D4M1D6M1D1M4D7M1I13M
A0A8S3S1J4_taxID_6550_model_A	ref_5M8L_human	59	360	888	5	361	2.616E-01	6.177E-01	7.321E-01	5.408E-01	411	1M8D9I2M2D2I2M6D10M6D31I35M23D18M14D28M1D1M1D11M1I1M1I1M1I3M1I1M1I10M4D4M1D11M1D1M17D10M5D1M1D20M1D3M1D5M1D5M13D1M1D8M1I1M2I34M4I12M2D8M
A0A8S3S1J4_taxID_6550_model_A	ref_A0A9N8ELP9_oomycota	86	407	888	8	410	2.711E-01	5.539E-01	6.945E-01	4.982E-01	459	1M2D2I4M3D23I13M1D4M2D13M1I5M10D16M1D32M1D10M1I2M5I5M1I7M6D5M1D7M29D3M6D2M2D7M1D2M2D14M1D2M1D6M1I5M1I2M1I13M6D38M1D9M1D4M16D9M2D1M29D1M3D12M1D11M9D20I1M
A0A6B2LE82_taxID_1963864_model_A	ref_PmTYR	1	251	251	8	280	8.401E-01	7.394E-01	8.433E-01	7.092E-01	295	1M2D1M1D31M10D27M3I22M1D4M1I1M1I9M3D9M2D4M9D8M1D1M1D1M1D13M1I5M3D2M2D1M2D8M5D16M1D29M2I1M7I21M7I14M
A0A6B2LE82_taxID_1963864_model_A	ref_I3D139_archaea	1	251	251	1	305	8.260E-01	6.865E-01	8.291E-01	6.917E-01	328	1M2D2M1D16M7D14M10D27M3I15M1I1M1I8M1I1M1I6M2I2M1I7M10D4M16D8M3D2M2D4M1D9M1I5M3I16M1D35M1I1M2I1M4I1M2I6M1D15M23D21M
A0A6B2LE82_taxID_1963864_model_A	ref_1JS8_squid	1	251	251	7	256	7.505E-01	7.214E-01	7.561E-01	5.988E-01	284	1M2D1M1D18M3D10M3D2M8D28M2I2M1I12M2I1M1I10M1D5M7I1M4I2M1D1I1M2D17M1I13M3I9M1I9M2D1M2D5M1D27M1D6M2I3M3I3M5I9M2D7M2D2M1D11M1D1I1M
A0A6B2LE82_taxID_1963864_model_A	ref_8BBR_Vspinosum	1	251	251	10	313	7.607E-01	6.006E-01	7.635E-01	6.007E-01	334	1M4D18M1D1M4D13M2I26M1I15M2I2M2I5M1I4M1I2M6I3M4I5M50D2M2D4M6D6M2D10M1I6M3D3M7D57M2I5M1I3M5I13M2D16M2D2I1M
A0A6B2LE82_taxID_1963864_model_A	ref_A0A9N8ELP9_oomycota	1	251	251	29	391	8.326E-01	5.228E-01	8.357E-01	6.490E-01	378	1M2D1M1D17M1D1M13D13M5D31M1I1M1I10M5I3M1I5M2I8M4D13M41D7M2D2M1D14M1D6M3I8M3D11M9D5M1D34M1I3M1I5M2D2M11D4M1D8M1D5M1D3M11D1M14D8M2D6M
A0A6B2LE82_taxID_1963864_model_A	ref_5M8L_human	1	228	251	53	361	7.843E-01	5.541E-01	8.628E-01	6.628E-01	325	1M2D2M1D16M28D14M15D29M1I12M1I1M1I4M1I2M1I5M2I7M2D4M1D10M21D8M4D1M1D1M1D13M1I5M3D2M2D1M2D8M13D16M1D29M2I1M4I1M2I19M
A0A6B2LE82_taxID_1963864_model_A	ref_2Y9W_Abisporus	1	251	251	7	346	7.784E-01	5.708E-01	7.812E-01	5.885E-01	364	1M2D2M1D1M2D15M1D1M4D10M2D1M14D31M2D1M14D16M1D7M2D8M10D10I10M15D5M10D2M2D2M1D3M1D17M2I5M8D15M10D5M1D29M10I9M9D12M1I18M1D1I1M
A0A6B2LE82_taxID_1963864_model_A	ref_1BT3_Ibatatas	1	251	251	52	325	7.391E-01	5.629E-01	7.411E-01	6.060E-01	313	1M2D2M1D16M1D1M4D14M13D28M1I15M1I2M1I2M2I2M5I4M8I5M1I1M2I8M3D1M1D4M16D11M1D5M3D3M8D20M7D4M1D29M7I3M2I1M8I9M1I2M1D19M
A0A6B2LE82_taxID_1963864_model_A	ref_5CE9_Jregia	1	251	251	51	327	7.359E-01	5.572E-01	7.387E-01	5.953E-01	314	1M2D2M1D17M5D14M13D28M1I15M1I2M1I2M2I2M5I4M8I5M1I1M2I8M4D5M16D11M1D5M3D3M8D19M7D5M1D32M3I4M11I9M1I2M1D17M1D1I1M
A0A9W4RJ00_taxID_2664923_model_A	ref_PmTYR	43	313	313	1	268	6.649E-01	7.217E-01	7.726E-01	6.693E-01	309	29M5I16M1D1M6D3M2D21M1I30M1I7M1D12M2D7M2I14M1D1M1D20M10D8M5D45M1I2M1I5M2D5M4D27I1M3D3I3M
A0A9W4RJ00_taxID_2664923_model_A	ref_I3D139_archaea	50	313	313	1	292	6.424E-01	6.579E-01	7.530E-01	5.931E-01	327	18M2D4M1D4M1I17M6D4M2D5M1D15M1I14M2I5M1I8M1I6M5I8M10D5M2D4M1D1M2D1I2M1D7M1D2M4D1M1D8M1I27M1D11M1I30M1I4M1D4M19D11I4M2D7M6D9I4M
A0A9W4RJ00_taxID_2664923_model_A	ref_1JS8_squid	44	313	313	1	242	5.836E-01	6.885E-01	7.429E-01	5.816E-01	307	24M2D5M4I11M3D2M7D6M1D1I21M1I14M2I2M1I1M1I1M1I1M1I1M1I1M3I4M9I5M1D6M6I18M1I23M1I9M2D1M2D33M3D9M1D3M5D18I1M2D2I1M8D12I2M
A0A9W4RJ00_taxID_2664923_model_A	ref_5M8L_human	33	312	313	28	360	6.774E-01	5.932E-01	7.523E-01	6.258E-01	372	7M2D2M6D26M3D4M2D1M18D19M13D5M1D25M1D10M1I2M2I4M1I1M1I4M1I16M1D11M1D3M7D1M2D12M5D21M10D8M13D45M2I7M2D4M4D30I1M1D1I2M
A0A9W4RJ00_taxID_2664923_model_A	ref_A0A9N8ELP9_oomycota	40	313	313	19	377	6.670E-01	5.200E-01	7.531E-01	5.710E-01	384	29M2D5M1D1I1M8D1I14M1D1M1D6M1D5M1D31M2I1M4I2M1I4M1I8M2D17M2D1M17D4M2D3M8D2M1D4M1D7M1D13M1D4M1D9M3D11M9D36M2D2M2D5M1D15M12D6I1M1D1I2M29D8I6M
A0A9W4RJ00_taxID_2664923_model_A	ref_8BBR_Vspinosum	42	313	313	2	302	5.914E-01	5.729E-01	6.748E-01	5.514E-01	358	13M1D14M1D7M1I14M3I2M1D1I25M1D13M4I2M1I7M1I3M8I2M4I5M2D1M2D2M33D1M1D4M2D5M1D5M6D6M1D20M13D22M1I27M2D8M1D1M2D2M16D33I4M
A0A9W4RJ00_taxID_2664923_model_A	ref_2Y9W_Abisporus	44	313	313	1	333	6.046E-01	5.454E-01	6.912E-01	5.303E-01	376	10M1D3M1D31M4D2M11D6M1D1I24M17D2M1D17M1I4M1I1M3I6M14D8I9M2D2M1D4M1D10M11D1M2D17M1D10M10D5M1I9M10D35M1I1M2I8M1I1M9I3M14D14I1M2D1I1M2D4M
A0A9W4RJ00_taxID_2664923_model_A	ref_1BT3_Ibatatas	37	313	313	39	313	5.681E-01	5.322E-01	6.418E-01	5.487E-01	345	32M1D7M1I14M2D2M1D1M6D4M2D5M1D19M1D11M2I5M2I1M1I2M4I4M10I7M13I7M3D7M15D10M2D8M14D17M7D32M3I9M13D34I3M
A0A9W4RJ00_taxID_2664923_model_A	ref_5CE9_Jregia	32	313	313	32	315	5.706E-01	5.306E-01	6.288E-01	5.382E-01	355	1M4D4I5M1D27M1D7M1I14M1D1M1D1M9D4M1D25M1D11M2I5M2I1M1I2M4I4M10I7M13I7M3D6M13D1M2D10M2D8M14D17M7D44M13D34I3M
ref_A0A9N8ELP9_oomycota	ref_A0A9N8ELP9_oomycota	1	412	412	1	412	1.000E+00	1.000E+00	1.002E+00	1.000E+00	412	412M
ref_A0A9N8ELP9_oomycota	ref_PmTYR	20	399	412	1	287	5.959E-01	8.423E-01	8.451E-01	5.982E-01	406	1M2I28M1I1M13I16M2D1M3D32M1I10M2D1M4D2M1D16M1I10M2D5M20I2M4I3M8I6M1I5M1D16M1I6M9D6M1D3M1D13M9I34M1I1M2I1M4I8M13I1M1I10M2I2M32I8M3I13M
ref_A0A9N8ELP9_oomycota	ref_1JS8_squid	23	398	412	1	262	5.542E-01	8.440E-01	8.470E-01	5.098E-01	384	28M1I3M10I11M2D5M4D32M1I17M2I5M11I4M1D7M2I1M25I1M8I1M1I5M1I3M1I8M1I8M2I13M3I1M1I11M5I43M1I7M20I7M1I5M1D6M9I1M3I1M10I8M1I2M2I10M
ref_A0A9N8ELP9_oomycota	ref_I3D139_archaea	29	392	412	1	305	5.773E-01	7.687E-01	7.711E-01	5.579E-01	414	22M1I5M2D8I16M5D34M1I8M2D4M1D1M1D11M7I9M10D5M1I1M18I1M7I5M1D16M2D7M1D9M2I13M3I12M8I5M1I28M5I1M1I10M14I11M2I4M25D27I11M1I2M1I1M1I3M
ref_A0A9N8ELP9_oomycota	ref_8BBR_Vspinosum	18	412	412	1	324	6.029E-01	7.518E-01	7.539E-01	4.989E-01	435	1M1I1M1I12M1D21M9I15M7I25M1D16M1I4M1I4M11I11M5D3M1D2M2D9M2D5M4D1M2D2M1D3M5I18M2D6M1D2M2D11M2I8M13D5M3I11M9I5M1I34M3I7M18I9M1I1M1I2M2I3M3D10I1M13I9M1I3M2I9M8I2M1I3M
ref_A0A9N8ELP9_oomycota	ref_2Y9W_Abisporus	23	397	412	1	351	5.952E-01	6.900E-01	6.918E-01	4.981E-01	446	10M1D3M1D19M9I16M11D33M17D1M1D12M4D13M14D11I14M17I3M9I13M10D9M1D11M1I11M4D1M1D4M1D15M1D40M5I1M3I10M4D9I14M3I5M12I2M13I9M3I11M
ref_A0A9N8ELP9_oomycota	ref_5CE9_Jregia	8	412	412	1	339	5.534E-01	6.616E-01	6.634E-01	4.985E-01	480	2M34D4I6M1I34M9I17M2D1M6D32M1D18M1I5M12I7M44I8M1D7M16D20M14D5M3I13M1I1M1I37M1I2M2I2M3I6M20I6M4I3M2I3M1D9I2M13I9M3I11M2I1M6I6M
ref_A0A9N8ELP9_oomycota	ref_1BT3_Ibatatas	8	412	412	1	336	5.489E-01	6.625E-01	6.643E-01	5.025E-01	482	2M36D4I6M2I33M9I15M1D1M1D2M6D32M1D18M1I5M12I7M44I8M1D7M16D20M14D5M3I13M1I1M1I37M5I1M4I6M20I6M4I3M2I3M1D9I2M13I9M3I11M2I1M6I2M1I3M
ref_A0A9N8ELP9_oomycota	ref_5M8L_human	14	339	412	23	361	5.616E-01	6.356E-01	7.010E-01	5.237E-01	403	2M9D4M7D1I30M1I6M21D6I18M8D1M2D29M1D13M1D1M1D15M1I3M1I19M5D12I6M4I3M7I2M1I9M3D17M1I6M9D6M1D2M1D1M8D12M1I1M8I34M4I2M2I9M13I2M1I9M
A0A6G3WLB2_taxID_2706086_model_A	ref_PmTYR	1	273	273	2	285	9.484E-01	9.033E-01	9.518E-01	8.515E-01	287	46M2D46M4D19M1D11M2I9M1D13M2D29M1D12M1D16M1D52M1I11M1D6M
A0A6G3WLB2_taxID_2706086_model_A	ref_I3D139_archaea	7	269	273	1	305	8.273E-01	7.438E-01	8.605E-01	7.326E-01	325	22M7D17M4D2I43M1D18M5I11M6D6M2D3M6D12M1D1M1D2M2D4M1D14M9I8M4I8M1D37M1D23M29D14M
A0A6G3WLB2_taxID_2706086_model_A	ref_1JS8_squid	1	273	273	1	261	7.573E-01	7.872E-01	7.929E-01	6.522E-01	305	29M3D16M6D3I46M1I1M1I1M1I1M2I4M9I7M3I7M2I1M1I9M1I20M9I8M5I10M2D1M2D4M1D28M3D2M2D2M1D4M6I10M9D1M2D11M1D6M
A0A6G3WLB2_taxID_2706086_model_A	ref_5M8L_human	1	252	273	47	361	8.259E-01	6.333E-01	8.934E-01	6.956E-01	320	28M28D17M7D33M1D1M1D17M1I19M1D6M4I8M13D12M5D29M1D12M9D16M1D39M1D10M
A0A6G3WLB2_taxID_2706086_model_A	ref_A0A9N8ELP9_oomycota	1	273	273	23	397	8.509E-01	5.759E-01	8.538E-01	6.864E-01	394	28M1D1M13D16M3I33M1D9M1I2M1I2M1I15M2D10M4I4M29D3M4D8M1D6M1D14M1D6M8I6M1I16M9D6M1D27M1D1M2D1M3D8M14D2M1D9M3D2M30D9M3D2M1D8M
A0A6G3WLB2_taxID_2706086_model_A	ref_8BBR_Vspinosum	1	273	273	4	318	7.718E-01	6.578E-01	7.744E-01	6.213E-01	351	11M1D17M1D1M4D13M10I25M1D1M1D16M3I2M3I3M11I13M4D1M3D1M33D2M2D1M1D4M1D5M6D6M1D18M3D3M4D5M3I5M4I44M3D10M2I11M8D14M1D5M
A0A6G3WLB2_taxID_2706086_model_A	ref_2Y9W_Abisporus	1	273	273	1	351	7.921E-01	6.268E-01	7.948E-01	6.195E-01	375	10M2D18M1D1M4D13M13D3M5I29M17D1M2D11M2D9M2I6M14D8I6M3I4M1D2M2D1M3D10M11D5M1D3M1D11M1D6M2D10M1I5M5I10M10D5M1D38M8D14M5D13M1D5M
A0A6G3WLB2_taxID_2706086_model_A	ref_1BT3_Ibatatas	1	273	273	46	330	7.517E-01	6.174E-01	7.543E-01	6.326E-01	332	28M1D1M4D15M1D2M5D1I31M1D1M1D10M1D1M1D3M2I1M1I2M3I4M10I5M5I1M10I5M1D2M9D1M1D4M6D1M2D11M2D5M3D4M5D4M3I6M4I12M7D4M1D27M2I4M1I3M5I8M6D14M1D6M
A0A6G3WLB2_taxID_2706086_model_A	ref_5CE9_Jregia	1	273	273	45	332	7.512E-01	6.124E-01	7.538E-01	6.341E-01	333	29M5D15M1D2M5D1I31M1D1M1D10M1D1M1D4M3I2M3I4M10I5M5I1M10I8M4D1I5M16D10M2D5M3D4M5D4M3I6M4I11M7D5M1D37M5I8M6D14M1D6M
ref_8BBR_Vspinosum	ref_8BBR_Vspinosum	1	324	324	1	324	1.000E+00	1.000E+00	1.003E+00	1.000E+00	324	324M
ref_8BBR_Vspinosum	ref_1JS8_squid	4	319	324	1	262	6.674E-01	8.155E-01	8.184E-01	6.063E-01	343	11M1I18M2I13M13D28M1I2M1I13M1D8M3D6M3I2M5I2M42I4M1I5M6I3M1I5M1I17M13I6M1I9M4D6M1D33M1D4M1I2M1I10M4D4M1I24M
ref_8BBR_Vspinosum	ref_5CE9_Jregia	2	324	324	43	339	7.238E-01	6.932E-01	7.887E-01	6.615E-01	366	12M1I37M15D39M1D1M1D10M2D6M60I4M1D11M11D14M2D14M1D23M7D6M1D26M2I1M1I6M3I10M1I10M1I19M1D5M
ref_8BBR_Vspinosum	ref_1BT3_Ibatatas	2	324	324	44	336	7.149E-01	6.906E-01	7.889E-01	6.453E-01	364	13M1I36M15D39M1D1M1D10M2D6M59I16M11D14M2D14M1D23M7D6M1D26M6I4M3I10M1I10M1I24M
ref_8BBR_Vspinosum	ref_PmTYR	3	319	324	1	286	6.645E-01	7.438E-01	7.487E-01	5.689E-01	361	12M1I17M1I1M3I1M1I12M12D25M1I1M1I14M4D2M1D10M15D8M4I2M32I2M2I2M4I4M1I5M5I26M2I4M5I3M4D6M5D16M1D28M3I10M1D1M1D10M9I20M
ref_8BBR_Vspinosum	ref_2Y9W_Abisporus	4	318	324	1	351	7.107E-01	6.598E-01	7.317E-01	5.825E-01	405	10M1D35M18D30M17D13M6D8M1D2M16D6M3I3M3I3M3I1M29I1M2I3M1I11M7D17M1I8M1D12M4I21M10D5M1D28M4I5M1I3M12D13M3I23M
ref_8BBR_Vspinosum	ref_A0A9N8ELP9_oomycota	1	324	324	18	412	7.518E-01	6.029E-01	7.539E-01	5.533E-01	435	1M1D1M1D12M1I21M9D15M7D25M1I16M1D4M1D4M11D11M5I3M1I2M2I9M2I5M4I1M2I2M1I3M5D18M2I6M1I2M2I11M2D8M13I5M3D11M9D5M1D34M3D7M18D9M1D1M1D2M2D3M10D3I1M13D9M1D3M2D9M8D2M1D3M
ref_8BBR_Vspinosum	ref_I3D139_archaea	10	313	324	1	305	6.564E-01	6.938E-01	6.980E-01	5.460E-01	364	5M1I19M2D17M12D25M1I1M1I12M1D2M1D12M4D2M4D1M1D1M8D4M4I2M2I1M29I2M1I33M2I15M13I13M1D36M2I11M2D12M22D3I4M2D15M
ref_8BBR_Vspinosum	ref_5M8L_human	1	288	324	36	361	6.151E-01	5.576E-01	6.860E-01	4.942E-01	377	1M8D13M1I19M23D17M17D42M1D12M7D2M5D8M2I2M2D3I1M2I1M18I6M1I2M2D8I4M1I6M2I2M2D2I24M2I4M5I4M4D5M13D16M1D28M4I10M4D8M
A0A0B7AML2_taxID_1028688_model_A	ref_1JS8_squid	246	417	417	1	219	3.579E-01	5.650E-01	8.570E-01	5.264E-01	238	49M1I60M10I25M8I17M66D2M
A0A0B7AML2_taxID_1028688_model_A	ref_2Y9W_Abisporus	246	417	417	1	301	3.726E-01	4.393E-01	8.644E-01	4.715E-01	307	10M2D19M2D14M1D4M4D1I37M18D2M1D11M5D9M1D8M3D18M10D6M11D9M5I12M1D5M76D2M
A0A0B7AML2_taxID_1028688_model_A	ref_5CE9_Jregia	70	417	417	1	220	3.589E-01	4.333E-01	6.372E-01	3.897E-01	391	1M2I7M2D1I1M15D1I8M1I3M10I6M134I29M1D1M1D14M2D13M1I30M2D11M1D12M11I5M8I7M3D4M10D4M2I14M2D6M4D1M
A0A0B7AML2_taxID_1028688_model_A	ref_1BT3_Ibatatas	70	417	417	1	221	3.568E-01	4.344E-01	6.343E-01	3.939E-01	394	1M2I7M2D1I1M17D1I5M1D1I2M1I3M10I5M135I29M1D1M1D14M2D13M1I30M2D11M1D12M11I5M8I7M3D4M10D4M2I14M2D6M4D1M
A0A0B7AML2_taxID_1028688_model_A	ref_PmTYR	245	417	417	1	177	3.140E-01	4.444E-01	7.100E-01	3.816E-01	203	30M3I17M2D4I1M1D1I42M2D2M2D1M1D2M1D1M1D1M2D5M10D11I6M2D4M3D4M1D8M1D1M1D3M7I19M
A0A0B7AML2_taxID_1028688_model_A	ref_I3D139_archaea	252	417	417	1	245	3.212E-01	4.287E-01	7.460E-01	3.779E-01	258	24M2D1M2D18M2I45M1D4M2D3M1D1M2D4M4D4M5D5I6M1D1I7M1D1M9D7M1D2M1D1M1D6M5I17M58D1M1D1M
A0A0B7AML2_taxID_1028688_model_A	ref_A0A9N8ELP9_oomycota	1	402	417	48	377	3.625E-01	3.661E-01	4.370E-01	2.942E-01	519	1M1D1M15D14M2I4M2I2M5I27M1I5M1D11I1M2I2M5I1M1I13M22D42I5M3I7M1D8I4M2D3M1D1M9D11M22D74I15M1D4M2I7M1I1M1I13M1D3M1D22M2I5M9D13I8M13I18M5D1M1D3M1D3M12D1I4M12D4M
A0A0B7AML2_taxID_1028688_model_A	ref_8BBR_Vspinosum	1	409	417	26	297	3.077E-01	3.783E-01	4.345E-01	2.696E-01	504	1M2D1M9D13M10I1M5I1M1I24M1I7M6I1M2I2M2I2M5I1M2I1M2I8M16D41I5M4D7I5M7I4M3D2M1D2M6D37I5M4I6M1D1M36D38I9M11D5I17M3D6I32M3D3I1M13I2M3I2M9I6M11I4M2I2M10I9M
A0A0B7AML2_taxID_1028688_model_A	ref_5M8L_human	1	401	417	69	361	3.157E-01	3.539E-01	4.191E-01	2.870E-01	513	5M29D16M9D6M4I29M1I4M6I1M2I8M2I1M2D9I4M2D2I1M9D77I3M5D7M2D21I13M1D1I4M28D38I7M6D3M1I8M14D10M4I6M2D28M17I1M7I1M7I7M8I5M3D3I2M10I1M
R1DY80_taxID_2903_model_A	ref_PmTYR	118	734	798	1	280	2.906E-01	7.640E-01	7.844E-01	4.332E-01	647	1M2I1M15I39M2D3M6D27M1I1M17I16M1I1M1I2M21I2M32I6M2D10M102I1M31I10M2D9M6I8M2I28M5D13I11M5D16M1D31M55I5M4D8M5I3M7I2M23I1M15I1M11I1M5I2M2D2I1M1D3M
R1DY80_taxID_2903_model_A	ref_1JS8_squid	121	735	798	1	256	2.562E-01	7.250E-01	7.433E-01	3.942E-01	648	1M15I28M3D10M2D3M7D30M17I1M1I11M1I1M5I1M54I3M1I1M1I5M143I5M1D7M10I8M1I4M3I6M1I13M18I9M1I9M4D6M1D27M4D3M55I3M2D1M1D14M5D11I1M19I1M1D3I1M2I1M12I1M3I1M13I2M2D2I5M
R1DY80_taxID_2903_model_A	ref_I3D139_archaea	142	734	798	1	305	2.731E-01	6.714E-01	6.734E-01	4.103E-01	658	22M7D12M1D3M7D27M1I1M17I13M1I3M44I1M13I7M2D6M138I1M1I8M10D8M8D7I11M1D4M1D1I20M18I16M1D39M55I4M7D5M1I5M10I1M2I8M17D9I6M2I1M15I1M11I1M5I2M2D2I1M1D3M
R1DY80_taxID_2903_model_A	ref_5M8L_human	121	746	798	36	361	2.866E-01	6.013E-01	6.616E-01	4.079E-01	701	5M5D9I29M28D15M13D29M15I2M1I11M1I2M5I1M2I1M19I1M32I2M1I3M1D9M103I1M29I18M9D5M1I1M2I13M1D25M4D8I1M4I11M13D16M1D30M57I4M2I1M48I6M5I4M2I1M14I3M15I1M
R1DY80_taxID_2903_model_A	ref_8BBR_Vspinosum	116	735	798	1	313	2.675E-01	6.138E-01	6.351E-01	3.827E-01	692	1M1I1M1I2M15I10M1D17M1D1M4D11M2I2M2I26M14I1M1I1M1I14M62I1M1I7M142I11M1D3M1D7M37D2I4M1D4M1D1M2D29M11D15I2M1I53M2D55I4M3D14M6D10I3M22I1M4I1M28I5M1D4M
R1DY80_taxID_2903_model_A	ref_2Y9W_Abisporus	121	735	798	1	346	2.823E-01	5.902E-01	5.992E-01	3.593E-01	701	1M15I9M1D3M1D16M5D14M13D8M1D24M1I5M2D2I2M2D17M1I4M1I1M55I13M13D141I16M6D6I7M7D6M1D2M2D2I3M1D13M1D6M2D4I2M2D3I1M2I21M6D6M1D30M57I5M1D1I1M2D11I4M35I3M5I8M9D13I4M3D2M4D3M
R1DY80_taxID_2903_model_A	ref_A0A9N8ELP9_oomycota	117	734	798	19	392	2.903E-01	5.366E-01	5.871E-01	3.831E-01	731	3M1I1M14I28M1D1M13D11M2D3M1D28M17I15M2I1M44I1M15I15M101I3M30I15M1D6M18D1I1M1D1I1M8D14M2I15M1D6M17I8M3D11M9D5M1D31M31D58I14M2D2I1M11D7I3M5D17I4M1I3M1D1I3M10I2M2I1M1D7I1M1I1M3I2M3D3I3M
R1DY80_taxID_2903_model_A	ref_1BT3_Ibatatas	121	735	798	42	325	2.534E-01	5.672E-01	6.628E-01	3.781E-01	675	4M11I28M1D1M4D11M3D3M8D28M15I2M1I14M1I2M3I1M56I3M1I5M144I7M18I7M3D1M2D1M2D5M7D2M1D12M1D1M1D5M12D16I19M7D6M1D26M1I1M58I15M5D12I3M18I1M3I1M2I1M29I3M2D2I5M
R1DY80_taxID_2903_model_A	ref_5CE9_Jregia	121	735	798	41	327	2.544E-01	5.643E-01	6.585E-01	3.783E-01	677	4M11I28M1D1M4D11M2D2M1D1M8D28M15I3M1I12M1I3M3I1M56I3M1I5M144I7M18I7M3D1M5D6M6D2M1D12M1D1M1D5M12D16I19M7D6M1D30M55I4M1D6M2I4M6D12I2M19I1M3I1M2I1M29I3M2D2I5M
A0ABR1NRA3_taxID_83184_model_A	ref_PmTYR	1	260	260	58	284	7.409E-01	6.745E-01	8.462E-01	6.621E-01	277	23M1I16M2D10M1I1M1I10M20I21M12I12M1D1M1D14M1I6M10D7M1D1M2D47M1I2M1I8M6I11M1I1M3I13M2I6M
A0ABR1NRA3_taxID_83184_model_A	ref_I3D139_archaea	1	257	260	58	305	7.044E-01	6.071E-01	7.387E-01	5.997E-01	298	22M1I19M1I7M1I1M1I6M26I9M1D1M7D15M3I3M2I7M2D1M4D9M1I7M1I14M2I8M1D8M1I32M1I6M3I1M3I13M22D2M1D1M3D12M1I1M1I1M1I1M
A0ABR1NRA3_taxID_83184_model_A	ref_A0A9N8ELP9_oomycota	1	260	260	88	396	7.485E-01	4.889E-01	7.512E-01	5.942E-01	344	38M5I8M2I1M1I9M18I12M2I5M1D1M18D2M8D4M5I3M2I6M1D7M1D13M1D16M1D11M9D36M2D2M2D2M1D2M2D5M6D22M30D9M1D11M
A0ABR1NRA3_taxID_83184_model_A	ref_2Y9W_Abisporus	1	260	260	70	350	6.931E-01	5.259E-01	6.956E-01	5.662E-01	329	25M17D1M1D21M1I3M3I3M29I4M13D4M1I5M1D6M1I1M4I4M2I7M11D2M1D2M1D25M10D4M3I10M10D34M1I2M1I11M2D19M1D1M1D11M2I7M
A0ABR1NRA3_taxID_83184_model_A	ref_8BBR_Vspinosum	1	260	260	54	317	6.624E-01	5.406E-01	6.646E-01	5.694E-01	325	26M1D13M2I1M2I1M1I1M1I1M4I3M32I3M1D1M1D7M4D2M2D1M29D8M2I4M2I8M6D6M1D11M1I9M13D5M2I16M1I28M2D10M9I13M5D13M2I8M
A0ABR1NRA3_taxID_83184_model_A	ref_5M8L_human	1	234	260	136	361	6.498E-01	4.784E-01	7.418E-01	5.832E-01	268	26M1D11M1I5M1I1M1I5M2I9M20I12M2I13M7D7I12M5D16M1I5M10D7M1D1M10D47M1I11M2I1M3I5M1I5M
A0ABR1NRA3_taxID_83184_model_A	ref_5CE9_Jregia	1	260	260	109	331	5.989E-01	4.680E-01	6.929E-01	5.762E-01	305	26M1D16M2I1M1I1M1I1M4I4M30I6M27I5M1D2M3D7M15D11M1D8M14D5M2I12M7D33M1I7M12I12M2D1M1D13M1I1M1I6M
A0ABR1NRA3_taxID_83184_model_A	ref_1BT3_Ibatatas	1	260	260	110	330	5.947E-01	4.684E-01	6.938E-01	5.711E-01	305	26M1D13M1I2M1I2M1I1M1I1M4I4M30I6M27I5M1D2M3D7M15D11M1D8M14D5M2I12M7D32M3I1M1I4M12I12M2D1M1D13M1I8M
A0AA89AGQ4_taxID_1293975_model_A	ref_1BT3_Ibatatas	102	440	596	1	336	5.584E-01	9.862E-01	9.891E-01	8.570E-01	339	288M3I48M
A0AA89AGQ4_taxID_1293975_model_A	ref_5CE9_Jregia	102	441	596	1	339	5.586E-01	9.765E-01	9.793E-01	8.366E-01	342	12M1I9M1I19M1D143M1D6M1I148M
A0AA89AGQ4_taxID_1293975_model_A	ref_1JS8_squid	147	435	596	1	262	3.755E-01	8.179E-01	8.208E-01	5.529E-01	311	29M2I14M2I6M1I6M1D28M1I1M1I12M1I12M1D5M9D4M2I1M12I3M1I1M4I2M1I11M2I8M14I6M1I11M1I2M2I33M2D1M1D3M1D3M2D11M4D4M1I4M1D19M
A0AA89AGQ4_taxID_1293975_model_A	ref_8BBR_Vspinosum	145	441	596	2	324	4.034E-01	7.222E-01	7.863E-01	5.911E-01	365	13M1D36M15I40M2I10M2I6M59D16M11I14M2I14M1I23M7I6M1I26M2D1M1D6M3D10M1D11M1D20M1I3M
A0AA89AGQ4_taxID_1293975_model_A	ref_PmTYR	146	436	596	1	287	3.683E-01	7.325E-01	7.349E-01	5.284E-01	339	30M5I13M1I1M1I3M2I5M1D28M1I1M1I15M2D1M2D1M1D1M1D1M2D4M11D5M3D1M11D8M9I6M6I1M2I11M2I6M3I3M5I4M4D6M5D11M7I43M5D8M7I22M
A0AA89AGQ4_taxID_1293975_model_A	ref_2Y9W_Abisporus	147	434	596	1	351	3.987E-01	6.547E-01	7.883E-01	5.302E-01	373	10M1D1M1D35M1I4M5D1I37M17D15M4D9M1D2M14D6M19D4M6D10M11I1M1I16M1I11M5I24M2D1M1D37M1I7M14D14M1I22M
A0AA89AGQ4_taxID_1293975_model_A	ref_I3D139_archaea	153	429	596	1	305	3.620E-01	6.827E-01	7.496E-01	5.057E-01	349	24M2D17M1I1M1I2M1I35M1I1M1I11M1D1M1D7M3D4M4D6M30D17M13I1M1I11M2I8M14I17M6I6M1I34M1D1M5D7M1D3M22D2I4M2D15M
A0AA89AGQ4_taxID_1293975_model_A	ref_5M8L_human	104	406	596	8	361	3.647E-01	5.795E-01	6.813E-01	4.498E-01	412	7M21I1M1I6M4D1M7D5M7D31M23D22M6D5I1M1D51M1D1M2D4M9D1M1D5M1D1M23D8M8I8M4I2M1I11M2I6M2I3M6I4M4D6M13D12M7I32M1I9M7D7M
A0AA89AGQ4_taxID_1293975_model_A	ref_A0A9N8ELP9_oomycota	101	442	596	8	411	3.921E-01	5.511E-01	6.540E-01	4.984E-01	479	3M3D35I6M1D34M9D15M1I1M1I2M6I32M1I18M1D4M12D8M43D8M2I4M11I1M2I2M1I21M14I5M3D13M1D1M1D37M1D2M2D2M3D6M20D6M4D3M1D4M7D1M2D1M13D9M3D12M1D2M5D1M1D1I3M
A0A4Z1K5V5_taxID_87229_model_A	ref_PmTYR	90	492	922	1	287	2.695E-01	8.358E-01	8.386E-01	6.603E-01	433	29M8I15M9D1M1D24M1I17M2D10M1I11M1I1M5I9M2D4M1I22M1I2M2I16M10D8M5D16M1D28M1I2M1I8M2I1M1I12M4I12M2I8M115I1M
A0A4Z1K5V5_taxID_87229_model_A	ref_1JS8_squid	91	376	922	1	262	2.434E-01	8.121E-01	8.151E-01	5.807E-01	314	32M5I10M3D2M8D27M1I14M1I3M1I1M1I1M1I1M1I1M3I4M16I5M1D6M5I12M3I1M2I6M1I21M1I10M2D1M2D4M1D28M3D9M8I11M4D3M3D2M1D11M2I8M
A0A4Z1K5V5_taxID_87229_model_A	ref_I3D139_archaea	97	370	922	1	305	2.579E-01	7.440E-01	8.259E-01	6.264E-01	329	25M1I19M9D1M1D24M1I19M1I8M1I6M12I8M10D5M2D4M4D12M2D13M2I27M1D41M1I7M2I1M1I12M24D3M2D13M2I2M
A0A4Z1K5V5_taxID_87229_model_A	ref_8BBR_Vspinosum	88	488	922	1	324	2.583E-01	6.920E-01	6.940E-01	5.646E-01	468	14M1D22M3I14M2I29M1D12M2I2M1I7M1I3M15I2M4I6M4D2M33D1M1D3M3D5M1D6M2D30M13D50M1D8M1D1I1M5I13M5D13M1I1M1I8M98I3M1D1I1M9I1M
A0A4Z1K5V5_taxID_87229_model_A	ref_A0A9N8ELP9_oomycota	82	490	922	12	412	2.902E-01	6.193E-01	6.362E-01	5.788E-01	518	8M2D34M9D3I15M4D2M1D39M5I8M1I12M5I14M29D4M1D1M1D13M1I6M2I11M2D13M3D11M9D5M1D28M2D1M1D3M1D2M1D2M2D4M9D20M30D9M1D16M61I1M4I4M25I2M1I1M9I3M
A0A4Z1K5V5_taxID_87229_model_A	ref_5M8L_human	80	348	922	20	361	2.586E-01	6.294E-01	8.298E-01	5.768E-01	356	6M8D3M8D32M1D3M19D17M15D30M1D10M1I6M1I1M1I4M1I6M1I4M1I1M4I19M9D1M2D38M10D8M13D16M1D28M1I14M2I3M1I5M
A0A4Z1K5V5_taxID_87229_model_A	ref_5CE9_Jregia	83	488	922	37	339	2.470E-01	6.344E-01	7.060E-01	5.431E-01	463	41M3I15M13D29M1D16M2I1M1I2M4I4M17I5M1I1M12I8M13D6M2D1I14M2D8M14D16M7D5M1D31M1I4M9I12M2D1M1D14M2I6M98I6M1D9I1M
A0A4Z1K5V5_taxID_87229_model_A	ref_1BT3_Ibatatas	84	488	922	39	336	2.445E-01	6.349E-01	7.118E-01	5.494E-01	460	40M3I15M13D29M1D16M2I1M1I2M4I4M17I5M1I1M12I8M6D1M2D1M2D5M4D14M2D8M14D17M7D4M1D27M3I1M1I4M9I12M2D1M1D14M2I6M98I6M9I1M
A0A4Z1K5V5_taxID_87229_model_A	ref_2Y9W_Abisporus	108	922	922	22	346	1.779E-01	3.868E-01	4.086E-01	1.913E-01	925	6M46I2M2I6M1D6M40D14I8M1D6M2I14M1I2M1D17I1M16D15I6M1D1I2M11I2M2I3M1I2M4I6M1I1M5I2M1I5M1I1M1D2I1M10D49I1M3D3I7M7D1M3D1M2D2M2D1M3D1M2D2M1D7M3D4I11M3I2M3I1M19I9M1D1I2M1D5M6I4M1I4M1D11M21I1M2I7M11I9M4D22I11M251I1M2I4M19I4M13I1M1I6M2D3M3D3I2M1D1I1M37I2M1I3M1I6M
A0A5N6H8Z8_taxID_5059_model_A	ref_PmTYR	515	769	769	1	283	2.783E-01	7.188E-01	8.073E-01	6.450E-01	314	29M8I15M9D1M1D24M1I16M1D1M1D11M1I10M1I1M5I9M2D5M1I18M1D3I5M37D9M1D1M3D3M3D28M2I7M3I14M4I11M1I1M1I5M
A0A5N6H8Z8_taxID_5059_model_A	ref_1JS8_squid	516	769	769	1	259	2.517E-01	7.008E-01	7.240E-01	5.730E-01	309	32M5I10M2D1M1D1M8D27M1I14M1I3M1I1M1I1M1I1M1I1M3I4M16I5M1D6M5I13M5I6M21D7M1D1M7D3M3D26M3D9M7I4M1I6M2D1M1D2M1D1M3D2M1D10M2I6M
A0A5N6H8Z8_taxID_5059_model_A	ref_I3D139_archaea	522	767	769	1	305	2.701E-01	6.519E-01	8.005E-01	5.842E-01	330	28M1I16M9D1M1D24M1I19M1I8M1I6M12I8M10D5M2D5M4D12M2I9M2D1M23D7M2D1M3D3M2D30M1I7M2I3M1I10M24D3M2D12M1I1M1I1M1I1M
A0A5N6H8Z8_taxID_5059_model_A	ref_1BT3_Ibatatas	116	769	769	8	328	2.690E-01	5.795E-01	6.051E-01	5.215E-01	745	5M272I4M2I1M42I5M5D28I1M1D1I7M1D23I5M1I36M3I15M13D29M1D13M1I2M2I3M1I1M3I4M17I7M12I7M11D5M1D1I2M2D2M1D2M2D1M36D7M1D1M10D3M3D25M2I2M2I3M9I11M3D16M2I5M
A0A5N6H8Z8_taxID_5059_model_A	ref_5CE9_Jregia	118	769	769	5	330	2.704E-01	5.774E-01	5.999E-01	5.275E-01	746	2M7I1M3I4M5I1M253I3M2I1M39I1M2I4M4D29I1M1D1I7M2D24I41M3I15M13D29M1D16M2I1M1I2M4I4M17I5M1I1M12I8M2D3I8M15D1M39D7M1D1M10D3M3D29M1I4M9I12M2D1M1D14M2I5M
A0A5N6H8Z8_taxID_5059_model_A	ref_8BBR_Vspinosum	513	769	769	1	316	2.602E-01	5.844E-01	7.239E-01	5.312E-01	355	12M1D24M3I14M2I29M1D12M2I2M1I7M1I3M15I2M4I6M4D2M33D1M1D3M3D5M1D6M1D3I9M3D1M37D7M1D1M3D3M2D26M2D11M6I11M5D14M1I1M1I6M
A0A5N6H8Z8_taxID_5059_model_A	ref_5M8L_human	122	745	769	1	361	2.791E-01	5.623E-01	5.638E-01	5.041E-01	747	2M1I3M3I1M1I1M340I11M15D25I4M7D29M1D2M2D4M17D18M14D2M1D27M1D11M1I5M1I1M1I5M1I5M1I4M1I1M4I20M8D1M3D15M1D1I7M45D1M1D6M1D1M3D3M2D2M1D36M2I2M2I4M1I4M
A0A5N6H8Z8_taxID_5059_model_A	ref_A0A9N8ELP9_oomycota	503	769	769	8	395	2.979E-01	5.376E-01	8.065E-01	5.875E-01	408	1M1D1I10M2D33M10D4I14M5D42M5I8M1I11M1I1M4I14M29D4M1D1M1D12M4I8M28D1M1D6M1D1M12D3M3D26M2D1M1D2M2D5M2D4M9D20M30D9M1D10M
A0A5N6H8Z8_taxID_5059_model_A	ref_2Y9W_Abisporus	516	769	769	1	350	2.673E-01	5.505E-01	7.374E-01	5.028E-01	375	10M2D20M3I14M2D1M14D31M17D2M1D11M3D8M1D2M1D5M10D19I5M1D12M3D13M2D3M1D2M2D2M1D3M39D4M1D3M9D3M4D29M2I10M5D17M2D12M1I7M
A0A7G3VAY7_taxID_2737276_model_A	ref_5M8L_human	13	177	177	1	168	8.805E-01	4.411E-01	9.474E-01	8.480E-01	168	92M1D1M1D28M1D44M
A0A7G3VAY7_taxID_2737276_model_A	ref_1JS8_squid	59	177	177	1	91	4.204E-01	2.932E-01	7.647E-01	6.015E-01	121	30M2I1M21I18M1D1I1M1D3I3M1I29M1I1M1I6M
A0A7G3VAY7_taxID_2737276_model_A	ref_I3D139_archaea	1	177	177	97	304	3.565E-01	2.243E-01	3.582E-01	4.208E-01	299	1M2D2M1D2M5D4M39D11M1I1M1I4M6D12I1M4D39I5M28I8M1D9M7I6M3D24M1I3M2D2I1M56D3M3D1M
A0A7G3VAY7_taxID_2737276_model_A	ref_A0A9N8ELP9_oomycota	1	170	177	69	404	3.811E-01	1.967E-01	3.937E-01	3.711E-01	393	2M2D1M1D3M1D5M1I6M2D2M1D3M5D5I2M1D4M2D8M104D40I3M11D7I2M1D1M2D1M1D2M1I6M1D1M28D2I2M1D10M10D1I4M3D7M1D8M1D7M40D10M2D6M2D7M
A0A7G3VAY7_taxID_2737276_model_A	ref_5CE9_Jregia	1	177	177	51	298	3.565E-01	2.169E-01	3.580E-01	3.084E-01	320	6M2D6M2D1M90D13M2D7M4I3M7D1M3D1M2D2M1D6M3I1M1I8M2D1I1M1D1I4M2D2I2M1I5M9D7I1M2D1I5M12I7M2D2I11M15I2M4I10M12D18I1M4D1M
A0A7G3VAY7_taxID_2737276_model_A	ref_1BT3_Ibatatas	18	172	177	52	310	3.423E-01	2.097E-01	3.757E-01	2.669E-01	312	2M2D3I2M1D1I4M1D2M2D7M3D4I7M4D10I3M1D1I2M2D2I2M1D10M1D7M1D1M2D2M2D1M13D1M1D3M1D6M17D21I1M2D2I3M1D4M11D5M50D4I8M1D4M1D1M1D6M2D1M3D2I1M25D3I5M5D1M
A0A7G3VAY7_taxID_2737276_model_A	ref_8BBR_Vspinosum	17	162	177	52	245	3.305E-01	2.139E-01	3.740E-01	2.859E-01	232	9M1I1M1D1I5M4I2M1I6M3I7M2D1M12D1M2D2M1D3M1I1M1D6I1M2I11M1D2M1D2M1D3M7D1M1D5M1I1M7I4M2D10M44D7I1M1D1I2M3D3I18M1D2M1D2M4D5M
A0ABQ9R743_taxID_1209934_model_A	ref_PmTYR	26	274	919	1	255	2.283E-01	7.016E-01	8.050E-01	6.264E-01	286	1M2I28M8I14M10D26M1I17M2D9M1I1M2I10M10I12M1D25M4I3M2I11M1I5M10D8M5D17M1D7M1D10M1D1M2D1M3D4M1D8M
A0ABQ9R743_taxID_1209934_model_A	ref_I3D139_archaea	35	636	919	1	281	2.244E-01	6.365E-01	6.889E-01	5.676E-01	661	25M1I18M10D26M1I19M1I7M3I8M16I8M10D4M2D4M1D1M3D1I1M1D10M2D5I4M1D6M1I8M1I21M1D16M1D10M2D1M1D2M1D5M2D7M21D118I7M232I4M
A0ABQ9R743_taxID_1209934_model_A	ref_1JS8_squid	29	274	919	1	222	2.007E-01	6.579E-01	7.693E-01	5.411E-01	273	32M5I10M2D1M1D1M8D27M1I14M1I3M1I15M25I1M2I4M5I12M7I2M1I4M1I9M1I14M1I9M2D1M2D5M1D7M1D9M2D2M1D1M2D2M3D2M2D8M
A0ABQ9R743_taxID_1209934_model_A	ref_5M8L_human	26	275	919	44	351	2.361E-01	5.735E-01	8.085E-01	5.773E-01	328	33M2D2M18D18M15D30M1D10M1I6M1I1M1I5M3I10M11I5M1D13M2D1M6D1M3D17M1I4M2I17M9D7M1D1M12D16M1D8M1D10M2D1M1D1M3D13M
A0ABQ9R743_taxID_1209934_model_A	ref_A0A9N8ELP9_oomycota	21	636	919	15	341	2.463E-01	5.254E-01	6.508E-01	5.782E-01	698	42M8D2I14M5D42M5I8M3I9M9I18M1D1M16D3M5D3M9D9M6I18M1D14M3D11M9D5M1D8M1D10M1D1M2D2M2D1M4D4M2D1M1D12M329I1M1I7M11D16I1M
A0ABQ9R743_taxID_1209934_model_A	ref_8BBR_Vspinosum	25	273	919	1	281	2.097E-01	5.591E-01	7.142E-01	5.309E-01	323	4M1I10M1D22M3I14M2I29M1D12M2I2M1I5M1I3M2I2M19I2M4I6M4D2M33D5M4D4M1D6M5D6I19M1I9M12D1M1D29M1D8M1D1M2D2M1D1M4D2M3D7M
A0ABQ9R743_taxID_1209934_model_A	ref_5CE9_Jregia	24	272	919	40	298	2.040E-01	5.166E-01	6.839E-01	5.255E-01	302	38M3I14M13D31M1D16M1I16M1I4M12I1M7D26I11M1D16M1D8M14D16M7D6M1D9M1D8M1D1M1D2M5D9M
A0ABQ9R743_taxID_1209934_model_A	ref_1BT3_Ibatatas	26	272	919	43	296	2.022E-01	5.149E-01	6.799E-01	5.188E-01	296	36M3I14M13D31M1D16M1I9M1I11M12I1M1I1M6D24I11M1D16M1D8M14D17M7D5M1D7M1D10M1D1M2D2M1D9M
A0ABQ9R743_taxID_1209934_model_A	ref_2Y9W_Abisporus	30	548	919	1	316	1.564E-01	3.410E-01	3.704E-01	2.908E-01	649	7M3I1M2I12M1I1M1I1M7I8M6D10M4D3M26D2M1D12M1D2M9D13M1I1M2I1M3I5M1D1I5M2I6M16I4M1D1I2M9D1I5M2D5M13D4M8D4M1D5M5D5I10M2D10M9D10I14M10D3M5D5M1I2M1I9M1D2M11D16I7M5D259I5M
A0AAW0DL74_taxID_2862362_model_A	ref_PmTYR	1	264	264	41	284	7.491E-01	6.923E-01	8.099E-01	6.512E-01	289	1M1D2M9D1M1D24M2I3M1I2M2I17M1I8M1I9M23I11M2D4M1I2M1I15M1D1M1D20M10D9M2I49M1I2M1I8M4I13M3I12M2I6M
A0AAW0DL74_taxID_2862362_model_A	ref_I3D139_archaea	1	260	264	41	305	6.878E-01	6.012E-01	7.002E-01	5.884E-01	320	1M1D2M9D1M1D24M2I3M1I2M2I9M2I6M2I7M1I6M29I8M10D5M2D4M1D1M2D10M1D2M1D1M1D3M1D4M1D22M6I2M1I6M1D8M1I32M1I4M1D3M5I12M23D1M1D1M3D13M2I2M
A0AAW0DL74_taxID_2862362_model_A	ref_1JS8_squid	1	264	264	55	261	6.368E-01	6.413E-01	7.991E-01	5.556E-01	280	28M2I2M2I3M1I11M3I1M1I1M2I1M1I1M1I1M3I4M33I5M1D6M6I18M1I22M7I1M1I9M2D1M2D33M2D10M7I4M1I7M4D1M1D1M3D2M1D11M1I7M
A0AAW0DL74_taxID_2862362_model_A	ref_2Y9W_Abisporus	1	264	264	64	350	6.882E-01	5.321E-01	6.906E-01	5.355E-01	330	30M2D2M10D1M2D20M3I6M3I6M14D32I9M2D2M1D4M1D10M11D5M2D13M1D12M1D1I7M2D12M10D35M1I1M1I10M4D17M2D1M1D12M2I6M
A0AAW0DL74_taxID_2862362_model_A	ref_A0A9N8ELP9_oomycota	1	264	264	77	396	7.217E-01	4.801E-01	7.242E-01	5.866E-01	359	2M5D26M2I3M1I3M1I10M2I1M5I2M1I5M1I10M1I1M21I15M28D5M1D1M1D8M1D6M1D14M2D13M3I1M1I13M9D36M2D2M2D2M1D2M2D4M8D16M1D4M30D9M1D11M
A0AAW0DL74_taxID_2862362_model_A	ref_8BBR_Vspinosum	1	264	264	48	317	6.373E-01	5.292E-01	6.395E-01	5.210E-01	332	29M1I3M1D1I2M2I11M5I1M2I1M1I1M1I1M3I4M33I5M1D5M5D1M3D1M30D5M3D5M1D5M6D3M1D25M7D3I6M2D17M1I28M2D10M7I13M6D12M1I1M1I7M
A0AAW0DL74_taxID_2862362_model_A	ref_5M8L_human	1	239	264	115	361	6.541E-01	4.896E-01	7.193E-01	5.683E-01	287	2M15D27M1I3M1D1I2M2I8M2I2M1I1M1I3M1I1M1I5M1I9M23I22M7D1M3D11M4D1M1D20M10D10M5D3M1D47M2I7M1D4M3I5M1I5M
A0AAW0DL74_taxID_2862362_model_A	ref_5CE9_Jregia	1	264	264	90	331	5.981E-01	4.747E-01	6.503E-01	5.531E-01	324	3M13D26M1I3M1D1I2M2I13M3I1M2I1M1I1M1I1M3I4M33I6M15I6M1D1M3D7M15D10M2D8M14D5M7I11M7D34M1I7M10I12M4D14M2I6M
A0AAW0DL74_taxID_2862362_model_A	ref_1BT3_Ibatatas	1	264	264	90	329	5.926E-01	4.737E-01	6.496E-01	5.535E-01	325	1M1D2M13D26M1I3M1D1I2M2I13M3I1M2I1M1I2M4I4M33I6M15I6M1D1M3D7M15D10M2D8M14D5M7I12M7D32M3I1M1I4M10I12M4D14M2I6M
A0A7X1JBZ8_taxID_2759956_model_A	ref_I3D139_archaea	24	369	377	1	305	7.183E-01	8.808E-01	8.836E-01	6.771E-01	365	28M2I20M3I45M1D18M5I12M2I3M2I1M6I12M6D11M4D2M2D16M7I12M14I7M1D36M6I1M1I8M8I19M1I7M5D27M3I1M
A0A7X1JBZ8_taxID_2759956_model_A	ref_PmTYR	17	376	377	1	287	6.615E-01	8.572E-01	8.600E-01	6.459E-01	373	29M9I18M2I2M1I45M2D1M2D18M1D13M18I6M1D4M2I8M1D2M2D24M3D14M9I18M1D28M5I1M3I7M8I16M26I12M3I8M
A0A7X1JBZ8_taxID_2759956_model_A	ref_1JS8_squid	18	375	377	1	262	6.048E-01	8.482E-01	8.512E-01	5.653E-01	366	31M6I19M2I48M1I2M2I3M2I4M10I6M19I9M4I26M7I11M15I10M2D1M2D4M1D32M1I4M1I6M14I12M17I5M2D2M1D11M1I1M2I7M
A0A7X1JBZ8_taxID_2759956_model_A	ref_A0A9N8ELP9_oomycota	14	377	377	19	407	6.904E-01	6.350E-01	7.154E-01	6.123E-01	463	37M9D4I16M8I34M1D12M1I1M2I13M1D1M1D11M20I5M27D3M3D1M1D11M2D2M1D18M5I10M1I2M10I13M9D5M1D29M1I19M6D16M2D4M28D22I25M1D1M6D1M
A0A7X1JBZ8_taxID_2759956_model_A	ref_8BBR_Vspinosum	16	376	377	2	320	5.955E-01	6.861E-01	6.982E-01	5.566E-01	430	13M1D22M4I14M15I26M1D1M1D13M1I12M14I4M18I4M3D3M36D1M3D12M6D6M2D10M1I3M6I6M13D6M14I46M2I1M3I8M8I1M2I12M3D18I3M2I12M1I1M1I1M1I9M
A0A7X1JBZ8_taxID_2759956_model_A	ref_2Y9W_Abisporus	18	374	377	1	351	6.121E-01	6.532E-01	6.548E-01	5.138E-01	437	10M1D3M1D17M2I2M2I17M8D5I34M18D1M1D12M2D9M2I4M10I3M8I7M5D5I2M1D1M3D7M2D2M1D2M2D9M9D1M2D2M2D2M1D14M6I9M2D6M2D9I12M10D5M1D28M6I1M2I4M1I1M1I4M6D4I17M19I1M1I15M1I1M2I6M
A0A7X1JBZ8_taxID_2759956_model_A	ref_5M8L_human	10	324	377	39	361	6.146E-01	6.400E-01	7.284E-01	5.572E-01	373	38M2D3M17D21M7D6I3M1D29M1D1M1D17M1I12M1D1I6M1D6M20I4M1I5M12D8M2D3M4D24M3D16M5D6I19M1D28M6I4M1I5M8I13M
A0A7X1JBZ8_taxID_2759956_model_A	ref_1BT3_Ibatatas	14	377	377	42	333	5.910E-01	6.586E-01	7.536E-01	5.588E-01	409	37M4I14M1D1M1D6M1I6M1I26M1D1M1D16M2I3M2I4M10I5M21I2M11I5M1D1M11D4M6D2M1D15M5I6M14D6M14I11M7D5M1D26M10I7M14I9M1I1M17I3M1I16M3I9M
A0A7X1JBZ8_taxID_2759956_model_A	ref_5CE9_Jregia	13	377	377	40	335	5.940E-01	6.563E-01	7.473E-01	5.599E-01	411	38M4I14M1D1M1D6M1I6M1I26M1D1M1D16M1I3M3I4M10I5M21I1M12I7M10D2M2D1M7D2M1D15M5I6M14D6M14I11M7D4M1D27M2I2M4I1M1I7M14I9M1I1M17I3M1I16M3I9M
A0ACC1M2R8_taxID_417176_model_A	ref_PmTYR	34	291	417	1	287	5.712E-01	8.189E-01	9.102E-01	6.856E-01	294	43M10D43M2D19M1D12M2D5M2D3M1D10M2D2I15M1I5M10D8M5D17M1D29M2I33M2I9M
A0ACC1M2R8_taxID_417176_model_A	ref_1JS8_squid	35	290	417	1	262	5.090E-01	7.916E-01	8.120E-01	5.939E-01	291	29M3D10M2D1M9D44M1I1M1I1M1I1M1I1M1I1M2I4M8I13M1I10M3I16M1I14M1I9M2D1M2D5M1D27M4D9M5I3M1I8M12D11M2I8M
A0ACC1M2R8_taxID_417176_model_A	ref_I3D139_archaea	41	284	417	1	305	5.212E-01	7.021E-01	8.702E-01	6.155E-01	315	22M7D14M10D45M1I15M5I8M10D4M1D3M7D1M1D12M1D2M2D4M1D9M1I21M1D48M1I13M30D11M2I2M
A0ACC1M2R8_taxID_417176_model_A	ref_A0A9N8ELP9_oomycota	29	294	417	15	402	5.731E-01	5.797E-01	8.791E-01	6.394E-01	394	2M1D2M1D31M14D13M5D31M1D10M5I15M2D17M2D1M18D1M6D1M8D1M1D8M1I4M1D14M1D14M3D11M9D6M1D27M4D3M1D5M3D2M10D5M1D8M2D2M32D8M1D18M
A0ACC1M2R8_taxID_417176_model_A	ref_2Y9W_Abisporus	35	289	417	1	351	5.310E-01	6.246E-01	8.440E-01	5.777E-01	363	10M2D18M1D1M4D10M2D1M14D31M18D1M1D22M1I6M13D8I10M2D2M2D1M4D1M1D10M4D1M1D3M2D1M3D2M1D21M9D15M10D5M1D30M1I8M7D14M6D12M2I7M
A0ACC1M2R8_taxID_417176_model_A	ref_8BBR_Vspinosum	33	290	417	2	319	5.033E-01	6.373E-01	7.897E-01	5.528E-01	342	13M1D17M1D1M4D13M2I25M1D1M1D14M2I2M1I10M8I3M4I5M4D1M3D1M33D1M5D4M1D6M1D1I2M1D3M2D2M2D10M1I9M13D49M2D10M3I12M9D10M1I2M1I8M
A0ACC1M2R8_taxID_417176_model_A	ref_5M8L_human	24	267	417	26	361	5.261E-01	6.034E-01	8.752E-01	5.776E-01	343	3M3D6M7D30M28D14M15D28M1D1M1D11M1I5M1I1M1I19M1D13M15D12M2D1M1D21M9D8M13D17M1D29M1I5M2D4M1I4M2I5M
A0ACC1M2R8_taxID_417176_model_A	ref_1BT3_Ibatatas	20	396	417	29	335	5.062E-01	6.200E-01	6.766E-01	5.682E-01	449	4M2D39M1D1M4D14M13D27M1D1M1D13M1I2M2I3M1I1M2I4M9I6M1I1M9I8M1D7M16D11M1D8M14D16M7D6M1D26M1I2M2I3M7I10M7D13M2I8M3D105I1M
A0ACC1M2R8_taxID_417176_model_A	ref_5CE9_Jregia	20	400	417	27	339	5.088E-01	6.173E-01	6.664E-01	5.589E-01	455	4M2D2M1D37M1D1M4D13M13D27M2D18M2I1M1I1M1I1M2I4M9I6M1I1M9I9M1D6M16D11M1D8M14D16M7D6M1D34M7I10M7D13M2I8M3D105I1M1D3I1M
A0A9P8RKW4_taxID_152316_model_A	ref_PmTYR	8	182	193	13	246	7.067E-01	4.879E-01	7.777E-01	6.709E-01	254	2M1I7M62D13M2D9M1I12M2I1M6I10M1D8M4I1M1I14M1D2I1M1I3M2I16M10D9M2D18M1D31M
A0A9P8RKW4_taxID_152316_model_A	ref_5M8L_human	8	181	193	58	341	6.866E-01	3.861E-01	7.569E-01	6.040E-01	300	2M1I6M1D1M96D9M1I4M1I3M1I4M1I8M1I2M8I19M2D2M4D4M1D10M1D11M2I16M10D9M10D18M1D30M
A0A9P8RKW4_taxID_152316_model_A	ref_I3D139_archaea	1	182	193	5	240	6.431E-01	4.261E-01	6.803E-01	5.868E-01	266	3M1D1I1M2I1M1I5M65D20M1I6M1I6M14I9M9D6M1D3M6D5I12M1I3M1D9M1I21M3I7M1D40M
A0A9P8RKW4_taxID_152316_model_A	ref_A0A9N8ELP9_oomycota	8	186	193	34	304	6.861E-01	3.428E-01	7.373E-01	6.018E-01	290	2M1I7M71D2M1D7M1I1M3I1M1I8M1I10M2I2M5I10M1I5M20D9M7D11M1I6M1I1M1I1M1I10M2D26M1D1M8D5M1D35M
A0A9P8RKW4_taxID_152316_model_A	ref_1JS8_squid	5	184	193	12	212	5.664E-01	4.293E-01	6.050E-01	5.516E-01	250	1M2D3I8M57D1M4D1M1D1M1D8M1I3M2I2M1I1M1I1M3I4M18I12M9I11M2I2M1I2M3I4M1I21M3I1M1I9M2D1M2D4M1D33M
A0A9P8RKW4_taxID_152316_model_A	ref_8BBR_Vspinosum	10	183	193	17	270	5.992E-01	3.742E-01	6.607E-01	5.696E-01	286	8M57D12M2I2M1I4M1I6M17I2M5I6M4D2M2D2M24D6M8D1I4M1D6M2D2I6M1D23M13D5M3I48M
A0A9P8RKW4_taxID_152316_model_A	ref_2Y9W_Abisporus	2	182	193	11	298	5.875E-01	3.489E-01	6.233E-01	5.118E-01	319	2M1D1I1M1D2I7M88D2M2D1I22M3I4M17I4M13D8M1D7M3D3I9M8D16M1I8M1D8M8D1M1D4M3I11M10D5M1D31M
A0A9P8RKW4_taxID_152316_model_A	ref_1BT3_Ibatatas	8	180	193	57	290	5.126E-01	3.120E-01	5.672E-01	5.141E-01	284	2M1I6M1D1M71D15M2I1M1I1M1I1M3I4M19I6M18I8M2D2I7M12D2M1D11M2D7M1D1M13D5M3I12M7D4M1D29M
A0A9P8RKW4_taxID_152316_model_A	ref_5CE9_Jregia	8	183	193	56	290	5.138E-01	3.105E-01	5.598E-01	5.133E-01	287	2M1I6M1D1M71D15M2I1M1I1M1I1M3I4M19I5M2I1M16I8M2D2I7M12D2M1D11M2D8M14D5M3I11M7D5M1D26M2I4M
H6UT97_taxID_92733_model_A	ref_5M8L_human	1	182	182	1	187	9.270E-01	4.805E-01	9.319E-01	8.315E-01	187	91M2D30M1D51M1D8M1D2M
H6UT97_taxID_92733_model_A	ref_5CE9_Jregia	7	182	182	3	164	5.937E-01	3.374E-01	6.624E-01	5.979E-01	206	8M19D7M4I1M7I2M1I1M5I34M3I1M18I21M5D4I2M2I42M1D1M1D6M1D4M3D2M
H6UT97_taxID_92733_model_A	ref_1BT3_Ibatatas	7	182	182	3	165	5.842E-01	3.356E-01	6.481E-01	6.001E-01	208	8M21D7M4I1M7I2M1I2M6I32M21I22M5D5I2M1I44M1D6M1D3M4D2M
H6UT97_taxID_92733_model_A	ref_PmTYR	46	182	182	1	112	5.146E-01	3.352E-01	8.099E-01	6.806E-01	144	29M26I19M4I31M1I1M1I15M4D2M1D1M1D4M1D3M
H6UT97_taxID_92733_model_A	ref_1JS8_squid	47	182	182	1	114	4.849E-01	3.490E-01	7.361E-01	5.948E-01	142	30M2I1M21I21M1I3M2I29M1I1M1I17M2D4M4D2M
H6UT97_taxID_92733_model_A	ref_2Y9W_Abisporus	5	159	182	19	335	3.699E-01	2.301E-01	4.126E-01	3.159E-01	349	1M1D2M2D2I2M3D6I1M1I2M2I5M3D3I1M1D1I2M5D3M1D6M1D9M2I2M1I11M1I1M2D3I3M1D5M1D8M1D1I6M1D4M2I1M1I3M15D2I1M1D1I2M4D6M2D6M1I6M1D1M15D4M85D6M1D2M2D1I1M42D1I6M3D4M
H6UT97_taxID_92733_model_A	ref_A0A9N8ELP9_oomycota	9	178	182	9	201	3.779E-01	2.000E-01	3.991E-01	4.145E-01	249	2M1I1M2I12M6I5M2D7I3M2D3M2D5I1M3I2M1I10M1D1M1D2M1D2M22I6M1D2M1D9M8I5M1I33M15D3M1D4M4D1M48D7M
H6UT97_taxID_92733_model_A	ref_I3D139_archaea	4	162	182	6	271	3.399E-01	2.329E-01	3.740E-01	3.005E-01	314	14M1D13M1I5M2D9I1M1D1I3M5D6I1M1I5M1D18M5D10I1M1I5M6I1M2I4M6D2I7M5D6I3M1D1M38D5M45D7M1D4M3D1M3D1M35D3I5M2D1M1D5M
H6UT97_taxID_92733_model_A	ref_8BBR_Vspinosum	1	182	182	170	306	3.407E-01	2.127E-01	4.267E-01	3.896E-01	227	2M6D4I9M1I3M1D7I3M46I4M3D20I5M12D1M1D13M6I6M2D29M20D6I17M
A0A183IH80_taxID_241478_model_A	ref_PmTYR	166	649	797	1	287	2.709E-01	7.225E-01	7.249E-01	5.717E-01	545	29M5I11M2D4M7D61M33D4M4D22M1D2M2D1M5D4M7D45M2I1M2I7M1I1M1I21M1I1M1I10M243I1M2I1M
A0A183IH80_taxID_241478_model_A	ref_1JS8_squid	167	403	797	1	262	2.592E-01	7.382E-01	8.127E-01	5.140E-01	277	30M2I13M1D1M1D1M8D41M1I1M1I1M2I10M2D1M1D3M10D44M2D1M2D34M1D11M5I1M2I10M12D7M1I1M1I11M
A0A183IH80_taxID_241478_model_A	ref_5CE9_Jregia	97	781	797	7	339	2.863E-01	6.293E-01	6.413E-01	4.827E-01	764	7M11D6M1I2M2I2M1I7M39I47M2D1M2D2M8D27M1D1M1D17M2I2M1I7M1D1M1D2M1D7M5D5M15D7M1D2M1D2M2D1M1D5M10D5M1D1M1D10M7D35M2I2M1I6M8I8M7D9M1I1M1I11M1I1M249I2M122I3M
A0A183IH80_taxID_241478_model_A	ref_1BT3_Ibatatas	91	780	797	15	336	2.807E-01	6.259E-01	6.526E-01	4.911E-01	766	4M8D8I6M2I2M2I2M1I7M39I1M1I45M2D1M1D3M9D26M1D1M1D17M2I2M1I7M1D1M1D2M1D1M1D5M4D6M15D2M1D7M1D2M2D1M1D5M10D6M2D11M7D33M4I1M2I5M8I8M7D9M1I1M1I11M1I1M249I2M122I2M
A0A183IH80_taxID_241478_model_A	ref_I3D139_archaea	173	397	797	1	305	2.535E-01	6.321E-01	8.423E-01	5.313E-01	316	24M2D14M2D3M7D41M1I3M2I15M42D2M1D2M4D1M2D22M1I5M1D7M1D8M1I28M3I2M1I7M1I16M29D9M1I5M
A0A183IH80_taxID_241478_model_A	ref_8BBR_Vspinosum	166	657	797	3	324	2.604E-01	6.036E-01	6.087E-01	4.821E-01	588	34M1D11M2I2M1I25M2D16M4I2M1I10M1D1M61D4M5D2M1D7M1D5M1D4M1D1M1D5M8D3M1D1M1D2M1D15M1I29M1D4M2I8M4I10M9D12M2I10M249I3M
A0A183IH80_taxID_241478_model_A	ref_2Y9W_Abisporus	167	402	797	1	351	2.662E-01	5.736E-01	8.266E-01	4.844E-01	357	10M2D35M1D1M14D29M1D1M18D24M2D3M2D1M13D1M1D3M21D1M7D1M1D1M1D2M2D2M2D2M1D13M1D2M1D4M1D1M5D4M2D11M10D34M3I2M2I9M7D14M5D9M1I10M
A0A183IH80_taxID_241478_model_A	ref_5M8L_human	95	379	797	1	361	2.705E-01	5.671E-01	7.059E-01	4.838E-01	409	8M1D2M2D2I2M2D2I2M6D2I5M1D6M1I2M2I1M2I1M27I35M23D14M2D3M12D27M1D1M1D13M1I1M1I1M1I3M1I1M1I9M8D1M35D4M7D22M1D2M2D1M5D5M15D43M4I9M1I13M
A0A183IH80_taxID_241478_model_A	ref_A0A9N8ELP9_oomycota	121	658	797	15	412	2.886E-01	5.346E-01	5.533E-01	5.119E-01	683	2M4D42I30M1D5M8D11M2D3M2D32M1D10M1I2M1I9M13D6M46D6M1D3M1D4M1D6M1D1M1D2M2D11M2D11M9D37M1D3M1D5M1D5M11D2M1D9M2D2M32D13M1D9M169I1M1I1M71I12M
E7CLR6_taxID_34541_model_A	ref_1JS8_squid	1	191	274	90	261	5.962E-01	6.227E-01	9.406E-01	6.463E-01	191	20M9I1M1I24M2I100M1I10M2I2M4I15M
E7CLR6_taxID_34541_model_A	ref_2Y9W_Abisporus	1	194	274	118	351	5.628E-01	4.464E-01	7.772E-01	5.255E-01	255	8M4D3M1D6M1D9M2D1M1D15M10D7M11D7M1D12M1D10M10D16M6D36M4I8M11D4M1D8M6I3M1I4M2I1M6I9M1D5M2I1M
E7CLR6_taxID_34541_model_A	ref_I3D139_archaea	1	273	274	87	305	5.104E-01	4.630E-01	6.266E-01	4.569E-01	327	7M1D3M2D3M1D1M2D4M5D3M5D6I6M1D1I7M1D1M9D7M1D2M1D1M1D4M1D26M1D11M1I1M2I5M1I27M3I12M3D1M1D10M16D1M2D11M2I1M6I1M1I8M85I1M
E7CLR6_taxID_34541_model_A	ref_PmTYR	1	274	274	87	287	4.861E-01	4.658E-01	6.475E-01	4.983E-01	322	7M2D2M1D3M1D9M13D9I6M2D4M4D12M3D3M1I1M1I16M10D8M6D10M2I1M2I33M3I2M1I8M3D2M1D8M13I1M2I1M5I9M1D6M1D82I1M
E7CLR6_taxID_34541_model_A	ref_8BBR_Vspinosum	1	192	274	85	319	5.067E-01	4.343E-01	7.033E-01	4.848E-01	265	9M1I6M1I1M1I1M11I6M3D2M5D2M42D4M1D5M5D10M1D17M13D6M1D9M2I1M2I4M1I38M1D13M5I4M1D10M4I7M2I7M
E7CLR6_taxID_34541_model_A	ref_A0A9N8ELP9_oomycota	1	191	274	118	396	5.285E-01	3.663E-01	7.270E-01	4.670E-01	293	13M2D6M11D10I11M26D2M8D1M1D5M1D21M2D13M4D12M5D42M1D8M19D2M1D5M2I2M2I8M11D1M3D1M6D17M1D7M
E7CLR6_taxID_34541_model_A	ref_1BT3_Ibatatas	14	274	274	1	327	4.362E-01	3.687E-01	4.548E-01	3.512E-01	418	4M1D31I6M16D2I6M1D1I1M30D4I7M7D13M1D5M3D6M5I29M1D1I3M15D2M4D5M2D1M4D3M1D5M13D1M2D9M4D41I6M1D2M10D1I12M1D1I7M4D4I5M4D1M1D26M27D4M4D1M
E7CLR6_taxID_34541_model_A	ref_5CE9_Jregia	14	274	274	1	329	4.378E-01	3.676E-01	4.566E-01	3.493E-01	419	1M1I3M30I7M17D1I6M30D6I7M7D13M2D4M3D4M1I2M5I29M1D1I3M15D2M4D6M1D1M4D2M1D1M1D5M11D2M1D3M1D3M7D42I6M1D2M10D1I12M1D1I8M1D1I3M2D3M3D24M2D4M28D4M4D1M
E7CLR6_taxID_34541_model_A	ref_5M8L_human	47	270	274	1	342	4.345E-01	3.447E-01	5.110E-01	3.537E-01	399	7M2D3M1D2M2D2I1M8D2I2M39D4I6M30D18M5D7M4I34M12D1M1D1I8M45D2M7D1M1D12M2D40I6M1D1M3D13M7D5M3D1M2D4M2D4I4M2D29M
A0AAV2DUU7_taxID_586398_model_A	ref_5CE9_Jregia	101	444	607	1	339	5.451E-01	9.685E-01	9.714E-01	7.835E-01	347	18M1D1M1D9M1I1M1I23M2I119M1I18M1I33M2I13M1D101M
A0AAV2DUU7_taxID_586398_model_A	ref_1BT3_Ibatatas	101	443	607	1	336	5.376E-01	9.641E-01	9.669E-01	7.780E-01	348	12M1D2M1D6M2D8M2I11M1I12M1I1M1I120M1I9M1I40M2I12M1D50M3I48M
A0AAV2DUU7_taxID_586398_model_A	ref_1JS8_squid	145	438	607	1	262	3.678E-01	8.134E-01	8.163E-01	5.402E-01	316	10M2I19M2I14M2I7M1I5M1D28M1I1M1I12M1I12M1D5M9D4M1I2M4I4M16I1M1I11M2I8M16I17M1I1M1I1M1I33M2D1M1D3M1D3M2D11M4D4M1I4M1D19M
A0AAV2DUU7_taxID_586398_model_A	ref_8BBR_Vspinosum	144	445	607	3	324	3.932E-01	7.167E-01	7.684E-01	5.779E-01	371	11M1I38M15I39M1I1M1I10M2I6M60D5M1I3M1I7M12I14M2I14M3I13M1D9M7I6M1I26M2D1M1D6M3D10M1D9M1D22M2I3M
A0AAV2DUU7_taxID_586398_model_A	ref_PmTYR	144	439	607	1	287	3.583E-01	7.228E-01	7.252E-01	5.058E-01	345	11M2I19M4I1M1I12M1I1M1I3M2I7M1D24M1I1M1I14M1D2M2D1M2D3M1D1M2D4M11D5M3D1M11D5M2I1M10I7M6I2M1I11M2I6M2I3M8I4M4D6M6D10M7I43M5D8M7I22M
A0AAV2DUU7_taxID_586398_model_A	ref_2Y9W_Abisporus	145	437	607	1	351	3.945E-01	6.609E-01	7.848E-01	5.416E-01	380	47M2I4M6D2I1M1D1I6M1D28M17D15M4D9M1D3M14D5M19D4M6D11M10I1M4I15M1I11M7I6M1D17M2D1M1D37M1I7M14D14M1I22M
A0AAV2DUU7_taxID_586398_model_A	ref_I3D139_archaea	151	433	607	1	305	3.521E-01	6.743E-01	7.254E-01	4.908E-01	357	4M2I20M2D17M1I1M1I3M2I8M1D25M1I1M1I11M1D1M1D7M3D4M4D6M30D17M15I1M1I11M2I8M16I5M1D11M6I6M1I34M1D1M5D10M23D2I4M2D14M1I1M
A0AAV2DUU7_taxID_586398_model_A	ref_5M8L_human	103	409	607	8	361	3.582E-01	5.783E-01	6.719E-01	4.322E-01	416	7M19I1M1I6M4D1M7D2M1D1M5D14M2I20M23D22M6D5I1M1D51M1D1M2D4M9D1M1D5M1D1M23D8M10I8M4I2M1I11M2I6M2I3M8I4M4D6M14D11M7I31M1I6M1D4M6D7M
A0AAV2DUU7_taxID_586398_model_A	ref_A0A9N8ELP9_oomycota	101	444	607	8	412	3.828E-01	5.462E-01	6.449E-01	4.829E-01	484	2M3D33I7M1D12M2I22M9D15M1I1M1I2M6I32M1I18M1D5M12D7M43D9M1I6M17I12M1I9M15I5M3D1M1D11M1D1M1D37M1D2M2D2M3D6M20D6M4D3M2D3M9D1I2M13D9M3D11M2D1M6D6M
A0ABR1QSH5_taxID_335848_model_A	ref_PmTYR	65	386	386	1	284	6.193E-01	8.200E-01	8.309E-01	5.911E-01	346	1M2I34M2I9M9D1M1D24M1I16M1D1M1D9M1I2M1I9M19I12M2D5M14I15M1D17M3I6M9D10M4I15M1I33M1I10M7I13M4I12M2I6M
A0ABR1QSH5_taxID_335848_model_A	ref_1JS8_squid	68	386	386	1	261	5.494E-01	7.882E-01	7.938E-01	5.267E-01	345	42M3D1M9D27M1I14M1I4M2I1M1I1M1I1M4I4M29I12M1I1M15I1M1I9M1I7M1I8M1I1M2I2M1I11M9I1M1I9M2D1M1D34M3D10M10I3M1I4M1D2M3D4M3D2M1D11M1I7M
A0ABR1QSH5_taxID_335848_model_A	ref_A0A9N8ELP9_oomycota	49	386	386	1	396	6.845E-01	6.442E-01	7.762E-01	5.580E-01	434	7M3D43M11D2M1D12M4D1M1D40M2I1M2I2M1I5M2I11M18I22M12D5I5M3D2M8D7M1D23M2I14M6I14M8D34M2D1M1D3M1D1M1D3M2D6M5D7M1D7M1D1M1D4M2D1M26D10M1D11M
A0ABR1QSH5_taxID_335848_model_A	ref_I3D139_archaea	74	382	386	1	305	5.700E-01	7.109E-01	7.130E-01	5.380E-01	370	24M1D4M3D1I5M1D5M10D1M1D24M1I20M1I4M1I3M1I6M25I9M9D8M4D10I2M1D1I10M1D2M1D1M1D8M1D9M3I2M1I11M9I8M1D4M1I5M1I38M7I13M23D1M1D2M2D13M2I2M
A0ABR1QSH5_taxID_335848_model_A	ref_8BBR_Vspinosum	41	386	386	1	317	5.807E-01	6.825E-01	6.984E-01	5.100E-01	408	1M23I1M1I12M1D19M1D4M2D1I10M1I28M1D13M2I2M1I4M1I3M1I3M29I2M3I6M1D1M2D1M2D4M2D2M1D1M18D2I3M1D5M3D5M1D5M5D4M1D14M1I1M2I2M1I6M13D5M9I11M1I6M1I27M2D10M9I13M4D2M1D11M1I1M1I7M
A0ABR1QSH5_taxID_335848_model_A	ref_2Y9W_Abisporus	68	386	386	1	350	5.911E-01	6.447E-01	7.043E-01	5.108E-01	401	10M1D3M1D17M1D4M1D8M17D31M17D2M1D22M4I6M14D28I14M8I15M11D9M1D12M2I2M1I14M4D4I13M9D35M1I2M1I11M2D17M1D1M1D14M2I6M
A0ABR1QSH5_taxID_335848_model_A	ref_5M8L_human	59	360	386	34	361	5.872E-01	6.247E-01	7.363E-01	5.182E-01	369	5M4D34M2D5M15D1M7D4M1D5M16D29M1D11M1I5M1I1M1I3M1I1M1I10M19I19M2D2I1M1D4I8M1D12M4D17M3I6M9D10M4D20M1I32M1I11M2I1M3I5M1I5M
A0ABR1QSH5_taxID_335848_model_A	ref_1BT3_Ibatatas	58	386	386	38	329	5.444E-01	6.195E-01	7.073E-01	5.242E-01	385	7M2I31M1D4M1D8M1D3M13D29M1D16M2I1M1I1M1I1M4I4M30I7M25I7M3D7M12D1M2D11M1I10M13D5M9I12M6D33M2I2M1I3M13I12M3D15M2I6M
A0ABR1QSH5_taxID_335848_model_A	ref_5CE9_Jregia	58	386	386	36	331	5.442E-01	6.123E-01	6.942E-01	4.985E-01	379	8M1I31M1D4M1D6M1D5M13D29M1D17M1I19M10D9I6M1I1M45I3M1D1I16M1I10M13D5M9I12M6D41M13I12M3D15M2I6M
A0A183CK25_taxID_36090_model_A	ref_PmTYR	124	419	476	1	214	3.314E-01	5.350E-01	7.057E-01	4.260E-01	339	2M1I3M84I6M22I30M1D4M7D60M1D3M2D10M1D1M1D5M4D12M2D1M1D19M1I7M10D4I6M13D13I2M
A0A183CK25_taxID_36090_model_A	ref_5M8L_human	5	418	476	1	310	3.366E-01	4.342E-01	5.004E-01	3.644E-01	540	1M5D93I2M3I7M2D2M14D8I4M7D6M83I7M2I1M19I5M1I10M1D1M26D2M1D10M1D2M1D1M11D31M2D9M2I3M1I3M1I1M1I11M2D7M1D9M1D1M15D12M5D1M1D19M1I7M17D2I8M13D13I1M
A0A183CK25_taxID_36090_model_A	ref_1JS8_squid	126	418	476	1	179	2.804E-01	4.849E-01	6.808E-01	3.621E-01	320	4M84I6M22I19M3D10M2D1M1D1M6D43M2I2M2I1M2I3M1I1M2I4M7I5M1D46M2D7I3M2D2I1M10D10I2M
A0A183CK25_taxID_36090_model_A	ref_I3D139_archaea	215	403	476	1	197	2.906E-01	4.404E-01	6.887E-01	4.090E-01	233	5M3I1M19I1M1I15M7D12M1D3M7D41M1I3M1I3M1I12M3I10M10D6M11D7M2D3M2D2M1D4M1D22M5I1M2D2I2M
A0A183CK25_taxID_36090_model_A	ref_A0A9N8ELP9_oomycota	80	459	476	1	321	3.339E-01	3.794E-01	4.757E-01	3.519E-01	513	4M1I4M1I1M11I2M11I2M1I13M83I6M22I18M1D1M13D11M1D3M2D32M1D10M2I1M5I14M2D1M2D14M28D2M8D6M1D1M1D5M1D25M1D6I7M5D7I1M4D4I3M62D38I1M
A0A183CK25_taxID_36090_model_A	ref_2Y9W_Abisporus	125	420	476	1	261	3.034E-01	3.986E-01	5.146E-01	3.289E-01	384	1M1I4M1I2M11I1M69I5M23I18M5D11M1D1M13D32M18D1M1D17M2I5M1I6M13D6I10M2D2M7D1M1D7M11D5M2D2M1D11M1D15M1I3M4D1I2M2D2M1D2M4D4I3M1D3I4M
A0A183CK25_taxID_36090_model_A	ref_1BT3_Ibatatas	101	418	476	1	255	2.908E-01	3.963E-01	5.031E-01	3.172E-01	406	8M23D1M2D3M3I1M2I1M1I2M1I6M83I8M2I2M18I1M1I16M5D11M2D4M9D27M1D1M1D12M2I2M1I2M2I1M1I3M2I4M7I6M1I1M7I5M1D1M3D6M16D2M2D10M1I9M6D4M5D5I3M1D2M11D11I2M
A0A183CK25_taxID_36090_model_A	ref_8BBR_Vspinosum	123	418	476	1	238	2.800E-01	3.984E-01	5.277E-01	3.301E-01	382	8M84I5M21I19M1D1M3D1M1D10M3I1M1I26M1D1M1D14M4I2M1I10M7I2M3I8M2D1M44D3M1D5M5D3M1D3M2D22M6D3M5D6I3M13D14I1M
A0A183CK25_taxID_36090_model_A	ref_5CE9_Jregia	91	419	476	1	254	2.899E-01	3.885E-01	4.956E-01	3.054E-01	411	1M9I7M18D1M1D2M1D3M2I1M2I11M83I6M2I1M1I2M2I1M15I1M1I16M5D11M2D4M9D27M1D11M2I8M3I3M2I4M7I6M1I1M7I5M1D1M5D2M2D2M14D2M1D12M1I9M5D4M5D5I4M1D1I1M11D11I2M
A0A388KRG2_taxID_69332_model_A	ref_5CE9_Jregia	167	471	633	1	339	4.613E-01	8.483E-01	9.428E-01	7.315E-01	343	14M7D19M1D12M1I2M1I37M1I5M5D72M1D7M14D12M1D1M1D10M6D24M2D72M1I14M
A0A388KRG2_taxID_69332_model_A	ref_1BT3_Ibatatas	167	470	633	1	336	4.550E-01	8.451E-01	9.344E-01	7.425E-01	344	14M10D9M1I21M1I2M1I37M1I5M5D72M1D7M14D12M1D2M1D9M6D24M2D34M3I35M1I13M
A0A388KRG2_taxID_69332_model_A	ref_1JS8_squid	203	465	633	1	262	3.481E-01	8.018E-01	8.046E-01	5.545E-01	289	10M2I19M2I14M2I1M1I5M5D29M1I2M1I12M1I12M1D5M9D5M2I1M2I7M1I17M8I6M1I13M1I32M3D5M1D3M1D9M1D2M4D4M1I4M1D10M1I9M
A0A388KRG2_taxID_69332_model_A	ref_8BBR_Vspinosum	202	472	633	3	324	3.727E-01	7.112E-01	8.463E-01	6.232E-01	347	14M1I35M11I40M2I10M2I6M60D5M1D6M2D27M5D20M5I6M1I26M2D1M1D6M3D10M1D11M1D8M1I12M2I3M
A0A388KRG2_taxID_69332_model_A	ref_PmTYR	202	466	633	1	287	3.434E-01	7.217E-01	7.788E-01	5.372E-01	315	11M1I3M1I16M4I1M1I12M1I6M1D1M1D27M2I15M1D2M2D1M2D3M1D1M2D4M11D5M3D1M11D6M2I17M1I6M2I10M5D5M5D11M5I43M5D8M7I13M1I9M
A0A388KRG2_taxID_69332_model_A	ref_2Y9W_Abisporus	203	464	633	1	351	3.713E-01	6.492E-01	8.560E-01	5.724E-01	358	49M11D4I34M17D15M4D8M1D3M14D6M19D4M7D10M1D2M1D15M1D10M1D20M5D37M1I6M14D14M1I14M1I8M
A0A388KRG2_taxID_69332_model_A	ref_I3D139_archaea	209	458	633	1	305	3.330E-01	6.618E-01	7.983E-01	5.076E-01	326	4M2I20M2D17M2I4M3D30M1I2M1I11M1D1M1D6M1D1M2D4M5D5M11D1M18D19M1D17M8I17M4I6M1I34M1D1M5D7M1D3M22D2I4M2D15M
A0A388KRG2_taxID_69332_model_A	ref_5M8L_human	169	435	633	7	361	3.433E-01	5.745E-01	7.535E-01	4.623E-01	376	8M11I7M4D1M6D3M1D2M6D12M1I20M4D1M18D21M6D49M1D6M2D3M10D7M1D1M23D10M2D14M1I7M2I9M5D4M1D1M12D12M5I33M1I8M7D7M
A0A388KRG2_taxID_69332_model_A	ref_A0A9N8ELP9_oomycota	166	473	633	8	412	3.669E-01	5.443E-01	7.073E-01	5.083E-01	447	3M3D25I6M1D1I12M2I22M9D14M1I1M1I3M1I2M1I30M1I18M1D4M12D8M43D6M1I25M1I4M5I6M3D13M1D1M3D35M1D2M2D2M2D6M21D6M4D3M2D3M7D1I1M2D1M13D9M2D13M1D2M5D1M1D1I4M
A0A9N9YBG4_taxID_160290_model_A	ref_PmTYR	67	393	393	1	284	6.166E-01	8.331E-01	8.443E-01	6.188E-01	352	29M13I14M10D26M1I12M1D3M1D1M1D9M1I1M1I10M18I11M1D7M1I1M13I2M1I13M1D16M3I5M10D10M1I1M1I49M1I7M3I1M3I13M4I12M3I6M
A0A9N9YBG4_taxID_160290_model_A	ref_1JS8_squid	68	393	393	1	261	5.518E-01	8.085E-01	8.143E-01	5.506E-01	352	31M10I11M3D2M8D27M1I18M2I1M1I2M5I4M28I5M1D6M20I16M1I3M1I7M1I1M2I13M7I1M1I9M2D1M2D33M3D9M9I11M3D5M2D1M2D10M1I1M1I7M
A0A9N9YBG4_taxID_160290_model_A	ref_I3D139_archaea	74	389	393	1	305	5.867E-01	7.456E-01	7.480E-01	5.746E-01	369	28M5I1M1I14M10D26M1I12M1D6M1I6M1I2M1I6M24I8M10D5M1D7M3I4M7I8M1D2M1D1M1D8M1D9M3I13M7I8M1D8M1I38M3I1M3I10M1D2M22D4M3D13M3I2M
A0A9N9YBG4_taxID_160290_model_A	ref_A0A9N8ELP9_oomycota	48	393	393	1	396	6.583E-01	6.299E-01	7.428E-01	5.686E-01	448	2M1I2M8D5I42M10D9I14M5D42M1I1M2I2M1I5M2I1M1I9M16I19M18D8I5M1D5M5D7M1D23M1I14M4I13M9D34M1D1M2D2M2D2M1D2M2D6M5D7M1D8M2D4M2D2M26D9M1D5M1I6M
A0A9N9YBG4_taxID_160290_model_A	ref_5M8L_human	60	366	393	42	361	6.052E-01	6.550E-01	7.635E-01	5.426E-01	359	4M3I31M2D6M13D19M15D30M1D16M1I1M1I3M1I1M1I10M18I21M6I5M1D4M1D12M4D17M2I6M9D10M6D61M2I1M3I5M1I5M
A0A9N9YBG4_taxID_160290_model_A	ref_8BBR_Vspinosum	45	393	393	1	317	5.697E-01	6.816E-01	6.975E-01	5.138E-01	412	1M19I1M1I12M1D22M8I14M2I29M1D14M2I4M1I3M1I3M27I2M4I6M4D2M2D1M28D11I7M3D5M1D5M5D3M1D15M1I1M2I10M7D1I6M1D1I18M1I28M3D9M1D10I13M4D4M1D8M2I2M1I6M
A0A9N9YBG4_taxID_160290_model_A	ref_2Y9W_Abisporus	68	393	393	1	350	5.924E-01	6.574E-01	7.054E-01	5.202E-01	407	10M1D3M1D20M8I11M2D1M14D31M17D2M1D11M4D7M1D8M11D32I9M1D7M4I4M7I8M8D1M2D1M1D7M1D12M2I19M2D12M10D36M1I11M2D19M1D1M1D11M2I1M1I6M
A0A9N9YBG4_taxID_160290_model_A	ref_1BT3_Ibatatas	60	393	393	40	329	5.399E-01	6.259E-01	7.206E-01	5.507E-01	390	5M2I34M8I15M13D29M1D15M2I4M5I4M29I5M1I1M27I6M1D1M3D7M14D10M1I11M14D5M7I12M7D32M2I1M1I4M12I12M2D1M1D14M3I6M
A0A9N9YBG4_taxID_160290_model_A	ref_5CE9_Jregia	59	393	393	38	331	5.429E-01	6.230E-01	7.115E-01	5.244E-01	386	6M2I34M8I14M13D30M1D9M1D1M1D5M2I19M10D9I7M47I3M1D1I14M1I11M14D5M7I12M7D40M12I12M2D1M1D14M3I6M
A0A3R6VMN7_taxID_157072_model_A	ref_1JS8_squid	29	263	369	1	262	4.290E-01	5.848E-01	6.468E-01	4.817E-01	315	29M3D10M2D1M9D4M1I24M1I1M1I2M1I11M1I4M12I16M8D1M56D2M2D12M1I5M1I13M1I3M3I2M8I9M11I4M1I1M1I17M1I2M7I1M1I8M
A0A3R6VMN7_taxID_157072_model_A	ref_PmTYR	28	264	369	1	287	4.237E-01	5.342E-01	6.379E-01	5.092E-01	347	41M2D3M6D5M1D22M3I17M1I3M8I7M1D2M1D1M12D5M3D1M12D1M64D1M6D2M2D12M1I4M4I9M4I1M1I7M4I11M10I1M1I1M14I8M1I3M8I9M
A0A3R6VMN7_taxID_157072_model_A	ref_I3D139_archaea	35	257	369	1	305	4.166E-01	4.952E-01	6.567E-01	4.704E-01	348	22M7D12M1D3M7D5M1D21M1I1M2I19M1I1M10I7M1D1M6D5M11D1M19D1M53D2M5D1M2D12M1I3M6I7M1I2M2I1M1I9M2I11M7D2M1D3M4D5M5I6M1I3M1I9M1I3M8I2M
A0A3R6VMN7_taxID_157072_model_A	ref_8BBR_Vspinosum	27	274	369	2	323	4.224E-01	4.751E-01	6.051E-01	4.682E-01	387	13M1D17M1D1M4D11M2I2M1I27M1I15M2I1M14I12M1D1M59D1M66D1M5D2M2D12M1I17M1I5M2I3M9I8M11I2M5I17M1I2M7I1M1I7M2I1M3I2M2I2M
A0A3R6VMN7_taxID_157072_model_A	ref_1BT3_Ibatatas	25	274	369	42	336	4.231E-01	4.609E-01	6.032E-01	4.790E-01	365	32M1D1M4D11M3D3M9D29M1I18M14I14M90D1M6D2M2D12M1I4M3I4M1I1M2I2M1I3M4I1M1I1M9I6M1I1M11I2M5I6M1I10M1I3M8I10M4I1M2I2M
A0A3R6VMN7_taxID_157072_model_A	ref_A0A9N8ELP9_oomycota	26	274	369	20	411	4.607E-01	4.172E-01	6.531E-01	4.815E-01	435	31M1D1M13D11M2D3M1D7M1D24M2I10M1I4M2I1M8I8M11D9M43D1M64D1M6D1M2D12M1I5M2I24M9D5M1D10M8I4M6I7M23D14M5I9M1D2M8D8I2M
A0A3R6VMN7_taxID_157072_model_A	ref_5CE9_Jregia	21	277	369	39	339	3.898E-01	4.187E-01	5.304E-01	3.858E-01	374	1M1D1I5M1I6M1I21M3D1M1D1M1D10M2D2M1D1M8D8M1D22M1I10M2D7M14I6M1I5M1I4M11D9I1M14D3I1M2D2I3M1D1I6M2D2I2M1I2M1I14M1D2M64D4M1D4M10I3M1I1M1D1I5M1I2M3I2M1I3M1I3M2I1M4I4M1I8M7I2M2I1M
A0A3R6VMN7_taxID_157072_model_A	ref_5M8L_human	16	329	369	27	317	3.529E-01	3.590E-01	4.222E-01	2.909E-01	416	8M2D2M5D13M3D2M1D12M1D1M25D3M1D14M9D9M1I17M2D26M5D1I9M2I15M19D2M14D7I6M1I3M1I4M1I1M2I2M7I7M6D47I1M2D30I1M1D2I1M1D1I4M1I2M3I2M2I12M1I1M6I4M5D9I5M
A0A9P9XJ46_taxID_1671311_model_A	ref_PmTYR	1	264	264	38	275	7.263E-01	6.717E-01	8.033E-01	6.218E-01	288	6M10D26M1I30M1I9M21I11M1D7M1I1M1I2M1I12M1D22M10D10M3I14M3I34M1I2M1I8M13I13M3I3M2D4M
A0A9P9XJ46_taxID_1671311_model_A	ref_I3D139_archaea	1	264	264	38	298	6.866E-01	6.003E-01	6.964E-01	5.997E-01	320	6M10D26M1I14M1I2M1I5M1I6M1I6M27I8M1D1M9D5M1D5M4D2I9M1D2M1D1M1D8M1D22M8I12M2I5M1I31M1I8M13I12M7D1M17D3M2D5M1D2M
A0A9P9XJ46_taxID_1671311_model_A	ref_1JS8_squid	1	264	264	40	251	6.330E-01	6.375E-01	7.794E-01	5.679E-01	290	3M3D2M8D27M1I15M4I3M1I1M1I1M1I1M3I4M31I12M7I17M1I1M1I22M9I13M1D34M3D9M18I10M2D1M1D3M4D3M4D4M
A0A9P9XJ46_taxID_1671311_model_A	ref_A0A9N8ELP9_oomycota	1	264	264	73	386	7.407E-01	4.921E-01	7.432E-01	5.919E-01	350	6M5D42M4I1M2I2M1I5M1I10M1I1M4I1M15I14M28D7M2D2I7M1D21M2D14M4I1M1I14M6D37M2D2M2D5M2D11M1I7M1D12M1D1M29D3M3D2M1D1M1D1M
A0A9P9XJ46_taxID_1671311_model_A	ref_5M8L_human	1	253	264	111	361	6.842E-01	5.112E-01	7.195E-01	5.849E-01	300	6M15D30M1D10M1I4M2I2M1I1M1I5M1I9M21I21M1D1M6D2M1D12M4D22M10D7M1D2M6D3M2I12M1I1M2I34M1I2M1I5M2D3M13I5M2I5M
A0A9P9XJ46_taxID_1671311_model_A	ref_2Y9W_Abisporus	1	264	264	44	339	6.660E-01	5.143E-01	6.683E-01	5.237E-01	347	3M2D1M14D31M17D2M1D17M1I2M1I4M3I5M14D30I17M2D10M11D5M1D14M1D13M1D3M1D1I1M3D3I13M7D36M1I2M1I10M5D10I16M2D7M1D1M
A0A9P9XJ46_taxID_1671311_model_A	ref_8BBR_Vspinosum	1	264	264	46	308	6.265E-01	5.190E-01	6.309E-01	5.518E-01	335	6M2I29M1D12M4I2M1I7M1I3M30I2M4I6M4D1M3D1M29D6M3D1I5M1D5M5D3M1D24M13D5M8I11M3I5M1I29M1D8M17I14M6D1M1D1M1D2M2D4M
A0A9P9XJ46_taxID_1671311_model_A	ref_5CE9_Jregia	1	264	264	86	320	5.931E-01	4.699E-01	6.630E-01	5.444E-01	321	7M13D29M1D13M3I3M1I1M1I1M1I1M3I4M32I5M1I1M15I5M1D2M3D7M14D11M2D8M14D5M8I13M1D1M3D37M1I4M19I6M1I6M4D6M1D2M
A0A9P9XJ46_taxID_1671311_model_A	ref_1BT3_Ibatatas	1	264	264	87	318	5.860E-01	4.684E-01	6.627E-01	5.403E-01	320	7M13D29M1D13M3I3M1I1M1I1M1I1M3I3M32I6M1I1M15I5M1D2M3D7M14D11M2D7M1D1M13D5M8I13M4D34M3I1M1I4M19I11M3D8M1D2M
K1RLR4_taxID_29159_model_A	ref_PmTYR	1	408	682	40	287	2.986E-01	6.849E-01	7.884E-01	5.844E-01	441	4M10D62M5D10M2D4M6D12M1D1M1D12M3I8M1D3M1D11M6D44M3I3M1I6M4I1M2I14M1I7M1I1M1I11M177I1M
K1RLR4_taxID_29159_model_A	ref_1JS8_squid	1	230	682	45	262	2.649E-01	6.574E-01	7.837E-01	5.198E-01	256	1M1D1M7D42M2I2M2I1M2I3M3I5M5I5M1D5M1D2M1D9M1I14M3I10M8I14M2D1M2D46M10I11M9D1M2D7M1I1M1I11M
K1RLR4_taxID_29159_model_A	ref_I3D139_archaea	1	225	682	40	305	2.728E-01	5.851E-01	7.785E-01	5.285E-01	292	4M10D40M1I4M1I2M1I14M1I8M10D5M13D9M1D1M1D2M2D3M1D9M3I10M7I12M1D9M1I27M3I10M6I15M28D10M1I2M1I3M
K1RLR4_taxID_29159_model_A	ref_8BBR_Vspinosum	1	232	682	45	321	2.699E-01	5.414E-01	7.375E-01	4.849E-01	306	4M1D26M2D16M4I1M2I1M1I2M3I4M4I11M5D1M43D1M1D2M1D5M5D7M2D10M3I13M6D25M1I40M8I1M1I10M8D13M2I10M
K1RLR4_taxID_29159_model_A	ref_2Y9W_Abisporus	1	229	682	49	351	2.828E-01	5.245E-01	7.753E-01	4.901E-01	319	1M13D31M19D19M2I5M1I6M13D4I10M2D1M8D1M2D6M8D1M1D2M1D3M2D2M1D11M2I10M1D3M1D19M10D34M4I2M1I7M1I3M4D16M4D10M1I10M
K1RLR4_taxID_29159_model_A	ref_5CE9_Jregia	1	249	682	14	339	2.584E-01	4.926E-01	6.516E-01	4.590E-01	378	1M74D3M13D26M1D3M1D12M1I2M2I1M2I1M1I3M2I4M5I6M1I1M6I7M10D4M7D1M2D12M1I12M7D4M1I6M1D10M7D31M2I11M13I9M6D4M1I6M1I14M13I3M
K1RLR4_taxID_29159_model_A	ref_5M8L_human	1	205	682	113	361	2.609E-01	4.806E-01	8.229E-01	5.312E-01	266	4M15D28M1D1M1D11M1I1M1I1M2I2M1I12M4D4M1D10M18D12M2D1M2D1M1D12M3I8M1D9M1D5M14D44M4I9M4I1M1I12M
K1RLR4_taxID_29159_model_A	ref_1BT3_Ibatatas	1	250	682	15	335	2.546E-01	4.918E-01	6.459E-01	4.647E-01	379	1M74D3M13D28M1D1M1D12M1I2M2I1M2I1M1I3M2I4M5I6M1I1M6I7M10D4M7D2M2D11M1I12M7D4M1I5M1D11M7D32M4I1M1I6M13I9M6D8M1I2M1I13M16I2M
K1RLR4_taxID_29159_model_A	ref_A0A9N8ELP9_oomycota	1	618	682	75	392	2.824E-01	4.382E-01	5.444E-01	3.532E-01	701	4M5D31M1D13M1I10M4D4I8M2D8M1D1M24D2M9D28M1D2M2D6M1I15M1D4M5D12M1I1M1I2M1I23M3D1M2D5M3D3M5D8M1D9M2D5M2D9I1M2I2M248I4M66I1M1I1M4I5M16I1M12I6M1I5M8D15I5M2D3M
A0A915PFJ4_taxID_298350_model_A	ref_PmTYR	104	367	440	1	287	5.192E-01	7.808E-01	8.477E-01	6.549E-01	306	45M8D60M1D3M2D10M2D6M4D12M1I4M19D6I17M6D16M2I29M2I1M3I7M2I15M1I7M1I1M1I12M
A0A915PFJ4_taxID_298350_model_A	ref_1JS8_squid	105	366	440	1	262	4.583E-01	7.453E-01	7.480E-01	5.667E-01	303	29M3D10M2D3M7D44M1I1M4I2M1I1M1I1M2I4M7I5M1D21M1D1I2M12D13I20M2D1M1D6M1I29M1D12M8I11M11D7M1I1M1I11M
A0A915PFJ4_taxID_298350_model_A	ref_I3D139_archaea	111	361	440	1	305	4.633E-01	6.556E-01	7.894E-01	5.968E-01	334	22M7D16M8D44M2I1M1I13M3I10M10D6M11D7M1D2M1D1M1D2M1D3M1D1M12D12I11M1D7M1D7M1I1M2I28M3I2M1I8M2I16M28D9M1I3M1I2M
A0A915PFJ4_taxID_298350_model_A	ref_5M8L_human	60	341	440	6	361	5.042E-01	6.076E-01	7.664E-01	5.647E-01	392	3M1D2M2D2M2D2M7D2M1D8M2I1M6I7M9I29M28D15M13D27M1D1M1D13M1I1M1I1M1I3M1I1M1I11M2D5M1D11M1D1M15D11M1D1M1D5M19D6I17M14D16M2I28M3I2M1I8M2I12M
A0A915PFJ4_taxID_298350_model_A	ref_A0A9N8ELP9_oomycota	75	386	440	15	411	5.148E-01	5.478E-01	7.134E-01	6.143E-01	458	2M1D15I2M1D9I30M1D1M13D15M3D31M1D10M2I1M5I14M2D1M2D14M28D2M8D9M2D7M14D12I10M4D11M9D6M2I31M2D8M1D5M10D3M1D9M2D3M31D13M1D11M9D16I2M
A0A915PFJ4_taxID_298350_model_A	ref_1BT3_Ibatatas	55	386	440	24	335	4.689E-01	5.999E-01	6.434E-01	5.162E-01	407	8M1I1M2I4M1I5M15I3M9I30M5D15M11D26M1D1M1D17M2I1M2I1M1I2M3I4M7I6M1I1M7I7M3D1M1D8M26D10I6M14D4M1D12M6D6M1I28M4I1M2I5M9I9M6D9M1I1M1I13M16I2M
A0A915PFJ4_taxID_298350_model_A	ref_5CE9_Jregia	55	386	440	22	337	4.707E-01	5.976E-01	6.388E-01	5.151E-01	409	8M1I1M1I3M1I1M1I5M15I3M8I31M5D15M11D26M1D1M1D17M2I1M2I1M1I2M3I4M8I5M1I1M7I8M5D2M1D6M26D11I5M14D4M1D12M6D6M1I30M1I2M2I5M9I9M6D9M1I1M1I13M16I2M
A0A915PFJ4_taxID_298350_model_A	ref_2Y9W_Abisporus	105	365	440	1	351	4.651E-01	5.719E-01	7.495E-01	5.125E-01	377	10M1D3M1D16M5D13M14D28M1D1M18D19M2I6M1I6M13D6I13M10D7M10D2M2D1M2D3M1D1I2M18D5I5M1I1M1D2I3M1I15M9D7M1I28M3I2M2I10M5D6M1D8M4D10M1I10M
A0A915PFJ4_taxID_298350_model_A	ref_8BBR_Vspinosum	104	368	440	3	321	4.447E-01	5.900E-01	7.094E-01	5.272E-01	362	10M1D19M1D1M3D1M1D12M4I24M2D16M4I2M1I10M6I3M4I7M2D1M44D3M1D5M5D9M13D11I6M13D5M1D15M3I29M1D4M2I6M1D6I11M8D13M2I10M
A0A2Z6P106_taxID_3900_model_A	ref_5CE9_Jregia	36	379	541	1	339	6.126E-01	9.726E-01	9.755E-01	8.353E-01	347	13M1I2M1I5M2I1M2I19M1D58M2I89M1D2M1D147M
A0A2Z6P106_taxID_3900_model_A	ref_1BT3_Ibatatas	36	378	541	1	336	6.072E-01	9.717E-01	9.746E-01	8.269E-01	345	22M2I1M2I77M2I91M2D95M3I48M
A0A2Z6P106_taxID_3900_model_A	ref_1JS8_squid	85	373	541	1	262	4.113E-01	8.155E-01	8.184E-01	5.541E-01	311	29M2I14M2I7M3I5M1D28M1I1M1I12M1I12M1D5M9D7M4I3M13I1M1I11M2I8M14I6M1I11M1I2M2I33M2D1M1D3M1D3M2D11M4D4M1I4M1D19M
A0A2Z6P106_taxID_3900_model_A	ref_8BBR_Vspinosum	83	379	541	2	324	4.420E-01	7.216E-01	7.860E-01	5.992E-01	366	12M1D37M17I39M1I1M1I10M2I6M60D4M1I11M8I3M1I11M2I14M1I23M7I6M1I26M2D1M1D6M3D10M1D11M1D20M1I3M
A0A2Z6P106_taxID_3900_model_A	ref_PmTYR	84	374	541	1	287	4.002E-01	7.261E-01	7.284E-01	5.249E-01	340	30M5I13M1I1M1I3M1I1M2I1M2D2I30M1I1M1I15M2D1M2D1M1D2M3D4M11D5M3D1M11D5M2I1M9I7M2I1M1I1M1I11M2I6M2I4M6I3M4D6M5D11M7I43M5D8M7I22M
A0A2Z6P106_taxID_3900_model_A	ref_2Y9W_Abisporus	85	372	541	1	351	4.339E-01	6.515E-01	7.846E-01	5.426E-01	378	10M1D1M1D34M2I4M8D6I5M1D29M17D15M4D9M1D2M14D6M19D4M7D10M11I16M1I11M5I24M2D1M1D38M1I6M14D14M1I22M
A0A2Z6P106_taxID_3900_model_A	ref_I3D139_archaea	91	367	541	1	305	3.949E-01	6.791E-01	7.456E-01	5.110E-01	350	24M2D17M1I1M1I4M4I7M1D25M1I1M1I11M1D1M1D7M3D4M5D5M11D1M18D17M11I1M1I11M2I8M14I17M6I6M1I34M1D1M5D7M1D3M22D2I4M2D15M
A0A2Z6P106_taxID_3900_model_A	ref_5M8L_human	38	344	541	8	361	3.985E-01	5.796E-01	6.743E-01	4.560E-01	418	7M26I7M4D1M7D2M1D2M6D31M5D1M18D22M8D8I51M1D1M2D4M9D1M1D5M1D1M24D7M9I8M1I1M1I1M1I11M2I6M2I3M6I4M4D6M13D12M7I33M1I8M7D7M
A0A2Z6P106_taxID_3900_model_A	ref_A0A9N8ELP9_oomycota	34	380	541	8	411	4.281E-01	5.502E-01	6.452E-01	5.087E-01	485	4M2D39I6M1D34M9D15M1I1M1I2M8I32M1I18M1D5M12D7M44D9M1I5M14I21M14I5M3D13M1D1M1D37M1D2M2D2M3D6M20D6M4D3M2D3M9D1I2M13D9M3D12M1D2M5D1M1D1I3M
A0A179FVZ7_taxID_33203_model_A	ref_2Y9W_Abisporus	41	347	990	1	351	2.922E-01	8.032E-01	9.168E-01	6.620E-01	361	11M1I34M20D2M9D49M6D7M1D11M3I17M1I2M1I1M3I5M1D1M1D10M2D11M1D3M1D23M4D19M8D37M1I54M
A0A179FVZ7_taxID_33203_model_A	ref_1JS8_squid	41	362	990	1	262	2.202E-01	7.968E-01	7.997E-01	5.664E-01	359	10M2I3M1I16M2I12M16D2M8D17M18I2M1I12M1D10M15I1M1I9M2I2M11I7M8I2M1I4M1I11M1I10M6I17M2D33M3D3M1D6M13I11M6D24M14I1M
A0A179FVZ7_taxID_33203_model_A	ref_8BBR_Vspinosum	38	491	990	1	324	2.430E-01	6.946E-01	6.966E-01	5.027E-01	520	12M2I35M2D2M9D18M17I23M18I7M2D3M2D5M1D2M2D1M23D1M2D1M2D3M1D1M1D4M1D4M3I10M1D14M1I12M9D2I7M1D9M2I6M1I27M3D9M1D12I13M3D23M17I1M3I3M118I2M
A0A179FVZ7_taxID_33203_model_A	ref_PmTYR	40	349	990	1	287	2.213E-01	7.149E-01	7.172E-01	5.058E-01	364	11M2I3M1I15M1I1M4I9M2D1M13D1M8D18M17I1M2I12M4D2M1D6M1I2M14D15I6M1D4M2I2M4I4M2I8M5I1M2I20M1I6M3D1I2M1D5M1D5M6D10M2I45M9I12M6I21M
A0A179FVZ7_taxID_33203_model_A	ref_5CE9_Jregia	15	375	990	12	339	2.411E-01	6.615E-01	6.839E-01	5.144E-01	432	3M9D1M1D16M1I2M2I11M2I3M1I30M2D1M16D1M8D18M17I13M2D12M17I5M22I4M3I11M1D1M7D1M3D1M2D12M1D10M12D4I5M1D12M4D2M1D40M14I13M1D22M17I1M2I5M2I1M
A0A179FVZ7_taxID_33203_model_A	ref_I3D139_archaea	47	342	990	1	305	2.215E-01	6.792E-01	7.005E-01	4.949E-01	369	4M2I3M1I17M2D13M2D1M13D1M8D18M17I1M2I10M1D2M2D2M1D2M3D4M5D3M5D12I6M1D2I5M3I1M1I1M1I1M1I3M3D3M1D7M4I5M1I7M1D11M1I9M5I15M1I7M1I28M1D10M9I14M24D18M
A0A179FVZ7_taxID_33203_model_A	ref_1BT3_Ibatatas	15	371	990	12	336	2.385E-01	6.608E-01	6.831E-01	5.141E-01	428	4M12D17M1I1M3I10M2I3M1I30M2D1M16D1M8D18M17I14M2D11M17I5M22I5M2I10M1D1M3D2M6D1M2D12M1D10M11D3I6M1D11M5D34M2I1M1I5M14I13M1D22M14I1M2I2M2I3M
A0A179FVZ7_taxID_33203_model_A	ref_A0A9N8ELP9_oomycota	31	491	990	15	412	2.592E-01	5.884E-01	6.088E-01	4.926E-01	578	1M2D4I15M2I3M1I19M9D11M2D1M8D1M8D18M17I1M1I13M1D4M2D5M10D16I14M21D1M1D7M1D12M7I32M1I19M7D34M1D1M2D2M3D11M8D2I14M3D5M12D2M13D9M3D14M1I2M3I8M1I1M124I1M
A0A179FVZ7_taxID_33203_model_A	ref_5M8L_human	13	320	990	1	361	2.259E-01	5.712E-01	6.600E-01	4.354E-01	419	1M1D1I5M5D1I3M2D1I2M7D2M4D7M2D15M2I3M1I17M23D13M2D1M18D1M8D18M17I15M1D2M1D2M3D6M8D14I5M1I13M3D5M2D2I8M5I5M2D1I17M1I6M2D1I2M2D5M1D5M14D8M1I2M1I48M8I8M
A0A5N6KW16_taxID_176857_model_A	ref_PmTYR	6	265	265	12	286	5.446E-01	5.063E-01	5.561E-01	5.090E-01	364	5M2D1M66D10M1D1M1D11M2I9M34I7M1I4M2D7M17I14M1D17M1I5M10D9M5I2M1I14M1I35M2I3M10D5M2D2I3M7D16I1M2D2I4M5I4M
A0A5N6KW16_taxID_176857_model_A	ref_I3D139_archaea	6	258	265	7	305	5.175E-01	4.591E-01	5.396E-01	4.345E-01	375	2M2D2M71D19M1I4M2I1M1I4M38I1M1I9M9D4M1D1M2D5M5I3M8I9M2D1M4D9M2I8M1I13M11I16M1I28M1I8M7D2M2D7M5D2M1D4M5D1I1M1D6M3D1M1D1M3D2M2D2I2M1D1I2M
A0A5N6KW16_taxID_176857_model_A	ref_1JS8_squid	5	265	265	11	262	4.709E-01	4.756E-01	4.935E-01	4.109E-01	355	5M71D9M1I6M4I2M4I1M1I3M43I12M21I17M1I1M1I9M1I12M12I11M2D1M1D33M2D2M1D6M2D1M2D5M1D2I4M1D1I1M6I6M2D1M8D2I2M1D1I3M2I5M
A0A5N6KW16_taxID_176857_model_A	ref_8BBR_Vspinosum	7	265	265	14	319	4.911E-01	4.140E-01	5.021E-01	4.115E-01	392	1M1D4M64D10M2I2M1I7M3I3M42I2M1I1M4I4M2D1M2D2M2D1M27D12I3M1D4M3D5M1D5M5D3M1D16M1I10M7D2I5M2I1M1D2I14M1I4M1I29M1D6M4D1M2D5M2I6M1D5I5M1D1M5D1M2D7M5I4M
A0A5N6KW16_taxID_176857_model_A	ref_A0A9N8ELP9_oomycota	7	265	265	33	400	5.299E-01	3.585E-01	5.425E-01	4.548E-01	449	5M79D9M2I1M2I2M1I5M2I1M1I9M1D33I6M1I10M20D10I5M1D1M2D3M1D1M1D8M1D21M1D14M6I1M2I14M8D37M2D2M1D2M1D1M24D1M1D3M5D6M35D14I2M4D2I4M5I3M2D1M
A0A5N6KW16_taxID_176857_model_A	ref_2Y9W_Abisporus	1	265	265	102	351	5.016E-01	3.958E-01	5.280E-01	4.020E-01	334	3M1D3M1D2M2D13M1D6M1I4M5I5M12D41I11M2D2M1D3M6I3M7I8M9D1M2D2M2D8M1I1M1I26M1I2M1D2I14M9D33M1I3M1I3M17D10M6D14I2M2D2M1D1I6M2I5M
A0A5N6KW16_taxID_176857_model_A	ref_5CE9_Jregia	6	265	265	55	333	4.412E-01	3.578E-01	4.498E-01	3.938E-01	380	5M78D15M3I1M1I1M4I1M1I2M43I2M1I5M30I5M1D2M3D7M14D12M1D10M8D3I4M1I2M1D2I14M6D42M1D5M2I6M5I5M1D1M3D2M2D2I2M1D1I3M2I5M
A0A5N6KW16_taxID_176857_model_A	ref_1BT3_Ibatatas	6	265	265	57	331	4.368E-01	3.566E-01	4.455E-01	3.857E-01	379	4M1D2M76D14M3I1M1I2M5I3M43I1M1I5M30I6M1D1M3D7M14D12M1D10M8D1I6M2I1M2I14M6D34M4I4M2D5M2I6M5I7M4D1M2D2I2M1D1I3M2I5M
A0A8H5ZBE3_taxID_45130_model_A	ref_2Y9W_Abisporus	1	354	562	10	351	5.598E-01	8.844E-01	9.094E-01	6.902E-01	369	54M1I65M2D2M1D4M1D50M1I1M2I27M1D10M10D44M22I24M1I46M
A0A8H5ZBE3_taxID_45130_model_A	ref_1JS8_squid	1	355	562	8	262	4.106E-01	8.506E-01	8.758E-01	5.389E-01	366	22M2I18M5I7M1I31M17I1M2I12M2I11M12I1M1I8M2I2M7I1M1I7M13I2M1I4M3I37M6I22M22I14M3D2M2D6M13I3M1I8M6D25M
A0A8H5ZBE3_taxID_45130_model_A	ref_I3D139_archaea	1	349	562	2	305	4.151E-01	7.320E-01	7.364E-01	4.878E-01	394	23M2D19M5I6M1I2M1I28M18I1M1I18M1D3M3D3M4D4M5D8I6M1D2I5M1I5M2D13M10I1M2I4M1D31M1D11M9I5M1I14M22I15M1D9M6I1M3I14M24D18M
A0A8H5ZBE3_taxID_45130_model_A	ref_PmTYR	1	356	562	9	287	3.889E-01	7.251E-01	7.462E-01	4.895E-01	390	22M5I14M6I2M1D1I2M2D3I31M17I1M2I15M1D2M1D10M11D10I7M1D4M1I5M4I9M13I10M1I16M10D8M6D10M10I20M22I20M1D3M10I13M6I21M
A0A8H5ZBE3_taxID_45130_model_A	ref_8BBR_Vspinosum	1	540	562	12	324	4.073E-01	6.820E-01	7.062E-01	4.861E-01	603	37M19I30M17I15M3I6M1I1M2I1M12I7M2D3M3D3M3D1M29D1M2D3M1D11M9I5M1I12M1D16M13D5M1D10M10I5M1I14M22I14M3D2M1D3M1D3M13I13M3D23M18I1M3I3M3I1M156I1M
A0A8H5ZBE3_taxID_45130_model_A	ref_5CE9_Jregia	1	383	562	52	339	4.059E-01	6.495E-01	7.562E-01	4.853E-01	418	38M2D4M4I7M1I2M1I29M17I13M1I14M14I5M19I4M10I1M1I10M13D2M1D11M2D8M14D5M1D12M3I25M22I15M1D5M15I14M1D22M18I2M1I4M3I1M
A0A8H5ZBE3_taxID_45130_model_A	ref_1BT3_Ibatatas	1	379	562	53	336	4.013E-01	6.486E-01	7.590E-01	4.845E-01	413	38M2D4M4I7M1I2M1I29M17I13M1I14M14I5M19I4M10I1M1I10M13D2M1D11M2D8M14D5M1D12M3I25M22I13M2I5M15I14M1D22M18I2M1I4M
A0A8H5ZBE3_taxID_45130_model_A	ref_A0A9N8ELP9_oomycota	1	374	562	30	412	4.526E-01	6.003E-01	6.568E-01	4.533E-01	464	25M9D16M10I1M2I32M17I1M1I9M1I10M1D6M9D12I15M16D12M2D5I21M1I11M2D13M3D1M1D12M1I25M22I15M1D1M2D1M4D4M1D6M8D4I14M3D5M12D2M13D3M3D23M4I2M1I7M
A0A8H5ZBE3_taxID_45130_model_A	ref_5M8L_human	1	327	562	54	361	3.640E-01	5.452E-01	6.302E-01	4.331E-01	400	22M5D1M18D18M1D7I4M4D1I3M1D30M17I22M2D6M8D11I5M1I5M2I7M1D1I1M5D1M3D7M11I6M1D7M1I16M10D8M14D9M1I1M9I19M22I28M3I1M3I1M1I2M1I5M
A0A8G0LLK9_taxID_1491479_model_A	ref_2Y9W_Abisporus	1	171	351	32	351	4.440E-01	4.440E-01	8.727E-01	6.238E-01	321	2M14D3M119D4M2D14M1D14M2D23M4D20M7D2M1D34M1I54M
A0A8G0LLK9_taxID_1491479_model_A	ref_1JS8_squid	1	172	351	29	262	3.460E-01	4.526E-01	6.621E-01	4.977E-01	266	2M4D2M2D1M4D2M73D4M1I1M1I5M9I2M1I4M1I12M1I9M6I17M2D33M4D6M2D4M1D7M1D10I1M1D1I6M1I22M
A0A8G0LLK9_taxID_1491479_model_A	ref_PmTYR	1	173	351	33	287	3.580E-01	4.316E-01	6.877E-01	5.062E-01	286	1M3D1I1M3D1I1M96D4M1I3M1I5M7I1M1I20M1I6M2D1I8M3D4M6D10M2I45M9I12M6I21M
A0A8G0LLK9_taxID_1491479_model_A	ref_8BBR_Vspinosum	1	319	351	121	324	3.767E-01	4.044E-01	6.116E-01	4.802E-01	367	3M2D1M22D1M2D2M2D2M3D11M4I9M1D15M1I11M7D9M1D9M2I6M1I27M3D9M1D12I14M4D1I21M14I1M2I3M3I1M123I1M
A0A8G0LLK9_taxID_1491479_model_A	ref_I3D139_archaea	1	166	351	28	305	3.500E-01	3.982E-01	6.902E-01	4.942E-01	303	2M7D1M3D1I1M2D1M91D4M7D9M5I1M3I4M1D5M2D10M1I10M5I16M1I6M1I39M1I1M2I1M5I12M24D18M
A0A8G0LLK9_taxID_1491479_model_A	ref_A0A9N8ELP9_oomycota	5	323	351	180	412	3.289E-01	2.894E-01	4.483E-01	3.418E-01	381	1M1D1I3M8D7M1D4M8I21M2D9M4I5M2D14M4D32M9D1M2D13M4D5I5M3I3M10I10M1D7M1I6M10D1M18D12M1I1M2I7M2I1M1I1M1I3M103I3M6I1M
A0A8G0LLK9_taxID_1491479_model_A	ref_5CE9_Jregia	5	290	351	49	327	2.646E-01	2.708E-01	3.111E-01	2.625E-01	417	2M2D1I13M1D3I8M1D1M1D1M2D3M1D9M1D1M7D13M5I27M12D2M5D4M2D2I1M12D6I1M1D2I2M9D33I12M3D1M23D2M1D3M1D11M2D8I1M5D6I2M1I3M33D22I4M2D10I5M3D3I7M1D7M2I1M34I1M
A0A8G0LLK9_taxID_1491479_model_A	ref_5M8L_human	1	251	351	1	317	2.638E-01	2.581E-01	3.351E-01	2.443E-01	426	1M2D6I24M5D6M6D15M1I3M1I2M1I5M1D1I2M3D3I1M2D2I1M24D4I1M2D1I2M1D7M16D2M3D9M1D1M17D1I8M1D1I8M5D2M7D1M6D1M1D3M1D3M15D1I11M5I1M1I6M2I13M56D78I3M
A0A8G0LLK9_taxID_1491479_model_A	ref_1BT3_Ibatatas	15	322	351	14	336	2.512E-01	2.593E-01	2.766E-01	2.521E-01	490	5M30D29I7M7D4I2M1D1M18D7I12M12D12I1M33D14I8M1D9M9I5M1I1M1I4M6I11M1D1I5M2I27M46D46I8M2D2I2M1D2M2D2M1D2M2D1M3D2I2M9D17I6M2D4I4M11D7I11M3I3M
B8RHF0_taxID_110108_model_A	ref_5M8L_human	13	174	174	1	165	8.800E-01	4.331E-01	9.482E-01	8.335E-01	165	92M1D2M1D27M1D41M
B8RHF0_taxID_110108_model_A	ref_1JS8_squid	26	172	174	6	236	3.521E-01	2.629E-01	3.932E-01	3.035E-01	268	5M3D2M1D6M3I1M1I9M1I1M1I4M1D1M3D5M2I10M1I2M2D7M1D2M1D1M16D9M36D1M5D6I2M1D2M4D1M2D2M2D2I2M1I8M14I5M3I5M3D6M2D1M3D2I1M33D7M2D2M
B8RHF0_taxID_110108_model_A	ref_A0A9N8ELP9_oomycota	1	174	174	127	387	3.825E-01	1.844E-01	3.842E-01	4.112E-01	342	2M1D2M4D4M3D1M1D4M54D1I3M1I9M1D11I3M2D2I1M7D33I4M2I1M29I6M4D8M2D4M1I10M4D24M1I4M3D1M3D1M79D1M
B8RHF0_taxID_110108_model_A	ref_I3D139_archaea	1	174	174	97	299	3.468E-01	2.160E-01	3.482E-01	3.925E-01	293	1M2D1M2D3M4D2M2D2M36D6M3I9M1D1I1M2D9I2M8D37I4M2I1M29I7M1D10M7I5M3D24M1I1M1I3M1D1M57D1M
B8RHF0_taxID_110108_model_A	ref_5CE9_Jregia	1	156	174	52	280	3.244E-01	2.007E-01	3.504E-01	2.867E-01	283	1M1D3M2D4M1D8M8D1M79D12M1D5M2I3M1D1M5D3M3D1M2D2M1I3M5I3M3D10M1D3I2M7D2I5M3D2I1M4D4I1M2D1I5M1D12I1M1I4M3D3I6M1I4M14I4M3I9M
A0A2B7WG80_taxID_1447875_model_A	ref_PmTYR	96	426	426	1	285	5.626E-01	8.185E-01	8.266E-01	5.928E-01	358	30M1I3M2I5M1D4M1D1M9D3M1D21M1I16M2D10M1I2M1I10M28I10M2D6M12I15M1D17M1I5M10D9M10I15M3I37M1I7M7I13M4I12M1I7M
A0A2B7WG80_taxID_1447875_model_A	ref_1JS8_squid	97	426	426	1	261	5.085E-01	8.015E-01	8.072E-01	5.344E-01	355	30M1D4M1I4M4D4M8D5M1D21M1I16M1I2M2I1M1I1M1I1M4I4M38I12M15I17M1I1M1I9M1I13M15I1M1I12M1D34M3D10M10I10M3D5M2D1M2D11M1I7M
A0A2B7WG80_taxID_1447875_model_A	ref_I3D139_archaea	103	422	426	1	305	5.239E-01	7.165E-01	7.187E-01	5.403E-01	378	24M2D5M1D5M2D4M1D1M8D3M2D21M1I19M1I5M1I3M1I6M34I9M10D4M2D6M2I1M3I2M1I1M1I8M1D2M1D1M1D8M1D9M1I13M15I12M2I5M1I39M7I10M1D2M22D4M3D13M2I2M
A0A2B7WG80_taxID_1447875_model_A	ref_A0A9N8ELP9_oomycota	54	426	426	1	397	6.008E-01	6.198E-01	6.812E-01	5.520E-01	481	2M1I1M9D29I38M1D2M11D4M1I5M1D4M1D1M4D3M1D37M2I1M2I2M1I5M2I1M1I10M26I17M16D7I6M3D2M8D7M1D21M1D14M12I16M6D37M2D2M2D2M1D2M2D6M5D7M1D8M2D4M2D2M26D8M2D12M
A0A2B7WG80_taxID_1447875_model_A	ref_8BBR_Vspinosum	51	426	426	1	317	5.298E-01	6.788E-01	6.935E-01	5.062E-01	434	1M42I1M1I12M1D18M2D5M1I13M1D26M1D12M2I2M1I4M1I3M1I3M37I2M4I9M1D1M26D3I2M3D8M3D5M1D5M6D18M1I11M6D4I5M4I16M3I5M1I28M2D10M9I14M4D4M1D8M1I1M1I7M
A0A2B7WG80_taxID_1447875_model_A	ref_2Y9W_Abisporus	97	426	426	1	351	5.493E-01	6.555E-01	6.946E-01	5.006E-01	408	10M1D3M1D16M2D11M4D1M1D2M12D5M1D24M17D2M1D22M4I6M14D37I13M7I5M1D10M11D5M1D25M2I1M1I1M1I5M2I18M7D37M1I1M1I11M2D19M1D1M1D12M1I7M
A0A2B7WG80_taxID_1447875_model_A	ref_5M8L_human	84	400	426	21	361	5.460E-01	6.351E-01	7.166E-01	5.070E-01	390	5M7D5M6D34M1D4M19D1M4D4M2D5M15D3M1D25M1D16M2I1M1I4M1I1M1I9M28I20M1I1M1D1I9M1D12M4D23M9D11M2D2I1M2I17M1I1M2I37M1I8M2I1M3I5M1I5M
A0A2B7WG80_taxID_1447875_model_A	ref_5CE9_Jregia	87	426	426	36	331	5.051E-01	6.242E-01	7.094E-01	5.106E-01	392	7M1I31M2D11M1D4M3D1M9D3M2D25M1D16M2I1M1I2M5I4M39I7M24I4M1D2M3D7M14D12M1D10M8D5I4M3I1M1I17M1D1M3D41M13I13M3D14M2I6M
A0A2B7WG80_taxID_1447875_model_A	ref_1BT3_Ibatatas	87	426	426	38	330	5.000E-01	6.226E-01	7.082E-01	5.010E-01	391	6M2I31M2D11M1D4M3D1M9D3M2D25M1D16M2I1M1I2M5I4M39I7M23I7M3D7M14D12M1D10M8D5I4M3I1M1I17M4D34M3I1M1I4M12I13M3D14M1I7M
A0ABS8I9C0_taxID_2780399_model_A	ref_I3D139_archaea	56	394	414	1	305	6.651E-01	8.942E-01	8.970E-01	7.005E-01	356	48M5I43M1D1M1D18M15I11M7D28M1D1M1D8M1D22M13I1M1I11M15I5M1I26M1I9M1D18M1D10M3D28M
A0ABS8I9C0_taxID_2780399_model_A	ref_PmTYR	49	401	414	1	287	6.163E-01	8.786E-01	8.816E-01	7.010E-01	371	29M7I18M5I1M1I3M1D42M2D1M2D2M1D17M10I6M1D6M1I4M3I2M4I16M1D4M1I16M10D10M9I14M16I36M1I22M26I20M
A0ABS8I9C0_taxID_2780399_model_A	ref_1JS8_squid	50	400	414	1	262	5.556E-01	8.533E-01	8.563E-01	5.778E-01	360	30M2I1M2I19M4I51M1I1M1I1M2I4M20I5M1D2I6M1I1M1I1M9I8M1I2M2I28M15I12M12I35M5D10M6I12M17I5M2D2M1D19M
A0ABS8I9C0_taxID_2780399_model_A	ref_A0A9N8ELP9_oomycota	43	407	414	15	409	6.487E-01	6.517E-01	7.295E-01	6.066E-01	456	5M1D30M1D5M7D1I18M10I33M1D12M1I1M1I16M8I11M3I5M1D1M18D1M6D38M2D11M1I1M1I2M9I18M7I38M5D2M1D9M14D11M2D4M15D19I2M10D11M3D12M1D2M2D1M1D4M
A0ABS8I9C0_taxID_2780399_model_A	ref_5M8L_human	38	352	414	27	361	6.027E-01	6.859E-01	7.821E-01	5.881E-01	375	4M1D4M1D2M6D33M2D1M19D21M7D7I32M1D1M1D31M10I12M2I4M2I9M7D12M1D1M2D1M1D4M1I16M10D13M2I5M1D12M1I1M15I56M
A0ABS8I9C0_taxID_2780399_model_A	ref_1BT3_Ibatatas	39	405	414	35	336	5.743E-01	6.977E-01	7.711E-01	5.531E-01	401	41M2I17M1D6M2I9M1I25M1D1M1D18M1I1M2I4M20I5M4I1M18I8M10D5M6D2M1D11M2D10M8D1I1M1D5M8I16M9I38M3I6M6I9M2D19I4M2I24M1D1I1M
A0ABS8I9C0_taxID_2780399_model_A	ref_5CE9_Jregia	39	407	414	34	339	5.755E-01	6.928E-01	7.632E-01	5.476E-01	404	41M2I17M1D1M1D5M3I8M1I25M1D1M1D18M1I1M2I4M20I5M4I1M18I8M11D3M1D1M1D1M3D2M1D11M2D10M8D1I1M1D5M8I16M9I47M6I9M2D19I4M2I24M1D1I1M1I1M
A0ABS8I9C0_taxID_2780399_model_A	ref_2Y9W_Abisporus	50	399	414	1	351	5.867E-01	6.826E-01	6.862E-01	5.328E-01	418	10M1D3M1D17M2I19M9D8I33M19D14M3D7M2I6M13D18I6M1I12M2I12M8D1M1D6M1D3M1D11M1D11M1D1I5M5I23M6I38M2I9M5D2M4D11M20I24M
A0ABS8I9C0_taxID_2780399_model_A	ref_8BBR_Vspinosum	48	405	414	2	324	5.567E-01	6.963E-01	7.003E-01	5.275E-01	414	12M1D20M2I17M17I25M1D1M1D26M20I2M3I1M1I6M2D3M2D1M30D13M1D5M5D30M8D1I6M8I13M16I5M1I29M1D10M1I13M3D18I4M2I23M1D1I2M
A0AB40C3A0_taxID_55577_model_A	ref_5CE9_Jregia	109	334	334	1	331	5.749E-01	5.668E-01	8.351E-01	6.734E-01	346	1M1I7M1D2M13D5M2I11M2D12M2I35M1D5M8D61M90D8I3M5D25M2I44M
A0AB40C3A0_taxID_55577_model_A	ref_1BT3_Ibatatas	109	334	334	1	329	5.705E-01	5.673E-01	8.252E-01	6.639E-01	344	1M1I7M1D2M15D5M1I24M2I35M1D5M8D62M85D6I1M3D3M5D25M5I41M
A0AB40C3A0_taxID_55577_model_A	ref_1JS8_squid	140	334	334	1	260	4.888E-01	6.121E-01	8.050E-01	5.722E-01	270	10M2I19M2I14M1D1M8D5M2I26M1I1M1I12M1I11M2D2M1D4M1I10M47D1M8D24M1D5M1D4M1D8M1D2M4D26M
A0AB40C3A0_taxID_55577_model_A	ref_8BBR_Vspinosum	139	334	334	3	317	5.094E-01	5.242E-01	8.412E-01	5.945E-01	324	11M1I35M4I3M2I39M1I1M1I14M2D7M2D2M45D2M2D2M65D1M6D33M4D10M1D11M1D16M
A0AB40C3A0_taxID_55577_model_A	ref_PmTYR	139	334	334	1	284	4.677E-01	5.385E-01	7.673E-01	5.503E-01	303	11M2I19M4I1M1I15M6D29M1I1M1I15M2D1M2D1M1D2M3D4M11D11M6D6M63D1M7D25M2I1M1I7M6D8M7I19M
A0AB40C3A0_taxID_55577_model_A	ref_2Y9W_Abisporus	140	334	334	1	350	5.016E-01	4.789E-01	8.268E-01	5.742E-01	355	49M13D5M1I27M17D15M4D10M1D1M15D2M1D9M9D6M65D1M13D1M8D23M2I1M1I5M14D14M1I21M
A0AB40C3A0_taxID_55577_model_A	ref_A0A9N8ELP9_oomycota	132	334	334	14	396	4.905E-01	4.065E-01	7.567E-01	4.942E-01	385	6M1D12M1I22M2D1M6D12M1D35M1I21M1D3M11D1M1D1M1D11M25D1M9D4M63D1M7D31M3D5M21D6M4D3M1D2M1D1M7D1M2D1M13D4M2D16M
A0AB40C3A0_taxID_55577_model_A	ref_5M8L_human	110	307	334	1	361	4.597E-01	4.292E-01	7.210E-01	4.529E-01	368	3M1D1I10M3I7M4D1M7D2M1D2M7D13M1D1M1D16M1D3M18D14M2D4M9D53M3D3M9D1M3D7M1D1I1M15D8M74D1M7D25M2I9M6D7M
A0AB40C3A0_taxID_55577_model_A	ref_I3D139_archaea	107	330	334	46	305	2.780E-01	2.976E-01	3.713E-01	2.697E-01	342	6M3D3I1M16D15I4M2D1M3D12M1D4M1D5M1D5M3D1M2D7M7D4I13M23D40I2M1D2M1D5M12D1M2D2M2D7M14I6M2D1M2D4M1D24M9D7M1D3M4D2M14D6I4M3D4M2D9M
A0A0V0TGR2_taxID_144512_model_A	ref_PmTYR	138	444	832	1	287	2.945E-01	8.232E-01	8.259E-01	5.875E-01	339	29M5I13M1D2M8D14M1I1M36I47M5D9M2D7M3D2I15M1D19M2D6M4D5M6D45M2I2M2I6M1I1M1I21M1I1M1I12M
A0A0V0TGR2_taxID_144512_model_A	ref_1JS8_squid	139	443	832	1	262	2.663E-01	8.007E-01	8.035E-01	5.222E-01	333	30M2I12M2D3M8D15M1I1M36I27M4I1M2I3M3I5M5I5M1D8M3I10M1I1M1I22M4I15M2D1M2D34M1D11M7I11M12D7M1I1M1I11M
A0A0V0TGR2_taxID_144512_model_A	ref_I3D139_archaea	145	437	832	1	305	2.737E-01	7.110E-01	7.404E-01	5.288E-01	356	24M2D14M2D3M7D17M37I28M2I2M1I13M1I8M10D6M2D1M6D13M1D1M1D3M1D4M1D18M3I12M1D8M1I25M1I3M1I4M1I6M1I1M1I14M29D9M1I5M
A0A0V0TGR2_taxID_144512_model_A	ref_1BT3_Ibatatas	21	466	832	5	335	2.851E-01	6.622E-01	6.732E-01	4.638E-01	516	2M3D3I1M4D58I4M4D4I9M2I3M1I2M1I7M19I46M3D4M9D16M37I11M2D17M2I1M2I1M1I2M3I4M5I6M12I8M9D5M7D2M2D7M1D3M1D7M1D2M9D8M1D11M7D33M4I1M1I3M1I2M8I8M7D4M1I6M1I13M19I2M
A0A0V0TGR2_taxID_144512_model_A	ref_5CE9_Jregia	21	466	832	5	339	2.874E-01	6.576E-01	6.665E-01	4.520E-01	514	3M2D2I1M3D59I3M4D4I10M1I2M2I2M1I7M18I47M3D1M1D3M8D14M1I1M36I11M1D1M1D17M2I1M2I1M1I2M3I4M5I6M12I8M10D5M6D2M2D7M1D3M1D10M10D8M1D10M7D34M2I6M1I2M8I8M7D5M1I5M1I14M17I3M
A0A0V0TGR2_taxID_144512_model_A	ref_5M8L_human	24	419	832	1	361	2.914E-01	6.398E-01	6.415E-01	4.928E-01	495	4M1I1M57I3M5D8I1M11D7I13M1I4M1D12I33M23D18M14D14M1I1M36I11M1D1M1D13M1I2M2I3M1I1M1I10M4D4M1D14M14D1I12M2D1M1D2M1D19M2D6M4D5M14D42M1I2M3I11M1I11M
A0A0V0TGR2_taxID_144512_model_A	ref_8BBR_Vspinosum	138	445	832	3	321	2.720E-01	6.563E-01	6.896E-01	4.778E-01	380	12M1D33M2I3M1I14M37I10M2D16M4I2M1I10M4I2M4I6M4D1M37D2M2D1M1D10M5D7M1D22M9D8M1D14M1I34M1I6M1I1M2I1M1I10M9D12M2I10M
A0A0V0TGR2_taxID_144512_model_A	ref_2Y9W_Abisporus	139	442	832	1	351	2.807E-01	6.304E-01	7.209E-01	4.761E-01	401	10M2D35M15D19M37I12M19D19M2I5M1I6M13D4I10M2D1M3D1M2D11M8D1M1D2M1D3M1D3M1D8M1D12M1D1M4D4M1D13M10D34M3I2M2I9M6D6M1D8M5D9M1I10M
A0A0V0TGR2_taxID_144512_model_A	ref_A0A9N8ELP9_oomycota	114	466	832	15	411	2.985E-01	5.831E-01	6.751E-01	5.376E-01	482	2M4D21I35M9D11M2D3M2D15M1I1M36I16M1D10M2I1M5I13M6D14M29D2M4D9M1D6M1D1I12M1D1M1D28M9D37M1D3M1D2M1D7M11D3M1D9M2D2M32D13M1D11M9D19I2M
A0ABY7ES37_taxID_6604_model_A	ref_PmTYR	93	342	779	1	287	2.790E-01	7.199E-01	8.209E-01	5.813E-01	304	28M1D1M1D4M2D1M30D1M2D44M5D10M2D5M4D1M1D11M2I32M1I7M6D44M5I3M2I7M3I1M1I10M1I10M1I1M1I12M
A0ABY7ES37_taxID_6604_model_A	ref_1JS8_squid	94	341	779	1	262	2.479E-01	6.932E-01	7.320E-01	5.205E-01	304	26M2D1M3D5M2D1M31D1M2D22M1I3M2I2M1I6M3I1M6I10M1D12M5I24M11I14M2D1M2D34M2I13M9I10M9D1M2D7M1I1M1I11M
A0ABY7ES37_taxID_6604_model_A	ref_5CE9_Jregia	32	364	779	16	339	2.671E-01	5.690E-01	5.937E-01	4.536E-01	419	5M18I2M1I1M1I2M2I1M1I1M1D1I1M4I1M2I2M2I3M2I36M7D5M2D1M33D1M2D8M1D3M1D12M1I2M2I1M2I3M1I1M2I4M5I6M1I1M7I4M2D1M5D2M2D7M5D2M1D8M1D3M1D11M7D4I1M1D1I8M1D9M7D33M3I2M1I3M2I5M10I9M6D9M1I1M1I14M15I1M2I2M
A0ABY7ES37_taxID_6604_model_A	ref_I3D139_archaea	100	644	779	1	291	2.436E-01	5.824E-01	6.093E-01	4.632E-01	626	21M9D5M2D1M30D1M2D22M1I3M2I16M1I9M10D3M3D2M9D10M1D1M4D4I24M10I12M1D9M1I27M6I11M3I1M1I9M2I5M9D166I1M1D3I1M3I1M2I1M6I3M24I1M1I3M26I2M26I2M46I2M1I1M
A0ABY7ES37_taxID_6604_model_A	ref_1BT3_Ibatatas	33	364	779	18	336	2.616E-01	5.627E-01	5.911E-01	4.448E-01	419	1M1D1I2M17I2M2I4M2I1M1I1M1D1I1M4I1M2I2M2I3M2I6M1I29M7D5M2D1M33D1M2D8M1D3M1D12M1I2M2I1M2I3M1I1M2I4M5I6M1I1M6I7M5D2M2D2I5M7D1M2D8M1D3M1D11M7D4I1M1D1I7M1D10M7D33M6I1M1I1M2I6M9I9M5D9M1I1M1I14M18I2M
A0ABY7ES37_taxID_6604_model_A	ref_8BBR_Vspinosum	93	366	779	3	324	2.492E-01	5.599E-01	6.533E-01	4.674E-01	380	12M2I16M3D1M2D2M4D1M21D1M2D8M2D15M5I2M1I1M1I1M1I1M2I3M7I5M2D1M1D3M1D2M2D1M45D2M1D6M2D1M4D4I4M1D24M6D2I2M1I24M1I28M1I13M8I10M5D2M2D11M2I10M19I2M1I1M
A0ABY7ES37_taxID_6604_model_A	ref_2Y9W_Abisporus	94	340	779	1	351	2.600E-01	5.459E-01	7.532E-01	4.838E-01	376	10M1D3M1D14M7D6M38D1M2D8M1D2M18D19M2I5M2I4M4I4M13D2M1D5M2D2M9D7M8D4M5D5I3M1D8M1D16M1I20M10D34M6I2M2I7M2I4M2D1M4D3M1D9M4D9M1I10M
A0ABY7ES37_taxID_6604_model_A	ref_A0A9N8ELP9_oomycota	86	368	779	14	411	2.797E-01	5.066E-01	7.140E-01	5.220E-01	438	5M3D2I28M16D5M2D1M25D1M2D13M1D8M1I1M5I1M1I14M6D13M31D1M6D7M1D6M1D3I14M1D10M8I5M1D12M9D47M1D5M1D1M5D4M1D1M1D3M2D9M32D12M1D12M5D19I1M1D1I3M
A0ABY7ES37_taxID_6604_model_A	ref_5M8L_human	69	621	779	2	351	1.386E-01	2.488E-01	2.541E-01	1.440E-01	746	1M1D1I8M3D141I3M1I3M4I2M2D2I1M1D1I13M5D4M15D7I1M2D1I2M2D1I2M1D7M14D16I5M7D18I9M44D50I2M4D13I6M5D5I7M2D5M5I8M33D28I4M15I1M2I1M1I8M1D1I4M1D9M2I13M3D22I8M2D8M11D10I1M1D1I5M33D48I6M
A0A8B9GJT5_taxID_7994_model_A	ref_5M8L_human	7	344	416	17	361	7.597E-01	8.718E-01	9.319E-01	7.445E-01	351	5M1I25M1I75M5D1I6M2D3I3M1D101M4D99M1D18M
A0A8B9GJT5_taxID_7994_model_A	ref_PmTYR	38	370	416	1	287	6.189E-01	8.835E-01	8.863E-01	6.673E-01	346	29M28I21M1I3M3D4I3M1D23M2I10M1D2M2D3M1D1M1D12M1D7M1I5M2D5M1I3M9I1M2I14M1D40M6I1M2I70M2I8M1I13M
A0A8B9GJT5_taxID_7994_model_A	ref_1JS8_squid	39	369	416	1	262	5.113E-01	7.901E-01	7.929E-01	5.598E-01	361	30M2I1M23I19M8D10I3M2D23M2I12M1I4M1I1M2I4M9I12M16I9M1I3M1I20M10I8M14I10M2D1M2D32M5D2M1D7M6I9M1D2M7D1M2D8M1I11M
A0A8B9GJT5_taxID_7994_model_A	ref_I3D139_archaea	45	363	416	1	305	5.470E-01	7.341E-01	7.363E-01	5.852E-01	376	25M1I2M19I1M1I18M4D1I4M2D7I3M1D23M2I14M1D2M1D10M5I5M1I4M10D5M2D6M1I2M2D8I10M2D5M1D4M1D14M10I8M12I1M1I6M1D9M1I29M1D22M25D1M3D9M1I6M
A0A8B9GJT5_taxID_7994_model_A	ref_A0A9N8ELP9_oomycota	12	375	416	12	412	6.125E-01	6.181E-01	6.948E-01	5.694E-01	473	4M9I1M1I2M6I32M1D6M6D21I18M1I4M1D6I27M1I11M1I1M1I15M1D2M1D20M13D6I4M4D4M7D1M1D12M1D14M1D6M9I6M1I2M1I1M8I13M9D34M4D2M3D8M13D2M1D9M2D4M30D8M1D1M1D11M2D1M6D6M
A0A8B9GJT5_taxID_7994_model_A	ref_8BBR_Vspinosum	37	374	416	2	324	5.467E-01	6.869E-01	6.907E-01	5.161E-01	396	13M1D19M3I1M20I16M2I2M11I40M1I12M7I2M5I5M2D1M2D2M2D2M22D3I9M1D2M4D4M1D6M2D1M1D3M1D3M2D17M2D4M5D3M4I6M13I16M1I28M3D10M2I11M6D1M1D10M1I16M
A0A8B9GJT5_taxID_7994_model_A	ref_2Y9W_Abisporus	39	368	416	1	351	5.471E-01	6.394E-01	6.780E-01	5.154E-01	417	10M2D20M23I17M13D7M8I25M17D14M3D8M2I6M13D8I10M2D7M1D7I1M2I9M7D1M1D2M2D3M1D3M1D11M1D6M1D11M1I5M14I10M10D37M1I7M1D1M3D1M4D3M1D8M3D21M
A0A8B9GJT5_taxID_7994_model_A	ref_1BT3_Ibatatas	18	374	416	32	336	5.345E-01	6.505E-01	7.124E-01	5.212E-01	406	5M1D1I5M7I33M3I1M20I22M4D2I2M4D5I3M1D42M1I1M2I4M10I6M1I1M23I7M3D1M7D4M6D2M1D11M2D6M2D4M6D3M4I6M13I12M7D32M2I7M6I9M5D10M1I17M
A0A8B9GJT5_taxID_7994_model_A	ref_5CE9_Jregia	18	375	416	30	339	5.361E-01	6.468E-01	7.036E-01	5.218E-01	410	5M1D1I5M6I34M3I1M20I22M4D2I1M5D6I3M1D42M1I1M2I4M9I1M1I5M1I1M24I7M14D4M3D2M1D11M2D6M2D4M6D3M4I6M13I12M7D32M1D9M6I9M5D10M1I18M
K9U0G3_taxID_251229_model_A	ref_I3D139_archaea	39	373	414	1	305	6.552E-01	8.796E-01	8.824E-01	6.973E-01	354	45M4I46M1D1M1D19M15I10M7D14M1D13M1D1M1D1I4M1D3M1D22M14I12M13I5M1I26M1I9M1D18M1D8M1D1M1D3M1D26M
K9U0G3_taxID_251229_model_A	ref_PmTYR	31	381	414	1	287	6.180E-01	8.814E-01	8.844E-01	7.076E-01	370	1M1I28M7I17M6I4M2D42M2D1M2D2M1D17M10I6M1D6M1I4M3I2M3I16M1D4M1I16M10D10M9I14M14I36M1I21M26I20M1I1M
K9U0G3_taxID_251229_model_A	ref_1JS8_squid	33	379	414	1	262	5.531E-01	8.493E-01	8.523E-01	5.841E-01	357	30M2I1M2I16M3I54M1I1M1I1M2I4M20I5M1D2I6M1I1M1I1M8I10M3I28M15I12M10I35M5D10M6I12M17I3M1D1I1M2D2M1D19M
K9U0G3_taxID_251229_model_A	ref_A0A9N8ELP9_oomycota	28	383	414	18	402	6.480E-01	6.509E-01	7.468E-01	6.276E-01	443	33M1D6M6D17M4I1M4I1M1I32M1D12M1I1M1I15M9I7M1D4M3I5M20D1M6D38M2D11M1I1M1I2M9I18M2I1M3I37M5D2M1D9M14D11M2D4M15D19I2M10D11M3D16M
K9U0G3_taxID_251229_model_A	ref_5M8L_human	29	331	414	43	361	5.911E-01	6.723E-01	7.941E-01	5.939E-01	353	35M2D1M19D24M4D3I30M1D1M1D33M10I11M2I5M2I8M5D1M3D11M4D6M1I16M10D14M2I4M1D12M1I1M13I56M
K9U0G3_taxID_251229_model_A	ref_2Y9W_Abisporus	33	378	414	1	351	5.830E-01	6.775E-01	6.883E-01	5.319E-01	414	10M1D3M1D17M2I19M6D3I4M1I32M19D12M6D6M1D8M10D21I6M1I12M1I12M8D1M1D6M1D3M1D11M1D11M2D2I4M5I3M1D1I18M1I1M3I36M1I2M1I8M9D14M20I24M
K9U0G3_taxID_251229_model_A	ref_8BBR_Vspinosum	31	379	414	2	319	5.470E-01	6.850E-01	6.987E-01	5.280E-01	406	13M1D19M2I16M16I26M2D26M24I10M3D2M2D1M29D2M1D11M1D5M5D30M8D1I6M8I13M14I5M1I29M1D10M1I12M4D19I4M2I21M
K9U0G3_taxID_251229_model_A	ref_1BT3_Ibatatas	29	380	414	42	332	5.487E-01	6.672E-01	7.645E-01	5.609E-01	390	34M2I21M2I6M1D30M1D1M1D18M1I1M2I4M20I5M4I1M17I6M1D1M9D6M6D2M1D11M2D8M14D5M14I14M7I38M1I3M2I3M6I9M2D19I4M2I22M
K9U0G3_taxID_251229_model_A	ref_5CE9_Jregia	29	380	414	41	334	5.488E-01	6.611E-01	7.556E-01	5.540E-01	391	34M2I18M1I2M1I6M1D31M1D1M1D18M1I1M2I4M20I5M4I1M17I6M1D1M10D4M1D1M1D1M3D2M1D11M2D8M14D5M14I14M7I37M1D4M1I5M6I9M2D19I4M2I22M
A0AAU9XFP2_taxID_46732_model_A	ref_5M8L_human	68	252	531	173	361	3.154E-01	4.572E-01	8.664E-01	5.336E-01	197	10M2D5M7D2M1D12M2I6M2D17M1I6M4I44M1I75M
A0AAU9XFP2_taxID_46732_model_A	ref_2Y9W_Abisporus	66	515	531	126	351	2.898E-01	4.183E-01	6.088E-01	3.243E-01	492	16M1I3M11D4M2D7M1I6M1D3I1M3I12M2D4M1D1I1M3D3I6M1D10M1D7M3D17M14I9M6D39M1I9M3D1M4D3M1D9M3D12M1I1M99I2M11I4M128I1M
A0AAU9XFP2_taxID_46732_model_A	ref_PmTYR	150	515	531	21	269	2.621E-01	4.368E-01	4.890E-01	2.788E-01	435	5M2I1M3I11M15I9M2D1M1D5M3I30M1I1M10I1M1I3M2I2M1I2M23I1M14I1M22I7M2D3M3D6M3D1M27D5M2D5M3I1M2I2M1D7I3M1D1I2M2D33I8M3D30I10M6D9M7I6M3D12M2D10M4I7M10D2I2M1D8M
A0AAU9XFP2_taxID_46732_model_A	ref_5CE9_Jregia	72	518	531	2	319	2.908E-01	4.142E-01	4.350E-01	2.410E-01	545	6M7D18I2M2I1M1I3M3D23I1M2I12M25D6I7M1I1M3I3M4I1M4I9M2I9M2D4M4D4M3I21M1D2M4D7M13D7M3D6M2D2I3M1D1I4M23I4M1D1I1M2I1M4I1M54I9M5I7M1D1I2M1I1M4D23I9M7D6M29I18M5I7M4D18M2D2I1M2D5I9M3D2M1D4M8D7M
A0AAU9XFP2_taxID_46732_model_A	ref_I3D139_archaea	150	517	531	13	292	2.550E-01	4.056E-01	4.352E-01	2.554E-01	474	5M6I5M2I1M2D5I8M1D2I12M4D5M4I24M1D5M2I1M10I4M1I2M3I1M63I11M5D2M44D3M1D4M1D9M1D13I1M47I4M24I20M4I6M1D2M3D2M1D1M1D1M1D9M1D9M4I1M1I3M1D1I1M10D2I2M1D2M2D2M24D6M
A0AAU9XFP2_taxID_46732_model_A	ref_A0A9N8ELP9_oomycota	81	525	531	9	372	2.917E-01	3.601E-01	3.985E-01	2.624E-01	599	2M31D67I6M1I1M3I5M2D2I2M5D5I7M2I16M5I24M1D6M1I1M10I1M2I3M1I8M4D60I7M8D2M3D3M41D1M2D2I14M2I2M7I6M1D2I1M4D30I8M1I7M28I15M2I9M4D12M2D10M1I9M1D2M1D1I1M24D1M2D2M4D5M4D1M8D3M2D7M
A0AAU9XFP2_taxID_46732_model_A	ref_1BT3_Ibatatas	74	518	531	4	312	2.721E-01	3.892E-01	4.155E-01	2.499E-01	548	7M38I22M17D11I1M1D1M2D1M7D7I8M3I5M4D6I17M10D3I8M1D16M2D6M1I3M3I1M1I10M6I1M18D70I6M8D4M1D1M1D11M2D10I2M1D46I5M24I6M10D14M5I5M8D2M4D1M3D22M1D2I2M1I2M1D1I2M1I8M1D6M
A0AAU9XFP2_taxID_46732_model_A	ref_8BBR_Vspinosum	68	514	531	11	321	2.515E-01	3.690E-01	3.814E-01	2.824E-01	570	23M5D1M1D2M2D2M1D2M69D1M3D1M17D1M2D2I7M1D1I2M2D1M4D2I7M1D5M1D9M1D1I15M2D2M1D1I2M7D4M4I2M1I2M1I2M12I1M1I15M1I26M2D9M7I6M2I1M2I2M21I4M1D118I4M2I5M29I1M2I2M33I8M16I11M
A0AAU9XFP2_taxID_46732_model_A	ref_1JS8_squid	152	517	531	24	252	2.106E-01	3.631E-01	3.999E-01	2.048E-01	436	2M1D1I1M1I2M2I1M2I4M1D1I4M12I1M3D3I10M1I3M2I5M2D18M1I1M1I2M31I4M2I10M22I2M5I1M1D5I2M1D1I2M1I4M7D9I1M2I1M2I1M1I5M2I2M11I3M1D1I2M12D24I18M1D8M2I1M24I4M1I5M16I1M7I11M1D11I7M10D1M12D1M15D3M2D5M
A0A3F3Q782_taxID_1341132_model_A	ref_1JS8_squid	5	330	863	1	262	2.593E-01	8.031E-01	8.060E-01	5.701E-01	351	27M1I3M11I11M14D40M1D6M7I10M7I3M4I3M5I3M13I10M1D37M2D1M2D34M1D5M3I5M1I2M13I11M17I3M5I2M1I5M1D5M1I5M3D6M
A0A3F3Q782_taxID_1341132_model_A	ref_I3D139_archaea	11	398	863	1	305	2.841E-01	7.607E-01	7.630E-01	5.774E-01	431	21M1I5M7I14M1D2M10D1M2D39M1I3M5I21M1D1M1D1M6D5M4I7M1D1I1M4D7I8M2D3M3D2M1D3M1D22M1D6M1D9M1I25M1I3M1I1M2I1M2I6M1I5M8I13M1I3M5I5M8D7M4I4M2I7M2I5M69I2M1I1M
A0A3F3Q782_taxID_1341132_model_A	ref_PmTYR	4	366	863	1	287	2.678E-01	7.723E-01	7.749E-01	6.432E-01	408	28M1I1M14I11M1D2M12D44M2D5I14M5D4M1D3M1D6M7I4M5I1M3I12M4D19M10D8M6D43M1I1M1I2M5I3M1I7M8I12M34I5M1I5M3D6M35I1M
A0A3F3Q782_taxID_1341132_model_A	ref_8BBR_Vspinosum	4	331	863	3	320	2.712E-01	6.771E-01	6.908E-01	5.343E-01	391	12M1D17M1I1M4I1M5I13M1D27M1D1M1D18M8I9M5I3M2I1M1I8M1D5M21D1I2M1D6M7D3I4M2D5M4D3M4D1M1D20M13D6M1D14M1I32M1I1M2I10M12I9M19I2M1D4I4M3I8M1I5M3D7M
A0A3F3Q782_taxID_1341132_model_A	ref_A0A9N8ELP9_oomycota	3	432	863	21	406	2.979E-01	5.951E-01	6.333E-01	5.508E-01	533	35M8D9I12M1D2M5D1M2D28M1D10M2I2M8I12M6D5M1D4M1I4M2I1M1I4M13D1I5M3D5M6D1I7M1D2M2D1M1D15M2D13M3D1M1D9M9D40M1I13M8D4I5M2D13M1I1M2D13I1M9D8I1M1D1I3M2D1M9D7M2D4M2D2M1D6M34I2M60I6M
A0A3F3Q782_taxID_1341132_model_A	ref_2Y9W_Abisporus	5	329	863	1	351	2.680E-01	6.246E-01	6.724E-01	5.305E-01	425	10M1D3M1D15M1I1M4I1M5I14M19D28M19D13M4D1I5M4I5M1D4M11D8I11M2I1M1I6M2D5I1M3I9M11D1M2D3M1D2M1D11M1D9M10D14M10D32M1I2M1I2M5I2M2I1M1I9M1D1I4M1D3M1D8M28I11M1I5M3D5M
A0A3F3Q782_taxID_1341132_model_A	ref_5M8L_human	4	276	863	46	361	2.668E-01	6.137E-01	8.010E-01	5.928E-01	345	32M1D5M12D18M1D1M17D25M1D1M1D18M8I11M4D5M2D5M2I3M4I9M2D18M7D19M10D8M14D42M1I2M2I1M5I11M7I10M
A0A3F3Q782_taxID_1341132_model_A	ref_1BT3_Ibatatas	4	331	863	45	332	2.401E-01	5.880E-01	6.811E-01	5.465E-01	395	28M1I2M4I1M5I17M16D23M1D3M1D16M8I3M3I4M5I5M3I2M24I7M3D5M17D10M2D8M14D5M1D11M7D32M4I1M5I3M2I3M13I10M1D18I2M6I2M4I7M2I4M4D7M
A0A3F3Q782_taxID_1341132_model_A	ref_5CE9_Jregia	4	331	863	44	334	2.412E-01	5.856E-01	6.772E-01	5.518E-01	397	28M1I2M4I1M5I13M1D3M15D24M1D1M1D12M3D4M1I1M7I11M4I2M35I4M1D1M3D5M17D10M2D8M14D5M1D10M7D35M1I2M5I3M2I3M13I5M1I3M19I3M3I4M4I7M1I5M3D7M
A0A2K5KUH5_taxID_9531_model_A	ref_5M8L_human	77	466	552	1	361	6.358E-01	9.674E-01	9.700E-01	7.333E-01	395	46M1I78M1D114M2D1M2D76M33I41M
A0A2K5KUH5_taxID_9531_model_A	ref_PmTYR	123	492	552	1	287	4.764E-01	8.948E-01	8.978E-01	6.302E-01	381	29M28I17M2D6I33M1I1M1I10M1D3M2D3M1D1M1D12M1D13M1D5M1I3M9I1M2I9M1I5M2D39M6I1M2I28M33I22M1I20M2I9M1I12M
A0A2K5KUH5_taxID_9531_model_A	ref_1JS8_squid	124	491	552	1	262	4.054E-01	8.192E-01	8.222E-01	5.255E-01	388	30M2I1M23I20M1D3I3M1I29M1I1M1I13M1I4M1I1M2I4M9I12M16I9M1I1M1I22M10I8M14I10M2D1M2D14M33I19M4D1M1D8M6I9M1D2M7D1M2D8M1I11M
A0A2K5KUH5_taxID_9531_model_A	ref_I3D139_archaea	130	485	552	1	305	4.261E-01	7.488E-01	7.511E-01	5.329E-01	407	25M2I1M19I20M3D7I32M1I1M1I10M1D7M1D10M5I10M9D5M1D6M1I2M3D8I11M1D4M2D4M1D14M10I8M12I1M1I6M1D10M1I8M33I43M25D1M3D10M1I5M
A0A2K5KUH5_taxID_9531_model_A	ref_5CE9_Jregia	69	498	552	1	339	4.425E-01	6.928E-01	6.947E-01	4.930E-01	492	3M2D6I7M16D5I8M4I1M7I2M1I1M6I33M4I1M19I22M4D4I3M1I50M1I1M2I4M9I1M1I5M1I1M24I8M2D6M16D10M2D6M2D4M6D3M4I6M13I11M7D15M33I28M6I9M5D11M1I16M1I1M
A0A2K5KUH5_taxID_9531_model_A	ref_1BT3_Ibatatas	68	496	552	1	336	4.372E-01	6.942E-01	6.960E-01	4.921E-01	496	4M5D9I3M18D6I8M4I1M7I2M1I1M7I33M23I22M4D5I53M1I1M2I4M9I1M1I5M1I1M24I7M3D1M8D3M6D2M1D11M2D6M2D4M6D3M4I6M13I11M6D1M1D14M33I18M1I4M2I3M6I9M5D11M1I16M
A0A2K5KUH5_taxID_9531_model_A	ref_8BBR_Vspinosum	112	496	552	1	324	4.258E-01	6.964E-01	6.984E-01	4.862E-01	444	1M9I13M1D19M23I16M16I43M1I12M7I2M5I6M4D2M2D2M22D3I9M1D1M5D1I4M1D6M2D1M1D1M1D5M2D17M2D4M5D4M4I5M13I17M1I8M33I19M3D11M3I10M6D1M1D10M1I16M
A0A2K5KUH5_taxID_9531_model_A	ref_A0A9N8ELP9_oomycota	68	498	552	8	412	4.805E-01	6.325E-01	6.442E-01	5.392E-01	539	2M3D29I2M9I4M6I32M1D6M6D21I18M9I32M1I11M1I1M1I15M1D2M1D20M12D5I5M4D4M7D1M1D8M1D18M1D6M9I6M1I2M1I1M8I13M9D14M33I20M4D4M2D7M13D2M1D9M2D4M30D9M2D11M2D2M5D6M
A0A2K5KUH5_taxID_9531_model_A	ref_2Y9W_Abisporus	124	490	552	1	351	4.292E-01	6.525E-01	6.542E-01	4.821E-01	451	10M2D19M5I1M18I18M11D9I33M17D14M3D8M1I7M11D7I11M2D7M1D7I1M2I9M7D5M2D2M2D2M1D11M1D6M2D10M2I5M14I10M10D15M33I22M1I3M1I4M1D1M3D1M4D3M1D8M3D21M
ref_5M8L_human	ref_5M8L_human	1	361	361	1	361	1.000E+00	1.000E+00	1.003E+00	1.000E+00	361	361M
ref_5M8L_human	ref_PmTYR	46	361	361	1	264	6.684E-01	8.334E-01	9.061E-01	7.082E-01	325	29M28I17M2D7I33M1I1M1I11M1D1M1D1M1D3M1D1M1D12M1D13M1D8M10I1M2I13M3I42M6I1M2I50M1I18M
ref_5M8L_human	ref_1JS8_squid	47	361	361	1	228	5.462E-01	7.370E-01	8.416E-01	5.764E-01	324	30M2I1M23I21M3I3M1I29M1I1M1I16M1I1M1I1M2I4M9I14M16I10M6I20M10I8M14I9M1D1M1D1M2D33M5D9M6I7M
ref_5M8L_human	ref_I3D139_archaea	53	361	361	1	259	5.886E-01	6.896E-01	8.052E-01	5.918E-01	332	25M2I1M19I21M1D1I1M1D5I1M1I30M1I1M1I10M1D7M1D10M5I10M9D5M1D5M1D2I2M4D9I10M1D1I1M1D2I8M1D14M10I8M12I1M1I7M1D9M1I49M
ref_5M8L_human	ref_5CE9_Jregia	8	361	361	3	304	5.857E-01	6.203E-01	6.909E-01	5.212E-01	410	7M20D7M4I1M7I2M1I1M5I33M4I1M19I22M4D5I2M1I51M1I1M2I4M9I1M1I5M1I1M24I7M9D9M3D1M2D11M2D6M2D4M6D3M4I6M13I12M7D32M1D5M1I4M6I7M
ref_5M8L_human	ref_A0A9N8ELP9_oomycota	23	361	361	14	339	6.356E-01	5.616E-01	7.010E-01	5.850E-01	403	2M9I4M1D7I30M1D6M6D21I18M8I1M2I29M1I13M1I1M1I15M1D3M1D19M12D5I6M4D3M7D2M1D9M3I17M1D6M9I6M1I2M1I1M8I12M1D1M8D34M4D2M2D9M13D2M1D9M
ref_5M8L_human	ref_1BT3_Ibatatas	8	361	361	3	302	5.820E-01	6.215E-01	6.913E-01	5.194E-01	410	7M22D7M4I1M7I4M7I32M23I22M4D5I2M1I51M1I1M2I4M10I6M1I1M23I8M5D1M2D7M5D2M1D11M2D6M2D4M6D3M4I6M13I12M7D32M1I4M2I3M6I7M
ref_5M8L_human	ref_8BBR_Vspinosum	36	361	361	1	288	5.576E-01	6.151E-01	6.860E-01	5.152E-01	377	1M8I13M1D19M23I17M17I42M1I12M7I2M5I8M2D2M3D2I1M2D1M18D6M1D2M8D2I4M1D6M2D2M2D2I24M2D4M5D4M4I5M13I16M1I28M4D10M4I8M
ref_5M8L_human	ref_2Y9W_Abisporus	47	361	361	1	324	5.766E-01	5.915E-01	6.525E-01	5.291E-01	392	10M2D19M5I1M18I18M11D9I3M1I30M17D14M3D8M2I7M11D6I11M2D7M1D7I1M2I8M8D6M1I7M1D11M1D6M2D10M2I5M14I10M10D41M1I5M3D1M4D3M1D5M
A0AAE8STA2_taxID_2041049_model_A	ref_PmTYR	565	882	905	1	287	2.483E-01	7.407E-01	7.432E-01	5.657E-01	365	28M2I1M2I14M12D23M5D10M1I14M2D5M10D11I5M2D10M1I1M1I7M1I2M7I2M1I6M1I17M1I3M6I2M14I12M6D48M2D1M8D8M16I9M1I10M10I1M2I1M
A0AAE8STA2_taxID_2041049_model_A	ref_1JS8_squid	566	869	905	1	262	2.326E-01	7.469E-01	7.496E-01	5.354E-01	342	23M1I3M2I4M2D10M2D2M10D4M1D20M5D9M2I2M6I11M10I6M1I8M5I8M9I1M1I15M2I4M32I20M4D30M1D1M5D1M1D4M2D1M2D11M1D1I4M2D8I22M
A0AAE8STA2_taxID_2041049_model_A	ref_2Y9W_Abisporus	566	868	905	1	351	2.746E-01	6.763E-01	7.778E-01	5.834E-01	389	10M2D14M1I8M2D10M18D26M24D12M1I5M1I2M1I5M1D10M2D1M1D16M2D1M1D3M1D10M3D4M1I2M1I21M1D7M1I2M5I5M11I4M4I15M10D38M18D11M2I2M1I1M7I10M1I10M
A0AAE8STA2_taxID_2041049_model_A	ref_8BBR_Vspinosum	520	878	905	1	324	2.612E-01	6.840E-01	6.859E-01	5.337E-01	427	1M1I1M42I12M1D13M1I8M2D36M7D10M2I2M7I8M1I1M11I4M1D1M2D3M1D1M1D3M36D1M3D11M2I4M1I1M3I12M1D14M1D12M14I1M1I1M4I6M1D15M1I27M4D4M7D17M7I10M1I11M3I1M1I4M
A0AAE8STA2_taxID_2041049_model_A	ref_I3D139_archaea	572	863	905	1	305	2.442E-01	6.887E-01	7.194E-01	5.542E-01	362	24M3D16M12D23M5D13M4I8M2D4M5D3M5D6I6M1D1I11M4D13M4I1M3I25M31I8M1D7M1D9M1I28M1D3M10D11M20D4I5M1I1M1I11M1I5M
A0AAE8STA2_taxID_2041049_model_A	ref_1BT3_Ibatatas	107	875	905	33	336	2.610E-01	6.636E-01	7.302E-01	5.405E-01	817	1M62I1M2I1M2I1M1D1I3M2I2M378I31M1I4M2D13M15D23M7D10M1I1M6I12M11I6M14I1M1I11M8D2I6M1D15M2D6M1D7M1D5M16I1M3I7M1D9M6D1M1D37M2D6M1I4M1I5M7I8M1I13M1I5M
A0AAE8STA2_taxID_2041049_model_A	ref_5CE9_Jregia	170	876	905	30	339	2.631E-01	6.618E-01	7.198E-01	5.344E-01	757	4M2I1M1I4M1I2M328I1M49I31M1I4M2D13M15D23M7D10M1I1M6I12M11I6M14I1M1I11M9D2I21M2D6M1D7M1D5M14I1M5I7M1D9M6D1M1D30M1D1M2D6M2D6M1I4M1I5M7I8M1I13M1I6M
A0AAE8STA2_taxID_2041049_model_A	ref_5M8L_human	72	851	905	13	361	2.453E-01	5.707E-01	5.893E-01	4.644E-01	877	1M2I6M1D1I1M4D3I7M85I3M1D1I7M373I1M1I32M24D15M17D24M7D10M2I4M3I6M1D6M8D9I16M13D3I11M6I1M2D2I6M1I17M1I3M6I2M14I12M13D1M1D47M1D4M1D1M1D1I2M2D14I6M
A0AAE8STA2_taxID_2041049_model_A	ref_A0A9N8ELP9_oomycota	180	883	905	15	412	2.593E-01	5.416E-01	5.602E-01	5.213E-01	845	1M2D332I3M48I26M1I7M11D13M7D24M5D1M1D9M2I1M4I13M11D11I10M2D1M25D3M3D14M8I1M1I6M1I17M2I1M27I8M3D1M1D9M9D34M1D1M2D1M2D2M2D1M24D6M3D9M19D4I13M2D13M2D2I1M3D3I5M1D1I2M
A0A4Q4MYG0_taxID_119927_model_A	ref_PmTYR	56	385	385	1	284	6.328E-01	8.385E-01	8.498E-01	6.244E-01	354	1M2I28M13I14M10D26M1I16M2D10M1I2M1I9M18I12M1D6M1I1M12I2M1I13M1D16M3I5M10D10M1I1M1I49M1I8M6I13M5I12M3I6M
A0A4Q4MYG0_taxID_119927_model_A	ref_1JS8_squid	59	385	385	1	261	5.643E-01	8.107E-01	8.165E-01	5.487E-01	352	32M10I10M3D2M8D27M1I16M1I2M2I1M1I1M1I1M4I4M28I12M18I13M1I5M1I9M3I13M7I1M1I9M2D1M2D33M3D9M9I4M1I4M1D2M1D1M1D5M2D1M2D10M1I1M1I7M
A0A4Q4MYG0_taxID_119927_model_A	ref_I3D139_archaea	65	381	385	1	305	6.020E-01	7.501E-01	7.524E-01	5.710E-01	368	28M5I1M1I14M10D26M1I19M1I5M1I3M1I6M24I9M10D4M1D7M2I5M7I8M1D1M1D1M1D8M1D9M3I13M7I8M1D8M1I39M6I13M22D2M1D2M2D12M1I1M2I2M
A0A4Q4MYG0_taxID_119927_model_A	ref_A0A9N8ELP9_oomycota	42	385	385	1	396	6.735E-01	6.322E-01	7.498E-01	5.714E-01	445	2M1I3M7D1I42M10D9I14M5D43M4I2M1I5M2I1M1I9M16I19M18D9I8M8D7M1D23M1I14M4I13M9D34M1D1M2D2M2D2M1D2M2D6M5D7M1D8M1D5M2D1M26D22M
A0A4Q4MYG0_taxID_119927_model_A	ref_5M8L_human	50	357	385	35	361	6.158E-01	6.540E-01	7.604E-01	5.485E-01	368	4M3D1M2D2I32M2D6M13D19M15D30M1D16M2I1M1I3M1I1M1I10M18I21M2D7I3M1D4M1D12M4D17M3I5M10D10M6D61M2I1M3I5M1I5M
A0A4Q4MYG0_taxID_119927_model_A	ref_8BBR_Vspinosum	39	385	385	1	317	5.831E-01	6.841E-01	6.994E-01	5.143E-01	408	1M16I1M1I12M1D22M8I14M2I29M1D12M2I2M1I4M1I3M1I3M27I2M4I6M4D2M2D1M28D10I7M3D5M1D5M5D3M1D15M1I1M2I10M7D1I6M1D1I18M1I28M2D7M1D1I2M8I13M3D1M1D13M1I1M2I7M
A0A4Q4MYG0_taxID_119927_model_A	ref_2Y9W_Abisporus	59	385	385	1	350	6.058E-01	6.588E-01	7.050E-01	5.233E-01	405	10M1D3M1D20M8I11M2D1M14D31M17D2M1D22M4I6M14D27I9M1D7M4I4M6I8M8D1M2D1M1D7M1D12M2I19M2D12M10D36M1I11M2D19M1D13M1I1M2I6M
A0A4Q4MYG0_taxID_119927_model_A	ref_1BT3_Ibatatas	51	385	385	40	329	5.535E-01	6.295E-01	7.253E-01	5.576E-01	390	5M2I34M8I15M13D30M1D15M2I1M1I1M1I1M4I4M29I7M27I7M3D7M15D11M1I9M14D5M7I12M7D32M2I1M1I4M12I12M2D16M3I6M
A0A4Q4MYG0_taxID_119927_model_A	ref_5CE9_Jregia	50	385	385	38	331	5.547E-01	6.244E-01	7.142E-01	5.314E-01	386	6M2I34M8I15M13D30M1D8M1D7M2I19M10D9I7M46I3M2D2I13M1I11M14D5M7I12M7D40M12I12M2D16M3I6M
H6UTE2_taxID_1136445_model_A	ref_5M8L_human	1	167	167	1	170	8.721E-01	4.248E-01	8.769E-01	8.187E-01	171	91M2D27M1I2M2D46M
H6UTE2_taxID_1136445_model_A	ref_5CE9_Jregia	2	167	167	1	275	5.813E-01	3.057E-01	5.876E-01	5.994E-01	322	2M4I4M1I2M21D7M4I1M7I2M1I1M5I34M21I19M1D3M2D2M1I3M2I3M1I35M132D1M
H6UTE2_taxID_1136445_model_A	ref_1BT3_Ibatatas	2	167	167	1	144	5.752E-01	3.043E-01	6.604E-01	6.058E-01	193	2M4I4M1I2M23D1M1D1I5M4I1M7I5M7I31M21I19M1D3M2D2M1I3M2I3M1I36M
H6UTE2_taxID_1136445_model_A	ref_1JS8_squid	46	167	167	1	194	4.357E-01	2.941E-01	5.717E-01	5.094E-01	223	6M1I1M1I5M1D17M2I1M21I21M2I3M1I29M1I7M98D2M2D1M
H6UTE2_taxID_1136445_model_A	ref_A0A9N8ELP9_oomycota	9	167	167	9	281	3.989E-01	1.924E-01	4.159E-01	4.491E-01	329	1M2I2M1I4M1I6M6I3M2I1M8I6M5D5I14M1D2M2D3M1D2M22I6M1D2M1D9M9I35M1D3M156D3M2D1M
H6UTE2_taxID_1136445_model_A	ref_PmTYR	1	154	167	46	225	3.468E-01	2.314E-01	3.673E-01	2.981E-01	234	12M7D4I1M2D2I2M2I9M3D6I10M1D5M1I3M1I3M1D1I3M4D5M5D3M4D2M1D8M12I11M30D21I1M10D3I4M1D9M1D2M3D1M5D1M2D1I5M
A0A2R6W9Z2_taxID_3197_model_A	ref_1BT3_Ibatatas	135	423	423	1	245	5.462E-01	6.825E-01	9.281E-01	7.275E-01	292	9M1I6M1D3M1I1M1I1M3I11M1I9M1I2M1I12M2I45M12I1M1I1M2I46M4I12M16I24M1D25M1D15M1I19M
A0A2R6W9Z2_taxID_3197_model_A	ref_5CE9_Jregia	135	423	423	1	244	5.474E-01	6.787E-01	9.360E-01	7.367E-01	292	9M2I8M1I3M1I1M3I9M1I12M1I12M2I45M12I1M1I1M2I46M4I12M16I23M2D8M1I15M1D17M1I19M
A0A2R6W9Z2_taxID_3197_model_A	ref_2Y9W_Abisporus	188	423	423	1	248	3.980E-01	4.726E-01	6.796E-01	5.580E-01	289	47M2I4M6D6I1M1D11I1M1D1I33M17D34M1I17M18D1M1D2M8D6M1I4M4I2M7I2M1I23M6I6M1D6M1I6M
A0A2R6W9Z2_taxID_3197_model_A	ref_I3D139_archaea	194	423	423	1	200	3.530E-01	4.772E-01	7.002E-01	4.961E-01	261	4M2I20M2D17M1I1M1I3M15I2M1I32M2I15M2I6M1D1M2D4M5D4M5D6I2M2I8M16D17M12I1M1I11M1I8M15I13M
A0A2R6W9Z2_taxID_3197_model_A	ref_5M8L_human	138	423	423	7	302	3.856E-01	4.425E-01	5.408E-01	4.395E-01	377	8M24I8M3D1M6D6M5D15M2D17M1D3M17D1M1D20M9D22I47M2I7M1D3M9D6M11I6M19D8M4I3M1D1I6M6I2M2I2M2I12M2I6M5I4M4D6M13D8M
A0A2R6W9Z2_taxID_3197_model_A	ref_1JS8_squid	184	423	423	1	177	3.105E-01	4.723E-01	6.594E-01	4.067E-01	260	1M3I12M1D13M1I2M1I1M4I13M1I7M16I1M3D3I28M1I3M1I14M4I8M1I4M14I5M6D5M1I1M5I4M11I2M3I2M1I8M1D2M2D7M12I12M7D2M
A0A2R6W9Z2_taxID_3197_model_A	ref_A0A9N8ELP9_oomycota	105	421	423	14	382	2.608E-01	2.658E-01	3.176E-01	2.751E-01	506	1M1D1I4M1I9M3D2I14M87D6M1D8M34D1M7D5M7D7I11M4D6I1M2I1M2D2I13M3I3M1I2M1I3M1I2M7I14M3D6M4D23I17M2I1M2D11I5M7D6I4M1D7M1I3M18I9M1I2M5I4M8I1M2I2M1I16M24D23I4M2D2I1M
A0A2R6W9Z2_taxID_3197_model_A	ref_8BBR_Vspinosum	151	366	423	9	324	2.210E-01	2.710E-01	3.588E-01	2.716E-01	389	4M6I5M1D2M1D3M2D2M1D4M7D3I1M3D3I1M2D2I8M1I3M4I2M1I17M1D1I1M1D9M4D1I9M4D1I4M2D2M49D3M5D10I8M50D16M5D11I1M2D2I1M2D13I7M7D5M3D2M1D3M15D2M2D2I7M3D9M12I2M
A0A0L8IDI7_taxID_37653_model_A	ref_PmTYR	622	879	985	1	287	2.362E-01	7.918E-01	8.814E-01	6.524E-01	308	29M3I14M10D43M2D18M3D9M1I6M9D9M1D1M2D19M10D8M6D15M1D36M6D21M1I7M14I1M2I1M
A0A0L8IDI7_taxID_37653_model_A	ref_1JS8_squid	623	883	985	1	262	2.184E-01	7.798E-01	7.855E-01	5.645E-01	298	42M2D1M1D1M8D43M1I1M2I2M1I1M1I1M2I4M7I11M3D48M2D1M2D4M1D26M3D1M1D6M2D13M12D10M1I8M21I1M
A0A0L8IDI7_taxID_37653_model_A	ref_1BT3_Ibatatas	517	889	985	1	336	2.470E-01	6.817E-01	6.835E-01	5.125E-01	447	2M9I5M1D11M4D19I3M4I1M2I6M4I1M2I2M26I41M2D14M13D27M1D1M1D13M1I2M2I3M1I1M2I4M8I5M1I1M5I8M3D1M1D4M16D10M2D8M14D5M1D10M7D5M1D27M1I1M1I14M7D13M1I9M19I1M3I3M
A0A0L8IDI7_taxID_37653_model_A	ref_5CE9_Jregia	517	889	985	1	339	2.471E-01	6.760E-01	6.779E-01	5.153E-01	450	2M9I5M1D8M5D22I3M4I1M2I6M4I1M2I2M26I7M1D34M2D14M13D27M1D1M1D13M1I2M2I3M1I1M2I4M8I5M1I1M5I8M4D5M16D10M2D8M14D5M1D10M7D5M1D27M1D17M7D13M1I9M19I1M2I4M
A0A0L8IDI7_taxID_37653_model_A	ref_I3D139_archaea	629	857	985	1	305	2.185E-01	6.800E-01	8.976E-01	5.888E-01	311	23M4D16M10D45M1I14M3I11M7D3M16D8M2D1M1D2M2D4M1D22M1D7M1D43M1D1M6D9M30D12M1I1M1I1M
A0A0L8IDI7_taxID_37653_model_A	ref_8BBR_Vspinosum	621	888	985	2	324	2.210E-01	6.426E-01	7.712E-01	5.354E-01	363	13M1D20M2D14M2I25M1D1M1D14M2I1M2I1M1I1M1I1M2I4M8I12M51D1M1D5M6D6M2D19M13D5M1D41M3D7M3D2M1D10M9D10M1I11M19I1M2I3M
A0A0L8IDI7_taxID_37653_model_A	ref_A0A9N8ELP9_oomycota	523	888	985	6	412	2.494E-01	5.733E-01	6.426E-01	5.602E-01	511	6M2D83I1M2I1M1D1I37M11D14M5D31M1D10M5I14M3D1M1D9M1I6M39D8M1D3M2D13M2D12M4D11M9D5M1D28M1D1M3D1M2D6M21D7M3D2M31D8M2D13M11I13M1I1M
A0A0L8IDI7_taxID_37653_model_A	ref_2Y9W_Abisporus	622	883	985	1	351	1.952E-01	4.812E-01	6.113E-01	3.399E-01	388	7M2D2M1D1M2D20M1D1M1D1I2M1D3M1D5M11D26M1I8M19D8M8D13M13D6M9I6M8D3I4M1D2M2D1M5D2M1D3M2D3M1D10M1D1M1D1M1D1M5D1M9D1M1D3M1D13M6D11M1I3M1I17M1D20M5D1I3M15D13M16I1M2I1M2I2M
A0A0L8IDI7_taxID_37653_model_A	ref_5M8L_human	20	960	985	41	360	1.332E-01	2.921E-01	3.172E-01	1.704E-01	1083	1M44D349I7M1I1M1I1M4I1M8I1M5I4M17I4M17I3M5I16M8D7I4M1D6M19I11M6D19I5M20I5M10D17I1M1D2I3M1I5M9I12M2I3M6D30I5M7D1M3D4M1I2M26I4M1I1M6I8M20D23I2M17I8M5D25I1M1D1I19M1I4M12D32I3M9D80I2M1D4I2M3I12M8D9I5M1I1M
A0ABQ9EAQ1_taxID_220873_model_A	ref_PmTYR	1	208	507	18	287	3.465E-01	5.877E-01	7.910E-01	5.251E-01	281	1M1D2M1D5M3D2M39D8M2D34M5D10M2D5M5D1M1D9M2D1M1D19M2D9M1D5M6D44M2I2M1I9M1D4M1D4M3I22M5I1M
A0ABQ9EAQ1_taxID_220873_model_A	ref_1JS8_squid	1	202	507	16	262	3.034E-01	5.545E-01	7.018E-01	4.781E-01	274	1M2D2M1D5M49D8M1D1I2M1I10M2I2M2I1M2I3M1I1M2I4M4I11M1D2M1D33M7I14M2D1M2D55M10D4I1M3D7M1I12M
A0ABQ9EAQ1_taxID_220873_model_A	ref_I3D139_archaea	1	197	507	11	305	3.090E-01	4.915E-01	7.254E-01	4.584E-01	312	1M1D2M1D5M10D2M39D8M2D12M1I6M2I14M1I8M10D4M3D1M9D7M1D2M3D2M2D3M1D19M6I12M1D9M1I27M2I13M1D2M2D5M10D3I1M12D1M7D1I14M
A0ABQ9EAQ1_taxID_220873_model_A	ref_1BT3_Ibatatas	1	226	507	61	335	2.846E-01	4.081E-01	5.744E-01	4.152E-01	326	1M1D8M55D6M1D16M1I2M2I1M2I1M1I3M2I4M5I6M1I1M5I5M1D1M5D2M2D3M9D1M2D11M2D11M7D9M1D11M7D32M4I1M1I7M3I7M7D4I24M20I1M
A0ABQ9EAQ1_taxID_220873_model_A	ref_8BBR_Vspinosum	33	367	507	9	315	2.373E-01	3.342E-01	3.477E-01	2.395E-01	466	3M10D47I2M1D1I13M3I24M44D20I1M4D2I19M1D5M2D2I16M1I8M1D1M4D6M1D6M4I4M8I6M3I2M1I5M1I5M14I11M34D3I1M2D2M2D7M13I10M2D8M11D29I2M3D3M8D6I5M1D1I1M
A0ABQ9EAQ1_taxID_220873_model_A	ref_A0A9N8ELP9_oomycota	36	386	507	1	376	2.567E-01	2.993E-01	3.358E-01	2.279E-01	526	1M1I2M2D11I5M15I7M5D2I7M7D1M1D7M1D7M2D1M2D3M1D9M1D1I2M2D6I1M2D2I7M2D5M1D3M1D2M2D1M14D3M8D2M2D4M11D12M5I8M3D1M5D5M6D4M4D3M2D7M1D3M2D1I15M5D1M2D1M49D6I2M1D9M1I9M2D3I3M21D13I18M2I8M5D13I2M1I6M1I1M61I1M1I1M4I1M
A0ABQ9EAQ1_taxID_220873_model_A	ref_2Y9W_Abisporus	79	428	507	4	340	2.286E-01	3.016E-01	3.115E-01	2.116E-01	512	11M1D13M8D7I2M2D2I2M1I2M2I1M3I4M14D2M54D8I1M12D2I14M5D1I5M1I2M4D6I1M1I6M2D1M3D6M1I2M7D7I9M1D3I3M7I4M6I8M3D3I1M2D2I13M32D16I3M1D1I2M1D1M1D3M1D2M1D5M1I1M6I1M2D2I6M2I13M2I3M2I1M1I1M1I1M1D42I8M6I1M4D30I10M
A0ABQ9EAQ1_taxID_220873_model_A	ref_5M8L_human	43	453	507	2	338	2.088E-01	2.688E-01	2.823E-01	1.695E-01	584	7M5I1M1I4M1D73I7M3D8M3D19I11M31D22I5M5D3I7M1D1I6M8D5I2M2D1I1M2D13M4I4M11I13M1D2M1D2M1D2M10D8I4M2D40I5M2I10M46D12I12M2D2M3D2M2D8M11D4M1D3M7I6M6D12I3M1D3M2D1M14D1M2D2M10D19I1M2D2I2M
A0A5N6DC68_taxID_5067_model_A	ref_PmTYR	515	769	769	1	283	2.757E-01	7.120E-01	7.996E-01	6.431E-01	316	29M8I15M9D1M1D24M1I16M1D1M1D11M1I10M1I1M5I9M2D5M1I17M5I7M39D1M1D5M1D1M3D3M3D26M1I2M1I7M3I14M4I12M2I5M
A0A5N6DC68_taxID_5067_model_A	ref_1JS8_squid	516	769	769	1	261	2.491E-01	6.914E-01	7.142E-01	5.602E-01	312	30M1I1M4I11M3D2M8D27M1I16M1I1M2I2M1I1M1I1M3I4M16I5M1D6M5I11M7I7M23D6M1D1M7D3M3D26M3D10M7I3M1I5M1D1M1D1M1D2M1D1M3D2M1D10M1I6M1D1M
A0A5N6DC68_taxID_5067_model_A	ref_I3D139_archaea	522	766	769	1	305	2.685E-01	6.466E-01	7.965E-01	5.767E-01	330	28M1I16M9D1M1D24M1I19M1I8M1I6M12I8M10D5M2D5M4D12M3I5M1D4M1D1M23D1M1D4M1D1M1D1M3D3M2D30M1I7M2I3M1I10M24D3M2D13M2I2M
A0A5N6DC68_taxID_5067_model_A	ref_8BBR_Vspinosum	513	769	769	1	316	2.600E-01	5.833E-01	7.232E-01	5.281E-01	355	12M1D24M3I14M2I29M1D12M2I2M1I7M1I3M15I2M4I6M4D2M33D1M1D3M3D5M1D6M1D3I10M1D1M38D1M1D5M1D1M3D3M2D26M2D11M6I12M5D13M1I1M1I6M
A0A5N6DC68_taxID_5067_model_A	ref_A0A9N8ELP9_oomycota	502	769	769	7	398	2.983E-01	5.365E-01	8.007E-01	5.751E-01	411	13M1D1M1D32M10D4I14M5D42M5I8M1I12M5I14M29D4M1D1M1D12M4I8M27D1M1D1M1D4M1D4M11D1M4D26M2D1M1D2M2D5M2D4M9D20M30D8M2D10M2D1M
A0A5N6DC68_taxID_5067_model_A	ref_2Y9W_Abisporus	516	769	769	1	350	2.664E-01	5.499E-01	7.375E-01	5.065E-01	377	10M2D20M3I14M2D1M14D31M17D2M1D11M3D8M1D2M1D5M10D19I5M1D12M3D12M4D2I5M1D3M2D1M40D2M1D5M9D1M1D2M3D29M2I10M5D17M1D1M1D11M1I7M
A0A5N6DC68_taxID_5067_model_A	ref_5CE9_Jregia	56	769	769	5	330	2.558E-01	5.323E-01	5.522E-01	4.489E-01	811	1M2I9M34I1M57I3M15I2M13I1M1I1M14D313I20M2I2M1I10M1D23M13D29M1D13M1I3M3I2M1I1M2I3M19I8M9I7M6D1M6D10M1D3M1D1M36D2M1D7M10D1M4D34M10I11M2D7M1D8M2I5M
A0A5N6DC68_taxID_5067_model_A	ref_1BT3_Ibatatas	56	769	769	6	327	2.352E-01	4.744E-01	4.922E-01	3.477E-01	813	1M3I10M28I2M1I2M54I5M10D346I16M1I1M1D1I2M1I14M1D6M2D2I6M1I9M13D3M1D34M5I5M2I1M7I3M13I2M2I4M4D7M3I1M1D1I10M7D1M3D6M1D4M1D1M28D1M1D1M1D7M12D1M5D2M1D1M1D1M1D16M2D2M1I3M1I6M13I1M2I14M1I6M2D2I5M
A0A5N6DC68_taxID_5067_model_A	ref_5M8L_human	42	764	769	1	336	2.033E-01	3.836E-01	4.064E-01	2.804E-01	863	1M1I3M6I2M1I2M1I1M1I2M79I2M2I2M31D365I12M1D15M1I8M16D4M1D14M11D28M2D1M4D8M5D3M1D2M5D1I4M2D11M19I1M1I2M1I1M1I6M1D1M6D10M8I1M3I6M1D1I1M2D18I1M2D2I23M1I1M1I7M2D1I1M47D12I9M
A0ABR8F8G4_taxID_2692906_model_A	ref_I3D139_archaea	57	395	407	1	305	6.722E-01	8.878E-01	8.906E-01	6.933E-01	356	43M1I4M1I1M3I43M1D1M1D18M15I11M7D28M1D1M1D8M1D22M14I12M15I5M1I26M1I9M1D28M3D2M1D26M
A0ABR8F8G4_taxID_2692906_model_A	ref_PmTYR	50	402	407	1	287	6.291E-01	8.828E-01	8.858E-01	7.134E-01	371	29M7I18M6I4M1D42M2D1M2D2M1D17M10I6M1D6M1I4M3I2M4I16M1D4M1I16M10D10M9I14M16I36M1I22M26I20M
A0ABR8F8G4_taxID_2692906_model_A	ref_1JS8_squid	51	401	407	1	262	5.637E-01	8.504E-01	8.539E-01	5.830E-01	360	30M2I1M2I20M4I50M1I1M1I1M2I4M20I5M1D2I6M1I1M1I1M9I8M1I2M2I28M15I12M12I35M5D10M6I12M17I5M2D2M1D19M
A0ABR8F8G4_taxID_2692906_model_A	ref_A0A9N8ELP9_oomycota	40	407	407	14	404	6.708E-01	6.631E-01	7.394E-01	6.304E-01	456	3M1I2M1I32M1D5M7D1I18M10I33M1D12M1I1M1I15M9I7M1D4M3I5M1D1M18D1M6D38M2D11M1I1M1I2M9I18M7I38M5D2M1D9M14D11M2D4M15D20I1M11D11M3D18M
A0ABR8F8G4_taxID_2692906_model_A	ref_5M8L_human	32	353	407	27	361	6.157E-01	6.893E-01	7.696E-01	5.918E-01	377	11M1D1I1M3D2I35M2D1M19D22M6D6I32M1D1M1D31M10I11M1I1M1I4M2I9M4D1M3D11M1D1M2D1M1D4M1I16M10D13M2I5M1D12M1I1M15I56M
A0ABR8F8G4_taxID_2692906_model_A	ref_2Y9W_Abisporus	51	400	407	1	351	5.946E-01	6.808E-01	6.844E-01	5.474E-01	422	10M1D3M1D17M2I15M1I4M10D9I4M1D27M19D12M6D6M1D8M10D21I6M1I12M2I12M8D1M1D6M1D3M1D11M1D11M1D1I5M5I3M1D1I19M6I38M2I9M5D2M4D12M20I23M
A0ABR8F8G4_taxID_2692906_model_A	ref_1BT3_Ibatatas	35	404	407	37	333	5.719E-01	6.842E-01	7.695E-01	5.652E-01	407	6M7I33M2I24M1I9M1I25M1D1M1D18M1I1M2I4M20I5M4I1M18I8M10D5M6D2M1D11M2D8M14D5M14I14M9I38M1I3M2I3M6I9M2D19I4M2I21M1I2M
A0ABR8F8G4_taxID_2692906_model_A	ref_5CE9_Jregia	34	403	407	34	335	5.738E-01	6.802E-01	7.583E-01	5.586E-01	408	7M3I1M2I1M1I32M2I25M1I8M1I25M1D1M1D19M3I4M20I5M4I1M18I8M10D2M1D1M1D1M1D1M3D2M1D11M2D8M14D5M14I14M9I37M1D4M1I5M6I9M2D19I4M2I23M
A0ABR8F8G4_taxID_2692906_model_A	ref_8BBR_Vspinosum	48	401	407	1	319	5.617E-01	6.926E-01	7.046E-01	5.313E-01	410	14M1D19M2I17M17I25M1D1M1D26M24I9M2D3M2D1M30D13M1D5M5D30M8D1I6M8I13M16I5M1I28M2D11M1I1M1I11M3D18I4M2I21M
A0A9P5BEY1_taxID_1803897_model_A	ref_1JS8_squid	446	687	687	18	259	2.644E-01	6.474E-01	6.985E-01	5.522E-01	284	4M1D3I2M1I4M1I5M1D6M3D4M7D39M4D1M1D4M1D3M1D10M6D14I7M6I2M1I3M1I1M1I23M1I9M2D1M2D2M1D30M4D8M11I10M2D1M1D2M1D1M3D2M1D11M2I5M
A0A9P5BEY1_taxID_1803897_model_A	ref_PmTYR	445	687	687	18	283	2.675E-01	6.030E-01	7.027E-01	5.674E-01	306	5M1D4I1M2I6M1I10M1I4M10D36M2D2M8D2M1D7M13D6M2D2M10D13I6M2I2M1I4M1I2M2I16M10D8M5D14M1D32M1I8M6I13M4I12M2I5M
A0A9P5BEY1_taxID_1803897_model_A	ref_I3D139_archaea	445	684	687	11	305	2.745E-01	5.783E-01	7.167E-01	5.491E-01	322	5M1D3I8M2D1M1D12M1I4M9D1M1D35M6D4M2D7M7D5M11D2M4D1M6D1I1M5D10I9M1I2M1I7M1I2M1I29M1D48M6I11M23D4M3D13M2I2M
A0A9P5BEY1_taxID_1803897_model_A	ref_1BT3_Ibatatas	219	687	687	12	328	2.883E-01	5.469E-01	5.768E-01	5.104E-01	552	5M1D7M1I2M1D30I4M136I3M25D39I6M1D1I11M1D2M1D13M12D27M1D1M2D7M2D1M1D12M1D1M1D7M2D10I8M2D1M1D8M1D1I15M2D8M14D16M6D1M1D2M1D29M2I1M1I4M12I12M2D1M1D14M2I5M
A0A9P5BEY1_taxID_1803897_model_A	ref_5CE9_Jregia	220	687	687	12	330	2.889E-01	5.417E-01	5.718E-01	5.108E-01	551	11M1I2M1D30I3M137I3M27D39I16M1D4M1D13M12D27M1D1M2D7M2D1M1D12M1D1M1D7M2D10I8M2D10M2D1I14M2D8M14D16M6D1M1D2M1D37M12I12M2D1M1D14M2I5M
A0A9P5BEY1_taxID_1803897_model_A	ref_8BBR_Vspinosum	446	687	687	19	316	2.729E-01	5.425E-01	7.031E-01	5.398E-01	326	4M1D1I1M1D1I26M1I25M1D2M1D8M2D9M1I4M1D3M5D2M48D5M4D6I5M1I1M1I1M6I27M12D1M1D47M2D10M8I14M4D2M1D10M1I1M1I6M
A0A9P5BEY1_taxID_1803897_model_A	ref_2Y9W_Abisporus	444	687	687	18	349	2.846E-01	5.252E-01	7.270E-01	5.355E-01	352	6M1D3I13M1D6M3D3M12D31M18D2M1D7M10D6M3D1M2D3M9D4M1D2M1D2M9D2M1D3M11D9I8M2I1M1I3M1I4M1I10M1D9M9D15M10D3M1D32M1I11M2D19M1D1M1D12M2I5M
A0A9P5BEY1_taxID_1803897_model_A	ref_5M8L_human	219	662	687	4	361	2.625E-01	4.740E-01	4.788E-01	4.805E-01	598	2M73D42I7M102I2M28I4M11I8M2I2M2I1M3I1M25I1M2I13M13D29M1D1M1D9M6D10M13D4M1D4M21D13I15M1I2M2I16M10D8M13D14M1D38M1D4M2I1M5I8M
A0A9P5BEY1_taxID_1803897_model_A	ref_A0A9N8ELP9_oomycota	442	687	687	34	398	2.776E-01	4.354E-01	6.686E-01	4.608E-01	380	2M1D1I7M1D1I6M5D2M5D17M4D27M1D1M1D17M2I14M3D1I5M1D1I1M48D1M2D7M5I2M1I7M1I3M1I26M1D3M11D2M1D1M1D4M1D2M1D24M2D2M1D3M2D6M5D1I6M2D14M30D12M1D6M3D1M
A0A918GY00_taxID_1951_model_A	ref_PmTYR	1	285	285	2	287	9.154E-01	9.091E-01	9.185E-01	8.363E-01	299	46M2D46M4D19M1D12M1I1M1I7M1D14M2D5M10I23M1D12M1D16M1D52M1I11M1D8M
A0A918GY00_taxID_1951_model_A	ref_I3D139_archaea	7	279	285	1	305	7.985E-01	7.482E-01	8.350E-01	7.295E-01	333	22M7D17M4D2I43M1D18M5I11M6D6M2D3M6D12M1D1M1D2M1D5M8I15M9I8M4I8M1D37M1D23M29D14M
A0A918GY00_taxID_1951_model_A	ref_1JS8_squid	1	285	285	1	262	7.322E-01	7.926E-01	7.954E-01	6.354E-01	316	29M3D16M6D3I46M1I1M1I1M1I1M2I4M9I7M3I7M2I1M1I7M1I1M1I4M1I2M8I15M9I8M5I10M2D1M2D4M1D28M3D2M2D7M4I2M1I8M9D1M2D11M1D6M1I1M
A0A918GY00_taxID_1951_model_A	ref_5M8L_human	1	262	285	47	361	7.941E-01	6.341E-01	8.622E-01	6.785E-01	330	28M28D17M7D33M1D1M1D17M1I19M1D6M4I8M13D12M3D1M2D5M10I23M1D12M9D16M1D39M1D10M
A0A918GY00_taxID_1951_model_A	ref_8BBR_Vspinosum	1	285	285	4	321	7.494E-01	6.651E-01	7.519E-01	6.051E-01	362	11M1D17M1D1M4D13M10I25M1D1M1D16M3I3M3I2M11I13M4D1M3D1M33D2M2D1M1D4M1D5M5D10M8I16M3D3M4D5M3I5M4I44M3D10M2I11M8D14M1D6M1D1M
A0A918GY00_taxID_1951_model_A	ref_A0A9N8ELP9_oomycota	1	285	285	23	401	8.249E-01	5.814E-01	8.276E-01	6.773E-01	407	28M1D1M13D16M3I33M1D9M1I2M1I2M1I15M2D10M4I4M29D3M4D8M1D11M9I10M1D6M8I6M1I16M9D5M1D28M1D1M2D1M4D8M13D2M1D9M2D2M29D1M2D8M3D2M1D9M2D1M
A0A918GY00_taxID_1951_model_A	ref_2Y9W_Abisporus	1	284	285	1	351	7.653E-01	6.311E-01	7.703E-01	5.971E-01	381	10M2D19M5D13M13D3M5I29M17D1M2D11M2D9M2I6M14D8I6M3I4M1D2M2D1M3D10M8D1M1D12M6I10M1D6M2D10M1I5M5I10M10D5M1D38M8D14M5D19M
A0A918GY00_taxID_1951_model_A	ref_1BT3_Ibatatas	1	285	285	46	333	7.376E-01	6.321E-01	7.400E-01	6.260E-01	336	29M5D15M1D2M5D1I31M1D1M1D10M1D1M1D3M2I1M1I2M3I4M10I5M5I1M10I8M3D1I7M6D8M1D10M2D5M3D4M5D4M3I6M4I12M7D4M1D27M2I4M1I3M5I8M6D14M1D7M1D1M
A0A918GY00_taxID_1951_model_A	ref_5CE9_Jregia	1	285	285	45	335	7.384E-01	6.280E-01	7.408E-01	6.149E-01	336	29M5D15M1D2M5D1I31M1D1M1D10M1D1M1D3M2I1M1I2M3I4M10I5M5I1M10I8M3D1I7M7D18M2D5M3D4M5D4M3I6M4I11M7D5M1D37M5I8M6D14M1D7M1D1M
A0A2A6C3B5_taxID_54126_model_A	ref_PmTYR	15	251	704	1	287	2.743E-01	6.354E-01	7.589E-01	5.216E-01	312	46M1D1I4M1D12I64M4D9M2D5M4D3M1D10M2D4M38D2M1D5M5D2M1D1M2D2M1D10M2D12M3I3M1D2I2M2I1M3D5I2M1D5M5D20M
A0A2A6C3B5_taxID_54126_model_A	ref_1JS8_squid	16	251	704	1	262	2.507E-01	6.220E-01	6.853E-01	4.666E-01	300	29M3D12M1I2M4I3M1D1I4M2I1M1I3M2I38M1I3M2I1M2I1M1I2M3I4M6I5M1D6M1D11M1I6M22D1M1D5M9D3M3D1M1D11M2D9M1D4M1D1I5M1I1M2D3I1M5I7M16D18M1I1M
A0A2A6C3B5_taxID_54126_model_A	ref_I3D139_archaea	22	459	704	1	297	2.556E-01	5.454E-01	5.591E-01	4.368E-01	528	22M7D14M1I1M5I2M1D2I2M2D6I42M1I4M1D1I1M2I11M1I3M1I8M10D5M12D10M1D1M1D2M1D3M2D1M23D1M1D5M6D3M2D1M1D11M1D12M3I4M1D1I2M1D2I1M5I10M1I2M2D159I1M24I2M2I1M11I5M11D1M2D9M2I2M1D1I2M
A0A2A6C3B5_taxID_54126_model_A	ref_5M8L_human	5	611	704	37	355	2.526E-01	4.731E-01	5.314E-01	4.726E-01	732	4M3D4I31M28D16M2I1M1I4M7D10I27M1D1M1D13M1I1M1I1M1I3M1I1M1I11M3D4M1D11M17D10M1D1M2D2M2D4M46D2M1D5M6D3M2D1M1D11M2D12M386I3M2I1M1I2M1I6M1D1I2M
A0A2A6C3B5_taxID_54126_model_A	ref_A0A9N8ELP9_oomycota	4	460	704	16	385	2.810E-01	4.518E-01	4.948E-01	4.266E-01	590	1M1D1I1M1D6I31M2D1M12D13M1I1M8I2M7I31M1D12M1I1M6I14M5D14M28D2M9D12M1D3M28D2M2D5M2D1M12D2M3D1M1D12M1D26M15D4I12M6D6I1M83I2M42I2M1I4M2I2M1I2M1I1M1I1M4I1M5I2M3D16I7M1I1M16I1M7I10M
A0A2A6C3B5_taxID_54126_model_A	ref_8BBR_Vspinosum	15	252	704	3	320	2.396E-01	4.851E-01	6.375E-01	4.272E-01	364	12M1D17M1D1M3D1M1D8M1I1M20I3M2I25M2D15M4I2M1I10M5I3M4I7M2D1M45D2M1D5M4D8M1D1M38D1M1D5M5D3M2D1M1D11M2D13M2D2I10M5I1M1I5M14D18M1I2M
A0A2A6C3B5_taxID_54126_model_A	ref_1BT3_Ibatatas	6	276	704	41	335	2.428E-01	4.791E-01	5.818E-01	4.416E-01	373	1M1D6I31M1D1M4D15M5I1M2I2M6D7I29M2D17M2I1M2I1M1I2M3I4M6I6M1I1M7I7M11D4M6D1M3D1M38D2M1D5M12D3M3D1M1D11M2D10M1I1M3I3M2I2M2I2M6I5M11D18M1I3M21I2M
A0A2A6C3B5_taxID_54126_model_A	ref_2Y9W_Abisporus	16	251	704	1	351	2.498E-01	4.701E-01	6.683E-01	4.368E-01	386	10M2D19M5D12M1I2M7D9I4M1I6M1I25M1D1M17D2M1D17M1I5M2I6M13D5I13M11D6M8D1M1D2M1D2M2D3M1D2M33D1M1D5M2D1M12D1M1D1M3D1M1D11M2D12M4I3M1D1I1M13D9I4M1D4M10D17M1I1M
A0A2A6C3B5_taxID_54126_model_A	ref_5CE9_Jregia	6	275	704	40	339	2.424E-01	4.712E-01	5.791E-01	4.363E-01	375	1M1D6I32M5D15M5I1M2I2M6D7I29M2D17M2I1M2I1M1I2M3I4M7I7M6I7M10D2M1D1M1D1M1D1M7D1M38D8M12D3M3D1M1D11M2D10M3D5I3M1I3M2I2M6I5M11D18M1I4M18I1M1D1I1M
A0AAJ0BP52_taxID_438768_model_A	ref_PmTYR	45	379	379	1	284	6.434E-01	8.400E-01	8.514E-01	6.153E-01	359	1M2I28M13I14M10D26M1I16M1D1M1D8M1I3M1I10M19I11M1D7M15I2M1I12M1D17M1I5M10D10M1I1M1I14M1I31M1I2M1I2M1I8M6I13M4I12M5I6M
A0AAJ0BP52_taxID_438768_model_A	ref_1JS8_squid	48	379	379	1	261	5.736E-01	8.108E-01	8.166E-01	5.347E-01	356	31M10I11M3D2M8D27M1I16M1I3M3I1M1I1M4I4M29I12M20I17M1I1M1I9M1I13M7I1M1I9M2D1M1D34M2D11M10I3M1I4M1D2M1D1M2D4M2D1M2D11M4I7M
A0AAJ0BP52_taxID_438768_model_A	ref_I3D139_archaea	54	375	379	1	305	6.115E-01	7.507E-01	7.530E-01	5.653E-01	374	28M5I1M1I14M10D26M1I19M1I5M1I3M1I6M25I9M10D4M1D7M1I1M3I4M7I7M1D2M1D1M1D8M1D9M1I13M7I8M1D4M1I4M1I25M1I7M1I7M6I13M24D3M2D13M5I2M
A0AAJ0BP52_taxID_438768_model_A	ref_A0A9N8ELP9_oomycota	31	379	379	1	396	6.878E-01	6.364E-01	7.445E-01	5.634E-01	448	5M7D2I42M10D9I14M5D42M2I1M2I2M1I5M2I11M18I18M18D10I9M7D7M1D21M1D15M4I14M8D35M1D1M1D3M1D2M1D2M2D6M5D7M1D7M1D1M1D4M2D1M26D15M1I1M1I6M
A0AAJ0BP52_taxID_438768_model_A	ref_5M8L_human	40	350	379	34	361	6.253E-01	6.544E-01	7.531E-01	5.407E-01	372	4M5D1M1D1I32M2D6M13D19M15D30M1D11M1I5M1I1M1I3M1I2M1I9M19I21M2D9I3M1D4M1D12M4D17M1I5M10D10M6D18M1I30M1I2M2I10M2I2M2I5M1I5M
A0AAJ0BP52_taxID_438768_model_A	ref_2Y9W_Abisporus	48	379	379	1	350	6.160E-01	6.610E-01	6.972E-01	5.171E-01	410	10M1D3M1D19M7I1M1I11M2D1M14D31M17D2M1D22M4I6M13D27I10M1D7M6I4M6I8M11D9M1D31M2D12M9D33M1I2M1I2M1I11M3D1I18M1D1M1D12M5I6M
A0AAJ0BP52_taxID_438768_model_A	ref_8BBR_Vspinosum	25	379	379	1	317	5.905E-01	6.825E-01	6.983E-01	5.107E-01	416	1M19I1M1I12M1D21M7I1M1I14M2I29M1D12M2I2M1I4M1I3M1I3M28I2M4I6M4D2M2D1M28D12I7M3D5M1D5M5D3M1D15M1I11M7D1I4M1D1I1M1D1I14M1I4M1I29M1D10M9I13M5D13M1I1M4I7M
A0AAJ0BP52_taxID_438768_model_A	ref_5CE9_Jregia	40	379	379	38	331	5.666E-01	6.293E-01	7.214E-01	5.448E-01	396	5M1I35M8I14M1D1M12D29M1D16M2I1M1I2M5I4M30I7M29I4M1D2M3D7M14D12M1D8M14D5M7I12M6D35M1I2M1I4M12I12M2D1M1D14M5I6M
A0AAJ0BP52_taxID_438768_model_A	ref_1BT3_Ibatatas	40	379	379	40	329	5.616E-01	6.291E-01	7.246E-01	5.452E-01	395	5M2I33M7I1M1I15M13D29M1D16M2I1M1I1M1I1M4I4M30I7M28I7M3D7M14D12M1D8M14D5M7I12M6D33M4I1M1I4M12I11M3D16M5I6M
A0A4T0WB77_taxID_80884_model_A	ref_PmTYR	67	411	411	1	285	5.967E-01	8.422E-01	8.506E-01	6.094E-01	369	1M4I28M13I14M10D26M1I18M1D9M1I2M1I9M23I11M2D7M17I2M1I12M1D17M1I5M10D10M1I1M1I1M2I13M1I36M5I6M3I1M3I13M5I11M1I8M
A0A4T0WB77_taxID_80884_model_A	ref_1JS8_squid	72	411	411	1	261	5.344E-01	8.157E-01	8.215E-01	5.266E-01	363	31M10I11M3D2M8D27M1I14M2I5M1I8M39I10M22I17M2I10M1I13M9I1M1I9M2D1M1D34M2D8M2I3M10I3M1I4M1D2M1D1M1D5M2D1M1D1M1D9M1I8M
A0A4T0WB77_taxID_80884_model_A	ref_I3D139_archaea	78	406	411	1	305	5.698E-01	7.559E-01	7.583E-01	5.617E-01	380	28M5I1M1I14M10D26M1I20M2I5M1I2M1I6M29I9M10D4M1D6M5I5M7I8M1D3M2D8M1D9M1I13M9I8M1D4M1I4M1I32M4I6M3I1M3I12M23D5M2D12M1I3M
A0A4T0WB77_taxID_80884_model_A	ref_A0A9N8ELP9_oomycota	51	411	411	1	397	6.369E-01	6.355E-01	7.190E-01	5.505E-01	461	1M1D2I1M8D6I43M10D9I14M5D42M2I1M3I2M1I5M2I1M1I8M1I1M20I19M18D11I9M7D7M1D21M1D15M4I1M2I13M8D34M2D11M2D6M5D7M1D15M29D8M2D12M
A0A4T0WB77_taxID_80884_model_A	ref_5M8L_human	64	384	411	34	361	5.868E-01	6.621E-01	7.395E-01	5.301E-01	377	4M5D34M2D6M13D19M15D30M1D11M1I2M1I3M1I1M1I5M2I9M23I21M8I5M1D4M1D12M4D23M9D10M5D5M1I13M1I35M3I3M1I6M2I1M3I5M1I5M
A0A4T0WB77_taxID_80884_model_A	ref_2Y9W_Abisporus	72	411	411	1	350	5.791E-01	6.697E-01	6.915E-01	5.138E-01	416	10M2D22M7I1M1I11M2D1M14D31M17D2M1D12M1D1M2D11M1D4M9D36I10M2D6M7I4M7I8M8D1M2D2M1D6M1D45M9D38M5I10M2D17M1D1I1M1D13M2I7M
A0A4T0WB77_taxID_80884_model_A	ref_8BBR_Vspinosum	51	411	411	1	317	5.528E-01	6.890E-01	7.051E-01	5.025E-01	420	1M17I1M1I12M1D21M7I1M1I14M2I29M1D12M3I2M1I4M1I3M1I3M32I2M4I6M4D2M2D1M28D13I7M3D5M1D5M5D3M1D15M1I11M7D2I5M1I15M1I5M1I28M2D4M1I7M11I12M3D1M1D13M2I8M
A0A4T0WB77_taxID_80884_model_A	ref_1BT3_Ibatatas	64	411	411	40	330	5.242E-01	6.328E-01	7.249E-01	5.116E-01	397	4M2I35M8I15M13D29M1D12M1I4M2I1M1I2M5I4M34I7M29I7M3D7M14D12M1D10M8D3I4M1D1I16M6D33M2I2M2I3M1I1M14I11M2D15M1I8M
A0A4T0WB77_taxID_80884_model_A	ref_5CE9_Jregia	64	411	411	38	331	5.252E-01	6.275E-01	7.175E-01	4.988E-01	392	5M1I35M8I14M13D30M1D11M1I6M1I19M10D14I7M49I3M2D2I15M1D10M8D3I4M1D1I16M6D38M1I3M1I1M14I11M2D15M1I1M1I6M
A0ABR1D6Z8_taxID_51031_model_A	ref_I3D139_archaea	9	258	490	18	278	1.996E-01	2.940E-01	3.428E-01	2.961E-01	377	1M2D2I7M1D8I18M4D1I17M1I11M1I5M3I1M1I2M2I3M2I4M25I11M2D3M7D4M4D8M2I6M1I5M26D10I1M2D2M13D8M1I9M1I1M2D6I3M64D49I4M
A0ABR1D6Z8_taxID_51031_model_A	ref_1BT3_Ibatatas	9	228	490	2	333	2.008E-01	2.707E-01	3.656E-01	2.794E-01	411	1M2I10M2D1M12D2M5D4I1M1D1I2M1I3M1D1I2M1D1I2M1D1I2M6D2I9M1D1M2D4M1D3M4D2M1D10M1D2M4D10M2D2M1D1I2M25D9I13M1D2M15D8M19D2M1D3M2D2M3D6M2I6M41D33I5M1D15M32D3I3M5D18I5M
A0ABR1D6Z8_taxID_51031_model_A	ref_PmTYR	21	205	490	18	216	1.837E-01	2.828E-01	3.923E-01	3.214E-01	260	11M1D17M4D4M2D3M1D18M2D2I3M5I4M2I1M2I1M1I4M9I1M14I13M1I5M13D6I10M1I5M12D9I4M40D6M1I11M8I3M
A0ABR1D6Z8_taxID_51031_model_A	ref_5CE9_Jregia	1	273	490	2	332	2.045E-01	2.666E-01	3.071E-01	2.525E-01	447	3M1I2M2I2M1I3M11D7I8M2D2I1M2D2I1M7D7I9M1D2M2D3M1D4M1D10M2D1I3M1D9I6M2D46I2M2I5M2D11M1D3M1D3M2D1M18D10M2I5M1D2M5D7M8D1I8M7D21I16M1I4M2D2M66D1M1D6M2D2I2M4D2I1M18D5M1D1I2M1D3I1M1D2I2M1D1I1M
A0ABR1D6Z8_taxID_51031_model_A	ref_8BBR_Vspinosum	1	237	490	13	324	1.889E-01	2.672E-01	3.422E-01	3.176E-01	429	2M2D2I1M2D3I1M3I1M10I7M40I8M3I17M4I2M2I2M15I1M1I19M1I6M1I6M2D1M2D2M79D7M1D2M30D1I4M2D2M2D2M2D1M6D3M1D2M4D1M2D12M1D2M54D28I3M3I3M
A0ABR1D6Z8_taxID_51031_model_A	ref_2Y9W_Abisporus	21	271	490	23	306	1.990E-01	2.595E-01	3.311E-01	2.846E-01	395	1M1D1I10M2D10M2D1M14D7M1D12M1I11M1D7M5D2I1M2D2I2M1D1I5M2I10M1D3M13I14M7D5M8I1M2D2I8M2D2I1M8D22I2M1I4M5D6M35D16I1M7D4I1M2D16M46D34I1M
A0A8J7L5S7_taxID_2794033_model_A	ref_I3D139_archaea	48	389	438	1	305	6.271E-01	8.896E-01	8.925E-01	7.045E-01	359	45M4I46M2D19M16I11M7D28M1D1M1D8M1D22M14I12M18I5M1I26M1I9M1D18M1D8M1D3M1D1M1D26M
A0A8J7L5S7_taxID_2794033_model_A	ref_PmTYR	41	396	438	1	287	5.879E-01	8.859E-01	8.889E-01	7.131E-01	374	29M7I17M6I4M2D42M2D1M2D2M1D17M10I13M1I8M7I14M1D4M1I16M10D10M9I14M19I36M1I21M26I21M
A0A8J7L5S7_taxID_2794033_model_A	ref_1JS8_squid	42	395	438	1	262	5.254E-01	8.507E-01	8.537E-01	5.799E-01	363	30M2I1M2I16M3I54M1I1M1I1M2I4M20I6M2I6M1I1M1I1M9I8M1I2M2I28M15I12M15I35M5D10M6I12M17I3M1D1I1M2D2M1D19M
A0A8J7L5S7_taxID_2794033_model_A	ref_A0A9N8ELP9_oomycota	38	400	438	19	403	6.159E-01	6.525E-01	7.357E-01	6.217E-01	448	32M1D6M6D17M4I1M4I1M1I32M1D12M1I1M1I15M9I12M3I5M1D1M18D1M6D38M2D11M1I1M1I2M9I18M10I38M5D2M1D9M14D16M16D19I1M11D11M3D17M
A0A8J7L5S7_taxID_2794033_model_A	ref_5M8L_human	34	347	438	39	361	5.649E-01	6.781E-01	7.731E-01	5.960E-01	365	1M1D1I37M2D1M19D24M4D3I32M1D1M1D31M11I11M2I5M2I5M1D1I3M4D1M3D11M1D1M2D1M1D4M1I16M10D13M2I5M1D12M1I1M18I56M
A0A8J7L5S7_taxID_2794033_model_A	ref_2Y9W_Abisporus	42	394	438	1	351	5.575E-01	6.833E-01	6.850E-01	5.399E-01	422	10M1D3M1D17M2I19M6D4I36M19D12M6D6M1D8M11D22I6M2I11M2I12M8D1M1D6M1D3M1D11M1D11M2D2I4M5I3M1D1I18M9I39M2I9M5D2M4D11M20I24M
A0A8J7L5S7_taxID_2794033_model_A	ref_8BBR_Vspinosum	40	395	438	2	319	5.218E-01	6.891E-01	7.030E-01	5.335E-01	413	13M1D19M2I16M16I26M2D27M25I4M1I4M4D2M2D1M29D14M1D5M5D30M8D1I6M8I13M19I5M1I29M1D10M1I12M4D19I4M2I21M
A0A8J7L5S7_taxID_2794033_model_A	ref_1BT3_Ibatatas	38	396	438	42	332	5.220E-01	6.677E-01	7.652E-01	5.450E-01	393	34M2I21M2I6M1D30M1D1M1D19M3I4M21I5M4I1M18I8M9D1M1D4M6D2M1D11M2D10M8D1I1M1D5M8I16M1D13I37M3I6M6I6M1I3M2D18I4M2I22M
A0A8J7L5S7_taxID_2794033_model_A	ref_5CE9_Jregia	37	396	438	40	334	5.242E-01	6.645E-01	7.563E-01	5.392E-01	393	35M2I21M2I6M1D30M1D1M1D18M1I1M2I4M21I5M4I1M18I8M11D3M1D1M1D1M3D2M1D11M2D10M8D1I1M1D5M8I16M12I47M6I6M1I3M2D18I4M2I22M
A0A1D8RI23_taxID_1342833_model_A	ref_5M8L_human	1	151	151	16	169	8.861E-01	3.888E-01	8.915E-01	8.041E-01	155	76M2D25M1I5M2D44M
A0A1D8RI23_taxID_1342833_model_A	ref_5CE9_Jregia	3	151	151	5	142	5.757E-01	2.734E-01	6.270E-01	6.379E-01	184	1M26D8I4M1I3M2I1M4I35M21I22M9D9I1M1I36M
A0A1D8RI23_taxID_1342833_model_A	ref_1BT3_Ibatatas	1	151	151	7	143	5.742E-01	2.746E-01	6.309E-01	6.461E-01	186	1M26D5M4I1M7I5M7I31M21I22M9D9I1M1I36M
A0A1D8RI23_taxID_1342833_model_A	ref_A0A9N8ELP9_oomycota	8	151	151	14	120	5.314E-01	2.102E-01	7.266E-01	6.343E-01	154	2M9I1M1I2M2D7I30M1D2M3D1M4D2M20I18M1I1M8I29M1I9M
A0A1D8RI23_taxID_1342833_model_A	ref_1JS8_squid	11	143	151	25	244	3.512E-01	2.306E-01	3.868E-01	3.074E-01	265	7M4D1M2D1M3D4M5D6I9M2I1M4I20M2D15I6M2I2M1I2M7D1I9M16D12I4M40D7M3D6M2D2M39D2I2M4D1M1D1M2D2M2D1M
A0A1D8RI23_taxID_1342833_model_A	ref_PmTYR	1	145	151	8	267	3.429E-01	2.162E-01	3.538E-01	3.149E-01	309	5M2D6M1D6I6M4I4M1D2M1D3M1D1I1M2I1M2D3I4M5D5M1D9M20D5M2D2I2M65D5I1M2D2I3M1D2M16D2M1I5M6D7M17I1M3I8M1D3M4D2M1D1I2M3D2I1M29D6M
A0A3R6XJV4_taxID_112090_model_A	ref_PmTYR	1	315	424	42	287	4.581E-01	6.619E-01	7.674E-01	5.384E-01	349	1M11D27M3I16M1I1M8I2M1I3M1I5M2D10M12I10M2D5M4D4I14M1D3M1I18M9D8M5D45M2I1M10I9M2I12M9I1M14I19M35I2M
A0A3R6XJV4_taxID_112090_model_A	ref_1JS8_squid	1	316	424	56	262	4.303E-01	6.726E-01	8.374E-01	4.859E-01	320	29M2I1M1I11M1I1M2I1M14I4M1I5M2I1M19I12M3I3M1I5M1I1M1I9M1I8M1I14M1I8M1D1M1D1M2D38M3I3M1I2M3I3M6I3M1I7M8I5M3I25M37I2M
A0A3R6XJV4_taxID_112090_model_A	ref_I3D139_archaea	1	274	424	43	305	4.534E-01	6.164E-01	7.086E-01	5.179E-01	323	1M10D27M3I13M1I4M11I1M2I6M2D5M18I9M10D7M11D4I8M1D3M1D8M1D9M1I20M1D9M1I28M4I1M7I10M2I12M8D1M1D3M3D7M1I3M2I2M2I16M1I1M
A0A3R6XJV4_taxID_112090_model_A	ref_8BBR_Vspinosum	1	291	424	49	324	4.469E-01	5.716E-01	6.629E-01	4.877E-01	349	29M1I16M14I2M1I14M2D5M1D2M32D2M2D2M2D7M21I6M2D5M3D1M1D12M1I8M13D22M1I24M1I7M7I1M2I6M5I12M8I8M2I2M1I9M1I11M2I1M2I1M3I3M
A0A3R6XJV4_taxID_112090_model_A	ref_A0A9N8ELP9_oomycota	1	291	424	78	412	4.947E-01	5.078E-01	6.980E-01	4.921E-01	381	1M5D27M2I13M1I2M1I1M14I18M9I1M1I14M2D2M2D1M19D1M1D1I2M8D28M1D14M3D11M9D34M1I4M3I5M1I5M1D3M10D5M1D9M8I5M4I7M23D8M3D15M2D9M
A0A3R6XJV4_taxID_112090_model_A	ref_2Y9W_Abisporus	1	278	424	65	351	4.542E-01	5.422E-01	6.752E-01	5.042E-01	351	30M2D1M14D13M1I2M2I2M5I2M4I5M1I5M1I3M13D18I14M7D2I8M7D5M2D2M2D24M9D15M10D34M2I1M11I9M7D13M10I2M6I1M1I23M
A0A3R6XJV4_taxID_112090_model_A	ref_5M8L_human	1	234	424	115	361	4.024E-01	4.676E-01	6.996E-01	4.864E-01	290	1M16D29M1I12M1I2M2I1M9I3M3I5M1D10M12I5M1D10M12D3M1I14M2D1M1D15M1I5M10D8M13D46M8I2M1I2M2I8M1I4M1I5M
A0A3R6XJV4_taxID_112090_model_A	ref_1BT3_Ibatatas	1	414	424	15	336	2.828E-01	3.376E-01	3.485E-01	2.528E-01	558	4M73D3M9D6M4D1M2D2M1D1I9M1I15M2I1M14I5M3I2M3I5M16I12M6I7M1D3M12D1M3D1M2D2M1D2M1D4M2D14M1D25M3D3M1D1M5D1M1D10M1D5M8D2I9M13I1M51I5M5D7M1D3I3M29I4M3D3I1M1D1I1M3D40I2M48I1M
A0A3R6XJV4_taxID_112090_model_A	ref_5CE9_Jregia	15	351	424	2	339	2.741E-01	3.259E-01	3.281E-01	2.469E-01	502	2M1I6M1D1M14D12M9D6I3M1I6M3I4M2I12M7D23I7M8D3I1M70D9I6M1D4M1D4M18D2I5M1D4M1D3M1D4M14D17M5D32M3D7M1I1M58I1M2I1M1I6M11D33I17M1I1M2I2M16I4M
A0A9P9BK36_taxID_1682393_model_A	ref_PmTYR	38	361	361	1	284	6.804E-01	8.482E-01	8.597E-01	6.676E-01	346	29M12I15M10D25M1I18M1I11M1I10M19I11M1D7M1I1M1I1M1I13M1D22M10D10M2I14M3I36M1I8M13I12M4I13M2I6M
A0A9P9BK36_taxID_1682393_model_A	ref_1JS8_squid	39	361	361	1	260	6.078E-01	8.241E-01	8.331E-01	5.934E-01	347	32M9I10M2D1M1D1M8D27M1I14M2I1M3I3M1I1M1I1M1I1M3I4M29I12M7I17M2I23M7I1M1I12M1D33M4D9M18I9M1D1M1D1M1D2M1D1M3D2M1D11M2I6M
A0A9P9BK36_taxID_1682393_model_A	ref_I3D139_archaea	45	357	361	1	305	6.319E-01	7.407E-01	7.430E-01	5.980E-01	367	27M3I1M1I1M1I14M10D26M1I14M1I2M3I10M1I7M25I8M1D1M9D4M2D6M2D1I10M1D2M1D1M1D8M1D22M6I2M1I10M2I5M1I39M13I13M23D3M3D13M2I2M
A0A9P9BK36_taxID_1682393_model_A	ref_A0A9N8ELP9_oomycota	25	361	361	2	396	7.141E-01	6.314E-01	7.633E-01	6.041E-01	438	2M10D5I6M2D34M9D7I14M5D42M5I1M2I2M1I4M1I11M2I1M16I18M15D5M4D2M9D6M1D21M2D14M4I15M6D34M1D2M2D2M2D5M1D19M1D14M30D8M1D12M
A0A9P9BK36_taxID_1682393_model_A	ref_2Y9W_Abisporus	39	361	361	1	350	6.406E-01	6.573E-01	7.106E-01	5.392E-01	403	10M1D3M1D20M7I11M2D1M14D31M17D2M1D14M1I2M2I4M1I2M2I6M14D28I17M2D10M11D1M1D18M1D17M1D1I2M2D13M7D38M1I11M3D8I18M1D1M1D12M2I6M
A0A9P9BK36_taxID_1682393_model_A	ref_5M8L_human	35	336	361	43	361	6.440E-01	6.440E-01	7.636E-01	5.821E-01	362	34M1D6M15D18M15D30M1D10M2I4M2I2M1I1M1I4M1I10M19I21M1D1M6D2M1D12M4D22M10D10M6D15M1I1M2I33M1I12M1I1M10I5M2I5M
A0A9P9BK36_taxID_1682393_model_A	ref_8BBR_Vspinosum	28	361	361	1	317	6.112E-01	6.759E-01	6.917E-01	5.527E-01	403	1M1I1M7I12M1D22M7I14M2I29M1D12M5I2M1I4M1I6M28I2M4I6M4D2M2D1M28D1I3M1D3M4D4M1D5M6D27M13D5M7I11M3I5M1I28M2D9M16I14M6D12M1I1M1I7M
A0A9P9BK36_taxID_1682393_model_A	ref_5CE9_Jregia	33	361	361	39	331	5.934E-01	6.295E-01	7.240E-01	5.744E-01	384	39M7I14M1D1M12D29M1D14M3I2M2I1M1I1M1I1M3I4M30I5M1I1M15I8M3D7M15D10M2D8M14D5M7I13M1D1M3D41M19I12M2D1M1D14M2I6M
A0A9P9BK36_taxID_1682393_model_A	ref_1BT3_Ibatatas	34	361	361	41	329	5.882E-01	6.294E-01	7.273E-01	5.756E-01	382	38M7I14M1D1M12D29M1D14M3I2M2I1M1I1M1I1M3I4M30I7M15I7M3D7M14D11M2D8M14D5M7I13M1D1M3D33M2I1M1I4M19I11M3D16M2I6M
A0ABD0JLY9_taxID_370345_model_A	ref_1JS8_squid	57	316	534	1	262	3.566E-01	6.966E-01	7.041E-01	5.678E-01	314	6M2D34M3D2M7D18M1D5M1D2M5D5M2I1M12I6M2I1M1I10M1I21M1I4M1I1M7I76M35D25I16M
A0ABD0JLY9_taxID_370345_model_A	ref_PmTYR	14	317	534	1	287	3.433E-01	6.051E-01	6.071E-01	4.765E-01	381	1M42I6M2D20M1I1M2I16M6D3M3D11M1D5M1D2M5D5M1I1M9I1M2I3M1I8M1D1M1D1M1D1M2D4M9D8M1D5M4D19M6I16M10D8M6D10M2I1M2I36M24D26I17M
A0ABD0JLY9_taxID_370345_model_A	ref_5CE9_Jregia	3	329	534	5	339	3.740E-01	5.657E-01	5.859E-01	4.486E-01	433	4M21D1M2D8M1I2M37I7M3D22M1D1M1D15M12D16M1D5M1D2M7D5M1I2M7I5M3I3M5I9M2I5M8I8M1D6M9D18M2D7M1D1M13D5M1D14M3D32M2I4M27D25I15M1I1M2I2M3I3M1I1M
A0ABD0JLY9_taxID_370345_model_A	ref_1BT3_Ibatatas	3	329	534	5	336	3.693E-01	5.637E-01	5.793E-01	4.508E-01	434	4M23D1M2D8M1I2M37I7M2D20M1D3M1D15M12D16M1D5M1D2M7D5M1I2M7I5M3I3M5I9M2I5M8I7M3D4M8D11M1I9M2D7M1D1M13D5M1D14M3D34M26D29I15M1I1M2I2M3I2M2I1M
A0ABD0JLY9_taxID_370345_model_A	ref_8BBR_Vspinosum	57	328	534	4	324	3.434E-01	5.419E-01	6.357E-01	4.696E-01	384	5M3D23M1D2M1D13M2I2M1I12M1D5M1D2M6D5M1I2M8I1M2I2M2I3M4I8M4I5M4D3M4D2M42D4M1D6M2D9M3I21M13D5M1D10M4I6M1I32M32D24I13M1I1M1I3M1I1M4I3M
A0ABD0JLY9_taxID_370345_model_A	ref_2Y9W_Abisporus	58	317	534	1	351	3.582E-01	5.258E-01	6.890E-01	4.872E-01	391	5M3D2M2D21M1D1M1D11M1D1M14D18M1D8M21D1M1D6M7I2M2I18M1D3M12D10M2D2M7D3M1D5M10D11M4I20M1D1M9D16M6D39M37D27I16M
A0ABD0JLY9_taxID_370345_model_A	ref_I3D139_archaea	63	311	534	3	305	3.280E-01	5.466E-01	6.577E-01	4.494E-01	352	22M2D1M2D16M6D4M3D11M1D5M1D2M5D5M1I2M4I1M2I6M2I3M2I1M1I4M1D4M3D8M9D6M2D1M9D7M1D2M1D8M5I25M1D11M1I1M2I5M1I28M1D1I1M55D27I10M
A0ABD0JLY9_taxID_370345_model_A	ref_5M8L_human	1	381	534	12	354	3.508E-01	4.988E-01	5.234E-01	4.527E-01	502	14M15I1M16I9M2D1M7D6M3D21M25D17M14D16M1D5M1D2M7D5M2I1M12I3M1I10M2D4M8D15M16D10M1D1M2D6M6I16M10D8M14D9M1I1M1I1M2I34M1I1M26I1M8D45I1M31I3M
A0A7W8KIV5_taxID_1141878_model_A	ref_1JS8_squid	5	276	899	1	262	2.487E-01	7.932E-01	7.960E-01	5.621E-01	295	27M1I3M3I12M3D3M5D42M2D6M2D7M7I3M1I6M2I17M1I8M1I1M1I1M2I21M2D1M2D31M1D9M3I7M2I10M2I1M1I3M3D5I9M1I5M3D6M
A0A7W8KIV5_taxID_1141878_model_A	ref_PmTYR	4	314	899	1	287	2.530E-01	7.591E-01	7.616E-01	6.610E-01	360	28M1I1M6I18M6D1M1D37M1D1M5D3M1D12M5D4M1D4M2D7M3D11M4D5M1D10M2I1M1I4M1D1M3D1M2D8M6D42M2I4M5I9M1D3M2D7M17I5M2I4M4D6M37I1M
A0A7W8KIV5_taxID_1141878_model_A	ref_I3D139_archaea	11	348	899	1	305	2.621E-01	7.419E-01	7.442E-01	6.356E-01	398	45M6D3M1D37M2D2M2D22M10D4M4D2M6D9M2D4M2D1M2D1M1D4M1D6M1I2M6I11M1D6M1D7M1I28M2I3M2I1M2I11M1D2M2D8M3D2M12D1M1D5M3I10M2I5M40I1M34I2M
A0A7W8KIV5_taxID_1141878_model_A	ref_8BBR_Vspinosum	4	278	899	3	321	2.506E-01	6.468E-01	7.518E-01	5.369E-01	348	12M1D17M1I2M1I17M5I25M2D12M1D1M1D12M5I10M2D1M37D2M4D4M1D5M3D4M3D2M1D12M1I10M10D6M1D15M1I26M1D6M4I20M2D5I3M5I9M1I5M3D8M
A0A7W8KIV5_taxID_1141878_model_A	ref_A0A9N8ELP9_oomycota	4	314	899	22	403	2.732E-01	5.719E-01	7.444E-01	6.022E-01	428	35M7D17M1D3M1D29M1D24M6D5M2D7M29D2M4D1M1D7M1D5M1D17M1I1M1I12M4D10M9D40M1I9M1D1M14D1M2D2M1D5M1D5M14D10I2M12D8M2D4M2D2M1D10M33I1M
A0A7W8KIV5_taxID_1141878_model_A	ref_2Y9W_Abisporus	5	275	899	1	351	2.473E-01	5.987E-01	7.610E-01	5.429E-01	382	10M2D18M1I2M1I14M2D1M1D1M10D32M19D11M8D5M1D2M1D5M11D7I3M1D5M2D2M6D10M8D1M2D3M1D2M1D1M2D3M2D8M2I1M1I8M6D1M1D15M10D32M2I4M5I7M10D4M1D8M7I1M4I10M1I5M3D5M
A0A7W8KIV5_taxID_1141878_model_A	ref_1BT3_Ibatatas	4	277	899	45	332	2.375E-01	6.006E-01	7.272E-01	5.474E-01	333	28M1I3M1I17M2D2M8D29M1D1M1D10M3D4M1I2M3I4M5I5M1I1M8I8M3D5M17D2M2D9M1I9M11D18M7D31M2I1M2I1M5I4M1I3M2I9M1D6I2M5I9M1I5M3D7M
A0A7W8KIV5_taxID_1141878_model_A	ref_5CE9_Jregia	4	278	899	44	335	2.387E-01	5.959E-01	7.242E-01	5.382E-01	335	28M1I3M1I17M2D2M8D27M1D1M1D12M4D9M3I1M7I4M1I1M8I8M3D5M17D2M2D9M1I9M11D17M7D32M1I5M5I3M2I3M2I8M7I2M1D3I11M1I5M3D8M
A0A7W8KIV5_taxID_1141878_model_A	ref_5M8L_human	293	831	899	47	361	1.435E-01	2.964E-01	3.273E-01	1.752E-01	682	8M58I5M26I8M40I2M22I1M40I1M1I5M4I13M1D1M3D4M1I3M1I9M16I1M4I10M3D1M2D2I9M3D2I2M1D7M18D24I6M21I1M3I7M53D16M6I6M33D32I8M2D1M22D7M1D19I3M2I9M1D5M5I2M22I6M16I5M
A0AAE1I5J0_taxID_173218_model_A	ref_2Y9W_Abisporus	55	434	651	1	351	4.999E-01	9.102E-01	9.127E-01	6.626E-01	392	54M1D8M1I24M28I15M1I26M1D8M1D12M1D18M1I4M1I16M2I1M2I1M1I42M2I1M1I18M8D69M1I22M
A0AAE1I5J0_taxID_173218_model_A	ref_1JS8_squid	55	435	651	1	262	3.654E-01	8.763E-01	8.795E-01	5.384E-01	394	10M2I19M2I18M5I31M28I7M18I1M2I12M4I11M11I1M1I8M2I3M10I7M16I6M3I12M1I9M13I17M2D33M4D2M1D5M13I12M5D3M1D1I22M
A0AAE1I5J0_taxID_173218_model_A	ref_PmTYR	54	438	651	1	287	3.613E-01	7.703E-01	7.728E-01	4.772E-01	407	11M2I19M5I14M6I5M2D2I24M28I7M18I1M2I29M11D9I7M1D4M1I6M5I1M1I7M15I10M1I11M1I7M1D1I6M2I1M1I8M6D10M2I40M1D3M9I13M7I19M1I1M1I1M
A0AAE1I5J0_taxID_173218_model_A	ref_I3D139_archaea	61	429	651	1	305	3.696E-01	7.480E-01	7.503E-01	4.547E-01	408	4M1I1M1I19M2D18M5I9M1I22M28I7M18I1M2I10M1D4M1I6M2D1M1D2M3D6M4D6I6M1D2I4M1I21M12I1M2I4M1D18M1I9M12I16M1I5M1I29M1D9M8I15M23D19M
A0AAE1I5J0_taxID_173218_model_A	ref_8BBR_Vspinosum	53	634	651	2	324	3.754E-01	7.227E-01	7.268E-01	4.850E-01	639	11M1I36M18I23M28I7M18I15M5I8M15I6M3D3M3D4M29D1M2D1M2D15M11I5M1I12M1D7M1I13M7D7I8M1D9M2I5M1I28M4D5M1D2M1D13I13M3D1I24M13I1M2I3M179I1M
A0AAE1I5J0_taxID_173218_model_A	ref_5CE9_Jregia	38	459	651	30	339	3.840E-01	7.038E-01	7.656E-01	4.752E-01	453	13M2I11M1I2M1I34M2D4M1D3I7M2I1M1I22M28I7M18I16M3I11M13I5M21I4M11I11M9D1M3D15M1D12M8D7I8M1D9M1D1M4D34M1D8M14I36M14I1M2I2M2I4M
A0AAE1I5J0_taxID_173218_model_A	ref_1BT3_Ibatatas	38	458	651	32	336	3.796E-01	7.041E-01	7.714E-01	4.822E-01	452	5M1D8M4I12M1I1M1I33M1D4M1D2I7M2I1M1I22M28I7M18I16M3I11M13I5M21I4M12I10M11D1M2D15M1D12M8D7I7M1D11M5D34M2I5M14I37M14I1M2I2M2I3M
A0AAE1I5J0_taxID_173218_model_A	ref_A0A9N8ELP9_oomycota	46	453	651	15	412	4.096E-01	6.276E-01	6.495E-01	4.684E-01	510	1M2D2I2M1I13M1I1M1I21M9D16M6I1M2I2M2I2M1I21M28I7M18I1M1I13M3I6M1D5M10D12I14M21D1M2D2M1D1M1D5M1I8M15I10M1I11M1D11M9I18M7D35M1D1M2D1M4D1M1D3M1D6M7D4I5M1D8M3D5M12D2M12D10M3D16M1I3M3I7M
A0AAE1I5J0_taxID_173218_model_A	ref_5M8L_human	39	406	651	28	361	3.521E-01	6.006E-01	6.452E-01	4.169E-01	435	12M4D1I13M1I3M1I16M5D1M18D18M1D6I4M4D27M28I7M18I15M1D3I6M2D6M7D10I21M8D4I8M13I5M1D7M1I11M1I14M2I1M1I8M14D9M1I1M1I37M2D7M1I1M3I1M4I3M1I5M
A0A7T3R011_taxID_2738333_model_A	ref_5M8L_human	1	170	170	13	201	8.862E-01	4.355E-01	8.909E-01	8.304E-01	189	79M2D30M1D52M1D8M15D1M
A0A7T3R011_taxID_2738333_model_A	ref_5CE9_Jregia	1	170	170	9	164	6.245E-01	3.328E-01	6.781E-01	6.128E-01	198	1M20D2M1I5M4I1M7I2M1I1M5I34M21I22M2D6M2I3M1I40M1D6M1D3M4D2M
A0A7T3R011_taxID_2738333_model_A	ref_1BT3_Ibatatas	1	170	170	9	165	6.139E-01	3.305E-01	6.629E-01	6.172E-01	199	1M21D8M4I1M7I2M1I2M5I1M1I31M21I23M2D5M3I50M2D2M4D2M
A0A7T3R011_taxID_2738333_model_A	ref_I3D139_archaea	41	170	170	1	117	5.354E-01	3.111E-01	7.575E-01	6.351E-01	142	25M2I1M17I17M1I6M1I3M2I27M1I1M1I12M1D7M1D4M3D1M7D1M
A0A7T3R011_taxID_2738333_model_A	ref_2Y9W_Abisporus	12	147	170	33	335	3.752E-01	2.185E-01	4.328E-01	3.299E-01	326	5M5D5I2M5D2M1D9M1D7M2I2M1I11M1I1M2D3I3M1D5M2D8M1I6M1D4M2I1M1I3M17D1I2M4D2I6M1D7M1I9M15D3M87D1I4M1D2M2D1I1M42D1I6M3D4M
A0A851T2B4_taxID_1977171_model_A	ref_5M8L_human	79	435	522	1	361	6.734E-01	9.701E-01	9.835E-01	7.824E-01	362	46M1I78M1D114M2D1M2D117M
A0A851T2B4_taxID_1977171_model_A	ref_PmTYR	125	461	522	1	287	5.041E-01	8.977E-01	9.007E-01	6.762E-01	348	29M28I17M2D6I33M1I1M1I10M1D3M2D3M1D1M1D10M1D9M1I5M2D8M10I1M2I14M1D40M6I1M2I50M1I20M2I9M1I12M
A0A851T2B4_taxID_1977171_model_A	ref_1JS8_squid	126	460	522	1	262	4.271E-01	8.180E-01	8.209E-01	5.567E-01	355	30M2I1M23I20M1D3I3M1I29M1I1M1I13M1I4M1I1M2I4M9I12M16I9M1I1M1I22M10I8M14I10M2D1M2D33M4D1M1D8M6I9M1D2M7D1M2D8M1I11M
A0A851T2B4_taxID_1977171_model_A	ref_I3D139_archaea	132	454	522	1	305	4.476E-01	7.463E-01	7.486E-01	5.742E-01	376	25M2I1M19I20M4D7I1M1I30M1I1M1I10M1D7M1D10M5I10M9D5M2D7M3D10I11M1D4M2D4M1D14M10I8M12I1M1I7M1D9M1I51M25D1M3D10M1I5M
A0A851T2B4_taxID_1977171_model_A	ref_5CE9_Jregia	71	468	522	1	339	4.657E-01	6.923E-01	6.941E-01	5.152E-01	462	3M2D6I6M17D6I8M4I1M7I2M1I1M6I33M4I1M19I22M4D4I2M1I51M1I1M2I4M9I1M1I5M1I1M24I7M10D2M2D2M1D1M3D1M2D11M2D6M2D4M6D3M4I6M13I11M7D33M1D4M1I5M6I9M5D11M1I16M2I1M
A0A851T2B4_taxID_1977171_model_A	ref_1BT3_Ibatatas	71	465	522	1	336	4.607E-01	6.941E-01	6.960E-01	5.193E-01	462	3M5D8I4M18D6I8M4I1M7I2M1I1M7I33M23I22M4D5I53M1I1M2I4M10I6M1I1M24I7M11D4M6D2M1D11M2D6M2D4M6D3M4I6M13I12M7D32M1I2M2I5M6I9M5D11M1I16M
A0A851T2B4_taxID_1977171_model_A	ref_8BBR_Vspinosum	114	468	522	1	324	4.493E-01	6.973E-01	6.993E-01	5.134E-01	413	1M9I13M1D18M4I1M19I16M16I43M1I12M7I2M5I8M2D2M3D2I1M22D9M1D1M5D1I4M1D5M3D1M1D7M2D17M2D4M5D3M4I6M13I16M1I28M3D11M3I10M6D1M1D10M1I15M3I1M
A0A851T2B4_taxID_1977171_model_A	ref_A0A9N8ELP9_oomycota	70	472	522	8	410	5.050E-01	6.301E-01	6.447E-01	5.708E-01	509	2M3D29I2M9I4M6I32M1D6M6D21I18M9I32M1I11M1I1M1I15M1D22M13D5I5M4D4M7D1M1D5M1D21M1D6M9I6M1I2M1I1M8I13M9D34M4D4M2D7M13D2M1D9M2D4M30D9M2D15M3D3I2M2D2I2M
A0A851T2B4_taxID_1977171_model_A	ref_2Y9W_Abisporus	126	459	522	1	351	4.513E-01	6.514E-01	6.836E-01	5.153E-01	418	10M2D19M5I1M18I18M11D8I3M1I30M17D14M3D8M1I7M12D8I10M2D7M1D7I1M2I9M7D1M1D3M1D2M2D3M1D11M1D9M1D8M1I5M14I10M10D37M1I3M1I4M1D1M3D1M4D3M1D8M3D21M
A0A0C3B6I5_taxID_933852_model_A	ref_2Y9W_Abisporus	13	374	672	1	351	4.926E-01	9.280E-01	9.306E-01	6.785E-01	371	63M3I39M1I23M6D14M1I5M1D16M2I3M1I2M5I17M3I44M1I1M3I19M2D96M
A0A0C3B6I5_taxID_933852_model_A	ref_1JS8_squid	13	375	672	1	262	3.535E-01	8.744E-01	8.776E-01	5.373E-01	376	10M2I19M2I18M2I1M1D3I5M4I31M18I1M2I12M1D7M1I3M12I1M1I8M1I1M3I1M13I2M1I6M13I2M1I4M3I11M1I10M14I16M4I36M4D2M1D6M12I3M1I8M6D25M
A0A0C3B6I5_taxID_933852_model_A	ref_PmTYR	12	377	672	1	287	3.477E-01	7.712E-01	7.737E-01	4.824E-01	395	11M1I1M1I18M5I15M9I37M18I1M2I12M4D1M2D1M1D3M3D5M9D14I6M1D5M3I1M1I3M9I9M13I10M1I11M1I6M2D2I5M3I2M1I8M6D10M8I40M1D3M9I13M6I20M1I1M
A0A0C3B6I5_taxID_933852_model_A	ref_8BBR_Vspinosum	12	645	672	3	324	3.691E-01	7.299E-01	7.363E-01	4.891E-01	684	11M1I35M21I30M18I22M1I1M16I6M3D9M3D1M25D3M1D6M1D11M9I9M1I8M1D7M1I13M7D8I8M1D9M8I5M1I28M4D5M1D3M12I13M3D23M15I1M2I3M3I1M245I1M
A0A0C3B6I5_taxID_933852_model_A	ref_I3D139_archaea	19	369	672	1	305	3.545E-01	7.416E-01	7.439E-01	4.553E-01	394	4M1I1M1I19M2D19M6I9M3I28M18I1M2I10M1D2M2D2M1D3M3D3M3D5M5D8I6M1D2I5M4I10M1I3M2I7M10I1M1I22M1I10M13I16M7I5M1I29M1D9M8I15M24D18M
A0A0C3B6I5_taxID_933852_model_A	ref_5CE9_Jregia	1	400	672	32	339	3.713E-01	7.046E-01	7.718E-01	4.889E-01	434	9M1D13M1I1M1I34M2D5M1I1M3I9M4I27M18I13M2D9M1I3M14I5M27I4M10I10M10D1M3D15M1D11M10D10I6M1D13M1I37M1D7M15I12M3D1I23M17I2M2I4M
A0A0C3B6I5_taxID_933852_model_A	ref_1BT3_Ibatatas	1	399	672	33	336	3.685E-01	7.055E-01	7.748E-01	4.881E-01	430	4M1D17M1I2M1I35M1D4M1D5I2M1D1I6M3I28M18I13M2D9M1I2M14I6M27I4M9I10M11D1M1D16M1D11M9D9I7M1D13M1I37M2I5M14I13M2D1I22M2I1M15I2M2I3M
A0A0C3B6I5_taxID_933852_model_A	ref_A0A9N8ELP9_oomycota	6	394	672	16	412	4.070E-01	6.373E-01	6.725E-01	4.384E-01	474	1M4D4I12M2I22M9D15M11I6M2I2M1I26M18I1M1I13M1D4M1D6M10D13I10M1I7M1D1M9D13M1I2M2D3I1M1I10M1I10M1I22M9I20M1D40M1D1M2D1M4D4M1D6M8D3I14M3D4M13D2M13D4M2D24M3I1M2I7M
A0A0C3B6I5_taxID_933852_model_A	ref_5M8L_human	1	347	672	18	361	3.394E-01	5.988E-01	6.259E-01	4.030E-01	429	2M7D2M4D6M6D12M1I3M1I16M5D1M18D18M3D8I2M4D2I6M1I28M18I15M2D3M1D1M2D7M7D12I11M3I9M7D6I9M11I5M1D7M1I10M1I16M9D2I2M1D5M3D1I11M1I1M7I37M1D3M1D4M1I1M3I1M5I8M
A0A8H8P2A6_taxID_456999_model_A	ref_2Y9W_Abisporus	277	736	997	12	351	2.912E-01	7.830E-01	8.087E-01	4.885E-01	490	18M27I1M2I5M4D6I1M2D2I2M1D1I6M10D16M1I20M1I3M1I2M1I13M16I11M1D1M1D3M1D4M1D29M1I7M21I16M2I1M1I12M10I17M11I11M1D3I2M18I1M1I17M8D40M2I1M10I10M10I31M2I9M
A0A8H8P2A6_taxID_456999_model_A	ref_1JS8_squid	277	737	997	10	262	2.153E-01	7.467E-01	7.733E-01	3.931E-01	482	18M27I6M1D1I1M6I1M2D2I2M2D2I6M5D15M1I17M20I1M2I1M16I11M2I11M12I1M1I9M3I1M2I1M27I7M11I1M2I1M1I4M13I14M12I7M31I17M2D33M3D9M8I1M24I3M1I7M6D15M1I1M1I10M
A0A8H8P2A6_taxID_456999_model_A	ref_PmTYR	277	738	997	11	287	2.204E-01	6.941E-01	7.187E-01	3.845E-01	498	18M27I1M2I2M1D12I2M1D2I2M1I7M10D11M1I17M20I1M2I1M16I10M1D12M1I3M13D10I7M1D4M2I5M25I9M11I4M2D2I2M12I2M1I13M12I5M1D5M2I1M20I9M6D10M2I42M9I3M21I12M6I10M2I11M
A0A8H8P2A6_taxID_456999_model_A	ref_I3D139_archaea	277	731	997	4	305	2.275E-01	6.779E-01	6.857E-01	3.769E-01	508	18M27I1M1I2M2I1M3I1M2I3M2D2I13M9D1M1D10M1I17M20I1M2I1M16I16M1D3M3D3M5D3M5D9I5M2D3I5M2I2M1I7M17I3M1I8M9I4M1I6M11I16M12I7M30I16M1I6M1I28M1D4M2I2M8I4M20I14M24D14M2I4M
A0A8H8P2A6_taxID_456999_model_A	ref_8BBR_Vspinosum	276	780	997	13	324	2.317E-01	6.456E-01	6.694E-01	3.713E-01	560	15M1I2M28I1M2I2M1I2M5I2M2D2I12M2I11M1I16M2I2M17I2M1I1M16I10M3I7M1I1M2I1M12I7M2D4M1D4M33D1M2D4M19I1M1I11M8I4M1I4M2I1M9I7M1D10M12I7M1I4M6D22I1M1D1I16M2I6M1I27M4D9M33I14M3D12M1I1M1I9M20I3M16I1M2I2M
A0A8H8P2A6_taxID_456999_model_A	ref_1BT3_Ibatatas	206	780	997	6	336	2.329E-01	6.260E-01	6.357E-01	3.664E-01	643	6M14D8I4M3I1M3I2M1I2M20D41I18M27I1M1I5M3D7I2M1D2I12M9D12M1I17M20I4M16I12M1I11M14I5M41I4M9I11M5D4M3I20M9I1M1I8M2I3M10D24I18M4D2M1D31M2I6M36I13M1D14M2I8M20I4M18I2M
A0A8H8P2A6_taxID_456999_model_A	ref_5CE9_Jregia	206	782	997	6	339	2.340E-01	6.224E-01	6.323E-01	3.612E-01	646	6M12D8I4M8I1M1I5M20D38I18M27I1M2I2M1I2M4D7I2M1D1I12M9D12M1I16M1I1M19I2M1I2M15I12M1I11M14I5M41I4M9I11M6D5M2I2M1I1M1I16M10I8M2I3M10D24I18M4D2M1D31M1D8M36I13M1D14M2I8M19I1M1I3M18I2M1I1M
A0A8H8P2A6_taxID_456999_model_A	ref_A0A9N8ELP9_oomycota	277	777	997	32	412	2.597E-01	5.769E-01	6.194E-01	3.585E-01	586	21M1D9I7M1I4M2I3M1I1M10I1M1D3I11M1D12M1I18M20I1M2I2M15I13M1I4M1D5M10D13I15M16D5M8D20I13M10I1M2I6M11I2M1I14M8I1M2I10M27I17M7D34M1D1M2D8M6I8M8D14I13M1D1M2D5M4D1M8D1M13D9M1D16M13I4M9I5M4I3M
A0A8H8P2A6_taxID_456999_model_A	ref_5M8L_human	200	710	997	1	361	2.032E-01	4.749E-01	4.751E-01	2.429E-01	618	15M10D11I5M31D45I15M1D1I5M8D4I11M4I10M2D2I1M5D5I5M1D1I3M1I4M1I5M4I1M5I19M1I1M13I3M2I3M2I3M14I7M2I5M1D1M4D4M6D6M5I7M2I10M13D31I3M1D5M6I3M1I3M2I1M12I9M1I2M18I9M5D22I1M4D4I2M3D1M1D3M6D7M1D6M1D1I1M2I6M3D18M1I1M1I5M2I1M10I10M13I1M5I7M
F0YI85_taxID_44056_model_A	ref_PmTYR	326	954	969	1	286	2.222E-01	7.131E-01	7.178E-01	5.480E-01	689	1M122I25M1I4M11I2M1I9M1D4M7D45M2I32M2D5M5I2M3I3M8I10M2I23M10D8M5D11M155I4M1D1M2D1M2D20M2D1M21D6I13M7D87I2M
F0YI85_taxID_44056_model_A	ref_1JS8_squid	449	954	969	1	262	2.039E-01	7.014E-01	7.039E-01	4.841E-01	558	26M1I4M2I1M7I11M2D1M1D1M6D43M1I1M2I1M3I1M1I2M1I1M1I1M2I4M10I5M1D7M11I1M9I9M5I30M1I12M150I6M2D2M2D20M8D2M22D2I9M1D7M7D87I2M
F0YI85_taxID_44056_model_A	ref_A0A9N8ELP9_oomycota	229	954	969	4	412	2.715E-01	6.083E-01	6.139E-01	5.447E-01	850	1M2I2M2I2M4I1M2I1M3D121I4M45I1M1I1M27I31M1D24M1D3M1D1M1D32M1D10M2I1M7I15M1D17M1D5M12D2M1D4M2D21M1D3I17M2D13M3D14M1I2M145I9M3D1M2D20M2D1M51D1I4M4D1M3D1M13D15M15D77I1M1I7M
F0YI85_taxID_44056_model_A	ref_5M8L_human	51	884	969	1	357	2.467E-01	6.157E-01	6.235E-01	4.436E-01	925	2M61I1M14I2M22I1M1I5M16I4M5D183I5M7D45I7M3D25I30M1I1M3I3M2I4M21D13M2D2M10D1M1D31M2D9M2I1M3I5M1I1M1I9M1I10M1D20M1D1I4M2D6I9M1D27M10D8M13D10M1I1M153I6M2D1M2D20M21I3M1I2M1I6M8D3I2M
F0YI85_taxID_44056_model_A	ref_I3D139_archaea	455	865	969	1	301	2.138E-01	6.409E-01	6.509E-01	5.034E-01	492	19M1I8M1D6I16M8D41M1I4M3I1M1I14M5I1M1I8M10D6M10I6M1D14M3D3I8M1D34M154I5M2D1M2D20M2D1M22D6I3M29D10M
F0YI85_taxID_44056_model_A	ref_8BBR_Vspinosum	320	960	969	1	324	2.191E-01	6.055E-01	6.072E-01	4.494E-01	733	2M4I1M122I9M1D22M2I1M6I13M4I27M1D1M1D14M6I2M1I10M9I3M3I5M1D1M2D2M2D2M3D1M21D6M3I18M4D4I4M1D2M2D19M13D16M155I5M2D2M2D19M20I18M36D69I4M1I3M
F0YI85_taxID_44056_model_A	ref_5CE9_Jregia	140	962	969	1	339	2.214E-01	5.863E-01	5.878E-01	4.381E-01	926	1M18I4M12I6M25D186I1M1I1M45I4M28I33M2I1M6I13M1D3M10D31M2D10M2I4M2I1M2I1M1I1M1I1M2I4M10I6M1I1M28I6M11D8M3D2M1D11M2D8M14D20M148I8M3D1M2D20M21D4I2M2D14M6D87I8M1I1M
F0YI85_taxID_44056_model_A	ref_1BT3_Ibatatas	140	960	969	1	336	2.182E-01	5.861E-01	5.877E-01	4.440E-01	926	1M18I4M12I6M27D186I1M1I1M44I4M30I32M2I1M6I13M1D3M10D31M2D10M2I3M3I1M2I3M1I1M2I4M10I6M1I1M28I7M11D2I5M5D2M1D11M2D8M14D20M148I8M3D1M2D20M18D4I2M2D14M7D88I7M
F0YI85_taxID_44056_model_A	ref_2Y9W_Abisporus	449	956	969	1	351	2.250E-01	5.784E-01	5.799E-01	4.424E-01	620	10M2D21M2I1M6I13M1D1M13D32M17D1M2D10M1I5M1I2M1I4M1I1M2I7M12D7I10M1D4M1I1M2I3M8I15M3D1M1D2M2D2M2D3M1D10M1D9M1D1M9D5M1I11M40I2M2I1M100I1M2I3M1I6M3D1M2D20M2D1M31D3I16M6D88I3M
A0ABY2RLZ4_taxID_2571143_model_A	ref_1JS8_squid	109	382	559	1	262	3.823E-01	7.815E-01	7.843E-01	5.601E-01	305	11M5I18M2I13M3D2M6D5M1I2M4I24M4I2M2I12M2I11M7I7M7D7M4I9M1D11M5I9M1I12M3I2M1I32M5D1M2D3M1D9M1D2M4D4M1D1I14M1I9M
A0ABY2RLZ4_taxID_2571143_model_A	ref_1BT3_Ibatatas	106	383	559	43	332	4.256E-01	6.939E-01	8.326E-01	6.269E-01	314	14M5I36M1D1M1D2M6D6M2I25M4I14M1I12M8I7M2I16M15D1M2D7M2D11M9D24M1I68M1I10M
A0ABY2RLZ4_taxID_2571143_model_A	ref_5CE9_Jregia	107	383	559	43	334	4.254E-01	6.885E-01	8.372E-01	6.349E-01	316	13M5I36M1D1M1D2M6D6M2I25M4I14M1I12M8I7M2I16M15D1M2D7M2D11M9D24M1I32M1D1M2D35M1I10M
A0ABY2RLZ4_taxID_2571143_model_A	ref_PmTYR	108	383	559	1	287	3.802E-01	7.139E-01	7.429E-01	5.489E-01	332	12M5I18M5I17M3D4M3D3I22M2I1M4I13M2D6M1D1M1D1M1D1M2D4M10D5M2D3I4M9D3I9M4D4I21M4D3M1D8M5D11M8I33M2D7M6D8M7I13M1I9M
A0ABY2RLZ4_taxID_2571143_model_A	ref_8BBR_Vspinosum	106	388	559	1	324	4.029E-01	6.791E-01	7.727E-01	6.094E-01	366	15M4I36M2I1M3I1M4I25M4I13M3I10M10I6M58D15M2D5M3D17M8D18M8I6M1I26M6D4M3D10M1D11M1D8M1I13M1D2I1M
A0ABY2RLZ4_taxID_2571143_model_A	ref_2Y9W_Abisporus	109	381	559	1	351	4.221E-01	6.533E-01	8.273E-01	5.635E-01	362	12M3I34M2D1M1D1M11D5M1I2M4I28M10D1M3D14M2D1M1D9M1D7M1D1M5D10M17D5M7D7M1D2M1D2M1D3M1D6M1D7M4D2M1D11M1I12M1D1M1D37M2D5M14D14M1I14M1I8M
A0ABY2RLZ4_taxID_2571143_model_A	ref_I3D139_archaea	115	377	559	1	305	3.745E-01	6.572E-01	7.545E-01	4.959E-01	334	7M1I16M1I6M1I16M6D6M3I22M1I1M5I13M1D6M1D3M2D4M4D3M7D10M14D1I13M1D4M1D5M1D11M5I20M7I5M1I28M3D6M6D9M1D1M21D1I4M2D13M1I1M1I1M
A0ABY2RLZ4_taxID_2571143_model_A	ref_A0A9N8ELP9_oomycota	105	388	559	19	409	4.057E-01	5.377E-01	7.543E-01	5.095E-01	417	15M5I21M9D22M1D1I1M2I25M4I1M1I11M1I13M11D7I8M43D8M1I10M1D7M1D6M4I8M3D15M1D37M6D1M3D6M20D6M4D3M1D4M7D1M2D1M13D9M1D2M1D11M2D2M2D2M1D2M
A0ABY2RLZ4_taxID_2571143_model_A	ref_5M8L_human	107	352	559	45	361	3.485E-01	5.217E-01	7.386E-01	4.671E-01	342	15M1I18M1D3M18D20M9D4M2D3I26M4I22M2D4M9D5M3I5M21D2I9M6D4I7M1D14M4D3M1D8M13D10M1I1M7I33M1D4M1D3M7D7M
A0A8H9LF69_taxID_1460882_model_A	ref_PmTYR	35	284	288	1	287	8.168E-01	8.195E-01	9.386E-01	7.913E-01	288	43M10D43M2D32M2D5M2D3M1D11M1D1I20M10D8M6D16M1D33M2D4M1D31M
A0A8H9LF69_taxID_1460882_model_A	ref_1JS8_squid	36	283	288	1	262	7.215E-01	7.891E-01	8.343E-01	6.762E-01	284	29M3D10M2D1M1D1M8D42M3I1M1I4M3I5M10I23M3I39M2D1M2D5M1D27M4D2M1D5M1I4M1I8M12D19M
A0A8H9LF69_taxID_1460882_model_A	ref_I3D139_archaea	42	278	288	1	305	7.367E-01	6.974E-01	8.906E-01	7.175E-01	313	22M7D14M10D45M1I14M6I9M10D4M1D3M9D12M1D2M1D3M1D24M1D7M1D37M1D6M1D3M2D11M30D12M1I1M
A0A8H9LF69_taxID_1460882_model_A	ref_A0A9N8ELP9_oomycota	32	288	288	19	411	8.016E-01	5.693E-01	8.964E-01	7.118E-01	399	32M1D1M13D13M5D31M1D10M5I15M1D18M2D1M18D1M6D2M9D9M1I3M1D14M2D13M3D1M1D9M9D6M1D27M2D1M1D1M4D4M3D2M11D2M3D8M3D2M31D8M3D12M1D2M5D1M2D2M
A0A8H9LF69_taxID_1460882_model_A	ref_2Y9W_Abisporus	36	282	288	1	351	7.380E-01	6.124E-01	8.557E-01	6.611E-01	362	10M2D19M5D10M2D1M14D30M19D22M1I2M1I6M14D9I9M2D2M2D1M4D1M1D9M5D1M1D2M2D2M2D3M1D11M1D9M10D14M10D5M1D37M11D11M6D19M
A0A8H9LF69_taxID_1460882_model_A	ref_8BBR_Vspinosum	34	288	288	2	324	7.113E-01	6.372E-01	7.994E-01	6.381E-01	347	13M1D17M1D1M3D1M1D12M2I25M2D15M2I1M2I1M1I1M1I1M2I3M11I5M2D5M5D1M3D1M33D1M5D4M1D6M2D2I1M1D4M2D1M1D1M1D18M13D5M1D43M3D6M1D2M1D1I11M9D25M
A0A8H9LF69_taxID_1460882_model_A	ref_5M8L_human	28	261	288	39	361	7.260E-01	5.863E-01	8.850E-01	6.716E-01	328	1M1D1I34M28D14M15D28M1D1M1D10M1I4M1I3M1I12M1I7M1D13M15D8M1D4M1D1M1D20M10D8M14D16M1D30M1D3M2D4M1D8M
A0A8H9LF69_taxID_1460882_model_A	ref_1BT3_Ibatatas	32	288	288	42	336	6.977E-01	6.037E-01	7.783E-01	6.528E-01	326	32M1D1M4D14M13D27M1D1M1D13M1I2M2I3M1I1M2I4M10I6M1I1M9I8M1D7M16D10M2D8M14D5M1D11M7D5M1D26M1I5M4I10M7D26M
A0A8H9LF69_taxID_1460882_model_A	ref_5CE9_Jregia	32	288	288	41	339	6.989E-01	6.000E-01	7.791E-01	6.502E-01	328	33M5D14M13D27M1D1M1D13M1I2M2I3M1I1M2I4M10I6M1I1M9I9M1D6M16D10M2D8M14D5M1D10M7D6M1D26M1D7M3I10M7D24M1D2M
A0A2R5G0U5_taxID_2315210_model_A	ref_1JS8_squid	242	543	964	1	262	2.332E-01	8.153E-01	8.182E-01	5.586E-01	330	30M23I15M10D29M6I14M3I8M1D1M2D1M2D4M2I3M2I2M4I2M1I5M3I2M1I4M2I20M7I14M2D1M2D32M4D5M1I1M1I4M10I11M5D14M1I1M1I11M
A0A2R5G0U5_taxID_2315210_model_A	ref_PmTYR	232	543	964	1	286	2.381E-01	7.504E-01	7.553E-01	5.198E-01	353	1M9I28M26I16M9D27M6I13M2D1M2D8M2D3M13D1M1D10M1D1I3M1I1M2I2M1I6M2I2M1D1I24M1D8M2D5M6D47M1I4M1I2M1I1M6I5M1D7M7I8M1I1M1I11M
A0A2R5G0U5_taxID_2315210_model_A	ref_8BBR_Vspinosum	229	548	964	1	324	2.548E-01	7.094E-01	7.196E-01	4.963E-01	380	1M2I1M3I1M5I10M1D19M21I15M2I1M1I29M4I15M4I8M3D1M1D2M1D4M3D7M32D2M2D1M1D4M1D7M1D6M1D26M7D24M1I28M3D3M1I7M9I14M3D1I14M2I14M
A0A2R5G0U5_taxID_2315210_model_A	ref_2Y9W_Abisporus	242	542	964	1	351	2.625E-01	6.883E-01	7.976E-01	5.551E-01	384	10M1D3M1D15M22I4M1D14M15D32M1D1M9D2M2D2M1D12M1D1M1D9M1D1M1D1M15D1M2D25M8D12M1D11M1D11M3D19M10D37M2I2M1I3M1D1I1M7D4I17M1I11M2I11M
A0A2R5G0U5_taxID_2315210_model_A	ref_I3D139_archaea	248	537	964	1	305	2.384E-01	7.056E-01	7.414E-01	5.003E-01	348	24M2I1M16I2M1I17M9D28M6I12M1D10M2D3M7D1M1D4M7D11M5D15M1I7M1D20M6I11M1D8M1I30M1I5M1I3M1I2M5I5M1D9M23D13M2I6M
A0A2R5G0U5_taxID_2315210_model_A	ref_1BT3_Ibatatas	235	548	964	42	336	2.402E-01	6.472E-01	7.321E-01	5.161E-01	358	2M2I1M1I30M21I16M2D1M1D2M9D29M4I16M2I14M1D12I1M2I5M1D10M12D14M2D11M7D9M1D11M7D32M1I4M2I2M13I13M1D1I11M2I17M
A0A2R5G0U5_taxID_2315210_model_A	ref_5CE9_Jregia	235	549	964	40	339	2.425E-01	6.450E-01	7.237E-01	5.048E-01	360	2M2I32M21I16M2D1M1D2M9D29M4I16M2I14M1D15I6M1D12M13D11M2D11M7D9M1D11M7D36M1I4M1I1M11I13M1D1I11M2I18M
A0A2R5G0U5_taxID_2315210_model_A	ref_A0A9N8ELP9_oomycota	228	908	964	16	412	2.680E-01	5.899E-01	6.115E-01	4.775E-01	792	2M1I6M6I33M7D19I17M4D27M5I16M1I9M14D1M1D10M22D6M4D11M2I20M1D10M1I2M1I16M9D34M1D1M2D14M10D1I5M1D8M3D5M4D1M7D2M13D11M1D12M2D1M5D5M358I1M
A0A2R5G0U5_taxID_2315210_model_A	ref_5M8L_human	232	515	964	36	361	2.153E-01	5.111E-01	6.251E-01	3.611E-01	367	1M7D5I13M3D22M10D13I2M2D2I7M4D2M1D10M11D6M1I1M1I1M3I35M4D10M14D9M4D3I2M2D1I31M1I7M1D3M12D6M3D7M4D44M2I5M1I3M1I2M2I1M4I5M1D1I8M
A0AAV2I325_taxID_6523_model_A	ref_1JS8_squid	453	737	867	1	262	2.974E-01	9.694E-01	9.731E-01	7.386E-01	286	49M1I60M9I1M1I12M2I12M8I79M1D20M2I19M1I9M
A0AAV2I325_taxID_6523_model_A	ref_PmTYR	19	306	867	1	287	2.630E-01	7.494E-01	7.518E-01	5.566E-01	330	30M3I20M1D1I42M2D2M2D12M13D6I6M1D6M2D13M1D1M1D3M8I17M10D8M6D10M2I1M2I33M2I5M7I5M1D1M2D10M12I20M
A0AAV2I325_taxID_6523_model_A	ref_2Y9W_Abisporus	453	736	867	1	351	2.926E-01	6.981E-01	8.562E-01	6.036E-01	369	10M2D19M2D19M4D36M1D1M17D1M1D12M5D9M1D8M3D14M1D4M7D8M8D1M2D1M1D7M5I12M1D9M10D16M6D36M4I7M13D12M7I3M1I13M1I8M
A0AAV2I325_taxID_6523_model_A	ref_I3D139_archaea	459	732	867	1	305	2.659E-01	7.078E-01	7.826E-01	5.115E-01	328	24M2D1M2D18M2I46M1D2M1D3M1D2M3D4M4D4M5D5I6M1D1I9M7D1M1D7M1D2M1D1M1D6M5I25M1D11M1I1M2I5M1I27M3I9M5D13M16D1M1D11M1I10M1I1M1I1M
A0AAV2I325_taxID_6523_model_A	ref_5CE9_Jregia	348	750	867	1	339	2.826E-01	6.863E-01	6.882E-01	5.460E-01	478	4M35D96I34M1D1M1D13M2D7M1D1I7M1I26M1D1M1D13M1D9M1I1M9I1M1I5M10I7M3D5M9D4M1I14M2D8M14D6M1D11M1D1M1D1M1D33M2I1M1I6M1I9M1I2M3I7M2I2M1I10M1I8M1I5M4I1M2I1M
A0AAV2I325_taxID_6523_model_A	ref_8BBR_Vspinosum	440	749	867	1	324	2.713E-01	6.928E-01	7.243E-01	5.488E-01	384	1M2I1M8I12M1D18M2D13M14I28M1D2M1D11M1I10M13I5M4D2M2D1M1D5M41D3M1D6M2D7M1D4I5M1D16M13D6M1D9M2I1M2I5M1I37M1D2M1D10M1I4M1I4M2I2M1I9M1I9M1I3M6I3M
A0AAV2I325_taxID_6523_model_A	ref_1BT3_Ibatatas	348	747	867	1	336	2.771E-01	6.832E-01	6.847E-01	5.533E-01	479	1M1I3M37D96I33M2D14M2D7M1D1I5M1I28M1D1M1D13M1D11M11I5M11I7M3D4M11D4M1I3M1I10M2D8M14D5M1D12M1D1M1D1M1D33M6I4M1I9M1I2M6I20M1I11M1I1M4I1M
A0AAV2I325_taxID_6523_model_A	ref_A0A9N8ELP9_oomycota	15	316	867	18	412	2.912E-01	5.846E-01	7.789E-01	5.298E-01	421	33M1D3M10D11M1I7M3I3M1I27M1D17M2D6M10D8I13M24D1M1D1M9D6M1D9M7I12M2D13M3D1M1D11M5D42M2I3M2I6M19D20M9D1M13D10M1D1M2D10M1D2M4D2I7M
A0AAV2I325_taxID_6523_model_A	ref_5M8L_human	352	700	867	12	361	2.463E-01	5.614E-01	5.803E-01	5.005E-01	467	1M24D90I1M3D3I35M25D23M1D1M1D3M1D29M1D1M1D13M1D4M1D1M2D6M8D8I5M1I8M14D12M5D4M7I17M10D8M14D10M2I1M2I33M4I9M6D7M
A0A6G0XI62_taxID_100861_model_A	ref_PmTYR	265	578	929	1	287	2.615E-01	8.043E-01	8.069E-01	5.912E-01	345	45M8D27M3I18M5I1M1I3M1I5M2D10M1I1M2I9M1D6M5D13M1D21M9D8M5D45M2I1M10I9M2I12M11I1M13I19M7I2M
A0A6G0XI62_taxID_100861_model_A	ref_1JS8_squid	610	920	929	1	262	2.457E-01	8.141E-01	8.170E-01	5.436E-01	331	29M3D10M2D3M7D29M2I2M1I11M1I1M1I1M11I4M1I5M2I1M11I4M1D4M1D1M2D7M1I1M1I17M1I13M1I9M1D1M1D1M2D38M3I3M1I2M3I3M10I2M1I8M10I5M3I26M4I1M
A0A6G0XI62_taxID_100861_model_A	ref_I3D139_archaea	272	565	929	1	305	2.541E-01	7.270E-01	7.535E-01	5.376E-01	345	22M7D16M8D27M3I13M1I4M7I1M2I6M2D9M3D6I4M1D1M1D2M1D8M13D11M1D7M2D9M1I20M1D9M1I28M4I1M7I10M2I12M7D2M1D3M3D7M1I3M2I2M1I3M1I13M1I1M
A0A6G0XI62_taxID_100861_model_A	ref_8BBR_Vspinosum	265	583	929	3	324	2.518E-01	6.788E-01	6.906E-01	5.249E-01	390	12M1D17M1D1M3D1M1D12M4I26M1I16M10I2M2I10M11I4M3I5M2D2M43D1M1D2M2D5M1D6M3D23M13D20M1I31M9I9M5I11M10I2M1I6M1I2M2I19M4I3M3I1M1I2M
A0A6G0XI62_taxID_100861_model_A	ref_2Y9W_Abisporus	266	569	929	1	351	2.569E-01	6.519E-01	7.487E-01	5.570E-01	403	10M2D18M1D1M4D11M1D1M13D30M1D2M1D1M14D13M1I2M2I5M5I4M1I8M12D11I13M12D5M7D5M1D3M1D3M2D20M10D8M1I6M10D34M4I1M9I10M7D12M11I2M6I1M1I23M
A0A6G0XI62_taxID_100861_model_A	ref_1BT3_Ibatatas	170	582	929	11	336	2.511E-01	6.557E-01	6.762E-01	5.402E-01	488	8M1D3I1M4D19I1M7D50I1M8D9I32M1D1M4D15M11D29M1I13M1I3M11I4M1I5M2I1M12I5M7I6M1D9M14D1M2D11M1D8M14D17M7D32M15I5M7I7M1I2M11I2M1I1M1I4M1I2M2I21M2I3M5I1M
A0A6G0XI62_taxID_100861_model_A	ref_5CE9_Jregia	170	583	929	10	339	2.526E-01	6.544E-01	6.728E-01	5.356E-01	491	1M1D1I7M12D73I1M7D7I1M2D2I32M5D15M11D29M1I13M1I4M10I2M1I1M1I5M2I1M12I5M7I6M1D9M14D1M2D11M1D8M14D17M7D33M12I8M7I6M1I2M11I2M1I1M1I4M1I2M2I20M1I2M1I2M5I2M
A0A6G0XI62_taxID_100861_model_A	ref_A0A9N8ELP9_oomycota	264	583	929	21	412	2.807E-01	6.022E-01	7.619E-01	5.509E-01	428	30M1D1M13D15M3D27M2I15M2I1M11I18M2I16M38D27M1D14M3D10M1D1M8D34M1I4M3I5M1I5M1D2M1D1M9D5M1D11M8I3M5I7M12D1M11D7M3D16M1D1M1D1I7M
A0A6G0XI62_taxID_100861_model_A	ref_5M8L_human	163	524	929	1	361	2.429E-01	5.930E-01	5.946E-01	5.167E-01	480	1M1D3I2M23D85I2M1D1I2M4D1I3M4D31M28D15M13D30M1I13M1I1M2I1M6I3M2I5M1D8M1I1M3I15M17D13M3D1M1D21M9D8M13D46M8I2M1I2M2I7M2I10M
A0A1S8B326_taxID_420778_model_A	ref_2Y9W_Abisporus	71	438	617	1	351	5.295E-01	9.184E-01	9.210E-01	6.868E-01	381	43M18I11M1D45M1I28M1D11M1D9M1D18M1I4M4I16M3I42M2D2I19M7D70M1I22M
A0A1S8B326_taxID_420778_model_A	ref_1JS8_squid	71	439	617	1	262	3.855E-01	8.760E-01	8.792E-01	5.498E-01	381	10M2I19M2I10M18I8M4I37M19I2M1I12M4I11M11I1M1I8M2I3M12I1M1I6M14I6M3I11M1I10M10I18M1D33M4D2M1D5M13I12M5D3M1D1I22M
A0A1S8B326_taxID_420778_model_A	ref_PmTYR	70	440	617	1	287	3.812E-01	7.740E-01	7.764E-01	4.931E-01	393	11M2I19M5I7M18I8M5I4M2D2I30M19I2M1I29M11D9I7M1D4M1I1M1I4M8I9M13I10M1I11M1I7M1D8M1I7M6D10M3I40M1D3M9I13M7I21M
A0A1S8B326_taxID_420778_model_A	ref_I3D139_archaea	77	433	617	1	305	3.906E-01	7.502E-01	7.524E-01	4.627E-01	394	4M1I1M1I19M2D11M18I8M4I8M1I28M19I2M1I21M2D4M4D5M4D5I7M2I5M1I2M2I10M1I8M10I1M2I4M1D17M1I9M1I1M8I16M2I5M1I29M1D9M5I1M3I14M23D19M
A0A1S8B326_taxID_420778_model_A	ref_8BBR_Vspinosum	69	451	617	2	324	3.972E-01	7.247E-01	7.288E-01	4.893E-01	436	11M1I33M18I3M17I30M18I13M1I1M4I7M1I1M2I1M12I6M3D3M3D4M2D1M26D1M2D3M1D6M1I8M9I5M1I12M1D7M1I13M7D4I8M1D9M3I5M1I28M4D5M1D3M12I13M1D1M1D24M7I5M
A0A1S8B326_taxID_420778_model_A	ref_5CE9_Jregia	57	455	617	30	339	4.066E-01	7.097E-01	7.725E-01	4.920E-01	430	11M1D12M1I2M1I31M15I10M4I8M1I29M18I16M3I11M13I5M24I4M10I1M1I4M1D4M10D1M3D15M1D10M8D3M4I7M1D11M1D1M3D33M1D7M15I12M1D25M8I2M2I4M
A0A1S8B326_taxID_420778_model_A	ref_1BT3_Ibatatas	57	454	617	32	336	4.039E-01	7.114E-01	7.799E-01	4.966E-01	426	23M1I4M1I29M15I10M4I8M1I29M18I16M3I11M13I5M24I4M10I10M11D1M2D15M1D10M8D3M4I6M1D12M4D34M2I5M14I7M1I5M1D25M8I2M2I3M
A0A1S8B326_taxID_420778_model_A	ref_A0A9N8ELP9_oomycota	68	450	617	20	412	4.291E-01	6.243E-01	6.686E-01	4.700E-01	480	13M1I3M1I19M9D7M1I2M17I7M8I3M1I4M1I26M18I1M1I13M3I11M11D12I16M15D4M7D6M1I8M13I10M1I22M2I1M3I19M6D35M1D1M2D1M4D4M1D6M8D3I14M3D5M12D2M13D4M2D19M1D2M2D8M
A0A1S8B326_taxID_420778_model_A	ref_5M8L_human	55	411	617	26	361	3.800E-01	6.153E-01	6.563E-01	4.055E-01	416	2M1I11M6D12M2I19M1I5M2I1M3I4M3D12M6D1M2D8M9D9I34M18I15M2I7M2D6M8D10I5M1I6M1I9M4D4I1M2D8M11I6M1D7M1I11M1I7M1D8M1I7M14D9M1I1M2I37M1D9M3I1M4I3M2I5M
A0ABR8K2N4_taxID_2692908_model_A	ref_I3D139_archaea	57	396	416	1	305	6.617E-01	8.939E-01	8.967E-01	7.019E-01	357	48M5I43M1D1M1D18M16I11M7D28M1D1M1D3M1D27M14I12M15I5M1I26M1I9M1D18M1D9M2D1M1D28M
A0ABR8K2N4_taxID_2692908_model_A	ref_PmTYR	50	403	416	1	287	6.180E-01	8.851E-01	8.881E-01	7.111E-01	370	29M7I18M5I47M2D1M2D2M1D17M10I13M1I4M3I2M4I16M1D4M1I16M10D10M9I14M16I36M1I22M26I20M
A0ABR8K2N4_taxID_2692908_model_A	ref_1JS8_squid	51	402	416	1	262	5.543E-01	8.541E-01	8.568E-01	5.801E-01	359	30M2I1M2I19M4I51M1I1M1I1M2I4M21I6M1I6M1I1M9I1M1I8M1I2M2I28M15I12M12I35M5D10M6I12M15I5M1D1I3M1D19M
A0ABR8K2N4_taxID_2692908_model_A	ref_5M8L_human	22	354	416	4	361	6.092E-01	6.961E-01	7.528E-01	5.900E-01	411	2M8D7I1M12D5I7M4D2M2D36M2D1M19D21M6D7I3M1D29M1D1M1D31M10I12M3I4M2I9M4D1M3D11M1D1M2D1M1D4M1I16M10D13M2I5M1D12M1I1M15I56M
A0ABR8K2N4_taxID_2692908_model_A	ref_A0A9N8ELP9_oomycota	46	411	416	18	409	6.497E-01	6.552E-01	7.332E-01	6.178E-01	455	33M1D5M7D1I18M10I33M1D12M1I1M1I15M9I12M3I5M1D1M18D1M6D38M2D11M1I1M1I2M9I18M7I38M5D2M1D9M14D11M2D4M15D20I1M11D11M3D11M2D10M
A0ABR8K2N4_taxID_2692908_model_A	ref_1BT3_Ibatatas	17	405	416	16	334	5.717E-01	6.977E-01	7.340E-01	5.568E-01	439	4M10D10I5M1I2M1D1I1M1D1I1M1I1M1I1M1I33M2I17M1D7M2I8M1I25M1D1M1D18M1I1M2I4M21I5M4I1M18I8M10D5M6D2M1D11M2D8M14D5M14I14M9I38M1I3M2I3M6I9M2D19I4M2I24M
A0ABR8K2N4_taxID_2692908_model_A	ref_5CE9_Jregia	18	405	416	15	336	5.718E-01	6.917E-01	7.265E-01	5.611E-01	440	3M10D10I5M1I2M1D1I1M1I1M1D1I1M1I35M2I17M1D7M2I8M1I25M1D1M1D18M1I1M2I4M21I5M4I1M18I8M11D3M1D1M1D1M3D2M1D11M2D8M14D5M14I14M9I37M2D5M2I3M6I9M2D19I4M2I24M
A0ABR8K2N4_taxID_2692908_model_A	ref_2Y9W_Abisporus	51	401	416	1	351	5.860E-01	6.832E-01	6.849E-01	5.285E-01	416	10M1D3M1D17M2I19M5D2I3M2I32M1D1M18D15M3D7M2I6M13D18I7M3I11M1I12M8D1M1D6M1D3M1D10M1D12M1D1I5M5I3M1D1I18M5I4M1I36M2I8M5D2M4D11M20I24M
A0ABR8K2N4_taxID_2692908_model_A	ref_8BBR_Vspinosum	49	407	416	2	324	5.527E-01	6.948E-01	6.988E-01	5.296E-01	417	13M1D19M2I17M17I25M1D1M1D26M25I4M1I4M4D2M2D1M29D14M1D5M5D30M8D1I6M8I13M16I5M1I28M2D11M1I1M1I11M3D18I4M2I23M1D1I2M
A0A951QSM4_taxID_2839659_model_A	ref_I3D139_archaea	44	408	448	1	305	6.163E-01	8.923E-01	8.951E-01	6.754E-01	379	28M1I17M16I47M2D18M21I11M7D62M17I12M17I5M1I26M1I11M1D16M1D8M1D1M2D29M
A0A951QSM4_taxID_2839659_model_A	ref_PmTYR	37	415	448	1	287	5.718E-01	8.798E-01	8.828E-01	6.915E-01	396	29M8I17M18I3M1D1M1D42M2D1M2D2M1D17M15I13M1I4M3I2M4I14M2I7M1I16M10D10M9I2M3I12M18I36M1I21M26I21M
A0A951QSM4_taxID_2839659_model_A	ref_1JS8_squid	38	414	448	1	262	5.138E-01	8.504E-01	8.534E-01	5.728E-01	387	31M5I16M16I4M1D49M1I1M1I1M2I4M26I6M1I6M1I1M9I1M1I9M3I1M3I28M18I12M14I35M5D10M6I12M17I3M1D1I1M2D2M1D19M
A0A951QSM4_taxID_2839659_model_A	ref_A0A9N8ELP9_oomycota	33	420	448	18	405	6.088E-01	6.589E-01	6.987E-01	6.092E-01	474	38M1D1I1M6D17M16I1M4I1M1I32M1D12M1I1M1I16M14I11M3I5M1D1M18D1M6D21M1I1M2I16M2D11M1I1M1I2M9I1M3I15M1I3M8I37M5D2M1D9M13D1M1D15M16D19I1M11D12M2D1M1D11M1D5M
A0A951QSM4_taxID_2839659_model_A	ref_5M8L_human	31	366	448	40	361	5.596E-01	6.848E-01	7.636E-01	5.800E-01	379	37M3D2M17D22M2D9I6M4I31M1D1M1D31M16I6M1D5M3I4M2I9M4D1M3D11M1D1I25M10D13M3I4M1I14M1I1M17I56M
A0A951QSM4_taxID_2839659_model_A	ref_2Y9W_Abisporus	38	413	448	1	351	5.488E-01	6.867E-01	6.885E-01	5.203E-01	444	10M1D3M1D17M3I19M8D15I4M2I1M1I29M19D12M6D6M1D8M11D27I6M2I11M2I12M8D1M1D7M1I15M1D11M1D1I4M6I4M1D3I19M8I38M2I8M9D14M20I24M
A0A951QSM4_taxID_2839659_model_A	ref_8BBR_Vspinosum	36	414	448	2	319	5.171E-01	6.969E-01	7.103E-01	5.218E-01	433	13M1D19M1I1M2I15M28I26M2D27M30I4M1I4M3D3M2D1M30D13M1D6M2D32M8D1I6M8I1M3I12M18I5M1I28M2D11M1I1M1I11M3D18I4M2I21M
A0A951QSM4_taxID_2839659_model_A	ref_1BT3_Ibatatas	34	415	448	42	332	5.148E-01	6.727E-01	7.695E-01	5.347E-01	413	34M1I1M2I19M14I7M1D30M1D1M1D18M1I1M2I4M26I5M4I1M18I8M3D4M1D2M2D2M7D2M1D11M2D10M8D1I1M1D5M8I1M3I15M1D12I37M3I6M6I9M2D19I4M2I22M
A0A951QSM4_taxID_2839659_model_A	ref_5CE9_Jregia	33	415	448	40	334	5.170E-01	6.687E-01	7.605E-01	5.280E-01	413	35M1I1M2I19M14I6M1D31M1D1M1D18M1I1M2I4M26I5M4I1M18I8M3D7M7D1M3D2M1D11M2D10M8D1I1M1D5M8I1M3I15M11I47M6I9M2D19I4M2I22M
A0A1S3UW74_taxID_3916_model_A	ref_5CE9_Jregia	97	442	607	1	339	5.512E-01	9.807E-01	9.836E-01	8.293E-01	346	148M1I38M4I5M1I97M1I51M
A0A1S3UW74_taxID_3916_model_A	ref_1BT3_Ibatatas	97	441	607	1	336	5.431E-01	9.744E-01	9.773E-01	8.102E-01	347	12M1D2M1D28M1I104M1I39M5I101M4I48M
A0A1S3UW74_taxID_3916_model_A	ref_1JS8_squid	141	436	607	1	262	3.692E-01	8.169E-01	8.198E-01	5.534E-01	317	29M2I14M2I6M1I6M1D28M1I1M1I12M2I12M1D5M9D7M4I3M20I1M1I11M2I8M14I6M1I11M1I2M2I33M2D5M1D3M2D11M4D4M1I4M1D19M
A0A1S3UW74_taxID_3916_model_A	ref_8BBR_Vspinosum	138	443	607	1	324	3.972E-01	7.239E-01	7.665E-01	5.956E-01	374	14M1D36M15I40M3I10M2I6M60D5M1I10M16I14M2I14M1I23M7I5M1I27M2D8M3D10M1D9M1D20M1I1M1I4M
A0A1S3UW74_taxID_3916_model_A	ref_PmTYR	140	437	607	1	287	3.608E-01	7.282E-01	7.305E-01	5.242E-01	345	30M5I15M2I2M2I4M1D29M1I1M1I12M1D2M1D3M1D1M1D2M3D4M11D5M3D1M11D8M9I5M6I1M5I1M2I11M2I6M3I3M5I4M4D6M5D12M7I32M1I10M5D8M7I22M
A0A1S3UW74_taxID_3916_model_A	ref_2Y9W_Abisporus	141	435	607	1	351	3.914E-01	6.551E-01	7.716E-01	5.387E-01	383	10M2D35M2I4M6D2I1M1D1I5M1D29M17D15M3D10M1D2M14D6M19D4M7D10M14I1M4I15M1I11M5I24M2D1M1D37M2I7M14D14M1I22M
A0A1S3UW74_taxID_3916_model_A	ref_I3D139_archaea	147	430	607	1	305	3.544E-01	6.805E-01	7.300E-01	5.085E-01	357	24M2D17M1I1M1I3M2I8M1D25M1I1M1I13M1D7M3D4M5D5M11D1M18D11M1D5M19I1M1I11M2I8M14I17M6I6M1I27M1D1I8M5D7M1D3M22D2I4M2D15M
A0A1S3UW74_taxID_3916_model_A	ref_5M8L_human	89	407	607	1	361	3.608E-01	5.814E-01	6.521E-01	4.523E-01	431	1M1I1M4D7I8M18I1M1I6M4D1M7D2M1D1M5D34M23D22M6D5I1M1D53M2D4M9D1M1D5M1D1M24D7M11I1M1I4M2I3M4I2M1I11M2I6M2I3M6I4M4D6M13D12M7I32M2I5M1D4M6D7M
A0A1S3UW74_taxID_3916_model_A	ref_A0A9N8ELP9_oomycota	97	443	607	8	411	3.871E-01	5.526E-01	6.471E-01	5.033E-01	482	3M2D32I7M1D34M9D17M2I1M6I32M1I23M12D8M43D8M2I4M16I1M2I2M1I21M14I5M3D13M1D1M1D40M2D2M3D6M20D6M4D3M2D3M9D1I2M13D9M3D12M1D2M5D1M1D1I3M
Q3ZI85_taxID_318273_model_A	ref_5M8L_human	13	177	177	1	168	8.823E-01	4.416E-01	9.495E-01	8.454E-01	168	92M1D1M1D29M1D43M
Q3ZI85_taxID_318273_model_A	ref_1JS8_squid	59	177	177	1	91	4.187E-01	2.924E-01	7.599E-01	5.995E-01	121	30M2I1M21I18M1D1I1M1D3I3M1I29M1I1M1I6M
Q3ZI85_taxID_318273_model_A	ref_PmTYR	1	177	177	97	279	3.743E-01	2.502E-01	3.761E-01	4.013E-01	266	1M2D3M10D3M5D2M24D11M1I2M2I2M11I3M1D1I1M5D37I6M3D6I1M1I1M14I11M6D9M7I1M1I4M4D28M28D2I3M1D2M
Q3ZI85_taxID_318273_model_A	ref_I3D139_archaea	1	177	177	97	304	3.568E-01	2.261E-01	3.584E-01	4.226E-01	296	1M1D3M2D1M5D4M39D18M4D12I1M5D40I4M28I8M1D9M7I6M3D27M1D2M57D1I3M1D2M
Q3ZI85_taxID_318273_model_A	ref_A0A9N8ELP9_oomycota	1	170	177	69	404	3.791E-01	1.959E-01	3.902E-01	3.714E-01	393	2M2D2M1D2M1D5M1I6M2D2M1D3M5D5I2M1D4M2D8M104D40I2M12D8I2M1D1M2D1M2D10M27D2I2M1D10M10D1I4M3D7M1D8M1D7M40D10M2D6M1D3M1D4M
Q3ZI85_taxID_318273_model_A	ref_5CE9_Jregia	1	177	177	51	298	3.545E-01	2.179E-01	3.559E-01	3.036E-01	318	6M2D6M2D1M90D9M1D3M1D8M4I3M7D1M3D1M2D2M1D6M3I1M1I8M2D1I1M1D1I4M1D1I3M1I5M9D7I1M2D1I6M12I6M1D1I12M15I2M4I10M14D18I1M2D1M
Q3ZI85_taxID_318273_model_A	ref_1BT3_Ibatatas	1	177	177	53	319	3.335E-01	2.051E-01	3.349E-01	2.921E-01	342	6M2D6M1D1M2D2I2M81D1I7M6D1M3D1M2D5M12D6M5I4M1I2M3I1M2I2M3D7M2D5M3D2I8M10D7I7M13I6M1D1I12M15I3M3I9M37D20I1M
Q3ZI85_taxID_318273_model_A	ref_8BBR_Vspinosum	1	177	177	91	306	3.275E-01	2.080E-01	3.288E-01	3.087E-01	294	1M1D5M2D4M1D1M1D2M57D7M3D10M1D3M4I2M1I6M3I2M7D27I12M3D2M2D2M2D2I2M1D1I1M2D19I8M12I5M3I11M2D2I1M10D2I3M1D1I3M2D1I2M19D4M
A0A1D9PVH8_taxID_665079_model_A	ref_2Y9W_Abisporus	43	383	594	1	351	5.400E-01	9.037E-01	9.322E-01	7.102E-01	362	33M1I21M1D5M1I65M6D8M1D28M1I2M2I2M1I1M4I18M1I13M2D23M4D19M7D92M
A0A1D9PVH8_taxID_665079_model_A	ref_1JS8_squid	43	384	594	1	262	3.996E-01	8.782E-01	8.814E-01	5.641E-01	355	10M2I19M3I18M5I38M17I1M2I12M1D10M13I9M1I1M2I1M14I1M1I7M9I1M2I1M1I4M1I12M1I9M6I18M1D33M4D2M1D5M13I12M6D25M
A0A1D9PVH8_taxID_665079_model_A	ref_8BBR_Vspinosum	40	574	594	1	324	4.187E-01	7.385E-01	7.406E-01	5.070E-01	586	13M1I20M1I15M18I30M17I23M16I6M3D6M1D3M29D1M1D9M1I11M6I16M1D7M1I12M7D8M1D10M3I5M1I28M4D8M1D12I13M3D23M14I1M2I3M3I1M166I1M
A0A1D9PVH8_taxID_665079_model_A	ref_PmTYR	42	385	594	1	287	3.883E-01	7.665E-01	7.690E-01	4.977E-01	376	11M1I3M1I16M6I14M6I6M1D1I31M17I1M2I12M4D11M14D12I6M1D4M3I3M1I2M9I9M9I1M1I20M1I6M2D1I8M3D4M6D10M3I40M1D3M9I13M6I21M
A0A1D9PVH8_taxID_665079_model_A	ref_I3D139_archaea	49	378	594	1	305	3.977E-01	7.414E-01	7.437E-01	4.724E-01	375	4M1I3M1I17M1D19M5I9M1I29M17I1M2I10M1D2M2D2M1D3M3D3M5D3M5D9I6M1D2I4M1I1M2I2M2I3M2I15M7I5M1I7M1D11M1I9M5I16M2I5M1I29M1D9M8I15M24D18M
A0A1D9PVH8_taxID_665079_model_A	ref_5CE9_Jregia	22	574	594	30	339	4.189E-01	7.064E-01	7.685E-01	5.031E-01	586	15M6I10M1I1M1I18M1I17M1D3M3I10M1I29M17I13M2D12M14I5M27I4M7I11M9D1M3D1M2D12M1D10M9D21M1D1M3D33M1D7M14I14M1D22M14I1M2I2M2I3M166I1M
A0A1D9PVH8_taxID_665079_model_A	ref_1BT3_Ibatatas	22	407	594	32	336	4.149E-01	7.062E-01	7.737E-01	5.058E-01	417	13M1I1M6I12M1I1M1I17M1I20M2I10M1I29M17I13M2D12M14I5M27I4M7I10M11D1M2D2M1D12M1D10M9D21M1D1M3D33M2I5M14I14M1D23M16I2M2I3M
A0A1D9PVH8_taxID_665079_model_A	ref_A0A9N8ELP9_oomycota	38	575	594	18	412	4.471E-01	6.264E-01	6.525E-01	4.609E-01	632	15M1I3M1I19M1D1M7D16M6I1M2I3M1I1M1I2M1I26M17I1M1I13M1D4M1D5M12D14I9M1I6M14D6M5D16M10I31M1I20M6D35M1D1M2D1M4D4M1D6M8D3I14M3D5M13D1M13D6M2D21M3I2M1I6M173I1M
A0A1D9PVH8_taxID_665079_model_A	ref_5M8L_human	21	356	594	15	361	3.854E-01	6.074E-01	6.483E-01	4.324E-01	418	5M7D2M1D1M2D7M2D2I15M1I3M1I17M4D1M18D18M1D5I2M6D3I34M17I15M1D2M1D1M1D1M2D6M8D12I12M1I9M6D7I9M9I5M2D17M1I7M1D8M3D4M14D9M1I1M2I37M1D3M1D4M1I1M3I1M5I8M
G7Z6L5_taxID_862719_model_A	ref_1JS8_squid	24	354	556	1	262	3.989E-01	8.154E-01	8.184E-01	5.626E-01	357	11M1I16M2I2M3I15M10I5M2D3M26I29M1I2M1I11M1I3M2I10M1D5M9D7M8I1M9I7M1D11M19I9M1I9M2D1M2D31M3D1M1D8M9I2M1I10M4D4M1I4M1D19M
G7Z6L5_taxID_862719_model_A	ref_8BBR_Vspinosum	22	359	556	2	324	4.216E-01	7.085E-01	7.127E-01	6.080E-01	414	30M2I2M1I15M47I43M4I10M2I6M59D4M13I8M3D6M3D12M2D2M1D1M4D4M10I1M3I22M1I25M2D11M8I11M1D9M1D25M
G7Z6L5_taxID_862719_model_A	ref_5CE9_Jregia	19	362	556	40	339	4.353E-01	6.943E-01	7.800E-01	5.706E-01	379	16M1I16M1I3M2I16M8I7M3D3I1M2D26I44M2I25M2D5M6D5M3D9I2M1D3M1D7M2D6M1D3M7D4M13I17M7D40M12I44M2I1M
G7Z6L5_taxID_862719_model_A	ref_PmTYR	23	355	556	1	287	3.961E-01	7.353E-01	7.376E-01	5.304E-01	377	12M1I16M2I1M4I1M1I1M1I11M9I4M7D33I26M2I14M1D7M1D1M1D1M1D1M2D4M10D6M15D8M7I2M1D7I27M8I1M1I10M5D52M1I1M2I6M3I9M8I21M
G7Z6L5_taxID_862719_model_A	ref_1BT3_Ibatatas	20	359	556	42	336	4.285E-01	6.888E-01	7.798E-01	5.627E-01	373	15M1I16M1I3M2I16M8I7M6D30I44M2I22M1D3M1D5M2D1M1D5M2D5I2M1D1I2M1D3M1D7M2D6M2D3M6D4M13I18M7D32M3I4M12I44M
G7Z6L5_taxID_862719_model_A	ref_2Y9W_Abisporus	24	353	556	1	351	4.313E-01	6.634E-01	7.044E-01	5.227E-01	414	14M1D14M2I3M1I16M10I1M6I2M2I1M11I6M2D2I34M17D14M1D2M1D9M1D4M14D5M19D6M4D10I10M2D2M1D3M1D7M1D6M1D9M4I3M6I5M1I9M10D32M1I8M4I4M8D1I15M1I1M1I22M
G7Z6L5_taxID_862719_model_A	ref_I3D139_archaea	30	349	556	1	305	3.831E-01	6.709E-01	6.730E-01	4.904E-01	389	5M1I24M1I12M10I6M5D30I27M1I1M1I20M1D3M2D4M4D6M30D11M2I1M2I1M7I9M1D11M19I16M1D9M1I25M1I9M2I5M1I1M1D2I11M22D2I4M2D14M1I1M
G7Z6L5_taxID_862719_model_A	ref_A0A9N8ELP9_oomycota	20	360	556	19	411	4.112E-01	5.419E-01	6.455E-01	4.923E-01	472	15M1I24M6D13M10I6M30I29M1I13M1I13M11D6M1D1M44D6M13I1M3I9M3D13M17I8M3D11M9D33M1D2M2D2M2D12M9D2M3D2I8M3D3M2D3M7D1I1M2D1M13D9M3D12M2D1M5D5M
G7Z6L5_taxID_862719_model_A	ref_5M8L_human	16	325	556	39	361	3.827E-01	5.701E-01	6.559E-01	4.679E-01	390	19M1I19M3D2M17D17M9I8M7D28I42M1I10M2D4M9D1M1D5M25D8M7I3M3D6I26M1I1M7I1M1I10M13D43M1I10M2I7M2I2M1I5M
A0A5N6KF72_taxID_61186_model_A	ref_2Y9W_Abisporus	1	303	521	38	351	5.394E-01	7.920E-01	9.160E-01	7.062E-01	325	1M1D15M1D7M1I63M6D8M1D28M1I2M2I2M1I1M4I17M1I1M1I13M2D24M4D18M7D92M
A0A5N6KF72_taxID_61186_model_A	ref_1JS8_squid	1	304	521	34	262	3.902E-01	7.541E-01	8.592E-01	5.724E-01	318	1M1D12M5I37M18I2M1I12M1D10M13I10M3I1M14I1M1I7M12I2M1I4M1I12M1I9M6I18M1D33M3D2M2D5M13I12M6D25M
A0A5N6KF72_taxID_61186_model_A	ref_PmTYR	1	305	521	32	287	3.799E-01	6.609E-01	7.360E-01	5.007E-01	338	2M1D10M6I6M1D1I31M17I1M2I12M4D11M14D12I6M1D5M2I1M1I1M1I3M8I1M1I7M10I1M1I20M1I6M2D1I8M3D4M6D10M3I40M1D3M9I13M6I21M
A0A5N6KF72_taxID_61186_model_A	ref_8BBR_Vspinosum	1	496	521	40	324	4.046E-01	6.311E-01	7.128E-01	5.230E-01	549	1M1D7M18I30M17I23M16I6M3D4M1D4M3D1M26D1M1D9M1I11M7I9M1D14M1I12M7D8M1D10M3I5M1I28M4D5M1D2M1D13I13M3D23M17I1M3I4M167I1M
A0A5N6KF72_taxID_61186_model_A	ref_I3D139_archaea	1	298	521	20	305	3.903E-01	6.372E-01	6.774E-01	4.729E-01	354	1M10D12M2D4I9M1I29M17I1M2I13M1D10M8D12I3M2I4M8D6M1I13M1I5M1I2M7I4M1D7M1I4M1I9M1I7M5I16M2I7M1I27M1D1M1D7M9I15M23D3M1D15M
A0A5N6KF72_taxID_61186_model_A	ref_A0A9N8ELP9_oomycota	1	499	521	68	412	4.326E-01	5.359E-01	6.310E-01	4.580E-01	584	12M6I2M2I2M2I3M1I23M1I1M17I16M1D4M1D5M11D13I16M13D7M5D16M11I31M1I20M6D35M1D1M2D1M4D4M2D6M7D4I5M1D8M3D4M14D1M11D11M1D2M2D12M6I2M1I6M173I3M1I1M
A0A5N6KF72_taxID_61186_model_A	ref_5CE9_Jregia	1	329	521	80	339	3.871E-01	5.776E-01	7.390E-01	5.041E-01	363	1M1D13M2I10M1I29M17I13M2D12M14I5M27I4M8I11M9D1M3D1M2D12M1D10M9D21M1D1M3D33M1D7M14I13M2D1I22M17I1M2I6M
A0A5N6KF72_taxID_61186_model_A	ref_1BT3_Ibatatas	1	328	521	81	336	3.832E-01	5.766E-01	7.428E-01	5.085E-01	361	1M1D13M2I4M1D5M2I29M17I13M2D12M14I5M27I5M7I10M10D1M2D2M1D12M1D10M9D21M4D34M2I5M14I13M2D1I22M17I1M2I5M
A0A5N6KF72_taxID_61186_model_A	ref_5M8L_human	1	276	521	106	361	3.470E-01	4.860E-01	6.610E-01	4.459E-01	322	12M1D5I3M5D2I34M17I15M1D2M1D1M1D1M2D6M8D12I12M1I9M6D7I9M8I6M1D1I17M1I7M1D8M3D4M14D10M3I37M1D3M1D4M1I1M3I1M5I8M
K4REL7_taxID_1214101_model_A	ref_I3D139_archaea	7	352	360	1	305	7.517E-01	8.817E-01	8.845E-01	6.826E-01	365	28M2I20M3I45M1D18M5I12M2I3M2I1M6I12M6D11M4D2M2D16M7I12M14I7M1D36M6I1M1I5M1I1M1I2M6I19M1I7M5D27M3I1M
K4REL7_taxID_1214101_model_A	ref_PmTYR	1	359	360	2	287	6.910E-01	8.568E-01	8.624E-01	6.511E-01	371	28M9I18M2I2M1I45M2D1M2D18M1D13M18I10M1I9M1D2M2D24M3D14M9I18M1D28M5I1M3I7M8I16M26I12M3I8M
K4REL7_taxID_1214101_model_A	ref_1JS8_squid	1	358	360	1	262	6.314E-01	8.481E-01	8.511E-01	5.713E-01	366	31M6I18M2I49M1I2M2I3M2I4M10I6M19I9M4I26M7I11M15I10M2D1M2D4M1D32M1I4M1I6M14I12M17I5M2D2M1D12M3I7M
K4REL7_taxID_1214101_model_A	ref_A0A9N8ELP9_oomycota	1	360	360	23	407	7.165E-01	6.307E-01	7.184E-01	6.196E-01	459	33M9D4I17M8I33M1D12M1I1M2I13M1D1M1D11M20I5M27D3M3D1M1D11M2D2M1D18M5I10M1I2M10I13M9D5M1D29M1I18M5D1M1D16M2D4M28D22I25M1D1M6D1M
K4REL7_taxID_1214101_model_A	ref_8BBR_Vspinosum	1	360	360	4	321	6.191E-01	6.827E-01	6.958E-01	5.515E-01	426	33M3I14M15I25M1D1M1D14M2I2M2I3M2I3M11I8M16I5M3D3M36D1M3D12M6D6M2D13M7I6M12D6M13I47M2I1M3I9M6I2M4I11M2D17I3M2I12M1I3M2I9M
K4REL7_taxID_1214101_model_A	ref_2Y9W_Abisporus	1	357	360	1	351	6.383E-01	6.533E-01	6.550E-01	5.198E-01	438	10M1D3M1D17M2I2M2I17M8D5I34M18D1M1D12M2D9M2I4M10I3M8I7M5D5I2M1D1M3D4M1D3M1D2M1D2M2D7M10D2M2D2M1D3M1D14M6I9M2D6M2D9I12M10D5M1D28M6I1M2I4M1I1M1I3M7D5I17M20I16M1I1M2I6M
K4REL7_taxID_1214101_model_A	ref_1BT3_Ibatatas	1	360	360	46	334	6.098E-01	6.509E-01	7.515E-01	5.654E-01	407	33M4I14M1D1M1D6M1I6M1I26M1D1M1D16M2I3M2I4M10I5M21I1M12I5M1D1M12D4M6D2M1D15M5I6M14D6M14I11M7D4M1D27M10I7M14I6M1I2M18I21M3I8M1D1M
K4REL7_taxID_1214101_model_A	ref_5CE9_Jregia	1	360	360	45	335	6.109E-01	6.464E-01	7.473E-01	5.695E-01	406	33M4I14M1D1M1D6M1I6M1I26M1D1M1D17M1I2M3I4M10I5M21I1M12I8M4D5M16D14M5I6M14D6M14I11M7D4M1D27M2I2M4I1M1I7M14I6M1I2M18I21M3I9M
K4REL7_taxID_1214101_model_A	ref_5M8L_human	1	307	360	47	361	6.293E-01	6.277E-01	7.317E-01	5.550E-01	363	31M2D2M17D21M7D6I3M1D29M1D1M1D17M1I26M19I4M1I5M12D8M2D3M4D24M3D16M5D6I19M1D28M7I9M8I13M
A0A8H4K586_taxID_78861_model_A	ref_1JS8_squid	58	476	748	38	250	1.675E-01	3.933E-01	4.569E-01	2.264E-01	470	15M5I1M6I1M3I1M2I2M34I4M3I1M48I1M2I12M3I2M1I1M12I2M15I3M3I2M2I2M1I3M1I18M2D7M7I2M4I1M3I2M1I3M1I2M10D39I6M11D27I1M1D9I8M1D17I1M1I2M1I3M1I5M4D30M2I1M2I6M5D1I2M2D1M15D8M
A0A8H4K586_taxID_78861_model_A	ref_PmTYR	59	480	748	23	273	1.766E-01	3.743E-01	4.119E-01	2.160E-01	495	1M2D3I1M1I1M20I2M1I2M1I2M2I1M31I5M16I2M1I3M1I2M1I6M4I1M5D6I1M4I1M2I15M1I1M1I1M3I3M7I3M22I1M2I2M2I2M2I9M1D14M13D9I2M8I6M3I1M1I7M36D25I6M4D4M1D5M36I8M10I1M2I2M1I3M1D1I2M2D2I1M1D2I2M1I1M1I1M1I23M3I5M6D2I5M1D2I11M
A0A8H4K586_taxID_78861_model_A	ref_A0A9N8ELP9_oomycota	55	484	748	39	382	2.055E-01	3.277E-01	3.727E-01	2.365E-01	557	18M4I4M51I3M2I4M5I1M1I10M1I2M1I2M4I2M1I4M1I1M1I1M1I17M1I9M37I1M3I2M2I2M2I15M13D29I2M2D2I4M1I11M1I1M2I10M10D37I8M1I4M1D2I1M1D1I11M26D1I2M4D1M2D8M3D4M10D16I2M1I16M2D2M1D1M2D1M1D6M24D5M4D1I9M9D1M3D1M7D1M2D7M
A0A8H4K586_taxID_78861_model_A	ref_2Y9W_Abisporus	76	480	748	25	350	1.763E-01	3.241E-01	3.432E-01	2.317E-01	554	10M3D7M1D2M1D1M2D1M11D6M1I2M2I2M10I6M1I7M1I4M1I5M19D42I2M1I5M11D1I5M1I4M1D4M1D1M3D12M27D15I10M1I11M24D2M3D14M1D1I1M3D4I4M2D9I1M1D1I2M14D37I1M1I11M11I2M1I5M14D1I3M1I9M3D9M2D72I1M1D9I2M1I2M1D2I1M
A0A8H4K586_taxID_78861_model_A	ref_5CE9_Jregia	65	469	748	25	332	1.721E-01	3.197E-01	3.424E-01	2.385E-01	536	5M36D2I7M1D1M5D2I14M1D1M8D9M15I15M1I1M3I3M4D43I1M1D3I2M1I5M4D3I7M8I1M3I1M2I4M1D2M7D4I11M11D17M4D3M14D13M4I17M19D40I1M2D3I1M2I1M1D2I3M4D15I2M1I6M1I4M6D10M47I1M3I1M2I1M2D17I3M1I3M
A0A8H4K586_taxID_78861_model_A	ref_I3D139_archaea	31	424	748	8	299	1.535E-01	3.126E-01	3.232E-01	2.076E-01	532	1M30D29I2M1D2I5M3D14I2M1I6M1D30M1I3M26D32I5M4D6M18D2I2M2D2I20M1D2M6D2M1D7M33D55I15M6I4M2I7M1I7M1D3M1D13M5D59I3M5D34I9M
A0A8H4K586_taxID_78861_model_A	ref_5M8L_human	40	473	748	47	313	1.639E-01	2.940E-01	3.660E-01	2.102E-01	537	2M1I8M50D6I16M1D1I1M1I5M1I1M2I5M1D25M1I7M17D1I2M9D1M5D1M2D5M1I3M5I4M2D4M1I2M2I2M2D27I2M2I3M1I3M2I1M8I1M8I4M22I1M2I2M2I4M15I8M1I3M5I13M1I1M123I7M12D11M26I3M2D2I3M
A0A8H4K586_taxID_78861_model_A	ref_1BT3_Ibatatas	44	525	748	18	334	1.593E-01	2.935E-01	3.058E-01	1.654E-01	628	9M2I2M2I2M1D2I1M1D16I3M2I1M53I6M2D4I1M2I2M2I1M3I1M8I1M2I2M1I24M2I3M1D44I2M1D14I2M2D2I2M2D2I2M2I1M7I2M7I2M1I2M1I7M2D7M1D1I1M15D12I6M1I5M4D6M1D2M8D1M1D1I8M2I3M12D1M2D10M1D2M3D1I1M2D1M1D4M16D3I1M3D2M1D13M2D5I1M2I1M2I2M9I1M7I1M2I2M1I3M2D2I1M34D25I2M24D52I1M1D2I1M
A0A8H4K586_taxID_78861_model_A	ref_8BBR_Vspinosum	75	485	748	24	269	1.445E-01	2.880E-01	3.541E-01	2.131E-01	518	3M1D1I3M1D1M1D2M1D1M1D1M1D11M2I1M21I3M1I3M1I13M14D47I5M1D1I2M5I1M1I2M8I7M2I1M13I4M37I16M1D1I2M9D9I7M54D19I8M30I2M2I1M1I3M3I1M1I7M13D34I7M1D1I2M8D31I19M
A0A8H6ARC5_taxID_1964551_model_A	ref_PmTYR	79	572	879	1	287	2.615E-01	7.635E-01	7.660E-01	5.919E-01	540	29M8I10M26D1M1D29M2D10M1I11M1I1M7I10M1D28M1I16M10D8M5D16M1D31M2I6M3I14M4I17M23I2M203I2M
A0A8H6ARC5_taxID_1964551_model_A	ref_1JS8_squid	80	533	879	1	262	2.342E-01	7.342E-01	7.368E-01	5.065E-01	498	31M5I10M27D1M1D28M1I1M1I1M1I1M1I1M1I1M3I4M18I5M1D7M5I11M1I1M2I5M1I23M1I9M2D1M2D5M1D27M3D10M7I10M1D1M1D3M1D1M2D1M2D16M23I2M165I1M
A0A8H6ARC5_taxID_1964551_model_A	ref_I3D139_archaea	86	339	879	1	305	2.479E-01	6.756E-01	8.035E-01	5.541E-01	327	28M1I11M26D1M1D31M1I8M1I6M14I9M10D4M2D4M4D12M2D1M1D11M1I27M1D41M1I7M2I1M1I11M24D4M2D15M
A0A8H6ARC5_taxID_1964551_model_A	ref_A0A9N8ELP9_oomycota	65	538	879	4	412	2.891E-01	5.889E-01	5.943E-01	5.278E-01	607	4M2D10M2D35M8D2I10M21D1M1D15M1D12M5I7M1I13M7I14M29D4M1D1M1D15M1I15M2D13M3D11M9D5M1D28M2D1M1D3M1D2M1D2M2D4M8D6M1D7M1D6M2D1M27D8M2D2M1D7M2D3M1D5M18I3M162I2M2I1M
A0A8H6ARC5_taxID_1964551_model_A	ref_2Y9W_Abisporus	80	533	879	1	351	2.486E-01	5.833E-01	5.849E-01	4.930E-01	565	10M2D20M2I2M1I11M32D1M1D15M17D1M2D22M3I6M13D16I10M2D6M3D9M8D1M2D21M1D9M10D5M1I9M10D5M1D29M1I1M1I10M5D17M1D1M1D15M1I2M22I1M166I1M
A0A8H6ARC5_taxID_1964551_model_A	ref_1BT3_Ibatatas	5	536	879	4	336	2.405E-01	5.885E-01	5.950E-01	4.848E-01	632	5M1D6M24D58I39M3I10M29D1M1D14M1D1M1D13M1I2M1I2M1I1M1I1M3I4M19I7M13I7M3D1M1D2M1D3M10D2M1D11M2D8M14D16M7D6M1D26M2I2M2I3M9I11M3D21M23I2M163I6M
A0A8H6ARC5_taxID_1964551_model_A	ref_5CE9_Jregia	5	537	879	4	339	2.428E-01	5.865E-01	5.929E-01	4.768E-01	632	11M24D58I39M3I10M29D1M1D13M1D2M1D16M2I1M1I1M1I1M3I4M19I7M13I7M3D1M1D2M1D2M7D1M3D2M1D11M2D8M14D16M7D5M1D31M1I4M9I11M3D21M23I2M163I7M
A0A8H6ARC5_taxID_1964551_model_A	ref_5M8L_human	8	319	879	6	361	2.464E-01	5.722E-01	6.566E-01	5.296E-01	436	3M25D63I4M7D32M3D2M17D14M31D1M1D14M1D1M1D11M1I5M1I1M1I4M1I11M9I5M1D13M1D1M7D1M3D11M1D1M1D23M10D8M13D16M1D28M1I2M1I11M1I4M1I5M
A0A8H6ARC5_taxID_1964551_model_A	ref_8BBR_Vspinosum	74	566	879	1	320	1.724E-01	3.905E-01	3.952E-01	2.782E-01	619	7M10D1M2D10M1I10M1D1I2M2D11I7M4D14M2I7M6D1M14D1M3D6M2I1M1I7M4I3M1I1M14I10M6D2M1D10M2D2M2D3M1D5M1D1I14M2D2M2D3M1D1M32D10M1I6M4I1M9I5M1I8M1I2M6I6M2I1M1D7I4M5D3M7D3M17D2M1D5M2D2I7M1D228I1M
A0A7K7XXH8_taxID_874463_model_A	ref_5M8L_human	71	346	346	1	281	7.728E-01	7.413E-01	9.673E-01	7.908E-01	281	91M2D31M1D48M1D64M1D42M
A0A7K7XXH8_taxID_874463_model_A	ref_PmTYR	116	346	346	1	193	4.961E-01	5.934E-01	8.688E-01	6.659E-01	241	29M26I17M2D6I31M1I1M1I15M4D2M1D1M1D12M1D13M1D5M1I2M10I1M1I13M1I2M1I39M
A0A7K7XXH8_taxID_874463_model_A	ref_I3D139_archaea	123	346	346	1	192	4.358E-01	4.903E-01	7.511E-01	5.547E-01	245	25M2I1M17I20M4D7I1M1I28M1I1M1I12M1D4M1D2M1D10M5I10M9D5M2D6M1I2M1D7I13M1D1I9M1D14M10I8M
A0A7K7XXH8_taxID_874463_model_A	ref_5CE9_Jregia	62	346	346	1	240	4.556E-01	4.638E-01	6.280E-01	4.810E-01	331	4M2D6I6M13D3I1M1D1I9M4I1M7I1M2I1M4I34M4I1M17I22M5D5I1M1I52M2I4M9I1M1I5M1I1M24I7M9D7M1D1M3D1M2D11M2D6M2D3M6D14M
A0A7K7XXH8_taxID_874463_model_A	ref_1BT3_Ibatatas	62	346	346	1	241	4.520E-01	4.637E-01	6.223E-01	4.814E-01	333	4M5D7I4M1D2M11D2I1M2D2I8M4I1M7I2M1I2M5I1M1I31M21I22M5D5I1M1I52M2I4M9I1M1I5M1I1M23I8M5D1M1D5M1D1M6D2M1D11M2D6M2D3M6D14M
A0A7K7XXH8_taxID_874463_model_A	ref_A0A9N8ELP9_oomycota	4	341	346	3	332	4.841E-01	4.135E-01	5.065E-01	5.077E-01	461	5M2D4M80I2M9I4M6I31M1D6M6D19I18M9I32M1I12M1I15M1D3M1D5M1I12M15D7M1I6M6D14M2I15M2D6M79D6M1D3M9D2I1M
A0A7K7XXH8_taxID_874463_model_A	ref_2Y9W_Abisporus	117	346	346	1	244	4.300E-01	4.245E-01	6.120E-01	4.871E-01	289	10M2D19M5I1M16I18M11D9I33M17D11M1D3M3D7M2I7M11D7I5M1D10M1I4M1D4I2M1I7M7D14M1D11M1D6M3D17M
A0A7K7XXH8_taxID_874463_model_A	ref_8BBR_Vspinosum	7	322	346	12	313	2.707E-01	2.838E-01	2.998E-01	2.900E-01	472	5M68D8M15I1M21I5M1D3M2D2M1D1M2D1M51D11M1D6M1D1I3M1D7I7M4D30I1M1I9M9D24I20M1D5I3M1I2M2I23M1I8M17I3M11I6M1I1M24I9M3D2I6M11D7I2M
A0ABD1H9L5_taxID_28513_model_A	ref_5CE9_Jregia	1	126	274	216	339	4.319E-01	3.510E-01	9.328E-01	7.655E-01	127	1M1D10M1I1M1I60M1I51M
A0ABD1H9L5_taxID_28513_model_A	ref_1BT3_Ibatatas	1	126	274	217	336	4.211E-01	3.449E-01	9.434E-01	7.755E-01	127	1M1D10M1I1M1I59M4I47M1I1M
A0ABD1H9L5_taxID_28513_model_A	ref_PmTYR	5	121	274	46	287	3.318E-01	3.176E-01	7.300E-01	5.904E-01	257	8M4D1M122D3M4D6M5D12M7I33M1I8M5D9M7I22M
A0ABD1H9L5_taxID_28513_model_A	ref_2Y9W_Abisporus	1	119	274	219	351	3.402E-01	2.721E-01	7.150E-01	5.744E-01	140	1M1D4M3D3I15M1I11M2D1M1D36M1I1M1I7M14D14M1I22M
A0ABD1H9L5_taxID_28513_model_A	ref_A0A9N8ELP9_oomycota	7	126	274	81	412	3.515E-01	2.431E-01	7.216E-01	5.501E-01	333	5M1D3M142D2M1D6M3D15M2D36M1D2M1D3M3D6M20D6M4D3M1D2M9D1M2D1I1M12D10M3D11M2D1M6D6M
A0ABD1H9L5_taxID_28513_model_A	ref_1JS8_squid	1	272	274	6	262	2.863E-01	2.967E-01	3.016E-01	2.547E-01	399	2M10D2M2D4M2D1M1D5M2D2I1M3I1M1D3I2M2I1M3D3I14M32D19I1M1D1I2M1D1I7M1D8M1D8M7I4M2I2M1I1M5I18M52D58I2M2D4M3D3M2D4M7D10I15M2D24I7M1D1I1M1D10M
A0ABD1H9L5_taxID_28513_model_A	ref_5M8L_human	3	266	274	68	360	3.059E-01	2.492E-01	3.149E-01	2.685E-01	418	1M2D3M1D2M3D4M22D7M1I3M2I2M1I2M2I2M2D2I5M1I3M43D23I8M2D3M9D1M3D3M1I6M17D10I5M1I4M1D4I8M1D4M2D7M1I2M58I3M1I5M2D7M1D3M29D2I2M11D13I2M1D7M1I6M1I4M1D2M1D13M
Q92396_taxID_2587412_model_A	ref_2Y9W_Abisporus	22	377	574	1	351	5.678E-01	9.166E-01	9.192E-01	6.990E-01	369	12M1I42M1D8M5I41M1I24M1D10M1D29M3I20M1I42M2D2I1M3I18M8D70M1I13M1I8M
Q92396_taxID_2587412_model_A	ref_1JS8_squid	22	378	574	1	262	4.137E-01	8.770E-01	8.802E-01	5.533E-01	369	10M3I19M2I18M5I6M3I1M1I31M18I1M2I12M4I11M12I1M1I8M2I2M10I1M1I7M11I2M1I4M3I11M1I10M13I17M2D33M4D2M1D5M13I12M5D17M1I9M
Q92396_taxID_2587412_model_A	ref_PmTYR	21	379	574	1	287	4.084E-01	7.762E-01	7.786E-01	4.854E-01	382	11M3I19M5I14M6I1M1I3M2I5M1I29M18I1M2I29M12D11I6M1D4M1I2M1D3I3M4I1M1I7M11I10M1I10M1I7M2D2I5M2I2M1I8M6D10M2I40M1D3M9I13M7I13M1I8M
Q92396_taxID_2587412_model_A	ref_I3D139_archaea	28	371	574	1	305	4.138E-01	7.434E-01	7.457E-01	4.696E-01	384	4M3I20M2D18M5I6M2I1M1I2M2I29M18I1M2I21M2D4M4D4M5D8I6M1D2I4M1I4M2I3M1D13M8I1M2I4M1D17M1I10M12I16M1I6M1I28M1D9M7I1M1I14M23D19M
Q92396_taxID_2587412_model_A	ref_8BBR_Vspinosum	16	453	574	1	324	4.262E-01	7.271E-01	7.292E-01	5.000E-01	492	1M3I11M2I36M22I30M18I13M1I1M4I9M16I6M3D3M3D3M1D1M1D2M25D1M2D1M2D3M1D11M7I25M1I13M7D7I7M1D10M2I5M1I28M4D5M1D2M1D13I14M2D14M1I9M18I1M3I4M49I1M
Q92396_taxID_2587412_model_A	ref_5CE9_Jregia	2	404	574	28	339	4.336E-01	7.084E-01	7.661E-01	4.977E-01	439	3M1D13M4I11M3I34M2D4M4I6M1I2M1I1M1I1M2I28M18I16M3I11M14I5M22I4M8I10M10D1M3D15M1D11M10D9I6M1D10M1D1M4D34M1D7M14I7M1I6M2D1I15M1I7M18I1M2I6M
Q92396_taxID_2587412_model_A	ref_1BT3_Ibatatas	1	403	574	30	336	4.302E-01	7.083E-01	7.715E-01	5.021E-01	435	16M5I10M1I1M2I39M2I7M2I1M1I2M2I29M18I16M3I11M14I5M22I4M8I10M11D1M2D15M1D11M10D9I6M1D11M5D34M2I5M14I12M1D1I1M1D1I15M1I7M18I1M2I5M
Q92396_taxID_2587412_model_A	ref_A0A9N8ELP9_oomycota	14	397	574	16	412	4.644E-01	6.311E-01	6.748E-01	4.706E-01	480	4M1I13M3I22M9D16M10I2M3I2M2I29M18I1M1I13M3I6M1D5M10D13I17M14D5M9D11M11I10M1I22M8I19M7D35M1D1M2D1M4D4M1D5M9D4I14M3D4M4D1M8D2M12D10M2D18M4I2M1I7M
Q92396_taxID_2587412_model_A	ref_5M8L_human	5	348	574	18	361	3.988E-01	6.081E-01	6.356E-01	4.278E-01	420	2M7D2M3D8M5D3I12M3I20M23D18M9I5M4D34M18I15M2I7M2D6M7D11I15M1I6M4D2I1M2D9M9I4M3D2I6M1I10M1I14M2I2M1I8M14D9M1I1M1I37M2D8M4I1M5I8M
ref_1JS8_squid	ref_1JS8_squid	1	262	262	1	262	1.000E+00	1.000E+00	1.004E+00	1.000E+00	262	262M
ref_1JS8_squid	ref_PmTYR	1	262	262	2	286	8.077E-01	7.416E-01	8.106E-01	6.790E-01	312	29M3I19M1I1M1D1I42M2D2M2D2M1D1M1D1M1D1M2D4M10D7M1D5M3D4M1D8M3D20M10D8M6D10M2I1M2I33M3I2M2I2M1I4M6D10M12I19M
ref_1JS8_squid	ref_2Y9W_Abisporus	1	261	262	1	351	8.735E-01	6.612E-01	8.799E-01	7.159E-01	362	10M2D19M2D18M5D37M18D2M1D11M5D9M1D3M13D9M1D1M1D1M7D1M1D7M11D6M3D12M1D9M10D15M6D37M4I2M1I6M12D3M1D8M5I3M1I21M
ref_1JS8_squid	ref_8BBR_Vspinosum	1	262	262	4	319	8.149E-01	6.668E-01	8.178E-01	6.680E-01	343	11M1D18M2D13M13I28M1D2M1D13M1I8M3I5M4D2M2D1M2D2M42D4M1D5M6D3M1D5M1D17M13D6M1D9M4I6M1I33M1I4M1D2M1D12M1D1I5M2I2M1I19M
ref_1JS8_squid	ref_I3D139_archaea	7	256	262	1	305	7.938E-01	6.898E-01	8.320E-01	6.233E-01	317	24M2D1M2D24M1I40M1D3M1D2M1D1M1D1M2D4M4D7M9D5M1D1M1D1M9D7M1D2M1D1M1D3M3D25M1D11M1I1M2I5M1I27M4I9M1D1M4D12M21D5M2I2M1I13M
ref_1JS8_squid	ref_5CE9_Jregia	1	262	262	45	333	8.194E-01	6.435E-01	8.223E-01	6.643E-01	310	29M2D14M2D6M1D6M1I28M1D1M1D12M1D12M1I5M9I7M4D3M15D1M1D11M2D8M14D6M1D11M1D2M2D33M2I1M1I3M1I3M1I9M1I2M4I28M
ref_1JS8_squid	ref_1BT3_Ibatatas	1	262	262	46	331	8.093E-01	6.410E-01	8.120E-01	6.541E-01	310	29M2D14M2D7M1D5M1I28M1D1M1D12M1D12M1I5M9I4M2D1M12D3M3D1M2D2M1D11M2D8M14D6M1D11M1D1M1D1M1D33M5I1M2I3M1I9M1I2M4I28M
ref_1JS8_squid	ref_A0A9N8ELP9_oomycota	1	262	262	23	398	8.441E-01	5.543E-01	8.471E-01	6.351E-01	384	28M1D3M10D11M2I5M4I32M1D17M2D5M11D4M1I7M2D1M25D1M8D1M1D8M1D3M1D5M1D8M2D13M3D1M1D11M5D43M1D7M20D7M1D5M1I6M9D1M3D1M10D8M1D2M2D10M
ref_1JS8_squid	ref_5M8L_human	1	228	262	47	361	7.371E-01	5.461E-01	8.410E-01	6.222E-01	324	30M2D1M23D21M3D3M1D29M1D1M1D13M1D4M1D1M2D4M9D14M16D10M6D20M10D8M14D9M1I1M1I1M2I33M5I9M6D7M
A0A7R9PUN4_taxID_1979941_model_A	ref_PmTYR	374	666	945	1	287	2.528E-01	8.010E-01	8.037E-01	5.785E-01	333	1M22I42M10D1M1D41M2D9M2D26M8D10M2D2I21M9D8M6D10M2I5M1I1M1I1M2I16M1I13M1I2M1I9M7I2M1I1M1I8M1I11M2I8M1I1M
A0A7R9PUN4_taxID_1979941_model_A	ref_1JS8_squid	397	664	945	1	262	2.306E-01	7.852E-01	7.880E-01	5.111E-01	302	29M3D10M2D1M10D43M1I1M2I2M1I1M1I5M10I12M3D8M3I16M1I22M1D10M1I1M2I16M1I10M4D10M13I2M1I1M1I8M9D1M2D11M2I8M
A0A7R9PUN4_taxID_1979941_model_A	ref_I3D139_archaea	403	659	945	1	305	2.319E-01	6.843E-01	8.065E-01	5.272E-01	332	22M7D14M10D1M1D50M1D6M5I1M1I7M1D2M6D2M1D1M1D1M14D14M2D2M1D11M1I13M1D11M1I4M2I1M1I1M2I16M1I11M2I14M7I3M1I8M29D12M2I1M1I1M
A0A7R9PUN4_taxID_1979941_model_A	ref_8BBR_Vspinosum	373	710	945	1	324	2.328E-01	6.390E-01	6.409E-01	4.736E-01	427	2M21I12M1D17M1D1M3D1M1D12M1I25M1D1M1D14M2I2M1I10M7I2M5I1M1I4M4D2M45D2M2D5M1D1I3M1D3M1D1M2D1M1D9M1I9M13D5M1D10M2I5M1I1M4I16M1I11M2D11M11I4M1I7M8D11M1I1M1I9M40I4M1I1M
A0A7R9PUN4_taxID_1979941_model_A	ref_2Y9W_Abisporus	397	663	945	1	351	2.442E-01	6.230E-01	8.049E-01	4.905E-01	371	10M2D18M1D1M4D10M17D31M17D1M2D28M13D9I11M13D6M8D8M2D2M1D21M10D13M1D2M6D8M1I1M2I16M1I13M1I2M2I2M1I4M1D2M1D10M1I8M5D12M2I7M
A0A7R9PUN4_taxID_1979941_model_A	ref_5CE9_Jregia	390	717	945	37	339	2.354E-01	6.214E-01	6.918E-01	4.917E-01	393	6M1D29M1D1M4D13M14D27M1D1M1D16M2I1M1I1M1I5M11I6M6I10M1D6M16D11M1D8M14D5M1D9M1D2M1D1M2D7M1I1M2I16M1I17M2I1M14I11M6D13M2I7M2I2M41I4M4I1M
A0A7R9PUN4_taxID_1979941_model_A	ref_1BT3_Ibatatas	390	712	945	39	336	2.326E-01	6.211E-01	6.968E-01	4.964E-01	387	35M1D1M4D13M14D29M2D15M2I1M1I2M1I4M11I6M6I9M1D7M16D11M1D8M14D5M1D10M1D2M3D7M1I1M2I16M1I10M1I2M2I2M2I1M14I11M6D13M2I7M2I2M41I4M
A0A7R9PUN4_taxID_1979941_model_A	ref_5M8L_human	378	640	945	36	361	2.286E-01	5.730E-01	7.732E-01	5.006E-01	360	1M5D13I33M28D14M15D1M1D26M1D1M1D11M1I5M1I5M1D7M1I17M18D1M1D11M2D1M1D21M9D8M14D10M2I5M1I1M1I1M2I16M1I11M2I14M5I1M1I1M1I1M2I5M
A0A7R9PUN4_taxID_1979941_model_A	ref_A0A9N8ELP9_oomycota	377	708	945	1	412	2.420E-01	4.899E-01	5.836E-01	3.178E-01	463	1M1I2M1I10M1I5M4D7M6D1M2D11M16D6M2I17M3I1M1I13M1I9M2D1M1D20M1I14M3D8M27D1M6D2M1D1M2D30M1D10M1D10M1I11M4D6M1D1M1D18M1D2M2D1M1D15M9D15I13M7D1I1M4D1M13D1M7D1M3D2M2D2M2D4M2D8M1I8M2I1M13I3M7I2M
A0A2G8L6J4_taxID_307972_model_A	ref_PmTYR	531	775	809	1	287	2.883E-01	7.922E-01	9.266E-01	6.517E-01	292	28M1I1M2I14M10D41M1D1M1D33M1I4M9D9M1D1M2D19M10D8M6D15M1D36M6D21M1I9M
A0A2G8L6J4_taxID_307972_model_A	ref_1JS8_squid	532	774	809	1	262	2.618E-01	7.683E-01	8.277E-01	5.558E-01	281	42M2D1M1D1M8D43M1I1M2I2M1I1M1I1M2I4M10I7M1D1I3M3D48M2D1M2D4M1D25M1D1M2D1M1D3M1D4M1D12M12D10M1I9M
A0A2G8L6J4_taxID_307972_model_A	ref_1BT3_Ibatatas	446	777	809	1	334	2.928E-01	6.678E-01	6.772E-01	5.163E-01	407	7M2D10M4D18I5M2I3M2I5M25I41M2D14M13D27M1D1M1D13M1I2M2I3M1I1M2I4M11I5M4I1M2I8M12D3M6D1M2D11M2D8M14D5M1D11M7D4M1D27M1I2M1I13M7D13M1I11M
A0A2G8L6J4_taxID_307972_model_A	ref_I3D139_archaea	538	769	809	1	305	2.651E-01	6.808E-01	8.873E-01	5.898E-01	314	23M4D16M10D45M1I14M6I7M7D7M16D8M2D1M1D2M2D2M1D24M1D7M1D43M1D1M6D10M30D11M1I1M1I1M
A0A2G8L6J4_taxID_307972_model_A	ref_5CE9_Jregia	446	777	809	1	336	2.923E-01	6.602E-01	6.747E-01	5.199E-01	409	7M1D7M1I2M5D18I4M3I3M2I5M25I7M1D34M2D14M13D25M1D1M1D15M1I2M2I3M1I1M2I4M11I5M4I1M2I8M3D1M1D4M16D10M2D8M14D5M1D10M7D5M1D27M1D17M7D12M1I12M
A0A2G8L6J4_taxID_307972_model_A	ref_5M8L_human	427	752	809	1	361	2.894E-01	6.166E-01	6.791E-01	5.048E-01	431	1M1I1M22I4M20I4M9I11M5D2I3M3I11M7I35M25D16M15D26M1D1M1D13M1I5M1I1M1I15M1I10M2I3M21D9M4D1M1D1M1D18M10D8M14D15M1D37M6D7M
A0A2G8L6J4_taxID_307972_model_A	ref_8BBR_Vspinosum	530	776	809	2	321	2.621E-01	6.292E-01	8.133E-01	5.499E-01	343	13M1D20M2D14M2I25M2D14M3I2M1I1M1I1M1I1M2I3M12I6M1D6M51D1M1D5M5D6M2D1M1D18M13D5M1D40M1D2M3D6M2D2M1D10M9D10M1I12M
A0A2G8L6J4_taxID_307972_model_A	ref_2Y9W_Abisporus	532	773	809	1	351	2.644E-01	5.857E-01	8.321E-01	5.388E-01	365	10M2D22M2D10M2D1M14D30M19D24M1I6M13D10I6M1D1I4M13D6M10D2M1D2M2D3M1D11M1D9M10D14M10D5M1D26M1I8M15D10M6D11M1I8M
A0A2G8L6J4_taxID_307972_model_A	ref_A0A9N8ELP9_oomycota	445	776	809	8	400	2.858E-01	5.452E-01	6.694E-01	5.727E-01	478	2M5D78I2M1D1I2M1D33M11D14M5D31M1D10M5I16M1D13M1I4M39D8M2D2M1D14M2D13M3D1M1D9M9D5M1D26M2D2M2D3M2D5M21D7M3D2M31D8M2D15M
A0ABR4PYK1_taxID_108571_model_A	ref_2Y9W_Abisporus	18	371	652	1	351	4.253E-01	7.703E-01	7.723E-01	5.695E-01	412	12M5I33M32D1M2D2M1D2M2D6M1D32M8I11M1D10M1D17M5I4M2I1M1I2M3I15M6I2M2I1M6I13M4I13M2I14M2D4I1M1I18M8D7M10I41M2D1M5D3M1D9M1I6M1I16M
A0ABR4PYK1_taxID_108571_model_A	ref_1JS8_squid	18	372	652	1	262	3.158E-01	7.494E-01	7.521E-01	4.799E-01	398	10M7I19M2I12M27D1M2D2M1D2M2D6M17I2M1I12M1I1M12I10M12I9M8I1M2I1M10I1M1I7M24I2M1I4M7I12M3I9M13I17M2D5M10I28M3D2M2D8M3I8M1D1M2D5M1D1I9M1I13M
A0ABR4PYK1_taxID_108571_model_A	ref_8BBR_Vspinosum	15	624	652	1	324	3.518E-01	6.703E-01	6.721E-01	4.360E-01	677	12M3I1M1I1M2I33M14D1M2D2M1D2M2D7M16I13M1I1M13I7M1I1M1I1M13I11M1D1I7M1D2M29D18M20I12M5I5M1D8M3I12M7D7I8M1D9M2I5M1I1M10I27M3D5M3D4M4I12M2D1I11M1I12M22I1M2I3M223I2M
A0ABR4PYK1_taxID_108571_model_A	ref_PmTYR	17	373	652	1	287	3.158E-01	6.656E-01	6.676E-01	3.984E-01	411	9M1I2M6I16M1I2M2I1M1I1M1I8M26D1M2D3M1D1M2D6M14I1M2I1M2I16M10I11M14D11I3M2I6M4I4M1I4M7I11M1D22I7M9I10M2I2M1I5M1D1I5M2I1M2I3M1D5M5D11M1I6M10I32M1D18M8I7M1I14M
A0ABR4PYK1_taxID_108571_model_A	ref_5CE9_Jregia	1	623	652	30	339	3.427E-01	6.286E-01	6.837E-01	4.571E-01	684	1M2D12M4I11M7I32M29D1M2D2M1D2M2D7M16I15M12I11M13I6M30I4M20I11M7D8M1D11M1I13M10D9I7M1D9M1D1M4D7M10I29M1D7M6I23M1I13M24I2M2I3M219I1M
A0ABR4PYK1_taxID_108571_model_A	ref_I3D139_archaea	24	366	652	1	305	3.210E-01	6.451E-01	6.470E-01	4.035E-01	414	4M2I1M5I19M2D13M26D1M2D2M1D2M2D6M17I2M1I14M12I6M1I4M8D11I8M3D1M1D3M1D3I4M1I11M1I8M20I5M1I7M5I12M3I9M12I16M1I5M1I1M10I28M1D15M1D8M23D1I12M1I7M
A0ABR4PYK1_taxID_108571_model_A	ref_1BT3_Ibatatas	1	403	652	32	336	3.383E-01	6.227E-01	6.815E-01	4.420E-01	461	1M2D2M1D8M6I9M1I2M6I32M29D1M2D2M1D2M2D7M16I16M12I7M1I3M12I6M30I4M19I12M5D4M1D3M1D12M1I14M8D7I8M1D10M5D7M10I28M1I7M6I13M1I5M1I17M24I2M2I3M
A0ABR4PYK1_taxID_108571_model_A	ref_A0A9N8ELP9_oomycota	13	398	652	18	412	3.725E-01	5.663E-01	6.013E-01	4.166E-01	503	15M2I1M5I21M9D11M21D1M2D13M11I1M1I2M2I15M11I9M10D12I15M2D1M14D1I2M1D1M1D8M1I3M1I9M23I8M6I14M1I10M9I18M7D7M10I28M1D1M2D2M3D4M1D3M11D3M2D4M2D3M2D6M12D2M12D13M2D16M10I1M2I7M
A0ABR4PYK1_taxID_108571_model_A	ref_5M8L_human	1	342	652	27	361	3.103E-01	5.310E-01	5.690E-01	3.768E-01	444	4M1D1M1D6M4D3I13M2I1M5I19M23D13M31D1M2D2M1D2M2D6M1I1M15I13M14I14M11D9I4M1I5M7I2M2I6M1D1I1M5D2I1M2D9M22I5M2D5M6I12M3I7M1D1I5M2I2M1I8M14D9M1I1M1I6M10I35M1D14M
A0A0D3J7L5_taxID_280463_model_A	ref_PmTYR	118	734	798	1	280	2.906E-01	7.640E-01	7.844E-01	4.332E-01	647	1M2I1M15I39M2D3M6D27M1I1M17I16M1I1M1I2M21I2M32I6M2D10M102I1M31I10M2D9M6I8M2I28M5D13I11M5D16M1D31M55I5M4D8M5I3M7I2M23I1M15I1M11I1M5I2M2D2I1M1D3M
A0A0D3J7L5_taxID_280463_model_A	ref_1JS8_squid	121	735	798	1	256	2.562E-01	7.250E-01	7.433E-01	3.942E-01	648	1M15I28M3D10M2D3M7D30M17I1M1I11M1I1M5I1M54I3M1I1M1I5M143I5M1D7M10I8M1I4M3I6M1I13M18I9M1I9M4D6M1D27M4D3M55I3M2D1M1D14M5D11I1M19I1M1D3I1M2I1M12I1M3I1M13I2M2D2I5M
A0A0D3J7L5_taxID_280463_model_A	ref_I3D139_archaea	142	734	798	1	305	2.731E-01	6.714E-01	6.734E-01	4.103E-01	658	22M7D12M1D3M7D27M1I1M17I13M1I3M44I1M13I7M2D6M138I1M1I8M10D8M8D7I11M1D4M1D1I20M18I16M1D39M55I4M7D5M1I5M10I1M2I8M17D9I6M2I1M15I1M11I1M5I2M2D2I1M1D3M
A0A0D3J7L5_taxID_280463_model_A	ref_5M8L_human	121	746	798	36	361	2.866E-01	6.013E-01	6.616E-01	4.079E-01	701	5M5D9I29M28D15M13D29M15I2M1I11M1I2M5I1M2I1M19I1M32I2M1I3M1D9M103I1M29I18M9D5M1I1M2I13M1D25M4D8I1M4I11M13D16M1D30M57I4M2I1M48I6M5I4M2I1M14I3M15I1M
A0A0D3J7L5_taxID_280463_model_A	ref_8BBR_Vspinosum	116	735	798	1	313	2.675E-01	6.138E-01	6.351E-01	3.827E-01	692	1M1I1M1I2M15I10M1D17M1D1M4D11M2I2M2I26M14I1M1I1M1I14M62I1M1I7M142I11M1D3M1D7M37D2I4M1D4M1D1M2D29M11D15I2M1I53M2D55I4M3D14M6D10I3M22I1M4I1M28I5M1D4M
A0A0D3J7L5_taxID_280463_model_A	ref_2Y9W_Abisporus	121	735	798	1	346	2.823E-01	5.902E-01	5.992E-01	3.593E-01	701	1M15I9M1D3M1D16M5D14M13D8M1D24M1I5M2D2I2M2D17M1I4M1I1M55I13M13D141I16M6D6I7M7D6M1D2M2D2I3M1D13M1D6M2D4I2M2D3I1M2I21M6D6M1D30M57I5M1D1I1M2D11I4M35I3M5I8M9D13I4M3D2M4D3M
A0A0D3J7L5_taxID_280463_model_A	ref_A0A9N8ELP9_oomycota	117	734	798	19	392	2.903E-01	5.366E-01	5.871E-01	3.831E-01	731	3M1I1M14I28M1D1M13D11M2D3M1D28M17I15M2I1M44I1M15I15M101I3M30I15M1D6M18D1I1M1D1I1M8D14M2I15M1D6M17I8M3D11M9D5M1D31M31D58I14M2D2I1M11D7I3M5D17I4M1I3M1D1I3M10I2M2I1M1D7I1M1I1M3I2M3D3I3M
A0A0D3J7L5_taxID_280463_model_A	ref_1BT3_Ibatatas	121	735	798	42	325	2.534E-01	5.672E-01	6.628E-01	3.781E-01	675	4M11I28M1D1M4D11M3D3M8D28M15I2M1I14M1I2M3I1M56I3M1I5M144I7M18I7M3D1M2D1M2D5M7D2M1D12M1D1M1D5M12D16I19M7D6M1D26M1I1M58I15M5D12I3M18I1M3I1M2I1M29I3M2D2I5M
A0A0D3J7L5_taxID_280463_model_A	ref_5CE9_Jregia	121	735	798	41	327	2.544E-01	5.643E-01	6.585E-01	3.783E-01	677	4M11I28M1D1M4D11M2D2M1D1M8D28M15I3M1I12M1I3M3I1M56I3M1I5M144I7M18I7M3D1M5D6M6D2M1D12M1D1M1D5M12D16I19M7D6M1D30M55I4M1D6M2I4M6D12I2M19I1M3I1M2I1M29I3M2D2I5M
A0AAD3N9Q8_taxID_270547_model_A	ref_PmTYR	225	344	345	1	143	2.970E-01	3.531E-01	7.880E-01	5.950E-01	148	2M1I28M1I13M9D2M1D27M1I14M2D9M2D4M12D4M2D2I12M
A0AAD3N9Q8_taxID_270547_model_A	ref_1JS8_squid	226	343	345	1	181	2.788E-01	3.609E-01	7.508E-01	5.450E-01	192	1M1I29M2D10M13D5M2I25M1I12M2I1M2I2M1I7M3D1I7M1I6M56D2M
A0AAD3N9Q8_taxID_270547_model_A	ref_1BT3_Ibatatas	160	340	345	1	264	3.123E-01	3.193E-01	5.280E-01	4.619E-01	304	1M3I1M1I7M1D1M16D6M1D17I4M4I1M15I33M1D3M1D1M2D13M13D54M1D8M86D3M1D5M
A0AAD3N9Q8_taxID_270547_model_A	ref_I3D139_archaea	233	345	345	1	277	2.765E-01	3.100E-01	7.672E-01	5.528E-01	281	23M5D1M1D13M10D29M1I16M1I6M2D4M3D1I1M4D2M11D1I8M7D1M125D5M
A0AAD3N9Q8_taxID_270547_model_A	ref_8BBR_Vspinosum	223	345	345	1	157	2.854E-01	3.023E-01	7.136E-01	5.082E-01	164	4M1I10M1D17M1D1M1D1M1D2M1D13M1I2M1I21M1D16M2I2M1I13M1D1I6M1D3M2D1M30D2M1D2M
A0AAD3N9Q8_taxID_270547_model_A	ref_5CE9_Jregia	164	340	345	1	263	2.992E-01	3.035E-01	5.083E-01	4.151E-01	301	1M1I5M1I3M16D6M13I1M1I5M19I14M1D3M2D17M4D1M1D13M12D4M2I1M1I48M2D5M1D2M74D1M11D9M
A0AAD3N9Q8_taxID_270547_model_A	ref_2Y9W_Abisporus	226	345	345	1	178	2.900E-01	2.855E-01	7.455E-01	5.374E-01	181	1M1I9M2D20M4D10M18D5M1I2M1I22M18D30M16D16M3D2M
A0AAD3N9Q8_taxID_270547_model_A	ref_5M8L_human	110	335	345	56	310	2.252E-01	2.177E-01	3.006E-01	2.847E-01	356	15M24D29I5M1I1M3I7M42D28I11M8I7M1I1M1I4M3I2M3I8M3D12M5D6M1I6M1D2M2D4M1D2I1M5D6I3M1I2M10D9I3M31D5M3D5M2I3M3D3I12M
A0AAD3N9Q8_taxID_270547_model_A	ref_A0A9N8ELP9_oomycota	107	332	345	20	326	2.322E-01	2.025E-01	3.142E-01	2.818E-01	406	2M1I8M1D5I7M14D25I1M1D1I2M1D2M2D10M32D27I2M1D7M2I1M8I1M1I5M101D2I1M1D2M3D3I18M1D3M1D5M8D11M1D14I12M1I6M12D1I8M6I1M1I2M1I10M
A0A8B8D4J3_taxID_6565_model_A	ref_PmTYR	103	371	986	1	287	2.489E-01	8.185E-01	8.722E-01	5.994E-01	300	29M5I11M2D4M7D26M1I36M5D10M2D4M4D3M1D9M2D1M1D13M1I17M1D5M6D44M2I2M1I20M1I9M1I1M1I12M
A0A8B8D4J3_taxID_6565_model_A	ref_1JS8_squid	104	370	986	1	262	2.287E-01	8.119E-01	8.148E-01	5.496E-01	293	31M2I12M1D1M1D1M8D30M1I11M1I1M1I1M2I2M1I1M1I1M1I1M2I4M4I11M1D27M1I9M9I14M2D1M2D47M3I10M9D1M2D7M1I1M1I11M
A0A8B8D4J3_taxID_6565_model_A	ref_1BT3_Ibatatas	63	395	986	15	336	2.451E-01	6.720E-01	7.007E-01	5.027E-01	393	4M6D7M2I3M1I2M1I2M2I4M10I47M2D1M1D3M9D28M1D17M2I1M2I1M1I2M3I4M5I6M1I1M6I7M3D1M1D1I4M16D11M1D12M6D4M1I5M1D11M7D31M2I1M2I1M1I1M1I3M1I1M1I1M3I8M6D9M1I2M1I14M19I1M1I1M
A0A8B8D4J3_taxID_6565_model_A	ref_5CE9_Jregia	61	395	986	15	339	2.459E-01	6.677E-01	6.959E-01	5.002E-01	397	2M6D4I8M1I2M2I2M1I2M2I3M2I2M7I47M2D1M1D3M9D28M1D17M2I1M2I1M1I2M3I4M5I6M1I1M7I7M5D1I4M16D11M1D12M6D4M1I6M1D10M7D31M2I6M1I3M1I1M1I1M3I8M6D10M1I1M1I14M19I1M1D1I1M
A0A8B8D4J3_taxID_6565_model_A	ref_8BBR_Vspinosum	103	393	986	3	323	2.342E-01	6.652E-01	7.355E-01	5.040E-01	363	12M1D33M2I2M1I27M1D15M4I2M1I10M5I2M3I8M2D1M45D2M1D5M6D6M2D11M1I12M5D26M1I41M2I9M7D2M1D12M2I10M1D20I1M
A0A8B8D4J3_taxID_6565_model_A	ref_5M8L_human	27	345	986	1	361	2.475E-01	6.412E-01	7.211E-01	5.236E-01	417	2M1D35I4M6D5I1M3D3I1M2D2I1M3D13M1I39M3D1M20D13M1D3M13D29M1D13M1I1M1I1M1I3M1I1M1I10M4D4M1D11M17D12M5D1M1D13M1I17M1D5M14D44M4I8M2D12M
A0A8B8D4J3_taxID_6565_model_A	ref_2Y9W_Abisporus	104	369	986	1	351	2.399E-01	6.353E-01	8.222E-01	5.175E-01	364	10M2D35M15D32M18D19M2I5M1I6M13D4I10M2D2M9D7M11D5M2D2M1D21M1D23M10D34M3I3M2I7M5D1M4D3M1D8M4D10M1I10M
A0A8B8D4J3_taxID_6565_model_A	ref_I3D139_archaea	108	365	986	1	305	2.186E-01	6.396E-01	7.429E-01	4.234E-01	327	7M1D14M1I17M2D4M7D27M1I18M1D2I1M1I16M4D4M3D1M3D9M7D1M1D2M1D7M3D3M1D12M1D5M1D4M8I12M1D9M1I3M1I3M2I18M2I11M1D3M2D11M29D7M1I2M1I2M1I3M
A0A8B8D4J3_taxID_6565_model_A	ref_A0A9N8ELP9_oomycota	90	394	986	14	410	2.511E-01	5.755E-01	7.621E-01	5.473E-01	436	5M2D7I34M1D1M8D11M2D3M2D43M2I1M5I13M6D14M28D2M9D5M1D2M1D3M1D24M3I7M1I12M9D37M1D9M3D1M13D2M1D10M1D2M32D13M1D11M9D21I1M
A0A2G9G277_taxID_429701_model_A	ref_1BT3_Ibatatas	38	362	497	7	336	5.597E-01	8.166E-01	8.448E-01	7.428E-01	356	9M2D5M2D2I2M1D2I5M1D2I2M1I2M8D17I1M1D1I4M1D1I131M2D1M1D84M2D1M1D1M1D1M2D2M2D1M4D47M
A0A2G9G277_taxID_429701_model_A	ref_5CE9_Jregia	38	363	497	7	339	5.630E-01	8.127E-01	8.452E-01	7.314E-01	354	18M2D3I4M2I1M1D1I3M2D9I1M1D2I2M3D3I6M1D1I131M3D85M2D1M1D1M1D1M1D2M3D1M7D48M
A0A2G9G277_taxID_429701_model_A	ref_1JS8_squid	25	357	497	1	262	4.066E-01	7.377E-01	7.403E-01	5.298E-01	371	2M62I4M1D1I22M2I14M2I6M1I6M1D28M1I1M1I12M1I12M1D5M9D4M1I2M3I1M1I2M8I1M3I1M1I11M2I8M14I5M1I12M1I2M2I16M2D1M1D1M1D1M2D2M2D1M11D3M1D9M1D2M4D4M1I4M1D19M
A0A2G9G277_taxID_429701_model_A	ref_8BBR_Vspinosum	84	363	497	1	324	4.460E-01	6.683E-01	7.685E-01	5.924E-01	363	9M1D41M15I39M1I1M1I10M2I6M59D16M8I14M2I14M1I23M7I6M1I9M2D1M1D1M1D1M2D2M2D1M9D3M4D10M1D11M1D22M1I1M
A0A2G9G277_taxID_429701_model_A	ref_PmTYR	24	358	497	1	287	3.968E-01	6.573E-01	6.594E-01	4.977E-01	398	3M60I1M1I6M1I20M5I12M1I1M1I4M2I5M1D26M1I1M1I14M1D2M2D2M1D1M1D1M1D1M2D4M11D5M3D1M11D5M2I1M5I7M6I2M1I11M2I1M1I3M2I5M5I4M4D6M5D12M7I15M1D1M2D1M1D1M2D2M2D1M5D4M1D2M6D8M7I22M
A0A2G9G277_taxID_429701_model_A	ref_2Y9W_Abisporus	26	356	497	1	351	4.364E-01	6.013E-01	6.358E-01	5.234E-01	431	1M60I5M1D40M2I4M6D2I8M1D28M17D15M4D9M1D2M14D6M19D4M6D10M8I1M1I16M1I11M5I24M2D1M1D20M1D1M2D1M1D1M2D2M2D1M5D5M15D13M1I22M
A0A2G9G277_taxID_429701_model_A	ref_I3D139_archaea	92	351	497	1	305	3.995E-01	6.318E-01	7.351E-01	5.147E-01	347	3M1I21M2D16M1I2M1I2M1I35M1I1M1I13M2D6M3D4M5D5M11D1M18D16M10I2M1I11M2I8M14I17M6I6M1I9M1D1M2D1M1D1M2D2M2D1M7D4M1D1M5D7M1D3M22D2I4M2D15M
A0A2G9G277_taxID_429701_model_A	ref_A0A9N8ELP9_oomycota	73	380	497	8	410	4.312E-01	5.106E-01	6.626E-01	4.793E-01	457	16M1D30M9D14M1I1M1I3M6I30M1I20M1D4M12D8M43D8M2I4M8I1M2I2M1I12M1I9M13I5M3D13M1D1M1D20M1D1M2D1M1D1M1D2M2D2M13D5M21D6M4D3M2D3M9D1I2M13D3M3D21M4D4I2M2D13I1M
A0A2G9G277_taxID_429701_model_A	ref_5M8L_human	62	328	497	5	361	3.818E-01	5.077E-01	6.605E-01	4.491E-01	397	9M2D1I1M1D1I1M1D1I5M12D1I1M7D2I31M5D1M18D22M5D4I2M1D51M1D1M2D3M10D7M1D1M23D8M3D6I5M6I2M1I11M2I6M2I3M6I4M4D5M1D1M12D12M7I15M1D1M2D1M1D1M2D2M2D1M4D1M1D2M1D3M7D7M
A0A0B7C4D3_taxID_1028688_model_A	ref_1JS8_squid	1	97	97	28	164	6.707E-01	2.699E-01	6.769E-01	7.294E-01	154	22M2D2I1M1I40M9I1M1I10M2D1M24D4I1M1D2M28D2M
A0A0B7C4D3_taxID_1028688_model_A	ref_I3D139_archaea	1	97	97	23	203	5.570E-01	2.072E-01	5.618E-01	5.605E-01	201	3M1D1M2D12M1D1I5M5D7I38M1D7I3M2I3M1D3M1D3M4D1M48D3I2M3D1M37D2M
A0A0B7C4D3_taxID_1028688_model_A	ref_5M8L_human	1	97	97	75	304	5.429E-01	1.765E-01	5.474E-01	5.771E-01	250	5M24D14M1D1I1M7D5I1M1D1I1M1D31M2D6M9I1M1I3M1D3M1D5M4D1M45D3I3M66D2M
A0A0B7C4D3_taxID_1028688_model_A	ref_2Y9W_Abisporus	2	87	97	210	337	4.074E-01	1.447E-01	4.476E-01	4.659E-01	150	3M2D1M23D9M3I2M1D7M1D6M1D1M2D2M2I19M1I3M2D1M30D13I7M1I2M2D2I1M
A0A3M6W368_taxID_91943_model_A	ref_2Y9W_Abisporus	1	155	372	184	351	3.829E-01	4.049E-01	8.832E-01	6.233E-01	172	1M7D1M1D38M1D1I2M2I18M7D1M1D68M1I22M
A0A3M6W368_taxID_91943_model_A	ref_1JS8_squid	1	156	372	125	262	3.093E-01	4.295E-01	7.779E-01	5.231E-01	168	3M1I7M3I11M1I10M12I17M2D33M4D2M1D6M12I3M1I8M5D26M
A0A3M6W368_taxID_91943_model_A	ref_PmTYR	1	157	372	114	287	3.163E-01	4.020E-01	6.977E-01	4.916E-01	198	2M7D1M24D6M1D5M1I11M1I6M2D2I5M1I2M1I8M6D10M2I39M1D4M9I13M7I21M
A0A3M6W368_taxID_91943_model_A	ref_8BBR_Vspinosum	1	348	372	169	324	3.260E-01	3.690E-01	7.089E-01	4.589E-01	362	4M1D14M1D7M1I14M6D5I8M1D9M2I7M1I26M3D9M10I15M2D24M7I1M2I3M178I1M
A0A3M6W368_taxID_91943_model_A	ref_I3D139_archaea	1	370	372	1	299	2.803E-01	3.250E-01	3.306E-01	2.322E-01	507	3M2I3M1D1I2M1D2I14M2D4M1D11M25D4I3M2D2I2M2D2I1M7D2I5M1I20M7D7M3D7M1I8M8I10M1D5M28D87I6M2D29I8M7D14I6M10D36I9M7D5M2D1M2D2M5D2M1D3M21D17I15M
A0A3M6W368_taxID_91943_model_A	ref_5CE9_Jregia	1	352	372	15	338	2.811E-01	3.012E-01	3.108E-01	2.167E-01	508	1M33D24I7M6D6I4M17D9I1M2D2I6M1I3M49D24I1M2D2I17M11I2M4I2M1I1M8I1M1I8M8D3I4M1I3M4I10M1I13M41I12M1I9M2D1M19D7M1D18I4M2D2M2D1M1D8M1I6M7I1M2I10M8I5M1D2M1D1M1D1M3D2M2D1M4D8M4I3M
A0A3M6W368_taxID_91943_model_A	ref_1BT3_Ibatatas	1	352	372	16	336	2.703E-01	2.926E-01	3.006E-01	2.184E-01	518	2M31D21I1M1D2I5M1D1I1M2D2I1M1D1I5M15D8I1M2D2I13M11D11I1M35D10I1M2D2I17M11I2M4I1M2I1M10I1M2I5M8D4I20M1I14M1D42I1M3D3I2M1I9M2D2I2M31D27I1M1D1I2M2D2M2D2M1D7M1I5M4D16I6M5I9M1D1M7D1M2D11M5I2M
A0A3M6W368_taxID_91943_model_A	ref_5M8L_human	1	128	372	195	361	2.591E-01	2.663E-01	6.681E-01	3.942E-01	183	3M35D6M4D5M1I10M1I8M1D1I5M1I2M1I8M14D9M1I1M1I37M1D10M2I1M5I2M2I5M
A0A8J4S5S5_taxID_1284355_model_A	ref_PmTYR	1	322	339	10	287	6.625E-01	7.750E-01	8.011E-01	5.806E-01	351	32M2D3M6D27M1I1M2I17M5I2M1I3M1I5M2D11M10I9M1D7M1D3M2I3M1I9M2D4M2I17M9D8M5D17M1D28M12I9M2I12M10I1M1I1M13I12M3I6M7I2M
A0A8J4S5S5_taxID_1284355_model_A	ref_1JS8_squid	1	321	339	9	262	6.236E-01	7.918E-01	8.175E-01	5.285E-01	338	21M3D10M2D1M1D2M6D29M2I2M1I11M1I1M1I1M5I1M2I2M4I1M1I5M2I1M18I12M1I1M4I2M1I5M1I1M1I8M1I9M1I14M1I9M2D1M2D5M1D30M6I1M2I9M5I2M1I8M9I5M3I18M1I1M2I7M7I1M
A0A8J4S5S5_taxID_1284355_model_A	ref_I3D139_archaea	1	308	339	3	305	6.604E-01	7.287E-01	7.355E-01	5.590E-01	359	20M7D12M1D3M7D27M1I1M2I13M1I3M5I1M2I1M2I6M1D6M15I10M9D8M10D5I8M1D3M2D4M1D5M1I8M1I19M1D37M9I1M2I1M1I9M1I12M7D2M1D4M3D6M1I3M2I2M1I3M1I13M3I1M
A0A8J4S5S5_taxID_1284355_model_A	ref_8BBR_Vspinosum	1	328	339	12	324	6.430E-01	6.707E-01	6.945E-01	5.475E-01	395	1M1D19M1D1M3D1M1D10M2I2M2I26M1I16M10I2M2I6M1D7M1D1M1D1I4M1D1M3D1M30D1M2D1M3D7M22I6M1D5M3D1M1D13M1I9M13D51M9I9M1D5I10M11I2M1I6M1I2M2I10M1I1M1I1M1I8M1I2M2I1M6I2M
A0A8J4S5S5_taxID_1284355_model_A	ref_2Y9W_Abisporus	1	313	339	9	351	6.509E-01	6.301E-01	7.035E-01	5.334E-01	410	2M2D18M1D1M4D10M2D1M12D33M2D1M14D13M2I2M1I5M5I4M1I8M13D18I14M8D5I7M7D5M2D2M2D24M9D15M10D5M1D28M12I1M1I9M7D13M11I2M8I3M1D12M1I1M2I7M
A0A8J4S5S5_taxID_1284355_model_A	ref_A0A9N8ELP9_oomycota	1	327	339	31	412	6.969E-01	5.832E-01	7.213E-01	5.236E-01	430	20M1D1M13D11M2D2M1D28M1I1M1I15M2I1M11I14M1D4M9I18M2D1M21D2I2M8D28M1D14M3D10M1D1M8D6M1D30M5I11M1D3M10D5M1D10M9I4M4I7M12D1M11D7M3D5M3I10M2D7M1I2M
A0A8J4S5S5_taxID_1284355_model_A	ref_5CE9_Jregia	1	328	339	53	339	6.125E-01	6.125E-01	7.183E-01	5.468E-01	384	21M5D11M3D1M1D2M7D30M1I13M2I3M7I1M2I2M1I1M1I5M2I1M19I5M15I6M1D3M1D6M15D11M1D9M14D17M7D5M1D27M12I7M7I8M1I1M11I2M1I1M1I4M1I2M2I13M3I9M2I2M6I2M
A0A8J4S5S5_taxID_1284355_model_A	ref_1BT3_Ibatatas	1	327	339	54	336	6.079E-01	6.130E-01	7.228E-01	5.535E-01	383	20M1D1M4D11M3D3M8D30M1I13M2I2M8I1M2I4M1I5M21I6M15I6M1D2M1D7M15D11M1D9M14D17M7D5M1D26M15I5M7I10M11I2M3I4M1I2M2I13M3I8M1I1M1I2M6I1M
A0A8J4S5S5_taxID_1284355_model_A	ref_5M8L_human	1	265	339	55	361	5.927E-01	5.589E-01	7.477E-01	5.252E-01	348	20M28D15M13D30M1I12M1I2M2I1M6I3M2I16M10I15M14D4M3I2M1I9M5D4M2I17M9D8M13D17M1D28M8I1M2I3M1I9M1I4M1I4M
A0A9Q9XXG6_taxID_7962_model_A	ref_5M8L_human	75	460	545	1	361	6.420E-01	9.646E-01	9.672E-01	7.424E-01	392	46M1I78M1D114M2D1M2D79M30I19M1D18M
A0A9Q9XXG6_taxID_7962_model_A	ref_PmTYR	121	486	545	1	287	4.854E-01	9.011E-01	9.041E-01	6.551E-01	376	29M28I17M2D6I33M1I1M1I11M1D2M2D3M1D1M1D12M1D13M1D8M10I1M2I14M1D40M6I1M2I31M30I39M2I9M1I12M
A0A9Q9XXG6_taxID_7962_model_A	ref_1JS8_squid	122	485	545	1	262	4.090E-01	8.172E-01	8.201E-01	5.408E-01	385	30M2I1M23I20M1D3I3M1I29M1I1M1I13M1I4M1I1M2I4M9I12M16I12M2I20M10I8M14I10M2D1M2D17M30I16M3D2M3D6M6I9M1D2M7D1M2D8M1I11M
A0A9Q9XXG6_taxID_7962_model_A	ref_I3D139_archaea	128	479	545	1	305	4.299E-01	7.480E-01	7.504E-01	5.614E-01	406	25M2I1M19I20M4D7I1M1I30M1I1M1I15M1D2M1D10M5I10M9D5M2D7M3D10I11M1D4M2D4M1D14M10I8M12I1M1I6M1D10M1I11M30I17M1D22M25D1M3D8M1I7M
A0A9Q9XXG6_taxID_7962_model_A	ref_1BT3_Ibatatas	17	490	545	10	336	4.463E-01	7.008E-01	7.207E-01	5.013E-01	531	4M14D5M1I1M10I1M53I4M4I1M7I2M1I1M7I33M23I22M4D5I53M1I1M2I4M9I1M1I5M1I1M23I7M3D1M7D4M6D2M1D11M2D6M2D4M6D3M4I6M13I12M7D17M30I15M2I7M6I9M5D9M1I18M
A0A9Q9XXG6_taxID_7962_model_A	ref_5CE9_Jregia	17	492	545	9	339	4.490E-01	6.978E-01	7.153E-01	4.986E-01	534	4M13D4M2I1M9I2M53I4M4I1M7I2M1I1M6I34M23I22M4D4I2M1I51M1I1M2I4M9I1M1I5M1I1M24I7M11D1M1D3M1D1M3D1M2D11M2D6M2D4M6D3M4I6M13I11M7D18M30I17M1D7M6I9M5D11M1I16M1I1M
A0A9Q9XXG6_taxID_7962_model_A	ref_8BBR_Vspinosum	110	490	545	1	324	4.307E-01	6.965E-01	6.984E-01	5.025E-01	440	1M9I13M1D19M23I16M16I43M1I12M7I2M5I6M4D2M2D2M22D3I9M1D1M5D1I4M1D5M3D1M1D7M2D17M2D4M5D3M4I6M13I17M1I11M30I16M3D10M2I11M6D1M1D10M1I16M
A0A9Q9XXG6_taxID_7962_model_A	ref_A0A9N8ELP9_oomycota	66	492	545	8	410	4.864E-01	6.320E-01	6.467E-01	5.521E-01	530	2M3D29I2M9I4M6I38M7D21I18M9I32M1I11M1I1M1I18M1D18M15D7M1D1I6M5D7M1D21M1D6M9I6M1I2M1I1M8I13M9D18M30I16M2D1M1D1M4D8M13D2M1D9M2D4M30D9M2D12M1D2M4D5M
A0A9Q9XXG6_taxID_7962_model_A	ref_2Y9W_Abisporus	122	484	545	1	351	4.329E-01	6.507E-01	6.524E-01	5.017E-01	448	10M2D20M23I18M11D9I33M17D14M3D8M2I6M13D8I10M2D7M1D7I1M2I9M7D1M1D3M1D3M2D2M1D11M1D9M1D8M1I5M14I10M10D18M30I19M1I7M1D1M3D1M5D11M3D21M
A0A0V1KR57_taxID_6335_model_A	ref_PmTYR	139	445	833	1	287	2.947E-01	8.250E-01	8.277E-01	5.995E-01	338	29M5I11M2D4M7D16M37I46M5D9M2D8M2D1I15M1D19M2D6M4D5M6D45M2I2M2I6M1I1M1I21M1I1M1I12M
A0A0V1KR57_taxID_6335_model_A	ref_1JS8_squid	140	444	833	1	262	2.659E-01	8.007E-01	8.036E-01	5.240E-01	333	30M2I12M2D3M8D16M37I27M4I1M2I3M3I5M5I5M1D8M3I10M1I1M1I22M4I15M2D1M2D34M1D11M2I1M5I10M12D7M1I1M1I11M
A0A0V1KR57_taxID_6335_model_A	ref_I3D139_archaea	146	678	833	1	298	2.767E-01	7.119E-01	7.288E-01	5.041E-01	580	24M2D14M2D3M7D17M37I28M2I2M1I13M1I8M10D6M2D1M6D13M1D1M1D3M1D4M1D18M3I12M1D8M1I25M1I3M1I4M1I6M1I1M1I15M168I9M6D29I3M6D33I7M1D2I3M
A0A0V1KR57_taxID_6335_model_A	ref_1BT3_Ibatatas	86	467	833	15	335	2.843E-01	6.635E-01	6.929E-01	4.667E-01	444	4M1D1I1M1D1I1M1D1I9M1I2M2I2M1I7M19I46M3D4M9D16M37I11M2D15M1I1M2I1M2I4M3I4M5I6M12I8M9D5M7D2M2D7M1D3M1D7M1D2M9D8M1D11M7D33M4I1M1I3M1I2M8I8M7D4M1I6M1I13M19I2M
A0A0V1KR57_taxID_6335_model_A	ref_5CE9_Jregia	87	467	833	14	339	2.850E-01	6.566E-01	6.823E-01	4.556E-01	445	3M5D5I9M1I2M2I2M1I7M18I47M3D1M1D3M8D15M37I11M1D1M1D17M2I1M2I1M1I2M3I4M5I6M12I8M10D5M6D2M2D7M1D3M1D10M10D8M1D9M7D36M1I2M1I3M1I2M8I8M7D4M1I6M1I14M17I3M
A0A0V1KR57_taxID_6335_model_A	ref_5M8L_human	31	420	833	1	361	2.900E-01	6.404E-01	6.421E-01	5.011E-01	490	2M1D56I4M6D8I2M3D3I1M7D1I11M1I5M1D12I33M23D18M14D16M37I10M1D1M1D13M1I2M2I3M1I1M1I10M4D4M1D14M14D1I12M2D1M1D2M1D19M2D6M4D5M14D42M1I3M1I1M1I8M1I1M1I11M
A0A0V1KR57_taxID_6335_model_A	ref_8BBR_Vspinosum	139	446	833	3	321	2.721E-01	6.583E-01	6.913E-01	4.831E-01	380	12M1D33M2I3M1I14M37I10M2D16M4I2M1I10M5I2M3I6M4D1M37D1M3D12M5D7M1D22M9D8M1D14M1I34M1I6M1I1M2I1M1I10M9D12M2I10M
A0A0V1KR57_taxID_6335_model_A	ref_A0A9N8ELP9_oomycota	115	467	833	15	411	2.995E-01	5.853E-01	6.778E-01	5.472E-01	480	4M2D19I30M1D5M8D11M2D3M2D17M37I15M1D10M2I1M5I13M6D13M30D2M3D10M1D6M1D1I14M2D27M9D37M1D3M1D2M1D7M11D3M1D9M2D2M32D13M1D11M9D19I2M
A0A0V1KR57_taxID_6335_model_A	ref_2Y9W_Abisporus	140	444	833	1	351	2.331E-01	4.872E-01	5.469E-01	3.257E-01	421	5M1D1M2D2M5D1M1D10M1D6M3D3M1D2M3D1I6M7D1M1D1I5M3I4M3I9M1I1M36I6M1I8M19D8M8D6M1D1I7M11D7M7I17M1D5M8D1M1D7M1D3M1D13M3D3M1D1M6D18M8D31M1I2M3I6M12I5M2D2M2D2M3D5M15D16M
A0A7C8JXQ3_taxID_2813651_model_A	ref_2Y9W_Abisporus	23	460	717	1	351	4.509E-01	8.987E-01	9.011E-01	5.950E-01	451	12M5I20M6I11M24I11M2D7M4I35M1I4M1I33M1D2M1D10M1I1M3I2M1I13M3I4M2I5M3I1M1I15M2I1M4I1M1I11M12I16M1I1M4I11M1D2I1M5I1M3I18M8D36M3I4M1I1M5I30M2I20M
A0A7C8JXQ3_taxID_2813651_model_A	ref_1JS8_squid	23	461	717	1	262	3.336E-01	8.738E-01	8.769E-01	5.110E-01	449	10M7I19M8I10M24I8M5I7M2I31M19I1M2I11M4I13M18I8M5I1M2I1M11I1M1I7M17I2M1I4M15I12M1I1M3I1M2I7M19I17M2D33M2D11M18I3M1I8M3D1M1D2M2D2I22M
A0A7C8JXQ3_taxID_2813651_model_A	ref_PmTYR	22	462	717	1	287	3.353E-01	7.839E-01	7.863E-01	4.463E-01	461	11M2I1M5I18M11I6M24I8M7I9M1I27M1I1M19I2M1I28M12D16I7M1D3M4I3M3I3M7I9M18I1M2I1M3I4M1D8I16M6I11M8I2M1I8M6D10M2I34M1I1M1I7M4I3M11I12M8I21M
A0A7C8JXQ3_taxID_2813651_model_A	ref_8BBR_Vspinosum	20	693	717	1	324	3.550E-01	7.438E-01	7.459E-01	4.504E-01	718	12M3I1M1I1M2I20M6I11M24I3M20I30M19I13M1I1M4I9M21I5M1D1M1D5M1D5M1D2M29D2M1D4M1I3M1I8M13I9M1I3M12I5M1D8M1I1M1I1M4I11M5D8I1M3I8M1D9M2I6M1I28M1D10M4I1M13I13M1D1I1M1D23M34I1M2I3M191I2M
A0A7C8JXQ3_taxID_2813651_model_A	ref_5CE9_Jregia	3	692	717	29	339	3.671E-01	7.331E-01	7.944E-01	4.463E-01	705	10M1I2M1I3M1I1M1I11M7I19M6I12M21I10M4I8M4I29M19I15M3I12M19I5M28I5M13I17M2I7M2D15M4I7M1I3M8D8I1M3I17M1D1M4D35M1I1M1I7M20I16M1I20M34I1M2I2M2I3M187I1M
A0A7C8JXQ3_taxID_2813651_model_A	ref_I3D139_archaea	29	455	717	1	305	3.406E-01	7.539E-01	7.561E-01	4.179E-01	462	6M6I1M1I16M2I3M1I3M1I7M24I8M6I8M1I1M1I29M19I1M2I14M1I6M3D4M5D3M5D14I6M2I4M4I3M2I11M1I8M14I1M2I4M2I4M9I15M1I1M1I1M4I7M18I16M1I6M1I24M1I10M1I1M4I4M2I1M3I1M5I13M22D19M
A0A7C8JXQ3_taxID_2813651_model_A	ref_1BT3_Ibatatas	3	504	717	31	336	3.608E-01	7.282E-01	7.945E-01	4.534E-01	519	15M5I12M6I1M1I18M6I11M21I10M4I8M4I29M19I15M3I12M19I5M28I6M12I15M1I1M3I3M2D3M1D15M4I7M1I3M8D8I1M4I6M1D12M5D33M5I6M20I16M1I20M34I1M2I2M2I3M
A0A7C8JXQ3_taxID_2813651_model_A	ref_A0A9N8ELP9_oomycota	18	695	717	18	412	3.807E-01	6.329E-01	6.589E-01	4.287E-01	764	17M6I1M1I20M8D5I10M21I5M2I1M8I3M2I1M3I3M1I26M18I2M2I12M3I5M1D6M10D18I11M1I3M18D1M2D1M1D8M2I3M1I9M16I8M14I14M1I1M3I9M15I18M7D37M1D3M2D7M2I6M7D4I14M3D5M12D2M11D11M3D14M23I2M1I8M1I1M195I1M
A0A7C8JXQ3_taxID_2813651_model_A	ref_5M8L_human	3	431	717	14	361	3.319E-01	6.183E-01	6.404E-01	3.728E-01	502	2M1D3M7D2M3D1M1D6M1D15M1I1M1I1M5I19M3D2M14D1I1M1D14M21I9M5D10I7M1I28M19I12M1I1M3I7M1I6M12D16I4M1I5M5I1M2I6M8D5I1M2D9M14I1M2I2M2I1M3I5M1D6I2M1I14M6I11M8I1M1I9M14D8M1I2M1I38M1I5M5I3M2I1M3I1M5I8M
A0A1V9YEL7_taxID_1202772_model_A	ref_PmTYR	430	834	958	1	287	2.547E-01	8.053E-01	8.080E-01	5.230E-01	435	1M54I40M2D3M6D5M1D22M3I17M5I2M1I3M1I5M2D10M1I1M12I9M2D6M1D3M4I3M1I5M1I5M1D15M2I6M9D8M5D17M1D27M2I1M8I9M2I12M8I2M15I12M3I6M8I1M17I1M
A0A1V9YEL7_taxID_1202772_model_A	ref_1JS8_squid	485	816	958	1	262	2.409E-01	8.219E-01	8.248E-01	4.740E-01	350	29M3D10M2D1M8D30M2I2M1I11M1I1M1I1M5I1M5I2M1I1M1I5M23I12M1I2M5I2M1I5M1I1M1I9M1I8M3I14M1I9M2D1M2D5M1D35M2I2M2I3M7I4M1I5M7I6M4I18M1I1M2I7M8I1M
A0A1V9YEL7_taxID_1202772_model_A	ref_I3D139_archaea	32	346	958	1	305	2.461E-01	7.277E-01	7.299E-01	5.072E-01	369	22M7D12M2D3M6D5M1D22M3I13M1I3M5I1M2I1M2I6M2D6M20I8M6D1M3D8M10D6I8M1D3M1D8M1D9M2I1M1I21M1D35M4I1M5I10M2I12M7D2M1D3M4D5M1D6M7I2M1I13M3I1M
A0A1V9YEL7_taxID_1202772_model_A	ref_8BBR_Vspinosum	458	823	958	1	324	2.504E-01	6.925E-01	6.945E-01	4.644E-01	431	1M24I13M1D17M1D1M4D11M2I2M1I26M1I16M10I2M2I10M21I3M3I5M1D1M2D7M38D2I10M2D5M3D14M3I8M13D54M1I6M2I3M8I7M1I2M7I2M2I1M1I5M1I2M2I10M2I2M1I7M2I1M1I1M2I1M3I1M2I2M
A0A1V9YEL7_taxID_1202772_model_A	ref_A0A9N8ELP9_oomycota	432	822	958	1	412	2.947E-01	6.401E-01	6.721E-01	4.564E-01	486	3M1I1M1I4M1D1I6M1I3M1I1M3I1M24I30M1D1M13D11M2D2M1D8M1D20M2I15M2I1M11I19M11I19M1D1M19D1M1D1I2M8D29M1I14M3D11M9D6M1D36M1I10M9D5M1D10M6I4M6I7M23D27M1D7M1I2M
A0A1V9YEL7_taxID_1202772_model_A	ref_5CE9_Jregia	142	823	958	31	339	2.459E-01	6.540E-01	7.145E-01	4.604E-01	737	4M10I1M1I1M29I1M3I3M230I1M2I2M54I30M5D11M3D1M1D2M8D29M1I14M1I3M10I2M1I1M1I5M24I6M16I9M2D6M13D1M2D21M13D16M7D6M1D27M10I7M7I8M1I1M8I2M6I6M1I13M3I8M2I2M1I2M6I2M
A0A1V9YEL7_taxID_1202772_model_A	ref_2Y9W_Abisporus	485	807	958	1	351	2.501E-01	6.472E-01	7.009E-01	4.684E-01	419	10M2D18M1D1M4D10M2D1M13D32M2D1M14D13M1I2M2I5M5I4M1I7M14D22I14M6D4I9M7D5M2D2M2D13M1I3M1I8M9D15M10D6M1D27M3I1M7I8M1D2M5D13M8I2M10I3M1D12M1I1M2I7M
A0A1V9YEL7_taxID_1202772_model_A	ref_1BT3_Ibatatas	142	822	958	33	336	2.426E-01	6.529E-01	7.186E-01	4.647E-01	736	4M10I1M1I1M29I1M3I3M234I1M51I1M2I29M1D1M4D11M3D3M9D29M1I14M1I2M11I4M1I5M24I6M16I9M2D6M13D1M2D21M13D17M7D5M1D27M12I5M8I7M1I1M8I2M6I6M1I14M3I7M2I2M1I2M6I1M
A0A1V9YEL7_taxID_1202772_model_A	ref_5M8L_human	19	302	958	32	361	2.335E-01	5.858E-01	7.323E-01	4.688E-01	373	1M4D1I3M5D30M28D15M13D5M1D24M1I12M1I2M2I1M6I3M2I5M1D9M3I1M12I16M1D1M10D4M1I3M1I10M2D1M1D15M2I6M9D8M13D17M1D27M3I2M2I1M2I2M1I8M3I9M
M5C4K8_taxID_1108050_model_A	ref_PmTYR	561	755	758	29	287	1.635E-01	3.995E-01	5.595E-01	5.153E-01	314	2M1I8M37D11I5M55D18I20M15I3M1I13M13D2M3D2M1D1M6D44M1D6M3D3I11M1I1M3I13M2I9M
M5C4K8_taxID_1108050_model_A	ref_1BT3_Ibatatas	523	756	758	9	334	1.816E-01	3.691E-01	4.970E-01	4.449E-01	394	2M1D2I18M1I2M2I3M38D8I13M42D9I7M28D22I1M1D1I6M1D2M6D1M2D4M11D15I16M1D2M16D2M2D1M1D10M7D34M1I4M6I13M2D1M1D13M1I11M
M5C4K8_taxID_1108050_model_A	ref_5CE9_Jregia	526	758	758	9	339	1.820E-01	3.657E-01	4.977E-01	4.412E-01	397	10M1D1M1D1I3M1I2M2I3M1I3M39D8I13M42D9I7M28D22I1M1D1I7M1D1M6D1M1D5M11D14I16M1D2M16D2M2D2M1D9M7D31M1D9M5I13M2D1M1D12M1I12M2D1I1M
M5C4K8_taxID_1108050_model_A	ref_I3D139_archaea	557	748	758	24	305	1.621E-01	3.641E-01	5.344E-01	4.372E-01	331	3M1I11M38D11I5M53D17I5M8D12M1D4M2D15I7M1D12M2D2M2D1M1D9M1D8M1I23M1D2M1D7M1D2I4M1D9M23D4M3D13M2I2M
M5C4K8_taxID_1108050_model_A	ref_8BBR_Vspinosum	406	758	758	107	324	1.676E-01	3.479E-01	4.745E-01	4.051E-01	415	4M3D25I3M2D61I2M2D2I2M2D2I2M2D10I1M9D9I5M1I9M1D26I1M4D38I11M5D6M1D15I19M2D1M12D11M1D1M2D1M1D12M1I17M1D2M3D6M2D4I15M4D4M1D8M2I12M2D1I1M
M5C4K8_taxID_1108050_model_A	ref_2Y9W_Abisporus	368	753	758	31	351	1.662E-01	3.307E-01	3.570E-01	4.542E-01	557	3M13D168I2M1I2M2I8M22D13I1M3D3I1M3D8I1M1D1I5M71D18I6M3D12M15D19I17M4D1M10D1M2D1M2D11M10D41M1D1I3M9D14M1D1M1D11M2I8M
M5C4K8_taxID_1108050_model_A	ref_5M8L_human	14	726	758	41	361	1.517E-01	2.919E-01	3.229E-01	3.930E-01	895	1M31D354I1M9D129I2M2D2I11M22D13I10M20D30I2M3D11I1M1D1I5M59D18I6M1I14M1I1M11I6M1I12M13D2M2D2M2D1M14D51M3D2I3M1D8M
M5C4K8_taxID_1108050_model_A	ref_A0A9N8ELP9_oomycota	269	630	758	45	408	1.731E-01	2.760E-01	3.022E-01	2.436E-01	537	34M1D1M2D6M2I1M1D26I7M19I15M3D22I5M11D10I6M11D9M49D20I2M1D2M1D8M1D1I2M5D21I12M53D33I19M22D7I1M9D5I2M2D2I21M1I25M1D1M1D6M2I1M1I2M1D1I1M
M5C4K8_taxID_1108050_model_A	ref_1JS8_squid	252	453	758	12	262	1.320E-01	3.134E-01	3.772E-01	2.259E-01	324	16M5D30M2D2I1M67D9I1M1D10M13I22M1D1M18D2M1D4M1D2M22D2I15M1D1I5M3D22I9M1I6M3I2M20I3M
A0A6J8CZL5_taxID_42192_model_A	ref_PmTYR	114	379	892	1	287	2.715E-01	8.130E-01	8.768E-01	6.304E-01	301	29M5I15M9D62M5D10M2D5M5D1M1D9M2D1M1D20M1D3M1D5M1D5M6D10M3I34M3I3M1I9M1D17M1I2M1I12M
A0A6J8CZL5_taxID_42192_model_A	ref_1JS8_squid	115	378	892	1	262	2.540E-01	8.233E-01	8.263E-01	5.844E-01	289	31M2I11M2D1M1D1M7D44M4I1M2I3M1I1M2I4M4I12M1D1M1D33M7I17M1D47M3I8M1D2M9D1M2D7M1I1M1I11M
A0A6J8CZL5_taxID_42192_model_A	ref_I3D139_archaea	121	373	892	1	305	2.500E-01	7.020E-01	8.407E-01	5.822E-01	325	24M2D18M9D40M1I3M2I16M1I9M10D4M3D1M10D9M3D2M2D4M1D18M6I16M2I6M1I27M4I12M2D8M1D1M29D8M1I2M1I2M1I3M
A0A6J8CZL5_taxID_42192_model_A	ref_1BT3_Ibatatas	55	403	892	15	336	2.710E-01	6.755E-01	7.043E-01	5.208E-01	407	6M1D1M1D10M1I2M2I2M1I4M26I1M1I51M12D28M1D1M1D14M3I1M2I3M1I1M2I4M5I6M1I1M6I7M5D1I4M16D10M2D11M7D10M1D11M1D1M3D33M4I1M1I1M2I4M4I9M7D8M1I2M1I14M19I1M1I1M
A0A6J8CZL5_taxID_42192_model_A	ref_5CE9_Jregia	57	401	892	13	339	2.720E-01	6.715E-01	6.956E-01	5.240E-01	407	5M4D10M1I2M2I2M2I4M25I53M12D28M1D1M1D15M2I1M2I1M1I1M1I1M2I4M5I6M1I1M6I7M5D1I4M16D10M2D11M7D1M1D1I8M1D11M1D1M3D32M2I6M1I3M1I1M4I9M7D8M1I2M1I14M17I1M1D1I1M
A0A6J8CZL5_taxID_42192_model_A	ref_8BBR_Vspinosum	113	401	892	2	323	2.550E-01	6.643E-01	7.410E-01	5.394E-01	367	13M1D34M1I2M2I25M1D1M1D14M4I2M1I10M5I2M3I6M4D1M43D4M2D4M6D6M2D22M7D3M1I6M1D9M3I5M1I41M2I9M1D1M8D13M2I10M1D20I1M
A0A6J8CZL5_taxID_42192_model_A	ref_2Y9W_Abisporus	115	377	892	1	351	2.621E-01	6.354E-01	8.340E-01	5.385E-01	365	10M2D35M15D31M19D19M2I5M1I6M13D4I10M2D1M7D1M2D1M1D5M11D5M2D2M1D11M1D9M1D2M2D20M7D36M4I2M2I8M10D3M1D5M1D2M4D7M1I13M
A0A6J8CZL5_taxID_42192_model_A	ref_5M8L_human	59	354	892	5	361	2.606E-01	6.182E-01	7.468E-01	5.403E-01	405	1M8D9I2M2D2I2M6D10M6D25I35M23D18M14D28M1D1M1D11M1I1M1I1M1I3M1I1M1I10M4D4M1D11M1D1M17D10M5D1M1D20M1D3M1D5M1D5M13D1M1D8M1I1M2I34M4I12M2D8M
A0A6J8CZL5_taxID_42192_model_A	ref_A0A9N8ELP9_oomycota	86	403	892	8	411	2.775E-01	5.733E-01	7.263E-01	5.351E-01	450	1M2D2I4M3D17I37M1D1M8D11M2D3M2D32M1D8M1I1M5I1M1I15M6D12M31D1M5D1M1D1M2D3M1D6M1D12M1D1M1D10M1I5M1I1M1I14M6D38M1D2M1D6M2D3M10D4M3D1M1D6M2D1M29D1M2D12M1D12M3D3I1M2D2I1M1D12I3M
A0A0L8GNM6_taxID_37653_model_A	ref_1JS8_squid	9	295	930	1	262	2.790E-01	9.792E-01	9.829E-01	7.604E-01	287	49M1I60M10I13M2I12M8I65M1I35M2I19M1I9M
A0A0L8GNM6_taxID_37653_model_A	ref_PmTYR	7	296	930	1	287	2.414E-01	7.428E-01	7.453E-01	5.553E-01	339	1M1I29M3I16M3D5I1M1D1I42M2D2M2D2M1D1M1D1M1D1M2D5M10D10I6M2D5M1D14M1D1M1D3M7I17M10D8M6D10M2I1M2I25M1I8M3I2M2I7M5D10M14I11M1I9M
A0A0L8GNM6_taxID_37653_model_A	ref_2Y9W_Abisporus	9	294	930	1	351	2.738E-01	7.006E-01	8.540E-01	6.076E-01	371	10M2D19M2D19M1D1M2D2M1D34M18D1M1D12M5D9M1D7M3D15M1D1M1D2M6D9M11D9M4I2M1I9M1D10M10D15M6D28M1I9M4I2M1I6M12D3M1D8M7I3M1I13M1I8M
A0A0L8GNM6_taxID_37653_model_A	ref_I3D139_archaea	15	288	930	1	305	2.472E-01	7.038E-01	7.790E-01	5.086E-01	330	24M2D1M2D18M2I46M1D3M2D1M1D3M2D4M4D4M5D5I6M1D1I9M7D1M1D7M1D2M1D1M1D5M5I26M1D11M1I1M2I5M1I18M1I8M4I10M1D1M4D12M19D7M2I2M1I13M
A0A0L8GNM6_taxID_37653_model_A	ref_8BBR_Vspinosum	6	305	930	1	324	2.531E-01	6.922E-01	7.463E-01	5.481E-01	375	14M1D18M2D13M14I28M1D2M1D13M1I8M13I5M4D2M2D1M1D5M41D3M1D5M3D8M4I5M1D16M13D6M1D9M2I1M2I5M1I18M1I15M1I4M1D2M1D10M1I1M1I1M1D1I5M2I2M1I9M1I9M1I2M2I1M1I1M1I2M
A0A0L8GNM6_taxID_37653_model_A	ref_5CE9_Jregia	6	308	930	42	339	2.590E-01	6.738E-01	7.613E-01	5.442E-01	343	32M2D14M2D7M1D1I5M1I28M1D1M1D12M1D12M11I5M10I7M3D5M9D9M1I9M2D8M14D6M1D11M1D1M1D1M1D25M1I8M2I1M1I3M1I3M1I9M1I2M6I20M1I11M1I1M4I1M2I1M
A0A0L8GNM6_taxID_37653_model_A	ref_1BT3_Ibatatas	6	305	930	43	336	2.548E-01	6.707E-01	7.613E-01	5.430E-01	341	31M1D1M1D14M2D7M1D1I5M1I28M1D1M1D13M1D11M11I5M10I7M3D4M10D5M1I3M1I10M2D8M14D6M1D11M1D1M1D1M1D25M1I8M5I1M2I3M1I9M1I2M6I20M1I11M1I1M4I1M
A0A0L8GNM6_taxID_37653_model_A	ref_A0A9N8ELP9_oomycota	4	306	930	18	412	2.724E-01	5.844E-01	7.757E-01	5.281E-01	422	36M11D12M1I4M6I32M1D18M1D5M11D10I11M2D1M24D3M8D6M1D9M6I11M2D14M3D1M1D11M5D27M1I16M1D7M20D13M2I6M9D1M13D10M1D1M1D11M1D2M3D1I8M
A0A0L8GNM6_taxID_37653_model_A	ref_5M8L_human	3	258	930	36	361	2.247E-01	5.406E-01	7.367E-01	4.570E-01	352	3M5D32M25D20M1D1I2M1D1M1D3M1D29M1D1M1D13M1D4M1D1M2D6M8D8I5M1I8M15D10M7D6M6I2M1I8M2I5M9D8M3D1M8D12M1I26M1I8M5I9M6D7M
A0A7S3EYR7_taxID_156174_model_A	ref_1JS8_squid	196	517	927	1	262	2.481E-01	8.198E-01	8.227E-01	5.275E-01	339	29M9I19M5D31M6I14M3I9M3D5M14I2M1I6M7I3M9I4M3I1M2I4M2I20M10I14M2D1M2D5M1D27M2D6M1I1M1I4M2I1M6I11M2D17M1I11M
A0A7S3EYR7_taxID_156174_model_A	ref_PmTYR	195	518	927	1	287	2.482E-01	7.448E-01	7.472E-01	4.900E-01	361	29M12I12M4I4M8D28M6I13M1D2M2D1I1M1D12M1D2M1D5M11D9I4M1D6M6I3M9I5M2I1M2D2I4M2I17M2D2I15M6D16M1D27M1I4M1I3M2I2M1I1M4I7M2I6M2I1M5I8M1I12M
A0A7S3EYR7_taxID_156174_model_A	ref_8BBR_Vspinosum	195	522	927	3	324	2.644E-01	7.021E-01	7.081E-01	4.852E-01	381	12M1D18M7I16M8I29M3I1M1I14M4I9M2D5M1D3I1M1I3M3I11M31D10I4M3D2I1M1D8M1D13M1D18M8D3M4I50M1D12M2I1M6I3M3I9M2D1M1D1I11M1I16M
A0A7S3EYR7_taxID_156174_model_A	ref_2Y9W_Abisporus	196	516	927	1	351	2.757E-01	6.842E-01	7.433E-01	4.955E-01	392	10M2D19M7I19M10D36M1D1M10D1M2D15M1D1M1D10M1D1M16D5M1D4I1M2I1M5I7M7D9I7M1I20M1I11M1D12M2D3M2I16M10D5M1D28M1I4M2I2M1I5M5D3I8M1I8M1I12M1I12M
A0A7S3EYR7_taxID_156174_model_A	ref_I3D139_archaea	202	511	927	1	305	2.510E-01	7.083E-01	7.105E-01	4.758E-01	360	25M5I22M4D30M6I12M1D10M2D3M7D6M3I1M3D20I9M3D1M1D2M1D6M3D8M1I7M1D20M9I12M1D41M2I1M2I2M1I2M3I6M1D9M22D6M2I9M1I5M
A0A7S3EYR7_taxID_156174_model_A	ref_1BT3_Ibatatas	191	522	927	41	336	2.531E-01	6.562E-01	7.388E-01	5.114E-01	373	34M7I16M1D7M6D30M4I16M2I12M29I7M8I12M1D1M11D14M2D10M8D4M3I17M7D5M1D26M3I4M2I2M1I1M10I3M3I9M4D4I9M1I16M
A0A7S3EYR7_taxID_156174_model_A	ref_5CE9_Jregia	191	523	927	39	339	2.551E-01	6.524E-01	7.287E-01	4.977E-01	375	2M1D32M7I16M1D7M6D30M4I16M2I12M29I7M8I12M1D1M11D14M2D10M8D4M3I17M7D5M1D33M1I2M2I1M10I3M3I9M4D4I9M1I17M
A0A7S3EYR7_taxID_156174_model_A	ref_A0A9N8ELP9_oomycota	194	849	927	21	412	2.715E-01	5.686E-01	5.958E-01	4.554E-01	761	28M1D1M1D4M2D2I1M5D5I18M1I30M5I21M1D3M13D8M4I1M8I9M20D9I11M2D5M2I20M1D14M4I3M1I11M9D5M1D31M1D14M11D1I4M2D8M1D4M1D7M11D1M14D10M1I12M7D325I2M1D1I1M
A0A7S3EYR7_taxID_156174_model_A	ref_5M8L_human	189	487	927	30	361	2.409E-01	5.762E-01	6.842E-01	4.376E-01	381	4M3D2M7D32M21D5I16M2D5M7D1I1M1D30M4I15M1D2I6M1D11M1D1I2M9D7I6M10D6M5I4M9I5M1D2I1M2D2I22M10D5M1D10M4D1I18M1D28M2I5M3I2M1I2M2I8M2I4M
A0A420MD28_taxID_5507_model_A	ref_2Y9W_Abisporus	1	528	528	40	281	2.814E-01	4.086E-01	5.685E-01	5.166E-01	598	5M7D2M12D1I2M12D9I5M1D1I1M36D172I1M1D66I3M40I12M1D9M1I1M5I16M5I1M1I1M6I5M13I16M8I1M3I1M3I1M1I12M14I30M6I22M1I25M
A0A420MD28_taxID_5507_model_A	ref_1JS8_squid	75	442	528	7	218	1.916E-01	3.355E-01	3.922E-01	2.627E-01	443	2M1D1I9M1D6M7D2M3D2M2D2M12D6M1I1M1I1M2I1M1I4M2I2M1I9M1I3M1I2M1I2M20I2M1I3M1I3M1D3M1D3M24D1I9M1I7M1D1I2M1D2M3D2M1D6M4I4M15I5M5D2M5D1M1D10M1I3M1I2M10I4M37I6M115I3M6D11I1M
A0A420MD28_taxID_5507_model_A	ref_5CE9_Jregia	15	528	528	35	278	2.119E-01	3.043E-01	3.906E-01	2.996E-01	607	1M1I7M2D2I1M4D288I5M4I1M16I13M4I1M1I7M2D4M1D2M2D1M2D3M58D18I3M4D13I8M3D17M7D8I16M1D11M5D3M7I23M1I8M1D10M1D6M
A0A420MD28_taxID_5507_model_A	ref_PmTYR	78	307	528	16	247	1.921E-01	3.092E-01	3.609E-01	2.969E-01	319	12M2D3M1D4M2D7M6D7I10M2D1I16M1I2M2I2M8I1M3I3M2D2I1M11D6M1D8M2D2M25D15M28D13M2D6I4M16I4M1D1M1D6M1I3M1I8M1I2M1D4I4M2D34I6M
A0A420MD28_taxID_5507_model_A	ref_8BBR_Vspinosum	78	442	528	17	277	2.010E-01	2.962E-01	3.470E-01	2.789E-01	479	11M1D3M7D3M2D21M7I1M2I12M1I3M2I1M12I1M3I2M2I11M74D2M3D13M2D2M2D1M4D2I8M5D2I1M1D1I1M6D5I4M2D12I11M3D8M1I3M1I2M10I5M2I1M1I1M33I5M111I1M1I5M2D7I4M
A0A420MD28_taxID_5507_model_A	ref_A0A9N8ELP9_oomycota	9	479	528	21	412	1.987E-01	2.390E-01	2.463E-01	2.001E-01	699	2M9D19I2M1I6M2D3I1M32D36I1M3D3I3M7D22I4M80D43I5M1I5M5D11M2D8M22D10I14M1D4I5M1D12I13M2D4M47D2M4D2I3M1I2M2I2M1I1M1I3M1D1I1M1D5I8M30I1M1D1I11M18I2M1D1I3M46I1M22I3M2D1M5D1I8M15I11M5I10M1I7M
A0A420MD28_taxID_5507_model_A	ref_I3D139_archaea	161	528	528	5	304	1.731E-01	2.638E-01	2.679E-01	2.366E-01	538	3M80D29I1M1I4M1I1M1I2M43I1M3I2M1D1I3M1I9M6D9I2M4D1I6M2I7M2D1M6D6M1D1I7M3D1M23D126I7M1D2M2D1M18D1M2D13M2D13M3D11I4M1D1I6M5D2I10M1D6M4I1M1I9M9D1M
A0A420MD28_taxID_5507_model_A	ref_1BT3_Ibatatas	69	526	528	3	336	1.734E-01	2.437E-01	2.451E-01	2.346E-01	655	1M2I10M13D5M2I1M1I3M1I1M4I1M11I5M29D23I6M1D7I24M1D1I1M6D7I2M1I7M51I1M2I13M1D1M2D4M9D12I9M13D29I1M1D1I6M5D10I1M1I12M77D78I1M1D17I15M38D33I4M24I1M3I1M
A0ABR1JDV0_taxID_2682957_model_A	ref_PmTYR	589	845	848	1	246	2.531E-01	7.229E-01	8.407E-01	6.575E-01	281	29M10I15M10D25M1I30M1I9M22I11M1D7M1I15M1D1M1D20M10D39M1D21M
A0ABR1JDV0_taxID_2682957_model_A	ref_5M8L_human	391	845	848	1	342	2.813E-01	6.272E-01	6.606E-01	5.678E-01	536	1M3I1M32I1M2I1M3I1M1I1M2I2M1I2M59I8M2D62I6M6D1I5M5D34M2D5M16D17M15D30M1D11M1I2M1I1M1I2M1I1M1I4M1I10M22I22M7D1M3D10M5D22M10D9M8D30M1D21M
A0ABR1JDV0_taxID_2682957_model_A	ref_1JS8_squid	590	847	848	1	213	2.189E-01	6.713E-01	8.165E-01	5.609E-01	276	31M7I11M3D2M8D27M1I16M3I1M1I1M1I1M1I1M1I1M3I4M32I5M1D6M6I18M1I22M6I10M2D1M2D14M1D19M1D4M
A0ABR1JDV0_taxID_2682957_model_A	ref_I3D139_archaea	596	845	848	1	240	2.328E-01	6.195E-01	7.792E-01	5.967E-01	282	27M1I1M1I1M1I15M9D1M1D24M1I14M2I5M1I8M1I6M28I8M1D1M9D4M1D5M4D10M1D2M3D8M1D22M5I7M1D9M1I9M1D21M
A0ABR1JDV0_taxID_2682957_model_A	ref_8BBR_Vspinosum	587	848	848	1	272	2.285E-01	5.658E-01	6.897E-01	5.481E-01	326	14M1D22M5I14M2I29M1D12M4I2M1I7M1I3M31I2M4I6M4D2M33D5M3D5M1D5M6D2M1D24M13D5M5I16M1I9M1D24M
A0ABR1JDV0_taxID_2682957_model_A	ref_1BT3_Ibatatas	323	845	848	13	319	2.317E-01	5.464E-01	5.948E-01	5.015E-01	611	2M2I6M2D46I6M117I7M1I2M1D67I1M2I2M1I1M1I36M5I15M13D30M1D11M2I1M1I3M1I1M1I1M1I1M3I3M33I8M13I5M1D1M3D7M14D11M2D8M14D5M5I12M7D14M1D15M1D3M28D2I1M
A0ABR1JDV0_taxID_2682957_model_A	ref_5CE9_Jregia	324	845	848	13	292	2.331E-01	5.449E-01	6.492E-01	5.034E-01	582	1M2I1M1I4M1D1I1M44I6M117I7M1I2M1D67I1M2I6M1I34M5I15M13D29M1D12M2I1M1I3M1I1M1I2M4I4M33I5M1I1M13I5M1D2M4D6M14D11M2D8M14D5M5I12M7D14M1D17M1D4M
A0ABR1JDV0_taxID_2682957_model_A	ref_A0A9N8ELP9_oomycota	579	848	848	14	304	2.549E-01	5.063E-01	7.535E-01	5.948E-01	330	1M2I40M10D6I14M5D42M4I1M2I2M1I4M1I11M1I1M1I1M19I14M28D5M1D1M1D8M1D3M1D17M2D14M2I13M9D15M1D22M1D2M
A0ABR1JDV0_taxID_2682957_model_A	ref_2Y9W_Abisporus	590	845	848	1	298	2.316E-01	5.276E-01	7.058E-01	5.117E-01	339	10M1D3M1D20M5I11M2D1M14D31M17D2M1D17M1I4M1I1M3I6M14D31I9M1D7M2D2M1D7M11D1M1D3M1D15M1D16M1D2M3D11M10D15M1D21M
A0A8C2PFS9_taxID_9925_model_A	ref_5M8L_human	71	519	622	1	361	5.623E-01	9.604E-01	9.630E-01	7.420E-01	453	31M43I60M2D30M48I52M1D62M1D46M1I76M
A0A8C2PFS9_taxID_9925_model_A	ref_PmTYR	159	545	622	1	287	4.293E-01	9.084E-01	9.115E-01	6.663E-01	397	29M26I17M2D55I31M1I1M1I15M4D2M1D1M1D12M1D14M1D4M1I2M10I1M1I13M1I2M1I41M7I1M2I50M1I20M2I9M1I12M
A0A8C2PFS9_taxID_9925_model_A	ref_1JS8_squid	160	544	622	1	262	3.626E-01	8.204E-01	8.233E-01	5.471E-01	404	30M2I1M21I19M2I1M2I1M47I3M1I29M1I1M1I17M1I1M2I4M9I12M16I12M2I1M3I19M10I8M15I9M1D1M1D1M2D33M4D1M1D8M6I9M1D1M8D2M1D8M1I11M
A0A8C2PFS9_taxID_9925_model_A	ref_I3D139_archaea	166	538	622	1	305	3.813E-01	7.502E-01	7.524E-01	5.571E-01	422	25M1I2M18I19M2D4I1M1D51I1M1I28M1I1M1I12M1D4M1D2M1D10M5I10M9D5M2D6M1I2M1D7I13M1D1I9M1D14M10I8M14I7M1D9M1I52M25D1M3D8M1I7M
A0A8C2PFS9_taxID_9925_model_A	ref_5CE9_Jregia	63	547	622	1	335	3.936E-01	6.893E-01	6.984E-01	4.943E-01	545	3M3D6I6M16D6I8M4I1M50I4M6I32M4I1M17I22M4D6I1M47I1M1I52M2I4M9I1M1I5M1I1M24I7M9D7M1D1M3D1M2D11M2D6M2D4M6D3M4I6M14I11M7D43M6I9M5D11M1I11M1I2M
A0A8C2PFS9_taxID_9925_model_A	ref_1BT3_Ibatatas	62	547	622	1	333	3.897E-01	6.908E-01	6.984E-01	5.034E-01	549	4M4D8I4M18D6I8M4I1M50I5M7I31M21I22M4D53I2M1I52M2I4M10I6M1I1M24I7M6D1M1D7M6D1M2D11M2D6M2D3M6D4M4I6M14I12M7D32M1I2M2I5M6I9M5D9M1I13M1I2M
A0A8C2PFS9_taxID_9925_model_A	ref_A0A9N8ELP9_oomycota	62	554	622	8	408	4.318E-01	6.361E-01	6.540E-01	5.699E-01	597	2M4D29I2M52I4M6I31M1D6M6D19I18M56I1M2I31M1I13M1I14M1D22M14D6I4M4D4M7D1M1D12M2I15M1D6M9I6M1I1M1I2M9I12M1D1M8D34M4D4M2D7M13D2M1D9M2D4M30D9M2D19M2D2I1M
A0A8C2PFS9_taxID_9925_model_A	ref_8BBR_Vspinosum	149	549	622	1	324	3.770E-01	6.885E-01	6.904E-01	4.992E-01	460	1M8I13M1D19M21I17M65I54M7I2M5I6M4D2M2D1M23D4I9M1D2M4D4M1D5M3D28M2D4M5D3M2I1M2I5M14I16M1I28M3D11M3I10M6D1M1D10M1I11M2D2I1M1D1I1M
A0A8C2PFS9_taxID_9925_model_A	ref_2Y9W_Abisporus	160	544	622	1	351	3.818E-01	6.480E-01	6.497E-01	4.972E-01	469	10M2D20M21I18M9D9I1M1D47I3M1I30M17D14M4D7M2I6M13D8I10M2D8M6I1M2I9M8D4M1D1I2M1D1I4M1D11M1D6M2D11M2I4M15I10M10D36M2I8M1D1M3D1M4D3M1D9M3D19M1I1M
A0A136IKH1_taxID_196109_model_A	ref_PmTYR	50	376	376	1	284	6.540E-01	8.480E-01	8.595E-01	6.708E-01	349	1M3I28M12I15M10D25M1I18M1I12M1I9M19I11M1D7M1I1M1I2M1I12M1D22M10D10M2I14M3I36M1I8M13I13M4I12M2I6M
A0A136IKH1_taxID_196109_model_A	ref_1JS8_squid	54	376	376	1	260	5.843E-01	8.227E-01	8.316E-01	5.901E-01	346	32M9I10M3D2M8D27M1I16M4I1M1I1M1I1M1I1M1I1M3I4M29I12M7I17M2I23M7I1M1I12M1D34M3D9M17I9M1D1M1D1M1D2M1D1M3D2M1D11M2I6M
A0A136IKH1_taxID_196109_model_A	ref_I3D139_archaea	60	372	376	1	305	6.085E-01	7.411E-01	7.434E-01	6.032E-01	367	27M3I1M1I1M1I14M10D26M1I14M1I2M3I11M1I6M25I8M1D1M9D4M2D6M2D1I10M1D2M1D1M1D8M1D22M6I2M1I10M2I5M1I39M13I13M23D3M3D13M2I2M
A0A136IKH1_taxID_196109_model_A	ref_A0A9N8ELP9_oomycota	41	376	376	11	396	6.877E-01	6.321E-01	7.652E-01	6.086E-01	425	5M1I40M9D7I14M5D42M5I1M2I2M1I4M1I11M2I1M16I18M15D5M4D2M9D6M1D21M2D14M4I15M6D35M1D1M2D2M2D5M1D19M1D14M30D8M1D12M
A0A136IKH1_taxID_196109_model_A	ref_5M8L_human	39	351	376	19	361	6.399E-01	6.648E-01	7.616E-01	5.795E-01	386	7M7D5M6D33M1D6M15D18M15D30M1D11M1I1M1I2M2I2M1I1M1I4M1I10M19I21M1D1M6D2M1D12M4D22M10D10M6D15M1I1M2I34M1I11M1I1M10I5M2I5M
A0A136IKH1_taxID_196109_model_A	ref_2Y9W_Abisporus	54	376	376	1	350	6.174E-01	6.577E-01	7.116E-01	5.419E-01	404	10M1D3M1D20M7I11M2D1M14D31M17D2M1D14M1I3M1I4M1I1M2I6M14D29I10M1D6M2D1I10M11D5M1D15M1D16M1D1I2M2D13M7D38M1I11M3D8I18M1D1M1D12M2I6M
A0A136IKH1_taxID_196109_model_A	ref_8BBR_Vspinosum	49	376	376	1	317	5.879E-01	6.753E-01	6.908E-01	5.569E-01	397	3M2I11M1D22M7I14M2I29M1D12M5I2M1I7M1I3M28I2M4I6M4D2M2D1M28D1I3M1D3M4D4M1D5M6D27M13D5M7I11M3I5M1I28M2D9M16I14M6D12M1I1M1I7M
A0A136IKH1_taxID_196109_model_A	ref_5CE9_Jregia	41	376	376	34	331	5.812E-01	6.405E-01	7.248E-01	5.740E-01	391	8M1I1M1I35M7I14M1D1M12D29M1D14M3I2M2I1M1I1M1I1M3I4M30I5M1I1M15I8M3D7M15D10M2D8M14D5M7I13M1D1M3D41M19I12M2D1M1D14M2I6M
A0A136IKH1_taxID_196109_model_A	ref_1BT3_Ibatatas	41	376	376	36	329	5.756E-01	6.397E-01	7.272E-01	5.734E-01	390	7M1I1M2I35M7I14M1D1M12D29M1D13M4I2M2I3M1I1M3I4M30I7M15I7M3D7M14D11M2D8M14D5M7I13M1D1M3D33M2I1M1I4M19I12M2D1M1D14M2I6M
A0A9W6BT77_taxID_330485_model_A	ref_1JS8_squid	69	401	926	1	262	2.568E-01	8.619E-01	8.650E-01	5.496E-01	346	31M22I20M1D1I1M1D30M6I13M6I2M4I8M3D7M1I2M4I1M13I2M2I1M1I3M1I3M3I2M1I4M2I20M10I14M2D1M2D42M2I15M3D1M1D4M4I11M1I11M
A0A9W6BT77_taxID_330485_model_A	ref_8BBR_Vspinosum	67	406	926	2	324	2.821E-01	7.557E-01	7.600E-01	4.937E-01	382	13M1D19M1I1M19I13M3I1M9I29M4I13M7I2M4I10M1D1M1D2M2D3M3D8M2D1M21D3M1D9M1I19M1D27M6D2I24M1I35M1I20M3D6I12M1I16M
A0A9W6BT77_taxID_330485_model_A	ref_PmTYR	68	402	926	1	287	2.576E-01	7.734E-01	7.758E-01	5.182E-01	363	29M25I18M2I2M1D1M1D29M6I14M2I6M1I6M2D3M13D11M15I5M1I3M1I3M1I3M2I2M1D1I23M2D2I15M6D44M3I4M1I8M2D9M12I9M1I12M
A0A9W6BT77_taxID_330485_model_A	ref_2Y9W_Abisporus	69	400	926	1	351	2.869E-01	7.207E-01	7.613E-01	5.348E-01	400	10M1D3M1D16M20I21M5D5M1D35M10D1M2D2M1D12M1I2M1I3M3I8M1D1M16D2M1D6M1I3M2I1M4I2M4I14M5D14M1D11M1D33M10D34M4I3M2I5M11D4M1D9M3I1M3I12M1I10M
A0A9W6BT77_taxID_330485_model_A	ref_I3D139_archaea	75	395	926	1	305	2.612E-01	7.420E-01	7.442E-01	4.878E-01	365	26M16I1M2I54M6I14M5I10M1D3M7D6M8D5M1I1M2I1M2I1M1I9M2I3M2I10M1I7M1D20M9I11M1D8M1I29M2I5M1I8M1D2M1D9M24D6I13M1I5M
A0A9W6BT77_taxID_330485_model_A	ref_5CE9_Jregia	47	407	926	1	339	2.739E-01	6.957E-01	6.974E-01	4.924E-01	420	1M1I7M21D1M1D10M1D31M20I16M2D10M1D31M4I15M5I2M4I8M2D5M30I15M9D1M3D2M1D11M2D12M7D2I20M7D32M2I1M1I4M2I3M2I7M1I6M2D6I12M1I17M
A0A9W6BT77_taxID_330485_model_A	ref_1BT3_Ibatatas	49	406	926	2	336	2.704E-01	6.964E-01	7.002E-01	5.063E-01	419	1M1D1I5M23D1M1D3M1D1I37M20I16M2D10M1D31M4I14M7I2M2I9M2D5M30I18M13D11M2D12M7D2I20M7D32M6I2M2I3M2I7M1I7M1D5I12M1I16M
A0A9W6BT77_taxID_330485_model_A	ref_5M8L_human	49	366	926	10	361	2.723E-01	6.483E-01	7.267E-01	4.508E-01	386	4M1D5M7D7M3D2M6D41M2D5M3D4M2I21M8D3I32M4I12M1I1M4I4M3I5M2D3M12D8M1I4M2I2M1I6M3D4I2M2D2I3M1I10M2D2I40M14D44M4I11M3D8M
A0A9W6BT77_taxID_330485_model_A	ref_A0A9N8ELP9_oomycota	42	870	926	2	412	2.895E-01	6.046E-01	6.072E-01	4.566E-01	934	10M8D14I29M1D1M1D5M7D20I17M1I1M3I5M1I23M1I1M4I16M5I10M12D20M5D12M1D4M5D10M2I23M1D7M1I1M3I5M1I12M9D34M2I3M1D11M20D7M3D4M3D4M7D5M1D1M9D2M2D9M1I12M7D460I1M2D4I1M
A0ABR9U2C3_taxID_2777974_model_A	ref_I3D139_archaea	57	395	453	1	305	6.084E-01	8.916E-01	8.945E-01	6.829E-01	355	48M4I2M1I41M1D1M1D18M15I11M7D28M1D1M1D8M1D22M13I1M1I11M15I5M1I54M1D8M1D1M1D1M1D28M
A0ABR9U2C3_taxID_2777974_model_A	ref_PmTYR	50	403	453	1	287	5.661E-01	8.794E-01	8.823E-01	6.877E-01	370	29M7I17M5I48M2D1M2D2M1D17M9I13M1I4M3I2M4I16M1D4M1I16M10D10M9I14M16I37M1I21M26I18M1I2M
A0ABR9U2C3_taxID_2777974_model_A	ref_1JS8_squid	51	402	453	1	262	5.105E-01	8.536E-01	8.566E-01	5.698E-01	361	30M2I1M2I19M4I51M1I1M1I1M2I4M20I5M1D2I6M1I1M1I1M9I8M1I2M2I28M15I12M12I35M5D10M6I12M17I5M2D2M1D18M1I1M
A0ABR9U2C3_taxID_2777974_model_A	ref_A0A9N8ELP9_oomycota	44	410	453	15	409	6.008E-01	6.566E-01	7.330E-01	6.044E-01	457	5M1D30M1D5M7D1I17M10I34M1D12M1I1M1I16M8I11M3I5M1D1M18D1M6D38M2D11M1I1M1I2M9I18M7I38M5D2M1D9M14D11M2D4M14D20I3M12D9M3D12M1D2M1D7M
A0ABR9U2C3_taxID_2777974_model_A	ref_5M8L_human	39	353	453	27	361	5.529E-01	6.854E-01	7.815E-01	5.784E-01	376	4M1D3M1D3M6D33M2D1M19D21M6D7I3M1D29M1D1M1D31M10I11M1I1M1I4M2I5M1D1I3M4D1M3D11M1D1M2D1M1D4M1I16M10D13M2I5M1D12M1I1M15I56M
A0ABR9U2C3_taxID_2777974_model_A	ref_1BT3_Ibatatas	40	403	453	35	333	5.250E-01	6.958E-01	7.778E-01	5.650E-01	402	41M2I17M1D7M2I8M1I25M1D1M1D18M1I1M2I4M20I5M4I1M18I8M11D4M1D1M4D2M1D11M2D8M14D5M13I1M1I13M9I38M2I1M1I5M6I9M2D19I4M2I23M
A0ABR9U2C3_taxID_2777974_model_A	ref_5CE9_Jregia	40	403	453	34	335	5.262E-01	6.907E-01	7.716E-01	5.643E-01	402	41M2I17M1D7M2I8M1I25M1D1M1D18M1I1M2I4M20I5M4I1M18I8M11D1M1D3M1D1M3D2M1D11M2D8M14D5M13I1M1I13M9I47M6I9M2D19I4M2I23M
A0ABR9U2C3_taxID_2777974_model_A	ref_2Y9W_Abisporus	51	400	453	1	351	5.406E-01	6.829E-01	6.863E-01	5.209E-01	416	10M1D3M1D17M2I19M5D2I2M1D3I34M19D14M3D7M2I6M13D18I6M1I12M2I12M8D1M1D6M1D3M1D10M1D12M2D2I4M5I22M6I39M2I9M5D2M4D11M20I24M
A0ABR9U2C3_taxID_2777974_model_A	ref_8BBR_Vspinosum	49	406	453	2	324	5.114E-01	6.951E-01	6.991E-01	5.179E-01	415	13M1D19M2I17M17I25M1D1M1D26M20I2M3I1M1I6M2D3M2D1M30D13M1D5M5D30M8D1I6M8I13M16I5M1I28M2D11M2I12M3D18I4M2I23M1D1I2M
A0ABT8C4V6_taxID_708087_model_A	ref_1JS8_squid	79	370	510	1	262	4.391E-01	8.328E-01	8.358E-01	6.084E-01	318	29M2I17M9D28M1I2M1I11M1D2M1D7M3D9M2I2M14I7M3I2M1I4M1I4M10I17M11I14M2D1M2D41M2I2M3I6M1I1M2I1M1I7M2D1M5D3M1D17M1I1M
A0ABT8C4V6_taxID_708087_model_A	ref_8BBR_Vspinosum	70	374	510	1	324	4.852E-01	7.390E-01	7.826E-01	5.424E-01	353	1M2I1M2I1M1I1M1I8M1D35M4I42M1D14M2D1M1D4M2D5M2D1M29D21M1D14M3I1M6I21M3D4M1I6M1D15M1I30M1I4M2I2M2I8M3I8M4D5M1D23M
A0ABT8C4V6_taxID_708087_model_A	ref_PmTYR	73	370	510	1	287	4.317E-01	7.397E-01	7.421E-01	5.533E-01	342	1M5I28M1I1M4I11M1I4M9D26M2I14M8D3M1D1M2D3M12D6M1D4M2I6M9I9M2I13M10I12M5I9M4D5M6D45M4I3M1I3M2I5M1D4M3I7M4I20M
A0ABT8C4V6_taxID_708087_model_A	ref_2Y9W_Abisporus	79	368	510	1	351	4.739E-01	6.763E-01	8.124E-01	6.019E-01	381	10M2D38M13D1M1D27M2D1M1D1M14D13M7D7M1D2M16D12M2I4M2I2M1I2M1I8M7D16M1I1M1I1M6I7M1D11M1I22M10D35M4I3M2I2M14D6I5M3I9M1D1M1D19M
A0ABT8C4V6_taxID_708087_model_A	ref_I3D139_archaea	85	364	510	1	305	4.271E-01	6.917E-01	7.512E-01	5.444E-01	345	24M2D19M8D27M2I12M2D3M2D1M1D1M1D1M2D3M6D6M10D5M1I2M2I11M2I21M2I1M7I17M11I4M1D7M1D9M1I24M1I3M1I1M1I4M2I2M3I2M1D1M1D1M1D4M3I8M23D1M3D14M1I1M
A0ABT8C4V6_taxID_708087_model_A	ref_5CE9_Jregia	76	375	510	42	339	4.519E-01	6.618E-01	7.474E-01	5.501E-01	340	48M2D4M9D41M3D10M2D5M24I5M1D12M2D1M3D1M1D1I7M2I9M2D13M2D1M2D5M1I5M1D9M6D1M1D35M3I4M8I6M3I7M3D29M
A0ABT8C4V6_taxID_708087_model_A	ref_1BT3_Ibatatas	76	374	510	43	336	4.479E-01	6.620E-01	7.515E-01	5.545E-01	338	48M2D4M9D41M3D10M2D5M24I5M1D12M3D1M1D1M1D1I8M1I9M2D13M2D1M2D5M1I5M1D9M6D1M1D32M1I1M5I3M8I6M3I7M3D28M
A0ABT8C4V6_taxID_708087_model_A	ref_A0A9N8ELP9_oomycota	14	376	510	3	412	4.828E-01	5.880E-01	6.609E-01	5.269E-01	490	2M12D53I2M1I2M2I1M1I33M9D17M3D27M1I16M1D2M3D4M13D13M21D29M1I2M2I4M10I7M2D10M6I6M1I11M9D52M15D5M2I5M1D4M2D2M26D8M3D11M2D2M5D6M
A0ABT8C4V6_taxID_708087_model_A	ref_5M8L_human	76	344	510	44	361	4.008E-01	5.523E-01	7.240E-01	4.957E-01	357	33M23D19M13D42M1D1M2D3M1D1M2D3M12D10M2I8M9D7I13M2D1I10M10I12M5I9M4D5M13D1M1D44M5I3M1I1M4I4M1D1M4D4I7M
A0A6H0Y3Z6_taxID_286661_model_A	ref_PmTYR	559	847	847	1	283	2.893E-01	8.261E-01	8.401E-01	6.884E-01	318	29M10I15M9D1M1D24M1I17M2D10M1I12M7I10M1D24M3I4M2I16M10D8M5D16M1D28M1I2M1I7M3I14M4I12M2I5M
A0A6H0Y3Z6_taxID_286661_model_A	ref_1JS8_squid	560	847	847	1	259	2.610E-01	8.026E-01	8.143E-01	6.057E-01	316	32M7I10M2D1M1D1M8D27M1I16M1I1M2I2M1I1M1I1M3I4M17I5M1D7M5I10M7I8M1I21M1I10M2D1M2D5M1D27M3D9M1I1M6I3M1I5M1D1M1D1M1D2M1D1M3D2M1D11M2I5M
A0A6H0Y3Z6_taxID_286661_model_A	ref_I3D139_archaea	566	844	847	1	305	2.794E-01	7.423E-01	8.101E-01	6.272E-01	334	25M1I3M2I16M9D1M1D24M1I19M1I8M1I6M13I9M10D4M2D4M1D1M2D2M1D10M1D3I5M1D6M1I29M1D40M1I7M2I1M1I11M23D1M1D3M2D13M2I2M
A0A6H0Y3Z6_taxID_286661_model_A	ref_2Y9W_Abisporus	560	847	847	1	349	2.797E-01	6.412E-01	7.723E-01	5.693E-01	381	10M1D3M1D17M2I2M3I12M2D1M14D31M17D2M1D22M3I6M14D16I9M2D6M2D2M1D9M7D4I3M1D3M2D13M1D9M1D1M8D15M10D5M1D28M1I2M1I10M5D17M1D1M1D12M2I5M
A0A6H0Y3Z6_taxID_286661_model_A	ref_5M8L_human	145	822	847	1	361	2.815E-01	6.317E-01	6.333E-01	5.833E-01	783	3M1D1I1M10D306I1M25D98I35M2D4M16D18M15D30M1D11M1I5M1I1M1I4M1I11M7I21M11D16M1I5M1I16M10D8M13D16M1D29M1I11M1I1M1I1M1I8M
A0A6H0Y3Z6_taxID_286661_model_A	ref_5CE9_Jregia	145	847	847	3	330	2.653E-01	6.284E-01	6.497E-01	5.765E-01	786	1M11D11I1M1D2I1M2I2M18D388I40M5I15M13D29M1D16M2I1M1I1M1I1M3I4M18I7M13I6M10D2M1D7M1D15M2D8M14D16M7D6M1D27M1I7M9I12M2D1M1D14M2I5M
A0A6H0Y3Z6_taxID_286661_model_A	ref_1BT3_Ibatatas	153	847	847	15	328	2.627E-01	6.287E-01	6.713E-01	5.777E-01	767	2M1I2M2I2M20D393I38M5I15M13D29M1D13M1I2M2I3M1I1M3I4M18I7M12I7M9D8M1D1M1D15M2D8M14D17M7D5M1D26M3I1M1I4M9I12M2D1M1D14M2I5M
A0A6H0Y3Z6_taxID_286661_model_A	ref_8BBR_Vspinosum	555	847	847	1	317	2.496E-01	5.852E-01	6.391E-01	4.426E-01	367	1M1I10M1D1M1D3M1D19M8I14M2I29M1D9M1D3M2I1M1I6M1I6M17I6M3D2M2D3M2D1M17D1I1M1D1M2D2M2D2M1D2M3D4M2D4M3D4I14M1D5M2D2M2D1M1D4M12D10M1D7M1I4M1I2M1I3M1I23M3D5M1D7I13M7D2M1D9M1I1M1I8M
A0A6H0Y3Z6_taxID_286661_model_A	ref_A0A9N8ELP9_oomycota	551	847	847	15	396	2.563E-01	4.834E-01	6.363E-01	4.246E-01	423	16M1D1M1D1M1D22M7D7I14M5D26M1I5M1D7M2D1M2D1M1D2M4D5M6D2I10M19I1M1I8M1D1M9D5M4D6M2D3M5D6I15M2D5M4D1M5D1M1D5M3D9M1D4M5D11M1I1M1I2M1I22M4D1M3D4M2D4M9D15M2D4M30D1M3D8M2I8M
A8N4B1_taxID_240176_model_A	ref_PmTYR	85	376	951	1	274	2.440E-01	7.799E-01	8.182E-01	6.563E-01	326	1M2I28M11I14M10D26M1I17M1D10M1I1M2I11M8I11M2D5M2D3M1D14M8I2M2I16M10D11M2I19M12I30M2I10M1D6M6D4M1D1I1M
A8N4B1_taxID_240176_model_A	ref_1JS8_squid	88	420	951	1	242	2.174E-01	7.399E-01	7.996E-01	5.480E-01	356	31M8I11M3D2M8D27M1I16M2I3M1I13M23I1M2I5M1I9M1I1M9I1M2I6M1I22M7I1M1I9M2D1M1D5M11I29M3D9M2I3M2I5M8I2M1I3M2I1M20I1M1D2I1M5D7I1M
A8N4B1_taxID_240176_model_A	ref_I3D139_archaea	94	420	951	1	293	2.403E-01	7.047E-01	7.338E-01	5.692E-01	375	27M2I1M2I15M10D26M1I17M1I3M1I7M3I6M14I9M10D4M1D3M9D10M1D7I12M1I21M7I7M1D9M13I29M1I7M1I4M2I1M1I4M2I3M1I10M14D16I1M2D2I3M1I2M2I2M1I2M
A8N4B1_taxID_240176_model_A	ref_5M8L_human	35	384	951	5	361	2.689E-01	6.715E-01	6.922E-01	5.722E-01	431	1M1D1I9M2D1I2M6D1I7M1I2M8D24I34M2D5M15D18M15D30M1D10M1I4M1I2M1I1M1I5M3I10M8I17M15D17M4I1M1I3M2I16M10D9M6D23M12I28M1I19M9I2M2I1M
A8N4B1_taxID_240176_model_A	ref_5CE9_Jregia	36	420	951	1	316	2.368E-01	6.100E-01	6.496E-01	4.865E-01	447	9M17D4M2D2I1M1I1M1I2M2I1M2D23I38M6I15M13D29M1D13M2I3M1I1M1I1M1I1M5I4M19I7M9I6M10D6M2I10M1I10M2D10M8D1I1M1D4M1D2I17M1I5M1D4I2M1I36M7I7M8I2M2I2M3D23I1M2I2M2I2M1D2I1M
A8N4B1_taxID_240176_model_A	ref_8BBR_Vspinosum	82	417	951	1	300	2.240E-01	6.146E-01	6.616E-01	5.258E-01	404	1M1I2M2I11M1D22M6I14M2I29M1D12M3I2M1I4M1I4M2I2M18I2M3I6M4D1M3D1M33D2M4D1M1D2M1D6M4D9I30M8D1I5M1D2I18M13I28M1D8M2I10M9I2M2I2M6D23I1M2I2M2I2M
A8N4B1_taxID_240176_model_A	ref_A0A9N8ELP9_oomycota	78	438	951	14	374	2.633E-01	5.713E-01	6.429E-01	5.446E-01	441	2M1I39M10D7I14M5D42M6I8M3I11M7I15M29D2M6D11M8I7M2I11M2D13M2I2M2I13M2I1M2I9M1D31M1D1M2D2M2D11M10D8M3I1M2I10M11D27I1M1D1I7M1I2M2I2M2I5M
A8N4B1_taxID_240176_model_A	ref_1BT3_Ibatatas	36	420	951	1	314	2.329E-01	6.012E-01	6.391E-01	4.900E-01	447	9M19D5M1D1I1M1I1M1I2M2I1M1D23I38M6I14M13D31M1D13M1I3M1I13M18I1M17I6M6D1M1D17M1I10M2D10M8D1I1M1D4M1D2I17M1I4M3D5I1M2I28M2I1M2I3M7I4M1I1M5I2M2I2M2I2M4D23I1M2I2M2I2M1D2I1M
A8N4B1_taxID_240176_model_A	ref_2Y9W_Abisporus	88	420	951	1	333	2.334E-01	5.845E-01	6.137E-01	4.947E-01	418	10M2D23M6I11M2D1M14D31M17D2M1D12M1D8M2D9M9D21I10M2D2M2D1M4D1M1D10M9D7I12M1I8M1D11M2D6M1D1I15M5D4I4M1I1M1D2I2M1I31M1I8M8D10M8I2M2I2M1D27I1M1I2M2I2M
A0A8H4CVC9_taxID_474922_model_A	ref_PmTYR	70	412	412	1	287	6.023E-01	8.492E-01	8.520E-01	5.868E-01	360	29M11I23M1D1I1M1D1I24M1I16M2D10M1I2M1I9M20I11M1D7M1I1M15I2M1I12M1D17M1I5M10D9M3I2M2I14M1I35M1I7M3I1M3I13M4I12M2I7M1D1M
A0A8H4CVC9_taxID_474922_model_A	ref_1JS8_squid	71	412	412	1	262	5.298E-01	8.103E-01	8.131E-01	5.298E-01	367	31M8I11M3D2M7D5M9I23M1I16M1I3M3I1M1I1M4I4M30I12M21I17M1I1M1I9M1I13M10I1M1I9M2D1M1D34M3D3M1D6M10I4M1I3M1D2M3D5M2D1M1D1M1D10M2I8M
A0A8H4CVC9_taxID_474922_model_A	ref_I3D139_archaea	77	405	412	1	305	5.647E-01	7.486E-01	7.509E-01	5.449E-01	377	27M1I1M2I1M1I17M4D3I1M1D1I1M1I1M1D1I24M1I19M1I7M1I1M1I6M26I8M10D5M1D4M1I2M5I5M6I8M1D2M1D1M1D8M1D9M1I13M10I8M1D4M1I4M1I38M3I1M3I13M24D3M2D13M1I2M
A0A8H4CVC9_taxID_474922_model_A	ref_A0A9N8ELP9_oomycota	61	412	412	13	400	6.263E-01	6.263E-01	7.258E-01	5.401E-01	445	42M10D7I21M5I40M2I1M2I2M1I5M2I1M1I9M18I19M18D12I8M8D7M1D21M1D14M4I1M3I14M8D34M2D1M1D2M3D4M2D4M1D1M5D15M1D1M1D4M2D1M26D10M1D12M2D1M
A0A8H4CVC9_taxID_474922_model_A	ref_2Y9W_Abisporus	71	411	412	1	351	5.801E-01	6.725E-01	6.923E-01	5.029E-01	418	10M1D3M1D19M5I1M1I11M2D1M13D6M9I26M17D2M1D11M3D8M1D4M1D4M9D33I10M2D6M8I4M6I8M8D1M2D1M1D7M1D31M1D2I13M9D36M1I12M2D19M1D1M1D12M2I7M
A0A8H4CVC9_taxID_474922_model_A	ref_5M8L_human	63	384	412	35	361	5.864E-01	6.628E-01	7.379E-01	5.209E-01	374	4M4D34M2D5M15D20M9D3I4M1I30M1D16M2I1M1I5M2I9M20I21M2D10I3M1D4M1D12M4D17M1I5M10D10M3D21M1I43M2I1M3I5M1I5M
A0A8H4CVC9_taxID_474922_model_A	ref_8BBR_Vspinosum	54	412	412	1	319	5.500E-01	6.871E-01	6.991E-01	5.003E-01	421	1M13I1M1I12M1D21M5I1M1I14M2I2M8I1M1I2M1I24M1D12M2I2M1I4M1I3M1I3M29I2M4I6M4D2M2D1M29D13I7M2D5M1D5M5D3M1D15M1I11M7D3I6M1D2I14M1I4M1I28M2D7M1D1I2M8I14M4D4M1D8M1I1M1I9M
A0A8H4CVC9_taxID_474922_model_A	ref_5CE9_Jregia	63	412	412	38	333	5.297E-01	6.343E-01	7.201E-01	5.065E-01	397	5M1I35M6I18M10D7I29M1D16M2I1M1I2M5I4M31I7M29I7M3D7M14D12M1D10M8D2I6M1D3I14M6D41M12I12M2D1M1D14M2I8M
A0A8H4CVC9_taxID_474922_model_A	ref_1BT3_Ibatatas	63	412	412	40	331	5.244E-01	6.340E-01	7.241E-01	5.129E-01	397	5M2I33M5I1M1I18M10D7I29M1D16M2I1M1I2M5I4M31I7M29I7M3D7M14D12M1D10M8D3I6M1D2I14M6D33M3I5M12I12M2D1M1D14M2I8M
A0A9W8XWX0_taxID_1932322_model_A	ref_2Y9W_Abisporus	62	438	784	1	351	4.165E-01	9.126E-01	9.151E-01	6.644E-01	392	54M2D2M1D43M1I37M1D29M1I4M11I1M1I14M2I1M2I42M2D16M1D2M8D20M22I49M1I22M
A0A9W8XWX0_taxID_1932322_model_A	ref_1JS8_squid	62	439	784	1	262	3.022E-01	8.663E-01	8.695E-01	5.134E-01	392	10M2I19M2I19M2I36M19I1M1I13M5I11M12I1M1I8M2I2M20I1M1I7M15I6M3I11M1I10M8I12M1D4M2D18M22I15M4D2M1D5M13I12M5D3M1D1I22M
A0A9W8XWX0_taxID_1932322_model_A	ref_PmTYR	61	440	784	1	287	3.024E-01	7.701E-01	7.726E-01	4.571E-01	405	11M2I19M5I15M3D6I2M1D1I30M19I2M1I16M1I13M11D10I7M1D4M1I1M3I4M14I9M14I10M1I10M1I8M1D9M1D5M6D10M1I19M22I21M1D3M9I13M7I21M
A0A9W8XWX0_taxID_1932322_model_A	ref_I3D139_archaea	68	433	784	1	305	3.094E-01	7.463E-01	7.484E-01	4.325E-01	405	4M1I1M1I19M2D19M3I36M19I1M1I16M1I6M2D4M5D4M4D8I6M1D2I4M2I2M1I3M1I4M6I5M2I7M11I1M2I4M1D17M1I10M7I21M1I13M22I16M1D9M8I15M23D19M
A0A9W8XWX0_taxID_1932322_model_A	ref_8BBR_Vspinosum	61	615	784	3	324	3.177E-01	7.269E-01	7.331E-01	4.619E-01	607	10M1I36M15I30M18I13M1I1M5I9M16I5M3D4M3D4M1D2M28D6M6I5M1I8M10I5M1I12M1D7M1I12M7D3M2I6M1D9M1I5M1I13M22I15M4D5M1D2M1D13I13M1D1M1D23M13I1M2I3M156I2M
A0A9W8XWX0_taxID_1932322_model_A	ref_5CE9_Jregia	46	617	784	28	339	3.201E-01	6.986E-01	7.555E-01	4.613E-01	607	13M1D13M1I1M1I34M2D5M1D2I7M1I29M18I16M4I11M14I5M32I4M11I10M10D1M3D15M1D10M8D4M2I6M1D7M1D1M1D1M4D20M22I14M1D7M15I12M1D25M11I2M2I3M159I1M
A0A9W8XWX0_taxID_1932322_model_A	ref_1BT3_Ibatatas	46	457	784	30	336	3.171E-01	7.005E-01	7.636E-01	4.701E-01	446	25M1I2M1I34M2D4M2D3I7M1I29M18I16M4I11M14I5M32I4M11I10M11D1M2D15M1D10M8D4M2I6M1D9M6D20M22I14M2I5M14I7M1I5M1D25M11I2M2I3M
A0A9W8XWX0_taxID_1932322_model_A	ref_A0A9N8ELP9_oomycota	60	615	784	21	412	3.411E-01	6.214E-01	6.520E-01	4.468E-01	653	12M2I22M9D12M2I3M5I8M1I26M18I1M1I13M1I1M3I10M11D13I16M15D5M7D8I5M1I9M14I9M1I22M3I16M1D2M7D20M22I15M1D1M2D1M4D1M1D9M8D4I5M1D8M3D5M12D2M12D8M3D27M162I1M
A0A9W8XWX0_taxID_1932322_model_A	ref_5M8L_human	48	410	784	27	361	2.954E-01	6.002E-01	6.430E-01	4.009E-01	436	12M6D12M2I20M23D18M1D6I3M5D1M1D1M1D30M18I15M2I1M1I6M2D6M7D11I11M2I1M3I9M7D9I8M12I5M2D1I7M1I13M1I14M2D5M13D1M1D9M1I19M22I18M2D7M1I1M3I1M5I8M
A0A913WQ01_taxID_2652724_model_A	ref_PmTYR	189	451	659	1	287	3.624E-01	8.109E-01	8.849E-01	6.570E-01	302	28M2I1M2I1M1I15M8D1M1D41M2D10M3I23M1I6M2D12M5D20M8D9M5D16M1D30M1I6M6D1M1D7M1I13M4I8M
A0A913WQ01_taxID_2652724_model_A	ref_1JS8_squid	190	450	659	1	262	3.261E-01	7.846E-01	7.903E-01	5.653E-01	295	27M2I15M2D1M1D1M7D44M1I1M1I2M2I2M6I4M10I7M3I6M1I10M1D3M1D14M2I10M1I10M2D1M2D4M1D26M1D1M3D6M1D4M1D10M11D12M4I7M
A0A913WQ01_taxID_2652724_model_A	ref_I3D139_archaea	196	445	659	1	305	3.347E-01	6.995E-01	8.471E-01	6.001E-01	322	25M1D1M1D16M9D47M1I5M3I7M6I10M1D1M5D6M1D3M9D7M1D2M4D1M2D2M1D13M2I19M1D43M7D11M29D13M5I1M
A0A913WQ01_taxID_2652724_model_A	ref_8BBR_Vspinosum	177	464	659	1	324	3.338E-01	6.500E-01	7.269E-01	5.269E-01	374	1M1I1M9I12M1D36M3I25M1D1M1D14M2I4M1I3M1I3M2I2M9I2M5I2M2I4M4D1M2D2M38D5M1D5M6D2M2D2M2D12M1I2M1I5M13D49M3D6M2D3M1D1M1D7M8D11M1I1M3I9M4I1M3I1M2I3M
A0A913WQ01_taxID_2652724_model_A	ref_A0A9N8ELP9_oomycota	179	464	659	17	412	3.723E-01	5.811E-01	8.197E-01	5.676E-01	416	3M5I33M2D2M7D16M4D31M1D8M1I1M3I1M1I7M3I9M1D13M3I4M2D1M26D2M6D7M1D2M2D2M2D28M3D11M9D5M1D28M1D1M2D2M2D6M22D6M2D3M31D13M1D2I12M2D2I9M
A0A913WQ01_taxID_2652724_model_A	ref_5CE9_Jregia	178	464	659	40	339	3.282E-01	6.137E-01	7.176E-01	5.313E-01	352	1M7I52M12D28M1D1M1D17M3I2M6I4M11I5M4I1M9I5M1D2M5D4M16D20M14D16M7D5M1D45M7D14M4I7M5I1M1I2M2I3M
A0A913WQ01_taxID_2652724_model_A	ref_1BT3_Ibatatas	186	463	659	42	336	3.236E-01	6.119E-01	7.325E-01	5.356E-01	343	52M12D28M1D1M1D13M1I4M2I2M6I4M11I5M4I1M9I5M1D2M5D4M16D20M14D17M7D4M1D27M2I1M1I14M7D14M4I7M5I1M1I2M2I2M
A0A913WQ01_taxID_2652724_model_A	ref_5M8L_human	23	430	659	37	361	3.313E-01	5.835E-01	6.451E-01	5.372E-01	495	5M1D158I36M23D16M14D28M2D11M1I7M2I5M3I21M4I6M15D10M8D20M8D9M13D16M1D43M2D2I5M
A0A913WQ01_taxID_2652724_model_A	ref_2Y9W_Abisporus	22	444	659	2	351	2.176E-01	3.583E-01	3.599E-01	2.653E-01	578	1M151I1M15I7M2I1M3I15M7D7I12M6D2M11D5M3D4M1D6M1D3M1D2M2D2M13D5M1D9M7D1I4M2D2I12M6D6M4D4I4M10D23I9M10D5M2D2M1D2M2D1M21D6M1D12M10D5M2D2I2M1I2M8I2M1I15M2I6M1D1I4M17D3M2D1M10D8M1I2M1D2I1M2I6M
A0A2K8SJE4_taxID_2038116_model_A	ref_I3D139_archaea	56	394	414	1	305	6.631E-01	8.910E-01	8.938E-01	7.029E-01	356	48M4I1M1I42M1D1M1D18M15I11M7D28M1D1M1D8M1D22M14I12M15I5M1I26M1I9M1D18M1D10M3D28M
A0A2K8SJE4_taxID_2038116_model_A	ref_PmTYR	49	403	414	1	287	6.185E-01	8.808E-01	8.837E-01	6.971E-01	371	29M7I18M5I47M2D1M2D2M1D17M9I13M1I4M3I2M4I16M1D4M1I16M10D10M9I14M16I36M1I22M26I18M2I2M
A0A2K8SJE4_taxID_2038116_model_A	ref_1JS8_squid	50	401	414	1	262	5.532E-01	8.493E-01	8.524E-01	5.776E-01	362	30M2I1M2I19M4I51M1I1M1I1M2I4M20I5M1D2I6M1I1M1I1M9I8M1I2M2I28M15I12M12I35M5D10M6I12M17I3M1D1I1M2D2M1D18M1I1M
A0A2K8SJE4_taxID_2038116_model_A	ref_A0A9N8ELP9_oomycota	42	410	414	14	408	6.558E-01	6.587E-01	7.314E-01	6.167E-01	457	6M1D30M1D5M7D1I18M10I33M1D12M1I1M1I16M8I11M3I5M1D1M18D1M6D38M2D11M1I1M1I2M9I18M7I38M5D2M1D9M14D11M2D4M15D20I1M11D11M3D22M
A0A2K8SJE4_taxID_2038116_model_A	ref_5M8L_human	36	352	414	28	361	6.077E-01	6.910E-01	7.831E-01	5.925E-01	373	8M1D1M4D36M2D1M19D22M6D6I32M1D1M1D31M10I11M1I1M1I4M2I9M4D1M3D11M1D1M2D1M1D4M1I16M10D13M2I5M1D12M1I1M15I56M
A0A2K8SJE4_taxID_2038116_model_A	ref_2Y9W_Abisporus	50	399	414	1	351	5.870E-01	6.832E-01	6.868E-01	5.359E-01	418	10M1D3M1D17M2I19M5D2I3M2I1M1D1I32M19D12M6D6M1D8M10D21I6M1I12M2I12M8D1M1D6M1D3M1D11M1D11M2D2I4M5I3M1D1I18M6I39M2I9M5D2M4D11M20I24M
A0A2K8SJE4_taxID_2038116_model_A	ref_5CE9_Jregia	37	402	414	32	335	5.733E-01	6.909E-01	7.667E-01	5.584E-01	404	43M2I17M1D7M2I8M1I25M1D1M1D18M1I1M2I4M20I5M4I1M18I8M11D3M1D1M1D1M3D2M1D11M2D8M13D6M13I14M9I37M1D4M1I5M6I9M2D19I4M2I23M
A0A2K8SJE4_taxID_2038116_model_A	ref_1BT3_Ibatatas	37	402	414	34	333	5.707E-01	6.930E-01	7.705E-01	5.494E-01	399	10M1I32M2I17M1D6M2I9M1I25M1D1M1D18M1I1M2I4M20I5M4I1M18I8M9D1M1D4M6D2M1D11M2D10M8D1I1M1D5M8I16M9I38M3I6M6I9M2D19I4M2I23M
A0A2K8SJE4_taxID_2038116_model_A	ref_8BBR_Vspinosum	48	405	414	2	324	5.545E-01	6.944E-01	6.983E-01	5.265E-01	416	12M1D20M2I17M17I25M1D1M1D26M20I2M3I1M1I6M3D2M3D1M28D14M1D5M5D30M8D1I6M8I13M16I5M1I29M1D10M1I12M4D19I4M2I23M2D2I1M
A0ABR3QRF7_taxID_300254_model_A	ref_2Y9W_Abisporus	62	430	773	1	351	4.221E-01	9.120E-01	9.145E-01	6.558E-01	384	54M2D2M1D43M1I37M1D29M1I3M3I1M1I15M2I1M2I42M2D16M1D2M8D21M22I48M1I22M
A0ABR3QRF7_taxID_300254_model_A	ref_1JS8_squid	62	431	773	1	262	3.060E-01	8.643E-01	8.674E-01	5.025E-01	384	10M2I19M2I19M2I36M19I1M1I13M5I11M12I1M1I8M2I1M3I1M9I1M1I7M15I6M3I11M1I10M8I12M1D4M2D19M22I14M4D2M1D5M13I12M5D3M1D1I22M
A0ABR3QRF7_taxID_300254_model_A	ref_PmTYR	61	432	773	1	287	3.052E-01	7.676E-01	7.700E-01	4.485E-01	399	11M2I19M5I15M3D6I2M1D1I29M1I1M18I2M1I16M1I13M11D10I7M1D4M1I1M3I3M6I10M12I1M1I2M2D2I2M1I3M1I10M1I8M1D9M1D5M6D10M1I20M22I20M1D3M9I13M7I21M
A0ABR3QRF7_taxID_300254_model_A	ref_I3D139_archaea	68	425	773	1	305	3.127E-01	7.428E-01	7.451E-01	4.244E-01	397	4M1I1M1I19M2D19M3I36M19I1M1I16M1I6M2D4M4D4M5D8I6M1D2I4M2I2M1I11M1I8M11I1M2I4M1D17M1I10M7I21M1I14M22I15M1D9M8I15M23D19M
A0ABR3QRF7_taxID_300254_model_A	ref_8BBR_Vspinosum	61	604	773	3	324	3.218E-01	7.263E-01	7.326E-01	4.499E-01	596	10M1I36M15I30M18I13M1I1M5I9M16I6M3D3M3D4M1D2M29D18M10I5M1I12M1D7M1I13M6D3M1I6M1D9M1I5M1I14M22I14M4D5M1D2M1D13I13M1D1M1D23M13I1M2I3M153I2M
A0ABR3QRF7_taxID_300254_model_A	ref_1BT3_Ibatatas	46	449	773	30	336	3.212E-01	6.998E-01	7.626E-01	4.615E-01	438	25M1I2M1I34M2D4M2D3I7M1I29M18I16M4I11M14I5M24I4M11I10M11D1M2D15M1D10M8D4M2I5M1D10M6D21M22I13M2I5M14I7M1I5M1D25M11I2M2I3M
A0ABR3QRF7_taxID_300254_model_A	ref_5CE9_Jregia	46	607	773	28	339	3.242E-01	6.976E-01	7.545E-01	4.506E-01	597	13M1D14M2I34M2D5M1D2I7M1I29M18I16M4I11M14I5M24I4M11I10M10D1M3D15M1D10M8D4M2I6M1D7M1D1M1D1M4D21M22I15M1D5M15I12M1D24M12I1M2I4M156I2M
A0ABR3QRF7_taxID_300254_model_A	ref_A0A9N8ELP9_oomycota	60	604	773	21	412	3.465E-01	6.234E-01	6.541E-01	4.323E-01	642	12M2I22M9D12M2I3M5I8M1I26M18I1M1I13M4I11M11D13I15M16D4M6D7M1I9M14I9M1I22M3I16M1D2M7D21M22I14M1D1M2D1M4D1M1D9M8D4I5M1D8M3D5M12D2M13D6M2D29M159I1M
A0ABR3QRF7_taxID_300254_model_A	ref_5M8L_human	49	403	773	28	361	2.982E-01	5.990E-01	6.437E-01	3.954E-01	428	11M6D12M2I20M23D15M1D3M8D7I34M18I15M2I1M1I6M2D6M7D11I11M2I10M4D3I1M2D8M12I5M3D2I6M1I10M1I8M1D9M1D5M14D10M1I20M22I17M1D9M3I1M4I3M2I5M
A6MV23_taxID_448420_model_A	ref_5M8L_human	7	164	164	1	161	9.132E-01	4.236E-01	9.524E-01	8.412E-01	161	92M1D2M1D28M1D36M
A6MV23_taxID_448420_model_A	ref_5CE9_Jregia	1	164	164	1	134	5.399E-01	2.791E-01	6.487E-01	5.752E-01	189	1M1D11I7M19D8M4I1M7I2M1I1M5I34M3I1M18I21M5D5I1M1I32M
A6MV23_taxID_448420_model_A	ref_1BT3_Ibatatas	14	164	164	3	135	5.381E-01	2.780E-01	6.527E-01	5.878E-01	178	7M22D7M4I1M6I2M1I2M7I32M21I22M5D5I1M1I32M
A6MV23_taxID_448420_model_A	ref_2Y9W_Abisporus	11	164	164	14	325	4.047E-01	2.287E-01	4.225E-01	3.345E-01	348	2M1D2M1D1I13M1I11M3D5M2D1M2D2M1D9M1I1M2I1M3I1M1I19M1D2M3D3I1M3D2I5M1D2M2D2M1D3M4I4M1D1I1M10D2I3M12I5M53D4M52D2M10D3M5D1M2D1M1D6M3D2I1M24D1M12D1I4M
A6MV23_taxID_448420_model_A	ref_I3D139_archaea	8	164	164	6	269	3.430E-01	2.192E-01	3.548E-01	2.896E-01	317	7M1I6M1D1I14M1I5M2D9I1M1D1I2M7D9I6M1D17M5D10I1M1I5M1I1M3I2M1D1I1M7D6I5M6I2M1D1I9M5D1M26D1M2D2M52D3M1D6M43D2I5M4D1M1D1M
A0A0G4KTS8_taxID_100787_model_A	ref_PmTYR	55	405	405	1	284	5.587E-01	7.730E-01	7.832E-01	5.358E-01	387	1M2I28M13I21M3D35I10M1D3M2D1M3D1M11D10M1D1M1D9M1I2M1I9M16I11M1D7M1I1M14I2M1I12M1D1M1D15M1I5M10D10M1I1M1I14M1I35M2I5M1D5M6I3M2I7M3I12M2I6M
A0A0G4KTS8_taxID_100787_model_A	ref_I3D139_archaea	64	402	405	1	305	5.263E-01	6.846E-01	6.867E-01	4.905E-01	403	28M5I1M1I16M2I1M1I5M2D31I10M1D3M2D1M3D1M11D14M1I4M1I3M1I6M22I9M10D4M1D12M11I7M2D1M4D9M1I8M1I13M7I7M1D5M1I4M1I32M1I5M1D4M6I2M1I6M1D2M24D2M1D14M2I1M1I1M
A0A0G4KTS8_taxID_100787_model_A	ref_1JS8_squid	58	405	405	1	260	4.889E-01	7.279E-01	7.356E-01	4.515E-01	383	31M10I16M4I6M4D29I1M1I1M1D1I6M1D3M1D2M3D1M10D1M1D7M1I5M3I1M1I1M4I4M26I12M20I18M1I8M1I14M7I1M1I9M2D1M1D34M3D12M9I2M2I3M2D3M2D2M1D1M2D3M1D10M2I6M
A0A0G4KTS8_taxID_100787_model_A	ref_A0A9N8ELP9_oomycota	40	405	405	1	396	5.850E-01	5.761E-01	6.414E-01	4.918E-01	479	1M1D1I2M7D3I43M10D9I21M34I15M3D1M12D9M2I1M2I2M1I5M2I11M15I18M19D7I11M3D8M1D7M1D13M1D15M4I14M8D34M2D1M1D3M1D9M11D2I1M1D1I11M1D1M2D3M1D1M13D1M13D10M1D11M
A0A0G4KTS8_taxID_100787_model_A	ref_5M8L_human	50	381	405	34	361	5.423E-01	6.023E-01	6.579E-01	4.897E-01	404	4M5D1M1D1I32M2D6M13D20M4I5M9D31I14M2D1M3D1M13D8M1I5M1I1M1I5M2I9M16I20M8I5M2D4M1D12M5D16M1I5M10D6M1D3M5D19M1I32M2I12M1I1M2I4M3I1M1I4M
A0A0G4KTS8_taxID_100787_model_A	ref_2Y9W_Abisporus	58	405	405	1	350	5.288E-01	6.005E-01	6.066E-01	4.412E-01	436	10M1D3M1D20M8I13M1I1M8I8M8D23I10M1D3M1D2M2D2M30D20M4I6M14D25I9M2D7M4I4M8I7M7D1M3D1M2D38M2D12M9D38M2I7M1D1M2D9M1I9M1D1M1D14M2I6M
A0A0G4KTS8_taxID_100787_model_A	ref_8BBR_Vspinosum	40	405	405	1	317	4.944E-01	6.056E-01	6.194E-01	4.362E-01	448	1M14I1M1I12M1D21M7I1M1I14M1I4M16D21I10M1I1M18I11M2I2M1I4M1I3M1I3M25I2M4I6M1D1M2D2M31D11I8M2D5M1D5M5D3M1D3M1D11M1I9M13D5M7I11M1I5M1I29M1D8M10I4M1D9M6D13M1I1M1I7M
A0A0G4KTS8_taxID_100787_model_A	ref_1BT3_Ibatatas	50	405	405	40	329	4.821E-01	5.721E-01	6.546E-01	4.554E-01	420	5M2I33M7I1M1I21M1D3M2D31I10M1D3M1D2M3D1M13D13M2I1M1I2M5I4M27I7M28I7M3D7M15D11M1D8M14D5M7I12M6D33M2I2M2I2M1I1M11I4M1I7M4D15M2I6M
A0A0G4KTS8_taxID_100787_model_A	ref_5CE9_Jregia	50	405	405	38	331	4.825E-01	5.662E-01	6.433E-01	4.276E-01	414	5M1I34M7I1M1I21M1D4M2D31I13M2D1M3D1M13D14M1I14M1D4M10D8I8M47I3M1D1I15M1D8M14D5M7I12M6D37M1I3M1I1M11I4M1I7M4D15M2I6M
H6VYH7_taxID_228422_model_A	ref_5M8L_human	13	177	177	1	168	8.632E-01	4.335E-01	9.284E-01	8.243E-01	170	90M3D2I2M1D27M1D44M
H6VYH7_taxID_228422_model_A	ref_5CE9_Jregia	5	177	177	1	141	5.422E-01	2.976E-01	6.685E-01	6.150E-01	200	1M1D1I1M3D7I1M1D1I4M16D5I8M4I1M7I2M1I1M5I34M3I1M18I20M6D6I1M1I39M
H6VYH7_taxID_228422_model_A	ref_1JS8_squid	59	177	177	1	91	4.213E-01	2.932E-01	7.706E-01	6.080E-01	122	30M2I1M21I18M3D5I3M1I29M1I1M1I6M
H6VYH7_taxID_228422_model_A	ref_PmTYR	1	177	177	98	279	3.746E-01	2.512E-01	3.763E-01	4.094E-01	263	5M10D4M4D1M26D13M3I1M2I2M1D7I3M1D1I2M2D37I5M3D6I1M1I1M14I11M6D9M8I5M4D28M28D2I3M1D2M
H6VYH7_taxID_228422_model_A	ref_2Y9W_Abisporus	1	177	177	130	339	3.816E-01	2.198E-01	3.833E-01	3.950E-01	285	3M2D2M2D4M48D6M1I1M1I10M1D1I1M2D8I2M3D3I1M2D33I8M5D9I1M14I5M2I10M2D15M4D1I24M2I6M19D1M16D1M2D1M
H6VYH7_taxID_228422_model_A	ref_A0A9N8ELP9_oomycota	1	171	177	65	404	3.638E-01	1.900E-01	3.737E-01	3.155E-01	400	1M3D2M1D2M2D1I2M2D2I8M4D1M2D2M2D2M2D2I2M1D1I4M1D3M1I5M101D41I3M22D7I7M4D1M10D3M2D1M1D2M1D2M2D2M1D1I7M1D2M13D1I2M5D2I6M2D1I6M1D8M41D12M1D5M1D8M
H6VYH7_taxID_228422_model_A	ref_1BT3_Ibatatas	1	177	177	53	319	3.359E-01	2.082E-01	3.370E-01	2.852E-01	341	6M1D6M2D1M90D1M1D6M2D2I3M1D6M13D3M1D4M5I7M1D6I8M4D3I3M3D3I7M4D2I1M4D4I1M1D6M12I7M1D1I13M13I4M4I1M1I8M35D18I1M
A0A0M3IG66_taxID_6252_model_A	ref_PmTYR	539	810	952	1	286	2.614E-01	8.341E-01	8.810E-01	6.468E-01	300	41M1D4M7D60M1D3M2D10M2D6M4D12M2D1M1D19M1I6M5I5M1D5M6D45M2I1M2I8M3I14M1I9M1D9M
A0A0M3IG66_taxID_6252_model_A	ref_1JS8_squid	540	810	952	1	262	2.335E-01	8.033E-01	8.062E-01	5.930E-01	300	29M3D11M1D3M8D41M1I3M5I3M1I1M2I4M6I48M15I14M2D1M2D34M1D12M8I10M9D1M2D9M1D9M
A0A0M3IG66_taxID_6252_model_A	ref_I3D139_archaea	546	805	952	1	305	2.339E-01	6.980E-01	8.144E-01	6.016E-01	332	22M7D12M1D3M7D45M2I2M1I12M3I9M10D6M2D1M9D10M3D2M2D4M1D18M14I12M1D9M1I24M1I3M1I2M2I8M2I15M29D14M
A0A0M3IG66_taxID_6252_model_A	ref_5M8L_human	499	788	952	21	361	2.571E-01	6.506E-01	8.022E-01	5.614E-01	373	17M2I1M4I3M1I4M8I29M28D12M1D3M12D29M1D1M1D11M1I2M3I2M1I13M2D5M1D11M1D1M15D12M5D1M1D19M1I6M5I5M1D5M13D1M1D43M3I2M1I8M2I12M
A0A0M3IG66_taxID_6252_model_A	ref_8BBR_Vspinosum	539	834	952	3	323	2.350E-01	6.484E-01	7.065E-01	5.325E-01	376	12M1D17M1D1M3D1M1D10M3I1M1I26M1D1M1D14M4I2M1I10M6I3M4I5M4D1M43D10M5D3M1D3M2D24M5D6I25M1I28M1D4M2I6M1D5I1M1I10M8D12M1D10M1D21I1M
A0A0M3IG66_taxID_6252_model_A	ref_2Y9W_Abisporus	540	809	952	1	351	2.466E-01	6.339E-01	8.110E-01	5.472E-01	370	10M2D19M5D11M1D1M13D31M19D19M2I5M1I6M13D6I10M2D2M7D1M1D7M8D1M1D2M2D2M2D2M1D11M1D14M5I19M10D34M3I2M2I10M5D6M1D8M4D10M2D8M
A0A0M3IG66_taxID_6252_model_A	ref_1BT3_Ibatatas	506	836	952	34	336	2.361E-01	6.278E-01	6.920E-01	5.237E-01	390	10M14I1M8I30M5D11M2D4M9D28M1D1M1D14M3I1M2I3M1I1M2I4M7I6M9I8M5D1I4M16D10M2D13M2D2I2M2D2I20M7D33M4I1M2I5M9I9M6D11M1D11M1I1M19I1M1I1M
A0A0M3IG66_taxID_6252_model_A	ref_5CE9_Jregia	506	836	952	32	339	2.378E-01	6.248E-01	6.836E-01	5.164E-01	392	8M1I1M12I2M8I31M5D11M2D4M9D27M2D17M2I1M2I1M1I1M1I1M2I4M7I6M9I8M5D1I4M16D10M2D13M3D3I1M2D2I19M7D36M1I2M2I5M9I9M6D11M1D11M1I1M19I1M1D1I1M
A0A0M3IG66_taxID_6252_model_A	ref_A0A9N8ELP9_oomycota	497	812	952	11	400	2.611E-01	5.792E-01	7.437E-01	5.874E-01	439	5M10I3M13I1M1D9I30M1D1M13D11M1D3M2D32M1D10M2I1M5I14M2D1M2D14M29D1M7D7M1D6M2D13M1D9M1I1M9I18M9D37M1D3M1D10M11D3M1D9M2D3M31D9M2D1M2D11M
A0ABR4L8V8_taxID_176173_model_A	ref_PmTYR	9	251	733	6	279	2.647E-01	6.459E-01	7.577E-01	5.912E-01	310	24M11I15M9D1M1D24M1I30M1I10M21I10M2D5M1I2M1I14M1D1M1D20M10D8M5D14M5D2M4D17M2D1M2D2M22D4M1D1M2D2M
A0ABR4L8V8_taxID_176173_model_A	ref_1JS8_squid	9	251	733	5	255	2.337E-01	6.137E-01	6.601E-01	5.101E-01	309	28M8I10M2D1M1D1M8D27M1I14M2I1M1I2M2I3M2I1M3I4M31I5M1D6M6I13M1I29M1I8M2D1M2D2M5D2M4D2M1D14M2D1M4D4M31D3M1D1M2D2M
A0ABR4L8V8_taxID_176173_model_A	ref_I3D139_archaea	10	288	733	1	272	2.561E-01	5.831E-01	6.501E-01	5.431E-01	346	4M1I23M2I1M1I1M1I15M9D1M1D24M1I14M1I6M2I7M1I6M27I8M10D5M2D4M5D2I9M1D2M1D1M1D3M1D4M1D29M1D7M3D3M2D9M2D2M1D10M2D1M11D1M13D35I5M
A0ABR4L8V8_taxID_176173_model_A	ref_5M8L_human	9	613	733	51	351	2.695E-01	5.255E-01	6.241E-01	5.578E-01	692	27M1D5M16D17M15D30M1D11M1I2M2I3M1I1M1I5M1I9M22I6M1D11M1D1M2D1M6D2M1D12M4D1M1D20M10D8M13D14M5D2M4D23M6D363I3M
A0ABR4L8V8_taxID_176173_model_A	ref_8BBR_Vspinosum	9	251	733	9	312	2.400E-01	5.086E-01	6.594E-01	4.876E-01	350	29M6I14M2I29M1D12M4I2M1I13M4D4I6M1D1I1M28D28I9M4D4M2D4M5D3M1D3M1D20M13D19M3D3M2D9M2D2M1D5M8D2M31D8M
A0ABR4L8V8_taxID_176173_model_A	ref_A0A9N8ELP9_oomycota	9	257	733	27	359	2.660E-01	4.556E-01	7.242E-01	5.189E-01	367	29M9D6I15M4D1M1D38M1I2M2I1M3I2M1I5M1I10M20I16M2D1M17D4M2D3M9D6M1D7M1D13M2D13M3D11M9D3M8D1M1D18M1D2M5D2M1D1M27D1M11D1M3D4M1D5M
A0ABR4L8V8_taxID_176173_model_A	ref_2Y9W_Abisporus	9	612	733	6	315	2.425E-01	4.748E-01	5.320E-01	4.689E-01	712	8M1D21M6I12M16D31M17D2M1D17M1I4M1I1M1I1M1I5M14D31I9M2D6M2D10M11D1M2D18M1D9M10D5M1I9M10D3M5D2M4D17M1D6M6D41I3M5D319I2M
A0ABR4L8V8_taxID_176173_model_A	ref_1BT3_Ibatatas	9	250	733	50	318	2.245E-01	4.639E-01	6.261E-01	5.016E-01	330	29M6I15M13D29M1D11M2I5M2I1M1I1M1I1M3I4M31I6M15I8M3D6M16D10M2D8M14D17M6D3M5D2M2D9M2D2M1D5M2D4M4D1M17D4M
A0ABR4L8V8_taxID_176173_model_A	ref_5CE9_Jregia	9	250	733	50	322	2.238E-01	4.590E-01	6.255E-01	5.030E-01	335	5M1I23M6I15M13D29M1D11M2I6M1I6M4I1M33I5M15I8M3D6M16D10M2D8M14D17M6D3M5D2M2D9M2D2M1D5M5D4M4D1M18D3M1D1M
A0A6A6P320_taxID_578093_model_A	ref_PmTYR	46	380	380	1	284	6.409E-01	8.394E-01	8.508E-01	6.274E-01	360	1M2I28M13I14M10D26M1I16M1D1M1D9M1I2M1I9M21I11M2D5M1I2M15I2M1I12M1D17M1I5M10D9M1I2M2I14M1I33M1I2M1I7M3I1M3I13M4I12M3I6M
A0A6A6P320_taxID_578093_model_A	ref_1JS8_squid	49	380	380	1	261	5.716E-01	8.114E-01	8.172E-01	5.476E-01	358	31M10I11M2D1M1D1M8D27M1I16M1I2M2I1M1I1M1I1M4I4M31I5M1D6M21I16M1I2M1I9M1I13M8I1M1I9M2D1M1D34M3D10M10I3M1I4M1D2M3D5M2D1M2D10M1I1M1I7M
A0A6A6P320_taxID_578093_model_A	ref_I3D139_archaea	55	376	380	1	305	6.094E-01	7.501E-01	7.524E-01	5.677E-01	374	28M5I1M1I14M10D26M1I20M1I4M1I3M1I6M27I8M10D5M1D12M11I7M1D2M1D1M1D8M1D9M1I13M8I8M1D4M1I4M1I32M1I6M3I1M3I13M23D3M3D12M1I1M2I2M
A0A6A6P320_taxID_578093_model_A	ref_A0A9N8ELP9_oomycota	30	380	380	1	396	6.803E-01	6.310E-01	7.336E-01	5.645E-01	452	1M2D2I1M8D5I42M10D9I14M5D42M2I1M2I2M1I5M2I11M20I18M19D8I4M1D6M3D8M1D21M1D15M5I14M8D36M2D2M2D2M1D2M2D6M5D7M1D8M2D4M2D1M26D22M
A0A6A6P320_taxID_578093_model_A	ref_5M8L_human	41	353	380	35	361	6.314E-01	6.624E-01	7.587E-01	5.452E-01	371	4M4D34M2D6M13D19M15D30M1D11M1I5M1I1M1I3M1I2M1I9M21I20M9I4M3D4M1D12M4D17M1I5M10D10M5D19M1I32M2I10M1I2M3I5M1I5M
A0A6A6P320_taxID_578093_model_A	ref_2Y9W_Abisporus	49	380	380	1	350	6.178E-01	6.646E-01	7.007E-01	5.249E-01	411	10M1D3M1D19M7I1M1I11M2D1M14D31M17D2M1D11M2D8M2D8M11D35I9M1D7M2I5M10I7M8D1M2D1M1D7M1D22M1I9M2D12M9D35M1I2M1I11M2D19M1D1M1D11M1I1M2I6M
A0A6A6P320_taxID_578093_model_A	ref_8BBR_Vspinosum	30	380	380	1	317	5.911E-01	6.850E-01	7.009E-01	5.107E-01	411	1M15I1M1I12M1D22M8I14M2I29M1D12M2I2M1I4M1I3M1I3M30I2M4I6M4D2M2D1M28D11I8M2D5M1D5M5D3M1D15M1I11M7D2I6M1D1I14M1I4M1I28M2D10M9I14M4D4M1D8M1I1M2I7M
A0A6A6P320_taxID_578093_model_A	ref_5CE9_Jregia	41	380	380	38	331	5.639E-01	6.268E-01	7.162E-01	5.226E-01	391	5M1I35M8I14M1D1M12D29M1D16M2I1M1I1M1I1M4I4M32I7M28I7M3D7M14D12M1D10M8D2I5M2D2I14M6D38M1I3M12I12M2D1M1D14M3I6M
A0A6A6P320_taxID_578093_model_A	ref_1BT3_Ibatatas	41	380	380	39	329	5.596E-01	6.277E-01	7.194E-01	5.254E-01	391	5M1I35M8I15M13D29M1D16M2I1M1I1M1I1M4I4M32I7M28I7M3D7M14D12M1D10M8D1I1M1D1I4M1D2I14M6D33M2I2M2I3M12I12M2D1M1D14M3I6M
ref_I3D139_archaea	ref_I3D139_archaea	1	305	305	1	305	1.000E+00	1.000E+00	1.003E+00	1.000E+00	305	305M
ref_I3D139_archaea	ref_PmTYR	1	305	305	8	280	7.457E-01	7.906E-01	8.324E-01	7.171E-01	334	22M7I18M1I4M1D41M1D3M2D16M6D10M8I10M6I1M1I10M3D3I2M2I4M1I14M10D8M5D8M1I9M1D28M1I23M30I13M
ref_I3D139_archaea	ref_1JS8_squid	1	305	305	7	256	6.898E-01	7.938E-01	8.320E-01	5.958E-01	317	24M2I1M2I24M1D40M1I3M1I2M1I1M1I1M2I4M4I7M9I5M1I1M1I1M9I7M1I2M1I1M1I3M3I25M1I11M1D1M2D5M1D27M4D9M1I1M4I12M21I5M2D2M1D13M
ref_I3D139_archaea	ref_2Y9W_Abisporus	1	305	305	7	346	7.415E-01	6.512E-01	7.437E-01	5.734E-01	382	4M1D3M1D17M2I19M6D36M19D14M1D9M2I4M4I4M9D5I6M2D1I4M1D7M2I12M7D1M2D4M1I18M1D9M9D16M9D5M1D29M1I9M7D1M1D14M24I18M
ref_I3D139_archaea	ref_A0A9N8ELP9_oomycota	1	305	305	29	392	7.687E-01	5.773E-01	7.711E-01	6.455E-01	414	22M1D5M8D2I16M5I34M1D8M2I4M1I1M1I11M7D9M10I5M1D1M18D1M7D5M1I16M2I7M1I9M2D13M3D12M8D5M1D28M5D1M1D10M14D11M2D4M27D25I11M1D2M1D1M1D3M
ref_I3D139_archaea	ref_8BBR_Vspinosum	1	305	305	10	313	6.938E-01	6.564E-01	6.980E-01	5.762E-01	364	5M1D19M2I17M12I25M1D1M1D12M1I2M1I12M4I2M4I1M1I1M8I4M4D2M2D1M29D2M1D33M2D15M13D13M1I36M2D11M2I12M3D22I4M2I15M
ref_I3D139_archaea	ref_1BT3_Ibatatas	1	305	305	52	325	6.804E-01	6.210E-01	7.551E-01	5.964E-01	349	24M2I17M1D1M1D2M1D35M1D1M1D11M1I1M1I7M3I4M4I6M30I17M13D1M1D11M2D8M14D17M6D6M1D26M3I5M1I1M5I10M2D23I4M2I15M
ref_I3D139_archaea	ref_5CE9_Jregia	1	305	305	51	327	6.806E-01	6.164E-01	7.471E-01	5.892E-01	349	24M2I17M1D1M1D3M1D34M1D1M1D11M1I1M1I7M3I4M4I6M30I17M13D1M1D11M2D8M14D17M6D6M1D34M1I1M5I7M1I3M2D22I4M2I15M
ref_I3D139_archaea	ref_5M8L_human	1	259	305	53	361	6.896E-01	5.886E-01	8.052E-01	6.008E-01	332	25M2D1M19D21M1D1I1M5D1I1M1D30M1D1M1D10M1I7M1I10M5D10M9I5M1I5M2D1I2M9D4I10M1D1I1M2D1I8M1I14M10D8M12D1M1D7M1I9M1D49M
A0A8T1GG24_taxID_29920_model_A	ref_PmTYR	1	292	492	99	287	3.043E-01	5.028E-01	7.377E-01	4.575E-01	315	9M2D11M11I9M2D6M1D3M2I3M1I9M2D4M2I17M9D8M5D17M1D28M13I5M1D4M3I12M24I13M3I6M67I2M
A0A8T1GG24_taxID_29920_model_A	ref_I3D139_archaea	1	219	492	96	305	3.102E-01	4.799E-01	6.716E-01	4.182E-01	254	9M2D9M4D14I3M1D1M1D2M2D10M9D5I8M1D3M2D2M1D6M1I8M1I20M1D37M9I1M2I11M3I11M7D2M1D4M3D6M1I3M2I1M2I16M4I2M
A0A8T1GG24_taxID_29920_model_A	ref_1BT3_Ibatatas	5	335	492	2	330	2.725E-01	3.658E-01	3.719E-01	2.403E-01	465	2M1I2M2I5M17I3M1I11M5I8M1D9M1I5M1I40M1D4M24D3M1D2M2D2M12D8M3I5M4I2M4I9M2D9I4M11I1M9I1M2I7M1I5M1I4M57I9M2D2M1D4M1D3M2D1M1D5M16D1M46D12M4D1M18D11M2I1M5I3M
A0A8T1GG24_taxID_29920_model_A	ref_5CE9_Jregia	5	335	492	2	332	2.694E-01	3.595E-01	3.668E-01	2.313E-01	469	5M3I4M17I2M3I5M1D1I4M5I1M1I7M1D8M1D1I46M1D4M24D3M1D3M1D2M12D7M4I6M2I2M4I9M2D9I4M11I1M9I1M2I7M1I2M1I7M2D57I11M1D4M1D3M2D7M66D12M4D1M18D11M2I1M5I3M
A0A8T1GG24_taxID_29920_model_A	ref_2Y9W_Abisporus	5	442	492	42	346	2.456E-01	3.185E-01	3.520E-01	2.290E-01	565	10M1D9I2M1I6M26I9M1D5M1I3M2I1M16I4M24I1M2I6M2D2I1M6D9I3M1D11M50I3M15I1M2I7M6D4I7M8D29I16M20D5M4D14M1D6I13M62D2I1M1D1I9M1D10M12D25M1I1M1D57I1M1I3M
A0AAD9KZ40_taxID_27915_model_A	ref_PmTYR	163	410	925	1	287	2.526E-01	7.954E-01	9.202E-01	6.450E-01	296	29M3I14M10D27M1I16M2D18M1D13M2I4M9D9M1D1M2D19M10D8M6D15M1D31M1I5M6D21M1I8M1I1M
A0AAD9KZ40_taxID_27915_model_A	ref_1JS8_squid	164	408	925	1	262	2.318E-01	7.768E-01	8.307E-01	5.584E-01	282	42M2D1M1D1M8D28M1I15M1I1M1I1M1I1M1I1M1I1M2I4M9I7M2I4M4D47M2D1M2D4M1D28M4D2M1D17M12D10M1I9M
A0AAD9KZ40_taxID_27915_model_A	ref_1BT3_Ibatatas	76	594	925	1	336	2.637E-01	6.871E-01	6.890E-01	5.235E-01	593	3M3I1M1D1I10M2I3M5D14I6M1I5M1I1M1I3M20I1M5I1M1I37M2D14M13D26M1D16M1I2M2I1M1I3M2I4M10I5M5I1M2I8M4D5M16D10M2D8M14D5M1D11M7D4M1D27M2I2M1I13M7D13M1I8M178I1M1I2M2I2M
A0AAD9KZ40_taxID_27915_model_A	ref_5CE9_Jregia	76	596	925	1	339	2.662E-01	6.845E-01	6.864E-01	5.178E-01	594	3M3I1M1I11M1I2M5D15I5M2I3M1I3M1I3M20I1M5I39M2D14M13D26M1D19M2I1M1I1M1I1M2I4M10I5M5I1M2I8M4D5M16D10M2D8M14D5M1D10M7D5M1D45M7D12M1I9M178I1M2I2M1I2M1I1M
A0AAD9KZ40_taxID_27915_model_A	ref_I3D139_archaea	170	403	925	1	305	2.346E-01	6.872E-01	8.886E-01	5.868E-01	314	23M4D16M10D27M1I15M1I17M5I8M6D7M16D6M1D2M1D1M1D2M2D2M1D24M1D7M1D45M6D10M30D11M1I1M1I1M
A0AAD9KZ40_taxID_27915_model_A	ref_5M8L_human	83	385	925	1	361	2.571E-01	6.285E-01	7.419E-01	5.063E-01	410	6M19I4M9I8M6I10M2D1I5M6D8I34M25D16M15D27M1D13M1I6M1I1M1I25M3I3M21D9M4D1M1D1M1D18M10D8M14D15M1D37M6D7M
A0AAD9KZ40_taxID_27915_model_A	ref_8BBR_Vspinosum	162	595	925	2	324	2.367E-01	6.453E-01	6.491E-01	5.303E-01	527	13M1D20M2D14M2I25M1D16M2I2M1I10M8I3M4I1M4I4M51D1M1D5M6D5M2D20M13D5M1D43M3D6M2D2M1D10M9D10M1I10M178I1M2I1M2I3M
A0AAD9KZ40_taxID_27915_model_A	ref_2Y9W_Abisporus	163	594	925	1	351	2.124E-01	5.016E-01	5.029E-01	3.633E-01	558	7M2D2M1D1M2D20M1D8M2D4M12D4M1I21M1I3M1I5M19D8M1D1M5D11M1D2M13D5M11I4M3I4M7D1M2D4M2D1M5D2M1D3M2D2M2D11M1D2M1D1M5D2M10D3M1D13M6D11M1I3M1I29M15D8M7D12M2I6M186I1M
A0AAD9KZ40_taxID_27915_model_A	ref_A0A9N8ELP9_oomycota	156	640	925	19	384	1.581E-01	3.065E-01	3.351E-01	2.141E-01	660	1M1D1I2M2D4I6M3D3I1M2D1I13M1I13M2I1M23I1M13I1M19I1M1I6M22I8M2D10M1I1M12I1M2I3M1I2M16I8M1I1M3D38I1M2I16M1D2M5D5M6I5M12D27I4M19D4I1M1D1I1M3D3I4M2D1M1D1M1D1M2D4M5I1M5I1M78I7M1I21M1D1M79D3M8D2M3D2M2D2M1D8M14D2M4D8M2D5M1D1I2M
A5AZ52_taxID_29760_model_A	ref_5CE9_Jregia	104	442	607	1	339	5.502E-01	9.806E-01	9.834E-01	8.554E-01	341	184M1D6M1I59M1D37M1I51M
A5AZ52_taxID_29760_model_A	ref_1BT3_Ibatatas	104	441	607	1	336	5.431E-01	9.759E-01	9.788E-01	8.399E-01	341	12M1D2M1D27M1I208M1D36M4I48M
A5AZ52_taxID_29760_model_A	ref_1JS8_squid	148	436	607	1	262	3.693E-01	8.171E-01	8.200E-01	5.569E-01	310	29M2I14M2I6M1I6M1D28M1I1M1I12M1I12M1D5M9D4M2I1M11I1M1I2M3I1M2I2M1I11M2I8M14I6M1I9M1I4M1I33M2D5M1D3M1D9M1D2M4D4M1I4M1D19M
A5AZ52_taxID_29760_model_A	ref_8BBR_Vspinosum	145	443	607	2	324	3.967E-01	7.235E-01	7.826E-01	6.005E-01	367	1M1I12M1D36M15I39M1I1M1I10M2I6M60D4M1I11M11I14M2I14M1I23M6I6M1I26M2D8M3D10M1D11M1D18M1I1M1I4M
A5AZ52_taxID_29760_model_A	ref_PmTYR	147	437	607	1	287	3.599E-01	7.266E-01	7.290E-01	5.249E-01	339	30M5I13M1I1M1I3M2I7M1D24M1I3M1I15M2D1M2D1M1D2M3D4M11D5M3D1M11D8M9I6M7I1M1I11M2I6M3I3M5I4M4D6M5D11M6I34M1I9M5D8M7I22M
A5AZ52_taxID_29760_model_A	ref_2Y9W_Abisporus	148	435	607	1	351	3.907E-01	6.542E-01	7.880E-01	5.425E-01	377	10M2D35M2I4M6D2I8M1D28M17D15M4D9M1D3M14D5M19D4M7D10M7I1M6I15M1I11M5I24M2D1M2D36M2I7M14D14M1I22M
A5AZ52_taxID_29760_model_A	ref_I3D139_archaea	154	431	607	1	305	3.546E-01	6.785E-01	7.421E-01	5.059E-01	349	24M2D17M1I1M1I2M1I35M1I1M1I11M1D1M1D7M3D4M5D5M11D1M18D17M13I1M1I11M2I8M14I17M5I6M1I36M5D7M1D3M22D2I4M2D14M1I1M
A5AZ52_taxID_29760_model_A	ref_5M8L_human	106	407	607	8	361	3.595E-01	5.807E-01	6.854E-01	4.603E-01	410	7M20I7M4D1M7D2M1D1M5D34M23D22M5D4I2M1D51M1D1M2D4M9D1M1D5M1D1M24D7M6I1M2I7M5I2M1I11M2I6M2I3M6I4M4D6M13D12M6I32M2I9M7D7M
A5AZ52_taxID_29760_model_A	ref_A0A9N8ELP9_oomycota	103	443	607	8	411	3.857E-01	5.512E-01	6.560E-01	4.997E-01	478	3M3D33I41M9D17M2I1M6I32M1I18M1D5M12D7M44D9M1I6M16I20M14I5M3D13M1D1M2D36M1D2M1D3M2D6M21D6M4D3M2D3M9D1I2M13D5M1D1M2D15M1D2M5D5M
A0A8T8WN19_taxID_1448312_model_A	ref_PmTYR	1	289	289	4	285	8.014E-01	8.067E-01	8.231E-01	6.772E-01	320	26M10I14M10D26M1I17M2D19M11I13M2D6M2I14M1D1M1D20M10D8M5D47M2I8M7I13M4I11M1I8M
A0A8T8WN19_taxID_1448312_model_A	ref_1JS8_squid	1	289	289	3	261	7.296E-01	7.995E-01	8.110E-01	6.026E-01	314	30M7I10M3D2M8D27M1I16M1I1M2I2M1I1M1I1M2I4M20I13M6I16M1I24M1I9M2D1M2D33M2D10M10I4M1I4M1D2M1D1M1D1M1D3M2D1M1D1M1D9M1I8M
A0A8T8WN19_taxID_1448312_model_A	ref_I3D139_archaea	5	285	289	1	305	7.746E-01	7.362E-01	7.980E-01	6.419E-01	339	27M3I16M10D26M1I16M1I16M17I10M10D3M1D1M1D6M2D2M1D7M2D1M4D9M1I29M1D8M1I32M1I7M7I13M24D3M2D12M1I1M1I2M
A0A8T8WN19_taxID_1448312_model_A	ref_8BBR_Vspinosum	1	289	289	6	317	7.417E-01	6.673E-01	7.441E-01	5.878E-01	357	9M1D22M5I14M2I29M1D12M2I2M1I10M20I4M2I6M2D2M32D6M2D1M1D4M2D4M6D6M1D20M13D21M1I28M2D10M10I12M5D14M1I1M1I7M
A0A8T8WN19_taxID_1448312_model_A	ref_2Y9W_Abisporus	1	289	289	3	350	7.607E-01	6.361E-01	7.632E-01	5.742E-01	381	8M1D3M1D20M5I11M2D1M14D31M17D2M1D22M2I5M15D21I9M2D2M1D9M1D5M11D1M2D17M1D9M1D1M8D15M10D35M1I1M1I12M2D1I18M1D1M1D11M1I1M1I6M
A0A8T8WN19_taxID_1448312_model_A	ref_A0A9N8ELP9_oomycota	1	289	289	25	396	8.056E-01	5.791E-01	8.081E-01	6.290E-01	396	30M10D6I14M5D42M5I16M10I17M29D11M1D4M1D7M1D13M2D13M3D11M9D36M2D2M2D2M1D2M2D5M7D3M2I12M2D4M2D1M26D9M2D5M1I6M
A0A8T8WN19_taxID_1448312_model_A	ref_5M8L_human	1	263	289	49	361	7.457E-01	6.049E-01	8.170E-01	6.138E-01	336	28M2D5M16D17M15D30M1D11M1I5M1I1M1I12M12I6M1D16M1D1M6D1M3D11M5D21M10D8M13D45M2I11M1I1M4I5M1I5M
A0A8T8WN19_taxID_1448312_model_A	ref_5CE9_Jregia	1	289	289	47	331	7.017E-01	6.040E-01	7.132E-01	6.035E-01	348	31M5I14M1D1M12D29M1D16M2I1M1I2M3I4M21I6M1I1M14I4M1D2M3D7M15D10M2D8M14D17M7D32M1I8M13I11M3D15M1I1M1I6M
A0A8T8WN19_taxID_1448312_model_A	ref_1BT3_Ibatatas	1	289	289	48	330	6.981E-01	6.060E-01	7.143E-01	5.903E-01	347	31M5I14M1D1M12D29M1D16M2I1M1I2M3I4M21I6M1I1M13I7M3D7M15D10M2D8M14D17M7D32M3I1M1I4M13I11M3D15M1I8M
A0A3D8SZE8_taxID_565419_model_A	ref_I3D139_archaea	3	151	154	17	285	4.168E-01	2.486E-01	4.282E-01	2.689E-01	307	1M2D3M6D4M1D8M1I1M5I4M4D4M1D1I9M1D12M2D4M1I3M2I5M6D19I11M10D2M11D1M18D5M2D1I1M4D1M3D2I1M2D1M19D3M2D2M2D2M6D5M1I5M55D5I4M1D9M
A0A3D8SZE8_taxID_565419_model_A	ref_1JS8_squid	8	154	154	26	184	3.591E-01	2.450E-01	3.705E-01	2.700E-01	207	1M7D2M1D7M3D3I1M6D6I3M1D4M1I10M1I3M1D3M1D2M3D3I7M10D9I1M1D8M1D1I2M16D16I15M4D1M2D3M1D6M2I12M2D3I3M2I1M1I4M
A0A3D8SZE8_taxID_565419_model_A	ref_5CE9_Jregia	3	152	154	1	316	3.821E-01	2.081E-01	3.899E-01	2.745E-01	367	14M8D5M42D2I1M1D1I3M1D9M3D5I1M1I1M2D2I4M2I2M2D4M2I1M9I3M4D1M108D4M5I3M4I1M6I2M3I7M1D3M1D1M13D2M3D2M1D2M1D3M2D2M2D2I1M21D4I1M1D5M1I2M1I2M1I7M
A0A3D8SZE8_taxID_565419_model_A	ref_1BT3_Ibatatas	3	152	154	1	314	3.802E-01	2.088E-01	3.880E-01	2.651E-01	365	8M2D2M1D1I2M8D6M41D2I1M2D1I11M4D6I1M3D4I4M2I2M2D4M2I1M9I3M4D1M107D5M1I1M2I3M10I3M4I5M1D3M2D2M1D2M8D1M5D1M2D2M1D3M1D3M2D1I2M16D3I2M1D4M1D1I2M2I9M
A0A3D8SZE8_taxID_565419_model_A	ref_2Y9W_Abisporus	24	152	154	32	348	3.606E-01	1.895E-01	4.099E-01	2.653E-01	356	5M3I1M2I3M1D2M2D4M13D13M139D18I2M2D3M2I7M2I1M2D2I17M1D2M12D3M1D6M1I7M1D7M53D9I7M
A0A401PX39_taxID_75743_model_A	ref_PmTYR	279	522	945	1	287	2.477E-01	7.934E-01	9.318E-01	6.141E-01	291	30M1I13M10D43M2D19M1D17M8D9M1D1M2D19M10D8M6D15M1D29M1I7M6D21M1I8M1I1M
A0A401PX39_taxID_75743_model_A	ref_1JS8_squid	280	520	945	1	262	2.264E-01	7.778E-01	8.450E-01	5.401E-01	280	30M2D10M2D1M1D1M8D42M2I2M1I2M1I1M1I1M2I4M9I7M1I3M4D48M2D1M2D4M1D27M2D4M1D3M1D1M1D12M12D10M1I9M
A0A401PX39_taxID_75743_model_A	ref_1BT3_Ibatatas	75	692	945	1	336	2.548E-01	6.762E-01	6.781E-01	5.081E-01	694	3M121I4M1D9M1I2M4D15I5M1I3M1I1M1I4M25I39M4D13M13D26M1D1M1D15M1I2M2I4M3I4M10I5M4I1M2I8M3D1M1D4M16D10M2D8M14D5M1D11M7D4M1D27M3I15M7D13M1I8M164I1M1I2M2I2M
A0A401PX39_taxID_75743_model_A	ref_5CE9_Jregia	75	694	945	1	339	2.560E-01	6.722E-01	6.741E-01	5.030E-01	697	3M121I13M5D18I5M1I3M1I1M1I4M25I7M1D32M4D13M13D26M1D1M1D15M1I2M2I3M1I1M2I4M10I5M4I1M2I8M3D1M1D4M16D10M2D8M14D5M1D10M7D5M1D45M7D13M1I8M164I1M1I2M2I2M1I1M
A0A401PX39_taxID_75743_model_A	ref_I3D139_archaea	286	515	945	1	305	2.266E-01	6.794E-01	8.936E-01	5.597E-01	314	23M6D14M10D42M1I18M5I6M7D7M16D9M3D2M2D2M1D24M1D7M1D35M1I8M1D1M6D10M30D11M1I1M1I1M
A0A401PX39_taxID_75743_model_A	ref_5M8L_human	66	498	945	1	361	2.499E-01	6.223E-01	6.239E-01	4.854E-01	541	2M136I4M16I4M9I11M5D2I3M3I11M1D8I34M27D14M15D26M1D1M1D13M1I5M1I1M1I24M2I4M21D9M4D1M1D1M1D18M10D8M14D15M1D27M1I10M6D7M
A0A401PX39_taxID_75743_model_A	ref_8BBR_Vspinosum	279	693	945	3	324	2.292E-01	6.408E-01	6.465E-01	5.224E-01	511	12M1D19M4D13M2I24M2D16M2I2M1I10M8I2M1I1M6I5M50D2M2D4M5D6M2D1M1D18M13D5M1D42M2D7M3D11M1D1M9D10M1I10M164I1M2I1M2I3M
A0A401PX39_taxID_75743_model_A	ref_A0A9N8ELP9_oomycota	85	693	945	4	412	2.612E-01	5.773E-01	5.827E-01	5.313E-01	755	6M1I1M10I5M14I2M151I2M1D1I32M13D13M5D31M1D10M5I16M1D1M1D10M2I4M40D8M2D2M1D14M2D13M3D1M1D9M9D5M1D27M1D3M2D1M2D2M1D4M20D7M3D2M31D8M1D2M1D14M2D145I1M1D16I1M1I6M
A0A401PX39_taxID_75743_model_A	ref_2Y9W_Abisporus	280	743	945	1	321	1.390E-01	3.017E-01	3.211E-01	2.030E-01	607	5M11D3I1M1D11M1I2M1I2M5I1M3I1M26I1M12I6M2I2M2I2M11I3M4I1M10D19I17M1D15I2M2I1M1D19I6M1D1I2M20D43I10M11D1I11M12D1I2M3D3I1M2D19I6M5D4I14M1D3M1D2I8M2I6M1D33I6M27D11I2M31D17I2M1D15M1D8M1I2M1I8M20I1M2D2I7M
A0A0G2FI58_taxID_1214573_model_A	ref_PmTYR	76	376	377	1	286	5.936E-01	7.689E-01	7.739E-01	5.931E-01	344	29M13I14M10D26M1I16M1D1M1D9M1I2M1I6M6D2M6D1M3D7M6D17I11M2I2M2I16M10D9M2I19M1I33M2I5M2I2M8I13M4I12M2I8M
A0A0G2FI58_taxID_1214573_model_A	ref_1JS8_squid	77	376	377	1	262	5.599E-01	7.842E-01	7.869E-01	5.519E-01	327	31M10I11M3D2M8D27M1I19M2I13M1I1M1I7M3D19I6M4I1M2I5M1I22M7I1M1I11M3D33M3D9M3I1M11I10M1D1M1D4M3D1M2D11M2I8M
A0A0G2FI58_taxID_1214573_model_A	ref_I3D139_archaea	83	371	377	1	305	5.724E-01	6.971E-01	7.352E-01	5.518E-01	351	28M5I1M1I15M9D1M1D24M1I22M1I4M1I1M1I5M2D2M5D1M11D4M1D7M6I1M7D5I10M1I9M2I21M7I14M1I35M1I5M2I3M8I9M1D2M22D4M3D13M2I1M1I1M
A0A0G2FI58_taxID_1214573_model_A	ref_8BBR_Vspinosum	51	377	377	1	320	5.812E-01	6.679E-01	6.772E-01	5.259E-01	395	1M22I1M1I10M1D23M7I1M1I14M2I28M1D13M2I2M1I4M1I3M1I7M1D1M1D3M2D2M33D6M6I2M5D5I2M1D4M1D2M2D2I27M13D5M7I14M2I30M2D9M3I2M10I13M4D4M1D8M1I1M1I10M
A0A0G2FI58_taxID_1214573_model_A	ref_2Y9W_Abisporus	77	375	377	1	351	5.939E-01	6.336E-01	7.326E-01	5.151E-01	384	10M2D22M7I1M1I11M2D1M14D31M17D2M1D11M4D12M1D3M12D4M1I8M1D4M10D12I4M2D7M1D2I19M1D19M2D13M8D2M1D35M2I2M1I1M3I7M3D1I16M1D1I1M1D1M1D12M2I7M
A0A0G2FI58_taxID_1214573_model_A	ref_A0A9N8ELP9_oomycota	61	377	377	2	400	6.332E-01	5.845E-01	7.420E-01	5.309E-01	435	4M6D1I43M10D9I14M5D54M11D3I11M28D7M7D13I8M4I1M2I15M2D14M4I16M5D1M3D31M1D1M2D3M1D13M4D8M1D8M1D5M2D1M27D9M1D13M1D1M
A0A0G2FI58_taxID_1214573_model_A	ref_5CE9_Jregia	69	377	377	38	334	5.697E-01	6.284E-01	7.117E-01	5.307E-01	359	5M1I35M8I14M1D1M12D29M1D17M1I12M2I3M23I1M1I4M5D2M2D7M1D1M3D14M2D8M14D5M7I13M3D2M3D38M17I12M2D1M1D14M2I9M
A0A0G2FI58_taxID_1214573_model_A	ref_1BT3_Ibatatas	69	377	377	40	332	5.628E-01	6.260E-01	7.107E-01	5.338E-01	359	4M2I35M8I15M13D29M1D17M1I12M2I4M24I4M3D1M1D2M2D6M1D1M4D14M2D7M1D1M13D5M7I13M3D2M3D30M2I2M1I3M17I12M2D1M1D14M2I9M
A0A0G2FI58_taxID_1214573_model_A	ref_5M8L_human	68	348	377	35	361	5.767E-01	6.003E-01	7.577E-01	5.266E-01	359	4M3D2M1D1I32M2D6M13D19M15D30M1D11M1I5M1I1M1I5M2I6M5D1M7D1M1D9M1D3M13D13I15M1I17M10D10M6D20M1I33M1I7M1I4M8I3M1I5M
A0A9P4VWI8_taxID_1346257_model_A	ref_A0A9N8ELP9_oomycota	30	322	323	28	400	2.367E-01	1.979E-01	2.528E-01	2.272E-01	542	5M1I15M1D4M14D10I2M38D1M42D8M41D9M15I1M3I20M61D39I6M9D16I8M1I1M1I3M8D4M3D3I10M28D45I8M3D2M1D4M18I1M1I1M11I1M5I10M
A0A9P4VWI8_taxID_1346257_model_A	ref_PmTYR	12	323	323	16	279	2.052E-01	2.232E-01	2.373E-01	2.234E-01	463	10M42D18I2M6D25I1M1D2I4M5I2M1I1M26I1M2I5M2D2I1M42D52I21M11I5M2D24I5M2D1M11D3M4D1M3D6M2D2M2D6M3I2M1I1M2I1M1I4M8D2I1M2D2M1D5M1D1I1M2D4I1M1D1I5M13D16I8M1D4M3D1M
A0A1S3T908_taxID_3916_model_A	ref_5CE9_Jregia	67	409	568	1	339	5.857E-01	9.744E-01	9.773E-01	8.103E-01	344	20M1I8M1I4M1I9M1I58M1I109M1D130M
A0A1S3T908_taxID_3916_model_A	ref_1BT3_Ibatatas	67	408	568	1	336	5.786E-01	9.709E-01	9.738E-01	7.995E-01	344	12M1D20M1I1M1I9M2I57M1I109M1D78M3I48M
A0A1S3T908_taxID_3916_model_A	ref_1JS8_squid	115	403	568	1	262	3.926E-01	8.152E-01	8.181E-01	5.552E-01	311	29M2I14M2I8M2I4M1D28M1I1M1I12M1I12M1D5M9D7M5I2M11I1M3I1M1I11M1I8M14I6M1I13M3I33M2D1M1D3M1D3M2D11M4D4M1I4M1D19M
A0A1S3T908_taxID_3916_model_A	ref_8BBR_Vspinosum	111	409	568	1	324	4.246E-01	7.266E-01	7.866E-01	6.016E-01	367	1M1I13M1D36M16I40M2I10M2I6M59D16M11I14M1I14M1I23M7I6M1I26M2D1M1D6M3D10M1D11M1D20M1I3M
A0A1S3T908_taxID_3916_model_A	ref_PmTYR	114	404	568	1	287	3.851E-01	7.317E-01	7.340E-01	5.318E-01	339	30M5I15M2I2M3I4M1D28M1I2M1I15M2D1M2D1M1D2M3D4M11D5M3D1M11D5M1I2M10I6M5I2M1I11M1I6M3I3M5I4M4D6M5D12M7I42M5D8M7I22M
A0A1S3T908_taxID_3916_model_A	ref_2Y9W_Abisporus	115	402	568	1	351	4.165E-01	6.542E-01	7.883E-01	5.427E-01	376	10M2D36M1I4M5D2I2M1D1I34M17D15M4D9M1D3M14D5M19D4M6D10M11I1M1I27M5I6M1D6M1I11M2D1M1D37M1I7M14D12M1D1I1M1I22M
A0A1S3T908_taxID_3916_model_A	ref_I3D139_archaea	121	397	568	1	305	3.785E-01	6.810E-01	7.477E-01	5.052E-01	349	24M2D17M1I1M1I3M1I1M1I33M1I1M1I13M1D4M1D2M3D4M4D6M30D8M1I1M1I2M10I2M1I1M1I15M1I8M14I17M6I6M1I34M1D1M5D7M1D3M22D2I4M2D15M
A0A1S3T908_taxID_3916_model_A	ref_A0A9N8ELP9_oomycota	64	410	568	7	411	4.166E-01	5.598E-01	6.556E-01	5.104E-01	481	2M1I3M1D35I42M9D17M2I1M7I32M1I18M1D5M12D7M43D8M2I4M11I1M2I2M1I21M13I5M3D13M1D1M1D37M1D2M2D2M3D6M20D6M4D3M1D4M7D1M2D1M13D9M3D11M2D2M4D2M1D1I3M
A0A1S3T908_taxID_3916_model_A	ref_5M8L_human	69	374	568	7	361	3.863E-01	5.864E-01	6.838E-01	4.636E-01	413	8M22I7M4D1M6D2M1D2M5D34M23D22M6D6I1M1D51M1D1M2D4M9D1M1D5M1D1M23D8M8I8M4I2M1I11M1I6M2I4M6I3M4D6M13D12M7I32M1I5M1D4M6D7M
A0ABR3R320_taxID_749835_model_A	ref_I3D139_archaea	1	130	133	155	305	7.526E-01	3.514E-01	7.733E-01	6.749E-01	163	1M1D2M3D2M1D7M1I29M1D40M1I4M1D4M1I1M7I10M24D3M2D13M2I2M
A0ABR3R320_taxID_749835_model_A	ref_2Y9W_Abisporus	1	133	133	185	349	7.646E-01	3.128E-01	7.698E-01	6.709E-01	176	1M10D1M3D2M1D1M2I14M1D9M10D5M1I9M10D5M1D28M1I2M1I8M1D1M2D3M1D2I3M1I11M1D1I1M1D1M1D12M2I5M
A0ABR3R320_taxID_749835_model_A	ref_5CE9_Jregia	1	133	133	169	330	7.226E-01	3.037E-01	7.275E-01	6.675E-01	182	1M1D2M5D3I5M15D10M2D8M14D17M7D4M1D31M1I4M8I1M5I3M1I8M4D14M2I5M
A0ABR3R320_taxID_749835_model_A	ref_1BT3_Ibatatas	1	133	133	170	329	6.787E-01	2.915E-01	6.832E-01	6.049E-01	184	1M1D2M5D3I5M12D1M2D2M1D8M1D2M1D5M14D16M7D3M1D27M1I1M2I1M3I4M6I2M1I1M3I1M3I8M6D6M1I7M1I6M
A0ABR3R320_taxID_749835_model_A	ref_A0A9N8ELP9_oomycota	23	130	133	42	399	4.459E-01	1.741E-01	5.222E-01	3.818E-01	377	4M2D1M16D19M1I3M2I3M1I20M1D9M5D6I11M74D4I2M2D2M3D4M57D3I1M2D1I2M107D1I8M
A0ABX1P9S6_taxID_385972_model_A	ref_I3D139_archaea	93	429	446	1	305	6.136E-01	8.861E-01	8.889E-01	7.064E-01	355	45M4I46M1D1M1D18M16I11M7D14M1D13M1D1M1D8M1D22M15I12M13I5M1I26M1I11M1D16M1D9M1D2M1D1M1D26M
A0ABX1P9S6_taxID_385972_model_A	ref_PmTYR	86	436	446	1	287	5.792E-01	8.894E-01	8.924E-01	7.266E-01	369	29M7I17M6I4M2D42M2D1M2D2M1D17M10I13M1I4M3I2M3I16M1D4M1I16M10D10M10I14M14I36M1I21M26I21M
A0ABX1P9S6_taxID_385972_model_A	ref_1JS8_squid	87	435	446	1	262	5.167E-01	8.498E-01	8.528E-01	5.870E-01	358	30M2I1M2I16M3I54M1I1M1I1M2I4M20I6M2I6M1I1M1I1M8I8M1I2M2I28M16I12M10I35M5D10M6I12M17I3M1D1I1M2D2M1D19M
A0ABX1P9S6_taxID_385972_model_A	ref_A0A9N8ELP9_oomycota	82	441	446	18	405	6.115E-01	6.590E-01	7.483E-01	6.243E-01	447	33M1D5M7D1I17M4I1M4I1M1I32M1D12M1I1M1I16M9I11M3I5M1D1M18D1M7D37M2D11M1I1M1I2M10I18M2I1M3I37M5D2M1D9M13D1M1D15M16D18I2M10D11M3D13M1D5M
A0ABX1P9S6_taxID_385972_model_A	ref_5M8L_human	81	387	446	41	361	5.536E-01	6.750E-01	7.885E-01	6.007E-01	358	37M2D1M19D23M5D4I32M1D1M1D31M10I12M3I4M2I8M5D1M3D11M1D1M2D1M1D4M1I16M10D12M1I1M2I5M1D12M1I1M13I56M
A0ABX1P9S6_taxID_385972_model_A	ref_2Y9W_Abisporus	87	434	446	1	351	5.456E-01	6.788E-01	6.858E-01	5.326E-01	416	10M1D3M1D17M2I19M7D4I3M1I32M19D14M3D7M2I6M13D18I7M2I11M1I12M8D1M1D2M1D8M1D10M1D11M2D2I4M6I3M1D1I19M3I3M1I35M2I8M9D14M20I24M
A0ABX1P9S6_taxID_385972_model_A	ref_8BBR_Vspinosum	85	435	446	2	319	5.127E-01	6.882E-01	7.020E-01	5.325E-01	408	13M1D19M2I16M16I26M2D27M25I9M3D2M2D1M29D2M1D11M1D5M5D30M8D1I6M9I13M14I5M1I29M1D10M1I12M4D19I4M2I21M
A0ABX1P9S6_taxID_385972_model_A	ref_1BT3_Ibatatas	24	436	446	16	332	5.156E-01	6.723E-01	7.116E-01	5.623E-01	474	3M23D56I34M2I21M2I6M1D30M1D1M1D19M3I4M21I5M4I1M17I5M1D2M9D6M6D2M1D11M2D8M14D5M15I14M7I38M4I5M5I10M2D19I4M2I22M
A0ABX1P9S6_taxID_385972_model_A	ref_5CE9_Jregia	25	436	446	15	334	5.160E-01	6.649E-01	7.028E-01	5.408E-01	469	2M24D56I34M2I21M2I6M1D30M1D1M1D19M3I4M21I5M4I1M17I6M1D1M10D4M1D1M1D1M3D2M1D11M2D10M8D1I1M1D5M9I16M7I40M1I6M5I10M2D19I4M2I22M
A0A7D5G996_taxID_223891_model_A	ref_5CE9_Jregia	88	428	586	1	339	5.445E-01	9.276E-01	9.302E-01	7.234E-01	350	17M1I16M2I39M2I25M2D1M1D43M1D13M2D7M2I11M1I5M2D7M2I15M1D42M1I89M
A0A7D5G996_taxID_223891_model_A	ref_1BT3_Ibatatas	88	427	586	1	336	5.398E-01	9.267E-01	9.294E-01	7.174E-01	348	12M1D21M3I39M2I25M2D2M1D42M1D13M2D7M2I11M1I29M1D41M1I38M3I48M
A0A7D5G996_taxID_223891_model_A	ref_1JS8_squid	135	422	586	1	262	3.710E-01	7.893E-01	7.921E-01	5.200E-01	314	28M2I1M2I14M2I8M1D1M1D1M1D27M1I2M1I15M1I6M4D1M1D4M7D6M1I2M7I2M13I1M1I12M1I8M14I6M1I11M2I2M2I33M2D1M1D3M1D3M1D9M1D2M4D4M1I4M1D19M
A0A7D5G996_taxID_223891_model_A	ref_8BBR_Vspinosum	133	429	586	2	324	4.082E-01	7.195E-01	7.838E-01	5.805E-01	366	12M1D18M2I19M12I44M1I7M1D2M1D2M57D1M1D8M1I1M2I1M2I2M1I3M9I14M1I14M1I23M8I6M1I26M2D1M1D6M3D10M1D9M1D20M1I1M1I4M
A0A7D5G996_taxID_223891_model_A	ref_PmTYR	134	423	586	1	287	3.689E-01	7.231E-01	7.255E-01	5.267E-01	342	30M7I13M1I1M1I7M2D26M2I11M1D3M1D2M2D1M2D5M2D3M13D5M14D2M1I3M2I1M4I1M2I2M1D1I4M8I1M2I11M1I6M2I4M6I3M4D6M5D12M8I42M5D8M7I22M
A0A7D5G996_taxID_223891_model_A	ref_I3D139_archaea	141	416	586	1	305	3.639E-01	6.738E-01	7.417E-01	5.006E-01	350	43M1I1M1I4M1D5M1D25M2I10M1D2M2D9M2D3M7D5M29D2M1I15M13I1M2I11M1I8M14I17M7I6M1I34M1D1M5D7M1D3M22D2I4M2D15M
A0A7D5G996_taxID_223891_model_A	ref_2Y9W_Abisporus	135	421	586	1	351	3.957E-01	6.371E-01	7.672E-01	5.100E-01	376	12M1D1M1D15M1I3M1I17M1D1I1M5D1M1D35M17D11M1D3M4D10M17D1M1D3M18D4M6D8M1I5M2I1M11I2M1I23M5I24M2D40M1I6M14D14M1I22M
A0A7D5G996_taxID_223891_model_A	ref_A0A9N8ELP9_oomycota	87	429	586	8	411	3.997E-01	5.519E-01	6.524E-01	4.914E-01	477	3M2D36I7M1D36M7D17M2I1M3I55M14D6M43D9M2I5M1I1M15I21M13I5M3D15M1D37M1D2M2D2M3D6M20D6M4D3M1D4M7D1M2D1M13D9M3D12M1D2M5D1M1D1I3M
A0A7D5G996_taxID_223891_model_A	ref_5M8L_human	89	393	586	7	361	3.671E-01	5.730E-01	6.698E-01	4.397E-01	417	8M24I7M4D1M7D4M7D32M3D2M18D22M6D2I1M1D44M1D1M1D6M1D4M13D6M23D5M1I3M4D9I4M3I1M4I1M2I11M1I6M2I4M6I3M4D6M13D12M7I1M1I41M6D7M
A0A8W8K432_taxID_29159_model_A	ref_PmTYR	1	412	682	40	287	2.990E-01	6.856E-01	7.892E-01	6.020E-01	445	4M10D62M5D10M2D4M6D12M1D1M1D12M3I8M1D9M1D5M6D44M3I10M7I14M1I6M1I2M1I11M181I1M
A0A8W8K432_taxID_29159_model_A	ref_1JS8_squid	1	230	682	45	262	2.650E-01	6.579E-01	7.844E-01	5.364E-01	256	1M1D1M7D42M2I2M2I1M2I3M3I5M5I5M1D5M1D2M1D9M1I14M3I10M8I14M2D1M2D46M10I11M9D1M2D7M1I1M1I11M
A0A8W8K432_taxID_29159_model_A	ref_I3D139_archaea	1	225	682	40	305	2.715E-01	5.833E-01	7.775E-01	5.418E-01	294	4M10D44M1D2I1M2I14M1I7M10D6M12D10M3D2M2D3M1D9M3I10M7I12M1D9M1I27M3I10M6I15M29D3M1I6M1I2M1I3M
A0A8W8K432_taxID_29159_model_A	ref_8BBR_Vspinosum	1	232	682	45	321	2.700E-01	5.416E-01	7.378E-01	5.037E-01	306	4M1D26M2D16M4I1M2I1M1I2M3I4M4I11M5D1M43D1M1D2M1D5M5D7M2D10M3I13M6D25M1I40M8I1M1I10M8D13M2I10M
A0A8W8K432_taxID_29159_model_A	ref_2Y9W_Abisporus	1	229	682	46	351	2.830E-01	5.251E-01	7.765E-01	5.066E-01	322	1M16D31M19D19M2I5M1I6M13D4I10M2D1M8D1M2D6M8D1M1D2M1D3M2D2M1D11M2I10M1D3M1D19M10D34M4I2M1I7M1I3M4D16M4D10M1I10M
A0A8W8K432_taxID_29159_model_A	ref_5CE9_Jregia	1	249	682	14	339	2.587E-01	4.935E-01	6.530E-01	4.785E-01	378	1M74D3M13D26M1D1M1D14M1I2M2I1M2I1M1I3M2I4M5I6M1I1M6I7M10D4M7D1M2D12M1I12M7D4M1I6M1D10M7D31M2I11M13I9M6D4M1I6M1I14M13I3M
A0A8W8K432_taxID_29159_model_A	ref_5M8L_human	1	205	682	113	361	2.610E-01	4.807E-01	8.232E-01	5.452E-01	266	4M15D28M1D1M1D11M1I1M1I1M2I2M1I12M4D4M1D11M18D11M2D1M2D1M1D12M3I8M1D9M1D5M14D44M4I9M4I1M1I12M
A0A8W8K432_taxID_29159_model_A	ref_1BT3_Ibatatas	1	250	682	15	335	2.549E-01	4.926E-01	6.472E-01	4.836E-01	379	1M74D3M13D28M1D1M1D12M1I2M2I1M2I1M1I3M2I4M5I6M1I1M6I7M10D4M7D1M2D12M1I12M7D4M1I5M1D11M7D32M4I1M1I6M13I9M6D8M1I2M1I13M16I2M
A0A8W8K432_taxID_29159_model_A	ref_A0A9N8ELP9_oomycota	1	447	682	78	378	2.557E-01	3.923E-01	5.047E-01	3.572E-01	529	12M1I22M2D1M1D12M1I9M4I4M2D1M1D1M1D3M4D7M21D1M1D1M10D1M1D2M2D10M2D12M1I12M1I10M2I9M7D37M2D1M3D5M2D7M2D2I7M2I2M6I8M4D1I8M1D186I1M1I3M13D19I6M1I4M
Q3ZI71_taxID_242587_model_A	ref_5M8L_human	13	177	177	1	168	8.849E-01	4.422E-01	9.524E-01	8.463E-01	168	92M1D1M1D28M1D44M
Q3ZI71_taxID_242587_model_A	ref_5CE9_Jregia	4	177	177	1	141	5.539E-01	3.042E-01	6.842E-01	5.904E-01	199	3M14I6M20D7M4I1M7I1M2I1M4I35M21I22M5D5I1M1I39M
Q3ZI71_taxID_242587_model_A	ref_1BT3_Ibatatas	4	177	177	1	142	5.487E-01	3.042E-01	6.737E-01	5.968E-01	200	3M13I7M21D7M4I1M7I2M1I2M6I32M21I22M5D5I1M1I39M
Q3ZI71_taxID_242587_model_A	ref_2Y9W_Abisporus	1	177	177	131	345	3.999E-01	2.258E-01	4.017E-01	4.066E-01	291	2M2D2M3D2M19D2M18D1M1D1M2D1M4D6M1I9M1I2M1D9I2M2D2I1M6D36I7M6D7I1M14I4M3I11M2D2M1D3M1I9M4D24M1I4M42D1I3M1D2M
Q3ZI71_taxID_242587_model_A	ref_I3D139_archaea	1	177	177	97	304	3.602E-01	2.273E-01	3.619E-01	4.056E-01	297	1M2D2M1D2M5D4M39D11M1I1M1I5M1D1I1M2D8I2M5D40I4M28I8M1D7M1I2M6I6M3D24M1I3M2D2I1M56D3M3D1M
A0A2T4A4G0_taxID_983964_model_A	ref_2Y9W_Abisporus	55	434	652	1	351	4.988E-01	9.090E-01	9.113E-01	6.552E-01	392	54M1D8M1I24M28I15M1I26M1D9M1D11M1D18M1I4M1I16M2I1M2I1M1I39M1I2M2I20M8D69M1I22M
A0A2T4A4G0_taxID_983964_model_A	ref_1JS8_squid	55	435	652	1	262	3.651E-01	8.768E-01	8.800E-01	5.372E-01	394	10M2I19M2I18M5I31M28I7M18I1M2I12M4I11M11I1M1I8M2I3M10I7M15I2M1I4M3I12M1I9M13I17M2D33M4D2M1D5M13I12M5D3M1D1I22M
A0A2T4A4G0_taxID_983964_model_A	ref_PmTYR	54	438	652	1	287	3.594E-01	7.699E-01	7.724E-01	4.754E-01	410	11M1I1M1I18M5I14M6I5M2D2I24M28I7M18I1M2I11M1D5M1D6M3D4M9D12I7M1D4M1I3M1I2M5I9M15I10M1I11M1I7M1D1I6M3I9M6D10M2I40M1D3M9I13M7I19M1I1M1I1M
A0A2T4A4G0_taxID_983964_model_A	ref_I3D139_archaea	61	429	652	1	305	3.687E-01	7.481E-01	7.504E-01	4.525E-01	409	4M1I1M1I19M2D18M5I3M1D4M1I1M1I22M28I7M18I1M2I10M1D4M1I6M2D1M1D2M3D6M4D6I6M1D2I5M1I20M12I1M2I4M1D18M1I9M12I16M1I5M1I29M1D9M8I15M23D19M
A0A2T4A4G0_taxID_983964_model_A	ref_8BBR_Vspinosum	53	635	652	2	324	3.750E-01	7.231E-01	7.273E-01	4.827E-01	640	11M1I36M18I23M28I7M18I15M5I8M15I6M3D3M3D4M29D1M2D1M2D15M11I5M1I12M1D7M1I13M7D7I8M1D9M2I5M1I28M4D5M1D2M1D13I13M3D1I24M13I1M2I3M180I1M
A0A2T4A4G0_taxID_983964_model_A	ref_5CE9_Jregia	38	459	652	30	339	3.832E-01	7.029E-01	7.651E-01	4.752E-01	453	13M2I11M1I2M1I35M1D4M1D2I8M3I22M28I7M18I16M3I11M13I5M21I4M11I11M9D1M3D15M1D9M1I2M9D7I8M1D9M1D1M4D34M1D8M14I36M14I1M2I2M2I4M
A0A2T4A4G0_taxID_983964_model_A	ref_1BT3_Ibatatas	38	458	652	32	336	3.792E-01	7.038E-01	7.713E-01	4.810E-01	452	5M1D8M4I9M1I4M1I32M2D4M1D3I7M2I1M1I22M28I7M18I16M3I11M13I5M21I4M11I11M10D1M2D15M1D12M8D7I7M1D11M5D34M2I5M14I37M14I1M2I2M2I3M
A0A2T4A4G0_taxID_983964_model_A	ref_A0A9N8ELP9_oomycota	46	453	652	15	412	4.089E-01	6.274E-01	6.493E-01	4.672E-01	510	1M2D2I2M1I13M1I1M1I21M9D16M6I1M2I2M2I2M1I21M28I7M18I1M1I13M3I6M1D5M10D12I14M21D1M2D1M1D2M1D5M1I8M15I10M1I11M1D11M9I18M7D35M1D1M2D1M4D1M1D3M1D6M7D4I5M1D8M3D5M12D2M12D10M3D18M1I1M3I7M
A0A2T4A4G0_taxID_983964_model_A	ref_5M8L_human	39	406	652	28	361	3.509E-01	6.015E-01	6.465E-01	4.132E-01	437	12M4D1I13M1I3M1I16M5D1M18D18M1D6I4M4D27M28I7M18I15M1D3I6M2D6M7D10I21M8D4I8M13I4M3D1I8M2I9M1I14M3I9M14D9M1I1M1I37M2D7M1I1M3I1M5I8M
P00440_taxID_367110_model_A	ref_2Y9W_Abisporus	22	379	685	1	351	4.783E-01	9.179E-01	9.205E-01	6.882E-01	370	12M1I42M1D7M7I39M1I1M1I26M1D10M1D29M3I20M1I42M1D2I1M1I1M1I18M8D70M1I21M
P00440_taxID_367110_model_A	ref_1JS8_squid	22	380	685	1	262	3.486E-01	8.772E-01	8.804E-01	5.427E-01	371	10M3I19M2I18M5I6M6I32M19I1M2I12M4I11M12I1M1I8M2I2M10I1M1I7M11I2M1I4M3I11M1I10M13I17M2D33M3D2M2D6M12I3M1I8M5D26M
P00440_taxID_367110_model_A	ref_PmTYR	21	381	685	1	287	3.468E-01	7.783E-01	7.807E-01	4.772E-01	384	11M3I19M5I14M6I3M5I6M1I27M1I1M19I2M1I15M1I9M1I3M13D10I7M1D4M1I2M5I2M2I10M11I10M1I10M1I7M2D2I5M2I2M1I8M6D10M2I40M1D3M9I13M7I21M
P00440_taxID_367110_model_A	ref_8BBR_Vspinosum	19	658	685	1	324	3.625E-01	7.310E-01	7.331E-01	4.909E-01	693	12M2I36M24I30M19I13M1I1M4I7M1I1M2I1M13I6M3D3M3D3M2D3M25D1M2D1M2D3M1D11M7I25M1I13M7D7I8M1D9M2I5M1I28M4D5M1D3M12I14M2D23M18I1M3I4M252I1M
P00440_taxID_367110_model_A	ref_I3D139_archaea	28	374	685	1	305	3.502E-01	7.447E-01	7.470E-01	4.640E-01	388	4M1I1M2I19M2D18M5I6M4I4M3I28M19I1M2I10M1D4M1I6M2D4M4D4M5D8I6M1D2I4M1I4M2I3M1D13M8I1M2I4M1D17M1I10M12I16M1I6M1I28M1D9M7I1M1I14M23D19M
P00440_taxID_367110_model_A	ref_5CE9_Jregia	2	406	685	29	339	3.692E-01	7.110E-01	7.713E-01	4.862E-01	436	16M4I11M3I39M3I6M1I1M2I4M3I28M19I16M3I11M14I5M22I4M8I10M10D1M3D15M1D11M9D8I7M1D10M1D1M4D34M1D7M14I14M1D1I22M18I1M2I6M
P00440_taxID_367110_model_A	ref_1BT3_Ibatatas	2	405	685	31	336	3.651E-01	7.106E-01	7.769E-01	4.920E-01	434	15M5I11M3I39M3I6M1I1M2I3M3I29M19I16M3I10M14I6M22I4M8I10M11D1M2D15M1D11M9D8I7M1D11M5D34M2I5M14I14M1D1I22M18I1M2I5M
P00440_taxID_367110_model_A	ref_A0A9N8ELP9_oomycota	15	399	685	17	412	3.945E-01	6.293E-01	6.708E-01	4.494E-01	474	3M1I13M3I22M9D16M8I1M1I1M5I3M3I28M19I1M1I13M3I11M11D13I17M13D13M2D3I21M1I22M8I19M7D35M1D1M2D1M4D4M1D5M9D4I14M3D4M4D1M8D3M12D3M3D23M4I2M1I7M
P00440_taxID_367110_model_A	ref_5M8L_human	2	351	685	14	361	3.443E-01	6.165E-01	6.387E-01	4.127E-01	423	2M1D3M7D2M3D8M2D15M1I1M2I19M23D18M6I1M1I5M1D7M1I29M19I15M1D3I6M2D6M7D11I5M1I16M4D2I1M2D9M9I4M3D2I6M1I10M1I8M1D1I5M2I2M1I8M14D9M1I1M1I37M2D7M1I1M3I1M5I8M
A0A8H5LTK0_taxID_182062_model_A	ref_PmTYR	50	792	835	1	269	2.633E-01	7.274E-01	7.752E-01	5.553E-01	778	1M1I28M18I14M10D26M1I17M2D10M3I10M1I11M2D6M2D3M1D11M2I1M2I4M1I11M1I6M9D8M6D15M16I8M1I12M41I1M1I8M400I2M1I2M17I1M1D2I4M2D14M
A0A8H5LTK0_taxID_182062_model_A	ref_1JS8_squid	52	797	835	1	237	2.445E-01	7.141E-01	7.837E-01	4.544E-01	760	30M1I1M14I11M2D1M1D1M8D27M1I16M1I1M1I15M16I1M2I5M1I11M7I6M1I9M1I3M1I20M2D1M1D5M15I8M1I12M41I1M1I11M398I1M2I1M4I1M8I1M3I2M1I11M1I5M1I5M
A0A8H5LTK0_taxID_182062_model_A	ref_I3D139_archaea	58	804	835	1	286	2.495E-01	6.407E-01	6.798E-01	4.948E-01	805	27M11I16M10D26M1I19M1I8M3I6M7I8M10D5M2D2M7D1M1D11M4D5I8M1I8M1I1M1I12M1D6M1D9M16I1M1I6M1I12M41I1M1I8M400I1M2I2M2D17I1M4D4I1M2D1I13M4D2I2M10D2I7M
A0A8H5LTK0_taxID_182062_model_A	ref_5M8L_human	34	791	835	22	361	2.768E-01	6.030E-01	6.378E-01	4.892E-01	842	1M2D2I1M7D3I1M3D1M1D1M1D4M2I32M3D7M1D1I1M2D1I1M6D19M15D30M1D11M1I5M1I1M1I5M3I7M1I20M15D17M1I4M1I11M1I6M9D8M14D15M16I8M1I12M41I1M1I8M400I5M17I1M2I3M1D1M3D1I5M2I2M2I1M
A0A8H5LTK0_taxID_182062_model_A	ref_8BBR_Vspinosum	49	808	835	1	302	2.523E-01	6.080E-01	6.487E-01	4.593E-01	830	12M1D23M13I15M2I29M1D12M2I2M1I5M1I2M2I3M10I2M4I6M4D2M36D1M5D4M1D5M5D3M5I17M1I9M12D5M1D15M17I7M1I12M41I1M1I9M1I1M397I2M1I5M17I10M2I2M1I5M1D1I4M3D7I2M
A0A8H5LTK0_taxID_182062_model_A	ref_5CE9_Jregia	41	799	835	37	312	2.485E-01	5.710E-01	6.876E-01	4.300E-01	803	2M1I5M2I33M13I16M13D29M1D16M2I1M1I2M6I4M12I5M1I1M8I8M9D9M3D24M14D5M1D12M1D1I6M1D10I10M1I12M41I1M1I7M398I1M2I2M1I2M17I1M2I1M1I1M1I7M2I1M2I4M1D1I4M
A0A8H5LTK0_taxID_182062_model_A	ref_1BT3_Ibatatas	45	807	835	40	312	2.445E-01	5.665E-01	6.837E-01	4.340E-01	808	2M1I36M13I16M13D30M1D15M2I1M1I3M6I3M11I6M10I8M6D1M2D8M4D24M14D5M1D12M1D1I6M1D10I10M1I12M41I1M1I7M401I2M1I1M21I1M1I2M1I6M2I1M1I1M1I3M1D1I4M1D7I1M
A0A8H5LTK0_taxID_182062_model_A	ref_A0A9N8ELP9_oomycota	45	811	835	16	379	2.739E-01	5.252E-01	5.875E-01	4.764E-01	871	39M10D14I14M5D42M5I8M3I26M29D2M6D13M5I31M3D1M1D10M2I1M1I4M3I2M1I1M3D3I10M1I12M41I1M1I8M2I1M397I8M1I1M12I1M1D2I3M18D19M26D11I1M2D2I1M
A0A8H5LTK0_taxID_182062_model_A	ref_2Y9W_Abisporus	52	794	835	1	331	2.439E-01	5.382E-01	5.683E-01	4.191E-01	843	10M2D22M13I13M16D31M17D2M1D12M2D7M2D9M9D14I10M2D2M2D1M4D1M1D7M8D1M1D4M2I1M1D1I8M1I19M9D15M6D2I5M1D11I10M1I12M41I1M1I8M399I5M14D23I9M1I5M2D2I1M
A0A812BCK9_taxID_158019_model_A	ref_PmTYR	101	365	866	1	287	2.783E-01	8.035E-01	8.695E-01	5.864E-01	299	29M5I14M1D1M8D62M5D10M2D5M5D1M1D9M2D1M1D19M2D9M1D5M6D44M3I3M2I24M1I5M1I12M
A0A812BCK9_taxID_158019_model_A	ref_1JS8_squid	102	364	866	1	262	2.554E-01	7.973E-01	8.001E-01	5.495E-01	292	31M2I11M3D2M7D42M2I2M2I1M2I3M1I1M2I4M5I5M1D6M1D1M1D32M3I1M4I14M2D1M2D45M1I1M4I11M12D12M2I7M
A0A812BCK9_taxID_158019_model_A	ref_I3D139_archaea	108	359	866	1	305	2.571E-01	6.955E-01	8.336E-01	5.491E-01	322	24M2D18M9D40M1I3M2I17M1I8M10D4M3D1M10D9M4D2M1D2M1D19M3I1M3I12M1D9M1I27M3I4M1I21M29D9M2I5M
A0A812BCK9_taxID_158019_model_A	ref_1BT3_Ibatatas	58	382	866	14	335	2.748E-01	6.605E-01	6.885E-01	4.811E-01	384	12M2I5M1I4M1I2M1I2M2I3M2I2M3I50M12D28M1D2M1D11M1I2M2I1M2I4M3I4M5I6M1I1M6I7M5D1I4M16D10M2D11M8D20M7D32M4I1M1I3M1I1M1I1M6I9M7D5M1I5M1I13M14I2M
A0A812BCK9_taxID_158019_model_A	ref_5CE9_Jregia	59	382	866	12	339	2.764E-01	6.574E-01	6.868E-01	4.806E-01	386	7M1D4M2I2M1I7M1I1M2I2M2I2M1I4M2I51M12D28M1D1M1D15M2I1M2I1M1I1M1I1M2I4M5I6M1I1M6I7M5D1I4M16D10M2D11M8D20M7D32M2I7M1I1M1I1M6I9M7D5M1I5M1I14M2D14I1M
A0A812BCK9_taxID_158019_model_A	ref_8BBR_Vspinosum	96	366	866	1	321	2.597E-01	6.525E-01	7.700E-01	5.003E-01	348	1M2I1M1I34M1D12M1I2M2I24M1D1M1D15M4I1M2I1M1I1M1I1M2I4M4I11M5D1M43D1M1D3M1D4M6D5M2D23M7D25M1I39M1I1M2I1M1I8M1D1M7D1M1D13M2I9M
A0A812BCK9_taxID_158019_model_A	ref_5M8L_human	35	340	866	1	361	2.731E-01	6.266E-01	7.332E-01	5.156E-01	413	1M3D24I3M10D15I1M7D4I14M2D35M3D1M20D17M14D28M1D1M1D11M1I1M1I1M1I3M1I1M1I10M4D4M1D11M1D1M17D8M1D1M2D1M2D1M1D20M1D3M1D5M1D5M14D44M4I22M
A0A812BCK9_taxID_158019_model_A	ref_2Y9W_Abisporus	102	363	866	1	351	2.662E-01	6.219E-01	8.163E-01	5.077E-01	364	10M2D34M2D1M13D32M18D1M1D16M2I6M1I6M13D4I10M2D1M7D1M3D6M11D5M2D2M1D11M1D7M1D4M2D19M10D34M3I3M2I7M7D6M1D8M5D6M1I13M
A0A812BCK9_taxID_158019_model_A	ref_A0A9N8ELP9_oomycota	93	369	866	14	404	2.857E-01	5.804E-01	8.446E-01	5.654E-01	403	42M9D14M1D1M3D32M1D9M2I1M5I13M6D14M29D1M9D9M1D2M2D13M2D9M1I7M2I11M9D37M1D2M1D6M1D4M12D3M1D8M3D2M31D16M1D6M1D2M2D2I1M
A0AAV4PYT2_taxID_172846_model_A	ref_I3D139_archaea	7	106	117	1	223	6.655E-01	2.795E-01	7.690E-01	5.807E-01	225	20M1D3M3D17M9D1M2D3M1I29M1D1M1D1M81D1I4M1D1M5D1M2D3M1D5M1D3M16D2M1D4M
A0AAV4PYT2_taxID_172846_model_A	ref_1JS8_squid	6	106	117	6	193	6.367E-01	3.127E-01	7.250E-01	5.597E-01	192	37M13D3M1I4M1I31M44D2I1M2D4M10D3M1D8M20D2M1D4M
A0AAV4PYT2_taxID_172846_model_A	ref_PmTYR	6	112	117	7	224	6.483E-01	2.874E-01	7.065E-01	5.658E-01	230	23M3I15M9D1M2D3M1I30M75D2I2M1D3M14D1M3D3M1D1M5D4M1D3M5D1I1M7D5I5M
A0AAV4PYT2_taxID_172846_model_A	ref_5CE9_Jregia	6	106	117	50	274	6.613E-01	2.534E-01	7.554E-01	5.522E-01	229	27M1D1M1D13M13D25M1D1M1D10M58D3I1M1D2M3D1M23D1I2M1D5M1D2M13D1M10D2M1D4M
A0AAV4PYT2_taxID_172846_model_A	ref_1BT3_Ibatatas	6	112	117	51	270	6.582E-01	2.561E-01	7.156E-01	5.496E-01	228	27M1D1M1D13M13D25M1D3M1D7M59D2I2M1D2M1D2M22D3M1D5M1D3M12D1I1M7D5I5M
A0AAV4PYT2_taxID_172846_model_A	ref_8BBR_Vspinosum	6	106	117	9	252	6.424E-01	2.595E-01	7.328E-01	5.231E-01	249	5M1D22M1D1M1D12M1I4M1I20M2D10M102D3I5M23D3M1D5M1D3M15D2M1D4M
A0AAV4PYT2_taxID_172846_model_A	ref_5M8L_human	6	112	117	52	320	6.378E-01	2.351E-01	6.931E-01	5.228E-01	278	21M1D3M24D17M14D1M2D3M1I20M1D1M1D9M83D2I4M21D1M4D3M1D1M6D5M1D3M5D1I1M7D5I5M
A0AAV4PYT2_taxID_172846_model_A	ref_A0A9N8ELP9_oomycota	6	115	117	28	275	6.525E-01	2.113E-01	6.897E-01	5.408E-01	257	21M1D5M10D15M4D1M2D3M1I25M1D6M98D1I4M4D1M4D1M2D4M4D4M1D3M1D1I2M10D6I2M5D4M
A0AAV4PYT2_taxID_172846_model_A	ref_2Y9W_Abisporus	5	106	117	5	282	6.028E-01	2.356E-01	6.750E-01	4.995E-01	283	6M2D22M2D10M18D3M1I2M1D1M2D24M11D1M2D1M2D6M94D4I3M1D1M17D8M1D2M28D7M
A0ABU3LVZ0_taxID_2780140_model_A	ref_I3D139_archaea	7	352	356	1	305	7.602E-01	8.822E-01	8.850E-01	6.816E-01	365	28M2I19M1I1M1I1M1I44M1D18M5I12M2I3M2I1M6I12M6D12M4D1M2D16M7I12M14I7M1D36M6I1M1I5M1I1M1I2M6I17M1I9M5D27M3I1M
A0ABU3LVZ0_taxID_2780140_model_A	ref_PmTYR	1	356	356	2	284	6.904E-01	8.471E-01	8.613E-01	6.493E-01	369	28M9I18M2I1M2I3M1D42M2D1M2D18M1D13M18I11M1I9M1D1M2D24M3D14M9I18M1D28M5I1M3I7M8I16M26I12M3I5M
A0ABU3LVZ0_taxID_2780140_model_A	ref_1JS8_squid	1	356	356	1	261	6.361E-01	8.458E-01	8.518E-01	5.658E-01	364	31M6I18M2I49M1I2M2I3M2I4M10I6M19I9M4I26M7I11M15I10M2D1M2D4M1D32M1I4M1I6M14I12M17I5M2D2M1D11M1I1M1I6M
A0ABU3LVZ0_taxID_2780140_model_A	ref_A0A9N8ELP9_oomycota	1	356	356	23	396	7.198E-01	6.269E-01	7.217E-01	6.201E-01	447	33M9D4I16M8I34M1D12M1I1M2I13M1D1M1D11M20I5M27D3M3D1M1D12M1D2M2D17M5I10M1I2M10I13M9D5M1D29M1I18M5D1M1D16M2D4M14D21I2M13D22M
A0ABU3LVZ0_taxID_2780140_model_A	ref_8BBR_Vspinosum	1	356	356	4	317	6.233E-01	6.808E-01	7.031E-01	5.653E-01	423	11M1D22M4I14M15I26M1D1M1D13M1I2M2I1M1I1M2I3M11I8M16I5M3D3M36D1M3D12M6D6M2D13M7I6M13D6M14I46M2I1M3I8M8I1M2I13M1D17I4M1I12M1I1M1I1M1I6M
A0ABU3LVZ0_taxID_2780140_model_A	ref_2Y9W_Abisporus	1	356	356	1	351	6.467E-01	6.550E-01	6.565E-01	5.131E-01	433	10M1D3M1D17M2I2M2I17M5D2I37M18D1M1D12M2D9M2I4M10I3M8I7M5D5I2M1D1M3D7M2D1M3D11M10D1M2D2M1D3M1D14M6I9M2D6M2D9I12M10D5M1D28M6I1M2I5M2I4M6D4I17M20I16M1I1M1I6M
A0ABU3LVZ0_taxID_2780140_model_A	ref_5M8L_human	1	307	356	47	361	6.350E-01	6.268E-01	7.298E-01	5.640E-01	364	31M2D2M17D21M7D6I3M1D29M1D1M1D17M1I12M1D13M20I4M1I5M12D10M1D1M3D2M2D22M3D16M5D6I19M1D28M7I9M8I13M
A0ABU3LVZ0_taxID_2780140_model_A	ref_1BT3_Ibatatas	1	356	356	46	329	6.078E-01	6.419E-01	7.547E-01	5.684E-01	403	33M4I14M1D1M1D7M1I5M1I26M1D1M1D16M2I3M2I4M10I5M21I1M12I5M1D2M9D1M3D2M6D2M1D15M5I6M14D6M14I11M7D4M1D27M10I7M14I9M1I1M1D17I4M1I1M1I13M3I5M
A0ABU3LVZ0_taxID_2780140_model_A	ref_5CE9_Jregia	1	356	356	45	331	6.094E-01	6.381E-01	7.483E-01	5.673E-01	402	33M4I14M1D1M1D7M1I5M1I26M1D1M1D16M1I3M3I4M10I5M21I1M12I6M1D1M5D2M1D2M11D1M2D15M5I6M14D6M14I11M7D4M1D27M2I2M4I1M1I7M14I6M1I2M18I21M3I5M
A0A4Z2HMJ2_taxID_230148_model_A	ref_5M8L_human	74	333	334	1	333	7.372E-01	6.837E-01	9.421E-01	7.227E-01	334	46M1I77M1D112M1D1M2D1M60D1M2D1M3D3M2D1M1D6M1D8M1D2M
A0A4Z2HMJ2_taxID_230148_model_A	ref_PmTYR	120	334	334	1	280	4.495E-01	5.180E-01	6.798E-01	5.810E-01	329	29M28I17M2D6I33M1I1M1I11M1D2M2D3M1D1M1D12M1D7M1I5M2D5M1I2M10I2M1I13M1D1M50D1M6D3M2D2M1D1M1D11M2D1M39D2M2D1M
A0A4Z2HMJ2_taxID_230148_model_A	ref_I3D139_archaea	127	334	334	1	305	4.277E-01	4.646E-01	6.616E-01	5.409E-01	349	25M1I2M20I19M4D7I1M1I30M1I1M1I12M1D5M1D10M5I5M1I4M10D5M2D6M1I3M3I1M3I8M1D2M4D1M36D2M2D1M2D3M2D1M1D2M1D11M2D1M70D2M2D1M
A0A4Z2HMJ2_taxID_230148_model_A	ref_1JS8_squid	121	334	334	1	253	3.919E-01	4.892E-01	5.897E-01	5.047E-01	315	30M2I1M23I18M3D5I3M1I31M2I15M1I1M1I1M2I4M9I1M1I10M15I12M36D1M2D3M4D2M2D2M2D14M1D1M51D2M
A0A4Z2HMJ2_taxID_230148_model_A	ref_A0A9N8ELP9_oomycota	6	334	334	2	393	4.809E-01	3.981E-01	4.885E-01	5.159E-01	523	6M2D4M80I2M9I1M1I2M6I32M1D6M6D21I18M9I32M1I11M1I1M1I15M1D2M1D5M1I13M15D13M6D1I10M45D1M2D3M9D3M2D1M1D6M1D7M2D1M97D1M2D1M1D1M
A0A4Z2HMJ2_taxID_230148_model_A	ref_5CE9_Jregia	15	334	334	2	326	4.309E-01	4.252E-01	4.490E-01	4.726E-01	467	7M10I1M43I5M11D3I1M2D2I2M1I5M4I1M7I4M6I37M23I19M5D5I1M1I51M1I1M2I4M9I1M1I9M77D23I5M1D1I3M3D3M2D1M1D2M1D11M2D1M41D2M1D1M
A0A4Z2HMJ2_taxID_230148_model_A	ref_2Y9W_Abisporus	121	334	334	1	343	4.003E-01	3.833E-01	5.888E-01	4.476E-01	389	10M1D20M4I1M18I18M11D9I33M17D14M2D9M1I6M12D7I16M1I4M1D4I1M2I9M11D1M51D1M2D3M6D1M3D2M2D2M2D13M2D1M52D3M
A0A4Z2HMJ2_taxID_230148_model_A	ref_8BBR_Vspinosum	109	334	334	1	314	3.846E-01	3.946E-01	5.350E-01	4.414E-01	376	1M8I33M23I17M16I39M1D3M1I12M8I3M2I5M2D3M2D2M17D4I1M2D7M1D2M2D2M4D4M1D5M59D1M1D3M1D16M2D2M2D1M49D1M4D1M
A0A4Z2HMJ2_taxID_230148_model_A	ref_1BT3_Ibatatas	31	328	334	6	331	2.718E-01	2.707E-01	2.921E-01	2.128E-01	460	10M4D2I1M3D3I4M5I16M26D22I15M1D41I8M2D4I15M3I1M1D2I2M1I6M2D13I5M2D1M4D9M10D1I1M1D2M5D1I10M2I4M1D1I1M11D12I9M2I6M5I1M1I3M1D1I6M2D7M3D7M2D3M42D7I6M39D5I5M
A0A9W9HKK0_taxID_1132637_model_A	ref_2Y9W_Abisporus	32	430	841	1	351	3.803E-01	8.854E-01	8.878E-01	6.065E-01	417	12M3I31M18I15M1D3M1D32M1I29M6D8M1D26M1I1M1I1M1I2M2I4M13I17M6I1M4I1M1I12M2I2M5I27M1I1M3I18M8D40M1I2M1I2M1I9M1D15M1I22M
A0A9W9HKK0_taxID_1132637_model_A	ref_1JS8_squid	17	431	841	1	262	2.808E-01	8.618E-01	8.649E-01	5.187E-01	431	1M15I9M5I19M2I10M18I9M2D5I34M19I2M1I12M1D10M12I1M1I8M5I1M2I1M20I1M1I7M21I2M1I4M4I1M6I10M1I10M14I17M2D33M4D2M1D5M4I1M10I3M1I8M5D3M1D1I22M
A0A9W9HKK0_taxID_1132637_model_A	ref_8BBR_Vspinosum	29	631	841	1	324	3.064E-01	7.472E-01	7.493E-01	4.555E-01	646	10M1I2M2I1M1I32M18I3M16I30M18I23M16I6M1D5M2D5M1D2M2D1M22D5M1I2M1D3I1M2I13M17I7M2I7M5I11M1I10M1I3M7D7I8M1D9M2I6M1I27M4D8M3I1M10I13M1D1M1D23M22I1M2I3M171I2M
A0A9W9HKK0_taxID_1132637_model_A	ref_PmTYR	31	432	841	1	287	2.794E-01	7.624E-01	7.648E-01	4.635E-01	432	11M5I18M3I1M1I1M1I4M1I1M17I8M7D11I30M19I2M1I12M4D2M1D10M11D10I4M1I6M1I1M1I3M3I3M16I9M21I9M8I12M1I13M3I1M2I3M1D5M6D10M2I43M2I3M7I4M1I7M7I21M
A0A9W9HKK0_taxID_1132637_model_A	ref_I3D139_archaea	38	425	841	1	305	2.837E-01	7.313E-01	7.335E-01	4.295E-01	433	5M2I1M2I1M1I17M2D10M1I1M17I8M2D6I34M19I2M1I10M1D2M2D2M1D2M3D4M5D4M4D8I6M1D2I4M5I2M1I4M1I1M7I2M2I4M1I8M18I1M1I10M2I1M5I11M1I10M13I16M1I5M1I29M1D4M1I5M1I2M7I1M1I12M23D19M
A0A9W9HKK0_taxID_1132637_model_A	ref_5CE9_Jregia	6	465	841	30	339	3.041E-01	7.094E-01	7.721E-01	4.721E-01	488	14M2I1M9I11M5I31M15I10M1D4I1M1I35M18I13M2D12M14I5M37I4M17I10M8D8M2I1M1I12M1D11M9D9I7M1D10M1D1M4D34M1D6M1I1M15I38M24I2M2I3M2I1M
A0A9W9HKK0_taxID_1132637_model_A	ref_1BT3_Ibatatas	6	462	841	32	336	3.022E-01	7.108E-01	7.777E-01	4.673E-01	481	14M12I9M1I1M1I2M2I1M1I29M15I10M1D4I1M1I1M1D1I33M18I13M2D12M14I5M37I4M17I11M5D23M1D12M8D8I7M1D10M1D1M4D34M2I4M1I1M15I38M24I2M2I3M
A0A9W9HKK0_taxID_1132637_model_A	ref_A0A9N8ELP9_oomycota	24	633	841	15	412	3.232E-01	6.260E-01	6.475E-01	4.213E-01	706	18M5I22M9D10M15I5M2I1M10I32M16I1M1I2M2I12M1D4M1D5M11D13I10M1I1M1I5M1D1M13D6M6D9I5M1I9M20I7M1I1M8I23M9I19M7D35M1D1M2D1M3D11M11D5I7M1I5M3D5M10D1M1D2M13D3M3D24M10I1M2I5M1I1M175I1M
A0A9W9HKK0_taxID_1132637_model_A	ref_5M8L_human	7	402	841	18	361	2.851E-01	6.146E-01	6.430E-01	3.800E-01	464	2M7D3M2D8M3D3I2M5I12M2I2M2I1M1I16M2I4M2I1M3I4M4D12M8D9M10D10I2M1D30M18I15M2D3M1D1M2D6M8D12I10M4I3M2I9M5D11I8M19I6M1D6M8I13M1I12M3I1M1I9M14D9M1I1M1I45M1I3M7I3M1I5M
A0AAI9YQA0_taxID_1209916_model_A	ref_PmTYR	28	578	944	1	287	2.640E-01	8.380E-01	8.408E-01	6.485E-01	580	29M8I15M9D1M1D24M1I17M2D10M3I10M10I12M1D25M4I3M2I11M1I5M10D8M5D16M1D28M1I2M1I8M6I1M1I11M4I13M2I8M249I1M
A0AAI9YQA0_taxID_1209916_model_A	ref_1JS8_squid	29	327	944	1	262	2.383E-01	8.127E-01	8.156E-01	5.673E-01	326	32M5I10M2D1M1D1M8D27M1I16M1I1M2I2M1I1M1I1M5I4M20I12M4I12M7I2M1I5M1I8M1I14M1I9M2D1M2D5M1D27M3D9M12I10M2D1M1D2M1D1M3D2M1D11M1I8M
A0AAI9YQA0_taxID_1209916_model_A	ref_I3D139_archaea	35	322	944	1	305	2.505E-01	7.402E-01	7.841E-01	6.068E-01	344	28M1I15M10D26M1I19M1I8M3I6M16I9M10D4M2D4M4D13M2D5I4M1D6M1I8M1I21M1D40M1I7M6I1M1I11M23D4M3D13M2I2M
A0AAI9YQA0_taxID_1209916_model_A	ref_8BBR_Vspinosum	26	377	944	1	324	2.529E-01	6.960E-01	6.980E-01	5.516E-01	421	14M1D22M3I14M2I29M1D12M2I2M1I4M1I4M2I2M19I2M4I6M4D2M33D1M1D3M3D5M1D6M5D6I18M1I9M13D49M2D10M10I13M5D13M1I1M1I11M43I2M1I1M
A0AAI9YQA0_taxID_1209916_model_A	ref_A0A9N8ELP9_oomycota	17	635	944	11	412	2.906E-01	6.374E-01	6.535E-01	5.891E-01	724	45M9D3I14M5D42M5I8M3I10M8I1M1I15M29D6M2D11M6I18M1D14M3D11M9D6M1D29M2D2M2D5M3D3M8D3I21M30D9M1D15M80I3M161I8M52I1M
A0AAI9YQA0_taxID_1209916_model_A	ref_2Y9W_Abisporus	29	327	944	1	351	2.569E-01	6.518E-01	7.581E-01	5.499E-01	388	10M2D20M3I14M2D1M14D31M17D2M1D12M2D7M2D9M9D23I10M1D7M3D1M1D9M11D7I3M1D25M9D15M10D5M1D28M1I2M1I7M1D24M1D1M1D12M2I7M
A0AAI9YQA0_taxID_1209916_model_A	ref_5CE9_Jregia	18	376	944	35	339	2.488E-01	6.538E-01	7.222E-01	5.485E-01	410	9M1I34M3I14M1D1M12D29M1D16M2I1M1I1M1I1M5I4M21I7M13I4M1D2M9D10M1D16M1D8M14D16M7D6M1D27M1I7M13I12M2D1M1D14M2I11M42I3M
A0AAI9YQA0_taxID_1209916_model_A	ref_1BT3_Ibatatas	18	375	944	37	336	2.441E-01	6.473E-01	7.213E-01	5.520E-01	409	8M2I34M3I15M13D29M1D16M2I1M1I1M1I1M5I4M21I7M13I4M1D2M9D10M1D16M1D8M14D17M7D5M1D26M3I1M1I4M13I12M2D1M1D14M2I11M42I2M
A0AAI9YQA0_taxID_1209916_model_A	ref_5M8L_human	16	300	944	20	361	2.536E-01	6.314E-01	7.893E-01	5.550E-01	371	6M8D4M7D1I32M2D2M18D18M15D30M1D11M1I5M1I1M1I5M3I6M1D4M11I18M9D1M2D18M1I4M2I17M9D8M13D16M1D28M1I11M5I2M2I9M
A0A8H5MMZ8_taxID_751941_model_A	ref_PmTYR	1	234	234	5	243	7.547E-01	6.263E-01	7.576E-01	6.454E-01	267	5M1D1M3D15M1I1M7I15M9D1M1D23M1I17M2D9M1I12M7I11M1D7M8I19M1I2M2I16M9D9M6D16M1D27M
A0A8H5MMZ8_taxID_751941_model_A	ref_I3D139_archaea	3	234	234	1	237	7.323E-01	5.775E-01	7.404E-01	6.272E-01	260	4M3D17M1D3M2I16M9D2M1D23M1I19M1I7M1I7M12I1M1I7M1D1M9D4M2D7M3I1M1I13M1D13M1I28M1D36M
A0A8H5MMZ8_taxID_751941_model_A	ref_5M8L_human	1	233	234	50	338	7.637E-01	5.171E-01	7.696E-01	6.022E-01	305	7M4D16M2D3M18D18M15D29M1D11M1I5M1I1M1I4M1I10M7I21M2D1M4D4I3M1D30M1I7M11D8M13D16M1D27M
A0A8H5MMZ8_taxID_751941_model_A	ref_1JS8_squid	1	234	234	4	210	6.586E-01	5.953E-01	7.373E-01	5.509E-01	257	7M3D2M1D15M5I11M2D1M1D1M8D27M1I15M1I2M2I2M1I1M1I1M3I4M17I12M12I12M3I1M2I4M1I7M1I26M2D1M2D5M1D14M3D13M
A0A8H5MMZ8_taxID_751941_model_A	ref_8BBR_Vspinosum	1	234	234	7	268	6.867E-01	5.127E-01	6.893E-01	5.781E-01	300	6M2D15M1D6M1I15M2I28M1D13M2I1M2I1M1I1M1I1M3I3M19I3M1D1M2D5M5D2M2D1M22D5I2M5D1M2D3M3D6M1D5M2D1M2D2I28M12D4M1D39M1D2M1D3M
A0A8H5MMZ8_taxID_751941_model_A	ref_A0A9N8ELP9_oomycota	1	234	234	26	412	7.389E-01	4.414E-01	7.418E-01	5.810E-01	412	7M4D18M10D4I15M4D2M1D39M5I7M1I11M2I2M4I17M15D5I5M4D2M9D11M2I6M1I6M1D2M1D1I15M4D11M9D5M1D19M1D3M1D2M105D1M6D2M2D1M
A0A8H5MMZ8_taxID_751941_model_A	ref_2Y9W_Abisporus	1	234	234	4	295	6.747E-01	4.749E-01	6.771E-01	5.401E-01	320	8M5D1M1D17M3I11M2D1M14D31M17D2M1D22M3I6M13D15I10M2D2M1D4M6I11M8D1M1D14M1I6M1D11M9D15M10D6M1D27M
A0A8H5MMZ8_taxID_751941_model_A	ref_1BT3_Ibatatas	1	233	234	49	288	6.450E-01	4.662E-01	6.499E-01	5.560E-01	289	5M1D1M3D20M3I15M13D29M1D16M2I1M1I2M4I4M18I5M1I1M20I8M3D1M7D6M4D12M1D7M1D3M14D17M7D5M1D26M
A0A8H5MMZ8_taxID_751941_model_A	ref_5CE9_Jregia	1	234	234	48	288	6.414E-01	4.602E-01	6.438E-01	5.579E-01	291	5M1D1M3D20M3I15M13D29M1D16M2I1M1I1M1I1M3I4M18I5M1I1M20I8M13D6M2D1I12M2D10M14D16M7D6M1D27M
A0AAW1BHH7_taxID_8729_model_A	ref_5M8L_human	85	505	581	1	361	5.867E-01	9.381E-01	9.407E-01	7.198E-01	435	46M1I77M1D22M1D4M1D1M2D1M5D57M51I21M2D1M2D78M22I39M
A0AAW1BHH7_taxID_8729_model_A	ref_PmTYR	131	531	581	1	287	4.422E-01	8.712E-01	8.741E-01	6.308E-01	418	29M28I17M2D6I20M1D4M1D1M2D1M3D12M1D2M2D3M1D1M1D10M1D15M1D8M61I1M2I14M1D40M6I1M2I30M22I20M1I20M2I9M1I12M
A0AAW1BHH7_taxID_8729_model_A	ref_1JS8_squid	132	530	581	1	262	3.712E-01	7.830E-01	7.858E-01	5.078E-01	426	30M2I1M23I20M1D3I3M1I16M1D3M1D2M2D2M3D13M1I4M1I1M2I4M9I12M67I11M2I21M10I8M14I10M2D1M2D16M22I17M4D1M1D8M6I9M1D2M7D1M2D8M1I11M
A0AAW1BHH7_taxID_8729_model_A	ref_I3D139_archaea	138	524	581	1	305	3.905E-01	7.179E-01	7.201E-01	5.259E-01	446	25M1I2M20I20M3D6I1M1I17M1D4M1D1M2D1M3D16M1D2M1D10M5I10M9D5M2D7M3D61I11M1D4M2D4M1D14M10I8M12I1M1I7M1D8M1I11M22I41M25D1M3D8M1I7M
A0AAW1BHH7_taxID_8729_model_A	ref_A0A9N8ELP9_oomycota	76	542	581	8	410	4.455E-01	6.139E-01	6.275E-01	5.300E-01	576	2M3D29I2M9I4M6I32M1D6M6D21I18M7I1M2I16M1D4M1D1M2D1M3D3M1D9M1I1M1I15M1D23M10D53I7M4D4M7D1M1D5M1D21M1D6M9I6M1I2M1I1M8I13M9D17M22I17M4D4M2D7M13D2M1D9M2D4M30D8M2D16M3D3I6M
A0AAW1BHH7_taxID_8729_model_A	ref_5CE9_Jregia	76	535	581	1	339	4.039E-01	6.611E-01	6.629E-01	4.490E-01	532	4M1D6I7M16D5I8M4I1M7I2M1I1M6I33M5I1M18I22M4D4I2M1I17M1D3M1D2M2D1M5D19M1I1M2I4M9I1M1I5M1I1M75I7M11D1M1D3M1D1M3D2M2D10M2D6M2D3M6D4M4I6M13I11M7D17M22I16M1D4M1I5M6I9M5D11M1I9M1D7M
A0AAW1BHH7_taxID_8729_model_A	ref_1BT3_Ibatatas	77	535	581	1	336	4.004E-01	6.616E-01	6.634E-01	4.557E-01	532	3M2D6I7M18D5I8M4I1M7I2M1I1M7I33M23I22M4D4I2M1I17M1D4M1D1M2D1M5D19M1I1M2I4M10I6M1I1M75I7M11D4M6D2M1D11M2D6M3D3M5D4M4I6M13I12M7D16M22I16M1I2M2I5M6I9M5D9M1I18M
A0AAW1BHH7_taxID_8729_model_A	ref_8BBR_Vspinosum	120	538	581	1	324	3.906E-01	6.676E-01	6.695E-01	4.645E-01	485	1M9I13M1D19M23I17M16I13M1D4M1D1M2D1M5D14M1I12M7I2M5I10M1D1I1M22D49I1M3D2I9M1D1M5D1I4M1D5M4D8M2D17M2D4M5D4M4I5M13I16M1I11M22I17M3D11M3I10M7D11M1I15M3I1M
A0AAW1BHH7_taxID_8729_model_A	ref_2Y9W_Abisporus	132	529	581	1	351	3.886E-01	6.163E-01	6.178E-01	4.589E-01	491	10M1D3M1D16M5I1M18I18M11D9I19M1D3M1D2M2D1M22D13M3D8M2I6M13D8I10M1D8M1D57I1M2I9M8D1M1D2M1D3M1D3M1D11M1D6M1D11M1I5M14I10M10D17M22I20M1I3M1I4M1D1M3D1M4D3M1D8M3D21M
A0A7S2JHQ4_taxID_1333877_model_A	ref_PmTYR	552	850	905	1	287	2.666E-01	8.033E-01	8.060E-01	5.583E-01	333	43M1D2M5D4M1D24M1I2M1I31M1I1M13I1M2I4M5I10M2D8M1D14M1D1M1D5M1I13M10D8M6D8M2I2M2I34M2I1M1I7M6D18M7I4M6I1M1I6M1I1M
A0A7S2JHQ4_taxID_1333877_model_A	ref_1JS8_squid	553	847	905	1	262	2.427E-01	7.882E-01	7.910E-01	5.013E-01	326	29M3D10M3D2M8D3M1I1M2I25M1I1M1I13M3I2M2I1M1I2M3I4M30I14M3I10M1I7M1I29M1I5M1D38M1I5M3D2M1D9M12D8M8I4M5I7M
A0A7S2JHQ4_taxID_1333877_model_A	ref_I3D139_archaea	559	841	905	1	305	2.417E-01	6.844E-01	7.369E-01	5.384E-01	358	22M7D16M6D5M1D24M1I1M1I13M3I16M27I10M10D4M2D2M6D12M2D1M1D2M2D10M1I17M1D9M1I2M2I7M1I26M2I1M1I7M7D10M30D8M7I4M6I1M
A0A7S2JHQ4_taxID_1333877_model_A	ref_8BBR_Vspinosum	523	849	905	1	320	2.453E-01	6.484E-01	6.579E-01	4.728E-01	411	1M1I1M26I11M1D18M1D1M3D1M1D14M5I40M4I2M1I10M30I2M4I5M2D1M2D1M37D2M2D6M1D5M3D1M2D7M1D19M13D5M1D8M2I2M2I6M1I30M1I7M1D4M2D5M11D9M8I1M1I1M5I10M
A0A7S2JHQ4_taxID_1333877_model_A	ref_A0A9N8ELP9_oomycota	35	853	905	1	403	2.806E-01	5.907E-01	6.044E-01	5.135E-01	948	10M7D503I33M1D1M13D15M2D31M1I12M4I1M3I10M1I2M11I3M3I3M5I15M29D2M4D12M1D3M1D14M1D14M4D8M1I4M6D42M1D2M1D3M22D6M3D2M31D12M4I4M6I1M1I8M2D2I1M
A0A7S2JHQ4_taxID_1333877_model_A	ref_5CE9_Jregia	463	849	905	14	334	2.472E-01	6.209E-01	6.547E-01	4.777E-01	466	5M17D70I4M1I1M5I32M1D1M4D15M10D46M2I2M2I1M1I2M3I4M31I6M12I8M3D6M13D1M2D10M2D8M14D5M1D8M1I4M4D34M2I1M1I17M8D9M8I3M6I9M
A0A7S2JHQ4_taxID_1333877_model_A	ref_1BT3_Ibatatas	464	849	905	14	333	2.447E-01	6.204E-01	6.507E-01	4.766E-01	466	6M18D68I4M1I1M6I31M1D1M4D15M10D46M2I2M2I1M1I2M3I4M31I6M12I8M3D6M13D1M2D10M2D8M14D5M1D8M1I4M4D34M5I1M1I14M8D9M7I4M6I9M
A0A7S2JHQ4_taxID_1333877_model_A	ref_5M8L_human	536	820	905	30	360	2.532E-01	6.025E-01	7.503E-01	4.919E-01	367	45M28D15M11D5M1D39M1I2M1I1M1I2M1I1M1I9M15I1M1I4M5I19M1D1M12D11M1D1M2D1M1D1M1D5M1I13M10D8M14D8M2I2M2I34M4I15M1I6M
A0A7S2JHQ4_taxID_1333877_model_A	ref_2Y9W_Abisporus	553	847	905	1	351	2.483E-01	6.069E-01	7.147E-01	4.827E-01	406	10M2D18M1D1M4D10M2D1M14D4M1I1M2I26M17D14M1D6M2I3M1I1M2I5M15I2M13D13I9M2D2M2D1M2D11M8D1M1D1M2D3M1D3M1D20M1D1M9D12M1I4M7D35M5I6M16D10M5D9M7I3M6I7M
A0A0V1AAJ2_taxID_990121_model_A	ref_PmTYR	153	454	838	1	286	2.928E-01	8.261E-01	8.315E-01	6.085E-01	333	29M5I11M2D4M7D17M33I45M5D9M2D8M2D1I15M1D20M1D1M1D4M4D5M6D45M2I2M2I6M1I1M1I21M1I1M1I11M
A0A0V1AAJ2_taxID_990121_model_A	ref_1JS8_squid	154	454	838	1	262	2.647E-01	8.028E-01	8.057E-01	5.311E-01	329	30M2I12M2D3M8D17M33I26M4I1M2I3M3I5M5I5M1D8M3I10M1I1M1I22M4I15M2D1M2D34M1D11M2I1M5I10M12D7M1I1M1I11M
A0A0V1AAJ2_taxID_990121_model_A	ref_I3D139_archaea	160	448	838	1	305	2.708E-01	7.112E-01	7.506E-01	5.461E-01	354	24M2D14M2D3M7D18M33I27M2I2M1I13M1I8M10D6M2D1M6D13M3D1I3M1D4M1D17M4I5M1D7M1D9M1I24M1I3M1I4M1I6M1I1M1I14M29D9M1I5M
A0A0V1AAJ2_taxID_990121_model_A	ref_1BT3_Ibatatas	31	477	838	4	335	2.857E-01	6.697E-01	6.789E-01	4.699E-01	516	1M1D2I3M1D1I2M3D60I4M5D5I8M2I3M1I2M1I7M19I46M3D4M9D17M33I10M2D15M1I1M2I1M2I4M3I4M5I6M12I8M9D5M7D2M2D7M1D3M1D7M1D2M9D8M1D11M7D33M4I1M1I3M1I2M8I8M7D4M1I6M1I13M19I2M
A0A0V1AAJ2_taxID_990121_model_A	ref_5CE9_Jregia	31	477	838	4	339	2.877E-01	6.646E-01	6.715E-01	4.596E-01	515	1M1D2I3M1I2M3D61I3M5D5I9M1I2M2I2M1I7M18I47M3D4M9D16M33I10M1D1M1D17M2I1M2I1M1I2M3I4M5I6M12I8M10D4M7D2M1D8M1D3M1D10M10D8M1D10M7D35M1I2M1I3M1I2M8I8M7D4M1I6M1I14M17I3M
A0A0V1AAJ2_taxID_990121_model_A	ref_5M8L_human	35	430	838	1	361	2.899E-01	6.407E-01	6.424E-01	5.032E-01	492	9M4D72I1M2I1M2D3I2M2I8M2D4M5D8I4M1D32M4D1M19D14M2D3M12D19M33I9M2D13M1I2M2I3M1I1M1I10M4D4M1D14M14D1I12M2D1M1D2M1D19M2D6M4D5M14D42M1I3M1I1M1I8M1I1M1I11M
A0A0V1AAJ2_taxID_990121_model_A	ref_8BBR_Vspinosum	153	456	838	3	321	2.703E-01	6.577E-01	6.994E-01	4.861E-01	376	12M1D33M2I3M1I15M33I10M2D15M4I2M1I10M4I2M4I6M4D1M37D2M2D1M1D10M5D7M1D22M9D7M1D15M1I34M1I6M1I1M2I1M1I10M9D12M2I10M
A0A0V1AAJ2_taxID_990121_model_A	ref_2Y9W_Abisporus	154	453	838	1	351	2.787E-01	6.313E-01	7.313E-01	4.901E-01	398	10M2D35M15D20M33I10M1D1M18D19M2I5M1I6M13D4I10M2D1M3D1M2D11M8D1M1D2M1D3M1D3M1D8M1D12M1D2M4D2M1D14M10D34M3I2M2I6M1I4M3D1M4D3M1D8M5D9M1I10M
A0A0V1AAJ2_taxID_990121_model_A	ref_A0A9N8ELP9_oomycota	129	477	838	15	411	2.980E-01	5.857E-01	6.852E-01	5.540E-01	476	4M2D19I30M1D5M8D11M2D3M2D17M33I15M1D10M2I1M5I13M6D14M29D2M4D16M1D12M1D1M1D10M1I5M1D12M9D37M1D3M1D2M1D7M11D3M1D9M2D2M32D13M1D11M9D19I2M
A0A0C3LFR5_taxID_1051891_model_A	ref_2Y9W_Abisporus	18	350	618	1	351	5.095E-01	8.877E-01	9.374E-01	7.407E-01	360	28M9D2M1D14M1D7M3I40M1D22M6D58M3I43M1D1I1M1I18M8D83M1I8M
A0A0C3LFR5_taxID_1051891_model_A	ref_1JS8_squid	18	351	618	1	262	3.702E-01	8.456E-01	8.486E-01	5.485E-01	356	10M2I16M7D2M1D11M6I6M1I32M16I1M2I12M1D7M1I3M13I10M2I1M7I1M1I7M14I6M3I11M1I10M11I17M2D33M4D2M1D5M13I12M6D16M1I9M
A0A0C3LFR5_taxID_1051891_model_A	ref_PmTYR	17	352	618	1	287	3.726E-01	7.625E-01	7.649E-01	4.958E-01	367	11M2I16M4D2M1D10M8I38M16I1M2I12M4D9M1I2M14D12I6M1D4M1I5M4I9M11I1M1I6M1I3M1I10M1I18M1I6M6D10M2I40M1D3M9I13M6I12M1I9M
A0A0C3LFR5_taxID_1051891_model_A	ref_I3D139_archaea	24	344	618	1	305	3.706E-01	7.184E-01	7.206E-01	4.697E-01	376	4M2I16M11D2M1D10M5I1M1I8M2I29M16I1M2I10M1D2M2D2M1D1M1D1M2D4M3D1M1D3M5D9I6M1D2I11M1D13M10I1M1I22M1I10M10I16M1I5M1I29M1D9M1I1M3I2M4I12M24D18M
A0A0C3LFR5_taxID_1051891_model_A	ref_8BBR_Vspinosum	16	592	618	2	324	3.781E-01	6.933E-01	6.973E-01	4.910E-01	646	12M1I17M9D2M1D6M20I30M16I22M1I1M16I6M3D3M3D3M3D1M29D1M2D3M1D11M9I9M1I8M1D7M1I11M8D4M5I15M2I5M1I28M4D5M1D2M1D13I13M3D14M1I9M15I1M2I3M3I1M216I1M
A0A0C3LFR5_taxID_1051891_model_A	ref_5CE9_Jregia	1	376	618	31	339	3.870E-01	6.765E-01	7.382E-01	4.893E-01	418	8M1I6M2I10M1I1M1I15M9D2M1D8M1D3M3I11M3I28M16I13M2D9M1I3M14I5M19I4M10I10M10D1M3D15M1D10M8D4M4I16M1D1M4D34M1D8M14I12M1D16M1I8M17I2M2I4M
A0A0C3LFR5_taxID_1051891_model_A	ref_1BT3_Ibatatas	1	375	618	33	336	3.834E-01	6.767E-01	7.438E-01	4.879E-01	415	12M2I1M2I10M1I3M1I13M9D2M1D8M1D3M3I11M3I28M16I13M2D9M1I2M14I6M19I4M9I10M11D1M1D16M1D10M8D4M4I18M4D1M1D32M2I5M14I14M1D15M1I8M17I2M2I3M
A0A0C3LFR5_taxID_1051891_model_A	ref_A0A9N8ELP9_oomycota	11	370	618	16	412	4.137E-01	6.005E-01	6.798E-01	4.648E-01	464	1M1D1I15M1I3M1I13M18D1M1D11M8I1M2I4M2I2M1I26M16I1M1I13M1D4M1D6M11D13I15M15D12M2D3I1M1I10M1I10M1I11M1D11M3I1M4I17M7D35M1D1M2D1M4D4M1D6M8D3I14M3D4M14D2M11D10M1D2M1D16M4I2M1I7M
A0A0C3LFR5_taxID_1051891_model_A	ref_5M8L_human	1	322	618	15	361	3.594E-01	5.887E-01	6.539E-01	4.342E-01	413	1M2D2M7D2M3D8M3D14M1I3M1I13M32D2M1D10M1D7I4M4D1I34M16I15M2D3M1D1M2D6M8D13I15M1D3M5D2I1M2D9M11I5M1D7M1I10M1I18M1I6M14D9M1I1M1I37M1D3M1D4M1I1M3I1M5I8M
