accession	structural_cluster	vector	kingdom	phylum	genus
A0A010Q4B9	cluster_1	~-F-W-E-G-Y-L-S-F-H--	Fungi	Ascomycota	Colletotrichum
A0A010QAA5	cluster_1	~-F-W-Q-G-Y-P-S-F-H--	Fungi	Ascomycota	Colletotrichum
A0A010R9A2	cluster_1	~-F-W-Q-G-Y-V-S-F-H--	Fungi	Ascomycota	Colletotrichum
A0A010RL70	cluster_1	~-F-W-Q-G-Y-V-S-F-H--	Fungi	Ascomycota	Colletotrichum
A0A010SMB4	cluster_1	~-F-W-G-T-Y-P-S-F-H--	Fungi	Ascomycota	Colletotrichum
A0A017SD63	cluster_1	~-F-W-Q-G-Y-F-S-F-H--	Fungi	Ascomycota	Aspergillus
A0A066X6L4	cluster_1	~-F-W-G-T-Y-V-S-F-H--	Fungi	Ascomycota	Colletotrichum
A0A066XQD0	cluster_1	~-F-W-Q-G-Y-V-S-F-H--	Fungi	Ascomycota	Colletotrichum
A0A067TCE7	cluster_1	~-F-W-E-G-Y-L-S-F-H--	Fungi	Basidiomycota	Galerina
A0A072PCR1	cluster_1	~-F-W-Q-G-Y-V-S-F-H--	Fungi	Ascomycota	Exophiala
A0A074VGZ0	cluster_1	~-F-W-Q-G-Y-V-S-F-H--	Fungi	Ascomycota	Aureobasidium
A0A074WJS2	cluster_1	~-F-W-Q-T-Y-I-S-F-H--	Fungi	Ascomycota	Aureobasidium
A0A074WWD6	cluster_1	~-F-W-Q-G-Y-V-S-F-H--	Fungi	Ascomycota	Aureobasidium
A0A074XNA1	cluster_1	~-F-W-Q-G-Y-V-S-F-H--	Fungi	Ascomycota	Aureobasidium
A0A074YH07	cluster_1	~-F-W-Q-G-Y-V-S-F-H--	Fungi	Ascomycota	Aureobasidium
A0A084AF08	cluster_1	~-F-W-Q-S-Y-V-S-F-H--	Fungi	Ascomycota	Stachybotrys
A0A084AR48	cluster_1	~-F-W-E-G-Y-L-S-F-H--	Fungi	Ascomycota	Stachybotrys
A0A084G6B5	cluster_1	~-F-W-Q-G-Y-P-S-F-H--	Fungi	Ascomycota	Pseudallescheria
A0A084GCK1	cluster_1	~-L-S-L-S-Y-F-S-F-H--	Fungi	Ascomycota	Pseudallescheria
A0A084QX23	cluster_1	~-F-W-Q-S-Y-V-S-F-H--	Fungi	Ascomycota	Stachybotrys
A0A084QY85	cluster_1	~-F-W-E-G-Y-L-S-F-H--	Fungi	Ascomycota	Stachybotrys
A0A086SV08	cluster_1	~-F-W-Q-G-Y-V-S-F-H--	Fungi	Ascomycota	Hapsidospora
A0A090CL68	cluster_1	~-F-W-E-G-Y-L-S-F-H--	Fungi	Ascomycota	Podospora
A0A093V4K7	cluster_1	~-F-W-Q-G-Y-V-S-F-H--	Fungi	Ascomycota	Talaromyces
A0A098E091	cluster_1	~-F-W-Q-G-Y-L-S-F-H--	Fungi	Ascomycota	Gibberella
A0A0A1V7Z8	cluster_3	~-F-W-E-N-Y-A-S-F-H-C	Fungi	Ascomycota	Metarhizium
A0A0A2JEJ9	cluster_1	~-F-W-Q-G-Y-V-S-F-H--	Fungi	Ascomycota	Penicillium
A0A0A2KL20	cluster_1	~-F-W-Q-G-Y-V-S-F-H--	Fungi	Ascomycota	Penicillium
A0A0B4FP45	cluster_3	~-F-W-E-N-Y-A-S-F-H-C	Fungi	Ascomycota	Metarhizium
A0A0B4HCA4	cluster_3	~-F-W-E-N-Y-A-S-F-H-C	Fungi	Ascomycota	Metarhizium
A0A0B7A255	cluster_43	~-F-W-E-N-Y-L-S-F-H-C	Animals	Mollusca	Arion
A0A0B7FY08	cluster_1	~-F-W-E-T-Y-P-S-F-H--	Fungi	Basidiomycota	Thanatephorus
A0A0C2F7M2	cluster_1	~-L-A-L-T-Y-P-S-F-H--	Fungi	Ascomycota	Sporothrix
A0A0C2XG69	cluster_1	~-F-W-D-D-Y-T-A-F-H--	Fungi	Basidiomycota	Serendipita
A0A0C3B7P4	cluster_1	~-F-W-D-N-Y-T-A-F-H--	Fungi	Basidiomycota	Serendipita
A0A0C3CRE9	cluster_1	~-F-W-E-D-Y-F-S-F-H--	Fungi	Basidiomycota	Hebeloma
A0A0C3DMT8	cluster_1	~-F-W-Q-G-Y-V-S-F-H--	Fungi	Ascomycota	Oidiodendron
A0A0C4DWW6	cluster_1	~-F-W-E-G-Y-A-S-F-H--	Fungi	Ascomycota	Magnaporthiopsis
A0A0C4DY08	cluster_1	~-F-H-E-A-Y-K-S-F-H--	Fungi	Ascomycota	Magnaporthiopsis
A0A0C4DYF2	cluster_1	~-L-A-L-N-Y-F-S-F-H--	Fungi	Ascomycota	Magnaporthiopsis
A0A0C9USP9	cluster_1	~-F-W-E-G-Y-L-S-F-H--	Fungi	Basidiomycota	Sphaerobolus
A0A0C9UT30	cluster_1	~-F-W-E-G-Y-L-S-F-H--	Fungi	Basidiomycota	Sphaerobolus
A0A0C9VHR2	cluster_1	~-F-W-E-G-Y-L-N-F-H--	Fungi	Basidiomycota	Sphaerobolus
A0A0C9WDK0	cluster_3	~-F-W-E-N-Y-P-A-F-H-C	Fungi	Basidiomycota	Hydnomerulius
A0A0D2P6I0	cluster_3	~-F-W-E-N-Y-N-A-F-H-C	Fungi	Basidiomycota	Hypholoma
A0A0D2XK45	cluster_1	~-F-W-Q-G-Y-V-S-F-H--	Fungi	Ascomycota	Fusarium
A0A0D9P6L9	cluster_3	~-F-W-E-N-Y-A-S-F-H-C	Fungi	Ascomycota	Metarhizium
A0A0F0IK08	cluster_1	~-F-W-Q-S-Y-F-S-F-H--	Fungi	Ascomycota	Aspergillus
A0A0F2MLY8	cluster_1	~-L-A-L-T-Y-P-S-F-H--	Fungi	Ascomycota	Sporothrix
A0A0F8W6I0	cluster_1	~-F-W-Q-S-Y-F-S-F-H--	Fungi	Ascomycota	Aspergillus
A0A0G2EEK2	cluster_1	~-F-W-Q-G-Y-F-S-F-H--	Fungi	Ascomycota	Diplodia
A0A0G2FG16	cluster_1	~-F-W-Q-G-Y-V-S-F-H--	Fungi	Ascomycota	Diaporthe
A0A0G2FI58	cluster_1	~-F-W-E-G-Y-L-S-F-H--	Fungi	Ascomycota	Diaporthe
A0A0G4LN34	cluster_1	~-F-W-E-G-Y-L-S-F-H--	Fungi	Ascomycota	Verticillium
A0A0G4M3R1	cluster_1	~-F-W-E-G-Y-L-S-F-H--	Fungi	Ascomycota	Verticillium
A0A0G4NL88	cluster_1	~-F-W-E-G-Y-L-S-F-H--	Fungi	Ascomycota	Verticillium
A0A0G4NX83	cluster_1	~-F-W-Q-G-Y-V-S-F-H--	Fungi	Ascomycota	Penicillium
A0A0H1BRE8	cluster_979	~-F-W-E-N-Y-I-A-F-H-C	Fungi	Ascomycota	Blastomyces
A0A0I9Y4T4	cluster_1	~-F-W-Q-G-Y-V-S-F-H--	Fungi	Ascomycota	Fusarium
A0A0J6IJN4	cluster_1	~-F-W-T-G-Y-L-S-F-H--	Fungi	Ascomycota	Coccidioides
A0A0J6YKE2	cluster_1	~-F-W-T-G-Y-L-S-F-H--	Fungi	Ascomycota	Coccidioides
A0A0J7AYB6	cluster_1	~-F-W-Q-G-Y-V-S-F-H--	Fungi	Ascomycota	Coccidioides
A0A0J8R972	cluster_1	~-F-W-T-G-Y-L-S-F-H--	Fungi	Ascomycota	Coccidioides
A0A0J8RM30	cluster_1	~-F-W-T-G-Y-L-S-F-H--	Fungi	Ascomycota	Coccidioides
A0A0J9UPS8	cluster_1	~-F-W-Q-G-Y-V-S-F-H--	Fungi	Ascomycota	Fusarium
A0A0L1INA1	cluster_1	~-F-W-Q-S-Y-F-S-F-H--	Fungi	Ascomycota	Aspergillus
A0A0L1IVZ5	cluster_1	~-F-W-Q-G-Y-V-S-F-H--	Fungi	Ascomycota	Aspergillus
A0A0M9ERT3	cluster_1	~-F-Y-Q-G-Y-V-S-F-H--	Fungi	Ascomycota	Fusarium
A0A0M9ETD6	cluster_1	~-F-W-Q-G-Y-L-S-F-H--	Fungi	Ascomycota	Fusarium
A0A0N1HXY4	cluster_1	~-F-W-Q-G-Y-V-S-F-H--	Fungi	Ascomycota	Cyphellophora
A0A0N4WK64	cluster_1	~-F-W-A-D-Y-T-S-F-H--	Animals	Nematoda	Haemonchus
A0A0N4XC55	cluster_1	~-F-W-T-D-Y-T-S-F-H--	Animals	Nematoda	Nippostrongylus
A0A0P7BCC7	cluster_1	~-F-W-Q-G-Y-V-S-F-H--	Fungi	Ascomycota	Neonectria
A0A0U5GGT1	cluster_1	~-F-W-Q-S-Y-F-S-F-H--	Fungi	Ascomycota	Aspergillus
A0A101M9I9	cluster_1	~-F-W-Q-G-Y-V-S-F-H--	Fungi	Ascomycota	Penicillium
A0A124BUX3	cluster_1	~-F-W-Q-G-Y-V-S-F-H--	Fungi	Ascomycota	Aspergillus
A0A135LUD3	cluster_1	~-F-W-Q-G-Y-V-S-F-H--	Fungi	Ascomycota	Penicillium
A0A135RZK9	cluster_1	~-F-W-E-G-Y-L-S-F-H--	Fungi	Ascomycota	Colletotrichum
A0A135S4L3	cluster_1	~-F-W-Q-G-Y-V-S-F-H--	Fungi	Ascomycota	Colletotrichum
A0A135S4U4	cluster_1	~-F-W-Q-G-Y-V-S-F-H--	Fungi	Ascomycota	Colletotrichum
A0A135SGW1	cluster_1	~-F-W-Q-G-Y-P-S-F-H--	Fungi	Ascomycota	Colletotrichum
A0A135SM69	cluster_1	~-F-W-G-T-Y-P-S-F-H--	Fungi	Ascomycota	Colletotrichum
A0A135T2T3	cluster_1	~-F-W-G-T-Y-P-S-F-H--	Fungi	Ascomycota	Colletotrichum
A0A135TH42	cluster_1	~-F-W-Q-G-Y-V-S-F-H--	Fungi	Ascomycota	Colletotrichum
A0A135TMP6	cluster_1	~-F-W-Q-G-Y-P-S-F-H--	Fungi	Ascomycota	Colletotrichum
A0A135TTJ8	cluster_1	~-F-W-Q-G-Y-V-S-F-H--	Fungi	Ascomycota	Colletotrichum
A0A135UQQ8	cluster_1	~-F-W-E-G-Y-L-S-F-H--	Fungi	Ascomycota	Colletotrichum
A0A135V3G6	cluster_1	~-F-W-Q-G-Y-V-S-F-H--	Fungi	Ascomycota	Colletotrichum
A0A136INA1	cluster_1	~-F-W-E-G-Y-L-A-F-H--	Fungi	Ascomycota	Microdochium
A0A136ISR9	cluster_1	~-F-W-Q-T-Y-L-S-F-H--	Fungi	Ascomycota	Microdochium
A0A137NQN3	cluster_1	~-F-W-E-N-Y-L-S-F-H--	Fungi	Zoopagomycota	Conidiobolus
A0A137NY78	cluster_1	~-F-W-Q-N-Y-L-S-F-H--	Fungi	Zoopagomycota	Conidiobolus
A0A137PAW4	cluster_1	~-F-W-E-G-Y-H-S-F-H--	Fungi	Zoopagomycota	Conidiobolus
A0A146FM76	cluster_1	~-F-W-Q-G-Y-V-S-F-H--	Fungi	Ascomycota	Aspergillus
A0A161VHR9	cluster_1	~-F-W-Q-A-Y-F-S-F-H--	Fungi	Ascomycota	Colletotrichum
A0A161W8U8	cluster_1	~-F-W-Q-G-Y-P-S-F-H--	Fungi	Ascomycota	Colletotrichum
A0A161WG29	cluster_1	~-F-W-G-T-Y-V-S-F-H--	Fungi	Ascomycota	Colletotrichum
A0A162MRN0	cluster_1	~-L-S-L-N-Y-F-S-F-H--	Fungi	Ascomycota	Niveomyces
A0A163K839	cluster_1	~-F-W-Q-S-Y-F-S-F-H--	Fungi	Ascomycota	Didymella
A0A163MEU3	cluster_1	~-F-W-Q-G-Y-L-S-F-H--	Fungi	Ascomycota	Didymella
A0A166LSS0	cluster_1	~-F-W-Q-G-Y-V-S-F-H--	Fungi	Ascomycota	Colletotrichum
A0A166PAB6	cluster_1	~-F-W-G-T-Y-V-S-F-H--	Fungi	Ascomycota	Colletotrichum
A0A166QQF3	cluster_1	~-F-W-Q-G-Y-V-S-F-H--	Fungi	Ascomycota	Colletotrichum
A0A167C8C2	cluster_1	~-F-W-Q-G-Y-P-S-F-H--	Fungi	Ascomycota	Colletotrichum
A0A167EJD2	cluster_1	~-F-W-Q-G-Y-V-S-F-H--	Fungi	Ascomycota	Colletotrichum
A0A167PL46	cluster_3	~-F-W-E-N-Y-A-S-F-H-C	Fungi	Ascomycota	Cordyceps
A0A167RB36	cluster_1	~-F-W-Q-S-Y-F-S-F-H--	Fungi	Ascomycota	Niveomyces
A0A167TE01	cluster_1	~-L-A-L-T-Y-P-S-F-H--	Fungi	Ascomycota	Niveomyces
A0A167VR44	cluster_1	~-F-W-Q-G-Y-V-S-F-H--	Fungi	Ascomycota	Penicillium
A0A173DSG7	cluster_4	~-F-F-E-S-Y-L-A-F-H-C	Plants	Streptophyta	Lilium
A0A175VPP2	cluster_1	~-F-W-Q-G-Y-L-S-F-H--	Fungi	Ascomycota	Madurella
A0A175W9V9	cluster_1	~-L-A-L-T-Y-P-S-F-H--	Fungi	Ascomycota	Madurella
A0A175WHC5	cluster_1	~-F-W-Q-G-Y-F-S-F-H--	Fungi	Ascomycota	Madurella
A0A177CCG2	cluster_1	~-F-W-Q-T-Y-L-S-F-H--	Fungi	Ascomycota	Paraphaeosphaeria
A0A177CDD2	cluster_1	~-L-A-L-M-Y-F-S-F-H--	Fungi	Ascomycota	Paraphaeosphaeria
A0A177CJ83	cluster_1	~-F-W-Q-G-Y-V-S-F-H--	Fungi	Ascomycota	Paraphaeosphaeria
A0A177CKF0	cluster_1	~-F-W-Q-S-Y-V-S-F-H--	Fungi	Ascomycota	Paraphaeosphaeria
A0A177DIL2	cluster_1	~-F-W-Q-G-Y-F-S-F-H--	Fungi	Ascomycota	Alternaria
A0A177DP90	cluster_1	~-F-W-Q-T-Y-L-S-F-H--	Fungi	Ascomycota	Alternaria
A0A177DTC8	cluster_1	~-F-W-Q-S-Y-F-S-F-H--	Fungi	Ascomycota	Alternaria
A0A177E1Y0	cluster_1	~-F-W-Q-T-Y-F-S-F-H--	Fungi	Ascomycota	Alternaria
A0A177WRB5	cluster_1	~-F-W-E-N-Y-S-S-F-H--	Fungi	Chytridiomycota	Batrachochytrium
A0A179UIK7	cluster_45	~-F-W-E-N-Y-I-A-F-H-C	Fungi	Ascomycota	Blastomyces
A0A194X3G4	cluster_1	~-F-W-Q-T-Y-F-S-F-H--	Fungi	Ascomycota	Mollisia
A0A194X723	cluster_1	~-L-A-L-M-Y-F-S-F-H--	Fungi	Ascomycota	Mollisia
A0A1B7YUH4	cluster_1	~-F-W-Q-G-Y-V-S-F-H--	Fungi	Ascomycota	Colletotrichum
A0A1B8B5T4	cluster_1	~-F-Y-Q-G-Y-V-S-F-H--	Fungi	Ascomycota	Fusarium
A0A1B8G8M9	cluster_1	~-F-W-Q-A-Y-F-S-F-H--	Fungi	Ascomycota	Pseudogymnoascus
A0A1C9CXH8	cluster_1	~-F-W-E-G-Y-L-S-F-H--	Fungi	Ascomycota	Thermothelomyces
A0A1C9CXH9	cluster_1	~-L-A-M-S-Y-F-S-F-H--	Fungi	Ascomycota	Thermothelomyces
A0A1E1K118	cluster_1	~-F-W-N-S-Y-F-S-F-H--	Fungi	Ascomycota	Rhynchosporium
A0A1E1K1F0	cluster_1	~-F-W-N-S-Y-F-S-F-H--	Fungi	Ascomycota	Rhynchosporium
A0A1E1K5H4	cluster_1	~-F-W-Q-T-Y-F-S-F-H--	Fungi	Ascomycota	Rhynchosporium
A0A1E1L5I7	cluster_1	~-F-W-Q-P-Y-A-S-F-H--	Fungi	Ascomycota	Rhynchosporium
A0A1E1LAJ5	cluster_1	~-F-W-Q-T-Y-F-S-F-H--	Fungi	Ascomycota	Rhynchosporium
A0A1E1LRC1	cluster_1	~-F-W-Q-P-Y-A-S-F-H--	Fungi	Ascomycota	Rhynchosporium
A0A1E1M6S3	cluster_1	~-F-W-Q-P-Y-A-S-F-H--	Fungi	Ascomycota	Rhynchosporium
A0A1E1MH65	cluster_1	~-F-W-N-S-Y-F-S-F-H--	Fungi	Ascomycota	Rhynchosporium
A0A1E1MJB4	cluster_1	~-F-W-Q-T-Y-F-S-F-H--	Fungi	Ascomycota	Rhynchosporium
A0A1E3BEK7	cluster_1	~-F-W-Q-G-Y-F-S-F-H--	Fungi	Ascomycota	Aspergillus
A0A1F5LB03	cluster_1	~-F-W-Q-G-Y-V-S-F-H--	Fungi	Ascomycota	Penicillium
A0A1F7ZXX7	cluster_1	~-F-W-Q-G-Y-V-S-F-H--	Fungi	Ascomycota	Aspergillus
A0A1F8AA02	cluster_1	~-F-W-Q-S-Y-F-S-F-H--	Fungi	Ascomycota	Aspergillus
A0A1G4AYX7	cluster_1	~-F-W-G-T-Y-P-S-F-H--	Fungi	Ascomycota	Colletotrichum
A0A1G4BMT9	cluster_1	~-F-W-Q-G-Y-V-S-F-H--	Fungi	Ascomycota	Colletotrichum
A0A1G4BS67	cluster_1	~-F-W-E-G-Y-L-S-F-H--	Fungi	Ascomycota	Colletotrichum
A0A1I7S4X7	cluster_1	~-F-W-E-D-Y-R-S-F-H--	Animals	Nematoda	Bursaphelenchus
A0A1I7Y3Y8	cluster_1	H-F-W-E-D-Y-K-S-F-H--	Animals	Nematoda	Steinernema
A0A1I8AD71	cluster_1	~-F-W-E-D-Y-R-S-F-H--	Animals	Nematoda	Steinernema
A0A1J7IS49	cluster_1	~-F-W-Q-A-Y-F-S-F-H--	Fungi	Ascomycota	Coniochaeta
A0A1J7JCM8	cluster_1	~-F-W-E-G-Y-L-S-F-H--	Fungi	Ascomycota	Coniochaeta
A0A1J7JH22	cluster_1	~-F-W-Q-I-Y-F-S-F-H--	Fungi	Ascomycota	Coniochaeta
A0A1J7JKX2	cluster_1	~-L-A-L-T-Y-P-S-F-H--	Fungi	Ascomycota	Coniochaeta
A0A1J9QQD4	cluster_1	~-F-W-Q-G-Y-F-S-F-H--	Fungi	Ascomycota	Diplodia
A0A1L7TEG0	cluster_1	~-F-W-Q-G-Y-V-S-F-H--	Fungi	Ascomycota	Fusarium
A0A1L7W232	cluster_1	~-F-W-Q-G-Y-V-S-F-H--	Fungi	Ascomycota	Fusarium
A0A1L7WBJ5	cluster_1	~-F-W-Q-G-Y-F-S-F-H--	Fungi	Ascomycota	Phialocephala
A0A1L7XCA5	cluster_1	~-F-W-Q-G-Y-V-S-F-H--	Fungi	Ascomycota	Phialocephala
A0A1L7XJB2	cluster_1	~-F-W-Q-G-Y-S-N-F-H--	Fungi	Ascomycota	Phialocephala
A0A1L7XKZ6	cluster_1	~-F-W-Q-T-Y-F-S-F-H--	Fungi	Ascomycota	Phialocephala
A0A1L9NBE9	cluster_1	~-F-W-Q-G-Y-V-S-F-H--	Fungi	Ascomycota	Aspergillus
A0A1L9PUQ4	cluster_1	~-F-W-Q-S-Y-F-S-F-H--	Fungi	Ascomycota	Aspergillus
A0A1L9Q2X8	cluster_1	~-F-W-Q-T-Y-F-S-F-H--	Fungi	Ascomycota	Aspergillus
A0A1L9RMH3	cluster_1	~-F-W-Q-G-Y-F-S-F-H--	Fungi	Ascomycota	Aspergillus
A0A1L9SJA1	cluster_1	~-F-W-Q-G-Y-L-S-F-H--	Fungi	Ascomycota	Penicilliopsis
A0A1L9SJV0	cluster_1	~-F-W-Q-G-Y-V-S-F-H--	Fungi	Ascomycota	Penicilliopsis
A0A1L9T4S2	cluster_1	~-F-W-Q-S-Y-F-S-F-H--	Fungi	Ascomycota	Aspergillus
A0A1L9USF3	cluster_1	~-F-W-Q-G-Y-V-S-F-H--	Fungi	Ascomycota	Aspergillus
A0A1L9WIS1	cluster_1	~-F-W-Q-G-Y-V-S-F-H--	Fungi	Ascomycota	Aspergillus
A0A1M3TZH4	cluster_1	~-F-W-Q-G-Y-V-S-F-H--	Fungi	Ascomycota	Aspergillus
A0A1Q8RB81	cluster_1	~-F-W-Q-G-Y-F-S-F-H--	Fungi	Ascomycota	Colletotrichum
A0A1Q8RL66	cluster_1	~-F-W-Q-G-Y-V-S-F-H--	Fungi	Ascomycota	Colletotrichum
A0A1Q8RN62	cluster_1	~-F-W-Q-G-Y-P-S-F-H--	Fungi	Ascomycota	Colletotrichum
A0A1Q8RS64	cluster_1	~-F-W-G-T-Y-V-S-F-H--	Fungi	Ascomycota	Colletotrichum
A0A1Q8S3Q1	cluster_1	~-F-W-E-G-Y-L-S-F-H--	Fungi	Ascomycota	Colletotrichum
A0A1R3RL00	cluster_1	~-F-W-Q-G-Y-V-S-F-H--	Fungi	Ascomycota	Aspergillus
A0A1S8B921	cluster_1	~-F-W-Q-G-Y-F-S-F-H--	Fungi	Ascomycota	Diplodia
A0A1S9DJX3	cluster_1	~-F-W-Q-G-Y-V-S-F-H--	Fungi	Ascomycota	Aspergillus
A0A1S9DQI5	cluster_1	~-F-W-Q-S-Y-F-S-F-H--	Fungi	Ascomycota	Aspergillus
A0A1V6NTF3	cluster_1	~-F-W-Q-G-Y-V-S-F-H--	Fungi	Ascomycota	Penicillium
A0A1V6Q8G6	cluster_1	~-F-W-Q-G-Y-V-S-F-H--	Fungi	Ascomycota	Penicillium
A0A1V6R0M3	cluster_1	~-F-W-Q-G-Y-V-S-F-H--	Fungi	Ascomycota	Penicillium
A0A1V6RX09	cluster_1	~-F-W-Q-G-Y-V-S-F-H--	Fungi	Ascomycota	Penicillium
A0A1V6TP23	cluster_1	~-F-W-Q-G-Y-V-S-F-H--	Fungi	Ascomycota	Penicillium
A0A1V6UCN1	cluster_1	~-F-W-Q-G-Y-V-S-F-H--	Fungi	Ascomycota	Penicillium
A0A1V6YX06	cluster_1	~-F-W-Q-G-Y-V-S-F-H--	Fungi	Ascomycota	Penicillium
A0A1W2TBG8	cluster_498	~-F-W-E-N-Y-I-A-F-H-C	Fungi	Ascomycota	Rosellinia
A0A1W2TRD3	cluster_1	~-L-A-L-T-Y-P-S-F-H--	Fungi	Ascomycota	Rosellinia
A0A1Y1ZEP1	cluster_1	~-F-W-Q-G-Y-L-S-F-H--	Fungi	Ascomycota	Clohesyomyces
A0A1Y1ZKF0	cluster_1	~-F-W-Q-S-Y-Y-S-F-H--	Fungi	Ascomycota	Clohesyomyces
A0A1Y1ZS34	cluster_1	~-L-A-L-M-Y-F-S-F-H--	Fungi	Ascomycota	Clohesyomyces
A0A1Y2D1M5	cluster_456	~-F-W-E-N-Y-I-S-F-H--	Fungi	Chytridiomycota	Rhizoclosmatium
A0A1Y2EBR8	cluster_1	~-L-A-L-M-Y-F-S-F-H--	Fungi	Ascomycota	Pseudomassariella
A0A1Y2LS64	cluster_1	~-F-W-Q-G-Y-L-S-F-H--	Fungi	Ascomycota	Epicoccum
A0A1Y2LTP6	cluster_1	~-F-W-Q-T-Y-L-S-F-H--	Fungi	Ascomycota	Epicoccum
A0A1Y2LV59	cluster_1	~-F-W-Q-S-Y-F-S-F-H--	Fungi	Ascomycota	Epicoccum
A0A1Z5SN13	cluster_1	~-F-W-Q-G-Y-V-S-F-H--	Fungi	Ascomycota	Hortaea
A0A1Z5SZD6	cluster_1	~-F-W-Q-G-Y-V-S-F-H--	Fungi	Ascomycota	Hortaea
A0A229WBV1	cluster_1	~-F-W-Q-S-Y-F-S-F-H--	Fungi	Ascomycota	Aspergillus
A0A229YF46	cluster_1	~-F-W-Q-S-Y-F-S-F-H--	Fungi	Ascomycota	Aspergillus
A0A250JIN4	cluster_10	~-F-W-E-N-Y-N-S-F-H-C	Bacteria	Myxococcota	Cystobacter
A0A254TX54	cluster_1	~-F-W-Q-G-Y-V-S-F-H--	Fungi	Ascomycota	Aspergillus
A0A255Z219	cluster_10	~-F-W-E-N-Y-N-S-F-H-C	Bacteria	Pseudomonadota	Niveispirillum
A0A292PHN7	cluster_1	~-F-W-E-G-Y-L-S-F-H--	Fungi	Ascomycota	Tuber
A0A2A2J8D8	cluster_1	~-F-W-E-N-Y-R-A-F-H--	Animals	Nematoda	Diploscapter
A0A2B7WWK3	cluster_1	~-F-W-Q-A-Y-F-S-F-H--	Fungi	Ascomycota	Helicocarpus
A0A2B7WX14	cluster_1	~-F-W-D-G-Y-L-S-F-H--	Fungi	Ascomycota	Helicocarpus
A0A2B7X6I9	cluster_45	~-F-W-E-N-Y-I-A-F-H-C	Fungi	Ascomycota	Blastomyces
A0A2B7XZH1	cluster_1	~-F-W-Q-G-Y-F-S-F-H--	Fungi	Ascomycota	Helicocarpus
A0A2B7Y3U7	cluster_1	~-F-W-D-G-Y-L-S-F-H--	Fungi	Ascomycota	Polytolypa
A0A2B7YCJ2	cluster_1	~-F-W-Q-T-Y-F-S-F-H--	Fungi	Ascomycota	Helicocarpus
A0A2B7ZKP4	cluster_45	~-F-W-E-N-Y-I-A-F-H-C	Fungi	Ascomycota	[Emmonsia]
A0A2D3URD8	cluster_1	T-F-W-Q-A-Y-F-S-F-L--	Fungi	Ascomycota	Ramularia
A0A2D3UWI9	cluster_1	~-F-W-E-G-Y-L-S-F-H--	Fungi	Ascomycota	Ramularia
A0A2D3V8Z0	cluster_1	~-F-W-Q-G-Y-V-S-F-H--	Fungi	Ascomycota	Ramularia
A0A2G5HJW8	cluster_1	~-F-W-Q-G-Y-V-S-F-H--	Fungi	Ascomycota	Cercospora
A0A2G5ICH2	cluster_1	~-F-W-Q-A-Y-F-S-F-H--	Fungi	Ascomycota	Cercospora
A0A2G7G7G7	cluster_1	~-F-W-Q-S-Y-F-S-F-H--	Fungi	Ascomycota	Aspergillus
A0A2H3GBU2	cluster_1	~-F-W-Q-G-Y-L-S-F-H--	Fungi	Ascomycota	Gibberella
A0A2H3HKI2	cluster_1	~-F-W-Q-G-Y-V-S-F-H--	Fungi	Ascomycota	Fusarium
A0A2H3HRC3	cluster_1	~-F-Y-Q-G-Y-V-S-F-H--	Fungi	Ascomycota	Gibberella
A0A2H3SXE9	cluster_1	~-F-W-Q-G-Y-V-S-F-H--	Fungi	Ascomycota	Fusarium
A0A2H4S9M8	cluster_3	~-F-W-E-N-Y-S-S-F-H-C	Fungi	Ascomycota	Cordyceps
A0A2I1BV77	cluster_1	~-F-W-Q-S-Y-R-F-F-H--	Fungi	Ascomycota	Aspergillus
A0A2I1DBY6	cluster_1	~-F-W-Q-S-Y-F-S-F-H--	Fungi	Ascomycota	Aspergillus
A0A2I1DEQ6	cluster_1	~-F-W-Q-G-Y-V-S-F-H--	Fungi	Ascomycota	Aspergillus
A0A2I2FHN1	cluster_1	~-F-W-Q-S-Y-F-S-F-H--	Fungi	Ascomycota	Aspergillus
A0A2I2FJH9	cluster_1	~-F-W-Q-G-Y-V-S-F-H--	Fungi	Ascomycota	Aspergillus
A0A2I2G3K9	cluster_1	~-F-W-Q-G-Y-V-S-F-H--	Fungi	Ascomycota	Aspergillus
A0A2I2G3M9	cluster_1	~-F-W-Q-S-Y-L-S-F-H--	Fungi	Ascomycota	Aspergillus
A0A2J5HDB0	cluster_1	~-F-W-Q-G-Y-V-S-F-H--	Fungi	Ascomycota	Aspergillus
A0A2J5I2K0	cluster_1	~-F-W-Q-S-Y-F-S-F-H--	Fungi	Ascomycota	Aspergillus
A0A2J6QUH0	cluster_1	~-F-W-Q-G-Y-F-S-F-H--	Fungi	Ascomycota	Hyaloscypha
A0A2J6QV63	cluster_1	~-F-W-Q-A-Y-F-S-F-H--	Fungi	Ascomycota	Hyaloscypha
A0A2J6R7T9	cluster_1	~-L-A-L-I-Y-F-S-F-H--	Fungi	Ascomycota	Hyaloscypha
A0A2J6R9M8	cluster_1	~-F-W-Q-A-Y-F-S-F-H--	Fungi	Ascomycota	Hyaloscypha
A0A2J6RP99	cluster_1	~-F-W-Q-G-Y-L-S-F-H--	Fungi	Ascomycota	Hyaloscypha
A0A2J6SBJ2	cluster_1	~-F-W-Q-G-Y-V-S-F-H--	Fungi	Ascomycota	Hyaloscypha
A0A2J6TDR3	cluster_1	~-F-W-Q-G-Y-V-S-F-H--	Fungi	Ascomycota	Hyaloscypha
A0A2K0WR72	cluster_1	~-F-W-Q-G-Y-V-S-F-H--	Fungi	Ascomycota	Gibberella
A0A2K2CAK1	cluster_4	~-F-W-E-T-Y-F-A-F-H-C	Plants	Streptophyta	Populus
A0A2K2CAK3	cluster_4	~-F-W-E-T-Y-F-A-F-H-C	Plants	Streptophyta	Populus
A0A2K2CAL3	cluster_4	~-F-W-E-T-Y-F-A-F-H-C	Plants	Streptophyta	Populus
A0A2L2T7X4	cluster_1	~-F-F-Q-G-Y-V-S-F-H--	Fungi	Ascomycota	Fusarium
A0A2L2TIM9	cluster_1	~-F-W-Q-G-Y-L-S-F-H--	Fungi	Ascomycota	Fusarium
A0A2N3N0U6	cluster_1	~-I-A-M-V-Y-P-S-F-H--	Fungi	Ascomycota	Lomentospora
A0A2N3NKM8	cluster_1	~-F-W-Q-G-Y-P-S-F-H--	Fungi	Ascomycota	Lomentospora
A0A2P5E1P9	cluster_4	C-F-F-E-N-Y-F-A-F-H-C	Plants	Streptophyta	Parasponia
A0A2P5EKE8	cluster_4	C-F-F-E-N-Y-F-A-F-H-C	Plants	Streptophyta	Trema
A0A2P5HUK7	cluster_1	~-L-A-L-T-Y-A-S-F-H--	Fungi	Ascomycota	Diaporthe
A0A2P5HWP3	cluster_1	~-F-W-G-T-Y-V-S-F-H--	Fungi	Ascomycota	Diaporthe
A0A2P5I2V9	cluster_1	~-F-W-Q-I-Y-F-S-F-H--	Fungi	Ascomycota	Diaporthe
A0A2P5I525	cluster_1	~-F-W-D-T-Y-V-S-F-H--	Fungi	Ascomycota	Diaporthe
A0A2S1ZRB0	cluster_30	~-F-Y-E-N-Y-L-S-F-V-C	Animals	Annelida	Mesochaetopterus
A0A2S6CD10	cluster_276	~-F-W-Q-G-Y-V-G-F-H--	Fungi	Ascomycota	Cercospora
A0A2S6CHU3	cluster_1	~-F-W-Q-A-Y-F-S-F-H--	Fungi	Ascomycota	Cercospora
A0A2T2N650	cluster_1	~-L-A-L-M-Y-F-S-F-H--	Fungi	Ascomycota	Corynespora
A0A2T2NN63	cluster_1	~-F-W-S-G-Y-Q-S-F-H--	Fungi	Ascomycota	Corynespora
A0A2T2NQ64	cluster_1	~-F-W-Q-L-Y-F-S-F-H--	Fungi	Ascomycota	Corynespora
A0A2T2NQA8	cluster_1	~-F-W-Q-T-Y-F-S-F-H--	Fungi	Ascomycota	Corynespora
A0A2T2NTG9	cluster_1	~-F-W-N-A-Y-F-S-F-H--	Fungi	Ascomycota	Corynespora
A0A2T2NXX0	cluster_1	~-F-W-Q-G-Y-V-S-F-H--	Fungi	Ascomycota	Corynespora
A0A2T4GS03	cluster_1	~-F-W-Q-G-Y-L-S-F-H--	Fungi	Ascomycota	Fusarium
A0A2T4HA43	cluster_1	~-F-Y-Q-G-Y-V-S-F-H--	Fungi	Ascomycota	Fusarium
A0A2T5LP23	cluster_1	~-F-W-Q-S-Y-F-S-F-H--	Fungi	Ascomycota	Aspergillus
A0A2T7A7H9	cluster_1	~-F-W-E-G-Y-L-S-F-H--	Fungi	Ascomycota	Tuber
A0A2V1CZ41	cluster_1	~-L-G-L-I-Y-P-S-F-H--	Fungi	Ascomycota	Periconia
A0A2V1DJF8	cluster_1	~-F-W-S-N-Y-Q-S-F-H--	Fungi	Ascomycota	Periconia
A0A2V5HJC8	cluster_1	~-F-W-Q-G-Y-V-S-F-H--	Fungi	Ascomycota	Aspergillus
A0A2V5IL99	cluster_1	~-F-W-Q-G-Y-V-S-F-H--	Fungi	Ascomycota	Aspergillus
A0A2W1EW30	cluster_1	~-F-W-L-V-Y-V-S-F-H--	Fungi	Ascomycota	Pyrenophora
A0A2W1EZ10	cluster_1	~-F-W-Q-G-Y-F-S-F-H--	Fungi	Ascomycota	Pyrenophora
A0A317SZI7	cluster_1	~-F-W-E-G-Y-L-S-F-H--	Fungi	Ascomycota	Tuber
A0A317VQS7	cluster_1	~-F-W-Q-G-Y-V-S-F-H--	Fungi	Ascomycota	Aspergillus
A0A317WW28	cluster_1	~-F-W-Q-G-Y-V-S-F-H--	Fungi	Ascomycota	Aspergillus
A0A317XAM4	cluster_1	~-F-W-Q-G-Y-V-S-F-H--	Fungi	Ascomycota	Aspergillus
A0A318Y954	cluster_1	~-F-W-Q-G-Y-V-S-F-H--	Fungi	Ascomycota	Aspergillus
A0A318ZSA8	cluster_1	~-F-W-Q-G-Y-V-S-F-H--	Fungi	Ascomycota	Aspergillus
A0A319BS22	cluster_1	~-F-W-Q-G-Y-V-S-F-H--	Fungi	Ascomycota	Aspergillus
A0A319C8N6	cluster_1	~-F-W-Q-G-Y-V-S-F-H--	Fungi	Ascomycota	Aspergillus
A0A319F2V9	cluster_1	~-F-W-Q-G-Y-V-S-F-H--	Fungi	Ascomycota	Aspergillus
A0A364L5W2	cluster_209	~-F-W-Q-G-Y-V-S-F-H--	Fungi	Ascomycota	Talaromyces
A0A364MEK3	cluster_1	~-F-W-Q-S-Y-F-S-F-H--	Fungi	Ascomycota	Aspergillus
A0A364MKF9	cluster_1	~-F-W-Q-G-Y-V-S-F-H--	Fungi	Ascomycota	Aspergillus
A0A364N075	cluster_1	~-F-W-H-S-Y-F-S-F-H--	Fungi	Ascomycota	Stemphylium
A0A364N155	cluster_1	~-F-W-Q-G-Y-F-S-F-H--	Fungi	Ascomycota	Stemphylium
A0A365MZ77	cluster_1	~-F-W-Q-G-Y-V-S-F-H--	Fungi	Ascomycota	Gibberella
A0A366R3B0	cluster_1	~-F-W-Q-G-Y-V-S-F-H--	Fungi	Ascomycota	Fusarium
A0A370BQI5	cluster_1	~-F-W-Q-G-Y-V-S-F-H--	Fungi	Ascomycota	Aspergillus
A0A370PN07	cluster_1	~-F-W-Q-G-Y-V-S-F-H--	Fungi	Ascomycota	Aspergillus
A0A370TA69	cluster_1	~-F-W-Q-G-Y-L-S-F-H--	Fungi	Ascomycota	Venustampulla
A0A370TPP5	cluster_1	~-F-W-Q-T-Y-F-S-F-H--	Fungi	Ascomycota	Venustampulla
A0A370TRN6	cluster_3	~-F-W-E-N-Y-Q-S-F-H-C	Fungi	Ascomycota	Venustampulla
A0A384J8A3	cluster_1	~-F-F-Y-G-Y-F-S-F-H--	Fungi	Ascomycota	Botryotinia
A0A384K673	cluster_1	~-F-W-Q-T-Y-F-S-F-H--	Fungi	Ascomycota	Botryotinia
A0A395GZZ7	cluster_1	~-F-W-Q-G-Y-V-S-F-H--	Fungi	Ascomycota	Aspergillus
A0A395HY22	cluster_1	~-F-W-Q-G-Y-V-S-F-H--	Fungi	Ascomycota	Aspergillus
A0A395IW83	cluster_1	~-F-W-Q-T-Y-F-S-F-H--	Fungi	Ascomycota	Monilinia
A0A395M6Y4	cluster_1	~-F-W-Q-G-Y-L-S-F-H--	Fungi	Ascomycota	Fusarium
A0A395MRP0	cluster_1	~-F-W-Q-G-Y-V-S-F-H--	Fungi	Ascomycota	Fusarium
A0A395RK05	cluster_1	~-F-W-Q-G-Y-V-S-F-H--	Fungi	Ascomycota	Fusarium
A0A395RVR6	cluster_1	~-F-W-Q-G-Y-L-S-F-H--	Fungi	Ascomycota	Fusarium
A0A395S0C6	cluster_1	~-F-Y-Q-G-Y-V-S-F-H--	Fungi	Ascomycota	Fusarium
A0A395T644	cluster_1	~-F-W-Q-S-Y-L-S-F-H--	Fungi	Ascomycota	Fusarium
A0A397GNQ0	cluster_1	~-F-W-Q-G-Y-V-S-F-H--	Fungi	Ascomycota	Aspergillus
A0A397HXJ2	cluster_1	~-F-W-Q-S-Y-F-S-F-H--	Fungi	Ascomycota	Aspergillus
A0A3A2ZL74	cluster_1	~-F-W-Q-G-Y-V-S-F-H--	Fungi	Ascomycota	Aspergillus
A0A3D8QBA9	cluster_1	~-F-W-Q-S-Y-F-S-F-H--	Fungi	Ascomycota	Aspergillus
A0A3D8RM42	cluster_1	~-F-W-Q-S-Y-F-S-F-H--	Fungi	Ascomycota	Coleophoma
A0A3D8S1L2	cluster_1	~-F-W-Q-S-Y-L-S-F-H--	Fungi	Ascomycota	Coleophoma
A0A3D8SG06	cluster_1	~-F-W-S-G-Y-F-S-F-H--	Fungi	Ascomycota	Coleophoma
A0A3D8SUF2	cluster_1	~-F-W-Q-T-Y-F-S-F-H--	Fungi	Ascomycota	Aspergillus
A0A3D8T276	cluster_1	~-F-W-Q-S-Y-L-S-F-H--	Fungi	Ascomycota	Coleophoma
A0A3F3QCJ1	cluster_1	~-F-W-Q-G-Y-V-S-F-H--	Fungi	Ascomycota	Aspergillus
A0A3L6MS08	cluster_1	~-F-W-Q-G-Y-V-S-F-H--	Fungi	Ascomycota	Fusarium
A0A3L6NY19	cluster_1	~-F-W-Q-G-Y-V-S-F-H--	Fungi	Ascomycota	Fusarium
A0A3M2SKX3	cluster_1	~-F-W-Q-G-Y-V-S-F-H--	Fungi	Ascomycota	Fusarium
A0A3M6XEI8	cluster_1	~-F-W-Q-G-Y-V-S-F-H--	Fungi	Ascomycota	Hortaea
A0A3M6YZX8	cluster_1	~-F-W-E-G-Y-L-S-F-H--	Fungi	Ascomycota	Hortaea
A0A3M7ABI4	cluster_1	~-F-W-E-G-Y-L-S-F-H--	Fungi	Ascomycota	Hortaea
A0A3M7B0Z1	cluster_1	~-F-W-Q-G-Y-V-S-F-H--	Fungi	Ascomycota	Hortaea
A0A3M7B3B7	cluster_1	~-F-W-E-G-Y-L-S-F-H--	Fungi	Ascomycota	Hortaea
A0A3M7BEN6	cluster_1	~-F-W-Q-G-Y-V-S-F-H--	Fungi	Ascomycota	Hortaea
A0A3M7CJK9	cluster_1	~-F-W-E-G-Y-L-S-F-H--	Fungi	Ascomycota	Hortaea
A0A3M7CSU3	cluster_1	~-F-W-E-G-Y-L-S-F-H--	Fungi	Ascomycota	Hortaea
A0A3M7CXP5	cluster_1	~-F-W-E-G-Y-L-S-F-H--	Fungi	Ascomycota	Hortaea
A0A3M7D5T6	cluster_1	~-F-W-E-G-Y-L-S-F-H--	Fungi	Ascomycota	Hortaea
A0A3M7D6P6	cluster_1	~-F-W-E-G-Y-L-S-F-H--	Fungi	Ascomycota	Hortaea
A0A3M7D722	cluster_1	~-F-W-Q-G-Y-V-S-F-H--	Fungi	Ascomycota	Hortaea
A0A3M7DUU3	cluster_1	~-F-W-E-G-Y-L-S-F-H--	Fungi	Ascomycota	Hortaea
A0A3M7EJ56	cluster_1	~-F-W-Q-G-Y-V-S-F-H--	Fungi	Ascomycota	Hortaea
A0A3M7EZ73	cluster_1	~-F-W-Q-G-Y-V-S-F-H--	Fungi	Ascomycota	Hortaea
A0A3M7F181	cluster_1	~-F-W-E-G-Y-L-S-F-H--	Fungi	Ascomycota	Hortaea
A0A3M7F2W2	cluster_1	~-F-W-Q-G-Y-V-S-F-H--	Fungi	Ascomycota	Hortaea
A0A3M7GMT4	cluster_1	~-F-W-Q-G-Y-V-S-F-H--	Fungi	Ascomycota	Hortaea
A0A3M7GQX7	cluster_1	~-F-W-Q-G-Y-V-S-F-H--	Fungi	Ascomycota	Hortaea
A0A3M7ICN7	cluster_1	~-F-W-E-G-Y-L-S-F-H--	Fungi	Ascomycota	Hortaea
A0A3M7IGM6	cluster_1	~-F-W-Q-G-Y-V-S-F-H--	Fungi	Ascomycota	Hortaea
A0A3M7IJ01	cluster_1	~-F-W-Q-G-Y-V-S-F-H--	Fungi	Ascomycota	Hortaea
A0A3M7LZQ1	cluster_1	~-F-W-Q-G-Y-F-S-F-H--	Fungi	Ascomycota	Pyrenophora
A0A3M7M028	cluster_1	~-F-W-Q-S-Y-F-S-F-H--	Fungi	Ascomycota	Pyrenophora
A0A3M9YFZ5	cluster_1	~-F-W-E-G-Y-L-S-F-H--	Fungi	Ascomycota	Verticillium
A0A3N2PZA1	cluster_1	~-F-W-Q-G-Y-V-S-F-H--	Fungi	Ascomycota	Sodiomyces
A0A3N4L0J3	cluster_1	~-F-W-E-G-Y-L-S-F-H--	Fungi	Ascomycota	Morchella
A0A3P7IN91	cluster_1	~-F-W-S-D-Y-T-S-F-H--	Animals	Nematoda	Strongylus
A0A3R7FSD3	cluster_1	~-F-W-Q-G-Y-V-S-F-H--	Fungi	Ascomycota	Aspergillus
A0A3S4AJV5	cluster_1	~-F-W-Q-A-Y-F-S-F-H--	Fungi	Ascomycota	Thermothielavioides
A0A3S5CXF1	cluster_1	~-F-W-Q-G-Y-F-S-F-H--	Fungi	Ascomycota	Thermothielavioides
A0A401L4E0	cluster_1	~-F-W-Q-G-Y-V-S-F-H--	Fungi	Ascomycota	Aspergillus
A0A409VYZ7	cluster_949	~-F-W-E-G-Y-L-S-F-H--	Fungi	Basidiomycota	Panaeolus
A0A409X771	cluster_1	~-F-W-E-G-Y-L-S-F-H--	Fungi	Basidiomycota	Psilocybe
A0A420RSH4	cluster_1	~-F-W-Q-G-Y-V-S-F-H--	Fungi	Ascomycota	Fusarium
A0A420TI82	cluster_1	~-F-W-Q-G-Y-V-S-F-H--	Fungi	Ascomycota	Gibberella
A0A420XYP0	cluster_1	~-F-W-E-G-Y-L-S-F-H--	Fungi	Ascomycota	Coniochaeta
A0A420YH84	cluster_1	~-F-W-Q-G-Y-V-S-F-H--	Fungi	Ascomycota	Coniochaeta
A0A423XP21	cluster_1	~-F-W-N-G-Y-F-S-F-H--	Fungi	Ascomycota	Cytospora
A0A428R852	cluster_1	~-F-W-Q-G-Y-V-S-F-H--	Fungi	Ascomycota	Fusarium
A0A428RBY3	cluster_1	~-F-W-Q-G-Y-V-S-F-H--	Fungi	Ascomycota	Fusarium
A0A428TJN8	cluster_1	~-F-W-Q-G-Y-V-S-F-H--	Fungi	Ascomycota	Fusarium
A0A428U2W7	cluster_1	~-F-W-Q-G-Y-V-S-F-H--	Fungi	Ascomycota	Fusarium
A0A430LRB3	cluster_1	~-F-W-Q-G-Y-V-S-F-H--	Fungi	Ascomycota	Fusarium
A0A437A7Y6	cluster_1	~-F-F-E-G-Y-L-S-F-H--	Fungi	Ascomycota	Arthrobotrys
A0A439CSR6	cluster_1	~-L-A-L-T-Y-P-S-F-H--	Fungi	Ascomycota	Xylaria
A0A446BNG4	cluster_1	~-L-A-L-T-Y-P-S-F-H--	Fungi	Ascomycota	Thermothielavioides
A0A446BT56	cluster_1	~-F-W-E-A-Y-F-S-F-H--	Fungi	Ascomycota	Thermothielavioides
A0A484FEN9	cluster_1	~-F-W-Q-G-Y-P-S-F-H--	Fungi	Ascomycota	Colletotrichum
A0A4P7N7E5	cluster_1	~-F-F-E-A-Y-K-S-F-H--	Fungi	Ascomycota	Pyricularia
A0A4P7N9G8	cluster_1	~-F-W-E-G-Y-V-S-F-H--	Fungi	Ascomycota	Pyricularia
A0A4P9Z6Q7	cluster_1	~-F-W-E-N-Y-S-S-F-H--	Fungi	Zoopagomycota	Syncephalis
A0A4Q2W8U2	cluster_1	~-F-W-Q-G-Y-V-S-F-H--	Fungi	Ascomycota	Fusarium
A0A4Q4MJ71	cluster_1	~-F-W-Q-S-Y-F-S-F-H--	Fungi	Ascomycota	Alternaria
A0A4Q4MRC4	cluster_1	~-F-W-Q-T-Y-F-S-F-H--	Fungi	Ascomycota	Alternaria
A0A4Q4NDK1	cluster_1	~-F-W-Q-T-Y-L-S-F-H--	Fungi	Ascomycota	Alternaria
A0A4Q4NSL7	cluster_1	~-F-W-Q-T-Y-F-S-F-H--	Fungi	Ascomycota	Alternaria
A0A4Q4NUK9	cluster_1	~-F-W-Q-S-Y-F-S-F-H--	Fungi	Ascomycota	Alternaria
A0A4Q4PFX6	cluster_1	~-F-W-Q-G-Y-F-S-F-H--	Fungi	Ascomycota	Alternaria
A0A4Q4PJE0	cluster_1	~-F-W-Q-T-Y-L-S-F-H--	Fungi	Ascomycota	Alternaria
A0A4Q4PZK3	cluster_1	~-F-W-Q-T-Y-L-S-F-H--	Fungi	Ascomycota	Alternaria
A0A4Q4RS51	cluster_1	~-F-W-Q-T-Y-F-S-F-H--	Fungi	Ascomycota	Alternaria
A0A4Q4RSY1	cluster_1	~-F-W-Q-G-Y-F-S-F-H--	Fungi	Ascomycota	Alternaria
A0A4Q4S0H2	cluster_1	~-F-W-Q-S-Y-F-S-F-H--	Fungi	Ascomycota	Alternaria
A0A4R8PUJ5	cluster_1	~-F-W-Q-G-Y-P-S-F-H--	Fungi	Ascomycota	Colletotrichum
A0A4R8Q226	cluster_1	~-F-W-E-G-Y-L-S-F-H--	Fungi	Ascomycota	Colletotrichum
A0A4R8Q3V8	cluster_1	~-F-W-Q-G-Y-V-S-F-H--	Fungi	Ascomycota	Colletotrichum
A0A4R8QSZ7	cluster_1	~-F-W-G-T-Y-V-S-F-H--	Fungi	Ascomycota	Colletotrichum
A0A4R8RCG3	cluster_1	~-F-W-E-G-Y-L-S-F-H--	Fungi	Ascomycota	Colletotrichum
A0A4R8RDW8	cluster_1	~-F-W-G-T-Y-V-S-F-H--	Fungi	Ascomycota	Colletotrichum
A0A4R8RTP9	cluster_1	~-F-W-Q-G-Y-P-S-F-H--	Fungi	Ascomycota	Colletotrichum
A0A4R8TKA8	cluster_1	~-F-W-Q-G-Y-V-S-F-H--	Fungi	Ascomycota	Colletotrichum
A0A4R8TSG9	cluster_1	~-F-W-G-T-Y-V-S-F-H--	Fungi	Ascomycota	Colletotrichum
A0A4S8QPY5	cluster_1	~-F-W-Q-T-Y-F-S-F-H--	Fungi	Ascomycota	Botrytis
A0A4S8RXG8	cluster_1	~-F-W-Q-G-Y-V-S-F-H--	Fungi	Ascomycota	Aureobasidium
A0A4S8VLN7	cluster_1	~-F-W-Q-G-Y-V-S-F-H--	Fungi	Ascomycota	Aureobasidium
A0A4S8VNS7	cluster_1	~-F-W-Q-G-Y-V-S-F-H--	Fungi	Ascomycota	Aureobasidium
A0A4S8XLG5	cluster_1	~-F-W-Q-G-Y-V-S-F-H--	Fungi	Ascomycota	Aureobasidium
A0A4S8XYB0	cluster_1	~-F-W-Q-G-Y-V-S-F-H--	Fungi	Ascomycota	Aureobasidium
A0A4S8ZCU3	cluster_1	~-F-W-Q-G-Y-V-S-F-H--	Fungi	Ascomycota	Aureobasidium
A0A4S9CKJ3	cluster_1	~-F-W-Q-G-Y-V-S-F-H--	Fungi	Ascomycota	Aureobasidium
A0A4S9CQ93	cluster_1	~-F-W-Q-G-Y-V-S-F-H--	Fungi	Ascomycota	Aureobasidium
A0A4S9SJZ6	cluster_1	~-F-W-Q-G-Y-V-S-F-H--	Fungi	Ascomycota	Aureobasidium
A0A4S9W6W5	cluster_1	~-F-W-Q-G-Y-V-S-F-H--	Fungi	Ascomycota	Aureobasidium
A0A4S9XKY4	cluster_1	~-F-W-Q-G-Y-V-S-F-H--	Fungi	Ascomycota	Aureobasidium
A0A4T0AYN8	cluster_1	~-F-W-Q-G-Y-V-S-F-H--	Fungi	Ascomycota	Aureobasidium
A0A4T0B8C7	cluster_1	~-F-W-Q-G-Y-V-S-F-H--	Fungi	Ascomycota	Aureobasidium
A0A4T0VSJ6	cluster_1	~-F-W-Q-G-Y-A-S-F-H--	Fungi	Ascomycota	Colletotrichum
A0A4T0W7K4	cluster_1	~-F-W-G-T-Y-V-S-F-H--	Fungi	Ascomycota	Colletotrichum
A0A4T0WFM4	cluster_1	~-F-W-Q-G-Y-V-S-F-H--	Fungi	Ascomycota	Colletotrichum
A0A4U5PGP8	cluster_1	~-F-W-E-D-Y-R-S-F-H--	Animals	Nematoda	Steinernema
A0A4U6X1H7	cluster_1	~-F-W-Q-G-Y-P-S-F-H--	Fungi	Ascomycota	Colletotrichum
A0A4U8UW01	cluster_1	H-F-W-E-D-Y-K-S-F-H--	Animals	Nematoda	Steinernema
A0A4U8UZH0	cluster_1	H-F-W-E-D-Y-K-S-F-H--	Animals	Nematoda	Steinernema
A0A4V1WMP5	cluster_1	~-F-W-Q-G-Y-F-S-F-H--	Fungi	Ascomycota	Alternaria
A0A4V3UQT0	cluster_1	~-F-W-Q-G-Y-V-S-F-H--	Fungi	Ascomycota	Aspergillus
A0A4V4KW54	cluster_1	~-F-W-Q-G-Y-V-S-F-H--	Fungi	Ascomycota	Aureobasidium
A0A4V6DH29	cluster_1	~-F-W-G-T-Y-V-S-F-H--	Fungi	Ascomycota	Colletotrichum
A0A4Y7IA41	cluster_4	C-F-W-E-N-Y-F-A-F-H-C	Plants	Streptophyta	Papaver
A0A4Z0YS91	cluster_1	~-L-A-L-T-Y-P-S-F-H--	Fungi	Ascomycota	Xylaria
A0A4Z0Z0S0	cluster_134	~-F-W-E-N-Y-I-A-F-H-C	Fungi	Ascomycota	Xylaria
A0A4Z1E3V6	cluster_1	~-F-F-Y-S-Y-F-S-F-H--	Fungi	Ascomycota	Botrytis
A0A4Z1JYN1	cluster_1	~-F-W-Q-T-Y-F-S-F-H--	Fungi	Ascomycota	Botrytis
A0A507ASE7	cluster_1	~-F-W-E-G-Y-L-S-F-H--	Fungi	Ascomycota	Thyridium
A0A507AZ12	cluster_1	~-F-W-Q-G-Y-P-S-F-H--	Fungi	Ascomycota	Thyridium
A0A507BF90	cluster_1	~-L-A-L-T-Y-P-S-F-H--	Fungi	Ascomycota	Thyridium
A0A517LRG8	cluster_1	~-F-W-E-F-Y-F-S-F-H--	Fungi	Ascomycota	Venturia
A0A553HXR9	cluster_1	~-L-A-L-T-Y-P-S-F-H--	Fungi	Ascomycota	Xylaria
A0A553I4E8	cluster_148	~-F-W-E-N-Y-I-A-F-H-C	Fungi	Ascomycota	Xylaria
A0A559LQ08	cluster_1	~-F-W-Q-G-Y-V-S-F-H--	Fungi	Ascomycota	Fusarium
A0A559MD85	cluster_1	~-F-W-Q-G-Y-L-S-F-H--	Fungi	Ascomycota	Lachnellula
A0A5C3LRK6	cluster_1	~-F-W-E-G-Y-L-S-F-H--	Fungi	Basidiomycota	Crucibulum
A0A5C6TB17	cluster_1	~-F-W-Q-G-Y-V-S-F-H--	Fungi	Ascomycota	Fusarium
A0A5J5F4T2	cluster_1	S-F-W-Q-T-Y-F-S-F-H--	Fungi	Ascomycota	Sphaerosporella
A0A5M9J7X0	cluster_619	~-F-W-Q-T-Y-F-S-F-H--	Fungi	Ascomycota	Monilinia
A0A5M9MU51	cluster_1	~-F-W-Q-G-Y-V-S-F-H--	Fungi	Ascomycota	Aspergillus
A0A5N5DKU3	cluster_1	~-F-W-Q-G-Y-L-S-F-H--	Fungi	Ascomycota	Lasiodiplodia
A0A5N5DZ95	cluster_1	~-F-W-Q-G-Y-F-S-F-H--	Fungi	Ascomycota	Lasiodiplodia
A0A5N5JTD4	cluster_4	~-F-W-E-T-Y-F-A-F-H-C	Plants	Streptophyta	Salix
A0A5N5WHZ0	cluster_1	~-F-W-Q-S-Y-F-S-F-H--	Fungi	Ascomycota	Aspergillus
A0A5N5WPG7	cluster_1	~-F-W-Q-G-Y-V-S-F-H--	Fungi	Ascomycota	Aspergillus
A0A5N6D825	cluster_1	~-F-W-Q-G-Y-V-S-F-H--	Fungi	Ascomycota	Aspergillus
A0A5N6E1Y6	cluster_1	~-F-W-Q-S-Y-F-S-F-H--	Fungi	Ascomycota	Aspergillus
A0A5N6EP04	cluster_1	~-F-W-Q-G-Y-V-S-F-H--	Fungi	Ascomycota	Aspergillus
A0A5N6F4J1	cluster_1	~-F-W-Q-S-Y-F-S-F-H--	Fungi	Ascomycota	Aspergillus
A0A5N6HPI1	cluster_1	~-F-W-Q-G-Y-V-S-F-H--	Fungi	Ascomycota	Aspergillus
A0A5N6IZN7	cluster_1	~-F-W-Q-G-Y-V-S-F-H--	Fungi	Ascomycota	Aspergillus
A0A5N6JKR3	cluster_1	~-F-W-Q-S-Y-F-S-F-H--	Fungi	Ascomycota	Aspergillus
A0A5N6JRM5	cluster_220	~-F-W-Q-T-Y-F-S-F-H--	Fungi	Ascomycota	Monilinia
A0A5N6SKU6	cluster_1	~-F-W-Q-G-Y-V-S-F-H--	Fungi	Ascomycota	Aspergillus
A0A5N6TAQ7	cluster_1	~-F-W-Q-S-Y-F-S-F-H--	Fungi	Ascomycota	Aspergillus
A0A5N6TLG2	cluster_1	~-F-W-Q-G-Y-V-S-F-H--	Fungi	Ascomycota	Aspergillus
A0A5N6TP01	cluster_1	~-F-W-Q-S-Y-F-S-F-H--	Fungi	Ascomycota	Aspergillus
A0A5N6UJ40	cluster_1	~-F-W-Q-G-Y-V-S-F-H--	Fungi	Ascomycota	Aspergillus
A0A5N6V971	cluster_1	~-F-W-Q-S-Y-F-S-F-H--	Fungi	Ascomycota	Aspergillus
A0A5N6VLY9	cluster_1	~-F-W-Q-G-Y-V-S-F-H--	Fungi	Ascomycota	Aspergillus
A0A5N6VM32	cluster_1	~-F-W-Q-S-Y-F-S-F-H--	Fungi	Ascomycota	Aspergillus
A0A5N6WJZ7	cluster_1	~-F-W-Q-G-Y-V-S-F-H--	Fungi	Ascomycota	Aspergillus
A0A5N6XL35	cluster_1	~-F-W-Q-S-Y-F-S-F-H--	Fungi	Ascomycota	Aspergillus
A0A5N6Y2F3	cluster_1	~-F-W-Q-S-Y-F-S-F-H--	Fungi	Ascomycota	Aspergillus
A0A5N6YM06	cluster_1	~-F-W-Q-G-Y-V-S-F-H--	Fungi	Ascomycota	Aspergillus
A0A5N6Z1H2	cluster_1	~-F-W-Q-G-Y-V-S-F-H--	Fungi	Ascomycota	Aspergillus
A0A5N6ZCZ1	cluster_1	~-F-W-Q-S-Y-F-S-F-H--	Fungi	Ascomycota	Aspergillus
A0A5N6ZSA8	cluster_1	~-F-W-Q-S-Y-F-S-F-H--	Fungi	Ascomycota	Aspergillus
A0A5N7AF27	cluster_1	~-F-W-Q-G-Y-V-S-F-H--	Fungi	Ascomycota	Aspergillus
A0A5N7B253	cluster_1	~-F-W-Q-G-Y-V-S-F-H--	Fungi	Ascomycota	Aspergillus
A0A5N7BFL3	cluster_1	~-F-W-Q-S-Y-F-S-F-H--	Fungi	Ascomycota	Aspergillus
A0A5N7CCB7	cluster_1	~-F-W-Q-G-Y-V-S-F-H--	Fungi	Ascomycota	Petromyces
A0A5N7D658	cluster_1	~-F-W-Q-S-Y-F-S-F-H--	Fungi	Ascomycota	Aspergillus
A0A5Q4BJT9	cluster_1	~-F-W-Q-G-Y-V-S-F-H--	Fungi	Ascomycota	Colletotrichum
A0A6A5KGL5	cluster_1	~-F-W-Q-T-Y-F-S-F-H--	Fungi	Ascomycota	Decorospora
A0A6A5KNT6	cluster_1	~-F-W-Q-S-Y-F-S-F-H--	Fungi	Ascomycota	Decorospora
A0A6A5QQA4	cluster_1	~-F-W-Q-G-Y-L-S-F-H--	Fungi	Ascomycota	Ampelomyces
A0A6A5RPF7	cluster_1	~-F-W-Q-G-Y-L-S-F-H--	Fungi	Ascomycota	Didymella
A0A6A5SMN4	cluster_1	~-F-W-Q-G-Y-L-S-F-H--	Fungi	Ascomycota	Clathrospora
A0A6A5T3N3	cluster_1	~-F-W-L-I-Y-V-S-F-H--	Fungi	Ascomycota	Clathrospora
A0A6A5U3X8	cluster_1	~-L-A-L-M-Y-F-S-F-H--	Fungi	Ascomycota	Byssothecium
A0A6A5VEE5	cluster_1	~-F-W-Q-G-Y-V-S-F-H--	Fungi	Ascomycota	Bimuria
A0A6A5W2X8	cluster_1	~-L-A-L-M-Y-F-S-F-H--	Fungi	Ascomycota	Amniculicola
A0A6A5WD58	cluster_1	~-F-W-Q-D-Y-P-S-F-H--	Fungi	Ascomycota	Amniculicola
A0A6A5WGP5	cluster_3	~-F-W-E-G-Y-V-S-F-H-C	Fungi	Ascomycota	Amniculicola
A0A6A5WSA6	cluster_1	~-F-W-Q-S-Y-F-S-F-H--	Fungi	Ascomycota	Amniculicola
A0A6A5WZS6	cluster_1	~-F-W-Q-G-Y-A-S-F-H--	Fungi	Ascomycota	Amniculicola
A0A6A5Y4J9	cluster_1	~-L-A-L-L-Y-F-S-F-H--	Fungi	Ascomycota	Aaosphaeria
A0A6A5Y9G4	cluster_1	~-F-W-Q-G-Y-A-S-F-H--	Fungi	Ascomycota	Aaosphaeria
A0A6A5YQ89	cluster_1	~-F-W-Q-G-Y-L-S-F-H--	Fungi	Ascomycota	Lophiotrema
A0A6A5Z917	cluster_1	~-L-A-L-M-Y-F-S-F-H--	Fungi	Ascomycota	Lophiotrema
A0A6A6A168	cluster_1	~-F-W-Q-G-Y-L-S-F-H--	Fungi	Ascomycota	Dothidotthia
A0A6A6A423	cluster_1	~-F-W-Q-S-Y-F-S-F-H--	Fungi	Ascomycota	Dothidotthia
A0A6A6AI16	cluster_1	~-F-W-Q-N-Y-F-S-F-H--	Fungi	Ascomycota	Dothidotthia
A0A6A6AJ64	cluster_1	~-F-W-Q-S-Y-L-S-F-H--	Fungi	Ascomycota	Dothidotthia
A0A6A6B666	cluster_1	~-F-W-Q-G-Y-F-S-F-H--	Fungi	Ascomycota	Aplosporella
A0A6A6BQV3	cluster_1	~-F-W-Q-G-Y-F-S-F-H--	Fungi	Ascomycota	Aplosporella
A0A6A6CTG2	cluster_1	~-F-W-Q-A-Y-F-S-F-H--	Fungi	Ascomycota	Zasmidium
A0A6A6E0T2	cluster_1	~-L-A-L-L-Y-F-S-F-H--	Fungi	Ascomycota	Zopfia
A0A6A6EQ99	cluster_1	~-F-W-Q-G-Y-L-S-F-H--	Fungi	Ascomycota	Zopfia
A0A6A6FLC5	cluster_1	~-F-W-Q-T-Y-F-S-F-H--	Fungi	Ascomycota	Cercospora
A0A6A6GKR1	cluster_1	~-F-W-Q-N-Y-F-S-F-H--	Fungi	Ascomycota	Elsinoe
A0A6A6I9W4	cluster_1	~-L-A-L-M-Y-F-S-F-H--	Fungi	Ascomycota	Trematosphaeria
A0A6A6IR15	cluster_3	~-F-W-E-G-Y-I-S-F-H-C	Fungi	Ascomycota	Trematosphaeria
A0A6A6IXE0	cluster_1	~-F-W-Q-G-Y-V-S-F-H--	Fungi	Ascomycota	Trematosphaeria
A0A6A6JCN2	cluster_1	~-F-W-Q-T-Y-L-S-F-H--	Fungi	Ascomycota	Westerdykella
A0A6A6JKI9	cluster_1	~-L-A-L-M-Y-F-S-F-H--	Fungi	Ascomycota	Westerdykella
A0A6A6JR23	cluster_3	~-F-W-E-G-Y-S-S-F-H-C	Fungi	Ascomycota	Westerdykella
A0A6A6JZL4	cluster_1	~-F-W-Q-T-Y-L-S-F-H--	Fungi	Ascomycota	Westerdykella
A0A6A6NZ05	cluster_1	~-F-W-Q-G-Y-F-S-F-H--	Fungi	Ascomycota	Lineolata
A0A6A6P305	cluster_1	~-F-W-Q-T-Y-F-S-F-H--	Fungi	Ascomycota	Lineolata
A0A6A6QIV8	cluster_1	~-F-W-E-G-Y-L-S-F-H--	Fungi	Ascomycota	Lophium
A0A6A6RY10	cluster_1	~-L-A-L-M-Y-F-S-F-H--	Fungi	Ascomycota	Massarina
A0A6A6TBX0	cluster_1	~-L-A-L-M-Y-F-S-F-H--	Fungi	Ascomycota	Lophiostoma
A0A6A6TTQ5	cluster_1	~-F-W-Q-S-Y-V-S-F-H--	Fungi	Ascomycota	Lophiostoma
A0A6A6U8W6	cluster_1	~-L-A-L-T-Y-P-S-F-H--	Fungi	Ascomycota	Microthyrium
A0A6A6UAE3	cluster_1	~-I-W-Q-S-Y-L-S-F-H--	Fungi	Ascomycota	Microthyrium
A0A6A6UN72	cluster_1	A-I-W-Q-G-Y-L-S-F-H--	Fungi	Ascomycota	Microthyrium
A0A6A6V5Z2	cluster_1	~-L-A-L-M-Y-F-S-F-H--	Fungi	Ascomycota	Sporormia
A0A6A6V9L9	cluster_1	~-F-W-Q-G-Y-V-S-F-H--	Fungi	Ascomycota	Sporormia
A0A6A6VLY7	cluster_3	~-F-W-E-G-Y-S-S-F-V-C	Fungi	Ascomycota	Sporormia
A0A6A6VNE3	cluster_1	~-F-W-Q-G-Y-L-S-F-H--	Fungi	Ascomycota	Sporormia
A0A6A6VYK2	cluster_1	~-F-W-Q-G-Y-V-S-F-H--	Fungi	Ascomycota	Pseudovirgaria
A0A6A6W7X2	cluster_124	~-F-W-E-N-Y-I-A-F-H-C	Fungi	Ascomycota	Pseudovirgaria
A0A6A6X999	cluster_3	~-F-W-E-G-Y-V-S-F-H-C	Fungi	Ascomycota	Melanomma
A0A6A6XS31	cluster_1	~-L-A-L-M-Y-F-S-F-H--	Fungi	Ascomycota	Melanomma
A0A6A6YDA9	cluster_1	~-F-W-Q-G-Y-L-S-F-H--	Fungi	Ascomycota	Mytilinidion
A0A6A6ZWM6	cluster_1	~-L-A-L-M-Y-F-S-F-H--	Fungi	Ascomycota	Ophiobolus
A0A6A7AAT9	cluster_1	~-F-W-Q-G-Y-L-S-F-H--	Fungi	Ascomycota	Ophiobolus
A0A6A7AEL9	cluster_1	~-F-W-Q-G-Y-L-S-F-H--	Fungi	Ascomycota	Ophiobolus
A0A6A7AZY7	cluster_1	~-F-W-T-T-Y-F-S-F-H--	Fungi	Ascomycota	Plenodomus
A0A6A7BAH6	cluster_1	~-F-W-Q-G-Y-L-S-F-H--	Fungi	Ascomycota	Plenodomus
A0A6A7BAZ2	cluster_1	~-F-W-Q-T-Y-F-S-F-H--	Fungi	Ascomycota	Plenodomus
A0A6G1GDK8	cluster_1	~-F-W-Q-A-Y-I-S-F-H--	Fungi	Ascomycota	Eremomyces
A0A6G1GF28	cluster_1	~-F-W-Q-A-Y-I-S-F-H--	Fungi	Ascomycota	Eremomyces
A0A6G1HXT1	cluster_1	T-F-W-D-G-Y-L-S-F-H--	Fungi	Ascomycota	Trichodelitschia
A0A6G1INV5	cluster_1	~-L-A-L-M-Y-F-S-F-H--	Fungi	Ascomycota	Lentithecium
A0A6G1JNJ9	cluster_1	~-F-W-Q-G-Y-L-S-F-H--	Fungi	Ascomycota	Lentithecium
A0A6G1K7W6	cluster_1	~-F-W-Q-G-Y-F-S-F-H--	Fungi	Ascomycota	Pleomassaria
A0A6G1KA37	cluster_1	~-L-A-L-M-Y-F-S-F-H--	Fungi	Ascomycota	Pleomassaria
A0A6G1L2W6	cluster_1	~-F-W-Q-A-Y-F-S-F-H--	Fungi	Ascomycota	Teratosphaeria
A0A6G1M512	cluster_1	~-F-F-E-G-Y-L-S-F-H--	Fungi	Ascomycota	Orbilia
A0A6P8AME8	cluster_1	~-F-W-Q-A-Y-I-S-F-H--	Fungi	Ascomycota	Pyricularia
A0A6P8BEE0	cluster_1	~-F-W-G-T-Y-V-S-F-H--	Fungi	Ascomycota	Pyricularia
A0A6P8BJH6	cluster_1	~-F-F-E-A-Y-K-S-F-H--	Fungi	Ascomycota	Pyricularia
A0A6P8BM78	cluster_1	~-F-W-E-G-Y-V-S-F-H--	Fungi	Ascomycota	Pyricularia
A0A6S6W4U5	cluster_1	~-F-W-Q-G-Y-F-S-F-H--	Fungi	Ascomycota	Pyrenophora
A0A6S6W716	cluster_1	~-F-W-Q-S-Y-F-S-F-H--	Fungi	Ascomycota	Pyrenophora
A0A6S6WQV4	cluster_1	~-F-W-Q-V-Y-V-S-F-H--	Fungi	Ascomycota	Pyrenophora
A0A6V7TIR8	cluster_1	~-F-W-E-D-Y-R-S-F-H--	Animals	Nematoda	Meloidogyne
A0A7C8IMI0	cluster_1	~-L-A-L-T-Y-P-S-F-H--	Fungi	Ascomycota	Xylaria
A0A7C8IQU8	cluster_148	~-F-W-E-N-Y-I-A-F-H-C	Fungi	Ascomycota	Xylaria
A0A7C8JV30	cluster_1	~-F-F-E-G-Y-L-S-F-H--	Fungi	Ascomycota	Orbilia
A0A7C8KEE4	cluster_1	~-F-F-E-G-Y-L-S-F-H--	Fungi	Ascomycota	Orbilia
A0A7C8M1F0	cluster_1	~-L-A-L-M-Y-F-S-F-H--	Fungi	Ascomycota	Massariosphaeria
A0A7C8MA78	cluster_1	~-F-W-Q-G-Y-L-S-F-H--	Fungi	Ascomycota	Massariosphaeria
A0A7C8N8T9	cluster_1	~-F-F-E-G-Y-L-S-F-H--	Fungi	Ascomycota	Orbilia
A0A7C8U0Y1	cluster_1	~-F-F-E-G-Y-L-S-F-H--	Fungi	Ascomycota	Orbilia
A0A7C8VB42	cluster_1	~-F-F-E-G-Y-L-S-F-H--	Fungi	Ascomycota	Orbilia
A0A7D5YXM1	cluster_3	~-F-W-E-N-Y-A-S-F-H-C	Fungi	Ascomycota	Metarhizium
A0A7I4XWD5	cluster_1	H-F-W-A-D-Y-T-S-F-H--	Animals	Nematoda	Haemonchus
A0A7J6IUN5	cluster_1	~-F-W-Q-G-Y-P-S-F-H--	Fungi	Ascomycota	Colletotrichum
A0A7J6J1N9	cluster_1	~-F-W-Q-G-Y-V-S-F-H--	Fungi	Ascomycota	Colletotrichum
A0A7J6J5U3	cluster_1	~-F-W-Q-G-Y-F-S-F-H--	Fungi	Ascomycota	Colletotrichum
A0A7R7X9F5	cluster_1	~-F-W-Q-S-Y-F-S-F-H--	Fungi	Ascomycota	Aspergillus
A0A7U2EU21	cluster_1	~-F-W-Q-T-Y-F-S-F-H--	Fungi	Ascomycota	Phaeosphaeria
A0A7U2EUN7	cluster_1	~-F-W-Q-T-Y-F-S-F-H-C	Fungi	Ascomycota	Phaeosphaeria
A0A7U2F4F3	cluster_1	~-F-W-Q-G-Y-L-S-F-H--	Fungi	Ascomycota	Phaeosphaeria
A0A7U2F4G3	cluster_1	~-F-W-Q-T-Y-L-S-F-H--	Fungi	Ascomycota	Phaeosphaeria
A0A7U2FAU1	cluster_1	~-F-W-E-S-Y-A-S-F-H--	Fungi	Ascomycota	Phaeosphaeria
A0A811KY04	cluster_1	~-F-W-E-D-Y-R-S-F-H--	Animals	Nematoda	Bursaphelenchus
A0A812CHS0	cluster_30	~-F-W-E-N-Y-L-T-F-H-C	Animals	Mollusca	Acanthosepion
A0A8E0QKL5	cluster_1	~-F-W-Q-S-Y-F-S-F-H--	Fungi	Ascomycota	Aspergillus
A0A8E2AKR6	cluster_3	~-F-W-E-D-Y-P-A-F-H-C	Fungi	Basidiomycota	Obba
A0A8E2AW04	cluster_3	~-F-W-E-D-Y-P-A-F-H-C	Fungi	Basidiomycota	Obba
A0A8E2E888	cluster_1	~-F-W-E-G-Y-L-S-F-H--	Fungi	Ascomycota	Lepidopterella
A0A8E2EM46	cluster_3	~-F-W-E-D-Y-I-A-F-H-C	Fungi	Ascomycota	Glonium
A0A8E2F5T7	cluster_1	~-F-W-E-G-Y-L-S-F-H--	Fungi	Ascomycota	Glonium
A0A8E2J837	cluster_1	~-F-W-Q-G-Y-L-S-F-H--	Fungi	Ascomycota	Lepidopterella
A0A8E2JWP1	cluster_1	~-F-W-Q-G-Y-L-S-F-H--	Fungi	Ascomycota	Glonium
A0A8G1VJJ2	cluster_1	~-F-W-Q-G-Y-V-S-F-H--	Fungi	Ascomycota	Aspergillus
A0A8G1VV01	cluster_1	~-F-W-Q-G-Y-V-S-F-H--	Fungi	Ascomycota	Aspergillus
A0A8H3BYP2	cluster_1	~-F-W-E-T-Y-P-S-F-H--	Fungi	Basidiomycota	Rhizoctonia
A0A8H3N1T5	cluster_1	~-F-W-Q-S-Y-F-S-F-H--	Fungi	Ascomycota	Aspergillus
A0A8H3NML7	cluster_1	~-F-W-Q-G-Y-V-S-F-H--	Fungi	Ascomycota	Aspergillus
A0A8H3SVZ6	cluster_1	~-F-W-Q-G-Y-V-S-F-H--	Fungi	Ascomycota	Aspergillus
A0A8H3USQ9	cluster_1	~-F-W-E-F-Y-F-S-F-H--	Fungi	Ascomycota	Venturia
A0A8H3VZM9	cluster_1	~-F-W-Q-G-Y-P-S-F-H--	Fungi	Ascomycota	Colletotrichum
A0A8H3W6Q4	cluster_1	~-F-W-Q-G-Y-F-S-F-H--	Fungi	Ascomycota	Colletotrichum
A0A8H3WJV1	cluster_1	~-F-W-Q-G-Y-V-S-F-H--	Fungi	Ascomycota	Colletotrichum
A0A8H3ZHC1	cluster_1	~-F-W-E-G-Y-L-S-F-H--	Fungi	Ascomycota	Colletotrichum
A0A8H3ZW58	cluster_1	~-F-W-G-T-Y-P-S-F-H--	Fungi	Ascomycota	Colletotrichum
A0A8H3ZY08	cluster_1	~-F-W-Q-G-Y-V-S-F-H--	Fungi	Ascomycota	Colletotrichum
A0A8H4CME3	cluster_1	~-F-W-Q-G-Y-V-S-F-H--	Fungi	Ascomycota	Colletotrichum
A0A8H4CQC8	cluster_1	~-F-W-Q-G-Y-F-S-F-H--	Fungi	Ascomycota	Colletotrichum
A0A8H4CT47	cluster_1	~-F-W-G-T-Y-P-S-F-H--	Fungi	Ascomycota	Colletotrichum
A0A8H4FBY6	cluster_1	~-F-W-Q-G-Y-P-S-F-H--	Fungi	Ascomycota	Colletotrichum
A0A8H4FPM4	cluster_1	~-F-W-E-G-Y-L-S-F-H--	Fungi	Ascomycota	Colletotrichum
A0A8H4GTU5	cluster_1	~-F-W-Q-G-Y-V-S-F-H--	Fungi	Ascomycota	Aspergillus
A0A8H4H8E0	cluster_297	~-F-W-Q-S-Y-F-S-F-H--	Fungi	Ascomycota	Aspergillus
A0A8H4ITZ1	cluster_1	~-F-W-Q-G-Y-F-S-F-H--	Fungi	Ascomycota	Botryosphaeria
A0A8H4JZT0	cluster_1	~-F-W-Q-G-Y-V-S-F-H--	Fungi	Ascomycota	Fusarium
A0A8H4KMC7	cluster_1	~-F-W-Q-G-Y-V-S-F-H--	Fungi	Ascomycota	Fusarium
A0A8H4L3K1	cluster_1049	~-F-W-Q-G-Y-V-S-F-H--	Fungi	Ascomycota	Fusarium
A0A8H4N5Q2	cluster_1	~-F-W-Q-G-Y-V-S-F-H--	Fungi	Ascomycota	Botryosphaeria
A0A8H4P153	cluster_1	~-F-W-Q-A-Y-L-S-F-H--	Fungi	Ascomycota	Fusarium
A0A8H4RCD7	cluster_3	~-F-W-E-N-Y-I-A-F-H-C	Fungi	Ascomycota	Cudoniella
A0A8H4RXW4	cluster_1051	~-L-A-L-L-Y-F-S-F-H--	Fungi	Ascomycota	Cudoniella
A0A8H4TN67	cluster_1	~-F-W-Q-G-Y-V-S-F-H--	Fungi	Ascomycota	Fusarium
A0A8H4W5E3	cluster_1	~-F-W-Q-T-Y-F-S-F-H--	Fungi	Ascomycota	Cudoniella
A0A8H4WA62	cluster_3	~-F-W-E-N-Y-V-S-F-H-C	Fungi	Ascomycota	Cudoniella
A0A8H4XA50	cluster_1	~-F-W-Q-G-Y-V-S-F-H--	Fungi	Ascomycota	Fusarium
A0A8H4XP10	cluster_1	~-F-W-Q-G-Y-V-S-F-H--	Fungi	Ascomycota	Fusarium
A0A8H5E8T2	cluster_1	~-F-W-Q-G-Y-V-S-F-H--	Fungi	Ascomycota	Fusarium
A0A8H5ET41	cluster_1	~-F-W-E-G-Y-L-Y-F-H--	Fungi	Basidiomycota	Psilocybe
A0A8H5K7H7	cluster_1	~-F-W-Q-G-Y-V-S-F-H--	Fungi	Ascomycota	Fusarium
A0A8H5MYS2	cluster_1	~-F-W-Q-G-Y-V-S-F-H--	Fungi	Ascomycota	Fusarium
A0A8H5NDH7	cluster_1	~-F-W-Q-G-Y-V-S-F-H--	Fungi	Ascomycota	Fusarium
A0A8H5NV84	cluster_1	~-F-W-Q-G-Y-V-S-F-H--	Fungi	Ascomycota	Fusarium
A0A8H5Q4V2	cluster_1	~-F-W-Q-G-Y-V-S-F-H--	Fungi	Ascomycota	Gibberella
A0A8H5TJM2	cluster_1	~-F-W-Q-G-Y-V-S-F-H--	Fungi	Ascomycota	Fusarium
A0A8H5U2G8	cluster_1	~-F-W-Q-G-Y-V-S-F-H--	Fungi	Ascomycota	Fusarium
A0A8H5USK3	cluster_1	~-F-W-Q-G-Y-V-S-F-H--	Fungi	Ascomycota	Fusarium
A0A8H5VR89	cluster_1	~-F-W-Q-G-Y-V-S-F-H--	Fungi	Ascomycota	Fusarium
A0A8H5WU54	cluster_1	~-F-W-Q-G-Y-V-S-F-H--	Fungi	Ascomycota	Fusarium
A0A8H5Y692	cluster_1	~-F-W-Q-G-Y-V-S-F-H--	Fungi	Ascomycota	Fusarium
A0A8H5Z228	cluster_1	~-F-W-Q-G-Y-V-S-F-H--	Fungi	Ascomycota	Fusarium
A0A8H5ZGI7	cluster_1	~-F-W-Q-S-Y-I-S-F-H--	Fungi	Ascomycota	Cochliobolus
A0A8H5ZGU7	cluster_1	~-F-W-Q-A-Y-F-S-F-H--	Fungi	Ascomycota	Cochliobolus
A0A8H5ZHE0	cluster_1	~-F-W-Q-T-Y-F-S-F-H--	Fungi	Ascomycota	Cochliobolus
A0A8H5ZPY0	cluster_1	~-F-W-Q-G-Y-F-S-F-H--	Fungi	Ascomycota	Cochliobolus
A0A8H6GQK0	cluster_1	~-F-W-Q-G-Y-V-S-F-H--	Fungi	Ascomycota	Fusarium
A0A8H6IQ64	cluster_1	~-F-W-Q-G-Y-L-S-F-H--	Fungi	Ascomycota	Colletotrichum
A0A8H6IU52	cluster_1	~-F-W-E-G-Y-L-S-F-H--	Fungi	Ascomycota	Colletotrichum
A0A8H6IWA6	cluster_1	~-F-W-Q-G-Y-P-S-F-H--	Fungi	Ascomycota	Colletotrichum
A0A8H6IY60	cluster_1	~-F-W-G-T-Y-V-S-F-H--	Fungi	Ascomycota	Colletotrichum
A0A8H6IZN0	cluster_1	~-F-W-G-T-Y-V-S-F-H--	Fungi	Ascomycota	Colletotrichum
A0A8H6IZS0	cluster_1	~-F-W-Q-G-Y-V-S-F-H--	Fungi	Ascomycota	Colletotrichum
A0A8H6J983	cluster_1	~-F-W-Q-G-Y-V-S-F-H--	Fungi	Ascomycota	Colletotrichum
A0A8H6JFM5	cluster_1	~-F-W-Q-A-Y-F-S-F-H--	Fungi	Ascomycota	Colletotrichum
A0A8H6JLP4	cluster_1	~-F-W-E-G-Y-L-S-F-H--	Fungi	Ascomycota	Colletotrichum
A0A8H6JQY8	cluster_1	~-F-W-Q-G-Y-L-S-F-H--	Fungi	Ascomycota	Colletotrichum
A0A8H6K989	cluster_1	~-F-W-Q-G-Y-P-S-F-H--	Fungi	Ascomycota	Colletotrichum
A0A8H6KBA5	cluster_1	~-F-W-Q-A-Y-F-S-F-H--	Fungi	Ascomycota	Colletotrichum
A0A8H6KDD4	cluster_1	~-F-W-Q-G-Y-L-S-F-H--	Fungi	Ascomycota	Colletotrichum
A0A8H6KFC1	cluster_1	~-F-W-G-T-Y-V-S-F-H--	Fungi	Ascomycota	Colletotrichum
A0A8H6NC09	cluster_1	~-F-W-E-G-Y-L-S-F-H--	Fungi	Ascomycota	Colletotrichum
A0A8H6NEA7	cluster_1	~-F-W-Q-G-Y-V-S-F-H--	Fungi	Ascomycota	Colletotrichum
A0A8H6NJ52	cluster_1	~-F-W-Q-A-Y-F-P-F-H--	Fungi	Ascomycota	Colletotrichum
A0A8H6NMK0	cluster_1	~-F-W-Q-G-Y-P-S-F-H--	Fungi	Ascomycota	Colletotrichum
A0A8H6P2A3	cluster_1	~-F-W-Q-G-Y-V-S-F-H--	Fungi	Ascomycota	Aspergillus
A0A8H6PEN0	cluster_1	~-F-W-Q-S-Y-F-S-F-H--	Fungi	Ascomycota	Aspergillus
A0A8H6Q3V1	cluster_406	~-F-W-Q-S-Y-F-S-F-H--	Fungi	Ascomycota	Aspergillus
A0A8H6QIW3	cluster_1	~-F-W-Q-G-Y-V-S-F-H--	Fungi	Ascomycota	Aspergillus
A0A8H6QJJ2	cluster_1	~-F-W-Q-G-Y-V-S-F-H--	Fungi	Ascomycota	Aspergillus
A0A8H6R1E0	cluster_407	~-F-W-Q-S-Y-F-S-F-H--	Fungi	Ascomycota	Aspergillus
A0A8H6VED4	cluster_1	~-F-W-Q-G-Y-V-S-F-H--	Fungi	Ascomycota	Aspergillus
A0A8H7EE91	cluster_1	~-F-W-Q-T-Y-L-S-F-H--	Fungi	Ascomycota	Alternaria
A0A8H7EGD0	cluster_413	~-F-W-Q-S-Y-F-S-F-H--	Fungi	Ascomycota	Alternaria
A0A8H7EH36	cluster_1	~-F-W-Q-T-Y-F-S-F-H--	Fungi	Ascomycota	Alternaria
A0A8H7EHU6	cluster_1	~-F-W-Q-N-Y-M-S-F-H--	Fungi	Ascomycota	Alternaria
A0A8H7EIF0	cluster_1	~-F-W-Q-G-Y-F-S-F-H--	Fungi	Ascomycota	Alternaria
A0A8H7J743	cluster_1	~-F-W-Q-S-Y-L-S-F-H--	Fungi	Ascomycota	Ascochyta
A0A8H7J751	cluster_1	~-F-W-Q-S-Y-F-S-F-H--	Fungi	Ascomycota	Ascochyta
A0A8H7MAH7	cluster_1	~-F-W-Q-G-Y-F-S-F-H--	Fungi	Ascomycota	Lasiodiplodia
A0A8H7MD11	cluster_1	~-F-F-Q-G-Y-L-S-F-H--	Fungi	Ascomycota	Ascochyta
A0A8H7NNH4	cluster_1	~-F-W-Q-G-Y-V-S-F-H--	Fungi	Ascomycota	Bionectria
A0A8H7T090	cluster_1	~-F-W-N-S-Y-F-S-F-H--	Fungi	Ascomycota	Cadophora
A0A8H7W5S0	cluster_1	~-F-W-G-V-Y-V-S-F-H--	Fungi	Ascomycota	Cadophora
A0A8H7W829	cluster_1	~-F-W-Q-G-Y-T-S-F-H--	Fungi	Ascomycota	Cadophora
A0A8H7WDA9	cluster_1	~-F-W-Q-T-Y-F-S-F-H--	Fungi	Ascomycota	Cadophora
A0A8H7Z3G6	cluster_45	~-F-W-E-N-Y-I-A-F-H-C	Fungi	Ascomycota	Ajellomyces
A0A8H8P6Q4	cluster_1	~-F-W-E-T-Y-P-S-F-H--	Fungi	Basidiomycota	Rhizoctonia
A0A8H8UJ86	cluster_1	~-F-W-Q-G-Y-L-S-F-H--	Fungi	Ascomycota	Lachnellula
A0A8J2IDN1	cluster_1	~-F-W-Q-T-Y-L-S-F-H--	Fungi	Ascomycota	Alternaria
A0A8J2N4P6	cluster_1	~-F-W-Q-T-Y-F-S-F-H--	Fungi	Ascomycota	Alternaria
A0A8J2N5E0	cluster_1	~-F-W-Q-S-Y-F-S-F-H--	Fungi	Ascomycota	Alternaria
A0A8J2N5V0	cluster_1	~-F-W-Q-G-Y-F-S-F-H--	Fungi	Ascomycota	Alternaria
A0A8J2NJK9	cluster_1	~-F-W-Q-G-Y-V-S-F-H--	Fungi	Ascomycota	Fusarium
A0A8J2NKZ4	cluster_1	~-F-W-Q-G-Y-L-S-F-H--	Fungi	Ascomycota	Fusarium
A0A8J5Q444	cluster_1	~-F-W-Q-G-Y-V-S-F-H--	Fungi	Ascomycota	Fusarium
A0A8J5TWT7	cluster_1	~-F-W-Q-G-Y-V-S-F-H--	Fungi	Ascomycota	Fusarium
A0A8K0R411	cluster_1	~-F-W-Q-I-Y-V-S-F-H--	Fungi	Ascomycota	Paraphoma
A0A8K0RWF0	cluster_1	~-F-W-Q-G-Y-V-S-F-H--	Fungi	Ascomycota	Fusarium
A0A8K0SFD5	cluster_1	~-F-W-N-S-Y-I-S-F-H--	Fungi	Ascomycota	Stachybotrys
A0A8K0STX4	cluster_1	~-F-W-N-S-Y-F-S-F-H--	Fungi	Ascomycota	Stachybotrys
A0A8K0SZ49	cluster_3	~-F-W-E-N-Y-I-A-F-H-C	Fungi	Ascomycota	Stachybotrys
A0A8K0T241	cluster_1	~-F-W-Q-S-Y-V-S-F-H--	Fungi	Ascomycota	Stachybotrys
A0A8K0T5X5	cluster_1	~-F-W-E-G-Y-L-S-F-H--	Fungi	Ascomycota	Plectosphaerella
A0A8K0T7L1	cluster_1	~-F-W-Q-G-Y-V-S-F-H--	Fungi	Ascomycota	Plectosphaerella
A0A8K0T9Q5	cluster_1	~-F-W-G-T-Y-V-S-F-H--	Fungi	Ascomycota	Plectosphaerella
A0A8K0VRX6	cluster_1	~-F-W-Q-G-Y-V-S-F-H--	Fungi	Ascomycota	Paraphoma
A0A8K0VW54	cluster_1	~-F-W-Q-T-Y-L-S-F-H--	Fungi	Ascomycota	Paraphoma
A0A8K0VYL3	cluster_1	~-F-W-Q-A-Y-F-S-F-H--	Fungi	Ascomycota	Paraphoma
A0A8K0W0Q0	cluster_1	~-F-W-Q-G-Y-L-S-F-H--	Fungi	Ascomycota	Paraphoma
A0A8K0W1B4	cluster_1	~-F-W-Q-L-Y-F-S-F-H--	Fungi	Ascomycota	Paraphoma
A0A8K1W5Q1	cluster_1	~-F-W-Q-S-Y-F-S-F-H--	Fungi	Ascomycota	Stemphylium
A0A8S0WA24	cluster_1	~-F-W-E-D-Y-F-S-F-H--	Fungi	Basidiomycota	Cyclocybe
A0A8S0X4V0	cluster_1	~-F-W-E-A-Y-F-S-F-H--	Fungi	Basidiomycota	Cyclocybe
A0A8S8ZKT3	cluster_1	~-F-W-E-G-Y-A-S-F-H--	Fungi	Ascomycota	Sordaria
A0A8S8ZSZ5	cluster_1	~-F-W-Q-F-Y-G-G-F-H--	Fungi	Ascomycota	Sordaria
A0A8S9ZXM6	cluster_1	H-F-W-E-D-Y-R-S-F-H--	Animals	Nematoda	Meloidogyne
A0A8T2S7I0	cluster_4	C-F-W-E-T-Y-F-A-F-H-C	Plants	Streptophyta	Ceratopteris
A0A8T2S9I7	cluster_4	~-F-W-E-T-Y-F-A-F-H-C	Plants	Streptophyta	Ceratopteris
A0A8T2SAK0	cluster_4	C-F-W-E-S-Y-F-A-F-H-C	Plants	Streptophyta	Ceratopteris
A0A8T2SAR2	cluster_4	C-F-W-E-T-Y-F-A-F-H-C	Plants	Streptophyta	Ceratopteris
A0A8T2SYA7	cluster_4	C-F-W-E-N-Y-F-A-F-H-C	Plants	Streptophyta	Ceratopteris
A0A8T2UT99	cluster_4	C-F-W-E-N-Y-F-A-F-H-C	Plants	Streptophyta	Ceratopteris
A0A8T2UTL7	cluster_4	~-F-W-E-N-Y-F-A-F-H-C	Plants	Streptophyta	Ceratopteris
A0A8T2UW48	cluster_4	~-F-W-E-N-Y-F-A-F-H-C	Plants	Streptophyta	Ceratopteris
A0A8T2UWW7	cluster_4	C-F-W-E-N-Y-F-A-F-H-C	Plants	Streptophyta	Ceratopteris
A0A8T2V169	cluster_4	~-F-W-E-N-Y-F-A-F-H-C	Plants	Streptophyta	Ceratopteris
A0A8T2ZMY6	cluster_4	~-F-W-E-T-Y-F-A-F-H-C	Plants	Streptophyta	Populus
A0A8T2ZN39	cluster_4	~-F-W-E-T-Y-F-A-F-H-C	Plants	Streptophyta	Populus
A0A8T3BS23	cluster_4	~-F-W-E-N-Y-F-A-F-H-C	Plants	Streptophyta	Dendrobium
A0A8T8X0L8	cluster_1	~-F-W-Q-G-Y-V-S-F-H--	Fungi	Ascomycota	Aspergillus
A0A8T9B2E5	cluster_1	~-F-W-Q-G-Y-L-S-F-H--	Fungi	Ascomycota	Lachnellula
A0A8X8APH5	cluster_4	~-F-W-E-T-Y-F-A-F-H-C	Plants	Streptophyta	Populus
A0A914GX34	cluster_880	~-F-W-E-D-Y-R-S-F-H--	Animals	Nematoda	Globodera
A0A914I0C7	cluster_1	~-F-W-E-D-Y-R-S-F-H--	Animals	Nematoda	Globodera
A0A914KGN4	cluster_1	~-F-W-E-D-Y-R-S-F-H--	Animals	Nematoda	Meloidogyne
A0A915PE14	cluster_1	~-F-W-E-D-Y-R-S-F-H--	Animals	Nematoda	Meloidogyne
A0A9D4V7B7	cluster_4	~-F-W-E-N-Y-F-A-F-H-C	Plants	Streptophyta	Adiantum
A0A9D4V7H8	cluster_4	C-F-W-E-N-Y-F-A-F-H-C	Plants	Streptophyta	Adiantum
A0A9D4ZI76	cluster_4	~-F-W-E-G-Y-F-A-F-H-C	Plants	Streptophyta	Adiantum
A0A9N8K3K3	cluster_1	~-F-W-Q-G-Y-V-S-F-H--	Fungi	Ascomycota	Aureobasidium
A0A9N8NMX8	cluster_1	~-F-W-Q-G-Y-L-S-F-H--	Fungi	Ascomycota	Gibberella
A0A9N8PE23	cluster_1	~-F-W-Q-G-Y-V-S-F-H--	Fungi	Ascomycota	Aureobasidium
A0A9N8PV96	cluster_1	~-F-W-Q-G-Y-V-S-F-H--	Fungi	Ascomycota	Aureobasidium
A0A9N9KP73	cluster_1	~-F-W-Q-S-Y-F-S-F-L--	Fungi	Ascomycota	Hymenoscyphus
A0A9N9LGU7	cluster_1	~-F-W-Q-S-Y-F-S-F-L--	Fungi	Ascomycota	Hymenoscyphus
A0A9N9LV02	cluster_1	~-F-W-G-A-Y-F-S-F-H--	Fungi	Ascomycota	Hymenoscyphus
A0A9N9LW39	cluster_1	~-F-W-Q-T-Y-F-S-F-H--	Fungi	Ascomycota	Hymenoscyphus
A0A9N9PMJ6	cluster_1	~-F-W-Q-T-Y-F-S-F-H--	Fungi	Ascomycota	Hymenoscyphus
A0A9N9UEC1	cluster_1	~-F-W-Q-G-Y-V-S-F-H--	Fungi	Ascomycota	Clonostachys
A0A9N9V1A8	cluster_1	~-F-W-Q-G-Y-V-S-F-H--	Fungi	Ascomycota	Clonostachys
A0A9N9WBR4	cluster_1	~-F-W-E-G-Y-L-S-F-H--	Fungi	Ascomycota	Clonostachys
A0A9N9XZG9	cluster_1	~-F-W-D-L-Y-F-S-F-N--	Fungi	Ascomycota	Clonostachys
A0A9N9Z3J5	cluster_1	~-F-W-Q-G-Y-V-S-F-H--	Fungi	Ascomycota	Clonostachys
A0A9P1H0N5	cluster_1	~-L-S-L-S-Y-F-S-F-H--	Fungi	Ascomycota	Parascedosporium
A0A9P1M7K0	cluster_1	~-L-A-M-I-Y-P-S-F-H--	Fungi	Ascomycota	Parascedosporium
A0A9P1ME48	cluster_1	~-F-W-Q-G-Y-P-S-F-H--	Fungi	Ascomycota	Parascedosporium
A0A9P3B8H5	cluster_1	~-F-W-Q-S-Y-F-S-F-H--	Fungi	Ascomycota	Aspergillus
A0A9P3BS07	cluster_1	~-F-W-Q-G-Y-V-S-F-H--	Fungi	Ascomycota	Aspergillus
A0A9P3C2H1	cluster_1	~-F-W-Q-G-Y-V-S-F-H--	Fungi	Ascomycota	Aspergillus
A0A9P3F8W2	cluster_1	~-F-W-Q-S-Y-F-S-F-H--	Fungi	Ascomycota	Aspergillus
A0A9P3F909	cluster_1	~-F-W-Q-A-Y-F-S-F-H--	Fungi	Ascomycota	Cercospora
A0A9P3FDS5	cluster_1	~-F-W-Q-G-Y-V-S-F-H--	Fungi	Ascomycota	Cercospora
A0A9P4H881	cluster_1	~-F-W-Q-G-Y-V-S-F-H--	Fungi	Ascomycota	Setomelanomma
A0A9P4HN24	cluster_1	~-F-W-Q-L-Y-F-S-F-H--	Fungi	Ascomycota	Setomelanomma
A0A9P4HN88	cluster_1	~-F-W-Q-G-Y-V-S-F-H--	Fungi	Ascomycota	Saccharata
A0A9P4IKI1	cluster_3	~-F-W-E-N-Y-N-S-F-H-C	Fungi	Ascomycota	Rhizodiscina
A0A9P4JGI5	cluster_1	~-F-W-Q-G-Y-V-S-F-H--	Fungi	Ascomycota	Delitschia
A0A9P4K8D0	cluster_1	~-L-G-L-M-Y-F-S-F-H--	Fungi	Ascomycota	Lojkania
A0A9P4LIH7	cluster_1	~-F-W-Q-T-Y-F-S-F-H--	Fungi	Ascomycota	Setomelanomma
A0A9P4MUD9	cluster_3	~-F-W-E-G-Y-L-S-F-H-C	Fungi	Ascomycota	Delitschia
A0A9P4MWE6	cluster_1	~-L-A-L-L-Y-F-S-F-H--	Fungi	Ascomycota	Delitschia
A0A9P4NV31	cluster_1	~-F-W-E-A-Y-F-S-F-H--	Fungi	Ascomycota	Tothia
A0A9P4PMY7	cluster_1	~-L-A-L-M-Y-F-S-F-H--	Fungi	Ascomycota	Karstenula
A0A9P4QAR5	cluster_1	~-F-W-E-G-Y-L-S-F-H--	Fungi	Ascomycota	Polychaeton
A0A9P4QZV1	cluster_1	~-L-A-L-M-Y-F-S-F-H--	Fungi	Ascomycota	Polyplosphaeria
A0A9P4S7W4	cluster_1	~-F-W-Q-T-Y-F-S-F-H--	Fungi	Ascomycota	Patellaria
A0A9P4TA03	cluster_1	~-F-W-Q-T-Y-L-S-F-H--	Fungi	Ascomycota	Curvularia
A0A9P4TK21	cluster_1	~-F-W-Q-S-Y-L-S-F-H--	Fungi	Ascomycota	Curvularia
A0A9P4TMA3	cluster_1	~-F-W-Q-G-Y-L-S-F-H--	Fungi	Ascomycota	Curvularia
A0A9P4TRZ5	cluster_1	~-F-W-Q-G-Y-L-S-F-H--	Fungi	Ascomycota	Lojkania
A0A9P4U8D7	cluster_1	~-F-W-Q-G-Y-V-S-F-H--	Fungi	Ascomycota	Karstenula
A0A9P4VAE9	cluster_1	~-F-W-Q-G-Y-V-S-F-H--	Fungi	Ascomycota	Polyplosphaeria
A0A9P4W8U6	cluster_1	~-F-W-Q-S-Y-F-S-F-H--	Fungi	Ascomycota	Curvularia
A0A9P4WHE2	cluster_1	~-F-W-Q-S-Y-F-S-F-H--	Fungi	Ascomycota	Didymella
A0A9P4WQQ5	cluster_1	~-F-W-Q-G-Y-L-S-F-H--	Fungi	Ascomycota	Didymella
A0A9P5BXF7	cluster_1	~-F-W-Q-S-Y-L-S-F-H--	Fungi	Ascomycota	Didymella
A0A9P5E2M0	cluster_1	~-F-W-Q-G-Y-V-S-F-H--	Fungi	Ascomycota	Fusarium
A0A9P5E4U5	cluster_1	~-F-W-Q-G-Y-V-S-F-H--	Fungi	Ascomycota	Fusarium
A0A9P5EPY6	cluster_1	~-F-W-Q-G-Y-P-S-F-H--	Fungi	Ascomycota	Colletotrichum
A0A9P5ERR0	cluster_1	~-F-W-Q-G-Y-V-S-F-H--	Fungi	Ascomycota	Colletotrichum
A0A9P5EYL5	cluster_1	~-F-W-Q-G-Y-V-S-F-H--	Fungi	Ascomycota	Colletotrichum
A0A9P5H912	cluster_1	~-F-W-Q-G-Y-V-S-F-H--	Fungi	Ascomycota	Cylindrodendrum
A0A9P5K589	cluster_1	~-F-W-G-T-Y-P-S-F-H--	Fungi	Ascomycota	Colletotrichum
A0A9P5K6D0	cluster_1	~-F-W-Q-G-Y-F-S-F-H--	Fungi	Ascomycota	Colletotrichum
A0A9P5K9C7	cluster_1	~-F-W-E-G-Y-L-S-F-H--	Fungi	Ascomycota	Colletotrichum
A0A9P5L1F5	cluster_1	~-F-W-Q-G-Y-V-S-F-H--	Fungi	Ascomycota	Penicillium
A0A9P5Z365	cluster_1	~-F-W-E-D-Y-F-S-F-H--	Fungi	Basidiomycota	Pholiota
A0A9P6CAG6	cluster_1	~-F-W-D-G-Y-L-S-F-H--	Fungi	Basidiomycota	Collybia
A0A9P6CCN6	cluster_1	~-F-W-E-G-Y-L-S-F-H--	Fungi	Basidiomycota	Collybia
A0A9P6CQJ4	cluster_1	~-F-W-E-G-Y-L-S-F-H--	Fungi	Basidiomycota	Pholiota
A0A9P6ES30	cluster_1	~-F-W-D-N-Y-V-G-F-H--	Fungi	Basidiomycota	Crepidotus
A0A9P6GF49	cluster_1	~-L-A-L-M-Y-F-S-F-H--	Fungi	Ascomycota	Paraphaeosphaeria
A0A9P6GHV8	cluster_1	~-F-W-Q-G-Y-V-S-F-H--	Fungi	Ascomycota	Paraphaeosphaeria
A0A9P6I069	cluster_1	~-F-W-Q-G-Y-P-S-F-H--	Fungi	Ascomycota	Colletotrichum
A0A9P6IHM1	cluster_1054	~-F-W-Q-G-Y-V-S-F-H--	Fungi	Ascomycota	Colletotrichum
A0A9P6KLR9	cluster_1	~-F-W-Q-S-Y-V-S-F-H--	Fungi	Ascomycota	Paraphaeosphaeria
A0A9P6LD84	cluster_1	~-F-W-E-G-Y-L-S-F-H--	Fungi	Ascomycota	Colletotrichum
A0A9P6LG07	cluster_1055	~-F-W-Q-G-Y-V-S-F-H--	Fungi	Ascomycota	Colletotrichum
A0A9P6LLF6	cluster_1	~-F-W-G-T-Y-P-S-F-H--	Fungi	Ascomycota	Colletotrichum
A0A9P7H6V4	cluster_1	~-F-W-Q-G-Y-V-S-F-H--	Fungi	Ascomycota	Fusarium
A0A9P7HLC1	cluster_1	~-F-W-Q-G-Y-V-S-F-H--	Fungi	Ascomycota	Fusarium
A0A9P7QRK7	cluster_1	~-F-W-E-G-Y-L-S-F-H--	Fungi	Ascomycota	Colletotrichum
A0A9P7QS01	cluster_1	~-F-W-G-T-Y-P-S-F-H--	Fungi	Ascomycota	Colletotrichum
A0A9P7R6W9	cluster_1	~-F-W-Q-G-Y-V-S-F-H--	Fungi	Ascomycota	Colletotrichum
A0A9P7UIY2	cluster_1	~-F-W-Q-G-Y-P-S-F-H--	Fungi	Ascomycota	Colletotrichum
A0A9P7UJ56	cluster_1	~-F-W-Q-G-Y-V-S-F-H--	Fungi	Ascomycota	Colletotrichum
A0A9P7YDW7	cluster_1	~-L-A-L-I-Y-F-S-F-H--	Fungi	Ascomycota	Amylocarpus
A0A9P7ZEN4	cluster_1	~-F-W-Q-T-Y-L-S-F-H--	Fungi	Ascomycota	Emericellopsis
A0A9P7ZR50	cluster_1	~-F-W-Q-G-Y-V-S-F-H--	Fungi	Ascomycota	Emericellopsis
A0A9P8C4W8	cluster_1	~-F-W-Q-T-Y-F-S-F-H--	Fungi	Ascomycota	Amylocarpus
A0A9P8CJK2	cluster_1	~-F-W-Q-G-Y-V-S-F-H--	Fungi	Ascomycota	Emericellopsis
A0A9P8E2U0	cluster_1	~-F-W-Q-G-Y-V-S-F-H--	Fungi	Ascomycota	Aureobasidium
A0A9P8FVE8	cluster_1	~-F-W-Q-G-Y-V-S-F-H--	Fungi	Ascomycota	Aureobasidium
A0A9P8G682	cluster_1	~-F-W-Q-G-Y-V-S-F-H--	Fungi	Ascomycota	Aureobasidium
A0A9P8ILD1	cluster_1	~-F-W-Q-G-Y-V-S-F-H--	Fungi	Ascomycota	Fusarium
A0A9P8J1T0	cluster_1	~-F-W-Q-G-Y-V-S-F-H--	Fungi	Ascomycota	Aureobasidium
A0A9P8JV18	cluster_1	~-F-W-Q-G-Y-V-S-F-H--	Fungi	Ascomycota	Aureobasidium
A0A9P8MJP3	cluster_3	~-F-W-E-N-Y-A-S-F-H-C	Fungi	Ascomycota	Metarhizium
A0A9P8RPF4	cluster_1	~-F-W-Q-G-Y-V-S-F-H--	Fungi	Ascomycota	Truncatella
A0A9P8UKP1	cluster_1	~-F-W-Q-V-Y-F-S-F-H--	Fungi	Ascomycota	Truncatella
A0A9P8UU77	cluster_1	~-F-F-Q-G-Y-F-S-F-H--	Fungi	Ascomycota	Truncatella
A0A9P8UWM5	cluster_1	~-F-W-Q-S-Y-F-S-F-H--	Fungi	Ascomycota	Truncatella
A0A9P8V2M6	cluster_1	~-F-W-E-G-Y-L-S-F-H--	Fungi	Ascomycota	Plectosphaerella
A0A9P8V2S0	cluster_1	~-F-W-S-V-Y-V-S-F-H--	Fungi	Ascomycota	Plectosphaerella
A0A9P8V626	cluster_1	~-F-W-Q-G-Y-V-S-F-H--	Fungi	Ascomycota	Plectosphaerella
A0A9P8ZWM7	cluster_1	~-F-W-E-G-Y-L-S-F-H--	Fungi	Ascomycota	Truncatella
A0A9P9A6U7	cluster_1	~-F-W-N-S-Y-F-S-F-H--	Fungi	Ascomycota	Plectosphaerella
A0A9P9AQ01	cluster_1	~-F-W-E-G-Y-L-S-F-H--	Fungi	Ascomycota	Thelonectria
A0A9P9ASR6	cluster_1	~-F-W-Q-G-Y-V-S-F-H--	Fungi	Ascomycota	Thelonectria
A0A9P9DE48	cluster_1	~-F-W-Q-G-Y-V-S-F-H--	Fungi	Ascomycota	Dactylonectria
A0A9P9ECR6	cluster_1	~-F-W-E-D-Y-P-S-F-H--	Fungi	Ascomycota	Dendryphion
A0A9P9EE65	cluster_1	~-L-A-L-M-Y-F-S-F-H--	Fungi	Ascomycota	Dendryphion
A0A9P9F610	cluster_1	~-F-W-Q-G-Y-V-S-F-H--	Fungi	Ascomycota	Dactylonectria
A0A9P9J0Z6	cluster_1	~-F-W-Q-G-Y-V-S-F-H--	Fungi	Ascomycota	Dactylonectria
A0A9P9KBB3	cluster_1	~-F-W-Q-G-Y-V-S-F-H--	Fungi	Ascomycota	Fusarium
A0A9P9KIR2	cluster_1	~-F-W-Q-G-Y-V-S-F-H--	Fungi	Ascomycota	Fusarium
A0A9P9WBG0	cluster_96	~-F-W-E-N-Y-I-A-F-H-C	Fungi	Ascomycota	Neoarthrinium
A0A9P9WE24	cluster_1	~-F-W-Q-G-Y-V-S-F-H--	Fungi	Ascomycota	Neoarthrinium
A0A9P9WW04	cluster_1	~-F-W-Q-G-Y-V-S-F-H--	Fungi	Ascomycota	Neoarthrinium
A0A9P9WY50	cluster_1	~-F-W-Q-S-Y-F-S-F-H--	Fungi	Ascomycota	Neoarthrinium
A0A9P9X1N4	cluster_1	~-F-W-Q-G-Y-V-S-F-H--	Fungi	Ascomycota	Colletotrichum
A0A9P9XJK6	cluster_1	~-F-W-E-G-Y-L-S-F-H--	Fungi	Ascomycota	Colletotrichum
A0A9P9XMR3	cluster_1	~-F-W-Q-G-Y-V-S-F-H--	Fungi	Ascomycota	Colletotrichum
A0A9P9XNZ2	cluster_1	~-F-W-G-T-Y-P-S-F-H--	Fungi	Ascomycota	Colletotrichum
A0A9P9Y2C9	cluster_1	~-F-W-Q-G-Y-V-S-F-H--	Fungi	Ascomycota	Emericellopsis
A0A9P9Y5F5	cluster_1	~-F-W-Q-G-Y-V-S-F-H--	Fungi	Ascomycota	Emericellopsis
A0A9Q0AJM4	cluster_1	~-L-A-L-T-Y-P-S-F-H--	Fungi	Ascomycota	Neoarthrinium
A0A9Q0B1W0	cluster_1	~-F-W-Q-G-Y-P-S-F-H--	Fungi	Ascomycota	Colletotrichum
A0A9Q0VRW4	cluster_4	C-F-W-E-S-Y-F-A-F-H-C	Plants	Streptophyta	Salix
A0A9Q0ZYT7	cluster_4	~-F-W-E-T-Y-F-A-F-H-C	Plants	Streptophyta	Salix
A0A9Q1A0U0	cluster_4	~-F-W-E-T-Y-F-A-F-H-C	Plants	Streptophyta	Salix
A0A9Q1AMB4	cluster_4	~-F-W-E-T-Y-F-A-F-H-C	Plants	Streptophyta	Salix
A0A9Q8SJY5	cluster_1	~-F-W-Q-G-Y-V-S-F-H--	Fungi	Ascomycota	Colletotrichum
A0A9Q8SQB6	cluster_1	~-F-W-Y-G-Y-L-S-F-H--	Fungi	Ascomycota	Colletotrichum
A0A9Q8STN0	cluster_1	~-F-W-Q-G-Y-P-S-F-H--	Fungi	Ascomycota	Colletotrichum
A0A9Q8WM23	cluster_1	~-F-W-G-T-Y-P-S-F-H--	Fungi	Ascomycota	Colletotrichum
A0A9Q8ZB76	cluster_1	~-F-W-Q-A-Y-F-S-F-H--	Fungi	Ascomycota	Curvularia
A0A9Q8ZDY9	cluster_1	~-F-W-Q-A-Y-F-S-F-H--	Fungi	Ascomycota	Curvularia
A0A9Q9DRJ8	cluster_1	~-F-W-L-T-Y-L-S-F-H--	Fungi	Ascomycota	Curvularia
A0A9W4HEC1	cluster_1	~-F-W-Q-G-Y-V-S-F-H--	Fungi	Ascomycota	Penicillium
A0A9W4I4T6	cluster_1	~-F-W-Q-G-Y-A-S-F-H--	Fungi	Ascomycota	Penicillium
A0A9W4J7U1	cluster_1	~-F-W-Q-G-Y-V-S-F-H--	Fungi	Ascomycota	Penicillium
A0A9W4J8D8	cluster_1	~-F-F-Q-G-Y-A-S-F-H--	Fungi	Ascomycota	Penicillium
A0A9W4JHD5	cluster_1	~-F-W-Q-G-Y-V-S-F-H--	Fungi	Ascomycota	Penicillium
A0A9W4JVM2	cluster_1	~-F-W-Q-G-Y-A-S-F-H--	Fungi	Ascomycota	Penicillium
A0A9W4K5R5	cluster_1	~-F-F-Q-G-Y-A-S-F-H--	Fungi	Ascomycota	Penicillium
A0A9W4K739	cluster_1	~-F-W-Q-G-Y-V-S-F-H--	Fungi	Ascomycota	Penicillium
A0A9W4MRV1	cluster_1	~-F-W-Q-G-Y-V-S-F-H--	Fungi	Ascomycota	Penicillium
A0A9W4NEI9	cluster_1	~-F-W-Q-G-Y-V-S-F-H--	Fungi	Ascomycota	Penicillium
A0A9W4RLV9	cluster_1	~-F-W-G-T-Y-P-S-F-H--	Fungi	Ascomycota	Colletotrichum
A0A9W4RR43	cluster_1	~-F-W-E-G-Y-L-S-F-H--	Fungi	Ascomycota	Colletotrichum
A0A9W4RYF5	cluster_1	~-F-W-Q-G-Y-P-S-F-H--	Fungi	Ascomycota	Colletotrichum
A0A9W4RYP5	cluster_1	~-F-W-Q-G-Y-F-S-F-H--	Fungi	Ascomycota	Colletotrichum
A0A9W4U1W2	cluster_1	~-F-W-S-N-Y-Q-S-F-H--	Fungi	Ascomycota	Periconia
A0A9W4W6D4	cluster_1	~-F-W-Q-G-Y-V-S-F-H--	Fungi	Ascomycota	Colletotrichum
A0A9W4XQI1	cluster_1	~-L-A-L-M-Y-F-S-F-H--	Fungi	Ascomycota	Periconia
A0A9W5Z4D9	cluster_1	~-F-W-Q-G-Y-V-S-F-H--	Fungi	Ascomycota	Aspergillus
A0A9W6DPE6	cluster_1	~-F-W-Q-G-Y-V-S-F-H--	Fungi	Ascomycota	Aspergillus
A0A9W8MZK8	cluster_1	~-F-W-E-D-Y-F-S-F-H--	Fungi	Basidiomycota	Agrocybe
A0A9W8N063	cluster_1	~-F-W-E-A-Y-F-S-F-H--	Fungi	Basidiomycota	Agrocybe
A0A9W8N7V4	cluster_1	~-L-A-L-T-Y-P-S-F-H--	Fungi	Ascomycota	Xylaria
A0A9W8PPH3	cluster_1	~-F-W-Q-G-Y-V-S-F-H--	Fungi	Ascomycota	Fusarium
A0A9W8V2T7	cluster_1	~-F-W-Q-G-Y-V-S-F-H--	Fungi	Ascomycota	Fusarium
A0A9W8VDW0	cluster_1	~-F-W-Q-G-Y-V-S-F-H--	Fungi	Ascomycota	Fusarium
A0A9W8XCZ5	cluster_730	~-F-F-E-N-Y-I-A-F-H-C	Fungi	Ascomycota	Didymosphaeria
A0A9W8XU64	cluster_1	~-F-W-Q-S-Y-I-S-F-H--	Fungi	Ascomycota	Didymosphaeria
A0A9W8Z6D9	cluster_1	~-F-W-Q-S-Y-F-S-F-H--	Fungi	Ascomycota	Didymella
A0A9W8ZM31	cluster_1	~-F-W-Q-G-Y-L-S-F-H--	Fungi	Ascomycota	Didymella
A0A9W9BUQ9	cluster_1	~-F-W-Q-G-Y-V-S-F-H--	Fungi	Ascomycota	Fusarium
A0A9W9BV63	cluster_1	~-F-W-Q-T-Y-F-S-F-H--	Fungi	Ascomycota	Didymella
A0A9W9BZ07	cluster_1	~-F-W-Q-S-Y-L-S-F-H--	Fungi	Ascomycota	Didymella
A0A9W9C0T7	cluster_1	~-F-W-Q-G-Y-L-S-F-H--	Fungi	Ascomycota	Didymella
A0A9W9C1U5	cluster_1	~-F-W-Q-T-Y-L-S-F-H--	Fungi	Ascomycota	Didymella
A0A9W9C266	cluster_1	~-F-W-Q-S-Y-F-S-F-H--	Fungi	Ascomycota	Didymella
A0A9W9CXX3	cluster_1	~-F-W-Q-G-Y-V-S-F-H--	Fungi	Ascomycota	Gnomoniopsis
A0A9W9D4J4	cluster_1	~-F-W-Q-T-Y-L-S-F-H--	Fungi	Ascomycota	Didymella
A0A9W9DAH2	cluster_1	~-F-W-Q-S-Y-L-S-F-H--	Fungi	Ascomycota	Didymella
A0A9W9F523	cluster_1	~-F-W-Q-G-Y-V-S-F-H--	Fungi	Ascomycota	Penicillium
A0A9W9FYQ5	cluster_1	~-F-W-Q-G-Y-T-S-F-H--	Fungi	Ascomycota	Penicillium
A0A9W9HCH3	cluster_1	~-F-W-Q-G-Y-V-S-F-H--	Fungi	Ascomycota	Penicillium
A0A9W9ICD9	cluster_1	~-F-W-Q-G-Y-V-S-F-H--	Fungi	Ascomycota	Penicillium
A0A9W9JCQ1	cluster_1	~-F-W-Q-G-Y-V-S-F-H--	Fungi	Ascomycota	Penicillium
A0A9W9KHA6	cluster_1	~-F-W-Q-G-Y-V-S-F-H--	Fungi	Ascomycota	Penicillium
A0A9W9LFN6	cluster_1	~-F-W-D-G-Y-L-S-F-H--	Fungi	Ascomycota	Penicillium
A0A9W9N8A6	cluster_1	~-F-W-Q-G-Y-V-S-F-H--	Fungi	Ascomycota	Penicillium
A0A9W9PRL5	cluster_1	~-F-W-Q-G-Y-V-S-F-H--	Fungi	Ascomycota	Penicillium
A0A9W9QKL9	cluster_1	~-F-W-Q-G-Y-V-S-F-H--	Fungi	Ascomycota	Penicillium
A0A9W9QPK0	cluster_1	~-F-W-Q-G-Y-A-S-F-H--	Fungi	Ascomycota	Penicillium
A0A9W9QQ36	cluster_1	~-F-W-Q-G-Y-A-S-F-H--	Fungi	Ascomycota	Penicillium
A0A9W9UJR9	cluster_1	~-F-W-Q-G-Y-V-S-F-H--	Fungi	Ascomycota	Penicillium
A0A9W9V902	cluster_1	~-F-W-Q-G-Y-V-S-F-H--	Fungi	Ascomycota	Penicillium
A0A9X0BTF6	cluster_1	~-F-W-Q-G-Y-V-S-F-H--	Fungi	Ascomycota	Penicillium
A0A9X0C4Y4	cluster_1	~-F-W-Q-G-Y-V-S-F-H--	Fungi	Ascomycota	Penicillium
A0AA35M5E3	cluster_1	~-F-W-Q-G-Y-V-S-F-H--	Fungi	Ascomycota	Clonostachys
A0AA35WPV6	cluster_2	A-F-W-D-P-Y-V-S-F-H--	Animals	Porifera	Geodia
A0AA36DTJ8	cluster_1	H-F-W-S-D-Y-T-A-F-H--	Animals	Nematoda	Cylicocyclus
A0AA37GNE0	cluster_1	~-F-W-Q-G-Y-G-G-F-H--	Fungi	Ascomycota	Colletotrichum
A0AA37GSS8	cluster_678	~-F-W-H-G-Y-V-S-F-H--	Fungi	Ascomycota	Colletotrichum
A0AA37L8J5	cluster_679	~-F-W-Q-G-Y-V-S-F-H--	Fungi	Ascomycota	Colletotrichum
A0AA37L8S5	cluster_1	~-F-W-Q-G-Y-V-S-F-H--	Fungi	Ascomycota	Colletotrichum
A0AA37LSP4	cluster_1	~-F-W-Q-G-Y-P-S-F-H--	Fungi	Ascomycota	Colletotrichum
A0AA37URQ3	cluster_1	~-F-W-Q-G-Y-P-S-F-H--	Fungi	Ascomycota	Colletotrichum
A0AA38R1L0	cluster_1	~-F-W-N-G-Y-F-S-F-H--	Fungi	Ascomycota	Pleurostoma
A0AA38RD10	cluster_1	~-F-W-Q-S-Y-F-S-F-H--	Fungi	Ascomycota	Coniochaeta
A0AA38RL25	cluster_1	~-L-A-L-T-Y-P-S-F-H--	Fungi	Ascomycota	Pleurostoma
A0AA38RLD9	cluster_1	~-L-A-L-T-Y-P-S-F-H--	Fungi	Ascomycota	Coniochaeta
A0AA38RRE5	cluster_1	~-F-W-Q-I-Y-F-S-F-H--	Fungi	Ascomycota	Coniochaeta
A0AA38VBY0	cluster_1	~-F-W-Q-G-Y-V-S-F-H--	Fungi	Ascomycota	Pleurostoma
A0AA38VSJ3	cluster_1	~-F-W-E-G-Y-L-S-F-H--	Fungi	Ascomycota	Coniochaeta
A0AA38W271	cluster_1	~-L-S-L-N-Y-F-S-F-H--	Fungi	Ascomycota	Coniochaeta
A0AA39G9M2	cluster_1	~-F-W-Q-T-Y-L-S-F-H--	Fungi	Ascomycota	Sarocladium
A0AA39GBS1	cluster_1	~-F-W-Q-S-Y-V-S-F-H--	Fungi	Ascomycota	Sarocladium
A0AA39H2D9	cluster_1	H-F-W-E-D-Y-K-S-F-H--	Animals	Nematoda	Steinernema
A0AA39H3A8	cluster_418	H-F-W-E-D-Y-K-S-F-H--	Animals	Nematoda	Steinernema
A0AA39LAW8	cluster_1	~-F-W-E-G-Y-L-S-F-H--	Fungi	Ascomycota	Sarocladium
A0AA39LBY8	cluster_1	~-F-W-E-G-Y-L-S-F-H--	Fungi	Ascomycota	Sarocladium
A0AA39LHK4	cluster_1	H-F-W-E-D-Y-K-S-F-H--	Animals	Nematoda	Steinernema
A0AA39LHZ4	cluster_1	H-F-W-E-D-Y-K-S-F-H--	Animals	Nematoda	Steinernema
A0AA39M604	cluster_1	~-F-W-E-D-Y-R-S-F-H--	Animals	Nematoda	Steinernema
A0AA39TW36	cluster_1	~-F-W-Q-G-Y-P-S-F-H--	Fungi	Ascomycota	Bombardia
A0AA39U5F4	cluster_1	~-F-W-Q-G-Y-F-S-F-H--	Fungi	Ascomycota	Immersiella
A0AA39WBW2	cluster_1	~-F-W-T-G-Y-P-S-F-H--	Fungi	Ascomycota	Immersiella
A0AA39WCE6	cluster_1	~-L-A-L-T-Y-P-S-F-H--	Fungi	Ascomycota	Bombardia
A0AA39WDR7	cluster_1	~-F-W-Q-G-Y-V-S-F-H--	Fungi	Ascomycota	Immersiella
A0AA39WJQ3	cluster_1	~-L-A-L-T-Y-P-S-F-H--	Fungi	Ascomycota	Immersiella
A0AA39WLS3	cluster_1	~-L-A-L-T-Y-A-S-F-H--	Fungi	Ascomycota	Immersiella
A0AA39WSZ2	cluster_1	~-F-W-Q-G-Y-F-S-F-H--	Fungi	Ascomycota	Immersiella
A0AA39WY20	cluster_1	~-L-G-L-N-Y-F-S-F-H--	Fungi	Ascomycota	Immersiella
A0AA39WZB5	cluster_1	~-F-W-Q-G-Y-P-S-F-H--	Fungi	Ascomycota	Immersiella
A0AA39X441	cluster_1	~-F-W-E-G-Y-L-F-F-H--	Fungi	Ascomycota	Immersiella
A0AA39XF26	cluster_1	~-F-W-E-G-Y-L-S-F-H--	Fungi	Ascomycota	Immersiella
A0AA39Y697	cluster_1	~-L-G-M-N-Y-F-S-F-H--	Fungi	Ascomycota	Cercophora
A0AA39Y7F5	cluster_1	~-L-A-L-N-Y-P-S-F-H--	Fungi	Ascomycota	Cercophora
A0AA39YD30	cluster_1	~-F-W-Q-G-Y-F-S-F-H--	Fungi	Ascomycota	Cercophora
A0AA39YIX0	cluster_1	~-F-W-Q-T-Y-F-S-F-H--	Fungi	Ascomycota	Cercophora
A0AA39Z569	cluster_1	~-F-W-Q-G-Y-F-S-F-H--	Fungi	Ascomycota	Lasiodiplodia
A0AA39ZFM0	cluster_1	~-F-W-E-G-Y-L-S-F-H--	Fungi	Ascomycota	Cercophora
A0AA39ZIB4	cluster_1	~-F-W-E-A-Y-F-S-F-H--	Fungi	Ascomycota	Cercophora
A0AA39ZZ44	cluster_1	~-L-A-L-T-Y-P-S-F-H--	Fungi	Ascomycota	Lasiosphaeria
A0AA40A3H6	cluster_1	~-L-A-L-T-Y-A-S-F-H--	Fungi	Ascomycota	Lasiosphaeris
A0AA40ANQ1	cluster_1	~-L-A-L-S-Y-P-S-F-H--	Fungi	Ascomycota	Lasiosphaeris
A0AA40AX45	cluster_1	~-F-W-E-G-Y-L-S-F-H--	Fungi	Ascomycota	Apiosordaria
A0AA40AZV6	cluster_1	~-F-W-E-A-Y-F-S-F-H--	Fungi	Ascomycota	Lasiosphaeris
A0AA40BB56	cluster_1	~-F-W-E-G-Y-L-S-F-H--	Fungi	Ascomycota	Lasiosphaeris
A0AA40BGF9	cluster_1	~-F-W-Q-G-Y-V-S-F-L--	Fungi	Ascomycota	Lasiosphaeria
A0AA40BQV3	cluster_1	~-L-A-L-T-Y-A-S-F-H--	Fungi	Ascomycota	Schizothecium
A0AA40C0T4	cluster_1	~-F-W-Q-S-Y-F-S-F-H--	Fungi	Ascomycota	Immersiella
A0AA40CSE0	cluster_1	~-F-W-E-S-Y-F-S-F-H--	Fungi	Ascomycota	Cercophora
A0AA40CT75	cluster_1	~-F-W-T-G-Y-P-S-F-H--	Fungi	Ascomycota	Cercophora
A0AA40D1P3	cluster_1	~-F-W-Q-G-Y-V-S-F-H--	Fungi	Ascomycota	Cercophora
A0AA40D3U3	cluster_1	~-F-W-Q-G-Y-L-S-F-H--	Fungi	Ascomycota	Lasiodiplodia
A0AA40D5H7	cluster_1	~-F-W-Q-G-Y-P-T-F-H--	Fungi	Ascomycota	Cercophora
A0AA40DDD7	cluster_1	~-L-A-L-T-Y-P-S-F-H--	Fungi	Ascomycota	Cercophora
A0AA40DEJ6	cluster_1	~-L-A-L-N-Y-F-S-F-H--	Fungi	Ascomycota	Cercophora
A0AA40DKI7	cluster_1	~-F-W-Q-S-Y-F-S-F-H--	Fungi	Ascomycota	Lasiosphaeris
A0AA40DP46	cluster_1	~-F-W-Q-S-Y-F-S-F-H--	Fungi	Ascomycota	Lasiosphaeris
A0AA40E1Y5	cluster_1	~-F-W-Q-G-Y-P-T-F-H--	Fungi	Ascomycota	Apiosordaria
A0AA40ECG1	cluster_1	~-F-W-Q-N-Y-F-S-F-H--	Fungi	Ascomycota	Lasiosphaeris
A0AA40ECL0	cluster_1	~-L-A-L-N-Y-F-S-F-H--	Fungi	Ascomycota	Apiosordaria
A0AA40EDW1	cluster_1	~-F-W-E-G-Y-L-S-F-H--	Fungi	Ascomycota	Apiosordaria
A0AA40EG39	cluster_1	~-F-W-Q-T-Y-F-S-F-H--	Fungi	Ascomycota	Schizothecium
A0AA40EX72	cluster_1	~-F-W-Q-G-Y-V-S-F-H--	Fungi	Ascomycota	Schizothecium
A0AA40F0U4	cluster_1	~-F-W-Q-S-Y-F-S-F-H--	Fungi	Ascomycota	Schizothecium
A0AA40F5A8	cluster_1	~-L-A-L-N-Y-P-S-F-H--	Fungi	Ascomycota	Schizothecium
A0AA40K3E2	cluster_1	~-L-A-L-T-Y-P-S-F-H--	Fungi	Ascomycota	Apiosordaria
A0AA40K4L5	cluster_1	~-F-W-Q-S-Y-F-S-F-H--	Fungi	Ascomycota	Schizothecium
A0AA42AU58	cluster_4	S-F-W-E-N-Y-F-A-F-H-C	Plants	Streptophyta	Papaver
A0AA97NWE8	cluster_1	~-F-F-E-A-Y-K-S-F-H--	Fungi	Ascomycota	Pyricularia
A0AAD4EQB2	cluster_1	~-F-W-Q-G-Y-V-S-F-H--	Fungi	Ascomycota	Staphylotrichum
A0AAD4ETF0	cluster_1	~-F-W-E-G-Y-L-S-F-H--	Fungi	Ascomycota	Staphylotrichum
A0AAD4EYT8	cluster_362	~-F-W-Q-G-Y-V-S-F-H--	Fungi	Ascomycota	Staphylotrichum
A0AAD4FFU5	cluster_1	~-F-W-Q-T-Y-F-S-F-H--	Fungi	Ascomycota	Alternaria
A0AAD4FJL0	cluster_1	~-F-W-Q-T-Y-L-S-F-H--	Fungi	Ascomycota	Alternaria
A0AAD4GYQ3	cluster_1	~-F-W-Q-S-Y-F-S-F-H--	Fungi	Ascomycota	Aspergillus
A0AAD4HT63	cluster_1	~-F-W-E-A-Y-F-S-F-H--	Fungi	Ascomycota	Staphylotrichum
A0AAD4HVC4	cluster_1	~-F-W-Q-G-Y-F-S-F-H--	Fungi	Ascomycota	Staphylotrichum
A0AAD4I226	cluster_1	~-F-W-E-G-Y-L-S-F-H--	Fungi	Ascomycota	Staphylotrichum
A0AAD4IG29	cluster_1	~-F-W-Q-G-Y-V-S-F-H--	Fungi	Ascomycota	Alternaria
A0AAD4MY73	cluster_1	~-F-W-E-D-Y-R-S-F-H--	Animals	Nematoda	Ditylenchus
A0AAD4XE67	cluster_4	C-F-W-E-N-Y-F-A-F-H-C	Plants	Streptophyta	Papaver
A0AAD6EDA1	cluster_1	~-F-W-Q-G-Y-V-S-F-H--	Fungi	Ascomycota	Penicillium
A0AAD6HD37	cluster_1	~-F-W-Q-G-Y-A-S-F-H--	Fungi	Ascomycota	Penicillium
A0AAD6I4Y8	cluster_1	~-F-W-Q-G-Y-V-S-F-H--	Fungi	Ascomycota	Penicillium
A0AAD6KH97	cluster_4	~-F-W-E-T-Y-F-A-F-H-C	Plants	Streptophyta	Salix
A0AAD6NFQ5	cluster_1	~-F-W-E-G-Y-L-S-F-H--	Fungi	Ascomycota	Drechslerella
A0AAD7DMZ0	cluster_1	~-F-W-E-L-Y-P-S-F-H--	Fungi	Basidiomycota	Mycena
A0AAD8PJN8	cluster_1	~-F-W-G-V-Y-V-S-F-H--	Fungi	Ascomycota	Colletotrichum
A0AAD8QF22	cluster_1	~-F-W-Q-G-Y-V-S-F-H--	Fungi	Ascomycota	Colletotrichum
A0AAD8U9L8	cluster_1	~-F-W-G-T-Y-P-S-F-H--	Fungi	Ascomycota	Glomerella
A0AAD8UMI0	cluster_1	~-F-W-Q-G-Y-P-S-F-H--	Fungi	Ascomycota	Glomerella
A0AAD8UMV8	cluster_1	~-F-W-E-G-Y-L-S-F-H--	Fungi	Ascomycota	Glomerella
A0AAD8XKZ2	cluster_1	~-F-W-Q-G-Y-V-S-F-H--	Fungi	Ascomycota	Glomerella
A0AAD9A0D2	cluster_1	~-F-W-Q-G-Y-V-S-F-H--	Fungi	Ascomycota	Colletotrichum
A0AAD9A2U4	cluster_1	~-F-W-E-G-Y-L-S-F-H--	Fungi	Ascomycota	Colletotrichum
A0AAD9AIN3	cluster_1	~-F-W-Q-G-Y-P-S-F-H--	Fungi	Ascomycota	Colletotrichum
A0AAD9ASH5	cluster_1	~-F-W-Q-G-Y-F-S-F-H--	Fungi	Ascomycota	Colletotrichum
A0AAD9ECX2	cluster_1	~-F-W-G-T-Y-P-S-F-H--	Fungi	Ascomycota	Colletotrichum
A0AAD9EPX8	cluster_1	~-F-W-Q-G-Y-V-S-F-H--	Fungi	Ascomycota	Colletotrichum
A0AAD9H4K1	cluster_1	~-F-W-G-T-Y-V-S-F-H--	Fungi	Ascomycota	Colletotrichum
A0AAD9S354	cluster_1	~-F-W-G-T-Y-V-S-F-H--	Fungi	Ascomycota	Phomopsis
A0AAD9S832	cluster_1	~-L-W-L-G-Y-F-S-F-H--	Fungi	Ascomycota	Phomopsis
A0AAD9VX15	cluster_1	~-F-W-Q-G-Y-V-S-F-H--	Fungi	Ascomycota	Phomopsis
A0AAD9VXC5	cluster_1	~-F-W-Q-G-Y-V-S-F-H--	Fungi	Ascomycota	Phomopsis
A0AAD9W2A6	cluster_1	~-F-W-E-G-Y-L-S-F-H--	Fungi	Ascomycota	Phomopsis
A0AAD9W694	cluster_1	~-F-W-E-G-Y-L-S-F-H--	Fungi	Ascomycota	Phomopsis
A0AAD9XYD5	cluster_1	~-F-W-Q-G-Y-V-S-F-H--	Fungi	Ascomycota	Colletotrichum
A0AAD9YAQ5	cluster_1	~-F-W-E-G-Y-L-S-F-Q--	Fungi	Ascomycota	Colletotrichum
A0AAD9YFZ8	cluster_1	~-F-W-G-T-Y-P-S-F-H--	Fungi	Ascomycota	Colletotrichum
A0AAD9YZ88	cluster_1	~-F-W-Q-G-Y-P-S-F-H--	Fungi	Ascomycota	Colletotrichum
A0AAE0D002	cluster_1	~-F-W-Q-G-Y-V-S-F-H--	Fungi	Ascomycota	Colletotrichum
A0AAE0D8H7	cluster_1	~-F-W-Q-G-Y-F-S-F-H--	Fungi	Ascomycota	Colletotrichum
A0AAE0F5G2	cluster_22	S-F-W-D-P-Y-T-S-F-A--	Plants	Chlorophyta	Cymbomonas
A0AAE0HCT5	cluster_1	~-F-W-E-G-Y-L-S-F-H--	Fungi	Ascomycota	Chaetomium
A0AAE0HH78	cluster_1	~-L-A-L-S-Y-F-S-F-H--	Fungi	Ascomycota	Chaetomium
A0AAE0HSX3	cluster_1	~-L-A-L-T-Y-P-S-F-H--	Fungi	Ascomycota	Apodospora
A0AAE0HT14	cluster_1	~-L-A-L-T-Y-P-S-F-H--	Fungi	Ascomycota	Apodospora
A0AAE0HXV5	cluster_1	~-F-W-E-G-Y-L-S-F-H--	Fungi	Ascomycota	Apodospora
A0AAE0I1I8	cluster_1	~-F-W-Q-G-Y-V-S-F-L--	Fungi	Ascomycota	Apodospora
A0AAE0I6J2	cluster_1	~-L-A-L-T-Y-P-S-F-H--	Fungi	Ascomycota	Cercophora
A0AAE0IA95	cluster_1	~-F-W-Q-A-Y-F-S-F-H--	Fungi	Ascomycota	Cercophora
A0AAE0J359	cluster_1	~-F-W-E-G-Y-L-S-F-H--	Fungi	Ascomycota	Cercophora
A0AAE0JIY1	cluster_682	~-F-L-Q-G-Y-V-S-F-H--	Fungi	Ascomycota	Neurospora
A0AAE0K860	cluster_1	~-L-A-L-T-Y-P-S-F-H--	Fungi	Ascomycota	Lasiosphaeria
A0AAE0KHK4	cluster_1	~-F-W-E-A-Y-F-S-F-H--	Fungi	Ascomycota	Lasiosphaeria
A0AAE0LX25	cluster_1	~-F-W-E-G-Y-L-S-F-H--	Fungi	Ascomycota	Chaetomium
A0AAE0M4V7	cluster_1	~-F-W-E-G-Y-L-S-F-H--	Fungi	Ascomycota	Cercophora
A0AAE0M5F2	cluster_1	~-F-W-E-S-Y-F-S-F-H--	Fungi	Ascomycota	Cercophora
A0AAE0MAJ9	cluster_1	~-F-W-E-G-Y-V-S-F-H--	Fungi	Ascomycota	Apodospora
A0AAE0MHC9	cluster_1	~-F-W-Q-G-Y-V-S-F-L--	Fungi	Ascomycota	Cercophora
A0AAE0N2M8	cluster_1	~-F-W-E-S-Y-F-S-F-H--	Fungi	Ascomycota	Podospora
A0AAE0NGK3	cluster_1	~-L-A-L-T-Y-P-S-F-H--	Fungi	Ascomycota	Podospora
A0AAE0NGS0	cluster_1	~-F-W-Q-G-Y-V-S-F-H--	Fungi	Ascomycota	Podospora
A0AAE0NP88	cluster_1	~-L-A-L-T-Y-P-S-F-H--	Fungi	Ascomycota	Podospora
A0AAE0NRD5	cluster_1	~-F-L-Q-G-Y-V-S-F-H--	Fungi	Ascomycota	Sordaria
A0AAE0P8L7	cluster_1	~-F-W-E-G-Y-L-S-F-H--	Fungi	Ascomycota	Sordaria
A0AAE0U3Q2	cluster_1	~-F-W-Q-V-Y-F-S-F-H--	Fungi	Ascomycota	Podospora
A0AAE0U7N4	cluster_1	~-F-W-E-G-Y-L-S-F-H--	Fungi	Ascomycota	Podospora
A0AAE0WTK1	cluster_1	~-F-W-E-T-Y-F-S-F-H--	Fungi	Ascomycota	Recurvomyces
A0AAE0X1P4	cluster_1	~-F-W-Q-G-Y-V-S-F-L--	Fungi	Ascomycota	Podospora
A0AAE0X3U4	cluster_1	~-F-W-Q-A-Y-F-S-F-H--	Fungi	Ascomycota	Podospora
A0AAE0XD17	cluster_1	~-L-A-L-T-Y-P-S-F-H--	Fungi	Ascomycota	Podospora
A0AAE0XJ24	cluster_1	~-F-W-E-G-Y-L-S-F-H--	Fungi	Ascomycota	Podospora
A0AAE8MR11	cluster_1	~-L-S-L-S-Y-F-S-F-H--	Fungi	Ascomycota	Cephalotrichum
A0AAE8MUB3	cluster_1	~-F-W-Q-G-Y-V-S-F-H--	Fungi	Ascomycota	Cephalotrichum
A0AAE8SCM9	cluster_1	~-F-W-Q-G-Y-V-S-F-H--	Fungi	Ascomycota	Fusarium
A0AAF3EDJ9	cluster_1	~-F-W-E-D-Y-T-S-F-H--	Animals	Nematoda	Mesorhabditis
A0AAI9EB06	cluster_1	~-F-W-Q-G-Y-V-S-F-H--	Fungi	Ascomycota	Lecanosticta
A0AAI9TV27	cluster_1	~-F-W-Q-G-Y-P-S-F-H--	Fungi	Ascomycota	Colletotrichum
A0AAI9UEL1	cluster_1	~-F-W-G-T-Y-P-S-F-H--	Fungi	Ascomycota	Colletotrichum
A0AAI9UZN7	cluster_1	~-F-W-E-G-Y-L-S-F-H--	Fungi	Ascomycota	Colletotrichum
A0AAI9XHW8	cluster_1	~-F-W-G-T-Y-P-S-F-H--	Fungi	Ascomycota	Colletotrichum
A0AAI9XIZ5	cluster_1	~-F-W-Q-G-Y-V-S-F-H--	Fungi	Ascomycota	Colletotrichum
A0AAI9XSZ9	cluster_1	~-F-W-Q-G-Y-V-S-F-H--	Fungi	Ascomycota	Colletotrichum
A0AAI9Y6X9	cluster_1	~-F-W-E-G-Y-L-S-F-H--	Fungi	Ascomycota	Colletotrichum
A0AAI9YAV0	cluster_1	~-F-W-Q-G-Y-P-S-F-H--	Fungi	Ascomycota	Colletotrichum
A0AAI9YIC2	cluster_1	~-F-W-E-G-Y-L-S-F-H--	Fungi	Ascomycota	Colletotrichum
A0AAI9YKX7	cluster_1	~-F-W-Q-G-Y-V-S-F-H--	Fungi	Ascomycota	Colletotrichum
A0AAI9Z0Y0	cluster_1	~-F-W-G-T-Y-P-S-F-H--	Fungi	Ascomycota	Colletotrichum
A0AAI9Z8C8	cluster_1	~-F-W-Q-G-Y-V-S-F-H--	Fungi	Ascomycota	Colletotrichum
A0AAI9ZQF8	cluster_1	~-F-W-G-T-Y-P-S-F-H--	Fungi	Ascomycota	Colletotrichum
A0AAJ0A1P0	cluster_1	~-F-W-Q-G-Y-V-S-F-H--	Fungi	Ascomycota	Colletotrichum
A0AAJ0A685	cluster_1	~-F-W-V-G-Y-P-F-F-H--	Fungi	Ascomycota	Colletotrichum
A0AAJ0AQ75	cluster_1	~-F-W-Q-G-Y-V-S-F-H--	Fungi	Ascomycota	Colletotrichum
A0AAJ0AR04	cluster_1	~-F-W-E-G-Y-L-S-F-H--	Fungi	Ascomycota	Colletotrichum
A0AAJ0AVW4	cluster_1	~-F-W-Q-G-Y-V-S-F-H--	Fungi	Ascomycota	Colletotrichum
A0AAJ0B1W2	cluster_1	~-F-W-Q-S-Y-F-S-F-H--	Fungi	Ascomycota	Echria
A0AAJ0B309	cluster_1	~-F-W-Q-G-Y-P-S-F-H--	Fungi	Ascomycota	Colletotrichum
A0AAJ0B3A3	cluster_1	~-L-A-L-T-Y-P-S-F-H--	Fungi	Ascomycota	Echria
A0AAJ0B3L8	cluster_1	~-L-A-L-S-Y-P-S-F-H--	Fungi	Ascomycota	Echria
A0AAJ0B7Z5	cluster_1	~-F-W-E-A-Y-F-S-F-H--	Fungi	Ascomycota	Echria
A0AAJ0DN86	cluster_1	~-F-W-Q-G-Y-V-S-F-H--	Fungi	Ascomycota	Colletotrichum
A0AAJ0E7W8	cluster_1	~-F-W-Q-G-Y-P-S-F-H--	Fungi	Ascomycota	Colletotrichum
A0AAJ0EDF5	cluster_1	~-F-W-E-G-Y-L-S-F-H--	Fungi	Ascomycota	Colletotrichum
A0AAJ0EQ36	cluster_1	~-F-W-G-T-Y-P-S-F-H--	Fungi	Ascomycota	Colletotrichum
A0AAJ0F2Y9	cluster_1	~-F-W-Q-G-Y-V-S-F-H--	Fungi	Ascomycota	Echria
A0AAJ0F3Z2	cluster_1	~-F-W-E-A-Y-F-S-F-H--	Fungi	Ascomycota	Echria
A0AAJ0F8F9	cluster_1	~-F-W-E-G-Y-L-S-F-H--	Fungi	Ascomycota	Echria
A0AAJ0F8N5	cluster_1	~-F-W-Q-S-Y-F-S-F-H--	Fungi	Ascomycota	Echria
A0AAJ0FEJ0	cluster_1	~-F-W-Q-G-Y-F-S-F-H--	Fungi	Ascomycota	Echria
A0AAJ0GS63	cluster_1	~-F-W-E-G-Y-L-S-F-H--	Fungi	Ascomycota	Chaetomium
A0AAJ0H670	cluster_1	~-F-W-Q-S-Y-F-S-F-H--	Fungi	Ascomycota	Lasiosphaeria
A0AAJ0HB97	cluster_1	~-F-W-E-A-Y-F-S-F-H--	Fungi	Ascomycota	Lasiosphaeria
A0AAJ0HDQ5	cluster_1	~-L-A-L-T-Y-P-S-F-H--	Fungi	Ascomycota	Lasiosphaeria
A0AAJ0HEA8	cluster_1	~-L-A-L-T-Y-A-S-F-H--	Fungi	Ascomycota	Lasiosphaeria
A0AAJ0HLL7	cluster_1	~-F-W-Q-S-Y-F-S-F-H--	Fungi	Ascomycota	Lasiosphaeria
A0AAJ0HTF7	cluster_1	~-F-W-Q-N-Y-F-S-F-H--	Fungi	Ascomycota	Lasiosphaeria
A0AAJ0M1L7	cluster_1	~-F-W-E-A-Y-F-S-F-H--	Fungi	Ascomycota	Chaetomium
A0AAJ0MMY8	cluster_1	~-F-L-Q-G-Y-V-S-F-H--	Fungi	Ascomycota	Neurospora
A0AAJ6X2A6	cluster_4	~-F-W-E-T-Y-F-A-F-H-C	Plants	Streptophyta	Populus
A0AAN4PFQ7	cluster_112	~-F-W-Q-S-Y-F-S-F-H--	Fungi	Ascomycota	Aspergillus
A0AAN4PPE5	cluster_471	~-F-W-M-G-Y-V-S-F-H--	Fungi	Ascomycota	Aspergillus
A0AAN5CWJ5	cluster_1	~-F-W-E-D-Y-S-S-F-H--	Animals	Nematoda	Pristionchus
A0AAN5YGU4	cluster_473	~-F-W-Q-G-Y-V-S-F-H--	Fungi	Ascomycota	Aspergillus
A0AAN5YUB2	cluster_112	~-F-W-Q-S-Y-F-S-F-H--	Fungi	Ascomycota	Aspergillus
A0AAN5Z290	cluster_1	~-F-W-Q-G-Y-L-S-F-H--	Fungi	Ascomycota	Fusarium
A0AAN6HGF8	cluster_1	~-F-Y-Q-G-Y-V-S-F-H--	Fungi	Ascomycota	Fusarium
A0AAN6M7D3	cluster_1	~-F-W-Q-T-Y-L-S-F-H--	Fungi	Ascomycota	Pseudopithomyces
A0AAN6MBG1	cluster_1	~-F-W-Q-G-Y-F-S-F-H--	Fungi	Ascomycota	Staphylotrichum
A0AAN6MNM3	cluster_1	~-L-A-L-N-Y-P-S-F-H--	Fungi	Ascomycota	Staphylotrichum
A0AAN6MP42	cluster_1	~-F-W-E-G-Y-L-S-F-H--	Fungi	Ascomycota	Staphylotrichum
A0AAN6MPR1	cluster_1	~-F-W-E-G-Y-L-S-F-H--	Fungi	Ascomycota	Staphylotrichum
A0AAN6MQZ0	cluster_1	~-F-W-E-A-Y-F-S-F-H--	Fungi	Ascomycota	Staphylotrichum
A0AAN6N4Y0	cluster_1	~-L-A-L-T-Y-P-S-F-H--	Fungi	Ascomycota	Diplogelasinospora
A0AAN6N749	cluster_1	~-F-W-E-G-Y-L-S-F-H--	Fungi	Ascomycota	Diplogelasinospora
A0AAN6NP49	cluster_1	~-F-L-Q-G-Y-V-S-F-H--	Fungi	Ascomycota	Pseudoneurospora
A0AAN6NUI7	cluster_1	~-F-W-Q-F-Y-G-G-F-H--	Fungi	Ascomycota	Pseudoneurospora
A0AAN6P5C3	cluster_1	~-F-W-E-G-Y-L-S-F-H--	Fungi	Ascomycota	Parachaetomium
A0AAN6P5W1	cluster_1	~-L-A-L-N-Y-P-S-F-H--	Fungi	Ascomycota	Parachaetomium
A0AAN6P8Q3	cluster_1	~-F-W-Q-G-Y-V-S-F-H--	Fungi	Ascomycota	Parachaetomium
A0AAN6PC21	cluster_1	~-F-W-Q-G-Y-F-S-F-H--	Fungi	Ascomycota	Parachaetomium
A0AAN6PI32	cluster_1	~-L-A-L-N-Y-F-S-F-H--	Fungi	Ascomycota	Parachaetomium
A0AAN6PXB7	cluster_1	~-F-W-E-G-Y-L-S-F-H--	Fungi	Ascomycota	Parathielavia
A0AAN6PY35	cluster_1	~-F-W-E-G-Y-L-S-F-H--	Fungi	Ascomycota	Parathielavia
A0AAN6QDL8	cluster_1	~-L-A-L-T-Y-A-S-F-H--	Fungi	Ascomycota	Canariomyces
A0AAN6RFI8	cluster_1	~-L-A-L-M-Y-F-S-F-H--	Fungi	Ascomycota	Pseudopithomyces
A0AAN6RM07	cluster_1	~-F-W-Q-G-Y-V-S-F-H--	Fungi	Ascomycota	Pseudopithomyces
A0AAN6RPJ1	cluster_1	~-F-W-Q-G-Y-V-S-F-H--	Fungi	Ascomycota	Staphylotrichum
A0AAN6RUV2	cluster_1	~-L-A-L-N-Y-F-S-F-H--	Fungi	Ascomycota	Staphylotrichum
A0AAN6S0X7	cluster_1	~-F-W-Q-G-Y-F-S-F-H--	Fungi	Ascomycota	Diplogelasinospora
A0AAN6SLF8	cluster_1	~-F-W-Q-G-Y-V-S-F-H--	Fungi	Ascomycota	Parachaetomium
A0AAN6SPI9	cluster_1	~-F-W-E-A-Y-F-S-F-H--	Fungi	Ascomycota	Parachaetomium
A0AAN6SW40	cluster_1	~-F-W-E-G-Y-L-S-F-H--	Fungi	Ascomycota	Parachaetomium
A0AAN6TEY0	cluster_1	~-F-W-E-T-Y-F-S-F-H--	Fungi	Ascomycota	Canariomyces
A0AAN6THU3	cluster_1	~-F-W-E-G-Y-L-S-F-H--	Fungi	Ascomycota	Canariomyces
A0AAN6U3W8	cluster_1	~-F-W-Q-G-Y-F-S-F-H--	Fungi	Ascomycota	Parathielavia
A0AAN6U4I2	cluster_1	~-F-W-E-G-Y-L-S-F-H--	Fungi	Ascomycota	Parathielavia
A0AAN6UAQ4	cluster_1	~-F-W-E-G-Y-L-S-F-H--	Fungi	Ascomycota	Parathielavia
A0AAN6UNL4	cluster_3	~-F-W-E-D-Y-I-S-F-H-C	Fungi	Ascomycota	Trichocladium
A0AAN6UVQ6	cluster_1	~-L-A-L-N-Y-F-S-F-H--	Fungi	Ascomycota	Dichotomopilus
A0AAN6UYF1	cluster_1	~-F-W-E-T-Y-F-S-F-H--	Fungi	Ascomycota	Dichotomopilus
A0AAN6UYV3	cluster_1	~-F-W-E-G-Y-L-S-F-H--	Fungi	Ascomycota	Dichotomopilus
A0AAN6VGI1	cluster_1	~-F-W-E-G-Y-L-S-F-H--	Fungi	Ascomycota	Chaetomidium
A0AAN6VNM8	cluster_1	~-F-W-Q-G-Y-V-S-F-H--	Fungi	Ascomycota	Chaetomidium
A0AAN6VP48	cluster_1	~-F-W-E-G-Y-L-S-F-H--	Fungi	Ascomycota	Chaetomidium
A0AAN6VRT8	cluster_1	~-F-W-Q-G-Y-F-S-F-H--	Fungi	Ascomycota	Chaetomidium
A0AAN6VYC9	cluster_1	~-L-A-L-T-Y-P-S-F-H--	Fungi	Ascomycota	Triangularia
A0AAN6W7F1	cluster_1	~-L-A-L-N-Y-F-S-F-H--	Fungi	Ascomycota	Triangularia
A0AAN6WB86	cluster_1	~-F-W-Q-G-Y-P-T-F-H--	Fungi	Ascomycota	Triangularia
A0AAN6WHJ9	cluster_1	~-F-W-E-G-Y-L-S-F-H--	Fungi	Ascomycota	Podospora
A0AAN6WIQ0	cluster_1	~-F-W-E-S-Y-F-S-F-H--	Fungi	Ascomycota	Podospora
A0AAN6WK24	cluster_1	~-F-W-D-G-Y-L-G-F-H--	Fungi	Ascomycota	Podospora
A0AAN6WQA5	cluster_1	~-L-A-L-N-Y-P-S-F-H--	Fungi	Ascomycota	Podospora
A0AAN6WS19	cluster_1	~-F-W-E-G-Y-L-S-F-H--	Fungi	Ascomycota	Podospora
A0AAN6WUW4	cluster_1	~-L-A-L-T-Y-P-S-F-H--	Fungi	Ascomycota	Podospora
A0AAN6XB50	cluster_1	~-L-A-L-N-Y-F-S-F-H--	Fungi	Ascomycota	Triangularia
A0AAN6XR39	cluster_1	~-F-W-E-G-Y-L-S-F-H--	Fungi	Ascomycota	Triangularia
A0AAN6XTJ1	cluster_1	~-F-W-Q-G-Y-F-S-F-H--	Fungi	Ascomycota	Rhypophila
A0AAN6XWX0	cluster_1	~-F-Y-D-S-Y-V-S-F-H--	Fungi	Ascomycota	Rhypophila
A0AAN6XZ81	cluster_1	~-F-W-E-S-Y-F-S-F-H--	Fungi	Ascomycota	Rhypophila
A0AAN6Y1B7	cluster_1	~-F-W-Q-G-Y-V-S-F-H--	Fungi	Ascomycota	Rhypophila
A0AAN6Y589	cluster_1	~-F-W-Q-V-Y-F-S-F-H--	Fungi	Ascomycota	Rhypophila
A0AAN6Z0R7	cluster_1	~-F-W-Q-G-Y-V-S-F-H--	Fungi	Ascomycota	Parathielavia
A0AAN6ZBV0	cluster_1	~-F-W-E-G-Y-L-S-F-H--	Fungi	Ascomycota	Trichocladium
A0AAN6ZWR8	cluster_1	~-F-W-E-A-Y-F-S-F-H--	Fungi	Ascomycota	Chaetomidium
A0AAN6ZWU7	cluster_1	~-L-A-L-N-Y-F-S-F-H--	Fungi	Ascomycota	Chaetomidium
A0AAN6ZZQ5	cluster_1	~-F-W-Q-G-Y-V-S-F-H--	Fungi	Ascomycota	Chaetomidium
A0AAN7A3J1	cluster_1	~-F-W-E-G-Y-L-S-F-H--	Fungi	Ascomycota	Triangularia
A0AAN7A4K8	cluster_1	~-F-W-E-G-Y-L-S-F-H--	Fungi	Ascomycota	Triangularia
A0AAN7ADJ0	cluster_1	~-F-W-Q-S-Y-F-S-F-Y--	Fungi	Ascomycota	Podospora
A0AAN7AQQ1	cluster_1	~-F-W-E-A-Y-F-S-F-H--	Fungi	Ascomycota	Triangularia
A0AAN7AR50	cluster_1	~-L-A-L-T-Y-P-S-F-H--	Fungi	Ascomycota	Triangularia
A0AAN7B366	cluster_1	~-F-W-E-G-Y-L-S-F-H--	Fungi	Ascomycota	Rhypophila
A0AAN7BA66	cluster_1	~-L-A-L-T-Y-P-S-F-H--	Fungi	Ascomycota	Rhypophila
A0AAN7BBE1	cluster_1	~-L-A-L-T-Y-P-S-F-H--	Fungi	Ascomycota	Rhypophila
A0AAN7BFJ7	cluster_1	~-F-W-E-G-Y-L-S-F-H--	Fungi	Ascomycota	Podospora
A0AAN7BFS8	cluster_1	~-F-W-E-T-Y-F-S-F-H--	Fungi	Ascomycota	Podospora
A0AAN7BQM1	cluster_1	~-L-G-L-M-Y-F-S-F-H--	Fungi	Ascomycota	Podospora
A0AAN7C3J2	cluster_1	~-F-W-E-A-Y-F-S-F-H--	Fungi	Ascomycota	Achaetomium
A0AAN7CA35	cluster_1	~-L-A-L-N-Y-F-S-F-H--	Fungi	Ascomycota	Achaetomium
A0AAN7GYN8	cluster_1	~-L-A-L-T-Y-P-S-F-H--	Fungi	Ascomycota	Podospora
A0AAN7H0K3	cluster_1	~-F-W-Q-S-Y-F-S-F-H--	Fungi	Ascomycota	Podospora
A0AAN7HDM4	cluster_1	~-L-A-L-S-Y-F-S-F-H--	Fungi	Ascomycota	Corynascus
A0AAN7HFB1	cluster_1	~-F-W-E-A-Y-F-S-F-H--	Fungi	Ascomycota	Corynascus
A0AAN7HPS3	cluster_1	~-F-W-E-G-Y-L-S-F-H--	Fungi	Ascomycota	Corynascus
A0AAN7HQ24	cluster_1	~-F-W-E-G-Y-L-S-F-H--	Fungi	Ascomycota	Corynascus
A0AAN7KGJ9	cluster_4	~-F-F-E-G-Y-F-A-F-H-C	Plants	Streptophyta	Trapa
A0AAN7UYZ7	cluster_134	~-F-W-E-N-Y-I-A-F-H-C	Fungi	Ascomycota	Xylaria
A0AAN7VSK0	cluster_1	~-F-W-E-T-Y-F-S-F-H--	Fungi	Ascomycota	Elasticomyces
A0AAN7YL66	cluster_1	~-F-W-E-T-Y-F-S-F-H--	Fungi	Ascomycota	Meristemomyces
A0AAN7Z794	cluster_1	~-L-A-L-T-Y-A-S-F-H--	Fungi	Ascomycota	Xylaria
A0AAN8EAH1	cluster_1	~-F-W-Q-S-Y-F-S-F-H--	Fungi	Ascomycota	Knufia
A0AAN8FW16	cluster_1	~-F-W-S-D-Y-T-S-F-H--	Animals	Nematoda	Trichostrongylus
A0AAN8MV17	cluster_1	~-F-F-E-G-Y-L-S-F-H--	Fungi	Ascomycota	Orbilia
A0AAN8NQ33	cluster_1	~-F-F-E-G-Y-L-S-F-H--	Fungi	Ascomycota	Arthrobotrys
A0AAN9YE01	cluster_1	~-F-W-S-G-Y-F-S-F-H--	Fungi	Ascomycota	Cytospora
A0AAN9YPY3	cluster_1	~-L-A-L-T-Y-P-S-F-H--	Fungi	Ascomycota	Diatrype
A0AAV0AT52	cluster_1	~-F-W-Q-G-Y-F-S-F-H--	Fungi	Basidiomycota	Phakopsora
A0AAV5C3U7	cluster_4	~-F-L-E-N-Y-Y-A-L-H-C	Plants	Streptophyta	Eleusine
A0AAV9G4I9	cluster_1	~-F-W-T-G-Y-P-S-F-H--	Fungi	Ascomycota	Podospora
A0AAV9GEE9	cluster_1	~-L-A-L-T-Y-A-S-F-H--	Fungi	Ascomycota	Podospora
A0AAV9GFC7	cluster_1	~-F-W-Q-G-Y-F-S-F-H--	Fungi	Ascomycota	Podospora
A0AAV9GFY6	cluster_1	~-F-W-E-T-Y-F-S-F-H--	Fungi	Ascomycota	Podospora
A0AAV9GGJ3	cluster_1	~-F-W-Q-S-Y-F-S-F-H--	Fungi	Ascomycota	Podospora
A0AAV9GI39	cluster_1	~-F-W-Q-G-Y-F-S-F-H--	Fungi	Ascomycota	Podospora
A0AAV9GKC3	cluster_1	~-L-G-L-N-Y-F-S-F-H--	Fungi	Ascomycota	Podospora
A0AAV9GL33	cluster_1	~-F-W-Q-G-Y-V-S-F-H--	Fungi	Ascomycota	Podospora
A0AAV9GMT8	cluster_1	~-L-A-L-T-Y-P-S-F-H--	Fungi	Ascomycota	Podospora
A0AAV9GQQ3	cluster_1	~-F-W-Q-S-Y-F-S-F-H--	Fungi	Ascomycota	Podospora
A0AAV9GRP9	cluster_1	~-F-W-Q-G-Y-P-S-F-H--	Fungi	Ascomycota	Podospora
A0AAV9H0Z4	cluster_1	~-F-W-E-G-Y-L-S-F-H--	Fungi	Ascomycota	Podospora
A0AAV9HGX2	cluster_1	~-F-W-Q-S-Y-F-S-F-H--	Fungi	Ascomycota	Cladorrhinum
A0AAV9HKI4	cluster_1	~-F-W-E-G-Y-L-S-F-H--	Fungi	Ascomycota	Cladorrhinum
A0AAV9HQU8	cluster_1	~-F-W-D-G-Y-L-S-F-H--	Fungi	Ascomycota	Cladorrhinum
A0AAV9HUP8	cluster_1	~-L-A-L-T-Y-P-S-F-H--	Fungi	Ascomycota	Cladorrhinum
A0AAV9HZ49	cluster_1	~-F-W-Q-A-Y-F-S-F-H--	Fungi	Ascomycota	Cladorrhinum
A0AAV9HZS2	cluster_1	~-F-W-Q-I-Y-F-S-F-H--	Fungi	Ascomycota	Cladorrhinum
A0AAV9JCG9	cluster_1	~-F-W-Q-T-Y-L-S-F-H--	Fungi	Ascomycota	Oleoguttula
A0AAV9JI42	cluster_1	~-F-W-Q-G-Y-F-S-F-H--	Fungi	Ascomycota	Oleoguttula
A0AAV9TRZ8	cluster_1	~-F-W-Q-G-Y-A-S-F-H--	Fungi	Ascomycota	Colletotrichum
A0AAV9TV43	cluster_1	~-F-W-Q-G-Y-V-S-F-H--	Fungi	Ascomycota	Colletotrichum
A0AAV9U0H3	cluster_1	~-F-F-E-G-Y-L-S-F-H--	Fungi	Ascomycota	Orbilia
A0AAV9V828	cluster_1	~-F-W-E-G-Y-L-S-F-H--	Fungi	Ascomycota	Orbilia
A0AAV9W8G5	cluster_1	~-F-F-E-G-Y-L-S-F-H--	Fungi	Ascomycota	Arthrobotrys
A0AAV9WFZ0	cluster_3	~-F-W-E-N-Y-V-A-F-H-C	Fungi	Ascomycota	Arthrobotrys
A0AAV9WVI6	cluster_1	~-F-F-E-G-Y-L-S-F-H--	Fungi	Ascomycota	Orbilia
A0AAW0QIT9	cluster_1	~-F-W-E-G-Y-L-S-F-H--	Fungi	Ascomycota	Apiospora
A0AAW0QJE6	cluster_1	~-F-W-Q-T-Y-L-S-F-H--	Fungi	Ascomycota	Apiospora
A0AAW0R323	cluster_1	~-F-W-Q-G-Y-T-S-F-H--	Fungi	Ascomycota	Apiospora
A0AAW0R486	cluster_1	~-F-W-E-G-Y-F-A-F-H--	Fungi	Ascomycota	Apiospora
A0AAW0R6S9	cluster_1	~-F-W-E-G-Y-L-S-F-H--	Fungi	Ascomycota	Apiospora
A0AAW0R6Y1	cluster_1	~-F-F-Q-G-Y-F-S-F-H--	Fungi	Ascomycota	Apiospora
A0AAX4HVW2	cluster_1	~-F-W-G-T-Y-V-S-F-H--	Fungi	Ascomycota	Colletotrichum
A0AAX4I3X6	cluster_1	~-F-W-Q-G-Y-V-S-F-H--	Fungi	Ascomycota	Colletotrichum
A0AAX4III9	cluster_1	~-F-W-Q-G-Y-P-S-F-H--	Fungi	Ascomycota	Colletotrichum
A0AAX6MKY9	cluster_1	~-F-W-Q-G-Y-V-S-F-H--	Fungi	Ascomycota	Daldinia
A0AB34KIU8	cluster_1	~-F-W-E-G-Y-L-S-F-H--	Fungi	Ascomycota	Cladosporium
A0AB34KMZ8	cluster_1	~-F-W-Q-G-Y-V-S-F-H--	Fungi	Ascomycota	Cladosporium
A0AB37WLI1	cluster_1	~-F-W-Q-T-Y-F-S-F-H--	Fungi	Ascomycota	Alternaria
A0AB37WPQ7	cluster_1	~-F-W-Q-N-Y-M-S-F-H--	Fungi	Ascomycota	Alternaria
A0AB37X2G0	cluster_1	~-F-W-Q-S-Y-F-S-F-H--	Fungi	Ascomycota	Alternaria
A0AB74JRL7	cluster_1	~-F-W-Q-G-Y-V-S-F-H--	Fungi	Ascomycota	Aureobasidium
A0ABD2I4S2	cluster_80	~-F-W-E-D-Y-R-S-F-H--	Animals	Nematoda	Heterodera
A0ABD2JWA1	cluster_80	H-F-W-E-D-Y-R-S-F-H--	Animals	Nematoda	Heterodera
A0ABD2KIP0	cluster_80	~-F-W-E-D-Y-R-S-F-H--	Animals	Nematoda	Heterodera
A0ABD2KLI7	cluster_923	~-F-W-E-D-Y-R-S-F-H--	Animals	Nematoda	Heterodera
A0ABD2LMP6	cluster_80	~-F-W-E-D-Y-R-S-F-H--	Animals	Nematoda	Heterodera
A0ABD2M5Y3	cluster_926	~-F-W-E-D-Y-R-S-F-H--	Animals	Nematoda	Heterodera
A0ABN8MAL2	cluster_2	V-F-W-E-N-Y-S-S-F-H--	Animals	Cnidaria	Porites
A0ABN8P6G0	cluster_2	V-F-W-E-N-Y-S-S-F-H--	Animals	Cnidaria	Porites
A0ABP0B1V4	cluster_1	~-L-A-L-T-Y-P-S-F-H--	Fungi	Ascomycota	Sporothrix
A0ABP0B4Q9	cluster_1	~-F-W-Q-S-Y-F-S-F-H--	Fungi	Ascomycota	Sporothrix
A0ABP0BR20	cluster_1	~-F-W-Q-S-Y-F-S-F-H--	Fungi	Ascomycota	Sporothrix
A0ABP0CJR6	cluster_1	~-F-W-Q-S-Y-F-S-F-H--	Fungi	Ascomycota	Sporothrix
A0ABP0CPT3	cluster_1	~-L-S-L-N-Y-F-S-F-H--	Fungi	Ascomycota	Sporothrix
A0ABP0CRD0	cluster_1	~-L-A-L-T-Y-P-S-F-H--	Fungi	Ascomycota	Sporothrix
A0ABP0CYK4	cluster_1	~-L-A-L-T-Y-P-S-F-H--	Fungi	Ascomycota	Sporothrix
A0ABP2ENL8	cluster_45	~-F-W-E-N-Y-I-A-F-H-C	Fungi	Ascomycota	Ajellomyces
A0ABQ0FZ30	cluster_1	~-F-W-Q-G-Y-L-S-F-H--	Fungi	Ascomycota	Madurella
A0ABQ0FZ51	cluster_140	~-F-W-E-N-Y-I-A-F-H-C	Fungi	Ascomycota	Madurella
A0ABQ0G2N7	cluster_1	~-L-A-L-N-Y-P-S-F-H--	Fungi	Ascomycota	Madurella
A0ABQ0G3Z9	cluster_1	~-L-A-L-M-Y-A-S-F-H--	Fungi	Ascomycota	Madurella
A0ABQ0GAG7	cluster_1	~-F-W-E-G-Y-L-S-F-H--	Fungi	Ascomycota	Madurella
A0ABQ0GH37	cluster_1	~-L-A-L-T-Y-P-S-F-H--	Fungi	Ascomycota	Madurella
A0ABQ0GT71	cluster_1	~-F-W-Q-T-Y-F-S-F-H--	Fungi	Ascomycota	Madurella
A0ABQ0ZSR3	cluster_1	~-F-W-Q-S-Y-F-S-F-H--	Fungi	Ascomycota	Aspergillus
A0ABQ1APD1	cluster_1	~-F-W-Q-G-Y-V-S-F-H--	Fungi	Ascomycota	Aspergillus
A0ABQ6W837	cluster_1	~-F-W-Q-G-Y-V-S-F-H--	Fungi	Ascomycota	Aspergillus
A0ABQ6WH31	cluster_1	~-F-W-Q-S-Y-F-S-F-H--	Fungi	Ascomycota	Aspergillus
A0ABQ7ILN7	cluster_1	~-F-W-Q-T-Y-F-S-F-H--	Fungi	Ascomycota	Botrytis
A0ABQ8G6N4	cluster_1	~-F-W-Q-G-Y-V-S-F-H--	Fungi	Ascomycota	Macrophomina
A0ABQ8G8Z6	cluster_1	~-F-W-Q-G-Y-F-S-F-H--	Fungi	Ascomycota	Macrophomina
A0ABQ8GHP1	cluster_1	~-F-W-E-G-Y-L-S-F-H--	Fungi	Ascomycota	Macrophomina
A0ABQ8N5F3	cluster_1	~-F-W-E-G-Y-V-S-F-H--	Fungi	Ascomycota	Pyricularia
A0ABQ8R9X0	cluster_1	~-F-W-Q-G-Y-V-S-F-H--	Fungi	Ascomycota	Fusarium
A0ABQ8WV66	cluster_1	~-F-W-Q-G-Y-V-S-F-H--	Fungi	Ascomycota	Penicillium
A0ABQ9PJM1	cluster_1	~-F-W-Q-G-Y-V-S-F-H--	Fungi	Ascomycota	Colletotrichum
A0ABQ9PUB0	cluster_1	~-F-W-Q-G-Y-P-S-F-H--	Fungi	Ascomycota	Colletotrichum
A0ABQ9Q1L9	cluster_1	~-F-W-Q-G-Y-V-S-F-H--	Fungi	Ascomycota	Colletotrichum
A0ABQ9Q822	cluster_1	~-F-W-E-G-Y-L-S-F-H--	Fungi	Ascomycota	Colletotrichum
A0ABQ9QE80	cluster_1	~-F-W-G-T-Y-S-R-F-H--	Fungi	Ascomycota	Colletotrichum
A0ABQ9QL15	cluster_1	~-F-W-G-T-Y-P-S-F-H--	Fungi	Ascomycota	Colletotrichum
A0ABQ9QQ66	cluster_1	~-F-W-E-G-Y-L-S-F-H--	Fungi	Ascomycota	Colletotrichum
A0ABQ9R3N5	cluster_1	~-F-W-Q-G-Y-P-S-F-H--	Fungi	Ascomycota	Colletotrichum
A0ABQ9RD48	cluster_1	~-F-W-Q-G-Y-V-S-F-H--	Fungi	Ascomycota	Colletotrichum
A0ABQ9RVF0	cluster_1	~-F-W-Q-G-Y-V-S-F-H--	Fungi	Ascomycota	Colletotrichum
A0ABQ9S3B0	cluster_1	~-F-W-Q-G-Y-V-S-F-H--	Fungi	Ascomycota	Colletotrichum
A0ABQ9SEQ7	cluster_1	~-F-W-Q-G-Y-P-S-F-H--	Fungi	Ascomycota	Colletotrichum
A0ABQ9SNF2	cluster_1	~-F-W-E-G-Y-L-S-F-H--	Fungi	Ascomycota	Colletotrichum
A0ABQ9T1W6	cluster_1	~-F-W-Q-G-Y-V-S-F-H--	Fungi	Ascomycota	Colletotrichum
A0ABQ9T584	cluster_1	~-F-W-G-T-Y-P-S-F-H--	Fungi	Ascomycota	Colletotrichum
A0ABR0E168	cluster_1	~-F-W-Q-A-Y-F-S-F-H--	Fungi	Ascomycota	Zasmidium
A0ABR0E9M4	cluster_3	~-F-W-E-D-Y-L-S-F-H-C	Fungi	Ascomycota	Zasmidium
A0ABR0FAF3	cluster_1	~-L-A-L-N-Y-F-S-F-H--	Fungi	Ascomycota	Podospora
A0ABR0FAT7	cluster_1	~-L-A-L-T-Y-P-S-F-H--	Fungi	Ascomycota	Podospora
A0ABR0FEZ1	cluster_1	~-F-W-E-A-Y-F-S-F-H--	Fungi	Ascomycota	Podospora
A0ABR0FJ10	cluster_1	~-F-W-E-G-Y-L-S-F-H--	Fungi	Ascomycota	Podospora
A0ABR0G5J0	cluster_1	~-L-A-L-N-Y-F-S-F-H--	Fungi	Ascomycota	Podospora
A0ABR0G7F0	cluster_1	~-L-A-L-T-Y-P-S-F-H--	Fungi	Ascomycota	Podospora
A0ABR0GCH2	cluster_1	~-F-W-E-A-Y-F-S-F-H--	Fungi	Ascomycota	Podospora
A0ABR0GHK0	cluster_1	~-F-W-E-G-Y-L-S-F-H--	Fungi	Ascomycota	Podospora
A0ABR0H352	cluster_1	~-L-A-L-N-Y-F-S-F-H--	Fungi	Ascomycota	Podospora
A0ABR0H4B3	cluster_1	~-L-A-L-T-Y-P-S-F-H--	Fungi	Ascomycota	Podospora
A0ABR0HEV1	cluster_1	~-F-W-E-G-Y-L-S-F-H--	Fungi	Ascomycota	Podospora
A0ABR0HM73	cluster_1	~-L-A-L-N-Y-F-S-F-H--	Fungi	Ascomycota	Podospora
A0ABR0HSZ9	cluster_1	~-L-A-L-T-Y-P-S-F-H--	Fungi	Ascomycota	Podospora
A0ABR0IB74	cluster_1	~-F-W-E-G-Y-L-S-F-H--	Fungi	Ascomycota	Podospora
A0ABR0R9J5	cluster_1	~-F-W-Q-S-Y-F-S-F-H--	Fungi	Ascomycota	Knufia
A0ABR0T8R8	cluster_1	~-F-W-Q-T-Y-I-S-F-H--	Fungi	Ascomycota	Aureobasidium
A0ABR0TEF5	cluster_1	~-F-W-Q-G-Y-V-S-F-H--	Fungi	Ascomycota	Aureobasidium
A0ABR1BRR8	cluster_1	~-F-W-S-D-Y-T-S-F-H--	Animals	Nematoda	Necator
A0ABR1FUA4	cluster_9	A-F-Q-G-G-Y-E-S-F-I--	Oomycota	?	Aureococcus
A0ABR1G9R0	cluster_9	~-F-Q-G-G-Y-E-S-F-I--	?	?	?
A0ABR1GPG0	cluster_1	~-F-W-Q-G-Y-V-S-F-H--	Fungi	Ascomycota	Neonectria
A0ABR1IHT3	cluster_1	~-F-W-Q-G-Y-V-S-F-H--	Fungi	Ascomycota	Neonectria
A0ABR1K9S3	cluster_1	~-F-W-Q-G-Y-F-S-F-H--	Fungi	Ascomycota	Phyllosticta
A0ABR1M5H0	cluster_1	~-F-W-Q-G-Y-F-S-F-H--	Fungi	Ascomycota	Phyllosticta
A0ABR1MBY6	cluster_1	~-F-W-Q-G-Y-F-S-F-H--	Fungi	Ascomycota	Phyllosticta
A0ABR1NLF9	cluster_1	~-F-W-Q-G-Y-F-S-F-H--	Fungi	Ascomycota	Phyllosticta
A0ABR1NZG8	cluster_1	~-F-W-E-G-Y-A-T-T-H--	Fungi	Ascomycota	Diaporthe
A0ABR1PAZ9	cluster_1	~-F-W-Q-G-Y-V-S-F-H--	Fungi	Ascomycota	Diaporthe
A0ABR1PLE9	cluster_1	~-F-W-E-G-Y-L-S-F-H--	Fungi	Ascomycota	Diaporthe
A0ABR1PT23	cluster_1	~-F-W-Q-G-Y-T-S-F-H--	Fungi	Ascomycota	Apiospora
A0ABR1PTC1	cluster_1	~-L-S-L-N-Y-F-S-F-H--	Fungi	Ascomycota	Apiospora
A0ABR1PTV5	cluster_1	~-F-W-E-G-Y-F-A-F-H--	Fungi	Ascomycota	Apiospora
A0ABR1Q9W9	cluster_1	~-F-W-E-G-Y-L-S-F-H--	Fungi	Ascomycota	Apiospora
A0ABR1QMZ4	cluster_1	~-F-W-E-G-Y-L-S-F-H--	Fungi	Ascomycota	Apiospora
A0ABR1R5M3	cluster_1	~-F-W-Q-T-Y-L-S-F-H--	Fungi	Ascomycota	Apiospora
A0ABR1RJC5	cluster_1	~-F-W-Q-G-Y-T-S-F-H--	Fungi	Ascomycota	Apiospora
A0ABR1RLR2	cluster_1	~-L-S-L-N-Y-F-S-F-H--	Fungi	Ascomycota	Apiospora
A0ABR1RXE0	cluster_1	~-F-W-E-G-Y-F-A-F-H--	Fungi	Ascomycota	Apiospora
A0ABR1RY28	cluster_1	~-F-W-Q-G-Y-T-S-F-H--	Fungi	Ascomycota	Apiospora
A0ABR1RYJ1	cluster_1	~-L-S-L-N-Y-F-S-F-H--	Fungi	Ascomycota	Apiospora
A0ABR1SCU0	cluster_1	~-F-W-Q-T-Y-L-S-F-H--	Fungi	Ascomycota	Apiospora
A0ABR1SD88	cluster_1	~-F-W-E-G-Y-L-S-F-H--	Fungi	Ascomycota	Apiospora
A0ABR1T0I8	cluster_1	~-F-W-E-G-Y-L-S-F-H--	Fungi	Ascomycota	Apiospora
A0ABR1T0J9	cluster_1	~-F-W-Q-N-Y-V-S-S-H--	Fungi	Ascomycota	Apiospora
A0ABR1THA7	cluster_1	~-F-W-Q-T-Y-L-S-F-H--	Fungi	Ascomycota	Apiospora
A0ABR1UBK5	cluster_1	~-F-W-Q-A-Y-L-S-F-H--	Fungi	Ascomycota	Apiospora
A0ABR1UDU1	cluster_1	~-F-W-Q-G-Y-T-S-F-H--	Fungi	Ascomycota	Apiospora
A0ABR1UHA3	cluster_1	~-L-S-L-N-Y-F-S-F-H--	Fungi	Ascomycota	Apiospora
A0ABR1UUG8	cluster_927	~-F-W-E-G-Y-L-S-F-H--	Fungi	Ascomycota	Apiospora
A0ABR1VYM8	cluster_1	~-F-W-Q-G-Y-T-S-F-H--	Fungi	Ascomycota	Apiospora
A0ABR1W1A7	cluster_1	~-L-S-L-N-Y-F-S-F-H--	Fungi	Ascomycota	Apiospora
A0ABR1W4X4	cluster_1	~-F-W-Q-N-Y-S-S-F-H--	Fungi	Ascomycota	Apiospora
A0ABR1WSD7	cluster_1	~-F-W-E-G-Y-L-S-F-H--	Fungi	Ascomycota	Apiospora
A0ABR1X7M6	cluster_1	~-F-W-Q-G-Y-T-S-F-H--	Fungi	Ascomycota	Apiospora
A0ABR1X8L1	cluster_1	~-L-S-L-N-Y-F-S-F-H--	Fungi	Ascomycota	Apiospora
A0ABR1X9X2	cluster_1	~-F-W-E-G-Y-L-S-F-H--	Fungi	Ascomycota	Apiospora
A0ABR1XZF6	cluster_1	~-F-W-Q-G-Y-F-S-F-H--	Fungi	Ascomycota	Phyllosticta
A0ABR1YK44	cluster_1	~-F-W-Q-G-Y-F-S-F-H--	Fungi	Ascomycota	Phyllosticta
A0ABR2HJK0	cluster_1	~-F-W-Q-G-Y-T-S-F-H--	Fungi	Ascomycota	Apiospora
A0ABR2HK00	cluster_1	~-F-W-E-G-Y-F-A-F-H--	Fungi	Ascomycota	Apiospora
A0ABR2HL23	cluster_1	~-L-S-L-N-Y-F-S-F-H--	Fungi	Ascomycota	Apiospora
A0ABR2IAG2	cluster_1	~-F-W-E-G-Y-L-S-F-H--	Fungi	Ascomycota	Apiospora
A0ABR2IBC7	cluster_1	~-F-W-Q-T-Y-L-S-F-H--	Fungi	Ascomycota	Apiospora
A0ABR2IHI0	cluster_1	~-F-W-E-G-Y-L-S-F-H--	Fungi	Ascomycota	Apiospora
A0ABR2J6C3	cluster_1	~-F-W-Q-A-Y-L-S-F-H--	Fungi	Ascomycota	Apiospora
A0ABR2UF09	cluster_1	~-F-W-Q-G-Y-V-S-F-H--	Fungi	Ascomycota	Seiridium
A0ABR2V763	cluster_1	~-F-W-Q-S-Y-F-S-F-H--	Fungi	Ascomycota	Seiridium
A0ABR2VGK2	cluster_1	~-F-W-N-G-Y-F-S-F-H--	Fungi	Ascomycota	Seiridium
A0ABR2X973	cluster_1	~-F-W-Q-S-Y-F-S-F-H--	Fungi	Ascomycota	Seiridium
A0ABR2XGI8	cluster_1	~-F-W-Q-G-Y-V-S-F-H--	Fungi	Ascomycota	Seiridium
A0ABR2XP08	cluster_1	~-F-W-N-G-Y-F-S-F-H--	Fungi	Ascomycota	Seiridium
A0ABR2XXL3	cluster_1	~-F-W-N-G-Y-F-S-F-H--	Fungi	Ascomycota	Seiridium
A0ABR3D5W7	cluster_1	~-F-L-Q-G-Y-V-S-F-H--	Fungi	Ascomycota	Neurospora
A0ABR3F3B6	cluster_1	~-F-W-E-D-Y-T-S-F-H--	Fungi	Basidiomycota	Marasmius
A0ABR3FC20	cluster_1	~-F-W-E-D-Y-S-S-F-H--	Fungi	Basidiomycota	Marasmius
A0ABR3G937	cluster_1	~-F-W-E-G-Y-L-S-F-H--	Fungi	Ascomycota	Discina
A0ABR3R101	cluster_1	~-F-W-Q-S-Y-F-S-F-H--	Fungi	Ascomycota	Nothophoma
A0ABR3RK21	cluster_601	~-F-F-E-N-Y-I-A-F-H-C	Fungi	Ascomycota	Paraconiothyrium
A0ABR3S3R4	cluster_1	~-F-W-Q-G-Y-F-S-F-H--	Fungi	Ascomycota	Nothophoma
A0ABR3S877	cluster_1	~-F-W-Q-G-Y-V-S-F-H--	Fungi	Ascomycota	Paraconiothyrium
A0ABR3SYM1	cluster_1	~-F-W-Q-G-Y-F-S-F-H--	Fungi	Ascomycota	Neofusicoccum
A0ABR3TH80	cluster_1	~-F-W-Q-G-Y-L-S-F-H--	Fungi	Ascomycota	Diplodia
A0ABR3TIJ2	cluster_1	~-F-W-Q-G-Y-F-S-F-H--	Fungi	Ascomycota	Diplodia
A0ABR3U827	cluster_1	~-F-W-Q-A-Y-L-S-F-H--	Fungi	Ascomycota	Alternaria
A0ABR3U855	cluster_1	~-F-W-Q-S-Y-F-S-F-H--	Fungi	Ascomycota	Alternaria
A0ABR3UEW4	cluster_1	~-F-W-Q-T-Y-L-S-F-H--	Fungi	Ascomycota	Alternaria
A0ABR3UKK5	cluster_1	~-F-W-Q-T-Y-F-S-F-H--	Fungi	Ascomycota	Alternaria
A0ABR3V2B3	cluster_1	~-L-A-L-M-Y-F-S-F-H--	Fungi	Ascomycota	Humicola
A0ABR3VIB0	cluster_1	~-F-W-E-G-Y-V-S-F-H--	Fungi	Ascomycota	Humicola
A0ABR3VZ55	cluster_1	~-L-A-L-T-Y-A-S-F-H--	Fungi	Ascomycota	Diaporthe
A0ABR3W1D6	cluster_1	~-F-W-Q-G-Y-F-S-F-H--	Fungi	Ascomycota	Phialemonium
A0ABR3W2E0	cluster_1	~-L-W-L-G-Y-F-S-F-H--	Fungi	Ascomycota	Diaporthe
A0ABR3WER5	cluster_1	~-L-S-L-N-Y-F-S-F-H--	Fungi	Ascomycota	Phialemonium
A0ABR3WG91	cluster_1	~-L-A-L-T-Y-P-S-F-H--	Fungi	Ascomycota	Phialemonium
A0ABR3WP99	cluster_1	~-F-W-E-G-Y-L-S-F-H--	Fungi	Ascomycota	Diaporthe
A0ABR3XD70	cluster_1	~-F-W-Q-G-Y-V-S-F-H--	Fungi	Ascomycota	Diaporthe
A0ABR3Y0F5	cluster_1	~-F-W-Q-G-Y-V-S-F-H--	Fungi	Ascomycota	Diaporthe
A0ABR3YUN4	cluster_1	~-F-W-Q-S-Y-F-S-F-H--	Fungi	Ascomycota	Sporothrix
A0ABR3YYR7	cluster_1	~-L-A-L-T-Y-P-S-F-H--	Fungi	Ascomycota	Sporothrix
A0ABR4BU17	cluster_1	~-F-W-Q-G-Y-V-S-F-H--	Fungi	Ascomycota	Oculimacula
A0ABR4BXU6	cluster_1	~-F-W-N-S-Y-F-S-F-H--	Fungi	Ascomycota	Oculimacula
A0ABR4C3G6	cluster_1	~-F-W-E-S-Y-F-S-F-H--	Fungi	Ascomycota	Oculimacula
A0ABR4C8S7	cluster_1	~-F-W-Q-T-Y-F-S-F-H--	Fungi	Ascomycota	Oculimacula
A0ABR4DJH0	cluster_1	~-F-W-E-G-Y-V-S-F-H--	Fungi	Ascomycota	Remersonia
A0ABR4DNW5	cluster_1	~-L-A-L-I-Y-F-S-F-H--	Fungi	Ascomycota	Remersonia
A0ABR4E1W3	cluster_1	~-F-W-Q-G-Y-V-S-F-H--	Fungi	Ascomycota	Diaporthe
A0ABR4ECI4	cluster_1	~-F-W-Q-I-Y-F-S-F-H--	Fungi	Ascomycota	Diaporthe
A0ABR4G8E9	cluster_1	~-F-W-Q-S-Y-F-S-F-H--	Fungi	Ascomycota	Aspergillus
A0ABR4GV96	cluster_1	~-F-W-Q-S-Y-F-S-F-H--	Fungi	Ascomycota	Aspergillus
A0ABR4HXD7	cluster_1	~-F-W-Q-S-Y-F-S-F-H--	Fungi	Ascomycota	Aspergillus
A0ABR4IDY3	cluster_3	~-F-W-E-N-Y-I-A-F-H-C	Fungi	Ascomycota	Aspergillus
A0ABR4JK57	cluster_1	~-F-W-Q-S-Y-F-S-F-H--	Fungi	Ascomycota	Aspergillus
A0ABR4KG36	cluster_1	~-F-W-Q-S-Y-F-S-F-H--	Fungi	Ascomycota	Aspergillus
A0ABR4KUJ7	cluster_826	~-F-W-E-N-Y-I-A-F-H-C	Fungi	Ascomycota	Aspergillus
A0ABR4LE59	cluster_1	~-F-W-Q-G-Y-F-S-F-H--	Fungi	Ascomycota	Aspergillus
A0ABR4PQV3	cluster_1	~-F-W-E-G-Y-L-S-F-H--	Fungi	Ascomycota	Phlyctema
A0ABY0GL25	cluster_1	~-F-W-Q-N-Y-M-S-F-H--	Fungi	Ascomycota	Alternaria
A0ABY0HLJ3	cluster_1	~-F-W-Q-S-Y-F-S-F-H--	Fungi	Ascomycota	Alternaria
A0ABY5Q3K8	cluster_6	~-F-W-E-N-Y-T-A-F-H-C	Bacteria	Actinomycetota	Streptomyces
A0ABY6S516	cluster_1	~-F-W-E-G-Y-L-S-F-H--	Fungi	Ascomycota	Podospora
A0ABY6SHP1	cluster_1	~-L-A-L-T-Y-P-S-F-H--	Fungi	Ascomycota	Podospora
A0ABY6UWR4	cluster_1	~-F-W-Q-G-Y-V-S-F-H--	Fungi	Ascomycota	Bionectria
A0ABZ2X5L0	cluster_1	~-F-W-Q-G-Y-V-S-F-H--	Fungi	Ascomycota	Fusarium
A0ACB0Y497	cluster_1	~-F-W-E-D-Y-R-S-F-H--	Animals	Nematoda	Meloidogyne
A0ACB0Y7T5	cluster_1	~-F-W-E-D-Y-R-S-F-H--	Animals	Nematoda	Meloidogyne
A0ACB0YFD1	cluster_1	~-F-W-E-D-Y-R-S-F-H--	Animals	Nematoda	Meloidogyne
A0ACB5S1P3	cluster_1	~-F-W-Q-G-Y-F-S-F-H--	Fungi	Ascomycota	Neofusicoccum
A0ACB6FB67	cluster_1	~-F-W-Q-S-Y-F-S-F-H--	Fungi	Ascomycota	Alternaria
A0ACB6FQR3	cluster_1	~-F-W-Q-T-Y-L-S-F-H--	Fungi	Ascomycota	Alternaria
A0ACB6FTH8	cluster_1	~-F-W-Q-T-Y-F-S-F-H--	Fungi	Ascomycota	Alternaria
A0ACB6G0J7	cluster_1	~-F-W-Q-G-Y-F-S-F-H--	Fungi	Ascomycota	Alternaria
A0ACB6QDU3	cluster_3	~-F-W-E-G-Y-L-S-F-H-C	Fungi	Ascomycota	Lindgomyces
A0ACB6QZ82	cluster_1	~-L-A-L-M-Y-F-S-F-H--	Fungi	Ascomycota	Lindgomyces
A0ACB6RLT2	cluster_1	~-F-W-Q-T-Y-F-S-F-H--	Fungi	Ascomycota	Macroventuria
A0ACB7P4Q1	cluster_1	~-F-W-Q-G-Y-V-S-F-H--	Fungi	Ascomycota	Chaetomium
A0ACB7P4Z6	cluster_1	~-F-W-Q-G-Y-F-S-F-H--	Fungi	Ascomycota	Chaetomium
A0ACB7P620	cluster_1	~-L-A-L-S-Y-F-S-F-H--	Fungi	Ascomycota	Chaetomium
A0ACB7PAM3	cluster_1	~-F-W-E-G-Y-L-S-F-H--	Fungi	Ascomycota	Chaetomium
A0ACB7PCI4	cluster_3	~-F-W-E-N-Y-I-A-F-H-C	Fungi	Ascomycota	Chaetomium
A0ACB7PK71	cluster_1	~-F-W-E-A-Y-F-S-F-H--	Fungi	Ascomycota	Chaetomium
A0ACB7PME6	cluster_1	~-L-A-L-T-Y-P-S-F-H--	Fungi	Ascomycota	Chaetomium
A0ACB7PRL0	cluster_1	~-F-W-E-G-Y-L-S-F-H--	Fungi	Ascomycota	Chaetomium
A0ACB9YLZ4	cluster_1	~-F-W-Q-G-Y-V-S-F-H--	Fungi	Ascomycota	Hypoxylon
A0ACB9YZX1	cluster_1	~-L-A-L-T-Y-P-S-F-H--	Fungi	Ascomycota	Hypoxylon
A0ACC0CM42	cluster_1	~-L-A-L-T-Y-P-S-F-H--	Fungi	Ascomycota	Hypoxylon
A0ACC0CP42	cluster_1	~-F-W-Q-G-Y-V-S-F-H--	Fungi	Ascomycota	Hypoxylon
A0ACC0QHU8	cluster_1	~-F-W-Q-G-Y-V-S-F-H--	Fungi	Ascomycota	Fusarium
A0ACC0TNS4	cluster_4	~-F-W-E-T-Y-F-A-F-H-C	Plants	Streptophyta	Populus
A0ACC0TP89	cluster_4	~-F-W-E-T-Y-F-A-F-H-C	Plants	Streptophyta	Populus
A0ACC0TPP5	cluster_4	~-F-W-E-T-Y-F-A-F-H-C	Plants	Streptophyta	Populus
A0ACC0TPQ2	cluster_4	~-F-W-E-T-Y-F-A-F-H-C	Plants	Streptophyta	Populus
A0ACC1PKT5	cluster_140	~-F-W-E-N-Y-I-A-F-H-C	Fungi	Ascomycota	Xylaria
A0ACC1PLZ8	cluster_1	~-L-A-L-T-Y-P-S-F-H--	Fungi	Ascomycota	Xylaria
A0ACC1R809	cluster_3	~-F-W-E-N-Y-P-S-F-H-C	Fungi	Ascomycota	Lecanicillium
A0ACC2I1D4	cluster_1	~-F-W-Q-G-Y-L-S-F-H--	Fungi	Ascomycota	Boeremia
A0ACC2I6K2	cluster_1	~-F-W-Q-T-Y-F-S-F-H--	Fungi	Ascomycota	Boeremia
A0ACC2IMW5	cluster_1	~-F-W-Q-A-Y-I-S-F-H--	Fungi	Ascomycota	Boeremia
A0ACC2IQ67	cluster_434	~-F-W-Q-S-Y-L-S-F-H--	Fungi	Ascomycota	Boeremia
A0ACC2IQ68	cluster_1	~-F-W-Q-N-Y-F-S-F-H--	Fungi	Ascomycota	Boeremia
A0ACC2J4D6	cluster_1	~-L-A-L-T-Y-A-S-F-H--	Fungi	Ascomycota	Nemania
A0ACC2JI51	cluster_124	~-F-W-E-N-Y-I-A-F-H-C	Fungi	Ascomycota	Lasiodiplodia
A0ACC3AMS3	cluster_1	~-F-W-Q-G-Y-V-S-F-H--	Fungi	Ascomycota	Aspergillus
A0ACC3AMX3	cluster_1	~-F-W-Q-S-Y-L-S-F-H--	Fungi	Ascomycota	Aspergillus
A0ACC3YKA4	cluster_1	~-F-W-Q-G-Y-F-S-F-H--	Fungi	Ascomycota	Colletotrichum
A0ACC3Z109	cluster_1	~-F-W-E-G-Y-A-S-F-H--	Fungi	Ascomycota	Colletotrichum
A0ACC3Z738	cluster_1	~-F-W-E-G-Y-L-S-F-H--	Fungi	Ascomycota	Colletotrichum
A0ACD1GQ92	cluster_1	~-F-W-Q-G-Y-V-S-F-H--	Fungi	Ascomycota	Aspergillus
A0ACD1H5L9	cluster_1	~-F-W-Q-G-Y-V-S-F-H--	Fungi	Ascomycota	Aspergillus
A0ACD1I0E6	cluster_1	~-F-W-Q-G-Y-V-S-F-H--	Fungi	Ascomycota	Aspergillus
A0ACD3ZKX0	cluster_1	~-F-W-Q-G-Y-V-S-F-H--	Fungi	Ascomycota	Fusarium
A1CCY9	cluster_1	~-F-W-Q-S-Y-F-S-F-H--	Fungi	Ascomycota	Aspergillus
A1DJF5	cluster_1	~-F-W-Q-S-Y-F-S-F-H--	Fungi	Ascomycota	Neosartorya
A2Q9V3	cluster_1	~-F-W-Q-G-Y-V-S-F-H--	Fungi	Ascomycota	Aspergillus
A7UX66	cluster_1	~-F-L-Q-G-Y-V-S-F-H--	Fungi	Ascomycota	Neurospora
B0XX11	cluster_1	~-F-W-Q-S-Y-F-S-F-H--	Fungi	Ascomycota	Aspergillus
B2ACB0	cluster_1	~-F-W-E-G-Y-L-S-F-H--	Fungi	Ascomycota	Podospora
B2B2Q9	cluster_1	~-L-A-L-T-Y-P-S-F-H--	Fungi	Ascomycota	Podospora
B2VY84	cluster_1	~-F-W-Q-G-Y-F-S-F-H--	Fungi	Ascomycota	Pyrenophora
B6HUM2	cluster_1	~-F-W-Q-G-Y-V-S-F-H--	Fungi	Ascomycota	Penicillium
B6Q8Y2	cluster_1	~-F-W-Q-G-Y-V-S-F-H--	Fungi	Ascomycota	Talaromyces
B8MG02	cluster_1	~-F-W-Q-G-Y-V-S-F-H--	Fungi	Ascomycota	Talaromyces
B8N681	cluster_1	~-F-W-Q-S-Y-F-S-F-H--	Fungi	Ascomycota	Aspergillus
B8NIJ9	cluster_1	~-F-W-Q-G-Y-V-S-F-H--	Fungi	Ascomycota	Aspergillus
C0NHD4	cluster_45	~-F-W-E-N-Y-I-A-F-H-C	Fungi	Ascomycota	Ajellomyces
C4JUP3	cluster_1	~-F-W-T-G-Y-L-S-F-H--	Fungi	Ascomycota	Uncinocarpus
C5PDS4	cluster_1	~-F-W-T-G-Y-L-S-F-H--	Fungi	Ascomycota	Coccidioides
C6H6I9	cluster_633	~-F-W-E-N-Y-I-A-F-H-C	Fungi	Ascomycota	Ajellomyces
C7Z1V0	cluster_1	~-F-W-Q-G-Y-V-S-F-H--	Fungi	Ascomycota	Fusarium
C9SBK6	cluster_1	~-F-W-E-G-Y-L-S-F-H--	Fungi	Ascomycota	Verticillium
E3Q5S1	cluster_1	~-F-W-Q-G-Y-V-S-F-H--	Fungi	Ascomycota	Colletotrichum
E3QYK1	cluster_1	~-F-W-G-V-Y-V-S-F-H--	Fungi	Ascomycota	Colletotrichum
E3RCR4	cluster_1	~-F-W-Q-G-Y-F-S-F-H--	Fungi	Ascomycota	Pyrenophora
E3RHL6	cluster_1	~-F-W-Q-V-Y-V-S-F-H--	Fungi	Ascomycota	Pyrenophora
E3S6W3	cluster_1	~-F-W-Q-S-Y-F-S-F-H--	Fungi	Ascomycota	Pyrenophora
E5A169	cluster_1	~-F-W-Q-T-Y-F-S-F-H--	Fungi	Ascomycota	Leptosphaeria
E9D1H2	cluster_1	~-F-W-T-G-Y-L-S-F-H--	Fungi	Ascomycota	Coccidioides
E9DG81	cluster_1	~-F-W-Q-G-Y-V-S-F-H--	Fungi	Ascomycota	Coccidioides
E9DYM0	cluster_3	~-F-W-E-N-Y-A-S-F-H-C	Fungi	Ascomycota	Metarhizium
E9EQ45	cluster_3	~-F-W-E-N-Y-A-S-F-H-C	Fungi	Ascomycota	Metarhizium
F0UV06	cluster_45	~-F-W-E-N-Y-I-A-F-H-C	Fungi	Ascomycota	Ajellomyces
F0XBD1	cluster_1	~-F-W-E-G-Y-L-S-F-H--	Fungi	Ascomycota	Grosmannia
F0YLK6	cluster_9	~-F-Q-G-G-Y-E-S-F-I--	?	?	?
F2TQ63	cluster_45	~-F-W-E-N-Y-I-A-F-H-C	Fungi	Ascomycota	Ajellomyces
F4P662	cluster_1	~-F-W-E-N-Y-S-S-F-H--	Fungi	Chytridiomycota	Batrachochytrium
F7VJX0	cluster_1	~-F-W-E-G-Y-A-S-F-H--	Fungi	Ascomycota	Sordaria
F8MS55	cluster_1	~-F-L-Q-G-Y-V-S-F-H--	Fungi	Ascomycota	Neurospora
F9FMU5	cluster_1	~-F-W-Q-G-Y-V-S-F-H--	Fungi	Ascomycota	Fusarium
G0SFX8	cluster_1	~-L-A-L-S-Y-F-S-F-H--	Fungi	Ascomycota	Chaetomium
G1XM84	cluster_1	~-F-F-E-G-Y-L-S-F-H--	Fungi	Ascomycota	Arthrobotrys
G2QC95	cluster_1	~-L-A-M-S-Y-F-S-F-H--	Fungi	Ascomycota	Thermothelomyces
G2QLD3	cluster_1	~-F-W-E-G-Y-L-S-F-H--	Fungi	Ascomycota	Thermothelomyces
G2R003	cluster_1	~-F-W-Q-A-Y-F-S-F-H--	Fungi	Ascomycota	Thermothielavioides
G2R0R5	cluster_1	~-L-A-L-T-Y-P-S-F-H--	Fungi	Ascomycota	Thermothielavioides
G2R6U9	cluster_1	~-F-W-Q-G-Y-F-S-F-H--	Fungi	Ascomycota	Thermothielavioides
G2Y2L8	cluster_1	~-F-W-Q-T-Y-F-S-F-H--	Fungi	Ascomycota	Botryotinia
G2Y7G1	cluster_1	~-F-F-Y-G-Y-F-S-F-H--	Fungi	Ascomycota	Botryotinia
G3JUG5	cluster_3	~-F-W-E-N-Y-S-S-F-H-C	Fungi	Ascomycota	Cordyceps
G3XTJ4	cluster_1	~-F-W-Q-G-Y-V-S-F-H--	Fungi	Ascomycota	Aspergillus
G4N0R4	cluster_1	~-F-W-E-G-Y-V-S-F-H--	Fungi	Ascomycota	Pyricularia
G4N413	cluster_1	~-F-F-E-A-Y-K-S-F-H--	Fungi	Ascomycota	Pyricularia
H1VWR0	cluster_1	~-F-W-Q-G-Y-A-S-F-H--	Fungi	Ascomycota	Colletotrichum
I1REA5	cluster_1	~-F-Y-Q-G-Y-V-S-F-H--	Fungi	Ascomycota	Gibberella
I8AD57	cluster_1	~-F-W-Q-G-Y-V-S-F-H--	Fungi	Ascomycota	Aspergillus
I8TWP5	cluster_1	~-F-W-Q-S-Y-F-S-F-H--	Fungi	Ascomycota	Aspergillus
J3KA29	cluster_1	~-F-W-Q-G-Y-V-S-F-H--	Fungi	Ascomycota	Coccidioides
J3P591	cluster_1	~-L-A-L-N-Y-F-S-F-H--	Fungi	Ascomycota	Gaeumannomyces
J3P5V0	cluster_1	~-F-H-E-A-Y-K-S-F-H--	Fungi	Ascomycota	Gaeumannomyces
J3PI99	cluster_1	~-F-W-E-A-Y-V-S-F-H--	Fungi	Ascomycota	Gaeumannomyces
K2QYV7	cluster_1	~-F-W-Q-G-Y-V-S-F-H--	Fungi	Ascomycota	Macrophomina
K2RQ67	cluster_1	~-F-W-E-G-Y-L-S-F-H--	Fungi	Ascomycota	Macrophomina
K2RZA2	cluster_1	~-F-W-Q-G-Y-F-S-F-H--	Fungi	Ascomycota	Macrophomina
K3VAE6	cluster_1	~-F-W-Q-G-Y-L-S-F-H--	Fungi	Ascomycota	Fusarium
K3VIF6	cluster_1	~-F-Y-Q-G-Y-V-S-F-H--	Fungi	Ascomycota	Fusarium
L2FD19	cluster_1	~-F-W-G-T-Y-P-S-F-H--	Fungi	Ascomycota	Colletotrichum
L2FJ04	cluster_1	~-F-W-Q-G-Y-V-S-F-H--	Fungi	Ascomycota	Colletotrichum
L2FZA7	cluster_1	~-F-W-Q-G-Y-F-S-F-H--	Fungi	Ascomycota	Colletotrichum
L2G2P9	cluster_1	~-F-W-Q-G-Y-P-S-F-H--	Fungi	Ascomycota	Colletotrichum
L2G4Q3	cluster_1	~-F-W-E-G-Y-L-S-F-H--	Fungi	Ascomycota	Colletotrichum
L2G955	cluster_1	~-F-W-Q-G-Y-V-S-F-H--	Fungi	Ascomycota	Colletotrichum
L7IVA7	cluster_1	~-F-F-E-A-Y-K-S-F-H--	Fungi	Ascomycota	Pyricularia
M2QEA0	cluster_3	~-F-W-E-D-Y-P-A-F-H-C	Fungi	Basidiomycota	Ceriporiopsis
M2RUH5	cluster_176	~-F-W-Q-A-Y-F-S-F-H--	Fungi	Ascomycota	Cochliobolus
M2S8J7	cluster_1	~-F-W-Q-T-Y-F-S-F-H--	Fungi	Ascomycota	Cochliobolus
M2SMT7	cluster_1	~-F-W-Q-S-Y-I-S-F-H--	Fungi	Ascomycota	Cochliobolus
M2T5C9	cluster_1	~-F-W-Q-S-Y-I-S-F-H--	Fungi	Ascomycota	Cochliobolus
M2T5D0	cluster_1	~-F-W-Q-A-Y-L-S-F-H--	Fungi	Ascomycota	Cochliobolus
M2TEH8	cluster_1	~-F-W-Q-A-Y-L-S-F-H--	Fungi	Ascomycota	Cochliobolus
M2TH79	cluster_1	~-F-W-Q-G-Y-F-S-F-H--	Fungi	Ascomycota	Cochliobolus
M2TJ41	cluster_172	~-F-W-Q-A-Y-F-S-F-H--	Fungi	Ascomycota	Cochliobolus
M2U4D0	cluster_1	~-F-W-Q-G-Y-F-S-F-H--	Fungi	Ascomycota	Cochliobolus
M2UGL8	cluster_1	~-F-W-Q-T-Y-F-S-F-H--	Fungi	Ascomycota	Cochliobolus
M7TJF3	cluster_1	~-L-A-L-T-Y-P-S-F-H--	Fungi	Ascomycota	Eutypa
M7TLQ8	cluster_1	~-F-W-Q-G-Y-V-S-F-H--	Fungi	Ascomycota	Eutypa
M7U7E9	cluster_1	~-F-W-Q-T-Y-F-S-F-H--	Fungi	Ascomycota	Botryotinia
M7UMZ7	cluster_1	~-F-F-Y-G-Y-F-S-F-H--	Fungi	Ascomycota	Botryotinia
N1PVU9	cluster_1	~-F-W-Q-G-Y-F-S-F-H--	Fungi	Ascomycota	Dothistroma
N1QEG0	cluster_1	~-F-W-Q-T-Y-F-S-F-H--	Fungi	Ascomycota	Sphaerulina
N1RI80	cluster_1	~-F-W-Q-G-Y-V-S-F-H--	Fungi	Ascomycota	Fusarium
N4TNX6	cluster_1	~-F-W-Q-G-Y-V-S-F-H--	Fungi	Ascomycota	Fusarium
N4UMU4	cluster_1	~-F-W-E-G-Y-L-S-F-H--	Fungi	Ascomycota	Colletotrichum
N4UQQ4	cluster_1	~-F-W-Q-G-Y-V-S-F-H--	Fungi	Ascomycota	Colletotrichum
N4UX86	cluster_1	~-F-W-G-T-Y-V-S-F-H--	Fungi	Ascomycota	Colletotrichum
N4WZD1	cluster_1	~-F-W-Q-T-Y-F-S-F-H--	Fungi	Ascomycota	Cochliobolus
N4XF43	cluster_1	~-F-W-Q-G-Y-F-S-F-H--	Fungi	Ascomycota	Cochliobolus
N4XG38	cluster_1	~-F-W-Q-A-Y-L-S-F-H--	Fungi	Ascomycota	Cochliobolus
N4XI67	cluster_1	~-F-W-Q-S-Y-I-S-F-H--	Fungi	Ascomycota	Cochliobolus
N4XMY1	cluster_172	~-F-W-Q-A-Y-F-S-F-H--	Fungi	Ascomycota	Cochliobolus
Q0TZT9	cluster_1	~-F-W-E-S-Y-A-S-F-H--	Fungi	Ascomycota	Phaeosphaeria
Q0UUJ6	cluster_1	~-F-W-Q-G-Y-L-S-F-H--	Fungi	Ascomycota	Phaeosphaeria
Q0UVC7	cluster_1	~-F-W-Q-T-Y-L-S-F-H--	Fungi	Ascomycota	Phaeosphaeria
Q0UXF5	cluster_1	~-F-W-Q-T-Y-F-S-F-H-C	Fungi	Ascomycota	Phaeosphaeria
Q2GZJ4	cluster_1	~-F-W-Q-G-Y-F-S-F-H--	Fungi	Ascomycota	Chaetomium
Q2H2F5	cluster_610	~-F-W-E-G-Y-L-S-F-H--	Fungi	Ascomycota	Chaetomium
Q2H5H1	cluster_1	~-F-W-Q-G-Y-V-S-F-H--	Fungi	Ascomycota	Chaetomium
Q2H7I7	cluster_1	~-L-A-L-S-Y-F-S-F-H--	Fungi	Ascomycota	Chaetomium
Q2HF52	cluster_1	~-F-W-E-G-Y-L-S-F-H--	Fungi	Ascomycota	Chaetomium
Q2UNF9	cluster_1	~-F-W-Q-G-Y-V-S-F-H--	Fungi	Ascomycota	Aspergillus
Q4WFT7	cluster_1	~-F-W-Q-S-Y-F-S-F-H--	Fungi	Ascomycota	Aspergillus
Q5B2B9	cluster_1	~-F-W-Q-S-Y-F-S-F-H--	Fungi	Ascomycota	Emericella
Q5BDR2	cluster_1	~-F-W-Q-T-Y-F-S-F-H--	Fungi	Ascomycota	Emericella
Q66NX4	cluster_4	~-F-W-E-T-Y-F-A-F-H-C	Plants	Streptophyta	Populus
R0IDE3	cluster_1	~-F-W-Q-T-Y-F-S-F-H--	Fungi	Ascomycota	Exserohilum
R0ISP9	cluster_126	~-F-W-Q-A-Y-F-S-F-H--	Fungi	Ascomycota	Exserohilum
R0J445	cluster_1	~-F-W-Q-G-Y-F-S-F-H--	Fungi	Ascomycota	Exserohilum
R0JX03	cluster_1	~-F-W-Q-S-Y-F-A-F-H--	Fungi	Ascomycota	Exserohilum
R0KBT6	cluster_1	~-F-W-L-T-Y-L-S-F-H--	Fungi	Ascomycota	Exserohilum
R1FZK3	cluster_1	~-F-W-Q-G-Y-F-S-F-H--	Fungi	Ascomycota	Botryosphaeria
R8BG35	cluster_1	~-F-W-E-S-Y-F-S-F-H--	Fungi	Ascomycota	Phaeoacremonium
R8BLV2	cluster_1	~-F-W-E-G-Y-L-S-F-H--	Fungi	Ascomycota	Phaeoacremonium
R8BPJ4	cluster_1	~-F-W-N-G-Y-F-S-F-H--	Fungi	Ascomycota	Phaeoacremonium
S0EEI5	cluster_1	~-F-W-Q-G-Y-V-S-F-H--	Fungi	Ascomycota	Gibberella
S3CMF3	cluster_436	~-F-W-L-T-Y-F-S-F-H--	Fungi	Ascomycota	Glarea
S3D6U4	cluster_1	~-F-W-Q-T-Y-F-S-F-H--	Fungi	Ascomycota	Glarea
S3D9K4	cluster_1	~-F-W-Q-G-Y-P-S-F-H--	Fungi	Ascomycota	Glarea
S3E0P4	cluster_1	~-L-A-L-M-Y-F-S-F-H--	Fungi	Ascomycota	Glarea
S8AFU7	cluster_1	~-F-F-E-G-Y-L-S-F-H--	Fungi	Ascomycota	Dactylellina
T0K2E8	cluster_1	~-F-W-Q-G-Y-F-S-F-H--	Fungi	Ascomycota	Colletotrichum
T0K2Z3	cluster_1	~-F-W-E-G-Y-L-S-F-H--	Fungi	Ascomycota	Colletotrichum
T0L3F7	cluster_1	~-F-W-Q-G-Y-P-S-F-H--	Fungi	Ascomycota	Colletotrichum
T0L638	cluster_1	~-F-W-Q-G-Y-V-S-F-H--	Fungi	Ascomycota	Colletotrichum
T0L9H3	cluster_1	~-F-W-Q-G-Y-V-S-F-H--	Fungi	Ascomycota	Colletotrichum
U4KVA3	cluster_1	~-F-W-E-N-Y-T-S-F-H--	Fungi	Ascomycota	Pyronema
U4LKD9	cluster_1	S-F-W-Q-G-Y-F-S-F-H--	Fungi	Ascomycota	Pyronema
U4LUF5	cluster_1	S-F-W-Q-A-Y-Y-S-F-H--	Fungi	Ascomycota	Pyronema
U7PL38	cluster_1	~-L-A-L-T-Y-P-S-F-H--	Fungi	Ascomycota	Sporothrix
W2RPP6	cluster_1	~-F-W-Q-G-Y-V-S-F-H--	Fungi	Ascomycota	Cyphellophora
W3WV79	cluster_1	~-F-W-Q-G-Y-V-S-F-H--	Fungi	Ascomycota	Pestalotiopsis
W3WVA7	cluster_1	~-F-W-N-G-Y-F-S-F-H--	Fungi	Ascomycota	Pestalotiopsis
W3XCJ7	cluster_1	~-F-W-Q-S-Y-F-S-F-H--	Fungi	Ascomycota	Pestalotiopsis
W3XN18	cluster_1	~-F-W-Q-G-Y-V-S-F-H--	Fungi	Ascomycota	Pestalotiopsis
W6NGQ1	cluster_1	~-F-W-A-D-Y-T-S-F-H--	Animals	Nematoda	Haemonchus
W6PUG4	cluster_1	~-F-W-Q-G-Y-V-S-F-H--	Fungi	Ascomycota	Penicillium
W6Y2N7	cluster_836	~-F-W-Q-A-Y-F-S-F-H--	Fungi	Ascomycota	Cochliobolus
W6YLD1	cluster_1	~-F-W-Q-S-Y-I-S-F-H--	Fungi	Ascomycota	Cochliobolus
W6YLR7	cluster_1	~-F-W-L-A-Y-L-S-F-H--	Fungi	Ascomycota	Cochliobolus
W6YRU7	cluster_1	~-F-W-Q-G-Y-F-S-F-H--	Fungi	Ascomycota	Cochliobolus
W6YWU5	cluster_1	~-F-W-Q-S-Y-I-S-F-H--	Fungi	Ascomycota	Bipolaris
W6Z236	cluster_1	~-F-W-Q-G-Y-F-S-F-H--	Fungi	Ascomycota	Bipolaris
W6Z3W0	cluster_1	~-F-W-Q-T-Y-F-S-F-H--	Fungi	Ascomycota	Cochliobolus
W6ZHH7	cluster_176	~-F-W-Q-A-Y-F-S-F-H--	Fungi	Ascomycota	Bipolaris
W6ZK40	cluster_1	~-F-W-L-A-Y-L-S-F-H--	Fungi	Ascomycota	Bipolaris
W7EWI4	cluster_1	~-F-W-Q-G-Y-F-S-F-H--	Fungi	Ascomycota	Bipolaris
W7F0B3	cluster_934	~-F-W-Q-A-Y-F-S-F-H--	Fungi	Ascomycota	Bipolaris
W7F0M8	cluster_1	~-F-W-Q-S-Y-I-S-F-H--	Fungi	Ascomycota	Bipolaris
W7F796	cluster_1	~-F-W-Q-T-Y-F-S-F-H--	Fungi	Ascomycota	Bipolaris
W7FBD9	cluster_1	~-F-W-L-A-Y-L-S-F-H--	Fungi	Ascomycota	Bipolaris
W7I510	cluster_1	~-F-W-E-G-Y-L-S-F-H--	Fungi	Ascomycota	Drechslerella
W7MI76	cluster_1	~-F-W-Q-G-Y-V-S-F-H--	Fungi	Ascomycota	Gibberella
W9J6Z4	cluster_1	~-F-W-Q-G-Y-V-S-F-H--	Fungi	Ascomycota	Fusarium
W9KV83	cluster_1	~-F-W-Q-G-Y-V-S-F-H--	Fungi	Ascomycota	Fusarium
W9PF67	cluster_1	~-F-W-Q-G-Y-V-S-F-H--	Fungi	Ascomycota	Fusarium
X0AT01	cluster_1	~-F-W-Q-G-Y-V-S-F-H--	Fungi	Ascomycota	Fusarium
X0CJF1	cluster_1	~-F-W-Q-G-Y-V-S-F-H--	Fungi	Ascomycota	Fusarium
X0HAA4	cluster_1	~-F-W-Q-G-Y-V-S-F-H--	Fungi	Ascomycota	Fusarium
X0JM25	cluster_1	~-F-W-Q-G-Y-V-S-F-H--	Fungi	Ascomycota	Fusarium
X0M5K2	cluster_1	~-F-W-Q-G-Y-V-S-F-H--	Fungi	Ascomycota	Fusarium
