accession	structural_cluster	vector	Arg209_residue	Val218_residue	sub_signature	kingdom	phylum	genus
A0A010QYY8	cluster_1	~-F-W-Q-A-I-M-S-F-L--	I	M	other	Fungi	Ascomycota	Colletotrichum
A0A059TZU2	cluster_2	~-F-W-E-N-L-T-S-F-L--	L	T	DHICA-like	Animals	Chordata	Bos
A0A059U1P9	cluster_2	~-F-W-E-N-L-T-S-F-L--	L	T	DHICA-like	Animals	Chordata	Bos
A0A060WMQ6	cluster_2	~-F-W-E-N-S-S-A-F-L--	S	S	other	Animals	Chordata	Oncorhynchus
A0A060WUY0	cluster_2	~-F-W-E-N-S-S-A-F-L--	S	S	other	Animals	Chordata	Oncorhynchus
A0A060X1G5	cluster_2	V-F-W-E-N-L-T-S-F-L--	L	T	DHICA-like	Animals	Chordata	Oncorhynchus
A0A060XL10	cluster_2	~-F-W-E-N-S-S-A-F-L--	S	S	other	Animals	Chordata	Oncorhynchus
A0A067MC09	cluster_1	~-F-W-D-N-L-V-S-F-L--	L	V	other	Fungi	Basidiomycota	Botryobasidium
A0A072P5W0	cluster_1	~-F-W-I-S-F-I-S-W-L--	F	I	other	Fungi	Ascomycota	Exophiala
A0A072P8W8	cluster_1	~-F-W-L-S-F-I-S-W-L--	F	I	other	Fungi	Ascomycota	Exophiala
A0A087QSF6	cluster_2	~-F-W-E-N-L-T-S-F-L--	L	T	DHICA-like	Animals	Chordata	Aptenodytes
A0A087R0E2	cluster_2	~-F-W-E-N-S-P-A-F-L--	S	P	DCT-like	Animals	Chordata	Aptenodytes
A0A087X5L9	cluster_2	V-F-W-E-N-L-T-S-F-L--	L	T	DHICA-like	Animals	Chordata	Poecilia
A0A087XJW4	cluster_2	~-F-W-E-N-A-S-A-F-L--	A	S	other	Animals	Chordata	Poecilia
A0A087YDX2	cluster_2	V-F-W-E-N-L-T-S-F-L--	L	T	DHICA-like	Animals	Chordata	Poecilia
A0A091DE91	cluster_2	V-F-W-E-N-L-T-S-F-L--	L	T	DHICA-like	Animals	Chordata	Fukomys
A0A091EJW4	cluster_2	~-F-W-E-N-L-T-S-F-L--	L	T	DHICA-like	Animals	Chordata	Corvus
A0A091EQ39	cluster_2	~-F-W-E-N-S-P-A-F-L--	S	P	DCT-like	Animals	Chordata	Fukomys
A0A091GBZ3	cluster_2	~-F-W-E-N-L-T-S-F-L--	L	T	DHICA-like	Animals	Chordata	Cuculus
A0A091H384	cluster_2	~-F-W-E-N-L-T-S-F-L--	L	T	DHICA-like	Animals	Chordata	Buceros
A0A091HDB5	cluster_2	~-F-W-E-N-S-P-A-F-L--	S	P	DCT-like	Animals	Chordata	Buceros
A0A091HSS0	cluster_2	~-F-W-E-N-S-P-A-F-L--	S	P	DCT-like	Animals	Chordata	Calypte
A0A091ISS4	cluster_2	~-F-W-E-N-L-T-S-F-L--	L	T	DHICA-like	Animals	Chordata	Calypte
A0A091K495	cluster_2	~-F-W-E-N-L-T-S-F-L--	L	T	DHICA-like	Animals	Chordata	Colius
A0A091L5Q5	cluster_2	~-F-W-E-N-L-T-S-F-L--	L	T	DHICA-like	Animals	Chordata	Cathartes
A0A091N6A9	cluster_2	~-F-W-E-N-L-T-S-F-L--	L	T	DHICA-like	Animals	Chordata	Acanthisitta
A0A091N6N3	cluster_2	~-F-W-E-N-S-P-A-F-L--	S	P	DCT-like	Animals	Chordata	Acanthisitta
A0A091NYE1	cluster_2	V-F-W-E-N-S-P-A-F-L--	S	P	DCT-like	Animals	Chordata	Apaloderma
A0A091P7E8	cluster_2	~-F-W-E-N-L-T-S-F-L--	L	T	DHICA-like	Animals	Chordata	Leptosomus
A0A091QKA4	cluster_2	~-F-W-E-N-S-P-A-F-L--	S	P	DCT-like	Animals	Chordata	Merops
A0A091QM34	cluster_2	~-F-W-E-N-L-T-S-F-L--	L	T	DHICA-like	Animals	Chordata	Merops
A0A091RH37	cluster_2	~-F-W-E-N-S-P-A-F-L--	S	P	DCT-like	Animals	Chordata	Mesitornis
A0A091SAS8	cluster_2	~-F-W-E-N-S-P-A-F-L--	S	P	DCT-like	Animals	Chordata	Nestor
A0A091TDY4	cluster_2	~-F-W-E-N-L-T-S-F-L--	L	T	DHICA-like	Animals	Chordata	Nestor
A0A091U7D6	cluster_2	~-F-W-E-N-L-T-S-F-L--	L	T	DHICA-like	Animals	Chordata	Phoenicopterus
A0A091W550	cluster_2	~-F-W-E-N-L-T-S-F-L--	L	T	DHICA-like	Animals	Chordata	Opisthocomus
A0A091W941	cluster_2	~-F-W-E-N-L-T-S-F-L--	L	T	DHICA-like	Animals	Chordata	Nipponia
A0A091WPJ3	cluster_2	~-F-W-E-N-S-P-A-F-L--	S	P	DCT-like	Animals	Chordata	Opisthocomus
A0A093CEY8	cluster_2	~-F-W-E-N-S-P-A-F-L--	S	P	DCT-like	Animals	Chordata	Pterocles
A0A093FW37	cluster_2	~-F-W-E-N-S-P-A-F-L--	S	P	DCT-like	Animals	Chordata	Tyto
A0A093GEC8	cluster_2	~-F-W-E-N-L-T-S-F-L--	L	T	DHICA-like	Animals	Chordata	Dryobates
A0A093IJB5	cluster_2	~-F-W-E-N-L-T-S-F-L--	L	T	DHICA-like	Animals	Chordata	Eurypyga
A0A093NYR8	cluster_2	~-F-W-E-N-L-T-S-F-L--	L	T	DHICA-like	Animals	Chordata	Pygoscelis
A0A093PRN0	cluster_2	~-F-W-E-N-L-T-S-F-L--	L	T	DHICA-like	Animals	Chordata	Manacus
A0A093R2N9	cluster_2	~-F-W-E-N-L-T-S-F-L--	L	T	DHICA-like	Animals	Chordata	Phalacrocorax
A0A094KB04	cluster_2	~-F-W-E-N-L-T-S-F-L--	L	T	DHICA-like	Animals	Chordata	Antrostomus
A0A096P1J2	cluster_2	~-F-W-E-N-L-T-S-F-L--	L	T	DHICA-like	Animals	Chordata	Papio
A0A099ZU00	cluster_2	~-F-W-E-N-L-T-S-F-L--	L	T	DHICA-like	Animals	Chordata	Tinamus
A0A0A0AZE1	cluster_2	~-F-W-E-N-L-T-S-F-L--	L	T	DHICA-like	Animals	Chordata	Charadrius
A0A0A0B9F3	cluster_26	~-F-W-E-N-G-S-A-V-L--	G	S	other	Bacteria	Actinomycetota	Cellulomonas
A0A0B2V753	cluster_1	~-F-W-E-G-I-P-S-F-L--	I	P	other	Animals	Nematoda	Toxocara
A0A0B4XAD1	cluster_14	~-F-W-E-G-T-I-A-F-L--	T	I	other	Bacteria	Pseudomonadota	Rhizobium
A0A0B7AML2	cluster_43	I-F-Y-G-L-E-N-E-F-L--	E	N	other	Animals	Mollusca	Arion
A0A0C3F7Q7	cluster_206	~-F-W-H-P-I-L-S-F-L--	I	L	other	?	?	?
A0A0C3FR79	cluster_1	~-F-W-D-N-L-I-S-F-L--	L	I	other	Fungi	Basidiomycota	Piloderma
A0A0C5G0L4	cluster_1	~-F-W-E-N-R-G-S-F-L--	R	G	other	Bacteria	Actinomycetota	Streptomyces
A0A0D1E6L1	cluster_1	~-F-C-E-A-Q-Y-S-F-L--	Q	Y	other	Fungi	Basidiomycota	Mycosarcoma
A0A0D1YF04	cluster_1	~-F-W-L-S-F-I-S-W-L--	F	I	other	Fungi	Ascomycota	Exophiala
A0A0D1ZN85	cluster_1	~-F-W-I-S-F-I-S-W-L--	F	I	other	Fungi	Ascomycota	Cladophialophora
A0A0D2BB96	cluster_1	~-F-W-L-S-F-I-S-W-L--	F	I	other	Fungi	Ascomycota	Cladophialophora
A0A0D2BH13	cluster_1	~-F-W-I-S-F-I-S-W-L--	F	I	other	Fungi	Ascomycota	Exophiala
A0A0D2BKG3	cluster_1	~-F-W-L-S-F-I-S-W-L--	F	I	other	Fungi	Ascomycota	Exophiala
A0A0D2BR19	cluster_1	~-F-W-L-G-F-I-S-W-L--	F	I	other	Fungi	Ascomycota	Exophiala
A0A0D2CZ06	cluster_1	~-F-W-L-S-F-I-S-W-L--	F	I	other	Fungi	Ascomycota	Phialophora
A0A0D2D664	cluster_1	~-F-W-L-G-F-I-S-W-L--	F	I	other	Fungi	Ascomycota	Exophiala
A0A0D2DPV7	cluster_1	~-F-W-L-G-F-I-S-W-L--	F	I	other	Fungi	Ascomycota	Exophiala
A0A0D2DYM6	cluster_1	~-F-W-L-S-F-I-S-W-L--	F	I	other	Fungi	Ascomycota	Exophiala
A0A0D2EDR6	cluster_1	~-F-W-I-S-F-I-S-W-L--	F	I	other	Fungi	Ascomycota	Exophiala
A0A0D2EIL3	cluster_1	~-F-W-L-S-F-I-S-W-L--	F	I	other	Fungi	Ascomycota	Exophiala
A0A0D2ETA8	cluster_1	~-F-W-I-S-F-I-S-W-L--	F	I	other	Fungi	Ascomycota	Exophiala
A0A0D2EZC7	cluster_1	~-F-W-I-S-F-I-S-W-L--	F	I	other	Fungi	Ascomycota	Fonsecaea
A0A0D2F4M5	cluster_1	~-F-W-L-G-F-I-S-W-L--	F	I	other	Fungi	Ascomycota	Exophiala
A0A0D2G164	cluster_1	~-F-W-I-S-F-L-S-W-L--	F	L	other	Fungi	Ascomycota	Cladophialophora
A0A0D2G9B5	cluster_1	~-F-W-I-S-F-I-S-W-L--	F	I	other	Fungi	Ascomycota	Phialophora
A0A0D2HA46	cluster_1	~-F-W-L-S-F-I-S-W-L--	F	I	other	Fungi	Ascomycota	Fonsecaea
A0A0D2HER3	cluster_1	~-F-W-I-S-F-I-S-W-L--	F	I	other	Fungi	Ascomycota	Rhinocladiella
A0A0D2HGH5	cluster_1	~-F-W-L-S-F-I-S-W-L--	F	I	other	Fungi	Ascomycota	Cladophialophora
A0A0D2IAF0	cluster_1	~-F-W-I-S-F-I-S-W-L--	F	I	other	Fungi	Ascomycota	Fonsecaea
A0A0D2JFD5	cluster_1	~-F-W-L-S-F-I-S-W-L--	F	I	other	Fungi	Ascomycota	Rhinocladiella
A0A0D2K829	cluster_1	~-F-W-L-S-F-I-S-W-L--	F	I	other	Fungi	Ascomycota	Fonsecaea
A0A0D9R9M2	cluster_2	~-F-W-E-N-L-T-S-F-L--	L	T	DHICA-like	Animals	Chordata	Chlorocebus
A0A0D9RY79	cluster_2	~-F-W-E-N-S-P-A-F-L--	S	P	DCT-like	Animals	Chordata	Chlorocebus
A0A0F6YHH7	cluster_14	~-F-W-E-G-V-P-A-F-L--	V	P	other	Bacteria	Myxococcota	Sandaracinus
A0A0F7RY93	cluster_1	~-F-C-E-A-Q-Y-S-F-L--	Q	Y	other	Fungi	Basidiomycota	Sporisorium
A0A0F7VZF4	cluster_1	~-F-W-E-N-R-G-S-F-L--	R	G	other	Bacteria	Actinomycetota	Streptomyces
A0A0F7ZPL7	cluster_1	~-L-W-E-P-V-Q-S-F-L--	V	Q	other	Fungi	Ascomycota	Hirsutella
A0A0F8A0K4	cluster_1	~-F-W-E-P-A-F-S-F-L--	A	F	other	Fungi	Ascomycota	Hirsutella
A0A0G2EUA6	cluster_1	~-F-W-N-S-F-I-S-W-L--	F	I	other	Fungi	Ascomycota	Phaeomoniella
A0A0G3BQ28	cluster_191	~-F-W-K-D-S-P-S-V-L--	S	P	DCT-like	Bacteria	Pseudomonadota	Caldimonas
A0A0H1R9T1	cluster_21	~-F-W-E-N-N-P-A-F-L--	N	P	other	Bacteria	Pseudomonadota	Microvirga
A0A0K0YB13	cluster_1	~-F-W-E-D-R-I-S-F-L--	R	I	other	Animals	Mollusca	Mytilus
A0A0K1ZKE1	cluster_14	D-F-W-Q-G-V-I-A-F-L--	V	I	other	Bacteria	Pseudomonadota	Ralstonia
A0A0M3IBJ1	cluster_1	~-F-W-E-G-I-P-S-F-L--	I	P	other	Animals	Nematoda	Ascaris
A0A0M3J581	cluster_1	~-F-W-E-G-I-P-S-F-L--	I	P	other	Animals	Nematoda	Anisakis
A0A0N1P0I4	cluster_1	~-F-W-L-S-F-I-S-W-L--	F	I	other	Fungi	Ascomycota	Cyphellophora
A0A0N4U1W5	cluster_1	L-F-W-E-S-L-P-S-F-L--	L	P	other	Animals	Nematoda	Dracunculus
A0A0N4VH14	cluster_1	~-F-W-E-A-L-P-S-F-L--	L	P	other	Animals	Nematoda	Enterobius
A0A0N5CNE5	cluster_1	G-F-W-E-S-L-P-S-F-L--	L	P	other	Animals	Nematoda	Thelazia
A0A0N7EI22	cluster_4	~-F-F-E-N-V-F-A-F-L-C	V	F	other	Plants	Streptophyta	Morus
A0A0N7HV29	cluster_2	~-F-W-E-N-L-T-S-F-L--	L	T	DHICA-like	Animals	Chordata	Vulpes
A0A0P0BZ27	cluster_14	~-F-W-E-G-L-I-A-F-L--	L	I	other	Bacteria	Bacteroidota	Rufibacter
A0A0P7XBT8	cluster_2	~-F-W-E-N-R-S-A-F-L--	R	S	other	Animals	Chordata	Scleropages
A0A0P7YXS6	cluster_2	V-F-W-E-N-L-T-S-F-L--	L	T	DHICA-like	Animals	Chordata	Scleropages
A0A0Q3PGP4	cluster_2	~-F-W-E-N-L-T-S-F-L--	L	T	DHICA-like	Animals	Chordata	Amazona
A0A0S4TX46	cluster_14	D-F-W-Q-G-V-I-A-F-L--	V	I	other	Bacteria	Pseudomonadota	Ralstonia
A0A0S4U8D6	cluster_14	D-F-W-Q-G-V-I-A-F-L--	V	I	other	Bacteria	Pseudomonadota	Ralstonia
A0A0U3ND85	cluster_2	~-F-W-E-N-L-T-S-F-L--	L	T	DHICA-like	Animals	Chordata	Neovison
A0A101NKQ7	cluster_21	~-F-W-E-N-N-P-A-F-L--	N	P	other	Bacteria	Actinomycetota	Streptomyces
A0A136J918	cluster_1	~-F-W-Q-A-F-I-S-F-L--	F	I	other	Fungi	Ascomycota	Microdochium
A0A139GZD1	cluster_3	~-L-W-E-D-G-L-S-F-L-C	G	L	other	Fungi	Ascomycota	Pseudocercospora
A0A139HS50	cluster_3	~-L-W-E-D-G-L-S-F-L-C	G	L	other	Fungi	Ascomycota	Pseudocercospora
A0A146PCI2	cluster_2	V-F-W-E-N-L-T-S-F-L--	L	T	DHICA-like	Animals	Chordata	Fundulus
A0A151NRJ9	cluster_2	~-F-W-E-N-S-P-A-F-L--	S	P	DCT-like	Animals	Chordata	Alligator
A0A151NSM3	cluster_2	~-F-W-E-N-S-P-A-F-L--	S	P	DCT-like	Animals	Chordata	Alligator
A0A151P161	cluster_2	~-F-W-E-N-L-T-S-F-L--	L	T	DHICA-like	Animals	Chordata	Alligator
A0A158Q6U1	cluster_1	V-F-W-E-S-L-P-S-F-L--	L	P	other	Animals	Nematoda	Elaeophora
A0A163HMT0	cluster_3	~-F-W-E-D-N-A-S-F-L-C	N	A	other	Fungi	Ascomycota	Didymella
A0A168FCP7	cluster_1	~-F-W-M-V-T-I-S-F-L--	T	I	other	Fungi	Ascomycota	Moelleriella
A0A176W503	cluster_4	~-F-W-E-I-M-A-S-F-L-C	M	A	other	Plants	Streptophyta	Marchantia
A0A177CCF1	cluster_1	~-L-W-E-K-T-P-T-F-L--	T	P	other	Fungi	Ascomycota	Paraphaeosphaeria
A0A177EUN3	cluster_1	~-F-W-N-S-F-I-S-W-L--	F	I	other	Fungi	Ascomycota	Fonsecaea
A0A177FEY3	cluster_1	~-F-W-I-S-F-I-S-W-L--	F	I	other	Fungi	Ascomycota	Fonsecaea
A0A178CTE4	cluster_1	~-F-W-I-S-F-I-S-W-L--	F	I	other	?	?	?
A0A178DF33	cluster_1	~-F-W-L-S-F-I-S-W-L--	F	I	other	Fungi	Ascomycota	Fonsecaea
A0A178Z9S6	cluster_1	~-F-W-L-S-F-I-S-W-L--	F	I	other	Fungi	Ascomycota	Fonsecaea
A0A179A145	cluster_1	~-F-W-I-S-F-I-S-W-L--	F	I	other	Fungi	Ascomycota	Fonsecaea
A0A183C147	cluster_270	~-F-W-E-G-L-Q-A-F-L--	L	Q	other	Animals	Nematoda	Globodera
A0A183C149	cluster_271	~-F-W-G-G-T-S-A-F-L--	T	S	other	Animals	Nematoda	Globodera
A0A183IUG4	cluster_1	~-F-W-E-G-A-I-S-F-L--	A	I	other	Animals	Nematoda	Soboliphyme
A0A183IUG5	cluster_1	~-F-W-E-G-E-I-S-F-L--	E	I	other	Animals	Nematoda	Soboliphyme
A0A194XPI4	cluster_1	~-F-W-Q-S-F-F-S-F-L--	F	F	other	Fungi	Ascomycota	Mollisia
A0A1A6H6L1	cluster_2	V-F-W-G-N-L-T-S-F-L--	L	T	DHICA-like	Animals	Chordata	Neotoma
A0A1A7ZQ65	cluster_2	~-F-W-E-N-S-S-A-F-L--	S	S	other	Animals	Chordata	Nothobranchius
A0A1A8J7Q4	cluster_2	V-F-W-E-N-L-T-S-F-L--	L	T	DHICA-like	Animals	Chordata	Nothobranchius
A0A1A8KYC4	cluster_2	V-F-W-E-N-L-T-S-F-L--	L	T	DHICA-like	Animals	Chordata	Nothobranchius
A0A1A8MPH6	cluster_2	V-F-W-E-N-L-T-S-F-L--	L	T	DHICA-like	Animals	Chordata	Nothobranchius
A0A1A8NQ30	cluster_2	V-F-W-E-N-L-T-S-F-L--	L	T	DHICA-like	Animals	Chordata	Nothobranchius
A0A1A8V6I8	cluster_2	V-F-W-E-N-L-T-S-F-L--	L	T	DHICA-like	Animals	Chordata	Nothobranchius
A0A1B1MS06	cluster_2	~-F-W-E-N-L-T-S-F-L--	L	T	DHICA-like	Animals	Chordata	Falco
A0A1B1RS89	cluster_2	V-F-W-E-N-L-T-S-F-L--	L	T	DHICA-like	Animals	Chordata	Lutjanus
A0A1B1RS96	cluster_2	V-F-W-E-N-L-T-S-F-L--	L	T	DHICA-like	Animals	Chordata	Lutjanus
A0A1B1W8R6	cluster_2	~-F-W-E-N-L-T-S-F-L--	L	T	DHICA-like	Animals	Chordata	Ovis
A0A1B1W8S5	cluster_2	~-F-W-E-N-L-T-S-F-L--	L	T	DHICA-like	Animals	Chordata	Ovis
A0A1C1CNS0	cluster_1	~-F-W-L-S-F-I-S-W-L--	F	I	other	Fungi	Ascomycota	Cladophialophora
A0A1C1CVI7	cluster_1	~-F-W-I-S-F-I-S-W-L--	F	I	other	Fungi	Ascomycota	Cladophialophora
A0A1C7D000	cluster_1	~-F-W-E-E-A-F-A-F-L--	A	F	other	Animals	Mollusca	Biomphalaria
A0A1C8Y7N8	cluster_2	~-F-W-E-N-S-P-A-F-L--	S	P	DCT-like	Animals	Chordata	Tyto
A0A1C8Y7Q1	cluster_2	~-F-W-E-N-S-P-A-F-L--	S	P	DCT-like	Animals	Chordata	Tyto
A0A1C8Y7Q8	cluster_2	~-F-W-E-N-L-T-S-F-L--	L	T	DHICA-like	Animals	Chordata	Tyto
A0A1C8Y7V3	cluster_2	~-F-W-E-N-L-T-S-F-L--	L	T	DHICA-like	Animals	Chordata	Tyto
A0A1E1KMS7	cluster_1	~-F-L-Q-S-L-L-S-F-L--	L	L	other	Fungi	Ascomycota	Rhynchosporium
A0A1E1L0S7	cluster_1	~-F-L-Q-S-L-L-S-F-L--	L	L	other	Fungi	Ascomycota	Rhynchosporium
A0A1E1LW15	cluster_1	~-F-L-Q-S-L-L-S-F-L--	L	L	other	Fungi	Ascomycota	Rhynchosporium
A0A1E5V3L3	cluster_4	~-F-W-E-G-G-F-A-F-L-C	G	F	other	Plants	Streptophyta	Dichanthelium
A0A1E7N234	cluster_21	~-F-W-E-N-N-I-S-F-L--	N	I	other	Bacteria	Actinomycetota	Kitasatospora
A0A1G9R0Y5	cluster_26	~-F-W-E-G-G-Q-A-V-L--	G	Q	other	Bacteria	Actinomycetota	Lentzea
A0A1H9F825	cluster_26	~-F-W-E-G-G-Q-A-V-L--	G	Q	other	Bacteria	Actinomycetota	Lentzea
A0A1I7VBE5	cluster_987	G-F-W-E-S-L-P-S-F-L--	L	P	other	Animals	Nematoda	Loa
A0A1I8AYS7	cluster_1	F-F-F-E-G-N-P-A-F-L--	N	P	other	Animals	Nematoda	Meloidogyne
A0A1I8AZL9	cluster_1	S-F-W-E-G-K-L-S-F-L-C	K	L	other	Animals	Nematoda	Meloidogyne
A0A1I8BFJ2	cluster_1	Y-F-F-E-G-G-A-S-F-L--	G	A	other	Animals	Nematoda	Meloidogyne
A0A1I8EMD9	cluster_1	S-F-W-E-S-L-P-S-F-L--	L	P	other	Animals	Nematoda	Wuchereria
A0A1K0FZI0	cluster_1	~-F-C-E-S-Q-F-A-F-L--	Q	F	other	Fungi	Basidiomycota	Ustilago
A0A1L5NQ81	cluster_14	S-F-W-E-G-T-I-A-F-L--	T	I	other	Bacteria	Pseudomonadota	Rhizobium
A0A1L8HHA8	cluster_2	~-F-W-E-N-S-S-A-F-L--	S	S	other	Animals	Chordata	Xenopus
A0A1L8HNZ5	cluster_2	V-F-W-E-N-L-T-S-F-L--	L	T	DHICA-like	Animals	Chordata	Xenopus
A0A1M5KSP5	cluster_62	Y-F-W-E-S-T-A-A-F-L--	T	A	other	Bacteria	Bacteroidota	Pedobacter
A0A1M6FXH1	cluster_26	~-F-W-E-G-G-Q-A-V-L--	G	Q	other	Bacteria	Actinomycetota	Tessaracoccus
A0A1R4HGF1	cluster_747	~-F-W-E-N-G-R-S-F-L--	G	R	other	Bacteria	Pseudomonadota	Crenothrix
A0A1S0UE63	cluster_1	~-F-W-E-S-L-P-S-F-L--	L	P	other	?	?	?
A0A1S3A9R3	cluster_2	~-F-W-E-N-L-T-S-F-L--	L	T	DHICA-like	Animals	Chordata	Erinaceus
A0A1S3FPX9	cluster_2	~-F-W-E-N-S-P-A-F-L--	S	P	DCT-like	Animals	Chordata	Dipodomys
A0A1S3FZ52	cluster_2	~-F-W-E-N-L-T-S-F-L--	L	T	DHICA-like	Animals	Chordata	Dipodomys
A0A1S3N7F4	cluster_2	V-F-W-E-N-L-T-S-F-L--	L	T	DHICA-like	Animals	Chordata	Salmo
A0A1S3N8E2	cluster_2	V-F-W-E-N-L-T-S-F-L--	L	T	DHICA-like	Animals	Chordata	Salmo
A0A1S3PMH8	cluster_2	~-F-W-E-N-S-S-A-F-L--	S	S	other	Animals	Chordata	Salmo
A0A1S3SDL6	cluster_2	V-F-W-E-N-L-T-S-F-L--	L	T	DHICA-like	Animals	Chordata	Salmo
A0A1S3X216	cluster_4	~-F-F-E-N-R-F-S-F-L-C	R	F	other	Plants	Streptophyta	Nicotiana
A0A1S3ZGA9	cluster_4	~-F-F-E-N-R-F-S-F-L-C	R	F	other	Plants	Streptophyta	Nicotiana
A0A1U7QI44	cluster_2	~-F-W-E-N-S-P-A-F-L--	S	P	DCT-like	Animals	Chordata	Mesocricetus
A0A1U7RIN9	cluster_2	~-F-W-E-N-S-L-L-I-L--	S	L	other	Animals	Chordata	Alligator
A0A1U7RL49	cluster_2	~-F-W-E-N-L-T-S-F-L--	L	T	DHICA-like	Animals	Chordata	Alligator
A0A1U7RUY1	cluster_2	~-F-W-E-N-S-P-A-F-L--	S	P	DCT-like	Animals	Chordata	Alligator
A0A1U7SPS9	cluster_2	~-F-W-E-N-A-P-A-F-L--	A	P	other	Animals	Chordata	Carlito
A0A1U7U0A7	cluster_2	~-F-W-E-N-L-T-S-F-L--	L	T	DHICA-like	Animals	Chordata	Carlito
A0A1U8CP38	cluster_2	~-F-W-E-N-L-T-S-F-L--	L	T	DHICA-like	Animals	Chordata	Mesocricetus
A0A1U9VPE0	cluster_14	D-F-W-Q-G-V-I-A-F-L--	V	I	other	Bacteria	Pseudomonadota	blood
A0A1U9ZYN5	cluster_26	~-F-W-E-N-G-P-S-V-L--	G	P	other	Bacteria	Actinomycetota	[Actinomadura]
A0A1V4J4M7	cluster_2	~-F-W-E-N-S-P-A-F-L--	S	P	DCT-like	Animals	Chordata	Patagioenas
A0A1V4J513	cluster_2	~-F-W-E-N-L-T-S-F-L--	L	T	DHICA-like	Animals	Chordata	Patagioenas
A0A1W2FQF9	cluster_26	~-F-W-E-G-G-Q-A-V-L--	G	Q	other	Bacteria	Actinomycetota	Lentzea
A0A1W5ZLE6	cluster_2	V-F-W-E-N-L-T-S-F-L--	L	T	DHICA-like	Animals	Chordata	Tachysurus
A0A1X6NT80	cluster_1	~-F-W-E-A-I-M-S-F-L--	I	M	other	?	Rhodophyta	Porphyra
A0A1Z2L0K2	cluster_1	F-F-W-E-N-R-G-S-F-L--	R	G	other	Bacteria	Actinomycetota	Streptomyces
A0A210PPR4	cluster_8	~-F-W-E-G-S-L-A-F-L--	S	L	other	Animals	Mollusca	Mizuhopecten
A0A210PWA4	cluster_8	V-F-W-E-N-M-I-A-F-L--	M	I	other	Animals	Mollusca	Mizuhopecten
A0A210QHJ1	cluster_1	~-F-W-E-N-V-I-G-F-L--	V	I	other	Animals	Mollusca	Mizuhopecten
A0A210R239	cluster_8	S-F-W-E-N-A-S-S-F-L--	A	S	other	Animals	Mollusca	Mizuhopecten
A0A210R249	cluster_31	~-F-W-E-N-V-G-A-F-L--	V	G	other	Animals	Mollusca	Mizuhopecten
A0A212C521	cluster_2	~-F-W-R-N-L-T-S-F-L--	L	T	DHICA-like	Animals	Chordata	Cervus
A0A218UTV1	cluster_2	~-F-W-E-N-L-T-S-F-L--	L	T	DHICA-like	Animals	Chordata	Lonchura
A0A222YS18	cluster_8	~-F-W-E-N-R-I-A-F-L--	R	I	other	Animals	Mollusca	Azumapecten
A0A222YSB4	cluster_8	~-F-W-E-G-S-L-A-F-L--	S	L	other	Animals	Mollusca	Azumapecten
A0A222YTC9	cluster_8	~-F-W-E-N-R-L-A-F-L--	R	L	other	?	?	?
A0A226MV85	cluster_2	~-F-W-E-N-S-P-A-F-L--	S	P	DCT-like	Animals	Chordata	Callipepla
A0A226N516	cluster_2	~-F-W-E-N-L-T-S-F-L--	L	T	DHICA-like	?	?	?
A0A238BSW7	cluster_1	V-F-W-E-S-L-P-S-F-L--	L	P	other	Animals	Nematoda	Onchocerca
A0A239C589	cluster_14	~-F-W-E-G-V-I-A-F-L--	V	I	other	Bacteria	Actinomycetota	Geodermatophilus
A0A251TAZ6	cluster_4	~-F-F-E-S-V-F-A-F-L-C	V	F	other	Plants	Streptophyta	Helianthus
A0A286ZW59	cluster_2	V-F-W-E-N-S-P-A-F-L--	S	P	DCT-like	Animals	Chordata	Sus
A0A2A2CYM0	cluster_1	F-F-W-E-N-R-G-S-F-L--	R	G	other	Bacteria	Actinomycetota	Streptomyces
A0A2D0QFY2	cluster_2	V-F-W-E-N-L-T-S-F-L--	L	T	DHICA-like	Animals	Chordata	Ictalurus
A0A2D3URD8	cluster_1	T-F-W-Q-A-Y-F-S-F-L--	Y	F	other	Fungi	Ascomycota	Ramularia
A0A2D3VEC3	cluster_3	~-F-W-E-N-S-L-G-F-L-C	S	L	other	Fungi	Ascomycota	Ramularia
A0A2G8RML5	cluster_3	~-F-W-E-N-D-V-A-F-L-C	D	V	other	Fungi	Basidiomycota	Ganoderma
A0A2G9RBS2	cluster_2	V-F-W-E-N-L-T-S-F-L--	L	T	DHICA-like	Animals	Chordata	Aquarana
A0A2G9SKI5	cluster_2	V-F-W-E-N-L-T-S-F-L--	L	T	DHICA-like	Animals	Chordata	Aquarana
A0A2G9SKN4	cluster_2	V-F-W-E-N-L-T-S-F-L--	L	T	DHICA-like	Animals	Chordata	Aquarana
A0A2I0UTH8	cluster_2	~-F-W-E-N-L-T-S-F-L--	L	T	DHICA-like	Animals	Chordata	Limosa
A0A2I2MQ46	cluster_2	V-F-W-E-N-L-T-S-F-L--	L	T	DHICA-like	Animals	Chordata	Carassius
A0A2I3HTD7	cluster_2	~-F-W-E-N-S-P-A-F-L--	S	P	DCT-like	Animals	Chordata	Nomascus
A0A2I3N2T4	cluster_2	~-F-W-E-N-S-P-A-F-L--	S	P	DCT-like	Animals	Chordata	Papio
A0A2I3S4B5	cluster_2	~-F-W-E-N-L-T-S-F-L--	L	T	DHICA-like	Animals	Chordata	Pan
A0A2I3S7K1	cluster_2	~-F-W-E-N-L-T-S-F-L--	L	T	DHICA-like	Animals	Chordata	Pan
A0A2I3SHA6	cluster_2	~-F-W-E-N-S-P-A-Y-L--	S	P	DCT-like	Animals	Chordata	Pan
A0A2I3SUR0	cluster_2	~-F-W-E-N-S-Y-P-V-L--	S	Y	other	Animals	Chordata	Pan
A0A2I4AWA2	cluster_2	V-F-W-E-N-L-T-S-F-L--	L	T	DHICA-like	Animals	Chordata	Austrofundulus
A0A2I4CFG8	cluster_2	~-F-W-E-N-A-S-A-F-L--	A	S	other	Animals	Chordata	Austrofundulus
A0A2J6RKS8	cluster_1	~-F-W-Q-G-F-F-S-F-L--	F	F	other	Fungi	Ascomycota	Hyaloscypha
A0A2J8M4Q3	cluster_2	~-F-W-E-N-L-T-S-F-L--	L	T	DHICA-like	Animals	Chordata	Pan
A0A2J8M4S4	cluster_2	~-F-W-E-N-L-T-S-F-L--	L	T	DHICA-like	Animals	Chordata	Pan
A0A2K5CLY4	cluster_2	~-F-W-E-N-L-T-S-F-L--	L	T	DHICA-like	Animals	Chordata	Aotus
A0A2K5DIB6	cluster_2	~-F-W-E-N-S-P-A-F-L--	S	P	DCT-like	Animals	Chordata	Aotus
A0A2K5HBM2	cluster_2	~-F-W-E-N-L-T-S-F-L--	L	T	DHICA-like	Animals	Chordata	Colobus
A0A2K5J8F9	cluster_2	~-F-W-E-N-S-P-A-F-L--	S	P	DCT-like	Animals	Chordata	Colobus
A0A2K5KUE4	cluster_2	~-F-W-E-N-S-P-A-F-L--	S	P	DCT-like	Animals	Chordata	Cercocebus
A0A2K5KUH5	cluster_2	~-F-W-E-N-S-P-A-F-L--	S	P	DCT-like	Animals	Chordata	Cercocebus
A0A2K5P5J6	cluster_2	~-F-W-E-N-L-T-S-F-L--	L	T	DHICA-like	Animals	Chordata	Cercocebus
A0A2K5PG36	cluster_2	~-F-W-E-N-L-T-S-F-L--	L	T	DHICA-like	Animals	Chordata	Cebus
A0A2K5QUW3	cluster_2	~-F-W-E-N-S-P-A-M-L--	S	P	DCT-like	Animals	Chordata	Cebus
A0A2K5QUZ5	cluster_2	~-F-W-E-N-S-P-A-F-L--	S	P	DCT-like	Animals	Chordata	Cebus
A0A2K5VPR3	cluster_2	~-F-W-E-N-S-P-A-F-L--	S	P	DCT-like	Animals	Chordata	Macaca
A0A2K5Y8Y0	cluster_2	~-F-W-E-N-L-T-S-F-L--	L	T	DHICA-like	Animals	Chordata	Mandrillus
A0A2K5YYQ6	cluster_2	~-F-W-E-N-S-P-A-F-L--	S	P	DCT-like	Animals	Chordata	Mandrillus
A0A2K6C7T7	cluster_2	~-F-W-E-N-S-P-A-F-L--	S	P	DCT-like	Animals	Chordata	Macaca
A0A2K6C7U2	cluster_2	~-F-W-E-N-S-P-A-F-L--	S	P	DCT-like	Animals	Chordata	Macaca
A0A2K6C7U5	cluster_2	~-F-W-E-N-S-L-A-E-L--	S	L	other	Animals	Chordata	Macaca
A0A2K6CJW6	cluster_2	~-F-W-E-N-L-T-S-F-L--	L	T	DHICA-like	Animals	Chordata	Macaca
A0A2K6EEA8	cluster_2	V-F-W-E-N-L-H-S-F-L--	L	H	other	Animals	Chordata	Propithecus
A0A2K6JR48	cluster_2	~-F-W-E-N-S-P-A-F-L--	S	P	DCT-like	Animals	Chordata	Rhinopithecus
A0A2K6JR69	cluster_2	~-F-W-E-N-S-P-A-M-L--	S	P	DCT-like	Animals	Chordata	Rhinopithecus
A0A2K6KAP7	cluster_2	~-F-W-E-N-L-T-S-F-L--	L	T	DHICA-like	Animals	Chordata	Rhinopithecus
A0A2K6KAS9	cluster_2	~-F-W-E-N-L-T-S-F-L--	L	T	DHICA-like	Animals	Chordata	Rhinopithecus
A0A2K6PAK1	cluster_2	~-F-W-E-N-S-P-A-F-L--	S	P	DCT-like	Animals	Chordata	Rhinopithecus
A0A2K6PAN6	cluster_2	~-F-W-E-N-S-P-A-M-L--	S	P	DCT-like	Animals	Chordata	Rhinopithecus
A0A2K6Q4A4	cluster_2	~-F-W-E-N-L-T-S-F-L--	L	T	DHICA-like	Animals	Chordata	Rhinopithecus
A0A2K6TYT4	cluster_2	~-F-W-E-N-L-T-S-F-L--	L	T	DHICA-like	Animals	Chordata	Saimiri
A0A2K6TYV0	cluster_2	~-F-W-E-N-L-T-S-F-L--	L	T	DHICA-like	Animals	Chordata	Saimiri
A0A2K8T4N2	cluster_14	~-F-W-E-G-V-V-A-F-L--	V	V	other	Bacteria	Cyanobacteriota	Nostoc
A0A2M9B5K9	cluster_191	~-F-W-E-D-G-Q-S-V-L--	G	Q	other	Bacteria	Bacteroidota	Hymenobacter
A0A2N5CVU4	cluster_14	~-F-W-E-G-V-I-A-F-L--	V	I	other	Bacteria	Pseudomonadota	Caulobacter
A0A2N8NQV5	cluster_1	F-F-W-E-N-R-G-S-F-L--	R	G	other	Bacteria	Actinomycetota	Streptomyces
A0A2N8U910	cluster_1	~-F-C-E-A-Q-Y-S-F-L--	Q	Y	other	Fungi	Basidiomycota	Sporisorium
A0A2R6W5A5	cluster_4	~-F-W-E-I-M-A-S-F-L-C	M	A	other	Plants	Streptophyta	Marchantia
A0A2R6W5B2	cluster_4	~-F-W-E-I-M-A-S-F-L-C	M	A	other	Plants	Streptophyta	Marchantia
A0A2R8ZSP6	cluster_2	~-F-W-E-N-S-P-A-F-L--	S	P	DCT-like	Animals	Chordata	Pan
A0A2R9AP28	cluster_2	~-F-W-E-N-L-T-S-F-L--	L	T	DHICA-like	Animals	Chordata	Pan
A0A2S0NSC4	cluster_2	~-F-W-E-N-L-T-S-F-L--	L	T	DHICA-like	Animals	Chordata	Trachemys
A0A2T9J0L0	cluster_14	~-F-W-E-G-V-I-A-F-L--	V	I	other	Bacteria	Pseudomonadota	Caulobacter
A0A2T9ZCQ6	cluster_1	~-F-W-Q-G-N-M-S-F-L--	N	M	other	Fungi	Zoopagomycota	Smittium
A0A2U3WIZ1	cluster_2	~-F-W-E-N-S-P-A-F-L--	S	P	DCT-like	Animals	Chordata	Odobenus
A0A2U3X7P6	cluster_2	~-F-W-E-N-L-T-S-F-L--	L	T	DHICA-like	Animals	Chordata	Leptonychotes
A0A2U4A6S1	cluster_2	~-F-W-E-N-S-P-A-F-L--	S	P	DCT-like	Animals	Chordata	Tursiops
A0A2U4BB00	cluster_2	~-F-W-E-N-L-T-S-F-L--	L	T	DHICA-like	Animals	Chordata	Tursiops
A0A2U9B1J7	cluster_2	V-F-W-E-N-L-T-S-F-L--	L	T	DHICA-like	Animals	Chordata	Scophthalmus
A0A2U9BP93	cluster_2	V-F-W-E-N-L-T-S-F-L--	L	T	DHICA-like	Animals	Chordata	Scophthalmus
A0A2U9C9H0	cluster_2	~-F-W-E-N-S-S-A-F-L--	S	S	other	Animals	Chordata	Scophthalmus
A0A2V1DGW1	cluster_1	~-L-W-D-K-T-P-T-F-L--	T	P	other	Fungi	Ascomycota	Periconia
A0A2Y9DFD0	cluster_2	~-F-W-E-N-L-T-S-F-L--	L	T	DHICA-like	Animals	Chordata	Trichechus
A0A2Y9EH20	cluster_2	~-F-W-E-N-S-P-A-F-L--	S	P	DCT-like	Animals	Chordata	Physeter
A0A2Y9EW91	cluster_2	~-F-W-E-N-L-T-S-F-L--	L	T	DHICA-like	Animals	Chordata	Physeter
A0A2Y9EY58	cluster_2	~-F-W-E-N-L-T-S-F-L--	L	T	DHICA-like	Animals	Chordata	Physeter
A0A2Y9GG45	cluster_2	~-F-W-E-N-L-T-S-F-L--	L	T	DHICA-like	Animals	Chordata	Neomonachus
A0A2Y9HIR4	cluster_2	~-F-W-E-N-S-P-A-F-L--	S	P	DCT-like	Animals	Chordata	Neomonachus
A0A2Y9JCF5	cluster_2	~-F-W-E-N-S-P-A-F-L--	S	P	DCT-like	Animals	Chordata	Enhydra
A0A2Y9KVZ8	cluster_2	~-F-W-E-N-L-T-S-F-L--	L	T	DHICA-like	Animals	Chordata	Enhydra
A0A2Y9NSK5	cluster_2	~-F-W-E-N-S-P-A-F-L--	S	P	DCT-like	Animals	Chordata	Delphinapterus
A0A2Z6P106	cluster_4	~-F-F-E-N-L-F-S-F-L-C	L	F	other	Plants	Streptophyta	Trifolium
A0A315W506	cluster_2	~-F-W-E-N-A-S-A-F-L--	A	S	other	Animals	Chordata	Gambusia
A0A315W5S5	cluster_2	V-F-W-E-N-L-T-S-F-L--	L	T	DHICA-like	Animals	Chordata	Gambusia
A0A315W987	cluster_2	V-F-W-E-N-L-T-S-F-L--	L	T	DHICA-like	Animals	Chordata	Gambusia
A0A316HQM8	cluster_26	~-F-W-E-G-G-Q-A-V-L--	G	Q	other	Bacteria	Actinomycetota	Lentzea
A0A317XYW1	cluster_1	~-F-C-E-A-Q-F-A-F-L--	Q	F	other	Fungi	Basidiomycota	Testicularia
A0A329SVM9	cluster_5	F-M-W-H-Q-N-Y-T-F-L--	N	Y	other	Oomycota	Oomycota	Phytophthora
A0A340X4F4	cluster_2	~-F-W-E-N-S-P-A-F-L--	S	P	DCT-like	Animals	Chordata	Lipotes
A0A340XB91	cluster_2	~-F-W-E-N-S-P-A-F-L--	S	P	DCT-like	Animals	Chordata	Lipotes
A0A340XWY6	cluster_2	~-F-W-E-N-L-T-S-F-L--	L	T	DHICA-like	Animals	Chordata	Lipotes
A0A341C925	cluster_2	~-F-W-E-N-S-P-A-F-L--	S	P	DCT-like	Animals	Chordata	Neophocaena
A0A341C9I1	cluster_2	~-F-W-E-N-S-P-A-F-L--	S	P	DCT-like	Animals	Chordata	Neophocaena
A0A341CND7	cluster_2	~-F-W-E-N-L-T-S-F-L--	L	T	DHICA-like	Animals	Chordata	Neophocaena
A0A346RV60	cluster_2	~-F-W-E-N-L-T-S-F-L--	L	T	DHICA-like	Animals	Chordata	Falco
A0A370HI96	cluster_21	~-F-W-E-N-N-P-A-F-L--	N	P	other	Bacteria	Pseudomonadota	Microvirga
A0A370TJF5	cluster_1	~-F-W-Q-G-F-F-S-F-L--	F	F	other	Fungi	Ascomycota	Venustampulla
A0A383V433	cluster_3	~-F-W-E-G-V-V-A-F-L-C	V	V	other	Plants	Chlorophyta	Tetradesmus
A0A383VW36	cluster_72	~-F-W-E-N-N-L-A-F-L-C	N	L	other	Plants	Chlorophyta	Tetradesmus
A0A383ZNX8	cluster_2	~-F-W-E-N-L-T-S-F-L--	L	T	DHICA-like	Animals	Chordata	Balaenoptera
A0A384BB41	cluster_2	~-F-W-E-N-S-P-A-F-L--	S	P	DCT-like	Animals	Chordata	Balaenoptera
A0A384BBQ9	cluster_2	~-F-W-E-N-S-P-A-F-L--	S	P	DCT-like	Animals	Chordata	Balaenoptera
A0A384C0V9	cluster_2	~-F-W-E-N-L-T-S-F-L--	L	T	DHICA-like	Animals	Chordata	Ursus
A0A384V9U2	cluster_2	V-F-W-E-N-L-T-S-F-L--	L	T	DHICA-like	Animals	Chordata	Paralichthys
A0A384V9Z0	cluster_2	V-F-W-E-N-L-T-S-F-L--	L	T	DHICA-like	Animals	Chordata	Paralichthys
A0A385SND3	cluster_57	~-F-W-E-N-G-A-S-V-L--	G	A	other	Bacteria	Bacteroidota	Chryseolinea
A0A3B1A6T7	cluster_649	T-F-W-E-N-G-P-S-F-L--	G	P	other	?	?	hydrothermal
A0A3B3BFY0	cluster_2	V-F-W-E-N-L-T-S-F-L--	L	T	DHICA-like	Animals	Chordata	Oryzias
A0A3B3C5P9	cluster_2	V-F-W-E-N-L-T-S-F-L--	L	T	DHICA-like	Animals	Chordata	Oryzias
A0A3B3D742	cluster_2	~-F-W-E-N-A-S-A-F-L--	A	S	other	Animals	Chordata	Oryzias
A0A3B3HNW7	cluster_2	~-F-W-E-N-L-T-S-F-L--	L	T	DHICA-like	Animals	Chordata	Oryzias
A0A3B3RTU8	cluster_2	~-F-W-E-N-L-T-S-F-L--	L	T	DHICA-like	Animals	Chordata	Paramormyrops
A0A3B3RUK8	cluster_2	~-F-W-E-N-S-P-A-F-L--	S	P	DCT-like	Animals	Chordata	Paramormyrops
A0A3B3UYU5	cluster_2	~-F-W-E-N-A-S-A-F-L--	A	S	other	Animals	Chordata	Poecilia
A0A3B3VV23	cluster_2	V-F-W-E-N-L-T-S-F-L--	L	T	DHICA-like	Animals	Chordata	Poecilia
A0A3B3VWM5	cluster_2	V-F-W-E-N-L-T-S-F-L--	L	T	DHICA-like	Animals	Chordata	Poecilia
A0A3B3WBT2	cluster_2	~-F-W-E-N-A-S-A-F-L--	A	S	other	Animals	Chordata	Poecilia
A0A3B3XQT9	cluster_2	V-F-W-E-N-L-T-S-F-L--	L	T	DHICA-like	Animals	Chordata	Poecilia
A0A3B3YLN6	cluster_2	V-F-W-E-N-L-T-S-F-L--	L	T	DHICA-like	Animals	Chordata	Poecilia
A0A3B4AC74	cluster_2	V-F-W-E-N-L-T-S-F-L--	L	T	DHICA-like	Animals	Chordata	Periophthalmus
A0A3B4ADU2	cluster_2	~-F-W-E-N-S-S-A-F-L--	S	S	other	Animals	Chordata	Periophthalmus
A0A3B4BND2	cluster_2	~-F-W-E-N-L-T-S-F-L--	L	T	DHICA-like	Animals	Chordata	Pygocentrus
A0A3B4CFX1	cluster_2	V-F-W-E-N-L-T-S-F-L--	L	T	DHICA-like	Animals	Chordata	Pygocentrus
A0A3B4EIX7	cluster_2	~-F-W-E-N-I-S-A-F-L--	I	S	other	Animals	Chordata	Pygocentrus
A0A3B4FG38	cluster_2	V-F-W-E-N-L-T-S-F-L--	L	T	DHICA-like	Animals	Chordata	Pundamilia
A0A3B4FYK7	cluster_2	~-F-W-E-N-S-A-A-F-L--	S	A	other	Animals	Chordata	Pundamilia
A0A3B4GFB7	cluster_2	V-F-W-E-N-L-T-S-F-L--	L	T	DHICA-like	Animals	Chordata	Pundamilia
A0A3B4TBV6	cluster_2	~-F-W-E-N-S-S-A-F-L--	S	S	other	Animals	Chordata	Seriola
A0A3B4TFS6	cluster_2	V-F-W-E-N-L-T-S-F-L--	L	T	DHICA-like	Animals	Chordata	Seriola
A0A3B4TWE3	cluster_2	V-F-W-E-N-L-T-S-F-L--	L	T	DHICA-like	Animals	Chordata	Seriola
A0A3B4WKJ4	cluster_2	~-F-W-E-N-S-S-A-F-L--	S	S	other	Animals	Chordata	Seriola
A0A3B4X2W4	cluster_2	V-F-W-E-N-L-T-S-F-L--	L	T	DHICA-like	Animals	Chordata	Seriola
A0A3B4YUV4	cluster_2	V-F-W-E-N-L-T-S-F-L--	L	T	DHICA-like	Animals	Chordata	Seriola
A0A3B4ZCP6	cluster_2	V-F-W-E-N-L-T-S-F-L--	L	T	DHICA-like	Animals	Chordata	Stegastes
A0A3B5A0W4	cluster_2	~-F-W-E-N-S-S-A-F-L--	S	S	other	Animals	Chordata	Stegastes
A0A3B5BEW8	cluster_2	V-F-W-E-N-L-T-S-F-L--	L	T	DHICA-like	Animals	Chordata	Stegastes
A0A3B5KSR6	cluster_2	V-F-W-E-N-L-T-S-F-L--	L	T	DHICA-like	Animals	Chordata	Xiphophorus
A0A3B5MYR5	cluster_2	~-F-W-E-N-S-S-A-F-L--	S	S	other	Animals	Chordata	Xiphophorus
A0A3L8SQ64	cluster_2	~-F-W-E-N-L-T-S-F-L--	L	T	DHICA-like	Animals	Chordata	Chloebia
A0A3L8SSY9	cluster_2	~-F-W-E-N-S-P-A-F-L--	S	P	DCT-like	Animals	Chordata	Chloebia
A0A3M0K1G4	cluster_503	~-F-W-E-N-S-P-A-F-L--	S	P	DCT-like	Animals	Chordata	Hirundo
A0A3N0XHY2	cluster_2	V-F-W-E-N-L-T-S-F-L--	L	T	DHICA-like	Animals	Chordata	Anabarilius
A0A3N0XPI7	cluster_2	~-F-W-E-N-Q-S-A-F-L--	Q	S	other	Animals	Chordata	Anabarilius
A0A3N4HK73	cluster_1	~-F-W-D-T-L-G-S-F-L--	L	G	other	Fungi	Ascomycota	Ascobolus
A0A3N4IM56	cluster_1	~-F-W-D-G-L-K-D-F-L--	L	K	other	Fungi	Ascomycota	Ascobolus
A0A3P6TB98	cluster_1	G-F-W-E-S-L-P-S-F-L--	L	P	other	Animals	Nematoda	Litomosoides
A0A3P7FTP6	cluster_1	S-F-W-E-S-L-P-S-F-L--	L	P	other	Animals	Nematoda	Wuchereria
A0A3P8NDL3	cluster_2	V-F-W-E-N-L-T-S-F-L--	L	T	DHICA-like	Animals	Chordata	Astatotilapia
A0A3P8NDN7	cluster_2	V-F-W-E-N-L-T-S-F-L--	L	T	DHICA-like	Animals	Chordata	Astatotilapia
A0A3P8PJY2	cluster_2	V-F-W-E-N-L-T-S-F-L--	L	T	DHICA-like	Animals	Chordata	Astatotilapia
A0A3P8U5E1	cluster_2	V-F-W-E-N-L-T-S-F-L--	L	T	DHICA-like	Animals	Chordata	Amphiprion
A0A3P8U758	cluster_2	V-F-W-E-N-L-T-S-F-L--	L	T	DHICA-like	Animals	Chordata	Amphiprion
A0A3P8UDW3	cluster_2	~-F-W-E-N-S-S-A-F-L--	S	S	other	Animals	Chordata	Amphiprion
A0A3P8V942	cluster_2	V-F-W-E-N-L-T-S-F-L--	L	T	DHICA-like	Animals	Chordata	Cynoglossus
A0A3P8VAX3	cluster_2	V-F-W-E-N-L-T-S-F-L--	L	T	DHICA-like	Animals	Chordata	Cynoglossus
A0A3P8VLF5	cluster_2	~-F-W-E-N-S-S-A-F-L--	S	S	other	Animals	Chordata	Cynoglossus
A0A3P8XCB2	cluster_2	~-F-W-E-N-A-S-A-F-L--	A	S	other	Animals	Chordata	Esox
A0A3P8Y2J2	cluster_2	V-F-W-E-N-L-T-S-F-L--	L	T	DHICA-like	Animals	Chordata	Esox
A0A3P8ZF14	cluster_2	~-F-W-E-N-A-S-A-F-L--	A	S	other	Animals	Chordata	Esox
A0A3P8ZVH5	cluster_2	V-F-W-E-N-L-T-S-F-L--	L	T	DHICA-like	Animals	Chordata	Esox
A0A3P8ZVY5	cluster_2	V-F-W-E-N-L-T-S-F-L--	L	T	DHICA-like	Animals	Chordata	Esox
A0A3P9AAR5	cluster_2	V-F-W-E-N-L-T-S-F-L--	L	T	DHICA-like	Animals	Chordata	Esox
A0A3P9AVJ5	cluster_2	V-F-W-E-N-L-T-S-F-L--	L	T	DHICA-like	Animals	Chordata	Maylandia
A0A3P9B1W8	cluster_2	~-F-W-E-N-S-A-A-F-L--	S	A	other	Animals	Chordata	Maylandia
A0A3P9DC38	cluster_2	V-F-W-E-N-L-T-S-F-L--	L	T	DHICA-like	Animals	Chordata	Maylandia
A0A3P9HD27	cluster_2	~-F-W-E-N-L-T-S-F-L--	L	T	DHICA-like	Animals	Chordata	Oryzias
A0A3P9HUT8	cluster_2	~-F-W-E-N-A-S-A-F-L--	A	S	other	Animals	Chordata	Oryzias
A0A3P9IZ81	cluster_2	V-F-W-E-N-L-T-S-F-L--	L	T	DHICA-like	Animals	Chordata	Oryzias
A0A3P9JAE5	cluster_2	~-F-W-E-N-A-S-A-F-L--	A	S	other	Animals	Chordata	Oryzias
A0A3P9JBJ1	cluster_2	V-F-W-E-N-L-T-S-F-L--	L	T	DHICA-like	Animals	Chordata	Oryzias
A0A3P9L231	cluster_2	V-F-W-E-N-L-T-S-F-L--	L	T	DHICA-like	Animals	Chordata	Oryzias
A0A3P9L9J1	cluster_2	~-F-W-E-N-A-S-A-F-L--	A	S	other	Animals	Chordata	Oryzias
A0A3P9L9X8	cluster_2	~-F-W-E-N-A-S-A-F-L--	A	S	other	Animals	Chordata	Oryzias
A0A3P9N0X5	cluster_2	V-F-W-E-N-A-S-A-F-L--	A	S	other	Animals	Chordata	Poecilia
A0A3P9N163	cluster_2	V-F-W-E-N-A-S-A-F-L--	A	S	other	Animals	Chordata	Poecilia
A0A3P9P2X5	cluster_2	~-F-W-E-N-L-T-S-F-L--	L	T	DHICA-like	Animals	Chordata	Poecilia
A0A3P9P302	cluster_2	V-F-W-E-N-L-T-S-F-L--	L	T	DHICA-like	Animals	Chordata	Poecilia
A0A3P9PZR6	cluster_2	V-F-W-E-N-L-T-S-F-L--	L	T	DHICA-like	Animals	Chordata	Poecilia
A0A3Q0QR14	cluster_2	V-F-W-E-N-L-T-S-F-L--	L	T	DHICA-like	Animals	Chordata	Amphilophus
A0A3Q0RUU3	cluster_2	V-F-W-E-N-L-T-S-F-L--	L	T	DHICA-like	Animals	Chordata	Amphilophus
A0A3Q0SHH6	cluster_2	~-F-W-E-N-S-A-A-F-L--	S	A	other	Animals	Chordata	Amphilophus
A0A3Q1B9B7	cluster_2	~-F-W-E-N-S-S-A-F-L--	S	S	other	Animals	Chordata	Amphiprion
A0A3Q1CK43	cluster_2	V-F-W-E-N-L-T-S-F-L--	L	T	DHICA-like	Animals	Chordata	Amphiprion
A0A3Q1CMG6	cluster_2	V-F-W-E-N-L-T-S-F-L--	L	T	DHICA-like	Animals	Chordata	Amphiprion
A0A3Q1FDS5	cluster_2	V-F-W-E-N-L-T-S-F-L--	L	T	DHICA-like	Animals	Chordata	Acanthochromis
A0A3Q1G2J3	cluster_2	V-F-W-E-N-L-T-S-F-L--	L	T	DHICA-like	Animals	Chordata	Acanthochromis
A0A3Q1GSN1	cluster_2	~-F-W-E-N-S-P-A-F-L--	S	P	DCT-like	Animals	Chordata	Acanthochromis
A0A3Q1IL05	cluster_2	~-F-W-E-N-S-S-A-F-L--	S	S	other	Animals	Chordata	Anabas
A0A3Q1J1E2	cluster_2	V-F-W-E-N-L-T-S-F-L--	L	T	DHICA-like	Animals	Chordata	Anabas
A0A3Q1JJ77	cluster_2	V-F-W-E-N-L-T-S-F-L--	L	T	DHICA-like	Animals	Chordata	Anabas
A0A3Q2CB79	cluster_2	V-F-W-E-N-L-T-S-F-L--	L	T	DHICA-like	Animals	Chordata	Cyprinodon
A0A3Q2CUV5	cluster_2	~-F-W-E-N-A-S-A-F-L--	A	S	other	Animals	Chordata	Cyprinodon
A0A3Q2GWB6	cluster_2	V-F-W-E-N-S-P-A-F-L--	S	P	DCT-like	Animals	Chordata	Equus
A0A3Q2NSX4	cluster_2	V-F-W-E-N-L-T-S-F-L--	L	T	DHICA-like	Animals	Chordata	Fundulus
A0A3Q2QD09	cluster_2	V-F-W-E-N-L-T-S-F-L--	L	T	DHICA-like	Animals	Chordata	Fundulus
A0A3Q2R1G3	cluster_2	~-F-W-E-N-N-S-A-F-L--	N	S	other	Animals	Chordata	Fundulus
A0A3Q2W562	cluster_2	~-F-W-E-N-S-A-A-F-L--	S	A	other	Animals	Chordata	Haplochromis
A0A3Q2WSZ8	cluster_2	V-F-W-E-N-L-T-S-F-L--	L	T	DHICA-like	Animals	Chordata	Haplochromis
A0A3Q2XJH5	cluster_2	V-F-W-E-N-L-T-S-F-L--	L	T	DHICA-like	Animals	Chordata	Hippocampus
A0A3Q2Z9X0	cluster_2	V-F-W-E-N-L-T-S-F-L--	L	T	DHICA-like	Animals	Chordata	Kryptolebias
A0A3Q2ZVE6	cluster_2	V-F-W-E-N-L-T-S-F-L--	L	T	DHICA-like	Animals	Chordata	Kryptolebias
A0A3Q3BEH9	cluster_2	~-F-W-E-N-A-S-A-F-L--	A	S	other	Animals	Chordata	Kryptolebias
A0A3Q3BRV6	cluster_2	V-F-W-E-N-L-T-S-F-L--	L	T	DHICA-like	Animals	Chordata	Haplochromis
A0A3Q3DH73	cluster_2	V-F-W-E-N-L-T-S-F-L--	L	T	DHICA-like	Animals	Chordata	Hippocampus
A0A3Q3E0W9	cluster_2	~-F-W-E-N-A-P-A-F-L--	A	P	other	Animals	Chordata	Hippocampus
A0A3Q3G2Y0	cluster_2	~-F-W-E-N-D-S-A-F-L--	D	S	other	Animals	Chordata	Labrus
A0A3Q3IGK4	cluster_2	V-F-W-E-N-L-T-S-F-L--	L	T	DHICA-like	Animals	Chordata	Monopterus
A0A3Q3MIY8	cluster_2	V-F-W-E-N-L-T-S-F-L--	L	T	DHICA-like	Animals	Chordata	Labrus
A0A3Q3NRP3	cluster_2	V-F-W-E-N-L-T-S-F-L--	L	T	DHICA-like	Animals	Chordata	Labrus
A0A3Q3Q6F1	cluster_2	V-F-W-E-N-L-T-S-F-L--	L	T	DHICA-like	Animals	Chordata	Monopterus
A0A3Q3QNB4	cluster_2	~-F-W-E-N-S-S-A-F-L--	S	S	other	Animals	Chordata	Monopterus
A0A3Q3RR85	cluster_2	V-F-W-E-N-L-T-S-F-L--	L	T	DHICA-like	Animals	Chordata	Mastacembelus
A0A3Q3WEW6	cluster_2	V-F-W-E-N-L-T-S-F-L--	L	T	DHICA-like	Animals	Chordata	Mola
A0A3Q3X6A3	cluster_2	~-F-W-E-N-S-S-A-F-L--	S	S	other	Animals	Chordata	Mola
A0A3Q4BB99	cluster_2	V-F-W-E-N-L-T-S-F-L--	L	T	DHICA-like	Animals	Chordata	Mola
A0A3Q4GY09	cluster_2	~-F-W-E-N-S-A-A-F-L--	S	A	other	Animals	Chordata	Neolamprologus
A0A3Q4HL65	cluster_2	V-F-W-E-N-L-T-S-F-L--	L	T	DHICA-like	Animals	Chordata	Neolamprologus
A0A3Q4I364	cluster_2	V-F-W-E-N-L-T-S-F-L--	L	T	DHICA-like	Animals	Chordata	Neolamprologus
A0A3Q7PLZ6	cluster_2	~-F-W-E-N-S-P-A-F-L--	S	P	DCT-like	Animals	Chordata	Callorhinus
A0A3Q7QN99	cluster_2	~-F-W-E-N-L-T-S-F-L--	L	T	DHICA-like	Animals	Chordata	Callorhinus
A0A3Q7RSQ9	cluster_2	~-F-W-E-N-L-T-S-F-L--	L	T	DHICA-like	Animals	Chordata	Callorhinus
A0A3Q7SFB0	cluster_2	V-F-W-E-N-S-P-A-F-L--	S	P	DCT-like	Animals	Chordata	Vulpes
A0A3Q7T8P3	cluster_2	~-F-W-E-N-L-T-S-F-L--	L	T	DHICA-like	Animals	Chordata	Vulpes
A0A3Q7TDD6	cluster_2	~-F-W-E-N-S-P-A-F-L--	S	P	DCT-like	Animals	Chordata	Vulpes
A0A3S0ZXU8	cluster_947	~-F-W-E-A-V-L-A-F-L--	V	L	other	Animals	Mollusca	Elysia
A0A3S2M115	cluster_2	~-F-W-E-N-A-S-A-F-L--	A	S	other	Animals	Chordata	Oryzias
A0A3S2MHN1	cluster_2	V-F-W-E-N-L-T-S-F-L--	L	T	DHICA-like	Animals	Chordata	Oryzias
A0A3S2NZS6	cluster_2	V-F-W-E-N-L-T-S-F-L--	L	T	DHICA-like	Animals	Chordata	Oryzias
A0A3S6E8Q4	cluster_2	~-F-W-E-N-L-T-S-F-L--	L	T	DHICA-like	Animals	Chordata	Anser
A0A3S6E9F5	cluster_2	~-F-W-E-N-L-T-S-F-L--	L	T	DHICA-like	Animals	Chordata	Anser
A0A401NZ10	cluster_2	V-F-W-E-N-L-T-S-F-L--	L	T	DHICA-like	Animals	Chordata	Scyliorhinus
A0A401PZ68	cluster_2	T-F-W-E-N-S-A-A-F-L--	S	A	other	Animals	Chordata	Scyliorhinus
A0A401RYW3	cluster_2	~-F-W-E-N-S-P-A-F-L--	S	P	DCT-like	Animals	Chordata	Chiloscyllium
A0A401S865	cluster_2	V-F-W-E-N-L-T-S-F-L--	L	T	DHICA-like	Animals	Chordata	Chiloscyllium
A0A420ME85	cluster_26	~-F-W-E-N-V-P-A-V-L--	V	P	other	Fungi	Ascomycota	Fusarium
A0A438NAJ9	cluster_1	~-F-W-L-S-F-I-S-W-L--	F	I	other	Fungi	Ascomycota	Exophiala
A0A438NAZ0	cluster_1	~-F-W-I-S-F-I-S-W-L--	F	I	other	Fungi	Ascomycota	Exophiala
A0A443RHX3	cluster_1	~-F-W-E-A-G-P-G-F-L--	G	P	other	Animals	Arthropoda	Dinothrombium
A0A444UFZ1	cluster_2	V-F-W-E-N-L-T-S-F-L--	L	T	DHICA-like	Animals	Chordata	Acipenser
A0A452DWF7	cluster_2	~-F-W-E-N-S-P-A-F-L--	S	P	DCT-like	Animals	Chordata	Capra
A0A452DWL9	cluster_2	V-F-W-E-N-S-P-A-F-L--	S	P	DCT-like	Animals	Chordata	Capra
A0A452DWM5	cluster_2	~-F-W-E-N-S-P-A-F-L--	S	P	DCT-like	Animals	Chordata	Capra
A0A452G6V3	cluster_2	~-F-W-E-N-L-T-S-F-L--	L	T	DHICA-like	Animals	Chordata	Capra
A0A452H6R3	cluster_2	V-F-W-E-N-A-P-A-F-L--	A	P	other	Animals	Chordata	Gopherus
A0A452H732	cluster_2	V-F-W-E-N-A-P-A-F-L--	A	P	other	Animals	Chordata	Gopherus
A0A452HRJ3	cluster_2	~-F-W-E-N-L-T-S-F-L--	L	T	DHICA-like	Animals	Chordata	Gopherus
A0A452QQ82	cluster_2	~-F-W-E-N-L-T-S-F-L--	L	T	DHICA-like	Animals	Chordata	Ursus
A0A452VN17	cluster_2	~-F-W-F-N-S-P-A-F-L--	S	P	DCT-like	Animals	Chordata	Ursus
A0A454TKW0	cluster_14	D-F-W-Q-G-V-I-A-F-L--	V	I	other	Bacteria	Pseudomonadota	Ralstonia
A0A480DHR1	cluster_2	V-F-W-E-N-S-P-A-F-L--	S	P	DCT-like	Animals	Chordata	Sus
A0A484CCH2	cluster_2	V-F-W-E-N-L-T-S-F-L--	L	T	DHICA-like	Animals	Chordata	Perca
A0A484CVA8	cluster_2	~-F-W-E-N-S-S-A-F-L--	S	S	other	Animals	Chordata	Perca
A0A484DM79	cluster_2	V-F-W-E-N-L-T-S-F-L--	L	T	DHICA-like	Animals	Chordata	Perca
A0A485LJ45	cluster_5	F-F-W-E-N-A-P-S-F-L--	A	P	other	Oomycota	Oomycota	Aphanomyces
A0A485MED1	cluster_2	~-F-W-E-N-L-T-S-F-L--	L	T	DHICA-like	Animals	Chordata	Lynx
A0A485MFQ4	cluster_2	~-F-W-E-N-L-T-S-F-L--	L	T	DHICA-like	Animals	Chordata	Lynx
A0A485MGV5	cluster_2	~-F-W-E-N-L-T-S-F-L--	L	T	DHICA-like	Animals	Chordata	Lynx
A0A485PM80	cluster_2	~-F-W-E-N-S-P-A-F-L--	S	P	DCT-like	Animals	Chordata	Lynx
A0A493SW79	cluster_2	~-F-W-E-N-L-T-S-F-L--	L	T	DHICA-like	Animals	Chordata	Anas
A0A498MNB4	cluster_2	~-F-W-E-N-V-S-A-F-L--	V	S	other	Animals	Chordata	Labeo
A0A498MUD3	cluster_2	V-F-W-E-N-L-T-S-F-L--	L	T	DHICA-like	Animals	Chordata	Labeo
A0A498S7U2	cluster_1	V-F-W-E-S-L-P-S-F-L--	L	P	other	Animals	Nematoda	Acanthocheilonema
A0A4D9EV54	cluster_2	~-F-W-E-N-S-P-A-F-L--	S	P	DCT-like	Animals	Chordata	Platysternon
A0A4D9FCN3	cluster_2	~-F-W-E-N-L-T-S-F-L--	L	T	DHICA-like	Animals	Chordata	Platysternon
A0A4E9F948	cluster_1	~-F-W-E-S-L-P-S-F-L--	L	P	other	Animals	Nematoda	Brugia
A0A4Q9FQZ1	cluster_14	~-F-W-E-G-V-I-S-F-L--	V	I	other	Bacteria	Bacteroidota	Hyunsoonleella
A0A4U1FEJ8	cluster_2	~-F-W-E-N-L-T-S-F-L--	L	T	DHICA-like	Animals	Chordata	Monodon
A0A4U5TZJ3	cluster_2	~-F-W-E-N-S-S-A-F-L--	S	S	other	Animals	Chordata	Collichthys
A0A4U5U282	cluster_2	V-F-W-E-N-L-T-S-F-L--	L	T	DHICA-like	Animals	Chordata	Collichthys
A0A4U5U312	cluster_2	V-F-W-E-N-L-T-S-F-L--	L	T	DHICA-like	Animals	Chordata	Collichthys
A0A4U5VXG9	cluster_2	~-F-W-E-N-L-T-S-F-L--	L	T	DHICA-like	Animals	Chordata	Collichthys
A0A4U7KLN1	cluster_1	~-F-C-E-A-Q-Y-S-F-L--	Q	Y	other	Fungi	Basidiomycota	Sporisorium
A0A4V2PI10	cluster_14	L-F-W-E-G-S-T-A-F-L--	S	T	other	Bacteria	Actinomycetota	Pseudonocardia
A0A4W2CV58	cluster_2	~-F-W-E-N-S-P-A-F-L--	S	P	DCT-like	Animals	Chordata	Bos
A0A4W2CZF1	cluster_2	~-F-W-E-N-L-T-S-F-L--	L	T	DHICA-like	Animals	Chordata	Bos
A0A4W2CZF6	cluster_2	~-F-W-E-N-L-T-S-F-L--	L	T	DHICA-like	Animals	Chordata	Bos
A0A4W2DEQ4	cluster_2	~-F-W-E-N-L-T-S-F-L--	L	T	DHICA-like	Animals	Chordata	Bos
A0A4W2GFS0	cluster_2	~-F-W-E-N-L-T-S-F-L--	L	T	DHICA-like	Animals	Chordata	Bos
A0A4W2IS87	cluster_2	~-F-W-E-N-S-P-A-F-L--	S	P	DCT-like	Animals	Chordata	Bos
A0A4W3I0J5	cluster_2	V-F-W-E-N-L-T-S-F-L--	L	T	DHICA-like	Animals	Chordata	Callorhinchus
A0A4W3I0L0	cluster_2	V-F-W-E-N-L-T-S-F-L--	L	T	DHICA-like	Animals	Chordata	Callorhinchus
A0A4W3I463	cluster_2	V-F-W-E-N-L-T-S-F-L--	L	T	DHICA-like	Animals	Chordata	Callorhinchus
A0A4W3I5I7	cluster_2	~-F-W-E-N-S-A-A-F-L--	S	A	other	Animals	Chordata	Callorhinchus
A0A4W3I5L1	cluster_2	V-F-W-E-N-L-T-S-F-L--	L	T	DHICA-like	Animals	Chordata	Callorhinchus
A0A4W3I5Q3	cluster_2	V-F-W-E-N-L-T-S-F-L--	L	T	DHICA-like	Animals	Chordata	Callorhinchus
A0A4W3I5Q9	cluster_2	V-F-W-E-N-L-T-S-F-L--	L	T	DHICA-like	Animals	Chordata	Callorhinchus
A0A4W3I8Z7	cluster_2	~-F-W-E-N-S-A-A-F-L--	S	A	other	Animals	Chordata	Callorhinchus
A0A4W3I926	cluster_2	~-F-W-E-N-S-A-A-F-L--	S	A	other	Animals	Chordata	Callorhinchus
A0A4W3I954	cluster_2	~-F-W-E-N-S-A-A-F-L--	S	A	other	Animals	Chordata	Callorhinchus
A0A4W3I973	cluster_2	~-F-W-E-N-S-A-A-F-L--	S	A	other	Animals	Chordata	Callorhinchus
A0A4W3ICV8	cluster_2	~-F-W-E-N-S-A-A-F-L--	S	A	other	Animals	Chordata	Callorhinchus
A0A4W3IEG1	cluster_2	~-F-W-E-N-S-A-A-F-L--	S	A	other	Animals	Chordata	Callorhinchus
A0A4W3IN19	cluster_2	V-F-W-E-N-L-T-S-F-L--	L	T	DHICA-like	Animals	Chordata	Callorhinchus
A0A4W3INF1	cluster_2	V-F-W-E-N-L-T-S-F-L--	L	T	DHICA-like	Animals	Chordata	Callorhinchus
A0A4W3INV9	cluster_2	V-F-W-E-N-L-T-S-F-L--	L	T	DHICA-like	Animals	Chordata	Callorhinchus
A0A4W3INW1	cluster_2	V-F-W-E-N-L-T-S-F-L--	L	T	DHICA-like	Animals	Chordata	Callorhinchus
A0A4W3IXA9	cluster_2	~-F-W-E-N-S-A-A-F-L--	S	A	other	Animals	Chordata	Callorhinchus
A0A4W4EP59	cluster_2	V-F-W-E-N-L-T-S-F-L--	L	T	DHICA-like	Animals	Chordata	Electrophorus
A0A4W4EPK5	cluster_2	V-F-W-E-N-L-T-S-F-L--	L	T	DHICA-like	Animals	Chordata	Electrophorus
A0A4W4EPW9	cluster_2	V-F-W-E-N-L-T-S-F-L--	L	T	DHICA-like	Animals	Chordata	Electrophorus
A0A4W4EQ15	cluster_2	V-F-W-E-N-L-T-S-F-L--	L	T	DHICA-like	Animals	Chordata	Electrophorus
A0A4W4ERN1	cluster_2	V-F-W-E-N-L-T-S-F-L--	L	T	DHICA-like	Animals	Chordata	Electrophorus
A0A4W4GT88	cluster_2	~-F-W-E-N-D-T-A-F-L--	D	T	other	Animals	Chordata	Electrophorus
A0A4W4GVZ7	cluster_2	~-F-W-E-N-D-T-A-F-L--	D	T	other	Animals	Chordata	Electrophorus
A0A4W4GW07	cluster_2	~-F-W-E-N-D-T-A-F-L--	D	T	other	Animals	Chordata	Electrophorus
A0A4W4GW37	cluster_2	~-F-W-E-N-D-T-A-F-L--	D	T	other	Animals	Chordata	Electrophorus
A0A4W4GZA3	cluster_2	~-F-W-E-N-D-T-A-F-L--	D	T	other	Animals	Chordata	Electrophorus
A0A4W4GZJ7	cluster_2	~-F-W-E-N-D-T-A-F-L--	D	T	other	Animals	Chordata	Electrophorus
A0A4W4GZQ4	cluster_2	~-F-W-E-N-D-T-A-F-L--	D	T	other	Animals	Chordata	Electrophorus
A0A4W4GZX6	cluster_2	~-F-W-E-N-D-T-A-F-L--	D	T	other	Animals	Chordata	Electrophorus
A0A4W4H021	cluster_2	~-F-W-E-N-D-T-A-F-L--	D	T	other	Animals	Chordata	Electrophorus
A0A4W4H065	cluster_2	~-F-W-E-N-D-T-A-F-L--	D	T	other	Animals	Chordata	Electrophorus
A0A4W5JIU9	cluster_2	V-F-W-E-N-L-T-S-F-L--	L	T	DHICA-like	Animals	Chordata	Hucho
A0A4W5N1L0	cluster_2	~-F-W-E-N-S-S-A-F-L--	S	S	other	Animals	Chordata	Hucho
A0A4W5N2S4	cluster_2	~-F-W-E-N-S-S-A-F-L--	S	S	other	Animals	Chordata	Hucho
A0A4W5NMG6	cluster_2	V-F-W-E-N-L-T-S-F-L--	L	T	DHICA-like	Animals	Chordata	Hucho
A0A4W5PDG2	cluster_2	~-F-W-E-N-S-S-A-F-L--	S	S	other	Animals	Chordata	Hucho
A0A4W5PDI3	cluster_2	~-F-W-E-N-S-S-A-F-L--	S	S	other	Animals	Chordata	Hucho
A0A4W5PKH3	cluster_2	~-F-W-E-N-S-S-A-F-L--	S	S	other	Animals	Chordata	Hucho
A0A4W5PLZ1	cluster_2	~-F-W-E-N-S-S-A-F-L--	S	S	other	Animals	Chordata	Hucho
A0A4W5PPW0	cluster_2	~-F-W-E-N-S-S-A-F-L--	S	S	other	Animals	Chordata	Hucho
A0A4W5Q6S0	cluster_2	V-F-W-E-N-L-T-S-F-L--	L	T	DHICA-like	Animals	Chordata	Hucho
A0A4W6CNP2	cluster_2	~-F-W-E-N-S-S-A-F-L--	S	S	other	Animals	Chordata	Lates
A0A4W6EAM5	cluster_2	V-F-W-E-N-L-T-S-F-L--	L	T	DHICA-like	Animals	Chordata	Lates
A0A4W6GAD1	cluster_2	V-F-W-E-N-L-T-S-F-L--	L	T	DHICA-like	Animals	Chordata	Lates
A0A4X1UZV3	cluster_2	V-F-W-E-N-S-P-A-F-L--	S	P	DCT-like	Animals	Chordata	Sus
A0A4X1UZW3	cluster_2	~-F-W-E-N-S-P-A-F-L--	S	P	DCT-like	Animals	Chordata	Sus
A0A4X1WAF7	cluster_2	~-F-W-E-N-L-T-S-F-L--	L	T	DHICA-like	Animals	Chordata	Sus
A0A4X2K4V1	cluster_2	~-F-W-E-N-L-T-S-F-L--	L	T	DHICA-like	Animals	Chordata	Vombatus
A0A4X2M0B2	cluster_2	~-F-W-E-N-A-P-A-F-L--	A	P	other	Animals	Chordata	Vombatus
A0A4Y3KUD1	cluster_26	~-F-W-E-N-G-S-A-V-L--	G	S	other	Bacteria	Actinomycetota	Cellulomonas
A0A4Z0L9R6	cluster_561	H-F-W-E-N-N-P-A-F-L--	N	P	other	Bacteria	Bacteroidota	Flavobacterium
A0A4Z0NTW6	cluster_14	D-F-W-Q-G-M-P-A-F-L--	M	P	other	Bacteria	Pseudomonadota	Methylobacterium
A0A4Z2BNP0	cluster_2	V-F-W-E-N-L-T-S-F-L--	L	T	DHICA-like	Animals	Chordata	Takifugu
A0A4Z2CJG7	cluster_2	~-F-W-E-N-S-A-A-F-L--	S	A	other	Animals	Chordata	Takifugu
A0A4Z2H8L7	cluster_2	V-F-W-E-N-L-T-S-F-L--	L	T	DHICA-like	Animals	Chordata	Liparis
A0A4Z2J5I2	cluster_2	V-F-W-E-N-L-T-S-F-L--	L	T	DHICA-like	Animals	Chordata	Liparis
A0A510HL80	cluster_1	A-F-W-E-N-N-G-S-F-L--	N	G	other	Bacteria	Actinomycetota	Rubrobacter
A0A512NBT8	cluster_57	~-F-W-M-S-S-A-S-V-L--	S	A	other	Bacteria	Pseudomonadota	Reyranella
A0A517PZI0	cluster_14	~-F-W-E-G-T-V-A-F-L--	T	V	other	Bacteria	Planctomycetota	Gimesia
A0A517VWB0	cluster_14	~-F-W-E-N-T-A-A-F-L--	T	A	other	Bacteria	Planctomycetota	Gimesia
A0A518FGN9	cluster_14	~-F-W-E-G-T-V-A-F-L--	T	V	other	Bacteria	Planctomycetota	Gimesia
A0A553NLC2	cluster_2	V-F-W-E-N-L-T-S-F-L--	L	T	DHICA-like	Animals	Chordata	Danionella
A0A553NLD0	cluster_2	V-F-W-E-N-L-T-S-F-L--	L	T	DHICA-like	Animals	Chordata	Danionella
A0A553RAC3	cluster_2	~-F-W-E-N-Q-S-A-F-L--	Q	S	other	Animals	Chordata	Danionella
A0A556VB53	cluster_2	~-F-W-E-N-D-S-A-F-L--	D	S	other	Animals	Chordata	Bagarius
A0A561F1Q0	cluster_21	~-F-W-E-N-N-P-A-F-L--	N	P	other	Bacteria	Actinomycetota	Kitasatospora
A0A5A9P2M9	cluster_2	~-F-W-E-N-Q-S-A-F-L--	Q	S	other	Animals	Chordata	Triplophysa
A0A5A9PN82	cluster_2	~-F-W-E-N-L-T-S-F-L--	L	T	DHICA-like	Animals	Chordata	Triplophysa
A0A5A9PP33	cluster_2	V-F-W-E-N-L-T-S-F-L--	L	T	DHICA-like	Animals	Chordata	Triplophysa
A0A5B8VE83	cluster_57	~-F-W-E-N-G-A-S-V-L--	G	A	other	Bacteria	Bacteroidota	Panacibacter
A0A5C3DW46	cluster_1	~-F-C-E-A-Q-F-A-F-L--	Q	F	other	Fungi	Basidiomycota	Ustilago
A0A5C3DWM4	cluster_1	~-F-C-E-A-Q-F-A-F-L--	Q	F	other	Fungi	Basidiomycota	Ustilago
A0A5C3EP17	cluster_509	~-F-F-E-L-T-L-S-F-L--	T	L	other	Fungi	Basidiomycota	Ustilago
A0A5C3FGF9	cluster_1	~-F-C-E-A-Q-F-A-F-L--	Q	F	other	Fungi	Basidiomycota	Pseudozyma
A0A5C3QLZ5	cluster_1	~-F-W-E-S-N-P-T-F-L--	N	P	other	Fungi	Basidiomycota	Pterulicium
A0A5C6N9R8	cluster_2	V-F-W-E-N-L-T-S-F-L--	L	T	DHICA-like	Animals	Chordata	Takifugu
A0A5C6PPK4	cluster_2	~-F-W-E-N-S-A-A-F-L--	S	A	other	Animals	Chordata	Takifugu
A0A5E4BG48	cluster_2	V-F-W-E-N-A-P-A-F-L--	A	P	other	Animals	Chordata	Marmota
A0A5F4WA25	cluster_2	~-F-W-E-N-L-T-S-F-L--	L	T	DHICA-like	Animals	Chordata	Callithrix
A0A5F8A188	cluster_2	~-F-W-E-N-L-T-S-F-L--	L	T	DHICA-like	Animals	Chordata	Macaca
A0A5G2QS24	cluster_2	V-F-W-E-N-S-P-A-F-L--	S	P	DCT-like	Animals	Chordata	Sus
A0A5J5CL51	cluster_2	V-F-W-E-N-L-T-S-F-L--	L	T	DHICA-like	Animals	Chordata	Etheostoma
A0A5J5CZZ3	cluster_2	~-F-W-E-N-S-S-A-F-L--	S	S	other	Animals	Chordata	Etheostoma
A0A5J5DNR4	cluster_2	V-F-W-E-N-L-T-S-F-L--	L	T	DHICA-like	Animals	Chordata	Etheostoma
A0A5N3V4M8	cluster_2	~-F-W-E-N-S-P-A-F-L--	S	P	DCT-like	Animals	Chordata	Muntiacus
A0A5N3WT61	cluster_2	~-F-W-E-N-L-T-S-F-L--	L	T	DHICA-like	Animals	Chordata	Muntiacus
A0A5N3X401	cluster_2	~-F-W-E-N-L-T-S-F-L--	L	T	DHICA-like	Animals	Chordata	Muntiacus
A0A5N3XI31	cluster_2	~-F-W-E-N-S-P-A-F-L--	S	P	DCT-like	Animals	Chordata	Muntiacus
A0A5N4D8R0	cluster_2	~-F-W-E-N-S-P-A-F-L--	S	P	DCT-like	Animals	Chordata	Camelus
A0A5N5JK78	cluster_2	V-F-W-E-N-L-T-S-F-L--	L	T	DHICA-like	Animals	Chordata	Pangasianodon
A0A643BP73	cluster_2	V-F-W-R-N-L-T-S-F-L--	L	T	DHICA-like	Animals	Chordata	Balaenoptera
A0A662YLB1	cluster_2	V-F-W-E-N-L-T-S-F-L--	L	T	DHICA-like	Animals	Chordata	Acipenser
A0A663F798	cluster_2	~-F-W-E-N-L-T-S-F-L--	L	T	DHICA-like	Animals	Chordata	Aquila
A0A663F8S9	cluster_2	~-F-W-E-N-S-P-A-F-L--	S	P	DCT-like	Animals	Chordata	Aquila
A0A663MKP2	cluster_2	~-F-W-E-N-S-P-A-F-L--	S	P	DCT-like	Animals	Chordata	Athene
A0A663N6M7	cluster_2	~-F-W-E-N-L-T-S-F-L--	L	T	DHICA-like	Animals	Chordata	Athene
A0A665TU57	cluster_2	~-F-W-E-N-S-S-A-F-L--	S	S	other	Animals	Chordata	Echeneis
A0A665WH07	cluster_2	V-F-W-E-N-L-T-S-F-L--	L	T	DHICA-like	Animals	Chordata	Echeneis
A0A665WHE5	cluster_2	V-F-W-E-N-L-T-S-F-L--	L	T	DHICA-like	Animals	Chordata	Echeneis
A0A665WIL5	cluster_2	V-F-W-E-N-L-T-S-F-L--	L	T	DHICA-like	Animals	Chordata	Echeneis
A0A665XFK3	cluster_2	~-F-W-E-N-L-T-S-F-L--	L	T	DHICA-like	Animals	Chordata	Echeneis
A0A667FF98	cluster_2	~-F-W-E-N-S-P-A-F-L--	S	P	DCT-like	Animals	Chordata	Lynx
A0A667IST4	cluster_2	~-F-W-E-N-L-T-S-F-L--	L	T	DHICA-like	Animals	Chordata	Lynx
A0A667XEU1	cluster_2	~-F-W-E-N-L-T-S-F-L--	L	T	DHICA-like	Animals	Chordata	Myripristis
A0A667XPW3	cluster_2	V-F-W-E-N-L-T-S-F-L--	L	T	DHICA-like	Animals	Chordata	Myripristis
A0A667YFA1	cluster_2	V-F-W-E-N-L-T-S-F-L--	L	T	DHICA-like	Animals	Chordata	Myripristis
A0A668AYE8	cluster_2	~-F-W-E-N-F-S-A-F-L--	F	S	other	Animals	Chordata	Myripristis
A0A668RFZ2	cluster_2	~-F-W-E-N-S-A-A-F-L--	S	A	other	Animals	Chordata	Oreochromis
A0A668UR65	cluster_2	~-F-W-E-N-L-T-S-F-L--	L	T	DHICA-like	Animals	Chordata	Oreochromis
A0A668UUG0	cluster_2	V-F-W-E-N-L-T-S-F-L--	L	T	DHICA-like	Animals	Chordata	Oreochromis
A0A668W7F3	cluster_2	V-F-W-E-N-L-T-S-F-L--	L	T	DHICA-like	Animals	Chordata	Oreochromis
A0A669BSR5	cluster_2	V-F-W-E-N-L-T-S-F-L--	L	T	DHICA-like	Animals	Chordata	Oreochromis
A0A669C638	cluster_2	V-F-W-E-N-L-T-S-F-L--	L	T	DHICA-like	Animals	Chordata	Oreochromis
A0A669D4C4	cluster_2	V-F-W-E-N-L-T-S-F-L--	L	T	DHICA-like	Animals	Chordata	Oreochromis
A0A669DJW0	cluster_2	V-F-W-E-N-L-T-S-F-L--	L	T	DHICA-like	Animals	Chordata	Oreochromis
A0A669DP91	cluster_2	V-F-W-E-N-L-T-S-F-L--	L	T	DHICA-like	Animals	Chordata	Oreochromis
A0A669E765	cluster_2	V-F-W-E-N-L-T-S-F-L--	L	T	DHICA-like	Animals	Chordata	Oreochromis
A0A669PHP5	cluster_2	~-F-W-E-N-L-T-S-F-L--	L	T	DHICA-like	Animals	Chordata	Phasianus
A0A669Q7H4	cluster_2	~-F-W-E-N-S-P-A-F-L--	S	P	DCT-like	Animals	Chordata	Phasianus
A0A670I545	cluster_2	~-F-W-E-N-S-P-A-F-L--	S	P	DCT-like	Animals	Chordata	Podarcis
A0A670KAE6	cluster_2	~-F-W-E-N-L-T-S-F-L--	L	T	DHICA-like	Animals	Chordata	Podarcis
A0A670ZVN6	cluster_2	~-F-W-E-N-L-T-S-F-L--	L	T	DHICA-like	Animals	Chordata	Pseudonaja
A0A670ZW10	cluster_2	~-F-W-E-N-L-T-S-F-L--	L	T	DHICA-like	Animals	Chordata	Pseudonaja
A0A670ZW57	cluster_2	~-F-W-E-N-L-T-S-F-L--	L	T	DHICA-like	Animals	Chordata	Pseudonaja
A0A670ZW77	cluster_2	~-F-W-E-N-L-T-S-F-L--	L	T	DHICA-like	Animals	Chordata	Pseudonaja
A0A670ZW96	cluster_2	~-F-W-E-N-L-T-S-F-L--	L	T	DHICA-like	Animals	Chordata	Pseudonaja
A0A670ZW98	cluster_2	~-F-W-E-N-L-T-S-F-L--	L	T	DHICA-like	Animals	Chordata	Pseudonaja
A0A671E1F7	cluster_2	~-F-W-E-N-S-P-A-F-L--	S	P	DCT-like	Animals	Chordata	Rhinolophus
A0A671EY51	cluster_2	~-F-W-E-N-L-T-S-F-L--	L	T	DHICA-like	Animals	Chordata	Rhinolophus
A0A671MN49	cluster_2	V-F-W-E-N-L-T-S-F-L--	L	T	DHICA-like	Animals	Chordata	Sinocyclocheilus
A0A671RCF0	cluster_2	V-F-W-E-N-L-T-S-F-L--	L	T	DHICA-like	Animals	Chordata	Sinocyclocheilus
A0A671T7B1	cluster_2	~-F-W-E-N-L-S-A-F-L--	L	S	other	Animals	Chordata	Sinocyclocheilus
A0A671T9Q6	cluster_2	~-F-W-E-N-L-S-A-F-L--	L	S	other	Animals	Chordata	Sinocyclocheilus
A0A671TND9	cluster_2	~-F-W-E-N-S-S-A-F-L--	S	S	other	Animals	Chordata	Sparus
A0A671TPX1	cluster_2	~-F-W-E-N-S-S-A-F-L--	S	S	other	Animals	Chordata	Sparus
A0A671WVF1	cluster_2	V-F-W-E-N-L-T-S-F-L--	L	T	DHICA-like	Animals	Chordata	Sparus
A0A671Y496	cluster_2	V-F-W-E-N-L-T-S-F-L--	L	T	DHICA-like	Animals	Chordata	Sparus
A0A671Y4D2	cluster_2	V-F-W-E-N-L-T-S-F-L--	L	T	DHICA-like	Animals	Chordata	Sparus
A0A671Y698	cluster_2	V-F-W-E-N-L-T-S-F-L--	L	T	DHICA-like	Animals	Chordata	Sparus
A0A671Y6A2	cluster_2	V-F-W-E-N-L-T-S-F-L--	L	T	DHICA-like	Animals	Chordata	Sparus
A0A671YA04	cluster_2	V-F-W-E-N-L-T-S-F-L--	L	T	DHICA-like	Animals	Chordata	Sparus
A0A672GTU3	cluster_2	V-F-W-E-N-L-T-S-F-L--	L	T	DHICA-like	Animals	Chordata	Salarias
A0A672I3L1	cluster_2	V-F-W-E-N-L-T-S-F-L--	L	T	DHICA-like	Animals	Chordata	Salarias
A0A672JTY7	cluster_2	~-F-W-E-N-S-S-A-F-L--	S	S	other	Animals	Chordata	Salarias
A0A672KJU6	cluster_2	V-F-W-E-N-L-T-S-F-L--	L	T	DHICA-like	Animals	Chordata	Sinocyclocheilus
A0A672KQ55	cluster_2	V-F-W-E-N-L-T-S-F-L--	L	T	DHICA-like	Animals	Chordata	Sinocyclocheilus
A0A672L388	cluster_2	V-F-W-E-N-L-T-S-F-L--	L	T	DHICA-like	Animals	Chordata	Sinocyclocheilus
A0A672QH36	cluster_2	~-F-W-E-N-L-S-A-F-L--	L	S	other	Animals	Chordata	Sinocyclocheilus
A0A672QH91	cluster_2	~-F-W-E-N-L-S-A-F-L--	L	S	other	Animals	Chordata	Sinocyclocheilus
A0A672RWJ5	cluster_2	V-F-W-E-N-L-T-S-F-L--	L	T	DHICA-like	Animals	Chordata	Sinocyclocheilus
A0A672UD84	cluster_2	V-F-W-E-N-S-P-A-F-L--	S	P	DCT-like	Animals	Chordata	Strigops
A0A672V193	cluster_2	~-F-W-E-N-L-T-S-F-L--	L	T	DHICA-like	Animals	Chordata	Strigops
A0A673AIS6	cluster_2	V-F-W-E-N-L-T-S-F-L--	L	T	DHICA-like	Animals	Chordata	Sphaeramia
A0A673C1G4	cluster_2	~-F-W-E-N-S-S-A-F-L--	S	S	other	Animals	Chordata	Sphaeramia
A0A673CR05	cluster_2	V-F-W-E-N-L-T-S-F-L--	L	T	DHICA-like	Animals	Chordata	Sphaeramia
A0A673G286	cluster_2	V-F-W-E-N-L-T-S-F-L--	L	T	DHICA-like	Animals	Chordata	Sinocyclocheilus
A0A673G725	cluster_2	V-F-W-E-N-L-T-S-F-L--	L	T	DHICA-like	Animals	Chordata	Sinocyclocheilus
A0A673H014	cluster_2	~-F-W-F-N-L-S-A-F-L--	L	S	other	Animals	Chordata	Sinocyclocheilus
A0A673H1I6	cluster_2	~-F-W-F-N-L-S-A-F-L--	L	S	other	Animals	Chordata	Sinocyclocheilus
A0A673IAG4	cluster_2	V-F-W-E-N-L-T-S-F-L--	L	T	DHICA-like	Animals	Chordata	Sinocyclocheilus
A0A673J673	cluster_2	V-F-W-E-N-L-T-S-F-L--	L	T	DHICA-like	Animals	Chordata	Sinocyclocheilus
A0A673TDB7	cluster_2	~-F-W-E-N-S-P-A-F-L--	S	P	DCT-like	Animals	Chordata	Suricata
A0A673U120	cluster_2	~-F-W-E-N-L-T-S-F-L--	L	T	DHICA-like	Animals	Chordata	Suricata
A0A673ZZ45	cluster_2	V-F-W-E-N-L-T-S-F-L--	L	T	DHICA-like	Animals	Chordata	Salmo
A0A674A0U1	cluster_2	V-F-W-E-N-L-T-S-F-L--	L	T	DHICA-like	Animals	Chordata	Salmo
A0A674A171	cluster_2	V-F-W-E-N-L-T-S-F-L--	L	T	DHICA-like	Animals	Chordata	Salmo
A0A674B4C9	cluster_2	V-F-W-E-N-L-T-S-F-L--	L	T	DHICA-like	Animals	Chordata	Salmo
A0A674F411	cluster_2	~-F-W-E-N-S-S-A-F-L--	S	S	other	Animals	Chordata	Salmo
A0A674F415	cluster_2	~-F-W-E-N-S-S-A-F-L--	S	S	other	Animals	Chordata	Salmo
A0A674F478	cluster_2	~-F-W-E-N-S-S-A-F-L--	S	S	other	Animals	Chordata	Salmo
A0A674F483	cluster_2	~-F-W-E-N-S-S-A-F-L--	S	S	other	Animals	Chordata	Salmo
A0A674F4R0	cluster_2	V-F-W-E-N-L-T-S-F-L--	L	T	DHICA-like	Animals	Chordata	Salmo
A0A674F4Y2	cluster_2	~-F-W-E-N-S-S-A-F-L--	S	S	other	Animals	Chordata	Salmo
A0A674F5V9	cluster_2	~-F-W-E-N-S-S-A-F-L--	S	S	other	Animals	Chordata	Salmo
A0A674F5W4	cluster_2	~-F-W-E-N-S-S-A-F-L--	S	S	other	Animals	Chordata	Salmo
A0A674F5W9	cluster_2	~-F-W-E-N-S-S-A-F-L--	S	S	other	Animals	Chordata	Salmo
A0A674JM30	cluster_2	~-F-W-E-N-L-T-S-F-L--	L	T	DHICA-like	Animals	Chordata	Terrapene
A0A674KBX0	cluster_2	~-F-W-E-N-S-P-A-F-L--	S	P	DCT-like	Animals	Chordata	Terrapene
A0A674KBX7	cluster_2	~-F-W-E-N-S-P-A-F-L--	S	P	DCT-like	Animals	Chordata	Terrapene
A0A6A4S5F3	cluster_2	~-F-W-E-N-S-S-A-F-L--	S	S	other	Animals	Chordata	Scophthalmus
A0A6A4SGB1	cluster_2	V-F-W-E-N-L-T-S-F-L--	L	T	DHICA-like	Animals	Chordata	Scophthalmus
A0A6A5EY24	cluster_2	V-F-W-E-N-L-T-S-F-L--	L	T	DHICA-like	Animals	Chordata	Perca
A0A6A5F1T6	cluster_2	~-F-W-E-N-S-S-A-F-L--	S	S	other	Animals	Chordata	Perca
A0A6A5FMJ6	cluster_2	V-F-W-E-N-L-T-S-F-L--	L	T	DHICA-like	Animals	Chordata	Perca
A0A6A5QMV1	cluster_3	~-F-W-E-D-N-T-S-F-L-C	N	T	other	Fungi	Ascomycota	Ampelomyces
A0A6A5RYQ0	cluster_3	~-F-W-E-D-N-A-S-F-L-C	N	A	other	Fungi	Ascomycota	Didymella
A0A6A5U9F7	cluster_1	~-L-W-E-K-T-P-T-F-L--	T	P	other	Fungi	Ascomycota	Byssothecium
A0A6A5UP97	cluster_1	~-L-W-E-K-T-P-T-F-L--	T	P	other	Fungi	Ascomycota	Bimuria
A0A6A5XX45	cluster_1	~-L-W-E-K-T-P-T-F-L--	T	P	other	Fungi	Ascomycota	Aaosphaeria
A0A6A6AS90	cluster_3	~-F-W-E-D-H-I-S-F-L-C	H	I	other	Fungi	Ascomycota	Dothidotthia
A0A6A6CER1	cluster_1	~-L-W-E-G-V-T-A-F-L--	V	T	other	Fungi	Ascomycota	Zasmidium
A0A6A6RLB0	cluster_1	~-L-W-E-K-I-P-P-F-L--	I	P	other	Fungi	Ascomycota	Massarina
A0A6A6SBX8	cluster_1	~-L-W-D-P-S-L-S-F-L--	S	L	other	Fungi	Ascomycota	Massarina
A0A6A6VZ00	cluster_1	~-F-F-E-G-A-F-S-F-L--	A	F	other	Fungi	Ascomycota	Pseudovirgaria
A0A6B0RVB9	cluster_2	~-F-W-E-N-S-P-A-F-L--	S	P	DCT-like	Animals	Chordata	Bos
A0A6B0RY59	cluster_2	~-F-W-E-N-L-T-S-F-L--	L	T	DHICA-like	Animals	Chordata	Bos
A0A6B9QJU3	cluster_8	~-F-W-E-N-I-L-A-F-L--	I	L	other	Animals	Mollusca	Cepaea
A0A6C0HC93	cluster_9	~-I-H-N-G-I-S-A-F-L-C	I	S	other	?	?	viral
A0A6C0KH90	cluster_9	~-I-H-S-G-L-S-A-F-L-C	L	S	other	?	?	viral
A0A6C0KIT8	cluster_9	~-I-H-S-G-I-S-A-F-L-C	I	S	other	?	?	viral
A0A6C0LTM3	cluster_9	~-I-H-S-G-I-S-A-F-L-C	I	S	other	?	?	viral
A0A6D2WLM4	cluster_2	~-F-W-E-N-S-P-A-Y-L--	S	P	DCT-like	Animals	Chordata	Pan
A0A6D2X2W5	cluster_2	~-F-W-E-N-L-T-S-F-L--	L	T	DHICA-like	Animals	Chordata	Pan
A0A6D2XP49	cluster_2	~-F-W-E-N-S-Y-P-V-L--	S	Y	other	Animals	Chordata	Pan
A0A6G0HIY7	cluster_2	V-F-W-E-N-L-T-S-F-L--	L	T	DHICA-like	Animals	Chordata	Larimichthys
A0A6G0J6V0	cluster_2	~-F-W-E-N-S-S-A-F-L--	S	S	other	Animals	Chordata	Larimichthys
A0A6G0J8P5	cluster_2	~-F-W-E-N-L-T-S-F-L--	L	T	DHICA-like	Animals	Chordata	Larimichthys
A0A6G1A822	cluster_2	~-F-W-E-N-L-T-S-F-L--	L	T	DHICA-like	Animals	Chordata	Crocuta
A0A6G1AEW7	cluster_2	~-F-W-E-N-S-P-A-F-L--	S	P	DCT-like	Animals	Chordata	Crocuta
A0A6G1JXQ0	cluster_3	~-F-W-E-G-F-V-S-F-L-C	F	V	other	Fungi	Ascomycota	Pleomassaria
A0A6G1PBM0	cluster_2	V-F-W-E-N-L-T-S-F-L--	L	T	DHICA-like	Animals	Chordata	Channa
A0A6G1PX29	cluster_2	~-F-W-E-N-T-P-A-F-L--	T	P	other	Animals	Chordata	Channa
A0A6G1Q602	cluster_2	V-F-W-E-N-L-T-S-F-L--	L	T	DHICA-like	Animals	Chordata	Channa
A0A6G4QTK5	cluster_14	~-F-W-E-G-V-I-A-F-L--	V	I	other	Bacteria	Pseudomonadota	Caulobacter
A0A6H9V3S2	cluster_21	~-F-W-E-N-N-P-S-F-L--	N	P	other	Bacteria	Actinomycetota	Streptomyces
A0A6I8S8C5	cluster_2	V-F-W-E-N-L-T-S-F-L--	L	T	DHICA-like	Animals	Chordata	Xenopus
A0A6I9HI68	cluster_2	~-F-W-E-N-L-T-S-F-L--	L	T	DHICA-like	Animals	Chordata	Geospiza
A0A6I9IHY3	cluster_2	~-F-W-E-N-S-P-A-F-L--	S	P	DCT-like	Animals	Chordata	Vicugna
A0A6I9LQ25	cluster_2	~-F-W-E-N-L-T-S-F-L--	L	T	DHICA-like	Animals	Chordata	Peromyscus
A0A6I9MDC2	cluster_2	~-F-W-E-N-S-P-A-F-L--	S	P	DCT-like	Animals	Chordata	Peromyscus
A0A6I9MZ41	cluster_2	V-F-W-E-N-L-T-S-F-L--	L	T	DHICA-like	Animals	Chordata	Notothenia
A0A6I9NBZ5	cluster_2	~-F-W-E-N-S-S-A-F-L--	S	S	other	Animals	Chordata	Notothenia
A0A6I9PFY4	cluster_2	V-F-W-E-N-L-T-S-F-L--	L	T	DHICA-like	Animals	Chordata	Notothenia
A0A6I9QIW5	cluster_4	~-F-W-E-N-M-F-A-F-L-C	M	F	other	Plants	Streptophyta	Elaeis
A0A6I9RDH9	cluster_4	C-F-W-E-N-M-F-A-F-L-C	M	F	other	Plants	Streptophyta	Elaeis
A0A6I9X224	cluster_2	~-F-W-E-N-L-T-S-F-L--	L	T	DHICA-like	Animals	Chordata	Thamnophis
A0A6I9XAN8	cluster_2	~-F-W-E-N-S-P-A-F-L--	S	P	DCT-like	Animals	Chordata	Thamnophis
A0A6I9ZTC4	cluster_2	~-F-W-E-N-L-T-S-F-L--	L	T	DHICA-like	Animals	Chordata	Acinonyx
A0A6J0A597	cluster_2	~-F-W-E-N-S-P-A-F-L--	S	P	DCT-like	Animals	Chordata	Acinonyx
A0A6J0HSI8	cluster_2	~-F-W-E-N-S-P-A-F-L--	S	P	DCT-like	Animals	Chordata	Lepidothrix
A0A6J0IIC8	cluster_2	~-F-W-E-N-L-T-S-F-L--	L	T	DHICA-like	Animals	Chordata	Lepidothrix
A0A6J0SQE0	cluster_2	~-F-W-E-N-L-T-S-F-L--	L	T	DHICA-like	Animals	Chordata	Pogona
A0A6J0SW19	cluster_2	~-F-W-E-N-S-P-A-F-L--	S	P	DCT-like	Animals	Chordata	Pogona
A0A6J0WVF2	cluster_2	~-F-W-E-N-S-P-A-F-L--	S	P	DCT-like	Animals	Chordata	Odocoileus
A0A6J1UHZ7	cluster_2	~-F-W-E-N-L-T-S-F-L--	L	T	DHICA-like	Animals	Chordata	Notechis
A0A6J2CVM5	cluster_2	~-F-W-E-N-S-P-A-F-L--	S	P	DCT-like	Animals	Chordata	Zalophus
A0A6J2ES63	cluster_2	~-F-W-E-N-L-T-S-F-L--	L	T	DHICA-like	Animals	Chordata	Zalophus
A0A6J2GYQ9	cluster_2	~-F-W-E-N-S-P-A-F-L--	S	P	DCT-like	Animals	Chordata	Pipra
A0A6J2IKT7	cluster_2	~-F-W-E-N-L-T-S-F-L--	L	T	DHICA-like	Animals	Chordata	Pipra
A0A6J2MIL9	cluster_2	~-F-W-E-N-L-T-S-F-L--	L	T	DHICA-like	Animals	Chordata	Phyllostomus
A0A6J2MT63	cluster_2	~-F-W-E-N-A-P-A-F-L--	A	P	other	Animals	Chordata	Phyllostomus
A0A6J2Q2T7	cluster_2	V-F-W-E-N-L-T-S-F-L--	L	T	DHICA-like	Animals	Chordata	Cottoperca
A0A6J2Q5N3	cluster_2	~-F-W-E-N-L-T-S-F-L--	L	T	DHICA-like	Animals	Chordata	Cottoperca
A0A6J2RMT7	cluster_2	V-F-W-E-N-L-T-S-F-L--	L	T	DHICA-like	Animals	Chordata	Cottoperca
A0A6J2RXQ1	cluster_2	~-F-W-E-N-S-S-A-F-L--	S	S	other	Animals	Chordata	Cottoperca
A0A6J2VVP9	cluster_2	V-F-W-E-N-L-T-S-F-L--	L	T	DHICA-like	Animals	Chordata	Chanos
A0A6J2WAJ1	cluster_2	~-F-W-E-N-S-S-A-F-L--	S	S	other	Animals	Chordata	Chanos
A0A6J2WEP8	cluster_2	V-F-W-E-N-L-T-S-F-L--	L	T	DHICA-like	Animals	Chordata	Chanos
A0A6J3E978	cluster_2	~-F-W-E-N-S-P-A-F-L--	S	P	DCT-like	Animals	Chordata	Aythya
A0A6J3EJK3	cluster_2	~-F-W-E-N-L-T-S-F-L--	L	T	DHICA-like	Animals	Chordata	Aythya
A0A6J3HUM0	cluster_2	~-F-W-E-N-S-P-A-F-L--	S	P	DCT-like	Animals	Chordata	Sapajus
A0A6J3JNQ6	cluster_2	~-F-W-E-N-L-T-S-F-L--	L	T	DHICA-like	Animals	Chordata	Sapajus
A0A6J8CIC7	cluster_1	~-F-W-E-N-A-L-S-F-L--	A	L	other	Animals	Mollusca	Mytilus
A0A6J8E5E4	cluster_1	N-F-W-E-N-V-I-A-F-L--	V	I	other	Animals	Mollusca	Mytilus
A0A6J8EWK6	cluster_1	~-F-W-E-N-V-L-S-F-L--	V	L	other	Animals	Mollusca	Mytilus
A0A6M3Z7I9	cluster_2	V-F-W-E-N-L-T-S-F-L--	L	T	DHICA-like	Animals	Chordata	Cyprinus
A0A6P3EM25	cluster_2	~-F-W-E-N-S-P-A-F-L--	S	P	DCT-like	Animals	Chordata	Octodon
A0A6P3ETL0	cluster_2	~-F-W-E-N-L-T-S-F-L--	L	T	DHICA-like	Animals	Chordata	Octodon
A0A6P3HNW9	cluster_2	~-F-W-E-N-S-P-A-F-L--	S	P	DCT-like	Animals	Chordata	Bison
A0A6P3HXY8	cluster_2	~-F-W-E-N-S-P-A-F-L--	S	P	DCT-like	Animals	Chordata	Bison
A0A6P3IUI9	cluster_2	~-F-W-E-N-L-T-S-F-L--	L	T	DHICA-like	Animals	Chordata	Bison
A0A6P3PYB1	cluster_2	~-F-W-E-N-S-P-A-F-L--	S	P	DCT-like	Animals	Chordata	Pteropus
A0A6P3RFC7	cluster_2	~-F-W-E-N-L-T-S-F-L--	L	T	DHICA-like	Animals	Chordata	Pteropus
A0A6P3VT16	cluster_2	~-F-W-E-N-S-A-A-F-L--	S	A	other	Animals	Chordata	Clupea
A0A6P3W1X2	cluster_2	~-F-W-E-N-L-T-S-F-L--	L	T	DHICA-like	Animals	Chordata	Clupea
A0A6P4ZW15	cluster_2	~-Y-W-E-N-L-T-S-F-L--	L	T	DHICA-like	Animals	Chordata	Branchiostoma
A0A6P5A764	cluster_2	~-Y-W-E-N-L-T-S-F-L--	L	T	DHICA-like	Animals	Chordata	Branchiostoma
A0A6P5AGC0	cluster_2	~-Y-W-E-N-L-T-S-F-L--	L	T	DHICA-like	Animals	Chordata	Branchiostoma
A0A6P5C7F9	cluster_2	~-F-W-E-N-L-T-S-F-L--	L	T	DHICA-like	Animals	Chordata	Bos
A0A6P5CQM7	cluster_2	~-F-W-E-N-S-P-A-F-L--	S	P	DCT-like	Animals	Chordata	Bos
A0A6P5IH15	cluster_2	~-F-W-E-N-A-P-A-F-L--	A	P	other	Animals	Chordata	Phascolarctos
A0A6P5J2K7	cluster_2	~-F-W-E-N-L-T-S-F-L--	L	T	DHICA-like	Animals	Chordata	Phascolarctos
A0A6P5PJQ9	cluster_2	~-F-W-E-N-L-T-S-F-L--	L	T	DHICA-like	Animals	Chordata	Mus
A0A6P5QYZ9	cluster_2	~-F-W-E-N-S-P-A-F-L--	S	P	DCT-like	Animals	Chordata	Mus
A0A6P6HWD8	cluster_2	~-F-W-E-N-S-P-A-F-L--	S	P	DCT-like	Animals	Chordata	Puma
A0A6P6I7U8	cluster_2	~-F-W-E-N-L-T-S-F-L--	L	T	DHICA-like	Animals	Chordata	Puma
A0A6P6I7X4	cluster_2	~-F-W-E-N-L-T-S-F-L--	L	T	DHICA-like	Animals	Chordata	Puma
A0A6P6I8I8	cluster_2	~-F-W-E-N-L-T-S-F-L--	L	T	DHICA-like	Animals	Chordata	Puma
A0A6P6JJR2	cluster_2	V-F-W-E-N-L-T-S-F-L--	L	T	DHICA-like	Animals	Chordata	Carassius
A0A6P6PSJ1	cluster_2	V-F-W-E-N-L-T-S-F-L--	L	T	DHICA-like	Animals	Chordata	Carassius
A0A6P6PTF3	cluster_2	V-F-W-E-N-L-T-S-F-L--	L	T	DHICA-like	Animals	Chordata	Carassius
A0A6P6Q1G2	cluster_2	~-F-W-E-N-Q-S-A-F-L--	Q	S	other	Animals	Chordata	Carassius
A0A6P7HLH2	cluster_2	~-F-W-E-N-S-S-A-F-L--	S	S	other	Animals	Chordata	Parambassis
A0A6P7HX38	cluster_2	V-F-W-E-N-L-T-S-F-L--	L	T	DHICA-like	Animals	Chordata	Parambassis
A0A6P7I321	cluster_2	V-F-W-E-N-L-T-S-F-L--	L	T	DHICA-like	Animals	Chordata	Parambassis
A0A6P7K693	cluster_2	V-F-W-E-N-L-T-S-F-L--	L	T	DHICA-like	Animals	Chordata	Parambassis
A0A6P7LD16	cluster_2	~-F-W-E-N-S-S-A-F-L--	S	S	other	Animals	Chordata	Betta
A0A6P7LE96	cluster_2	~-F-W-E-N-S-S-A-F-L--	S	S	other	Animals	Chordata	Betta
A0A6P7LXQ7	cluster_2	V-F-W-E-N-L-T-S-F-L--	L	T	DHICA-like	Animals	Chordata	Betta
A0A6P7LYR8	cluster_2	V-F-W-E-N-L-T-S-F-L--	L	T	DHICA-like	Animals	Chordata	Betta
A0A6P7NI18	cluster_2	V-F-W-E-N-L-T-S-F-L--	L	T	DHICA-like	Animals	Chordata	Betta
A0A6P7S851	cluster_1	S-F-W-E-N-A-S-S-F-L--	A	S	other	Animals	Mollusca	Octopus
A0A6P7WYI7	cluster_2	V-F-W-E-N-L-T-S-F-L--	L	T	DHICA-like	Animals	Chordata	Microcaecilia
A0A6P7XSA6	cluster_2	~-F-W-E-N-S-P-A-F-L--	S	P	DCT-like	Animals	Chordata	Microcaecilia
A0A6P8H174	cluster_2	V-F-W-E-N-L-T-S-F-L--	L	T	DHICA-like	Animals	Chordata	Clupea
A0A6P8RID2	cluster_2	~-F-W-E-N-S-P-A-F-L--	S	P	DCT-like	Animals	Chordata	Geotrypetes
A0A6P8RJZ1	cluster_2	V-F-W-E-N-L-T-S-F-L--	L	T	DHICA-like	Animals	Chordata	Geotrypetes
A0A6P8T6M3	cluster_2	V-F-W-E-N-L-T-S-F-L--	L	T	DHICA-like	Animals	Chordata	Gymnodraco
A0A6P8TMZ0	cluster_2	V-F-W-E-N-L-T-S-F-L--	L	T	DHICA-like	Animals	Chordata	Gymnodraco
A0A6P8TY54	cluster_2	~-F-W-E-N-S-S-A-F-L--	S	S	other	Animals	Chordata	Gymnodraco
A0A6P8VSU0	cluster_2	V-F-W-E-N-L-T-S-F-L--	L	T	DHICA-like	Animals	Chordata	Gymnodraco
A0A6P9BEB3	cluster_2	~-F-W-E-N-L-T-S-F-L--	L	T	DHICA-like	Animals	Chordata	Pantherophis
A0A6P9C0R9	cluster_2	~-F-W-E-N-S-P-A-F-L--	S	P	DCT-like	Animals	Chordata	Pantherophis
A0A6P9C0T3	cluster_2	V-F-W-E-N-S-P-A-F-L--	S	P	DCT-like	Animals	Chordata	Pantherophis
A0A6Q2XIH0	cluster_2	~-F-W-E-N-A-S-A-F-L--	A	S	other	Animals	Chordata	Esox
A0A6Q2XKY1	cluster_2	~-F-W-E-N-A-S-A-F-L--	A	S	other	Animals	Chordata	Esox
A0A6Q2XLM6	cluster_2	V-F-W-E-N-L-T-S-F-L--	L	T	DHICA-like	Animals	Chordata	Esox
A0A6Q2XXP6	cluster_2	~-F-W-E-N-A-S-A-F-L--	A	S	other	Animals	Chordata	Esox
A0A6Q2XZA4	cluster_2	V-F-W-E-N-L-T-S-F-L--	L	T	DHICA-like	Animals	Chordata	Esox
A0A6Q2Y715	cluster_2	V-F-W-E-N-L-T-S-F-L--	L	T	DHICA-like	Animals	Chordata	Esox
A0A6Q2YPD2	cluster_2	~-F-W-E-N-A-S-A-F-L--	A	S	other	Animals	Chordata	Esox
A0A6Q2Z6S2	cluster_2	~-F-W-E-N-A-S-A-F-L--	A	S	other	Animals	Chordata	Esox
A0A6Q2ZF86	cluster_2	~-F-W-E-N-A-S-A-F-L--	A	S	other	Animals	Chordata	Esox
A0A6V1WW05	cluster_9	~-F-G-M-S-N-L-A-F-L-C	N	L	other	Oomycota	?	Heterosigma
A0A6V7U0J2	cluster_1	F-F-F-E-G-G-A-S-F-L--	G	A	other	Animals	Nematoda	Meloidogyne
A0A6V7V3L9	cluster_1	F-F-F-E-G-G-A-S-F-L--	G	A	other	Animals	Nematoda	Meloidogyne
A0A6V7Y6T9	cluster_1	F-F-F-E-G-G-A-S-F-L--	G	A	other	Animals	Nematoda	Meloidogyne
A0A7C8MEQ8	cluster_3	~-F-W-E-N-N-V-S-F-L-C	N	V	other	Fungi	Ascomycota	Massariosphaeria
A0A7D9IU48	cluster_1	~-F-W-R-N-F-G-S-F-L--	F	G	other	Animals	Cnidaria	Paramuricea
A0A7D9IUI2	cluster_1	~-F-W-R-N-F-L-S-F-L--	F	L	other	Animals	Cnidaria	Paramuricea
A0A7E6CJR0	cluster_2	~-F-W-E-N-A-P-A-F-L--	A	P	other	Animals	Chordata	Phyllostomus
A0A7E6EME7	cluster_1	S-F-W-E-N-A-S-S-F-L--	A	S	other	Animals	Mollusca	Octopus
A0A7E6ENM2	cluster_8	R-F-W-E-N-V-V-S-F-L--	V	V	other	Animals	Mollusca	Octopus
A0A7F8KE42	cluster_2	~-F-W-E-N-L-T-S-F-L--	L	T	DHICA-like	Animals	Chordata	Delphinapterus
A0A7F8QT68	cluster_2	~-F-W-E-N-L-T-S-F-L--	L	T	DHICA-like	Animals	Chordata	Leptonychotes
A0A7H1MHD8	cluster_2	~-F-W-E-N-L-S-A-F-L--	L	S	other	Animals	Chordata	Cyprinus
A0A7H1MHD9	cluster_2	~-F-W-E-N-L-S-A-F-L--	L	S	other	Animals	Chordata	Cyprinus
A0A7H8QRN6	cluster_42	~-F-W-E-N-G-P-S-V-L--	G	P	other	Fungi	Ascomycota	Talaromyces
A0A7I4NJW8	cluster_1	V-F-W-E-S-L-P-S-F-L--	L	P	other	Animals	Nematoda	Brugia
A0A7J5XLF9	cluster_2	V-F-W-E-N-L-T-S-F-L--	L	T	DHICA-like	Animals	Chordata	Dissostichus
A0A7J5Y3H3	cluster_2	~-F-W-E-N-S-S-A-F-L--	S	S	other	Animals	Chordata	Dissostichus
A0A7J5ZQC8	cluster_2	V-F-W-E-N-L-T-S-F-L--	L	T	DHICA-like	Animals	Chordata	Ameiurus
A0A7J6AWZ0	cluster_2	~-F-W-E-N-D-S-A-F-L--	D	S	other	Animals	Chordata	Ameiurus
A0A7J6CMY4	cluster_2	~-F-W-E-N-L-S-A-F-L--	L	S	other	Animals	Chordata	Onychostoma
A0A7J6CT02	cluster_2	V-F-W-E-N-L-T-S-F-L--	L	T	DHICA-like	Animals	Chordata	Onychostoma
A0A7J6DJA2	cluster_2	V-F-W-E-N-L-T-S-F-L--	L	T	DHICA-like	Animals	Chordata	Onychostoma
A0A7J7EAG6	cluster_2	~-F-W-R-N-L-T-S-F-L--	L	T	DHICA-like	Animals	Chordata	Diceros
A0A7J7MFK5	cluster_4	~-F-W-E-N-M-F-A-F-L-C	M	F	other	Plants	Streptophyta	Kingdonia
A0A7J7MG66	cluster_4	~-F-W-E-N-M-F-A-F-L-C	M	F	other	Plants	Streptophyta	Kingdonia
A0A7J7URV0	cluster_2	~-F-W-E-N-L-T-S-F-L--	L	T	DHICA-like	Animals	Chordata	Myotis
A0A7J7VT81	cluster_2	~-F-W-E-N-L-T-S-F-L--	L	T	DHICA-like	Animals	Chordata	Rhinolophus
A0A7J7W4I4	cluster_2	~-F-W-E-N-L-T-S-F-L--	L	T	DHICA-like	Animals	Chordata	Pipistrellus
A0A7J7Z1H4	cluster_2	~-F-W-E-N-S-P-A-F-L--	S	P	DCT-like	Animals	Chordata	Myotis
A0A7J7ZGX8	cluster_2	~-F-W-E-N-S-P-A-F-L--	S	P	DCT-like	Animals	Chordata	Pipistrellus
A0A7J7ZP73	cluster_2	~-F-W-E-N-S-P-A-F-L--	S	P	DCT-like	Animals	Chordata	Rhinolophus
A0A7J8DWG3	cluster_2	~-F-W-E-N-S-P-A-F-L--	S	P	DCT-like	Animals	Chordata	Rousettus
A0A7J8EH30	cluster_2	~-F-W-E-N-L-T-S-F-L--	L	T	DHICA-like	Animals	Chordata	Molossus
A0A7J8GJS6	cluster_2	~-F-W-E-N-S-P-A-F-L--	S	P	DCT-like	Animals	Chordata	Molossus
A0A7J8IVX8	cluster_2	~-F-W-E-N-L-T-S-F-L--	L	T	DHICA-like	Animals	Chordata	Rousettus
A0A7K4IWR2	cluster_2	~-F-W-E-N-L-T-S-F-L--	L	T	DHICA-like	Animals	Chordata	Geococcyx
A0A7K4JDM9	cluster_2	~-F-W-E-N-S-P-A-F-L--	S	P	DCT-like	Animals	Chordata	Geococcyx
A0A7K4JYK1	cluster_2	~-F-W-E-N-S-P-A-F-L--	S	P	DCT-like	Animals	Chordata	Crypturellus
A0A7K4K5T6	cluster_2	~-F-W-E-N-L-T-S-F-L--	L	T	DHICA-like	Animals	Chordata	Crypturellus
A0A7K4LK52	cluster_2	~-F-W-E-N-L-T-S-F-L--	L	T	DHICA-like	Animals	Chordata	Crypturellus
A0A7K4LM31	cluster_2	~-F-W-E-N-S-P-A-F-L--	S	P	DCT-like	Animals	Chordata	Crypturellus
A0A7K4PFP2	cluster_2	~-F-W-E-N-L-T-S-F-L--	L	T	DHICA-like	Animals	Chordata	Melospiza
A0A7K4PV44	cluster_2	~-F-W-E-N-S-P-A-F-L--	S	P	DCT-like	Animals	Chordata	Melospiza
A0A7K4R2Q6	cluster_2	~-F-W-E-N-S-P-A-F-L--	S	P	DCT-like	Animals	Chordata	Neopipo
A0A7K4REM3	cluster_2	~-F-W-E-N-L-T-S-F-L--	L	T	DHICA-like	Animals	Chordata	Neopipo
A0A7K4RR87	cluster_2	~-F-W-E-N-S-P-A-F-L--	S	P	DCT-like	Animals	Chordata	Columbina
A0A7K4S3I9	cluster_2	~-F-W-E-N-L-T-S-F-L--	L	T	DHICA-like	Animals	Chordata	Columbina
A0A7K4T2Y4	cluster_2	~-F-W-E-N-S-P-A-F-L--	S	P	DCT-like	Animals	Chordata	Burhinus
A0A7K4UJ77	cluster_2	~-F-W-E-N-L-T-S-F-L--	L	T	DHICA-like	Animals	Chordata	Sinosuthora
A0A7K4ULA2	cluster_2	~-F-W-E-N-S-P-A-F-L--	S	P	DCT-like	Animals	Chordata	Sinosuthora
A0A7K4UW73	cluster_2	~-F-W-E-N-S-P-A-F-L--	S	P	DCT-like	Animals	Chordata	Emberiza
A0A7K4VSD2	cluster_2	~-F-W-E-N-L-T-S-F-L--	L	T	DHICA-like	Animals	Chordata	Emberiza
A0A7K4W062	cluster_2	~-F-W-E-N-S-P-A-F-L--	S	P	DCT-like	Animals	Chordata	Tachuris
A0A7K4WKY7	cluster_2	~-F-W-E-N-L-T-S-F-L--	L	T	DHICA-like	Animals	Chordata	Tachuris
A0A7K4XU50	cluster_2	~-F-W-E-N-S-P-A-F-L--	S	P	DCT-like	Animals	Chordata	Regulus
A0A7K4YR05	cluster_2	~-F-W-E-N-S-P-A-F-L--	S	P	DCT-like	Animals	Chordata	Bucorvus
A0A7K4YYA5	cluster_2	~-F-W-E-N-L-T-S-F-L--	L	T	DHICA-like	Animals	Chordata	Bucorvus
A0A7K4ZSQ1	cluster_2	~-F-W-E-N-L-T-S-F-L--	L	T	DHICA-like	Animals	Chordata	Centropus
A0A7K4ZX98	cluster_2	~-F-W-E-N-S-P-A-F-L--	S	P	DCT-like	Animals	Chordata	Centropus
A0A7K5AXP8	cluster_2	~-F-W-E-N-S-P-A-F-L--	S	P	DCT-like	Animals	Chordata	Furnarius
A0A7K5BKU5	cluster_2	~-F-W-E-N-S-P-A-F-L--	S	P	DCT-like	Animals	Chordata	Motacilla
A0A7K5BZF7	cluster_2	~-F-W-E-N-L-T-S-F-L--	L	T	DHICA-like	Animals	Chordata	Motacilla
A0A7K5CUS3	cluster_2	~-F-W-E-N-S-P-A-F-L--	S	P	DCT-like	Animals	Chordata	Pachyramphus
A0A7K5DVV1	cluster_2	~-F-W-E-N-L-T-S-F-L--	L	T	DHICA-like	Animals	Chordata	Polioptila
A0A7K5ELW5	cluster_2	~-F-W-E-N-S-P-A-F-L--	S	P	DCT-like	Animals	Chordata	Polioptila
A0A7K5FKY3	cluster_2	~-F-W-E-N-L-T-S-F-L--	L	T	DHICA-like	Animals	Chordata	Probosciger
A0A7K5FRT9	cluster_2	~-F-W-E-N-S-P-A-F-L--	S	P	DCT-like	Animals	Chordata	Probosciger
A0A7K5GJF0	cluster_2	~-F-W-E-N-S-P-A-F-L--	S	P	DCT-like	Animals	Chordata	Chunga
A0A7K5H484	cluster_2	~-F-W-E-N-L-T-S-F-L--	L	T	DHICA-like	Animals	Chordata	Chunga
A0A7K5HGF8	cluster_2	~-F-W-E-N-L-T-S-F-L--	L	T	DHICA-like	Animals	Chordata	Crotophaga
A0A7K5HXS5	cluster_2	~-F-W-E-N-S-P-A-F-L--	S	P	DCT-like	Animals	Chordata	Crotophaga
A0A7K5J7E1	cluster_2	~-F-W-E-N-S-P-A-F-L--	S	P	DCT-like	Animals	Chordata	Toxostoma
A0A7K5JBY3	cluster_2	~-F-W-E-N-L-T-S-F-L--	L	T	DHICA-like	Animals	Chordata	Toxostoma
A0A7K5JRY8	cluster_2	~-F-W-E-N-S-P-A-F-L--	S	P	DCT-like	Animals	Chordata	Mionectes
A0A7K5K660	cluster_2	~-F-W-E-N-L-T-S-F-L--	L	T	DHICA-like	Animals	Chordata	Mionectes
A0A7K5LQC5	cluster_2	~-F-W-E-N-S-P-A-F-L--	S	P	DCT-like	Animals	Chordata	Vireo
A0A7K5M3T6	cluster_2	~-F-W-E-N-S-P-A-F-L--	S	P	DCT-like	Animals	Chordata	Cardinalis
A0A7K5N9A6	cluster_2	~-F-W-E-N-S-P-A-F-L--	S	P	DCT-like	Animals	Chordata	Chroicocephalus
A0A7K5NX62	cluster_2	~-F-W-E-N-L-T-S-F-L--	L	T	DHICA-like	Animals	Chordata	Chroicocephalus
A0A7K5P543	cluster_2	~-F-W-E-N-S-P-A-F-L--	S	P	DCT-like	Animals	Chordata	Erythrocercus
A0A7K5PF64	cluster_2	~-F-W-E-N-L-T-S-F-L--	L	T	DHICA-like	Animals	Chordata	Erythrocercus
A0A7K5QFG8	cluster_2	~-F-W-E-N-L-T-S-F-L--	L	T	DHICA-like	Animals	Chordata	Prunella
A0A7K5QI23	cluster_2	~-F-W-E-N-S-P-A-F-L--	S	P	DCT-like	Animals	Chordata	Prunella
A0A7K5RHP1	cluster_2	~-F-W-E-N-S-P-A-F-L--	S	P	DCT-like	Animals	Chordata	Lanius
A0A7K5RUH2	cluster_2	~-F-W-E-N-L-T-S-F-L--	L	T	DHICA-like	Animals	Chordata	Lanius
A0A7K5T7E1	cluster_2	~-F-W-E-N-S-P-A-F-L--	S	P	DCT-like	Animals	Chordata	Urocynchramus
A0A7K5TKC5	cluster_2	~-F-W-E-N-L-T-S-F-L--	L	T	DHICA-like	Animals	Chordata	Urocynchramus
A0A7K5TXZ7	cluster_2	~-F-W-E-N-L-T-S-F-L--	L	T	DHICA-like	Animals	Chordata	Cephalopterus
A0A7K5TZS9	cluster_2	~-F-W-E-N-S-P-A-F-L--	S	P	DCT-like	Animals	Chordata	Cephalopterus
A0A7K5V7R9	cluster_2	~-F-W-E-N-L-T-S-F-L--	L	T	DHICA-like	Animals	Chordata	Platysteira
A0A7K5V7Y2	cluster_2	~-F-W-E-N-S-P-A-F-L--	S	P	DCT-like	Animals	Chordata	Platysteira
A0A7K5WF20	cluster_2	~-F-W-E-N-S-P-A-F-L--	S	P	DCT-like	Animals	Chordata	Hylia
A0A7K5WQH9	cluster_2	~-F-W-E-N-L-T-S-F-L--	L	T	DHICA-like	Animals	Chordata	Hylia
A0A7K5XD63	cluster_2	~-F-W-E-N-L-T-S-F-L--	L	T	DHICA-like	Animals	Chordata	Dromas
A0A7K5XS10	cluster_2	~-F-W-E-N-S-P-A-F-L--	S	P	DCT-like	Animals	Chordata	Dromas
A0A7K5YP76	cluster_2	~-F-W-E-N-L-T-S-F-L--	L	T	DHICA-like	Animals	Chordata	Pterocles
A0A7K5YRF1	cluster_2	~-F-W-E-N-S-P-A-F-L--	S	P	DCT-like	Animals	Chordata	Pterocles
A0A7K5ZND8	cluster_2	~-F-W-E-N-S-P-A-F-L--	S	P	DCT-like	Animals	Chordata	Onychorhynchus
A0A7K6A4S3	cluster_2	~-F-W-E-N-L-T-S-F-L--	L	T	DHICA-like	Animals	Chordata	Onychorhynchus
A0A7K6AP01	cluster_2	~-F-W-E-N-L-T-S-F-L--	L	T	DHICA-like	Animals	Chordata	Upupa
A0A7K6AYP9	cluster_2	~-F-W-E-N-S-P-A-F-L--	S	P	DCT-like	Animals	Chordata	Upupa
A0A7K6C5P7	cluster_2	~-F-W-E-N-L-T-S-F-L--	L	T	DHICA-like	Animals	Chordata	Ptilonorhynchus
A0A7K6CNF9	cluster_2	~-F-W-E-N-S-P-A-F-L--	S	P	DCT-like	Animals	Chordata	Ptilonorhynchus
A0A7K6CRA7	cluster_2	~-F-W-E-N-L-T-S-F-L--	L	T	DHICA-like	Animals	Chordata	Origma
A0A7K6DBV6	cluster_2	~-F-W-E-N-S-P-A-F-L--	S	P	DCT-like	Animals	Chordata	Origma
A0A7K6E2B8	cluster_2	~-F-W-E-N-L-T-S-F-L--	L	T	DHICA-like	Animals	Chordata	Grantiella
A0A7K6EDS7	cluster_2	~-F-W-E-N-S-P-A-F-L--	S	P	DCT-like	Animals	Chordata	Grantiella
A0A7K6FUT0	cluster_2	~-F-W-E-N-S-P-A-F-L--	S	P	DCT-like	Animals	Chordata	Daphoenositta
A0A7K6G183	cluster_2	~-F-W-E-N-L-T-S-F-L--	L	T	DHICA-like	Animals	Chordata	Daphoenositta
A0A7K6GF04	cluster_2	~-F-W-E-N-L-T-S-F-L--	L	T	DHICA-like	Animals	Chordata	Malurus
A0A7K6GXV9	cluster_2	~-F-W-E-N-S-P-A-F-L--	S	P	DCT-like	Animals	Chordata	Malurus
A0A7K6HTJ4	cluster_2	~-F-W-E-N-S-P-A-F-L--	S	P	DCT-like	Animals	Chordata	Dasyornis
A0A7K6HWW5	cluster_2	~-F-W-E-N-L-T-S-F-L--	L	T	DHICA-like	Animals	Chordata	Dasyornis
A0A7K6IUT7	cluster_2	~-F-W-E-N-L-T-S-F-L--	L	T	DHICA-like	Animals	Chordata	Machaerirhynchus
A0A7K6JN09	cluster_2	~-F-W-E-N-S-P-A-F-L--	S	P	DCT-like	Animals	Chordata	Machaerirhynchus
A0A7K6KCX1	cluster_2	~-F-W-E-N-L-T-S-F-L--	L	T	DHICA-like	Animals	Chordata	Oreocharis
A0A7K6KFC9	cluster_2	~-F-W-E-N-S-P-A-F-L--	S	P	DCT-like	Animals	Chordata	Oreocharis
A0A7K6KSV0	cluster_2	~-F-W-E-N-S-P-A-F-L--	S	P	DCT-like	Animals	Chordata	Falcunculus
A0A7K6L755	cluster_2	~-F-W-E-N-L-T-S-F-L--	L	T	DHICA-like	Animals	Chordata	Falcunculus
A0A7K6MGQ7	cluster_2	~-F-W-E-N-S-P-A-F-L--	S	P	DCT-like	Animals	Chordata	Panurus
A0A7K6MM84	cluster_2	~-F-W-E-N-L-T-S-F-L--	L	T	DHICA-like	Animals	Chordata	Panurus
A0A7K6N4G9	cluster_2	~-F-W-E-N-S-P-A-F-L--	S	P	DCT-like	Animals	Chordata	Pedionomus
A0A7K6NBD3	cluster_2	~-F-W-E-N-L-T-S-F-L--	L	T	DHICA-like	Animals	Chordata	Pedionomus
A0A7K6PLK2	cluster_2	~-F-W-E-N-L-T-S-F-L--	L	T	DHICA-like	Animals	Chordata	Ifrita
A0A7K6PQE0	cluster_2	~-F-W-E-N-S-P-A-F-L--	S	P	DCT-like	Animals	Chordata	Ifrita
A0A7K6QEH7	cluster_2	~-F-W-E-N-S-P-A-F-L--	S	P	DCT-like	Animals	Chordata	Climacteris
A0A7K6QHN2	cluster_2	~-F-W-E-N-L-T-S-F-L--	L	T	DHICA-like	Animals	Chordata	Climacteris
A0A7K6RQY1	cluster_2	~-F-W-E-N-S-P-A-F-L--	S	P	DCT-like	Animals	Chordata	Rhynochetos
A0A7K6TKH7	cluster_2	~-F-W-E-N-S-P-A-F-L--	S	P	DCT-like	Animals	Chordata	Caloenas
A0A7K6U1U1	cluster_2	~-F-W-E-N-L-T-S-F-L--	L	T	DHICA-like	Animals	Chordata	Aegotheles
A0A7K6U4S0	cluster_2	~-F-W-E-N-S-P-A-F-L--	S	P	DCT-like	Animals	Chordata	Aegotheles
A0A7K6V032	cluster_2	~-F-W-E-N-S-P-A-F-L--	S	P	DCT-like	Animals	Chordata	Notiomystis
A0A7K6WFL7	cluster_2	~-F-W-E-N-S-P-A-F-L--	S	P	DCT-like	Animals	Chordata	Steatornis
A0A7K6WGG0	cluster_2	~-F-W-E-N-L-T-S-F-L--	L	T	DHICA-like	Animals	Chordata	Steatornis
A0A7K6XT41	cluster_2	~-F-W-E-N-S-P-A-F-L--	S	P	DCT-like	Animals	Chordata	Promerops
A0A7K6XTS5	cluster_2	~-F-W-E-N-L-T-S-F-L--	L	T	DHICA-like	Animals	Chordata	Promerops
A0A7K6Y9M2	cluster_2	~-F-W-E-N-L-T-S-F-L--	L	T	DHICA-like	Animals	Chordata	Alca
A0A7K6Z8W6	cluster_2	~-F-W-E-N-S-P-A-F-L--	S	P	DCT-like	Animals	Chordata	Alca
A0A7K6ZSB5	cluster_2	~-F-W-E-N-L-T-S-F-L--	L	T	DHICA-like	Animals	Chordata	Nothoprocta
A0A7K6ZWY2	cluster_2	~-F-W-E-N-S-P-A-F-L--	S	P	DCT-like	Animals	Chordata	Nothoprocta
A0A7K7AIN1	cluster_2	~-F-W-E-N-L-T-S-F-L--	L	T	DHICA-like	Animals	Chordata	Nothoprocta
A0A7K7B6J0	cluster_2	~-F-W-E-N-S-P-A-F-L--	S	P	DCT-like	Animals	Chordata	Nothoprocta
A0A7K7BQZ9	cluster_2	~-F-W-E-N-S-P-A-F-L--	S	P	DCT-like	Animals	Chordata	Aphelocoma
A0A7K7C148	cluster_2	~-F-W-E-N-L-T-S-F-L--	L	T	DHICA-like	Animals	Chordata	Aphelocoma
A0A7K7CUG3	cluster_2	~-F-W-E-N-L-T-S-F-L--	L	T	DHICA-like	Animals	Chordata	Pheucticus
A0A7K7CWS6	cluster_2	~-F-W-E-N-S-P-A-F-L--	S	P	DCT-like	Animals	Chordata	Pheucticus
A0A7K7E8F7	cluster_2	~-F-W-E-N-S-P-A-F-L--	S	P	DCT-like	Animals	Chordata	Sylvia
A0A7K7ED05	cluster_2	~-F-W-E-N-L-T-S-F-L--	L	T	DHICA-like	Animals	Chordata	Sylvia
A0A7K7EZ47	cluster_2	~-F-W-E-N-L-T-S-F-L--	L	T	DHICA-like	Animals	Chordata	Chionis
A0A7K7FP69	cluster_2	~-F-W-E-N-S-P-A-F-L--	S	P	DCT-like	Animals	Chordata	Chionis
A0A7K7GC87	cluster_2	~-F-W-E-N-L-T-S-F-L--	L	T	DHICA-like	Animals	Chordata	Erithacus
A0A7K7GS50	cluster_2	~-F-W-E-N-S-P-A-F-L--	S	P	DCT-like	Animals	Chordata	Erithacus
A0A7K7IAG4	cluster_2	~-F-W-E-N-S-P-A-F-L--	S	P	DCT-like	Animals	Chordata	Loxia
A0A7K7J8F9	cluster_2	~-F-W-E-N-L-T-S-F-L--	L	T	DHICA-like	Animals	Chordata	Loxia
A0A7K7JQ00	cluster_2	~-F-W-E-N-S-P-A-F-L--	S	P	DCT-like	Animals	Chordata	Agelaius
A0A7K7KA02	cluster_2	~-F-W-E-N-L-T-S-F-L--	L	T	DHICA-like	Animals	Chordata	Agelaius
A0A7K7L7Z8	cluster_2	~-F-W-E-N-S-P-A-F-L--	S	P	DCT-like	Animals	Chordata	Asarcornis
A0A7K7LN57	cluster_2	~-F-W-E-N-L-T-S-F-L--	L	T	DHICA-like	Animals	Chordata	Asarcornis
A0A7K7MLP1	cluster_2	~-F-W-E-N-S-P-A-F-L--	S	P	DCT-like	Animals	Chordata	Brachypodius
A0A7K7NLD0	cluster_2	~-F-W-E-N-L-T-S-F-L--	L	T	DHICA-like	Animals	Chordata	Haliaeetus
A0A7K7NMI7	cluster_2	~-F-W-E-N-S-P-A-F-L--	S	P	DCT-like	Animals	Chordata	Haliaeetus
A0A7K7P778	cluster_2	~-F-W-E-N-S-P-A-F-L--	S	P	DCT-like	Animals	Chordata	Acrocephalus
A0A7K7PL37	cluster_2	~-F-W-E-N-L-T-S-F-L--	L	T	DHICA-like	Animals	Chordata	Acrocephalus
A0A7K7Q815	cluster_2	~-F-W-E-N-S-P-A-F-L--	S	P	DCT-like	Animals	Chordata	Poecile
A0A7K7QK55	cluster_2	~-F-W-E-N-L-T-S-F-L--	L	T	DHICA-like	Animals	Chordata	Poecile
A0A7K7RDM5	cluster_2	~-F-W-E-N-L-T-S-F-L--	L	T	DHICA-like	Animals	Chordata	Nesospiza
A0A7K7T9B0	cluster_2	~-F-W-E-N-L-T-S-F-L--	L	T	DHICA-like	Animals	Chordata	Sapayoa
A0A7K7TC10	cluster_2	~-F-W-E-N-S-P-A-F-L--	S	P	DCT-like	Animals	Chordata	Sapayoa
A0A7K7TNX5	cluster_2	~-F-W-E-N-L-T-S-F-L--	L	T	DHICA-like	Animals	Chordata	Ibidorhyncha
A0A7K7TRE0	cluster_2	~-F-W-E-N-S-P-A-F-L--	S	P	DCT-like	Animals	Chordata	Ibidorhyncha
A0A7K7VBF6	cluster_2	~-F-W-E-N-L-T-S-F-L--	L	T	DHICA-like	Animals	Chordata	Eudromia
A0A7K7VEK3	cluster_2	~-F-W-E-N-S-P-A-F-L--	S	P	DCT-like	Animals	Chordata	Eudromia
A0A7K7VZU2	cluster_2	~-F-W-E-N-S-P-A-F-L--	S	P	DCT-like	Animals	Chordata	Nothocercus
A0A7K7W3L7	cluster_2	~-F-W-E-N-L-T-S-F-L--	L	T	DHICA-like	Animals	Chordata	Nothocercus
A0A7K7XEP7	cluster_2	~-F-W-E-N-L-T-S-F-L--	L	T	DHICA-like	Animals	Chordata	Mohoua
A0A7K7XKX7	cluster_2	~-F-W-E-N-S-P-A-F-L--	S	P	DCT-like	Animals	Chordata	Mohoua
A0A7K7YNR5	cluster_2	~-F-W-E-N-L-T-S-F-L--	L	T	DHICA-like	Animals	Chordata	Thryothorus
A0A7K7YW99	cluster_2	~-F-W-E-N-S-P-A-F-L--	S	P	DCT-like	Animals	Chordata	Thryothorus
A0A7K7ZCJ3	cluster_2	~-F-W-E-N-S-P-A-F-L--	S	P	DCT-like	Animals	Chordata	Melanocharis
A0A7K7ZJT5	cluster_2	~-F-W-E-N-L-T-S-F-L--	L	T	DHICA-like	Animals	Chordata	Melanocharis
A0A7K8APG4	cluster_2	~-F-W-E-N-L-T-S-F-L--	L	T	DHICA-like	Animals	Chordata	Cnemophilus
A0A7K8AXY9	cluster_2	~-F-W-E-N-S-P-A-F-L--	S	P	DCT-like	Animals	Chordata	Cnemophilus
A0A7K8BN17	cluster_2	~-F-W-E-N-S-P-A-F-L--	S	P	DCT-like	Animals	Chordata	Rhagologus
A0A7K8C890	cluster_2	~-F-W-E-N-L-T-S-F-L--	L	T	DHICA-like	Animals	Chordata	Rhagologus
A0A7K8DHJ7	cluster_2	~-F-W-E-N-S-P-A-F-L--	S	P	DCT-like	Animals	Chordata	Eulacestoma
A0A7K8DLW2	cluster_2	~-F-W-E-N-L-T-S-F-L--	L	T	DHICA-like	Animals	Chordata	Eulacestoma
A0A7K8ET63	cluster_2	~-F-W-E-N-L-T-S-F-L--	L	T	DHICA-like	Animals	Chordata	Leucopsar
A0A7K8EUB4	cluster_2	~-F-W-E-N-S-P-A-F-L--	S	P	DCT-like	Animals	Chordata	Leucopsar
A0A7K8EVI0	cluster_2	~-F-W-E-N-L-T-S-F-L--	L	T	DHICA-like	Animals	Chordata	Struthidea
A0A7K8F2Q8	cluster_2	~-F-W-E-N-S-P-A-F-L--	S	P	DCT-like	Animals	Chordata	Struthidea
A0A7K8G597	cluster_2	~-F-W-E-N-S-P-A-F-L--	S	P	DCT-like	Animals	Chordata	Orthonyx
A0A7K8GX76	cluster_2	~-F-W-E-N-L-T-S-F-L--	L	T	DHICA-like	Animals	Chordata	Orthonyx
A0A7K8HL61	cluster_2	~-F-W-E-N-S-P-A-F-L--	S	P	DCT-like	Animals	Chordata	Aleadryas
A0A7K8I842	cluster_2	~-F-W-E-N-L-T-S-F-L--	L	T	DHICA-like	Animals	Chordata	Aleadryas
A0A7K8IBU2	cluster_2	~-F-W-E-N-L-T-S-F-L--	L	T	DHICA-like	Animals	Chordata	Chaetorhynchus
A0A7K8ICN7	cluster_2	~-F-W-E-N-S-P-A-F-L--	S	P	DCT-like	Animals	Chordata	Chaetorhynchus
A0A7K8JYJ3	cluster_2	~-F-W-E-N-S-P-A-F-L--	S	P	DCT-like	Animals	Chordata	Lophotis
A0A7K8K578	cluster_2	~-F-W-E-N-L-T-S-F-L--	L	T	DHICA-like	Animals	Chordata	Lophotis
A0A7K8KZA8	cluster_2	~-F-W-E-N-S-P-A-F-L--	S	P	DCT-like	Animals	Chordata	Ardeotis
A0A7K8LBD2	cluster_2	~-F-W-E-N-L-T-S-F-L--	L	T	DHICA-like	Animals	Chordata	Ardeotis
A0A7K8LYL8	cluster_2	~-F-W-E-N-S-P-A-F-L--	S	P	DCT-like	Animals	Chordata	Ptilorrhoa
A0A7K8M561	cluster_2	~-F-W-E-N-L-T-S-F-L--	L	T	DHICA-like	Animals	Chordata	Ptilorrhoa
A0A7K8NBA7	cluster_2	~-F-W-E-N-A-P-A-F-L--	A	P	other	Animals	Chordata	Casuarius
A0A7K8NG81	cluster_2	~-F-W-E-N-L-T-S-F-L--	L	T	DHICA-like	Animals	Chordata	Casuarius
A0A7K8PGQ7	cluster_2	~-F-W-E-N-L-T-S-F-L--	L	T	DHICA-like	Animals	Chordata	Cochlearius
A0A7K8PGU2	cluster_2	~-F-W-E-N-S-P-A-F-L--	S	P	DCT-like	Animals	Chordata	Cochlearius
A0A7K8QS69	cluster_2	~-F-W-E-N-S-P-A-F-L--	S	P	DCT-like	Animals	Chordata	Smithornis
A0A7K8RX68	cluster_2	~-F-W-E-N-S-P-A-F-L--	S	P	DCT-like	Animals	Chordata	Rhodinocichla
A0A7K8TDF9	cluster_2	~-F-W-E-N-L-T-S-F-L--	L	T	DHICA-like	Animals	Chordata	Nyctibius
A0A7K8U8M0	cluster_2	~-F-W-E-N-S-P-A-F-L--	S	P	DCT-like	Animals	Chordata	Oceanites
A0A7K8UA59	cluster_2	~-F-W-E-N-L-T-S-F-L--	L	T	DHICA-like	Animals	Chordata	Oceanites
A0A7K8URN5	cluster_2	~-F-W-E-N-S-P-A-F-L--	S	P	DCT-like	Animals	Chordata	Ciccaba
A0A7K8V446	cluster_2	~-F-W-E-N-L-T-S-F-L--	L	T	DHICA-like	Animals	Chordata	Ciccaba
A0A7K8VYV9	cluster_2	~-F-W-E-N-S-P-A-F-L--	S	P	DCT-like	Animals	Chordata	Sclerurus
A0A7K8WCE2	cluster_2	~-F-W-E-N-L-T-S-F-L--	L	T	DHICA-like	Animals	Chordata	Sclerurus
A0A7K8XM26	cluster_2	~-F-W-E-N-L-T-S-F-L--	L	T	DHICA-like	Animals	Chordata	Eubucco
A0A7K8Y361	cluster_2	~-F-W-E-N-S-S-A-F-L--	S	S	other	Animals	Chordata	Eubucco
A0A7K8YCK8	cluster_2	~-F-W-E-N-L-T-S-F-L--	L	T	DHICA-like	Animals	Chordata	Sakesphorus
A0A7K8Z7X4	cluster_2	~-F-W-E-N-S-P-A-F-L--	S	P	DCT-like	Animals	Chordata	Sakesphorus
A0A7K8ZDK7	cluster_2	~-F-W-E-N-L-T-S-F-L--	L	T	DHICA-like	Animals	Chordata	Grallaria
A0A7K8ZQQ3	cluster_2	~-F-W-E-N-S-P-A-F-L--	S	P	DCT-like	Animals	Chordata	Grallaria
A0A7K9AQT6	cluster_2	~-F-W-E-N-A-P-A-F-L--	A	P	other	Animals	Chordata	Dromaius
A0A7K9BFT1	cluster_2	~-F-W-E-N-L-T-S-F-L--	L	T	DHICA-like	Animals	Chordata	Dromaius
A0A7K9CBN6	cluster_2	~-F-W-E-N-L-T-S-F-L--	L	T	DHICA-like	Animals	Chordata	Psilopogon
A0A7K9CGN6	cluster_2	~-F-W-E-N-S-P-A-F-L--	S	P	DCT-like	Animals	Chordata	Psilopogon
A0A7K9DDD6	cluster_2	~-F-W-E-N-L-T-S-F-L--	L	T	DHICA-like	Animals	Chordata	Hemiprocne
A0A7K9DGA3	cluster_2	~-F-W-E-N-S-P-A-F-L--	S	P	DCT-like	Animals	Chordata	Hemiprocne
A0A7K9E428	cluster_2	V-F-W-E-N-S-P-A-F-L--	S	P	DCT-like	Animals	Chordata	Baryphthengus
A0A7K9E455	cluster_2	~-F-W-E-N-L-T-S-F-L--	L	T	DHICA-like	Animals	Chordata	Baryphthengus
A0A7K9FAI8	cluster_2	~-F-W-E-N-L-T-S-F-L--	L	T	DHICA-like	Animals	Chordata	Stercorarius
A0A7K9FEN0	cluster_2	~-F-W-E-N-S-P-A-F-L--	S	P	DCT-like	Animals	Chordata	Stercorarius
A0A7K9GNX4	cluster_2	~-F-W-E-N-S-P-A-F-L--	S	P	DCT-like	Animals	Chordata	Loxia
A0A7K9H3X5	cluster_2	~-F-W-E-N-L-T-S-F-L--	L	T	DHICA-like	Animals	Chordata	Loxia
A0A7K9HBM5	cluster_2	~-F-W-E-N-S-P-A-F-L--	S	P	DCT-like	Animals	Chordata	Bucco
A0A7K9HMM0	cluster_2	~-F-W-E-N-L-T-S-F-L--	L	T	DHICA-like	Animals	Chordata	Bucco
A0A7K9J1H8	cluster_2	~-F-W-E-N-S-P-A-F-L--	S	P	DCT-like	Animals	Chordata	Myiagra
A0A7K9J5M2	cluster_2	~-F-W-E-N-L-T-S-F-L--	L	T	DHICA-like	Animals	Chordata	Myiagra
A0A7K9K590	cluster_2	~-F-W-E-N-L-T-S-F-L--	L	T	DHICA-like	Animals	Chordata	Dicaeum
A0A7K9KF69	cluster_2	~-F-W-E-N-S-P-A-F-L--	S	P	DCT-like	Animals	Chordata	Dicaeum
A0A7K9KWE0	cluster_2	~-F-W-E-N-S-P-A-F-L--	S	P	DCT-like	Animals	Chordata	Rhabdornis
A0A7K9LIB2	cluster_2	~-F-W-E-N-L-T-S-F-L--	L	T	DHICA-like	Animals	Chordata	Rhabdornis
A0A7K9M7L3	cluster_2	~-F-W-E-N-S-P-A-F-L--	S	P	DCT-like	Animals	Chordata	Oceanodroma
A0A7K9M7R1	cluster_2	~-F-W-E-N-L-T-S-F-L--	L	T	DHICA-like	Animals	Chordata	Oceanodroma
A0A7K9MZB2	cluster_2	~-F-W-E-N-S-P-A-F-L--	S	P	DCT-like	Animals	Chordata	Edolisoma
A0A7K9N7B9	cluster_2	~-F-W-E-N-L-T-S-F-L--	L	T	DHICA-like	Animals	Chordata	Edolisoma
A0A7K9PX33	cluster_2	~-F-W-E-N-S-P-A-F-L--	S	P	DCT-like	Animals	Chordata	Pachycephala
A0A7K9QLW6	cluster_2	~-F-W-E-N-L-T-S-F-L--	L	T	DHICA-like	Animals	Chordata	Irena
A0A7K9QU57	cluster_2	~-F-W-E-N-S-P-A-F-L--	S	P	DCT-like	Animals	Chordata	Irena
A0A7K9RKF2	cluster_2	~-F-W-E-N-L-T-S-F-L--	L	T	DHICA-like	Animals	Chordata	Sterrhoptilus
A0A7K9RZ42	cluster_2	~-F-W-E-N-S-P-A-F-L--	S	P	DCT-like	Animals	Chordata	Sterrhoptilus
A0A7K9SMQ3	cluster_2	~-F-W-E-N-L-T-S-F-L--	L	T	DHICA-like	Animals	Chordata	Galbula
A0A7K9T7R5	cluster_2	~-F-W-E-N-S-P-A-F-L--	S	P	DCT-like	Animals	Chordata	Galbula
A0A7K9TYV8	cluster_2	~-F-W-E-N-S-P-A-F-L--	S	P	DCT-like	Animals	Chordata	Chloroceryle
A0A7K9U6U8	cluster_2	~-F-W-E-N-L-T-S-F-L--	L	T	DHICA-like	Animals	Chordata	Chloroceryle
A0A7K9UPL5	cluster_2	~-F-W-E-N-L-T-S-F-L--	L	T	DHICA-like	Animals	Chordata	Anseranas
A0A7K9VIE7	cluster_2	~-F-W-E-N-S-P-A-F-L--	S	P	DCT-like	Animals	Chordata	Anseranas
A0A7K9W591	cluster_2	~-F-W-E-N-S-P-A-F-L--	S	P	DCT-like	Animals	Chordata	Rhipidura
A0A7K9WIS0	cluster_2	~-F-W-E-N-L-T-S-F-L--	L	T	DHICA-like	Animals	Chordata	Rhipidura
A0A7K9XKA6	cluster_2	~-F-W-E-N-S-P-A-F-L--	S	P	DCT-like	Animals	Chordata	Psophia
A0A7K9XPQ6	cluster_2	~-F-W-E-N-L-T-S-F-L--	L	T	DHICA-like	Animals	Chordata	Psophia
A0A7K9YM37	cluster_2	~-F-W-E-N-L-T-S-F-L--	L	T	DHICA-like	Animals	Chordata	Odontophorus
A0A7K9YUW9	cluster_2	~-F-W-E-N-S-P-A-F-L--	S	P	DCT-like	Animals	Chordata	Odontophorus
A0A7K9ZED2	cluster_2	~-F-W-E-N-L-T-S-F-L--	L	T	DHICA-like	Animals	Chordata	Dicrurus
A0A7K9ZLF6	cluster_2	~-F-W-E-N-S-P-A-F-L--	S	P	DCT-like	Animals	Chordata	Dicrurus
A0A7L0B1Z3	cluster_2	~-F-W-E-N-L-T-S-F-L--	L	T	DHICA-like	Animals	Chordata	Ciconia
A0A7L0B2T3	cluster_2	~-F-W-E-N-S-P-A-F-L--	S	P	DCT-like	Animals	Chordata	Ciconia
A0A7L0BZ96	cluster_2	~-F-W-E-N-L-T-S-F-L--	L	T	DHICA-like	Animals	Chordata	Spizaetus
A0A7L0C8Z6	cluster_2	~-F-W-E-N-S-P-A-F-L--	S	P	DCT-like	Animals	Chordata	Spizaetus
A0A7L0CXM6	cluster_2	~-F-W-E-N-L-T-S-F-L--	L	T	DHICA-like	Animals	Chordata	Rostratula
A0A7L0D5Y2	cluster_2	~-F-W-E-N-S-P-A-F-L--	S	P	DCT-like	Animals	Chordata	Rostratula
A0A7L0E2B5	cluster_2	~-F-W-E-N-S-P-A-F-L--	S	P	DCT-like	Animals	Chordata	Trogon
A0A7L0ESF5	cluster_2	~-F-W-E-N-L-T-S-F-L--	L	T	DHICA-like	Animals	Chordata	Trogon
A0A7L0FRN5	cluster_2	~-F-W-E-N-L-T-S-F-L--	L	T	DHICA-like	Animals	Chordata	Corythaixoides
A0A7L0FZW3	cluster_2	~-F-W-E-N-S-P-A-F-L--	S	P	DCT-like	Animals	Chordata	Corythaixoides
A0A7L0GRV2	cluster_2	~-F-W-E-N-S-P-A-F-L--	S	P	DCT-like	Animals	Chordata	Herpetotheres
A0A7L0H0Y2	cluster_2	~-F-W-E-N-L-T-S-F-L--	L	T	DHICA-like	Animals	Chordata	Herpetotheres
A0A7L0HK59	cluster_2	~-F-W-E-N-L-T-S-F-L--	L	T	DHICA-like	Animals	Chordata	Arenaria
A0A7L0HQE4	cluster_2	~-F-W-E-N-S-P-A-F-L--	S	P	DCT-like	Animals	Chordata	Arenaria
A0A7L0IP32	cluster_2	~-F-W-E-N-L-T-S-F-L--	L	T	DHICA-like	Animals	Chordata	Piprites
A0A7L0IV34	cluster_2	~-F-W-E-N-S-P-A-F-L--	S	P	DCT-like	Animals	Chordata	Piprites
A0A7L0JK12	cluster_2	~-F-W-E-N-S-P-A-F-L--	S	P	DCT-like	Animals	Chordata	Chauna
A0A7L0K639	cluster_2	~-F-W-E-N-L-T-S-F-L--	L	T	DHICA-like	Animals	Chordata	Chauna
A0A7L0KV55	cluster_2	~-F-W-E-N-S-P-A-F-L--	S	P	DCT-like	Animals	Chordata	Sylvietta
A0A7L0KWC2	cluster_2	~-F-W-E-N-L-T-S-F-L--	L	T	DHICA-like	Animals	Chordata	Sylvietta
A0A7L0LZK5	cluster_2	~-F-W-E-N-S-P-A-F-L--	S	P	DCT-like	Animals	Chordata	Amazona
A0A7L0MEN2	cluster_2	~-F-W-L-N-L-T-S-F-L--	L	T	DHICA-like	Animals	Chordata	Amazona
A0A7L0N556	cluster_2	~-F-W-E-N-L-T-S-F-L--	L	T	DHICA-like	Animals	Chordata	Formicarius
A0A7L0NFQ3	cluster_2	~-F-W-E-N-S-P-A-F-L--	S	P	DCT-like	Animals	Chordata	Formicarius
A0A7L0PCK2	cluster_2	~-F-W-E-N-S-P-A-F-L--	S	P	DCT-like	Animals	Chordata	Mesembrinibis
A0A7L0QIA3	cluster_2	~-F-W-E-N-L-T-S-F-L--	L	T	DHICA-like	Animals	Chordata	Setophaga
A0A7L0QN90	cluster_2	~-F-W-E-N-S-P-A-F-L--	S	P	DCT-like	Animals	Chordata	Setophaga
A0A7L0S180	cluster_2	~-F-W-E-N-L-T-S-F-L--	L	T	DHICA-like	Animals	Chordata	Glaucidium
A0A7L0S3P8	cluster_2	~-F-W-E-N-S-P-A-F-L--	S	P	DCT-like	Animals	Chordata	Glaucidium
A0A7L0TFU8	cluster_2	~-F-W-E-N-S-P-A-F-L--	S	P	DCT-like	Animals	Chordata	Podilymbus
A0A7L0TGK3	cluster_2	~-F-W-E-N-L-T-S-F-L--	L	T	DHICA-like	Animals	Chordata	Podilymbus
A0A7L0U6D7	cluster_2	~-F-W-E-N-S-P-A-F-L--	S	P	DCT-like	Animals	Chordata	Chordeiles
A0A7L0UKC5	cluster_2	~-F-W-E-N-L-T-S-F-L--	L	T	DHICA-like	Animals	Chordata	Chordeiles
A0A7L0VIF4	cluster_2	~-F-W-E-N-L-T-S-F-L--	L	T	DHICA-like	Animals	Chordata	Leptocoma
A0A7L0VU62	cluster_2	~-F-W-E-N-S-P-A-F-L--	S	P	DCT-like	Animals	Chordata	Leptocoma
A0A7L0W5J0	cluster_2	~-F-W-E-N-S-P-A-F-L--	S	P	DCT-like	Animals	Chordata	Alectura
A0A7L0WCC8	cluster_2	~-F-W-E-N-L-T-S-F-L--	L	T	DHICA-like	Animals	Chordata	Alectura
A0A7L0Y6V9	cluster_2	~-F-W-E-N-L-T-S-F-L--	L	T	DHICA-like	Animals	Chordata	Ploceus
A0A7L0ZCP6	cluster_2	~-F-W-E-N-S-P-A-F-L--	S	P	DCT-like	Animals	Chordata	Oxyruncus
A0A7L0ZR40	cluster_2	~-F-W-E-N-L-T-S-F-L--	L	T	DHICA-like	Animals	Chordata	Oxyruncus
A0A7L1ATW9	cluster_2	~-F-W-E-N-S-P-A-F-L--	S	P	DCT-like	Animals	Chordata	Gymnorhina
A0A7L1B467	cluster_2	~-F-W-E-N-L-T-S-F-L--	L	T	DHICA-like	Animals	Chordata	Gymnorhina
A0A7L1CDX9	cluster_2	~-F-W-E-N-S-P-A-F-L--	S	P	DCT-like	Animals	Chordata	Illadopsis
A0A7L1CEI4	cluster_2	~-F-W-E-N-L-T-S-F-L--	L	T	DHICA-like	Animals	Chordata	Illadopsis
A0A7L1CKW9	cluster_2	~-F-W-E-N-L-T-S-F-L--	L	T	DHICA-like	Animals	Chordata	Serilophus
A0A7L1D6I3	cluster_2	~-F-W-E-N-S-P-A-F-L--	S	P	DCT-like	Animals	Chordata	Serilophus
A0A7L1E050	cluster_2	~-F-W-E-N-S-P-A-F-L--	S	P	DCT-like	Animals	Chordata	Oenanthe
A0A7L1EPK8	cluster_2	~-F-W-E-N-L-T-S-F-L--	L	T	DHICA-like	Animals	Chordata	Oenanthe
A0A7L1F781	cluster_2	~-F-W-E-N-S-P-A-F-L--	S	P	DCT-like	Animals	Chordata	Sylvia
A0A7L1FRB9	cluster_2	~-F-W-E-N-L-T-S-F-L--	L	T	DHICA-like	Animals	Chordata	Sylvia
A0A7L1GWZ9	cluster_2	~-F-W-E-N-L-T-S-F-L--	L	T	DHICA-like	Animals	Chordata	Indicator
A0A7L1GYD3	cluster_2	~-F-W-E-N-S-P-A-F-L--	S	P	DCT-like	Animals	Chordata	Indicator
A0A7L1HN82	cluster_2	~-F-W-E-N-L-T-S-F-L--	L	T	DHICA-like	Animals	Chordata	Nycticryphes
A0A7L1HQV6	cluster_2	~-F-W-E-N-S-P-A-F-L--	S	P	DCT-like	Animals	Chordata	Nycticryphes
A0A7L1ID37	cluster_2	~-F-W-E-N-L-T-S-F-L--	L	T	DHICA-like	Animals	Chordata	Smutsornis
A0A7L1IVN4	cluster_2	~-F-W-E-N-S-P-A-F-L--	S	P	DCT-like	Animals	Chordata	Smutsornis
A0A7L1JU38	cluster_2	~-F-W-E-N-S-P-A-F-L--	S	P	DCT-like	Animals	Chordata	Rynchops
A0A7L1KE61	cluster_2	~-F-W-E-N-L-T-S-F-L--	L	T	DHICA-like	Animals	Chordata	Rynchops
A0A7L1KYW6	cluster_2	~-F-W-E-N-L-T-S-F-L--	L	T	DHICA-like	Animals	Chordata	Himantopus
A0A7L1LCC0	cluster_2	~-F-W-E-N-S-P-A-F-L--	S	P	DCT-like	Animals	Chordata	Himantopus
A0A7L1LPW5	cluster_2	~-F-W-E-N-S-P-A-F-L--	S	P	DCT-like	Animals	Chordata	Bombycilla
A0A7L1M379	cluster_2	~-F-W-E-N-L-T-S-F-L--	L	T	DHICA-like	Animals	Chordata	Bombycilla
A0A7L1N0R0	cluster_2	~-F-W-E-N-S-P-A-F-L--	S	P	DCT-like	Animals	Chordata	Rhinopomastus
A0A7L1NBF2	cluster_2	~-F-W-E-N-L-T-S-F-L--	L	T	DHICA-like	Animals	Chordata	Rhinopomastus
A0A7L1PG34	cluster_2	~-F-W-E-N-S-P-A-F-L--	S	P	DCT-like	Animals	Chordata	Oriolus
A0A7L1PMV3	cluster_2	~-F-W-E-N-L-T-S-F-L--	L	T	DHICA-like	Animals	Chordata	Oriolus
A0A7L1QMB0	cluster_2	~-F-W-E-N-S-P-A-F-L--	S	P	DCT-like	Animals	Chordata	Cisticola
A0A7L1QUL2	cluster_2	~-F-W-E-N-L-T-S-F-L--	L	T	DHICA-like	Animals	Chordata	Cisticola
A0A7L1S2L1	cluster_2	~-F-W-E-N-S-P-A-F-L--	S	P	DCT-like	Animals	Chordata	Helopsaltes
A0A7L1SA63	cluster_2	~-F-W-E-N-L-T-S-F-L--	L	T	DHICA-like	Animals	Chordata	Helopsaltes
A0A7L1STX6	cluster_2	~-F-W-E-N-S-P-A-F-L--	S	P	DCT-like	Animals	Chordata	Aramus
A0A7L1T906	cluster_2	~-F-W-E-N-L-T-S-F-L--	L	T	DHICA-like	Animals	Chordata	Aramus
A0A7L1TZ87	cluster_2	~-F-W-E-N-L-T-S-F-L--	L	T	DHICA-like	Animals	Chordata	Phainopepla
A0A7L1TZI8	cluster_2	~-F-W-E-N-S-P-A-F-L--	S	P	DCT-like	Animals	Chordata	Phainopepla
A0A7L1VAL2	cluster_2	~-F-W-E-N-S-P-A-F-L--	S	P	DCT-like	Animals	Chordata	Sitta
A0A7L1VDM1	cluster_2	~-F-W-E-N-L-T-S-F-L--	L	T	DHICA-like	Animals	Chordata	Sitta
A0A7L1VWX7	cluster_2	~-F-W-E-N-S-P-A-F-L--	S	P	DCT-like	Animals	Chordata	Certhia
A0A7L1WQE6	cluster_2	~-F-W-E-N-L-T-S-F-L--	L	T	DHICA-like	Animals	Chordata	Certhia
A0A7L1X1M9	cluster_2	~-F-W-E-N-S-S-A-F-L--	S	S	other	Animals	Chordata	Thinocorus
A0A7L1XKT7	cluster_2	~-F-W-E-N-L-T-S-F-L--	L	T	DHICA-like	Animals	Chordata	Thinocorus
A0A7L1YMN5	cluster_2	~-F-W-E-N-L-T-S-F-L--	L	T	DHICA-like	Animals	Chordata	Scytalopus
A0A7L1Z5A0	cluster_2	~-F-W-E-N-S-P-A-F-L--	S	P	DCT-like	Animals	Chordata	Scytalopus
A0A7L1ZMW2	cluster_2	~-F-W-E-N-L-T-S-F-L--	L	T	DHICA-like	Animals	Chordata	Leiothrix
A0A7L1ZTF1	cluster_2	V-F-W-E-N-S-P-A-F-L--	S	P	DCT-like	Animals	Chordata	Leiothrix
A0A7L2ANV7	cluster_2	~-F-W-E-N-S-P-A-F-L--	S	P	DCT-like	Animals	Chordata	Heliornis
A0A7L2B5H9	cluster_2	~-F-W-E-N-L-T-S-F-L--	L	T	DHICA-like	Animals	Chordata	Heliornis
A0A7L2BP46	cluster_2	~-F-W-E-N-S-P-A-F-L--	S	P	DCT-like	Animals	Chordata	Alaudala
A0A7L2CCL0	cluster_2	~-F-W-E-N-L-T-S-F-L--	L	T	DHICA-like	Animals	Chordata	Alaudala
A0A7L2CNQ2	cluster_2	~-F-W-E-N-L-T-S-F-L--	L	T	DHICA-like	Animals	Chordata	Catharus
A0A7L2DF47	cluster_2	~-F-W-E-N-S-P-A-F-L--	S	P	DCT-like	Animals	Chordata	Catharus
A0A7L2EJF2	cluster_2	~-F-W-E-N-A-P-A-F-L--	A	P	other	Animals	Chordata	Anthoscopus
A0A7L2EM86	cluster_2	~-F-W-E-N-L-T-S-F-L--	L	T	DHICA-like	Animals	Chordata	Anthoscopus
A0A7L2EUG7	cluster_2	~-F-W-E-N-S-P-A-F-L--	S	P	DCT-like	Animals	Chordata	Quiscalus
A0A7L2FHT0	cluster_2	~-F-W-E-N-L-T-S-F-L--	L	T	DHICA-like	Animals	Chordata	Quiscalus
A0A7L2GAV7	cluster_2	~-F-W-E-N-S-P-A-F-L--	S	P	DCT-like	Animals	Chordata	Nyctibius
A0A7L2H0M8	cluster_2	~-F-W-E-N-L-T-S-F-L--	L	T	DHICA-like	Animals	Chordata	Nyctibius
A0A7L2HN11	cluster_2	~-F-W-E-N-L-T-S-F-L--	L	T	DHICA-like	Animals	Chordata	Sagittarius
A0A7L2I330	cluster_2	~-F-W-E-N-S-P-A-F-L--	S	P	DCT-like	Animals	Chordata	Sagittarius
A0A7L2IJB7	cluster_2	V-F-W-E-N-S-P-A-F-L--	S	P	DCT-like	Animals	Chordata	Semnornis
A0A7L2J091	cluster_2	~-F-W-E-N-S-P-A-F-L--	S	P	DCT-like	Animals	Chordata	Cinclus
A0A7L2KIV0	cluster_2	~-F-W-E-N-S-P-A-F-L--	S	P	DCT-like	Animals	Chordata	Zosterops
A0A7L2KYV0	cluster_2	~-F-W-E-N-L-T-S-F-L--	L	T	DHICA-like	Animals	Chordata	Zosterops
A0A7L2LH74	cluster_2	~-F-W-E-N-L-T-S-F-L--	L	T	DHICA-like	Animals	Chordata	Hippolais
A0A7L2M4M1	cluster_2	~-F-W-E-N-S-P-A-F-L--	S	P	DCT-like	Animals	Chordata	Hippolais
A0A7L2MBV5	cluster_2	~-F-W-E-N-S-P-A-F-L--	S	P	DCT-like	Animals	Chordata	Rhadina
A0A7L2ME30	cluster_2	~-F-W-E-N-L-T-S-F-L--	L	T	DHICA-like	Animals	Chordata	Rhadina
A0A7L2NPT8	cluster_2	~-F-W-E-N-L-T-S-F-L--	L	T	DHICA-like	Animals	Chordata	Pycnonotus
A0A7L2P458	cluster_2	~-F-W-E-N-S-P-A-F-L--	S	P	DCT-like	Animals	Chordata	Pycnonotus
A0A7L2PSY7	cluster_2	~-F-W-E-N-L-T-S-F-L--	L	T	DHICA-like	Animals	Chordata	Hypocryptadius
A0A7L2QB16	cluster_2	~-F-W-E-N-S-P-A-F-L--	S	P	DCT-like	Animals	Chordata	Hypocryptadius
A0A7L2RJ89	cluster_2	~-F-W-E-N-S-P-A-F-L--	S	P	DCT-like	Animals	Chordata	Neodrepanis
A0A7L2RRH8	cluster_2	~-F-W-E-N-L-T-S-F-L--	L	T	DHICA-like	Animals	Chordata	Neodrepanis
A0A7L2S605	cluster_2	~-F-W-E-N-L-T-S-F-L--	L	T	DHICA-like	Animals	Chordata	Mystacornis
A0A7L2SMW7	cluster_2	~-F-W-E-N-S-P-A-F-L--	S	P	DCT-like	Animals	Chordata	Mystacornis
A0A7L2TXS7	cluster_2	~-F-W-E-N-S-P-A-F-L--	S	P	DCT-like	Animals	Chordata	Pomatostomus
A0A7L2TZL4	cluster_2	~-F-W-E-N-L-T-S-F-L--	L	T	DHICA-like	Animals	Chordata	Pomatostomus
A0A7L2UES8	cluster_2	~-F-W-E-N-S-P-A-F-L--	S	P	DCT-like	Animals	Chordata	Balaeniceps
A0A7L2V9Q3	cluster_2	~-F-W-E-N-S-P-A-F-L--	S	P	DCT-like	Animals	Chordata	Brachypteracias
A0A7L2VME6	cluster_2	~-F-W-E-N-L-T-S-F-L--	L	T	DHICA-like	Animals	Chordata	Brachypteracias
A0A7L2W4K9	cluster_2	~-F-W-E-N-S-P-A-F-L--	S	P	DCT-like	Animals	Chordata	Pandion
A0A7L2XQ04	cluster_2	~-F-W-E-N-S-P-A-F-L--	S	P	DCT-like	Animals	Chordata	Erpornis
A0A7L2Y2B3	cluster_2	~-F-W-E-N-L-T-S-F-L--	L	T	DHICA-like	Animals	Chordata	Erpornis
A0A7L2YLU2	cluster_2	~-F-W-E-N-S-P-A-F-L--	S	P	DCT-like	Animals	Chordata	Jacana
A0A7L3A0T2	cluster_2	~-F-W-E-N-S-P-A-F-L--	S	P	DCT-like	Animals	Chordata	Prunella
A0A7L3BAG4	cluster_2	~-F-W-E-N-S-P-A-F-L--	S	P	DCT-like	Animals	Chordata	Syrrhaptes
A0A7L3BE99	cluster_2	~-F-W-E-N-L-T-S-F-L--	L	T	DHICA-like	Animals	Chordata	Syrrhaptes
A0A7L3BWI7	cluster_2	~-F-W-E-N-L-T-S-F-L--	L	T	DHICA-like	Animals	Chordata	Pelecanoides
A0A7L3CBN5	cluster_2	~-F-W-E-N-S-P-A-F-L--	S	P	DCT-like	Animals	Chordata	Pelecanoides
A0A7L3DA69	cluster_2	~-F-W-E-N-L-T-S-F-L--	L	T	DHICA-like	Animals	Chordata	Pluvianellus
A0A7L3DHE2	cluster_2	~-F-W-E-N-S-P-A-F-L--	S	P	DCT-like	Animals	Chordata	Pluvianellus
A0A7L3E7A6	cluster_2	~-F-W-E-N-S-P-A-F-L--	S	P	DCT-like	Animals	Chordata	Chaetops
A0A7L3FZB7	cluster_2	~-F-W-E-N-S-P-A-F-L--	S	P	DCT-like	Animals	Chordata	Zapornia
A0A7L3G376	cluster_2	V-F-W-E-N-S-P-A-F-L--	S	P	DCT-like	Animals	Chordata	Anhinga
A0A7L3H565	cluster_2	~-F-W-E-N-S-P-A-F-L--	S	P	DCT-like	Animals	Chordata	Buphagus
A0A7L3HGN1	cluster_2	~-F-W-E-N-L-T-S-F-L--	L	T	DHICA-like	Animals	Chordata	Buphagus
A0A7L3ICB1	cluster_2	~-F-W-E-N-L-T-S-F-L--	L	T	DHICA-like	Animals	Chordata	Pardalotus
A0A7L3IMJ1	cluster_2	~-F-W-E-N-S-P-A-F-L--	S	P	DCT-like	Animals	Chordata	Pardalotus
A0A7L3JB49	cluster_2	~-F-W-E-N-S-P-A-F-L--	S	P	DCT-like	Animals	Chordata	Thalassarche
A0A7L3JDC3	cluster_2	~-F-W-E-N-L-T-S-F-L--	L	T	DHICA-like	Animals	Chordata	Thalassarche
A0A7L3KC56	cluster_2	~-F-W-E-N-L-T-S-F-L--	L	T	DHICA-like	Animals	Chordata	Drymodes
A0A7L3KS66	cluster_2	~-F-W-E-N-S-P-A-F-L--	S	P	DCT-like	Animals	Chordata	Drymodes
A0A7L3LBG2	cluster_2	~-F-W-E-N-L-T-S-F-L--	L	T	DHICA-like	Animals	Chordata	Turnix
A0A7L3N7G5	cluster_2	~-F-W-E-N-L-T-S-F-L--	L	T	DHICA-like	Animals	Chordata	Oreotrochilus
A0A7L3NKI9	cluster_2	~-F-W-E-N-S-P-A-F-L--	S	P	DCT-like	Animals	Chordata	Oreotrochilus
A0A7L3P790	cluster_2	~-F-W-E-N-S-P-A-F-L--	S	P	DCT-like	Animals	Chordata	Xiphorhynchus
A0A7L3PYR3	cluster_2	~-F-W-E-N-L-T-S-F-L--	L	T	DHICA-like	Animals	Chordata	Xiphorhynchus
A0A7L3QSU1	cluster_2	~-F-W-E-N-S-P-A-F-L--	S	P	DCT-like	Animals	Chordata	Cettia
A0A7L3R603	cluster_2	~-F-W-E-N-L-T-S-F-L--	L	T	DHICA-like	Animals	Chordata	Cettia
A0A7L3RDQ2	cluster_2	~-F-W-E-N-L-T-S-F-L--	L	T	DHICA-like	Animals	Chordata	Cepphus
A0A7L3RH59	cluster_2	~-F-W-E-N-S-P-A-F-L--	S	P	DCT-like	Animals	Chordata	Cepphus
A0A7L3T1J1	cluster_2	~-F-W-E-N-L-T-S-F-L--	L	T	DHICA-like	Animals	Chordata	Rissa
A0A7L3TU19	cluster_2	~-F-W-E-N-S-P-A-F-L--	S	P	DCT-like	Animals	Chordata	Uria
A0A7L3UE00	cluster_2	~-F-W-E-N-L-T-S-F-L--	L	T	DHICA-like	Animals	Chordata	Uria
A0A7L3UUS7	cluster_2	~-F-W-E-N-L-T-S-F-L--	L	T	DHICA-like	Animals	Chordata	Molothrus
A0A7L3VGL6	cluster_2	~-F-W-E-N-S-P-A-F-L--	S	P	DCT-like	Animals	Chordata	Molothrus
A0A7L3W3X9	cluster_2	~-F-W-E-N-L-T-S-F-L--	L	T	DHICA-like	Animals	Chordata	Atlantisia
A0A7L3WYQ2	cluster_2	~-F-W-E-N-S-P-A-F-L--	S	P	DCT-like	Animals	Chordata	Atlantisia
A0A7L3XQE2	cluster_2	~-F-W-E-N-S-S-A-F-L--	S	S	other	Animals	Chordata	Calonectris
A0A7L3Y7R9	cluster_2	~-F-W-E-N-L-T-S-F-L--	L	T	DHICA-like	Animals	Chordata	Calonectris
A0A7L3Z0N5	cluster_2	~-F-W-E-N-S-P-A-F-L--	S	P	DCT-like	Animals	Chordata	Fregetta
A0A7L3ZX04	cluster_2	~-F-W-E-N-S-P-A-F-L--	S	P	DCT-like	Animals	Chordata	Circaetus
A0A7L4AAE6	cluster_2	~-F-W-E-N-L-T-S-F-L--	L	T	DHICA-like	Animals	Chordata	Circaetus
A0A7L4B2A4	cluster_2	~-F-W-E-N-S-P-A-F-L--	S	P	DCT-like	Animals	Chordata	Phaetusa
A0A7L4CAL0	cluster_2	~-F-W-E-N-S-P-A-F-L--	S	P	DCT-like	Animals	Chordata	Nyctiprogne
A0A7L4D2P2	cluster_2	~-F-W-E-N-S-P-A-F-L--	S	P	DCT-like	Animals	Chordata	Eurystomus
A0A7L4DSA9	cluster_2	~-F-W-E-N-L-T-S-F-L--	L	T	DHICA-like	Animals	Chordata	Eurystomus
A0A7L4E408	cluster_2	~-F-W-E-N-L-T-S-F-L--	L	T	DHICA-like	Animals	Chordata	Hirundo
A0A7L4EMH8	cluster_2	~-F-W-E-N-S-P-A-F-L--	S	P	DCT-like	Animals	Chordata	Hirundo
A0A7L4F899	cluster_2	~-F-W-E-N-S-P-A-F-L--	S	P	DCT-like	Animals	Chordata	Pampusana
A0A7L4FPS7	cluster_2	~-F-W-E-N-L-T-S-F-L--	L	T	DHICA-like	Animals	Chordata	Pampusana
A0A7L4GCF9	cluster_2	~-F-W-E-N-L-T-S-F-L--	L	T	DHICA-like	Animals	Chordata	Podargus
A0A7L4GIS6	cluster_2	~-F-W-E-N-F-P-A-F-L--	F	P	other	Animals	Chordata	Podargus
A0A7L4HXY3	cluster_2	~-F-W-E-N-L-T-S-F-L--	L	T	DHICA-like	Animals	Chordata	Scopus
A0A7L4I0J3	cluster_2	~-F-W-E-N-S-P-A-F-L--	S	P	DCT-like	Animals	Chordata	Scopus
A0A7L4IRI8	cluster_2	~-F-W-E-N-S-P-A-F-L--	S	P	DCT-like	Animals	Chordata	Pomatorhinus
A0A7L4ISY2	cluster_2	~-F-W-E-N-L-T-S-F-L--	L	T	DHICA-like	Animals	Chordata	Pomatorhinus
A0A7L4JNZ0	cluster_2	~-F-W-E-N-S-P-A-F-L--	S	P	DCT-like	Animals	Chordata	Ceuthmochares
A0A7L4JSS3	cluster_2	~-F-W-E-N-L-T-S-F-L--	L	T	DHICA-like	Animals	Chordata	Ceuthmochares
A0A7L4KSH1	cluster_2	~-F-W-E-N-L-T-S-F-L--	L	T	DHICA-like	Animals	Chordata	Callaeas
A0A7L4L8Z6	cluster_2	~-F-W-E-N-S-P-A-F-L--	S	P	DCT-like	Animals	Chordata	Callaeas
A0A7L4LYT9	cluster_2	~-F-W-E-N-S-P-A-F-L--	S	P	DCT-like	Animals	Chordata	Glareola
A0A7L4M1H8	cluster_2	~-F-W-E-N-L-T-S-F-L--	L	T	DHICA-like	Animals	Chordata	Glareola
A0A7M4FN31	cluster_2	~-F-W-E-N-S-P-A-F-L--	S	P	DCT-like	Animals	Chordata	Crocodylus
A0A7M4FNM3	cluster_2	~-F-W-E-N-S-P-A-F-L--	S	P	DCT-like	Animals	Chordata	Crocodylus
A0A7M4FSZ7	cluster_2	~-F-W-E-N-L-T-S-F-L--	L	T	DHICA-like	Animals	Chordata	Crocodylus
A0A7M6DQ32	cluster_23	~-L-F-R-A-D-Y-S-F-L--	D	Y	other	Animals	Cnidaria	Clytia
A0A7N6AJ73	cluster_2	V-F-W-E-N-L-T-S-F-L--	L	T	DHICA-like	Animals	Chordata	Anabas
A0A7N6BUK6	cluster_2	~-F-W-E-N-S-S-A-F-L--	S	S	other	Animals	Chordata	Anabas
A0A7N8Y1J5	cluster_2	~-F-W-E-N-S-S-A-F-L--	S	S	other	Animals	Chordata	Mastacembelus
A0A7R8Z532	cluster_142	H-F-M-E-N-V-F-A-F-L--	V	F	other	?	?	?
A0A7R9E5Y2	cluster_288	H-F-M-E-N-V-F-A-F-L--	V	F	other	?	?	?
A0A7S0SRE9	cluster_9	G-F-S-N-G-L-Q-S-F-L-C	L	Q	other	Oomycota	?	Chromulina
A0A7S2BKJ3	cluster_9	~-F-S-N-G-E-Q-S-F-L-C	E	Q	other	?	?	?
A0A7S2CGQ1	cluster_9	~-I-H-N-G-I-T-A-F-L-C	I	T	other	Oomycota	?	Octactis
A0A7S2GZS8	cluster_9	~-I-H-N-G-I-S-A-F-L-C	I	S	other	Oomycota	?	Octactis
A0A7S2ME85	cluster_9	~-I-H-N-G-I-T-A-F-L-C	I	T	other	?	?	?
A0A7S2MH92	cluster_9	~-I-H-N-G-L-T-A-F-L-C	L	T	DHICA-like	Oomycota	?	Octactis
A0A7S2SA39	cluster_9	~-M-H-L-G-M-T-A-F-L-C	M	T	other	Oomycota	?	Rhizochromulina
A0A7S2SIM0	cluster_9	~-I-H-N-G-I-T-A-F-L-C	I	T	other	Oomycota	?	Rhizochromulina
A0A7S2V1V1	cluster_9	~-N-H-L-G-Q-S-S-F-L-C	Q	S	other	Oomycota	?	Fibrocapsa
A0A7X0ULY4	cluster_14	D-F-W-Q-G-V-I-A-F-L--	V	I	other	Bacteria	Pseudomonadota	Ralstonia
A0A811YWD2	cluster_2	~-F-W-E-N-S-P-A-F-L--	S	P	DCT-like	Animals	Chordata	Nyctereutes
A0A811ZGG6	cluster_2	~-F-W-E-N-L-T-S-F-L--	L	T	DHICA-like	Animals	Chordata	Nyctereutes
A0A813FLF8	cluster_225	A-L-G-D-G-F-T-S-F-L--	F	T	other	?	?	Polarella
A0A813HFF9	cluster_226	A-L-G-D-G-F-T-S-F-L--	F	T	other	?	?	Polarella
A0A813JVL4	cluster_81	A-L-G-V-G-I-T-S-F-L--	I	T	other	?	?	Polarella
A0A813K9V7	cluster_81	A-L-G-D-G-F-T-S-F-L--	F	T	other	?	?	Polarella
A0A833R0A1	cluster_4	C-F-W-E-N-Q-F-A-F-L-C	Q	F	other	Plants	Streptophyta	Carex
A0A833RDF0	cluster_4	~-F-W-E-S-Q-F-T-F-L-C	Q	F	other	Plants	Streptophyta	Carex
A0A833RJ43	cluster_4	F-F-W-E-N-E-F-A-F-L-C	E	F	other	Plants	Streptophyta	Carex
A0A833YRW9	cluster_2	~-F-W-E-N-A-P-A-F-L--	A	P	other	Animals	Chordata	Phyllostomus
A0A834DL67	cluster_2	~-F-W-E-N-A-P-A-F-L--	A	P	other	Animals	Chordata	Phyllostomus
A0A834L0D5	cluster_2	~-F-W-E-N-A-S-A-F-L--	A	S	other	Animals	Chordata	Oryzias
A0A834L1H9	cluster_2	V-F-W-E-N-L-T-S-F-L--	L	T	DHICA-like	Animals	Chordata	Oryzias
A0A834QUI8	cluster_2	V-F-W-E-N-A-P-A-F-L--	A	P	other	Animals	Chordata	Marmota
A0A835NL15	cluster_2	~-F-W-E-N-L-T-S-F-L--	L	T	DHICA-like	Animals	Chordata	Lamprotornis
A0A835P059	cluster_2	~-F-W-E-N-S-P-A-F-L--	S	P	DCT-like	Animals	Chordata	Lamprotornis
A0A835Z854	cluster_9	~-F-A-E-A-G-G-S-F-L-C	G	G	other	Oomycota	?	Tribonema
A0A835Z8Z2	cluster_9	~-F-S-N-G-E-Q-S-F-L-C	E	Q	other	Oomycota	?	Tribonema
A0A836D2D6	cluster_2	~-F-W-E-N-S-P-A-F-L--	S	P	DCT-like	Animals	Chordata	Ovis
A0A836D6L9	cluster_2	~-F-W-E-N-L-T-S-F-L--	L	T	DHICA-like	Animals	Chordata	Ovis
A0A843XW89	cluster_4	~-F-W-E-N-S-F-A-F-L-C	S	F	other	Plants	Streptophyta	Colocasia
A0A844TCM9	cluster_14	~-F-W-E-G-T-P-A-F-L--	T	P	other	Bacteria	Pseudomonadota	Bradyrhizobium
A0A850U9V1	cluster_2	~-F-W-E-N-S-P-A-F-L--	S	P	DCT-like	Animals	Chordata	Grus
A0A850URF3	cluster_2	~-F-W-E-N-S-P-A-F-L--	S	P	DCT-like	Animals	Chordata	Chloropsis
A0A850UZL0	cluster_2	~-F-W-E-N-L-T-S-F-L--	L	T	DHICA-like	Animals	Chordata	Chloropsis
A0A850VNR0	cluster_2	~-F-W-E-N-S-P-A-F-L--	S	P	DCT-like	Animals	Chordata	Fregata
A0A850WN44	cluster_2	~-F-W-E-N-S-P-A-F-L--	S	P	DCT-like	Animals	Chordata	Piaya
A0A850XA38	cluster_2	~-F-W-E-N-L-T-S-F-L--	L	T	DHICA-like	Animals	Chordata	Piaya
A0A850XW74	cluster_2	~-F-W-E-N-S-P-A-F-L--	S	P	DCT-like	Animals	Chordata	Aegithalos
A0A850ZXX6	cluster_2	~-F-W-E-N-S-P-A-F-L--	S	P	DCT-like	Animals	Chordata	Sula
A0A851A1W8	cluster_2	~-F-W-E-N-S-P-A-F-L--	S	P	DCT-like	Animals	Chordata	Tichodroma
A0A851AYY8	cluster_2	~-F-W-E-N-S-P-A-F-L--	S	P	DCT-like	Animals	Chordata	Picathartes
A0A851BNH1	cluster_2	~-F-W-E-N-L-T-S-F-L--	L	T	DHICA-like	Animals	Chordata	Picathartes
A0A851C745	cluster_2	~-F-W-E-N-S-P-A-F-L--	S	P	DCT-like	Animals	Chordata	Calyptomena
A0A851CAD9	cluster_2	~-F-W-E-N-L-T-S-F-L--	L	T	DHICA-like	Animals	Chordata	Calyptomena
A0A851EFL9	cluster_2	~-F-W-E-N-S-P-A-F-L--	S	P	DCT-like	Animals	Chordata	Dryoscopus
A0A851FSJ5	cluster_2	~-F-W-E-N-S-P-A-F-L--	S	P	DCT-like	Animals	Chordata	Pitta
A0A851FU18	cluster_2	~-F-W-E-N-L-T-S-F-L--	L	T	DHICA-like	Animals	Chordata	Pitta
A0A851JNT3	cluster_2	~-F-W-E-N-L-T-S-F-L--	L	T	DHICA-like	Animals	Chordata	Donacobius
A0A851JP46	cluster_2	~-F-W-E-N-S-P-A-F-L--	S	P	DCT-like	Animals	Chordata	Donacobius
A0A851K0B5	cluster_2	~-F-W-E-N-L-T-S-F-L--	L	T	DHICA-like	Animals	Chordata	Vidua
A0A851KLW1	cluster_2	~-F-W-E-N-S-P-A-F-L--	S	P	DCT-like	Animals	Chordata	Vidua
A0A851LA25	cluster_2	~-F-W-E-N-S-P-A-F-L--	S	P	DCT-like	Animals	Chordata	Corythaeola
A0A851MVA7	cluster_2	~-F-W-E-N-S-P-A-F-L--	S	P	DCT-like	Animals	Chordata	Campylorhamphus
A0A851N1G7	cluster_2	~-F-W-E-N-L-T-S-F-L--	L	T	DHICA-like	Animals	Chordata	Campylorhamphus
A0A851NEG7	cluster_2	~-F-W-E-N-L-T-S-F-L--	L	T	DHICA-like	Animals	Chordata	Penelope
A0A851NG39	cluster_2	~-F-W-E-N-S-P-A-F-L--	S	P	DCT-like	Animals	Chordata	Penelope
A0A851PJ70	cluster_2	~-F-W-E-N-S-P-A-F-L--	S	P	DCT-like	Animals	Chordata	Anhinga
A0A851PRT1	cluster_2	~-F-W-E-N-L-T-S-F-L--	L	T	DHICA-like	Animals	Chordata	Anhinga
A0A851QQ94	cluster_2	~-F-W-E-N-S-P-A-F-L--	S	P	DCT-like	Animals	Chordata	Tychaedon
A0A851QWR6	cluster_2	~-F-W-E-N-L-T-S-F-L--	L	T	DHICA-like	Animals	Chordata	Tychaedon
A0A851SED0	cluster_2	~-F-W-E-N-S-P-A-F-L--	S	P	DCT-like	Animals	Chordata	Certhia
A0A851SLU3	cluster_2	~-F-W-E-N-L-T-S-F-L--	L	T	DHICA-like	Animals	Chordata	Certhia
A0A851T2B4	cluster_2	~-F-W-E-N-S-P-A-F-L--	S	P	DCT-like	Animals	Chordata	Nothocercus
A0A851TDE9	cluster_2	~-F-W-E-N-L-T-S-F-L--	L	T	DHICA-like	Animals	Chordata	Nothocercus
A0A851U4T4	cluster_2	~-F-W-E-N-S-P-A-F-L--	S	P	DCT-like	Animals	Chordata	Elachura
A0A851UB52	cluster_2	~-F-W-E-N-L-T-S-F-L--	L	T	DHICA-like	Animals	Chordata	Elachura
A0A851V4J6	cluster_2	~-F-W-E-N-S-P-A-F-L--	S	P	DCT-like	Animals	Chordata	Copsychus
A0A851W0T0	cluster_2	~-F-W-E-N-L-T-S-F-L--	L	T	DHICA-like	Animals	Chordata	Copsychus
A0A851WQY0	cluster_2	~-F-W-E-N-S-P-A-F-L--	S	P	DCT-like	Animals	Chordata	Corvus
A0A851X925	cluster_2	~-F-W-E-N-L-T-S-F-L--	L	T	DHICA-like	Animals	Chordata	Corvus
A0A851XRN3	cluster_2	~-F-W-E-N-S-P-A-F-L--	S	P	DCT-like	Animals	Chordata	Eolophus
A0A851YF41	cluster_2	~-F-W-E-N-L-T-S-F-L--	L	T	DHICA-like	Animals	Chordata	Eolophus
A0A851YNW3	cluster_2	~-F-W-E-N-L-T-S-F-L--	L	T	DHICA-like	Animals	Chordata	Halcyon
A0A851Z4W1	cluster_2	~-F-W-E-N-S-P-A-F-L--	S	P	DCT-like	Animals	Chordata	Halcyon
A0A851ZAA4	cluster_2	~-F-W-E-N-S-P-A-F-L--	S	P	DCT-like	Animals	Chordata	Calcarius
A0A851ZQI7	cluster_2	~-F-W-E-N-L-T-S-F-L--	L	T	DHICA-like	Animals	Chordata	Calcarius
A0A852BDX7	cluster_2	~-F-W-E-N-S-P-A-F-L--	S	P	DCT-like	Animals	Chordata	Chloropsis
A0A852BXS0	cluster_2	V-F-W-E-N-L-T-S-F-L--	L	T	DHICA-like	Animals	Chordata	Ramphastos
A0A852CDH1	cluster_2	V-F-W-E-N-S-P-A-F-L--	S	P	DCT-like	Animals	Chordata	Ramphastos
A0A852D1Y5	cluster_2	~-F-W-E-N-L-T-S-F-L--	L	T	DHICA-like	Animals	Chordata	Passerina
A0A852D2Q7	cluster_2	~-F-W-E-N-S-P-A-F-L--	S	P	DCT-like	Animals	Chordata	Passerina
A0A852E8Q3	cluster_2	~-F-W-E-N-S-P-A-F-L--	S	P	DCT-like	Animals	Chordata	Vidua
A0A852FZP9	cluster_2	V-F-W-E-N-S-P-A-F-L--	S	P	DCT-like	Animals	Chordata	Peucedramus
A0A852G5C0	cluster_2	V-F-W-E-N-S-P-A-F-L--	S	P	DCT-like	Animals	Chordata	Larus
A0A852H1R1	cluster_2	~-F-W-E-N-L-T-S-F-L--	L	T	DHICA-like	Animals	Chordata	Nicator
A0A852HKE8	cluster_2	~-F-W-E-N-S-P-A-F-L--	S	P	DCT-like	Animals	Chordata	Nicator
A0A852IK05	cluster_2	~-F-W-E-N-S-P-A-F-L--	S	P	DCT-like	Animals	Chordata	Tricholaema
A0A852ILT9	cluster_2	~-F-W-E-N-L-T-S-F-L--	L	T	DHICA-like	Animals	Chordata	Tricholaema
A0A852KGZ2	cluster_2	~-F-W-E-N-S-P-A-F-L--	S	P	DCT-like	Animals	Chordata	Urocolius
A0A852LCH6	cluster_2	~-F-W-E-N-L-T-S-F-L--	L	T	DHICA-like	Animals	Chordata	Urocolius
A0A852LKN8	cluster_2	~-F-W-E-N-S-P-A-F-L--	S	P	DCT-like	Animals	Chordata	Centropus
A0A852M587	cluster_2	~-F-W-E-N-L-T-S-F-L--	L	T	DHICA-like	Animals	Chordata	Centropus
A0A852MU00	cluster_2	~-F-W-E-N-L-T-S-F-L--	L	T	DHICA-like	Animals	Chordata	Pteruthius
A0A852NQD3	cluster_2	~-F-W-E-N-S-P-A-F-L--	S	P	DCT-like	Animals	Chordata	Atrichornis
A0A852PRA1	cluster_2	~-F-W-E-N-L-T-S-F-L--	L	T	DHICA-like	Animals	Chordata	Atrichornis
A0A856MD39	cluster_1	M-F-W-E-N-A-T-S-F-L--	A	T	other	Bacteria	Cyanobacteriota	Brasilonema
A0A8B6CJB5	cluster_8	~-F-W-E-G-S-L-A-F-L--	S	L	other	Animals	Mollusca	Mytilus
A0A8B6E6R0	cluster_1	~-F-W-E-N-A-L-S-F-L--	A	L	other	Animals	Mollusca	Mytilus
A0A8B6E725	cluster_1	~-F-W-E-N-A-L-S-F-L--	A	L	other	Animals	Mollusca	Mytilus
A0A8B6G0L3	cluster_1	~-F-W-E-D-V-T-A-F-L--	V	T	other	Animals	Mollusca	Mytilus
A0A8B6G0N6	cluster_1	~-F-W-E-D-V-T-A-F-L--	V	T	other	Animals	Mollusca	Mytilus
A0A8B6GWX5	cluster_1	N-F-W-E-N-V-I-A-F-L--	V	I	other	Animals	Mollusca	Mytilus
A0A8B7A0F0	cluster_2	~-F-W-E-N-L-T-S-F-L--	L	T	DHICA-like	Animals	Chordata	Orycteropus
A0A8B7A2L9	cluster_2	~-F-W-E-N-S-P-A-F-L--	S	P	DCT-like	Animals	Chordata	Orycteropus
A0A8B7CKL8	cluster_4	~-F-W-E-N-M-F-A-F-L-C	M	F	other	Plants	Streptophyta	Phoenix
A0A8B7CZR0	cluster_4	~-F-W-E-N-M-F-A-F-L-C	M	F	other	Plants	Streptophyta	Phoenix
A0A8B7J6Q9	cluster_2	~-F-W-E-N-S-P-A-F-L--	S	P	DCT-like	Animals	Chordata	Apteryx
A0A8B7KFP5	cluster_2	~-F-W-E-N-L-T-S-F-L--	L	T	DHICA-like	Animals	Chordata	Camelus
A0A8B7T894	cluster_2	~-F-W-E-N-S-P-A-F-L--	S	P	DCT-like	Animals	Chordata	Hipposideros
A0A8B7WBR4	cluster_2	~-F-W-E-N-L-T-S-F-L--	L	T	DHICA-like	Animals	Chordata	Castor
A0A8B7WJ59	cluster_2	~-F-W-E-N-A-P-A-F-L--	A	P	other	Animals	Chordata	Castor
A0A8B7WJ95	cluster_2	~-F-W-E-N-A-P-A-F-L--	A	P	other	Animals	Chordata	Castor
A0A8B8DPQ6	cluster_8	A-F-R-E-N-N-L-S-F-L--	N	L	other	Animals	Mollusca	Crassostrea
A0A8B8DSI3	cluster_8	A-F-R-E-N-N-L-S-F-L--	N	L	other	Animals	Mollusca	Crassostrea
A0A8B8E4R7	cluster_8	A-F-R-E-N-N-L-S-F-L--	N	L	other	Animals	Mollusca	Crassostrea
A0A8B8E6Y4	cluster_8	Q-F-R-E-N-N-L-S-F-L--	N	L	other	Animals	Mollusca	Crassostrea
A0A8B8EDC2	cluster_8	~-F-W-E-G-N-L-S-F-L--	N	L	other	Animals	Mollusca	Crassostrea
A0A8B8EST9	cluster_1	S-F-W-E-N-V-I-G-F-L--	V	I	other	Animals	Mollusca	Crassostrea
A0A8B8UDL3	cluster_2	~-F-W-E-N-S-P-A-F-L--	S	P	DCT-like	Animals	Chordata	Camelus
A0A8B8UEC6	cluster_2	V-F-W-E-N-S-P-A-F-L--	S	P	DCT-like	Animals	Chordata	Camelus
A0A8B8UED1	cluster_2	V-F-W-E-N-S-P-A-F-L--	S	P	DCT-like	Animals	Chordata	Camelus
A0A8B8UEY8	cluster_2	V-F-W-E-N-S-P-A-F-L--	S	P	DCT-like	Animals	Chordata	Camelus
A0A8B9CDV8	cluster_2	~-F-W-E-N-L-T-S-F-L--	L	T	DHICA-like	Animals	Chordata	Anser
A0A8B9CFW7	cluster_2	~-F-W-E-N-S-P-A-F-L--	S	P	DCT-like	Animals	Chordata	Anser
A0A8B9DSJ3	cluster_2	~-F-W-E-N-L-T-S-F-L--	L	T	DHICA-like	Animals	Chordata	Anser
A0A8B9EQ30	cluster_2	~-F-W-E-N-S-P-A-F-L--	S	P	DCT-like	Animals	Chordata	Anser
A0A8B9ESN7	cluster_2	~-F-W-E-N-S-P-A-F-L--	S	P	DCT-like	Animals	Chordata	Anser
A0A8B9FWN7	cluster_2	~-F-W-E-N-S-P-A-F-L--	S	P	DCT-like	Animals	Chordata	Amazona
A0A8B9J370	cluster_2	~-F-W-E-N-L-T-S-F-L--	L	T	DHICA-like	Animals	Chordata	Amazona
A0A8B9JXV6	cluster_2	V-F-W-E-N-L-T-S-F-L--	L	T	DHICA-like	Animals	Chordata	Astyanax
A0A8B9L486	cluster_2	V-F-W-E-N-L-T-S-F-L--	L	T	DHICA-like	Animals	Chordata	Astyanax
A0A8B9MA15	cluster_2	~-F-W-E-N-S-P-A-F-L--	S	P	DCT-like	Animals	Chordata	Accipiter
A0A8B9N5R8	cluster_2	V-F-W-E-N-L-T-S-F-L--	L	T	DHICA-like	Animals	Chordata	Accipiter
A0A8B9NR04	cluster_2	~-F-W-E-N-L-T-S-F-L--	L	T	DHICA-like	Animals	Chordata	Apteryx
A0A8B9PDW4	cluster_2	~-F-W-E-N-S-P-A-F-L--	S	P	DCT-like	Animals	Chordata	Apteryx
A0A8B9T8B6	cluster_2	~-F-W-E-N-S-P-A-F-L--	S	P	DCT-like	Animals	Chordata	Anas
A0A8B9UA65	cluster_2	~-F-W-E-N-S-P-A-F-L--	S	P	DCT-like	Animals	Chordata	Anas
A0A8B9UDU2	cluster_2	~-F-W-E-N-L-T-S-F-L--	L	T	DHICA-like	Animals	Chordata	Anas
A0A8B9WVY7	cluster_2	~-F-W-E-N-L-T-S-F-L--	L	T	DHICA-like	Animals	Chordata	Bos
A0A8B9ZF10	cluster_2	~-F-W-E-N-L-T-S-F-L--	L	T	DHICA-like	Animals	Chordata	Anas
A0A8C0A7J4	cluster_2	~-F-W-E-N-L-T-S-F-L--	L	T	DHICA-like	Animals	Chordata	Bos
A0A8C0DW50	cluster_2	~-F-W-E-N-S-P-A-F-L--	S	P	DCT-like	Animals	Chordata	Balaenoptera
A0A8C0ELA3	cluster_2	~-F-W-E-N-L-T-S-F-L--	L	T	DHICA-like	Animals	Chordata	Bubo
A0A8C0FLW2	cluster_2	~-F-W-E-N-S-P-A-F-L--	S	P	DCT-like	Animals	Chordata	Bubo
A0A8C0GE67	cluster_2	~-F-W-E-N-L-T-S-F-L--	L	T	DHICA-like	Animals	Chordata	Chelonoidis
A0A8C0H067	cluster_2	~-F-W-E-N-T-P-A-F-L--	T	P	other	Animals	Chordata	Chelonoidis
A0A8C0HH01	cluster_2	~-F-W-E-N-L-T-S-F-L--	L	T	DHICA-like	Animals	Chordata	Buteo
A0A8C0HLD1	cluster_2	~-F-W-E-N-S-P-A-F-L--	S	P	DCT-like	Animals	Chordata	Buteo
A0A8C0HUM2	cluster_2	~-F-W-E-N-L-T-S-F-L--	L	T	DHICA-like	Animals	Chordata	Balaenoptera
A0A8C0KGP0	cluster_2	~-F-W-E-N-L-T-S-F-L--	L	T	DHICA-like	Animals	Chordata	Canis
A0A8C0NTD9	cluster_2	~-F-W-E-N-S-P-A-F-L--	S	P	DCT-like	Animals	Chordata	Canis
A0A8C0QNU1	cluster_2	~-F-W-E-N-S-P-A-F-L--	S	P	DCT-like	Animals	Chordata	Canis
A0A8C0RIB0	cluster_2	~-F-W-E-N-L-T-S-F-L--	L	T	DHICA-like	Animals	Chordata	Canis
A0A8C0SHF9	cluster_2	~-F-W-E-N-L-T-S-F-L--	L	T	DHICA-like	Animals	Chordata	Canis
A0A8C0UQ91	cluster_2	~-F-W-E-N-L-T-S-F-L--	L	T	DHICA-like	Animals	Chordata	Cyanistes
A0A8C0V7Y9	cluster_2	~-F-W-E-N-S-P-A-F-L--	S	P	DCT-like	Animals	Chordata	Cyanistes
A0A8C0YR29	cluster_2	~-F-W-E-N-S-P-A-F-L--	S	P	DCT-like	Animals	Chordata	Canis
A0A8C0ZZD1	cluster_2	~-F-W-E-N-L-T-S-F-L--	L	T	DHICA-like	Animals	Chordata	Castor
A0A8C1B641	cluster_2	V-F-W-E-N-L-T-S-F-L--	L	T	DHICA-like	Animals	Chordata	Cyprinus
A0A8C1B6M1	cluster_2	V-F-W-E-N-L-T-S-F-L--	L	T	DHICA-like	Animals	Chordata	Cyprinus
A0A8C1B855	cluster_2	V-F-W-E-N-L-T-S-F-L--	L	T	DHICA-like	Animals	Chordata	Cyprinus
A0A8C1D7K9	cluster_2	~-F-W-E-N-L-S-A-F-L--	L	S	other	Animals	Chordata	Cyprinus
A0A8C1D9F6	cluster_2	~-F-W-E-N-L-S-A-F-L--	L	S	other	Animals	Chordata	Cyprinus
A0A8C1H6Z9	cluster_2	V-F-W-E-N-L-T-S-F-L--	L	T	DHICA-like	Animals	Chordata	Cyprinus
A0A8C1HLW7	cluster_2	~-F-W-E-N-L-S-A-F-L--	L	S	other	Animals	Chordata	Cyprinus
A0A8C1IEH4	cluster_2	V-F-W-E-N-L-T-S-F-L--	L	T	DHICA-like	Animals	Chordata	Cyprinus
A0A8C1M317	cluster_2	~-F-W-E-N-L-S-A-F-L--	L	S	other	Animals	Chordata	Cyprinus
A0A8C1Q0S0	cluster_2	V-F-W-E-N-L-T-S-F-L--	L	T	DHICA-like	Animals	Chordata	Cyprinus
A0A8C1Q0V6	cluster_2	V-F-W-E-N-L-T-S-F-L--	L	T	DHICA-like	Animals	Chordata	Cyprinus
A0A8C1QH03	cluster_2	V-F-W-E-N-L-T-S-F-L--	L	T	DHICA-like	Animals	Chordata	Cyprinus
A0A8C1QWB2	cluster_2	~-F-W-E-N-L-S-A-F-L--	L	S	other	Animals	Chordata	Cyprinus
A0A8C1RGC1	cluster_2	V-F-W-E-N-L-T-S-F-L--	L	T	DHICA-like	Animals	Chordata	Cyprinus
A0A8C1TL49	cluster_2	~-F-W-E-N-L-S-A-F-L--	L	S	other	Animals	Chordata	Cyprinus
A0A8C1YI99	cluster_2	V-F-W-E-N-L-T-S-F-L--	L	T	DHICA-like	Animals	Chordata	Cyprinus
A0A8C2BF15	cluster_2	V-F-W-E-N-L-T-S-F-L--	L	T	DHICA-like	Animals	Chordata	Cyprinus
A0A8C2BFY7	cluster_2	V-F-W-E-N-L-T-S-F-L--	L	T	DHICA-like	Animals	Chordata	Cyprinus
A0A8C2BKH1	cluster_2	~-F-W-E-N-L-S-A-F-L--	L	S	other	Animals	Chordata	Cyprinus
A0A8C2BN39	cluster_2	~-F-W-E-N-L-S-A-F-L--	L	S	other	Animals	Chordata	Cyprinus
A0A8C2BQ07	cluster_2	~-F-W-E-N-L-S-A-F-L--	L	S	other	Animals	Chordata	Cyprinus
A0A8C2C5F0	cluster_2	~-F-W-E-N-L-S-A-F-L--	L	S	other	Animals	Chordata	Cyprinus
A0A8C2C5H0	cluster_2	~-F-W-E-N-L-S-A-F-L--	L	S	other	Animals	Chordata	Cyprinus
A0A8C2CI55	cluster_2	V-F-W-E-N-L-T-S-F-L--	L	T	DHICA-like	Animals	Chordata	Cyprinus
A0A8C2CI76	cluster_2	V-F-W-E-N-L-T-S-F-L--	L	T	DHICA-like	Animals	Chordata	Cyprinus
A0A8C2CIE4	cluster_2	V-F-W-E-N-L-T-S-F-L--	L	T	DHICA-like	Animals	Chordata	Cyprinus
A0A8C2E7S6	cluster_2	V-F-W-E-N-L-T-S-F-L--	L	T	DHICA-like	Animals	Chordata	Cyprinus
A0A8C2EID5	cluster_2	V-F-W-E-N-L-T-S-F-L--	L	T	DHICA-like	Animals	Chordata	Cyprinus
A0A8C2HEH8	cluster_2	V-F-W-E-N-L-T-S-F-L--	L	T	DHICA-like	Animals	Chordata	Cyprinus
A0A8C2HEI0	cluster_2	V-F-W-E-N-L-T-S-F-L--	L	T	DHICA-like	Animals	Chordata	Cyprinus
A0A8C2MRY5	cluster_2	~-F-W-E-N-L-T-S-F-L--	L	T	DHICA-like	Animals	Chordata	Cricetulus
A0A8C2NU13	cluster_2	~-F-W-E-N-L-T-S-F-L--	L	T	DHICA-like	Animals	Chordata	Capra
A0A8C2R3Z1	cluster_2	~-F-W-E-N-S-P-A-F-L--	S	P	DCT-like	Animals	Chordata	Capra
A0A8C2UTG2	cluster_2	~-F-W-E-N-S-P-A-F-L--	S	P	DCT-like	Animals	Chordata	Chinchilla
A0A8C2V800	cluster_2	~-F-W-E-N-L-T-S-F-L--	L	T	DHICA-like	Animals	Chordata	Chinchilla
A0A8C2WHZ4	cluster_2	V-F-W-E-N-L-T-S-F-L--	L	T	DHICA-like	Animals	Chordata	Cyclopterus
A0A8C2X4B1	cluster_2	V-F-W-E-N-L-T-S-F-L--	L	T	DHICA-like	Animals	Chordata	Cyclopterus
A0A8C2XA17	cluster_2	~-F-W-E-N-S-S-A-F-L--	S	S	other	Animals	Chordata	Cyclopterus
A0A8C2XAX9	cluster_2	~-F-W-E-N-S-S-A-F-L--	S	S	other	Animals	Chordata	Cyclopterus
A0A8C2Y606	cluster_2	~-F-W-E-N-L-T-S-F-L--	L	T	DHICA-like	Animals	Chordata	Coturnix
A0A8C2YGG2	cluster_2	~-F-W-E-N-S-P-A-F-L--	S	P	DCT-like	Animals	Chordata	Coturnix
A0A8C3BXE3	cluster_2	V-F-W-E-N-S-P-A-F-L--	S	P	DCT-like	Animals	Chordata	Cairina
A0A8C3C0D7	cluster_2	~-F-W-E-N-S-P-A-F-L--	S	P	DCT-like	Animals	Chordata	Cairina
A0A8C3CNB1	cluster_2	~-F-W-E-N-L-T-S-F-L--	L	T	DHICA-like	Animals	Chordata	Cairina
A0A8C3DF65	cluster_2	~-F-W-E-N-S-P-A-F-L--	S	P	DCT-like	Animals	Chordata	Corvus
A0A8C3EGP2	cluster_2	~-F-W-E-N-L-T-S-F-L--	L	T	DHICA-like	Animals	Chordata	Corvus
A0A8C3IM39	cluster_2	~-F-W-E-N-S-P-A-F-L--	S	P	DCT-like	Animals	Chordata	Chrysemys
A0A8C3IPS0	cluster_2	~-F-W-E-N-S-P-A-F-L--	S	P	DCT-like	Animals	Chordata	Chrysemys
A0A8C3IPU0	cluster_2	~-F-W-E-N-S-P-A-F-L--	S	P	DCT-like	Animals	Chordata	Chrysemys
A0A8C3IQR5	cluster_2	~-F-W-E-N-S-P-A-F-L--	S	P	DCT-like	Animals	Chordata	Chrysemys
A0A8C3IQU7	cluster_2	~-F-W-E-N-L-T-S-F-L--	L	T	DHICA-like	Animals	Chordata	Chrysemys
A0A8C3KI83	cluster_2	~-F-W-E-N-S-P-A-F-L--	S	P	DCT-like	Animals	Chordata	Calidris
A0A8C3L8C3	cluster_2	~-F-W-E-N-S-P-A-F-L--	S	P	DCT-like	Animals	Chordata	Chrysolophus
A0A8C3LQR4	cluster_2	~-F-W-E-N-L-T-S-F-L--	L	T	DHICA-like	Animals	Chordata	Chrysolophus
A0A8C3N7T4	cluster_2	~-F-W-E-N-S-P-A-F-L--	S	P	DCT-like	Animals	Chordata	Geospiza
A0A8C3NUI7	cluster_2	~-F-W-E-N-L-T-S-F-L--	L	T	DHICA-like	Animals	Chordata	Cyanoderma
A0A8C3PRK8	cluster_2	~-F-W-E-N-L-T-S-F-L--	L	T	DHICA-like	Animals	Chordata	Calidris
A0A8C3R266	cluster_2	~-F-W-E-N-S-P-A-F-L--	S	P	DCT-like	Animals	Chordata	Cyanoderma
A0A8C3SK07	cluster_2	~-F-W-E-N-S-S-A-F-L--	S	S	other	Animals	Chordata	Chelydra
A0A8C3SKG2	cluster_2	~-F-W-E-N-S-S-A-F-L--	S	S	other	Animals	Chordata	Chelydra
A0A8C3T1Z2	cluster_2	~-F-W-E-N-S-P-A-F-L--	S	P	DCT-like	Animals	Chordata	Chelydra
A0A8C3T4X4	cluster_2	~-F-W-E-N-S-P-A-F-L--	S	P	DCT-like	Animals	Chordata	Chelydra
A0A8C3T586	cluster_2	~-F-W-E-N-S-P-A-F-L--	S	P	DCT-like	Animals	Chordata	Chelydra
A0A8C3T639	cluster_2	~-F-W-E-N-S-P-A-F-L--	S	P	DCT-like	Animals	Chordata	Chelydra
A0A8C3T6I3	cluster_2	~-F-W-E-N-S-P-A-F-L--	S	P	DCT-like	Animals	Chordata	Chelydra
A0A8C3TI21	cluster_2	~-F-W-E-N-L-T-S-F-L--	L	T	DHICA-like	Animals	Chordata	Chelydra
A0A8C3UQW2	cluster_2	~-F-W-E-N-S-P-A-F-L--	S	P	DCT-like	Animals	Chordata	Catharus
A0A8C3VGL8	cluster_2	~-F-W-E-N-L-T-S-F-L--	L	T	DHICA-like	Animals	Chordata	Catharus
A0A8C3YEE5	cluster_2	~-F-W-E-N-S-P-A-F-L--	S	P	DCT-like	Animals	Chordata	Catagonus
A0A8C4FHS2	cluster_2	~-F-W-E-N-L-T-S-F-L--	L	T	DHICA-like	Animals	Chordata	Catagonus
A0A8C4I784	cluster_2	V-F-W-E-N-L-T-S-F-L--	L	T	DHICA-like	Animals	Chordata	Dicentrarchus
A0A8C4I8X3	cluster_2	V-F-W-E-N-L-T-S-F-L--	L	T	DHICA-like	Animals	Chordata	Dicentrarchus
A0A8C4ILV4	cluster_2	~-F-W-E-N-S-S-A-F-L--	S	S	other	Animals	Chordata	Dicentrarchus
A0A8C4IP27	cluster_2	~-F-W-E-N-S-S-A-F-L--	S	S	other	Animals	Chordata	Dicentrarchus
A0A8C4J8R3	cluster_2	~-F-W-E-N-A-P-A-F-L--	A	P	other	Animals	Chordata	Dromaius
A0A8C4M9K5	cluster_2	~-F-W-E-N-S-P-A-F-L--	S	P	DCT-like	Animals	Chordata	Equus
A0A8C4MP70	cluster_2	~-F-W-E-N-L-T-S-F-L--	L	T	DHICA-like	Animals	Chordata	Equus
A0A8C4NX12	cluster_2	V-F-W-E-N-L-T-S-F-L--	L	T	DHICA-like	Animals	Chordata	Dicentrarchus
A0A8C4QZ32	cluster_2	~-F-W-E-N-L-T-S-F-L--	L	T	DHICA-like	Animals	Chordata	Eptatretus
A0A8C4SH53	cluster_2	V-F-W-E-N-L-T-S-F-L--	L	T	DHICA-like	Animals	Chordata	Erpetoichthys
A0A8C4SST0	cluster_2	~-F-W-E-N-S-S-A-F-L--	S	S	other	Animals	Chordata	Erpetoichthys
A0A8C4TM92	cluster_2	~-F-W-E-N-L-T-S-F-L--	L	T	DHICA-like	Animals	Chordata	Falco
A0A8C4U2E0	cluster_2	~-F-W-E-N-S-P-A-F-L--	S	P	DCT-like	Animals	Chordata	Falco
A0A8C4VN62	cluster_2	~-F-W-E-N-A-P-A-F-L--	A	P	other	Animals	Chordata	Gopherus
A0A8C4X1E1	cluster_2	~-F-W-E-N-A-P-A-F-L--	A	P	other	Animals	Chordata	Eptatretus
A0A8C4YB85	cluster_2	~-F-W-R-N-L-T-S-F-L--	L	T	DHICA-like	Animals	Chordata	Gopherus
A0A8C4Z3T2	cluster_2	A-F-W-E-N-L-T-S-F-L--	L	T	DHICA-like	Animals	Chordata	Gadus
A0A8C4ZF76	cluster_2	V-F-W-E-N-L-T-S-F-L--	L	T	DHICA-like	Animals	Chordata	Gadus
A0A8C5AA28	cluster_2	A-F-W-E-N-L-T-S-F-L--	L	T	DHICA-like	Animals	Chordata	Gadus
A0A8C5ACB6	cluster_2	A-F-W-E-N-L-T-S-F-L--	L	T	DHICA-like	Animals	Chordata	Gadus
A0A8C5AKN0	cluster_2	A-F-W-E-N-L-T-S-F-L--	L	T	DHICA-like	Animals	Chordata	Gadus
A0A8C5BH47	cluster_2	A-F-W-E-N-L-T-S-F-L--	L	T	DHICA-like	Animals	Chordata	Gadus
A0A8C5BHP0	cluster_2	A-F-W-E-N-L-T-S-F-L--	L	T	DHICA-like	Animals	Chordata	Gadus
A0A8C5BI42	cluster_2	V-F-W-E-N-L-T-S-F-L--	L	T	DHICA-like	Animals	Chordata	Gadus
A0A8C5CSC5	cluster_2	A-F-W-E-N-L-T-S-F-L--	L	T	DHICA-like	Animals	Chordata	Gadus
A0A8C5HMM2	cluster_2	V-F-W-E-N-L-T-S-F-L--	L	T	DHICA-like	Animals	Chordata	Gouania
A0A8C5HWJ1	cluster_2	V-F-W-E-N-L-T-S-F-L--	L	T	DHICA-like	Animals	Chordata	Gouania
A0A8C5I784	cluster_2	~-F-W-E-N-S-S-A-F-L--	S	S	other	Animals	Chordata	Gouania
A0A8C5I7P4	cluster_2	~-F-W-E-N-S-S-A-F-L--	S	S	other	Animals	Chordata	Gouania
A0A8C5I8Z6	cluster_2	~-F-W-E-N-S-S-A-F-L-C	S	S	other	Animals	Chordata	Gouania
A0A8C5I983	cluster_2	~-F-W-E-N-S-S-A-F-L--	S	S	other	Animals	Chordata	Gouania
A0A8C5IAF4	cluster_2	~-F-W-E-N-S-S-A-F-L--	S	S	other	Animals	Chordata	Gouania
A0A8C5J7M2	cluster_2	~-F-W-E-N-S-P-A-F-L--	S	P	DCT-like	Animals	Chordata	Junco
A0A8C5KJC3	cluster_2	~-F-W-E-N-L-T-S-F-L--	L	T	DHICA-like	Animals	Chordata	Jaculus
A0A8C5LHZ9	cluster_2	~-F-W-E-N-S-P-A-F-L--	S	P	DCT-like	Animals	Chordata	Leptobrachium
A0A8C5LJF6	cluster_2	~-F-W-E-N-S-P-A-F-L--	S	P	DCT-like	Animals	Chordata	Leptobrachium
A0A8C5LXJ4	cluster_2	V-F-W-E-N-L-T-S-F-L--	L	T	DHICA-like	Animals	Chordata	Leptobrachium
A0A8C5M2N6	cluster_2	V-F-W-E-N-L-T-S-F-L--	L	T	DHICA-like	Animals	Chordata	Leptobrachium
A0A8C5NHS8	cluster_2	~-F-W-E-N-S-S-A-F-L--	S	S	other	Animals	Chordata	Gouania
A0A8C5NHZ7	cluster_2	~-F-W-E-N-S-S-A-F-L--	S	S	other	Animals	Chordata	Gouania
A0A8C5NVJ6	cluster_2	~-F-W-E-N-S-P-A-F-L--	S	P	DCT-like	Animals	Chordata	Jaculus
A0A8C5P6H4	cluster_2	~-F-W-E-N-S-P-A-F-L--	S	P	DCT-like	Animals	Chordata	Leptobrachium
A0A8C5U6V4	cluster_2	~-F-W-E-N-S-P-A-F-L--	S	P	DCT-like	Animals	Chordata	Malurus
A0A8C5UTH3	cluster_2	~-F-W-E-N-S-N-M-E-L--	S	N	other	Animals	Chordata	Microcebus
A0A8C5WMW1	cluster_2	~-F-W-E-N-L-T-S-F-L--	L	T	DHICA-like	Animals	Chordata	Laticauda
A0A8C5XF41	cluster_2	~-F-W-E-N-L-T-S-F-L--	L	T	DHICA-like	Animals	Chordata	Microcebus
A0A8C5XUR9	cluster_2	~-F-W-E-N-S-P-A-F-L--	S	P	DCT-like	Animals	Chordata	Microcebus
A0A8C6A4J1	cluster_2	~-F-W-E-N-A-P-A-F-L--	A	P	other	Animals	Chordata	Marmota
A0A8C6A4V8	cluster_2	~-F-W-E-N-L-T-S-F-L--	L	T	DHICA-like	Animals	Chordata	Marmota
A0A8C6C876	cluster_2	~-F-W-E-N-L-T-S-F-L--	L	T	DHICA-like	Animals	Chordata	Monodon
A0A8C6CLJ0	cluster_2	~-F-W-E-N-S-P-A-F-L--	S	P	DCT-like	Animals	Chordata	Monodon
A0A8C6CRD4	cluster_2	~-F-W-E-N-S-P-A-F-L--	S	P	DCT-like	Animals	Chordata	Moschus
A0A8C6FF97	cluster_2	~-F-W-E-N-L-T-S-F-L--	L	T	DHICA-like	Animals	Chordata	Moschus
A0A8C6GP31	cluster_2	~-F-W-E-N-L-T-S-F-L--	L	T	DHICA-like	Animals	Chordata	Mus
A0A8C6I129	cluster_2	~-F-W-E-N-S-P-A-F-L--	S	P	DCT-like	Animals	Chordata	Mus
A0A8C6JQP8	cluster_2	~-F-W-E-N-S-P-A-F-L--	S	P	DCT-like	Animals	Chordata	Melopsittacus
A0A8C6NFE8	cluster_2	~-F-W-E-N-L-T-S-F-L--	L	T	DHICA-like	Animals	Chordata	Melopsittacus
A0A8C6PVC8	cluster_2	V-F-W-E-N-L-T-S-F-L--	L	T	DHICA-like	Animals	Chordata	Nothobranchius
A0A8C6PVE9	cluster_2	V-F-W-E-N-L-T-S-F-L--	L	T	DHICA-like	Animals	Chordata	Nothobranchius
A0A8C6PXV6	cluster_2	V-F-W-E-N-L-T-S-F-L--	L	T	DHICA-like	Animals	Chordata	Nothobranchius
A0A8C6R942	cluster_2	~-F-W-E-N-S-P-A-F-L--	S	P	DCT-like	Animals	Chordata	Nannospalax
A0A8C6S0X3	cluster_2	~-F-W-E-N-L-T-S-F-L--	L	T	DHICA-like	Animals	Chordata	Nannospalax
A0A8C6UE92	cluster_2	V-F-W-E-N-S-A-A-F-L--	S	A	other	Animals	Chordata	Neogobius
A0A8C6UF35	cluster_2	V-F-W-R-N-L-T-S-F-L--	L	T	DHICA-like	Animals	Chordata	Neogobius
A0A8C6UG43	cluster_2	V-F-W-E-N-S-A-A-F-L--	S	A	other	Animals	Chordata	Neogobius
A0A8C6UG84	cluster_2	V-F-W-E-N-S-A-A-F-L--	S	A	other	Animals	Chordata	Neogobius
A0A8C6UGX2	cluster_2	V-F-W-E-N-S-A-A-F-L--	S	A	other	Animals	Chordata	Neogobius
A0A8C6UHH7	cluster_2	V-F-W-E-N-S-A-A-F-L--	S	A	other	Animals	Chordata	Neogobius
A0A8C6UJK4	cluster_2	V-F-W-E-N-S-A-A-F-L--	S	A	other	Animals	Chordata	Neogobius
A0A8C6UK63	cluster_2	V-F-W-E-N-S-A-A-F-L--	S	A	other	Animals	Chordata	Neogobius
A0A8C6UKU3	cluster_2	V-F-W-E-N-S-A-A-F-L--	S	A	other	Animals	Chordata	Neogobius
A0A8C6ULM7	cluster_2	V-F-W-E-N-S-A-A-F-L--	S	A	other	Animals	Chordata	Neogobius
A0A8C6UQP0	cluster_2	V-F-W-E-N-L-T-S-F-L--	L	T	DHICA-like	Animals	Chordata	Neogobius
A0A8C6VHF5	cluster_2	~-F-W-E-N-S-P-A-F-L--	S	P	DCT-like	Animals	Chordata	Naja
A0A8C6VJZ1	cluster_2	~-F-W-E-N-S-P-A-F-L--	S	P	DCT-like	Animals	Chordata	Naja
A0A8C6VNR1	cluster_2	~-F-W-E-N-S-P-A-F-L--	S	P	DCT-like	Animals	Chordata	Naja
A0A8C6VYH2	cluster_2	V-F-W-E-N-L-T-S-F-L--	L	T	DHICA-like	Animals	Chordata	Nothobranchius
A0A8C6VYQ8	cluster_2	~-F-W-E-N-L-T-S-F-L--	L	T	DHICA-like	Animals	Chordata	Nothobranchius
A0A8C6WWD6	cluster_2	V-F-W-E-N-S-A-A-F-L--	S	A	other	Animals	Chordata	Neogobius
A0A8C6X3D4	cluster_2	~-F-W-E-N-S-P-A-F-L--	S	P	DCT-like	Animals	Chordata	Naja
A0A8C6Z598	cluster_2	~-F-W-E-N-L-T-S-F-L--	L	T	DHICA-like	Animals	Chordata	Nothoprocta
A0A8C6Z7Z1	cluster_2	~-F-W-E-N-S-P-A-F-L--	S	P	DCT-like	Animals	Chordata	Nothoprocta
A0A8C7B9C4	cluster_2	~-F-W-E-N-S-P-A-F-L--	S	P	DCT-like	Animals	Chordata	Neovison
A0A8C7DK61	cluster_2	~-F-W-E-N-S-S-A-F-L--	S	S	other	Animals	Chordata	Oncorhynchus
A0A8C7DME3	cluster_2	~-F-W-E-N-S-S-A-F-L--	S	S	other	Animals	Chordata	Oncorhynchus
A0A8C7DMG3	cluster_2	~-F-W-E-N-S-S-A-F-L--	S	S	other	Animals	Chordata	Oncorhynchus
A0A8C7DMM6	cluster_2	~-F-W-E-N-S-S-A-F-L--	S	S	other	Animals	Chordata	Oncorhynchus
A0A8C7DQW5	cluster_2	~-F-W-E-N-S-S-A-F-L--	S	S	other	Animals	Chordata	Oncorhynchus
A0A8C7I050	cluster_2	V-F-W-E-N-L-T-S-F-L--	L	T	DHICA-like	Animals	Chordata	Oncorhynchus
A0A8C7JMF7	cluster_2	~-F-W-E-N-S-S-A-F-L--	S	S	other	Animals	Chordata	Oncorhynchus
A0A8C7JMH0	cluster_2	~-F-W-E-N-S-S-A-F-L--	S	S	other	Animals	Chordata	Oncorhynchus
A0A8C7JRY5	cluster_2	~-F-W-E-N-S-S-A-F-L--	S	S	other	Animals	Chordata	Oncorhynchus
A0A8C7JZN8	cluster_2	~-F-W-E-N-S-S-A-F-L--	S	S	other	Animals	Chordata	Oncorhynchus
A0A8C7KBN0	cluster_2	V-F-W-E-N-L-T-S-F-L--	L	T	DHICA-like	Animals	Chordata	Oncorhynchus
A0A8C7KD02	cluster_2	V-F-W-E-N-L-T-S-F-L--	L	T	DHICA-like	Animals	Chordata	Oncorhynchus
A0A8C7MAP2	cluster_2	V-F-W-E-N-L-T-S-F-L--	L	T	DHICA-like	Animals	Chordata	Oncorhynchus
A0A8C7MYZ5	cluster_2	~-F-W-E-N-S-S-A-F-L--	S	S	other	Animals	Chordata	Oncorhynchus
A0A8C7MZ32	cluster_2	~-F-W-E-N-S-S-A-F-L--	S	S	other	Animals	Chordata	Oncorhynchus
A0A8C7MZI9	cluster_2	~-F-W-E-N-S-S-A-F-L--	S	S	other	Animals	Chordata	Oncorhynchus
A0A8C7MZN8	cluster_2	~-F-W-E-N-S-S-A-F-L--	S	S	other	Animals	Chordata	Oncorhynchus
A0A8C7QQ16	cluster_2	~-F-W-E-N-S-S-A-F-L--	S	S	other	Animals	Chordata	Oncorhynchus
A0A8C7QQN0	cluster_2	~-F-W-E-N-S-S-A-F-L--	S	S	other	Animals	Chordata	Oncorhynchus
A0A8C7QRY3	cluster_2	~-F-W-E-N-S-S-A-F-L--	S	S	other	Animals	Chordata	Oncorhynchus
A0A8C7QSN1	cluster_2	~-F-W-E-N-S-S-A-F-L--	S	S	other	Animals	Chordata	Oncorhynchus
A0A8C7QSR0	cluster_2	~-F-W-E-N-S-S-A-F-L--	S	S	other	Animals	Chordata	Oncorhynchus
A0A8C7RSU1	cluster_2	V-F-W-E-N-L-T-S-F-L--	L	T	DHICA-like	Animals	Chordata	Oncorhynchus
A0A8C7T6C7	cluster_2	V-F-W-E-N-L-T-S-F-L--	L	T	DHICA-like	Animals	Chordata	Oncorhynchus
A0A8C7U1E6	cluster_2	~-F-W-E-N-S-S-A-F-L--	S	S	other	Animals	Chordata	Oncorhynchus
A0A8C7U3Q3	cluster_2	~-F-W-E-N-S-S-A-F-L--	S	S	other	Animals	Chordata	Oncorhynchus
A0A8C7U7J5	cluster_2	~-F-W-E-N-S-S-A-F-L--	S	S	other	Animals	Chordata	Oncorhynchus
A0A8C7U7L3	cluster_2	~-F-W-E-N-S-S-A-F-L--	S	S	other	Animals	Chordata	Oncorhynchus
A0A8C7UCV4	cluster_2	~-F-W-E-N-S-S-A-F-L--	S	S	other	Animals	Chordata	Oncorhynchus
A0A8C7UG61	cluster_2	~-F-W-E-N-S-S-A-F-L--	S	S	other	Animals	Chordata	Oncorhynchus
A0A8C7UUD7	cluster_2	V-F-W-E-N-L-T-S-F-L--	L	T	DHICA-like	Animals	Chordata	Oncorhynchus
A0A8C7VR11	cluster_2	~-F-W-E-N-S-S-A-F-L--	S	S	other	Animals	Chordata	Oncorhynchus
A0A8C7WPL3	cluster_2	V-F-W-E-N-L-T-S-F-L--	L	T	DHICA-like	Animals	Chordata	Oryzias
A0A8C7WPR6	cluster_2	V-F-W-E-N-L-T-S-F-L--	L	T	DHICA-like	Animals	Chordata	Oryzias
A0A8C7WPW0	cluster_2	V-F-W-E-N-L-T-S-F-L--	L	T	DHICA-like	Animals	Chordata	Oryzias
A0A8C7WPY1	cluster_2	V-F-W-E-N-L-T-S-F-L--	L	T	DHICA-like	Animals	Chordata	Oryzias
A0A8C7WQD9	cluster_2	V-F-W-E-N-L-T-S-F-L--	L	T	DHICA-like	Animals	Chordata	Oryzias
A0A8C7WQF2	cluster_2	V-F-W-E-N-L-T-S-F-L--	L	T	DHICA-like	Animals	Chordata	Oryzias
A0A8C7WQN4	cluster_2	~-F-W-E-N-L-T-S-F-L--	L	T	DHICA-like	Animals	Chordata	Oryzias
A0A8C7YBJ1	cluster_2	~-F-W-E-N-A-S-A-F-L--	A	S	other	Animals	Chordata	Oryzias
A0A8C7YCD1	cluster_2	~-F-W-E-N-A-S-A-F-L--	A	S	other	Animals	Chordata	Oryzias
A0A8C7YCK4	cluster_2	~-F-W-E-N-A-S-A-F-L--	A	S	other	Animals	Chordata	Oryzias
A0A8C7YDH7	cluster_2	~-F-W-E-N-A-S-A-F-L--	A	S	other	Animals	Chordata	Oryzias
A0A8C7YDJ4	cluster_2	~-F-W-E-N-A-S-A-F-L--	A	S	other	Animals	Chordata	Oryzias
A0A8C7Z864	cluster_2	V-F-W-E-N-L-T-S-F-L--	L	T	DHICA-like	Animals	Chordata	Oryzias
A0A8C7Z9Q9	cluster_2	V-F-W-E-N-L-T-S-F-L--	L	T	DHICA-like	Animals	Chordata	Oryzias
A0A8C8BC46	cluster_2	~-F-W-E-N-L-T-S-F-L--	L	T	DHICA-like	Animals	Chordata	Otus
A0A8C8DRU0	cluster_2	~-F-W-E-N-A-S-A-F-L--	A	S	other	Animals	Chordata	Oryzias
A0A8C8E7S1	cluster_2	~-F-W-E-N-S-P-A-F-L--	S	P	DCT-like	Animals	Chordata	Otus
A0A8C8GFJ2	cluster_2	V-F-W-E-N-L-T-S-F-L--	L	T	DHICA-like	Animals	Chordata	Oncorhynchus
A0A8C8GS33	cluster_2	~-F-W-E-N-S-S-A-F-L--	S	S	other	Animals	Chordata	Oncorhynchus
A0A8C8GUS0	cluster_2	~-F-W-E-N-S-S-A-F-L--	S	S	other	Animals	Chordata	Oncorhynchus
A0A8C8GVF2	cluster_2	~-F-W-E-N-S-S-A-F-L--	S	S	other	Animals	Chordata	Oncorhynchus
A0A8C8GVV5	cluster_2	~-F-W-E-N-S-S-A-F-L--	S	S	other	Animals	Chordata	Oncorhynchus
A0A8C8GVX9	cluster_2	~-F-W-E-N-S-S-A-F-L--	S	S	other	Animals	Chordata	Oncorhynchus
A0A8C8GYS5	cluster_2	~-F-W-E-N-S-S-A-F-L--	S	S	other	Animals	Chordata	Oncorhynchus
A0A8C8HK52	cluster_2	~-F-W-E-N-S-S-A-F-L--	S	S	other	Animals	Chordata	Oncorhynchus
A0A8C8LXU8	cluster_2	V-F-W-E-N-L-T-S-F-L--	L	T	DHICA-like	Animals	Chordata	Oncorhynchus
A0A8C8M0N2	cluster_2	~-F-W-E-N-S-S-A-F-L--	S	S	other	Animals	Chordata	Oncorhynchus
A0A8C8M7S1	cluster_2	V-F-W-E-N-L-T-S-F-L--	L	T	DHICA-like	Animals	Chordata	Oncorhynchus
A0A8C8S5V7	cluster_2	~-F-W-E-N-S-P-A-F-L--	S	P	DCT-like	Animals	Chordata	Pelusios
A0A8C8S6B1	cluster_2	~-F-W-E-N-S-P-A-F-L--	S	P	DCT-like	Animals	Chordata	Pelusios
A0A8C8S6I2	cluster_2	~-F-W-E-N-S-P-A-F-L--	S	P	DCT-like	Animals	Chordata	Pelusios
A0A8C8SY41	cluster_2	~-F-W-E-N-L-T-S-F-L--	L	T	DHICA-like	Animals	Chordata	Pelusios
A0A8C8VKR0	cluster_2	~-F-W-E-N-S-P-A-F-L--	S	P	DCT-like	Animals	Chordata	Pelusios
A0A8C8WFD9	cluster_2	~-F-W-E-N-S-P-A-F-L--	S	P	DCT-like	Animals	Chordata	Panthera
A0A8C8Y621	cluster_2	~-F-W-E-N-L-T-S-F-L--	L	T	DHICA-like	Animals	Chordata	Panthera
A0A8C8ZZR0	cluster_2	~-F-W-E-N-L-T-S-F-L--	L	T	DHICA-like	Animals	Chordata	Prolemur
A0A8C9DNL2	cluster_2	~-F-W-E-N-S-P-A-F-L--	S	P	DCT-like	Animals	Chordata	Prolemur
A0A8C9E8D2	cluster_2	~-F-W-E-N-S-P-A-F-L--	S	P	DCT-like	Animals	Chordata	Phocoena
A0A8C9EEE1	cluster_2	~-F-W-E-N-L-T-S-F-L--	L	T	DHICA-like	Animals	Chordata	Phocoena
A0A8C9FAJ3	cluster_2	~-F-W-E-N-L-T-S-F-L--	L	T	DHICA-like	Animals	Chordata	Pavo
A0A8C9FBQ6	cluster_2	V-F-W-E-N-L-T-S-F-L--	L	T	DHICA-like	Animals	Chordata	Pavo
A0A8C9GHM7	cluster_2	~-F-W-E-N-L-T-S-F-L--	L	T	DHICA-like	Animals	Chordata	Piliocolobus
A0A8C9GMP5	cluster_2	~-F-W-E-N-S-P-A-F-L--	S	P	DCT-like	Animals	Chordata	Piliocolobus
A0A8C9GUJ0	cluster_2	~-F-W-E-N-S-P-A-M-L--	S	P	DCT-like	Animals	Chordata	Piliocolobus
A0A8C9IYR5	cluster_2	~-F-W-E-N-S-P-A-F-L--	S	P	DCT-like	Animals	Chordata	Panthera
A0A8C9KIK1	cluster_2	~-F-W-E-N-L-T-S-F-L--	L	T	DHICA-like	Animals	Chordata	Panthera
A0A8C9MEM1	cluster_2	~-F-W-E-N-L-T-S-F-L--	L	T	DHICA-like	Animals	Chordata	Serinus
A0A8C9NTR4	cluster_2	~-F-W-E-N-S-P-A-F-L--	S	P	DCT-like	Animals	Chordata	Serinus
A0A8C9P8U8	cluster_2	~-F-W-E-N-A-P-A-F-L--	A	P	other	Animals	Chordata	Spermophilus
A0A8C9S1Z9	cluster_2	V-F-W-E-N-L-T-S-F-L--	L	T	DHICA-like	Animals	Chordata	Scleropages
A0A8C9S218	cluster_2	V-F-W-E-N-L-T-S-F-L--	L	T	DHICA-like	Animals	Chordata	Scleropages
A0A8C9UKK0	cluster_2	~-F-W-E-N-L-T-S-F-L--	L	T	DHICA-like	Animals	Chordata	Spermophilus
A0A8C9VB52	cluster_2	~-F-W-E-N-R-S-A-F-L--	R	S	other	Animals	Chordata	Scleropages
A0A8C9WYK1	cluster_2	~-F-W-E-N-S-S-A-F-L--	S	S	other	Animals	Chordata	Sander
A0A8C9ZMM4	cluster_2	V-F-W-E-N-L-T-S-F-L--	L	T	DHICA-like	Animals	Chordata	Sander
A0A8D0AZ20	cluster_2	V-F-W-E-N-L-T-S-F-L--	L	T	DHICA-like	Animals	Chordata	Sander
A0A8D0CMF0	cluster_2	~-F-W-E-N-S-S-A-F-L--	S	S	other	Animals	Chordata	Sander
A0A8D0DJB8	cluster_2	~-F-W-E-N-L-T-S-F-L--	L	T	DHICA-like	Animals	Chordata	Salvator
A0A8D0DRY0	cluster_2	~-F-W-E-N-S-P-A-F-L--	S	P	DCT-like	Animals	Chordata	Salvator
A0A8D0EH84	cluster_2	~-F-W-E-N-S-P-A-F-L--	S	P	DCT-like	Animals	Chordata	Strix
A0A8D0FRF8	cluster_2	~-F-W-E-N-L-T-S-F-L--	L	T	DHICA-like	Animals	Chordata	Strix
A0A8D0H245	cluster_2	~-F-W-E-N-L-T-S-F-L--	L	T	DHICA-like	Animals	Chordata	Sphenodon
A0A8D0H4N9	cluster_2	~-F-W-E-N-S-P-A-F-L--	S	P	DCT-like	Animals	Chordata	Sphenodon
A0A8D0PRS3	cluster_2	V-F-W-E-N-S-P-A-F-L--	S	P	DCT-like	Animals	Chordata	Sus
A0A8D0PXS0	cluster_2	~-F-W-E-N-S-P-A-F-L--	S	P	DCT-like	Animals	Chordata	Sus
A0A8D0RT99	cluster_2	~-F-W-E-N-S-P-A-F-L--	S	P	DCT-like	Animals	Chordata	Sus
A0A8D0S3X8	cluster_2	V-F-W-E-N-S-P-A-F-L--	S	P	DCT-like	Animals	Chordata	Sus
A0A8D0X2P1	cluster_2	~-F-W-E-N-L-T-S-F-L--	L	T	DHICA-like	Animals	Chordata	Sus
A0A8D0XKY8	cluster_2	~-F-W-E-N-S-P-A-F-L--	S	P	DCT-like	Animals	Chordata	Sus
A0A8D0XST1	cluster_2	~-F-W-E-N-S-P-A-F-L--	S	P	DCT-like	Animals	Chordata	Sus
A0A8D0Z0W5	cluster_2	~-F-W-E-N-L-T-S-F-L--	L	T	DHICA-like	Animals	Chordata	Sus
A0A8D1CEU5	cluster_2	~-F-W-E-N-S-P-A-F-L--	S	P	DCT-like	Animals	Chordata	Sus
A0A8D1CR85	cluster_2	~-F-W-E-N-S-P-A-F-L--	S	P	DCT-like	Animals	Chordata	Sus
A0A8D1GQJ8	cluster_2	V-F-W-E-N-S-P-A-F-L--	S	P	DCT-like	Animals	Chordata	Sus
A0A8D1US19	cluster_2	~-F-W-E-N-S-P-A-F-L--	S	P	DCT-like	Animals	Chordata	Sus
A0A8D1US54	cluster_2	~-F-W-E-N-S-P-A-F-L--	S	P	DCT-like	Animals	Chordata	Sus
A0A8D1USC2	cluster_2	~-F-W-E-N-S-P-A-F-L--	S	P	DCT-like	Animals	Chordata	Sus
A0A8D1XF07	cluster_2	V-F-W-E-N-S-P-A-F-L--	S	P	DCT-like	Animals	Chordata	Sus
A0A8D1XHC9	cluster_2	~-F-W-E-N-S-P-A-F-L--	S	P	DCT-like	Animals	Chordata	Sus
A0A8D2AEJ0	cluster_2	~-F-W-E-N-S-P-A-F-L--	S	P	DCT-like	Animals	Chordata	Sciurus
A0A8D2ETI7	cluster_2	~-F-W-E-N-S-P-A-F-L--	S	P	DCT-like	Animals	Chordata	Theropithecus
A0A8D2FPS1	cluster_2	~-F-W-E-N-L-T-S-F-L--	L	T	DHICA-like	Animals	Chordata	Theropithecus
A0A8D2HD60	cluster_2	~-F-W-E-N-A-P-A-F-L--	A	P	other	Animals	Chordata	Urocitellus
A0A8D2JP97	cluster_2	~-F-W-E-N-L-T-S-F-L--	L	T	DHICA-like	Animals	Chordata	Sciurus
A0A8D2JYR4	cluster_2	~-F-W-E-N-S-P-A-F-L--	S	P	DCT-like	Animals	Chordata	Theropithecus
A0A8D2KQ64	cluster_2	~-F-W-E-N-L-T-S-F-L--	L	T	DHICA-like	Animals	Chordata	Urocitellus
A0A8D2L695	cluster_2	~-F-W-E-N-L-T-S-F-L--	L	T	DHICA-like	Animals	Chordata	Varanus
A0A8D2LQ88	cluster_2	~-F-W-E-N-S-P-A-F-L--	S	P	DCT-like	Animals	Chordata	Varanus
A0A8D2LQK5	cluster_2	~-F-W-E-N-S-P-A-F-L--	S	P	DCT-like	Animals	Chordata	Varanus
A0A8D2LR82	cluster_2	~-F-W-L-N-S-P-A-F-L--	S	P	DCT-like	Animals	Chordata	Varanus
A0A8D2LRE4	cluster_2	~-F-W-E-N-S-P-A-F-L--	S	P	DCT-like	Animals	Chordata	Varanus
A0A8D2LRX8	cluster_2	~-F-W-E-N-S-P-A-F-L--	S	P	DCT-like	Animals	Chordata	Varanus
A0A8D2LSH8	cluster_2	~-F-W-V-N-S-P-A-F-L--	S	P	DCT-like	Animals	Chordata	Varanus
A0A8D2LT03	cluster_2	~-F-W-E-N-S-P-A-F-L--	S	P	DCT-like	Animals	Chordata	Varanus
A0A8D2MP71	cluster_2	~-F-W-E-N-S-P-A-F-L--	S	P	DCT-like	Animals	Chordata	Zonotrichia
A0A8D2N3N9	cluster_2	~-F-W-E-N-L-T-S-F-L--	L	T	DHICA-like	Animals	Chordata	Zonotrichia
A0A8D2N594	cluster_2	~-F-W-E-N-L-T-S-F-L--	L	T	DHICA-like	Animals	Chordata	Zonotrichia
A0A8D2NTN1	cluster_2	~-F-W-E-N-S-P-A-F-L--	S	P	DCT-like	Animals	Chordata	Zosterops
A0A8D2PIB3	cluster_2	~-F-W-E-N-L-T-S-F-L--	L	T	DHICA-like	Animals	Chordata	Zosterops
A0A8D2QR43	cluster_2	~-F-W-E-N-L-T-S-F-L--	L	T	DHICA-like	Animals	Chordata	Zosterops
A0A8D3AN10	cluster_2	V-F-W-E-N-L-T-S-F-L--	L	T	DHICA-like	Animals	Chordata	Scophthalmus
A0A8D3B288	cluster_2	~-F-W-E-N-S-S-A-F-L--	S	S	other	Animals	Chordata	Scophthalmus
A0A8D3BJG5	cluster_2	V-F-W-E-N-L-T-S-F-L--	L	T	DHICA-like	Animals	Chordata	Scophthalmus
A0A8D3BVJ0	cluster_2	V-F-W-E-N-L-T-S-F-L--	L	T	DHICA-like	Animals	Chordata	Scophthalmus
A0A8D3CBZ2	cluster_2	V-F-W-E-N-L-T-S-F-L--	L	T	DHICA-like	Animals	Chordata	Scophthalmus
A0A8D3CL83	cluster_2	V-F-W-E-N-L-T-S-F-L--	L	T	DHICA-like	Animals	Chordata	Scophthalmus
A0A8D3CX79	cluster_2	V-F-W-E-N-L-T-S-F-L--	L	T	DHICA-like	Animals	Chordata	Scophthalmus
A0A8D3DDF3	cluster_2	V-F-W-E-N-L-T-S-F-L--	L	T	DHICA-like	Animals	Chordata	Scophthalmus
A0A8D3DIS3	cluster_2	V-F-W-E-N-L-T-S-F-L--	L	T	DHICA-like	Animals	Chordata	Scophthalmus
A0A8D3DWW6	cluster_2	V-F-W-E-N-L-T-S-F-L--	L	T	DHICA-like	Animals	Chordata	Scophthalmus
A0A8D3EAZ4	cluster_2	V-F-W-E-N-L-T-S-F-L--	L	T	DHICA-like	Animals	Chordata	Scophthalmus
A0A8E2F2V8	cluster_1	~-F-W-Q-G-F-F-S-F-L--	F	F	other	Fungi	Ascomycota	Glonium
A0A8G0G1E1	cluster_2	V-F-W-E-N-L-T-S-F-L--	L	T	DHICA-like	Animals	Chordata	Stercorarius
A0A8H3FYE1	cluster_1	~-L-W-E-R-T-F-S-F-L--	T	F	other	Fungi	Ascomycota	Gomphillus
A0A8H4LT10	cluster_1	~-F-W-E-V-G-F-S-F-L--	G	F	other	Fungi	Ascomycota	Ophiocordyceps
A0A8H4R4D3	cluster_1	~-F-W-Q-G-F-F-S-F-L--	F	F	other	Fungi	Ascomycota	Cudoniella
A0A8H4RGI4	cluster_3	~-F-W-E-N-V-V-S-F-L-C	V	V	other	Fungi	Ascomycota	Cudoniella
A0A8H5CLG7	cluster_1	~-F-W-D-P-V-L-S-F-L--	V	L	other	Fungi	Basidiomycota	Tetrapyrgos
A0A8H6RGS3	cluster_3	~-L-W-E-D-G-L-S-F-L-C	G	L	other	Fungi	Ascomycota	Pseudocercospora
A0A8H7IZ83	cluster_3	~-F-W-E-D-N-A-S-F-L-C	N	A	other	Fungi	Ascomycota	Ascochyta
A0A8H7NBP5	cluster_1	~-F-W-D-P-K-W-S-F-L--	K	W	other	Fungi	Ascomycota	Bionectria
A0A8H8QL19	cluster_1	~-F-C-E-S-Q-F-A-F-L--	Q	F	other	Fungi	Basidiomycota	Ustilago
A0A8I3N097	cluster_2	~-F-W-E-N-L-T-S-F-L--	L	T	DHICA-like	Animals	Chordata	Canis
A0A8I3N630	cluster_2	~-F-W-E-N-S-P-A-F-L--	S	P	DCT-like	Animals	Chordata	Canis
A0A8I6AEZ4	cluster_2	~-F-W-E-N-S-P-A-F-L--	S	P	DCT-like	Animals	Chordata	Rattus
A0A8J2Q7V7	cluster_1	~-F-W-E-S-L-P-S-F-L--	L	P	other	Animals	Nematoda	Cercopithifilaria
A0A8J4I4U8	cluster_2	~-F-W-E-N-S-P-A-F-L--	S	P	DCT-like	Animals	Chordata	Spheniscus
A0A8J4IBI6	cluster_2	~-F-W-E-N-L-T-S-F-L--	L	T	DHICA-like	Animals	Chordata	Spheniscus
A0A8J4JIW2	cluster_2	~-F-W-E-N-S-P-A-F-L--	S	P	DCT-like	Animals	Chordata	Eudyptes
A0A8J4JL23	cluster_2	~-F-W-E-N-L-T-S-F-L--	L	T	DHICA-like	Animals	Chordata	Eudyptes
A0A8J4KIM9	cluster_2	~-F-W-E-N-S-P-A-F-L--	S	P	DCT-like	Animals	Chordata	Eudyptes
A0A8J4L2L8	cluster_2	~-F-W-E-N-S-P-A-F-L--	S	P	DCT-like	Animals	Chordata	Aptenodytes
A0A8J4NKR4	cluster_2	~-F-W-E-N-S-P-A-F-L--	S	P	DCT-like	Animals	Chordata	Eudyptula
A0A8J4NLN4	cluster_2	~-F-W-E-N-L-T-S-F-L--	L	T	DHICA-like	Animals	Chordata	Eudyptula
A0A8J4NTJ9	cluster_2	~-F-W-E-N-L-T-S-F-L--	L	T	DHICA-like	Animals	Chordata	Eudyptes
A0A8J4P914	cluster_2	~-F-W-E-N-L-T-S-F-L--	L	T	DHICA-like	Animals	Chordata	Aptenodytes
A0A8J4T0Z1	cluster_2	V-F-W-E-N-D-S-A-F-L--	D	S	other	Animals	Chordata	Clarias
A0A8J4TVK1	cluster_2	V-F-W-E-N-D-S-A-F-L--	D	S	other	Animals	Chordata	Clarias
A0A8J4UAN4	cluster_2	V-F-W-E-N-L-T-S-F-L--	L	T	DHICA-like	Animals	Chordata	Clarias
A0A8J4XFF5	cluster_2	V-F-W-E-N-L-T-S-F-L--	L	T	DHICA-like	Animals	Chordata	Clarias
A0A8J5JEM4	cluster_5	F-M-W-H-Q-N-Y-T-F-L--	N	Y	other	Oomycota	Oomycota	Phytophthora
A0A8J6AKY6	cluster_2	~-F-W-R-N-L-T-S-F-L--	L	T	DHICA-like	Animals	Chordata	Galemys
A0A8J6DRE2	cluster_2	~-F-W-E-N-T-P-A-F-L--	T	P	other	Animals	Chordata	Galemys
A0A8J6FEG1	cluster_2	V-F-W-E-N-L-T-S-F-L--	L	T	DHICA-like	Animals	Chordata	Eleutherodactylus
A0A8J6GU63	cluster_2	~-F-W-E-N-S-P-A-F-L--	S	P	DCT-like	Animals	Chordata	Microtus
A0A8J6KBC9	cluster_2	V-F-W-E-N-L-T-S-F-L--	L	T	DHICA-like	Animals	Chordata	Eleutherodactylus
A0A8J6KFN8	cluster_2	~-F-W-E-N-A-S-A-F-L--	A	S	other	Animals	Chordata	Eleutherodactylus
A0A8J7NVL6	cluster_2	V-F-W-E-N-L-T-S-F-L--	L	T	DHICA-like	Animals	Chordata	Atractosteus
A0A8J7NVZ9	cluster_2	~-F-W-S-N-T-S-A-F-L--	T	S	other	Animals	Chordata	Atractosteus
A0A8J8XD96	cluster_2	~-F-W-E-N-S-P-A-F-L--	S	P	DCT-like	Animals	Chordata	Macaca
A0A8K0B8C8	cluster_2	~-F-W-E-N-S-P-A-F-L--	S	P	DCT-like	Animals	Chordata	Eudyptes
A0A8K0BIS4	cluster_2	~-F-W-E-N-L-T-S-F-L--	L	T	DHICA-like	Animals	Chordata	Eudyptes
A0A8K0E7R0	cluster_2	~-Y-W-E-N-L-A-S-F-L--	L	A	other	Animals	Chordata	Branchiostoma
A0A8K0E9J9	cluster_2	~-Y-W-E-N-L-T-S-F-L--	L	T	DHICA-like	Animals	Chordata	Branchiostoma
A0A8K0IQ09	cluster_4	~-F-W-E-N-M-F-A-F-L-C	M	F	other	Plants	Streptophyta	Cocos
A0A8K0RBX9	cluster_3	~-F-W-E-D-N-T-S-F-L-C	N	T	other	Fungi	Ascomycota	Paraphoma
A0A8K1GFN2	cluster_2	~-F-W-E-N-L-T-S-F-L--	L	T	DHICA-like	Animals	Chordata	Zosterops
A0A8K1LL24	cluster_170	~-F-W-E-N-S-P-A-F-L--	S	P	DCT-like	Animals	Chordata	Zosterops
A0A8K9UV66	cluster_2	V-F-W-E-N-L-T-S-F-L--	L	T	DHICA-like	Animals	Chordata	Oncorhynchus
A0A8K9X1D3	cluster_2	V-F-W-E-N-L-T-S-F-L--	L	T	DHICA-like	Animals	Chordata	Oncorhynchus
A0A8K9X5S8	cluster_2	V-F-W-E-N-L-T-S-F-L--	L	T	DHICA-like	Animals	Chordata	Oncorhynchus
A0A8M1F0A3	cluster_2	~-F-W-E-N-S-P-A-F-L--	S	P	DCT-like	Animals	Chordata	Ursus
A0A8M1M994	cluster_2	~-F-W-E-N-S-P-A-F-L--	S	P	DCT-like	Animals	Chordata	Neomonachus
A0A8M9Q985	cluster_2	V-F-W-E-N-L-T-S-F-L--	L	T	DHICA-like	Animals	Chordata	Danio
A0A8P0N805	cluster_2	~-F-W-E-N-S-P-A-F-L--	S	P	DCT-like	Animals	Chordata	Canis
A0A8P4G616	cluster_2	V-F-W-E-N-L-T-S-F-L--	L	T	DHICA-like	Animals	Chordata	Dicentrarchus
A0A8R1TXN9	cluster_1	~-F-W-E-S-L-P-S-F-L--	L	P	other	Animals	Nematoda	Onchocerca
A0A8S3PVY6	cluster_1	N-F-W-E-N-V-I-A-F-L--	V	I	other	Animals	Mollusca	Mytilus
A0A8S3RX09	cluster_1	~-F-W-E-N-A-L-S-F-L--	A	L	other	Animals	Mollusca	Mytilus
A0A8S3SG45	cluster_346	~-F-W-E-D-R-I-S-F-L--	R	I	other	Animals	Mollusca	Mytilus
A0A8S3TPH7	cluster_1	~-F-W-E-N-A-L-S-F-L--	A	L	other	Animals	Mollusca	Mytilus
A0A8S3UET5	cluster_1	N-F-W-E-N-V-I-A-F-L--	V	I	other	Animals	Mollusca	Mytilus
A0A8S4ACK1	cluster_2	~-F-W-E-N-T-S-A-F-L--	T	S	other	Animals	Chordata	Menidia
A0A8S4B4F2	cluster_2	V-F-W-E-N-L-T-S-F-L--	L	T	DHICA-like	Animals	Chordata	Menidia
A0A8S9EBR0	cluster_2	~-F-W-E-N-L-T-S-F-L--	L	T	DHICA-like	Animals	Chordata	Eudyptula
A0A8S9EKM1	cluster_2	~-F-W-E-N-S-P-A-F-L--	S	P	DCT-like	Animals	Chordata	Eudyptula
A0A8T0A7D0	cluster_2	V-F-W-E-N-L-T-S-F-L--	L	T	DHICA-like	Animals	Chordata	Silurus
A0A8T0BSC0	cluster_2	V-F-W-E-N-D-P-A-F-L--	D	P	other	Animals	Chordata	Silurus
A0A8T0H2S1	cluster_4	C-F-W-E-S-A-F-A-F-L-C	A	F	other	Plants	Streptophyta	Ceratodon
A0A8T1T6S4	cluster_2	V-F-W-E-N-L-T-S-F-L--	L	T	DHICA-like	Animals	Chordata	Chelydra
A0A8T2KCF7	cluster_2	V-F-W-E-N-L-T-S-F-L--	L	T	DHICA-like	Animals	Chordata	Hymenochirus
A0A8T2KCI4	cluster_2	~-F-W-E-N-S-A-A-F-L--	S	A	other	Animals	Chordata	Hymenochirus
A0A8T2KFI4	cluster_2	V-F-W-E-N-L-T-S-F-L--	L	T	DHICA-like	Animals	Chordata	Hymenochirus
A0A8T2KFJ7	cluster_2	V-F-W-E-N-L-T-S-F-L--	L	T	DHICA-like	Animals	Chordata	Hymenochirus
A0A8T2LG53	cluster_2	~-F-W-E-N-I-S-A-F-L--	I	S	other	Animals	Chordata	Astyanax
A0A8T2NTK4	cluster_2	V-F-W-E-N-L-T-S-F-L--	L	T	DHICA-like	Animals	Chordata	Albula
A0A8T2PBK7	cluster_2	V-F-W-E-N-L-T-S-F-L--	L	T	DHICA-like	Animals	Chordata	Albula
A0A8T3CK16	cluster_2	V-F-W-E-N-L-T-S-F-L--	L	T	DHICA-like	Animals	Chordata	Albula
A0A8T3CUL9	cluster_2	V-F-W-E-N-L-T-S-F-L--	L	T	DHICA-like	Animals	Chordata	Albula
A0A8T3DTM8	cluster_2	~-F-W-E-N-S-S-A-F-L--	S	S	other	Animals	Chordata	Albula
A0A8T9C2S5	cluster_1	~-F-W-Q-G-F-F-S-F-L--	F	F	other	Fungi	Ascomycota	Lachnellula
A0A8U0N492	cluster_2	~-F-W-E-N-L-T-S-F-L--	L	T	DHICA-like	Animals	Chordata	Mustela
A0A8U0PW84	cluster_2	V-F-W-E-N-L-T-S-F-L--	L	T	DHICA-like	Animals	Chordata	Salvelinus
A0A8U0QHR8	cluster_2	~-F-W-E-N-L-T-S-F-L--	L	T	DHICA-like	Animals	Chordata	Salvelinus
A0A8U0QWL0	cluster_2	V-F-W-E-N-L-T-S-F-L--	L	T	DHICA-like	Animals	Chordata	Salvelinus
A0A8U1BRH4	cluster_2	~-F-W-E-N-S-S-A-F-L--	S	S	other	Animals	Chordata	Salvelinus
A0A8U1C6Z0	cluster_2	~-F-W-E-N-S-S-A-F-L--	S	S	other	Animals	Chordata	Salvelinus
A0A8U1H5S8	cluster_2	~-F-W-E-N-S-S-A-F-L--	S	S	other	Animals	Chordata	Salvelinus
A0A8V0XJ70	cluster_2	~-F-W-E-N-S-P-A-F-L--	S	P	DCT-like	Animals	Chordata	Gallus
A0A8V0YUG7	cluster_2	V-F-W-E-N-L-T-S-F-L--	L	T	DHICA-like	Animals	Chordata	Gallus
A0A8W8HSX6	cluster_8	Q-F-R-E-N-N-L-S-F-L--	N	L	other	Animals	Mollusca	Magallana
A0A8W8HTH5	cluster_8	Q-F-R-E-N-N-L-S-F-L--	N	L	other	Animals	Mollusca	Magallana
A0A8W8JWC9	cluster_1	~-F-W-E-N-V-I-G-F-L--	V	I	other	Animals	Mollusca	Magallana
A0A8W8JXH8	cluster_8	~-F-W-E-G-N-L-S-F-L--	N	L	other	Animals	Mollusca	Magallana
A0A8W8JY17	cluster_1	~-F-W-E-N-V-I-G-F-L--	V	I	other	Animals	Mollusca	Magallana
A0A8X7WW51	cluster_2	~-F-W-E-N-S-S-A-F-L--	S	S	other	Animals	Chordata	Polypterus
A0A8X7XG33	cluster_2	V-F-W-E-N-L-T-S-F-L--	L	T	DHICA-like	Animals	Chordata	Polypterus
A0A8X8WP78	cluster_4	~-F-W-E-T-A-F-T-F-L-C	A	F	other	Plants	Streptophyta	Salvia
A0A913YNF1	cluster_1	~-F-W-S-D-C-I-A-F-L--	C	I	other	Animals	Cnidaria	Exaiptasia
A0A914BV37	cluster_1	~-F-W-E-G-L-F-A-F-L--	L	F	other	Animals	Nematoda	Acrobeloides
A0A914CJV7	cluster_1	~-F-W-E-A-I-F-A-F-L--	I	F	other	Animals	Nematoda	Acrobeloides
A0A914CKS3	cluster_1	~-F-W-E-A-I-F-A-F-L--	I	F	other	Animals	Nematoda	Acrobeloides
A0A914CNZ3	cluster_1	A-F-W-E-A-D-L-A-F-L--	D	L	other	?	?	?
A0A914CPE1	cluster_1	~-F-W-E-G-Q-F-S-F-L--	Q	F	other	Animals	Nematoda	Acrobeloides
A0A914D235	cluster_236	~-F-W-E-G-I-Q-S-F-L--	I	Q	other	Animals	Nematoda	Acrobeloides
A0A914DJI4	cluster_1	~-F-W-E-G-N-P-A-F-L--	N	P	other	Animals	Nematoda	Acrobeloides
A0A914DXQ9	cluster_1	~-F-W-E-A-Q-F-A-F-L--	Q	F	other	Animals	Nematoda	Acrobeloides
A0A914E597	cluster_1	~-F-W-E-A-D-L-A-F-L--	D	L	other	Animals	Nematoda	Acrobeloides
A0A914EAR5	cluster_1	~-F-W-E-G-L-Q-S-F-L--	L	Q	other	Animals	Nematoda	Acrobeloides
A0A914MYH9	cluster_1	F-F-F-E-G-G-A-S-F-L--	G	A	other	Animals	Nematoda	Meloidogyne
A0A915BUX2	cluster_1	~-F-W-E-G-I-P-S-F-L--	I	P	other	Animals	Nematoda	Parascaris
A0A915BVE2	cluster_1	~-F-W-E-G-I-P-S-F-L--	I	P	other	Animals	Nematoda	Parascaris
A0A915Q482	cluster_1	~-F-W-E-S-L-P-S-F-L--	L	P	other	Animals	Nematoda	Setaria
A0A917MWY3	cluster_14	~-F-W-E-G-V-P-A-F-L--	V	P	other	Bacteria	Bacteroidota	Filimonas
A0A918P5V7	cluster_14	~-F-W-E-G-V-I-A-F-L--	V	I	other	Bacteria	Pseudomonadota	Paludibacterium
A0A918Z9R4	cluster_21	~-F-W-E-N-N-P-S-F-L--	N	P	other	Bacteria	Actinomycetota	Streptomyces
A0A919MPV4	cluster_300	~-F-W-E-N-G-Q-S-V-L--	G	Q	other	Bacteria	Actinomycetota	Paractinoplanes
A0A930VBG0	cluster_21	~-F-W-E-N-N-P-A-F-L--	N	P	other	Bacteria	Actinomycetota	Nocardioides
A0A951QSM4	cluster_1	M-F-W-E-N-G-T-S-F-L--	G	T	other	Bacteria	Cyanobacteriota	Cyanomargarita
A0A974B9A0	cluster_2	~-F-W-E-N-S-P-A-F-L--	S	P	DCT-like	Animals	Chordata	Rhegmatorhina
A0A974DR61	cluster_2	~-F-W-E-N-S-S-A-F-L--	S	S	other	Animals	Chordata	Xenopus
A0A974DTG3	cluster_2	V-F-W-E-N-L-T-S-F-L--	L	T	DHICA-like	Animals	Chordata	Xenopus
A0A974DZY5	cluster_2	V-F-W-E-N-L-T-S-F-L--	L	T	DHICA-like	Animals	Chordata	Xenopus
A0A9B0LXC2	cluster_2	~-F-W-E-N-L-T-S-F-L--	L	T	DHICA-like	Animals	Chordata	Odobenus
A0A9B0WH58	cluster_2	~-F-W-E-N-F-P-A-F-L--	F	P	other	Animals	Chordata	Chrysochloris
A0A9B0WNW4	cluster_2	~-F-W-E-N-L-T-S-F-L--	L	T	DHICA-like	Animals	Chordata	Chrysochloris
A0A9D2Y5B1	cluster_2	V-F-W-E-N-L-T-S-F-L--	L	T	DHICA-like	Animals	Chordata	Nothobranchius
A0A9D3LNW3	cluster_2	~-F-W-E-N-S-S-A-F-L--	S	S	other	Animals	Chordata	Anguilla
A0A9D3MFN9	cluster_2	V-F-W-E-N-L-T-S-F-L--	L	T	DHICA-like	Animals	Chordata	Anguilla
A0A9D3N020	cluster_2	V-F-W-E-N-L-T-S-F-L--	L	T	DHICA-like	Animals	Chordata	Hemibagrus
A0A9D3N097	cluster_2	V-F-W-E-N-L-T-S-F-L--	L	T	DHICA-like	Animals	Chordata	Hemibagrus
A0A9D3P0B2	cluster_2	~-F-W-E-N-D-S-A-F-L--	D	S	other	Animals	Chordata	Hemibagrus
A0A9D3PGU3	cluster_2	V-F-W-E-N-L-T-S-F-L--	L	T	DHICA-like	Animals	Chordata	Megalops
A0A9D3PJQ8	cluster_2	V-F-W-E-N-L-T-S-F-L--	L	T	DHICA-like	Animals	Chordata	Megalops
A0A9D3RZN5	cluster_2	V-F-W-E-N-L-T-S-F-L--	L	T	DHICA-like	Animals	Chordata	Anguilla
A0A9D4ASX8	cluster_2	~-F-W-E-N-L-T-S-F-L--	L	T	DHICA-like	Animals	Chordata	Mauremys
A0A9D4B9Y6	cluster_2	~-F-W-E-N-A-P-A-F-L--	A	P	other	Animals	Chordata	Mauremys
A0A9D4FNI9	cluster_8	~-F-F-E-N-Q-P-A-F-L--	Q	P	other	Animals	Mollusca	Dreissena
A0A9D5CS63	cluster_4	~-F-W-E-N-F-F-A-F-L-C	F	F	other	Plants	Streptophyta	Dioscorea
A0A9D5CSB4	cluster_4	~-F-W-E-N-Q-F-A-F-L-C	Q	F	other	Plants	Streptophyta	Dioscorea
A0A9D5CTA3	cluster_4	~-F-W-E-N-F-F-A-F-L-C	F	F	other	Plants	Streptophyta	Dioscorea
A0A9D5CTY2	cluster_4	~-F-W-E-N-F-F-A-F-L-C	F	F	other	Plants	Streptophyta	Dioscorea
A0A9D5CTZ2	cluster_4	~-F-W-E-N-F-F-A-F-L-C	F	F	other	Plants	Streptophyta	Dioscorea
A0A9D5CTZ9	cluster_4	C-F-W-E-N-Q-F-A-F-L-C	Q	F	other	Plants	Streptophyta	Dioscorea
A0A9D5CV19	cluster_4	C-F-W-E-N-Q-F-A-F-L-C	Q	F	other	Plants	Streptophyta	Dioscorea
A0A9D5H280	cluster_4	~-F-W-E-N-F-F-A-F-L-C	F	F	other	Plants	Streptophyta	Dioscorea
A0A9D5H2D2	cluster_4	~-F-W-E-N-F-F-A-F-L-C	F	F	other	Plants	Streptophyta	Dioscorea
A0A9D5HJP8	cluster_4	~-F-W-E-N-F-F-A-F-L-C	F	F	other	Plants	Streptophyta	Dioscorea
A0A9D5HJZ8	cluster_4	~-F-W-E-N-F-F-A-F-L-C	F	F	other	Plants	Streptophyta	Dioscorea
A0A9F2N8H8	cluster_2	~-F-W-E-N-L-T-S-F-L--	L	T	DHICA-like	Animals	Chordata	Python
A0A9F7TFJ0	cluster_2	V-F-W-E-N-L-T-S-F-L--	L	T	DHICA-like	Animals	Chordata	Ictalurus
A0A9J7HCY0	cluster_2	~-F-W-E-N-S-P-A-F-L--	S	P	DCT-like	Animals	Chordata	Cricetulus
A0A9J7HVW6	cluster_2	~-Y-W-E-N-L-T-S-F-L--	L	T	DHICA-like	Animals	Chordata	Branchiostoma
A0A9J7JBU1	cluster_2	~-F-W-E-N-S-P-A-F-L--	S	P	DCT-like	Animals	Chordata	Cricetulus
A0A9J7ME91	cluster_2	~-Y-W-E-N-L-T-S-F-L--	L	T	DHICA-like	Animals	Chordata	Branchiostoma
A0A9J7MH66	cluster_2	~-Y-W-E-N-L-T-S-F-L--	L	T	DHICA-like	Animals	Chordata	Branchiostoma
A0A9J7XTZ0	cluster_2	~-F-W-E-N-L-S-A-F-L--	L	S	other	Animals	Chordata	Cyprinus
A0A9J8A0K2	cluster_2	~-F-W-E-N-L-S-A-F-L--	L	S	other	Animals	Chordata	Cyprinus
A0A9J8CQE0	cluster_2	V-F-W-E-N-L-T-S-F-L--	L	T	DHICA-like	Animals	Chordata	Cyprinus
A0A9L0RF88	cluster_2	~-F-W-E-N-L-T-S-F-L--	L	T	DHICA-like	Animals	Chordata	Equus
A0A9L0SRE7	cluster_2	~-F-W-E-N-S-P-A-F-L--	S	P	DCT-like	Animals	Chordata	Equus
A0A9L0T5H0	cluster_2	V-F-W-E-N-S-P-A-F-L--	S	P	DCT-like	Animals	Chordata	Equus
A0A9N7UE72	cluster_964	V-F-W-E-N-L-T-S-F-L--	L	T	DHICA-like	Animals	Chordata	Pleuronectes
A0A9N7V5F2	cluster_2	V-F-W-E-N-L-T-S-F-L--	L	T	DHICA-like	Animals	Chordata	Pleuronectes
A0A9N7VM41	cluster_2	~-F-W-E-N-S-S-A-F-L--	S	S	other	Animals	Chordata	Pleuronectes
A0A9N8H4W2	cluster_3	~-F-W-E-G-N-T-Q-F-L-C	N	T	other	Oomycota	Bacillariophyta	Seminavis
A0A9N9KP73	cluster_1	~-F-W-Q-S-Y-F-S-F-L--	Y	F	other	Fungi	Ascomycota	Hymenoscyphus
A0A9N9LGU7	cluster_1	~-F-W-Q-S-Y-F-S-F-L--	Y	F	other	Fungi	Ascomycota	Hymenoscyphus
A0A9N9UU16	cluster_1	~-F-W-D-G-Q-F-S-F-L--	Q	F	other	Fungi	Ascomycota	Clonostachys
A0A9N9VDP6	cluster_1	~-F-W-D-G-Q-F-S-F-L--	Q	F	other	Fungi	Ascomycota	Clonostachys
A0A9N9VUD9	cluster_1	~-F-W-D-P-K-W-S-F-L--	K	W	other	Fungi	Ascomycota	Clonostachys
A0A9N9Z055	cluster_1	~-F-W-Y-G-Q-F-S-F-L--	Q	F	other	Fungi	Ascomycota	Clonostachys
A0A9N9ZEI6	cluster_1	~-F-W-D-P-K-W-S-F-L--	K	W	other	Fungi	Ascomycota	Clonostachys
A0A9P0ZL29	cluster_4	~-F-F-E-N-R-F-A-F-L-C	R	F	other	Plants	Streptophyta	Cuscuta
A0A9P1EFV4	cluster_4	~-F-F-E-N-R-F-A-F-L-C	R	F	other	Plants	Streptophyta	Cuscuta
A0A9P4HB55	cluster_3	~-F-W-E-D-N-T-S-F-L-C	N	T	other	Fungi	Ascomycota	Setomelanomma
A0A9P4PM39	cluster_1	~-L-W-E-K-T-P-T-F-L--	T	P	other	Fungi	Ascomycota	Karstenula
A0A9P4SKK5	cluster_1	~-F-W-Q-G-F-F-S-F-L--	F	F	other	Fungi	Ascomycota	Patellaria
A0A9P4T4X0	cluster_3	~-F-W-E-N-N-V-S-F-L-C	N	V	other	Fungi	Ascomycota	Curvularia
A0A9P4T7M4	cluster_3	~-F-W-E-D-N-A-S-F-L-C	N	A	other	Fungi	Ascomycota	Curvularia
A0A9P5BW11	cluster_3	~-F-W-E-D-N-A-S-F-L-C	N	A	other	Fungi	Ascomycota	Didymella
A0A9P6AJY1	cluster_1	~-F-W-D-T-L-I-S-F-L--	L	I	other	Fungi	Basidiomycota	Hydnum
A0A9P6GNG8	cluster_1	~-L-W-E-K-T-P-T-F-L--	T	P	other	Fungi	Ascomycota	Paraphaeosphaeria
A0A9P6TG97	cluster_1	~-F-W-E-G-A-L-A-F-L-C	A	L	other	Fungi	Basidiomycota	Cronartium
A0A9P7FBZ7	cluster_3	~-F-W-E-D-L-P-A-F-L-C	L	P	other	Fungi	Basidiomycota	Suillus
A0A9P8C1X5	cluster_1	~-F-W-Q-A-F-F-S-F-L--	F	F	other	Fungi	Ascomycota	Amylocarpus
A0A9P8LAU2	cluster_109	~-F-W-E-N-P-P-A-V-L--	P	P	other	Fungi	Ascomycota	Trichoglossum
A0A9P8SG32	cluster_1	~-F-W-E-I-G-F-S-F-L--	G	F	other	Fungi	Ascomycota	Hirsutella
A0A9Q0DA90	cluster_2	V-F-W-E-N-L-T-S-F-L--	L	T	DHICA-like	Animals	Chordata	Muraenolepis
A0A9Q0ICF7	cluster_2	~-F-W-E-N-S-S-A-F-L--	S	S	other	Animals	Chordata	Muraenolepis
A0A9Q0KUV1	cluster_4	~-F-F-E-N-K-F-S-F-L-C	K	F	other	Plants	Streptophyta	Protea
A0A9Q0QXM2	cluster_4	~-F-L-E-T-K-F-S-F-L-C	K	F	other	Plants	Streptophyta	Protea
A0A9Q0XMU1	cluster_2	~-F-W-E-N-S-P-A-F-L--	S	P	DCT-like	Animals	Chordata	Phrynocephalus
A0A9Q1B4Q7	cluster_2	~-F-W-E-N-L-T-S-F-L--	L	T	DHICA-like	Animals	Chordata	Phrynocephalus
A0A9Q1D134	cluster_2	~-F-W-E-N-T-S-A-F-L--	T	S	other	Animals	Chordata	Conger
A0A9Q1EC86	cluster_2	V-F-W-E-N-L-T-S-F-L--	L	T	DHICA-like	Animals	Chordata	Synaphobranchus
A0A9Q1F309	cluster_2	~-F-W-E-N-S-S-A-F-L--	S	S	other	Animals	Chordata	Synaphobranchus
A0A9Q1HX87	cluster_2	V-F-W-E-N-L-T-S-F-L--	L	T	DHICA-like	Animals	Chordata	Conger
A0A9Q1JDR4	cluster_2	V-F-W-E-N-L-T-S-F-L--	L	T	DHICA-like	Animals	Chordata	Synaphobranchus
A0A9Q9YZM8	cluster_2	V-F-W-E-N-L-T-S-F-L--	L	T	DHICA-like	Animals	Chordata	Cyprinus
A0A9Q9ZGG3	cluster_2	V-F-W-E-N-L-T-S-F-L--	L	T	DHICA-like	Animals	Chordata	Cyprinus
A0A9R0A7D8	cluster_2	~-F-W-E-N-L-S-A-F-L--	L	S	other	Animals	Chordata	Cyprinus
A0A9R0B545	cluster_2	~-F-W-E-N-L-S-A-F-L--	L	S	other	Animals	Chordata	Cyprinus
A0A9R1SHT6	cluster_2	V-F-W-E-N-L-T-S-F-L--	L	T	DHICA-like	Animals	Chordata	Cyprinus
A0A9R1SQ36	cluster_2	V-F-W-E-N-L-T-S-F-L--	L	T	DHICA-like	Animals	Chordata	Cyprinus
A0A9R1SQ40	cluster_2	V-F-W-E-N-L-T-S-F-L--	L	T	DHICA-like	Animals	Chordata	Cyprinus
A0A9U8EAI5	cluster_1	L-F-W-E-E-A-F-A-F-L--	A	F	other	Animals	Mollusca	Biomphalaria
A0A9V1DZN6	cluster_2	~-F-W-E-N-L-T-S-F-L--	L	T	DHICA-like	Animals	Chordata	Panthera
A0A9V1FC03	cluster_2	~-F-W-E-N-S-P-A-F-L--	S	P	DCT-like	Animals	Chordata	Panthera
A0A9W2WVK1	cluster_2	~-F-W-E-N-L-T-S-F-L--	L	T	DHICA-like	Animals	Chordata	Physeter
A0A9W3AFG7	cluster_1	L-F-W-E-E-A-F-A-F-L--	A	F	other	Animals	Mollusca	Biomphalaria
A0A9W3EW42	cluster_2	~-F-W-E-N-S-P-A-F-L--	S	P	DCT-like	Animals	Chordata	Camelus
A0A9W3FDV3	cluster_2	~-F-W-E-N-L-T-S-F-L--	L	T	DHICA-like	Animals	Chordata	Camelus
A0A9W3GC21	cluster_2	V-F-W-E-N-S-P-A-F-L--	S	P	DCT-like	Animals	Chordata	Camelus
A0A9W3GC27	cluster_1008	V-F-W-E-N-S-P-A-F-L--	S	P	DCT-like	Animals	Chordata	Camelus
A0A9W3GCH7	cluster_2	V-F-W-E-N-S-P-A-F-L--	S	P	DCT-like	Animals	Chordata	Camelus
A0A9W3GCU8	cluster_2	V-F-W-E-N-S-P-A-F-L--	S	P	DCT-like	Animals	Chordata	Camelus
A0A9W4U7M0	cluster_1	~-L-W-D-K-T-P-T-F-L--	T	P	other	Fungi	Ascomycota	Periconia
A0A9W7WUE2	cluster_2	~-F-W-E-N-Q-S-A-F-L--	Q	S	other	Animals	Chordata	Triplophysa
A0A9W7XTH6	cluster_1	~-F-A-E-G-L-M-S-F-L--	L	M	other	Fungi	Zoopagomycota	Coemansia
A0A9W7ZYI4	cluster_1	~-F-F-Q-G-L-T-A-F-L--	L	T	DHICA-like	Fungi	Zoopagomycota	Mycoemilia
A0A9W8C8D5	cluster_2	V-F-W-E-N-L-T-S-F-L--	L	T	DHICA-like	Animals	Chordata	Triplophysa
A0A9W8CC87	cluster_2	V-F-W-E-N-L-T-S-F-L--	L	T	DHICA-like	Animals	Chordata	Triplophysa
A0A9W8X1Z9	cluster_3	~-F-W-E-D-N-A-S-F-L-C	N	A	other	Fungi	Ascomycota	Didymella
A0A9W9CD07	cluster_303	~-L-W-E-K-T-P-T-F-L--	T	P	other	Fungi	Ascomycota	Didymosphaeria
A0A9W9FGB9	cluster_42	~-F-W-E-F-I-P-A-V-L--	I	P	other	Fungi	Ascomycota	Penicillium
A0A9W9WHE0	cluster_109	~-F-W-E-N-P-P-A-V-L--	P	P	other	Fungi	Ascomycota	Penicillium
A0A9X0BDN5	cluster_578	~-F-W-E-N-G-I-A-F-L-C	G	I	other	Fungi	Ascomycota	Penicillium
A0A9X0BLC2	cluster_42	~-F-W-Y-G-G-P-S-V-L--	G	P	other	Fungi	Ascomycota	Penicillium
A0A9X2E6U5	cluster_579	F-F-W-E-N-L-G-S-F-L--	L	G	other	Bacteria	Actinomycetota	Nocardia
A0A9X2LCT7	cluster_1	F-F-W-E-N-R-G-S-F-L--	R	G	other	Bacteria	Actinomycetota	Streptomyces
A0A9X9LJ82	cluster_2	~-F-W-E-N-L-T-S-F-L--	L	T	DHICA-like	Animals	Chordata	Gulo
A0A9Y3QLZ8	cluster_2	~-F-W-E-N-S-A-A-F-L--	S	A	other	Animals	Chordata	Pundamilia
A0A9Y3RZM7	cluster_2	V-F-W-E-N-L-T-S-F-L--	L	T	DHICA-like	Animals	Chordata	Pundamilia
A0A9Y3VLX9	cluster_2	V-F-W-E-N-L-T-S-F-L--	L	T	DHICA-like	Animals	Chordata	Pundamilia
A0AA35K588	cluster_2	~-F-W-E-N-S-P-A-F-L--	S	P	DCT-like	Animals	Chordata	Podarcis
A0AA35LJ97	cluster_2	~-F-W-E-N-L-T-S-F-L--	L	T	DHICA-like	Animals	Chordata	Podarcis
A0AA35M5L0	cluster_1	~-F-W-F-G-Q-F-S-F-L--	Q	F	other	Fungi	Ascomycota	Clonostachys
A0AA35QEN2	cluster_1	~-F-W-D-P-K-W-S-F-L--	K	W	other	Fungi	Ascomycota	Clonostachys
A0AA35V075	cluster_673	~-F-W-D-N-I-N-A-F-L-C	I	N	other	Bacteria	Pseudomonadota	Methylococcus
A0AA38XND7	cluster_1	~-F-W-L-S-F-I-S-W-L--	F	I	other	Fungi	Ascomycota	Cladophialophora
A0AA38XQF2	cluster_1	~-F-W-I-S-F-I-S-W-L--	F	I	other	Fungi	Ascomycota	Cladophialophora
A0AA38XXB7	cluster_1	~-F-W-I-S-F-I-S-W-L--	F	I	other	Fungi	Ascomycota	Knufia
A0AA38Y990	cluster_1	~-F-W-L-G-F-I-S-W-L--	F	I	other	Fungi	Ascomycota	Knufia
A0AA38YDK5	cluster_1	~-F-W-L-S-F-I-S-W-L--	F	I	other	Fungi	Ascomycota	Knufia
A0AA40BGF9	cluster_1	~-F-W-Q-G-Y-V-S-F-L--	Y	V	other	Fungi	Ascomycota	Lasiosphaeria
A0AA40BPP7	cluster_1	S-F-W-E-N-G-N-S-F-L--	G	N	other	Fungi	Ascomycota	Schizothecium
A0AA40F7I6	cluster_3	~-F-W-E-N-Q-V-S-F-L-C	Q	V	other	Fungi	Ascomycota	Schizothecium
A0AA40H5K2	cluster_2	~-F-W-E-N-S-P-A-F-L--	S	P	DCT-like	Animals	Chordata	Pygoscelis
A0AA40L8C6	cluster_2	~-F-W-E-N-L-T-S-F-L--	L	T	DHICA-like	Animals	Chordata	Pygoscelis
A0AA41T388	cluster_2	~-F-W-E-N-L-T-S-F-L--	L	T	DHICA-like	Animals	Chordata	Sciurus
A0AA47NBL1	cluster_2	V-F-W-E-N-L-T-S-F-L--	L	T	DHICA-like	Animals	Chordata	Merluccius
A0AA49QCK1	cluster_2	V-F-W-E-N-L-T-S-F-L--	L	T	DHICA-like	Animals	Chordata	Tor
A0AA88IMU3	cluster_2	V-F-W-E-N-L-T-S-F-L--	L	T	DHICA-like	Animals	Chordata	Channa
A0AA88MKC2	cluster_2	~-F-W-E-N-T-S-A-F-L--	T	S	other	Animals	Chordata	Channa
A0AA88NB34	cluster_2	~-F-W-E-N-D-S-A-F-L--	D	S	other	Animals	Chordata	Tachysurus
A0AA88NN21	cluster_2	V-F-W-E-N-L-T-S-F-L--	L	T	DHICA-like	Animals	Chordata	Channa
A0AA88NTB5	cluster_2	V-F-W-E-N-L-T-S-F-L--	L	T	DHICA-like	Animals	Chordata	Tachysurus
A0AA88T6T1	cluster_2	V-F-W-E-N-L-T-S-F-L--	L	T	DHICA-like	Animals	Chordata	Tachysurus
A0AA88TT43	cluster_2	V-F-W-E-N-L-T-S-F-L--	L	T	DHICA-like	Animals	Chordata	Cirrhinus
A0AA88TX95	cluster_2	V-F-W-E-N-L-T-S-F-L--	L	T	DHICA-like	Animals	Chordata	Cirrhinus
A0AA88XCP2	cluster_8	A-F-W-E-N-V-I-A-F-L--	V	I	other	Animals	Mollusca	Pinctada
A0AA88XLZ1	cluster_8	A-F-W-E-N-V-I-A-F-L--	V	I	other	Animals	Mollusca	Pinctada
A0AA88XQR2	cluster_8	I-F-W-E-D-G-L-S-F-L--	G	L	other	Animals	Mollusca	Pinctada
A0AA88XQS5	cluster_1	~-F-W-E-N-V-I-G-F-L--	V	I	other	Animals	Mollusca	Pinctada
A0AA88YL18	cluster_8	~-F-W-E-N-G-L-A-F-L--	G	L	other	Animals	Mollusca	Pinctada
A0AA92QAW9	cluster_14	D-F-W-Q-G-V-I-A-F-L--	V	I	other	Bacteria	Pseudomonadota	Ralstonia
A0AA97J2B4	cluster_2	~-F-W-E-N-A-P-A-F-L--	A	P	other	Animals	Chordata	Eublepharis
A0AA97JPN8	cluster_2	~-F-W-E-N-L-T-S-F-L--	L	T	DHICA-like	Animals	Chordata	Eublepharis
A0AA97N3L1	cluster_2	~-F-W-E-N-S-P-A-F-L--	S	P	DCT-like	Animals	Chordata	Menura
A0AA97N7U6	cluster_2	~-F-W-E-N-L-T-S-F-L--	L	T	DHICA-like	Animals	Chordata	Menura
A0AAD0S6F5	cluster_14	D-F-W-Q-G-V-I-A-F-L--	V	I	other	Bacteria	Pseudomonadota	Ralstonia
A0AAD1R521	cluster_2	~-F-W-E-N-A-P-A-F-L--	A	P	other	Animals	Chordata	Pelobates
A0AAD1R5G9	cluster_2	~-F-W-E-N-A-P-A-F-L--	A	P	other	Animals	Chordata	Pelobates
A0AAD3MGL2	cluster_2	V-F-W-E-N-L-T-S-F-L--	L	T	DHICA-like	Animals	Chordata	Lates
A0AAD3N7D6	cluster_2	~-F-W-E-N-S-S-A-F-L--	S	S	other	Animals	Chordata	Lates
A0AAD4U318	cluster_2	~-F-W-E-N-S-V-L-L-L--	S	V	other	Animals	Chordata	Ovis
A0AAD5AK74	cluster_2	V-F-W-E-N-L-T-S-F-L--	L	T	DHICA-like	Animals	Chordata	Silurus
A0AAD5FTJ0	cluster_2	~-F-W-E-N-D-P-A-F-L--	D	P	other	Animals	Chordata	Silurus
A0AAD6AXT8	cluster_2	~-F-W-E-N-S-S-A-F-L--	S	S	other	Animals	Chordata	Pogonophryne
A0AAD6FQZ7	cluster_2	V-F-W-E-N-L-T-S-F-L--	L	T	DHICA-like	Animals	Chordata	Pogonophryne
A0AAD6FTT8	cluster_2	V-F-W-E-N-L-T-S-F-L--	L	T	DHICA-like	Animals	Chordata	Pogonophryne
A0AAD7UD41	cluster_9	~-F-H-L-G-I-T-A-F-L-C	I	T	other	Oomycota	?	Chrysophaeum
A0AAD7UGQ8	cluster_9	~-F-S-N-G-E-Q-S-F-L-C	E	Q	other	Oomycota	?	Chrysophaeum
A0AAD7UHF1	cluster_9	~-F-S-N-G-E-Q-S-F-L-C	E	Q	other	Oomycota	?	Chrysophaeum
A0AAD7UKW7	cluster_9	~-F-H-N-G-I-T-A-F-L-C	I	T	other	Oomycota	?	Chrysophaeum
A0AAD7ULC6	cluster_623	~-F-H-N-G-I-T-A-F-L-C	I	T	other	Oomycota	?	Chrysophaeum
A0AAD7VZQ9	cluster_2	~-F-W-E-N-S-P-A-F-L--	S	P	DCT-like	Animals	Chordata	Aldrovandia
A0AAD7WVT6	cluster_2	V-F-W-E-N-L-T-S-F-L--	L	T	DHICA-like	Animals	Chordata	Aldrovandia
A0AAD7X156	cluster_2	V-F-W-E-N-L-T-S-F-L--	L	T	DHICA-like	Animals	Chordata	Aldrovandia
A0AAD7XH24	cluster_9	~-F-H-L-G-M-T-A-F-L-C	M	T	other	Oomycota	?	Chrysophaeum
A0AAD7XNJ1	cluster_9	~-F-H-L-G-M-T-A-F-L-C	M	T	other	Oomycota	?	Chrysophaeum
A0AAD8FCF7	cluster_1	~-F-W-E-E-A-F-A-F-L--	A	F	other	Animals	Mollusca	Biomphalaria
A0AAD8GIC2	cluster_2	~-F-W-E-N-L-T-S-F-L--	L	T	DHICA-like	Animals	Chordata	Acipenser
A0AAD8GK17	cluster_2	V-F-W-E-N-L-T-S-F-L--	L	T	DHICA-like	Animals	Chordata	Acipenser
A0AAD8LKU1	cluster_2	~-F-W-E-N-S-S-A-F-L--	S	S	other	Animals	Chordata	Acipenser
A0AAD8Z5B9	cluster_2	V-F-W-E-N-L-T-S-F-L--	L	T	DHICA-like	Animals	Chordata	Electrophorus
A0AAD8ZH11	cluster_2	~-F-W-E-N-D-T-A-F-L--	D	T	other	Animals	Chordata	Electrophorus
A0AAD9BPH7	cluster_2	V-F-W-E-N-L-T-S-F-L--	L	T	DHICA-like	Animals	Chordata	Dissostichus
A0AAD9F8Q7	cluster_2	V-F-W-E-N-L-T-S-F-L--	L	T	DHICA-like	Animals	Chordata	Dissostichus
A0AAD9FIL0	cluster_2	~-F-W-E-N-S-S-A-F-L--	S	S	other	Animals	Chordata	Dissostichus
A0AAD9I9U5	cluster_1	~-F-W-A-G-F-S-A-F-L--	F	S	other	Fungi	Ascomycota	Phyllachora
A0AAD9NPK5	cluster_1	~-F-W-E-G-A-I-A-Y-L-C	A	I	other	Animals	Annelida	Ridgeia
A0AAD9W9Y6	cluster_1	~-F-W-Q-G-W-T-A-F-L--	W	T	other	Fungi	Ascomycota	Diplocarpon
A0AAE0BBE6	cluster_22	T-F-Y-H-G-H-V-S-F-L--	H	V	other	Plants	Chlorophyta	Cymbomonas
A0AAE0I1I8	cluster_1	~-F-W-Q-G-Y-V-S-F-L--	Y	V	other	Fungi	Ascomycota	Apodospora
A0AAE0MHC9	cluster_1	~-F-W-Q-G-Y-V-S-F-L--	Y	V	other	Fungi	Ascomycota	Cercophora
A0AAE0PSL3	cluster_2	V-F-W-E-N-L-T-S-F-L--	L	T	DHICA-like	Animals	Chordata	Hemibagrus
A0AAE0R4X5	cluster_2	~-F-W-E-N-D-S-A-F-L--	D	S	other	Animals	Chordata	Hemibagrus
A0AAE0RWU9	cluster_1	~-F-W-E-N-S-I-S-F-L--	S	I	other	Animals	Mollusca	Potamilus
A0AAE0VIU4	cluster_8	~-F-W-E-N-H-L-A-F-L--	H	L	other	Animals	Mollusca	Potamilus
A0AAE0WAF6	cluster_8	~-F-W-E-G-N-L-A-F-L--	N	L	other	Animals	Mollusca	Potamilus
A0AAE0X1P4	cluster_1	~-F-W-Q-G-Y-V-S-F-L--	Y	V	other	Fungi	Ascomycota	Podospora
A0AAE1A084	cluster_8	~-F-W-E-A-V-L-A-F-L--	V	L	other	Animals	Mollusca	Elysia
A0AAF5Q4Y1	cluster_1	V-F-W-E-S-L-P-S-F-L--	L	P	other	Animals	Nematoda	Wuchereria
A0AAF6B2Z5	cluster_4	~-F-W-E-I-M-A-S-F-L-C	M	A	other	Plants	Streptophyta	Marchantia
A0AAF6B2Z6	cluster_4	~-F-W-E-I-M-A-S-F-L-C	M	A	other	Plants	Streptophyta	Marchantia
A0AAI8BAJ9	cluster_14	~-F-W-E-G-T-V-A-F-L--	T	V	other	Bacteria	Pseudomonadota	Burkholderia
A0AAI8VM28	cluster_1	~-F-W-D-Q-G-L-S-F-L--	G	L	other	Fungi	Ascomycota	Anthostomella
A0AAJ5C3D7	cluster_1	~-F-C-E-A-Q-F-A-F-L--	Q	F	other	Fungi	Basidiomycota	Melanopsichium
A0AAJ7Q306	cluster_2	V-F-W-E-N-L-T-S-F-L--	L	T	DHICA-like	Animals	Chordata	Lates
A0AAJ7QL02	cluster_2	~-F-W-E-N-S-S-A-F-L--	S	S	other	Animals	Chordata	Lates
A0AAJ7TYS7	cluster_2	~-F-W-E-N-L-V-S-F-L--	L	V	other	Animals	Chordata	Petromyzon
A0AAJ7TZW6	cluster_2	~-F-W-E-N-L-V-S-F-L--	L	V	other	Animals	Chordata	Petromyzon
A0AAJ7U0Z5	cluster_2	~-F-W-E-N-L-V-S-F-L--	L	V	other	Animals	Chordata	Petromyzon
A0AAJ7U9M4	cluster_2	~-F-W-E-N-R-S-S-F-L--	R	S	other	Animals	Chordata	Petromyzon
A0AAN6DP90	cluster_1	~-F-W-L-S-F-I-S-W-L--	F	I	other	Fungi	Ascomycota	Exophiala
A0AAN6EN09	cluster_1	~-F-W-I-S-F-I-S-W-L--	F	I	other	Fungi	Ascomycota	Exophiala
A0AAN6EWD7	cluster_1	~-F-W-L-S-F-I-S-W-L--	F	I	other	Fungi	Ascomycota	Exophiala
A0AAN6IG51	cluster_1	~-F-W-I-S-F-I-S-W-L--	F	I	other	Fungi	Ascomycota	Exophiala
A0AAN6M599	cluster_1	~-L-W-E-K-T-P-T-F-L--	T	P	other	Fungi	Ascomycota	Pseudopithomyces
A0AAN7PMZ9	cluster_2	~-F-W-E-N-S-P-A-F-L--	S	P	DCT-like	Animals	Chordata	Mycteria
A0AAN7T5E4	cluster_1	~-F-W-V-S-F-I-S-W-L--	F	I	other	Fungi	Ascomycota	Lithohypha
A0AAN7WWB5	cluster_2	V-F-W-E-N-L-T-S-F-L--	L	T	DHICA-like	Animals	Chordata	Eleginops
A0AAN7XT79	cluster_2	V-F-W-E-N-L-T-S-F-L--	L	T	DHICA-like	Animals	Chordata	Eleginops
A0AAN8AID1	cluster_2	~-F-W-E-N-S-S-A-F-L--	S	S	other	Animals	Chordata	Eleginops
A0AAN8B043	cluster_2	V-F-W-E-N-L-T-S-F-L--	L	T	DHICA-like	Animals	Chordata	Champsocephalus
A0AAN8B0L0	cluster_2	V-F-W-E-N-L-T-S-F-L--	L	T	DHICA-like	Animals	Chordata	Champsocephalus
A0AAN8BY78	cluster_2	V-F-W-E-N-L-T-S-F-L--	L	T	DHICA-like	Animals	Chordata	Champsocephalus
A0AAN8C0B8	cluster_2	V-F-W-E-N-L-T-S-F-L--	L	T	DHICA-like	Animals	Chordata	Champsocephalus
A0AAN8C9H5	cluster_2	~-F-W-E-N-L-T-S-F-L--	L	T	DHICA-like	Animals	Chordata	Champsocephalus
A0AAN8DC90	cluster_2	~-F-W-E-N-S-S-A-F-L--	S	S	other	Animals	Chordata	Champsocephalus
A0AAN8F2Z4	cluster_1	~-F-W-N-S-F-I-S-W-L--	F	I	other	Fungi	Ascomycota	Knufia
A0AAN8GU54	cluster_2	~-F-W-E-N-S-S-A-F-L--	S	S	other	Animals	Chordata	Champsocephalus
A0AAN8I9N5	cluster_1	~-F-W-L-S-F-I-S-W-L--	F	I	other	Fungi	Ascomycota	Knufia
A0AAN8MCG8	cluster_2	V-F-W-E-N-L-T-S-F-L--	L	T	DHICA-like	Animals	Chordata	Coregonus
A0AAN8ME56	cluster_2	V-F-W-E-N-L-T-S-F-L--	L	T	DHICA-like	Animals	Chordata	Coregonus
A0AAN8Q5L3	cluster_2	V-F-W-E-N-L-T-S-F-L--	L	T	DHICA-like	Animals	Chordata	Coregonus
A0AAN9DB26	cluster_2	V-F-W-E-N-L-T-S-F-L--	L	T	DHICA-like	Animals	Chordata	Phoxinus
A0AAN9DBI4	cluster_2	V-F-W-E-N-L-T-S-F-L--	L	T	DHICA-like	Animals	Chordata	Phoxinus
A0AAN9DBP8	cluster_2	~-F-W-E-N-Q-S-A-F-L--	Q	S	other	Animals	Chordata	Phoxinus
A0AAN9DNL1	cluster_2	V-F-W-E-N-L-T-S-F-L--	L	T	DHICA-like	Animals	Chordata	Phoxinus
A0AAP7ZQB5	cluster_14	D-F-W-Q-G-V-I-A-F-L--	V	I	other	Bacteria	Pseudomonadota	Ralstonia
A0AAQ3KYK2	cluster_4	~-F-W-E-N-M-F-A-F-L-C	M	F	other	Plants	Streptophyta	Canna
A0AAQ3KZE2	cluster_4	~-F-W-E-N-M-F-A-F-L-C	M	F	other	Plants	Streptophyta	Canna
A0AAQ4Q114	cluster_2	~-F-W-E-N-S-S-A-F-L--	S	S	other	Animals	Chordata	Gasterosteus
A0AAQ4S355	cluster_2	V-F-W-E-N-L-T-S-F-L--	L	T	DHICA-like	Animals	Chordata	Gasterosteus
A0AAQ5X179	cluster_2	V-F-W-E-N-L-T-S-F-L--	L	T	DHICA-like	Animals	Chordata	Amphiprion
A0AAQ5XAY1	cluster_2	V-F-W-E-N-L-T-S-F-L--	L	T	DHICA-like	Animals	Chordata	Amphiprion
A0AAQ5Y3S0	cluster_2	~-F-W-E-N-S-S-A-F-L--	S	S	other	Animals	Chordata	Amphiprion
A0AAQ5Z856	cluster_2	V-F-W-E-N-L-T-S-F-L--	L	T	DHICA-like	Animals	Chordata	Amphiprion
A0AAQ5ZR95	cluster_2	V-F-W-E-N-L-T-S-F-L--	L	T	DHICA-like	Animals	Chordata	Amphiprion
A0AAQ6A9Q3	cluster_2	V-F-W-E-N-L-T-S-F-L--	L	T	DHICA-like	Animals	Chordata	Amphiprion
A0AAR2JSQ7	cluster_2	~-F-W-E-N-I-S-A-F-L--	I	S	other	Animals	Chordata	Pygocentrus
A0AAU7B3G6	cluster_974	~-F-W-E-G-M-N-S-F-L--	M	N	other	Bacteria	Actinomycetota	Paraconexibacter
A0AAU7EG80	cluster_14	~-F-W-E-G-V-I-S-F-L--	V	I	other	Bacteria	Bacteroidota	Mariniflexile
A0AAU9LEH6	cluster_5	E-F-W-E-N-A-F-A-F-L--	A	F	other	Oomycota	Oomycota	Peronospora
A0AAU9ZCW9	cluster_2	~-F-W-E-N-L-T-S-F-L--	L	T	DHICA-like	Animals	Chordata	Phodopus
A0AAU9ZQL3	cluster_2	~-F-W-E-N-S-P-A-F-L--	S	P	DCT-like	Animals	Chordata	Phodopus
A0AAV1EU58	cluster_2	V-F-W-E-N-L-T-S-F-L--	L	T	DHICA-like	Animals	Chordata	Xyrichtys
A0AAV1H1T1	cluster_2	~-F-W-E-N-D-S-A-F-L--	D	S	other	Animals	Chordata	Xyrichtys
A0AAV1HKY4	cluster_2	V-F-W-E-N-L-T-S-F-L--	L	T	DHICA-like	Animals	Chordata	Xyrichtys
A0AAV1N112	cluster_2	V-F-W-E-N-L-T-S-F-L--	L	T	DHICA-like	Animals	Chordata	Scomber
A0AAV1N299	cluster_2	V-F-W-E-N-L-T-S-F-L--	L	T	DHICA-like	Animals	Chordata	Scomber
A0AAV1N484	cluster_2	~-F-W-E-N-S-S-A-F-L--	S	S	other	Animals	Chordata	Scomber
A0AAV2JZN2	cluster_2	~-F-W-E-N-S-S-A-F-L--	S	S	other	Animals	Chordata	Knipowitschia
A0AAV2KRH7	cluster_2	V-F-W-E-N-L-T-S-F-L--	L	T	DHICA-like	Animals	Chordata	Knipowitschia
A0AAV2LM82	cluster_2	V-F-W-E-N-L-T-S-F-L--	L	T	DHICA-like	Animals	Chordata	Knipowitschia
A0AAV3ANS4	cluster_2	~-F-W-E-N-E-S-A-F-L--	E	S	other	Animals	Chordata	Pyxicephalus
A0AAV3AQX7	cluster_2	V-F-W-E-N-L-T-S-F-L--	L	T	DHICA-like	Animals	Chordata	Pyxicephalus
A0AAV3B0N1	cluster_2	V-F-W-E-N-L-T-S-F-L--	L	T	DHICA-like	Animals	Chordata	Pyxicephalus
A0AAV4HL71	cluster_8	S-F-W-E-A-V-L-A-F-L--	V	L	other	Animals	Mollusca	Elysia
A0AAV6H7X6	cluster_2	~-F-W-E-N-S-S-A-F-L--	S	S	other	Animals	Chordata	Alosa
A0AAV6QBS0	cluster_2	V-F-W-E-N-L-T-S-F-L--	L	T	DHICA-like	Animals	Chordata	Solea
A0AAV6QV07	cluster_2	V-F-W-E-N-L-T-S-F-L--	L	T	DHICA-like	Animals	Chordata	Solea
A0AAV6RCW8	cluster_2	~-F-W-E-N-S-S-A-F-L--	S	S	other	Animals	Chordata	Solea
A0AAV7CMP1	cluster_2	~-F-W-E-N-A-S-A-F-L--	A	S	other	Animals	Chordata	Engystomops
A0AAV7DG22	cluster_2	V-F-W-E-N-L-T-S-F-L--	L	T	DHICA-like	Animals	Chordata	Engystomops
A0AAV7NJ16	cluster_2	~-F-W-E-N-S-S-A-F-L--	S	S	other	Animals	Chordata	Pleurodeles
A0AAV7W153	cluster_2	~-F-W-E-N-L-T-S-F-L--	L	T	DHICA-like	Animals	Chordata	Pleurodeles
A0AAV9DQ84	cluster_4	~-F-W-E-S-A-F-A-F-L-C	A	F	other	Plants	Streptophyta	Acorus
A0AAV9NEM7	cluster_1	~-F-W-L-S-F-I-S-W-L--	F	I	other	Fungi	Ascomycota	Exophiala
A0AAV9NM11	cluster_1	~-F-W-I-S-F-I-S-W-L--	F	I	other	Fungi	Ascomycota	Exophiala
A0AAV9PYQ5	cluster_1	~-F-W-L-S-F-I-S-W-L--	F	I	other	Fungi	Ascomycota	Vermiconidia
A0AAV9Q2N9	cluster_1	~-F-W-I-S-F-I-S-W-L--	F	I	other	Fungi	Ascomycota	Vermiconidia
A0AAV9QGM4	cluster_1	~-F-W-L-G-F-I-S-W-L--	F	I	other	Fungi	Ascomycota	Vermiconidia
A0AAV9RH71	cluster_2	V-F-W-E-N-L-T-S-F-L--	L	T	DHICA-like	Animals	Chordata	Crenichthys
A0AAV9RYA1	cluster_2	V-F-W-E-N-L-T-S-F-L--	L	T	DHICA-like	Animals	Chordata	Crenichthys
A0AAV9S668	cluster_2	~-F-W-E-N-A-S-A-F-L--	A	S	other	Animals	Chordata	Crenichthys
A0AAV9V0T6	cluster_821	~-F-W-E-D-G-N-T-F-L-C	G	N	other	Fungi	Ascomycota	Orbilia
A0AAV9W0J7	cluster_15	~-F-W-E-D-G-N-T-F-L-C	G	N	other	Fungi	Ascomycota	Arthrobotrys
A0AAW0MVQ9	cluster_2	~-F-W-E-N-S-S-A-F-L--	S	S	other	Animals	Chordata	Mugilogobius
A0AAW0P4U7	cluster_2	V-F-W-E-N-L-T-S-F-L--	L	T	DHICA-like	Animals	Chordata	Mugilogobius
A0AAW0PKN3	cluster_2	V-F-W-E-N-L-T-S-F-L--	L	T	DHICA-like	Animals	Chordata	Mugilogobius
A0AAW0QU21	cluster_1	~-L-W-E-R-T-P-P-F-L--	T	P	other	Fungi	Ascomycota	Apiospora
A0AAW0R494	cluster_1	~-F-W-Q-S-F-V-S-F-L--	F	V	other	Fungi	Ascomycota	Apiospora
A0AAW1C1T5	cluster_2	~-F-W-E-N-L-T-S-F-L--	L	T	DHICA-like	Animals	Chordata	Crotalus
A0AAW1ETR3	cluster_2	V-F-W-E-N-L-T-S-F-L--	L	T	DHICA-like	Animals	Chordata	Zoarces
A0AAW1FT31	cluster_2	~-F-W-E-N-S-S-A-F-L--	S	S	other	Animals	Chordata	Zoarces
A0AAW1FYT0	cluster_2	V-F-W-E-N-L-T-S-F-L--	L	T	DHICA-like	Animals	Chordata	Zoarces
A0AAW1G8T0	cluster_2	A-F-W-E-K-H-K-A-S-L--	H	K	other	Animals	Chordata	Zoarces
A0AAW2A843	cluster_2	~-F-W-E-N-Q-S-A-F-L--	Q	S	other	Animals	Chordata	Culter
A0AAW2AI30	cluster_2	V-F-W-E-N-L-T-S-F-L--	L	T	DHICA-like	Animals	Chordata	Culter
A0AAW2B4K4	cluster_2	V-F-W-E-N-L-T-S-F-L--	L	T	DHICA-like	Animals	Chordata	Culter
A0AAW2YXC5	cluster_159	~-F-W-E-D-G-N-T-F-L-C	G	N	other	?	Heterolobosea	Acrasis
A0AAW3DP87	cluster_2	~-F-W-E-N-L-T-S-F-L--	L	T	DHICA-like	Animals	Chordata	Pterocles
A0AAX6MK48	cluster_1	~-L-W-E-L-T-P-T-F-L--	T	P	other	Fungi	Ascomycota	Daldinia
A0AAX6NW88	cluster_2	~-F-W-E-N-L-T-S-F-L--	L	T	DHICA-like	Animals	Chordata	Heterocephalus
A0AAX6NWD9	cluster_2	~-F-W-E-N-L-T-S-F-L--	L	T	DHICA-like	Animals	Chordata	Heterocephalus
A0AAX6QCB8	cluster_2	~-F-W-E-N-S-P-A-F-L--	S	P	DCT-like	Animals	Chordata	Heterocephalus
A0AAX7SMN4	cluster_2	V-F-W-E-N-L-T-S-F-L--	L	T	DHICA-like	Animals	Chordata	Astatotilapia
A0AAX7SQZ7	cluster_2	V-F-W-E-N-L-T-S-F-L--	L	T	DHICA-like	Animals	Chordata	Astatotilapia
A0AAX7TC49	cluster_2	~-F-W-E-N-L-T-S-F-L--	L	T	DHICA-like	Animals	Chordata	Astatotilapia
A0AAX7TTQ8	cluster_2	~-F-W-E-N-S-A-A-F-L--	S	A	other	Animals	Chordata	Astatotilapia
A0AAX7TXW4	cluster_2	V-F-W-E-N-L-T-S-F-L--	L	T	DHICA-like	Animals	Chordata	Astatotilapia
A0AAX7TYZ9	cluster_2	V-F-W-E-N-L-T-S-F-L--	L	T	DHICA-like	Animals	Chordata	Astatotilapia
A0AAX7U8V1	cluster_2	V-F-W-E-N-L-T-S-F-L--	L	T	DHICA-like	Animals	Chordata	Astatotilapia
A0AAX7UCM2	cluster_2	V-F-W-E-N-L-T-S-F-L--	L	T	DHICA-like	Animals	Chordata	Astatotilapia
A0AAX7UM13	cluster_2	~-F-W-E-N-S-A-A-F-L--	S	A	other	Animals	Chordata	Astatotilapia
A0AAX7UUV6	cluster_2	~-F-W-E-N-S-A-A-F-L--	S	A	other	Animals	Chordata	Astatotilapia
A0AAX7V641	cluster_2	V-F-W-E-N-L-T-S-F-L--	L	T	DHICA-like	Animals	Chordata	Astatotilapia
A0AAY4AKJ8	cluster_2	V-F-W-E-N-L-T-S-F-L--	L	T	DHICA-like	Animals	Chordata	Denticeps
A0AAY4B6X4	cluster_2	V-F-W-E-N-L-T-S-F-L--	L	T	DHICA-like	Animals	Chordata	Denticeps
A0AAY4B9S1	cluster_2	V-F-W-E-N-L-T-S-F-L--	L	T	DHICA-like	Animals	Chordata	Denticeps
A0AAY4B9S7	cluster_2	V-F-W-E-N-L-T-S-F-L--	L	T	DHICA-like	Animals	Chordata	Denticeps
A0AAY4DGX2	cluster_2	~-F-W-E-N-S-S-A-F-L--	S	S	other	Animals	Chordata	Denticeps
A0AAY4DHZ8	cluster_2	~-F-W-E-N-S-S-A-F-L--	S	S	other	Animals	Chordata	Denticeps
A0AAZ3NQW4	cluster_2	V-F-W-E-N-L-T-S-F-L--	L	T	DHICA-like	Animals	Chordata	Oncorhynchus
A0AAZ3PEP9	cluster_2	~-F-W-E-N-S-S-A-F-L--	S	S	other	Animals	Chordata	Oncorhynchus
A0AAZ3PG11	cluster_2	~-F-W-E-N-S-S-A-F-L--	S	S	other	Animals	Chordata	Oncorhynchus
A0AAZ3PVG4	cluster_2	~-F-W-E-N-S-S-A-F-L--	S	S	other	Animals	Chordata	Oncorhynchus
A0AAZ3PZM4	cluster_2	V-F-W-E-N-L-T-S-F-L--	L	T	DHICA-like	Animals	Chordata	Oncorhynchus
A0AAZ3Q1B1	cluster_2	V-F-W-E-N-L-T-S-F-L--	L	T	DHICA-like	Animals	Chordata	Oncorhynchus
A0AAZ3QFD9	cluster_2	V-F-W-E-N-L-T-S-F-L--	L	T	DHICA-like	Animals	Chordata	Oncorhynchus
A0AAZ3R9K4	cluster_2	V-F-W-E-N-L-T-S-F-L--	L	T	DHICA-like	Animals	Chordata	Oncorhynchus
A0AB33VCY9	cluster_14	D-F-W-Q-G-V-I-A-F-L--	V	I	other	Bacteria	Pseudomonadota	Ralstonia
A0AB40BNR7	cluster_4	~-F-W-E-N-Q-F-A-F-L-C	Q	F	other	Plants	Streptophyta	Dioscorea
A0AB40BPK1	cluster_4	~-F-W-E-N-M-F-A-F-L-C	M	F	other	Plants	Streptophyta	Dioscorea
A0ABC9Y2Q8	cluster_2	~-F-W-E-N-L-T-S-F-L--	L	T	DHICA-like	Animals	Chordata	Grus
A0ABD0VZS5	cluster_2	~-F-W-E-N-A-S-A-F-L--	A	S	other	Animals	Chordata	Umbra
A0ABD0WFA0	cluster_2	V-F-W-E-N-L-T-S-F-L--	L	T	DHICA-like	Animals	Chordata	Umbra
A0ABD0XRB5	cluster_2	V-F-W-E-N-L-T-S-F-L--	L	T	DHICA-like	Animals	Chordata	Umbra
A0ABD1G2N0	cluster_4	~-F-W-E-T-V-F-T-F-L-C	V	F	other	Plants	Streptophyta	Salvia
A0ABD1IVV8	cluster_2	V-F-W-E-N-L-T-S-F-L--	L	T	DHICA-like	Animals	Chordata	Coilia
A0ABD1J3F5	cluster_2	~-F-W-E-N-T-S-A-F-L--	T	S	other	Animals	Chordata	Coilia
A0ABD2GQC6	cluster_2	~-F-W-E-N-S-S-A-F-L--	S	S	other	Animals	Chordata	Pagothenia
A0ABD2HL96	cluster_2	V-F-W-E-N-L-T-S-F-L--	L	T	DHICA-like	Animals	Chordata	Pagothenia
A0ABD2K7K4	cluster_1	~-F-W-E-G-L-Q-A-F-L--	L	Q	other	Animals	Nematoda	Heterodera
A0ABD2KDC3	cluster_1	~-F-W-E-G-L-Q-A-F-L--	L	Q	other	Animals	Nematoda	Heterodera
A0ABD3VBF2	cluster_1	R-F-W-E-N-S-I-S-F-L--	S	I	other	Animals	Mollusca	Sinanodonta
A0ABD3VGD3	cluster_8	~-F-W-E-N-H-L-A-F-L--	H	L	other	Animals	Mollusca	Sinanodonta
A0ABD3VGY0	cluster_8	~-F-W-E-G-N-L-A-F-L--	N	L	other	Animals	Mollusca	Sinanodonta
A0ABD6E420	cluster_1	~-F-W-E-S-I-P-S-F-L--	I	P	other	Animals	Nematoda	Gnathostoma
A0ABF7RBE4	cluster_14	D-F-W-Q-G-V-I-A-F-L--	V	I	other	Bacteria	Pseudomonadota	Ralstonia
A0ABI7XDW7	cluster_2	~-F-W-E-N-L-T-S-F-L--	L	T	DHICA-like	Animals	Chordata	Felis
A0ABI7XE49	cluster_2	~-F-W-E-N-L-T-S-F-L--	L	T	DHICA-like	Animals	Chordata	Felis
A0ABI7XPN1	cluster_2	~-F-W-E-N-S-P-A-F-L--	S	P	DCT-like	Animals	Chordata	Felis
A0ABK0LB88	cluster_2	~-F-W-E-N-S-P-A-F-L--	S	P	DCT-like	Animals	Chordata	Rattus
A0ABM0IS91	cluster_2	~-F-W-E-N-L-T-S-F-L--	L	T	DHICA-like	Animals	Chordata	Echinops
A0ABM0IX43	cluster_2	~-F-W-E-N-S-P-A-F-L--	S	P	DCT-like	Animals	Chordata	Echinops
A0ABM0KZ61	cluster_2	~-F-W-E-N-S-P-A-F-L--	S	P	DCT-like	Animals	Chordata	Microtus
A0ABM0QN44	cluster_2	~-F-W-E-N-S-P-A-F-L--	S	P	DCT-like	Animals	Chordata	Galeopterus
A0ABM1CCM5	cluster_2	~-F-W-E-N-S-P-A-F-L--	S	P	DCT-like	Animals	Chordata	Ceratotherium
A0ABM1D7X1	cluster_2	~-F-W-E-N-L-T-S-F-L--	L	T	DHICA-like	Animals	Chordata	Ceratotherium
A0ABM1JLG6	cluster_2	~-F-W-E-N-L-T-S-F-L--	L	T	DHICA-like	Animals	Chordata	Gekko
A0ABM1KK45	cluster_2	~-F-W-E-N-G-P-A-F-L--	G	P	other	Animals	Chordata	Gekko
A0ABM1U862	cluster_2	~-F-W-E-N-L-T-S-F-L--	L	T	DHICA-like	Animals	Chordata	Microtus
A0ABM2BF32	cluster_2	~-F-W-E-N-S-S-A-F-L--	S	S	other	Animals	Chordata	Salmo
A0ABM2F8X9	cluster_2	~-F-W-E-N-L-T-S-F-L--	L	T	DHICA-like	Animals	Chordata	Equus
A0ABM2F9W3	cluster_2	~-F-W-E-N-S-P-A-F-L--	S	P	DCT-like	Animals	Chordata	Equus
A0ABM3EB94	cluster_2	V-F-W-E-N-L-T-S-F-L--	L	T	DHICA-like	Animals	Chordata	Salmo
A0ABM3EC59	cluster_2	V-F-W-E-N-L-T-S-F-L--	L	T	DHICA-like	Animals	Chordata	Salmo
A0ABM3SUX7	cluster_2	~-F-W-E-N-S-P-A-F-L--	S	P	DCT-like	Animals	Chordata	Balaenoptera
A0ABM3XFY6	cluster_2	~-F-W-E-N-S-P-A-F-L--	S	P	DCT-like	Animals	Chordata	Erinaceus
A0ABM4G3K3	cluster_2	~-F-W-E-N-L-T-S-F-L--	L	T	DHICA-like	Animals	Chordata	Apteryx
A0ABM4J954	cluster_2	~-F-W-E-N-L-T-S-F-L--	L	T	DHICA-like	Animals	Chordata	Odocoileus
A0ABM5D3Q1	cluster_2	~-F-W-E-N-L-T-S-F-L--	L	T	DHICA-like	Animals	Chordata	Vicugna
A0ABM5EHD2	cluster_2	V-F-W-E-N-S-P-A-F-L--	S	P	DCT-like	Animals	Chordata	Vicugna
A0ABN1REM5	cluster_74	M-F-W-E-G-A-M-S-F-L--	A	M	other	Bacteria	Actinomycetota	Streptomyces
A0ABN2SNM7	cluster_57	H-F-W-K-D-S-A-S-V-L--	S	A	other	Bacteria	Actinomycetota	Microbacterium
A0ABN8CQI3	cluster_5	H-F-W-E-N-S-A-S-F-L--	S	A	other	Oomycota	Oomycota	Peronospora
A0ABN8YBF2	cluster_2	~-F-W-E-N-L-T-S-F-L--	L	T	DHICA-like	Animals	Chordata	Rangifer
A0ABN8ZZ61	cluster_2	~-F-W-E-N-S-P-A-F-L--	S	P	DCT-like	Animals	Chordata	Rangifer
A0ABN9BC64	cluster_2	V-F-W-E-N-L-T-S-F-L--	L	T	DHICA-like	Animals	Chordata	Staurois
A0ABN9DT98	cluster_2	~-F-W-E-N-D-S-A-F-L--	D	S	other	Animals	Chordata	Staurois
A0ABN9M8V0	cluster_2	V-F-W-E-N-L-T-S-F-L--	L	T	DHICA-like	Animals	Chordata	Ranitomeya
A0ABN9Z792	cluster_2	~-F-W-E-N-L-T-S-F-L--	L	T	DHICA-like	Animals	Chordata	Pipistrellus
A0ABN9ZY76	cluster_2	~-F-W-E-N-S-P-A-F-L--	S	P	DCT-like	Animals	Chordata	Pipistrellus
A0ABP0GBU0	cluster_2	~-F-W-E-N-L-T-S-F-L--	L	T	DHICA-like	Animals	Chordata	Clavelina
A0ABP7CF56	cluster_26	~-F-W-E-G-G-Q-A-V-L--	G	Q	other	Bacteria	Actinomycetota	Lentzea
A0ABP9DA98	cluster_21	~-F-W-E-N-N-P-A-F-L--	N	P	other	Bacteria	Actinomycetota	Kitasatospora
A0ABQ0ENE7	cluster_2	~-F-W-E-N-L-H-S-F-L--	L	H	other	Animals	Chordata	Apodemus
A0ABQ0FIV4	cluster_2	~-F-W-E-N-S-P-A-F-L--	S	P	DCT-like	Animals	Chordata	Apodemus
A0ABQ1AV24	cluster_42	~-F-W-E-D-V-P-A-V-L--	V	P	other	Fungi	Ascomycota	Aspergillus
A0ABQ2YFE6	cluster_1	F-F-W-E-N-R-G-S-F-L--	R	G	other	Bacteria	Actinomycetota	Streptomyces
A0ABQ8MF75	cluster_2	~-F-W-E-N-V-S-A-F-L--	V	S	other	Animals	Chordata	Labeo
A0ABQ8MHA6	cluster_2	V-F-W-E-N-L-T-S-F-L--	L	T	DHICA-like	Animals	Chordata	Labeo
A0ABQ8N2B6	cluster_2	V-F-W-E-N-L-T-S-F-L--	L	T	DHICA-like	Animals	Chordata	Labeo
A0ABQ9D1C5	cluster_2	~-F-W-E-N-L-T-S-F-L--	L	T	DHICA-like	Animals	Chordata	Willisornis
A0ABQ9DKS8	cluster_170	V-F-W-E-N-S-P-A-F-L--	S	P	DCT-like	Animals	Chordata	Willisornis
A0ABQ9EEY9	cluster_1	~-F-W-E-N-Q-I-S-F-L--	Q	I	other	Animals	Mollusca	Tegillarca
A0ABQ9EIC8	cluster_1	~-F-W-E-N-Q-I-S-F-L--	Q	I	other	Animals	Mollusca	Tegillarca
A0ABR0EDL9	cluster_1	~-L-W-E-G-V-T-A-F-L--	V	T	other	Fungi	Ascomycota	Zasmidium
A0ABR0IZ48	cluster_1	~-F-W-L-S-F-I-S-W-L--	F	I	other	Fungi	Ascomycota	Exophiala
A0ABR0JMJ3	cluster_1	~-F-W-I-S-F-I-S-W-L--	F	I	other	Fungi	Ascomycota	Exophiala
A0ABR0KBS0	cluster_1	~-F-W-L-S-F-I-S-W-L--	F	I	other	Fungi	Ascomycota	Lithohypha
A0ABR0KH52	cluster_1	~-F-W-V-S-F-I-S-W-L--	F	I	other	Fungi	Ascomycota	Lithohypha
A0ABR0RAB7	cluster_1	~-F-W-N-S-F-I-S-W-L--	F	I	other	Fungi	Ascomycota	Knufia
A0ABR0RMX2	cluster_1	~-F-W-L-S-F-I-S-W-L--	F	I	other	Fungi	Ascomycota	Knufia
A0ABR0ZQQ5	cluster_2	~-F-W-E-N-S-S-A-F-L--	S	S	other	Animals	Chordata	Huso
A0ABR1A854	cluster_2	~-F-W-E-N-L-T-S-F-L--	L	T	DHICA-like	Animals	Chordata	Huso
A0ABR1AA95	cluster_2	V-F-W-E-N-L-T-S-F-L--	L	T	DHICA-like	Animals	Chordata	Huso
A0ABR1FIM5	cluster_9	~-F-H-L-G-M-T-A-F-L-C	M	T	other	Oomycota	?	Aureococcus
A0ABR1FM11	cluster_9	~-F-H-N-G-I-T-A-F-L-C	I	T	other	Oomycota	?	Aureococcus
A0ABR1FNF4	cluster_9	~-I-H-N-G-I-T-A-F-L-C	I	T	other	Oomycota	?	Aureococcus
A0ABR1FVE4	cluster_9	~-I-H-N-G-I-T-A-F-L-C	I	T	other	Oomycota	?	Aureococcus
A0ABR1FVJ0	cluster_9	~-F-H-N-G-M-T-A-F-L-C	M	T	other	?	?	?
A0ABR1FXP3	cluster_426	~-F-H-L-G-M-T-A-F-L-C	M	T	other	Oomycota	?	Aureococcus
A0ABR1G1D4	cluster_9	~-F-H-L-G-M-T-A-F-L-C	M	T	other	Oomycota	?	Aureococcus
A0ABR1G299	cluster_9	~-F-H-N-G-I-T-A-F-L-C	I	T	other	Oomycota	?	Aureococcus
A0ABR1G9F7	cluster_9	~-I-H-L-G-M-T-A-F-L-C	M	T	other	Oomycota	?	Aureococcus
A0ABR1GAP7	cluster_9	~-F-H-L-G-M-T-A-F-L-C	M	T	other	Oomycota	?	Aureococcus
A0ABR1GC57	cluster_9	~-I-H-F-G-L-T-A-F-L-C	L	T	DHICA-like	Oomycota	?	Aureococcus
A0ABR1GFH3	cluster_976	~-F-H-N-G-I-T-A-F-L-C	I	T	other	Oomycota	?	Aureococcus
A0ABR1PTR5	cluster_1	~-F-W-Q-S-F-V-S-F-L--	F	V	other	Fungi	Ascomycota	Apiospora
A0ABR1Q1Z9	cluster_1	~-L-W-E-R-T-P-P-F-L--	T	P	other	Fungi	Ascomycota	Apiospora
A0ABR1RIT4	cluster_1	~-F-W-Q-S-F-V-S-F-L--	F	V	other	Fungi	Ascomycota	Apiospora
A0ABR1RWY1	cluster_1	~-F-W-Q-S-F-V-S-F-L--	F	V	other	Fungi	Ascomycota	Apiospora
A0ABR1RZG1	cluster_1	~-L-W-E-R-T-P-P-F-L--	T	P	other	Fungi	Ascomycota	Apiospora
A0ABR1UEM7	cluster_1	~-F-W-Q-S-F-V-S-F-L--	F	V	other	Fungi	Ascomycota	Apiospora
A0ABR1VBU5	cluster_1	~-L-W-E-R-T-P-P-F-L--	T	P	other	Fungi	Ascomycota	Apiospora
A0ABR1VKF8	cluster_1	~-L-W-E-R-T-P-P-F-L--	T	P	other	Fungi	Ascomycota	Apiospora
A0ABR1VWS6	cluster_1	~-L-W-E-R-T-P-P-F-L--	T	P	other	Fungi	Ascomycota	Apiospora
A0ABR1X8Z2	cluster_1	~-F-W-L-S-F-V-S-F-L--	F	V	other	Fungi	Ascomycota	Apiospora
A0ABR2HLE4	cluster_1	~-F-W-Q-S-F-V-S-F-L--	F	V	other	Fungi	Ascomycota	Apiospora
A0ABR2JIV1	cluster_1	~-L-W-E-R-T-P-P-F-L--	T	P	other	Fungi	Ascomycota	Apiospora
A0ABR2WA08	cluster_1	~-F-W-E-S-V-E-S-F-L--	V	E	other	Fungi	Zoopagomycota	Basidiobolus
A0ABR3MRW9	cluster_2	~-F-W-E-N-L-S-A-F-L--	L	S	other	Animals	Chordata	Cirrhinus
A0ABR3N0H9	cluster_2	V-F-W-E-N-L-T-S-F-L--	L	T	DHICA-like	Animals	Chordata	Cirrhinus
A0ABR3P0F5	cluster_2	V-F-W-E-N-L-T-S-F-L--	L	T	DHICA-like	Animals	Chordata	Cirrhinus
A0ABR3RMI3	cluster_1	~-L-W-E-K-T-P-T-F-L--	T	P	other	Fungi	Ascomycota	Paraconiothyrium
A0ABR5HYB5	cluster_1	~-F-W-E-N-R-G-S-F-L--	R	G	other	Bacteria	Actinomycetota	Streptomyces
A0ABR8BHZ7	cluster_14	~-F-W-E-A-V-V-A-F-L--	V	V	other	Bacteria	Cyanobacteriota	Nostoc
A0ABR8D7N7	cluster_14	~-F-W-E-A-V-V-A-F-L--	V	V	other	Bacteria	Cyanobacteriota	Anabaena
A0ABS2YJW5	cluster_2	~-F-W-E-N-L-T-S-F-L--	L	T	DHICA-like	Animals	Chordata	Polyodon
A0ABS2YMB6	cluster_2	V-F-W-E-N-L-T-S-F-L--	L	T	DHICA-like	Animals	Chordata	Polyodon
A0ABS2YMS8	cluster_2	~-F-W-E-N-S-S-A-F-L--	S	S	other	Animals	Chordata	Polyodon
A0ABS2YYH9	cluster_2	V-F-W-E-N-L-T-S-F-L--	L	T	DHICA-like	Animals	Chordata	Polypterus
A0ABS4R1Z8	cluster_14	~-F-W-E-G-T-I-A-F-L--	T	I	other	Bacteria	Pseudomonadota	Sinorhizobium
A0ABS8MPT4	cluster_1063	~-F-W-E-G-V-V-A-F-L--	V	V	other	Bacteria	Bacteroidota	Flavobacterium
A0ABT5C395	cluster_82	~-L-W-D-V-L-F-L-F-L--	L	F	other	Bacteria	Myxococcota	Sorangium
A0ABU2SWM0	cluster_42	~-F-W-E-N-G-Q-A-V-L--	G	Q	other	Bacteria	Actinomycetota	Streptomyces
A0ABU2WI91	cluster_631	~-F-W-E-R-D-G-A-F-L-C	D	G	other	?	?	?
A0ABU3L7B5	cluster_49	~-F-W-E-N-G-P-S-F-L--	G	P	other	Bacteria	Bacteroidota	Pricia
A0ABU4T9S4	cluster_26	~-F-W-E-G-G-Q-A-V-L--	G	Q	other	Bacteria	Actinomycetota	Lentzea
A0ABU4TMS8	cluster_26	~-F-W-E-G-G-G-A-V-L--	G	G	other	Bacteria	Actinomycetota	Lentzea
A0ABU4XE34	cluster_42	~-F-W-E-N-G-A-S-V-L--	G	A	other	Bacteria	Pseudomonadota	Mesorhizobium
A0ABU7A3I3	cluster_2	V-F-W-E-N-L-T-S-F-L--	L	T	DHICA-like	Animals	Chordata	Ataeniobius
A0ABU7BL55	cluster_2	~-F-W-E-N-A-S-A-F-L--	A	S	other	Animals	Chordata	Ataeniobius
A0ABU7E0A2	cluster_2	V-F-W-E-N-L-T-S-F-L--	L	T	DHICA-like	Animals	Chordata	Characodon
A0ABU7EWP2	cluster_2	V-F-W-E-N-L-T-S-F-L--	L	T	DHICA-like	Animals	Chordata	Characodon
A0ABU7F0U7	cluster_2	~-F-W-E-N-A-S-A-F-L--	A	S	other	Animals	Chordata	Characodon
A0ABV0NDD2	cluster_2	V-F-W-E-N-L-T-S-F-L--	L	T	DHICA-like	Animals	Chordata	Goodea
A0ABV0PFT7	cluster_2	V-F-W-E-N-L-T-S-F-L--	L	T	DHICA-like	Animals	Chordata	Goodea
A0ABV0TA70	cluster_2	V-F-W-E-N-L-T-S-F-L--	L	T	DHICA-like	Animals	Chordata	Ilyodon
A0ABV0UK39	cluster_2	~-F-W-E-N-L-T-S-F-L--	L	T	DHICA-like	Animals	Chordata	Ilyodon
A0ABV0WM05	cluster_2	V-F-W-E-N-A-S-A-F-L--	A	S	other	Animals	Chordata	Xenotaenia
A0ABV0WX32	cluster_2	V-F-W-E-N-L-T-S-F-L--	L	T	DHICA-like	Animals	Chordata	Xenotaenia
A0ABV0ZM75	cluster_2	~-F-W-E-N-A-S-A-F-L--	A	S	other	Animals	Chordata	Ameca
A0ABV1AB42	cluster_2	V-F-W-E-N-L-T-S-F-L--	L	T	DHICA-like	Animals	Chordata	Ameca
A0ABV3R4B9	cluster_14	~-F-W-E-N-G-G-S-F-L--	G	G	other	Bacteria	Pseudomonadota	Mesorhizobium
A0ABV8U584	cluster_375	F-F-W-E-N-V-G-S-F-L--	V	G	other	Bacteria	Actinomycetota	Salininema
A0ABW0A390	cluster_1	F-F-W-E-N-R-G-S-F-L--	R	G	other	Bacteria	Actinomycetota	Streptomyces
A0ABW0IM43	cluster_14	~-F-W-E-G-T-P-A-F-L--	T	P	other	Bacteria	Bacteroidota	Larkinella
A0ABW4XFF4	cluster_1017	~-F-W-E-G-V-F-A-F-L--	V	F	other	Bacteria	Actinomycetota	Blastococcus
A0ABW6M374	cluster_1019	~-F-W-Q-N-S-A-S-V-L--	S	A	other	Bacteria	Actinomycetota	Streptomyces
A0ABW7QBQ2	cluster_14	D-F-W-Q-G-M-P-A-F-L--	M	P	other	Bacteria	Actinomycetota	Microbacterium
A0ABW9CBJ6	cluster_26	~-F-W-E-N-G-A-S-V-L--	G	A	other	Bacteria	Pseudomonadota	Paraburkholderia
A0ABX1MB29	cluster_1	M-F-W-E-N-A-T-S-F-L--	A	T	other	Bacteria	Cyanobacteriota	Brasilonema
A0ABX7ZE98	cluster_14	D-F-W-Q-G-V-I-A-F-L--	V	I	other	Bacteria	Pseudomonadota	Ralstonia
A0ABX7ZSL6	cluster_14	D-F-W-Q-G-V-I-A-F-L--	V	I	other	Bacteria	Pseudomonadota	Ralstonia
A0ABX9EDT1	cluster_26	~-F-W-E-G-G-Q-A-V-L--	G	Q	other	Bacteria	Actinomycetota	Lentzea
A0ABY2RQH2	cluster_523	~-F-W-E-G-G-Q-S-V-L--	G	Q	other	Bacteria	Actinomycetota	Rhodococcus
A0ABY6UE63	cluster_1	~-F-W-D-P-K-F-S-F-L--	K	F	other	Fungi	Ascomycota	Bionectria
A0ABY6UPY2	cluster_1	~-F-W-D-G-Q-F-S-F-L--	Q	F	other	Fungi	Ascomycota	Bionectria
A0ABY7GC10	cluster_8	~-F-F-E-N-L-P-A-F-L--	L	P	other	Animals	Mollusca	Mya
A0ABY8U111	cluster_3	~-F-W-E-G-V-V-A-F-L-C	V	V	other	Plants	Chlorophyta	Tetradesmus
A0ABY8UC38	cluster_72	~-F-W-E-N-N-L-A-F-L-C	N	L	other	Plants	Chlorophyta	Tetradesmus
A0ABZ0KMA8	cluster_42	~-F-W-E-D-G-P-A-V-L--	G	P	other	Bacteria	Actinomycetota	Streptomyces
A0AC11AXG3	cluster_2	~-F-W-E-N-S-P-A-F-L--	S	P	DCT-like	Animals	Chordata	Ovis
A0AC11BLN5	cluster_2	~-F-W-E-N-L-T-S-F-L--	L	T	DHICA-like	Animals	Chordata	Ovis
A0AC34F8Y4	cluster_1	~-F-W-E-A-F-P-A-F-L--	F	P	other	Animals	Nematoda	Panagrolaimus
A0AC58G2C5	cluster_2	V-F-W-E-N-L-T-S-F-L--	L	T	DHICA-like	Animals	Chordata	Danio
A0AC58G2D5	cluster_2	V-F-W-E-N-L-T-S-F-L--	L	T	DHICA-like	Animals	Chordata	Danio
A0AC58KST4	cluster_2	~-F-W-E-N-L-T-S-F-L--	L	T	DHICA-like	Animals	Chordata	Castor
A0AC59YLH1	cluster_2	~-F-W-E-N-L-T-S-F-L--	L	T	DHICA-like	Animals	Chordata	Rangifer
A0AC60A772	cluster_2	~-F-W-E-N-S-P-A-F-L--	S	P	DCT-like	Animals	Chordata	Rangifer
A0ACA9U4J8	cluster_1	~-F-W-F-G-Q-F-S-F-L--	Q	F	other	Fungi	Ascomycota	Clonostachys
A0ACB0EDL1	cluster_2	~-F-W-E-N-L-T-S-F-L--	L	T	DHICA-like	Animals	Chordata	Rangifer
A0ACB0FHL5	cluster_2	~-F-W-E-N-S-P-A-F-L--	S	P	DCT-like	Animals	Chordata	Rangifer
A0ACB0YU33	cluster_1	F-F-F-E-G-G-A-S-F-L--	G	A	other	Animals	Nematoda	Meloidogyne
A0ACB1AP86	cluster_1	F-F-F-E-G-G-A-S-F-L--	G	A	other	Animals	Nematoda	Meloidogyne
A0ACB1AZH1	cluster_1	F-F-F-E-G-G-A-S-F-L--	G	A	other	Animals	Nematoda	Meloidogyne
A0ACB6RVN5	cluster_3	~-F-W-E-D-N-A-S-F-L-C	N	A	other	Fungi	Ascomycota	Macroventuria
A0ACB7EW16	cluster_2	~-F-W-E-N-L-T-S-F-L--	L	T	DHICA-like	Animals	Chordata	Nibea
A0ACB7VR67	cluster_4	C-F-W-E-N-Q-F-A-F-L-C	Q	F	other	Plants	Streptophyta	Dioscorea
A0ACB7VR93	cluster_4	~-F-W-E-N-Q-F-A-F-L-C	Q	F	other	Plants	Streptophyta	Dioscorea
A0ACB7VRA3	cluster_4	~-F-W-E-N-Q-F-A-F-L-C	Q	F	other	Plants	Streptophyta	Dioscorea
A0ACB7VS42	cluster_4	~-F-W-E-N-M-F-A-F-L-C	M	F	other	Plants	Streptophyta	Dioscorea
A0ACB8FJ36	cluster_2	V-F-W-E-N-G-P-A-F-L--	G	P	other	Animals	Chordata	Sphaerodactylus
A0ACB8VFE3	cluster_2	V-F-W-E-N-L-T-S-F-L--	L	T	DHICA-like	Animals	Chordata	Scortum
A0ACB8VL59	cluster_2	~-F-W-E-N-S-S-A-F-L--	S	S	other	Animals	Chordata	Scortum
A0ACB8X6W5	cluster_2	V-F-W-E-N-L-T-S-F-L--	L	T	DHICA-like	Animals	Chordata	Scortum
A0ACB9W011	cluster_2	~-F-W-E-N-S-S-A-F-L--	S	S	other	Animals	Chordata	Chaenocephalus
A0ACB9W7D3	cluster_2	V-F-W-E-N-L-T-S-F-L--	L	T	DHICA-like	Animals	Chordata	Chaenocephalus
A0ACB9YLA3	cluster_1	~-F-W-E-L-Q-L-S-F-L--	Q	L	other	Fungi	Ascomycota	Hypoxylon
A0ACB9YLY3	cluster_1	~-L-W-E-L-T-P-T-F-L--	T	P	other	Fungi	Ascomycota	Hypoxylon
A0ACC0CLK3	cluster_1	~-L-W-E-L-T-P-T-F-L--	T	P	other	Fungi	Ascomycota	Hypoxylon
A0ACC0DAY4	cluster_1	~-F-W-E-L-Q-L-S-F-L--	Q	L	other	Fungi	Ascomycota	Hypoxylon
A0ACC2GA98	cluster_2	V-F-W-E-N-L-T-S-F-L--	L	T	DHICA-like	Animals	Chordata	Dallia
A0ACC2GX59	cluster_2	V-F-W-E-N-L-T-S-F-L--	L	T	DHICA-like	Animals	Chordata	Dallia
A0ACC2HA47	cluster_431	~-F-W-E-N-A-S-A-F-L--	A	S	other	Animals	Chordata	Dallia
A0ACC2IC80	cluster_3	~-F-W-E-D-N-A-S-F-L-C	N	A	other	Fungi	Ascomycota	Boeremia
A0ACC2ZZX6	cluster_1	~-F-W-L-S-F-I-S-W-L--	F	I	other	Fungi	Ascomycota	Neophaeococcomyces
A0ACC3AAT4	cluster_1	~-F-W-L-S-F-I-S-W-L--	F	I	other	?	?	?
A0ACC5WGJ6	cluster_2	~-F-W-E-N-D-S-A-F-L--	D	S	other	Animals	Chordata	Pangasianodon
A0ACC5XUH3	cluster_2	V-F-W-E-N-L-T-S-F-L--	L	T	DHICA-like	Animals	Chordata	Pangasianodon
A0ACC5Y928	cluster_2	~-F-W-E-N-D-S-A-F-L--	D	S	other	Animals	Chordata	Pangasius
A0ACC5ZN90	cluster_2	V-F-W-E-N-L-T-S-F-L--	L	T	DHICA-like	Animals	Chordata	Pangasius
A0ACD3Q5J4	cluster_2	V-F-W-E-N-L-T-S-F-L--	L	T	DHICA-like	Animals	Chordata	Larimichthys
A1E2V2	cluster_2	~-F-W-E-N-L-T-S-F-L--	L	T	DHICA-like	Animals	Chordata	Ovis
A1E2V3	cluster_2	~-F-W-E-N-L-T-S-F-L--	L	T	DHICA-like	Animals	Chordata	Ovis
A1E2V4	cluster_2	~-F-W-E-N-L-T-S-F-L--	L	T	DHICA-like	Animals	Chordata	Ovis
A1E2V5	cluster_2	~-F-W-E-N-L-T-S-F-L--	L	T	DHICA-like	Animals	Chordata	Ovis
A1L1Y0	cluster_2	~-F-W-E-N-Q-S-A-F-L--	Q	S	other	Animals	Chordata	Danio
A2IAU0	cluster_4	~-F-F-E-N-V-F-S-F-L-C	V	F	other	Plants	Streptophyta	Trifolium
A3KDL7	cluster_2	~-F-W-E-N-S-P-A-F-L--	S	P	DCT-like	Animals	Chordata	Sus
A6GK98	cluster_82	~-F-W-E-A-F-F-A-F-L--	F	F	other	?	?	?
A6HUF5	cluster_2	~-F-W-E-N-S-P-A-F-L--	S	P	DCT-like	Animals	Chordata	Rattus
A6J829	cluster_2	~-F-W-E-N-L-T-S-F-L--	L	T	DHICA-like	Animals	Chordata	Rattus
A8KAQ0	cluster_2	~-F-W-E-N-S-P-A-F-L--	S	P	DCT-like	Animals	Chordata	Homo
A9G933	cluster_82	~-L-W-D-V-L-F-L-F-L--	L	F	other	Bacteria	Myxococcota	Sorangium
A9Y148	cluster_2	~-F-W-E-N-L-T-S-F-L--	L	T	DHICA-like	Animals	Chordata	Coturnix
A9Y149	cluster_2	~-F-W-E-N-L-T-S-F-L--	L	T	DHICA-like	Animals	Chordata	Coturnix
B2CY76	cluster_2	~-F-W-E-N-S-P-A-F-L--	S	P	DCT-like	Animals	Chordata	Mus
B3VKX3	cluster_2	~-F-W-E-N-S-P-A-F-L--	S	P	DCT-like	Animals	Chordata	Ovis
B3VKX4	cluster_2	~-F-W-E-N-L-T-S-F-L--	L	T	DHICA-like	Animals	Chordata	Ovis
B3VKX5	cluster_2	~-F-W-E-N-L-T-S-F-L--	L	T	DHICA-like	Animals	Chordata	Ovis
B3VKX7	cluster_2	~-F-W-E-N-S-P-A-F-L--	S	P	DCT-like	Animals	Chordata	Ovis
C3YA02	cluster_2	~-Y-W-E-N-L-T-S-F-L--	L	T	DHICA-like	Animals	Chordata	Branchiostoma
C3YA03	cluster_2	~-Y-W-E-N-L-T-S-F-L--	L	T	DHICA-like	Animals	Chordata	Branchiostoma
C6KE17	cluster_2	~-F-W-E-N-L-T-S-F-L--	L	T	DHICA-like	Animals	Chordata	Bos
D2H9Z1	cluster_2	~-F-W-E-N-S-P-A-F-L--	S	P	DCT-like	Animals	Chordata	Ailuropoda
D2HQD1	cluster_2	~-F-W-E-N-L-T-S-F-L--	L	T	DHICA-like	Animals	Chordata	Ailuropoda
D3JZR3	cluster_2	~-F-W-E-N-L-T-S-F-L--	L	T	DHICA-like	Animals	Chordata	Sus
D3JZR4	cluster_2	~-F-W-E-N-L-T-S-F-L--	L	T	DHICA-like	Animals	Chordata	Sus
D3ZH71	cluster_2	~-F-W-E-N-L-T-S-F-L--	L	T	DHICA-like	Animals	Chordata	Rattus
D7FNR4	cluster_9	~-F-S-N-H-I-Q-S-F-L-C	I	Q	other	?	?	?
D7FP10	cluster_9	~-F-T-E-D-G-L-S-F-L-C	G	L	other	Oomycota	?	Ectocarpus
D7FSG1	cluster_9	~-F-A-E-S-G-G-A-F-L-C	G	G	other	Oomycota	?	Ectocarpus
D7FSG5	cluster_9	~-F-A-E-A-G-G-A-F-L-C	G	G	other	Oomycota	?	Ectocarpus
D7FSG6	cluster_9	~-F-A-E-D-G-G-S-F-L-C	G	G	other	Oomycota	?	Ectocarpus
D7FSN5	cluster_9	G-F-S-N-H-L-E-S-F-L-C	L	E	other	Oomycota	?	Ectocarpus
D7FVH6	cluster_9	~-F-A-E-A-G-G-S-F-L-C	G	G	other	Oomycota	?	Ectocarpus
D7G530	cluster_9	~-F-S-Q-D-G-A-S-F-L-C	G	A	other	Oomycota	?	Ectocarpus
D8LAY9	cluster_9	G-F-S-N-N-L-E-S-F-L-C	L	E	other	Oomycota	?	Ectocarpus
D8LM86	cluster_9	~-F-S-Q-D-G-T-S-F-L-C	G	T	other	Oomycota	?	Ectocarpus
E1ZA37	cluster_3	~-F-F-E-D-R-T-A-F-L-C	R	T	other	Plants	Chlorophyta	Chlorella
E5A3G2	cluster_3	~-F-W-E-D-N-L-A-F-L-C	N	L	other	Fungi	Ascomycota	Leptosphaeria
E6ZTH8	cluster_1	~-F-C-E-A-Q-Y-S-F-L--	Q	Y	other	Fungi	Basidiomycota	Sporisorium
E7CW79	cluster_2	~-F-W-E-N-S-P-A-F-L--	S	P	DCT-like	Animals	Chordata	Anas
E9N3C6	cluster_2	~-F-W-E-N-L-T-S-F-L--	L	T	DHICA-like	Animals	Chordata	Capra
F0Y162	cluster_9	~-F-H-L-G-M-T-A-F-L-C	M	T	other	Oomycota	?	Aureococcus
F0Y635	cluster_495	~-I-H-N-G-I-T-A-F-L-C	I	T	other	Oomycota	?	Aureococcus
F0Y7W9	cluster_9	~-I-H-L-G-M-T-A-F-L-C	M	T	other	Oomycota	?	Aureococcus
F1MBG9	cluster_2	~-F-W-E-N-L-T-S-F-L--	L	T	DHICA-like	Animals	Chordata	Bos
F1MC37	cluster_2	~-F-W-E-N-S-P-A-F-L--	S	P	DCT-like	Animals	Chordata	Bos
F1NXQ4	cluster_2	~-F-W-E-N-L-T-S-F-L--	L	T	DHICA-like	Animals	Chordata	Gallus
F1QEC9	cluster_2	V-F-W-E-N-L-T-S-F-L--	L	T	DHICA-like	Animals	Chordata	Danio
F6G0K5	cluster_14	D-F-W-Q-G-V-I-A-F-L--	V	I	other	Bacteria	Pseudomonadota	Ralstonia
F6PQK8	cluster_2	~-F-W-E-N-L-T-S-F-L--	L	T	DHICA-like	Animals	Chordata	Callithrix
F6Q7U8	cluster_2	~-F-W-E-N-L-T-S-F-L--	L	T	DHICA-like	Animals	Chordata	Sus
F6SPL0	cluster_2	~-F-W-E-N-L-T-S-F-L--	L	T	DHICA-like	Animals	Chordata	Ciona
F6V857	cluster_2	~-F-W-E-N-S-P-A-F-L--	S	P	DCT-like	Animals	Chordata	Ornithorhynchus
F6XL13	cluster_2	~-F-W-E-N-L-T-S-F-L--	L	T	DHICA-like	Animals	Chordata	Ciona
F7BQT4	cluster_2	~-F-W-E-N-L-T-S-F-L--	L	T	DHICA-like	Animals	Chordata	Equus
F7CBS6	cluster_2	~-F-W-E-N-S-P-A-F-L--	S	P	DCT-like	Animals	Chordata	Equus
F7CPD5	cluster_2	~-F-W-E-N-A-P-A-F-L--	A	P	other	Animals	Chordata	Monodelphis
F7EEJ9	cluster_2	~-F-W-E-N-S-S-S-F-L--	S	S	other	Animals	Chordata	Xenopus
F7EMZ9	cluster_2	~-F-W-E-N-S-P-A-F-L--	S	P	DCT-like	Animals	Chordata	Macaca
F7FUN5	cluster_2	~-F-W-E-N-L-T-S-F-L--	L	T	DHICA-like	Animals	Chordata	Monodelphis
F7GZI7	cluster_2	~-F-W-E-N-S-P-A-F-L--	S	P	DCT-like	Animals	Chordata	Macaca
F7IGR3	cluster_2	~-F-W-E-N-S-P-A-F-L--	S	P	DCT-like	Animals	Chordata	Callithrix
G1KB12	cluster_2	~-F-W-E-N-S-P-A-F-L--	S	P	DCT-like	Animals	Chordata	Anolis
G1KL56	cluster_2	~-F-W-E-N-L-T-S-F-L--	L	T	DHICA-like	Animals	Chordata	Anolis
G1N1Q2	cluster_2	~-F-W-E-N-L-T-S-F-L--	L	T	DHICA-like	Animals	Chordata	Meleagris
G1NPX2	cluster_2	V-F-W-E-N-S-P-A-F-L--	S	P	DCT-like	Animals	Chordata	Meleagris
G1P2D6	cluster_2	~-F-W-E-N-S-P-A-T-L--	S	P	DCT-like	Animals	Chordata	Myotis
G1P8R3	cluster_2	~-F-W-E-N-L-T-S-F-L--	L	T	DHICA-like	Animals	Chordata	Myotis
G1S7E5	cluster_2	~-F-W-E-N-L-T-S-F-L--	L	T	DHICA-like	Animals	Chordata	Nomascus
G1SD85	cluster_2	~-F-W-E-N-S-P-A-F-L--	S	P	DCT-like	Animals	Chordata	Oryctolagus
G1SLB6	cluster_2	~-F-W-E-N-L-T-S-F-L--	L	T	DHICA-like	Animals	Chordata	Oryctolagus
G2ZVV5	cluster_14	D-F-W-Q-G-V-I-A-F-L--	V	I	other	Bacteria	Pseudomonadota	blood
G3A6V4	cluster_14	D-F-W-Q-G-V-I-A-F-L--	V	I	other	Bacteria	Pseudomonadota	Ralstonia
G3GS88	cluster_2	~-F-W-E-N-S-P-A-F-L--	S	P	DCT-like	Animals	Chordata	Cricetulus
G3NJ99	cluster_2	~-F-W-E-N-S-S-A-F-L--	S	S	other	Animals	Chordata	Gasterosteus
G3PTR9	cluster_2	V-F-W-E-N-L-T-S-F-L--	L	T	DHICA-like	Animals	Chordata	Gasterosteus
G3PTS3	cluster_2	V-F-W-E-N-L-T-S-F-L--	L	T	DHICA-like	Animals	Chordata	Gasterosteus
G3Q7D5	cluster_2	V-F-W-E-N-L-T-S-F-L--	L	T	DHICA-like	Animals	Chordata	Gasterosteus
G3Q7E9	cluster_2	V-F-W-E-N-L-T-S-F-L--	L	T	DHICA-like	Animals	Chordata	Gasterosteus
G3RJH0	cluster_2	~-F-W-E-N-L-T-S-F-L--	L	T	DHICA-like	Animals	Chordata	Gorilla
G3RJI7	cluster_2	~-F-W-E-N-S-P-A-V-L--	S	P	DCT-like	Animals	Chordata	Gorilla
G3S218	cluster_2	~-F-W-E-N-S-P-A-F-L--	S	P	DCT-like	Animals	Chordata	Gorilla
G3SPG1	cluster_2	~-F-W-E-N-L-T-S-F-L--	L	T	DHICA-like	Animals	Chordata	Loxodonta
G3SQA7	cluster_2	~-F-W-E-N-S-P-A-F-L--	S	P	DCT-like	Animals	Chordata	Loxodonta
G3VZQ8	cluster_2	~-F-W-E-N-L-T-S-F-L--	L	T	DHICA-like	Animals	Chordata	Sarcophilus
G3WXQ9	cluster_2	~-F-W-E-N-A-P-A-F-L--	A	P	other	Animals	Chordata	Sarcophilus
G5AP50	cluster_2	~-F-W-E-N-L-T-S-F-L--	L	T	DHICA-like	Animals	Chordata	Heterocephalus
G7NJH7	cluster_2	~-F-W-E-N-S-P-A-F-L--	S	P	DCT-like	Animals	Chordata	Macaca
G7PSC9	cluster_2	~-F-W-E-N-L-T-S-F-L--	L	T	DHICA-like	Animals	Chordata	Macaca
G7Y7E7	cluster_2	~-F-W-E-N-R-T-A-F-L-C	R	T	other	Animals	Platyhelminthes	Clonorchis
G8GCE5	cluster_2	~-F-W-E-N-L-T-S-F-L--	L	T	DHICA-like	Animals	Chordata	Vicugna
H0UWT4	cluster_2	~-F-W-E-N-S-P-A-F-L--	S	P	DCT-like	Animals	Chordata	Cavia
H0VQ74	cluster_2	~-F-W-E-N-L-T-S-F-L--	L	T	DHICA-like	Animals	Chordata	Cavia
H0WXR2	cluster_2	~-F-W-E-N-S-P-A-F-L--	S	P	DCT-like	Animals	Chordata	Otolemur
H0X894	cluster_2	~-F-W-E-N-L-T-S-F-L--	L	T	DHICA-like	Animals	Chordata	Otolemur
H0Z2R8	cluster_2	~-F-W-E-N-L-T-S-F-L--	L	T	DHICA-like	Animals	Chordata	Taeniopygia
H0ZLV3	cluster_2	~-F-W-E-N-S-P-A-F-L--	S	P	DCT-like	Animals	Chordata	Taeniopygia
H2LHF8	cluster_2	V-F-W-E-N-L-T-S-F-L--	L	T	DHICA-like	Animals	Chordata	Oryzias
H2LIX1	cluster_2	V-F-W-E-N-L-T-S-F-L--	L	T	DHICA-like	Animals	Chordata	Oryzias
H2MTX5	cluster_2	~-F-W-E-N-A-S-A-F-L--	A	S	other	Animals	Chordata	Oryzias
H2NK50	cluster_2	~-F-W-E-N-S-P-A-F-L--	S	P	DCT-like	Animals	Chordata	Pongo
H2PS60	cluster_2	~-F-W-E-N-L-T-S-F-L--	L	T	DHICA-like	Animals	Chordata	Pongo
H2U4R5	cluster_2	V-F-W-E-N-L-T-S-F-L--	L	T	DHICA-like	Animals	Chordata	Takifugu
H2YVJ9	cluster_2	~-F-W-E-N-L-T-S-F-L--	L	T	DHICA-like	Animals	Chordata	Ciona
H2ZY76	cluster_2	~-F-W-E-N-L-T-S-F-L--	L	T	DHICA-like	Animals	Chordata	Latimeria
H3AP72	cluster_2	~-F-W-E-N-S-P-A-F-L--	S	P	DCT-like	Animals	Chordata	Latimeria
H3BZP5	cluster_2	~-F-W-E-N-S-A-A-F-L--	S	A	other	Animals	Chordata	Tetraodon
H3D173	cluster_2	V-F-W-E-N-L-T-S-F-L--	L	T	DHICA-like	Animals	Chordata	Tetraodon
H3D8Y8	cluster_2	~-F-W-E-N-S-A-A-F-L--	S	A	other	Animals	Chordata	Tetraodon
H6BWF1	cluster_1	~-F-W-I-S-F-I-S-W-L--	F	I	other	Fungi	Ascomycota	Exophiala
H6C0Q8	cluster_1	~-F-W-L-S-F-I-S-W-L--	F	I	other	Fungi	Ascomycota	Exophiala
H9AYE4	cluster_2	~-F-W-E-N-L-T-S-F-L--	L	T	DHICA-like	Animals	Chordata	Oryctolagus
H9AYE5	cluster_2	~-F-W-E-N-S-P-A-F-L--	S	P	DCT-like	Animals	Chordata	Oryctolagus
I1SV19	cluster_2	~-F-W-E-N-L-T-S-F-L--	L	T	DHICA-like	Animals	Chordata	Capra
I2G6B5	cluster_1	~-F-C-E-S-R-F-A-F-L--	R	F	other	Fungi	Basidiomycota	Ustilago
I3JL18	cluster_2	V-F-W-E-N-L-T-S-F-L--	L	T	DHICA-like	Animals	Chordata	Oreochromis
I3JL19	cluster_2	V-F-W-E-N-L-T-S-F-L--	L	T	DHICA-like	Animals	Chordata	Oreochromis
I3JQH8	cluster_2	V-F-W-E-N-L-T-S-F-L--	L	T	DHICA-like	Animals	Chordata	Oreochromis
I3M2P3	cluster_2	~-F-W-E-N-L-T-S-F-L--	L	T	DHICA-like	Animals	Chordata	Ictidomys
I3MFG1	cluster_2	~-F-W-E-N-A-P-A-F-L--	A	P	other	Animals	Chordata	Ictidomys
J9F6E9	cluster_1	S-F-W-E-S-L-P-S-F-L--	L	P	other	Animals	Nematoda	Wuchereria
J9XWA3	cluster_2	~-Y-W-E-N-L-T-S-F-L--	L	T	DHICA-like	Animals	Chordata	Branchiostoma
K1Q6C9	cluster_8	~-F-W-E-G-N-L-S-F-L--	N	L	other	Animals	Mollusca	Magallana
K1QL10	cluster_1	~-F-W-E-N-V-I-G-F-L--	V	I	other	Animals	Mollusca	Magallana
K1RE44	cluster_8	Q-F-R-E-N-N-L-S-F-L--	N	L	other	Animals	Mollusca	Magallana
K1RFL7	cluster_8	Q-F-R-E-N-N-L-S-F-L--	N	L	other	Animals	Mollusca	Magallana
K7G0Z6	cluster_2	~-F-W-E-N-L-T-S-F-L--	L	T	DHICA-like	Animals	Chordata	Pelodiscus
L0N6C6	cluster_2	~-F-W-E-N-S-P-A-F-L--	S	P	DCT-like	Animals	Chordata	Canis
L5KI95	cluster_2	~-F-W-E-N-S-P-A-F-L--	S	P	DCT-like	Animals	Chordata	Pteropus
L5LIG7	cluster_2	~-F-W-E-N-S-P-A-F-L--	S	P	DCT-like	Animals	Chordata	Myotis
L8ITY0	cluster_2	~-F-W-E-N-L-T-S-F-L--	L	T	DHICA-like	Animals	Chordata	Bos
L9JN84	cluster_2	~-F-W-E-N-S-P-A-F-L--	S	P	DCT-like	Animals	Chordata	Tupaia
M1QBP2	cluster_2	~-F-W-E-N-R-T-A-F-L-C	R	T	other	Animals	Platyhelminthes	Clonorchis
M2Z6I3	cluster_1	~-F-W-D-A-R-I-S-F-L--	R	I	other	Fungi	Ascomycota	Pseudocercospora
M3AVT3	cluster_3	~-L-W-E-D-G-L-S-F-L-C	G	L	other	Fungi	Ascomycota	Pseudocercospora
M3XYN9	cluster_2	~-F-W-E-N-L-T-S-F-L--	L	T	DHICA-like	Animals	Chordata	Mustela
M3YKA6	cluster_2	~-F-W-E-N-S-P-A-F-L--	S	P	DCT-like	Animals	Chordata	Mustela
M3ZQV5	cluster_2	~-F-W-E-N-S-S-A-F-L--	S	S	other	Animals	Chordata	Xiphophorus
M3ZRT9	cluster_2	V-F-W-E-N-L-T-S-F-L--	L	T	DHICA-like	Animals	Chordata	Xiphophorus
M4AC95	cluster_2	V-F-W-E-N-L-T-S-F-L--	L	T	DHICA-like	Animals	Chordata	Xiphophorus
M7C0T4	cluster_2	~-F-W-R-N-L-T-S-F-L--	L	T	DHICA-like	Animals	Chordata	Chelonia
M7SCY3	cluster_1	~-L-W-E-K-T-P-P-F-L--	T	P	other	Fungi	Ascomycota	Eutypa
M7SWL2	cluster_1	~-F-W-D-R-A-L-S-F-L--	A	L	other	Fungi	Ascomycota	Eutypa
M9LMA7	cluster_1	~-F-C-E-A-Q-F-A-F-L--	Q	F	other	Fungi	Basidiomycota	Pseudozyma
O57405	cluster_2	~-F-W-E-N-L-T-S-F-L--	L	T	DHICA-like	Animals	Chordata	Gallus
O93505	cluster_2	~-F-W-E-N-S-P-A-F-L--	S	P	DCT-like	Animals	Chordata	Gallus
O97885	cluster_2	V-F-W-E-N-L-E-T-W-L--	L	E	other	Animals	Chordata	Equus
P07147	cluster_2	~-F-W-E-N-L-T-S-F-L--	L	T	DHICA-like	Animals	Chordata	Mus
P17643	cluster_2	~-F-W-E-N-L-T-S-F-L--	L	T	DHICA-like	Animals	Chordata	Homo
P29812	cluster_2	~-F-W-E-N-S-P-A-F-L--	S	P	DCT-like	Animals	Chordata	Mus
P40126	cluster_2	~-F-W-E-N-S-P-A-F-L--	S	P	DCT-like	Animals	Chordata	Homo
P55027	cluster_2	~-F-W-E-N-L-T-S-F-L--	L	T	DHICA-like	Animals	Chordata	Ambystoma
P55028	cluster_2	V-F-W-E-N-L-T-S-F-L--	L	T	DHICA-like	Animals	Chordata	Carassius
Q19VH9	cluster_2	V-F-W-E-N-L-T-S-F-L--	L	T	DHICA-like	Animals	Chordata	Salmo
Q1AUN4	cluster_1	A-F-W-E-N-N-G-S-F-L--	N	G	other	Bacteria	Actinomycetota	Rubrobacter
Q28HG0	cluster_2	V-F-W-E-N-L-T-S-F-L--	L	T	DHICA-like	Animals	Chordata	Xenopus
Q28HM0	cluster_2	~-F-W-E-N-S-S-S-F-L--	S	S	other	Animals	Chordata	Xenopus
Q2IY37	cluster_14	~-F-W-E-G-N-P-A-F-L--	N	P	other	Bacteria	Pseudomonadota	Rhodopseudomonas
Q2VPW6	cluster_2	~-F-W-E-N-L-T-S-F-L--	L	T	DHICA-like	Animals	Chordata	Felis
Q3KPL4	cluster_2	~-F-W-E-N-S-S-A-F-L--	S	S	other	Animals	Chordata	Xenopus
Q3UFK6	cluster_2	~-F-W-E-N-L-T-S-F-L--	L	T	DHICA-like	Animals	Chordata	Mus
Q3UFS3	cluster_2	~-F-W-E-N-L-T-S-F-L--	L	T	DHICA-like	Animals	Chordata	Mus
Q4R1H1	cluster_2	~-F-W-E-N-S-P-A-F-L--	S	P	DCT-like	Animals	Chordata	Sus
Q4R1H2	cluster_2	~-F-W-E-N-L-T-S-F-L--	L	T	DHICA-like	Animals	Chordata	Sus
Q4S0B7	cluster_2	~-F-W-E-N-S-A-A-F-L--	S	A	other	Animals	Chordata	Tetraodon
Q4SAP5	cluster_2	V-F-W-E-N-L-T-S-F-L--	L	T	DHICA-like	Animals	Chordata	Tetraodon
Q4V7Z3	cluster_2	~-F-W-E-N-S-S-A-F-L--	S	S	other	Animals	Chordata	Xenopus
Q6DGE4	cluster_2	V-F-W-E-N-L-T-S-F-L--	L	T	DHICA-like	Animals	Chordata	Danio
Q6GN92	cluster_2	~-F-W-E-N-S-S-A-F-L--	S	S	other	Animals	Chordata	Xenopus
Q6LES1	cluster_2	~-F-W-E-N-L-T-S-F-L--	L	T	DHICA-like	Animals	Chordata	Homo
Q7PCK9	cluster_2	~-F-W-E-N-L-H-P-W-L--	L	H	other	Animals	Chordata	Equus
Q7ZYE8	cluster_2	V-F-W-E-N-L-T-S-F-L--	L	T	DHICA-like	Animals	Chordata	Xenopus
Q84YH9	cluster_4	~-F-F-E-N-I-F-S-F-L-C	I	F	other	Plants	Streptophyta	Trifolium
Q868D1	cluster_2	~-F-W-E-N-L-T-S-F-L--	L	T	DHICA-like	Animals	Chordata	Halocynthia
Q8QGN0	cluster_2	~-F-W-E-N-S-A-A-F-L--	S	A	other	Animals	Chordata	Takifugu
Q8QGN1	cluster_2	V-F-W-E-N-L-T-S-F-L--	L	T	DHICA-like	Animals	Chordata	Takifugu
Q8WN57	cluster_2	~-F-W-E-N-L-T-S-F-L--	L	T	DHICA-like	Animals	Chordata	Bos
Q8XZA3	cluster_14	D-F-W-Q-G-V-I-A-F-L--	V	I	other	Bacteria	Pseudomonadota	Ralstonia
Q95119	cluster_2	~-F-W-E-N-S-P-A-F-L--	S	P	DCT-like	Animals	Chordata	Bos
Q95J87	cluster_2	~-F-W-E-N-L-T-S-F-L--	L	T	DHICA-like	Animals	Chordata	Canis
Q95JD8	cluster_2	~-F-W-E-N-L-T-S-F-L--	L	T	DHICA-like	Animals	Chordata	Bos
Q9IBH8	cluster_2	~-F-W-E-N-L-T-S-F-L--	L	T	DHICA-like	Animals	Chordata	Coturnix
Q9XSG9	cluster_2	~-F-W-E-N-L-T-S-F-L--	L	T	DHICA-like	Animals	Chordata	Capra
R0LWL7	cluster_2	~-F-W-E-N-S-P-A-F-L--	S	P	DCT-like	Animals	Chordata	Anas
R9GPF3	cluster_14	~-F-W-E-G-V-I-A-F-L--	V	I	other	Bacteria	Bacteroidota	Arcticibacter
R9PG88	cluster_1	~-F-C-E-A-Q-Y-S-F-L--	Q	Y	other	Fungi	Basidiomycota	Pseudozyma
S3E4E9	cluster_1	~-F-W-Q-T-F-F-S-F-L--	F	F	other	Fungi	Ascomycota	Glarea
S4MKR0	cluster_42	~-F-W-E-D-G-A-A-V-L--	G	A	other	Bacteria	Actinomycetota	Streptomyces
S7NJT8	cluster_2	~-F-W-E-N-S-P-A-F-L--	S	P	DCT-like	Animals	Chordata	Myotis
T5A618	cluster_1	~-F-W-E-V-G-F-S-F-L--	G	F	other	Fungi	Ascomycota	Ophiocordyceps
U1I0C6	cluster_3	~-F-W-E-N-D-P-G-F-L-C	D	P	other	Fungi	Ascomycota	Endocarpon
U3J195	cluster_2	~-F-W-E-N-L-T-S-F-L--	L	T	DHICA-like	Animals	Chordata	Anas
U3J2E9	cluster_2	~-F-W-E-N-S-P-A-F-L--	S	P	DCT-like	Animals	Chordata	Anas
U3JPL0	cluster_2	~-F-W-E-N-S-P-A-F-L--	S	P	DCT-like	Animals	Chordata	Ficedula
U3JV65	cluster_2	~-F-W-E-N-L-T-S-F-L--	L	T	DHICA-like	Animals	Chordata	Ficedula
U3Q0A4	cluster_2	~-F-W-E-N-L-T-S-F-L--	L	T	DHICA-like	Animals	Chordata	Strix
U6DGF9	cluster_2	~-F-W-E-N-S-P-A-F-L--	S	P	DCT-like	Animals	Chordata	Neovison
V8NN86	cluster_2	~-F-W-E-N-L-T-S-F-L--	L	T	DHICA-like	Animals	Chordata	Ophiophagus
V9CZH8	cluster_1	~-F-W-L-S-F-I-S-W-L--	F	I	other	Fungi	Ascomycota	Cladophialophora
V9DEV2	cluster_1	~-F-W-I-S-F-I-S-W-L--	F	I	other	Fungi	Ascomycota	Cladophialophora
W0C8I7	cluster_2	~-F-W-E-N-L-S-A-F-L--	L	S	other	Animals	Chordata	Cyprinus
W0C8N5	cluster_2	V-F-W-E-N-L-T-S-F-L--	L	T	DHICA-like	Animals	Chordata	Cyprinus
W2RIM6	cluster_1	~-F-W-L-S-F-I-S-W-L--	F	I	other	Fungi	Ascomycota	Cyphellophora
W3VJT5	cluster_1	~-F-C-E-A-Q-F-A-F-L--	Q	F	other	Fungi	Basidiomycota	Moesziomyces
W5K2X3	cluster_2	~-F-W-E-N-I-S-A-F-L--	I	S	other	Animals	Chordata	Astyanax
W5LQG8	cluster_2	V-F-W-E-N-L-T-S-F-L--	L	T	DHICA-like	Animals	Chordata	Astyanax
W5LQM7	cluster_2	V-F-W-E-N-L-T-S-F-L--	L	T	DHICA-like	Animals	Chordata	Astyanax
W5MBU1	cluster_2	~-F-W-E-N-T-S-A-F-L--	T	S	other	Animals	Chordata	Lepisosteus
W5N6T3	cluster_2	V-F-W-E-N-L-T-S-F-L--	L	T	DHICA-like	Animals	Chordata	Lepisosteus
W5N6U1	cluster_2	V-F-W-E-N-L-T-S-F-L--	L	T	DHICA-like	Animals	Chordata	Lepisosteus
W5U9Z6	cluster_2	V-F-W-E-N-L-T-S-F-L--	L	T	DHICA-like	Animals	Chordata	Ictalurus
W5UJ12	cluster_2	~-F-W-E-N-D-S-A-F-L--	D	S	other	Animals	Chordata	Ictalurus
W5VG55	cluster_2	~-F-W-E-N-L-T-S-F-L--	L	T	DHICA-like	Animals	Chordata	Columba
W5VGJ7	cluster_2	~-F-W-E-N-L-T-S-F-L--	L	T	DHICA-like	Animals	Chordata	Columba
W9RD31	cluster_4	~-F-F-E-N-I-F-S-F-L-C	I	F	other	Plants	Streptophyta	Morus
W9S216	cluster_4	~-F-F-E-N-V-F-A-F-L-C	V	F	other	Plants	Streptophyta	Morus
W9VMR6	cluster_1	~-F-W-L-S-F-I-S-W-L--	F	I	other	Fungi	Ascomycota	Cladophialophora
W9VXV1	cluster_1	~-F-W-I-S-F-I-S-W-L--	F	I	other	Fungi	Ascomycota	Cladophialophora
W9W212	cluster_1	~-F-W-L-S-F-I-S-W-L--	F	I	other	Fungi	Ascomycota	Cladophialophora
W9WQA9	cluster_1	~-F-W-I-S-F-I-S-W-L--	F	I	other	Fungi	Ascomycota	Cladophialophora
W9XSH8	cluster_1	~-F-W-L-S-F-I-S-W-L--	F	I	other	Fungi	Ascomycota	Capronia
W9Y3F5	cluster_1	~-F-W-L-S-F-I-S-W-L--	F	I	other	Fungi	Ascomycota	Capronia
W9YKS7	cluster_1	~-F-W-I-S-F-I-S-W-L--	F	I	other	Fungi	Ascomycota	Capronia
W9YQ03	cluster_1	~-F-W-N-S-F-I-S-W-L--	F	I	other	Fungi	Ascomycota	Capronia
