accession	CuA_His1_hmm_resnum	CuA_His1_struct_resnum	CuA_His1_same_residue	CuA_His1_struct	CuA_His1_hmm	CuA_His1_struct1	CuA_His1_agree	CuA_His1_gapped	CuA_His1_substituted	CuA_His1_mapped	CuA_His2_hmm_resnum	CuA_His2_struct_resnum	CuA_His2_same_residue	CuA_His2_struct	CuA_His2_hmm	CuA_His2_struct1	CuA_His2_agree	CuA_His2_gapped	CuA_His2_substituted	CuA_His2_mapped	CuA_His3_hmm_resnum	CuA_His3_struct_resnum	CuA_His3_same_residue	CuA_His3_struct	CuA_His3_hmm	CuA_His3_struct1	CuA_His3_agree	CuA_His3_gapped	CuA_His3_substituted	CuA_His3_mapped	CuB_His1_hmm_resnum	CuB_His1_struct_resnum	CuB_His1_same_residue	CuB_His1_struct	CuB_His1_hmm	CuB_His1_struct1	CuB_His1_agree	CuB_His1_gapped	CuB_His1_substituted	CuB_His1_mapped	CuB_His2_hmm_resnum	CuB_His2_struct_resnum	CuB_His2_same_residue	CuB_His2_struct	CuB_His2_hmm	CuB_His2_struct1	CuB_His2_agree	CuB_His2_gapped	CuB_His2_substituted	CuB_His2_mapped	CuB_His3_hmm_resnum	CuB_His3_struct_resnum	CuB_His3_same_residue	CuB_His3_struct	CuB_His3_hmm	CuB_His3_struct1	CuB_His3_agree	CuB_His3_gapped	CuB_His3_substituted	CuB_His3_mapped	n_agree	n_gapped	vector_struct	vector_hmm	full_vector_string_equal	full_correct_type	full_correct_mapped_only	full_correct_subst_only	full_correct_same_residue
A0A010RV53	205.0	205.0	True	HIS	H	H	True	False	False	True	213.0	213.0	True	HIS	H	H	True	False	False	True	222.0	222.0	True	HIS	H	H	True	False	False	True	390.0	390.0	True	HIS	H	H	True	False	False	True	394.0	394.0	True	HIS	H	H	True	False	False	True	418.0	418.0	True	GLN	Q	Q	True	False	True	True	6	0	HHHHHQ	HHHHHQ	True	True	True	True	True
A0A014N831	141.0	141.0	True	HIS	H	H	True	False	False	True	149.0	149.0	True	HIS	H	H	True	False	False	True	158.0	158.0	True	HIS	H	H	True	False	False	True	293.0	293.0	True	HIS	H	H	True	False	False	True	297.0	297.0	True	PRO	P	P	True	False	True	True	319.0	319.0	True	HIS	H	H	True	False	False	True	6	0	HHHHPH	HHHHPH	True	True	True	True	True
A0A016W215	70.0	70.0	True	HIS	H	H	True	False	False	True	80.0	80.0	True	HIS	H	H	True	False	False	True	89.0	89.0	True	SER	S	S	True	False	True	True	212.0	212.0	True	GLY	G	G	True	False	True	True	216.0	216.0	True	GLN	Q	Q	True	False	True	True	239.0	239.0	True	TYR	Y	Y	True	False	True	True	6	0	HHSGQY	HHSGQY	True	True	True	True	True
A0A016W324	145.0	145.0	True	HIS	H	H	True	False	False	True	155.0	155.0	True	HIS	H	H	True	False	False	True	164.0	164.0	True	SER	S	S	True	False	True	True	287.0	287.0	True	GLY	G	G	True	False	True	True	291.0	291.0	True	GLN	Q	Q	True	False	True	True	314.0	314.0	True	TYR	Y	Y	True	False	True	True	6	0	HHSGQY	HHSGQY	True	True	True	True	True
A0A023GU59	183.0	183.0	True	HIS	H	H	True	False	False	True	204.0	204.0	True	ARG	R	R	True	False	True	True	213.0	213.0	True	HIS	H	H	True	False	False	True	335.0	335.0	True	HIS	H	H	True	False	False	True	339.0	339.0	True	HIS	H	H	True	False	False	True	369.0	369.0	True	HIS	H	H	True	False	False	True	6	0	HRHHHH	HRHHHH	True	True	True	True	True
A0A024UGQ1		169.0	False	VAL	-	V	False	True	True	True		179.0	False	TYR	-	Y	False	True	True	True	188.0	188.0	True	ASN	N	N	True	False	True	True	323.0	323.0	True	HIS	H	H	True	False	False	True	327.0	327.0	True	HIS	H	H	True	False	False	True	349.0	349.0	True	HIS	H	H	True	False	False	True	4	2	VYNHHH	--NHHH	False	False	False	False	False
A0A061GFI2	123.0	123.0	True	TYR	Y	Y	True	False	True	True	144.0	144.0	True	HIS	H	H	True	False	False	True	153.0	153.0	True	HIS	H	H	True	False	False	True	275.0	275.0	True	TYR	Y	Y	True	False	True	True	279.0	279.0	True	ARG	R	R	True	False	True	True	309.0	309.0	True	HIS	H	H	True	False	False	True	6	0	YHHYRH	YHHYRH	True	True	True	True	True
A0A066RUA7	62.0	62.0	True	HIS	H	H	True	False	False	True	71.0		False	---	D	-	False	False	False	False	80.0	80.0	True	HIS	H	H	True	False	False	True	207.0	207.0	True	HIS	H	H	True	False	False	True	211.0	211.0	True	HIS	H	H	True	False	False	True	245.0	245.0	True	HIS	H	H	True	False	False	True	5	0	H-HHHH	HDHHHH	False	False	True	True	False
A0A066X3Q1	138.0	138.0	True	HIS	H	H	True	False	False	True	146.0	146.0	True	HIS	H	H	True	False	False	True	155.0	155.0	True	HIS	H	H	True	False	False	True	278.0	278.0	True	HIS	H	H	True	False	False	True	282.0	282.0	True	PRO	P	P	True	False	True	True	304.0	304.0	True	HIS	H	H	True	False	False	True	6	0	HHHHPH	HHHHPH	True	True	True	True	True
A0A066XSE1	205.0	205.0	True	HIS	H	H	True	False	False	True	213.0	213.0	True	HIS	H	H	True	False	False	True	222.0	222.0	True	HIS	H	H	True	False	False	True	390.0	390.0	True	HIS	H	H	True	False	False	True	394.0	394.0	True	HIS	H	H	True	False	False	True	418.0	418.0	True	GLN	Q	Q	True	False	True	True	6	0	HHHHHQ	HHHHHQ	True	True	True	True	True
A0A067CT24		71.0	False	LEU	-	L	False	True	True	True		81.0	False	TYR	-	Y	False	True	True	True		90.0	False	SER	-	S	False	True	True	True	228.0	228.0	True	HIS	H	H	True	False	False	True	232.0	232.0	True	HIS	H	H	True	False	False	True	255.0	255.0	True	HIS	H	H	True	False	False	True	3	3	LYSHHH	---HHH	False	False	False	False	False
A0A067CZT6	82.0	82.0	True	HIS	H	H	True	False	False	True	92.0	92.0	True	HIS	H	H	True	False	False	True	101.0	101.0	True	HIS	H	H	True	False	False	True	242.0	242.0	True	SER	S	S	True	False	True	True	246.0	246.0	True	HIS	H	H	True	False	False	True	269.0	269.0	True	HIS	H	H	True	False	False	True	6	0	HHHSHH	HHHSHH	True	True	True	True	True
A0A072Q6Y5	11.0	11.0	True	HIS	H	H	True	False	False	True	19.0	19.0	True	HIS	H	H	True	False	False	True	28.0	28.0	True	HIS	H	H	True	False	False	True	160.0	160.0	True	HIS	H	H	True	False	False	True	164.0	164.0	True	PRO	P	P	True	False	True	True	186.0	186.0	True	HIS	H	H	True	False	False	True	6	0	HHHHPH	HHHHPH	True	True	True	True	True
A0A074RWE6	119.0	119.0	True	HIS	H	H	True	False	False	True	127.0	127.0	True	GLN	Q	Q	True	False	True	True	136.0	136.0	True	HIS	H	H	True	False	False	True	275.0	275.0	True	ARG	R	R	True	False	True	True	279.0	279.0	True	GLN	Q	Q	True	False	True	True	302.0	302.0	True	HIS	H	H	True	False	False	True	6	0	HQHRQH	HQHRQH	True	True	True	True	True
A0A074S9M8	83.0	83.0	True	HIS	H	H	True	False	False	True	88.0		False	---	H	-	False	False	False	False	97.0	97.0	True	HIS	H	H	True	False	False	True	212.0	212.0	True	HIS	H	H	True	False	False	True	216.0	216.0	True	HIS	H	H	True	False	False	True	238.0	238.0	True	HIS	H	H	True	False	False	True	5	0	H-HHHH	HHHHHH	False	False	True	True	False
A0A074SDG0	73.0	73.0	True	TYR	Y	Y	True	False	True	True	81.0	81.0	True	HIS	H	H	True	False	False	True	90.0	90.0	True	GLN	Q	Q	True	False	True	True	216.0	216.0	True	HIS	H	H	True	False	False	True	220.0	220.0	True	VAL	V	V	True	False	True	True	242.0	242.0	True	ILE	I	I	True	False	True	True	6	0	YHQHVI	YHQHVI	True	True	True	True	True
A0A074VI76		145.0	False	TYR	-	Y	False	True	True	True	153.0	153.0	True	THR	T	T	True	False	True	True	162.0	162.0	True	ASN	N	N	True	False	True	True		247.0	False	ILE	-	I	False	True	True	True		253.0	False	PHE	-	F	False	True	True	True		269.0	False	GLN	-	Q	False	True	True	True	2	4	YTNIFQ	-TN---	False	False	False	False	False
A0A074W682	72.0	72.0	True	HIS	H	H	True	False	False	True	80.0	80.0	True	HIS	H	H	True	False	False	True	89.0	89.0	True	HIS	H	H	True	False	False	True	247.0	247.0	True	ASN	N	N	True	False	True	True	251.0	251.0	True	HIS	H	H	True	False	False	True	274.0	274.0	True	HIS	H	H	True	False	False	True	6	0	HHHNHH	HHHNHH	True	True	True	True	True
A0A074W6F3		145.0	False	TYR	-	Y	False	True	True	True	153.0	153.0	True	THR	T	T	True	False	True	True	162.0	162.0	True	ASN	N	N	True	False	True	True			False	---	-	-	False	True	False	False		252.0	False	PHE	-	F	False	True	True	True		268.0	False	GLN	-	Q	False	True	True	True	2	4	YTN-FQ	-TN---	False	False	False	False	False
A0A074XND5		145.0	False	TYR	-	Y	False	True	True	True	153.0	150.0	False	TRP	T	W	False	False	True	True	162.0	162.0	True	ASN	N	N	True	False	True	True			False	---	-	-	False	True	False	False		251.0	False	ALA	-	A	False	True	True	True		269.0	False	GLN	-	Q	False	True	True	True	1	4	YWN-AQ	-TN---	False	False	False	False	False
A0A074YQS1		145.0	False	TYR	-	Y	False	True	True	True	153.0	150.0	False	TRP	T	W	False	False	True	True	162.0	162.0	True	ASN	N	N	True	False	True	True		246.0	False	ILE	-	I	False	True	True	True		250.0	False	ALA	-	A	False	True	True	True		268.0	False	GLN	-	Q	False	True	True	True	1	4	YWNIAQ	-TN---	False	False	False	False	False
A0A075AEH4	39.0	39.0	True	HIS	H	H	True	False	False	True	68.0	68.0	True	HIS	H	H	True	False	False	True	77.0	77.0	True	HIS	H	H	True	False	False	True	278.0	278.0	True	ILE	I	I	True	False	True	True	282.0	282.0	True	HIS	H	H	True	False	False	True	305.0	305.0	True	HIS	H	H	True	False	False	True	6	0	HHHIHH	HHHIHH	True	True	True	True	True
A0A077YX65	131.0	131.0	True	HIS	H	H	True	False	False	True	140.0	140.0	True	HIS	H	H	True	False	False	True	149.0	149.0	True	HIS	H	H	True	False	False	True	261.0	261.0	True	LEU	L	L	True	False	True	True	265.0	265.0	True	ARG	R	R	True	False	True	True	288.0	288.0	True	LEU	L	L	True	False	True	True	6	0	HHHLRL	HHHLRL	True	True	True	True	True
A0A077ZFE0		233.0	False	TYR	-	Y	False	True	True	True		248.0	False	ASN	-	N	False	True	True	True	256.0	256.0	True	ASN	N	N	True	False	True	True		390.0	False	ILE	-	I	False	True	True	True		420.0	False	PHE	-	F	False	True	True	True		435.0	False	LEU	-	L	False	True	True	True	1	5	YNNIFL	--N---	False	False	False	False	False
A0A077ZGT3	134.0	134.0	True	HIS	H	H	True	False	False	True	143.0	143.0	True	LEU	L	L	True	False	True	True	152.0	152.0	True	HIS	H	H	True	False	False	True	266.0	266.0	True	TYR	Y	Y	True	False	True	True	270.0	270.0	True	THR	T	T	True	False	True	True	293.0	293.0	True	HIS	H	H	True	False	False	True	6	0	HLHYTH	HLHYTH	True	True	True	True	True
A0A080ZC48		58.0	False	TYR	-	Y	False	True	True	True		68.0	False	VAL	-	V	False	True	True	True	77.0	77.0	True	TYR	Y	Y	True	False	True	True	229.0	229.0	True	GLN	Q	Q	True	False	True	True	233.0	233.0	True	HIS	H	H	True	False	False	True	255.0	255.0	True	TYR	Y	Y	True	False	True	True	4	2	YVYQHY	--YQHY	False	False	False	False	False
A0A080ZC49		13.0	False	TYR	-	Y	False	True	True	True		23.0	False	VAL	-	V	False	True	True	True	32.0	32.0	True	TYR	Y	Y	True	False	True	True	184.0	184.0	True	GLN	Q	Q	True	False	True	True	188.0	188.0	True	HIS	H	H	True	False	False	True	210.0	210.0	True	TYR	Y	Y	True	False	True	True	4	2	YVYQHY	--YQHY	False	False	False	False	False
A0A080ZVP9		74.0	False	ALA	-	A	False	True	True	True		84.0	False	LEU	-	L	False	True	True	True	93.0	93.0	True	ASN	N	N	True	False	True	True	237.0	237.0	True	HIS	H	H	True	False	False	True	241.0	241.0	True	HIS	H	H	True	False	False	True	263.0	263.0	True	HIS	H	H	True	False	False	True	4	2	ALNHHH	--NHHH	False	False	False	False	False
A0A084AJL7	149.0	149.0	True	HIS	H	H	True	False	False	True	157.0	157.0	True	HIS	H	H	True	False	False	True	166.0	166.0	True	HIS	H	H	True	False	False	True	289.0	289.0	True	HIS	H	H	True	False	False	True	293.0	293.0	True	PRO	P	P	True	False	True	True	322.0	322.0	True	HIS	H	H	True	False	False	True	6	0	HHHHPH	HHHHPH	True	True	True	True	True
A0A084GDW0	244.0	244.0	True	ASN	N	N	True	False	True	True	254.0		False	---	D	-	False	False	False	False	263.0	263.0	True	TYR	Y	Y	True	False	True	True	388.0	388.0	True	PHE	F	F	True	False	True	True	392.0	392.0	True	ARG	R	R	True	False	True	True	416.0	416.0	True	GLN	Q	Q	True	False	True	True	5	0	N-YFRQ	NDYFRQ	False	False	True	True	False
A0A084R1I5	149.0	149.0	True	HIS	H	H	True	False	False	True	157.0	157.0	True	HIS	H	H	True	False	False	True	166.0	166.0	True	HIS	H	H	True	False	False	True	289.0	289.0	True	HIS	H	H	True	False	False	True	293.0	293.0	True	PRO	P	P	True	False	True	True	315.0	315.0	True	HIS	H	H	True	False	False	True	6	0	HHHHPH	HHHHPH	True	True	True	True	True
A0A085M8H3	166.0	166.0	True	HIS	H	H	True	False	False	True	175.0	175.0	True	LEU	L	L	True	False	True	True	184.0	184.0	True	HIS	H	H	True	False	False	True	298.0	298.0	True	TYR	Y	Y	True	False	True	True	302.0	302.0	True	THR	T	T	True	False	True	True	325.0	325.0	True	HIS	H	H	True	False	False	True	6	0	HLHYTH	HLHYTH	True	True	True	True	True
A0A085NCJ6		274.0	False	TYR	-	Y	False	True	True	True		289.0	False	ASN	-	N	False	True	True	True	297.0	297.0	True	ASN	N	N	True	False	True	True		430.0	False	PHE	-	F	False	True	True	True		461.0	False	PHE	-	F	False	True	True	True		476.0	False	LEU	-	L	False	True	True	True	1	5	YNNFFL	--N---	False	False	False	False	False
A0A086T0Z5	85.0	85.0	True	HIS	H	H	True	False	False	True	110.0	110.0	True	GLN	Q	Q	True	False	True	True	119.0	119.0	True	HIS	H	H	True	False	False	True	280.0	280.0	True	HIS	H	H	True	False	False	True	284.0	284.0	True	GLN	Q	Q	True	False	True	True	309.0	309.0	True	HIS	H	H	True	False	False	True	6	0	HQHHQH	HQHHQH	True	True	True	True	True
A0A087UWG8		71.0	False	TYR	-	Y	False	True	True	True	77.0	79.0	False	ASN	H	N	False	False	True	True	88.0	88.0	True	ASN	N	N	True	False	True	True	193.0	193.0	True	SER	S	S	True	False	True	True	197.0	197.0	True	HIS	H	H	True	False	False	True	219.0	219.0	True	HIS	H	H	True	False	False	True	4	1	YNNSHH	-HNSHH	False	False	False	False	False
A0A091EJM4	191.0	191.0	True	HIS	H	H	True	False	False	True	213.0	213.0	True	HIS	H	H	True	False	False	True	222.0	222.0	True	HIS	H	H	True	False	False	True	371.0	371.0	True	HIS	H	H	True	False	False	True	375.0	375.0	True	ARG	R	R	True	False	True	True	398.0	398.0	True	HIS	H	H	True	False	False	True	6	0	HHHHRH	HHHHRH	True	True	True	True	True
A0A091IY37	191.0	191.0	True	HIS	H	H	True	False	False	True	213.0	213.0	True	HIS	H	H	True	False	False	True	222.0	222.0	True	HIS	H	H	True	False	False	True		357.0	False	GLN	-	Q	False	True	True	True		361.0	False	GLY	-	G	False	True	True	True		396.0	False	HIS	-	H	False	True	False	True	3	3	HHHQGH	HHH---	False	False	False	False	False
A0A091L9M2	191.0	191.0	True	HIS	H	H	True	False	False	True	213.0	213.0	True	HIS	H	H	True	False	False	True	222.0	222.0	True	HIS	H	H	True	False	False	True		357.0	False	ASP	-	D	False	True	True	True			False	---	-	-	False	True	False	False	382.0	382.0	True	HIS	H	H	True	False	False	True	4	2	HHHD-H	HHH--H	False	False	False	False	False
A0A091M3M6	191.0	191.0	True	HIS	H	H	True	False	False	True	213.0	213.0	True	HIS	H	H	True	False	False	True	222.0	222.0	True	HIS	H	H	True	False	False	True		352.0	False	GLN	-	Q	False	True	True	True			False	---	-	-	False	True	False	False		380.0	False	HIS	-	H	False	True	False	True	3	3	HHHQ-H	HHH---	False	False	False	False	False
A0A091Q771	191.0	191.0	True	HIS	H	H	True	False	False	True	213.0	213.0	True	HIS	H	H	True	False	False	True	222.0	222.0	True	HIS	H	H	True	False	False	True	365.0	357.0	False	GLN	S	Q	False	False	True	True	369.0	368.0	False	VAL	S	V	False	False	True	True	391.0	391.0	True	HIS	H	H	True	False	False	True	4	0	HHHQVH	HHHSSH	False	False	False	False	False
A0A091TFJ5	100.0	100.0	True	HIS	H	H	True	False	False	True	122.0	122.0	True	HIS	H	H	True	False	False	True	131.0	131.0	True	HIS	H	H	True	False	False	True		266.0	False	ASP	-	D	False	True	True	True	270.0		False	---	G	-	False	False	False	False	293.0	293.0	True	HIS	H	H	True	False	False	True	4	1	HHHD-H	HHH-GH	False	False	False	False	False
A0A091TMG5	92.0	92.0	True	HIS	H	H	True	False	False	True	114.0	114.0	True	HIS	H	H	True	False	False	True	123.0	123.0	True	HIS	H	H	True	False	False	True	268.0	268.0	True	MET	M	M	True	False	True	True	272.0	272.0	True	HIS	H	H	True	False	False	True	295.0	295.0	True	HIS	H	H	True	False	False	True	6	0	HHHMHH	HHHMHH	True	True	True	True	True
A0A093CQX0	91.0	91.0	True	HIS	H	H	True	False	False	True	113.0	113.0	True	HIS	H	H	True	False	False	True	122.0	122.0	True	HIS	H	H	True	False	False	True	267.0	271.0	False	HIS	M	H	False	False	False	True	271.0	275.0	False	GLN	H	Q	False	False	True	True	292.0	292.0	True	HIS	H	H	True	False	False	True	4	0	HHHHQH	HHHMHH	False	False	False	False	False
A0A093H736	191.0	191.0	True	HIS	H	H	True	False	False	True	213.0	213.0	True	HIS	H	H	True	False	False	True	222.0	222.0	True	HIS	H	H	True	False	False	True	371.0	371.0	True	HIS	H	H	True	False	False	True	375.0	375.0	True	LEU	L	L	True	False	True	True	398.0	398.0	True	HIS	H	H	True	False	False	True	6	0	HHHHLH	HHHHLH	True	True	True	True	True
A0A093JA04	191.0	191.0	True	HIS	H	H	True	False	False	True	213.0	213.0	True	HIS	H	H	True	False	False	True	222.0	222.0	True	HIS	H	H	True	False	False	True	353.0	357.0	False	GLN	L	Q	False	False	True	True	357.0	361.0	False	GLY	Q	G	False	False	True	True	379.0	379.0	True	HIS	H	H	True	False	False	True	4	0	HHHQGH	HHHLQH	False	False	False	False	False
A0A093R256	90.0	90.0	True	HIS	H	H	True	False	False	True	112.0	112.0	True	HIS	H	H	True	False	False	True	121.0	121.0	True	HIS	H	H	True	False	False	True	265.0	265.0	True	HIS	H	H	True	False	False	True	269.0	269.0	True	PRO	P	P	True	False	True	True	292.0	292.0	True	HIS	H	H	True	False	False	True	6	0	HHHHPH	HHHHPH	True	True	True	True	True
A0A099ZQM2	191.0	191.0	True	HIS	H	H	True	False	False	True	213.0	213.0	True	HIS	H	H	True	False	False	True	222.0	222.0	True	HIS	H	H	True	False	False	True	371.0	371.0	True	HIS	H	H	True	False	False	True	375.0	375.0	True	PRO	P	P	True	False	True	True	398.0	398.0	True	HIS	H	H	True	False	False	True	6	0	HHHHPH	HHHHPH	True	True	True	True	True
A0A0A2X4S5		73.0	False	HIS	-	H	False	True	False	True	113.0	109.0	False	SER	Q	S	False	False	True	True	122.0	122.0	True	HIS	H	H	True	False	False	True	228.0	228.0	True	HIS	H	H	True	False	False	True	232.0	232.0	True	HIS	H	H	True	False	False	True	257.0	257.0	True	HIS	H	H	True	False	False	True	4	1	HSHHHH	-QHHHH	False	False	False	False	False
A0A0A7CM13	75.0	75.0	True	HIS	H	H	True	False	False	True	85.0	85.0	True	ASP	D	D	True	False	True	True	94.0	94.0	True	HIS	H	H	True	False	False	True	237.0	237.0	True	SER	S	S	True	False	True	True	241.0	241.0	True	HIS	H	H	True	False	False	True	264.0	264.0	True	HIS	H	H	True	False	False	True	6	0	HDHSHH	HDHSHH	True	True	True	True	True
A0A0A7CM93		77.0	False	LEU	-	L	False	True	True	True		87.0	False	TYR	-	Y	False	True	True	True		96.0	False	SER	-	S	False	True	True	True	232.0	232.0	True	HIS	H	H	True	False	False	True	236.0	236.0	True	HIS	H	H	True	False	False	True	259.0	259.0	True	HIS	H	H	True	False	False	True	3	3	LYSHHH	---HHH	False	False	False	False	False
A0A0A7CMA7	75.0	75.0	True	HIS	H	H	True	False	False	True	85.0	85.0	True	HIS	H	H	True	False	False	True	94.0	94.0	True	HIS	H	H	True	False	False	True	236.0	236.0	True	SER	S	S	True	False	True	True	240.0	240.0	True	HIS	H	H	True	False	False	True	263.0	263.0	True	HIS	H	H	True	False	False	True	6	0	HHHSHH	HHHSHH	True	True	True	True	True
A0A0A7CN79	90.0	90.0	True	HIS	H	H	True	False	False	True	100.0	100.0	True	HIS	H	H	True	False	False	True	109.0	109.0	True	HIS	H	H	True	False	False	True	251.0	251.0	True	SER	S	S	True	False	True	True	255.0	255.0	True	HIS	H	H	True	False	False	True	278.0	278.0	True	HIS	H	H	True	False	False	True	6	0	HHHSHH	HHHSHH	True	True	True	True	True
A0A0A7CP65		449.0	False	PHE	-	F	False	True	True	True		456.0	False	MET	-	M	False	True	True	True	465.0	465.0	True	ARG	R	R	True	False	True	True	603.0	603.0	True	LEU	L	L	True	False	True	True	607.0	607.0	True	HIS	H	H	True	False	False	True	630.0	630.0	True	PHE	F	F	True	False	True	True	4	2	FMRLHF	--RLHF	False	False	False	False	False
A0A0B2X1U6	81.0	81.0	True	HIS	H	H	True	False	False	True	119.0	114.0	False	LEU	D	L	False	False	True	True	128.0	128.0	True	HIS	H	H	True	False	False	True	281.0	281.0	True	HIS	H	H	True	False	False	True	285.0	285.0	True	HIS	H	H	True	False	False	True	310.0	310.0	True	HIS	H	H	True	False	False	True	5	0	HLHHHH	HDHHHH	False	False	False	False	False
A0A0B7FL26	119.0	119.0	True	HIS	H	H	True	False	False	True	127.0	127.0	True	GLN	Q	Q	True	False	True	True	136.0	136.0	True	HIS	H	H	True	False	False	True	275.0	275.0	True	ARG	R	R	True	False	True	True	279.0	279.0	True	GLN	Q	Q	True	False	True	True	302.0	302.0	True	HIS	H	H	True	False	False	True	6	0	HQHRQH	HQHRQH	True	True	True	True	True
A0A0C2HHH6	138.0	138.0	True	HIS	H	H	True	False	False	True	148.0	148.0	True	HIS	H	H	True	False	False	True	157.0	157.0	True	ASN	N	N	True	False	True	True	266.0	266.0	True	GLY	G	G	True	False	True	True	270.0	270.0	True	GLN	Q	Q	True	False	True	True	293.0	293.0	True	HIS	H	H	True	False	False	True	6	0	HHNGQH	HHNGQH	True	True	True	True	True
A0A0C2WPB2	137.0	130.0	False	CYS	H	C	False	False	True	True	145.0	145.0	True	HIS	H	H	True	False	False	True	154.0	154.0	True	HIS	H	H	True	False	False	True	294.0	294.0	True	HIS	H	H	True	False	False	True	298.0	298.0	True	HIS	H	H	True	False	False	True	333.0	333.0	True	HIS	H	H	True	False	False	True	5	0	CHHHHH	HHHHHH	False	False	False	False	False
A0A0C2XCT6		69.0	False	ALA	-	A	False	True	True	True			False	---	-	-	False	True	False	False	126.0	129.0	False	VAL	H	V	False	False	True	True	339.0	339.0	True	HIS	H	H	True	False	False	True	343.0	343.0	True	HIS	H	H	True	False	False	True	368.0	368.0	True	HIS	H	H	True	False	False	True	3	2	A-VHHH	--HHHH	False	False	False	False	False
A0A0C3B6I5	57.0	57.0	True	HIS	H	H	True	False	False	True	84.0	84.0	True	HIS	H	H	True	False	False	True	93.0	93.0	True	HIS	H	H	True	False	False	True	268.0	268.0	True	HIS	H	H	True	False	False	True	272.0	272.0	True	HIS	H	H	True	False	False	True	303.0	303.0	True	HIS	H	H	True	False	False	True	6	0	HHHHHH	HHHHHH	True	True	True	True	True
A0A0C9SL04	89.0	89.0	True	HIS	H	H	True	False	False	True	97.0	97.0	True	HIS	H	H	True	False	False	True	106.0	106.0	True	HIS	H	H	True	False	False	True	242.0	242.0	True	ARG	R	R	True	False	True	True	246.0	246.0	True	HIS	H	H	True	False	False	True	281.0	281.0	True	HIS	H	H	True	False	False	True	6	0	HHHRHH	HHHRHH	True	True	True	True	True
A0A0C9SRH3	89.0	89.0	True	HIS	H	H	True	False	False	True	97.0	97.0	True	HIS	H	H	True	False	False	True	106.0	106.0	True	HIS	H	H	True	False	False	True	242.0	242.0	True	ARG	R	R	True	False	True	True	246.0	246.0	True	HIS	H	H	True	False	False	True	281.0	281.0	True	HIS	H	H	True	False	False	True	6	0	HHHRHH	HHHRHH	True	True	True	True	True
A0A0D2FU82	88.0	88.0	True	HIS	H	H	True	False	False	True	137.0	137.0	True	HIS	H	H	True	False	False	True	146.0	146.0	True	HIS	H	H	True	False	False	True	358.0	358.0	True	HIS	H	H	True	False	False	True	362.0	362.0	True	HIS	H	H	True	False	False	True	396.0	396.0	True	HIS	H	H	True	False	False	True	6	0	HHHHHH	HHHHHH	True	True	True	True	True
A0A0D2M1N4	78.0	79.0	False	TYR	H	Y	False	False	True	True	87.0	87.0	True	HIS	H	H	True	False	False	True	96.0	96.0	True	HIS	H	H	True	False	False	True	242.0	242.0	True	ALA	A	A	True	False	True	True	246.0	246.0	True	ARG	R	R	True	False	True	True	269.0	269.0	True	HIS	H	H	True	False	False	True	5	0	YHHARH	HHHARH	False	False	False	False	False
A0A0D3HYU6		141.0	False	HIS	-	H	False	True	False	True		148.0	False	VAL	-	V	False	True	True	True		153.0	False	THR	-	T	False	True	True	True	445.0	445.0	True	HIS	H	H	True	False	False	True	449.0	449.0	True	HIS	H	H	True	False	False	True	473.0	473.0	True	HIS	H	H	True	False	False	True	3	3	HVTHHH	---HHH	False	False	False	False	False
A0A0D6LZL4	142.0	142.0	True	TYR	Y	Y	True	False	True	True	152.0	152.0	True	HIS	H	H	True	False	False	True	161.0	161.0	True	HIS	H	H	True	False	False	True	276.0	276.0	True	HIS	H	H	True	False	False	True	280.0	280.0	True	HIS	H	H	True	False	False	True	303.0	303.0	True	HIS	H	H	True	False	False	True	6	0	YHHHHH	YHHHHH	True	True	True	True	True
A0A0D6M6M4	295.0	295.0	True	HIS	H	H	True	False	False	True	305.0	305.0	True	HIS	H	H	True	False	False	True	314.0	314.0	True	HIS	H	H	True	False	False	True		79.0	False	GLY	-	G	False	True	True	True		83.0	False	GLN	-	Q	False	True	True	True		106.0	False	TYR	-	Y	False	True	True	True	3	3	HHHGQY	HHH---	False	False	False	False	False
A0A0D9NQW1	64.0	64.0	True	HIS	H	H	True	False	False	True	72.0	72.0	True	HIS	H	H	True	False	False	True	81.0	81.0	True	HIS	H	H	True	False	False	True	216.0	216.0	True	HIS	H	H	True	False	False	True	220.0	220.0	True	PRO	P	P	True	False	True	True	242.0	242.0	True	HIS	H	H	True	False	False	True	6	0	HHHHPH	HHHHPH	True	True	True	True	True
A0A0F4GBJ7	122.0	122.0	True	HIS	H	H	True	False	False	True	130.0	130.0	True	HIS	H	H	True	False	False	True	139.0	139.0	True	HIS	H	H	True	False	False	True	278.0	278.0	True	HIS	H	H	True	False	False	True	282.0	282.0	True	PRO	P	P	True	False	True	True	304.0	304.0	True	HIS	H	H	True	False	False	True	6	0	HHHHPH	HHHHPH	True	True	True	True	True
A0A0F5VAR5	62.0	62.0	True	HIS	H	H	True	False	False	True	71.0		False	---	D	-	False	False	False	False	80.0	80.0	True	HIS	H	H	True	False	False	True	207.0	207.0	True	HIS	H	H	True	False	False	True	211.0	211.0	True	HIS	H	H	True	False	False	True	245.0	245.0	True	HIS	H	H	True	False	False	True	5	0	H-HHHH	HDHHHH	False	False	True	True	False
A0A0F8A4E9	83.0	83.0	True	HIS	H	H	True	False	False	True	107.0	107.0	True	HIS	H	H	True	False	False	True	116.0	116.0	True	HIS	H	H	True	False	False	True	272.0	272.0	True	HIS	H	H	True	False	False	True	276.0	276.0	True	HIS	H	H	True	False	False	True	301.0	301.0	True	HIS	H	H	True	False	False	True	6	0	HHHHHH	HHHHHH	True	True	True	True	True
A0A0G2GB29	68.0	67.0	False	ILE	H	I	False	False	True	True			False	---	-	-	False	True	False	False	84.0		False	---	D	-	False	False	False	False	286.0	286.0	True	HIS	H	H	True	False	False	True	290.0	290.0	True	HIS	H	H	True	False	False	True	315.0	315.0	True	HIS	H	H	True	False	False	True	3	1	I--HHH	H-DHHH	False	False	False	False	False
A0A0G4IUF0		38.0	False	HIS	-	H	False	True	False	True			False	---	-	-	False	True	False	False		53.0	False	ASN	-	N	False	True	True	True	149.0	149.0	True	GLN	Q	Q	True	False	True	True	153.0	153.0	True	GLN	Q	Q	True	False	True	True	176.0	176.0	True	HIS	H	H	True	False	False	True	3	3	H-NQQH	---QQH	False	False	False	False	False
A0A0G4N7R0	139.0	139.0	True	HIS	H	H	True	False	False	True	147.0	147.0	True	HIS	H	H	True	False	False	True	156.0	156.0	True	HIS	H	H	True	False	False	True	318.0	318.0	True	HIS	H	H	True	False	False	True	322.0	322.0	True	TYR	Y	Y	True	False	True	True	345.0	345.0	True	HIS	H	H	True	False	False	True	6	0	HHHHYH	HHHHYH	True	True	True	True	True
A0A0K6G359	72.0	72.0	True	TYR	Y	Y	True	False	True	True	80.0	80.0	True	HIS	H	H	True	False	False	True	89.0	89.0	True	HIS	H	H	True	False	False	True	215.0	215.0	True	HIS	H	H	True	False	False	True	219.0	219.0	True	ILE	I	I	True	False	True	True	241.0	241.0	True	LEU	L	L	True	False	True	True	6	0	YHHHIL	YHHHIL	True	True	True	True	True
A0A0K6G3H3	72.0	72.0	True	TYR	Y	Y	True	False	True	True	80.0	80.0	True	HIS	H	H	True	False	False	True	89.0	89.0	True	HIS	H	H	True	False	False	True	215.0	215.0	True	HIS	H	H	True	False	False	True	219.0	219.0	True	ILE	I	I	True	False	True	True	241.0	241.0	True	LEU	L	L	True	False	True	True	6	0	YHHHIL	YHHHIL	True	True	True	True	True
A0A0K6GCM0	64.0	64.0	True	HIS	H	H	True	False	False	True	92.0	92.0	True	HIS	H	H	True	False	False	True	101.0	101.0	True	HIS	H	H	True	False	False	True	329.0	329.0	True	HIS	H	H	True	False	False	True	333.0	333.0	True	HIS	H	H	True	False	False	True	358.0	358.0	True	HIS	H	H	True	False	False	True	6	0	HHHHHH	HHHHHH	True	True	True	True	True
A0A0L0NB41	69.0	69.0	True	HIS	H	H	True	False	False	True	77.0	77.0	True	HIS	H	H	True	False	False	True	86.0	86.0	True	HIS	H	H	True	False	False	True	209.0	209.0	True	HIS	H	H	True	False	False	True	213.0	213.0	True	PRO	P	P	True	False	True	True	235.0	235.0	True	HIS	H	H	True	False	False	True	6	0	HHHHPH	HHHHPH	True	True	True	True	True
A0A0L0VSP3	169.0	169.0	True	HIS	H	H	True	False	False	True	177.0	177.0	True	HIS	H	H	True	False	False	True	186.0	186.0	True	HIS	H	H	True	False	False	True	331.0	331.0	True	HIS	H	H	True	False	False	True	335.0	335.0	True	HIS	H	H	True	False	False	True		347.0	False	TYR	-	Y	False	True	True	True	5	1	HHHHHY	HHHHH-	False	False	False	False	False
A0A0L0VSW2	109.0	109.0	True	HIS	H	H	True	False	False	True	117.0	117.0	True	HIS	H	H	True	False	False	True	126.0	126.0	True	HIS	H	H	True	False	False	True	271.0	271.0	True	HIS	H	H	True	False	False	True	275.0	275.0	True	HIS	H	H	True	False	False	True		287.0	False	TYR	-	Y	False	True	True	True	5	1	HHHHHY	HHHHH-	False	False	False	False	False
A0A0L6VTF1	129.0	129.0	True	HIS	H	H	True	False	False	True	137.0	137.0	True	HIS	H	H	True	False	False	True	146.0	146.0	True	HIS	H	H	True	False	False	True	326.0	326.0	True	HIS	H	H	True	False	False	True	330.0	330.0	True	HIS	H	H	True	False	False	True		369.0	False	MET	-	M	False	True	True	True	5	1	HHHHHM	HHHHH-	False	False	False	False	False
A0A0L8FGF3	198.0	198.0	True	TYR	Y	Y	True	False	True	True	206.0	206.0	True	SER	S	S	True	False	True	True	215.0	215.0	True	HIS	H	H	True	False	False	True	323.0	322.0	False	LEU	H	L	False	False	True	True	326.0	326.0	True	GLN	Q	Q	True	False	True	True	348.0	348.0	True	VAL	V	V	True	False	True	True	5	0	YSHLQV	YSHHQV	False	False	False	False	False
A0A0L8ICD6	671.0	668.0	False	TYR	H	Y	False	False	True	True	676.0	676.0	True	HIS	H	H	True	False	False	True	685.0	685.0	True	HIS	H	H	True	False	False	True	788.0	788.0	True	ALA	A	A	True	False	True	True	792.0	792.0	True	HIS	H	H	True	False	False	True	814.0	814.0	True	GLN	Q	Q	True	False	True	True	5	0	YHHAHQ	HHHAHQ	False	False	False	False	False
A0A0L8IDI7	666.0	663.0	False	TYR	H	Y	False	False	True	True	671.0	671.0	True	HIS	H	H	True	False	False	True	680.0	680.0	True	HIS	H	H	True	False	False	True	783.0	783.0	True	ALA	A	A	True	False	True	True	787.0	787.0	True	HIS	H	H	True	False	False	True	809.0	809.0	True	GLN	Q	Q	True	False	True	True	5	0	YHHAHQ	HHHAHQ	False	False	False	False	False
A0A0M3IG66	577.0	577.0	True	HIS	H	H	True	False	False	True	587.0	587.0	True	HIS	H	H	True	False	False	True	596.0	596.0	True	HIS	H	H	True	False	False	True	718.0	718.0	True	HIS	H	H	True	False	False	True	722.0	722.0	True	LEU	L	L	True	False	True	True	745.0	745.0	True	HIS	H	H	True	False	False	True	6	0	HHHHLH	HHHHLH	True	True	True	True	True
A0A0M3IJ33	151.0	151.0	True	TYR	Y	Y	True	False	True	True	161.0	161.0	True	HIS	H	H	True	False	False	True	170.0	170.0	True	HIS	H	H	True	False	False	True	291.0	291.0	True	GLN	Q	Q	True	False	True	True	295.0	295.0	True	GLN	Q	Q	True	False	True	True	318.0	318.0	True	HIS	H	H	True	False	False	True	6	0	YHHQQH	YHHQQH	True	True	True	True	True
A0A0N4SWM8	381.0	381.0	True	HIS	H	H	True	False	False	True	391.0	391.0	True	HIS	H	H	True	False	False	True	400.0	400.0	True	HIS	H	H	True	False	False	True	521.0	521.0	True	HIS	H	H	True	False	False	True	525.0	525.0	True	LEU	L	L	True	False	True	True	548.0	548.0	True	HIS	H	H	True	False	False	True	6	0	HHHHLH	HHHHLH	True	True	True	True	True
A0A0P1ANE6		58.0	False	TYR	-	Y	False	True	True	True		68.0	False	VAL	-	V	False	True	True	True	77.0	77.0	True	TYR	Y	Y	True	False	True	True	221.0	221.0	True	GLN	Q	Q	True	False	True	True	225.0	225.0	True	HIS	H	H	True	False	False	True	247.0	247.0	True	TYR	Y	Y	True	False	True	True	4	2	YVYQHY	--YQHY	False	False	False	False	False
A0A0R3QQ18	276.0	276.0	True	HIS	H	H	True	False	False	True	286.0	286.0	True	HIS	H	H	True	False	False	True	295.0	295.0	True	HIS	H	H	True	False	False	True	416.0	416.0	True	HIS	H	H	True	False	False	True	420.0	420.0	True	LEU	L	L	True	False	True	True	443.0	443.0	True	HIS	H	H	True	False	False	True	6	0	HHHHLH	HHHHLH	True	True	True	True	True
A0A0R3RX42	367.0	367.0	True	HIS	H	H	True	False	False	True	377.0	377.0	True	HIS	H	H	True	False	False	True	386.0	386.0	True	HIS	H	H	True	False	False	True	507.0	507.0	True	HIS	H	H	True	False	False	True	511.0	511.0	True	LEU	L	L	True	False	True	True	534.0	534.0	True	HIS	H	H	True	False	False	True	6	0	HHHHLH	HHHHLH	True	True	True	True	True
A0A0U1M3F3	67.0	67.0	True	HIS	H	H	True	False	False	True	90.0	90.0	True	HIS	H	H	True	False	False	True	99.0	99.0	True	HIS	H	H	True	False	False	True	322.0	322.0	True	HIS	H	H	True	False	False	True			False	---	-	-	False	True	False	False	362.0	362.0	True	HIS	H	H	True	False	False	True	5	1	HHHH-H	HHHH-H	True	False	True	True	False
A0A0V0R8Y7	77.0	77.0	True	SER	S	S	True	False	True	True	86.0	86.0	True	MET	M	M	True	False	True	True	95.0	95.0	True	HIS	H	H	True	False	False	True	212.0	212.0	True	ASN	N	N	True	False	True	True	216.0	216.0	True	HIS	H	H	True	False	False	True	239.0	239.0	True	HIS	H	H	True	False	False	True	6	0	SMHNHH	SMHNHH	True	True	True	True	True
A0A0V0S806	179.0	179.0	True	HIS	H	H	True	False	False	True	188.0	188.0	True	HIS	H	H	True	False	False	True	197.0	197.0	True	HIS	H	H	True	False	False	True	348.0	348.0	True	TYR	Y	Y	True	False	True	True	352.0	352.0	True	THR	T	T	True	False	True	True	375.0	375.0	True	GLN	Q	Q	True	False	True	True	6	0	HHHYTQ	HHHYTQ	True	True	True	True	True
A0A0V0SMD1	190.0	190.0	True	HIS	H	H	True	False	False	True	204.0	205.0	False	THR	G	T	False	False	True	True	213.0	213.0	True	ASN	N	N	True	False	True	True	355.0	346.0	False	LEU	M	L	False	False	True	True	359.0	377.0	False	PHE	H	F	False	False	True	True	392.0	392.0	True	LEU	L	L	True	False	True	True	3	0	HTNLFL	HGNMHL	False	False	False	False	False
A0A0V0TGR2	181.0	181.0	True	HIS	H	H	True	False	False	True	190.0	190.0	True	HIS	H	H	True	False	False	True	199.0	199.0	True	HIS	H	H	True	False	False	True	350.0	350.0	True	TYR	Y	Y	True	False	True	True	354.0	354.0	True	THR	T	T	True	False	True	True	377.0	377.0	True	GLN	Q	Q	True	False	True	True	6	0	HHHYTQ	HHHYTQ	True	True	True	True	True
A0A0V0YE73	182.0	182.0	True	HIS	H	H	True	False	False	True	191.0	191.0	True	HIS	H	H	True	False	False	True	200.0	200.0	True	HIS	H	H	True	False	False	True	330.0	330.0	True	TYR	Y	Y	True	False	True	True	334.0	334.0	True	THR	T	T	True	False	True	True	357.0	357.0	True	GLN	Q	Q	True	False	True	True	6	0	HHHYTQ	HHHYTQ	True	True	True	True	True
A0A0V1A2F9	189.0	189.0	True	HIS	H	H	True	False	False	True	203.0	204.0	False	THR	G	T	False	False	True	True	212.0	212.0	True	ASN	N	N	True	False	True	True	354.0	345.0	False	LEU	M	L	False	False	True	True	358.0	376.0	False	PHE	H	F	False	False	True	True	391.0	391.0	True	LEU	L	L	True	False	True	True	3	0	HTNLFL	HGNMHL	False	False	False	False	False
A0A0V1AAJ2	196.0	196.0	True	HIS	H	H	True	False	False	True	205.0	205.0	True	HIS	H	H	True	False	False	True	214.0	214.0	True	HIS	H	H	True	False	False	True	361.0	361.0	True	TYR	Y	Y	True	False	True	True	365.0	365.0	True	THR	T	T	True	False	True	True	388.0	388.0	True	GLN	Q	Q	True	False	True	True	6	0	HHHYTQ	HHHYTQ	True	True	True	True	True
A0A0V1ABN4	196.0	196.0	True	HIS	H	H	True	False	False	True	205.0	205.0	True	HIS	H	H	True	False	False	True	214.0	214.0	True	HIS	H	H	True	False	False	True	328.0	328.0	True	TYR	Y	Y	True	False	True	True	332.0	332.0	True	THR	T	T	True	False	True	True	355.0	355.0	True	GLN	Q	Q	True	False	True	True	6	0	HHHYTQ	HHHYTQ	True	True	True	True	True
A0A0V1BIN6	181.0	181.0	True	HIS	H	H	True	False	False	True	190.0	190.0	True	HIS	H	H	True	False	False	True	199.0	199.0	True	HIS	H	H	True	False	False	True	350.0	350.0	True	TYR	Y	Y	True	False	True	True	354.0	354.0	True	THR	T	T	True	False	True	True	377.0	377.0	True	GLN	Q	Q	True	False	True	True	6	0	HHHYTQ	HHHYTQ	True	True	True	True	True
A0A0V1DE70	195.0	195.0	True	HIS	H	H	True	False	False	True	204.0	204.0	True	HIS	H	H	True	False	False	True	213.0	213.0	True	HIS	H	H	True	False	False	True	327.0	327.0	True	TYR	Y	Y	True	False	True	True	331.0	331.0	True	THR	T	T	True	False	True	True	354.0	354.0	True	GLN	Q	Q	True	False	True	True	6	0	HHHYTQ	HHHYTQ	True	True	True	True	True
A0A0V1DFZ9	200.0	200.0	True	HIS	H	H	True	False	False	True	214.0	215.0	False	THR	G	T	False	False	True	True	223.0	223.0	True	ASN	N	N	True	False	True	True	365.0	356.0	False	LEU	M	L	False	False	True	True	369.0	387.0	False	PHE	H	F	False	False	True	True	402.0	402.0	True	LEU	L	L	True	False	True	True	3	0	HTNLFL	HGNMHL	False	False	False	False	False
A0A0V1EIF6	188.0	188.0	True	HIS	H	H	True	False	False	True	202.0	203.0	False	THR	S	T	False	False	True	True	211.0	211.0	True	ASN	N	N	True	False	True	True	353.0	344.0	False	LEU	M	L	False	False	True	True	357.0	375.0	False	PHE	H	F	False	False	True	True	390.0	390.0	True	LEU	L	L	True	False	True	True	3	0	HTNLFL	HSNMHL	False	False	False	False	False
A0A0V1ESS6	183.0	183.0	True	HIS	H	H	True	False	False	True	192.0	192.0	True	HIS	H	H	True	False	False	True	201.0	201.0	True	HIS	H	H	True	False	False	True	315.0	315.0	True	TYR	Y	Y	True	False	True	True	319.0	319.0	True	THR	T	T	True	False	True	True	342.0	342.0	True	GLN	Q	Q	True	False	True	True	6	0	HHHYTQ	HHHYTQ	True	True	True	True	True
A0A0V1FSY3	188.0	188.0	True	HIS	H	H	True	False	False	True	202.0	203.0	False	THR	S	T	False	False	True	True	211.0	211.0	True	ASN	N	N	True	False	True	True	353.0	344.0	False	LEU	M	L	False	False	True	True	357.0	375.0	False	PHE	H	F	False	False	True	True	390.0	390.0	True	LEU	L	L	True	False	True	True	3	0	HTNLFL	HSNMHL	False	False	False	False	False
A0A0V1G4S3	178.0	178.0	True	HIS	H	H	True	False	False	True	187.0	187.0	True	HIS	H	H	True	False	False	True	196.0	196.0	True	HIS	H	H	True	False	False	True	310.0	310.0	True	TYR	Y	Y	True	False	True	True	314.0	314.0	True	THR	T	T	True	False	True	True	337.0	337.0	True	GLN	Q	Q	True	False	True	True	6	0	HHHYTQ	HHHYTQ	True	True	True	True	True
A0A0V1I3Y0	195.0	195.0	True	HIS	H	H	True	False	False	True	204.0	204.0	True	HIS	H	H	True	False	False	True	213.0	213.0	True	HIS	H	H	True	False	False	True	327.0	327.0	True	TYR	Y	Y	True	False	True	True	331.0	331.0	True	THR	T	T	True	False	True	True	354.0	354.0	True	GLN	Q	Q	True	False	True	True	6	0	HHHYTQ	HHHYTQ	True	True	True	True	True
A0A0V1I4K6	199.0	199.0	True	HIS	H	H	True	False	False	True	213.0	214.0	False	THR	G	T	False	False	True	True	222.0	222.0	True	ASN	N	N	True	False	True	True	364.0	355.0	False	LEU	M	L	False	False	True	True	368.0	386.0	False	LEU	H	L	False	False	True	True	401.0	401.0	True	LEU	L	L	True	False	True	True	3	0	HTNLLL	HGNMHL	False	False	False	False	False
A0A0V1JHS7	182.0	182.0	True	HIS	H	H	True	False	False	True	191.0	191.0	True	HIS	H	H	True	False	False	True	200.0	200.0	True	HIS	H	H	True	False	False	True	314.0	314.0	True	TYR	Y	Y	True	False	True	True	318.0	318.0	True	THR	T	T	True	False	True	True	341.0	341.0	True	GLN	Q	Q	True	False	True	True	6	0	HHHYTQ	HHHYTQ	True	True	True	True	True
A0A0V1KD92	182.0	182.0	True	HIS	H	H	True	False	False	True	191.0	191.0	True	HIS	H	H	True	False	False	True	200.0	200.0	True	HIS	H	H	True	False	False	True	314.0	314.0	True	TYR	Y	Y	True	False	True	True	318.0	318.0	True	THR	T	T	True	False	True	True	341.0	341.0	True	GLN	Q	Q	True	False	True	True	6	0	HHHYTQ	HHHYTQ	True	True	True	True	True
A0A0V1KR57	182.0	182.0	True	HIS	H	H	True	False	False	True	191.0	191.0	True	HIS	H	H	True	False	False	True	200.0	200.0	True	HIS	H	H	True	False	False	True	351.0	351.0	True	TYR	Y	Y	True	False	True	True	355.0	355.0	True	THR	T	T	True	False	True	True	378.0	378.0	True	GLN	Q	Q	True	False	True	True	6	0	HHHYTQ	HHHYTQ	True	True	True	True	True
A0A0V1LPZ2	199.0	199.0	True	HIS	H	H	True	False	False	True	213.0	214.0	False	THR	G	T	False	False	True	True	222.0	222.0	True	ASN	N	N	True	False	True	True	364.0	355.0	False	LEU	M	L	False	False	True	True	368.0	386.0	False	PHE	H	F	False	False	True	True	401.0	401.0	True	LEU	L	L	True	False	True	True	3	0	HTNLFL	HGNMHL	False	False	False	False	False
A0A0V1MUW3	191.0	191.0	True	HIS	H	H	True	False	False	True	200.0	200.0	True	HIS	H	H	True	False	False	True	209.0	209.0	True	HIS	H	H	True	False	False	True	323.0	323.0	True	TYR	Y	Y	True	False	True	True	327.0	327.0	True	THR	T	T	True	False	True	True	350.0	350.0	True	GLN	Q	Q	True	False	True	True	6	0	HHHYTQ	HHHYTQ	True	True	True	True	True
A0A0V1N8R5	199.0	199.0	True	HIS	H	H	True	False	False	True	213.0	213.0	True	GLY	G	G	True	False	True	True	222.0	222.0	True	ASN	N	N	True	False	True	True	364.0	355.0	False	LEU	M	L	False	False	True	True	368.0	386.0	False	LEU	H	L	False	False	True	True	401.0	401.0	True	LEU	L	L	True	False	True	True	4	0	HGNLLL	HGNMHL	False	False	False	False	False
A0A0W8AY19		58.0	False	TYR	-	Y	False	True	True	True		68.0	False	VAL	-	V	False	True	True	True	77.0	77.0	True	TYR	Y	Y	True	False	True	True	229.0	229.0	True	GLN	Q	Q	True	False	True	True	233.0	233.0	True	HIS	H	H	True	False	False	True	255.0	255.0	True	TYR	Y	Y	True	False	True	True	4	2	YVYQHY	--YQHY	False	False	False	False	False
A0A0W8C3R7		13.0	False	ALA	-	A	False	True	True	True		23.0	False	LEU	-	L	False	True	True	True	32.0	32.0	True	ASN	N	N	True	False	True	True	176.0	176.0	True	HIS	H	H	True	False	False	True	180.0	180.0	True	HIS	H	H	True	False	False	True	202.0	202.0	True	HIS	H	H	True	False	False	True	4	2	ALNHHH	--NHHH	False	False	False	False	False
A0A0W8DAM1		89.0	False	ALA	-	A	False	True	True	True		99.0	False	GLU	-	E	False	True	True	True	108.0	108.0	True	HIS	H	H	True	False	False	True	244.0	244.0	True	HIS	H	H	True	False	False	True	248.0	248.0	True	LEU	L	L	True	False	True	True	270.0	270.0	True	TYR	Y	Y	True	False	True	True	4	2	AEHHLY	--HHLY	False	False	False	False	False
A0A0Y0DNT4	151.0	151.0	True	HIS	H	H	True	False	False	True	160.0	160.0	True	HIS	H	H	True	False	False	True	169.0	169.0	True	HIS	H	H	True	False	False	True	279.0	280.0	False	SER	H	S	False	False	True	True	284.0	284.0	True	GLN	Q	Q	True	False	True	True	307.0	307.0	True	HIS	H	H	True	False	False	True	5	0	HHHSQH	HHHHQH	False	False	False	False	False
A0A135SEP1	205.0	205.0	True	HIS	H	H	True	False	False	True	224.0	224.0	True	GLY	G	G	True	False	True	True	233.0	233.0	True	HIS	H	H	True	False	False	True	401.0	401.0	True	HIS	H	H	True	False	False	True	405.0	405.0	True	HIS	H	H	True	False	False	True	429.0	429.0	True	GLN	Q	Q	True	False	True	True	6	0	HGHHHQ	HGHHHQ	True	True	True	True	True
A0A135UY99	318.0	318.0	True	HIS	H	H	True	False	False	True	337.0	337.0	True	GLY	G	G	True	False	True	True	346.0	346.0	True	HIS	H	H	True	False	False	True	519.0	519.0	True	HIS	H	H	True	False	False	True	523.0	523.0	True	HIS	H	H	True	False	False	True	547.0	547.0	True	GLN	Q	Q	True	False	True	True	6	0	HGHHHQ	HGHHHQ	True	True	True	True	True
A0A135V6Y1		181.0	False	VAL	-	V	False	True	True	True		19.0	False	ILE	-	I	False	True	True	True		188.0	False	VAL	-	V	False	True	True	True	318.0	318.0	True	HIS	H	H	True	False	False	True	322.0	322.0	True	HIS	H	H	True	False	False	True	345.0	345.0	True	HIS	H	H	True	False	False	True	3	3	VIVHHH	---HHH	False	False	False	False	False
A0A135V8Q3	166.0	166.0	True	HIS	H	H	True	False	False	True	174.0	174.0	True	HIS	H	H	True	False	False	True	183.0	183.0	True	HIS	H	H	True	False	False	True	351.0	351.0	True	HIS	H	H	True	False	False	True	355.0	355.0	True	HIS	H	H	True	False	False	True	379.0	379.0	True	GLN	Q	Q	True	False	True	True	6	0	HHHHHQ	HHHHHQ	True	True	True	True	True
A0A137NPX8	48.0	48.0	True	HIS	H	H	True	False	False	True	56.0	56.0	True	TYR	Y	Y	True	False	True	True	65.0	65.0	True	ASN	N	N	True	False	True	True	177.0	177.0	True	LEU	L	L	True	False	True	True	181.0	181.0	True	HIS	H	H	True	False	False	True	206.0	206.0	True	HIS	H	H	True	False	False	True	6	0	HYNLHH	HYNLHH	True	True	True	True	True
A0A139HAY5	149.0	149.0	True	HIS	H	H	True	False	False	True	157.0	157.0	True	HIS	H	H	True	False	False	True	166.0	166.0	True	HIS	H	H	True	False	False	True	293.0	293.0	True	HIS	H	H	True	False	False	True	297.0	297.0	True	PRO	P	P	True	False	True	True	319.0	319.0	True	HIS	H	H	True	False	False	True	6	0	HHHHPH	HHHHPH	True	True	True	True	True
A0A142I737	122.0	122.0	True	HIS	H	H	True	False	False	True	130.0	130.0	True	HIS	H	H	True	False	False	True	139.0	139.0	True	HIS	H	H	True	False	False	True	279.0	279.0	True	HIS	H	H	True	False	False	True	283.0	283.0	True	PRO	P	P	True	False	True	True	305.0	305.0	True	HIS	H	H	True	False	False	True	6	0	HHHHPH	HHHHPH	True	True	True	True	True
A0A158RAT2	379.0	379.0	True	HIS	H	H	True	False	False	True	389.0	389.0	True	HIS	H	H	True	False	False	True	398.0	398.0	True	HIS	H	H	True	False	False	True	519.0	519.0	True	GLN	Q	Q	True	False	True	True	523.0	523.0	True	LEU	L	L	True	False	True	True	546.0	546.0	True	TYR	Y	Y	True	False	True	True	6	0	HHHQLY	HHHQLY	True	True	True	True	True
A0A161VY89	143.0	143.0	True	HIS	H	H	True	False	False	True	151.0	151.0	True	HIS	H	H	True	False	False	True	160.0	160.0	True	HIS	H	H	True	False	False	True	304.0	304.0	True	HIS	H	H	True	False	False	True	308.0	308.0	True	PRO	P	P	True	False	True	True	330.0	330.0	True	HIS	H	H	True	False	False	True	6	0	HHHHPH	HHHHPH	True	True	True	True	True
A0A166M367	283.0	283.0	True	HIS	H	H	True	False	False	True	291.0	291.0	True	HIS	H	H	True	False	False	True	300.0	300.0	True	HIS	H	H	True	False	False	True	468.0	468.0	True	HIS	H	H	True	False	False	True	472.0	472.0	True	HIS	H	H	True	False	False	True	496.0	496.0	True	GLN	Q	Q	True	False	True	True	6	0	HHHHHQ	HHHHHQ	True	True	True	True	True
A0A166TEN8	137.0	137.0	True	HIS	H	H	True	False	False	True	145.0	145.0	True	HIS	H	H	True	False	False	True	154.0	154.0	True	HIS	H	H	True	False	False	True	277.0	277.0	True	HIS	H	H	True	False	False	True	281.0	281.0	True	PRO	P	P	True	False	True	True	303.0	303.0	True	HIS	H	H	True	False	False	True	6	0	HHHHPH	HHHHPH	True	True	True	True	True
A0A166U3J7	69.0	69.0	True	HIS	H	H	True	False	False	True	77.0	77.0	True	HIS	H	H	True	False	False	True	86.0	86.0	True	HIS	H	H	True	False	False	True	254.0	254.0	True	HIS	H	H	True	False	False	True	258.0	258.0	True	HIS	H	H	True	False	False	True	282.0	282.0	True	GLN	Q	Q	True	False	True	True	6	0	HHHHHQ	HHHHHQ	True	True	True	True	True
A0A167AFV0	37.0	37.0	True	HIS	H	H	True	False	False	True	45.0	45.0	True	HIS	H	H	True	False	False	True	54.0	54.0	True	HIS	H	H	True	False	False	True	191.0	191.0	True	HIS	H	H	True	False	False	True	195.0	195.0	True	PRO	P	P	True	False	True	True	217.0	217.0	True	HIS	H	H	True	False	False	True	6	0	HHHHPH	HHHHPH	True	True	True	True	True
A0A167BRG2	163.0	163.0	True	HIS	H	H	True	False	False	True	171.0	171.0	True	HIS	H	H	True	False	False	True	180.0	180.0	True	HIS	H	H	True	False	False	True	303.0	303.0	True	HIS	H	H	True	False	False	True	307.0	307.0	True	PRO	P	P	True	False	True	True	329.0	329.0	True	HIS	H	H	True	False	False	True	6	0	HHHHPH	HHHHPH	True	True	True	True	True
A0A168EXD0	60.0	60.0	True	HIS	H	H	True	False	False	True	68.0	68.0	True	HIS	H	H	True	False	False	True	77.0	77.0	True	HIS	H	H	True	False	False	True	207.0	207.0	True	HIS	H	H	True	False	False	True	211.0	211.0	True	PRO	P	P	True	False	True	True	233.0	233.0	True	HIS	H	H	True	False	False	True	6	0	HHHHPH	HHHHPH	True	True	True	True	True
A0A175VYW1	331.0	331.0	True	HIS	H	H	True	False	False	True	339.0	339.0	True	HIS	H	H	True	False	False	True	348.0	348.0	True	HIS	H	H	True	False	False	True		475.0	False	TRP	-	W	False	True	True	True	476.0	479.0	False	ILE	R	I	False	False	True	True	504.0	504.0	True	HIS	H	H	True	False	False	True	4	1	HHHWIH	HHH-RH	False	False	False	False	False
A0A175W3Y2	163.0	163.0	True	HIS	H	H	True	False	False	True	171.0	171.0	True	HIS	H	H	True	False	False	True	180.0	180.0	True	HIS	H	H	True	False	False	True	306.0	306.0	True	HIS	H	H	True	False	False	True	310.0	310.0	True	PRO	P	P	True	False	True	True	332.0	332.0	True	HIS	H	H	True	False	False	True	6	0	HHHHPH	HHHHPH	True	True	True	True	True
A0A177DSJ1	51.0	51.0	True	HIS	H	H	True	False	False	True	59.0	59.0	True	HIS	H	H	True	False	False	True	68.0	68.0	True	HIS	H	H	True	False	False	True	200.0	200.0	True	HIS	H	H	True	False	False	True	204.0	204.0	True	PRO	P	P	True	False	True	True	226.0	226.0	True	HIS	H	H	True	False	False	True	6	0	HHHHPH	HHHHPH	True	True	True	True	True
A0A177T6E5		135.0	False	HIS	-	H	False	True	False	True			False	---	-	-	False	True	False	False	146.0	146.0	True	HIS	H	H	True	False	False	True	291.0	291.0	True	HIS	H	H	True	False	False	True	295.0	295.0	True	HIS	H	H	True	False	False	True	317.0	317.0	True	HIS	H	H	True	False	False	True	4	2	H-HHHH	--HHHH	False	False	False	True	False
A0A180GDP5	171.0	167.0	False	PHE	H	F	False	False	True	True	179.0		False	---	H	-	False	False	False	False	188.0	192.0	False	MET	H	M	False	False	True	True	331.0	331.0	True	HIS	H	H	True	False	False	True	335.0	335.0	True	HIS	H	H	True	False	False	True		348.0	False	ALA	-	A	False	True	True	True	2	1	F-MHHA	HHHHH-	False	False	False	False	False
A0A183I077	394.0	394.0	True	HIS	H	H	True	False	False	True	404.0	404.0	True	HIS	H	H	True	False	False	True	413.0	413.0	True	HIS	H	H	True	False	False	True	534.0	534.0	True	HIS	H	H	True	False	False	True	538.0	538.0	True	LEU	L	L	True	False	True	True	561.0	561.0	True	HIS	H	H	True	False	False	True	6	0	HHHHLH	HHHHLH	True	True	True	True	True
A0A183IVQ9		164.0	False	TYR	-	Y	False	True	True	True	173.0	173.0	True	LYS	K	K	True	False	True	True	182.0	182.0	True	HIS	H	H	True	False	False	True	296.0	296.0	True	SER	S	S	True	False	True	True	300.0	300.0	True	ARG	R	R	True	False	True	True	323.0	323.0	True	HIS	H	H	True	False	False	True	5	1	YKHSRH	-KHSRH	False	False	False	False	False
A0A194WE27	88.0	88.0	True	HIS	H	H	True	False	False	True	112.0	112.0	True	HIS	H	H	True	False	False	True	121.0	121.0	True	HIS	H	H	True	False	False	True	297.0	297.0	True	HIS	H	H	True	False	False	True	301.0	301.0	True	GLY	G	G	True	False	True	True	342.0	342.0	True	HIS	H	H	True	False	False	True	6	0	HHHHGH	HHHHGH	True	True	True	True	True
A0A194XMC7	79.0	79.0	True	HIS	H	H	True	False	False	True	93.0	93.0	True	HIS	H	H	True	False	False	True	102.0	102.0	True	HIS	H	H	True	False	False	True	231.0	231.0	True	HIS	H	H	True	False	False	True	235.0	235.0	True	PRO	P	P	True	False	True	True	257.0	257.0	True	HIS	H	H	True	False	False	True	6	0	HHHHPH	HHHHPH	True	True	True	True	True
A0A194XN12	68.0	68.0	True	HIS	H	H	True	False	False	True	76.0	76.0	True	HIS	H	H	True	False	False	True	85.0	85.0	True	HIS	H	H	True	False	False	True	214.0	214.0	True	HIS	H	H	True	False	False	True	218.0	218.0	True	PRO	P	P	True	False	True	True	240.0	240.0	True	HIS	H	H	True	False	False	True	6	0	HHHHPH	HHHHPH	True	True	True	True	True
A0A194XSF1	80.0	80.0	True	HIS	H	H	True	False	False	True	88.0	88.0	True	HIS	H	H	True	False	False	True	97.0	97.0	True	HIS	H	H	True	False	False	True	246.0	246.0	True	HIS	H	H	True	False	False	True	250.0	250.0	True	PRO	P	P	True	False	True	True	272.0	272.0	True	LEU	L	L	True	False	True	True	6	0	HHHHPL	HHHHPL	True	True	True	True	True
A0A1B7YR08	224.0	224.0	True	HIS	H	H	True	False	False	True	232.0	232.0	True	HIS	H	H	True	False	False	True	241.0	241.0	True	HIS	H	H	True	False	False	True	409.0	409.0	True	HIS	H	H	True	False	False	True	413.0	413.0	True	HIS	H	H	True	False	False	True	437.0	437.0	True	GLN	Q	Q	True	False	True	True	6	0	HHHHHQ	HHHHHQ	True	True	True	True	True
A0A1G4AYJ9	228.0	228.0	True	HIS	H	H	True	False	False	True	236.0	236.0	True	HIS	H	H	True	False	False	True	245.0	245.0	True	HIS	H	H	True	False	False	True	413.0	413.0	True	HIS	H	H	True	False	False	True	417.0	417.0	True	HIS	H	H	True	False	False	True	441.0	441.0	True	GLN	Q	Q	True	False	True	True	6	0	HHHHHQ	HHHHHQ	True	True	True	True	True
A0A1G4BKS1	129.0	129.0	True	HIS	H	H	True	False	False	True	137.0	137.0	True	HIS	H	H	True	False	False	True	146.0	146.0	True	HIS	H	H	True	False	False	True	275.0	275.0	True	HIS	H	H	True	False	False	True	279.0	279.0	True	PRO	P	P	True	False	True	True	301.0	301.0	True	HIS	H	H	True	False	False	True	6	0	HHHHPH	HHHHPH	True	True	True	True	True
A0A1G6VNA4		159.0	False	PHE	-	F	False	True	True	True	173.0	175.0	False	ASN	R	N	False	False	True	True	182.0	182.0	True	HIS	H	H	True	False	False	True	291.0	291.0	True	HIS	H	H	True	False	False	True	295.0	295.0	True	ARG	R	R	True	False	True	True	327.0	327.0	True	HIS	H	H	True	False	False	True	4	1	FNHHRH	-RHHRH	False	False	False	False	False
A0A1G8B6K0		193.0	False	SER	-	S	False	True	True	True	204.0	204.0	True	GLN	Q	Q	True	False	True	True	213.0	213.0	True	HIS	H	H	True	False	False	True	345.0	345.0	True	HIS	H	H	True	False	False	True	349.0	349.0	True	HIS	H	H	True	False	False	True	371.0	371.0	True	HIS	H	H	True	False	False	True	5	1	SQHHHH	-QHHHH	False	False	False	False	False
A0A1H1X1U7	79.0	79.0	True	HIS	H	H	True	False	False	True	118.0	117.0	False	PRO	H	P	False	False	True	True	130.0	130.0	True	HIS	H	H	True	False	False	True	233.0	233.0	True	HIS	H	H	True	False	False	True	237.0	237.0	True	HIS	H	H	True	False	False	True	262.0	262.0	True	HIS	H	H	True	False	False	True	5	0	HPHHHH	HHHHHH	False	False	False	False	False
A0A1H7VPR3	154.0	154.0	True	TYR	Y	Y	True	False	True	True	169.0		False	---	D	-	False	False	False	False	178.0	178.0	True	HIS	H	H	True	False	False	True	287.0	287.0	True	HIS	H	H	True	False	False	True	291.0	291.0	True	HIS	H	H	True	False	False	True	322.0	322.0	True	HIS	H	H	True	False	False	True	5	0	Y-HHHH	YDHHHH	False	False	True	True	False
A0A1I4X2F3		69.0	False	HIS	-	H	False	True	False	True	106.0	105.0	False	SER	H	S	False	False	True	True	121.0	121.0	True	HIS	H	H	True	False	False	True	214.0	214.0	True	HIS	H	H	True	False	False	True	218.0	218.0	True	HIS	H	H	True	False	False	True	267.0	267.0	True	HIS	H	H	True	False	False	True	4	1	HSHHHH	-HHHHH	False	False	False	False	False
A0A1I5PK02	68.0	68.0	True	HIS	H	H	True	False	False	True	101.0	101.0	True	HIS	H	H	True	False	False	True	115.0	115.0	True	HIS	H	H	True	False	False	True	231.0	231.0	True	HIS	H	H	True	False	False	True	235.0	235.0	True	HIS	H	H	True	False	False	True	287.0	287.0	True	HIS	H	H	True	False	False	True	6	0	HHHHHH	HHHHHH	True	True	True	True	True
A0A1I7VEA5	382.0	382.0	True	HIS	H	H	True	False	False	True	392.0	392.0	True	HIS	H	H	True	False	False	True	401.0	401.0	True	HIS	H	H	True	False	False	True	522.0	522.0	True	HIS	H	H	True	False	False	True	526.0	526.0	True	LEU	L	L	True	False	True	True	549.0	549.0	True	HIS	H	H	True	False	False	True	6	0	HHHHLH	HHHHLH	True	True	True	True	True
A0A1I8I6W4		179.0	False	ARG	-	R	False	True	True	True	201.0	201.0	True	HIS	H	H	True	False	False	True	210.0	210.0	True	HIS	H	H	True	False	False	True	372.0	372.0	True	HIS	H	H	True	False	False	True	376.0	376.0	True	HIS	H	H	True	False	False	True	399.0	399.0	True	HIS	H	H	True	False	False	True	5	1	RHHHHH	-HHHHH	False	False	False	False	False
A0A1I8IJ91		137.0	False	PRO	-	P	False	True	True	True	163.0	163.0	True	HIS	H	H	True	False	False	True	172.0	172.0	True	HIS	H	H	True	False	False	True	350.0	350.0	True	HIS	H	H	True	False	False	True	354.0	354.0	True	HIS	H	H	True	False	False	True	377.0	377.0	True	HIS	H	H	True	False	False	True	5	1	PHHHHH	-HHHHH	False	False	False	False	False
A0A1I9G609	381.0	381.0	True	HIS	H	H	True	False	False	True	391.0	391.0	True	HIS	H	H	True	False	False	True	400.0	400.0	True	HIS	H	H	True	False	False	True	521.0	521.0	True	HIS	H	H	True	False	False	True	525.0	525.0	True	LEU	L	L	True	False	True	True	548.0	548.0	True	HIS	H	H	True	False	False	True	6	0	HHHHLH	HHHHLH	True	True	True	True	True
A0A1I9G629	379.0	379.0	True	HIS	H	H	True	False	False	True	389.0	389.0	True	HIS	H	H	True	False	False	True	398.0	398.0	True	HIS	H	H	True	False	False	True	519.0	519.0	True	HIS	H	H	True	False	False	True	523.0	523.0	True	LEU	L	L	True	False	True	True	546.0	546.0	True	HIS	H	H	True	False	False	True	6	0	HHHHLH	HHHHLH	True	True	True	True	True
A0A1J9R2U7		88.0	False	HIS	-	H	False	True	False	True	88.0	93.0	False	HIS	H	H	True	False	False	True	98.0	98.0	True	HIS	H	H	True	False	False	True	243.0	243.0	True	HIS	H	H	True	False	False	True	247.0	247.0	True	HIS	H	H	True	False	False	True	273.0	273.0	True	HIS	H	H	True	False	False	True	5	1	HHHHHH	-HHHHH	False	False	False	True	False
A0A1L7T8U3	113.0	113.0	True	HIS	H	H	True	False	False	True	121.0	121.0	True	HIS	H	H	True	False	False	True	130.0	130.0	True	HIS	H	H	True	False	False	True	267.0	267.0	True	HIS	H	H	True	False	False	True	271.0	271.0	True	PRO	P	P	True	False	True	True	293.0	293.0	True	HIS	H	H	True	False	False	True	6	0	HHHHPH	HHHHPH	True	True	True	True	True
A0A1L7V991	117.0	117.0	True	HIS	H	H	True	False	False	True	125.0	125.0	True	HIS	H	H	True	False	False	True	134.0	134.0	True	HIS	H	H	True	False	False	True	271.0	271.0	True	HIS	H	H	True	False	False	True	275.0	275.0	True	PRO	P	P	True	False	True	True	297.0	297.0	True	HIS	H	H	True	False	False	True	6	0	HHHHPH	HHHHPH	True	True	True	True	True
A0A1L7XXI3	40.0	40.0	True	HIS	H	H	True	False	False	True	48.0	48.0	True	HIS	H	H	True	False	False	True	57.0	57.0	True	TYR	Y	Y	True	False	True	True	166.0	166.0	True	TYR	Y	Y	True	False	True	True	170.0	170.0	True	LEU	L	L	True	False	True	True	192.0	192.0	True	HIS	H	H	True	False	False	True	6	0	HHYYLH	HHYYLH	True	True	True	True	True
A0A1L9PZT9	112.0	112.0	True	HIS	H	H	True	False	False	True	120.0	120.0	True	HIS	H	H	True	False	False	True	129.0	129.0	True	HIS	H	H	True	False	False	True	268.0	268.0	True	HIS	H	H	True	False	False	True	272.0	272.0	True	PRO	P	P	True	False	True	True	294.0	294.0	True	HIS	H	H	True	False	False	True	6	0	HHHHPH	HHHHPH	True	True	True	True	True
A0A1L9S434		76.0	False	TYR	-	Y	False	True	True	True	84.0	84.0	True	SER	S	S	True	False	True	True	93.0	93.0	True	HIS	H	H	True	False	False	True	219.0	219.0	True	TYR	Y	Y	True	False	True	True	223.0	223.0	True	SER	S	S	True	False	True	True	245.0	245.0	True	TYR	Y	Y	True	False	True	True	5	1	YSHYSY	-SHYSY	False	False	False	False	False
A0A1L9T6V0	111.0	111.0	True	HIS	H	H	True	False	False	True	119.0	119.0	True	HIS	H	H	True	False	False	True	128.0	128.0	True	HIS	H	H	True	False	False	True	271.0	271.0	True	HIS	H	H	True	False	False	True	275.0	275.0	True	PRO	P	P	True	False	True	True	297.0	297.0	True	HIS	H	H	True	False	False	True	6	0	HHHHPH	HHHHPH	True	True	True	True	True
A0A1L9WGB2	86.0	86.0	True	HIS	H	H	True	False	False	True	99.0	98.0	False	ILE	H	I	False	False	True	True	111.0	111.0	True	HIS	H	H	True	False	False	True	230.0	230.0	True	HIS	H	H	True	False	False	True	234.0	234.0	True	HIS	H	H	True	False	False	True	257.0	257.0	True	HIS	H	H	True	False	False	True	5	0	HIHHHH	HHHHHH	False	False	False	False	False
A0A1N6ZK30	65.0	65.0	True	TYR	Y	Y	True	False	True	True	73.0	73.0	True	HIS	H	H	True	False	False	True	82.0	82.0	True	GLN	Q	Q	True	False	True	True	194.0	194.0	True	ILE	I	I	True	False	True	True	198.0	198.0	True	GLN	Q	Q	True	False	True	True	220.0	220.0	True	ALA	A	A	True	False	True	True	6	0	YHQIQA	YHQIQA	True	True	True	True	True
A0A1Q8RG93	120.0	120.0	True	HIS	H	H	True	False	False	True	128.0	128.0	True	HIS	H	H	True	False	False	True	137.0	137.0	True	HIS	H	H	True	False	False	True	304.0	305.0	False	GLN	V	Q	False	False	True	True	308.0	308.0	True	SER	S	S	True	False	True	True	332.0	332.0	True	GLN	Q	Q	True	False	True	True	5	0	HHHQSQ	HHHVSQ	False	False	False	False	False
A0A1Q8RT46	135.0	135.0	True	HIS	H	H	True	False	False	True	143.0	143.0	True	HIS	H	H	True	False	False	True	152.0	152.0	True	HIS	H	H	True	False	False	True	275.0	275.0	True	HIS	H	H	True	False	False	True	279.0	279.0	True	PRO	P	P	True	False	True	True	301.0	301.0	True	HIS	H	H	True	False	False	True	6	0	HHHHPH	HHHHPH	True	True	True	True	True
A0A1R3RV41	95.0	95.0	True	HIS	H	H	True	False	False	True	103.0	103.0	True	HIS	H	H	True	False	False	True	112.0	112.0	True	HIS	H	H	True	False	False	True	240.0	240.0	True	HIS	H	H	True	False	False	True	244.0	244.0	True	PRO	P	P	True	False	True	True	266.0	266.0	True	HIS	H	H	True	False	False	True	6	0	HHHHPH	HHHHPH	True	True	True	True	True
A0A1R3VBN3		80.0	False	HIS	-	H	False	True	False	True	120.0	116.0	False	PRO	G	P	False	False	True	True	129.0	129.0	True	HIS	H	H	True	False	False	True	228.0	228.0	True	HIS	H	H	True	False	False	True	232.0	232.0	True	HIS	H	H	True	False	False	True	257.0	257.0	True	HIS	H	H	True	False	False	True	4	1	HPHHHH	-GHHHH	False	False	False	False	False
A0A1R4H6E4	69.0	69.0	True	HIS	H	H	True	False	False	True	105.0	104.0	False	SER	H	S	False	False	True	True	120.0	120.0	True	HIS	H	H	True	False	False	True	213.0	213.0	True	HIS	H	H	True	False	False	True	217.0	217.0	True	HIS	H	H	True	False	False	True	256.0	256.0	True	HIS	H	H	True	False	False	True	5	0	HSHHHH	HHHHHH	False	False	False	False	False
A0A1R4H727	68.0	68.0	True	HIS	H	H	True	False	False	True	104.0	103.0	False	SER	H	S	False	False	True	True	119.0	119.0	True	HIS	H	H	True	False	False	True		212.0	False	HIS	-	H	False	True	False	True		216.0	False	HIS	-	H	False	True	False	True	255.0	255.0	True	HIS	H	H	True	False	False	True	3	2	HSHHHH	HHH--H	False	False	False	False	False
A0A1S8CTM4	68.0	68.0	True	HIS	H	H	True	False	False	True	102.0	102.0	True	HIS	H	H	True	False	False	True	121.0	121.0	True	HIS	H	H	True	False	False	True	233.0	233.0	True	HIS	H	H	True	False	False	True	237.0	237.0	True	HIS	H	H	True	False	False	True	279.0	279.0	True	HIS	H	H	True	False	False	True	6	0	HHHHHH	HHHHHH	True	True	True	True	True
A0A1S8X904		186.0	False	ASN	-	N	False	True	True	True	211.0	211.0	True	HIS	H	H	True	False	False	True	220.0	220.0	True	HIS	H	H	True	False	False	True	371.0	371.0	True	ASN	N	N	True	False	True	True	375.0	375.0	True	HIS	H	H	True	False	False	True	398.0	398.0	True	GLN	Q	Q	True	False	True	True	5	1	NHHNHQ	-HHNHQ	False	False	False	False	False
A0A1U7LR42	88.0	88.0	True	TYR	Y	Y	True	False	True	True	114.0	114.0	True	HIS	H	H	True	False	False	True	135.0	135.0	True	HIS	H	H	True	False	False	True	301.0	301.0	True	HIS	H	H	True	False	False	True	305.0	305.0	True	HIS	H	H	True	False	False	True	330.0	330.0	True	HIS	H	H	True	False	False	True	6	0	YHHHHH	YHHHHH	True	True	True	True	True
A0A1V4I1C4		95.0	False	HIS	-	H	False	True	False	True	141.0	133.0	False	PRO	Q	P	False	False	True	True	150.0	150.0	True	HIS	H	H	True	False	False	True	258.0	258.0	True	HIS	H	H	True	False	False	True	262.0	262.0	True	HIS	H	H	True	False	False	True	287.0	287.0	True	HIS	H	H	True	False	False	True	4	1	HPHHHH	-QHHHH	False	False	False	False	False
A0A1V6NT23	132.0	132.0	True	HIS	H	H	True	False	False	True	140.0	140.0	True	ILE	I	I	True	False	True	True	149.0	149.0	True	HIS	H	H	True	False	False	True	277.0	277.0	True	HIS	H	H	True	False	False	True	281.0	281.0	True	PRO	P	P	True	False	True	True	303.0	303.0	True	HIS	H	H	True	False	False	True	6	0	HIHHPH	HIHHPH	True	True	True	True	True
A0A1V9YE51	109.0	109.0	True	TYR	Y	Y	True	False	True	True	117.0	117.0	True	HIS	H	H	True	False	False	True	126.0	126.0	True	ARG	R	R	True	False	True	True	264.0	264.0	True	ASN	N	N	True	False	True	True	268.0	268.0	True	HIS	H	H	True	False	False	True	291.0	291.0	True	TYR	Y	Y	True	False	True	True	6	0	YHRNHY	YHRNHY	True	True	True	True	True
A0A1V9YSU1	25.0	25.0	True	HIS	H	H	True	False	False	True	35.0	35.0	True	HIS	H	H	True	False	False	True	44.0	44.0	True	HIS	H	H	True	False	False	True		181.0	False	TYR	-	Y	False	True	True	True		185.0	False	TYR	-	Y	False	True	True	True	198.0	198.0	True	HIS	H	H	True	False	False	True	4	2	HHHYYH	HHH--H	False	False	False	False	False
A0A1V9YYD2	75.0	75.0	True	HIS	H	H	True	False	False	True	85.0	85.0	True	HIS	H	H	True	False	False	True	94.0	94.0	True	HIS	H	H	True	False	False	True	236.0	236.0	True	SER	S	S	True	False	True	True	240.0	240.0	True	HIS	H	H	True	False	False	True	263.0	263.0	True	HIS	H	H	True	False	False	True	6	0	HHHSHH	HHHSHH	True	True	True	True	True
A0A1V9Z4B6		80.0	False	LEU	-	L	False	True	True	True		90.0	False	TYR	-	Y	False	True	True	True		99.0	False	SER	-	S	False	True	True	True	235.0	235.0	True	ARG	R	R	True	False	True	True	239.0	239.0	True	GLN	Q	Q	True	False	True	True	262.0	262.0	True	HIS	H	H	True	False	False	True	3	3	LYSRQH	---RQH	False	False	False	False	False
A0A1X6NRK9		294.0	False	LEU	-	L	False	True	True	True	302.0	302.0	True	HIS	H	H	True	False	False	True	311.0	311.0	True	HIS	H	H	True	False	False	True		426.0	False	SER	-	S	False	True	True	True	430.0	430.0	True	PHE	F	F	True	False	True	True	460.0	460.0	True	GLN	Q	Q	True	False	True	True	4	2	LHHSFQ	-HH-FQ	False	False	False	False	False
A0A1X6PJ39		106.0	False	TYR	-	Y	False	True	True	True	114.0	114.0	True	LEU	L	L	True	False	True	True	123.0	123.0	True	HIS	H	H	True	False	False	True		238.0	False	GLN	-	Q	False	True	True	True	242.0	242.0	True	ARG	R	R	True	False	True	True	268.0	268.0	True	HIS	H	H	True	False	False	True	4	2	YLHQRH	-LH-RH	False	False	False	False	False
A0A1X7RU91	122.0	122.0	True	HIS	H	H	True	False	False	True	130.0	130.0	True	HIS	H	H	True	False	False	True	139.0	139.0	True	HIS	H	H	True	False	False	True	278.0	278.0	True	HIS	H	H	True	False	False	True	282.0	282.0	True	PRO	P	P	True	False	True	True	304.0	304.0	True	HIS	H	H	True	False	False	True	6	0	HHHHPH	HHHHPH	True	True	True	True	True
A0A1X7RVT3	107.0	107.0	True	HIS	H	H	True	False	False	True	115.0	115.0	True	HIS	H	H	True	False	False	True	124.0	124.0	True	HIS	H	H	True	False	False	True	253.0	253.0	True	HIS	H	H	True	False	False	True	257.0	257.0	True	PRO	P	P	True	False	True	True	279.0	279.0	True	HIS	H	H	True	False	False	True	6	0	HHHHPH	HHHHPH	True	True	True	True	True
A0A1Y1VYU8		64.0	False	HIS	-	H	False	True	False	True	72.0	72.0	True	HIS	H	H	True	False	False	True	81.0	81.0	True	HIS	H	H	True	False	False	True	194.0	194.0	True	HIS	H	H	True	False	False	True	198.0	198.0	True	HIS	H	H	True	False	False	True		220.0	False	SER	-	S	False	True	True	True	4	2	HHHHHS	-HHHH-	False	False	False	False	False
A0A1Y1Z6J4	36.0	36.0	True	HIS	H	H	True	False	False	True	44.0	44.0	True	HIS	H	H	True	False	False	True	53.0	53.0	True	ASN	N	N	True	False	True	True	163.0	163.0	True	MET	M	M	True	False	True	True	167.0	167.0	True	HIS	H	H	True	False	False	True	190.0	190.0	True	ALA	A	A	True	False	True	True	6	0	HHNMHA	HHNMHA	True	True	True	True	True
A0A1Y1ZAQ2	41.0	41.0	True	HIS	H	H	True	False	False	True	49.0	49.0	True	HIS	H	H	True	False	False	True	58.0	58.0	True	ASN	N	N	True	False	True	True	170.0	170.0	True	HIS	H	H	True	False	False	True	174.0	174.0	True	LEU	L	L	True	False	True	True	196.0	196.0	True	HIS	H	H	True	False	False	True	6	0	HHNHLH	HHNHLH	True	True	True	True	True
A0A1Y2CTW7	72.0	72.0	True	HIS	H	H	True	False	False	True	80.0	80.0	True	HIS	H	H	True	False	False	True	89.0	89.0	True	HIS	H	H	True	False	False	True			False	---	-	-	False	True	False	False			False	---	-	-	False	True	False	False		134.0	False	PHE	-	F	False	True	True	True	3	3	HHH--F	HHH---	False	False	False	False	False
A0A1Y2EAK7	26.0	26.0	True	HIS	H	H	True	False	False	True	34.0	34.0	True	HIS	H	H	True	False	False	True	43.0	43.0	True	HIS	H	H	True	False	False	True	211.0	211.0	True	HIS	H	H	True	False	False	True	215.0	215.0	True	TYR	Y	Y	True	False	True	True	239.0	239.0	True	HIS	H	H	True	False	False	True	6	0	HHHHYH	HHHHYH	True	True	True	True	True
A0A1Y2HIE7		63.0	False	HIS	-	H	False	True	False	True	70.0	70.0	True	HIS	H	H	True	False	False	True	79.0	79.0	True	HIS	H	H	True	False	False	True	189.0	189.0	True	TYR	Y	Y	True	False	True	True	193.0	193.0	True	HIS	H	H	True	False	False	True	216.0	216.0	True	HIS	H	H	True	False	False	True	5	1	HHHYHH	-HHYHH	False	False	False	True	False
A0A1Y6LJW2	21.0	21.0	True	HIS	H	H	True	False	False	True	29.0	29.0	True	HIS	H	H	True	False	False	True	38.0	38.0	True	HIS	H	H	True	False	False	True	177.0	177.0	True	HIS	H	H	True	False	False	True	181.0	181.0	True	PRO	P	P	True	False	True	True	203.0	203.0	True	HIS	H	H	True	False	False	True	6	0	HHHHPH	HHHHPH	True	True	True	True	True
A0A1Y6LLM1	107.0	107.0	True	HIS	H	H	True	False	False	True	115.0	115.0	True	HIS	H	H	True	False	False	True	124.0	124.0	True	HIS	H	H	True	False	False	True	253.0	253.0	True	HIS	H	H	True	False	False	True	257.0	257.0	True	PRO	P	P	True	False	True	True	279.0	279.0	True	HIS	H	H	True	False	False	True	6	0	HHHHPH	HHHHPH	True	True	True	True	True
A0A210R2D2		147.0	False	TYR	-	Y	False	True	True	True	152.0	152.0	True	VAL	V	V	True	False	True	True	161.0	161.0	True	HIS	H	H	True	False	False	True	267.0	267.0	True	GLY	G	G	True	False	True	True	271.0	271.0	True	LYS	K	K	True	False	True	True	294.0	294.0	True	ASP	D	D	True	False	True	True	5	1	YVHGKD	-VHGKD	False	False	False	False	False
A0A218Z9Z9	117.0	117.0	True	HIS	H	H	True	False	False	True	125.0	125.0	True	TYR	Y	Y	True	False	True	True	134.0	134.0	True	GLN	Q	Q	True	False	True	True	286.0	286.0	True	HIS	H	H	True	False	False	True	290.0	290.0	True	LEU	L	L	True	False	True	True	313.0	313.0	True	HIS	H	H	True	False	False	True	6	0	HYQHLH	HYQHLH	True	True	True	True	True
A0A225WZW1		75.0	False	ALA	-	A	False	True	True	True		85.0	False	LEU	-	L	False	True	True	True	94.0	94.0	True	ASN	N	N	True	False	True	True	238.0	238.0	True	HIS	H	H	True	False	False	True	242.0	242.0	True	HIS	H	H	True	False	False	True	264.0	264.0	True	HIS	H	H	True	False	False	True	4	2	ALNHHH	--NHHH	False	False	False	False	False
A0A232M3P4	70.0	70.0	True	HIS	H	H	True	False	False	True	99.0	99.0	True	HIS	H	H	True	False	False	True	108.0	108.0	True	HIS	H	H	True	False	False	True	313.0	313.0	True	HIS	H	H	True	False	False	True	317.0	317.0	True	HIS	H	H	True	False	False	True		348.0	False	ASN	-	N	False	True	True	True	5	1	HHHHHN	HHHHH-	False	False	False	False	False
A0A238C4W2	384.0	384.0	True	HIS	H	H	True	False	False	True	394.0	394.0	True	HIS	H	H	True	False	False	True	403.0	403.0	True	HIS	H	H	True	False	False	True	524.0	524.0	True	HIS	H	H	True	False	False	True	528.0	528.0	True	LEU	L	L	True	False	True	True	551.0	551.0	True	HIS	H	H	True	False	False	True	6	0	HHHHLH	HHHHLH	True	True	True	True	True
A0A2A2KWS8		114.0	False	GLN	-	Q	False	True	True	True	120.0	120.0	True	HIS	H	H	True	False	False	True	129.0	129.0	True	ASN	N	N	True	False	True	True	259.0	259.0	True	ASN	N	N	True	False	True	True	263.0	263.0	True	TYR	Y	Y	True	False	True	True	286.0	286.0	True	ASP	D	D	True	False	True	True	5	1	QHNNYD	-HNNYD	False	False	False	False	False
A0A2B7X1D4	82.0	82.0	True	HIS	H	H	True	False	False	True	103.0	103.0	True	HIS	H	H	True	False	False	True	112.0	112.0	True	HIS	H	H	True	False	False	True	272.0	272.0	True	HIS	H	H	True	False	False	True	276.0	276.0	True	HIS	H	H	True	False	False	True	302.0	302.0	True	HIS	H	H	True	False	False	True	6	0	HHHHHH	HHHHHH	True	True	True	True	True
A0A2C9KDQ8	36.0	36.0	True	GLN	Q	Q	True	False	True	True	44.0	43.0	False	ILE	Y	I	False	False	True	True	53.0	53.0	True	ASN	N	N	True	False	True	True	165.0	165.0	True	TYR	Y	Y	True	False	True	True	169.0	169.0	True	HIS	H	H	True	False	False	True	192.0	192.0	True	HIS	H	H	True	False	False	True	5	0	QINYHH	QYNYHH	False	False	False	False	False
A0A2G8L6J4		572.0	False	TYR	-	Y	False	True	True	True	580.0	580.0	True	HIS	H	H	True	False	False	True	589.0	589.0	True	HIS	H	H	True	False	False	True	695.0	695.0	True	LEU	L	L	True	False	True	True	699.0	699.0	True	TYR	Y	Y	True	False	True	True	721.0	721.0	True	GLN	Q	Q	True	False	True	True	5	1	YHHLYQ	-HHLYQ	False	False	False	False	False
A0A2G9GQP1		141.0	False	HIS	-	H	False	True	False	True			False	---	-	-	False	True	False	False		158.0	False	ASP	-	D	False	True	True	True	277.0	277.0	True	HIS	H	H	True	False	False	True	281.0	281.0	True	HIS	H	H	True	False	False	True	311.0	311.0	True	HIS	H	H	True	False	False	True	3	3	H-DHHH	---HHH	False	False	False	False	False
A0A2H1GH96	122.0	122.0	True	HIS	H	H	True	False	False	True	130.0	130.0	True	HIS	H	H	True	False	False	True	139.0	139.0	True	HIS	H	H	True	False	False	True	278.0	278.0	True	HIS	H	H	True	False	False	True	282.0	282.0	True	PRO	P	P	True	False	True	True	304.0	304.0	True	HIS	H	H	True	False	False	True	6	0	HHHHPH	HHHHPH	True	True	True	True	True
A0A2H3E8H0	111.0	111.0	True	HIS	H	H	True	False	False	True	119.0	119.0	True	HIS	H	H	True	False	False	True	128.0	128.0	True	HIS	H	H	True	False	False	True	273.0	273.0	True	HIS	H	H	True	False	False	True	277.0	277.0	True	HIS	H	H	True	False	False	True	313.0	313.0	True	ARG	R	R	True	False	True	True	6	0	HHHHHR	HHHHHR	True	True	True	True	True
A0A2H3S6Y7	117.0	117.0	True	HIS	H	H	True	False	False	True	125.0	125.0	True	HIS	H	H	True	False	False	True	134.0	134.0	True	HIS	H	H	True	False	False	True	271.0	271.0	True	HIS	H	H	True	False	False	True	275.0	275.0	True	PRO	P	P	True	False	True	True	297.0	297.0	True	HIS	H	H	True	False	False	True	6	0	HHHHPH	HHHHPH	True	True	True	True	True
A0A2H3SXS3	68.0	68.0	True	HIS	H	H	True	False	False	True	76.0	76.0	True	HIS	H	H	True	False	False	True	85.0	85.0	True	HIS	H	H	True	False	False	True	218.0	218.0	True	HIS	H	H	True	False	False	True	222.0	222.0	True	HIS	H	H	True	False	False	True			False	---	-	-	False	True	False	False	5	1	HHHHH-	HHHHH-	True	False	True	True	False
A0A2H4SUB3	85.0	85.0	True	HIS	H	H	True	False	False	True	130.0	112.0	False	HIS	I	H	False	False	False	True	139.0	139.0	True	HIS	H	H	True	False	False	True	293.0	293.0	True	HIS	H	H	True	False	False	True	297.0	297.0	True	HIS	H	H	True	False	False	True	322.0	322.0	True	HIS	H	H	True	False	False	True	5	0	HHHHHH	HIHHHH	False	False	False	True	False
A0A2I0MT65	191.0	191.0	True	HIS	H	H	True	False	False	True	213.0	213.0	True	HIS	H	H	True	False	False	True	222.0	222.0	True	HIS	H	H	True	False	False	True		357.0	False	ASP	-	D	False	True	True	True			False	---	-	-	False	True	False	False	375.0	375.0	True	HIS	H	H	True	False	False	True	4	2	HHHD-H	HHH--H	False	False	False	False	False
A0A2J6PRK0	114.0	114.0	True	HIS	H	H	True	False	False	True	122.0	122.0	True	HIS	H	H	True	False	False	True	131.0	131.0	True	HIS	H	H	True	False	False	True	260.0	260.0	True	HIS	H	H	True	False	False	True	264.0	264.0	True	PRO	P	P	True	False	True	True	286.0	286.0	True	HIS	H	H	True	False	False	True	6	0	HHHHPH	HHHHPH	True	True	True	True	True
A0A2J6QS19	66.0	66.0	True	HIS	H	H	True	False	False	True	74.0	74.0	True	HIS	H	H	True	False	False	True	83.0	83.0	True	HIS	H	H	True	False	False	True	215.0	215.0	True	HIS	H	H	True	False	False	True	219.0	219.0	True	PRO	P	P	True	False	True	True	241.0	241.0	True	HIS	H	H	True	False	False	True	6	0	HHHHPH	HHHHPH	True	True	True	True	True
A0A2J6S1F6	96.0	96.0	True	HIS	H	H	True	False	False	True	104.0	104.0	True	HIS	H	H	True	False	False	True	113.0	113.0	True	HIS	H	H	True	False	False	True	247.0	247.0	True	HIS	H	H	True	False	False	True	251.0	251.0	True	PRO	P	P	True	False	True	True	273.0	273.0	True	HIS	H	H	True	False	False	True	6	0	HHHHPH	HHHHPH	True	True	True	True	True
A0A2J6S2Q8	81.0	81.0	True	HIS	H	H	True	False	False	True	89.0	89.0	True	HIS	H	H	True	False	False	True	98.0	98.0	True	HIS	H	H	True	False	False	True	234.0	234.0	True	HIS	H	H	True	False	False	True	238.0	238.0	True	PRO	P	P	True	False	True	True	260.0	260.0	True	HIS	H	H	True	False	False	True	6	0	HHHHPH	HHHHPH	True	True	True	True	True
A0A2J6TC85	39.0	39.0	True	HIS	H	H	True	False	False	True	51.0	47.0	False	HIS	G	H	False	False	False	True	60.0	60.0	True	TYR	Y	Y	True	False	True	True	203.0	203.0	True	HIS	H	H	True	False	False	True	207.0	207.0	True	HIS	H	H	True	False	False	True	230.0	230.0	True	HIS	H	H	True	False	False	True	5	0	HHYHHH	HGYHHH	False	False	False	True	False
A0A2J6TD48	66.0	66.0	True	HIS	H	H	True	False	False	True	74.0	74.0	True	HIS	H	H	True	False	False	True	83.0	83.0	True	HIS	H	H	True	False	False	True	215.0	215.0	True	HIS	H	H	True	False	False	True	219.0	219.0	True	PRO	P	P	True	False	True	True	241.0	241.0	True	HIS	H	H	True	False	False	True	6	0	HHHHPH	HHHHPH	True	True	True	True	True
A0A2J8X8R4	189.0	189.0	True	HIS	H	H	True	False	False	True	211.0	211.0	True	HIS	H	H	True	False	False	True	220.0	220.0	True	HIS	H	H	True	False	False	True	369.0	369.0	True	HIS	H	H	True	False	False	True	373.0	373.0	True	HIS	H	H	True	False	False	True		429.0	False	HIS	-	H	False	True	False	True	5	1	HHHHHH	HHHHH-	False	False	False	True	False
A0A2L2TIX2	60.0	60.0	True	HIS	H	H	True	False	False	True	68.0	68.0	True	HIS	H	H	True	False	False	True	77.0	77.0	True	HIS	H	H	True	False	False	True	215.0	215.0	True	HIS	H	H	True	False	False	True	219.0	219.0	True	PRO	P	P	True	False	True	True	241.0	241.0	True	HIS	H	H	True	False	False	True	6	0	HHHHPH	HHHHPH	True	True	True	True	True
A0A2N3MZ18	261.0	261.0	True	HIS	H	H	True	False	False	True	269.0	269.0	True	TYR	Y	Y	True	False	True	True	278.0	278.0	True	ARG	R	R	True	False	True	True		403.0	False	LEU	-	L	False	True	True	True	408.0	407.0	False	ARG	L	R	False	False	True	True	431.0	431.0	True	LEU	L	L	True	False	True	True	4	1	HYRLRL	HYR-LL	False	False	False	False	False
A0A2N5SEN2	81.0	81.0	True	HIS	H	H	True	False	False	True	89.0	89.0	True	HIS	H	H	True	False	False	True	98.0	98.0	True	HIS	H	H	True	False	False	True	240.0	240.0	True	HIS	H	H	True	False	False	True	244.0	244.0	True	HIS	H	H	True	False	False	True		257.0	False	ALA	-	A	False	True	True	True	5	1	HHHHHA	HHHHH-	False	False	False	False	False
A0A2N5SRB5	173.0	173.0	True	HIS	H	H	True	False	False	True	181.0	181.0	True	HIS	H	H	True	False	False	True	190.0	190.0	True	HIS	H	H	True	False	False	True	333.0	333.0	True	HIS	H	H	True	False	False	True	337.0	337.0	True	HIS	H	H	True	False	False	True		360.0	False	VAL	-	V	False	True	True	True	5	1	HHHHHV	HHHHH-	False	False	False	False	False
A0A2N5SSF6	173.0	173.0	True	HIS	H	H	True	False	False	True	181.0	181.0	True	HIS	H	H	True	False	False	True	190.0	190.0	True	HIS	H	H	True	False	False	True	333.0	333.0	True	HIS	H	H	True	False	False	True	337.0	337.0	True	HIS	H	H	True	False	False	True		360.0	False	VAL	-	V	False	True	True	True	5	1	HHHHHV	HHHHH-	False	False	False	False	False
A0A2N5TV63	241.0	241.0	True	HIS	H	H	True	False	False	True	249.0	249.0	True	HIS	H	H	True	False	False	True	258.0	258.0	True	HIS	H	H	True	False	False	True	401.0	401.0	True	HIS	H	H	True	False	False	True	405.0	405.0	True	HIS	H	H	True	False	False	True		417.0	False	TYR	-	Y	False	True	True	True	5	1	HHHHHY	HHHHH-	False	False	False	False	False
A0A2N5U4U9	144.0	144.0	True	HIS	H	H	True	False	False	True	152.0	152.0	True	HIS	H	H	True	False	False	True	161.0	161.0	True	HIS	H	H	True	False	False	True	303.0	303.0	True	HIS	H	H	True	False	False	True	307.0	307.0	True	HIS	H	H	True	False	False	True		330.0	False	ARG	-	R	False	True	True	True	5	1	HHHHHR	HHHHH-	False	False	False	False	False
A0A2N5VYB1	173.0	173.0	True	HIS	H	H	True	False	False	True	181.0	181.0	True	HIS	H	H	True	False	False	True	190.0	190.0	True	HIS	H	H	True	False	False	True	333.0	333.0	True	HIS	H	H	True	False	False	True	337.0	337.0	True	HIS	H	H	True	False	False	True		360.0	False	VAL	-	V	False	True	True	True	5	1	HHHHHV	HHHHH-	False	False	False	False	False
A0A2P7YDE6	106.0	106.0	True	ALA	A	A	True	False	True	True	132.0	132.0	True	HIS	H	H	True	False	False	True	141.0	141.0	True	HIS	H	H	True	False	False	True	306.0	306.0	True	HIS	H	H	True	False	False	True	310.0	310.0	True	HIS	H	H	True	False	False	True	334.0	334.0	True	HIS	H	H	True	False	False	True	6	0	AHHHHH	AHHHHH	True	True	True	True	True
A0A2P7Z1M8	115.0	115.0	True	HIS	H	H	True	False	False	True	123.0	123.0	True	HIS	H	H	True	False	False	True	132.0	132.0	True	HIS	H	H	True	False	False	True	273.0	273.0	True	HIS	H	H	True	False	False	True	277.0	277.0	True	HIS	H	H	True	False	False	True	301.0	301.0	True	HIS	H	H	True	False	False	True	6	0	HHHHHH	HHHHHH	True	True	True	True	True
A0A2P7ZE68	76.0	76.0	True	HIS	H	H	True	False	False	True	84.0	84.0	True	HIS	H	H	True	False	False	True	93.0	93.0	True	HIS	H	H	True	False	False	True	224.0	224.0	True	HIS	H	H	True	False	False	True	228.0	228.0	True	PRO	P	P	True	False	True	True	250.0	250.0	True	HIS	H	H	True	False	False	True	6	0	HHHHPH	HHHHPH	True	True	True	True	True
A0A2R5FJR1	94.0	94.0	True	HIS	H	H	True	False	False	True	117.0	117.0	True	HIS	H	H	True	False	False	True	126.0	126.0	True	HIS	H	H	True	False	False	True	272.0	272.0	True	ASN	N	N	True	False	True	True	276.0	276.0	True	HIS	H	H	True	False	False	True	315.0	315.0	True	HIS	H	H	True	False	False	True	6	0	HHHNHH	HHHNHH	True	True	True	True	True
A0A2S4UTV9	109.0	109.0	True	HIS	H	H	True	False	False	True	117.0	117.0	True	HIS	H	H	True	False	False	True	126.0	126.0	True	HIS	H	H	True	False	False	True	271.0	271.0	True	HIS	H	H	True	False	False	True	275.0	275.0	True	HIS	H	H	True	False	False	True		287.0	False	TYR	-	Y	False	True	True	True	5	1	HHHHHY	HHHHH-	False	False	False	False	False
A0A2S4VER1	169.0	169.0	True	HIS	H	H	True	False	False	True	177.0	177.0	True	HIS	H	H	True	False	False	True	186.0	186.0	True	HIS	H	H	True	False	False	True	331.0	331.0	True	HIS	H	H	True	False	False	True	335.0	335.0	True	HIS	H	H	True	False	False	True			False	---	-	-	False	True	False	False	5	1	HHHHH-	HHHHH-	True	False	True	True	False
A0A2S4VEY7	109.0	109.0	True	HIS	H	H	True	False	False	True	117.0	117.0	True	HIS	H	H	True	False	False	True	126.0	126.0	True	HIS	H	H	True	False	False	True	271.0	271.0	True	HIS	H	H	True	False	False	True	275.0	275.0	True	HIS	H	H	True	False	False	True		287.0	False	TYR	-	Y	False	True	True	True	5	1	HHHHHY	HHHHH-	False	False	False	False	False
A0A2T2NJ62		168.0	False	ARG	-	R	False	True	True	True		177.0	False	PHE	-	F	False	True	True	True	185.0	185.0	True	ASN	N	N	True	False	True	True	369.0	369.0	True	VAL	V	V	True	False	True	True	373.0	373.0	True	ARG	R	R	True	False	True	True	396.0	396.0	True	HIS	H	H	True	False	False	True	4	2	RFNVRH	--NVRH	False	False	False	False	False
A0A2T2PBL1	66.0	66.0	True	HIS	H	H	True	False	False	True	90.0	90.0	True	SER	S	S	True	False	True	True	99.0	99.0	True	HIS	H	H	True	False	False	True	270.0	270.0	True	HIS	H	H	True	False	False	True	274.0	274.0	True	GLN	Q	Q	True	False	True	True	299.0	299.0	True	HIS	H	H	True	False	False	True	6	0	HSHHQH	HSHHQH	True	True	True	True	True
A0A2T3ZXK1	84.0	84.0	True	HIS	H	H	True	False	False	True	92.0	92.0	True	HIS	H	H	True	False	False	True	101.0	101.0	True	HIS	H	H	True	False	False	True	233.0	233.0	True	HIS	H	H	True	False	False	True	237.0	237.0	True	PRO	P	P	True	False	True	True	259.0	259.0	True	HIS	H	H	True	False	False	True	6	0	HHHHPH	HHHHPH	True	True	True	True	True
A0A2T4GS12	46.0	46.0	True	HIS	H	H	True	False	False	True	56.0	56.0	True	HIS	H	H	True	False	False	True	65.0	65.0	True	HIS	H	H	True	False	False	True	253.0	257.0	False	HIS	I	H	False	False	False	True	257.0	261.0	False	ALA	H	A	False	False	True	True	281.0	281.0	True	HIS	H	H	True	False	False	True	4	0	HHHHAH	HHHIHH	False	False	False	False	False
A0A2T6BVL4		43.0	False	LEU	-	L	False	True	True	True	51.0	49.0	False	ALA	A	A	True	False	True	True	60.0	60.0	True	ASN	N	N	True	False	True	True	167.0	167.0	True	ASP	D	D	True	False	True	True	171.0	171.0	True	HIS	H	H	True	False	False	True	194.0	194.0	True	HIS	H	H	True	False	False	True	5	1	LANDHH	-ANDHH	False	False	False	False	False
A0A2T6ZWP4	62.0	62.0	True	HIS	H	H	True	False	False	True	85.0	85.0	True	HIS	H	H	True	False	False	True	94.0	94.0	True	HIS	H	H	True	False	False	True	279.0	279.0	True	HIS	H	H	True	False	False	True	283.0	283.0	True	HIS	H	H	True	False	False	True	316.0	316.0	True	HIS	H	H	True	False	False	True	6	0	HHHHHH	HHHHHH	True	True	True	True	True
A0A2V1D8S9	49.0	49.0	True	HIS	H	H	True	False	False	True	57.0	57.0	True	HIS	H	H	True	False	False	True	66.0	66.0	True	HIS	H	H	True	False	False	True	196.0	196.0	True	HIS	H	H	True	False	False	True	200.0	200.0	True	PRO	P	P	True	False	True	True	222.0	222.0	True	HIS	H	H	True	False	False	True	6	0	HHHHPH	HHHHPH	True	True	True	True	True
A0A2V1EB40	97.0	97.0	True	HIS	H	H	True	False	False	True	123.0	123.0	True	HIS	H	H	True	False	False	True	132.0	132.0	True	HIS	H	H	True	False	False	True	312.0	312.0	True	HIS	H	H	True	False	False	True	316.0	316.0	True	HIS	H	H	True	False	False	True	340.0	340.0	True	HIS	H	H	True	False	False	True	6	0	HHHHHH	HHHHHH	True	True	True	True	True
A0A2V5IDW1	93.0	93.0	True	HIS	H	H	True	False	False	True	101.0	101.0	True	HIS	H	H	True	False	False	True	110.0	110.0	True	HIS	H	H	True	False	False	True	240.0	240.0	True	HIS	H	H	True	False	False	True	244.0	244.0	True	PRO	P	P	True	False	True	True	266.0	266.0	True	HIS	H	H	True	False	False	True	6	0	HHHHPH	HHHHPH	True	True	True	True	True
A0A2V5JDM1		111.0	False	GLN	-	Q	False	True	True	True		144.0	False	ASP	-	D	False	True	True	True	153.0	153.0	True	HIS	H	H	True	False	False	True	273.0	273.0	True	HIS	H	H	True	False	False	True	277.0	277.0	True	HIS	H	H	True	False	False	True	300.0	300.0	True	HIS	H	H	True	False	False	True	4	2	QDHHHH	--HHHH	False	False	False	False	False
A0A2Z5HVJ6	96.0	96.0	True	HIS	H	H	True	False	False	True	117.0	117.0	True	HIS	H	H	True	False	False	True	126.0	126.0	True	HIS	H	H	True	False	False	True	250.0	250.0	True	GLN	Q	Q	True	False	True	True	254.0	254.0	True	HIS	H	H	True	False	False	True	284.0	284.0	True	HIS	H	H	True	False	False	True	6	0	HHHQHH	HHHQHH	True	True	True	True	True
A0A317SGF7	232.0	232.0	True	HIS	H	H	True	False	False	True	238.0	238.0	True	HIS	H	H	True	False	False	True	247.0	247.0	True	HIS	H	H	True	False	False	True	413.0	413.0	True	ASN	N	N	True	False	True	True	417.0	417.0	True	HIS	H	H	True	False	False	True	440.0	440.0	True	HIS	H	H	True	False	False	True	6	0	HHHNHH	HHHNHH	True	True	True	True	True
A0A317VMA5	156.0	156.0	True	HIS	H	H	True	False	False	True	164.0	164.0	True	HIS	H	H	True	False	False	True	173.0	173.0	True	HIS	H	H	True	False	False	True	303.0	303.0	True	HIS	H	H	True	False	False	True	307.0	307.0	True	PRO	P	P	True	False	True	True	329.0	329.0	True	HIS	H	H	True	False	False	True	6	0	HHHHPH	HHHHPH	True	True	True	True	True
A0A319FJL1	117.0	117.0	True	HIS	H	H	True	False	False	True	125.0	130.0	False	LEU	H	L	False	False	True	True	139.0	139.0	True	HIS	H	H	True	False	False	True	302.0	302.0	True	HIS	H	H	True	False	False	True	306.0	306.0	True	HIS	H	H	True	False	False	True	329.0	329.0	True	HIS	H	H	True	False	False	True	5	0	HLHHHH	HHHHHH	False	False	False	False	False
A0A329SB08		59.0	False	TYR	-	Y	False	True	True	True		69.0	False	VAL	-	V	False	True	True	True	78.0	78.0	True	TYR	Y	Y	True	False	True	True	230.0	230.0	True	GLN	Q	Q	True	False	True	True	234.0	234.0	True	HIS	H	H	True	False	False	True	256.0	256.0	True	TYR	Y	Y	True	False	True	True	4	2	YVYQHY	--YQHY	False	False	False	False	False
A0A329SW91		72.0	False	ALA	-	A	False	True	True	True		82.0	False	LEU	-	L	False	True	True	True	91.0	91.0	True	ASN	N	N	True	False	True	True	235.0	235.0	True	HIS	H	H	True	False	False	True	239.0	239.0	True	HIS	H	H	True	False	False	True	261.0	261.0	True	HIS	H	H	True	False	False	True	4	2	ALNHHH	--NHHH	False	False	False	False	False
A0A365NE95	53.0	53.0	True	HIS	H	H	True	False	False	True	61.0	61.0	True	HIS	H	H	True	False	False	True	70.0	70.0	True	HIS	H	H	True	False	False	True	207.0	207.0	True	HIS	H	H	True	False	False	True	211.0	211.0	True	PRO	P	P	True	False	True	True	233.0	233.0	True	HIS	H	H	True	False	False	True	6	0	HHHHPH	HHHHPH	True	True	True	True	True
A0A368GCB1	29.0	29.0	True	HIS	H	H	True	False	False	True	39.0	39.0	True	HIS	H	H	True	False	False	True	48.0	48.0	True	HIS	H	H	True	False	False	True		138.0	False	THR	-	T	False	True	True	True		146.0	False	MET	-	M	False	True	True	True	162.0	162.0	True	HIS	H	H	True	False	False	True	4	2	HHHTMH	HHH--H	False	False	False	False	False
A0A368QNI6	137.0	137.0	True	HIS	H	H	True	False	False	True	158.0	158.0	True	HIS	H	H	True	False	False	True	167.0	167.0	True	HIS	H	H	True	False	False	True		276.0	False	ASP	-	D	False	True	True	True		280.0	False	PRO	-	P	False	True	True	True	310.0	310.0	True	HIS	H	H	True	False	False	True	4	2	HHHDPH	HHH--H	False	False	False	False	False
A0A384BB62	189.0	189.0	True	HIS	H	H	True	False	False	True	211.0	211.0	True	HIS	H	H	True	False	False	True	220.0	220.0	True	HIS	H	H	True	False	False	True	369.0	369.0	True	HIS	H	H	True	False	False	True	373.0	373.0	True	HIS	H	H	True	False	False	True		431.0	False	HIS	-	H	False	True	False	True	5	1	HHHHHH	HHHHH-	False	False	False	True	False
A0A384K0M5	135.0	135.0	True	HIS	H	H	True	False	False	True	143.0	143.0	True	HIS	H	H	True	False	False	True	152.0	152.0	True	HIS	H	H	True	False	False	True	279.0	278.0	False	ALA	H	A	False	False	True	True	283.0	283.0	True	SER	S	S	True	False	True	True	305.0	305.0	True	HIS	H	H	True	False	False	True	5	0	HHHASH	HHHHSH	False	False	False	False	False
A0A384K4W6	105.0	105.0	True	HIS	H	H	True	False	False	True	113.0	113.0	True	HIS	H	H	True	False	False	True	122.0	122.0	True	HIS	H	H	True	False	False	True	251.0	251.0	True	HIS	H	H	True	False	False	True	255.0	255.0	True	PRO	P	P	True	False	True	True	277.0	277.0	True	HIS	H	H	True	False	False	True	6	0	HHHHPH	HHHHPH	True	True	True	True	True
A0A395HJP7	96.0	96.0	True	HIS	H	H	True	False	False	True	109.0	109.0	True	HIS	H	H	True	False	False	True	118.0	118.0	True	HIS	H	H	True	False	False	True	237.0	237.0	True	HIS	H	H	True	False	False	True	242.0	240.0	False	CYS	R	C	False	False	True	True	291.0	291.0	True	HIS	H	H	True	False	False	True	5	0	HHHHCH	HHHHRH	False	False	False	False	False
A0A395T2J9	82.0	82.0	True	HIS	H	H	True	False	False	True	109.0	109.0	True	HIS	H	H	True	False	False	True	118.0	118.0	True	HIS	H	H	True	False	False	True	257.0	257.0	True	HIS	H	H	True	False	False	True	261.0	261.0	True	HIS	H	H	True	False	False	True	283.0	283.0	True	HIS	H	H	True	False	False	True	6	0	HHHHHH	HHHHHH	True	True	True	True	True
A0A3B6EKX7	37.0	37.0	True	HIS	H	H	True	False	False	True	58.0	58.0	True	HIS	H	H	True	False	False	True	66.0	66.0	True	HIS	H	H	True	False	False	True	188.0	188.0	True	HIS	H	H	True	False	False	True	192.0	192.0	True	HIS	H	H	True	False	False	True	222.0	222.0	True	HIS	H	H	True	False	False	True	6	0	HHHHHH	HHHHHH	True	True	True	True	True
A0A3B6J0G9	29.0	29.0	True	HIS	H	H	True	False	False	True	50.0	50.0	True	HIS	H	H	True	False	False	True	59.0	59.0	True	HIS	H	H	True	False	False	True	181.0	181.0	True	HIS	H	H	True	False	False	True	185.0	185.0	True	HIS	H	H	True	False	False	True	215.0	215.0	True	ASN	N	N	True	False	True	True	6	0	HHHHHN	HHHHHN	True	True	True	True	True
A0A3E2HCJ3	133.0	133.0	True	HIS	H	H	True	False	False	True	141.0	141.0	True	HIS	H	H	True	False	False	True	150.0	150.0	True	HIS	H	H	True	False	False	True	278.0	278.0	True	HIS	H	H	True	False	False	True	282.0	282.0	True	PRO	P	P	True	False	True	True	304.0	304.0	True	HIS	H	H	True	False	False	True	6	0	HHHHPH	HHHHPH	True	True	True	True	True
A0A3F2RYX7		25.0	False	TYR	-	Y	False	True	True	True		35.0	False	VAL	-	V	False	True	True	True	44.0	44.0	True	TYR	Y	Y	True	False	True	True	196.0	196.0	True	GLN	Q	Q	True	False	True	True	200.0	200.0	True	HIS	H	H	True	False	False	True	222.0	222.0	True	TYR	Y	Y	True	False	True	True	4	2	YVYQHY	--YQHY	False	False	False	False	False
A0A3F3PW89	98.0	98.0	True	HIS	H	H	True	False	False	True	111.0	110.0	False	ILE	H	I	False	False	True	True	123.0	123.0	True	HIS	H	H	True	False	False	True	242.0	242.0	True	HIS	H	H	True	False	False	True	246.0	246.0	True	HIS	H	H	True	False	False	True	269.0	269.0	True	HIS	H	H	True	False	False	True	5	0	HIHHHH	HHHHHH	False	False	False	False	False
A0A3F3Q782		57.0	False	HIS	-	H	False	True	False	True	62.0	62.0	True	HIS	H	H	True	False	False	True	71.0	71.0	True	HIS	H	H	True	False	False	True	197.0	197.0	True	HIS	H	H	True	False	False	True	201.0	201.0	True	HIS	H	H	True	False	False	True	224.0	224.0	True	HIS	H	H	True	False	False	True	5	1	HHHHHH	-HHHHH	False	False	False	True	False
A0A3M0L5Z8	191.0	191.0	True	HIS	H	H	True	False	False	True	214.0	214.0	True	HIS	H	H	True	False	False	True	223.0	223.0	True	HIS	H	H	True	False	False	True	351.0	362.0	False	GLN	T	Q	False	False	True	True	355.0	363.0	False	THR	R	T	False	False	True	True	376.0	376.0	True	HIS	H	H	True	False	False	True	4	0	HHHQTH	HHHTRH	False	False	False	False	False
A0A3M6VLC9		65.0	False	TYR	-	Y	False	True	True	True		75.0	False	VAL	-	V	False	True	True	True	84.0	84.0	True	TYR	Y	Y	True	False	True	True	234.0	234.0	True	GLN	Q	Q	True	False	True	True	238.0	238.0	True	HIS	H	H	True	False	False	True	260.0	260.0	True	TYR	Y	Y	True	False	True	True	4	2	YVYQHY	--YQHY	False	False	False	False	False
A0A3M6XNY6	70.0	70.0	True	HIS	H	H	True	False	False	True	95.0	95.0	True	HIS	H	H	True	False	False	True	104.0	104.0	True	HIS	H	H	True	False	False	True	271.0	271.0	True	HIS	H	H	True	False	False	True	275.0	275.0	True	HIS	H	H	True	False	False	True	307.0	307.0	True	HIS	H	H	True	False	False	True	6	0	HHHHHH	HHHHHH	True	True	True	True	True
A0A3M7C5D9	109.0	106.0	False	ILE	H	I	False	False	True	True	133.0	133.0	True	HIS	H	H	True	False	False	True	142.0	142.0	True	HIS	H	H	True	False	False	True	322.0	322.0	True	HIS	H	H	True	False	False	True	326.0	326.0	True	HIS	H	H	True	False	False	True	351.0	351.0	True	HIS	H	H	True	False	False	True	5	0	IHHHHH	HHHHHH	False	False	False	False	False
A0A3M7J5F3	109.0	106.0	False	ILE	H	I	False	False	True	True	133.0	133.0	True	HIS	H	H	True	False	False	True	142.0	142.0	True	HIS	H	H	True	False	False	True	324.0	324.0	True	HIS	H	H	True	False	False	True	328.0	328.0	True	HIS	H	H	True	False	False	True	353.0	353.0	True	HIS	H	H	True	False	False	True	5	0	IHHHHH	HHHHHH	False	False	False	False	False
A0A3M7MKX7	79.0	79.0	True	HIS	H	H	True	False	False	True	103.0	103.0	True	HIS	H	H	True	False	False	True	112.0	112.0	True	HIS	H	H	True	False	False	True	284.0	284.0	True	HIS	H	H	True	False	False	True	288.0	288.0	True	HIS	H	H	True	False	False	True	312.0	312.0	True	HIS	H	H	True	False	False	True	6	0	HHHHHH	HHHHHH	True	True	True	True	True
A0A3N0CP77		80.0	False	ALA	-	A	False	True	True	True	88.0	88.0	True	SER	S	S	True	False	True	True	97.0	97.0	True	ILE	I	I	True	False	True	True	210.0	210.0	True	TYR	Y	Y	True	False	True	True	214.0	214.0	True	ARG	R	R	True	False	True	True	236.0	236.0	True	ALA	A	A	True	False	True	True	5	1	ASIYRA	-SIYRA	False	False	False	False	False
A0A3N4IPE1	137.0	137.0	True	HIS	H	H	True	False	False	True	160.0	160.0	True	HIS	H	H	True	False	False	True	169.0	169.0	True	HIS	H	H	True	False	False	True	361.0	361.0	True	HIS	H	H	True	False	False	True	365.0	365.0	True	HIS	H	H	True	False	False	True	391.0	391.0	True	HIS	H	H	True	False	False	True	6	0	HHHHHH	HHHHHH	True	True	True	True	True
A0A3N4K3H4	47.0	47.0	True	ALA	A	A	True	False	True	True	58.0	58.0	True	SER	S	S	True	False	True	True	67.0	67.0	True	HIS	H	H	True	False	False	True	214.0	214.0	True	HIS	H	H	True	False	False	True	218.0	218.0	True	HIS	H	H	True	False	False	True	230.0	230.0	True	HIS	H	H	True	False	False	True	6	0	ASHHHH	ASHHHH	True	True	True	True	True
A0A3P3Y6E4	78.0	78.0	True	TYR	Y	Y	True	False	True	True	91.0	91.0	True	ARG	R	R	True	False	True	True	100.0	100.0	True	GLN	Q	Q	True	False	True	True		189.0	False	GLN	-	Q	False	True	True	True		193.0	False	THR	-	T	False	True	True	True		215.0	False	MET	-	M	False	True	True	True	3	3	YRQQTM	YRQ---	False	False	False	False	False
A0A3P3Y6K2		58.0	False	HIS	-	H	False	True	False	True			False	---	-	-	False	True	False	False		73.0	False	ASN	-	N	False	True	True	True	169.0	169.0	True	GLN	Q	Q	True	False	True	True	173.0	173.0	True	GLN	Q	Q	True	False	True	True	196.0	196.0	True	HIS	H	H	True	False	False	True	3	3	H-NQQH	---QQH	False	False	False	False	False
A0A3P6S9E3	360.0	360.0	True	HIS	H	H	True	False	False	True	370.0	370.0	True	HIS	H	H	True	False	False	True	379.0	379.0	True	HIS	H	H	True	False	False	True	528.0	528.0	True	HIS	H	H	True	False	False	True	532.0	532.0	True	LEU	L	L	True	False	True	True	555.0	555.0	True	HIS	H	H	True	False	False	True	6	0	HHHHLH	HHHHLH	True	True	True	True	True
A0A3P7DNC2	384.0	384.0	True	HIS	H	H	True	False	False	True	394.0	394.0	True	HIS	H	H	True	False	False	True	403.0	403.0	True	HIS	H	H	True	False	False	True	524.0	524.0	True	HIS	H	H	True	False	False	True	528.0	528.0	True	LEU	L	L	True	False	True	True	551.0	551.0	True	HIS	H	H	True	False	False	True	6	0	HHHHLH	HHHHLH	True	True	True	True	True
A0A3P8DS39	152.0	152.0	True	HIS	H	H	True	False	False	True	162.0	162.0	True	HIS	H	H	True	False	False	True	171.0	171.0	True	HIS	H	H	True	False	False	True			False	---	-	-	False	True	False	False	289.0	289.0	True	LEU	L	L	True	False	True	True	312.0	312.0	True	HIS	H	H	True	False	False	True	5	1	HHH-LH	HHH-LH	True	False	True	True	False
A0A3P8WSE3	182.0	182.0	True	HIS	H	H	True	False	False	True	205.0	205.0	True	HIS	H	H	True	False	False	True	214.0	214.0	True	HIS	H	H	True	False	False	True	366.0	366.0	True	HIS	H	H	True	False	False	True	370.0	370.0	True	HIS	H	H	True	False	False	True		393.0	False	GLN	-	Q	False	True	True	True	5	1	HHHHHQ	HHHHH-	False	False	False	False	False
A0A3Q3L0Y4	176.0	176.0	True	HIS	H	H	True	False	False	True	199.0	199.0	True	HIS	H	H	True	False	False	True	208.0	208.0	True	HIS	H	H	True	False	False	True	362.0	362.0	True	HIS	H	H	True	False	False	True	366.0	366.0	True	HIS	H	H	True	False	False	True		389.0	False	ASP	-	D	False	True	True	True	5	1	HHHHHD	HHHHH-	False	False	False	False	False
A0A3R6YR15		13.0	False	VAL	-	V	False	True	True	True		23.0	False	TYR	-	Y	False	True	True	True	32.0	32.0	True	ASN	N	N	True	False	True	True	167.0	167.0	True	HIS	H	H	True	False	False	True	171.0	171.0	True	HIS	H	H	True	False	False	True		210.0	False	SER	-	S	False	True	True	True	3	3	VYNHHS	--NHH-	False	False	False	False	False
A0A3R7FX46		13.0	False	TYR	-	Y	False	True	True	True		23.0	False	VAL	-	V	False	True	True	True	32.0	32.0	True	TYR	Y	Y	True	False	True	True	184.0	184.0	True	GLN	Q	Q	True	False	True	True	188.0	188.0	True	HIS	H	H	True	False	False	True	210.0	210.0	True	TYR	Y	Y	True	False	True	True	4	2	YVYQHY	--YQHY	False	False	False	False	False
A0A3S3Q853	79.0	79.0	True	HIS	H	H	True	False	False	True	110.0	109.0	False	THR	H	T	False	False	True	True	124.0	124.0	True	HIS	H	H	True	False	False	True	240.0	220.0	False	HIS	N	H	False	False	False	True	244.0	224.0	False	HIS	Q	H	False	False	False	True	267.0	267.0	True	HIS	H	H	True	False	False	True	3	0	HTHHHH	HHHNQH	False	False	False	False	False
A0A401PX39	318.0	318.0	True	ARG	R	R	True	False	True	True	326.0	326.0	True	ASN	N	N	True	False	True	True	335.0	335.0	True	HIS	H	H	True	False	False	True	440.0	440.0	True	SER	S	S	True	False	True	True	444.0	444.0	True	HIS	H	H	True	False	False	True	466.0	466.0	True	TYR	Y	Y	True	False	True	True	6	0	RNHSHY	RNHSHY	True	True	True	True	True
A0A409WYM8	74.0	75.0	False	TYR	H	Y	False	False	True	True	83.0	83.0	True	HIS	H	H	True	False	False	True	92.0	92.0	True	HIS	H	H	True	False	False	True	230.0	230.0	True	SER	S	S	True	False	True	True	234.0	234.0	True	HIS	H	H	True	False	False	True	276.0	276.0	True	HIS	H	H	True	False	False	True	5	0	YHHSHH	HHHSHH	False	False	False	False	False
A0A409XK29	91.0	91.0	True	HIS	H	H	True	False	False	True	99.0	99.0	True	HIS	H	H	True	False	False	True	108.0	108.0	True	HIS	H	H	True	False	False	True	237.0	237.0	True	HIS	H	H	True	False	False	True	241.0	241.0	True	HIS	H	H	True	False	False	True		280.0	False	ILE	-	I	False	True	True	True	5	1	HHHHHI	HHHHH-	False	False	False	False	False
A0A419QAV9		186.0	False	ASN	-	N	False	True	True	True	211.0	211.0	True	HIS	H	H	True	False	False	True	220.0	220.0	True	HIS	H	H	True	False	False	True	371.0	371.0	True	ASN	N	N	True	False	True	True	375.0	375.0	True	HIS	H	H	True	False	False	True	398.0	398.0	True	GLN	Q	Q	True	False	True	True	5	1	NHHNHQ	-HHNHQ	False	False	False	False	False
A0A420TE23		75.0	False	HIS	-	H	False	True	False	True			False	---	-	-	False	True	False	False			False	---	-	-	False	True	False	False	214.0	214.0	True	HIS	H	H	True	False	False	True	218.0	218.0	True	HIS	H	H	True	False	False	True	240.0	240.0	True	HIS	H	H	True	False	False	True	3	3	H--HHH	---HHH	False	False	False	True	False
A0A421G844	75.0	75.0	True	HIS	H	H	True	False	False	True	85.0	85.0	True	HIS	H	H	True	False	False	True	94.0	94.0	True	HIS	H	H	True	False	False	True		237.0	False	ARG	-	R	False	True	True	True	241.0	241.0	True	HIS	H	H	True	False	False	True	263.0	263.0	True	HIS	H	H	True	False	False	True	5	1	HHHRHH	HHH-HH	False	False	False	False	False
A0A425CLB8		65.0	False	TYR	-	Y	False	True	True	True		75.0	False	VAL	-	V	False	True	True	True	84.0	84.0	True	TYR	Y	Y	True	False	True	True	234.0	234.0	True	GLN	Q	Q	True	False	True	True	238.0	238.0	True	HIS	H	H	True	False	False	True	260.0	260.0	True	TYR	Y	Y	True	False	True	True	4	2	YVYQHY	--YQHY	False	False	False	False	False
A0A430HE78	84.0	84.0	True	HIS	H	H	True	False	False	True	121.0	121.0	True	HIS	H	H	True	False	False	True	134.0	134.0	True	HIS	H	H	True	False	False	True	251.0	251.0	True	HIS	H	H	True	False	False	True	255.0	255.0	True	HIS	H	H	True	False	False	True	278.0	278.0	True	HIS	H	H	True	False	False	True	6	0	HHHHHH	HHHHHH	True	True	True	True	True
A0A437ABU9	148.0	148.0	True	HIS	H	H	True	False	False	True	170.0	170.0	True	HIS	H	H	True	False	False	True	179.0	179.0	True	HIS	H	H	True	False	False	True	342.0	342.0	True	HIS	H	H	True	False	False	True	346.0	346.0	True	HIS	H	H	True	False	False	True	371.0	371.0	True	HIS	H	H	True	False	False	True	6	0	HHHHHH	HHHHHH	True	True	True	True	True
A0A443HXX0	127.0	127.0	True	HIS	H	H	True	False	False	True	135.0	135.0	True	HIS	H	H	True	False	False	True	144.0	144.0	True	HIS	H	H	True	False	False	True	271.0	271.0	True	HIS	H	H	True	False	False	True	275.0	275.0	True	PRO	P	P	True	False	True	True	297.0	297.0	True	HIS	H	H	True	False	False	True	6	0	HHHHPH	HHHHPH	True	True	True	True	True
A0A444RJX5	13.0	13.0	True	HIS	H	H	True	False	False	True	21.0	21.0	True	HIS	H	H	True	False	False	True	30.0	30.0	True	HIS	H	H	True	False	False	True	192.0	192.0	True	HIS	H	H	True	False	False	True	196.0	196.0	True	TYR	Y	Y	True	False	True	True	219.0	219.0	True	HIS	H	H	True	False	False	True	6	0	HHHHYH	HHHHYH	True	True	True	True	True
A0A444UPP0	187.0	187.0	True	HIS	H	H	True	False	False	True	209.0	209.0	True	HIS	H	H	True	False	False	True	218.0	218.0	True	HIS	H	H	True	False	False	True	367.0	367.0	True	HIS	H	H	True	False	False	True	371.0	371.0	True	HIS	H	H	True	False	False	True		394.0	False	THR	-	T	False	True	True	True	5	1	HHHHHT	HHHHH-	False	False	False	False	False
A0A446BXJ9	71.0	71.0	True	HIS	H	H	True	False	False	True	79.0	79.0	True	HIS	H	H	True	False	False	True	88.0	88.0	True	HIS	H	H	True	False	False	True		204.0	False	VAL	-	V	False	True	True	True		207.0	False	MET	-	M	False	True	True	True	223.0	223.0	True	HIS	H	H	True	False	False	True	4	2	HHHVMH	HHH--H	False	False	False	False	False
A0A447TAE7		33.0	False	HIS	-	H	False	True	False	True	69.0	68.0	False	ALA	H	A	False	False	True	True	82.0	82.0	True	HIS	H	H	True	False	False	True	182.0	182.0	True	HIS	H	H	True	False	False	True	186.0	186.0	True	HIS	H	H	True	False	False	True	211.0	211.0	True	HIS	H	H	True	False	False	True	4	1	HAHHHH	-HHHHH	False	False	False	False	False
A0A484G057	189.0	189.0	True	HIS	H	H	True	False	False	True	197.0	197.0	True	HIS	H	H	True	False	False	True	206.0	206.0	True	HIS	H	H	True	False	False	True	374.0	374.0	True	ASN	N	N	True	False	True	True	378.0	378.0	True	GLN	Q	Q	True	False	True	True	402.0	402.0	True	GLN	Q	Q	True	False	True	True	6	0	HHHNQQ	HHHNQQ	True	True	True	True	True
A0A485KPS2		121.0	False	VAL	-	V	False	True	True	True		131.0	False	TYR	-	Y	False	True	True	True	140.0	140.0	True	ASN	N	N	True	False	True	True	280.0	280.0	True	HIS	H	H	True	False	False	True	284.0	284.0	True	HIS	H	H	True	False	False	True		328.0	False	SER	-	S	False	True	True	True	3	3	VYNHHS	--NHH-	False	False	False	False	False
A0A485KPU0		167.0	False	VAL	-	V	False	True	True	True		177.0	False	TYR	-	Y	False	True	True	True	186.0	186.0	True	ASN	N	N	True	False	True	True	325.0	325.0	True	HIS	H	H	True	False	False	True	329.0	329.0	True	HIS	H	H	True	False	False	True	351.0	351.0	True	HIS	H	H	True	False	False	True	4	2	VYNHHH	--NHHH	False	False	False	False	False
A0A485KQE4		67.0	False	VAL	-	V	False	True	True	True		77.0	False	TYR	-	Y	False	True	True	True	86.0	86.0	True	ASN	N	N	True	False	True	True	225.0	225.0	True	HIS	H	H	True	False	False	True	229.0	229.0	True	HIS	H	H	True	False	False	True	251.0	251.0	True	HIS	H	H	True	False	False	True	4	2	VYNHHH	--NHHH	False	False	False	False	False
A0A485KTR0	66.0	66.0	True	HIS	H	H	True	False	False	True	76.0	76.0	True	HIS	H	H	True	False	False	True	84.0	84.0	True	HIS	H	H	True	False	False	True	242.0	242.0	True	HIS	H	H	True	False	False	True	246.0	246.0	True	HIS	H	H	True	False	False	True	268.0	268.0	True	HIS	H	H	True	False	False	True	6	0	HHHHHH	HHHHHH	True	True	True	True	True
A0A498S2C2	373.0	373.0	True	HIS	H	H	True	False	False	True	383.0	383.0	True	HIS	H	H	True	False	False	True	392.0	392.0	True	HIS	H	H	True	False	False	True	513.0	513.0	True	HIS	H	H	True	False	False	True	517.0	517.0	True	LEU	L	L	True	False	True	True	540.0	540.0	True	HIS	H	H	True	False	False	True	6	0	HHHHLH	HHHHLH	True	True	True	True	True
A0A4E9FIB1	379.0	379.0	True	HIS	H	H	True	False	False	True	389.0	389.0	True	HIS	H	H	True	False	False	True	398.0	398.0	True	HIS	H	H	True	False	False	True	519.0	519.0	True	HIS	H	H	True	False	False	True	523.0	523.0	True	LEU	L	L	True	False	True	True	546.0	546.0	True	HIS	H	H	True	False	False	True	6	0	HHHHLH	HHHHLH	True	True	True	True	True
A0A4P9VZN9	86.0	86.0	True	HIS	H	H	True	False	False	True	94.0	94.0	True	HIS	H	H	True	False	False	True		102.0	False	TRP	-	W	False	True	True	True	236.0	236.0	True	HIS	H	H	True	False	False	True	240.0	240.0	True	HIS	H	H	True	False	False	True	278.0	278.0	True	HIS	H	H	True	False	False	True	5	1	HHWHHH	HH-HHH	False	False	False	False	False
A0A4P9XG75		68.0	False	TYR	-	Y	False	True	True	True	76.0	76.0	True	HIS	H	H	True	False	False	True	85.0	85.0	True	HIS	H	H	True	False	False	True	197.0	197.0	True	TYR	Y	Y	True	False	True	True	201.0	201.0	True	GLN	Q	Q	True	False	True	True	223.0	223.0	True	HIS	H	H	True	False	False	True	5	1	YHHYQH	-HHYQH	False	False	False	False	False
A0A4P9XJ34	68.0	68.0	True	TYR	Y	Y	True	False	True	True	76.0	76.0	True	GLN	Q	Q	True	False	True	True	85.0	85.0	True	HIS	H	H	True	False	False	True		197.0	False	TYR	-	Y	False	True	True	True	201.0	201.0	True	PRO	P	P	True	False	True	True	223.0	223.0	True	TYR	Y	Y	True	False	True	True	5	1	YQHYPY	YQH-PY	False	False	False	False	False
A0A4P9XNA4	11.0	11.0	True	HIS	H	H	True	False	False	True	19.0	19.0	True	HIS	H	H	True	False	False	True	28.0	28.0	True	HIS	H	H	True	False	False	True		140.0	False	GLY	-	G	False	True	True	True	142.0	144.0	False	GLU	Y	E	False	False	True	True	166.0	166.0	True	HIS	H	H	True	False	False	True	4	1	HHHGEH	HHH-YH	False	False	False	False	False
A0A4Q4M2B0	13.0	13.0	True	HIS	H	H	True	False	False	True	21.0	21.0	True	HIS	H	H	True	False	False	True	30.0	30.0	True	HIS	H	H	True	False	False	True	162.0	162.0	True	HIS	H	H	True	False	False	True	166.0	166.0	True	PRO	P	P	True	False	True	True	188.0	188.0	True	HIS	H	H	True	False	False	True	6	0	HHHHPH	HHHHPH	True	True	True	True	True
A0A4Q4NQ20	13.0	13.0	True	HIS	H	H	True	False	False	True	21.0	21.0	True	HIS	H	H	True	False	False	True	30.0	30.0	True	HIS	H	H	True	False	False	True	170.0	162.0	False	HIS	M	H	False	False	False	True	174.0	166.0	False	PRO	R	P	False	False	True	True	214.0	214.0	True	HIS	H	H	True	False	False	True	4	0	HHHHPH	HHHMRH	False	False	False	False	False
A0A4R8PT74	156.0	156.0	True	HIS	H	H	True	False	False	True	164.0	164.0	True	HIS	H	H	True	False	False	True	173.0	173.0	True	HIS	H	H	True	False	False	True	341.0	341.0	True	ASN	N	N	True	False	True	True	345.0	345.0	True	GLN	Q	Q	True	False	True	True	369.0	369.0	True	GLN	Q	Q	True	False	True	True	6	0	HHHNQQ	HHHNQQ	True	True	True	True	True
A0A4R8REE8	85.0	85.0	True	HIS	H	H	True	False	False	True	93.0	93.0	True	HIS	H	H	True	False	False	True	102.0	102.0	True	HIS	H	H	True	False	False	True	270.0	270.0	True	ASN	N	N	True	False	True	True	274.0	274.0	True	GLN	Q	Q	True	False	True	True	298.0	298.0	True	GLN	Q	Q	True	False	True	True	6	0	HHHNQQ	HHHNQQ	True	True	True	True	True
A0A4R8RI59		101.0	False	TYR	-	Y	False	True	True	True	109.0	109.0	True	HIS	H	H	True	False	False	True	118.0	118.0	True	HIS	H	H	True	False	False	True	275.0	275.0	True	HIS	H	H	True	False	False	True	279.0	279.0	True	HIS	H	H	True	False	False	True	302.0	302.0	True	HIS	H	H	True	False	False	True	5	1	YHHHHH	-HHHHH	False	False	False	False	False
A0A4R8T272	162.0	162.0	True	HIS	H	H	True	False	False	True	170.0	170.0	True	HIS	H	H	True	False	False	True	179.0	179.0	True	HIS	H	H	True	False	False	True	347.0	347.0	True	ASN	N	N	True	False	True	True	351.0	351.0	True	GLN	Q	Q	True	False	True	True	375.0	375.0	True	GLN	Q	Q	True	False	True	True	6	0	HHHNQQ	HHHNQQ	True	True	True	True	True
A0A4S2LAY4		186.0	False	ASN	-	N	False	True	True	True	211.0	211.0	True	HIS	H	H	True	False	False	True	220.0	220.0	True	HIS	H	H	True	False	False	True	371.0	371.0	True	ASN	N	N	True	False	True	True	375.0	375.0	True	HIS	H	H	True	False	False	True	398.0	398.0	True	GLN	Q	Q	True	False	True	True	5	1	NHHNHQ	-HHNHQ	False	False	False	False	False
A0A4S2LBN1		186.0	False	ASN	-	N	False	True	True	True	211.0	211.0	True	HIS	H	H	True	False	False	True	220.0	220.0	True	HIS	H	H	True	False	False	True	371.0	371.0	True	ASN	N	N	True	False	True	True	375.0	375.0	True	HIS	H	H	True	False	False	True	398.0	398.0	True	GLN	Q	Q	True	False	True	True	5	1	NHHNHQ	-HHNHQ	False	False	False	False	False
A0A4S9AAS5		145.0	False	TYR	-	Y	False	True	True	True	153.0	153.0	True	THR	T	T	True	False	True	True	162.0	162.0	True	ASN	N	N	True	False	True	True		247.0	False	ILE	-	I	False	True	True	True		251.0	False	ALA	-	A	False	True	True	True		269.0	False	GLN	-	Q	False	True	True	True	2	4	YTNIAQ	-TN---	False	False	False	False	False
A0A4S9D5E3		145.0	False	TYR	-	Y	False	True	True	True	153.0	150.0	False	TRP	T	W	False	False	True	True	162.0	162.0	True	ASN	N	N	True	False	True	True		247.0	False	ILE	-	I	False	True	True	True		251.0	False	ALA	-	A	False	True	True	True		269.0	False	GLN	-	Q	False	True	True	True	1	4	YWNIAQ	-TN---	False	False	False	False	False
A0A4S9F9F9		145.0	False	TYR	-	Y	False	True	True	True	153.0	153.0	True	THR	T	T	True	False	True	True	162.0	162.0	True	ASN	N	N	True	False	True	True			False	---	-	-	False	True	False	False		253.0	False	PHE	-	F	False	True	True	True		269.0	False	GLN	-	Q	False	True	True	True	2	4	YTN-FQ	-TN---	False	False	False	False	False
A0A4S9LP12		145.0	False	TYR	-	Y	False	True	True	True	153.0	153.0	True	THR	T	T	True	False	True	True	162.0	162.0	True	ASN	N	N	True	False	True	True		247.0	False	ILE	-	I	False	True	True	True		251.0	False	ALA	-	A	False	True	True	True		269.0	False	GLN	-	Q	False	True	True	True	2	4	YTNIAQ	-TN---	False	False	False	False	False
A0A4S9TIS8		145.0	False	TYR	-	Y	False	True	True	True	153.0	150.0	False	TRP	T	W	False	False	True	True	162.0	162.0	True	ASN	N	N	True	False	True	True		247.0	False	ILE	-	I	False	True	True	True		251.0	False	ALA	-	A	False	True	True	True		269.0	False	GLN	-	Q	False	True	True	True	1	4	YWNIAQ	-TN---	False	False	False	False	False
A0A4S9V507		145.0	False	TYR	-	Y	False	True	True	True	153.0	153.0	True	THR	T	T	True	False	True	True	162.0	162.0	True	ASN	N	N	True	False	True	True			False	---	-	-	False	True	False	False		253.0	False	PHE	-	F	False	True	True	True		269.0	False	GLN	-	Q	False	True	True	True	2	4	YTN-FQ	-TN---	False	False	False	False	False
A0A4S9Y8F5		145.0	False	TYR	-	Y	False	True	True	True	153.0	153.0	True	THR	T	T	True	False	True	True	162.0	162.0	True	ASN	N	N	True	False	True	True			False	---	-	-	False	True	False	False		254.0	False	ASP	-	D	False	True	True	True		269.0	False	GLN	-	Q	False	True	True	True	2	4	YTN-DQ	-TN---	False	False	False	False	False
A0A4S9ZZ06		145.0	False	TYR	-	Y	False	True	True	True	153.0	153.0	True	THR	T	T	True	False	True	True	162.0	162.0	True	ASN	N	N	True	False	True	True		247.0	False	ILE	-	I	False	True	True	True		251.0	False	ALA	-	A	False	True	True	True		269.0	False	GLN	-	Q	False	True	True	True	2	4	YTNIAQ	-TN---	False	False	False	False	False
A0A4T0BL07		145.0	False	TYR	-	Y	False	True	True	True	153.0	153.0	True	THR	T	T	True	False	True	True	162.0	162.0	True	ASN	N	N	True	False	True	True		247.0	False	ILE	-	I	False	True	True	True		252.0	False	PRO	-	P	False	True	True	True		269.0	False	GLN	-	Q	False	True	True	True	2	4	YTNIPQ	-TN---	False	False	False	False	False
A0A4T0EP09		145.0	False	TYR	-	Y	False	True	True	True	153.0	153.0	True	THR	T	T	True	False	True	True	162.0	162.0	True	ASN	N	N	True	False	True	True			False	---	-	-	False	True	False	False		253.0	False	PHE	-	F	False	True	True	True		269.0	False	GLN	-	Q	False	True	True	True	2	4	YTN-FQ	-TN---	False	False	False	False	False
A0A4T0FMD4	75.0	75.0	True	HIS	H	H	True	False	False	True			False	---	-	-	False	True	False	False	88.0	88.0	True	HIS	H	H	True	False	False	True	229.0	229.0	True	HIS	H	H	True	False	False	True	233.0	233.0	True	HIS	H	H	True	False	False	True	259.0	259.0	True	HIS	H	H	True	False	False	True	5	1	H-HHHH	H-HHHH	True	False	True	True	False
A0A4T0WAP6	220.0	220.0	True	HIS	H	H	True	False	False	True	228.0	228.0	True	HIS	H	H	True	False	False	True	237.0	237.0	True	HIS	H	H	True	False	False	True	405.0	405.0	True	HIS	H	H	True	False	False	True	409.0	409.0	True	HIS	H	H	True	False	False	True	433.0	433.0	True	GLN	Q	Q	True	False	True	True	6	0	HHHHHQ	HHHHHQ	True	True	True	True	True
A0A4U0TXP9	144.0	144.0	True	HIS	H	H	True	False	False	True	152.0	152.0	True	HIS	H	H	True	False	False	True	161.0	161.0	True	HIS	H	H	True	False	False	True	292.0	292.0	True	HIS	H	H	True	False	False	True	296.0	296.0	True	PRO	P	P	True	False	True	True	318.0	318.0	True	HIS	H	H	True	False	False	True	6	0	HHHHPH	HHHHPH	True	True	True	True	True
A0A4U0VC90	142.0	142.0	True	HIS	H	H	True	False	False	True	150.0	150.0	True	HIS	H	H	True	False	False	True	159.0	159.0	True	HIS	H	H	True	False	False	True	270.0	270.0	True	HIS	H	H	True	False	False	True	274.0	274.0	True	PRO	P	P	True	False	True	True	296.0	296.0	True	HIS	H	H	True	False	False	True	6	0	HHHHPH	HHHHPH	True	True	True	True	True
A0A4U0VS63	135.0	135.0	True	HIS	H	H	True	False	False	True	143.0	143.0	True	HIS	H	H	True	False	False	True	152.0	152.0	True	HIS	H	H	True	False	False	True	283.0	283.0	True	HIS	H	H	True	False	False	True	287.0	287.0	True	PRO	P	P	True	False	True	True	309.0	309.0	True	HIS	H	H	True	False	False	True	6	0	HHHHPH	HHHHPH	True	True	True	True	True
A0A4U0XT20	135.0	135.0	True	HIS	H	H	True	False	False	True	143.0	143.0	True	HIS	H	H	True	False	False	True	152.0	152.0	True	HIS	H	H	True	False	False	True	283.0	283.0	True	HIS	H	H	True	False	False	True	287.0	287.0	True	PRO	P	P	True	False	True	True	309.0	309.0	True	HIS	H	H	True	False	False	True	6	0	HHHHPH	HHHHPH	True	True	True	True	True
A0A4U6X5Z4	244.0	244.0	True	HIS	H	H	True	False	False	True	252.0	252.0	True	HIS	H	H	True	False	False	True	261.0	261.0	True	HIS	H	H	True	False	False	True	425.0	425.0	True	TYR	Y	Y	True	False	True	True	429.0	429.0	True	ARG	R	R	True	False	True	True	453.0	453.0	True	LEU	L	L	True	False	True	True	6	0	HHHYRL	HHHYRL	True	True	True	True	True
A0A4U7AY24	76.0	76.0	True	HIS	H	H	True	False	False	True	84.0	84.0	True	HIS	H	H	True	False	False	True	93.0	93.0	True	HIS	H	H	True	False	False	True	224.0	224.0	True	HIS	H	H	True	False	False	True	228.0	228.0	True	PRO	P	P	True	False	True	True	250.0	250.0	True	HIS	H	H	True	False	False	True	6	0	HHHHPH	HHHHPH	True	True	True	True	True
A0A4U7B5J3	139.0	139.0	True	HIS	H	H	True	False	False	True	147.0	147.0	True	HIS	H	H	True	False	False	True	156.0	156.0	True	HIS	H	H	True	False	False	True	294.0	294.0	True	HIS	H	H	True	False	False	True	298.0	298.0	True	PRO	P	P	True	False	True	True	320.0	320.0	True	HIS	H	H	True	False	False	True	6	0	HHHHPH	HHHHPH	True	True	True	True	True
A0A4W4EZ83	153.0	153.0	True	ASN	N	N	True	False	True	True	161.0	161.0	True	TYR	Y	Y	True	False	True	True	170.0	170.0	True	ASP	D	D	True	False	True	True	323.0	323.0	True	HIS	H	H	True	False	False	True	327.0	327.0	True	ASN	N	N	True	False	True	True	350.0	350.0	True	HIS	H	H	True	False	False	True	6	0	NYDHNH	NYDHNH	True	True	True	True	True
A0A4W6F5R6	182.0	182.0	True	HIS	H	H	True	False	False	True	205.0	205.0	True	HIS	H	H	True	False	False	True	214.0	214.0	True	HIS	H	H	True	False	False	True	366.0	366.0	True	HIS	H	H	True	False	False	True	370.0	370.0	True	HIS	H	H	True	False	False	True	382.0	382.0	True	HIS	H	H	True	False	False	True	6	0	HHHHHH	HHHHHH	True	True	True	True	True
A0A4Y8CCG2	130.0	130.0	True	HIS	H	H	True	False	False	True	138.0	138.0	True	HIS	H	H	True	False	False	True	147.0	147.0	True	HIS	H	H	True	False	False	True	283.0	274.0	False	ALA	R	A	False	False	True	True	287.0	278.0	False	VAL	S	V	False	False	True	True	318.0	318.0	True	HIS	H	H	True	False	False	True	4	0	HHHAVH	HHHRSH	False	False	False	False	False
A0A4Y8D0D0	57.0	57.0	True	HIS	H	H	True	False	False	True	82.0	65.0	False	HIS	D	H	False	False	False	True	91.0	91.0	True	TYR	Y	Y	True	False	True	True	244.0	244.0	True	HIS	H	H	True	False	False	True	248.0	248.0	True	HIS	H	H	True	False	False	True	271.0	271.0	True	HIS	H	H	True	False	False	True	5	0	HHYHHH	HDYHHH	False	False	False	True	False
A0A4Y8D0V3	105.0	105.0	True	HIS	H	H	True	False	False	True	113.0	113.0	True	HIS	H	H	True	False	False	True	122.0	122.0	True	HIS	H	H	True	False	False	True	251.0	251.0	True	HIS	H	H	True	False	False	True	255.0	255.0	True	PRO	P	P	True	False	True	True	277.0	277.0	True	HIS	H	H	True	False	False	True	6	0	HHHHPH	HHHHPH	True	True	True	True	True
A0A4Y9L370		78.0	False	HIS	-	H	False	True	False	True	115.0	114.0	False	ALA	H	A	False	False	True	True	131.0	131.0	True	HIS	H	H	True	False	False	True	239.0	239.0	True	HIS	H	H	True	False	False	True	243.0	243.0	True	HIS	H	H	True	False	False	True	268.0	268.0	True	HIS	H	H	True	False	False	True	4	1	HAHHHH	-HHHHH	False	False	False	False	False
A0A4Z0YK01	115.0	115.0	True	HIS	H	H	True	False	False	True	123.0	123.0	True	HIS	H	H	True	False	False	True	132.0	132.0	True	HIS	H	H	True	False	False	True	261.0	261.0	True	HIS	H	H	True	False	False	True	265.0	265.0	True	PRO	P	P	True	False	True	True	287.0	287.0	True	HIS	H	H	True	False	False	True	6	0	HHHHPH	HHHHPH	True	True	True	True	True
A0A4Z1EV38	136.0	136.0	True	HIS	H	H	True	False	False	True	144.0	144.0	True	LEU	L	L	True	False	True	True	153.0	153.0	True	HIS	H	H	True	False	False	True	281.0	281.0	True	HIS	H	H	True	False	False	True	285.0	285.0	True	PRO	P	P	True	False	True	True	307.0	307.0	True	HIS	H	H	True	False	False	True	6	0	HLHHPH	HLHHPH	True	True	True	True	True
A0A4Z1FR91	125.0	125.0	True	HIS	H	H	True	False	False	True	133.0	133.0	True	HIS	H	H	True	False	False	True	142.0	142.0	True	HIS	H	H	True	False	False	True	270.0	270.0	True	HIS	H	H	True	False	False	True	274.0	274.0	True	PRO	P	P	True	False	True	True	296.0	296.0	True	HIS	H	H	True	False	False	True	6	0	HHHHPH	HHHHPH	True	True	True	True	True
A0A4Z1HA19	155.0	155.0	True	HIS	H	H	True	False	False	True	163.0	163.0	True	HIS	H	H	True	False	False	True	172.0	172.0	True	HIS	H	H	True	False	False	True		302.0	False	ALA	-	A	False	True	True	True	303.0	305.0	False	PHE	H	F	False	False	True	True	316.0	316.0	True	HIS	H	H	True	False	False	True	4	1	HHHAFH	HHH-HH	False	False	False	False	False
A0A4Z1K5V5	136.0	136.0	True	HIS	H	H	True	False	False	True	144.0	144.0	True	LEU	L	L	True	False	True	True	153.0	153.0	True	HIS	H	H	True	False	False	True	281.0	281.0	True	HIS	H	H	True	False	False	True	285.0	285.0	True	PRO	P	P	True	False	True	True	307.0	307.0	True	HIS	H	H	True	False	False	True	6	0	HLHHPH	HLHHPH	True	True	True	True	True
A0A4Z1NUI9	145.0	145.0	True	HIS	H	H	True	False	False	True	153.0	153.0	True	HIS	H	H	True	False	False	True	162.0	162.0	True	HIS	H	H	True	False	False	True	302.0	302.0	True	HIS	H	H	True	False	False	True	306.0	306.0	True	PRO	P	P	True	False	True	True	328.0	328.0	True	HIS	H	H	True	False	False	True	6	0	HHHHPH	HHHHPH	True	True	True	True	True
A0A4Z1PB68		71.0	False	HIS	-	H	False	True	False	True			False	---	-	-	False	True	False	False		110.0	False	THR	-	T	False	True	True	True	258.0	258.0	True	HIS	H	H	True	False	False	True	262.0	262.0	True	HIS	H	H	True	False	False	True	285.0	285.0	True	HIS	H	H	True	False	False	True	3	3	H-THHH	---HHH	False	False	False	False	False
A0A507BI78	101.0	101.0	True	HIS	H	H	True	False	False	True	125.0	125.0	True	HIS	H	H	True	False	False	True	134.0	134.0	True	HIS	H	H	True	False	False	True	305.0	305.0	True	HIS	H	H	True	False	False	True	309.0	309.0	True	HIS	H	H	True	False	False	True	334.0	334.0	True	HIS	H	H	True	False	False	True	6	0	HHHHHH	HHHHHH	True	True	True	True	True
A0A507BMG0	95.0	95.0	True	HIS	H	H	True	False	False	True	125.0		False	---	S	-	False	False	False	False	134.0	134.0	True	ASP	D	D	True	False	True	True	268.0	268.0	True	HIS	H	H	True	False	False	True	272.0	272.0	True	HIS	H	H	True	False	False	True	310.0	310.0	True	HIS	H	H	True	False	False	True	5	0	H-DHHH	HSDHHH	False	False	True	True	False
A0A507BNL8	65.0	65.0	True	HIS	H	H	True	False	False	True	89.0	89.0	True	HIS	H	H	True	False	False	True	98.0	98.0	True	HIS	H	H	True	False	False	True	267.0	267.0	True	HIS	H	H	True	False	False	True	271.0	271.0	True	HIS	H	H	True	False	False	True		278.0	False	THR	-	T	False	True	True	True	5	1	HHHHHT	HHHHH-	False	False	False	False	False
A0A507F691	68.0	68.0	True	HIS	H	H	True	False	False	True	95.0	95.0	True	GLN	Q	Q	True	False	True	True	104.0	104.0	True	HIS	H	H	True	False	False	True	234.0	234.0	True	HIS	H	H	True	False	False	True	238.0	238.0	True	HIS	H	H	True	False	False	True	264.0	264.0	True	HIS	H	H	True	False	False	True	6	0	HQHHHH	HQHHHH	True	True	True	True	True
A0A507F697	73.0	73.0	True	HIS	H	H	True	False	False	True	81.0	81.0	True	HIS	H	H	True	False	False	True		89.0	False	TYR	-	Y	False	True	True	True	212.0	212.0	True	HIS	H	H	True	False	False	True	216.0	216.0	True	HIS	H	H	True	False	False	True	242.0	242.0	True	HIS	H	H	True	False	False	True	5	1	HHYHHH	HH-HHH	False	False	False	False	False
A0A544XUX3		73.0	False	TYR	-	Y	False	True	True	True	81.0	81.0	True	HIS	H	H	True	False	False	True	90.0	90.0	True	GLN	Q	Q	True	False	True	True	202.0	202.0	True	ILE	I	I	True	False	True	True	206.0	206.0	True	GLN	Q	Q	True	False	True	True	228.0	228.0	True	ALA	A	A	True	False	True	True	5	1	YHQIQA	-HQIQA	False	False	False	False	False
A0A562PHQ5		79.0	False	HIS	-	H	False	True	False	True		114.0	False	SER	-	S	False	True	True	True	127.0	127.0	True	HIS	H	H	True	False	False	True	229.0	229.0	True	HIS	H	H	True	False	False	True	233.0	233.0	True	HIS	H	H	True	False	False	True	258.0	258.0	True	HIS	H	H	True	False	False	True	4	2	HSHHHH	--HHHH	False	False	False	False	False
A0A5C3QBW9			False	---	-	-	False	True	False	False	74.0		False	---	H	-	False	False	False	False	83.0	83.0	True	HIS	H	H	True	False	False	True	222.0	222.0	True	HIS	H	H	True	False	False	True	226.0	226.0	True	HIS	H	H	True	False	False	True	249.0	249.0	True	HIS	H	H	True	False	False	True	4	1	--HHHH	-HHHHH	False	False	True	True	False
A0A5C6MG15	180.0	180.0	True	HIS	H	H	True	False	False	True	195.0	197.0	False	THR	V	T	False	False	True	True	204.0	204.0	True	HIS	H	H	True	False	False	True	356.0	356.0	True	HIS	H	H	True	False	False	True	360.0	360.0	True	HIS	H	H	True	False	False	True	383.0	383.0	True	HIS	H	H	True	False	False	True	5	0	HTHHHH	HVHHHH	False	False	False	False	False
A0A5C6SKB8	69.0	69.0	True	HIS	H	H	True	False	False	True	77.0	77.0	True	TYR	Y	Y	True	False	True	True	86.0	86.0	True	HIS	H	H	True	False	False	True	191.0	191.0	True	HIS	H	H	True	False	False	True	195.0	195.0	True	HIS	H	H	True	False	False	True	217.0	217.0	True	HIS	H	H	True	False	False	True	6	0	HYHHHH	HYHHHH	True	True	True	True	True
A0A5J6HY91	43.0	43.0	True	HIS	H	H	True	False	False	True	51.0	51.0	True	HIS	H	H	True	False	False	True	60.0	60.0	True	ASN	N	N	True	False	True	True	174.0	174.0	True	GLN	Q	Q	True	False	True	True	178.0	178.0	True	HIS	H	H	True	False	False	True	200.0	200.0	True	ARG	R	R	True	False	True	True	6	0	HHNQHR	HHNQHR	True	True	True	True	True
A0A5M8PS01	130.0	130.0	True	HIS	H	H	True	False	False	True	138.0	138.0	True	HIS	H	H	True	False	False	True	147.0	147.0	True	HIS	H	H	True	False	False	True	275.0	275.0	True	HIS	H	H	True	False	False	True	279.0	279.0	True	PRO	P	P	True	False	True	True	301.0	301.0	True	HIS	H	H	True	False	False	True	6	0	HHHHPH	HHHHPH	True	True	True	True	True
A0A5N5DM31		88.0	False	HIS	-	H	False	True	False	True	88.0		False	---	H	-	False	False	False	False	98.0	98.0	True	HIS	H	H	True	False	False	True	243.0	243.0	True	HIS	H	H	True	False	False	True	247.0	247.0	True	HIS	H	H	True	False	False	True	290.0	290.0	True	HIS	H	H	True	False	False	True	4	1	H-HHHH	-HHHHH	False	False	False	True	False
A0A5N5QEZ6	99.0	99.0	True	HIS	H	H	True	False	False	True	107.0	107.0	True	HIS	H	H	True	False	False	True	116.0	116.0	True	TYR	Y	Y	True	False	True	True	254.0	254.0	True	HIS	H	H	True	False	False	True	258.0	258.0	True	HIS	H	H	True	False	False	True	281.0	281.0	True	HIS	H	H	True	False	False	True	6	0	HHYHHH	HHYHHH	True	True	True	True	True
A0A5N6BWN4		73.0	False	TYR	-	Y	False	True	True	True	81.0	81.0	True	HIS	H	H	True	False	False	True	90.0	90.0	True	GLN	Q	Q	True	False	True	True	202.0	202.0	True	ILE	I	I	True	False	True	True	206.0	206.0	True	GLN	Q	Q	True	False	True	True	228.0	228.0	True	ALA	A	A	True	False	True	True	5	1	YHQIQA	-HQIQA	False	False	False	False	False
A0A5N7CL84	68.0	68.0	True	ASN	N	N	True	False	True	True	87.0	88.0	False	GLY	H	G	False	False	True	True	96.0	96.0	True	ASN	N	N	True	False	True	True	290.0	290.0	True	ASN	N	N	True	False	True	True	294.0	294.0	True	HIS	H	H	True	False	False	True	320.0	320.0	True	TYR	Y	Y	True	False	True	True	5	0	NGNNHY	NHNNHY	False	False	False	False	False
A0A5N7DKE9	123.0	123.0	True	HIS	H	H	True	False	False	True	131.0	131.0	True	HIS	H	H	True	False	False	True	140.0	140.0	True	HIS	H	H	True	False	False	True	268.0	268.0	True	HIS	H	H	True	False	False	True	272.0	272.0	True	PRO	P	P	True	False	True	True	294.0	294.0	True	HIS	H	H	True	False	False	True	6	0	HHHHPH	HHHHPH	True	True	True	True	True
A0A5Q4BTC4	86.0		False	---	H	-	False	False	False	False	109.0	107.0	False	CYS	H	C	False	False	True	True	118.0	118.0	True	HIS	H	H	True	False	False	True		284.0	False	ASN	-	N	False	True	True	True	284.0	287.0	False	VAL	N	V	False	False	True	True	307.0	307.0	True	HIS	H	H	True	False	False	True	2	1	-CHNVH	HHH-NH	False	False	False	False	False
A0A5Q4BZL7	208.0	208.0	True	HIS	H	H	True	False	False	True	216.0	216.0	True	HIS	H	H	True	False	False	True	225.0	225.0	True	HIS	H	H	True	False	False	True	393.0	393.0	True	HIS	H	H	True	False	False	True	397.0	397.0	True	HIS	H	H	True	False	False	True	421.0	421.0	True	GLN	Q	Q	True	False	True	True	6	0	HHHHHQ	HHHHHQ	True	True	True	True	True
A0A5S6PYS3		229.0	False	TYR	-	Y	False	True	True	True		244.0	False	HIS	-	H	False	True	False	True	252.0	252.0	True	ASN	N	N	True	False	True	True		388.0	False	PHE	-	F	False	True	True	True		419.0	False	PHE	-	F	False	True	True	True		434.0	False	LEU	-	L	False	True	True	True	1	5	YHNFFL	--N---	False	False	False	False	False
A0A5S6QIU3	171.0	171.0	True	HIS	H	H	True	False	False	True	180.0	180.0	True	LEU	L	L	True	False	True	True	189.0	189.0	True	HIS	H	H	True	False	False	True	303.0	303.0	True	HIS	H	H	True	False	False	True	307.0	307.0	True	THR	T	T	True	False	True	True	330.0	330.0	True	HIS	H	H	True	False	False	True	6	0	HLHHTH	HLHHTH	True	True	True	True	True
A0A5S6QUR5	132.0	132.0	True	HIS	H	H	True	False	False	True	141.0	141.0	True	HIS	H	H	True	False	False	True	150.0	150.0	True	HIS	H	H	True	False	False	True		262.0	False	LEU	-	L	False	True	True	True	266.0	266.0	True	ARG	R	R	True	False	True	True	289.0	289.0	True	LEU	L	L	True	False	True	True	5	1	HHHLRL	HHH-RL	False	False	False	False	False
A0A654M5U9	62.0	62.0	True	HIS	H	H	True	False	False	True	68.0	68.0	True	HIS	H	H	True	False	False	True	77.0	77.0	True	HIS	H	H	True	False	False	True	207.0	207.0	True	HIS	H	H	True	False	False	True	211.0	211.0	True	HIS	H	H	True	False	False	True	234.0	234.0	True	HIS	H	H	True	False	False	True	6	0	HHHHHH	HHHHHH	True	True	True	True	True
A0A665TYY4	179.0	179.0	True	HIS	H	H	True	False	False	True	202.0	202.0	True	HIS	H	H	True	False	False	True	211.0	211.0	True	HIS	H	H	True	False	False	True	357.0	348.0	False	ILE	H	I	False	False	True	True	361.0		False	---	H	-	False	False	False	False	394.0	394.0	True	HIS	H	H	True	False	False	True	4	0	HHHI-H	HHHHHH	False	False	False	False	False
A0A665U0T6	180.0	180.0	True	HIS	H	H	True	False	False	True	203.0	203.0	True	HIS	H	H	True	False	False	True	212.0	212.0	True	HIS	H	H	True	False	False	True	358.0	349.0	False	ILE	H	I	False	False	True	True	362.0	370.0	False	LEU	H	L	False	False	True	True	395.0	395.0	True	HIS	H	H	True	False	False	True	4	0	HHHILH	HHHHHH	False	False	False	False	False
A0A669D1M6	177.0	177.0	True	HIS	H	H	True	False	False	True	200.0	200.0	True	HIS	H	H	True	False	False	True	209.0	209.0	True	HIS	H	H	True	False	False	True		346.0	False	ILE	-	I	False	True	True	True		350.0	False	THR	-	T	False	True	True	True	374.0	374.0	True	HIS	H	H	True	False	False	True	4	2	HHHITH	HHH--H	False	False	False	False	False
A0A672MGC5		187.0	False	HIS	-	H	False	True	False	True		192.0	False	ARG	-	R	False	True	True	True		198.0	False	GLU	-	E	False	True	True	True	347.0	347.0	True	HIS	H	H	True	False	False	True	351.0	351.0	True	HIS	H	H	True	False	False	True	374.0	374.0	True	HIS	H	H	True	False	False	True	3	3	HREHHH	---HHH	False	False	False	False	False
A0A672ML46		187.0	False	HIS	-	H	False	True	False	True		192.0	False	ARG	-	R	False	True	True	True		198.0	False	GLU	-	E	False	True	True	True	347.0	347.0	True	HIS	H	H	True	False	False	True	351.0	351.0	True	HIS	H	H	True	False	False	True	374.0	374.0	True	HIS	H	H	True	False	False	True	3	3	HREHHH	---HHH	False	False	False	False	False
A0A673AVA6	199.0	199.0	True	HIS	H	H	True	False	False	True	222.0	222.0	True	HIS	H	H	True	False	False	True	231.0	231.0	True	HIS	H	H	True	False	False	True	365.0	368.0	False	MET	E	M	False	False	True	True	369.0	372.0	False	THR	K	T	False	False	True	True	391.0	391.0	True	HIS	H	H	True	False	False	True	4	0	HHHMTH	HHHEKH	False	False	False	False	False
A0A673AW28	178.0	178.0	True	HIS	H	H	True	False	False	True	201.0	201.0	True	HIS	H	H	True	False	False	True	210.0	210.0	True	HIS	H	H	True	False	False	True	355.0	347.0	False	MET	A	M	False	False	True	True	359.0	351.0	False	THR	C	T	False	False	True	True	384.0	384.0	True	HIS	H	H	True	False	False	True	4	0	HHHMTH	HHHACH	False	False	False	False	False
A0A6A3EYQ9		29.0	False	ALA	-	A	False	True	True	True		39.0	False	LEU	-	L	False	True	True	True	48.0	48.0	True	ASN	N	N	True	False	True	True	192.0	192.0	True	HIS	H	H	True	False	False	True	196.0	196.0	True	HIS	H	H	True	False	False	True	218.0	218.0	True	HIS	H	H	True	False	False	True	4	2	ALNHHH	--NHHH	False	False	False	False	False
A0A6A3FBU7		64.0	False	TYR	-	Y	False	True	True	True		74.0	False	ALA	-	A	False	True	True	True	83.0	83.0	True	TYR	Y	Y	True	False	True	True	235.0	235.0	True	GLN	Q	Q	True	False	True	True	239.0	239.0	True	HIS	H	H	True	False	False	True	261.0	261.0	True	TYR	Y	Y	True	False	True	True	4	2	YAYQHY	--YQHY	False	False	False	False	False
A0A6A3HLB0	29.0	29.0	True	HIS	H	H	True	False	False	True	39.0	39.0	True	HIS	H	H	True	False	False	True	48.0	48.0	True	HIS	H	H	True	False	False	True		184.0	False	GLU	-	E	False	True	True	True	188.0	188.0	True	HIS	H	H	True	False	False	True	210.0	210.0	True	HIS	H	H	True	False	False	True	5	1	HHHEHH	HHH-HH	False	False	False	False	False
A0A6A3L3S8		68.0	False	ALA	-	A	False	True	True	True		78.0	False	LEU	-	L	False	True	True	True	87.0	87.0	True	ASN	N	N	True	False	True	True	231.0	231.0	True	HIS	H	H	True	False	False	True	235.0	235.0	True	HIS	H	H	True	False	False	True	257.0	257.0	True	HIS	H	H	True	False	False	True	4	2	ALNHHH	--NHHH	False	False	False	False	False
A0A6A3MUA3		29.0	False	ALA	-	A	False	True	True	True		39.0	False	LEU	-	L	False	True	True	True	48.0	48.0	True	ASN	N	N	True	False	True	True	192.0	192.0	True	HIS	H	H	True	False	False	True	196.0	196.0	True	HIS	H	H	True	False	False	True	218.0	218.0	True	HIS	H	H	True	False	False	True	4	2	ALNHHH	--NHHH	False	False	False	False	False
A0A6A3NDJ9		68.0	False	ALA	-	A	False	True	True	True		78.0	False	LEU	-	L	False	True	True	True	87.0	87.0	True	ASN	N	N	True	False	True	True	231.0	231.0	True	HIS	H	H	True	False	False	True	235.0	235.0	True	HIS	H	H	True	False	False	True	257.0	257.0	True	HIS	H	H	True	False	False	True	4	2	ALNHHH	--NHHH	False	False	False	False	False
A0A6A3Q4B5	29.0	29.0	True	HIS	H	H	True	False	False	True	39.0	39.0	True	HIS	H	H	True	False	False	True	48.0	48.0	True	HIS	H	H	True	False	False	True		184.0	False	GLU	-	E	False	True	True	True	188.0	188.0	True	HIS	H	H	True	False	False	True	210.0	210.0	True	HIS	H	H	True	False	False	True	5	1	HHHEHH	HHH-HH	False	False	False	False	False
A0A6A4E140		68.0	False	ALA	-	A	False	True	True	True		78.0	False	LEU	-	L	False	True	True	True	87.0	87.0	True	ASN	N	N	True	False	True	True	231.0	231.0	True	HIS	H	H	True	False	False	True	235.0	235.0	True	HIS	H	H	True	False	False	True	257.0	257.0	True	HIS	H	H	True	False	False	True	4	2	ALNHHH	--NHHH	False	False	False	False	False
A0A6A4G489		64.0	False	TYR	-	Y	False	True	True	True		74.0	False	ALA	-	A	False	True	True	True	83.0	83.0	True	TYR	Y	Y	True	False	True	True	235.0	235.0	True	GLN	Q	Q	True	False	True	True	239.0	239.0	True	HIS	H	H	True	False	False	True	261.0	261.0	True	TYR	Y	Y	True	False	True	True	4	2	YAYQHY	--YQHY	False	False	False	False	False
A0A6A4ZE36	65.0	65.0	True	HIS	H	H	True	False	False	True	75.0	75.0	True	HIS	H	H	True	False	False	True	83.0	83.0	True	HIS	H	H	True	False	False	True	239.0	239.0	True	HIS	H	H	True	False	False	True	243.0	243.0	True	HIS	H	H	True	False	False	True	265.0	265.0	True	HIS	H	H	True	False	False	True	6	0	HHHHHH	HHHHHH	True	True	True	True	True
A0A6A5RAM1	94.0	94.0	True	HIS	H	H	True	False	False	True	119.0	119.0	True	HIS	H	H	True	False	False	True	128.0	128.0	True	HIS	H	H	True	False	False	True	274.0	280.0	False	VAL	W	V	False	False	True	True	278.0	284.0	False	HIS	E	H	False	False	False	True	301.0	301.0	True	HIS	H	H	True	False	False	True	4	0	HHHVHH	HHHWEH	False	False	False	False	False
A0A6A5TLY8	110.0	110.0	True	HIS	H	H	True	False	False	True	118.0	118.0	True	HIS	H	H	True	False	False	True	127.0	127.0	True	HIS	H	H	True	False	False	True	256.0	256.0	True	HIS	H	H	True	False	False	True	260.0	260.0	True	PRO	P	P	True	False	True	True	282.0	282.0	True	HIS	H	H	True	False	False	True	6	0	HHHHPH	HHHHPH	True	True	True	True	True
A0A6A5XM88	71.0	71.0	True	HIS	H	H	True	False	False	True	79.0	79.0	True	LEU	L	L	True	False	True	True	88.0	88.0	True	HIS	H	H	True	False	False	True	266.0	266.0	True	VAL	V	V	True	False	True	True	270.0	270.0	True	ARG	R	R	True	False	True	True	293.0	293.0	True	GLN	Q	Q	True	False	True	True	6	0	HLHVRQ	HLHVRQ	True	True	True	True	True
A0A6A5YJL3	106.0	106.0	True	HIS	H	H	True	False	False	True	114.0	114.0	True	HIS	H	H	True	False	False	True	123.0	123.0	True	HIS	H	H	True	False	False	True	277.0	277.0	True	HIS	H	H	True	False	False	True	281.0	281.0	True	PRO	P	P	True	False	True	True	303.0	303.0	True	LEU	L	L	True	False	True	True	6	0	HHHHPL	HHHHPL	True	True	True	True	True
A0A6A5ZPV6	112.0	112.0	True	HIS	H	H	True	False	False	True	121.0	121.0	True	HIS	H	H	True	False	False	True	130.0	130.0	True	HIS	H	H	True	False	False	True	261.0	261.0	True	HIS	H	H	True	False	False	True	265.0	265.0	True	PRO	P	P	True	False	True	True	287.0	287.0	True	HIS	H	H	True	False	False	True	6	0	HHHHPH	HHHHPH	True	True	True	True	True
A0A6A6BKX9	74.0	74.0	True	HIS	H	H	True	False	False	True	82.0	82.0	True	ASN	N	N	True	False	True	True	91.0	91.0	True	HIS	H	H	True	False	False	True	222.0	222.0	True	HIS	H	H	True	False	False	True	226.0	226.0	True	ASN	N	N	True	False	True	True	248.0	248.0	True	HIS	H	H	True	False	False	True	6	0	HNHHNH	HNHHNH	True	True	True	True	True
A0A6A6C2M9	69.0	69.0	True	HIS	H	H	True	False	False	True	77.0	77.0	True	HIS	H	H	True	False	False	True	86.0	86.0	True	HIS	H	H	True	False	False	True	212.0	212.0	True	HIS	H	H	True	False	False	True	216.0	216.0	True	PRO	P	P	True	False	True	True	238.0	238.0	True	HIS	H	H	True	False	False	True	6	0	HHHHPH	HHHHPH	True	True	True	True	True
A0A6A6CAJ8	107.0	107.0	True	HIS	H	H	True	False	False	True	115.0	115.0	True	HIS	H	H	True	False	False	True	124.0	124.0	True	HIS	H	H	True	False	False	True	249.0	249.0	True	HIS	H	H	True	False	False	True	253.0	253.0	True	PRO	P	P	True	False	True	True	275.0	275.0	True	HIS	H	H	True	False	False	True	6	0	HHHHPH	HHHHPH	True	True	True	True	True
A0A6A6CBF1	77.0	77.0	True	HIS	H	H	True	False	False	True	85.0	85.0	True	HIS	H	H	True	False	False	True	94.0	94.0	True	HIS	H	H	True	False	False	True	225.0	225.0	True	HIS	H	H	True	False	False	True	229.0	229.0	True	PRO	P	P	True	False	True	True	251.0	251.0	True	HIS	H	H	True	False	False	True	6	0	HHHHPH	HHHHPH	True	True	True	True	True
A0A6A6D3V8	106.0	106.0	True	ARG	R	R	True	False	True	True	129.0	129.0	True	HIS	H	H	True	False	False	True	138.0	138.0	True	HIS	H	H	True	False	False	True	308.0	308.0	True	HIS	H	H	True	False	False	True	312.0	312.0	True	HIS	H	H	True	False	False	True	337.0	337.0	True	HIS	H	H	True	False	False	True	6	0	RHHHHH	RHHHHH	True	True	True	True	True
A0A6A6H4U9	79.0	79.0	True	HIS	H	H	True	False	False	True	87.0	87.0	True	HIS	H	H	True	False	False	True	96.0	96.0	True	HIS	H	H	True	False	False	True	224.0	223.0	False	GLY	H	G	False	False	True	True	228.0	228.0	True	SER	S	S	True	False	True	True	250.0	250.0	True	HIS	H	H	True	False	False	True	5	0	HHHGSH	HHHHSH	False	False	False	False	False
A0A6A6HHK4	121.0	121.0	True	HIS	H	H	True	False	False	True	129.0	129.0	True	HIS	H	H	True	False	False	True	138.0	138.0	True	HIS	H	H	True	False	False	True	264.0	264.0	True	HIS	H	H	True	False	False	True	268.0	268.0	True	PRO	P	P	True	False	True	True	290.0	290.0	True	HIS	H	H	True	False	False	True	6	0	HHHHPH	HHHHPH	True	True	True	True	True
A0A6A6JAY1	50.0	50.0	True	HIS	H	H	True	False	False	True	58.0	58.0	True	HIS	H	H	True	False	False	True	67.0	67.0	True	HIS	H	H	True	False	False	True	196.0	196.0	True	HIS	H	H	True	False	False	True	200.0	200.0	True	PRO	P	P	True	False	True	True	222.0	222.0	True	HIS	H	H	True	False	False	True	6	0	HHHHPH	HHHHPH	True	True	True	True	True
A0A6A6TSU5		53.0	False	LEU	-	L	False	True	True	True		61.0	False	ALA	-	A	False	True	True	True	70.0	70.0	True	GLN	Q	Q	True	False	True	True	237.0	237.0	True	GLU	E	E	True	False	True	True	241.0	241.0	True	ARG	R	R	True	False	True	True	264.0	264.0	True	ALA	A	A	True	False	True	True	4	2	LAQERA	--QERA	False	False	False	False	False
A0A6A6V9C0	106.0	106.0	True	HIS	H	H	True	False	False	True	130.0	130.0	True	HIS	H	H	True	False	False	True	139.0	139.0	True	HIS	H	H	True	False	False	True	303.0	303.0	True	HIS	H	H	True	False	False	True	307.0	307.0	True	HIS	H	H	True	False	False	True	332.0	332.0	True	HIS	H	H	True	False	False	True	6	0	HHHHHH	HHHHHH	True	True	True	True	True
A0A6A6VF46	82.0	82.0	True	HIS	H	H	True	False	False	True	90.0	90.0	True	HIS	H	H	True	False	False	True	99.0	99.0	True	HIS	H	H	True	False	False	True	228.0	228.0	True	HIS	H	H	True	False	False	True	232.0	232.0	True	PRO	P	P	True	False	True	True	254.0	254.0	True	HIS	H	H	True	False	False	True	6	0	HHHHPH	HHHHPH	True	True	True	True	True
A0A6A6VMY9		93.0	False	LEU	-	L	False	True	True	True	131.0	131.0	True	HIS	H	H	True	False	False	True	140.0	140.0	True	HIS	H	H	True	False	False	True	321.0	321.0	True	HIS	H	H	True	False	False	True	325.0	325.0	True	HIS	H	H	True	False	False	True	349.0	349.0	True	HIS	H	H	True	False	False	True	5	1	LHHHHH	-HHHHH	False	False	False	False	False
A0A6A6VU64	118.0	118.0	True	HIS	H	H	True	False	False	True	126.0	126.0	True	HIS	H	H	True	False	False	True	135.0	135.0	True	HIS	H	H	True	False	False	True	261.0	261.0	True	HIS	H	H	True	False	False	True	265.0	265.0	True	PRO	P	P	True	False	True	True	287.0	287.0	True	HIS	H	H	True	False	False	True	6	0	HHHHPH	HHHHPH	True	True	True	True	True
A0A6A6XLR7	86.0	86.0	True	HIS	H	H	True	False	False	True	94.0		False	---	H	-	False	False	False	False	105.0	105.0	True	ASP	D	D	True	False	True	True	238.0	238.0	True	HIS	H	H	True	False	False	True	242.0	242.0	True	HIS	H	H	True	False	False	True	280.0	280.0	True	HIS	H	H	True	False	False	True	5	0	H-DHHH	HHDHHH	False	False	True	True	False
A0A6A7BLX6	112.0	112.0	True	HIS	H	H	True	False	False	True	121.0	121.0	True	HIS	H	H	True	False	False	True	130.0	130.0	True	HIS	H	H	True	False	False	True	261.0	261.0	True	HIS	H	H	True	False	False	True	265.0	265.0	True	PRO	P	P	True	False	True	True	287.0	287.0	True	HIS	H	H	True	False	False	True	6	0	HHHHPH	HHHHPH	True	True	True	True	True
A0A6G0JRR3		64.0	False	LEU	-	L	False	True	True	True	74.0	74.0	True	HIS	H	H	True	False	False	True	83.0	83.0	True	HIS	H	H	True	False	False	True	197.0	197.0	True	HIS	H	H	True	False	False	True	201.0	201.0	True	HIS	H	H	True	False	False	True	223.0	223.0	True	HIS	H	H	True	False	False	True	5	1	LHHHHH	-HHHHH	False	False	False	False	False
A0A6G0LHA8		29.0	False	ALA	-	A	False	True	True	True		39.0	False	LEU	-	L	False	True	True	True	48.0	48.0	True	ASN	N	N	True	False	True	True	192.0	192.0	True	HIS	H	H	True	False	False	True	196.0	196.0	True	HIS	H	H	True	False	False	True	218.0	218.0	True	HIS	H	H	True	False	False	True	4	2	ALNHHH	--NHHH	False	False	False	False	False
A0A6G0QFF2	29.0	29.0	True	HIS	H	H	True	False	False	True	39.0	39.0	True	HIS	H	H	True	False	False	True	48.0	48.0	True	HIS	H	H	True	False	False	True		184.0	False	GLU	-	E	False	True	True	True	188.0	188.0	True	HIS	H	H	True	False	False	True	210.0	210.0	True	HIS	H	H	True	False	False	True	5	1	HHHEHH	HHH-HH	False	False	False	False	False
A0A6G0S364		29.0	False	ALA	-	A	False	True	True	True		39.0	False	LEU	-	L	False	True	True	True	48.0	48.0	True	ASN	N	N	True	False	True	True	192.0	192.0	True	HIS	H	H	True	False	False	True	196.0	196.0	True	HIS	H	H	True	False	False	True	218.0	218.0	True	HIS	H	H	True	False	False	True	4	2	ALNHHH	--NHHH	False	False	False	False	False
A0A6G0WB52		89.0	False	LEU	-	L	False	True	True	True		99.0	False	TYR	-	Y	False	True	True	True	108.0	108.0	True	ASN	N	N	True	False	True	True	242.0	242.0	True	HIS	H	H	True	False	False	True	246.0	246.0	True	HIS	H	H	True	False	False	True	268.0	268.0	True	HIS	H	H	True	False	False	True	4	2	LYNHHH	--NHHH	False	False	False	False	False
A0A6G0XI62	647.0	647.0	True	HIS	H	H	True	False	False	True	657.0	657.0	True	TYR	Y	Y	True	False	True	True	666.0	666.0	True	HIS	H	H	True	False	False	True	788.0	788.0	True	ASP	D	D	True	False	True	True	792.0	792.0	True	ARG	R	R	True	False	True	True	815.0	815.0	True	PHE	F	F	True	False	True	True	6	0	HYHDRF	HYHDRF	True	True	True	True	True
A0A6G1IEP5	18.0	18.0	True	HIS	H	H	True	False	False	True	26.0	26.0	True	HIS	H	H	True	False	False	True	35.0	35.0	True	HIS	H	H	True	False	False	True	165.0	165.0	True	HIS	H	H	True	False	False	True	169.0	169.0	True	PRO	P	P	True	False	True	True	191.0	191.0	True	HIS	H	H	True	False	False	True	6	0	HHHHPH	HHHHPH	True	True	True	True	True
A0A6G1KGG9		71.0	False	HIS	-	H	False	True	False	True		79.0	False	LEU	-	L	False	True	True	True	88.0	88.0	True	ASN	N	N	True	False	True	True	265.0	265.0	True	ALA	A	A	True	False	True	True	269.0	269.0	True	ARG	R	R	True	False	True	True	292.0	292.0	True	GLN	Q	Q	True	False	True	True	4	2	HLNARQ	--NARQ	False	False	False	False	False
A0A6H0Y3Z6	607.0	607.0	True	HIS	H	H	True	False	False	True	615.0	615.0	True	HIS	H	H	True	False	False	True	624.0	624.0	True	HIS	H	H	True	False	False	True	755.0	755.0	True	HIS	H	H	True	False	False	True	759.0	759.0	True	PRO	P	P	True	False	True	True	781.0	781.0	True	HIS	H	H	True	False	False	True	6	0	HHHHPH	HHHHPH	True	True	True	True	True
A0A6I3X362		116.0	False	HIS	-	H	False	True	False	True		151.0	False	SER	-	S	False	True	True	True	164.0	164.0	True	HIS	H	H	True	False	False	True	266.0	266.0	True	HIS	H	H	True	False	False	True	270.0	270.0	True	HIS	H	H	True	False	False	True	295.0	295.0	True	HIS	H	H	True	False	False	True	4	2	HSHHHH	--HHHH	False	False	False	False	False
A0A6J1BLU4	114.0	114.0	True	HIS	H	H	True	False	False	True	134.0	134.0	True	HIS	H	H	True	False	False	True	143.0	143.0	True	GLN	Q	Q	True	False	True	True	264.0	264.0	True	HIS	H	H	True	False	False	True	268.0	268.0	True	HIS	H	H	True	False	False	True	298.0	298.0	True	HIS	H	H	True	False	False	True	6	0	HHQHHH	HHQHHH	True	True	True	True	True
A0A6J8AZI7	315.0	315.0	True	HIS	H	H	True	False	False	True	324.0	324.0	True	TYR	Y	Y	True	False	True	True	333.0	333.0	True	GLN	Q	Q	True	False	True	True	439.0	439.0	True	ALA	A	A	True	False	True	True	443.0	443.0	True	HIS	H	H	True	False	False	True	466.0	466.0	True	HIS	H	H	True	False	False	True	6	0	HYQAHH	HYQAHH	True	True	True	True	True
A0A6J8CJF7		153.0	False	ASN	-	N	False	True	True	True	161.0	161.0	True	TYR	Y	Y	True	False	True	True	170.0	170.0	True	HIS	H	H	True	False	False	True	276.0	276.0	True	SER	S	S	True	False	True	True	280.0	280.0	True	HIS	H	H	True	False	False	True	303.0	303.0	True	TYR	Y	Y	True	False	True	True	5	1	NYHSHY	-YHSHY	False	False	False	False	False
A0A6J8CNM0	55.0	55.0	True	HIS	H	H	True	False	False	True	64.0	64.0	True	HIS	H	H	True	False	False	True	73.0	73.0	True	HIS	H	H	True	False	False	True	183.0	183.0	True	HIS	H	H	True	False	False	True	187.0	187.0	True	HIS	H	H	True	False	False	True		210.0	False	THR	-	T	False	True	True	True	5	1	HHHHHT	HHHHH-	False	False	False	False	False
A0A6J8CZL5	157.0	157.0	True	HIS	H	H	True	False	False	True	166.0	166.0	True	HIS	H	H	True	False	False	True	175.0	175.0	True	ASN	N	N	True	False	True	True	285.0	285.0	True	GLN	Q	Q	True	False	True	True	289.0	289.0	True	ASN	N	N	True	False	True	True	315.0	315.0	True	LEU	L	L	True	False	True	True	6	0	HHNQNL	HHNQNL	True	True	True	True	True
A0A6J8EAN0	196.0	196.0	True	HIS	H	H	True	False	False	True	205.0	205.0	True	GLN	Q	Q	True	False	True	True	214.0	214.0	True	TYR	Y	Y	True	False	True	True	323.0	323.0	True	HIS	H	H	True	False	False	True	327.0	327.0	True	HIS	H	H	True	False	False	True	350.0	350.0	True	HIS	H	H	True	False	False	True	6	0	HQYHHH	HQYHHH	True	True	True	True	True
A0A6P4ZCR3	181.0	181.0	True	GLN	Q	Q	True	False	True	True	202.0	202.0	True	HIS	H	H	True	False	False	True	211.0	211.0	True	ASN	N	N	True	False	True	True	357.0	357.0	True	ASN	N	N	True	False	True	True	361.0	361.0	True	HIS	H	H	True	False	False	True	387.0	387.0	True	SER	S	S	True	False	True	True	6	0	QHNNHS	QHNNHS	True	True	True	True	True
A0A6P8I208		327.0	False	TYR	-	Y	False	True	True	True	336.0	336.0	True	HIS	H	H	True	False	False	True	345.0	345.0	True	HIS	H	H	True	False	False	True	464.0	464.0	True	HIS	H	H	True	False	False	True	468.0	468.0	True	THR	T	T	True	False	True	True	490.0	490.0	True	ALA	A	A	True	False	True	True	5	1	YHHHTA	-HHHTA	False	False	False	False	False
A0A6V7V3D6	129.0	129.0	True	HIS	H	H	True	False	False	True	139.0	139.0	True	HIS	H	H	True	False	False	True	148.0	148.0	True	HIS	H	H	True	False	False	True			False	---	-	-	False	True	False	False		12.0	False	ILE	-	I	False	True	True	True		6.0	False	PHE	-	F	False	True	True	True	3	3	HHH-IF	HHH---	False	False	False	False	False
A0A6V7WY80	167.0	167.0	True	HIS	H	H	True	False	False	True	177.0	54.0	False	TRP	H	W	False	False	True	True	186.0	186.0	True	HIS	H	H	True	False	False	True	309.0	309.0	True	HIS	H	H	True	False	False	True	313.0	313.0	True	HIS	H	H	True	False	False	True		336.0	False	ARG	-	R	False	True	True	True	4	1	HWHHHR	HHHHH-	False	False	False	False	False
A0A7C8I7T2	74.0	74.0	True	HIS	H	H	True	False	False	True	82.0	82.0	True	HIS	H	H	True	False	False	True	91.0	91.0	True	HIS	H	H	True	False	False	True	220.0	219.0	False	ALA	H	A	False	False	True	True	224.0	223.0	False	MET	R	M	False	False	True	True	246.0	246.0	True	HIS	H	H	True	False	False	True	4	0	HHHAMH	HHHHRH	False	False	False	False	False
A0A7C8IE08	99.0	99.0	True	HIS	H	H	True	False	False	True	123.0	123.0	True	HIS	H	H	True	False	False	True	132.0	132.0	True	HIS	H	H	True	False	False	True	299.0	299.0	True	HIS	H	H	True	False	False	True	303.0	303.0	True	HIS	H	H	True	False	False	True	338.0	338.0	True	HIS	H	H	True	False	False	True	6	0	HHHHHH	HHHHHH	True	True	True	True	True
A0A7C8MC86	129.0	129.0	True	HIS	H	H	True	False	False	True	137.0	137.0	True	HIS	H	H	True	False	False	True	146.0	146.0	True	HIS	H	H	True	False	False	True	276.0	276.0	True	HIS	H	H	True	False	False	True	280.0	280.0	True	PRO	P	P	True	False	True	True	302.0	302.0	True	HIS	H	H	True	False	False	True	6	0	HHHHPH	HHHHPH	True	True	True	True	True
A0A7C8UE72			False	---	-	-	False	True	False	False			False	---	-	-	False	True	False	False		237.0	False	LEU	-	L	False	True	True	True	356.0		False	---	H	-	False	False	False	False	360.0		False	---	H	-	False	False	False	False	385.0	383.0	False	LEU	H	L	False	False	True	True	0	3	--L--L	---HHH	False	False	False	False	False
A0A7C9LY48		100.0	False	HIS	-	H	False	True	False	True	140.0	136.0	False	SER	Q	S	False	False	True	True	149.0	149.0	True	HIS	H	H	True	False	False	True	255.0	255.0	True	HIS	H	H	True	False	False	True	259.0	259.0	True	HIS	H	H	True	False	False	True	284.0	284.0	True	HIS	H	H	True	False	False	True	4	1	HSHHHH	-QHHHH	False	False	False	False	False
A0A7C9M494		83.0	False	HIS	-	H	False	True	False	True	123.0	119.0	False	SER	Q	S	False	False	True	True	132.0	132.0	True	HIS	H	H	True	False	False	True	238.0	238.0	True	HIS	H	H	True	False	False	True	242.0	242.0	True	HIS	H	H	True	False	False	True	267.0	267.0	True	HIS	H	H	True	False	False	True	4	1	HSHHHH	-QHHHH	False	False	False	False	False
A0A7D5Z0B1	64.0	64.0	True	HIS	H	H	True	False	False	True	72.0	72.0	True	HIS	H	H	True	False	False	True	81.0	81.0	True	HIS	H	H	True	False	False	True	216.0	216.0	True	HIS	H	H	True	False	False	True	220.0	220.0	True	PRO	P	P	True	False	True	True	242.0	242.0	True	HIS	H	H	True	False	False	True	6	0	HHHHPH	HHHHPH	True	True	True	True	True
A0A7E6EGY5		431.0	False	SER	-	S	False	True	True	True	451.0	451.0	True	HIS	H	H	True	False	False	True	460.0	460.0	True	ASN	N	N	True	False	True	True	571.0	571.0	True	GLN	Q	Q	True	False	True	True	575.0	575.0	True	TYR	Y	Y	True	False	True	True	599.0	599.0	True	SER	S	S	True	False	True	True	5	1	SHNQYS	-HNQYS	False	False	False	False	False
A0A7H8RBQ9	115.0	115.0	True	HIS	H	H	True	False	False	True	124.0	124.0	True	ARG	R	R	True	False	True	True	133.0	133.0	True	HIS	H	H	True	False	False	True	259.0	263.0	False	HIS	E	H	False	False	False	True	263.0	267.0	False	PRO	H	P	False	False	True	True	279.0	279.0	True	HIS	H	H	True	False	False	True	4	0	HRHHPH	HRHEHH	False	False	False	False	False
A0A7J6IXY4	138.0	138.0	True	HIS	H	H	True	False	False	True	146.0	146.0	True	HIS	H	H	True	False	False	True	155.0	155.0	True	HIS	H	H	True	False	False	True	292.0	292.0	True	HIS	H	H	True	False	False	True	296.0	296.0	True	PRO	P	P	True	False	True	True	318.0	318.0	True	HIS	H	H	True	False	False	True	6	0	HHHHPH	HHHHPH	True	True	True	True	True
A0A7J6J5I0	49.0	49.0	True	HIS	H	H	True	False	False	True	57.0	57.0	True	HIS	H	H	True	False	False	True	66.0	66.0	True	HIS	H	H	True	False	False	True	234.0	234.0	True	HIS	H	H	True	False	False	True	238.0	238.0	True	HIS	H	H	True	False	False	True	262.0	262.0	True	GLN	Q	Q	True	False	True	True	6	0	HHHHHQ	HHHHHQ	True	True	True	True	True
A0A7J6UTM6	175.0	175.0	True	HIS	H	H	True	False	False	True	196.0	196.0	True	HIS	H	H	True	False	False	True	205.0	205.0	True	HIS	H	H	True	False	False	True	328.0	328.0	True	TYR	Y	Y	True	False	True	True	332.0	332.0	True	HIS	H	H	True	False	False	True	362.0	362.0	True	HIS	H	H	True	False	False	True	6	0	HHHYHH	HHHYHH	True	True	True	True	True
A0A7J7J2C8		413.0	False	TYR	-	Y	False	True	True	True	421.0	421.0	True	HIS	H	H	True	False	False	True	431.0	431.0	True	HIS	H	H	True	False	False	True	540.0	540.0	True	SER	S	S	True	False	True	True	544.0	544.0	True	ARG	R	R	True	False	True	True	566.0	566.0	True	PHE	F	F	True	False	True	True	5	1	YHHSRF	-HHSRF	False	False	False	False	False
A0A7K7RZM1	191.0	191.0	True	HIS	H	H	True	False	False	True	213.0	213.0	True	HIS	H	H	True	False	False	True	222.0	222.0	True	HIS	H	H	True	False	False	True	371.0	371.0	True	HIS	H	H	True	False	False	True	375.0	375.0	True	PRO	P	P	True	False	True	True	398.0	398.0	True	HIS	H	H	True	False	False	True	6	0	HHHHPH	HHHHPH	True	True	True	True	True
A0A7M5V4K9	44.0	44.0	True	ASN	N	N	True	False	True	True	68.0	68.0	True	HIS	H	H	True	False	False	True	77.0	77.0	True	TYR	Y	Y	True	False	True	True	256.0	255.0	False	SER	I	S	False	False	True	True	260.0	259.0	False	LEU	H	L	False	False	True	True	300.0	300.0	True	MET	M	M	True	False	True	True	4	0	NHYSLM	NHYIHM	False	False	False	False	False
A0A7M5WXX0	165.0	165.0	True	ASN	N	N	True	False	True	True	191.0	191.0	True	HIS	H	H	True	False	False	True	200.0	200.0	True	TYR	Y	Y	True	False	True	True	375.0	377.0	False	SER	H	S	False	False	True	True	382.0	381.0	False	LEU	H	L	False	False	True	True	421.0	421.0	True	MET	M	M	True	False	True	True	4	0	NHYSLM	NHYHHM	False	False	False	False	False
A0A7M5XIS8	59.0	59.0	True	ASN	N	N	True	False	True	True	83.0	83.0	True	HIS	H	H	True	False	False	True	92.0	92.0	True	TYR	Y	Y	True	False	True	True		264.0	False	SER	-	S	False	True	True	True	268.0	268.0	True	LEU	L	L	True	False	True	True	303.0	303.0	True	MET	M	M	True	False	True	True	5	1	NHYSLM	NHY-LM	False	False	False	False	False
A0A7M6DQE2		77.0	False	ASN	-	N	False	True	True	True	101.0	101.0	True	HIS	H	H	True	False	False	True	110.0	110.0	True	TYR	Y	Y	True	False	True	True	281.0	281.0	True	SER	S	S	True	False	True	True	285.0	285.0	True	LEU	L	L	True	False	True	True	321.0	321.0	True	MET	M	M	True	False	True	True	5	1	NHYSLM	-HYSLM	False	False	False	False	False
A0A7N6AMA0	180.0	180.0	True	HIS	H	H	True	False	False	True	203.0	203.0	True	HIS	H	H	True	False	False	True	212.0	212.0	True	HIS	H	H	True	False	False	True	356.0	349.0	False	ILE	H	I	False	False	True	True	360.0	352.0	False	THR	T	T	True	False	True	True	385.0	385.0	True	HIS	H	H	True	False	False	True	5	0	HHHITH	HHHHTH	False	False	False	False	False
A0A7R8ARR0	110.0	110.0	True	HIS	H	H	True	False	False	True	118.0	118.0	True	HIS	H	H	True	False	False	True	127.0	127.0	True	HIS	H	H	True	False	False	True	260.0	260.0	True	HIS	H	H	True	False	False	True	264.0	264.0	True	PRO	P	P	True	False	True	True	286.0	286.0	True	HIS	H	H	True	False	False	True	6	0	HHHHPH	HHHHPH	True	True	True	True	True
A0A7R9UNI4			False	---	-	-	False	True	False	False	84.0		False	---	T	-	False	False	False	False	93.0	97.0	False	LEU	S	L	False	False	True	True	293.0		False	---	A	-	False	False	False	False	297.0		False	---	H	-	False	False	False	False	327.0	326.0	False	HIS	L	H	False	False	False	True	0	1	--L--H	-TSAHL	False	False	False	False	False
A0A7S0FYS9		248.0	False	TYR	-	Y	False	True	True	True	255.0		False	---	A	-	False	False	False	False	264.0	264.0	True	HIS	H	H	True	False	False	True	397.0	397.0	True	HIS	H	H	True	False	False	True	401.0	401.0	True	HIS	H	H	True	False	False	True	425.0	425.0	True	GLU	E	E	True	False	True	True	4	1	Y-HHHE	-AHHHE	False	False	False	False	False
A0A7S1T762	117.0	117.0	True	HIS	H	H	True	False	False	True	125.0	125.0	True	HIS	H	H	True	False	False	True	134.0	134.0	True	HIS	H	H	True	False	False	True	241.0	241.0	True	HIS	H	H	True	False	False	True	245.0	245.0	True	HIS	H	H	True	False	False	True	280.0	280.0	True	GLN	Q	Q	True	False	True	True	6	0	HHHHHQ	HHHHHQ	True	True	True	True	True
A0A7S1T768	101.0	101.0	True	HIS	H	H	True	False	False	True	109.0	109.0	True	HIS	H	H	True	False	False	True	118.0	118.0	True	HIS	H	H	True	False	False	True	225.0	225.0	True	HIS	H	H	True	False	False	True	229.0	229.0	True	HIS	H	H	True	False	False	True	264.0	264.0	True	GLN	Q	Q	True	False	True	True	6	0	HHHHHQ	HHHHHQ	True	True	True	True	True
A0A7S2D0S4		77.0	False	TYR	-	Y	False	True	True	True	90.0	90.0	True	SER	S	S	True	False	True	True	99.0	99.0	True	HIS	H	H	True	False	False	True	349.0	252.0	False	SER	H	S	False	False	True	True	353.0	256.0	False	SER	H	S	False	False	True	True	399.0	399.0	True	HIS	H	H	True	False	False	True	3	1	YSHSSH	-SHHHH	False	False	False	False	False
A0A7S2EUW0	276.0	276.0	True	HIS	H	H	True	False	False	True	285.0	285.0	True	HIS	H	H	True	False	False	True	294.0	294.0	True	ASN	N	N	True	False	True	True	427.0	427.0	True	HIS	H	H	True	False	False	True	431.0	431.0	True	HIS	H	H	True	False	False	True	454.0	454.0	True	HIS	H	H	True	False	False	True	6	0	HHNHHH	HHNHHH	True	True	True	True	True
A0A7S2JHL4		567.0	False	PHE	-	F	False	True	True	True			False	---	-	-	False	True	False	False	587.0	587.0	True	TYR	Y	Y	True	False	True	True		725.0	False	ARG	-	R	False	True	True	True	731.0	729.0	False	LEU	G	L	False	False	True	True	756.0	756.0	True	TYR	Y	Y	True	False	True	True	2	3	F-YRLY	--Y-GY	False	False	False	False	False
A0A7S2JHQ4		590.0	False	PHE	-	F	False	True	True	True			False	---	-	-	False	True	False	False	610.0	610.0	True	TYR	Y	Y	True	False	True	True		748.0	False	ARG	-	R	False	True	True	True	754.0	752.0	False	LEU	G	L	False	False	True	True	779.0	779.0	True	TYR	Y	Y	True	False	True	True	2	3	F-YRLY	--Y-GY	False	False	False	False	False
A0A7S3EYR7	245.0	245.0	True	HIS	H	H	True	False	False	True	259.0	259.0	True	HIS	H	H	True	False	False	True	268.0	268.0	True	HIS	H	H	True	False	False	True	414.0	414.0	True	HIS	H	H	True	False	False	True	418.0	418.0	True	HIS	H	H	True	False	False	True	440.0	440.0	True	HIS	H	H	True	False	False	True	6	0	HHHHHH	HHHHHH	True	True	True	True	True
A0A7S4QPD7		195.0	False	HIS	-	H	False	True	False	True	280.0	280.0	True	TYR	Y	Y	True	False	True	True	289.0	289.0	True	HIS	H	H	True	False	False	True	458.0	458.0	True	HIS	H	H	True	False	False	True	462.0	462.0	True	HIS	H	H	True	False	False	True	487.0	487.0	True	HIS	H	H	True	False	False	True	5	1	HYHHHH	-YHHHH	False	False	False	True	False
A0A7S4QRZ1		195.0	False	HIS	-	H	False	True	False	True	280.0	280.0	True	TYR	Y	Y	True	False	True	True	289.0	289.0	True	HIS	H	H	True	False	False	True	458.0	458.0	True	HIS	H	H	True	False	False	True	462.0	462.0	True	HIS	H	H	True	False	False	True	487.0	487.0	True	HIS	H	H	True	False	False	True	5	1	HYHHHH	-YHHHH	False	False	False	True	False
A0A7W5H8K5		80.0	False	HIS	-	H	False	True	False	True		113.0	False	SER	-	S	False	True	True	True	126.0	126.0	True	HIS	H	H	True	False	False	True	228.0	228.0	True	HIS	H	H	True	False	False	True	232.0	232.0	True	HIS	H	H	True	False	False	True	257.0	257.0	True	HIS	H	H	True	False	False	True	4	2	HSHHHH	--HHHH	False	False	False	False	False
A0A7W8KIV5	49.0	49.0	True	HIS	H	H	True	False	False	True	60.0	60.0	True	HIS	H	H	True	False	False	True	69.0	69.0	True	HIS	H	H	True	False	False	True	172.0	172.0	True	HIS	H	H	True	False	False	True	176.0	176.0	True	HIS	H	H	True	False	False	True	199.0	199.0	True	HIS	H	H	True	False	False	True	6	0	HHHHHH	HHHHHH	True	True	True	True	True
A0A7X5ASN3	62.0	62.0	True	HIS	H	H	True	False	False	True	71.0		False	---	D	-	False	False	False	False	80.0	80.0	True	HIS	H	H	True	False	False	True	207.0	207.0	True	HIS	H	H	True	False	False	True	211.0	211.0	True	HIS	H	H	True	False	False	True	245.0	245.0	True	HIS	H	H	True	False	False	True	5	0	H-HHHH	HDHHHH	False	False	True	True	False
A0A7Y7WSX0	79.0	79.0	True	HIS	H	H	True	False	False	True	116.0	115.0	False	PRO	H	P	False	False	True	True	128.0	128.0	True	HIS	H	H	True	False	False	True	231.0	231.0	True	HIS	H	H	True	False	False	True	235.0	235.0	True	HIS	H	H	True	False	False	True	260.0	260.0	True	HIS	H	H	True	False	False	True	5	0	HPHHHH	HHHHHH	False	False	False	False	False
A0A7Y7X987	79.0	79.0	True	HIS	H	H	True	False	False	True	116.0	115.0	False	PRO	H	P	False	False	True	True	128.0	128.0	True	HIS	H	H	True	False	False	True	231.0	231.0	True	HIS	H	H	True	False	False	True	235.0	235.0	True	HIS	H	H	True	False	False	True	260.0	260.0	True	HIS	H	H	True	False	False	True	5	0	HPHHHH	HHHHHH	False	False	False	False	False
A0A7Y8BLA6	79.0	79.0	True	HIS	H	H	True	False	False	True	119.0	115.0	False	PRO	H	P	False	False	True	True	130.0	130.0	True	HIS	H	H	True	False	False	True	236.0	236.0	True	HIS	H	H	True	False	False	True	240.0	240.0	True	HIS	H	H	True	False	False	True	265.0	265.0	True	HIS	H	H	True	False	False	True	5	0	HPHHHH	HHHHHH	False	False	False	False	False
A0A812BCK9	144.0	144.0	True	HIS	H	H	True	False	False	True	153.0	153.0	True	PHE	F	F	True	False	True	True	162.0	162.0	True	ASN	N	N	True	False	True	True	272.0	272.0	True	MET	M	M	True	False	True	True	276.0	276.0	True	LEU	L	L	True	False	True	True	299.0	299.0	True	SER	S	S	True	False	True	True	6	0	HFNMLS	HFNMLS	True	True	True	True	True
A0A812PC05		151.0	False	ASN	-	N	False	True	True	True	156.0		False	---	N	-	False	False	False	False	165.0	165.0	True	HIS	H	H	True	False	False	True	293.0	293.0	True	VAL	V	V	True	False	True	True	297.0	297.0	True	HIS	H	H	True	False	False	True	320.0	320.0	True	LEU	L	L	True	False	True	True	4	1	N-HVHL	-NHVHL	False	False	False	False	False
A0A812V664		99.0	False	ASN	-	N	False	True	True	True	104.0	103.0	False	HIS	N	H	False	False	False	True	113.0	113.0	True	HIS	H	H	True	False	False	True	241.0	241.0	True	VAL	V	V	True	False	True	True	245.0	245.0	True	HIS	H	H	True	False	False	True	268.0	268.0	True	PHE	F	F	True	False	True	True	4	1	NHHVHF	-NHVHF	False	False	False	False	False
A0A812XIJ6		113.0	False	ASN	-	N	False	True	True	True	118.0		False	---	K	-	False	False	False	False	127.0	127.0	True	HIS	H	H	True	False	False	True	255.0	255.0	True	ILE	I	I	True	False	True	True	259.0	259.0	True	HIS	H	H	True	False	False	True	282.0	282.0	True	PHE	F	F	True	False	True	True	4	1	N-HIHF	-KHIHF	False	False	False	False	False
A0A833WLV2		59.0	False	TYR	-	Y	False	True	True	True		69.0	False	VAL	-	V	False	True	True	True	78.0	78.0	True	TYR	Y	Y	True	False	True	True	230.0	230.0	True	GLN	Q	Q	True	False	True	True	234.0	234.0	True	HIS	H	H	True	False	False	True	256.0	256.0	True	TYR	Y	Y	True	False	True	True	4	2	YVYQHY	--YQHY	False	False	False	False	False
A0A858R6E5	57.0	57.0	True	HIS	H	H	True	False	False	True	101.0	96.0	False	SER	Q	S	False	False	True	True	110.0	110.0	True	HIS	H	H	True	False	False	True	226.0	226.0	True	HIS	H	H	True	False	False	True	230.0	230.0	True	HIS	H	H	True	False	False	True	255.0	255.0	True	HIS	H	H	True	False	False	True	5	0	HSHHHH	HQHHHH	False	False	False	False	False
A0A8A3PKD0	88.0	88.0	True	HIS	H	H	True	False	False	True	109.0	109.0	True	PHE	F	F	True	False	True	True	118.0	118.0	True	HIS	H	H	True	False	False	True	280.0	280.0	True	HIS	H	H	True	False	False	True	284.0	284.0	True	HIS	H	H	True	False	False	True	310.0	310.0	True	HIS	H	H	True	False	False	True	6	0	HFHHHH	HFHHHH	True	True	True	True	True
A0A8B6E8R8		157.0	False	ASN	-	N	False	True	True	True	165.0	166.0	False	VAL	Y	V	False	False	True	True	174.0	174.0	True	HIS	H	H	True	False	False	True	280.0	280.0	True	SER	S	S	True	False	True	True	284.0	284.0	True	HIS	H	H	True	False	False	True	307.0	307.0	True	TYR	Y	Y	True	False	True	True	4	1	NVHSHY	-YHSHY	False	False	False	False	False
A0A8B6FI79	142.0	142.0	True	HIS	H	H	True	False	False	True	151.0	151.0	True	GLN	Q	Q	True	False	True	True	160.0	160.0	True	TYR	Y	Y	True	False	True	True	269.0	269.0	True	HIS	H	H	True	False	False	True	273.0	273.0	True	HIS	H	H	True	False	False	True	296.0	296.0	True	HIS	H	H	True	False	False	True	6	0	HQYHHH	HQYHHH	True	True	True	True	True
A0A8B8D4J3	146.0	146.0	True	HIS	H	H	True	False	False	True	155.0	155.0	True	ARG	R	R	True	False	True	True	164.0	164.0	True	ASN	N	N	True	False	True	True	279.0	279.0	True	ASN	N	N	True	False	True	True	283.0	283.0	True	HIS	H	H	True	False	False	True	306.0	306.0	True	TYR	Y	Y	True	False	True	True	6	0	HRNNHY	HRNNHY	True	True	True	True	True
A0A8B9AG70	173.0	172.0	False	MET	H	M	False	False	True	True	193.0	193.0	True	GLN	Q	Q	True	False	True	True	202.0	202.0	True	TYR	Y	Y	True	False	True	True	314.0	314.0	True	HIS	H	H	True	False	False	True	318.0	318.0	True	THR	T	T	True	False	True	True	338.0	338.0	True	HIS	H	H	True	False	False	True	5	0	MQYHTH	HQYHTH	False	False	False	False	False
A0A8B9GJT5	104.0	104.0	True	HIS	H	H	True	False	False	True	123.0	126.0	False	PHE	L	F	False	False	True	True	132.0	132.0	True	HIS	H	H	True	False	False	True	281.0	281.0	True	HIS	H	H	True	False	False	True	285.0	285.0	True	HIS	H	H	True	False	False	True	308.0	308.0	True	HIS	H	H	True	False	False	True	5	0	HFHHHH	HLHHHH	False	False	False	False	False
A0A8C0NCZ3	220.0	220.0	True	HIS	H	H	True	False	False	True	242.0	242.0	True	HIS	H	H	True	False	False	True	251.0	251.0	True	HIS	H	H	True	False	False	True	400.0	400.0	True	HIS	H	H	True	False	False	True	404.0	404.0	True	HIS	H	H	True	False	False	True	427.0	427.0	True	HIS	H	H	True	False	False	True	6	0	HHHHHH	HHHHHH	True	True	True	True	True
A0A8H2VQV0	128.0	128.0	True	HIS	H	H	True	False	False	True	136.0	136.0	True	HIS	H	H	True	False	False	True	145.0	145.0	True	HIS	H	H	True	False	False	True	274.0	274.0	True	HIS	H	H	True	False	False	True	278.0	278.0	True	PRO	P	P	True	False	True	True	300.0	300.0	True	HIS	H	H	True	False	False	True	6	0	HHHHPH	HHHHPH	True	True	True	True	True
A0A8H2X9J9	88.0	88.0	True	HIS	H	H	True	False	False	True	96.0	96.0	True	HIS	H	H	True	False	False	True	105.0	105.0	True	HIS	H	H	True	False	False	True	252.0	252.0	True	HIS	H	H	True	False	False	True	256.0	256.0	True	HIS	H	H	True	False	False	True		278.0	False	LEU	-	L	False	True	True	True	5	1	HHHHHL	HHHHH-	False	False	False	False	False
A0A8H2XQY6	119.0	119.0	True	HIS	H	H	True	False	False	True	127.0	127.0	True	GLN	Q	Q	True	False	True	True	136.0	136.0	True	HIS	H	H	True	False	False	True	275.0	275.0	True	ARG	R	R	True	False	True	True	279.0	279.0	True	GLN	Q	Q	True	False	True	True	302.0	302.0	True	HIS	H	H	True	False	False	True	6	0	HQHRQH	HQHRQH	True	True	True	True	True
A0A8H3ANG7	171.0	171.0	True	HIS	H	H	True	False	False	True	179.0	179.0	True	GLN	Q	Q	True	False	True	True	188.0	188.0	True	HIS	H	H	True	False	False	True	327.0	327.0	True	ARG	R	R	True	False	True	True	331.0	331.0	True	GLN	Q	Q	True	False	True	True	354.0	354.0	True	HIS	H	H	True	False	False	True	6	0	HQHRQH	HQHRQH	True	True	True	True	True
A0A8H3BNH7	119.0	119.0	True	HIS	H	H	True	False	False	True	127.0	127.0	True	GLN	Q	Q	True	False	True	True	136.0	136.0	True	HIS	H	H	True	False	False	True	275.0	275.0	True	ARG	R	R	True	False	True	True	279.0	279.0	True	GLN	Q	Q	True	False	True	True	302.0	302.0	True	HIS	H	H	True	False	False	True	6	0	HQHRQH	HQHRQH	True	True	True	True	True
A0A8H3CDA8	137.0	137.0	True	HIS	H	H	True	False	False	True	145.0	145.0	True	GLN	Q	Q	True	False	True	True	154.0	154.0	True	HIS	H	H	True	False	False	True	293.0	293.0	True	ARG	R	R	True	False	True	True	297.0	297.0	True	GLN	Q	Q	True	False	True	True	320.0	320.0	True	HIS	H	H	True	False	False	True	6	0	HQHRQH	HQHRQH	True	True	True	True	True
A0A8H3CUW5	61.0	61.0	True	HIS	H	H	True	False	False	True	89.0	89.0	True	HIS	H	H	True	False	False	True	98.0	98.0	True	HIS	H	H	True	False	False	True	326.0	326.0	True	HIS	H	H	True	False	False	True	330.0	330.0	True	HIS	H	H	True	False	False	True	355.0	355.0	True	HIS	H	H	True	False	False	True	6	0	HHHHHH	HHHHHH	True	True	True	True	True
A0A8H3CZ20		72.0	False	TYR	-	Y	False	True	True	True	80.0	80.0	True	HIS	H	H	True	False	False	True	89.0	89.0	True	HIS	H	H	True	False	False	True	233.0	233.0	True	HIS	H	H	True	False	False	True	237.0	237.0	True	LEU	L	L	True	False	True	True	259.0	259.0	True	ILE	I	I	True	False	True	True	5	1	YHHHLI	-HHHLI	False	False	False	False	False
A0A8H3DH08	61.0	57.0	False	GLN	H	Q	False	False	True	True	89.0		False	---	H	-	False	False	False	False	98.0	102.0	False	LEU	H	L	False	False	True	True	326.0	326.0	True	HIS	H	H	True	False	False	True	330.0		False	---	H	-	False	False	False	False	355.0	353.0	False	LEU	H	L	False	False	True	True	1	0	Q-LH-L	HHHHHH	False	False	False	False	False
A0A8H3DKS2	62.0	62.0	True	HIS	H	H	True	False	False	True	109.0	110.0	False	VAL	L	V	False	False	True	True	118.0	118.0	True	HIS	H	H	True	False	False	True	357.0	357.0	True	HIS	H	H	True	False	False	True	361.0	361.0	True	HIS	H	H	True	False	False	True	386.0	386.0	True	HIS	H	H	True	False	False	True	5	0	HVHHHH	HLHHHH	False	False	False	False	False
A0A8H3DR34	119.0	119.0	True	HIS	H	H	True	False	False	True	127.0	127.0	True	GLN	Q	Q	True	False	True	True	136.0	136.0	True	HIS	H	H	True	False	False	True	275.0	275.0	True	ARG	R	R	True	False	True	True	279.0	279.0	True	GLN	Q	Q	True	False	True	True	302.0	302.0	True	HIS	H	H	True	False	False	True	6	0	HQHRQH	HQHRQH	True	True	True	True	True
A0A8H3FNM0	137.0	137.0	True	HIS	H	H	True	False	False	True	145.0	145.0	True	HIS	H	H	True	False	False	True	154.0	154.0	True	HIS	H	H	True	False	False	True	280.0	279.0	False	ALA	H	A	False	False	True	True	284.0	283.0	False	LEU	S	L	False	False	True	True	306.0	306.0	True	HIS	H	H	True	False	False	True	4	0	HHHALH	HHHHSH	False	False	False	False	False
A0A8H3FR24	80.0	80.0	True	HIS	H	H	True	False	False	True	105.0	105.0	True	HIS	H	H	True	False	False	True	114.0	114.0	True	HIS	H	H	True	False	False	True	306.0	306.0	True	HIS	H	H	True	False	False	True	310.0	310.0	True	HIS	H	H	True	False	False	True	339.0	339.0	True	HIS	H	H	True	False	False	True	6	0	HHHHHH	HHHHHH	True	True	True	True	True
A0A8H3GJI1	119.0	119.0	True	HIS	H	H	True	False	False	True	127.0	127.0	True	GLN	Q	Q	True	False	True	True	136.0	136.0	True	HIS	H	H	True	False	False	True	275.0	275.0	True	ARG	R	R	True	False	True	True	279.0	279.0	True	GLN	Q	Q	True	False	True	True	302.0	302.0	True	HIS	H	H	True	False	False	True	6	0	HQHRQH	HQHRQH	True	True	True	True	True
A0A8H3HGU7	137.0	137.0	True	HIS	H	H	True	False	False	True	164.0		False	---	Q	-	False	False	False	False	173.0	173.0	True	HIS	H	H	True	False	False	True	312.0	312.0	True	ARG	R	R	True	False	True	True	316.0	316.0	True	GLN	Q	Q	True	False	True	True	339.0	339.0	True	HIS	H	H	True	False	False	True	5	0	H-HRQH	HQHRQH	False	False	True	True	False
A0A8H3I335	141.0	141.0	True	HIS	H	H	True	False	False	True	149.0	149.0	True	HIS	H	H	True	False	False	True	158.0	158.0	True	HIS	H	H	True	False	False	True	286.0	286.0	True	HIS	H	H	True	False	False	True	290.0	290.0	True	PRO	P	P	True	False	True	True	312.0	312.0	True	HIS	H	H	True	False	False	True	6	0	HHHHPH	HHHHPH	True	True	True	True	True
A0A8H3IAU0	125.0	125.0	True	HIS	H	H	True	False	False	True	133.0	133.0	True	HIS	H	H	True	False	False	True	142.0	142.0	True	HIS	H	H	True	False	False	True	269.0	269.0	True	HIS	H	H	True	False	False	True	273.0	273.0	True	PRO	P	P	True	False	True	True	295.0	295.0	True	HIS	H	H	True	False	False	True	6	0	HHHHPH	HHHHPH	True	True	True	True	True
A0A8H3IDD5	126.0	126.0	True	HIS	H	H	True	False	False	True	134.0	134.0	True	HIS	H	H	True	False	False	True	143.0	143.0	True	HIS	H	H	True	False	False	True	270.0	270.0	True	HIS	H	H	True	False	False	True	274.0	274.0	True	PRO	P	P	True	False	True	True	296.0	296.0	True	HIS	H	H	True	False	False	True	6	0	HHHHPH	HHHHPH	True	True	True	True	True
A0A8H3UFY5	90.0	90.0	True	HIS	H	H	True	False	False	True	98.0	98.0	True	HIS	H	H	True	False	False	True	107.0	107.0	True	HIS	H	H	True	False	False	True	247.0	247.0	True	HIS	H	H	True	False	False	True	251.0	251.0	True	PRO	P	P	True	False	True	True	273.0	273.0	True	HIS	H	H	True	False	False	True	6	0	HHHHPH	HHHHPH	True	True	True	True	True
A0A8H3VC67	179.0	179.0	True	HIS	H	H	True	False	False	True	187.0	187.0	True	HIS	H	H	True	False	False	True	196.0	196.0	True	HIS	H	H	True	False	False	True	336.0	336.0	True	HIS	H	H	True	False	False	True	340.0	340.0	True	PRO	P	P	True	False	True	True	362.0	362.0	True	HIS	H	H	True	False	False	True	6	0	HHHHPH	HHHHPH	True	True	True	True	True
A0A8H3W2Z1	49.0	49.0	True	HIS	H	H	True	False	False	True	57.0	57.0	True	HIS	H	H	True	False	False	True	66.0	66.0	True	HIS	H	H	True	False	False	True	234.0	234.0	True	HIS	H	H	True	False	False	True	238.0	238.0	True	HIS	H	H	True	False	False	True	262.0	262.0	True	GLN	Q	Q	True	False	True	True	6	0	HHHHHQ	HHHHHQ	True	True	True	True	True
A0A8H3W909	104.0	104.0	True	HIS	H	H	True	False	False	True	112.0	112.0	True	HIS	H	H	True	False	False	True	121.0	121.0	True	HIS	H	H	True	False	False	True	258.0	258.0	True	HIS	H	H	True	False	False	True	262.0	262.0	True	PRO	P	P	True	False	True	True	284.0	284.0	True	HIS	H	H	True	False	False	True	6	0	HHHHPH	HHHHPH	True	True	True	True	True
A0A8H4CJG9		98.0	False	ALA	-	A	False	True	True	True		105.0	False	THR	-	T	False	True	True	True		117.0	False	MET	-	M	False	True	True	True	279.0	279.0	True	HIS	H	H	True	False	False	True	283.0	283.0	True	HIS	H	H	True	False	False	True	308.0	308.0	True	HIS	H	H	True	False	False	True	3	3	ATMHHH	---HHH	False	False	False	False	False
A0A8H4CPR6	48.0	48.0	True	HIS	H	H	True	False	False	True	56.0	56.0	True	HIS	H	H	True	False	False	True	65.0	65.0	True	HIS	H	H	True	False	False	True	233.0	233.0	True	HIS	H	H	True	False	False	True	237.0	237.0	True	HIS	H	H	True	False	False	True	261.0	261.0	True	GLN	Q	Q	True	False	True	True	6	0	HHHHHQ	HHHHHQ	True	True	True	True	True
A0A8H4CUC1	85.0	85.0	True	HIS	H	H	True	False	False	True	93.0	105.0	False	LEU	H	L	False	False	True	True	111.0	111.0	True	HIS	H	H	True	False	False	True	263.0	263.0	True	HIS	H	H	True	False	False	True	267.0	267.0	True	HIS	H	H	True	False	False	True	293.0	293.0	True	HIS	H	H	True	False	False	True	5	0	HLHHHH	HHHHHH	False	False	False	False	False
A0A8H4FHG1	104.0	104.0	True	HIS	H	H	True	False	False	True	112.0	112.0	True	HIS	H	H	True	False	False	True	121.0	121.0	True	HIS	H	H	True	False	False	True	258.0	258.0	True	HIS	H	H	True	False	False	True	262.0	262.0	True	PRO	P	P	True	False	True	True	284.0	284.0	True	HIS	H	H	True	False	False	True	6	0	HHHHPH	HHHHPH	True	True	True	True	True
A0A8H4IVL2		62.0	False	HIS	-	H	False	True	False	True			False	---	-	-	False	True	False	False	72.0	72.0	True	HIS	H	H	True	False	False	True	217.0	217.0	True	HIS	H	H	True	False	False	True	221.0	221.0	True	HIS	H	H	True	False	False	True	247.0	247.0	True	HIS	H	H	True	False	False	True	4	2	H-HHHH	--HHHH	False	False	False	True	False
A0A8H4JDQ9		39.0	False	HIS	-	H	False	True	False	True	38.0	42.0	False	GLN	M	Q	False	False	True	True	47.0	47.0	True	HIS	H	H	True	False	False	True	150.0	150.0	True	HIS	H	H	True	False	False	True	154.0	154.0	True	HIS	H	H	True	False	False	True	177.0	177.0	True	HIS	H	H	True	False	False	True	4	1	HQHHHH	-MHHHH	False	False	False	False	False
A0A8H4JHW9	117.0	117.0	True	HIS	H	H	True	False	False	True	125.0	125.0	True	HIS	H	H	True	False	False	True	134.0	134.0	True	HIS	H	H	True	False	False	True	271.0	271.0	True	HIS	H	H	True	False	False	True	275.0	275.0	True	PRO	P	P	True	False	True	True	297.0	297.0	True	HIS	H	H	True	False	False	True	6	0	HHHHPH	HHHHPH	True	True	True	True	True
A0A8H4QR39	464.0	464.0	True	HIS	H	H	True	False	False	True	472.0	472.0	True	HIS	H	H	True	False	False	True	481.0	481.0	True	HIS	H	H	True	False	False	True	610.0	610.0	True	HIS	H	H	True	False	False	True	614.0	614.0	True	PRO	P	P	True	False	True	True	636.0	636.0	True	HIS	H	H	True	False	False	True	6	0	HHHHPH	HHHHPH	True	True	True	True	True
A0A8H4RK75	129.0	129.0	True	HIS	H	H	True	False	False	True	137.0	137.0	True	HIS	H	H	True	False	False	True	146.0	146.0	True	HIS	H	H	True	False	False	True	274.0	274.0	True	HIS	H	H	True	False	False	True	278.0	278.0	True	PRO	P	P	True	False	True	True	300.0	300.0	True	HIS	H	H	True	False	False	True	6	0	HHHHPH	HHHHPH	True	True	True	True	True
A0A8H4RXM0	124.0	124.0	True	HIS	H	H	True	False	False	True	132.0	132.0	True	HIS	H	H	True	False	False	True	141.0	141.0	True	HIS	H	H	True	False	False	True	271.0	271.0	True	HIS	H	H	True	False	False	True	275.0	275.0	True	PRO	P	P	True	False	True	True	297.0	297.0	True	HIS	H	H	True	False	False	True	6	0	HHHHPH	HHHHPH	True	True	True	True	True
A0A8H4Z0P3	117.0	117.0	True	HIS	H	H	True	False	False	True	125.0	125.0	True	HIS	H	H	True	False	False	True	134.0	134.0	True	HIS	H	H	True	False	False	True	271.0	271.0	True	HIS	H	H	True	False	False	True	275.0	275.0	True	PRO	P	P	True	False	True	True	297.0	297.0	True	HIS	H	H	True	False	False	True	6	0	HHHHPH	HHHHPH	True	True	True	True	True
A0A8H4ZIX0	77.0	77.0	True	HIS	H	H	True	False	False	True	102.0	102.0	True	HIS	H	H	True	False	False	True	111.0	111.0	True	HIS	H	H	True	False	False	True	344.0	344.0	True	HIS	H	H	True	False	False	True	348.0	348.0	True	HIS	H	H	True	False	False	True	385.0	385.0	True	HIS	H	H	True	False	False	True	6	0	HHHHHH	HHHHHH	True	True	True	True	True
A0A8H5AS67	60.0	60.0	True	HIS	H	H	True	False	False	True	87.0	87.0	True	HIS	H	H	True	False	False	True	96.0	96.0	True	HIS	H	H	True	False	False	True	259.0	259.0	True	HIS	H	H	True	False	False	True	263.0	263.0	True	HIS	H	H	True	False	False	True	288.0	288.0	True	HIS	H	H	True	False	False	True	6	0	HHHHHH	HHHHHH	True	True	True	True	True
A0A8H5ATU2	78.0	79.0	False	TYR	H	Y	False	False	True	True	87.0	87.0	True	LEU	L	L	True	False	True	True	96.0	96.0	True	HIS	H	H	True	False	False	True	242.0	242.0	True	PHE	F	F	True	False	True	True	246.0	246.0	True	GLN	Q	Q	True	False	True	True	274.0	274.0	True	LEU	L	L	True	False	True	True	5	0	YLHFQL	HLHFQL	False	False	False	False	False
A0A8H5EAG2	77.0	77.0	True	HIS	H	H	True	False	False	True	85.0	85.0	True	HIS	H	H	True	False	False	True	92.0	92.0	True	HIS	H	H	True	False	False	True	209.0	209.0	True	HIS	H	H	True	False	False	True	213.0	213.0	True	HIS	H	H	True	False	False	True	236.0	236.0	True	HIS	H	H	True	False	False	True	6	0	HHHHHH	HHHHHH	True	True	True	True	True
A0A8H5GBV2	65.0	65.0	True	HIS	H	H	True	False	False	True	86.0	86.0	True	HIS	H	H	True	False	False	True	95.0	95.0	True	HIS	H	H	True	False	False	True	270.0	283.0	False	HIS	D	H	False	False	False	True	274.0	287.0	False	GLY	H	G	False	False	True	True	317.0	317.0	True	HIS	H	H	True	False	False	True	4	0	HHHHGH	HHHDHH	False	False	False	False	False
A0A8H5JRL3		88.0	False	HIS	-	H	False	True	False	True	88.0		False	---	H	-	False	False	False	False	98.0	98.0	True	HIS	H	H	True	False	False	True	308.0	308.0	True	HIS	H	H	True	False	False	True	312.0	312.0	True	HIS	H	H	True	False	False	True	337.0	337.0	True	HIS	H	H	True	False	False	True	4	1	H-HHHH	-HHHHH	False	False	False	True	False
A0A8H5MQC7	117.0	117.0	True	HIS	H	H	True	False	False	True	125.0	125.0	True	HIS	H	H	True	False	False	True	134.0	134.0	True	HIS	H	H	True	False	False	True	271.0	271.0	True	HIS	H	H	True	False	False	True	275.0	275.0	True	PRO	P	P	True	False	True	True	297.0	297.0	True	HIS	H	H	True	False	False	True	6	0	HHHHPH	HHHHPH	True	True	True	True	True
A0A8H5N7B6	75.0	75.0	True	HIS	H	H	True	False	False	True	83.0	83.0	True	HIS	H	H	True	False	False	True	92.0	92.0	True	HIS	H	H	True	False	False	True	230.0	230.0	True	HIS	H	H	True	False	False	True	234.0	234.0	True	HIS	H	H	True	False	False	True		246.0	False	LEU	-	L	False	True	True	True	5	1	HHHHHL	HHHHH-	False	False	False	False	False
A0A8H5PBB3			False	---	-	-	False	True	False	False			False	---	-	-	False	True	False	False		69.0	False	LEU	-	L	False	True	True	True	161.0	161.0	True	HIS	H	H	True	False	False	True	165.0		False	---	H	-	False	False	False	False	205.0	206.0	False	ALA	H	A	False	False	True	True	1	3	--LH-A	---HHH	False	False	False	False	False
A0A8H5PBF2	62.0	62.0	True	HIS	H	H	True	False	False	True	70.0	70.0	True	HIS	H	H	True	False	False	True	79.0	79.0	True	HIS	H	H	True	False	False	True	216.0	216.0	True	HIS	H	H	True	False	False	True	220.0	220.0	True	PRO	P	P	True	False	True	True	242.0	242.0	True	HIS	H	H	True	False	False	True	6	0	HHHHPH	HHHHPH	True	True	True	True	True
A0A8H5Q6G5	68.0	68.0	True	HIS	H	H	True	False	False	True	76.0	76.0	True	HIS	H	H	True	False	False	True	85.0	85.0	True	HIS	H	H	True	False	False	True	218.0	218.0	True	HIS	H	H	True	False	False	True	222.0	222.0	True	HIS	H	H	True	False	False	True	230.0	230.0	True	HIS	H	H	True	False	False	True	6	0	HHHHHH	HHHHHH	True	True	True	True	True
A0A8H5TQU7	77.0	77.0	True	HIS	H	H	True	False	False	True	102.0	102.0	True	HIS	H	H	True	False	False	True	111.0	111.0	True	HIS	H	H	True	False	False	True	344.0	344.0	True	HIS	H	H	True	False	False	True	348.0	348.0	True	HIS	H	H	True	False	False	True	385.0	385.0	True	HIS	H	H	True	False	False	True	6	0	HHHHHH	HHHHHH	True	True	True	True	True
A0A8H5UC91	117.0	117.0	True	HIS	H	H	True	False	False	True	125.0	125.0	True	HIS	H	H	True	False	False	True	134.0	134.0	True	HIS	H	H	True	False	False	True	271.0	271.0	True	HIS	H	H	True	False	False	True	275.0	275.0	True	PRO	P	P	True	False	True	True	297.0	297.0	True	HIS	H	H	True	False	False	True	6	0	HHHHPH	HHHHPH	True	True	True	True	True
A0A8H5V6E6	117.0	117.0	True	HIS	H	H	True	False	False	True	125.0	125.0	True	HIS	H	H	True	False	False	True	134.0	134.0	True	HIS	H	H	True	False	False	True	271.0	271.0	True	HIS	H	H	True	False	False	True	275.0	275.0	True	PRO	P	P	True	False	True	True	297.0	297.0	True	HIS	H	H	True	False	False	True	6	0	HHHHPH	HHHHPH	True	True	True	True	True
A0A8H5WCB4	39.0	39.0	True	HIS	H	H	True	False	False	True	47.0	47.0	True	HIS	H	H	True	False	False	True	54.0	54.0	True	HIS	H	H	True	False	False	True	171.0	171.0	True	HIS	H	H	True	False	False	True	175.0	175.0	True	HIS	H	H	True	False	False	True	198.0	198.0	True	HIS	H	H	True	False	False	True	6	0	HHHHHH	HHHHHH	True	True	True	True	True
A0A8H5XW17	117.0	117.0	True	HIS	H	H	True	False	False	True	125.0	125.0	True	HIS	H	H	True	False	False	True	134.0	134.0	True	HIS	H	H	True	False	False	True	271.0	271.0	True	HIS	H	H	True	False	False	True	275.0	275.0	True	PRO	P	P	True	False	True	True	297.0	297.0	True	HIS	H	H	True	False	False	True	6	0	HHHHPH	HHHHPH	True	True	True	True	True
A0A8H6A0W2	68.0	68.0	True	ASN	N	N	True	False	True	True	87.0	88.0	False	GLY	H	G	False	False	True	True	96.0	96.0	True	ASN	N	N	True	False	True	True	290.0	290.0	True	ASN	N	N	True	False	True	True	294.0	294.0	True	HIS	H	H	True	False	False	True	320.0	320.0	True	TYR	Y	Y	True	False	True	True	5	0	NGNNHY	NHNNHY	False	False	False	False	False
A0A8H6ANQ1	136.0	136.0	True	HIS	H	H	True	False	False	True	144.0	144.0	True	HIS	H	H	True	False	False	True	153.0	153.0	True	HIS	H	H	True	False	False	True	242.0	241.0	False	ALA	H	A	False	False	True	True	246.0	245.0	False	VAL	S	V	False	False	True	True	268.0	268.0	True	HIS	H	H	True	False	False	True	4	0	HHHAVH	HHHHSH	False	False	False	False	False
A0A8H6FIQ4	125.0	125.0	True	HIS	H	H	True	False	False	True	133.0	133.0	True	HIS	H	H	True	False	False	True	142.0	142.0	True	HIS	H	H	True	False	False	True	277.0	269.0	False	HIS	H	H	True	False	False	True	281.0	273.0	False	PRO	S	P	False	False	True	True	312.0	312.0	True	HIS	H	H	True	False	False	True	5	0	HHHHPH	HHHHSH	False	False	False	False	False
A0A8H6HT48		133.0	False	THR	-	T	False	True	True	True			False	---	-	-	False	True	False	False		154.0	False	SER	-	S	False	True	True	True	297.0	297.0	True	HIS	H	H	True	False	False	True	301.0	301.0	True	HIS	H	H	True	False	False	True	336.0	336.0	True	HIS	H	H	True	False	False	True	3	3	T-SHHH	---HHH	False	False	False	False	False
A0A8H6JVW5	132.0	132.0	True	HIS	H	H	True	False	False	True	166.0		False	---	S	-	False	False	False	False	175.0	175.0	True	HIS	H	H	True	False	False	True	343.0	343.0	True	HIS	H	H	True	False	False	True	347.0	347.0	True	HIS	H	H	True	False	False	True	371.0	371.0	True	GLN	Q	Q	True	False	True	True	5	0	H-HHHQ	HSHHHQ	False	False	True	True	False
A0A8H6L0G3	126.0	126.0	True	HIS	H	H	True	False	False	True	134.0	134.0	True	HIS	H	H	True	False	False	True	143.0	143.0	True	HIS	H	H	True	False	False	True	270.0	270.0	True	HIS	H	H	True	False	False	True	274.0	274.0	True	PRO	P	P	True	False	True	True	296.0	296.0	True	HIS	H	H	True	False	False	True	6	0	HHHHPH	HHHHPH	True	True	True	True	True
A0A8H6MKC6	132.0	132.0	True	HIS	H	H	True	False	False	True	164.0		False	---	S	-	False	False	False	False	173.0	173.0	True	HIS	H	H	True	False	False	True	358.0	358.0	True	HIS	H	H	True	False	False	True	362.0	362.0	True	HIS	H	H	True	False	False	True	386.0	386.0	True	GLN	Q	Q	True	False	True	True	5	0	H-HHHQ	HSHHHQ	False	False	True	True	False
A0A8H6MX70	132.0	132.0	True	HIS	H	H	True	False	False	True	140.0	140.0	True	HIS	H	H	True	False	False	True	149.0	149.0	True	HIS	H	H	True	False	False	True	317.0	317.0	True	HIS	H	H	True	False	False	True	321.0	321.0	True	HIS	H	H	True	False	False	True	345.0	345.0	True	GLN	Q	Q	True	False	True	True	6	0	HHHHHQ	HHHHHQ	True	True	True	True	True
A0A8H6N7U5	144.0	144.0	True	HIS	H	H	True	False	False	True	152.0	152.0	True	HIS	H	H	True	False	False	True	161.0	161.0	True	HIS	H	H	True	False	False	True	305.0	305.0	True	HIS	H	H	True	False	False	True	309.0	309.0	True	PRO	P	P	True	False	True	True	331.0	331.0	True	HIS	H	H	True	False	False	True	6	0	HHHHPH	HHHHPH	True	True	True	True	True
A0A8H6S8I0	99.0	99.0	True	HIS	H	H	True	False	False	True	112.0	112.0	True	ARG	R	R	True	False	True	True	121.0	121.0	True	HIS	H	H	True	False	False	True	262.0	262.0	True	HIS	H	H	True	False	False	True	266.0	266.0	True	HIS	H	H	True	False	False	True	305.0	305.0	True	HIS	H	H	True	False	False	True	6	0	HRHHHH	HRHHHH	True	True	True	True	True
A0A8H6YHY9	72.0	72.0	True	HIS	H	H	True	False	False	True	96.0	96.0	True	HIS	H	H	True	False	False	True	105.0	105.0	True	HIS	H	H	True	False	False	True	311.0	311.0	True	HIS	H	H	True	False	False	True	315.0	315.0	True	HIS	H	H	True	False	False	True	340.0	340.0	True	HIS	H	H	True	False	False	True	6	0	HHHHHH	HHHHHH	True	True	True	True	True
A0A8H7BB98	133.0	133.0	True	HIS	H	H	True	False	False	True	141.0	141.0	True	HIS	H	H	True	False	False	True	150.0	150.0	True	HIS	H	H	True	False	False	True	290.0	282.0	False	HIS	M	H	False	False	False	True	294.0	286.0	False	PRO	H	P	False	False	True	True	334.0	334.0	True	HIS	H	H	True	False	False	True	4	0	HHHHPH	HHHMHH	False	False	False	False	False
A0A8H7CJP5	78.0	78.0	True	HIS	H	H	True	False	False	True	86.0	86.0	True	HIS	H	H	True	False	False	True	95.0	95.0	True	HIS	H	H	True	False	False	True	243.0	243.0	True	HIS	H	H	True	False	False	True	247.0	249.0	False	CYS	P	C	False	False	True	True	274.0	274.0	True	HIS	H	H	True	False	False	True	5	0	HHHHCH	HHHHPH	False	False	False	False	False
A0A8H7H065	60.0	59.0	False	ILE	H	I	False	False	True	True	112.0	111.0	False	MET	L	M	False	False	True	True	121.0	121.0	True	HIS	H	H	True	False	False	True	354.0	354.0	True	HIS	H	H	True	False	False	True	358.0	358.0	True	HIS	H	H	True	False	False	True	383.0	383.0	True	HIS	H	H	True	False	False	True	4	0	IMHHHH	HLHHHH	False	False	False	False	False
A0A8H7H0A0	119.0	119.0	True	HIS	H	H	True	False	False	True	127.0	127.0	True	GLN	Q	Q	True	False	True	True	136.0	136.0	True	HIS	H	H	True	False	False	True	275.0	275.0	True	ARG	R	R	True	False	True	True	279.0	279.0	True	GLN	Q	Q	True	False	True	True	302.0	302.0	True	HIS	H	H	True	False	False	True	6	0	HQHRQH	HQHRQH	True	True	True	True	True
A0A8H7HFI3	98.0	98.0	True	HIS	H	H	True	False	False	True	109.0	106.0	False	HIS	A	H	False	False	False	True		116.0	False	THR	-	T	False	True	True	True	249.0	249.0	True	HIS	H	H	True	False	False	True	253.0	253.0	True	HIS	H	H	True	False	False	True	276.0	276.0	True	HIS	H	H	True	False	False	True	4	1	HHTHHH	HA-HHH	False	False	False	False	False
A0A8H7I333	96.0	96.0	True	HIS	H	H	True	False	False	True	104.0	104.0	True	GLN	Q	Q	True	False	True	True	113.0	113.0	True	HIS	H	H	True	False	False	True	252.0	252.0	True	ARG	R	R	True	False	True	True	256.0	256.0	True	GLN	Q	Q	True	False	True	True	279.0	279.0	True	HIS	H	H	True	False	False	True	6	0	HQHRQH	HQHRQH	True	True	True	True	True
A0A8H7IC95	98.0	98.0	True	HIS	H	H	True	False	False	True	109.0	106.0	False	HIS	A	H	False	False	False	True		116.0	False	THR	-	T	False	True	True	True	257.0	257.0	True	HIS	H	H	True	False	False	True	261.0	261.0	True	HIS	H	H	True	False	False	True	284.0	284.0	True	HIS	H	H	True	False	False	True	4	1	HHTHHH	HA-HHH	False	False	False	False	False
A0A8H7K265	108.0	108.0	True	HIS	H	H	True	False	False	True	116.0	116.0	True	TYR	Y	Y	True	False	True	True	125.0	125.0	True	HIS	H	H	True	False	False	True	276.0	276.0	True	HIS	H	H	True	False	False	True	280.0	280.0	True	HIS	H	H	True	False	False	True	303.0	303.0	True	HIS	H	H	True	False	False	True	6	0	HYHHHH	HYHHHH	True	True	True	True	True
A0A8H7LYZ4	98.0	98.0	True	HIS	H	H	True	False	False	True	109.0	106.0	False	HIS	A	H	False	False	False	True		116.0	False	THR	-	T	False	True	True	True	249.0	249.0	True	HIS	H	H	True	False	False	True	253.0	253.0	True	HIS	H	H	True	False	False	True	276.0	276.0	True	HIS	H	H	True	False	False	True	4	1	HHTHHH	HA-HHH	False	False	False	False	False
A0A8H7M1F4	60.0	60.0	True	HIS	H	H	True	False	False	True	112.0		False	---	L	-	False	False	False	False	121.0	121.0	True	HIS	H	H	True	False	False	True	354.0	354.0	True	HIS	H	H	True	False	False	True	358.0	358.0	True	HIS	H	H	True	False	False	True	383.0	383.0	True	HIS	H	H	True	False	False	True	5	0	H-HHHH	HLHHHH	False	False	True	True	False
A0A8H7MHY0	116.0	116.0	True	HIS	H	H	True	False	False	True	124.0	124.0	True	HIS	H	H	True	False	False	True	133.0	133.0	True	HIS	H	H	True	False	False	True	299.0	299.0	True	ASN	N	N	True	False	True	True	303.0	303.0	True	HIS	H	H	True	False	False	True	327.0	327.0	True	HIS	H	H	True	False	False	True	6	0	HHHNHH	HHHNHH	True	True	True	True	True
A0A8H7W0M8	79.0	79.0	True	HIS	H	H	True	False	False	True	87.0	87.0	True	HIS	H	H	True	False	False	True	96.0	96.0	True	HIS	H	H	True	False	False	True	226.0	226.0	True	HIS	H	H	True	False	False	True	230.0	230.0	True	PRO	P	P	True	False	True	True	252.0	252.0	True	HIS	H	H	True	False	False	True	6	0	HHHHPH	HHHHPH	True	True	True	True	True
A0A8H7Y763	79.0	80.0	False	TYR	H	Y	False	False	True	True	88.0	88.0	True	HIS	H	H	True	False	False	True	97.0	97.0	True	HIS	H	H	True	False	False	True	235.0	235.0	True	SER	S	S	True	False	True	True	239.0	239.0	True	HIS	H	H	True	False	False	True	262.0	262.0	True	HIS	H	H	True	False	False	True	5	0	YHHSHH	HHHSHH	False	False	False	False	False
A0A8H8P4P0	119.0	119.0	True	HIS	H	H	True	False	False	True	127.0	127.0	True	GLN	Q	Q	True	False	True	True	136.0	136.0	True	HIS	H	H	True	False	False	True	275.0	275.0	True	ARG	R	R	True	False	True	True	279.0	279.0	True	GLN	Q	Q	True	False	True	True	302.0	302.0	True	HIS	H	H	True	False	False	True	6	0	HQHRQH	HQHRQH	True	True	True	True	True
A0A8H8RL10	129.0	129.0	True	HIS	H	H	True	False	False	True	137.0	137.0	True	HIS	H	H	True	False	False	True	146.0	146.0	True	HIS	H	H	True	False	False	True	275.0	275.0	True	HIS	H	H	True	False	False	True	279.0	279.0	True	PRO	P	P	True	False	True	True	301.0	301.0	True	HIS	H	H	True	False	False	True	6	0	HHHHPH	HHHHPH	True	True	True	True	True
A0A8H8RRA0	109.0	109.0	True	HIS	H	H	True	False	False	True	117.0	117.0	True	HIS	H	H	True	False	False	True	130.0	130.0	True	GLN	Q	Q	True	False	True	True	284.0	284.0	True	HIS	H	H	True	False	False	True	288.0	288.0	True	HIS	H	H	True	False	False	True	312.0	312.0	True	HIS	H	H	True	False	False	True	6	0	HHQHHH	HHQHHH	True	True	True	True	True
A0A8H8U2D2	130.0	130.0	True	HIS	H	H	True	False	False	True	138.0	138.0	True	HIS	H	H	True	False	False	True	147.0	147.0	True	HIS	H	H	True	False	False	True	276.0	276.0	True	HIS	H	H	True	False	False	True	280.0	280.0	True	PRO	P	P	True	False	True	True	302.0	302.0	True	HIS	H	H	True	False	False	True	6	0	HHHHPH	HHHHPH	True	True	True	True	True
A0A8H9LF69		73.0	False	TYR	-	Y	False	True	True	True	81.0	81.0	True	HIS	H	H	True	False	False	True	90.0	90.0	True	GLN	Q	Q	True	False	True	True	202.0	202.0	True	MET	M	M	True	False	True	True	206.0	206.0	True	GLN	Q	Q	True	False	True	True	228.0	228.0	True	ALA	A	A	True	False	True	True	5	1	YHQMQA	-HQMQA	False	False	False	False	False
A0A8J1TDZ8		387.0	False	TYR	-	Y	False	True	True	True	395.0	395.0	True	GLN	Q	Q	True	False	True	True	404.0	404.0	True	HIS	H	H	True	False	False	True	519.0	519.0	True	SER	S	S	True	False	True	True	523.0	523.0	True	HIS	H	H	True	False	False	True	545.0	545.0	True	HIS	H	H	True	False	False	True	5	1	YQHSHH	-QHSHH	False	False	False	False	False
A0A8J4W827		13.0	False	TYR	-	Y	False	True	True	True		23.0	False	VAL	-	V	False	True	True	True	32.0	32.0	True	TYR	Y	Y	True	False	True	True	184.0	184.0	True	GLN	Q	Q	True	False	True	True	188.0	188.0	True	HIS	H	H	True	False	False	True	210.0	210.0	True	TYR	Y	Y	True	False	True	True	4	2	YVYQHY	--YQHY	False	False	False	False	False
A0A8J5IZX1		59.0	False	TYR	-	Y	False	True	True	True		69.0	False	VAL	-	V	False	True	True	True	78.0	78.0	True	TYR	Y	Y	True	False	True	True	230.0	230.0	True	GLN	Q	Q	True	False	True	True	234.0	234.0	True	HIS	H	H	True	False	False	True	256.0	256.0	True	TYR	Y	Y	True	False	True	True	4	2	YVYQHY	--YQHY	False	False	False	False	False
A0A8J5M7S4		72.0	False	ALA	-	A	False	True	True	True		82.0	False	LEU	-	L	False	True	True	True	91.0	91.0	True	ASN	N	N	True	False	True	True	235.0	235.0	True	HIS	H	H	True	False	False	True	239.0	239.0	True	HIS	H	H	True	False	False	True	261.0	261.0	True	HIS	H	H	True	False	False	True	4	2	ALNHHH	--NHHH	False	False	False	False	False
A0A8J5XMZ9			False	---	-	-	False	True	False	False	72.0	64.0	False	ALA	T	A	False	False	True	True	81.0	85.0	False	LEU	S	L	False	False	True	True	281.0	275.0	False	PHE	A	F	False	False	True	True	285.0		False	---	H	-	False	False	False	False	315.0	314.0	False	HIS	L	H	False	False	False	True	0	1	-ALF-H	-TSAHL	False	False	False	False	False
A0A8J7L7N4		124.0	False	HIS	-	H	False	True	False	True	184.0	168.0	False	HIS	E	H	False	False	False	True	193.0	193.0	True	HIS	H	H	True	False	False	True	296.0	296.0	True	HIS	H	H	True	False	False	True	300.0	300.0	True	HIS	H	H	True	False	False	True	342.0	342.0	True	HIS	H	H	True	False	False	True	4	1	HHHHHH	-EHHHH	False	False	False	True	False
A0A8J9R8H5	133.0	133.0	True	HIS	H	H	True	False	False	True	141.0	141.0	True	HIS	H	H	True	False	False	True	150.0	150.0	True	HIS	H	H	True	False	False	True	290.0	290.0	True	HIS	H	H	True	False	False	True	294.0	294.0	True	PRO	P	P	True	False	True	True	316.0	316.0	True	HIS	H	H	True	False	False	True	6	0	HHHHPH	HHHHPH	True	True	True	True	True
A0A8K0IA90	533.0	533.0	True	HIS	H	H	True	False	False	True	553.0	553.0	True	GLN	Q	Q	True	False	True	True	562.0	562.0	True	TYR	Y	Y	True	False	True	True	684.0	684.0	True	HIS	H	H	True	False	False	True	688.0	688.0	True	ASN	N	N	True	False	True	True	708.0	708.0	True	HIS	H	H	True	False	False	True	6	0	HQYHNH	HQYHNH	True	True	True	True	True
A0A8K0R3D6	112.0	112.0	True	HIS	H	H	True	False	False	True	121.0	121.0	True	HIS	H	H	True	False	False	True	130.0	130.0	True	HIS	H	H	True	False	False	True	261.0	261.0	True	HIS	H	H	True	False	False	True	265.0	265.0	True	PRO	P	P	True	False	True	True	287.0	287.0	True	HIS	H	H	True	False	False	True	6	0	HHHHPH	HHHHPH	True	True	True	True	True
A0A8K0SEI0		85.0	False	HIS	-	H	False	True	False	True			False	---	-	-	False	True	False	False		301.0	False	PHE	-	F	False	True	True	True	237.0	237.0	True	HIS	H	H	True	False	False	True	241.0	241.0	True	HIS	H	H	True	False	False	True	267.0	267.0	True	HIS	H	H	True	False	False	True	3	3	H-FHHH	---HHH	False	False	False	False	False
A0A8K0T8Y5	154.0	154.0	True	HIS	H	H	True	False	False	True	162.0	162.0	True	HIS	H	H	True	False	False	True	171.0	171.0	True	HIS	H	H	True	False	False	True	294.0	294.0	True	HIS	H	H	True	False	False	True	298.0	298.0	True	PRO	P	P	True	False	True	True	320.0	320.0	True	HIS	H	H	True	False	False	True	6	0	HHHHPH	HHHHPH	True	True	True	True	True
A0A8N5I073	191.0	191.0	True	HIS	H	H	True	False	False	True	213.0	213.0	True	HIS	H	H	True	False	False	True	222.0	222.0	True	HIS	H	H	True	False	False	True	365.0	357.0	False	UNK	S	X	False	False	True	True	369.0	361.0	False	GLY	H	G	False	False	True	True	411.0	411.0	True	HIS	H	H	True	False	False	True	4	0	HHHXGH	HHHSHH	False	False	False	False	False
A0A8R1TKI8	381.0	381.0	True	HIS	H	H	True	False	False	True	391.0	391.0	True	HIS	H	H	True	False	False	True	400.0	400.0	True	HIS	H	H	True	False	False	True	521.0	521.0	True	HIS	H	H	True	False	False	True	525.0	525.0	True	LEU	L	L	True	False	True	True	548.0	548.0	True	HIS	H	H	True	False	False	True	6	0	HHHHLH	HHHHLH	True	True	True	True	True
A0A8S3QCE6	82.0	82.0	True	HIS	H	H	True	False	False	True	91.0	91.0	True	TYR	Y	Y	True	False	True	True	100.0	100.0	True	GLN	Q	Q	True	False	True	True	206.0	206.0	True	ALA	A	A	True	False	True	True	210.0	210.0	True	HIS	H	H	True	False	False	True	233.0	233.0	True	HIS	H	H	True	False	False	True	6	0	HYQAHH	HYQAHH	True	True	True	True	True
A0A8S3RVL9		153.0	False	ASN	-	N	False	True	True	True	161.0	161.0	True	TYR	Y	Y	True	False	True	True	170.0	170.0	True	HIS	H	H	True	False	False	True	276.0	276.0	True	SER	S	S	True	False	True	True	280.0	280.0	True	HIS	H	H	True	False	False	True	303.0	303.0	True	TYR	Y	Y	True	False	True	True	5	1	NYHSHY	-YHSHY	False	False	False	False	False
A0A8S3S028	163.0	163.0	True	HIS	H	H	True	False	False	True	172.0	172.0	True	HIS	H	H	True	False	False	True	181.0	181.0	True	ASN	N	N	True	False	True	True	291.0	291.0	True	GLN	Q	Q	True	False	True	True	295.0	295.0	True	ASN	N	N	True	False	True	True	321.0	321.0	True	LEU	L	L	True	False	True	True	6	0	HHNQNL	HHNQNL	True	True	True	True	True
A0A8S3S1J4	163.0	163.0	True	HIS	H	H	True	False	False	True	172.0	172.0	True	HIS	H	H	True	False	False	True	181.0	181.0	True	ASN	N	N	True	False	True	True	291.0	291.0	True	GLN	Q	Q	True	False	True	True	295.0	295.0	True	ASN	N	N	True	False	True	True	321.0	321.0	True	LEU	L	L	True	False	True	True	6	0	HHNQNL	HHNQNL	True	True	True	True	True
A0A8S3THZ3	142.0	142.0	True	HIS	H	H	True	False	False	True	151.0	151.0	True	GLN	Q	Q	True	False	True	True	160.0	160.0	True	TYR	Y	Y	True	False	True	True	269.0	269.0	True	HIS	H	H	True	False	False	True	273.0	273.0	True	HIS	H	H	True	False	False	True	296.0	296.0	True	HIS	H	H	True	False	False	True	6	0	HQYHHH	HQYHHH	True	True	True	True	True
A0A8T1MS49	180.0	180.0	True	HIS	H	H	True	False	False	True	205.0	205.0	True	HIS	H	H	True	False	False	True	214.0	214.0	True	HIS	H	H	True	False	False	True	365.0	365.0	True	ASN	N	N	True	False	True	True	369.0	369.0	True	HIS	H	H	True	False	False	True	392.0	392.0	True	GLN	Q	Q	True	False	True	True	6	0	HHHNHQ	HHHNHQ	True	True	True	True	True
A0A8T1U1C5	72.0	72.0	True	HIS	H	H	True	False	False	True	82.0	82.0	True	HIS	H	H	True	False	False	True	91.0	91.0	True	HIS	H	H	True	False	False	True		179.0	False	VAL	-	V	False	True	True	True			False	---	-	-	False	True	False	False		194.0	False	HIS	-	H	False	True	False	True	3	3	HHHV-H	HHH---	False	False	False	False	False
A0A8T1W4C6		74.0	False	ALA	-	A	False	True	True	True		84.0	False	LEU	-	L	False	True	True	True	93.0	93.0	True	ASN	N	N	True	False	True	True	237.0	237.0	True	HIS	H	H	True	False	False	True	241.0	241.0	True	HIS	H	H	True	False	False	True	263.0	263.0	True	HIS	H	H	True	False	False	True	4	2	ALNHHH	--NHHH	False	False	False	False	False
A0A8T1W6M6			False	---	-	-	False	True	False	False			False	---	-	-	False	True	False	False	125.0		False	---	Y	-	False	False	False	False	277.0	277.0	True	GLN	Q	Q	True	False	True	True	281.0		False	---	H	-	False	False	False	False	303.0	303.0	True	TYR	Y	Y	True	False	True	True	2	2	---Q-Y	--YQHY	False	False	True	True	False
A0A8T1WU85		66.0	False	TYR	-	Y	False	True	True	True		76.0	False	VAL	-	V	False	True	True	True	85.0	85.0	True	TYR	Y	Y	True	False	True	True	237.0	237.0	True	GLN	Q	Q	True	False	True	True	241.0	241.0	True	HIS	H	H	True	False	False	True	263.0	263.0	True	TYR	Y	Y	True	False	True	True	4	2	YVYQHY	--YQHY	False	False	False	False	False
A0A8T9AZC4	111.0	111.0	True	HIS	H	H	True	False	False	True	119.0	119.0	True	HIS	H	H	True	False	False	True	128.0	128.0	True	HIS	H	H	True	False	False	True	229.0	229.0	True	HIS	H	H	True	False	False	True	233.0	233.0	True	PRO	P	P	True	False	True	True	255.0	255.0	True	HIS	H	H	True	False	False	True	6	0	HHHHPH	HHHHPH	True	True	True	True	True
A0A8U0BYH4	149.0	149.0	True	ILE	I	I	True	False	True	True	157.0	157.0	True	MET	M	M	True	False	True	True	166.0	166.0	True	ASN	N	N	True	False	True	True	281.0	281.0	True	GLN	Q	Q	True	False	True	True	285.0	285.0	True	HIS	H	H	True	False	False	True	308.0	308.0	True	ARG	R	R	True	False	True	True	6	0	IMNQHR	IMNQHR	True	True	True	True	True
A0A8U0BYU8	81.0	81.0	True	HIS	H	H	True	False	False	True	90.0	90.0	True	TYR	Y	Y	True	False	True	True	99.0	99.0	True	ASN	N	N	True	False	True	True	210.0	210.0	True	GLN	Q	Q	True	False	True	True	214.0	214.0	True	HIS	H	H	True	False	False	True	237.0	237.0	True	ARG	R	R	True	False	True	True	6	0	HYNQHR	HYNQHR	True	True	True	True	True
A0A8U0BZ64	153.0	153.0	True	HIS	H	H	True	False	False	True	162.0	162.0	True	TYR	Y	Y	True	False	True	True	171.0	171.0	True	ASN	N	N	True	False	True	True	282.0	282.0	True	GLN	Q	Q	True	False	True	True	286.0	286.0	True	HIS	H	H	True	False	False	True	309.0	309.0	True	ARG	R	R	True	False	True	True	6	0	HYNQHR	HYNQHR	True	True	True	True	True
A0A8U0BZL2	152.0	151.0	False	ILE	I	I	True	False	True	True	160.0	160.0	True	MET	M	M	True	False	True	True	169.0	169.0	True	ASN	N	N	True	False	True	True	284.0	284.0	True	GLN	Q	Q	True	False	True	True	288.0	288.0	True	HIS	H	H	True	False	False	True	311.0	311.0	True	ARG	R	R	True	False	True	True	6	0	IMNQHR	IMNQHR	True	True	True	True	False
A0A8U0C0J3	152.0	151.0	False	ILE	I	I	True	False	True	True	160.0	159.0	False	THR	M	T	False	False	True	True	169.0	169.0	True	ASN	N	N	True	False	True	True	284.0	284.0	True	GLN	Q	Q	True	False	True	True	288.0	288.0	True	HIS	H	H	True	False	False	True	311.0	311.0	True	ARG	R	R	True	False	True	True	5	0	ITNQHR	IMNQHR	False	False	False	False	False
A0A8W8J4S3		80.0	False	TYR	-	Y	False	True	True	True	88.0	88.0	True	ASN	N	N	True	False	True	True	97.0	97.0	True	HIS	H	H	True	False	False	True	202.0	202.0	True	ILE	I	I	True	False	True	True	206.0	206.0	True	HIS	H	H	True	False	False	True	228.0	228.0	True	HIS	H	H	True	False	False	True	5	1	YNHIHH	-NHIHH	False	False	False	False	False
A0A8X6KWP2		361.0	False	TYR	-	Y	False	True	True	True	367.0	369.0	False	ASN	H	N	False	False	True	True	378.0	378.0	True	ASN	N	N	True	False	True	True	483.0	483.0	True	SER	S	S	True	False	True	True	487.0	487.0	True	HIS	H	H	True	False	False	True	509.0	509.0	True	HIS	H	H	True	False	False	True	4	1	YNNSHH	-HNSHH	False	False	False	False	False
A0A8X7N2K2		135.0	False	HIS	-	H	False	True	False	True		140.0	False	TYR	-	Y	False	True	True	True	146.0	146.0	True	HIS	H	H	True	False	False	True	291.0	291.0	True	HIS	H	H	True	False	False	True	295.0	295.0	True	HIS	H	H	True	False	False	True	317.0	317.0	True	HIS	H	H	True	False	False	True	4	2	HYHHHH	--HHHH	False	False	False	False	False
A0A913XYY6		33.0	False	TYR	-	Y	False	True	True	True	42.0	42.0	True	HIS	H	H	True	False	False	True	51.0	51.0	True	HIS	H	H	True	False	False	True	169.0	169.0	True	HIS	H	H	True	False	False	True	173.0	173.0	True	THR	T	T	True	False	True	True	195.0	195.0	True	ALA	A	A	True	False	True	True	5	1	YHHHTA	-HHHTA	False	False	False	False	False
A0A914DIV0	242.0	242.0	True	HIS	H	H	True	False	False	True	258.0		False	---	N	-	False	False	False	False	267.0	267.0	True	HIS	H	H	True	False	False	True	385.0	385.0	True	HIS	H	H	True	False	False	True	389.0	389.0	True	HIS	H	H	True	False	False	True	409.0	409.0	True	HIS	H	H	True	False	False	True	5	0	H-HHHH	HNHHHH	False	False	True	True	False
A0A914L211	144.0	144.0	True	HIS	H	H	True	False	False	True	154.0	154.0	True	HIS	H	H	True	False	False	True	163.0	163.0	True	HIS	H	H	True	False	False	True	286.0	286.0	True	HIS	H	H	True	False	False	True	290.0	290.0	True	HIS	H	H	True	False	False	True	320.0	320.0	True	ASP	D	D	True	False	True	True	6	0	HHHHHD	HHHHHD	True	True	True	True	True
A0A914L5B1		61.0	False	HIS	-	H	False	True	False	True			False	---	-	-	False	True	False	False		88.0	False	CYS	-	C	False	True	True	True	210.0	210.0	True	HIS	H	H	True	False	False	True	214.0	214.0	True	HIS	H	H	True	False	False	True	237.0	237.0	True	HIS	H	H	True	False	False	True	3	3	H-CHHH	---HHH	False	False	False	False	False
A0A914S644	82.0	82.0	True	TYR	Y	Y	True	False	True	True	92.0	92.0	True	HIS	H	H	True	False	False	True	101.0	101.0	True	HIS	H	H	True	False	False	True	222.0	222.0	True	GLN	Q	Q	True	False	True	True	226.0	226.0	True	GLN	Q	Q	True	False	True	True	249.0	249.0	True	HIS	H	H	True	False	False	True	6	0	YHHQQH	YHHQQH	True	True	True	True	True
A0A914V8X7		128.0	False	ASN	-	N	False	True	True	True			False	---	-	-	False	True	False	False		133.0	False	THR	-	T	False	True	True	True	275.0	275.0	True	HIS	H	H	True	False	False	True	279.0	279.0	True	HIS	H	H	True	False	False	True	302.0	302.0	True	HIS	H	H	True	False	False	True	3	3	N-THHH	---HHH	False	False	False	False	False
A0A914VGJ7	179.0	180.0	False	LEU	H	L	False	False	True	True	203.0	203.0	True	GLY	G	G	True	False	True	True	212.0	212.0	True	ARG	R	R	True	False	True	True		296.0	False	ASP	-	D	False	True	True	True		300.0	False	ARG	-	R	False	True	True	True		321.0	False	LEU	-	L	False	True	True	True	2	3	LGRDRL	HGR---	False	False	False	False	False
A0A914XEE1	179.0	180.0	False	LEU	H	L	False	False	True	True	203.0	203.0	True	GLY	G	G	True	False	True	True	212.0	212.0	True	ARG	R	R	True	False	True	True		296.0	False	ASP	-	D	False	True	True	True		300.0	False	ARG	-	R	False	True	True	True		321.0	False	LEU	-	L	False	True	True	True	2	3	LGRDRL	HGR---	False	False	False	False	False
A0A915AZH0	299.0	299.0	True	HIS	H	H	True	False	False	True	309.0	309.0	True	HIS	H	H	True	False	False	True	318.0	318.0	True	HIS	H	H	True	False	False	True	440.0	440.0	True	HIS	H	H	True	False	False	True	444.0	444.0	True	LEU	L	L	True	False	True	True	467.0	467.0	True	HIS	H	H	True	False	False	True	6	0	HHHHLH	HHHHLH	True	True	True	True	True
A0A915C5Q4	151.0	151.0	True	TYR	Y	Y	True	False	True	True	161.0	161.0	True	HIS	H	H	True	False	False	True	170.0	170.0	True	HIS	H	H	True	False	False	True	291.0	291.0	True	GLN	Q	Q	True	False	True	True	295.0	295.0	True	GLN	Q	Q	True	False	True	True	318.0	318.0	True	HIS	H	H	True	False	False	True	6	0	YHHQQH	YHHQQH	True	True	True	True	True
A0A915C6W5	165.0	165.0	True	TYR	Y	Y	True	False	True	True	175.0	175.0	True	HIS	H	H	True	False	False	True	184.0	184.0	True	HIS	H	H	True	False	False	True	305.0	305.0	True	GLN	Q	Q	True	False	True	True	309.0	309.0	True	GLN	Q	Q	True	False	True	True	332.0	332.0	True	HIS	H	H	True	False	False	True	6	0	YHHQQH	YHHQQH	True	True	True	True	True
A0A915JK17	156.0	156.0	True	ARG	R	R	True	False	True	True	165.0	165.0	True	GLN	Q	Q	True	False	True	True	174.0	174.0	True	HIS	H	H	True	False	False	True	297.0	297.0	True	SER	S	S	True	False	True	True	301.0	301.0	True	HIS	H	H	True	False	False	True	324.0	324.0	True	HIS	H	H	True	False	False	True	6	0	RQHSHH	RQHSHH	True	True	True	True	True
A0A915M8S0	118.0	118.0	True	HIS	H	H	True	False	False	True	127.0	127.0	True	HIS	H	H	True	False	False	True	136.0	136.0	True	HIS	H	H	True	False	False	True		245.0	False	CYS	-	C	False	True	True	True	249.0	249.0	True	HIS	H	H	True	False	False	True	272.0	272.0	True	HIS	H	H	True	False	False	True	5	1	HHHCHH	HHH-HH	False	False	False	False	False
A0A917QDB2		79.0	False	HIS	-	H	False	True	False	True	85.0	85.0	True	HIS	H	H	True	False	False	True	102.0	102.0	True	HIS	H	H	True	False	False	True	216.0	216.0	True	HIS	H	H	True	False	False	True	220.0	220.0	True	HIS	H	H	True	False	False	True	245.0	245.0	True	HIS	H	H	True	False	False	True	5	1	HHHHHH	-HHHHH	False	False	False	True	False
A0A918SV45		61.0	False	HIS	-	H	False	True	False	True	98.0	97.0	False	SER	H	S	False	False	True	True	110.0	110.0	True	HIS	H	H	True	False	False	True	216.0	216.0	True	HIS	H	H	True	False	False	True	220.0	220.0	True	HIS	H	H	True	False	False	True	245.0	245.0	True	HIS	H	H	True	False	False	True	4	1	HSHHHH	-HHHHH	False	False	False	False	False
A0A918T1K9		74.0	False	HIS	-	H	False	True	False	True	111.0	110.0	False	SER	H	S	False	False	True	True	123.0	123.0	True	HIS	H	H	True	False	False	True	229.0	229.0	True	HIS	H	H	True	False	False	True	233.0	233.0	True	HIS	H	H	True	False	False	True	258.0	258.0	True	HIS	H	H	True	False	False	True	4	1	HSHHHH	-HHHHH	False	False	False	False	False
A0A918W4Y4		62.0	False	HIS	-	H	False	True	False	True	98.0	97.0	False	SER	H	S	False	False	True	True	110.0	110.0	True	HIS	H	H	True	False	False	True	216.0	216.0	True	HIS	H	H	True	False	False	True	220.0	220.0	True	HIS	H	H	True	False	False	True	245.0	245.0	True	HIS	H	H	True	False	False	True	4	1	HSHHHH	-HHHHH	False	False	False	False	False
A0A918Z2Y2		75.0	False	HIS	-	H	False	True	False	True	115.0	111.0	False	SER	Q	S	False	False	True	True	124.0	124.0	True	HIS	H	H	True	False	False	True	230.0	230.0	True	HIS	H	H	True	False	False	True	234.0	234.0	True	HIS	H	H	True	False	False	True	259.0	259.0	True	HIS	H	H	True	False	False	True	4	1	HSHHHH	-QHHHH	False	False	False	False	False
A0A919DDV5		74.0	False	HIS	-	H	False	True	False	True	114.0	110.0	False	SER	Q	S	False	False	True	True	123.0	123.0	True	HIS	H	H	True	False	False	True	229.0	229.0	True	HIS	H	H	True	False	False	True	233.0	233.0	True	HIS	H	H	True	False	False	True	258.0	258.0	True	HIS	H	H	True	False	False	True	4	1	HSHHHH	-QHHHH	False	False	False	False	False
A0A919RHA1		177.0	False	TYR	-	Y	False	True	True	True	188.0	188.0	True	HIS	H	H	True	False	False	True	197.0	197.0	True	HIS	H	H	True	False	False	True		305.0	False	LEU	-	L	False	True	True	True	309.0	309.0	True	HIS	H	H	True	False	False	True	331.0	331.0	True	ARG	R	R	True	False	True	True	4	2	YHHLHR	-HH-HR	False	False	False	False	False
A0A934SPS7		91.0	False	TYR	-	Y	False	True	True	True		97.0	False	LEU	-	L	False	True	True	True	106.0	106.0	True	ASN	N	N	True	False	True	True	194.0	194.0	True	HIS	H	H	True	False	False	True	198.0	198.0	True	HIS	H	H	True	False	False	True	220.0	220.0	True	GLN	Q	Q	True	False	True	True	4	2	YLNHHQ	--NHHQ	False	False	False	False	False
A0A976IE71		58.0	False	PHE	-	F	False	True	True	True		68.0	False	VAL	-	V	False	True	True	True	77.0	77.0	True	TYR	Y	Y	True	False	True	True	229.0	229.0	True	GLN	Q	Q	True	False	True	True	233.0	233.0	True	HIS	H	H	True	False	False	True	255.0	255.0	True	TYR	Y	Y	True	False	True	True	4	2	FVYQHY	--YQHY	False	False	False	False	False
A0A9D3URW0		177.0	False	HIS	-	H	False	True	False	True		183.0	False	ASP	-	D	False	True	True	True		187.0	False	GLN	-	Q	False	True	True	True	308.0	308.0	True	HIS	H	H	True	False	False	True	312.0	312.0	True	HIS	H	H	True	False	False	True	342.0	342.0	True	HIS	H	H	True	False	False	True	3	3	HDQHHH	---HHH	False	False	False	False	False
A0A9D4DVG4		147.0	False	TYR	-	Y	False	True	True	True	155.0	155.0	True	HIS	H	H	True	False	False	True	164.0	164.0	True	ASN	N	N	True	False	True	True	274.0	274.0	True	HIS	H	H	True	False	False	True	278.0	278.0	True	HIS	H	H	True	False	False	True	301.0	301.0	True	HIS	H	H	True	False	False	True	5	1	YHNHHH	-HNHHH	False	False	False	False	False
A0A9D4DW49		147.0	False	TYR	-	Y	False	True	True	True	155.0	155.0	True	LEU	L	L	True	False	True	True	164.0	164.0	True	ASN	N	N	True	False	True	True	274.0	274.0	True	HIS	H	H	True	False	False	True	278.0	278.0	True	HIS	H	H	True	False	False	True	301.0	301.0	True	HIS	H	H	True	False	False	True	5	1	YLNHHH	-LNHHH	False	False	False	False	False
A0A9D4EB14		132.0	False	TYR	-	Y	False	True	True	True	140.0	140.0	True	HIS	H	H	True	False	False	True	149.0	149.0	True	HIS	H	H	True	False	False	True	264.0	264.0	True	SER	S	S	True	False	True	True	268.0	268.0	True	ASN	N	N	True	False	True	True	291.0	291.0	True	LEU	L	L	True	False	True	True	5	1	YHHSNL	-HHSNL	False	False	False	False	False
A0A9D4GX75	133.0	133.0	True	ARG	R	R	True	False	True	True	141.0	141.0	True	HIS	H	H	True	False	False	True	150.0	150.0	True	HIS	H	H	True	False	False	True	269.0	269.0	True	GLN	Q	Q	True	False	True	True	273.0	273.0	True	HIS	H	H	True	False	False	True	296.0	296.0	True	HIS	H	H	True	False	False	True	6	0	RHHQHH	RHHQHH	True	True	True	True	True
A0A9D4IDS9		147.0	False	TYR	-	Y	False	True	True	True	155.0	155.0	True	HIS	H	H	True	False	False	True	164.0	164.0	True	ASN	N	N	True	False	True	True	274.0	274.0	True	HIS	H	H	True	False	False	True	278.0	278.0	True	HIS	H	H	True	False	False	True	301.0	301.0	True	HIS	H	H	True	False	False	True	5	1	YHNHHH	-HNHHH	False	False	False	False	False
A0A9D4JUB0	133.0	133.0	True	ARG	R	R	True	False	True	True	141.0	141.0	True	HIS	H	H	True	False	False	True	150.0	150.0	True	HIS	H	H	True	False	False	True	269.0	269.0	True	GLN	Q	Q	True	False	True	True	273.0	273.0	True	HIS	H	H	True	False	False	True	296.0	296.0	True	HIS	H	H	True	False	False	True	6	0	RHHQHH	RHHQHH	True	True	True	True	True
A0A9D4V2I4	121.0	121.0	True	HIS	H	H	True	False	False	True	142.0	142.0	True	HIS	H	H	True	False	False	True	151.0	151.0	True	HIS	H	H	True	False	False	True	278.0	278.0	True	GLN	Q	Q	True	False	True	True	282.0	282.0	True	HIS	H	H	True	False	False	True	312.0	312.0	True	HIS	H	H	True	False	False	True	6	0	HHHQHH	HHHQHH	True	True	True	True	True
A0A9D4Z585	117.0	117.0	True	HIS	H	H	True	False	False	True	138.0	138.0	True	HIS	H	H	True	False	False	True	147.0	147.0	True	HIS	H	H	True	False	False	True	270.0	270.0	True	HIS	H	H	True	False	False	True	274.0	274.0	True	GLN	Q	Q	True	False	True	True	304.0	304.0	True	HIS	H	H	True	False	False	True	6	0	HHHHQH	HHHHQH	True	True	True	True	True
A0A9E7H3J2	107.0	107.0	True	HIS	H	H	True	False	False	True	121.0	121.0	True	ASP	D	D	True	False	True	True	130.0	130.0	True	HIS	H	H	True	False	False	True	253.0	253.0	True	HIS	H	H	True	False	False	True	257.0	257.0	True	HIS	H	H	True	False	False	True	286.0	286.0	True	HIS	H	H	True	False	False	True	6	0	HDHHHH	HDHHHH	True	True	True	True	True
A0A9J2Q8W3		151.0	False	PRO	-	P	False	True	True	True			False	---	-	-	False	True	False	False		155.0	False	PRO	-	P	False	True	True	True	130.0	130.0	True	HIS	H	H	True	False	False	True	134.0	134.0	True	HIS	H	H	True	False	False	True	157.0	31.0	False	TRP	H	W	False	False	True	True	2	3	P-PHHW	---HHH	False	False	False	False	False
A0A9J7MSC3	219.0	213.0	False	GLN	H	Q	False	False	True	True	229.0	229.0	True	GLN	Q	Q	True	False	True	True	238.0	238.0	True	ASN	N	N	True	False	True	True	383.0	383.0	True	ASN	N	N	True	False	True	True	387.0	387.0	True	HIS	H	H	True	False	False	True	413.0	413.0	True	ARG	R	R	True	False	True	True	5	0	QQNNHR	HQNNHR	False	False	False	False	False
A0A9N8JDS5	369.0	369.0	True	HIS	H	H	True	False	False	True	377.0	377.0	True	HIS	H	H	True	False	False	True	386.0	386.0	True	HIS	H	H	True	False	False	True	550.0	550.0	True	HIS	H	H	True	False	False	True	554.0	554.0	True	HIS	H	H	True	False	False	True	578.0	578.0	True	TYR	Y	Y	True	False	True	True	6	0	HHHHHY	HHHHHY	True	True	True	True	True
A0A9N8KBE8		145.0	False	TYR	-	Y	False	True	True	True	153.0	151.0	False	HIS	T	H	False	False	False	True	162.0	162.0	True	ASN	N	N	True	False	True	True		247.0	False	ILE	-	I	False	True	True	True		252.0	False	PRO	-	P	False	True	True	True		271.0	False	GLN	-	Q	False	True	True	True	1	4	YHNIPQ	-TN---	False	False	False	False	False
A0A9N8PYA4		145.0	False	TYR	-	Y	False	True	True	True	153.0	153.0	True	THR	T	T	True	False	True	True	162.0	162.0	True	ASN	N	N	True	False	True	True		247.0	False	ILE	-	I	False	True	True	True			False	---	-	-	False	True	False	False		295.0	False	GLN	-	Q	False	True	True	True	2	4	YTNI-Q	-TN---	False	False	False	False	False
A0A9N9KL52	151.0	151.0	True	HIS	H	H	True	False	False	True	159.0	159.0	True	HIS	H	H	True	False	False	True	168.0	168.0	True	HIS	H	H	True	False	False	True	296.0	296.0	True	HIS	H	H	True	False	False	True	300.0	300.0	True	PRO	P	P	True	False	True	True	322.0	322.0	True	HIS	H	H	True	False	False	True	6	0	HHHHPH	HHHHPH	True	True	True	True	True
A0A9N9LFQ9	70.0	70.0	True	HIS	H	H	True	False	False	True	91.0	91.0	True	HIS	H	H	True	False	False	True	100.0	100.0	True	HIS	H	H	True	False	False	True	322.0	322.0	True	HIS	H	H	True	False	False	True	326.0	326.0	True	HIS	H	H	True	False	False	True		348.0	False	CYS	-	C	False	True	True	True	5	1	HHHHHC	HHHHH-	False	False	False	False	False
A0A9N9LHE3	86.0	86.0	True	HIS	H	H	True	False	False	True	112.0	112.0	True	HIS	H	H	True	False	False	True	121.0	121.0	True	HIS	H	H	True	False	False	True	277.0	277.0	True	HIS	H	H	True	False	False	True	281.0	281.0	True	HIS	H	H	True	False	False	True	306.0	306.0	True	HIS	H	H	True	False	False	True	6	0	HHHHHH	HHHHHH	True	True	True	True	True
A0A9N9PT18	83.0	83.0	True	HIS	H	H	True	False	False	True		89.0	False	GLU	-	E	False	True	True	True	98.0	98.0	True	HIS	H	H	True	False	False	True	228.0	228.0	True	HIS	H	H	True	False	False	True	232.0	232.0	True	HIS	H	H	True	False	False	True	254.0	254.0	True	HIS	H	H	True	False	False	True	5	1	HEHHHH	H-HHHH	False	False	False	False	False
A0A9N9TUY4	97.0	78.0	False	VAL	H	V	False	False	True	True	134.0	134.0	True	HIS	H	H	True	False	False	True	143.0	143.0	True	HIS	H	H	True	False	False	True	390.0	390.0	True	HIS	H	H	True	False	False	True	394.0	394.0	True	HIS	H	H	True	False	False	True	425.0	425.0	True	HIS	H	H	True	False	False	True	5	0	VHHHHH	HHHHHH	False	False	False	False	False
A0A9P4H2P0	109.0	109.0	True	HIS	H	H	True	False	False	True	117.0	117.0	True	ASP	D	D	True	False	True	True	126.0	126.0	True	HIS	H	H	True	False	False	True	285.0	285.0	True	HIS	H	H	True	False	False	True	289.0	289.0	True	HIS	H	H	True	False	False	True	312.0	312.0	True	HIS	H	H	True	False	False	True	6	0	HDHHHH	HDHHHH	True	True	True	True	True
A0A9P4IEM6	72.0	72.0	True	HIS	H	H	True	False	False	True	104.0	104.0	True	HIS	H	H	True	False	False	True	113.0	113.0	True	HIS	H	H	True	False	False	True	302.0	302.0	True	HIS	H	H	True	False	False	True	306.0	306.0	True	HIS	H	H	True	False	False	True		330.0	False	ALA	-	A	False	True	True	True	5	1	HHHHHA	HHHHH-	False	False	False	False	False
A0A9P4JTW6	71.0	71.0	True	HIS	H	H	True	False	False	True	79.0	79.0	True	HIS	H	H	True	False	False	True	88.0	88.0	True	HIS	H	H	True	False	False	True	217.0	217.0	True	HIS	H	H	True	False	False	True	221.0	221.0	True	PRO	P	P	True	False	True	True	243.0	243.0	True	HIS	H	H	True	False	False	True	6	0	HHHHPH	HHHHPH	True	True	True	True	True
A0A9P4NQG6		43.0	False	PHE	-	F	False	True	True	True	54.0	54.0	True	HIS	H	H	True	False	False	True	63.0	63.0	True	HIS	H	H	True	False	False	True	223.0	223.0	True	HIS	H	H	True	False	False	True	227.0	227.0	True	HIS	H	H	True	False	False	True	250.0	250.0	True	HIS	H	H	True	False	False	True	5	1	FHHHHH	-HHHHH	False	False	False	False	False
A0A9P4PM19	94.0	94.0	True	HIS	H	H	True	False	False	True	102.0	102.0	True	HIS	H	H	True	False	False	True	111.0	111.0	True	ASP	D	D	True	False	True	True	273.0	273.0	True	HIS	H	H	True	False	False	True	277.0	277.0	True	HIS	H	H	True	False	False	True	300.0	300.0	True	HIS	H	H	True	False	False	True	6	0	HHDHHH	HHDHHH	True	True	True	True	True
A0A9P4PTR1	106.0	106.0	True	HIS	H	H	True	False	False	True	127.0	127.0	True	HIS	H	H	True	False	False	True	136.0	136.0	True	HIS	H	H	True	False	False	True	308.0	308.0	True	HIS	H	H	True	False	False	True	312.0	312.0	True	HIS	H	H	True	False	False	True	336.0	336.0	True	HIS	H	H	True	False	False	True	6	0	HHHHHH	HHHHHH	True	True	True	True	True
A0A9P4QMU1	118.0	118.0	True	HIS	H	H	True	False	False	True	126.0	126.0	True	HIS	H	H	True	False	False	True	135.0	135.0	True	HIS	H	H	True	False	False	True	264.0	264.0	True	HIS	H	H	True	False	False	True	268.0	268.0	True	PRO	P	P	True	False	True	True	290.0	290.0	True	HIS	H	H	True	False	False	True	6	0	HHHHPH	HHHHPH	True	True	True	True	True
A0A9P4U804	118.0	118.0	True	HIS	H	H	True	False	False	True	126.0	126.0	True	HIS	H	H	True	False	False	True	135.0	135.0	True	HIS	H	H	True	False	False	True	264.0	264.0	True	HIS	H	H	True	False	False	True	268.0	268.0	True	PRO	P	P	True	False	True	True	290.0	290.0	True	HIS	H	H	True	False	False	True	6	0	HHHHPH	HHHHPH	True	True	True	True	True
A0A9P4YYF2		94.0	False	HIS	-	H	False	True	False	True			False	---	-	-	False	True	False	False		141.0	False	ASP	-	D	False	True	True	True	269.0	269.0	True	HIS	H	H	True	False	False	True	273.0	273.0	True	HIS	H	H	True	False	False	True	311.0	311.0	True	HIS	H	H	True	False	False	True	3	3	H-DHHH	---HHH	False	False	False	False	False
A0A9P5BFG7	77.0	77.0	True	HIS	H	H	True	False	False	True	85.0	85.0	True	HIS	H	H	True	False	False	True	94.0	94.0	True	HIS	H	H	True	False	False	True	244.0	244.0	True	HIS	H	H	True	False	False	True	248.0	248.0	True	HIS	H	H	True	False	False	True	261.0	261.0	True	ARG	R	R	True	False	True	True	6	0	HHHHHR	HHHHHR	True	True	True	True	True
A0A9P5F1P8	49.0	49.0	True	HIS	H	H	True	False	False	True	57.0	57.0	True	HIS	H	H	True	False	False	True	66.0	66.0	True	HIS	H	H	True	False	False	True	234.0	234.0	True	HIS	H	H	True	False	False	True	238.0	238.0	True	HIS	H	H	True	False	False	True	262.0	262.0	True	GLN	Q	Q	True	False	True	True	6	0	HHHHHQ	HHHHHQ	True	True	True	True	True
A0A9P5IJI5	125.0	125.0	True	HIS	H	H	True	False	False	True	133.0	133.0	True	HIS	H	H	True	False	False	True	142.0	142.0	True	HIS	H	H	True	False	False	True	270.0	270.0	True	HIS	H	H	True	False	False	True	274.0	274.0	True	PRO	P	P	True	False	True	True	296.0	296.0	True	HIS	H	H	True	False	False	True	6	0	HHHHPH	HHHHPH	True	True	True	True	True
A0A9P6DJR5	94.0	94.0	True	HIS	H	H	True	False	False	True	102.0	102.0	True	HIS	H	H	True	False	False	True		110.0	False	TRP	-	W	False	True	True	True	246.0	246.0	True	HIS	H	H	True	False	False	True	250.0	250.0	True	HIS	H	H	True	False	False	True	284.0	284.0	True	HIS	H	H	True	False	False	True	5	1	HHWHHH	HH-HHH	False	False	False	False	False
A0A9P6EYF3	46.0	46.0	True	HIS	H	H	True	False	False	True	67.0	65.0	False	CYS	H	C	False	False	True	True	70.0	70.0	True	HIS	H	H	True	False	False	True	260.0	260.0	True	HIS	H	H	True	False	False	True	264.0	264.0	True	HIS	H	H	True	False	False	True	304.0	304.0	True	HIS	H	H	True	False	False	True	5	0	HCHHHH	HHHHHH	False	False	False	False	False
A0A9P6HVN3		180.0	False	VAL	-	V	False	True	True	True			False	---	-	-	False	True	False	False		175.0	False	ALA	-	A	False	True	True	True	121.0		False	---	H	-	False	False	False	False	125.0	143.0	False	PHE	H	F	False	False	True	True	147.0	148.0	False	ALA	H	A	False	False	True	True	0	3	V-A-FA	---HHH	False	False	False	False	False
A0A9P6HYB5	83.0	83.0	True	HIS	H	H	True	False	False	True	91.0	91.0	True	HIS	H	H	True	False	False	True	100.0	100.0	True	HIS	H	H	True	False	False	True	268.0	268.0	True	HIS	H	H	True	False	False	True	272.0	272.0	True	HIS	H	H	True	False	False	True	296.0	296.0	True	GLN	Q	Q	True	False	True	True	6	0	HHHHHQ	HHHHHQ	True	True	True	True	True
A0A9P6LG06	50.0	50.0	True	HIS	H	H	True	False	False	True	58.0	58.0	True	HIS	H	H	True	False	False	True	67.0	67.0	True	HIS	H	H	True	False	False	True	212.0	212.0	True	HIS	H	H	True	False	False	True	216.0	216.0	True	PRO	P	P	True	False	True	True	238.0	238.0	True	HIS	H	H	True	False	False	True	6	0	HHHHPH	HHHHPH	True	True	True	True	True
A0A9P7HU99	42.0	42.0	True	HIS	H	H	True	False	False	True	50.0	50.0	True	HIS	H	H	True	False	False	True	59.0	59.0	True	HIS	H	H	True	False	False	True	196.0	196.0	True	HIS	H	H	True	False	False	True	200.0	200.0	True	PRO	P	P	True	False	True	True	222.0	222.0	True	HIS	H	H	True	False	False	True	6	0	HHHHPH	HHHHPH	True	True	True	True	True
A0A9P7QPY3	90.0	90.0	True	HIS	H	H	True	False	False	True	98.0	98.0	True	HIS	H	H	True	False	False	True	107.0	107.0	True	HIS	H	H	True	False	False	True	226.0	226.0	True	HIS	H	H	True	False	False	True	230.0	230.0	True	TYR	Y	Y	True	False	True	True	253.0	253.0	True	HIS	H	H	True	False	False	True	6	0	HHHHYH	HHHHYH	True	True	True	True	True
A0A9P7R1E3	84.0	84.0	True	HIS	H	H	True	False	False	True	92.0		False	---	H	-	False	False	False	False	112.0	120.0	False	ASP	H	D	False	False	True	True	249.0	249.0	True	HIS	H	H	True	False	False	True	253.0	253.0	True	HIS	H	H	True	False	False	True	291.0	291.0	True	HIS	H	H	True	False	False	True	4	0	H-DHHH	HHHHHH	False	False	False	False	False
A0A9P7R9D2	205.0	205.0	True	HIS	H	H	True	False	False	True	213.0	213.0	True	HIS	H	H	True	False	False	True	222.0	222.0	True	HIS	H	H	True	False	False	True	390.0	390.0	True	HIS	H	H	True	False	False	True	394.0	394.0	True	HIS	H	H	True	False	False	True	418.0	418.0	True	GLN	Q	Q	True	False	True	True	6	0	HHHHHQ	HHHHHQ	True	True	True	True	True
A0A9P8DKY9	42.0	42.0	True	HIS	H	H	True	False	False	True	50.0	50.0	True	HIS	H	H	True	False	False	True	59.0	59.0	True	HIS	H	H	True	False	False	True	196.0	196.0	True	HIS	H	H	True	False	False	True	200.0	200.0	True	PRO	P	P	True	False	True	True	222.0	222.0	True	HIS	H	H	True	False	False	True	6	0	HHHHPH	HHHHPH	True	True	True	True	True
A0A9P8EVR0		147.0	False	TYR	-	Y	False	True	True	True	155.0	155.0	True	THR	T	T	True	False	True	True	164.0	164.0	True	ASN	N	N	True	False	True	True		249.0	False	ILE	-	I	False	True	True	True		254.0	False	PRO	-	P	False	True	True	True		271.0	False	GLN	-	Q	False	True	True	True	2	4	YTNIPQ	-TN---	False	False	False	False	False
A0A9P8G211		147.0	False	TYR	-	Y	False	True	True	True	155.0	155.0	True	THR	T	T	True	False	True	True	164.0	164.0	True	ASN	N	N	True	False	True	True		249.0	False	ILE	-	I	False	True	True	True		254.0	False	PRO	-	P	False	True	True	True		271.0	False	GLN	-	Q	False	True	True	True	2	4	YTNIPQ	-TN---	False	False	False	False	False
A0A9P8G4G9		146.0	False	TYR	-	Y	False	True	True	True	154.0	154.0	True	THR	T	T	True	False	True	True	163.0	163.0	True	ASN	N	N	True	False	True	True		248.0	False	ILE	-	I	False	True	True	True		253.0	False	PRO	-	P	False	True	True	True		270.0	False	GLN	-	Q	False	True	True	True	2	4	YTNIPQ	-TN---	False	False	False	False	False
A0A9P8GH40		146.0	False	TYR	-	Y	False	True	True	True	154.0	154.0	True	THR	T	T	True	False	True	True	163.0	163.0	True	ASN	N	N	True	False	True	True			False	---	-	-	False	True	False	False		254.0	False	PHE	-	F	False	True	True	True		270.0	False	GLN	-	Q	False	True	True	True	2	4	YTN-FQ	-TN---	False	False	False	False	False
A0A9P8JBW6		145.0	False	TYR	-	Y	False	True	True	True	153.0	153.0	True	THR	T	T	True	False	True	True	162.0	162.0	True	ASN	N	N	True	False	True	True		247.0	False	ILE	-	I	False	True	True	True		251.0	False	ALA	-	A	False	True	True	True		269.0	False	GLN	-	Q	False	True	True	True	2	4	YTNIAQ	-TN---	False	False	False	False	False
A0A9P8MUU1		154.0	False	ARG	-	R	False	True	True	True	162.0		False	---	T	-	False	False	False	False	171.0	171.0	True	ASN	N	N	True	False	True	True	303.0	303.0	True	SER	S	S	True	False	True	True	307.0	307.0	True	SER	S	S	True	False	True	True		329.0	False	LEU	-	L	False	True	True	True	3	2	R-NSSL	-TNSS-	False	False	False	False	False
A0A9P8SF21	83.0	83.0	True	HIS	H	H	True	False	False	True	107.0	107.0	True	HIS	H	H	True	False	False	True	116.0	116.0	True	HIS	H	H	True	False	False	True	268.0	268.0	True	HIS	H	H	True	False	False	True	272.0	272.0	True	HIS	H	H	True	False	False	True	297.0	297.0	True	TYR	Y	Y	True	False	True	True	6	0	HHHHHY	HHHHHY	True	True	True	True	True
A0A9P9AG59	48.0	48.0	True	HIS	H	H	True	False	False	True	56.0	56.0	True	HIS	H	H	True	False	False	True	65.0	65.0	True	HIS	H	H	True	False	False	True	188.0	188.0	True	HIS	H	H	True	False	False	True	192.0	192.0	True	PRO	P	P	True	False	True	True	214.0	214.0	True	HIS	H	H	True	False	False	True	6	0	HHHHPH	HHHHPH	True	True	True	True	True
A0A9P9IM25	96.0	96.0	True	HIS	H	H	True	False	False	True	120.0	120.0	True	HIS	H	H	True	False	False	True	129.0	129.0	True	HIS	H	H	True	False	False	True	262.0	262.0	True	HIS	H	H	True	False	False	True	266.0	266.0	True	HIS	H	H	True	False	False	True	299.0	299.0	True	HIS	H	H	True	False	False	True	6	0	HHHHHH	HHHHHH	True	True	True	True	True
A0A9P9KNI3	42.0	42.0	True	HIS	H	H	True	False	False	True	50.0	50.0	True	HIS	H	H	True	False	False	True	59.0	59.0	True	HIS	H	H	True	False	False	True	196.0	196.0	True	HIS	H	H	True	False	False	True	200.0	200.0	True	PRO	P	P	True	False	True	True	222.0	222.0	True	HIS	H	H	True	False	False	True	6	0	HHHHPH	HHHHPH	True	True	True	True	True
A0A9Q0B6Y1	205.0	205.0	True	HIS	H	H	True	False	False	True	213.0	213.0	True	HIS	H	H	True	False	False	True	222.0	222.0	True	HIS	H	H	True	False	False	True	390.0	390.0	True	HIS	H	H	True	False	False	True	394.0	394.0	True	HIS	H	H	True	False	False	True	418.0	418.0	True	GLN	Q	Q	True	False	True	True	6	0	HHHHHQ	HHHHHQ	True	True	True	True	True
A0A9Q0QJI7	146.0	146.0	True	HIS	H	H	True	False	False	True	166.0	166.0	True	HIS	H	H	True	False	False	True	175.0	175.0	True	HIS	H	H	True	False	False	True	306.0	306.0	True	HIS	H	H	True	False	False	True	310.0	310.0	True	HIS	H	H	True	False	False	True		343.0	False	CYS	-	C	False	True	True	True	5	1	HHHHHC	HHHHH-	False	False	False	False	False
A0A9Q3GXD1	185.0	185.0	True	HIS	H	H	True	False	False	True	193.0	193.0	True	HIS	H	H	True	False	False	True	202.0	202.0	True	HIS	H	H	True	False	False	True	345.0	345.0	True	HIS	H	H	True	False	False	True	349.0	349.0	True	HIS	H	H	True	False	False	True		372.0	False	ASP	-	D	False	True	True	True	5	1	HHHHHD	HHHHH-	False	False	False	False	False
A0A9Q3H9V3	68.0	68.0	True	HIS	H	H	True	False	False	True	76.0	76.0	True	ILE	I	I	True	False	True	True	85.0	85.0	True	HIS	H	H	True	False	False	True	213.0	213.0	True	HIS	H	H	True	False	False	True	217.0	217.0	True	PRO	P	P	True	False	True	True			False	---	-	-	False	True	False	False	5	1	HIHHP-	HIHHP-	True	False	True	True	False
A0A9Q8LKP3	132.0	132.0	True	HIS	H	H	True	False	False	True	140.0	140.0	True	HIS	H	H	True	False	False	True	149.0	149.0	True	HIS	H	H	True	False	False	True	280.0	280.0	True	HIS	H	H	True	False	False	True	284.0	284.0	True	PRO	P	P	True	False	True	True	306.0	306.0	True	HIS	H	H	True	False	False	True	6	0	HHHHPH	HHHHPH	True	True	True	True	True
A0A9Q8T2R4	87.0	87.0	True	HIS	H	H	True	False	False	True	91.0		False	---	T	-	False	False	False	False	100.0	100.0	True	HIS	H	H	True	False	False	True	252.0	252.0	True	HIS	H	H	True	False	False	True	256.0	256.0	True	HIS	H	H	True	False	False	True	282.0	282.0	True	HIS	H	H	True	False	False	True	5	0	H-HHHH	HTHHHH	False	False	True	True	False
A0A9Q8WCM4	205.0	205.0	True	HIS	H	H	True	False	False	True	213.0	213.0	True	HIS	H	H	True	False	False	True	222.0	222.0	True	HIS	H	H	True	False	False	True	390.0	390.0	True	HIS	H	H	True	False	False	True	394.0	394.0	True	HIS	H	H	True	False	False	True	418.0	418.0	True	GLN	Q	Q	True	False	True	True	6	0	HHHHHQ	HHHHHQ	True	True	True	True	True
A0A9Q8WG05		72.0	False	VAL	-	V	False	True	True	True		273.0	False	ALA	-	A	False	True	True	True		82.0	False	TYR	-	Y	False	True	True	True	211.0	211.0	True	HIS	H	H	True	False	False	True	215.0	215.0	True	HIS	H	H	True	False	False	True	238.0	238.0	True	HIS	H	H	True	False	False	True	3	3	VAYHHH	---HHH	False	False	False	False	False
A0A9Q8ZBH0	119.0	117.0	False	ASN	T	N	False	False	True	True	123.0	123.0	True	HIS	H	H	True	False	False	True	132.0	132.0	True	HIS	H	H	True	False	False	True	296.0	296.0	True	HIS	H	H	True	False	False	True	300.0	300.0	True	HIS	H	H	True	False	False	True	324.0	324.0	True	HIS	H	H	True	False	False	True	5	0	NHHHHH	THHHHH	False	False	False	False	False
A0A9R0TD02	157.0	157.0	True	HIS	H	H	True	False	False	True	178.0	178.0	True	HIS	H	H	True	False	False	True	187.0	187.0	True	HIS	H	H	True	False	False	True	309.0	309.0	True	HIS	H	H	True	False	False	True	313.0	313.0	True	HIS	H	H	True	False	False	True	343.0	343.0	True	ASN	N	N	True	False	True	True	6	0	HHHHHN	HHHHHN	True	True	True	True	True
A0A9R0VMT2	37.0	37.0	True	HIS	H	H	True	False	False	True	58.0	58.0	True	HIS	H	H	True	False	False	True	66.0	66.0	True	HIS	H	H	True	False	False	True	188.0	188.0	True	HIS	H	H	True	False	False	True	192.0	192.0	True	HIS	H	H	True	False	False	True	222.0	222.0	True	HIS	H	H	True	False	False	True	6	0	HHHHHH	HHHHHH	True	True	True	True	True
A0A9R1KF29	29.0	29.0	True	HIS	H	H	True	False	False	True	50.0	50.0	True	HIS	H	H	True	False	False	True	59.0	59.0	True	HIS	H	H	True	False	False	True	181.0	181.0	True	HIS	H	H	True	False	False	True	185.0	185.0	True	HIS	H	H	True	False	False	True	215.0	215.0	True	ASN	N	N	True	False	True	True	6	0	HHHHHN	HHHHHN	True	True	True	True	True
A0A9R1N0A3	37.0	37.0	True	HIS	H	H	True	False	False	True	58.0	58.0	True	HIS	H	H	True	False	False	True	66.0	66.0	True	HIS	H	H	True	False	False	True	188.0	188.0	True	HIS	H	H	True	False	False	True	192.0	192.0	True	HIS	H	H	True	False	False	True	222.0	222.0	True	HIS	H	H	True	False	False	True	6	0	HHHHHH	HHHHHH	True	True	True	True	True
A0A9R1RCW5		168.0	False	HIS	-	H	False	True	False	True			False	---	-	-	False	True	False	False		186.0	False	LEU	-	L	False	True	True	True	308.0	308.0	True	HIS	H	H	True	False	False	True	312.0	312.0	True	HIS	H	H	True	False	False	True	342.0	342.0	True	HIS	H	H	True	False	False	True	3	3	H-LHHH	---HHH	False	False	False	False	False
A0A9W3BB61	139.0	139.0	True	LEU	L	L	True	False	True	True	147.0	146.0	False	ILE	Y	I	False	False	True	True	156.0	156.0	True	ASN	N	N	True	False	True	True	268.0	268.0	True	ARG	R	R	True	False	True	True	272.0	272.0	True	HIS	H	H	True	False	False	True	295.0	295.0	True	HIS	H	H	True	False	False	True	5	0	LINRHH	LYNRHH	False	False	False	False	False
A0A9W4KMZ8	172.0	172.0	True	HIS	H	H	True	False	False	True	178.0	178.0	True	HIS	H	H	True	False	False	True	187.0	187.0	True	HIS	H	H	True	False	False	True	340.0	340.0	True	HIS	H	H	True	False	False	True	344.0	344.0	True	HIS	H	H	True	False	False	True		383.0	False	MET	-	M	False	True	True	True	5	1	HHHHHM	HHHHH-	False	False	False	False	False
A0A9W4W8U2	49.0	49.0	True	HIS	H	H	True	False	False	True	57.0	57.0	True	HIS	H	H	True	False	False	True	66.0	66.0	True	HIS	H	H	True	False	False	True	234.0	234.0	True	HIS	H	H	True	False	False	True	238.0	238.0	True	HIS	H	H	True	False	False	True	262.0	262.0	True	GLN	Q	Q	True	False	True	True	6	0	HHHHHQ	HHHHHQ	True	True	True	True	True
A0A9W6BT77	131.0	131.0	True	HIS	H	H	True	False	False	True	149.0	149.0	True	HIS	H	H	True	False	False	True	158.0	158.0	True	HIS	H	H	True	False	False	True	301.0	301.0	True	HIS	H	H	True	False	False	True	305.0	305.0	True	HIS	H	H	True	False	False	True	328.0	328.0	True	HIS	H	H	True	False	False	True	6	0	HHHHHH	HHHHHH	True	True	True	True	True
A0A9W6TPR0	80.0	80.0	True	HIS	H	H	True	False	False	True	90.0	90.0	True	HIS	H	H	True	False	False	True	99.0	99.0	True	HIS	H	H	True	False	False	True	239.0	238.0	False	ILE	H	I	False	False	True	True	241.0	241.0	True	HIS	H	H	True	False	False	True	263.0	263.0	True	HIS	H	H	True	False	False	True	5	0	HHHIHH	HHHHHH	False	False	False	False	False
A0A9W6UBD6		57.0	False	TYR	-	Y	False	True	True	True		67.0	False	VAL	-	V	False	True	True	True	76.0	76.0	True	TYR	Y	Y	True	False	True	True	228.0	228.0	True	GLN	Q	Q	True	False	True	True	232.0	232.0	True	HIS	H	H	True	False	False	True	254.0	254.0	True	TYR	Y	Y	True	False	True	True	4	2	YVYQHY	--YQHY	False	False	False	False	False
A0A9W7T0I7	15.0	15.0	True	HIS	H	H	True	False	False	True	23.0	23.0	True	HIS	H	H	True	False	False	True	32.0	32.0	True	HIS	H	H	True	False	False	True	163.0	163.0	True	HIS	H	H	True	False	False	True	167.0	167.0	True	PRO	P	P	True	False	True	True	189.0	189.0	True	HIS	H	H	True	False	False	True	6	0	HHHHPH	HHHHPH	True	True	True	True	True
A0A9W8VAU3		73.0	False	PRO	-	P	False	True	True	True			False	---	-	-	False	True	False	False		77.0	False	HIS	-	H	False	True	False	True	209.0	209.0	True	HIS	H	H	True	False	False	True	213.0	213.0	True	HIS	H	H	True	False	False	True	235.0	235.0	True	HIS	H	H	True	False	False	True	3	3	P-HHHH	---HHH	False	False	False	False	False
A0A9W9IRY5		117.0	False	HIS	-	H	False	True	False	True	125.0	125.0	True	HIS	H	H	True	False	False	True	134.0	134.0	True	HIS	H	H	True	False	False	True	264.0	264.0	True	HIS	H	H	True	False	False	True	268.0	268.0	True	PRO	P	P	True	False	True	True	290.0	290.0	True	HIS	H	H	True	False	False	True	5	1	HHHHPH	-HHHPH	False	False	False	True	False
A0A9W9Q612	79.0	79.0	True	HIS	H	H	True	False	False	True	101.0	101.0	True	HIS	H	H	True	False	False	True	110.0	110.0	True	HIS	H	H	True	False	False	True	309.0	309.0	True	HIS	H	H	True	False	False	True	317.0	313.0	False	ARG	H	R	False	False	True	True	342.0	342.0	True	HIS	H	H	True	False	False	True	5	0	HHHHRH	HHHHHH	False	False	False	False	False
A0A9W9T4Q6	113.0	113.0	True	HIS	H	H	True	False	False	True	121.0	121.0	True	ILE	I	I	True	False	True	True	130.0	130.0	True	HIS	H	H	True	False	False	True	258.0	258.0	True	HIS	H	H	True	False	False	True	262.0	262.0	True	PRO	P	P	True	False	True	True	284.0	284.0	True	HIS	H	H	True	False	False	True	6	0	HIHHPH	HIHHPH	True	True	True	True	True
A0A9W9UKW6	79.0	79.0	True	HIS	H	H	True	False	False	True	101.0	101.0	True	HIS	H	H	True	False	False	True	110.0	110.0	True	HIS	H	H	True	False	False	True	309.0	309.0	True	HIS	H	H	True	False	False	True	317.0	313.0	False	ARG	H	R	False	False	True	True	342.0	342.0	True	HIS	H	H	True	False	False	True	5	0	HHHHRH	HHHHHH	False	False	False	False	False
A0A9W9WQE3	106.0	106.0	True	GLN	Q	Q	True	False	True	True	128.0	128.0	True	HIS	H	H	True	False	False	True	137.0	137.0	True	HIS	H	H	True	False	False	True	336.0	336.0	True	HIS	H	H	True	False	False	True	340.0	340.0	True	HIS	H	H	True	False	False	True	365.0	365.0	True	HIS	H	H	True	False	False	True	6	0	QHHHHH	QHHHHH	True	True	True	True	True
A0A9X0AKU8	126.0	126.0	True	HIS	H	H	True	False	False	True	134.0	134.0	True	HIS	H	H	True	False	False	True	143.0	143.0	True	HIS	H	H	True	False	False	True	270.0	270.0	True	HIS	H	H	True	False	False	True	274.0	274.0	True	PRO	P	P	True	False	True	True	296.0	296.0	True	HIS	H	H	True	False	False	True	6	0	HHHHPH	HHHHPH	True	True	True	True	True
A0A9X0AXG5	106.0	106.0	True	HIS	H	H	True	False	False	True	114.0	114.0	True	HIS	H	H	True	False	False	True	123.0	123.0	True	HIS	H	H	True	False	False	True	267.0	267.0	True	HIS	H	H	True	False	False	True	271.0	271.0	True	PRO	P	P	True	False	True	True	293.0	293.0	True	HIS	H	H	True	False	False	True	6	0	HHHHPH	HHHHPH	True	True	True	True	True
A0AA35M0Q8	97.0	78.0	False	VAL	H	V	False	False	True	True	134.0	134.0	True	HIS	H	H	True	False	False	True	143.0	143.0	True	HIS	H	H	True	False	False	True	390.0	390.0	True	HIS	H	H	True	False	False	True	394.0	394.0	True	HIS	H	H	True	False	False	True	425.0	425.0	True	HIS	H	H	True	False	False	True	5	0	VHHHHH	HHHHHH	False	False	False	False	False
A0AA35TLZ1	178.0	178.0	True	HIS	H	H	True	False	False	True	195.0	195.0	True	HIS	H	H	True	False	False	True	204.0	204.0	True	HIS	H	H	True	False	False	True	334.0	347.0	False	THR	C	T	False	False	True	True	338.0	351.0	False	THR	H	T	False	False	True	True	374.0	374.0	True	HIS	H	H	True	False	False	True	4	0	HHHTTH	HHHCHH	False	False	False	False	False
A0AA37GRR7	69.0	69.0	True	HIS	H	H	True	False	False	True	77.0	77.0	True	HIS	H	H	True	False	False	True	86.0	86.0	True	HIS	H	H	True	False	False	True	254.0	254.0	True	HIS	H	H	True	False	False	True	258.0	258.0	True	HIS	H	H	True	False	False	True	282.0	282.0	True	GLN	Q	Q	True	False	True	True	6	0	HHHHHQ	HHHHHQ	True	True	True	True	True
A0AA37LRM6	137.0	137.0	True	HIS	H	H	True	False	False	True	145.0	145.0	True	HIS	H	H	True	False	False	True	154.0	154.0	True	HIS	H	H	True	False	False	True	277.0	277.0	True	HIS	H	H	True	False	False	True	281.0	281.0	True	PRO	P	P	True	False	True	True	334.0	334.0	True	HIS	H	H	True	False	False	True	6	0	HHHHPH	HHHHPH	True	True	True	True	True
A0AA37P8W3	69.0	69.0	True	HIS	H	H	True	False	False	True	77.0	77.0	True	HIS	H	H	True	False	False	True	86.0	86.0	True	HIS	H	H	True	False	False	True	272.0	272.0	True	HIS	H	H	True	False	False	True	276.0	276.0	True	HIS	H	H	True	False	False	True	300.0	300.0	True	GLN	Q	Q	True	False	True	True	6	0	HHHHHQ	HHHHHQ	True	True	True	True	True
A0AA38RAI0	21.0	21.0	True	HIS	H	H	True	False	False	True	29.0	29.0	True	HIS	H	H	True	False	False	True	38.0	38.0	True	HIS	H	H	True	False	False	True	175.0	175.0	True	HIS	H	H	True	False	False	True	179.0	179.0	True	PRO	P	P	True	False	True	True	201.0	201.0	True	HIS	H	H	True	False	False	True	6	0	HHHHPH	HHHHPH	True	True	True	True	True
A0AA38XVF3	134.0	134.0	True	HIS	H	H	True	False	False	True	142.0	142.0	True	HIS	H	H	True	False	False	True	151.0	151.0	True	HIS	H	H	True	False	False	True	258.0	258.0	True	HIS	H	H	True	False	False	True	262.0	262.0	True	PRO	P	P	True	False	True	True	284.0	284.0	True	HIS	H	H	True	False	False	True	6	0	HHHHPH	HHHHPH	True	True	True	True	True
A0AA38ZJU6	190.0	190.0	True	HIS	H	H	True	False	False	True	211.0	211.0	True	HIS	H	H	True	False	False	True	220.0	220.0	True	HIS	H	H	True	False	False	True	342.0	342.0	True	HIS	H	H	True	False	False	True	346.0	346.0	True	HIS	H	H	True	False	False	True	375.0	375.0	True	TYR	Y	Y	True	False	True	True	6	0	HHHHHY	HHHHHY	True	True	True	True	True
A0AA39GKR5	129.0	129.0	True	HIS	H	H	True	False	False	True	137.0	137.0	True	HIS	H	H	True	False	False	True	146.0	146.0	True	HIS	H	H	True	False	False	True	270.0	270.0	True	HIS	H	H	True	False	False	True	274.0	274.0	True	PRO	P	P	True	False	True	True	296.0	296.0	True	HIS	H	H	True	False	False	True	6	0	HHHHPH	HHHHPH	True	True	True	True	True
A0AA39K704	91.0	91.0	True	HIS	H	H	True	False	False	True	99.0	99.0	True	HIS	H	H	True	False	False	True	108.0	108.0	True	TYR	Y	Y	True	False	True	True	246.0	246.0	True	HIS	H	H	True	False	False	True	250.0	250.0	True	HIS	H	H	True	False	False	True	285.0	285.0	True	HIS	H	H	True	False	False	True	6	0	HHYHHH	HHYHHH	True	True	True	True	True
A0AA39T9Y6	83.0	83.0	True	TYR	Y	Y	True	False	True	True	97.0	97.0	True	HIS	H	H	True	False	False	True	106.0	106.0	True	HIS	H	H	True	False	False	True	225.0	225.0	True	HIS	H	H	True	False	False	True	229.0	229.0	True	HIS	H	H	True	False	False	True	252.0	252.0	True	HIS	H	H	True	False	False	True	6	0	YHHHHH	YHHHHH	True	True	True	True	True
A0AA39WFD7	76.0	76.0	True	HIS	H	H	True	False	False	True	84.0	84.0	True	HIS	H	H	True	False	False	True	93.0	93.0	True	HIS	H	H	True	False	False	True	222.0	222.0	True	HIS	H	H	True	False	False	True	226.0	226.0	True	HIS	H	H	True	False	False	True	238.0	238.0	True	HIS	H	H	True	False	False	True	6	0	HHHHHH	HHHHHH	True	True	True	True	True
A0AA39YZL0		100.0	False	HIS	-	H	False	True	False	True	100.0		False	---	H	-	False	False	False	False	110.0	110.0	True	HIS	H	H	True	False	False	True	255.0	255.0	True	HIS	H	H	True	False	False	True	259.0	259.0	True	HIS	H	H	True	False	False	True	302.0	302.0	True	HIS	H	H	True	False	False	True	4	1	H-HHHH	-HHHHH	False	False	False	True	False
A0AA39ZVR3	132.0	132.0	True	HIS	H	H	True	False	False	True	140.0	140.0	True	HIS	H	H	True	False	False	True	149.0	149.0	True	HIS	H	H	True	False	False	True	314.0	314.0	True	PRO	P	P	True	False	True	True	318.0	318.0	True	HIS	H	H	True	False	False	True	342.0	342.0	True	HIS	H	H	True	False	False	True	6	0	HHHPHH	HHHPHH	True	True	True	True	True
A0AA40K7X1		23.0	False	TYR	-	Y	False	True	True	True	31.0	31.0	True	HIS	H	H	True	False	False	True	40.0	40.0	True	HIS	H	H	True	False	False	True	154.0	154.0	True	HIS	H	H	True	False	False	True	158.0	158.0	True	HIS	H	H	True	False	False	True	189.0	189.0	True	HIS	H	H	True	False	False	True	5	1	YHHHHH	-HHHHH	False	False	False	False	False
A0AA41U5V3	46.0	46.0	True	LYS	K	K	True	False	True	True	54.0	54.0	True	HIS	H	H	True	False	False	True	63.0	63.0	True	ASN	N	N	True	False	True	True	170.0	170.0	True	ASN	N	N	True	False	True	True	174.0	174.0	True	HIS	H	H	True	False	False	True	196.0	196.0	True	ALA	A	A	True	False	True	True	6	0	KHNNHA	KHNNHA	True	True	True	True	True
A0AA42B2P4	99.0	99.0	True	HIS	H	H	True	False	False	True	122.0	122.0	True	HIS	H	H	True	False	False	True	131.0	131.0	True	HIS	H	H	True	False	False	True	259.0	259.0	True	ARG	R	R	True	False	True	True	263.0	263.0	True	HIS	H	H	True	False	False	True	293.0	293.0	True	HIS	H	H	True	False	False	True	6	0	HHHRHH	HHHRHH	True	True	True	True	True
A0AA43QLN8	104.0	104.0	True	HIS	H	H	True	False	False	True	115.0	115.0	True	HIS	H	H	True	False	False	True	124.0	124.0	True	HIS	H	H	True	False	False	True	250.0	249.0	False	ALA	H	A	False	False	True	True	254.0	253.0	False	LEU	T	L	False	False	True	True	276.0	276.0	True	HIS	H	H	True	False	False	True	4	0	HHHALH	HHHHTH	False	False	False	False	False
A0AA87Y286		75.0	False	HIS	-	H	False	True	False	True		108.0	False	SER	-	S	False	True	True	True	121.0	121.0	True	HIS	H	H	True	False	False	True	223.0	223.0	True	HIS	H	H	True	False	False	True	227.0	227.0	True	HIS	H	H	True	False	False	True	252.0	252.0	True	HIS	H	H	True	False	False	True	4	2	HSHHHH	--HHHH	False	False	False	False	False
A0AA88XJ60	163.0	160.0	False	ALA	I	A	False	False	True	True	171.0		False	---	M	-	False	False	False	False	180.0	184.0	False	ILE	N	I	False	False	True	True	295.0	295.0	True	GLN	Q	Q	True	False	True	True	299.0	299.0	True	HIS	H	H	True	False	False	True	322.0	322.0	True	ARG	R	R	True	False	True	True	3	0	A-IQHR	IMNQHR	False	False	False	False	False
A0AA88XTS7	8.0	8.0	True	HIS	H	H	True	False	False	True	17.0	17.0	True	TYR	Y	Y	True	False	True	True	26.0	26.0	True	ASN	N	N	True	False	True	True	137.0	137.0	True	GLN	Q	Q	True	False	True	True	141.0	141.0	True	HIS	H	H	True	False	False	True	164.0	164.0	True	ARG	R	R	True	False	True	True	6	0	HYNQHR	HYNQHR	True	True	True	True	True
A0AA89B2U6		188.0	False	PRO	-	P	False	True	True	True	209.0	209.0	True	HIS	H	H	True	False	False	True	218.0	218.0	True	HIS	H	H	True	False	False	True	340.0	340.0	True	HIS	H	H	True	False	False	True	344.0	344.0	True	HIS	H	H	True	False	False	True		374.0	False	MET	-	M	False	True	True	True	4	2	PHHHHM	-HHHH-	False	False	False	False	False
A0AAD2E0S8	19.0	19.0	True	HIS	H	H	True	False	False	True	40.0	40.0	True	HIS	H	H	True	False	False	True	49.0	49.0	True	HIS	H	H	True	False	False	True	172.0	172.0	True	ARG	R	R	True	False	True	True	176.0	176.0	True	HIS	H	H	True	False	False	True	206.0	206.0	True	HIS	H	H	True	False	False	True	6	0	HHHRHH	HHHRHH	True	True	True	True	True
A0AAD3DIW9	90.0	90.0	True	HIS	H	H	True	False	False	True	99.0	99.0	True	ARG	R	R	True	False	True	True	108.0	108.0	True	HIS	H	H	True	False	False	True		275.0	False	HIS	-	H	False	True	False	True		279.0	False	LEU	-	L	False	True	True	True		331.0	False	ALA	-	A	False	True	True	True	3	3	HRHHLA	HRH---	False	False	False	False	False
A0AAD4BGZ0	68.0	65.0	False	ALA	H	A	False	False	True	True	111.0		False	---	K	-	False	False	False	False	120.0	124.0	False	THR	H	T	False	False	True	True	315.0	315.0	True	HIS	H	H	True	False	False	True	319.0	319.0	True	HIS	H	H	True	False	False	True	344.0	344.0	True	HIS	H	H	True	False	False	True	3	0	A-THHH	HKHHHH	False	False	False	False	False
A0AAD4NRB5	13.0	13.0	True	HIS	H	H	True	False	False	True	21.0	21.0	True	HIS	H	H	True	False	False	True	30.0	30.0	True	HIS	H	H	True	False	False	True	162.0	162.0	True	HIS	H	H	True	False	False	True	166.0	166.0	True	PRO	P	P	True	False	True	True	188.0	188.0	True	HIS	H	H	True	False	False	True	6	0	HHHHPH	HHHHPH	True	True	True	True	True
A0AAD5M387	80.0	80.0	True	HIS	H	H	True	False	False	True	90.0	90.0	True	TYR	Y	Y	True	False	True	True	99.0	99.0	True	ASN	N	N	True	False	True	True	239.0	239.0	True	HIS	H	H	True	False	False	True	243.0	243.0	True	HIS	H	H	True	False	False	True	265.0	265.0	True	HIS	H	H	True	False	False	True	6	0	HYNHHH	HYNHHH	True	True	True	True	True
A0AAD5T3C3	73.0	73.0	True	HIS	H	H	True	False	False	True	93.0		False	---	I	-	False	False	False	False	102.0	102.0	True	HIS	H	H	True	False	False	True	232.0	232.0	True	HIS	H	H	True	False	False	True	236.0	236.0	True	HIS	H	H	True	False	False	True	262.0	262.0	True	HIS	H	H	True	False	False	True	5	0	H-HHHH	HIHHHH	False	False	True	True	False
A0AAD5U3C8	59.0	59.0	True	HIS	H	H	True	False	False	True	68.0	68.0	True	SER	S	S	True	False	True	True	77.0	77.0	True	HIS	H	H	True	False	False	True	212.0	212.0	True	HIS	H	H	True	False	False	True	216.0	216.0	True	HIS	H	H	True	False	False	True	239.0	239.0	True	HIS	H	H	True	False	False	True	6	0	HSHHHH	HSHHHH	True	True	True	True	True
A0AAD5V4M1	65.0	65.0	True	HIS	H	H	True	False	False	True	86.0	86.0	True	TRP	W	W	True	False	True	True	95.0	95.0	True	HIS	H	H	True	False	False	True	308.0	308.0	True	HIS	H	H	True	False	False	True	312.0	312.0	True	HIS	H	H	True	False	False	True	337.0	337.0	True	HIS	H	H	True	False	False	True	6	0	HWHHHH	HWHHHH	True	True	True	True	True
A0AAD5VMH3	57.0	57.0	True	HIS	H	H	True	False	False	True	87.0	87.0	True	HIS	H	H	True	False	False	True	96.0	96.0	True	HIS	H	H	True	False	False	True	248.0	248.0	True	UNK	X	X	True	False	True	True	252.0	252.0	True	HIS	H	H	True	False	False	True	277.0	277.0	True	HIS	H	H	True	False	False	True	6	0	HHHXHH	HHHXHH	True	True	True	True	True
A0AAD5WPZ9	78.0	78.0	True	HIS	H	H	True	False	False	True	86.0	86.0	True	HIS	H	H	True	False	False	True	95.0	95.0	True	ARG	R	R	True	False	True	True	242.0	242.0	True	HIS	H	H	True	False	False	True	246.0	246.0	True	HIS	H	H	True	False	False	True	272.0	272.0	True	HIS	H	H	True	False	False	True	6	0	HHRHHH	HHRHHH	True	True	True	True	True
A0AAD5XR56	68.0	68.0	True	HIS	H	H	True	False	False	True	76.0	76.0	True	HIS	H	H	True	False	False	True	85.0	85.0	True	HIS	H	H	True	False	False	True	208.0	208.0	True	HIS	H	H	True	False	False	True	212.0	212.0	True	HIS	H	H	True	False	False	True		234.0	False	GLU	-	E	False	True	True	True	5	1	HHHHHE	HHHHH-	False	False	False	False	False
A0AAD6E0P8	132.0	132.0	True	HIS	H	H	True	False	False	True	140.0	140.0	True	ILE	I	I	True	False	True	True	149.0	149.0	True	HIS	H	H	True	False	False	True	277.0	277.0	True	HIS	H	H	True	False	False	True	281.0	281.0	True	PRO	P	P	True	False	True	True	303.0	303.0	True	HIS	H	H	True	False	False	True	6	0	HIHHPH	HIHHPH	True	True	True	True	True
A0AAD6NK04		7.0	False	LYS	-	K	False	True	True	True		15.0	False	PHE	-	F	False	True	True	True	25.0	25.0	True	HIS	H	H	True	False	False	True	169.0	169.0	True	HIS	H	H	True	False	False	True	173.0	173.0	True	HIS	H	H	True	False	False	True	188.0	188.0	True	HIS	H	H	True	False	False	True	4	2	KFHHHH	--HHHH	False	False	False	False	False
A0AAD7J5J2	59.0	59.0	True	HIS	H	H	True	False	False	True	88.0	88.0	True	HIS	H	H	True	False	False	True	97.0	97.0	True	HIS	H	H	True	False	False	True	265.0	265.0	True	HIS	H	H	True	False	False	True	269.0	269.0	True	HIS	H	H	True	False	False	True	299.0	299.0	True	HIS	H	H	True	False	False	True	6	0	HHHHHH	HHHHHH	True	True	True	True	True
A0AAD8FEX8	61.0	61.0	True	HIS	H	H	True	False	False	True	79.0	79.0	True	HIS	H	H	True	False	False	True	88.0	88.0	True	HIS	H	H	True	False	False	True	200.0	200.0	True	GLN	Q	Q	True	False	True	True	204.0	204.0	True	HIS	H	H	True	False	False	True	231.0	231.0	True	HIS	H	H	True	False	False	True	6	0	HHHQHH	HHHQHH	True	True	True	True	True
A0AAD8PIW8	138.0	138.0	True	HIS	H	H	True	False	False	True	146.0	146.0	True	HIS	H	H	True	False	False	True	155.0	155.0	True	HIS	H	H	True	False	False	True	278.0	278.0	True	HIS	H	H	True	False	False	True	282.0	282.0	True	PRO	P	P	True	False	True	True	304.0	304.0	True	HIS	H	H	True	False	False	True	6	0	HHHHPH	HHHHPH	True	True	True	True	True
A0AAD8PLZ0	123.0	123.0	True	HIS	H	H	True	False	False	True	131.0	131.0	True	HIS	H	H	True	False	False	True	140.0	140.0	True	HIS	H	H	True	False	False	True	263.0	263.0	True	HIS	H	H	True	False	False	True	267.0	266.0	False	ALA	P	A	False	False	True	True	289.0	289.0	True	HIS	H	H	True	False	False	True	5	0	HHHHAH	HHHHPH	False	False	False	False	False
A0AAD8PVJ5	68.0	68.0	True	HIS	H	H	True	False	False	True	76.0	76.0	True	GLN	Q	Q	True	False	True	True	85.0	85.0	True	TYR	Y	Y	True	False	True	True	246.0	246.0	True	HIS	H	H	True	False	False	True	250.0	250.0	True	HIS	H	H	True	False	False	True	274.0	274.0	True	GLN	Q	Q	True	False	True	True	6	0	HQYHHQ	HQYHHQ	True	True	True	True	True
A0AAD8UFY3	205.0	205.0	True	HIS	H	H	True	False	False	True	213.0	213.0	True	HIS	H	H	True	False	False	True	222.0	222.0	True	HIS	H	H	True	False	False	True	390.0	390.0	True	HIS	H	H	True	False	False	True	394.0	394.0	True	HIS	H	H	True	False	False	True	418.0	418.0	True	GLN	Q	Q	True	False	True	True	6	0	HHHHHQ	HHHHHQ	True	True	True	True	True
A0AAD9ARY9	242.0	242.0	True	HIS	H	H	True	False	False	True	250.0	250.0	True	HIS	H	H	True	False	False	True	259.0	259.0	True	HIS	H	H	True	False	False	True	427.0	427.0	True	HIS	H	H	True	False	False	True	431.0	431.0	True	HIS	H	H	True	False	False	True	455.0	455.0	True	GLN	Q	Q	True	False	True	True	6	0	HHHHHQ	HHHHHQ	True	True	True	True	True
A0AAD9AZ26	82.0	82.0	True	HIS	H	H	True	False	False	True	90.0	90.0	True	HIS	H	H	True	False	False	True	99.0	99.0	True	HIS	H	H	True	False	False	True	222.0	222.0	True	HIS	H	H	True	False	False	True	226.0	226.0	True	PRO	P	P	True	False	True	True	248.0	248.0	True	HIS	H	H	True	False	False	True	6	0	HHHHPH	HHHHPH	True	True	True	True	True
A0AAD9ECK1	61.0	61.0	True	HIS	H	H	True	False	False	True	69.0	69.0	True	HIS	H	H	True	False	False	True	78.0	78.0	True	HIS	H	H	True	False	False	True	207.0	207.0	True	HIS	H	H	True	False	False	True	211.0	211.0	True	PRO	P	P	True	False	True	True	233.0	233.0	True	HIS	H	H	True	False	False	True	6	0	HHHHPH	HHHHPH	True	True	True	True	True
A0AAD9GMI7		68.0	False	TYR	-	Y	False	True	True	True		78.0	False	VAL	-	V	False	True	True	True	87.0	87.0	True	TYR	Y	Y	True	False	True	True	239.0	239.0	True	GLN	Q	Q	True	False	True	True	243.0	243.0	True	HIS	H	H	True	False	False	True	265.0	265.0	True	TYR	Y	Y	True	False	True	True	4	2	YVYQHY	--YQHY	False	False	False	False	False
A0AAD9HBC0	139.0	139.0	True	HIS	H	H	True	False	False	True	147.0	147.0	True	HIS	H	H	True	False	False	True	156.0	156.0	True	HIS	H	H	True	False	False	True	279.0	279.0	True	HIS	H	H	True	False	False	True	283.0	283.0	True	PRO	P	P	True	False	True	True	305.0	305.0	True	HIS	H	H	True	False	False	True	6	0	HHHHPH	HHHHPH	True	True	True	True	True
A0AAD9HKI6	68.0	68.0	True	HIS	H	H	True	False	False	True	76.0	76.0	True	HIS	H	H	True	False	False	True	85.0	85.0	True	HIS	H	H	True	False	False	True	253.0	253.0	True	HIS	H	H	True	False	False	True	257.0	257.0	True	HIS	H	H	True	False	False	True	281.0	281.0	True	GLN	Q	Q	True	False	True	True	6	0	HHHHHQ	HHHHHQ	True	True	True	True	True
A0AAD9KZ40	198.0	204.0	False	GLN	H	Q	False	False	True	True	212.0	212.0	True	HIS	H	H	True	False	False	True	221.0	221.0	True	HIS	H	H	True	False	False	True	328.0	328.0	True	SER	S	S	True	False	True	True	332.0	332.0	True	HIS	H	H	True	False	False	True	354.0	354.0	True	PHE	F	F	True	False	True	True	5	0	QHHSHF	HHHSHF	False	False	False	False	False
A0AAD9L024		116.0	False	TYR	-	Y	False	True	True	True	122.0	124.0	False	ASN	H	N	False	False	True	True	133.0	133.0	True	HIS	H	H	True	False	False	True	239.0	239.0	True	ILE	I	I	True	False	True	True	243.0	243.0	True	HIS	H	H	True	False	False	True	265.0	265.0	True	HIS	H	H	True	False	False	True	4	1	YNHIHH	-HHIHH	False	False	False	False	False
A0AAD9M015	124.0	124.0	True	HIS	H	H	True	False	False	True	132.0	132.0	True	HIS	H	H	True	False	False	True	141.0	141.0	True	HIS	H	H	True	False	False	True	264.0	264.0	True	HIS	H	H	True	False	False	True	268.0	267.0	False	ALA	P	A	False	False	True	True	290.0	290.0	True	HIS	H	H	True	False	False	True	5	0	HHHHAH	HHHHPH	False	False	False	False	False
A0AAD9PC82		155.0	False	GLN	-	Q	False	True	True	True	164.0	164.0	True	HIS	H	H	True	False	False	True	173.0	173.0	True	HIS	H	H	True	False	False	True	334.0	334.0	True	HIS	H	H	True	False	False	True	338.0	338.0	True	HIS	H	H	True	False	False	True	361.0	361.0	True	ALA	A	A	True	False	True	True	5	1	QHHHHA	-HHHHA	False	False	False	False	False
A0AAD9QB69	108.0	108.0	True	HIS	H	H	True	False	False	True	117.0	116.0	False	LEU	H	L	False	False	True	True	127.0	127.0	True	HIS	H	H	True	False	False	True	247.0	247.0	True	HIS	H	H	True	False	False	True	251.0	251.0	True	HIS	H	H	True	False	False	True	274.0	274.0	True	HIS	H	H	True	False	False	True	5	0	HLHHHH	HHHHHH	False	False	False	False	False
A0AAD9YE83	117.0	117.0	True	HIS	H	H	True	False	False	True	125.0	125.0	True	HIS	H	H	True	False	False	True	134.0	134.0	True	HIS	H	H	True	False	False	True	271.0	271.0	True	HIS	H	H	True	False	False	True	275.0	275.0	True	PRO	P	P	True	False	True	True	297.0	297.0	True	HIS	H	H	True	False	False	True	6	0	HHHHPH	HHHHPH	True	True	True	True	True
A0AAE0D8U4	49.0	49.0	True	HIS	H	H	True	False	False	True	57.0	57.0	True	HIS	H	H	True	False	False	True	66.0	66.0	True	HIS	H	H	True	False	False	True	234.0	234.0	True	HIS	H	H	True	False	False	True	238.0	238.0	True	HIS	H	H	True	False	False	True	262.0	262.0	True	GLN	Q	Q	True	False	True	True	6	0	HHHHHQ	HHHHHQ	True	True	True	True	True
A0AAE0HTN1	83.0	83.0	True	HIS	H	H	True	False	False	True	102.0	104.0	False	GLY	Q	G	False	False	True	True	113.0	113.0	True	HIS	H	H	True	False	False	True	260.0	260.0	True	HIS	H	H	True	False	False	True	264.0	264.0	True	HIS	H	H	True	False	False	True	295.0	295.0	True	HIS	H	H	True	False	False	True	5	0	HGHHHH	HQHHHH	False	False	False	False	False
A0AAE0LYH8	80.0	87.0	False	GLN	H	Q	False	False	True	True	95.0	95.0	True	HIS	H	H	True	False	False	True	104.0	104.0	True	HIS	H	H	True	False	False	True	208.0	208.0	True	HIS	H	H	True	False	False	True	212.0	211.0	False	ILE	P	I	False	False	True	True	223.0	223.0	True	HIS	H	H	True	False	False	True	4	0	QHHHIH	HHHHPH	False	False	False	False	False
A0AAE0M077	81.0	81.0	True	HIS	H	H	True	False	False	True	88.0	89.0	False	HIS	T	H	False	False	False	True	97.0	97.0	True	HIS	H	H	True	False	False	True	214.0	214.0	True	HIS	H	H	True	False	False	True	218.0	218.0	True	HIS	H	H	True	False	False	True	241.0	241.0	True	HIS	H	H	True	False	False	True	5	0	HHHHHH	HTHHHH	False	False	False	True	False
A0AAE0MG27	96.0	96.0	True	GLN	Q	Q	True	False	True	True	104.0	104.0	True	HIS	H	H	True	False	False	True	113.0	113.0	True	HIS	H	H	True	False	False	True	249.0	249.0	True	HIS	H	H	True	False	False	True	253.0	253.0	True	TYR	Y	Y	True	False	True	True	276.0	276.0	True	HIS	H	H	True	False	False	True	6	0	QHHHYH	QHHHYH	True	True	True	True	True
A0AAE0NMD8		112.0	False	HIS	-	H	False	True	False	True		120.0	False	HIS	-	H	False	True	False	True		129.0	False	TYR	-	Y	False	True	True	True	197.0	166.0	False	TYR	P	Y	False	False	True	True	201.0		False	---	P	-	False	False	False	False	224.0	224.0	True	HIS	H	H	True	False	False	True	1	3	HHYY-H	---PPH	False	False	False	False	False
A0AAE0NPZ1	48.0	48.0	True	HIS	H	H	True	False	False	True	63.0	56.0	False	HIS	I	H	False	False	False	True	72.0	72.0	True	TYR	Y	Y	True	False	True	True	179.0	179.0	True	HIS	H	H	True	False	False	True	183.0	183.0	True	HIS	H	H	True	False	False	True	209.0	209.0	True	HIS	H	H	True	False	False	True	5	0	HHYHHH	HIYHHH	False	False	False	True	False
A0AAE0U1Q5	87.0	87.0	True	HIS	H	H	True	False	False	True	119.0	119.0	True	HIS	H	H	True	False	False	True	128.0	128.0	True	HIS	H	H	True	False	False	True	350.0	350.0	True	HIS	H	H	True	False	False	True	354.0	354.0	True	HIS	H	H	True	False	False	True		388.0	False	CYS	-	C	False	True	True	True	5	1	HHHHHC	HHHHH-	False	False	False	False	False
A0AAE0WXT6	141.0	141.0	True	HIS	H	H	True	False	False	True	149.0	149.0	True	HIS	H	H	True	False	False	True	158.0	158.0	True	HIS	H	H	True	False	False	True	289.0	289.0	True	HIS	H	H	True	False	False	True	293.0	293.0	True	PRO	P	P	True	False	True	True	315.0	315.0	True	HIS	H	H	True	False	False	True	6	0	HHHHPH	HHHHPH	True	True	True	True	True
A0AAE0X2E2	76.0	76.0	True	HIS	H	H	True	False	False	True	84.0	84.0	True	HIS	H	H	True	False	False	True	93.0	93.0	True	HIS	H	H	True	False	False	True	212.0	212.0	True	HIS	H	H	True	False	False	True	216.0	216.0	True	ARG	R	R	True	False	True	True	239.0	239.0	True	HIS	H	H	True	False	False	True	6	0	HHHHRH	HHHHRH	True	True	True	True	True
A0AAE1CE31	70.0	70.0	True	HIS	H	H	True	False	False	True	97.0	97.0	True	HIS	H	H	True	False	False	True	106.0	106.0	True	HIS	H	H	True	False	False	True	287.0	287.0	True	HIS	H	H	True	False	False	True	291.0	291.0	True	HIS	H	H	True	False	False	True	322.0	322.0	True	HIS	H	H	True	False	False	True	6	0	HHHHHH	HHHHHH	True	True	True	True	True
A0AAE8MN78		76.0	False	HIS	-	H	False	True	False	True	80.0		False	---	A	-	False	False	False	False	89.0	89.0	True	HIS	H	H	True	False	False	True			False	---	-	-	False	True	False	False		198.0	False	ILE	-	I	False	True	True	True		213.0	False	HIS	-	H	False	True	False	True	1	4	H-H-IH	-AH---	False	False	False	False	False
A0AAE8STA2	607.0	607.0	True	HIS	H	H	True	False	False	True	613.0	613.0	True	HIS	H	H	True	False	False	True	622.0	622.0	True	HIS	H	H	True	False	False	True	777.0	777.0	True	ASN	N	N	True	False	True	True	781.0	781.0	True	HIS	H	H	True	False	False	True	804.0	804.0	True	HIS	H	H	True	False	False	True	6	0	HHHNHH	HHHNHH	True	True	True	True	True
A0AAF5PZK9	379.0	379.0	True	HIS	H	H	True	False	False	True	389.0	389.0	True	HIS	H	H	True	False	False	True	398.0	398.0	True	HIS	H	H	True	False	False	True	519.0	519.0	True	HIS	H	H	True	False	False	True	523.0	523.0	True	LEU	L	L	True	False	True	True	546.0	546.0	True	HIS	H	H	True	False	False	True	6	0	HHHHLH	HHHHLH	True	True	True	True	True
A0AAI8YW60		149.0	False	TYR	-	Y	False	True	True	True	157.0	157.0	True	ARG	R	R	True	False	True	True	166.0	166.0	True	HIS	H	H	True	False	False	True	299.0	299.0	True	ALA	A	A	True	False	True	True	303.0	303.0	True	PRO	P	P	True	False	True	True	325.0	325.0	True	HIS	H	H	True	False	False	True	5	1	YRHAPH	-RHAPH	False	False	False	False	False
A0AAI8YWT9	11.0	11.0	True	HIS	H	H	True	False	False	True	19.0	19.0	True	HIS	H	H	True	False	False	True	28.0	28.0	True	HIS	H	H	True	False	False	True	167.0	167.0	True	HIS	H	H	True	False	False	True	171.0	171.0	True	PRO	P	P	True	False	True	True	193.0	193.0	True	HIS	H	H	True	False	False	True	6	0	HHHHPH	HHHHPH	True	True	True	True	True
A0AAI8YZG9	142.0	142.0	True	HIS	H	H	True	False	False	True	150.0	150.0	True	HIS	H	H	True	False	False	True	159.0	159.0	True	HIS	H	H	True	False	False	True	276.0	276.0	True	HIS	H	H	True	False	False	True	280.0	280.0	True	PRO	P	P	True	False	True	True	302.0	302.0	True	HIS	H	H	True	False	False	True	6	0	HHHHPH	HHHHPH	True	True	True	True	True
A0AAI9UCA0	84.0	84.0	True	HIS	H	H	True	False	False	True	92.0		False	---	H	-	False	False	False	False	112.0	120.0	False	ASP	H	D	False	False	True	True	249.0	249.0	True	HIS	H	H	True	False	False	True	253.0	253.0	True	HIS	H	H	True	False	False	True	291.0	291.0	True	HIS	H	H	True	False	False	True	4	0	H-DHHH	HHHHHH	False	False	False	False	False
A0AAI9UNI6		75.0	False	HIS	-	H	False	True	False	True			False	---	-	-	False	True	False	False		87.0	False	HIS	-	H	False	True	False	True	221.0	221.0	True	HIS	H	H	True	False	False	True	225.0	225.0	True	HIS	H	H	True	False	False	True	248.0	248.0	True	HIS	H	H	True	False	False	True	3	3	H-HHHH	---HHH	False	False	False	True	False
A0AAI9XI30	66.0		False	---	Y	-	False	False	False	False	83.0	83.0	True	HIS	H	H	True	False	False	True	92.0	92.0	True	HIS	H	H	True	False	False	True	295.0	295.0	True	HIS	H	H	True	False	False	True	299.0	299.0	True	HIS	H	H	True	False	False	True	356.0	356.0	True	HIS	H	H	True	False	False	True	5	0	-HHHHH	YHHHHH	False	False	True	True	False
A0AAI9XMR1	87.0	87.0	True	HIS	H	H	True	False	False	True	95.0	95.0	True	HIS	H	H	True	False	False	True	104.0	104.0	True	HIS	H	H	True	False	False	True	256.0	256.0	True	HIS	H	H	True	False	False	True	260.0	260.0	True	ASN	N	N	True	False	True	True	286.0	286.0	True	HIS	H	H	True	False	False	True	6	0	HHHHNH	HHHHNH	True	True	True	True	True
A0AAI9XNV3	123.0	123.0	True	HIS	H	H	True	False	False	True	131.0	131.0	True	HIS	H	H	True	False	False	True	136.0	136.0	True	HIS	H	H	True	False	False	True	294.0	294.0	True	HIS	H	H	True	False	False	True	298.0	298.0	True	HIS	H	H	True	False	False	True	322.0	322.0	True	HIS	H	H	True	False	False	True	6	0	HHHHHH	HHHHHH	True	True	True	True	True
A0AAI9XSF2	205.0	205.0	True	HIS	H	H	True	False	False	True	213.0	213.0	True	HIS	H	H	True	False	False	True	222.0	222.0	True	HIS	H	H	True	False	False	True	390.0	390.0	True	HIS	H	H	True	False	False	True	394.0	394.0	True	HIS	H	H	True	False	False	True	418.0	418.0	True	GLN	Q	Q	True	False	True	True	6	0	HHHHHQ	HHHHHQ	True	True	True	True	True
A0AAI9XYD0	205.0	205.0	True	HIS	H	H	True	False	False	True	213.0	213.0	True	HIS	H	H	True	False	False	True	222.0	222.0	True	HIS	H	H	True	False	False	True	394.0	394.0	True	HIS	H	H	True	False	False	True	398.0	398.0	True	HIS	H	H	True	False	False	True	422.0	422.0	True	GLN	Q	Q	True	False	True	True	6	0	HHHHHQ	HHHHHQ	True	True	True	True	True
A0AAI9YQA0	74.0	74.0	True	HIS	H	H	True	False	False	True	82.0	82.0	True	HIS	H	H	True	False	False	True	91.0	91.0	True	HIS	H	H	True	False	False	True	229.0	229.0	True	HIS	H	H	True	False	False	True	233.0	233.0	True	HIS	H	H	True	False	False	True	255.0	255.0	True	HIS	H	H	True	False	False	True	6	0	HHHHHH	HHHHHH	True	True	True	True	True
A0AAJ0A0G4	49.0	49.0	True	HIS	H	H	True	False	False	True	57.0	57.0	True	HIS	H	H	True	False	False	True	66.0	66.0	True	HIS	H	H	True	False	False	True	234.0	234.0	True	HIS	H	H	True	False	False	True	238.0	238.0	True	HIS	H	H	True	False	False	True	262.0	262.0	True	GLN	Q	Q	True	False	True	True	6	0	HHHHHQ	HHHHHQ	True	True	True	True	True
A0AAJ0DBW4	131.0	131.0	True	HIS	H	H	True	False	False	True	139.0	139.0	True	HIS	H	H	True	False	False	True	148.0	148.0	True	HIS	H	H	True	False	False	True	279.0	279.0	True	HIS	H	H	True	False	False	True	283.0	283.0	True	PRO	P	P	True	False	True	True	305.0	305.0	True	HIS	H	H	True	False	False	True	6	0	HHHHPH	HHHHPH	True	True	True	True	True
A0AAJ0DVU7	205.0	205.0	True	HIS	H	H	True	False	False	True	213.0	213.0	True	HIS	H	H	True	False	False	True	222.0	222.0	True	HIS	H	H	True	False	False	True	390.0	390.0	True	HIS	H	H	True	False	False	True	394.0	394.0	True	HIS	H	H	True	False	False	True	418.0	418.0	True	GLN	Q	Q	True	False	True	True	6	0	HHHHHQ	HHHHHQ	True	True	True	True	True
A0AAJ0EU37	26.0	26.0	True	HIS	H	H	True	False	False	True	34.0	34.0	True	HIS	H	H	True	False	False	True	43.0	43.0	True	HIS	H	H	True	False	False	True	211.0	211.0	True	HIS	H	H	True	False	False	True	215.0	215.0	True	HIS	H	H	True	False	False	True	239.0	239.0	True	GLN	Q	Q	True	False	True	True	6	0	HHHHHQ	HHHHHQ	True	True	True	True	True
A0AAJ0HSA6	132.0	132.0	True	HIS	H	H	True	False	False	True	140.0	140.0	True	HIS	H	H	True	False	False	True	149.0	149.0	True	HIS	H	H	True	False	False	True	277.0	277.0	True	HIS	H	H	True	False	False	True	281.0	281.0	True	PRO	P	P	True	False	True	True	303.0	303.0	True	HIS	H	H	True	False	False	True	6	0	HHHHPH	HHHHPH	True	True	True	True	True
A0AAJ8BCI9		194.0	False	ARG	-	R	False	True	True	True	202.0	202.0	True	GLY	G	G	True	False	True	True	211.0	211.0	True	HIS	H	H	True	False	False	True	320.0	320.0	True	SER	S	S	True	False	True	True	324.0	324.0	True	ARG	R	R	True	False	True	True	346.0	346.0	True	MET	M	M	True	False	True	True	5	1	RGHSRM	-GHSRM	False	False	False	False	False
A0AAJ8BW86		205.0	False	HIS	-	H	False	True	False	True		394.0	False	ASN	-	N	False	True	True	True		220.0	False	VAL	-	V	False	True	True	True	339.0	339.0	True	HIS	H	H	True	False	False	True	343.0	343.0	True	HIS	H	H	True	False	False	True	366.0	366.0	True	HIS	H	H	True	False	False	True	3	3	HNVHHH	---HHH	False	False	False	False	False
A0AAN6E594	160.0	160.0	True	HIS	H	H	True	False	False	True	168.0	168.0	True	HIS	H	H	True	False	False	True	177.0	177.0	True	HIS	H	H	True	False	False	True	314.0	314.0	True	HIS	H	H	True	False	False	True	318.0	318.0	True	PRO	P	P	True	False	True	True	340.0	340.0	True	HIS	H	H	True	False	False	True	6	0	HHHHPH	HHHHPH	True	True	True	True	True
A0AAN6F7R2	144.0	144.0	True	HIS	H	H	True	False	False	True	152.0	152.0	True	HIS	H	H	True	False	False	True	161.0	161.0	True	HIS	H	H	True	False	False	True	292.0	292.0	True	HIS	H	H	True	False	False	True	296.0	296.0	True	PRO	P	P	True	False	True	True	318.0	318.0	True	HIS	H	H	True	False	False	True	6	0	HHHHPH	HHHHPH	True	True	True	True	True
A0AAN6G1Z6	142.0	142.0	True	HIS	H	H	True	False	False	True	150.0	150.0	True	HIS	H	H	True	False	False	True	159.0	159.0	True	HIS	H	H	True	False	False	True	290.0	290.0	True	HIS	H	H	True	False	False	True	294.0	294.0	True	PRO	P	P	True	False	True	True	316.0	316.0	True	HIS	H	H	True	False	False	True	6	0	HHHHPH	HHHHPH	True	True	True	True	True
A0AAN6H7M5	142.0	142.0	True	HIS	H	H	True	False	False	True	150.0	150.0	True	HIS	H	H	True	False	False	True	159.0	159.0	True	HIS	H	H	True	False	False	True	290.0	290.0	True	HIS	H	H	True	False	False	True	294.0	294.0	True	PRO	P	P	True	False	True	True	316.0	316.0	True	HIS	H	H	True	False	False	True	6	0	HHHHPH	HHHHPH	True	True	True	True	True
A0AAN6K752	142.0	142.0	True	HIS	H	H	True	False	False	True	150.0	150.0	True	HIS	H	H	True	False	False	True	159.0	159.0	True	HIS	H	H	True	False	False	True	290.0	290.0	True	HIS	H	H	True	False	False	True	294.0	294.0	True	PRO	P	P	True	False	True	True	316.0	316.0	True	HIS	H	H	True	False	False	True	6	0	HHHHPH	HHHHPH	True	True	True	True	True
A0AAN6KA23	144.0	144.0	True	HIS	H	H	True	False	False	True	152.0	152.0	True	HIS	H	H	True	False	False	True	161.0	161.0	True	HIS	H	H	True	False	False	True	292.0	292.0	True	HIS	H	H	True	False	False	True	296.0	296.0	True	PRO	P	P	True	False	True	True	318.0	318.0	True	HIS	H	H	True	False	False	True	6	0	HHHHPH	HHHHPH	True	True	True	True	True
A0AAN6LYU1	93.0	93.0	True	HIS	H	H	True	False	False	True	114.0	114.0	True	HIS	H	H	True	False	False	True	123.0	123.0	True	HIS	H	H	True	False	False	True	304.0	304.0	True	HIS	H	H	True	False	False	True	308.0	308.0	True	HIS	H	H	True	False	False	True	332.0	332.0	True	HIS	H	H	True	False	False	True	6	0	HHHHHH	HHHHHH	True	True	True	True	True
A0AAN6N1G2	98.0	98.0	True	HIS	H	H	True	False	False	True	106.0	106.0	True	HIS	H	H	True	False	False	True	115.0	115.0	True	HIS	H	H	True	False	False	True	282.0	282.0	True	PRO	P	P	True	False	True	True	286.0	286.0	True	HIS	H	H	True	False	False	True	310.0	310.0	True	HIS	H	H	True	False	False	True	6	0	HHHPHH	HHHPHH	True	True	True	True	True
A0AAN6SJA1		66.0	False	PRO	-	P	False	True	True	True	59.0		False	---	D	-	False	False	False	False	68.0	271.0	False	ARG	H	R	False	False	True	True	238.0	211.0	False	LEU	H	L	False	False	True	True	242.0		False	---	H	-	False	False	False	False	266.0	268.0	False	GLN	H	Q	False	False	True	True	0	1	P-RL-Q	-DHHHH	False	False	False	False	False
A0AAN7GQ08	156.0	156.0	True	HIS	H	H	True	False	False	True	164.0	164.0	True	HIS	H	H	True	False	False	True	174.0	174.0	True	HIS	H	H	True	False	False	True	300.0	300.0	True	HIS	H	H	True	False	False	True	304.0	304.0	True	PRO	P	P	True	False	True	True	326.0	326.0	True	HIS	H	H	True	False	False	True	6	0	HHHHPH	HHHHPH	True	True	True	True	True
A0AAN7VN59	128.0	128.0	True	HIS	H	H	True	False	False	True	136.0	136.0	True	HIS	H	H	True	False	False	True	145.0	145.0	True	HIS	H	H	True	False	False	True	276.0	276.0	True	HIS	H	H	True	False	False	True	280.0	280.0	True	PRO	P	P	True	False	True	True	302.0	302.0	True	HIS	H	H	True	False	False	True	6	0	HHHHPH	HHHHPH	True	True	True	True	True
A0AAN8HSE1	188.0	188.0	True	HIS	H	H	True	False	False	True	211.0	211.0	True	HIS	H	H	True	False	False	True	220.0	220.0	True	HIS	H	H	True	False	False	True		359.0	False	SER	-	S	False	True	True	True	352.0	362.0	False	THR	R	T	False	False	True	True	375.0	375.0	True	HIS	H	H	True	False	False	True	4	1	HHHSTH	HHH-RH	False	False	False	False	False
A0AAN8ZF79		62.0	False	TYR	-	Y	False	True	True	True	83.0	83.0	True	ARG	R	R	True	False	True	True	92.0	92.0	True	HIS	H	H	True	False	False	True	211.0	211.0	True	HIS	H	H	True	False	False	True	215.0	215.0	True	MET	M	M	True	False	True	True	244.0	244.0	True	HIS	H	H	True	False	False	True	5	1	YRHHMH	-RHHMH	False	False	False	False	False
A0AAN9UQ80	117.0	117.0	True	HIS	H	H	True	False	False	True	125.0	125.0	True	HIS	H	H	True	False	False	True	134.0	134.0	True	HIS	H	H	True	False	False	True	286.0	286.0	True	HIS	H	H	True	False	False	True	290.0	290.0	True	HIS	H	H	True	False	False	True		326.0	False	PHE	-	F	False	True	True	True	5	1	HHHHHF	HHHHH-	False	False	False	False	False
A0AAN9YIB4	123.0	123.0	True	LEU	L	L	True	False	True	True	131.0	131.0	True	HIS	H	H	True	False	False	True	140.0	140.0	True	HIS	H	H	True	False	False	True	317.0	317.0	True	HIS	H	H	True	False	False	True	321.0	321.0	True	HIS	H	H	True	False	False	True	345.0	345.0	True	HIS	H	H	True	False	False	True	6	0	LHHHHH	LHHHHH	True	True	True	True	True
A0AAQ3M852	94.0	94.0	True	HIS	H	H	True	False	False	True	120.0	120.0	True	HIS	H	H	True	False	False	True	129.0	129.0	True	HIS	H	H	True	False	False	True	295.0	295.0	True	HIS	H	H	True	False	False	True	299.0	299.0	True	HIS	H	H	True	False	False	True	333.0	333.0	True	HIS	H	H	True	False	False	True	6	0	HHHHHH	HHHHHH	True	True	True	True	True
A0AAU9KU22		90.0	False	TYR	-	Y	False	True	True	True		100.0	False	VAL	-	V	False	True	True	True	109.0	109.0	True	TYR	Y	Y	True	False	True	True	262.0	262.0	True	GLN	Q	Q	True	False	True	True	266.0	266.0	True	HIS	H	H	True	False	False	True	288.0	288.0	True	TYR	Y	Y	True	False	True	True	4	2	YVYQHY	--YQHY	False	False	False	False	False
A0AAV0UD10		48.0	False	TYR	-	Y	False	True	True	True		58.0	False	VAL	-	V	False	True	True	True	67.0	67.0	True	TYR	Y	Y	True	False	True	True	217.0	217.0	True	GLN	Q	Q	True	False	True	True	221.0	221.0	True	HIS	H	H	True	False	False	True	243.0	243.0	True	TYR	Y	Y	True	False	True	True	4	2	YVYQHY	--YQHY	False	False	False	False	False
A0AAV0UFB5		66.0	False	TYR	-	Y	False	True	True	True		76.0	False	ALA	-	A	False	True	True	True	85.0	85.0	True	TYR	Y	Y	True	False	True	True	233.0	233.0	True	GLN	Q	Q	True	False	True	True	237.0	237.0	True	HIS	H	H	True	False	False	True	259.0	259.0	True	TYR	Y	Y	True	False	True	True	4	2	YAYQHY	--YQHY	False	False	False	False	False
A0AAV0UHU3		64.0	False	TYR	-	Y	False	True	True	True		74.0	False	VAL	-	V	False	True	True	True	83.0	83.0	True	TYR	Y	Y	True	False	True	True	232.0	232.0	True	GLN	Q	Q	True	False	True	True	236.0	236.0	True	HIS	H	H	True	False	False	True	258.0	258.0	True	TYR	Y	Y	True	False	True	True	4	2	YVYQHY	--YQHY	False	False	False	False	False
A0AAV0V041		97.0	False	ALA	-	A	False	True	True	True		107.0	False	GLU	-	E	False	True	True	True	116.0	116.0	True	HIS	H	H	True	False	False	True	260.0	260.0	True	HIS	H	H	True	False	False	True	264.0	264.0	True	VAL	V	V	True	False	True	True	286.0	286.0	True	TYR	Y	Y	True	False	True	True	4	2	AEHHVY	--HHVY	False	False	False	False	False
A0AAV1T0B6		65.0	False	TYR	-	Y	False	True	True	True		75.0	False	VAL	-	V	False	True	True	True	84.0	84.0	True	TYR	Y	Y	True	False	True	True	233.0	233.0	True	GLN	Q	Q	True	False	True	True	237.0	237.0	True	HIS	H	H	True	False	False	True	259.0	259.0	True	TYR	Y	Y	True	False	True	True	4	2	YVYQHY	--YQHY	False	False	False	False	False
A0AAV2QBX0		129.0	False	TYR	-	Y	False	True	True	True		137.0	False	HIS	-	H	False	True	False	True		146.0	False	ASN	-	N	False	True	True	True	236.0	236.0	True	TYR	Y	Y	True	False	True	True	240.0	240.0	True	ILE	I	I	True	False	True	True	262.0	262.0	True	GLY	G	G	True	False	True	True	3	3	YHNYIG	---YIG	False	False	False	False	False
A0AAV2QDB1		369.0	False	TYR	-	Y	False	True	True	True	377.0	377.0	True	ALA	A	A	True	False	True	True	386.0	386.0	True	ASN	N	N	True	False	True	True	496.0	496.0	True	SER	S	S	True	False	True	True	500.0	500.0	True	GLN	Q	Q	True	False	True	True	522.0	522.0	True	ILE	I	I	True	False	True	True	5	1	YANSQI	-ANSQI	False	False	False	False	False
A0AAV2T9N0	231.0	231.0	True	HIS	H	H	True	False	False	True	260.0	260.0	True	HIS	H	H	True	False	False	True	269.0	269.0	True	HIS	H	H	True	False	False	True	471.0	471.0	True	GLY	G	G	True	False	True	True	475.0	475.0	True	HIS	H	H	True	False	False	True	498.0	498.0	True	HIS	H	H	True	False	False	True	6	0	HHHGHH	HHHGHH	True	True	True	True	True
A0AAV2VYF3	62.0	62.0	True	HIS	H	H	True	False	False	True	71.0		False	---	D	-	False	False	False	False	80.0	80.0	True	HIS	H	H	True	False	False	True	207.0	207.0	True	HIS	H	H	True	False	False	True	211.0	211.0	True	HIS	H	H	True	False	False	True	246.0	246.0	True	HIS	H	H	True	False	False	True	5	0	H-HHHH	HDHHHH	False	False	True	True	False
A0AAV2YQR1	29.0	29.0	True	HIS	H	H	True	False	False	True	39.0	39.0	True	TYR	Y	Y	True	False	True	True	48.0	48.0	True	ASN	N	N	True	False	True	True	188.0	188.0	True	HIS	H	H	True	False	False	True	192.0	192.0	True	HIS	H	H	True	False	False	True	214.0	214.0	True	HIS	H	H	True	False	False	True	6	0	HYNHHH	HYNHHH	True	True	True	True	True
A0AAV2Z9U8		69.0	False	TYR	-	Y	False	True	True	True		79.0	False	PHE	-	F	False	True	True	True	88.0	88.0	True	HIS	H	H	True	False	False	True	238.0	238.0	True	HIS	H	H	True	False	False	True	242.0	242.0	True	HIS	H	H	True	False	False	True	264.0	264.0	True	TYR	Y	Y	True	False	True	True	4	2	YFHHHY	--HHHY	False	False	False	False	False
A0AAV4IQ38		344.0	False	TYR	-	Y	False	True	True	True	352.0	352.0	True	THR	T	T	True	False	True	True	361.0	361.0	True	GLN	Q	Q	True	False	True	True	464.0	464.0	True	VAL	V	V	True	False	True	True	468.0	468.0	True	HIS	H	H	True	False	False	True	490.0	490.0	True	HIS	H	H	True	False	False	True	5	1	YTQVHH	-TQVHH	False	False	False	False	False
A0AAV4JTX0	121.0	121.0	True	TYR	Y	Y	True	False	True	True	129.0	129.0	True	VAL	V	V	True	False	True	True	138.0	138.0	True	ASN	N	N	True	False	True	True		249.0	False	LEU	-	L	False	True	True	True	253.0	253.0	True	GLN	Q	Q	True	False	True	True	275.0	275.0	True	SER	S	S	True	False	True	True	5	1	YVNLQS	YVN-QS	False	False	False	False	False
A0AAV7NZD3	91.0	91.0	True	ARG	R	R	True	False	True	True	112.0	112.0	True	THR	T	T	True	False	True	True	121.0	121.0	True	ASN	N	N	True	False	True	True	269.0	269.0	True	HIS	H	H	True	False	False	True	273.0	273.0	True	LEU	L	L	True	False	True	True	296.0	296.0	True	GLN	Q	Q	True	False	True	True	6	0	RTNHLQ	RTNHLQ	True	True	True	True	True
A0AAV9J8F3	139.0	139.0	True	HIS	H	H	True	False	False	True	147.0	147.0	True	HIS	H	H	True	False	False	True	156.0	156.0	True	HIS	H	H	True	False	False	True	287.0	287.0	True	HIS	H	H	True	False	False	True	291.0	291.0	True	PRO	P	P	True	False	True	True	330.0	330.0	True	HIS	H	H	True	False	False	True	6	0	HHHHPH	HHHHPH	True	True	True	True	True
A0AAV9LU83		182.0	False	HIS	-	H	False	True	False	True		189.0	False	GLY	-	G	False	True	True	True		193.0	False	LEU	-	L	False	True	True	True	305.0	305.0	True	HIS	H	H	True	False	False	True	309.0	309.0	True	HIS	H	H	True	False	False	True	339.0	339.0	True	HIS	H	H	True	False	False	True	3	3	HGLHHH	---HHH	False	False	False	False	False
A0AAV9N1J6	11.0	11.0	True	HIS	H	H	True	False	False	True	19.0	19.0	True	HIS	H	H	True	False	False	True	28.0	28.0	True	HIS	H	H	True	False	False	True	160.0	160.0	True	HIS	H	H	True	False	False	True	164.0	164.0	True	PRO	P	P	True	False	True	True	186.0	186.0	True	HIS	H	H	True	False	False	True	6	0	HHHHPH	HHHHPH	True	True	True	True	True
A0AAV9SY11	203.0	203.0	True	HIS	H	H	True	False	False	True	211.0	211.0	True	HIS	H	H	True	False	False	True	220.0	220.0	True	HIS	H	H	True	False	False	True	388.0	388.0	True	HIS	H	H	True	False	False	True	392.0	392.0	True	HIS	H	H	True	False	False	True	416.0	416.0	True	GLN	Q	Q	True	False	True	True	6	0	HHHHHQ	HHHHHQ	True	True	True	True	True
A0AAV9VIS4	208.0	205.0	False	SER	H	S	False	False	True	True	231.0	230.0	False	THR	H	T	False	False	True	True	240.0	240.0	True	HIS	H	H	True	False	False	True	399.0	399.0	True	HIS	H	H	True	False	False	True	403.0	403.0	True	HIS	H	H	True	False	False	True	428.0	428.0	True	HIS	H	H	True	False	False	True	4	0	STHHHH	HHHHHH	False	False	False	False	False
A0AAV9WSZ8	109.0	109.0	True	HIS	H	H	True	False	False	True	132.0	132.0	True	HIS	H	H	True	False	False	True	141.0	141.0	True	HIS	H	H	True	False	False	True	305.0	305.0	True	HIS	H	H	True	False	False	True	309.0	309.0	True	HIS	H	H	True	False	False	True	334.0	334.0	True	HIS	H	H	True	False	False	True	6	0	HHHHHH	HHHHHH	True	True	True	True	True
A0AAW0DCV9	126.0	126.0	True	HIS	H	H	True	False	False	True	130.0		False	---	A	-	False	False	False	False	139.0	139.0	True	HIS	H	H	True	False	False	True	306.0	306.0	True	HIS	H	H	True	False	False	True	310.0	310.0	True	HIS	H	H	True	False	False	True	333.0	333.0	True	HIS	H	H	True	False	False	True	5	0	H-HHHH	HAHHHH	False	False	True	True	False
A0AAW0GI35	77.0	77.0	True	HIS	H	H	True	False	False	True	103.0	103.0	True	HIS	H	H	True	False	False	True	112.0	112.0	True	HIS	H	H	True	False	False	True	286.0	286.0	True	HIS	H	H	True	False	False	True	290.0	290.0	True	HIS	H	H	True	False	False	True	315.0	315.0	True	HIS	H	H	True	False	False	True	6	0	HHHHHH	HHHHHH	True	True	True	True	True
A0AAW0Q5S1	128.0	128.0	True	HIS	H	H	True	False	False	True	136.0	136.0	True	HIS	H	H	True	False	False	True	145.0	145.0	True	HIS	H	H	True	False	False	True	306.0	306.0	True	HIS	H	H	True	False	False	True	310.0	310.0	True	HIS	H	H	True	False	False	True		332.0	False	SER	-	S	False	True	True	True	5	1	HHHHHS	HHHHH-	False	False	False	False	False
A0AAW2WSM8	177.0	177.0	True	HIS	H	H	True	False	False	True	198.0	198.0	True	HIS	H	H	True	False	False	True	207.0	207.0	True	HIS	H	H	True	False	False	True		292.0	False	GLU	-	E	False	True	True	True	296.0	296.0	True	HIS	H	H	True	False	False	True	326.0	326.0	True	HIS	H	H	True	False	False	True	5	1	HHHEHH	HHH-HH	False	False	False	False	False
A0AAX4I0H5	220.0	220.0	True	HIS	H	H	True	False	False	True	228.0	228.0	True	HIS	H	H	True	False	False	True	237.0	237.0	True	HIS	H	H	True	False	False	True	405.0	405.0	True	HIS	H	H	True	False	False	True	409.0	409.0	True	HIS	H	H	True	False	False	True	433.0	433.0	True	GLN	Q	Q	True	False	True	True	6	0	HHHHHQ	HHHHHQ	True	True	True	True	True
A0AAX4IJG7	130.0	130.0	True	HIS	H	H	True	False	False	True	138.0	138.0	True	HIS	H	H	True	False	False	True	147.0	147.0	True	HIS	H	H	True	False	False	True	276.0	276.0	True	HIS	H	H	True	False	False	True	280.0	280.0	True	PRO	P	P	True	False	True	True	302.0	302.0	True	HIS	H	H	True	False	False	True	6	0	HHHHPH	HHHHPH	True	True	True	True	True
A0AAX6MJK2	74.0	74.0	True	HIS	H	H	True	False	False	True	82.0	82.0	True	HIS	H	H	True	False	False	True	91.0	91.0	True	HIS	H	H	True	False	False	True	222.0	222.0	True	HIS	H	H	True	False	False	True	226.0	226.0	True	HIS	H	H	True	False	False	True	238.0	238.0	True	HIS	H	H	True	False	False	True	6	0	HHHHHH	HHHHHH	True	True	True	True	True
A0AB74JLQ5	145.0	145.0	True	HIS	H	H	True	False	False	True	153.0	153.0	True	THR	T	T	True	False	True	True	162.0	162.0	True	ASN	N	N	True	False	True	True		247.0	False	ILE	-	I	False	True	True	True		252.0	False	PRO	-	P	False	True	True	True		269.0	False	GLN	-	Q	False	True	True	True	3	3	HTNIPQ	HTN---	False	False	False	False	False
A0ABD1WHD2	161.0	161.0	True	HIS	H	H	True	False	False	True	182.0	182.0	True	HIS	H	H	True	False	False	True	191.0	191.0	True	HIS	H	H	True	False	False	True	316.0	316.0	True	HIS	H	H	True	False	False	True	320.0	320.0	True	HIS	H	H	True	False	False	True	351.0	351.0	True	CYS	C	C	True	False	True	True	6	0	HHHHHC	HHHHHC	True	True	True	True	True
A0ABD2IJ80	190.0	393.0	False	VAL	H	V	False	False	True	True	200.0	388.0	False	LEU	H	L	False	False	True	True	209.0	207.0	False	LEU	H	L	False	False	True	True	340.0	313.0	False	ALA	H	A	False	False	True	True	344.0	201.0	False	GLY	H	G	False	False	True	True	375.0	205.0	False	PHE	H	F	False	False	True	True	0	0	VLLAGF	HHHHHH	False	False	False	False	False
A0ABD2QHI1		361.0	False	THR	-	T	False	True	True	True		350.0	False	ASN	-	N	False	True	True	True			False	---	-	-	False	True	False	False	345.0		False	---	H	-	False	False	False	False	349.0		False	---	H	-	False	False	False	False	372.0		False	---	H	-	False	False	False	False	0	3	TN----	---HHH	False	False	False	False	False
A0ABD3FTY2		29.0	False	ALA	-	A	False	True	True	True		39.0	False	LEU	-	L	False	True	True	True	48.0	48.0	True	ASN	N	N	True	False	True	True	192.0	192.0	True	HIS	H	H	True	False	False	True	196.0	196.0	True	HIS	H	H	True	False	False	True	218.0	218.0	True	HIS	H	H	True	False	False	True	4	2	ALNHHH	--NHHH	False	False	False	False	False
A0ABD3FX43		57.0	False	TYR	-	Y	False	True	True	True		67.0	False	VAL	-	V	False	True	True	True	76.0	76.0	True	TYR	Y	Y	True	False	True	True	228.0	228.0	True	GLN	Q	Q	True	False	True	True	232.0	232.0	True	HIS	H	H	True	False	False	True	254.0	254.0	True	TYR	Y	Y	True	False	True	True	4	2	YVYQHY	--YQHY	False	False	False	False	False
A0ABD3I4U1		125.0	False	HIS	-	H	False	True	False	True	145.0	145.0	True	HIS	H	H	True	False	False	True	154.0	154.0	True	GLN	Q	Q	True	False	True	True	300.0	300.0	True	HIS	H	H	True	False	False	True	304.0	304.0	True	HIS	H	H	True	False	False	True	327.0	327.0	True	HIS	H	H	True	False	False	True	5	1	HHQHHH	-HQHHH	False	False	False	True	False
A0ABD6GFY7	73.0	73.0	True	HIS	H	H	True	False	False	True	117.0	107.0	False	PRO	T	P	False	False	True	True	126.0	126.0	True	HIS	H	H	True	False	False	True	229.0	229.0	True	HIS	H	H	True	False	False	True	233.0	233.0	True	HIS	H	H	True	False	False	True	258.0	258.0	True	HIS	H	H	True	False	False	True	5	0	HPHHHH	HTHHHH	False	False	False	False	False
A0ABM0MAQ4	179.0	179.0	True	HIS	H	H	True	False	False	True	204.0	204.0	True	HIS	H	H	True	False	False	True	213.0	213.0	True	HIS	H	H	True	False	False	True	372.0	372.0	True	GLN	Q	Q	True	False	True	True	376.0	376.0	True	HIS	H	H	True	False	False	True	399.0	399.0	True	HIS	H	H	True	False	False	True	6	0	HHHQHH	HHHQHH	True	True	True	True	True
A0ABM1B806		603.0	False	TYR	-	Y	False	True	True	True	611.0	611.0	True	HIS	H	H	True	False	False	True	620.0	620.0	True	HIS	H	H	True	False	False	True	727.0	727.0	True	ALA	A	A	True	False	True	True	731.0	731.0	True	HIS	H	H	True	False	False	True	753.0	753.0	True	HIS	H	H	True	False	False	True	5	1	YHHAHH	-HHAHH	False	False	False	False	False
A0ABM1VVY2	130.0	130.0	True	TYR	Y	Y	True	False	True	True	138.0	138.0	True	ALA	A	A	True	False	True	True	147.0	147.0	True	ASN	N	N	True	False	True	True		253.0	False	ALA	-	A	False	True	True	True		257.0	False	GLN	-	Q	False	True	True	True	279.0	279.0	True	MET	M	M	True	False	True	True	4	2	YANAQM	YAN--M	False	False	False	False	False
A0ABM4UF39	110.0	110.0	True	HIS	H	H	True	False	False	True	133.0	133.0	True	HIS	H	H	True	False	False	True	142.0	142.0	True	HIS	H	H	True	False	False	True	263.0	263.0	True	HIS	H	H	True	False	False	True	267.0	267.0	True	HIS	H	H	True	False	False	True	297.0	297.0	True	PRO	P	P	True	False	True	True	6	0	HHHHHP	HHHHHP	True	True	True	True	True
A0ABM7Q8T6		74.0	False	HIS	-	H	False	True	False	True	111.0	110.0	False	SER	H	S	False	False	True	True	123.0	123.0	True	HIS	H	H	True	False	False	True	229.0	229.0	True	HIS	H	H	True	False	False	True	233.0	233.0	True	HIS	H	H	True	False	False	True	258.0	258.0	True	HIS	H	H	True	False	False	True	4	1	HSHHHH	-HHHHH	False	False	False	False	False
A0ABM7QH35		74.0	False	HIS	-	H	False	True	False	True	111.0	110.0	False	SER	H	S	False	False	True	True	123.0	123.0	True	HIS	H	H	True	False	False	True	229.0	229.0	True	HIS	H	H	True	False	False	True	233.0	233.0	True	HIS	H	H	True	False	False	True	258.0	258.0	True	HIS	H	H	True	False	False	True	4	1	HSHHHH	-HHHHH	False	False	False	False	False
A0ABN3U7S0	76.0	76.0	True	HIS	H	H	True	False	False	True	84.0	84.0	True	TYR	Y	Y	True	False	True	True	93.0	93.0	True	ASN	N	N	True	False	True	True	206.0	206.0	True	ASP	D	D	True	False	True	True	210.0	210.0	True	GLN	Q	Q	True	False	True	True	232.0	232.0	True	ARG	R	R	True	False	True	True	6	0	HYNDQR	HYNDQR	True	True	True	True	True
A0ABN8C0W3		65.0	False	TYR	-	Y	False	True	True	True		75.0	False	VAL	-	V	False	True	True	True	84.0	84.0	True	TYR	Y	Y	True	False	True	True	234.0	234.0	True	GLN	Q	Q	True	False	True	True	238.0	238.0	True	HIS	H	H	True	False	False	True	260.0	260.0	True	TYR	Y	Y	True	False	True	True	4	2	YVYQHY	--YQHY	False	False	False	False	False
A0ABN8CNH4		88.0	False	ALA	-	A	False	True	True	True		98.0	False	GLU	-	E	False	True	True	True	107.0	107.0	True	HIS	H	H	True	False	False	True	243.0	243.0	True	HIS	H	H	True	False	False	True	247.0	247.0	True	LEU	L	L	True	False	True	True	269.0	269.0	True	TYR	Y	Y	True	False	True	True	4	2	AEHHLY	--HHLY	False	False	False	False	False
A0ABN8LS46		194.0	False	TYR	-	Y	False	True	True	True	204.0	203.0	False	ASN	Q	N	False	False	True	True	213.0	213.0	True	TYR	Y	Y	True	False	True	True	330.0	330.0	True	HIS	H	H	True	False	False	True	334.0	334.0	True	GLN	Q	Q	True	False	True	True	357.0	357.0	True	HIS	H	H	True	False	False	True	4	1	YNYHQH	-QYHQH	False	False	False	False	False
A0ABN8LUS6	102.0	102.0	True	HIS	H	H	True	False	False	True	110.0	110.0	True	LYS	K	K	True	False	True	True	119.0	119.0	True	HIS	H	H	True	False	False	True	240.0	240.0	True	HIS	H	H	True	False	False	True	244.0	244.0	True	HIS	H	H	True	False	False	True	267.0	267.0	True	HIS	H	H	True	False	False	True	6	0	HKHHHH	HKHHHH	True	True	True	True	True
A0ABN8LVE4	102.0	102.0	True	HIS	H	H	True	False	False	True	110.0	110.0	True	LYS	K	K	True	False	True	True	119.0	119.0	True	HIS	H	H	True	False	False	True	240.0	240.0	True	HIS	H	H	True	False	False	True	244.0	244.0	True	HIS	H	H	True	False	False	True	267.0	267.0	True	HIS	H	H	True	False	False	True	6	0	HKHHHH	HKHHHH	True	True	True	True	True
A0ABN8LXN0	106.0	106.0	True	HIS	H	H	True	False	False	True	114.0	114.0	True	ARG	R	R	True	False	True	True	123.0	123.0	True	HIS	H	H	True	False	False	True	244.0	244.0	True	HIS	H	H	True	False	False	True	248.0	248.0	True	HIS	H	H	True	False	False	True	271.0	271.0	True	HIS	H	H	True	False	False	True	6	0	HRHHHH	HRHHHH	True	True	True	True	True
A0ABN8MSS7		69.0	False	HIS	-	H	False	True	False	True	73.0		False	---	P	-	False	False	False	False	82.0	82.0	True	HIS	H	H	True	False	False	True	200.0	200.0	True	HIS	H	H	True	False	False	True	204.0	204.0	True	HIS	H	H	True	False	False	True	227.0	227.0	True	HIS	H	H	True	False	False	True	4	1	H-HHHH	-PHHHH	False	False	False	True	False
A0ABN8MVN3	88.0	102.0	False	HIS	H	H	True	False	False	True	102.0	110.0	False	LYS	H	K	False	False	True	True	119.0	119.0	True	HIS	H	H	True	False	False	True	240.0	240.0	True	HIS	H	H	True	False	False	True	244.0	244.0	True	HIS	H	H	True	False	False	True	267.0	267.0	True	HIS	H	H	True	False	False	True	5	0	HKHHHH	HHHHHH	False	False	False	False	False
A0ABN8MVN6		102.0	False	HIS	-	H	False	True	False	True	102.0	110.0	False	ARG	H	R	False	False	True	True	119.0	119.0	True	HIS	H	H	True	False	False	True	240.0	240.0	True	HIS	H	H	True	False	False	True	244.0	244.0	True	ASP	D	D	True	False	True	True	267.0	267.0	True	HIS	H	H	True	False	False	True	4	1	HRHHDH	-HHHDH	False	False	False	False	False
A0ABN8MVQ8		189.0	False	HIS	-	H	False	True	False	True	193.0	194.0	False	GLY	P	G	False	False	True	True	202.0	202.0	True	HIS	H	H	True	False	False	True	320.0	320.0	True	HIS	H	H	True	False	False	True	324.0	324.0	True	HIS	H	H	True	False	False	True	347.0	347.0	True	HIS	H	H	True	False	False	True	4	1	HGHHHH	-PHHHH	False	False	False	False	False
A0ABN8MXH6		69.0	False	HIS	-	H	False	True	False	True			False	---	-	-	False	True	False	False	82.0	82.0	True	HIS	H	H	True	False	False	True	200.0	200.0	True	HIS	H	H	True	False	False	True	204.0	204.0	True	HIS	H	H	True	False	False	True	226.0	226.0	True	HIS	H	H	True	False	False	True	4	2	H-HHHH	--HHHH	False	False	False	True	False
A0ABN8MXX5	88.0	102.0	False	HIS	H	H	True	False	False	True	110.0	110.0	True	LYS	K	K	True	False	True	True	119.0	119.0	True	HIS	H	H	True	False	False	True	240.0	240.0	True	HIS	H	H	True	False	False	True	244.0	244.0	True	HIS	H	H	True	False	False	True	267.0	267.0	True	HIS	H	H	True	False	False	True	6	0	HKHHHH	HKHHHH	True	True	True	True	False
A0ABN8MY60	102.0	102.0	True	HIS	H	H	True	False	False	True	110.0	110.0	True	LYS	K	K	True	False	True	True	119.0	119.0	True	HIS	H	H	True	False	False	True	240.0	240.0	True	HIS	H	H	True	False	False	True	244.0	244.0	True	HIS	H	H	True	False	False	True	267.0	267.0	True	HIS	H	H	True	False	False	True	6	0	HKHHHH	HKHHHH	True	True	True	True	True
A0ABN8MZV7		102.0	False	HIS	-	H	False	True	False	True	102.0	110.0	False	ARG	H	R	False	False	True	True	119.0	119.0	True	HIS	H	H	True	False	False	True	240.0	240.0	True	HIS	H	H	True	False	False	True	244.0	244.0	True	HIS	H	H	True	False	False	True	267.0	267.0	True	HIS	H	H	True	False	False	True	4	1	HRHHHH	-HHHHH	False	False	False	False	False
A0ABN8N4G6		185.0	False	HIS	-	H	False	True	False	True	189.0		False	---	P	-	False	False	False	False	198.0	198.0	True	HIS	H	H	True	False	False	True	315.0	315.0	True	HIS	H	H	True	False	False	True	319.0	319.0	True	HIS	H	H	True	False	False	True	342.0	342.0	True	HIS	H	H	True	False	False	True	4	1	H-HHHH	-PHHHH	False	False	False	True	False
A0ABN8PCP7	33.0	33.0	True	HIS	H	H	True	False	False	True	41.0	41.0	True	ARG	R	R	True	False	True	True	50.0	50.0	True	HIS	H	H	True	False	False	True	171.0	171.0	True	HIS	H	H	True	False	False	True	175.0	175.0	True	HIS	H	H	True	False	False	True	198.0	198.0	True	HIS	H	H	True	False	False	True	6	0	HRHHHH	HRHHHH	True	True	True	True	True
A0ABN8PTR8		122.0	False	TYR	-	Y	False	True	True	True		130.0	False	LEU	-	L	False	True	True	True	141.0	141.0	True	TYR	Y	Y	True	False	True	True	259.0	259.0	True	LEU	L	L	True	False	True	True	263.0	263.0	True	ARG	R	R	True	False	True	True	286.0	286.0	True	HIS	H	H	True	False	False	True	4	2	YLYLRH	--YLRH	False	False	False	False	False
A0ABN8PUI2		194.0	False	TYR	-	Y	False	True	True	True	204.0	203.0	False	ASN	H	N	False	False	True	True	213.0	213.0	True	TYR	Y	Y	True	False	True	True	330.0	330.0	True	HIS	H	H	True	False	False	True	334.0	334.0	True	GLN	Q	Q	True	False	True	True	357.0	357.0	True	HIS	H	H	True	False	False	True	4	1	YNYHQH	-HYHQH	False	False	False	False	False
A0ABN8Q7Y1		185.0	False	HIS	-	H	False	True	False	True	189.0		False	---	P	-	False	False	False	False	198.0	198.0	True	HIS	H	H	True	False	False	True	315.0	315.0	True	HIS	H	H	True	False	False	True	319.0	319.0	True	HIS	H	H	True	False	False	True	342.0	342.0	True	HIS	H	H	True	False	False	True	4	1	H-HHHH	-PHHHH	False	False	False	True	False
A0ABN8SLK2	102.0	102.0	True	HIS	H	H	True	False	False	True	110.0	110.0	True	LYS	K	K	True	False	True	True	119.0	119.0	True	HIS	H	H	True	False	False	True	240.0	240.0	True	HIS	H	H	True	False	False	True	244.0	244.0	True	HIS	H	H	True	False	False	True	267.0	267.0	True	HIS	H	H	True	False	False	True	6	0	HKHHHH	HKHHHH	True	True	True	True	True
A0ABP2BNE3	74.0	74.0	True	HIS	H	H	True	False	False	True	99.0		False	---	N	-	False	False	False	False	108.0	108.0	True	HIS	H	H	True	False	False	True	201.0	201.0	True	HIS	H	H	True	False	False	True	205.0	205.0	True	HIS	H	H	True	False	False	True	232.0	232.0	True	HIS	H	H	True	False	False	True	5	0	H-HHHH	HNHHHH	False	False	True	True	False
A0ABP3EMV2	32.0	32.0	True	HIS	H	H	True	False	False	True	40.0	40.0	True	ALA	A	A	True	False	True	True	49.0	49.0	True	LEU	L	L	True	False	True	True	162.0	162.0	True	LYS	K	K	True	False	True	True	166.0	166.0	True	HIS	H	H	True	False	False	True	191.0	191.0	True	ILE	I	I	True	False	True	True	6	0	HALKHI	HALKHI	True	True	True	True	True
A0ABQ0GAI5	160.0	160.0	True	HIS	H	H	True	False	False	True	168.0	168.0	True	HIS	H	H	True	False	False	True	177.0	177.0	True	HIS	H	H	True	False	False	True	303.0	303.0	True	HIS	H	H	True	False	False	True	307.0	307.0	True	PRO	P	P	True	False	True	True	329.0	329.0	True	HIS	H	H	True	False	False	True	6	0	HHHHPH	HHHHPH	True	True	True	True	True
A0ABQ0GL05	238.0	238.0	True	HIS	H	H	True	False	False	True	246.0	246.0	True	HIS	H	H	True	False	False	True	255.0	255.0	True	HIS	H	H	True	False	False	True	386.0	382.0	False	TRP	M	W	False	False	True	True	390.0	386.0	False	MET	Y	M	False	False	True	True	411.0	411.0	True	HIS	H	H	True	False	False	True	4	0	HHHWMH	HHHMYH	False	False	False	False	False
A0ABQ0LKN2	102.0	102.0	True	HIS	H	H	True	False	False	True	110.0	110.0	True	ARG	R	R	True	False	True	True	119.0	119.0	True	HIS	H	H	True	False	False	True	242.0	242.0	True	HIS	H	H	True	False	False	True	246.0	246.0	True	HIS	H	H	True	False	False	True	287.0	287.0	True	HIS	H	H	True	False	False	True	6	0	HRHHHH	HRHHHH	True	True	True	True	True
A0ABQ0M8A7	99.0	99.0	True	HIS	H	H	True	False	False	True	102.0	102.0	True	ARG	R	R	True	False	True	True	111.0	111.0	True	HIS	H	H	True	False	False	True	252.0	252.0	True	HIS	H	H	True	False	False	True	256.0	256.0	True	HIS	H	H	True	False	False	True	295.0	295.0	True	HIS	H	H	True	False	False	True	6	0	HRHHHH	HRHHHH	True	True	True	True	True
A0ABQ4GGN2		83.0	False	TYR	-	Y	False	True	True	True	91.0	91.0	True	HIS	H	H	True	False	False	True	100.0	100.0	True	GLN	Q	Q	True	False	True	True	212.0	212.0	True	ILE	I	I	True	False	True	True	216.0	216.0	True	LEU	L	L	True	False	True	True	238.0	238.0	True	ALA	A	A	True	False	True	True	5	1	YHQILA	-HQILA	False	False	False	False	False
A0ABQ6N7K7		91.0	False	ASP	-	D	False	True	True	True	98.0	98.0	True	HIS	H	H	True	False	False	True	107.0	107.0	True	HIS	H	H	True	False	False	True	247.0	247.0	True	HIS	H	H	True	False	False	True	251.0	251.0	True	HIS	H	H	True	False	False	True	282.0	282.0	True	HIS	H	H	True	False	False	True	5	1	DHHHHH	-HHHHH	False	False	False	False	False
A0ABQ7J1C5	125.0	125.0	True	HIS	H	H	True	False	False	True	133.0	133.0	True	HIS	H	H	True	False	False	True	142.0	142.0	True	HIS	H	H	True	False	False	True	270.0	270.0	True	HIS	H	H	True	False	False	True	274.0	274.0	True	PRO	P	P	True	False	True	True	296.0	296.0	True	HIS	H	H	True	False	False	True	6	0	HHHHPH	HHHHPH	True	True	True	True	True
A0ABQ8R1M6	87.0	87.0	True	HIS	H	H	True	False	False	True	120.0	120.0	True	HIS	H	H	True	False	False	True	129.0	129.0	True	HIS	H	H	True	False	False	True	387.0	387.0	True	HIS	H	H	True	False	False	True	391.0	391.0	True	HIS	H	H	True	False	False	True	422.0	422.0	True	HIS	H	H	True	False	False	True	6	0	HHHHHH	HHHHHH	True	True	True	True	True
A0ABQ9PEH4	52.0	52.0	True	HIS	H	H	True	False	False	True	78.0	78.0	True	HIS	H	H	True	False	False	True	87.0	87.0	True	HIS	H	H	True	False	False	True	247.0	247.0	True	HIS	H	H	True	False	False	True	251.0	251.0	True	ASN	N	N	True	False	True	True	291.0	291.0	True	HIS	H	H	True	False	False	True	6	0	HHHHNH	HHHHNH	True	True	True	True	True
A0ABQ9PND2	205.0	205.0	True	HIS	H	H	True	False	False	True	213.0	213.0	True	HIS	H	H	True	False	False	True	222.0	222.0	True	HIS	H	H	True	False	False	True	390.0	390.0	True	HIS	H	H	True	False	False	True	394.0	394.0	True	HIS	H	H	True	False	False	True	418.0	418.0	True	GLN	Q	Q	True	False	True	True	6	0	HHHHHQ	HHHHHQ	True	True	True	True	True
A0ABQ9Q197	121.0	121.0	True	HIS	H	H	True	False	False	True	129.0	129.0	True	HIS	H	H	True	False	False	True	138.0	138.0	True	HIS	H	H	True	False	False	True	308.0	308.0	True	ARG	R	R	True	False	True	True	312.0	312.0	True	HIS	H	H	True	False	False	True	336.0	336.0	True	HIS	H	H	True	False	False	True	6	0	HHHRHH	HHHRHH	True	True	True	True	True
A0ABQ9QHE7	205.0	205.0	True	HIS	H	H	True	False	False	True	213.0	213.0	True	HIS	H	H	True	False	False	True	222.0	222.0	True	HIS	H	H	True	False	False	True	390.0	390.0	True	HIS	H	H	True	False	False	True	394.0	394.0	True	HIS	H	H	True	False	False	True	418.0	418.0	True	GLN	Q	Q	True	False	True	True	6	0	HHHHHQ	HHHHHQ	True	True	True	True	True
A0ABQ9S7H6	84.0	84.0	True	HIS	H	H	True	False	False	True	92.0	112.0	False	HIS	H	H	True	False	False	True	112.0	120.0	False	ASP	H	D	False	False	True	True	249.0	249.0	True	HIS	H	H	True	False	False	True	253.0	253.0	True	HIS	H	H	True	False	False	True	291.0	291.0	True	HIS	H	H	True	False	False	True	5	0	HHDHHH	HHHHHH	False	False	False	False	False
A0ABQ9T229	205.0	205.0	True	HIS	H	H	True	False	False	True	213.0	213.0	True	HIS	H	H	True	False	False	True	222.0	222.0	True	HIS	H	H	True	False	False	True	390.0	390.0	True	HIS	H	H	True	False	False	True	394.0	394.0	True	HIS	H	H	True	False	False	True	418.0	418.0	True	GLN	Q	Q	True	False	True	True	6	0	HHHHHQ	HHHHHQ	True	True	True	True	True
A0ABR0EHV5	143.0	143.0	True	HIS	H	H	True	False	False	True	151.0	151.0	True	HIS	H	H	True	False	False	True	160.0	160.0	True	HIS	H	H	True	False	False	True	291.0	291.0	True	HIS	H	H	True	False	False	True	295.0	295.0	True	PRO	P	P	True	False	True	True	317.0	317.0	True	HIS	H	H	True	False	False	True	6	0	HHHHPH	HHHHPH	True	True	True	True	True
A0ABR0H9K2	100.0	100.0	True	HIS	H	H	True	False	False	True	108.0	108.0	True	HIS	H	H	True	False	False	True	117.0	117.0	True	HIS	H	H	True	False	False	True		267.0	False	MET	-	M	False	True	True	True	271.0	271.0	True	HIS	H	H	True	False	False	True	295.0	295.0	True	HIS	H	H	True	False	False	True	5	1	HHHMHH	HHH-HH	False	False	False	False	False
A0ABR0I6B4	100.0	100.0	True	HIS	H	H	True	False	False	True	108.0	108.0	True	HIS	H	H	True	False	False	True	117.0	117.0	True	HIS	H	H	True	False	False	True		267.0	False	MET	-	M	False	True	True	True	271.0	271.0	True	HIS	H	H	True	False	False	True	295.0	295.0	True	HIS	H	H	True	False	False	True	5	1	HHHMHH	HHH-HH	False	False	False	False	False
A0ABR0JJU7	158.0	158.0	True	HIS	H	H	True	False	False	True	166.0	166.0	True	HIS	H	H	True	False	False	True	175.0	175.0	True	HIS	H	H	True	False	False	True	312.0	312.0	True	HIS	H	H	True	False	False	True	316.0	316.0	True	PRO	P	P	True	False	True	True	338.0	338.0	True	HIS	H	H	True	False	False	True	6	0	HHHHPH	HHHHPH	True	True	True	True	True
A0ABR0ML46	156.0	156.0	True	HIS	H	H	True	False	False	True	176.0	176.0	True	HIS	H	H	True	False	False	True	185.0	185.0	True	HIS	H	H	True	False	False	True	307.0	307.0	True	HIS	H	H	True	False	False	True	311.0	311.0	True	HIS	H	H	True	False	False	True		322.0	False	ARG	-	R	False	True	True	True	5	1	HHHHHR	HHHHH-	False	False	False	False	False
A0ABR0S881	119.0	119.0	True	HIS	H	H	True	False	False	True	127.0	127.0	True	HIS	H	H	True	False	False	True	136.0	136.0	True	HIS	H	H	True	False	False	True	271.0	271.0	True	HIS	H	H	True	False	False	True	275.0	275.0	True	PRO	P	P	True	False	True	True	297.0	297.0	True	HIS	H	H	True	False	False	True	6	0	HHHHPH	HHHHPH	True	True	True	True	True
A0ABR0TFM8		144.0	False	TYR	-	Y	False	True	True	True	152.0	152.0	True	THR	T	T	True	False	True	True	161.0	161.0	True	ASN	N	N	True	False	True	True		246.0	False	ILE	-	I	False	True	True	True		251.0	False	PRO	-	P	False	True	True	True		268.0	False	GLN	-	Q	False	True	True	True	2	4	YTNIPQ	-TN---	False	False	False	False	False
A0ABR1FHI7	67.0	67.0	True	HIS	H	H	True	False	False	True	80.0	80.0	True	HIS	H	H	True	False	False	True	89.0	89.0	True	HIS	H	H	True	False	False	True	248.0	248.0	True	HIS	H	H	True	False	False	True	252.0	252.0	True	HIS	H	H	True	False	False	True		366.0	False	PHE	-	F	False	True	True	True	5	1	HHHHHF	HHHHH-	False	False	False	False	False
A0ABR1QFP3	151.0	151.0	True	HIS	H	H	True	False	False	True	159.0	159.0	True	HIS	H	H	True	False	False	True	168.0	168.0	True	HIS	H	H	True	False	False	True	309.0	309.0	True	HIS	H	H	True	False	False	True	313.0	313.0	True	PRO	P	P	True	False	True	True	335.0	335.0	True	HIS	H	H	True	False	False	True	6	0	HHHHPH	HHHHPH	True	True	True	True	True
A0ABR1T514	89.0	89.0	True	HIS	H	H	True	False	False	True	97.0	97.0	True	HIS	H	H	True	False	False	True	106.0	106.0	True	HIS	H	H	True	False	False	True	250.0	250.0	True	HIS	H	H	True	False	False	True	254.0	254.0	True	PRO	P	P	True	False	True	True	276.0	276.0	True	HIS	H	H	True	False	False	True	6	0	HHHHPH	HHHHPH	True	True	True	True	True
A0ABR1TI72	72.0	72.0	True	HIS	H	H	True	False	False	True	100.0	80.0	False	HIS	F	H	False	False	False	True	109.0	109.0	True	HIS	H	H	True	False	False	True		211.0	False	TYR	-	Y	False	True	True	True	215.0	215.0	True	HIS	H	H	True	False	False	True	238.0	238.0	True	HIS	H	H	True	False	False	True	4	1	HHHYHH	HFH-HH	False	False	False	False	False
A0ABR1TNQ8	96.0	96.0	True	HIS	H	H	True	False	False	True	104.0	104.0	True	HIS	H	H	True	False	False	True	113.0	113.0	True	HIS	H	H	True	False	False	True		263.0	False	HIS	-	H	False	True	False	True		267.0	False	ALA	-	A	False	True	True	True		300.0	False	LEU	-	L	False	True	True	True	3	3	HHHHAL	HHH---	False	False	False	False	False
A0ABR1U9F9	104.0	103.0	False	ILE	H	I	False	False	True	True	136.0	131.0	False	THR	S	T	False	False	True	True	145.0	145.0	True	HIS	H	H	True	False	False	True	360.0	360.0	True	HIS	H	H	True	False	False	True	364.0	364.0	True	HIS	H	H	True	False	False	True	406.0	406.0	True	HIS	H	H	True	False	False	True	4	0	ITHHHH	HSHHHH	False	False	False	False	False
A0ABR1VP59	120.0	120.0	True	HIS	H	H	True	False	False	True	128.0	128.0	True	HIS	H	H	True	False	False	True	137.0	137.0	True	HIS	H	H	True	False	False	True	329.0	329.0	True	HIS	H	H	True	False	False	True	333.0	333.0	True	HIS	H	H	True	False	False	True	362.0	362.0	True	THR	T	T	True	False	True	True	6	0	HHHHHT	HHHHHT	True	True	True	True	True
A0ABR1X4W4	151.0	151.0	True	HIS	H	H	True	False	False	True	159.0	159.0	True	HIS	H	H	True	False	False	True	168.0	168.0	True	HIS	H	H	True	False	False	True	309.0	309.0	True	HIS	H	H	True	False	False	True	313.0	313.0	True	PRO	P	P	True	False	True	True	341.0	341.0	True	HIS	H	H	True	False	False	True	6	0	HHHHPH	HHHHPH	True	True	True	True	True
A0ABR1YMI8	79.0	79.0	True	HIS	H	H	True	False	False	True	87.0	87.0	True	HIS	H	H	True	False	False	True	94.0	94.0	True	HIS	H	H	True	False	False	True	240.0	240.0	True	HIS	H	H	True	False	False	True	244.0	244.0	True	HIS	H	H	True	False	False	True	270.0	270.0	True	HIS	H	H	True	False	False	True	6	0	HHHHHH	HHHHHH	True	True	True	True	True
A0ABR1YVN4	108.0	108.0	True	HIS	H	H	True	False	False	True	116.0		False	---	H	-	False	False	False	False	140.0	140.0	True	HIS	H	H	True	False	False	True	304.0	304.0	True	HIS	H	H	True	False	False	True	308.0	308.0	True	HIS	H	H	True	False	False	True	332.0	332.0	True	HIS	H	H	True	False	False	True	5	0	H-HHHH	HHHHHH	False	False	True	True	False
A0ABR2VUU4		20.0	False	GLY	-	G	False	True	True	True	28.0	28.0	True	THR	T	T	True	False	True	True	37.0	37.0	True	ASN	N	N	True	False	True	True	149.0	149.0	True	SER	S	S	True	False	True	True	153.0	153.0	True	GLU	E	E	True	False	True	True	175.0	175.0	True	ARG	R	R	True	False	True	True	5	1	GTNSER	-TNSER	False	False	False	False	False
A0ABR2W3C9	51.0	66.0	False	TYR	K	Y	False	False	True	True	74.0	74.0	True	HIS	H	H	True	False	False	True	83.0	83.0	True	HIS	H	H	True	False	False	True	195.0	195.0	True	ASN	N	N	True	False	True	True	199.0	199.0	True	THR	T	T	True	False	True	True	222.0	222.0	True	GLN	Q	Q	True	False	True	True	5	0	YHHNTQ	KHHNTQ	False	False	False	False	False
A0ABR2W3S2	70.0	70.0	True	HIS	H	H	True	False	False	True	78.0	78.0	True	HIS	H	H	True	False	False	True	87.0	87.0	True	ASN	N	N	True	False	True	True	199.0	199.0	True	HIS	H	H	True	False	False	True	203.0	203.0	True	LEU	L	L	True	False	True	True	225.0	225.0	True	HIS	H	H	True	False	False	True	6	0	HHNHLH	HHNHLH	True	True	True	True	True
A0ABR2W902		67.0	False	PHE	-	F	False	True	True	True		75.0	False	ALA	-	A	False	True	True	True	84.0	84.0	True	GLN	Q	Q	True	False	True	True		188.0	False	ASN	-	N	False	True	True	True		192.0	False	HIS	-	H	False	True	False	True		214.0	False	ALA	-	A	False	True	True	True	1	5	FAQNHA	--Q---	False	False	False	False	False
A0ABR3CFI6		62.0	False	HIS	-	H	False	True	False	True	62.0		False	---	H	-	False	False	False	False	72.0	72.0	True	HIS	H	H	True	False	False	True	217.0	217.0	True	HIS	H	H	True	False	False	True	221.0	221.0	True	HIS	H	H	True	False	False	True	247.0	247.0	True	HIS	H	H	True	False	False	True	4	1	H-HHHH	-HHHHH	False	False	False	True	False
A0ABR3D6M0	96.0	96.0	True	HIS	H	H	True	False	False	True	104.0	104.0	True	ASN	N	N	True	False	True	True	113.0	113.0	True	HIS	H	H	True	False	False	True	286.0	286.0	True	HIS	H	H	True	False	False	True	290.0	290.0	True	HIS	H	H	True	False	False	True	314.0	314.0	True	HIS	H	H	True	False	False	True	6	0	HNHHHH	HNHHHH	True	True	True	True	True
A0ABR3FXT6	77.0	77.0	True	HIS	H	H	True	False	False	True	87.0	87.0	True	HIS	H	H	True	False	False	True	96.0	96.0	True	HIS	H	H	True	False	False	True	239.0	238.0	False	PRO	H	P	False	False	True	True		241.0	False	ALA	-	A	False	True	True	True	262.0	262.0	True	HIS	H	H	True	False	False	True	4	1	HHHPAH	HHHH-H	False	False	False	False	False
A0ABR3QSB3	94.0	94.0	True	HIS	H	H	True	False	False	True	119.0	119.0	True	HIS	H	H	True	False	False	True	128.0	128.0	True	HIS	H	H	True	False	False	True	285.0	285.0	True	HIS	H	H	True	False	False	True	289.0	289.0	True	HIS	H	H	True	False	False	True		311.0	False	TYR	-	Y	False	True	True	True	5	1	HHHHHY	HHHHH-	False	False	False	False	False
A0ABR3TFZ3		46.0	False	HIS	-	H	False	True	False	True	46.0		False	---	H	-	False	False	False	False	56.0	56.0	True	HIS	H	H	True	False	False	True	201.0	201.0	True	HIS	H	H	True	False	False	True	205.0	205.0	True	HIS	H	H	True	False	False	True	231.0	231.0	True	HIS	H	H	True	False	False	True	4	1	H-HHHH	-HHHHH	False	False	False	True	False
A0ABR3U3E6	88.0	88.0	True	HIS	H	H	True	False	False	True	89.0		False	---	I	-	False	False	False	False	98.0	98.0	True	HIS	H	H	True	False	False	True	243.0	243.0	True	HIS	H	H	True	False	False	True	247.0	247.0	True	HIS	H	H	True	False	False	True	273.0	273.0	True	HIS	H	H	True	False	False	True	5	0	H-HHHH	HIHHHH	False	False	True	True	False
A0ABR3UTG0	13.0	13.0	True	HIS	H	H	True	False	False	True	21.0	21.0	True	HIS	H	H	True	False	False	True	30.0	30.0	True	HIS	H	H	True	False	False	True	162.0	162.0	True	HIS	H	H	True	False	False	True	166.0	166.0	True	PRO	P	P	True	False	True	True	188.0	188.0	True	HIS	H	H	True	False	False	True	6	0	HHHHPH	HHHHPH	True	True	True	True	True
A0ABR4BR18	115.0	115.0	True	HIS	H	H	True	False	False	True	123.0	123.0	True	HIS	H	H	True	False	False	True	132.0	132.0	True	HIS	H	H	True	False	False	True	262.0	262.0	True	HIS	H	H	True	False	False	True	266.0	266.0	True	PRO	P	P	True	False	True	True	288.0	288.0	True	HIS	H	H	True	False	False	True	6	0	HHHHPH	HHHHPH	True	True	True	True	True
A0ABR4C2T6	171.0	171.0	True	HIS	H	H	True	False	False	True	179.0	179.0	True	HIS	H	H	True	False	False	True	188.0	188.0	True	HIS	H	H	True	False	False	True	320.0	320.0	True	HIS	H	H	True	False	False	True	324.0	324.0	True	GLN	Q	Q	True	False	True	True	346.0	346.0	True	HIS	H	H	True	False	False	True	6	0	HHHHQH	HHHHQH	True	True	True	True	True
A0ABR4CF27	126.0	126.0	True	HIS	H	H	True	False	False	True	134.0	134.0	True	HIS	H	H	True	False	False	True	143.0	143.0	True	HIS	H	H	True	False	False	True	272.0	272.0	True	HIS	H	H	True	False	False	True	276.0	276.0	True	PRO	P	P	True	False	True	True	298.0	298.0	True	HIS	H	H	True	False	False	True	6	0	HHHHPH	HHHHPH	True	True	True	True	True
A0ABR4EPU0	127.0	127.0	True	HIS	H	H	True	False	False	True	135.0	135.0	True	HIS	H	H	True	False	False	True	144.0	144.0	True	HIS	H	H	True	False	False	True			False	---	-	-	False	True	False	False			False	---	-	-	False	True	False	False	293.0	293.0	True	HIS	H	H	True	False	False	True	4	2	HHH--H	HHH--H	True	False	True	True	False
A0ABR4ES42		86.0	False	HIS	-	H	False	True	False	True		224.0	False	VAL	-	V	False	True	True	True			False	---	-	-	False	True	False	False	210.0	214.0	False	HIS	H	H	True	False	False	True	214.0	217.0	False	VAL	H	V	False	False	True	True	237.0	234.0	False	PHE	H	F	False	False	True	True	1	3	HV-HVF	---HHH	False	False	False	False	False
A0ABR4K145	71.0	71.0	True	HIS	H	H	True	False	False	True	96.0	96.0	True	HIS	H	H	True	False	False	True	105.0	105.0	True	HIS	H	H	True	False	False	True	305.0	305.0	True	HIS	H	H	True	False	False	True	309.0	309.0	True	HIS	H	H	True	False	False	True		332.0	False	CYS	-	C	False	True	True	True	5	1	HHHHHC	HHHHH-	False	False	False	False	False
A0ABR4NDE5		93.0	False	HIS	-	H	False	True	False	True		100.0	False	GLU	-	E	False	True	True	True	109.0	109.0	True	ASN	N	N	True	False	True	True	230.0	230.0	True	VAL	V	V	True	False	True	True	234.0	234.0	True	GLN	Q	Q	True	False	True	True	257.0	257.0	True	ARG	R	R	True	False	True	True	4	2	HENVQR	--NVQR	False	False	False	False	False
A0ABR7QDC1		43.0	False	LEU	-	L	False	True	True	True	51.0	49.0	False	TYR	R	Y	False	False	True	True	60.0	60.0	True	ALA	A	A	True	False	True	True	177.0	177.0	True	ASP	D	D	True	False	True	True	181.0	181.0	True	HIS	H	H	True	False	False	True	204.0	204.0	True	HIS	H	H	True	False	False	True	4	1	LYADHH	-RADHH	False	False	False	False	False
A0ABR7X9J7	81.0	81.0	True	HIS	H	H	True	False	False	True	111.0	110.0	False	THR	H	T	False	False	True	True	125.0	125.0	True	HIS	H	H	True	False	False	True	221.0	221.0	True	HIS	H	H	True	False	False	True	225.0	225.0	True	HIS	H	H	True	False	False	True	270.0	270.0	True	HIS	H	H	True	False	False	True	5	0	HTHHHH	HHHHHH	False	False	False	False	False
A0ABR8L1I5		73.0	False	TYR	-	Y	False	True	True	True	81.0	81.0	True	HIS	H	H	True	False	False	True	90.0	90.0	True	GLN	Q	Q	True	False	True	True	202.0	202.0	True	MET	M	M	True	False	True	True	206.0	206.0	True	GLN	Q	Q	True	False	True	True	228.0	228.0	True	ALA	A	A	True	False	True	True	5	1	YHQMQA	-HQMQA	False	False	False	False	False
A0ABR9BSA8	62.0	62.0	True	HIS	H	H	True	False	False	True	71.0		False	---	D	-	False	False	False	False	80.0	80.0	True	HIS	H	H	True	False	False	True	207.0	207.0	True	HIS	H	H	True	False	False	True	211.0	211.0	True	HIS	H	H	True	False	False	True	245.0	245.0	True	HIS	H	H	True	False	False	True	5	0	H-HHHH	HDHHHH	False	False	True	True	False
A0ABS8JIA8		73.0	False	HIS	-	H	False	True	False	True	110.0	109.0	False	PRO	H	P	False	False	True	True	122.0	122.0	True	HIS	H	H	True	False	False	True	228.0	228.0	True	HIS	H	H	True	False	False	True	232.0	232.0	True	HIS	H	H	True	False	False	True	257.0	257.0	True	HIS	H	H	True	False	False	True	4	1	HPHHHH	-HHHHH	False	False	False	False	False
A0ABS8JID1		75.0	False	HIS	-	H	False	True	False	True	112.0	111.0	False	SER	H	S	False	False	True	True	124.0	124.0	True	HIS	H	H	True	False	False	True	230.0	230.0	True	HIS	H	H	True	False	False	True	234.0	234.0	True	HIS	H	H	True	False	False	True	259.0	259.0	True	HIS	H	H	True	False	False	True	4	1	HSHHHH	-HHHHH	False	False	False	False	False
A0ABT9CR60		78.0	False	HIS	-	H	False	True	False	True	113.0	112.0	False	PRO	H	P	False	False	True	True	125.0	125.0	True	HIS	H	H	True	False	False	True	229.0	229.0	True	HIS	H	H	True	False	False	True	233.0	233.0	True	HIS	H	H	True	False	False	True	258.0	258.0	True	HIS	H	H	True	False	False	True	4	1	HPHHHH	-HHHHH	False	False	False	False	False
A0ABV0AFJ4	67.0	82.0	False	TYR	H	Y	False	False	True	True	90.0	90.0	True	HIS	H	H	True	False	False	True	99.0	99.0	True	GLN	Q	Q	True	False	True	True	211.0	211.0	True	ILE	I	I	True	False	True	True	215.0	215.0	True	GLN	Q	Q	True	False	True	True	237.0	237.0	True	ALA	A	A	True	False	True	True	5	0	YHQIQA	HHQIQA	False	False	False	False	False
A0ABV6RIB9		74.0	False	HIS	-	H	False	True	False	True		110.0	False	SER	-	S	False	True	True	True	123.0	123.0	True	HIS	H	H	True	False	False	True	229.0	229.0	True	HIS	H	H	True	False	False	True	233.0	233.0	True	HIS	H	H	True	False	False	True	258.0	258.0	True	HIS	H	H	True	False	False	True	4	2	HSHHHH	--HHHH	False	False	False	False	False
A0ABV6RUK0		74.0	False	HIS	-	H	False	True	False	True	111.0	110.0	False	SER	H	S	False	False	True	True	123.0	123.0	True	HIS	H	H	True	False	False	True	229.0	229.0	True	HIS	H	H	True	False	False	True	233.0	233.0	True	HIS	H	H	True	False	False	True	258.0	258.0	True	HIS	H	H	True	False	False	True	4	1	HSHHHH	-HHHHH	False	False	False	False	False
A0ABV9FV84	156.0	156.0	True	ARG	R	R	True	False	True	True	169.0		False	---	R	-	False	False	False	False	178.0	178.0	True	HIS	H	H	True	False	False	True	287.0	287.0	True	HIS	H	H	True	False	False	True	291.0	291.0	True	GLN	Q	Q	True	False	True	True	319.0	319.0	True	HIS	H	H	True	False	False	True	5	0	R-HHQH	RRHHQH	False	False	True	True	False
A0ABV9I266		43.0	False	LEU	-	L	False	True	True	True		49.0	False	ALA	-	A	False	True	True	True	60.0	60.0	True	ASN	N	N	True	False	True	True	166.0	166.0	True	ASP	D	D	True	False	True	True	170.0	170.0	True	HIS	H	H	True	False	False	True	193.0	193.0	True	HIS	H	H	True	False	False	True	4	2	LANDHH	--NDHH	False	False	False	False	False
A0ABW1EV91	151.0	151.0	True	HIS	H	H	True	False	False	True	160.0	160.0	True	HIS	H	H	True	False	False	True	169.0	169.0	True	HIS	H	H	True	False	False	True	280.0	280.0	True	HIS	H	H	True	False	False	True	284.0	284.0	True	HIS	H	H	True	False	False	True	307.0	307.0	True	HIS	H	H	True	False	False	True	6	0	HHHHHH	HHHHHH	True	True	True	True	True
A0ABW2RRB3	156.0	156.0	True	HIS	H	H	True	False	False	True	170.0		False	---	H	-	False	False	False	False	180.0	180.0	True	HIS	H	H	True	False	False	True	289.0	289.0	True	HIS	H	H	True	False	False	True	293.0	293.0	True	HIS	H	H	True	False	False	True	329.0	329.0	True	HIS	H	H	True	False	False	True	5	0	H-HHHH	HHHHHH	False	False	True	True	False
A0ABW9S031	83.0	83.0	True	HIS	H	H	True	False	False	True	121.0	116.0	False	HIS	H	H	True	False	False	True	130.0	130.0	True	HIS	H	H	True	False	False	True	264.0	264.0	True	HIS	H	H	True	False	False	True	268.0	268.0	True	HIS	H	H	True	False	False	True	315.0	315.0	True	HIS	H	H	True	False	False	True	6	0	HHHHHH	HHHHHH	True	True	True	True	False
A0ABX5RWM9		78.0	False	HIS	-	H	False	True	False	True		111.0	False	SER	-	S	False	True	True	True	124.0	124.0	True	HIS	H	H	True	False	False	True	226.0	226.0	True	HIS	H	H	True	False	False	True	230.0	230.0	True	HIS	H	H	True	False	False	True	255.0	255.0	True	HIS	H	H	True	False	False	True	4	2	HSHHHH	--HHHH	False	False	False	False	False
A0ABX5UDS5		109.0	False	HIS	-	H	False	True	False	True		142.0	False	SER	-	S	False	True	True	True	155.0	155.0	True	HIS	H	H	True	False	False	True	257.0	257.0	True	HIS	H	H	True	False	False	True	261.0	261.0	True	HIS	H	H	True	False	False	True	286.0	286.0	True	HIS	H	H	True	False	False	True	4	2	HSHHHH	--HHHH	False	False	False	False	False
A0ABX6FJC2		166.0	False	HIS	-	H	False	True	False	True		201.0	False	SER	-	S	False	True	True	True	214.0	214.0	True	HIS	H	H	True	False	False	True	316.0	316.0	True	HIS	H	H	True	False	False	True	320.0	320.0	True	HIS	H	H	True	False	False	True	345.0	345.0	True	HIS	H	H	True	False	False	True	4	2	HSHHHH	--HHHH	False	False	False	False	False
A0ABY0G5N1	13.0	13.0	True	HIS	H	H	True	False	False	True	21.0	21.0	True	HIS	H	H	True	False	False	True	30.0	30.0	True	HIS	H	H	True	False	False	True	162.0	162.0	True	HIS	H	H	True	False	False	True	166.0	166.0	True	PRO	P	P	True	False	True	True	188.0	188.0	True	HIS	H	H	True	False	False	True	6	0	HHHHPH	HHHHPH	True	True	True	True	True
A0ABY2RLZ4	156.0	156.0	True	TYR	Y	Y	True	False	True	True	171.0		False	---	D	-	False	False	False	False	180.0	180.0	True	HIS	H	H	True	False	False	True	289.0	289.0	True	HIS	H	H	True	False	False	True	293.0	293.0	True	HIS	H	H	True	False	False	True	324.0	324.0	True	HIS	H	H	True	False	False	True	5	0	Y-HHHH	YDHHHH	False	False	True	True	False
A0ABY7EU49		117.0	False	MET	-	M	False	True	True	True		125.0	False	LYS	-	K	False	True	True	True		134.0	False	GLN	-	Q	False	True	True	True	242.0	242.0	True	GLN	Q	Q	True	False	True	True	246.0	246.0	True	PHE	F	F	True	False	True	True	269.0	269.0	True	SER	S	S	True	False	True	True	3	3	MKQQFS	---QFS	False	False	False	False	False
A0ABZ1SYY9		63.0	False	TYR	-	Y	False	True	True	True	71.0	71.0	True	HIS	H	H	True	False	False	True	80.0	80.0	True	GLN	Q	Q	True	False	True	True	192.0	192.0	True	ILE	I	I	True	False	True	True	196.0	196.0	True	GLN	Q	Q	True	False	True	True	218.0	218.0	True	ALA	A	A	True	False	True	True	5	1	YHQIQA	-HQIQA	False	False	False	False	False
A0ACB1AYY7	142.0		False	---	H	-	False	False	False	False	152.0	312.0	False	GLN	H	Q	False	False	True	True	161.0	160.0	False	VAL	H	V	False	False	True	True			False	---	-	-	False	True	False	False		276.0	False	THR	-	T	False	True	True	True		280.0	False	PRO	-	P	False	True	True	True	0	3	-QV-TP	HHH---	False	False	False	False	False
A0ACB6QFG3		173.0	False	HIS	-	H	False	True	False	True		181.0	False	VAL	-	V	False	True	True	True	190.0	190.0	True	HIS	H	H	True	False	False	True	344.0	344.0	True	MET	M	M	True	False	True	True	348.0	348.0	True	ARG	R	R	True	False	True	True	371.0	371.0	True	ALA	A	A	True	False	True	True	4	2	HVHMRA	--HMRA	False	False	False	False	False
A0ACB7IQP8		39.0	False	ALA	-	A	False	True	True	True	43.0	43.0	True	HIS	H	H	True	False	False	True	52.0	52.0	True	HIS	H	H	True	False	False	True	189.0	189.0	True	HIS	H	H	True	False	False	True	193.0	193.0	True	HIS	H	H	True	False	False	True		219.0	False	SER	-	S	False	True	True	True	4	2	AHHHHS	-HHHH-	False	False	False	False	False
A0ACB8HCS0	79.0	80.0	False	TYR	H	Y	False	False	True	True	88.0	88.0	True	HIS	H	H	True	False	False	True	97.0	97.0	True	HIS	H	H	True	False	False	True	235.0	235.0	True	SER	S	S	True	False	True	True	239.0	239.0	True	HIS	H	H	True	False	False	True	262.0	262.0	True	HIS	H	H	True	False	False	True	5	0	YHHSHH	HHHSHH	False	False	False	False	False
A0ACC0W512		100.0	False	TYR	-	Y	False	True	True	True		110.0	False	VAL	-	V	False	True	True	True	119.0	119.0	True	TYR	Y	Y	True	False	True	True	272.0	272.0	True	GLN	Q	Q	True	False	True	True	276.0	276.0	True	HIS	H	H	True	False	False	True	298.0	298.0	True	TYR	Y	Y	True	False	True	True	4	2	YVYQHY	--YQHY	False	False	False	False	False
A0ACC1A5Y2		174.0	False	HIS	-	H	False	True	False	True			False	---	-	-	False	True	False	False			False	---	-	-	False	True	False	False	290.0	290.0	True	HIS	H	H	True	False	False	True	294.0	294.0	True	HIS	H	H	True	False	False	True	324.0	324.0	True	HIS	H	H	True	False	False	True	3	3	H--HHH	---HHH	False	False	False	True	False
A0ACC1QNQ0	65.0	65.0	True	HIS	H	H	True	False	False	True	73.0	73.0	True	HIS	H	H	True	False	False	True	82.0	82.0	True	HIS	H	H	True	False	False	True	217.0	217.0	True	HIS	H	H	True	False	False	True	221.0	221.0	True	PRO	P	P	True	False	True	True	243.0	243.0	True	HIS	H	H	True	False	False	True	6	0	HHHHPH	HHHHPH	True	True	True	True	True
A0ACC1SFB7			False	---	-	-	False	True	False	False			False	---	-	-	False	True	False	False	81.0	85.0	False	LEU	H	L	False	False	True	True	282.0	282.0	True	HIS	H	H	True	False	False	True	286.0		False	---	H	-	False	False	False	False	315.0	316.0	False	THR	H	T	False	False	True	True	1	2	--LH-T	--HHHH	False	False	False	False	False
A0ACC2HR65	131.0	131.0	True	HIS	H	H	True	False	False	True	139.0	139.0	True	TYR	Y	Y	True	False	True	True	148.0	148.0	True	HIS	H	H	True	False	False	True	319.0	319.0	True	HIS	H	H	True	False	False	True	323.0	323.0	True	HIS	H	H	True	False	False	True	347.0	347.0	True	HIS	H	H	True	False	False	True	6	0	HYHHHH	HYHHHH	True	True	True	True	True
A0ACC2ID33	122.0	122.0	True	HIS	H	H	True	False	False	True	130.0	130.0	True	HIS	H	H	True	False	False	True	139.0	139.0	True	HIS	H	H	True	False	False	True	268.0	268.0	True	HIS	H	H	True	False	False	True	272.0	272.0	True	PRO	P	P	True	False	True	True	294.0	294.0	True	HIS	H	H	True	False	False	True	6	0	HHHHPH	HHHHPH	True	True	True	True	True
A0ACC2JBL3	80.0	80.0	True	HIS	H	H	True	False	False	True	84.0	85.0	False	ALA	T	A	False	False	True	True	93.0	93.0	True	HIS	H	H	True	False	False	True	215.0	215.0	True	HIS	H	H	True	False	False	True	219.0	219.0	True	HIS	H	H	True	False	False	True	242.0	242.0	True	HIS	H	H	True	False	False	True	5	0	HAHHHH	HTHHHH	False	False	False	False	False
A0ACC2S0P5	64.0	64.0	True	HIS	H	H	True	False	False	True	72.0	72.0	True	PHE	F	F	True	False	True	True	81.0	81.0	True	HIS	H	H	True	False	False	True	193.0	193.0	True	GLN	Q	Q	True	False	True	True	197.0	197.0	True	HIS	H	H	True	False	False	True	222.0	222.0	True	TYR	Y	Y	True	False	True	True	6	0	HFHQHY	HFHQHY	True	True	True	True	True
A0ACC2S7C6		62.0	False	ALA	-	A	False	True	True	True		71.0	False	TRP	-	W	False	True	True	True	80.0	80.0	True	ASN	N	N	True	False	True	True		180.0	False	PHE	-	F	False	True	True	True	185.0	184.0	False	SER	H	S	False	False	True	True	206.0	206.0	True	ILE	I	I	True	False	True	True	2	3	AWNFSI	--N-HI	False	False	False	False	False
A0ACC2T2P1		62.0	False	ALA	-	A	False	True	True	True		69.0	False	SER	-	S	False	True	True	True	80.0	80.0	True	ASN	N	N	True	False	True	True		179.0	False	HIS	-	H	False	True	False	True	185.0	184.0	False	SER	H	S	False	False	True	True	206.0	206.0	True	ILE	I	I	True	False	True	True	2	3	ASNHSI	--N-HI	False	False	False	False	False
A0ACC2T3L9		59.0	False	ILE	-	I	False	True	True	True		64.0	False	PHE	-	F	False	True	True	True	73.0	73.0	True	HIS	H	H	True	False	False	True			False	---	-	-	False	True	False	False		177.0	False	LEU	-	L	False	True	True	True		200.0	False	MET	-	M	False	True	True	True	1	5	IFH-LM	--H---	False	False	False	False	False
A0ACC2T4I7		61.0	False	TYR	-	Y	False	True	True	True	69.0	70.0	False	GLY	Q	G	False	False	True	True	78.0	78.0	True	ASN	N	N	True	False	True	True	186.0	186.0	True	SER	S	S	True	False	True	True	190.0	190.0	True	ARG	R	R	True	False	True	True	212.0	212.0	True	HIS	H	H	True	False	False	True	4	1	YGNSRH	-QNSRH	False	False	False	False	False
A0ACC2TJ92		75.0	False	VAL	-	V	False	True	True	True		82.0	False	HIS	-	H	False	True	False	True	90.0	90.0	True	LEU	L	L	True	False	True	True		199.0	False	LEU	-	L	False	True	True	True			False	---	-	-	False	True	False	False	222.0	222.0	True	MET	M	M	True	False	True	True	2	4	VHLL-M	--L--M	False	False	False	False	False
A0ACC2TJW4	70.0	73.0	False	TYR	H	Y	False	False	True	True	81.0	80.0	False	THR	Q	T	False	False	True	True	90.0	90.0	True	ASN	N	N	True	False	True	True		199.0	False	SER	-	S	False	True	True	True		202.0	False	VAL	-	V	False	True	True	True		225.0	False	ALA	-	A	False	True	True	True	1	3	YTNSVA	HQN---	False	False	False	False	False
A0ACC2TU75	70.0	76.0	False	ARG	H	R	False	False	True	True	81.0	83.0	False	THR	Q	T	False	False	True	True	90.0	90.0	True	ASN	N	N	True	False	True	True		195.0	False	VAL	-	V	False	True	True	True		199.0	False	SER	-	S	False	True	True	True		225.0	False	ALA	-	A	False	True	True	True	1	3	RTNVSA	HQN---	False	False	False	False	False
A0ACC2TZL3		66.0	False	GLY	-	G	False	True	True	True	75.0		False	---	Q	-	False	False	False	False	84.0	84.0	True	ASN	N	N	True	False	True	True	192.0	183.0	False	MET	S	M	False	False	True	True	196.0	187.0	False	SER	S	S	True	False	True	True	214.0	214.0	True	HIS	H	H	True	False	False	True	3	1	G-NMSH	-QNSSH	False	False	False	False	False
A0ACC2U0B8	64.0	64.0	True	TYR	Y	Y	True	False	True	True	72.0	72.0	True	HIS	H	H	True	False	False	True	81.0	81.0	True	HIS	H	H	True	False	False	True		193.0	False	GLN	-	Q	False	True	True	True	197.0	197.0	True	HIS	H	H	True	False	False	True	222.0	222.0	True	HIS	H	H	True	False	False	True	5	1	YHHQHH	YHH-HH	False	False	False	False	False
A0ACC2U405		56.0	False	ILE	-	I	False	True	True	True		61.0	False	PHE	-	F	False	True	True	True	70.0	70.0	True	HIS	H	H	True	False	False	True		167.0	False	HIS	-	H	False	True	False	True		171.0	False	LEU	-	L	False	True	True	True		197.0	False	MET	-	M	False	True	True	True	1	5	IFHHLM	--H---	False	False	False	False	False
A0ACC2U767	64.0	64.0	True	HIS	H	H	True	False	False	True	72.0	72.0	True	PHE	F	F	True	False	True	True	81.0	81.0	True	HIS	H	H	True	False	False	True	193.0	193.0	True	GLN	Q	Q	True	False	True	True	197.0	197.0	True	HIS	H	H	True	False	False	True	222.0	222.0	True	TYR	Y	Y	True	False	True	True	6	0	HFHQHY	HFHQHY	True	True	True	True	True
A0ACC2U7B3	64.0	64.0	True	TYR	Y	Y	True	False	True	True	72.0	72.0	True	HIS	H	H	True	False	False	True	81.0	81.0	True	HIS	H	H	True	False	False	True		193.0	False	GLN	-	Q	False	True	True	True	197.0	197.0	True	HIS	H	H	True	False	False	True	222.0	222.0	True	HIS	H	H	True	False	False	True	5	1	YHHQHH	YHH-HH	False	False	False	False	False
A0ACC3CBK0		301.0	False	LEU	-	L	False	True	True	True	309.0	309.0	True	PHE	F	F	True	False	True	True	318.0	318.0	True	HIS	H	H	True	False	False	True		430.0	False	ALA	-	A	False	True	True	True	438.0	434.0	False	ASN	G	N	False	False	True	True	465.0	465.0	True	GLN	Q	Q	True	False	True	True	3	2	LFHANQ	-FH-GQ	False	False	False	False	False
A0ACC3CBV5		283.0	False	LEU	-	L	False	True	True	True	291.0	291.0	True	HIS	H	H	True	False	False	True	300.0	300.0	True	HIS	H	H	True	False	False	True		414.0	False	SER	-	S	False	True	True	True	418.0	418.0	True	PHE	F	F	True	False	True	True	448.0	448.0	True	GLN	Q	Q	True	False	True	True	4	2	LHHSFQ	-HH-FQ	False	False	False	False	False
A0ACC3CEB8		407.0	False	ALA	-	A	False	True	True	True	415.0	415.0	True	HIS	H	H	True	False	False	True	424.0	424.0	True	HIS	H	H	True	False	False	True		558.0	False	ALA	-	A	False	True	True	True	562.0	562.0	True	ALA	A	A	True	False	True	True	594.0	594.0	True	GLY	G	G	True	False	True	True	4	2	AHHAAG	-HH-AG	False	False	False	False	False
A0ACC3DNN8	160.0	160.0	True	HIS	H	H	True	False	False	True	168.0	168.0	True	HIS	H	H	True	False	False	True	177.0	177.0	True	HIS	H	H	True	False	False	True	307.0	307.0	True	HIS	H	H	True	False	False	True	311.0	311.0	True	PRO	P	P	True	False	True	True	333.0	333.0	True	HIS	H	H	True	False	False	True	6	0	HHHHPH	HHHHPH	True	True	True	True	True
A0ACC3SCJ8	142.0	142.0	True	HIS	H	H	True	False	False	True	150.0	150.0	True	HIS	H	H	True	False	False	True	159.0	159.0	True	HIS	H	H	True	False	False	True	290.0	290.0	True	HIS	H	H	True	False	False	True	294.0	294.0	True	PRO	P	P	True	False	True	True	316.0	316.0	True	HIS	H	H	True	False	False	True	6	0	HHHHPH	HHHHPH	True	True	True	True	True
A0ACC3YJX9	128.0	128.0	True	HIS	H	H	True	False	False	True	136.0	136.0	True	HIS	H	H	True	False	False	True	145.0	145.0	True	HIS	H	H	True	False	False	True	313.0	313.0	True	HIS	H	H	True	False	False	True	317.0	317.0	True	HIS	H	H	True	False	False	True	341.0	341.0	True	GLN	Q	Q	True	False	True	True	6	0	HHHHHQ	HHHHHQ	True	True	True	True	True
A0ACD1IG11	73.0	73.0	True	HIS	H	H	True	False	False	True	81.0	81.0	True	HIS	H	H	True	False	False	True	90.0	90.0	True	HIS	H	H	True	False	False	True	230.0	230.0	True	PHE	F	F	True	False	True	True	234.0	234.0	True	HIS	H	H	True	False	False	True	257.0	257.0	True	HIS	H	H	True	False	False	True	6	0	HHHFHH	HHHFHH	True	True	True	True	True
A0ACD3ADA0	68.0	68.0	True	HIS	H	H	True	False	False	True	100.0	100.0	True	TRP	W	W	True	False	True	True	109.0	109.0	True	HIS	H	H	True	False	False	True	345.0	345.0	True	HIS	H	H	True	False	False	True	349.0	349.0	True	HIS	H	H	True	False	False	True	374.0	374.0	True	HIS	H	H	True	False	False	True	6	0	HWHHHH	HWHHHH	True	True	True	True	True
A0ACD3YVM0	81.0	81.0	True	HIS	H	H	True	False	False	True	90.0		False	---	L	-	False	False	False	False	99.0	99.0	True	HIS	H	H	True	False	False	True	238.0	238.0	True	HIS	H	H	True	False	False	True	242.0	242.0	True	HIS	H	H	True	False	False	True	265.0	265.0	True	HIS	H	H	True	False	False	True	5	0	H-HHHH	HLHHHH	False	False	True	True	False
A2RBK8		205.0	False	HIS	-	H	False	True	False	True		394.0	False	ASN	-	N	False	True	True	True		220.0	False	VAL	-	V	False	True	True	True	339.0	339.0	True	HIS	H	H	True	False	False	True	343.0	343.0	True	HIS	H	H	True	False	False	True	366.0	366.0	True	HIS	H	H	True	False	False	True	3	3	HNVHHH	---HHH	False	False	False	False	False
A3K3J4		78.0	False	HIS	-	H	False	True	False	True	118.0	112.0	False	GLY	S	G	False	False	True	True	127.0	127.0	True	HIS	H	H	True	False	False	True	217.0	217.0	True	HIS	H	H	True	False	False	True	221.0	221.0	True	HIS	H	H	True	False	False	True	246.0	246.0	True	HIS	H	H	True	False	False	True	4	1	HGHHHH	-SHHHH	False	False	False	False	False
A7RKE4	153.0	153.0	True	HIS	H	H	True	False	False	True	161.0	161.0	True	HIS	H	H	True	False	False	True	170.0	170.0	True	HIS	H	H	True	False	False	True	284.0	284.0	True	HIS	H	H	True	False	False	True	288.0	288.0	True	ARG	R	R	True	False	True	True	310.0	310.0	True	THR	T	T	True	False	True	True	6	0	HHHHRT	HHHHRT	True	True	True	True	True
A8N3S0	94.0	110.0	False	HIS	H	H	True	False	False	True	110.0		False	---	H	-	False	False	False	False	119.0	119.0	True	HIS	H	H	True	False	False	True	268.0	268.0	True	HIS	H	H	True	False	False	True	272.0	272.0	True	HIS	H	H	True	False	False	True	295.0	295.0	True	HIS	H	H	True	False	False	True	5	0	H-HHHH	HHHHHH	False	False	True	True	False
A8N4B1	136.0	136.0	True	HIS	H	H	True	False	False	True	144.0	144.0	True	HIS	H	H	True	False	False	True	153.0	153.0	True	ARG	R	R	True	False	True	True	296.0	296.0	True	HIS	H	H	True	False	False	True	300.0	300.0	True	HIS	H	H	True	False	False	True	335.0	335.0	True	HIS	H	H	True	False	False	True	6	0	HHRHHH	HHRHHH	True	True	True	True	True
B2WH32		14.0	False	PRO	-	P	False	True	True	True		23.0	False	ILE	-	I	False	True	True	True	32.0	32.0	True	HIS	H	H	True	False	False	True	195.0	195.0	True	HIS	H	H	True	False	False	True	199.0	199.0	True	HIS	H	H	True	False	False	True	223.0	223.0	True	HIS	H	H	True	False	False	True	4	2	PIHHHH	--HHHH	False	False	False	False	False
B9XQZ3		457.0	False	HIS	-	H	False	True	False	True	509.0	498.0	False	ALA	Y	A	False	False	True	True	518.0	518.0	True	HIS	H	H	True	False	False	True	618.0	618.0	True	HIS	H	H	True	False	False	True	622.0	622.0	True	HIS	H	H	True	False	False	True	645.0	645.0	True	HIS	H	H	True	False	False	True	4	1	HAHHHH	-YHHHH	False	False	False	False	False
C3YG81	190.0	184.0	False	GLN	H	Q	False	False	True	True	200.0	200.0	True	GLN	Q	Q	True	False	True	True	209.0	209.0	True	ASN	N	N	True	False	True	True	354.0	354.0	True	ASN	N	N	True	False	True	True	358.0	358.0	True	HIS	H	H	True	False	False	True	384.0	384.0	True	ARG	R	R	True	False	True	True	5	0	QQNNHR	HQNNHR	False	False	False	False	False
C8CHT1	6.0	6.0	True	HIS	H	H	True	False	False	True	27.0	27.0	True	HIS	H	H	True	False	False	True	36.0	36.0	True	HIS	H	H	True	False	False	True	158.0	158.0	True	HIS	H	H	True	False	False	True	162.0	162.0	True	HIS	H	H	True	False	False	True	192.0	192.0	True	ASP	D	D	True	False	True	True	6	0	HHHHHD	HHHHHD	True	True	True	True	True
D0NAA1		59.0	False	TYR	-	Y	False	True	True	True			False	---	-	-	False	True	False	False	78.0	78.0	True	TYR	Y	Y	True	False	True	True	230.0	230.0	True	GLN	Q	Q	True	False	True	True	234.0	234.0	True	HIS	H	H	True	False	False	True		255.0	False	HIS	-	H	False	True	False	True	3	3	Y-YQHH	--YQH-	False	False	False	False	False
E3Q7T1	68.0	68.0	True	HIS	H	H	True	False	False	True	76.0	76.0	True	GLN	Q	Q	True	False	True	True	85.0	85.0	True	TYR	Y	Y	True	False	True	True	246.0	246.0	True	HIS	H	H	True	False	False	True	250.0	250.0	True	HIS	H	H	True	False	False	True	274.0	274.0	True	GLN	Q	Q	True	False	True	True	6	0	HQYHHQ	HQYHHQ	True	True	True	True	True
E3QWQ8	138.0	138.0	True	HIS	H	H	True	False	False	True	146.0	146.0	True	HIS	H	H	True	False	False	True	155.0	155.0	True	HIS	H	H	True	False	False	True	278.0	278.0	True	HIS	H	H	True	False	False	True	282.0	282.0	True	PRO	P	P	True	False	True	True	304.0	304.0	True	HIS	H	H	True	False	False	True	6	0	HHHHPH	HHHHPH	True	True	True	True	True
E5Q8T0	175.0	175.0	True	HIS	H	H	True	False	False	True	196.0	196.0	True	HIS	H	H	True	False	False	True	205.0	205.0	True	HIS	H	H	True	False	False	True	327.0	327.0	True	TYR	Y	Y	True	False	True	True	331.0	331.0	True	HIS	H	H	True	False	False	True	361.0	361.0	True	HIS	H	H	True	False	False	True	6	0	HHHYHH	HHHYHH	True	True	True	True	True
E5SC69	189.0	189.0	True	HIS	H	H	True	False	False	True	203.0	204.0	False	THR	G	T	False	False	True	True	212.0	212.0	True	ASN	N	N	True	False	True	True	354.0	345.0	False	LEU	M	L	False	False	True	True	358.0	376.0	False	PHE	H	F	False	False	True	True	391.0	391.0	True	LEU	L	L	True	False	True	True	3	0	HTNLFL	HGNMHL	False	False	False	False	False
E9FAB7	64.0	64.0	True	HIS	H	H	True	False	False	True	72.0	72.0	True	HIS	H	H	True	False	False	True	81.0	81.0	True	HIS	H	H	True	False	False	True	216.0	216.0	True	HIS	H	H	True	False	False	True	220.0	220.0	True	PRO	P	P	True	False	True	True	242.0	242.0	True	HIS	H	H	True	False	False	True	6	0	HHHHPH	HHHHPH	True	True	True	True	True
F0XF66		576.0	False	SER	-	S	False	True	True	True	584.0	584.0	True	ALA	A	A	True	False	True	True	593.0	593.0	True	HIS	H	H	True	False	False	True	732.0	732.0	True	VAL	V	V	True	False	True	True	736.0	736.0	True	PRO	P	P	True	False	True	True	758.0	758.0	True	LEU	L	L	True	False	True	True	5	1	SAHVPL	-AHVPL	False	False	False	False	False
F0Y382	112.0	112.0	True	HIS	H	H	True	False	False	True	129.0	129.0	True	HIS	H	H	True	False	False	True	138.0	138.0	True	HIS	H	H	True	False	False	True	268.0	268.0	True	HIS	H	H	True	False	False	True	272.0	272.0	True	HIS	H	H	True	False	False	True	294.0	294.0	True	HIS	H	H	True	False	False	True	6	0	HHHHHH	HHHHHH	True	True	True	True	True
F0YJP7		228.0	False	HIS	-	H	False	True	False	True			False	---	-	-	False	True	False	False	248.0	248.0	True	HIS	H	H	True	False	False	True	404.0	404.0	True	HIS	H	H	True	False	False	True	408.0	408.0	True	HIS	H	H	True	False	False	True	542.0	542.0	True	HIS	H	H	True	False	False	True	4	2	H-HHHH	--HHHH	False	False	False	True	False
F1KXG5	151.0	151.0	True	TYR	Y	Y	True	False	True	True	161.0	161.0	True	HIS	H	H	True	False	False	True	170.0	170.0	True	HIS	H	H	True	False	False	True	291.0	291.0	True	GLN	Q	Q	True	False	True	True	295.0	295.0	True	GLN	Q	Q	True	False	True	True	318.0	318.0	True	HIS	H	H	True	False	False	True	6	0	YHHQQH	YHHQQH	True	True	True	True	True
F6G5J6	81.0	81.0	True	HIS	H	H	True	False	False	True	93.0	93.0	True	HIS	H	H	True	False	False	True	102.0	102.0	True	HIS	H	H	True	False	False	True	227.0	227.0	True	HIS	H	H	True	False	False	True	231.0	231.0	True	TYR	Y	Y	True	False	True	True	253.0	253.0	True	HIS	H	H	True	False	False	True	6	0	HHHHYH	HHHHYH	True	True	True	True	True
F9X2G9	72.0	72.0	True	HIS	H	H	True	False	False	True	80.0	80.0	True	HIS	H	H	True	False	False	True	89.0	89.0	True	HIS	H	H	True	False	False	True	248.0	248.0	True	HIS	H	H	True	False	False	True	252.0	252.0	True	HIS	H	H	True	False	False	True	275.0	275.0	True	TRP	W	W	True	False	True	True	6	0	HHHHHW	HHHHHW	True	True	True	True	True
F9XBE5	64.0	64.0	True	HIS	H	H	True	False	False	True	72.0	72.0	True	HIS	H	H	True	False	False	True	81.0	81.0	True	HIS	H	H	True	False	False	True	220.0	220.0	True	HIS	H	H	True	False	False	True	224.0	224.0	True	PRO	P	P	True	False	True	True	246.0	246.0	True	HIS	H	H	True	False	False	True	6	0	HHHHPH	HHHHPH	True	True	True	True	True
F9XCV9	107.0	107.0	True	HIS	H	H	True	False	False	True	115.0	115.0	True	HIS	H	H	True	False	False	True	124.0	124.0	True	HIS	H	H	True	False	False	True	253.0	253.0	True	HIS	H	H	True	False	False	True	257.0	257.0	True	PRO	P	P	True	False	True	True	279.0	279.0	True	HIS	H	H	True	False	False	True	6	0	HHHHPH	HHHHPH	True	True	True	True	True
G1S3C9	189.0	189.0	True	HIS	H	H	True	False	False	True	211.0	211.0	True	HIS	H	H	True	False	False	True	220.0	220.0	True	HIS	H	H	True	False	False	True	369.0	369.0	True	HIS	H	H	True	False	False	True	373.0	373.0	True	HIS	H	H	True	False	False	True		429.0	False	HIS	-	H	False	True	False	True	5	1	HHHHHH	HHHHH-	False	False	False	True	False
G2QVS9	49.0	49.0	True	HIS	H	H	True	False	False	True	57.0	57.0	True	HIS	H	H	True	False	False	True	66.0	66.0	True	HIS	H	H	True	False	False	True	199.0	199.0	True	HIS	H	H	True	False	False	True	203.0	203.0	True	PRO	P	P	True	False	True	True	225.0	225.0	True	HIS	H	H	True	False	False	True	6	0	HHHHPH	HHHHPH	True	True	True	True	True
G2YP57	165.0	165.0	True	HIS	H	H	True	False	False	True	173.0	173.0	True	HIS	H	H	True	False	False	True	182.0	182.0	True	HIS	H	H	True	False	False	True	310.0	310.0	True	HIS	H	H	True	False	False	True	314.0	314.0	True	PRO	P	P	True	False	True	True	336.0	336.0	True	HIS	H	H	True	False	False	True	6	0	HHHHPH	HHHHPH	True	True	True	True	True
G3JPN7	126.0	126.0	True	HIS	H	H	True	False	False	True	134.0	134.0	True	HIS	H	H	True	False	False	True	143.0	143.0	True	HIS	H	H	True	False	False	True	273.0	273.0	True	HIS	H	H	True	False	False	True	277.0	277.0	True	PRO	P	P	True	False	True	True	299.0	299.0	True	HIS	H	H	True	False	False	True	6	0	HHHHPH	HHHHPH	True	True	True	True	True
G3XUP5	51.0	51.0	True	HIS	H	H	True	False	False	True	61.0	61.0	True	HIS	H	H	True	False	False	True	70.0	70.0	True	HIS	H	H	True	False	False	True		244.0	False	LEU	-	L	False	True	True	True	248.0	248.0	True	HIS	H	H	True	False	False	True	289.0	289.0	True	HIS	H	H	True	False	False	True	5	1	HHHLHH	HHH-HH	False	False	False	False	False
G4Z7X0		65.0	False	TYR	-	Y	False	True	True	True		74.0	False	VAL	-	V	False	True	True	True	84.0	84.0	True	TYR	Y	Y	True	False	True	True	236.0	236.0	True	GLN	Q	Q	True	False	True	True	240.0	240.0	True	HIS	H	H	True	False	False	True		261.0	False	HIS	-	H	False	True	False	True	3	3	YVYQHH	--YQH-	False	False	False	False	False
G5A9J7		29.0	False	ALA	-	A	False	True	True	True		39.0	False	LEU	-	L	False	True	True	True	48.0	48.0	True	ASN	N	N	True	False	True	True		195.0	False	TYR	-	Y	False	True	True	True	200.0	200.0	True	HIS	H	H	True	False	False	True	224.0	224.0	True	HIS	H	H	True	False	False	True	3	3	ALNYHH	--N-HH	False	False	False	False	False
G5AB92	37.0	37.0	True	HIS	H	H	True	False	False	True	47.0	47.0	True	HIS	H	H	True	False	False	True	56.0	56.0	True	HIS	H	H	True	False	False	True	188.0	188.0	True	SER	S	S	True	False	True	True	192.0	192.0	True	HIS	H	H	True	False	False	True	214.0	214.0	True	HIS	H	H	True	False	False	True	6	0	HHHSHH	HHHSHH	True	True	True	True	True
G5ABA8		71.0	False	ALA	-	A	False	True	True	True		81.0	False	LEU	-	L	False	True	True	True	90.0	90.0	True	ASN	N	N	True	False	True	True	234.0	234.0	True	HIS	H	H	True	False	False	True	238.0	238.0	True	HIS	H	H	True	False	False	True	260.0	260.0	True	HIS	H	H	True	False	False	True	4	2	ALNHHH	--NHHH	False	False	False	False	False
G5B168	189.0	189.0	True	HIS	H	H	True	False	False	True	211.0	211.0	True	HIS	H	H	True	False	False	True	220.0	220.0	True	HIS	H	H	True	False	False	True	369.0	369.0	True	HIS	H	H	True	False	False	True	373.0	373.0	True	HIS	H	H	True	False	False	True		425.0	False	HIS	-	H	False	True	False	True	5	1	HHHHHH	HHHHH-	False	False	False	True	False
H1UWR0	69.0	69.0	True	HIS	H	H	True	False	False	True	77.0	77.0	True	HIS	H	H	True	False	False	True	86.0	86.0	True	HIS	H	H	True	False	False	True	254.0	254.0	True	HIS	H	H	True	False	False	True	258.0	258.0	True	HIS	H	H	True	False	False	True	282.0	282.0	True	GLN	Q	Q	True	False	True	True	6	0	HHHHHQ	HHHHHQ	True	True	True	True	True
H1VZE2	75.0	75.0	True	GLN	Q	Q	True	False	True	True	83.0	83.0	True	HIS	H	H	True	False	False	True	92.0	92.0	True	HIS	H	H	True	False	False	True	214.0	214.0	True	HIS	H	H	True	False	False	True	218.0	218.0	True	HIS	H	H	True	False	False	True	241.0	241.0	True	HIS	H	H	True	False	False	True	6	0	QHHHHH	QHHHHH	True	True	True	True	True
H2KPL1		186.0	False	ASN	-	N	False	True	True	True	211.0	211.0	True	HIS	H	H	True	False	False	True	220.0	220.0	True	HIS	H	H	True	False	False	True	371.0	371.0	True	ASN	N	N	True	False	True	True	375.0	375.0	True	HIS	H	H	True	False	False	True	398.0	398.0	True	GLN	Q	Q	True	False	True	True	5	1	NHHNHQ	-HHNHQ	False	False	False	False	False
H3GEM4			False	---	-	-	False	True	False	False			False	---	-	-	False	True	False	False	57.0		False	---	Y	-	False	False	False	False	209.0	209.0	True	GLN	Q	Q	True	False	True	True	213.0		False	---	H	-	False	False	False	False	235.0	235.0	True	TYR	Y	Y	True	False	True	True	2	2	---Q-Y	--YQHY	False	False	True	True	False
I7CCR9	205.0	205.0	True	HIS	H	H	True	False	False	True	226.0	226.0	True	HIS	H	H	True	False	False	True	235.0	235.0	True	PRO	P	P	True	False	True	True	358.0	358.0	True	HIS	H	H	True	False	False	True	362.0	362.0	True	HIS	H	H	True	False	False	True	392.0	392.0	True	HIS	H	H	True	False	False	True	6	0	HHPHHH	HHPHHH	True	True	True	True	True
K2RLK6	79.0	79.0	True	HIS	H	H	True	False	False	True	91.0	92.0	False	PHE	S	F	False	False	True	True	100.0	100.0	True	HIS	H	H	True	False	False	True	249.0	249.0	True	HIS	H	H	True	False	False	True	253.0	253.0	True	HIS	H	H	True	False	False	True	279.0	279.0	True	HIS	H	H	True	False	False	True	5	0	HFHHHH	HSHHHH	False	False	False	False	False
K3WBN0		69.0	False	TYR	-	Y	False	True	True	True		79.0	False	GLY	-	G	False	True	True	True	88.0	88.0	True	TYR	Y	Y	True	False	True	True	233.0	233.0	True	HIS	H	H	True	False	False	True	237.0	237.0	True	HIS	H	H	True	False	False	True	259.0	259.0	True	TYR	Y	Y	True	False	True	True	4	2	YGYHHY	--YHHY	False	False	False	False	False
L2FID8	104.0	104.0	True	HIS	H	H	True	False	False	True	112.0	112.0	True	HIS	H	H	True	False	False	True	121.0	121.0	True	HIS	H	H	True	False	False	True	258.0	258.0	True	HIS	H	H	True	False	False	True	262.0	262.0	True	PRO	P	P	True	False	True	True	284.0	284.0	True	HIS	H	H	True	False	False	True	6	0	HHHHPH	HHHHPH	True	True	True	True	True
L2FNV4	84.0	84.0	True	HIS	H	H	True	False	False	True	104.0	108.0	False	PHE	S	F	False	False	True	True	113.0	113.0	True	HIS	H	H	True	False	False	True	265.0	265.0	True	HIS	H	H	True	False	False	True	269.0	269.0	True	HIS	H	H	True	False	False	True	295.0	295.0	True	HIS	H	H	True	False	False	True	5	0	HFHHHH	HSHHHH	False	False	False	False	False
L2GEI1	13.0	13.0	True	HIS	H	H	True	False	False	True	21.0	21.0	True	HIS	H	H	True	False	False	True	30.0	30.0	True	HIS	H	H	True	False	False	True	198.0	198.0	True	HIS	H	H	True	False	False	True	202.0	202.0	True	HIS	H	H	True	False	False	True	226.0	226.0	True	GLN	Q	Q	True	False	True	True	6	0	HHHHHQ	HHHHHQ	True	True	True	True	True
L8X5X1	111.0	111.0	True	HIS	H	H	True	False	False	True	119.0		False	---	H	-	False	False	False	False	125.0	125.0	True	HIS	H	H	True	False	False	True	258.0	258.0	True	HIS	H	H	True	False	False	True	262.0	262.0	True	HIS	H	H	True	False	False	True	288.0	288.0	True	HIS	H	H	True	False	False	True	5	0	H-HHHH	HHHHHH	False	False	True	True	False
M1R095		186.0	False	ASN	-	N	False	True	True	True	211.0	211.0	True	HIS	H	H	True	False	False	True	220.0	220.0	True	HIS	H	H	True	False	False	True	371.0	371.0	True	ASN	N	N	True	False	True	True	375.0	375.0	True	HIS	H	H	True	False	False	True	398.0	398.0	True	GLN	Q	Q	True	False	True	True	5	1	NHHNHQ	-HHNHQ	False	False	False	False	False
M2MQZ6	164.0	164.0	True	HIS	H	H	True	False	False	True	172.0	172.0	True	HIS	H	H	True	False	False	True	181.0	181.0	True	HIS	H	H	True	False	False	True	312.0	312.0	True	HIS	H	H	True	False	False	True	316.0	316.0	True	PRO	P	P	True	False	True	True	338.0	338.0	True	HIS	H	H	True	False	False	True	6	0	HHHHPH	HHHHPH	True	True	True	True	True
M2SQZ2	74.0	77.0	False	TYR	H	Y	False	False	True	True	85.0	85.0	True	HIS	H	H	True	False	False	True	94.0	94.0	True	HIS	H	H	True	False	False	True			False	---	-	-	False	True	False	False			False	---	-	-	False	True	False	False	210.0	210.0	True	HIS	H	H	True	False	False	True	3	2	YHH--H	HHH--H	False	False	False	False	False
M2YMY9	133.0	133.0	True	HIS	H	H	True	False	False	True	141.0	141.0	True	HIS	H	H	True	False	False	True	150.0	150.0	True	HIS	H	H	True	False	False	True	281.0	281.0	True	HIS	H	H	True	False	False	True	285.0	285.0	True	PRO	P	P	True	False	True	True	307.0	307.0	True	HIS	H	H	True	False	False	True	6	0	HHHHPH	HHHHPH	True	True	True	True	True
M3C9Q8	92.0	92.0	True	HIS	H	H	True	False	False	True	117.0	117.0	True	HIS	H	H	True	False	False	True	126.0	126.0	True	HIS	H	H	True	False	False	True	295.0	295.0	True	HIS	H	H	True	False	False	True	299.0	299.0	True	HIS	H	H	True	False	False	True	331.0	331.0	True	HIS	H	H	True	False	False	True	6	0	HHHHHH	HHHHHH	True	True	True	True	True
M4C6D4		92.0	False	ALA	-	A	False	True	True	True		102.0	False	GLU	-	E	False	True	True	True	111.0	111.0	True	HIS	H	H	True	False	False	True	253.0	253.0	True	HIS	H	H	True	False	False	True	257.0	257.0	True	LEU	L	L	True	False	True	True	279.0	279.0	True	TYR	Y	Y	True	False	True	True	4	2	AEHHLY	--HHLY	False	False	False	False	False
M7UN52	134.0	134.0	True	HIS	H	H	True	False	False	True	142.0	142.0	True	HIS	H	H	True	False	False	True	151.0	151.0	True	HIS	H	H	True	False	False	True	278.0	277.0	False	ALA	H	A	False	False	True	True	282.0	282.0	True	SER	S	S	True	False	True	True	304.0	304.0	True	HIS	H	H	True	False	False	True	5	0	HHHASH	HHHHSH	False	False	False	False	False
N1RKC9	75.0	75.0	True	HIS	H	H	True	False	False	True	83.0	83.0	True	TYR	Y	Y	True	False	True	True	92.0	92.0	True	HIS	H	H	True	False	False	True	230.0	230.0	True	HIS	H	H	True	False	False	True	234.0	234.0	True	HIS	H	H	True	False	False	True	256.0	256.0	True	HIS	H	H	True	False	False	True	6	0	HYHHHH	HYHHHH	True	True	True	True	True
N1S3E0	42.0	42.0	True	HIS	H	H	True	False	False	True	50.0	50.0	True	HIS	H	H	True	False	False	True	62.0	62.0	True	HIS	H	H	True	False	False	True	211.0	211.0	True	HIS	H	H	True	False	False	True	215.0	215.0	True	HIS	H	H	True	False	False	True	241.0	241.0	True	HIS	H	H	True	False	False	True	6	0	HHHHHH	HHHHHH	True	True	True	True	True
N1S8Q1		69.0	False	ARG	-	R	False	True	True	True		75.0	False	TYR	-	Y	False	True	True	True	84.0	84.0	True	HIS	H	H	True	False	False	True	211.0	211.0	True	HIS	H	H	True	False	False	True	215.0	215.0	True	HIS	H	H	True	False	False	True	237.0	237.0	True	HIS	H	H	True	False	False	True	4	2	RYHHHH	--HHHH	False	False	False	False	False
N4TKR4		83.0	False	HIS	-	H	False	True	False	True	82.0	86.0	False	GLN	M	Q	False	False	True	True	91.0	91.0	True	HIS	H	H	True	False	False	True	208.0	208.0	True	HIS	H	H	True	False	False	True	212.0	212.0	True	HIS	H	H	True	False	False	True	235.0	235.0	True	HIS	H	H	True	False	False	True	4	1	HQHHHH	-MHHHH	False	False	False	False	False
N4X430	74.0	77.0	False	TYR	H	Y	False	False	True	True	85.0	85.0	True	HIS	H	H	True	False	False	True	94.0	94.0	True	HIS	H	H	True	False	False	True			False	---	-	-	False	True	False	False			False	---	-	-	False	True	False	False	210.0	210.0	True	HIS	H	H	True	False	False	True	3	2	YHH--H	HHH--H	False	False	False	False	False
P55022	38.0	38.0	True	HIS	H	H	True	False	False	True	56.0		False	---	H	-	False	False	False	False	66.0	66.0	True	HIS	H	H	True	False	False	True	193.0	193.0	True	HIS	H	H	True	False	False	True	197.0	197.0	True	HIS	H	H	True	False	False	True	219.0	219.0	True	HIS	H	H	True	False	False	True	5	0	H-HHHH	HHHHHH	False	False	True	True	False
Q33CJ6	98.0	98.0	True	ARG	R	R	True	False	True	True	119.0	119.0	True	THR	T	T	True	False	True	True	128.0	128.0	True	HIS	H	H	True	False	False	True	276.0	276.0	True	ASP	D	D	True	False	True	True	280.0	280.0	True	ARG	R	R	True	False	True	True	303.0	303.0	True	HIS	H	H	True	False	False	True	6	0	RTHDRH	RTHDRH	True	True	True	True	True
R1D043		141.0	False	HIS	-	H	False	True	False	True		148.0	False	VAL	-	V	False	True	True	True		153.0	False	THR	-	T	False	True	True	True	445.0	445.0	True	HIS	H	H	True	False	False	True	449.0	449.0	True	HIS	H	H	True	False	False	True	473.0	473.0	True	HIS	H	H	True	False	False	True	3	3	HVTHHH	---HHH	False	False	False	False	False
R1EXG5		39.0	False	HIS	-	H	False	True	False	True	43.0		False	---	S	-	False	False	False	False	52.0	52.0	True	HIS	H	H	True	False	False	True	168.0	168.0	True	HIS	H	H	True	False	False	True	172.0	172.0	True	HIS	H	H	True	False	False	True	195.0	195.0	True	HIS	H	H	True	False	False	True	4	1	H-HHHH	-SHHHH	False	False	False	True	False
R7UB97	211.0	211.0	True	HIS	H	H	True	False	False	True	220.0	220.0	True	TYR	Y	Y	True	False	True	True	229.0	229.0	True	HIS	H	H	True	False	False	True		346.0	False	SER	-	S	False	True	True	True	350.0	350.0	True	HIS	H	H	True	False	False	True	373.0	373.0	True	TYR	Y	Y	True	False	True	True	5	1	HYHSHY	HYH-HY	False	False	False	False	False
R7YGC4	107.0	107.0	True	HIS	H	H	True	False	False	True	115.0	115.0	True	HIS	H	H	True	False	False	True	124.0	124.0	True	HIS	H	H	True	False	False	True	290.0	290.0	True	LEU	L	L	True	False	True	True	294.0	294.0	True	HIS	H	H	True	False	False	True	318.0	318.0	True	HIS	H	H	True	False	False	True	6	0	HHHLHH	HHHLHH	True	True	True	True	True
S0DQZ0	117.0	117.0	True	HIS	H	H	True	False	False	True	125.0	125.0	True	HIS	H	H	True	False	False	True	134.0	134.0	True	HIS	H	H	True	False	False	True	271.0	271.0	True	HIS	H	H	True	False	False	True	275.0	275.0	True	PRO	P	P	True	False	True	True	297.0	297.0	True	HIS	H	H	True	False	False	True	6	0	HHHHPH	HHHHPH	True	True	True	True	True
S3D1Q3	106.0	106.0	True	HIS	H	H	True	False	False	True	114.0	114.0	True	HIS	H	H	True	False	False	True	123.0	123.0	True	HIS	H	H	True	False	False	True	252.0	252.0	True	HIS	H	H	True	False	False	True	256.0	256.0	True	SER	S	S	True	False	True	True	278.0	278.0	True	HIS	H	H	True	False	False	True	6	0	HHHHSH	HHHHSH	True	True	True	True	True
T0KJ59	13.0	13.0	True	HIS	H	H	True	False	False	True	21.0	21.0	True	HIS	H	H	True	False	False	True	30.0	30.0	True	HIS	H	H	True	False	False	True	198.0	198.0	True	HIS	H	H	True	False	False	True	202.0	202.0	True	HIS	H	H	True	False	False	True	226.0	226.0	True	GLN	Q	Q	True	False	True	True	6	0	HHHHHQ	HHHHHQ	True	True	True	True	True
T0KXU6	84.0	84.0	True	HIS	H	H	True	False	False	True	92.0	92.0	True	HIS	H	H	True	False	False	True	101.0	101.0	True	VAL	V	V	True	False	True	True	261.0	261.0	True	HIS	H	H	True	False	False	True	265.0	265.0	True	HIS	H	H	True	False	False	True	291.0	291.0	True	HIS	H	H	True	False	False	True	6	0	HHVHHH	HHVHHH	True	True	True	True	True
T0PKY7		71.0	False	LEU	-	L	False	True	True	True		81.0	False	TYR	-	Y	False	True	True	True		90.0	False	SER	-	S	False	True	True	True	228.0	228.0	True	HIS	H	H	True	False	False	True	232.0	232.0	True	HIS	H	H	True	False	False	True	255.0	255.0	True	HIS	H	H	True	False	False	True	3	3	LYSHHH	---HHH	False	False	False	False	False
T0PU14		431.0	False	PHE	-	F	False	True	True	True	439.0	439.0	True	PHE	F	F	True	False	True	True	448.0	448.0	True	ARG	R	R	True	False	True	True	580.0	580.0	True	VAL	V	V	True	False	True	True	584.0	584.0	True	HIS	H	H	True	False	False	True	607.0	607.0	True	PHE	F	F	True	False	True	True	5	1	FFRVHF	-FRVHF	False	False	False	False	False
T0QXV8	13.0	13.0	True	HIS	H	H	True	False	False	True	23.0	23.0	True	HIS	H	H	True	False	False	True	32.0	32.0	True	HIS	H	H	True	False	False	True	173.0	173.0	True	SER	S	S	True	False	True	True	177.0	177.0	True	HIS	H	H	True	False	False	True	200.0	200.0	True	HIS	H	H	True	False	False	True	6	0	HHHSHH	HHHSHH	True	True	True	True	True
T0S9R0	81.0	81.0	True	HIS	H	H	True	False	False	True	91.0	91.0	True	HIS	H	H	True	False	False	True	100.0	100.0	True	HIS	H	H	True	False	False	True	241.0	241.0	True	SER	S	S	True	False	True	True	245.0	245.0	True	HIS	H	H	True	False	False	True	268.0	268.0	True	HIS	H	H	True	False	False	True	6	0	HHHSHH	HHHSHH	True	True	True	True	True
T5A6R2	88.0	88.0	True	HIS	H	H	True	False	False	True	100.0		False	---	P	-	False	False	False	False	109.0	109.0	True	HIS	H	H	True	False	False	True	262.0	262.0	True	HIS	H	H	True	False	False	True	266.0	266.0	True	HIS	H	H	True	False	False	True	291.0	291.0	True	HIS	H	H	True	False	False	True	5	0	H-HHHH	HPHHHH	False	False	True	True	False
U3AIJ7	79.0	79.0	True	HIS	H	H	True	False	False	True	110.0		False	---	H	-	False	False	False	False	122.0	122.0	True	HIS	H	H	True	False	False	True	238.0	238.0	True	HIS	H	H	True	False	False	True	242.0	242.0	True	HIS	H	H	True	False	False	True	272.0	272.0	True	HIS	H	H	True	False	False	True	5	0	H-HHHH	HHHHHH	False	False	True	True	False
U4K751	62.0	62.0	True	HIS	H	H	True	False	False	True	71.0		False	---	D	-	False	False	False	False	80.0	80.0	True	HIS	H	H	True	False	False	True	207.0	207.0	True	HIS	H	H	True	False	False	True	211.0	211.0	True	HIS	H	H	True	False	False	True	246.0	246.0	True	HIS	H	H	True	False	False	True	5	0	H-HHHH	HDHHHH	False	False	True	True	False
V5FME0	119.0	119.0	True	HIS	H	H	True	False	False	True	127.0	127.0	True	HIS	H	H	True	False	False	True	136.0	136.0	True	HIS	H	H	True	False	False	True	263.0	262.0	False	SER	H	S	False	False	True	True	267.0	267.0	True	PRO	P	P	True	False	True	True	289.0	289.0	True	HIS	H	H	True	False	False	True	5	0	HHHSPH	HHHHPH	False	False	False	False	False
V9E917		58.0	False	TYR	-	Y	False	True	True	True		68.0	False	VAL	-	V	False	True	True	True	77.0	77.0	True	TYR	Y	Y	True	False	True	True	229.0	229.0	True	GLN	Q	Q	True	False	True	True	233.0	233.0	True	HIS	H	H	True	False	False	True	255.0	255.0	True	TYR	Y	Y	True	False	True	True	4	2	YVYQHY	--YQHY	False	False	False	False	False
V9EB77		13.0	False	TYR	-	Y	False	True	True	True		23.0	False	VAL	-	V	False	True	True	True	32.0	32.0	True	TYR	Y	Y	True	False	True	True	184.0	184.0	True	GLN	Q	Q	True	False	True	True	188.0	188.0	True	HIS	H	H	True	False	False	True	210.0	210.0	True	TYR	Y	Y	True	False	True	True	4	2	YVYQHY	--YQHY	False	False	False	False	False
V9EVI6		74.0	False	ALA	-	A	False	True	True	True		84.0	False	LEU	-	L	False	True	True	True	93.0	93.0	True	ASN	N	N	True	False	True	True	237.0	237.0	True	HIS	H	H	True	False	False	True	241.0	241.0	True	HIS	H	H	True	False	False	True	263.0	263.0	True	HIS	H	H	True	False	False	True	4	2	ALNHHH	--NHHH	False	False	False	False	False
W2I6U4		58.0	False	TYR	-	Y	False	True	True	True		68.0	False	VAL	-	V	False	True	True	True	77.0	77.0	True	TYR	Y	Y	True	False	True	True	229.0	229.0	True	GLN	Q	Q	True	False	True	True	233.0	233.0	True	HIS	H	H	True	False	False	True	255.0	255.0	True	TYR	Y	Y	True	False	True	True	4	2	YVYQHY	--YQHY	False	False	False	False	False
W2I6Y9		13.0	False	TYR	-	Y	False	True	True	True		23.0	False	VAL	-	V	False	True	True	True	32.0	32.0	True	TYR	Y	Y	True	False	True	True	184.0	184.0	True	GLN	Q	Q	True	False	True	True	188.0	188.0	True	HIS	H	H	True	False	False	True	210.0	210.0	True	TYR	Y	Y	True	False	True	True	4	2	YVYQHY	--YQHY	False	False	False	False	False
W2IN56		74.0	False	ALA	-	A	False	True	True	True		84.0	False	LEU	-	L	False	True	True	True	93.0	93.0	True	ASN	N	N	True	False	True	True	237.0	237.0	True	HIS	H	H	True	False	False	True	241.0	241.0	True	HIS	H	H	True	False	False	True	263.0	263.0	True	HIS	H	H	True	False	False	True	4	2	ALNHHH	--NHHH	False	False	False	False	False
W2KB90		58.0	False	TYR	-	Y	False	True	True	True		68.0	False	VAL	-	V	False	True	True	True	77.0	77.0	True	TYR	Y	Y	True	False	True	True	229.0	229.0	True	GLN	Q	Q	True	False	True	True	233.0	233.0	True	HIS	H	H	True	False	False	True	255.0	255.0	True	TYR	Y	Y	True	False	True	True	4	2	YVYQHY	--YQHY	False	False	False	False	False
W2MH14		13.0	False	TYR	-	Y	False	True	True	True		23.0	False	VAL	-	V	False	True	True	True	32.0	32.0	True	TYR	Y	Y	True	False	True	True	184.0	184.0	True	GLN	Q	Q	True	False	True	True	188.0	188.0	True	HIS	H	H	True	False	False	True	210.0	210.0	True	TYR	Y	Y	True	False	True	True	4	2	YVYQHY	--YQHY	False	False	False	False	False
W2PMT3		13.0	False	TYR	-	Y	False	True	True	True		23.0	False	VAL	-	V	False	True	True	True	32.0	32.0	True	TYR	Y	Y	True	False	True	True	184.0	184.0	True	GLN	Q	Q	True	False	True	True	188.0	188.0	True	HIS	H	H	True	False	False	True	210.0	210.0	True	TYR	Y	Y	True	False	True	True	4	2	YVYQHY	--YQHY	False	False	False	False	False
W2PPJ1		58.0	False	TYR	-	Y	False	True	True	True		68.0	False	VAL	-	V	False	True	True	True	77.0	77.0	True	TYR	Y	Y	True	False	True	True	229.0	229.0	True	GLN	Q	Q	True	False	True	True	233.0	233.0	True	HIS	H	H	True	False	False	True	255.0	255.0	True	TYR	Y	Y	True	False	True	True	4	2	YVYQHY	--YQHY	False	False	False	False	False
W2PY30		74.0	False	ALA	-	A	False	True	True	True		84.0	False	LEU	-	L	False	True	True	True	93.0	93.0	True	ASN	N	N	True	False	True	True	237.0	237.0	True	HIS	H	H	True	False	False	True	241.0	241.0	True	HIS	H	H	True	False	False	True	263.0	263.0	True	HIS	H	H	True	False	False	True	4	2	ALNHHH	--NHHH	False	False	False	False	False
W2W5P6		58.0	False	TYR	-	Y	False	True	True	True		68.0	False	VAL	-	V	False	True	True	True	77.0	77.0	True	TYR	Y	Y	True	False	True	True	229.0	229.0	True	GLN	Q	Q	True	False	True	True	233.0	233.0	True	HIS	H	H	True	False	False	True	255.0	255.0	True	TYR	Y	Y	True	False	True	True	4	2	YVYQHY	--YQHY	False	False	False	False	False
W2W6T1		13.0	False	TYR	-	Y	False	True	True	True		23.0	False	VAL	-	V	False	True	True	True	32.0	32.0	True	TYR	Y	Y	True	False	True	True	184.0	184.0	True	GLN	Q	Q	True	False	True	True	188.0	188.0	True	HIS	H	H	True	False	False	True	210.0	210.0	True	TYR	Y	Y	True	False	True	True	4	2	YVYQHY	--YQHY	False	False	False	False	False
W2WMR4		74.0	False	ALA	-	A	False	True	True	True		84.0	False	LEU	-	L	False	True	True	True	93.0	93.0	True	ASN	N	N	True	False	True	True	237.0	237.0	True	HIS	H	H	True	False	False	True	241.0	241.0	True	HIS	H	H	True	False	False	True	263.0	263.0	True	HIS	H	H	True	False	False	True	4	2	ALNHHH	--NHHH	False	False	False	False	False
W2YEN6		58.0	False	TYR	-	Y	False	True	True	True		68.0	False	VAL	-	V	False	True	True	True	77.0	77.0	True	TYR	Y	Y	True	False	True	True	229.0	229.0	True	GLN	Q	Q	True	False	True	True	233.0	233.0	True	HIS	H	H	True	False	False	True	255.0	255.0	True	TYR	Y	Y	True	False	True	True	4	2	YVYQHY	--YQHY	False	False	False	False	False
W2YF51		13.0	False	TYR	-	Y	False	True	True	True		23.0	False	VAL	-	V	False	True	True	True	32.0	32.0	True	TYR	Y	Y	True	False	True	True	184.0	184.0	True	GLN	Q	Q	True	False	True	True	188.0	188.0	True	HIS	H	H	True	False	False	True	210.0	210.0	True	TYR	Y	Y	True	False	True	True	4	2	YVYQHY	--YQHY	False	False	False	False	False
W2YZ31		74.0	False	ALA	-	A	False	True	True	True		84.0	False	LEU	-	L	False	True	True	True	93.0	93.0	True	ASN	N	N	True	False	True	True	237.0	237.0	True	HIS	H	H	True	False	False	True	241.0	241.0	True	HIS	H	H	True	False	False	True	263.0	263.0	True	HIS	H	H	True	False	False	True	4	2	ALNHHH	--NHHH	False	False	False	False	False
W3WIK4	81.0	81.0	True	HIS	H	H	True	False	False	True	89.0	89.0	True	HIS	H	H	True	False	False	True	98.0	98.0	True	HIS	H	H	True	False	False	True	217.0	217.0	True	HIS	H	H	True	False	False	True	221.0	221.0	True	HIS	H	H	True	False	False	True	247.0	247.0	True	SER	S	S	True	False	True	True	6	0	HHHHHS	HHHHHS	True	True	True	True	True
W4GC36		156.0	False	LEU	-	L	False	True	True	True		166.0	False	TYR	-	Y	False	True	True	True	175.0	175.0	True	ASN	N	N	True	False	True	True	310.0	310.0	True	HIS	H	H	True	False	False	True	314.0	314.0	True	HIS	H	H	True	False	False	True	336.0	336.0	True	HIS	H	H	True	False	False	True	4	2	LYNHHH	--NHHH	False	False	False	False	False
W6ZD78	103.0	103.0	True	HIS	H	H	True	False	False	True	111.0	111.0	True	HIS	H	H	True	False	False	True	120.0	120.0	True	HIS	H	H	True	False	False	True	291.0	294.0	False	GLY	H	G	False	False	True	True	298.0	298.0	True	HIS	H	H	True	False	False	True	322.0	322.0	True	HIS	H	H	True	False	False	True	5	0	HHHGHH	HHHHHH	False	False	False	False	False
W7F1D8	77.0	77.0	True	HIS	H	H	True	False	False	True	85.0	85.0	True	HIS	H	H	True	False	False	True	92.0	92.0	True	HIS	H	H	True	False	False	True	209.0	209.0	True	HIS	H	H	True	False	False	True	213.0	213.0	True	HIS	H	H	True	False	False	True		236.0	False	GLN	-	Q	False	True	True	True	5	1	HHHHHQ	HHHHH-	False	False	False	False	False
W7M987	42.0	42.0	True	HIS	H	H	True	False	False	True	50.0	50.0	True	HIS	H	H	True	False	False	True	59.0	59.0	True	HIS	H	H	True	False	False	True	196.0	196.0	True	HIS	H	H	True	False	False	True	200.0	200.0	True	PRO	P	P	True	False	True	True	222.0	222.0	True	HIS	H	H	True	False	False	True	6	0	HHHHPH	HHHHPH	True	True	True	True	True
W7MLF2	39.0	39.0	True	HIS	H	H	True	False	False	True	47.0	47.0	True	HIS	H	H	True	False	False	True	56.0	56.0	True	HIS	H	H	True	False	False	True	173.0	173.0	True	TYR	Y	Y	True	False	True	True	177.0	177.0	True	ASN	N	N	True	False	True	True	200.0	200.0	True	HIS	H	H	True	False	False	True	6	0	HHHYNH	HHHYNH	True	True	True	True	True
W9I5K7	108.0	108.0	True	HIS	H	H	True	False	False	True	116.0	116.0	True	HIS	H	H	True	False	False	True	125.0	125.0	True	LEU	L	L	True	False	True	True	285.0	285.0	True	HIS	H	H	True	False	False	True	289.0	289.0	True	HIS	H	H	True	False	False	True	312.0	312.0	True	HIS	H	H	True	False	False	True	6	0	HHLHHH	HHLHHH	True	True	True	True	True
X0JGY5	70.0	70.0	True	HIS	H	H	True	False	False	True	78.0	78.0	True	TYR	Y	Y	True	False	True	True	87.0	87.0	True	HIS	H	H	True	False	False	True	218.0	218.0	True	HIS	H	H	True	False	False	True	222.0	222.0	True	HIS	H	H	True	False	False	True	244.0	244.0	True	HIS	H	H	True	False	False	True	6	0	HYHHHH	HYHHHH	True	True	True	True	True
X8JBW1	73.0	73.0	True	TYR	Y	Y	True	False	True	True	81.0	81.0	True	HIS	H	H	True	False	False	True	90.0	90.0	True	GLN	Q	Q	True	False	True	True	216.0	216.0	True	HIS	H	H	True	False	False	True	220.0	220.0	True	VAL	V	V	True	False	True	True	242.0	242.0	True	ILE	I	I	True	False	True	True	6	0	YHQHVI	YHQHVI	True	True	True	True	True
X8JFG5	119.0	119.0	True	HIS	H	H	True	False	False	True	127.0	127.0	True	GLN	Q	Q	True	False	True	True	136.0	136.0	True	HIS	H	H	True	False	False	True	275.0	275.0	True	ARG	R	R	True	False	True	True	279.0	279.0	True	GLN	Q	Q	True	False	True	True	302.0	302.0	True	HIS	H	H	True	False	False	True	6	0	HQHRQH	HQHRQH	True	True	True	True	True
X8JFZ0		24.0	False	TYR	-	Y	False	True	True	True		32.0	False	LEU	-	L	False	True	True	True	41.0	41.0	True	ASN	N	N	True	False	True	True	183.0	183.0	True	GLY	G	G	True	False	True	True	187.0	187.0	True	HIS	H	H	True	False	False	True	209.0	209.0	True	TYR	Y	Y	True	False	True	True	4	2	YLNGHY	--NGHY	False	False	False	False	False
