member,accession,cterm_len,n_seg,status
A0AA88AFA7_taxID_3494_model_A,A0AA88AFA7,131,1,ok
A0A076FRP2_taxID_3635_model,A0A076FRP2,169,1,ok
A0A076FRN6_taxID_3635_model,A0A076FRN6,168,1,ok
A0A5D2C8N1_taxID_34276_model,A0A5D2C8N1,166,1,ok
A0A5D2ULC9_taxID_34275_model,A0A5D2ULC9,168,1,ok
A0A0A9H6D8_taxID_35708_model_A,A0A0A9H6D8,148,1,ok
A0A0B2P669_taxID_3848_model,A0A0B2P669,90,1,ok
A0A0C9S6R6_taxID_56998_model_A,A0A0C9S6R6,170,1,ok
A0A0D2TW57_taxID_29730_model_A,A0A0D2TW57,165,1,ok
A0A0D2UIJ1_taxID_29730_model,A0A0D2UIJ1,181,1,ok
A0A0D3QEC2_taxID_15565_model,A0A0D3QEC2,137,1,ok
A0A0D4D5X8_taxID_156531_model_A,A0A0D4D5X8,152,1,ok
A0A0D9W9R3_taxID_77586_model_A,A0A0D9W9R3,135,1,ok
A0A0D9ZQY1_taxID_40148_model_A,A0A0D9ZQY1,132,1,ok
A0A0E0C8Q1_taxID_40149_model,A0A0E0C8Q1,84,1,ok
A0A0E0DIL3_taxID_40149_model_A,A0A0E0DIL3,155,1,ok
A0A0E0FUB6_taxID_4536_model,A0A0E0FUB6,113,1,ok
A0A0E0KVG9_taxID_4537_model_A,A0A0E0KVG9,130,1,ok
A0A0E0N3H7_taxID_4529_model,A0A0E0N3H7,171,1,ok
A0A0K9NMQ6_taxID_29655_model_A,A0A0K9NMQ6,167,1,ok
A0A0K9NTB7_taxID_29655_model,A0A0K9NTB7,155,1,ok
A0A0K9P7U4_taxID_29655_model_A,A0A0K9P7U4,125,1,ok
A0A0K9PZE6_taxID_29655_model,A0A0K9PZE6,123,1,ok
A0A0K9PZY4_taxID_29655_model_A,A0A0K9PZY4,142,1,ok
A0A0K9Q3U4_taxID_29655_model_A,A0A0K9Q3U4,175,1,ok
A0A0N9HGV8_taxID_93608_model_A,A0A0N9HGV8,159,1,ok
A0A0R0JBC8_taxID_3847_model,A0A0R0JBC8,127,1,ok
A0A0U1TTF5_taxID_141207_model_A,A0A0U1TTF5,121,1,ok
A0A0U1VG68_taxID_141207_model_A,A0A0U1VG68,120,1,ok
A0A0U2D7M5_taxID_3670_model_A,A0A0U2D7M5,132,1,ok
A0A103PWC4_taxID_59895_model,A0A103PWC4,160,1,ok
A0A124SHT3_taxID_59895_model_A,A0A124SHT3,162,1,ok
A0A151R8K1_taxID_3821_model_A,A0A151R8K1,155,1,ok
A0A151R8P6_taxID_3821_model_A,A0A151R8P6,154,1,ok
A0A172DC01_taxID_3670_model_A,A0A172DC01,126,1,ok
A0ABC8S9C6_taxID_185542_model_A,A0ABC8S9C6,155,1,ok
A0A173DSG7_taxID_156531_model,A0A173DSG7,155,1,ok
A0A176VEH7_taxID_1480154_model_A,A0A176VEH7,173,1,ok
A0A2R6W0C7_taxID_3197_model_A,A0A2R6W0C7,173,1,ok
A0AAF6BK96_taxID_1480154_model_A,A0AAF6BK96,173,1,ok
A0A199VCW6_taxID_4615_model,A0A199VCW6,124,1,ok
A0A199VDT9_taxID_4615_model_A,A0A199VDT9,124,1,ok
A0A6P5G1C1_taxID_4615_model,A0A6P5G1C1,124,1,ok
A0A199VDJ0_taxID_4615_model,A0A199VDJ0,153,1,ok
A0A1E5WH95_taxID_888268_model,A0A1E5WH95,129,1,ok
A0A1E5WJW0_taxID_888268_model,A0A1E5WJW0,170,1,ok
A0A1I1WTL0_taxID_32040_model,A0A1I1WTL0,177,1,ok
A0A1R3I1N9_taxID_210143_model_A,A0A1R3I1N9,151,1,ok
A0A1S3Y7P7_taxID_4097_model_A,A0A1S3Y7P7,162,1,ok
A0A0V0IHG3_taxID_4108_model_A,A0A0V0IHG3,160,1,ok
A0A1J6JLI9_taxID_49451_model,A0A1J6JLI9,163,1,ok
A0A1S3ZQP6_taxID_4097_model_A,A0A1S3ZQP6,161,1,ok
A0A1S4D1N7_taxID_4097_model_A,A0A1S4D1N7,162,1,ok
A0A1U7VU91_taxID_4096_model_A,A0A1U7VU91,162,1,ok
A0A286MEA3_taxID_126903_model,A0A286MEA3,138,1,ok
A0A2G2W2T9_taxID_33114_model_A,A0A2G2W2T9,147,1,ok
A0A2G2XHP8_taxID_33114_model_A,A0A2G2XHP8,166,1,ok
A0A2G2XM38_taxID_33114_model_A,A0A2G2XM38,162,1,ok
A0A2G2XMF4_taxID_33114_model_A,A0A2G2XMF4,161,1,ok
A0A2G3ABT2_taxID_4072_model_A,A0A2G3ABT2,167,1,ok
A0A2G3AGB1_taxID_4072_model_A,A0A2G3AGB1,133,1,ok
A0A2G3AGB2_taxID_4072_model_A,A0A2G3AGB2,161,1,ok
A0A2G3AP27_taxID_4072_model_A,A0A2G3AP27,168,1,ok
A0A3P3ZL83_taxID_4081_model_A,A0A3P3ZL83,143,1,ok
A0A6N2ALI0_taxID_4083_model_A,A0A6N2ALI0,159,1,ok
A0A6N2ALR9_taxID_4083_model_A,A0A6N2ALR9,161,1,ok
A0A6N2ANX6_taxID_4083_model_A,A0A6N2ANX6,162,1,ok
A0A7D5JZ45_taxID_223891_model_A,A0A7D5JZ45,161,1,ok
A0A7D5KJK5_taxID_223891_model_A,A0A7D5KJK5,146,1,ok
A0A7D5L2D4_taxID_223891_model_A,A0A7D5L2D4,161,1,ok
A0A9J5XX44_taxID_4109_model,A0A9J5XX44,161,1,ok
A0A9J5XX52_taxID_4109_model_A,A0A9J5XX52,162,1,ok
A0A9J5XZD3_taxID_4109_model_A,A0A9J5XZD3,139,1,ok
A0A9Q1L3R3_taxID_402998_model_A,A0A9Q1L3R3,161,1,ok
A0A9Q1M9T0_taxID_402998_model,A0A9Q1M9T0,163,1,ok
A0A9Q1MCW5_taxID_402998_model_A,A0A9Q1MCW5,161,1,ok
A0A9Q1MD85_taxID_402998_model_A,A0A9Q1MD85,160,1,ok
A0A9Q1RG09_taxID_402998_model_A,A0A9Q1RG09,161,1,ok
A0A9Q1RGX2_taxID_402998_model_A,A0A9Q1RGX2,144,1,ok
A0AA51NGA5_taxID_300354_model_A,A0AA51NGA5,162,1,ok
A0AA51NGI9_taxID_4072_model_A,A0AA51NGI9,161,1,ok
A0AA51REH5_taxID_4100_model,A0AA51REH5,162,1,ok
A0AA51RF15_taxID_223891_model_A,A0AA51RF15,161,1,ok
A0AA51RHR0_taxID_4084_model_A,A0AA51RHR0,162,1,ok
A0AA51RHZ2_taxID_4081_model_A,A0AA51RHZ2,162,1,ok
A0AAE1QRR6_taxID_243964_model_A,A0AAE1QRR6,160,1,ok
A0AAE1S7S4_taxID_243964_model_A,A0AAE1S7S4,161,1,ok
A0AAE1VLZ1_taxID_243964_model_A,A0AAE1VLZ1,159,1,ok
A0AAF0UBK8_taxID_315347_model_A,A0AAF0UBK8,136,1,ok
A0AAF0UBS9_taxID_315347_model_A,A0AAF0UBS9,162,1,ok
A0AAF0UCJ6_taxID_315347_model_A,A0AAF0UCJ6,161,1,ok
A0AAV9LQR9_taxID_50273_model_A,A0AAV9LQR9,161,1,ok
A0AAV9LRB4_taxID_50273_model_A,A0AAV9LRB4,160,1,ok
A0AAV9LRD9_taxID_50273_model_A,A0AAV9LRD9,162,1,ok
A0AAV9LRN0_taxID_50273_model,A0AAV9LRN0,161,1,ok
A0AAV9LS32_taxID_50273_model_A,A0AAV9LS32,162,1,ok
A0AAV9LTF8_taxID_50273_model,A0AAV9LTF8,161,1,ok
A0AAV9LU64_taxID_50273_model_A,A0AAV9LU64,161,1,ok
A0AAV9LU99_taxID_50273_model_A,A0AAV9LU99,162,1,ok
A0AAV9LUB5_taxID_50273_model_A,A0AAV9LUB5,160,1,ok
A0ABD2RFR9_taxID_62892_model_A,A0ABD2RFR9,161,1,ok
A0ABD2RFS3_taxID_62892_model_A,A0ABD2RFS3,140,1,ok
A0ABD2TYL9_taxID_62892_model,A0ABD2TYL9,161,1,ok
A0ABM1HDK0_taxID_28526_model,A0ABM1HDK0,162,1,ok
A0ABM1HGT5_taxID_28526_model_A,A0ABM1HGT5,160,1,ok
A0ABM1VGE0_taxID_28526_model_A,A0ABM1VGE0,162,1,ok
A0ABM1VGE1_taxID_28526_model_A,A0ABM1VGE1,161,1,ok
A0ABQ7U2U6_taxID_4113_model_A,A0ABQ7U2U6,160,1,ok
A0ABQ7U378_taxID_4113_model_A,A0ABQ7U378,162,1,ok
A0ABQ7U3X2_taxID_4113_model_A,A0ABQ7U3X2,161,1,ok
A0ABQ7U9Z8_taxID_4113_model,A0ABQ7U9Z8,161,1,ok
A0ABS8RTR4_taxID_4076_model_A,A0ABS8RTR4,161,1,ok
A0ABS8TSD9_taxID_4076_model_A,A0ABS8TSD9,162,1,ok
A0AC58TFN9_taxID_4097_model_A,A0AC58TFN9,162,1,ok
A0AC58U5S7_taxID_4097_model,A0AC58U5S7,161,1,ok
C7E3U6_taxID_223891_model_A,C7E3U6,160,1,ok
D6QY28_taxID_223891_model_A,D6QY28,163,1,ok
F1DBB6_taxID_223891_model_A,F1DBB6,162,1,ok
I2DBP7_taxID_223891_model_A,I2DBP7,162,1,ok
I2DBP8_taxID_223891_model_A,I2DBP8,162,1,ok
I2DBP9_taxID_223891_model_A,I2DBP9,162,1,ok
I2DBQ1_taxID_223891_model_A,I2DBQ1,162,1,ok
M1BMR5_taxID_4113_model_A,M1BMR5,160,1,ok
M1BMR6_taxID_4113_model_A,M1BMR6,162,1,ok
M1BMR7_taxID_4113_model_A,M1BMR7,160,1,ok
M1CW46_taxID_4113_model_A,M1CW46,162,1,ok
Q08303_taxID_4081_model,Q08303,160,1,ok
Q08304_taxID_4081_model_A,Q08304,162,1,ok
Q08305_taxID_4081_model,Q08305,160,1,ok
Q08306_taxID_4081_model_A,Q08306,159,1,ok
Q41427_taxID_4113_model_A,Q41427,161,1,ok
Q41428_taxID_4113_model_A,Q41428,162,1,ok
A0A1S6GLX1_taxID_1527200_model_A,A0A1S6GLX1,175,1,ok
A0A0U2DXN3_taxID_161934_model_A,A0A0U2DXN3,130,1,ok
A0A1U8MV00_taxID_3635_model_A,A0A1U8MV00,162,1,ok
A0A1Y1HVY3_taxID_105231_model_A,A0A1Y1HVY3,207,1,ok
A0A1Z5R8F8_taxID_4558_model_A,A0A1Z5R8F8,124,1,ok
A0A200Q9B4_taxID_56857_model_A,A0A200Q9B4,197,1,ok
A0A251TAZ6_taxID_4232_model_A,A0A251TAZ6,163,1,ok
A0A251TYX0_taxID_4232_model,A0A251TYX0,162,1,ok
A0A270R4T3_taxID_206008_model_A,A0A270R4T3,130,1,ok
A0A2G2XMG1_taxID_33114_model_A,A0A2G2XMG1,160,1,ok
A0A2G3AGJ6_taxID_4072_model,A0A2G3AGJ6,137,1,ok
A0A2G5CHA6_taxID_218851_model_A,A0A2G5CHA6,164,1,ok
A0A2G9H9F5_taxID_429701_model,A0A2G9H9F5,90,1,ok
A0A2I0A3U1_taxID_1088818_model_A,A0A2I0A3U1,135,1,ok
A0A2I0ADC5_taxID_1088818_model_A,A0A2I0ADC5,152,1,ok
A0A2K1IGC8_taxID_3218_model,A0A2K1IGC8,142,1,ok
A0A2K1IK82_taxID_3218_model_A,A0A2K1IK82,150,1,ok
A0A2K1J162_taxID_3218_model_A,A0A2K1J162,139,1,ok
A0A2K1JC22_taxID_3218_model_A,A0A2K1JC22,164,1,ok
A0A2K1KIQ0_taxID_3218_model_A,A0A2K1KIQ0,146,1,ok
A0A2K2CAK3_taxID_3694_model,A0A2K2CAK3,148,1,ok
A0A2K2CIP6_taxID_15368_model_A,A0A2K2CIP6,132,1,ok
A0A2L0RIT5_taxID_29722_model_A,A0A2L0RIT5,82,1,ok
A0A2N9GS78_taxID_28930_model_A,A0A2N9GS78,163,1,ok
A0A2P5FE91_taxID_63057_model_A,A0A2P5FE91,185,1,ok
A0A2P5AGU1_taxID_3476_model_A,A0A2P5AGU1,184,1,ok
A0A2P5XN45_taxID_3634_model,A0A2P5XN45,162,1,ok
A0A2R6X3F1_taxID_3197_model_A,A0A2R6X3F1,180,1,ok
A0A176VDF6_taxID_1480154_model_A,A0A176VDF6,181,1,ok
A0A176W6H1_taxID_1480154_model_A,A0A176W6H1,182,1,ok
A0A176WCD1_taxID_1480154_model_A,A0A176WCD1,180,1,ok
A0A176WCM7_taxID_1480154_model_A,A0A176WCM7,179,1,ok
A0A176WD67_taxID_1480154_model_A,A0A176WD67,165,1,ok
A0A176WHM5_taxID_1480154_model_A,A0A176WHM5,172,1,ok
A0A2R6VYW6_taxID_3197_model_A,A0A2R6VYW6,166,1,ok
A0A2R6VZK5_taxID_3197_model_A,A0A2R6VZK5,180,1,ok
A0A2R6VZL5_taxID_3197_model_A,A0A2R6VZL5,164,1,ok
A0A2R6W5V6_taxID_3197_model_A,A0A2R6W5V6,178,1,ok
A0A2R6W5W2_taxID_3197_model_A,A0A2R6W5W2,172,1,ok
A0A2R6W5W5_taxID_3197_model_A,A0A2R6W5W5,171,1,ok
A0A2R6W5W8_taxID_3197_model_A,A0A2R6W5W8,165,1,ok
A0A2R6WH64_taxID_3197_model_A,A0A2R6WH64,172,1,ok
A0A2R6X3F7_taxID_3197_model_A,A0A2R6X3F7,180,1,ok
A0A2R6X3G4_taxID_3197_model_A,A0A2R6X3G4,179,1,ok
A0A2R6X3H0_taxID_3197_model_A,A0A2R6X3H0,180,1,ok
A0A2R6X3H8_taxID_3197_model_A,A0A2R6X3H8,165,1,ok
A0A2R6X3Y2_taxID_3197_model_A,A0A2R6X3Y2,166,1,ok
A0A2R6XBI1_taxID_3197_model_A,A0A2R6XBI1,166,1,ok
A0AAF6B3I4_taxID_1480154_model_A,A0AAF6B3I4,166,1,ok
A0AAF6BT57_taxID_1480154_model_A,A0AAF6BT57,178,1,ok
A0AAF6BT59_taxID_1480154_model_A,A0AAF6BT59,178,1,ok
A0AAF6BT60_taxID_1480154_model_A,A0AAF6BT60,171,1,ok
A0AAF6BT62_taxID_1480154_model_A,A0AAF6BT62,172,1,ok
A0AAF6BT70_taxID_1480154_model_A,A0AAF6BT70,180,1,ok
A0AAF6BT71_taxID_1480154_model_A,A0AAF6BT71,164,1,ok
A0AAF6BT73_taxID_1480154_model_A,A0AAF6BT73,166,1,ok
A0AAF6BT74_taxID_1480154_model_A,A0AAF6BT74,180,1,ok
A0AAF6BT75_taxID_1480154_model_A,A0AAF6BT75,180,1,ok
A0AAF6BT76_taxID_1480154_model_A,A0AAF6BT76,180,1,ok
A0AAF6BTN3_taxID_1480154_model_A,A0AAF6BTN3,166,1,ok
A0AAF6BTN4_taxID_1480154_model_A,A0AAF6BTN4,166,1,ok
A0AAF6BTN5_taxID_1480154_model_A,A0AAF6BTN5,166,1,ok
A0AAF6BUE6_taxID_1480154_model_A,A0AAF6BUE6,172,1,ok
A0A2S3I0S4_taxID_206008_model_A,A0A2S3I0S4,125,1,ok
A0A1E5UM04_taxID_888268_model_A,A0A1E5UM04,125,1,ok
A0A270R4U3_taxID_206008_model_A,A0A270R4U3,125,1,ok
A0A2T7D4E6_taxID_1504633_model_A,A0A2T7D4E6,125,1,ok
A0A2T7D4G1_taxID_1504633_model_A,A0A2T7D4G1,125,1,ok
A0A3L6RH28_taxID_4540_model_A,A0A3L6RH28,125,1,ok
A0A835E2N8_taxID_1010633_model_A,A0A835E2N8,124,1,ok
A0A8T0QWH8_taxID_38727_model_A,A0A8T0QWH8,125,1,ok
A0A2S3I0S5_taxID_206008_model_A,A0A2S3I0S5,173,1,ok
A0A2T7D4B7_taxID_1504633_model,A0A2T7D4B7,171,1,ok
A0A3L6PNQ0_taxID_4540_model,A0A3L6PNQ0,172,1,ok
A0A2S3I0W2_taxID_206008_model_A,A0A2S3I0W2,155,1,ok
A0A2T7D4A1_taxID_1504633_model_A,A0A2T7D4A1,155,1,ok
A0A3L6PS56_taxID_4540_model_A,A0A3L6PS56,126,1,ok
A0A2T7D4A3_taxID_1504633_model_A,A0A2T7D4A3,130,1,ok
A0A2U1KUF4_taxID_35608_model_A,A0A2U1KUF4,127,1,ok
A0A2U1LPB1_taxID_35608_model,A0A2U1LPB1,163,1,ok
A0A2U1NLY5_taxID_35608_model,A0A2U1NLY5,159,1,ok
A0A2U1PFS0_taxID_35608_model,A0A2U1PFS0,149,1,ok
A0A2U1PHG2_taxID_35608_model,A0A2U1PHG2,168,1,ok
A0A2Z5HVJ6_taxID_157652_model,A0A2Z5HVJ6,103,1,ok
A0A314KSU1_taxID_49451_model_A,A0A314KSU1,162,1,ok
A0A1S3ZJN1_taxID_4097_model_A,A0A1S3ZJN1,162,1,ok
A0A1S4BS14_taxID_4097_model_A,A0A1S4BS14,162,1,ok
A0A1S4BS42_taxID_4097_model_A,A0A1S4BS42,162,1,ok
A0A1U7XN75_taxID_4096_model_A,A0A1U7XN75,162,1,ok
A0A314YBQ0_taxID_2094558_model_A,A0A314YBQ0,162,1,ok
A0A368QNI6_taxID_4555_model,A0A368QNI6,119,1,ok
A0A368RZ19_taxID_4555_model_A,A0A368RZ19,132,1,ok
A0A368UH97_taxID_3847_model,A0A368UH97,82,1,ok
A0A371E471_taxID_157652_model,A0A371E471,139,1,ok
A0A388KKC2_taxID_69332_model,A0A388KKC2,166,1,ok
A0A388KRG2_taxID_69332_model,A0A388KRG2,135,1,ok
A0A388KR59_taxID_69332_model,A0A388KR59,161,1,ok
A0A388L198_taxID_69332_model,A0A388L198,132,1,ok
A0A388L1E1_taxID_69332_model,A0A388L1E1,132,1,ok
A0A388LJ84_taxID_69332_model,A0A388LJ84,152,1,ok
A0A388LJF6_taxID_69332_model,A0A388LJF6,163,1,ok
A0A388LJI5_taxID_69332_model_A,A0A388LJI5,163,1,ok
A0A388LPV2_taxID_69332_model,A0A388LPV2,214,1,ok
A0A388LXR0_taxID_69332_model,A0A388LXR0,143,1,ok
A0A388LXT2_taxID_69332_model,A0A388LXT2,206,1,ok
A0A3B6EKX7_taxID_4565_model_A,A0A3B6EKX7,129,1,ok
A0A9R0VMT2_taxID_4567_model,A0A9R0VMT2,130,1,ok
A0A9R1N0A3_taxID_4565_model_A,A0A9R1N0A3,129,1,ok
A0A3L6DCY5_taxID_4577_model_A,A0A3L6DCY5,119,1,ok
B6SVR5_taxID_4577_model_A,B6SVR5,119,1,ok
K7VJ76_taxID_4577_model_A,K7VJ76,119,1,ok
A0A3L6RIK2_taxID_4540_model_A,A0A3L6RIK2,156,1,ok
A0A3L6RKW2_taxID_4540_model_A,A0A3L6RKW2,125,1,ok
A0A3S3MQX4_taxID_337451_model_A,A0A3S3MQX4,151,1,ok
A0A443PIW9_taxID_337451_model,A0A443PIW9,166,1,ok
A0ACC2KB47_taxID_3435_model,A0ACC2KB47,166,1,ok
A0ACC2L6Z2_taxID_3435_model_A,A0ACC2L6Z2,166,1,ok
A0A445JYW6_taxID_3848_model,A0A445JYW6,160,1,ok
A0A445JYU3_taxID_3848_model,A0A445JYU3,161,1,ok
I1KLG6_taxID_3847_model,I1KLG6,161,1,ok
K7L2P1_taxID_3847_model,K7L2P1,160,1,ok
A0A453D018_taxID_200361_model_A,A0A453D018,130,1,ok
A0A484MKM2_taxID_132261_model,A0A484MKM2,162,1,ok
A0A484ML06_taxID_132261_model,A0A484ML06,159,1,ok
A0A498IVC1_taxID_3750_model,A0A498IVC1,251,1,ok
A0A498IWF2_taxID_3750_model_A,A0A498IWF2,141,1,ok
A0A498JTL7_taxID_3750_model_A,A0A498JTL7,298,1,ok
A0A498JVN7_taxID_3750_model,A0A498JVN7,357,1,ok
A0A4D6KM86_taxID_3917_model_A,A0A4D6KM86,166,1,ok
A0A4D6KQ19_taxID_3917_model_A,A0A4D6KQ19,128,1,ok
A0A4P1QPT7_taxID_3871_model_A,A0A4P1QPT7,159,1,ok
A0A4S4F0S3_taxID_542762_model_A,A0A4S4F0S3,149,1,ok
A0A6B7JF49_taxID_261999_model_A,A0A6B7JF49,149,1,ok
A0A7J7GUX9_taxID_4442_model_A,A0A7J7GUX9,161,1,ok
A0A7T0MI32_taxID_4442_model_A,A0A7T0MI32,150,1,ok
A0ACC0GFR3_taxID_1840588_model_A,A0ACC0GFR3,161,1,ok
A0A4S8K2E1_taxID_52838_model_A,A0A4S8K2E1,158,1,ok
A0A9E7H3I3_taxID_320322_model_A,A0A9E7H3I3,158,1,ok
A0A4U6U3D2_taxID_4556_model_A,A0A4U6U3D2,172,1,ok
A0A4Y7I4A1_taxID_3469_model,A0A4Y7I4A1,131,1,ok
A0A4Y7IC16_taxID_3469_model,A0A4Y7IC16,154,1,ok
A0A4Y7IJ39_taxID_3469_model,A0A4Y7IJ39,160,1,ok
A0A4Y7JVY5_taxID_3469_model,A0A4Y7JVY5,164,1,ok
A0A4Y7JW71_taxID_3469_model,A0A4Y7JW71,160,1,ok
A0AAD4T715_taxID_357466_model,A0AAD4T715,164,1,ok
A0AAD4XRV8_taxID_357466_model,A0AAD4XRV8,169,1,ok
A0AAQ3KBY5_taxID_4628_model,A0AAQ3KBY5,174,1,ok
A0A511NAA7_taxID_1223518_model_A,A0A511NAA7,151,1,ok
A0A5A7P8R8_taxID_4170_model_A,A0A5A7P8R8,141,1,ok
A0A5A7QMF6_taxID_4170_model,A0A5A7QMF6,168,1,ok
A0A5A7UM24_taxID_1194695_model,A0A5A7UM24,143,1,ok
A0A5A7UM88_taxID_1194695_model,A0A5A7UM88,124,1,ok
A0A0A0LUI1_taxID_3659_model,A0A0A0LUI1,124,1,ok
A0A1S3BFJ5_taxID_3656_model,A0A1S3BFJ5,124,1,ok
A0A5B6YVS2_taxID_16924_model_A,A0A5B6YVS2,123,1,ok
A0A5B6ZD77_taxID_16924_model_A,A0A5B6ZD77,164,1,ok
A0A5C7GS05_taxID_1000413_model_A,A0A5C7GS05,164,1,ok
A0A5D2KKA0_taxID_34277_model_A,A0A5D2KKA0,165,1,ok
A0A5D2Q415_taxID_34277_model,A0A5D2Q415,157,1,ok
A0A5D2QA30_taxID_34277_model,A0A5D2QA30,163,1,ok
A0A5J4ZC26_taxID_561372_model,A0A5J4ZC26,161,1,ok
A0A5J5R4H1_taxID_3634_model,A0A5J5R4H1,160,1,ok
A0A5J5R643_taxID_3634_model,A0A5J5R643,164,1,ok
A0A076FT34_taxID_3635_model,A0A076FT34,164,1,ok
A0A0D2UGD8_taxID_29730_model,A0A0D2UGD8,163,1,ok
A0A5D2C929_taxID_34276_model,A0A5D2C929,164,1,ok
A0A5D2G8C9_taxID_34276_model,A0A5D2G8C9,163,1,ok
A0A5D2UR16_taxID_34275_model,A0A5D2UR16,164,1,ok
A0A5D2YY36_taxID_34275_model,A0A5D2YY36,163,1,ok
A0A5J5VGF5_taxID_3634_model,A0A5J5VGF5,163,1,ok
A0A8J5YW30_taxID_47600_model,A0A8J5YW30,163,1,ok
A0A9D3ZPE9_taxID_47602_model,A0A9D3ZPE9,164,1,ok
A0ABR0PQT4_taxID_29729_model,A0ABR0PQT4,164,1,ok
A0A5J5R8V0_taxID_3634_model,A0A5J5R8V0,165,1,ok
A0A5J9TTZ2_taxID_38414_model_A,A0A5J9TTZ2,134,1,ok
A0A5J9TUB7_taxID_38414_model_A,A0A5J9TUB7,159,1,ok
A0A5J9TVE7_taxID_38414_model_A,A0A5J9TVE7,134,1,ok
A0A5J9VH37_taxID_38414_model_A,A0A5J9VH37,126,1,ok
A0A5N5FDI3_taxID_2448454_model_A,A0A5N5FDI3,157,1,ok
A0A5N5N1V0_taxID_2182728_model_A,A0A5N5N1V0,167,1,ok
A0A5N6LXI8_taxID_192012_model_A,A0A5N6LXI8,161,1,ok
A0A075BWS7_taxID_13449_model_A,A0A075BWS7,162,1,ok
A0A075BX21_taxID_13449_model_A,A0A075BX21,162,1,ok
A0A118K103_taxID_59895_model,A0A118K103,162,1,ok
A0A251SBY7_taxID_4232_model_A,A0A251SBY7,150,1,ok
A0A251SCL8_taxID_4232_model_A,A0A251SCL8,163,1,ok
A0A251T9H9_taxID_4232_model,A0A251T9H9,161,1,ok
A0A251TBX0_taxID_4232_model_A,A0A251TBX0,163,1,ok
A0A2U1P4Z6_taxID_35608_model,A0A2U1P4Z6,162,1,ok
A0A5N6LXI7_taxID_192012_model,A0A5N6LXI7,161,1,ok
A0A5N6LXJ2_taxID_192012_model_A,A0A5N6LXJ2,161,1,ok
A0A5N6LXJ7_taxID_192012_model_A,A0A5N6LXJ7,161,1,ok
A0A5N6LXU0_taxID_192012_model_A,A0A5N6LXU0,150,1,ok
A0A5N6LYM3_taxID_192012_model,A0A5N6LYM3,161,1,ok
A0A5N6LYM4_taxID_192012_model_A,A0A5N6LYM4,161,1,ok
A0A5N6LYR8_taxID_192012_model,A0A5N6LYR8,161,1,ok
A0A5N6LZ00_taxID_192012_model_A,A0A5N6LZ00,150,1,ok
A0A5N6LZG6_taxID_192012_model_A,A0A5N6LZG6,161,1,ok
A0A9K3HLL2_taxID_4232_model_A,A0A9K3HLL2,161,1,ok
A0AA36EFV6_taxID_75948_model,A0AA36EFV6,162,1,ok
A0AAD5CP55_taxID_4212_model,A0AAD5CP55,150,1,ok
A0AAD5CPE9_taxID_4212_model_A,A0AAD5CPE9,161,1,ok
A0AAD5D2H7_taxID_4212_model,A0AAD5D2H7,123,1,ok
A0AAD5D5M7_taxID_4212_model,A0AAD5D5M7,161,1,ok
A0AAD5D6F1_taxID_4212_model_A,A0AAD5D6F1,161,1,ok
A0AAD5D7S3_taxID_4212_model,A0AAD5D7S3,150,1,ok
A0AAD5GKH5_taxID_4212_model_A,A0AAD5GKH5,161,1,ok
A0AAD5GSN4_taxID_4212_model,A0AAD5GSN4,97,1,ok
A0AAD8LC48_taxID_13708_model,A0AAD8LC48,161,1,ok
A0AAD8LDY8_taxID_13708_model,A0AAD8LDY8,161,1,ok
A0AAD8LF67_taxID_13708_model_A,A0AAD8LF67,161,1,ok
A0AAD8NWV8_taxID_13708_model_A,A0AAD8NWV8,166,1,ok
A0AAD8PAL3_taxID_13708_model,A0AAD8PAL3,161,1,ok
A0AAD8PBK4_taxID_13708_model,A0AAD8PBK4,161,1,ok
A0AAP0CHD7_taxID_3103831_model,A0AAP0CHD7,162,1,ok
A0AAP0CKY6_taxID_3103831_model,A0AAP0CKY6,162,1,ok
A0AAP0CMG0_taxID_3103831_model,A0AAP0CMG0,162,1,ok
A0AAP0CMQ2_taxID_3103831_model_A,A0AAP0CMQ2,161,1,ok
A0AAP0GPG4_taxID_3103831_model,A0AAP0GPG4,161,1,ok
A0AAU9PIY2_taxID_75947_model,A0AAU9PIY2,162,1,ok
A0AAV2FHY5_taxID_586398_model_A,A0AAV2FHY5,155,1,ok
A0ACB8XUZ5_taxID_185202_model,A0ACB8XUZ5,161,1,ok
A0ACB8XVY1_taxID_185202_model,A0ACB8XVY1,161,1,ok
A0ACB8ZZ26_taxID_4217_model_A,A0ACB8ZZ26,162,1,ok
A0ACB8ZZW4_taxID_4217_model_A,A0ACB8ZZW4,162,1,ok
A0ACB9FEX4_taxID_4217_model,A0ACB9FEX4,162,1,ok
A0ACB9GS48_taxID_185202_model_A,A0ACB9GS48,137,1,ok
A0ACB9GSE1_taxID_185202_model_A,A0ACB9GSE1,161,1,ok
A0ACB9GSP5_taxID_185202_model,A0ACB9GSP5,305,1,ok
A0ACB9GTQ5_taxID_185202_model_A,A0ACB9GTQ5,161,1,ok
A0ACB9IQ81_taxID_185202_model,A0ACB9IQ81,161,1,ok
A0A5N6LYM1_taxID_192012_model_A,A0A5N6LYM1,161,1,ok
A0A5N6M088_taxID_192012_model_A,A0A5N6M088,161,1,ok
A0A6A2ZER6_taxID_106335_model,A0A6A2ZER6,95,1,ok
A0A6A4LX91_taxID_262921_model,A0A6A4LX91,147,1,ok
A0A6G1BWY8_taxID_110450_model_A,A0A6G1BWY8,130,1,ok
A0A6J1B4U6_taxID_108875_model_A,A0A6J1B4U6,136,1,ok
A0A9Q0WG28_taxID_77065_model_A,A0A9Q0WG28,168,1,ok
A0A6N2NH22_taxID_40686_model_A,A0A6N2NH22,125,1,ok
A0A6P4CY22_taxID_130453_model,A0A6P4CY22,142,1,ok
A0A444ZWV1_taxID_3818_model,A0A444ZWV1,152,1,ok
A0A445DRB1_taxID_3818_model,A0A445DRB1,142,1,ok
A0ABU6UAJ7_taxID_79078_model,A0ABU6UAJ7,145,1,ok
A0A6P5XY90_taxID_66656_model,A0A6P5XY90,91,1,ok
A0A6V7QWY4_taxID_296719_model,A0A6V7QWY4,51,1,ok
A0A7I4A3E3_taxID_3218_model_A,A0A7I4A3E3,175,1,ok
A0A2K1J0S4_taxID_3218_model_A,A0A2K1J0S4,153,1,ok
A0A7I8ITR4_taxID_51605_model_A,A0A7I8ITR4,182,1,ok
A0A7I8JAS3_taxID_51605_model,A0A7I8JAS3,132,1,ok
A0A7I8JAZ3_taxID_51605_model_A,A0A7I8JAZ3,132,1,ok
A0A7I8JD17_taxID_51605_model_A,A0A7I8JD17,117,1,ok
A0A7J6EUI4_taxID_3483_model,A0A7J6EUI4,164,1,ok
A0A803NZB8_taxID_3483_model_A,A0A803NZB8,166,1,ok
A0A7J6HFJ2_taxID_3483_model_A,A0A7J6HFJ2,186,1,ok
A0A7J6X6F8_taxID_46969_model,A0A7J6X6F8,340,1,ok
A0A7J7GVH6_taxID_4442_model,A0A7J7GVH6,183,1,ok
A0A7J8VJI4_taxID_34286_model,A0A7J8VJI4,169,1,ok
A0A7J8TIT6_taxID_34287_model,A0A7J8TIT6,169,1,ok
A0A7J8Y5R6_taxID_34290_model_A,A0A7J8Y5R6,134,1,ok
A0A7J9F1T9_taxID_34281_model_A,A0A7J9F1T9,135,1,ok
A0A7J9HNL0_taxID_34285_model_A,A0A7J9HNL0,181,1,ok
A0A7J9CIK1_taxID_34282_model,A0A7J9CIK1,164,1,ok
A0A7J9MF11_taxID_34291_model,A0A7J9MF11,168,1,ok
A0A7J9EZV1_taxID_34281_model,A0A7J9EZV1,169,1,ok
A0A7J9HNL9_taxID_34285_model_A,A0A7J9HNL9,167,1,ok
A0A7N0VLV1_taxID_63787_model_A,A0A7N0VLV1,180,1,ok
A0A022QC39_taxID_4155_model,A0A022QC39,138,1,ok
A0A022QE60_taxID_4155_model,A0A022QE60,141,1,ok
A0A022QG63_taxID_4155_model,A0A022QG63,137,1,ok
A0A022QL39_taxID_4155_model,A0A022QL39,166,1,ok
A0A022R0C6_taxID_4155_model_A,A0A022R0C6,157,1,ok
A0A022R0D6_taxID_4155_model,A0A022R0D6,134,1,ok
A0A022R1L2_taxID_4155_model,A0A022R1L2,134,1,ok
A0A022R1L7_taxID_4155_model,A0A022R1L7,139,1,ok
A0A022R3H9_taxID_4155_model,A0A022R3H9,126,1,ok
A0A022R5P3_taxID_4155_model,A0A022R5P3,143,1,ok
A0A023GU59_taxID_151069_model_A,A0A023GU59,165,1,ok
A0A023PMD2_taxID_4558_model_A,A0A023PMD2,133,1,ok
A0A023PN01_taxID_4558_model_A,A0A023PN01,133,1,ok
A0A023PNV8_taxID_4558_model_A,A0A023PNV8,133,1,ok
A0A023PP81_taxID_4558_model_A,A0A023PP81,133,1,ok
A0A024FR46_taxID_105599_model_A,A0A024FR46,134,1,ok
A0A024FS61_taxID_105599_model_A,A0A024FS61,166,1,ok
A0A058ZW33_taxID_71139_model_A,A0A058ZW33,163,1,ok
A0A059CCV1_taxID_71139_model_A,A0A059CCV1,127,1,ok
A0A059CDE4_taxID_71139_model_A,A0A059CDE4,155,1,ok
A0A059UAM0_taxID_4565_model_A,A0A059UAM0,153,1,ok
A0A061DZ45_taxID_3641_model_A,A0A061DZ45,153,1,ok
A0A061E0X0_taxID_3641_model_A,A0A061E0X0,162,1,ok
A0A061E6S7_taxID_3641_model_A,A0A061E6S7,153,1,ok
A0A061GEN3_taxID_3641_model_A,A0A061GEN3,135,1,ok
A0A061GFI2_taxID_3641_model,A0A061GFI2,166,1,ok
A0A061GFY3_taxID_3641_model_A,A0A061GFY3,135,1,ok
A0A061GFY7_taxID_3641_model_A,A0A061GFY7,134,1,ok
A0A061GMJ6_taxID_3641_model,A0A061GMJ6,166,1,ok
A0A067GK93_taxID_2711_model,A0A067GK93,168,1,ok
A0A067JAU2_taxID_180498_model,A0A067JAU2,170,1,ok
A0A068TU86_taxID_49390_model_A,A0A068TU86,163,1,ok
A0A068UD36_taxID_49390_model,A0A068UD36,150,1,ok
A0A068UEN7_taxID_49390_model_A,A0A068UEN7,154,1,ok
A0A068UEP3_taxID_49390_model_A,A0A068UEP3,153,1,ok
A0A068VNV4_taxID_49390_model_A,A0A068VNV4,141,1,ok
A0A076FRB3_taxID_3635_model_A,A0A076FRB3,129,1,ok
A0A076FX85_taxID_3635_model,A0A076FX85,156,1,ok
A0A076FX88_taxID_3635_model_A,A0A076FX88,155,1,ok
A0A077S4H3_taxID_4565_model_A,A0A077S4H3,129,1,ok
A0A097ZQG6_taxID_4555_model_A,A0A097ZQG6,132,1,ok
A0A097ZQG8_taxID_4555_model_A,A0A097ZQG8,132,1,ok
A0A097ZQH0_taxID_4555_model_A,A0A097ZQH0,132,1,ok
A0A097ZQH2_taxID_4555_model_A,A0A097ZQH2,132,1,ok
A0A097ZQH9_taxID_4556_model_A,A0A097ZQH9,132,1,ok
A0A097ZQI2_taxID_4556_model_A,A0A097ZQI2,132,1,ok
A0A0A0LXD0_taxID_3659_model_A,A0A0A0LXD0,127,1,ok
A0A0B2P1N0_taxID_3848_model_A,A0A0B2P1N0,158,1,ok
A0A0B2RGX4_taxID_3848_model_A,A0A0B2RGX4,159,1,ok
A0A0B2SNE1_taxID_3848_model,A0A0B2SNE1,170,1,ok
A0A0B2SNW5_taxID_3848_model_A,A0A0B2SNW5,168,1,ok
A0A0D2NI02_taxID_29730_model_A,A0A0D2NI02,158,1,ok
A0A0D2R8B0_taxID_29730_model_A,A0A0D2R8B0,164,1,ok
A0A0D2R8B7_taxID_29730_model_A,A0A0D2R8B7,136,1,ok
A0A0D2RZ91_taxID_29730_model,A0A0D2RZ91,166,1,ok
A0A0D2VFA6_taxID_29730_model_A,A0A0D2VFA6,155,1,ok
A0A0D3EUY4_taxID_65489_model_A,A0A0D3EUY4,171,1,ok
A0A0D3QE84_taxID_15565_model_A,A0A0D3QE84,153,1,ok
A0A0D3QEA5_taxID_15565_model_A,A0A0D3QEA5,153,1,ok
A0A0D3QEB3_taxID_15565_model_A,A0A0D3QEB3,136,1,ok
A0A0D9YG01_taxID_40148_model_A,A0A0D9YG01,171,1,ok
A0A0E0C8Q0_taxID_40149_model_A,A0A0E0C8Q0,170,1,ok
A0A0E0FUB3_taxID_4536_model_A,A0A0E0FUB3,171,1,ok
A0A0E0JPQ3_taxID_4537_model,A0A0E0JPQ3,158,1,ok
A0A0E0JPQ4_taxID_4537_model_A,A0A0E0JPQ4,170,1,ok
A0A0F7G9W3_taxID_29760_model_A,A0A0F7G9W3,127,1,ok
A0A0G3EXV0_taxID_128017_model_A,A0A0G3EXV0,166,1,ok
A0A0K0NPU9_taxID_128017_model_A,A0A0K0NPU9,165,1,ok
A0A0K9PD68_taxID_29655_model_A,A0A0K9PD68,164,1,ok
A0A0K9PS79_taxID_29655_model,A0A0K9PS79,121,1,ok
A0A0L9U315_taxID_3914_model,A0A0L9U315,153,1,ok
A0A0L9VFM6_taxID_3914_model_A,A0A0L9VFM6,154,1,ok
A0A0L9VFW5_taxID_3914_model_A,A0A0L9VFW5,168,1,ok
A0A0N9DV50_taxID_170012_model_A,A0A0N9DV50,155,1,ok
A0A0N9DV65_taxID_170012_model_A,A0A0N9DV65,150,1,ok
A0A0N9HQF2_taxID_93608_model,A0A0N9HQF2,160,1,ok
A0A0N9LXU7_taxID_4146_model,A0A0N9LXU7,133,1,ok
A0A0P0WEZ4_taxID_39947_model,A0A0P0WEZ4,125,1,ok
A0A0Q3N0S9_taxID_15368_model_A,A0A0Q3N0S9,140,1,ok
A0A0R0GQB4_taxID_3847_model,A0A0R0GQB4,161,1,ok
A0A0R0JCW2_taxID_3847_model,A0A0R0JCW2,161,1,ok
A0A0S2SVY3_taxID_29760_model,A0A0S2SVY3,127,1,ok
A0A0S3Q2G5_taxID_157791_model_A,A0A0S3Q2G5,128,1,ok
A0A0S3RT48_taxID_157739_model_A,A0A0S3RT48,158,1,ok
A0A0S3RT50_taxID_157739_model,A0A0S3RT50,158,1,ok
A0A0S3S2K2_taxID_157739_model_A,A0A0S3S2K2,168,1,ok
A0A118JXA6_taxID_59895_model_A,A0A118JXA6,165,1,ok
A0A118K104_taxID_59895_model_A,A0A118K104,159,1,ok
A0A140KXU8_taxID_103351_model_A,A0A140KXU8,127,1,ok
A0A141PG56_taxID_1550601_model_A,A0A141PG56,125,1,ok
A0A151T7G3_taxID_3821_model_A,A0A151T7G3,157,1,ok
A0A162A591_taxID_79200_model_A,A0A162A591,131,1,ok
A0A164WC69_taxID_79200_model_A,A0A164WC69,134,1,ok
A0A164ZTV5_taxID_79200_model_A,A0A164ZTV5,131,1,ok
A0A166F148_taxID_79200_model,A0A166F148,146,1,ok
A0A172MLG4_taxID_4006_model_A,A0A172MLG4,134,1,ok
A0A173DSH2_taxID_156531_model_A,A0A173DSH2,126,1,ok
A0A199VDI5_taxID_4615_model_A,A0A199VDI5,173,1,ok
A0A1B6Q6C0_taxID_4558_model_A,A0A1B6Q6C0,125,1,ok
A0A1D1Z645_taxID_1678845_model,A0A1D1Z645,160,1,ok
A0A1D6JCC2_taxID_4577_model_A,A0A1D6JCC2,132,1,ok
A0A1D6JET7_taxID_4577_model_A,A0A1D6JET7,134,1,ok
A0A1D6N9K8_taxID_4577_model_A,A0A1D6N9K8,171,1,ok
A0A1E5UXN7_taxID_888268_model_A,A0A1E5UXN7,133,1,ok
A0A1E5V3L3_taxID_888268_model_A,A0A1E5V3L3,135,1,ok
A0A1E5VN09_taxID_888268_model_A,A0A1E5VN09,144,1,ok
A0A1E5WNI9_taxID_888268_model_A,A0A1E5WNI9,127,1,ok
A0A1J6IKE9_taxID_49451_model_A,A0A1J6IKE9,161,1,ok
A0A1J6IR06_taxID_49451_model_A,A0A1J6IR06,168,1,ok
A0A1J7H1D4_taxID_3871_model_A,A0A1J7H1D4,167,1,ok
A0A1L5JHU3_taxID_3670_model_A,A0A1L5JHU3,174,1,ok
A0A1Q3B9T6_taxID_3775_model,A0A1Q3B9T6,169,1,ok
A0A1R3I1W8_taxID_210143_model_A,A0A1R3I1W8,162,1,ok
A0A1S2XCB4_taxID_3827_model_A,A0A1S2XCB4,129,1,ok
A0A1S3B632_taxID_3656_model_A,A0A1S3B632,127,1,ok
A0A1S3T8Z8_taxID_3916_model_A,A0A1S3T8Z8,158,1,ok
A0A1S3T903_taxID_3916_model_A,A0A1S3T903,158,1,ok
A0A1S3T908_taxID_3916_model,A0A1S3T908,163,1,ok
A0A1S3UVG6_taxID_3916_model_A,A0A1S3UVG6,128,1,ok
A0A1S3UW74_taxID_3916_model_A,A0A1S3UW74,167,1,ok
A0A1S3VFN6_taxID_3916_model_A,A0A1S3VFN6,154,1,ok
A0A1S3VGI9_taxID_3916_model_A,A0A1S3VGI9,128,1,ok
A0A1S3X216_taxID_4097_model_A,A0A1S3X216,162,1,ok
A0A1S3XNC2_taxID_4097_model_A,A0A1S3XNC2,159,1,ok
A0A1S3YVF2_taxID_4097_model_A,A0A1S3YVF2,161,1,ok
A0A1S3ZGA9_taxID_4097_model_A,A0A1S3ZGA9,162,1,ok
A0A1S4AY85_taxID_4097_model_A,A0A1S4AY85,168,1,ok
A0A1S4BPI1_taxID_4097_model_A,A0A1S4BPI1,167,1,ok
A0A1S4BPJ1_taxID_4097_model_A,A0A1S4BPJ1,168,1,ok
A0A1U7VZE2_taxID_4096_model_A,A0A1U7VZE2,161,1,ok
A0A1U7W3J9_taxID_4096_model_A,A0A1U7W3J9,167,1,ok
A0A1U7WEV2_taxID_4096_model_A,A0A1U7WEV2,168,1,ok
A0A1U7WR83_taxID_4096_model_A,A0A1U7WR83,159,1,ok
A0A1U7YXM0_taxID_4432_model_A,A0A1U7YXM0,162,1,ok
A0A1U7Z3Y9_taxID_4432_model_A,A0A1U7Z3Y9,171,1,ok
A0A1U8ADQ1_taxID_4432_model_A,A0A1U8ADQ1,169,1,ok
A0A1U8HXV2_taxID_3635_model,A0A1U8HXV2,166,1,ok
A0A1U8LIV3_taxID_3635_model_A,A0A1U8LIV3,157,1,ok
A0A1U8MR36_taxID_3635_model_A,A0A1U8MR36,136,1,ok
A0A1W0VZT6_taxID_4558_model,A0A1W0VZT6,125,1,ok
A0A1Y0B6P0_taxID_82328_model_A,A0A1Y0B6P0,159,1,ok
A0A200PQQ4_taxID_56857_model,A0A200PQQ4,161,1,ok
A0A200PQT6_taxID_56857_model,A0A200PQT6,169,1,ok
A0A200Q9D2_taxID_56857_model_A,A0A200Q9D2,169,1,ok
A0A200R7R5_taxID_56857_model_A,A0A200R7R5,179,1,ok
A0A218WZL2_taxID_22663_model_A,A0A218WZL2,127,1,ok
A0A238GSN3_taxID_3750_model_A,A0A238GSN3,157,1,ok
A0A238GSS3_taxID_3750_model_A,A0A238GSS3,145,1,ok
A0A238GT27_taxID_3750_model_A,A0A238GT27,159,1,ok
A0A251PFJ6_taxID_3760_model_A,A0A251PFJ6,155,1,ok
A0A251S095_taxID_4232_model,A0A251S095,167,1,ok
A0A2C9U520_taxID_3983_model,A0A2C9U520,169,1,ok
A0A2G2XEY0_taxID_33114_model_A,A0A2G2XEY0,172,1,ok
A0A2G2XM40_taxID_33114_model_A,A0A2G2XM40,161,1,ok
A0A2G3A8M1_taxID_4072_model_A,A0A2G3A8M1,172,1,ok
A0A2G3AGD2_taxID_4072_model_A,A0A2G3AGD2,161,1,ok
A0A2G5C0J9_taxID_218851_model_A,A0A2G5C0J9,161,1,ok
A0A2G5CHC6_taxID_218851_model_A,A0A2G5CHC6,127,1,ok
A0A2G5CHD7_taxID_218851_model_A,A0A2G5CHD7,161,1,ok
A0A2G5CHD9_taxID_218851_model_A,A0A2G5CHD9,163,1,ok
A0A2G5D3X8_taxID_218851_model_A,A0A2G5D3X8,169,1,ok
A0A2G5D408_taxID_218851_model_A,A0A2G5D408,159,1,ok
A0A2G5DWL0_taxID_218851_model_A,A0A2G5DWL0,171,1,ok
A0A2G5DX59_taxID_218851_model_A,A0A2G5DX59,171,1,ok
A0A2G5EY05_taxID_218851_model,A0A2G5EY05,161,1,ok
A0A2G9G4W6_taxID_429701_model,A0A2G9G4W6,138,1,ok
A0A2G9G757_taxID_429701_model_A,A0A2G9G757,152,1,ok
A0A2G9GF61_taxID_429701_model,A0A2G9GF61,137,1,ok
A0A2G9H164_taxID_429701_model,A0A2G9H164,134,1,ok
A0A2G9H9F0_taxID_429701_model_A,A0A2G9H9F0,134,1,ok
A0A2I0AD88_taxID_1088818_model_A,A0A2I0AD88,148,1,ok
A0A2I0AD91_taxID_1088818_model_A,A0A2I0AD91,150,1,ok
A0A2I0VD26_taxID_906689_model_A,A0A2I0VD26,166,1,ok
A0A2I0VPI4_taxID_906689_model_A,A0A2I0VPI4,150,1,ok
A0A2I4DDQ0_taxID_51240_model_A,A0A2I4DDQ0,128,1,ok
A0A2I4HRS7_taxID_51240_model_A,A0A2I4HRS7,127,1,ok
A0A2K1R840_taxID_3694_model_A,A0A2K1R840,147,1,ok
A0A2K1R853_taxID_3694_model_A,A0A2K1R853,157,1,ok
A0A2K2CAK1_taxID_3694_model_A,A0A2K2CAK1,157,1,ok
A0A2K2CAL3_taxID_3694_model_A,A0A2K2CAL3,147,1,ok
A0A2K2CAL5_taxID_3694_model_A,A0A2K2CAL5,147,1,ok
A0A2K2CAM1_taxID_3694_model_A,A0A2K2CAM1,157,1,ok
A0A2K2CAM6_taxID_3694_model_A,A0A2K2CAM6,154,1,ok
A0A2K3L6D9_taxID_57577_model_A,A0A2K3L6D9,128,1,ok
A0A2P1JJ69_taxID_295381_model_A,A0A2P1JJ69,152,1,ok
A0A2P2INC1_taxID_61149_model_A,A0A2P2INC1,158,1,ok
A0A2P5A5C5_taxID_3476_model_A,A0A2P5A5C5,132,1,ok
A0A2P5BPK0_taxID_3476_model_A,A0A2P5BPK0,128,1,ok
A0A2P5BPR9_taxID_3476_model_A,A0A2P5BPR9,168,1,ok
A0A2P5CT40_taxID_63057_model_A,A0A2P5CT40,128,1,ok
A0A2P5CT50_taxID_63057_model_A,A0A2P5CT50,168,1,ok
A0A2P5E1P9_taxID_3476_model_A,A0A2P5E1P9,175,1,ok
A0A2P5EKE8_taxID_63057_model_A,A0A2P5EKE8,172,1,ok
A0A2P5FE69_taxID_63057_model_A,A0A2P5FE69,155,1,ok
A0A2P5YE33_taxID_3634_model_A,A0A2P5YE33,128,1,ok
A0A2P5YK08_taxID_3634_model_A,A0A2P5YK08,129,1,ok
A0A2P6Q3W0_taxID_74649_model_A,A0A2P6Q3W0,157,1,ok
A0A2P6Q3W8_taxID_74649_model_A,A0A2P6Q3W8,174,1,ok
A0A2R6PXU1_taxID_1590841_model_A,A0A2R6PXU1,133,1,ok
A0A2R6QA44_taxID_1590841_model_A,A0A2R6QA44,165,1,ok
A0A2R6RAS2_taxID_1590841_model_A,A0A2R6RAS2,161,1,ok
A0A2S3HRC1_taxID_206008_model_A,A0A2S3HRC1,131,1,ok
A0A2S3IAG1_taxID_206008_model_A,A0A2S3IAG1,131,1,ok
A0A2S3IB66_taxID_206008_model_A,A0A2S3IB66,130,1,ok
A0A2T7D022_taxID_1504633_model_A,A0A2T7D022,131,1,ok
A0A2T7D080_taxID_1504633_model_A,A0A2T7D080,130,1,ok
A0A2T7DFQ8_taxID_1504633_model_A,A0A2T7DFQ8,168,1,ok
A0A2T7DG84_taxID_1504633_model_A,A0A2T7DG84,131,1,ok
A0A2U1MGY2_taxID_35608_model_A,A0A2U1MGY2,160,1,ok
A0A2U1MTB0_taxID_35608_model_A,A0A2U1MTB0,157,1,ok
A0A2U1PHI4_taxID_35608_model_A,A0A2U1PHI4,165,1,ok
A0A2U8ZU88_taxID_110284_model_A,A0A2U8ZU88,155,1,ok
A0A2Z5DH85_taxID_4442_model,A0A2Z5DH85,166,1,ok
A0A2Z5DH90_taxID_4442_model_A,A0A2Z5DH90,165,1,ok
A0A2Z5DH91_taxID_4442_model_A,A0A2Z5DH91,154,1,ok
A0A2Z5DHA8_taxID_4442_model_A,A0A2Z5DHA8,166,1,ok
A0A2Z6NBK5_taxID_3900_model_A,A0A2Z6NBK5,165,1,ok
A0A2Z6NU82_taxID_3900_model_A,A0A2Z6NU82,128,1,ok
A0A2Z6P106_taxID_3900_model_A,A0A2Z6P106,139,1,ok
A0A2Z6PCC2_taxID_3900_model_A,A0A2Z6PCC2,128,1,ok
A0A2Z6PM85_taxID_3900_model_A,A0A2Z6PM85,129,1,ok
A0A2Z7B5F7_taxID_472368_model_A,A0A2Z7B5F7,140,1,ok
A0A2Z7B6W4_taxID_472368_model_A,A0A2Z7B6W4,141,1,ok
A0A2Z7BP29_taxID_472368_model_A,A0A2Z7BP29,163,1,ok
A0A2Z7CFT7_taxID_472368_model,A0A2Z7CFT7,137,1,ok
A0A2Z7D498_taxID_472368_model,A0A2Z7D498,135,1,ok
A0A314KT37_taxID_49451_model_A,A0A314KT37,164,1,ok
A0A314Y566_taxID_2094558_model_A,A0A314Y566,134,1,ok
A0A314Y8T2_taxID_2094558_model_A,A0A314Y8T2,168,1,ok
A0A314Y973_taxID_2094558_model_A,A0A314Y973,158,1,ok
A0A314YDU2_taxID_2094558_model_A,A0A314YDU2,134,1,ok
A0A314YKM6_taxID_2094558_model_A,A0A314YKM6,158,1,ok
A0A314YLB5_taxID_2094558_model_A,A0A314YLB5,127,1,ok
A0A314YNG3_taxID_2094558_model_A,A0A314YNG3,155,1,ok
A0A314YQK6_taxID_2094558_model_A,A0A314YQK6,158,1,ok
A0A314ZJR6_taxID_2094558_model_A,A0A314ZJR6,132,1,ok
A0A328CYV5_taxID_267555_model_A,A0A328CYV5,170,1,ok
A0A328DHA3_taxID_267555_model_A,A0A328DHA3,157,1,ok
A0A371EU45_taxID_157652_model_A,A0A371EU45,129,1,ok
A0A371F2C3_taxID_157652_model,A0A371F2C3,156,1,ok
A0A396I1V4_taxID_3880_model_A,A0A396I1V4,178,1,ok
A0A396J9Q7_taxID_3880_model,A0A396J9Q7,167,1,ok
A0A3B6B4P3_taxID_4565_model_A,A0A3B6B4P3,153,1,ok
A0A3B6B569_taxID_4565_model_A,A0A3B6B569,136,1,ok
A0A3B6CD88_taxID_4565_model_A,A0A3B6CD88,136,1,ok
A0A3B6CFK7_taxID_4565_model_A,A0A3B6CFK7,153,1,ok
A0A3B6DJU5_taxID_4565_model_A,A0A3B6DJU5,153,1,ok
A0A3B6DN86_taxID_4565_model_A,A0A3B6DN86,136,1,ok
A0A3B6J0G9_taxID_4565_model_A,A0A3B6J0G9,129,1,ok
A0A3B6JQG2_taxID_4565_model_A,A0A3B6JQG2,129,1,ok
A0A3B6KV74_taxID_4565_model_A,A0A3B6KV74,129,1,ok
A0A3G1HI34_taxID_3981_model,A0A3G1HI34,167,1,ok
A0A3L6FL93_taxID_4577_model_A,A0A3L6FL93,142,1,ok
A0A3L6GAT2_taxID_4577_model_A,A0A3L6GAT2,136,1,ok
A0A3L6GDN9_taxID_4577_model_A,A0A3L6GDN9,132,1,ok
A0A3L6PXE9_taxID_4540_model_A,A0A3L6PXE9,130,1,ok
A0A3L6PYM7_taxID_4540_model_A,A0A3L6PYM7,131,1,ok
A0A3L6QAQ2_taxID_4540_model_A,A0A3L6QAQ2,131,1,ok
A0A3L6QXL5_taxID_4540_model_A,A0A3L6QXL5,170,1,ok
A0A3L6QZX3_taxID_4540_model_A,A0A3L6QZX3,131,1,ok
A0A3L6SQI5_taxID_4540_model_A,A0A3L6SQI5,133,1,ok
A0A3P3ZKL1_taxID_4081_model_A,A0A3P3ZKL1,143,1,ok
A0A3Q7F625_taxID_4081_model_A,A0A3Q7F625,177,1,ok
A0A3Q7HSQ3_taxID_4081_model_A,A0A3Q7HSQ3,163,1,ok
A0A3Q9TBL6_taxID_1747498_model_A,A0A3Q9TBL6,171,1,ok
A0A3S3NIU4_taxID_337451_model,A0A3S3NIU4,166,1,ok
A0A3S3QC21_taxID_337451_model_A,A0A3S3QC21,162,1,ok
A0A3S3QFY6_taxID_337451_model_A,A0A3S3QFY6,159,1,ok
A0A3S4NW51_taxID_337451_model_A,A0A3S4NW51,179,1,ok
A0A3S6R1C3_taxID_157652_model_A,A0A3S6R1C3,171,1,ok
A0A411JIB8_taxID_13547_model_A,A0A411JIB8,159,1,ok
A0A426XES5_taxID_4639_model_A,A0A426XES5,161,1,ok
A0A426YRJ6_taxID_4639_model_A,A0A426YRJ6,181,1,ok
A0A426YWH1_taxID_4639_model_A,A0A426YWH1,130,1,ok
A0A438EKY0_taxID_29760_model,A0A438EKY0,268,1,ok
A0A438JHV9_taxID_29760_model_A,A0A438JHV9,134,1,ok
A0A438JHW3_taxID_29760_model_A,A0A438JHW3,167,1,ok
A0A438JHW6_taxID_29760_model,A0A438JHW6,134,1,ok
A0A444WYG1_taxID_3818_model_A,A0A444WYG1,153,1,ok
A0A444ZUR5_taxID_3818_model,A0A444ZUR5,152,1,ok
A0A444ZWU6_taxID_3818_model_A,A0A444ZWU6,159,1,ok
A0A445DCE3_taxID_3818_model_A,A0A445DCE3,148,1,ok
A0A445DCG3_taxID_3818_model_A,A0A445DCG3,152,1,ok
A0A445DP80_taxID_3818_model,A0A445DP80,150,1,ok
A0A445DRA1_taxID_3818_model_A,A0A445DRA1,159,1,ok
A0A445FXG1_taxID_3848_model_A,A0A445FXG1,158,1,ok
A0A445FXH7_taxID_3848_model_A,A0A445FXH7,158,1,ok
A0A445GQH9_taxID_3848_model_A,A0A445GQH9,168,1,ok
A0A445GQM4_taxID_3848_model_A,A0A445GQM4,166,1,ok
A0A445I6J5_taxID_3848_model,A0A445I6J5,161,1,ok
A0A445I6L6_taxID_3848_model,A0A445I6L6,131,1,ok
A0A445I9A8_taxID_3848_model_A,A0A445I9A8,156,1,ok
A0A445JYV4_taxID_3848_model,A0A445JYV4,131,1,ok
A0A451EZK6_taxID_1747498_model_A,A0A451EZK6,165,1,ok
A0A453D098_taxID_200361_model_A,A0A453D098,153,1,ok
A0A453JCH2_taxID_200361_model_A,A0A453JCH2,129,1,ok
A0A484K842_taxID_132261_model_A,A0A484K842,157,1,ok
A0A484KTH3_taxID_132261_model_A,A0A484KTH3,168,1,ok
A0A484M5W6_taxID_132261_model_A,A0A484M5W6,157,1,ok
A0A484M936_taxID_132261_model_A,A0A484M936,144,1,ok
A0A498IS04_taxID_3750_model_A,A0A498IS04,171,1,ok
A0A498IS85_taxID_3750_model_A,A0A498IS85,159,1,ok
A0A498IVH3_taxID_3750_model_A,A0A498IVH3,168,1,ok
A0A498IXV7_taxID_3750_model_A,A0A498IXV7,168,1,ok
A0A498JWA5_taxID_3750_model_A,A0A498JWA5,157,1,ok
A0A498JYY9_taxID_3750_model,A0A498JYY9,155,1,ok
A0A4D6NET5_taxID_3917_model,A0A4D6NET5,157,1,ok
A0A4P1QPU4_taxID_3871_model_A,A0A4P1QPU4,129,1,ok
A0A4P1QQ10_taxID_3871_model_A,A0A4P1QQ10,145,1,ok
A0A4P8L6C8_taxID_231663_model_A,A0A4P8L6C8,126,1,ok
A0A4S4EP73_taxID_542762_model_A,A0A4S4EP73,154,1,ok
A0A4S4ERL3_taxID_542762_model,A0A4S4ERL3,153,1,ok
A0A4S8IT13_taxID_52838_model_A,A0A4S8IT13,161,1,ok
A0A4S8IVY2_taxID_52838_model_A,A0A4S8IVY2,181,1,ok
A0A4S8JI25_taxID_52838_model_A,A0A4S8JI25,149,1,ok
A0A4S8K2B6_taxID_52838_model_A,A0A4S8K2B6,168,1,ok
A0A4S8K8H3_taxID_52838_model,A0A4S8K8H3,159,1,ok
A0A4U5MWK7_taxID_43335_model_A,A0A4U5MWK7,147,1,ok
A0A4U5MY05_taxID_43335_model_A,A0A4U5MY05,147,1,ok
A0A4U5MY48_taxID_43335_model_A,A0A4U5MY48,125,1,ok
A0A4U5NSP7_taxID_43335_model_A,A0A4U5NSP7,144,1,ok
A0A4U5PQE5_taxID_43335_model,A0A4U5PQE5,161,1,ok
A0A4U5Q1X0_taxID_43335_model_A,A0A4U5Q1X0,147,1,ok
A0A4U6URN3_taxID_4556_model_A,A0A4U6URN3,174,1,ok
A0A4U6V645_taxID_4556_model_A,A0A4U6V645,154,1,ok
A0A4V6D4I5_taxID_4556_model_A,A0A4V6D4I5,132,1,ok
A0A4Y1R9H2_taxID_3755_model_A,A0A4Y1R9H2,158,1,ok
A0A4Y7I3R4_taxID_3469_model_A,A0A4Y7I3R4,161,1,ok
A0A4Y7I7H2_taxID_3469_model,A0A4Y7I7H2,162,1,ok
A0A4Y7IA41_taxID_3469_model,A0A4Y7IA41,166,1,ok
A0A4Y7IG79_taxID_3469_model_A,A0A4Y7IG79,160,1,ok
A0A4Y7IJU3_taxID_3469_model,A0A4Y7IJU3,161,1,ok
A0A4Y7IKI8_taxID_3469_model_A,A0A4Y7IKI8,147,1,ok
A0A4Y7IW07_taxID_3469_model_A,A0A4Y7IW07,180,1,ok
A0A4Y7J089_taxID_3469_model_A,A0A4Y7J089,181,1,ok
A0A4Y7JG44_taxID_3469_model_A,A0A4Y7JG44,160,1,ok
A0A4Y7K6N0_taxID_3469_model_A,A0A4Y7K6N0,161,1,ok
A0A4Y7KL70_taxID_3469_model_A,A0A4Y7KL70,144,1,ok
A0A540LP38_taxID_106549_model_A,A0A540LP38,157,1,ok
A0A540LP61_taxID_106549_model_A,A0A540LP61,158,1,ok
A0A540LPK5_taxID_106549_model_A,A0A540LPK5,158,1,ok
A0A540LPR7_taxID_106549_model_A,A0A540LPR7,157,1,ok
A0A540M014_taxID_106549_model_A,A0A540M014,168,1,ok
A0A540M063_taxID_106549_model,A0A540M063,164,1,ok
A0A5A7P8F5_taxID_4170_model_A,A0A5A7P8F5,143,1,ok
A0A5A7PUF0_taxID_4170_model,A0A5A7PUF0,152,1,ok
A0A5A7QKU5_taxID_4170_model,A0A5A7QKU5,137,1,ok
A0A5A7R9H3_taxID_4170_model,A0A5A7R9H3,134,1,ok
A0A5B7BMB1_taxID_16924_model_A,A0A5B7BMB1,153,1,ok
A0A5B7BMP7_taxID_16924_model_A,A0A5B7BMP7,163,1,ok
A0A5B7BQI1_taxID_16924_model_A,A0A5B7BQI1,164,1,ok
A0A5D2A6I2_taxID_34276_model_A,A0A5D2A6I2,166,1,ok
A0A5D2BAD1_taxID_34276_model,A0A5D2BAD1,165,1,ok
A0A5D2C767_taxID_34276_model_A,A0A5D2C767,129,1,ok
A0A5D2CAK1_taxID_34276_model,A0A5D2CAK1,165,1,ok
A0A5D2CDW6_taxID_34276_model_A,A0A5D2CDW6,155,1,ok
A0A5D2DKS4_taxID_34276_model_A,A0A5D2DKS4,157,1,ok
A0A5D2E4Z0_taxID_34276_model_A,A0A5D2E4Z0,155,1,ok
A0A5D2F8S6_taxID_34276_model,A0A5D2F8S6,166,1,ok
A0A5D2G6E6_taxID_34276_model_A,A0A5D2G6E6,129,1,ok
A0A5D2G6V9_taxID_34276_model_A,A0A5D2G6V9,136,1,ok
A0A5D2GA62_taxID_34276_model_A,A0A5D2GA62,155,1,ok
A0A5D2H9S9_taxID_34276_model_A,A0A5D2H9S9,158,1,ok
A0A5D2JG00_taxID_34277_model_A,A0A5D2JG00,165,1,ok
A0A5D2KJP6_taxID_34277_model_A,A0A5D2KJP6,129,1,ok
A0A5D2KN98_taxID_34277_model_A,A0A5D2KN98,128,1,ok
A0A5D2MRV4_taxID_34277_model_A,A0A5D2MRV4,155,1,ok
A0A5D2P014_taxID_34277_model,A0A5D2P014,166,1,ok
A0A5D2Q517_taxID_34277_model_A,A0A5D2Q517,136,1,ok
A0A5D2Q7P1_taxID_34277_model_A,A0A5D2Q7P1,128,1,ok
A0A5D2RA93_taxID_34277_model_A,A0A5D2RA93,157,1,ok
A0A5D2SC93_taxID_34275_model_A,A0A5D2SC93,155,1,ok
A0A5D2TJG1_taxID_34275_model,A0A5D2TJG1,166,1,ok
A0A5D2UJV9_taxID_34275_model_A,A0A5D2UJV9,163,1,ok
A0A5D2ULX1_taxID_34275_model_A,A0A5D2ULX1,136,1,ok
A0A5D2UQB3_taxID_34275_model_A,A0A5D2UQB3,128,1,ok
A0A5D2YVG9_taxID_34275_model_A,A0A5D2YVG9,136,1,ok
A0A5D2YXF4_taxID_34275_model_A,A0A5D2YXF4,129,1,ok
A0A5D3A2L0_taxID_34275_model_A,A0A5D3A2L0,158,1,ok
A0A5D3DS75_taxID_1194695_model_A,A0A5D3DS75,127,1,ok
A0A5E4EEC0_taxID_3755_model_A,A0A5E4EEC0,138,1,ok
A0A5E4F653_taxID_3755_model_A,A0A5E4F653,155,1,ok
A0A5E4F6A6_taxID_3755_model_A,A0A5E4F6A6,168,1,ok
A0A5E4F824_taxID_3755_model_A,A0A5E4F824,158,1,ok
A0A5E4FD61_taxID_3755_model_A,A0A5E4FD61,157,1,ok
A0A5J5BFK8_taxID_561372_model,A0A5J5BFK8,165,1,ok
A0A5J5NCV8_taxID_3634_model,A0A5J5NCV8,165,1,ok
A0A5J5NXK0_taxID_3634_model_A,A0A5J5NXK0,167,1,ok
A0A5J5R3V5_taxID_3634_model_A,A0A5J5R3V5,129,1,ok
A0A5J5SM20_taxID_3634_model_A,A0A5J5SM20,157,1,ok
A0A5J5VEA7_taxID_3634_model_A,A0A5J5VEA7,136,1,ok
A0A5J5WIE0_taxID_3634_model_A,A0A5J5WIE0,158,1,ok
A0A5J9UPM8_taxID_38414_model_A,A0A5J9UPM8,129,1,ok
A0A5J9VEU1_taxID_38414_model_A,A0A5J9VEU1,167,1,ok
A0A5N5FSB9_taxID_2448454_model_A,A0A5N5FSB9,169,1,ok
A0A5N5IB49_taxID_2448454_model_A,A0A5N5IB49,158,1,ok
A0A5N5IC87_taxID_2448454_model_A,A0A5N5IC87,158,1,ok
A0A5N5ICV1_taxID_2448454_model_A,A0A5N5ICV1,157,1,ok
A0A5N5IE94_taxID_2448454_model,A0A5N5IE94,157,1,ok
A0A5N5JTD4_taxID_2182728_model,A0A5N5JTD4,148,1,ok
A0A5N5JVN5_taxID_2182728_model_A,A0A5N5JVN5,154,1,ok
A0A5N5KU71_taxID_2182728_model,A0A5N5KU71,162,1,ok
A0A5N5KVT2_taxID_2182728_model_A,A0A5N5KVT2,158,1,ok
A0A5N6NPH8_taxID_192012_model,A0A5N6NPH8,166,1,ok
A0A5N6Q8R4_taxID_176857_model_A,A0A5N6Q8R4,127,1,ok
A0A5N6Q8R6_taxID_176857_model_A,A0A5N6Q8R6,168,1,ok
A0A5N6Q8X3_taxID_176857_model_A,A0A5N6Q8X3,168,1,ok
A0A6A1UJ49_taxID_262757_model_A,A0A6A1UJ49,158,1,ok
A0A6A2YCC7_taxID_106335_model_A,A0A6A2YCC7,159,1,ok
A0A6A2Z3X8_taxID_106335_model_A,A0A6A2Z3X8,163,1,ok
A0A6A2ZDM7_taxID_106335_model_A,A0A6A2ZDM7,167,1,ok
A0A6A3C8W3_taxID_106335_model_A,A0A6A3C8W3,126,1,ok
A0A6A3CHA3_taxID_106335_model_A,A0A6A3CHA3,137,1,ok
A0A6A3CU56_taxID_106335_model_A,A0A6A3CU56,169,1,ok
A0A6A4NRZ3_taxID_3870_model_A,A0A6A4NRZ3,158,1,ok
A0A6A5NZT8_taxID_3870_model_A,A0A6A5NZT8,156,1,ok
A0A6A6LPJ9_taxID_3981_model,A0A6A6LPJ9,168,1,ok
A0A6A6LUP7_taxID_3981_model,A0A6A6LUP7,131,1,ok
A0A6B7JGJ4_taxID_261999_model,A0A6B7JGJ4,153,1,ok
A0A6B7JI39_taxID_261999_model_A,A0A6B7JI39,154,1,ok
A0A6F8Z1C0_taxID_4556_model_A,A0A6F8Z1C0,132,1,ok
A0A6F8Z1G5_taxID_4556_model_A,A0A6F8Z1G5,132,1,ok
A0A6F8Z1L8_taxID_4555_model_A,A0A6F8Z1L8,132,1,ok
A0A6F8Z1U3_taxID_4556_model_A,A0A6F8Z1U3,132,1,ok
A0A6F8Z232_taxID_4555_model_A,A0A6F8Z232,132,1,ok
A0A6G1E2C8_taxID_110450_model,A0A6G1E2C8,112,1,ok
A0A6G6B0Q9_taxID_29760_model_A,A0A6G6B0Q9,165,1,ok
A0A6I9QIW5_taxID_51953_model,A0A6I9QIW5,150,1,ok
A0A6I9QKC4_taxID_51953_model,A0A6I9QKC4,131,1,ok
A0A6I9QKJ4_taxID_51953_model_A,A0A6I9QKJ4,161,1,ok
A0A6I9RDH9_taxID_51953_model,A0A6I9RDH9,137,1,ok
A0A6I9RIE5_taxID_51953_model_A,A0A6I9RIE5,159,1,ok
A0A6I9TD70_taxID_4182_model,A0A6I9TD70,134,1,ok
A0A6I9TFW5_taxID_4182_model_A,A0A6I9TFW5,143,1,ok
A0A6I9TH13_taxID_4182_model,A0A6I9TH13,134,1,ok
A0A6I9TIN4_taxID_4182_model,A0A6I9TIN4,137,1,ok
A0A6I9UDT3_taxID_4182_model,A0A6I9UDT3,157,1,ok
A0A6I9UDU9_taxID_4182_model,A0A6I9UDU9,136,1,ok
A0A6I9UES7_taxID_4182_model_A,A0A6I9UES7,164,1,ok
A0A6I9UJ96_taxID_4182_model_A,A0A6I9UJ96,155,1,ok
A0A6J1AGY1_taxID_108875_model_A,A0A6J1AGY1,170,1,ok
A0A6J1AIX9_taxID_108875_model_A,A0A6J1AIX9,162,1,ok
A0A6J1B6E3_taxID_108875_model,A0A6J1B6E3,165,1,ok
A0A6J1B6Y7_taxID_108875_model_A,A0A6J1B6Y7,135,1,ok
A0A6J1B7B5_taxID_108875_model_A,A0A6J1B7B5,135,1,ok
A0A6J1CGK8_taxID_3673_model,A0A6J1CGK8,127,1,ok
A0A6J1EGP5_taxID_3662_model_A,A0A6J1EGP5,154,1,ok
A0A6J1GRK5_taxID_3662_model,A0A6J1GRK5,127,1,ok
A0A6J1K2N9_taxID_3661_model,A0A6J1K2N9,127,1,ok
A0A6J1KJD3_taxID_3661_model_A,A0A6J1KJD3,154,1,ok
A0A6J1KRC0_taxID_3661_model_A,A0A6J1KRC0,154,1,ok
A0A6J5UL59_taxID_36596_model_A,A0A6J5UL59,168,1,ok
A0A6J5VMN1_taxID_36596_model_A,A0A6J5VMN1,132,1,ok
A0A6J5WXB6_taxID_36596_model_A,A0A6J5WXB6,158,1,ok
A0A6J5X2R9_taxID_36596_model_A,A0A6J5X2R9,174,1,ok
A0A6J5X364_taxID_36596_model_A,A0A6J5X364,155,1,ok
A0A6J5X5P2_taxID_36596_model_A,A0A6J5X5P2,157,1,ok
A0A6J5X623_taxID_36596_model_A,A0A6J5X623,155,1,ok
A0A6L2KES0_taxID_118510_model_A,A0A6L2KES0,165,1,ok
A0A6M2F2L3_taxID_266767_model_A,A0A6M2F2L3,147,1,ok
A0A6M2F4W8_taxID_266767_model_A,A0A6M2F4W8,142,1,ok
A0A6N2AKH8_taxID_4083_model_A,A0A6N2AKH8,163,1,ok
A0A6N2B2V5_taxID_4083_model_A,A0A6N2B2V5,161,1,ok
A0A6N2CBM7_taxID_4083_model_A,A0A6N2CBM7,176,1,ok
A0A6N2KGZ7_taxID_40686_model,A0A6N2KGZ7,169,1,ok
A0A6N2KNK4_taxID_40686_model,A0A6N2KNK4,153,1,ok
A0A6P3YXQ8_taxID_326968_model_A,A0A6P3YXQ8,156,1,ok
A0A6P3YY59_taxID_326968_model_A,A0A6P3YY59,167,1,ok
A0A6P4C4R2_taxID_130453_model_A,A0A6P4C4R2,153,1,ok
A0A6P4CRV9_taxID_130453_model_A,A0A6P4CRV9,159,1,ok
A0A6P4CZR3_taxID_130453_model,A0A6P4CZR3,152,1,ok
A0A6P4D463_taxID_130453_model_A,A0A6P4D463,152,1,ok
A0A6P4D7K5_taxID_130453_model_A,A0A6P4D7K5,148,1,ok
A0A6P5TSP4_taxID_42229_model_A,A0A6P5TSP4,158,1,ok
A0A6P5TUG1_taxID_42229_model_A,A0A6P5TUG1,143,1,ok
A0A6P5TUS8_taxID_42229_model_A,A0A6P5TUS8,168,1,ok
A0A6P5TUU8_taxID_42229_model_A,A0A6P5TUU8,155,1,ok
A0A6P5TUV6_taxID_42229_model_A,A0A6P5TUV6,162,1,ok
A0A6P5TVH0_taxID_42229_model_A,A0A6P5TVH0,157,1,ok
A0A6P5WWI1_taxID_66656_model,A0A6P5WWI1,135,1,ok
A0A6P5WYD0_taxID_66656_model_A,A0A6P5WYD0,157,1,ok
A0A6P5XCY6_taxID_66656_model_A,A0A6P5XCY6,171,1,ok
A0A6P6ABN5_taxID_66656_model_A,A0A6P6ABN5,159,1,ok
A0A6P6BJY7_taxID_66656_model_A,A0A6P6BJY7,135,1,ok
A0A6P6S967_taxID_13443_model,A0A6P6S967,148,1,ok
A0A6P6SCZ9_taxID_13443_model_A,A0A6P6SCZ9,156,1,ok
A0A6P6SD00_taxID_13443_model_A,A0A6P6SD00,154,1,ok
A0A6P6SDP1_taxID_13443_model_A,A0A6P6SDP1,155,1,ok
A0A6P6SDQ3_taxID_13443_model_A,A0A6P6SDQ3,156,1,ok
A0A6P6SDS1_taxID_13443_model_A,A0A6P6SDS1,156,1,ok
A0A6P6SDS2_taxID_13443_model_A,A0A6P6SDS2,156,1,ok
A0A6P6SFS2_taxID_13443_model_A,A0A6P6SFS2,153,1,ok
A0A6P6VKZ6_taxID_13443_model_A,A0A6P6VKZ6,152,1,ok
A0A6P6VQA2_taxID_13443_model_A,A0A6P6VQA2,163,1,ok
A0A6P6W324_taxID_13443_model_A,A0A6P6W324,152,1,ok
A0A6P6W329_taxID_13443_model_A,A0A6P6W329,151,1,ok
A0A6P6W8K5_taxID_13443_model_A,A0A6P6W8K5,164,1,ok
A0A6P8DXG6_taxID_22663_model_A,A0A6P8DXG6,127,1,ok
A0A6V7QUF5_taxID_296719_model_A,A0A6V7QUF5,164,1,ok
A0A6V7QWC5_taxID_296719_model_A,A0A6V7QWC5,172,1,ok
A0A7C8Z0D2_taxID_393608_model_A,A0A7C8Z0D2,131,1,ok
A0A7D5GHP5_taxID_223891_model_A,A0A7D5GHP5,159,1,ok
A0A7I8KKF5_taxID_51605_model_A,A0A7I8KKF5,182,1,ok
A0A7I8L253_taxID_51605_model_A,A0A7I8L253,160,1,ok
A0A7I8L3A4_taxID_51605_model_A,A0A7I8L3A4,151,1,ok
A0A7I8L486_taxID_51605_model_A,A0A7I8L486,164,1,ok
A0A7J0E088_taxID_165716_model_A,A0A7J0E088,133,1,ok
A0A7J6EZF1_taxID_3483_model_A,A0A7J6EZF1,172,1,ok
A0A7J6HTX3_taxID_3483_model_A,A0A7J6HTX3,166,1,ok
A0A7J6US79_taxID_46969_model,A0A7J6US79,131,1,ok
A0A7J6UTM6_taxID_46969_model_A,A0A7J6UTM6,127,1,ok
A0A7J6V6N7_taxID_46969_model_A,A0A7J6V6N7,164,1,ok
A0A7J6VBU9_taxID_46969_model_A,A0A7J6VBU9,167,1,ok
A0A7J6VGC8_taxID_46969_model_A,A0A7J6VGC8,161,1,ok
A0A7J6VK32_taxID_46969_model_A,A0A7J6VK32,164,1,ok
A0A7J6WFH5_taxID_46969_model,A0A7J6WFH5,161,1,ok
A0A7J7MFK5_taxID_39325_model_A,A0A7J7MFK5,161,1,ok
A0A7J7MG66_taxID_39325_model,A0A7J7MG66,164,1,ok
A0A7J7MGC1_taxID_39325_model,A0A7J7MGC1,164,1,ok
A0A7J7N7M0_taxID_39325_model_A,A0A7J7N7M0,161,1,ok
A0A7J7NY73_taxID_39325_model,A0A7J7NY73,139,1,ok
A0A7J7NY85_taxID_39325_model_A,A0A7J7NY85,161,1,ok
A0A7J7NY94_taxID_39325_model,A0A7J7NY94,139,1,ok
A0A7J8LXC4_taxID_34289_model_A,A0A7J8LXC4,148,1,ok
A0A7J8LZG0_taxID_34289_model,A0A7J8LZG0,166,1,ok
A0A7J8MVB0_taxID_34289_model_A,A0A7J8MVB0,164,1,ok
A0A7J8MVH9_taxID_34289_model_A,A0A7J8MVH9,136,1,ok
A0A7J8MXJ5_taxID_34289_model_A,A0A7J8MXJ5,155,1,ok
A0A7J8PC25_taxID_29730_model_A,A0A7J8PC25,148,1,ok
A0A7J8RKV6_taxID_34287_model_A,A0A7J8RKV6,148,1,ok
A0A7J8RMV1_taxID_34287_model_A,A0A7J8RMV1,166,1,ok
A0A7J8SL55_taxID_34287_model_A,A0A7J8SL55,129,1,ok
A0A7J8SLW2_taxID_34287_model_A,A0A7J8SLW2,163,1,ok
A0A7J8SNY0_taxID_34287_model_A,A0A7J8SNY0,154,1,ok
A0A7J8UG10_taxID_34286_model_A,A0A7J8UG10,148,1,ok
A0A7J8UIR6_taxID_34286_model,A0A7J8UIR6,166,1,ok
A0A7J8VIL6_taxID_34286_model_A,A0A7J8VIL6,163,1,ok
A0A7J8VK94_taxID_34286_model_A,A0A7J8VK94,154,1,ok
A0A7J8WDB2_taxID_34286_model_A,A0A7J8WDB2,129,1,ok
A0A7J8Y4W9_taxID_34290_model_A,A0A7J8Y4W9,136,1,ok
A0A7J8Y631_taxID_34290_model_A,A0A7J8Y631,129,1,ok
A0A7J8Y6I9_taxID_34290_model_A,A0A7J8Y6I9,155,1,ok
A0A7J8ZL86_taxID_34288_model_A,A0A7J8ZL86,148,1,ok
A0A7J8ZMH4_taxID_34288_model_A,A0A7J8ZMH4,166,1,ok
A0A7J8ZZ02_taxID_34288_model_A,A0A7J8ZZ02,126,1,ok
A0A7J9AH22_taxID_34288_model_A,A0A7J9AH22,136,1,ok
A0A7J9AH80_taxID_34288_model_A,A0A7J9AH80,165,1,ok
A0A7J9AIA0_taxID_34288_model_A,A0A7J9AIA0,170,1,ok
A0A7J9BSD6_taxID_34282_model_A,A0A7J9BSD6,148,1,ok
A0A7J9BUD6_taxID_34282_model,A0A7J9BUD6,127,1,ok
A0A7J9CHP9_taxID_34282_model_A,A0A7J9CHP9,129,1,ok
A0A7J9CHS6_taxID_34282_model_A,A0A7J9CHS6,129,1,ok
A0A7J9E2S8_taxID_34281_model,A0A7J9E2S8,156,1,ok
A0A7J9EF70_taxID_34281_model_A,A0A7J9EF70,151,1,ok
A0A7J9EYM6_taxID_34281_model_A,A0A7J9EYM6,136,1,ok
A0A7J9F0I4_taxID_34281_model_A,A0A7J9F0I4,163,1,ok
A0A7J9GNT4_taxID_34285_model_A,A0A7J9GNT4,148,1,ok
A0A7J9GRC7_taxID_34285_model,A0A7J9GRC7,165,1,ok
A0A7J9HPH0_taxID_34285_model_A,A0A7J9HPH0,153,1,ok
A0A7J9HQ07_taxID_34285_model_A,A0A7J9HQ07,136,1,ok
A0A7J9JIE7_taxID_34283_model_A,A0A7J9JIE7,175,1,ok
A0A7J9JZ04_taxID_34283_model_A,A0A7J9JZ04,129,1,ok
A0A7J9JZ70_taxID_34283_model_A,A0A7J9JZ70,129,1,ok
A0A7J9K117_taxID_34283_model_A,A0A7J9K117,155,1,ok
A0A7J9LVA7_taxID_34291_model_A,A0A7J9LVA7,164,1,ok
A0A7J9MAI5_taxID_34291_model_A,A0A7J9MAI5,129,1,ok
A0A7J9MC20_taxID_34291_model_A,A0A7J9MC20,136,1,ok
A0A7J9MDZ8_taxID_34291_model_A,A0A7J9MDZ8,155,1,ok
A0A7J9NBA3_taxID_34291_model,A0A7J9NBA3,166,1,ok
A0A7N0RG09_taxID_63787_model_A,A0A7N0RG09,173,1,ok
A0A7N2MTV1_taxID_97700_model_A,A0A7N2MTV1,169,1,ok
A0A7N2R4S9_taxID_97700_model_A,A0A7N2R4S9,167,1,ok
A0A7N2RCI0_taxID_97700_model_A,A0A7N2RCI0,169,1,ok
A0A803LLC7_taxID_63459_model_A,A0A803LLC7,134,1,ok
A0A803LLC8_taxID_63459_model_A,A0A803LLC8,176,1,ok
A0A803LPT1_taxID_63459_model_A,A0A803LPT1,134,1,ok
A0A803LPT2_taxID_63459_model_A,A0A803LPT2,172,1,ok
A0A803NZB7_taxID_3483_model_A,A0A803NZB7,154,1,ok
A0A803Q7X0_taxID_3483_model_A,A0A803Q7X0,160,1,ok
A0A804JMC8_taxID_214687_model_A,A0A804JMC8,159,1,ok
A0A804JRR5_taxID_214687_model_A,A0A804JRR5,149,1,ok
A0A804JRS7_taxID_214687_model_A,A0A804JRS7,149,1,ok
A0A804K4K6_taxID_214687_model_A,A0A804K4K6,169,1,ok
A0A804K4K8_taxID_214687_model_A,A0A804K4K8,169,1,ok
A0A804KE62_taxID_214687_model_A,A0A804KE62,159,1,ok
A0A804KYE1_taxID_214687_model_A,A0A804KYE1,180,1,ok
A0A804RIY3_taxID_4577_model_A,A0A804RIY3,134,1,ok
A0A804UML8_taxID_4577_model_A,A0A804UML8,132,1,ok
A0A811NTG6_taxID_422564_model_A,A0A811NTG6,174,1,ok
A0A811R0U8_taxID_422564_model_A,A0A811R0U8,133,1,ok
A0A822XHC0_taxID_4432_model_A,A0A822XHC0,171,1,ok
A0A830BJL4_taxID_374723_model_A,A0A830BJL4,159,1,ok
A0A830CHU2_taxID_374723_model,A0A830CHU2,139,1,ok
A0A833R0A1_taxID_544730_model,A0A833R0A1,168,1,ok
A0A833XZ93_taxID_51240_model_A,A0A833XZ93,128,1,ok
A0A834D1R3_taxID_51240_model_A,A0A834D1R3,127,1,ok
A0A834FXG3_taxID_118357_model_A,A0A834FXG3,166,1,ok
A0A834SH60_taxID_362788_model,A0A834SH60,168,1,ok
A0A834Y6U4_taxID_13715_model,A0A834Y6U4,156,1,ok
A0A834ZDT5_taxID_13715_model_A,A0A834ZDT5,167,1,ok
A0A834ZKX7_taxID_13715_model,A0A834ZKX7,156,1,ok
A0A835AGD2_taxID_1010633_model_A,A0A835AGD2,171,1,ok
A0A835ANI8_taxID_1010633_model_A,A0A835ANI8,130,1,ok
A0A835DM91_taxID_13715_model_A,A0A835DM91,156,1,ok
A0A835DNV5_taxID_13715_model_A,A0A835DNV5,172,1,ok
A0A835DUN7_taxID_1010633_model_A,A0A835DUN7,135,1,ok
A0A835DYY3_taxID_1010633_model_A,A0A835DYY3,136,1,ok
A0A835FLY5_taxID_1010633_model_A,A0A835FLY5,155,1,ok
A0A835INJ6_taxID_261450_model_A,A0A835INJ6,176,1,ok
A0A835JDS2_taxID_1413687_model_A,A0A835JDS2,125,1,ok
A0A835JKP2_taxID_1413687_model_A,A0A835JKP2,157,1,ok
A0A835KQU2_taxID_1010633_model_A,A0A835KQU2,169,1,ok
A0A835LFJ4_taxID_261450_model_A,A0A835LFJ4,128,1,ok
A0A835MHI1_taxID_1413687_model_A,A0A835MHI1,147,1,ok
A0A835MQH1_taxID_1413687_model_A,A0A835MQH1,156,1,ok
A0A835MR89_taxID_1413687_model_A,A0A835MR89,153,1,ok
A0A835MWN7_taxID_1413687_model,A0A835MWN7,161,1,ok
A0A835QDT6_taxID_51239_model_A,A0A835QDT6,150,1,ok
A0A835V5C5_taxID_51239_model_A,A0A835V5C5,150,1,ok
A0A835V7X0_taxID_51239_model_A,A0A835V7X0,150,1,ok
A0A843VRT1_taxID_4460_model_A,A0A843VRT1,155,1,ok
A0A843X9J2_taxID_4460_model_A,A0A843X9J2,164,1,ok
A0A8A8E2Y6_taxID_4530_model_A,A0A8A8E2Y6,132,1,ok
A0A8A8E350_taxID_4530_model_A,A0A8A8E350,132,1,ok
A0A8A8E3F3_taxID_4530_model_A,A0A8A8E3F3,132,1,ok
A0A8B7BJK9_taxID_42345_model_A,A0A8B7BJK9,160,1,ok
A0A8B7BKB2_taxID_42345_model_A,A0A8B7BKB2,160,1,ok
A0A8B7CKL8_taxID_42345_model,A0A8B7CKL8,136,1,ok
A0A8B7CZR0_taxID_42345_model,A0A8B7CZR0,136,1,ok
A0A8B8K2X2_taxID_3816_model_A,A0A8B8K2X2,167,1,ok
A0A8B8KQK3_taxID_3816_model_A,A0A8B8KQK3,157,1,ok
A0A8B8MFA9_taxID_3816_model_A,A0A8B8MFA9,128,1,ok
A0A8B8P1N5_taxID_178133_model_A,A0A8B8P1N5,155,1,ok
A0A8B9A045_taxID_42345_model_A,A0A8B9A045,158,1,ok
A0A8D7FBP1_taxID_214687_model_A,A0A8D7FBP1,123,1,ok
A0A8E6HRF2_taxID_51240_model_A,A0A8E6HRF2,128,1,ok
A0A8E6HRF3_taxID_51240_model_A,A0A8E6HRF3,127,1,ok
A0A8I6XAM2_taxID_112509_model_A,A0A8I6XAM2,129,1,ok
A0A8I6XVQ0_taxID_112509_model_A,A0A8I6XVQ0,129,1,ok
A0A8J4R1C7_taxID_60419_model_A,A0A8J4R1C7,169,1,ok
A0A8J4RCB2_taxID_60419_model_A,A0A8J4RCB2,158,1,ok
A0A8J4RG28_taxID_60419_model_A,A0A8J4RG28,168,1,ok
A0A8J4VBG9_taxID_60419_model_A,A0A8J4VBG9,167,1,ok
A0A8J5F0X4_taxID_94328_model_A,A0A8J5F0X4,165,1,ok
A0A8J5F3I4_taxID_94328_model_A,A0A8J5F3I4,165,1,ok
A0A8J5F4W5_taxID_94328_model_A,A0A8J5F4W5,165,1,ok
A0A8J5HRF1_taxID_94328_model_A,A0A8J5HRF1,163,1,ok
A0A8J5LJA9_taxID_94328_model_A,A0A8J5LJA9,163,1,ok
A0A8J5RBS7_taxID_103762_model_A,A0A8J5RBS7,131,1,ok
A0A8J5SQH5_taxID_103762_model,A0A8J5SQH5,130,1,ok
A0A8J5YHH3_taxID_47600_model_A,A0A8J5YHH3,153,1,ok
A0A8J5Z0Y9_taxID_47600_model_A,A0A8J5Z0Y9,158,1,ok
A0A8J5ZKV7_taxID_47600_model_A,A0A8J5ZKV7,165,1,ok
A0A8J9SJ80_taxID_128017_model_A,A0A8J9SJ80,165,1,ok
A0A8J9T919_taxID_128017_model_A,A0A8J9T919,149,1,ok
A0A8K0GST7_taxID_2594499_model_A,A0A8K0GST7,166,1,ok
A0A8K0HX05_taxID_13894_model_A,A0A8K0HX05,158,1,ok
A0A8K0MMK9_taxID_2594499_model_A,A0A8K0MMK9,165,1,ok
A0A8R7TMK7_taxID_4572_model_A,A0A8R7TMK7,153,1,ok
A0A8R7ULZ0_taxID_4572_model_A,A0A8R7ULZ0,139,1,ok
A0A8S0Q4H7_taxID_158383_model_A,A0A8S0Q4H7,144,1,ok
A0A8S0R4R5_taxID_158383_model_A,A0A8S0R4R5,157,1,ok
A0A8S0RWT1_taxID_158383_model,A0A8S0RWT1,164,1,ok
A0A8S0RZ97_taxID_158383_model,A0A8S0RZ97,133,1,ok
A0A8S0S8L4_taxID_158383_model_A,A0A8S0S8L4,155,1,ok
A0A8S0T1Q9_taxID_158383_model,A0A8S0T1Q9,164,1,ok
A0A8S0T6Q7_taxID_158383_model,A0A8S0T6Q7,140,1,ok
A0A8S0TLT4_taxID_158383_model_A,A0A8S0TLT4,143,1,ok
A0A8S0UBA7_taxID_158383_model_A,A0A8S0UBA7,124,1,ok
A0A8S0UK52_taxID_158383_model,A0A8S0UK52,137,1,ok
A0A8S0VBW7_taxID_158383_model,A0A8S0VBW7,133,1,ok
A0A8S0VGL2_taxID_158383_model,A0A8S0VGL2,133,1,ok
A0A8S0VGT0_taxID_158383_model,A0A8S0VGT0,133,1,ok
A0A8S0VIH9_taxID_158383_model_A,A0A8S0VIH9,154,1,ok
A0A8S0VIP0_taxID_158383_model,A0A8S0VIP0,137,1,ok
A0A8T0KZW1_taxID_3914_model,A0A8T0KZW1,158,1,ok
A0A8T0QF67_taxID_38727_model_A,A0A8T0QF67,131,1,ok
A0A8T0S260_taxID_38727_model_A,A0A8T0S260,126,1,ok
A0A8T0S3N5_taxID_38727_model_A,A0A8T0S3N5,147,1,ok
A0A8T0SV49_taxID_38727_model_A,A0A8T0SV49,134,1,ok
A0A8T1PHH5_taxID_32201_model_A,A0A8T1PHH5,157,1,ok
A0A8T1PJE0_taxID_32201_model_A,A0A8T1PJE0,126,1,ok
A0A8T2WH79_taxID_3696_model_A,A0A8T2WH79,155,1,ok
A0A8T2XJE5_taxID_3696_model,A0A8T2XJE5,172,1,ok
A0A8T2XL47_taxID_3696_model,A0A8T2XL47,126,1,ok
A0A8T2XMC2_taxID_3696_model_A,A0A8T2XMC2,155,1,ok
A0A8T2XQF3_taxID_3696_model,A0A8T2XQF3,126,1,ok
A0A8T2ZMY6_taxID_3696_model_A,A0A8T2ZMY6,147,1,ok
A0A8T2ZN37_taxID_3696_model,A0A8T2ZN37,154,1,ok
A0A8T2ZN39_taxID_3696_model_A,A0A8T2ZN39,157,1,ok
A0A8T2ZN40_taxID_3696_model_A,A0A8T2ZN40,147,1,ok
A0A8T2ZN72_taxID_3696_model_A,A0A8T2ZN72,147,1,ok
A0A8T3AJ54_taxID_94219_model_A,A0A8T3AJ54,162,1,ok
A0A8T3BDL3_taxID_94219_model_A,A0A8T3BDL3,125,1,ok
A0A8X7YP15_taxID_118781_model_A,A0A8X7YP15,127,1,ok
A0A8X7YPD5_taxID_118781_model,A0A8X7YPD5,171,1,ok
A0A8X8APH5_taxID_118781_model_A,A0A8X8APH5,147,1,ok
A0A8X8ATI9_taxID_118781_model_A,A0A8X8ATI9,147,1,ok
A0A8X8CIW2_taxID_118781_model,A0A8X8CIW2,161,1,ok
A0A8X8DG05_taxID_118781_model_A,A0A8X8DG05,125,1,ok
A0A8X8DKR1_taxID_118781_model_A,A0A8X8DKR1,154,1,ok
A0A8X8DKR6_taxID_118781_model_A,A0A8X8DKR6,147,1,ok
A0A8X8DKU9_taxID_118781_model_A,A0A8X8DKU9,147,1,ok
A0A8X8IY06_taxID_118781_model_A,A0A8X8IY06,147,1,ok
A0A8X8WEZ9_taxID_180675_model_A,A0A8X8WEZ9,161,1,ok
A0A8X8WFT1_taxID_180675_model_A,A0A8X8WFT1,152,1,ok
A0A8X8WKR7_taxID_180675_model_A,A0A8X8WKR7,142,1,ok
A0A8X8WNL1_taxID_180675_model,A0A8X8WNL1,134,1,ok
A0A8X8WPY0_taxID_180675_model_A,A0A8X8WPY0,125,1,ok
A0A8X8WQB3_taxID_180675_model,A0A8X8WQB3,134,1,ok
A0A8X8Y5G6_taxID_180675_model,A0A8X8Y5G6,138,1,ok
A0A8X8Z6G6_taxID_180675_model,A0A8X8Z6G6,134,1,ok
A0A8X8Z7E5_taxID_180675_model,A0A8X8Z7E5,134,1,ok
A0A8X8Z920_taxID_180675_model,A0A8X8Z920,134,1,ok
A0A8X8ZAI8_taxID_180675_model,A0A8X8ZAI8,134,1,ok
A0A8X8ZB35_taxID_180675_model,A0A8X8ZB35,134,1,ok
A0A8X8ZB44_taxID_180675_model,A0A8X8ZB44,134,1,ok
A0A921QRZ4_taxID_4558_model_A,A0A921QRZ4,133,1,ok
A0A921QUI8_taxID_4558_model_A,A0A921QUI8,133,1,ok
A0A921RJ57_taxID_4558_model_A,A0A921RJ57,142,1,ok
A0A921UPE6_taxID_4558_model_A,A0A921UPE6,125,1,ok
A0A978USF4_taxID_714518_model_A,A0A978USF4,165,1,ok
A0A978W1X4_taxID_714518_model_A,A0A978W1X4,167,1,ok
A0A978W1X5_taxID_714518_model_A,A0A978W1X5,170,1,ok
A0A9D3URJ5_taxID_47602_model_A,A0A9D3URJ5,164,1,ok
A0A9D3URU8_taxID_47602_model_A,A0A9D3URU8,136,1,ok
A0A9D3VZL2_taxID_47602_model_A,A0A9D3VZL2,159,1,ok
A0A9D4XYU4_taxID_3888_model_A,A0A9D4XYU4,148,1,ok
A0A9D5CKA6_taxID_325984_model_A,A0A9D5CKA6,144,1,ok
A0A9D5CSB4_taxID_325984_model,A0A9D5CSB4,162,1,ok
A0A9D5CTA3_taxID_325984_model,A0A9D5CTA3,139,1,ok
A0A9D5CTY2_taxID_325984_model,A0A9D5CTY2,139,1,ok
A0A9D5CTZ2_taxID_325984_model,A0A9D5CTZ2,158,1,ok
A0A9D5CTZ9_taxID_325984_model,A0A9D5CTZ9,160,1,ok
A0A9D5CV19_taxID_325984_model,A0A9D5CV19,162,1,ok
A0A9D5D0G0_taxID_325984_model_A,A0A9D5D0G0,144,1,ok
A0A9D5H103_taxID_3888_model_A,A0A9D5H103,129,1,ok
A0A9D5H280_taxID_325984_model,A0A9D5H280,139,1,ok
A0A9D5H2D2_taxID_325984_model,A0A9D5H2D2,139,1,ok
A0A9D5HJP8_taxID_325984_model,A0A9D5HJP8,163,1,ok
A0A9D5HJZ8_taxID_325984_model,A0A9D5HJZ8,139,1,ok
A0A9D5HNL2_taxID_325984_model_A,A0A9D5HNL2,144,1,ok
A0A9E7GN76_taxID_320322_model_A,A0A9E7GN76,149,1,ok
A0A9E7GUK2_taxID_320322_model_A,A0A9E7GUK2,148,1,ok
A0A9E7GUQ1_taxID_320322_model_A,A0A9E7GUQ1,149,1,ok
A0A9E7GVT7_taxID_320322_model_A,A0A9E7GVT7,161,1,ok
A0A9E7H250_taxID_320322_model_A,A0A9E7H250,169,1,ok
A0A9E7H3J2_taxID_320322_model_A,A0A9E7H3J2,158,1,ok
A0A9E7H7C1_taxID_320322_model_A,A0A9E7H7C1,169,1,ok
A0A9E7H7D2_taxID_320322_model_A,A0A9E7H7D2,169,1,ok
A0A9E7H9J3_taxID_320322_model_A,A0A9E7H9J3,169,1,ok
A0A9E7H9Q8_taxID_320322_model,A0A9E7H9Q8,162,1,ok
A0A9E7H9V6_taxID_320322_model,A0A9E7H9V6,169,1,ok
A0A9E7HAB4_taxID_320322_model,A0A9E7HAB4,153,1,ok
A0A9E7I6L4_taxID_320322_model_A,A0A9E7I6L4,181,1,ok
A0A9E7I915_taxID_320322_model_A,A0A9E7I915,178,1,ok
A0A9E7KNX5_taxID_320322_model,A0A9E7KNX5,158,1,ok
A0A9E7KSN5_taxID_320322_model_A,A0A9E7KSN5,158,1,ok
A0A9J5XYA1_taxID_4109_model_A,A0A9J5XYA1,165,1,ok
A0A9J5XZC6_taxID_4109_model_A,A0A9J5XZC6,160,1,ok
A0A9J6ADY7_taxID_4109_model_A,A0A9J6ADY7,177,1,ok
A0A9K3N4Y3_taxID_4232_model_A,A0A9K3N4Y3,160,1,ok
A0A9N7MW10_taxID_68872_model,A0A9N7MW10,137,1,ok
A0A9N7MW86_taxID_68872_model,A0A9N7MW86,137,1,ok
A0A9N7R3T9_taxID_68872_model,A0A9N7R3T9,134,1,ok
A0A9P0ZDA3_taxID_41803_model_A,A0A9P0ZDA3,157,1,ok
A0A9P0ZL29_taxID_41803_model_A,A0A9P0ZL29,160,1,ok
A0A9P1EGP5_taxID_41803_model,A0A9P1EGP5,156,1,ok
A0A9Q0G5V1_taxID_218843_model_A,A0A9Q0G5V1,176,1,ok
A0A9Q0GKV4_taxID_218843_model_A,A0A9Q0GKV4,179,1,ok
A0A9Q0J471_taxID_218843_model_A,A0A9Q0J471,171,1,ok
A0A9Q0KS29_taxID_273540_model,A0A9Q0KS29,160,1,ok
A0A9Q0KU96_taxID_273540_model_A,A0A9Q0KU96,141,1,ok
A0A9Q0KV77_taxID_273540_model,A0A9Q0KV77,161,1,ok
A0A9Q0QXM2_taxID_273540_model,A0A9Q0QXM2,130,1,ok
A0A9Q0QY86_taxID_273540_model,A0A9Q0QY86,285,1,ok
A0A9Q0UDV3_taxID_2511006_model_A,A0A9Q0UDV3,128,1,ok
A0A9Q0VNT9_taxID_40686_model_A,A0A9Q0VNT9,125,1,ok
A0A9Q0VRW4_taxID_77065_model_A,A0A9Q0VRW4,147,1,ok
A0A9Q0WM22_taxID_77065_model,A0A9Q0WM22,161,1,ok
A0A9Q0ZYT7_taxID_40686_model_A,A0A9Q0ZYT7,150,1,ok
A0A9Q1A0N7_taxID_77065_model_A,A0A9Q1A0N7,153,1,ok
A0A9Q1A0U0_taxID_77065_model_A,A0A9Q1A0U0,147,1,ok
A0A9Q1AGG0_taxID_77065_model_A,A0A9Q1AGG0,133,1,ok
A0A9Q1AMB4_taxID_2511006_model_A,A0A9Q1AMB4,158,1,ok
A0A9Q1GIZ7_taxID_171969_model_A,A0A9Q1GIZ7,168,1,ok
A0A9Q1L1Q6_taxID_402998_model_A,A0A9Q1L1Q6,161,1,ok
A0A9Q1L3G5_taxID_402998_model,A0A9Q1L3G5,168,1,ok
A0A9Q1R9Z5_taxID_402998_model_A,A0A9Q1R9Z5,173,1,ok
A0A9R0IY42_taxID_3562_model_A,A0A9R0IY42,154,1,ok
A0A9R0JDF9_taxID_3562_model_A,A0A9R0JDF9,130,1,ok
A0A9R0K4G1_taxID_3562_model_A,A0A9R0K4G1,173,1,ok
A0A9R0TD02_taxID_4567_model_A,A0A9R0TD02,129,1,ok
A0A9R0UMH3_taxID_4567_model_A,A0A9R0UMH3,153,1,ok
A0A9R1AFE9_taxID_4567_model_A,A0A9R1AFE9,129,1,ok
A0A9R1E5C8_taxID_4565_model_A,A0A9R1E5C8,153,1,ok
A0A9R1EIN1_taxID_4565_model_A,A0A9R1EIN1,136,1,ok
A0A9R1EJ93_taxID_4565_model_A,A0A9R1EJ93,153,1,ok
A0A9R1EY78_taxID_4565_model_A,A0A9R1EY78,153,1,ok
A0A9R1GYY0_taxID_4565_model_A,A0A9R1GYY0,129,1,ok
A0A9R1HB81_taxID_4565_model_A,A0A9R1HB81,129,1,ok
A0A9R1J4H2_taxID_4565_model_A,A0A9R1J4H2,136,1,ok
A0A9R1JIN1_taxID_4565_model_A,A0A9R1JIN1,136,1,ok
A0A9R1KF29_taxID_4565_model_A,A0A9R1KF29,129,1,ok
A0A9R1PYR0_taxID_4567_model_A,A0A9R1PYR0,153,1,ok
A0A9R1QY75_taxID_4567_model_A,A0A9R1QY75,129,1,ok
A0A9R1RCW1_taxID_4567_model_A,A0A9R1RCW1,136,1,ok
A0A9R1RCX2_taxID_4567_model_A,A0A9R1RCX2,153,1,ok
A0A9R1VK83_taxID_4236_model_A,A0A9R1VK83,159,1,ok
A0A9R1VMH5_taxID_4236_model,A0A9R1VMH5,134,1,ok
A0A9R1VSG5_taxID_4236_model,A0A9R1VSG5,151,1,ok
A0A9R1VVV1_taxID_4236_model,A0A9R1VVV1,166,1,ok
A0A9W7GT20_taxID_183268_model_A,A0A9W7GT20,166,1,ok
A0A9W7H895_taxID_183268_model_A,A0A9W7H895,167,1,ok
A0A9W7H930_taxID_183268_model_A,A0A9W7H930,129,1,ok
A0A9W7H9J2_taxID_183268_model_A,A0A9W7H9J2,129,1,ok
A0A9W7HAY0_taxID_183268_model,A0A9W7HAY0,133,1,ok
A0A9W7HBI0_taxID_183268_model_A,A0A9W7HBI0,129,1,ok
A0A9W7IQQ8_taxID_183268_model_A,A0A9W7IQQ8,156,1,ok
A0A9W7MUS4_taxID_183268_model_A,A0A9W7MUS4,167,1,ok
A0AA35Z755_taxID_75948_model_A,A0AA35Z755,159,1,ok
A0AA36E1F1_taxID_75948_model_A,A0AA36E1F1,161,1,ok
A0AA36E2Q3_taxID_75948_model_A,A0AA36E2Q3,167,1,ok
A0AA38C4G8_taxID_29808_model,A0AA38C4G8,41,1,ok
A0AA38TB77_taxID_347529_model_A,A0AA38TB77,159,1,ok
A0AA38WJC1_taxID_347529_model_A,A0AA38WJC1,164,1,ok
A0AA38ZJU9_taxID_103349_model,A0AA38ZJU9,127,1,ok
A0AA38ZLG5_taxID_103349_model_A,A0AA38ZLG5,168,1,ok
A0AA39ABW5_taxID_103349_model_A,A0AA39ABW5,165,1,ok
A0AA39RRG0_taxID_4024_model_A,A0AA39RRG0,165,1,ok
A0AA41UVG0_taxID_74823_model,A0AA41UVG0,166,1,ok
A0AA41UY65_taxID_74823_model_A,A0AA41UY65,161,1,ok
A0AA41V7W0_taxID_74823_model_A,A0AA41V7W0,148,1,ok
A0AA41VNM2_taxID_74823_model_A,A0AA41VNM2,152,1,ok
A0AA41VVT7_taxID_74823_model,A0AA41VVT7,166,1,ok
A0AA42AU58_taxID_74823_model_A,A0AA42AU58,168,1,ok
A0AA49H8A3_taxID_4068_model_A,A0AA49H8A3,160,1,ok
A0AA86RZU0_taxID_92480_model_A,A0AA86RZU0,168,1,ok
A0AA86V8T9_taxID_92480_model_A,A0AA86V8T9,146,1,ok
A0AA86VG20_taxID_92480_model_A,A0AA86VG20,128,1,ok
A0AA86VS17_taxID_92480_model_A,A0AA86VS17,168,1,ok
A0AA88AE32_taxID_3494_model_A,A0AA88AE32,164,1,ok
A0AA88AEL2_taxID_3494_model_A,A0AA88AEL2,137,1,ok
A0AA88ATJ8_taxID_3494_model_A,A0AA88ATJ8,152,1,ok
A0AA88AXG2_taxID_3494_model_A,A0AA88AXG2,164,1,ok
A0AA88D1Q6_taxID_3494_model_A,A0AA88D1Q6,156,1,ok
A0AA88QE56_taxID_112253_model_A,A0AA88QE56,160,1,ok
A0AA88QHD6_taxID_112253_model_A,A0AA88QHD6,164,1,ok
A0AA88VWZ6_taxID_1293975_model_A,A0AA88VWZ6,164,1,ok
A0AA88WMM6_taxID_1293975_model_A,A0AA88WMM6,164,1,ok
A0AA89AGQ4_taxID_1293975_model_A,A0AA89AGQ4,158,1,ok
A0AAD1YTC7_taxID_56036_model_A,A0AAD1YTC7,156,1,ok
A0AAD1YYP5_taxID_56036_model_A,A0AAD1YYP5,143,1,ok
A0AAD1YZ47_taxID_56036_model_A,A0AAD1YZ47,143,1,ok
A0AAD1Z1H3_taxID_56036_model,A0AAD1Z1H3,143,1,ok
A0AAD1Z3P8_taxID_56036_model_A,A0AAD1Z3P8,124,1,ok
A0AAD1ZQL5_taxID_56036_model,A0AAD1ZQL5,159,1,ok
A0AAD2A9U3_taxID_56036_model_A,A0AAD2A9U3,164,1,ok
A0AAD2AA08_taxID_56036_model_A,A0AAD2AA08,141,1,ok
A0AAD2ABD7_taxID_56036_model,A0AAD2ABD7,133,1,ok
A0AAD2AE30_taxID_56036_model_A,A0AAD2AE30,155,1,ok
A0AAD2AFA4_taxID_56036_model,A0AAD2AFA4,138,1,ok
A0AAD2DM26_taxID_56036_model,A0AAD2DM26,133,1,ok
A0AAD2DMV8_taxID_56036_model_A,A0AAD2DMV8,143,1,ok
A0AAD2EDD1_taxID_56036_model_A,A0AAD2EDD1,157,1,ok
A0AAD4IQ84_taxID_608512_model_A,A0AAD4IQ84,142,1,ok
A0AAD4IQC4_taxID_608512_model_A,A0AAD4IQC4,149,1,ok
A0AAD4IUR5_taxID_608512_model_A,A0AAD4IUR5,159,1,ok
A0AAD4JP50_taxID_608512_model,A0AAD4JP50,152,1,ok
A0AAD4JP52_taxID_608512_model,A0AAD4JP52,148,1,ok
A0AAD4JP69_taxID_608512_model,A0AAD4JP69,138,1,ok
A0AAD4JQU6_taxID_608512_model,A0AAD4JQU6,136,1,ok
A0AAD4NY41_taxID_608512_model,A0AAD4NY41,134,1,ok
A0AAD4P6L0_taxID_608512_model,A0AAD4P6L0,148,1,ok
A0AAD4P7G4_taxID_608512_model,A0AAD4P7G4,101,1,ok
A0AAD4P7X2_taxID_608512_model,A0AAD4P7X2,164,1,ok
A0AAD4PDJ4_taxID_608512_model,A0AAD4PDJ4,138,1,ok
A0AAD4PDX8_taxID_608512_model,A0AAD4PDX8,137,1,ok
A0AAD4RUT1_taxID_357466_model,A0AAD4RUT1,161,1,ok
A0AAD4S1I2_taxID_357466_model_A,A0AAD4S1I2,181,1,ok
A0AAD4S284_taxID_357466_model_A,A0AAD4S284,166,1,ok
A0AAD4S8V4_taxID_357466_model_A,A0AAD4S8V4,144,1,ok
A0AAD4SEM3_taxID_357466_model_A,A0AAD4SEM3,160,1,ok
A0AAD4SG83_taxID_357466_model_A,A0AAD4SG83,170,1,ok
A0AAD4SLC9_taxID_357466_model_A,A0AAD4SLC9,152,1,ok
A0AAD4SLZ7_taxID_357466_model_A,A0AAD4SLZ7,152,1,ok
A0AAD4SQ07_taxID_357466_model,A0AAD4SQ07,162,1,ok
A0AAD4T1W2_taxID_357466_model_A,A0AAD4T1W2,181,1,ok
A0AAD4VUZ6_taxID_3755_model_A,A0AAD4VUZ6,127,1,ok
A0AAD4X8V1_taxID_357466_model_A,A0AAD4X8V1,161,1,ok
A0AAD4X8X7_taxID_357466_model,A0AAD4X8X7,170,1,ok
A0AAD4XM21_taxID_357466_model_A,A0AAD4XM21,182,1,ok
A0AAD4XRV4_taxID_357466_model,A0AAD4XRV4,165,1,ok
A0AAD4ZQD0_taxID_3755_model_A,A0AAD4ZQD0,136,1,ok
A0AAD5CAK5_taxID_4212_model,A0AAD5CAK5,159,1,ok
A0AAD5CIW7_taxID_4212_model,A0AAD5CIW7,167,1,ok
A0AAD5CKI6_taxID_4212_model,A0AAD5CKI6,287,1,ok
A0AAD6K405_taxID_889485_model,A0AAD6K405,162,1,ok
A0AAD6K590_taxID_889485_model_A,A0AAD6K590,143,1,ok
A0AAD6KH97_taxID_889485_model_A,A0AAD6KH97,147,1,ok
A0AAD6KHA9_taxID_889485_model,A0AAD6KHA9,135,1,ok
A0AAD6KJ34_taxID_889485_model_A,A0AAD6KJ34,154,1,ok
A0AAD6Q4K3_taxID_444605_model,A0AAD6Q4K3,141,1,ok
A0AAD6RT00_taxID_444605_model_A,A0AAD6RT00,147,1,ok
A0AAD7M215_taxID_32244_model_A,A0AAD7M215,173,1,ok
A0AAD7P935_taxID_32244_model_A,A0AAD7P935,167,1,ok
A0AAD7P997_taxID_32244_model_A,A0AAD7P997,167,1,ok
A0AAD8GRL6_taxID_360622_model_A,A0AAD8GRL6,131,1,ok
A0AAD8GSQ3_taxID_360622_model_A,A0AAD8GSQ3,131,1,ok
A0AAD8K2A0_taxID_13708_model_A,A0AAD8K2A0,159,1,ok
A0AAD8KND7_taxID_13708_model,A0AAD8KND7,166,1,ok
A0AAD8MJ69_taxID_360622_model_A,A0AAD8MJ69,165,1,ok
A0AAD8MXX1_taxID_360622_model_A,A0AAD8MXX1,133,1,ok
A0AAD8P9N9_taxID_13708_model_A,A0AAD8P9N9,160,1,ok
A0AAD8TMW1_taxID_4521_model_A,A0AAD8TMW1,130,1,ok
A0AAD8TPT5_taxID_4521_model,A0AAD8TPT5,139,1,ok
A0AAD9TYI2_taxID_168575_model_A,A0AAD9TYI2,166,1,ok
A0AAD9ZP93_taxID_43782_model,A0AAD9ZP93,165,1,ok
A0AAE1JNI8_taxID_499986_model_A,A0AAE1JNI8,172,1,ok
A0AAE1JP02_taxID_499986_model_A,A0AAE1JP02,128,1,ok
A0AAE1QTQ8_taxID_243964_model_A,A0AAE1QTQ8,161,1,ok
A0AAE1S085_taxID_243964_model_A,A0AAE1S085,173,1,ok
A0AAE1W5T8_taxID_2727404_model,A0AAE1W5T8,137,1,ok
A0AAE1WRJ5_taxID_2727404_model,A0AAE1WRJ5,134,1,ok
A0AAE1WRU9_taxID_2727404_model,A0AAE1WRU9,134,1,ok
A0AAE1WRW1_taxID_2727404_model_A,A0AAE1WRW1,157,1,ok
A0AAE1XYV3_taxID_300844_model,A0AAE1XYV3,136,1,ok
A0AAE1XZ90_taxID_300844_model,A0AAE1XZ90,137,1,ok
A0AAE1YYH9_taxID_300844_model,A0AAE1YYH9,139,1,ok
A0AAE1YYL3_taxID_300844_model,A0AAE1YYL3,148,1,ok
A0AAE1YZL2_taxID_300844_model_A,A0AAE1YZL2,143,1,ok
A0AAE1Z025_taxID_300844_model,A0AAE1Z025,134,1,ok
A0AAE1Z0Y7_taxID_300844_model,A0AAE1Z0Y7,164,1,ok
A0AAE2BJ14_taxID_2727404_model,A0AAE2BJ14,115,1,ok
A0AAE2BUQ3_taxID_2727404_model,A0AAE2BUQ3,134,1,ok
A0AAE2CFT5_taxID_300844_model,A0AAE2CFT5,138,1,ok
A0AAE2CY97_taxID_300844_model,A0AAE2CY97,132,1,ok
A0AAF0TDD2_taxID_315347_model_A,A0AAF0TDD2,177,1,ok
A0AAF0UC14_taxID_315347_model_A,A0AAF0UC14,160,1,ok
A0AAF0UC23_taxID_315347_model_A,A0AAF0UC23,167,1,ok
A0AAF0WKE1_taxID_79200_model_A,A0AAF0WKE1,165,1,ok
A0AAJ6TLA8_taxID_75702_model_A,A0AAJ6TLA8,153,1,ok
A0AAJ6TPD5_taxID_75702_model_A,A0AAJ6TPD5,147,1,ok
A0AAJ6TT78_taxID_75702_model_A,A0AAJ6TT78,157,1,ok
A0AAJ6X2A6_taxID_75702_model_A,A0AAJ6X2A6,147,1,ok
A0AAJ6Y9V6_taxID_75702_model,A0AAJ6Y9V6,132,1,ok
A0AAN7E990_taxID_3512_model_A,A0AAN7E990,169,1,ok
A0AAN7FGG6_taxID_3512_model_A,A0AAN7FGG6,167,1,ok
A0AAN7I6D0_taxID_3512_model_A,A0AAN7I6D0,158,1,ok
A0AAN7IA05_taxID_3512_model_A,A0AAN7IA05,169,1,ok
A0AAN7JUN2_taxID_236973_model_A,A0AAN7JUN2,156,1,ok
A0AAN7KDK7_taxID_236973_model_A,A0AAN7KDK7,127,1,ok
A0AAN7KGJ9_taxID_22666_model_A,A0AAN7KGJ9,162,1,ok
A0AAN7KT67_taxID_22666_model_A,A0AAN7KT67,162,1,ok
A0AAN7PZX2_taxID_236973_model_A,A0AAN7PZX2,156,1,ok
A0AAN7QDT1_taxID_22666_model_A,A0AAN7QDT1,156,1,ok
A0AAN8T6H5_taxID_147425_model_A,A0AAN8T6H5,165,1,ok
A0AAN8T8Y8_taxID_147425_model_A,A0AAN8T8Y8,164,1,ok
A0AAN8VMB9_taxID_194707_model,A0AAN8VMB9,165,1,ok
A0AAN8VVM5_taxID_194707_model,A0AAN8VVM5,164,1,ok
A0AAN8YM84_taxID_147425_model_A,A0AAN8YM84,177,1,ok
A0AAN8ZA55_taxID_194707_model_A,A0AAN8ZA55,158,1,ok
A0AAN8ZBX9_taxID_194707_model_A,A0AAN8ZBX9,141,1,ok
A0AAN9HSN5_taxID_3830_model_A,A0AAN9HSN5,128,1,ok
A0AAN9IJ24_taxID_3830_model_A,A0AAN9IJ24,168,1,ok
A0AAN9JNX2_taxID_43366_model_A,A0AAN9JNX2,170,1,ok
A0AAN9L9I4_taxID_3886_model_A,A0AAN9L9I4,156,1,ok
A0AAN9L9Z6_taxID_3886_model_A,A0AAN9L9Z6,144,1,ok
A0AAN9NAV6_taxID_3886_model_A,A0AAN9NAV6,170,1,ok
A0AAN9RK18_taxID_3886_model_A,A0AAN9RK18,158,1,ok
A0AAN9SN00_taxID_3891_model_A,A0AAN9SN00,128,1,ok
A0AAN9T2S7_taxID_3891_model_A,A0AAN9T2S7,168,1,ok
A0AAN9T4X3_taxID_3891_model_A,A0AAN9T4X3,145,1,ok
A0AAP0AZN8_taxID_2320716_model_A,A0AAP0AZN8,163,1,ok
A0AAP0BZ22_taxID_2320716_model_A,A0AAP0BZ22,148,1,ok
A0AAP0C5I0_taxID_3103831_model_A,A0AAP0C5I0,160,1,ok
A0AAP0CDX7_taxID_3103831_model_A,A0AAP0CDX7,170,1,ok
A0AAP0I586_taxID_461633_model_A,A0AAP0I586,181,1,ok
A0AAP0ICX1_taxID_152367_model_A,A0AAP0ICX1,182,1,ok
A0AAP0KJ39_taxID_461633_model,A0AAP0KJ39,139,1,ok
A0AAP0N8E7_taxID_63359_model,A0AAP0N8E7,147,1,ok
A0AAP0P8Q6_taxID_152367_model_A,A0AAP0P8Q6,158,1,ok
A0AAP0PMG7_taxID_152371_model_A,A0AAP0PMG7,155,1,ok
A0AAP0PN32_taxID_152371_model_A,A0AAP0PN32,158,1,ok
A0AAP0PTR8_taxID_461633_model_A,A0AAP0PTR8,165,1,ok
A0AAP0QZG8_taxID_2935761_model,A0AAP0QZG8,168,1,ok
A0AAP0R6Z3_taxID_63359_model,A0AAP0R6Z3,127,1,ok
A0AAQ3K6R0_taxID_4628_model_A,A0AAQ3K6R0,179,1,ok
A0AAQ3KAM4_taxID_4628_model_A,A0AAQ3KAM4,177,1,ok
A0AAQ3L442_taxID_4628_model_A,A0AAQ3L442,147,1,ok
A0AAQ3MLN9_taxID_3915_model_A,A0AAQ3MLN9,154,1,ok
A0AAQ3QB23_taxID_4628_model_A,A0AAQ3QB23,166,1,ok
A0AAQ3QN42_taxID_4628_model_A,A0AAQ3QN42,142,1,ok
A0AAQ3QRJ2_taxID_4628_model_A,A0AAQ3QRJ2,164,1,ok
A0AAQ3RI32_taxID_3915_model_A,A0AAQ3RI32,128,1,ok
A0AAQ3RJ02_taxID_3915_model_A,A0AAQ3RJ02,128,1,ok
A0AAQ3T7W2_taxID_547442_model_A,A0AAQ3T7W2,174,1,ok
A0AAQ3U8A2_taxID_547442_model_A,A0AAQ3U8A2,133,1,ok
A0AAU9LQV9_taxID_75947_model,A0AAU9LQV9,166,1,ok
A0AAU9MCZ0_taxID_75947_model_A,A0AAU9MCZ0,159,1,ok
A0AAU9NMM9_taxID_75947_model,A0AAU9NMM9,167,1,ok
A0AAV0D8C6_taxID_186058_model,A0AAV0D8C6,158,1,ok
A0AAV0DC65_taxID_186058_model_A,A0AAV0DC65,137,1,ok
A0AAV0DDY2_taxID_186058_model_A,A0AAV0DDY2,157,1,ok
A0AAV0EUW0_taxID_186058_model_A,A0AAV0EUW0,157,1,ok
A0AAV0F653_taxID_186058_model_A,A0AAV0F653,161,1,ok
A0AAV0F674_taxID_186058_model,A0AAV0F674,158,1,ok
A0AAV0KGU5_taxID_586396_model_A,A0AAV0KGU5,159,1,ok
A0AAV0KID9_taxID_586396_model_A,A0AAV0KID9,169,1,ok
A0AAV0KIE9_taxID_586396_model_A,A0AAV0KIE9,163,1,ok
A0AAV0KIG3_taxID_586396_model_A,A0AAV0KIG3,167,1,ok
A0AAV0KJ21_taxID_586396_model_A,A0AAV0KJ21,158,1,ok
A0AAV0KJ97_taxID_586396_model_A,A0AAV0KJ97,167,1,ok
A0AAV0KKR9_taxID_586396_model_A,A0AAV0KKR9,156,1,ok
A0AAV0KKU9_taxID_586396_model_A,A0AAV0KKU9,167,1,ok
A0AAV0KL44_taxID_586396_model_A,A0AAV0KL44,167,1,ok
A0AAV0KL84_taxID_586396_model_A,A0AAV0KL84,167,1,ok
A0AAV0KL96_taxID_586396_model_A,A0AAV0KL96,162,1,ok
A0AAV0LWL0_taxID_586396_model_A,A0AAV0LWL0,167,1,ok
A0AAV0PBF5_taxID_586396_model_A,A0AAV0PBF5,163,1,ok
A0AAV0PCN1_taxID_586396_model_A,A0AAV0PCN1,171,1,ok
A0AAV0PD83_taxID_586396_model_A,A0AAV0PD83,159,1,ok
A0AAV0PDA9_taxID_586396_model_A,A0AAV0PDA9,129,1,ok
A0AAV0PDB0_taxID_586396_model_A,A0AAV0PDB0,127,1,ok
A0AAV0PDF8_taxID_586396_model_A,A0AAV0PDF8,129,1,ok
A0AAV0YYA1_taxID_3906_model_A,A0AAV0YYA1,176,1,ok
A0AAV0YYV2_taxID_3906_model_A,A0AAV0YYV2,176,1,ok
A0AAV0YZF1_taxID_3906_model_A,A0AAV0YZF1,175,1,ok
A0AAV0YZZ9_taxID_3906_model_A,A0AAV0YZZ9,129,1,ok
A0AAV0Z014_taxID_3906_model_A,A0AAV0Z014,176,1,ok
A0AAV0Z1G0_taxID_3906_model_A,A0AAV0Z1G0,129,1,ok
A0AAV0Z2H5_taxID_3906_model_A,A0AAV0Z2H5,142,1,ok
A0AAV0Z3C4_taxID_3906_model_A,A0AAV0Z3C4,130,1,ok
A0AAV1ATB2_taxID_3906_model_A,A0AAV1ATB2,149,1,ok
A0AAV1AVH4_taxID_3906_model_A,A0AAV1AVH4,149,1,ok
A0AAV1BW14_taxID_529605_model_A,A0AAV1BW14,167,1,ok
A0AAV1BW24_taxID_529605_model,A0AAV1BW24,167,1,ok
A0AAV1C080_taxID_529605_model_A,A0AAV1C080,172,1,ok
A0AAV1DR03_taxID_529605_model,A0AAV1DR03,158,1,ok
A0AAV1SH10_taxID_77055_model,A0AAV1SH10,163,1,ok
A0AAV1SIL4_taxID_77055_model,A0AAV1SIL4,126,1,ok
A0AAV1SJN9_taxID_77055_model,A0AAV1SJN9,163,1,ok
A0AAV1SKZ2_taxID_77055_model_A,A0AAV1SKZ2,130,1,ok
A0AAV1WJ01_taxID_3873_model_A,A0AAV1WJ01,127,1,ok
A0AAV1WJ15_taxID_3873_model_A,A0AAV1WJ15,153,1,ok
A0AAV1WJ25_taxID_3873_model_A,A0AAV1WJ25,156,1,ok
A0AAV1WJ98_taxID_3873_model_A,A0AAV1WJ98,157,1,ok
A0AAV1WK02_taxID_3873_model_A,A0AAV1WK02,127,1,ok
A0AAV2CCA7_taxID_586398_model_A,A0AAV2CCA7,171,1,ok
A0AAV2EGR3_taxID_586398_model_A,A0AAV2EGR3,168,1,ok
A0AAV2FI49_taxID_586398_model_A,A0AAV2FI49,128,1,ok
A0AAV2FI73_taxID_586398_model_A,A0AAV2FI73,128,1,ok
A0AAV3Q0Z4_taxID_34254_model_A,A0AAV3Q0Z4,155,1,ok
A0AAV3RBK1_taxID_34254_model_A,A0AAV3RBK1,164,1,ok
A0AAV5C3U7_taxID_191504_model_A,A0AAV5C3U7,160,1,ok
A0AAV5C4W7_taxID_191504_model_A,A0AAV5C4W7,126,1,ok
A0AAV5D8P6_taxID_191504_model_A,A0AAV5D8P6,126,1,ok
A0AAV5EZW6_taxID_191504_model_A,A0AAV5EZW6,126,1,ok
A0AAV5IQU0_taxID_152421_model,A0AAV5IQU0,148,1,ok
A0AAV6LBJ8_taxID_479676_model_A,A0AAV6LBJ8,168,1,ok
A0AAV6M075_taxID_37648_model,A0AAV6M075,127,1,ok
A0AAV6MNP7_taxID_37648_model_A,A0AAV6MNP7,154,1,ok
A0AAV6W4D0_taxID_168488_model,A0AAV6W4D0,138,1,ok
A0AAV6W7X4_taxID_168488_model_A,A0AAV6W7X4,141,1,ok
A0AAV6W8L2_taxID_168488_model_A,A0AAV6W8L2,155,1,ok
A0AAV6X330_taxID_168488_model,A0AAV6X330,167,1,ok
A0AAV6XAP9_taxID_168488_model,A0AAV6XAP9,172,1,ok
A0AAV6XU46_taxID_168488_model,A0AAV6XU46,149,1,ok
A0AAV6XVW6_taxID_168488_model,A0AAV6XVW6,126,1,ok
A0AAV6XZU2_taxID_168488_model_A,A0AAV6XZU2,167,1,ok
A0AAV6Y1F0_taxID_168488_model,A0AAV6Y1F0,137,1,ok
A0AAV6Y2K4_taxID_168488_model,A0AAV6Y2K4,139,1,ok
A0AAV7E4W5_taxID_158543_model_A,A0AAV7E4W5,128,1,ok
A0AAV7EML1_taxID_158543_model_A,A0AAV7EML1,169,1,ok
A0AAV7ER32_taxID_158543_model_A,A0AAV7ER32,181,1,ok
A0AAV7F0A6_taxID_158543_model_A,A0AAV7F0A6,170,1,ok
A0AAV7G994_taxID_161865_model_A,A0AAV7G994,164,1,ok
A0AAV7GC29_taxID_161865_model_A,A0AAV7GC29,155,1,ok
A0AAV7GE37_taxID_161865_model_A,A0AAV7GE37,125,1,ok
A0AAV8P7P5_taxID_4639_model_A,A0AAV8P7P5,149,1,ok
A0AAV8Q501_taxID_4639_model_A,A0AAV8Q501,169,1,ok
A0AAV8QBQ6_taxID_4639_model_A,A0AAV8QBQ6,149,1,ok
A0AAV8QF87_taxID_4639_model_A,A0AAV8QF87,169,1,ok
A0AAV8QV23_taxID_4639_model_A,A0AAV8QV23,181,1,ok
A0AAV8REC8_taxID_4639_model_A,A0AAV8REC8,161,1,ok
A0AAV8T166_taxID_1862640_model_A,A0AAV8T166,158,1,ok
A0AAV8T4D0_taxID_1862640_model_A,A0AAV8T4D0,169,1,ok
A0AAV8T5G7_taxID_1862640_model_A,A0AAV8T5G7,170,1,ok
A0AAV9BVQ4_taxID_55184_model_A,A0AAV9BVQ4,167,1,ok
A0AAV9BXJ3_taxID_55184_model_A,A0AAV9BXJ3,166,1,ok
A0AAV9DQ84_taxID_4465_model,A0AAV9DQ84,140,1,ok
A0AAV9DSD6_taxID_4465_model_A,A0AAV9DSD6,167,1,ok
A0AAV9DSK6_taxID_4465_model_A,A0AAV9DSK6,166,1,ok
A0AAV9FM47_taxID_4465_model_A,A0AAV9FM47,165,1,ok
A0AAV9FMH7_taxID_4465_model_A,A0AAV9FMH7,167,1,ok
A0AAV9K000_taxID_50273_model_A,A0AAV9K000,164,1,ok
A0AAV9KF22_taxID_50273_model_A,A0AAV9KF22,176,1,ok
A0AAV9LQQ6_taxID_50273_model_A,A0AAV9LQQ6,165,1,ok
A0AAV9LRL5_taxID_50273_model_A,A0AAV9LRL5,165,1,ok
A0AAV9LUM7_taxID_50273_model_A,A0AAV9LUM7,145,1,ok
A0AAW0KIT8_taxID_58331_model_A,A0AAW0KIT8,167,1,ok
A0AAW1KAG8_taxID_3572_model_A,A0AAW1KAG8,134,1,ok
A0AAW1NAD2_taxID_3572_model_A,A0AAW1NAD2,158,1,ok
A0AAW1XHD6_taxID_59490_model_A,A0AAW1XHD6,135,1,ok
A0AAW1XIG5_taxID_59490_model_A,A0AAW1XIG5,170,1,ok
A0AAW1XJ06_taxID_59490_model_A,A0AAW1XJ06,171,1,ok
A0AAW2BX62_taxID_425828_model_A,A0AAW2BX62,167,1,ok
A0AAW2K2Z4_taxID_300843_model,A0AAW2K2Z4,138,1,ok
A0AAW2K3I5_taxID_300843_model,A0AAW2K3I5,136,1,ok
A0AAW2K4S6_taxID_300843_model_A,A0AAW2K4S6,156,1,ok
A0AAW2KI31_taxID_300843_model,A0AAW2KI31,132,1,ok
A0AAW2KIA4_taxID_300843_model,A0AAW2KIA4,134,1,ok
A0AAW2KIN2_taxID_300843_model,A0AAW2KIN2,147,1,ok
A0AAW2KWH3_taxID_2727405_model_A,A0AAW2KWH3,156,1,ok
A0AAW2KWT0_taxID_2727405_model,A0AAW2KWT0,133,1,ok
A0AAW2KYY0_taxID_2727405_model,A0AAW2KYY0,136,1,ok
A0AAW2LMW0_taxID_300843_model,A0AAW2LMW0,137,1,ok
A0AAW2LMY5_taxID_300843_model,A0AAW2LMY5,138,1,ok
A0AAW2LQ47_taxID_300843_model,A0AAW2LQ47,157,1,ok
A0AAW2MD49_taxID_2727403_model,A0AAW2MD49,140,1,ok
A0AAW2MDW8_taxID_2727403_model,A0AAW2MDW8,138,1,ok
A0AAW2PAR5_taxID_2727405_model,A0AAW2PAR5,164,1,ok
A0AAW2PCP3_taxID_2727405_model,A0AAW2PCP3,134,1,ok
A0AAW2PDI7_taxID_2727405_model,A0AAW2PDI7,132,1,ok
A0AAW2Q464_taxID_2727403_model,A0AAW2Q464,146,1,ok
A0AAW2Q483_taxID_2727403_model,A0AAW2Q483,134,1,ok
A0AAW2Q488_taxID_2727403_model,A0AAW2Q488,138,1,ok
A0AAW2Q4N2_taxID_2727403_model,A0AAW2Q4N2,134,1,ok
A0AAW2Q6H6_taxID_2727403_model_A,A0AAW2Q6H6,164,1,ok
A0AAW2T4T7_taxID_300843_model,A0AAW2T4T7,135,1,ok
A0AAW2T5C5_taxID_300843_model,A0AAW2T5C5,138,1,ok
A0AAW2TNR2_taxID_2727402_model,A0AAW2TNR2,156,1,ok
A0AAW2TP12_taxID_2727402_model,A0AAW2TP12,137,1,ok
A0AAW2TPU7_taxID_2727402_model,A0AAW2TPU7,138,1,ok
A0AAW2TQ19_taxID_2727402_model_A,A0AAW2TQ19,155,1,ok
A0AAW2WUC3_taxID_2727402_model,A0AAW2WUC3,135,1,ok
A0AB32V1Y7_taxID_3641_model_A,A0AB32V1Y7,135,1,ok
A0AB32VJG4_taxID_3641_model_A,A0AB32VJG4,163,1,ok
A0AB32WH89_taxID_3641_model_A,A0AB32WH89,135,1,ok
A0AB32WIV2_taxID_3641_model_A,A0AB32WIV2,135,1,ok
A0AB32WLL1_taxID_3641_model_A,A0AB32WLL1,166,1,ok
A0AB40AJ23_taxID_55577_model_A,A0AB40AJ23,152,1,ok
A0AB40AKY1_taxID_55577_model,A0AB40AKY1,133,1,ok
A0AB40BNR7_taxID_55577_model,A0AB40BNR7,155,1,ok
A0AB40CL24_taxID_55577_model_A,A0AB40CL24,164,1,ok
A0ABC8RIY8_taxID_185542_model_A,A0ABC8RIY8,156,1,ok
A0ABC8RJ10_taxID_185542_model_A,A0ABC8RJ10,163,1,ok
A0ABC8RN46_taxID_185542_model_A,A0ABC8RN46,158,1,ok
A0ABC8RNA3_taxID_185542_model_A,A0ABC8RNA3,158,1,ok
A0ABC8S4A7_taxID_185542_model_A,A0ABC8S4A7,156,1,ok
A0ABC8S4N4_taxID_185542_model_A,A0ABC8S4N4,153,1,ok
A0ABC8STR4_taxID_185542_model_A,A0ABC8STR4,156,1,ok
A0ABC8T3G4_taxID_185542_model,A0ABC8T3G4,169,1,ok
A0ABC8TDF6_taxID_185542_model,A0ABC8TDF6,169,1,ok
A0ABC9AMU1_taxID_240449_model_A,A0ABC9AMU1,130,1,ok
A0ABC9C6A2_taxID_240449_model_A,A0ABC9C6A2,132,1,ok
A0ABC9CSN2_taxID_240449_model_A,A0ABC9CSN2,132,1,ok
A0ABC9D1I0_taxID_240449_model_A,A0ABC9D1I0,132,1,ok
A0ABC9D2C6_taxID_240449_model_A,A0ABC9D2C6,135,1,ok
A0ABC9F744_taxID_240449_model_A,A0ABC9F744,132,1,ok
A0ABD0UGX9_taxID_117978_model_A,A0ABD0UGX9,164,1,ok
A0ABD0UHC1_taxID_117978_model_A,A0ABD0UHC1,164,1,ok
A0ABD0V4F5_taxID_117978_model_A,A0ABD0V4F5,125,1,ok
A0ABD1G0P1_taxID_28513_model,A0ABD1G0P1,134,1,ok
A0ABD1G131_taxID_28513_model_A,A0ABD1G131,140,1,ok
A0ABD1G2M5_taxID_28513_model,A0ABD1G2M5,134,1,ok
A0ABD1G2N0_taxID_28513_model_A,A0ABD1G2N0,139,1,ok
A0ABD1G2N7_taxID_28513_model,A0ABD1G2N7,134,1,ok
A0ABD1G2P4_taxID_28513_model,A0ABD1G2P4,134,1,ok
A0ABD1G2Q8_taxID_28513_model,A0ABD1G2Q8,134,1,ok
A0ABD1G2W5_taxID_28513_model_A,A0ABD1G2W5,158,1,ok
A0ABD1G2X1_taxID_28513_model_A,A0ABD1G2X1,161,1,ok
A0ABD1G3C2_taxID_28513_model,A0ABD1G3C2,134,1,ok
A0ABD1G5Q0_taxID_28513_model,A0ABD1G5Q0,134,1,ok
A0ABD1G5U5_taxID_28513_model_A,A0ABD1G5U5,143,1,ok
A0ABD1IJ41_taxID_28513_model,A0ABD1IJ41,137,1,ok
A0ABD1N1E8_taxID_520843_model_A,A0ABD1N1E8,168,1,ok
A0ABD1N226_taxID_520843_model_A,A0ABD1N226,168,1,ok
A0ABD1PTN2_taxID_126358_model_A,A0ABD1PTN2,157,1,ok
A0ABD1QIQ6_taxID_126358_model,A0ABD1QIQ6,152,1,ok
A0ABD1QJW8_taxID_126358_model,A0ABD1QJW8,138,1,ok
A0ABD1QJX0_taxID_126358_model,A0ABD1QJX0,133,1,ok
A0ABD1QJZ0_taxID_126358_model,A0ABD1QJZ0,133,1,ok
A0ABD1QK05_taxID_126358_model_A,A0ABD1QK05,156,1,ok
A0ABD1QKA2_taxID_126358_model_A,A0ABD1QKA2,155,1,ok
A0ABD1QKB9_taxID_126358_model_A,A0ABD1QKB9,164,1,ok
A0ABD1QKF7_taxID_126358_model_A,A0ABD1QKF7,155,1,ok
A0ABD1QL93_taxID_126358_model,A0ABD1QL93,133,1,ok
A0ABD1QNH4_taxID_126358_model,A0ABD1QNH4,138,1,ok
A0ABD1QNK1_taxID_126358_model,A0ABD1QNK1,139,1,ok
A0ABD1QNK3_taxID_126358_model,A0ABD1QNK3,133,1,ok
A0ABD1QTF1_taxID_205694_model,A0ABD1QTF1,146,1,ok
A0ABD1R520_taxID_205694_model_A,A0ABD1R520,157,1,ok
A0ABD1R5X5_taxID_205694_model_A,A0ABD1R5X5,157,1,ok
A0ABD1REJ5_taxID_126358_model_A,A0ABD1REJ5,143,1,ok
A0ABD1S2W4_taxID_205694_model,A0ABD1S2W4,164,1,ok
A0ABD1S3P3_taxID_205694_model,A0ABD1S3P3,164,1,ok
A0ABD1S784_taxID_205694_model,A0ABD1S784,133,1,ok
A0ABD1S7A8_taxID_205694_model,A0ABD1S7A8,138,1,ok
A0ABD1S7B8_taxID_205694_model_A,A0ABD1S7B8,142,1,ok
A0ABD1S7F9_taxID_205694_model,A0ABD1S7F9,133,1,ok
A0ABD1S869_taxID_205694_model_A,A0ABD1S869,153,1,ok
A0ABD1S8R6_taxID_205694_model,A0ABD1S8R6,136,1,ok
A0ABD1SA41_taxID_205694_model,A0ABD1SA41,133,1,ok
A0ABD1UM57_taxID_126358_model,A0ABD1UM57,145,1,ok
A0ABD1UMA1_taxID_126358_model,A0ABD1UMA1,124,1,ok
A0ABD1UNE4_taxID_126358_model_A,A0ABD1UNE4,128,1,ok
A0ABD1WH58_taxID_205694_model,A0ABD1WH58,143,1,ok
A0ABD1WH85_taxID_205694_model,A0ABD1WH85,145,1,ok
A0ABD1WHI7_taxID_205694_model,A0ABD1WHI7,142,1,ok
A0ABD1WHW1_taxID_205694_model_A,A0ABD1WHW1,124,1,ok
A0ABD1WKW7_taxID_205694_model_A,A0ABD1WKW7,142,1,ok
A0ABD2RGW4_taxID_62892_model_A,A0ABD2RGW4,162,1,ok
A0ABD2V818_taxID_62892_model_A,A0ABD2V818,177,1,ok
A0ABD2YAZ4_taxID_153742_model_A,A0ABD2YAZ4,156,1,ok
A0ABD2YPG3_taxID_153742_model,A0ABD2YPG3,147,1,ok
A0ABD2YPK6_taxID_153742_model_A,A0ABD2YPK6,156,1,ok
A0ABD2YQ77_taxID_153742_model,A0ABD2YQ77,148,1,ok
A0ABD2YRV5_taxID_153742_model,A0ABD2YRV5,147,1,ok
A0ABD2YS32_taxID_153742_model,A0ABD2YS32,129,1,ok
A0ABD2ZJR8_taxID_153742_model_A,A0ABD2ZJR8,164,1,ok
A0ABD3B960_taxID_1961234_model,A0ABD3B960,146,1,ok
A0ABD3CPL3_taxID_1961234_model,A0ABD3CPL3,138,1,ok
A0ABD3CQK5_taxID_1961234_model,A0ABD3CQK5,138,1,ok
A0ABD3CS12_taxID_1961234_model_A,A0ABD3CS12,154,1,ok
A0ABD3DM87_taxID_1961234_model,A0ABD3DM87,167,1,ok
A0ABD3DZ56_taxID_1961234_model_A,A0ABD3DZ56,150,1,ok
A0ABD3E9R6_taxID_1961234_model,A0ABD3E9R6,138,1,ok
A0ABD3KR64_taxID_34317_model_A,A0ABD3KR64,127,1,ok
A0ABD3S801_taxID_265156_model,A0ABD3S801,162,1,ok
A0ABD3S9X0_taxID_265156_model,A0ABD3S9X0,138,1,ok
A0ABD3SA37_taxID_265156_model_A,A0ABD3SA37,141,1,ok
A0ABD3SAE6_taxID_265156_model,A0ABD3SAE6,141,1,ok
A0ABD3SAF9_taxID_265156_model_A,A0ABD3SAF9,155,1,ok
A0ABD3UI54_taxID_265156_model,A0ABD3UI54,131,1,ok
A0ABM0NHT7_taxID_102107_model_A,A0ABM0NHT7,168,1,ok
A0ABM0NHT8_taxID_102107_model_A,A0ABM0NHT8,155,1,ok
A0ABM0NHT9_taxID_102107_model_A,A0ABM0NHT9,132,1,ok
A0ABM0NHU1_taxID_102107_model_A,A0ABM0NHU1,145,1,ok
A0ABM0NHU2_taxID_102107_model_A,A0ABM0NHU2,158,1,ok
A0ABM0PAN0_taxID_102107_model_A,A0ABM0PAN0,134,1,ok
A0ABM1G0K4_taxID_28526_model_A,A0ABM1G0K4,180,1,ok
A0ABM1HEZ2_taxID_28526_model_A,A0ABM1HEZ2,163,1,ok
A0ABM1HFP9_taxID_28526_model_A,A0ABM1HFP9,161,1,ok
A0ABM1HFQ0_taxID_28526_model_A,A0ABM1HFQ0,161,1,ok
A0ABM2BFA3_taxID_3635_model_A,A0ABM2BFA3,129,1,ok
A0ABM2BFF6_taxID_3635_model_A,A0ABM2BFF6,157,1,ok
A0ABM2BG05_taxID_3635_model_A,A0ABM2BG05,129,1,ok
A0ABM2Z6Z4_taxID_3635_model_A,A0ABM2Z6Z4,155,1,ok
A0ABM3BZA6_taxID_3635_model_A,A0ABM3BZA6,128,1,ok
A0ABM3IXC8_taxID_326968_model_A,A0ABM3IXC8,156,1,ok
A0ABM4UF46_taxID_13443_model_A,A0ABM4UF46,130,1,ok
A0ABM4WM52_taxID_13443_model_A,A0ABM4WM52,151,1,ok
A0ABP0Z3S1_taxID_252529_model_A,A0ABP0Z3S1,157,1,ok
A0ABQ7U7N3_taxID_4113_model_A,A0ABQ7U7N3,160,1,ok
A0ABQ7VPZ5_taxID_4113_model_A,A0ABQ7VPZ5,176,1,ok
A0ABQ9KH86_taxID_3981_model,A0ABQ9KH86,131,1,ok
A0ABQ9LLP2_taxID_3981_model,A0ABQ9LLP2,126,1,ok
A0ABQ9LNS4_taxID_3981_model,A0ABQ9LNS4,168,1,ok
A0ABR0D5Q5_taxID_160366_model,A0ABR0D5Q5,138,1,ok
A0ABR0D5S0_taxID_160366_model,A0ABR0D5S0,126,1,ok
A0ABR0D5S4_taxID_160366_model,A0ABR0D5S4,139,1,ok
A0ABR0D5T0_taxID_160366_model,A0ABR0D5T0,126,1,ok
A0ABR0D5U2_taxID_160366_model,A0ABR0D5U2,137,1,ok
A0ABR0D5V8_taxID_160366_model_A,A0ABR0D5V8,155,1,ok
A0ABR0D6F7_taxID_160366_model,A0ABR0D6F7,135,1,ok
A0ABR0D6R5_taxID_160366_model_A,A0ABR0D6R5,141,1,ok
A0ABR0D716_taxID_160366_model,A0ABR0D716,137,1,ok
A0ABR0D729_taxID_160366_model,A0ABR0D729,139,1,ok
A0ABR0D7K4_taxID_160366_model,A0ABR0D7K4,148,1,ok
A0ABR0DD62_taxID_160366_model,A0ABR0DD62,142,1,ok
A0ABR0DD87_taxID_160366_model,A0ABR0DD87,139,1,ok
A0ABR0DDY3_taxID_160366_model,A0ABR0DDY3,139,1,ok
A0ABR0DDZ8_taxID_160366_model,A0ABR0DDZ8,138,1,ok
A0ABR0DEK1_taxID_160366_model,A0ABR0DEK1,139,1,ok
A0ABR0NPN6_taxID_29729_model,A0ABR0NPN6,165,1,ok
A0ABR0PMZ1_taxID_29729_model_A,A0ABR0PMZ1,129,1,ok
A0ABR0PN04_taxID_29729_model_A,A0ABR0PN04,165,1,ok
A0ABR0PRA6_taxID_29729_model_A,A0ABR0PRA6,153,1,ok
A0ABR0QG22_taxID_29729_model_A,A0ABR0QG22,158,1,ok
A0ABR0VAR3_taxID_99300_model_A,A0ABR0VAR3,157,1,ok
A0ABR0VCD9_taxID_99300_model_A,A0ABR0VCD9,134,1,ok
A0ABR0VDD6_taxID_99300_model_A,A0ABR0VDD6,157,1,ok
A0ABR0VEP2_taxID_99300_model,A0ABR0VEP2,138,1,ok
A0ABR0X6S9_taxID_99300_model,A0ABR0X6S9,126,1,ok
A0ABR0XE67_taxID_99300_model_A,A0ABR0XE67,153,1,ok
A0ABR0XE71_taxID_99300_model,A0ABR0XE71,147,1,ok
A0ABR0XEB1_taxID_99300_model_A,A0ABR0XEB1,143,1,ok
A0ABR0XER5_taxID_99300_model,A0ABR0XER5,240,1,ok
A0ABR1ZTK2_taxID_183260_model_A,A0ABR1ZTK2,168,1,ok
A0ABR2A8A9_taxID_183260_model_A,A0ABR2A8A9,157,1,ok
A0ABR2ALX2_taxID_183260_model_A,A0ABR2ALX2,144,1,ok
A0ABR2BPU0_taxID_183260_model_A,A0ABR2BPU0,165,1,ok
A0ABR2BQ36_taxID_183260_model_A,A0ABR2BQ36,155,1,ok
A0ABR2C3L8_taxID_183260_model_A,A0ABR2C3L8,164,1,ok
A0ABR2C3M0_taxID_183260_model_A,A0ABR2C3M0,136,1,ok
A0ABR2C3M9_taxID_183260_model_A,A0ABR2C3M9,136,1,ok
A0ABR2C3Q6_taxID_183260_model_A,A0ABR2C3Q6,137,1,ok
A0ABR2C3R3_taxID_183260_model_A,A0ABR2C3R3,130,1,ok
A0ABR2ELU3_taxID_183260_model_A,A0ABR2ELU3,159,1,ok
A0ABR2F7P9_taxID_183260_model_A,A0ABR2F7P9,167,1,ok
A0ABR2FCK0_taxID_183260_model_A,A0ABR2FCK0,168,1,ok
A0ABR2MPP7_taxID_2320717_model_A,A0ABR2MPP7,150,1,ok
A0ABR2N542_taxID_2320717_model_A,A0ABR2N542,131,1,ok
A0ABR2NDC0_taxID_183260_model_A,A0ABR2NDC0,136,1,ok
A0ABR2NDC2_taxID_183260_model_A,A0ABR2NDC2,129,1,ok
A0ABR2NDC4_taxID_183260_model_A,A0ABR2NDC4,136,1,ok
A0ABR2NDD0_taxID_183260_model_A,A0ABR2NDD0,136,1,ok
A0ABR2NDI8_taxID_183260_model_A,A0ABR2NDI8,136,1,ok
A0ABR2NKN6_taxID_183260_model_A,A0ABR2NKN6,167,1,ok
A0ABR2R3S8_taxID_183260_model_A,A0ABR2R3S8,159,1,ok
A0ABR2RMZ9_taxID_183260_model_A,A0ABR2RMZ9,136,1,ok
A0ABR2RNA1_taxID_183260_model_A,A0ABR2RNA1,164,1,ok
A0ABR2RNL3_taxID_183260_model_A,A0ABR2RNL3,129,1,ok
A0ABR2RNV6_taxID_183260_model_A,A0ABR2RNV6,166,1,ok
A0ABR2RQU3_taxID_183260_model_A,A0ABR2RQU3,144,1,ok
A0ABR2S5K8_taxID_183260_model_A,A0ABR2S5K8,155,1,ok
A0ABR2S5R8_taxID_183260_model_A,A0ABR2S5R8,154,1,ok
A0ABR2SNW7_taxID_183260_model_A,A0ABR2SNW7,157,1,ok
A0ABS8RU68_taxID_4076_model,A0ABS8RU68,165,1,ok
A0ABS8VLK7_taxID_4076_model_A,A0ABS8VLK7,172,1,ok
A0ABU6RUJ9_taxID_79078_model_A,A0ABU6RUJ9,157,1,ok
A0ABU6S3H3_taxID_79078_model_A,A0ABU6S3H3,156,1,ok
A0ABU6S3R9_taxID_79078_model_A,A0ABU6S3R9,147,1,ok
A0ABU6SE88_taxID_79078_model,A0ABU6SE88,147,1,ok
A0ABU6SHH7_taxID_79078_model_A,A0ABU6SHH7,155,1,ok
A0ABU6TQ45_taxID_79078_model_A,A0ABU6TQ45,152,1,ok
A0ABU6U6J8_taxID_79078_model,A0ABU6U6J8,159,1,ok
A0ABU6V8F0_taxID_79078_model_A,A0ABU6V8F0,155,1,ok
A0ABU6YLY4_taxID_79078_model_A,A0ABU6YLY4,147,1,ok
A0ABU6YV63_taxID_79078_model_A,A0ABU6YV63,154,1,ok
A0ABU6ZR61_taxID_79078_model_A,A0ABU6ZR61,159,1,ok
A0ABY9BLX9_taxID_29760_model_A,A0ABY9BLX9,177,1,ok
A0ABY9CMC3_taxID_29760_model_A,A0ABY9CMC3,134,1,ok
A0ABY9CMT7_taxID_29760_model_A,A0ABY9CMT7,167,1,ok
A0AC41YFA1_taxID_326968_model_A,A0AC41YFA1,156,1,ok
A0AC58TLK9_taxID_4097_model_A,A0AC58TLK9,159,1,ok
A0ACB0J7N9_taxID_57577_model_A,A0ACB0J7N9,147,1,ok
A0ACB0JXW5_taxID_57577_model_A,A0ACB0JXW5,128,1,ok
A0ACB0KQP9_taxID_57577_model_A,A0ACB0KQP9,160,1,ok
A0ACB0KWA4_taxID_57577_model_A,A0ACB0KWA4,147,1,ok
A0ACB7TUN8_taxID_55571_model,A0ACB7TUN8,142,1,ok
A0ACB7TVJ3_taxID_55571_model_A,A0ACB7TVJ3,149,1,ok
A0ACB7TVM3_taxID_55571_model,A0ACB7TVM3,133,1,ok
A0ACB7UNM0_taxID_55571_model_A,A0ACB7UNM0,164,1,ok
A0ACB7VRA3_taxID_55571_model,A0ACB7VRA3,137,1,ok
A0ACB7VRS0_taxID_55571_model,A0ACB7VRS0,141,1,ok
A0ACB7VRZ0_taxID_55571_model,A0ACB7VRZ0,140,1,ok
A0ACB7VS42_taxID_55571_model,A0ACB7VS42,142,1,ok
A0ACB7X7I8_taxID_229202_model_A,A0ACB7X7I8,168,1,ok
A0ACB7XEH0_taxID_229202_model_A,A0ACB7XEH0,169,1,ok
A0ACB7YUF3_taxID_229202_model_A,A0ACB7YUF3,157,1,ok
A0ACB8NFF0_taxID_2711_model_A,A0ACB8NFF0,157,1,ok
A0ACB8ZYK7_taxID_4217_model_A,A0ACB8ZYK7,159,1,ok
A0ACB8ZZ10_taxID_4217_model_A,A0ACB8ZZ10,159,1,ok
A0ACB9B610_taxID_4217_model_A,A0ACB9B610,161,1,ok
A0ACB9B924_taxID_4217_model_A,A0ACB9B924,164,1,ok
A0ACB9DFT0_taxID_185202_model_A,A0ACB9DFT0,166,1,ok
A0ACB9F2E9_taxID_13427_model_A,A0ACB9F2E9,165,1,ok
A0ACB9F2Z1_taxID_13427_model,A0ACB9F2Z1,166,1,ok
A0ACB9I797_taxID_185202_model_A,A0ACB9I797,159,1,ok
A0ACB9KHK2_taxID_167791_model_A,A0ACB9KHK2,151,1,ok
A0ACB9KHK9_taxID_167791_model_A,A0ACB9KHK9,151,1,ok
A0ACB9KHN3_taxID_167791_model_A,A0ACB9KHN3,170,1,ok
A0ACB9KQ01_taxID_167791_model_A,A0ACB9KQ01,151,1,ok
A0ACB9P225_taxID_119954_model_A,A0ACB9P225,126,1,ok
A0ACB9R5F0_taxID_119954_model_A,A0ACB9R5F0,174,1,ok
A0ACB9R753_taxID_119954_model_A,A0ACB9R753,171,1,ok
A0ACC0AC67_taxID_4058_model_A,A0ACC0AC67,168,1,ok
A0ACC0GG18_taxID_1840588_model_A,A0ACC0GG18,152,1,ok
A0ACC0GM13_taxID_1840588_model_A,A0ACC0GM13,154,1,ok
A0ACC0LAU0_taxID_49168_model_A,A0ACC0LAU0,167,1,ok
A0ACC0PR38_taxID_49168_model_A,A0ACC0PR38,168,1,ok
A0ACC0TNQ4_taxID_3694_model_A,A0ACC0TNQ4,154,1,ok
A0ACC0TNS4_taxID_3694_model_A,A0ACC0TNS4,147,1,ok
A0ACC0TNT1_taxID_3694_model_A,A0ACC0TNT1,157,1,ok
A0ACC0TNW6_taxID_3694_model_A,A0ACC0TNW6,147,1,ok
A0ACC0TP89_taxID_3694_model_A,A0ACC0TP89,147,1,ok
A0ACC0TPJ8_taxID_3694_model_A,A0ACC0TPJ8,147,1,ok
A0ACC0TPP5_taxID_3694_model_A,A0ACC0TPP5,147,1,ok
A0ACC0TPQ2_taxID_3694_model_A,A0ACC0TPQ2,147,1,ok
A0ACC0XL08_taxID_434235_model,A0ACC0XL08,167,1,ok
A0ACC1WWQ1_taxID_155640_model,A0ACC1WWQ1,165,1,ok
A0ACC2KJ36_taxID_3435_model_A,A0ACC2KJ36,138,1,ok
A0ACC2KJ49_taxID_3435_model_A,A0ACC2KJ49,160,1,ok
A0ACC2L3H4_taxID_3435_model,A0ACC2L3H4,166,1,ok
A0ACC2L7E1_taxID_3435_model_A,A0ACC2L7E1,148,1,ok
A0ACC2L7J1_taxID_3435_model_A,A0ACC2L7J1,159,1,ok
A0ACC3L380_taxID_71139_model_A,A0ACC3L380,127,1,ok
A0ACC4BDJ0_taxID_43335_model_A,A0ACC4BDJ0,144,1,ok
A0ACC4BED5_taxID_43335_model,A0ACC4BED5,170,1,ok
A0ACC4D453_taxID_43335_model_A,A0ACC4D453,147,1,ok
A0ACC4D4C9_taxID_43335_model_A,A0ACC4D4C9,147,1,ok
A0ACC4D503_taxID_43335_model_A,A0ACC4D503,147,1,ok
A0ACC4D5P1_taxID_43335_model_A,A0ACC4D5P1,125,1,ok
A0ACD5UEE1_taxID_4498_model_A,A0ACD5UEE1,130,1,ok
A0ACD5UF24_taxID_4498_model_A,A0ACD5UF24,137,1,ok
A0ACD5UFS2_taxID_4498_model_A,A0ACD5UFS2,130,1,ok
A0ACD5UW14_taxID_4498_model_A,A0ACD5UW14,153,1,ok
A0ACD5V1A7_taxID_4498_model_A,A0ACD5V1A7,137,1,ok
A0ACD5V285_taxID_4498_model_A,A0ACD5V285,130,1,ok
A0ACD5VUI5_taxID_4498_model_A,A0ACD5VUI5,140,1,ok
A0ACD5W531_taxID_4498_model_A,A0ACD5W531,130,1,ok
A0ACD5WKW3_taxID_4498_model_A,A0ACD5WKW3,130,1,ok
A0T1D3_taxID_4565_model_A,A0T1D3,136,1,ok
A0T1D5_taxID_4565_model_A,A0T1D5,136,1,ok
A0T1D6_taxID_4565_model_A,A0T1D6,136,1,ok
A2Q4Q3_taxID_3880_model_A,A2Q4Q3,129,1,ok
A2Q4Q4_taxID_3880_model_A,A2Q4Q4,167,1,ok
A3F9I9_taxID_577493_model_A,A3F9I9,146,1,ok
A5AZ52_taxID_29760_model_A,A5AZ52,166,1,ok
A5BPY3_taxID_29760_model_A,A5BPY3,167,1,ok
A5X3J4_taxID_39946_model_A,A5X3J4,132,1,ok
A5X3J7_taxID_39947_model,A5X3J7,124,1,ok
A5X3J9_taxID_39947_model,A5X3J9,125,1,ok
A5X3K9_taxID_39946_model_A,A5X3K9,132,1,ok
A5X3L1_taxID_39946_model_A,A5X3L1,132,1,ok
A5X3L2_taxID_39946_model,A5X3L2,125,1,ok
A5X3L3_taxID_39946_model_A,A5X3L3,132,1,ok
A5X3L4_taxID_39946_model_A,A5X3L4,132,1,ok
A5X3L6_taxID_4529_model_A,A5X3L6,132,1,ok
A5X3L7_taxID_4536_model_A,A5X3L7,132,1,ok
A5X3L8_taxID_4529_model_A,A5X3L8,132,1,ok
A5X3L9_taxID_4529_model_A,A5X3L9,132,1,ok
A5X3M2_taxID_4529_model_A,A5X3M2,132,1,ok
A5X3M4_taxID_4529_model_A,A5X3M4,132,1,ok
A5X3M5_taxID_4529_model_A,A5X3M5,132,1,ok
A5X3M6_taxID_4529_model_A,A5X3M6,132,1,ok
A5X3M7_taxID_4529_model_A,A5X3M7,132,1,ok
A5X3M9_taxID_4536_model_A,A5X3M9,132,1,ok
A5X3N0_taxID_4529_model_A,A5X3N0,132,1,ok
A5X3N3_taxID_52545_model_A,A5X3N3,132,1,ok
A5X3N5_taxID_4529_model_A,A5X3N5,132,1,ok
A5X3N6_taxID_4529_model_A,A5X3N6,132,1,ok
A5X3N7_taxID_4529_model_A,A5X3N7,132,1,ok
A5X3N8_taxID_4529_model_A,A5X3N8,132,1,ok
A5X3N9_taxID_4529_model_A,A5X3N9,132,1,ok
A5X3P0_taxID_4529_model,A5X3P0,125,1,ok
A5X3P2_taxID_4529_model,A5X3P2,124,1,ok
A5X3P4_taxID_4529_model_A,A5X3P4,132,1,ok
A5X3P5_taxID_4529_model_A,A5X3P5,132,1,ok
A5X3P9_taxID_65489_model_A,A5X3P9,132,1,ok
A5X3Q0_taxID_4535_model_A,A5X3Q0,132,1,ok
A5X3Q1_taxID_4538_model_A,A5X3Q1,132,1,ok
A6N8J4_taxID_4442_model_A,A6N8J4,154,1,ok
A6NAA0_taxID_4442_model_A,A6NAA0,154,1,ok
A6YS04_taxID_4442_model_A,A6YS04,152,1,ok
A6YS05_taxID_4442_model_A,A6YS05,154,1,ok
A7J0K5_taxID_140993_model,A7J0K5,112,1,ok
A7J0L6_taxID_144559_model,A7J0L6,113,1,ok
A7J0L8_taxID_32233_model,A7J0L8,102,1,ok
A7J0M1_taxID_141000_model,A7J0M1,108,1,ok
A7J0M7_taxID_32245_model,A7J0M7,60,1,ok
A7J0M9_taxID_141007_model,A7J0M9,105,1,ok
A7J0N0_taxID_144563_model,A7J0N0,105,1,ok
A7UDR7_taxID_225117_model_A,A7UDR7,169,1,ok
B0LLV3_taxID_36610_model_A,B0LLV3,157,1,ok
B2BX66_taxID_50225_model_A,B2BX66,169,1,ok
B3TPV0_taxID_4572_model_A,B3TPV0,136,1,ok
B3TPV1_taxID_52163_model_A,B3TPV1,136,1,ok
B3TPV2_taxID_4568_model_A,B3TPV2,136,1,ok
B3TPV3_taxID_85692_model_A,B3TPV3,136,1,ok
B3TPV5_taxID_37682_model_A,B3TPV5,136,1,ok
B3VQ03_taxID_4442_model_A,B3VQ03,154,1,ok
B3WFP2_taxID_50225_model_A,B3WFP2,167,1,ok
B6TFD4_taxID_4577_model_A,B6TFD4,132,1,ok
B6UV38_taxID_4442_model_A,B6UV38,154,1,ok
B9HYL4_taxID_3694_model,B9HYL4,171,1,ok
B9I1S3_taxID_3694_model_A,B9I1S3,144,1,ok
B9RZ47_taxID_3988_model_A,B9RZ47,162,1,ok
B9VS06_taxID_147926_model,B9VS06,165,1,ok
C0KD49_taxID_227725_model_A,C0KD49,144,1,ok
C0L3S4_taxID_4442_model_A,C0L3S4,154,1,ok
C0LU17_taxID_51240_model_A,C0LU17,127,1,ok
C0SPI2_taxID_4565_model_A,C0SPI2,150,1,ok
C0SPI4_taxID_4565_model_A,C0SPI4,136,1,ok
C5MLZ1_taxID_4442_model_A,C5MLZ1,166,1,ok
C5XMC9_taxID_4558_model_A,C5XMC9,175,1,ok
C5YE18_taxID_4558_model_A,C5YE18,133,1,ok
D1KEB8_taxID_4530_model_A,D1KEB8,132,1,ok
D1KEB9_taxID_4530_model_A,D1KEB9,132,1,ok
D1KEC6_taxID_4530_model_A,D1KEC6,132,1,ok
D1KED0_taxID_4530_model_A,D1KED0,132,1,ok
D1KED7_taxID_4530_model_A,D1KED7,132,1,ok
D6C6L2_taxID_4432_model_A,D6C6L2,163,1,ok
D6P743_taxID_225117_model_A,D6P743,157,1,ok
D6P744_taxID_225117_model_A,D6P744,166,1,ok
D7RHB6_taxID_101014_model_A,D7RHB6,173,1,ok
D7RHB7_taxID_101014_model_A,D7RHB7,173,1,ok
D7USP1_taxID_112509_model_A,D7USP1,136,1,ok
D7USP2_taxID_112509_model_A,D7USP2,154,1,ok
D8V0M4_taxID_4565_model_A,D8V0M4,136,1,ok
E5Q8T0_taxID_326968_model_A,E5Q8T0,170,1,ok
F1DBB8_taxID_223891_model_A,F1DBB8,161,1,ok
F1DBB9_taxID_223891_model_A,F1DBB9,161,1,ok
F2D4X3_taxID_112509_model_A,F2D4X3,129,1,ok
F2E926_taxID_112509_model_A,F2E926,131,1,ok
F5CEP1_taxID_309516_model_A,F5CEP1,155,1,ok
F6I0K7_taxID_29760_model_A,F6I0K7,174,1,ok
F6I2B7_taxID_29760_model_A,F6I2B7,127,1,ok
F6L6G6_taxID_225117_model_A,F6L6G6,169,1,ok
F6MFD3_taxID_225117_model_A,F6MFD3,168,1,ok
F8V189_taxID_3694_model_A,F8V189,154,1,ok
G0XNC6_taxID_4565_model_A,G0XNC6,153,1,ok
G0XNC7_taxID_4565_model_A,G0XNC7,153,1,ok
G0XNC8_taxID_4565_model_A,G0XNC8,153,1,ok
G0XNC9_taxID_4565_model_A,G0XNC9,153,1,ok
G0XND0_taxID_4565_model_A,G0XND0,130,1,ok
G0ZAL2_taxID_75702_model,G0ZAL2,132,1,ok
G4U402_taxID_50225_model,G4U402,168,1,ok
G4U404_taxID_50225_model,G4U404,160,1,ok
G7JSE8_taxID_3880_model_A,G7JSE8,148,1,ok
H2DPU1_taxID_4565_model_A,H2DPU1,136,1,ok
H2DPU2_taxID_4565_model_A,H2DPU2,153,1,ok
H2DPU3_taxID_4565_model_A,H2DPU3,153,1,ok
H2FH89_taxID_300208_model_A,H2FH89,168,1,ok
H9CJM5_taxID_3635_model_A,H9CJM5,129,1,ok
H9XP44_taxID_225117_model_A,H9XP44,158,1,ok
I1HSD3_taxID_15368_model_A,I1HSD3,140,1,ok
I1HSE7_taxID_15368_model_A,I1HSE7,165,1,ok
I1KEH4_taxID_3847_model_A,I1KEH4,168,1,ok
I1M285_taxID_3847_model_A,I1M285,156,1,ok
I1MEE6_taxID_3847_model_A,I1MEE6,168,1,ok
I1N3I2_taxID_3847_model_A,I1N3I2,158,1,ok
I1U4K3_taxID_3750_model_A,I1U4K3,158,1,ok
I1U4K4_taxID_3750_model_A,I1U4K4,158,1,ok
I1U4K5_taxID_3750_model_A,I1U4K5,156,1,ok
I1U4K6_taxID_3750_model_A,I1U4K6,153,1,ok
I1U4K7_taxID_3760_model_A,I1U4K7,158,1,ok
I2AWN0_taxID_4182_model,I2AWN0,137,1,ok
I3WE67_taxID_3767_model_A,I3WE67,169,1,ok
I4DD58_taxID_46147_model_A,I4DD58,172,1,ok
I4DD59_taxID_46147_model_A,I4DD59,132,1,ok
I6XNI6_taxID_4006_model_A,I6XNI6,134,1,ok
I7BG84_taxID_32224_model_A,I7BG84,169,1,ok
I7CCR9_taxID_32224_model_A,I7CCR9,158,1,ok
I7CML7_taxID_32224_model_A,I7CML7,157,1,ok
J3L4U1_taxID_4533_model,J3L4U1,158,1,ok
J3L4U3_taxID_4533_model,J3L4U3,155,1,ok
J3M1K4_taxID_4533_model_A,J3M1K4,133,1,ok
J7ES67_taxID_4100_model_A,J7ES67,161,1,ok
J9XLG0_taxID_4146_model,J9XLG0,133,1,ok
J9XNH1_taxID_4146_model,J9XNH1,133,1,ok
K3XFV3_taxID_4555_model_A,K3XFV3,174,1,ok
K3Y373_taxID_4555_model_A,K3Y373,154,1,ok
K7KJM5_taxID_3847_model_A,K7KJM5,159,1,ok
K7MU36_taxID_3847_model_A,K7MU36,158,1,ok
L7UQU5_taxID_3635_model_A,L7UQU5,136,1,ok
M1BMR4_taxID_4113_model_A,M1BMR4,165,1,ok
M1C1N0_taxID_4113_model_A,M1C1N0,174,1,ok
M1CW45_taxID_4113_model_A,M1CW45,160,1,ok
M5WH34_taxID_3760_model_A,M5WH34,168,1,ok
M5WTF2_taxID_3760_model_A,M5WTF2,134,1,ok
M8BUV2_taxID_37682_model_A,M8BUV2,129,1,ok
O24056_taxID_3750_model_A,O24056,168,1,ok
O24057_taxID_3750_model_A,O24057,169,1,ok
O49912_taxID_4097_model_A,O49912,161,1,ok
O81103_taxID_36596_model_A,O81103,158,1,ok
P43309_taxID_3750_model_A,P43309,169,1,ok
P43311_taxID_29760_model,P43311,134,1,ok
P93622_taxID_29760_model_A,P93622,134,1,ok
Q01KB7_taxID_4530_model_A,Q01KB7,132,1,ok
Q06215_taxID_3906_model_A,Q06215,128,1,ok
Q06355_taxID_4113_model_A,Q06355,160,1,ok
Q08296_taxID_4081_model_A,Q08296,161,1,ok
Q08307_taxID_4081_model_A,Q08307,161,1,ok
Q0J9Z1_taxID_39947_model,Q0J9Z1,125,1,ok
Q1HBJ0_taxID_261999_model_A,Q1HBJ0,166,1,ok
Q1HBJ1_taxID_319931_model_A,Q1HBJ1,166,1,ok
Q1KYS7_taxID_4097_model_A,Q1KYS7,138,1,ok
Q40774_taxID_3527_model_A,Q40774,123,1,ok
Q40775_taxID_3527_model,Q40775,127,1,ok
Q41486_taxID_4113_model_A,Q41486,161,1,ok
Q5ENY2_taxID_4120_model_A,Q5ENY2,157,1,ok
Q5G1J6_taxID_309516_model_A,Q5G1J6,168,1,ok
Q5G1L4_taxID_309516_model_A,Q5G1L4,158,1,ok
Q66NX3_taxID_3695_model,Q66NX3,172,1,ok
Q66NX4_taxID_3695_model_A,Q66NX4,157,1,ok
Q6R3L2_taxID_4565_model_A,Q6R3L2,136,1,ok
Q6UIL3_taxID_66636_model,Q6UIL3,166,1,ok
Q6YHK7_taxID_4615_model_A,Q6YHK7,164,1,ok
Q7XPQ5_taxID_39947_model,Q7XPQ5,125,1,ok
Q7Y249_taxID_3879_model_A,Q7Y249,129,1,ok
Q93XM8_taxID_3750_model_A,Q93XM8,156,1,ok
Q948S3_taxID_3767_model_A,Q948S3,169,1,ok
Q94KC2_taxID_3693_model_A,Q94KC2,127,1,ok
Q9AU63_taxID_4615_model_A,Q9AU63,172,1,ok
Q9FQ81_taxID_3695_model_A,Q9FQ81,127,1,ok
Q9MB14_taxID_4120_model_A,Q9MB14,157,1,ok
R4JDV1_taxID_4097_model_A,R4JDV1,161,1,ok
S8BTP5_taxID_192259_model,S8BTP5,132,1,ok
S8BXW0_taxID_192259_model,S8BXW0,128,1,ok
T1W3L4_taxID_3750_model_A,T1W3L4,177,1,ok
V4UJN9_taxID_85681_model,V4UJN9,168,1,ok
V7B2A0_taxID_3885_model_A,V7B2A0,158,1,ok
V7CMC6_taxID_3885_model_A,V7CMC6,158,1,ok
V9VKN5_taxID_226208_model_A,V9VKN5,152,1,ok
W5VXS2_taxID_214697_model_A,W5VXS2,159,1,ok
W9RD31_taxID_981085_model_A,W9RD31,167,1,ok
W9RDC2_taxID_981085_model_A,W9RDC2,150,1,ok
W9RNM7_taxID_981085_model_A,W9RNM7,152,1,ok
W9S222_taxID_981085_model_A,W9S222,166,1,ok
A0A7S6HUY0_taxID_101596_model,A0A7S6HUY0,161,1,ok
A0A803QVW1_taxID_3483_model_A,A0A803QVW1,179,1,ok
A0A804ULR4_taxID_4577_model_A,A0A804ULR4,143,1,ok
A0A3L6G4A8_taxID_4577_model_A,A0A3L6G4A8,124,1,ok
A0A811PWB5_taxID_422564_model_A,A0A811PWB5,124,1,ok
A0A811PLT5_taxID_422564_model_A,A0A811PLT5,124,1,ok
A0A921QIX1_taxID_4558_model_A,A0A921QIX1,155,1,ok
A0A811S8X4_taxID_422564_model_A,A0A811S8X4,120,1,ok
A0A830B0I8_taxID_374723_model,A0A830B0I8,137,1,ok
A0A830CU19_taxID_374723_model,A0A830CU19,143,1,ok
A0A833QIW2_taxID_544730_model_A,A0A833QIW2,145,1,ok
A0AAD5ZJG2_taxID_198213_model_A,A0AAD5ZJG2,130,1,ok
A0A833RJ43_taxID_544730_model,A0A833RJ43,157,1,ok
A0A834SG87_taxID_362788_model,A0A834SG87,135,1,ok
A0A834ZNS4_taxID_13715_model_A,A0A834ZNS4,142,1,ok
A0A834ZVC3_taxID_13715_model,A0A834ZVC3,132,1,ok
A0A835ADC5_taxID_1010633_model_A,A0A835ADC5,118,1,ok
A0A835AE92_taxID_1010633_model_A,A0A835AE92,137,1,ok
A0A835AMR0_taxID_1010633_model_A,A0A835AMR0,134,1,ok
A0A835ARW6_taxID_1010633_model_A,A0A835ARW6,124,1,ok
A0A835DS09_taxID_13715_model_A,A0A835DS09,154,1,ok
A0A834Y8S0_taxID_13715_model_A,A0A834Y8S0,154,1,ok
A0A835E410_taxID_1010633_model_A,A0A835E410,143,1,ok
A0A835E634_taxID_1010633_model_A,A0A835E634,166,1,ok
A0A835FSB9_taxID_1010633_model_A,A0A835FSB9,124,1,ok
A0A835H2U5_taxID_261450_model_A,A0A835H2U5,161,1,ok
A0A835KRV3_taxID_1010633_model_A,A0A835KRV3,137,1,ok
A0A835LHW4_taxID_261450_model_A,A0A835LHW4,160,1,ok
A0A835U586_taxID_51239_model_A,A0A835U586,160,1,ok
A0A835P8D1_taxID_51239_model_A,A0A835P8D1,160,1,ok
A0A835QFD3_taxID_51239_model_A,A0A835QFD3,160,1,ok
A0A835USU2_taxID_51239_model,A0A835USU2,159,1,ok
A0A843WKM3_taxID_4460_model_A,A0A843WKM3,183,1,ok
A0A843XW89_taxID_4460_model_A,A0A843XW89,148,1,ok
A0A8B9AG70_taxID_42345_model,A0A8B9AG70,182,1,ok
A0A8D7EVW3_taxID_214687_model_A,A0A8D7EVW3,169,1,ok
A0A5D2WPH5_taxID_34275_model_A,A0A5D2WPH5,146,1,ok
A0A8S0S5P5_taxID_158383_model,A0A8S0S5P5,98,1,ok
A0A8T0G656_taxID_3225_model_A,A0A8T0G656,169,1,ok
A0A8T0GM20_taxID_3225_model_A,A0A8T0GM20,144,1,ok
A0A2K1K1L4_taxID_3218_model_A,A0A2K1K1L4,141,1,ok
A0A8T0H337_taxID_3225_model_A,A0A8T0H337,144,1,ok
A0A8T0H8D7_taxID_3225_model_A,A0A8T0H8D7,141,1,ok
A0A8T0H1H9_taxID_3225_model_A,A0A8T0H1H9,139,1,ok
A0A8T0H2S1_taxID_3225_model_A,A0A8T0H2S1,151,1,ok
A0A8T0HHE6_taxID_3225_model_A,A0A8T0HHE6,160,1,ok
A0A8T0IHE8_taxID_3225_model,A0A8T0IHE8,160,1,ok
A0A8T0N716_taxID_38727_model,A0A8T0N716,159,1,ok
A0A8T0Q992_taxID_38727_model_A,A0A8T0Q992,124,1,ok
A0A835E5D7_taxID_1010633_model_A,A0A835E5D7,143,1,ok
A0A835KTA7_taxID_1010633_model_A,A0A835KTA7,143,1,ok
A0A8T0QWE7_taxID_38727_model,A0A8T0QWE7,96,1,ok
A0A8T0QVW6_taxID_38727_model_A,A0A8T0QVW6,127,1,ok
A0A8T0R8L8_taxID_38727_model_A,A0A8T0R8L8,128,1,ok
A0A8T0RAJ4_taxID_38727_model,A0A8T0RAJ4,127,1,ok
A0A8T0RB58_taxID_38727_model,A0A8T0RB58,127,1,ok
A0A8T0SP29_taxID_38727_model_A,A0A8T0SP29,173,1,ok
A0A8T2PZL3_taxID_49495_model,A0A8T2PZL3,154,1,ok
A0A6J1EMV7_taxID_3662_model_A,A0A6J1EMV7,127,1,ok
A0A8T2PYR0_taxID_49495_model,A0A8T2PYR0,154,1,ok
A0A8T2PZB3_taxID_49495_model,A0A8T2PZB3,128,1,ok
A0A9D4V1Q8_taxID_13818_model,A0A9D4V1Q8,128,1,ok
A0AAV6MPW7_taxID_37648_model_A,A0AAV6MPW7,147,1,ok
A0A8T2RU07_taxID_49495_model_A,A0A8T2RU07,186,1,ok
A0A8T2RX05_taxID_49495_model_A,A0A8T2RX05,187,1,ok
A0A8T2S7I0_taxID_49495_model,A0A8T2S7I0,145,1,ok
A0A8T2S9A6_taxID_49495_model_A,A0A8T2S9A6,145,1,ok
A0A8T2S9I7_taxID_49495_model,A0A8T2S9I7,145,1,ok
A0A8T2SAK0_taxID_49495_model_A,A0A8T2SAK0,147,1,ok
A0A8T2SAR2_taxID_49495_model_A,A0A8T2SAR2,144,1,ok
A0A8T2SU62_taxID_49495_model_A,A0A8T2SU62,141,1,ok
A0A8T2SVT2_taxID_49495_model,A0A8T2SVT2,141,1,ok
A0A8T2SWZ4_taxID_49495_model_A,A0A8T2SWZ4,141,1,ok
A0A8T2SXV3_taxID_49495_model_A,A0A8T2SXV3,141,1,ok
A0A8T2SYA7_taxID_49495_model_A,A0A8T2SYA7,141,1,ok
A0A8T2SYB5_taxID_49495_model_A,A0A8T2SYB5,141,1,ok
A0A8T2UP64_taxID_49495_model_A,A0A8T2UP64,145,1,ok
A0A8T2URK9_taxID_49495_model_A,A0A8T2URK9,145,1,ok
A0A8T2UTL7_taxID_49495_model_A,A0A8T2UTL7,145,1,ok
A0A8T2UVE0_taxID_49495_model_A,A0A8T2UVE0,140,1,ok
A0A8T2UVT9_taxID_49495_model_A,A0A8T2UVT9,138,1,ok
A0A8T2UW48_taxID_49495_model_A,A0A8T2UW48,145,1,ok
A0A8T2UWW7_taxID_49495_model_A,A0A8T2UWW7,145,1,ok
A0A8T2VFM8_taxID_49495_model_A,A0A8T2VFM8,145,1,ok
A0A9D4U2Z4_taxID_13818_model_A,A0A9D4U2Z4,142,1,ok
A0A9D4U4J8_taxID_13818_model_A,A0A9D4U4J8,144,1,ok
A0A9D4UYP8_taxID_13818_model_A,A0A9D4UYP8,135,1,ok
A0A9D4V2I4_taxID_13818_model_A,A0A9D4V2I4,143,1,ok
A0A9D4V2P6_taxID_13818_model_A,A0A9D4V2P6,143,1,ok
A0A9D4V772_taxID_13818_model_A,A0A9D4V772,144,1,ok
A0A9D4V7B7_taxID_13818_model_A,A0A9D4V7B7,144,1,ok
A0A9D4V7R6_taxID_13818_model_A,A0A9D4V7R6,144,1,ok
A0A8T2SV43_taxID_49495_model,A0A8T2SV43,128,1,ok
A0A8T2T4A0_taxID_49495_model,A0A8T2T4A0,139,1,ok
A0A8T2UAP3_taxID_49495_model,A0A8T2UAP3,129,1,ok
A0A9D4V926_taxID_13818_model,A0A9D4V926,153,1,ok
A0A8T2V3V4_taxID_49495_model_A,A0A8T2V3V4,179,1,ok
A0A8T2ZMP1_taxID_3696_model,A0A8T2ZMP1,160,1,ok
A0A8T3A052_taxID_94219_model_A,A0A8T3A052,110,1,ok
A0A2I0WEB5_taxID_906689_model_A,A0A2I0WEB5,110,1,ok
A0A8T3B9N1_taxID_94219_model_A,A0A8T3B9N1,149,1,ok
A0A8T3BS23_taxID_94219_model,A0A8T3BS23,134,1,ok
A0A8X7YR61_taxID_118781_model_A,A0A8X7YR61,155,1,ok
A0A8X8WBX0_taxID_180675_model_A,A0A8X8WBX0,153,1,ok
A0A8X8WDM5_taxID_180675_model,A0A8X8WDM5,135,1,ok
A0A8X8WP78_taxID_180675_model_A,A0A8X8WP78,133,1,ok
A0A921QLV1_taxID_4558_model_A,A0A921QLV1,124,1,ok
A0A921U1Z9_taxID_4558_model_A,A0A921U1Z9,150,1,ok
A0A1W0VTX0_taxID_4558_model_A,A0A1W0VTX0,150,1,ok
A0A9D3UPU6_taxID_47602_model_A,A0A9D3UPU6,155,1,ok
A0A9D3VPP9_taxID_47602_model_A,A0A9D3VPP9,157,1,ok
A0A9D4U427_taxID_13818_model_A,A0A9D4U427,175,1,ok
A0A9D4U2J2_taxID_13818_model_A,A0A9D4U2J2,179,1,ok
A0A9D4UQ41_taxID_13818_model_A,A0A9D4UQ41,190,1,ok
A0A9D4V7H8_taxID_13818_model_A,A0A9D4V7H8,165,1,ok
A0A9D4ZGH9_taxID_13818_model,A0A9D4ZGH9,143,1,ok
A0A8T2V7I1_taxID_49495_model,A0A8T2V7I1,146,1,ok
A0A8T2V804_taxID_49495_model,A0A8T2V804,136,1,ok
A0A8T2VCR1_taxID_49495_model,A0A8T2VCR1,136,1,ok
A0A9D4UQE7_taxID_13818_model,A0A9D4UQE7,134,1,ok
A0A9D4UQY4_taxID_13818_model,A0A9D4UQY4,66,1,ok
A0A9D4Z6M7_taxID_13818_model,A0A9D4Z6M7,141,1,ok
A0A9D4ZI76_taxID_13818_model_A,A0A9D4ZI76,151,1,ok
A0A9D5CK28_taxID_325984_model,A0A9D5CK28,142,1,ok
A0A9D5CK20_taxID_325984_model,A0A9D5CK20,137,1,ok
A0A9D5CL78_taxID_325984_model,A0A9D5CL78,138,1,ok
A0A9D5CUK6_taxID_325984_model,A0A9D5CUK6,139,1,ok
A0A9Q0KTY2_taxID_273540_model_A,A0A9Q0KTY2,131,1,ok
A0A9Q0KUV1_taxID_273540_model,A0A9Q0KUV1,151,1,ok
A0A9Q1A0Z0_taxID_77065_model,A0A9Q1A0Z0,123,1,ok
A0A9Q1GQE0_taxID_171969_model,A0A9Q1GQE0,131,1,ok
A0A9Q1JHX7_taxID_171969_model,A0A9Q1JHX7,168,1,ok
A0A9Q1JQ73_taxID_171969_model,A0A9Q1JQ73,168,1,ok
A0A9Q1JQC5_taxID_171969_model,A0A9Q1JQC5,131,1,ok
A0A9Q1GRA5_taxID_171969_model_A,A0A9Q1GRA5,131,1,ok
A0A9Q1JNS3_taxID_171969_model_A,A0A9Q1JNS3,157,1,ok
A0A9Q1RGR7_taxID_402998_model,A0A9Q1RGR7,144,1,ok
A0A9R1B6K4_taxID_4567_model_A,A0A9R1B6K4,161,1,ok
A0A9R1B6K6_taxID_4567_model,A0A9R1B6K6,141,1,ok
A0A9R0YEI1_taxID_4567_model_A,A0A9R0YEI1,141,1,ok
A0A9R1B6K8_taxID_4567_model,A0A9R1B6K8,152,1,ok
A0A9R1KJB3_taxID_4565_model,A0A9R1KJB3,136,1,ok
A0A3B6JP55_taxID_4565_model,A0A3B6JP55,136,1,ok
M8CBW6_taxID_37682_model,M8CBW6,136,1,ok
A0A9R1L8W7_taxID_4565_model_A,A0A9R1L8W7,129,1,ok
A0A3B6PD51_taxID_4565_model_A,A0A3B6PD51,129,1,ok
A0A9R1LQH9_taxID_4565_model_A,A0A9R1LQH9,139,1,ok
A0A3B6R7S3_taxID_4565_model_A,A0A3B6R7S3,139,1,ok
A0A9R1RCW5_taxID_4567_model,A0A9R1RCW5,136,1,ok
A0A9R1UC94_taxID_4236_model,A0A9R1UC94,167,1,ok
A0A9W7IEX3_taxID_183268_model,A0A9W7IEX3,135,1,ok
A0A9W7ISR7_taxID_183268_model,A0A9W7ISR7,96,1,ok
A0A9W7JII4_taxID_183268_model,A0A9W7JII4,142,1,ok
A0AA35ZVF9_taxID_75948_model,A0AA35ZVF9,158,1,ok
A0AA36A4X1_taxID_75948_model,A0AA36A4X1,164,1,ok
A0AA36EGP3_taxID_75948_model_A,A0AA36EGP3,114,1,ok
A0AA38CNX4_taxID_29808_model_A,A0AA38CNX4,166,1,ok
A0AA38FN26_taxID_29808_model_A,A0AA38FN26,128,1,ok
A0AA38WAD9_taxID_347529_model,A0AA38WAD9,159,1,ok
A0AA38ZJU6_taxID_103349_model_A,A0AA38ZJU6,121,1,ok
A0AA41UWM5_taxID_74823_model_A,A0AA41UWM5,160,1,ok
A0AA41VZ49_taxID_74823_model,A0AA41VZ49,167,1,ok
A0AA42AWF5_taxID_74823_model_A,A0AA42AWF5,174,1,ok
A0AA42B2I3_taxID_74823_model_A,A0AA42B2I3,171,1,ok
A0AA86VNM7_taxID_92480_model,A0AA86VNM7,157,1,ok
A0AA88ACS8_taxID_3494_model_A,A0AA88ACS8,128,1,ok
A0AA88EDJ5_taxID_3494_model_A,A0AA88EDJ5,153,1,ok
A0AA88JFY6_taxID_3494_model_A,A0AA88JFY6,141,1,ok
A0AA88QFI1_taxID_112253_model,A0AA88QFI1,373,1,ok
A0AAD4ILF4_taxID_608512_model_A,A0AAD4ILF4,147,1,ok
A0AAD4IPP4_taxID_608512_model,A0AAD4IPP4,137,1,ok
A0AAD4IZZ2_taxID_608512_model_A,A0AAD4IZZ2,147,1,ok
A0AAD4NYG2_taxID_608512_model,A0AAD4NYG2,147,1,ok
A0AAD4PER2_taxID_608512_model_A,A0AAD4PER2,139,1,ok
A0AAD4SAU9_taxID_357466_model_A,A0AAD4SAU9,167,1,ok
A0A4Y7JE12_taxID_3469_model_A,A0A4Y7JE12,168,1,ok
A0AAD4SF23_taxID_357466_model_A,A0AAD4SF23,198,1,ok
A0AA41RPS2_taxID_74823_model_A,A0AA41RPS2,198,1,ok
A0AAD4SKW1_taxID_357466_model_A,A0AAD4SKW1,157,1,ok
A0AAD4W9U7_taxID_3755_model,A0AAD4W9U7,156,1,ok
A0AAD5CM03_taxID_4212_model,A0AAD5CM03,139,1,ok
A0AAD6M6F5_taxID_444605_model_A,A0AAD6M6F5,127,1,ok
A0AAD6NRH3_taxID_889485_model_A,A0AAD6NRH3,167,1,ok
A0AAD6WJW1_taxID_444605_model_A,A0AAD6WJW1,116,1,ok
A0AAD7P9Q6_taxID_32244_model_A,A0AAD7P9Q6,150,1,ok
A0AAD7KXI9_taxID_32244_model_A,A0AAD7KXI9,128,1,ok
A0AAQ3UA72_taxID_547442_model_A,A0AAQ3UA72,132,1,ok
A0AAD8NX90_taxID_13708_model_A,A0AAD8NX90,168,1,ok
A0AAD8QVW5_taxID_4521_model_A,A0AAD8QVW5,224,1,ok
A0AAD8TPJ5_taxID_4521_model_A,A0AAD8TPJ5,138,1,ok
A0AAE1S9E0_taxID_243964_model,A0AAE1S9E0,157,1,ok
A0AAE1W5W8_taxID_2727404_model,A0AAE1W5W8,112,1,ok
A0AAE1YP42_taxID_300844_model,A0AAE1YP42,248,1,ok
A0A6I9SZN0_taxID_4182_model,A0A6I9SZN0,142,1,ok
A0AAE1YQE7_taxID_300844_model,A0AAE1YQE7,133,1,ok
A0AAE2BIM0_taxID_2727404_model,A0AAE2BIM0,134,1,ok
A0AAE2BUG2_taxID_2727404_model,A0AAE2BUG2,134,1,ok
A0AAE2CY88_taxID_300844_model_A,A0AAE2CY88,123,1,ok
A0AAF0UBS5_taxID_315347_model,A0AAF0UBS5,161,1,ok
A0AAF0ZNA3_taxID_315347_model_A,A0AAF0ZNA3,162,1,ok
A0AAF6B470_taxID_1480154_model_A,A0AAF6B470,142,1,ok
A0A176WB99_taxID_1480154_model_A,A0A176WB99,142,1,ok
A0A2R6WA01_taxID_3197_model_A,A0A2R6WA01,142,1,ok
A0AAF6B471_taxID_1480154_model_A,A0AAF6B471,139,1,ok
A0A176W8I4_taxID_1480154_model_A,A0A176W8I4,139,1,ok
A0A2R6WA03_taxID_3197_model_A,A0A2R6WA03,139,1,ok
A0AAF6BIZ6_taxID_1480154_model_A,A0AAF6BIZ6,176,1,ok
A0A2R6WAX7_taxID_3197_model_A,A0A2R6WAX7,176,1,ok
A0AAF6BJQ2_taxID_1480154_model_A,A0AAF6BJQ2,173,1,ok
A0A176WJD7_taxID_1480154_model,A0A176WJD7,173,1,ok
A0A2R6WJJ9_taxID_3197_model_A,A0A2R6WJJ9,174,1,ok
A0AAF6BK22_taxID_1480154_model_A,A0AAF6BK22,159,1,ok
A0A2R6W7E7_taxID_3197_model_A,A0A2R6W7E7,159,1,ok
A0AAF6BKA0_taxID_1480154_model_A,A0AAF6BKA0,165,1,ok
A0A2R6WNN9_taxID_3197_model_A,A0A2R6WNN9,177,1,ok
A0A2R6X796_taxID_3197_model_A,A0A2R6X796,165,1,ok
A0A2R6X7A4_taxID_3197_model_A,A0A2R6X7A4,165,1,ok
A0AAF6BIC0_taxID_1480154_model_A,A0AAF6BIC0,178,1,ok
A0AAF6BIC2_taxID_1480154_model_A,A0AAF6BIC2,165,1,ok
A0AAF6BIM1_taxID_1480154_model_A,A0AAF6BIM1,165,1,ok
A0AAF6BKR9_taxID_1480154_model_A,A0AAF6BKR9,177,1,ok
A0A2R6VXF9_taxID_3197_model_A,A0A2R6VXF9,165,1,ok
A0AAF6BKS1_taxID_1480154_model_A,A0AAF6BKS1,165,1,ok
A0AAF6BKV4_taxID_1480154_model_A,A0AAF6BKV4,165,1,ok
A0A176WCF4_taxID_1480154_model_A,A0A176WCF4,165,1,ok
A0A2R6WDA8_taxID_3197_model_A,A0A2R6WDA8,165,1,ok
A0AAN8ZF79_taxID_194707_model,A0AAN8ZF79,140,1,ok
A0AAN8ZTY5_taxID_194707_model,A0AAN8ZTY5,164,1,ok
A0AAN9E5N1_taxID_3830_model_A,A0AAN9E5N1,167,1,ok
A0AAN9E508_taxID_3830_model_A,A0AAN9E508,167,1,ok
A0AAN9E787_taxID_3830_model_A,A0AAN9E787,153,1,ok
A0AAN9EAI4_taxID_3830_model_A,A0AAN9EAI4,157,1,ok
A0AAN9EB69_taxID_3830_model_A,A0AAN9EB69,168,1,ok
A0AAN9L4D8_taxID_3824_model_A,A0AAN9L4D8,163,1,ok
A0A6P5MV04_taxID_130453_model_A,A0A6P5MV04,164,1,ok
A0AAN9MXK2_taxID_3824_model_A,A0AAN9MXK2,152,1,ok
A0AAN9SMX2_taxID_3891_model_A,A0AAN9SMX2,147,1,ok
A0AAN9SNT0_taxID_3891_model,A0AAN9SNT0,153,1,ok
A0AAN9SPT9_taxID_3891_model,A0AAN9SPT9,155,1,ok
A0AAP0FV86_taxID_2320716_model_A,A0AAP0FV86,135,1,ok
A0A2I0A3T7_taxID_1088818_model_A,A0A2I0A3T7,139,1,ok
A0A2I0A3U6_taxID_1088818_model_A,A0A2I0A3U6,140,1,ok
A0A2I0WZJ5_taxID_906689_model_A,A0A2I0WZJ5,119,1,ok
A0A8T3A5T5_taxID_94219_model_A,A0A8T3A5T5,135,1,ok
A0AB40D581_taxID_55577_model,A0AB40D581,146,1,ok
A0ACB7TZS8_taxID_55571_model,A0ACB7TZS8,145,1,ok
A0AAP0GRN9_taxID_3103831_model_A,A0AAP0GRN9,162,1,ok
A0AAP0H761_taxID_3103831_model,A0AAP0H761,163,1,ok
A0A075DN54_taxID_13449_model,A0A075DN54,161,1,ok
A0A251TE56_taxID_4232_model_A,A0A251TE56,162,1,ok
A0A2U1NJZ8_taxID_35608_model_A,A0A2U1NJZ8,165,1,ok
A0A2U1PEX4_taxID_35608_model_A,A0A2U1PEX4,163,1,ok
A0A9R1UJQ2_taxID_4236_model_A,A0A9R1UJQ2,162,1,ok
A0A9R1UL28_taxID_4236_model_A,A0A9R1UL28,163,1,ok
A0A9R1X4K9_taxID_4236_model_A,A0A9R1X4K9,161,1,ok
A0AA36A3D3_taxID_75948_model_A,A0AA36A3D3,164,1,ok
A0AAD8KWV4_taxID_13708_model,A0AAD8KWV4,162,1,ok
A0AAD8P3Q0_taxID_13708_model,A0AAD8P3Q0,163,1,ok
A0AAP0GHC6_taxID_3103831_model_A,A0AAP0GHC6,162,1,ok
A0AAP0H8T4_taxID_3103831_model,A0AAP0H8T4,162,1,ok
A0AAU9P300_taxID_75947_model_A,A0AAU9P300,162,1,ok
A0AAU9P3F3_taxID_75947_model_A,A0AAU9P3F3,164,1,ok
A0AAU9PK05_taxID_75947_model_A,A0AAU9PK05,161,1,ok
A0AAV1WJY0_taxID_3873_model,A0AAV1WJY0,161,1,ok
A0AAV1WK00_taxID_3873_model,A0AAV1WK00,160,1,ok
A0ACB9ADX3_taxID_13427_model_A,A0ACB9ADX3,163,1,ok
A0ACB9AE47_taxID_13427_model,A0ACB9AE47,168,1,ok
A0ACB9E3S7_taxID_13427_model_A,A0ACB9E3S7,162,1,ok
A0ACB9E4E7_taxID_13427_model,A0ACB9E4E7,136,1,ok
A0ACB9E4J5_taxID_13427_model_A,A0ACB9E4J5,162,1,ok
G4U403_taxID_50225_model,G4U403,162,1,ok
U3UB86_taxID_50225_model_A,U3UB86,169,1,ok
A0AAP0JDS4_taxID_152367_model_A,A0AAP0JDS4,162,1,ok
A0AAP0K4D0_taxID_461633_model,A0AAP0K4D0,143,1,ok
A0AAP0KCC9_taxID_152371_model,A0AAP0KCC9,160,1,ok
A0AAP0JEU7_taxID_152367_model,A0AAP0JEU7,160,1,ok
A0AAP0KDK4_taxID_152371_model,A0AAP0KDK4,160,1,ok
A0AAP0KDL4_taxID_152371_model,A0AAP0KDL4,162,1,ok
A0AAP0KE60_taxID_152371_model_A,A0AAP0KE60,145,1,ok
A0AAP0L625_taxID_152371_model,A0AAP0L625,149,1,ok
A0AAP0N8Z7_taxID_63359_model_A,A0AAP0N8Z7,161,1,ok
A0AAP0PN27_taxID_152371_model,A0AAP0PN27,160,1,ok
A0AAP0PRA1_taxID_152371_model,A0AAP0PRA1,136,1,ok
A0AAP0PTR3_taxID_461633_model,A0AAP0PTR3,161,1,ok
A0AAP0PUP6_taxID_461633_model,A0AAP0PUP6,141,1,ok
A0AAP0Q1Z6_taxID_152371_model_A,A0AAP0Q1Z6,180,1,ok
A0AAP0Q6Z2_taxID_152367_model_A,A0AAP0Q6Z2,180,1,ok
A0AAQ3K708_taxID_4628_model_A,A0AAQ3K708,177,1,ok
A0AAQ3K867_taxID_4628_model_A,A0AAQ3K867,172,1,ok
A0AAQ3KYK2_taxID_4628_model,A0AAQ3KYK2,143,1,ok
A0AAQ3KZE2_taxID_4628_model,A0AAQ3KZE2,143,1,ok
A0A8D7EWJ4_taxID_214687_model_A,A0A8D7EWJ4,169,1,ok
A0AAQ3L592_taxID_4628_model_A,A0AAQ3L592,147,1,ok
A0AAQ3QBU2_taxID_4628_model_A,A0AAQ3QBU2,161,1,ok
A0AAQ3QBY4_taxID_4628_model_A,A0AAQ3QBY4,177,1,ok
A0AAQ3U9C5_taxID_547442_model,A0AAQ3U9C5,119,1,ok
A0AAQ3UL81_taxID_547442_model_A,A0AAQ3UL81,127,1,ok
A0AAQ3UM95_taxID_547442_model_A,A0AAQ3UM95,127,1,ok
A0A811PN71_taxID_422564_model_A,A0A811PN71,124,1,ok
A0AAQ3UN37_taxID_547442_model_A,A0AAQ3UN37,131,1,ok
A0AAQ3UQQ0_taxID_547442_model,A0AAQ3UQQ0,139,1,ok
A0AAQ3XCG4_taxID_547442_model,A0AAQ3XCG4,129,1,ok
A0AAQ3XDA6_taxID_547442_model,A0AAQ3XDA6,155,1,ok
A0AAQ3XEA2_taxID_547442_model_A,A0AAQ3XEA2,154,1,ok
A0AAU9NEQ9_taxID_75947_model_A,A0AAU9NEQ9,158,1,ok
A0AAU9NNJ2_taxID_75947_model_A,A0AAU9NNJ2,163,1,ok
A0AA36EPQ4_taxID_75948_model_A,A0AA36EPQ4,163,1,ok
A0AAU9P2X6_taxID_75947_model,A0AAU9P2X6,164,1,ok
A0AAV0E6W5_taxID_186058_model,A0AAV0E6W5,165,1,ok
A0AAV0GYJ1_taxID_586396_model_A,A0AAV0GYJ1,169,1,ok
A0AAV0GYJ9_taxID_586396_model_A,A0AAV0GYJ9,170,1,ok
A0AAV0KIW7_taxID_586396_model_A,A0AAV0KIW7,179,1,ok
A0AAV0KHF7_taxID_586396_model_A,A0AAV0KHF7,179,1,ok
A0AAV0KJN7_taxID_586396_model_A,A0AAV0KJN7,158,1,ok
A0AAV0PBK9_taxID_586396_model_A,A0AAV0PBK9,173,1,ok
A0AAV0PCB3_taxID_586396_model_A,A0AAV0PCB3,170,1,ok
A0AAV0PBZ6_taxID_586396_model_A,A0AAV0PBZ6,133,1,ok
A0AAV0PC46_taxID_586396_model_A,A0AAV0PC46,162,1,ok
A0AAV0PCK7_taxID_586396_model_A,A0AAV0PCK7,136,1,ok
A0AAV0PD89_taxID_586396_model_A,A0AAV0PD89,139,1,ok
A0AAV0PD91_taxID_586396_model_A,A0AAV0PD91,159,1,ok
A0AAV0PE40_taxID_586396_model_A,A0AAV0PE40,154,1,ok
A0AAV0KGU8_taxID_586396_model_A,A0AAV0KGU8,163,1,ok
A0AAV0KHJ9_taxID_586396_model_A,A0AAV0KHJ9,161,1,ok
A0AAV0PCS3_taxID_586396_model_A,A0AAV0PCS3,161,1,ok
A0AAV0PE66_taxID_586396_model_A,A0AAV0PE66,150,1,ok
A0AAV0PE72_taxID_586396_model_A,A0AAV0PE72,132,1,ok
A0AAV0PE99_taxID_586396_model_A,A0AAV0PE99,134,1,ok
A0AAV1RPP7_taxID_77055_model_A,A0AAV1RPP7,172,1,ok
A0AAV1WK21_taxID_3873_model_A,A0AAV1WK21,128,1,ok
A0A4P1QPT6_taxID_3871_model_A,A0A4P1QPT6,128,1,ok
A0AAV1WJU8_taxID_3873_model_A,A0AAV1WJU8,128,1,ok
A0AAV2CAH3_taxID_586398_model_A,A0AAV2CAH3,174,1,ok
A0AAV2CAH8_taxID_586398_model_A,A0AAV2CAH8,174,1,ok
A0AAV2DU16_taxID_586398_model_A,A0AAV2DU16,180,1,ok
A0AAV2DUU7_taxID_586398_model_A,A0AAV2DUU7,154,1,ok
A0AAV0KH15_taxID_586396_model_A,A0AAV0KH15,154,1,ok
A0AAV0KHB9_taxID_586396_model_A,A0AAV0KHB9,154,1,ok
A0AAV2FIX1_taxID_586398_model_A,A0AAV2FIX1,166,1,ok
A0AAV2FJC1_taxID_586398_model_A,A0AAV2FJC1,137,1,ok
A0AAV2FJU7_taxID_586398_model_A,A0AAV2FJU7,171,1,ok
A0AAV3PS78_taxID_34254_model_A,A0AAV3PS78,159,1,ok
A0AAV3QTV2_taxID_34254_model_A,A0AAV3QTV2,158,1,ok
A0AAV3RC73_taxID_34254_model_A,A0AAV3RC73,158,1,ok
A0AAV5C461_taxID_191504_model,A0AAV5C461,120,1,ok
A0AAV5C2Y6_taxID_191504_model_A,A0AAV5C2Y6,120,1,ok
A0AAV5E484_taxID_191504_model,A0AAV5E484,130,1,ok
A0AAV5CUA3_taxID_191504_model_A,A0AAV5CUA3,139,1,ok
A0AAV5DGW2_taxID_191504_model_A,A0AAV5DGW2,130,1,ok
A0AAV5FUW4_taxID_191504_model_A,A0AAV5FUW4,131,1,ok
A0AAV6LBV0_taxID_479676_model,A0AAV6LBV0,167,1,ok
A0AAV6WUS6_taxID_168488_model,A0AAV6WUS6,149,1,ok
A0AAV7E4A4_taxID_158543_model,A0AAV7E4A4,143,1,ok
A0AAV7EZ80_taxID_158543_model_A,A0AAV7EZ80,181,1,ok
A0AAV9CA53_taxID_4465_model_A,A0AAV9CA53,131,1,ok
A0AAV9DPP7_taxID_4465_model_A,A0AAV9DPP7,169,1,ok
A0AAV9DQH4_taxID_4465_model_A,A0AAV9DQH4,154,1,ok
A0AAV9FHM4_taxID_4465_model_A,A0AAV9FHM4,156,1,ok
A0AAV9AZV8_taxID_55184_model_A,A0AAV9AZV8,168,1,ok
A0AAV9FKL6_taxID_4465_model_A,A0AAV9FKL6,168,1,ok
A0AAV9FIQ9_taxID_4465_model,A0AAV9FIQ9,167,1,ok
A0AAV9FJX0_taxID_4465_model_A,A0AAV9FJX0,171,1,ok
A0AAV9K201_taxID_50273_model,A0AAV9K201,126,1,ok
A0AAW0MAT5_taxID_58331_model_A,A0AAW0MAT5,168,1,ok
A0AAW1MSU4_taxID_3572_model_A,A0AAW1MSU4,170,1,ok
A0AAW1MZD2_taxID_3572_model_A,A0AAW1MZD2,167,1,ok
A0AAW2LP90_taxID_300843_model_A,A0AAW2LP90,157,1,ok
A0A8B7CZQ9_taxID_42345_model,A0A8B7CZQ9,136,1,ok
A0AAE2BIM2_taxID_2727404_model,A0AAE2BIM2,157,1,ok
A0AAW2K2Z5_taxID_300843_model,A0AAW2K2Z5,157,1,ok
A0AAW2ME38_taxID_2727403_model,A0AAW2ME38,157,1,ok
A0AAW2T782_taxID_300843_model,A0AAW2T782,134,1,ok
A0AAX6EKB9_taxID_29817_model_A,A0AAX6EKB9,169,1,ok
A0AAX6EML1_taxID_29817_model_A,A0AAX6EML1,151,1,ok
A0AAX6F4X5_taxID_29817_model_A,A0AAX6F4X5,162,1,ok
A0AAX6EPF7_taxID_29817_model_A,A0AAX6EPF7,163,1,ok
A0AAX6G014_taxID_29817_model_A,A0AAX6G014,170,1,ok
A0AAX6DFK4_taxID_29817_model_A,A0AAX6DFK4,170,1,ok
A0AAX6DNU9_taxID_29817_model_A,A0AAX6DNU9,167,1,ok
A0AAX6E935_taxID_29817_model_A,A0AAX6E935,170,1,ok
A0AAX6GG64_taxID_29817_model_A,A0AAX6GG64,165,1,ok
A0AAX6IB95_taxID_29817_model,A0AAX6IB95,170,1,ok
A0AAX6IBY8_taxID_29817_model_A,A0AAX6IBY8,159,1,ok
A0AAX6IC71_taxID_29817_model_A,A0AAX6IC71,171,1,ok
A0AAX6IDW7_taxID_29817_model_A,A0AAX6IDW7,171,1,ok
A0AAX6IBX6_taxID_29817_model_A,A0AAX6IBX6,169,1,ok
A0AAX6EKC4_taxID_29817_model_A,A0AAX6EKC4,168,1,ok
A0AAX6IDV5_taxID_29817_model_A,A0AAX6IDV5,159,1,ok
A0AB40AJS5_taxID_55577_model,A0AB40AJS5,154,1,ok
A0ABC8S3Q2_taxID_185542_model_A,A0ABC8S3Q2,145,1,ok
A0ABC8SYL7_taxID_185542_model,A0ABC8SYL7,295,1,ok
A0ABC8YRY6_taxID_240449_model,A0ABC8YRY6,160,1,ok
A0ABC8Z289_taxID_240449_model_A,A0ABC8Z289,160,1,ok
A0ABC9B1E3_taxID_240449_model,A0ABC9B1E3,130,1,ok
A0ABC9EA14_taxID_240449_model_A,A0ABC9EA14,143,1,ok
A0ABC9E1N6_taxID_240449_model_A,A0ABC9E1N6,145,1,ok
A0ABC9F5M8_taxID_240449_model_A,A0ABC9F5M8,135,1,ok
A0ABC9DN80_taxID_240449_model_A,A0ABC9DN80,119,1,ok
A0ABD0U1W8_taxID_117978_model_A,A0ABD0U1W8,135,1,ok
A0ABD0VGR3_taxID_117978_model,A0ABD0VGR3,159,1,ok
A0ABD1H915_taxID_28513_model,A0ABD1H915,134,1,ok
A0ABD1N7W4_taxID_520843_model_A,A0ABD1N7W4,158,1,ok
A0A0B2SP68_taxID_3848_model_A,A0A0B2SP68,169,1,ok
A0A0R0GYN5_taxID_3847_model_A,A0A0R0GYN5,169,1,ok
A0ABD3CSS8_taxID_1961234_model,A0ABD3CSS8,168,1,ok
A0ABD1RDH2_taxID_126358_model,A0ABD1RDH2,124,1,ok
A0ABD1WH42_taxID_205694_model_A,A0ABD1WH42,143,1,ok
A0ABD1WHD6_taxID_205694_model_A,A0ABD1WHD6,124,1,ok
A0ABD1WHF9_taxID_205694_model,A0ABD1WHF9,124,1,ok
A0ABD1WJU9_taxID_205694_model,A0ABD1WJU9,112,1,ok
A0ABD1WH80_taxID_205694_model,A0ABD1WH80,112,1,ok
A0ABD3CRY7_taxID_1961234_model,A0ABD3CRY7,163,1,ok
A0ABD3CT32_taxID_1961234_model,A0ABD3CT32,166,1,ok
A0ABD3S9W8_taxID_265156_model,A0ABD3S9W8,133,1,ok
A0ABM0NHU0_taxID_102107_model_A,A0ABM0NHU0,154,1,ok
A0A6J5X158_taxID_36596_model_A,A0A6J5X158,154,1,ok
A0ABM1LL72_taxID_102107_model_A,A0ABM1LL72,174,1,ok
A0ABM3KDJ7_taxID_3656_model_A,A0ABM3KDJ7,127,1,ok
A0A5A7UTU0_taxID_1194695_model_A,A0A5A7UTU0,143,1,ok
A0ABM4UF39_taxID_13443_model,A0ABM4UF39,130,1,ok
A0ABP0W0B1_taxID_128206_model,A0ABP0W0B1,159,1,ok
A0ABP0TM15_taxID_128251_model_A,A0ABP0TM15,158,1,ok
A0ABP0TM67_taxID_128251_model_A,A0ABP0TM67,161,1,ok
A0ABP0VZF5_taxID_128206_model_A,A0ABP0VZF5,161,1,ok
A0ABP0W2U2_taxID_128206_model_A,A0ABP0W2U2,162,1,ok
A0ABP1A236_taxID_128206_model_A,A0ABP1A236,162,1,ok
A0ABP1AIF6_taxID_128206_model_A,A0ABP1AIF6,158,1,ok
A0ABP1AIV3_taxID_128206_model,A0ABP1AIV3,162,1,ok
A0ABP1AWT6_taxID_128206_model_A,A0ABP1AWT6,158,1,ok
A0ABP0TNT6_taxID_128251_model_A,A0ABP0TNT6,148,1,ok
A0ABP0UC15_taxID_128251_model_A,A0ABP0UC15,146,1,ok
A0ABP0W2M0_taxID_128206_model_A,A0ABP0W2M0,163,1,ok
A0ABP0WCH2_taxID_128206_model_A,A0ABP0WCH2,163,1,ok
A0ABP1AJX3_taxID_128206_model_A,A0ABP1AJX3,164,1,ok
A0ABP1BGF3_taxID_128206_model,A0ABP1BGF3,105,1,ok
A0ABP0UIY3_taxID_128251_model,A0ABP0UIY3,156,1,ok
A0ABP0WXT2_taxID_128206_model_A,A0ABP0WXT2,157,1,ok
A0ABR0ML46_taxID_29729_model_A,A0ABR0ML46,165,1,ok
A0ABR2CC07_taxID_183260_model_A,A0ABR2CC07,170,1,ok
A0ABR1ZJS0_taxID_183260_model_A,A0ABR1ZJS0,170,1,ok
A0ABR2FBK3_taxID_183260_model,A0ABR2FBK3,167,1,ok
A0ABR2MP47_taxID_2320717_model,A0ABR2MP47,128,1,ok
A0ABR2NN72_taxID_183260_model,A0ABR2NN72,159,1,ok
A0ABU6QK46_taxID_79078_model,A0ABU6QK46,151,1,ok
A0ABU6SF53_taxID_79078_model,A0ABU6SF53,143,1,ok
A0ABU6U4L1_taxID_79078_model,A0ABU6U4L1,145,1,ok
A0ABU6U640_taxID_79078_model,A0ABU6U640,141,1,ok
A0ABU6U7S4_taxID_79078_model_A,A0ABU6U7S4,127,1,ok
A0ABU6QJX1_taxID_79078_model,A0ABU6QJX1,153,1,ok
A0ABU6U7P2_taxID_79078_model,A0ABU6U7P2,151,1,ok
A0ABU6U958_taxID_79078_model,A0ABU6U958,128,1,ok
A0ACB0L2E8_taxID_57577_model_A,A0ACB0L2E8,161,1,ok
A0A2K3LF60_taxID_57577_model_A,A0A2K3LF60,137,1,ok
A2IAT9_taxID_57577_model_A,A2IAT9,161,1,ok
A0ACB0L519_taxID_57577_model_A,A0ACB0L519,139,1,ok
A0ACB0L4G0_taxID_57577_model_A,A0ACB0L4G0,166,1,ok
B9VNV4_taxID_57577_model_A,B9VNV4,139,1,ok
Q84YI1_taxID_57577_model_A,Q84YI1,139,1,ok
A0ACB7TZV6_taxID_55571_model,A0ACB7TZV6,132,1,ok
A0ACB7VR93_taxID_55571_model_A,A0ACB7VR93,137,1,ok
A0ACB8ZND1_taxID_13427_model,A0ACB8ZND1,153,1,ok
A0ACB9AF37_taxID_13427_model_A,A0ACB9AF37,135,1,ok
A0A251T8E6_taxID_4232_model,A0A251T8E6,161,1,ok
A0A9R1WUM3_taxID_4236_model,A0A9R1WUM3,168,1,ok
A0ACB9EAT5_taxID_185202_model_A,A0ACB9EAT5,163,1,ok
A0ACB9FEQ2_taxID_4217_model,A0ACB9FEQ2,161,1,ok
A0ACB9FEX1_taxID_4217_model,A0ACB9FEX1,165,1,ok
A0ACB9FFD9_taxID_4217_model,A0ACB9FFD9,162,1,ok
A0ACB9FVK7_taxID_185202_model_A,A0ACB9FVK7,159,1,ok
A0ACB9GF36_taxID_13427_model,A0ACB9GF36,159,1,ok
A0ACB9IA76_taxID_185202_model_A,A0ACB9IA76,162,1,ok
A0A251TCC9_taxID_4232_model_A,A0A251TCC9,162,1,ok
A0ACB9IPA5_taxID_185202_model_A,A0ACB9IPA5,157,1,ok
A0ACB9KHH2_taxID_167791_model,A0ACB9KHH2,156,1,ok
A0ACB9KHL1_taxID_167791_model,A0ACB9KHL1,131,1,ok
A0ACB9KQH6_taxID_167791_model,A0ACB9KQH6,154,1,ok
A0ACB9KPZ2_taxID_167791_model,A0ACB9KPZ2,128,1,ok
A0ACC0S972_taxID_3694_model,A0ACC0S972,133,1,ok
A0ACC0T4S4_taxID_3694_model_A,A0ACC0T4S4,181,1,ok
A0A2K2AV86_taxID_3694_model_A,A0A2K2AV86,181,1,ok
A0A4U5NQ50_taxID_43335_model_A,A0A4U5NQ50,181,1,ok
A0A6M2EWV4_taxID_266767_model_A,A0A6M2EWV4,181,1,ok
A0A835KFP6_taxID_1413687_model_A,A0A835KFP6,181,1,ok
A0AAD6W6T7_taxID_444605_model_A,A0AAD6W6T7,181,1,ok
A0AAJ6Y006_taxID_75702_model_A,A0AAJ6Y006,181,1,ok
A0ACC0T5F3_taxID_3694_model_A,A0ACC0T5F3,181,1,ok
A0ACC0T5J0_taxID_3694_model_A,A0ACC0T5J0,181,1,ok
A0ACC4CHH0_taxID_43335_model_A,A0ACC4CHH0,181,1,ok
F8V190_taxID_3694_model_A,F8V190,181,1,ok
A0ACC0XMJ2_taxID_434235_model,A0ACC0XMJ2,162,1,ok
A0ACC2ABB5_taxID_34168_model_A,A0ACC2ABB5,187,1,ok
A0ACC2AB39_taxID_34168_model_A,A0ACC2AB39,187,1,ok
A0ACC2AB81_taxID_34168_model_A,A0ACC2AB81,160,1,ok
A0ACC2AB83_taxID_34168_model_A,A0ACC2AB83,187,1,ok
A0ACC2ABA4_taxID_34168_model_A,A0ACC2ABA4,160,1,ok
A0ACC2ABC4_taxID_34168_model_A,A0ACC2ABC4,187,1,ok
A0ACC2ABE5_taxID_34168_model_A,A0ACC2ABE5,187,1,ok
A0ACC2ASX7_taxID_34168_model_A,A0ACC2ASX7,188,1,ok
A0ACC2ASW8_taxID_34168_model_A,A0ACC2ASW8,187,1,ok
A0ACC2ASX2_taxID_34168_model_A,A0ACC2ASX2,187,1,ok
A0ACC2ASX3_taxID_34168_model_A,A0ACC2ASX3,187,1,ok
A0ACC2ASY1_taxID_34168_model_A,A0ACC2ASY1,187,1,ok
A0ACC2AT34_taxID_34168_model_A,A0ACC2AT34,187,1,ok
A0ACC2AT69_taxID_34168_model_A,A0ACC2AT69,187,1,ok
A0ACC2ATP7_taxID_34168_model_A,A0ACC2ATP7,187,1,ok
A0ACC2AUB8_taxID_34168_model_A,A0ACC2AUB8,187,1,ok
A0ACD5UXG1_taxID_4498_model_A,A0ACD5UXG1,130,1,ok
A0ACD5ZBM6_taxID_4498_model_A,A0ACD5ZBM6,153,1,ok
A0ACD6A2N4_taxID_4498_model_A,A0ACD6A2N4,138,1,ok
A0ACD6AJ11_taxID_4498_model_A,A0ACD6AJ11,165,1,ok
A2IAU0_taxID_57577_model_A,A2IAU0,139,1,ok
A7J0K9_taxID_32222_model,A7J0K9,112,1,ok
A7J0L1_taxID_133206_model,A7J0L1,105,1,ok
A9SJQ8_taxID_3218_model_A,A9SJQ8,151,1,ok
A9T5A8_taxID_3218_model,A9T5A8,141,1,ok
A9U439_taxID_3218_model_A,A9U439,141,1,ok
A0A2K1IZ55_taxID_3218_model_A,A0A2K1IZ55,141,1,ok
A9U514_taxID_3218_model,A9U514,141,1,ok
A0A2K1JC20_taxID_3218_model,A0A2K1JC20,141,1,ok
B6ST03_taxID_4577_model_A,B6ST03,124,1,ok
A0A3L6F3L3_taxID_4577_model_A,A0A3L6F3L3,124,1,ok
B7ZZ57_taxID_4577_model_A,B7ZZ57,124,1,ok
B8AUJ1_taxID_39946_model,B8AUJ1,125,1,ok
C5YIC3_taxID_4558_model_A,C5YIC3,124,1,ok
A0A921QJC7_taxID_4558_model_A,A0A921QJC7,124,1,ok
C5YIC4_taxID_4558_model_A,C5YIC4,129,1,ok
D2CVT3_taxID_59895_model,D2CVT3,161,1,ok
R4JGK9_taxID_59895_model,R4JGK9,163,1,ok
D6P745_taxID_225117_model,D6P745,129,1,ok
H9XP46_taxID_225117_model_A,H9XP46,129,1,ok
D8QTP9_taxID_88036_model_A,D8QTP9,148,1,ok
D8REH0_taxID_88036_model_A,D8REH0,179,1,ok
D8SB51_taxID_88036_model_A,D8SB51,154,1,ok
D8SB54_taxID_88036_model_A,D8SB54,154,1,ok
D8S0G1_taxID_88036_model_A,D8S0G1,154,1,ok
D8S0G3_taxID_88036_model_A,D8S0G3,154,1,ok
D8SFY9_taxID_88036_model_A,D8SFY9,173,1,ok
D8T5J9_taxID_88036_model_A,D8T5J9,158,1,ok
D8RTL3_taxID_88036_model_A,D8RTL3,159,1,ok
D8T5K0_taxID_88036_model_A,D8T5K0,159,1,ok
D8T5K2_taxID_88036_model_A,D8T5K2,106,1,ok
F1DBB7_taxID_223891_model,F1DBB7,160,1,ok
G7JSE1_taxID_3880_model,G7JSE1,71,1,ok
A0A396I5T8_taxID_3880_model,A0A396I5T8,61,1,ok
I1I0X8_taxID_15368_model_A,I1I0X8,131,1,ok
I1I0Y3_taxID_15368_model_A,I1I0Y3,135,1,ok
I4DD55_taxID_46147_model_A,I4DD55,131,1,ok
I4DD56_taxID_46147_model_A,I4DD56,130,1,ok
I4DD57_taxID_46147_model_A,I4DD57,128,1,ok
I7HUF2_taxID_50225_model_A,I7HUF2,162,1,ok
K3Y687_taxID_4555_model,K3Y687,132,1,ok
K3YGS6_taxID_4555_model_A,K3YGS6,169,1,ok
K7M1M4_taxID_3847_model_A,K7M1M4,140,1,ok
L7UVM0_taxID_126914_model_A,L7UVM0,174,1,ok
A0A9R0JWR5_taxID_3562_model_A,A0A9R0JWR5,175,1,ok
O49960_taxID_15819_model_A,O49960,142,1,ok
Q41388_taxID_3562_model_A,Q41388,185,1,ok
A0ABM2BIE9_taxID_3562_model_A,A0ABM2BIE9,185,1,ok
P43310_taxID_3562_model_A,P43310,185,1,ok
Q56N25_taxID_3218_model_A,Q56N25,141,1,ok
A9SUP1_taxID_3218_model_A,A9SUP1,139,1,ok
Q6PLR1_taxID_4565_model_A,Q6PLR1,163,1,ok
A0A3B6NJI8_taxID_4565_model,A0A3B6NJI8,160,1,ok
A0A3B6PH25_taxID_4565_model_A,A0A3B6PH25,163,1,ok
A0A9R1I418_taxID_4565_model,A0A9R1I418,161,1,ok
A0A9R1L9B2_taxID_4565_model_A,A0A9R1L9B2,163,1,ok
Q6YHK5_taxID_4615_model_A,Q6YHK5,152,1,ok
A0A6P5GAN2_taxID_4615_model_A,A0A6P5GAN2,127,1,ok
Q7F4S6_taxID_39947_model_A,Q7F4S6,127,1,ok
A0A0E0N3I2_taxID_4529_model_A,A0A0E0N3I2,127,1,ok
Q84YH9_taxID_57577_model_A,Q84YH9,164,1,ok
Q84YI0_taxID_57577_model_A,Q84YI0,155,1,ok
A0ACB0L2E5_taxID_57577_model_A,A0ACB0L2E5,165,1,ok
Q8LRN3_taxID_4565_model_A,Q8LRN3,134,1,ok
A0A3B6QBL1_taxID_4565_model_A,A0A3B6QBL1,162,1,ok
A0A453MVS1_taxID_200361_model_A,A0A453MVS1,162,1,ok
A0A9R1LFS0_taxID_4565_model_A,A0A9R1LFS0,162,1,ok
Q9FRX6_taxID_4151_model,Q9FRX6,151,1,ok
Q9ZP19_taxID_4120_model_A,Q9ZP19,142,1,ok
S4Y1J2_taxID_1254432_model_A,S4Y1J2,140,1,ok
A0A150TIY7_taxID_56_model_A,A0A150TIY7,140,1,ok
S4XVF0_taxID_1254432_model_A,S4XVF0,140,1,ok
U3UB68_taxID_50225_model,U3UB68,158,1,ok
U3UB71_taxID_50225_model,U3UB71,170,1,ok
U3UB75_taxID_50225_model,U3UB75,165,1,ok
U6C8D7_taxID_50225_model,U6C8D7,172,1,ok
W9RKP2_taxID_981085_model_A,W9RKP2,152,1,ok
W9RAD8_taxID_981085_model_A,W9RAD8,139,1,ok
W9SCQ4_taxID_981085_model_A,W9SCQ4,139,1,ok
W9RL63_taxID_981085_model_A,W9RL63,159,1,ok
A0A0N7EI22_taxID_170012_model_A,A0A0N7EI22,151,1,ok
W9S216_taxID_981085_model_A,W9S216,161,1,ok
W9RL68_taxID_981085_model_A,W9RL68,162,1,ok
W9STI3_taxID_981085_model_A,W9STI3,123,1,ok
A0A076FRP6_taxID_3635_model,A0A076FRP6,0,0,no_cterm
A0A0B2PHV4_taxID_3848_model,A0A0B2PHV4,0,0,no_cterm
A0A0D9ZQY0_taxID_40148_model,A0A0D9ZQY0,0,0,no_cterm
A0A110AXN9_taxID_126903_model,A0A110AXN9,0,0,no_cterm
A0A151TBD1_taxID_3821_model,A0A151TBD1,0,0,no_cterm
A0A176VEY3_taxID_1480154_model,A0A176VEY3,0,0,no_cterm
A0A176W503_taxID_1480154_model,A0A176W503,0,0,no_cterm
A0A176WL12_taxID_1480154_model,A0A176WL12,0,0,no_cterm
A0A2R6VXM9_taxID_3197_model,A0A2R6VXM9,0,0,no_cterm
A0A2R6W043_taxID_3197_model,A0A2R6W043,0,0,no_cterm
A0A2R6W061_taxID_3197_model,A0A2R6W061,0,0,no_cterm
A0A2R6W5A5_taxID_3197_model,A0A2R6W5A5,0,0,no_cterm
A0A2R6W5B2_taxID_3197_model,A0A2R6W5B2,0,0,no_cterm
A0AAF6AWZ2_taxID_1480154_model,A0AAF6AWZ2,0,0,no_cterm
A0AAF6AWZ3_taxID_1480154_model,A0AAF6AWZ3,0,0,no_cterm
A0AAF6AWZ4_taxID_1480154_model,A0AAF6AWZ4,0,0,no_cterm
A0AAF6AWZ5_taxID_1480154_model,A0AAF6AWZ5,0,0,no_cterm
A0AAF6AWZ8_taxID_1480154_model,A0AAF6AWZ8,0,0,no_cterm
A0AAF6B2Z5_taxID_1480154_model,A0AAF6B2Z5,0,0,no_cterm
A0AAF6B2Z6_taxID_1480154_model,A0AAF6B2Z6,0,0,no_cterm
A0A176VIK0_taxID_1480154_model,A0A176VIK0,0,0,no_cterm
A0A2R6XWE1_taxID_3197_model,A0A2R6XWE1,0,0,no_cterm
A0AAF6ASA3_taxID_1480154_model,A0AAF6ASA3,0,0,no_cterm
A0ABD1ZCL7_taxID_41844_model,A0ABD1ZCL7,0,0,no_cterm
A0A176WEU2_taxID_1480154_model,A0A176WEU2,36,1,no_cterm
A0A2R6WMN0_taxID_3197_model,A0A2R6WMN0,0,0,no_cterm
A0AAF6BVM1_taxID_1480154_model,A0AAF6BVM1,0,0,no_cterm
A0ABD1XW85_taxID_41844_model,A0ABD1XW85,0,0,no_cterm
A0ABD1XWP8_taxID_41844_model,A0ABD1XWP8,0,0,no_cterm
A0A176WFY1_taxID_1480154_model,A0A176WFY1,0,0,no_cterm
A0A176WGP9_taxID_1480154_model,A0A176WGP9,0,0,no_cterm
A0A2R6VZH9_taxID_3197_model,A0A2R6VZH9,0,0,no_cterm
A0AAF6AX00_taxID_1480154_model,A0AAF6AX00,0,0,no_cterm
A0A1E5WHX8_taxID_888268_model,A0A1E5WHX8,0,0,no_cterm
A0ABQ7U4I8_taxID_4113_model_A,A0ABQ7U4I8,0,0,no_cterm
K4CMI2_taxID_4081_model_A,K4CMI2,0,0,no_cterm
A0A1Y1IJ30_taxID_105231_model_A,A0A1Y1IJ30,0,0,no_cterm
A0A251TN65_taxID_4232_model,A0A251TN65,0,0,no_cterm
A0A2G2XMI6_taxID_33114_model,A0A2G2XMI6,0,0,no_cterm
A0A2G9GQP1_taxID_429701_model,A0A2G9GQP1,0,0,no_cterm
A0A2G9H9E5_taxID_429701_model,A0A2G9H9E5,0,0,no_cterm
A0A2K1K363_taxID_3218_model_A,A0A2K1K363,0,0,no_cterm
A0A7I3ZAZ7_taxID_3218_model_A,A0A7I3ZAZ7,0,0,no_cterm
A0A2N9HWV5_taxID_28930_model,A0A2N9HWV5,0,0,no_cterm
A0A9Q0VUS2_taxID_77065_model,A0A9Q0VUS2,0,0,no_cterm
A0A9W7JLJ4_taxID_183268_model,A0A9W7JLJ4,0,0,no_cterm
A0A2R6VZB5_taxID_3197_model_A,A0A2R6VZB5,0,0,no_cterm
A0A2R6VZL9_taxID_3197_model,A0A2R6VZL9,0,0,no_cterm
A0A2R6VYL4_taxID_3197_model_A,A0A2R6VYL4,0,0,no_cterm
A0A2R6WCK4_taxID_3197_model,A0A2R6WCK4,0,0,no_cterm
A0A176VZ75_taxID_1480154_model,A0A176VZ75,0,0,no_cterm
A0A2R6X2S1_taxID_3197_model,A0A2R6X2S1,0,0,no_cterm
A0A2R6XDH5_taxID_3197_model,A0A2R6XDH5,0,0,no_cterm
A0A2R6XDH6_taxID_3197_model,A0A2R6XDH6,0,0,no_cterm
A0A176WIF4_taxID_1480154_model,A0A176WIF4,0,0,no_cterm
A0A2R6XDH9_taxID_3197_model,A0A2R6XDH9,0,0,no_cterm
A0A2U1Q0M8_taxID_35608_model,A0A2U1Q0M8,0,0,no_cterm
A0A3Q7ILS0_taxID_4081_model_A,A0A3Q7ILS0,0,0,no_cterm
A0A484MJ80_taxID_132261_model,A0A484MJ80,0,0,no_cterm
A0A5J5R929_taxID_3634_model,A0A5J5R929,0,0,no_cterm
A0A118K108_taxID_59895_model_A,A0A118K108,0,0,no_cterm
A0A5N6NWK0_taxID_192012_model,A0A5N6NWK0,0,0,no_cterm
A0A679DYJ4_taxID_1480154_model_A,A0A679DYJ4,0,0,no_cterm
A0A176VQY9_taxID_1480154_model_A,A0A176VQY9,0,0,no_cterm
A0A2R6WF97_taxID_3197_model_A,A0A2R6WF97,0,0,no_cterm
A0AAV6HW47_taxID_479676_model,A0AAV6HW47,0,0,no_cterm
A0A6A6NKK1_taxID_3981_model,A0A6A6NKK1,0,0,no_cterm
A0AAE1QU03_taxID_243964_model_A,A0AAE1QU03,0,0,no_cterm
A0A6J5VS35_taxID_36596_model,A0A6J5VS35,0,0,no_cterm
A0A6J5Y3P4_taxID_36596_model,A0A6J5Y3P4,0,0,no_cterm
A0A6N2KVB3_taxID_40686_model_A,A0A6N2KVB3,0,0,no_cterm
A0A7D5G996_taxID_223891_model,A0A7D5G996,0,0,no_cterm
A0A7J6EUW8_taxID_3483_model_A,A0A7J6EUW8,0,0,no_cterm
A0A7J7GY73_taxID_4442_model,A0A7J7GY73,0,0,no_cterm
A0A7J8VK25_taxID_34286_model,A0A7J8VK25,0,0,no_cterm
A0A7J9AIE8_taxID_34288_model,A0A7J9AIE8,0,0,no_cterm
A0A061GMK1_taxID_3641_model,A0A061GMK1,0,0,no_cterm
A0A1D1ZH17_taxID_1678845_model,A0A1D1ZH17,0,0,no_cterm
A0A1U7ZNA7_taxID_4432_model_A,A0A1U7ZNA7,0,0,no_cterm
A0A1U8JTD9_taxID_3635_model_A,A0A1U8JTD9,0,0,no_cterm
A0A200PQR0_taxID_56857_model,A0A200PQR0,0,0,no_cterm
A0A2G2XM25_taxID_33114_model,A0A2G2XM25,0,0,no_cterm
A0A2G5CHB1_taxID_218851_model,A0A2G5CHB1,0,0,no_cterm
A0A2G5D3X9_taxID_218851_model,A0A2G5D3X9,0,0,no_cterm
A0A2G5EJL9_taxID_218851_model_A,A0A2G5EJL9,0,0,no_cterm
A0A2G9G0D2_taxID_429701_model_A,A0A2G9G0D2,0,0,no_cterm
A0A2N9HV20_taxID_28930_model,A0A2N9HV20,0,0,no_cterm
A0A2P5WVT9_taxID_3634_model_A,A0A2P5WVT9,0,0,no_cterm
A0A2P6PP83_taxID_74649_model_A,A0A2P6PP83,0,0,no_cterm
A0A2U1PRI5_taxID_35608_model,A0A2U1PRI5,0,0,no_cterm
A0A314XJ02_taxID_2094558_model_A,A0A314XJ02,0,0,no_cterm
A0A3B6CD40_taxID_4565_model,A0A3B6CD40,0,0,no_cterm
A0A3B6G245_taxID_4565_model,A0A3B6G245,0,0,no_cterm
A0A3L6SJK9_taxID_4540_model,A0A3L6SJK9,0,0,no_cterm
A0A453D0G4_taxID_200361_model,A0A453D0G4,0,0,no_cterm
A0A498K1J9_taxID_3750_model_A,A0A498K1J9,0,0,no_cterm
A0A4D6DKH9_taxID_2563119_model,A0A4D6DKH9,0,0,no_cterm
A0A4D6L761_taxID_3917_model,A0A4D6L761,0,0,no_cterm
A0A4U6VL40_taxID_4556_model,A0A4U6VL40,0,0,no_cterm
A0A4Y7L1N8_taxID_3469_model_A,A0A4Y7L1N8,0,0,no_cterm
A0A4Y7LJR4_taxID_3469_model_A,A0A4Y7LJR4,0,0,no_cterm
A0A5D2VZY8_taxID_34275_model_A,A0A5D2VZY8,0,0,no_cterm
A0A5J9TTW4_taxID_38414_model,A0A5J9TTW4,0,0,no_cterm
A0A6P5U5T0_taxID_42229_model_A,A0A6P5U5T0,0,0,no_cterm
A0A7D7A9L5_taxID_3860_model,A0A7D7A9L5,0,0,no_cterm
A0A7I8KJV7_taxID_51605_model_A,A0A7I8KJV7,0,0,no_cterm
A0A7J0F049_taxID_165716_model,A0A7J0F049,0,0,no_cterm
A0A7J6GE54_taxID_3483_model_A,A0A7J6GE54,0,0,no_cterm
A0A7J6X8X7_taxID_46969_model_A,A0A7J6X8X7,0,0,no_cterm
A0A7J7BZ93_taxID_458696_model_A,A0A7J7BZ93,0,0,no_cterm
A0A7J7BZA3_taxID_458696_model_A,A0A7J7BZA3,0,0,no_cterm
A0A7J7L126_taxID_39325_model_A,A0A7J7L126,0,0,no_cterm
A0A7J8Y4D5_taxID_34290_model,A0A7J8Y4D5,0,0,no_cterm
A0A7J8Y586_taxID_34290_model,A0A7J8Y586,0,0,no_cterm
A0A7J9E070_taxID_34281_model,A0A7J9E070,0,0,no_cterm
A0A7J9HMB7_taxID_34285_model_A,A0A7J9HMB7,0,0,no_cterm
A0A7J9J501_taxID_34283_model,A0A7J9J501,0,0,no_cterm
A0A7J9K0B4_taxID_34283_model,A0A7J9K0B4,0,0,no_cterm
A0A804K4K9_taxID_214687_model,A0A804K4K9,0,0,no_cterm
A0A804RRR4_taxID_4577_model,A0A804RRR4,0,0,no_cterm
A0A811NZK3_taxID_422564_model_A,A0A811NZK3,0,0,no_cterm
A0A822Z7C8_taxID_4432_model_A,A0A822Z7C8,0,0,no_cterm
A0A835DNL4_taxID_13715_model_A,A0A835DNL4,0,0,no_cterm
A0A835I7W5_taxID_261450_model_A,A0A835I7W5,0,0,no_cterm
A0A835QLC7_taxID_51239_model,A0A835QLC7,0,0,no_cterm
A0A8J5T3N5_taxID_103762_model,A0A8J5T3N5,0,0,no_cterm
A0A8S0Q4Z9_taxID_158383_model,A0A8S0Q4Z9,0,0,no_cterm
A0A9D4UPM2_taxID_13818_model,A0A9D4UPM2,0,0,no_cterm
A0A9D4Z585_taxID_13818_model_A,A0A9D4Z585,0,0,no_cterm
A0A9D5CS63_taxID_325984_model,A0A9D5CS63,0,0,no_cterm
A0A9E7H9U5_taxID_320322_model,A0A9E7H9U5,0,0,no_cterm
A0A9E7KM16_taxID_320322_model,A0A9E7KM16,0,0,no_cterm
A0A9P1EFV4_taxID_41803_model,A0A9P1EFV4,0,0,no_cterm
A0A9Q0FVE9_taxID_218843_model_A,A0A9Q0FVE9,0,0,no_cterm
A0A9Q0U7U2_taxID_40686_model,A0A9Q0U7U2,0,0,no_cterm
A0A9Q0ZBQ2_taxID_2511006_model,A0A9Q0ZBQ2,0,0,no_cterm
A0A9Q1A0X2_taxID_77065_model,A0A9Q1A0X2,0,0,no_cterm
A0A9R1EIT3_taxID_4565_model,A0A9R1EIT3,0,0,no_cterm
A0A9R1FRE5_taxID_4565_model,A0A9R1FRE5,0,0,no_cterm
A0A9W7MS00_taxID_183268_model_A,A0A9W7MS00,0,0,no_cterm
A0AA35YT50_taxID_75948_model,A0AA35YT50,0,0,no_cterm
A0AA38CVL5_taxID_29808_model,A0AA38CVL5,0,0,no_cterm
A0AA38F4V6_taxID_29808_model,A0AA38F4V6,0,0,no_cterm
A0AA89B2U6_taxID_1293975_model,A0AA89B2U6,0,0,no_cterm
A0AAD4RVK4_taxID_357466_model_A,A0AAD4RVK4,0,0,no_cterm
A0AAD4XE67_taxID_357466_model_A,A0AAD4XE67,0,0,no_cterm
A0AAD7P9S4_taxID_32244_model,A0AAD7P9S4,0,0,no_cterm
A0AAN9QJR5_taxID_3824_model_A,A0AAN9QJR5,0,0,no_cterm
A0AAP0I583_taxID_461633_model_A,A0AAP0I583,0,0,no_cterm
A0AAP0IE14_taxID_152367_model_A,A0AAP0IE14,0,0,no_cterm
A0AAP0IE78_taxID_152367_model,A0AAP0IE78,0,0,no_cterm
A0AAP0JNA5_taxID_152371_model_A,A0AAP0JNA5,0,0,no_cterm
A0AAP0KHG4_taxID_461633_model_A,A0AAP0KHG4,0,0,no_cterm
A0AAQ3KC62_taxID_4628_model_A,A0AAQ3KC62,0,0,no_cterm
A0AAQ3NE20_taxID_3915_model,A0AAQ3NE20,0,0,no_cterm
A0AAQ3RXA6_taxID_3915_model,A0AAQ3RXA6,0,0,no_cterm
A0AAV0PCP3_taxID_586396_model,A0AAV0PCP3,0,0,no_cterm
A0AAV5D987_taxID_191504_model,A0AAV5D987,0,0,no_cterm
A0AAV7EM17_taxID_158543_model_A,A0AAV7EM17,0,0,no_cterm
A0AAW2J0M6_taxID_2727403_model,A0AAW2J0M6,0,0,no_cterm
A0AAW2KFM7_taxID_300843_model,A0AAW2KFM7,0,0,no_cterm
A0AAW2PH40_taxID_2727405_model_A,A0AAW2PH40,0,0,no_cterm
A0AAW2T3A6_taxID_300843_model,A0AAW2T3A6,0,0,no_cterm
A0ABM4WNW1_taxID_13443_model_A,A0ABM4WNW1,0,0,no_cterm
A0ABR0XED2_taxID_99300_model,A0ABR0XED2,0,0,no_cterm
A0ABU6QKV3_taxID_79078_model,A0ABU6QKV3,0,0,no_cterm
A0ACC2M6H9_taxID_3435_model_A,A0ACC2M6H9,0,0,no_cterm
A0ACC2M6I7_taxID_3435_model_A,A0ACC2M6I7,0,0,no_cterm
A0ACD5V2G9_taxID_4498_model_A,A0ACD5V2G9,0,0,no_cterm
A5X3J8_taxID_39947_model,A5X3J8,0,0,no_cterm
A5X3P3_taxID_4529_model,A5X3P3,0,0,no_cterm
A5X3P7_taxID_4529_model,A5X3P7,0,0,no_cterm
A5X3P8_taxID_4529_model,A5X3P8,0,0,no_cterm
A7J0K6_taxID_140994_model,A7J0K6,0,0,no_cterm
A7J0K7_taxID_106546_model,A7J0K7,0,0,no_cterm
A7J0K8_taxID_140996_model,A7J0K8,0,0,no_cterm
A7J0L0_taxID_140997_model,A7J0L0,0,0,no_cterm
A7J0L2_taxID_35969_model,A7J0L2,0,0,no_cterm
A7J0L3_taxID_141002_model,A7J0L3,0,0,no_cterm
A7J0L4_taxID_141003_model,A7J0L4,0,0,no_cterm
A7J0L5_taxID_36612_model,A7J0L5,0,0,no_cterm
A7J0L7_taxID_133198_model,A7J0L7,0,0,no_cterm
A7J0L9_taxID_140998_model,A7J0L9,0,0,no_cterm
A7J0M2_taxID_32239_model,A7J0M2,0,0,no_cterm
A7J0M4_taxID_3755_model,A7J0M4,0,0,no_cterm
A7J0M5_taxID_151437_model,A7J0M5,0,0,no_cterm
A7J0M6_taxID_141004_model,A7J0M6,0,0,no_cterm
A7J0M8_taxID_141006_model,A7J0M8,0,0,no_cterm
A7J0N1_taxID_36600_model,A7J0N1,0,0,no_cterm
B0FIU2_taxID_3469_model_A,B0FIU2,0,0,no_cterm
B3TPV6_taxID_37682_model,B3TPV6,0,0,no_cterm
B9VU65_taxID_32224_model,B9VU65,0,0,no_cterm
D2SMN2_taxID_54796_model_A,D2SMN2,0,0,no_cterm
E5L9E4_taxID_4432_model,E5L9E4,0,0,no_cterm
O49132_taxID_35925_model,O49132,0,0,no_cterm
Q01KB8_taxID_4530_model,Q01KB8,0,0,no_cterm
Q5G1L3_taxID_309516_model,Q5G1L3,0,0,no_cterm
V7BQF7_taxID_3885_model_A,V7BQF7,0,0,no_cterm
A0A803QFV7_taxID_3483_model,A0A803QFV7,0,0,no_cterm
A0A5B7BMB9_taxID_16924_model,A0A5B7BMB9,0,0,no_cterm
A0AAU9M8C5_taxID_75947_model,A0AAU9M8C5,0,0,no_cterm
A0A804K4K7_taxID_214687_model,A0A804K4K7,0,0,no_cterm
A0A833RDF0_taxID_544730_model,A0A833RDF0,0,0,no_cterm
A0A843XT25_taxID_4460_model_A,A0A843XT25,0,0,no_cterm
A0A8J5YYR4_taxID_47600_model,A0A8J5YYR4,0,0,no_cterm
A0A8J6CKG0_taxID_47600_model_A,A0A8J6CKG0,0,0,no_cterm
A0A8K0IQ09_taxID_13894_model,A0A8K0IQ09,0,0,no_cterm
A0A8T0GM83_taxID_3225_model_A,A0A8T0GM83,0,0,no_cterm
A0A8T0QMF9_taxID_38727_model,A0A8T0QMF9,0,0,no_cterm
A0A8T0QPN1_taxID_38727_model,A0A8T0QPN1,0,0,no_cterm
A0A8T0QVS1_taxID_38727_model,A0A8T0QVS1,0,0,no_cterm
A0A8T0QVK0_taxID_38727_model,A0A8T0QVK0,0,0,no_cterm
A0A8T2TDG2_taxID_49495_model,A0A8T2TDG2,0,0,no_cterm
A0A8T2V169_taxID_49495_model,A0A8T2V169,0,0,no_cterm
A0A8T2UT99_taxID_49495_model,A0A8T2UT99,0,0,no_cterm
A0A9D3URW0_taxID_47602_model,A0A9D3URW0,0,0,no_cterm
A0A9P0ZJR5_taxID_41803_model,A0A9P0ZJR5,0,0,no_cterm
A0A9Q0KV07_taxID_273540_model,A0A9Q0KV07,0,0,no_cterm
A0A9Q0QJI7_taxID_40686_model,A0A9Q0QJI7,0,0,no_cterm
A0A9W7LP53_taxID_183268_model,A0A9W7LP53,0,0,no_cterm
A0A6J1BLU4_taxID_108875_model,A0A6J1BLU4,0,0,no_cterm
A0AA36A5G4_taxID_75948_model,A0AA36A5G4,0,0,no_cterm
A0AA38TIK8_taxID_347529_model,A0AA38TIK8,0,0,no_cterm
A0AA42B2P4_taxID_74823_model,A0AA42B2P4,0,0,no_cterm
A0AAD4RYT2_taxID_357466_model,A0AAD4RYT2,0,0,no_cterm
A0A4Y7IAC7_taxID_3469_model_A,A0A4Y7IAC7,0,0,no_cterm
A0A4Y7K271_taxID_3469_model_A,A0A4Y7K271,0,0,no_cterm
A0AAD4SFR9_taxID_357466_model,A0AAD4SFR9,0,0,no_cterm
A0AAD5D1H6_taxID_4212_model,A0AAD5D1H6,0,0,no_cterm
A0AAD5D3B2_taxID_4212_model,A0AAD5D3B2,0,0,no_cterm
A0AAD5DD46_taxID_4212_model,A0AAD5DD46,0,0,no_cterm
A0AAD6NSF9_taxID_889485_model_A,A0AAD6NSF9,0,0,no_cterm
A0AAE2CUP1_taxID_300844_model,A0AAE2CUP1,0,0,no_cterm
A0AAF6AWZ9_taxID_1480154_model,A0AAF6AWZ9,0,0,no_cterm
A0A2R6VZH5_taxID_3197_model,A0A2R6VZH5,0,0,no_cterm
A0AAF6B5F1_taxID_1480154_model,A0AAF6B5F1,0,0,no_cterm
A0A176VKC3_taxID_1480154_model,A0A176VKC3,0,0,no_cterm
A0A2R6WKW3_taxID_3197_model,A0A2R6WKW3,0,0,no_cterm
A0AAF6BMM8_taxID_1480154_model_A,A0AAF6BMM8,0,0,no_cterm
A0A176W193_taxID_1480154_model_A,A0A176W193,0,0,no_cterm
A0A2R6VZE8_taxID_3197_model_A,A0A2R6VZE8,0,0,no_cterm
A0AAP0HAD4_taxID_3103831_model,A0AAP0HAD4,0,0,no_cterm
A0AAP0JNY2_taxID_152371_model,A0AAP0JNY2,0,0,no_cterm
A0AAP0PMG1_taxID_152371_model,A0AAP0PMG1,0,0,no_cterm
A0AAP0J9F0_taxID_461633_model_A,A0AAP0J9F0,0,0,no_cterm
A0AAV0ND81_taxID_586396_model,A0AAV0ND81,0,0,no_cterm
A0AAV5G052_taxID_191504_model,A0AAV5G052,0,0,no_cterm
A0AAV9B0B5_taxID_55184_model_A,A0AAV9B0B5,0,0,no_cterm
A0AAV9LU83_taxID_50273_model,A0AAV9LU83,0,0,no_cterm
A0AAW2K313_taxID_300843_model_A,A0AAW2K313,0,0,no_cterm
A0AAW2KM54_taxID_2727405_model_A,A0AAW2KM54,0,0,no_cterm
A0AAW2MB87_taxID_2727403_model,A0AAW2MB87,0,0,no_cterm
A0AAW2TNW9_taxID_2727402_model,A0AAW2TNW9,0,0,no_cterm
A0AAW2WSM8_taxID_2727402_model,A0AAW2WSM8,0,0,no_cterm
A0AAX6E5A0_taxID_29817_model,A0AAX6E5A0,0,0,no_cterm
A0AAX6EJQ7_taxID_29817_model,A0AAX6EJQ7,0,0,no_cterm
A0AB40BPK1_taxID_55577_model,A0AB40BPK1,0,0,no_cterm
A0ABC8Z2B9_taxID_240449_model,A0ABC8Z2B9,0,0,no_cterm
A0ABC9HG94_taxID_240449_model,A0ABC9HG94,0,0,no_cterm
A0ABD1WHD2_taxID_205694_model_A,A0ABD1WHD2,0,0,no_cterm
A0ABD1ZAC3_taxID_41844_model,A0ABD1ZAC3,0,0,no_cterm
A0ABD1ZP60_taxID_41844_model,A0ABD1ZP60,0,0,no_cterm
A0ABD1ZQZ6_taxID_41844_model_A,A0ABD1ZQZ6,0,0,no_cterm
A0ABD2RGS5_taxID_62892_model,A0ABD2RGS5,0,0,no_cterm
A0ABD2YN85_taxID_153742_model_A,A0ABD2YN85,0,0,no_cterm
A0ABD3GLM9_taxID_122646_model,A0ABD3GLM9,0,0,no_cterm
A0ABD3GYN1_taxID_122646_model,A0ABD3GYN1,0,0,no_cterm
A0A2R6WG95_taxID_3197_model,A0A2R6WG95,0,0,no_cterm
A0ABD3HTA3_taxID_122646_model,A0ABD3HTA3,0,0,no_cterm
A0ABD3HAP7_taxID_122646_model,A0ABD3HAP7,0,0,no_cterm
A0ABD3HTA8_taxID_122646_model,A0ABD3HTA8,0,0,no_cterm
A0ABD3I1K4_taxID_122646_model,A0ABD3I1K4,0,0,no_cterm
A0ABD3I4E3_taxID_122646_model,A0ABD3I4E3,0,0,no_cterm
A0A176VS61_taxID_1480154_model,A0A176VS61,0,0,no_cterm
A0A2R6XDI4_taxID_3197_model,A0A2R6XDI4,0,0,no_cterm
A0ABD3I1T0_taxID_122646_model,A0ABD3I1T0,0,0,no_cterm
A0ABD3I4U1_taxID_122646_model,A0ABD3I4U1,0,0,no_cterm
A0ABD3I5S8_taxID_122646_model,A0ABD3I5S8,0,0,no_cterm
A0ABQ5IWI5_taxID_301880_model,A0ABQ5IWI5,0,0,no_cterm
A0ABR0XA22_taxID_99300_model,A0ABR0XA22,0,0,no_cterm
A0ABU6RLL4_taxID_79078_model,A0ABU6RLL4,0,0,no_cterm
A0ABU6U4L6_taxID_79078_model_A,A0ABU6U4L6,0,0,no_cterm
A0ABU6U5W4_taxID_79078_model,A0ABU6U5W4,0,0,no_cterm
A0ACB7VR67_taxID_55571_model,A0ACB7VR67,0,0,no_cterm
A0ACB9IQL7_taxID_185202_model,A0ACB9IQL7,0,0,no_cterm
A0ACB9KQN4_taxID_167791_model,A0ACB9KQN4,0,0,no_cterm
A0A8X8D4Z9_taxID_118781_model_A,A0A8X8D4Z9,0,0,no_cterm
A0A8X8D6J9_taxID_118781_model_A,A0A8X8D6J9,0,0,no_cterm
A0ACC1A5Y2_taxID_434234_model,A0ACC1A5Y2,0,0,no_cterm
A1EHK7_taxID_3847_model_A,A1EHK7,0,0,no_cterm
A7J0M0_taxID_32237_model,A7J0M0,0,0,no_cterm
A0ABR0VK49_taxID_99300_model,A0ABR0VK49,0,0,no_cterm
A7J0M3_taxID_133203_model,A7J0M3,0,0,no_cterm
B8AUJ0_taxID_39946_model,B8AUJ0,0,0,no_cterm
D8T3T5_taxID_88036_model_A,D8T3T5,0,0,no_cterm
D8RI09_taxID_88036_model_A,D8RI09,0,0,no_cterm
Q68NI4_taxID_4442_model,Q68NI4,0,0,no_cterm
