accession	thioether	sg_dist
A0A010Q293	-	15.31
A0A010Q4B9	-	23.85
A0A010QAA5	-	22.97
A0A010QHN9	-	22.38
A0A010QL93	-	15.29
A0A010QPL7	-	21.83
A0A010QXZ0	-	16.89
A0A010QYY8	-	10.92
A0A010R9A2	-	22.78
A0A010RBA2	C*	3.56
A0A010RL70	-	23.07
A0A010RM53	-	23.02
A0A010RPY0	-	22.51
A0A010RQ21	-	22.74
A0A010RUM6	C	3.39
A0A010RV53	-	NA
A0A010RV80	-	10.36
A0A010RY59	C	3.24
A0A010RYF3	-	16.52
A0A010S1R5	-	NA
A0A010S6Q2	-	22.75
A0A010SFQ0	-	14.85
A0A010SKU6	C	3.49
A0A010SMB4	-	16.08
A0A010SNL7	-	22.82
A0A014N831	-	NA
A0A014P1F1	-	19.85
A0A014PNW6	C	3.16
A0A014QX88	-	22.71
A0A016RWG9	-	17.00
A0A016RXK8	-	17.00
A0A016S930	-	18.12
A0A016SJ50	-	12.59
A0A016SK14	-	12.44
A0A016T0A5	-	13.01
A0A016T1G5	-	13.50
A0A016TKY1	-	14.04
A0A016UL52	-	11.21
A0A016ULR3	-	11.20
A0A016VBJ0	-	11.55
A0A016VC89	-	10.85
A0A016VDA3	-	10.84
A0A016VE53	-	11.63
A0A016VS08	-	14.19
A0A016W0V7	-	13.15
A0A016W1G3	-	13.16
A0A016W215	-	NA
A0A016W259	C*	8.98
A0A016W313	C*	8.09
A0A016W324	-	NA
A0A016W3A4	-	13.24
A0A016W3W4	-	12.67
A0A016WCE7	-	11.62
A0A016WQP8	-	11.77
A0A016WQV2	-	11.50
A0A017SD63	-	23.21
A0A017SF68	C	3.42
A0A022QC39	C	2.79
A0A022QE60	C	2.53
A0A022QG63	C	2.90
A0A022QL39	C	2.82
A0A022R0C6	C	2.66
A0A022R0D6	C	2.65
A0A022R1L2	C	2.77
A0A022R1L7	C	2.87
A0A022R3H9	C	2.97
A0A022R5P3	C	2.90
A0A022WGP6	C	3.34
A0A022Y7J2	C	3.32
A0A023GU59	-	NA
A0A023PMD2	C	2.74
A0A023PN01	C	2.81
A0A023PNV8	C	2.86
A0A023PP81	C	2.84
A0A024CHG7	-	15.95
A0A024CHH0	-	14.08
A0A024CHU4	-	15.53
A0A024CHU9	-	19.25
A0A024CI03	-	13.06
A0A024CI05	-	21.87
A0A024CIJ0	-	19.18
A0A024CIJ4	-	15.70
A0A024CIJ8	-	14.58
A0A024CJP7	-	15.90
A0A024CJQ0	-	21.83
A0A024DBG7	-	13.26
A0A024FR46	C	2.85
A0A024FS61	C	2.85
A0A024FZ14	-	11.99
A0A024GPM3	-	12.49
A0A024S4X8	C	3.37
A0A024SD58	C	3.20
A0A024SJR1	C	2.94
A0A024T961	-	NA
A0A024T9U4	-	11.85
A0A024TEL4	-	11.86
A0A024TMR4	-	10.76
A0A024TN69	-	10.76
A0A024UGQ1	-	NA
A0A024UNS3	-	11.83
A0A024UP64	-	11.92
A0A024URD5	-	12.16
A0A058ZW33	C	2.71
A0A059CCV1	C	3.33
A0A059CDE4	C	2.81
A0A059F260	-	51.39
A0A059JJQ6	C	3.11
A0A059TZU2	-	12.83
A0A059U1P9	-	12.81
A0A059UAM0	C	2.87
A0A060S6S8	C*	4.00
A0A060WMQ6	-	13.23
A0A060WUY0	-	13.24
A0A060X1G5	-	12.81
A0A060X8B7	-	13.60
A0A060XL10	-	13.27
A0A061DZ45	C	3.23
A0A061E0X0	C	3.15
A0A061E6S7	C	3.22
A0A061GEN3	C	2.91
A0A061GFI2	-	NA
A0A061GFY3	C	2.76
A0A061GFY7	C	3.01
A0A061GMJ6	C	2.76
A0A061GMK1	C	2.93
A0A061HFI6	C	3.36
A0A061HSG6	C	3.47
A0A061IGF6	-	13.13
A0A062U9V8	C	2.85
A0A063BRM1	C*	3.57
A0A066RUA7	-	NA
A0A066WXF3	C	3.41
A0A066X3Q1	-	NA
A0A066X6L4	-	15.83
A0A066X7V3	C	3.35
A0A066X846	-	23.05
A0A066X9U3	C	3.41
A0A066XLM3	-	23.18
A0A066XQD0	-	22.78
A0A066XSE1	-	NA
A0A066XSY6	C*	3.54
A0A066XW40	C	3.06
A0A066XWR5	-	23.65
A0A066XZ78	-	22.87
A0A066Y1D2	-	22.72
A0A066Y1V3	-	NA
A0A066Z0K1	C	3.35
A0A067BLT8	-	10.76
A0A067BLZ4	-	11.92
A0A067BRT6	-	11.94
A0A067BTT5	-	15.77
A0A067BUS0	-	21.46
A0A067BX73	-	10.67
A0A067BZH5	-	10.69
A0A067C156	-	11.97
A0A067C631	-	10.65
A0A067CPX4	-	11.78
A0A067CT24	-	NA
A0A067CXC8	-	12.13
A0A067CZT6	-	NA
A0A067D5R2	-	12.08
A0A067D814	-	12.06
A0A067GK93	C	2.85
A0A067JAU2	C	2.97
A0A067MC03	-	23.32
A0A067MC09	-	23.33
A0A067MJR9	C	3.28
A0A067MSX0	-	15.52
A0A067N7R8	-	22.07
A0A067NXD0	-	13.20
A0A067PHP8	C	2.95
A0A067PSS3	C*	3.88
A0A067S9C3	-	15.78
A0A067T9P6	-	22.54
A0A067TCE7	-	22.01
A0A067TKM5	C	3.11
A0A067XIX1	C*	10.41
A0A068NQY3	C	3.26
A0A068TU86	C	2.79
A0A068UD36	C	2.86
A0A068UEN7	C	2.90
A0A068UEP3	C	2.93
A0A068VNV4	C	2.81
A0A069NJ99	C	3.16
A0A069P877	C	2.99
A0A069P8P9	C*	3.50
A0A072P207	-	20.33
A0A072P5W0	-	23.18
A0A072P8W8	-	22.26
A0A072PCR1	-	18.93
A0A072PJG5	-	16.64
A0A072Q6Y5	-	NA
A0A074RCL1	-	22.09
A0A074RJD3	-	21.74
A0A074RKY4	-	21.74
A0A074RLS0	-	21.99
A0A074RRF8	C*	3.61
A0A074RSM2	-	22.10
A0A074RSY5	C*	3.56
A0A074RTB9	-	17.33
A0A074RWE6	-	NA
A0A074RXC0	-	23.41
A0A074RXE5	-	15.68
A0A074RXR6	-	23.50
A0A074RYB7	-	15.57
A0A074S0H8	-	22.05
A0A074S2B5	-	21.96
A0A074S7C5	-	13.90
A0A074S7W9	-	10.71
A0A074S897	-	23.66
A0A074S9M8	-	NA
A0A074SA15	-	22.12
A0A074SDG0	-	NA
A0A074SFZ9	-	23.26
A0A074SK72	-	14.13
A0A074SK81	-	14.36
A0A074SUA9	-	22.55
A0A074VDT7	-	22.96
A0A074VGZ0	-	19.95
A0A074VIF5	C	3.24
A0A074W682	-	NA
A0A074W6F3	-	NA
A0A074WGJ9	C	2.94
A0A074WJS2	-	22.58
A0A074WWD6	-	22.88
A0A074X475	-	22.85
A0A074XC75	C	3.22
A0A074XNA1	-	22.68
A0A074XR97	-	22.80
A0A074XWE1	-	22.93
A0A074Y1Q9	-	22.80
A0A074YH07	-	22.76
A0A074YPA7	C	2.52
A0A074YPF6	-	22.69
A0A074YQS1	-	NA
A0A074Z7G7	C*	10.24
A0A074ZDD7	-	NA
A0A074ZPR2	C*	11.15
A0A075AU36	-	22.32
A0A075AX41	-	21.75
A0A075AYG4	-	23.43
A0A075B1D3	-	11.47
A0A075BWS7	C	2.88
A0A075BX21	C	2.82
A0A075DN54	C	2.85
A0A076FRB3	C	2.95
A0A076FRN6	C	2.91
A0A076FRP2	C	2.94
A0A076FRP6	C	2.83
A0A076FT34	C	2.85
A0A076FX85	C	2.82
A0A076FX88	C	2.81
A0A076JQI5	-	25.03
A0A076KXK6	-	16.29
A0A077HD11	-	17.43
A0A077R9S7	-	16.01
A0A077S4H3	C*	4.79
A0A077YX65	-	NA
A0A077Z814	-	10.88
A0A077ZGT3	-	NA
A0A078AII6	C*	3.82
A0A080Z0A1	-	12.52
A0A080ZC48	-	NA
A0A080ZC49	-	NA
A0A080ZVP8	-	12.27
A0A080ZVP9	-	NA
A0A080ZVS2	-	12.29
A0A080ZVS5	-	12.52
A0A080ZVS7	-	12.07
A0A081AHF5	-	12.05
A0A081AVN2	-	12.15
A0A081AZP8	-	12.28
A0A081CKB9	-	16.48
A0A081XZW0	-	NA
A0A084AF08	-	22.47
A0A084AJL7	-	NA
A0A084AR48	-	23.77
A0A084AV30	C	2.91
A0A084AYI1	C	3.44
A0A084B2K4	-	23.00
A0A084B4D9	-	21.90
A0A084B663	-	23.08
A0A084B7G3	-	15.44
A0A084B8J4	-	23.35
A0A084BB06	-	22.20
A0A084FV28	-	23.09
A0A084FV70	-	23.29
A0A084G098	-	15.46
A0A084G3K0	-	22.91
A0A084G593	-	15.69
A0A084G5H0	-	18.90
A0A084G6B5	-	22.67
A0A084G7V9	-	22.11
A0A084G9G0	-	16.03
A0A084GCK1	-	23.32
A0A084GDW0	-	NA
A0A084GGH5	C	2.95
A0A084QC22	C	3.06
A0A084QCB8	-	23.07
A0A084QJ67	C	3.36
A0A084QQ18	-	21.83
A0A084QWG9	-	22.20
A0A084QX23	-	22.64
A0A084QY85	-	23.93
A0A084QZJ0	-	23.21
A0A084R0Y5	-	21.14
A0A084R149	-	15.33
A0A084R1I5	-	NA
A0A085M8H3	-	NA
A0A085N949	-	11.05
A0A086ADX6	C	3.41
A0A086J2K3	-	24.24
A0A086N2U2	-	NA
A0A086SV08	-	22.82
A0A086T0Z5	-	NA
A0A087QSF6	-	12.77
A0A087R0E2	-	13.37
A0A087RFL1	-	13.05
A0A087UWG8	-	NA
A0A087V2P2	-	13.01
A0A087X5L9	-	12.79
A0A087XJW4	-	13.31
A0A087XNB6	-	12.76
A0A087YDX2	-	12.79
A0A087YHH7	-	13.31
A0A089WYP0	-	NA
A0A089X5M9	-	NA
A0A090CH20	-	15.89
A0A090CL68	-	23.95
A0A090CMR9	-	22.03
A0A090CWC0	C	2.75
A0A090D4S5	-	22.06
A0A090L4G2	-	13.75
A0A090L5U2	-	13.14
A0A090LAX1	-	14.49
A0A090LH51	-	14.81
A0A090MKY8	C	2.97
A0A090N5Z6	-	22.67
A0A091DE91	-	12.72
A0A091EJM4	-	NA
A0A091EJW4	-	12.66
A0A091EQ39	-	13.24
A0A091EQG7	-	13.01
A0A091GBZ3	-	12.64
A0A091GGF7	-	12.97
A0A091H384	-	12.68
A0A091HA89	-	13.25
A0A091HDB5	-	13.31
A0A091HSS0	-	13.33
A0A091IFA6	-	13.07
A0A091ISS4	-	12.61
A0A091IY37	-	NA
A0A091JF89	-	13.08
A0A091K495	-	12.65
A0A091K9P7	-	13.24
A0A091L5Q5	-	12.78
A0A091L9M2	-	NA
A0A091LD51	-	13.14
A0A091N6A9	-	12.66
A0A091N6N3	-	13.22
A0A091NYE1	-	13.33
A0A091P6C8	-	13.07
A0A091P7E8	-	12.67
A0A091QFD1	-	13.04
A0A091QKA4	-	13.43
A0A091QM34	-	12.80
A0A091RH37	-	13.35
A0A091S066	-	12.93
A0A091SAS8	-	13.41
A0A091T007	-	13.06
A0A091TDY4	-	12.78
A0A091TMG5	-	NA
A0A091U7D6	-	12.74
A0A091VK98	-	13.04
A0A091W054	-	13.05
A0A091W550	-	12.73
A0A091W941	-	12.81
A0A091WPJ3	-	13.42
A0A093CEX0	-	13.10
A0A093CEY8	-	13.41
A0A093CQX0	-	NA
A0A093FE14	-	13.01
A0A093FW37	-	13.55
A0A093GEC8	-	12.71
A0A093GMV7	-	13.01
A0A093H736	-	NA
A0A093I3S2	-	12.97
A0A093IJB5	-	12.68
A0A093JA04	-	NA
A0A093NFD8	-	13.01
A0A093NYR8	-	12.65
A0A093PRN0	-	12.63
A0A093QDY2	-	13.19
A0A093R256	-	NA
A0A093R2N9	-	12.68
A0A093RE66	-	12.97
A0A093V4K7	-	22.95
A0A093VIP7	C	3.22
A0A093XBB1	-	21.83
A0A094KB04	-	12.71
A0A094KNZ4	-	13.16
A0A094KVX1	-	12.98
A0A094ZEX3	C*	10.61
A0A095CG52	C*	10.37
A0A096MND7	-	NA
A0A096P1J2	-	12.75
A0A097ZQG6	C	2.87
A0A097ZQG8	C	2.87
A0A097ZQH0	C	2.72
A0A097ZQH2	C	2.76
A0A097ZQH9	C	2.72
A0A097ZQI2	C	2.87
A0A098E091	-	22.62
A0A098SBM4	-	20.41
A0A098VS40	-	11.24
A0A098Y3K8	C	3.27
A0A098YAD9	-	NA
A0A099MZ46	C*	3.52
A0A099ZQM2	-	NA
A0A099ZU00	-	12.75
A0A0A0A6E7	-	13.04
A0A0A0AZE1	-	12.67
A0A0A0B9F3	-	13.24
A0A0A0D635	C	3.39
A0A0A0F2E9	-	10.13
A0A0A0LUI1	C	3.25
A0A0A0LXD0	C	2.77
A0A0A1SZ60	C*	3.79
A0A0A1T2S7	C	2.82
A0A0A1T3I6	C	2.87
A0A0A1T7C1	-	15.99
A0A0A1T9R6	-	15.20
A0A0A1TL71	C	3.03
A0A0A1UIL1	-	21.74
A0A0A1UJW0	-	14.13
A0A0A1UJX2	-	14.42
A0A0A1UQ03	-	22.71
A0A0A1V0A4	C	3.45
A0A0A1V7Z8	C	2.96
A0A0A1VA99	C*	6.47
A0A0A1VAF9	-	22.19
A0A0A1YUC0	C*	3.69
A0A0A2J1X4	-	22.53
A0A0A2JBW7	C	2.76
A0A0A2JEJ9	-	22.65
A0A0A2JPW5	-	16.49
A0A0A2JVP7	-	22.28
A0A0A2KL20	-	22.67
A0A0A2KWA6	-	22.25
A0A0A2LDC3	C	3.27
A0A0A2VDR5	-	NA
A0A0A2VJT0	C	2.88
A0A0A2VR17	C	2.68
A0A0A2VY68	-	12.60
A0A0A2VYA5	-	15.25
A0A0A2W0H5	-	22.22
A0A0A2WKA0	C	2.93
A0A0A2X4S5	-	NA
A0A0A3XNH3	C	3.49
A0A0A3XV83	C	3.40
A0A0A6DAA9	-	14.71
A0A0A6UDS1	-	15.87
A0A0A6UH53	-	15.77
A0A0A6UH99	-	15.73
A0A0A6UK08	-	14.10
A0A0A7CLR3	-	11.96
A0A0A7CLT5	-	11.92
A0A0A7CM13	-	NA
A0A0A7CM93	-	NA
A0A0A7CMA7	-	NA
A0A0A7CMC8	-	10.48
A0A0A7CN07	-	12.38
A0A0A7CN79	-	NA
A0A0A7CNE6	-	11.75
A0A0A7CNM6	-	21.60
A0A0A7CNP6	-	12.15
A0A0A7CP65	-	NA
A0A0A7CPE6	-	11.80
A0A0A7DL33	-	23.70
A0A0A9H6D8	C	2.86
A0A0B1PD39	C	3.33
A0A0B1SX71	-	13.10
A0A0B1TC96	-	13.34
A0A0B1TJU4	-	13.86
A0A0B1TMI8	-	14.16
A0A0B2P1N0	C	2.81
A0A0B2P669	C	2.82
A0A0B2PHV4	C	2.74
A0A0B2RGX4	C	2.80
A0A0B2SNE1	C	2.90
A0A0B2SNW5	C	2.76
A0A0B2SP68	C	2.80
A0A0B2UX79	-	17.50
A0A0B2V4Z1	-	13.88
A0A0B2V753	-	13.32
A0A0B2VDU0	-	14.41
A0A0B2VHS7	-	11.14
A0A0B2VUC6	-	11.87
A0A0B2VVI5	-	12.32
A0A0B2WQI7	C*	3.53
A0A0B2X1U6	-	NA
A0A0B2XHY5	C*	6.78
A0A0B4EB98	-	22.76
A0A0B4EN03	C*	3.64
A0A0B4F0K9	-	19.82
A0A0B4FMW4	C	2.99
A0A0B4FP45	C	3.16
A0A0B4G3L8	-	22.45
A0A0B4GIZ3	C*	7.17
A0A0B4GNB7	-	22.66
A0A0B4H3N4	C*	3.70
A0A0B4H7V4	C*	3.55
A0A0B4HCA4	C	3.13
A0A0B4IAB3	C*	6.83
A0A0B4XAD1	-	13.34
A0A0B5D7C0	C*	12.35
A0A0B5EPG7	-	NA
A0A0B5F6T3	-	15.83
A0A0B5IBE8	-	NA
A0A0B6AQS6	-	NA
A0A0B7A0D2	C	3.33
A0A0B7A1Q5	C	3.38
A0A0B7A255	C*	3.56
A0A0B7AFX7	C*	3.56
A0A0B7AGB0	C*	3.79
A0A0B7AML2	-	9.46
A0A0B7BDN3	C	3.40
A0A0B7F0F6	-	13.92
A0A0B7F0G8	-	13.95
A0A0B7F0N2	-	13.74
A0A0B7F0Q1	-	13.92
A0A0B7F1Z6	-	14.17
A0A0B7F229	-	22.47
A0A0B7F3K0	-	22.17
A0A0B7F5A8	-	22.20
A0A0B7F7A3	-	22.43
A0A0B7F8H0	-	22.04
A0A0B7FCB0	-	21.98
A0A0B7FGN3	-	21.92
A0A0B7FL26	-	NA
A0A0B7FN78	-	23.49
A0A0B7FQ89	-	17.54
A0A0B7FT97	C	2.92
A0A0B7FUX7	-	15.90
A0A0B7FUY2	-	14.15
A0A0B7FY08	-	14.15
A0A0B7G165	-	14.51
A0A0B7G340	-	21.99
A0A0B7JMD6	C	2.87
A0A0B7JS93	-	22.56
A0A0B7K4V5	-	22.76
A0A0B7K6S2	C	2.93
A0A0B7K6S7	-	22.88
A0A0B7K9E9	-	21.30
A0A0B7KA41	-	23.07
A0A0B7KAK2	-	15.22
A0A0B7KF68	-	15.15
A0A0B7KF87	-	10.19
A0A0B7KFX7	C*	4.24
A0A0B7KHL5	-	22.75
A0A0C1NKB8	-	NA
A0A0C2EVM1	C*	3.55
A0A0C2EWN4	C	3.44
A0A0C2F7M2	-	22.94
A0A0C2F903	C	3.39
A0A0C2G9S5	-	12.89
A0A0C2GMT1	-	14.33
A0A0C2HF86	-	NA
A0A0C2HHH6	-	NA
A0A0C2IEJ5	-	23.16
A0A0C2IES4	-	19.60
A0A0C2IMK2	C	2.89
A0A0C2W6Y7	-	23.40
A0A0C2W7D5	C	3.30
A0A0C2WNA9	C	3.03
A0A0C2WPB2	-	NA
A0A0C2WPJ7	-	23.04
A0A0C2WY12	-	23.29
A0A0C2X1R3	C*	3.72
A0A0C2XG69	-	23.46
A0A0C2YBV3	C	3.09
A0A0C3AKS7	C	2.97
A0A0C3ARA1	C	2.94
A0A0C3ASP0	-	23.64
A0A0C3B3A9	-	23.16
A0A0C3B6I5	-	NA
A0A0C3B766	-	23.49
A0A0C3B7P4	-	23.27
A0A0C3BJQ5	-	22.40
A0A0C3CP60	-	14.94
A0A0C3CRE9	-	21.79
A0A0C3D1N7	-	22.19
A0A0C3DMT8	-	22.95
A0A0C3EEV9	C*	3.67
A0A0C3F7Q7	-	22.16
A0A0C3FFF8	-	14.50
A0A0C3FR79	-	21.22
A0A0C3FYC4	-	14.39
A0A0C3GI02	-	15.29
A0A0C3H1J4	C	3.06
A0A0C3H2L9	-	14.59
A0A0C3LFR5	C*	4.00
A0A0C3NCS7	C	3.03
A0A0C3P2N1	C	3.44
A0A0C3PGK8	C*	3.91
A0A0C3Q4S8	C	3.24
A0A0C3QVQ1	C*	4.05
A0A0C3RQX3	C	3.00
A0A0C3S3B5	C	3.45
A0A0C4DI87	-	23.11
A0A0C4DNP1	-	21.74
A0A0C4DNS3	-	21.84
A0A0C4DNU4	-	23.04
A0A0C4DWW6	-	23.75
A0A0C4DX73	C	3.42
A0A0C4DY08	-	21.60
A0A0C4DYF2	-	23.12
A0A0C4DYX4	-	16.62
A0A0C4E0P1	-	23.75
A0A0C4E313	C	2.79
A0A0C4E3X1	-	22.33
A0A0C4E530	-	22.64
A0A0C4E8A2	-	15.09
A0A0C4ECI4	-	23.02
A0A0C4ECU2	-	22.58
A0A0C4EEL6	-	NA
A0A0C4EFA8	-	NA
A0A0C4F9W5	-	NA
A0A0C5G0L4	-	NA
A0A0C9S6R6	C	3.37
A0A0C9SL04	-	NA
A0A0C9SMC2	C	3.12
A0A0C9SRH3	-	NA
A0A0C9SUN8	-	19.00
A0A0C9T1I0	C	2.89
A0A0C9TQW6	C	2.85
A0A0C9TZW6	C	2.75
A0A0C9USP9	-	22.03
A0A0C9UT30	-	21.93
A0A0C9VHR2	-	21.98
A0A0C9W3M0	C	3.26
A0A0C9W3X0	-	16.97
A0A0C9W5Z2	C	2.95
A0A0C9WDK0	C*	3.68
A0A0C9WXQ7	C*	3.65
A0A0C9XE26	-	22.30
A0A0C9YP62	-	17.90
A0A0C9Z647	C*	3.55
A0A0D0AL52	C*	3.99
A0A0D0AMS9	C*	3.65
A0A0D0CBB0	C	3.36
A0A0D0CCA2	-	15.33
A0A0D0CV66	C	3.10
A0A0D0E695	C	2.82
A0A0D0EB00	C*	4.27
A0A0D0NEG3	C	3.41
A0A0D1CHR5	-	15.69
A0A0D1E6L1	-	8.46
A0A0D1W1D4	-	20.31
A0A0D1XF56	-	15.91
A0A0D1YF04	-	22.30
A0A0D1YWF9	C	3.26
A0A0D1YXH7	C	3.28
A0A0D1Z6F1	C	3.29
A0A0D1ZN85	-	15.54
A0A0D1ZTP1	-	15.32
A0A0D1ZZE1	C	2.83
A0A0D2AGE3	C	3.37
A0A0D2ANN3	C*	4.20
A0A0D2B6L8	-	22.20
A0A0D2BB96	-	22.12
A0A0D2BH13	-	15.30
A0A0D2BK54	-	20.44
A0A0D2BKG3	-	22.31
A0A0D2BQ72	-	20.37
A0A0D2BR19	-	18.16
A0A0D2BUH7	C	3.29
A0A0D2C2B9	-	20.29
A0A0D2C7N4	-	22.15
A0A0D2CCR2	-	21.77
A0A0D2CEU5	C*	3.68
A0A0D2CGS3	C*	3.85
A0A0D2CK37	C	3.20
A0A0D2CYM2	-	20.40
A0A0D2CZ06	-	22.09
A0A0D2D206	C	3.46
A0A0D2D664	-	17.96
A0A0D2D9V1	C	2.90
A0A0D2DPV7	-	17.96
A0A0D2DYM6	-	22.28
A0A0D2E0K9	C	2.83
A0A0D2EDR6	-	15.37
A0A0D2EE95	C	2.88
A0A0D2EIL3	-	22.41
A0A0D2EJY3	-	16.64
A0A0D2ETA8	-	15.47
A0A0D2EZC7	-	15.39
A0A0D2EZH2	-	NA
A0A0D2F3M9	-	20.40
A0A0D2F4M5	-	17.92
A0A0D2FU82	-	NA
A0A0D2G164	-	15.75
A0A0D2G9B5	-	15.22
A0A0D2GDT0	-	23.03
A0A0D2HA46	-	22.27
A0A0D2HB08	-	20.36
A0A0D2HER3	-	15.29
A0A0D2HGH5	-	22.26
A0A0D2IAF0	-	15.43
A0A0D2IUZ3	C	3.38
A0A0D2IWH9	-	20.27
A0A0D2JFD5	-	22.17
A0A0D2JSE2	C*	3.54
A0A0D2K829	-	22.19
A0A0D2KPV7	C	3.18
A0A0D2KQZ9	-	22.22
A0A0D2L070	-	20.28
A0A0D2LDS6	-	22.29
A0A0D2LGV5	-	21.93
A0A0D2M1N4	-	NA
A0A0D2MIA5	C	2.76
A0A0D2MNS5	-	22.32
A0A0D2N6P1	C	3.04
A0A0D2NI02	C	3.19
A0A0D2P6I0	C	3.05
A0A0D2PGN2	-	21.82
A0A0D2PWI2	-	11.38
A0A0D2R8B0	C	3.07
A0A0D2R8B7	C	3.16
A0A0D2RZ91	C	2.88
A0A0D2TW57	C	3.30
A0A0D2UGD8	C	2.74
A0A0D2UIJ1	-	NA
A0A0D2VFA6	C	2.81
A0A0D2XK45	-	22.85
A0A0D2XQH2	C	2.97
A0A0D2XTU9	-	22.66
A0A0D2XZ37	C	2.97
A0A0D2Y718	C	3.34
A0A0D2YBM6	-	16.73
A0A0D2YK19	-	20.29
A0A0D3EUY4	C	2.87
A0A0D3G0L1	C	2.95
A0A0D3ITL1	C	2.99
A0A0D3IU29	C*	3.78
A0A0D3JE56	C*	3.60
A0A0D3JSQ2	C*	11.22
A0A0D3JST8	C*	11.56
A0A0D3L0P7	C	3.41
A0A0D3QE84	C	2.76
A0A0D3QEA5	C	2.80
A0A0D3QEB3	C	3.28
A0A0D3QEC2	C*	3.65
A0A0D4D5X8	C	2.75
A0A0D4DDB6	C	3.17
A0A0D6B3K9	C	3.11
A0A0D6L5D9	-	17.27
A0A0D6LDG1	-	11.91
A0A0D6LE19	-	14.19
A0A0D6LFQ9	-	12.34
A0A0D6LVI5	-	13.97
A0A0D6LVJ5	-	13.41
A0A0D6LYK8	-	17.04
A0A0D6LZL4	-	NA
A0A0D6MD13	-	16.74
A0A0D6P930	C*	3.95
A0A0D6R7V1	C*	3.77
A0A0D7AWR7	C	3.06
A0A0D7AZP4	C	2.70
A0A0D7BDR1	C	2.81
A0A0D7BEH6	C	2.89
A0A0D7BKM1	C	3.00
A0A0D8BE38	-	15.65
A0A0D8Y241	-	14.10
A0A0D8Y996	-	18.38
A0A0D8Y9Y2	-	11.79
A0A0D8ZXF6	C	3.15
A0A0D8ZXW9	-	NA
A0A0D8ZY20	-	NA
A0A0D9NK72	C*	3.93
A0A0D9NNM1	-	22.66
A0A0D9NQW1	-	NA
A0A0D9NRE3	-	22.74
A0A0D9NTT3	C*	6.85
A0A0D9P6L9	C	2.96
A0A0D9R9M2	-	12.93
A0A0D9RY79	-	13.27
A0A0D9S0Q1	-	13.15
A0A0D9W9R3	C	2.90
A0A0D9YG01	C	2.86
A0A0D9ZQY0	C*	4.23
A0A0D9ZQY1	C	2.86
A0A0E0C8Q0	C	2.79
A0A0E0C8Q1	-	NA
A0A0E0DIL3	C	3.05
A0A0E0FUB3	C	2.68
A0A0E0FUB6	C	2.73
A0A0E0H672	C	3.16
A0A0E0JPQ3	C*	4.56
A0A0E0JPQ4	C	2.74
A0A0E0KVG9	C	2.83
A0A0E0N3H7	C	2.71
A0A0E0N3I2	C	2.83
A0A0E0PEB1	C	3.08
A0A0E0RYC2	-	22.47
A0A0E1VPL6	C*	3.54
A0A0E3J9W7	-	13.06
A0A0E4BYS9	C	3.24
A0A0F0GI82	-	15.89
A0A0F0I246	-	16.88
A0A0F0IBW7	-	22.49
A0A0F0IFR5	C	3.40
A0A0F0IHD9	-	15.22
A0A0F0IK08	-	22.73
A0A0F2M048	C	3.00
A0A0F2MHX9	-	19.54
A0A0F2MIH6	C	3.27
A0A0F2MJY8	-	23.07
A0A0F2MLY8	-	23.00
A0A0F2T924	C*	9.24
A0A0F4G447	C	3.34
A0A0F4G6N0	-	8.88
A0A0F4G9M2	C*	3.55
A0A0F4GBJ7	-	NA
A0A0F4GHY4	-	22.82
A0A0F4GM26	-	14.87
A0A0F4GNX0	-	15.94
A0A0F4GR75	C*	6.46
A0A0F4GRH8	C*	4.34
A0A0F4GT00	-	16.03
A0A0F4GX97	C	3.41
A0A0F4H1R9	C*	12.68
A0A0F4ITK2	-	NA
A0A0F4JBG8	-	NA
A0A0F4JVR7	-	NA
A0A0F4XVI2	C*	3.98
A0A0F4ZCE5	-	20.91
A0A0F4ZJV7	C	2.97
A0A0F5VAR5	-	NA
A0A0F6AHE7	C	3.34
A0A0F6YHH7	-	15.48
A0A0F7G9W3	C	2.84
A0A0F7KCK6	C	3.38
A0A0F7RVY0	-	14.45
A0A0F7RY93	-	8.11
A0A0F7S7B3	-	23.75
A0A0F7TJ40	-	20.04
A0A0F7TKD9	-	15.19
A0A0F7TMS3	-	22.86
A0A0F7TS50	-	13.93
A0A0F7TYM6	-	22.09
A0A0F7VGQ2	-	22.79
A0A0F7VZF4	-	NA
A0A0F7ZGR3	C	3.22
A0A0F7ZHW4	C	2.95
A0A0F7ZJT6	C	3.19
A0A0F7ZKE7	C	2.99
A0A0F7ZKL0	C	3.01
A0A0F7ZPL7	-	21.66
A0A0F7ZRN8	C	3.25
A0A0F7ZUV5	C	3.07
A0A0F7ZWF9	C	3.08
A0A0F7ZYT2	C	3.17
A0A0F8A039	C	3.27
A0A0F8A0A1	C	3.29
A0A0F8A0K4	-	22.58
A0A0F8A1R3	C	3.13
A0A0F8A4E9	-	NA
A0A0F8A4Q7	C	2.84
A0A0F8B351	C	3.45
A0A0F8CNX3	C	3.30
A0A0F8URR2	-	15.57
A0A0F8W6I0	-	18.74
A0A0F8WX93	-	15.52
A0A0F9J123	-	15.75
A0A0F9WDC2	-	18.92
A0A0F9X0I7	C	3.23
A0A0F9ZGV2	C	3.24
A0A0G2DYV8	C	3.30
A0A0G2E4V6	-	16.00
A0A0G2EEK2	-	23.26
A0A0G2ET15	-	16.56
A0A0G2EUA6	-	23.40
A0A0G2EWS7	C*	4.00
A0A0G2F5W5	-	15.36
A0A0G2F9B1	-	22.62
A0A0G2FCS1	-	16.14
A0A0G2FDL8	-	22.66
A0A0G2FG16	-	23.28
A0A0G2FI58	-	23.58
A0A0G2FLP9	C	3.24
A0A0G2FNI6	C	3.37
A0A0G2FTB0	-	15.97
A0A0G2FTH2	-	15.50
A0A0G2G035	-	16.11
A0A0G2GB29	-	NA
A0A0G2GEG2	-	23.06
A0A0G2H6R0	-	14.99
A0A0G2HJR1	-	15.78
A0A0G2HXK2	-	22.94
A0A0G2I8P6	C*	3.67
A0A0G2I941	C	3.16
A0A0G2IAS2	-	22.97
A0A0G2ICP6	C	2.83
A0A0G2IGH9	C	3.42
A0A0G2J5V5	-	15.20
A0A0G2J6J9	-	15.40
A0A0G2YLH0	-	12.47
A0A0G3BQ28	-	25.26
A0A0G3EXV0	C	2.77
A0A0G4GQD9	-	21.52
A0A0G4GTR9	C*	9.49
A0A0G4HMU6	C*	9.56
A0A0G4HRH3	-	7.65
A0A0G4I9S5	C*	9.39
A0A0G4ICW5	C*	9.76
A0A0G4IJY2	C	3.05
A0A0G4IK72	C	2.96
A0A0G4IPB5	C	3.31
A0A0G4IQ91	C*	3.63
A0A0G4IUB1	-	21.29
A0A0G4IUF0	-	NA
A0A0G4IUQ3	C	2.86
A0A0G4J7H3	C	2.82
A0A0G4KK98	-	23.07
A0A0G4KKL5	-	23.13
A0A0G4KL14	C	3.13
A0A0G4KXE8	-	22.98
A0A0G4KXM3	-	22.94
A0A0G4KZ42	C	2.95
A0A0G4L6X2	-	15.44
A0A0G4LGJ4	C	3.37
A0A0G4LMV7	-	15.34
A0A0G4LN34	-	8.27
A0A0G4LPB5	-	15.14
A0A0G4M1R8	C	3.17
A0A0G4M3R1	-	8.28
A0A0G4N2N6	-	15.41
A0A0G4N7R0	-	NA
A0A0G4NL88	-	8.34
A0A0G4NN18	C	3.34
A0A0G4NN28	C	3.19
A0A0G4NU02	-	NA
A0A0G4NX83	-	22.64
A0A0G4PWG2	-	22.59
A0A0H1B385	-	15.19
A0A0H1B458	C	2.91
A0A0H1B4Y0	C	2.69
A0A0H1BKK9	-	23.02
A0A0H1BKR6	C	3.01
A0A0H1BRE8	C	3.47
A0A0H1BRF6	-	15.51
A0A0H1R9T1	-	14.04
A0A0H2RSH5	C	2.96
A0A0H3HYW4	C	3.31
A0A0H5R6Z8	C	3.37
A0A0H5RCB1	C	3.18
A0A0H5RF96	-	NA
A0A0H5S2I7	-	14.09
A0A0I9N9E9	-	13.22
A0A0I9XPQ9	C*	4.56
A0A0I9Y4T4	-	22.84
A0A0I9ZEE2	-	21.08
A0A0J6H4S8	-	15.96
A0A0J6H9I7	-	16.02
A0A0J6IJN4	-	22.51
A0A0J6SSV4	C*	3.65
A0A0J6XJT5	-	NA
A0A0J6YFZ0	C	2.90
A0A0J6YKE2	-	22.42
A0A0J7AI25	-	NA
A0A0J7AYB6	-	22.72
A0A0J7IIV1	C	3.38
A0A0J7Z2T4	-	NA
A0A0J7ZCV6	-	NA
A0A0J8QZ21	C	3.24
A0A0J8R972	-	22.42
A0A0J8RM30	-	22.42
A0A0J8RYC4	C	2.68
A0A0J9END7	C	2.96
A0A0J9UP62	-	22.48
A0A0J9UPS8	-	22.85
A0A0J9UPT4	-	22.56
A0A0J9UYA5	C	2.97
A0A0J9V2F4	-	22.66
A0A0J9VB39	C	2.88
A0A0J9VNP9	C	3.34
A0A0J9W938	-	23.11
A0A0J9W9W5	-	20.99
A0A0J9WIE9	-	22.69
A0A0J9WSW0	-	16.73
A0A0J9YBJ2	-	14.57
A0A0K0DST0	-	13.27
A0A0K0DT82	-	18.58
A0A0K0E814	-	13.61
A0A0K0ESW5	-	11.69
A0A0K0EYH4	-	17.46
A0A0K0EZE2	-	14.80
A0A0K0FIL8	-	11.07
A0A0K0G017	-	18.72
A0A0K0NPU9	C	2.78
A0A0K0YB13	-	15.79
A0A0K1ZKE1	-	15.66
A0A0K1ZP03	C*	3.57
A0A0K2AS04	-	NA
A0A0K6FKC6	-	14.12
A0A0K6FMF9	-	14.19
A0A0K6FMV0	-	22.08
A0A0K6FPB5	-	12.29
A0A0K6FPV3	-	14.37
A0A0K6FQJ6	-	22.45
A0A0K6FU45	-	21.99
A0A0K6FUE9	-	22.15
A0A0K6FYY1	-	22.09
A0A0K6FZ11	-	21.85
A0A0K6FZ23	-	15.12
A0A0K6FZJ5	-	15.90
A0A0K6G019	-	14.00
A0A0K6G359	-	NA
A0A0K6G3H3	-	NA
A0A0K6G833	C*	3.56
A0A0K6G9I9	-	22.56
A0A0K6G9U9	-	22.07
A0A0K6GC82	C	2.94
A0A0K6GCM0	-	NA
A0A0K6GCX1	C*	4.22
A0A0K6GD51	C*	3.66
A0A0K6GEK7	-	23.31
A0A0K6GFZ7	-	22.11
A0A0K6GIP8	-	23.21
A0A0K6GIR3	-	17.45
A0A0K6GJ17	C	2.90
A0A0K8PDA5	-	NA
A0A0K8PE74	C*	3.57
A0A0K8PWI6	-	NA
A0A0K9NMQ6	C	3.16
A0A0K9NTB7	C	2.89
A0A0K9P7U4	C	2.92
A0A0K9PD68	C	2.91
A0A0K9PS79	C	3.24
A0A0K9PZE6	-	NA
A0A0K9PZY4	C	3.41
A0A0K9Q3U4	C	3.15
A0A0L0GEJ5	-	6.94
A0A0L0HF05	-	14.43
A0A0L0HG65	-	21.72
A0A0L0HGD9	-	14.46
A0A0L0KD03	-	NA
A0A0L0LVJ1	C	3.24
A0A0L0N6W4	C	2.98
A0A0L0NB41	-	NA
A0A0L0NDW4	C	3.04
A0A0L0RXW5	-	24.93
A0A0L0RZ18	-	20.00
A0A0L0S5H6	-	22.31
A0A0L0S6J0	-	14.59
A0A0L0S771	-	20.21
A0A0L0SBE5	-	24.86
A0A0L0SHB1	-	19.91
A0A0L0SML6	-	21.94
A0A0L0SNS0	-	21.00
A0A0L0SY24	-	14.41
A0A0L0T1I9	-	21.94
A0A0L0T297	-	15.90
A0A0L0T3A5	-	15.75
A0A0L0T3E0	-	21.99
A0A0L0T7W0	-	19.99
A0A0L0TAE3	-	22.38
A0A0L0TBD6	-	22.03
A0A0L0TFC6	-	21.80
A0A0L0VSW2	-	NA
A0A0L0W3I3	-	10.80
A0A0L0W3Q3	-	NA
A0A0L0W3R9	-	23.70
A0A0L1INA1	-	22.64
A0A0L1IR14	C	3.39
A0A0L1IVZ5	-	22.69
A0A0L1IXW8	-	16.17
A0A0L1JH90	-	15.42
A0A0L1JHV9	-	19.80
A0A0L1JIN5	-	18.21
A0A0L6U6B2	-	23.77
A0A0L6UHL7	-	12.99
A0A0L6VMV5	-	10.33
A0A0L8FGF3	-	NA
A0A0L8FPZ6	-	10.53
A0A0L8G8M2	-	NA
A0A0L8GQB8	C*	13.56
A0A0L8HYV5	-	19.09
A0A0L8I5G4	-	11.65
A0A0L8ICD6	-	NA
A0A0L8IDI7	-	NA
A0A0L8J8Y0	-	NA
A0A0L8JM97	-	NA
A0A0L8KT78	-	15.59
A0A0L8LAR0	-	NA
A0A0L8M4B5	-	NA
A0A0L8M4C5	-	NA
A0A0L9U315	C	3.10
A0A0L9VFM6	C	2.89
A0A0L9VFW5	C	2.77
A0A0M2GKY8	-	NA
A0A0M2GZN4	-	NA
A0A0M3HW24	-	18.17
A0A0M3IBJ1	-	13.36
A0A0M3IG66	-	NA
A0A0M3IJ33	-	NA
A0A0M3J581	-	17.84
A0A0M3K8B7	-	11.96
A0A0M3KA58	-	11.94
A0A0M3KDC4	-	18.07
A0A0M3M730	-	26.12
A0A0M3TBA3	-	NA
A0A0M4DRR3	-	NA
A0A0M4MAU7	-	NA
A0A0M6Y0M3	C	3.34
A0A0M8N0I4	C	3.24
A0A0M8NS36	C	2.96
A0A0M8QIS7	-	NA
A0A0M9ER85	-	23.14
A0A0M9ERT3	-	22.86
A0A0M9ETD6	-	22.62
A0A0M9EWC2	-	23.11
A0A0M9F0D9	C	2.88
A0A0M9F576	C	3.21
A0A0M9WB41	-	22.51
A0A0N0DBY3	-	22.72
A0A0N0DC34	C*	3.58
A0A0N0DDD1	-	21.11
A0A0N0H3U4	C	3.22
A0A0N0ZT96	C	3.34
A0A0N1H7B4	-	22.21
A0A0N1HAY8	C	2.84
A0A0N1HXY4	-	18.91
A0A0N1P0I4	-	23.19
A0A0N4SWM7	-	13.20
A0A0N4SWM8	-	NA
A0A0N4U1W5	-	18.22
A0A0N4U462	-	11.51
A0A0N4UF68	-	13.27
A0A0N4UH71	-	18.10
A0A0N4VH14	-	17.62
A0A0N4VKH8	-	NA
A0A0N4W206	-	12.67
A0A0N4W2K4	-	13.99
A0A0N4W319	-	18.09
A0A0N4W3N3	-	13.11
A0A0N4WJP6	-	13.10
A0A0N4WK64	-	17.15
A0A0N4X1J9	-	11.14
A0A0N4X7Y7	-	18.21
A0A0N4XC55	-	17.43
A0A0N4XV58	-	17.08
A0A0N4XV59	-	13.94
A0A0N4Y6D6	-	NA
A0A0N4YHN0	-	12.92
A0A0N4YNX1	-	17.58
A0A0N4ZAV1	-	11.11
A0A0N4ZH21	-	14.64
A0A0N4ZUJ2	-	14.69
A0A0N4ZWQ0	-	13.31
A0A0N5AGM7	-	16.85
A0A0N5BLW3	-	11.09
A0A0N5BTH1	-	14.65
A0A0N5BZ94	-	17.74
A0A0N5C291	-	17.48
A0A0N5CG53	-	14.69
A0A0N5CHB0	-	13.18
A0A0N5CJV0	-	13.40
A0A0N5CNE5	-	14.21
A0A0N5D763	-	13.87
A0A0N7EI22	C	2.87
A0A0N7H8Q0	C	3.09
A0A0N7HV29	-	12.75
A0A0N7YL27	-	14.82
A0A0N9DV50	C	2.81
A0A0N9DV65	C	2.85
A0A0N9HGV8	C	2.81
A0A0N9HQF2	C	3.24
A0A0N9HUR6	-	16.17
A0A0N9LXU7	C	2.89
A0A0N9VSI6	C	3.45
A0A0P0BZ27	-	25.86
A0A0P0WEZ4	C	3.04
A0A0P1AML5	-	12.67
A0A0P1ANE6	-	NA
A0A0P1AW40	-	12.59
A0A0P1AY18	-	12.57
A0A0P1AY43	-	12.64
A0A0P1B2I3	-	11.90
A0A0P1FFJ7	C	3.19
A0A0P7APX3	C	3.04
A0A0P7AYL1	-	15.40
A0A0P7AZ30	C	2.95
A0A0P7B6C2	C	3.13
A0A0P7B6M1	-	22.17
A0A0P7BCC7	-	22.81
A0A0P7BFC0	C*	4.31
A0A0P7BKW4	-	23.78
A0A0P7BUG0	C	2.85
A0A0P7XBT8	-	13.20
A0A0P7YXS6	-	13.06
A0A0P7ZSV8	-	18.98
A0A0Q3M1Y0	-	13.08
A0A0Q3N0S9	C	2.97
A0A0Q3PGP4	-	12.73
A0A0R0D5V2	C*	3.54
A0A0R0GQB4	C	2.93
A0A0R0GYN5	C	2.84
A0A0R0JBC8	C	2.96
A0A0R0JCW2	C	3.16
A0A0R0LTG5	C*	7.98
A0A0R2Y939	-	15.77
A0A0R3PF75	-	NA
A0A0R3PT20	-	14.12
A0A0R3QQ18	-	NA
A0A0R3R4J2	-	21.23
A0A0R3RGG0	-	17.84
A0A0R3RHW7	-	13.24
A0A0R3RSJ5	-	13.94
A0A0R3RX42	-	NA
A0A0S2FCJ0	C	3.25
A0A0S2SVY3	C	2.67
A0A0S3Q2G5	C	2.79
A0A0S3RT48	C	2.91
A0A0S3RT50	C	3.05
A0A0S3S2K2	C	2.77
A0A0S4LNR0	-	27.65
A0A0S4QMR3	-	14.59
A0A0S4TM49	C	3.27
A0A0S4TX46	-	15.71
A0A0S4U8D6	-	15.65
A0A0S4V1M6	C*	3.51
A0A0U1M3F3	-	NA
A0A0U1M3S2	-	14.53
A0A0U1M7Z5	C	3.41
A0A0U1MAB1	C*	3.51
A0A0U1TTF5	C	2.94
A0A0U1VG68	C	3.47
A0A0U2D7M5	C	2.74
A0A0U2DXN3	C	2.89
A0A0U3KNS5	-	13.68
A0A0U3ND85	-	12.81
A0A0U5C6D2	C*	3.58
A0A0U5C9K9	-	14.42
A0A0U5CC61	C	2.82
A0A0U5G353	-	15.89
A0A0U5GGT1	-	23.11
A0A0U5GNJ7	-	NA
A0A0U9HU61	C	3.19
A0A0V0IHG3	C	3.12
A0A0V0R8Y7	-	NA
A0A0V0S806	-	NA
A0A0V0TGR2	-	NA
A0A0V0YE73	-	NA
A0A0V1AAJ2	-	NA
A0A0V1ABN4	-	NA
A0A0V1BIN6	-	NA
A0A0V1DE70	-	NA
A0A0V1ESS6	-	NA
A0A0V1G4S3	-	NA
A0A0V1I3Y0	-	NA
A0A0V1JHS7	-	NA
A0A0V1KD92	-	NA
A0A0V1KR57	-	NA
A0A0V1MUW3	-	NA
A0A0W0EZ29	-	22.18
A0A0W0EZ38	-	22.22
A0A0W0F0K7	-	22.39
A0A0W0FIC5	-	21.72
A0A0W0GDC0	-	21.98
A0A0W7VMU8	C	3.26
A0A0W7W3G9	C	2.96
A0A0W7WYA7	-	15.82
A0A0W7WZ21	-	NA
A0A0W8AY19	-	NA
A0A0W8BY92	-	11.94
A0A0W8C3P5	-	12.04
A0A0W8C3R7	-	NA
A0A0W8CBY9	-	12.28
A0A0W8CFP1	-	12.32
A0A0W8CSU7	-	12.12
A0A0W8DAM1	-	NA
A0A0W8DI56	-	12.67
A0A0W8DVC6	-	12.49
A0A0X3NRP7	C*	10.27
A0A0X3Q9U6	C*	11.78
A0A0X3VR41	-	NA
A0A0Y0DNT4	-	NA
A0A0Y0HPL2	C*	12.47
A0A100I6A4	-	17.87
A0A100IQL8	-	19.59
A0A100JPF4	-	NA
A0A100WRM8	C	3.08
A0A100Y8Z3	-	NA
A0A101J743	-	NA
A0A101M9I9	-	22.54
A0A101MLX7	C	3.31
A0A101MR60	-	22.60
A0A101N565	-	NA
A0A101NIJ2	-	NA
A0A101NKQ7	-	10.78
A0A101NV74	-	NA
A0A101P6K5	-	NA
A0A101QUU6	-	NA
A0A101R4N3	-	NA
A0A101RWK5	-	NA
A0A101SWH6	-	NA
A0A101SXR6	-	NA
A0A101TBM6	-	NA
A0A101U6G7	-	NA
A0A102PM76	C*	3.92
A0A103PNW8	C*	3.50
A0A103PWC4	C	2.72
A0A106A3A2	C*	3.70
A0A106UV91	C*	3.63
A0A107FN97	C	3.43
A0A108CDW8	C	3.44
A0A108IP97	C*	3.65
A0A108U4M8	C	3.20
A0A109Y9Y9	-	12.96
A0A110AXN9	C	2.60
A0A117DZY6	-	15.26
A0A117E182	-	20.85
A0A117E211	-	22.47
A0A117MLS2	-	16.06
A0A117NXX7	-	NA
A0A117P530	-	NA
A0A117PT81	-	15.78
A0A117RCM1	-	NA
A0A118JXA6	C	2.78
A0A118K103	C	2.95
A0A118K104	C	3.06
A0A118K108	C	2.81
A0A118KK65	C*	3.99
A0A124BUX3	-	22.72
A0A124C387	-	NA
A0A124GWH9	-	15.62
A0A124HCX7	-	NA
A0A124HPH4	-	NA
A0A124HYZ7	-	15.56
A0A124I005	-	15.80
A0A124I9G6	-	NA
A0A124IDG4	-	NA
A0A124SHT3	C	2.84
A0A125T1B4	-	12.84
A0A125T1B5	-	12.83
A0A127I0D0	C*	3.58
A0A127Z996	-	14.56
A0A132BEL0	-	10.17
A0A132PQI8	C	3.34
A0A135LB50	-	22.44
A0A135LG02	C	3.33
A0A135LM00	-	14.72
A0A135LUD3	-	22.64
A0A135RMZ4	C	3.27
A0A135RNQ4	C*	3.52
A0A135RQT6	-	21.85
A0A135RS26	-	10.38
A0A135RS91	-	23.03
A0A135RSH1	-	11.00
A0A135RUD9	C	3.38
A0A135RW48	C*	3.81
A0A135RZK9	-	23.90
A0A135S0P5	-	22.56
A0A135S3G6	C	3.42
A0A135S3P0	-	11.06
A0A135S3P5	-	23.07
A0A135S4L3	-	23.05
A0A135S4U4	-	22.92
A0A135SAA3	-	22.63
A0A135SAX1	-	22.45
A0A135SBU0	-	22.17
A0A135SC70	-	15.29
A0A135SDX5	-	15.51
A0A135SEP1	-	NA
A0A135SGH4	-	22.12
A0A135SGW1	-	22.75
A0A135SHP2	-	14.89
A0A135SM69	-	15.93
A0A135SQH1	C	3.02
A0A135SUC7	C	3.14
A0A135SV65	C	3.22
A0A135SXA3	-	21.31
A0A135T0G8	-	15.29
A0A135T100	-	16.74
A0A135T2T3	-	16.07
A0A135T4G4	-	10.33
A0A135T5S7	-	17.08
A0A135T9P2	C*	3.75
A0A135T9S5	-	22.95
A0A135TH42	-	22.89
A0A135TH91	-	22.66
A0A135TMP6	-	22.78
A0A135TNR4	-	NA
A0A135TPT1	-	23.03
A0A135TSL1	-	22.49
A0A135TTE1	-	16.99
A0A135TTG2	-	22.77
A0A135TTJ8	-	22.84
A0A135TX30	-	NA
A0A135U0S7	-	21.19
A0A135U3N3	-	15.90
A0A135U459	C*	3.62
A0A135U630	-	NA
A0A135UB78	-	22.23
A0A135UC61	-	15.26
A0A135UJF2	-	22.89
A0A135UQQ8	-	23.76
A0A135USI1	-	21.89
A0A135UX03	C	3.27
A0A135UXL8	-	22.84
A0A135UY99	-	NA
A0A135UYD8	-	10.37
A0A135UYT4	C	3.41
A0A135V346	-	22.67
A0A135V3G6	-	22.82
A0A135V5Z9	-	15.64
A0A135V6V7	-	NA
A0A135V6Y1	-	NA
A0A135V7B2	C	2.91
A0A135V8Q3	-	NA
A0A135WCR1	C	3.32
A0A136IKH1	-	22.31
A0A136IKR7	-	22.79
A0A136ILZ0	-	14.57
A0A136IM69	C*	3.59
A0A136IM80	-	14.96
A0A136IMC1	-	14.36
A0A136IMD0	-	15.23
A0A136INA1	-	23.46
A0A136INC9	-	21.83
A0A136INM5	-	15.23
A0A136INV6	-	14.86
A0A136IPD1	C	3.27
A0A136IQD4	-	22.77
A0A136IS40	-	15.44
A0A136ISR9	-	21.94
A0A136IST3	-	22.36
A0A136IUL0	C	3.03
A0A136IUM9	-	22.98
A0A136IVH6	-	14.41
A0A136IZ96	-	12.91
A0A136J3H2	-	12.82
A0A136J918	-	21.27
A0A136J9K5	-	12.80
A0A136JFC0	-	NA
A0A136JKK4	-	12.67
A0A137NPV3	-	15.79
A0A137NPX8	-	NA
A0A137NQ81	-	16.57
A0A137NQN3	-	21.95
A0A137NUB7	-	14.33
A0A137NY78	-	21.76
A0A137NYB7	-	17.35
A0A137NZ43	-	21.80
A0A137P2U0	-	15.85
A0A137P2U9	-	8.81
A0A137P2V9	-	14.57
A0A137P353	-	14.16
A0A137P4I7	-	20.77
A0A137P4K7	-	22.16
A0A137P4L3	-	22.25
A0A137P4M5	-	22.13
A0A137P649	-	21.99
A0A137P667	-	21.41
A0A137P762	-	20.25
A0A137P7E0	-	20.28
A0A137P7Q8	-	22.30
A0A137P8T8	-	8.18
A0A137PAH5	-	8.44
A0A137PAT2	-	20.15
A0A137PAW4	-	33.53
A0A137PC40	-	21.71
A0A137PC55	-	21.46
A0A137PC66	-	15.46
A0A137PC75	-	21.87
A0A137PC76	-	21.82
A0A137PDD6	-	21.48
A0A137PEX6	-	22.39
A0A137PEX7	-	22.61
A0A137PFI2	-	20.79
A0A137PGY5	-	16.22
A0A137PJ00	-	14.34
A0A137PJ55	-	22.30
A0A139GZD1	C	3.29
A0A139H1A4	-	21.90
A0A139H2H4	C*	3.70
A0A139H2N1	-	14.90
A0A139H494	-	22.93
A0A139H5V8	-	14.43
A0A139H835	C	3.30
A0A139H8Y2	C	3.38
A0A139HAY5	-	NA
A0A139HFA6	-	21.60
A0A139HS50	C	2.93
A0A139HSY9	-	15.52
A0A139HT25	-	15.51
A0A139HWZ2	-	17.15
A0A139HZC9	C*	6.40
A0A139HZN1	-	22.91
A0A139I097	C	2.84
A0A139I0D1	C	2.93
A0A139I8P4	-	17.29
A0A139IGI5	C	3.49
A0A139X072	-	NA
A0A140CTD1	-	22.64
A0A140KXU8	C	2.67
A0A141PG56	C	3.38
A0A142DA85	-	13.01
A0A142I737	-	NA
A0A143BUH9	-	NA
A0A143C0H9	-	NA
A0A143PNK1	-	15.80
A0A146EXW0	-	17.89
A0A146F475	-	20.81
A0A146F7M9	-	15.39
A0A146FM76	-	22.75
A0A146FPZ7	-	22.47
A0A146PCI2	-	12.73
A0A147AH67	-	13.04
A0A150GSZ2	-	9.17
A0A150RNV4	C	3.44
A0A150TIY7	C	3.12
A0A150X4H6	C	3.21
A0A151GMN0	C	2.93
A0A151GX82	C	3.02
A0A151MVL6	-	13.39
A0A151NRJ9	-	13.24
A0A151NSM3	-	13.34
A0A151P161	-	12.74
A0A151R8K1	C	2.87
A0A151R8P6	C	2.94
A0A151T7G3	C	2.89
A0A151TBD1	-	NA
A0A158C0S9	C	3.43
A0A158FM56	C	2.84
A0A158GFY2	C	2.79
A0A158GQ64	C	3.22
A0A158I8U8	C	2.94
A0A158IB94	C	2.87
A0A158IZL9	C	2.87
A0A158JMF3	C	3.04
A0A158KTI3	C	3.43
A0A158KUU5	C	2.83
A0A158L420	C	2.83
A0A158P622	-	11.64
A0A158P6C4	-	11.28
A0A158P795	-	17.61
A0A158P8V6	-	13.96
A0A158PD03	-	13.77
A0A158PFS7	-	15.99
A0A158PLH5	-	11.57
A0A158PQY2	-	13.81
A0A158Q514	-	13.32
A0A158Q6U1	-	18.13
A0A158QQB3	-	10.86
A0A158QXF3	-	13.93
A0A158QXY4	-	11.19
A0A158QYB7	-	11.27
A0A158RAT2	-	NA
A0A160P4Z8	-	6.43
A0A160TMJ0	C	3.43
A0A161VHR9	-	22.37
A0A161VWW8	C	3.00
A0A161VY89	-	NA
A0A161W2S5	-	22.50
A0A161W8U8	-	22.97
A0A161WG29	-	15.38
A0A161WK35	-	NA
A0A161YMD9	-	22.80
A0A162A591	C	2.92
A0A162JG37	-	22.74
A0A162K920	C	3.45
A0A162KDQ5	C	3.09
A0A162MRN0	-	10.44
A0A162Q605	C	2.86
A0A163AGV4	-	15.16
A0A163B884	-	15.11
A0A163BNN1	-	15.87
A0A163DMR5	-	23.11
A0A163ELR8	-	14.72
A0A163EMQ2	C*	3.57
A0A163FA92	C	2.84
A0A163HMT0	C	2.95
A0A163HZN4	C	2.74
A0A163IS79	-	15.98
A0A163K839	-	19.04
A0A163KNP0	-	22.64
A0A163KVN4	-	14.88
A0A163LKQ2	-	22.44
A0A163MEU3	-	22.80
A0A164MPH2	C*	4.03
A0A164PRN3	C	3.44
A0A164PRP8	C	3.43
A0A164PTM7	C	3.00
A0A164PTP3	C*	3.67
A0A164PTP5	C*	4.54
A0A164RA64	C	2.82
A0A164RAH3	C*	4.15
A0A164RBJ3	C	3.33
A0A164SP08	C	2.79
A0A164TCQ0	C	2.78
A0A164WC69	C	2.78
A0A164ZTV5	C*	4.65
A0A165BB62	C*	3.97
A0A165C107	-	16.69
A0A165DIB8	-	18.40
A0A165ELT2	-	16.94
A0A165F8M0	C	3.49
A0A165FWQ7	C	3.16
A0A165HIH0	-	21.56
A0A165J5C9	C	2.93
A0A165JGF1	-	16.15
A0A165JGH2	-	19.25
A0A165R782	C	2.72
A0A165TU36	C*	3.65
A0A165V412	-	15.54
A0A165XBZ9	C*	3.53
A0A165YMC5	C*	3.65
A0A166AA12	C	3.34
A0A166ALV4	-	13.42
A0A166C3P3	C	2.67
A0A166CKA0	C	3.48
A0A166CLK7	C	3.38
A0A166DTI6	C	2.94
A0A166DTU7	C	2.62
A0A166DTV9	C	2.64
A0A166DZ37	C*	4.20
A0A166DZK8	C	2.71
A0A166DZL8	C	2.85
A0A166DZM7	C	2.93
A0A166DZQ5	C	2.85
A0A166E746	C*	3.73
A0A166EDE1	C*	3.60
A0A166F114	C	3.02
A0A166F148	C	3.02
A0A166F1S8	C*	3.58
A0A166LLY6	-	22.55
A0A166LSS0	-	23.06
A0A166M367	-	NA
A0A166MVC7	C*	3.72
A0A166PAB6	-	15.43
A0A166PW93	-	15.89
A0A166QLI8	-	12.48
A0A166QMK6	-	22.08
A0A166QQF3	-	22.91
A0A166RQG5	-	15.48
A0A166S0X4	C*	3.55
A0A166T4G5	-	21.90
A0A166TEN8	-	NA
A0A166TRG0	-	NA
A0A166TV69	-	22.47
A0A166U3J7	-	NA
A0A166UER9	C	3.41
A0A166V0I9	-	22.82
A0A166WVH1	-	22.71
A0A166XAQ1	C	3.48
A0A166Y7S8	C	3.44
A0A166ZRY6	C	3.26
A0A167AFV0	-	NA
A0A167B4D4	C	3.47
A0A167BRG2	-	NA
A0A167BY34	C	3.37
A0A167C0L1	-	22.57
A0A167C8C2	-	23.06
A0A167DP73	-	22.88
A0A167EGD5	C	3.01
A0A167EH62	-	22.27
A0A167EI78	-	22.65
A0A167EJD2	-	22.73
A0A167GD15	-	NA
A0A167GGE3	C*	3.84
A0A167H3K1	C	2.88
A0A167IBL6	C*	3.55
A0A167J7M6	-	16.13
A0A167KGF5	-	NA
A0A167LIV8	C	3.35
A0A167LSW1	C	3.41
A0A167MK44	-	21.56
A0A167PL46	C	3.06
A0A167RB36	-	19.30
A0A167RCQ6	C*	3.82
A0A167T934	-	15.35
A0A167TE01	-	22.95
A0A167TEZ2	-	22.90
A0A167UWJ4	C	2.78
A0A167VR44	-	22.68
A0A167YJN6	C	3.30
A0A167YSY6	-	22.29
A0A168	C	3.19
A0A168BK43	C	3.11
A0A168D8M7	-	14.90
A0A168DG81	C*	7.79
A0A168E5R7	C*	6.70
A0A168EW41	C	3.01
A0A168EXD0	-	NA
A0A168F2E9	-	14.51
A0A168FCP7	-	21.87
A0A168GH67	C	3.09
A0A168H3F0	-	NA
A0A172DC01	C	2.95
A0A172MLG4	C	2.83
A0A172S1H6	-	12.99
A0A173DSG7	C	3.09
A0A173DSH2	C	2.67
A0A173MG86	C	3.29
A0A175VPP2	-	21.96
A0A175VT61	-	14.36
A0A175VT74	C	2.90
A0A175VV54	-	14.89
A0A175VYW1	-	NA
A0A175VZT6	-	23.23
A0A175W227	C	3.24
A0A175W2K8	-	15.27
A0A175W3Y2	-	NA
A0A175W545	-	12.85
A0A175W8L1	C	3.33
A0A175W978	-	15.36
A0A175W9V9	-	22.31
A0A175WHC5	-	19.13
A0A176VDF6	C	3.40
A0A176VEH7	C	3.10
A0A176VEY3	C*	9.10
A0A176VIK0	C*	8.94
A0A176VKC3	C*	9.46
A0A176VQY9	C*	9.25
A0A176VS61	C*	9.14
A0A176VZ75	C*	9.01
A0A176W193	C*	9.23
A0A176W503	C*	8.66
A0A176W6H1	C	2.93
A0A176W8I4	C	3.37
A0A176WB99	C	3.22
A0A176WCD1	C	3.38
A0A176WCF4	C	3.12
A0A176WCM7	C	3.26
A0A176WD67	C	2.99
A0A176WEU2	C*	8.94
A0A176WFY1	C*	8.66
A0A176WGP9	C*	8.96
A0A176WHM5	C	3.30
A0A176WIF4	C*	9.21
A0A176WJD7	C	3.26
A0A176WL12	C*	8.86
A0A177BYL1	C	3.48
A0A177BZU8	-	15.30
A0A177C1E5	-	15.47
A0A177C3Z0	-	15.34
A0A177C4C2	-	19.17
A0A177C8T4	-	22.60
A0A177CAH2	-	22.63
A0A177CCF1	-	22.68
A0A177CCG2	-	22.51
A0A177CDD2	-	22.92
A0A177CDK5	-	15.20
A0A177CJ83	-	22.82
A0A177CKF0	-	23.27
A0A177CM76	-	22.17
A0A177CN05	C	2.62
A0A177CNN5	-	15.81
A0A177CUZ4	C	3.45
A0A177CZG6	-	NA
A0A177D6G4	-	23.40
A0A177D939	-	22.49
A0A177D9T1	C	2.87
A0A177DH89	-	20.33
A0A177DH95	-	22.62
A0A177DHU3	C	2.93
A0A177DIL2	-	23.35
A0A177DK85	-	15.67
A0A177DM13	-	22.35
A0A177DMT7	-	22.12
A0A177DMZ0	-	14.92
A0A177DP90	-	22.28
A0A177DQF3	-	22.25
A0A177DSJ1	-	NA
A0A177DTC8	-	23.66
A0A177DXP3	C*	3.67
A0A177E0Q1	-	NA
A0A177E1Y0	-	20.03
A0A177E2B8	-	22.90
A0A177E2Y1	-	23.06
A0A177E3H5	-	22.79
A0A177EUN3	-	22.30
A0A177EWA1	-	20.38
A0A177F584	-	NA
A0A177FEY3	-	15.54
A0A177SND3	C	3.16
A0A177T6E5	-	NA
A0A177T6I1	-	23.63
A0A177TK21	-	23.35
A0A177TSF4	C	3.43
A0A177V8V0	-	23.51
A0A177V9R6	-	23.01
A0A177V9S0	-	23.00
A0A177VB12	-	23.40
A0A177WCF2	-	21.14
A0A177WE35	-	21.56
A0A177WGV0	-	14.64
A0A177WID7	-	19.24
A0A177WIF3	-	5.62
A0A177WM68	-	15.80
A0A177WRA1	-	18.54
A0A177WRB0	-	17.26
A0A177WRB5	-	16.49
A0A177WTC8	-	18.40
A0A177WTK4	-	19.18
A0A177WVJ9	-	20.59
A0A177X0C6	-	7.53
A0A178C9K7	-	20.34
A0A178CTE4	-	15.47
A0A178D5B3	-	NA
A0A178DF33	-	22.24
A0A178EW52	C	3.34
A0A178FCH7	C	3.32
A0A178Y408	C	3.13
A0A178Z9S6	-	22.15
A0A178ZXE3	-	20.29
A0A179A145	-	15.54
A0A179EWV4	C	2.73
A0A179FL78	C	2.93
A0A179G2Q4	C	3.37
A0A179G9B5	C	3.18
A0A179GFV1	C	3.02
A0A179HB00	C	3.18
A0A179HCZ8	-	23.86
A0A179HK07	-	23.83
A0A179HS62	-	NA
A0A179HU87	-	23.18
A0A179I0M2	C	3.13
A0A179I3R8	-	NA
A0A179IBT8	C	2.95
A0A179IC64	C	3.18
A0A179IMT0	C	3.21
A0A179UBU9	C	3.21
A0A179UBW7	-	15.44
A0A179UEZ2	-	23.02
A0A179UGG1	-	15.27
A0A179UIK7	C	2.75
A0A179UUW6	C	2.96
A0A180G831	-	6.70
A0A180GDP5	-	NA
A0A180GX38	-	23.81
A0A182EHB0	-	18.07
A0A182EMX1	-	13.55
A0A182YW94	-	11.16
A0A183B2C3	C*	9.87
A0A183BBY8	C*	9.18
A0A183BN41	-	13.46
A0A183BN42	-	17.83
A0A183C147	-	17.62
A0A183C149	-	14.05
A0A183CK25	-	15.88
A0A183CU95	-	18.40
A0A183CYD4	-	18.09
A0A183G8L0	-	14.15
A0A183H2G1	-	17.77
A0A183I077	-	NA
A0A183IUG4	-	11.02
A0A183IUG5	-	9.75
A0A183IVI7	-	11.13
A0A183IVQ9	-	NA
A0A183JE54	C*	10.62
A0A183JGS8	C*	7.77
A0A183LLU9	C*	7.78
A0A183M2R9	C*	10.31
A0A183PIV9	C*	10.46
A0A183PYW0	C*	10.61
A0A183RNS7	C*	10.02
A0A183TCN8	C*	11.49
A0A183TFI9	C*	10.07
A0A183UG61	-	15.48
A0A183UKS6	-	17.97
A0A183UXR0	-	13.99
A0A183UY55	-	12.05
A0A183V5H8	-	11.69
A0A191UXZ3	-	NA
A0A191WEQ3	C	2.92
A0A191Z0T6	-	15.95
A0A193BIZ8	-	13.06
A0A193BIZ9	-	13.05
A0A193BJ00	-	13.06
A0A193BJ01	-	13.11
A0A193BJ02	-	13.12
A0A193BJ03	-	13.04
A0A193BJ04	-	13.07
A0A193BJ05	-	13.15
A0A193BJ06	-	13.07
A0A193BJ07	-	13.08
A0A193BJ08	-	13.05
A0A193BJ09	-	13.06
A0A193BJ10	-	13.16
A0A193BJ11	-	13.11
A0A193BJ12	-	13.05
A0A193BJ13	-	13.08
A0A193BJ14	-	13.06
A0A193BJ15	-	13.17
A0A193BJ16	-	13.22
A0A193BJ17	-	12.99
A0A193BJ18	-	13.04
A0A193BJ19	-	13.08
A0A193BJ20	-	13.03
A0A193BJ21	-	13.17
A0A193BJ22	-	13.11
A0A193BJ24	-	13.02
A0A193BJ25	-	13.08
A0A193BJ26	-	12.97
A0A193DUA5	-	12.57
A0A194VAU2	-	14.89
A0A194VBC9	-	21.61
A0A194VP03	-	14.97
A0A194VQC6	C	2.86
A0A194W4Q8	-	15.43
A0A194WCI2	-	6.54
A0A194WE27	-	NA
A0A194WSI0	-	15.03
A0A194X1Z0	-	20.12
A0A194X275	-	14.45
A0A194X3G4	-	23.56
A0A194X431	C	3.28
A0A194X4J9	-	21.84
A0A194X723	-	23.07
A0A194XAS3	-	22.01
A0A194XE82	C	3.23
A0A194XG95	C	3.02
A0A194XJ83	C	2.98
A0A194XK23	-	16.12
A0A194XMC7	-	NA
A0A194XN12	-	NA
A0A194XN78	C	2.87
A0A194XPI4	-	12.15
A0A194XSF1	-	NA
A0A199VCW6	C	3.44
A0A199VDI5	C	2.78
A0A199VDJ0	C	2.97
A0A199VDT9	C	3.09
A0A199XNB6	C	3.28
A0A1A0RL07	C	3.28
A0A1A0W1B4	C	3.21
A0A1A6H6L1	-	12.80
A0A1A7XHU0	-	12.71
A0A1A7ZQ65	-	13.18
A0A1A8AYF2	-	12.86
A0A1A8CQ50	-	12.95
A0A1A8J7Q4	-	12.75
A0A1A8JCJ1	-	13.00
A0A1A8KYC4	-	12.75
A0A1A8MPH6	-	12.91
A0A1A8NQ30	-	12.82
A0A1A8QU06	-	12.82
A0A1A8V6I8	-	12.73
A0A1B1B1R3	-	NA
A0A1B1B8N9	-	NA
A0A1B1CHR9	C*	3.61
A0A1B1M2R3	-	NA
A0A1B1M9M2	-	15.67
A0A1B1MJ07	-	10.32
A0A1B1MS06	-	12.74
A0A1B1RS89	-	13.00
A0A1B1RS96	-	12.74
A0A1B1W8R6	-	12.85
A0A1B1W8S5	-	12.83
A0A1B2EVM5	-	8.70
A0A1B2LSS7	-	13.13
A0A1B4FMK1	C	3.33
A0A1B4FNC0	C	3.20
A0A1B4FRU2	C	3.40
A0A1B4FUQ8	C	3.32
A0A1B5KYY4	C	3.00
A0A1B6Q6C0	C*	4.67
A0A1B7LXJ9	C	3.31
A0A1B7NAD1	C*	3.90
A0A1B7NUR7	-	15.20
A0A1B7NXV0	C	2.94
A0A1B7NYA4	C*	3.61
A0A1B7P2S2	C	3.22
A0A1B7P8D4	-	22.78
A0A1B7XRL3	C	3.49
A0A1B7XS17	-	22.66
A0A1B7XSC0	C	3.15
A0A1B7XTQ0	C*	3.73
A0A1B7Y3U5	C*	3.73
A0A1B7Y8K3	C	3.41
A0A1B7YD73	-	22.78
A0A1B7YDE6	-	22.54
A0A1B7YLJ3	-	12.24
A0A1B7YR08	-	NA
A0A1B7YRL2	-	22.82
A0A1B7YUH4	-	22.77
A0A1B7YUH9	-	22.66
A0A1B7YV68	C	3.05
A0A1B8AGE8	C	3.15
A0A1B8AHN9	C*	3.66
A0A1B8AJY6	C	2.75
A0A1B8AQ15	-	21.93
A0A1B8AR83	C	3.25
A0A1B8ARE9	-	22.65
A0A1B8AVY5	-	23.18
A0A1B8AWE5	-	23.17
A0A1B8AX68	-	21.08
A0A1B8AZE2	-	22.22
A0A1B8B0A6	C	3.47
A0A1B8B5T4	-	22.82
A0A1B8G8M9	-	12.86
A0A1B8GPV7	-	15.82
A0A1B8GTG5	-	21.86
A0A1B8XYP0	-	13.42
A0A1C1CL76	C	3.32
A0A1C1CNE5	-	22.99
A0A1C1CNS0	-	22.19
A0A1C1CVI7	-	15.22
A0A1C3V8M1	C*	3.63
A0A1C3Y9T3	C	3.28
A0A1C3Y9U9	C*	3.79
A0A1C3YLW6	C	2.92
A0A1C7D000	-	13.50
A0A1C7D005	-	17.79
A0A1C7MJW4	C	2.94
A0A1C8P8J1	-	NA
A0A1C8Y7N8	-	13.39
A0A1C8Y7Q1	-	13.34
A0A1C8Y7Q8	-	12.77
A0A1C8Y7R2	-	13.06
A0A1C8Y7R3	-	13.09
A0A1C8Y7V3	-	12.73
A0A1C9CXH8	-	24.00
A0A1C9CXH9	-	10.62
A0A1D1Z645	C	2.76
A0A1D1ZH17	C	3.35
A0A1D2J845	C	3.21
A0A1D2J8Q5	C	3.23
A0A1D2J9Y9	-	18.23
A0A1D2JCS3	-	15.39
A0A1D2JJY4	C	3.43
A0A1D3E0C1	-	NA
A0A1D3K542	-	16.03
A0A1D6JCC2	C	3.24
A0A1D6JET7	C	2.87
A0A1D6N9K8	C	3.21
A0A1D7VP15	-	15.92
A0A1D7YF24	-	NA
A0A1D7YL38	-	NA
A0A1D8G415	-	NA
A0A1D8P699	-	26.81
A0A1D8TVF9	C*	3.96
A0A1D9LEY9	C	3.09
A0A1D9LLW6	C	2.79
A0A1D9PTG4	C	3.21
A0A1D9PVH8	C	3.14
A0A1D9Q0H7	C	3.15
A0A1D9QFS6	C	2.76
A0A1E1G7U0	-	12.84
A0A1E1JS04	C*	3.53
A0A1E1JSY2	-	NA
A0A1E1JXU9	C	3.19
A0A1E1K118	-	23.49
A0A1E1K1F0	-	23.46
A0A1E1K5H4	-	22.70
A0A1E1K7Q4	C	2.74
A0A1E1KAI7	-	15.04
A0A1E1KGV6	-	21.97
A0A1E1KI13	-	14.69
A0A1E1KMS7	-	16.54
A0A1E1KQ70	-	15.09
A0A1E1KSL0	-	21.53
A0A1E1KU53	C	3.20
A0A1E1L0S7	-	16.68
A0A1E1L5I7	-	23.35
A0A1E1LAJ5	-	22.69
A0A1E1LCS6	-	23.22
A0A1E1LIA3	-	23.41
A0A1E1LM99	-	14.63
A0A1E1LN68	-	15.26
A0A1E1LNK0	-	15.18
A0A1E1LRC1	-	23.42
A0A1E1LTR2	C	2.82
A0A1E1LW15	-	17.10
A0A1E1M4H9	-	21.80
A0A1E1M657	-	14.62
A0A1E1M6S3	-	23.40
A0A1E1M8A8	C	3.43
A0A1E1MFI0	C	3.48
A0A1E1MGK4	C	3.13
A0A1E1MH65	-	23.32
A0A1E1MIB6	-	23.08
A0A1E1MJB4	-	22.69
A0A1E1MLZ3	-	15.02
A0A1E1MVL4	-	15.25
A0A1E2VE74	C	3.28
A0A1E3B9D8	C	3.47
A0A1E3BEK7	-	23.21
A0A1E3FW90	C	3.38
A0A1E3V4Z2	C	3.17
A0A1E5P225	-	NA
A0A1E5PJ66	-	NA
A0A1E5PZA3	-	NA
A0A1E5PZI2	-	NA
A0A1E5UM04	C	2.99
A0A1E5UXN7	C	2.69
A0A1E5V3L3	C	2.81
A0A1E5VN09	C	2.86
A0A1E5WH95	C	2.82
A0A1E5WHX8	C	2.76
A0A1E5WJW0	C	2.96
A0A1E5WNI9	C	2.79
A0A1E7F8K2	-	21.02
A0A1E7FM11	-	12.79
A0A1E7FTK4	-	15.91
A0A1E7LN78	-	NA
A0A1E7LZP5	-	NA
A0A1E7N234	-	14.25
A0A1F5L4P2	-	22.83
A0A1F5L654	-	15.93
A0A1F5L929	-	22.26
A0A1F5LB03	-	22.50
A0A1F7ZLT4	-	15.94
A0A1F7ZW72	-	19.54
A0A1F7ZXX7	-	22.78
A0A1F8A303	-	19.27
A0A1F8A6I4	-	22.42
A0A1F8A877	-	15.31
A0A1F8AA02	-	22.68
A0A1G4ANR7	C	3.22
A0A1G4ATQ6	-	15.62
A0A1G4ATZ7	-	22.69
A0A1G4AYJ9	-	NA
A0A1G4AYX7	-	15.88
A0A1G4BFW7	C*	3.52
A0A1G4BKS1	-	NA
A0A1G4BMT9	-	23.04
A0A1G4BS67	-	23.92
A0A1G4V5R8	C	3.27
A0A1G5SEQ3	-	6.41
A0A1G5ZDT2	C*	3.55
A0A1G5ZXY5	C	3.45
A0A1G6IKW8	-	NA
A0A1G6RZ21	-	5.16
A0A1G6US90	C	3.25
A0A1G7BK70	-	NA
A0A1G7EV08	-	18.73
A0A1G7EVK2	-	32.78
A0A1G7JAM5	-	30.95
A0A1G7K2Z2	-	30.36
A0A1G7L190	C	3.31
A0A1G8B6K0	-	NA
A0A1G9L3I7	C*	3.64
A0A1G9LEN0	-	36.71
A0A1G9LQ44	C	3.21
A0A1G9MEV9	C	3.47
A0A1G9R0Y5	-	11.13
A0A1G9XZA0	-	NA
A0A1G9Z9J2	C*	4.15
A0A1H0A5D2	-	15.94
A0A1H0C516	-	NA
A0A1H1Q0J6	-	NA
A0A1H1X1U7	-	NA
A0A1H1YK07	-	15.77
A0A1H2G3G0	-	14.79
A0A1H2XCC9	C	3.32
A0A1H3CW61	C	3.46
A0A1H3FTE7	C	3.24
A0A1H3PKM2	C	3.47
A0A1H3QIE8	C	3.17
A0A1H3SYD2	-	16.94
A0A1H4MIY2	C	3.27
A0A1H4VYS7	-	NA
A0A1H5RXH7	-	NA
A0A1H5XBP9	-	15.97
A0A1H6AG70	-	NA
A0A1H6UN47	C	3.27
A0A1H6UVC1	C	3.13
A0A1H6YXJ5	C	3.20
A0A1H7K5B5	-	16.05
A0A1H7L321	C	3.37
A0A1H7NHR1	-	15.42
A0A1H7NPW0	-	14.00
A0A1H7Q7S9	C	3.42
A0A1H7VPR3	-	NA
A0A1H8D0T2	-	NA
A0A1H8F0D9	-	15.96
A0A1H8F7S5	C	3.18
A0A1H8KQ84	-	7.79
A0A1H8TPG2	-	NA
A0A1H9F825	-	11.26
A0A1H9TR89	-	16.17
A0A1H9YHF0	-	15.91
A0A1I0AUK2	-	91.83
A0A1I0B865	C	3.10
A0A1I0DNM4	C	2.83
A0A1I0KUA0	C	3.46
A0A1I1WTL0	C	3.02
A0A1I1ZK43	-	NA
A0A1I2AZ38	-	NA
A0A1I2GNX2	-	15.75
A0A1I2J207	C	3.08
A0A1I3WXE9	-	14.97
A0A1I4MA92	C	3.13
A0A1I4PP49	C	3.29
A0A1I4RJF6	-	16.12
A0A1I4S2G6	-	6.32
A0A1I4S686	C	3.50
A0A1I4T9J4	-	15.74
A0A1I4VE96	-	15.94
A0A1I4X2F3	-	NA
A0A1I4XEP0	C	3.27
A0A1I4XKW7	C*	3.57
A0A1I4YET0	-	15.72
A0A1I4ZTB4	C	3.26
A0A1I5DX13	-	15.99
A0A1I5JP11	C*	4.12
A0A1I5PK02	-	NA
A0A1I5T2G9	-	10.58
A0A1I5Y7A8	C	3.43
A0A1I6M5T1	C	3.40
A0A1I6TH02	-	14.05
A0A1I6VK36	-	30.90
A0A1I7FBD7	-	NA
A0A1I7G4D1	C	2.87
A0A1I7H5J0	-	15.94
A0A1I7RJ20	-	11.11
A0A1I7RJ76	-	13.24
A0A1I7RVW2	-	13.99
A0A1I7RZ64	-	13.89
A0A1I7S4X7	-	14.49
A0A1I7THH7	-	14.07
A0A1I7TKK5	-	15.29
A0A1I7TM10	-	18.08
A0A1I7UL98	-	11.44
A0A1I7UM07	-	13.11
A0A1I7VBE5	-	14.25
A0A1I7VE53	-	17.75
A0A1I7VEA5	-	NA
A0A1I7VGZ2	-	18.17
A0A1I7XST7	-	4.97
A0A1I7Y3Y8	-	16.13
A0A1I7ZB55	-	11.36
A0A1I7ZBZ5	-	11.23
A0A1I7ZL91	-	14.23
A0A1I7ZM19	-	14.24
A0A1I8A771	-	18.19
A0A1I8AD71	-	17.98
A0A1I8AHN4	-	11.66
A0A1I8AYS7	-	9.76
A0A1I8AZD4	-	10.75
A0A1I8AZL9	C*	9.38
A0A1I8B1K7	-	11.56
A0A1I8BFJ2	-	10.02
A0A1I8BG70	-	13.63
A0A1I8BGA8	-	10.44
A0A1I8EMD9	-	17.95
A0A1I8GLN0	C*	10.20
A0A1I8I6W4	-	NA
A0A1I8IJ91	-	NA
A0A1I8J0F5	C*	10.22
A0A1I9FZH0	-	12.88
A0A1I9G609	-	NA
A0A1I9G629	-	NA
A0A1J0ERB0	C	3.46
A0A1J0KEL5	-	12.36
A0A1J0KGN7	-	12.95
A0A1J4NW81	-	NA
A0A1J4P798	-	NA
A0A1J4PWI9	-	NA
A0A1J6IKE9	C	3.41
A0A1J6IR06	C	2.93
A0A1J6JLI9	C	2.86
A0A1J7H1D4	C	2.79
A0A1J7I5P1	-	20.15
A0A1J7INL6	-	15.10
A0A1J7IS49	-	22.98
A0A1J7ITX6	-	14.97
A0A1J7J0G6	-	22.97
A0A1J7J6R4	C	3.47
A0A1J7JCM8	-	23.81
A0A1J7JH22	-	19.65
A0A1J7JKX2	-	23.18
A0A1J7JNG9	C	3.32
A0A1J7K205	-	21.98
A0A1J7K3Z8	C	2.79
A0A1J9P452	-	15.22
A0A1J9P4E5	C	2.93
A0A1J9PZZ1	-	15.11
A0A1J9Q075	C	2.98
A0A1J9Q3N9	C	2.83
A0A1J9QCX9	C	2.90
A0A1J9QHL9	-	15.31
A0A1J9QI72	-	22.96
A0A1J9QJX4	C	3.47
A0A1J9QK96	C	3.06
A0A1J9QQD4	-	23.21
A0A1J9QRZ6	-	22.92
A0A1J9QXP9	-	22.07
A0A1J9R1D3	-	15.16
A0A1J9R1M8	C	2.84
A0A1J9R2U7	-	NA
A0A1J9R8T8	C	2.95
A0A1J9R915	C*	3.61
A0A1J9RDU7	-	23.10
A0A1J9RG32	-	16.56
A0A1J9RHE1	C	3.45
A0A1J9S725	-	16.18
A0A1K0FT98	-	15.99
A0A1K0FZI0	-	8.28
A0A1K0GCJ9	-	8.94
A0A1K0HF59	-	15.89
A0A1K1RX50	C*	3.86
A0A1L1ZLS6	-	14.61
A0A1L3FF99	C	3.37
A0A1L3FP25	C	3.34
A0A1L3FQJ7	C	3.30
A0A1L5JHU3	C	2.85
A0A1L5NQ81	-	13.36
A0A1L5PBE2	C	3.37
A0A1L5PR01	C	3.25
A0A1L7SRP7	C	2.92
A0A1L7T4C3	C	2.92
A0A1L7T7H4	-	22.66
A0A1L7T7V9	-	23.05
A0A1L7T8U3	-	NA
A0A1L7TDB7	-	22.39
A0A1L7TEG0	-	22.87
A0A1L7TGL4	C	2.76
A0A1L7THL1	-	22.42
A0A1L7TSE2	-	16.73
A0A1L7U023	C	2.77
A0A1L7U9F0	C	2.78
A0A1L7UG25	-	22.73
A0A1L7UH05	-	20.44
A0A1L7V6N4	C	3.39
A0A1L7V6Z6	C*	4.55
A0A1L7V991	-	NA
A0A1L7V9Q4	C*	3.53
A0A1L7VBG6	C*	3.66
A0A1L7VKD7	C	2.72
A0A1L7VMF9	-	18.74
A0A1L7VSH9	-	22.59
A0A1L7VVU2	-	23.09
A0A1L7VXS6	C	2.96
A0A1L7VZA8	-	21.03
A0A1L7W176	-	22.34
A0A1L7W232	-	22.82
A0A1L7W6N9	-	16.84
A0A1L7WBJ5	-	23.29
A0A1L7WCH0	-	14.86
A0A1L7WDN4	C	3.10
A0A1L7WHP6	-	15.56
A0A1L7WRM3	-	10.74
A0A1L7WVJ9	-	22.02
A0A1L7WZ33	-	22.44
A0A1L7X762	C	3.08
A0A1L7X844	-	16.30
A0A1L7XCA5	-	23.06
A0A1L7XEZ3	-	23.12
A0A1L7XFB0	-	9.85
A0A1L7XG75	-	14.29
A0A1L7XGA1	-	20.22
A0A1L7XJ17	-	10.11
A0A1L7XJB2	-	22.85
A0A1L7XKZ6	-	19.71
A0A1L7XKZ7	C	2.87
A0A1L7XL86	-	22.06
A0A1L7XQQ4	-	14.28
A0A1L7XV02	C	3.09
A0A1L7XVJ9	-	21.55
A0A1L7XVV4	-	21.92
A0A1L7XX15	-	22.39
A0A1L7XX51	-	22.01
A0A1L7XXI3	-	NA
A0A1L8FPX0	-	10.40
A0A1L8FPY5	-	13.69
A0A1L8HAY8	-	13.00
A0A1L8HHA8	-	13.26
A0A1L8HNZ5	-	12.83
A0A1L9B3D7	-	15.78
A0A1L9MQY6	-	15.20
A0A1L9N5U9	-	17.85
A0A1L9NBE9	-	22.68
A0A1L9NFH0	-	20.84
A0A1L9NGC6	-	22.46
A0A1L9NHP5	-	15.01
A0A1L9P4N9	-	15.30
A0A1L9P5K4	-	22.31
A0A1L9PK31	-	15.66
A0A1L9PT91	-	23.85
A0A1L9PUQ4	-	22.93
A0A1L9PZT9	-	NA
A0A1L9Q0K3	C	3.38
A0A1L9Q161	C	2.67
A0A1L9Q2X8	-	22.75
A0A1L9Q5E1	-	21.71
A0A1L9RA92	C	3.40
A0A1L9RMH3	-	15.88
A0A1L9RSJ6	-	15.91
A0A1L9RUP8	C	3.39
A0A1L9RXI5	-	8.11
A0A1L9S2T4	-	23.05
A0A1L9S434	-	NA
A0A1L9SBJ3	C	3.25
A0A1L9SFN0	-	14.69
A0A1L9SFQ7	-	15.47
A0A1L9SJA1	-	23.11
A0A1L9SJV0	-	22.74
A0A1L9T0I4	-	21.97
A0A1L9T4S2	-	23.12
A0A1L9T527	C	3.40
A0A1L9T5J5	C*	3.63
A0A1L9T6V0	-	NA
A0A1L9T8P2	-	23.55
A0A1L9TIM4	-	15.15
A0A1L9TTH3	-	22.25
A0A1L9U384	-	17.92
A0A1L9U5P7	-	15.20
A0A1L9UCL6	-	22.40
A0A1L9UDA4	-	20.77
A0A1L9UF38	-	14.99
A0A1L9USF3	-	22.81
A0A1L9V3Y6	C	3.44
A0A1L9V8E5	C	3.26
A0A1L9WGB2	-	NA
A0A1L9WIS1	-	22.81
A0A1L9WN79	-	15.51
A0A1L9WQQ0	-	20.40
A0A1L9WZZ5	-	17.78
A0A1L9X8A5	C	3.29
A0A1M2V476	C	3.38
A0A1M2VFH5	-	14.94
A0A1M2VPA5	C	3.08
A0A1M3KWQ3	C*	10.95
A0A1M3T682	-	22.62
A0A1M3T6R9	-	20.79
A0A1M3T705	-	15.02
A0A1M3TFS3	-	15.39
A0A1M3TTS7	-	17.88
A0A1M3TZH4	-	22.73
A0A1M4WXD6	C	3.41
A0A1M5EK35	-	28.00
A0A1M5KSP5	-	38.84
A0A1M6EG22	C	3.27
A0A1M6FXH1	-	13.07
A0A1M6KPY0	C	2.93
A0A1M6NA87	-	25.10
A0A1M6UBL7	C	3.33
A0A1M6UZM2	C	3.21
A0A1M6YZ20	C	3.13
A0A1M6ZLB0	-	NA
A0A1M7BKJ4	C	3.23
A0A1M7HUV8	C	2.73
A0A1M7HXU5	C	3.37
A0A1M7JYU0	C	3.26
A0A1M7UKR1	C	3.32
A0A1M7UXB1	C	3.18
A0A1N6FBL6	C	3.27
A0A1N6G318	-	NA
A0A1N6GWC1	C	2.73
A0A1N6ZK30	-	NA
A0A1N7IC57	C	3.32
A0A1N7NXT6	C	3.25
A0A1N7U5H3	C	3.16
A0A1P8THR9	-	NA
A0A1P8YXV3	C	3.31
A0A1P8YXV9	-	14.82
A0A1Q2H1V0	C*	3.65
A0A1Q3B9T6	C	2.75
A0A1Q3DUK8	-	15.27
A0A1Q3EBY1	C	2.95
A0A1Q3EU58	-	14.92
A0A1Q4V843	-	NA
A0A1Q4V9C0	-	16.18
A0A1Q4VCZ9	-	NA
A0A1Q5TEY8	-	22.77
A0A1Q8ESH5	C	3.46
A0A1Q8RB81	-	23.20
A0A1Q8RL66	-	22.94
A0A1Q8RL83	-	22.69
A0A1Q8RN62	-	22.80
A0A1Q8RQU4	C*	3.66
A0A1Q8RRY2	-	10.50
A0A1Q8RS64	-	15.33
A0A1Q8RT46	-	NA
A0A1Q8RT99	-	22.49
A0A1Q8RWW3	-	22.06
A0A1Q8S0I1	-	9.84
A0A1Q8S150	C*	3.55
A0A1Q8S3Q1	-	24.09
A0A1Q8ZLK4	C	3.22
A0A1Q9DXC9	C*	6.05
A0A1R0GSB3	-	22.09
A0A1R0GZJ6	-	21.97
A0A1R0H363	-	17.79
A0A1R0H5V9	-	21.98
A0A1R0H5Z6	-	22.45
A0A1R0H9H9	-	21.94
A0A1R0H9J9	-	22.39
A0A1R0H9M4	-	6.19
A0A1R1PBT7	-	22.47
A0A1R1PH42	-	21.75
A0A1R1PI16	-	21.82
A0A1R1PIW9	-	22.08
A0A1R1PJS5	-	21.86
A0A1R1PML3	-	22.25
A0A1R1PMZ4	-	22.12
A0A1R1PS93	-	22.29
A0A1R1PVC5	-	22.13
A0A1R1WYE1	-	13.35
A0A1R1X591	-	22.52
A0A1R1X5Y3	-	21.70
A0A1R1X657	-	22.07
A0A1R1XEH9	-	21.98
A0A1R1XFQ7	-	22.43
A0A1R1XH13	-	22.17
A0A1R1XHY4	-	22.34
A0A1R1XPA9	-	22.43
A0A1R1XTM7	-	22.26
A0A1R1Y072	-	21.89
A0A1R1Y0C8	-	22.51
A0A1R1Y4L7	-	33.96
A0A1R1Y553	-	21.59
A0A1R1Y573	-	22.49
A0A1R1YCH6	-	21.90
A0A1R1YDJ3	-	22.18
A0A1R1YED9	-	22.47
A0A1R1YEJ2	-	22.02
A0A1R1YG85	-	17.80
A0A1R1YHR6	-	17.79
A0A1R1YKF0	-	22.32
A0A1R3I1N9	C	2.94
A0A1R3I1W8	C	2.87
A0A1R3RDN0	-	17.17
A0A1R3RGL8	-	15.30
A0A1R3RHQ2	-	17.81
A0A1R3RIK9	-	22.63
A0A1R3RL00	-	22.72
A0A1R3RM65	-	21.23
A0A1R3RMB5	C	3.39
A0A1R3RV41	-	NA
A0A1R3S0H8	-	13.66
A0A1R4H6E4	-	NA
A0A1R4H727	-	NA
A0A1R4H7B9	C*	3.57
A0A1R4HGF1	-	15.90
A0A1S0U3A8	-	14.66
A0A1S0UA83	-	17.86
A0A1S0UE63	-	18.14
A0A1S0UET2	-	18.13
A0A1S1J5M9	C*	3.57
A0A1S1QQN5	-	15.83
A0A1S1RLQ1	-	15.17
A0A1S1U863	C	3.04
A0A1S1WVB3	C	3.00
A0A1S1WVR1	-	NA
A0A1S2PKP4	-	NA
A0A1S2PQK3	-	NA
A0A1S2Q1S7	-	14.85
A0A1S2TDC3	C	3.21
A0A1S2XCB4	C	2.67
A0A1S3A9R3	-	12.73
A0A1S3AG80	-	13.44
A0A1S3B632	C	3.20
A0A1S3BFJ5	C	3.12
A0A1S3F0Z4	-	13.33
A0A1S3FPX9	-	13.26
A0A1S3FZ52	-	12.86
A0A1S3H960	-	17.91
A0A1S3HAX8	-	17.15
A0A1S3HNS5	C*	10.89
A0A1S3I9L8	-	13.70
A0A1S3IIA6	C*	11.00
A0A1S3M1N8	-	13.27
A0A1S3N7F4	-	12.81
A0A1S3N8E2	-	12.91
A0A1S3P0G2	-	13.26
A0A1S3PMH8	-	13.18
A0A1S3SDL6	-	12.82
A0A1S3T8Z8	C	2.82
A0A1S3T903	C	2.99
A0A1S3T908	C	3.04
A0A1S3UVG6	C	2.80
A0A1S3UW74	C	2.90
A0A1S3VFN6	C	2.85
A0A1S3VGI9	C	2.78
A0A1S3X216	C	2.91
A0A1S3XNC2	C	2.87
A0A1S3Y7P7	C	2.84
A0A1S3YVF2	C	2.85
A0A1S3ZGA9	C	2.86
A0A1S3ZJN1	C*	3.62
A0A1S3ZQP6	C	2.88
A0A1S4AY85	C	2.85
A0A1S4BPI1	C	2.83
A0A1S4BPJ1	C	2.87
A0A1S4BS14	C	3.12
A0A1S4BS42	C	3.07
A0A1S4D1N7	C	2.85
A0A1S6GLX1	C	2.86
A0A1S6JCQ5	-	NA
A0A1S7UQS5	-	14.25
A0A1S8B2L2	C	3.35
A0A1S8B326	C	2.84
A0A1S8B3R3	-	21.72
A0A1S8B921	-	23.26
A0A1S8BB58	C	3.37
A0A1S8BLY1	-	23.11
A0A1S8CTM4	-	NA
A0A1S8X0S4	C*	10.10
A0A1S8X904	-	NA
A0A1S8X960	C*	12.12
A0A1S9D7B6	C	3.23
A0A1S9D8U5	C*	3.90
A0A1S9DBW0	-	22.49
A0A1S9DF80	-	15.37
A0A1S9DJX3	-	22.68
A0A1S9DK56	C	3.45
A0A1S9DQI5	-	22.85
A0A1S9DSW9	-	20.29
A0A1S9DY89	C	2.98
A0A1S9E169	-	15.73
A0A1S9R977	-	14.02
A0A1S9RAT3	-	22.07
A0A1S9RI10	-	15.11
A0A1S9RXZ7	-	22.63
A0A1S9S186	-	22.71
A0A1T3CJY3	C	3.17
A0A1T3D0U6	C	2.91
A0A1T4VVS6	C	2.76
A0A1U7HH74	C	3.47
A0A1U7LR42	-	NA
A0A1U7QI44	-	13.28
A0A1U7R181	-	13.33
A0A1U7RIN9	-	13.44
A0A1U7RL49	-	12.79
A0A1U7RUY1	-	13.37
A0A1U7S3P6	-	13.37
A0A1U7SPS9	-	13.19
A0A1U7U0A7	-	12.81
A0A1U7VU91	C	2.83
A0A1U7VZE2	C	2.93
A0A1U7W3J9	C	2.88
A0A1U7WEV2	C	2.87
A0A1U7WR83	C	2.87
A0A1U7XN75	C	2.97
A0A1U7YXM0	C	2.79
A0A1U7Z3Y9	C	3.16
A0A1U7ZNA7	C*	3.54
A0A1U8ADQ1	C	3.21
A0A1U8CP38	-	12.84
A0A1U8HXV2	C	2.76
A0A1U8JTD9	C	3.15
A0A1U8LIV3	C	3.28
A0A1U8MR36	C	3.19
A0A1U8MV00	C	2.85
A0A1U9A8E4	-	13.62
A0A1U9R1C4	-	NA
A0A1U9VHG5	C	3.19
A0A1U9VPE0	-	15.65
A0A1U9ZYN5	-	11.37
A0A1V0UF35	-	NA
A0A1V0UKR2	-	13.59
A0A1V2K374	-	15.86
A0A1V2UT19	C*	4.10
A0A1V3BZL4	C	3.46
A0A1V4A075	-	NA
A0A1V4I1C4	-	NA
A0A1V4J4M7	-	13.44
A0A1V4J513	-	12.80
A0A1V4L0L8	-	13.03
A0A1V6MSF3	-	NA
A0A1V6MUA4	-	NA
A0A1V6N9N8	C	3.49
A0A1V6NBC1	C	3.37
A0A1V6NT23	-	NA
A0A1V6NTF3	-	22.53
A0A1V6NYN1	-	22.61
A0A1V6P941	-	15.46
A0A1V6PRI1	-	22.65
A0A1V6PTM8	-	15.69
A0A1V6Q6L1	-	16.00
A0A1V6Q8G6	-	22.49
A0A1V6QBL1	-	12.28
A0A1V6QMM7	-	22.58
A0A1V6QQ78	C	3.23
A0A1V6QSQ2	C	3.24
A0A1V6R0M3	-	22.59
A0A1V6R4C4	C	3.20
A0A1V6RI42	-	21.92
A0A1V6RJ70	-	21.94
A0A1V6RNY4	-	22.27
A0A1V6RX09	-	22.68
A0A1V6S5U6	-	22.50
A0A1V6SI39	-	22.34
A0A1V6SJE6	C	3.39
A0A1V6SQY9	-	21.01
A0A1V6T290	C	3.48
A0A1V6T2Q2	-	16.13
A0A1V6T2W4	C	3.38
A0A1V6TP23	-	22.69
A0A1V6TP25	C	3.47
A0A1V6TPN3	-	22.20
A0A1V6UCN1	-	22.68
A0A1V6UJI3	-	22.51
A0A1V6UYM8	-	21.90
A0A1V6XP46	C	3.28
A0A1V6Y949	C	3.38
A0A1V6YCZ7	-	22.05
A0A1V6YX06	-	22.73
A0A1V8SKS2	C	2.73
A0A1V8SS50	-	22.90
A0A1V8SV31	C	3.44
A0A1V8SXJ4	C	3.18
A0A1V8T1G2	C	3.36
A0A1V8TJ40	C	2.69
A0A1V8TKJ2	-	22.90
A0A1V8TPK1	C	3.24
A0A1V8TS84	-	23.38
A0A1V8TU55	-	23.35
A0A1V9Y4A2	-	12.08
A0A1V9Y4B3	-	11.99
A0A1V9Y543	-	11.99
A0A1V9Y5I4	-	11.94
A0A1V9Y9H5	-	11.75
A0A1V9YBP5	-	11.92
A0A1V9YE51	-	NA
A0A1V9YEM7	-	21.42
A0A1V9YSU1	-	NA
A0A1V9YY26	-	20.80
A0A1V9YYD2	-	NA
A0A1V9Z4B6	-	NA
A0A1V9Z5U0	-	11.93
A0A1V9ZFX4	-	NA
A0A1V9ZS86	-	21.33
A0A1V9ZSP1	-	10.60
A0A1W0A5N4	-	11.92
A0A1W0CC29	C	3.36
A0A1W0VTX0	C	3.49
A0A1W0VZT6	C*	4.84
A0A1W1XU60	C	3.36
A0A1W2FQF9	-	11.35
A0A1W2TBG8	C	2.77
A0A1W2TDK2	C	3.21
A0A1W2TFC7	C*	3.51
A0A1W2TI06	-	22.26
A0A1W2TIU1	-	15.51
A0A1W2TJ16	-	19.23
A0A1W2TKF3	-	10.13
A0A1W2TMZ6	-	23.95
A0A1W2TQH1	-	15.13
A0A1W2TRD3	-	22.93
A0A1W2TX07	C	3.38
A0A1W2TXD3	-	14.89
A0A1W5CYQ0	C	3.02
A0A1W5D0E8	C	2.83
A0A1W5PVZ5	C	3.20
A0A1W5ZLD3	-	13.22
A0A1W5ZLE6	-	12.84
A0A1W6SPL1	-	15.37
A0A1W6SPU4	-	22.16
A0A1W6SQT2	C	2.91
A0A1W6SSH7	-	15.94
A0A1W6WXH6	-	9.82
A0A1W7D1S4	-	15.69
A0A1X0B8H0	C	3.35
A0A1X1P628	C*	4.53
A0A1X2ETX6	C	3.32
A0A1X6N7P5	C	3.31
A0A1X6NLJ2	-	21.97
A0A1X6NN55	-	15.79
A0A1X6NRK9	-	NA
A0A1X6NT80	-	12.92
A0A1X6P7V7	-	21.00
A0A1X6P7W8	-	17.14
A0A1X6PIR8	-	20.95
A0A1X6PJ39	-	NA
A0A1X6PJ49	-	20.85
A0A1X7PSQ5	C	3.26
A0A1X7RK58	-	14.95
A0A1X7RPF3	-	16.14
A0A1X7RRH8	C*	6.44
A0A1X7RS54	C*	12.74
A0A1X7RSK7	-	16.03
A0A1X7RU91	-	NA
A0A1X7RVT3	-	NA
A0A1X7RWC6	C	3.27
A0A1X7RXX1	C	2.71
A0A1X7S635	-	8.60
A0A1X7S7T3	C	3.47
A0A1X7S964	-	22.96
A0A1Y0B6P0	C	2.75
A0A1Y0C4U3	C	3.27
A0A1Y1BWL3	C*	3.66
A0A1Y1HLN7	C	2.89
A0A1Y1HT28	C	2.95
A0A1Y1HVY3	C	2.95
A0A1Y1IBB9	C	3.12
A0A1Y1IJ30	C*	4.74
A0A1Y1VY43	-	22.43
A0A1Y1VY46	-	7.34
A0A1Y1VY50	-	22.54
A0A1Y1VYU8	-	NA
A0A1Y1W3Y5	-	14.62
A0A1Y1W8H1	-	7.13
A0A1Y1W8N5	-	22.53
A0A1Y1W9H1	-	16.29
A0A1Y1WUU7	-	21.85
A0A1Y1WXW1	C	3.48
A0A1Y1X7W0	-	21.70
A0A1Y1XAL5	-	21.54
A0A1Y1XFV3	-	10.11
A0A1Y1XLK1	-	22.03
A0A1Y1XM11	-	22.16
A0A1Y1XU76	-	21.44
A0A1Y1XUF9	-	22.16
A0A1Y1XUN2	-	10.00
A0A1Y1XZB8	-	21.99
A0A1Y1Y0G3	-	21.22
A0A1Y1Y162	-	21.24
A0A1Y1Y3B8	-	18.64
A0A1Y1Y3H3	-	21.68
A0A1Y1Y511	-	22.21
A0A1Y1Y750	-	22.36
A0A1Y1YAL0	C	2.93
A0A1Y1YBC0	-	22.84
A0A1Y1YDM8	-	21.69
A0A1Y1YGY2	C*	3.80
A0A1Y1YHD6	-	22.19
A0A1Y1YII7	-	18.92
A0A1Y1YL36	-	22.90
A0A1Y1Z2V1	-	21.80
A0A1Y1Z3P8	-	10.15
A0A1Y1Z4N2	-	22.14
A0A1Y1Z5L8	-	21.03
A0A1Y1Z697	-	18.58
A0A1Y1Z6J4	-	NA
A0A1Y1ZAQ2	-	NA
A0A1Y1ZC58	-	10.24
A0A1Y1ZEP1	-	23.02
A0A1Y1ZKF0	-	10.03
A0A1Y1ZNT3	-	22.81
A0A1Y1ZQ62	-	23.14
A0A1Y1ZQB7	-	15.58
A0A1Y1ZS34	-	22.98
A0A1Y1ZVC0	-	20.22
A0A1Y1ZWF3	C	2.78
A0A1Y2A0W8	-	23.79
A0A1Y2A1D7	-	15.02
A0A1Y2A1T8	C	3.23
A0A1Y2B8A2	C*	6.28
A0A1Y2BRR1	-	21.56
A0A1Y2BS97	-	13.96
A0A1Y2C6Z8	-	18.92
A0A1Y2C7D2	-	21.46
A0A1Y2C902	-	16.08
A0A1Y2CS79	-	17.66
A0A1Y2CTX0	-	15.10
A0A1Y2D0T3	-	17.50
A0A1Y2D0V7	-	12.56
A0A1Y2D1M5	-	16.85
A0A1Y2D9W0	-	6.61
A0A1Y2DJD5	-	6.40
A0A1Y2DPS8	-	15.57
A0A1Y2DQ55	-	14.48
A0A1Y2DTS3	-	NA
A0A1Y2DYQ2	-	21.98
A0A1Y2E0D0	-	22.99
A0A1Y2E320	C	3.05
A0A1Y2E7P4	-	14.58
A0A1Y2EAA7	-	15.05
A0A1Y2EBR8	-	23.06
A0A1Y2EC43	-	14.85
A0A1Y2ELF4	C	2.80
A0A1Y2H970	-	24.56
A0A1Y2HB26	-	24.86
A0A1Y2HBG1	-	22.20
A0A1Y2HBJ4	-	9.42
A0A1Y2HGN7	-	21.92
A0A1Y2HHP1	-	15.68
A0A1Y2HIE7	-	NA
A0A1Y2HJL8	-	24.79
A0A1Y2HM72	-	15.88
A0A1Y2HMF9	-	24.94
A0A1Y2HSP2	-	22.24
A0A1Y2HVF8	-	22.30
A0A1Y2HYH5	-	17.91
A0A1Y2I086	-	22.25
A0A1Y2I2E8	-	22.01
A0A1Y2I5X2	-	14.64
A0A1Y2J1T8	-	14.82
A0A1Y2J222	C*	3.85
A0A1Y2JFF1	C	3.29
A0A1Y2JMB7	C	3.48
A0A1Y2LAB1	C*	3.72
A0A1Y2LJE8	-	22.73
A0A1Y2LLX2	-	15.74
A0A1Y2LS64	-	22.72
A0A1Y2LTP6	-	22.45
A0A1Y2LV59	-	19.28
A0A1Y2LVN0	-	15.07
A0A1Y2LWY4	-	21.70
A0A1Y2LZD4	-	22.89
A0A1Y2M0W4	-	21.93
A0A1Y2M514	C	2.83
A0A1Y2MBF5	-	14.94
A0A1Y2MBQ1	-	15.01
A0A1Y2NMG9	-	NA
A0A1Y3CKL6	C	2.92
A0A1Y5XJS9	-	15.07
A0A1Y6CW86	C*	11.78
A0A1Y6LEM6	-	16.06
A0A1Y6LG60	-	14.95
A0A1Y6LH78	C*	6.43
A0A1Y6LHS4	C*	12.76
A0A1Y6LIE0	-	16.03
A0A1Y6LJW2	-	NA
A0A1Y6LLM1	-	NA
A0A1Y6LLP7	C	3.32
A0A1Y6LNC1	C	2.76
A0A1Y6LWP6	-	8.39
A0A1Y6LZT0	-	22.93
A0A1Y6M338	C	2.91
A0A1Z1WBL2	-	NA
A0A1Z1WEX4	-	NA
A0A1Z2KV18	-	10.42
A0A1Z2L0K2	-	15.92
A0A1Z2L705	-	16.09
A0A1Z4C3I1	C*	3.65
A0A1Z4C3W5	C	3.42
A0A1Z4LKJ3	-	15.12
A0A1Z4LU81	-	NA
A0A1Z4V9M4	C	3.14
A0A1Z5R8F8	C	3.20
A0A1Z5SN13	-	22.68
A0A1Z5SRG5	C*	4.10
A0A1Z5SY64	C*	3.68
A0A1Z5SZD6	-	22.76
A0A1Z5T6Y5	-	22.98
A0A1Z5TA34	-	23.01
A0A1Z5TGP0	-	22.98
A0A1Z5TI13	C*	3.64
A0A1Z5TJY0	-	23.09
A0A1Z5TLP4	-	23.76
A0A1Z5TMX8	-	23.01
A0A1Z5TUA1	C	3.30
A0A1Z5TVI1	-	22.86
A0A1Z8AWD3	C	3.30
A0A200PQQ4	C	3.05
A0A200PQR0	C	2.82
A0A200PQT6	C	3.13
A0A200Q9B4	C	3.08
A0A200Q9D2	C	3.04
A0A200R7R5	C	3.44
A0A202B6Z1	C	2.68
A0A202B9X1	C	3.09
A0A210PLP8	-	11.63
A0A210PPR4	-	13.25
A0A210PWA4	-	15.74
A0A210QF88	-	12.37
A0A210QHJ1	-	26.48
A0A210QHN1	-	12.78
A0A210QJN1	-	26.23
A0A210QJQ9	-	19.43
A0A210QJS6	-	23.62
A0A210QME8	-	13.01
A0A210QRD1	-	11.95
A0A210R172	-	17.91
A0A210R239	-	11.96
A0A210R249	-	14.01
A0A210R253	-	29.80
A0A210R2D2	-	NA
A0A210R2F8	-	14.92
A0A210R2J1	-	12.53
A0A210R2J5	-	13.82
A0A210R2L1	-	26.31
A0A210R2R4	-	11.62
A0A211ZIF3	C	3.23
A0A212C521	-	15.71
A0A218UTV1	-	12.71
A0A218V5V9	-	13.34
A0A218WZL2	C	2.77
A0A218YW74	-	20.28
A0A218YXK2	-	22.98
A0A218Z1A3	-	14.76
A0A218Z5Z3	-	8.31
A0A218Z9Z9	-	NA
A0A218ZEU2	C*	3.56
A0A218ZG40	-	14.91
A0A218ZGH0	C	3.22
A0A221NXB2	-	NA
A0A221P6L7	-	NA
A0A222YS18	-	11.58
A0A222YSB4	-	12.57
A0A222YTC9	-	11.65
A0A225AK64	C	3.33
A0A225W8Z8	-	12.14
A0A225WDY0	-	12.63
A0A225WTA2	-	12.07
A0A225WXL0	-	12.32
A0A225WXR8	-	12.49
A0A225WZW1	-	NA
A0A225X002	-	NA
A0A225X068	-	12.54
A0A225X0D9	-	12.51
A0A225X3J0	-	12.30
A0A226MSN3	-	12.90
A0A226MV85	-	13.26
A0A226N516	-	15.13
A0A227NIZ8	C	3.17
A0A229WBV1	-	23.00
A0A229YF46	-	22.90
A0A232LQ58	-	NA
A0A232M3J6	C*	3.52
A0A232M3P4	-	NA
A0A232M6A5	C	3.22
A0A233S0M9	-	NA
A0A233SWB8	-	NA
A0A238BSW7	-	14.72
A0A238BUS9	C	3.38
A0A238C4W2	-	NA
A0A238C614	-	13.07
A0A238GSN3	C	2.76
A0A238GSS3	C	2.75
A0A238GT27	C	2.91
A0A238JCS7	C	2.72
A0A238URH8	C	3.39
A0A238WEM5	C	2.85
A0A239B9T9	C*	3.63
A0A239C589	-	15.65
A0A239DL37	C*	3.57
A0A239JU18	C*	4.27
A0A243BGP5	-	66.13
A0A243RJW7	-	NA
A0A243S3W4	-	NA
A0A248JNQ9	-	6.08
A0A248JZS5	C	3.37
A0A249PKJ6	C	3.05
A0A250IQN3	C	2.88
A0A250J906	-	NA
A0A250JIN4	C	3.24
A0A250V858	-	NA
A0A250VK24	-	NA
A0A250X2B4	C	3.25
A0A251PFJ6	C	2.97
A0A251S095	C	2.84
A0A251SBY7	C	2.79
A0A251SCL8	C	2.80
A0A251T8E6	C	3.05
A0A251T9H9	C	2.92
A0A251TAZ6	C	2.93
A0A251TBX0	C	2.84
A0A251TCC9	C	2.88
A0A251TE56	C	2.81
A0A251TN65	C	3.04
A0A251TYX0	C	2.83
A0A254T7E5	C	3.00
A0A254TX54	-	22.76
A0A254U1W7	C	3.49
A0A254U6B9	-	22.44
A0A254U6L8	-	15.04
A0A254UGL9	-	15.63
A0A255XTK6	C	2.90
A0A255XVR5	C	3.17
A0A255Z219	C	3.23
A0A260YNQ5	-	13.93
A0A260ZAA2	-	18.11
A0A260ZHJ1	-	13.99
A0A261A2D2	-	13.91
A0A261AMC7	-	11.46
A0A261ART6	-	11.45
A0A261BML5	-	13.40
A0A261BV78	-	18.13
A0A261GRE4	C	3.40
A0A261GVB1	C	2.82
A0A267E0U8	C*	10.20
A0A267EJI9	C*	10.22
A0A267G1D3	C*	10.03
A0A270R4T3	C	3.19
A0A270R4U3	C*	4.44
A0A284QKJ8	-	23.51
A0A284QUC6	-	15.06
A0A284QY39	-	23.52
A0A284R0V1	-	23.37
A0A284RJ44	-	23.52
A0A284RME6	C	3.46
A0A284RNM6	-	15.57
A0A284RQX4	-	23.50
A0A284RVV9	-	23.18
A0A285BU58	-	6.40
A0A285MR25	-	35.01
A0A285N1Q2	C	3.33
A0A286K027	-	18.80
A0A286MEA3	C	2.80
A0A286UXE3	C	2.89
A0A286UXH5	C*	3.82
A0A286ZW59	-	13.17
A0A291Q8A9	-	NA
A0A292PHN7	-	21.89
A0A292PKA2	-	15.33
A0A292PY08	C	3.23
A0A292PZ61	C	3.08
A0A292Q0S9	-	22.13
A0A2A2CYM0	-	15.96
A0A2A2CZR1	-	10.43
A0A2A2D8R7	-	15.91
A0A2A2J8D8	-	12.90
A0A2A2JDD4	-	12.66
A0A2A2JDX4	-	12.77
A0A2A2JLU7	-	16.91
A0A2A2JPQ9	-	11.39
A0A2A2KE11	-	17.34
A0A2A2KHM8	-	18.32
A0A2A2KHX6	-	14.00
A0A2A2KI00	-	13.86
A0A2A2KI46	-	18.19
A0A2A2KI70	-	14.40
A0A2A2KQK3	-	13.92
A0A2A2KR94	-	18.05
A0A2A2KT25	-	14.33
A0A2A2KT57	-	14.41
A0A2A2KT69	-	18.07
A0A2A2KT76	-	14.07
A0A2A2KT86	-	14.23
A0A2A2KT89	-	18.10
A0A2A2KT90	-	16.37
A0A2A2KT92	-	14.48
A0A2A2KT95	-	18.04
A0A2A2KT96	-	9.84
A0A2A2KTJ9	-	14.25
A0A2A2KTL5	-	7.24
A0A2A2KWS8	-	NA
A0A2A2L189	-	16.76
A0A2A2L7X7	-	14.31
A0A2A2LC42	-	15.97
A0A2A2MFM9	C	3.30
A0A2A2PN16	-	15.93
A0A2A4FEF3	C	3.38
A0A2A4FK57	C	3.46
A0A2A5KJE3	C	3.37
A0A2A6B3L8	-	13.21
A0A2A6BIE1	-	14.38
A0A2A6BQG6	-	14.03
A0A2A6BT42	-	17.51
A0A2A6C0P8	-	11.71
A0A2A6C452	-	11.77
A0A2A6CJW1	-	17.61
A0A2A6J2U9	C	3.37
A0A2A7N7N2	C	3.31
A0A2A7SC70	C	3.18
A0A2A9P2X5	C*	3.68
A0A2A9PFR7	C	3.00
A0A2A9PJA7	-	22.86
A0A2A9PJB5	C	2.94
A0A2A9PND3	C	3.02
A0A2A9PRJ6	C	3.42
A0A2A9PSU3	C	2.86
A0A2B4R7J8	-	12.97
A0A2B4RIN6	-	10.97
A0A2B4RKW6	-	11.12
A0A2B4RN75	-	10.75
A0A2B4RNC9	-	11.00
A0A2B4RPF7	-	10.85
A0A2B4RQ59	-	10.92
A0A2B4RQQ5	-	10.97
A0A2B4SFS2	-	11.07
A0A2B4SG55	-	23.03
A0A2B4SQ19	-	12.55
A0A2B4STS7	-	21.58
A0A2B7WHR8	-	15.17
A0A2B7WN75	C	3.12
A0A2B7WWK3	-	23.36
A0A2B7WX14	-	22.02
A0A2B7WZX3	-	15.44
A0A2B7X0H1	-	22.94
A0A2B7X1D4	-	NA
A0A2B7X3E4	-	15.16
A0A2B7X5B2	C	3.38
A0A2B7X6I9	C*	3.53
A0A2B7XQF2	C	3.37
A0A2B7XVW2	C	3.49
A0A2B7XWW1	-	15.03
A0A2B7XYY6	-	14.65
A0A2B7XZH1	-	23.15
A0A2B7Y0Z4	-	23.32
A0A2B7Y1Z4	-	NA
A0A2B7Y2D7	C	2.91
A0A2B7Y3U7	-	22.28
A0A2B7Y571	-	15.41
A0A2B7YAT8	C	3.17
A0A2B7YCJ2	-	23.03
A0A2B7YDC2	C	3.00
A0A2B7YQX0	-	16.97
A0A2B7Z651	C	3.17
A0A2B7ZAM7	-	15.11
A0A2B7ZD97	C	3.46
A0A2B7ZFZ8	-	15.33
A0A2B7ZKP4	C	2.74
A0A2B7ZS17	-	22.94
A0A2B7ZTN1	C	2.84
A0A2B8BFB1	C	3.21
A0A2C5X0B9	C	3.12
A0A2C5XK77	C	3.42
A0A2C5XL89	C	3.04
A0A2C5XTP8	C	3.34
A0A2C5Y901	C	3.28
A0A2C5YA96	-	NA
A0A2C5YDY5	C	2.94
A0A2C5YFN0	C	2.77
A0A2C5YKI6	C	3.26
A0A2C5YLV5	C	3.19
A0A2C5YSY6	-	22.72
A0A2C5ZBU4	C	2.91
A0A2C5ZDY8	C	2.86
A0A2C5ZER1	C	3.36
A0A2C5ZMG7	C	2.94
A0A2C9JDT0	-	11.18
A0A2C9KDF9	-	11.26
A0A2C9KDI8	-	18.53
A0A2C9KDQ8	-	NA
A0A2C9L419	-	11.22
A0A2C9LHZ0	-	12.03
A0A2C9U520	C	2.89
A0A2D0N956	C*	9.91
A0A2D0NGI4	-	34.79
A0A2D0QFY2	-	12.87
A0A2D0SW34	-	13.11
A0A2D2AU21	C	3.34
A0A2D2AXZ0	C	2.81
A0A2D3UP66	C	3.20
A0A2D3URD8	-	17.31
A0A2D3USA2	-	14.79
A0A2D3UTW4	-	11.53
A0A2D3UWI9	-	23.87
A0A2D3UX83	C*	12.97
A0A2D3V5Q1	-	20.93
A0A2D3V8K9	-	21.34
A0A2D3V8Z0	-	22.46
A0A2D3V9U3	-	22.75
A0A2D3VEC3	C*	3.58
A0A2D3VIH6	C	3.41
A0A2D3VL88	-	21.54
A0A2G2W2T9	C	2.94
A0A2G2XEY0	C	2.87
A0A2G2XHP8	C	2.73
A0A2G2XM25	C	3.03
A0A2G2XM38	C	2.79
A0A2G2XM40	C	2.97
A0A2G2XMF4	C	2.84
A0A2G2XMG1	C	2.86
A0A2G2XMI6	C	2.99
A0A2G3A8M1	C	2.87
A0A2G3ABT2	C	2.81
A0A2G3AGB1	C	2.81
A0A2G3AGB2	C	2.95
A0A2G3AGD2	C	2.92
A0A2G3AGJ6	C	2.94
A0A2G3AP27	C	2.82
A0A2G5BCT7	-	22.59
A0A2G5BCT9	-	9.57
A0A2G5BCU3	-	22.68
A0A2G5BDP2	-	7.27
A0A2G5BJJ6	-	13.05
A0A2G5BJJ9	-	22.35
A0A2G5BJN3	-	22.21
A0A2G5C0J9	C	2.77
A0A2G5CHA6	C	3.30
A0A2G5CHB1	C	3.24
A0A2G5CHC6	C	2.88
A0A2G5CHD7	C	3.21
A0A2G5CHD9	C	3.37
A0A2G5D3X8	C	3.06
A0A2G5D3X9	C	3.20
A0A2G5D408	C	3.13
A0A2G5DWL0	C	3.39
A0A2G5DX59	C	3.21
A0A2G5EJL9	C	3.09
A0A2G5EY05	C	2.95
A0A2G5H7T6	-	22.93
A0A2G5HJW8	-	18.93
A0A2G5HLZ7	-	15.79
A0A2G5HMB1	-	12.04
A0A2G5HME4	C	2.97
A0A2G5HTG4	C	3.35
A0A2G5HTJ1	C*	3.59
A0A2G5HVL9	C*	3.56
A0A2G5HZD7	-	21.89
A0A2G5HZV8	C	3.50
A0A2G5I0E2	-	15.48
A0A2G5I1Q0	-	4.19
A0A2G5I5D8	-	13.18
A0A2G5ICH2	-	23.14
A0A2G5U285	-	11.04
A0A2G5U340	-	11.55
A0A2G5UKA1	-	14.36
A0A2G5UKC2	-	14.25
A0A2G5UKD5	-	13.92
A0A2G5UT89	-	18.12
A0A2G5VEH5	-	11.46
A0A2G5VEY2	-	11.39
A0A2G5VH62	-	12.87
A0A2G5VHB5	-	13.14
A0A2G5VHR3	-	12.92
A0A2G5VWB7	-	13.31
A0A2G7FK12	C	3.46
A0A2G7FKV0	C	3.27
A0A2G7FQL5	-	17.12
A0A2G7FTM7	-	22.50
A0A2G7FYG7	-	19.92
A0A2G7G703	-	15.08
A0A2G7G7G7	-	22.82
A0A2G7GBJ2	C*	6.49
A0A2G8L6J4	-	NA
A0A2G8RMK1	C	3.03
A0A2G8RML5	C	3.05
A0A2G8SRB1	-	15.10
A0A2G8SXT1	C	3.37
A0A2G8SYB0	C	3.11
A0A2G9G0D2	C	3.29
A0A2G9G4W6	C	2.87
A0A2G9G757	C	2.82
A0A2G9GF61	C	2.86
A0A2G9GQP1	-	NA
A0A2G9H164	C	2.84
A0A2G9H9E5	-	NA
A0A2G9H9F0	C	2.93
A0A2G9H9F5	-	NA
A0A2G9RBS2	-	12.47
A0A2G9SKI5	-	12.94
A0A2G9SKN4	-	12.88
A0A2G9U9G0	-	14.15
A0A2G9UFB4	-	11.51
A0A2G9UMR0	-	11.17
A0A2G9UPF2	-	12.26
A0A2H1FYF8	-	14.95
A0A2H1G5Q6	-	15.91
A0A2H1GBQ4	C*	6.50
A0A2H1GCI0	C*	12.74
A0A2H1GEV7	-	16.03
A0A2H1GH96	-	NA
A0A2H1GKH5	C	3.31
A0A2H1GNC2	C	2.80
A0A2H1H3J1	-	21.77
A0A2H1H541	C	3.22
A0A2H1H7W6	-	22.46
A0A2H1H8F5	-	22.99
A0A2H2ZLL5	C	3.08
A0A2H3ABG1	C	3.06
A0A2H3BBQ8	C*	15.82
A0A2H3BJ78	-	23.30
A0A2H3BKV9	-	23.50
A0A2H3BKW9	-	23.58
A0A2H3BM37	-	23.43
A0A2H3BQM6	-	23.50
A0A2H3BR86	-	19.83
A0A2H3BRY6	-	16.31
A0A2H3BYM4	C*	3.73
A0A2H3C2Q4	-	14.80
A0A2H3C2Z9	-	23.62
A0A2H3CDL4	-	23.64
A0A2H3CDP6	-	23.59
A0A2H3CFI2	-	23.42
A0A2H3CZT2	-	23.57
A0A2H3D1Q0	-	15.59
A0A2H3DHE5	-	23.49
A0A2H3DHG0	-	23.38
A0A2H3DK47	-	14.31
A0A2H3E1W7	-	23.40
A0A2H3E8H0	-	NA
A0A2H3EQM1	-	23.33
A0A2H3ES32	C	3.37
A0A2H3FCN1	C	2.91
A0A2H3GBU2	-	22.55
A0A2H3GCF0	C	3.15
A0A2H3GF76	-	22.20
A0A2H3GFQ3	-	21.01
A0A2H3GPA0	C*	4.32
A0A2H3GPD7	-	23.10
A0A2H3GQY4	-	22.85
A0A2H3GS61	-	20.99
A0A2H3H030	C	2.78
A0A2H3H6R0	-	22.77
A0A2H3HDD6	-	22.70
A0A2H3HH77	-	22.29
A0A2H3HKI2	-	22.85
A0A2H3HNW1	C	3.23
A0A2H3HRC3	-	22.79
A0A2H3HZX2	-	22.50
A0A2H3J9C6	C	3.24
A0A2H3JRM0	C	3.46
A0A2H3S4M3	-	23.05
A0A2H3S6Y7	-	NA
A0A2H3S7A7	-	16.72
A0A2H3SBP2	C	2.99
A0A2H3SRM4	-	20.44
A0A2H3SVM4	C	3.34
A0A2H3SWR3	-	22.36
A0A2H3SXE9	-	22.72
A0A2H3SXS3	-	NA
A0A2H3T9N0	C	2.95
A0A2H3TBA4	C	3.00
A0A2H3TCJ1	-	22.54
A0A2H3TD69	-	22.69
A0A2H3TEA3	C	3.47
A0A2H3TG04	-	22.79
A0A2H3TKE6	C	2.92
A0A2H3TN46	C	3.26
A0A2H3TNC8	-	23.12
A0A2H3TU20	-	16.73
A0A2H4GW12	-	13.07
A0A2H4QH72	-	NA
A0A2H4S9K4	-	15.31
A0A2H4S9M8	C	2.90
A0A2H4SCX5	-	22.61
A0A2H4SJ54	C	3.34
A0A2H4SUB3	-	NA
A0A2H5BVB1	-	15.88
A0A2H9TP87	-	23.63
A0A2I0A3T7	C	2.98
A0A2I0A3U1	C*	3.66
A0A2I0A3U6	C	2.82
A0A2I0AD88	C	3.33
A0A2I0AD91	C	2.77
A0A2I0ADC5	C	2.80
A0A2I0M116	-	12.97
A0A2I0SHR2	-	13.48
A0A2I0SIV6	-	NA
A0A2I0U7G5	-	13.12
A0A2I0UTH8	-	12.68
A0A2I0VD26	C	2.84
A0A2I0VPI4	C	2.84
A0A2I0WEB5	C	2.89
A0A2I0WZJ5	C*	4.38
A0A2I1BV77	-	22.65
A0A2I1C4A3	-	21.02
A0A2I1CEB6	-	NA
A0A2I1CR74	C	3.46
A0A2I1CST6	-	15.41
A0A2I1D3W9	-	16.13
A0A2I1DBY6	-	22.47
A0A2I1DEQ6	-	22.84
A0A2I2F3S2	-	15.70
A0A2I2FHN1	-	22.66
A0A2I2FJH9	-	22.85
A0A2I2FM34	-	16.03
A0A2I2FVC4	C	3.33
A0A2I2G3K9	-	22.75
A0A2I2G3M9	-	22.78
A0A2I2G6A8	C*	3.52
A0A2I2G6E1	-	22.85
A0A2I2G6K0	-	22.52
A0A2I2GCS3	-	22.50
A0A2I2GEV5	-	22.00
A0A2I2MQ46	-	12.73
A0A2I3HTD7	-	13.24
A0A2I3N2T4	-	13.29
A0A2I3S4B5	-	12.83
A0A2I3S7K1	-	12.87
A0A2I3SHA6	-	13.22
A0A2I3SUR0	-	13.47
A0A2I4AT87	-	13.22
A0A2I4AWA2	-	12.68
A0A2I4B6T4	-	13.12
A0A2I4CFG8	-	13.25
A0A2I4DDQ0	C	2.75
A0A2I4HRS7	C	2.92
A0A2J0YX98	C	3.26
A0A2J5HDB0	-	22.72
A0A2J5HIG3	-	14.92
A0A2J5HRQ5	-	16.05
A0A2J5I2K0	-	22.59
A0A2J6PH00	C*	3.57
A0A2J6PPY7	C	3.42
A0A2J6PRK0	-	NA
A0A2J6PV40	-	21.30
A0A2J6Q9Y4	C	3.42
A0A2J6QHR6	-	20.42
A0A2J6QKV2	-	14.95
A0A2J6QS19	-	NA
A0A2J6QSN0	-	23.01
A0A2J6QUH0	-	23.25
A0A2J6QV63	-	20.83
A0A2J6QVA1	-	22.07
A0A2J6R1Z2	-	NA
A0A2J6R7T9	-	22.59
A0A2J6R9M8	-	21.13
A0A2J6RKS8	-	23.00
A0A2J6RP99	-	22.56
A0A2J6RQI7	C	3.15
A0A2J6RTM7	-	15.04
A0A2J6S137	C	3.25
A0A2J6S1F6	-	NA
A0A2J6S2Q8	-	NA
A0A2J6S762	-	20.32
A0A2J6SBJ2	-	22.98
A0A2J6SC90	C	3.31
A0A2J6SG40	-	14.99
A0A2J6STN7	-	20.32
A0A2J6SYC9	C	3.37
A0A2J6T3A4	-	14.25
A0A2J6T6Y9	-	15.05
A0A2J6TC85	-	NA
A0A2J6TCA0	-	22.17
A0A2J6TCP2	C	2.84
A0A2J6TD48	-	NA
A0A2J6TDR3	-	23.07
A0A2J6TH09	C	2.62
A0A2J7ZPY5	-	8.78
A0A2J8BUT4	C	3.20
A0A2J8M4Q3	-	12.81
A0A2J8M4S4	-	12.83
A0A2J8X8R4	-	NA
A0A2K0TNJ3	C	3.20
A0A2K0U4G6	C	2.86
A0A2K0UQ00	-	22.96
A0A2K0USD3	-	16.77
A0A2K0VU96	-	15.78
A0A2K0VUX3	-	21.88
A0A2K0VYA6	C	3.43
A0A2K0W140	-	23.02
A0A2K0WAD2	-	20.83
A0A2K0WC23	-	22.48
A0A2K0WHJ9	C	2.84
A0A2K0WPA0	C	3.49
A0A2K0WR72	-	22.80
A0A2K0WTN0	C	2.89
A0A2K1IGC8	C*	3.75
A0A2K1IK82	C*	3.68
A0A2K1IZ55	C	3.32
A0A2K1J0S4	C	3.34
A0A2K1J162	C*	3.68
A0A2K1JC20	C	2.93
A0A2K1JC22	C	3.34
A0A2K1K1L4	C	3.30
A0A2K1K363	C	3.37
A0A2K1KIQ0	C	3.21
A0A2K1QQF1	-	22.48
A0A2K1R0I6	C	3.31
A0A2K1R203	-	22.76
A0A2K1R840	C	2.89
A0A2K1R853	C	2.86
A0A2K2AV86	C	3.00
A0A2K2CAK1	C	2.88
A0A2K2CAK3	C	2.78
A0A2K2CAL3	C	2.94
A0A2K2CAL5	C	2.95
A0A2K2CAM1	C	2.97
A0A2K2CAM6	C	3.18
A0A2K2CIP6	C	2.85
A0A2K3L6D9	C	2.90
A0A2K3LF60	C	2.82
A0A2K3Q9Z7	C	2.99
A0A2K3QIX3	C*	3.55
A0A2K3QJU1	C	3.22
A0A2K5CI97	-	13.16
A0A2K5CLY4	-	12.72
A0A2K5DIB6	-	13.22
A0A2K5HBM2	-	12.94
A0A2K5HMH1	-	13.18
A0A2K5J8F9	-	13.17
A0A2K5J8G5	-	NA
A0A2K5KLW2	-	13.17
A0A2K5KUE4	-	13.16
A0A2K5KUH5	-	13.48
A0A2K5P5J6	-	12.93
A0A2K5PG36	-	12.87
A0A2K5PLW3	-	13.17
A0A2K5QUW3	-	13.46
A0A2K5QUZ5	-	13.28
A0A2K5VPR3	-	13.18
A0A2K5VT29	-	13.13
A0A2K5Y8Y0	-	12.78
A0A2K5YYQ6	-	13.19
A0A2K6ADY3	-	13.24
A0A2K6C7T7	-	13.26
A0A2K6C7U2	-	13.18
A0A2K6C7U5	-	13.31
A0A2K6CJW6	-	12.84
A0A2K6CRU9	-	13.28
A0A2K6EEA8	-	15.35
A0A2K6F6R3	-	13.13
A0A2K6JR48	-	13.23
A0A2K6JR69	-	13.29
A0A2K6KAP7	-	12.79
A0A2K6KAS9	-	12.78
A0A2K6MDH0	-	13.18
A0A2K6NIW8	-	13.21
A0A2K6PAK1	-	13.23
A0A2K6PAN6	-	13.29
A0A2K6Q4A4	-	12.92
A0A2K6TYT4	-	12.78
A0A2K6TYV0	-	12.74
A0A2K6UZU2	-	13.11
A0A2K8JTS4	-	22.35
A0A2K8P7S5	-	NA
A0A2K8P7T4	-	NA
A0A2K8PNN2	-	NA
A0A2K8PQ16	-	NA
A0A2K8SJE4	-	59.27
A0A2K8T4N2	-	36.33
A0A2K9NKL2	C	3.27
A0A2L0F4A2	C	3.34
A0A2L0P0J7	-	23.05
A0A2L0RIT5	C	2.77
A0A2L0VDJ5	-	13.28
A0A2L2SRY2	-	NA
A0A2L2SSH7	-	22.63
A0A2L2T405	-	21.14
A0A2L2T7X4	-	22.89
A0A2L2T807	C*	3.50
A0A2L2TBY6	-	23.07
A0A2L2TG36	C	3.13
A0A2L2TIM9	-	22.59
A0A2L2TIX2	-	NA
A0A2L2TND9	-	23.10
A0A2L2TQ94	C	3.23
A0A2L2TR84	C	2.63
A0A2L2TT53	-	22.45
A0A2L2TWN6	-	22.00
A0A2L2TZT7	C	3.31
A0A2L2XEG7	-	NA
A0A2M9B5K9	-	24.78
A0A2N1MNU7	C	2.93
A0A2N3KJ84	C	3.29
A0A2N3MXT4	-	22.93
A0A2N3MXV9	-	23.06
A0A2N3MZ18	-	NA
A0A2N3N0U6	-	23.38
A0A2N3N1M7	C	3.31
A0A2N3N4T8	-	6.95
A0A2N3N7R4	-	NA
A0A2N3NCV3	-	18.99
A0A2N3NGK1	C	2.80
A0A2N3NIU0	-	22.01
A0A2N3NJJ7	-	15.70
A0A2N3NKM8	-	22.80
A0A2N3NLQ7	-	20.96
A0A2N5CV28	C	2.86
A0A2N5CVU4	-	NA
A0A2N5D510	C	3.29
A0A2N5DB92	C	3.29
A0A2N5DP59	C	3.14
A0A2N5S5U9	C*	9.18
A0A2N5SEN2	-	NA
A0A2N5SR99	-	10.60
A0A2N5SRB5	-	NA
A0A2N5SSF6	-	NA
A0A2N5TTG8	C*	9.11
A0A2N5TV63	-	NA
A0A2N5U4U9	-	NA
A0A2N5UIA0	-	10.60
A0A2N5UQZ3	C*	9.12
A0A2N5VYB1	-	NA
A0A2N5VYB5	-	10.72
A0A2N5VYD7	-	11.04
A0A2N6NB01	C	2.66
A0A2N6NRW3	-	NA
A0A2N6P261	C	2.91
A0A2N6P2C7	-	22.17
A0A2N8NQV5	-	15.96
A0A2N8P306	-	16.12
A0A2N8TD21	-	NA
A0A2N8TJM9	-	NA
A0A2N8U910	-	8.15
A0A2N8UKW6	-	15.07
A0A2N9BEH4	-	NA
A0A2N9GS78	C	2.83
A0A2N9HV20	C	2.88
A0A2N9HWV5	C	3.16
A0A2N9JBZ6	C	2.95
A0A2P1AAW5	-	15.86
A0A2P1AF39	-	18.51
A0A2P1JJ69	C	2.82
A0A2P2GJB2	-	6.50
A0A2P2GLL6	-	NA
A0A2P2INC1	C	3.16
A0A2P2SVS2	-	23.10
A0A2P2SYW5	-	23.06
A0A2P4WXD3	-	11.96
A0A2P4WZ59	-	12.41
A0A2P4X136	-	11.91
A0A2P4XDL9	-	13.03
A0A2P4XQG5	-	12.23
A0A2P4YG47	-	12.54
A0A2P4YVC2	-	12.52
A0A2P4YVC3	-	12.41
A0A2P4Z8I3	-	23.87
A0A2P4ZJ43	C	3.16
A0A2P5A5C5	C	2.99
A0A2P5AGU1	C	2.86
A0A2P5BPK0	C	3.31
A0A2P5BPR9	C	2.92
A0A2P5CT40	C	3.38
A0A2P5CT50	C	2.91
A0A2P5E1P9	C*	4.53
A0A2P5EKE8	C	2.72
A0A2P5FE69	C	2.97
A0A2P5FE91	C	2.98
A0A2P5HS54	-	21.77
A0A2P5HSA0	-	22.69
A0A2P5HUK7	-	23.34
A0A2P5HWP3	-	15.63
A0A2P5HZG8	-	15.24
A0A2P5I1S1	-	22.58
A0A2P5I2V9	-	23.18
A0A2P5I389	-	22.93
A0A2P5I525	-	22.02
A0A2P5I970	-	20.96
A0A2P5I9R7	-	22.64
A0A2P5IEE2	C	3.01
A0A2P5K749	-	10.40
A0A2P5WVT9	C	3.45
A0A2P5XN45	C	2.91
A0A2P5YE33	C	2.89
A0A2P5YJV4	C	3.20
A0A2P5YK08	C	2.95
A0A2P6PP83	C	3.27
A0A2P6Q3W0	C	3.10
A0A2P6Q3W8	C	2.85
A0A2P6TX23	-	10.08
A0A2P6U0E0	C	2.93
A0A2P6U1K7	-	7.75
A0A2P6U1N3	C	3.06
A0A2P7NYA8	-	6.36
A0A2P7QYD3	C	3.22
A0A2P7YDE6	-	NA
A0A2P7YKX3	-	22.55
A0A2P7Z1M8	-	NA
A0A2P7ZDQ2	C	3.11
A0A2P7ZE68	-	NA
A0A2P8IFR5	-	15.67
A0A2P8QAZ3	-	NA
A0A2R2MNF5	-	10.51
A0A2R2MPF3	-	9.41
A0A2R4CC94	C*	3.68
A0A2R4TBZ0	-	NA
A0A2R4VSH0	C	3.17
A0A2R5GU51	C*	13.63
A0A2R6PXU1	C	2.88
A0A2R6QA44	C	2.85
A0A2R6RAS2	C	2.78
A0A2R6VXF9	C	3.27
A0A2R6VXM9	C*	8.91
A0A2R6VYL4	C	3.34
A0A2R6VYW6	C	3.39
A0A2R6VZB5	C	3.38
A0A2R6VZE8	C*	9.17
A0A2R6VZG6	C*	9.70
A0A2R6VZH5	C*	9.03
A0A2R6VZH9	C*	9.02
A0A2R6VZK5	C	3.38
A0A2R6VZL5	C	3.20
A0A2R6VZL9	C	3.18
A0A2R6W043	C*	8.84
A0A2R6W061	C*	8.96
A0A2R6W0C7	C	3.10
A0A2R6W5A5	C*	8.63
A0A2R6W5B2	C*	8.49
A0A2R6W5V4	C	3.10
A0A2R6W5V6	C	3.30
A0A2R6W5W2	C	3.26
A0A2R6W5W5	C	3.24
A0A2R6W5W8	C	3.45
A0A2R6W7E7	C	3.14
A0A2R6WA01	C	3.17
A0A2R6WA03	C	3.36
A0A2R6WAX7	C	3.46
A0A2R6WCK4	C*	8.92
A0A2R6WDA8	C	3.20
A0A2R6WF97	C*	9.17
A0A2R6WG95	C*	8.89
A0A2R6WH64	C	3.26
A0A2R6WJJ9	C	3.26
A0A2R6WKW3	C*	9.47
A0A2R6WMN0	C*	8.94
A0A2R6WNN9	C	3.22
A0A2R6X2S1	C*	9.22
A0A2R6X3F1	C	3.38
A0A2R6X3F7	C	3.01
A0A2R6X3G4	C	3.18
A0A2R6X3H0	C	3.00
A0A2R6X3H8	C	3.35
A0A2R6X3Y2	C	3.21
A0A2R6X796	C	3.17
A0A2R6X7A4	C	3.08
A0A2R6XBI1	C	3.07
A0A2R6XDH5	C*	9.39
A0A2R6XDH6	C*	9.12
A0A2R6XDH9	C*	9.05
A0A2R6XDI4	C*	9.20
A0A2R6XWE1	C*	8.87
A0A2R8ZSP6	-	13.15
A0A2R9A709	-	13.23
A0A2R9AP28	-	12.81
A0A2S0NSC4	-	12.77
A0A2S0NSG5	-	13.25
A0A2S0NSH6	-	13.18
A0A2S1LZK8	-	NA
A0A2S1T0T9	-	NA
A0A2S1Z8Z4	-	NA
A0A2S1ZRB0	C	3.02
A0A2S1ZRB4	C	3.40
A0A2S2CSR8	C	3.33
A0A2S2DK37	C	2.83
A0A2S3HRC1	C	2.81
A0A2S3I0S4	C	2.89
A0A2S3I0S5	C	2.90
A0A2S3I0W2	C	2.95
A0A2S3IAG1	C	2.77
A0A2S3IB66	C	2.71
A0A2S3UTK6	C	3.38
A0A2S4KWC6	C	2.91
A0A2S4L8N0	-	NA
A0A2S4PS96	C	2.77
A0A2S4UTV9	-	NA
A0A2S4VAI6	-	10.85
A0A2S4VER1	-	NA
A0A2S4VEY7	-	NA
A0A2S4VYL5	-	10.73
A0A2S5CHZ5	C*	3.50
A0A2S5CI23	C*	3.64
A0A2S5KMK1	C	3.37
A0A2S6BQA0	-	15.90
A0A2S6BT41	-	22.90
A0A2S6BYK8	C*	3.66
A0A2S6C060	-	20.69
A0A2S6C090	-	22.39
A0A2S6C7H7	-	12.17
A0A2S6C936	C	2.90
A0A2S6C9X9	C	3.45
A0A2S6CAQ1	-	15.48
A0A2S6CD10	-	22.16
A0A2S6CDZ9	-	13.23
A0A2S6CE84	C*	3.64
A0A2S6CHU3	-	23.07
A0A2S6CI03	-	22.38
A0A2S6CLS6	-	22.57
A0A2S6CMG2	C	2.70
A0A2S6H7D7	C	3.23
A0A2S7Y5E7	-	15.28
A0A2S7YA09	-	12.59
A0A2S7YHM0	C	3.44
A0A2S7YK00	C	2.90
A0A2S7YN31	-	22.22
A0A2S7YNR6	C	2.77
A0A2S8HAU2	-	14.68
A0A2S9E9Y7	C	3.27
A0A2S9PQY4	-	14.28
A0A2S9PYE5	-	NA
A0A2T0K3L1	-	15.79
A0A2T0KB57	-	15.88
A0A2T0MJ40	C	3.18
A0A2T1LUD3	-	NA
A0A2T2N251	-	21.82
A0A2T2N295	C*	3.85
A0A2T2N3V9	-	14.87
A0A2T2N650	-	22.88
A0A2T2N684	-	22.19
A0A2T2N6M0	-	NA
A0A2T2N831	-	22.38
A0A2T2N8C4	-	21.84
A0A2T2NA50	-	15.79
A0A2T2NBF2	C	3.23
A0A2T2NGW5	C*	3.56
A0A2T2NI87	-	19.45
A0A2T2NJ62	-	NA
A0A2T2NJT6	-	15.12
A0A2T2NN63	-	22.33
A0A2T2NQ64	-	10.86
A0A2T2NQA8	-	19.50
A0A2T2NTG9	-	19.85
A0A2T2NXX0	-	22.83
A0A2T2NZ43	-	22.57
A0A2T2P5B4	-	15.95
A0A2T2P8E5	-	15.15
A0A2T2P9E0	-	15.56
A0A2T2PBL1	-	NA
A0A2T3A6X1	-	17.78
A0A2T3AAK3	-	15.52
A0A2T3AB75	-	22.85
A0A2T3AGW8	C	3.15
A0A2T3AQ35	C	3.39
A0A2T3AU66	-	20.62
A0A2T3AX63	-	21.78
A0A2T3BB17	C	3.06
A0A2T3N9Z2	C	2.75
A0A2T3YVK6	C	3.01
A0A2T3YXJ6	-	22.15
A0A2T3Z3P6	C	3.18
A0A2T3ZAR3	-	22.93
A0A2T3ZXK1	-	NA
A0A2T4A4G0	C	3.12
A0A2T4AA89	C	3.24
A0A2T4AYF8	C	3.47
A0A2T4AZV3	C	3.06
A0A2T4BCJ5	C	3.19
A0A2T4BLM2	C	3.00
A0A2T4BQX4	C	3.23
A0A2T4BTU8	C	3.13
A0A2T4C3Y5	C	2.83
A0A2T4FKC8	C	3.20
A0A2T4GCA1	-	22.48
A0A2T4GDH2	C	3.36
A0A2T4GF97	C	3.48
A0A2T4GMU5	C	2.79
A0A2T4GS03	-	22.61
A0A2T4GS12	-	NA
A0A2T4GUK0	-	21.12
A0A2T4GWT7	-	22.29
A0A2T4GXF8	-	23.07
A0A2T4GXQ3	-	23.16
A0A2T4GYH7	-	22.00
A0A2T4HA43	-	22.74
A0A2T5ICY1	C	2.91
A0A2T5IGT7	-	16.01
A0A2T5IHN0	-	NA
A0A2T5LP23	-	18.72
A0A2T5LTW7	-	15.51
A0A2T6BVL4	-	NA
A0A2T6ZB28	-	21.95
A0A2T6ZCK0	-	15.20
A0A2T6ZI61	C	3.45
A0A2T6ZP66	-	20.38
A0A2T6ZRN0	C	2.85
A0A2T6ZRN3	C	3.19
A0A2T6ZWP4	-	NA
A0A2T7A7H9	-	21.85
A0A2T7D022	C	2.86
A0A2T7D080	C	2.73
A0A2T7D4A1	C	2.92
A0A2T7D4A3	C*	4.42
A0A2T7D4B7	C	2.93
A0A2T7D4E6	C	2.93
A0A2T7D4G1	C	2.95
A0A2T7DFQ8	C	2.63
A0A2T7DG84	C	2.85
A0A2T7NHK1	-	17.73
A0A2T7PF37	C	3.39
A0A2T7PF41	C	3.37
A0A2T7PFF3	C	3.19
A0A2T8F577	C	2.76
A0A2T9J0L0	-	NA
A0A2T9JKS7	C	3.20
A0A2T9K5C6	C	2.79
A0A2T9KBG5	C	3.28
A0A2T9XY85	-	21.93
A0A2T9XY90	-	21.90
A0A2T9XYY4	-	22.09
A0A2T9XZ52	-	22.06
A0A2T9Y0C2	-	13.26
A0A2T9Y3X3	-	NA
A0A2T9Y5C0	-	6.87
A0A2T9Y7Q6	-	22.55
A0A2T9YAT2	-	22.30
A0A2T9YAT7	-	22.09
A0A2T9YAU9	-	21.67
A0A2T9YAV5	-	16.08
A0A2T9YAX1	-	22.23
A0A2T9YEX5	-	21.84
A0A2T9YL16	-	22.00
A0A2T9YQ48	-	21.20
A0A2T9YX01	-	22.16
A0A2T9YY23	-	6.78
A0A2T9YY63	-	22.05
A0A2T9YZI7	-	21.86
A0A2T9Z3X5	-	21.74
A0A2T9Z5Q6	-	22.27
A0A2T9Z5R5	-	5.60
A0A2T9Z971	-	13.17
A0A2T9ZCQ6	-	21.72
A0A2T9ZCW7	-	7.05
A0A2T9ZGP7	-	22.55
A0A2T9ZGW2	-	21.91
A0A2T9ZGX3	-	22.21
A0A2T9ZGY8	-	21.89
A0A2U1IVG1	-	22.55
A0A2U1IWC9	-	13.19
A0A2U1J1R3	-	22.00
A0A2U1J5T8	-	6.87
A0A2U1J9W4	-	13.12
A0A2U1JAK2	-	22.07
A0A2U1JAZ7	-	21.90
A0A2U1JE60	-	5.49
A0A2U1JEC5	-	22.27
A0A2U1JEL2	-	13.26
A0A2U1KUF4	C	2.93
A0A2U1LPB1	C	3.44
A0A2U1MGY2	C	2.80
A0A2U1MTB0	C	3.01
A0A2U1NJZ8	C	2.93
A0A2U1NLY5	C	3.42
A0A2U1P4Z6	C	2.63
A0A2U1PEX4	C	2.77
A0A2U1PFS0	C	3.38
A0A2U1PHG2	C	2.91
A0A2U1PHI4	C	3.06
A0A2U1PRI5	C	2.89
A0A2U1Q0M8	C	3.01
A0A2U3E1U8	-	23.82
A0A2U3E384	C	2.91
A0A2U3E4P9	-	NA
A0A2U3EA21	C	3.27
A0A2U3ELX5	C*	4.24
A0A2U3WIZ1	-	13.24
A0A2U3WUA4	-	13.11
A0A2U3X7K0	-	13.14
A0A2U3X7P6	-	12.79
A0A2U4A6S1	-	13.25
A0A2U4BB00	-	12.86
A0A2U4CFZ7	-	13.21
A0A2U8WUL3	C*	3.58
A0A2U8ZU88	C	2.80
A0A2U9B1J7	-	12.77
A0A2U9B581	-	13.14
A0A2U9B744	-	13.32
A0A2U9BP93	-	12.92
A0A2U9C9H0	-	13.30
A0A2U9NW65	-	NA
A0A2U9P1B7	-	NA
A0A2V1CYP5	-	22.46
A0A2V1CZ41	-	22.69
A0A2V1CZI9	-	15.74
A0A2V1D6V5	-	15.65
A0A2V1D7E7	-	15.67
A0A2V1D8S9	-	NA
A0A2V1DAR0	-	22.65
A0A2V1DAS1	C	3.06
A0A2V1DCR4	-	23.03
A0A2V1DF35	-	15.97
A0A2V1DGW1	-	22.46
A0A2V1DJF8	-	14.76
A0A2V1DL57	C	3.12
A0A2V1DNM0	-	19.68
A0A2V1DQ54	C*	3.57
A0A2V1DQC5	-	21.38
A0A2V1DQK9	C	3.08
A0A2V1DTY0	C	2.98
A0A2V1DUF3	-	20.45
A0A2V1DYD0	-	22.73
A0A2V1DYE3	-	15.09
A0A2V1DZT3	-	NA
A0A2V1E5D8	-	22.53
A0A2V1E8H3	-	23.28
A0A2V1EA28	C	3.14
A0A2V1EB40	-	NA
A0A2V3IRL0	-	12.18
A0A2V3ITQ3	C*	3.66
A0A2V3J6W0	-	14.72
A0A2V5GXR1	-	16.49
A0A2V5GZD8	-	15.18
A0A2V5H0W5	-	17.72
A0A2V5H2F1	-	8.17
A0A2V5H5N5	-	20.50
A0A2V5H7P1	-	15.38
A0A2V5HIN9	-	19.47
A0A2V5HJC8	-	22.71
A0A2V5HTW1	-	15.68
A0A2V5IDW1	-	NA
A0A2V5IGT7	-	15.18
A0A2V5IH92	-	20.14
A0A2V5IL99	-	22.72
A0A2V5IXN2	-	17.78
A0A2V5JDM1	-	NA
A0A2W1DIA7	C*	3.66
A0A2W1EIG0	-	15.04
A0A2W1EW30	-	23.16
A0A2W1EWP7	-	15.78
A0A2W1EZ10	-	23.10
A0A2W1GQN1	-	22.52
A0A2W1HE12	C	3.02
A0A2W1HTX3	C	2.84
A0A2W2AE15	C	3.36
A0A2W4RL84	C	3.22
A0A2W7R6E0	C*	3.71
A0A2X0SIE4	C	3.31
A0A2Y9DFD0	-	12.81
A0A2Y9EH20	-	13.24
A0A2Y9EW91	-	12.88
A0A2Y9EY06	-	13.20
A0A2Y9EY31	-	10.11
A0A2Y9EY58	-	12.77
A0A2Y9F036	-	13.18
A0A2Y9G6W8	-	13.09
A0A2Y9GG45	-	12.78
A0A2Y9HIR4	-	13.30
A0A2Y9JCF5	-	13.29
A0A2Y9KE25	-	13.13
A0A2Y9KVZ8	-	12.82
A0A2Y9NSK5	-	13.21
A0A2Y9PW88	-	13.23
A0A2Z4J395	-	NA
A0A2Z4J867	-	NA
A0A2Z4LVM5	-	24.52
A0A2Z5DH85	C	2.68
A0A2Z5DH90	C	2.76
A0A2Z5DH91	C	2.81
A0A2Z5DHA8	C	2.69
A0A2Z5HVJ6	-	NA
A0A2Z6NBK5	C	2.94
A0A2Z6NU82	C	2.80
A0A2Z6P106	C	3.30
A0A2Z6PCC2	C	2.80
A0A2Z6PM85	C	2.69
A0A2Z6QID9	C	3.14
A0A2Z6QJV6	C	3.46
A0A2Z6RB52	C	3.47
A0A2Z6S775	C*	4.21
A0A2Z7B5F7	C	2.93
A0A2Z7B6W4	C	2.99
A0A2Z7BP29	C	2.85
A0A2Z7CFT7	C	2.91
A0A2Z7D498	C	2.87
A0A314KSU1	C	3.07
A0A314KT37	C	2.81
A0A314XJ02	C	3.43
A0A314Y566	C	3.17
A0A314Y8T2	C	2.84
A0A314Y973	C	2.88
A0A314YBQ0	C	3.10
A0A314YDU2	C	2.92
A0A314YKM6	C	2.89
A0A314YLB5	C	3.00
A0A314YNG3	C	2.85
A0A314YQK6	C	3.23
A0A314ZJR6	C	2.93
A0A315VAP3	-	13.08
A0A315W506	-	13.24
A0A315W5S5	-	12.51
A0A315W987	-	12.87
A0A316FBE9	-	15.81
A0A316FDF8	-	16.05
A0A316FI64	-	15.84
A0A316HQM8	-	11.25
A0A316L4G5	-	30.35
A0A316VK00	-	9.79
A0A316YS64	C*	9.26
A0A316ZMR3	-	16.05
A0A317AHD0	-	23.05
A0A317SBD7	C	3.38
A0A317SFD2	C	3.35
A0A317SGF7	-	NA
A0A317STV4	-	15.31
A0A317SZI7	-	21.85
A0A317T1J3	-	22.00
A0A317T4M7	C	2.81
A0A317URF9	-	15.30
A0A317UXL8	-	15.24
A0A317UZS7	-	14.82
A0A317V3A1	-	16.55
A0A317V4A3	-	18.52
A0A317V7C6	-	7.94
A0A317VAN4	C*	3.65
A0A317VMA5	-	NA
A0A317VNS4	-	17.95
A0A317VPL3	-	22.55
A0A317VQ11	-	20.85
A0A317VQS7	-	22.69
A0A317WBK9	-	14.96
A0A317WDB6	-	17.83
A0A317WJT9	-	15.16
A0A317WKB9	-	22.28
A0A317WN23	-	22.61
A0A317WSV7	-	21.16
A0A317WUV6	C	3.07
A0A317WW28	-	22.63
A0A317WYK6	-	15.57
A0A317X784	-	15.24
A0A317XAM4	-	22.79
A0A317XE17	C*	3.59
A0A317XLV9	-	14.79
A0A317XYW1	-	8.78
A0A318IM43	C	3.34
A0A318K0J3	C	3.19
A0A318KMN6	C*	3.75
A0A318S2J3	C	3.21
A0A318Y954	-	22.69
A0A318YAT8	-	15.42
A0A318YDG0	-	17.84
A0A318YR58	-	20.90
A0A318YSS9	-	22.53
A0A318ZGW2	-	15.01
A0A318ZJ67	-	17.86
A0A318ZSA8	-	22.77
A0A319AKB9	-	20.40
A0A319ANC3	-	15.64
A0A319AUV2	-	15.09
A0A319AVK5	-	14.79
A0A319B885	-	21.11
A0A319BBT7	-	17.83
A0A319BS22	-	22.84
A0A319C1E2	-	22.39
A0A319C6N8	-	20.26
A0A319C8N6	-	22.80
A0A319CBY4	-	17.72
A0A319CG24	-	15.79
A0A319CHX1	C*	3.55
A0A319CQ88	C	3.33
A0A319CY13	-	15.20
A0A319D0U5	-	22.53
A0A319D5D6	-	17.92
A0A319DEV9	-	18.19
A0A319DGV8	-	15.58
A0A319DHB7	-	16.69
A0A319DU28	C*	3.99
A0A319DU42	-	15.48
A0A319DV84	-	17.92
A0A319DXP1	-	19.66
A0A319E1L0	-	14.91
A0A319EJ46	-	21.72
A0A319ER22	-	16.30
A0A319F2V9	-	22.78
A0A319FE23	-	21.24
A0A319FJL1	-	NA
A0A319FPE3	-	8.05
A0A327KD58	C	3.30
A0A327RH85	-	26.05
A0A328BD42	C	3.34
A0A328CYV5	C	2.98
A0A328DHA3	C	2.91
A0A328Z4K4	C	3.29
A0A329RFR8	-	12.56
A0A329RSP7	-	11.96
A0A329S496	-	12.24
A0A329SB08	-	NA
A0A329SV65	-	12.41
A0A329SVM1	-	12.75
A0A329SVM9	-	12.06
A0A329SW91	-	NA
A0A329SX06	-	12.18
A0A329SXL2	-	12.42
A0A336U966	-	22.49
A0A340X4F4	-	13.28
A0A340XB91	-	13.16
A0A340XWY6	-	12.90
A0A341C925	-	13.27
A0A341C9I1	-	13.17
A0A341CND7	-	12.85
A0A341CT44	-	13.21
A0A344U0B4	-	NA
A0A344U0C4	-	NA
A0A344UFC4	C	3.32
A0A345I2D0	-	NA
A0A345RSB1	-	16.02
A0A345T0B6	-	15.22
A0A346RV60	-	12.73
A0A348AVR4	-	12.93
A0A364KV05	C	3.30
A0A364L5W2	-	22.65
A0A364MEK3	-	22.85
A0A364MKF9	-	22.65
A0A364MUB3	-	22.15
A0A364MXI7	-	22.79
A0A364MZN5	-	15.24
A0A364N075	-	21.70
A0A364N145	-	22.39
A0A364N155	-	23.06
A0A364N1X7	-	15.54
A0A364NF04	C	3.47
A0A364NH37	C	2.88
A0A365MRA6	C	3.39
A0A365MXE3	-	21.92
A0A365MY87	-	NA
A0A365MYK5	C	2.94
A0A365MZ77	-	22.82
A0A365N1Q5	C*	3.57
A0A365N437	-	22.59
A0A365N5T6	C	2.80
A0A365N769	C*	4.55
A0A365NBJ9	C	2.93
A0A365NE95	-	NA
A0A365NEN8	C	2.90
A0A365NGP6	-	16.87
A0A365NNU5	-	23.06
A0A365QUN0	C	3.35
A0A365XU26	C	3.31
A0A366QJY3	C	3.42
A0A366QK39	C	2.74
A0A366R2A7	-	21.08
A0A366R3B0	-	22.85
A0A366R6W5	-	22.39
A0A366RBL7	-	22.46
A0A366RXH0	-	23.01
A0A366S3Z8	C	2.87
A0A366S6I4	-	23.08
A0A366S9U2	C	2.96
A0A366SER3	-	22.65
A0A367KZX2	C	2.89
A0A367L4Y1	C	3.42
A0A367L6Y1	C	3.24
A0A367LE15	C	2.94
A0A367LMW1	-	22.80
A0A367LQA1	C	2.93
A0A367S355	-	NA
A0A368FPR0	-	17.13
A0A368FQN0	-	13.71
A0A368FUX5	-	12.84
A0A368G9U5	-	17.25
A0A368GCF5	-	17.19
A0A368GGR1	-	13.69
A0A368GS35	-	14.31
A0A368GT33	-	17.23
A0A368GV12	-	14.14
A0A368NUH5	C	3.29
A0A368QNI6	-	NA
A0A368RZ19	C	2.74
A0A368UH97	C	3.08
A0A368Z2X3	C	3.36
A0A368Z550	C	3.37
A0A369IH70	C	3.25
A0A369JEM8	-	23.58
A0A369V9F4	-	NA
A0A370BCH9	-	NA
A0A370BFM1	-	22.42
A0A370BQI5	-	22.76
A0A370BTI8	-	20.75
A0A370BVX2	-	17.85
A0A370C830	-	16.83
A0A370CBG9	-	14.99
A0A370HI96	-	14.15
A0A370P5X5	-	16.88
A0A370P950	-	17.76
A0A370PE47	-	15.01
A0A370PGH0	-	22.39
A0A370PGZ2	-	20.78
A0A370PME4	C	3.34
A0A370PN07	-	22.78
A0A370TA69	-	23.10
A0A370TE70	-	15.35
A0A370TGX1	C*	4.21
A0A370TJF5	-	22.89
A0A370TPP5	-	23.50
A0A370TPY7	-	16.00
A0A370TRN6	C	2.92
A0A370TWJ8	-	20.37
A0A370TWW6	-	22.07
A0A370TYF6	-	16.73
A0A370U2Q0	C	2.84
A0A371CVT1	-	22.32
A0A371DLX4	C	3.02
A0A371DR51	-	14.94
A0A371E471	C	2.69
A0A371EU45	C	2.92
A0A371F2C3	C	2.74
A0A371JUX3	C	3.44
A0A371PS23	-	14.88
A0A376EG17	C	3.31
A0A378U9W3	C	3.08
A0A379ICC9	C	3.28
A0A380T901	C	3.13
A0A380TBC3	-	26.08
A0A381LGH1	C	3.22
A0A383RI28	C	2.96
A0A383URA9	C	3.24
A0A383USX8	C	3.30
A0A383V433	C	3.08
A0A383VW36	C	3.28
A0A383W8E9	C	3.18
A0A383Z088	-	13.15
A0A383ZNX8	-	12.87
A0A384BB41	-	13.20
A0A384BBQ9	-	13.29
A0A384C0V9	-	12.88
A0A384D6G6	-	13.13
A0A384J750	C	3.37
A0A384J8A3	-	22.53
A0A384JDM9	C	3.28
A0A384JJM0	-	10.24
A0A384JWB2	C	3.19
A0A384K0M5	-	NA
A0A384K3L4	-	21.92
A0A384K4W6	-	NA
A0A384K5I7	C	2.84
A0A384K673	-	23.00
A0A384V9U2	-	12.92
A0A384V9Z0	-	12.75
A0A385SND3	-	25.13
A0A387G576	-	NA
A0A387HLQ6	-	NA
A0A387HMX7	-	NA
A0A388KHX6	C	2.95
A0A388KI27	C	3.44
A0A388KKC2	C	3.37
A0A388KR59	C	3.43
A0A388KRG2	C	3.44
A0A388L198	C*	3.51
A0A388L1E1	C	3.45
A0A388LJ84	C	3.44
A0A388LJF6	C	3.40
A0A388LJI5	C*	3.56
A0A388LPV2	C	3.46
A0A388LXR0	C	3.32
A0A388LXT2	C	3.28
A0A395GM41	-	21.09
A0A395GZZ7	-	22.74
A0A395H1X2	-	22.51
A0A395HAX9	-	17.86
A0A395HF45	-	15.41
A0A395HNK2	-	20.54
A0A395HY22	-	22.75
A0A395I0G5	-	15.61
A0A395I3D0	-	17.85
A0A395IW83	-	23.16
A0A395IYP4	C*	3.66
A0A395JKA0	C	3.27
A0A395M6W2	-	22.53
A0A395M6Y4	-	22.72
A0A395M7P6	C	3.29
A0A395M9N5	C	3.30
A0A395MDS2	-	23.00
A0A395ME45	-	15.84
A0A395MEX3	-	22.59
A0A395MF38	C	2.76
A0A395MKK6	C*	4.15
A0A395MRP0	-	22.83
A0A395MRW2	-	22.37
A0A395MU79	C	3.14
A0A395MVI2	-	22.60
A0A395MY91	-	21.05
A0A395N2K0	-	22.90
A0A395N2T3	-	NA
A0A395N4C0	C	2.89
A0A395N712	C	2.82
A0A395NG90	C	2.96
A0A395NPY7	-	22.68
A0A395RK05	-	22.96
A0A395RSX0	-	15.63
A0A395RSX2	-	22.72
A0A395RTE0	C	2.82
A0A395RVR6	-	22.67
A0A395RW78	C*	3.65
A0A395S0C6	-	22.86
A0A395S3F7	-	22.89
A0A395S427	-	NA
A0A395S4M8	C	3.17
A0A395S848	-	21.92
A0A395SCU4	C	2.83
A0A395SCX6	-	22.34
A0A395SG05	-	23.04
A0A395SM33	-	23.20
A0A395SQA5	-	21.04
A0A395ST11	C*	4.53
A0A395SXB4	-	23.11
A0A395T027	C	2.99
A0A395T2J9	-	NA
A0A395T644	-	22.72
A0A395T9H7	C*	3.57
A0A395TA99	-	21.14
A0A396I1V4	C	2.88
A0A396I5T8	C	3.08
A0A396J9Q7	C	2.84
A0A396RNU1	C	3.06
A0A396ZRZ2	-	12.02
A0A396ZW50	-	11.35
A0A397A3C6	-	11.92
A0A397A491	-	12.02
A0A397AAT8	-	11.33
A0A397AFH0	-	11.19
A0A397AG26	-	11.82
A0A397AKU1	-	12.48
A0A397AP35	-	11.35
A0A397AX90	-	11.80
A0A397AZ25	-	11.71
A0A397B6C8	-	11.68
A0A397BKS3	-	12.46
A0A397BLC7	-	12.03
A0A397BPY8	-	11.76
A0A397BTP2	-	11.94
A0A397BYR1	-	11.74
A0A397C8W8	-	12.04
A0A397CBI6	-	11.98
A0A397CCK8	-	12.07
A0A397CDV6	-	11.86
A0A397CWG7	-	11.74
A0A397D945	-	11.99
A0A397DBR8	-	11.37
A0A397DFP7	-	11.72
A0A397DKV6	-	11.84
A0A397DLJ2	-	11.80
A0A397DM57	-	11.39
A0A397DXJ3	-	11.87
A0A397E0H7	-	12.20
A0A397E0M5	-	11.83
A0A397EBP2	-	11.34
A0A397EFZ1	-	11.34
A0A397EM03	-	11.78
A0A397EQH8	-	11.84
A0A397EQT5	-	11.73
A0A397EYH3	-	12.44
A0A397EYN3	-	11.72
A0A397EYS8	-	12.02
A0A397FG37	-	11.38
A0A397FVJ8	-	11.84
A0A397FW62	-	11.81
A0A397FW77	-	12.13
A0A397GN90	-	22.47
A0A397GNQ0	-	22.73
A0A397H284	-	22.35
A0A397H7T2	-	22.28
A0A397HXJ2	-	22.89
A0A397IQP5	-	17.13
A0A397S017	C*	3.87
A0A397SZQ9	C	3.05
A0A397U9E3	C	3.12
A0A397UDP9	C	2.97
A0A397UVF9	C	3.12
A0A397V0N4	C	3.06
A0A397V8I1	C	2.93
A0A397V8S2	C	3.18
A0A397VUF2	C	3.15
A0A397W1V4	C	2.97
A0A397W4L1	C	2.92
A0A397W934	C	3.15
A0A3A1NL96	-	27.51
A0A3A2ZL74	-	22.53
A0A3A2ZLH4	C*	3.52
A0A3A2ZSX0	-	18.81
A0A3A2ZUH3	-	22.59
A0A3A3A6Z6	C	3.34
A0A3A3G021	C	3.17
A0A3A4AZS3	-	15.50
A0A3B0AUB9	-	NA
A0A3B0YDV7	-	NA
A0A3B1A6T7	-	14.46
A0A3B1JD27	-	12.75
A0A3B3B837	-	13.07
A0A3B3B873	-	13.05
A0A3B3BFY0	-	12.73
A0A3B3C5P9	-	12.83
A0A3B3C7C0	-	13.37
A0A3B3D742	-	13.12
A0A3B3HNW7	-	12.90
A0A3B3IBL1	-	13.07
A0A3B3QPI3	-	12.84
A0A3B3RBJ9	-	13.13
A0A3B3RTU8	-	12.90
A0A3B3RUK8	-	13.22
A0A3B3TJE8	-	13.19
A0A3B3TJG2	-	13.25
A0A3B3UYU5	-	13.26
A0A3B3V317	-	13.25
A0A3B3V3E9	-	13.19
A0A3B3VU47	-	12.73
A0A3B3VV23	-	12.73
A0A3B3VWM5	-	12.79
A0A3B3WBT2	-	13.23
A0A3B3XMV5	-	13.03
A0A3B3XQT9	-	12.77
A0A3B3YLN6	-	12.78
A0A3B3YU44	-	13.16
A0A3B3YWP1	-	13.12
A0A3B4AC74	-	12.80
A0A3B4ADU2	-	13.28
A0A3B4AMV2	-	13.21
A0A3B4AN11	-	13.14
A0A3B4ANZ1	-	13.16
A0A3B4APB4	-	13.17
A0A3B4APJ3	-	13.14
A0A3B4BF83	-	11.31
A0A3B4BND2	-	12.84
A0A3B4CFX1	-	12.86
A0A3B4CM00	-	13.10
A0A3B4D9D4	-	12.91
A0A3B4EIX7	-	13.20
A0A3B4FG38	-	12.63
A0A3B4FYK7	-	13.18
A0A3B4G831	-	13.12
A0A3B4GBW0	-	13.16
A0A3B4GBY9	-	13.14
A0A3B4GFB7	-	12.86
A0A3B4H581	-	13.30
A0A3B4H598	-	13.23
A0A3B4H6T8	-	13.24
A0A3B4H6Y3	-	13.17
A0A3B4T5E4	-	13.09
A0A3B4TBV6	-	13.21
A0A3B4TFS6	-	12.83
A0A3B4TT04	-	18.55
A0A3B4TUK6	-	13.01
A0A3B4TVM2	-	19.35
A0A3B4TVV9	-	19.29
A0A3B4TW30	-	19.14
A0A3B4TW89	-	19.44
A0A3B4TWE3	-	12.74
A0A3B4TY35	-	13.00
A0A3B4UF14	-	13.36
A0A3B4UFZ8	-	13.27
A0A3B4UG86	-	13.30
A0A3B4WF66	-	13.26
A0A3B4WKJ4	-	13.18
A0A3B4X2W4	-	12.56
A0A3B4Y8B2	-	13.03
A0A3B4YAX7	-	13.07
A0A3B4YGF6	-	13.31
A0A3B4YUV4	-	12.83
A0A3B4ZCP6	-	12.77
A0A3B4ZHB3	-	13.41
A0A3B4ZK08	-	13.41
A0A3B4ZKC0	-	13.49
A0A3B5A0W4	-	13.26
A0A3B5A2G6	-	13.47
A0A3B5AMI0	-	12.83
A0A3B5AMJ0	-	13.02
A0A3B5AMU8	-	13.10
A0A3B5APJ5	-	13.27
A0A3B5B8I0	-	13.20
A0A3B5B9B3	-	18.45
A0A3B5BA76	-	13.03
A0A3B5BBA9	-	13.08
A0A3B5BBC2	-	13.05
A0A3B5BEW8	-	12.86
A0A3B5KSR6	-	12.68
A0A3B5LY83	-	13.25
A0A3B5M175	-	13.01
A0A3B5M2T6	-	13.27
A0A3B5M2U3	-	13.18
A0A3B5M3W4	-	13.21
A0A3B5M8M5	-	13.21
A0A3B5MYR5	-	13.16
A0A3B6B4P3	C	2.82
A0A3B6B569	C	2.84
A0A3B6CD40	C	2.85
A0A3B6CD88	C	2.90
A0A3B6CFK7	C	2.71
A0A3B6DJU5	C	2.86
A0A3B6DN86	C	2.86
A0A3B6EKX7	-	NA
A0A3B6G245	C	3.08
A0A3B6J0G9	-	NA
A0A3B6JP55	C	2.85
A0A3B6JQG2	C*	4.64
A0A3B6KV74	C	3.08
A0A3B6NJI8	C	3.22
A0A3B6PD51	C	2.86
A0A3B6PH25	C	3.02
A0A3B6QBL1	C	3.15
A0A3B6R7S3	C	3.02
A0A3D8Q7K6	-	20.54
A0A3D8Q8E3	C	3.07
A0A3D8QA98	-	20.56
A0A3D8QBA9	-	22.73
A0A3D8QBG3	-	22.39
A0A3D8QFJ7	-	15.34
A0A3D8QP40	-	22.39
A0A3D8R5C5	-	14.71
A0A3D8R7X3	-	14.33
A0A3D8R9Z2	-	22.47
A0A3D8RM42	-	20.31
A0A3D8RVU8	C	3.16
A0A3D8S0H6	-	22.00
A0A3D8S1L2	-	20.49
A0A3D8SD37	-	22.03
A0A3D8SG06	-	22.13
A0A3D8SGC1	C	3.14
A0A3D8SHB9	-	20.29
A0A3D8STL0	-	14.61
A0A3D8SUF2	-	22.57
A0A3D8SZ54	C	2.97
A0A3D8T130	-	21.84
A0A3D8T276	-	16.01
A0A3D8T2L8	-	16.42
A0A3D9C9K6	C	3.36
A0A3D9ISF7	-	15.89
A0A3D9L4M1	C	3.17
A0A3D9L5Y2	C	3.39
A0A3E0DHW6	-	13.41
A0A3E2GYC9	-	19.23
A0A3E2GZ76	-	22.33
A0A3E2H0F7	-	20.30
A0A3E2HCJ3	-	NA
A0A3F2RCF2	-	12.06
A0A3F2RD80	-	12.78
A0A3F2RED1	-	12.14
A0A3F2RHN5	-	12.32
A0A3F2RSS3	-	12.29
A0A3F2RUY6	-	12.53
A0A3F2RYX7	-	NA
A0A3F2S5I7	-	12.05
A0A3F3PJR3	-	15.76
A0A3F3PLG1	-	17.42
A0A3F3PSP3	-	15.04
A0A3F3PW89	-	NA
A0A3F3PZY0	-	20.70
A0A3F3Q0R1	-	22.49
A0A3F3Q782	-	NA
A0A3F3QCJ1	-	22.77
A0A3F3RR12	-	17.88
A0A3G1HI34	C	2.79
A0A3G2JG01	-	NA
A0A3G2JKM2	-	NA
A0A3G2WKZ9	-	13.00
A0A3G7TQR1	C*	3.59
A0A3G7UER3	-	14.78
A0A3G8M5R9	-	15.48
A0A3G9CPL1	-	13.24
A0A3G9CPL7	-	13.25
A0A3L5TTX5	-	12.27
A0A3L6DCY5	C	3.00
A0A3L6F3L3	C	3.10
A0A3L6FL93	C	2.71
A0A3L6G4A8	C	2.89
A0A3L6GAT2	C	2.77
A0A3L6GDN9	C	2.81
A0A3L6MS08	-	22.73
A0A3L6MY93	-	21.10
A0A3L6MZC5	C	3.44
A0A3L6N6A1	-	23.08
A0A3L6N987	-	16.54
A0A3L6NA93	C	2.90
A0A3L6NAE7	C*	3.57
A0A3L6NCJ7	-	22.87
A0A3L6NDR4	-	22.60
A0A3L6NGQ8	C	3.30
A0A3L6NJX0	C	3.23
A0A3L6NY19	-	22.85
A0A3L6NZH6	-	22.50
A0A3L6P0J1	-	22.70
A0A3L6PNQ0	C	2.93
A0A3L6PS56	C	3.38
A0A3L6PXE9	C	2.77
A0A3L6PYM7	C	2.74
A0A3L6QAQ2	C	2.73
A0A3L6QXL5	C	2.78
A0A3L6QZX3	C*	4.57
A0A3L6RH28	C	2.93
A0A3L6RIK2	C*	4.59
A0A3L6RKW2	C	2.93
A0A3L6SJK9	C	2.87
A0A3L6SQI5	C	2.97
A0A3L7HX96	-	13.19
A0A3L8SQ64	-	12.74
A0A3L8SSY9	-	13.44
A0A3M0K1G4	-	13.21
A0A3M2LQ63	C	3.35
A0A3M2R9A4	C*	3.99
A0A3M2RI81	C*	3.63
A0A3M2RMQ0	C	3.15
A0A3M2RUE8	C	3.36
A0A3M2S0U8	C*	3.83
A0A3M2SKX3	-	22.72
A0A3M2SNE1	-	16.08
A0A3M6T5K9	-	12.16
A0A3M6T600	-	12.96
A0A3M6TCS2	-	10.90
A0A3M6U071	-	10.41
A0A3M6UE86	-	21.59
A0A3M6UM69	-	11.21
A0A3M6UP51	-	21.70
A0A3M6UR97	-	10.77
A0A3M6URF3	-	10.91
A0A3M6VLC9	-	NA
A0A3M6VMD3	-	11.97
A0A3M6VTR1	-	12.29
A0A3M6VVA3	-	12.14
A0A3M6WCQ4	C*	3.76
A0A3M6WNC8	-	22.84
A0A3M6X2C2	-	22.99
A0A3M6X7L7	-	23.01
A0A3M6XEI8	-	22.83
A0A3M6XIF0	-	22.98
A0A3M6XNY6	-	NA
A0A3M6XUR7	-	22.95
A0A3M6Y565	-	23.13
A0A3M6Y8J1	-	23.14
A0A3M6YK54	C	3.41
A0A3M6YZX8	-	23.90
A0A3M6ZAS1	C	3.49
A0A3M6ZDF4	-	23.03
A0A3M7A8N2	C	3.50
A0A3M7A968	C	3.39
A0A3M7ABI4	-	23.91
A0A3M7ALZ0	-	23.07
A0A3M7AVK4	C	3.44
A0A3M7B0Z1	-	22.75
A0A3M7B1X2	-	23.00
A0A3M7B3B7	-	23.94
A0A3M7B810	C	3.50
A0A3M7B988	C*	3.76
A0A3M7BEN6	-	23.60
A0A3M7BF09	-	23.13
A0A3M7BNR0	-	23.04
A0A3M7BQZ6	-	23.00
A0A3M7C3X6	-	22.96
A0A3M7C5D9	-	NA
A0A3M7CAM1	C*	3.76
A0A3M7CGG1	-	22.93
A0A3M7CJK9	-	23.90
A0A3M7CNP3	-	22.94
A0A3M7CSU3	-	23.95
A0A3M7CUY6	C*	3.72
A0A3M7CXP5	-	23.84
A0A3M7D5T6	-	23.93
A0A3M7D6P6	-	23.91
A0A3M7D722	-	22.65
A0A3M7DBC1	-	22.96
A0A3M7DD01	C	3.24
A0A3M7DES0	C*	3.73
A0A3M7DUU3	-	23.88
A0A3M7E067	-	23.04
A0A3M7E5C4	C	3.48
A0A3M7E733	C	3.24
A0A3M7EHE7	-	23.17
A0A3M7EIK6	-	23.00
A0A3M7EJ56	-	22.77
A0A3M7ELJ9	-	22.99
A0A3M7EY59	-	23.02
A0A3M7EZ73	-	22.70
A0A3M7F181	-	18.05
A0A3M7F2W2	-	22.72
A0A3M7FE91	-	22.84
A0A3M7FH62	C	3.25
A0A3M7FWC7	C*	3.74
A0A3M7GA40	-	22.97
A0A3M7GIB3	C	3.24
A0A3M7GMT4	-	22.69
A0A3M7GPD3	C*	3.66
A0A3M7GQX7	-	22.77
A0A3M7H687	C	3.22
A0A3M7HDM5	-	23.03
A0A3M7HI73	C	3.20
A0A3M7HIC3	-	23.09
A0A3M7HQ22	-	22.95
A0A3M7HRP4	-	22.97
A0A3M7HZE1	C	3.30
A0A3M7IBK6	-	23.09
A0A3M7ICJ8	-	23.89
A0A3M7ICN7	-	23.91
A0A3M7ICU2	-	22.98
A0A3M7ID85	-	23.01
A0A3M7IEE4	-	22.86
A0A3M7IGM6	-	22.69
A0A3M7IJ01	-	22.68
A0A3M7J445	C*	3.64
A0A3M7J5F3	-	NA
A0A3M7J601	C*	3.68
A0A3M7JD48	-	23.01
A0A3M7JD60	-	22.98
A0A3M7LXG1	C	2.79
A0A3M7LZQ1	-	23.16
A0A3M7M028	-	20.78
A0A3M7M695	C*	12.64
A0A3M7MDQ3	-	15.95
A0A3M7MJ68	-	15.03
A0A3M7MJ89	-	22.39
A0A3M7MKX7	-	NA
A0A3M8TNP8	C	3.12
A0A3M9XQT2	-	16.11
A0A3M9XR76	-	15.78
A0A3M9Y0Y2	C	3.01
A0A3M9Y905	C	2.89
A0A3M9YBL7	-	23.16
A0A3M9YDG5	-	15.39
A0A3M9YFZ5	-	8.20
A0A3N0CP77	-	NA
A0A3N0XHY2	-	12.85
A0A3N0XPI7	-	13.29
A0A3N0XQX6	-	13.14
A0A3N1GBQ3	-	8.94
A0A3N1GCC8	-	15.99
A0A3N2PK16	C	2.86
A0A3N2PTC8	-	23.35
A0A3N2PZA1	-	22.80
A0A3N2RH78	C	3.19
A0A3N4HK73	-	21.94
A0A3N4HND3	-	21.66
A0A3N4HNW1	C	3.17
A0A3N4HQU2	-	22.25
A0A3N4HRP6	-	22.63
A0A3N4HT22	-	21.55
A0A3N4HUI3	-	15.52
A0A3N4HXW2	-	20.63
A0A3N4HYC1	C*	4.04
A0A3N4HYL5	-	21.99
A0A3N4HZG1	-	15.59
A0A3N4HZV9	-	22.08
A0A3N4I7V1	-	22.34
A0A3N4IB94	-	21.31
A0A3N4ID66	-	21.99
A0A3N4IE98	-	22.08
A0A3N4IEP2	-	22.95
A0A3N4IEX3	-	22.56
A0A3N4IFZ1	-	15.56
A0A3N4IIL7	-	22.22
A0A3N4IM56	-	22.26
A0A3N4IPE1	-	NA
A0A3N4IQ59	-	22.00
A0A3N4IQU1	C	2.97
A0A3N4ISL9	-	22.97
A0A3N4IU62	-	15.43
A0A3N4IZV1	C	3.35
A0A3N4J8U4	-	15.25
A0A3N4K3H4	-	NA
A0A3N4K4F4	-	22.27
A0A3N4K8D0	C	3.40
A0A3N4K9V5	-	15.09
A0A3N4KB49	-	15.36
A0A3N4KB66	-	19.76
A0A3N4KJ40	C	2.87
A0A3N4KKJ4	C	3.27
A0A3N4KT34	-	15.51
A0A3N4KYW5	C	3.12
A0A3N4L021	-	19.96
A0A3N4L0J3	-	21.95
A0A3N4L1D0	-	22.22
A0A3N4L3Y3	-	21.90
A0A3N4L5Z3	C	2.87
A0A3N4L8G1	-	22.17
A0A3N4LB84	C	3.31
A0A3N4LDY1	-	22.18
A0A3N4LFB6	C	3.41
A0A3N4LHJ3	C	3.15
A0A3N4LI62	C*	3.89
A0A3N4LQ83	C	3.28
A0A3N4LRS9	-	15.61
A0A3N4LW77	C	2.88
A0A3N4VF60	C	2.99
A0A3N4VIU7	C*	3.61
A0A3N7HII6	-	15.05
A0A3N8QY62	C*	3.97
A0A3P3QF50	C	3.50
A0A3P3WAR6	C	3.47
A0A3P3Y6E0	C	3.23
A0A3P3Y6K2	-	NA
A0A3P3YBZ5	C	2.80
A0A3P3YJL1	C	2.79
A0A3P3YJM5	C	2.91
A0A3P3YML5	C*	3.59
A0A3P3ZKL1	C*	3.59
A0A3P3ZL83	C	3.26
A0A3P6QG06	-	13.39
A0A3P6RS07	-	18.06
A0A3P6RYJ2	-	13.18
A0A3P6S036	-	11.93
A0A3P6TB98	-	20.72
A0A3P6US67	-	15.16
A0A3P7DNC2	-	NA
A0A3P7ECF6	-	14.21
A0A3P7FTP6	-	14.26
A0A3P7IMH7	-	17.38
A0A3P7IN91	-	17.44
A0A3P7J984	C*	9.34
A0A3P7JPR5	-	13.31
A0A3P7KK18	-	13.14
A0A3P7LI21	C*	10.43
A0A3P7PY95	-	11.48
A0A3P7V462	-	13.05
A0A3P7VXI0	-	11.53
A0A3P7WJD8	-	14.07
A0A3P7YYM6	-	10.99
A0A3P8AUU3	-	17.55
A0A3P8BDD3	-	13.14
A0A3P8C7C2	-	16.64
A0A3P8DS39	-	NA
A0A3P8NBW0	-	13.42
A0A3P8NDL3	-	12.73
A0A3P8NDN7	-	12.79
A0A3P8PJY2	-	12.80
A0A3P8R0C2	-	13.08
A0A3P8TGY8	-	13.16
A0A3P8TK98	-	13.21
A0A3P8TWQ9	-	13.16
A0A3P8TXJ9	-	18.89
A0A3P8TXK4	-	16.39
A0A3P8TXL8	-	12.68
A0A3P8TZC3	-	18.72
A0A3P8TZE7	-	13.24
A0A3P8U087	-	19.00
A0A3P8U0F9	-	13.37
A0A3P8U223	-	12.87
A0A3P8U3R2	-	19.14
A0A3P8U5E1	-	12.88
A0A3P8U758	-	12.72
A0A3P8UDW3	-	13.20
A0A3P8V942	-	12.94
A0A3P8VAX3	-	12.79
A0A3P8VLF5	-	13.21
A0A3P8WHA0	-	NA
A0A3P8WJV9	-	NA
A0A3P8WPJ5	-	NA
A0A3P8XCB2	-	13.20
A0A3P8Y2J2	-	12.86
A0A3P8Z0K2	-	13.25
A0A3P8ZF14	-	13.25
A0A3P8ZVH5	-	12.85
A0A3P8ZVY5	-	12.87
A0A3P9AAR5	-	12.82
A0A3P9AVJ5	-	12.68
A0A3P9B1W8	-	13.10
A0A3P9DAL4	-	12.69
A0A3P9DC38	-	12.77
A0A3P9DCZ0	-	13.39
A0A3P9DCZ5	-	13.36
A0A3P9DD97	-	13.37
A0A3P9DDI6	-	13.33
A0A3P9DTN8	-	13.08
A0A3P9GX95	-	13.05
A0A3P9HD27	-	12.94
A0A3P9HUT8	-	13.21
A0A3P9INL1	-	13.07
A0A3P9IZ81	-	12.89
A0A3P9JAE5	-	13.21
A0A3P9JBJ1	-	12.84
A0A3P9JK37	-	13.36
A0A3P9L1D8	-	13.13
A0A3P9L231	-	12.79
A0A3P9L9J1	-	13.18
A0A3P9L9X8	-	13.21
A0A3P9M5H5	-	13.50
A0A3P9N0X5	-	13.08
A0A3P9N163	-	13.16
A0A3P9P2X5	-	12.97
A0A3P9P302	-	12.85
A0A3P9PBX1	-	13.18
A0A3P9PZR6	-	12.78
A0A3P9Q784	-	12.77
A0A3P9Q7I7	-	12.73
A0A3P9Q7S3	-	12.78
A0A3P9Q890	-	12.87
A0A3Q0KCI9	C*	10.07
A0A3Q0KFQ6	C*	7.61
A0A3Q0QR14	-	12.75
A0A3Q0RRH6	-	13.23
A0A3Q0RSE0	-	13.25
A0A3Q0RUU3	-	12.84
A0A3Q0RXU1	-	13.25
A0A3Q0RYG2	-	13.34
A0A3Q0SHH6	-	13.24
A0A3Q0SZ01	-	13.03
A0A3Q0T207	-	13.01
A0A3Q1AN08	-	13.28
A0A3Q1B9B7	-	13.07
A0A3Q1BB05	-	13.37
A0A3Q1BT11	-	13.17
A0A3Q1CK43	-	12.86
A0A3Q1CMG6	-	12.84
A0A3Q1F3M5	-	13.12
A0A3Q1FDS5	-	12.86
A0A3Q1FY32	-	13.29
A0A3Q1G2J3	-	12.95
A0A3Q1GSN1	-	13.21
A0A3Q1H2P4	-	13.34
A0A3Q1HM73	-	12.88
A0A3Q1IL05	-	13.29
A0A3Q1J1E2	-	12.72
A0A3Q1JJ77	-	12.82
A0A3Q2CB79	-	12.74
A0A3Q2CUV5	-	13.14
A0A3Q2D8V6	-	13.17
A0A3Q2EEY2	-	13.29
A0A3Q2GWB6	-	13.14
A0A3Q2NSX4	-	12.74
A0A3Q2QD09	-	12.90
A0A3Q2R1G3	-	13.26
A0A3Q2U012	-	13.03
A0A3Q2VGF4	-	13.42
A0A3Q2VV73	-	13.08
A0A3Q2W562	-	13.10
A0A3Q2WSZ8	-	12.86
A0A3Q2XJH5	-	12.61
A0A3Q2XKX5	-	13.60
A0A3Q2XW78	-	13.56
A0A3Q2Y2Y4	-	13.12
A0A3Q2Z2G3	-	13.49
A0A3Q2Z9X0	-	12.92
A0A3Q2ZLR5	-	13.39
A0A3Q2ZVE6	-	12.69
A0A3Q3AGJ0	-	13.02
A0A3Q3BEH9	-	13.20
A0A3Q3BRV6	-	12.69
A0A3Q3D708	-	13.53
A0A3Q3DH73	-	12.87
A0A3Q3E0W9	-	13.24
A0A3Q3FCV4	-	13.35
A0A3Q3FES1	-	13.42
A0A3Q3FF19	-	13.34
A0A3Q3FFM2	-	13.21
A0A3Q3FG97	-	13.34
A0A3Q3FGQ7	-	15.01
A0A3Q3G2Y0	-	13.17
A0A3Q3IGK4	-	12.91
A0A3Q3KA35	-	13.05
A0A3Q3KSK6	-	13.12
A0A3Q3LTG6	-	13.57
A0A3Q3ME81	-	15.44
A0A3Q3MIY8	-	12.77
A0A3Q3NRP3	-	12.71
A0A3Q3Q6F1	-	12.55
A0A3Q3QNB4	-	13.20
A0A3Q3RA35	-	13.10
A0A3Q3RR85	-	12.87
A0A3Q3RTU2	-	13.06
A0A3Q3W8S8	-	13.32
A0A3Q3WEW6	-	12.98
A0A3Q3WHI3	-	13.33
A0A3Q3X6A3	-	13.20
A0A3Q4BB99	-	12.74
A0A3Q4GXF6	-	13.28
A0A3Q4GXK8	-	13.28
A0A3Q4GY09	-	13.17
A0A3Q4H1Y3	-	13.39
A0A3Q4H240	-	13.29
A0A3Q4HL65	-	12.88
A0A3Q4HRA7	-	13.20
A0A3Q4HRD6	-	13.15
A0A3Q4I364	-	12.79
A0A3Q4MUN1	-	13.08
A0A3Q7F625	C	2.78
A0A3Q7HSQ3	C	2.89
A0A3Q7ILS0	C	2.97
A0A3Q7PLZ6	-	13.22
A0A3Q7QN99	-	12.82
A0A3Q7QSG7	-	13.07
A0A3Q7RSQ9	-	12.78
A0A3Q7SFB0	-	13.10
A0A3Q7T8P3	-	12.81
A0A3Q7TDD6	-	13.35
A0A3Q7TMT7	-	13.09
A0A3Q9BTA8	-	NA
A0A3Q9TBL6	C	2.77
A0A3R6VQU0	-	11.89
A0A3R6VR99	-	11.86
A0A3R6VRZ5	-	11.84
A0A3R6WJ77	-	12.48
A0A3R6WTM7	-	11.71
A0A3R6X6W7	-	11.83
A0A3R6XAD8	-	11.70
A0A3R6Z2B6	-	13.21
A0A3R6ZA35	-	11.79
A0A3R7A7P4	-	11.90
A0A3R7BWT8	-	11.83
A0A3R7BYJ9	-	12.37
A0A3R7CD36	-	11.71
A0A3R7CFL8	-	12.14
A0A3R7DAX5	-	11.25
A0A3R7E8Z5	-	11.86
A0A3R7EE27	-	11.35
A0A3R7EK41	-	11.91
A0A3R7ES38	-	11.89
A0A3R7FSD3	-	22.82
A0A3R7FX46	-	NA
A0A3R7G723	-	14.50
A0A3R7GQK8	-	12.49
A0A3R7GVA7	-	12.74
A0A3R7JUU1	-	12.29
A0A3R7MJX7	-	12.10
A0A3R7WGA7	-	11.78
A0A3R7WQH8	-	11.71
A0A3R7WVT5	-	12.50
A0A3R7X123	-	11.79
A0A3R7YVR4	-	11.82
A0A3R7ZIF7	-	11.85
A0A3R8D824	-	11.23
A0A3R8QGE4	-	NA
A0A3S0HHB5	C	3.20
A0A3S0IN34	-	25.77
A0A3S0XRM4	C	3.28
A0A3S0ZXU8	-	13.87
A0A3S2M115	-	13.17
A0A3S2MHN1	-	12.86
A0A3S2MPP6	-	13.35
A0A3S2MQS8	-	13.06
A0A3S2NZS6	-	12.82
A0A3S3MQX4	C*	3.66
A0A3S3NIU4	C	2.78
A0A3S3Q853	-	NA
A0A3S3QC21	C	3.45
A0A3S3QFY6	C	2.72
A0A3S4AJV5	-	23.17
A0A3S4AMG6	C	2.96
A0A3S4AUM2	-	17.96
A0A3S4DYZ3	C	3.27
A0A3S4NW51	C	3.44
A0A3S5CVR8	C	3.23
A0A3S5CXF1	-	23.04
A0A3S6E8Q4	-	12.78
A0A3S6E9F5	-	12.75
A0A3S6ERF6	-	13.15
A0A3S6R1C3	C	2.77
A0A3S9I0R4	-	NA
A0A3S9M6T3	-	NA
A0A3S9MKA4	-	NA
A0A3S9PH06	-	16.21
A0A3S9Y5Y1	-	14.86
A0A3S9ZH84	-	NA
A0A3T0JWD4	-	16.15
A0A3T1D022	-	15.92
A0A401IHQ9	-	91.84
A0A401KKJ5	-	22.49
A0A401KKL5	-	20.63
A0A401KLG2	-	21.31
A0A401KPF7	C	3.31
A0A401L2M0	-	17.86
A0A401L4E0	-	22.87
A0A401L788	-	15.10
A0A401L7K2	-	15.53
A0A401NZ10	-	12.78
A0A401P586	-	13.10
A0A401PX39	-	NA
A0A401PZ68	-	13.18
A0A401RW73	-	13.08
A0A401RYW3	-	13.29
A0A401S865	-	12.58
A0A401VX81	-	13.90
A0A401YGP4	-	15.57
A0A409VNV3	-	21.92
A0A409VYZ6	-	22.08
A0A409VYZ7	-	21.72
A0A409W5M2	-	17.10
A0A409WEP5	-	22.04
A0A409WNK2	C	3.15
A0A409WQU7	-	22.18
A0A409WY02	-	11.46
A0A409WYL8	-	22.02
A0A409WYM8	-	NA
A0A409X3M6	-	22.00
A0A409X545	C	3.29
A0A409X771	-	22.09
A0A409X7S8	C	2.87
A0A409X966	C	2.34
A0A409XHT0	C*	3.59
A0A409XPQ5	C	2.93
A0A409XSF5	-	22.10
A0A409Y7Q5	C	3.27
A0A409Y9J2	C	2.82
A0A409YPA9	-	22.04
A0A409YTE4	-	19.49
A0A409YUP4	C*	3.97
A0A409YZ54	-	22.14
A0A411DFI8	-	13.12
A0A411JIB8	C	3.02
A0A411KAP3	-	28.98
A0A411MQ34	-	11.92
A0A417Y855	-	15.43
A0A418AHC0	-	12.56
A0A418AJY7	-	11.86
A0A418AND4	-	12.44
A0A418AQE9	-	12.28
A0A418BCD2	-	11.33
A0A418BYI3	-	12.38
A0A418C2V2	-	11.93
A0A418CC15	-	12.12
A0A418D139	-	11.44
A0A418DS48	-	12.23
A0A418E6Z8	-	11.75
A0A418FGP4	-	11.86
A0A418G3G2	-	11.35
A0A418QUM1	C	3.28
A0A418YC39	C	3.40
A0A419QAV9	-	NA
A0A420HGA6	C	3.34
A0A420HKD2	C	3.15
A0A420ME85	-	22.98
A0A420MEE4	-	22.81
A0A420MG99	C	3.48
A0A420MKG6	-	23.16
A0A420N178	-	22.66
A0A420N1W1	-	16.64
A0A420N2W9	-	20.47
A0A420NBY7	-	22.50
A0A420NFD8	C	2.86
A0A420NKD4	C	2.92
A0A420NQ09	-	8.86
A0A420NVL3	C	3.08
A0A420PID6	-	23.16
A0A420PY93	-	22.84
A0A420Q5H7	C	3.22
A0A420QHZ5	-	23.09
A0A420QKK6	-	16.84
A0A420QME0	-	20.37
A0A420R194	C	3.15
A0A420RSH4	-	22.85
A0A420RTM5	-	22.66
A0A420RTV3	C*	3.68
A0A420S8X5	C	2.94
A0A420SE78	-	23.07
A0A420SI55	C	3.21
A0A420SQD5	C	3.45
A0A420SQM9	-	21.84
A0A420SUZ8	-	20.53
A0A420T2K1	-	22.71
A0A420TAK5	-	15.92
A0A420TE23	-	NA
A0A420TI82	-	22.83
A0A420TRM3	-	23.06
A0A420TTW7	-	22.55
A0A420TYN1	C	2.78
A0A420XYP0	-	23.97
A0A420XZE5	-	22.82
A0A420Y0R8	-	20.13
A0A420Y417	-	23.08
A0A420YAB7	-	13.86
A0A420YAJ7	C	2.82
A0A420YFE0	-	18.49
A0A420YGT3	-	18.54
A0A420YH84	-	22.73
A0A420YIS7	C	2.91
A0A421ESP4	-	12.36
A0A421F565	-	12.40
A0A421F7P8	-	12.31
A0A421G844	-	NA
A0A421GCW4	-	12.43
A0A421GKS4	-	12.74
A0A421GP30	-	12.55
A0A423FGB7	C	3.45
A0A423FIV2	-	15.74
A0A423GNA0	C	3.49
A0A423H6B2	C	3.40
A0A423IDL1	-	16.02
A0A423JH14	-	16.04
A0A423MDD7	-	16.04
A0A423MTR7	-	16.12
A0A423N8F1	-	15.99
A0A423P4H4	-	16.01
A0A423UUA5	-	NA
A0A423VCB8	C	2.88
A0A423VGB4	-	15.88
A0A423VK10	C	2.98
A0A423VRG5	-	17.00
A0A423VS40	-	23.20
A0A423W393	-	6.64
A0A423WBL0	-	23.31
A0A423WHC4	-	21.58
A0A423WNB6	-	16.02
A0A423WTD2	-	6.93
A0A423WXH4	C	3.43
A0A423X316	-	22.98
A0A423X4F6	C	3.17
A0A423X630	C	3.09
A0A423XJ27	-	14.03
A0A423XP21	-	21.87
A0A425CIB3	-	12.14
A0A425CLB8	-	NA
A0A425D2Q0	-	11.24
A0A425DJS3	-	11.88
A0A426XES5	C	2.76
A0A426YRJ6	C	3.00
A0A426YWH1	C	2.74
A0A428NIZ7	-	15.82
A0A428PLX8	C	3.37
A0A428Q2T9	-	13.46
A0A428QKN7	C	3.25
A0A428QVK1	C	3.07
A0A428R260	C	2.74
A0A428R852	-	22.79
A0A428RBY3	-	22.72
A0A428RL23	C	3.33
A0A428S2T1	C*	3.54
A0A428SBW0	C	3.37
A0A428SET3	C	3.17
A0A428SIW1	C	3.28
A0A428T341	-	15.62
A0A428TH55	C	3.23
A0A428TJN8	-	22.84
A0A428TSX4	C*	3.94
A0A428TTS8	-	15.69
A0A428U0B8	C	3.28
A0A428U2W7	-	22.72
A0A428UJ78	C*	3.69
A0A428UK49	C	3.17
A0A428UZM7	C	2.77
A0A428V0C8	C	3.17
A0A428YVS8	-	15.09
A0A430HE78	-	NA
A0A430L3T0	C	2.80
A0A430L7E7	C	2.76
A0A430LBW9	C*	3.63
A0A430LQE9	-	16.08
A0A430LRB3	-	22.72
A0A430LRW5	C	3.27
A0A430M2W5	C	3.17
A0A430Q6Z5	C*	7.46
A0A430QNM1	C*	10.57
A0A431TVT0	C	3.29
A0A432M9S8	C*	3.53
A0A432NWL9	C*	3.78
A0A432PA96	C	3.37
A0A433JFE6	C	3.37
A0A434A690	C	3.34
A0A436ZMN6	C*	3.52
A0A436ZMY2	C	3.21
A0A436ZW36	-	23.05
A0A436ZY08	C	3.50
A0A436ZY67	C	2.97
A0A437A308	C	3.39
A0A437A7Y6	-	13.35
A0A437ABS8	C*	3.69
A0A437ABU9	-	NA
A0A437ACI9	-	22.30
A0A437ACP0	C	3.30
A0A437AD99	C	3.50
A0A437AEF9	-	NA
A0A437AF91	C	3.19
A0A437AMZ0	-	57.97
A0A437PZ43	-	NA
A0A438EKY0	C*	3.56
A0A438JHV9	C	2.85
A0A438JHW3	C	2.75
A0A438JHW6	C	2.87
A0A438NAJ9	-	22.26
A0A438NAZ0	-	23.22
A0A438NFU9	C*	3.96
A0A438NJW7	-	15.39
A0A439CPG6	-	15.30
A0A439CSR6	-	22.75
A0A439CXK6	-	14.74
A0A439CXR3	-	22.92
A0A439CY50	-	14.92
A0A439CYQ7	-	22.04
A0A439D3X1	-	14.38
A0A439D4K9	-	15.48
A0A439D650	C	2.81
A0A439D887	C	3.13
A0A439DDF2	-	22.68
A0A439DEE8	-	22.17
A0A439DFI9	C*	3.58
A0A439DG08	-	15.60
A0A439DGZ9	-	19.21
A0A439DKR1	-	15.75
A0A439E1K1	-	14.81
A0A443HRD0	-	19.76
A0A443HXX0	-	NA
A0A443PIW9	C	3.32
A0A443RHX3	-	21.64
A0A444RJX5	-	NA
A0A444RLS2	C	3.36
A0A444RPW9	-	23.13
A0A444RZE0	-	22.89
A0A444S1W9	-	15.44
A0A444UFZ1	-	12.60
A0A444UPP0	-	NA
A0A444UX86	-	12.73
A0A444WYG1	C	2.72
A0A444ZR13	C	2.87
A0A444ZUR5	C	2.83
A0A444ZWU6	C	2.75
A0A444ZWV1	C	2.96
A0A445DCE3	C	2.96
A0A445DCG3	C	2.89
A0A445DP80	C	2.87
A0A445DRA1	C	2.75
A0A445DRB1	C	2.90
A0A445FXG1	C	2.90
A0A445FXH7	C	2.92
A0A445GQH9	C	2.81
A0A445GQM4	C	2.89
A0A445I6J5	C	2.94
A0A445I6L6	C	3.17
A0A445I9A8	C	2.85
A0A445JYU3	C	3.02
A0A445JYV4	C	3.29
A0A445JYW6	C	3.36
A0A446BNG4	-	22.90
A0A446BT56	-	23.33
A0A447TAE7	-	NA
A0A448YWC2	-	20.99
A0A448ZLY4	-	12.65
A0A451EZK6	C	2.91
A0A452DWF7	-	13.26
A0A452DWL9	-	13.25
A0A452DWM5	-	13.15
A0A452G6V3	-	12.81
A0A452H6R3	-	13.20
A0A452H732	-	13.31
A0A452HRJ3	-	12.76
A0A452I832	-	13.20
A0A452QQ82	-	12.79
A0A452RC10	-	13.12
A0A452VN17	-	13.26
A0A453D018	C	2.95
A0A453D098	C	2.84
A0A453D0G4	C	2.89
A0A453JCH2	C	3.01
A0A453MVS1	C	3.15
A0A454TKW0	-	15.67
A0A454TWG6	C*	3.59
A0A455R6A3	-	15.77
A0A479ZZC9	C	3.34
A0A480DHR1	-	13.14
A0A484CCH2	-	12.64
A0A484CMI9	-	13.53
A0A484CVA8	-	13.20
A0A484DIB4	-	12.93
A0A484DM79	-	12.96
A0A484FEN9	-	23.17
A0A484FEV3	-	22.48
A0A484FG64	-	22.26
A0A484FQK8	-	17.25
A0A484G057	-	NA
A0A484G3C9	C	3.02
A0A484G4E7	C	3.21
A0A484G5S9	C	2.93
A0A484K842	C	2.97
A0A484KTH3	C	2.99
A0A484M5W6	C	2.99
A0A484M936	C	3.01
A0A484MJ80	C	2.82
A0A484MKM2	C	2.83
A0A484ML06	C	3.01
A0A485K5B3	-	11.85
A0A485K5I4	-	11.80
A0A485K9M7	-	11.84
A0A485KAJ9	-	11.93
A0A485KB07	-	11.80
A0A485KBW3	-	11.85
A0A485KGF6	-	11.75
A0A485KIX8	-	11.73
A0A485KPS2	-	NA
A0A485KPU0	-	NA
A0A485KQE4	-	NA
A0A485KTR0	-	NA
A0A485KUM6	-	11.45
A0A485KVJ9	-	11.27
A0A485L799	-	11.93
A0A485L7D7	-	11.82
A0A485L8F1	-	11.85
A0A485LB67	-	10.57
A0A485LBT7	-	10.58
A0A485LCG2	-	10.81
A0A485LCV6	-	11.19
A0A485LJ45	-	11.74
A0A485LKF7	-	11.77
A0A485LNI1	-	11.83
A0A485LSG3	-	12.11
A0A485LWG8	-	12.02
A0A485MED1	-	12.72
A0A485MFQ4	-	12.75
A0A485MGV5	-	12.84
A0A485PK11	-	13.10
A0A485PM80	-	13.19
A0A493SW79	-	12.22
A0A493TZY1	-	18.88
A0A494UUN0	-	NA
A0A494XK40	-	16.13
A0A495W4Q7	-	15.18
A0A498IS04	C	2.94
A0A498IS85	C	2.64
A0A498IVC1	C	2.79
A0A498IVH3	C	2.85
A0A498IWF2	C	3.21
A0A498IXV7	C	2.89
A0A498JTL7	C	2.80
A0A498JVN7	C	2.83
A0A498JWA5	C	2.95
A0A498JYY9	C	2.95
A0A498K1J9	C	2.96
A0A498MNB4	-	13.25
A0A498MRL4	-	13.16
A0A498MUD3	-	12.77
A0A498S2C2	-	NA
A0A498S7U2	-	14.59
A0A498SAH6	-	13.19
A0A498SNQ8	-	13.95
A0A4D4LZY5	-	NA
A0A4D6DKH9	C	2.69
A0A4D6KM86	C	2.83
A0A4D6KQ19	C	2.92
A0A4D6L761	C	3.29
A0A4D6NET5	C	2.97
A0A4D9E9Q1	-	13.20
A0A4D9EV54	-	13.27
A0A4D9FCN3	-	12.92
A0A4E0RIA0	C*	9.41
A0A4E0S2V2	C*	10.21
A0A4E9E965	-	23.15
A0A4E9EAZ1	-	22.83
A0A4E9F741	-	18.02
A0A4E9F8B7	-	13.90
A0A4E9F948	-	14.74
A0A4E9FIB1	-	NA
A0A4P1QPT6	C	2.63
A0A4P1QPT7	C*	3.64
A0A4P1QPU4	C	2.88
A0A4P1QQ10	C	2.73
A0A4P2HZ74	-	13.26
A0A4P6U250	-	NA
A0A4P7GHL2	C	3.35
A0A4P7N173	-	21.08
A0A4P7N5I7	C	3.02
A0A4P7N6R7	-	23.13
A0A4P7N7E5	-	16.99
A0A4P7N9G8	-	23.96
A0A4P7NBK6	-	21.82
A0A4P7NC92	-	23.00
A0A4P7NE70	-	15.47
A0A4P7NEA2	-	22.50
A0A4P7NKP0	C	3.21
A0A4P7NML3	-	15.35
A0A4P7NS78	-	14.25
A0A4P7NV04	-	22.21
A0A4P7NV09	-	16.52
A0A4P7NVB3	-	16.69
A0A4P8L6C8	C	3.08
A0A4P9VWM1	-	14.62
A0A4P9VZN9	-	NA
A0A4P9WCD3	-	22.91
A0A4P9WCJ5	-	18.38
A0A4P9WCR7	-	16.68
A0A4P9WSQ3	-	15.64
A0A4P9WX00	-	21.67
A0A4P9X6N6	-	22.25
A0A4P9X7U9	-	20.44
A0A4P9XG75	-	NA
A0A4P9XGI5	-	22.04
A0A4P9XHR6	-	21.93
A0A4P9XIM0	-	21.89
A0A4P9XJ34	-	NA
A0A4P9XL19	-	19.37
A0A4P9XL46	-	22.13
A0A4P9XLD8	-	21.05
A0A4P9XLI7	-	11.80
A0A4P9XMQ7	-	21.05
A0A4P9XMV3	-	22.20
A0A4P9XNA4	-	NA
A0A4P9XST4	-	22.33
A0A4P9XST5	-	22.35
A0A4P9XSU6	-	22.20
A0A4P9XTI0	-	19.00
A0A4P9XTP8	-	22.26
A0A4P9XTQ3	-	21.50
A0A4P9XUT0	-	20.56
A0A4P9XUV9	-	22.26
A0A4P9XVI9	-	22.03
A0A4P9Y249	-	22.07
A0A4P9Y2R2	-	21.23
A0A4P9Y3Y8	-	9.92
A0A4P9Y486	-	22.01
A0A4P9Y8H6	-	22.49
A0A4P9Y9E4	-	22.21
A0A4P9YFJ7	-	21.75
A0A4P9YFS3	-	12.08
A0A4P9YI11	-	23.30
A0A4P9YNW1	-	22.45
A0A4P9YRL7	C	3.28
A0A4P9YS76	-	22.29
A0A4P9YS92	-	22.39
A0A4P9YU07	-	22.16
A0A4P9YUC2	-	5.87
A0A4P9YXX3	-	20.30
A0A4P9YZB4	-	21.22
A0A4P9YZC7	-	21.88
A0A4P9Z0G4	C	3.13
A0A4P9Z2E4	-	22.27
A0A4P9Z303	-	21.56
A0A4P9Z3E0	-	20.95
A0A4P9Z5J7	-	21.69
A0A4P9Z6Q7	-	22.26
A0A4P9ZNY3	-	21.61
A0A4P9ZSR0	-	23.26
A0A4P9ZTR7	-	17.11
A0A4P9ZUL5	-	22.00
A0A4P9ZVA0	-	9.85
A0A4Q1KVH9	C	3.32
A0A4Q1QP71	-	15.91
A0A4Q1UIS4	C	3.47
A0A4Q2CXN1	-	22.21
A0A4Q2CZY5	-	22.01
A0A4Q2D293	-	22.12
A0A4Q2D5P7	-	21.98
A0A4Q2D6X5	-	22.09
A0A4Q2D856	-	9.86
A0A4Q2DWU2	-	21.95
A0A4Q2E1C0	-	22.13
A0A4Q2V4B9	-	22.87
A0A4Q2V7C7	-	22.54
A0A4Q2VB57	C*	3.52
A0A4Q2VEP5	-	23.07
A0A4Q2VMI5	C	3.22
A0A4Q2VQ33	C*	3.56
A0A4Q2VQR4	C	2.79
A0A4Q2VRH1	-	20.50
A0A4Q2W3G0	-	22.71
A0A4Q2W8U2	-	22.85
A0A4Q2WA02	-	16.78
A0A4Q4M0D8	C	2.89
A0A4Q4M1K4	-	22.53
A0A4Q4M2B0	-	NA
A0A4Q4M2G9	-	22.59
A0A4Q4M2L8	-	21.97
A0A4Q4M420	C*	3.86
A0A4Q4M5G0	-	23.41
A0A4Q4M6G5	-	15.95
A0A4Q4MAA6	C*	3.72
A0A4Q4ME11	-	22.62
A0A4Q4MH42	-	15.67
A0A4Q4MJ71	-	21.22
A0A4Q4MJK3	-	22.06
A0A4Q4MM01	-	20.33
A0A4Q4MRC4	-	19.76
A0A4Q4MW52	-	14.93
A0A4Q4MXA1	-	23.18
A0A4Q4MYG0	-	22.83
A0A4Q4N1Y8	-	23.40
A0A4Q4N3U4	-	22.21
A0A4Q4N662	-	22.77
A0A4Q4N7D9	-	22.30
A0A4Q4N7N9	-	22.25
A0A4Q4N7P7	-	14.92
A0A4Q4N8K9	-	23.41
A0A4Q4NBP0	-	22.06
A0A4Q4NDK1	-	22.41
A0A4Q4NF14	-	15.75
A0A4Q4NI14	C	3.09
A0A4Q4NKY1	-	22.59
A0A4Q4NP34	C	2.77
A0A4Q4NQ20	-	NA
A0A4Q4NQH4	-	22.76
A0A4Q4NSL7	-	19.41
A0A4Q4NUK9	-	23.54
A0A4Q4NVL9	C*	3.87
A0A4Q4PA97	C	3.09
A0A4Q4PFX6	-	23.34
A0A4Q4PJE0	-	22.28
A0A4Q4PMJ1	-	22.74
A0A4Q4PZK3	-	22.25
A0A4Q4QB94	-	23.48
A0A4Q4QCH3	C	2.92
A0A4Q4QXM4	C*	3.87
A0A4Q4QYU9	-	22.35
A0A4Q4R9E2	-	22.69
A0A4Q4RIX1	-	22.74
A0A4Q4RK75	-	15.72
A0A4Q4RRE4	-	22.24
A0A4Q4RRP6	-	22.65
A0A4Q4RS51	-	19.75
A0A4Q4RSQ3	-	22.54
A0A4Q4RSY1	-	23.13
A0A4Q4RWF9	-	14.67
A0A4Q4S0H2	-	21.22
A0A4Q4S9N1	-	20.32
A0A4Q4SFS0	-	20.72
A0A4Q4SH67	-	22.01
A0A4Q4SXW4	-	15.55
A0A4Q4T6Z6	-	14.82
A0A4Q4T9D8	C	3.09
A0A4Q4TEY4	-	22.56
A0A4Q4TH39	-	14.47
A0A4Q4TI57	-	21.75
A0A4Q4TQ47	-	22.97
A0A4Q7NUG4	C	3.34
A0A4Q7Z0G8	C	3.49
A0A4Q7ZGH5	-	14.72
A0A4Q9EBR2	C	3.31
A0A4Q9FQZ1	-	7.95
A0A4Q9L9F9	-	18.85
A0A4Q9LG08	-	18.44
A0A4Q9LRP6	-	18.45
A0A4Q9LYQ9	-	18.90
A0A4Q9M9G5	C	3.00
A0A4Q9NW54	C	3.10
A0A4Q9PR44	-	14.81
A0A4Q9RBJ6	C	3.36
A0A4R3I324	C	2.88
A0A4R3Q368	C	3.37
A0A4R4ZHH6	-	20.29
A0A4R6YR80	C	3.35
A0A4R7BDA0	C	3.19
A0A4R8G083	C	3.06
A0A4R8PNH1	-	22.40
A0A4R8PT74	-	NA
A0A4R8PUJ5	-	22.47
A0A4R8PXC4	-	10.46
A0A4R8Q1L1	-	22.77
A0A4R8Q226	-	23.87
A0A4R8Q2P5	-	23.00
A0A4R8Q2S4	-	21.92
A0A4R8Q3F8	-	21.82
A0A4R8Q3V8	-	22.79
A0A4R8Q686	C	2.97
A0A4R8Q6U5	-	22.07
A0A4R8QDR2	C*	5.20
A0A4R8QE15	C	3.28
A0A4R8QGX6	-	10.90
A0A4R8QIT2	-	22.50
A0A4R8QJK7	C	2.89
A0A4R8QLI9	-	22.58
A0A4R8QLU2	-	17.28
A0A4R8QMK9	C	2.90
A0A4R8QMY8	-	22.09
A0A4R8QSZ7	-	15.15
A0A4R8QUH0	-	22.21
A0A4R8RA33	-	22.71
A0A4R8RCD2	-	22.78
A0A4R8RCG3	-	23.93
A0A4R8RDW8	-	15.16
A0A4R8REE8	-	NA
A0A4R8RFN3	-	10.84
A0A4R8RHV3	C	3.30
A0A4R8RI59	-	NA
A0A4R8RKK0	C	3.06
A0A4R8RMW3	-	17.11
A0A4R8RQB9	-	22.00
A0A4R8RTP9	-	23.09
A0A4R8RWH5	-	21.86
A0A4R8SXD4	-	22.56
A0A4R8T272	-	NA
A0A4R8T4S3	-	22.24
A0A4R8TAZ7	C	2.96
A0A4R8TI16	-	NA
A0A4R8TJ20	-	17.39
A0A4R8TJJ9	-	22.73
A0A4R8TK94	C*	3.61
A0A4R8TKA8	-	22.76
A0A4R8TLY6	-	22.30
A0A4R8TML3	-	23.01
A0A4R8TP34	C	2.90
A0A4R8TP66	-	22.76
A0A4R8TRK5	-	22.03
A0A4R8TSG9	-	15.20
A0A4S2H0H1	C	3.37
A0A4S2KZB5	C*	10.07
A0A4S2LAY3	C*	11.96
A0A4S2LAY4	-	NA
A0A4S2LBG9	C*	12.00
A0A4S2LBJ8	C*	10.99
A0A4S2LBN1	-	NA
A0A4S2LES6	C*	12.90
A0A4S2LF11	C*	12.81
A0A4S2LJ85	C*	12.15
A0A4S2MHI4	-	20.18
A0A4S2MK96	-	21.66
A0A4S2MM39	-	21.16
A0A4S2MMJ0	-	22.75
A0A4S2MRG4	C	2.70
A0A4S2MTZ1	C	3.27
A0A4S2N177	-	21.84
A0A4S3IZR8	-	22.65
A0A4S3J2W4	C	3.38
A0A4S3J5H3	-	15.48
A0A4S3J8T7	-	22.68
A0A4S3ZWL1	C*	3.93
A0A4S4EP73	C	2.81
A0A4S4ERL3	C	2.92
A0A4S4F0S3	C	2.79
A0A4S4KID4	C	3.02
A0A4S4M1Y3	-	16.04
A0A4S4MA69	C*	14.36
A0A4S4MP01	C	3.29
A0A4S8IT13	C	2.76
A0A4S8IVY2	C	3.22
A0A4S8JI25	C	2.82
A0A4S8K2B6	C	3.24
A0A4S8K2E1	C	3.31
A0A4S8K8H3	C	2.79
A0A4S8LAP1	-	14.01
A0A4S8M8C5	-	15.17
A0A4S8QJ87	-	22.94
A0A4S8QND8	-	NA
A0A4S8QPY5	-	23.07
A0A4S8QRD1	-	22.65
A0A4S8QT01	-	10.10
A0A4S8QWZ8	C	3.21
A0A4S8R655	C	3.31
A0A4S8RGZ2	C	3.11
A0A4S8RXG8	-	22.34
A0A4S8SZZ5	-	22.73
A0A4S8VLN7	-	22.82
A0A4S8VNS7	-	22.82
A0A4S8VRV9	-	22.94
A0A4S8W0R7	C	3.35
A0A4S8XLG5	-	22.68
A0A4S8XYB0	-	22.84
A0A4S8YNU8	C	2.91
A0A4S8ZCU3	-	22.72
A0A4S8ZFV3	-	22.70
A0A4S8ZM72	-	22.93
A0A4S8ZPY2	-	22.88
A0A4S9A8L7	C	3.46
A0A4S9AZJ7	-	22.73
A0A4S9B488	C	3.20
A0A4S9BXQ5	-	22.93
A0A4S9C7Z5	-	22.96
A0A4S9CKJ3	-	22.71
A0A4S9CQ93	-	22.78
A0A4S9EU40	C	3.32
A0A4S9F7Z6	-	22.92
A0A4S9L6U2	-	22.74
A0A4S9LJ79	C	3.23
A0A4S9LTZ6	-	22.93
A0A4S9N5M2	C	2.77
A0A4S9Q347	-	22.79
A0A4S9SJZ6	-	22.91
A0A4S9SK23	-	22.71
A0A4S9T9C9	C	3.20
A0A4S9UF68	C	3.18
A0A4S9UNN9	-	22.94
A0A4S9W220	-	22.89
A0A4S9W6W5	-	22.53
A0A4S9XKY4	-	22.44
A0A4S9XNR5	C	3.35
A0A4S9XSC8	-	22.94
A0A4T0AYN8	-	22.85
A0A4T0B8C7	-	22.77
A0A4T0BWY6	C	3.23
A0A4T0CFU1	-	22.89
A0A4T0CHN6	-	22.71
A0A4T0DW90	-	22.80
A0A4T0E0E8	-	22.91
A0A4T0ERS1	C	3.22
A0A4T0FD09	-	11.82
A0A4T0FM69	-	16.36
A0A4T0FMD4	-	NA
A0A4T0FPJ8	-	23.31
A0A4T0GN27	-	16.31
A0A4T0JAB6	-	24.22
A0A4T0K338	-	24.15
A0A4T0LNJ1	-	23.79
A0A4T0QUJ8	-	12.25
A0A4T0VD25	C*	3.62
A0A4T0VFM6	-	21.97
A0A4T0VHK0	C*	3.74
A0A4T0VKX6	-	10.42
A0A4T0VSJ6	-	23.00
A0A4T0W2U9	-	22.53
A0A4T0W7K4	-	15.29
A0A4T0WAP6	-	NA
A0A4T0WB77	-	22.83
A0A4T0WCV6	-	22.66
A0A4T0WCY6	C	3.15
A0A4T0WFM4	-	22.76
A0A4T0WKB3	C	3.02
A0A4T0WLP4	C*	3.57
A0A4T0WLX0	-	22.77
A0A4T0WLY7	-	22.77
A0A4U0TXH3	C*	3.58
A0A4U0TXP9	-	NA
A0A4U0UIB6	-	23.03
A0A4U0UIF9	-	22.63
A0A4U0V422	C	3.29
A0A4U0VC90	-	NA
A0A4U0VCH3	-	22.76
A0A4U0VJI3	C	3.49
A0A4U0VLB1	C	2.92
A0A4U0VS63	-	NA
A0A4U0XEI2	-	23.01
A0A4U0XP94	C	3.12
A0A4U0XRL7	C	3.13
A0A4U0XT20	-	NA
A0A4U0XX60	C	2.75
A0A4U1FEJ8	-	12.78
A0A4U1FJ41	-	13.13
A0A4U5M982	-	14.05
A0A4U5MWK7	C	2.95
A0A4U5MY05	C	3.03
A0A4U5MY48	C	3.07
A0A4U5NQ50	C	2.79
A0A4U5NSP7	C	2.84
A0A4U5PCC5	-	13.34
A0A4U5PCS0	-	11.68
A0A4U5PGP8	-	18.22
A0A4U5PJS8	C*	10.65
A0A4U5PQE5	C	2.81
A0A4U5Q1X0	C	2.95
A0A4U5TZJ3	-	13.21
A0A4U5U282	-	12.84
A0A4U5U312	-	12.84
A0A4U5V201	-	13.55
A0A4U5VXG9	-	12.83
A0A4U5WCL6	-	NA
A0A4U5WIH9	-	NA
A0A4U5X3M8	-	NA
A0A4U5XA36	-	NA
A0A4U6QLS0	-	NA
A0A4U6U3D2	C*	4.49
A0A4U6URN3	C	2.61
A0A4U6V645	C	3.04
A0A4U6VL40	C	2.94
A0A4U6X1H7	-	23.02
A0A4U6X479	-	22.79
A0A4U6X5K0	-	22.61
A0A4U6X5Z4	-	NA
A0A4U6X7Y6	-	22.68
A0A4U6XEV8	C	2.78
A0A4U6XFR4	-	22.72
A0A4U6XL76	C*	3.79
A0A4U7AVN4	-	22.67
A0A4U7AY24	-	NA
A0A4U7B2Q7	-	27.65
A0A4U7B5J3	-	NA
A0A4U7BEM6	-	NA
A0A4U7KLN1	-	8.26
A0A4U7KUR2	-	23.76
A0A4U7KZ21	-	14.65
A0A4U8UW01	-	16.17
A0A4U8UYX4	-	11.30
A0A4U8UZH0	-	16.00
A0A4U8V1I0	-	11.30
A0A4U9EHQ3	-	NA
A0A4U9FEL1	-	22.55
A0A4U9FFS8	C	3.16
A0A4V1IRJ7	-	20.30
A0A4V1IUQ4	-	21.43
A0A4V1IWY8	-	22.09
A0A4V1IX23	-	22.10
A0A4V1J207	-	20.20
A0A4V1J5M0	-	22.38
A0A4V1Q2I3	-	9.91
A0A4V1Q3C6	C	2.91
A0A4V1Q3E9	-	22.25
A0A4V1RYU3	-	22.41
A0A4V1WMP5	-	23.21
A0A4V1WT88	-	15.96
A0A4V1WUM4	-	22.21
A0A4V1X6P4	C	2.90
A0A4V1X7W4	-	15.64
A0A4V1X978	-	13.52
A0A4V1XCS5	-	15.07
A0A4V2K1S3	-	14.50
A0A4V2K7N5	-	14.47
A0A4V2PI10	-	NA
A0A4V3HSA5	-	22.98
A0A4V3HSJ2	-	22.31
A0A4V3HTN3	C*	4.30
A0A4V3HWL7	-	10.71
A0A4V3I333	-	22.76
A0A4V3I3B6	C	3.33
A0A4V3UQT0	-	18.46
A0A4V4HZ43	-	22.87
A0A4V4JHD7	-	22.71
A0A4V4JUP5	-	22.73
A0A4V4KW54	-	22.67
A0A4V4LY48	-	10.11
A0A4V4MKK3	-	11.89
A0A4V5N7H4	-	22.86
A0A4V5NGM0	-	23.15
A0A4V5ZZQ0	-	14.47
A0A4V6D4I5	C	2.77
A0A4V6DH29	-	15.46
A0A4V6JA16	-	22.83
A0A4V6NY19	-	15.14
A0A4V6QED0	C	3.15
A0A4V6QFK9	-	10.70
A0A4V6TPS9	-	12.45
A0A4W2CV58	-	13.30
A0A4W2CZF1	-	12.84
A0A4W2CZF6	-	12.81
A0A4W2DEQ4	-	12.82
A0A4W2GFS0	-	12.81
A0A4W2HMJ7	-	13.22
A0A4W2IS87	-	13.29
A0A4W3I0J5	-	12.91
A0A4W3I0L0	-	12.93
A0A4W3I463	-	12.88
A0A4W3I5I7	-	13.19
A0A4W3I5L1	-	12.93
A0A4W3I5Q3	-	12.93
A0A4W3I5Q9	-	12.93
A0A4W3I8Z7	-	13.17
A0A4W3I926	-	13.17
A0A4W3I954	-	13.23
A0A4W3I973	-	13.14
A0A4W3ICV8	-	13.19
A0A4W3IEG1	-	13.20
A0A4W3IN19	-	12.95
A0A4W3INF1	-	12.84
A0A4W3INV9	-	13.01
A0A4W3INW1	-	12.95
A0A4W3IPU9	-	12.90
A0A4W3ISX3	-	13.02
A0A4W3ISZ4	-	13.00
A0A4W3IXA9	-	13.04
A0A4W3J2P3	-	13.08
A0A4W3J2R9	-	12.94
A0A4W3JJW4	-	12.93
A0A4W3JJY3	-	12.97
A0A4W3JK65	-	12.95
A0A4W4DSJ1	-	13.06
A0A4W4DSL1	-	12.93
A0A4W4DSM6	-	13.02
A0A4W4DSZ2	-	12.95
A0A4W4EP59	-	12.86
A0A4W4EPK5	-	12.89
A0A4W4EPW9	-	12.89
A0A4W4EQ15	-	12.82
A0A4W4ERN1	-	12.86
A0A4W4EZ83	-	NA
A0A4W4FJV5	-	13.11
A0A4W4FK46	-	13.15
A0A4W4FK82	-	NA
A0A4W4FKH2	-	NA
A0A4W4GT88	-	13.07
A0A4W4GVZ7	-	13.14
A0A4W4GW07	-	13.05
A0A4W4GW37	-	13.10
A0A4W4GZA3	-	13.01
A0A4W4GZJ7	-	12.95
A0A4W4GZQ4	-	13.10
A0A4W4GZX6	-	13.13
A0A4W4H021	-	13.07
A0A4W4H065	-	13.07
A0A4W5JIU9	-	12.82
A0A4W5N1L0	-	13.23
A0A4W5N2S4	-	13.26
A0A4W5NMG6	-	12.73
A0A4W5PDG2	-	13.23
A0A4W5PDI3	-	13.33
A0A4W5PKH3	-	13.27
A0A4W5PLZ1	-	13.23
A0A4W5PPW0	-	13.27
A0A4W5Q6S0	-	12.85
A0A4W5QAR4	-	11.03
A0A4W5QB93	-	11.38
A0A4W5QVZ3	-	13.23
A0A4W5QZQ2	-	13.30
A0A4W5R6Q2	-	13.26
A0A4W5R7S9	-	13.28
A0A4W5R7V7	-	13.26
A0A4W5R836	-	13.26
A0A4W6CNP2	-	13.22
A0A4W6DAC1	-	12.57
A0A4W6DB24	-	15.85
A0A4W6EAM5	-	12.71
A0A4W6F5R6	-	NA
A0A4W6FXT1	-	13.31
A0A4W6GAD1	-	12.85
A0A4X1UZV3	-	13.17
A0A4X1UZW3	-	13.20
A0A4X1WAF7	-	12.88
A0A4X2K4V1	-	12.91
A0A4X2KE21	-	13.09
A0A4X2M0B2	-	13.30
A0A4Y1R9H2	C	3.26
A0A4Y3KUD1	-	13.24
A0A4Y3R824	C	3.29
A0A4Y3RCW8	-	NA
A0A4Y3S0B0	-	NA
A0A4Y3VK95	-	NA
A0A4Y3VNI2	-	NA
A0A4Y3WBK3	C	3.36
A0A4Y6R7S8	C	3.32
A0A4Y7I3R4	C	2.85
A0A4Y7I4A1	C	3.44
A0A4Y7I7H2	C	2.88
A0A4Y7IA41	C	2.92
A0A4Y7IAC7	C	2.90
A0A4Y7IC16	C	2.93
A0A4Y7IG79	C	2.84
A0A4Y7IJ39	C	3.18
A0A4Y7IJU3	C	3.34
A0A4Y7IKI8	C	3.01
A0A4Y7IW07	C	3.24
A0A4Y7J089	C	3.35
A0A4Y7JE12	C	3.13
A0A4Y7JG44	C	2.73
A0A4Y7JVY5	C	3.48
A0A4Y7JW71	C	2.79
A0A4Y7K271	C	2.88
A0A4Y7K6N0	C	2.84
A0A4Y7KL70	C	2.83
A0A4Y7L1N8	C	3.43
A0A4Y7LJR4	C	3.41
A0A4Y7SAP2	C	3.36
A0A4Y7SDL3	-	22.31
A0A4Y7SEM1	-	22.27
A0A4Y7SFY2	-	22.51
A0A4Y7SHB0	-	21.81
A0A4Y7SHS4	-	22.35
A0A4Y7SK47	-	21.87
A0A4Y7SK59	-	21.85
A0A4Y7SKW8	-	22.21
A0A4Y7SL77	-	15.75
A0A4Y7SLE9	-	NA
A0A4Y7SUH7	-	21.81
A0A4Y7T163	-	22.43
A0A4Y7T3P6	C	3.33
A0A4Y7T6H0	-	22.38
A0A4Y7T9K6	-	22.30
A0A4Y7TEE1	-	22.19
A0A4Y7TEV3	-	21.98
A0A4Y7TW26	-	22.06
A0A4Y7UCL1	C	3.42
A0A4Y8CCG2	-	NA
A0A4Y8CKP8	-	NA
A0A4Y8CQP2	-	11.36
A0A4Y8D0A4	C	3.14
A0A4Y8D0D0	-	NA
A0A4Y8D0V3	-	NA
A0A4Y8D4M2	C	3.25
A0A4Y8DFL1	C	2.80
A0A4Y8RPT3	C	3.32
A0A4Y8T033	-	26.71
A0A4Y8ZK93	C	3.32
A0A4Y9SBZ4	C	3.26
A0A4Y9T4P3	C	3.11
A0A4Y9Y0E1	C	3.05
A0A4Y9YWZ0	C*	4.25
A0A4Y9Z7G4	C	3.03
A0A4Y9ZE70	-	15.52
A0A4Z0A5G8	C	3.09
A0A4Z0AQA6	C	3.26
A0A4Z0HNY2	C	3.25
A0A4Z0L783	C	3.47
A0A4Z0L9R6	-	26.09
A0A4Z0LCG8	C	3.44
A0A4Z0NTW6	-	15.46
A0A4Z0YK01	-	NA
A0A4Z0YR50	-	22.63
A0A4Z0YS91	-	23.08
A0A4Z0YUI2	-	22.20
A0A4Z0Z0E1	C*	3.55
A0A4Z0Z0G8	-	14.74
A0A4Z0Z0S0	C	2.81
A0A4Z0Z0X9	-	19.78
A0A4Z0Z5N9	-	14.46
A0A4Z0Z8S2	-	22.80
A0A4Z0ZBZ0	C	3.45
A0A4Z1CUV9	-	NA
A0A4Z1D3W1	-	NA
A0A4Z1E3V6	-	22.42
A0A4Z1E519	-	21.12
A0A4Z1E9P8	C	3.15
A0A4Z1EDQ2	-	21.81
A0A4Z1EJQ1	C	3.24
A0A4Z1ELX3	-	23.16
A0A4Z1EV38	-	NA
A0A4Z1F214	-	10.33
A0A4Z1F3K6	C	3.43
A0A4Z1F478	C	3.07
A0A4Z1F9Z6	C	3.02
A0A4Z1FC55	C	3.22
A0A4Z1FEE3	-	23.10
A0A4Z1FMD5	-	23.05
A0A4Z1FR91	-	NA
A0A4Z1FTN5	C	3.38
A0A4Z1FYJ3	-	10.17
A0A4Z1G598	C	2.82
A0A4Z1G6H5	-	21.08
A0A4Z1G7I6	-	22.58
A0A4Z1GBI9	-	23.12
A0A4Z1GFL5	C	2.85
A0A4Z1GKH1	-	21.46
A0A4Z1GVX3	C	3.15
A0A4Z1GXY5	C	3.23
A0A4Z1H7H1	-	22.26
A0A4Z1H969	C	2.69
A0A4Z1HAZ4	-	23.15
A0A4Z1HC09	-	22.88
A0A4Z1HN92	C	2.85
A0A4Z1HNS4	C	3.23
A0A4Z1HQT1	-	NA
A0A4Z1HTA4	-	23.19
A0A4Z1I2E7	-	23.98
A0A4Z1I948	C	3.02
A0A4Z1IM35	C	3.39
A0A4Z1IMI3	C	3.18
A0A4Z1INN0	-	9.93
A0A4Z1IS79	C	2.82
A0A4Z1IVU0	-	21.72
A0A4Z1JEZ4	C	3.08
A0A4Z1JMX4	C	3.16
A0A4Z1JPW0	C	3.29
A0A4Z1JYN1	-	23.06
A0A4Z1JZ47	-	22.84
A0A4Z1K161	C	3.31
A0A4Z1K5V5	-	NA
A0A4Z1KBR1	-	23.11
A0A4Z1KK63	C	3.22
A0A4Z1KR16	C	3.17
A0A4Z1KRT8	C	3.32
A0A4Z1NQD4	-	21.93
A0A4Z1NUI9	-	NA
A0A4Z1P3H5	C*	3.56
A0A4Z1P5A9	-	21.80
A0A4Z1PB68	-	NA
A0A4Z1PBN2	C	3.45
A0A4Z2AZU2	-	13.53
A0A4Z2BNP0	-	12.72
A0A4Z2CCM5	-	12.79
A0A4Z2CJG7	-	13.18
A0A4Z2CZT8	C*	7.93
A0A4Z2DRS1	C*	10.62
A0A4Z2H8L7	-	13.00
A0A4Z2J5I2	-	12.65
A0A501X0Q7	C	3.38
A0A502E729	C*	10.92
A0A502G532	C	3.27
A0A504YN21	C*	10.10
A0A504YVJ2	C*	13.74
A0A505I610	-	20.66
A0A507ASE7	-	23.89
A0A507AZ12	-	22.65
A0A507AZW4	-	14.91
A0A507B0B5	-	15.04
A0A507B255	-	22.99
A0A507B6M5	-	15.90
A0A507BB61	C	2.81
A0A507BF90	-	22.83
A0A507BFZ8	-	23.34
A0A507BH76	C	2.95
A0A507BI78	-	NA
A0A507BMG0	-	NA
A0A507BNL8	-	NA
A0A507DWN6	-	14.41
A0A507ECB4	-	15.51
A0A507EFD5	-	14.16
A0A507EI25	-	21.80
A0A507EJC1	-	17.49
A0A507ENT8	-	18.85
A0A507EP76	-	18.71
A0A507EU45	C	3.41
A0A507EUL6	C	3.23
A0A507EXS7	-	17.93
A0A507EZH3	-	21.82
A0A507F3F5	-	16.19
A0A507F5P6	-	15.17
A0A507F5R3	-	18.73
A0A507F691	-	NA
A0A507F697	-	NA
A0A507F7M1	-	17.43
A0A507F875	-	20.09
A0A507F8P2	-	20.51
A0A507FAL9	C	2.85
A0A507FBC4	-	13.45
A0A507FDJ6	C	3.39
A0A507FDN0	-	15.85
A0A507FFU9	-	19.83
A0A507FGD0	-	17.30
A0A507FH99	-	19.60
A0A507FHF3	-	18.67
A0A507FIJ3	-	19.62
A0A508TD04	C	3.22
A0A508WQH5	C	3.16
A0A510HL80	-	8.74
A0A510PMD9	C*	3.54
A0A511N1M3	C	3.41
A0A511NAA7	C	2.74
A0A511YPQ8	C	3.37
A0A512M2B1	C*	3.61
A0A512NBT8	-	11.24
A0A512SZA0	C	3.44
A0A514E8B4	-	13.18
A0A514JUG4	-	NA
A0A516R853	-	NA
A0A516RAC2	-	NA
A0A517KXT5	-	21.53
A0A517L981	C*	3.51
A0A517LCM0	-	10.20
A0A517LK50	-	21.53
A0A517LLS8	-	14.43
A0A517LRF7	C	2.69
A0A517LRG8	-	22.58
A0A517MIN1	C	2.87
A0A517N5I0	C*	3.82
A0A517PZI0	-	15.94
A0A517VWB0	-	15.39
A0A518FGN9	-	15.92
A0A521CC92	C*	3.60
A0A521DXD6	C*	4.17
A0A540LP38	C	2.92
A0A540LP61	C	2.92
A0A540LPK5	C	2.90
A0A540LPR7	C	2.89
A0A540M014	C	2.80
A0A540M063	C	2.94
A0A542TJ95	-	NA
A0A542UIP7	-	NA
A0A543J4V8	-	15.79
A0A544XUX3	-	NA
A0A545URM7	-	15.03
A0A545UYE5	-	15.49
A0A545VX13	C	2.71
A0A545W637	C	3.38
A0A547PT19	-	18.60
A0A550CYA8	-	14.01
A0A553HJG4	C	2.97
A0A553HML7	-	14.83
A0A553HMY2	-	12.58
A0A553HQA6	-	22.36
A0A553HT94	-	22.80
A0A553HUG6	-	14.29
A0A553HX16	-	14.50
A0A553HXR9	-	23.02
A0A553I1X9	-	18.95
A0A553I2W2	-	22.13
A0A553I4E8	C	2.87
A0A553I9B8	C*	3.51
A0A553NLC2	-	12.90
A0A553NLD0	-	12.82
A0A553PUL1	-	12.82
A0A553RAC3	-	13.27
A0A556V707	-	13.31
A0A556VB53	-	13.15
A0A559JN81	-	15.87
A0A559KLC5	-	20.61
A0A559KLZ0	C*	3.55
A0A559KNA8	-	22.58
A0A559KSM7	C	2.85
A0A559KX00	-	16.78
A0A559KXI7	C	3.43
A0A559L245	-	21.61
A0A559L672	-	23.02
A0A559LGD1	C	2.92
A0A559LGU5	C	2.93
A0A559LQ08	-	22.80
A0A559LS64	-	22.66
A0A559LSJ9	-	22.37
A0A559LTH3	C	2.83
A0A559M0T8	-	20.22
A0A559M139	-	15.24
A0A559M6N5	C	2.75
A0A559MD85	-	22.96
A0A559MJC6	-	14.30
A0A559MLL3	C	3.07
A0A560ER47	C	3.44
A0A560FH35	C	3.39
A0A560FJT8	-	6.33
A0A560GA21	-	6.00
A0A560H357	-	5.86
A0A560H4D2	-	NA
A0A560HKW1	-	5.96
A0A560IMW6	C	3.41
A0A560JF27	C	3.44
A0A560KAP8	-	5.73
A0A561EJB2	-	16.11
A0A561F1Q0	-	13.71
A0A561PQH3	C	3.27
A0A561T0L1	C	3.27
A0A561TJV0	-	NA
A0A561W9I1	-	16.04
A0A562MFH3	C*	3.60
A0A562PHQ5	-	NA
A0A562SAP7	-	38.04
A0A562SSC4	C	3.02
A0A562UDK5	C	3.33
A0A5A7P8F5	C	2.75
A0A5A7P8R8	C	2.72
A0A5A7PUF0	C	2.79
A0A5A7QKU5	C	2.85
A0A5A7QMF6	C	3.22
A0A5A7R9H3	C	2.96
A0A5A7UM24	C	2.93
A0A5A7UM88	C	3.18
A0A5A7UTU0	C	2.91
A0A5A9MZU3	-	13.28
A0A5A9P2M9	-	13.02
A0A5A9PN82	-	12.80
A0A5A9PP33	-	12.86
A0A5A9ZWY7	-	NA
A0A5B0M872	-	10.96
A0A5B0M9P8	-	15.75
A0A5B0MLF7	C*	9.95
A0A5B0PDE5	-	10.94
A0A5B0PE42	-	NA
A0A5B0PKD0	-	24.19
A0A5B0S431	-	NA
A0A5B2UX14	C	3.49
A0A5B2XQW2	-	16.04
A0A5B6YVS2	C	3.25
A0A5B6ZD77	C	2.73
A0A5B7BMB1	C	2.77
A0A5B7BMB9	C	2.92
A0A5B7BMP7	C	3.12
A0A5B7BQI1	C	3.00
A0A5B7SQ06	C*	3.86
A0A5B8IB42	-	NA
A0A5B8JHY3	-	NA
A0A5B8MIF6	-	21.69
A0A5B8RRI8	-	14.23
A0A5B8VE83	-	24.76
A0A5C1YKK7	C*	3.53
A0A5C2RQU6	-	14.72
A0A5C2SIQ9	-	15.33
A0A5C2SMD7	C*	3.87
A0A5C3DW46	-	8.21
A0A5C3DWM4	-	8.36
A0A5C3ELN8	-	15.86
A0A5C3EN14	-	23.57
A0A5C3EP17	-	15.76
A0A5C3EPK4	-	23.67
A0A5C3FFP2	-	23.73
A0A5C3FGF9	-	9.04
A0A5C3FY00	-	16.43
A0A5C3KD81	-	22.49
A0A5C3KGP3	-	22.25
A0A5C3KIC4	-	21.88
A0A5C3KLA3	-	9.89
A0A5C3KLG3	-	21.95
A0A5C3KN46	-	22.29
A0A5C3KS79	-	22.26
A0A5C3KTU1	-	21.53
A0A5C3KUH1	-	21.81
A0A5C3KV20	-	22.19
A0A5C3KVE7	-	21.02
A0A5C3L0P8	-	21.65
A0A5C3LM98	-	22.10
A0A5C3LN96	-	22.42
A0A5C3LRK6	-	22.00
A0A5C3M099	C	3.36
A0A5C3M124	C	3.34
A0A5C3N8U3	-	14.98
A0A5C3N9J8	-	15.70
A0A5C3NR12	-	22.31
A0A5C3PQI8	C*	3.95
A0A5C3PS01	-	15.11
A0A5C3Q243	-	23.60
A0A5C3Q2X4	-	23.74
A0A5C3Q880	-	14.93
A0A5C3QBW9	-	NA
A0A5C3QDH9	-	23.55
A0A5C3QLZ5	-	14.96
A0A5C3QNS5	-	23.56
A0A5C3QRI1	-	14.60
A0A5C3QS67	-	14.86
A0A5C3QWW3	-	15.90
A0A5C3R0A6	-	14.66
A0A5C3R0R5	-	13.72
A0A5C4MAR0	C	3.42
A0A5C6EDJ0	C	2.75
A0A5C6G6T5	C	2.99
A0A5C6J5X7	-	NA
A0A5C6MG15	-	NA
A0A5C6N9R8	-	12.88
A0A5C6P4C9	-	13.50
A0A5C6PC95	-	12.78
A0A5C6PPK4	-	13.26
A0A5C6SCU9	C	3.40
A0A5C6SD42	-	21.05
A0A5C6SHS5	C*	3.60
A0A5C6SIN3	C	2.85
A0A5C6SKB8	-	NA
A0A5C6SLG5	-	NA
A0A5C6SLM6	C	3.45
A0A5C6SY53	-	23.09
A0A5C6T6N6	-	22.55
A0A5C6TB17	-	22.82
A0A5C6TE34	-	22.69
A0A5C6TF30	C*	4.08
A0A5C6TKP7	C	2.91
A0A5C7GS05	C	2.81
A0A5C8LQN2	C	3.47
A0A5D2A6I2	C	3.31
A0A5D2BAD1	C	2.88
A0A5D2C767	C	3.21
A0A5D2C8N1	C	2.96
A0A5D2C929	C	2.81
A0A5D2CAK1	-	NA
A0A5D2CDW6	C	2.78
A0A5D2DKS4	C	3.40
A0A5D2E4Z0	C	3.45
A0A5D2F8S6	C	2.84
A0A5D2G6E6	C	2.95
A0A5D2G6V9	C	3.18
A0A5D2G8C9	C	2.83
A0A5D2GA62	C	2.89
A0A5D2H9S9	C	3.29
A0A5D2JG00	C	2.81
A0A5D2KJP6	C	3.18
A0A5D2KKA0	C	3.39
A0A5D2KN98	C	2.85
A0A5D2MRV4	C	3.42
A0A5D2P014	C	2.76
A0A5D2Q415	-	NA
A0A5D2Q517	C	3.19
A0A5D2Q7P1	C	2.80
A0A5D2QA30	C	2.82
A0A5D2RA93	C	3.37
A0A5D2SC93	C	3.28
A0A5D2TJG1	C	2.80
A0A5D2UJV9	C	3.08
A0A5D2ULC9	C	2.94
A0A5D2ULX1	C	3.13
A0A5D2UQB3	C	2.86
A0A5D2UR16	C	2.81
A0A5D2VZY8	C	3.17
A0A5D2WPH5	C	3.32
A0A5D2YVG9	C	3.18
A0A5D2YXF4	C	2.95
A0A5D2YY36	C	2.83
A0A5D3A2L0	C	3.31
A0A5D3DS75	C	3.20
A0A5D3KSY0	C	3.37
A0A5D4IM22	-	NA
A0A5E4BG48	-	13.19
A0A5E4EEC0	C	2.85
A0A5E4F653	C	3.17
A0A5E4F6A6	C	2.77
A0A5E4F824	C	2.87
A0A5E4FD61	C	2.88
A0A5E6SG98	-	16.09
A0A5E6VH38	-	15.82
A0A5E6WQ95	-	16.07
A0A5E7E8L9	-	16.17
A0A5E7F2P2	-	15.94
A0A5E7JZL5	-	15.94
A0A5E7KRB9	-	15.96
A0A5E7NFN8	-	14.77
A0A5E7U2C5	-	16.11
A0A5E9PE47	C	3.31
A0A5F4WA25	-	12.83
A0A5F7ZK38	-	13.33
A0A5F8A188	-	12.92
A0A5G2QS24	-	13.16
A0A5J4L7U6	-	15.92
A0A5J4NCT4	C*	9.83
A0A5J4NDB9	C*	12.34
A0A5J4NDK4	C*	10.85
A0A5J4ZC26	C	2.77
A0A5J5BCR2	C	2.94
A0A5J5BFK8	C	2.78
A0A5J5CL51	-	12.67
A0A5J5CZZ3	-	13.20
A0A5J5D5U9	-	13.54
A0A5J5DL98	-	15.13
A0A5J5DNR4	-	12.98
A0A5J5EE95	-	15.07
A0A5J5EI82	C	2.81
A0A5J5EMH3	C	3.32
A0A5J5ETR7	-	15.42
A0A5J5F1B1	-	15.11
A0A5J5F4B1	-	21.43
A0A5J5F4T2	-	22.06
A0A5J5F932	-	23.75
A0A5J5KV17	C	3.11
A0A5J5NCV8	-	NA
A0A5J5NXK0	C	3.38
A0A5J5R3V5	C	3.21
A0A5J5R4H1	C	2.77
A0A5J5R643	C	2.82
A0A5J5R8V0	C	2.82
A0A5J5R929	C	2.82
A0A5J5SM20	C	3.40
A0A5J5VEA7	C	3.18
A0A5J5VGF5	C	2.83
A0A5J5WIE0	C	3.32
A0A5J6E2H7	-	13.12
A0A5J6FJ84	-	NA
A0A5J6GQB1	-	NA
A0A5J6HIE5	-	NA
A0A5J6HY91	-	NA
A0A5J6I9P2	-	NA
A0A5J6IDK9	-	NA
A0A5J6J652	-	NA
A0A5J6JA20	-	NA
A0A5J9TTW4	C	2.82
A0A5J9TTZ2	C	2.74
A0A5J9TU90	C	2.96
A0A5J9TUB7	C	2.86
A0A5J9TVE7	C	2.71
A0A5J9UPM8	C	2.93
A0A5J9VEU1	C	2.62
A0A5J9VH37	C	2.83
A0A5M3M638	C	3.45
A0A5M3YLB8	-	22.84
A0A5M3Z2G6	-	22.57
A0A5M3ZF19	C*	3.52
A0A5M3ZH06	-	23.09
A0A5M8PS01	-	NA
A0A5M8PVF2	C	3.00
A0A5M8PXI5	C	3.02
A0A5M9J5P0	C	2.78
A0A5M9J7X0	-	23.01
A0A5M9J8H7	C	2.98
A0A5M9JH55	C	3.20
A0A5M9JV16	-	22.79
A0A5M9K0A1	C	3.31
A0A5M9K4U7	C	2.82
A0A5M9M842	-	22.56
A0A5M9MU51	-	18.64
A0A5M9N1D0	-	22.37
A0A5N3V4M8	-	13.26
A0A5N3WT61	-	12.84
A0A5N3X401	-	12.80
A0A5N3XI31	-	13.18
A0A5N4D8R0	-	13.30
A0A5N4DNN7	-	13.19
A0A5N5CVV6	-	15.78
A0A5N5CW49	C*	3.76
A0A5N5CWK8	-	23.03
A0A5N5D0M9	C*	4.29
A0A5N5D122	-	15.54
A0A5N5D1B5	C	3.41
A0A5N5DDM5	C	2.83
A0A5N5DHS7	C*	3.87
A0A5N5DKU3	-	22.91
A0A5N5DLD5	-	NA
A0A5N5DM31	-	NA
A0A5N5DP00	-	16.56
A0A5N5DQ58	-	16.31
A0A5N5DSX3	C	2.78
A0A5N5DZ95	-	23.18
A0A5N5EJE0	-	NA
A0A5N5EQQ1	-	NA
A0A5N5FDI3	C	3.01
A0A5N5FSB9	C	2.72
A0A5N5IB49	C	2.90
A0A5N5IC87	C	2.92
A0A5N5ICV1	C	2.88
A0A5N5IE94	C	2.80
A0A5N5IZL2	-	26.79
A0A5N5JK78	-	12.78
A0A5N5JTD4	C	2.90
A0A5N5JVN5	C	2.95
A0A5N5KU71	C	2.83
A0A5N5KVT2	C	2.94
A0A5N5LLM3	-	13.21
A0A5N5M706	-	13.00
A0A5N5N1V0	C	2.93
A0A5N5Q961	-	17.60
A0A5N5QBY0	-	17.73
A0A5N5QCV3	-	17.48
A0A5N5QCX3	-	14.60
A0A5N5QD75	-	18.81
A0A5N5QEZ6	-	NA
A0A5N5QF46	-	14.54
A0A5N5QF97	-	17.49
A0A5N5QFD1	-	17.65
A0A5N5QIM4	-	17.60
A0A5N5QMV8	-	14.25
A0A5N5QMX1	-	14.12
A0A5N5QN45	-	14.27
A0A5N5QN80	-	17.50
A0A5N5QPL6	-	21.99
A0A5N5QPM2	-	15.65
A0A5N5QPP6	-	15.45
A0A5N5QSX1	-	23.51
A0A5N5WHZ0	-	22.57
A0A5N5WPG7	-	22.74
A0A5N5WYK3	C	2.91
A0A5N5X5R8	-	21.56
A0A5N5X5Y0	-	22.47
A0A5N5XA86	C	3.49
A0A5N6BWN4	-	NA
A0A5N6D168	-	19.84
A0A5N6D825	-	22.70
A0A5N6D8B2	-	22.49
A0A5N6DCN8	C*	4.19
A0A5N6DQ39	-	15.29
A0A5N6DUW5	-	17.06
A0A5N6E1Y6	-	22.73
A0A5N6E6B8	C	3.41
A0A5N6EDE4	-	22.45
A0A5N6EJD5	-	17.02
A0A5N6EL34	C	3.40
A0A5N6EP04	-	22.89
A0A5N6F3V1	C	3.42
A0A5N6F4J1	-	22.80
A0A5N6F508	-	20.12
A0A5N6FAW7	C	3.25
A0A5N6FCL6	-	15.49
A0A5N6FIA9	-	20.53
A0A5N6GME1	C	3.30
A0A5N6GZN3	-	15.71
A0A5N6H6S4	C	3.39
A0A5N6HBU3	-	22.46
A0A5N6HEF6	-	15.37
A0A5N6HEJ2	-	19.08
A0A5N6HPI1	-	22.72
A0A5N6I6U2	-	19.83
A0A5N6IRB6	C*	3.79
A0A5N6IZN7	-	22.68
A0A5N6J598	-	17.28
A0A5N6J900	C	3.46
A0A5N6JA45	C	3.40
A0A5N6JAD3	-	22.50
A0A5N6JER4	-	15.24
A0A5N6JFE5	-	18.74
A0A5N6JKR3	-	22.86
A0A5N6JNB3	C	3.37
A0A5N6JRM5	-	23.08
A0A5N6JRN2	C	3.25
A0A5N6JSQ9	C	3.05
A0A5N6JUP9	C	3.33
A0A5N6KBB1	-	22.84
A0A5N6KF72	C	3.36
A0A5N6LXI7	C	2.92
A0A5N6LXI8	C	2.80
A0A5N6LXJ2	C	2.88
A0A5N6LXJ7	C	2.84
A0A5N6LXU0	C	2.77
A0A5N6LYM1	C	3.27
A0A5N6LYM3	C	2.85
A0A5N6LYM4	C	2.96
A0A5N6LYR8	C	2.78
A0A5N6LZ00	C	2.70
A0A5N6LZG6	C	2.84
A0A5N6M088	C	2.97
A0A5N6NPH8	C	2.79
A0A5N6NWK0	C	3.02
A0A5N6Q8R4	C	2.88
A0A5N6Q8R6	C	3.17
A0A5N6Q8X3	C	2.83
A0A5N6SKU6	-	22.67
A0A5N6SWG5	-	20.44
A0A5N6T1N2	-	17.52
A0A5N6T9V3	-	15.25
A0A5N6TAQ7	-	22.87
A0A5N6TBU7	C	3.27
A0A5N6TLG2	-	22.63
A0A5N6TP01	-	22.62
A0A5N6U0C4	C	3.23
A0A5N6U4R0	-	22.10
A0A5N6U5S2	-	17.65
A0A5N6U7M7	C	3.27
A0A5N6U8N1	C*	3.53
A0A5N6UJ40	-	22.70
A0A5N6UJU5	C	3.35
A0A5N6V0Z8	C	3.28
A0A5N6V107	-	17.74
A0A5N6V2E6	C	3.48
A0A5N6V2I9	-	20.17
A0A5N6V971	-	22.85
A0A5N6VBI8	-	15.39
A0A5N6VBP0	-	22.56
A0A5N6VJ39	C	3.43
A0A5N6VLY9	-	22.70
A0A5N6VM32	-	22.71
A0A5N6W347	C	3.41
A0A5N6W889	-	15.31
A0A5N6W9D6	C*	3.80
A0A5N6WAL7	-	22.50
A0A5N6WFB8	-	17.06
A0A5N6WGQ8	C*	3.73
A0A5N6WJZ7	-	22.70
A0A5N6X0X6	-	22.35
A0A5N6X503	C	3.43
A0A5N6X6I8	-	20.13
A0A5N6XCN8	-	17.37
A0A5N6XI36	-	14.99
A0A5N6XL35	-	22.89
A0A5N6XL54	C	3.49
A0A5N6XMW8	C*	3.68
A0A5N6XVL6	C	3.16
A0A5N6XWQ8	-	22.50
A0A5N6Y2F3	-	22.91
A0A5N6YET4	C	2.92
A0A5N6YG73	-	17.04
A0A5N6YJ96	-	15.56
A0A5N6YM06	-	22.72
A0A5N6YPB6	-	20.03
A0A5N6Z0V1	-	17.89
A0A5N6Z1H2	-	22.80
A0A5N6Z8Z5	-	20.57
A0A5N6ZCZ1	-	22.66
A0A5N6ZG89	C*	3.55
A0A5N6ZKF8	-	16.94
A0A5N6ZSA8	-	22.86
A0A5N7ABB3	C	3.33
A0A5N7AF27	-	22.68
A0A5N7AH26	C	3.41
A0A5N7AK09	-	19.94
A0A5N7AN97	-	22.52
A0A5N7AP20	-	20.11
A0A5N7APG9	-	15.29
A0A5N7AYA5	-	22.72
A0A5N7B253	-	22.80
A0A5N7B877	-	15.27
A0A5N7BFL3	-	22.62
A0A5N7BGF8	-	22.00
A0A5N7BKQ7	-	15.93
A0A5N7BUY0	-	17.83
A0A5N7BZL8	-	22.23
A0A5N7C5J3	C*	3.50
A0A5N7CCB7	-	22.64
A0A5N7CI82	C*	3.56
A0A5N7CK52	-	22.53
A0A5N7CL84	-	NA
A0A5N7CXX6	C	3.40
A0A5N7D5I8	C*	6.47
A0A5N7D658	-	22.65
A0A5N7DF31	-	15.37
A0A5N7DKE9	-	NA
A0A5N7DS27	-	18.23
A0A5N8VHQ6	-	NA
A0A5N8VL35	-	NA
A0A5N8WIB3	-	NA
A0A5P0YLD7	-	NA
A0A5P0YQK5	C*	8.42
A0A5P2AKH5	-	10.61
A0A5P2AKS3	-	NA
A0A5P2AV77	-	NA
A0A5P2BD66	-	NA
A0A5P2BZI2	-	NA
A0A5P2CX41	-	NA
A0A5P2CX50	-	NA
A0A5P2CY96	-	NA
A0A5P2DT21	-	NA
A0A5P2DVP6	C	3.34
A0A5P2DYF1	-	NA
A0A5P2UE19	-	NA
A0A5P2UEV6	-	NA
A0A5P2X742	-	NA
A0A5P2XEV6	-	NA
A0A5P6PFX1	C	3.29
A0A5P8JWI7	-	NA
A0A5P8K359	-	NA
A0A5P8W6J8	C	3.49
A0A5Q0GYP1	-	15.76
A0A5Q0LGI3	-	NA
A0A5Q0LM35	-	NA
A0A5Q3G1H4	-	22.60
A0A5Q4BAP6	-	22.83
A0A5Q4BJT9	-	22.68
A0A5Q4BM54	-	22.92
A0A5Q4BMU6	C*	3.91
A0A5Q4BQ09	-	22.93
A0A5Q4BQM7	C	2.89
A0A5Q4BTC4	-	NA
A0A5Q4BX03	C	2.87
A0A5Q4BXQ3	-	22.78
A0A5Q4BY90	-	22.75
A0A5Q4BZL7	-	NA
A0A5Q6RZ13	C	3.39
A0A5R9E085	-	NA
A0A5S6QIU3	-	NA
A0A5S6QQ81	-	10.85
A0A5S6QUR5	-	NA
A0A640S5Q7	-	15.88
A0A640T4R7	-	14.75
A0A640TR07	-	15.92
A0A640V3J7	-	15.98
A0A643BP73	-	12.75
A0A646KIV1	-	NA
A0A646KQ41	-	NA
A0A650CA05	-	22.60
A0A652L843	-	NA
A0A654M0W1	C	3.40
A0A654M5U9	-	NA
A0A656KGD9	C	3.25
A0A658QV98	C	2.96
A0A658QXI9	C*	3.52
A0A662YLB1	-	12.64
A0A663EJS8	-	13.09
A0A663F798	-	12.73
A0A663F8S9	-	13.28
A0A663LK54	-	13.06
A0A663MKP2	-	13.44
A0A663N6M7	-	12.67
A0A665TU57	-	13.30
A0A665TYB5	-	13.39
A0A665TZR3	-	13.45
A0A665U046	-	13.37
A0A665U0D6	-	13.54
A0A665U148	-	13.40
A0A665U9J9	-	12.92
A0A665VJ79	-	19.46
A0A665VJD2	-	17.01
A0A665VJD5	-	16.81
A0A665VJI1	-	19.41
A0A665VJL9	-	19.29
A0A665VKE3	-	19.06
A0A665VKL7	-	19.38
A0A665WH07	-	12.88
A0A665WHE5	-	12.77
A0A665WIL5	-	12.86
A0A665XFK3	-	12.74
A0A667FF98	-	13.28
A0A667G1E1	-	NA
A0A667H6R7	-	13.11
A0A667IST4	-	12.79
A0A667WTC3	-	13.18
A0A667WZ85	-	13.21
A0A667WZT2	-	13.26
A0A667X0R0	-	13.31
A0A667X160	-	13.33
A0A667X6Y8	-	13.30
A0A667XA17	-	13.19
A0A667XEU1	-	12.85
A0A667XEU4	-	13.33
A0A667XPW3	-	12.85
A0A667XQH0	-	13.31
A0A667XQP1	-	13.34
A0A667YFA1	-	12.65
A0A668ANS8	-	12.89
A0A668AYE8	-	13.17
A0A668RFZ2	-	13.15
A0A668SIS1	-	13.26
A0A668UD14	-	13.14
A0A668UR65	-	12.81
A0A668UUG0	-	12.82
A0A668W7F3	-	12.68
A0A669AXP1	-	13.15
A0A669B127	-	13.27
A0A669BQW4	-	13.29
A0A669BSR5	-	12.70
A0A669C638	-	12.86
A0A669D4C4	-	12.78
A0A669DJW0	-	12.78
A0A669DP91	-	12.83
A0A669DWZ4	-	13.17
A0A669E765	-	12.86
A0A669EAH2	-	13.21
A0A669FAS7	-	13.30
A0A669PHP5	-	12.88
A0A669Q7H4	-	13.34
A0A669R556	-	13.02
A0A670HUN9	-	13.31
A0A670I545	-	13.38
A0A670KAE6	-	12.72
A0A670XVL6	-	13.15
A0A670XVN6	-	13.12
A0A670XWE0	-	14.84
A0A670XYW8	-	13.18
A0A670Y2S1	-	14.59
A0A670Y3N1	-	15.01
A0A670Y5K8	-	13.65
A0A670ZVN6	-	12.76
A0A670ZW10	-	12.85
A0A670ZW57	-	12.76
A0A670ZW77	-	12.86
A0A670ZW96	-	12.71
A0A670ZW98	-	12.76
A0A671E1F7	-	13.07
A0A671EY51	-	13.22
A0A671FHE9	-	13.13
A0A671MMQ9	-	13.09
A0A671MN49	-	12.79
A0A671PP77	-	13.09
A0A671RCF0	-	12.81
A0A671T7B1	-	13.23
A0A671T9Q6	-	13.19
A0A671TND9	-	13.31
A0A671TPX1	-	13.29
A0A671VD38	-	13.06
A0A671VQB1	-	13.26
A0A671VV29	-	13.29
A0A671WVF1	-	12.69
A0A671Y496	-	12.94
A0A671Y4D2	-	12.94
A0A671Y698	-	12.89
A0A671Y6A2	-	12.94
A0A671YA04	-	12.93
A0A672FSM1	-	13.06
A0A672GTU3	-	12.72
A0A672GYZ6	-	13.33
A0A672H0N2	-	12.98
A0A672H757	-	13.47
A0A672H7A4	-	13.39
A0A672H8F4	-	13.31
A0A672H8F8	-	13.43
A0A672H8N6	-	13.45
A0A672H8P5	-	13.29
A0A672H926	-	13.41
A0A672H9G5	-	13.36
A0A672I3L1	-	12.77
A0A672JTY7	-	13.20
A0A672KG43	-	14.93
A0A672KJU6	-	12.83
A0A672KL58	-	12.51
A0A672KQ55	-	12.79
A0A672L388	-	12.88
A0A672MGC5	-	NA
A0A672ML46	-	NA
A0A672PGR2	-	13.03
A0A672QH36	-	13.31
A0A672QH91	-	13.24
A0A672RWJ5	-	12.80
A0A672U0X5	-	13.05
A0A672UD84	-	13.30
A0A672V193	-	12.70
A0A673AEK6	-	18.71
A0A673AFK8	-	14.95
A0A673AFN2	-	13.59
A0A673AHE4	-	18.80
A0A673AIA6	-	13.57
A0A673AIS6	-	12.87
A0A673AV93	-	13.32
A0A673AVA6	-	NA
A0A673AVA7	-	13.29
A0A673AYN8	-	13.29
A0A673AZ69	-	13.24
A0A673BSE7	-	13.02
A0A673C1G4	-	13.06
A0A673CR05	-	12.82
A0A673G286	-	12.94
A0A673G725	-	13.03
A0A673H014	-	13.18
A0A673H1I6	-	13.16
A0A673HRB3	-	13.10
A0A673IAG4	-	15.14
A0A673J673	-	12.81
A0A673TDB7	-	13.31
A0A673TE51	-	13.11
A0A673U120	-	12.79
A0A673W5Q9	-	13.22
A0A673W637	-	13.36
A0A673WEQ2	-	13.20
A0A673WFV0	-	13.24
A0A673Y7A8	-	13.15
A0A673Y7I0	-	13.16
A0A673ZF61	-	13.31
A0A673ZZ45	-	12.82
A0A674A0U1	-	12.84
A0A674A171	-	12.84
A0A674B4C9	-	12.84
A0A674CR84	-	13.35
A0A674F411	-	13.16
A0A674F415	-	13.22
A0A674F478	-	13.29
A0A674F483	-	13.25
A0A674F4R0	-	12.74
A0A674F4Y2	-	13.16
A0A674F5V9	-	13.12
A0A674F5W4	-	13.19
A0A674F5W9	-	13.14
A0A674JM30	-	12.80
A0A674JPX4	-	13.21
A0A674KBX0	-	13.15
A0A674KBX7	-	13.27
A0A679DYJ4	C*	9.18
A0A679EKB9	C	3.08
A0A679EKI1	C	3.18
A0A679EKP8	C	2.95
A0A679FRT0	C	2.83
A0A698XLH0	C	2.86
A0A6A1Q2N6	-	13.18
A0A6A1UJ49	C	2.74
A0A6A2YCC7	C	3.11
A0A6A2Z3X8	C	2.78
A0A6A2ZDM7	C	2.81
A0A6A2ZER6	C	2.88
A0A6A3C8W3	C	2.91
A0A6A3CHA3	C	3.33
A0A6A3CU56	C	2.90
A0A6A3DEX7	-	12.48
A0A6A3DNP7	-	12.37
A0A6A3E910	-	12.56
A0A6A3EYQ9	-	NA
A0A6A3F4L5	-	12.27
A0A6A3FBU7	-	NA
A0A6A3GQY2	-	11.84
A0A6A3GT16	-	12.01
A0A6A3H6F4	-	12.41
A0A6A3H818	-	12.51
A0A6A3HD34	-	12.43
A0A6A3HLB0	-	NA
A0A6A3I422	-	12.54
A0A6A3I5Y6	-	21.86
A0A6A3ID73	-	12.53
A0A6A3IIH7	-	12.56
A0A6A3INY4	-	12.39
A0A6A3IQC5	-	12.63
A0A6A3IZK2	-	12.36
A0A6A3KYJ9	-	12.18
A0A6A3L3S8	-	NA
A0A6A3MUA3	-	NA
A0A6A3N2Q4	-	12.25
A0A6A3NDJ9	-	NA
A0A6A3P3Z3	-	11.93
A0A6A3PYA1	-	12.40
A0A6A3PYG5	-	12.55
A0A6A3Q4B5	-	NA
A0A6A3QF27	-	12.49
A0A6A3SNW2	-	12.22
A0A6A3T4C2	-	12.65
A0A6A3VUU9	-	12.45
A0A6A3VZF6	-	12.49
A0A6A3WT82	-	12.65
A0A6A3XBP4	-	12.54
A0A6A3XGY8	-	21.90
A0A6A4B3R7	-	11.99
A0A6A4BF22	-	12.54
A0A6A4CBV5	-	12.45
A0A6A4CRB3	-	12.59
A0A6A4D4C1	-	12.51
A0A6A4E140	-	NA
A0A6A4EYK2	-	11.95
A0A6A4FCV0	-	12.29
A0A6A4G489	-	NA
A0A6A4HHG2	C	2.64
A0A6A4HP64	-	NA
A0A6A4LX91	C	2.77
A0A6A4NQJ9	C	3.08
A0A6A4NRZ3	C	2.87
A0A6A4RSM0	-	13.29
A0A6A4S5F3	-	13.32
A0A6A4SE70	-	12.88
A0A6A4SGB1	-	12.78
A0A6A4XPI4	-	12.59
A0A6A4Z1Y6	-	11.57
A0A6A4Z4G4	-	11.75
A0A6A4Z4Y2	-	11.85
A0A6A4Z8A7	-	11.98
A0A6A4ZAE7	-	12.46
A0A6A4ZEX0	-	11.72
A0A6A4ZGA7	-	11.81
A0A6A4ZVI5	-	10.69
A0A6A4ZWX8	-	12.07
A0A6A4ZX03	-	12.48
A0A6A5A976	-	11.35
A0A6A5ADG0	-	11.75
A0A6A5AI68	-	12.04
A0A6A5AMC3	-	11.79
A0A6A5ES45	-	13.46
A0A6A5EXM7	-	13.03
A0A6A5EY24	-	12.64
A0A6A5F1T6	-	13.21
A0A6A5FMJ6	-	12.98
A0A6A5GSC2	-	11.11
A0A6A5GZC1	-	14.05
A0A6A5H5S5	-	14.23
A0A6A5HLE3	-	17.55
A0A6A5HNH2	-	11.61
A0A6A5HU37	-	13.12
A0A6A5K094	-	23.21
A0A6A5K0W2	-	22.70
A0A6A5K5U6	-	15.11
A0A6A5K856	C	3.48
A0A6A5KEV9	-	22.41
A0A6A5KGL5	-	19.21
A0A6A5KLE5	-	15.36
A0A6A5KNT6	-	20.69
A0A6A5KTX3	C*	3.74
A0A6A5KWS5	-	15.84
A0A6A5NZT8	C	2.75
A0A6A5Q6R0	C*	3.67
A0A6A5Q7R1	-	15.01
A0A6A5QEX2	-	15.36
A0A6A5QMV1	C	3.21
A0A6A5QPJ9	-	19.03
A0A6A5QQA4	-	20.58
A0A6A5R0I7	C	2.67
A0A6A5R6A8	-	22.44
A0A6A5R8S8	C*	3.65
A0A6A5RB29	-	15.03
A0A6A5RD21	-	22.60
A0A6A5RGT9	-	15.21
A0A6A5RHT0	-	14.86
A0A6A5RPF7	-	23.01
A0A6A5RSY7	C	3.06
A0A6A5RYQ0	C*	4.02
A0A6A5S296	-	22.90
A0A6A5S8W2	-	15.73
A0A6A5S9R3	C*	3.63
A0A6A5SAC8	-	21.70
A0A6A5SBT6	-	23.00
A0A6A5SIC2	-	22.87
A0A6A5SMN4	-	22.97
A0A6A5SRS0	-	19.85
A0A6A5SRV8	-	14.99
A0A6A5SUG0	-	17.28
A0A6A5T3M9	C*	3.62
A0A6A5T3N3	-	23.66
A0A6A5TDN7	C	3.04
A0A6A5TIJ7	-	NA
A0A6A5TJH6	-	19.76
A0A6A5TKT5	C	3.05
A0A6A5TLC8	-	22.15
A0A6A5TLY8	-	NA
A0A6A5TM62	-	13.84
A0A6A5TTZ9	-	21.66
A0A6A5TY20	-	15.31
A0A6A5U0D1	-	15.58
A0A6A5U3L8	C	3.44
A0A6A5U3X8	-	22.84
A0A6A5U9F7	-	22.47
A0A6A5UAI5	-	22.83
A0A6A5UEY6	-	23.10
A0A6A5UG02	-	21.41
A0A6A5UJR7	-	20.16
A0A6A5UNM1	-	NA
A0A6A5UP97	-	22.42
A0A6A5UQF6	C	3.35
A0A6A5UW98	-	19.94
A0A6A5UY04	-	15.20
A0A6A5V9S9	C	2.92
A0A6A5VBL3	C	3.33
A0A6A5VEE5	-	22.98
A0A6A5VIY0	-	15.49
A0A6A5VK30	-	NA
A0A6A5VR23	C	2.93
A0A6A5VTJ4	-	22.72
A0A6A5VXR6	-	18.10
A0A6A5VYQ3	-	21.81
A0A6A5W0S4	-	15.17
A0A6A5W1H6	C	3.45
A0A6A5W2X8	-	23.18
A0A6A5WAJ2	C	3.43
A0A6A5WB06	C	3.01
A0A6A5WCT1	-	23.10
A0A6A5WD58	-	22.23
A0A6A5WGP5	C	2.77
A0A6A5WHX4	C*	3.63
A0A6A5WJZ6	C	2.86
A0A6A5WM82	-	20.44
A0A6A5WN34	-	15.14
A0A6A5WSA6	-	22.69
A0A6A5WT48	C*	3.95
A0A6A5WWQ4	-	19.75
A0A6A5WZ58	C	2.44
A0A6A5WZS6	-	23.14
A0A6A5X6Q7	C	3.21
A0A6A5X7U0	-	15.23
A0A6A5XCY2	-	19.59
A0A6A5XFW1	-	NA
A0A6A5XGX1	C*	3.70
A0A6A5XIH6	-	15.17
A0A6A5XM88	-	NA
A0A6A5XQP9	-	22.90
A0A6A5XX45	-	22.49
A0A6A5XXR1	-	23.08
A0A6A5XYI7	-	20.46
A0A6A5Y322	C	2.70
A0A6A5Y4J9	-	23.30
A0A6A5Y6Y8	C	2.98
A0A6A5Y9G4	-	22.97
A0A6A5YDP4	C	3.30
A0A6A5YFF5	-	15.08
A0A6A5YHD3	C	2.77
A0A6A5YJL3	-	NA
A0A6A5YP59	C	2.90
A0A6A5YQ89	-	22.96
A0A6A5YQI4	-	15.54
A0A6A5YUY1	-	19.65
A0A6A5YY18	-	23.47
A0A6A5YZS0	-	22.50
A0A6A5Z3S0	C	3.06
A0A6A5Z7L4	C*	3.64
A0A6A5Z917	-	22.86
A0A6A5ZAH0	C	2.95
A0A6A5ZCU3	-	22.03
A0A6A5ZPV6	-	NA
A0A6A5ZWD5	C	3.04
A0A6A6A168	-	22.96
A0A6A6A423	-	14.74
A0A6A6A665	-	22.13
A0A6A6A6Q1	-	14.94
A0A6A6ACS6	-	15.05
A0A6A6AE22	C*	3.56
A0A6A6AEL2	C	3.18
A0A6A6AG30	-	16.14
A0A6A6AI16	-	20.81
A0A6A6AJ64	-	20.25
A0A6A6AM28	C*	3.84
A0A6A6AS90	C	3.33
A0A6A6AXD8	C*	3.58
A0A6A6B4Z2	-	22.98
A0A6A6B666	-	23.04
A0A6A6BKX9	-	NA
A0A6A6BQV3	-	23.02
A0A6A6BTK6	C*	4.12
A0A6A6BWL9	-	22.33
A0A6A6C255	-	14.76
A0A6A6C2M9	-	NA
A0A6A6C4J6	-	16.12
A0A6A6CA62	-	15.36
A0A6A6CAJ8	-	NA
A0A6A6CBF1	-	NA
A0A6A6CD45	C*	3.56
A0A6A6CER1	-	17.84
A0A6A6CLW1	C	3.33
A0A6A6CM00	-	15.41
A0A6A6CMY4	-	18.71
A0A6A6CQV7	-	22.03
A0A6A6CTG2	-	22.78
A0A6A6D3V8	-	NA
A0A6A6D6R6	-	22.28
A0A6A6DEK0	C*	3.66
A0A6A6DLH7	C	3.24
A0A6A6DM46	-	15.19
A0A6A6DR93	-	22.57
A0A6A6DV68	-	NA
A0A6A6E0T2	-	23.07
A0A6A6E2R4	C	3.21
A0A6A6E5D0	C	2.83
A0A6A6E6S2	-	19.66
A0A6A6EBE5	-	15.42
A0A6A6EEF7	-	23.17
A0A6A6EQ99	-	22.89
A0A6A6EQB3	-	16.22
A0A6A6EVU5	C	3.13
A0A6A6F5L3	-	14.01
A0A6A6F6K8	C	2.78
A0A6A6F7N9	-	15.86
A0A6A6FAF8	-	12.40
A0A6A6FAF9	C	3.07
A0A6A6FCC6	-	15.61
A0A6A6FIZ2	C	2.69
A0A6A6FJM6	C*	3.98
A0A6A6FLC5	-	23.18
A0A6A6FQE2	-	22.82
A0A6A6FY46	C*	6.56
A0A6A6G5D8	-	22.56
A0A6A6GBI3	-	18.99
A0A6A6GKR1	-	22.94
A0A6A6GQR0	C	3.24
A0A6A6GR42	-	22.65
A0A6A6GXG8	-	22.67
A0A6A6H4U9	-	NA
A0A6A6H9P3	C	3.49
A0A6A6HHK4	-	NA
A0A6A6HPD6	C	3.50
A0A6A6I429	C*	3.72
A0A6A6I9W4	-	22.86
A0A6A6IAG2	-	19.73
A0A6A6IAN5	-	23.13
A0A6A6IDK5	-	23.04
A0A6A6IDS4	-	NA
A0A6A6IGR9	-	15.51
A0A6A6IHC2	-	16.11
A0A6A6IP09	-	23.85
A0A6A6IQS2	C	2.79
A0A6A6IQV5	-	15.25
A0A6A6IR15	C	3.02
A0A6A6IW08	-	15.34
A0A6A6IXE0	-	22.72
A0A6A6J6X7	-	20.78
A0A6A6J781	C	2.70
A0A6A6JAY1	-	NA
A0A6A6JCN2	-	19.55
A0A6A6JJV2	-	17.86
A0A6A6JKI9	-	23.08
A0A6A6JMV6	-	23.10
A0A6A6JN94	-	NA
A0A6A6JNJ7	-	15.14
A0A6A6JPR8	-	15.14
A0A6A6JQ96	C	3.48
A0A6A6JR23	C	2.83
A0A6A6JT26	-	15.32
A0A6A6JZL4	-	21.98
A0A6A6LPJ9	C	2.78
A0A6A6LUP7	C	2.86
A0A6A6NKK1	C	2.79
A0A6A6NPE1	C	3.14
A0A6A6NZ05	-	22.47
A0A6A6P305	-	23.47
A0A6A6P320	-	22.46
A0A6A6P8E7	C	3.09
A0A6A6PDQ3	C*	3.80
A0A6A6PJ23	C	3.33
A0A6A6PR78	C	3.46
A0A6A6PYD6	C	3.46
A0A6A6Q3X4	C	3.13
A0A6A6QI61	-	22.39
A0A6A6QIV8	-	22.01
A0A6A6QJA3	C	2.77
A0A6A6QKJ9	-	21.90
A0A6A6QQ52	-	18.99
A0A6A6QUQ7	C	3.31
A0A6A6R1S1	C	3.36
A0A6A6RBG0	C	3.32
A0A6A6RBJ0	C	3.38
A0A6A6RFR4	-	NA
A0A6A6RIC1	-	15.80
A0A6A6RIQ2	-	22.94
A0A6A6RLB0	-	22.78
A0A6A6RQ29	C	3.00
A0A6A6RWM4	C	2.75
A0A6A6RY10	-	22.91
A0A6A6S3A1	C	3.01
A0A6A6S676	-	23.17
A0A6A6S6N2	C	2.81
A0A6A6S7G3	-	22.30
A0A6A6S8L1	C	2.96
A0A6A6SBX8	-	22.43
A0A6A6SCR1	-	19.89
A0A6A6SDH1	-	15.79
A0A6A6SGY9	-	22.07
A0A6A6SH51	-	21.32
A0A6A6SVM2	C*	3.93
A0A6A6T0I7	-	15.25
A0A6A6T3E4	-	16.15
A0A6A6T8Z8	-	15.00
A0A6A6TBA0	C	3.20
A0A6A6TBX0	-	22.86
A0A6A6TJE9	-	21.89
A0A6A6TPG7	C	3.14
A0A6A6TQ10	C	3.45
A0A6A6TQG5	-	19.79
A0A6A6TSU5	-	NA
A0A6A6TTQ5	-	23.17
A0A6A6TV45	-	NA
A0A6A6TY72	-	21.51
A0A6A6TZ24	C	3.00
A0A6A6TZQ7	-	21.45
A0A6A6U210	-	10.79
A0A6A6U4B6	-	11.66
A0A6A6U8W6	-	23.10
A0A6A6UAE3	-	21.50
A0A6A6UE26	-	21.77
A0A6A6UN72	-	22.08
A0A6A6UW36	-	7.89
A0A6A6UY51	-	21.77
A0A6A6UZ41	-	15.21
A0A6A6V089	-	20.34
A0A6A6V0K1	-	22.55
A0A6A6V5W2	-	22.39
A0A6A6V5Z2	-	23.15
A0A6A6V958	-	22.62
A0A6A6V9C0	-	NA
A0A6A6V9L9	-	22.46
A0A6A6VF46	-	NA
A0A6A6VF80	-	19.01
A0A6A6VHS6	-	22.18
A0A6A6VI08	C	3.02
A0A6A6VK76	C	3.26
A0A6A6VLY7	C	3.42
A0A6A6VMY9	-	NA
A0A6A6VN24	-	22.66
A0A6A6VNE3	-	22.91
A0A6A6VQF8	-	23.12
A0A6A6VQH4	C	2.89
A0A6A6VQM8	-	20.66
A0A6A6VU64	-	NA
A0A6A6VVH4	C	3.46
A0A6A6VYK2	-	22.82
A0A6A6VZ00	-	22.77
A0A6A6VZ40	C	2.95
A0A6A6W082	-	11.17
A0A6A6W7X2	C	2.78
A0A6A6W8L4	C	3.07
A0A6A6WC88	C	3.37
A0A6A6WEL2	C	3.08
A0A6A6WGM4	-	21.84
A0A6A6WID7	-	22.43
A0A6A6WLA0	C*	3.61
A0A6A6WR08	-	22.46
A0A6A6WRF1	-	19.57
A0A6A6WW42	-	10.36
A0A6A6WXQ7	-	23.47
A0A6A6WZP5	C	3.27
A0A6A6X2A2	C	2.94
A0A6A6X7P0	-	23.71
A0A6A6X7P3	-	15.81
A0A6A6X999	C	2.94
A0A6A6XB01	C*	3.81
A0A6A6XFI0	-	22.73
A0A6A6XJN7	C	3.31
A0A6A6XLB1	-	15.20
A0A6A6XLR7	-	NA
A0A6A6XS31	-	23.01
A0A6A6XS33	C	2.99
A0A6A6XX71	C	2.84
A0A6A6YDA9	-	22.81
A0A6A6YIB0	C	2.82
A0A6A6YIL2	-	NA
A0A6A6YP93	-	22.43
A0A6A6Z455	C*	3.71
A0A6A6Z4Q4	C*	3.54
A0A6A6ZDY1	-	22.84
A0A6A6ZI63	-	23.49
A0A6A6ZN76	C	2.96
A0A6A6ZNN4	-	20.21
A0A6A6ZQQ8	-	19.14
A0A6A6ZWE4	-	22.37
A0A6A6ZWM6	-	22.88
A0A6A7A461	C*	3.82
A0A6A7A961	-	15.73
A0A6A7AAR3	-	15.19
A0A6A7AAT9	-	20.51
A0A6A7AEL9	-	22.90
A0A6A7AGA7	C*	3.93
A0A6A7AHW1	-	20.58
A0A6A7AQI4	C*	3.51
A0A6A7ARS2	-	22.21
A0A6A7AZ98	-	17.44
A0A6A7AZP2	C	2.91
A0A6A7AZY7	-	21.30
A0A6A7B1V5	C*	3.54
A0A6A7BAH6	-	22.84
A0A6A7BAZ2	-	20.07
A0A6A7BCJ9	-	15.03
A0A6A7BE86	-	23.03
A0A6A7BFT5	-	21.93
A0A6A7BLX6	-	NA
A0A6A7BNR0	-	15.46
A0A6A7BQY5	C	2.87
A0A6A7C352	-	22.96
A0A6A7CAG9	C	3.32
A0A6B0RVB9	-	13.30
A0A6B0RY59	-	12.83
A0A6B2KZT0	-	21.58
A0A6B2KZX3	-	21.53
A0A6B2L294	-	21.07
A0A6B2LE82	-	20.04
A0A6B3BLP6	-	15.76
A0A6B3N9A7	C	3.21
A0A6B3QF73	-	NA
A0A6B7E5P4	-	17.37
A0A6B7JF49	C	2.79
A0A6B7JGJ4	C	2.92
A0A6B7JI39	C	2.81
A0A6B9QJU3	-	11.40
A0A6B9QKL4	-	17.86
A0A6B9T1N3	-	13.13
A0A6C0DSE9	C	2.84
A0A6C0HAV6	C*	9.23
A0A6C0HB65	-	11.50
A0A6C0HC93	C*	9.38
A0A6C0HZK6	C	3.38
A0A6C0K5N7	C	3.36
A0A6C0KGS2	-	11.52
A0A6C0KH90	C*	9.47
A0A6C0KIT8	C*	9.43
A0A6C0KJH1	C*	9.34
A0A6C0KJY2	C*	9.27
A0A6C0KKI0	-	11.39
A0A6C0KLD2	-	11.29
A0A6C0LRL9	C*	9.28
A0A6C0LRQ4	-	11.54
A0A6C0LTM3	C*	9.41
A0A6D2WLM4	-	13.23
A0A6D2X2W5	-	12.81
A0A6D2XP49	-	13.48
A0A6D2XS77	-	13.18
A0A6F8Z1C0	C	2.78
A0A6F8Z1G5	C	2.86
A0A6F8Z1L8	C	2.87
A0A6F8Z1U3	C	2.88
A0A6F8Z232	C	2.78
A0A6F9DX11	C*	10.25
A0A6G0HIY7	-	12.63
A0A6G0I8F6	-	13.28
A0A6G0IV78	-	13.17
A0A6G0IVE0	-	13.15
A0A6G0J6V0	-	13.22
A0A6G0J8P5	-	12.88
A0A6G0JMA7	-	12.58
A0A6G0JRR3	-	NA
A0A6G0K2D7	-	12.37
A0A6G0LGN8	-	12.30
A0A6G0LHA8	-	NA
A0A6G0MHL7	-	12.59
A0A6G0MHQ7	-	12.57
A0A6G0QAM8	-	12.42
A0A6G0QBL9	-	12.46
A0A6G0QBV8	-	12.54
A0A6G0QTC5	-	21.94
A0A6G0S364	-	NA
A0A6G0S6W0	-	12.36
A0A6G0SFH3	-	11.93
A0A6G0SNM6	-	12.04
A0A6G0WB52	-	NA
A0A6G0WF35	-	11.33
A0A6G0WG51	-	11.59
A0A6G0WYR1	-	11.60
A0A6G0X2P4	-	11.83
A0A6G0XE75	-	11.88
A0A6G0XEC3	-	11.99
A0A6G0XI62	-	NA
A0A6G0XPY3	-	12.19
A0A6G0XR43	-	12.01
A0A6G0XRD8	-	11.90
A0A6G1A822	-	12.88
A0A6G1AEW7	-	13.35
A0A6G1AYL9	-	13.11
A0A6G1BWY8	C	2.93
A0A6G1E2C8	C	2.78
A0A6G1FV90	-	15.59
A0A6G1FWN2	-	22.39
A0A6G1G481	-	18.05
A0A6G1G9W7	-	21.68
A0A6G1GCC6	-	15.32
A0A6G1GDK8	-	22.85
A0A6G1GF28	-	23.12
A0A6G1GF50	C*	4.09
A0A6G1GRW5	C	3.02
A0A6G1GZN1	C	3.38
A0A6G1HB05	-	21.93
A0A6G1HLY0	C	2.80
A0A6G1HNC2	-	22.47
A0A6G1HWI3	-	21.93
A0A6G1HXT1	-	15.38
A0A6G1I2N2	C	3.30
A0A6G1ICP7	-	19.91
A0A6G1IEP5	-	NA
A0A6G1INJ0	-	15.49
A0A6G1INV5	-	22.96
A0A6G1IP66	-	23.48
A0A6G1IS47	-	23.28
A0A6G1IV16	C	3.06
A0A6G1J3Y1	-	15.33
A0A6G1J6M2	C	2.88
A0A6G1J7S0	-	22.90
A0A6G1JIY4	C	2.80
A0A6G1JJB9	C	3.02
A0A6G1JNJ9	-	22.87
A0A6G1JVD0	-	14.79
A0A6G1JXQ0	C	2.98
A0A6G1JZ99	C*	3.58
A0A6G1K394	C	3.13
A0A6G1K5L0	-	19.54
A0A6G1K7W6	-	23.22
A0A6G1K9L2	C	2.76
A0A6G1KA37	-	22.80
A0A6G1KF51	C	3.32
A0A6G1KGG9	-	NA
A0A6G1KJP5	-	15.85
A0A6G1KL30	-	21.66
A0A6G1KL79	-	23.34
A0A6G1KSI8	-	22.63
A0A6G1KYM2	C*	5.37
A0A6G1L2W6	-	23.10
A0A6G1L478	C*	6.45
A0A6G1LGU8	-	23.09
A0A6G1LHH1	C	3.23
A0A6G1LLW4	C	2.81
A0A6G1M4C9	-	23.10
A0A6G1M512	-	13.32
A0A6G1M8L0	C	2.70
A0A6G1M965	-	22.47
A0A6G1M972	-	NA
A0A6G1M9F9	C	3.33
A0A6G1M9S3	C	2.94
A0A6G1MDZ6	C*	3.56
A0A6G1MEA1	C	3.21
A0A6G1MF13	C	3.33
A0A6G1PBM0	-	12.85
A0A6G1PX29	-	13.28
A0A6G1Q602	-	12.74
A0A6G1QSV4	-	13.39
A0A6G1WVI3	C	3.22
A0A6G1WVT7	C	3.12
A0A6G2BAK0	-	15.64
A0A6G3QMT4	-	NA
A0A6G3QQS6	-	NA
A0A6G3SJU9	-	NA
A0A6G3SR61	-	13.81
A0A6G3TIK1	-	NA
A0A6G3TZD7	-	NA
A0A6G3U4F3	-	NA
A0A6G3WLB2	-	NA
A0A6G3XVA8	-	NA
A0A6G4QTK5	-	NA
A0A6G4QY69	C	3.37
A0A6G5R847	-	NA
A0A6G5RE05	-	NA
A0A6G6B0Q9	C	2.88
A0A6G8RXV7	C	3.32
A0A6G9GST2	-	NA
A0A6H0XMS2	C	3.46
A0A6H0XNI2	C	3.41
A0A6H0XRQ1	-	22.81
A0A6H0XTV7	C	2.93
A0A6H0Y3Z6	-	NA
A0A6H1TH00	-	NA
A0A6H1TJ97	-	NA
A0A6H9UQ49	-	15.85
A0A6H9V3S2	-	10.58
A0A6H9V4A5	-	NA
A0A6I1HWZ8	C	3.40
A0A6I3KHZ9	C*	3.85
A0A6I3M9Z3	C*	3.78
A0A6I3X362	-	NA
A0A6I4IFE6	C	3.10
A0A6I4UYJ6	C*	3.66
A0A6I6FB52	-	NA
A0A6I6FNW6	-	NA
A0A6I6MXA4	-	NA
A0A6I6N418	-	NA
A0A6I6N6T5	-	NA
A0A6I8N5Z5	-	13.26
A0A6I8NC50	-	13.17
A0A6I8NZZ4	-	13.15
A0A6I8QAH5	-	13.60
A0A6I8S8C5	-	12.80
A0A6I9HDZ3	-	13.12
A0A6I9HI68	-	12.73
A0A6I9IHY3	-	13.31
A0A6I9IQT4	-	13.13
A0A6I9LQ25	-	12.93
A0A6I9LW38	-	13.11
A0A6I9MDC2	-	13.26
A0A6I9MZ41	-	12.71
A0A6I9NBZ5	-	13.21
A0A6I9PFY4	-	12.86
A0A6I9PRF8	-	13.34
A0A6I9QIW5	C	3.34
A0A6I9QKC4	C	2.72
A0A6I9QKJ4	C	2.90
A0A6I9RDH9	C	3.32
A0A6I9RIE5	C	2.87
A0A6I9SZN0	C	3.38
A0A6I9TD70	C	2.96
A0A6I9TDV3	C	2.96
A0A6I9TFW5	C	2.81
A0A6I9TH13	C	2.81
A0A6I9TIN4	C	3.03
A0A6I9UDT3	C	2.76
A0A6I9UDU9	C	2.84
A0A6I9UES7	C	2.81
A0A6I9UJ96	C	2.82
A0A6I9X224	-	12.61
A0A6I9XAN8	-	13.22
A0A6I9ZH81	-	13.11
A0A6I9ZTC4	-	12.77
A0A6J0A597	-	13.33
A0A6J0HNC8	-	13.11
A0A6J0HSI8	-	13.26
A0A6J0IIC8	-	12.83
A0A6J0SQE0	-	12.77
A0A6J0SW19	-	13.43
A0A6J0V519	-	13.28
A0A6J0WLF0	-	13.25
A0A6J0WVF2	-	13.24
A0A6J1AGY1	C	3.27
A0A6J1AIX9	C	3.28
A0A6J1B4U6	C*	9.22
A0A6J1B6E3	C	2.77
A0A6J1B6Y7	C	2.97
A0A6J1B7B5	C	2.76
A0A6J1BLU4	-	NA
A0A6J1CGK8	C	2.74
A0A6J1EGP5	C	2.92
A0A6J1EMV7	C	2.91
A0A6J1GRK5	C	3.09
A0A6J1K2N9	C	3.00
A0A6J1KJD3	C	2.90
A0A6J1KRC0	C	2.96
A0A6J1UHZ7	-	12.62
A0A6J1UXM9	-	13.11
A0A6J2BWW7	-	13.05
A0A6J2CVM5	-	13.27
A0A6J2ES63	-	12.88
A0A6J2GYQ9	-	13.34
A0A6J2IKT7	-	12.83
A0A6J2IKU3	-	13.19
A0A6J2M440	-	13.20
A0A6J2MIL9	-	12.76
A0A6J2MT63	-	13.30
A0A6J2Q2T7	-	12.94
A0A6J2Q5N3	-	12.97
A0A6J2QUR9	-	13.16
A0A6J2R1J1	-	13.28
A0A6J2RMT7	-	12.79
A0A6J2RXQ1	-	13.24
A0A6J2VLV0	-	13.10
A0A6J2VVP9	-	12.79
A0A6J2WAJ1	-	13.20
A0A6J2WEP8	-	12.80
A0A6J2WV06	-	13.36
A0A6J3E978	-	13.39
A0A6J3EJK3	-	12.79
A0A6J3ELG3	-	12.99
A0A6J3HUM0	-	13.21
A0A6J3JC16	-	13.15
A0A6J3JNQ6	-	12.85
A0A6J3LV43	C	3.40
A0A6J3LW51	C*	3.64
A0A6J3LWY9	C	2.98
A0A6J3M5I3	-	22.00
A0A6J3MCD2	-	6.80
A0A6J3MCF2	-	14.96
A0A6J3MIN3	C	3.48
A0A6J4HUK3	C	3.29
A0A6J4N0K6	C	3.23
A0A6J4QLW3	-	16.08
A0A6J4THU7	C	3.01
A0A6J4TRP8	C	3.34
A0A6J5CVK2	C	3.34
A0A6J5UL59	C	2.85
A0A6J5VMN1	C	3.47
A0A6J5VS35	C	2.97
A0A6J5WXB6	C	2.92
A0A6J5X158	C	2.78
A0A6J5X2R9	C	2.73
A0A6J5X364	C	2.86
A0A6J5X5P2	C	2.96
A0A6J5X623	C	2.80
A0A6J5Y3P4	C	2.76
A0A6J8A749	-	11.37
A0A6J8AZI7	-	NA
A0A6J8BNB1	-	15.85
A0A6J8BQ47	-	17.37
A0A6J8BR51	-	13.30
A0A6J8BTM0	-	17.33
A0A6J8C361	-	10.16
A0A6J8CCA4	-	12.41
A0A6J8CDZ2	-	12.62
A0A6J8CIC7	-	22.21
A0A6J8CIH9	-	14.57
A0A6J8CIJ4	-	10.56
A0A6J8CIJ8	-	11.13
A0A6J8CJF7	-	NA
A0A6J8CJI4	-	11.76
A0A6J8CKE6	-	10.65
A0A6J8CL61	-	15.90
A0A6J8CMB6	-	10.87
A0A6J8CMR4	-	11.81
A0A6J8CNM0	-	NA
A0A6J8CYS7	C*	8.08
A0A6J8CZL5	-	NA
A0A6J8D799	-	12.96
A0A6J8DAY9	-	13.78
A0A6J8DKI0	-	16.56
A0A6J8DL31	-	9.91
A0A6J8DM21	-	10.92
A0A6J8DNG4	-	16.24
A0A6J8DNP7	-	16.53
A0A6J8DQJ1	-	16.91
A0A6J8E5E4	-	19.41
A0A6J8E8F7	-	11.61
A0A6J8E904	-	12.40
A0A6J8E972	-	17.12
A0A6J8EA39	-	12.30
A0A6J8EA73	-	12.25
A0A6J8EAN0	-	NA
A0A6J8ECF0	-	17.18
A0A6J8EIX1	-	10.84
A0A6J8ENF3	-	15.73
A0A6J8ETS6	-	12.23
A0A6J8EUT2	-	10.77
A0A6J8EWF6	-	16.30
A0A6J8EWK6	-	16.20
A0A6L2KES0	C	2.86
A0A6L3MXS3	C	3.45
A0A6L5HX34	C	3.22
A0A6L6VHS5	C	3.11
A0A6L6WYS5	-	15.83
A0A6L6X4Y8	-	NA
A0A6L7GYJ8	C	3.21
A0A6L9E9N5	C	3.24
A0A6M0RPD5	C	3.39
A0A6M0SI45	C	3.46
A0A6M2EWV4	C	2.84
A0A6M2F2L3	C	2.84
A0A6M2F4W8	C	2.81
A0A6M3Z7I9	-	12.80
A0A6M4PQD2	-	NA
A0A6M4PSG3	-	NA
A0A6M4WI55	-	NA
A0A6M4WV60	-	NA
A0A6M5YW59	C	3.47
A0A6M6DP70	-	NA
A0A6M8NXE9	-	13.65
A0A6N1APE8	C	3.24
A0A6N2AKH8	C	2.83
A0A6N2ALI0	C	2.89
A0A6N2ALR9	C	3.00
A0A6N2ANX6	C	2.86
A0A6N2B2V5	C	2.89
A0A6N2CBM7	C	3.11
A0A6N2KGZ7	C	2.91
A0A6N2KNK4	C	2.94
A0A6N2KVB3	C	2.86
A0A6N2NH22	C	3.03
A0A6N6JP54	C	3.42
A0A6N7KV80	-	NA
A0A6N7L0B2	C*	9.35
A0A6N8FVU8	C	3.10
A0A6N9T3N7	C*	3.69
A0A6N9U3A4	-	NA
A0A6N9UN96	-	NA
A0A6N9VB05	-	NA
A0A6P0UFZ0	-	33.24
A0A6P0UL92	-	32.16
A0A6P1BIH4	C	3.39
A0A6P2C4L1	-	16.00
A0A6P2D548	C*	3.50
A0A6P2ID10	C*	3.54
A0A6P2M5N1	C*	3.68
A0A6P2TWT9	C*	3.66
A0A6P2WMV0	C	3.35
A0A6P2XBC7	C*	3.83
A0A6P2YXH6	C	3.46
A0A6P3EM25	-	13.05
A0A6P3ETL0	-	12.90
A0A6P3FKC4	-	13.19
A0A6P3HNW9	-	13.33
A0A6P3HXY8	-	13.36
A0A6P3I3N4	-	13.23
A0A6P3IUI9	-	12.83
A0A6P3PYB1	-	13.26
A0A6P3QC37	-	13.03
A0A6P3QQH8	-	13.08
A0A6P3RFC7	-	12.78
A0A6P3VT16	-	13.23
A0A6P3W1X2	-	12.46
A0A6P3YXQ8	C	2.68
A0A6P3YY59	C	2.90
A0A6P4C4R2	C	2.87
A0A6P4CRV9	C	2.75
A0A6P4CY22	C	2.88
A0A6P4CZR3	C	2.82
A0A6P4D463	C	2.84
A0A6P4D7K5	C	2.94
A0A6P4XRW3	C*	13.23
A0A6P4Y7G1	-	13.40
A0A6P4YGM5	-	13.18
A0A6P4YP62	C*	13.34
A0A6P4YV80	C*	13.50
A0A6P4ZCR3	-	NA
A0A6P4ZW15	-	13.37
A0A6P5A764	-	13.28
A0A6P5AGC0	-	13.30
A0A6P5ATF9	-	13.23
A0A6P5C7F9	-	12.85
A0A6P5CQM7	-	13.29
A0A6P5G1C1	C	2.83
A0A6P5GAN2	C	2.85
A0A6P5IH15	-	13.29
A0A6P5J2K7	-	12.72
A0A6P5L107	-	13.18
A0A6P5MV04	C	2.72
A0A6P5PJQ9	-	12.84
A0A6P5Q8G7	-	13.21
A0A6P5QYZ9	-	13.27
A0A6P5TSP4	C	2.92
A0A6P5TUG1	C	2.88
A0A6P5TUS8	C	2.70
A0A6P5TUU8	C	2.83
A0A6P5TUV6	C	2.76
A0A6P5TVH0	C	2.85
A0A6P5U5T0	C	3.36
A0A6P5WWI1	C	3.10
A0A6P5WYD0	C	2.84
A0A6P5XCY6	C	3.04
A0A6P5XY90	C	2.93
A0A6P6ABN5	C	3.12
A0A6P6BJY7	C	2.86
A0A6P6HWD8	-	13.23
A0A6P6I7U8	-	12.89
A0A6P6I7X4	-	12.77
A0A6P6I8I8	-	12.81
A0A6P6IAZ8	-	13.15
A0A6P6JJR2	-	12.79
A0A6P6LDT2	-	13.09
A0A6P6PH11	-	13.10
A0A6P6PSJ1	-	12.74
A0A6P6PTF3	-	13.05
A0A6P6Q1G2	-	13.27
A0A6P6QVS9	-	13.12
A0A6P6S967	C	3.23
A0A6P6SCZ9	C	2.84
A0A6P6SD00	C	2.97
A0A6P6SDP1	C	2.85
A0A6P6SDQ3	C	2.82
A0A6P6SDS1	C	2.85
A0A6P6SDS2	C	2.92
A0A6P6SFS2	C	2.93
A0A6P6VKZ6	C*	4.49
A0A6P6VQA2	C	2.73
A0A6P6W324	C	2.69
A0A6P6W329	C	2.74
A0A6P6W8K5	C	2.73
A0A6P7HLH2	-	13.28
A0A6P7HX38	-	12.94
A0A6P7I321	-	12.87
A0A6P7JDS1	-	13.16
A0A6P7JLN0	-	13.43
A0A6P7K693	-	12.72
A0A6P7LD16	-	13.27
A0A6P7LE96	-	13.43
A0A6P7LXQ7	-	12.80
A0A6P7LYR8	-	12.82
A0A6P7NI18	-	12.97
A0A6P7PDL3	-	13.39
A0A6P7PG57	-	13.15
A0A6P7S550	-	9.94
A0A6P7S5R8	-	14.36
A0A6P7S5V1	-	13.30
A0A6P7S7A7	-	12.57
A0A6P7S7Y8	-	13.61
A0A6P7S851	-	10.93
A0A6P7T4X6	C*	13.88
A0A6P7TQ10	-	13.80
A0A6P7WYI7	-	12.71
A0A6P7XRU2	-	12.82
A0A6P7XSA6	-	13.39
A0A6P8AME8	-	14.49
A0A6P8AU99	C	3.35
A0A6P8AYP6	-	20.40
A0A6P8AZ63	-	16.43
A0A6P8AZF3	-	22.19
A0A6P8B315	-	21.86
A0A6P8B4K3	-	22.49
A0A6P8BBR4	C	2.95
A0A6P8BEE0	-	15.46
A0A6P8BIK3	-	22.14
A0A6P8BJH6	-	17.23
A0A6P8BK20	-	15.62
A0A6P8BKM3	-	21.64
A0A6P8BLM6	-	23.02
A0A6P8BM78	-	23.89
A0A6P8DXG6	C	2.77
A0A6P8H174	-	12.72
A0A6P8HAX5	-	10.94
A0A6P8HXM1	-	11.00
A0A6P8I080	-	10.97
A0A6P8I0S2	-	10.95
A0A6P8I208	-	NA
A0A6P8I583	-	10.68
A0A6P8IBZ1	-	13.15
A0A6P8IFD5	-	19.05
A0A6P8IFJ7	-	19.17
A0A6P8ITZ4	-	15.05
A0A6P8IWU9	-	11.41
A0A6P8IXP5	-	15.19
A0A6P8IXU5	-	15.24
A0A6P8RID2	-	13.41
A0A6P8RJ23	-	12.84
A0A6P8RJZ1	-	12.80
A0A6P8SWS2	-	13.07
A0A6P8SWX4	-	13.42
A0A6P8T6M3	-	12.82
A0A6P8TMZ0	-	12.85
A0A6P8TY54	-	13.24
A0A6P8VSU0	-	12.83
A0A6P9BEB3	-	12.72
A0A6P9C0R9	-	13.36
A0A6P9C0T3	-	13.30
A0A6P9EZ62	-	15.72
A0A6Q2X341	-	13.00
A0A6Q2XIH0	-	13.25
A0A6Q2XKY1	-	13.18
A0A6Q2XLM6	-	12.83
A0A6Q2XXP6	-	13.24
A0A6Q2XZA4	-	12.80
A0A6Q2Y715	-	12.81
A0A6Q2YPD2	-	13.23
A0A6Q2Z6S2	-	13.28
A0A6Q2ZF86	-	13.29
A0A6S4PWH0	-	13.19
A0A6S6V8B0	-	22.54
A0A6S6VNJ6	C	3.07
A0A6S6VU36	-	14.95
A0A6S6W4U5	-	23.16
A0A6S6W716	-	20.93
A0A6S6W8E6	-	22.84
A0A6S6W931	-	15.82
A0A6S6WEB6	-	16.12
A0A6S6WGC4	C*	3.97
A0A6S6WQV4	-	22.77
A0A6S7FV99	-	12.87
A0A6S7G5G2	C*	7.07
A0A6S7GH91	-	11.09
A0A6S7H2E1	-	21.39
A0A6S7H6Z2	-	10.67
A0A6S7HJV0	-	22.63
A0A6S7I642	-	NA
A0A6S7I8G6	C*	6.52
A0A6S7IGK9	-	11.41
A0A6S7IY75	-	11.33
A0A6S7JHK8	C*	6.05
A0A6S7JHU5	-	11.20
A0A6T7GM19	-	11.15
A0A6U1NCL5	C*	9.15
A0A6U3DTB7	-	16.22
A0A6V1RYI1	C*	10.80
A0A6V1TYR0	C*	9.52
A0A6V1U849	C*	9.22
A0A6V1V8T3	C*	9.28
A0A6V1WW05	C*	8.33
A0A6V6YMT0	C	3.13
A0A6V6YXL9	C*	3.92
A0A6V7QUF5	C	2.79
A0A6V7QWC5	C	2.76
A0A6V7QWY4	C	2.77
A0A6V7TIR8	-	18.30
A0A6V7TZ26	-	17.91
A0A6V7TZ29	C*	8.92
A0A6V7TZ71	-	10.51
A0A6V7TZH9	-	10.42
A0A6V7TZW7	-	7.09
A0A6V7TZX7	-	15.51
A0A6V7U0J2	-	9.85
A0A6V7U1J5	-	15.69
A0A6V7U2J9	-	13.26
A0A6V7UU52	-	11.10
A0A6V7V3L9	-	4.58
A0A6V7V401	-	13.11
A0A6V7V409	-	10.54
A0A6V7V5F6	C*	9.27
A0A6V7V5M4	-	13.27
A0A6V7VQU2	-	15.49
A0A6V7VT06	-	11.59
A0A6V7VXB7	-	13.24
A0A6V7W057	-	13.49
A0A6V7W4E8	-	14.10
A0A6V7W982	-	11.55
A0A6V7WY80	-	NA
A0A6V7X5C5	-	10.52
A0A6V7X5U8	-	10.46
A0A6V7X6U0	-	13.25
A0A6V7X733	-	17.57
A0A6V7XAT7	-	13.44
A0A6V7XRR8	-	13.91
A0A6V7XS50	-	16.03
A0A6V7Y6T9	-	9.87
A0A6V7Y981	-	13.27
A0A6V8HMJ9	-	21.67
A0A6V8R0R1	-	22.96
A0A7C8I2F1	C*	3.61
A0A7C8I610	-	15.38
A0A7C8I7T2	-	NA
A0A7C8I9R9	C	3.03
A0A7C8IE08	-	NA
A0A7C8IGQ8	-	15.04
A0A7C8IHL7	C*	3.96
A0A7C8IKH9	-	22.80
A0A7C8IMI0	-	22.97
A0A7C8INN8	-	14.51
A0A7C8INS5	-	22.91
A0A7C8IQU8	C	2.73
A0A7C8IT31	-	14.80
A0A7C8J186	-	NA
A0A7C8J7Y8	-	22.57
A0A7C8JBB6	-	22.46
A0A7C8JBD1	C	2.78
A0A7C8JDI9	C	3.39
A0A7C8JJK0	C	3.39
A0A7C8JJP1	C	3.24
A0A7C8JV30	-	13.27
A0A7C8K022	C	3.27
A0A7C8K5L1	C*	3.76
A0A7C8K8Z5	C	3.43
A0A7C8KBV7	-	23.14
A0A7C8KC07	C	3.25
A0A7C8KEE4	-	13.37
A0A7C8KIB9	C	2.81
A0A7C8KN05	C	3.34
A0A7C8KT55	-	23.03
A0A7C8M196	C	3.31
A0A7C8M1F0	-	22.66
A0A7C8M1Q1	-	NA
A0A7C8MA78	-	22.87
A0A7C8MC86	-	NA
A0A7C8MEQ8	C*	3.54
A0A7C8MI21	-	19.95
A0A7C8MIV3	-	19.01
A0A7C8MNV9	-	15.58
A0A7C8MQB2	-	23.01
A0A7C8MWQ0	-	22.20
A0A7C8MYP4	-	14.88
A0A7C8N8T9	-	13.28
A0A7C8NDA9	-	22.14
A0A7C8NDC7	C	3.37
A0A7C8NFL4	-	22.24
A0A7C8NGK3	-	NA
A0A7C8NGK8	C	2.95
A0A7C8NPI3	C	2.73
A0A7C8NPX5	-	23.10
A0A7C8NPY3	C	3.38
A0A7C8NTH6	-	22.42
A0A7C8NXU1	C	3.37
A0A7C8NYP8	C*	3.54
A0A7C8P2D4	C	2.96
A0A7C8P6Q1	C	3.22
A0A7C8PCL3	C	3.11
A0A7C8PHR6	C	3.15
A0A7C8PJK8	-	22.24
A0A7C8PUR3	C	3.19
A0A7C8PX01	-	NA
A0A7C8Q019	C	3.25
A0A7C8Q0E6	-	22.30
A0A7C8QK16	-	22.42
A0A7C8QK40	C	3.06
A0A7C8QPJ2	C	2.98
A0A7C8QXL5	C	3.36
A0A7C8QXT6	C	3.14
A0A7C8R885	C*	3.60
A0A7C8R9U8	C	2.70
A0A7C8RAE6	-	NA
A0A7C8RCZ8	-	22.34
A0A7C8RHI6	C	2.99
A0A7C8RKC7	C	3.30
A0A7C8RMH3	C	3.28
A0A7C8RPN7	C	3.30
A0A7C8TZL1	C	3.27
A0A7C8U0Y1	-	13.36
A0A7C8U3L5	C	3.00
A0A7C8U767	-	22.44
A0A7C8UF14	-	23.11
A0A7C8UG49	C	3.09
A0A7C8V132	-	17.47
A0A7C8V1V3	C	2.94
A0A7C8V238	-	23.05
A0A7C8V4F7	-	NA
A0A7C8V9B0	-	22.50
A0A7C8V9T5	-	22.47
A0A7C8VB42	-	13.27
A0A7C8VG14	C	3.50
A0A7C8VLB4	C	3.05
A0A7C8Z0D2	C	2.75
A0A7C9LY48	-	NA
A0A7C9M494	-	NA
A0A7D3Y0J0	C	3.22
A0A7D5G996	C	3.09
A0A7D5GHP5	C	2.92
A0A7D5JZ45	C	2.86
A0A7D5KJK5	C	2.86
A0A7D5L2D4	C	2.96
A0A7D5M6X3	-	28.92
A0A7D5V4M8	C	3.01
A0A7D5YT00	-	22.39
A0A7D5YT18	C*	6.98
A0A7D5YVH6	-	20.20
A0A7D5YXM1	C	3.16
A0A7D5Z0B1	-	NA
A0A7D5Z204	C	2.83
A0A7D5Z638	C*	3.58
A0A7D7A9L5	C	2.81
A0A7D8UJQ4	-	23.30
A0A7D8UM11	-	NA
A0A7D8UMM7	-	20.65
A0A7D8UYH4	C	2.74
A0A7D8YU95	C	3.15
A0A7D9D8S5	-	10.65
A0A7D9DB32	-	13.19
A0A7D9ED42	-	21.55
A0A7D9EQ06	C*	4.60
A0A7D9HJ43	C*	7.00
A0A7D9HKT2	-	10.88
A0A7D9HL30	-	13.09
A0A7D9IPL3	C*	5.97
A0A7D9IRV5	-	11.05
A0A7D9IU48	-	21.46
A0A7D9IUI2	-	21.49
A0A7D9J4R1	-	10.88
A0A7D9J5S3	-	11.23
A0A7E4VF65	-	16.92
A0A7E4VH69	-	18.06
A0A7E4W5S9	-	10.85
A0A7E4WAD2	-	14.39
A0A7E4ZX04	-	12.83
A0A7E6CJR0	-	13.23
A0A7E6EGY5	-	NA
A0A7E6EME7	-	11.39
A0A7E6ENM2	-	10.80
A0A7E6EPH5	-	7.87
A0A7E6EPK6	-	14.24
A0A7E6ER30	-	11.58
A0A7F8KE42	-	12.83
A0A7F8QT68	-	12.89
A0A7G1NBP1	-	NA
A0A7G1NNI4	-	NA
A0A7G1PA05	-	NA
A0A7G3URI1	-	NA
A0A7G5C193	-	15.88
A0A7G5H2T6	C*	3.67
A0A7G7BFV3	-	NA
A0A7G7XAD7	C	3.44
A0A7G8PBD5	C	3.23
A0A7G9QN50	C	3.30
A0A7H0HS39	-	15.25
A0A7H0HWV2	-	NA
A0A7H0IIN1	-	15.70
A0A7H0LH09	C	3.39
A0A7H1B831	-	15.48
A0A7H1MHD8	-	13.23
A0A7H1MHD9	-	13.27
A0A7H1Q4X0	-	NA
A0A7H2PW11	C*	3.52
A0A7H2PXL4	C	3.38
A0A7H2V328	C	3.38
A0A7H2XHW1	C*	3.65
A0A7H8QJ09	C*	6.83
A0A7H8QP42	C	3.31
A0A7H8QRN6	-	6.58
A0A7H8R1G7	C	3.41
A0A7H8R8H9	-	21.53
A0A7H8RB58	-	22.14
A0A7H8RBQ9	-	NA
A0A7H8TD73	-	NA
A0A7H8TK08	-	NA
A0A7I3ZAZ7	C*	3.82
A0A7I4A3E3	C	3.36
A0A7I4NJW8	-	18.26
A0A7I4XVJ2	-	11.51
A0A7I4XWD5	-	17.13
A0A7I4XYW3	-	17.30
A0A7I4Y9C2	-	14.29
A0A7I4YIC8	-	11.76
A0A7I5EA05	-	12.78
A0A7I8ITR4	C	2.92
A0A7I8JAS3	C	2.94
A0A7I8JAZ3	C	2.94
A0A7I8JD17	C	2.87
A0A7I8KJV7	C	2.90
A0A7I8KKF5	C	3.35
A0A7I8L253	C	3.11
A0A7I8L3A4	C	2.88
A0A7I8L486	C	2.88
A0A7I9W4C8	C	3.35
A0A7J0CC49	-	NA
A0A7J0CCQ1	-	15.90
A0A7J0E088	C	2.96
A0A7J0F049	C	2.79
A0A7J5D2K3	-	10.54
A0A7J5D4I5	-	NA
A0A7J5DBM0	-	13.39
A0A7J5XLF9	-	12.80
A0A7J5Y3H3	-	15.06
A0A7J5ZQC8	-	12.73
A0A7J6AJ19	-	13.01
A0A7J6AT51	-	13.10
A0A7J6AWZ0	-	13.12
A0A7J6CMY4	-	13.26
A0A7J6CT02	-	12.88
A0A7J6DJA2	-	12.81
A0A7J6EUI4	C	2.94
A0A7J6EUW8	C	2.86
A0A7J6EZF1	C	2.81
A0A7J6GE54	C	2.93
A0A7J6HFJ2	C	2.94
A0A7J6HTX3	C	2.84
A0A7J6IF95	-	22.73
A0A7J6II82	-	22.93
A0A7J6ITF9	-	22.71
A0A7J6IUN5	-	23.00
A0A7J6IVS7	-	22.17
A0A7J6IXY4	-	NA
A0A7J6J1N9	-	23.01
A0A7J6J5I0	-	NA
A0A7J6J5U3	-	14.29
A0A7J6JBY0	-	22.39
A0A7J6JPL9	-	NA
A0A7J6US79	C*	3.56
A0A7J6UTM6	-	NA
A0A7J6V6N7	C	3.37
A0A7J6VBU9	C	2.83
A0A7J6VGC8	C	2.95
A0A7J6VK32	C	2.83
A0A7J6WFH5	C	2.93
A0A7J6X6F8	C	2.96
A0A7J6X8X7	C	3.39
A0A7J7BZ93	C	2.98
A0A7J7BZA3	C	2.90
A0A7J7EAG6	-	12.88
A0A7J7GUX9	C	2.86
A0A7J7GVH6	C	2.75
A0A7J7GY73	C	3.23
A0A7J7J2C8	-	NA
A0A7J7L126	C	3.42
A0A7J7MFK5	C	3.19
A0A7J7MG66	C	2.73
A0A7J7MGC1	C	2.95
A0A7J7N7M0	C	2.89
A0A7J7NY73	C	2.67
A0A7J7NY85	C	2.83
A0A7J7NY94	C	3.07
A0A7J7URV0	-	12.80
A0A7J7VLC7	-	13.15
A0A7J7VT81	-	12.80
A0A7J7W4I4	-	12.89
A0A7J7X2K3	-	13.29
A0A7J7Z1H4	-	13.14
A0A7J7ZGX8	-	13.27
A0A7J7ZP73	-	13.12
A0A7J8DWG3	-	13.18
A0A7J8EH30	-	12.81
A0A7J8EWF3	-	13.06
A0A7J8GJS6	-	13.18
A0A7J8H8X7	-	13.21
A0A7J8IVX8	-	12.83
A0A7J8LXC4	C	3.31
A0A7J8LZG0	C	2.89
A0A7J8MVB0	C	3.22
A0A7J8MVH9	C	3.19
A0A7J8MXJ5	C	3.21
A0A7J8PC25	C	3.21
A0A7J8RKV6	C	3.22
A0A7J8RMV1	C	2.90
A0A7J8SL55	C	3.23
A0A7J8SLW2	C	3.19
A0A7J8SNY0	C	2.76
A0A7J8TIT6	C	2.92
A0A7J8UG10	C	3.28
A0A7J8UIR6	C	2.88
A0A7J8VIL6	C	3.19
A0A7J8VJI4	C	2.92
A0A7J8VK25	C	3.02
A0A7J8VK94	C	2.76
A0A7J8WDB2	C	3.18
A0A7J8Y4D5	C	2.96
A0A7J8Y4W9	C	2.92
A0A7J8Y586	C	2.81
A0A7J8Y5R6	C	2.82
A0A7J8Y631	C	2.74
A0A7J8Y6I9	C	2.82
A0A7J8ZL86	C	3.26
A0A7J8ZMH4	C	2.70
A0A7J8ZZ02	C*	3.63
A0A7J9AH22	C	3.19
A0A7J9AH80	C	3.04
A0A7J9AIA0	C	2.81
A0A7J9AIE8	C	2.81
A0A7J9BSD6	C	3.23
A0A7J9BUD6	C	2.76
A0A7J9CHP9	C	3.25
A0A7J9CHS6	C	3.21
A0A7J9CIK1	-	NA
A0A7J9E070	C	3.39
A0A7J9E2S8	C	2.85
A0A7J9EF70	C	3.37
A0A7J9EYM6	C	3.24
A0A7J9EZV1	C	2.76
A0A7J9F0I4	C	3.21
A0A7J9F1T9	C	2.85
A0A7J9GNT4	C	3.25
A0A7J9GRC7	C	2.82
A0A7J9HMB7	C	3.29
A0A7J9HNL0	C	2.88
A0A7J9HNL9	C	2.86
A0A7J9HPH0	C	2.76
A0A7J9HQ07	C	3.17
A0A7J9J501	C	3.17
A0A7J9JIE7	C	3.41
A0A7J9JZ04	C	3.20
A0A7J9JZ70	C	3.19
A0A7J9K0B4	C	3.03
A0A7J9K117	C	2.75
A0A7J9LVA7	C	3.34
A0A7J9MAI5	C	3.20
A0A7J9MC20	C	3.47
A0A7J9MDZ8	C	2.91
A0A7J9MF11	C	2.79
A0A7J9NBA3	C	2.79
A0A7K0C9D4	-	15.79
A0A7K1RCN1	C	3.33
A0A7K1U4P8	C	3.18
A0A7K3PLC0	-	NA
A0A7K3QZS7	-	NA
A0A7K3RDA9	-	13.71
A0A7K3RYY9	-	NA
A0A7K4IWR2	-	12.68
A0A7K4J192	-	13.18
A0A7K4JDM9	-	13.29
A0A7K4JYK1	-	13.48
A0A7K4K5T6	-	12.72
A0A7K4KL67	-	13.14
A0A7K4LK52	-	12.78
A0A7K4LM31	-	13.44
A0A7K4M033	-	13.08
A0A7K4PFP2	-	12.63
A0A7K4PV44	-	13.47
A0A7K4Q1E6	-	12.96
A0A7K4R2Q6	-	13.28
A0A7K4R7X4	-	13.07
A0A7K4REM3	-	12.81
A0A7K4RR87	-	13.43
A0A7K4RT77	-	13.01
A0A7K4S3I9	-	12.68
A0A7K4T2Y4	-	13.39
A0A7K4T5Q7	-	13.01
A0A7K4TRL8	-	13.08
A0A7K4UJ77	-	12.78
A0A7K4ULA2	-	13.38
A0A7K4UW73	-	13.40
A0A7K4UX05	-	13.07
A0A7K4VSD2	-	12.73
A0A7K4W062	-	13.33
A0A7K4WDT6	-	12.92
A0A7K4WKY7	-	12.80
A0A7K4XR99	-	13.01
A0A7K4XU50	-	13.42
A0A7K4Y7A9	-	13.05
A0A7K4YR05	-	13.29
A0A7K4YYA5	-	12.73
A0A7K4ZG86	-	13.04
A0A7K4ZSQ1	-	12.74
A0A7K4ZX98	-	13.45
A0A7K5AXP8	-	13.33
A0A7K5BFK9	-	13.04
A0A7K5BKU5	-	13.49
A0A7K5BX09	-	13.01
A0A7K5BZF7	-	12.75
A0A7K5CUS3	-	13.30
A0A7K5DD51	-	13.06
A0A7K5DVV1	-	12.75
A0A7K5EJ12	-	13.01
A0A7K5ELW5	-	13.34
A0A7K5FKR5	-	13.24
A0A7K5FKY3	-	12.72
A0A7K5FRT9	-	10.64
A0A7K5G7N5	-	13.04
A0A7K5GJF0	-	13.33
A0A7K5H484	-	12.70
A0A7K5HBT4	-	13.06
A0A7K5HGF8	-	12.68
A0A7K5HXS5	-	13.37
A0A7K5IZ95	-	13.06
A0A7K5J7E1	-	13.48
A0A7K5JBY3	-	12.77
A0A7K5JRY8	-	13.28
A0A7K5K0A7	-	13.06
A0A7K5K660	-	12.72
A0A7K5KUW8	-	13.12
A0A7K5LQC5	-	13.35
A0A7K5M3T6	-	13.39
A0A7K5M889	-	13.06
A0A7K5N9A6	-	13.34
A0A7K5NP48	-	13.07
A0A7K5NX62	-	12.75
A0A7K5P3S4	-	13.00
A0A7K5P543	-	13.40
A0A7K5PF64	-	12.71
A0A7K5Q8H9	-	13.00
A0A7K5QFG8	-	12.77
A0A7K5QI23	-	13.40
A0A7K5RHP1	-	13.38
A0A7K5RUH2	-	12.74
A0A7K5SBD0	-	13.08
A0A7K5T7E1	-	13.34
A0A7K5T9K7	-	13.18
A0A7K5TKC5	-	12.73
A0A7K5TXZ7	-	12.79
A0A7K5TZS9	-	13.31
A0A7K5U9P2	-	13.12
A0A7K5UVM6	-	13.00
A0A7K5V7R9	-	12.74
A0A7K5V7Y2	-	13.43
A0A7K5WF20	-	13.33
A0A7K5WQH9	-	12.75
A0A7K5X955	-	13.05
A0A7K5XD63	-	12.70
A0A7K5XS10	-	13.33
A0A7K5YP76	-	12.71
A0A7K5YRF1	-	13.43
A0A7K5YSB2	-	13.15
A0A7K5ZL37	-	13.02
A0A7K5ZND8	-	13.33
A0A7K6A4S3	-	12.71
A0A7K6AKM6	-	13.01
A0A7K6AP01	-	12.81
A0A7K6AYP9	-	13.27
A0A7K6C5P7	-	12.75
A0A7K6C6V5	-	13.03
A0A7K6CNF9	-	13.47
A0A7K6CRA7	-	12.73
A0A7K6DBV6	-	13.40
A0A7K6DCB6	-	13.02
A0A7K6E2B8	-	12.68
A0A7K6EDS7	-	13.42
A0A7K6EJ74	-	13.07
A0A7K6F3T6	-	13.05
A0A7K6FUT0	-	13.41
A0A7K6G183	-	12.77
A0A7K6GF04	-	12.77
A0A7K6GLA2	-	13.00
A0A7K6GXV9	-	13.43
A0A7K6HTJ4	-	13.44
A0A7K6HWW5	-	12.70
A0A7K6IFE7	-	13.04
A0A7K6IUS7	-	13.07
A0A7K6IUT7	-	12.74
A0A7K6JN09	-	13.35
A0A7K6JVQ5	-	13.02
A0A7K6KCX1	-	12.67
A0A7K6KFC9	-	13.48
A0A7K6KSV0	-	13.38
A0A7K6KUR1	-	13.06
A0A7K6L755	-	12.62
A0A7K6MGQ7	-	13.44
A0A7K6MM84	-	12.73
A0A7K6MTE8	-	13.19
A0A7K6N4G9	-	13.41
A0A7K6NB33	-	13.03
A0A7K6NBD3	-	12.70
A0A7K6PLK2	-	12.70
A0A7K6PQE0	-	13.45
A0A7K6PSU0	-	13.04
A0A7K6QEH7	-	13.43
A0A7K6QHN2	-	12.65
A0A7K6QTK7	-	13.02
A0A7K6RQY1	-	13.42
A0A7K6SDM4	-	13.03
A0A7K6TDP5	-	13.01
A0A7K6TKH7	-	13.37
A0A7K6U1U1	-	12.86
A0A7K6U4S0	-	13.28
A0A7K6U618	-	13.25
A0A7K6UZ60	-	13.01
A0A7K6V032	-	13.35
A0A7K6WFL7	-	13.32
A0A7K6WGG0	-	12.84
A0A7K6WQZ2	-	13.01
A0A7K6XH36	-	13.08
A0A7K6XT41	-	13.29
A0A7K6XTS5	-	12.76
A0A7K6Y9M2	-	12.77
A0A7K6Z622	-	13.09
A0A7K6Z8W6	-	13.36
A0A7K6ZSB5	-	12.80
A0A7K6ZWK6	-	13.06
A0A7K6ZWY2	-	13.42
A0A7K7AIN1	-	12.81
A0A7K7B193	-	13.06
A0A7K7B6J0	-	13.36
A0A7K7BQZ9	-	13.34
A0A7K7C148	-	12.76
A0A7K7C452	-	13.04
A0A7K7CUG3	-	12.72
A0A7K7CWS6	-	13.46
A0A7K7CWX8	-	13.02
A0A7K7E8F7	-	13.37
A0A7K7ED05	-	12.72
A0A7K7EMA8	-	13.05
A0A7K7EZ47	-	12.70
A0A7K7FP69	-	13.39
A0A7K7FQB3	-	13.09
A0A7K7GC87	-	12.83
A0A7K7GG39	-	13.02
A0A7K7GS50	-	13.38
A0A7K7I7U2	-	13.03
A0A7K7IAG4	-	13.35
A0A7K7J8F9	-	12.77
A0A7K7JQ00	-	13.44
A0A7K7K517	-	13.02
A0A7K7KA02	-	12.70
A0A7K7L7Z8	-	13.43
A0A7K7LN57	-	12.79
A0A7K7LPX5	-	12.98
A0A7K7ML66	-	13.09
A0A7K7MLP1	-	13.46
A0A7K7NLD0	-	12.72
A0A7K7NMI7	-	13.38
A0A7K7P3Z9	-	13.03
A0A7K7P778	-	13.37
A0A7K7PL37	-	12.73
A0A7K7Q815	-	13.37
A0A7K7QDU7	-	13.03
A0A7K7QK55	-	12.74
A0A7K7RDM5	-	12.75
A0A7K7RMY2	-	12.99
A0A7K7RZM1	-	NA
A0A7K7T9B0	-	12.84
A0A7K7TC10	-	13.43
A0A7K7TM25	-	13.06
A0A7K7TNX5	-	12.72
A0A7K7TRE0	-	13.37
A0A7K7V9J4	-	13.11
A0A7K7VBF6	-	12.75
A0A7K7VEK3	-	13.44
A0A7K7VZU2	-	13.46
A0A7K7W3G5	-	13.11
A0A7K7W3L7	-	12.83
A0A7K7XEP7	-	12.75
A0A7K7XKX7	-	13.45
A0A7K7YJB3	-	12.98
A0A7K7YNR5	-	12.74
A0A7K7YW99	-	13.32
A0A7K7ZCJ3	-	13.35
A0A7K7ZJT5	-	12.69
A0A7K8A1H9	-	12.99
A0A7K8AFF2	-	13.01
A0A7K8APG4	-	12.74
A0A7K8AXY9	-	13.34
A0A7K8BN17	-	13.45
A0A7K8C890	-	12.74
A0A7K8CNI4	-	13.04
A0A7K8DHJ7	-	13.41
A0A7K8DJQ0	-	13.01
A0A7K8DLW2	-	12.68
A0A7K8ED66	-	13.05
A0A7K8ET63	-	12.77
A0A7K8EUB4	-	13.27
A0A7K8EVI0	-	12.85
A0A7K8F2Q8	-	13.37
A0A7K8FDC7	-	13.03
A0A7K8G597	-	13.36
A0A7K8GX76	-	12.74
A0A7K8GXQ2	-	13.02
A0A7K8HL61	-	13.39
A0A7K8HZF1	-	13.02
A0A7K8I842	-	12.71
A0A7K8IBU2	-	12.75
A0A7K8ICN7	-	13.43
A0A7K8IFP9	-	13.08
A0A7K8JNC2	-	12.97
A0A7K8JYJ3	-	13.39
A0A7K8K578	-	12.74
A0A7K8KZA8	-	13.30
A0A7K8L116	-	12.99
A0A7K8LBD2	-	12.75
A0A7K8LR09	-	13.04
A0A7K8LYL8	-	13.41
A0A7K8M561	-	12.72
A0A7K8NBA7	-	13.44
A0A7K8NG81	-	12.71
A0A7K8NHT2	-	12.97
A0A7K8PGQ7	-	12.73
A0A7K8PGU2	-	13.37
A0A7K8PNM3	-	13.02
A0A7K8QFD0	-	13.06
A0A7K8QS69	-	13.35
A0A7K8RF24	-	13.04
A0A7K8RX68	-	13.41
A0A7K8SUU7	-	13.02
A0A7K8TDF9	-	12.71
A0A7K8U429	-	13.15
A0A7K8U8M0	-	13.32
A0A7K8UA59	-	12.69
A0A7K8URN5	-	13.12
A0A7K8V446	-	12.62
A0A7K8VYV9	-	13.30
A0A7K8WCE2	-	12.72
A0A7K8WR57	-	12.99
A0A7K8XM26	-	12.82
A0A7K8XP12	-	13.05
A0A7K8Y361	-	13.44
A0A7K8YCK8	-	12.73
A0A7K8Z7X4	-	13.28
A0A7K8Z955	-	13.09
A0A7K8ZDK7	-	12.68
A0A7K8ZLM7	-	13.04
A0A7K8ZQQ3	-	13.22
A0A7K9AQT6	-	13.48
A0A7K9AST9	-	13.03
A0A7K9BFT1	-	12.79
A0A7K9CBN6	-	12.75
A0A7K9CEY6	-	13.00
A0A7K9CGN6	-	13.45
A0A7K9D8K6	-	13.17
A0A7K9DDD6	-	12.83
A0A7K9DGA3	-	13.42
A0A7K9DVH1	-	13.00
A0A7K9E428	-	13.30
A0A7K9E455	-	12.72
A0A7K9FAI8	-	12.71
A0A7K9FEN0	-	13.36
A0A7K9FWU2	-	13.08
A0A7K9GNX4	-	13.42
A0A7K9GQZ3	-	13.08
A0A7K9H3X5	-	12.79
A0A7K9HBM5	-	13.41
A0A7K9HMM0	-	12.70
A0A7K9I3K5	-	13.06
A0A7K9J1H8	-	13.33
A0A7K9J542	-	13.01
A0A7K9J5M2	-	12.76
A0A7K9K554	-	13.04
A0A7K9K590	-	12.77
A0A7K9KF69	-	13.32
A0A7K9KWE0	-	13.29
A0A7K9LA62	-	13.00
A0A7K9LIB2	-	12.76
A0A7K9M7L3	-	13.28
A0A7K9M7R1	-	12.72
A0A7K9MNP7	-	13.15
A0A7K9MZB2	-	13.34
A0A7K9N7B9	-	12.73
A0A7K9N7C6	-	13.04
A0A7K9PX33	-	13.36
A0A7K9QLW6	-	12.72
A0A7K9QT35	-	13.03
A0A7K9QU57	-	13.36
A0A7K9RI88	-	13.08
A0A7K9RKF2	-	12.76
A0A7K9RZ42	-	13.36
A0A7K9SMQ3	-	12.69
A0A7K9T7R5	-	13.37
A0A7K9T7V9	-	13.09
A0A7K9TYV8	-	13.42
A0A7K9U6U8	-	12.82
A0A7K9UCJ9	-	12.99
A0A7K9UPL5	-	12.75
A0A7K9V4Z3	-	13.02
A0A7K9VIE7	-	13.41
A0A7K9W591	-	13.38
A0A7K9WEC9	-	13.06
A0A7K9WIS0	-	12.74
A0A7K9XKA6	-	13.40
A0A7K9XPQ6	-	12.79
A0A7K9XVE4	-	13.11
A0A7K9YGZ6	-	13.03
A0A7K9YM37	-	12.75
A0A7K9YUW9	-	13.40
A0A7K9ZB87	-	13.09
A0A7K9ZED2	-	12.69
A0A7K9ZLF6	-	13.37
A0A7L0AL25	-	13.11
A0A7L0B1Z3	-	12.77
A0A7L0B2T3	-	13.25
A0A7L0BG14	-	13.06
A0A7L0BZ96	-	12.73
A0A7L0C8Z6	-	13.36
A0A7L0CH15	-	13.03
A0A7L0CXM6	-	12.62
A0A7L0D5Y2	-	13.32
A0A7L0E2B5	-	13.41
A0A7L0E9R7	-	12.99
A0A7L0ESF5	-	12.84
A0A7L0FJX2	-	13.08
A0A7L0FRN5	-	12.73
A0A7L0FZW3	-	13.42
A0A7L0GC78	-	13.03
A0A7L0GRV2	-	13.28
A0A7L0H0Y2	-	12.76
A0A7L0HK59	-	12.69
A0A7L0HQE4	-	13.35
A0A7L0I4L2	-	13.06
A0A7L0INV5	-	13.04
A0A7L0IP32	-	12.73
A0A7L0IV34	-	13.31
A0A7L0JK12	-	13.39
A0A7L0K5E2	-	13.04
A0A7L0K639	-	12.71
A0A7L0KUR2	-	13.01
A0A7L0KV55	-	13.36
A0A7L0KWC2	-	12.70
A0A7L0LZK5	-	13.42
A0A7L0MEN2	-	13.02
A0A7L0MR51	-	13.01
A0A7L0MWW3	-	13.06
A0A7L0N556	-	12.71
A0A7L0NFQ3	-	13.32
A0A7L0PCK2	-	13.38
A0A7L0PKS7	-	13.03
A0A7L0QIA3	-	12.71
A0A7L0QN90	-	13.42
A0A7L0QZT4	-	13.03
A0A7L0S0P4	-	13.11
A0A7L0S180	-	12.69
A0A7L0S3P8	-	13.45
A0A7L0T0Q2	-	13.05
A0A7L0TFU8	-	13.31
A0A7L0TGK3	-	12.66
A0A7L0U6D7	-	13.35
A0A7L0U734	-	13.11
A0A7L0UKC5	-	12.87
A0A7L0UWP5	-	13.03
A0A7L0VIF4	-	12.77
A0A7L0VU62	-	13.35
A0A7L0W2E0	-	13.03
A0A7L0W5J0	-	13.35
A0A7L0WCC8	-	12.76
A0A7L0X9D6	-	13.11
A0A7L0Y6V9	-	12.73
A0A7L0YT98	-	13.05
A0A7L0ZCP6	-	13.31
A0A7L0ZR40	-	12.82
A0A7L1A126	-	13.05
A0A7L1ATW9	-	13.45
A0A7L1B467	-	12.75
A0A7L1BA52	-	13.05
A0A7L1CDX9	-	13.48
A0A7L1CEI4	-	12.76
A0A7L1CHE3	-	13.08
A0A7L1CKW9	-	12.66
A0A7L1CV28	-	13.05
A0A7L1D6I3	-	13.46
A0A7L1E050	-	13.41
A0A7L1EPK8	-	12.75
A0A7L1F781	-	13.33
A0A7L1FRB9	-	12.74
A0A7L1FRH6	-	13.07
A0A7L1GQI7	-	13.10
A0A7L1GWZ9	-	12.74
A0A7L1GYD3	-	13.35
A0A7L1HG09	-	13.02
A0A7L1HN82	-	12.68
A0A7L1HQV6	-	13.41
A0A7L1ID37	-	12.76
A0A7L1IHS7	-	13.02
A0A7L1IVN4	-	13.34
A0A7L1JS29	-	13.12
A0A7L1JU38	-	13.35
A0A7L1KE61	-	12.69
A0A7L1KXN1	-	12.99
A0A7L1KYW6	-	12.66
A0A7L1LCC0	-	13.42
A0A7L1LPW5	-	13.32
A0A7L1M223	-	13.15
A0A7L1M379	-	13.13
A0A7L1N0R0	-	13.42
A0A7L1NBF2	-	12.84
A0A7L1NL85	-	13.08
A0A7L1PCF1	-	13.01
A0A7L1PG34	-	13.37
A0A7L1PMV3	-	12.74
A0A7L1QMB0	-	13.43
A0A7L1QSS9	-	13.07
A0A7L1QUL2	-	12.71
A0A7L1REL0	-	12.95
A0A7L1S2L1	-	13.39
A0A7L1SA63	-	12.59
A0A7L1SEC2	-	13.01
A0A7L1STX6	-	13.39
A0A7L1T906	-	12.75
A0A7L1TZ87	-	12.79
A0A7L1TZI8	-	13.41
A0A7L1UKS4	-	13.02
A0A7L1UZX1	-	13.00
A0A7L1VAL2	-	13.44
A0A7L1VDM1	-	12.68
A0A7L1VVA3	-	13.05
A0A7L1VWX7	-	13.46
A0A7L1WQE6	-	12.74
A0A7L1X1M9	-	13.37
A0A7L1X974	-	13.03
A0A7L1XKT7	-	12.76
A0A7L1Y416	-	13.07
A0A7L1YMN5	-	12.74
A0A7L1Z5A0	-	13.43
A0A7L1ZBV2	-	13.04
A0A7L1ZMW2	-	12.75
A0A7L1ZTF1	-	13.19
A0A7L2A9R9	-	13.05
A0A7L2ANV7	-	13.36
A0A7L2B5H9	-	12.69
A0A7L2BP46	-	13.49
A0A7L2BPE5	-	13.03
A0A7L2CCL0	-	12.76
A0A7L2CNQ2	-	12.73
A0A7L2CQD7	-	13.05
A0A7L2DF47	-	13.41
A0A7L2EEX7	-	13.06
A0A7L2EJF2	-	13.40
A0A7L2EM86	-	12.75
A0A7L2EUG7	-	13.45
A0A7L2FHT0	-	12.72
A0A7L2FIA8	-	13.04
A0A7L2G8D3	-	13.02
A0A7L2GAV7	-	13.36
A0A7L2H0M8	-	12.81
A0A7L2HN11	-	12.79
A0A7L2HPT2	-	13.08
A0A7L2I330	-	13.44
A0A7L2IJB7	-	13.32
A0A7L2J091	-	13.37
A0A7L2J302	-	13.01
A0A7L2KIV0	-	13.40
A0A7L2KTA1	-	13.06
A0A7L2KYV0	-	12.71
A0A7L2LCJ2	-	13.03
A0A7L2LH74	-	12.75
A0A7L2M4M1	-	13.43
A0A7L2MBV5	-	13.34
A0A7L2ME30	-	12.72
A0A7L2NPT8	-	12.76
A0A7L2NYA8	-	13.07
A0A7L2P458	-	13.41
A0A7L2PSY7	-	12.75
A0A7L2QB16	-	13.36
A0A7L2RJ89	-	13.46
A0A7L2RRH8	-	12.71
A0A7L2S605	-	12.75
A0A7L2SMW7	-	13.29
A0A7L2TXS7	-	13.34
A0A7L2TZL4	-	12.75
A0A7L2UES8	-	13.26
A0A7L2UMM8	-	13.06
A0A7L2V9Q3	-	13.38
A0A7L2VHJ1	-	13.07
A0A7L2VME6	-	12.77
A0A7L2W4K9	-	13.43
A0A7L2WMC0	-	13.04
A0A7L2XQ04	-	13.42
A0A7L2Y2B3	-	12.73
A0A7L2Y957	-	13.12
A0A7L2YLU2	-	13.32
A0A7L2ZK99	-	13.06
A0A7L3A0T2	-	13.39
A0A7L3ASD3	-	13.11
A0A7L3BAG4	-	13.37
A0A7L3BE99	-	12.74
A0A7L3BWI7	-	12.72
A0A7L3CBN5	-	13.38
A0A7L3CLE8	-	13.11
A0A7L3D4U6	-	13.03
A0A7L3DA69	-	12.71
A0A7L3DHE2	-	13.30
A0A7L3E7A6	-	13.33
A0A7L3EDA7	-	13.01
A0A7L3F3R9	-	13.07
A0A7L3FZB7	-	13.35
A0A7L3G376	-	13.32
A0A7L3H565	-	13.35
A0A7L3HGN1	-	12.72
A0A7L3HGQ1	-	12.99
A0A7L3ICB1	-	12.73
A0A7L3II55	-	13.08
A0A7L3IMJ1	-	13.35
A0A7L3JB49	-	13.34
A0A7L3JDC3	-	12.68
A0A7L3K5H2	-	12.97
A0A7L3KC56	-	12.74
A0A7L3KS66	-	13.37
A0A7L3LBG2	-	12.76
A0A7L3N3B3	-	13.10
A0A7L3N7G5	-	12.75
A0A7L3NKI9	-	13.30
A0A7L3P790	-	13.32
A0A7L3PYR3	-	12.79
A0A7L3Q0B1	-	13.05
A0A7L3QSU1	-	13.37
A0A7L3R603	-	12.71
A0A7L3RDQ2	-	12.70
A0A7L3RH59	-	13.41
A0A7L3RLN6	-	13.05
A0A7L3SSK2	-	13.09
A0A7L3T1J1	-	12.75
A0A7L3TU19	-	13.39
A0A7L3UE00	-	12.73
A0A7L3UGW8	-	13.03
A0A7L3UUS7	-	12.72
A0A7L3VCU4	-	13.12
A0A7L3VGL6	-	13.45
A0A7L3W3X9	-	12.67
A0A7L3WYQ2	-	13.39
A0A7L3XQE2	-	13.35
A0A7L3Y7R9	-	12.75
A0A7L3Z0N5	-	13.37
A0A7L3Z4N6	-	13.16
A0A7L3ZX04	-	13.49
A0A7L3ZX88	-	13.09
A0A7L4AAE6	-	12.78
A0A7L4B2A4	-	13.35
A0A7L4B9W3	-	13.14
A0A7L4C0D6	-	12.97
A0A7L4CAL0	-	13.37
A0A7L4D2P2	-	13.36
A0A7L4DEH0	-	13.02
A0A7L4DSA9	-	12.84
A0A7L4E176	-	13.05
A0A7L4E408	-	12.72
A0A7L4EMH8	-	13.40
A0A7L4F899	-	13.46
A0A7L4FPS7	-	12.74
A0A7L4FRG3	-	13.05
A0A7L4GCF9	-	12.73
A0A7L4GIS6	-	13.19
A0A7L4H6Z1	-	13.01
A0A7L4HJ58	-	13.15
A0A7L4HXY3	-	12.80
A0A7L4I0J3	-	13.34
A0A7L4IKJ7	-	13.03
A0A7L4IRI8	-	13.37
A0A7L4ISY2	-	12.74
A0A7L4JNZ0	-	13.40
A0A7L4JPX4	-	13.13
A0A7L4JSS3	-	12.71
A0A7L4KI28	-	13.01
A0A7L4KSH1	-	12.75
A0A7L4L8Z6	-	13.38
A0A7L4LYT9	-	13.31
A0A7L4M1H8	-	15.21
A0A7L4MB48	-	13.05
A0A7L9UBA5	C	2.93
A0A7M2SBB5	-	NA
A0A7M2SPF7	-	NA
A0A7M2T8U2	-	NA
A0A7M2TF05	-	NA
A0A7M4FCS6	-	13.32
A0A7M4FEA3	-	13.38
A0A7M4FN31	-	13.38
A0A7M4FNM3	-	13.41
A0A7M4FSZ7	-	12.79
A0A7M5U0C1	C*	4.79
A0A7M5V4K9	-	NA
A0A7M5WXX0	-	NA
A0A7M5WYG4	-	20.94
A0A7M5XIS8	-	NA
A0A7M6DMJ9	-	14.97
A0A7M6DMK7	-	15.63
A0A7M6DQ32	-	10.58
A0A7M6DQE2	-	NA
A0A7N0RG09	C	2.92
A0A7N0VLV1	C	3.22
A0A7N2MTV1	C	2.80
A0A7N2R4S9	C	2.71
A0A7N2RCI0	C	2.78
A0A7N6A648	-	13.39
A0A7N6A692	-	13.27
A0A7N6ABY5	-	13.32
A0A7N6AG26	-	13.41
A0A7N6AJ73	-	12.87
A0A7N6BGW9	-	13.41
A0A7N6BUK6	-	13.26
A0A7N6FE63	-	13.42
A0A7N6FH14	-	13.27
A0A7N6FHA2	-	13.35
A0A7N8WK81	-	13.41
A0A7N8WV62	-	15.39
A0A7N8XMW7	-	14.10
A0A7N8Y1J5	-	13.08
A0A7N8YJX1	-	14.31
A0A7R6T5J0	C	3.18
A0A7R7VQZ5	C*	3.54
A0A7R7VRG0	C*	3.89
A0A7R7W9K7	-	22.52
A0A7R7WZB7	-	15.01
A0A7R7X9F5	-	23.02
A0A7R7XAN5	-	20.54
A0A7R7XQJ8	-	22.02
A0A7R7XS87	-	15.75
A0A7R7XXA9	C	3.31
A0A7R7ZNQ8	C*	3.51
A0A7R8AGW9	-	22.32
A0A7R8ARR0	-	NA
A0A7R8Z532	-	8.70
A0A7R9E5Y2	-	20.32
A0A7R9KQM4	-	21.71
A0A7R9KZT3	C	3.33
A0A7R9L054	-	15.91
A0A7R9M988	C*	3.57
A0A7R9PVW4	-	20.80
A0A7R9Q0Z3	-	20.31
A0A7R9QVX0	-	21.40
A0A7R9UNI4	-	NA
A0A7R9V365	C*	12.92
A0A7S0FYS9	-	NA
A0A7S0I6H8	-	14.86
A0A7S0LHE4	C*	11.42
A0A7S0SRE9	C*	8.76
A0A7S0WI35	-	7.64
A0A7S0XDT4	C*	9.22
A0A7S0ZFM1	C	3.17
A0A7S1A6W1	-	16.04
A0A7S1B601	C*	9.09
A0A7S1D9Z1	C	3.11
A0A7S1QT39	-	23.35
A0A7S1T762	-	NA
A0A7S1T768	-	NA
A0A7S2AI41	-	11.23
A0A7S2B4B6	C*	9.24
A0A7S2B6E8	C*	7.23
A0A7S2BK70	C*	9.17
A0A7S2BKJ3	C*	8.77
A0A7S2BQH6	C*	9.51
A0A7S2BXX5	C*	8.62
A0A7S2CAB6	C*	9.23
A0A7S2CGQ1	C*	9.14
A0A7S2CVH2	-	10.17
A0A7S2CZV2	-	19.75
A0A7S2D0S4	-	NA
A0A7S2DI27	C*	9.33
A0A7S2DUP4	-	11.16
A0A7S2EUW0	-	NA
A0A7S2F5L7	C*	9.40
A0A7S2F9B5	C*	9.27
A0A7S2FUY7	-	11.41
A0A7S2G1V7	C*	9.21
A0A7S2G2D7	C*	9.27
A0A7S2GZS8	C*	9.25
A0A7S2GZX5	C*	8.04
A0A7S2H1Q6	C*	9.40
A0A7S2HL40	-	11.18
A0A7S2JHL4	-	NA
A0A7S2JHQ4	-	NA
A0A7S2JTA5	C*	10.18
A0A7S2MDR4	C*	9.22
A0A7S2ME85	C*	9.28
A0A7S2MH92	C*	8.92
A0A7S2MLN1	C	3.29
A0A7S2MT20	-	11.32
A0A7S2QBF1	C*	5.74
A0A7S2R4W0	C*	9.40
A0A7S2R6D0	C*	8.97
A0A7S2R7L9	C*	8.98
A0A7S2R8C7	C*	9.21
A0A7S2SA39	C*	9.13
A0A7S2SIM0	C*	8.94
A0A7S2V1V1	C*	9.33
A0A7S2W132	C*	9.71
A0A7S2W1K8	C*	9.30
A0A7S2W1Z0	C*	8.96
A0A7S2W3X4	-	11.21
A0A7S2W4W4	-	11.23
A0A7S2W594	-	11.27
A0A7S2WAP3	-	11.23
A0A7S2WC22	-	11.14
A0A7S2WEF6	C*	9.50
A0A7S2WFA6	C*	9.43
A0A7S2XW78	C*	9.49
A0A7S2XX66	C*	9.32
A0A7S2XX74	C*	9.34
A0A7S3EYR7	-	NA
A0A7S3K2N9	C*	10.03
A0A7S3K307	-	11.19
A0A7S3QEJ9	-	12.74
A0A7S3RCE1	C*	3.55
A0A7S3W3R1	-	14.12
A0A7S3XIT1	-	11.40
A0A7S3XKD7	-	11.72
A0A7S3XKX0	C*	9.16
A0A7S3XTZ6	C*	9.11
A0A7S3XY60	C*	10.97
A0A7S4AB65	-	21.47
A0A7S4C8S2	-	14.66
A0A7S4DCA4	C*	9.31
A0A7S4DDY2	C*	10.18
A0A7S4GNC1	-	16.40
A0A7S4QRZ1	-	NA
A0A7S4ZSW5	-	NA
A0A7S6HUY0	C	2.64
A0A7S7SGR7	C	3.08
A0A7S8CX28	-	22.80
A0A7S8D0B4	-	23.13
A0A7S8D418	C	3.01
A0A7S8D684	-	21.91
A0A7S8HSP6	-	20.97
A0A7T0MI32	C	2.73
A0A7T6XWB9	-	22.10
A0A7T7L3P8	-	NA
A0A7T7RE24	-	NA
A0A7U2ERA1	-	15.05
A0A7U2ESQ2	-	19.30
A0A7U2EU21	-	20.57
A0A7U2EUN7	C*	7.21
A0A7U2F198	-	NA
A0A7U2F463	C	3.48
A0A7U2F4F3	-	22.73
A0A7U2F4G3	-	22.26
A0A7U2F662	-	15.23
A0A7U2FA14	C	2.95
A0A7U2FA84	C*	3.63
A0A7U2FAU1	-	16.17
A0A7U2HZK6	-	15.77
A0A7U2I6P4	-	22.83
A0A7U2IA54	-	23.04
A0A7U2MCW3	C	3.47
A0A7U2MHQ4	-	22.55
A0A7U2MJK8	C*	6.48
A0A7U2MKV6	C	3.31
A0A7U2MN31	-	15.74
A0A7U2NQS5	-	16.44
A0A7U2QZU7	-	18.90
A0A7U2R2A5	C	3.41
A0A7U3UTQ7	-	NA
A0A7U4PCG9	C	3.41
A0A7U9DPK1	-	NA
A0A7V2WU63	-	6.33
A0A7V6P981	C	3.07
A0A7W2DTS7	-	NA
A0A7W3N6D8	-	NA
A0A7W3NNF9	-	NA
A0A7W3WKV5	C*	8.51
A0A7W4ZR98	-	NA
A0A7W4ZUM4	-	NA
A0A7W5H8K5	-	NA
A0A7W6JPH3	C	3.08
A0A7W7DGX7	-	NA
A0A7W7DTH3	-	NA
A0A7W7E3W6	C*	3.68
A0A7W7H2R4	-	15.88
A0A7W7I0S7	-	14.80
A0A7W7K2G7	C	2.95
A0A7W7LFN0	C	3.16
A0A7W7LLS9	-	15.89
A0A7W7PB48	-	15.92
A0A7W7PBB2	-	15.85
A0A7W7PQH6	-	NA
A0A7W7PTB6	-	NA
A0A7W7QZM1	-	14.89
A0A7W7U4E1	-	NA
A0A7W7WEY1	-	15.57
A0A7W7WLD5	-	16.02
A0A7W7ZLM5	C	3.18
A0A7W7ZXN0	-	15.98
A0A7W8BHV4	-	NA
A0A7W8HY88	-	14.11
A0A7W8KIV5	-	NA
A0A7W9DMW4	-	15.81
A0A7W9H3D1	-	NA
A0A7W9HDB9	-	NA
A0A7W9LZX3	-	14.60
A0A7W9T7W4	-	NA
A0A7W9TJL8	-	NA
A0A7W9UN50	-	NA
A0A7W9UNQ5	-	NA
A0A7W9ZFQ6	C	3.13
A0A7X0B1W6	C	3.21
A0A7X0CD67	C	2.90
A0A7X0HJ80	-	NA
A0A7X0HLM5	-	NA
A0A7X0J7C0	C*	3.50
A0A7X0RVL1	-	15.73
A0A7X0ULY4	-	15.64
A0A7X0VVP0	-	15.46
A0A7X1AJN0	-	11.80
A0A7X1AU61	C	3.06
A0A7X1HXH2	-	NA
A0A7X1J7S6	-	NA
A0A7X1JBZ8	-	10.20
A0A7X1XF74	C	2.92
A0A7X1YCU5	C	3.29
A0A7X2IKG1	C	3.34
A0A7X3G2V1	C	3.09
A0A7X5ASN3	-	NA
A0A7X5YKZ1	-	NA
A0A7X6DTB4	C*	3.51
A0A7X6F6V2	C	3.28
A0A7X6F8F4	C	2.97
A0A7X6MJD4	C	3.24
A0A7Y0ZP28	-	14.96
A0A7Y1A6B9	-	15.85
A0A7Y1M371	-	14.91
A0A7Y1MNK6	C	3.26
A0A7Y4KXB0	-	19.84
A0A7Y6A0K8	-	NA
A0A7Y7WSX0	-	NA
A0A7Y7X987	-	NA
A0A7Y7XVN5	C*	3.57
A0A7Y7XW82	C	2.96
A0A7Y7YD02	C	3.47
A0A7Y7YGK1	C	2.97
A0A7Y8BLA6	-	NA
A0A7Y8CHG9	C	3.41
A0A7Y8CNU3	C	3.39
A0A7Y8ELP5	C	3.32
A0A7Y8FG76	C	3.25
A0A7Y8G0C0	-	11.72
A0A7Y8G6M0	C	3.22
A0A7Y9DJJ9	-	15.93
A0A7Z0AWG8	-	16.10
A0A7Z0BL67	C	3.45
A0A7Z0Q9G1	C	3.37
A0A7Z0TSU8	C	3.31
A0A7Z2VPE3	-	15.95
A0A7Z2ZS25	C	3.03
A0A7Z3C645	-	16.10
A0A7Z7N6D5	C	2.99
A0A803LLC7	C	2.82
A0A803LLC8	C	2.87
A0A803LPT1	C	2.79
A0A803LPT2	C	3.01
A0A803NZB7	C	2.81
A0A803NZB8	C	2.85
A0A803Q7X0	C	2.94
A0A803QFV7	C	2.78
A0A803QVW1	C	2.80
A0A804JMC8	C	3.20
A0A804JRR5	C	2.90
A0A804JRS7	C	2.90
A0A804K4K6	C	2.90
A0A804K4K7	C	2.78
A0A804K4K8	C	3.22
A0A804K4K9	C	3.28
A0A804KE62	C	2.78
A0A804KYE1	C	3.20
A0A804RIY3	C	2.80
A0A804RRR4	C	2.86
A0A804ULR4	C	3.04
A0A804UML8	C	2.79
A0A806U8E1	-	NA
A0A811K405	-	14.15
A0A811KH31	-	14.26
A0A811KY04	-	17.44
A0A811L078	-	11.11
A0A811L1W7	-	13.05
A0A811NTG6	C	2.93
A0A811NZK3	C	2.84
A0A811PLT5	C	3.05
A0A811PN71	C	3.26
A0A811PWB5	C	2.98
A0A811R0U8	C	2.79
A0A811S8X4	C	3.43
A0A811SJ34	C	3.46
A0A811Y7K8	-	13.10
A0A811YWD2	-	13.29
A0A811ZGG6	-	12.65
A0A812BCK9	-	NA
A0A812CHS0	C	3.25
A0A812CSK2	-	17.14
A0A812JR76	C*	5.59
A0A812LI75	C*	6.01
A0A812NUF4	-	16.35
A0A812PC05	-	NA
A0A812Q4I5	-	16.60
A0A812QA25	-	16.71
A0A812QP07	C*	9.42
A0A812SAZ7	C*	9.51
A0A812UTX8	-	16.49
A0A812V5M0	C*	9.30
A0A812V664	-	NA
A0A812WL81	-	16.69
A0A812XIJ6	-	NA
A0A813FA30	-	12.97
A0A813FLF8	-	16.26
A0A813HFF9	-	16.10
A0A813JVL4	-	14.04
A0A813K9V7	-	16.43
A0A814MII4	-	15.82
A0A822XHC0	C	3.16
A0A822Z7C8	C*	3.54
A0A830B0I8	-	NA
A0A830BJL4	C	2.79
A0A830CHU2	C	2.78
A0A830CU19	C	2.73
A0A830GM12	-	15.97
A0A831VP34	-	24.44
A0A831VWH6	-	15.85
A0A833PQW3	C*	3.55
A0A833QIW2	C	2.71
A0A833R0A1	C	3.18
A0A833RDF0	C	2.89
A0A833RJ43	C*	9.42
A0A833S9Q2	-	12.43
A0A833SS56	-	12.25
A0A833TET7	-	12.09
A0A833TJH1	-	11.82
A0A833TLW3	-	12.19
A0A833W147	-	5.98
A0A833W8I4	-	12.26
A0A833WD19	-	12.41
A0A833WLV2	-	NA
A0A833XZ93	C	2.78
A0A833YRW9	-	13.34
A0A834C2T3	-	14.68
A0A834D1R3	C	2.92
A0A834DL67	-	13.23
A0A834E413	-	13.17
A0A834FXG3	C	2.91
A0A834L0D5	-	13.15
A0A834L1H9	-	12.79
A0A834QUI8	-	13.14
A0A834SG87	C	2.88
A0A834SH60	C	2.90
A0A834Y6U4	C	2.74
A0A834Y8S0	C	2.84
A0A834ZDT5	C	3.28
A0A834ZKX7	C	2.71
A0A834ZNS4	C	2.83
A0A834ZVC3	C	2.73
A0A835ADC5	C	2.83
A0A835AE92	C	3.37
A0A835AGD2	C	2.71
A0A835AMR0	C	3.07
A0A835ANI8	C	2.84
A0A835ARW6	C	2.98
A0A835DM91	C	2.62
A0A835DNL4	C	3.15
A0A835DNV5	C	2.73
A0A835DS09	C	2.86
A0A835DUN7	C	2.59
A0A835DYY3	C	2.84
A0A835E2N8	C	2.94
A0A835E410	C	3.11
A0A835E5D7	C	2.98
A0A835E634	C	3.07
A0A835FLY5	C*	4.48
A0A835FSB9	C	3.11
A0A835H2U5	C	3.07
A0A835I7W5	C	2.86
A0A835INJ6	C	2.96
A0A835JDS2	C	3.12
A0A835JKP2	C	2.80
A0A835KFP6	C	2.85
A0A835KQU2	C	2.80
A0A835KRV3	C	3.13
A0A835KTA7	C	3.04
A0A835LFJ4	C	2.87
A0A835LHW4	C	3.06
A0A835MHI1	C	2.89
A0A835MQH1	C	2.94
A0A835MR89	C	3.32
A0A835MWN7	C	2.80
A0A835NL15	-	12.75
A0A835P026	-	13.06
A0A835P059	-	13.27
A0A835P8D1	C	2.88
A0A835QDT6	C	2.76
A0A835QFD3	C	2.73
A0A835QLC7	C	2.86
A0A835SWT6	C	3.16
A0A835U586	C	2.70
A0A835USU2	C	2.73
A0A835V5C5	C	2.85
A0A835V7X0	C	2.79
A0A835YKM2	C	2.94
A0A835Z854	C*	8.26
A0A835Z8Z2	C*	8.84
A0A835ZSL8	-	13.18
A0A836D2D6	-	13.19
A0A836D6L9	-	12.81
A0A840R7Q8	C	3.27
A0A840S208	C*	3.72
A0A841CR10	-	15.07
A0A841H042	C	3.39
A0A841H669	C	3.40
A0A841ITW4	C	2.74
A0A843VRT1	C	2.80
A0A843WKM3	C	3.20
A0A843X9J2	C	2.70
A0A843XT25	C	3.42
A0A843XW89	C	2.99
A0A844A5N2	C	3.21
A0A844TCM9	-	14.92
A0A845HEB3	C*	3.75
A0A846H7Z0	-	16.10
A0A846HA78	-	38.80
A0A846LGJ8	-	NA
A0A847RV01	C	3.29
A0A847SLH3	C	3.31
A0A848I9H4	C	3.32
A0A850LDY1	C	3.46
A0A850U9S3	-	13.02
A0A850U9V1	-	13.38
A0A850URF3	-	13.38
A0A850UUI2	-	13.01
A0A850UZL0	-	12.71
A0A850VNR0	-	13.27
A0A850W4D5	-	13.05
A0A850WN44	-	13.46
A0A850WV65	-	13.10
A0A850XA38	-	12.68
A0A850XW74	-	13.33
A0A850YFT1	-	13.01
A0A850ZXI4	-	12.98
A0A850ZXX6	-	13.37
A0A851A1W8	-	13.24
A0A851AYY8	-	13.35
A0A851BNH1	-	12.68
A0A851C745	-	13.39
A0A851CAD9	-	12.71
A0A851CK55	-	13.05
A0A851EFL9	-	13.37
A0A851F8Q2	-	13.55
A0A851FSJ5	-	13.35
A0A851FU18	-	12.79
A0A851J667	-	13.09
A0A851JNT3	-	12.73
A0A851JP46	-	13.39
A0A851K0B5	-	12.78
A0A851KLW1	-	13.44
A0A851KXU1	-	12.97
A0A851LA25	-	13.41
A0A851MDZ0	-	12.98
A0A851MVA7	-	13.28
A0A851N1G7	-	12.78
A0A851NEG7	-	12.78
A0A851NG39	-	13.32
A0A851NN87	-	13.01
A0A851PJ70	-	13.34
A0A851PRT1	-	12.78
A0A851Q189	-	13.01
A0A851QQ94	-	13.27
A0A851QWJ6	-	13.12
A0A851QWR6	-	12.64
A0A851RTY3	-	13.06
A0A851SED0	-	13.37
A0A851SLU3	-	12.75
A0A851T017	-	13.14
A0A851T2B4	-	13.49
A0A851TDE9	-	12.78
A0A851U4T4	-	13.40
A0A851U7C7	-	13.02
A0A851UB52	-	12.70
A0A851V4J6	-	13.36
A0A851VQR4	-	13.04
A0A851W0T0	-	12.77
A0A851WM61	-	13.01
A0A851WQY0	-	13.36
A0A851X925	-	12.74
A0A851XPU2	-	13.04
A0A851XRN3	-	13.40
A0A851YF41	-	14.06
A0A851YNW3	-	12.72
A0A851Z1U8	-	12.98
A0A851Z4W1	-	13.42
A0A851ZAA4	-	13.40
A0A851ZQI7	-	12.72
A0A852A0P6	-	13.05
A0A852BDX7	-	13.36
A0A852BXS0	-	12.73
A0A852CDH1	-	13.30
A0A852CLT1	-	13.18
A0A852D1S7	-	13.04
A0A852D1Y5	-	12.72
A0A852D2Q7	-	13.38
A0A852E8Q3	-	13.48
A0A852EPK3	-	13.00
A0A852FZP9	-	13.31
A0A852G360	-	13.17
A0A852G5C0	-	13.34
A0A852H1R1	-	12.76
A0A852HKE8	-	13.39
A0A852I3L1	-	13.10
A0A852IK05	-	13.28
A0A852ILT9	-	12.73
A0A852J159	-	13.08
A0A852KGZ2	-	13.26
A0A852L6T0	-	13.18
A0A852LCH6	-	12.70
A0A852LKJ2	-	13.10
A0A852LKN8	-	13.22
A0A852M587	-	12.78
A0A852MU00	-	12.73
A0A852N0V4	-	13.02
A0A852NMJ5	-	13.02
A0A852NQD3	-	13.43
A0A852PRA1	-	12.71
A0A853CK14	C*	3.57
A0A856MD39	-	14.71
A0A856MJK9	C*	3.52
A0A856MK52	-	38.66
A0A858RE72	C	3.01
A0A858SSR5	C	2.85
A0A8A1L447	C*	3.51
A0A8A1LL71	-	15.43
A0A8A1LYY9	-	15.47
A0A8A1M5L3	-	22.93
A0A8A1M824	C	3.26
A0A8A1M8K3	-	15.16
A0A8A1MPW2	C	2.94
A0A8A1UX83	-	13.49
A0A8A3P2H8	C	2.91
A0A8A3P3U8	-	NA
A0A8A3P9S6	C	3.06
A0A8A3PKD0	-	NA
A0A8A3PLC2	C	3.25
A0A8A4E1A6	C*	3.51
A0A8A4TY47	C	3.41
A0A8A5MZC0	C	3.47
A0A8A8E2Y6	C	3.05
A0A8A8E350	C	2.84
A0A8A8E3F3	C	2.96
A0A8B6BGF3	-	13.39
A0A8B6BKM4	-	15.88
A0A8B6BMR6	-	15.94
A0A8B6BS83	-	15.57
A0A8B6BWX0	C*	7.44
A0A8B6CG12	-	10.97
A0A8B6CGM7	-	10.52
A0A8B6CH58	-	10.53
A0A8B6CJB5	-	13.28
A0A8B6CNP6	-	10.75
A0A8B6CPI6	-	17.36
A0A8B6CPY6	-	10.78
A0A8B6D2T6	-	12.40
A0A8B6D2Y3	-	12.57
A0A8B6D5K3	-	12.38
A0A8B6D5L3	-	12.48
A0A8B6D949	-	13.47
A0A8B6DAA2	-	27.96
A0A8B6DAC3	-	17.37
A0A8B6DAE8	-	17.41
A0A8B6DID9	-	17.37
A0A8B6DKK3	C*	6.77
A0A8B6DPX7	-	12.40
A0A8B6DRB5	C*	8.01
A0A8B6E6R0	-	16.33
A0A8B6E725	-	16.39
A0A8B6E8R8	-	NA
A0A8B6EB17	-	11.52
A0A8B6ECL8	-	12.27
A0A8B6EDW2	-	12.69
A0A8B6EF24	-	13.09
A0A8B6ELB1	-	16.56
A0A8B6EUU7	-	12.15
A0A8B6EWI3	C*	8.23
A0A8B6F0X6	-	12.35
A0A8B6FC80	-	17.31
A0A8B6FHC2	-	12.99
A0A8B6FI79	-	NA
A0A8B6FJF9	-	14.51
A0A8B6FJI9	-	13.20
A0A8B6FWG6	-	14.12
A0A8B6G0L3	-	11.43
A0A8B6G0N6	-	11.45
A0A8B6G5F7	-	16.46
A0A8B6G5G6	-	10.96
A0A8B6G5H6	-	11.12
A0A8B6G5H9	-	10.83
A0A8B6G5K0	-	10.53
A0A8B6G5P8	-	10.79
A0A8B6G957	-	14.85
A0A8B6G9L0	-	16.00
A0A8B6GCV0	-	14.30
A0A8B6GLG5	-	12.38
A0A8B6GSA5	-	16.54
A0A8B6GSK0	-	17.03
A0A8B6GUD9	-	10.96
A0A8B6GUE4	-	11.34
A0A8B6GWX5	-	19.48
A0A8B6GY87	-	15.74
A0A8B6GYH0	-	11.02
A0A8B6GYS2	-	11.71
A0A8B6GZI5	-	12.25
A0A8B6H0Q0	-	12.32
A0A8B6YMG3	-	13.09
A0A8B6ZKM0	-	13.18
A0A8B7A0F0	-	12.78
A0A8B7A2L9	-	13.12
A0A8B7BJK9	C	2.66
A0A8B7BKB2	C	2.70
A0A8B7CKL8	C	3.04
A0A8B7CZQ9	C	2.85
A0A8B7CZR0	C	3.31
A0A8B7FLA5	-	13.21
A0A8B7J6Q9	-	13.40
A0A8B7JK40	-	13.06
A0A8B7KFP5	-	12.82
A0A8B7Q7C2	-	13.16
A0A8B7T894	-	13.28
A0A8B7WBR4	-	12.80
A0A8B7WJ59	-	13.24
A0A8B7WJ95	-	13.27
A0A8B8ABF3	-	13.60
A0A8B8AQ29	-	13.41
A0A8B8BBF7	-	12.01
A0A8B8BDB7	-	12.17
A0A8B8BGL0	-	12.00
A0A8B8BJX3	-	15.64
A0A8B8D4J3	-	NA
A0A8B8DPQ6	-	11.76
A0A8B8DSI3	-	13.02
A0A8B8E427	-	12.85
A0A8B8E4R7	-	11.99
A0A8B8E6Y4	-	12.99
A0A8B8E9Z7	-	19.31
A0A8B8EBN7	-	11.86
A0A8B8ECR7	-	12.83
A0A8B8EDC2	-	5.37
A0A8B8EEW4	-	11.95
A0A8B8EFI5	-	11.06
A0A8B8EIY1	-	10.81
A0A8B8ER43	-	11.80
A0A8B8ERQ6	-	13.04
A0A8B8ESA4	-	19.22
A0A8B8EST9	-	16.24
A0A8B8ETR2	-	12.95
A0A8B8EU86	-	19.49
A0A8B8EX01	-	12.88
A0A8B8EX42	-	17.57
A0A8B8EX72	-	12.87
A0A8B8EXW9	-	10.02
A0A8B8EY98	-	12.70
A0A8B8EYB2	-	17.58
A0A8B8EZS9	-	13.43
A0A8B8F0L9	-	19.00
A0A8B8F0Y1	-	19.22
A0A8B8K2X2	C	2.83
A0A8B8KQK3	C	3.01
A0A8B8MFA9	C	2.87
A0A8B8P1N5	C	2.72
A0A8B8UDL3	-	13.35
A0A8B8UEC6	-	13.29
A0A8B8UED1	-	13.10
A0A8B8UEY8	-	13.08
A0A8B9A045	C	2.71
A0A8B9AG70	-	NA
A0A8B9CDV8	-	12.76
A0A8B9CFW7	-	13.38
A0A8B9CZU5	-	12.94
A0A8B9DSJ3	-	12.73
A0A8B9EQ30	-	13.40
A0A8B9ESN7	-	13.39
A0A8B9F0C5	-	12.98
A0A8B9FWN7	-	13.45
A0A8B9GJT5	-	NA
A0A8B9HTI6	-	13.18
A0A8B9IM83	-	12.94
A0A8B9J370	-	12.73
A0A8B9JXV6	-	12.84
A0A8B9L486	-	12.78
A0A8B9LFG9	-	12.75
A0A8B9LJ40	-	12.75
A0A8B9MA15	-	13.26
A0A8B9N5R8	-	12.74
A0A8B9NR04	-	12.78
A0A8B9PBR7	-	12.98
A0A8B9PDW4	-	13.44
A0A8B9T8B6	-	13.43
A0A8B9UA65	-	13.38
A0A8B9UDU2	-	12.73
A0A8B9WVY7	-	12.87
A0A8B9XJ61	-	13.26
A0A8B9ZF10	-	12.74
A0A8B9ZMT6	-	13.04
A0A8C0A7J4	-	12.84
A0A8C0BNT5	-	13.09
A0A8C0C6N3	-	13.16
A0A8C0DW50	-	13.26
A0A8C0ELA3	-	12.76
A0A8C0FLW2	-	13.29
A0A8C0FPL3	-	13.05
A0A8C0GDN1	-	13.25
A0A8C0GE67	-	12.81
A0A8C0H067	-	13.38
A0A8C0HH01	-	12.77
A0A8C0HLD1	-	13.28
A0A8C0HUM2	-	12.84
A0A8C0KGP0	-	12.75
A0A8C0KWG2	-	12.74
A0A8C0N2L2	-	13.17
A0A8C0NTD9	-	13.27
A0A8C0QNU1	-	13.24
A0A8C0RIB0	-	12.75
A0A8C0SHF9	-	12.77
A0A8C0TFG1	-	13.26
A0A8C0U2Z0	-	13.02
A0A8C0UQ91	-	12.74
A0A8C0V7Y9	-	13.33
A0A8C0YR29	-	13.35
A0A8C0ZZD1	-	12.74
A0A8C1B641	-	12.78
A0A8C1B6M1	-	12.92
A0A8C1B855	-	12.93
A0A8C1CA03	-	13.13
A0A8C1D7K9	-	13.27
A0A8C1D9F6	-	13.23
A0A8C1EKZ7	-	13.07
A0A8C1H6Z9	-	12.81
A0A8C1HLW7	-	13.18
A0A8C1IEH4	-	12.92
A0A8C1J2U6	-	13.09
A0A8C1J3K1	-	13.07
A0A8C1M317	-	13.27
A0A8C1N0V7	-	13.13
A0A8C1Q0S0	-	12.88
A0A8C1Q0V6	-	12.78
A0A8C1QH03	-	12.86
A0A8C1QWB2	-	13.25
A0A8C1RGC1	-	12.93
A0A8C1TL49	-	13.27
A0A8C1TNM2	-	13.04
A0A8C1YI99	-	12.87
A0A8C1YRN4	-	13.06
A0A8C1ZZ09	-	13.14
A0A8C2BF15	-	12.56
A0A8C2BFY7	-	15.16
A0A8C2BKH1	-	13.24
A0A8C2BN39	-	13.21
A0A8C2BQ07	-	13.14
A0A8C2C5F0	-	13.25
A0A8C2C5H0	-	13.24
A0A8C2CI55	-	12.85
A0A8C2CI76	-	12.83
A0A8C2CIE4	-	12.81
A0A8C2E7S6	-	12.83
A0A8C2EID5	-	12.86
A0A8C2HCH5	-	13.13
A0A8C2HEH8	-	12.83
A0A8C2HEI0	-	12.71
A0A8C2MRY5	-	12.81
A0A8C2NU13	-	12.81
A0A8C2PFS9	-	13.23
A0A8C2PQ74	-	13.10
A0A8C2R3Z1	-	13.26
A0A8C2SUP0	-	13.00
A0A8C2UTG2	-	13.23
A0A8C2V800	-	12.80
A0A8C2W1C6	-	13.23
A0A8C2WHZ4	-	12.90
A0A8C2X4B1	-	12.57
A0A8C2XA17	-	13.22
A0A8C2XAX9	-	13.04
A0A8C2Y606	-	12.79
A0A8C2YGG2	-	13.38
A0A8C2Z176	-	12.97
A0A8C2Z8T3	-	13.45
A0A8C2Z9M0	-	13.45
A0A8C2ZA19	-	13.48
A0A8C2ZA32	-	13.46
A0A8C2ZA83	-	13.48
A0A8C2ZAD4	-	13.58
A0A8C2ZAE6	-	14.61
A0A8C2ZAN6	-	13.59
A0A8C3BXE3	-	13.12
A0A8C3C0D7	-	12.39
A0A8C3C516	-	13.05
A0A8C3CNB1	-	12.74
A0A8C3DF65	-	13.36
A0A8C3EGP2	-	12.74
A0A8C3GUX3	-	13.10
A0A8C3I3X4	-	13.27
A0A8C3IM39	-	13.37
A0A8C3IPS0	-	13.36
A0A8C3IPU0	-	13.41
A0A8C3IQR5	-	13.30
A0A8C3IQU7	-	12.80
A0A8C3K4N5	-	13.08
A0A8C3KI83	-	13.44
A0A8C3L8C3	-	13.39
A0A8C3LQR4	-	12.70
A0A8C3LRC8	-	13.12
A0A8C3MLT4	-	13.03
A0A8C3N7T4	-	13.35
A0A8C3NUI7	-	12.78
A0A8C3P2U9	-	13.05
A0A8C3PRK8	-	12.68
A0A8C3R266	-	13.45
A0A8C3RLA9	-	13.21
A0A8C3S3Q1	-	13.23
A0A8C3SK07	-	13.29
A0A8C3SKG2	-	13.27
A0A8C3T1Z2	-	14.74
A0A8C3T4X4	-	13.29
A0A8C3T586	-	13.27
A0A8C3T639	-	13.29
A0A8C3T6I3	-	13.33
A0A8C3TI21	-	12.82
A0A8C3TKS1	-	13.05
A0A8C3UQW2	-	13.39
A0A8C3VGL8	-	12.83
A0A8C3VYL0	-	13.11
A0A8C3YEE5	-	13.26
A0A8C4F275	-	13.16
A0A8C4FHS2	-	12.82
A0A8C4HBN0	-	13.23
A0A8C4I784	-	12.93
A0A8C4I8X3	-	12.86
A0A8C4ILV4	-	13.14
A0A8C4IP27	-	13.09
A0A8C4J8R3	-	13.47
A0A8C4M060	-	13.18
A0A8C4M9K5	-	13.34
A0A8C4MP70	-	12.80
A0A8C4NX12	-	12.99
A0A8C4PD88	-	13.03
A0A8C4QBR2	-	12.78
A0A8C4QC18	-	13.12
A0A8C4QZ32	-	12.63
A0A8C4RQH4	-	13.06
A0A8C4SH53	-	12.76
A0A8C4SST0	-	13.30
A0A8C4TM92	-	12.74
A0A8C4U2E0	-	13.34
A0A8C4UM38	-	13.02
A0A8C4VK08	-	13.22
A0A8C4VN62	-	13.28
A0A8C4X1E1	-	13.12
A0A8C4YB85	-	12.85
A0A8C4Z1E4	-	13.19
A0A8C4Z3T2	-	12.65
A0A8C4ZF76	-	12.84
A0A8C4ZM51	-	13.30
A0A8C5AA28	-	12.58
A0A8C5ACB6	-	12.51
A0A8C5AKN0	-	12.68
A0A8C5BH47	-	12.64
A0A8C5BHP0	-	12.64
A0A8C5BI42	-	12.85
A0A8C5CHN4	-	13.56
A0A8C5CSC3	-	13.14
A0A8C5CSC5	-	12.62
A0A8C5DTN6	-	13.19
A0A8C5DTQ8	-	13.36
A0A8C5DU48	-	13.38
A0A8C5DUD4	-	13.13
A0A8C5DX23	-	13.35
A0A8C5DXB4	-	13.13
A0A8C5ER10	-	12.99
A0A8C5G3E5	-	13.21
A0A8C5HMM2	-	12.97
A0A8C5HWJ1	-	12.76
A0A8C5I784	-	13.24
A0A8C5I7P4	-	13.27
A0A8C5I8Z6	C*	13.28
A0A8C5I983	-	13.12
A0A8C5IAF4	-	13.26
A0A8C5J7M2	-	13.41
A0A8C5JRN5	-	13.05
A0A8C5K395	-	13.10
A0A8C5KJC3	-	12.82
A0A8C5LHZ9	-	13.42
A0A8C5LJF6	-	13.36
A0A8C5LXJ4	-	12.54
A0A8C5M2N6	-	12.52
A0A8C5MDP7	-	13.53
A0A8C5MEP7	-	13.75
A0A8C5MJJ7	-	13.39
A0A8C5NHS8	-	13.30
A0A8C5NHZ7	-	13.35
A0A8C5NVJ6	-	13.14
A0A8C5P6H4	-	13.27
A0A8C5PC03	-	14.15
A0A8C5PHZ4	-	13.20
A0A8C5PI24	-	13.57
A0A8C5PI53	-	13.58
A0A8C5PIA1	-	13.40
A0A8C5PID9	-	14.22
A0A8C5QH66	-	13.18
A0A8C5QIV2	-	14.29
A0A8C5RC82	-	13.17
A0A8C5RCU1	-	13.07
A0A8C5RDL7	-	13.12
A0A8C5RGX7	-	13.07
A0A8C5TJY2	-	13.02
A0A8C5U6V4	-	13.37
A0A8C5UTH3	-	13.03
A0A8C5WMW1	-	15.17
A0A8C5XF41	-	12.87
A0A8C5XUR9	-	13.19
A0A8C5YV29	-	13.30
A0A8C6A4J1	-	13.32
A0A8C6A4V8	-	12.74
A0A8C6BRY6	-	13.23
A0A8C6C876	-	12.87
A0A8C6CLJ0	-	13.30
A0A8C6CRD4	-	13.19
A0A8C6D816	-	13.18
A0A8C6FF97	-	12.84
A0A8C6G7E2	-	13.27
A0A8C6GP31	-	12.82
A0A8C6I129	-	13.28
A0A8C6IT30	-	13.16
A0A8C6JQP8	-	13.42
A0A8C6KND2	-	12.92
A0A8C6NFE8	-	12.70
A0A8C6PGR5	-	13.35
A0A8C6PGZ8	-	13.39
A0A8C6PH27	-	13.34
A0A8C6PIE2	-	13.32
A0A8C6PIR1	-	13.27
A0A8C6PIZ2	-	13.33
A0A8C6PIZ9	-	13.31
A0A8C6PJM1	-	13.37
A0A8C6PKA3	-	13.41
A0A8C6PVC8	-	12.88
A0A8C6PVE9	-	12.83
A0A8C6PXV6	-	12.88
A0A8C6R5E9	-	12.89
A0A8C6R942	-	13.24
A0A8C6S0X3	-	12.76
A0A8C6SV51	-	13.51
A0A8C6SWU6	-	13.26
A0A8C6SYK8	-	13.22
A0A8C6SZA1	-	13.27
A0A8C6SZM1	-	13.47
A0A8C6TU16	-	13.00
A0A8C6U1P4	-	12.91
A0A8C6UE92	-	13.27
A0A8C6UF35	-	12.93
A0A8C6UG43	-	13.23
A0A8C6UG84	-	13.35
A0A8C6UGX2	-	13.33
A0A8C6UHH7	-	13.38
A0A8C6UJK4	-	13.23
A0A8C6UK63	-	13.31
A0A8C6UKU3	-	13.30
A0A8C6ULM7	-	13.31
A0A8C6UQP0	-	12.90
A0A8C6VHF5	-	13.32
A0A8C6VJZ1	-	13.50
A0A8C6VLR2	-	13.60
A0A8C6VLV3	-	13.01
A0A8C6VNR1	-	13.31
A0A8C6VYH2	-	12.88
A0A8C6VYQ8	-	12.86
A0A8C6WWD6	-	13.40
A0A8C6X3D4	-	13.31
A0A8C6Z598	-	12.61
A0A8C6Z7Z1	-	13.36
A0A8C7B9C4	-	13.20
A0A8C7DK61	-	13.20
A0A8C7DME3	-	13.25
A0A8C7DMG3	-	13.10
A0A8C7DMM6	-	13.27
A0A8C7DMZ2	-	13.17
A0A8C7DNZ2	-	13.18
A0A8C7DQW5	-	13.24
A0A8C7EGZ8	-	13.07
A0A8C7I050	-	12.75
A0A8C7IY23	-	13.26
A0A8C7JMF7	-	13.33
A0A8C7JMH0	-	13.23
A0A8C7JRY5	-	13.24
A0A8C7JZN8	-	13.09
A0A8C7KBN0	-	12.86
A0A8C7KD02	-	12.87
A0A8C7MAP2	-	12.88
A0A8C7MYZ5	-	13.24
A0A8C7MZ32	-	13.22
A0A8C7MZI9	-	13.22
A0A8C7MZN8	-	13.31
A0A8C7QQ16	-	13.22
A0A8C7QQN0	-	13.13
A0A8C7QRY3	-	13.28
A0A8C7QSN1	-	13.28
A0A8C7QSR0	-	13.29
A0A8C7RSU1	-	12.77
A0A8C7T6C7	-	12.90
A0A8C7TRD7	-	13.07
A0A8C7U1E6	-	13.23
A0A8C7U3Q3	-	13.22
A0A8C7U3X0	-	13.18
A0A8C7U7J5	-	13.18
A0A8C7U7L3	-	13.30
A0A8C7UCV4	-	13.33
A0A8C7UG61	-	13.22
A0A8C7UUD7	-	12.83
A0A8C7VNN5	-	13.33
A0A8C7VR11	-	13.21
A0A8C7WPL3	-	12.98
A0A8C7WPR6	-	12.83
A0A8C7WPW0	-	12.93
A0A8C7WPY1	-	12.90
A0A8C7WQD9	-	12.86
A0A8C7WQF2	-	12.90
A0A8C7WQN4	-	12.83
A0A8C7YBJ1	-	13.23
A0A8C7YCD1	-	13.25
A0A8C7YCK4	-	13.18
A0A8C7YDH7	-	13.21
A0A8C7YDJ4	-	13.11
A0A8C7Z864	-	12.89
A0A8C7Z9Q9	-	12.84
A0A8C8BC46	-	12.77
A0A8C8BNJ0	-	13.05
A0A8C8BXP5	-	13.15
A0A8C8DRU0	-	13.21
A0A8C8E7S1	-	13.30
A0A8C8ES59	-	13.30
A0A8C8FP15	-	13.35
A0A8C8GFJ2	-	12.76
A0A8C8GS33	-	13.28
A0A8C8GUS0	-	13.26
A0A8C8GVF2	-	13.26
A0A8C8GVV5	-	13.27
A0A8C8GVX9	-	13.25
A0A8C8GYS5	-	13.36
A0A8C8HK52	-	13.28
A0A8C8LXU8	-	5.59
A0A8C8M0N2	-	13.16
A0A8C8M7S1	-	12.67
A0A8C8S5V7	-	13.37
A0A8C8S6B1	-	13.29
A0A8C8S6I2	-	13.32
A0A8C8SGJ3	-	13.16
A0A8C8SY41	-	12.77
A0A8C8VKR0	-	13.37
A0A8C8WFD9	-	13.26
A0A8C8XQJ9	-	13.07
A0A8C8Y621	-	12.80
A0A8C8ZBU4	-	13.12
A0A8C8ZZR0	-	12.95
A0A8C9CC83	-	13.31
A0A8C9DNL2	-	13.27
A0A8C9E8D2	-	13.29
A0A8C9EEE1	-	12.85
A0A8C9FAJ3	-	15.11
A0A8C9FBQ6	-	15.09
A0A8C9FHW8	-	12.93
A0A8C9GHM7	-	12.89
A0A8C9GMP5	-	13.28
A0A8C9GUJ0	-	13.02
A0A8C9IXZ4	-	13.23
A0A8C9IYR5	-	13.25
A0A8C9KAS0	-	13.06
A0A8C9KIK1	-	12.80
A0A8C9MEM1	-	12.75
A0A8C9NTR4	-	13.35
A0A8C9P8U8	-	13.30
A0A8C9QPT8	-	13.23
A0A8C9RJM5	-	13.14
A0A8C9S1Z9	-	12.68
A0A8C9S218	-	12.88
A0A8C9S4V1	-	13.11
A0A8C9SKL6	-	13.14
A0A8C9SVH4	-	13.08
A0A8C9T050	-	13.19
A0A8C9T7Y9	-	13.23
A0A8C9TUC2	-	11.48
A0A8C9TX16	-	13.08
A0A8C9U5C4	-	13.08
A0A8C9UKK0	-	12.66
A0A8C9VB52	-	13.27
A0A8C9VDB0	-	13.19
A0A8C9VS47	-	13.22
A0A8C9VTL4	-	13.12
A0A8C9VVP9	-	13.20
A0A8C9W2N0	-	13.18
A0A8C9W7B7	-	13.14
A0A8C9WGW1	-	13.15
A0A8C9WP85	-	12.08
A0A8C9WYK1	-	13.21
A0A8C9Y2W9	-	12.89
A0A8C9ZMM4	-	12.63
A0A8D0AHS8	-	13.52
A0A8D0AI83	-	13.34
A0A8D0AJR2	-	13.51
A0A8D0AJS7	-	13.32
A0A8D0AKH8	-	13.41
A0A8D0AKK8	-	13.48
A0A8D0AKM4	-	13.50
A0A8D0ANY3	-	13.37
A0A8D0APM3	-	13.42
A0A8D0ASF2	-	13.48
A0A8D0AZ20	-	12.85
A0A8D0BS08	-	13.35
A0A8D0CH64	-	13.18
A0A8D0CM39	-	13.21
A0A8D0CMF0	-	13.16
A0A8D0CMP5	-	13.23
A0A8D0DJB8	-	12.66
A0A8D0DRY0	-	13.39
A0A8D0EH84	-	13.38
A0A8D0FRF8	-	12.72
A0A8D0FUZ0	-	13.02
A0A8D0H245	-	12.63
A0A8D0H4N9	-	13.36
A0A8D0PRS3	-	13.05
A0A8D0PXS0	-	13.27
A0A8D0RT99	-	13.31
A0A8D0S3X8	-	13.21
A0A8D0X2P1	-	12.89
A0A8D0XKY8	-	13.31
A0A8D0XST1	-	13.20
A0A8D0Z0W5	-	12.67
A0A8D1CEU5	-	13.33
A0A8D1CR85	-	13.30
A0A8D1FZ43	-	13.14
A0A8D1GQJ8	-	13.21
A0A8D1I653	-	13.12
A0A8D1QHB0	-	13.22
A0A8D1US19	-	13.17
A0A8D1US54	-	13.23
A0A8D1USC2	-	13.22
A0A8D1XF07	-	13.08
A0A8D1XHC9	-	13.25
A0A8D2AEJ0	-	13.34
A0A8D2EQ83	-	13.15
A0A8D2ETI7	-	13.49
A0A8D2FPS1	-	12.91
A0A8D2H873	-	13.20
A0A8D2HD60	-	13.34
A0A8D2JP97	-	12.75
A0A8D2JQJ4	-	13.11
A0A8D2JYR4	-	13.29
A0A8D2KQ64	-	12.79
A0A8D2L695	-	12.71
A0A8D2LAH9	-	13.19
A0A8D2LQ88	-	13.39
A0A8D2LQK5	-	13.26
A0A8D2LR82	-	13.27
A0A8D2LRE4	-	13.34
A0A8D2LRX8	-	13.28
A0A8D2LSH8	-	13.23
A0A8D2LT03	-	13.33
A0A8D2MIM5	-	13.01
A0A8D2MP71	-	13.46
A0A8D2N3N9	-	12.73
A0A8D2N594	-	12.73
A0A8D2NTN1	-	13.40
A0A8D2PIB3	-	12.71
A0A8D2QN12	-	13.11
A0A8D2QR43	-	12.75
A0A8D3AN10	-	12.98
A0A8D3B288	-	13.26
A0A8D3B574	-	13.36
A0A8D3BBI3	-	12.90
A0A8D3BJG5	-	12.97
A0A8D3BVJ0	-	12.64
A0A8D3CBZ2	-	12.97
A0A8D3CL83	-	12.87
A0A8D3CX79	-	12.95
A0A8D3DDF3	-	12.95
A0A8D3DIS3	-	12.97
A0A8D3DWW6	-	12.95
A0A8D3EAZ4	-	12.62
A0A8D3X086	-	NA
A0A8D4BDD6	-	NA
A0A8D4TSM1	-	12.92
A0A8D7EVW3	C	3.32
A0A8D7EWJ4	C	2.83
A0A8D7FBP1	C	3.16
A0A8E0QKL5	-	22.89
A0A8E0QRX9	-	14.20
A0A8E0QWF1	-	20.21
A0A8E0R4H9	C	3.46
A0A8E0RJZ7	C*	14.43
A0A8E0S8D1	C*	9.19
A0A8E0V7V4	-	6.33
A0A8E0VLB5	C*	10.11
A0A8E2AKR6	C	2.73
A0A8E2AW04	C	2.81
A0A8E2DWK1	C	3.10
A0A8E2E040	C	3.31
A0A8E2E888	-	21.74
A0A8E2EJQ3	-	21.99
A0A8E2EM46	C	3.23
A0A8E2EQ07	C	3.18
A0A8E2ERP3	C*	4.18
A0A8E2EXZ3	C*	3.96
A0A8E2F0P1	-	22.79
A0A8E2F203	C	3.34
A0A8E2F2M6	C	3.31
A0A8E2F2V8	-	23.29
A0A8E2F331	C*	3.67
A0A8E2F5T7	-	21.88
A0A8E2J837	-	22.95
A0A8E2JHT1	C	3.37
A0A8E2JVK2	C	3.29
A0A8E2JWP1	-	22.81
A0A8E2JYG3	-	22.32
A0A8E2JYI7	C	3.38
A0A8E3AQQ7	C	3.05
A0A8E5HUS5	-	22.26
A0A8E5MJ42	C	3.08
A0A8E5MJW1	C*	3.58
A0A8E6B3U1	C	3.31
A0A8E6HRF2	C	2.75
A0A8E6HRF3	C	2.86
A0A8F4Q4J9	-	14.69
A0A8G0G1E1	-	12.56
A0A8G0LIR9	C	3.22
A0A8G0LMA0	C	3.27
A0A8G1QQX9	-	14.88
A0A8G1QUI1	-	17.92
A0A8G1QUY8	-	15.37
A0A8G1RJC8	-	14.90
A0A8G1RPW7	-	17.71
A0A8G1RYK6	-	20.12
A0A8G1S217	-	15.53
A0A8G1VJJ2	-	22.69
A0A8G1VMI2	-	20.83
A0A8G1VR45	-	22.55
A0A8G1VV01	-	22.70
A0A8H2DRG7	C*	3.54
A0A8H2DTR3	-	NA
A0A8H2E7P9	-	NA
A0A8H2E7V3	C	2.78
A0A8H2VKB5	C	3.10
A0A8H2VQV0	-	NA
A0A8H2VS30	C	3.22
A0A8H2W4T0	-	13.94
A0A8H2W809	-	14.43
A0A8H2W928	-	12.43
A0A8H2W9D2	-	13.95
A0A8H2WBF2	-	21.84
A0A8H2WDM7	-	17.42
A0A8H2WDY0	-	11.12
A0A8H2WDZ0	-	14.46
A0A8H2WET3	-	21.71
A0A8H2WEW9	-	17.49
A0A8H2WEZ6	-	16.00
A0A8H2WI32	-	17.72
A0A8H2WM01	-	23.39
A0A8H2WMA3	-	21.99
A0A8H2WMM3	-	15.64
A0A8H2WNW1	-	22.01
A0A8H2WP90	-	14.28
A0A8H2WQD8	-	17.47
A0A8H2WRM0	-	21.95
A0A8H2WV07	-	22.11
A0A8H2WXU0	-	21.98
A0A8H2WYZ7	-	14.43
A0A8H2X7X2	-	14.31
A0A8H2X7Z7	-	13.74
A0A8H2X9N2	-	14.21
A0A8H2XCD1	-	22.37
A0A8H2XCL6	-	14.11
A0A8H2XG86	-	22.15
A0A8H2XI08	-	15.77
A0A8H2XJG0	-	13.96
A0A8H2XL28	-	17.89
A0A8H2XQU0	-	23.21
A0A8H2XQY6	-	NA
A0A8H2XU14	-	21.81
A0A8H2XWF9	-	14.27
A0A8H2XWZ9	-	14.10
A0A8H2XZI9	C	3.42
A0A8H2Y0I3	-	23.39
A0A8H2Y0Y5	-	15.32
A0A8H2Y1F4	-	14.43
A0A8H2ZM91	C	2.73
A0A8H2ZWM0	-	14.50
A0A8H2ZYP1	-	14.07
A0A8H2ZZ57	C	3.39
A0A8H2ZZC9	-	23.76
A0A8H3A0M5	-	13.98
A0A8H3A114	-	13.96
A0A8H3A1U9	-	15.52
A0A8H3A459	-	NA
A0A8H3A6F2	-	17.54
A0A8H3A7J6	-	15.54
A0A8H3A915	-	21.98
A0A8H3AA21	-	13.95
A0A8H3AAQ4	-	15.58
A0A8H3AE87	-	15.80
A0A8H3AEG2	-	14.33
A0A8H3AJB0	C	3.43
A0A8H3ANG7	-	NA
A0A8H3AUD8	-	14.16
A0A8H3AYG3	-	14.08
A0A8H3AYS9	-	22.17
A0A8H3AZI8	-	8.49
A0A8H3AZT0	-	21.93
A0A8H3B055	-	14.00
A0A8H3B0Z6	-	14.50
A0A8H3B5A0	-	14.43
A0A8H3B8G8	-	23.86
A0A8H3B9S6	-	15.87
A0A8H3BAF1	-	14.06
A0A8H3BDA9	-	21.99
A0A8H3BDF6	-	17.48
A0A8H3BH88	-	21.96
A0A8H3BJU5	-	13.43
A0A8H3BKM9	-	21.76
A0A8H3BLR1	-	22.11
A0A8H3BNH7	-	NA
A0A8H3BP52	C	3.26
A0A8H3BPP3	-	21.85
A0A8H3BQP1	-	21.99
A0A8H3BRT5	-	14.59
A0A8H3BS36	-	21.96
A0A8H3BVH4	C	3.12
A0A8H3BWB0	-	14.02
A0A8H3BYP2	-	14.46
A0A8H3C0L6	-	21.82
A0A8H3C0V7	-	17.31
A0A8H3C2J4	-	22.15
A0A8H3C3M9	-	14.60
A0A8H3C4G7	-	22.15
A0A8H3C4K7	-	22.58
A0A8H3C7V0	-	23.46
A0A8H3C861	-	12.56
A0A8H3C9U8	-	22.55
A0A8H3CA59	-	22.00
A0A8H3CAP5	-	17.48
A0A8H3CCD5	-	15.83
A0A8H3CDA8	-	NA
A0A8H3CFB7	-	22.66
A0A8H3CHT1	-	26.01
A0A8H3CIJ2	-	16.03
A0A8H3CIU4	-	21.83
A0A8H3CJ16	-	15.90
A0A8H3CM17	-	21.60
A0A8H3CM85	-	19.08
A0A8H3CPZ5	-	15.71
A0A8H3CQ20	C	3.46
A0A8H3CSH4	-	21.79
A0A8H3CUU5	-	14.43
A0A8H3CUW5	-	NA
A0A8H3CVH2	-	21.93
A0A8H3CZ20	-	NA
A0A8H3D189	-	13.78
A0A8H3D1S1	-	22.03
A0A8H3D561	-	23.18
A0A8H3DA81	-	22.11
A0A8H3DFX7	-	21.93
A0A8H3DG48	-	22.30
A0A8H3DH08	-	NA
A0A8H3DH36	-	14.21
A0A8H3DH45	-	14.31
A0A8H3DHK5	-	22.19
A0A8H3DKS2	-	NA
A0A8H3DMX3	-	14.11
A0A8H3DP18	-	17.69
A0A8H3DQW7	-	17.81
A0A8H3DR34	-	NA
A0A8H3DRV8	-	23.76
A0A8H3DT93	-	23.25
A0A8H3DTU2	-	14.50
A0A8H3DV55	-	17.74
A0A8H3DZ25	-	22.03
A0A8H3E068	-	22.14
A0A8H3E170	-	22.17
A0A8H3E3S0	-	22.00
A0A8H3E826	-	23.16
A0A8H3E969	-	14.02
A0A8H3EN91	C	3.12
A0A8H3FB07	-	23.14
A0A8H3FNM0	-	NA
A0A8H3FR24	-	NA
A0A8H3FVH9	-	NA
A0A8H3FYE1	-	22.82
A0A8H3G324	C	3.26
A0A8H3G5H2	C	3.16
A0A8H3G6G5	-	16.98
A0A8H3G8R3	-	23.66
A0A8H3GCN2	-	21.91
A0A8H3GDY3	-	21.99
A0A8H3GGT0	-	10.84
A0A8H3GHB1	-	17.65
A0A8H3GIJ6	-	14.53
A0A8H3GJ25	-	15.80
A0A8H3GJ96	-	19.12
A0A8H3GJI1	-	NA
A0A8H3GJP0	-	17.64
A0A8H3GKD3	-	22.67
A0A8H3GN92	-	21.92
A0A8H3GPF4	-	23.22
A0A8H3GPT3	-	21.74
A0A8H3GTI8	-	22.05
A0A8H3GTK5	-	22.06
A0A8H3GVC8	-	22.65
A0A8H3GWD2	-	21.90
A0A8H3GYD3	-	22.18
A0A8H3GYQ5	-	21.95
A0A8H3H1F0	-	23.24
A0A8H3H232	-	13.97
A0A8H3H2G3	-	15.55
A0A8H3H3H3	-	21.93
A0A8H3H4I9	-	22.26
A0A8H3H4T7	-	22.35
A0A8H3H5V5	-	21.83
A0A8H3H7F4	-	15.59
A0A8H3HCF2	-	16.02
A0A8H3HER9	-	8.51
A0A8H3HF69	-	21.95
A0A8H3HGU7	-	NA
A0A8H3HH87	-	23.79
A0A8H3HIA4	-	14.28
A0A8H3HML6	-	15.80
A0A8H3HU11	-	13.60
A0A8H3HVS0	C	3.12
A0A8H3HWJ3	-	22.59
A0A8H3I0H6	-	22.08
A0A8H3I335	-	NA
A0A8H3I3V1	-	22.06
A0A8H3I5R2	-	22.19
A0A8H3I9E9	-	NA
A0A8H3IAU0	-	NA
A0A8H3IDD5	-	NA
A0A8H3IL14	C	2.98
A0A8H3IRP0	-	22.34
A0A8H3J0U5	C	3.09
A0A8H3J3F8	C	2.91
A0A8H3JTK9	-	23.14
A0A8H3LDJ6	C*	3.80
A0A8H3LDR0	C	3.20
A0A8H3N1T5	-	22.98
A0A8H3NML7	-	22.76
A0A8H3S9D4	-	22.47
A0A8H3SDV5	-	21.77
A0A8H3SVZ6	-	22.72
A0A8H3U2Q4	-	22.18
A0A8H3U6Y9	-	22.70
A0A8H3UFY5	-	NA
A0A8H3UGI5	-	22.12
A0A8H3UMI6	-	21.57
A0A8H3URB4	-	23.78
A0A8H3USQ9	-	22.39
A0A8H3V839	-	22.14
A0A8H3VC67	-	NA
A0A8H3VIP5	-	22.63
A0A8H3VQH7	C	3.34
A0A8H3VS12	C	3.43
A0A8H3VUY2	-	16.26
A0A8H3VY49	-	21.90
A0A8H3VZM9	-	23.00
A0A8H3VZY2	C	2.85
A0A8H3W221	-	15.21
A0A8H3W2Z1	-	NA
A0A8H3W3M4	C	3.18
A0A8H3W3M5	C	3.09
A0A8H3W532	-	22.22
A0A8H3W6Q4	-	14.24
A0A8H3W909	-	NA
A0A8H3WAN6	-	10.40
A0A8H3WAX8	-	22.92
A0A8H3WCH4	-	22.06
A0A8H3WD10	-	22.70
A0A8H3WF76	C	3.46
A0A8H3WH14	-	22.17
A0A8H3WIY3	-	15.76
A0A8H3WJV1	-	22.99
A0A8H3WK00	-	14.43
A0A8H3WPE4	-	17.27
A0A8H3WRY4	C	3.19
A0A8H3WZW9	C	3.18
A0A8H3XIS9	C	3.23
A0A8H3XWU4	-	17.85
A0A8H3YLS0	C*	3.51
A0A8H3YMW2	C	3.41
A0A8H3YNM1	-	23.42
A0A8H3YPL6	-	22.03
A0A8H3Z1L5	-	22.14
A0A8H3Z1W3	-	14.40
A0A8H3Z591	C	3.20
A0A8H3Z5Y7	-	21.75
A0A8H3ZAJ8	-	21.64
A0A8H3ZF90	-	15.69
A0A8H3ZHC1	-	23.99
A0A8H3ZHJ7	-	21.86
A0A8H3ZHU8	-	22.67
A0A8H3ZQY2	C*	3.51
A0A8H3ZTR1	-	21.79
A0A8H3ZU88	C*	3.63
A0A8H3ZUN1	-	22.73
A0A8H3ZVK8	-	22.68
A0A8H3ZW58	-	15.71
A0A8H3ZY08	-	22.66
A0A8H4AMR5	C	2.99
A0A8H4AZG0	C	3.05
A0A8H4B004	C	3.15
A0A8H4C5A1	-	10.33
A0A8H4C6U6	-	14.89
A0A8H4C956	C	3.43
A0A8H4CAL0	-	22.54
A0A8H4CD88	C	2.86
A0A8H4CHB6	-	22.75
A0A8H4CIC1	-	17.43
A0A8H4CIP3	-	15.60
A0A8H4CJG9	-	NA
A0A8H4CJL9	-	15.76
A0A8H4CL76	-	12.32
A0A8H4CL90	-	15.11
A0A8H4CME3	-	22.64
A0A8H4CNT5	-	15.93
A0A8H4CP16	C	3.04
A0A8H4CPR6	-	NA
A0A8H4CQC8	-	14.30
A0A8H4CRX0	-	15.29
A0A8H4CT47	-	15.42
A0A8H4CUC1	-	NA
A0A8H4CX26	-	22.93
A0A8H4CXN0	-	21.90
A0A8H4EHU7	C	3.01
A0A8H4ER60	C	3.13
A0A8H4ERI9	C	2.95
A0A8H4ESM0	C*	3.58
A0A8H4ESV6	C	3.44
A0A8H4EUW6	C	3.26
A0A8H4FBY6	-	22.99
A0A8H4FFA4	-	22.15
A0A8H4FHG1	-	NA
A0A8H4FI02	-	22.43
A0A8H4FM17	-	15.27
A0A8H4FMR9	-	22.71
A0A8H4FPA4	-	22.22
A0A8H4FPM4	-	23.95
A0A8H4FQ42	-	14.40
A0A8H4FQ80	-	22.27
A0A8H4GTU5	-	22.84
A0A8H4H0Q4	-	21.85
A0A8H4H8E0	-	22.90
A0A8H4IH14	C*	3.88
A0A8H4IIH3	-	22.12
A0A8H4IJN7	-	15.50
A0A8H4IQ82	C	2.86
A0A8H4ITZ1	-	23.24
A0A8H4IVL2	-	NA
A0A8H4IYB2	-	22.96
A0A8H4JA75	-	23.10
A0A8H4JDQ9	-	NA
A0A8H4JHW9	-	NA
A0A8H4JJD2	C	2.84
A0A8H4JP05	-	23.02
A0A8H4JTZ8	-	16.75
A0A8H4JVE1	C	3.32
A0A8H4JW98	C*	3.54
A0A8H4JY40	C*	3.72
A0A8H4JZT0	-	22.82
A0A8H4K532	C	3.26
A0A8H4KAI2	C	3.34
A0A8H4KMC7	-	22.84
A0A8H4KQ60	-	22.30
A0A8H4KS18	C	2.92
A0A8H4KUG6	-	NA
A0A8H4KYT6	-	21.00
A0A8H4L1W2	-	20.75
A0A8H4L388	C*	3.90
A0A8H4L3K1	-	22.77
A0A8H4LAM5	C	3.22
A0A8H4LNJ3	C*	4.74
A0A8H4LT10	-	22.46
A0A8H4LT56	C	3.27
A0A8H4LY57	C	3.10
A0A8H4LYB6	C	2.82
A0A8H4N0Q7	-	22.89
A0A8H4N5Q2	-	22.63
A0A8H4N9I7	-	15.44
A0A8H4NB11	-	16.63
A0A8H4NPU8	-	22.48
A0A8H4NVH0	-	22.62
A0A8H4NX87	C*	3.84
A0A8H4NXJ4	C	2.83
A0A8H4P153	-	22.71
A0A8H4P2T7	C	3.03
A0A8H4P561	-	21.99
A0A8H4P6A3	-	NA
A0A8H4PDS8	C	3.14
A0A8H4PPA2	C	3.04
A0A8H4PWQ3	C	3.08
A0A8H4PYE1	C	3.04
A0A8H4PYJ1	C	3.42
A0A8H4Q371	C	3.26
A0A8H4Q5Y0	C	3.12
A0A8H4Q7B4	C	3.01
A0A8H4QE39	C	3.28
A0A8H4QR39	-	NA
A0A8H4QV49	-	20.51
A0A8H4QXJ4	-	22.49
A0A8H4QY85	-	22.51
A0A8H4R0R5	-	22.34
A0A8H4R4D3	-	18.17
A0A8H4R646	C	3.22
A0A8H4RCD7	C	3.12
A0A8H4RD19	C	3.30
A0A8H4REF5	C	2.88
A0A8H4RGI4	C	3.28
A0A8H4RK75	-	NA
A0A8H4RQF7	-	21.89
A0A8H4RSF8	-	21.68
A0A8H4RVR8	C	3.24
A0A8H4RXM0	-	NA
A0A8H4RXW4	-	23.57
A0A8H4SQZ4	C	2.83
A0A8H4SVI5	-	21.05
A0A8H4SVT9	C	3.03
A0A8H4SX43	C	3.37
A0A8H4SZ29	C	2.81
A0A8H4T3A8	-	22.61
A0A8H4T4S3	C	3.43
A0A8H4T571	C*	3.71
A0A8H4TAU8	-	22.40
A0A8H4TMG2	-	22.76
A0A8H4TN67	-	22.79
A0A8H4U9U3	C	2.87
A0A8H4UHJ6	-	21.76
A0A8H4UN72	C	2.67
A0A8H4UR38	C	3.28
A0A8H4V879	C*	6.80
A0A8H4VD00	C	2.99
A0A8H4VEK6	C*	3.72
A0A8H4VEL5	-	22.69
A0A8H4VFC3	C	3.01
A0A8H4VIV0	C	3.40
A0A8H4VJ57	-	11.37
A0A8H4VJZ4	-	NA
A0A8H4VQE1	-	22.61
A0A8H4VSB1	-	22.47
A0A8H4W2C0	C	3.10
A0A8H4W5E3	-	9.49
A0A8H4W5K7	C	3.30
A0A8H4W988	C	3.39
A0A8H4WA62	C*	3.87
A0A8H4WPP8	C	2.96
A0A8H4WW32	C*	3.53
A0A8H4WWH2	-	23.05
A0A8H4X0V2	C	3.43
A0A8H4X204	-	16.75
A0A8H4X3P9	-	22.55
A0A8H4X8T0	-	23.10
A0A8H4X9G3	-	20.89
A0A8H4XA50	-	22.65
A0A8H4XKD8	C*	4.51
A0A8H4XP10	-	22.59
A0A8H4YMN9	-	22.31
A0A8H4YZH8	-	22.82
A0A8H4Z0P3	-	NA
A0A8H4Z2B8	C*	3.62
A0A8H4ZIX0	-	NA
A0A8H4ZJ61	C	2.92
A0A8H4ZJR9	-	22.45
A0A8H4ZL32	C	3.27
A0A8H4ZRI9	C	2.93
A0A8H4ZX87	-	20.78
A0A8H4ZZ08	C	3.13
A0A8H5AC02	-	22.62
A0A8H5ACA7	-	NA
A0A8H5ANI9	-	22.83
A0A8H5AS67	-	NA
A0A8H5ATL4	-	22.03
A0A8H5ATU2	-	NA
A0A8H5AZD0	-	22.24
A0A8H5B6S5	C	3.20
A0A8H5BMN4	-	22.00
A0A8H5BNN2	-	22.31
A0A8H5C6D9	-	22.72
A0A8H5C7T8	-	22.05
A0A8H5C9M2	-	21.99
A0A8H5CLG7	-	23.18
A0A8H5CPZ2	C	3.31
A0A8H5CSQ3	C*	3.70
A0A8H5CSR4	C	2.99
A0A8H5CT78	-	14.95
A0A8H5CW67	-	15.13
A0A8H5CXW9	-	21.75
A0A8H5CYR8	-	22.44
A0A8H5DYD1	-	21.86
A0A8H5E686	C	3.45
A0A8H5E7V3	-	23.12
A0A8H5E8T2	-	22.80
A0A8H5EA09	-	16.80
A0A8H5EAG2	-	NA
A0A8H5ECQ3	-	21.08
A0A8H5EE65	-	22.66
A0A8H5EN09	C	2.53
A0A8H5ENW3	-	16.77
A0A8H5EP99	C*	4.12
A0A8H5ES61	-	21.99
A0A8H5ESC3	-	22.31
A0A8H5ESN2	-	21.28
A0A8H5ET27	-	21.93
A0A8H5ET41	-	22.12
A0A8H5EVZ1	C	3.22
A0A8H5G7U9	C	3.21
A0A8H5GBP1	C	3.34
A0A8H5GWW4	C	3.04
A0A8H5HDP7	C	3.09
A0A8H5HXK5	C	2.94
A0A8H5I5E5	C	3.46
A0A8H5IBZ4	-	22.49
A0A8H5ICY9	-	15.23
A0A8H5IDB1	C	2.79
A0A8H5IDF7	-	22.23
A0A8H5IFN4	-	15.41
A0A8H5IQ56	C	3.24
A0A8H5IQI9	C	3.47
A0A8H5J758	-	22.39
A0A8H5J780	C	3.23
A0A8H5J841	C	2.69
A0A8H5J9Q5	C*	3.91
A0A8H5JC63	C	3.15
A0A8H5JGL4	-	23.10
A0A8H5JKQ2	C	2.98
A0A8H5JP05	C	3.26
A0A8H5JRL3	-	NA
A0A8H5JU90	-	16.61
A0A8H5JUP5	-	21.05
A0A8H5JW57	C	2.95
A0A8H5K7H7	-	22.78
A0A8H5KA52	-	22.34
A0A8H5KBA7	-	23.11
A0A8H5KIL6	-	22.60
A0A8H5KJP4	C*	3.64
A0A8H5KJQ9	-	13.20
A0A8H5KKH2	C	2.76
A0A8H5KLF1	C	2.79
A0A8H5KLN9	-	23.12
A0A8H5KTM0	-	22.59
A0A8H5KU78	-	16.76
A0A8H5L5W2	-	22.58
A0A8H5L5Z4	C*	4.57
A0A8H5L7G9	C	3.28
A0A8H5L7U2	C*	3.57
A0A8H5L9I1	-	20.94
A0A8H5LGT6	C*	3.55
A0A8H5LLZ7	C	3.21
A0A8H5LR22	C	3.17
A0A8H5MJF5	C	3.44
A0A8H5MKJ1	C	2.95
A0A8H5MQC7	-	NA
A0A8H5MQF9	-	15.26
A0A8H5MSD3	-	17.82
A0A8H5MTE4	C	3.44
A0A8H5MYS2	-	22.62
A0A8H5MYW8	-	22.49
A0A8H5N717	-	16.66
A0A8H5N7B6	-	NA
A0A8H5N7W5	C	2.89
A0A8H5NAG7	-	22.64
A0A8H5NBS9	C*	3.50
A0A8H5ND32	-	23.06
A0A8H5NDH7	-	22.73
A0A8H5NFC4	C	2.71
A0A8H5NI46	-	23.12
A0A8H5NML4	C	3.26
A0A8H5NV84	-	22.85
A0A8H5NW48	-	15.92
A0A8H5NWN0	-	15.90
A0A8H5P4T9	-	22.65
A0A8H5P677	-	13.05
A0A8H5P686	C	3.26
A0A8H5P785	C	2.75
A0A8H5P954	-	22.67
A0A8H5PBB3	-	NA
A0A8H5PBF2	-	NA
A0A8H5PCC7	C	3.43
A0A8H5PRZ9	-	16.76
A0A8H5PV85	-	23.13
A0A8H5Q4Q0	-	16.52
A0A8H5Q4V2	-	22.85
A0A8H5Q7J5	-	18.86
A0A8H5R283	-	23.03
A0A8H5RMQ3	-	22.44
A0A8H5RV81	C	2.91
A0A8H5S8V9	C	3.30
A0A8H5SCC9	C	2.87
A0A8H5SQH1	C*	3.51
A0A8H5SS39	C*	3.59
A0A8H5STQ5	-	15.46
A0A8H5SV87	-	21.16
A0A8H5SVS3	-	8.69
A0A8H5SX11	-	22.51
A0A8H5T6U4	C	2.95
A0A8H5T9H9	-	23.06
A0A8H5TCH9	C	2.81
A0A8H5TCK8	C	2.82
A0A8H5TF94	-	16.67
A0A8H5TJM2	-	22.86
A0A8H5TQU7	-	NA
A0A8H5TSQ9	C	2.91
A0A8H5TTH5	-	22.41
A0A8H5TUE0	-	20.37
A0A8H5TUF0	-	15.84
A0A8H5U0D3	C	2.85
A0A8H5U2G8	-	22.84
A0A8H5U9E2	C	3.25
A0A8H5UC91	-	NA
A0A8H5UEB6	-	22.23
A0A8H5UEG0	C*	3.53
A0A8H5UH86	C	3.42
A0A8H5UJH2	-	16.75
A0A8H5UKS9	C	2.92
A0A8H5UPH0	-	20.71
A0A8H5UPN3	C	3.33
A0A8H5USK3	-	22.79
A0A8H5UVB9	-	23.07
A0A8H5UZ86	-	22.60
A0A8H5UZN1	-	22.30
A0A8H5V2R6	C	2.93
A0A8H5V603	C	2.86
A0A8H5V6E6	-	NA
A0A8H5VII5	-	NA
A0A8H5VQS7	-	20.80
A0A8H5VR89	-	22.78
A0A8H5W5B7	-	16.84
A0A8H5WCB4	-	NA
A0A8H5WLG2	-	22.46
A0A8H5WU54	-	22.73
A0A8H5WV73	C	2.93
A0A8H5WWF5	C	3.22
A0A8H5WWP5	-	16.79
A0A8H5WYS4	C*	3.54
A0A8H5X231	-	22.14
A0A8H5X8W1	-	22.47
A0A8H5XAB3	-	22.32
A0A8H5XEV6	-	23.09
A0A8H5XKR6	C*	3.59
A0A8H5XND2	-	20.48
A0A8H5XW17	-	NA
A0A8H5XYF6	-	16.65
A0A8H5Y186	C	3.45
A0A8H5Y400	C	2.89
A0A8H5Y692	-	22.76
A0A8H5Y9L7	-	22.72
A0A8H5Y9M7	-	20.38
A0A8H5YF66	-	21.70
A0A8H5YFK9	-	23.09
A0A8H5YQ63	-	16.78
A0A8H5YWG8	C	2.77
A0A8H5YXQ5	-	23.08
A0A8H5Z228	-	22.84
A0A8H5Z2U4	C	2.91
A0A8H5ZBE3	C	2.70
A0A8H5ZBW5	-	21.89
A0A8H5ZGI7	-	22.67
A0A8H5ZGU7	-	22.95
A0A8H5ZHE0	-	18.75
A0A8H5ZPQ1	-	14.87
A0A8H5ZPY0	-	16.49
A0A8H5ZQ82	C	3.01
A0A8H5ZTP5	-	14.89
A0A8H5ZV75	-	22.18
A0A8H5ZVG9	C	3.49
A0A8H6A0W2	-	NA
A0A8H6AH89	C	3.44
A0A8H6AHL4	C*	4.13
A0A8H6AJG6	-	NA
A0A8H6AXV0	C	3.20
A0A8H6B365	C*	3.52
A0A8H6CZQ6	-	NA
A0A8H6D6E9	C	3.44
A0A8H6DAN0	-	22.64
A0A8H6DCF2	C	3.43
A0A8H6DIP9	C	2.85
A0A8H6DL01	C	3.28
A0A8H6DNI4	-	14.52
A0A8H6DQX8	-	16.00
A0A8H6E1Q8	-	22.31
A0A8H6E4D1	C*	3.56
A0A8H6EDG9	-	9.92
A0A8H6EGG1	-	23.21
A0A8H6FIQ4	-	NA
A0A8H6G9R1	-	12.62
A0A8H6GAT6	-	23.07
A0A8H6GJM5	C	2.92
A0A8H6GKA5	C	3.16
A0A8H6GLN4	-	16.74
A0A8H6GM20	-	22.49
A0A8H6GNV5	C	2.97
A0A8H6GQK0	-	22.80
A0A8H6GTV3	-	22.75
A0A8H6HCQ0	-	22.32
A0A8H6HGD8	-	21.67
A0A8H6HIZ0	-	22.17
A0A8H6HKA3	-	22.13
A0A8H6HM07	-	22.40
A0A8H6HN38	-	22.18
A0A8H6HQ22	-	22.19
A0A8H6HT48	-	NA
A0A8H6IQ64	-	22.63
A0A8H6IS43	-	21.93
A0A8H6IU52	-	23.96
A0A8H6IV04	C	3.50
A0A8H6IWA6	-	22.81
A0A8H6IY60	-	15.39
A0A8H6IZL4	-	22.55
A0A8H6IZN0	-	15.39
A0A8H6IZS0	-	22.96
A0A8H6J054	-	15.33
A0A8H6J558	-	22.55
A0A8H6J5G7	-	22.74
A0A8H6J6I2	C*	3.71
A0A8H6J983	-	22.84
A0A8H6JDF9	C	3.01
A0A8H6JFM5	-	23.06
A0A8H6JGN5	C	3.47
A0A8H6JHW7	-	22.53
A0A8H6JK77	-	23.09
A0A8H6JLP4	-	23.95
A0A8H6JQY8	-	22.66
A0A8H6JU27	-	22.80
A0A8H6JUQ2	-	22.70
A0A8H6JVW5	-	NA
A0A8H6JY07	-	NA
A0A8H6K2X5	C*	3.63
A0A8H6K3D9	-	NA
A0A8H6K5B3	-	16.69
A0A8H6K6D0	-	23.08
A0A8H6K989	-	22.78
A0A8H6KBA5	-	22.97
A0A8H6KDD4	-	22.68
A0A8H6KE22	-	NA
A0A8H6KF39	-	15.25
A0A8H6KFC1	-	15.41
A0A8H6KGA4	C	3.39
A0A8H6KSM3	C	2.94
A0A8H6KU06	-	21.79
A0A8H6L0G3	-	NA
A0A8H6L2R8	C	3.41
A0A8H6LB48	-	20.91
A0A8H6LBS9	C	3.23
A0A8H6LKN3	-	22.45
A0A8H6LM81	C	2.92
A0A8H6M1T0	C	2.98
A0A8H6M523	-	13.16
A0A8H6M859	-	22.19
A0A8H6MKC6	-	NA
A0A8H6MMP4	-	22.31
A0A8H6MRC0	C	3.50
A0A8H6MRK7	C	3.48
A0A8H6MV95	-	22.15
A0A8H6MX70	-	NA
A0A8H6MXW4	-	10.53
A0A8H6MXZ4	-	16.59
A0A8H6N0D2	-	NA
A0A8H6N1I1	-	23.10
A0A8H6N3Z9	-	10.57
A0A8H6N7U5	-	NA
A0A8H6N8Q9	-	22.29
A0A8H6NC09	-	19.82
A0A8H6NCK7	-	23.70
A0A8H6NEA7	-	22.88
A0A8H6NIR3	C*	3.64
A0A8H6NIY1	C	3.44
A0A8H6NJ52	-	23.26
A0A8H6NLN1	-	16.74
A0A8H6NMK0	-	22.90
A0A8H6NPF4	C	3.03
A0A8H6NWB6	-	15.30
A0A8H6NYW2	-	NA
A0A8H6P259	-	22.28
A0A8H6P2A3	-	22.79
A0A8H6PEN0	-	22.87
A0A8H6PKJ6	-	22.18
A0A8H6Q2T8	-	22.35
A0A8H6Q3V1	-	18.95
A0A8H6QIW3	-	22.80
A0A8H6QJJ2	-	22.66
A0A8H6R1E0	-	18.79
A0A8H6R272	C*	3.52
A0A8H6R6V0	-	21.93
A0A8H6RB12	-	14.84
A0A8H6RFC0	C	3.29
A0A8H6RGS3	C	2.65
A0A8H6RUP2	-	22.87
A0A8H6RWT0	-	14.31
A0A8H6S0L4	C*	3.79
A0A8H6S8I0	-	NA
A0A8H6SA99	C	3.01
A0A8H6SNJ8	-	14.74
A0A8H6U8S8	C	3.10
A0A8H6VAE7	-	NA
A0A8H6VCY1	-	22.10
A0A8H6VDP8	C*	6.43
A0A8H6VED4	-	22.66
A0A8H6VEP3	-	17.40
A0A8H6VFN9	C	3.49
A0A8H6VME7	-	15.23
A0A8H6VUF2	-	14.49
A0A8H6WIU6	-	21.89
A0A8H6X7R3	C	3.24
A0A8H6XYA6	-	22.00
A0A8H6XZ87	-	14.76
A0A8H6Y0J2	-	15.74
A0A8H6Y0Y5	C*	15.60
A0A8H6YCU9	C*	3.64
A0A8H6YF55	C	3.19
A0A8H6YGA9	-	15.12
A0A8H6YHY9	-	NA
A0A8H6YNE5	-	22.12
A0A8H6ZAK3	C	3.39
A0A8H6ZUP2	-	13.05
A0A8H7AB16	C	3.41
A0A8H7AEH3	-	17.53
A0A8H7AFZ9	C*	3.52
A0A8H7AXV4	-	22.16
A0A8H7AY81	-	22.36
A0A8H7AYA9	-	14.99
A0A8H7B370	-	22.83
A0A8H7B393	-	18.97
A0A8H7B5E2	-	20.07
A0A8H7B9S1	-	22.79
A0A8H7BB98	-	NA
A0A8H7BCG0	-	15.70
A0A8H7BCK5	C*	3.65
A0A8H7BEA9	C	2.94
A0A8H7C4Z8	C	3.47
A0A8H7C551	-	NA
A0A8H7D4T6	-	22.50
A0A8H7DEF9	-	22.00
A0A8H7DID7	-	15.68
A0A8H7DQG2	-	22.17
A0A8H7E323	C	2.88
A0A8H7E394	C	3.38
A0A8H7E8W0	-	23.16
A0A8H7EE27	-	23.29
A0A8H7EE91	-	22.43
A0A8H7EGD0	-	21.03
A0A8H7EH36	-	19.97
A0A8H7EHU6	-	20.94
A0A8H7EIF0	-	23.17
A0A8H7EN31	-	15.96
A0A8H7F114	C	3.35
A0A8H7F118	C*	3.53
A0A8H7F178	C	2.63
A0A8H7H065	-	NA
A0A8H7H0A0	-	NA
A0A8H7H1Q4	-	21.61
A0A8H7H1R4	-	21.62
A0A8H7H281	-	22.14
A0A8H7H787	-	15.20
A0A8H7HCV1	C*	14.26
A0A8H7HE37	-	23.32
A0A8H7HEV2	-	17.47
A0A8H7HFI3	-	NA
A0A8H7HNU4	-	21.54
A0A8H7HP73	-	21.95
A0A8H7HPD8	-	21.69
A0A8H7HQN1	-	21.70
A0A8H7HVL3	-	14.02
A0A8H7HXA0	C*	15.53
A0A8H7HXY8	-	14.16
A0A8H7I0G9	-	22.40
A0A8H7I333	-	NA
A0A8H7I922	-	23.34
A0A8H7IBD4	-	23.44
A0A8H7IC95	-	NA
A0A8H7ICL8	-	23.56
A0A8H7IE62	-	17.48
A0A8H7IKL1	-	14.34
A0A8H7INQ5	-	15.20
A0A8H7IPC8	-	15.49
A0A8H7IPN2	C	3.48
A0A8H7IPP2	C	2.97
A0A8H7IQP6	C	3.02
A0A8H7IRY9	C	3.15
A0A8H7IUM4	-	15.13
A0A8H7IXR7	-	15.90
A0A8H7IZ83	C	3.01
A0A8H7IZF4	-	14.80
A0A8H7J267	-	15.84
A0A8H7J743	-	20.34
A0A8H7J751	-	18.96
A0A8H7JA56	-	22.97
A0A8H7JAM7	C*	3.58
A0A8H7JBZ9	-	21.94
A0A8H7JCU1	C	3.03
A0A8H7JEC5	C	2.82
A0A8H7K265	-	NA
A0A8H7K458	-	21.32
A0A8H7LGB7	-	22.25
A0A8H7LH97	-	21.84
A0A8H7LHE7	-	21.66
A0A8H7LHS8	-	21.98
A0A8H7LK40	-	23.84
A0A8H7LLC6	-	18.66
A0A8H7LLQ8	-	21.77
A0A8H7LVB4	-	15.46
A0A8H7LY65	-	NA
A0A8H7LYP2	-	21.67
A0A8H7LYZ4	-	NA
A0A8H7M1F4	-	NA
A0A8H7M6V8	-	14.07
A0A8H7M7A9	C*	14.28
A0A8H7MAH7	-	23.20
A0A8H7MD11	-	23.71
A0A8H7MDL2	-	22.33
A0A8H7MHY0	-	NA
A0A8H7MKD7	C	2.87
A0A8H7MLP2	-	15.15
A0A8H7MYD8	-	22.71
A0A8H7NBP5	-	22.58
A0A8H7NEV0	C	3.20
A0A8H7NLJ7	-	15.34
A0A8H7NNH4	-	22.83
A0A8H7NZM8	C*	3.59
A0A8H7T090	-	23.49
A0A8H7T3E4	-	22.82
A0A8H7TA63	-	17.43
A0A8H7TEF7	-	21.88
A0A8H7TLJ9	C	3.44
A0A8H7W0M8	-	NA
A0A8H7W2C3	-	20.39
A0A8H7W5S0	-	15.18
A0A8H7W5S3	-	14.90
A0A8H7W829	-	23.20
A0A8H7WDA9	-	22.98
A0A8H7WER1	C	3.36
A0A8H7WI46	-	14.76
A0A8H7WJ80	C	3.19
A0A8H7XPI9	-	21.41
A0A8H7XYD0	-	22.22
A0A8H7XZB0	-	22.14
A0A8H7Y1Y0	-	21.87
A0A8H7Y473	C	2.95
A0A8H7Y4Q9	-	22.06
A0A8H7Y6P0	C	2.80
A0A8H7Y728	C	3.48
A0A8H7Y763	-	NA
A0A8H7YES8	C	3.29
A0A8H7YFF4	-	15.26
A0A8H7YK62	-	23.02
A0A8H7YT13	C*	3.55
A0A8H7Z3G6	C	2.79
A0A8H8BUN9	C	3.35
A0A8H8BVI5	-	22.45
A0A8H8CFE2	C	3.23
A0A8H8CGD4	-	21.82
A0A8H8CNT2	C	3.23
A0A8H8D6L7	C	3.03
A0A8H8D9Z1	-	15.32
A0A8H8NXP1	-	21.76
A0A8H8P1Y9	-	15.42
A0A8H8P4P0	-	NA
A0A8H8P5E1	-	21.89
A0A8H8P683	-	22.23
A0A8H8P6Q4	-	14.43
A0A8H8P6Z0	-	15.17
A0A8H8P906	-	13.84
A0A8H8PB78	-	22.41
A0A8H8PBL8	-	14.07
A0A8H8QL19	-	8.24
A0A8H8RL10	-	NA
A0A8H8RNN3	C	2.49
A0A8H8RR52	C	3.11
A0A8H8RRA0	-	NA
A0A8H8RSC4	C	2.98
A0A8H8SX22	-	21.77
A0A8H8SYD2	-	23.32
A0A8H8SYG4	-	NA
A0A8H8SZ86	-	17.58
A0A8H8SZK0	-	21.60
A0A8H8T2N9	-	13.74
A0A8H8TWB0	C	3.00
A0A8H8TWG2	C	2.98
A0A8H8TY34	-	15.43
A0A8H8U2D2	-	NA
A0A8H8U903	C*	3.78
A0A8H8UDN1	-	20.21
A0A8H8UJ86	-	23.02
A0A8H8VMB0	-	NA
A0A8H9LF69	-	NA
A0A8I0HR42	-	10.24
A0A8I0N0B8	C*	3.56
A0A8I0T5D5	C*	3.69
A0A8I0TNY5	-	NA
A0A8I0TQ07	-	NA
A0A8I1B785	C*	4.16
A0A8I2YWL6	C*	3.75
A0A8I2YZN7	C	3.16
A0A8I2Z321	-	23.24
A0A8I2Z9I3	C	3.23
A0A8I2ZGI6	C	2.93
A0A8I2ZPC4	C	3.42
A0A8I2ZUB0	C	3.20
A0A8I3A057	-	22.77
A0A8I3A060	-	23.02
A0A8I3A4L4	C	3.09
A0A8I3ABR5	C*	3.73
A0A8I3AJ06	-	23.06
A0A8I3N097	-	12.78
A0A8I3N630	-	13.31
A0A8I3PWM0	-	13.07
A0A8I5P4N7	-	13.15
A0A8I6AEZ4	-	13.28
A0A8I6XAM2	C	2.98
A0A8I6XVQ0	C	2.86
A0A8J0VPY8	-	7.89
A0A8J1JPZ8	-	13.79
A0A8J1KWE0	-	10.47
A0A8J1L3K0	-	14.25
A0A8J1MAN5	-	12.78
A0A8J1T8Q4	-	12.64
A0A8J1UW52	-	13.14
A0A8J1XGG3	-	12.46
A0A8J2HSP6	-	22.32
A0A8J2HUY8	-	15.81
A0A8J2HVI4	-	14.91
A0A8J2HXE4	-	22.76
A0A8J2I1Y0	-	22.58
A0A8J2I5H4	-	22.79
A0A8J2I7M8	-	22.82
A0A8J2IA55	-	22.13
A0A8J2IB02	-	15.70
A0A8J2ID19	C	2.94
A0A8J2IDN1	-	22.27
A0A8J2IFZ7	-	23.11
A0A8J2IPY8	C	3.42
A0A8J2IST9	-	23.10
A0A8J2IYY8	C	3.26
A0A8J2J3A4	-	22.43
A0A8J2J3P6	-	20.96
A0A8J2JFH0	C	2.89
A0A8J2LKQ7	-	14.95
A0A8J2LTQ0	-	13.25
A0A8J2M935	-	14.08
A0A8J2MVV0	-	23.44
A0A8J2MWK5	C*	3.91
A0A8J2MZQ3	C	3.09
A0A8J2N4P6	-	19.52
A0A8J2N5E0	-	21.37
A0A8J2N5V0	-	23.20
A0A8J2N7P3	-	15.40
A0A8J2N8J7	-	20.21
A0A8J2NFA9	C	2.77
A0A8J2NFF3	-	22.58
A0A8J2NGY7	-	21.95
A0A8J2NJK9	-	22.80
A0A8J2NKZ4	-	22.55
A0A8J2NNS2	C*	4.50
A0A8J2Q7V7	-	17.99
A0A8J2SFI9	-	11.12
A0A8J2X377	C	3.32
A0A8J3BBZ6	-	16.37
A0A8J3BGB2	-	NA
A0A8J3BKF7	-	16.26
A0A8J3BUV9	C	3.35
A0A8J3FHP6	-	NA
A0A8J3FJ51	-	NA
A0A8J3JPJ3	-	15.57
A0A8J3KQH3	-	15.56
A0A8J3LPF5	-	14.68
A0A8J3MXC0	-	42.92
A0A8J3NR48	-	15.64
A0A8J3NUP5	-	15.60
A0A8J3PBE0	-	15.49
A0A8J4BKA8	C	2.79
A0A8J4E5Z3	C	2.75
A0A8J4I4U8	-	13.30
A0A8J4IBI6	-	12.73
A0A8J4IMV8	-	13.05
A0A8J4JHV9	-	12.97
A0A8J4JIW2	-	13.35
A0A8J4JL23	-	12.73
A0A8J4JZA9	-	13.00
A0A8J4KHU5	-	12.99
A0A8J4KIM9	-	13.37
A0A8J4L2L8	-	13.36
A0A8J4NKR4	-	13.33
A0A8J4NLN4	-	12.74
A0A8J4NTJ9	-	12.74
A0A8J4P914	-	12.74
A0A8J4PJD4	-	12.99
A0A8J4R1C7	C	2.81
A0A8J4RCB2	C	2.75
A0A8J4RG28	C	2.65
A0A8J4S3K7	-	12.38
A0A8J4S5D5	-	12.29
A0A8J4S5S5	-	12.49
A0A8J4S7I2	-	12.15
A0A8J4S9F2	-	12.47
A0A8J4SBM2	-	12.73
A0A8J4SI66	C*	12.25
A0A8J4SR52	-	12.31
A0A8J4T0Z1	-	13.05
A0A8J4T8F5	C*	11.25
A0A8J4TMF3	C*	10.28
A0A8J4TVK1	-	13.18
A0A8J4UAN4	-	12.76
A0A8J4VBG9	C	2.72
A0A8J4W626	-	12.73
A0A8J4W827	-	NA
A0A8J4XFF5	-	12.73
A0A8J5F0X4	C	2.65
A0A8J5F3I4	C	3.23
A0A8J5F4W5	C	2.67
A0A8J5HRF1	C	2.83
A0A8J5IEP3	-	12.13
A0A8J5IJ88	-	12.34
A0A8J5IYY3	-	12.51
A0A8J5IZX1	-	NA
A0A8J5JEM4	-	12.06
A0A8J5LJA9	C	2.85
A0A8J5M7S4	-	NA
A0A8J5MDI9	-	12.53
A0A8J5MHP1	-	12.72
A0A8J5NJX7	-	20.76
A0A8J5NKZ0	C	2.82
A0A8J5NLS7	-	16.67
A0A8J5NND1	-	23.05
A0A8J5NR04	C*	3.55
A0A8J5NRL0	-	22.44
A0A8J5NRV3	-	20.40
A0A8J5P700	-	22.52
A0A8J5P8T9	C	3.24
A0A8J5PCQ5	C	2.83
A0A8J5PGY7	-	20.81
A0A8J5PN01	-	16.69
A0A8J5PNS1	C	3.33
A0A8J5PXY4	-	22.84
A0A8J5Q1X9	C	2.77
A0A8J5Q444	-	22.80
A0A8J5Q6Q8	C	2.98
A0A8J5RBS7	C*	3.68
A0A8J5SQH5	C	2.89
A0A8J5T3N5	C	3.02
A0A8J5TNI1	C	3.00
A0A8J5TR18	C	2.99
A0A8J5TU76	C	2.73
A0A8J5TWT7	-	22.87
A0A8J5TY63	C	2.90
A0A8J5TY65	-	22.24
A0A8J5UAU7	-	NA
A0A8J5UCZ8	-	22.53
A0A8J5UES2	C	2.78
A0A8J5UIE6	-	NA
A0A8J5XMZ9	-	NA
A0A8J5YHH3	C	2.76
A0A8J5YW30	C	2.83
A0A8J5YYR4	-	NA
A0A8J5Z0Y9	C	3.28
A0A8J5ZKV7	C	3.20
A0A8J6AKY6	-	12.69
A0A8J6CKG0	C	3.33
A0A8J6DRE2	-	13.32
A0A8J6FEG1	-	12.68
A0A8J6GU63	-	13.21
A0A8J6JYS1	-	12.74
A0A8J6JZ99	-	12.76
A0A8J6K5S1	-	13.94
A0A8J6KBC9	-	12.67
A0A8J6KFN8	-	13.25
A0A8J6KYG5	-	13.08
A0A8J6XJ86	-	NA
A0A8J7DI34	-	59.25
A0A8J7F6V8	-	15.08
A0A8J7GKX2	C	3.47
A0A8J7HGQ2	-	NA
A0A8J7L5S7	-	89.06
A0A8J7L7N4	-	NA
A0A8J7NNI0	-	12.82
A0A8J7NVL6	-	12.74
A0A8J7NVZ9	-	13.15
A0A8J8W5E6	-	22.72
A0A8J8W6K5	-	16.19
A0A8J8W9R0	-	22.83
A0A8J8WHI1	-	21.91
A0A8J8XD96	-	13.27
A0A8J9R8H5	-	NA
A0A8J9RRY2	-	22.25
A0A8J9S7Y1	-	12.72
A0A8J9SJ80	C	2.77
A0A8J9T919	C	2.68
A0A8J9TGG3	-	NA
A0A8J9YXI2	C*	13.34
A0A8J9Z708	-	13.14
A0A8J9Z8E2	-	13.55
A0A8J9ZE55	C*	13.21
A0A8K0ADI4	C*	13.34
A0A8K0B8C8	-	13.27
A0A8K0BIS4	-	12.74
A0A8K0E3G2	-	NA
A0A8K0E7R0	-	13.50
A0A8K0E9J9	-	13.38
A0A8K0EZA9	C*	13.53
A0A8K0F1T5	C*	13.45
A0A8K0FL04	-	12.99
A0A8K0GST7	C	3.37
A0A8K0HG83	C	3.11
A0A8K0HX05	C	2.65
A0A8K0IA90	-	NA
A0A8K0IQ09	C	3.36
A0A8K0J8J2	-	15.58
A0A8K0KU96	-	9.28
A0A8K0KZP6	-	22.80
A0A8K0L1T7	-	22.42
A0A8K0L574	C	3.17
A0A8K0MMK9	C	2.85
A0A8K0NFF9	C	3.48
A0A8K0NK64	C	3.16
A0A8K0QTJ7	-	22.71
A0A8K0QU28	C*	4.29
A0A8K0QVH6	C*	3.85
A0A8K0QZ37	-	21.97
A0A8K0R3D6	-	NA
A0A8K0R411	-	23.30
A0A8K0RBX9	C	3.05
A0A8K0RCB9	-	15.23
A0A8K0RHV4	C*	3.80
A0A8K0RHX5	C	2.97
A0A8K0RNQ8	C*	3.53
A0A8K0RPH1	C*	3.66
A0A8K0RSB1	C	2.83
A0A8K0RU59	-	22.45
A0A8K0RUZ8	-	20.82
A0A8K0RWF0	-	22.89
A0A8K0RWG1	-	23.00
A0A8K0RY72	-	20.76
A0A8K0S0Q0	C*	3.74
A0A8K0S294	C	3.45
A0A8K0S985	-	16.96
A0A8K0SDU2	-	22.10
A0A8K0SEI0	-	NA
A0A8K0SF48	-	22.62
A0A8K0SFD5	-	21.47
A0A8K0SFW5	C*	3.55
A0A8K0SGD0	-	15.64
A0A8K0SIZ5	-	15.06
A0A8K0SMU2	-	22.32
A0A8K0SN24	C	3.06
A0A8K0SP35	-	22.97
A0A8K0SPJ6	C	2.90
A0A8K0SSN8	-	22.21
A0A8K0STX4	-	21.81
A0A8K0SXK6	-	22.97
A0A8K0SYX0	-	23.05
A0A8K0SZ49	C*	3.67
A0A8K0T241	-	22.62
A0A8K0T2R2	C	2.98
A0A8K0T5V7	-	15.47
A0A8K0T5X5	-	23.83
A0A8K0T7A0	-	21.80
A0A8K0T7L1	-	22.95
A0A8K0T8Y5	-	NA
A0A8K0T9Q5	-	15.95
A0A8K0TE23	-	23.67
A0A8K0TF79	C	3.09
A0A8K0TFL5	C	2.94
A0A8K0THS9	C	3.40
A0A8K0TMS7	-	15.18
A0A8K0TQB4	-	22.90
A0A8K0TUH1	C	3.48
A0A8K0VRA6	-	19.50
A0A8K0VRX6	-	16.52
A0A8K0VW54	-	22.31
A0A8K0VWH7	-	23.21
A0A8K0VYL3	-	19.90
A0A8K0W0Q0	-	20.42
A0A8K0W1B4	-	19.79
A0A8K0W2K9	-	20.95
A0A8K0W3L3	-	16.07
A0A8K0W404	-	14.94
A0A8K0W4A4	-	22.98
A0A8K0W6E8	-	22.90
A0A8K0WE54	C	3.49
A0A8K0WIP2	C	3.29
A0A8K0WJI8	-	23.15
A0A8K0WK45	-	18.64
A0A8K0WKB2	-	15.81
A0A8K0WKS9	-	15.32
A0A8K0WM93	-	15.65
A0A8K0WMN7	-	23.71
A0A8K0WNC5	-	15.96
A0A8K0WNM9	-	9.56
A0A8K0WPV5	-	23.11
A0A8K0X9Z3	-	NA
A0A8K1CFR2	-	12.58
A0A8K1FER6	-	12.37
A0A8K1FF30	-	12.77
A0A8K1FHN5	-	12.96
A0A8K1FHV1	-	12.80
A0A8K1FJI0	-	12.01
A0A8K1FNX2	-	12.67
A0A8K1GD76	-	13.06
A0A8K1GFN2	-	12.77
A0A8K1LL24	-	13.34
A0A8K1W5Q1	-	20.83
A0A8K1YI07	-	13.36
A0A8K9UV66	-	12.95
A0A8K9X1D3	-	12.87
A0A8K9X5S8	-	12.91
A0A8M1F0A3	-	13.20
A0A8M1M994	-	13.30
A0A8M1MQI7	-	15.75
A0A8M1PAD4	-	13.10
A0A8M9Q985	-	12.84
A0A8P0N805	-	13.31
A0A8P4G0M8	-	13.29
A0A8P4G616	-	12.76
A0A8R1DZD9	-	11.30
A0A8R1E0T6	-	13.30
A0A8R1HKF6	-	14.32
A0A8R1HLH5	-	14.46
A0A8R1HRK2	-	14.19
A0A8R1HTW6	-	13.25
A0A8R1HV40	-	15.26
A0A8R1TKI8	-	NA
A0A8R1TKT0	-	13.33
A0A8R1TXN9	-	16.54
A0A8R1TZ22	-	14.50
A0A8R1Y3G8	-	14.30
A0A8R7TMK7	C	2.87
A0A8R7ULZ0	C	3.10
A0A8S0Q4H7	C*	3.65
A0A8S0Q4Z9	C	3.21
A0A8S0R4R5	C	2.82
A0A8S0RWT1	C	2.85
A0A8S0RZ97	C	2.90
A0A8S0S5P5	C	3.21
A0A8S0S8L4	C	2.99
A0A8S0T1Q9	C	2.87
A0A8S0T6Q7	C	2.91
A0A8S0TLT4	C	2.75
A0A8S0UBA7	C	2.96
A0A8S0UK52	C	2.91
A0A8S0VBW7	C	2.84
A0A8S0VGL2	C	2.88
A0A8S0VGT0	C	2.90
A0A8S0VIH9	C	2.97
A0A8S0VIP0	C	2.94
A0A8S0VZA4	-	22.48
A0A8S0W339	-	21.94
A0A8S0WA24	-	22.51
A0A8S0WXG2	-	22.41
A0A8S0X4V0	-	22.77
A0A8S0XSP5	C	3.17
A0A8S1ERZ7	-	17.91
A0A8S1EVI4	-	14.03
A0A8S1F445	-	17.47
A0A8S1F500	-	11.39
A0A8S1F8Y1	-	13.44
A0A8S1FA95	-	11.57
A0A8S1GQP8	-	18.41
A0A8S1GXQ2	-	13.75
A0A8S1H740	-	11.04
A0A8S1HC60	-	17.82
A0A8S2MFL9	-	12.26
A0A8S3PQP2	-	14.27
A0A8S3PQQ5	-	12.82
A0A8S3PUT0	-	12.50
A0A8S3PVY6	-	19.51
A0A8S3PWU5	-	17.38
A0A8S3QBU2	-	14.14
A0A8S3QCE6	-	NA
A0A8S3QCN4	-	12.21
A0A8S3QWT6	-	10.79
A0A8S3R655	-	10.07
A0A8S3R6D1	-	12.44
A0A8S3R6L7	-	15.94
A0A8S3R7K9	-	15.80
A0A8S3RAB7	-	11.41
A0A8S3RC90	-	11.08
A0A8S3RHI5	-	17.44
A0A8S3RKR7	-	17.37
A0A8S3RU87	-	10.87
A0A8S3RV89	-	17.42
A0A8S3RVH3	-	13.06
A0A8S3RVL9	-	NA
A0A8S3RVY5	-	10.53
A0A8S3RX09	-	16.46
A0A8S3RXY4	-	12.39
A0A8S3S028	-	NA
A0A8S3S1H2	-	17.31
A0A8S3S1J4	-	NA
A0A8S3S3A8	-	14.19
A0A8S3SDN1	-	23.39
A0A8S3SG45	-	15.69
A0A8S3SIB6	-	14.36
A0A8S3SLQ6	-	12.68
A0A8S3SWK0	-	17.25
A0A8S3T549	-	12.44
A0A8S3TBT4	-	10.16
A0A8S3THT1	-	12.38
A0A8S3THZ3	-	NA
A0A8S3TPH7	-	16.43
A0A8S3TRN7	-	12.35
A0A8S3UCA2	C*	7.43
A0A8S3UET5	-	19.43
A0A8S3UR58	-	13.19
A0A8S3UWG2	-	10.70
A0A8S3V8L1	-	16.31
A0A8S3VCQ0	-	16.44
A0A8S3ZE77	-	17.84
A0A8S3ZS08	C	3.43
A0A8S3ZS36	C	3.28
A0A8S3ZTJ4	-	10.83
A0A8S3ZVV6	C	2.78
A0A8S3ZX52	C	3.36
A0A8S3ZZP1	C	2.83
A0A8S4A1C0	C	3.25
A0A8S4ACK1	-	13.04
A0A8S4AN76	-	13.33
A0A8S4B4F2	-	12.66
A0A8S4BRP5	-	13.02
A0A8S4P0W5	-	11.15
A0A8S4Q2L6	-	16.07
A0A8S4Q9N2	-	14.00
A0A8S4QC54	-	14.03
A0A8S8ZFL9	-	18.91
A0A8S8ZKT3	-	11.26
A0A8S8ZRM5	C	3.16
A0A8S8ZSZ5	-	23.05
A0A8S8ZTB1	C	3.13
A0A8S8ZXJ8	C*	6.40
A0A8S9A334	-	22.76
A0A8S9A459	-	8.48
A0A8S9A4C4	-	22.89
A0A8S9EBR0	-	12.70
A0A8S9EKM1	-	13.34
A0A8S9ERX7	-	13.03
A0A8S9TLC1	-	12.57
A0A8S9UGL0	-	12.06
A0A8S9UY53	-	12.42
A0A8S9UZE9	-	12.24
A0A8S9V4C1	-	12.36
A0A8S9YFM0	C*	10.79
A0A8S9Z388	C*	12.33
A0A8S9Z6F8	C*	10.06
A0A8S9ZKX1	-	12.88
A0A8S9ZLY3	-	15.44
A0A8S9ZP28	-	14.39
A0A8S9ZPF2	C*	8.98
A0A8S9ZQ79	-	12.33
A0A8S9ZRH1	-	11.05
A0A8S9ZXM6	-	18.12
A0A8T0A7D0	-	12.81
A0A8T0B8W7	-	12.96
A0A8T0BSC0	-	13.19
A0A8T0DMP4	C*	10.82
A0A8T0DVL4	C*	9.54
A0A8T0DZ71	C*	12.36
A0A8T0G656	C*	3.60
A0A8T0GM20	C	3.16
A0A8T0GM83	C	2.86
A0A8T0H1H9	C*	3.99
A0A8T0H2S1	C	3.21
A0A8T0H337	C	2.74
A0A8T0H8D7	C	3.30
A0A8T0HHE6	C	3.43
A0A8T0IHE8	C	3.27
A0A8T0KZW1	C	2.97
A0A8T0LKJ4	-	12.48
A0A8T0N716	C	2.92
A0A8T0Q992	C	2.90
A0A8T0QF67	C	2.81
A0A8T0QMF9	C	3.10
A0A8T0QPN1	C	3.07
A0A8T0QVK0	C	3.07
A0A8T0QVS1	C	2.97
A0A8T0QVW6	C	2.97
A0A8T0QWE7	C	2.86
A0A8T0QWH8	C	2.90
A0A8T0R8L8	C	3.04
A0A8T0RAJ4	C*	4.30
A0A8T0RB58	C	2.92
A0A8T0S260	C*	4.59
A0A8T0S3N5	C	2.66
A0A8T0SP29	C	2.80
A0A8T0SV49	C*	4.67
A0A8T1IBV9	-	11.62
A0A8T1MBD4	C*	9.98
A0A8T1MC39	C*	12.89
A0A8T1MRA7	C*	11.94
A0A8T1MS49	-	NA
A0A8T1PHH5	C	2.86
A0A8T1PJE0	C	2.93
A0A8T1T6S4	-	12.60
A0A8T1UBG3	-	12.56
A0A8T1URX7	-	12.14
A0A8T1V7N9	-	11.95
A0A8T1VCN1	-	12.74
A0A8T1VD70	-	12.53
A0A8T1VFJ2	-	12.12
A0A8T1VFS8	-	12.47
A0A8T1VP30	-	12.30
A0A8T1VQ16	-	12.51
A0A8T1VW42	-	12.10
A0A8T1W2R9	-	12.10
A0A8T1W4C6	-	NA
A0A8T1W6M6	-	NA
A0A8T1WA89	-	12.06
A0A8T1WD51	-	11.88
A0A8T1WG94	-	12.31
A0A8T1WJZ2	-	12.23
A0A8T1WKV8	-	12.42
A0A8T1WL70	-	12.54
A0A8T1WNJ2	-	12.53
A0A8T1WP09	-	12.69
A0A8T1WU85	-	NA
A0A8T1X2G8	-	12.61
A0A8T1X900	-	11.90
A0A8T2IFN5	-	11.79
A0A8T2K9Y3	-	12.95
A0A8T2KCF7	-	12.74
A0A8T2KCI4	-	13.25
A0A8T2KFI4	-	12.92
A0A8T2KFJ7	-	12.88
A0A8T2LG53	-	13.22
A0A8T2NFP1	-	13.05
A0A8T2NTK4	-	12.77
A0A8T2PBK7	-	13.05
A0A8T2PMM5	-	13.14
A0A8T2PYR0	C	2.81
A0A8T2PZB3	C	2.98
A0A8T2PZL3	C	2.94
A0A8T2QF77	C*	3.67
A0A8T2QFW2	C	3.17
A0A8T2QG03	-	NA
A0A8T2RU07	C	2.70
A0A8T2RX05	C	2.86
A0A8T2S7I0	C	3.27
A0A8T2S9A6	C	3.21
A0A8T2S9I7	C	3.30
A0A8T2SAK0	C	3.30
A0A8T2SAR2	C	3.22
A0A8T2SU62	C	3.34
A0A8T2SV43	C	3.01
A0A8T2SVT2	C	3.25
A0A8T2SWZ4	C	2.93
A0A8T2SXV3	C	3.37
A0A8T2SYA7	C*	3.56
A0A8T2SYB5	C	2.92
A0A8T2T4A0	C	2.71
A0A8T2TDG2	C	2.99
A0A8T2UAP3	C	2.77
A0A8T2UP64	C	3.23
A0A8T2URK9	C	3.23
A0A8T2UT99	C	3.39
A0A8T2UTL7	C	3.23
A0A8T2UVE0	C	3.13
A0A8T2UVT9	C	3.24
A0A8T2UW48	C	3.29
A0A8T2UWW7	C	3.24
A0A8T2V0J4	C*	3.61
A0A8T2V169	C	3.12
A0A8T2V3L4	C	3.35
A0A8T2V3V4	C	2.79
A0A8T2V451	C	3.13
A0A8T2V4P9	C	3.33
A0A8T2V7I1	C	3.06
A0A8T2V7L2	C	3.50
A0A8T2V804	C	3.00
A0A8T2V851	C	2.84
A0A8T2V8E3	C*	3.77
A0A8T2VC72	C	3.18
A0A8T2VCL7	C	3.01
A0A8T2VCR1	C	3.18
A0A8T2VFM8	C	3.30
A0A8T2WH79	C	3.04
A0A8T2XJE5	C	2.77
A0A8T2XL47	C	3.17
A0A8T2XMC2	C	2.96
A0A8T2XQF3	C	3.21
A0A8T2ZMP1	C	2.93
A0A8T2ZMY6	C	2.85
A0A8T2ZN37	C	3.11
A0A8T2ZN39	C	2.87
A0A8T2ZN40	C	2.89
A0A8T2ZN72	C	2.85
A0A8T3A052	C	3.11
A0A8T3A5T5	C*	4.38
A0A8T3AJ54	C	2.85
A0A8T3B9N1	C	2.81
A0A8T3BDL3	C	2.74
A0A8T3BS23	C	3.41
A0A8T3CK16	-	13.04
A0A8T3CUL9	-	12.93
A0A8T3DTM8	-	13.22
A0A8T3DXX5	-	13.27
A0A8T5V6X5	C*	3.62
A0A8T5VBQ0	C	3.34
A0A8T8SBY8	-	23.08
A0A8T8SC70	-	22.81
A0A8T8T0A1	-	23.27
A0A8T8TTX0	-	23.31
A0A8T8WMD9	-	15.37
A0A8T8WN19	-	15.99
A0A8T8WPH3	-	20.49
A0A8T8WXI8	-	16.62
A0A8T8X0L8	-	22.65
A0A8T8X2Q4	-	17.71
A0A8T8X2Y5	-	15.38
A0A8T8X548	-	19.58
A0A8T9AZC4	-	NA
A0A8T9B2E5	-	22.89
A0A8T9B6T2	C	3.22
A0A8T9BAG9	-	20.29
A0A8T9BDH5	-	14.37
A0A8T9BE97	C	2.96
A0A8T9BMA2	C	3.24
A0A8T9BPD3	-	15.34
A0A8T9BVQ6	-	23.00
A0A8T9C2S5	-	23.14
A0A8T9C986	C	3.05
A0A8T9CAL5	-	14.82
A0A8T9CG38	C	3.09
A0A8T9CIM9	C	3.05
A0A8T9Q7K7	C	3.42
A0A8U0BYH4	-	NA
A0A8U0BYU8	-	NA
A0A8U0BZ64	-	NA
A0A8U0BZL2	-	NA
A0A8U0C0J3	-	NA
A0A8U0N1A9	-	13.14
A0A8U0N492	-	12.79
A0A8U0PW84	-	12.84
A0A8U0QHR8	-	12.86
A0A8U0QWL0	-	12.82
A0A8U0TNI0	-	13.35
A0A8U0TUK5	-	13.31
A0A8U0TVN6	-	13.15
A0A8U1BRH4	-	13.20
A0A8U1C6Z0	-	13.21
A0A8U1H5S8	-	13.23
A0A8V0XJ70	-	13.28
A0A8V0XYW8	-	13.01
A0A8V0YUG7	-	12.69
A0A8V5FQS1	-	13.01
A0A8W8HSV4	-	13.17
A0A8W8HSX6	-	13.12
A0A8W8HTH0	-	13.13
A0A8W8HTH5	-	12.95
A0A8W8J4S3	-	NA
A0A8W8JFH2	-	11.73
A0A8W8JTC5	-	13.04
A0A8W8JTD0	-	23.29
A0A8W8JTF1	-	17.62
A0A8W8JU00	-	12.91
A0A8W8JU12	-	17.51
A0A8W8JWC9	-	16.20
A0A8W8JXH8	-	5.16
A0A8W8JXI3	-	13.18
A0A8W8JXK3	-	17.67
A0A8W8JY17	-	16.25
A0A8W8JY26	-	11.75
A0A8W8K3U2	-	14.72
A0A8W8K3U7	-	13.98
A0A8W8K3X4	-	19.05
A0A8W8K432	-	NA
A0A8W8K452	-	11.65
A0A8W8K6M2	-	18.84
A0A8W8K7P4	-	12.28
A0A8W8KA56	-	12.52
A0A8W8KA66	-	19.20
A0A8W8KEM7	-	12.41
A0A8W8KI22	-	11.97
A0A8W8LVB7	-	10.69
A0A8W8M4V1	-	11.87
A0A8W8MDV3	-	12.90
A0A8W8NCM3	-	13.16
A0A8W8NF03	-	14.27
A0A8W8NQN0	-	12.86
A0A8X6KWP2	-	NA
A0A8X7MM80	-	23.30
A0A8X7MRV9	-	23.54
A0A8X7MSB7	-	23.00
A0A8X7MSY6	-	23.02
A0A8X7MT47	-	23.39
A0A8X7N1N1	-	23.62
A0A8X7N2K2	-	NA
A0A8X7N2U7	-	23.36
A0A8X7NB19	C	3.29
A0A8X7T0T9	-	23.31
A0A8X7T2U4	-	23.20
A0A8X7T2X1	-	23.11
A0A8X7WW51	-	13.29
A0A8X7XG33	-	12.95
A0A8X7YP15	C	2.81
A0A8X7YPD5	C	2.88
A0A8X7YR61	C	2.96
A0A8X8APH5	C	2.97
A0A8X8ATI9	C	2.85
A0A8X8CIW2	C	2.79
A0A8X8D4Z9	C	2.99
A0A8X8D6J9	C	3.22
A0A8X8DG05	C	3.02
A0A8X8DKR1	C	3.04
A0A8X8DKR6	C	2.99
A0A8X8DKU9	C	2.92
A0A8X8IY06	C	2.86
A0A8X8JYN4	C	3.34
A0A8X8WBX0	C	3.10
A0A8X8WDM5	C	2.89
A0A8X8WEZ9	C	2.73
A0A8X8WFT1	C	2.94
A0A8X8WIX2	C	3.03
A0A8X8WKR7	C	2.70
A0A8X8WNL1	C	2.95
A0A8X8WP78	C	2.90
A0A8X8WPY0	C*	3.63
A0A8X8WQB3	C	2.71
A0A8X8Y5G6	C	2.95
A0A8X8Z6G6	C	2.88
A0A8X8Z7E5	C	2.90
A0A8X8Z920	C	2.81
A0A8X8ZAI8	C	2.72
A0A8X8ZB35	C	2.93
A0A8X8ZB44	C	2.90
A0A913HEI6	-	14.93
A0A913WQ01	-	10.91
A0A913WWA6	-	10.70
A0A913X260	-	13.38
A0A913X4H6	-	19.17
A0A913XBD1	-	13.12
A0A913XDR8	-	11.25
A0A913XUE8	-	15.49
A0A913XUF7	-	15.41
A0A913XYY6	-	NA
A0A913Y9Y4	-	22.16
A0A913YC92	-	10.83
A0A913YCG3	-	10.69
A0A913YCI0	-	11.28
A0A913YDR0	-	10.92
A0A913YE43	-	11.06
A0A913YNF1	-	10.83
A0A913YST3	-	15.22
A0A914BV37	-	22.19
A0A914C0B7	-	15.46
A0A914C4J4	-	15.16
A0A914C4K9	-	13.61
A0A914C628	-	14.18
A0A914C9F2	-	13.42
A0A914CIK4	-	15.75
A0A914CJV7	-	14.71
A0A914CKS3	-	14.20
A0A914CNZ3	-	15.74
A0A914CPE1	-	17.48
A0A914CWK7	-	10.92
A0A914D235	-	18.15
A0A914DE42	-	18.00
A0A914DGN7	-	15.22
A0A914DIV0	-	NA
A0A914DJI4	-	14.88
A0A914DXQ9	-	14.90
A0A914E230	-	15.83
A0A914E549	-	15.91
A0A914E597	-	18.03
A0A914E9Y6	-	13.88
A0A914EAR5	-	13.37
A0A914EDP1	-	13.54
A0A914EJ37	-	15.95
A0A914EL61	-	13.90
A0A914EMP0	-	13.32
A0A914EN42	-	11.15
A0A914GX34	-	18.36
A0A914H2B8	-	14.46
A0A914H5F4	-	13.33
A0A914HFV1	-	11.07
A0A914HRA4	-	12.51
A0A914HSN4	-	12.53
A0A914HY03	-	14.40
A0A914I0C7	-	18.02
A0A914KGN4	-	18.29
A0A914L0Q2	-	10.60
A0A914L211	-	NA
A0A914L5B1	-	NA
A0A914L5G4	-	7.36
A0A914L6R1	-	14.06
A0A914L827	-	12.06
A0A914L8Q5	-	10.94
A0A914L9J5	-	13.39
A0A914LAT7	-	13.49
A0A914LB60	-	11.84
A0A914LE74	-	7.19
A0A914LWT8	-	12.75
A0A914MBU5	-	13.26
A0A914MBW5	-	7.18
A0A914MEB5	-	17.72
A0A914MEW9	-	15.38
A0A914MEZ8	-	12.81
A0A914MLK9	-	16.04
A0A914MUH6	-	10.32
A0A914MYH9	-	9.84
A0A914NF59	-	13.22
A0A914NVB5	-	18.16
A0A914P118	-	10.55
A0A914PIJ8	-	13.94
A0A914QEG0	-	13.60
A0A914QS53	-	13.77
A0A914S644	-	NA
A0A914US94	-	12.50
A0A914V2B7	-	12.57
A0A914V334	-	13.43
A0A914V6R1	-	13.85
A0A914V7H0	-	11.50
A0A914VGJ7	-	NA
A0A914VHX8	-	13.21
A0A914W9Q0	-	11.05
A0A914WD49	-	16.68
A0A914WIC1	-	13.31
A0A914WL47	-	11.58
A0A914X5W9	-	13.86
A0A914X740	-	13.89
A0A914XEE1	-	NA
A0A914XPY4	-	13.71
A0A914Y704	-	11.25
A0A914YXP4	-	14.35
A0A915A8L4	-	12.26
A0A915A8Q2	-	12.23
A0A915A9L5	-	13.88
A0A915AAF6	-	12.37
A0A915AJX6	-	22.16
A0A915AYK0	-	12.39
A0A915AZH0	-	NA
A0A915BPT9	-	14.40
A0A915BUX2	-	13.33
A0A915BVE2	-	13.39
A0A915C5Q4	-	NA
A0A915C6W5	-	NA
A0A915DFA9	-	13.24
A0A915E065	-	18.34
A0A915EFF9	-	11.11
A0A915I8K9	-	10.81
A0A915JK17	-	NA
A0A915JY09	-	11.67
A0A915K057	-	7.93
A0A915KH89	-	7.74
A0A915KKL6	-	8.47
A0A915LHF2	-	10.54
A0A915LIF0	-	10.47
A0A915M8S0	-	NA
A0A915MDF0	-	10.62
A0A915MDP6	-	12.19
A0A915MEW6	-	13.34
A0A915MFI1	-	13.33
A0A915MGL3	-	11.99
A0A915MQ42	C*	9.04
A0A915N8X1	-	8.86
A0A915NMA2	-	10.63
A0A915NRT3	C*	9.16
A0A915P668	-	13.89
A0A915PAR4	-	11.19
A0A915PBJ9	-	18.90
A0A915PE14	-	18.41
A0A915PFJ4	-	10.54
A0A915PHI6	-	15.39
A0A915PK38	-	13.87
A0A915Q146	-	NA
A0A915Q482	-	17.97
A0A916BC20	C*	3.55
A0A917F9X2	-	NA
A0A917MWY3	-	15.74
A0A917P583	-	15.75
A0A917QDB2	-	NA
A0A917SPP6	-	NA
A0A917UJY7	-	NA
A0A917XWI9	-	NA
A0A917YB28	C	3.40
A0A918BYX7	-	NA
A0A918CX26	-	NA
A0A918D9C6	-	NA
A0A918DWT4	-	15.98
A0A918ES06	-	NA
A0A918EWY1	-	NA
A0A918F473	-	16.09
A0A918FJI1	-	NA
A0A918FPW5	-	NA
A0A918G405	-	NA
A0A918GFY4	-	15.11
A0A918GY00	-	NA
A0A918H6X4	-	NA
A0A918HBN3	-	NA
A0A918HUM3	-	NA
A0A918I4N0	-	NA
A0A918IE03	-	NA
A0A918IXH7	-	NA
A0A918K8V8	C	2.96
A0A918K9Q2	-	NA
A0A918KFP6	-	NA
A0A918KK45	-	NA
A0A918KYF6	-	NA
A0A918LUS6	-	NA
A0A918M7E9	-	NA
A0A918MN93	-	NA
A0A918P5V7	-	14.69
A0A918PQ43	-	NA
A0A918PQQ9	-	NA
A0A918Q8X9	-	NA
A0A918QZE0	-	NA
A0A918S266	C	3.27
A0A918SUY3	-	NA
A0A918T3M3	-	NA
A0A918UUM2	-	15.59
A0A918W4Y4	-	NA
A0A918Y127	-	NA
A0A918YDN7	-	NA
A0A918YLP9	-	NA
A0A918Z2P7	C*	3.76
A0A918Z9R4	-	10.73
A0A918ZFZ5	-	NA
A0A918ZV82	-	NA
A0A919A4R2	-	NA
A0A919ABD9	-	NA
A0A919B0T2	-	16.14
A0A919C1K0	-	NA
A0A919DUL7	-	NA
A0A919EID4	-	NA
A0A919F342	-	NA
A0A919FJI3	-	15.53
A0A919FPI8	-	NA
A0A919GVD5	-	NA
A0A919GWF2	-	NA
A0A919KPC7	-	15.98
A0A919MPV4	-	NA
A0A919RHA1	-	NA
A0A919SZM5	-	15.97
A0A919W838	C*	3.70
A0A921NWR8	-	20.09
A0A921QIX1	C	3.12
A0A921QJC7	C	3.13
A0A921QLV1	C	3.12
A0A921QRZ4	C	2.82
A0A921QUI8	C	2.84
A0A921RJ57	C	2.83
A0A921SH51	-	12.47
A0A921U1Z9	C*	3.50
A0A921UPE6	C*	4.67
A0A921V415	-	12.38
A0A922LHG5	C*	7.92
A0A922LJR7	C*	10.15
A0A922NGH9	-	22.65
A0A922SX66	C	2.90
A0A922T382	-	22.83
A0A923I5A5	C	3.28
A0A923PQY0	C	3.31
A0A926QP60	-	NA
A0A926ZFT3	-	NA
A0A927BLU8	-	NA
A0A927QEF2	-	NA
A0A927QKQ5	-	NA
A0A928V4K1	C	3.49
A0A930VBG0	-	13.66
A0A930VNA9	C	3.35
A0A931CPE0	-	15.93
A0A931G5C6	-	15.75
A0A934K8J7	C	3.38
A0A934KPH0	-	32.75
A0A934SPS7	-	NA
A0A934SS64	C	2.90
A0A934SST7	C	3.39
A0A934SYN8	C	2.89
A0A934SYR6	C	3.27
A0A934W1F1	C	3.23
A0A937DCB0	C	3.36
A0A937EHM0	-	15.95
A0A937EK49	-	NA
A0A937FSZ6	C	3.45
A0A937JJT5	-	NA
A0A937KDI5	C*	3.81
A0A938YHW7	-	NA
A0A939F892	-	NA
A0A939FKH1	-	16.04
A0A939M8N2	C	3.41
A0A939MG52	C	3.31
A0A940MEB1	-	NA
A0A940XHH8	C*	3.91
A0A940XT61	-	NA
A0A940XXK0	-	NA
A0A941B1A9	-	14.65
A0A941BIX2	C	2.99
A0A941D0I1	-	NA
A0A941I4M6	C	3.15
A0A941IZN8	-	NA
A0A941J4K5	-	NA
A0A951QSM4	-	14.82
A0A951UFA4	-	54.43
A0A952FIG1	C*	3.58
A0A964TAH5	-	26.94
A0A973WA96	C*	3.66
A0A974B7Q1	-	13.07
A0A974B9A0	-	13.26
A0A974CJ53	-	14.38
A0A974DR61	-	13.27
A0A974DTG3	-	12.83
A0A974DZY5	-	12.86
A0A974HD76	-	14.02
A0A974HDN1	-	10.83
A0A974HWU9	-	13.02
A0A974NRK7	-	NA
A0A975BY59	-	15.61
A0A975J169	C	2.95
A0A975ZQ03	C	3.34
A0A976IE71	-	NA
A0A976IGL0	-	12.00
A0A976IHW1	-	12.74
A0A977JZM9	C	2.98
A0A977TE70	-	11.28
A0A977TEP2	C	2.99
A0A977TF49	C	3.12
A0A978USF4	C	2.79
A0A978W1X4	C	2.90
A0A978W1X5	C	2.80
A0A9B0LXC2	-	12.81
A0A9B0WH58	-	13.25
A0A9B0WNW4	-	12.78
A0A9B0WWG1	-	13.18
A0A9C7Q101	-	12.09
A0A9D2WSC4	-	NA
A0A9D2Y5B1	-	12.86
A0A9D3BE35	-	13.29
A0A9D3LNW3	-	13.30
A0A9D3LWK6	-	13.03
A0A9D3MFN9	-	12.84
A0A9D3N020	-	12.89
A0A9D3N097	-	12.77
A0A9D3NH46	-	12.99
A0A9D3P0B2	-	13.13
A0A9D3PGU3	-	12.77
A0A9D3PJQ8	-	12.74
A0A9D3PZT8	-	13.05
A0A9D3RZN5	-	12.77
A0A9D3SK34	-	13.17
A0A9D3UPU6	C	2.78
A0A9D3URJ5	C	3.07
A0A9D3URU8	C	3.13
A0A9D3URW0	-	NA
A0A9D3VPP9	C	2.81
A0A9D3VZL2	C	3.32
A0A9D3ZPE9	C	2.87
A0A9D4ASX8	-	12.76
A0A9D4B9Y6	-	13.34
A0A9D4BB96	-	13.13
A0A9D4CDH9	-	24.92
A0A9D4CEJ5	-	14.64
A0A9D4DTL3	-	18.65
A0A9D4DVG4	-	NA
A0A9D4DW49	-	NA
A0A9D4DYF0	-	11.55
A0A9D4E7A0	-	15.80
A0A9D4E7C8	-	12.34
A0A9D4E955	-	12.27
A0A9D4EB14	-	NA
A0A9D4FNI9	-	12.20
A0A9D4GX75	-	NA
A0A9D4GXD0	-	21.36
A0A9D4H0B6	-	19.67
A0A9D4H0D1	-	14.56
A0A9D4H0G3	-	17.59
A0A9D4HK03	-	15.76
A0A9D4HL19	-	24.63
A0A9D4HLM5	-	16.78
A0A9D4HLS1	-	23.99
A0A9D4ICM2	-	7.92
A0A9D4IDS9	-	NA
A0A9D4IE68	-	12.42
A0A9D4IFB3	-	25.74
A0A9D4IXN3	-	17.60
A0A9D4J8T5	-	24.44
A0A9D4J9N2	-	24.67
A0A9D4JU58	-	18.30
A0A9D4JUB0	-	NA
A0A9D4JWL7	-	18.11
A0A9D4LIH2	-	21.67
A0A9D4LKF8	-	21.57
A0A9D4MU94	-	19.16
A0A9D4MW35	-	12.84
A0A9D4MZ30	-	10.69
A0A9D4MZZ2	-	23.43
A0A9D4RA75	-	25.11
A0A9D4S052	-	12.83
A0A9D4U2J2	C	3.02
A0A9D4U2Z4	C	2.92
A0A9D4U427	C	3.09
A0A9D4U4J8	C	2.91
A0A9D4UPM2	C	3.46
A0A9D4UQ41	C	2.98
A0A9D4UQE7	C	2.81
A0A9D4UQY4	C	2.77
A0A9D4UYP8	C*	3.54
A0A9D4V1Q8	C*	4.37
A0A9D4V2I4	-	NA
A0A9D4V2P6	C	3.22
A0A9D4V772	C	3.14
A0A9D4V7B7	C*	3.63
A0A9D4V7H8	C	3.09
A0A9D4V7R6	C	3.03
A0A9D4V926	C	2.96
A0A9D4XYU4	C	2.85
A0A9D4Z585	-	NA
A0A9D4Z6M7	C	2.83
A0A9D4ZGH9	C	2.54
A0A9D4ZI76	C	3.13
A0A9D5CK20	C	3.13
A0A9D5CK28	C	2.90
A0A9D5CKA6	C	2.78
A0A9D5CL78	C	3.40
A0A9D5CS63	C	3.25
A0A9D5CSB4	C	3.32
A0A9D5CTA3	C	3.06
A0A9D5CTY2	C	2.91
A0A9D5CTZ2	C	2.90
A0A9D5CTZ9	C	3.11
A0A9D5CUK6	-	NA
A0A9D5CV19	C	3.31
A0A9D5D0G0	C	2.73
A0A9D5H103	C	2.84
A0A9D5H280	C	2.85
A0A9D5H2D2	C*	3.52
A0A9D5HJP8	C	3.32
A0A9D5HJZ8	C	3.45
A0A9D5HNL2	C	2.63
A0A9E6NK98	C	3.28
A0A9E6NPQ8	-	15.86
A0A9E7GN76	C	3.08
A0A9E7GPQ8	C	2.91
A0A9E7GUK2	C	2.89
A0A9E7GUQ1	C	2.79
A0A9E7GVT7	C	2.81
A0A9E7H250	C	3.27
A0A9E7H3I3	C	3.35
A0A9E7H3J2	-	NA
A0A9E7H7C1	C	3.08
A0A9E7H7D2	C	3.15
A0A9E7H9J3	C	3.23
A0A9E7H9Q8	C	3.25
A0A9E7H9U5	C	2.88
A0A9E7H9V6	C	3.24
A0A9E7HAB4	C	3.26
A0A9E7I6L4	C	3.24
A0A9E7I915	C	3.23
A0A9E7KM16	C	2.82
A0A9E7KNX5	C	2.77
A0A9E7KSN5	C	2.81
A0A9E8SDB5	C	3.32
A0A9F2N8H8	-	12.72
A0A9F7TFJ0	-	12.79
A0A9I9CEY5	C	2.91
A0A9J2P3J4	-	14.51
A0A9J2PIU1	-	12.29
A0A9J2PSU4	-	14.12
A0A9J5XX44	C	2.92
A0A9J5XX52	C	2.92
A0A9J5XYA1	C	2.81
A0A9J5XZC6	C	3.29
A0A9J5XZD3	C	3.08
A0A9J6ADY7	C	2.88
A0A9J7BGS2	C	3.23
A0A9J7HCY0	-	13.22
A0A9J7HLN4	-	13.32
A0A9J7HLP7	-	13.21
A0A9J7HQ82	C*	13.34
A0A9J7HVW6	-	13.45
A0A9J7JBU1	-	13.25
A0A9J7K628	C*	13.01
A0A9J7L3Q6	C*	12.83
A0A9J7LHS3	C*	13.51
A0A9J7LM41	C*	13.50
A0A9J7ME91	-	13.34
A0A9J7MH66	-	13.49
A0A9J7MHH6	C*	13.80
A0A9J7MSC3	-	NA
A0A9J7NCN2	C*	13.19
A0A9J7XTZ0	-	13.23
A0A9J8A0K2	-	13.22
A0A9J8CQE0	-	12.86
A0A9K3HLL2	C	2.74
A0A9K3KBA8	-	21.59
A0A9K3KLT7	-	21.63
A0A9K3KMG5	-	7.54
A0A9K3LNV3	-	8.23
A0A9K3LRN8	-	21.17
A0A9K3N4Y3	C	3.01
A0A9K3PD30	-	22.29
A0A9K3Q9J1	-	21.20
A0A9L0IF32	-	13.26
A0A9L0RF88	-	12.74
A0A9L0SRE7	-	13.24
A0A9L0T5H0	-	13.25
A0A9N7MW10	C	2.73
A0A9N7MW86	C	2.82
A0A9N7R3T9	C	2.91
A0A9N7UE72	-	6.63
A0A9N7V5F2	-	12.88
A0A9N7VM41	-	13.31
A0A9N7W131	-	13.41
A0A9N7Y839	-	13.03
A0A9N8D4W9	-	22.30
A0A9N8DI97	-	21.12
A0A9N8DN83	-	21.41
A0A9N8DV73	-	15.71
A0A9N8ELP9	-	16.34
A0A9N8H4W2	C	3.00
A0A9N8H6I8	-	16.10
A0A9N8JDS5	-	NA
A0A9N8JTL8	-	22.81
A0A9N8JVX5	-	20.82
A0A9N8K3K3	-	22.79
A0A9N8KAK6	-	22.84
A0A9N8MCK4	-	23.31
A0A9N8NBI7	-	21.87
A0A9N8NMX8	-	22.62
A0A9N8PE23	-	22.85
A0A9N8PF98	-	22.82
A0A9N8PV96	-	22.68
A0A9N8PVQ8	-	22.87
A0A9N8QCZ6	-	23.51
A0A9N8QDA0	-	23.00
A0A9N8QEJ1	-	23.39
A0A9N8QFB2	-	23.02
A0A9N8QIC6	-	23.27
A0A9N8QYW6	C	3.21
A0A9N8W1T2	C	3.33
A0A9N8WL50	C	3.03
A0A9N8WNI7	C	2.96
A0A9N8WZP9	C	3.25
A0A9N8ZSY3	C	3.13
A0A9N9ACS1	C*	3.61
A0A9N9BAW6	C	2.93
A0A9N9BBF1	C*	3.68
A0A9N9BME1	C*	3.67
A0A9N9CE55	C	3.01
A0A9N9CQ97	C	3.19
A0A9N9DJR9	C	3.09
A0A9N9DY61	C	3.05
A0A9N9E246	C	3.16
A0A9N9ERA4	C	3.03
A0A9N9FKX5	C	2.93
A0A9N9FWN2	C	2.82
A0A9N9HA91	C	2.88
A0A9N9HQT6	C	3.27
A0A9N9I8P4	C*	3.71
A0A9N9KKY1	-	18.69
A0A9N9KL52	-	NA
A0A9N9KP73	-	22.83
A0A9N9KSE5	-	22.44
A0A9N9KTX2	C	3.36
A0A9N9KUK9	-	22.10
A0A9N9KVW9	-	22.23
A0A9N9KZZ8	C	3.43
A0A9N9L5T0	C	3.46
A0A9N9L7C4	-	21.21
A0A9N9L7K7	C	3.13
A0A9N9LC05	C	3.04
A0A9N9LFQ9	-	NA
A0A9N9LGU7	-	22.85
A0A9N9LHE3	-	NA
A0A9N9LU19	-	22.58
A0A9N9LV02	-	15.99
A0A9N9LVW0	-	21.80
A0A9N9LW39	-	23.64
A0A9N9LXW2	C	3.12
A0A9N9LYX3	-	18.67
A0A9N9M273	C	3.40
A0A9N9NSN0	C	3.09
A0A9N9P213	C	3.12
A0A9N9P631	C	3.10
A0A9N9PBX5	C	3.22
A0A9N9PLD3	-	22.17
A0A9N9PMJ6	-	23.49
A0A9N9PT18	-	NA
A0A9N9PV81	C	2.65
A0A9N9Q0K0	-	16.15
A0A9N9TUY4	-	NA
A0A9N9UBP5	-	21.24
A0A9N9UDC0	-	15.23
A0A9N9UEC1	-	22.80
A0A9N9UGE2	-	22.79
A0A9N9UHQ8	-	22.97
A0A9N9UU16	-	22.15
A0A9N9V1A8	-	22.84
A0A9N9V829	C	2.89
A0A9N9VDP6	-	22.29
A0A9N9VGE0	-	15.37
A0A9N9VIP6	-	23.05
A0A9N9VUD9	-	22.35
A0A9N9W1M7	-	10.44
A0A9N9W4S8	-	22.75
A0A9N9WBR4	-	23.89
A0A9N9XWR8	C	2.90
A0A9N9XYZ1	-	15.65
A0A9N9XZG9	-	23.15
A0A9N9Y220	-	10.42
A0A9N9Y616	C	2.81
A0A9N9Y7D2	-	15.05
A0A9N9YBG4	-	22.58
A0A9N9YD86	-	22.95
A0A9N9YHF2	-	22.43
A0A9N9YK42	-	21.32
A0A9N9YKH8	-	NA
A0A9N9YPC9	C	3.14
A0A9N9YPG7	C	2.88
A0A9N9YRS5	-	22.90
A0A9N9YVX9	-	15.59
A0A9N9YYX3	-	22.57
A0A9N9Z055	-	22.39
A0A9N9Z156	-	22.86
A0A9N9Z3J5	-	22.79
A0A9N9Z9J3	-	22.78
A0A9N9ZBS2	C	3.13
A0A9N9ZCG8	-	22.44
A0A9N9ZEI6	-	22.57
A0A9N9ZGP9	C	2.91
A0A9N9ZJX1	-	15.10
A0A9P0E8E2	-	21.72
A0A9P0E9A9	-	21.44
A0A9P0EDX1	C	3.45
A0A9P0EJA4	-	15.62
A0A9P0ERG8	-	23.05
A0A9P0ZDA3	C	2.99
A0A9P0ZJR5	C	2.71
A0A9P0ZL29	C	3.01
A0A9P1C3Z2	C*	3.54
A0A9P1CS61	C*	9.29
A0A9P1EFV4	C	2.99
A0A9P1EGP5	C	2.92
A0A9P1FEV3	C*	9.17
A0A9P1G1G0	C*	9.39
A0A9P1G3G3	C*	9.50
A0A9P1H0N5	-	22.31
A0A9P1H547	-	23.96
A0A9P1H8G6	-	18.96
A0A9P1I5X8	-	11.21
A0A9P1I5Z9	-	15.92
A0A9P1IQV5	-	11.06
A0A9P1M7K0	-	22.28
A0A9P1ME48	-	22.72
A0A9P1MEH7	-	23.33
A0A9P1MZB0	-	13.97
A0A9P1MZF7	-	14.03
A0A9P3B0Q2	C	3.45
A0A9P3B8H5	-	22.88
A0A9P3BS07	-	22.87
A0A9P3C2H1	-	22.92
A0A9P3C2Y7	-	21.74
A0A9P3C519	-	13.27
A0A9P3C7R6	C	3.48
A0A9P3C899	-	14.25
A0A9P3CCM8	-	15.52
A0A9P3CF74	-	15.88
A0A9P3CP31	-	15.93
A0A9P3CPX6	C	2.79
A0A9P3CQ06	-	22.45
A0A9P3CRK5	-	12.14
A0A9P3CSZ5	-	21.35
A0A9P3CZ20	C*	3.63
A0A9P3D0K0	C*	3.72
A0A9P3EPK8	-	21.86
A0A9P3F8W2	-	18.89
A0A9P3F909	-	23.15
A0A9P3FCU3	-	22.90
A0A9P3FDS5	-	23.03
A0A9P3FEF3	C	3.10
A0A9P3G6B3	C*	3.77
A0A9P3G846	C	3.13
A0A9P3LC23	C*	3.86
A0A9P3LDL9	C*	3.59
A0A9P3PKR9	-	23.46
A0A9P3PVH5	-	15.30
A0A9P4GBK0	C*	3.88
A0A9P4GEG7	C	2.87
A0A9P4GGP3	-	14.93
A0A9P4GH35	-	NA
A0A9P4GIJ9	-	19.61
A0A9P4GNF1	-	14.91
A0A9P4GPY4	-	22.15
A0A9P4GYC3	-	15.18
A0A9P4H0Q5	-	22.76
A0A9P4H2P0	-	NA
A0A9P4H4R0	-	22.88
A0A9P4H4W2	C*	3.88
A0A9P4H881	-	16.41
A0A9P4HB55	C	3.26
A0A9P4HC85	-	21.98
A0A9P4HG56	-	22.44
A0A9P4HM55	C	3.24
A0A9P4HN24	-	19.02
A0A9P4HN88	-	22.97
A0A9P4HVU1	-	22.74
A0A9P4I4W6	C	3.16
A0A9P4I595	-	21.22
A0A9P4IEM6	-	NA
A0A9P4IKI1	C	3.01
A0A9P4IKZ6	-	16.68
A0A9P4IZQ8	C	2.67
A0A9P4J5B3	C	3.23
A0A9P4JF56	C	2.59
A0A9P4JGI5	-	24.10
A0A9P4JHW3	C	2.88
A0A9P4JTJ6	C	3.22
A0A9P4JTW6	-	NA
A0A9P4JVS4	C	3.10
A0A9P4JXT5	-	19.77
A0A9P4K111	C	3.10
A0A9P4K276	-	22.34
A0A9P4K8D0	-	22.98
A0A9P4L9Q1	-	22.87
A0A9P4L9U8	-	15.29
A0A9P4LE25	-	23.21
A0A9P4LGD6	C	3.48
A0A9P4LGS4	-	15.91
A0A9P4LI39	C	3.50
A0A9P4LIH7	-	20.10
A0A9P4LLI2	-	15.07
A0A9P4LP74	-	18.41
A0A9P4M4U2	-	17.37
A0A9P4M8Q7	C	3.13
A0A9P4MLF2	C	3.36
A0A9P4MLM2	-	22.83
A0A9P4MQK5	-	15.09
A0A9P4MTH0	-	22.57
A0A9P4MUD9	C	2.81
A0A9P4MUJ7	C	2.60
A0A9P4MWE6	-	22.80
A0A9P4MXW5	-	23.37
A0A9P4MY33	C	2.80
A0A9P4MY79	-	22.88
A0A9P4MYN4	C	3.39
A0A9P4N5L3	C	3.47
A0A9P4N5N9	-	19.72
A0A9P4N8G3	C	3.15
A0A9P4N9M9	-	15.05
A0A9P4NBL9	-	22.58
A0A9P4NBR3	-	15.45
A0A9P4NGN5	C	3.28
A0A9P4NM41	-	NA
A0A9P4NQG6	-	NA
A0A9P4NV31	-	22.78
A0A9P4NY90	-	22.92
A0A9P4P043	C	2.57
A0A9P4P412	-	22.44
A0A9P4P4Z8	-	15.85
A0A9P4PEI2	C	2.83
A0A9P4PHE4	-	15.38
A0A9P4PJ99	-	21.97
A0A9P4PJF6	C*	3.61
A0A9P4PLN5	C*	3.56
A0A9P4PM19	-	NA
A0A9P4PM39	-	22.68
A0A9P4PMY7	-	22.92
A0A9P4PNW3	-	15.33
A0A9P4PRK9	-	19.17
A0A9P4PTR1	-	NA
A0A9P4Q4R2	C*	3.93
A0A9P4QAR5	-	23.84
A0A9P4QCU2	C	2.92
A0A9P4QDB0	C	3.29
A0A9P4QMU1	-	NA
A0A9P4QNN2	-	15.36
A0A9P4QQ26	-	15.14
A0A9P4QUE5	-	15.65
A0A9P4QX51	-	20.87
A0A9P4QX66	C*	3.58
A0A9P4QYK7	C	3.42
A0A9P4QYU9	C*	4.02
A0A9P4QZV1	-	22.86
A0A9P4QZW0	C	3.06
A0A9P4QZZ5	-	23.03
A0A9P4R0N3	-	22.84
A0A9P4R6E3	-	18.89
A0A9P4S3D7	-	21.54
A0A9P4S7W4	-	23.52
A0A9P4SB82	C	2.98
A0A9P4SC62	-	22.96
A0A9P4SDQ3	C	3.12
A0A9P4SI96	-	22.76
A0A9P4SKK5	-	23.26
A0A9P4T4X0	C	2.69
A0A9P4T7M4	C	3.05
A0A9P4T9P7	-	14.67
A0A9P4TA03	-	22.37
A0A9P4TAB7	-	22.39
A0A9P4TAJ3	-	23.16
A0A9P4TD82	-	15.03
A0A9P4TEG7	-	21.86
A0A9P4THM7	-	22.32
A0A9P4TJU4	C	3.07
A0A9P4TJW2	-	15.15
A0A9P4TK21	-	20.32
A0A9P4TKY0	-	20.27
A0A9P4TMA3	-	22.78
A0A9P4TPH8	C	2.80
A0A9P4TRZ5	-	22.92
A0A9P4TTN6	C	3.05
A0A9P4U368	-	21.95
A0A9P4U489	-	24.73
A0A9P4U804	-	NA
A0A9P4U8D7	-	22.85
A0A9P4UIL4	-	23.06
A0A9P4UM98	-	14.41
A0A9P4UZ88	C	3.04
A0A9P4UZX6	-	23.22
A0A9P4V0B1	C	3.35
A0A9P4V8T4	C	3.48
A0A9P4VAE9	-	22.82
A0A9P4VMM4	C	3.16
A0A9P4VSJ9	C	3.17
A0A9P4W627	-	16.09
A0A9P4W6F6	-	15.78
A0A9P4W815	-	21.88
A0A9P4W8U6	-	18.86
A0A9P4WA51	C	2.87
A0A9P4WFY5	-	23.21
A0A9P4WHE2	-	18.98
A0A9P4WMN6	-	22.37
A0A9P4WQL9	-	19.61
A0A9P4WQQ5	-	22.84
A0A9P4WSQ5	C	2.90
A0A9P4WTZ4	-	14.86
A0A9P4WW01	-	21.98
A0A9P4WZI6	-	22.75
A0A9P4WZQ1	C	2.87
A0A9P4XFK8	C	3.22
A0A9P4XQ11	C	2.98
A0A9P4XU17	-	15.47
A0A9P4XX01	C	3.10
A0A9P4Y6F7	-	15.63
A0A9P4YJ40	C	3.15
A0A9P4YYF2	-	NA
A0A9P5AA35	C	3.43
A0A9P5AAJ2	-	22.30
A0A9P5AC41	C*	3.62
A0A9P5AJD2	-	22.64
A0A9P5AMW5	C	3.16
A0A9P5B0C2	C	3.39
A0A9P5B8M4	C*	3.77
A0A9P5B9W0	-	23.11
A0A9P5BDM4	C	2.76
A0A9P5BFG7	-	NA
A0A9P5BHQ5	C	3.22
A0A9P5BJG4	-	22.38
A0A9P5BPD6	C	2.92
A0A9P5BQW9	-	17.38
A0A9P5BW11	C	2.94
A0A9P5BXF7	-	20.82
A0A9P5BYG0	-	22.14
A0A9P5C3D3	-	15.08
A0A9P5C3W0	-	15.86
A0A9P5CTQ7	-	15.21
A0A9P5CTY5	-	22.53
A0A9P5DM27	C*	3.78
A0A9P5DT73	-	23.01
A0A9P5DU41	C	3.42
A0A9P5DWD0	C	3.44
A0A9P5E0H0	-	22.64
A0A9P5E0T4	-	20.29
A0A9P5E2M0	-	22.84
A0A9P5E4U5	-	22.73
A0A9P5E4Z0	C	2.87
A0A9P5EJS6	-	15.21
A0A9P5EN09	-	14.38
A0A9P5EP89	-	21.71
A0A9P5EPY6	-	22.86
A0A9P5EQ32	-	21.56
A0A9P5ERR0	-	23.09
A0A9P5ESF9	-	10.36
A0A9P5ESI6	-	22.71
A0A9P5EWI3	-	22.96
A0A9P5EWP9	C	3.50
A0A9P5EYL5	-	22.74
A0A9P5EZI0	-	NA
A0A9P5F043	-	22.80
A0A9P5F0V8	-	15.71
A0A9P5F1P8	-	NA
A0A9P5F4D0	-	16.02
A0A9P5GB19	C	3.34
A0A9P5GCT0	-	22.44
A0A9P5GFI9	-	22.40
A0A9P5GWA5	-	16.15
A0A9P5H912	-	22.76
A0A9P5HBF6	-	15.15
A0A9P5HHL6	-	21.98
A0A9P5HJQ1	C*	4.82
A0A9P5HQ80	C	3.00
A0A9P5HSB3	C	3.42
A0A9P5HSY5	-	23.12
A0A9P5HWN2	C	3.17
A0A9P5IJI5	-	NA
A0A9P5IUD8	C	3.42
A0A9P5IXS6	C	3.13
A0A9P5IYM1	-	22.65
A0A9P5JXT8	-	15.55
A0A9P5JY23	-	15.51
A0A9P5JYN0	-	14.32
A0A9P5JYN9	-	14.20
A0A9P5JYU8	-	16.38
A0A9P5JZA9	-	15.68
A0A9P5JZI2	-	15.67
A0A9P5K193	-	15.75
A0A9P5K283	-	22.00
A0A9P5K589	-	15.41
A0A9P5K6D0	-	14.42
A0A9P5K6K6	-	22.52
A0A9P5K788	-	21.77
A0A9P5K8I6	-	22.07
A0A9P5K8K9	C*	3.60
A0A9P5K8U6	-	22.18
A0A9P5K9C7	-	24.09
A0A9P5K9S8	-	15.13
A0A9P5L1F5	-	22.73
A0A9P5L8N8	C	3.03
A0A9P5LL58	-	22.45
A0A9P5LLI3	C	3.26
A0A9P5MS31	C	3.16
A0A9P5MS95	C*	3.76
A0A9P5MSK9	-	15.25
A0A9P5NP12	C	3.46
A0A9P5NQI8	-	22.26
A0A9P5NU10	C	3.06
A0A9P5NUM8	-	22.20
A0A9P5PKH0	C	3.44
A0A9P5PV34	-	NA
A0A9P5X9Z6	-	22.15
A0A9P5XZM4	C	3.33
A0A9P5YAQ3	C*	3.94
A0A9P5YS01	C	3.07
A0A9P5YX13	C	2.80
A0A9P5Z365	-	22.30
A0A9P5ZHD6	-	14.47
A0A9P6ABG1	-	14.49
A0A9P6ADS6	-	15.39
A0A9P6AJI0	-	15.40
A0A9P6AJY1	-	23.72
A0A9P6BY48	C*	3.55
A0A9P6C3F1	C	3.19
A0A9P6CAG6	-	22.64
A0A9P6CCN6	-	22.33
A0A9P6CJ62	-	22.34
A0A9P6CQJ4	-	22.30
A0A9P6CTZ2	-	22.14
A0A9P6DDV4	-	22.15
A0A9P6DJR5	-	NA
A0A9P6EAD3	-	14.21
A0A9P6EHV7	-	18.38
A0A9P6ELV7	C*	3.53
A0A9P6ES30	-	22.18
A0A9P6EYF3	-	NA
A0A9P6G6A9	C	2.96
A0A9P6GD45	C*	3.65
A0A9P6GF49	-	22.91
A0A9P6GFA9	-	22.52
A0A9P6GFF6	-	15.37
A0A9P6GHV8	-	22.69
A0A9P6GIB7	C*	3.53
A0A9P6GJ93	-	15.75
A0A9P6GLH1	-	11.35
A0A9P6GNG8	-	22.59
A0A9P6GVB7	-	18.94
A0A9P6H427	-	14.96
A0A9P6H4S6	-	15.12
A0A9P6H6N4	-	14.81
A0A9P6H6P2	-	14.67
A0A9P6HAV3	-	15.48
A0A9P6HE18	-	15.29
A0A9P6HEG3	-	14.97
A0A9P6HES9	-	14.84
A0A9P6HFP7	-	15.22
A0A9P6HW69	-	10.52
A0A9P6HY99	-	22.65
A0A9P6HYB5	-	NA
A0A9P6HYU3	-	22.40
A0A9P6HZS0	-	15.65
A0A9P6I069	-	22.82
A0A9P6I471	-	16.89
A0A9P6I6P0	C	3.49
A0A9P6I8G8	-	23.07
A0A9P6ICW4	-	15.15
A0A9P6ID20	-	15.82
A0A9P6IHM1	-	22.68
A0A9P6JRS5	-	22.10
A0A9P6JS43	-	22.41
A0A9P6JSV9	-	22.23
A0A9P6KLR9	-	23.14
A0A9P6KM80	C*	3.64
A0A9P6KSR1	-	22.52
A0A9P6L1G9	-	15.00
A0A9P6LD84	-	23.97
A0A9P6LF57	-	22.07
A0A9P6LG06	-	NA
A0A9P6LG07	-	22.85
A0A9P6LG49	C	3.43
A0A9P6LGC9	-	22.12
A0A9P6LIP7	-	22.94
A0A9P6LJW0	C*	3.63
A0A9P6LK99	-	10.82
A0A9P6LLF6	-	15.42
A0A9P6LML4	C	3.26
A0A9P6LNG2	-	22.81
A0A9P6LNV3	-	22.62
A0A9P6NEH9	-	19.64
A0A9P6NKZ6	-	23.18
A0A9P6NP50	-	23.40
A0A9P6NQ06	-	8.33
A0A9P6NUP1	-	23.15
A0A9P6NVN1	-	19.59
A0A9P6QMX7	C	3.39
A0A9P6R7U9	C	3.47
A0A9P6TG97	C*	9.24
A0A9P6TGI4	-	19.58
A0A9P6VMU7	C*	3.73
A0A9P6ZPI2	C*	3.79
A0A9P7AQK0	C*	3.62
A0A9P7AYC7	C	3.47
A0A9P7E4R0	C	3.09
A0A9P7ECI6	-	NA
A0A9P7FBZ7	C*	16.01
A0A9P7FEP6	C	3.29
A0A9P7GXE9	-	20.58
A0A9P7GY86	C	3.40
A0A9P7H0N9	-	20.93
A0A9P7H0V2	-	23.03
A0A9P7H2X3	C*	3.94
A0A9P7H4X1	-	22.98
A0A9P7H5X9	C*	3.54
A0A9P7H6V4	-	22.77
A0A9P7H959	-	NA
A0A9P7HAA6	C	3.48
A0A9P7HB24	C	2.83
A0A9P7HDS4	C	3.37
A0A9P7HHK8	C	3.10
A0A9P7HHT8	C	3.11
A0A9P7HLC1	-	22.76
A0A9P7HU99	-	NA
A0A9P7I3C5	-	22.57
A0A9P7I402	C	2.91
A0A9P7I6A0	C*	3.52
A0A9P7JPE6	C*	3.59
A0A9P7JWP4	C*	3.79
A0A9P7K585	-	24.05
A0A9P7KAY0	-	23.61
A0A9P7KJA4	-	22.14
A0A9P7KK28	C	3.18
A0A9P7KV03	C	3.25
A0A9P7KVD4	-	22.57
A0A9P7L088	-	22.71
A0A9P7M465	-	15.63
A0A9P7MB55	-	15.64
A0A9P7MGH4	C	3.17
A0A9P7MM30	-	15.85
A0A9P7MNS9	-	15.54
A0A9P7MT28	C	3.04
A0A9P7NE30	-	15.87
A0A9P7NHH3	C	3.27
A0A9P7PVI4	C*	4.04
A0A9P7PXS8	C	3.05
A0A9P7Q641	-	15.54
A0A9P7QED4	C	3.17
A0A9P7QKV2	-	15.46
A0A9P7QM48	C*	3.61
A0A9P7QPY3	-	NA
A0A9P7QRK7	-	23.91
A0A9P7QS01	-	16.07
A0A9P7QUR7	C	3.46
A0A9P7QYB3	-	22.69
A0A9P7QZ71	-	10.98
A0A9P7R1E3	-	NA
A0A9P7R386	-	23.04
A0A9P7R4B6	-	21.89
A0A9P7R6W9	-	22.93
A0A9P7R847	-	22.70
A0A9P7R8M5	C*	3.66
A0A9P7R9D2	-	NA
A0A9P7RB79	-	22.77
A0A9P7RBZ8	-	10.40
A0A9P7RI56	-	17.09
A0A9P7RLL9	C	3.18
A0A9P7RNZ5	C	3.42
A0A9P7S7P4	-	22.19
A0A9P7SEG7	-	15.00
A0A9P7SG79	C	3.16
A0A9P7SNC9	-	15.26
A0A9P7SQ62	C	3.06
A0A9P7TWM6	-	15.50
A0A9P7TYR1	-	15.21
A0A9P7TZV7	-	15.25
A0A9P7U6L4	-	15.29
A0A9P7UB66	C*	3.54
A0A9P7UBT7	C	2.72
A0A9P7UD37	C	3.45
A0A9P7UF73	-	22.43
A0A9P7UIY2	-	22.82
A0A9P7UJ56	-	23.01
A0A9P7UK77	C	3.03
A0A9P7ULN4	-	22.54
A0A9P7UN11	C	3.04
A0A9P7USK2	-	22.33
A0A9P7VFF7	-	23.59
A0A9P7VJA3	C*	3.91
A0A9P7W2Q5	-	14.72
A0A9P7Y7Z0	-	21.80
A0A9P7YAX7	C	2.78
A0A9P7YCU3	-	22.22
A0A9P7YDW7	-	23.25
A0A9P7YP12	C	3.32
A0A9P7YSQ7	C	2.82
A0A9P7Z3A8	C	3.32
A0A9P7ZAT5	C	2.92
A0A9P7ZDG1	-	22.18
A0A9P7ZEN4	-	22.08
A0A9P7ZK00	-	14.93
A0A9P7ZK51	-	22.55
A0A9P7ZR50	-	22.74
A0A9P8AUF0	-	23.28
A0A9P8AV30	-	23.14
A0A9P8AZ72	-	15.19
A0A9P8C1U8	-	21.26
A0A9P8C1X5	-	23.19
A0A9P8C395	C	2.48
A0A9P8C4U3	C	3.47
A0A9P8C4W8	-	23.58
A0A9P8CAX6	-	15.48
A0A9P8CJK2	-	22.85
A0A9P8CPW1	-	22.85
A0A9P8CSX4	-	16.10
A0A9P8D4Z1	-	21.09
A0A9P8D5I1	-	23.08
A0A9P8D8F5	-	16.72
A0A9P8DCG8	-	21.97
A0A9P8DCT3	-	22.63
A0A9P8DHJ5	C	2.85
A0A9P8DKY9	-	NA
A0A9P8E2K2	-	23.03
A0A9P8E2U0	-	22.60
A0A9P8E4A0	-	22.85
A0A9P8ENH5	C	3.26
A0A9P8ESQ1	-	22.74
A0A9P8EVR0	-	NA
A0A9P8FQJ9	C	2.91
A0A9P8FSK7	-	22.92
A0A9P8FVE8	-	22.71
A0A9P8FXF2	C	2.77
A0A9P8G4G9	-	NA
A0A9P8G682	-	22.68
A0A9P8GGV4	-	23.03
A0A9P8GH40	-	NA
A0A9P8GJ33	-	22.70
A0A9P8HF99	C	2.85
A0A9P8HZL9	C	3.30
A0A9P8I7W5	C	2.99
A0A9P8ILD1	-	22.81
A0A9P8IMB7	C	2.94
A0A9P8IQL2	C	3.44
A0A9P8ISW1	C	3.22
A0A9P8J1T0	-	22.64
A0A9P8JAR0	C	2.87
A0A9P8JBW6	-	NA
A0A9P8JEF0	-	22.72
A0A9P8JUP8	-	22.83
A0A9P8JV18	-	22.65
A0A9P8JVI6	-	22.71
A0A9P8JWQ9	-	22.93
A0A9P8KCL2	C	2.85
A0A9P8LAU2	-	24.65
A0A9P8M2B5	-	22.72
A0A9P8M342	-	20.14
A0A9P8M4K5	-	22.89
A0A9P8M534	C*	3.71
A0A9P8MJP3	C	2.97
A0A9P8MNI4	C	3.17
A0A9P8MT67	C	2.94
A0A9P8MUU1	-	NA
A0A9P8N0Q3	C	3.20
A0A9P8N2E9	C*	3.66
A0A9P8N5G2	C*	3.71
A0A9P8N751	C	3.11
A0A9P8QKR7	C	3.16
A0A9P8RMY0	-	15.21
A0A9P8RPF4	-	22.89
A0A9P8RRY3	C	3.38
A0A9P8S379	C	3.11
A0A9P8S6I3	-	NA
A0A9P8SF21	-	NA
A0A9P8SG32	-	22.64
A0A9P8SK06	C	3.04
A0A9P8SUG2	C*	3.58
A0A9P8TUI9	C	3.29
A0A9P8UDW5	-	23.10
A0A9P8UEG2	-	15.56
A0A9P8UEQ7	-	21.92
A0A9P8UG69	-	21.65
A0A9P8UIC0	-	14.16
A0A9P8UJ52	-	22.88
A0A9P8UJA7	-	21.84
A0A9P8UJU9	-	15.14
A0A9P8UK50	-	15.10
A0A9P8UKP1	-	23.01
A0A9P8ULC3	C*	3.57
A0A9P8ULL1	-	21.53
A0A9P8URL5	-	14.85
A0A9P8US84	-	14.74
A0A9P8UU77	-	18.99
A0A9P8UUF6	-	15.05
A0A9P8UW26	-	15.39
A0A9P8UWM5	-	20.54
A0A9P8V2M6	-	23.95
A0A9P8V2S0	-	16.03
A0A9P8V2W5	-	15.42
A0A9P8V5S4	-	22.32
A0A9P8V626	-	23.07
A0A9P8V6P5	C*	3.62
A0A9P8V875	-	22.57
A0A9P8VB48	-	15.47
A0A9P8VCH3	-	22.80
A0A9P8VDX7	C	3.14
A0A9P8VN70	C*	4.22
A0A9P8VP55	C	3.08
A0A9P8VZ16	-	15.24
A0A9P8VZR4	C	2.92
A0A9P8WHC9	C	3.24
A0A9P8XSB3	-	22.67
A0A9P8XUJ5	-	22.13
A0A9P8XUN0	-	22.51
A0A9P8XUP2	C*	3.73
A0A9P8XWL6	-	14.82
A0A9P8XXT9	-	15.02
A0A9P8XXZ3	-	15.84
A0A9P8Y1H1	-	14.07
A0A9P8YAM6	-	22.61
A0A9P8YAV5	-	15.32
A0A9P8YAV9	C	3.05
A0A9P8YD13	-	15.09
A0A9P8YGS0	-	22.86
A0A9P8YJY5	-	12.36
A0A9P8YM28	-	22.97
A0A9P8ZWJ6	-	15.10
A0A9P8ZWM7	-	24.03
A0A9P8ZXT3	-	22.45
A0A9P8ZYD0	C	3.04
A0A9P9A0J5	-	6.56
A0A9P9A2F4	-	22.89
A0A9P9A454	C	3.15
A0A9P9A6B1	-	21.60
A0A9P9A6U7	-	21.57
A0A9P9AAI5	C*	3.61
A0A9P9AC83	C	2.92
A0A9P9AFP1	-	21.74
A0A9P9AG59	-	NA
A0A9P9AGJ3	-	23.04
A0A9P9APM6	C*	4.77
A0A9P9AQ01	-	23.90
A0A9P9ASR6	-	22.81
A0A9P9BHZ3	C*	3.53
A0A9P9BJD1	-	22.69
A0A9P9BK36	-	22.52
A0A9P9BLV7	-	21.19
A0A9P9BLZ6	-	13.07
A0A9P9BMM6	-	15.07
A0A9P9BPW2	-	14.96
A0A9P9BQX9	-	22.19
A0A9P9BTY8	-	22.14
A0A9P9BVC7	-	22.91
A0A9P9CYR3	C	3.19
A0A9P9D313	-	22.00
A0A9P9D3U5	-	15.26
A0A9P9D493	C	2.71
A0A9P9DE48	-	22.78
A0A9P9DH90	C*	3.89
A0A9P9DL74	-	22.57
A0A9P9DLS6	-	19.77
A0A9P9DMQ1	-	15.22
A0A9P9DR32	-	16.19
A0A9P9DRT6	C	3.04
A0A9P9DTI8	-	20.85
A0A9P9DXH0	-	22.82
A0A9P9DY84	-	21.96
A0A9P9E097	C	2.99
A0A9P9E4D0	-	21.94
A0A9P9E535	C	2.96
A0A9P9E827	-	15.86
A0A9P9ECR6	-	22.26
A0A9P9EE65	-	23.13
A0A9P9EFC0	C	2.99
A0A9P9EIM9	C*	3.73
A0A9P9EP06	C	3.06
A0A9P9ER97	-	23.84
A0A9P9EVV4	-	9.72
A0A9P9F0P3	-	16.17
A0A9P9F610	-	22.70
A0A9P9FH49	C*	4.64
A0A9P9G0H2	-	15.85
A0A9P9GGD9	C*	3.54
A0A9P9GQV0	C	2.81
A0A9P9H480	C	3.23
A0A9P9HA99	-	22.87
A0A9P9HAD7	C	3.30
A0A9P9HJ81	C	2.85
A0A9P9HQ61	C	2.92
A0A9P9IDE3	-	21.87
A0A9P9IFD1	-	20.75
A0A9P9IM25	-	NA
A0A9P9IM70	-	22.37
A0A9P9IMH5	C	3.32
A0A9P9IMQ8	C	2.99
A0A9P9IQ08	-	15.22
A0A9P9ITJ2	C	2.75
A0A9P9IXR3	C	3.41
A0A9P9IXR4	-	22.16
A0A9P9IYK1	-	23.32
A0A9P9IZ74	C	3.11
A0A9P9J0Z6	-	22.68
A0A9P9J2H8	C	3.27
A0A9P9J4T8	-	23.09
A0A9P9J5H6	C	2.85
A0A9P9J6B9	C*	4.52
A0A9P9J7R2	-	23.06
A0A9P9J9F7	C	3.37
A0A9P9JAU8	-	NA
A0A9P9JKG7	-	22.86
A0A9P9JQC5	-	21.03
A0A9P9JVC3	C*	3.76
A0A9P9K123	-	23.05
A0A9P9KBB3	-	22.86
A0A9P9KEG5	-	22.44
A0A9P9KIR2	-	22.83
A0A9P9KM55	C	2.88
A0A9P9KNI3	-	NA
A0A9P9KPV1	-	22.43
A0A9P9KYY7	C*	4.23
A0A9P9L6M7	C	3.15
A0A9P9WAG3	-	15.43
A0A9P9WAG9	-	22.72
A0A9P9WAQ4	-	21.37
A0A9P9WAZ0	-	15.64
A0A9P9WBG0	C*	3.56
A0A9P9WBT7	-	15.58
A0A9P9WE24	-	23.09
A0A9P9WGF9	-	15.42
A0A9P9WH67	C	3.30
A0A9P9WJE3	-	21.92
A0A9P9WK24	C	3.49
A0A9P9WLA8	-	22.49
A0A9P9WLG7	-	22.14
A0A9P9WMZ2	-	15.28
A0A9P9WPJ5	-	15.84
A0A9P9WUX0	-	22.24
A0A9P9WV32	-	14.92
A0A9P9WW04	-	22.88
A0A9P9WW19	-	20.75
A0A9P9WWM5	-	15.53
A0A9P9WXB5	C	3.08
A0A9P9WY50	-	20.48
A0A9P9WYE5	-	14.71
A0A9P9X028	-	10.37
A0A9P9X1G2	-	NA
A0A9P9X1N4	-	23.04
A0A9P9X5E8	-	15.61
A0A9P9XA42	-	22.56
A0A9P9XBE7	-	22.86
A0A9P9XCC3	C	3.42
A0A9P9XGQ0	C*	3.64
A0A9P9XJK6	-	23.84
A0A9P9XLE1	-	22.80
A0A9P9XMI0	-	22.65
A0A9P9XMR3	-	22.87
A0A9P9XNZ2	-	15.84
A0A9P9XQR7	-	22.12
A0A9P9XQU4	-	15.06
A0A9P9XU62	-	23.13
A0A9P9Y0B8	-	14.45
A0A9P9Y2C9	-	22.84
A0A9P9Y2X6	-	21.99
A0A9P9Y5F5	-	22.64
A0A9Q0AIK5	C	3.32
A0A9Q0AIL3	-	15.90
A0A9Q0AJ77	-	22.99
A0A9Q0AJM4	-	23.92
A0A9Q0ANI9	-	23.11
A0A9Q0APT0	-	22.15
A0A9Q0ARC3	-	15.85
A0A9Q0AU16	-	19.32
A0A9Q0AYM7	C	3.44
A0A9Q0B0H4	-	16.73
A0A9Q0B0U4	C*	4.03
A0A9Q0B1W0	-	15.68
A0A9Q0B2X4	C	3.26
A0A9Q0B372	-	22.79
A0A9Q0B5F6	-	NA
A0A9Q0B615	-	15.25
A0A9Q0B6Y1	-	NA
A0A9Q0B7W3	C*	4.30
A0A9Q0B9E3	-	12.44
A0A9Q0BAF8	-	23.09
A0A9Q0BBC9	-	22.68
A0A9Q0BCW2	-	19.04
A0A9Q0DA90	-	12.84
A0A9Q0DLI8	-	13.18
A0A9Q0FVE9	C	3.34
A0A9Q0G5V1	C	2.97
A0A9Q0GKV4	C	3.25
A0A9Q0ICF7	-	13.31
A0A9Q0J471	C	2.86
A0A9Q0KS29	C	2.91
A0A9Q0KTY2	C	2.93
A0A9Q0KU96	C	2.77
A0A9Q0KUV1	C	2.75
A0A9Q0KV07	C	3.44
A0A9Q0KV77	C	2.80
A0A9Q0QJI7	-	NA
A0A9Q0QXM2	C	2.91
A0A9Q0QY86	C	2.77
A0A9Q0U7U2	C	2.87
A0A9Q0UDV3	C	2.88
A0A9Q0VNT9	C	2.62
A0A9Q0VRW4	C	2.98
A0A9Q0VUS2	C	2.97
A0A9Q0WG28	C	2.79
A0A9Q0WM22	C	2.91
A0A9Q0XMB9	-	13.19
A0A9Q0XMU1	-	13.35
A0A9Q0ZBQ2	C	2.93
A0A9Q0ZYT7	C	2.84
A0A9Q1A0N7	C	3.03
A0A9Q1A0U0	C	2.93
A0A9Q1A0X2	C	3.07
A0A9Q1A0Z0	C	2.97
A0A9Q1AGG0	C	2.89
A0A9Q1AMB4	C	2.93
A0A9Q1B4Q7	-	12.72
A0A9Q1D134	-	13.24
A0A9Q1EC86	-	12.78
A0A9Q1F309	-	13.21
A0A9Q1FUU2	-	13.25
A0A9Q1GIZ7	C	2.87
A0A9Q1GQE0	C	2.91
A0A9Q1GRA5	C	2.80
A0A9Q1HRS7	-	13.10
A0A9Q1HX87	-	12.85
A0A9Q1JDR4	-	12.81
A0A9Q1JHX7	C	2.85
A0A9Q1JNS3	-	NA
A0A9Q1JQ73	C	2.92
A0A9Q1JQC5	C	2.94
A0A9Q1L1Q6	C	2.88
A0A9Q1L3G5	C	2.80
A0A9Q1L3R3	C	2.91
A0A9Q1M9T0	C	2.92
A0A9Q1MCW5	C	2.91
A0A9Q1MD85	C	2.95
A0A9Q1R9Z5	C	2.83
A0A9Q1RG09	C	2.87
A0A9Q1RGR7	C	3.12
A0A9Q1RGX2	C	2.79
A0A9Q3BB88	-	15.20
A0A9Q3E3U0	C*	8.68
A0A9Q3E4W3	-	10.73
A0A9Q3F7G7	-	23.87
A0A9Q3GXD1	-	NA
A0A9Q3GXS1	-	23.88
A0A9Q3H9V3	-	NA
A0A9Q3V1D2	C	3.28
A0A9Q3VJ75	-	NA
A0A9Q3WK94	C	3.42
A0A9Q3X6Q3	-	11.73
A0A9Q3ZAM5	-	NA
A0A9Q5NFF1	C	2.93
A0A9Q6ICA3	C	3.38
A0A9Q6S7U7	-	NA
A0A9Q8LDJ5	-	21.16
A0A9Q8LKP3	-	NA
A0A9Q8PBS8	-	15.72
A0A9Q8PG69	C	3.47
A0A9Q8PIJ3	-	22.67
A0A9Q8PJ35	-	15.97
A0A9Q8PMF0	-	14.26
A0A9Q8QDA2	C	2.97
A0A9Q8QFE9	C	2.93
A0A9Q8QL99	-	23.78
A0A9Q8QP72	C	3.37
A0A9Q8SH68	-	22.66
A0A9Q8SJY5	-	23.07
A0A9Q8SKK4	-	22.96
A0A9Q8SKS9	C*	3.59
A0A9Q8SNA5	-	23.69
A0A9Q8SQB6	-	23.52
A0A9Q8STN0	-	22.83
A0A9Q8T0W7	-	23.10
A0A9Q8T1R5	-	22.55
A0A9Q8T2R4	-	NA
A0A9Q8T7D0	-	22.62
A0A9Q8T9B9	-	15.23
A0A9Q8URF0	C	3.05
A0A9Q8USR0	C	2.90
A0A9Q8UVN4	C	3.20
A0A9Q8VAJ3	C	3.01
A0A9Q8VHK7	C	3.01
A0A9Q8WA78	C*	3.50
A0A9Q8WCM4	-	NA
A0A9Q8WG05	-	NA
A0A9Q8WM23	-	15.83
A0A9Q8WN77	C*	3.86
A0A9Q8WPZ0	C*	3.63
A0A9Q8Z1I0	C*	3.70
A0A9Q8Z733	C	2.99
A0A9Q8Z931	-	15.83
A0A9Q8ZB76	-	22.95
A0A9Q8ZDY9	-	23.22
A0A9Q8ZHN5	-	14.53
A0A9Q8ZIL8	-	15.09
A0A9Q9AK53	C*	3.72
A0A9Q9ASR5	-	21.83
A0A9Q9AV04	-	15.64
A0A9Q9AVV7	-	22.49
A0A9Q9AWG1	-	13.08
A0A9Q9AWR3	C*	3.58
A0A9Q9AYC8	C	2.77
A0A9Q9B2J7	C	2.96
A0A9Q9DRJ8	-	22.14
A0A9Q9DT46	-	17.70
A0A9Q9DTX2	-	20.20
A0A9Q9DV52	C	2.96
A0A9Q9DX73	-	22.07
A0A9Q9EIM0	-	21.52
A0A9Q9EQ81	-	12.94
A0A9Q9RQ73	C*	3.51
A0A9Q9RSP5	C	2.74
A0A9Q9XXG6	-	NA
A0A9Q9YW72	-	13.07
A0A9Q9YZM8	-	12.84
A0A9Q9ZGG3	-	12.89
A0A9R0A7D8	-	13.16
A0A9R0B545	-	13.18
A0A9R0IY42	C	3.31
A0A9R0JDF9	C	3.02
A0A9R0JWR5	C	2.83
A0A9R0K4G1	C	3.19
A0A9R0TD02	-	NA
A0A9R0UMH3	C	2.81
A0A9R0VMT2	-	NA
A0A9R0YEI1	C	2.95
A0A9R1AFE9	C	3.08
A0A9R1B6K4	C	3.07
A0A9R1B6K6	C	2.89
A0A9R1B6K8	C	3.07
A0A9R1E5C8	C	2.82
A0A9R1EIN1	C	2.89
A0A9R1EIT3	C	2.84
A0A9R1EJ93	C	2.92
A0A9R1EY78	C	2.82
A0A9R1FRE5	C	3.03
A0A9R1GYY0	C*	4.65
A0A9R1HB81	C	3.08
A0A9R1I418	C	3.05
A0A9R1J4H2	C	2.93
A0A9R1JIN1	C	2.86
A0A9R1KF29	-	NA
A0A9R1KJB3	C	2.85
A0A9R1L8W7	C	2.87
A0A9R1L9B2	C	3.02
A0A9R1LFS0	C	3.15
A0A9R1LQH9	C	3.01
A0A9R1N0A3	-	NA
A0A9R1PYR0	C	2.94
A0A9R1QY75	C	3.09
A0A9R1RCW1	C	2.79
A0A9R1RCW5	-	NA
A0A9R1RCX2	C	2.84
A0A9R1SCF6	-	13.10
A0A9R1SHT6	-	12.87
A0A9R1SQ36	-	12.83
A0A9R1SQ40	-	12.81
A0A9R1UC94	C	2.74
A0A9R1UJQ2	C	2.92
A0A9R1UL28	C	3.21
A0A9R1VK83	C	2.87
A0A9R1VMH5	C	2.70
A0A9R1VSG5	C	2.82
A0A9R1VVV1	C	2.71
A0A9R1WUM3	C	2.89
A0A9R1X4K9	C	2.91
A0A9U8DXM5	-	11.19
A0A9U8DXQ3	-	11.20
A0A9U8DY29	-	11.14
A0A9U8EAI5	-	13.43
A0A9V1DZN6	-	12.80
A0A9V1FC03	-	13.39
A0A9V1FMI4	-	13.06
A0A9V1FMJ0	-	13.25
A0A9W2WVK1	-	12.95
A0A9W3AFG7	-	13.58
A0A9W3AZ70	-	17.92
A0A9W3BB61	-	NA
A0A9W3BB75	-	10.80
A0A9W3BCD9	-	11.60
A0A9W3BCI9	-	11.32
A0A9W3BCN2	-	11.29
A0A9W3BCU0	-	11.23
A0A9W3BCU2	-	11.21
A0A9W3BCU8	-	11.15
A0A9W3BCV1	-	11.28
A0A9W3EW42	-	13.19
A0A9W3FDV3	-	12.82
A0A9W3FEM3	-	13.05
A0A9W3GC21	-	13.07
A0A9W3GC27	-	13.23
A0A9W3GCH7	-	13.09
A0A9W3GCU8	-	13.17
A0A9W4D314	C	3.46
A0A9W4D5A3	C	3.36
A0A9W4DAM0	C	3.26
A0A9W4DT80	-	NA
A0A9W4H4A5	-	NA
A0A9W4HEC1	-	22.65
A0A9W4I4T6	-	23.12
A0A9W4I5L0	-	22.85
A0A9W4ICI5	C*	3.51
A0A9W4IER4	C	3.44
A0A9W4IGU5	-	22.77
A0A9W4ITN2	-	22.69
A0A9W4J4I1	C	3.50
A0A9W4J7U1	-	22.61
A0A9W4J8D8	-	23.07
A0A9W4JA98	-	22.77
A0A9W4JE16	-	22.58
A0A9W4JHD5	-	22.62
A0A9W4JVM2	-	22.99
A0A9W4K5R5	-	23.01
A0A9W4K739	-	22.72
A0A9W4KMZ8	-	NA
A0A9W4MKU2	C*	4.12
A0A9W4MRV1	-	22.68
A0A9W4MS56	-	22.14
A0A9W4N3X6	-	22.59
A0A9W4N6M1	-	22.59
A0A9W4N770	C	3.39
A0A9W4NEI9	-	22.60
A0A9W4NRY7	-	22.65
A0A9W4P0A3	-	NA
A0A9W4P6W2	-	22.50
A0A9W4P7V8	C	3.01
A0A9W4RI69	-	10.44
A0A9W4RJE0	-	22.05
A0A9W4RK36	-	15.35
A0A9W4RK77	-	16.56
A0A9W4RKT0	-	22.60
A0A9W4RLP0	-	22.75
A0A9W4RLU3	-	14.26
A0A9W4RLV9	-	15.38
A0A9W4RNJ6	-	22.78
A0A9W4RQG2	-	22.70
A0A9W4RR43	-	24.03
A0A9W4RU36	-	21.84
A0A9W4RYF5	-	22.99
A0A9W4RYP5	-	14.33
A0A9W4RYS6	-	21.93
A0A9W4S0R7	-	21.89
A0A9W4S0T6	-	22.92
A0A9W4TN48	C	3.42
A0A9W4U1W2	-	14.97
A0A9W4U6X2	C	2.91
A0A9W4U7M0	-	22.50
A0A9W4U7S0	-	21.66
A0A9W4UAS1	C	3.25
A0A9W4UEF7	-	15.61
A0A9W4UGG0	-	18.99
A0A9W4UH15	-	15.73
A0A9W4UHT5	-	22.84
A0A9W4ULZ7	C	3.40
A0A9W4W5A5	C	2.83
A0A9W4W5F9	C	2.87
A0A9W4W5M6	-	23.51
A0A9W4W651	C	3.50
A0A9W4W6D4	-	22.75
A0A9W4W8U2	-	NA
A0A9W4WDH8	-	16.59
A0A9W4WDL8	-	17.20
A0A9W4WDT6	-	14.46
A0A9W4XG49	-	NA
A0A9W4XKP6	C	2.89
A0A9W4XMS3	-	21.42
A0A9W4XQ73	-	23.33
A0A9W4XQI1	-	22.80
A0A9W4XVH1	-	23.18
A0A9W4XVM8	-	20.56
A0A9W4XWD3	C	3.02
A0A9W4XZG3	-	23.05
A0A9W5YKL4	-	22.37
A0A9W5YQX1	-	20.69
A0A9W5YXR1	-	14.96
A0A9W5YZ52	-	17.91
A0A9W5Z4D9	-	22.79
A0A9W5ZU18	-	15.67
A0A9W6AA96	-	17.83
A0A9W6ALU9	-	20.87
A0A9W6AN14	-	22.51
A0A9W6ASD3	-	15.25
A0A9W6AV28	-	NA
A0A9W6BT77	-	NA
A0A9W6C0G6	C*	3.55
A0A9W6DIJ1	-	15.23
A0A9W6DPE6	-	22.80
A0A9W6TPR0	-	NA
A0A9W6U6E5	-	12.10
A0A9W6UBD6	-	NA
A0A9W6WLY5	-	12.32
A0A9W6X5Y7	-	12.68
A0A9W6X5Y8	-	12.51
A0A9W6X9Y3	-	12.15
A0A9W6X9Y5	-	12.46
A0A9W6X9Y8	-	12.56
A0A9W6XBY7	-	NA
A0A9W6YBJ6	-	12.36
A0A9W7CFU9	-	12.50
A0A9W7CJI0	-	12.63
A0A9W7CLG6	-	12.42
A0A9W7G1T1	-	13.64
A0A9W7GT20	C	2.84
A0A9W7H895	C	2.90
A0A9W7H930	C	3.14
A0A9W7H9J2	C*	3.56
A0A9W7HAY0	C	2.90
A0A9W7HBI0	C	3.02
A0A9W7IEX3	C	3.00
A0A9W7IQQ8	C	3.30
A0A9W7ISR7	C	3.24
A0A9W7JII4	C	3.05
A0A9W7JLJ4	C	2.88
A0A9W7LP53	C	2.82
A0A9W7MS00	C	3.29
A0A9W7MUS4	C	2.74
A0A9W7SKI7	C	3.23
A0A9W7SSJ9	C	3.34
A0A9W7SUG4	-	22.50
A0A9W7T0I7	-	NA
A0A9W7TKM7	-	13.28
A0A9W7W359	C*	5.19
A0A9W7W6F9	-	23.18
A0A9W7WUE2	-	13.19
A0A9W7XIT0	-	22.90
A0A9W7XIT1	-	7.38
A0A9W7XK53	-	13.00
A0A9W7XMR5	-	22.65
A0A9W7XTH6	-	22.27
A0A9W7XXU6	-	9.71
A0A9W7Y2H5	-	22.08
A0A9W7Y2H7	-	22.82
A0A9W7Y720	-	22.19
A0A9W7Y8G3	-	7.31
A0A9W7Y975	-	22.88
A0A9W7YAN3	-	22.35
A0A9W7ZKP7	C*	6.34
A0A9W7ZRQ5	-	21.89
A0A9W7ZSS9	-	6.80
A0A9W7ZTN6	-	22.22
A0A9W7ZUT9	-	21.88
A0A9W7ZW57	-	21.71
A0A9W7ZWB9	-	19.88
A0A9W7ZWE7	-	14.11
A0A9W7ZWU4	-	21.63
A0A9W7ZY02	-	22.87
A0A9W7ZYH1	-	7.50
A0A9W7ZYI4	-	22.26
A0A9W7ZZ73	-	22.33
A0A9W8A2L9	-	26.07
A0A9W8A5M2	-	22.11
A0A9W8ABZ6	-	22.57
A0A9W8ADV8	-	6.87
A0A9W8ALG9	-	22.05
A0A9W8AV15	-	13.79
A0A9W8B1Y4	-	17.97
A0A9W8B7N1	-	11.41
A0A9W8B7S7	-	21.45
A0A9W8B9V6	-	21.45
A0A9W8BA39	-	22.61
A0A9W8BBF2	-	22.29
A0A9W8BF72	-	22.26
A0A9W8BGY4	-	22.55
A0A9W8BH04	-	22.32
A0A9W8BKZ5	-	22.77
A0A9W8C8D5	-	12.90
A0A9W8CC87	-	12.67
A0A9W8CIE1	-	13.93
A0A9W8CIZ3	-	22.33
A0A9W8CKH9	-	21.89
A0A9W8CKX1	-	22.05
A0A9W8CUF5	-	12.96
A0A9W8CUL2	-	22.07
A0A9W8CUX1	-	14.57
A0A9W8CV89	-	22.40
A0A9W8CWN9	-	22.35
A0A9W8CXW5	-	7.29
A0A9W8CZ94	-	22.34
A0A9W8DLP7	-	22.50
A0A9W8DN30	-	22.51
A0A9W8DNF5	-	22.25
A0A9W8DNR2	-	22.85
A0A9W8DNV2	-	22.07
A0A9W8DQD6	-	12.86
A0A9W8DRK8	-	22.35
A0A9W8DS45	-	22.45
A0A9W8DSH3	-	21.38
A0A9W8DSU2	-	6.64
A0A9W8DT63	-	22.84
A0A9W8DW82	-	22.08
A0A9W8E3J8	-	10.54
A0A9W8EDJ4	-	19.60
A0A9W8EE62	-	19.62
A0A9W8G307	-	7.09
A0A9W8G3D3	-	22.55
A0A9W8G3W1	-	22.42
A0A9W8G4N9	-	22.73
A0A9W8GDT7	-	12.95
A0A9W8GHU5	-	22.47
A0A9W8GII7	-	13.12
A0A9W8GJI5	-	22.83
A0A9W8GLD2	-	9.69
A0A9W8GLG1	-	22.64
A0A9W8GLQ1	-	19.31
A0A9W8GMY9	-	22.45
A0A9W8GQG9	-	22.01
A0A9W8GX65	-	13.19
A0A9W8GXD7	-	22.19
A0A9W8GXJ7	-	22.13
A0A9W8GZT3	-	22.38
A0A9W8H1R1	-	22.22
A0A9W8H453	-	22.40
A0A9W8H676	-	7.27
A0A9W8H6W1	-	22.42
A0A9W8H710	-	22.27
A0A9W8H7H3	-	22.61
A0A9W8HC00	-	9.60
A0A9W8HDB8	-	21.93
A0A9W8HDM0	-	22.82
A0A9W8HE08	-	22.23
A0A9W8HEI5	-	22.51
A0A9W8HFK5	-	13.14
A0A9W8HM54	-	13.03
A0A9W8HMD5	-	14.50
A0A9W8HQF2	-	21.81
A0A9W8HQF8	-	22.51
A0A9W8HTJ6	-	22.43
A0A9W8I1Q0	-	22.37
A0A9W8I809	-	22.28
A0A9W8IAJ7	-	9.71
A0A9W8ID80	-	7.24
A0A9W8IDD7	-	22.80
A0A9W8IG38	-	22.37
A0A9W8IGJ8	-	22.22
A0A9W8II49	-	22.25
A0A9W8IJD5	-	22.40
A0A9W8ILC5	-	9.66
A0A9W8INL8	-	22.25
A0A9W8IQ27	-	22.13
A0A9W8IT97	-	13.07
A0A9W8IWH2	-	9.87
A0A9W8JDP5	-	22.03
A0A9W8JDQ7	-	22.06
A0A9W8JJP2	-	21.83
A0A9W8KWI7	-	9.77
A0A9W8KYY9	-	22.56
A0A9W8L019	-	9.80
A0A9W8LCD0	-	22.39
A0A9W8LCZ0	-	22.43
A0A9W8LDC9	-	22.93
A0A9W8LDM7	-	9.65
A0A9W8LII4	-	14.51
A0A9W8LKD4	-	22.13
A0A9W8LSU1	-	22.74
A0A9W8LU49	-	9.60
A0A9W8LUA5	-	12.96
A0A9W8M1M6	-	22.54
A0A9W8M233	-	21.88
A0A9W8M3B5	-	13.03
A0A9W8M3P6	-	22.94
A0A9W8M545	-	22.27
A0A9W8M5N8	-	22.30
A0A9W8M6D4	-	22.16
A0A9W8M9A3	-	22.64
A0A9W8M9A6	-	9.87
A0A9W8MAQ6	-	21.98
A0A9W8MD97	-	22.23
A0A9W8MFY6	-	22.21
A0A9W8MZJ6	-	22.40
A0A9W8MZK8	-	22.20
A0A9W8N063	-	22.57
A0A9W8N7V4	-	23.01
A0A9W8N878	-	23.04
A0A9W8NKU9	-	15.62
A0A9W8NKV1	-	22.33
A0A9W8NLI6	-	14.94
A0A9W8NZF7	-	15.11
A0A9W8NZJ0	-	15.40
A0A9W8PGS0	-	20.96
A0A9W8PH15	-	23.21
A0A9W8PHB8	-	23.28
A0A9W8PIA0	-	22.69
A0A9W8PIJ9	C	3.13
A0A9W8PIM9	-	23.08
A0A9W8PJE9	-	15.69
A0A9W8PN59	C	2.76
A0A9W8PNW4	C	3.19
A0A9W8PPH3	-	22.86
A0A9W8PZ63	-	21.74
A0A9W8Q159	C	3.33
A0A9W8QE01	C	3.29
A0A9W8QL67	C	3.42
A0A9W8QX66	-	22.35
A0A9W8QYV2	-	22.96
A0A9W8R7R4	C	2.95
A0A9W8R9U3	C	3.47
A0A9W8RDP3	C	3.14
A0A9W8RG83	C	3.38
A0A9W8RLY5	C*	3.65
A0A9W8RNA8	C	3.39
A0A9W8RTL8	-	20.82
A0A9W8RVI0	-	22.30
A0A9W8TES0	-	22.58
A0A9W8TF15	-	22.64
A0A9W8TMK2	C	3.44
A0A9W8TQB9	C	2.95
A0A9W8TQN1	-	22.91
A0A9W8TXL8	C	2.94
A0A9W8U1T8	-	14.88
A0A9W8U4P3	-	22.30
A0A9W8U7F8	-	22.30
A0A9W8UFH3	C	3.10
A0A9W8UQ41	-	14.40
A0A9W8V2T7	-	22.87
A0A9W8V6W5	C	3.32
A0A9W8V7S4	-	22.23
A0A9W8V905	-	23.11
A0A9W8V9F6	-	22.81
A0A9W8VAU3	-	NA
A0A9W8VDW0	-	22.76
A0A9W8VIW2	C	2.91
A0A9W8VKQ3	C	3.24
A0A9W8W7V2	C	2.84
A0A9W8W9H5	C	3.29
A0A9W8WAA0	C	3.50
A0A9W8WCQ7	C*	3.51
A0A9W8WRY4	-	15.95
A0A9W8WWN8	-	15.10
A0A9W8WY18	-	14.74
A0A9W8X1Z9	C	2.91
A0A9W8X6H4	C*	3.90
A0A9W8X6S1	-	15.83
A0A9W8X8A4	-	22.59
A0A9W8XCZ5	C	2.85
A0A9W8XD27	C	2.64
A0A9W8XEL1	C	2.88
A0A9W8XQ27	-	22.43
A0A9W8XR00	-	14.74
A0A9W8XTL6	-	NA
A0A9W8XU64	-	17.95
A0A9W8XWX0	C	3.11
A0A9W8XZL5	-	22.90
A0A9W8Y5I7	-	15.71
A0A9W8Y9C3	-	15.04
A0A9W8YM87	-	15.56
A0A9W8YXT2	-	22.86
A0A9W8YXX2	-	16.12
A0A9W8YXY3	-	22.20
A0A9W8Z0P1	-	22.36
A0A9W8Z280	-	14.97
A0A9W8Z3C7	C	3.38
A0A9W8Z679	-	15.95
A0A9W8Z6D9	-	18.99
A0A9W8Z6Z9	-	21.10
A0A9W8Z7W4	-	14.80
A0A9W8Z825	-	15.05
A0A9W8Z8L2	-	19.46
A0A9W8ZC90	-	23.10
A0A9W8ZM31	-	22.84
A0A9W8ZMJ0	-	15.87
A0A9W8ZND0	C*	3.96
A0A9W8ZZ49	C	3.18
A0A9W9AEE6	-	13.56
A0A9W9AEI2	-	13.04
A0A9W9AER9	-	NA
A0A9W9B374	C	3.25
A0A9W9BTC6	C	3.13
A0A9W9BUC3	-	22.48
A0A9W9BUQ9	-	22.85
A0A9W9BV63	-	20.13
A0A9W9BVW0	-	22.41
A0A9W9BY78	C	3.06
A0A9W9BZ07	-	20.37
A0A9W9C0T7	-	22.98
A0A9W9C139	-	19.62
A0A9W9C1U5	-	23.34
A0A9W9C266	-	18.93
A0A9W9C3U8	-	15.17
A0A9W9C646	-	15.06
A0A9W9CD07	-	22.37
A0A9W9CFW5	-	15.28
A0A9W9CGF6	-	22.46
A0A9W9CIW1	C	2.70
A0A9W9CJW6	-	23.35
A0A9W9CXX3	-	22.94
A0A9W9CZN4	-	10.26
A0A9W9D2U7	-	6.55
A0A9W9D4J4	-	22.63
A0A9W9D6P8	-	15.07
A0A9W9D7K1	-	22.08
A0A9W9DAH2	-	20.21
A0A9W9DCX7	-	22.72
A0A9W9DDH6	-	10.05
A0A9W9DF90	-	10.43
A0A9W9DGF5	-	15.29
A0A9W9DPG6	-	12.88
A0A9W9DQ39	-	13.87
A0A9W9DSJ3	C	2.91
A0A9W9DSP4	-	14.75
A0A9W9DVJ1	C	3.02
A0A9W9DWD5	C	2.89
A0A9W9E068	-	14.70
A0A9W9E8A8	C	3.07
A0A9W9EVY9	C	2.91
A0A9W9EXD0	-	22.57
A0A9W9F523	-	22.71
A0A9W9F9P6	C*	3.95
A0A9W9FEI0	C	2.86
A0A9W9FGB9	-	23.19
A0A9W9FPD6	-	15.54
A0A9W9FYQ5	-	22.45
A0A9W9G6A9	C	3.37
A0A9W9H0G7	C	3.32
A0A9W9HCH3	-	22.80
A0A9W9HKK0	C*	3.63
A0A9W9I0C8	-	16.18
A0A9W9I4A4	-	22.86
A0A9W9I7I3	-	14.06
A0A9W9ICD9	-	22.43
A0A9W9IP98	C*	3.51
A0A9W9IRY5	-	NA
A0A9W9J9H4	-	22.54
A0A9W9JCQ1	-	15.58
A0A9W9JLG4	-	16.08
A0A9W9K980	C	3.33
A0A9W9KHA6	-	22.65
A0A9W9KQ89	-	22.52
A0A9W9KVU4	-	22.46
A0A9W9L8K5	C	3.27
A0A9W9LFN6	-	22.12
A0A9W9LGF4	-	15.64
A0A9W9LNB7	-	NA
A0A9W9LWM2	-	21.59
A0A9W9MFP2	C	3.30
A0A9W9MGJ8	C	3.32
A0A9W9N0P6	-	22.58
A0A9W9N1S5	-	22.17
A0A9W9N8A6	-	22.72
A0A9W9NGR8	C	3.28
A0A9W9NW18	C	3.01
A0A9W9P5C6	-	22.26
A0A9W9PRL5	-	22.87
A0A9W9PSV7	-	22.07
A0A9W9QHI7	-	22.59
A0A9W9QJG2	C	3.33
A0A9W9QKL9	-	22.61
A0A9W9QPK0	-	23.67
A0A9W9QPS8	C	3.39
A0A9W9QQ36	-	23.10
A0A9W9R1E7	-	22.59
A0A9W9REJ0	-	22.61
A0A9W9RKR2	-	22.48
A0A9W9RTH9	C*	6.50
A0A9W9RXP9	-	13.97
A0A9W9SAV8	-	21.98
A0A9W9SI09	-	21.92
A0A9W9T4Q6	-	NA
A0A9W9TGV0	-	21.19
A0A9W9UJR9	-	22.64
A0A9W9V833	-	15.97
A0A9W9V902	-	22.57
A0A9W9VAU9	-	22.43
A0A9W9VBH4	C	3.27
A0A9W9VFI7	-	15.80
A0A9W9VK00	-	15.47
A0A9W9VMQ4	-	22.32
A0A9W9W781	C	3.40
A0A9W9W8Y3	-	21.90
A0A9W9WHE0	-	23.00
A0A9W9WI57	-	22.23
A0A9W9WQE3	-	NA
A0A9W9XI78	-	22.74
A0A9W9XIV4	-	22.52
A0A9W9Y485	-	22.66
A0A9W9YWR8	-	11.81
A0A9W9YWV3	-	11.13
A0A9W9ZU34	-	10.20
A0A9X0AFN1	C	3.13
A0A9X0AKT3	C	3.23
A0A9X0AKU8	-	NA
A0A9X0ASR5	C	2.77
A0A9X0ATH4	-	23.16
A0A9X0AWT8	-	23.00
A0A9X0AXG5	-	NA
A0A9X0B7D7	-	22.79
A0A9X0B8V7	C*	3.55
A0A9X0BDN5	C	2.90
A0A9X0BLC2	-	6.64
A0A9X0BRX4	C	3.47
A0A9X0BTF6	-	22.64
A0A9X0BU96	-	15.95
A0A9X0BXG8	-	22.42
A0A9X0C4D4	C*	3.53
A0A9X0C4Y4	-	22.59
A0A9X0C7S2	-	21.97
A0A9X0CDF4	-	11.02
A0A9X0DPC2	C	3.37
A0A9X0DR84	C	2.77
A0A9X1P2F6	C*	3.63
A0A9X1PVV9	-	NA
A0A9X1PZH8	-	NA
A0A9X1T348	C*	3.74
A0A9X1U998	C	3.32
A0A9X1YW86	C	3.40
A0A9X2E6U5	-	28.19
A0A9X2LCT7	-	15.91
A0A9X2LGL6	-	16.20
A0A9X3BCJ2	-	16.02
A0A9X4BLL3	C	2.99
A0A9X4BM46	C*	3.53
A0A9X4D7M1	C	3.28
A0A9X4I0A2	C	3.17
A0A9X4LG23	C	3.37
A0A9X5E3I9	C	3.09
A0A9X5I711	-	NA
A0A9X6G301	-	26.71
A0A9X7JHZ5	-	NA
A0A9X8DRP4	-	11.81
A0A9X8E5P1	-	11.09
A0A9X8ECT6	-	11.79
A0A9X8H3Z6	-	11.34
A0A9X8H6Q2	-	12.47
A0A9X8H7L7	-	12.02
A0A9X8HDI2	-	11.74
A0A9X8N4J4	C	3.40
A0A9X9LJ82	-	12.84
A0A9X9M5H5	-	13.08
A0A9X9MJ74	C	3.47
A0A9X9ML18	C	3.17
A0A9X9ML42	C	3.36
A0A9Y3QLZ8	-	13.10
A0A9Y3RP58	-	13.29
A0A9Y3RZM7	-	12.84
A0A9Y3VLX9	-	12.68
A0A9Y4MXT7	-	13.48
A0AA35K588	-	13.40
A0AA35LJ97	-	12.70
A0AA35LP94	-	22.67
A0AA35LYT4	-	15.28
A0AA35M0Q8	-	NA
A0AA35M5E3	-	22.82
A0AA35M5L0	-	22.36
A0AA35M6L0	C	2.87
A0AA35M877	-	22.76
A0AA35MFR4	-	22.47
A0AA35MIP6	-	NA
A0AA35P3B8	-	13.25
A0AA35QCX9	-	21.26
A0AA35QEN2	-	22.56
A0AA35QFT7	-	15.73
A0AA35SFX9	-	9.99
A0AA35SH85	-	10.09
A0AA35V075	C	3.39
A0AA35VL53	-	23.06
A0AA35WPV6	-	12.80
A0AA35WWP0	-	10.07
A0AA35YT50	C	2.85
A0AA35Z755	C	3.00
A0AA35ZVF9	C	2.88
A0AA36A3D3	C	3.38
A0AA36A4X1	C	2.84
A0AA36A5G4	C	3.10
A0AA36ASM0	-	8.31
A0AA36BKN0	C*	13.47
A0AA36CM18	-	10.05
A0AA36CMA4	-	13.44
A0AA36CRJ7	-	13.48
A0AA36CRZ2	-	12.74
A0AA36CWW9	-	15.61
A0AA36D744	-	18.04
A0AA36DDA1	-	13.14
A0AA36DH95	-	12.22
A0AA36DI36	-	16.70
A0AA36DR08	C	3.18
A0AA36DTJ8	-	17.00
A0AA36DUE9	-	13.08
A0AA36E1F1	C	2.83
A0AA36E2Q3	C	2.86
A0AA36EFV6	C	2.75
A0AA36EGP3	C	3.28
A0AA36EPQ4	C	2.83
A0AA36G173	-	12.68
A0AA36G5K1	-	13.29
A0AA36G6E6	-	13.87
A0AA36GA08	-	10.65
A0AA36GE87	-	10.77
A0AA36GQX1	-	12.94
A0AA36GRQ4	-	12.94
A0AA36GRR6	-	12.92
A0AA36GUA4	-	14.07
A0AA36H9G9	-	11.60
A0AA36I6Q6	-	16.64
A0AA36I6U4	-	16.67
A0AA36JF65	C*	9.39
A0AA36JK50	C*	9.71
A0AA36JMX8	-	16.54
A0AA36M026	-	11.69
A0AA36MAG6	-	11.57
A0AA36MVQ5	-	16.59
A0AA37GCS8	-	22.20
A0AA37GDQ9	-	22.49
A0AA37GNE0	-	22.85
A0AA37GRR7	-	NA
A0AA37GSS8	-	11.27
A0AA37GXI2	C*	4.22
A0AA37L8J5	-	22.81
A0AA37L8S5	-	23.23
A0AA37LB66	-	23.11
A0AA37LBJ4	-	NA
A0AA37LRM6	-	NA
A0AA37LSP4	-	23.01
A0AA37LUW3	-	22.80
A0AA37P7R2	-	19.24
A0AA37P8W3	-	NA
A0AA37PB89	C*	3.73
A0AA37URQ3	-	22.96
A0AA38C4G8	C	2.84
A0AA38CNX4	C	2.74
A0AA38CVL5	C	2.62
A0AA38F4V6	C	2.68
A0AA38FN26	C	2.99
A0AA38J8C1	-	15.40
A0AA38JMF4	C	2.96
A0AA38JNP9	-	15.06
A0AA38KVA4	-	14.95
A0AA38NMR0	C*	15.42
A0AA38NNV5	-	15.32
A0AA38NPT6	C	3.04
A0AA38P9M6	-	15.18
A0AA38PLT2	-	NA
A0AA38PZP5	-	15.59
A0AA38Q2J7	-	14.99
A0AA38R1L0	-	22.21
A0AA38RAI0	-	NA
A0AA38RBN8	-	14.75
A0AA38RCX9	-	20.33
A0AA38RD10	-	23.04
A0AA38RGD2	C	2.92
A0AA38RKN2	-	15.31
A0AA38RL25	-	22.96
A0AA38RLD9	-	22.79
A0AA38RMA6	C	2.99
A0AA38RRE5	-	19.50
A0AA38RS44	-	21.99
A0AA38RX46	-	22.94
A0AA38S150	-	19.72
A0AA38SF96	-	23.20
A0AA38TB77	C	2.91
A0AA38TIK8	C	3.16
A0AA38USU6	C	3.07
A0AA38VBY0	-	22.73
A0AA38VH97	C	3.37
A0AA38VRT5	-	20.02
A0AA38VSJ3	-	11.54
A0AA38W271	-	23.10
A0AA38W327	C	3.33
A0AA38WAD9	C	3.05
A0AA38WJC1	C	2.68
A0AA38XND7	-	22.17
A0AA38XQF2	-	15.27
A0AA38XVF3	-	NA
A0AA38XXB7	-	15.29
A0AA38Y2G0	C	3.11
A0AA38Y990	-	18.19
A0AA38YDK5	-	22.29
A0AA38ZJU6	-	NA
A0AA38ZJU9	C	2.83
A0AA38ZLG5	C	2.73
A0AA39ABW5	C	2.81
A0AA39CFY0	-	NA
A0AA39CUU5	C	3.27
A0AA39CZD0	-	20.33
A0AA39G9F2	-	16.85
A0AA39G9M2	-	22.18
A0AA39GBS1	-	22.54
A0AA39GDC6	C	2.94
A0AA39GF27	C	2.90
A0AA39GI28	-	22.92
A0AA39GKB8	-	14.45
A0AA39GKD3	-	15.45
A0AA39GKR5	-	NA
A0AA39GRF5	-	22.38
A0AA39H2D9	-	16.08
A0AA39H3A8	-	16.16
A0AA39H4D1	-	11.39
A0AA39H4E0	-	11.44
A0AA39H583	-	11.33
A0AA39H653	-	11.31
A0AA39HID6	-	11.67
A0AA39I4B6	-	18.17
A0AA39I9V7	-	14.13
A0AA39IA69	-	14.10
A0AA39IBU8	-	11.77
A0AA39ICK3	-	11.81
A0AA39IME2	-	13.31
A0AA39J2D7	-	23.62
A0AA39J5B7	-	23.63
A0AA39J6T1	-	23.52
A0AA39J8P7	-	NA
A0AA39JBC8	-	23.57
A0AA39JGX0	-	23.48
A0AA39JL40	-	23.31
A0AA39JLX0	-	23.25
A0AA39JQW3	C*	3.79
A0AA39JTQ7	-	23.58
A0AA39JWK2	-	15.16
A0AA39JYE4	-	14.21
A0AA39K478	-	23.49
A0AA39K6Q5	-	19.73
A0AA39K704	-	NA
A0AA39L820	C*	3.57
A0AA39LAW8	-	15.10
A0AA39LBY8	-	22.73
A0AA39LCB9	-	15.36
A0AA39LHK4	-	16.02
A0AA39LHZ4	-	16.10
A0AA39M604	-	17.99
A0AA39MK51	-	23.36
A0AA39MKF8	-	23.50
A0AA39MU98	-	23.35
A0AA39MWI5	-	19.63
A0AA39MY69	C	3.15
A0AA39MYU6	-	15.94
A0AA39N1I9	-	23.47
A0AA39N2J9	-	23.51
A0AA39NA09	-	23.51
A0AA39NL84	-	23.55
A0AA39NQW6	-	14.98
A0AA39NSS0	-	23.55
A0AA39NST2	-	23.47
A0AA39NTJ8	-	NA
A0AA39P0I2	-	23.46
A0AA39P110	-	23.55
A0AA39P123	-	23.15
A0AA39P270	-	23.53
A0AA39P271	-	23.38
A0AA39P499	-	14.59
A0AA39P9P0	C	2.81
A0AA39PA08	C	3.45
A0AA39PAX5	-	23.21
A0AA39PIA9	-	15.87
A0AA39PK06	-	15.36
A0AA39PN87	-	23.36
A0AA39PUX9	-	23.35
A0AA39PWI9	-	23.32
A0AA39Q2D4	-	23.30
A0AA39Q3E3	-	14.85
A0AA39Q9J3	-	NA
A0AA39QBA4	-	23.28
A0AA39QC71	C	3.32
A0AA39QES7	-	14.91
A0AA39QGQ6	-	23.56
A0AA39QMY4	-	14.11
A0AA39QNZ1	-	19.09
A0AA39QZS5	C	2.90
A0AA39R8U1	C	3.30
A0AA39RRG0	C	2.88
A0AA39T760	-	15.35
A0AA39T9Y6	-	NA
A0AA39TCK8	C	3.00
A0AA39TQ36	-	23.70
A0AA39TW36	-	23.28
A0AA39TZK4	-	15.86
A0AA39U5F4	-	22.96
A0AA39U618	-	23.99
A0AA39UC92	-	23.57
A0AA39UP08	-	21.49
A0AA39UQR7	-	15.22
A0AA39UYF8	-	23.47
A0AA39UZS7	-	14.45
A0AA39W9W6	-	22.24
A0AA39WBW2	-	22.53
A0AA39WCE6	-	23.12
A0AA39WCT5	C	3.34
A0AA39WDQ3	-	23.25
A0AA39WDR7	-	22.77
A0AA39WDV1	-	22.41
A0AA39WFD7	-	NA
A0AA39WH16	C*	6.37
A0AA39WJQ3	-	22.63
A0AA39WK76	-	15.33
A0AA39WL81	-	15.46
A0AA39WLS3	-	22.94
A0AA39WML9	C	3.13
A0AA39WNN7	-	NA
A0AA39WNX7	-	23.55
A0AA39WQC5	-	23.46
A0AA39WR87	-	22.42
A0AA39WSZ2	-	23.14
A0AA39WVQ1	-	22.89
A0AA39WW28	-	15.30
A0AA39WWK0	C	2.89
A0AA39WY20	-	23.16
A0AA39WYI1	-	15.51
A0AA39WZB5	-	22.97
A0AA39X1U3	-	22.82
A0AA39X2C0	C	3.24
A0AA39X441	-	11.36
A0AA39X4X9	-	15.33
A0AA39X664	-	15.99
A0AA39X8F2	C*	3.59
A0AA39XD07	-	12.39
A0AA39XF26	-	21.98
A0AA39XF85	C	2.94
A0AA39XFD4	-	23.06
A0AA39XH83	-	23.37
A0AA39XHI2	-	18.97
A0AA39XHP1	-	17.75
A0AA39XPR0	C	3.27
A0AA39XRS0	-	23.82
A0AA39XUM0	-	22.82
A0AA39XY02	C	3.38
A0AA39Y2C8	-	15.45
A0AA39Y697	-	23.23
A0AA39Y7F5	-	22.64
A0AA39YAN0	-	23.08
A0AA39YC54	-	18.09
A0AA39YD30	-	23.11
A0AA39YEC9	C	2.89
A0AA39YGX5	-	15.58
A0AA39YIX0	-	21.38
A0AA39YM87	-	19.12
A0AA39YSG9	-	23.87
A0AA39YSP7	-	17.71
A0AA39YT88	C	3.23
A0AA39YTE5	C	3.11
A0AA39YTN9	-	15.74
A0AA39YU96	-	22.35
A0AA39YUL0	-	22.16
A0AA39YX85	C	2.89
A0AA39YZL0	-	NA
A0AA39Z0T3	-	22.09
A0AA39Z3B2	C	2.86
A0AA39Z3M8	-	21.81
A0AA39Z569	-	23.33
A0AA39Z577	-	15.05
A0AA39Z580	C*	3.73
A0AA39Z5S0	-	16.52
A0AA39Z6W4	-	23.10
A0AA39Z979	-	21.29
A0AA39ZAI9	-	22.20
A0AA39ZBC6	-	15.38
A0AA39ZCG7	-	15.83
A0AA39ZFM0	-	24.16
A0AA39ZGT5	C	3.00
A0AA39ZH12	-	20.50
A0AA39ZHB9	C	3.34
A0AA39ZIB4	-	23.24
A0AA39ZIF1	-	20.19
A0AA39ZJ41	C	2.86
A0AA39ZVR3	-	NA
A0AA39ZZ44	-	22.63
A0AA40A1C2	C	3.43
A0AA40A3H6	-	23.09
A0AA40A5J6	C	3.24
A0AA40A7B9	-	24.00
A0AA40A9U4	-	15.58
A0AA40AAU4	C	3.46
A0AA40AEH6	-	23.35
A0AA40AKZ0	-	15.73
A0AA40AMQ6	C	2.92
A0AA40ANQ1	-	22.67
A0AA40AX45	-	22.04
A0AA40AZR9	-	22.75
A0AA40AZV6	-	23.12
A0AA40BB56	-	22.18
A0AA40BCX3	C	3.18
A0AA40BDE1	-	15.83
A0AA40BGF9	-	22.75
A0AA40BHX9	C	2.90
A0AA40BLT5	-	21.99
A0AA40BPG0	-	20.87
A0AA40BPI5	-	23.50
A0AA40BPP7	-	23.58
A0AA40BQV3	-	22.36
A0AA40BVL9	-	22.39
A0AA40C0K7	-	15.86
A0AA40C0T4	-	20.63
A0AA40C2M7	-	15.11
A0AA40C4G9	-	15.54
A0AA40C5N3	C	3.43
A0AA40C7Q6	-	23.12
A0AA40CAT2	-	14.15
A0AA40CI83	C*	3.74
A0AA40CKN8	C	3.08
A0AA40CKQ1	-	15.28
A0AA40CLH0	C	3.35
A0AA40CN70	-	15.60
A0AA40CS78	C	3.32
A0AA40CSE0	-	23.41
A0AA40CT75	-	22.70
A0AA40CUF9	-	19.81
A0AA40CYF2	C	2.92
A0AA40CZH0	-	23.12
A0AA40D1P3	-	22.61
A0AA40D2C1	-	23.40
A0AA40D3U3	-	22.90
A0AA40D4L4	C	2.82
A0AA40D5H7	-	23.03
A0AA40DDD7	-	22.69
A0AA40DDV9	C	3.39
A0AA40DEJ6	-	10.40
A0AA40DKI7	-	20.45
A0AA40DL14	C	3.28
A0AA40DLT5	C*	9.45
A0AA40DP46	-	19.24
A0AA40DQR4	C	3.02
A0AA40DQU3	-	22.74
A0AA40DU32	-	23.06
A0AA40DY47	C	3.28
A0AA40DY87	C	3.34
A0AA40DZW7	-	9.79
A0AA40E1Y5	-	23.09
A0AA40E5Z9	-	15.84
A0AA40EB97	C*	3.77
A0AA40EBB7	C	2.97
A0AA40EBE4	-	23.17
A0AA40ECG1	-	23.03
A0AA40ECL0	-	10.49
A0AA40EDW1	-	23.93
A0AA40EDZ9	-	15.16
A0AA40EEY7	-	23.35
A0AA40EG39	-	19.40
A0AA40EG60	C	3.16
A0AA40EGC6	-	23.14
A0AA40EN56	C	2.96
A0AA40EQQ0	C	3.27
A0AA40ESG9	-	21.97
A0AA40EUS9	C	3.08
A0AA40EWB1	-	16.03
A0AA40EX61	-	22.97
A0AA40EX72	-	22.78
A0AA40EXL7	-	15.76
A0AA40EZC6	C	3.11
A0AA40F0I2	C	2.85
A0AA40F0U4	-	23.06
A0AA40F1Y1	-	22.94
A0AA40F239	C	3.43
A0AA40F3J5	-	15.48
A0AA40F553	-	15.68
A0AA40F5A8	-	22.48
A0AA40F5K1	-	22.04
A0AA40F7I6	C	3.31
A0AA40F7U2	C	3.21
A0AA40F7V3	-	15.64
A0AA40GP66	-	13.05
A0AA40H5K2	-	13.40
A0AA40JHP9	C	3.45
A0AA40JYG4	-	15.40
A0AA40K261	C	2.79
A0AA40K3E2	-	22.61
A0AA40K4G3	-	23.96
A0AA40K4H1	-	22.30
A0AA40K4I9	-	22.82
A0AA40K4L5	-	20.73
A0AA40K5X6	C	2.89
A0AA40K749	C	3.29
A0AA40K7X1	-	NA
A0AA40K892	C	3.00
A0AA40K8Z3	-	15.42
A0AA40KAC6	-	22.83
A0AA40KB66	-	20.88
A0AA40KBA6	-	17.68
A0AA40L8C6	-	12.76
A0AA40R376	C	3.30
A0AA40T4C7	C*	3.66
A0AA40VHJ8	-	NA
A0AA41H3T0	C	3.09
A0AA41RPS2	C	3.42
A0AA41ST79	-	13.15
A0AA41T388	-	12.84
A0AA41U5V3	-	NA
A0AA41UVG0	C	3.01
A0AA41UWM5	C	2.75
A0AA41UY65	C	2.86
A0AA41V7W0	C	2.87
A0AA41VNM2	C	2.87
A0AA41VVT7	C	3.14
A0AA41VZ49	C	3.35
A0AA42AU58	C*	9.81
A0AA42AWF5	C	3.35
A0AA42B2I3	C	3.48
A0AA42B2P4	-	NA
A0AA42B8L4	C	3.36
A0AA43QK37	C	3.00
A0AA43QLN8	-	NA
A0AA44WUB9	-	15.41
A0AA45AI00	-	22.92
A0AA45AN88	C	3.37
A0AA45WKT0	-	9.75
A0AA47MI83	-	13.31
A0AA47MQR3	-	13.44
A0AA47NBL1	-	12.88
A0AA48HBG1	-	19.36
A0AA48LWU8	C	3.44
A0AA49H8A3	C	2.82
A0AA49K9K0	-	13.04
A0AA49QCK1	-	12.79
A0AA51NGA5	C	2.87
A0AA51NGI9	C	2.92
A0AA51REH5	C	2.94
A0AA51RF15	C	2.93
A0AA51RHR0	C	2.89
A0AA51RHZ2	C	2.91
A0AA85A3Q5	C*	10.54
A0AA85A9Z7	C*	7.78
A0AA85BMY3	C*	10.18
A0AA85BQX3	C*	10.39
A0AA85BSU4	C*	7.79
A0AA85G527	C*	7.71
A0AA85KB05	C*	13.05
A0AA85KGE4	C*	11.49
A0AA85KLQ7	C*	10.39
A0AA86IJL2	-	NA
A0AA86RZU0	C	2.70
A0AA86V8T9	C	2.91
A0AA86VG20	C	2.80
A0AA86VNM7	C	2.79
A0AA86VS17	C	2.84
A0AA87Y286	-	NA
A0AA88ACS8	C	2.79
A0AA88AE32	C	2.90
A0AA88AEL2	C	2.83
A0AA88AFA7	C	2.97
A0AA88ATJ8	C	2.88
A0AA88AXG2	C	2.85
A0AA88D1Q6	C	2.88
A0AA88EDJ5	C	2.98
A0AA88IMU3	-	12.70
A0AA88JFY6	C	3.01
A0AA88LSV0	-	13.29
A0AA88M8W7	-	13.00
A0AA88MKC2	-	13.22
A0AA88N2E9	-	13.00
A0AA88NB34	-	13.19
A0AA88NN21	-	12.71
A0AA88NTB5	-	12.77
A0AA88QE56	C	3.11
A0AA88QFI1	C	2.77
A0AA88QHD6	C	2.77
A0AA88S6Z9	-	13.34
A0AA88T6T1	-	12.73
A0AA88TJG4	-	13.07
A0AA88TT43	-	12.75
A0AA88TX95	-	12.91
A0AA88VWZ6	C	2.87
A0AA88WMM6	C	2.82
A0AA88XCP2	-	14.28
A0AA88XH52	-	12.43
A0AA88XIM2	-	12.52
A0AA88XJK4	-	18.99
A0AA88XKI5	-	16.03
A0AA88XKK9	-	15.97
A0AA88XLC0	-	18.89
A0AA88XLZ1	-	12.66
A0AA88XQR2	-	12.26
A0AA88XQS5	-	16.15
A0AA88XTS7	-	NA
A0AA88Y482	-	11.75
A0AA88YDI9	-	15.83
A0AA88YE74	-	15.91
A0AA88YL18	-	12.40
A0AA88YTD4	-	15.75
A0AA89AGQ4	C	2.85
A0AA89B2U6	-	NA
A0AA89BLK6	-	12.55
A0AA89BXI1	-	22.00
A0AA89C447	-	19.22
A0AA89C6N4	-	10.63
A0AA89QDS6	-	NA
A0AA89TWP5	-	NA
A0AA91EBM3	C	2.90
A0AA92K3X5	C	3.20
A0AA92QAW9	-	15.64
A0AA95F4Q0	-	16.32
A0AA97J2B4	-	13.36
A0AA97J2U4	-	13.22
A0AA97JPN8	-	12.53
A0AA97MF99	-	13.08
A0AA97N3L1	-	13.45
A0AA97N7U6	-	12.70
A0AA97NN32	-	14.39
A0AA97NUK3	-	NA
A0AA97NVC8	-	22.49
A0AA97NWE8	-	16.99
A0AA97P016	-	NA
A0AA97P1L6	-	23.22
A0AA97P2C5	-	15.36
A0AA97P2H9	-	22.17
A0AA97P2N2	-	16.45
A0AA97P5F8	-	15.47
A0AA97P5T7	-	16.76
A0AA97PMU4	C	2.88
A0AA97PQ61	-	22.92
A0AA97PQQ8	-	21.84
A0AAC8Q565	-	15.72
A0AAC8TJW5	-	42.69
A0AAD0QBY7	-	NA
A0AAD0RR47	C	3.37
A0AAD0S6F5	-	15.60
A0AAD0S9P7	C	3.22
A0AAD0VCQ0	-	NA
A0AAD1E5T9	C*	3.57
A0AAD1R521	-	13.38
A0AAD1R5G9	-	13.37
A0AAD1RUM4	-	13.23
A0AAD1W2I8	-	16.30
A0AAD1YTC7	C*	3.66
A0AAD1YYP5	C*	4.27
A0AAD1YZ47	C	2.67
A0AAD1Z1H3	C	2.87
A0AAD1Z3P8	C	2.83
A0AAD1ZQL5	C	2.82
A0AAD2A9U3	C	2.83
A0AAD2AA08	C	2.63
A0AAD2ABD7	C	2.94
A0AAD2AE30	C	2.98
A0AAD2AFA4	C	2.64
A0AAD2DM26	C	2.88
A0AAD2DMV8	C	2.81
A0AAD2EDD1	C	2.89
A0AAD2H4D2	C	2.98
A0AAD2H686	C	3.07
A0AAD2H6M4	C*	3.73
A0AAD2H8R9	-	14.18
A0AAD2K0X0	-	19.99
A0AAD2K112	-	19.53
A0AAD3DIW9	-	NA
A0AAD3MGL2	-	12.80
A0AAD3MLL3	-	13.09
A0AAD3N7D6	-	13.25
A0AAD3NDQ9	-	12.67
A0AAD4BGZ0	-	NA
A0AAD4CAB7	-	22.90
A0AAD4CRI2	-	20.36
A0AAD4D0D9	-	22.11
A0AAD4DPP0	C	2.87
A0AAD4E4K7	C*	3.65
A0AAD4EQB2	-	22.87
A0AAD4ESD7	-	18.14
A0AAD4ETF0	-	23.93
A0AAD4EUM5	-	15.22
A0AAD4EYT8	-	22.74
A0AAD4F503	C	3.33
A0AAD4F826	-	23.16
A0AAD4F9S8	-	22.69
A0AAD4FB42	-	20.93
A0AAD4FBU9	-	15.29
A0AAD4FFU5	-	20.49
A0AAD4FGP7	-	22.82
A0AAD4FIH5	C*	3.62
A0AAD4FJL0	-	22.35
A0AAD4FKQ0	-	22.39
A0AAD4G8T3	C	3.28
A0AAD4G8V0	C*	3.67
A0AAD4GVZ6	-	22.25
A0AAD4GWA3	-	22.20
A0AAD4GXZ1	-	22.35
A0AAD4GYQ3	-	22.95
A0AAD4HFX7	-	16.05
A0AAD4HT63	-	23.24
A0AAD4HVC4	-	18.80
A0AAD4I226	-	22.34
A0AAD4I239	-	23.10
A0AAD4I3X2	-	22.92
A0AAD4I5V0	-	18.43
A0AAD4I7T5	-	15.16
A0AAD4I9I8	C	2.92
A0AAD4ICZ1	-	15.67
A0AAD4IG29	-	23.07
A0AAD4ILF4	C	3.03
A0AAD4IPP4	C	3.01
A0AAD4IQ84	C	2.85
A0AAD4IQC4	C	3.03
A0AAD4IUR5	C	2.70
A0AAD4IZZ2	C	2.75
A0AAD4JP50	C	2.87
A0AAD4JP52	C	2.94
A0AAD4JP69	C*	3.55
A0AAD4JQU6	C	2.90
A0AAD4KK35	C	3.10
A0AAD4KYH8	-	15.06
A0AAD4L0L4	C	3.50
A0AAD4L5H1	-	22.19
A0AAD4LDB2	-	15.21
A0AAD4LFC7	-	15.28
A0AAD4LV26	-	15.73
A0AAD4M2Z7	C	2.95
A0AAD4M928	C	2.96
A0AAD4MY73	-	18.28
A0AAD4N0G1	-	11.09
A0AAD4N7C2	-	14.63
A0AAD4NQN5	C*	3.70
A0AAD4NRB5	-	NA
A0AAD4NUF4	-	15.72
A0AAD4NY41	C	2.99
A0AAD4NYG2	C*	4.12
A0AAD4P6L0	C	3.02
A0AAD4P7G4	C	3.01
A0AAD4P7X2	C	2.81
A0AAD4PDJ4	C	2.83
A0AAD4PDX8	C	2.88
A0AAD4PER2	C	2.50
A0AAD4PWA9	-	21.36
A0AAD4Q7J0	-	15.22
A0AAD4QGU7	C*	3.89
A0AAD4RUT1	C	2.90
A0AAD4RVK4	C	2.89
A0AAD4RYT2	C	3.11
A0AAD4S1I2	C	3.31
A0AAD4S284	C	3.22
A0AAD4S8V4	C	2.65
A0AAD4SAU9	C	3.40
A0AAD4SEM3	C	2.91
A0AAD4SF23	C	2.95
A0AAD4SFR9	C	2.94
A0AAD4SG83	C	2.92
A0AAD4SKW1	C	2.86
A0AAD4SLC9	C	3.00
A0AAD4SLZ7	C	2.77
A0AAD4SQ07	C	3.13
A0AAD4T1W2	C	3.19
A0AAD4T715	C	3.30
A0AAD4U318	-	13.46
A0AAD4VUZ6	C	3.16
A0AAD4W9U7	C	2.85
A0AAD4X8V1	C	2.75
A0AAD4X8X7	C	3.43
A0AAD4XE67	C	2.94
A0AAD4XM21	C*	3.69
A0AAD4XRV4	C	3.03
A0AAD4XRV8	C*	3.65
A0AAD4ZQD0	C	3.19
A0AAD5AK74	-	12.74
A0AAD5B1A7	-	13.06
A0AAD5BVV2	C	3.13
A0AAD5CAK5	-	NA
A0AAD5CIW7	C	2.83
A0AAD5CKI6	C	2.88
A0AAD5CM03	C	2.65
A0AAD5CP55	C	2.92
A0AAD5CPE9	C	2.96
A0AAD5D1H6	C	3.15
A0AAD5D2H7	C	2.97
A0AAD5D3B2	C	3.18
A0AAD5D5M7	C	2.95
A0AAD5D6F1	C	2.95
A0AAD5D7S3	C	2.95
A0AAD5DD46	C	2.69
A0AAD5DEJ1	C	3.08
A0AAD5DL08	-	7.71
A0AAD5DNT7	-	13.52
A0AAD5DZA6	C	3.22
A0AAD5FTJ0	-	13.17
A0AAD5FU11	-	13.09
A0AAD5GKH5	C	2.92
A0AAD5GSN4	C	3.26
A0AAD5LBU8	-	12.95
A0AAD5LE61	-	12.37
A0AAD5LLN0	-	12.11
A0AAD5LMN7	-	12.49
A0AAD5LVG2	-	11.98
A0AAD5M2C2	-	12.42
A0AAD5M387	-	NA
A0AAD5M541	-	12.65
A0AAD5M5S5	-	12.81
A0AAD5M6X4	-	12.44
A0AAD5MAT2	-	12.50
A0AAD5MEG3	-	11.14
A0AAD5N8G8	-	11.68
A0AAD5Q4K3	-	11.64
A0AAD5Q741	-	12.47
A0AAD5QC94	-	14.01
A0AAD5RGJ3	C	3.35
A0AAD5RIJ0	C	3.03
A0AAD5RXG2	C	2.84
A0AAD5SAV4	-	13.83
A0AAD5SCX3	-	15.82
A0AAD5SD55	-	22.73
A0AAD5SIR0	-	17.55
A0AAD5SQD4	-	21.25
A0AAD5SSH0	-	18.27
A0AAD5T3C3	-	NA
A0AAD5T9G3	-	19.45
A0AAD5TRK7	-	15.48
A0AAD5TSH4	-	14.25
A0AAD5TWN6	-	22.34
A0AAD5TY19	-	11.96
A0AAD5TYE6	-	19.12
A0AAD5TYL7	-	22.12
A0AAD5U057	-	21.82
A0AAD5U175	-	15.72
A0AAD5U3C8	-	NA
A0AAD5U6Y0	-	18.80
A0AAD5U8M0	-	21.20
A0AAD5UAC9	-	24.14
A0AAD5UD08	-	21.39
A0AAD5UFP1	-	17.98
A0AAD5UGL0	-	16.32
A0AAD5UGP2	-	17.85
A0AAD5V4M1	-	NA
A0AAD5VHA7	C	3.34
A0AAD5VMD2	C*	3.98
A0AAD5VMH3	-	NA
A0AAD5VP74	C	3.36
A0AAD5W151	C*	3.90
A0AAD5WPZ9	-	NA
A0AAD5WYZ3	-	14.33
A0AAD5X031	-	22.48
A0AAD5X2U5	-	15.30
A0AAD5X3D7	-	22.29
A0AAD5X3H5	-	14.49
A0AAD5XEV4	-	17.59
A0AAD5XMD9	-	20.57
A0AAD5XPX8	-	15.63
A0AAD5XR56	-	NA
A0AAD5XXJ6	-	22.38
A0AAD5Y3X9	-	19.49
A0AAD5Y5W4	-	19.06
A0AAD5ZJG2	C	2.78
A0AAD6AUG1	-	13.38
A0AAD6AXT8	-	13.17
A0AAD6B211	-	13.08
A0AAD6C061	-	13.80
A0AAD6CBX2	-	15.82
A0AAD6CLF4	C	3.45
A0AAD6CX30	-	22.33
A0AAD6CYB3	-	22.63
A0AAD6D6A6	C	2.67
A0AAD6D8E2	C	3.41
A0AAD6DB28	C	3.46
A0AAD6DRZ4	-	22.38
A0AAD6DTT9	-	22.64
A0AAD6DW11	-	21.17
A0AAD6E0P8	-	NA
A0AAD6E1A3	-	22.33
A0AAD6E2M1	C	3.48
A0AAD6EDA1	-	22.66
A0AAD6FQZ7	-	12.85
A0AAD6FTT8	-	12.72
A0AAD6GQB2	-	14.93
A0AAD6HD37	-	22.70
A0AAD6I4Y8	-	22.45
A0AAD6IG71	-	22.23
A0AAD6IJM2	C*	3.60
A0AAD6IU53	-	22.08
A0AAD6IWI5	C	2.84
A0AAD6IWR0	C	2.82
A0AAD6IYQ0	C	3.41
A0AAD6J3H0	C	3.47
A0AAD6J3Z0	C	2.86
A0AAD6K405	C	2.84
A0AAD6K590	C	2.94
A0AAD6KH97	C	2.98
A0AAD6KHA9	C	2.69
A0AAD6KJ34	C	2.91
A0AAD6M6F5	C	2.87
A0AAD6MRX0	-	15.67
A0AAD6N3N3	-	22.37
A0AAD6NB37	-	15.94
A0AAD6NFQ5	-	20.06
A0AAD6NJA4	C*	3.70
A0AAD6NK31	C	2.95
A0AAD6NRH3	C	2.88
A0AAD6NSF9	C	3.09
A0AAD6Q4K3	C	2.87
A0AAD6RT00	C	2.92
A0AAD6RXW3	-	22.56
A0AAD6S7D4	C	3.16
A0AAD6SW16	C	3.17
A0AAD6T862	-	21.93
A0AAD6T8W8	-	21.95
A0AAD6U6P8	-	22.53
A0AAD6UEA5	-	22.23
A0AAD6UM43	-	15.74
A0AAD6UQP4	C	2.97
A0AAD6W6T7	C	3.29
A0AAD6WJW1	C	3.10
A0AAD6XUL1	-	21.99
A0AAD6YJW0	-	22.42
A0AAD6YL11	-	15.89
A0AAD6Z060	-	14.88
A0AAD6ZEL1	-	22.24
A0AAD6ZH33	-	NA
A0AAD6ZH44	-	22.49
A0AAD6ZHC6	-	22.42
A0AAD7AIV8	-	22.43
A0AAD7BG56	C	3.08
A0AAD7BLR3	-	15.45
A0AAD7C1Y1	-	22.37
A0AAD7CSE0	C	3.00
A0AAD7D1D7	C	2.81
A0AAD7DM13	-	15.97
A0AAD7DMZ0	-	16.13
A0AAD7DS99	-	22.59
A0AAD7DT48	-	22.46
A0AAD7EKF6	-	15.16
A0AAD7EMG0	C	3.10
A0AAD7ER50	-	15.58
A0AAD7FIU6	-	21.82
A0AAD7GHF8	-	15.11
A0AAD7GRZ3	-	14.81
A0AAD7H3E9	C	3.02
A0AAD7IFW3	C	2.83
A0AAD7IZB6	-	22.41
A0AAD7J5J2	-	NA
A0AAD7JKZ3	C	3.21
A0AAD7JQN9	-	21.99
A0AAD7K2V0	C*	3.77
A0AAD7KXI9	C	3.36
A0AAD7M215	C	2.73
A0AAD7M8D7	-	22.05
A0AAD7MIH2	-	22.38
A0AAD7MRF3	C	3.44
A0AAD7NJT2	C	3.05
A0AAD7P935	C	2.77
A0AAD7P997	C	2.79
A0AAD7P9Q6	C	3.35
A0AAD7P9S4	C	2.88
A0AAD7SXY4	-	13.17
A0AAD7TEA0	C	2.93
A0AAD7TG68	C*	3.84
A0AAD7U2T2	-	12.43
A0AAD7U3G2	-	15.08
A0AAD7U4P1	C*	9.28
A0AAD7U6L3	C*	8.12
A0AAD7U752	C*	9.34
A0AAD7U9P3	-	11.19
A0AAD7UB85	C*	9.28
A0AAD7UD41	C*	9.15
A0AAD7UDT5	-	11.17
A0AAD7UE22	C*	9.34
A0AAD7UE96	-	11.27
A0AAD7UFH1	-	12.31
A0AAD7UG45	-	15.73
A0AAD7UG90	C*	9.42
A0AAD7UGQ8	C*	8.87
A0AAD7UHA8	C*	9.13
A0AAD7UHF1	C*	8.84
A0AAD7UIM9	-	13.44
A0AAD7UIX7	-	12.35
A0AAD7UKW7	C*	9.09
A0AAD7ULC6	C*	9.08
A0AAD7UN59	-	12.36
A0AAD7UNL2	-	13.69
A0AAD7UPE3	-	10.93
A0AAD7UPK6	C*	12.49
A0AAD7UQ54	-	17.42
A0AAD7VZQ9	-	13.32
A0AAD7WVT6	-	12.78
A0AAD7X156	-	12.88
A0AAD7XDB7	-	14.96
A0AAD7XH24	C*	9.07
A0AAD7XJG3	-	16.14
A0AAD7XK23	C*	9.30
A0AAD7XLX5	C*	9.80
A0AAD7XMK8	C*	9.13
A0AAD7XMM2	-	10.99
A0AAD7XN00	-	10.93
A0AAD7XNJ1	C*	9.20
A0AAD8ATH3	-	11.31
A0AAD8ATH6	-	11.40
A0AAD8ATH9	-	11.14
A0AAD8ATJ4	-	11.59
A0AAD8ATK2	-	11.39
A0AAD8AV10	-	11.51
A0AAD8AV33	-	11.49
A0AAD8AXS7	-	17.90
A0AAD8EWM2	-	10.76
A0AAD8FCF7	-	13.46
A0AAD8FEX8	-	NA
A0AAD8GIC2	-	12.65
A0AAD8GK17	-	12.65
A0AAD8GRL6	C	2.86
A0AAD8GSQ3	C	2.87
A0AAD8K2A0	C	3.03
A0AAD8KND7	C	2.87
A0AAD8KWV4	C	2.99
A0AAD8LC48	C	2.86
A0AAD8LDY8	C	2.97
A0AAD8LF67	C	2.84
A0AAD8LKU1	-	13.21
A0AAD8MJ69	C	3.05
A0AAD8MXX1	C	2.72
A0AAD8NWV8	C	2.96
A0AAD8NX90	C	3.00
A0AAD8P3Q0	C	2.78
A0AAD8P9N9	C	2.87
A0AAD8PAL3	C	2.81
A0AAD8PBK4	C	2.89
A0AAD8PIW8	-	NA
A0AAD8PJN8	-	15.44
A0AAD8PLZ0	-	NA
A0AAD8PVJ5	-	NA
A0AAD8PYH1	-	22.65
A0AAD8PZ48	C	2.95
A0AAD8Q6J0	C	3.32
A0AAD8QC98	C	3.15
A0AAD8QF22	-	22.82
A0AAD8QVW5	C	3.05
A0AAD8TMW1	C	3.09
A0AAD8TPJ5	C	2.69
A0AAD8TPT5	C	2.95
A0AAD8U6Q8	-	14.93
A0AAD8U991	C	3.47
A0AAD8U9L8	-	16.09
A0AAD8UE66	-	22.09
A0AAD8UFI1	C	3.13
A0AAD8UFY3	-	NA
A0AAD8UGP3	-	15.26
A0AAD8UIL4	C	3.15
A0AAD8UK14	-	22.75
A0AAD8UMI0	-	22.87
A0AAD8UMV8	-	23.82
A0AAD8UVR5	-	21.87
A0AAD8UWD0	C	3.41
A0AAD8UX87	C	2.95
A0AAD8UXQ6	-	22.81
A0AAD8UZ47	-	23.41
A0AAD8WMF1	C	2.99
A0AAD8X9C3	-	16.86
A0AAD8XCN6	-	10.43
A0AAD8XIC1	C*	3.68
A0AAD8XJ28	-	22.94
A0AAD8XKZ2	-	22.83
A0AAD8XL03	-	22.79
A0AAD8Z5B9	-	12.80
A0AAD8ZH11	-	13.17
A0AAD9A0D2	-	23.05
A0AAD9A2C7	-	17.08
A0AAD9A2U4	-	24.05
A0AAD9A625	-	21.89
A0AAD9A8E0	-	15.88
A0AAD9ACI9	-	22.29
A0AAD9AEE4	-	22.64
A0AAD9AGU9	-	23.55
A0AAD9AIN3	-	22.86
A0AAD9AJC2	-	22.96
A0AAD9AKC5	-	15.73
A0AAD9ALS5	-	17.26
A0AAD9ARY9	-	NA
A0AAD9ASH5	-	14.31
A0AAD9AT96	-	21.89
A0AAD9AW31	-	10.48
A0AAD9AWT0	-	22.74
A0AAD9AZ26	-	NA
A0AAD9B171	C	2.92
A0AAD9B3Z9	-	15.21
A0AAD9BGH1	-	13.43
A0AAD9BPH7	-	12.86
A0AAD9CC50	-	13.07
A0AAD9D0W8	-	15.54
A0AAD9DKR6	-	13.02
A0AAD9E8H7	C	3.10
A0AAD9ECK1	-	NA
A0AAD9ECX2	-	15.50
A0AAD9EDL7	-	21.77
A0AAD9EHE8	C	3.04
A0AAD9EIW6	-	14.45
A0AAD9EIX1	-	22.60
A0AAD9EKJ4	-	15.49
A0AAD9ELL4	-	22.83
A0AAD9ENP9	-	22.14
A0AAD9EPX8	-	22.70
A0AAD9ERI5	-	14.92
A0AAD9F8Q7	-	12.71
A0AAD9FIL0	-	13.22
A0AAD9GMI7	-	NA
A0AAD9H4K1	-	15.69
A0AAD9HBC0	-	NA
A0AAD9HCA3	-	22.54
A0AAD9HEX9	C*	4.17
A0AAD9HKI6	-	NA
A0AAD9HKT9	C	2.90
A0AAD9HLH0	-	23.06
A0AAD9HLK4	-	22.78
A0AAD9HLY9	C	3.28
A0AAD9HNZ5	-	21.78
A0AAD9HT65	C	3.05
A0AAD9I9U5	-	10.49
A0AAD9KZ40	-	NA
A0AAD9L024	-	NA
A0AAD9LCD7	-	12.35
A0AAD9LK10	-	11.91
A0AAD9LMN3	-	12.47
A0AAD9LZF6	C	3.25
A0AAD9M015	-	NA
A0AAD9M5H0	-	22.38
A0AAD9MDM7	C	2.89
A0AAD9NPK5	C*	7.09
A0AAD9Q3A2	-	10.37
A0AAD9QB69	-	NA
A0AAD9QB75	-	15.00
A0AAD9S146	-	10.47
A0AAD9S354	-	16.34
A0AAD9S3E1	C	3.33
A0AAD9S722	-	22.49
A0AAD9S832	-	21.64
A0AAD9SA20	-	22.91
A0AAD9SAU8	-	22.55
A0AAD9SBG1	-	21.63
A0AAD9SEU6	-	22.02
A0AAD9SG10	-	16.16
A0AAD9SGI9	-	15.49
A0AAD9SHU2	-	15.01
A0AAD9SIJ2	C	3.48
A0AAD9SJJ4	-	22.28
A0AAD9SMN7	-	16.18
A0AAD9SNH9	-	12.02
A0AAD9SNU1	-	14.18
A0AAD9SV73	-	22.31
A0AAD9SZ51	-	23.13
A0AAD9T0J2	C	2.97
A0AAD9T0Z4	-	14.72
A0AAD9T3V8	C	2.87
A0AAD9T5J0	-	20.27
A0AAD9TYI2	C	3.03
A0AAD9USZ5	C	3.34
A0AAD9VX15	-	22.68
A0AAD9VXC5	-	23.17
A0AAD9VXH5	-	15.89
A0AAD9W038	-	22.61
A0AAD9W2A6	-	22.07
A0AAD9W694	-	14.17
A0AAD9W6Q7	-	16.03
A0AAD9W6S7	C	3.04
A0AAD9W854	-	15.15
A0AAD9W9Y6	-	23.01
A0AAD9WEV2	-	14.57
A0AAD9XX77	-	22.72
A0AAD9XYD5	-	23.04
A0AAD9XZJ5	-	21.91
A0AAD9Y1L4	C*	3.62
A0AAD9Y1S2	-	22.75
A0AAD9Y405	C	3.09
A0AAD9YAK4	-	22.99
A0AAD9YAQ5	-	24.03
A0AAD9YAS1	-	17.36
A0AAD9YE83	-	NA
A0AAD9YFZ8	-	15.49
A0AAD9YI99	C	2.97
A0AAD9YJ18	-	15.16
A0AAD9YR45	-	21.69
A0AAD9YRS1	-	22.60
A0AAD9YSY5	C*	3.75
A0AAD9YXR5	-	22.22
A0AAD9YZ88	-	22.84
A0AAD9Z3Y3	-	14.61
A0AAD9ZE16	C	2.87
A0AAD9ZEP6	-	17.79
A0AAD9ZP93	C	2.77
A0AAE0BBE6	-	15.79
A0AAE0CWK9	-	NA
A0AAE0D002	-	22.71
A0AAE0D0W4	C	3.03
A0AAE0D6L5	-	22.82
A0AAE0D8H7	-	14.46
A0AAE0D8U4	-	NA
A0AAE0DDZ2	-	16.11
A0AAE0DG71	C*	3.69
A0AAE0DKH0	C	3.29
A0AAE0F5G2	-	12.20
A0AAE0H6M4	-	22.76
A0AAE0H7V4	-	23.98
A0AAE0H8R5	-	19.06
A0AAE0HBL1	-	15.40
A0AAE0HBZ5	-	15.38
A0AAE0HCT5	-	20.27
A0AAE0HH01	C	2.92
A0AAE0HH78	-	10.35
A0AAE0HN54	-	23.03
A0AAE0HNE5	-	15.41
A0AAE0HNM3	-	18.24
A0AAE0HSX3	-	23.00
A0AAE0HT14	-	22.68
A0AAE0HTN1	-	NA
A0AAE0HUJ5	-	23.61
A0AAE0HXT4	C	2.98
A0AAE0HXU4	-	20.05
A0AAE0HXV5	-	23.93
A0AAE0HXX2	C	3.31
A0AAE0I0E2	C	3.24
A0AAE0I1G2	-	9.85
A0AAE0I1I8	-	22.41
A0AAE0I3J1	-	22.80
A0AAE0I3J3	C	2.84
A0AAE0I6J2	-	23.06
A0AAE0I6T4	C*	3.59
A0AAE0I6Z2	-	15.90
A0AAE0I808	C	2.83
A0AAE0IA95	-	21.04
A0AAE0ICF1	-	23.14
A0AAE0ID25	-	15.40
A0AAE0IQ25	C	3.19
A0AAE0IQ80	C	3.34
A0AAE0IRJ6	C	2.89
A0AAE0IUA7	-	19.13
A0AAE0IVB7	-	22.50
A0AAE0IZ57	C	2.86
A0AAE0J359	-	22.26
A0AAE0J3H6	C*	3.55
A0AAE0J5C7	C	3.37
A0AAE0JEM3	C	3.06
A0AAE0JIH7	C*	6.38
A0AAE0JIY1	-	12.11
A0AAE0JMA0	-	8.44
A0AAE0JPQ1	C	2.92
A0AAE0JTA2	-	17.18
A0AAE0JZD4	C	2.85
A0AAE0K2F4	-	15.57
A0AAE0K302	C	2.98
A0AAE0K3U6	-	15.79
A0AAE0K4E2	C*	3.51
A0AAE0K5G9	-	22.50
A0AAE0K6K0	C*	3.52
A0AAE0K860	-	22.51
A0AAE0K995	C	3.27
A0AAE0KEL3	C*	3.82
A0AAE0KHK4	-	23.17
A0AAE0KJE5	-	20.76
A0AAE0LNN6	-	22.44
A0AAE0LQA4	-	23.06
A0AAE0LS88	-	22.41
A0AAE0LX03	C	2.89
A0AAE0LX25	-	22.22
A0AAE0LXM5	-	NA
A0AAE0LY72	-	14.88
A0AAE0LYH8	-	NA
A0AAE0LZ24	C	3.00
A0AAE0M077	-	NA
A0AAE0M3B9	-	22.94
A0AAE0M3J0	C	3.12
A0AAE0M4V7	-	24.00
A0AAE0M5F2	-	23.07
A0AAE0M702	-	22.02
A0AAE0M8L3	-	20.80
A0AAE0M9G3	-	21.13
A0AAE0MA69	-	14.81
A0AAE0MAJ9	-	16.42
A0AAE0MDN0	-	15.86
A0AAE0MG27	-	NA
A0AAE0MGC2	-	23.11
A0AAE0MHC9	-	22.55
A0AAE0MLQ7	-	23.21
A0AAE0MTG0	-	23.08
A0AAE0MX90	C	3.17
A0AAE0MYQ7	-	NA
A0AAE0MZ33	C*	3.87
A0AAE0N2M8	-	23.19
A0AAE0N689	-	23.00
A0AAE0NB75	-	22.75
A0AAE0NGK3	-	22.78
A0AAE0NGS0	-	22.77
A0AAE0NGU7	C	3.49
A0AAE0NL50	-	23.06
A0AAE0NMU7	C	3.19
A0AAE0NP88	-	22.71
A0AAE0NPZ1	-	NA
A0AAE0NRD5	-	22.71
A0AAE0NU84	-	23.31
A0AAE0NW64	-	22.49
A0AAE0NYC8	-	23.13
A0AAE0NZP2	-	15.23
A0AAE0P0U7	-	23.17
A0AAE0P4P8	C	3.24
A0AAE0P8L7	-	22.26
A0AAE0P8W8	C	2.91
A0AAE0PA40	C	3.26
A0AAE0PAQ5	-	8.49
A0AAE0PAY6	-	23.16
A0AAE0PIY1	C*	6.43
A0AAE0PSL3	-	12.63
A0AAE0R4X5	-	13.09
A0AAE0RWU9	-	19.06
A0AAE0SIA6	-	12.75
A0AAE0SXX2	-	12.22
A0AAE0SY34	-	12.40
A0AAE0T8E3	-	11.98
A0AAE0T9H2	-	12.09
A0AAE0T9M7	-	11.58
A0AAE0TCX4	-	12.62
A0AAE0TE62	-	11.77
A0AAE0TRE5	C*	3.69
A0AAE0TT95	-	14.48
A0AAE0TW34	C	3.18
A0AAE0TX29	C*	3.78
A0AAE0TXL8	C	2.97
A0AAE0TZQ4	-	22.81
A0AAE0U1Q5	-	NA
A0AAE0U1S7	-	20.12
A0AAE0U3Q2	-	19.17
A0AAE0U6X0	-	10.84
A0AAE0U7N4	-	22.08
A0AAE0U9X9	-	18.64
A0AAE0UB15	-	22.27
A0AAE0UEY7	C	2.90
A0AAE0V1D1	-	13.04
A0AAE0VIU4	-	13.96
A0AAE0W1K7	-	13.23
A0AAE0W2I3	-	13.71
A0AAE0W4I8	-	12.38
A0AAE0W638	-	12.46
A0AAE0WAF6	-	12.37
A0AAE0WBG3	-	13.65
A0AAE0WC86	-	14.25
A0AAE0WTK1	-	23.04
A0AAE0WXT6	-	NA
A0AAE0X1P4	-	22.72
A0AAE0X2E2	-	NA
A0AAE0X3N1	-	21.90
A0AAE0X3U4	-	20.64
A0AAE0XBA7	-	22.88
A0AAE0XC28	-	22.79
A0AAE0XD17	-	23.01
A0AAE0XG17	C	3.04
A0AAE0XJ24	-	12.97
A0AAE0XJ80	C	2.83
A0AAE0XJ88	-	23.06
A0AAE0XKL8	C	3.16
A0AAE0Z8V4	-	18.03
A0AAE1A084	-	11.04
A0AAE1C3E6	-	24.03
A0AAE1CE31	-	NA
A0AAE1I5J0	C	3.19
A0AAE1JNI8	C	2.67
A0AAE1JP02	C	2.95
A0AAE1M784	C	3.19
A0AAE1QRR6	C	2.91
A0AAE1QTQ8	C	2.89
A0AAE1QU03	C	2.80
A0AAE1S085	C	2.90
A0AAE1S7S4	C	3.02
A0AAE1S9E0	C	3.13
A0AAE1VLZ1	C	2.88
A0AAE1W5T8	C	2.93
A0AAE1W5W8	C	2.99
A0AAE1WRJ5	C	2.89
A0AAE1WRU9	C	2.82
A0AAE1WRW1	C*	4.12
A0AAE1XYV3	C	3.27
A0AAE1XZ90	C	2.82
A0AAE1YP42	C	3.01
A0AAE1YQE7	C	3.21
A0AAE1YYH9	C	2.84
A0AAE1YYL3	C	2.85
A0AAE1YZL2	C	2.82
A0AAE1Z025	C	2.78
A0AAE1Z0Y7	C	2.81
A0AAE1Z9J0	C*	7.96
A0AAE1ZE32	C*	10.53
A0AAE2BIM0	C	2.96
A0AAE2BIM2	C	2.82
A0AAE2BJ14	C	2.91
A0AAE2BUG2	C	2.81
A0AAE2BUQ3	C	2.89
A0AAE2CFT5	C	2.93
A0AAE2CUP1	C	2.96
A0AAE2CY88	C	2.61
A0AAE2CY97	C	2.82
A0AAE2RED6	C	3.42
A0AAE2U7N8	-	14.98
A0AAE3KV44	C	3.35
A0AAE3N5D5	C*	3.52
A0AAE3NI01	C*	3.59
A0AAE3VW27	C	3.41
A0AAE3YLB9	C	3.35
A0AAE3ZZF7	C	3.25
A0AAE4A194	C	3.28
A0AAE4B0Y3	C	3.34
A0AAE4C8H8	C	3.46
A0AAE4V8X0	C	3.06
A0AAE4WBS8	C	3.10
A0AAE5P8I2	-	NA
A0AAE5X690	C	3.36
A0AAE6NE76	-	14.83
A0AAE6Y4Z0	-	10.58
A0AAE6Y5K4	-	NA
A0AAE7CKN2	-	NA
A0AAE7NQI3	C	3.47
A0AAE8M117	C	3.18
A0AAE8M5C9	C	3.30
A0AAE8M840	-	20.95
A0AAE8M9M2	C	2.83
A0AAE8M9V5	-	22.39
A0AAE8MB77	-	22.74
A0AAE8MFP7	-	22.47
A0AAE8MIP3	C	2.73
A0AAE8MKK0	-	22.80
A0AAE8MN78	-	NA
A0AAE8MND4	C	2.98
A0AAE8MR11	-	23.46
A0AAE8MT72	-	23.22
A0AAE8MUB3	-	22.71
A0AAE8MXR6	-	18.86
A0AAE8N1C3	-	15.58
A0AAE8N2C9	C	2.83
A0AAE8N352	-	15.57
A0AAE8N526	-	15.21
A0AAE8N5H9	-	22.87
A0AAE8N6H4	-	15.62
A0AAE8NFB4	C*	3.53
A0AAE8SCM9	-	22.87
A0AAE8SHR8	C	2.97
A0AAE8SP03	-	22.74
A0AAE8STA2	-	NA
A0AAE8SXX8	-	20.70
A0AAE8SZV3	-	15.44
A0AAE8VXB0	-	NA
A0AAE9ACE9	-	11.01
A0AAE9DB54	-	18.01
A0AAE9DSV3	-	13.28
A0AAE9DTS9	-	13.40
A0AAE9DTU7	-	11.93
A0AAE9DUB5	-	11.48
A0AAE9E317	-	11.85
A0AAE9E3C5	-	11.33
A0AAE9ELV7	-	14.39
A0AAE9EUC0	-	11.45
A0AAE9ISM1	-	14.09
A0AAE9IYH8	-	12.89
A0AAF0TDD2	C	2.91
A0AAF0UBK8	C	2.87
A0AAF0UBS5	C	2.90
A0AAF0UBS9	C	2.91
A0AAF0UC14	C	2.80
A0AAF0UC23	C	2.87
A0AAF0UCJ6	C	2.91
A0AAF0WKE1	C	2.98
A0AAF0ZNA3	C	2.88
A0AAF3E7Y5	-	13.89
A0AAF3EDJ9	-	16.87
A0AAF3EDW5	-	15.35
A0AAF3EKL4	-	13.63
A0AAF3EKM6	-	17.47
A0AAF3EPZ4	-	14.56
A0AAF3F5V2	-	14.43
A0AAF3FHG4	-	11.25
A0AAF3FNB6	-	16.16
A0AAF3J1V9	-	14.00
A0AAF3J2S3	-	13.59
A0AAF5D6Q0	-	14.44
A0AAF5DS07	-	11.65
A0AAF5PZK9	-	NA
A0AAF5Q027	-	13.24
A0AAF5Q4Y1	-	18.24
A0AAF5Q562	-	17.99
A0AAF5RUD6	-	14.00
A0AAF6ASA3	C*	8.87
A0AAF6AWZ2	C*	8.83
A0AAF6AWZ3	C*	8.87
A0AAF6AWZ4	C*	8.85
A0AAF6AWZ5	C*	9.14
A0AAF6AWZ7	C*	9.60
A0AAF6AWZ8	C*	9.24
A0AAF6AWZ9	C*	9.03
A0AAF6AX00	C*	9.02
A0AAF6B2Z5	C*	8.52
A0AAF6B2Z6	C*	8.52
A0AAF6B3I4	C	3.07
A0AAF6B470	C	3.17
A0AAF6B471	C	3.36
A0AAF6B5F1	C*	9.47
A0AAF6BIC0	C	3.11
A0AAF6BIC2	C	3.07
A0AAF6BIM1	C	3.24
A0AAF6BIZ6	C	3.48
A0AAF6BJQ2	C	3.24
A0AAF6BK22	C*	8.95
A0AAF6BK96	C	3.06
A0AAF6BKA0	C	3.30
A0AAF6BKR9	C*	3.58
A0AAF6BKS1	C	3.23
A0AAF6BKV4	C	3.33
A0AAF6BMM8	C*	9.17
A0AAF6BT57	C*	3.52
A0AAF6BT59	C	3.31
A0AAF6BT60	C	3.17
A0AAF6BT62	C	3.28
A0AAF6BT70	C	3.42
A0AAF6BT71	C	3.22
A0AAF6BT73	C	3.36
A0AAF6BT74	C	3.37
A0AAF6BT75	C	2.91
A0AAF6BT76	C	3.00
A0AAF6BTN3	C	3.19
A0AAF6BTN4	C	3.24
A0AAF6BTN5	C	3.23
A0AAF6BUE6	C	3.18
A0AAF6BVM1	C*	9.04
A0AAI8BAJ9	-	NA
A0AAI8BCM8	C	3.38
A0AAI8L438	-	15.62
A0AAI8L5X7	-	NA
A0AAI8VM28	-	22.21
A0AAI8VMZ4	-	22.25
A0AAI8VQK3	-	14.89
A0AAI8VQP9	-	22.50
A0AAI8W1K5	-	21.13
A0AAI8YEM3	C	3.10
A0AAI8YQT1	-	14.32
A0AAI8YSD9	-	15.47
A0AAI8YW60	-	NA
A0AAI8YWT9	-	NA
A0AAI8YZG9	-	NA
A0AAI8Z489	-	14.93
A0AAI9E826	-	16.35
A0AAI9E8J8	C*	3.94
A0AAI9EAT6	C	3.13
A0AAI9EB06	-	23.03
A0AAI9EBC0	C	3.29
A0AAI9TFA3	-	22.46
A0AAI9TUB7	-	22.57
A0AAI9TV27	-	22.89
A0AAI9TXW0	C	3.47
A0AAI9TZG4	C	3.44
A0AAI9U0V2	-	15.15
A0AAI9U7Q8	-	22.71
A0AAI9U952	-	15.51
A0AAI9UBG7	-	16.77
A0AAI9UCA0	-	NA
A0AAI9UEL1	-	15.90
A0AAI9UFL5	-	23.09
A0AAI9UJS5	-	22.81
A0AAI9ULU4	-	15.61
A0AAI9UMQ2	C	3.31
A0AAI9UMV6	-	22.84
A0AAI9UWB9	-	NA
A0AAI9UZN7	-	23.88
A0AAI9VEJ1	C	3.41
A0AAI9VH80	-	22.75
A0AAI9XGB7	-	22.77
A0AAI9XHW8	-	16.09
A0AAI9XI30	-	NA
A0AAI9XIZ5	-	22.95
A0AAI9XJT9	C	3.45
A0AAI9XL02	C*	4.06
A0AAI9XMR1	-	NA
A0AAI9XMS7	C	3.16
A0AAI9XNV3	-	NA
A0AAI9XQ79	-	23.07
A0AAI9XRF9	-	12.22
A0AAI9XSF2	-	NA
A0AAI9XSZ9	-	23.04
A0AAI9XVQ5	-	23.66
A0AAI9XYD0	-	NA
A0AAI9XZ17	-	10.45
A0AAI9Y6X9	-	23.68
A0AAI9Y7Q5	C*	4.33
A0AAI9Y8D9	-	22.53
A0AAI9YAM1	C	3.24
A0AAI9YAV0	-	22.88
A0AAI9YHC2	C	3.40
A0AAI9YIC2	-	23.86
A0AAI9YKX7	-	22.83
A0AAI9YKZ4	C	2.87
A0AAI9YL12	-	22.74
A0AAI9YLP2	-	15.25
A0AAI9YND6	C	3.32
A0AAI9YQ31	-	23.08
A0AAI9YQ32	-	15.61
A0AAI9YQA0	-	NA
A0AAI9YR12	-	10.90
A0AAI9YTR5	-	22.55
A0AAI9YV88	C*	3.54
A0AAI9YY87	-	22.48
A0AAI9Z0Y0	-	15.90
A0AAI9Z3B3	-	22.77
A0AAI9Z8C8	-	23.06
A0AAI9ZH00	-	22.55
A0AAI9ZHJ5	-	22.69
A0AAI9ZI74	-	22.99
A0AAI9ZIY3	-	15.06
A0AAI9ZJ62	C	3.26
A0AAI9ZJ84	-	22.30
A0AAI9ZNB1	-	10.47
A0AAI9ZNK8	-	14.72
A0AAI9ZQF8	-	15.96
A0AAI9ZSJ9	C	3.50
A0AAI9ZUD5	-	23.03
A0AAI9ZVP4	C	3.02
A0AAI9ZW37	-	22.74
A0AAJ0A010	-	15.92
A0AAJ0A0G4	-	NA
A0AAJ0A1P0	-	22.95
A0AAJ0A2A4	C	3.50
A0AAJ0A571	-	22.46
A0AAJ0A685	-	22.77
A0AAJ0A9B9	-	NA
A0AAJ0ABM2	C	3.07
A0AAJ0AC45	-	22.34
A0AAJ0ACJ2	-	22.93
A0AAJ0ACM3	-	15.33
A0AAJ0AG26	-	22.24
A0AAJ0AGS6	C*	3.55
A0AAJ0AIN0	-	12.22
A0AAJ0AQ33	-	22.71
A0AAJ0AQ75	-	22.86
A0AAJ0AR04	-	23.89
A0AAJ0ASF6	C*	3.58
A0AAJ0AVW4	-	22.90
A0AAJ0AXE4	C*	4.14
A0AAJ0B1W2	-	20.36
A0AAJ0B2Z6	-	15.80
A0AAJ0B309	-	22.88
A0AAJ0B3A3	-	22.67
A0AAJ0B3L8	-	23.02
A0AAJ0B679	-	22.85
A0AAJ0B6X4	-	20.29
A0AAJ0B7Z5	-	23.32
A0AAJ0B865	-	15.58
A0AAJ0B8L7	-	20.99
A0AAJ0B8R6	-	22.56
A0AAJ0BD24	C	2.85
A0AAJ0BIF4	C	3.38
A0AAJ0BKB6	C*	3.50
A0AAJ0BKJ1	C	2.81
A0AAJ0BKN3	-	21.12
A0AAJ0BL54	C	3.06
A0AAJ0BMK1	C	3.39
A0AAJ0BP52	-	20.32
A0AAJ0BT52	-	15.51
A0AAJ0BV50	-	10.41
A0AAJ0C8C6	C	3.18
A0AAJ0CBA6	C	3.37
A0AAJ0CEK1	-	21.98
A0AAJ0CZZ6	C	3.38
A0AAJ0D004	C*	3.67
A0AAJ0DBA9	-	21.59
A0AAJ0DBW4	-	NA
A0AAJ0DDL3	C*	3.52
A0AAJ0DK08	-	18.68
A0AAJ0DLR2	-	15.28
A0AAJ0DN86	-	22.77
A0AAJ0DNK8	C	2.87
A0AAJ0DVU7	-	NA
A0AAJ0DWB2	-	22.93
A0AAJ0DXZ3	C	3.32
A0AAJ0DY96	-	14.95
A0AAJ0E1H3	-	10.39
A0AAJ0E604	-	16.87
A0AAJ0E7W8	-	22.79
A0AAJ0EDF5	-	23.76
A0AAJ0EI35	-	16.85
A0AAJ0EKS8	-	14.81
A0AAJ0EN58	-	16.87
A0AAJ0EQ36	-	16.01
A0AAJ0EQC3	-	15.48
A0AAJ0EU37	-	NA
A0AAJ0EVU6	-	22.70
A0AAJ0EXH3	-	10.39
A0AAJ0EYG8	-	22.99
A0AAJ0F1D3	-	23.36
A0AAJ0F1I4	-	22.59
A0AAJ0F2M0	C	2.93
A0AAJ0F2Y9	-	22.95
A0AAJ0F3X3	-	16.07
A0AAJ0F3Z2	-	23.36
A0AAJ0F694	-	15.33
A0AAJ0F8F9	-	12.24
A0AAJ0F8N5	-	19.52
A0AAJ0F8S3	-	23.08
A0AAJ0FB81	-	22.82
A0AAJ0FC59	-	14.99
A0AAJ0FEJ0	-	22.93
A0AAJ0FGQ0	-	22.93
A0AAJ0FJF5	-	14.97
A0AAJ0FUT5	C	3.10
A0AAJ0G150	C	3.07
A0AAJ0GID0	C	3.38
A0AAJ0GKT0	-	10.51
A0AAJ0GPU7	-	16.70
A0AAJ0GS63	-	24.02
A0AAJ0GSQ6	-	17.78
A0AAJ0GUP1	-	23.18
A0AAJ0H0A0	C*	22.63
A0AAJ0H0X6	C	2.92
A0AAJ0H1A4	C	2.89
A0AAJ0H3A4	-	23.14
A0AAJ0H5P6	-	10.38
A0AAJ0H670	-	20.23
A0AAJ0HB97	-	23.28
A0AAJ0HDQ0	C*	6.86
A0AAJ0HDQ5	-	22.55
A0AAJ0HDU8	-	22.76
A0AAJ0HDX0	C*	6.41
A0AAJ0HEA8	-	22.96
A0AAJ0HLL7	-	19.37
A0AAJ0HNG8	-	15.70
A0AAJ0HSA6	-	NA
A0AAJ0HT53	-	23.07
A0AAJ0HTF7	-	23.00
A0AAJ0I0S1	C*	6.44
A0AAJ0ICZ1	C	3.03
A0AAJ0IE52	-	22.38
A0AAJ0M0W6	-	12.00
A0AAJ0M1L7	-	23.33
A0AAJ0M255	-	20.13
A0AAJ0M8F5	C	3.32
A0AAJ0MA78	-	15.54
A0AAJ0MAQ1	-	23.02
A0AAJ0MD79	C	2.99
A0AAJ0MFM1	-	23.82
A0AAJ0MJ41	C	2.76
A0AAJ0MJU7	-	23.68
A0AAJ0MM11	-	23.10
A0AAJ0MMY8	-	22.94
A0AAJ0MR40	C	3.35
A0AAJ0MTZ2	-	22.70
A0AAJ0MUX5	C	3.34
A0AAJ1E1B2	C*	3.58
A0AAJ2SBC4	C	3.25
A0AAJ2UJY1	-	NA
A0AAJ2UM60	-	NA
A0AAJ3LKX2	C	3.19
A0AAJ4MX13	C*	3.62
A0AAJ4XRR1	-	16.01
A0AAJ5C3D7	-	8.68
A0AAJ5HX26	C	3.16
A0AAJ5WJK2	C*	3.56
A0AAJ6N653	C	2.58
A0AAJ6P9X4	-	NA
A0AAJ6QE57	-	22.42
A0AAJ6QFC5	C*	3.56
A0AAJ6TLA8	C	3.01
A0AAJ6TPD5	C	2.87
A0AAJ6TT78	C	2.80
A0AAJ6VPA1	-	17.86
A0AAJ6X2A6	C	2.86
A0AAJ6Y006	C	2.99
A0AAJ6Y9V6	C	2.84
A0AAJ7PS20	-	13.06
A0AAJ7Q306	-	12.60
A0AAJ7QL02	-	13.18
A0AAJ7TYS7	-	12.77
A0AAJ7TZW6	-	12.88
A0AAJ7U0Z5	-	12.73
A0AAJ7U9M4	-	13.25
A0AAJ7V7P9	-	13.64
A0AAJ7XCQ7	-	13.12
A0AAJ8BCI9	-	NA
A0AAJ8BE65	-	13.42
A0AAJ8BRQ6	-	20.69
A0AAJ8BUI3	-	16.95
A0AAJ8BW86	-	NA
A0AAN1J8M8	C	3.16
A0AAN4HE17	-	9.81
A0AAN4PFQ7	-	22.98
A0AAN4PPE5	-	22.81
A0AAN4TBS8	-	21.96
A0AAN4YD51	C	3.37
A0AAN4ZCE4	-	13.15
A0AAN4ZKS6	-	14.62
A0AAN5CH76	-	13.79
A0AAN5CHW8	-	12.04
A0AAN5CVL1	-	17.62
A0AAN5CWJ5	-	17.80
A0AAN5D7P0	-	11.43
A0AAN5I1T1	-	11.45
A0AAN5I692	-	11.39
A0AAN5XIX5	C*	3.74
A0AAN5YGU4	-	22.81
A0AAN5YUB2	-	22.95
A0AAN5YXM8	C	3.29
A0AAN5YXU1	C	3.07
A0AAN5YXZ8	C	3.37
A0AAN5YY97	-	22.70
A0AAN5Z290	-	22.43
A0AAN5Z2U4	-	22.99
A0AAN5Z3W8	-	NA
A0AAN5Z4V8	-	23.15
A0AAN5Z8G4	-	22.07
A0AAN6BQF5	-	21.70
A0AAN6BY54	-	21.06
A0AAN6C3C0	C	2.91
A0AAN6C7N5	-	22.25
A0AAN6C9S1	-	22.11
A0AAN6CAX8	C	2.91
A0AAN6DP64	-	20.52
A0AAN6DP90	-	22.21
A0AAN6DS14	C	2.93
A0AAN6E594	-	NA
A0AAN6EN09	-	15.06
A0AAN6EWD7	-	22.09
A0AAN6EX80	-	20.57
A0AAN6F7R2	-	NA
A0AAN6FA36	-	22.72
A0AAN6FGX5	C	2.83
A0AAN6FPX2	C	3.32
A0AAN6FYD4	C*	3.51
A0AAN6G1Z6	-	NA
A0AAN6G4Z1	-	23.08
A0AAN6G7B1	-	23.56
A0AAN6G7H4	-	23.21
A0AAN6H7M5	-	NA
A0AAN6HGF8	-	22.77
A0AAN6IG51	-	15.45
A0AAN6IHH2	C	3.48
A0AAN6IWZ5	C	2.78
A0AAN6J193	C	3.03
A0AAN6JBP9	C	3.41
A0AAN6JJ46	-	20.00
A0AAN6JP66	-	23.20
A0AAN6JPK3	-	23.06
A0AAN6JPW5	-	23.70
A0AAN6K752	-	NA
A0AAN6KA23	-	NA
A0AAN6KNI5	C	3.38
A0AAN6KSX8	-	22.61
A0AAN6L0X7	C*	3.58
A0AAN6L1I6	-	22.59
A0AAN6L1U7	C	3.43
A0AAN6LYU1	-	NA
A0AAN6LZ75	-	20.54
A0AAN6M0W3	C	3.23
A0AAN6M2W1	-	15.18
A0AAN6M599	-	22.32
A0AAN6M5F6	-	21.85
A0AAN6M6I2	-	15.89
A0AAN6M7D3	-	22.40
A0AAN6M7L2	-	19.53
A0AAN6MBG1	-	22.93
A0AAN6MDB5	-	15.36
A0AAN6MEC8	-	17.88
A0AAN6MFB6	-	15.56
A0AAN6MFR0	-	23.11
A0AAN6MI70	C	3.04
A0AAN6MMX1	-	15.14
A0AAN6MNM3	-	22.70
A0AAN6MP42	-	22.12
A0AAN6MPR1	-	23.86
A0AAN6MQZ0	-	23.26
A0AAN6MVM5	-	6.70
A0AAN6MXY1	-	15.61
A0AAN6N0Z2	C*	6.48
A0AAN6N1G2	-	NA
A0AAN6N4Q5	C	2.77
A0AAN6N4Y0	-	22.97
A0AAN6N6Z9	C*	3.56
A0AAN6N749	-	23.94
A0AAN6NC93	-	23.21
A0AAN6ND86	C	2.87
A0AAN6NNL9	C*	6.30
A0AAN6NP49	-	22.83
A0AAN6NPY6	C	2.76
A0AAN6NUI7	-	23.02
A0AAN6NZV8	-	8.46
A0AAN6P5C3	-	24.01
A0AAN6P5W1	-	22.65
A0AAN6P8Q3	-	22.65
A0AAN6PC21	-	18.90
A0AAN6PGM4	-	15.28
A0AAN6PI32	-	10.65
A0AAN6PIV8	-	23.16
A0AAN6PQI6	C*	4.19
A0AAN6PSA1	-	7.03
A0AAN6PUJ8	-	17.99
A0AAN6PWC4	-	23.16
A0AAN6PXB7	-	22.05
A0AAN6PY35	-	23.97
A0AAN6PYT8	C	2.94
A0AAN6QDL8	-	23.00
A0AAN6QF05	-	12.79
A0AAN6QTW2	C	3.31
A0AAN6REI1	-	NA
A0AAN6RER2	-	15.55
A0AAN6RFI8	-	22.93
A0AAN6RG63	C	3.03
A0AAN6RJL1	C	3.09
A0AAN6RKZ2	-	22.49
A0AAN6RM07	-	22.77
A0AAN6RPJ1	-	22.83
A0AAN6RPP5	-	22.93
A0AAN6RRF1	-	22.75
A0AAN6RUV2	-	10.51
A0AAN6RXR8	C	3.37
A0AAN6S0X7	-	19.14
A0AAN6S1N6	C	3.33
A0AAN6SIU6	-	NA
A0AAN6SJ69	C	2.82
A0AAN6SKX3	-	22.92
A0AAN6SLF8	-	22.73
A0AAN6SM96	-	12.58
A0AAN6SP35	-	18.88
A0AAN6SPI9	-	23.23
A0AAN6SSB6	-	23.01
A0AAN6SW40	-	22.22
A0AAN6SZ77	-	15.65
A0AAN6T437	-	23.05
A0AAN6T5J5	C	3.47
A0AAN6T9T3	-	17.81
A0AAN6TAP9	C	2.91
A0AAN6TD70	-	15.15
A0AAN6TDK0	-	22.79
A0AAN6TEY0	-	23.23
A0AAN6THU3	-	24.12
A0AAN6TNB8	C	3.37
A0AAN6TRL8	-	6.90
A0AAN6TS49	-	20.92
A0AAN6TTY7	-	18.30
A0AAN6TWV6	-	23.00
A0AAN6U3W8	-	22.69
A0AAN6U4I2	-	24.09
A0AAN6U965	C	3.39
A0AAN6UAQ4	-	22.01
A0AAN6UJK4	-	18.15
A0AAN6UNL4	C	3.24
A0AAN6UVQ6	-	23.11
A0AAN6UYF1	-	23.11
A0AAN6UYU1	C	3.14
A0AAN6UYV3	-	23.86
A0AAN6V369	-	18.22
A0AAN6V553	-	23.14
A0AAN6V5V7	-	20.96
A0AAN6VCR0	-	22.93
A0AAN6VGI1	-	22.41
A0AAN6VJH7	-	15.32
A0AAN6VNM8	-	23.76
A0AAN6VP48	-	24.09
A0AAN6VRT4	-	15.18
A0AAN6VRT8	-	18.94
A0AAN6VUM6	-	23.08
A0AAN6VYC9	-	22.60
A0AAN6VZ72	-	22.14
A0AAN6W1Y6	C	3.10
A0AAN6W2Z5	-	21.94
A0AAN6W3U5	C	3.02
A0AAN6W7F1	-	10.47
A0AAN6W8U9	-	15.44
A0AAN6W9B0	-	23.58
A0AAN6WB86	-	23.12
A0AAN6WF69	C	3.16
A0AAN6WHJ9	-	24.27
A0AAN6WHS3	-	22.42
A0AAN6WIQ0	-	23.37
A0AAN6WK24	-	20.43
A0AAN6WK62	-	21.92
A0AAN6WL79	-	21.63
A0AAN6WLF6	-	17.92
A0AAN6WP52	C	2.96
A0AAN6WQA5	-	22.50
A0AAN6WQU5	-	23.07
A0AAN6WQW7	-	15.73
A0AAN6WRN0	C	3.37
A0AAN6WS19	-	22.05
A0AAN6WSF6	-	23.33
A0AAN6WUW4	-	22.55
A0AAN6WZ32	C	2.93
A0AAN6X491	C	3.24
A0AAN6XA82	-	21.87
A0AAN6XAA3	-	23.18
A0AAN6XB50	-	10.49
A0AAN6XBQ4	C	2.99
A0AAN6XE60	-	15.70
A0AAN6XFU3	-	23.13
A0AAN6XG87	C	3.09
A0AAN6XK10	-	15.43
A0AAN6XK38	C	3.34
A0AAN6XN70	C	2.88
A0AAN6XR39	-	24.18
A0AAN6XTJ1	-	22.88
A0AAN6XTX0	-	23.65
A0AAN6XTY9	-	22.69
A0AAN6XU13	-	15.44
A0AAN6XWM2	-	18.98
A0AAN6XWX0	-	20.34
A0AAN6XX37	-	22.62
A0AAN6XXM3	-	22.93
A0AAN6XXZ0	-	15.15
A0AAN6XZ81	-	23.03
A0AAN6XZ83	-	15.65
A0AAN6XZC3	C	3.46
A0AAN6XZS2	-	23.07
A0AAN6Y0W5	-	10.76
A0AAN6Y1B7	-	22.81
A0AAN6Y1Z0	-	22.33
A0AAN6Y3H2	-	21.26
A0AAN6Y3Z0	-	22.24
A0AAN6Y589	-	19.18
A0AAN6Y694	-	22.75
A0AAN6Y8D0	-	17.65
A0AAN6Y961	-	20.19
A0AAN6Y972	-	14.81
A0AAN6Y9E1	-	15.91
A0AAN6YB94	-	21.14
A0AAN6YBV8	-	21.10
A0AAN6YC40	-	15.63
A0AAN6YF32	-	22.47
A0AAN6YF75	-	23.07
A0AAN6YJM1	-	22.31
A0AAN6YLZ4	C*	3.50
A0AAN6YMX6	-	20.79
A0AAN6YT11	C	2.92
A0AAN6YWZ4	C	2.83
A0AAN6YXA8	C	3.34
A0AAN6YXK1	-	19.72
A0AAN6YYJ2	-	13.55
A0AAN6YYV2	-	23.07
A0AAN6YZ05	-	23.08
A0AAN6Z0R7	-	22.64
A0AAN6Z7Y0	C	2.89
A0AAN6ZBV0	-	23.93
A0AAN6ZJI6	-	18.83
A0AAN6ZPW2	C	2.90
A0AAN6ZVJ4	-	22.18
A0AAN6ZWR8	-	23.34
A0AAN6ZWU7	-	10.58
A0AAN6ZXR4	-	18.01
A0AAN6ZXW9	-	22.67
A0AAN6ZZQ5	-	22.98
A0AAN7A3J1	-	21.99
A0AAN7A4K8	-	23.81
A0AAN7A5N2	C*	3.94
A0AAN7A6A9	-	15.61
A0AAN7A8W9	-	22.17
A0AAN7A9P4	-	23.16
A0AAN7AB39	-	20.46
A0AAN7ADJ0	-	19.96
A0AAN7ADW1	C	2.83
A0AAN7AG75	-	15.28
A0AAN7AIU4	-	19.98
A0AAN7AQQ1	-	23.46
A0AAN7AR50	-	22.51
A0AAN7AR61	-	22.09
A0AAN7AUR1	-	11.12
A0AAN7AZE8	C	3.16
A0AAN7B136	-	23.14
A0AAN7B2H5	-	22.94
A0AAN7B2K2	-	22.30
A0AAN7B366	-	22.09
A0AAN7B4P0	-	24.12
A0AAN7B797	-	15.33
A0AAN7B7M6	-	15.59
A0AAN7B8I2	-	15.55
A0AAN7B8K4	C	2.92
A0AAN7B992	-	17.80
A0AAN7BA66	-	23.44
A0AAN7BBE1	-	22.58
A0AAN7BCH9	-	23.13
A0AAN7BDF7	C	2.93
A0AAN7BEX5	-	21.36
A0AAN7BFJ7	-	21.94
A0AAN7BFS8	-	23.28
A0AAN7BHZ9	-	22.26
A0AAN7BNJ6	-	15.75
A0AAN7BQM1	-	10.47
A0AAN7BXZ5	C	3.17
A0AAN7C0V6	C	3.08
A0AAN7C1S6	-	12.20
A0AAN7C2K4	-	22.31
A0AAN7C3J2	-	23.32
A0AAN7C650	-	23.09
A0AAN7C7I7	-	23.20
A0AAN7CA35	-	10.41
A0AAN7CDQ9	-	18.07
A0AAN7CEA7	C	3.18
A0AAN7CJJ3	-	23.21
A0AAN7CLQ4	-	15.29
A0AAN7CNB8	-	18.12
A0AAN7CT50	-	22.86
A0AAN7CTK1	-	22.97
A0AAN7D1A6	C	3.38
A0AAN7E990	C	2.76
A0AAN7FGG6	C	2.71
A0AAN7GQ08	-	NA
A0AAN7GYN8	-	23.20
A0AAN7GYQ6	-	22.22
A0AAN7GZJ2	C	2.86
A0AAN7H0K3	-	23.13
A0AAN7H7H8	-	15.63
A0AAN7HA01	-	20.24
A0AAN7HDM4	-	10.51
A0AAN7HFB1	-	23.17
A0AAN7HJC0	-	20.79
A0AAN7HPS3	-	21.82
A0AAN7HQ24	-	23.99
A0AAN7HRC4	-	15.33
A0AAN7I6D0	C	2.73
A0AAN7IA05	C	2.85
A0AAN7JUN2	C	2.82
A0AAN7KDK7	C	2.79
A0AAN7KGJ9	C	2.73
A0AAN7KT67	C	2.83
A0AAN7PMZ9	-	13.42
A0AAN7PZX2	C	2.77
A0AAN7QDT1	C	2.81
A0AAN7T3Y1	-	23.33
A0AAN7T5E4	-	22.46
A0AAN7T7Q9	C	3.48
A0AAN7TGD4	-	22.81
A0AAN7TJK4	C	3.35
A0AAN7U326	C	3.03
A0AAN7UE94	-	19.17
A0AAN7UQF6	-	23.04
A0AAN7UR73	-	14.93
A0AAN7UYS7	-	14.97
A0AAN7UYZ7	C*	3.58
A0AAN7VN59	-	NA
A0AAN7VSK0	-	23.35
A0AAN7VUG8	-	21.99
A0AAN7W4P3	C	3.26
A0AAN7WD97	C	3.39
A0AAN7WWB5	-	15.02
A0AAN7XD54	-	13.39
A0AAN7XT79	-	12.86
A0AAN7XWE1	-	10.93
A0AAN7YL66	-	22.96
A0AAN7Z794	-	22.70
A0AAN7ZB82	-	15.71
A0AAN7ZNT1	-	22.78
A0AAN8AID1	-	13.24
A0AAN8B043	-	12.81
A0AAN8B0L0	-	12.81
A0AAN8BY78	-	12.74
A0AAN8C0B8	-	12.81
A0AAN8C9H5	-	12.86
A0AAN8D7D1	-	13.37
A0AAN8DC90	-	13.26
A0AAN8DU56	-	13.11
A0AAN8EAH1	-	20.31
A0AAN8EDQ9	C	3.13
A0AAN8EYZ3	-	14.27
A0AAN8F1N7	-	17.08
A0AAN8F222	-	21.89
A0AAN8F2Z4	-	23.14
A0AAN8FST8	-	11.53
A0AAN8FUT2	-	17.51
A0AAN8FW16	-	17.14
A0AAN8GSW3	-	13.42
A0AAN8GU54	-	13.18
A0AAN8HSE1	-	NA
A0AAN8I1Q1	-	21.18
A0AAN8I9N5	-	22.87
A0AAN8IHR0	-	14.01
A0AAN8JA38	-	9.18
A0AAN8JC93	-	9.33
A0AAN8JKH5	-	10.82
A0AAN8K5C5	-	18.06
A0AAN8MCG8	-	12.87
A0AAN8ME56	-	12.90
A0AAN8MJL4	C*	3.52
A0AAN8MLA5	C	3.22
A0AAN8MT50	-	NA
A0AAN8MTR7	C	2.76
A0AAN8MU26	C	2.94
A0AAN8MV17	-	13.25
A0AAN8MVU2	C	3.35
A0AAN8MW30	C	3.25
A0AAN8MXR9	-	NA
A0AAN8N233	C	3.42
A0AAN8N2L3	C*	3.59
A0AAN8N2P8	C	3.04
A0AAN8N8D8	-	NA
A0AAN8N9S7	C	3.48
A0AAN8NIG9	-	23.06
A0AAN8NKR9	C	3.43
A0AAN8NQ33	-	13.22
A0AAN8NSN8	-	22.45
A0AAN8NZV7	C	3.10
A0AAN8PHS8	C	3.05
A0AAN8Q5L3	-	12.86
A0AAN8Q9B6	-	13.08
A0AAN8RAA1	-	22.93
A0AAN8RB72	-	22.47
A0AAN8RBH8	-	22.32
A0AAN8RFG6	C	2.95
A0AAN8RI93	-	22.30
A0AAN8RWQ7	C	3.37
A0AAN8RYC8	C	3.44
A0AAN8RYJ0	C	3.48
A0AAN8RZ95	C	2.99
A0AAN8S1M3	C*	4.04
A0AAN8T6H5	C	2.74
A0AAN8T8Y8	C	3.42
A0AAN8VMB9	C	3.31
A0AAN8VVM5	C	2.80
A0AAN8YM84	C	2.80
A0AAN8ZA55	C	2.89
A0AAN8ZBX9	C	2.72
A0AAN8ZF79	-	NA
A0AAN8ZTY5	C	2.91
A0AAN9BYU3	-	11.19
A0AAN9BYX9	-	17.90
A0AAN9C041	-	11.06
A0AAN9DB26	-	12.89
A0AAN9DBI4	-	13.01
A0AAN9DBK8	-	13.19
A0AAN9DBP8	-	13.29
A0AAN9DG98	-	13.18
A0AAN9DNL1	-	12.86
A0AAN9E508	C	2.88
A0AAN9E5N1	C	2.77
A0AAN9E787	C	2.77
A0AAN9EAI4	C	2.69
A0AAN9EB69	C	3.19
A0AAN9HSN5	C	2.77
A0AAN9IJ24	C	2.73
A0AAN9JNX2	C	3.15
A0AAN9L4D8	C	2.81
A0AAN9L9I4	C	2.80
A0AAN9L9Z6	C	2.73
A0AAN9MXK2	C	2.95
A0AAN9NAV6	C	2.75
A0AAN9QJR5	C	2.89
A0AAN9RK18	C	3.01
A0AAN9SMX2	C	3.07
A0AAN9SN00	C	2.87
A0AAN9SNT0	C	2.70
A0AAN9SPT9	C	2.61
A0AAN9T2S7	C	2.84
A0AAN9T4X3	C	2.73
A0AAN9U793	-	15.69
A0AAN9ULJ2	-	15.41
A0AAN9UQ80	-	NA
A0AAN9UYM9	-	14.00
A0AAN9V1I8	-	14.94
A0AAN9V3Q1	C	3.38
A0AAN9YE01	-	21.92
A0AAN9YIB4	-	NA
A0AAN9YM51	-	14.09
A0AAN9YPY3	-	23.09
A0AAP0AZN8	C	2.85
A0AAP0BZ22	C	2.82
A0AAP0C5I0	C	2.89
A0AAP0CDX7	C	2.88
A0AAP0CHD7	C	2.80
A0AAP0CKY6	C	2.90
A0AAP0CMG0	C	2.85
A0AAP0CMQ2	C	2.84
A0AAP0FV86	C	2.82
A0AAP0GHC6	C	2.80
A0AAP0GPG4	C	2.92
A0AAP0GRN9	C	2.86
A0AAP0H761	C	3.01
A0AAP0H8T4	C	3.30
A0AAP0HAD4	C	2.73
A0AAP0I583	C	3.22
A0AAP0I586	C	3.02
A0AAP0ICX1	C	3.16
A0AAP0IE14	C	3.13
A0AAP0IE78	C	3.03
A0AAP0J9F0	C	3.21
A0AAP0JDS4	C	3.04
A0AAP0JEU7	C	3.03
A0AAP0JNA5	C	3.25
A0AAP0JNY2	C	2.93
A0AAP0K4D0	C	3.07
A0AAP0KCC9	C	3.13
A0AAP0KDK4	C	3.21
A0AAP0KDL4	C	3.09
A0AAP0KE60	C	2.80
A0AAP0KHG4	C	2.83
A0AAP0KJ39	C	3.10
A0AAP0L625	C	2.94
A0AAP0N8E7	C	2.87
A0AAP0N8Z7	C	2.71
A0AAP0P8Q6	C	2.90
A0AAP0PMG1	C	2.70
A0AAP0PMG7	C	2.95
A0AAP0PN27	C	3.20
A0AAP0PN32	C	2.83
A0AAP0PRA1	C	3.21
A0AAP0PTR3	C	2.83
A0AAP0PTR8	C	3.23
A0AAP0PUP6	C	3.02
A0AAP0Q1Z6	C	3.01
A0AAP0Q6Z2	C	3.12
A0AAP0QZG8	C	2.86
A0AAP0R6Z3	C	2.80
A0AAP4Q954	-	9.81
A0AAP5I6Y4	C	3.24
A0AAP5IG72	C	3.36
A0AAP6BEB3	-	NA
A0AAP7ZQB5	-	15.67
A0AAP7ZR45	C	3.33
A0AAP9W0F9	C*	3.56
A0AAQ0FDD7	C*	3.55
A0AAQ3K6R0	C	2.98
A0AAQ3K708	C	3.06
A0AAQ3K867	C	3.28
A0AAQ3KAM4	C	3.19
A0AAQ3KBY5	C	2.69
A0AAQ3KC62	C	3.08
A0AAQ3KYK2	C	3.22
A0AAQ3KZE2	C	3.15
A0AAQ3L442	C	2.85
A0AAQ3L592	C	3.39
A0AAQ3LZL9	C	3.23
A0AAQ3LZX8	-	22.25
A0AAQ3M2U8	C	3.33
A0AAQ3M6B4	C	3.13
A0AAQ3M852	-	NA
A0AAQ3MLN9	C	2.86
A0AAQ3NE20	C	2.99
A0AAQ3PCB6	C	3.02
A0AAQ3QB23	C	3.23
A0AAQ3QBU2	C*	4.57
A0AAQ3QBY4	C	3.12
A0AAQ3QN42	C	2.88
A0AAQ3QRJ2	C	2.78
A0AAQ3R599	C	3.43
A0AAQ3RI32	C	2.88
A0AAQ3RJ02	C	2.80
A0AAQ3RXA6	C	3.08
A0AAQ3T7W2	C	2.86
A0AAQ3U8A2	C	2.75
A0AAQ3U9C5	C	3.32
A0AAQ3UA72	C	2.79
A0AAQ3UL81	C	3.06
A0AAQ3UM95	C	2.88
A0AAQ3UN37	C	3.09
A0AAQ3UQQ0	C	3.01
A0AAQ3XCG4	C*	3.53
A0AAQ3XDA6	C	3.02
A0AAQ3XEA2	C	3.10
A0AAQ4Q114	-	13.17
A0AAQ4S355	-	12.89
A0AAQ5X179	-	12.82
A0AAQ5XAY1	-	12.64
A0AAQ5Y3S0	-	13.14
A0AAQ5Z856	-	12.81
A0AAQ5ZR95	-	12.94
A0AAQ6A9Q3	-	12.84
A0AAR2JSQ7	-	13.20
A0AAT9GWH1	C*	3.52
A0AAU1I477	-	NA
A0AAU1I775	-	NA
A0AAU1IC92	-	NA
A0AAU1LK91	-	NA
A0AAU1UBC7	-	NA
A0AAU2A8A6	-	15.76
A0AAU2H4C1	-	15.93
A0AAU2HAL7	-	NA
A0AAU2HEW3	-	NA
A0AAU2K2D8	-	NA
A0AAU2K3A4	-	NA
A0AAU2V7P9	-	NA
A0AAU2VDU9	-	NA
A0AAU3H4A4	-	NA
A0AAU3HR60	-	NA
A0AAU3HVM4	-	13.31
A0AAU6WJC6	C	3.20
A0AAU7B3G6	-	20.69
A0AAU7EFE9	C	3.01
A0AAU7EG80	-	8.05
A0AAU7KGC4	C	3.48
A0AAU7KSU2	C	3.46
A0AAU7MTE2	-	27.45
A0AAU7RY35	C*	3.59
A0AAU7SHS6	C*	3.59
A0AAU8IVA8	-	16.14
A0AAU8JPL9	-	15.98
A0AAU8KRZ4	-	13.68
A0AAU8MSI0	C	3.04
A0AAU8RIP0	-	27.53
A0AAU8TKU6	-	15.93
A0AAU9ASS0	C	3.16
A0AAU9KU22	-	NA
A0AAU9LEH6	-	10.46
A0AAU9LQV9	C	2.76
A0AAU9M8C5	C	3.03
A0AAU9MCZ0	C	2.89
A0AAU9NEQ9	C	2.80
A0AAU9NMM9	C	2.71
A0AAU9NNJ2	C	2.86
A0AAU9P2X6	C	2.86
A0AAU9P300	C	2.87
A0AAU9P3F3	C	3.18
A0AAU9PIY2	C	3.48
A0AAU9PK05	C	2.88
A0AAU9WDB8	-	10.72
A0AAU9WFJ4	-	10.92
A0AAU9WFM1	-	10.99
A0AAU9WGN4	-	10.38
A0AAU9WHW5	-	10.92
A0AAU9WI44	-	11.22
A0AAU9WPB8	-	21.73
A0AAU9WPJ8	-	21.77
A0AAU9XDJ2	-	12.19
A0AAU9XDP3	-	13.23
A0AAU9XDY0	-	13.01
A0AAU9XEI7	-	13.14
A0AAU9XEN4	-	13.39
A0AAU9XFP2	-	14.51
A0AAU9Y0L2	-	21.54
A0AAU9YR33	-	13.19
A0AAU9ZCW9	-	12.83
A0AAU9ZQL3	-	13.29
A0AAV0AT52	-	10.98
A0AAV0B387	-	10.64
A0AAV0BI07	-	23.63
A0AAV0BJD1	-	17.15
A0AAV0D8C6	C	2.99
A0AAV0DC65	C	3.04
A0AAV0DDY2	C	2.98
A0AAV0E6W5	C	2.72
A0AAV0EUW0	C	2.99
A0AAV0F653	C	3.02
A0AAV0F674	C	3.02
A0AAV0GYJ1	C	3.19
A0AAV0GYJ9	C	3.29
A0AAV0KGU5	C	3.16
A0AAV0KGU8	C	3.31
A0AAV0KH15	C	3.06
A0AAV0KHB9	C	3.15
A0AAV0KHF7	C	3.15
A0AAV0KHJ9	C*	3.52
A0AAV0KID9	C	3.02
A0AAV0KIE9	C	3.09
A0AAV0KIG3	C	3.12
A0AAV0KIW7	C*	3.53
A0AAV0KJ21	C	3.09
A0AAV0KJ97	C	3.10
A0AAV0KJN7	C	3.03
A0AAV0KKR9	C	3.34
A0AAV0KKU9	C	3.10
A0AAV0KL44	C	3.10
A0AAV0KL84	C	3.09
A0AAV0KL96	C	3.07
A0AAV0LWL0	C	3.27
A0AAV0ND81	C	3.17
A0AAV0PBF5	C	2.79
A0AAV0PBK9	C	2.91
A0AAV0PBZ6	C*	10.34
A0AAV0PC46	C	2.82
A0AAV0PCB3	C	2.78
A0AAV0PCK7	C	2.90
A0AAV0PCN1	C	2.97
A0AAV0PCP3	C	2.87
A0AAV0PCS3	C	2.89
A0AAV0PD83	C	2.91
A0AAV0PD89	C	3.05
A0AAV0PD91	C	2.93
A0AAV0PDA9	C	2.86
A0AAV0PDB0	C	2.90
A0AAV0PDF8	C	2.81
A0AAV0PE40	C	3.05
A0AAV0PE66	C	2.92
A0AAV0PE72	C	2.91
A0AAV0PE99	C	2.88
A0AAV0TFG8	-	12.79
A0AAV0TQH7	-	12.30
A0AAV0TZW1	-	12.44
A0AAV0U2A6	-	12.63
A0AAV0U3J4	-	12.31
A0AAV0U988	-	11.96
A0AAV0UD10	-	NA
A0AAV0UD26	-	12.19
A0AAV0UFB5	-	NA
A0AAV0UGV2	-	12.16
A0AAV0UHU3	-	NA
A0AAV0UKA0	-	11.92
A0AAV0UTT5	-	11.87
A0AAV0UV36	-	12.18
A0AAV0UVP2	-	12.29
A0AAV0UVW7	-	12.22
A0AAV0UWJ7	-	12.43
A0AAV0V041	-	NA
A0AAV0YYA1	C	2.83
A0AAV0YYV2	C	2.91
A0AAV0YZF1	C	2.81
A0AAV0YZZ9	C	2.68
A0AAV0Z014	C	2.86
A0AAV0Z1G0	C	2.90
A0AAV0Z2H5	C	2.77
A0AAV0Z3C4	C	3.02
A0AAV1ATB2	C	2.84
A0AAV1AVH4	C	2.83
A0AAV1BW14	C	2.91
A0AAV1BW24	C	2.73
A0AAV1C080	C	2.88
A0AAV1DR03	C	2.86
A0AAV1EU58	-	12.92
A0AAV1FSF0	-	13.32
A0AAV1FSZ5	-	13.31
A0AAV1FWW4	-	13.15
A0AAV1H1T1	-	13.22
A0AAV1HKY4	-	12.58
A0AAV1N112	-	12.84
A0AAV1N299	-	12.86
A0AAV1N484	-	13.16
A0AAV1P4H2	-	13.22
A0AAV1P646	-	13.10
A0AAV1PBZ1	-	13.30
A0AAV1RPP7	C	3.28
A0AAV1SH10	C	2.83
A0AAV1SIL4	C	3.17
A0AAV1SJN9	C	2.90
A0AAV1SKZ2	C	2.91
A0AAV1T0B6	-	NA
A0AAV1UFK2	-	11.91
A0AAV1UU79	-	12.51
A0AAV1UUI4	-	12.30
A0AAV1WJ01	C	2.73
A0AAV1WJ15	C	2.82
A0AAV1WJ25	C	3.12
A0AAV1WJ98	C	2.86
A0AAV1WJU8	C	2.87
A0AAV1WJY0	C	2.61
A0AAV1WK00	C*	3.68
A0AAV1WK02	C	2.88
A0AAV1WK21	C	2.88
A0AAV2CAH3	C*	4.89
A0AAV2CAH8	C	3.14
A0AAV2CCA7	C	3.27
A0AAV2DU16	C	3.03
A0AAV2DUU7	C	3.10
A0AAV2EGR3	C	3.46
A0AAV2FHY5	C	2.98
A0AAV2FI49	C	3.00
A0AAV2FI73	C	3.05
A0AAV2FIX1	C	2.76
A0AAV2FJC1	C	2.64
A0AAV2FJU7	C	2.91
A0AAV2IBA7	-	10.98
A0AAV2IQW6	-	17.81
A0AAV2J037	-	13.13
A0AAV2J9S7	-	13.42
A0AAV2JZN2	-	13.17
A0AAV2KRH7	-	12.77
A0AAV2LM82	-	12.93
A0AAV2QBX0	-	NA
A0AAV2QDB1	-	NA
A0AAV2VYF3	-	NA
A0AAV2YAN2	-	12.06
A0AAV2YI36	-	12.07
A0AAV2YL68	-	12.21
A0AAV2YLR3	-	11.97
A0AAV2YQR1	-	NA
A0AAV2YTA9	-	12.41
A0AAV2Z0Q5	-	12.80
A0AAV2Z294	-	12.51
A0AAV2Z3L5	-	12.45
A0AAV2Z5P0	-	13.38
A0AAV2Z9U8	-	NA
A0AAV2ZA52	-	20.28
A0AAV2ZC05	-	12.25
A0AAV2ZDU1	-	12.11
A0AAV2ZM57	-	13.40
A0AAV3ANS4	-	13.39
A0AAV3AQX7	-	13.40
A0AAV3ARD3	-	14.62
A0AAV3B0N1	-	12.80
A0AAV3B309	-	12.85
A0AAV3PS78	C	3.28
A0AAV3Q0Z4	C	2.88
A0AAV3QTV2	C	2.89
A0AAV3RBK1	C	2.85
A0AAV3RC73	C	3.24
A0AAV3X2D7	-	33.16
A0AAV4B738	-	11.55
A0AAV4F8E5	-	17.78
A0AAV4HL71	-	11.38
A0AAV4IQ38	-	NA
A0AAV4JTX0	-	NA
A0AAV4KD62	-	NA
A0AAV4KS32	-	NA
A0AAV5AL26	-	14.99
A0AAV5C2Y6	C*	3.57
A0AAV5C3U7	C	2.92
A0AAV5C461	C	2.97
A0AAV5C4W7	C	2.89
A0AAV5CUA3	C	2.75
A0AAV5D8P6	C	3.13
A0AAV5D987	C	3.23
A0AAV5DGW2	C	2.89
A0AAV5E484	C	3.00
A0AAV5EZW6	C	3.07
A0AAV5FUW4	C	2.90
A0AAV5G052	C	2.92
A0AAV5IQU0	C	2.75
A0AAV5ST96	-	11.45
A0AAV5T4N0	-	14.43
A0AAV5TAE6	-	15.94
A0AAV5TB08	-	13.87
A0AAV5TCG8	-	17.88
A0AAV5TPF9	-	11.54
A0AAV5TW37	-	11.44
A0AAV5TWJ0	-	17.99
A0AAV5V305	-	13.63
A0AAV5VBP9	-	11.72
A0AAV5VKD6	-	14.00
A0AAV5VKK5	-	14.68
A0AAV5VUR0	-	16.04
A0AAV5VZB7	-	11.37
A0AAV5WAY5	-	17.91
A0AAV5WB57	-	11.77
A0AAV6GAX8	-	12.94
A0AAV6H7X6	-	13.19
A0AAV6HW47	C	2.76
A0AAV6LBJ8	C	2.98
A0AAV6LBV0	-	NA
A0AAV6M075	C	3.00
A0AAV6MNP7	C	2.92
A0AAV6MPW7	C	2.95
A0AAV6PZD6	-	12.98
A0AAV6QBS0	-	12.90
A0AAV6QV07	-	12.75
A0AAV6RCW8	-	13.11
A0AAV6SET8	-	13.25
A0AAV6W4D0	C	2.90
A0AAV6W7X4	C	2.87
A0AAV6W8L2	C	2.65
A0AAV6WUS6	C	2.86
A0AAV6X330	C	2.77
A0AAV6XAP9	C	2.77
A0AAV6XU46	C	2.89
A0AAV6XVW6	C	2.81
A0AAV6XZU2	C	2.79
A0AAV6Y1F0	C	2.89
A0AAV6Y2K4	C	2.83
A0AAV7AKK6	-	8.66
A0AAV7AKK8	-	13.84
A0AAV7CMP1	-	13.25
A0AAV7DG22	-	12.85
A0AAV7E4A4	C	2.72
A0AAV7E4W5	C	3.02
A0AAV7EM17	C	2.90
A0AAV7EML1	C	2.81
A0AAV7ER32	C	3.17
A0AAV7EZ80	C	2.83
A0AAV7F0A6	C	2.72
A0AAV7G5I4	C	2.97
A0AAV7G994	C	2.94
A0AAV7GC29	C	2.87
A0AAV7GE37	C	2.78
A0AAV7JPI2	-	12.90
A0AAV7NJ16	-	13.37
A0AAV7NUV3	-	12.85
A0AAV7NZD3	-	NA
A0AAV7P288	-	13.22
A0AAV7P2D4	-	13.00
A0AAV7P3B6	-	13.32
A0AAV7W153	-	12.70
A0AAV8P7P5	C	2.68
A0AAV8Q501	C	3.24
A0AAV8QBQ6	C	2.90
A0AAV8QF87	C	3.25
A0AAV8QV23	C	3.42
A0AAV8REC8	C	2.79
A0AAV8T166	C	2.95
A0AAV8T4D0	C	2.76
A0AAV8T5G7	C	2.85
A0AAV9AZV8	C	3.36
A0AAV9B0B5	C	3.25
A0AAV9BVQ4	C	2.79
A0AAV9BXJ3	C	2.70
A0AAV9CA53	C	2.83
A0AAV9DPP7	C	3.32
A0AAV9DQ84	C	2.75
A0AAV9DQH4	C	2.52
A0AAV9DSD6	C	2.79
A0AAV9DSK6	C	2.87
A0AAV9FHM4	C	3.19
A0AAV9FIQ9	-	NA
A0AAV9FJX0	C	3.35
A0AAV9FKL6	C	3.39
A0AAV9FM47	C	2.93
A0AAV9FMH7	C	2.76
A0AAV9G2J4	-	17.83
A0AAV9G352	-	15.64
A0AAV9G4I9	-	22.53
A0AAV9G5V3	-	23.89
A0AAV9G669	-	9.96
A0AAV9G6D4	-	19.08
A0AAV9G6Z5	C*	3.98
A0AAV9G7I8	-	17.46
A0AAV9G7K8	-	15.73
A0AAV9GAI2	-	15.90
A0AAV9GCS2	-	15.87
A0AAV9GE37	-	23.77
A0AAV9GE59	-	20.94
A0AAV9GEE9	-	21.79
A0AAV9GF68	-	15.52
A0AAV9GFC7	-	22.91
A0AAV9GFL8	C*	3.97
A0AAV9GFY6	-	23.43
A0AAV9GGJ3	-	20.83
A0AAV9GH02	-	23.72
A0AAV9GH49	C	2.95
A0AAV9GI39	-	22.94
A0AAV9GJ60	-	22.45
A0AAV9GKC3	-	23.13
A0AAV9GKY7	-	15.14
A0AAV9GL33	-	22.69
A0AAV9GLL4	-	15.31
A0AAV9GLN7	-	23.33
A0AAV9GLX0	-	18.04
A0AAV9GMH2	C	3.49
A0AAV9GMT2	-	15.19
A0AAV9GMT8	-	22.55
A0AAV9GQ68	-	22.65
A0AAV9GQH8	-	22.94
A0AAV9GQQ3	-	20.14
A0AAV9GQR2	-	15.32
A0AAV9GQZ8	-	15.34
A0AAV9GRP9	-	22.91
A0AAV9GSE5	C	2.84
A0AAV9GST8	-	23.78
A0AAV9GWB4	C	3.42
A0AAV9GWL6	-	23.14
A0AAV9GWZ3	-	24.11
A0AAV9GYC2	C	2.99
A0AAV9H0Z4	-	23.58
A0AAV9H153	C	3.12
A0AAV9H1S9	-	23.08
A0AAV9H3L9	-	24.04
A0AAV9H3R4	-	16.02
A0AAV9H4Y7	C	2.74
A0AAV9H5N3	-	14.74
A0AAV9H6A4	-	20.26
A0AAV9H7L1	C	3.32
A0AAV9HDW3	-	22.67
A0AAV9HFW5	-	21.21
A0AAV9HGX2	-	23.21
A0AAV9HJ01	C	3.09
A0AAV9HJ72	-	22.96
A0AAV9HKI4	-	24.21
A0AAV9HL35	-	15.50
A0AAV9HP34	C	2.68
A0AAV9HQU8	-	21.82
A0AAV9HUP8	-	22.78
A0AAV9HZ49	-	20.66
A0AAV9HZR5	-	15.25
A0AAV9HZS2	-	19.50
A0AAV9I0V0	-	16.08
A0AAV9I382	C	2.72
A0AAV9I5B0	-	15.25
A0AAV9ILT6	-	12.26
A0AAV9J8F3	-	NA
A0AAV9JCG9	-	22.82
A0AAV9JI42	-	23.08
A0AAV9JT62	C	3.48
A0AAV9JWE2	C*	3.58
A0AAV9JX95	-	23.00
A0AAV9K000	C	2.83
A0AAV9K201	C	3.05
A0AAV9KF22	C	2.84
A0AAV9LQQ6	C	2.82
A0AAV9LQR9	C	2.91
A0AAV9LRB4	C	2.91
A0AAV9LRD9	C	2.93
A0AAV9LRL5	C	2.88
A0AAV9LRN0	C	2.90
A0AAV9LS32	C	2.87
A0AAV9LTF8	C	2.90
A0AAV9LU64	C	2.88
A0AAV9LU83	-	NA
A0AAV9LU99	C	2.82
A0AAV9LUB5	C	2.89
A0AAV9LUM7	C	2.98
A0AAV9N1J6	-	NA
A0AAV9N2L3	C	2.96
A0AAV9N3G0	-	20.46
A0AAV9NEM7	-	22.39
A0AAV9NJ01	C	3.37
A0AAV9NM11	-	23.26
A0AAV9NM54	-	19.03
A0AAV9P0U3	-	22.95
A0AAV9P1Y4	C	3.18
A0AAV9PAA9	C	3.22
A0AAV9PFW9	C	3.48
A0AAV9PSX3	-	22.14
A0AAV9PYQ5	-	22.11
A0AAV9Q2N9	-	15.24
A0AAV9Q5G6	-	20.22
A0AAV9Q813	C	3.28
A0AAV9QGM4	-	18.00
A0AAV9QK65	C	3.37
A0AAV9RH71	-	12.89
A0AAV9RIM6	-	13.23
A0AAV9RYA1	-	12.81
A0AAV9S5W9	-	13.18
A0AAV9S668	-	13.25
A0AAV9SWF4	-	22.00
A0AAV9SY11	-	NA
A0AAV9T0C6	C*	3.50
A0AAV9T0H0	-	22.80
A0AAV9T8J0	-	22.80
A0AAV9T8U9	C	3.49
A0AAV9T9W1	-	22.73
A0AAV9TDU7	-	10.43
A0AAV9TIW1	-	22.62
A0AAV9TJ72	C*	3.54
A0AAV9TJT0	C	3.06
A0AAV9TLV0	-	22.80
A0AAV9TRZ8	-	22.98
A0AAV9TS26	C	3.12
A0AAV9TV43	-	22.78
A0AAV9TVS5	-	22.65
A0AAV9U0H3	-	13.40
A0AAV9U1M6	C	2.98
A0AAV9U3Q6	C	3.30
A0AAV9U7U0	C	3.43
A0AAV9UA50	C*	3.58
A0AAV9UB47	C	3.22
A0AAV9UJ91	C	3.38
A0AAV9UL21	C	3.13
A0AAV9UL65	-	NA
A0AAV9ULA6	C	2.73
A0AAV9UNB0	C	2.92
A0AAV9UQM9	-	22.51
A0AAV9V0T6	C	3.29
A0AAV9V3C4	-	22.93
A0AAV9V4Z5	-	22.51
A0AAV9V5C2	C*	3.75
A0AAV9V6U2	C	3.37
A0AAV9V828	-	16.36
A0AAV9VGE1	-	22.33
A0AAV9VIS4	-	NA
A0AAV9VJN4	C*	3.54
A0AAV9VLS4	C	3.40
A0AAV9VLZ7	C*	3.57
A0AAV9VMU8	C*	4.15
A0AAV9VWS4	-	22.10
A0AAV9VX17	C	2.77
A0AAV9W0J7	C*	3.57
A0AAV9W2Y7	C*	3.54
A0AAV9W3C3	C	2.46
A0AAV9W5A3	C	3.46
A0AAV9W7Y2	C	3.00
A0AAV9W8G5	-	13.28
A0AAV9WFZ0	C	3.24
A0AAV9WG77	-	NA
A0AAV9WIJ7	C	3.25
A0AAV9WJA4	C	3.42
A0AAV9WPE4	-	22.95
A0AAV9WQK5	-	22.57
A0AAV9WSZ8	-	NA
A0AAV9WTG2	C	2.84
A0AAV9WTT3	C*	3.61
A0AAV9WVI6	-	21.48
A0AAV9WVQ3	C	3.47
A0AAV9WYC9	C	3.34
A0AAV9WYP6	C	2.74
A0AAV9WYY8	-	22.09
A0AAV9X0N3	C	2.79
A0AAV9X261	C	3.45
A0AAV9X2B5	-	NA
A0AAV9X4Y9	C	2.75
A0AAV9X5N6	C*	3.61
A0AAV9XAI9	C	2.84
A0AAV9XCL7	C	2.93
A0AAV9XET0	C	2.81
A0AAV9XFA3	C*	3.72
A0AAV9XGV3	C	3.49
A0AAV9XIT1	-	22.13
A0AAV9XIV8	C	3.23
A0AAV9XJB6	C	3.27
A0AAV9XKK2	-	22.98
A0AAV9XS44	C*	3.60
A0AAV9ZV20	-	15.04
A0AAW0BU78	-	14.79
A0AAW0BU79	-	14.29
A0AAW0C1Q8	C*	3.56
A0AAW0CBD3	C	3.25
A0AAW0CEC5	-	22.15
A0AAW0CQ31	-	22.07
A0AAW0DBD9	C	2.97
A0AAW0DCV9	-	NA
A0AAW0DF22	-	16.47
A0AAW0DRS1	-	22.10
A0AAW0G9Z5	-	23.51
A0AAW0GHL6	-	14.85
A0AAW0GI35	-	NA
A0AAW0IL15	-	13.10
A0AAW0KIT8	C	2.69
A0AAW0MAT5	C	2.54
A0AAW0MVQ9	-	15.03
A0AAW0N3K3	-	13.09
A0AAW0P4U7	-	12.76
A0AAW0PFQ4	-	13.36
A0AAW0PKN3	-	12.84
A0AAW0Q3H3	-	22.69
A0AAW0Q7W6	-	15.24
A0AAW0Q806	-	20.46
A0AAW0Q946	-	6.86
A0AAW0QEJ6	-	22.84
A0AAW0QEN6	-	14.96
A0AAW0QFG3	C	3.23
A0AAW0QHX5	-	22.30
A0AAW0QIT9	-	23.54
A0AAW0QJE6	-	22.00
A0AAW0QMD1	-	22.57
A0AAW0QMN1	C	2.93
A0AAW0QQB4	C	2.79
A0AAW0QU21	-	22.73
A0AAW0QU34	-	21.18
A0AAW0QUJ7	-	20.43
A0AAW0QY08	-	20.81
A0AAW0QZE1	-	15.41
A0AAW0R1D0	-	15.14
A0AAW0R323	-	22.99
A0AAW0R484	-	NA
A0AAW0R486	-	23.15
A0AAW0R494	-	9.32
A0AAW0R5B2	C	3.37
A0AAW0R5L3	-	22.48
A0AAW0R6S9	-	23.84
A0AAW0R6Y1	-	19.31
A0AAW0RA81	C	3.47
A0AAW0RAF8	-	22.27
A0AAW0RCU8	-	15.48
A0AAW0RDJ2	-	22.87
A0AAW0REN9	-	14.32
A0AAW0RL97	-	22.58
A0AAW0RWB0	-	14.78
A0AAW0RYN0	C	3.13
A0AAW0RZS7	C	2.99
A0AAW0S6A5	-	15.14
A0AAW0S807	C	2.67
A0AAW1BHH7	-	13.22
A0AAW1C1T5	-	12.77
A0AAW1EE71	-	13.18
A0AAW1ETR3	-	12.80
A0AAW1FPI5	-	13.31
A0AAW1FT31	-	13.17
A0AAW1FYT0	-	13.00
A0AAW1G8T0	-	14.31
A0AAW1KAG8	C	3.30
A0AAW1MSU4	C	2.78
A0AAW1MZD2	C	2.76
A0AAW1NAD2	C	2.92
A0AAW1PJY0	C*	3.61
A0AAW1PVV6	C	3.19
A0AAW1R416	C	3.45
A0AAW1R6D9	C	3.15
A0AAW1XHD6	C	2.77
A0AAW1XIG5	C	2.78
A0AAW1XJ06	C	2.84
A0AAW1ZNT7	-	13.19
A0AAW2A843	-	13.21
A0AAW2AI30	-	12.83
A0AAW2B4K4	-	12.82
A0AAW2BX62	C	2.77
A0AAW2J0M6	C	2.95
A0AAW2K2Z4	C	2.91
A0AAW2K2Z5	C	2.89
A0AAW2K313	C	2.76
A0AAW2K3I5	C	2.91
A0AAW2K4S6	C	2.75
A0AAW2KFM7	C*	4.64
A0AAW2KI31	C	2.99
A0AAW2KIA4	C	2.82
A0AAW2KIN2	C	2.93
A0AAW2KM54	C	2.45
A0AAW2KWH3	C	2.92
A0AAW2KWT0	C	2.88
A0AAW2KYY0	C	3.02
A0AAW2LMW0	C	2.82
A0AAW2LMY5	C	2.75
A0AAW2LP90	C	2.89
A0AAW2LQ47	C	2.96
A0AAW2MB30	C	2.83
A0AAW2MB87	C	2.90
A0AAW2MD49	C	2.90
A0AAW2MDW8	C	2.56
A0AAW2ME38	C	2.80
A0AAW2PAR5	C	2.76
A0AAW2PCP3	C	2.78
A0AAW2PDI7	C	2.99
A0AAW2PFE9	C	2.95
A0AAW2PH40	C	2.85
A0AAW2Q464	C	3.06
A0AAW2Q483	C	2.93
A0AAW2Q488	C	2.89
A0AAW2Q4N2	C	2.89
A0AAW2Q6H6	C	2.83
A0AAW2T3A6	C	2.84
A0AAW2T4T7	C	2.92
A0AAW2T5C5	C	2.88
A0AAW2T782	C	2.87
A0AAW2TNR2	C	2.93
A0AAW2TNW9	C	2.83
A0AAW2TP12	C	2.76
A0AAW2TPU7	C	2.81
A0AAW2TQ19	C	2.58
A0AAW2WPR6	C	2.84
A0AAW2WSM8	-	NA
A0AAW2WUC3	C	2.73
A0AAW2YXC5	C	3.29
A0AAW3DP87	-	12.78
A0AAW3N5S9	C*	3.52
A0AAW4GB66	C	3.30
A0AAW5AIV8	C*	3.56
A0AAW5T4F7	C	3.41
A0AAW5ZGK4	C	3.35
A0AAW7XA35	C	3.26
A0AAW8FMU8	-	NA
A0AAW9D0C5	C	3.42
A0AAX0U970	C*	3.81
A0AAX2M5H7	C	3.10
A0AAX2RJL4	C*	4.06
A0AAX2ZPI5	C	3.17
A0AAX3G8D4	C*	3.54
A0AAX3IF49	-	15.89
A0AAX3ZJ40	-	NA
A0AAX4HVW2	-	15.39
A0AAX4I0H5	-	NA
A0AAX4I189	-	22.82
A0AAX4I3W6	-	22.65
A0AAX4I3X6	-	22.88
A0AAX4IBI2	-	22.56
A0AAX4IHE0	C	2.92
A0AAX4IHU9	C	2.83
A0AAX4III9	-	22.97
A0AAX4IJG7	-	NA
A0AAX4IR68	C	3.44
A0AAX4IRE6	-	22.85
A0AAX4IRV8	C	2.95
A0AAX4ISH2	C	2.85
A0AAX4IUW6	-	22.76
A0AAX4IV46	-	22.77
A0AAX4IXQ2	C	2.64
A0AAX4IYC0	-	10.40
A0AAX4J2W2	-	22.05
A0AAX4JFT9	-	19.32
A0AAX6BME2	-	NA
A0AAX6DFK4	C	3.36
A0AAX6DNU9	C	3.24
A0AAX6E5A0	C	3.34
A0AAX6E935	C	3.31
A0AAX6EJQ7	C	3.29
A0AAX6EKB9	C	3.24
A0AAX6EKC4	C	3.22
A0AAX6EML1	C	3.22
A0AAX6EPF7	C	3.40
A0AAX6F4X5	C	3.38
A0AAX6G014	C	3.20
A0AAX6GG64	C	3.32
A0AAX6IB95	C	3.43
A0AAX6IBX6	C	3.21
A0AAX6IBY8	C	3.26
A0AAX6IC71	C	3.35
A0AAX6IDV5	C	3.31
A0AAX6IDW7	C	3.32
A0AAX6MJK2	-	NA
A0AAX6MK48	-	22.36
A0AAX6MKY9	-	22.99
A0AAX6MMI5	-	15.13
A0AAX6MN94	C	3.41
A0AAX6MUB6	-	14.27
A0AAX6MY24	C	2.63
A0AAX6N8C7	-	NA
A0AAX6NW88	-	12.84
A0AAX6NWD9	-	12.88
A0AAX6Q5K4	-	13.22
A0AAX6QCB8	-	13.23
A0AAX7SMN4	-	12.80
A0AAX7SQZ7	-	12.74
A0AAX7TC49	-	12.82
A0AAX7TTQ8	-	13.21
A0AAX7TXW4	-	12.83
A0AAX7TYZ9	-	12.77
A0AAX7U8V1	-	12.82
A0AAX7UCM2	-	12.83
A0AAX7UM13	-	13.14
A0AAX7UUV6	-	13.23
A0AAX7V641	-	12.87
A0AAY4AAH0	-	13.17
A0AAY4AKJ8	-	12.80
A0AAY4B6X4	-	12.82
A0AAY4B9S1	-	12.74
A0AAY4B9S7	-	12.81
A0AAY4DAA3	-	12.84
A0AAY4DGX2	-	13.17
A0AAY4DHZ8	-	13.18
A0AAZ3NQW4	-	13.04
A0AAZ3PEP9	-	13.19
A0AAZ3PG11	-	13.09
A0AAZ3PVG4	-	13.32
A0AAZ3PZM4	-	12.86
A0AAZ3Q1B1	-	12.89
A0AAZ3QFD9	-	12.74
A0AAZ3R9K4	-	14.01
A0AB32V1Y7	C	2.76
A0AB32VJG4	C	3.12
A0AB32WH89	C	2.90
A0AB32WIV2	C	3.00
A0AB32WLL1	C	2.76
A0AB33BFT5	C	3.45
A0AB33K706	-	NA
A0AB33VCY9	-	15.72
A0AB33VFM8	C	3.02
A0AB33WR39	C*	3.57
A0AB34C678	C*	3.56
A0AB34FF60	C	2.89
A0AB34FH03	C	2.95
A0AB34G1W5	C	3.05
A0AB34KA35	C*	3.73
A0AB34KA60	C*	3.50
A0AB34KIC5	-	23.86
A0AB34KIL7	-	23.00
A0AB34KIU8	-	24.03
A0AB34KK03	-	18.93
A0AB34KKP4	C*	3.98
A0AB34KMZ8	-	23.04
A0AB34KNK6	C	3.17
A0AB34KRY9	-	22.27
A0AB34KUD4	-	23.04
A0AB34KVN9	-	22.02
A0AB34KXU4	-	22.84
A0AB34KZZ7	-	22.79
A0AB36P7C1	C	3.34
A0AB36TKW0	-	9.82
A0AB37ULT2	C	3.04
A0AB37UNL5	-	NA
A0AB37W5F0	-	22.40
A0AB37W5F7	-	22.76
A0AB37W628	-	22.53
A0AB37W830	-	22.27
A0AB37WA51	-	23.58
A0AB37WBD0	-	22.59
A0AB37WDN7	C*	3.88
A0AB37WE59	-	15.96
A0AB37WF80	-	20.14
A0AB37WLI1	-	20.03
A0AB37WPQ7	-	23.65
A0AB37WR93	C*	3.74
A0AB37WSN9	-	14.92
A0AB37X2G0	-	23.54
A0AB37YN20	-	23.13
A0AB39M3L1	-	13.78
A0AB39MQJ6	-	NA
A0AB39MWQ9	-	NA
A0AB39PCD4	-	NA
A0AB39PKN3	-	NA
A0AB39PPR9	-	NA
A0AB39PV22	-	NA
A0AB39QJS5	-	NA
A0AB39R8P8	-	NA
A0AB39RE11	-	13.68
A0AB39RXM8	-	NA
A0AB39SBC6	-	NA
A0AB39T484	-	NA
A0AB39T4R7	-	NA
A0AB39TWL9	C*	9.32
A0AB39XZI3	-	NA
A0AB39XZJ9	-	NA
A0AB39YCZ7	-	NA
A0AB40AJ23	C	3.14
A0AB40AJS5	C	2.96
A0AB40AKY1	C	2.80
A0AB40BNR7	C	3.22
A0AB40BPK1	C	2.93
A0AB40CL24	C	2.67
A0AB40D581	C	2.74
A0AB72UHW7	C	2.95
A0AB73FVA4	C	3.50
A0AB74BTV7	-	19.59
A0AB74BWP0	C	2.98
A0AB74BZ39	C	3.41
A0AB74C4H3	-	22.41
A0AB74C971	-	15.69
A0AB74CD63	-	15.38
A0AB74CDD4	C	3.46
A0AB74DFP7	C	3.35
A0AB74IRW4	C	3.40
A0AB74J3K9	-	22.91
A0AB74J716	-	22.76
A0AB74JRL7	-	22.74
A0AB74JUA1	-	22.92
A0AB74KDR2	-	23.77
A0AB74UNN5	C	3.31
A0AB74V372	C	3.42
A0ABC8BKR2	-	NA
A0ABC8C1Z1	-	NA
A0ABC8RIY8	C	2.73
A0ABC8RJ10	C	2.76
A0ABC8RN46	C	2.84
A0ABC8RNA3	C	2.75
A0ABC8S3Q2	C	3.03
A0ABC8S4A7	C	2.81
A0ABC8S4N4	C	2.90
A0ABC8S9C6	C	2.79
A0ABC8STR4	C	2.79
A0ABC8SYL7	C	2.67
A0ABC8T3G4	C	3.10
A0ABC8TDF6	C	2.84
A0ABC8YRY6	C	2.84
A0ABC8Z289	C	2.89
A0ABC8Z2B9	C*	4.63
A0ABC9AMU1	C	2.71
A0ABC9B1E3	C	2.76
A0ABC9C6A2	C	2.67
A0ABC9CSN2	C	2.87
A0ABC9D1I0	C	2.80
A0ABC9D2C6	C	2.84
A0ABC9DN80	C	2.81
A0ABC9E1N6	C	3.01
A0ABC9EA14	C	2.81
A0ABC9F5M8	C	3.19
A0ABC9F744	C*	4.33
A0ABC9HG94	C	2.85
A0ABC9Y2Q8	-	12.75
A0ABD0JMJ5	C	3.21
A0ABD0K492	C	3.35
A0ABD0U1W8	C*	4.33
A0ABD0UGX9	C*	4.21
A0ABD0UHC1	C	2.75
A0ABD0V4F5	C	2.73
A0ABD0VGR3	C	3.13
A0ABD0VZS5	-	13.27
A0ABD0WFA0	-	12.83
A0ABD0WIT6	-	13.03
A0ABD0X718	-	13.26
A0ABD0XRB5	-	12.93
A0ABD1G0P1	C	2.86
A0ABD1G131	C	3.03
A0ABD1G2M5	C	2.82
A0ABD1G2N0	C	2.87
A0ABD1G2N7	C	2.81
A0ABD1G2P4	C	2.82
A0ABD1G2Q8	C	2.87
A0ABD1G2W5	C	2.86
A0ABD1G2X1	C	2.82
A0ABD1G3C2	C	3.02
A0ABD1G5Q0	C	2.81
A0ABD1G5U5	C	2.86
A0ABD1H5D5	C	2.85
A0ABD1H6K2	C	2.75
A0ABD1H915	C	2.74
A0ABD1IJ41	C	2.92
A0ABD1IVV8	-	12.66
A0ABD1J3F5	-	13.06
A0ABD1KAR1	-	13.07
A0ABD1N1E8	C	2.84
A0ABD1N226	C	2.84
A0ABD1N7W4	C	2.85
A0ABD1PTN2	C	2.87
A0ABD1QIQ6	C	2.87
A0ABD1QJW8	C	2.91
A0ABD1QJX0	C	2.80
A0ABD1QJZ0	C	2.79
A0ABD1QK05	C	2.65
A0ABD1QKA2	C	2.64
A0ABD1QKB9	C	2.83
A0ABD1QKF7	C	2.82
A0ABD1QL93	C	2.71
A0ABD1QNH4	C	2.80
A0ABD1QNK1	C	3.08
A0ABD1QNK3	C	2.68
A0ABD1QTF1	C	3.02
A0ABD1R520	C	2.92
A0ABD1R5X5	C	2.89
A0ABD1RDH2	C	2.81
A0ABD1REJ5	C*	3.64
A0ABD1S2W4	C	2.81
A0ABD1S3P3	C	2.79
A0ABD1S779	C	2.98
A0ABD1S784	C	2.79
A0ABD1S787	C	2.98
A0ABD1S7A8	C	2.93
A0ABD1S7B8	C	2.76
A0ABD1S7F9	C	2.89
A0ABD1S869	C	2.65
A0ABD1S8R6	C	2.97
A0ABD1SA41	C	2.67
A0ABD1UM57	C	2.84
A0ABD1UMA1	C*	3.64
A0ABD1UNE4	C	3.25
A0ABD1WH42	C	3.49
A0ABD1WH58	C	2.86
A0ABD1WH80	C	2.96
A0ABD1WH85	C*	3.58
A0ABD1WHD2	-	NA
A0ABD1WHD6	C	3.27
A0ABD1WHF9	C	3.37
A0ABD1WHI7	C	3.20
A0ABD1WHW1	C	3.29
A0ABD1WJU9	C*	3.69
A0ABD1WKW7	C	3.23
A0ABD1XW85	C*	9.43
A0ABD1XWP8	C*	9.58
A0ABD1ZAC3	C*	9.07
A0ABD1ZCL7	C*	9.23
A0ABD1ZP60	C*	9.12
A0ABD1ZQZ6	C*	8.98
A0ABD2FD23	-	13.09
A0ABD2FMY5	-	13.35
A0ABD2GQC6	-	13.24
A0ABD2GUW5	-	13.13
A0ABD2HL96	-	12.84
A0ABD2HPV6	-	12.48
A0ABD2HV04	-	13.86
A0ABD2HZK8	-	13.47
A0ABD2I4S2	-	17.82
A0ABD2IFA8	-	13.76
A0ABD2IHM9	-	14.41
A0ABD2IJ36	-	12.74
A0ABD2IJH8	-	12.75
A0ABD2IXF5	-	13.85
A0ABD2J0Q8	-	11.60
A0ABD2J1I9	-	12.73
A0ABD2J3E4	-	14.43
A0ABD2JEX8	-	14.41
A0ABD2JMZ9	-	12.56
A0ABD2JN50	-	18.19
A0ABD2JQD7	-	13.60
A0ABD2JWA1	-	17.89
A0ABD2JZN6	-	14.16
A0ABD2K750	-	14.16
A0ABD2K7K4	-	13.25
A0ABD2KDC3	-	13.10
A0ABD2KEK6	-	12.97
A0ABD2KGI9	-	13.99
A0ABD2KIP0	-	18.10
A0ABD2KLI7	-	18.44
A0ABD2KZ99	-	14.36
A0ABD2L179	-	17.77
A0ABD2L3A9	-	12.77
A0ABD2L3Z7	-	14.47
A0ABD2L5J6	-	13.50
A0ABD2L835	-	13.93
A0ABD2LAM1	-	13.61
A0ABD2LG15	-	17.73
A0ABD2LI83	-	12.62
A0ABD2LMH4	-	13.89
A0ABD2LMM6	-	12.40
A0ABD2LMP6	-	17.82
A0ABD2LPM8	-	11.64
A0ABD2LYB3	-	12.73
A0ABD2M171	-	13.79
A0ABD2M4S6	-	13.76
A0ABD2M5Y3	-	18.17
A0ABD2MC55	-	14.04
A0ABD2PQA7	C*	13.82
A0ABD2RFR9	C	2.90
A0ABD2RFS3	C	2.85
A0ABD2RGS5	C	2.89
A0ABD2RGW4	C*	3.53
A0ABD2TYL9	C	2.94
A0ABD2V818	C	2.90
A0ABD2YAZ4	C	2.86
A0ABD2YN85	C	3.07
A0ABD2YPG3	C	2.81
A0ABD2YPK6	C	2.87
A0ABD2YQ77	C	2.85
A0ABD2YRV5	C	2.94
A0ABD2YS32	C	2.94
A0ABD2ZJR8	C	2.83
A0ABD3B960	C	2.92
A0ABD3CPL3	C	2.86
A0ABD3CQK5	C	2.91
A0ABD3CRY7	C	3.37
A0ABD3CS12	C	2.83
A0ABD3CSS8	C	2.92
A0ABD3CT32	C	2.94
A0ABD3DM87	C	2.79
A0ABD3DZ56	C	2.93
A0ABD3E9R6	C	2.83
A0ABD3FDS6	-	12.23
A0ABD3FP25	-	11.92
A0ABD3FPM1	-	12.56
A0ABD3FSN5	-	12.33
A0ABD3FSP5	-	12.51
A0ABD3FTY2	-	NA
A0ABD3FTZ6	-	12.46
A0ABD3FUV3	-	12.14
A0ABD3FWV8	-	12.40
A0ABD3FX43	-	NA
A0ABD3GLM9	C*	7.77
A0ABD3GYN1	C*	9.20
A0ABD3HAP7	C*	8.46
A0ABD3HTA3	C*	3.79
A0ABD3HTA8	C	3.10
A0ABD3I1K4	C	2.88
A0ABD3I1T0	C*	9.30
A0ABD3I4E3	C*	9.45
A0ABD3I4U1	-	NA
A0ABD3I5S8	C*	8.73
A0ABD3KR64	C	2.74
A0ABD3P7G1	-	13.50
A0ABD3S801	C	2.70
A0ABD3S9W8	C	2.84
A0ABD3S9X0	C	2.82
A0ABD3SA37	C	2.64
A0ABD3SAE6	C	2.69
A0ABD3SAF9	C	2.78
A0ABD3TLC0	-	12.59
A0ABD3TLM7	-	13.59
A0ABD3UI54	C	2.84
A0ABD3UTI4	-	12.36
A0ABD3VAS0	-	12.38
A0ABD3VAS6	-	12.33
A0ABD3VAT2	-	12.24
A0ABD3VAT5	-	12.35
A0ABD3VBF2	-	19.06
A0ABD3VD34	-	12.33
A0ABD3VDR8	-	12.29
A0ABD3VDU0	-	12.34
A0ABD3VE32	-	12.59
A0ABD3VE72	-	12.03
A0ABD3VFH0	-	11.83
A0ABD3VGD3	-	14.12
A0ABD3VGG0	-	11.80
A0ABD3VGV3	-	12.44
A0ABD3VGY0	-	12.72
A0ABD3VGY9	-	12.92
A0ABD3VH04	-	11.96
A0ABD3VH26	-	13.29
A0ABD3VIF5	-	13.04
A0ABD3VIH1	-	11.89
A0ABD3VJE0	-	11.95
A0ABD3VJW7	-	12.44
A0ABD4AYG4	C*	3.93
A0ABD4DZ03	C	3.43
A0ABD4WWK8	-	NA
A0ABD5AIY8	C	3.46
A0ABD5E1P1	-	NA
A0ABD5EQD1	-	NA
A0ABD5KX43	-	NA
A0ABD6E420	-	14.59
A0ABD6E5N7	-	18.37
A0ABD6EFA7	-	12.17
A0ABD6GFY7	-	NA
A0ABD6H4Y1	C	3.29
A0ABD6Q2R4	C*	3.55
A0ABD6QLP3	C	3.32
A0ABD7BY96	C	3.21
A0ABD7CW28	-	NA
A0ABD7CWR1	-	13.75
A0ABD7TEJ6	-	11.99
A0ABD7WR13	-	NA
A0ABF7R9X0	C*	3.56
A0ABF7RBE4	-	15.72
A0ABI7XDW7	-	12.84
A0ABI7XE49	-	12.80
A0ABI7XPN1	-	13.24
A0ABI7YGT9	-	13.18
A0ABI7YHM6	-	13.13
A0ABK0LB88	-	13.26
A0ABM0GVT4	-	13.88
A0ABM0GVT5	-	13.54
A0ABM0HUB5	-	13.28
A0ABM0IS91	-	12.80
A0ABM0IVW8	-	13.23
A0ABM0IX43	-	13.27
A0ABM0KZ61	-	13.19
A0ABM0L2K3	-	13.08
A0ABM0MAQ4	-	NA
A0ABM0NHT7	C	2.79
A0ABM0NHT8	C	3.13
A0ABM0NHT9	C	2.83
A0ABM0NHU0	C	2.84
A0ABM0NHU1	C	3.00
A0ABM0NHU2	C	2.95
A0ABM0PAN0	C	3.08
A0ABM0QN44	-	13.28
A0ABM0RPT3	-	13.02
A0ABM1B806	-	NA
A0ABM1CCM5	-	13.29
A0ABM1D7X1	-	12.80
A0ABM1EQT0	-	14.25
A0ABM1G0K4	C	3.05
A0ABM1HDK0	C	2.90
A0ABM1HEZ2	C	2.84
A0ABM1HFP9	C	2.85
A0ABM1HFQ0	C	2.85
A0ABM1HGT5	C	3.12
A0ABM1JLG6	-	8.67
A0ABM1KK45	-	13.36
A0ABM1KUS3	-	13.31
A0ABM1LL72	C	2.94
A0ABM1U862	-	12.87
A0ABM1VGE0	C	2.89
A0ABM1VGE1	C	2.88
A0ABM1VVY2	-	NA
A0ABM2BF32	-	13.23
A0ABM2BFA3	C	2.95
A0ABM2BFF6	C	2.81
A0ABM2BG05	C	3.18
A0ABM2BIE9	C	2.87
A0ABM2EI30	-	13.12
A0ABM2F8X9	-	12.76
A0ABM2F9W3	-	13.37
A0ABM2Z6Z4	C*	3.54
A0ABM3BZA6	C	2.87
A0ABM3E399	-	13.31
A0ABM3EB94	-	12.68
A0ABM3EC59	-	12.61
A0ABM3IXC8	C	2.90
A0ABM3KDJ7	C	2.95
A0ABM3SUX7	-	13.01
A0ABM3XFY6	-	13.25
A0ABM3Z1D6	-	12.93
A0ABM4B626	-	21.96
A0ABM4B637	-	21.92
A0ABM4CLJ5	-	22.23
A0ABM4CWC9	C*	6.31
A0ABM4D189	-	22.27
A0ABM4G3K3	-	12.78
A0ABM4HCF0	-	13.26
A0ABM4J954	-	12.82
A0ABM4UF39	-	NA
A0ABM4UF46	C	3.03
A0ABM4WM52	C	2.84
A0ABM4WNW1	C	2.79
A0ABM5D3Q1	-	12.82
A0ABM5EHD2	-	13.18
A0ABM5R5X8	-	NA
A0ABM5TVB0	-	NA
A0ABM5ZIT5	-	14.95
A0ABM5ZJ24	-	16.10
A0ABM6AYE3	-	NA
A0ABM6CI63	C*	3.78
A0ABM6E5Q9	C	3.17
A0ABM6I7Q0	C	3.34
A0ABM6NZV0	C*	4.41
A0ABM6Q546	C	3.27
A0ABM7ED67	C	3.21
A0ABM7Q8T6	-	NA
A0ABM7Q8X4	C*	3.58
A0ABM7QH02	C*	3.58
A0ABM7QH35	-	NA
A0ABM8C1Z0	C	3.33
A0ABM8W6N4	C	3.16
A0ABM9AE91	C	3.24
A0ABM9YGV9	C	2.98
A0ABN0FC61	-	15.95
A0ABN0G2K9	C	3.41
A0ABN0JMP8	C	2.92
A0ABN0N188	C	2.80
A0ABN0N3P4	-	NA
A0ABN0VCD4	-	NA
A0ABN0VCF3	-	NA
A0ABN0WD25	-	NA
A0ABN1AUX7	-	16.00
A0ABN1F7T5	-	NA
A0ABN1IGD7	C	3.41
A0ABN1REM5	-	NA
A0ABN1TIT7	-	16.05
A0ABN1WYT3	-	16.12
A0ABN1XPP8	-	15.43
A0ABN2QDC0	C*	4.30
A0ABN2SNM7	-	24.45
A0ABN2X0B9	-	25.06
A0ABN3BWG6	-	NA
A0ABN3DLR6	-	NA
A0ABN3E7G2	-	NA
A0ABN3E814	C	3.46
A0ABN3EHT8	-	16.03
A0ABN3I3E9	C	2.97
A0ABN3I7K1	-	NA
A0ABN3J290	-	NA
A0ABN3J2N6	-	NA
A0ABN3LBQ4	-	NA
A0ABN3LGB4	-	NA
A0ABN3MGT7	-	13.72
A0ABN3MHC5	-	NA
A0ABN3N463	-	NA
A0ABN3N756	-	NA
A0ABN3NU53	-	NA
A0ABN3RV64	-	NA
A0ABN3SPT1	-	NA
A0ABN3U7S0	-	NA
A0ABN4GH39	-	NA
A0ABN6PW21	-	19.45
A0ABN6RA37	-	15.95
A0ABN7EG83	C	3.31
A0ABN7LGC6	C*	3.75
A0ABN7MCB1	C	3.35
A0ABN7UJP1	C	3.12
A0ABN7UN39	C	3.21
A0ABN7UUS2	C	3.36
A0ABN7UWA3	C	3.03
A0ABN7V4Q6	C	3.21
A0ABN7V5N9	C	3.35
A0ABN7VSD9	C	3.38
A0ABN7W897	C	3.13
A0ABN8C0W3	-	NA
A0ABN8CDR2	-	11.92
A0ABN8CQB0	-	10.30
A0ABN8CQI3	-	12.15
A0ABN8CSK5	-	11.65
A0ABN8CT59	-	12.20
A0ABN8D187	-	11.97
A0ABN8LKJ6	-	10.45
A0ABN8LLM9	-	9.50
A0ABN8LNC3	-	16.10
A0ABN8LP07	-	16.12
A0ABN8LPV2	-	22.21
A0ABN8LRQ1	-	12.73
A0ABN8LRW2	-	17.88
A0ABN8LS46	-	NA
A0ABN8LUS6	-	NA
A0ABN8LVE4	-	NA
A0ABN8LVZ1	-	12.35
A0ABN8LXN0	-	NA
A0ABN8M8J6	-	11.20
A0ABN8MAL2	-	12.57
A0ABN8MES4	-	12.83
A0ABN8MSS7	-	NA
A0ABN8MSU7	-	13.80
A0ABN8MSW1	-	10.30
A0ABN8MTH8	-	13.62
A0ABN8MVN3	-	NA
A0ABN8MVN6	-	NA
A0ABN8MVQ8	-	NA
A0ABN8MXH6	-	NA
A0ABN8MXX5	-	NA
A0ABN8MY60	-	NA
A0ABN8MZV7	-	NA
A0ABN8N3E0	-	10.51
A0ABN8N4G6	-	NA
A0ABN8NB94	-	11.27
A0ABN8NDQ7	-	12.91
A0ABN8NEM0	-	11.47
A0ABN8NRX3	C	3.29
A0ABN8NY44	-	17.78
A0ABN8NY53	-	22.18
A0ABN8P6G0	-	12.38
A0ABN8PCP7	-	NA
A0ABN8PTR8	-	NA
A0ABN8PUI2	-	NA
A0ABN8Q1D3	-	12.35
A0ABN8Q7Y1	-	NA
A0ABN8QAC3	-	12.79
A0ABN8QAT4	-	12.43
A0ABN8QBM0	C*	3.56
A0ABN8QC96	C	3.39
A0ABN8R2Z3	-	15.99
A0ABN8R7D4	-	16.10
A0ABN8RAH9	-	10.44
A0ABN8RHG1	-	10.49
A0ABN8RK39	-	13.54
A0ABN8RM19	-	13.62
A0ABN8RND1	-	11.08
A0ABN8SLK2	-	NA
A0ABN8SN36	-	11.27
A0ABN8SRU8	-	11.30
A0ABN8T2M6	-	12.44
A0ABN8V4V3	-	13.68
A0ABN8YBF2	-	12.82
A0ABN8YYJ3	-	13.20
A0ABN8ZZ61	-	13.25
A0ABN9BC64	-	12.60
A0ABN9DT98	-	13.40
A0ABN9EIA3	-	13.14
A0ABN9LCX2	-	12.58
A0ABN9M8V0	-	12.63
A0ABN9Z792	-	12.79
A0ABN9ZY76	-	13.20
A0ABP0AEH5	-	13.33
A0ABP0B1V4	-	22.89
A0ABP0B4Q9	-	19.54
A0ABP0B5B5	C	2.85
A0ABP0BGA7	C	3.38
A0ABP0BLZ2	C	3.10
A0ABP0BR20	-	19.55
A0ABP0BX44	C*	3.56
A0ABP0C0L0	C	3.45
A0ABP0C381	-	7.79
A0ABP0CA47	-	23.20
A0ABP0CGC6	-	NA
A0ABP0CJR6	-	19.42
A0ABP0CPT3	-	10.67
A0ABP0CQN5	-	23.26
A0ABP0CRD0	-	22.86
A0ABP0CYK4	-	22.92
A0ABP0CZW6	C	3.06
A0ABP0D4G3	-	23.19
A0ABP0DC11	C	3.04
A0ABP0DT38	C	3.06
A0ABP0E3D2	C	2.92
A0ABP0E3V5	C	2.89
A0ABP0EXG3	-	12.55
A0ABP0G7M0	C*	10.52
A0ABP0GBU0	-	13.02
A0ABP0IRN3	-	NA
A0ABP0KF76	-	NA
A0ABP0NLQ2	C	3.03
A0ABP0TM15	C	3.22
A0ABP0TM67	C	3.43
A0ABP0TNT6	C	3.26
A0ABP0UC15	C	3.21
A0ABP0UIY3	C*	4.61
A0ABP0VZF5	C*	3.59
A0ABP0W0B1	C	3.28
A0ABP0W2M0	C	3.17
A0ABP0W2U2	C	3.25
A0ABP0WCH2	C	3.12
A0ABP0WXT2	C	3.43
A0ABP0Z3S1	C	2.82
A0ABP1A236	C	3.04
A0ABP1AIF6	C	3.50
A0ABP1AIV3	C	3.10
A0ABP1AJX3	C*	3.54
A0ABP1AWT6	C	2.98
A0ABP1BGF3	C	2.75
A0ABP1DHZ5	-	14.79
A0ABP2BNE3	-	NA
A0ABP2EM81	-	22.98
A0ABP2ENL8	C	3.41
A0ABP2EPS6	C	3.43
A0ABP2EXC6	-	15.28
A0ABP2UGM9	C*	3.53
A0ABP3EMV2	-	NA
A0ABP3F3E3	-	NA
A0ABP3FXV5	-	16.08
A0ABP3R282	-	15.94
A0ABP3RTT2	-	NA
A0ABP4FJU9	-	15.94
A0ABP4IQF3	-	15.98
A0ABP5BXB2	C	3.36
A0ABP5DL08	C	3.14
A0ABP5F1Z3	-	15.74
A0ABP5LRU8	-	15.97
A0ABP5NC15	-	NA
A0ABP5RDW2	-	NA
A0ABP5WHK2	-	16.02
A0ABP5Y0E6	-	NA
A0ABP6CC76	-	15.95
A0ABP6J473	-	NA
A0ABP6LDI0	-	NA
A0ABP6MHW8	-	15.85
A0ABP6MU71	-	NA
A0ABP6N226	C*	3.64
A0ABP6N5M7	-	NA
A0ABP6N8U5	-	NA
A0ABP6NZ63	-	NA
A0ABP6PWQ7	-	16.77
A0ABP6SL32	-	NA
A0ABP6TTD9	-	NA
A0ABP6TTV3	-	NA
A0ABP6UEY5	-	NA
A0ABP6Y7W4	-	NA
A0ABP6YPI7	-	NA
A0ABP7AQD3	-	15.31
A0ABP7CDV4	-	15.86
A0ABP7CF56	-	11.26
A0ABP7E721	-	NA
A0ABP7GLY1	-	NA
A0ABP7IR36	-	13.85
A0ABP7K6H0	-	NA
A0ABP7LA17	-	NA
A0ABP7MTH8	-	NA
A0ABP7Q1V0	C	3.32
A0ABP7RLG0	-	NA
A0ABP7SYX0	-	NA
A0ABP7T4P6	-	15.68
A0ABP7U4J0	C	3.38
A0ABP7UG62	-	NA
A0ABP7VYG6	-	NA
A0ABP8BC82	C	3.49
A0ABP8F492	-	NA
A0ABP8FQN7	-	NA
A0ABP8K801	C	3.36
A0ABP8MTV3	-	13.94
A0ABP8T0G0	-	NA
A0ABP8Y9F1	C	3.42
A0ABP9A4H2	C	3.28
A0ABP9A5I6	-	NA
A0ABP9B2P4	-	NA
A0ABP9BY94	-	NA
A0ABP9C131	C	3.26
A0ABP9DA98	-	14.25
A0ABP9EHI7	-	15.89
A0ABP9II84	-	NA
A0ABP9ISJ0	-	NA
A0ABP9JIT4	-	NA
A0ABP9SX05	-	NA
A0ABQ0CQG4	C	3.06
A0ABQ0CQG5	-	NA
A0ABQ0CRJ4	-	16.90
A0ABQ0ENE7	-	15.15
A0ABQ0EZ56	-	13.20
A0ABQ0FIV4	-	13.12
A0ABQ0FYC3	C	3.04
A0ABQ0FZ30	-	21.92
A0ABQ0FZ51	C	2.68
A0ABQ0FZE5	C	2.86
A0ABQ0G1A9	-	23.17
A0ABQ0G2N7	-	22.60
A0ABQ0G3G5	-	22.79
A0ABQ0G3Z9	-	22.97
A0ABQ0G550	-	15.14
A0ABQ0GAG7	-	23.93
A0ABQ0GAI5	-	NA
A0ABQ0GCI4	C	2.92
A0ABQ0GE46	-	22.46
A0ABQ0GEZ1	-	15.45
A0ABQ0GG84	-	12.94
A0ABQ0GGU2	-	22.95
A0ABQ0GH37	-	22.71
A0ABQ0GIZ5	-	22.34
A0ABQ0GJE1	-	22.99
A0ABQ0GL05	-	NA
A0ABQ0GM07	C*	3.93
A0ABQ0GPQ0	-	15.38
A0ABQ0GT71	-	19.29
A0ABQ0LIA8	C	3.08
A0ABQ0LKN2	-	NA
A0ABQ0M0Y9	-	22.02
A0ABQ0M510	C*	14.60
A0ABQ0M8A7	-	NA
A0ABQ0ZSR3	-	23.05
A0ABQ1ABT6	-	21.81
A0ABQ1APD1	-	22.73
A0ABQ1AV24	-	23.16
A0ABQ1B924	-	22.72
A0ABQ1RLT2	C	3.01
A0ABQ2E578	-	NA
A0ABQ2JWT7	-	14.89
A0ABQ2LUN9	-	NA
A0ABQ2MLP6	-	NA
A0ABQ2P3U8	C	3.42
A0ABQ2PJA9	C	3.19
A0ABQ2TCK3	-	NA
A0ABQ2WY11	-	NA
A0ABQ2XU00	-	NA
A0ABQ2Y6J9	-	NA
A0ABQ2YFE6	-	15.90
A0ABQ2ZJI0	-	NA
A0ABQ2ZPD0	-	NA
A0ABQ3A0H8	-	NA
A0ABQ3A433	-	15.68
A0ABQ3A6Y4	-	NA
A0ABQ3BKU2	-	13.79
A0ABQ3CK16	-	NA
A0ABQ3DKL5	-	NA
A0ABQ3ESN0	-	NA
A0ABQ3EXB9	-	NA
A0ABQ3H056	C	3.34
A0ABQ3NIH1	C	3.36
A0ABQ3NSB1	-	NA
A0ABQ3NSC9	-	NA
A0ABQ3P2D6	-	NA
A0ABQ3QAB7	-	NA
A0ABQ3QGI0	-	NA
A0ABQ3QML6	-	NA
A0ABQ3R3N9	-	NA
A0ABQ3RF10	-	15.73
A0ABQ3RP65	-	NA
A0ABQ3RWV1	-	NA
A0ABQ3RZ02	-	NA
A0ABQ3SJD3	-	NA
A0ABQ3SJF1	-	NA
A0ABQ3SM07	C	3.38
A0ABQ3T370	C	3.44
A0ABQ3T4R5	-	NA
A0ABQ3T4S9	-	NA
A0ABQ3XK95	-	15.87
A0ABQ3YK86	-	15.74
A0ABQ3YUV3	C	3.22
A0ABQ4A673	-	15.87
A0ABQ4BN99	-	16.10
A0ABQ4GGN2	-	NA
A0ABQ4GJQ7	-	15.53
A0ABQ5IWI5	C	3.03
A0ABQ5NRU9	-	NA
A0ABQ5NVG5	-	NA
A0ABQ5PAJ6	-	15.68
A0ABQ5SP08	C	3.02
A0ABQ5XCR5	C	3.50
A0ABQ6B7I7	-	NA
A0ABQ6BGF0	-	14.41
A0ABQ6BM68	-	36.59
A0ABQ6CMI7	C	3.24
A0ABQ6CRI4	C*	3.54
A0ABQ6CRY4	C*	3.91
A0ABQ6FQ12	-	15.78
A0ABQ6I216	C	3.26
A0ABQ6KW26	C	3.37
A0ABQ6LE34	C	2.93
A0ABQ6LM92	C	3.00
A0ABQ6MZQ8	-	16.33
A0ABQ6N5Z4	-	12.18
A0ABQ6N7K7	-	NA
A0ABQ6W837	-	22.68
A0ABQ6WCU9	C*	3.58
A0ABQ6WH31	-	22.80
A0ABQ6WMM8	C*	3.84
A0ABQ6WNZ5	-	16.94
A0ABQ6WQY3	C	2.97
A0ABQ6WYP4	-	10.22
A0ABQ6X2C6	-	22.45
A0ABQ6X3Q5	-	15.39
A0ABQ6X5Q8	C	3.26
A0ABQ7HXA7	-	18.69
A0ABQ7I682	-	21.74
A0ABQ7I6H2	-	NA
A0ABQ7I878	C	2.82
A0ABQ7IAH3	-	22.87
A0ABQ7ILN7	-	23.18
A0ABQ7IM94	C	2.85
A0ABQ7IXC9	C	3.09
A0ABQ7J1C5	-	NA
A0ABQ7PI35	C*	3.97
A0ABQ7U2U6	C	2.79
A0ABQ7U378	C	2.98
A0ABQ7U3X2	C	2.88
A0ABQ7U4I8	C	2.87
A0ABQ7U7N3	C	2.89
A0ABQ7U9Z8	C	2.91
A0ABQ7VPZ5	C	2.92
A0ABQ8EV90	-	20.53
A0ABQ8EY21	-	16.77
A0ABQ8EZ86	-	20.80
A0ABQ8F4I1	-	20.55
A0ABQ8F8A7	-	15.96
A0ABQ8FHW2	-	21.51
A0ABQ8FHW6	-	20.77
A0ABQ8FHW9	-	20.93
A0ABQ8FI13	-	21.61
A0ABQ8FKQ0	-	9.98
A0ABQ8FL51	-	20.83
A0ABQ8FNS3	-	18.87
A0ABQ8FNS5	-	18.31
A0ABQ8FPZ6	-	19.05
A0ABQ8FQ07	-	NA
A0ABQ8FQW3	-	22.58
A0ABQ8FRP3	-	18.69
A0ABQ8FSE0	-	23.08
A0ABQ8FT78	-	16.57
A0ABQ8G5N0	-	20.57
A0ABQ8G6N4	-	22.86
A0ABQ8G8Z6	-	23.26
A0ABQ8GHP1	-	22.00
A0ABQ8GMY3	C	2.80
A0ABQ8GV98	C	2.93
A0ABQ8GVN4	-	22.07
A0ABQ8GWD2	-	15.41
A0ABQ8KCN2	C*	3.80
A0ABQ8M2N5	-	13.18
A0ABQ8MF75	-	13.28
A0ABQ8MHA6	-	12.85
A0ABQ8N2B6	-	13.14
A0ABQ8N2M2	-	23.00
A0ABQ8N365	C	3.02
A0ABQ8N5F3	-	23.85
A0ABQ8NEH5	-	21.08
A0ABQ8NFA3	-	21.82
A0ABQ8NFH2	-	15.46
A0ABQ8NGH5	-	21.17
A0ABQ8NH22	-	14.17
A0ABQ8NMG9	C	3.15
A0ABQ8NSX2	-	22.21
A0ABQ8NT11	-	22.65
A0ABQ8NUZ4	-	15.29
A0ABQ8NXU0	-	23.20
A0ABQ8NYE4	-	16.69
A0ABQ8PFT8	-	22.57
A0ABQ8PFU5	-	22.72
A0ABQ8PFV0	-	7.09
A0ABQ8PFV2	-	9.98
A0ABQ8PG00	-	22.56
A0ABQ8PG23	-	9.80
A0ABQ8PGU0	-	12.95
A0ABQ8PHP6	-	22.41
A0ABQ8Q376	-	15.16
A0ABQ8Q455	-	15.40
A0ABQ8QIG9	C	3.01
A0ABQ8QLF5	-	15.16
A0ABQ8QVP3	C	3.40
A0ABQ8QXP3	C	3.24
A0ABQ8R030	-	22.94
A0ABQ8R046	C	2.78
A0ABQ8R1M6	-	NA
A0ABQ8R221	-	22.35
A0ABQ8R604	-	21.05
A0ABQ8R7I6	-	23.00
A0ABQ8R7Z7	C	2.80
A0ABQ8R851	-	22.57
A0ABQ8R891	-	14.89
A0ABQ8R9X0	-	22.77
A0ABQ8RCX8	C	3.16
A0ABQ8V9V9	C*	3.54
A0ABQ8VDS7	-	15.22
A0ABQ8VIY5	C	3.09
A0ABQ8VVM6	-	14.74
A0ABQ8W8T8	C	3.29
A0ABQ8WGD7	C*	3.62
A0ABQ8WP60	-	22.31
A0ABQ8WV66	-	22.67
A0ABQ9D1C5	-	12.74
A0ABQ9DKS8	-	13.26
A0ABQ9EAR7	-	14.43
A0ABQ9EBE2	-	13.39
A0ABQ9EDE6	-	NA
A0ABQ9EE55	-	12.19
A0ABQ9EEY9	-	27.77
A0ABQ9EH66	-	12.06
A0ABQ9EIC8	-	30.61
A0ABQ9EJ71	-	17.61
A0ABQ9KH86	C	2.85
A0ABQ9LLP2	C	2.88
A0ABQ9LNS4	C	2.77
A0ABQ9NYD0	C	3.26
A0ABQ9P4J6	-	21.42
A0ABQ9P8C6	C	3.18
A0ABQ9PA68	-	10.39
A0ABQ9PBW5	-	15.05
A0ABQ9PD81	C	3.31
A0ABQ9PEH4	-	NA
A0ABQ9PG74	-	15.27
A0ABQ9PHX0	C	3.33
A0ABQ9PJM1	-	23.07
A0ABQ9PL51	-	22.77
A0ABQ9PMC0	-	NA
A0ABQ9PN52	-	22.63
A0ABQ9PND2	-	NA
A0ABQ9PUB0	-	22.89
A0ABQ9PVI7	-	22.71
A0ABQ9Q029	C	3.22
A0ABQ9Q0R2	C*	3.51
A0ABQ9Q197	-	NA
A0ABQ9Q1L9	-	22.85
A0ABQ9Q320	-	22.38
A0ABQ9Q389	-	16.47
A0ABQ9Q6A4	-	15.89
A0ABQ9Q822	-	23.82
A0ABQ9QDV0	C*	3.59
A0ABQ9QE80	-	15.77
A0ABQ9QEG9	-	22.42
A0ABQ9QHC9	C	3.28
A0ABQ9QHE7	-	NA
A0ABQ9QHF9	-	11.04
A0ABQ9QHH0	-	23.09
A0ABQ9QIU4	-	22.93
A0ABQ9QKZ2	-	15.27
A0ABQ9QL15	-	15.97
A0ABQ9QN58	-	10.41
A0ABQ9QNJ5	-	14.94
A0ABQ9QQ66	-	23.91
A0ABQ9QQD5	-	22.55
A0ABQ9QR05	C	3.27
A0ABQ9QUG0	-	22.19
A0ABQ9QZ22	-	16.80
A0ABQ9R3N5	-	22.92
A0ABQ9R4P0	-	22.76
A0ABQ9R8S9	C	3.36
A0ABQ9RCD5	-	15.63
A0ABQ9RD48	-	23.02
A0ABQ9RFY5	C	3.47
A0ABQ9RHE8	C	3.21
A0ABQ9RUP9	-	22.66
A0ABQ9RVF0	-	22.83
A0ABQ9RVH4	C	2.91
A0ABQ9RWB6	-	22.88
A0ABQ9RX11	-	10.91
A0ABQ9RX60	-	23.09
A0ABQ9RXR3	C	3.37
A0ABQ9S0E3	-	15.90
A0ABQ9S1X6	C	3.18
A0ABQ9S3B0	-	23.07
A0ABQ9S560	C*	3.57
A0ABQ9S7H6	-	NA
A0ABQ9SAN9	C	3.37
A0ABQ9SCC4	-	22.56
A0ABQ9SEQ7	-	22.84
A0ABQ9SJ08	-	16.70
A0ABQ9SLY6	-	10.39
A0ABQ9SNF2	-	23.97
A0ABQ9SWM3	-	22.77
A0ABQ9T1D3	-	22.71
A0ABQ9T1E5	C*	3.72
A0ABQ9T1W6	-	22.90
A0ABQ9T229	-	NA
A0ABQ9T4A7	-	15.27
A0ABQ9T584	-	15.90
A0ABQ9T7K6	-	22.57
A0ABR0BYX5	C	3.47
A0ABR0C4B4	-	23.82
A0ABR0D5Q5	C	2.87
A0ABR0D5S0	C	2.82
A0ABR0D5S4	C	2.87
A0ABR0D5T0	C	2.83
A0ABR0D5U2	C	2.81
A0ABR0D5V8	C	2.62
A0ABR0D6F7	C	2.78
A0ABR0D6R5	C	3.03
A0ABR0D716	C	2.75
A0ABR0D729	C	2.88
A0ABR0D7K4	C	2.89
A0ABR0DD62	C	2.91
A0ABR0DD87	C	2.81
A0ABR0DDY3	C	2.93
A0ABR0DDZ8	C	2.82
A0ABR0DEK1	C	2.82
A0ABR0DXK8	-	15.78
A0ABR0E168	-	22.80
A0ABR0E4C7	C*	3.51
A0ABR0E5Z9	-	8.07
A0ABR0E9M4	C*	3.57
A0ABR0EDL9	-	19.90
A0ABR0EHV5	-	NA
A0ABR0EQJ6	-	15.33
A0ABR0EWS2	C*	3.55
A0ABR0EYJ3	-	14.93
A0ABR0F7T6	-	20.60
A0ABR0FAF3	-	10.56
A0ABR0FAT7	-	22.59
A0ABR0FB32	-	15.55
A0ABR0FB45	C	2.85
A0ABR0FDX5	-	21.89
A0ABR0FEZ1	-	23.16
A0ABR0FGZ1	-	22.00
A0ABR0FIG6	-	22.17
A0ABR0FJ10	-	23.80
A0ABR0FLZ0	-	15.88
A0ABR0FVD1	-	22.05
A0ABR0FW60	C	3.11
A0ABR0FWA2	C	3.04
A0ABR0G016	-	23.14
A0ABR0G0T6	C*	3.57
A0ABR0G5J0	-	10.49
A0ABR0G620	-	20.43
A0ABR0G7F0	-	22.66
A0ABR0G9E7	-	15.53
A0ABR0G9R0	C	2.82
A0ABR0GC99	-	21.98
A0ABR0GCH2	-	23.16
A0ABR0GDG6	-	22.16
A0ABR0GDY2	-	21.95
A0ABR0GHK0	-	23.87
A0ABR0GKU9	-	15.66
A0ABR0GTC6	C	3.19
A0ABR0GTZ5	C	3.19
A0ABR0GWD6	-	23.16
A0ABR0GX39	C	2.95
A0ABR0GY74	-	22.09
A0ABR0H352	-	10.54
A0ABR0H375	-	20.35
A0ABR0H4B3	-	22.59
A0ABR0H6G4	-	15.38
A0ABR0H6I9	C	2.82
A0ABR0H9K2	-	NA
A0ABR0H9Q9	-	21.99
A0ABR0HAN7	-	21.90
A0ABR0HAX0	-	22.09
A0ABR0HD85	-	NA
A0ABR0HEV1	-	23.94
A0ABR0HHC0	-	15.85
A0ABR0HM73	-	10.44
A0ABR0HSS8	-	20.39
A0ABR0HSZ9	-	22.59
A0ABR0HV39	-	15.53
A0ABR0HVR8	C	3.25
A0ABR0HY00	C	3.10
A0ABR0HZ80	C	3.35
A0ABR0I186	-	23.16
A0ABR0I242	C	2.99
A0ABR0I2F3	-	22.12
A0ABR0I6B4	-	NA
A0ABR0I6D0	-	21.93
A0ABR0I7N0	-	22.10
A0ABR0I894	-	22.09
A0ABR0IA35	-	NA
A0ABR0IB74	-	23.93
A0ABR0IFR6	-	15.70
A0ABR0ILG5	C	3.15
A0ABR0INP8	C	3.45
A0ABR0IPR2	-	23.16
A0ABR0IQM8	C	2.97
A0ABR0ISC5	-	22.04
A0ABR0IZ02	C	3.28
A0ABR0IZ48	-	22.19
A0ABR0J2L1	C	3.21
A0ABR0JFY0	-	20.30
A0ABR0JHG3	-	15.82
A0ABR0JJU7	-	NA
A0ABR0JMJ3	-	15.89
A0ABR0JYZ3	C	3.31
A0ABR0KBS0	-	22.42
A0ABR0KH52	-	23.13
A0ABR0L4W0	C*	3.56
A0ABR0ML46	-	NA
A0ABR0NPN6	C	2.77
A0ABR0PMZ1	C	2.96
A0ABR0PN04	C	3.27
A0ABR0PQT4	C	2.91
A0ABR0PRA6	C	2.84
A0ABR0QG22	C	3.37
A0ABR0R9J5	-	20.46
A0ABR0RAB7	-	23.14
A0ABR0REJ7	-	21.15
A0ABR0RJ42	C	3.13
A0ABR0RMX2	-	22.87
A0ABR0RVD6	-	21.91
A0ABR0S857	C	3.16
A0ABR0S881	-	NA
A0ABR0SBR0	-	21.95
A0ABR0SI72	C*	6.82
A0ABR0SXA1	-	22.79
A0ABR0T8R8	-	22.84
A0ABR0TEF5	-	22.70
A0ABR0TFM8	-	NA
A0ABR0TRB7	C	2.83
A0ABR0VAR3	C	3.04
A0ABR0VCD9	C	2.80
A0ABR0VDD6	C	2.79
A0ABR0VEP2	C	2.88
A0ABR0VK49	C	3.18
A0ABR0X6S9	C	2.89
A0ABR0XA22	C	2.80
A0ABR0XE67	C	2.92
A0ABR0XE71	C	2.81
A0ABR0XEB1	C	2.95
A0ABR0XED2	C	2.71
A0ABR0XER5	C	2.89
A0ABR0Z045	-	13.27
A0ABR0ZMD3	-	12.89
A0ABR0ZPD1	-	12.83
A0ABR0ZQQ5	-	13.31
A0ABR1A854	-	12.68
A0ABR1AA95	-	12.67
A0ABR1BQ81	-	13.33
A0ABR1BRR8	-	17.17
A0ABR1BXI2	-	11.67
A0ABR1BXI5	-	11.59
A0ABR1CJV8	-	11.48
A0ABR1CMH9	-	12.93
A0ABR1CMK3	-	11.45
A0ABR1CPE0	-	12.77
A0ABR1CRR1	-	12.14
A0ABR1CVP5	-	14.05
A0ABR1D0E7	-	14.01
A0ABR1D3E7	-	12.90
A0ABR1DBQ3	-	11.05
A0ABR1DC84	-	11.07
A0ABR1DIR7	-	17.29
A0ABR1DJS1	-	12.23
A0ABR1FH00	-	11.37
A0ABR1FHI7	-	NA
A0ABR1FIC3	-	11.49
A0ABR1FIM5	C*	9.07
A0ABR1FJ54	C*	11.84
A0ABR1FK65	C*	9.09
A0ABR1FLU2	C*	8.82
A0ABR1FM11	C*	9.00
A0ABR1FNF4	C*	9.14
A0ABR1FQU3	C*	9.65
A0ABR1FRY0	-	11.19
A0ABR1FUA4	-	11.59
A0ABR1FV42	-	11.49
A0ABR1FVC1	C*	9.32
A0ABR1FVE4	C*	9.25
A0ABR1FVJ0	C*	10.12
A0ABR1FXH8	-	16.68
A0ABR1FXM0	-	11.82
A0ABR1FXP3	C*	9.13
A0ABR1G0V9	C*	9.43
A0ABR1G1B8	C*	9.38
A0ABR1G1D4	C*	9.23
A0ABR1G299	C*	9.13
A0ABR1G4W8	C*	11.03
A0ABR1G703	C*	8.48
A0ABR1G7F2	C*	9.30
A0ABR1G7G6	C*	9.73
A0ABR1G7X3	C*	9.22
A0ABR1G8A5	C*	8.51
A0ABR1G981	-	11.03
A0ABR1G9F7	C*	9.12
A0ABR1G9R0	-	11.17
A0ABR1G9T2	-	10.96
A0ABR1GAP7	C*	9.14
A0ABR1GAR2	-	11.18
A0ABR1GC57	C*	9.12
A0ABR1GDE4	C*	9.12
A0ABR1GDH9	C*	9.22
A0ABR1GFH3	C*	9.00
A0ABR1GPG0	-	22.87
A0ABR1GVG1	-	22.54
A0ABR1GYQ3	-	22.96
A0ABR1H2J5	C	3.14
A0ABR1H6D0	C*	3.72
A0ABR1H855	-	22.35
A0ABR1H992	C*	4.67
A0ABR1HAJ7	-	21.65
A0ABR1HBN3	-	15.39
A0ABR1HH68	-	NA
A0ABR1HK27	C	2.97
A0ABR1HKD6	C	3.13
A0ABR1HNJ9	C*	4.61
A0ABR1HQ16	-	22.31
A0ABR1HRR2	C	3.04
A0ABR1HTM9	C*	3.83
A0ABR1I9D3	-	22.22
A0ABR1IG95	C	3.03
A0ABR1IHT3	-	22.90
A0ABR1IJA1	-	14.68
A0ABR1IMN2	-	14.77
A0ABR1IWX6	C	2.74
A0ABR1JRU1	C	3.18
A0ABR1K7H3	-	13.99
A0ABR1K9S3	-	21.61
A0ABR1KCA3	-	15.04
A0ABR1KHD2	-	16.59
A0ABR1KHL9	C	3.16
A0ABR1LEU3	C	3.27
A0ABR1LIX5	-	22.23
A0ABR1M5H0	-	21.70
A0ABR1MBY6	-	21.68
A0ABR1MHG8	-	16.27
A0ABR1MLN1	C	3.31
A0ABR1N9N5	-	16.46
A0ABR1NKK5	-	16.09
A0ABR1NKN1	C	3.26
A0ABR1NLF9	-	21.70
A0ABR1NMK9	-	22.12
A0ABR1NNP4	-	23.00
A0ABR1NP06	C	3.46
A0ABR1NRQ1	-	15.69
A0ABR1NU80	C	3.32
A0ABR1NUP7	-	13.69
A0ABR1NWC7	-	10.25
A0ABR1NWK6	-	15.24
A0ABR1NYJ9	-	22.55
A0ABR1NZG8	-	21.70
A0ABR1NZS4	-	21.70
A0ABR1P3H1	-	15.89
A0ABR1P3W3	-	23.10
A0ABR1P5A9	-	15.15
A0ABR1P6L6	-	16.04
A0ABR1P9Y7	-	21.85
A0ABR1PAZ9	-	23.43
A0ABR1PDG4	-	16.13
A0ABR1PGI7	-	22.36
A0ABR1PLE9	-	14.23
A0ABR1PNW0	C	3.15
A0ABR1PT23	-	22.95
A0ABR1PTC1	-	22.98
A0ABR1PTR5	-	10.06
A0ABR1PTV5	-	14.87
A0ABR1PV21	C*	3.64
A0ABR1PWR3	-	22.61
A0ABR1PXA7	-	6.95
A0ABR1PYK4	-	14.87
A0ABR1Q1Z9	-	22.59
A0ABR1Q2D2	-	14.93
A0ABR1Q2F1	-	22.22
A0ABR1Q2J4	-	21.43
A0ABR1Q2M3	-	20.55
A0ABR1Q8N4	-	19.22
A0ABR1Q9W9	-	23.68
A0ABR1QAU9	-	12.49
A0ABR1QB18	-	22.67
A0ABR1QB65	-	21.40
A0ABR1QDA7	C	3.28
A0ABR1QFG2	-	19.23
A0ABR1QFP3	-	NA
A0ABR1QKG1	-	21.40
A0ABR1QMZ4	-	23.67
A0ABR1QQA3	-	22.97
A0ABR1QQM9	-	14.21
A0ABR1QRA1	-	15.43
A0ABR1QW44	C	3.12
A0ABR1QY01	-	15.41
A0ABR1R0I7	-	14.23
A0ABR1R3W4	-	15.86
A0ABR1R558	-	14.70
A0ABR1R5M3	-	22.23
A0ABR1RC84	-	22.57
A0ABR1RCU6	-	22.51
A0ABR1RCY7	-	23.03
A0ABR1RE88	-	15.44
A0ABR1RG58	C	2.93
A0ABR1RIT4	-	9.41
A0ABR1RJC5	-	22.92
A0ABR1RLR2	-	22.86
A0ABR1RNS4	-	NA
A0ABR1RNY8	-	22.63
A0ABR1RPW6	-	14.34
A0ABR1RWY1	-	9.68
A0ABR1RXE0	-	23.22
A0ABR1RY28	-	22.96
A0ABR1RYJ1	-	23.16
A0ABR1RYR2	-	15.05
A0ABR1RZG1	-	22.61
A0ABR1RZU0	-	21.92
A0ABR1S170	-	20.47
A0ABR1S1X6	-	22.24
A0ABR1S4H1	-	22.08
A0ABR1S5W5	-	20.83
A0ABR1S703	C	3.45
A0ABR1S819	-	22.85
A0ABR1S822	-	12.34
A0ABR1SCU0	-	22.07
A0ABR1SD88	-	23.32
A0ABR1SE94	-	20.98
A0ABR1SF22	-	14.66
A0ABR1SFY0	C	3.16
A0ABR1SKI5	C	2.78
A0ABR1SQ19	-	22.56
A0ABR1SQ27	-	6.79
A0ABR1SQG7	-	22.47
A0ABR1SRZ2	-	19.51
A0ABR1SSN0	-	20.73
A0ABR1ST32	-	14.88
A0ABR1SVI4	-	21.31
A0ABR1SVX2	-	21.53
A0ABR1T0I8	-	23.95
A0ABR1T0J9	-	9.52
A0ABR1T0V1	-	19.14
A0ABR1T246	-	21.95
A0ABR1T514	-	NA
A0ABR1T5P3	-	21.08
A0ABR1TBI8	-	22.28
A0ABR1TBY6	-	22.21
A0ABR1TDC9	-	22.56
A0ABR1TF87	-	14.89
A0ABR1TF91	C	3.40
A0ABR1TG54	-	22.32
A0ABR1THA7	-	22.04
A0ABR1TI72	-	NA
A0ABR1TL01	C	2.80
A0ABR1TQW5	C	3.22
A0ABR1TTI1	C	3.50
A0ABR1TWA8	-	21.17
A0ABR1U4R8	-	15.17
A0ABR1U4T2	-	22.76
A0ABR1U5Q6	-	22.26
A0ABR1U7T4	-	22.20
A0ABR1U7U0	-	22.33
A0ABR1U8P5	-	12.56
A0ABR1U8Y1	-	20.56
A0ABR1U9F9	-	NA
A0ABR1UAY0	C*	3.60
A0ABR1UBK5	-	22.82
A0ABR1UD57	C	3.30
A0ABR1UDU1	-	23.66
A0ABR1UEM7	-	10.03
A0ABR1UHA3	-	22.90
A0ABR1UIX3	-	15.74
A0ABR1UJZ2	-	21.20
A0ABR1ULA3	C	2.99
A0ABR1UQX7	-	15.43
A0ABR1US72	C*	3.59
A0ABR1UUG8	-	23.52
A0ABR1UV27	-	22.63
A0ABR1UWW1	-	15.33
A0ABR1UXE1	-	15.20
A0ABR1UYT2	C	3.22
A0ABR1UZW9	-	14.27
A0ABR1V2R4	-	15.27
A0ABR1V4N8	C	2.93
A0ABR1VAT1	-	22.53
A0ABR1VAV2	-	20.69
A0ABR1VBC9	-	14.96
A0ABR1VBU5	-	22.70
A0ABR1VEV4	-	15.36
A0ABR1VG48	-	22.34
A0ABR1VH80	-	20.20
A0ABR1VHA2	-	22.11
A0ABR1VKF8	-	22.56
A0ABR1VLJ6	-	21.93
A0ABR1VLW8	-	15.56
A0ABR1VMZ9	-	23.03
A0ABR1VP01	-	14.46
A0ABR1VSU4	-	14.86
A0ABR1VUR7	-	15.32
A0ABR1VUX3	-	20.56
A0ABR1VWS6	-	22.47
A0ABR1VWX9	-	14.20
A0ABR1VXD9	-	21.24
A0ABR1VXT3	-	22.94
A0ABR1VYM7	-	9.75
A0ABR1VYM8	-	22.93
A0ABR1W1A7	-	20.41
A0ABR1W4X4	-	10.34
A0ABR1W595	-	19.43
A0ABR1W603	-	14.52
A0ABR1W879	-	21.24
A0ABR1WCT8	-	20.64
A0ABR1WDT0	-	22.18
A0ABR1WGA9	C*	3.58
A0ABR1WHH7	-	22.51
A0ABR1WHV3	C	2.97
A0ABR1WKA3	-	22.57
A0ABR1WKU8	-	6.84
A0ABR1WNB7	-	15.05
A0ABR1WQN0	-	22.50
A0ABR1WRC7	C	2.90
A0ABR1WSD7	-	23.80
A0ABR1WT11	-	19.04
A0ABR1WWJ4	-	6.88
A0ABR1WX28	-	23.33
A0ABR1WX78	-	22.14
A0ABR1WYD5	-	20.70
A0ABR1WYJ1	-	18.36
A0ABR1WZQ3	C*	3.59
A0ABR1X2K9	C	3.16
A0ABR1X4W4	-	NA
A0ABR1X726	-	NA
A0ABR1X7M6	-	22.91
A0ABR1X8L1	-	22.97
A0ABR1X8Z2	-	8.67
A0ABR1X9X2	-	23.83
A0ABR1XHF5	C	3.23
A0ABR1XTW5	-	16.52
A0ABR1XZF6	-	21.57
A0ABR1YE84	C	3.22
A0ABR1YK44	-	21.78
A0ABR1YMI8	-	NA
A0ABR1YUY4	-	14.90
A0ABR1YVN4	-	NA
A0ABR1ZJS0	C	3.08
A0ABR1ZTK2	C	3.09
A0ABR2A8A9	C	2.81
A0ABR2ALX2	C	2.75
A0ABR2BPU0	C	3.26
A0ABR2BQ36	C	3.06
A0ABR2C3L8	C	2.90
A0ABR2C3M0	C	2.78
A0ABR2C3M9	C	3.27
A0ABR2C3Q6	C	2.86
A0ABR2C3R3	C	2.97
A0ABR2CC07	C	3.08
A0ABR2ELU3	C	3.26
A0ABR2F7P9	C	2.66
A0ABR2FBK3	C	3.17
A0ABR2FCK0	C	3.09
A0ABR2HJK0	-	23.02
A0ABR2HK00	-	23.15
A0ABR2HKH6	C	2.91
A0ABR2HL23	-	22.85
A0ABR2HLE4	-	9.39
A0ABR2HP54	-	14.14
A0ABR2HQF7	-	22.96
A0ABR2HS31	-	15.20
A0ABR2HSQ2	-	22.47
A0ABR2HUI5	-	22.40
A0ABR2I0V4	-	15.28
A0ABR2I1D8	C	2.92
A0ABR2I3N9	-	22.74
A0ABR2IA28	-	15.36
A0ABR2IAG2	-	23.66
A0ABR2IBC7	-	21.98
A0ABR2IHI0	-	23.90
A0ABR2IHW3	-	19.19
A0ABR2IUX2	-	21.22
A0ABR2J4V6	-	20.75
A0ABR2J5A4	C	2.84
A0ABR2J691	C*	3.55
A0ABR2J6C3	-	22.82
A0ABR2J6Q7	C	3.06
A0ABR2J7T6	-	12.32
A0ABR2JAM8	-	20.67
A0ABR2JBH0	-	22.62
A0ABR2JC89	-	6.81
A0ABR2JH69	-	14.91
A0ABR2JHH4	-	22.55
A0ABR2JHI9	-	22.16
A0ABR2JI60	-	21.83
A0ABR2JIV1	-	20.91
A0ABR2JJU8	-	20.69
A0ABR2JP38	-	22.43
A0ABR2MME6	-	NA
A0ABR2MP47	C	2.80
A0ABR2MPP7	C	2.81
A0ABR2N542	C	2.78
A0ABR2NDC0	C	2.92
A0ABR2NDC2	C	3.18
A0ABR2NDC4	C	2.76
A0ABR2NDD0	C	3.27
A0ABR2NDI8	C	3.47
A0ABR2NKN6	C	2.89
A0ABR2NN72	C	3.42
A0ABR2R3S8	C	3.30
A0ABR2RMZ9	C	2.99
A0ABR2RNA1	C	2.95
A0ABR2RNL3	C	3.28
A0ABR2RNV6	C	3.30
A0ABR2RQU3	C	2.87
A0ABR2S5K8	C	3.19
A0ABR2S5R8	C	2.71
A0ABR2SNW7	C	2.81
A0ABR2UEU0	C*	3.69
A0ABR2UF09	-	22.80
A0ABR2UGG9	-	22.77
A0ABR2UH35	-	6.52
A0ABR2URB2	-	15.49
A0ABR2UUK0	-	21.78
A0ABR2UW80	-	21.49
A0ABR2UZT3	-	15.52
A0ABR2V253	-	14.92
A0ABR2V2D3	C	3.25
A0ABR2V369	-	14.80
A0ABR2V4E2	-	22.95
A0ABR2V763	-	20.39
A0ABR2V7V3	-	15.87
A0ABR2V8B1	-	14.96
A0ABR2V8R5	-	15.75
A0ABR2V953	-	15.39
A0ABR2V9G0	-	22.22
A0ABR2VB08	-	NA
A0ABR2VBH3	C	2.84
A0ABR2VBW1	-	22.19
A0ABR2VD17	-	15.99
A0ABR2VD88	-	15.73
A0ABR2VGK2	-	22.53
A0ABR2VIX6	-	14.90
A0ABR2VMN0	-	21.69
A0ABR2VT10	-	21.75
A0ABR2VUU4	-	NA
A0ABR2VWZ1	-	9.65
A0ABR2W2V6	-	10.12
A0ABR2W3C9	-	NA
A0ABR2W3S2	-	NA
A0ABR2W6D4	-	18.80
A0ABR2W7W1	-	22.07
A0ABR2W7X2	-	22.71
A0ABR2W863	-	18.48
A0ABR2W8A2	-	21.86
A0ABR2W902	-	NA
A0ABR2W9H3	C	3.41
A0ABR2W9T9	-	21.73
A0ABR2WA08	-	21.59
A0ABR2WGK5	-	21.80
A0ABR2WIJ5	-	22.05
A0ABR2WIL7	-	16.14
A0ABR2WRF7	-	22.76
A0ABR2WS42	-	22.02
A0ABR2WSR4	-	22.00
A0ABR2WVS4	-	22.05
A0ABR2WYC0	-	21.99
A0ABR2WZL0	-	22.21
A0ABR2X0M2	-	10.15
A0ABR2X251	-	21.73
A0ABR2X2D8	-	21.72
A0ABR2X973	-	20.40
A0ABR2XFG3	-	6.46
A0ABR2XGI8	-	22.84
A0ABR2XI69	C	3.13
A0ABR2XI74	-	14.83
A0ABR2XJQ0	-	15.49
A0ABR2XJX2	-	22.94
A0ABR2XKT0	-	15.10
A0ABR2XKT9	-	22.11
A0ABR2XMR7	-	21.58
A0ABR2XP08	-	22.42
A0ABR2XPU5	-	15.42
A0ABR2XQ66	-	15.52
A0ABR2XQD6	-	21.78
A0ABR2XQM0	C*	3.56
A0ABR2XQM6	-	15.63
A0ABR2XW70	-	16.02
A0ABR2XXL3	-	22.58
A0ABR2Y1V5	C	3.12
A0ABR2Y3S4	-	22.78
A0ABR2Y4V4	-	14.94
A0ABR2Y7K8	-	22.17
A0ABR2Y9L4	-	22.29
A0ABR2Y9Y4	-	15.44
A0ABR2ZJM9	-	21.80
A0ABR2ZUF7	C	2.78
A0ABR2ZZ01	C	2.98
A0ABR2ZZZ9	-	21.87
A0ABR3A6N7	-	13.32
A0ABR3C0X5	C*	3.95
A0ABR3CFI6	-	NA
A0ABR3CI13	C	3.11
A0ABR3CTX8	-	15.94
A0ABR3CWN2	C*	4.46
A0ABR3CXK3	C*	3.79
A0ABR3D5W7	-	22.88
A0ABR3D601	C	3.18
A0ABR3D6M0	-	NA
A0ABR3DPU3	-	22.81
A0ABR3DR17	C	2.89
A0ABR3DT09	C	3.11
A0ABR3EL97	-	21.87
A0ABR3EPL5	C	3.06
A0ABR3ER97	-	22.12
A0ABR3EVX9	C*	3.81
A0ABR3EYF0	-	22.05
A0ABR3F3B6	-	22.25
A0ABR3FAS3	-	22.08
A0ABR3FC20	-	21.52
A0ABR3FKW4	-	22.05
A0ABR3FVG0	-	22.22
A0ABR3FVU5	-	21.95
A0ABR3FXE3	-	22.43
A0ABR3G4Y0	C	3.02
A0ABR3G937	-	21.87
A0ABR3GE49	-	19.90
A0ABR3GF19	C	3.33
A0ABR3GH88	C	3.32
A0ABR3GXR3	-	15.26
A0ABR3GY74	C	3.22
A0ABR3IYU4	C	3.08
A0ABR3IZU5	-	22.18
A0ABR3JMR6	-	15.19
A0ABR3M568	-	13.08
A0ABR3MRW9	-	13.15
A0ABR3N0H9	-	12.91
A0ABR3P0F5	-	12.78
A0ABR3PJT2	-	22.32
A0ABR3PNQ2	C	3.15
A0ABR3QGR5	-	15.29
A0ABR3QI93	-	14.99
A0ABR3QJQ9	-	15.23
A0ABR3QKB1	-	16.17
A0ABR3QRF7	C	3.03
A0ABR3QSB3	-	NA
A0ABR3QTY1	C	2.61
A0ABR3QYD0	-	15.33
A0ABR3R101	-	18.34
A0ABR3R3A6	-	22.46
A0ABR3REZ5	C	3.03
A0ABR3RF86	-	19.60
A0ABR3RK21	C	2.82
A0ABR3RMI3	-	22.46
A0ABR3RQ09	-	22.93
A0ABR3S2T7	-	14.96
A0ABR3S3R4	-	22.89
A0ABR3S4R5	-	22.92
A0ABR3S877	-	22.90
A0ABR3SD72	-	15.58
A0ABR3SDJ1	-	15.72
A0ABR3SJV9	-	16.55
A0ABR3SQV8	-	22.86
A0ABR3SW80	-	15.48
A0ABR3SXQ6	-	NA
A0ABR3SYM1	-	23.04
A0ABR3T0M1	C	2.86
A0ABR3TC55	C	2.83
A0ABR3TDY0	-	21.99
A0ABR3TEQ0	-	22.68
A0ABR3TFZ3	-	NA
A0ABR3TH80	-	23.07
A0ABR3TIJ2	-	23.25
A0ABR3TJ48	C	3.04
A0ABR3TL16	C*	4.76
A0ABR3TVB1	-	15.91
A0ABR3TWR8	C*	4.08
A0ABR3U3E6	-	NA
A0ABR3U4Y1	-	16.47
A0ABR3U827	-	22.77
A0ABR3U855	-	21.05
A0ABR3U9V4	-	23.28
A0ABR3UEC7	C	2.85
A0ABR3UEW4	-	22.48
A0ABR3UFL0	-	23.18
A0ABR3UFU1	C	2.95
A0ABR3UK40	-	20.26
A0ABR3UKA4	-	18.66
A0ABR3UKK5	-	19.42
A0ABR3US75	-	15.71
A0ABR3UST2	-	23.18
A0ABR3UTG0	-	NA
A0ABR3UW44	-	15.64
A0ABR3UXA4	-	20.40
A0ABR3UY57	C*	3.82
A0ABR3UZ14	-	14.98
A0ABR3UZ41	-	22.32
A0ABR3UZ44	-	14.95
A0ABR3V2B3	-	22.97
A0ABR3V3I7	-	15.67
A0ABR3V6P7	-	17.68
A0ABR3V8J2	-	19.01
A0ABR3VFZ2	-	15.08
A0ABR3VGP0	-	22.43
A0ABR3VIB0	-	22.63
A0ABR3VJG5	-	22.87
A0ABR3VKC0	-	22.81
A0ABR3VR49	C	3.33
A0ABR3VXJ2	C	3.38
A0ABR3VYJ3	-	22.78
A0ABR3VZ55	-	23.09
A0ABR3W1B7	-	15.24
A0ABR3W1D6	-	19.43
A0ABR3W2E0	-	21.81
A0ABR3W318	-	16.00
A0ABR3W7W0	-	15.43
A0ABR3WAI6	-	15.56
A0ABR3WDP1	-	15.97
A0ABR3WER5	-	22.84
A0ABR3WFL3	-	15.04
A0ABR3WFS6	-	22.03
A0ABR3WG91	-	23.09
A0ABR3WMA9	-	15.93
A0ABR3WP99	-	14.31
A0ABR3WV06	-	22.35
A0ABR3WWZ9	-	15.30
A0ABR3WZN4	-	16.08
A0ABR3X074	-	14.68
A0ABR3X144	-	16.03
A0ABR3X454	C	3.12
A0ABR3XBQ5	-	20.23
A0ABR3XD70	-	22.83
A0ABR3XMH5	-	15.66
A0ABR3XU99	-	16.18
A0ABR3XVU1	-	15.99
A0ABR3Y0F5	-	23.33
A0ABR3Y5E7	-	22.89
A0ABR3Y8K5	C	3.30
A0ABR3YKV9	C*	3.66
A0ABR3YRD1	C	3.39
A0ABR3YUB8	C	2.86
A0ABR3YUN4	-	19.46
A0ABR3YV94	C	2.84
A0ABR3YY46	-	23.04
A0ABR3YYR7	-	22.98
A0ABR3ZI14	C*	3.54
A0ABR4A6Y8	C*	3.51
A0ABR4AJ15	C	3.26
A0ABR4ALZ9	-	17.77
A0ABR4B0Y4	C	3.43
A0ABR4BMK5	C	3.07
A0ABR4BR18	-	NA
A0ABR4BS06	C	2.75
A0ABR4BSY9	-	22.31
A0ABR4BU17	-	23.05
A0ABR4BXE5	-	14.67
A0ABR4BXU6	-	23.45
A0ABR4BXW4	-	22.84
A0ABR4C2Q2	-	14.93
A0ABR4C2T6	-	NA
A0ABR4C3G6	-	23.04
A0ABR4C8S7	-	23.44
A0ABR4CCE3	C	3.10
A0ABR4CF27	-	NA
A0ABR4CKZ7	C	3.24
A0ABR4CMD4	-	12.83
A0ABR4CP80	-	21.60
A0ABR4CSW7	-	20.53
A0ABR4D0F2	-	17.33
A0ABR4D3J7	-	22.63
A0ABR4D689	-	19.06
A0ABR4D8N5	C	3.31
A0ABR4D8P1	-	15.43
A0ABR4D8P8	-	15.42
A0ABR4DGW0	-	22.94
A0ABR4DJH0	-	22.71
A0ABR4DNW5	-	22.92
A0ABR4DW42	-	15.92
A0ABR4DWL1	-	16.10
A0ABR4DYZ8	-	15.93
A0ABR4E1W3	-	23.40
A0ABR4E290	-	22.19
A0ABR4E567	C*	3.67
A0ABR4E8U4	-	23.08
A0ABR4E9I8	-	15.12
A0ABR4EAY1	-	15.13
A0ABR4EB01	C	3.48
A0ABR4EBK6	-	22.64
A0ABR4EBM5	-	21.74
A0ABR4ECI4	-	23.19
A0ABR4EH23	-	22.35
A0ABR4EHH4	C	3.42
A0ABR4EPJ2	-	21.60
A0ABR4ES42	-	NA
A0ABR4EVQ9	-	23.08
A0ABR4EW25	-	22.90
A0ABR4EWG9	-	20.28
A0ABR4F4B0	-	15.95
A0ABR4F7J8	C	3.11
A0ABR4FEW3	-	15.24
A0ABR4FJN7	-	14.09
A0ABR4FP14	-	23.49
A0ABR4FSG3	-	22.23
A0ABR4G1Z0	-	15.84
A0ABR4G5U9	C	3.38
A0ABR4G8E9	-	22.90
A0ABR4GE68	C*	3.63
A0ABR4GER8	C	3.38
A0ABR4GQ44	-	22.05
A0ABR4GV96	-	22.95
A0ABR4H8T2	-	15.32
A0ABR4H9X8	C*	3.66
A0ABR4HCD2	C	2.81
A0ABR4HDU1	-	15.79
A0ABR4HNK9	-	22.10
A0ABR4HXD7	-	22.89
A0ABR4I3Y8	-	23.58
A0ABR4IBP9	C	3.38
A0ABR4IDF7	C	2.69
A0ABR4IDY3	C	2.72
A0ABR4IKC7	C	3.28
A0ABR4J840	-	22.03
A0ABR4JCY8	-	22.92
A0ABR4JHA9	-	19.74
A0ABR4JK57	-	23.09
A0ABR4JRZ7	C	3.49
A0ABR4JU41	-	15.97
A0ABR4K0T4	C	3.28
A0ABR4K145	-	NA
A0ABR4KDN5	-	15.42
A0ABR4KER6	C	3.38
A0ABR4KG36	-	22.91
A0ABR4KKS7	-	5.72
A0ABR4KNX9	-	14.49
A0ABR4KP32	-	22.14
A0ABR4KUJ7	C*	3.51
A0ABR4L7C4	C	2.69
A0ABR4L7P9	C	3.44
A0ABR4LCV8	-	22.11
A0ABR4LE59	-	22.97
A0ABR4LF00	-	21.78
A0ABR4LTL3	C*	3.58
A0ABR4MAT1	C	3.45
A0ABR4MVH6	-	15.61
A0ABR4MW11	-	21.45
A0ABR4MW32	-	21.40
A0ABR4MZM3	-	14.63
A0ABR4MZM9	-	21.35
A0ABR4N7Z8	-	19.58
A0ABR4N804	-	19.78
A0ABR4NDE5	-	NA
A0ABR4NFM0	-	19.09
A0ABR4NFV2	-	18.34
A0ABR4NFV4	-	19.89
A0ABR4NG22	-	20.06
A0ABR4NG28	-	18.55
A0ABR4NG98	-	21.43
A0ABR4P3T3	-	21.72
A0ABR4P5T0	-	21.39
A0ABR4P7F6	C	3.19
A0ABR4P8H6	-	21.09
A0ABR4PC11	C	2.77
A0ABR4PG57	-	20.19
A0ABR4PQV3	-	23.80
A0ABR4PTF1	C	3.38
A0ABR4TSS6	C	2.84
A0ABR4UQW9	C	3.30
A0ABR4YW72	C	3.30
A0ABR5F0S2	-	15.30
A0ABR5H1K7	C	3.30
A0ABR5HYB5	-	NA
A0ABR5MCM1	-	15.93
A0ABR5T3D8	C	3.46
A0ABR5T4C4	C	3.33
A0ABR5Y6J9	C	3.17
A0ABR6ED79	-	NA
A0ABR6EFA7	C*	8.45
A0ABR6V5Y3	C	3.15
A0ABR6YEY6	C	3.28
A0ABR7J057	C	3.44
A0ABR7QDC1	-	NA
A0ABR7X7G4	C	3.30
A0ABR7X9J7	-	NA
A0ABR8BHZ7	-	36.55
A0ABR8D7N7	-	NA
A0ABR8DNS8	-	56.62
A0ABR8F8G4	-	54.05
A0ABR8GF00	C	3.29
A0ABR8GTX6	-	NA
A0ABR8I9V9	-	54.05
A0ABR8K2N4	-	21.58
A0ABR8K9D1	C	3.42
A0ABR8L1I5	-	NA
A0ABR8NEN7	C	3.38
A0ABR8PTF7	-	NA
A0ABR8RN98	C	3.27
A0ABR8V0D8	C	3.21
A0ABR9BSA8	-	NA
A0ABR9DXX3	C	3.39
A0ABR9GBI0	C	2.88
A0ABR9IXR7	C*	3.51
A0ABR9NDC2	C	3.38
A0ABR9U2C3	-	44.70
A0ABR9UPM7	C	3.27
A0ABS0HZN9	C*	4.21
A0ABS0SWE3	C	3.15
A0ABS0T0L3	C	3.39
A0ABS0VDK6	-	14.81
A0ABS0WY81	-	NA
A0ABS0XFN5	-	NA
A0ABS1DFY7	C	3.15
A0ABS1MHS4	C	3.50
A0ABS1MJM2	-	15.95
A0ABS1NBW5	-	14.89
A0ABS1NZB4	-	NA
A0ABS1P986	-	NA
A0ABS1QI48	C	3.33
A0ABS1RBF0	C	3.10
A0ABS1RZA0	C	3.21
A0ABS1WIG2	C	3.44
A0ABS2HUL9	-	NA
A0ABS2LFC1	C	3.32
A0ABS2REX7	C	3.38
A0ABS2TSI9	-	NA
A0ABS2UQ77	-	NA
A0ABS2UW05	-	15.70
A0ABS2VLA9	-	NA
A0ABS2VTD6	-	NA
A0ABS2YJW5	-	12.53
A0ABS2YMB6	-	12.61
A0ABS2YMS8	-	13.20
A0ABS2YYH9	-	12.88
A0ABS3GM00	C	3.37
A0ABS3J5N9	C*	3.86
A0ABS4DL98	C	3.11
A0ABS4DM05	C	3.30
A0ABS4DZD4	C	3.34
A0ABS4KYF1	-	NA
A0ABS4KZV5	-	NA
A0ABS4R055	C	3.19
A0ABS4R1Z8	-	13.28
A0ABS4VHP3	-	NA
A0ABS4XWU1	C	3.16
A0ABS4Y2A7	-	16.04
A0ABS4Y2C4	-	16.09
A0ABS5FGA5	C	3.28
A0ABS5JAM9	C	3.32
A0ABS6PD98	C*	3.54
A0ABS6QBR2	C	3.27
A0ABS6RRF5	-	15.93
A0ABS6TYA9	-	NA
A0ABS6YV96	-	NA
A0ABS6Z6P8	-	NA
A0ABS6ZER2	-	NA
A0ABS7FAN1	C	3.33
A0ABS7FI94	C	3.18
A0ABS7Q4E0	-	NA
A0ABS7W4I0	-	NA
A0ABS7ZZT8	C	3.28
A0ABS8ACT9	C	3.38
A0ABS8B4K5	-	NA
A0ABS8B757	-	NA
A0ABS8DZX9	-	NA
A0ABS8E1Y1	-	NA
A0ABS8EGX4	-	NA
A0ABS8I9C0	-	56.11
A0ABS8JIA8	-	NA
A0ABS8JID1	-	NA
A0ABS8LUU6	C	3.41
A0ABS8MPT4	-	27.88
A0ABS8RTR4	C	2.85
A0ABS8RU68	C	2.78
A0ABS8TSD9	C	2.76
A0ABS8VLK7	C	2.87
A0ABS8ZNX7	-	16.20
A0ABS9FD76	C*	3.67
A0ABS9G7M5	C*	3.55
A0ABS9JNH7	-	NA
A0ABS9JT96	-	NA
A0ABS9P1C3	C	3.44
A0ABS9XB71	-	13.99
A0ABS9XX40	-	NA
A0ABT0I9D3	-	14.29
A0ABT0IJQ0	-	NA
A0ABT0JVE8	C*	4.16
A0ABT0JVX1	C	3.38
A0ABT0NYG0	-	NA
A0ABT0P269	-	NA
A0ABT0UM60	-	NA
A0ABT0UYQ7	-	NA
A0ABT0WZ33	C	2.56
A0ABT1J826	-	16.10
A0ABT1P7V4	-	15.81
A0ABT1QQK3	C	2.95
A0ABT1U935	-	16.07
A0ABT2ABP4	C	3.26
A0ABT2B8Y5	-	NA
A0ABT2BD08	-	NA
A0ABT2BQ25	C	3.31
A0ABT2C4F0	C	3.01
A0ABT2CDJ1	-	NA
A0ABT2CNF8	-	NA
A0ABT2CYD8	C	2.77
A0ABT2D037	C	2.86
A0ABT2DI07	C	3.13
A0ABT2IX21	C	3.29
A0ABT2ZPY2	C	3.34
A0ABT3TTM1	-	15.76
A0ABT3VD37	-	NA
A0ABT3YMY5	C*	3.57
A0ABT3YNN3	C	3.24
A0ABT3YYD9	-	16.02
A0ABT4AC96	-	41.43
A0ABT4CAF5	C	2.60
A0ABT4KNP9	-	5.68
A0ABT4P1V8	-	NA
A0ABT4RMA2	C	3.22
A0ABT4VMH7	C	3.31
A0ABT4ZRR9	C	3.32
A0ABT5BA12	C	3.50
A0ABT5C395	-	57.23
A0ABT5CGG2	C*	4.27
A0ABT5DRQ2	C	3.21
A0ABT5FM06	-	13.74
A0ABT5FQ11	-	NA
A0ABT5JJF4	C	3.26
A0ABT5NJ79	-	16.04
A0ABT5NM23	C*	3.67
A0ABT5NTP0	C	3.32
A0ABT5PMD6	-	16.27
A0ABT5QCR8	C	3.47
A0ABT6A9F1	-	NA
A0ABT6AR49	C	3.44
A0ABT6FUS9	-	28.60
A0ABT6HJQ5	-	NA
A0ABT6HY41	-	9.75
A0ABT6LHM3	-	NA
A0ABT6RXR1	-	NA
A0ABT6T6S0	-	NA
A0ABT6WGX1	-	15.73
A0ABT6WVU7	-	15.92
A0ABT6X1I4	-	15.65
A0ABT7A7R5	C	3.46
A0ABT7D3Y0	-	13.58
A0ABT7GKS6	-	NA
A0ABT7GLQ0	-	NA
A0ABT7GNH3	-	NA
A0ABT7H3U6	-	NA
A0ABT7IVB5	-	15.78
A0ABT7JBJ6	-	NA
A0ABT7Z8T3	-	NA
A0ABT8C4V6	C*	3.67
A0ABT8HW12	-	28.37
A0ABT8KZU3	C*	3.69
A0ABT8V9H2	-	9.35
A0ABT9CR60	-	NA
A0ABT9FYM9	C	3.34
A0ABT9JGD5	C	3.25
A0ABT9LDS4	-	NA
A0ABT9MUW6	C	3.25
A0ABU0I7P7	-	NA
A0ABU0IU28	-	11.19
A0ABU0J091	C	3.49
A0ABU0NKH8	-	NA
A0ABU0NRC4	-	NA
A0ABU0PTF1	-	NA
A0ABU0Q201	-	NA
A0ABU0QMG5	-	NA
A0ABU0R2V1	-	NA
A0ABU0RFD2	-	15.63
A0ABU0T0D3	-	NA
A0ABU0TC15	-	NA
A0ABU0XXK1	C*	4.04
A0ABU1D0H3	C	3.18
A0ABU1JZJ1	C	3.27
A0ABU1LM08	C	3.07
A0ABU1LQ40	C	2.89
A0ABU1MXI3	C	3.44
A0ABU1VYL2	C	2.81
A0ABU1Y4F2	C	3.28
A0ABU2P6Y7	-	NA
A0ABU2PGI9	-	NA
A0ABU2PY66	-	30.31
A0ABU2QH10	-	NA
A0ABU2QWB1	-	NA
A0ABU2RKH0	-	NA
A0ABU2S4D8	-	15.58
A0ABU2SMY1	-	16.15
A0ABU2SWM0	-	15.37
A0ABU2TD74	-	16.04
A0ABU2TTA1	-	NA
A0ABU2UID7	-	NA
A0ABU2VNM7	-	15.70
A0ABU2W3G6	-	NA
A0ABU2W836	-	NA
A0ABU2WI91	C	3.06
A0ABU2YXY2	-	NA
A0ABU2Z367	-	NA
A0ABU3ASL9	-	NA
A0ABU3L7B5	-	15.38
A0ABU3LA82	-	33.60
A0ABU3LVZ0	-	10.28
A0ABU3M1Y9	-	NA
A0ABU3M668	-	NA
A0ABU3V0V5	-	NA
A0ABU3VGX6	-	9.27
A0ABU3W348	C	3.26
A0ABU4FNB6	-	13.82
A0ABU4HHA2	-	14.88
A0ABU4HHD3	C*	3.72
A0ABU4HU45	C*	11.55
A0ABU4KFK7	-	NA
A0ABU4KZZ4	-	NA
A0ABU4L345	-	NA
A0ABU4MRA4	-	NA
A0ABU4MSE3	-	NA
A0ABU4NAW0	-	NA
A0ABU4NGJ7	-	NA
A0ABU4R8E7	C	3.43
A0ABU4T9S4	-	11.16
A0ABU4TMS8	-	11.22
A0ABU4XE34	-	NA
A0ABU4ZJU1	C	3.43
A0ABU5KX76	C	3.17
A0ABU6BUV5	-	14.89
A0ABU6C605	-	15.75
A0ABU6JDB1	-	15.81
A0ABU6LUF1	-	NA
A0ABU6LX10	-	NA
A0ABU6QJX1	C	3.07
A0ABU6QK46	C	3.00
A0ABU6QKV3	C	2.94
A0ABU6RLL4	C	2.91
A0ABU6RUJ9	C	2.85
A0ABU6S3H3	C	2.76
A0ABU6S3R9	C	2.81
A0ABU6SE88	C	2.82
A0ABU6SF53	C	3.02
A0ABU6SHH7	C	2.98
A0ABU6TQ45	C	2.88
A0ABU6U4L1	C	3.18
A0ABU6U4L6	C	2.74
A0ABU6U5W4	C	3.48
A0ABU6U640	C	3.19
A0ABU6U6J8	C	2.88
A0ABU6U7P2	C	2.93
A0ABU6U7S4	C	2.99
A0ABU6U958	C	2.84
A0ABU6UAJ7	C	2.85
A0ABU6V8F0	C	2.73
A0ABU6YLY4	C	2.90
A0ABU6YV63	C	2.90
A0ABU6ZR61	C	3.26
A0ABU7A3I3	-	12.86
A0ABU7ASJ5	-	13.12
A0ABU7BL55	-	13.23
A0ABU7DJT5	-	13.26
A0ABU7E0A2	-	12.87
A0ABU7EWP2	-	12.85
A0ABU7F0U7	-	13.15
A0ABU7HNC5	C	3.48
A0ABU7NJ39	-	15.92
A0ABU7P611	-	NA
A0ABU7TUF6	C	3.25
A0ABU7XFV8	-	15.68
A0ABU7YFE8	-	NA
A0ABU7Z0F0	C	2.85
A0ABU7Z0U9	-	NA
A0ABU7ZVD2	-	NA
A0ABU8AJB8	-	NA
A0ABU8AZQ3	-	NA
A0ABU8D3Y1	C	3.21
A0ABU8FF18	-	15.73
A0ABU8GAC3	-	NA
A0ABU8GG21	-	NA
A0ABU8HVK4	-	26.71
A0ABU8JDG9	C	3.16
A0ABU8JDY6	C	3.33
A0ABU8R5J6	C*	3.98
A0ABU8TYI5	-	NA
A0ABU8TZH3	-	NA
A0ABU8UM26	-	NA
A0ABU9NQ44	C	3.48
A0ABU9NY53	C	3.40
A0ABU9QB80	C	2.88
A0ABU9X948	-	15.78
A0ABU9X9V4	-	15.48
A0ABU9Y882	C	3.49
A0ABV0AFJ4	-	NA
A0ABV0CG96	C*	3.63
A0ABV0CJA9	C	2.70
A0ABV0F9P3	C	2.95
A0ABV0FF21	C	3.43
A0ABV0H059	C	3.15
A0ABV0H704	C	2.66
A0ABV0J1E4	C	2.69
A0ABV0JK55	-	NA
A0ABV0NDD2	-	12.78
A0ABV0P2D7	-	13.27
A0ABV0PFT7	-	12.14
A0ABV0QCL7	-	13.16
A0ABV0TA70	-	12.68
A0ABV0UK39	-	12.82
A0ABV0URV4	-	13.22
A0ABV0VMY9	-	13.15
A0ABV0WM05	-	13.21
A0ABV0WX32	-	12.66
A0ABV0Y3G3	-	13.10
A0ABV0ZM75	-	13.23
A0ABV1AB42	-	12.75
A0ABV1Q7M0	-	NA
A0ABV1SWP1	-	NA
A0ABV1TI03	-	NA
A0ABV1TLX1	-	NA
A0ABV1TRU5	-	NA
A0ABV1U8B2	-	NA
A0ABV1UHN8	-	NA
A0ABV1UTF3	-	NA
A0ABV1VHI1	-	NA
A0ABV1VW12	-	NA
A0ABV1X6N5	-	NA
A0ABV1X7P1	-	NA
A0ABV1XHU9	-	NA
A0ABV1Y2Y3	-	NA
A0ABV1Z0I5	C	2.85
A0ABV2I0A5	C*	3.62
A0ABV2RXN8	C*	3.53
A0ABV2S8C8	C	3.27
A0ABV2UZV7	-	NA
A0ABV2V582	-	NA
A0ABV2VWY6	-	NA
A0ABV2W3T6	-	NA
A0ABV2W3V2	C*	3.52
A0ABV2XTX6	-	NA
A0ABV2XWW1	-	NA
A0ABV2YHF9	-	NA
A0ABV2ZAT7	-	NA
A0ABV2ZRY6	-	NA
A0ABV3A5C7	-	NA
A0ABV3A804	-	NA
A0ABV3AYP9	-	NA
A0ABV3BD86	-	NA
A0ABV3BNX7	-	NA
A0ABV3CCT3	-	NA
A0ABV3CDF4	-	NA
A0ABV3CWQ2	-	NA
A0ABV3EAM2	-	NA
A0ABV3ERB3	-	NA
A0ABV3HVN4	-	NA
A0ABV3HZQ8	-	NA
A0ABV3ITV2	-	NA
A0ABV3KMI1	-	NA
A0ABV3KMI6	-	NA
A0ABV3R4B9	-	24.46
A0ABV4FBZ2	C	2.99
A0ABV4P1X4	C	2.92
A0ABV4SGQ2	-	NA
A0ABV4X3A9	-	NA
A0ABV4YIH6	-	59.85
A0ABV5DAD4	-	NA
A0ABV5E7N4	-	NA
A0ABV5FP10	C	3.46
A0ABV5GJW6	C	3.31
A0ABV5GMN6	C	3.28
A0ABV5LKL5	-	NA
A0ABV5N7B6	-	NA
A0ABV5P5Y7	-	NA
A0ABV5P621	-	NA
A0ABV5QIU7	-	15.70
A0ABV5QRL7	-	6.40
A0ABV5V937	-	NA
A0ABV5V9A7	-	NA
A0ABV6FDS2	C	3.25
A0ABV6HFH7	-	37.00
A0ABV6JDE8	-	15.30
A0ABV6PMV7	-	37.49
A0ABV6S054	C	3.43
A0ABV6TBX8	-	NA
A0ABV6TPR0	-	15.89
A0ABV6TVW7	-	NA
A0ABV7CF08	C	3.32
A0ABV7MFU4	C	3.30
A0ABV7PR14	C	2.74
A0ABV7XM35	C*	3.74
A0ABV7XVS6	C	3.26
A0ABV8HQ22	-	NA
A0ABV8IX89	-	16.13
A0ABV8JG77	-	15.64
A0ABV8MYX6	-	NA
A0ABV8PKK5	-	30.13
A0ABV8TLQ6	-	NA
A0ABV8U584	-	22.16
A0ABV8Z4B3	-	NA
A0ABV8ZU72	C	3.38
A0ABV9B3C0	-	NA
A0ABV9BEJ2	C	3.33
A0ABV9BPW4	-	16.21
A0ABV9FV84	-	NA
A0ABV9GFJ0	-	NA
A0ABV9I266	-	NA
A0ABV9INN4	-	NA
A0ABV9RPJ6	C	3.19
A0ABV9UQJ6	-	NA
A0ABV9UWV2	-	NA
A0ABV9VCW5	-	NA
A0ABV9VFU7	-	15.73
A0ABV9X0N3	-	NA
A0ABV9XEM1	-	NA
A0ABV9XLJ5	-	NA
A0ABV9ZR41	C	3.17
A0ABV9ZTD2	-	NA
A0ABW0A390	-	15.89
A0ABW0AB96	-	NA
A0ABW0AKD9	-	NA
A0ABW0B4E1	-	NA
A0ABW0B9T0	C	2.83
A0ABW0BAQ2	C	3.11
A0ABW0CMW0	-	NA
A0ABW0CRR1	-	NA
A0ABW0D1S1	-	NA
A0ABW0D8U8	-	NA
A0ABW0E415	-	NA
A0ABW0IM43	-	15.66
A0ABW0JGR8	C	2.78
A0ABW0L1A9	C	2.95
A0ABW0LBE2	C	2.87
A0ABW0M9K7	C*	3.54
A0ABW0MWK1	C	3.02
A0ABW0PC22	C	2.92
A0ABW0RY49	C	2.82
A0ABW0UH65	-	NA
A0ABW0UHK4	-	NA
A0ABW0VAP0	-	16.08
A0ABW0WBT0	-	NA
A0ABW0WG56	-	NA
A0ABW0X066	C*	9.26
A0ABW0XKE2	-	NA
A0ABW1B618	-	NA
A0ABW1B891	-	NA
A0ABW1E8A6	-	NA
A0ABW1ETR9	C	3.12
A0ABW1EU24	-	10.43
A0ABW1EV91	-	NA
A0ABW1EZ25	C*	3.52
A0ABW1LT54	-	NA
A0ABW1QMG1	C	3.39
A0ABW1X6F3	C	3.22
A0ABW1XVT8	-	NA
A0ABW2ECH6	-	NA
A0ABW2G3Z4	-	11.45
A0ABW2GR53	-	15.56
A0ABW2GZ81	-	15.59
A0ABW2MN18	-	NA
A0ABW2RL31	-	9.71
A0ABW2RRB3	-	NA
A0ABW2VWA6	-	NA
A0ABW2W6I5	-	NA
A0ABW2YDF5	C	3.25
A0ABW2YH98	C	3.19
A0ABW3CSF2	-	15.67
A0ABW3H6J2	C	3.12
A0ABW3XLA5	-	NA
A0ABW3XTI5	-	NA
A0ABW4AK03	-	16.13
A0ABW4AR86	-	15.72
A0ABW4WPH7	C*	3.65
A0ABW4X7S5	-	15.66
A0ABW4XFF4	-	25.76
A0ABW4XUU2	-	30.62
A0ABW5LHB0	C	3.14
A0ABW5MSE8	-	24.20
A0ABW6DN27	-	NA
A0ABW6E324	-	NA
A0ABW6EP40	-	NA
A0ABW6FBE3	-	13.70
A0ABW6FWS1	-	NA
A0ABW6GY39	-	NA
A0ABW6HBK0	-	NA
A0ABW6IN48	-	NA
A0ABW6IZJ2	-	NA
A0ABW6L767	-	NA
A0ABW6LM74	-	NA
A0ABW6M374	-	9.67
A0ABW6MMK0	-	NA
A0ABW6MSQ6	-	NA
A0ABW6N5U5	-	NA
A0ABW6QHW0	-	NA
A0ABW6RJT0	-	NA
A0ABW6RN89	-	NA
A0ABW6TXN7	-	NA
A0ABW6X6W7	-	NA
A0ABW6XLE7	-	NA
A0ABW6XU73	-	NA
A0ABW6YFI9	-	NA
A0ABW6YNF0	-	NA
A0ABW6Z4J8	-	NA
A0ABW7AQ69	-	15.97
A0ABW7AZ82	-	NA
A0ABW7B5K6	-	NA
A0ABW7C1H8	-	NA
A0ABW7GSB8	C	3.38
A0ABW7PFR1	-	NA
A0ABW7PHD1	-	NA
A0ABW7PI59	-	NA
A0ABW7QBQ2	-	15.57
A0ABW7QSB3	-	NA
A0ABW7T5P6	-	16.21
A0ABW7U0L9	-	NA
A0ABW7U1L9	-	NA
A0ABW7V1F8	-	NA
A0ABW7Y6Z8	-	NA
A0ABW7YV31	-	15.71
A0ABW7Z597	-	14.76
A0ABW8BH91	-	NA
A0ABW8CCG1	-	NA
A0ABW8CLD5	-	14.91
A0ABW8CRJ3	-	NA
A0ABW8CT20	-	NA
A0ABW8E1M4	-	11.88
A0ABW8EQ82	-	NA
A0ABW8EU47	-	NA
A0ABW8F838	-	NA
A0ABW8FKG1	-	NA
A0ABW8HC31	-	NA
A0ABW8JVC8	C	2.81
A0ABW8R094	C	3.20
A0ABW8R418	-	11.93
A0ABW8WV86	-	NA
A0ABW8XK08	-	NA
A0ABW9CBJ6	-	25.51
A0ABW9HSP7	-	NA
A0ABW9IGG1	-	NA
A0ABW9IIE3	-	NA
A0ABW9IRU2	-	28.43
A0ABW9K7J9	C	3.35
A0ABW9L5L8	C	3.30
A0ABW9LTJ4	C	3.21
A0ABW9NQ24	-	NA
A0ABW9P1B4	-	NA
A0ABW9S031	-	NA
A0ABX0IR11	C	3.31
A0ABX0KZJ7	C	3.37
A0ABX0XZL8	-	16.14
A0ABX0YW95	-	NA
A0ABX0ZMI5	-	NA
A0ABX1AHC8	-	NA
A0ABX1H0I2	-	15.94
A0ABX1H2X6	-	NA
A0ABX1INI2	-	NA
A0ABX1J3I2	C	3.48
A0ABX1MAQ9	C*	3.54
A0ABX1MB29	-	14.64
A0ABX1MER1	-	60.32
A0ABX1P9S6	-	NA
A0ABX2C6M7	-	39.42
A0ABX2KFR8	C	3.17
A0ABX2QSF3	C	3.21
A0ABX2VUI5	C	3.03
A0ABX2VV73	-	15.54
A0ABX3CA99	C	2.82
A0ABX3CAH5	C	3.12
A0ABX3G3F2	C	3.25
A0ABX3G7S6	-	NA
A0ABX3GA27	-	NA
A0ABX3GCF7	C	3.26
A0ABX3YAE9	-	NA
A0ABX4IYB8	C	3.28
A0ABX4IYW7	C*	3.71
A0ABX4JH41	C*	3.67
A0ABX4JPI1	C	3.41
A0ABX4XXQ6	C*	3.59
A0ABX4XZV5	C	3.42
A0ABX4Y6U4	C	3.23
A0ABX5EPM7	-	9.72
A0ABX5LUF6	C*	3.68
A0ABX5RWM9	-	NA
A0ABX5UDS5	-	NA
A0ABX6ADG2	-	NA
A0ABX6AXE7	-	NA
A0ABX6ECD1	-	15.45
A0ABX7K4S3	C	3.21
A0ABX7RHL0	-	16.04
A0ABX7TLH9	-	NA
A0ABX7TPR5	-	NA
A0ABX7ZE98	-	15.61
A0ABX7ZHY0	C	3.22
A0ABX7ZSL6	-	15.68
A0ABX7ZWA0	C*	3.56
A0ABX8FWZ4	-	NA
A0ABX8G310	-	NA
A0ABX8L774	C	3.31
A0ABX8PRY4	-	16.05
A0ABX8WXF2	C	3.32
A0ABX8XVK4	-	NA
A0ABX8Y2V5	-	NA
A0ABX8YP01	-	15.97
A0ABX9DHD3	C	3.09
A0ABX9EDT1	-	11.27
A0ABX9YVY4	C*	3.72
A0ABY0FWW0	C*	3.77
A0ABY0G5N1	-	NA
A0ABY0GHJ6	C*	3.89
A0ABY0GL25	-	23.74
A0ABY0GQF2	-	21.86
A0ABY0H1D0	-	13.61
A0ABY0H2A5	C	3.16
A0ABY0HIH6	-	14.48
A0ABY0HIJ2	C	3.25
A0ABY0HL93	-	22.84
A0ABY0HLJ3	-	23.54
A0ABY0HNE6	-	14.69
A0ABY0S6T0	-	16.06
A0ABY0T4X6	C	3.17
A0ABY0TGF5	C	3.08
A0ABY0THM8	-	15.40
A0ABY0TIF9	-	24.62
A0ABY0TKI0	-	15.97
A0ABY0V1C3	-	15.86
A0ABY1J517	C	3.25
A0ABY1QBF1	C	3.19
A0ABY1QNJ2	C	3.14
A0ABY2GV86	C*	3.53
A0ABY2GWW1	C	2.88
A0ABY2H0D1	-	NA
A0ABY2PAC6	-	NA
A0ABY2RLZ4	-	NA
A0ABY2RQH2	-	36.26
A0ABY3FLU5	C	3.26
A0ABY3PW42	-	16.13
A0ABY3QAS2	C*	3.63
A0ABY3QPR7	C	3.30
A0ABY3WMB9	-	NA
A0ABY3XII3	C	3.21
A0ABY3YKR9	-	32.46
A0ABY3YVG1	-	12.85
A0ABY4B7H4	C	3.21
A0ABY4F9K0	C*	3.98
A0ABY4HLQ2	C	3.50
A0ABY4PT13	-	NA
A0ABY4UMW8	-	NA
A0ABY4Z7I9	-	NA
A0ABY4ZHF5	-	NA
A0ABY5F7W9	-	NA
A0ABY5LRC9	C	3.17
A0ABY5N7U3	-	NA
A0ABY5Q3K8	C	3.40
A0ABY5Q6F3	-	NA
A0ABY5Q745	-	NA
A0ABY5TYR6	-	9.59
A0ABY6BE40	C*	3.98
A0ABY6BGM4	C*	3.57
A0ABY6BTH7	-	NA
A0ABY6E1S1	-	NA
A0ABY6EH38	-	NA
A0ABY6END5	-	NA
A0ABY6IG30	-	NA
A0ABY6MLT4	C	3.40
A0ABY6QGY6	-	14.91
A0ABY6QV15	-	NA
A0ABY6QWY3	-	NA
A0ABY6RUN5	C	3.11
A0ABY6RVL6	C	3.24
A0ABY6RXQ5	-	23.09
A0ABY6RZE0	C	2.90
A0ABY6RZW8	-	22.02
A0ABY6S516	-	23.91
A0ABY6S7M8	-	15.78
A0ABY6SA48	C	3.17
A0ABY6SEB9	-	22.02
A0ABY6SER4	-	22.22
A0ABY6SGK7	-	20.28
A0ABY6SHP1	-	22.75
A0ABY6SIT4	C	3.23
A0ABY6SK47	-	15.41
A0ABY6TRN0	C	2.91
A0ABY6TVG3	-	15.24
A0ABY6U5M9	-	15.57
A0ABY6U842	-	21.54
A0ABY6U8G9	-	22.82
A0ABY6U8X8	-	22.78
A0ABY6UBE0	-	15.52
A0ABY6UDR3	-	22.55
A0ABY6UE63	-	11.93
A0ABY6UFL4	-	23.14
A0ABY6UJV8	C	3.38
A0ABY6UN80	-	11.35
A0ABY6UNY4	C	3.37
A0ABY6UPY2	-	22.16
A0ABY6UQ04	-	21.98
A0ABY6UR69	-	15.30
A0ABY6UWR4	-	22.86
A0ABY6UY83	C	3.22
A0ABY6V3C0	-	22.68
A0ABY7D6Q9	-	21.53
A0ABY7DU75	-	21.23
A0ABY7E0K8	-	8.47
A0ABY7E8M5	-	7.75
A0ABY7EQR1	-	11.82
A0ABY7ESX1	-	24.88
A0ABY7ET59	-	24.93
A0ABY7EU49	-	NA
A0ABY7EU89	-	16.04
A0ABY7EUY5	-	25.12
A0ABY7EVT5	-	13.91
A0ABY7EVT9	-	25.27
A0ABY7EW52	-	19.68
A0ABY7EW96	-	12.04
A0ABY7EX19	-	25.20
A0ABY7GC10	-	15.26
A0ABY7GU97	C	3.36
A0ABY7GXC8	C	3.07
A0ABY7JB21	-	15.98
A0ABY7K753	-	NA
A0ABY7K8H2	-	10.31
A0ABY7KG23	-	15.56
A0ABY7PC44	-	NA
A0ABY7PD91	-	NA
A0ABY7PY94	-	NA
A0ABY7XUN4	C	3.27
A0ABY8TFK6	C	3.19
A0ABY8TFP0	C	3.16
A0ABY8U111	C	3.05
A0ABY8U3M5	-	7.67
A0ABY8UC38	C*	4.04
A0ABY8UIN7	C*	3.94
A0ABY8UIY3	C	3.35
A0ABY8UNR8	-	9.47
A0ABY8UPE5	C*	3.57
A0ABY8WMF1	-	15.89
A0ABY9BLX9	C	3.28
A0ABY9CMC3	C	2.88
A0ABY9CMT7	C	2.82
A0ABY9EQN0	-	16.07
A0ABY9EUP9	C*	11.20
A0ABY9GZ39	-	15.93
A0ABY9ITB8	-	15.37
A0ABY9JN39	-	NA
A0ABY9RYS4	-	NA
A0ABY9SUW3	C	3.18
A0ABY9UKP5	-	NA
A0ABY9UM83	-	NA
A0ABY9VQP6	-	NA
A0ABY9VXR1	-	14.95
A0ABY9W9X1	-	NA
A0ABY9WX93	-	14.76
A0ABZ0HU16	C	3.38
A0ABZ0KFY1	-	NA
A0ABZ0KMA8	-	10.94
A0ABZ0LUF1	-	NA
A0ABZ0NNX6	-	16.02
A0ABZ0THB2	C*	3.62
A0ABZ0TQ63	C*	3.60
A0ABZ0VTX1	C	3.20
A0ABZ1ADG6	C*	3.60
A0ABZ1EPD3	-	NA
A0ABZ1F687	-	NA
A0ABZ1FSV1	-	14.86
A0ABZ1GKN1	-	NA
A0ABZ1HK89	-	NA
A0ABZ1HNZ4	-	NA
A0ABZ1ISA3	-	22.30
A0ABZ1IW01	-	NA
A0ABZ1J7L8	-	NA
A0ABZ1JPK6	-	NA
A0ABZ1JUU8	-	NA
A0ABZ1JW57	-	NA
A0ABZ1KK91	-	NA
A0ABZ1KSB6	-	NA
A0ABZ1L2C7	-	NA
A0ABZ1L7N7	-	NA
A0ABZ1LVF7	-	NA
A0ABZ1MA52	-	NA
A0ABZ1MKE0	-	NA
A0ABZ1NK22	-	NA
A0ABZ1NRZ5	-	NA
A0ABZ1Q4E8	-	NA
A0ABZ1Q4I8	-	NA
A0ABZ1Q6U7	C*	3.52
A0ABZ1QTL9	-	28.43
A0ABZ1QUA9	-	NA
A0ABZ1R3K8	-	NA
A0ABZ1RFT5	-	NA
A0ABZ1RGP4	-	NA
A0ABZ1SYY9	-	NA
A0ABZ1T569	-	NA
A0ABZ1T5C4	-	NA
A0ABZ1TQA4	C*	3.67
A0ABZ1TVV8	-	16.02
A0ABZ1U9Y4	C	3.38
A0ABZ1V5C6	-	NA
A0ABZ1VCP8	-	15.48
A0ABZ1W8D9	-	15.55
A0ABZ1WHI3	-	16.09
A0ABZ1WP19	-	NA
A0ABZ1WVE8	-	15.77
A0ABZ1XE58	-	NA
A0ABZ1XJX8	-	15.95
A0ABZ1XWP7	-	NA
A0ABZ1Z908	-	13.68
A0ABZ1ZIG4	-	NA
A0ABZ1ZKP5	-	15.68
A0ABZ1ZVH3	-	NA
A0ABZ2WJK3	C*	3.68
A0ABZ2WML6	C	2.83
A0ABZ2WW44	C	3.44
A0ABZ2X2C8	-	23.02
A0ABZ2X2P5	-	21.03
A0ABZ2X5L0	-	22.94
A0ABZ2X6I5	-	22.43
A0ABZ2XAZ6	C	3.42
A0ABZ2XC59	-	22.90
A0ABZ3BU46	C	3.28
A0AC11AXG3	-	13.27
A0AC11BLN5	-	12.83
A0AC11BZG5	-	13.23
A0AC34F0Y3	-	13.13
A0AC34F8Y4	-	17.89
A0AC34F9M8	-	11.58
A0AC34FE54	-	13.94
A0AC34QHI6	-	14.29
A0AC34QTV2	-	12.15
A0AC34RFD2	-	14.15
A0AC35FUG1	-	14.00
A0AC35FYI9	-	13.01
A0AC35TI99	-	13.44
A0AC35TPE1	-	18.44
A0AC35U6I3	-	11.17
A0AC41YFA1	C	2.66
A0AC58G2C5	-	12.64
A0AC58G2D5	-	12.64
A0AC58KST4	-	12.80
A0AC58LY40	-	13.03
A0AC58TFN9	C	2.84
A0AC58TLK9	C	2.94
A0AC58U5S7	C	2.86
A0AC59YLH1	-	12.82
A0AC59Z960	-	13.20
A0AC60A772	-	13.24
A0ACA9JUR1	C	3.11
A0ACA9JZ12	C	3.43
A0ACA9K0F7	C	3.18
A0ACA9K9U4	C	2.87
A0ACA9KKF6	C	3.28
A0ACA9LR35	C	3.29
A0ACA9LXK0	C	3.09
A0ACA9M6F6	C	2.88
A0ACA9MFV3	C	3.08
A0ACA9Q0F8	C*	3.73
A0ACA9Q961	C	3.25
A0ACA9RE12	C	3.43
A0ACA9RPM3	C	3.10
A0ACA9TFL9	C	2.87
A0ACA9TPP0	-	22.58
A0ACA9TSJ0	C	3.21
A0ACA9TXN9	-	22.75
A0ACA9TYA0	-	22.87
A0ACA9TZH0	-	21.27
A0ACA9TZR5	-	15.16
A0ACA9U3U3	-	10.31
A0ACA9U4D2	C	3.21
A0ACA9U4J8	-	22.29
A0ACA9UJ52	-	15.32
A0ACA9UKW1	-	22.75
A0ACA9UMC9	-	23.08
A0ACB0EDL1	-	12.82
A0ACB0EXT7	-	13.20
A0ACB0FHL5	-	13.24
A0ACB0J7N9	C	3.18
A0ACB0JXW5	C	2.89
A0ACB0KQP9	C	2.83
A0ACB0KWA4	C	2.84
A0ACB0L2E5	C	3.35
A0ACB0L2E8	C	3.32
A0ACB0L4G0	C	3.32
A0ACB0L519	C	3.21
A0ACB0XMH8	-	11.15
A0ACB0XN11	-	11.87
A0ACB0Y497	-	18.43
A0ACB0Y7T5	-	18.34
A0ACB0YEA9	-	15.84
A0ACB0YFD1	-	18.40
A0ACB0YTT5	-	14.04
A0ACB0YTV3	-	6.95
A0ACB0YU33	-	9.75
A0ACB0YV90	-	13.31
A0ACB1AKM0	-	12.71
A0ACB1AMP4	-	6.99
A0ACB1AP86	-	9.75
A0ACB1AS38	-	15.38
A0ACB1AT13	-	15.57
A0ACB1AYG2	-	13.38
A0ACB1AYG8	-	10.23
A0ACB1AZH1	-	9.19
A0ACB1B2A1	-	13.73
A0ACB1B806	-	11.87
A0ACB5RUH5	C	2.84
A0ACB5RUU5	-	22.08
A0ACB5RUX0	-	NA
A0ACB5RW17	-	22.06
A0ACB5RXD1	-	22.62
A0ACB5S1P3	-	23.08
A0ACB5S4G2	-	15.24
A0ACB5SAS9	C	2.91
A0ACB5SCA7	-	15.87
A0ACB5SHS6	-	16.65
A0ACB5SLM9	C	3.48
A0ACB5SPB0	-	15.60
A0ACB5SPE2	-	15.96
A0ACB5SPV6	-	22.80
A0ACB6F4L5	-	23.43
A0ACB6F5N8	C	2.91
A0ACB6F641	-	9.98
A0ACB6F907	-	22.12
A0ACB6FB67	-	21.13
A0ACB6FGH9	-	23.12
A0ACB6FGU9	-	22.81
A0ACB6FMU4	C*	3.83
A0ACB6FN41	-	15.88
A0ACB6FQR3	-	22.30
A0ACB6FRC5	C	2.86
A0ACB6FTH8	-	19.91
A0ACB6FTN5	-	22.74
A0ACB6FYG9	-	22.44
A0ACB6FYR3	-	22.28
A0ACB6FZK2	-	20.81
A0ACB6G0J7	-	23.17
A0ACB6G0P3	-	14.96
A0ACB6G3R1	-	22.64
A0ACB6G405	-	15.73
A0ACB6QAH6	C	2.76
A0ACB6QDU3	C*	3.75
A0ACB6QFG3	-	NA
A0ACB6QHH6	C	2.66
A0ACB6QIU6	C*	3.89
A0ACB6QK91	C*	3.78
A0ACB6QQH8	-	18.64
A0ACB6QXY9	C	3.18
A0ACB6QZ82	-	23.05
A0ACB6R138	-	22.74
A0ACB6R1D7	-	15.42
A0ACB6RAK9	-	18.20
A0ACB6RB87	-	NA
A0ACB6RDZ1	-	22.73
A0ACB6RG49	C*	4.05
A0ACB6RHV1	-	20.18
A0ACB6RIZ1	-	14.96
A0ACB6RLP9	C*	3.54
A0ACB6RLT2	-	19.04
A0ACB6RNM5	C*	3.64
A0ACB6RSZ3	-	15.11
A0ACB6RVN5	C	3.08
A0ACB6RWX2	-	23.03
A0ACB6S127	-	14.99
A0ACB6S435	C	2.88
A0ACB6S5V8	-	14.76
A0ACB6SAT1	-	15.84
A0ACB6Z417	-	14.87
A0ACB6Z4V4	-	15.00
A0ACB6Z8Q8	-	15.32
A0ACB6Z8T5	-	14.81
A0ACB6ZCG4	-	15.38
A0ACB6ZD36	-	14.84
A0ACB6ZF33	-	15.01
A0ACB6ZI71	-	14.93
A0ACB6ZPA1	-	14.73
A0ACB7EJ04	-	13.12
A0ACB7EW16	-	12.79
A0ACB7IK85	-	22.13
A0ACB7ITD8	-	13.19
A0ACB7NW31	-	15.29
A0ACB7NYC4	-	23.05
A0ACB7NYD3	-	22.81
A0ACB7P093	-	15.20
A0ACB7P0J0	C	2.86
A0ACB7P235	-	22.44
A0ACB7P4Q1	-	21.17
A0ACB7P4S6	-	23.11
A0ACB7P4Z6	-	18.98
A0ACB7P620	-	10.51
A0ACB7PAM3	-	23.95
A0ACB7PCI4	C	3.17
A0ACB7PEA4	-	22.16
A0ACB7PFM9	C	2.92
A0ACB7PGA3	-	15.34
A0ACB7PK71	-	23.27
A0ACB7PM42	-	22.64
A0ACB7PME6	-	22.81
A0ACB7PQN8	C	2.87
A0ACB7PRL0	-	22.23
A0ACB7PSA7	C	3.00
A0ACB7TUN8	C	2.85
A0ACB7TVJ3	C	2.89
A0ACB7TVM3	C	2.93
A0ACB7TZS8	C	2.83
A0ACB7TZV6	C	2.51
A0ACB7UNM0	C	2.71
A0ACB7VR67	C	3.18
A0ACB7VR93	C	3.43
A0ACB7VRA3	C	3.27
A0ACB7VRS0	C	2.96
A0ACB7VRZ0	C	2.76
A0ACB7VS42	C	2.86
A0ACB7X7I8	C	2.74
A0ACB7XEH0	C	2.85
A0ACB7YUF3	C	2.85
A0ACB8BYL3	C	3.37
A0ACB8FJ36	-	13.04
A0ACB8GMA1	C	3.23
A0ACB8GNM2	-	21.66
A0ACB8GPR9	-	21.92
A0ACB8GTC1	-	22.02
A0ACB8GU20	-	22.12
A0ACB8H9N0	C	3.48
A0ACB8H9T8	-	21.80
A0ACB8H9U9	C	2.94
A0ACB8HA24	C	3.23
A0ACB8HA52	C	2.80
A0ACB8HAF0	-	22.02
A0ACB8HCS0	-	NA
A0ACB8NFF0	C	2.91
A0ACB8QEM8	-	14.74
A0ACB8QLS4	-	NA
A0ACB8RHH7	C	3.13
A0ACB8S060	-	15.21
A0ACB8SK53	-	15.29
A0ACB8SU39	-	15.10
A0ACB8SW39	-	14.58
A0ACB8T765	C*	3.60
A0ACB8TB58	C*	3.84
A0ACB8TSI7	C	2.80
A0ACB8UZU6	-	22.49
A0ACB8V0J7	C	3.32
A0ACB8V2K0	-	22.85
A0ACB8VDY9	-	13.06
A0ACB8VFE3	-	12.92
A0ACB8VL59	-	13.16
A0ACB8X1W8	-	13.43
A0ACB8X6W5	-	12.77
A0ACB8XUZ5	C	2.86
A0ACB8XVY1	C	2.85
A0ACB8ZDC5	C	3.08
A0ACB8ZND1	C	2.98
A0ACB8ZYK7	C	2.88
A0ACB8ZZ10	C	3.01
A0ACB8ZZ26	C	3.02
A0ACB8ZZW4	C	2.87
A0ACB9ADX3	C	2.90
A0ACB9AE47	C	3.24
A0ACB9AF37	C	2.92
A0ACB9B610	C	2.94
A0ACB9B924	C	2.72
A0ACB9DFT0	C	2.82
A0ACB9E3S7	C	3.10
A0ACB9E4E7	C	3.02
A0ACB9E4J5	C	2.88
A0ACB9EAT5	C	2.87
A0ACB9F2E9	C	3.03
A0ACB9F2Z1	C	2.83
A0ACB9FEQ2	C	2.92
A0ACB9FEX1	C	2.85
A0ACB9FEX4	C	3.31
A0ACB9FFD9	C	3.07
A0ACB9FVK7	C	2.97
A0ACB9GF36	C	3.40
A0ACB9GS48	C	2.74
A0ACB9GSE1	C	3.32
A0ACB9GSP5	C	2.90
A0ACB9GTQ5	C	3.07
A0ACB9I797	C	2.99
A0ACB9IA76	C	2.86
A0ACB9IPA5	C	2.73
A0ACB9IQ81	C	2.88
A0ACB9IQL7	C	3.39
A0ACB9KHH2	C	2.99
A0ACB9KHK2	C	2.85
A0ACB9KHK9	C	2.87
A0ACB9KHL1	C	3.29
A0ACB9KHN3	C	2.81
A0ACB9KPZ2	C	3.02
A0ACB9KQ01	C	2.90
A0ACB9KQH6	C*	4.12
A0ACB9KQN4	C*	3.93
A0ACB9P225	C	2.96
A0ACB9R5F0	C	2.72
A0ACB9R753	C	2.67
A0ACB9U9R6	-	13.23
A0ACB9W011	-	13.19
A0ACB9W7D3	-	12.62
A0ACB9WLP5	-	13.30
A0ACB9WNG6	-	13.06
A0ACB9YLA3	-	22.37
A0ACB9YLY3	-	22.44
A0ACB9YLZ4	-	22.97
A0ACB9YV20	C*	6.26
A0ACB9YZX1	-	22.85
A0ACB9Z153	-	15.71
A0ACB9Z4F5	-	14.13
A0ACB9ZAH5	C	3.30
A0ACB9ZET7	-	15.02
A0ACB9ZF75	-	18.97
A0ACC0AC67	C	2.75
A0ACC0CIU2	-	15.21
A0ACC0CLK3	-	22.63
A0ACC0CM42	-	23.03
A0ACC0CP42	-	23.05
A0ACC0D1W7	-	18.91
A0ACC0D7T5	C	3.45
A0ACC0D8I2	-	14.21
A0ACC0DAY4	-	22.65
A0ACC0DDX5	-	18.95
A0ACC0DGB4	-	15.76
A0ACC0DM41	C	3.02
A0ACC0DTL1	-	7.00
A0ACC0DTX9	-	10.73
A0ACC0GFR3	C	2.79
A0ACC0GG18	C	2.81
A0ACC0GM13	C	3.02
A0ACC0LAU0	C	2.69
A0ACC0PR38	C	2.87
A0ACC0QB30	-	15.91
A0ACC0QEY9	C	3.16
A0ACC0QG35	-	22.75
A0ACC0QHU8	-	22.88
A0ACC0QMC4	C	3.47
A0ACC0QWU4	C	3.46
A0ACC0R369	C	3.07
A0ACC0RA38	C	3.17
A0ACC0RIA1	C	3.46
A0ACC0S972	C*	9.97
A0ACC0T4S4	C	2.93
A0ACC0T5F3	C	2.93
A0ACC0T5J0	C	2.93
A0ACC0TNQ4	C	3.34
A0ACC0TNS4	C	2.86
A0ACC0TNT1	C	2.90
A0ACC0TNW6	C	2.89
A0ACC0TP89	C	2.90
A0ACC0TPJ8	C	2.89
A0ACC0TPP5	C	2.88
A0ACC0TPQ2	C	2.71
A0ACC0UB63	C	2.94
A0ACC0UBD5	C*	3.76
A0ACC0UCN6	C	3.19
A0ACC0V4A4	C	3.16
A0ACC0W1T7	-	12.04
A0ACC0W512	-	NA
A0ACC0WCW2	-	12.32
A0ACC0WDW4	-	12.62
A0ACC0XL08	C	2.86
A0ACC0XMJ2	-	NA
A0ACC1A5Y2	-	NA
A0ACC1HEN0	-	21.36
A0ACC1HGN9	-	21.99
A0ACC1HJ19	-	19.09
A0ACC1HJM1	-	13.02
A0ACC1HJT6	-	20.71
A0ACC1HNE3	-	14.19
A0ACC1HST6	-	22.62
A0ACC1HXC0	-	22.37
A0ACC1IV89	-	22.15
A0ACC1IVC9	-	9.73
A0ACC1IVF6	-	22.97
A0ACC1IVG8	-	22.77
A0ACC1IVH2	-	7.46
A0ACC1IX00	-	13.02
A0ACC1IX38	-	9.40
A0ACC1IXB4	-	22.46
A0ACC1IYU5	-	7.29
A0ACC1J7K1	-	22.50
A0ACC1JAA5	-	22.65
A0ACC1JF58	-	22.26
A0ACC1JQG4	-	22.17
A0ACC1K0H3	-	7.08
A0ACC1K1L7	-	13.04
A0ACC1K240	-	22.12
A0ACC1K3Z8	-	22.37
A0ACC1K6Z3	-	9.69
A0ACC1K707	-	22.65
A0ACC1K810	-	22.77
A0ACC1K9H8	-	22.43
A0ACC1KH38	-	22.36
A0ACC1KJ20	-	19.32
A0ACC1KKM5	-	13.10
A0ACC1KLX8	-	22.56
A0ACC1KMS8	-	22.80
A0ACC1KNB5	-	9.77
A0ACC1KNJ3	-	22.69
A0ACC1KQ89	-	7.11
A0ACC1KQZ4	-	22.20
A0ACC1KWA2	-	22.65
A0ACC1KZ88	-	14.52
A0ACC1L5T1	-	12.99
A0ACC1LBK3	-	22.10
A0ACC1LGB1	-	22.77
A0ACC1LH49	-	9.59
A0ACC1LIP9	-	19.09
A0ACC1LR57	-	22.38
A0ACC1LSD8	-	13.03
A0ACC1LSM4	-	22.74
A0ACC1LU45	-	22.35
A0ACC1M2K4	-	13.09
A0ACC1M2R8	-	22.22
A0ACC1M753	-	22.05
A0ACC1M7I5	-	22.21
A0ACC1M831	-	23.10
A0ACC1M8E0	-	22.38
A0ACC1M8E6	-	9.79
A0ACC1M9L5	-	22.48
A0ACC1MA39	-	22.49
A0ACC1MA94	-	22.29
A0ACC1MLA8	C	2.91
A0ACC1MXU3	-	14.36
A0ACC1MZH6	-	12.45
A0ACC1NH54	-	22.58
A0ACC1NHK1	-	22.94
A0ACC1NLV5	-	18.56
A0ACC1NNE9	C	3.38
A0ACC1NWS4	-	15.27
A0ACC1P0Q8	C	3.21
A0ACC1P414	C	3.05
A0ACC1PD21	C	3.20
A0ACC1PEW3	-	14.81
A0ACC1PKT5	C	2.78
A0ACC1PLZ8	-	22.99
A0ACC1PMJ2	-	15.69
A0ACC1PQ96	-	22.54
A0ACC1Q503	C*	3.84
A0ACC1QHQ0	C	3.15
A0ACC1QNQ0	-	NA
A0ACC1QU05	-	NA
A0ACC1R809	C	2.90
A0ACC1R8A6	-	14.43
A0ACC1RGF0	C	3.23
A0ACC1RIB5	C	2.94
A0ACC1RTN0	C	3.03
A0ACC1RX66	-	15.66
A0ACC1RYM5	-	15.75
A0ACC1S0F4	-	15.55
A0ACC1S194	C	3.35
A0ACC1S227	C*	4.45
A0ACC1S3L9	-	22.11
A0ACC1S912	-	22.61
A0ACC1SAF0	-	16.78
A0ACC1SAF6	-	12.21
A0ACC1SF13	C	3.06
A0ACC1SFB7	-	NA
A0ACC1SKZ7	C	3.36
A0ACC1SLU8	C	2.92
A0ACC1SMW6	-	22.36
A0ACC1STZ8	C	2.91
A0ACC1T5A6	C	2.65
A0ACC1T874	C	3.24
A0ACC1T8E7	C*	3.75
A0ACC1T8L1	C*	3.73
A0ACC1TW98	C	3.29
A0ACC1U033	-	14.97
A0ACC1UC83	-	15.18
A0ACC1UCT7	-	NA
A0ACC1WWQ1	C	3.25
A0ACC2AB39	C	3.44
A0ACC2AB81	C	2.80
A0ACC2AB83	C	3.11
A0ACC2ABA4	C	2.75
A0ACC2ABB5	C	3.18
A0ACC2ABC4	C	3.40
A0ACC2ABE5	C	3.03
A0ACC2ASW8	C	2.78
A0ACC2ASX2	C	2.78
A0ACC2ASX3	C*	3.56
A0ACC2ASX7	C	3.35
A0ACC2ASY1	C	2.58
A0ACC2AT34	C	2.78
A0ACC2AT69	C	2.78
A0ACC2ATP7	C	2.58
A0ACC2AUB8	C	2.58
A0ACC2BF43	C	2.96
A0ACC2BF89	C	2.96
A0ACC2BG01	C	2.90
A0ACC2FVI2	-	13.07
A0ACC2G207	-	13.21
A0ACC2GA98	-	12.85
A0ACC2GX59	-	12.83
A0ACC2HA47	-	13.21
A0ACC2HR65	-	NA
A0ACC2I1D4	-	22.86
A0ACC2I3M2	-	15.24
A0ACC2I6K2	-	19.39
A0ACC2IC80	C	3.12
A0ACC2ID33	-	NA
A0ACC2IGC0	-	15.00
A0ACC2IGE6	-	22.52
A0ACC2IIZ4	-	14.78
A0ACC2IJE4	-	15.11
A0ACC2IJR9	C	3.09
A0ACC2IM76	-	21.86
A0ACC2IMW5	-	22.78
A0ACC2IP30	-	16.20
A0ACC2IQ67	-	20.21
A0ACC2IQ68	-	21.04
A0ACC2IQW7	-	14.80
A0ACC2IRA4	-	14.96
A0ACC2IT86	-	15.89
A0ACC2J0Z3	-	19.10
A0ACC2J4D6	-	22.68
A0ACC2J646	-	14.69
A0ACC2J678	C*	3.77
A0ACC2J732	-	15.62
A0ACC2J9D2	C	3.16
A0ACC2JAQ4	-	22.80
A0ACC2JBL3	-	NA
A0ACC2JI51	C*	3.62
A0ACC2JLY7	C	2.94
A0ACC2JQ89	C	3.36
A0ACC2JU58	-	22.91
A0ACC2JUV3	C	3.34
A0ACC2JVL0	-	15.83
A0ACC2JVS6	-	14.83
A0ACC2KB47	C	3.15
A0ACC2KJ36	C	3.29
A0ACC2KJ49	C	3.24
A0ACC2L3H4	C	2.69
A0ACC2L6Z2	C	2.93
A0ACC2L7E1	C	2.83
A0ACC2L7J1	C	2.65
A0ACC2M6H9	C	3.34
A0ACC2M6I7	C	3.37
A0ACC2RE04	-	10.57
A0ACC2RFS8	-	12.35
A0ACC2RFY6	-	12.37
A0ACC2RI34	-	18.60
A0ACC2RI75	-	18.86
A0ACC2RI87	-	19.02
A0ACC2RP22	-	22.86
A0ACC2RP36	-	21.52
A0ACC2RRJ6	-	21.40
A0ACC2RV68	-	22.40
A0ACC2RV87	-	15.71
A0ACC2RVH7	-	21.85
A0ACC2RZQ3	-	22.18
A0ACC2S0A8	-	22.37
A0ACC2S0P5	-	NA
A0ACC2S0V3	-	22.17
A0ACC2S2C7	-	24.27
A0ACC2S8U6	-	22.25
A0ACC2S8V8	-	21.91
A0ACC2S963	-	22.32
A0ACC2SBR4	-	22.20
A0ACC2SD12	-	22.38
A0ACC2SF11	-	24.33
A0ACC2SFQ9	-	18.86
A0ACC2SFX5	-	19.34
A0ACC2SR01	-	21.76
A0ACC2SRV0	-	21.12
A0ACC2SUK8	-	10.46
A0ACC2SUN4	-	11.66
A0ACC2SY76	-	22.04
A0ACC2SZ27	-	22.44
A0ACC2SZI4	-	22.73
A0ACC2T351	-	22.50
A0ACC2T3B9	-	21.97
A0ACC2T3H8	-	22.08
A0ACC2T3L9	-	NA
A0ACC2T3Q8	-	22.15
A0ACC2T450	-	22.32
A0ACC2T4I7	-	NA
A0ACC2T5D0	-	22.13
A0ACC2T6Y9	-	21.48
A0ACC2T704	-	22.45
A0ACC2T7I7	-	22.37
A0ACC2T7K2	-	22.30
A0ACC2T9U2	-	19.08
A0ACC2TB41	-	21.10
A0ACC2TCU6	-	22.49
A0ACC2TD65	-	21.59
A0ACC2TF83	-	22.12
A0ACC2TH31	-	22.14
A0ACC2TIA1	-	8.36
A0ACC2TID4	-	7.97
A0ACC2TJ92	-	NA
A0ACC2TJT1	-	22.27
A0ACC2TJW4	-	NA
A0ACC2TPI5	-	22.36
A0ACC2TSA8	-	24.34
A0ACC2TVA3	-	21.73
A0ACC2TVV6	-	22.40
A0ACC2TVW9	-	21.95
A0ACC2TW95	-	22.34
A0ACC2TWG8	-	22.21
A0ACC2TWK4	C*	11.86
A0ACC2TX29	-	22.23
A0ACC2TX51	-	22.23
A0ACC2TXE9	-	23.90
A0ACC2TXU5	-	22.23
A0ACC2TY60	-	21.72
A0ACC2TY96	-	10.44
A0ACC2TY98	-	10.53
A0ACC2TZ91	-	22.40
A0ACC2TZZ9	-	22.18
A0ACC2U085	-	22.31
A0ACC2U0B8	-	NA
A0ACC2U3V9	-	22.35
A0ACC2U405	-	NA
A0ACC2U6M1	-	22.48
A0ACC2U6X5	-	22.05
A0ACC2U767	-	NA
A0ACC2U7B3	-	NA
A0ACC2U885	-	18.66
A0ACC2U9E0	-	24.33
A0ACC2UAS6	-	22.26
A0ACC2UGW0	-	22.23
A0ACC2UGZ0	-	21.73
A0ACC2UM34	-	21.75
A0ACC2UNI1	-	22.29
A0ACC2UNN5	-	22.26
A0ACC2UQA1	-	21.82
A0ACC2URU6	-	22.24
A0ACC2UUB7	-	8.19
A0ACC2UV33	-	8.11
A0ACC2ZBB1	-	23.03
A0ACC2ZZX6	-	23.04
A0ACC3A5L7	C	3.13
A0ACC3AAT4	-	21.94
A0ACC3AFN8	-	15.88
A0ACC3AMS3	-	22.62
A0ACC3AMX3	-	23.03
A0ACC3AYV4	-	22.81
A0ACC3AZX0	C	3.37
A0ACC3BCY3	-	22.70
A0ACC3BJG3	-	15.14
A0ACC3BJZ1	-	21.12
A0ACC3BK13	-	21.20
A0ACC3BNG1	-	21.07
A0ACC3BTP6	-	20.37
A0ACC3BV21	-	9.15
A0ACC3C3N3	-	21.25
A0ACC3C3P1	-	22.74
A0ACC3C5E3	-	8.43
A0ACC3C9N3	-	15.81
A0ACC3CB14	-	13.86
A0ACC3CBK0	-	NA
A0ACC3CBV5	-	NA
A0ACC3CDQ3	-	21.47
A0ACC3CDV4	-	12.54
A0ACC3CEB8	-	NA
A0ACC3CJ60	-	19.54
A0ACC3DNN8	-	NA
A0ACC3L380	C	3.33
A0ACC3MCJ7	C	3.42
A0ACC3NCC8	C	3.39
A0ACC3NFM7	C*	3.67
A0ACC3NHH7	C*	3.60
A0ACC3NIQ5	-	NA
A0ACC3NX25	C	3.41
A0ACC3S6W2	-	22.85
A0ACC3SBR1	C	3.45
A0ACC3SCJ8	-	NA
A0ACC3YDI7	-	22.26
A0ACC3YE67	-	15.72
A0ACC3YEP6	-	10.55
A0ACC3YF31	-	18.57
A0ACC3YJX9	-	NA
A0ACC3YKA4	-	14.46
A0ACC3YNG7	-	22.52
A0ACC3YP94	-	15.26
A0ACC3YRR1	-	15.83
A0ACC3YT05	C	3.34
A0ACC3YUB1	-	22.72
A0ACC3YVU4	-	21.77
A0ACC3YY16	-	22.67
A0ACC3YYZ1	C	3.05
A0ACC3Z109	-	22.73
A0ACC3Z4Z0	-	22.71
A0ACC3Z5L5	C	2.84
A0ACC3Z738	-	23.94
A0ACC3ZAS3	-	NA
A0ACC3ZC40	C	3.35
A0ACC3ZH19	-	17.30
A0ACC3ZL32	-	22.53
A0ACC4BDJ0	C	2.84
A0ACC4BED5	C	2.86
A0ACC4CHH0	C	2.79
A0ACC4D453	C	2.84
A0ACC4D4C9	C	2.89
A0ACC4D503	C	2.92
A0ACC4D5P1	C	3.09
A0ACC4D7E4	-	23.18
A0ACC4DAN0	C	2.77
A0ACC4DBR1	-	NA
A0ACC4DXW3	C	3.02
A0ACC5MEJ0	-	14.68
A0ACC5WGJ6	-	13.04
A0ACC5X2L7	-	12.93
A0ACC5XAQ8	-	13.23
A0ACC5XUH3	-	12.79
A0ACC5Y928	-	13.03
A0ACC5YWN2	-	13.03
A0ACC5Z397	-	13.32
A0ACC5ZN90	-	12.75
A0ACC6AGS2	C	3.29
A0ACC6LFG7	C	3.13
A0ACC6N5S0	C	3.28
A0ACC6N6D9	C*	3.70
A0ACC6Q068	-	NA
A0ACC6Q501	-	NA
A0ACC6QSY9	-	NA
A0ACC7MCI3	C	3.07
A0ACC7NAX2	C	3.35
A0ACC7PIK2	-	15.00
A0ACC8EKA8	C	3.27
A0ACD1FWB0	-	17.73
A0ACD1FZQ3	-	20.34
A0ACD1G6D5	C	3.47
A0ACD1GE84	-	15.16
A0ACD1GJU9	-	15.72
A0ACD1GQ92	-	22.68
A0ACD1GWX4	C	3.37
A0ACD1GX66	-	15.72
A0ACD1H3X1	-	16.60
A0ACD1H4T4	-	20.18
A0ACD1H5L9	-	22.70
A0ACD1H9Y0	-	17.73
A0ACD1HPQ9	-	15.21
A0ACD1HYR0	-	17.89
A0ACD1I0E6	-	22.73
A0ACD1I4V8	-	15.18
A0ACD1IDW1	-	14.78
A0ACD1IG11	-	NA
A0ACD1IKL3	C	3.31
A0ACD1IUP0	-	20.87
A0ACD1IV02	-	22.51
A0ACD3ALF2	-	15.44
A0ACD3AUA0	-	15.39
A0ACD3AW72	C	2.86
A0ACD3AWL0	-	15.23
A0ACD3AX98	C	2.99
A0ACD3AYU9	-	15.00
A0ACD3B3W8	-	15.53
A0ACD3B8Y7	C	2.94
A0ACD3BBC7	-	14.45
A0ACD3Q5J4	-	12.89
A0ACD3QK11	-	13.16
A0ACD3R508	-	13.26
A0ACD3YVM0	-	NA
A0ACD3YXB4	-	22.10
A0ACD3YYX0	C	2.92
A0ACD3Z1I3	C	2.75
A0ACD3Z4V6	C*	4.10
A0ACD3Z8I2	C	3.14
A0ACD3ZFV0	C	3.18
A0ACD3ZI13	C	3.45
A0ACD3ZKX0	-	22.65
A0ACD4WSF6	-	NA
A0ACD4ZVF2	-	14.09
A0ACD5ADR0	-	15.70
A0ACD5UEE1	C	2.88
A0ACD5UF24	C	2.76
A0ACD5UFS2	C	2.78
A0ACD5UW14	C	2.75
A0ACD5UXG1	C	2.77
A0ACD5V1A7	C	2.78
A0ACD5V285	C	2.77
A0ACD5V2G9	C	2.85
A0ACD5VUI5	C	2.98
A0ACD5W531	C	2.94
A0ACD5WKW3	C	2.97
A0ACD5ZBM6	C	3.33
A0ACD6A2N4	C	3.12
A0ACD6AJ11	C	3.09
A0T1D3	C	2.78
A0T1D5	C	3.20
A0T1D6	C	3.20
A0ZXZ4	C	2.94
A1BB10	C	3.28
A1C4G0	-	22.75
A1CCY9	-	22.84
A1CDX9	-	22.43
A1CIU9	-	21.63
A1CVG0	-	14.28
A1CVX2	-	21.78
A1D120	C*	3.68
A1DJF5	-	22.85
A1E2V2	-	15.19
A1E2V3	-	12.81
A1E2V4	-	12.76
A1E2V5	-	12.81
A1EHK7	C	3.17
A1IHF0	-	18.67
A1IHF1	-	18.70
A1L1Y0	-	13.17
A2IAT9	C	3.32
A2IAU0	C	3.21
A2Q4Q3	C	2.72
A2Q4Q4	C	2.86
A2Q9V3	-	22.77
A2QFP6	-	17.86
A2QTR2	-	20.68
A2QUC2	-	22.51
A2QYL5	C*	3.56
A2R6E6	-	16.94
A2RBK8	-	NA
A3F9I9	C	2.84
A3K3J4	-	NA
A3KDL7	-	13.23
A3P7S5	C	3.31
A4L2N2	-	13.20
A4QNF6	-	12.94
A5AZ52	C	2.89
A5BPY3	C	2.74
A5X3J4	C	3.02
A5X3J7	C	3.07
A5X3J8	C	3.10
A5X3J9	C	2.94
A5X3K9	C	2.98
A5X3L1	C	3.10
A5X3L2	C	3.14
A5X3L3	C	2.99
A5X3L4	C	2.97
A5X3L6	C	2.97
A5X3L7	C	2.99
A5X3L8	C	2.97
A5X3L9	C	2.96
A5X3M2	C	2.99
A5X3M4	C	2.94
A5X3M5	C	2.97
A5X3M6	C	3.02
A5X3M7	C	3.04
A5X3M9	C	3.00
A5X3N0	C	3.00
A5X3N3	C	3.00
A5X3N5	C	2.96
A5X3N6	C	2.93
A5X3N7	C	2.90
A5X3N8	C	2.95
A5X3N9	C	2.92
A5X3P0	C	3.04
A5X3P2	C	3.06
A5X3P3	C	3.05
A5X3P4	C	2.96
A5X3P5	C	3.15
A5X3P7	C	3.10
A5X3P8	C	3.04
A5X3P9	C	2.90
A5X3Q0	C	3.06
A5X3Q1	C	3.00
A6GK98	-	13.01
A6HUF5	-	13.24
A6I5Y6	-	13.16
A6J829	-	12.80
A6N8J4	C	2.75
A6NAA0	C	2.73
A6UM82	C	3.19
A6UMX4	C	3.17
A6YS04	C	2.72
A6YS05	C	2.73
A7BHQ9	-	NA
A7BK18	-	19.14
A7DZQ9	C	2.93
A7E8E8	C	3.33
A7EHD3	C	3.36
A7F6Y4	C	3.15
A7FA30	C	2.76
A7J0K5	C	2.89
A7J0K6	C	2.75
A7J0K7	C	2.82
A7J0K8	C	2.89
A7J0K9	C	2.71
A7J0L0	C	2.78
A7J0L1	C	2.77
A7J0L2	C	2.73
A7J0L3	C	2.84
A7J0L4	C	2.82
A7J0L5	C	2.82
A7J0L6	C	2.80
A7J0L7	C	2.85
A7J0L8	C	2.78
A7J0L9	C	2.79
A7J0M0	C	2.97
A7J0M1	C	2.71
A7J0M2	C	2.75
A7J0M3	C	2.92
A7J0M4	C	2.84
A7J0M5	C	2.75
A7J0M6	C	2.81
A7J0M7	C	2.78
A7J0M8	C	2.80
A7J0M9	C	2.77
A7J0N0	C	2.92
A7J0N1	C	2.76
A7LK11	-	13.23
A7RKE4	-	NA
A7RQY2	-	18.89
A7RXW5	-	15.53
A7SSF6	-	11.44
A7U8E1	-	13.15
A7UDR7	C	2.74
A7UWM5	-	23.08
A7UX66	-	22.95
A8KAQ0	-	13.27
A8MZV5	-	21.21
A8MZX9	-	21.10
A8N3D8	-	22.04
A8N3K9	-	21.90
A8N3S0	-	NA
A8N4B1	-	NA
A8N4B2	-	21.98
A8N4N8	-	21.01
A8N4N9	-	21.67
A8NBL1	-	21.62
A8NDI8	-	9.77
A8NKU3	-	21.67
A8NL26	-	21.20
A8NQE7	-	21.40
A8P1K6	-	9.89
A8P1Q9	-	21.86
A8WW09	-	11.43
A8WZV4	-	12.19
A8XF52	-	13.95
A8XF53	-	9.19
A8XL54	-	13.28
A8XSB6	-	14.46
A8Y191	-	12.89
A8ZLP7	C	3.30
A9BYB5	C	3.14
A9G933	-	67.18
A9SJQ8	C	3.12
A9SUP1	C	3.15
A9T5A8	C*	3.58
A9U439	C*	3.95
A9U514	C	3.33
A9Y148	-	12.77
A9Y149	-	12.80
B0CN01	-	NA
B0DMA1	C*	3.92
B0DMX0	C	3.37
B0DNR7	-	22.28
B0FIU2	C	2.68
B0LIY4	-	NA
B0LLV3	C	2.77
B0XPC0	C*	3.65
B0XX11	-	23.00
B1H1U5	-	7.76
B1VRD8	-	13.64
B1VTI5	-	15.67
B1W2B2	-	NA
B2AB03	C	3.35
B2ACB0	-	23.90
B2ALA7	-	22.15
B2AMC1	-	22.08
B2ANC0	-	15.52
B2ARH2	C	3.20
B2ARY3	-	22.04
B2ATH2	-	23.09
B2AU58	C*	3.56
B2B1L7	-	20.43
B2B2Q9	-	22.75
B2BX66	C	2.85
B2CY76	-	13.26
B2IXG2	-	69.12
B2J558	-	68.90
B2JRT6	C	2.92
B2VW57	-	NA
B2VWU0	-	22.64
B2VWX3	-	15.03
B2VXX3	C*	3.63
B2VY53	-	18.44
B2VY84	-	23.10
B2WDF2	C	2.84
B2WG41	-	15.79
B2WH32	-	NA
B2WLF0	-	16.38
B2ZB02	-	NA
B3TPV0	C	2.81
B3TPV1	C	2.78
B3TPV2	C	2.90
B3TPV3	C	2.90
B3TPV5	C	2.94
B3TPV6	C	2.92
B3VKX3	-	13.30
B3VKX4	-	12.82
B3VKX5	-	12.81
B3VKX7	-	13.30
B3VQ03	C	2.76
B3WFP2	C	2.78
B4YPC7	-	13.19
B5GYQ0	-	NA
B5H1U8	-	NA
B5I5F1	-	NA
B5I7P4	-	15.53
B5RHQ6	C	3.41
B5RHQ8	C	3.10
B5RHQ9	C	3.38
B5RHR0	C	2.97
B5RHR1	C	3.12
B5UA07	-	13.11
B5UA08	-	13.08
B6H6P3	-	22.29
B6HML8	C	2.78
B6HTY5	C*	3.53
B6HUM2	-	22.68
B6Q7X0	-	21.76
B6Q8Y2	-	22.85
B6QJ94	C	3.24
B6ST03	C	3.10
B6SVR5	C	2.90
B6TFD4	C	2.73
B6UV38	C	2.77
B6VPX8	-	12.68
B7GA89	-	12.77
B7JU04	-	26.71
B7VEU9	C	3.19
B7VEV0	C	3.19
B7X728	-	13.20
B7ZZ57	C	3.01
B8AUJ0	C*	3.55
B8AUJ1	C	2.94
B8J766	-	15.92
B8MG02	-	22.74
B8MQC5	C	2.78
B8N681	-	22.85
B8NIJ9	-	22.65
B8NM74	C*	6.46
B8NWK1	-	15.29
B9HYL4	C	2.85
B9I1S3	C	2.96
B9JWV3	C	3.29
B9RZ47	C	2.79
B9VNV4	C	3.21
B9VS06	C	2.84
B9VU65	-	NA
B9W000	C	3.30
B9W001	C*	3.51
B9W002	C	3.35
B9XQZ3	-	NA
C0KD49	C	2.82
C0L3S4	C	2.80
C0LU17	C	2.83
C0NAP3	C	3.29
C0NAT6	-	15.06
C0NHD4	C*	3.75
C0NWD7	-	23.01
C0NXG2	C	3.43
C0P0J4	-	15.42
C0SPI2	C	2.75
C0SPI4	C	2.84
C1G320	C	3.48
C1G969	C	2.89
C1GA49	C	3.23
C1GAC7	-	15.30
C1GPY5	-	18.28
C1GQA4	C	3.33
C1GR79	C	2.92
C1H6P8	C	3.43
C1H759	-	12.89
C1HDH9	-	15.20
C1L3G6	C	3.39
C3YA02	-	13.37
C3YA03	-	13.47
C3YG81	-	NA
C3YYK2	-	13.34
C3Z220	C*	12.83
C3ZG55	C*	13.26
C3ZNJ1	C*	13.33
C3ZPB1	C*	13.32
C3ZW77	C*	12.82
C4JFV7	-	18.09
C4JUP3	-	22.72
C4JXS4	-	22.68
C5FTV9	C	3.32
C5MLZ1	C	2.80
C5PBC3	C	3.31
C5PDS4	-	22.53
C5XMC9	C	2.77
C5YE18	C	2.82
C5YIC3	C	3.13
C5YIC4	C	2.84
C6H469	-	15.08
C6H4P2	C	3.30
C6H6I9	C*	3.76
C6H8D1	C	3.41
C6HBX1	-	22.81
C6HEW0	-	15.38
C6HJE9	C	3.03
C6KE17	-	12.84
C6VUT6	C	3.33
C6YBD2	-	13.18
C7E3U6	C	3.34
C7FF04	C	3.03
C7FF05	C	2.82
C7YL06	C	3.31
C7YYG0	C	3.45
C7Z1V0	-	22.91
C7Z2S7	C	2.87
C7Z456	-	19.66
C7Z595	C	3.10
C8V037	-	22.80
C9SBK6	-	8.19
C9SDX6	-	24.15
C9SL09	-	15.37
C9STD4	C	2.96
C9SWR4	C	3.09
C9Z1N0	-	NA
C9Z5W2	-	NA
D0N318	-	12.11
D0N9K5	-	12.39
D0N9M9	-	5.92
D0N9N0	-	12.40
D0N9N3	-	12.39
D0NAA1	-	NA
D0NCR3	-	12.26
D0ND78	-	12.57
D0ND81	-	NA
D1KEB8	C	3.00
D1KEB9	C	2.90
D1KEC6	C	2.85
D1KED0	C	3.04
D1KED7	C	2.88
D2CVT3	C	2.80
D2H9Z1	-	13.22
D2HQD1	-	12.79
D2SMN2	C	3.34
D3BV93	-	14.94
D3JZR3	-	12.80
D3JZR4	-	12.81
D3ZH71	-	12.78
D4A9G4	-	13.16
D4CZZ8	C	3.12
D5DHA8	-	NA
D5DZK6	-	NA
D5G590	-	21.98
D5GIK5	C	3.35
D5GL91	C	3.44
D5UDJ1	-	23.29
D6A244	-	NA
D6AJT3	-	NA
D6C6L2	C	2.87
D6P743	C	2.89
D6P744	C	2.85
D6P745	C	3.21
D6QY28	C	2.78
D6RL64	C	2.96
D6RTB9	-	15.90
D7F7N6	C	3.20
D7F7N7	-	9.33
D7F7N8	C	3.35
D7F7N9	C	3.19
D7F7P0	C	3.44
D7F7P2	C	3.31
D7F7P4	C	3.37
D7F7P5	C	3.22
D7F7P6	C	3.25
D7F7P8	C	3.34
D7F7Q0	C	3.32
D7F7Q1	C	3.11
D7F7Q2	C	3.30
D7FJB5	C	3.48
D7FNR4	C*	8.94
D7FP10	C*	7.62
D7FSG1	C*	4.28
D7FSG5	C*	6.29
D7FSG6	C*	6.39
D7FSM9	C*	9.22
D7FSN5	C*	9.00
D7FSP4	C*	9.21
D7FVH6	C*	6.80
D7FW00	C*	9.32
D7G0J7	C*	9.16
D7G0J8	C*	9.15
D7G0J9	C*	9.17
D7G132	C*	9.23
D7G1K2	C*	8.91
D7G3A2	C*	9.46
D7G530	C*	6.92
D7G9A4	C*	9.23
D7RHB6	C	2.92
D7RHB7	C	2.84
D7USP1	C	2.60
D7USP2	C	2.77
D8LAY9	C*	8.86
D8LB18	C*	9.26
D8LC28	C*	9.57
D8LC42	C*	9.52
D8LC43	C*	9.48
D8LC46	C*	9.28
D8LC48	C*	9.50
D8LM86	C*	6.08
D8PI13	C	3.12
D8QCT3	-	14.35
D8QTP9	C	2.55
D8REH0	C	3.18
D8RI09	C	3.15
D8RTL3	C	3.04
D8S0G1	C	2.86
D8S0G3	C	2.83
D8SB51	C	2.83
D8SB54	C	2.84
D8SFY9	C	2.86
D8T3T5	C	2.51
D8T5J9	C	3.01
D8T5K0	C	2.82
D8T5K2	C	3.24
D8UD00	C	3.30
D8V0M4	C	2.87
D9X674	-	NA
D9XAS3	-	NA
D9Y0A5	-	NA
E1ZA37	C*	5.08
E3KN59	-	14.08
E3KSA5	-	10.90
E3L5F5	-	NA
E3LM42	-	13.36
E3LY74	-	11.48
E3LYH3	-	14.65
E3MS61	-	11.15
E3NE25	-	12.96
E3NI37	-	13.97
E3Q5S1	-	22.74
E3Q7T1	-	NA
E3QED9	C	2.79
E3QME9	-	22.88
E3QP00	C	3.04
E3QRP6	C	3.00
E3QSW1	-	22.63
E3QW88	C*	3.60
E3QWQ8	-	NA
E3QXK9	-	23.27
E3QYK1	-	15.49
E3R0G6	-	21.77
E3RCR4	-	23.11
E3REK7	-	22.84
E3RGL7	-	22.53
E3RHL6	-	22.78
E3RKW5	C*	4.00
E3RVZ3	-	14.95
E3RX72	C	2.77
E3RZD3	C	3.08
E3S522	-	15.82
E3S6W3	-	20.93
E3S9R1	-	16.12
E4V2N9	C	3.31
E4ZP18	-	21.17
E4ZRT2	-	15.94
E4ZW06	C*	3.56
E5A169	-	19.83
E5A3G2	C*	3.64
E5A901	-	22.82
E5A937	-	14.98
E5L9E4	C	2.71
E5Q8T0	-	NA
E6X453	-	28.14
E6ZRP4	-	14.44
E6ZTH8	-	8.29
E6ZYG7	-	23.71
E7CLR5	C	3.38
E7CLR6	-	9.27
E7CLR7	C*	3.51
E7CW79	-	13.41
E8T7H2	C	3.27
E8UXU0	C	3.34
E8V089	C*	3.51
E9D1H2	-	22.74
E9DG81	-	22.62
E9DGK7	C	3.31
E9DYM0	C	2.99
E9E768	-	13.87
E9EDL0	C	3.35
E9EQ45	C	2.96
E9F624	C*	4.08
E9F8C4	C	2.93
E9F8D5	-	22.75
E9F8S4	-	22.72
E9FAB7	-	NA
E9FCM3	-	20.01
E9N3C6	-	12.74
F0UB83	-	22.77
F0UIE3	C	3.03
F0UIU7	C	3.30
F0UJE7	-	15.08
F0ULW7	-	15.33
F0UV06	C	2.83
F0W3J2	-	11.94
F0W5B3	-	12.02
F0WX74	-	12.46
F0WYB1	-	12.18
F0X9X8	C*	3.51
F0XBD1	-	24.07
F0XF66	-	NA
F0XQM3	C*	3.53
F0XSM6	-	15.78
F0XST1	C	2.88
F0XSV5	-	14.58
F0XYY2	C*	9.32
F0Y162	C*	9.24
F0Y382	-	NA
F0Y635	C*	9.07
F0Y7W9	C*	9.12
F0Y8A8	C*	9.12
F0Y8Z8	C*	8.40
F0Y9A6	C*	10.79
F0Y9F1	-	15.61
F0YBG0	-	11.09
F0YBS6	-	11.41
F0YDW3	-	20.78
F0YFU7	C*	8.82
F0YH25	C*	9.38
F0YI20	C*	8.31
F0YI85	-	NA
F0YJP7	-	NA
F0YLK6	-	11.28
F1DBB6	C	2.94
F1DBB7	C	2.91
F1DBB8	C	2.91
F1DBB9	C	2.84
F1KU37	-	13.77
F1KXG5	-	NA
F1L2T1	-	12.37
F1MBG9	-	12.84
F1MBK3	-	13.23
F1MC37	-	13.30
F1NXQ4	-	12.75
F1QEC9	-	12.64
F2D4X3	C	2.97
F2E926	C	2.85
F2JZ85	C	3.22
F2PWT3	C	3.05
F2RIZ9	-	NA
F2RLH9	-	NA
F2S706	C	3.05
F2T1L8	-	15.28
F2T308	C	3.05
F2T449	C	2.92
F2TDI1	-	22.95
F2TEF5	-	15.58
F2TQ63	C	2.80
F2UDJ6	-	21.81
F3NI67	-	NA
F4L4G6	C	3.10
F4NVT9	-	19.24
F4NWE6	-	10.79
F4P2Z0	-	15.81
F4P543	-	14.60
F4P661	-	21.60
F4P662	-	17.02
F4P663	-	18.76
F4P7Q7	-	20.70
F4PBI8	-	21.42
F4PBL1	-	21.10
F4PFF7	-	8.16
F4PG32	-	16.09
F4PHR2	C*	3.59
F4RJH1	-	24.23
F4RTV5	C*	9.20
F4RZD6	-	23.68
F4S769	-	15.67
F4S770	-	23.36
F4S9C3	-	22.73
F5CEP1	C	2.90
F6G0K5	-	15.73
F6G5J6	-	NA
F6I0K7	C	3.01
F6I2B7	C	2.84
F6L6G6	C	2.75
F6MFD3	C	2.72
F6PQK8	-	12.86
F6Q7U8	-	12.89
F6R2I4	C*	9.27
F6SPL0	-	13.12
F6TZA2	-	13.28
F6UGD7	-	12.71
F6V857	-	13.24
F6WL94	C*	9.96
F6XL13	-	13.05
F6YHC5	-	13.20
F6YIA2	-	13.12
F6Z836	-	10.52
F7BQT4	-	12.77
F7CBS6	-	13.36
F7CL37	-	12.91
F7CPD5	-	13.33
F7EEJ9	-	13.31
F7EMZ9	-	13.29
F7F2U4	-	13.18
F7FUN5	-	12.83
F7GAX9	-	13.08
F7GZI7	-	13.27
F7IGR3	-	13.29
F7VJX0	-	22.12
F7VLZ9	C	3.16
F7VQW2	C	2.94
F7VR94	-	22.75
F7VSJ1	-	18.91
F7W1C8	-	22.97
F7W1H1	-	8.49
F7XB75	C	2.91
F7XBC6	C	3.22
F7Y394	C	3.27
F8B1J1	-	15.43
F8MS55	-	22.81
F8MSD1	C*	6.39
F8MTH7	-	23.04
F8MV64	C	3.29
F8MZA8	C	2.83
F8N0H0	C	3.17
F8N1T9	-	22.65
F8NNY5	C*	3.65
F8P749	C	3.19
F8PR61	C*	3.65
F8V189	C	3.34
F8V190	C	2.89
F9F9P2	-	21.37
F9FH57	-	16.74
F9FIU1	-	9.37
F9FL94	C	2.92
F9FMU5	-	22.79
F9FW19	-	21.04
F9G095	-	23.07
F9G0F0	C	3.23
F9G554	C	2.97
F9X2G9	-	NA
F9X7B7	-	15.97
F9X8H9	C*	6.36
F9X8L4	C*	12.75
F9XAH9	-	15.90
F9XBE5	-	NA
F9XCV9	-	NA
F9XDF3	C	3.45
F9XKI3	C*	12.97
F9XNQ6	C	2.81
F9XPY9	-	22.81
F9XQ74	-	23.15
G0MGF4	-	14.14
G0ML44	-	14.70
G0N9V6	-	11.12
G0NKK5	-	13.06
G0NPY2	-	11.38
G0NVU5	-	13.25
G0P8V1	-	10.78
G0RC29	C	2.94
G0RFJ8	C	3.20
G0RRF5	C	3.04
G0RYD5	-	22.96
G0S2W4	-	15.08
G0S9S6	-	18.51
G0SFX8	-	10.57
G0XNC6	C	2.92
G0XNC7	C	2.83
G0XNC8	C	2.86
G0XNC9	C	2.88
G0XND0	C	2.93
G0ZAL2	C	2.85
G1KB12	-	13.39
G1KL56	-	12.72
G1KQJ9	-	13.36
G1LH81	-	13.13
G1N1Q2	-	12.75
G1NPX2	-	13.23
G1NQP6	-	13.03
G1P2D6	-	13.40
G1P8R3	-	12.81
G1PU26	-	13.07
G1S1X1	-	13.12
G1S3C9	-	NA
G1S7E5	-	12.91
G1SD85	-	14.90
G1SLB6	-	12.72
G1SYA0	-	13.32
G1X3U2	C	3.30
G1X7Q1	C	2.94
G1XA94	-	22.33
G1XAG5	-	23.28
G1XM84	-	13.30
G1XN18	C	3.32
G1XN59	-	22.46
G1XN75	C	2.95
G1XNN7	C	3.29
G1XQQ0	C	3.38
G1XS72	-	NA
G1XSL1	C	2.83
G1XT03	C	2.68
G1XTB4	-	NA
G2GHC6	-	NA
G2Q3M6	C	3.29
G2Q526	-	23.06
G2Q551	-	23.51
G2QC95	-	10.60
G2QGH3	-	18.07
G2QH67	-	14.48
G2QJJ3	-	23.03
G2QLD3	-	23.98
G2QVS9	-	NA
G2QVY2	-	18.10
G2R003	-	23.02
G2R0R5	-	22.90
G2R6U9	-	23.08
G2RCR3	C	2.84
G2RFH3	C	2.94
G2RG43	-	9.87
G2X011	C	2.69
G2X461	C	3.20
G2X9U2	-	15.42
G2XHL1	-	22.92
G2XIS8	C	2.89
G2XK79	-	23.62
G2XQD0	-	21.92
G2XU65	-	NA
G2XXS1	C	3.29
G2Y2L8	-	23.14
G2Y4X7	C	3.11
G2Y7G1	-	22.70
G2Y9M3	-	10.21
G2YP57	-	NA
G2YS45	-	NA
G2ZN65	C	3.18
G2ZVV5	-	15.62
G3A426	C	2.93
G3A6V4	-	15.61
G3G7L5	-	NA
G3GS88	-	13.12
G3JCC4	-	22.52
G3JPN7	-	NA
G3JS58	C	3.18
G3JUG5	C	3.14
G3NJ99	-	13.15
G3NYW9	-	13.15
G3NYX7	-	13.19
G3PTR9	-	12.84
G3PTS3	-	12.80
G3Q7D5	-	12.69
G3Q7E9	-	12.89
G3QBG0	-	13.26
G3R159	-	13.26
G3RJH0	-	12.93
G3RJI7	-	13.44
G3S218	-	13.19
G3SPG1	-	12.84
G3SQA7	-	13.12
G3TGJ7	-	13.15
G3VL14	-	13.17
G3VZQ8	-	12.89
G3WXQ9	-	13.32
G3XLG7	-	22.46
G3XML2	-	20.80
G3XR01	C	3.41
G3XTJ4	-	22.77
G3XX77	-	16.60
G3Y817	-	17.89
G4MP53	C	2.88
G4MTU8	C	3.03
G4MWY0	-	21.31
G4N005	-	23.00
G4N0R4	-	23.89
G4N2I5	-	23.28
G4N3R0	-	21.84
G4N413	-	17.01
G4NA59	-	15.47
G4NA86	-	22.50
G4NB82	C	3.38
G4NIL4	-	14.36
G4NKN0	-	22.20
G4NL86	-	16.76
G4TM93	C	2.77
G4TM94	C	3.00
G4TM95	C*	3.63
G4TU73	-	23.07
G4TVT3	-	23.40
G4TYT1	-	23.18
G4U402	C	2.87
G4U403	C	3.35
G4U404	C	2.93
G4YEP6	-	12.52
G4YVX0	-	11.93
G4Z7X0	-	NA
G4ZF58	-	NA
G4ZFR4	-	12.44
G4ZQT5	-	11.99
G5A884	-	21.56
G5A886	-	12.36
G5A9J7	-	NA
G5AB88	-	12.54
G5AB89	-	12.57
G5AB92	-	NA
G5AB99	-	12.13
G5ABA7	-	12.08
G5ABA8	-	NA
G5AP50	-	12.75
G5B168	-	NA
G5BHC8	-	13.16
G5EHG8	-	16.45
G7JSE1	C	3.14
G7JSE8	C	2.95
G7NBF2	-	13.19
G7NJH7	-	13.26
G7PNE9	-	13.24
G7PSC9	-	12.93
G7Y7E7	C*	11.14
G7Y7E8	C*	11.88
G7YPL8	C*	12.20
G7Z6L5	C	3.35
G8GCE5	-	12.81
G8NX85	C	3.18
G9A374	C	3.18
G9JKW9	-	13.25
G9MT56	-	22.88
G9N5E2	C	3.29
G9N609	C	2.85
G9N886	C	2.95
G9NHT6	C	3.06
G9NNK0	C	3.08
G9NPW7	-	23.87
G9Y7Z2	C	3.32
H0EJM3	-	13.28
H0EV23	-	17.32
H0G560	C	3.22
H0UWT4	-	13.38
H0VH99	-	13.26
H0VQ74	-	12.72
H0WXR2	-	14.99
H0X894	-	12.89
H0Z2R8	-	12.75
H0ZLV3	-	13.38
H0ZRN9	-	13.12
H1UWR0	-	NA
H1UXI3	C	2.93
H1UZF3	C	2.96
H1V1E6	-	22.81
H1V3M6	C*	3.58
H1V8W0	-	NA
H1VAP3	-	22.80
H1VBZ6	-	22.78
H1VCJ3	-	10.45
H1VIZ6	-	22.66
H1VNN4	-	22.86
H1VTK3	-	22.59
H1VWR0	-	23.01
H1VWT9	-	21.73
H1VZE2	-	NA
H1W0D6	C*	3.64
H2A0L0	-	19.13
H2A0L1	-	15.93
H2DPU1	C	2.88
H2DPU2	C	2.82
H2DPU3	C	2.94
H2FH89	C	2.73
H2KPL1	-	NA
H2KTZ5	C*	9.96
H2LHF8	-	12.84
H2LI84	-	13.39
H2LIX1	-	12.90
H2M5F4	-	13.13
H2MTX5	-	13.32
H2NEX0	-	13.13
H2NK50	-	13.23
H2PS60	-	12.94
H2Q4J1	-	13.16
H2T4B5	-	12.78
H2TGS7	-	13.49
H2U4R5	-	12.87
H2Y9I6	-	13.03
H2Y9I7	-	12.93
H2Y9I8	-	13.04
H2Y9I9	-	12.92
H2YA23	-	12.93
H2YA24	-	13.00
H2YVJ9	-	13.08
H2ZM84	-	12.52
H2ZM85	-	12.62
H2ZM86	-	12.54
H2ZY76	-	12.74
H3ANN5	-	12.99
H3AP72	-	13.10
H3BZP5	-	13.24
H3CJD0	-	NA
H3CJD3	-	NA
H3CX59	-	13.43
H3D173	-	12.86
H3D8Y8	-	13.32
H3GCI8	-	11.92
H3GEM4	-	NA
H3GFA6	-	12.04
H3GFA7	-	12.29
H3GI94	-	12.35
H3GPM1	-	11.99
H3GPM2	-	12.12
H3GPM3	-	12.49
H3GPM4	-	12.14
H3GR62	-	12.02
H3HCH2	-	12.23
H6BWF1	-	15.06
H6C0N0	-	20.59
H6C0Q8	-	22.09
H6C7R7	C	2.77
H6QX60	C*	7.90
H6U5Z7	-	9.07
H8ZAQ6	-	24.16
H9AYE4	-	12.84
H9AYE5	-	13.20
H9B8J5	C*	14.06
H9CJM5	C	3.10
H9CY06	-	NA
H9U6Q2	-	13.17
H9XP44	C	2.92
H9XP46	C	3.27
I1HSD3	C*	4.52
I1HSE7	C	2.70
I1I0X8	C	3.16
I1I0Y3	C*	3.60
I1KEH4	C	2.80
I1KLG6	C	3.05
I1M285	C	2.85
I1MEE6	C	2.77
I1N3I2	C	2.98
I1REA5	-	22.80
I1RHT4	-	23.22
I1RIA1	-	23.07
I1RJ03	-	21.07
I1RKU0	-	22.24
I1RLQ5	C	3.37
I1RNP4	C	2.79
I1RYR4	C	2.92
I1S2V3	-	22.23
I1S3N0	C	3.27
I1S3X8	-	22.71
I1S6D3	C	3.25
I1SV19	-	12.78
I1U4K3	C	2.94
I1U4K4	C	2.91
I1U4K5	C	2.83
I1U4K6	C	2.72
I1U4K7	C	2.91
I2APM4	-	13.30
I2APM7	-	13.23
I2AWN0	C	2.74
I2DBP7	C	2.97
I2DBP8	C	2.85
I2DBP9	C	2.86
I2DBQ1	C	2.80
I2E1A5	C	3.16
I2FTP4	-	16.13
I2G6B5	-	8.64
I2NBP1	-	NA
I3D139	-	17.51
I3EIY0	-	24.51
I3JAR0	-	13.34
I3JC76	-	13.04
I3JL18	-	12.61
I3JL19	-	12.79
I3JQH8	-	12.81
I3M2P3	-	12.73
I3M3Y3	-	13.23
I3MFG1	-	13.20
I3WE67	C	2.83
I4DD55	C	2.96
I4DD56	C	3.09
I4DD57	C	2.73
I4DD58	C	2.85
I4DD59	C	2.93
I4K8K8	-	14.82
I4YA87	-	12.00
I4YAA8	-	23.24
I4YCE2	-	23.70
I4YFA0	-	23.74
I6XNI6	C	2.85
I7BG84	C	2.71
I7CCR9	-	NA
I7CML7	C	2.80
I7HUF2	C	2.91
I7ZSX1	C	2.86
I8A8A1	-	22.42
I8AD57	-	22.67
I8IKL3	C*	6.45
I8TNZ4	-	15.38
I8TQM9	C	3.42
I8TWP5	-	22.85
I8UCZ7	-	6.23
J0WRI2	-	17.54
J2JQ78	-	15.94
J2Y1W2	C*	3.93
J3K3P9	C	2.90
J3KA29	-	22.72
J3L4U1	C	3.12
J3L4U3	C*	4.52
J3M1K4	C	2.95
J3NHT7	-	22.63
J3NK27	C	2.88
J3NPV7	-	22.27
J3NPY8	-	21.91
J3NUE8	-	23.18
J3NYP8	C	2.81
J3P088	C	2.93
J3P204	-	22.72
J3P4K8	-	22.33
J3P591	-	23.32
J3P5V0	-	18.16
J3P6A1	-	15.18
J3PC00	-	21.02
J3PI09	-	15.29
J3PI99	-	23.72
J3S6K9	-	13.16
J4H162	C*	3.76
J4KM64	C	2.79
J4KM75	-	22.37
J4UKG1	C	2.93
J5JNM7	-	12.57
J5JUH6	-	15.25
J7ES67	C	2.84
J7FBF2	-	13.24
J9DAB6	-	10.27
J9F3N8	-	17.94
J9F6E9	-	14.41
J9XLG0	C	2.78
J9XNH1	C	2.75
J9XWA3	-	13.33
K0B2W2	-	22.93
K0BA53	-	15.02
K0K5F6	-	16.20
K0V9S5	C	3.07
K1P4E2	-	NA
K1PAV4	-	19.08
K1PI66	-	13.56
K1PS50	-	11.84
K1PY25	-	15.70
K1Q1M0	-	10.75
K1Q6C9	-	5.16
K1Q6D2	-	17.75
K1Q7A7	-	13.02
K1QAP4	-	17.95
K1QE57	-	13.17
K1QHI1	-	13.03
K1QL10	-	16.07
K1QMD1	-	16.37
K1QPB3	-	11.88
K1QXR1	-	13.38
K1R2H1	-	10.92
K1RE44	-	13.02
K1RFL7	-	12.98
K1RLR4	-	NA
K1RLT5	-	12.21
K1WC50	-	15.04
K1WIM9	C	3.26
K1WLZ8	-	21.30
K1WUG0	-	14.41
K1WVB6	-	16.28
K1WXT9	-	23.32
K1X411	-	16.01
K1XMQ0	-	23.00
K1XNZ9	C	3.29
K1XVY4	-	22.13
K1Y5W4	C	3.47
K2IQE7	C	3.44
K2PTI3	-	25.54
K2QYV7	-	22.82
K2R561	-	23.00
K2R777	C	3.37
K2RF87	C	3.31
K2RLK6	-	NA
K2RQ67	-	21.99
K2RZA2	-	23.26
K2S416	-	21.34
K3URR8	-	23.10
K3USG9	-	21.90
K3V476	-	23.13
K3V5P2	-	17.49
K3V6C2	C	2.70
K3VAE6	-	22.65
K3VGV2	C	2.80
K3VIF6	-	22.80
K3VKC5	-	21.08
K3VMY6	-	22.32
K3VNQ2	C	3.28
K3VPY0	C	2.86
K3VRC0	C	2.92
K3W2E2	-	22.55
K3W7U2	-	12.35
K3WBN0	-	NA
K3WJW4	-	12.19
K3WTH8	-	12.65
K3X1J2	-	12.57
K3X1J8	-	12.15
K3X1K4	-	12.24
K3X1K6	-	12.35
K3X1M0	-	12.14
K3X1M1	-	12.89
K3X3G4	-	12.73
K3X5C6	-	12.74
K3XFV3	C	2.61
K3Y373	C	3.02
K3Y687	-	NA
K3YGS6	C	2.82
K4CMI2	C*	9.76
K4RA45	-	15.46
K4REL7	-	10.28
K4RG14	-	NA
K5UXV0	C*	4.07
K5VYQ3	C	3.11
K5X0S3	C	3.38
K5X6W9	C*	3.62
K5X7N2	C	2.61
K5XJW5	-	NA
K5XUX5	C	3.23
K5XV01	C	3.22
K7G0Z6	-	12.73
K7GG37	-	13.40
K7KJM5	C	2.80
K7L2P1	C	3.12
K7M1M4	C*	9.21
K7MU36	C	2.91
K7VJ76	C	2.99
K9GD11	-	22.10
K9GIG7	-	22.10
K9TXE0	C	3.02
K9U0G3	-	NA
L0D705	-	15.72
L0KM70	C	3.28
L0N6C6	-	13.28
L0N6P7	-	28.56
L1L609	-	NA
L1M1P5	C	3.18
L2FD19	-	15.28
L2FDI2	-	15.78
L2FGF0	-	10.33
L2FHB6	-	22.76
L2FID8	-	NA
L2FJ04	-	22.70
L2FJE7	-	22.14
L2FJH5	-	22.82
L2FMV4	-	23.16
L2FNV4	-	NA
L2FTL5	-	21.89
L2FUC9	-	22.57
L2FUJ7	C	2.85
L2FV79	-	15.61
L2FVU6	C	3.48
L2FXF4	-	15.21
L2FXP5	-	15.72
L2FZA7	-	14.39
L2G0J5	-	15.06
L2G1G8	-	21.78
L2G1R0	-	14.62
L2G2P9	-	22.93
L2G4Q3	-	24.05
L2G525	-	17.18
L2G624	-	21.79
L2G7M8	C	3.01
L2G8K6	-	NA
L2G955	-	23.94
L2GD54	-	21.98
L2GEI1	-	NA
L2GRS8	C*	7.82
L5KI95	-	13.17
L5LIG7	-	13.19
L5M4A4	-	13.11
L7C916	C	2.87
L7E7R8	C	3.15
L7F731	-	15.62
L7IQS9	-	14.39
L7ISR8	-	15.36
L7IUI4	-	NA
L7IVA7	-	16.97
L7IZ12	-	21.84
L7J0V9	-	NA
L7J4F2	-	22.49
L7J607	-	21.32
L7J8Z7	-	16.45
L7JAN2	-	15.47
L7JD79	-	22.92
L7JFX0	-	22.17
L7JMT9	-	23.22
L7JPW8	C	2.88
L7JQK5	-	16.76
L7JYP0	C	2.99
L7UQU5	C	3.17
L7UVM0	C	3.04
L8B082	-	13.18
L8B086	-	13.14
L8B0B9	-	13.24
L8IKH4	-	13.21
L8ITY0	-	12.77
L8P5D4	-	NA
L8PB09	-	NA
L8WSR9	-	20.65
L8WW92	-	NA
L9J997	-	13.22
L9JN84	-	13.33
M1BMR4	C	2.78
M1BMR5	C	2.90
M1BMR6	C	2.89
M1BMR7	C	2.87
M1C1N0	C	2.93
M1CW45	C	3.05
M1CW46	C	2.88
M1QBP2	C*	11.12
M1R095	-	NA
M1R6Q5	C*	11.96
M1VXW5	-	15.67
M1W198	C*	4.19
M1W9S5	C	3.21
M1WFB8	-	14.81
M1WHX7	-	15.72
M2LQ03	-	23.02
M2MGH4	C	3.46
M2MQZ6	-	NA
M2NEU0	C	3.34
M2P7Y1	C	3.11
M2QEA0	C	2.61
M2R9G9	C	3.01
M2RC83	C	3.13
M2RSJ8	-	16.01
M2RUH5	-	22.76
M2RYT5	-	21.89
M2S8J7	-	18.76
M2SKF1	C	3.43
M2SMT7	-	22.66
M2T104	C	3.04
M2T5C9	-	22.75
M2T5D0	-	22.16
M2T6M1	-	15.18
M2TE90	-	15.87
M2TEH8	-	22.33
M2TGF0	-	14.80
M2TH79	-	16.53
M2TJ41	-	22.77
M2TJP1	C*	3.74
M2TK72	-	21.80
M2U4D0	-	16.44
M2UAA8	C	3.00
M2UBM4	-	14.93
M2UGL8	-	19.12
M2UJ14	-	14.90
M2V0Q1	C	3.02
M2VC29	C*	3.64
M2WVJ3	-	15.64
M2YMY9	-	NA
M2Z6I3	-	22.36
M2ZZI0	-	17.38
M3A9A8	C*	3.51
M3ADD2	-	17.43
M3AH24	C	2.78
M3AR17	-	21.62
M3AVT3	C*	3.50
M3AWF4	C*	6.28
M3BBI8	-	14.98
M3C4F8	-	12.69
M3C9Q8	-	NA
M3CDC7	-	15.51
M3CLC6	-	16.91
M3CVQ9	-	21.47
M3CWT7	-	20.80
M3D2B0	C	2.74
M3D2V0	C	3.48
M3D714	-	18.95
M3F3T0	-	NA
M3FZT5	-	NA
M3XYN9	-	12.87
M3YG49	-	13.12
M3YKA6	-	13.20
M3ZQV5	-	13.22
M3ZRT9	-	12.75
M4A9U2	-	13.12
M4AC95	-	12.92
M4ATE9	-	13.23
M4B927	-	11.86
M4BES0	-	12.48
M4BES1	-	12.18
M4C4I8	-	12.64
M4C6D4	-	NA
M4HQ36	C*	12.13
M4ZV73	C	3.30
M5BK46	-	14.16
M5BUD5	-	14.27
M5BUU7	-	14.00
M5C284	-	17.70
M5C3H9	-	23.55
M5C3Z3	-	17.70
M5C4G3	-	23.57
M5C5W9	C	3.45
M5CAY8	-	12.48
M5CEE4	-	13.92
M5CF11	-	17.56
M5CFB1	-	14.38
M5FVC3	-	14.31
M5FY28	-	18.24
M5G7D8	C*	3.96
M5WH34	C	2.81
M5WTF2	C	2.94
M7BKU8	-	13.15
M7C0T4	-	12.78
M7S888	-	15.34
M7SBG2	C	2.84
M7SCY3	-	10.34
M7ST71	-	19.77
M7SWL2	-	22.27
M7T064	-	15.70
M7TED0	C	3.31
M7TJF3	-	22.92
M7TLQ8	-	22.74
M7TN32	-	14.01
M7TNA2	-	10.20
M7TNL2	-	21.94
M7U7E9	-	23.11
M7UD60	C	3.29
M7UHP1	C	3.02
M7UMZ7	-	22.57
M7UN52	-	NA
M7URR6	C	3.11
M8BUV2	C	3.04
M8CBW6	C*	4.57
M9LMA7	-	8.76
M9M4Y3	-	17.27
M9MF75	-	23.61
N0D3E9	-	NA
N1J7Q9	C	3.39
N1J7U8	C	3.30
N1J8Z1	C	3.16
N1PDT1	-	15.87
N1PF89	C	3.29
N1PJH7	C	2.69
N1PJJ1	-	15.64
N1PQK2	C	3.34
N1PSV7	-	22.52
N1PUW0	C	2.76
N1PVU9	-	14.86
N1Q9G7	-	22.17
N1QC15	-	12.70
N1QEA3	-	22.21
N1QEG0	-	22.94
N1QG92	-	22.38
N1RBZ8	-	23.10
N1RI80	-	22.83
N1RKC9	-	NA
N1RTX1	C	3.28
N1RUF0	-	21.00
N1S2R4	-	NA
N1S3E0	-	NA
N1S3Z4	C	3.44
N1S4I7	C	2.91
N1S678	C	2.89
N1S8Q1	-	NA
N1S9D3	-	22.68
N4TKR4	-	NA
N4TNX6	-	22.80
N4TYT8	-	20.62
N4U0H2	-	22.56
N4U644	C	2.86
N4U6B2	C	3.29
N4U7L8	C	2.90
N4UAP1	C	3.48
N4UHK2	-	22.61
N4UL04	-	16.78
N4UL14	C	3.41
N4UMU4	-	24.01
N4UQ85	-	23.09
N4UQQ4	-	22.76
N4UVF3	-	22.03
N4UX86	-	15.06
N4UY89	-	22.49
N4UYU1	C	2.92
N4V373	-	22.73
N4VC89	C	3.46
N4VGA7	-	22.01
N4VGY6	-	21.79
N4VMA1	-	22.74
N4VNF7	-	22.34
N4VTM0	-	23.00
N4VXH0	C*	3.58
N4VYY0	-	10.41
N4W3C6	-	10.90
N4WPH6	C*	3.64
N4WWP9	-	14.90
N4WZD1	-	19.12
N4X0Z4	C	2.71
N4X2N2	-	21.80
N4X4P7	-	14.93
N4X5S5	C	3.02
N4XF43	-	16.44
N4XFZ3	-	15.87
N4XG38	-	22.33
N4XI67	-	22.75
N4XMY1	-	22.77
N8S2A5	C	3.39
N8Y4A5	C	3.15
N9NGC5	C	3.36
O01497	-	11.35
O24056	C	2.85
O24057	C	2.80
O42713	C	3.30
O49132	C	2.71
O49912	C	2.87
O49960	C	3.31
O57405	-	12.81
O76708	-	13.30
O81103	C	2.90
O93505	-	13.42
O97885	-	15.09
P00440	C	2.91
P06845	-	NA
P07147	-	12.77
P07524	-	NA
P0DUQ0	-	20.94
P11344	-	13.20
P12031	C	2.80
P14679	-	13.18
P17643	-	12.87
P29812	-	13.13
P33180	C	3.20
P34269	-	14.03
P40126	-	13.24
P43309	C	2.77
P43310	C	2.94
P43311	C	2.86
P54834	-	13.09
P55022	-	NA
P55023	-	NA
P55024	-	12.99
P55025	-	13.10
P55027	-	12.72
P55028	-	12.79
P55033	-	13.07
P56823	C	3.42
P56826	C	3.41
P80960	C	3.46
P81732	C*	4.09
P83040	C	3.45
P86952	-	16.00
P93622	C	2.84
Q00024	C*	3.75
Q00234	C	3.45
Q01KB7	C	3.00
Q01KB8	C	3.10
Q01WC9	C*	3.51
Q04604	-	12.98
Q06215	C	2.86
Q06355	C*	3.51
Q08296	C	2.89
Q08303	C	3.19
Q08304	C	2.91
Q08305	C	2.95
Q08306	C	2.87
Q08307	C	2.84
Q093B2	C	3.24
Q0C7G8	C*	3.53
Q0C896	-	23.17
Q0CRX0	-	22.49
Q0CYP3	-	22.84
Q0FSM9	C	3.16
Q0J9Z1	C	3.04
Q0MVP0	-	12.90
Q0RT95	-	15.51
Q0TZT9	-	16.68
Q0U1I9	-	15.23
Q0U3G6	-	22.82
Q0U440	-	21.26
Q0U6S4	-	16.54
Q0U7P7	C*	3.63
Q0UEG5	-	19.69
Q0UNZ8	-	NA
Q0UUJ6	-	22.88
Q0UVC7	-	22.26
Q0UXF5	C*	7.21
Q0V4E5	-	15.12
Q19673	-	12.95
Q19VH9	-	12.56
Q19VI0	-	13.18
Q19VI1	-	13.26
Q1AUN4	-	8.78
Q1HBJ0	C	2.79
Q1HBJ1	C	2.65
Q1KYS7	C	3.11
Q1QJ90	C	3.48
Q1QPI1	C	3.33
Q21NZ9	C	3.21
Q287T6	-	15.69
Q28HG0	-	12.81
Q28HM0	-	13.30
Q2GNG2	-	15.28
Q2GQ28	-	22.99
Q2GQI5	-	22.78
Q2GZJ4	-	18.94
Q2H2F5	-	23.89
Q2H5C8	-	23.03
Q2H5H1	-	22.91
Q2H7D7	C	2.99
Q2H7I7	-	10.38
Q2H8J8	-	22.20
Q2HCB5	-	15.48
Q2HEC0	C*	3.56
Q2HF52	-	22.35
Q2IY37	-	15.83
Q2JGG6	-	15.33
Q2KH48	-	22.31
Q2SGT2	C	3.13
Q2T7K1	C	3.32
Q2TL94	C*	4.09
Q2TWH3	-	15.38
Q2U5S1	C*	6.47
Q2U7F6	-	22.46
Q2UHJ4	C	2.97
Q2UNF9	-	22.64
Q2UP46	C	3.44
Q2UZB5	-	NA
Q2VPW6	-	12.75
Q2WG53	C*	3.74
Q2Y722	-	15.92
Q2YAJ8	C	3.27
Q2YBN6	-	92.41
Q33CJ6	-	NA
Q39ND4	C	3.46
Q3JKD8	C	3.31
Q3KAK5	-	16.05
Q3KPL4	-	13.25
Q3SU11	C	3.48
Q3UFK6	-	12.77
Q3UFK9	-	13.30
Q3UFQ7	-	13.23
Q3UFR6	-	13.29
Q3UFS3	-	12.77
Q40774	C	2.86
Q40775	C	2.62
Q41388	C	2.98
Q41427	C	2.90
Q41428	C	2.92
Q41486	C	2.85
Q49QX8	C*	9.97
Q4R1H1	-	13.30
Q4R1H2	-	12.85
Q4R1H3	-	13.16
Q4S0B7	-	13.12
Q4SAP5	-	12.86
Q4SFX1	-	13.31
Q4V7Z3	-	13.19
Q4WFT7	-	23.00
Q54QT0	-	11.31
Q54QT1	-	11.37
Q56N25	C	3.05
Q5AQP2	-	22.05
Q5ATE5	C	2.68
Q5AUW8	-	12.38
Q5AXC0	C*	3.56
Q5AZ38	-	15.88
Q5B2B9	-	22.94
Q5BDR2	-	22.65
Q5BGU9	-	22.28
Q5DB10	C*	7.90
Q5DHS0	C*	11.83
Q5ENY2	C	2.94
Q5G1J6	C	2.78
Q5G1L3	C	2.33
Q5G1L4	C	2.96
Q5LTK9	C	3.46
Q5VM57	C	3.31
Q63JI5	C	3.39
Q64ID7	-	13.31
Q65Z70	C	3.28
Q66NX3	C	2.78
Q66NX4	C	2.88
Q68NI4	C	2.73
Q6DGE4	-	12.83
Q6EH49	-	26.71
Q6GN92	-	13.20
Q6LES1	-	12.81
Q6PLR1	C	3.08
Q6R3L2	C	2.83
Q6SS53	-	26.76
Q6UIL3	C	2.93
Q6WWJ8	C*	7.70
Q6YHK5	C	2.96
Q6YHK7	C	2.62
Q70KX7	C*	13.59
Q74NN3	-	26.71
Q75W62	-	13.08
Q762J0	-	13.25
Q76DT9	-	12.13
Q76DU0	-	11.61
Q79Z38	-	NA
Q79ZK1	-	NA
Q7F4S6	C*	4.72
Q7NT03	C	3.09
Q7NXK8	C	2.72
Q7PCK9	-	13.16
Q7S0E7	-	22.31
Q7S218	C	3.22
Q7S4R1	C*	6.45
Q7SFK3	C	3.07
Q7XPQ5	C	2.98
Q7Y249	C	2.69
Q7YT36	-	12.57
Q7ZYE8	-	12.86
Q82V60	-	6.36
Q83WS2	-	NA
Q84YH9	C	2.78
Q84YI0	C	3.23
Q84YI1	C	3.22
Q868D0	-	13.15
Q868D1	-	13.02
Q876W6	-	23.07
Q876X8	-	23.11
Q8FPM1	-	10.28
Q8J130	C*	3.59
Q8J2V6	-	18.28
Q8KIL0	C*	3.70
Q8LRN3	C	2.87
Q8MIU0	-	13.23
Q8QGN0	-	13.18
Q8QGN1	-	12.86
Q8T777	C*	13.45
Q8UUJ5	-	13.04
Q8UWC4	-	13.37
Q8WN57	-	12.84
Q8XZA3	-	15.80
Q8Y2J8	C*	3.56
Q91436	-	13.02
Q91XK0	-	13.20
Q92LD3	C	3.32
Q93HK5	-	NA
Q93HL2	-	NA
Q93XM8	C	2.88
Q948S3	C	2.71
Q94KC2	C	2.92
Q95119	-	13.26
Q95J87	-	12.84
Q95JD8	-	12.78
Q95XC6	-	11.06
Q96TI3	C	3.19
Q98TS7	-	12.78
Q9AU63	C*	3.88
Q9BDE0	-	13.21
Q9F1K7	-	NA
Q9FQ81	C	2.95
Q9FRX6	C*	3.76
Q9IBH8	-	12.63
Q9KYH2	-	NA
Q9MB14	C	2.94
Q9MYI7	-	13.16
Q9PSV0	-	12.99
Q9PTB2	-	13.04
Q9XSG9	-	12.82
Q9XUS8	-	17.99
Q9ZN72	-	15.69
Q9ZP19	C	2.97
R0D4R7	C	3.30
R0IDE3	-	22.71
R0IPL7	-	15.84
R0ISP9	-	22.69
R0J445	-	23.17
R0JQK0	-	22.81
R0JX03	-	19.95
R0KBT6	-	22.34
R0KFE9	-	22.96
R0KL62	C*	3.72
R0KLC6	C	3.03
R0KM99	-	12.97
R0KRE9	-	14.99
R0KX33	-	19.06
R0LWL7	-	13.27
R0M3P9	-	19.11
R1CU85	C*	11.56
R1CV39	C*	11.22
R1DG64	C	3.49
R1DV14	C	2.99
R1E1C7	C*	3.78
R1E2E0	C	3.41
R1EQM2	-	15.24
R1ERX8	-	16.61
R1EXG5	-	NA
R1FZK3	-	23.06
R1GBN1	-	NA
R1GGH2	C	2.89
R1GNX8	-	22.86
R1GTU2	-	22.64
R4JDV1	C	2.84
R4JGK9	C	2.85
R4Z4Y5	-	15.23
R7QH23	-	15.79
R7THS2	C*	13.34
R7UB97	-	NA
R7VC10	C*	11.82
R7YGC4	-	NA
R7YJT1	C	3.48
R7YPG2	C*	3.60
R8BCN1	-	15.24
R8BG35	-	23.10
R8BHX9	-	21.20
R8BLV2	-	22.99
R8BPJ4	-	22.31
R8BXZ3	-	23.38
R8Y290	C	3.34
R9AEL9	-	10.04
R9AFG7	-	24.11
R9AFJ4	-	16.23
R9GPF3	-	13.11
R9PG88	-	8.11
R9PI15	-	15.77
R9PXQ3	-	13.05
S0DPA1	C*	4.56
S0DQZ0	-	NA
S0DWQ5	C	2.96
S0E8H5	C	2.99
S0EA40	-	NA
S0EDX6	-	22.59
S0EEI5	-	22.84
S0EEY2	-	16.73
S0EGX6	-	22.45
S0EJD0	-	15.37
S0EK23	-	23.07
S0EKK4	-	21.09
S0EMH8	C	2.94
S3BZ48	C	3.16
S3C8M1	C	2.93
S3CMF3	-	22.92
S3CQU7	C	3.41
S3D1Q3	-	NA
S3D3I7	-	21.01
S3D5D0	-	15.32
S3D5Y0	-	NA
S3D638	C*	3.57
S3D6U4	-	23.03
S3D743	C	3.23
S3D8W9	-	20.99
S3D9K4	-	23.15
S3DEW7	-	21.55
S3DFC4	C	2.94
S3DJB8	-	17.41
S3DLT6	-	21.96
S3E0P4	-	23.16
S3E4E9	-	22.95
S3ZAM0	-	NA
S3ZGJ1	-	NA
S4MKR0	-	10.89
S4N0V7	-	NA
S4N2R1	-	NA
S4XVF0	C	2.91
S4Y1J2	C	3.11
S5QBT9	-	13.33
S5U8V9	-	19.20
S5UXE3	-	NA
S5V3F0	-	NA
S7NH62	-	13.27
S7NJT8	-	13.30
S7QB03	-	15.27
S7RR67	-	10.43
S7ZFU9	-	22.95
S7ZHB0	-	22.09
S7ZZK0	C*	3.85
S7ZZM5	C	3.42
S8A5L9	C	3.31
S8A895	C*	3.67
S8AAI6	C	3.00
S8AEK3	C	2.79
S8AEV1	C	2.88
S8AFU7	-	13.26
S8AGJ7	C	3.38
S8AP44	-	22.87
S8AP51	C*	4.05
S8APL2	C	2.90
S8AQJ6	C	2.68
S8ARG7	C	3.49
S8ARG8	-	21.88
S8ARX9	C*	3.79
S8AXM2	C	3.03
S8BJJ0	C*	3.68
S8BRY2	C	3.06
S8BTP5	C	2.70
S8BUF7	-	22.43
S8BUN8	C	3.04
S8BXK9	C	2.94
S8BXW0	C	2.84
S8BZR0	C	3.30
S8C046	C	2.98
S8C518	C	3.23
S8CE74	C	3.20
S8DUL4	C*	3.92
S8EQQ2	C	3.39
S8FTY5	C*	3.55
S9NZH2	-	15.84
T0JT42	-	22.28
T0JUI2	-	22.53
T0JVN9	-	14.96
T0JYF1	-	22.73
T0JYN4	-	14.04
T0JZ71	-	22.13
T0K2E8	-	14.26
T0K2Z3	-	24.03
T0K4C0	-	17.30
T0K7H3	-	14.40
T0K8W7	-	21.90
T0KJ59	-	NA
T0KJY4	-	22.77
T0KKD1	C	3.04
T0KPY1	C	2.96
T0KRD6	-	10.36
T0KXE4	-	15.75
T0KXU6	-	NA
T0L3F7	-	22.98
T0L588	-	21.65
T0L638	-	22.67
T0L9H3	-	23.03
T0L9N2	-	14.99
T0LNC9	-	15.67
T0LV79	C	3.44
T0MGC7	-	18.48
T0PKY7	-	NA
T0PNV2	-	11.90
T0PRD1	-	11.77
T0PU14	-	NA
T0PYC1	-	21.31
T0Q7G0	-	10.60
T0QAK3	-	10.60
T0QF04	-	11.81
T0QV32	-	10.59
T0QXV8	-	NA
T0R5J2	-	11.79
T0RZX0	-	11.89
T0S5P9	-	11.64
T0S9R0	-	NA
T1F079	-	11.50
T1KFL4	-	21.27
T1L2J4	-	21.60
T1L569	-	21.99
T1W3L4	C	2.88
T5A618	-	22.55
T5A6R2	-	NA
T5ABD2	C	3.42
T5AEJ8	-	14.19
T5AFN0	C	3.04
T5AMH3	C*	6.81
T5ANU5	C	2.93
U1G4R5	C	3.39
U1GWY4	-	17.42
U1HKV1	C*	3.58
U1HZ89	C	3.14
U1I0C6	C*	3.61
U1TTP3	C	3.17
U3AIJ7	-	NA
U3BPS2	-	NA
U3IYZ3	-	12.42
U3J195	-	15.03
U3J2E9	-	13.38
U3JPL0	-	13.38
U3JV65	-	12.75
U3JZL4	-	13.05
U3M8N0	-	13.09
U3M9D5	-	13.12
U3M9J2	-	13.09
U3PZQ5	-	13.03
U3Q0A4	-	12.71
U3UB68	C	2.83
U3UB71	C	2.95
U3UB75	C	2.86
U3UB86	C	2.76
U4K751	-	NA
U4KVA3	-	6.62
U4KW98	-	10.64
U4L2I7	C	3.27
U4L6R9	-	22.08
U4L8S4	-	22.24
U4LB04	-	15.90
U4LBJ4	-	13.11
U4LH50	C	3.10
U4LKD9	-	21.88
U4LM96	-	15.39
U4LMI8	C	3.39
U4LUF5	-	21.94
U5U0P0	-	12.99
U5Y3T5	-	12.80
U5Y417	-	17.26
U5Y4R7	-	15.70
U5Y6Q1	-	13.14
U5Y6V7	-	12.30
U6C8D7	C	3.05
U6DGF9	-	13.28
U7PL38	-	23.00
U7PQI0	C	3.41
U7PQY9	C	3.18
U7PSB9	-	19.57
U7PU60	-	23.05
U7PUG4	C	3.32
U7QK06	-	16.34
V2UWG1	C	2.59
V2X5U0	-	22.00
V2X8M9	-	21.98
V2XA83	-	22.15
V2XB88	C	3.03
V2XLW4	-	22.28
V2XRY6	-	22.22
V2YF49	-	9.24
V2YHW2	-	21.72
V3ZAB2	-	11.98
V4A5X3	C	3.37
V4AN59	-	17.88
V4UJN9	C	2.79
V5F1K6	-	23.47
V5FME0	-	NA
V5IPR9	-	22.81
V6JSM7	-	NA
V6JZ27	-	NA
V7B2A0	C	2.94
V7BQF7	C	2.75
V7CMC6	C	2.86
V7D4V9	C	2.75
V8NN86	-	12.80
V9CZ59	-	22.82
V9CZH8	-	22.24
V9DEV2	-	15.30
V9DGU7	C	3.27
V9DYL0	-	12.61
V9E917	-	NA
V9EB77	-	NA
V9ES37	-	12.69
V9ES59	-	12.70
V9ES63	-	12.08
V9EUD3	-	12.39
V9EVI6	-	NA
V9FDQ9	-	11.87
V9FSW0	-	12.18
V9FXW3	-	12.23
V9V1D4	C*	3.52
V9VKN5	C	2.77
W0C8I7	-	13.25
W0C8N5	-	12.74
W0V0D2	C	3.49
W2FLR6	-	12.60
W2GGF7	-	12.29
W2GGG1	-	12.08
W2GIJ4	-	12.36
W2GIT6	-	12.38
W2H2U7	-	12.05
W2HHV6	-	12.18
W2HJL6	-	12.27
W2HVG2	-	12.59
W2I6U4	-	NA
W2I6Y9	-	NA
W2IN56	-	NA
W2IN87	-	12.36
W2JQX0	-	11.82
W2JZS2	-	12.61
W2KB90	-	NA
W2KU99	-	12.39
W2LF44	-	11.87
W2LV84	-	12.17
W2LWI5	-	12.02
W2MH14	-	NA
W2N022	-	12.39
W2N2M9	-	12.27
W2P1H2	-	12.18
W2P582	-	12.15
W2PMT3	-	NA
W2PPJ1	-	NA
W2PX61	-	12.04
W2PXC1	-	12.36
W2PY30	-	NA
W2PZ52	-	12.29
W2PZ72	-	12.28
W2QNA1	-	12.18
W2QR59	-	12.29
W2QUM0	-	12.59
W2REJ1	-	11.87
W2RIM6	-	14.78
W2RM76	C	3.31
W2RPP6	-	19.10
W2SF58	-	21.85
W2SHB1	-	23.06
W2SZ25	-	13.93
W2TLA4	-	15.49
W2TW11	-	13.30
W2URW0	-	32.58
W2VSG5	-	12.58
W2W5P6	-	NA
W2W6T1	-	NA
W2WMR4	-	NA
W2WMX2	-	12.38
W2WNV8	-	12.29
W2WNW2	-	12.08
W2WQJ5	-	12.36
W2X949	-	12.05
W2XNG3	-	12.21
W2XSE9	-	12.01
W2Y568	-	12.61
W2YEN6	-	NA
W2YF51	-	NA
W2YZ13	-	12.76
W2YZ17	-	12.06
W2YZ31	-	NA
W2Z167	-	12.31
W2Z179	-	12.28
W2ZM87	-	11.84
W2ZXC0	-	12.18
W3A2G1	-	12.27
W3VJT5	-	8.91
W3VR61	-	23.91
W3VU69	-	16.92
W3WHQ6	-	22.97
W3WHW9	C	2.76
W3WIK4	-	NA
W3WJ04	-	14.33
W3WJF9	-	10.35
W3WJV2	-	22.10
W3WKD9	C	3.23
W3WNI1	-	15.41
W3WRL5	-	15.73
W3WRM3	-	15.27
W3WRX0	-	10.41
W3WT18	-	15.30
W3WUX2	-	15.87
W3WV79	-	23.09
W3WVA7	-	14.85
W3WWC9	-	15.80
W3WXR4	C	3.42
W3X0R7	C	3.34
W3X485	-	15.37
W3X4F2	-	15.72
W3X6M7	-	22.31
W3X6V1	-	19.64
W3X705	-	15.90
W3X9W2	-	15.01
W3XCJ7	-	20.62
W3XD13	-	22.01
W3XE83	-	7.95
W3XEQ4	-	21.29
W3XG90	-	22.73
W3XGA5	-	14.99
W3XGL4	-	NA
W3XGP6	-	15.61
W3XI34	-	15.82
W3XI87	-	23.06
W3XI99	-	22.31
W3XJJ2	-	15.00
W3XKA5	-	23.05
W3XKJ8	C	2.98
W3XL66	-	13.99
W3XN18	-	23.23
W3XNJ1	-	15.34
W3XNJ3	C	3.24
W3XP12	-	15.54
W3XPA1	-	22.21
W3XPS0	-	15.35
W4FJK0	-	11.83
W4FLQ6	-	11.82
W4FWJ0	-	11.65
W4G9A5	-	10.65
W4GBE5	-	10.71
W4GC36	-	NA
W4GNY0	-	11.37
W4H0X6	-	11.78
W4H175	-	11.77
W4H234	-	11.70
W4H5H4	-	11.95
W4H5S0	-	12.44
W4HDG1	-	12.06
W4JMG0	-	14.80
W4JV62	-	14.86
W4K9G6	-	15.11
W4LRD4	-	15.78
W4M1T4	C	3.02
W5K2X3	-	13.17
W5KN36	-	13.32
W5LQG8	-	12.88
W5LQM7	-	12.87
W5MBU1	-	13.32
W5MJX9	-	12.84
W5MJZ6	-	12.85
W5N6T3	-	12.80
W5N6U1	-	12.80
W5U9Z6	-	12.77
W5UJ12	-	13.11
W5VG55	-	12.67
W5VGJ7	-	12.75
W5VXS2	C	2.79
W6N995	-	13.74
W6NCB7	-	10.90
W6NGQ1	-	17.13
W6PUG4	-	22.74
W6Q1V5	-	15.51
W6Q643	-	22.30
W6XT64	C	3.33
W6XVD7	-	18.66
W6XX21	-	15.90
W6XZQ4	C	2.73
W6Y2N7	-	22.83
W6Y702	C	2.98
W6YBA5	-	14.85
W6YBJ6	-	21.89
W6YLD1	-	22.75
W6YLR7	-	22.07
W6YQP8	C*	3.71
W6YRU7	-	16.53
W6YWU5	-	22.68
W6Z236	-	16.52
W6Z3W0	-	19.17
W6ZAD4	C	3.08
W6ZDT4	-	21.87
W6ZFF3	-	15.96
W6ZGP9	-	14.84
W6ZHH7	-	22.91
W6ZK40	-	22.10
W7E6C1	C	3.03
W7E9G0	-	15.03
W7EAK6	C	2.83
W7EC18	C*	3.58
W7EEN6	-	14.93
W7EGG8	-	21.88
W7ERT4	-	15.87
W7EU75	-	14.74
W7EVG9	-	22.78
W7EWI4	-	16.54
W7F0B3	-	22.74
W7F0M8	-	22.65
W7F1D8	-	NA
W7F796	-	18.89
W7FBD9	-	22.11
W7HSW3	C	3.37
W7HTX7	-	NA
W7HVJ8	C	3.16
W7HXW7	-	NA
W7I510	-	21.95
W7I5U6	C	3.19
W7I6B5	-	22.77
W7I6I3	C	2.84
W7LIR1	-	22.60
W7M1Q0	C	3.06
W7M3P7	C	3.20
W7M987	-	NA
W7MFI0	C	2.81
W7MGI9	C	3.22
W7MI76	-	22.83
W7MIU0	C	2.90
W7MIY9	-	22.53
W7MLF2	-	NA
W7MRZ5	C	3.49
W7MUF6	-	20.97
W7MX41	-	16.74
W7MZL4	-	21.96
W7N1T7	-	22.47
W7N554	C*	3.65
W7N7V8	-	23.19
W7TM70	-	21.77
W9BZD3	C	2.74
W9C6R2	C	3.23
W9C785	C	3.18
W9CSJ2	-	NA
W9HJD6	-	21.06
W9HKZ6	C	2.76
W9HTB0	-	23.07
W9HWL9	-	16.78
W9HXK8	-	NA
W9HYE1	-	22.61
W9HZT6	C	3.26
W9I5K7	-	NA
W9ISQ6	C	3.23
W9J626	-	22.53
W9J6Z4	-	22.84
W9JDD1	-	16.78
W9JDR4	-	22.64
W9JFU4	-	12.61
W9JHD7	-	23.08
W9JKK9	C	2.85
W9JRK0	-	20.61
W9JU63	-	22.84
W9JX29	C	3.12
W9JY87	C	2.78
W9KDI6	C	3.23
W9KFD5	C*	3.57
W9KFT0	-	NA
W9KHI9	-	22.56
W9KU92	-	22.45
W9KV83	-	22.84
W9L1M2	-	22.61
W9NHF0	-	12.65
W9NIJ9	C	2.79
W9NKV8	C	2.94
W9NLW4	-	22.18
W9NP81	C	3.20
W9NQH6	-	23.07
W9NQM3	-	22.83
W9NUV7	-	22.55
W9NVV5	C	2.90
W9NVZ5	-	21.06
W9NY96	-	22.73
W9P8N6	C	2.77
W9PB89	-	16.74
W9PF67	-	22.80
W9PMP4	C*	4.15
W9PP37	-	22.55
W9PYD6	C	2.92
W9RAD8	C	3.26
W9RD31	C	2.93
W9RDC2	C	2.83
W9RKP2	C	3.26
W9RL63	C	2.94
W9RL68	C	2.97
W9RNM7	C	2.90
W9S216	C	2.85
W9S222	C	2.68
W9SCQ4	C	3.49
W9STI3	C	3.17
W9VMR6	-	22.05
W9VNH1	C	3.29
W9VXV1	-	15.24
W9W212	-	22.21
W9W231	-	22.95
W9WQA9	-	15.55
W9WRS1	-	16.67
W9WRW1	-	20.22
W9X9Z6	C	3.21
W9XMU2	C	3.19
W9XSH8	-	22.06
W9Y1T9	-	20.27
W9Y3F5	-	22.06
W9Y4U6	-	20.26
W9YGL3	C	3.32
W9YKS7	-	15.32
W9YQ03	-	15.14
W9YYG2	C	3.19
W9YZK1	C	2.92
W9ZA69	-	21.06
W9ZGG9	-	23.09
W9ZTK4	-	16.76
W9ZYE7	-	22.45
X0A9J0	-	NA
X0AHJ6	-	22.55
X0AR38	C	2.97
X0ASR4	-	22.43
X0AT01	-	22.84
X0AZJ2	-	22.64
X0B1M4	C	2.91
X0BCA2	-	22.85
X0BCB9	-	22.53
X0BDY2	-	20.95
X0BGB2	-	NA
X0BL08	C	2.85
X0BV41	-	21.06
X0C1C7	C	3.33
X0C2E3	C	3.45
X0C2Q9	-	16.69
X0CJF1	-	22.80
X0CLH6	C	2.77
X0CST3	C	2.98
X0CU89	-	22.45
X0H0C8	C	3.05
X0H3Q8	-	12.61
X0H685	C	2.91
X0H726	-	22.75
X0H780	-	21.02
X0H7L7	-	22.43
X0HAA4	-	22.80
X0HHG1	-	22.52
X0HP82	C	3.23
X0HS28	-	23.07
X0HXW6	-	16.73
X0IFH8	C	3.45
X0IJ43	C	2.92
X0IVC1	-	21.00
X0IWM8	C	3.40
X0J270	C	3.46
X0J4V9	C*	3.55
X0JEB6	C	2.92
X0JGY5	-	NA
X0JM25	-	22.83
X0K306	-	23.10
X0K389	-	22.42
X0K508	-	22.58
X0K846	-	22.68
X0K8E5	C	2.89
X0KKX5	C	3.46
X0KLF2	C*	3.58
X0KV92	C	2.93
X0L1X5	C	2.91
X0L4S1	-	22.68
X0L534	-	22.56
X0LDN5	C	2.77
X0LE01	C	3.11
X0LKA4	-	23.01
X0LKR4	-	20.73
X0LZ12	-	22.48
X0LZC5	C	2.84
X0M106	C	2.92
X0M5K2	-	22.80
X0MJE3	C	2.83
X0MMS0	-	16.73
X0N0B4	-	22.85
X0Q963	C	3.45
X8IVE1	-	15.57
X8J0J4	C	3.22
X8J2P3	-	23.33
X8J344	-	22.12
X8J3V1	-	10.75
X8J3V9	-	17.32
X8J9M9	-	22.06
X8J9Q9	-	14.02
X8JBW1	-	NA
X8JFG5	-	NA
X8JFZ0	-	NA
X8JG02	-	23.50
X8JHD7	-	23.25
X8JIQ2	-	23.69
X8JJS5	-	22.06
X8JR74	-	15.89
X8JTX8	-	22.61
X8JVF9	-	NA
