A0A183CK25_taxID_36090_model_A	ref_PmTYR_A	248	360	476	21	148	2.090E-01	18M5D12M3D56M3D15M2D5M2D7M
A0A183CK25_taxID_36090_model_A	ref_2Y9W_Abisporus	20	125	476	239	346	1.702E-01	20M2I2M1I32M2D4M5I5M2D10M2D9M5D4M1I11M
A0A183CK25_taxID_36090_model_A	ref_1JS8_squid	279	333	476	60	112	9.144E-02	38M1D7M3I7M
A0A183CK25_taxID_36090_model_A	ref_5CE9_Jregia	248	417	476	61	310	1.368E-01	17M2D3M3D3M11D32M2D9M2D11M1D4M2D2M5D4M14D7M9D8M1I21M14D5M2I6M8D9M13D11M3I12M
A0A183CK25_taxID_36090_model_A	ref_1BT3_Ibatatas	244	345	476	58	174	1.519E-01	20M2D4M2D10M12D24M2D15M2D6M1D2M2D4M8I9M
A0A401IHQ9_taxID_1920663_model_A	ref_PmTYR_A	32	382	416	7	297	5.801E-01	25M3I2M4I62M6D6M1I11M4I5M5I9M2D7M6I6M1I30M10D9M7I1M2I3M1I12M20I58M27I17M3D7M
A0A401IHQ9_taxID_1920663_model_A	ref_1JS8_squid	31	377	416	2	262	4.721E-01	31M4I26M1D37M17I7M8I4M3D4M10I1M1D4M2I7M3I30M7I3M9I8M7I7M9I55M8I5M7I27M
A0A401IHQ9_taxID_1920663_model_A	ref_5CE9_Jregia	30	380	416	45	335	4.565E-01	31M7I2M2D11M7D10M1I24M2D17M3D7M24I1M1I2M4I3M3I11M4I13M8D9M2D9M2I11M5I3M6D8M9I7M4I32M2I10M3I12M15I6M5I17M1I5M
A0A401IHQ9_taxID_1920663_model_A	ref_2Y9W_Abisporus	31	376	416	2	351	4.772E-01	9M2D21M5I6M1I7M3I4M12D4M1D22M14D4M5D12M1D7M1D10M2I5M1D6M4I12M3I4M3D9M1I1M3I11M14D10M1D4M7D8M4I3M9I9M4I2M4I8M2I38M3D6M5D12M21I26M
A0A401IHQ9_taxID_1920663_model_A	ref_1BT3_Ibatatas	30	380	416	46	333	4.310E-01	31M1I8M2I7M5I5M9D26M2D18M3D4M16I4M9I2M4I4M3I10M5I3M1D9M8D9M2D3M7I2M5D15M1D12M9I2M1D6M5I30M8I18M23I3M3D19M1I3M
A0A8T1GG24_taxID_29920_model_A	ref_5CE9_Jregia	92	135	492	233	284	8.743E-02	17M7D4M1D23M
A0A8T1GG24_taxID_29920_model_A	ref_2Y9W_Abisporus	10	173	492	121	322	1.779E-01	6M13D9M1D8M4D9M5I5M1D8M7D4M8I4M12D10M2I3M9D4M2D11M10D11M1D20M2I4M11I12M6D8M
A0A8T1GG24_taxID_29920_model_A	ref_1BT3_Ibatatas	92	136	492	234	286	8.756E-02	15M3D2M4D11M1D17M
A0A9Q9XXG6_taxID_7962_model_A	ref_PmTYR_A	119	491	545	1	295	4.668E-01	5M1D21M19I6M9I17M1I4M3I32M2I12M5D13M1D9M1I6M2D8M12I11M1I5M2D41M8I27M30I41M2I4M1I22M
A0A9Q9XXG6_taxID_7962_model_A	ref_1JS8_squid	122	485	545	1	262	3.387E-01	21M2D7M17I3M15I10M1D17M1D18M2I24M13I10M4I1M1I7M11I7M3D4M6I1M1D12M10I7M4I3M10I14M4D11M30I18M1D6M2I8M1D8M4D7M5D15M
A0A9Q9XXG6_taxID_7962_model_A	ref_1BT3_Ibatatas	117	485	545	37	331	3.135E-01	7M4D21M17I12M6I9M1D1M2D14M4I38M2I13M3I5M5D2M3D7M2I3M15I6M4I5M2D2M4I18M5I3M5I5M2I9M5D10M3D3M4D9M30I21M8I14M1I3M6D6M1I14M
A0A9Q9XXG6_taxID_7962_model_A	ref_5CE9_Jregia	108	486	545	35	335	3.272E-01	6M4I27M17I12M9I5M2D5M1I5M2I1M2D2M2D4M1I39M3D15M4I4M4D11M17I15M6I18M7I32M1D5M6D10M30I16M2D6M3D6M3D5M10I2M2D4M1I11M1D4M
A0A9Q9XXG6_taxID_7962_model_A	ref_2Y9W_Abisporus	124	484	545	3	351	3.327E-01	8M2D17M10I8M13I15M2I5M4D30M17D20M6D2M1D14M11D3M2D4M2D6M2D4M6D10M3I4M9I4M6I8M10I5M4I2M3I14M4D8M10D17M30I21M3D7M2D4M3D10M4D10M1I10M
A0ABR4L8V8_taxID_176173_model_A	ref_PmTYR_A	7	234	733	4	230	2.231E-01	24M5I6M3I14M10D29M1I25M1I7M13I6M8I7M2D5M1I9M1I6M2D21M13D6M1D3M1D14M1D9M2D4M
A0ABR4L8V8_taxID_176173_model_A	ref_1JS8_squid	19	246	733	15	206	1.961E-01	12M5I7M3I8M15D3M4I30M1I14M3I4M37I7M2I10M4I13M1I22M1I11M3D4M7D22M
A0ABR4L8V8_taxID_176173_model_A	ref_1BT3_Ibatatas	60	90	733	108	138	4.142E-02	31M
A0ABR4L8V8_taxID_176173_model_A	ref_5CE9_Jregia	60	113	733	107	166	5.558E-02	30M1D4M5I6M10D9M
A0ABR4L8V8_taxID_176173_model_A	ref_2Y9W_Abisporus	17	86	733	13	94	7.566E-02	3M2D14M3I6M3I11M3I1M19D26M
ref_1BT3_Ibatatas	ref_1BT3_Ibatatas	1	336	336	1	336	1.000E+00	336M
ref_1BT3_Ibatatas	ref_5CE9_Jregia	1	335	336	1	337	9.682E-01	12M2I28M1D145M2D5M2I95M3D46M
ref_1BT3_Ibatatas	ref_PmTYR_A	41	331	336	1	293	5.414E-01	4M1I27M5I14M7I3M2D6M2D25M2I21M8D2M4D4M6D6M3D20M4D5M8I9M3I2M11I3M1I3M8D5M5D11M7I32M2D7M6D6M2I5M5I16M4D3M
ref_1BT3_Ibatatas	ref_1JS8_squid	47	331	336	2	262	5.530E-01	31M2I6M4I2M2D10M2I5M2D24M2I14M1I9M1D6M3I2M1D1M2D5M11I11M4I13M5D2M17I5M1I9M3I37M8D12M2I1M11D6M4I18M
ref_1BT3_Ibatatas	ref_2Y9W_Abisporus	46	330	336	1	351	5.075E-01	7M2D36M1D4M4I8M4D4M2D19M16D9M1D9M4D3M3D1M2D6M12I2M4D4M5D5M3D10M12D2M4D6M7D15M1I17M4I5M1I9M1D2M2I3M4D32M2I3M10D7M6D3M3D7M2I19M
A0A7D5G996_taxID_223891_model_A	ref_1BT3_Ibatatas	88	426	586	1	335	5.240E-01	13M1D20M3I39M2I24M1D2M2D42M1D6M3D14M2D9M6I17M1D52M1I39M3I47M
A0A7D5G996_taxID_223891_model_A	ref_5CE9_Jregia	88	426	586	1	337	4.990E-01	20M1I12M3I8M1D31M2I24M1D2M2D41M1D7M3D5M3D2M7D2M3D3M20I10M4D58M1I87M
A0A7D5G996_taxID_223891_model_A	ref_1JS8_squid	137	422	586	3	262	2.917E-01	24M3I2M1I17M6D8M5I24M2I8M3D5M13I6M3I5M1D1M7I10M8D16M15I5M4I3M3D10M1D5M5I32M2I2M7D12M2I1M11D6M4I18M
A0A7D5G996_taxID_223891_model_A	ref_PmTYR_A	136	419	586	6	286	2.660E-01	10M3I19M4I11M2I11M2D23M2I12M5I5M6I3M4I11M7D13M17I4M1D13M8D6M27D7M5D11M8I30M2I8M1I4M3I5M4D21M
A0A7D5G996_taxID_223891_model_A	ref_2Y9W_Abisporus	133	421	586	1	351	3.033E-01	28M2I17M1D5M2I9M7D26M17D13M14I4M1D7M8I7M22D5M25D10M6D17M1D11M6I18M5D1M3I37M5D5M8D4M3D2I9M2I17M
A0AAE8STA2_taxID_2041049_model_A	ref_1JS8_squid	568	866	905	3	259	2.235E-01	31M1I10M13D25M5D9M8I13M6I2M4I7M1I2M4I6M1I4M7I4M6I17M31I19M3D2M1D28M5D12M5D5M1D4M5I15M1I9M
A0AAE8STA2_taxID_2041049_model_A	ref_PmTYR_A	563	866	905	1	286	2.159E-01	3M1D21M3I8M1I12M12D23M5D7M4D11M2D4M6I17M2I2M3D2M2I6M2D4M1I3M4D8M14I13M1D8M22I11M6D48M3I3M2D2M3I3M2I15M1I10M
A0AAE8STA2_taxID_2041049_model_A	ref_2Y9W_Abisporus	566	868	905	1	351	2.438E-01	10M2D13M1I9M1I2M3D7M18D25M24D11M4I5M3D2M2I5M1D4M3D21M4D15M1I8M2I9M4D9M1I4M4I6M16I10M1D12M10D30M14D8M4D18M10I5M1I12M
A0AAE8STA2_taxID_2041049_model_A	ref_1BT3_Ibatatas	565	868	905	45	330	2.082E-01	24M3I8M4D12M15D17M4D8M3D5M5I2M3I11M7I5M3I7M4I26M1I7M1D13M8I10M5I3M4I3M2I6M1D9M7D31M2I7M4I5M4I11M3D5M1I13M
A0AAE8STA2_taxID_2041049_model_A	ref_5CE9_Jregia	545	868	905	17	332	2.109E-01	7M4D4M1D8M2D32M1D16M15D17M4D8M3D5M5I2M3I4M1D6M8I5M3I7M4I4M2D22M5I3M2I3M1D9M3I9M2D5M12I3M2I5M1D10M4D2M3D29M1D8M2I6M6I11M3D7M1I11M
A0ABR1NRA3_taxID_83184_model_A	ref_PmTYR_A	1	223	260	61	257	5.564E-01	29M1I9M2D8M2I10M7I6M13I15M13I6M1D7M2D17M6D7M3D9M3D47M7I10M
A0ABR1NRA3_taxID_83184_model_A	ref_2Y9W_Abisporus	2	232	260	71	322	4.913E-01	24M5D4M13D24M10I9M1D6M10I4M4I8M2I7M11D4M2I4M4I8M6D13M3I4M2D4M5D7M3D4M10D38M2I5M2D17M
A0ABR1NRA3_taxID_83184_model_A	ref_5CE9_Jregia	2	201	260	110	284	3.474E-01	25M1D9M14I7M5I2M6I8M1D2M3D3M8I7M1I9M19I11M2D4M2D12M5D8M7D10M7D30M
A0ABR1NRA3_taxID_83184_model_A	ref_1BT3_Ibatatas	2	204	260	111	288	3.248E-01	28M1D7M4D10M3D3M1I2M45I2M2D8M7I4M2I25M14D6M4D9M6D4M2D5M6I29M
M5C4K8_taxID_1108050_model_A	ref_PmTYR_A	665	741	758	205	278	8.502E-02	35M1D6M1D3M1I20M4I8M
M5C4K8_taxID_1108050_model_A	ref_5CE9_Jregia	664	743	758	239	324	8.617E-02	11M7D37M3I4M1D13M1D12M
M5C4K8_taxID_1108050_model_A	ref_1JS8_squid	538	732	758	7	234	9.887E-02	10M6D10M2D7M20D7M6I5M8I7M6I8M1I5M3D13M16D15M5I9M1D3M7D12M3D27M1I7M2D23M
M5C4K8_taxID_1108050_model_A	ref_2Y9W_Abisporus	674	735	758	263	318	5.265E-02	28M1D3M3I6M1D10M1I2M4I5M
M5C4K8_taxID_1108050_model_A	ref_1BT3_Ibatatas	673	710	758	256	293	4.757E-02	38M
A0A2R6W9Z2_taxID_3197_model_A	ref_5CE9_Jregia	136	422	423	2	243	5.116E-01	7M2I6M1I2M4I27M2I14M2I45M15I44M1I2M3I10M13I6M3I18M2I6M3D19M1D14M1I18M
A0A2R6W9Z2_taxID_3197_model_A	ref_1BT3_Ibatatas	135	422	423	1	244	5.119E-01	10M2I16M3I4M1I10M3D1M5I14M2I46M15I44M4I7M1D9M17I16M1D27M1D16M1I18M
A0A2R6W9Z2_taxID_3197_model_A	ref_2Y9W_Abisporus	190	306	423	1	124	1.934E-01	9M2D34M8I5M3D8M9I5M2D26M17D13M
A0A2R6W9Z2_taxID_3197_model_A	ref_PmTYR_A	189	318	423	6	104	1.897E-01	5M2I21M8I15M10I8M5I29M2I14M4I7M
A0A2R6W9Z2_taxID_3197_model_A	ref_1JS8_squid	188	422	423	1	197	2.216E-01	6M2I26M5I11M5I10M9I30M2I15M5I6M2D8M2D13M8I8M1I13M1I6M2D14M6I25M
A0A6B2LE82_taxID_1963864_model_A	ref_PmTYR_A	1	251	251	14	296	7.159E-01	34M10D29M3I10M3D13M7I6M6D7M3D1M5D7M3D3M2D4M1D12M1D3M3D4M2D11M5D16M1D28M10I12M1D7M1D5M1I4M1I7M7D6M
A0A6B2LE82_taxID_1963864_model_A	ref_1BT3_Ibatatas	1	195	251	55	286	5.229E-01	21M5D14M13D29M1I9M5D11M1D2M10I11M4I4M1I12M6D3M3D7M5D4M11D4M4I14M7D8M1D22M
A0A6B2LE82_taxID_1963864_model_A	ref_1JS8_squid	40	244	251	63	250	4.848E-01	24M3I14M3I11M1D1M2D4M5D3M2I9M6I1M1I2M8I12M1I1M2I7M1I12M4D8M1D24M8I14M1I5M6D17M
A0A6B2LE82_taxID_1963864_model_A	ref_5CE9_Jregia	36	194	251	107	284	4.035E-01	33M1I7M4I4M2D14M2I7M4I13M2D13M2D2M5D2M4D3M8D1M2D3M3I14M4D7M4D22M
A0A6B2LE82_taxID_1963864_model_A	ref_2Y9W_Abisporus	37	231	251	69	315	3.860E-01	14M13D4M3D22M2I6M5D4M10I4M1D4M3I2M1I5M6D7M12D2M8D5M16D11M2D5M5D6M1I7M10D9M1D27M10I6M3I15M
A0A8H4K586_taxID_78861_model_A	ref_2Y9W_Abisporus	581	651	748	268	344	7.461E-02	32M6D10M2D10M1I5M1I12M
A0A8H4K586_taxID_78861_model_A	ref_1JS8_squid	559	653	748	159	255	8.494E-02	5M2D8M5I6M2D50M4D11M1I9M
A0A8H4K586_taxID_78861_model_A	ref_PmTYR_A	586	646	748	224	282	6.083E-02	46M2I13M
A0A8H4K586_taxID_78861_model_A	ref_1BT3_Ibatatas	57	161	748	59	123	3.718E-02	9M10I9M2I13M29I2M2D12M1I18M
A0A8H4K586_taxID_78861_model_A	ref_5CE9_Jregia	51	161	748	57	122	3.681E-02	10M15I9M2I12M29I4M2D11M1I18M
A0AAW1BHH7_taxID_8729_model_A	ref_PmTYR_A	129	534	581	1	293	4.111E-01	4M1D21M18I1M1I5M9I17M1I5M3I16M9D4M2I12M4D3M1D12M1D10M1I5M2D8M63I18M1D41M8I25M9I4M13I18M1I21M2I7M1I17M
A0AAW1BHH7_taxID_8729_model_A	ref_1JS8_squid	132	528	581	1	260	3.061E-01	30M28I8M2I12M1D10M1D8M1D6M6D23M13I11M11I4M52I1M4I7M4D3M7I1M1D12M10I8M5I2M9I11M4D8M12I7M5I1M5I16M4D3M6I9M1D7M4D3M6D2M1I14M
A0AAW1BHH7_taxID_8729_model_A	ref_1BT3_Ibatatas	127	529	581	37	330	2.687E-01	4M4D28M2I2M12I6M9I9M1D1M2D14M4I12M9D17M5D21M2D5M10I9M13I4M5I3M22I5M28I17M5I3M5I5M2I9M5D9M4D4M3D9M1I1M9I5M12I15M1D10M3D9M8I7M1I12M
A0AAW1BHH7_taxID_8729_model_A	ref_5CE9_Jregia	24	531	581	3	335	2.801E-01	6M6I4M7I12M1I1M20I9M28I8M4I29M2I2M12I6M9I28M1I11M9D17M4I4M7I6M1I6M1I11M1D8M10I5M42I2M8I6M2I13M2D8M4I2M9I2M2D11M5D5M9D4M2I12M10I4M12I12M4D13M3D7M10I2M2D7M1I8M1D4M
A0AAW1BHH7_taxID_8729_model_A	ref_2Y9W_Abisporus	166	529	581	1	351	1.770E-01	4M2I10M8I9M3D6M11D3M7D6M3D8M1D7M1D4M1D2M16D4M8D14M6D2M1D5M3D3M15D13M3I3M2D18M12I19M5I5M2D6M3I3M9I2M6I11M3I1M3D3M23I7M10I14M9I4M13I16M3I2M5D4M1I4M6D11M4D8M1I12M
A0A0G2FI58_taxID_1214573_model_A	ref_PmTYR_A	76	373	377	4	286	5.045E-01	28M6I3M7I10M1D3M9D32M1I9M2D11M2I12M3I3M21I5M24D18M5D2M2D3M5D4M2I9M2I12M1I41M5I4M7I4M4I16M2I6M
A0A0G2FI58_taxID_1214573_model_A	ref_1BT3_Ibatatas	76	377	377	45	332	4.599E-01	36M8I14M13D27M1D10M8I3M3D1M3D7M1D16M12I21M3I7M4I9M8D2M1D3M1I3M5D9M4D4M2D28M23I8M3D4M3D19M2I10M
A0A0G2FI58_taxID_1214573_model_A	ref_5CE9_Jregia	58	377	377	18	334	4.109E-01	14M6D5M2D35M8I8M2I4M15D27M1D10M8I2M6I20M7D2M3D7M8I6M2I2M6I17M2D3M6D11M5D9M6D32M11I3M5I3M3D3M3D7M4I20M2I8M
A0A0G2FI58_taxID_1214573_model_A	ref_2Y9W_Abisporus	78	375	377	1	351	4.828E-01	6M3D19M4I5M1I4M3I8M1D4M15D29M18D18M5D4M9D3M6D2M8I13M12I3M10D6M4D11M1D3M1D10M2I6M2D10M3D12M9D33M6D6M4I5M6I14M2D17M2I5M
A0A0G2FI58_taxID_1214573_model_A	ref_1JS8_squid	77	320	377	1	215	3.419E-01	21M1D6M3I9M16D3M13I27M1I12M28I8M17I6M3D8M1D2M10D6M4D14M7I3M1I12M3D33M3D4M
A0A6A6FJM6_taxID_717836_model_A	ref_2Y9W_Abisporus	1	341	626	43	350	3.949E-01	13M6I6M1I43M1I19M4D17M3I8M2I8M2D3M1D15M1I15M2I11M13I2M3I24M5I3M1I15M5D2M3D35M5I32M3I3M2I19M
A0A6A6FJM6_taxID_717836_model_A	ref_1JS8_squid	2	343	626	40	262	2.614E-01	11M5I6M7I21M21I6M1D16M1I9M18I4M1I5M7I12M19I2M15I20M6I4M10I13M1D4M1D28M10D8M7I14M9I2M1I7M5I18M
A0A6A6FJM6_taxID_717836_model_A	ref_5CE9_Jregia	34	351	626	108	335	2.248E-01	19M8I1M9I8M1I12M2D2M2I7M17I4M1D3M2I3M3D4M9I6M4I9M4I8M14I7M1I4M1I16M3I6M2D9M5D38M3D8M1I3M20I2M3I5M1I23M6I5M
A0A6A6FJM6_taxID_717836_model_A	ref_PmTYR_A	32	340	626	58	286	2.247E-01	20M21I8M1D20M4I4M4D2M2D7M4I8M14I7M24I7M10D18M11I13M3I1M4D4M6D9M2I35M14I3M2D7M1I10M7I2M4I15M
A0A6A6FJM6_taxID_717836_model_A	ref_1BT3_Ibatatas	34	351	626	109	333	2.002E-01	18M21I8M3D9M35I5M1I3M4D2M4D4M1D7M3D7M1I5M6I2M1I7M14I7M1I7M1I8M4I10M2D3M1D7M5D44M1I4M20I2M3I5M1I23M6I5M
A0A915KQR7_taxID_13658_model_A	ref_PmTYR_A	36	129	407	204	294	1.689E-01	40M2D4M7I8M3I18M5D14M
A0A915KQR7_taxID_13658_model_A	ref_2Y9W_Abisporus	32	129	407	239	351	1.800E-01	13M10D33M7I2M5D14M2D13M5D16M
A0A915KQR7_taxID_13658_model_A	ref_5CE9_Jregia	36	78	407	239	288	9.842E-02	7M8D3M1I32M
A0A915KQR7_taxID_13658_model_A	ref_1JS8_squid	19	130	407	137	262	1.698E-01	10M7D17M3D1M1D21M3D10M1D3M3I2M4D6M7D4M1I10M8I16M
A0A915KQR7_taxID_13658_model_A	ref_1BT3_Ibatatas	36	89	407	240	298	1.075E-01	9M4D7M3D31M2I5M
A0AAJ0BP52_taxID_438768_model_A	ref_PmTYR_A	47	378	379	4	286	5.705E-01	23M2I2M7I5M4I11M1D3M9D24M1I17M2D8M2I11M10I5M9I10M2D1M1I5M17I4M1D6M1D23M9D10M1I9M1I9M1I28M6D7M7I5M8I7M4I15M5I4M
A0AAJ0BP52_taxID_438768_model_A	ref_1BT3_Ibatatas	39	319	379	43	288	3.954E-01	3M6I30M5I3M3I16M13D27M1D12M5I7M2I2M6D6M4I2M8I6M5I2M9I7M10I3M11I9M4I3M3D6M1D5M2D16M1D1M4D12M6D31M
A0AAJ0BP52_taxID_438768_model_A	ref_5CE9_Jregia	48	379	379	45	331	4.119E-01	30M5I8M7I5M17D29M2D4M1I5M14I7M13I7M9I3M1I22M1I8M17I11M7D8M2D14M5D10M6D31M10I6M1I7M3I5M3D21M5I4M
A0AAJ0BP52_taxID_438768_model_A	ref_1JS8_squid	48	327	379	1	216	3.994E-01	21M1D5M3I5M8I9M1D2M2I4M12D23M1I12M22I15M15I3M2D3M21I6M2I7M1I5M5I7M3D8M7I8M1I10M3D34M2D5M
A0AAJ0BP52_taxID_438768_model_A	ref_2Y9W_Abisporus	49	374	379	2	349	4.757E-01	9M2D17M4I6M1I2M3I12M11D1M5D23M13D6M5D29M6I6M6I5M6I8M2I13M2D5M4D8M8I6M3D7M2D12M2D11M3I6M3D9M9D28M2D4M7D8M10I13M2D12M1I10M
A0A856MK52_taxID_415709_model_A	ref_PmTYR_A	87	443	443	5	297	5.585E-01	27M3I2M4I10M1I8M3I44M6D6M1I11M4I6M6I11M1I3M5I7M1I12M1D4M1I15M10D10M10I15M14I37M1I21M26I27M
A0A856MK52_taxID_415709_model_A	ref_1JS8_squid	88	435	443	2	262	4.439E-01	29M8I28M1D36M20I4M1D4M7I3M3D3M2D1M3D3M18I5M3I31M7I2M9I12M9I3M1I31M4I2M3D20M10I4M4I27M
A0A856MK52_taxID_415709_model_A	ref_5CE9_Jregia	84	436	443	42	334	4.012E-01	30M1I8M1I8M7I6M1I2M3D5M4D24M2D17M18I4M12I12M3I12M2I6M1I6M5D4M1I3M6D8M13I10M12D9M4I6M3I31M3I14M3I9M2I1M4I5M13I21M
A0A856MK52_taxID_415709_model_A	ref_1BT3_Ibatatas	86	435	443	45	331	4.063E-01	28M1I8M1I9M14I5M13D24M2D18M2I5M28I12M2I12M3I14M6D3M1D6M2D1M7I4M5D9M4I5M5D6M2I9M5I32M1D7M10I9M1D5M20I20M
A0A856MK52_taxID_415709_model_A	ref_2Y9W_Abisporus	88	433	443	2	350	4.599E-01	9M2D25M2I8M1I18M2D2M1D21M14D4M5D11M4D7M3D3M7I15M4I6M3I7M3I6M3D7M3I11M14D8M1D5M9D5M1D2M7I2M9I9M1I7M2I3M1I34M2I3M4D7M1I1M6D9M20I25M
A0ABD1H9L5_taxID_28513_model_A	ref_5CE9_Jregia	2	125	274	218	338	4.241E-01	12M2I60M1I49M
A0ABD1H9L5_taxID_28513_model_A	ref_1BT3_Ibatatas	2	124	274	219	335	4.058E-01	9M2I64M4I44M
A0ABD1H9L5_taxID_28513_model_A	ref_1JS8_squid	25	120	274	161	262	2.585E-01	24M3I19M6D8M2I13M2D7M3D20M
A0ABD1H9L5_taxID_28513_model_A	ref_2Y9W_Abisporus	25	119	274	243	351	2.456E-01	9M1D5M5D5M3I29M5D7M1I2M8D4M1D9M2I19M
A0ABY2RLZ4_taxID_2571143_model_A	ref_1BT3_Ibatatas	104	379	559	41	328	4.001E-01	11M3I4M2I37M6D35M3I2M1I14M1I12M7I3M2I3M1I3M3I5M2D7M18D19M11D15M1I74M1I7M
A0ABY2RLZ4_taxID_2571143_model_A	ref_5CE9_Jregia	102	379	559	38	330	3.839E-01	13M3I4M2I37M6D35M3I2M1I13M1I13M7I2M3I17M8D7M5D11M4D4M9D2M2D15M1I6M3I6M3D26M3D34M1I6M
A0ABY2RLZ4_taxID_2571143_model_A	ref_PmTYR_A	109	380	559	5	287	3.323E-01	10M5I14M5I18M1I8M4D24M2I3M4I6M2D2M1D16M1D3M1D3M21D4M4I9M3I10M3D10M8D2M3I9M3D2M2D10M8I29M3D5M1D5M7I5M4D15M1I7M
A0ABY2RLZ4_taxID_2571143_model_A	ref_2Y9W_Abisporus	110	379	559	2	349	3.419E-01	13M3I31M9I8M18D22M2D6M11D11M1I4M2D11M5D8M4D4M2D5M15D2M13D5M4D1M4I3M2I5M3D2M2D14M1D2M1I17M2D33M12D4M8D2M4I4M1D10M2I11M1I5M
A0ABY2RLZ4_taxID_2571143_model_A	ref_1JS8_squid	110	380	559	2	260	2.837E-01	9M5I21M2I8M15I4M19D15M4I6M1I1M1I14M2I11M6D4M1D4M7I3M2D6M9I3M4D8M4I2M1I6M1I10M4I35M10D3M17D11M5I4M9I4M1I8M
A0A4D6CAK4_taxID_2057801_model_A	ref_PmTYR_A	32	149	149	6	91	4.469E-01	19M1I3M17I7M8I20M6I2M2D23M2I10M
A0A4D6CAK4_taxID_2057801_model_A	ref_1BT3_Ibatatas	20	149	149	16	142	4.404E-01	10M7D3M12D25M7I7M13I7M1I3M5I7M2I5M6D35M
A0A4D6CAK4_taxID_2057801_model_A	ref_5CE9_Jregia	16	149	149	15	141	4.414E-01	11M2D6M13D25M7I14M14I11M7I4M6D35M
A0A4T0WB77_taxID_80884_model_A	ref_PmTYR_A	71	410	411	4	286	5.003E-01	28M6I3M7I11M1D2M9D32M1I13M1D5M2I16M23I7M2I6M2I2M9I4M4I3M1D6M1D18M6D6M5D5M6I20M1I33M4D5M5I7M2D4M1I3M16I9M2I5M
A0A4T0WB77_taxID_80884_model_A	ref_1BT3_Ibatatas	65	411	411	40	329	4.447E-01	5M1I36M8I14M13D27M1D11M1I7M2I9M1D1M5I5M6I10M22I4M9I2M10I11M2I12M2D3M6I4M8D9M3D14M6D31M23I4M4D5M3D6M1I13M2I6M
A0A4T0WB77_taxID_80884_model_A	ref_5CE9_Jregia	66	411	411	37	331	4.195E-01	6M2D35M8I14M13D27M2D4M1I5M15I6M5I4M6I12M1D3M5I14M6I9M14I5M6I9M2D8M3D13M3D1M1I11M6D33M12I11M4I5M1D8M1D12M2I6M
A0A4T0WB77_taxID_80884_model_A	ref_2Y9W_Abisporus	72	410	411	1	349	4.614E-01	16M2D12M4I3M6I13M19D3M1I23M18D14M5I8M4D2M10I5M1I11M1I3M10I4M2I8M11I3M2D4M1D3M5D13M5D17M3I5M1D3M8D3M6I13M9D31M5I10M2D19M3D3M2I10M1D4M3I3M
A0A4T0WB77_taxID_80884_model_A	ref_1JS8_squid	73	410	411	2	259	4.163E-01	20M1D6M4I6M8I15M12D28M1I6M4I8M20I7M18I4M6I2M12I3M2I5M2I14M2I7M1I5M2D7M12I13M3D35M6D22M1I1M5I5M4I10M2I5M
A0A8H5JP71_taxID_47803_model_A	ref_PmTYR_A	49	267	788	4	237	1.857E-01	6M2D20M10I2M3I12M4D3M6D31M1I5M1I22M13I8M12I10M3D2M5D6M3D9M35D5M2I16M1I19M
A0A8H5JP71_taxID_47803_model_A	ref_1BT3_Ibatatas	49	267	788	44	280	1.562E-01	6M3D27M8I10M13D32M1D18M6D7M1I2M4D2M2D2M3I16M9D4M6I21M8I1M2I8M3D5M6D9M1I20M
A0A8H5JP71_taxID_47803_model_A	ref_5CE9_Jregia	46	267	788	40	279	1.553E-01	9M3D27M8I13M6D2M7D27M2D4M1I5M5I2M9D5M2D1M5D3M2D4M5I15M9D5M6I21M8I1M5I6M3D7M2D2M6D25M
A0A8H5JP71_taxID_47803_model_A	ref_2Y9W_Abisporus	55	267	788	10	286	1.384E-01	19M3I7M2I2M3I8M3I5M2D3M17D17M13D6M5D9M8I12M7I7M1D6M1I8M10I9M24D5M1D5M23D3M2D2M3D8M1D12M9D23M
A0A8H5JP71_taxID_47803_model_A	ref_1JS8_squid	60	267	788	13	198	1.348E-01	14M3I6M2D4M15D3M13I33M1I8M3I14M1D1M2I6M2D7M1I4M5D4M26I7M7I2M7D3M1I12M3D23M
A0ABR8I9V9_taxID_2692915_model_A	ref_PmTYR_A	52	401	407	6	289	5.906E-01	26M3I2M4I14M1I6M1I2M3I40M1D7M4D14M3D4M12I7M1I2M5I3M1I5M1I32M10D10M9I15M16I37M1I21M26I19M
A0ABR8I9V9_taxID_2692915_model_A	ref_1JS8_squid	52	399	407	2	260	4.634E-01	29M8I13M1D4M2I10M1D37M13I13M15I4M5I7M3I7M3I30M7I3M8I10M4I4M7I1M1I32M2I6M1D17M6I4M8I25M
A0ABR8I9V9_taxID_2692915_model_A	ref_1BT3_Ibatatas	49	398	407	44	328	4.463E-01	29M1I6M1I13M10I2M3D3M6D3M1I22M2D19M2I5M1I1M25I10M3I3M1I10M3I5M1I8M8D9M2D1M7I4M5D7M3I7M5D7M4I6M5I34M9I16M22I4M3D17M
A0ABR8I9V9_taxID_2692915_model_A	ref_5CE9_Jregia	46	399	407	40	331	4.626E-01	32M1I8M1I27M2I25M2D17M3D11M2I6M2D4M19I4M1I3M1I9M11I10M1D4M2D5M1D3M7I14M6D9M4I6M5I34M14I3M1I6M1D2M6I3M8I8M3D18M
A0ABR8I9V9_taxID_2692915_model_A	ref_2Y9W_Abisporus	51	399	407	1	350	4.626E-01	10M2D25M2I8M1D6M2I11M1D2M1D22M14D4M5D12M1D7M3I2M2D18M4I3M5I3M3D4M3I3M1I4M4D5M1I3M2I10M13D8M1D4M7D10M4I3M8I9M3I9M3I35M3I2M5D5M5I6M5I12M5I25M
A0A2K8SJE4_taxID_2038116_model_A	ref_PmTYR_A	47	400	414	4	294	5.799E-01	3M2I25M3I2M4I13M3I5M2I44M1D7M4D11M6I5M4I3M1D8M1I2M5I3M1I5M1I32M10D10M9I15M16I37M1I21M26I16M5D3M
A0A2K8SJE4_taxID_2038116_model_A	ref_1JS8_squid	51	399	414	2	261	4.351E-01	27M3I3M7I4M1D22M1D36M20I5M22I4M2I8M8D7M3I30M7I3M8I10M4I4M7I1M1I32M2I14M1D8M6I5M8I26M
A0A2K8SJE4_taxID_2038116_model_A	ref_1BT3_Ibatatas	49	399	414	45	330	4.652E-01	28M1I6M1I14M2I5M1D10M1I22M2D19M2I5M1I1M25I10M3I3M1I10M3I5M1I8M8D9M2D1M7I4M5D7M3I7M5D7M4I6M5I38M5I2M4I11M1D5M20I19M
A0A2K8SJE4_taxID_2038116_model_A	ref_5CE9_Jregia	45	399	414	40	332	4.772E-01	32M1I8M1I14M2D1M3I10M1I25M2D17M13I1M29I5M2I11M1I4M1D3M8D7M7D5M1D4M2D9M6I14M6D9M4I6M5I34M2I9M4I14M1D2M20I19M
A0A2K8SJE4_taxID_2038116_model_A	ref_2Y9W_Abisporus	50	399	414	1	351	4.641E-01	10M2D25M2I8M1D43M14D4M5D12M1D7M3I2M2D18M4I3M5I3M3D4M4I7M4D5M1I1M3I11M14D8M1D8M7D6M4I3M8I9M3I9M3I35M3I2M5D5M5I6M5I12M5I26M
A0A6J8CZL5_taxID_42192_model_A	ref_PmTYR_A	116	375	892	6	286	2.518E-01	28M5I9M13D2M4I59M5D11M5D3M3D11M3D19M2I7M5D7M5D2M1D8M3I35M2I3M4I8M3D15M2I11M
A0A6J8CZL5_taxID_42192_model_A	ref_1JS8_squid	114	378	892	1	262	2.142E-01	2M1I31M2I8M3I3M13D38M8D6M1D5M3I7M17I7M7D1M7I13M9I3M2D19M1D59M9D8M2I11M
A0A6J8CZL5_taxID_42192_model_A	ref_5CE9_Jregia	113	377	892	43	332	2.038E-01	47M4I1M16D25M2D12M5I7M4D20M11I12M11D3M2D4M1D4M1I2M5D13M4D10M4D33M14I17M13D9M2I9M
A0A6J8CZL5_taxID_42192_model_A	ref_1BT3_Ibatatas	111	379	892	42	332	2.204E-01	47M16D4M4I24M2D12M4D4M2I3M4I5M1D11M9I16M10D12M1D3M11D6M3I3M1D10M4D33M4I6M4I10M2D7M2D6M2I15M
A0A6J8CZL5_taxID_42192_model_A	ref_2Y9W_Abisporus	117	377	892	1	349	2.118E-01	8M4D15M1I7M2I2M3D6M6D9M9D13M5D6M14D12M2I9M1I19M9D9M1D5M9D1M2D14M14D5M1D9M3D21M2I2M9D34M7I3M7D6M5D8M6D6M1I9M3I4M
A0ABR1D605_taxID_51031_model_A	ref_PmTYR_A	94	172	857	205	275	7.651E-02	40M2D3M7I3M1D2M3I13M1I7M
A0ABR1D605_taxID_51031_model_A	ref_2Y9W_Abisporus	30	179	857	201	344	9.156E-02	4M3D17M2I8M4I1M9I2M9I14M10D35M7I4M3D12M5D9M5D3M1I9M
A0ABR1D605_taxID_51031_model_A	ref_1JS8_squid	89	179	857	157	253	8.097E-02	15M4D31M3I9M5I8M1D11M4D3M5D6M
A0A9W9HKK0_taxID_1132637_model_A	ref_2Y9W_Abisporus	32	429	841	1	350	3.496E-01	11M3I31M18I20M2D31M1I27M3I5M10D28M10I10M8I13M2I2M9I11M12I3M5D25M4I17M8D35M4I15M4D5M2I9M1I23M
A0A9W9HKK0_taxID_1132637_model_A	ref_1JS8_squid	32	431	841	1	262	2.338E-01	8M2I5M3I15M2I22M8I5M13I26M20I13M1D11M13I14M15I2M13I8M3I8M7I8M23I4M14I19M1D4M1D32M3I7M11I2M3D4M1D13M5D20M
A0A9W9HKK0_taxID_1132637_model_A	ref_5CE9_Jregia	16	434	841	32	337	2.368E-01	8M3I12M2I6M3I27M14I11M2D10M7I25M18I14M2D10M14I5M2I3M3I6M4D11M25I3M6I8M17I9M1D11M1I13M1D3M1D10M5D34M2D7M3I4M4D9M18I21M1D3M
A0A9W9HKK0_taxID_1132637_model_A	ref_PmTYR_A	33	428	841	6	286	1.996E-01	6M3I5M1I12M6I11M9I7M4I3M6I6M2I4M1I21M15I6M5I19M7D5M1I4M4D2M4I4M14I7M2I4M7I5M3D8M2I3M7I22M2D1M5D4M10I7M18I10M2I39M3D6M13I9M7I17M
A0A9W9HKK0_taxID_1132637_model_A	ref_1BT3_Ibatatas	6	434	841	29	335	2.264E-01	13M2I3M7I8M2I6M3I15M3D3M3I6M18I12M4D7M5I14M17I13M1I10M1I2M3D5M1D5M15I5M4I4M1I3M4D11M34I10M13I29M2I5M2D3M1D10M5D32M2I3M1D4M4I3M5D9M18I21M1D3M
A0A0C3LFR5_taxID_1051891_model_A	ref_2Y9W_Abisporus	19	349	618	2	350	4.955E-01	25M10D16M2I48M1D22M3D5M3D52M3I50M1I15M5D2M3D81M1I8M
A0A0C3LFR5_taxID_1051891_model_A	ref_1JS8_squid	19	349	618	2	260	3.045E-01	15M2I8M8D12M7I26M2I1M6I7M10I17M1D12M8I2M6I9M10I11M10I5M1D4M7I8M2I2M2D4M13I14M1D3M1D33M12I8M4D10M3D5M6D9M4I7M
A0A0C3LFR5_taxID_1051891_model_A	ref_PmTYR_A	19	356	618	6	294	3.175E-01	9M1D17M2D14M6I8M1I2M1I24M10I2M8I10M2D3M4D14M1I16M14I3M2I1M1I16M6I6M5D13M6I12M4D4M6D9M2I35M11I1M1D2M2D15M1I3M5I8M1I15M
A0A0C3LFR5_taxID_1051891_model_A	ref_5CE9_Jregia	1	348	618	29	330	2.781E-01	12M2I18M1I10M10D9M7I6M3D3M3I2M4D2M2I23M17I3M1D11M4I6M6I10M3I6M7D10M13I10M6I4M3I20M2D4M3D3M2I6M1D10M2D9M3D23M18I6M1I4M3I11M10D8M1I7M
A0A0C3LFR5_taxID_1051891_model_A	ref_1BT3_Ibatatas	2	348	618	33	328	2.866E-01	4M3I19M2I14M10D9M3I5M1I6M2D3M1I3M2I25M16I13M1I3M4D5M6D7M4I3M5I6M1D10M15I2M12I13M2I14M2D9M1D6M1D10M2D9M3D25M16I6M9I8M1D5M9D5M1I7M
A0A6G3WLB2_taxID_2706086_model_A	ref_PmTYR_A	2	272	273	6	287	9.188E-01	40M1I5M2D5M1D39M1D2M3D17M1D12M2I3M1D18M2D30M1D10M1D17M1D40M2I1M2D10M1I9M1D7M
A0A6G3WLB2_taxID_2706086_model_A	ref_1JS8_squid	1	272	273	1	260	6.520E-01	27M3D11M2I3M2D8M3D39M2D8M10I4M5I3M3D6M10I7M5D3M6I13M3I2M6I8M5I11M4D5M1D25M2D13M2I10M1D2M10D11M1D4M
A0A6G3WLB2_taxID_2706086_model_A	ref_5CE9_Jregia	1	273	273	45	332	6.306E-01	21M1I6M6D13M3I3M8D30M2D13M3D16M2D3M1D8M9I12M8I14M4D3M7D14M3I2M4I14M7D3M1D24M3I13M2I6M3D5M3D11M1D6M
A0A6G3WLB2_taxID_2706086_model_A	ref_1BT3_Ibatatas	1	273	273	46	330	6.031E-01	21M1I6M6D16M2D1M3D31M2D13M3I2M1I9M6I5M2D8M2I1M6D11M9I2M4I2M11D9M6D14M3I2M4I12M7D8M1D22M2I7M4D3M3I5M4I4M3D11M1D6M
A0A6G3WLB2_taxID_2706086_model_A	ref_2Y9W_Abisporus	1	273	273	1	351	6.385E-01	6M2D21M2D7M1I6M8D10M4D23M14D4M5D10M2I5M4I7M2I2M3D5M11D6M4D1M5I8M4D15M13D11M1D4M3I1M2D11M2D4M5I9M10D5M1D32M3D11M5D7M4D3M1D8M1D9M
A0AAD5CAK5_taxID_4212_model_A	ref_1BT3_Ibatatas	41	376	535	1	335	5.872E-01	11M1I14M3I74M2I14M7D55M1D112M3I47M
A0AAD5CAK5_taxID_4212_model_A	ref_5CE9_Jregia	41	377	535	1	338	5.875E-01	18M4I5M2I17M1D57M2I14M7D56M1D162M
A0AAD5CAK5_taxID_4212_model_A	ref_1JS8_squid	91	372	535	2	262	3.101E-01	31M2I6M4I3M10D4M10I13M1I11M5D3M1D8M4I2M4D11M9D5M1D6M15I12M7I3M20I1M4D4M1D20M3I26M5D16M2I1M11D6M4I18M
A0AAD5CAK5_taxID_4212_model_A	ref_PmTYR_A	87	373	535	1	293	3.310E-01	3M1D11M3I14M2I16M2I6M4I6M1D5M7D12M2I22M3D3M8D2M6D6M4D10M1D10M6D2M9I16M7I7M4I5M8D13M7I30M2D12M3D4M2I5M5I16M3D4M
A0AAD5CAK5_taxID_4212_model_A	ref_2Y9W_Abisporus	90	371	535	1	351	3.121E-01	7M2D36M1D3M4I2M5I9M14D3M2D8M16D12M1D6M4D3M2D2M12D6M15D6M4D6M1D2M2D7M13I10M6D7M1I8M4I7M3I5M2D12M1D5M5D1M3I37M5D11M9D8M2I18M
K4REL7_taxID_1214101_model_A	ref_PmTYR_A	2	355	360	6	286	5.988E-01	28M9I13M3I52M4D16M4I1M5D7M8I5M9I3M4I5M2D7M3D12M1D11M3I2M1D2M4D6M1I2M1I4M7I16M1D24M12I3M3I5M1D6M2I12M26I13M3I4M
K4REL7_taxID_1214101_model_A	ref_1JS8_squid	1	355	360	1	259	5.172E-01	32M6I21M2I42M18I4M4I7M6I8M7I7M3I8M8I3M8D2M1D6M8I9M8I2M7I11M4D5M1D23M1D6M9I10M8I10M9I3M3I10M2I11M3I4M
K4REL7_taxID_1214101_model_A	ref_1BT3_Ibatatas	1	359	360	46	332	5.005E-01	32M2I2M2I11M4I5M6D6M2I26M2D29M8I7M8I5M9I6M10I12M5D15M7I2M2D16M3D11M3D2M4D6M1D23M24I17M20I5M1D13M3I9M
K4REL7_taxID_1214101_model_A	ref_5CE9_Jregia	1	357	360	45	332	4.901E-01	32M2I3M2I10M4I5M2D4M3D4M1I25M2D10M1I6M3D5M12I3M1D6M7I8M3I7M4I2M8I9M1D16M1I6M4I16M3D13M7D5M1D22M5I4M10I7M6I11M21I7M2D11M3I6M
K4REL7_taxID_1214101_model_A	ref_2Y9W_Abisporus	1	357	360	1	351	4.350E-01	9M2I13M4D4M5I4M2I5M1I8M1D3M3D6M2D5M1D21M15D3M4D10M3D14M2I4M4I7M10D8M1I19M3I6M13I8M5I8M2D10M4D7M5I4M8D7M10D6M1D35M5I15M3I12M20I10M3I12M
A0A4Q4MYG0_taxID_119927_model_A	ref_PmTYR_A	58	384	385	4	286	5.501E-01	28M10I2M3I11M1D3M9D32M1I9M2D8M2I13M8I4M10I7M2I7M3D1M6I3M8I7M2D5M1I11M7D18M2I52M11I8M4D5M5I13M3I8M
A0A4Q4MYG0_taxID_119927_model_A	ref_5CE9_Jregia	48	385	385	32	331	4.360E-01	11M2D31M1I3M7I15M13D27M2D4M1I5M14I16M6I8M4I9M2I3M9I11M6I8M6I18M2D14M5D11M7D31M11I3M5I4M4D5M3D3M1I12M3I10M
A0A4Q4MYG0_taxID_119927_model_A	ref_1BT3_Ibatatas	48	385	385	34	329	4.322E-01	8M1D35M1I2M7I15M13D27M1D10M5D9M7I4M4I7M6I5M11I3M3I3M8I7M11I9M4I3M3D2M3D9M2I16M1D1M4D9M7D32M19I5M4D4M3D5M1I9M3I12M
A0A4Q4MYG0_taxID_119927_model_A	ref_1JS8_squid	59	384	385	1	259	4.566E-01	27M2I7M8D3M8D3M13I25M1I13M3I9M12I5M21I5M2I5M15I6M2I13M2I5M5I14M2I4M4I11M4D35M7I24M1D7M3D14M
A0A4Q4MYG0_taxID_119927_model_A	ref_2Y9W_Abisporus	60	384	385	2	349	4.791E-01	15M2D10M4I5M7I9M2I5M21D21M13D6M5D9M4I9M3I3M2I11M1D6M1D4M2I1M8I1M2I9M6I9M1D3M2I6M14D6M3I1M1D11M2I7M2I4M1D7M3D8M10D40M1I3M2D18M4D4M3I7M3I11M
A0A7S2JHL4_taxID_1333877_model_A	ref_PmTYR_A	528	822	882	3	286	2.213E-01	43M5D2M2D29M2I32M1I5M6D8M3I10M2I4M5I14M3I3M9I9M13D8M1D3M3D9M5I36M1D11M2D13M2I9M12I3M
A0A7S2JHL4_taxID_1333877_model_A	ref_5CE9_Jregia	519	767	882	26	284	1.719E-01	10M8D28M5D15M7D4M3D40M2D5M1D7M24I1M18I21M3D10M1D10M17D6M1D5M2D10M2I8M1D2M3D23M
A0A7S2JHL4_taxID_1333877_model_A	ref_1JS8_squid	530	781	882	1	216	1.617E-01	21M9I6M9I10M29D14M1I4M1I10M3I3M1I7M1D2M10I5M7I5M13I5M9I9M6I4M4D19M1D12M3D4M2I2M2I30M1I6M
A0A7S2JHL4_taxID_1333877_model_A	ref_1BT3_Ibatatas	498	823	882	12	314	1.423E-01	9M7I3M1D2M1D7M2I1M9D31M5D13M5D4M5D36M14I6M4I4M5D8M4I3M2I4M7I5M1D8M13I17M8I7M3D3M8D13M22D25M4I2M4D8M26I10M1I5M
A0A7S2JHL4_taxID_1333877_model_A	ref_2Y9W_Abisporus	530	771	882	1	295	1.370E-01	10M2D20M1I4M1I5M6I7M26D20M9D2M8D8M10I8M3D2M2D1M4I4M11I24M5D11M2D10M3I7M5I17M11D8M10D3M13D3M3D27M
I1U4K6_taxID_3750_model_A	ref_5CE9_Jregia	105	442	610	1	339	5.486E-01	40M1D298M
I1U4K6_taxID_3750_model_A	ref_1BT3_Ibatatas	106	441	610	2	336	5.412E-01	10M2D275M3I48M
I1U4K6_taxID_3750_model_A	ref_1JS8_squid	149	436	610	2	262	3.216E-01	31M2I6M4I4M2D4M3I3M1D5M2D24M2I14M1I9M1D7M3I2M3D3M12I15M3I10M2I3M9I2M3I6M1D10M1I5M2I34M5D13M2I1M11D6M4I18M
I1U4K6_taxID_3750_model_A	ref_PmTYR_A	149	450	610	6	297	3.038E-01	25M5I15M7I3M3D6M1D24M2I21M7D4M4D2M6D2M1D5M3D22M3D4M7I14M3D2M6I15M1I1M2D9M7I32M1I9M6D6M2I6M5I16M6I10M
I1U4K6_taxID_3750_model_A	ref_2Y9W_Abisporus	146	435	610	1	351	2.907E-01	45M1D20M2D19M16D7M1D13M11I7M9D3M1D5M1I7M7D10M21D9M6D11M1I17M3I4M2I11M2I5M5D35M5D14M9D7M2I19M
A0A7G3VAY7_taxID_2737276_model_A	ref_PmTYR_A	60	177	177	6	91	3.898E-01	19M1I3M17I7M8I19M4I28M2I10M
A0A7G3VAY7_taxID_2737276_model_A	ref_1BT3_Ibatatas	58	177	177	45	142	3.979E-01	28M2I5M8I6M11I6M5I6M1D2M2D6M1D35M
A0A7G3VAY7_taxID_2737276_model_A	ref_5CE9_Jregia	47	177	177	36	141	4.236E-01	7M3I28M10I12M11I12M4I3M2D6M1D35M
A0A7G3VAY7_taxID_2737276_model_A	ref_1JS8_squid	59	177	177	1	91	3.503E-01	27M8I3M4I6M14I7M2D10M3I3M1D21M2I11M
A0A7S2JHQ4_taxID_1333877_model_A	ref_PmTYR_A	551	845	905	3	286	2.354E-01	36M4D20M3D18M2I32M1I7M18I2M2I8M1D10M2D7M10D3M9I8M7D3M4D10M6D9M5I44M3D15M2I9M12I3M
A0A7S2JHQ4_taxID_1333877_model_A	ref_1JS8_squid	553	845	905	1	259	1.834E-01	21M9I6M3D5M6I5M17D2M6D15M1I4M1I10M3I3M1I9M9I6M7I5M13I5M9I9M6I4M4D19M1D12M3D4M2I2M2I26M1I10M4D15M5I6M1I10M4D4M
A0A7S2JHQ4_taxID_1333877_model_A	ref_5CE9_Jregia	542	845	905	26	330	1.973E-01	10M8D22M3I6M8D12M7D4M3D40M2D3M1I1M4I6M8I3M10I1M18I21M3D10M1D4M12D6M5D6M1D5M2D10M2I8M1D2M3D23M4I2M2D19M7D7M3I5M5I1M6I3M
A0A7S2JHQ4_taxID_1333877_model_A	ref_1BT3_Ibatatas	522	846	905	7	329	1.516E-01	20M1D7M2I1M9D22M3I6M8D5M1D11M9D37M14I12M1D10M4I3M2I4M7I5M1D11M28D16M2D13M10I5M8I31M4I2M4D8M3D2M5I4M4D5M3I7M11I5M
A0A7S2JHQ4_taxID_1333877_model_A	ref_2Y9W_Abisporus	553	817	905	1	333	1.515E-01	10M2D20M1I8M4D4M5D4M15D2M5I20M9D2M8D8M10I8M3D2M2D1M4I4M11I30M7D9M1D6M4I6M5I17M11D8M10D3M13D3M3D28M1I4M4D6M8D5M4D6M
A0A913WQ01_taxID_2652724_model_A	ref_PmTYR_A	191	453	659	6	295	3.326E-01	24M5I18M9D42M2D11M3I24M1I9M2D7M4D2M1D13M5D7M5D9M3D17M1D22M3I7M1I11M9D13M4I4M3D6M
A0A913WQ01_taxID_2652724_model_A	ref_1JS8_squid	192	450	659	3	262	2.375E-01	12M4I6M14I7M2I12M28D28M8I8M11I10M2D1M1I3M6I9M5I2M5D2M2D8M2I13M1I11M4D5M1D29M6D13M11D16M4I6M
A0A913WQ01_taxID_2652724_model_A	ref_1BT3_Ibatatas	190	450	659	46	331	2.676E-01	26M1D6M1I12M2I3M14D25M2D12M2I4M3I5M12I4M1I3M1I6M2I22M9D3M1D15M16D2M2I11M7D9M1D22M5D4M5I14M4D11M4I7M
A0A913WQ01_taxID_2652724_model_A	ref_5CE9_Jregia	190	451	659	45	334	2.431E-01	20M1D12M1I10M1I4M13D27M2D12M3I3M22I5M6I2M3I7M2I7M3D7M4I2M8D8M1I4M11D4M22D10M4D5M4D33M3D13M4D12M4I8M
A0A913WQ01_taxID_2652724_model_A	ref_2Y9W_Abisporus	191	449	659	1	351	2.528E-01	5M4D6M2D9M2I13M1I10M20D4M5I16M17D5M2D18M4D5M1I2M6I1M3D2M6I2M6D5M13D5M8I6M5I3M21D11M4I4M3D1M10D4M1I9M10D7M1D28M7D8M12D22M4I5M
A0ABR3QRF7_taxID_300254_model_A	ref_2Y9W_Abisporus	62	429	773	1	350	4.115E-01	52M1I7M1D1M3D37M1I36M1D31M5I17M4I42M3D5M1I15M9D21M22I46M1I23M
A0ABR3QRF7_taxID_300254_model_A	ref_1JS8_squid	62	431	773	1	262	2.665E-01	10M1I8M1I10M2I17M4I5M2D17M8I6M9I4M3I21M5I7M13I10M6I4M9I8M10I2M5I4M3I10M2I3M4D2M5I2M6I12M2I2M5D18M22I10M2D6M6I6M1I5M3I16M5D19M
A0ABR3QRF7_taxID_300254_model_A	ref_PmTYR_A	63	436	773	6	297	2.525E-01	9M1I14M6I15M1D5M3I10M1I22M20I13M2D12M1I9M8D2M9I16M12I2M3D13M1D14M11I3M7D5M5I2M6I4M6D9M1I20M22I16M10I10M2D9M7I17M3D8M
A0ABR3QRF7_taxID_300254_model_A	ref_1BT3_Ibatatas	51	428	773	32	328	2.403E-01	12M3D15M2I27M2D6M4D2M4I6M2I10M11I10M6I6M1I12M4I12M9I4M5I3M3I8M8I5M2I13M6I6M3I12M1D7M8D7M2I5M1D10M6D18M1D1M23I11M2I5M1I11M6I3M9I5M2D17M
A0ABR3QRF7_taxID_300254_model_A	ref_5CE9_Jregia	46	428	773	29	330	2.379E-01	32M2I27M1I5M7D4M4I4M2I23M18I15M3I6M1I3M11I7M7I7M8I9M1I17M9I12M12D5M3I8M2I5M1D9M6D19M1D1M23I11M13I11M1I2M1D4M3I1M1D9M2D3M2D3M2I7M
A0A2K5KUH5_taxID_9531_model_A	ref_PmTYR_A	125	497	552	6	295	4.599E-01	26M19I2M9I13M4I37M2I15M5D12M1D10M1I5M2D9M12I10M1I6M2D41M8I26M33I21M1I21M2I7M1I19M
A0A2K5KUH5_taxID_9531_model_A	ref_1JS8_squid	124	489	552	1	260	3.376E-01	28M15I5M10I8M4I20M1D15M3I5M1D23M13I8M4I3M1I5M11I6M4D4M7I1M1D12M10I7M4I3M10I12M4D13M33I18M2I16M1D7M4D3M6D2M1I14M
A0A2K5KUH5_taxID_9531_model_A	ref_1BT3_Ibatatas	19	491	552	2	331	3.288E-01	2M3I3M4I16M1I6M8I16M45I29M17I7M6I9M1D1M2D14M4I40M3D10M2D9M3D25M28I17M5I3M5I5M2I9M5D10M7D11M33I21M9I2M1I8M1D4M1I3M6D6M1I14M
A0A2K5KUH5_taxID_9531_model_A	ref_5CE9_Jregia	110	493	552	35	336	3.198E-01	8M4I29M16I8M7I15M3D9M4I40M3D9M6D6M2D8M1D6M1I5M3I6M28I4M1D8M2I5M4I2M5I4M2I11M5D12M7D15M33I12M4D13M3D7M10I2M2D6M1I9M1D5M
A0A2K5KUH5_taxID_9531_model_A	ref_2Y9W_Abisporus	125	490	552	2	351	3.202E-01	9M2D17M10I8M13I16M1D16M1D23M17D12M16I9M2I3M3D9M3I5M1D6M11D4M4D3M2D2M3I8M3D1M12D9M4I11M1D4M6I7M4I15M11D2M1I7M33I19M3I2M5D4M1I4M6D11M4D8M1I12M
A0A9D4DW49_taxID_45954_model_A	ref_PmTYR_A	109	365	933	2	286	2.474E-01	2M2D43M10D58M1I2M6D8M2D2M3I1M9D12M3D15M2I7M5D9M6D44M7I10M1D12M1I9M2I7M
A0A9D4DW49_taxID_45954_model_A	ref_1JS8_squid	110	367	933	1	261	2.051E-01	37M3I6M17D35M1D5M5I5M9I7M5I3M5I1M7D6M5D17M7I19M4D34M1I5M5I13M11D13M2I10M
A0A9D4DW49_taxID_45954_model_A	ref_2Y9W_Abisporus	111	367	933	2	351	1.960E-01	6M7D5M5I10M1D3M1D7M3I6M22D23M11D3M8D10M4D10M7I8M9D6M5I3M3D5M9D7M2D1M17D8M1D9M3D22M10D36M2I2M5D9M3D1M4I6M5D10M2I13M
A0A9D4DW49_taxID_45954_model_A	ref_1BT3_Ibatatas	104	369	933	39	332	2.036E-01	4M1D27M3I2M8D11M10D3M3D25M2D11M6I2M1D5M3D6M1D14M9I8M2D6M7D11M2D3M7D2M4D3M3I6M1D9M7D31M5I4M9I10M3D6M3D10M2I10M
A0A9D4DW49_taxID_45954_model_A	ref_5CE9_Jregia	104	367	933	37	332	1.999E-01	5M2D27M4D3M1D12M17D5M4I18M2D12M3I3M2I5M4D19M7I12M1D5M6D3M2D4M1D4M1I2M5D10M3D3M1D12M7D28M5I5M4I7M2I7M3D5M3D13M2I5M
E7CLR6_taxID_34541_model_A	ref_1JS8_squid	1	180	274	90	248	5.491E-01	19M10I26M2I100M1I5M7I4M1I5M
E7CLR6_taxID_34541_model_A	ref_2Y9W_Abisporus	1	129	274	118	294	3.641E-01	6M4D2M1D7M1D7M1D6M2D8M9D8M1D15M12D10M1D3M2D1M5D6M3D18M4D1M2D31M
E7CLR6_taxID_34541_model_A	ref_PmTYR_A	1	130	274	90	246	3.315E-01	15M3D4M5D17M3D9M3D7M4I5M5D12M6D2M4D8M6D11M4I32M
E7CLR6_taxID_34541_model_A	ref_1BT3_Ibatatas	79	128	274	234	287	1.754E-01	4M1D10M1D5M2D31M
E7CLR6_taxID_34541_model_A	ref_5CE9_Jregia	1	126	274	140	284	2.792E-01	8M2D2M1I8M10I6M2D18M2D30M21D9M3D34M
Q33CJ6_taxID_8330_model_A	ref_PmTYR_A	36	366	366	2	296	6.843E-01	2M2D26M16I3M8I20M3I32M2I12M5D13M1D3M1D11M2D6M13I3M1I3M1D54M7I47M1I9M1D12M2I8M1I8M5D5M
Q33CJ6_taxID_8330_model_A	ref_1JS8_squid	37	362	366	1	260	4.988E-01	30M26I13M4D8M2I6M1D18M2I16M2I5M9I12M1I4M11I5M5I7M2D6M5I13M12I6M1I4M10I11M4D32M2I5M2D15M4D8M5D14M
Q33CJ6_taxID_8330_model_A	ref_1BT3_Ibatatas	10	365	366	31	332	4.769E-01	8M5I6M7I29M1I3M10I4M8I9M1D10M1I47M2I9M1I3M5D3M3D8M4I23M21I13M4I2M1I3M5I5M3D7M1D13M7D32M18I9M6D5M2I2M10D13M
Q33CJ6_taxID_8330_model_A	ref_2Y9W_Abisporus	38	363	366	2	351	4.789E-01	6M3D12M1I8M11I7M8I14M2D17M1D20M17D15M2D4M5D20M1D10M2D9M5I2M4I8M2I3M2I8M12D6M18I18M9D9M10D33M7D4M2I5M1D4M2D9M4D7M1I14M
Q33CJ6_taxID_8330_model_A	ref_5CE9_Jregia	34	363	366	42	332	4.789E-01	31M1I3M10I4M8I66M9I6M1I18M9D3M1D7M4D5M24I13M9I2M4I3M3D16M4D9M7D30M8I5M2D7M1D3M1D5M2D2M2D7M1I10M
A0A1D8RI47_taxID_1417319_model_A	ref_PmTYR_A	33	151	151	6	92	4.520E-01	23M18I6M8I13M2I7M2I32M2I6M
A0A1D8RI47_taxID_1417319_model_A	ref_1JS8_squid	32	151	151	1	92	3.723E-01	31M14D8M10I3M14I3M6I4M10I17M2I12M
A0A1D8RI47_taxID_1417319_model_A	ref_5CE9_Jregia	18	151	151	16	142	3.486E-01	10M2D6M13D26M1I3M3I14M4D4M7D7M21I3M8I28M
A0A1D8RI47_taxID_1417319_model_A	ref_1BT3_Ibatatas	21	151	151	16	143	3.397E-01	10M7D3M12D25M7I13M7D6M7D7M21I3M8I28M
A0A4U7AY24_taxID_40998_model_A	ref_PmTYR_A	32	261	815	6	242	2.393E-01	27M8I15M10D28M1I13M2D11M1I13M6I7M2D14M1I6M1D6M3I6M4I7M5D4M5D8M3D3M2D14M1D24M
A0A4U7AY24_taxID_40998_model_A	ref_1JS8_squid	31	261	815	1	203	1.989E-01	28M3I5M2I8M3I4M14D27M1I10M3I8M14I6M6I3M2I10M1I3M3I8M6I3M2I23M1I11M4D8M1D19M
A0A4U7AY24_taxID_40998_model_A	ref_5CE9_Jregia	32	264	815	46	287	1.927E-01	29M3I13M10D5M3D28M1D11M4D7M3D7M18I21M14I20M1D9M14D18M4D4M4D26M
A0A4U7AY24_taxID_40998_model_A	ref_1BT3_Ibatatas	32	261	815	47	285	1.664E-01	29M3I16M2D2M11D28M1D11M4D8M3D6M5D7M2D11M7I3M15D12M14I11M18I15M7D7M1D22M
A0A4U7AY24_taxID_40998_model_A	ref_2Y9W_Abisporus	33	261	815	1	291	1.760E-01	7M5D3M1I15M25D12M12I24M18D19M4D8M13I4M2I3M1D2M6D4M2I6M9D8M3I6M1I4M2I7M9D7M1D6M7D7M2D11M10D8M1D22M
A0A9N9YBG4_taxID_160290_model_A	ref_PmTYR_A	69	338	393	6	246	4.743E-01	26M10I2M3I12M4D2M6D32M1I5M3D11M2I13M8I4M10I6M2I9M10I3M1I4M1I6M2D5M1I11M7D18M2I50M
A0A9N9YBG4_taxID_160290_model_A	ref_5CE9_Jregia	63	393	393	38	331	4.052E-01	5M2D23M1I11M7I12M11D3M2D27M2D4M1I5M13I7M12I5M6D6M4I6M2I6M1I2M9I12M9I3M3I20M2D13M6D4M1I7M7D30M8I10M3D7M4I16M3I9M
A0A9N9YBG4_taxID_160290_model_A	ref_1JS8_squid	68	339	393	1	208	3.887E-01	27M2I7M11I7M2D5M12D29M1I8M2I6M7I1M11I6M15I4M2I3M16I7M2I14M2I6M1I4M2I5M8I3M1D10M1I4M4D33M
A0A9N9YBG4_taxID_160290_model_A	ref_1BT3_Ibatatas	68	393	393	46	329	4.288E-01	23M1I11M7I15M13D27M1D10M7I3M2D2M1I4M6D2M5I6M4I2M2I3M14I8M5I5M15I9M1I11M1I7M2D16M1D5M4D5M7D32M19I11M7D15M3I9M
A0A9N9YBG4_taxID_160290_model_A	ref_2Y9W_Abisporus	69	365	393	2	323	4.209E-01	9M2D16M4I5M7I16M19D23M18D13M3I9M3I3M2I20M8I6M2I10M3I3M4I4M1D3M2I3M7D7M5D17M7D9M10I7M3D4M10D37M2I2M1D3M2D18M
Q3ZI85_taxID_318273_model_A	ref_PmTYR_A	60	177	177	6	91	3.888E-01	19M1I3M17I7M8I19M4I28M2I10M
Q3ZI85_taxID_318273_model_A	ref_5CE9_Jregia	47	177	177	36	141	4.273E-01	7M3I34M7I9M14I10M4I2M2D7M1D34M
Q3ZI85_taxID_318273_model_A	ref_1BT3_Ibatatas	48	177	177	16	142	4.271E-01	11M19D32M10I6M11I13M4I2M2D6M1D35M
Q3ZI85_taxID_318273_model_A	ref_1JS8_squid	59	177	177	1	91	3.565E-01	27M8I3M4I6M14I7M2D10M2I28M2I8M
A0A0C3B6I5_taxID_933852_model_A	ref_2Y9W_Abisporus	13	373	672	1	350	4.720E-01	54M2I10M1I40M1I24M6D10M2D5M2I17M6I7M2I15M3I37M3I10M1I20M2D68M1I4M1D18M
A0A0C3B6I5_taxID_933852_model_A	ref_1JS8_squid	14	372	672	2	259	3.149E-01	12M1I5M1I8M1I2M1I19M2I7M5I1M1I25M20I15M1D10M14I11M16I5M2I7M9I2M9I19M5D1M19I14M4I36M2D3M10I26M6D16M
A0A0C3B6I5_taxID_933852_model_A	ref_1BT3_Ibatatas	1	372	672	36	328	2.885E-01	9M2I11M2I49M4I3M2I28M18I12M3D7M6D13M5I2M9I4M4I5M20I4M5I23M2I22M1D11M4I11M3D25M1D1M2I2M6D8M2I2M3I5M7I3M8I13M
A0A0C3B6I5_taxID_933852_model_A	ref_PmTYR_A	14	372	672	6	286	2.390E-01	9M1D16M8I26M4I1M5I23M20I21M1D5M2D1M5D2M5D5M1D3M10D6M3I4M3D3M3D6M5I8M4I4M1D11M8I3M13I3M7I6M11I9M8I48M8I8M6I18M
A0A0C3B6I5_taxID_933852_model_A	ref_5CE9_Jregia	1	372	672	34	330	2.780E-01	4M1I17M2I33M6I2M4I4M2D6M4D2M2I23M12I2M6I13M3I7M18I4M6I11M13I1M1I8M8D7M1I10M3I7M1D27M1D8M9I2M5D6M3D25M2D4M8D6M4I7M17I2M1I15M
A0A8B9GJT5_taxID_7994_model_A	ref_PmTYR_A	37	366	416	1	286	5.731E-01	3M2D20M19I8M9I13M5I8M4D25M2I15M5D13M1D9M1I5M2D9M12I10M1D48M8I45M1I4M1D18M2I7M1I10M
A0A8B9GJT5_taxID_7994_model_A	ref_1JS8_squid	41	367	416	3	260	4.222E-01	26M15I5M10I9M10I4M2D3M5D5M3D19M2I23M13I8M4I3M5I7M7I4M4D4M7I1M1D12M10I8M5I2M9I11M4D36M1I12M1D6M3D4M7D2M1I14M
A0A8B9GJT5_taxID_7994_model_A	ref_1BT3_Ibatatas	25	369	416	14	331	4.216E-01	12M13D4M5D26M17I7M6I16M2D49M3D10M2D5M1D5M3I24M14I2M9I18M5I2M5I5M2I12M5D6M4D4M3D29M3I9M5I10M5D6M1I14M
A0A8B9GJT5_taxID_7994_model_A	ref_5CE9_Jregia	25	370	416	35	335	3.415E-01	8M4I30M10I10M8D7M5D3M24I39M4I3M5I3M2I4M10D4M4D11M3I3M10I6M17I20M6I4M1I4M2D11M5D10M7D29M7I22M5D2M2D6M1I9M1D4M
A0A8B9GJT5_taxID_7994_model_A	ref_2Y9W_Abisporus	40	368	416	2	351	3.375E-01	9M2D23M2I6M1D10M10D3M4I1M6D10M21I14M8D8M1D10M16I9M1D15M3I4M1D6M11D4M4I3M9D3M2I8M12D5M7I8M4I2M3I14M4D8M10D38M3D5M1I4M6D11M4D8M1I12M
A0A9X8E272_taxID_112090_model_A	ref_PmTYR_A	328	542	786	6	242	1.685E-01	37M7D6M6D3M4I22M3I11M6I23M2D9M2D8M6D5M3D11M1D4M9D6M3I8M2I4M6D5M4D2M6I27M
A0A9X8E272_taxID_112090_model_A	ref_1JS8_squid	327	632	786	1	259	1.923E-01	21M1I7M4D12M14D6M4I18M3I11M26I5M5I4M1I2M1I7M3D3M13I6M2I5M7I13M8D5M11D4M7D3M3D19M1I4M6I9M11I13M11I16M2I10M3I6M
A0A9X8E272_taxID_112090_model_A	ref_5CE9_Jregia	322	634	786	39	332	1.719E-01	5M1D21M1I6M2D2M9I3M2D4M1D5M22D19M1I12M4D3M1D5M4D7M2D8M7I10M3I5M5I4M9D12M5D6M2I9M2I5M5I3M3D9M4D21M1I16M22I5M2I11M16I10M3I8M
A0A9X8E272_taxID_112090_model_A	ref_1BT3_Ibatatas	325	634	786	44	330	1.671E-01	23M1I6M2D2M4D5M7I9M19D19M1I12M4D3M5D11M2D11M1I2M3I9M8D3M9D13M14I5M1I10M8I7M3D8M1D12M3D15M17I8M9I4M2I9M2D10M21I9M
A0A9X8E272_taxID_112090_model_A	ref_2Y9W_Abisporus	326	542	786	1	248	9.858E-02	16M1D6M2D13M3D4M9D7M10D2M4I17M14I4M4I11M2I6M10D2M2I9M3D9M3I3M9D4M2I7M8D3M3I4M7D11M1D7M3D7M3D16M7I2M2D3M1D3M
A0A0L8IDI7_taxID_37653_model_A	ref_PmTYR_A	624	859	985	6	286	2.213E-01	29M3I9M10D45M2D19M3D9M1I5M4D4M5D4M2D4M1D17M12D5M2D4M2D14M1D27M1I6M1D1M6D20M1I8M
A0A0L8IDI7_taxID_37653_model_A	ref_1JS8_squid	624	859	985	2	259	1.907E-01	40M11D58M13I3M1D9M1D6M5D2M5I34M4D6M1D22M13D20M2D1M3D8M1I8M
A0A0L8IDI7_taxID_37653_model_A	ref_5CE9_Jregia	587	861	985	25	332	1.991E-01	18M16I33M2D9M1I4M14D21M2D18M8D5M1I5M7I4M1I7M7I13M2D4M5D18M17D3M1D12M7D2M1D31M1I4M2D7M1D4M6D8M1I10M
A0A0L8IDI7_taxID_37653_model_A	ref_1BT3_Ibatatas	617	861	985	40	330	1.784E-01	33M3D5M1I10M2D2M11D24M1D3M1D12M12I3M7I6M6D6M4D19M9D9M2D6M1D1M10D2M3D5M1D9M3D1M4D7M1D22M5D7M4D1M3I1M7I2M6D8M1I10M
A0A0L8IDI7_taxID_37653_model_A	ref_2Y9W_Abisporus	623	861	985	1	351	1.618E-01	10M2D22M2D9M9D6M7D24M4D6M6I7M3I11M1I5M5D6M12D5M5D4M1I8M15D3M9D1M12D8M1D6M7D4M3D13M10D8M1D23M2I5M7D7M9D7M6D10M1I7M
A0A7T3R011_taxID_2738333_model_A	ref_PmTYR_A	36	169	170	6	113	4.416E-01	14M3I9M12I6M11I19M4I28M2I13M6D13M
A0A7T3R011_taxID_2738333_model_A	ref_1BT3_Ibatatas	24	156	170	16	145	3.917E-01	11M19D27M7I14M10I3M9I7M4D45M
A0A7T3R011_taxID_2738333_model_A	ref_5CE9_Jregia	20	156	170	15	144	3.853E-01	11M2D6M13D25M7I14M14I3M5I6M1D2M2D6M1D38M
A0A7T3R011_taxID_2738333_model_A	ref_2Y9W_Abisporus	22	149	170	169	295	1.815E-01	24M4D4M5D7M1D18M2D8M10I20M4I9M1I10M1I8M3D4M
A0A8W8K432_taxID_29159_model_A	ref_PmTYR_A	6	212	682	58	273	2.584E-01	58M1D3M4D9M2D2M2D4M4D12M2D12M3I5M1I2M3I6M6D6M6D39M2I6M3I2M1I6M4I14M1I3M
A0A8W8K432_taxID_29159_model_A	ref_1JS8_squid	8	229	682	60	261	1.948E-01	36M18I9M5I14M6D3M1I5M6D7M3I7M4I1M2I3M2I15M4D42M7D11M4I9M2I7M2I10M
A0A8W8K432_taxID_29159_model_A	ref_5CE9_Jregia	7	182	682	107	295	1.726E-01	25M2D11M2I1M3I7M4D18M7I19M6D15M4I2M7D6M3D4M1D8M8D3M1I29M2D3M3I5M
A0A8W8K432_taxID_29159_model_A	ref_1BT3_Ibatatas	8	185	682	109	296	1.657E-01	24M2D12M4D1M5D11M20I8M1D7M2D9M7D11M1I5M8D6M2I7M1D9M7D29M4I12M
A0A8W8K432_taxID_29159_model_A	ref_2Y9W_Abisporus	8	229	682	69	351	1.961E-01	23M4D7M20D26M15D1M2D13M6D8M11I4M14D5M2I15M2D14M10D40M4D7M2D8M8I6M5D9M2I13M
A0AB40C3A0_taxID_55577_model_A	ref_1BT3_Ibatatas	129	334	334	34	329	4.943E-01	10M1D14M2I30M10D4M2D5M3I48M9D2M25D4M10D5M12D2M31D29M5I43M
A0AB40C3A0_taxID_55577_model_A	ref_5CE9_Jregia	126	334	334	29	331	4.995E-01	12M2D15M2I30M5I3M7D4M7D48M13D6M4D2M25D4M45D29M4I5M2D40M
A0AB40C3A0_taxID_55577_model_A	ref_1JS8_squid	141	333	334	2	259	3.838E-01	5M2I26M2I9M8D10M2I4M1D19M2I12M21D7M10D5M6D2M5D4M14D35M2D7M1D13M9D8M4I15M
A0AB40C3A0_taxID_55577_model_A	ref_PmTYR_A	137	333	334	1	286	3.406E-01	4M1D5M2I5M3I14M3I7M5D5M2D7M2D4M2I22M2I20M3D5M1I2M1I11M62D8M32D21M3D3M6D8M10I3M3I16M
A0AB40C3A0_taxID_55577_model_A	ref_2Y9W_Abisporus	142	321	334	2	159	1.839E-01	7M2D4M1I31M8D4M9I2M13D22M20I5M14I4M2I10M1I1M5D7M4I13M1D19M
A0ABR8DNS8_taxID_2692904_model_A	ref_PmTYR_A	50	400	414	5	294	5.844E-01	27M3I2M4I18M5I44M1D7M4D11M6I5M4I3M1D8M1I2M5I9M2I31M10D10M9I15M16I37M1I21M26I16M5D3M
A0ABR8DNS8_taxID_2692904_model_A	ref_1JS8_squid	51	399	414	2	261	4.326E-01	29M8I5M1I23M1D38M4D9M1D6M5I5M1I7M13I4M3I4M22I20M7I3M8I10M4I4M5I1M3I32M2I14M1D8M7I5M7I26M
A0ABR8DNS8_taxID_2692904_model_A	ref_5CE9_Jregia	45	399	414	40	332	4.609E-01	32M1I8M1I27M2I23M2D19M3D4M15I3M8I1M15I5M2D10M2I6M1I6M7D5M1D4M2D9M6I14M6D9M4I6M5I34M13I4M7D9M13I3M1I3M5I19M
A0ABR8DNS8_taxID_2692904_model_A	ref_1BT3_Ibatatas	49	399	414	45	330	4.634E-01	28M1I6M1I14M2I5M1D10M1I22M1D2M1D17M2I5M1I1M25I10M3I6M1I7M3I6M1I7M7D3M1D6M2D1M7I4M5D7M3I7M5D7M4I6M5I38M9I13M1D5M20I19M
A0ABR8DNS8_taxID_2692904_model_A	ref_2Y9W_Abisporus	51	399	414	2	351	4.438E-01	9M2D22M5I4M2D2M3I16M5D26M14D4M5D12M1D7M3I2M2D17M6D3M12I5M3I3M1I4M4D5M1I1M3I11M14D8M1D5M8D2M1D3M1D2M15I11M3I9M3I35M3I2M5D5M5I6M5I12M5I26M
A0A0B7C4D3_taxID_1028688_model_A	ref_1JS8_squid	1	94	97	28	126	5.883E-01	25M1I56M6D12M
A0A0B7C4D3_taxID_1028688_model_A	ref_2Y9W_Abisporus	3	96	97	34	159	4.664E-01	15M4D37M7D6M12D14M5D5M1D5M1D7M2D5M
A0A9P8S5Z4_taxID_2596975_model_A	ref_PmTYR_A	54	314	866	6	275	1.973E-01	26M6I2M2I10M7D4M13D4M6D5M1I16M2D12M1I7M2D3M8I8M1D9M1I4M1D6M2I4M2D4M4I14M10D10M5D15M1D7M4I5M20I8M1I9M7D3M7D4M5I7M
A0A9P8S5Z4_taxID_2596975_model_A	ref_1JS8_squid	54	276	866	2	217	1.440E-01	31M1I1M4I9M3D4M14D2M6D10M3D10M3I6M1D5M8I7M3I6M4I3M9I4M2I6M5I6M2I22M1I10M14D3M1I6M1D10M5I9M1I4M
A0A9P8S5Z4_taxID_2596975_model_A	ref_1BT3_Ibatatas	51	297	866	44	288	1.536E-01	31M1I5M2I9M5D4M13D4M11D9M1D11M4D10M3D2M10I3M8I7M5I6M9I8M2I11M3D15M16D13M4D17M1I2M22I8M2I10M
A0A9P8S5Z4_taxID_2596975_model_A	ref_5CE9_Jregia	49	297	866	40	287	1.473E-01	5M1D46M7D4M8D3M11D9M2D4M1I5M9D4M2I8M15I2M3I9M1I6M14I13M1I4M1I9M4D5M16D16M4D17M23I7M2I10M
A0A9P8S5Z4_taxID_2596975_model_A	ref_2Y9W_Abisporus	55	258	866	1	293	1.348E-01	11M3D3M1D10M4I6M2I2M3D11M22D2M30D13M2I6M3D14M12I4M2I3M1D2M6D4M2I15M5D2M1D6M1I9M6D4M3D6M1I7M9D4M2D11M10D11M10D12M
G7Z6L5_taxID_862719_model_A	ref_5CE9_Jregia	23	355	556	44	334	3.848E-01	8M1D3M2I21M3I11M2D2M8I6M21I10M5I37M3I4M1D20M12D17M7I6M1I9M1D14M3I2M1I19M7D33M12I45M
G7Z6L5_taxID_862719_model_A	ref_1BT3_Ibatatas	23	358	556	45	334	3.800E-01	7M4I3M3D15M1D2M4I14M11I5M12I14M9I38M1I3M1I21M10D4M5I41M2D3M5I1M1I19M7D29M15I42M1I6M
G7Z6L5_taxID_862719_model_A	ref_PmTYR_A	26	352	556	7	287	3.168E-01	5M1D4M5I11M2I5M6I8M19I8M2I7M9I4M2I24M2I11M2D10M2I6M3I3M2I5M1I10M12D7M9D9M3D8M9I6M2I9M7D42M2I19M4I2M3I5M5I19M
G7Z6L5_taxID_862719_model_A	ref_2Y9W_Abisporus	26	353	556	3	351	3.359E-01	5M4D4M3I18M3I17M6I2M3I3M12I5M2I3M5I3M1I29M17D13M4D4M2I4M29D5M3I3M8D5M7I7M6D8M3I4M2D3M1I4M2D8M5I5M2I6M3I7M10D33M2D3M7D11M4D6M11I6M2I20M
G7Z6L5_taxID_862719_model_A	ref_1JS8_squid	26	354	556	3	262	3.297E-01	5M2D3M3I10M1D8M6I12M6I10M28I27M2I14M3I8M1D14M9D3M12I5M4I2M4I13M2D3M8I3M7I3M3I11M4D29M3D4M2D16M2D7M5I5M4I19M
A0A1D8RI23_taxID_1342833_model_A	ref_PmTYR_A	33	151	151	6	92	4.217E-01	19M1I3M17I7M8I8M1I11M3I33M2I6M
A0A1D8RI23_taxID_1342833_model_A	ref_1BT3_Ibatatas	33	151	151	47	143	4.626E-01	26M7I7M13I6M2I8M1D13M1I36M
A0A1D8RI23_taxID_1342833_model_A	ref_5CE9_Jregia	18	151	151	16	142	3.872E-01	10M2D6M13D26M1I3M3I14M4D5M20I1M2D5M4I36M
A0A1D8RI23_taxID_1342833_model_A	ref_1JS8_squid	32	151	151	1	92	3.577E-01	27M8I3M4I6M17I3M5D12M2D6M4I16M2I12M
A0A388LXR0_taxID_69332_model_A	ref_5CE9_Jregia	41	357	541	2	339	5.171E-01	14M8D8M3I9M1D10M2I21M3I22M8D4M4I67M5D2M14D5M4I21M5D25M1D33M4I41M1I14M
A0A388LXR0_taxID_69332_model_A	ref_1BT3_Ibatatas	40	356	541	1	336	5.148E-01	11M4D5M6D6M3I22M2I19M3I22M2I1M4D3M2D68M2D1M3D2M10D29M5D24M2I5M3D30M5I2M2I34M1I13M
A0A388LXR0_taxID_69332_model_A	ref_2Y9W_Abisporus	78	350	541	1	351	3.783E-01	13M1I10M2I22M1D7M9D3M3I29M9D2M8D11M1D6M3D2M1D5M9D2M5D6M19D1M6D15M3D6M1I12M2D10M1I2M1I12M1I5M5D37M5D4M12D5M7I6M2I12M1I8M
A0A388LXR0_taxID_69332_model_A	ref_1JS8_squid	80	351	541	3	262	3.384E-01	8M2I16M4I6M1I11M2D3M2D8M2I25M2I30M9D8M5I12M4I6M2I3M2I4M3I4M1I14M2I30M18D4M2D13M10I4M4I10M1I8M
A0A388LXR0_taxID_69332_model_A	ref_PmTYR_A	71	362	541	1	296	3.162E-01	3M1I7M6I13M2I20M1I15M2I25M2I12M2I12M2D3M1I12M10D1M18D6M4D9M2I11M2D6M1I4M1I2M6D11M6I28M3D8M1I9M7I2M2D4M3I8M1I8M4I10M
A0A8H9LF69_taxID_1460882_model_A	ref_PmTYR_A	35	288	288	4	297	7.930E-01	44M10D41M2D33M2D3M2D6M1D30M6D2M4D8M6D14M1D29M3D4M1D5M1I27M3D7M
A0A8H9LF69_taxID_1460882_model_A	ref_1JS8_squid	37	283	288	2	262	5.827E-01	26M3D8M9I1M20D36M2I10M14I8M13I6M2D12M7D31M4D6M1D24M2D15M1D7M12D19M
A0A8H9LF69_taxID_1460882_model_A	ref_2Y9W_Abisporus	37	282	288	2	351	5.919E-01	9M2D18M1D2M4D7M21D2M5I22M14D4M5D20M2D11M1D18M5I8M4D14M21D5M1D4M2D1M5D6M3D13M10D5M1D32M5D6M6D10M4D2M2D17M
A0A8H9LF69_taxID_1460882_model_A	ref_1BT3_Ibatatas	32	283	288	42	331	5.814E-01	31M5D17M13D25M2D11M2D8M2I5M15I15M1D10M2I12M8D4M1D7M14D6M1D9M7D7M1D24M4D10M2I4M4I4M4D18M
A0A8H9LF69_taxID_1460882_model_A	ref_5CE9_Jregia	35	283	288	44	333	5.269E-01	28M5D11M4I3M17D24M2D12M12I5M3I4M1I10M1D5M3D7M2I7M1I13M8D4M1D4M10D2M3D4M1D12M7D3M1D26M7D10M2I4M4I4M4D18M
A0ABR1D6Z8_taxID_51031_model_A	ref_PmTYR_A	22	46	490	220	244	5.073E-02	25M
A0ABR1D6Z8_taxID_51031_model_A	ref_5CE9_Jregia	22	44	490	262	284	4.650E-02	23M
A0ABR1D6Z8_taxID_51031_model_A	ref_1BT3_Ibatatas	189	220	490	65	93	4.168E-02	18M3I11M
A0ABR1D6Z8_taxID_51031_model_A	ref_2Y9W_Abisporus	107	124	490	140	157	3.197E-02	18M
K9U0G3_taxID_251229_model_A	ref_PmTYR_A	34	384	414	6	295	5.930E-01	28M7I9M1I9M3I44M4D5M1D13M4I5M6I3M1D8M1I2M5I8M1I32M10D10M9I15M14I37M1I21M26I17M1D7M
K9U0G3_taxID_251229_model_A	ref_1JS8_squid	34	379	414	2	262	4.656E-01	31M4I21M3I41M4D9M1I4M8I3D7M1D7M13I4M24I25M15I12M1D4M11I32M2I6M1D16M8I4M2I1M4I27M
K9U0G3_taxID_251229_model_A	ref_1BT3_Ibatatas	33	380	414	46	332	4.326E-01	27M2I17M14I5M13D24M2D18M2I5M12I6M8I2M8I3M1I13M3I14M6D3M1D4M2D4M4I5M2I14M6D9M4I6M3I34M9I17M1D5M20I21M
K9U0G3_taxID_251229_model_A	ref_5CE9_Jregia	33	380	414	45	334	4.226E-01	27M2I20M7I2M1I1M3D6M4D24M2D17M29I16M2I14M1I21M6I10M7D14M6D9M4I6M3I34M2I3M4I17M1D5M20I21M
K9U0G3_taxID_251229_model_A	ref_2Y9W_Abisporus	33	377	414	1	350	4.500E-01	16M2D16M5I5M1I8M7D10M2I3M1D21M14D4M5D12M1D2M6I8M5D13M6D3M12I5M3I7M3D16M11D19M2D3M16I4M10D9M1I1M2I9M1I34M2I3M4D6M9I5M1I9M6I9M1D18M
A0A2G9G277_taxID_429701_model_A	ref_5CE9_Jregia	99	359	497	57	335	5.009E-01	132M3D79M17D3M2I45M
A0A2G9G277_taxID_429701_model_A	ref_1BT3_Ibatatas	76	359	497	32	333	5.175E-01	4M2D14M1D46M3D3M3I81M3D87M12D46M
A0A2G9G277_taxID_429701_model_A	ref_2Y9W_Abisporus	95	355	497	8	350	3.107E-01	5M2D3M1D27M1D11M1I6M1D2M2D19M16D12M1D6M4D4M5D6M17D2M7D4M3I4M8D2M2D4M1I6M7I6M3D12M1I16M7I3M2D12M1D2M1I6M3D14M17D3M4D16M8D7M2I18M
A0A2G9G277_taxID_429701_model_A	ref_1JS8_squid	99	357	497	13	262	3.433E-01	20M2I6M4I19M2D24M2I14M1I12M1D3M3I2M7I7M2D12M1D8M3I9M9I1M5I4M1I9M1I6M2I16M19D4M1D13M9D8M4I18M
A0A2G9G277_taxID_429701_model_A	ref_PmTYR_A	101	354	497	16	286	2.756E-01	14M2I16M2I13M1I24M2I13M14D5M2D5M2D11M3D21M1D1M5D5M3I7M3I15M3D4M1D3M7I10M7I15M19D3M1D14M2I3M5I18M
A0A6M3U4B2_taxID_356328_model_A	ref_PmTYR_A	61	168	168	7	84	3.772E-01	22M18I6M8I20M4I30M
A0A6M3U4B2_taxID_356328_model_A	ref_5CE9_Jregia	48	167	168	19	131	3.351E-01	6M1D11M14D20M10I12M11I13M4I2M2D6M1D25M
A0A7C8JXQ3_taxID_2813651_model_A	ref_2Y9W_Abisporus	23	458	717	1	349	4.120E-01	14M5I20M6I8M24I16M2I46M2I28M1D6M1D10M5I19M6I6M3I12M7I10M7D4M2I3M17I5M3I5M2I9M7I4M2I17M5D2M3D32M6I1M5I4M2D29M2I20M
A0A7C8JXQ3_taxID_2813651_model_A	ref_1JS8_squid	24	461	717	2	262	2.826E-01	6M4I5M3I15M4I2M3I3M1I7M24I5M1D8M8I16M8I8M13I22M4I8M5I3M13I8M5I4M14I9M4I4M29I10M3I9M19I2M3I14M1D3M1D30M2D1M19I22M1D6M3D22M
A0A7C8JXQ3_taxID_2813651_model_A	ref_PmTYR_A	114	469	717	48	297	2.328E-01	9M1I3M1I21M6I4M15I10M2D26M4I5M2I6M12I1M1D10M2I6M2I9M26I4M2I8M11I3M4I2M1D15M1I4M6D9M2I32M6I1M13I13M2D9M8I28M
A0A7C8JXQ3_taxID_2813651_model_A	ref_5CE9_Jregia	1	466	717	29	334	2.342E-01	14M6I8M3I8M4I15M3I2M3I9M7I6M6I1M3D3M3I6M2I3M14I22M17I6M2I11M8I5M6I8M3I3M5I2M4I20M9I5M1D7M3I9M17I4M9I8M3I16M6I3M1D10M5D36M4D8M5I4M5I9M17I17M4I4M
A0A7C8JXQ3_taxID_2813651_model_A	ref_1BT3_Ibatatas	6	458	717	32	328	2.492E-01	6M3I14M3I8M4I15M3I2M3I9M16I13M3D1M1I5M15I15M7I3M11I10M1I11M2I5M1I4M13I6M6I3M4I8M3D12M20I12M20I9M2I6M2I5M1I3M3D8M7I4M1D10M5D39M1D9M10I10M17I16M
A0AAD9KZ40_taxID_27915_model_A	ref_PmTYR_A	165	405	925	6	286	2.290E-01	29M3I4M4D10M6D27M1I9M2D24M1D10M7D15M2D4M1D3M2D13M11D2M1I9M4D11M1D31M4D6M1D22M1I6M
A0AAD9KZ40_taxID_27915_model_A	ref_1JS8_squid	165	407	925	2	261	2.101E-01	21M1D10M4I6M14D31M1I11M3D10M18I7M5D3M4I48M4D6M1D29M5D15M12D10M1I8M
A0AAD9KZ40_taxID_27915_model_A	ref_5CE9_Jregia	109	408	925	10	333	2.117E-01	9M2I9M5I11M15I2M2D28M3D6M1I6M1I5M10D1M4D24M1D15M4D8M15I26M1D7M4D9M5D7M16D3M1I13M4D5M4D38M5D2M2D16M1I9M
A0AAD9KZ40_taxID_27915_model_A	ref_1BT3_Ibatatas	162	407	925	44	330	1.875E-01	28M3D6M1I10M2D3M11D24M1D15M4D8M15I33M5D6M3D3M6D4M17D6M6I7M4D5M4D26M3D4M6I5M4D6M3D10M1I8M
A0AAD9KZ40_taxID_27915_model_A	ref_2Y9W_Abisporus	165	405	925	2	349	2.028E-01	9M2D16M3D6M1I9M17D3M1I23M14D6M4D15M1I3M3D17M10D8M3D17M1I4M2D3M12D2M2D14M10D13M10D5M1D30M3I2M8D3M8D8M6D11M1I6M
A0A183IH80_taxID_241478_model_A	ref_PmTYR_A	166	400	797	2	286	2.474E-01	2M2D26M3I2M2I9M2D5M2D2M5D56M1D6M2D3M14D3M15D2M5D10M6D15M9D39M2D3M5I8M3I16M1I7M1I6M
A0A183IH80_taxID_241478_model_A	ref_1JS8_squid	167	402	797	1	261	2.420E-01	32M2I14M4D3M6D38M1D4M5I4M2D3M10D13M2D17M2I5M1D12M4D45M3I2M3I13M10D16M
A0A183IH80_taxID_241478_model_A	ref_5CE9_Jregia	162	402	797	41	332	2.296E-01	6M1I41M1I4M9D2M4D15M2D22M5I7M4D9M14D9M9D2M1I17M9D5M7D8M8D3M1I34M5I7M6I5M7D18M2I5M
A0A183IH80_taxID_241478_model_A	ref_1BT3_Ibatatas	166	402	797	45	330	2.261E-01	45M12D21M2D22M1I3M3D6M3D6M5D2M6D2M1D8M2D9M2D8M1D5M15D16M7D33M8I6M6I5M7D16M2I7M
A0A183IH80_taxID_241478_model_A	ref_2Y9W_Abisporus	170	350	797	2	293	1.567E-01	7M4D38M6D4M9D10M8D4M13D13M2I7M11D5M17D3M3D12M6D7M8D5M8D10M4I4M11D3M3D8M10D35M
A0A7R9PUN4_taxID_1979941_model_A	ref_PmTYR_A	394	662	945	2	287	2.302E-01	39M1I5M12D43M2D7M2D21M1D1M7D23M2D13M8D8M3D2M2D10M2I6M4I22M1I3M4D10M14I6M1I9M4I8M1D6M
A0A7R9PUN4_taxID_1979941_model_A	ref_1JS8_squid	398	662	945	2	260	1.808E-01	26M3D9M23D6M11I27M7D11M5I9M14I12M5I7M1D8M1D5M1I11M1D6M1D4M4I17M1I8M5D17M8I9M2D11M3I3M2D7M
A0A7R9PUN4_taxID_1979941_model_A	ref_1BT3_Ibatatas	383	661	945	20	328	1.870E-01	6M12D35M5D14M20D4M6I16M2D13M2D8M2I3M5D6M3I3M3I3M8I9M4I5M10D18M15D13M5D7M2I2M2I18M1I8M5I2M4D6M2D5M1I7M13I10M2I6M
A0A7R9PUN4_taxID_1979941_model_A	ref_5CE9_Jregia	384	661	945	34	330	1.887E-01	6M2D3M4I27M5D11M19D5I25M2D12M2D11M3D9M3I2M3I4M5D17M10I7M3D4M1I5M15D4M1D11M2D9M1I18M1I7M1D6M1D13M17I4M5D10M2I6M
A0A7R9PUN4_taxID_1979941_model_A	ref_2Y9W_Abisporus	449	641	945	77	326	1.444E-01	13M19D22M2D12M11D20M4D11M2I3M10D3M3D17M8D2M2D13M8D8M4I17M1I4M3I1M2I9M1I8M2D3M4D3M3I8M
A0AAJ6P9X4_taxID_1539056_model_A	ref_PmTYR_A	8	382	387	3	296	6.374E-01	29M3I2M4I9M1I11M17I42M1D7M4D18M10I6M1D3M2I2M5I6M2I34M10D10M9I15M17I35M1I23M26I26M
A0AAJ6P9X4_taxID_1539056_model_A	ref_1JS8_squid	11	375	387	2	262	4.958E-01	31M4I9M2I12M15I42M20I8M18I7M3D7M2I7M3I31M7I2M8I10M4I4M8I1M1I33M1I22M12I5M2I27M
A0AAJ6P9X4_taxID_1539056_model_A	ref_2Y9W_Abisporus	11	373	387	2	350	4.590E-01	9M2D22M5I2M3D6M2I10M2I5M9I7M1D21M4D9M15D6M7I3M2D6M3D11M1D2M3D4M5D4M5D6M19I5M1I10M11D13M1D8M9D2M1D2M15I11M3I7M2I3M2I33M2I4M4D5M5I1M4I5M4I9M3I9M1D18M
A0AAJ6P9X4_taxID_1539056_model_A	ref_5CE9_Jregia	9	375	387	44	333	4.586E-01	28M1I8M1I8M3I5M3D4M2D5M17I25M2D17M31I7M5I10M2D32M7D10M6I9M1D5M5D9M4I4M6I35M2D3M2D5M10I9M1D5M20I20M
A0AAJ6P9X4_taxID_1539056_model_A	ref_1BT3_Ibatatas	5	375	387	41	331	4.865E-01	32M1I8M1I9M6I15M9I27M2D15M3I9M26I8M1I3M3I12M3I13M7D10M3D6M3I15M2D12M4I3M10I2M4D30M5I7M4I11M1D5M20I20M
L7JJQ8_taxID_1143193_model_A	ref_2Y9W_Abisporus	35	361	566	2	350	5.239E-01	9M1I114M3D3M3D6M1D11M1D16M5I3M1D60M4D15M5D2M3D13M9D14M2I12M2D16M2I23M
L7JJQ8_taxID_1143193_model_A	ref_1JS8_squid	35	363	566	2	262	3.669E-01	9M3I17M1D4M3I15M5I33M19I15M1D12M12I9M14I13M11I3M2I12M2I5M5D1M11I13M1D4M1D11M9D14M4D7M12I10M6D8M2I18M
L7JJQ8_taxID_1143193_model_A	ref_PmTYR_A	32	370	566	1	297	3.052E-01	3M2D6M4I5M1D15M5I15M6I33M4I3M6I3M9I15M1D2M3D4M5D1M6D5M1D1M11D2M1I5M6I4M5I7M3I4M8I2M1I3M10I10M1I8M5I4M8D3M2D9M2I13M9D13M2D5M5I7M5I8M8I18M1D9M
L7JJQ8_taxID_1143193_model_A	ref_5CE9_Jregia	26	364	566	38	334	3.118E-01	5M1I12M3I33M7I4M3I2M5D3M4D2M2I14M7I5M1I3M10I4M1D13M2D9M13I6M15I3M6I14M11D6M6I24M7D4M2D12M5D15M3D17M12D7M1I8M19I20M
L7JJQ8_taxID_1143193_model_A	ref_1BT3_Ibatatas	32	366	566	44	332	2.910E-01	15M2I2M1I28M2I12M1D7M2I24M17I14M1I2M3D9M4I4M11I10M2I5M9I9M1I14M2D6M4I15M1D3M8D9M5D12M5D5M16D8M9I6M3D7M23I16M2I3M
A0A401PX39_taxID_75743_model_A	ref_PmTYR_A	281	517	945	6	286	2.226E-01	27M1I11M12D3M2I40M2D20M1D13M4D5M4D6M2D4M1D13M5D6M5D8M6D14M1D25M6D15M1I17M1I5M
A0A401PX39_taxID_75743_model_A	ref_1JS8_squid	280	517	945	1	259	2.063E-01	31M1I8M14D42M15I9M3I9M2D3M1D3M2D10M2I3M2D32M4D5M1D23M1D7M4D15M12D11M1I5M
A0A401PX39_taxID_75743_model_A	ref_5CE9_Jregia	237	520	945	20	333	2.029E-01	8M5I11M15I2M2D28M1D4M3D13M9D1M4D30M2D7M8I3M4I3M3I15M5D16M1D5M6D3M3D12M16D3M1I13M4D6M4D37M3D1M1D7M3D11M1I8M
A0A401PX39_taxID_75743_model_A	ref_1BT3_Ibatatas	278	518	945	44	329	1.909E-01	28M1D4M3D16M12D4M1D25M2D7M4D11M2I10M5I6M7I14M7D4M3D12M16D5M1I10M3D2M4D5M1D23M4D6M6I3M3D7M3D11M1I6M
A0A401PX39_taxID_75743_model_A	ref_2Y9W_Abisporus	280	517	945	1	349	1.853E-01	10M2D21M1D7M4I5M13D4M10D16M18D3M1D12M3D4M4D18M3D5M2D11M2D6M2D6M1I8M14D2M1D3M1D8M7D2M3D13M10D5M1D25M3I7M8D3M8D8M6D12M1I5M
A0AAD6N3N3_taxID_5083_model_A	ref_PmTYR_A	3	280	335	13	246	5.004E-01	16M9I5M4I12M4D2M6D29M16I15M2D5M2I10M2I2M1D3M16I10M2D1M1I3M15I7M1I6M3I4M4D15M7I18M13D39M
A0AAD6N3N3_taxID_5083_model_A	ref_5CE9_Jregia	2	326	335	52	324	4.431E-01	27M8I13M13D33M1D2M15I4M14I6M5I4M3I7M1D2M3D1M5I25M3I4M13I3M7I10M1D21M6D12M6D35M8I7M5I5M1D9M2D9M
A0AAD6N3N3_taxID_5083_model_A	ref_1BT3_Ibatatas	2	335	335	53	331	4.676E-01	27M8I15M13D27M8I3M6I7M3I3M2D15M5I6M5I5M11I13M24I23M2D23M5D8M2D2M4D31M3D9M2D2M5I7M13I20M
A0AAD6N3N3_taxID_5083_model_A	ref_2Y9W_Abisporus	5	321	335	13	338	4.910E-01	16M4I8M4I9M1D4M15D24M13D8M8I8M2I21M11I5M3D11M8I3M2I16M1D2M5D8M8I1M7D8M2I10M2I9M3I4M3D8M3D5M10D37M2I5M2D17M3D7M1I6M
A0AAD6N3N3_taxID_5083_model_A	ref_1JS8_squid	3	281	335	9	208	4.100E-01	19M3I7M8I15M12D19M16I14M3I8M1D8M33I2M2I4M19I2M2D3M2I13M2I16M6I3M7I5M3D7M4D33M
A0ABY7K8H2_taxID_67287_model_A	ref_PmTYR_A	2	355	360	6	286	6.197E-01	26M7I2M2I17M3I48M4D16M4I1M5D7M8I5M9I3M4I5M2D7M3D12M1D11M3I2M1D2M4D6M1I2M1I4M7I16M1D27M4I4M3I3M7I5M2I12M26I13M3I4M
A0ABY7K8H2_taxID_67287_model_A	ref_1JS8_squid	1	357	360	1	261	5.177E-01	32M6I21M2I42M51I10M2D4M10D2M1D18M1D6M8I9M8I2M7I11M4D5M1D27M7I3M1I10M8I9M9I5M5I2M2D5M2I11M3I6M
A0ABY7K8H2_taxID_67287_model_A	ref_1BT3_Ibatatas	1	359	360	46	332	5.068E-01	28M5I4M1D13M3I5M5D6M2I26M2D29M8I7M8I5M4I4M5I2M10I12M5D15M6I4M1D15M3D11M3D2M4D6M1D23M24I17M20I5M1D14M3I8M
A0ABY7K8H2_taxID_67287_model_A	ref_5CE9_Jregia	1	359	360	45	334	4.922E-01	28M5I4M1D14M3I5M1D3M3D4M1I25M2D10M1I6M3D5M12I3M1D7M3I10M7I6M2I7M6I4M3I15M1I6M4I16M3D13M7D5M1D22M6I5M9I6M6I11M20I1M1I6M2D11M3I8M
A0ABY7K8H2_taxID_67287_model_A	ref_2Y9W_Abisporus	1	355	360	1	349	4.665E-01	9M2I13M4D4M5I4M2I5M1I10M4D7M2D5M1D22M19D23M3I2M4D4M4I7M10D8M18I10M2D5M1D8M2I7M5I8M2D10M4D7M5I4M8D7M10D6M1D28M9I3M3D13M1D2M3I10M1I4M19I14M3I4M
A0A0B7AML2_taxID_1028688_model_A	ref_1JS8_squid	246	390	417	1	134	3.086E-01	52M1I54M10I28M
A0A0B7AML2_taxID_1028688_model_A	ref_2Y9W_Abisporus	259	373	417	15	164	2.025E-01	5M1D8M1I8M3D10M2D8M2D14M8D6M2D2M11D2M1I10M1I8M5D9M1D5M1D7M2D10M
A0A0B7AML2_taxID_1028688_model_A	ref_PmTYR_A	247	371	417	6	133	2.201E-01	26M3I15M1D10M3I38M4D13M1I2M4D5M1D9M
A0A0B7AML2_taxID_1028688_model_A	ref_1BT3_Ibatatas	234	343	417	30	148	1.859E-01	14M4D28M7D25M4I25M2D14M
A0A0B7AML2_taxID_1028688_model_A	ref_5CE9_Jregia	235	363	417	26	173	2.096E-01	13M8D31M3D9M2I2M6D6M2I3M2I15M2D24M1D6M1D8M1D2M3D4M
A0A1D9PVH8_taxID_665079_model_A	ref_2Y9W_Abisporus	44	382	594	2	350	5.228E-01	31M1I91M3D6M4D30M2I3M4I7M2I10M1I18M2D22M7D1M3I18M7D89M
A0A1D9PVH8_taxID_665079_model_A	ref_1JS8_squid	44	384	594	2	262	3.599E-01	15M2I12M3I19M5I35M19I13M1D12M13I9M17I5M1I7M1D3M5I6M9I6M1I9M8I3M2D15M1D31M2D3M6I9M4I17M6D19M
A0A1D9PVH8_taxID_665079_model_A	ref_PmTYR_A	44	381	594	6	286	3.078E-01	9M1D17M8I2M1I8M2I3M3I14M1I21M4I5M15I9M1I5M20I5M5I11M14D6M5D4M1D11M6I5M4I11M1I1M5D4M4I5M1I2M8D4M2D9M3I35M6I12M2I10M6I17M
A0A1D9PVH8_taxID_665079_model_A	ref_5CE9_Jregia	31	389	594	32	339	3.067E-01	29M1I13M1I14M1I4M7D9M9I22M12I6M5I11M2D10M14I5M2I1M15I2M10I5M15D13M9I7M2D6M1D13M8D15M4D31M8D12M2I6M18I21M1D5M
A0A1D9PVH8_taxID_665079_model_A	ref_1BT3_Ibatatas	26	387	594	32	335	3.121E-01	13M3I16M2I14M1I14M2I12M4I5M3D23M13I5M4I11M1I1M3D7M9I4M5I2M5I16M12I9M2D9M5I9M1D13M1D5M8D15M4D31M4D3M3D6M2I1M2I3M3I3M15I21M1D3M
A0A3M6W368_taxID_91943_model_A	ref_2Y9W_Abisporus	19	153	372	210	349	3.294E-01	28M2I16M8D66M1I22M
A0A3M6W368_taxID_91943_model_A	ref_PmTYR_A	19	154	372	166	287	2.374E-01	7M7I25M6D6M2D37M10I10M2D8M7I19M
A0A3M6W368_taxID_91943_model_A	ref_1JS8_squid	50	153	372	157	259	2.053E-01	11M1D6M1D30M2D6M5I9M5I16M5D16M
A0A3M6W368_taxID_91943_model_A	ref_1BT3_Ibatatas	14	153	372	199	328	2.164E-01	12M2I7M3D10M1I6M1D11M5D33M12I8M3D7M9I6M2D16M
A0A3M6W368_taxID_91943_model_A	ref_5CE9_Jregia	18	153	372	199	330	2.180E-01	9M1D8M2D18M1D10M5D32M18I4M4I8M7D10M2D15M
A0A5N6DC68_taxID_5067_model_A	ref_PmTYR_A	517	769	769	6	286	2.522E-01	28M8I15M10D31M1I12M2D8M1I13M6I8M1D9M1I4M1D14M2D12M40D32M3D6M1I3M1I1M6I5M1I2M3I13M2I6M
A0A5N6DC68_taxID_5067_model_A	ref_1BT3_Ibatatas	510	769	769	40	328	1.939E-01	36M2D3M5I14M13D27M1D11M7D14M5D7M2D9M8I2M17D8M2I3M7I22M16D30M3D10M14I7M1D13M2I6M
A0A5N6DC68_taxID_5067_model_A	ref_1JS8_squid	517	725	769	2	216	1.720E-01	30M3I2M2I5M7I2M16D1M2D30M1I5M3I8M2D7M12I8M4I3M9I4M2I4M4I2M1I12M32D27M2D11M
A0A5N6DC68_taxID_5067_model_A	ref_5CE9_Jregia	510	769	769	38	330	1.719E-01	3M1D33M7I13M1D3M16D26M2D4M1I5M9D4M2I8M5D7M3D7M4I11M11D6M1I4M7I9M17D3M1I37M8D13M2I7M13I9M1D2M3I5M
A0A5N6DC68_taxID_5067_model_A	ref_2Y9W_Abisporus	517	743	769	2	323	1.869E-01	9M2D12M1D9M7I4M1I7M19D3M1D26M5D3M14D1M1I6M4I9M5D8M1D8M6I10M2D5M8D2M8D5M21D5M6D11M2D9M16D33M4I1M2D3M5D15M
A0AAU9XFP2_taxID_46732_model_A	ref_PmTYR_A	91	253	531	136	268	2.339E-01	4M4I4M8I10M10I5M2D38M9I50M1I20M
A0AAU9XFP2_taxID_46732_model_A	ref_2Y9W_Abisporus	188	229	531	243	294	7.872E-02	9M10D33M
A0AAU9XFP2_taxID_46732_model_A	ref_1JS8_squid	142	230	531	140	207	1.043E-01	11M10I7M6I3M9I10M1I9M5D23M
A0AAU9XFP2_taxID_46732_model_A	ref_5CE9_Jregia	141	226	531	199	284	1.018E-01	17M9I8M3I10M5D11M7D28M
A0AAU9XFP2_taxID_46732_model_A	ref_1BT3_Ibatatas	177	228	531	224	287	8.164E-02	10M5D10M7D32M
A0ABM1B806_taxID_6850_model_A	ref_PmTYR_A	559	805	902	1	286	2.495E-01	33M3I10M10D45M2D20M1D12M3I3M9D8M2D4M1D13M13D9M3D18M1D30M2I6M3D2M3D20M1I5M
A0ABM1B806_taxID_6850_model_A	ref_1JS8_squid	564	805	902	2	259	2.243E-01	37M1I3M13D11M1I31M3I10M7I3M5I4M3D7M3I48M4D6M1D28M3D4M1D14M11D16M
A0ABM1B806_taxID_6850_model_A	ref_5CE9_Jregia	561	807	902	43	332	2.098E-01	29M2D16M7D2M6D27M2D8M2I16M5D7M3D9M3I7M7I5M1I12M3D9M14D5M1D12M7D2M1D27M1I13M7D16M1I10M
A0ABM1B806_taxID_6850_model_A	ref_1BT3_Ibatatas	528	807	902	11	330	2.116E-01	19M3I7M3D33M2D16M14D8M1I17M2D17M4D8M3D5M4I2M2I3M3D6M8I28M6D2M10D8M1D11M7D7M1D27M4I10M2D5M5D8M1I10M
A0ABM1B806_taxID_6850_model_A	ref_2Y9W_Abisporus	565	807	902	1	351	1.842E-01	7M2I5M1D13M10D1M3I7M21D4M4I5M1I15M15D2M2D3M2D10M8I11M8D7M4D6M3D5M2D2M5D13M1I5M15D8M1D5M9D5M1D13M10D4M1D31M4D9M8D8M6D3M1I16M
A0A3Q4BB99_taxID_94237_model_A	ref_PmTYR_A	88	432	491	6	296	4.954E-01	21M19I7M9I13M1D9M6I27M2I12M4D3M1D13M1D9M1I5M2D9M12I18M3I36M5I5M3I44M2I5M1D15M3I3M1D4M2I12M2D8M
A0A3Q4BB99_taxID_94237_model_A	ref_1JS8_squid	87	427	491	1	262	3.910E-01	27M11I5M14I9M4I39M2I23M13I11M4I3M1I5M8I4M3I12M6I12M10I8M5I2M9I12M4D41M2I6M1D6M5D8M3D16M
A0A3Q4BB99_taxID_94237_model_A	ref_1BT3_Ibatatas	86	429	491	45	332	3.636E-01	29M17I6M6I17M3I10M1D39M2I10M1I1M2I4M5D4M3D10M17I7M6I9M4I11M2D2M6I2M1I3M5I5M2I9M5D9M3D4M4D29M4I8M14D2M14I9M2I8M1I4M
A0A3Q4BB99_taxID_94237_model_A	ref_5CE9_Jregia	72	427	491	33	333	3.751E-01	10M3I30M17I6M6I17M3I10M1D41M1D5M2D9M1I2M2I3M3D10M3I3M10I7M7I8M7I16M7I18M2D2M2I8M3D4M4D36M5D2M5D3M3I3M10I2M2D7M2I11M
A0A3Q4BB99_taxID_94237_model_A	ref_2Y9W_Abisporus	88	426	491	2	351	3.528E-01	7M2D18M10I8M5I1M8I33M1D12M4D11M13D13M16I8M1D17M2I2M2I3M2I3M1D5M1D6M3D8M7D2M8D1M9D10M1I2M3I8M5D6M5I2M9I7M6D2M4D39M2D4M1I4M6D11M4D7M2I13M
A0A8J1TDZ8_taxID_6347_model_A	ref_PmTYR_A	343	606	886	1	297	2.042E-01	34M1D16M6D42M13I14M5I3M1D6M26D3M7I7M2D15M13D6M1D5M2D5M7I5M8D21M7D5M5I3M2D3M1I16M1I8M3D8M
A0A8J1TDZ8_taxID_6347_model_A	ref_1JS8_squid	348	598	886	2	259	2.059E-01	41M12D9M1I38M3I5M3I5M7I3M3D6M2I11M2I4M9I29M6D9M1I22M4I8M7D12M12D10M1I6M
A0A8J1TDZ8_taxID_6347_model_A	ref_1BT3_Ibatatas	339	602	886	38	332	1.765E-01	38M6D10M4D3M6D8M1I23M2D8M2I6M5I6M7I4M1D2M8I3M3I4M5D15M10I30M25D1M17D29M5I6M4D6M3D10M1I10M
A0A8J1TDZ8_taxID_6347_model_A	ref_5CE9_Jregia	308	599	886	1	331	2.003E-01	9M2I26M7D29M1D3M1D11M8D2M8D6M3I23M2D12M13I4M7I4M5I7M10D8M2D18M3D13M14D5M1D8M7D10M1D24M8I9M13D15M1I7M
A0A8J1TDZ8_taxID_6347_model_A	ref_2Y9W_Abisporus	347	598	886	1	349	1.629E-01	10M2D21M2D11M17D9M1I17M18I11M4I2M4I12M6D8M4D9M24D9M10D4M22D13M9D5M1D9M3I2M13D7M1D22M2D6M3D9M6D8M6D11M1I6M
Q3ZI71_taxID_242587_model_A	ref_PmTYR_A	60	177	177	6	91	3.857E-01	19M1I3M17I7M8I13M2I2M1D4M3I29M2I8M
Q3ZI71_taxID_242587_model_A	ref_1BT3_Ibatatas	60	177	177	47	142	3.875E-01	26M2I5M8I6M11I6M5I6M1D2M2D6M1D35M
Q3ZI71_taxID_242587_model_A	ref_5CE9_Jregia	45	177	177	16	141	4.040E-01	10M2D6M13D25M2I3M8I8M11I11M1D5M3I6M1D35M
Q3ZI71_taxID_242587_model_A	ref_2Y9W_Abisporus	46	169	177	169	288	2.027E-01	28M9D7M1D6M6I2M3D4M1D8M6I21M2I1M3I17M1I12M
R1DY80_taxID_2903_model_A	ref_PmTYR_A	138	588	798	7	253	2.412E-01	37M3I3M11D26M8I4M10I11M1I12M52I10M29I4M104I8M2D3M1I5M8I2M3D4M2I29M1I8M7I7M5D15M1D37M
R1DY80_taxID_2903_model_A	ref_1BT3_Ibatatas	136	241	798	46	151	9.293E-02	21M7I5M9D11M14D24M16I22M
R1DY80_taxID_2903_model_A	ref_1JS8_squid	138	236	798	3	95	9.327E-02	19M2I2M1D3M4D15M9D27M11I2M7I11M
R1DY80_taxID_2903_model_A	ref_2Y9W_Abisporus	138	280	798	2	152	1.039E-01	11M2D6M1D8M2D20M17D22M6D7M4I2M1I18M14I2M5I5M2D13M2D5M
R1DY80_taxID_2903_model_A	ref_5CE9_Jregia	487	602	798	185	313	8.406E-02	23M2D18M2D4M3I15M4D4M4D24M4D3M2I5M2I6M4D7M
A0A7R9QRB4_taxID_334625_model_A	ref_PmTYR_A	31	113	744	2	93	1.080E-01	3M1I43M10D36M
A0A7R9QRB4_taxID_334625_model_A	ref_1JS8_squid	37	228	744	3	260	1.365E-01	12M4I2M5I10M4D10M19D35M6D4M7D2M17D14M1I12M26D19M8I11M6D11M2D9M2I2M1D3M2I2M2I3M2D7M
A0A7R9QRB4_taxID_334625_model_A	ref_1BT3_Ibatatas	27	211	744	38	327	1.698E-01	38M5D14M13D25M2D10M19D4M25D20M9D2M32D4M1D30M3I7M3D7M1I20M
A0A7R9QRB4_taxID_334625_model_A	ref_5CE9_Jregia	22	116	744	34	147	1.055E-01	4M3I6M1D11M3D18M2D12M2I1M15D25M2D10M1D3M
A0A7R9QRB4_taxID_334625_model_A	ref_2Y9W_Abisporus	38	117	744	2	125	9.377E-02	7M4D17M5D11M20D1M4I23M19D17M
A8N4B1_taxID_240176_model_A	ref_PmTYR_A	89	346	951	6	242	2.079E-01	24M6I4M5I10M1D4M9D25M1I16M1D12M3I8M1I5M7I8M2D3M2D7M1D5M1I8M3I1M6I16M9D2M1D8M2I17M6I5M6I23M
A8N4B1_taxID_240176_model_A	ref_1JS8_squid	88	354	951	1	213	1.749E-01	32M8I6M1I4M2I3M14D24M1I12M23I9M8I7M1D4M3D5M2I3M2I5M5I2M5I3M1I22M8I11M1I6M2I8M5I20M2D7M
A8N4B1_taxID_240176_model_A	ref_5CE9_Jregia	88	346	951	45	284	1.656E-01	34M2I1M4I8M4I3M17D26M1D10M2I5M5D4M3I1M3I6M2I3M11I5M8I15M4D5M5I2M6I8M2D4M1D17M6D14M1I10M4I23M
A8N4B1_taxID_240176_model_A	ref_1BT3_Ibatatas	86	347	951	44	286	1.814E-01	36M6I9M3D4M10D32M1D8M3I18M7I4M17I7M1D3M6I13M1D14M4D14M1I4M6D20M2D1M2I4M5I24M
A8N4B1_taxID_240176_model_A	ref_2Y9W_Abisporus	88	349	951	1	294	1.776E-01	10M2D18M7I4M2I2M3D7M3I3M19D14M2D1M7D4M7D5M2D14M4D15M10I8M1I2M2I19M9D3M2I5M3D25M1D4M2D4M2D11M2I10M4I1M6I8M8D26M
A0A7X1JBZ8_taxID_2759956_model_A	ref_PmTYR_A	16	372	377	2	286	5.739E-01	3M1D26M7I2M2I13M5I2M2D48M4D16M4I2M5D6M8I5M9I4M2I12M1D3M2D16M1D5M3I2M1D2M4D6M4I7M5I15M1D24M12I3M3I5M1D6M2I11M26I14M3I4M
A0A7X1JBZ8_taxID_2759956_model_A	ref_1JS8_squid	19	372	377	2	259	4.862E-01	31M6I8M7I7M5D43M16I8M5I2M6I3M9I5M1D7M3I25M7I12M8I2M7I11M4D5M1D23M1D10M11I5M6I12M5I16M9I7M3I4M
A0A7X1JBZ8_taxID_2759956_model_A	ref_1BT3_Ibatatas	15	376	377	42	332	4.896E-01	2M1D29M5I4M1D13M7D1M5I8M2I26M2D17M2D6M14I16M13I8M10I10M5D14M7I3M2D16M3D11M3D2M4D6M1D23M24I15M20I4M1D15M3I10M
A0A7X1JBZ8_taxID_2759956_model_A	ref_5CE9_Jregia	1	376	377	33	334	4.925E-01	10M5I30M5I4M1D16M2D11M2I26M2D17M2D5M14I15M8I10M3I7M4I6M3I11M2I4M1D5M4I12M2I4M5D11M7D5M1D22M5I4M16I18M20I3M1I4M2D11M1I1M2I7M
A0A7X1JBZ8_taxID_2759956_model_A	ref_2Y9W_Abisporus	18	376	377	1	351	4.145E-01	10M2D19M10I13M1I3M7D6M2D5M1D21M15D3M4D13M6I10M3D12M20I4M9D5M1I7M4D3M2D1M1I13M5D2M7I3M3I1M2D10M4D7M5I4M8D8M10D5M1D28M1I5M5I17M2I8M10I4M2I2M8I15M5I5M
A0ABT8C4V6_taxID_708087_model_A	ref_1JS8_squid	81	369	510	3	262	3.821E-01	26M2I22M9D26M2I9M2D13M3D1M2I4M3I3M11I9M4D7M19I14M11I17M4D31M12I17M3D9M8D19M
A0ABT8C4V6_taxID_708087_model_A	ref_2Y9W_Abisporus	81	313	510	3	295	2.657E-01	8M2D36M7D2M7D27M17D16M2I2M3I2M2I7M8I7M4D14M4D8M12D6M6I15M7D5M6D8M5D13M11D2M1D2M2I30M
A0ABT8C4V6_taxID_708087_model_A	ref_PmTYR_A	76	366	510	3	286	3.567E-01	3M1I21M2I2M3I15M8D33M2I13M3D3M3D3M1I10M7I6M8D1M3D6M3D3M1D6M3I7M2I4M7I6M5D4M9D12M9I43M14I3M1D7M1D3M3D5M4I17M
A0ABT8C4V6_taxID_708087_model_A	ref_1BT3_Ibatatas	77	373	510	44	335	3.445E-01	46M11D48M3D10M2D11M3I10M2I9M7D8M9I6M3I10M1I9M4I5M1D8M4D8M3D25M16I2M3D5M5I2M3D5M3I2M4D22M
A0ABT8C4V6_taxID_708087_model_A	ref_5CE9_Jregia	75	375	510	41	339	3.163E-01	47M2D1M9D44M1D3M2D8M15D3M3D4M6D8M5D11M2D5M16I9M13I1M11I3M4I4M1D10M4D7M3D23M23I14M9D4M3D25M
Q92396_taxID_2587412_model_A	ref_2Y9W_Abisporus	22	376	574	1	350	5.540E-01	13M1I48M4I40M1I25M1D12M1D31M3I16M1I22M1I4M1D13M2I9M1I14M10D1M2I70M1I13M1I6M
Q92396_taxID_2587412_model_A	ref_1JS8_squid	23	376	574	2	260	3.724E-01	11M2I3M1I12M2I17M8I11M1I25M20I17M4I9M13I16M13I8M16I20M1D1M11I4M3I14M1D3M1D31M2D3M5I3M5I24M5D11M1I6M
Q92396_taxID_2587412_model_A	ref_PmTYR_A	15	375	574	1	286	3.005E-01	5M3I26M8I27M10I22M4I3M16I12M8D10M6D1M1D6M5D1M2D15M3I5M9I4M3I4M9I3M4I3M9I6M9I3M2I5M7D3M3I4M6D9M2I41M8I15M7I10M1I8M
Q92396_taxID_2587412_model_A	ref_5CE9_Jregia	12	383	574	34	339	3.212E-01	23M1I7M1I24M21I1M1I3M4D1M11D18M8I2M9I8M1I10M2I6M1I7M14I11M1I9M8I16M1I6M2I4M5I4M1D26M2D10M2D9M3D25M17I8M4D4M3I1M2D8M1D11M1I9M1D4M
Q92396_taxID_2587412_model_A	ref_1BT3_Ibatatas	5	381	574	29	335	3.227E-01	23M2I13M1I24M17I9M10D22M17I7M1I10M6I3M2I6M3I2M1I5M5I3M3D1M8I6M6I16M6I10M1D28M1D7M1D6M5D37M2I5M14I8M3I1M6I7M6D4M2D12M1D2M
A0A5N6H8Z8_taxID_5059_model_A	ref_PmTYR_A	517	719	769	6	247	2.258E-01	28M8I15M10D31M1I9M2D11M1I13M6I8M1D9M1I4M1D15M1D4M34D6M7D33M
A0A5N6H8Z8_taxID_5059_model_A	ref_1BT3_Ibatatas	510	769	769	40	330	1.848E-01	35M1I6M2I10M3I2M16D26M1D10M2D5M2D4M7D9M6D1M2I9M17D1M9I4M1I6M3I6M1I11M2D5M6D6M4D30M3D11M1I9M12I19M
A0A5N6H8Z8_taxID_5059_model_A	ref_1JS8_squid	517	725	769	2	216	1.828E-01	26M2I2M1I4M2I5M1I7M11D2M1D30M1I6M3I7M2D7M12I7M13I6M2I8M5I12M32D27M2D11M
A0A5N6H8Z8_taxID_5059_model_A	ref_5CE9_Jregia	510	769	769	38	332	2.002E-01	7M1D27M1I7M2I10M3I2M16D26M1D11M2D5M9D37M11D6M1I3M4I10M2I9M1D5M14D30M14I7M4D5M1D9M2D17M
A0A5N6H8Z8_taxID_5059_model_A	ref_2Y9W_Abisporus	517	767	769	2	349	2.184E-01	9M2D18M1I4M5I7M1I5M19D2M1D26M19D4M1I5M4D13M10I7M2D16M2D2M4D8M3I2M1D8M26D9M12D5M21D33M7D8M4I11M2D24M
A0A9W4RJ00_taxID_2664923_model_A	ref_PmTYR_A	45	270	313	6	247	5.673E-01	22M2I6M3I12M4D16M5D11M1I31M1I8M1D10M2D4M1I10M1I6M6I2M8D14M12D10M4D4M1I37M4I3M
A0A9W4RJ00_taxID_2664923_model_A	ref_1JS8_squid	47	266	313	4	208	4.715E-01	19M6I22M14D22M1I15M4I8M1D7M17I10M2I3M2I6M3D5M4I34M3D33M
A0A9W4RJ00_taxID_2664923_model_A	ref_1BT3_Ibatatas	42	264	313	44	288	4.805E-01	23M1D13M1I13M5D6M11D2M2I2M2I15M1D9M1I7M1I13M4I11M2I7M2I6M4I20M2D8M14D16M7D33M
A0A9W4RJ00_taxID_2664923_model_A	ref_5CE9_Jregia	44	276	313	45	290	3.807E-01	21M15I6M8D6M1I4M2I2M18D11M4D9M2D4M1I4M2I21M4I22M1D3M6I9M3I8M2D8M15D16M3D6M3D24M9I6M
A0A9W4RJ00_taxID_2664923_model_A	ref_2Y9W_Abisporus	50	264	313	27	294	2.769E-01	7M1D10M11D6M2I6M6D10M2I4M9I8M8D3M2D15M3D4M2I5M2D5M14D4M1I11M1D7M2D2M14I4M7D9M6D12M10D6M1D11M9D36M
A0AAV4PYT2_taxID_172846_model_A	ref_1JS8_squid	7	100	117	7	114	4.302E-01	21M1D5M4I8M2D8M12D33M3D15M
A0AAV4PYT2_taxID_172846_model_A	ref_2Y9W_Abisporus	1	72	117	5	92	3.864E-01	8M2I22M1I13M5D5M14D21M
A0AAV4PYT2_taxID_172846_model_A	ref_1BT3_Ibatatas	10	72	117	55	132	3.800E-01	17M1D5M2I16M7D3M8D4M1D16M
A0AAV4PYT2_taxID_172846_model_A	ref_5CE9_Jregia	9	71	117	53	130	4.059E-01	18M3D6M1I11M16D4M4I4M1D15M
A0ABR1QSH5_taxID_335848_model_A	ref_PmTYR_A	67	385	386	4	286	5.175E-01	23M1I8M1I14M10D27M1I13M2D6M2I13M10I5M9I8M1D1M3D6M17I3M1D6M1D19M5D4M1D9M2I4M3D2M2I3M2I3M1I7M1I31M11I12M5I8M4D11M2I6M
A0ABR1QSH5_taxID_335848_model_A	ref_1JS8_squid	68	333	386	1	209	4.002E-01	28M2I2M2I13M16D27M1I10M22I14M15I4M2I4M14I6M2I13M2I10M4I11M9I15M2D34M
A0ABR1QSH5_taxID_335848_model_A	ref_5CE9_Jregia	56	386	386	31	331	4.059E-01	12M2D33M6D1M1D6M4I2M13D27M2D4M1I5M14I7M13I4M1D5M11I3M1D4M1D2M1D14M1I6M6I4M6I15M5I5M5D12M4D10M6D32M9I4M8I4M4D5M4D1M3I5M2D8M2D1M4I5M
A0ABR1QSH5_taxID_335848_model_A	ref_1BT3_Ibatatas	57	386	386	34	329	4.233E-01	8M1D49M16D31M1D9M8D8M14I3M1I3M6I5M11I7M8I4M13I10M2I18M5I4M3D2M1D3M1D7M5D6M5D37M3I1M17I3M4D5M4D1M3I3M2D10M2I8M
A0ABR1QSH5_taxID_335848_model_A	ref_2Y9W_Abisporus	69	373	386	2	339	4.517E-01	15M2D18M4D10M15D26M13D4M5D12M4I6M4D13M12I5M6I8M2I1M3I10M2I5M1D10M15D6M5I11M3I1M3I2M9I6M9D5M3D8M9D30M1D3M4I3M1D2M3D3M1I13M1I4M3D10M
ref_I3D139_archaea	ref_PmTYR_A	3	304	305	13	282	6.911E-01	19M3I2M4I13M2I2M5D3M3I41M3D18M6D9M6I2M2I7M5I3M2I7M1I8M4D1M6I12M10D9M3D2M2D5M1I9M1D28M1I24M30I12M
ref_I3D139_archaea	ref_1JS8_squid	3	285	305	9	251	5.767E-01	24M4I2M1I14M1D9M1D47M1D3M10I3M12I7M9I8M4I5M2I25M1I8M1I5M4D5M1D24M4I3M6D8M3I8M1I4M2I17M
ref_I3D139_archaea	ref_5CE9_Jregia	1	290	305	50	336	5.264E-01	2M1D19M2I20M2I6M5D29M2D13M3D13M1I6M8I14M3I8M13I11M2I12M2D4M13D11M1I6M7D4M1D23M1I4M2I7M3I18M2I13M3D7M
ref_I3D139_archaea	ref_1BT3_Ibatatas	2	290	305	53	334	5.328E-01	20M2I19M2D9M1D28M2D15M2I3M2I5M7I2M3D9M2I9M3I8M13I16M1D3M2D6M18D12M5I2M4D3M3D6M1D23M3I5M1I2M5I18M2I12M3D7M
ref_I3D139_archaea	ref_2Y9W_Abisporus	5	304	305	13	345	5.661E-01	25M2I8M1D13M4D4M1D21M14D4M5D12M5D12M6I5M5I6M3D5M3D5M4I6M3D7M6D5M2I10M4D8M1I6M6D8M5D5M1I3M10D8M1D24M5I11M3I4M3I3M2D9M9I9M1D13M
A0A388KRG2_taxID_69332_model_A	ref_5CE9_Jregia	167	470	633	1	338	4.317E-01	11M8D12M1I9M1D13M2I37M6I4M10D64M17D2M3D8M4I13M1D8M6D22M2D73M1I14M
A0A388KRG2_taxID_69332_model_A	ref_1BT3_Ibatatas	167	469	633	1	335	4.226E-01	11M9D5M1D6M1I23M2I37M4D74M20D11M4I16M2I3M9D21M2D36M2I1M1I33M1I13M
A0A388KRG2_taxID_69332_model_A	ref_2Y9W_Abisporus	203	464	633	1	351	3.126E-01	45M1D5M3D3M5D4M2I28M9D2M8D9M7D4M17D1M11D3M1I8M3D6M1D2M7D12M3D19M4I3M2D5M3D13M2I4M7D27M1D7M4D8M8D4M1D9M2I11M1I8M
A0A388KRG2_taxID_69332_model_A	ref_1JS8_squid	204	465	633	2	262	2.891E-01	9M2I20M2I3M3I3M1I8M8D5M2I24M2I33M10D7M3D10M5I7M16I3M2D2M1D10M1I33M6D13M1I4M2I2M11D6M4I9M1I9M
A0A388KRG2_taxID_69332_model_A	ref_PmTYR_A	196	462	633	1	286	2.530E-01	4M3I7M3I19M4I14M3D9M2I25M2I14M2I12M36D3M7D5M3D10M9I18M2D1M4I4M5D13M5I29M6D15M3I7M5I9M1I6M
A0A9P1GZG9_taxID_1442378_model_A	ref_PmTYR_A	623	849	963	6	254	2.078E-01	26M10I12M1D4M9D25M1I19M2D9M1I8M1D11M2D9M1I4M1I6M2D22M6D2M4D6M3D3M2D32M4D15M
A0A9P1GZG9_taxID_1442378_model_A	ref_1JS8_squid	622	836	963	1	198	1.577E-01	27M2I4M8D3M11D3M13I27M1I12M10I6M6I10M2I10M2I3M2I8M1I26M1D1M2I11M4D23M
A0A9P1GZG9_taxID_1442378_model_A	ref_1BT3_Ibatatas	618	836	963	42	280	1.682E-01	37M5I11M18D4M5I24M1D28M4I11M1I10M7I25M2D1M1I5M15D15M5D2M2D23M
A0A9P1GZG9_taxID_1442378_model_A	ref_5CE9_Jregia	616	963	963	39	331	1.694E-01	39M5I10M2I4M15D27M1D11M7D13M11I9M2I15M4I5M1D4M3I8M2D8M11D1M3D17M7D11M6I3M19I2M6I6M41I16M9D5M1D4M13I18M
A0A9P1GZG9_taxID_1442378_model_A	ref_2Y9W_Abisporus	622	842	963	1	295	1.749E-01	10M2D16M1I7M1I2M3I12M16D31M18D9M3D4M2D10M5D2M7I15M1D15M3D4M7D9M6D8M1D4M16D4M7I9M4D2M6D21M3D8M
J3UI31_taxID_448676_model_A	ref_PmTYR_A	60	177	177	6	91	3.794E-01	16M3I7M12I6M11I20M4I27M2I10M
J3UI31_taxID_448676_model_A	ref_1BT3_Ibatatas	48	177	177	16	142	4.217E-01	11M19D27M2I5M8I6M11I17M2I6M1D35M
J3UI31_taxID_448676_model_A	ref_5CE9_Jregia	44	177	177	15	141	3.815E-01	11M2D6M13D25M7I14M14I8M1D5M3I6M1D35M
J3UI31_taxID_448676_model_A	ref_1JS8_squid	59	177	177	1	91	3.453E-01	27M2I3M10I6M14I7M1D3M1D7M3I11M1D13M2I11M
P00440_taxID_367110_model_A	ref_2Y9W_Abisporus	22	378	685	1	350	4.653E-01	13M1I42M7I3M1D45M2I22M1D13M1D30M3I16M1I40M2I10M1I13M10D1M2I70M1I19M
P00440_taxID_367110_model_A	ref_1JS8_squid	21	378	685	1	260	3.047E-01	2M1I11M2I5M1I10M2I16M7I9M4I17M2I1M6I7M13I22M4I6M13I11M13I13M16I20M14I3M3D2I14M1D3M1D31M2D3M5I3M5I24M5D17M
P00440_taxID_367110_model_A	ref_PmTYR_A	23	387	685	6	297	2.740E-01	26M8I12M8I7M1I4M3I26M8I1M13I14M8D10M15D7M1I12M7I2M19I12M2D3M4I3M8I6M10I4M2D6M3D3M3I4M6D9M2I40M8I17M7I18M1D9M
P00440_taxID_367110_model_A	ref_5CE9_Jregia	14	385	685	36	339	2.773E-01	8M1D17M3I26M24I4M4D1M11D14M2I3M6I3M10I9M1I9M1I6M2I7M11I3M1D5M1I1M4I10M8I14M8I16M1D18M1I4M3D13M5D34M13I7M6I6M5D9M1D19M1D5M
P00440_taxID_367110_model_A	ref_1BT3_Ibatatas	6	383	685	30	335	2.896E-01	29M2I6M1I24M2I11M3I5M2I3M2I15M2I3M6I3M10I6M1I12M2I6M1I6M9I4M19I6M2D5M1D17M3I21M2I16M1D7M1D6M5D37M1I14M16I9M1D20M1D3M
A0A7K7XXH8_taxID_874463_model_A	ref_PmTYR_A	118	346	346	6	196	4.534E-01	23M15I5M11I21M4I27M2I14M6D15M1D9M2D7M1I4M8I3M4I16M2I38M
A0A7K7XXH8_taxID_874463_model_A	ref_1BT3_Ibatatas	116	238	346	45	145	2.341E-01	33M10I3M11I11M4I7M2D6M1D38M
A0A7K7XXH8_taxID_874463_model_A	ref_5CE9_Jregia	105	238	346	36	144	2.394E-01	7M3I33M12I4M12I5M2D6M2D2M1D2M4I6M1D38M
A0A7K7XXH8_taxID_874463_model_A	ref_2Y9W_Abisporus	117	275	346	1	145	2.160E-01	10M1I10M3D7M10I6M10I3M1I13M5D11M3I27M17D10M15I10M1D12M
A0A8H4CVC9_taxID_474922_model_A	ref_PmTYR_A	70	409	412	4	286	5.032E-01	28M8I2M3I15M10D3M9I2M1I23M1I12M2D8M2I10M10I7M10I6M2D4M1I10M17I6M1D18M11D4M2I5M2I2M1I9M2I11M1I31M1I3M6D4M2I7M12I5M2I10M2I6M
A0A8H4CVC9_taxID_474922_model_A	ref_2Y9W_Abisporus	71	407	412	1	349	4.661E-01	16M2D12M3I7M3I9M2I11M3D7M5D17M13D6M5D9M3I4M1I5M3I3M2I23M10I3M2I9M7I11M3I7M10D8M1D4M1D16M3I5M1I11M3D5M4D3M5D34M2I2M3D20M2I3M4D20M
A0A8H4CVC9_taxID_474922_model_A	ref_1JS8_squid	71	409	412	1	259	3.916E-01	27M4I6M11I17M4D5M4D26M1I6M22I16M18I6M4I1M12I7M4I5M4D6M6I5M1I5M2I10M9I12M3D34M7I19M3D8M5D12M2I3M
A0A8H4CVC9_taxID_474922_model_A	ref_1BT3_Ibatatas	71	410	412	46	329	3.903E-01	27M4I8M2I26M2D5M1D20M1D11M8I2M2D2M1I4M6D2M5I6M5I2M3I3M14I8M11I5M11I9M4I3M3D7M1D24M5D12M5D31M3I1M7D11M3I4M13I9M1D4M3I4M
A0A8H4CVC9_taxID_474922_model_A	ref_5CE9_Jregia	66	410	412	38	331	3.862E-01	5M2D27M3I8M3I8M3I5M3D10M2D5M1D20M2D3M1I7M14I5M4I4M5I7M1D6M4I10M5I19M12I6M8I5M1D19M1I4M6D4M1I7M2D1M4D28M8I13M4I6M3D20M2I5M
A0ABQ6NDG7_taxID_2962635_model_A	ref_1JS8_squid	264	538	927	1	260	2.165E-01	33M3I11M10D26M5I4M1I12M1D10M4D7M12I16M5I15M2D5M9I15M4D27M14I8M4D2M4D10M1I7M6D17M
A0ABQ6NDG7_taxID_2962635_model_A	ref_2Y9W_Abisporus	265	539	927	2	351	2.463E-01	6M2D21M1I18M15D34M5D3M8D9M4D7M1D8M2D5M13D11M1D4M1D7M8D5M1I8M2D8M1D10M2I4M5D14M1D2M9D34M7D1M13I5M8D9M1I24M
A0ABQ6NDG7_taxID_2962635_model_A	ref_1BT3_Ibatatas	263	545	927	45	336	2.009E-01	24M1I17M9D10M3D25M3I3M1I13M2D8M13D2M7D6M18I25M1I3M2D2M3D16M1D12M7D24M19I6M5D8M3I2M1D6M2D25M
A0ABQ6NDG7_taxID_2962635_model_A	ref_5CE9_Jregia	263	539	927	44	332	2.030E-01	24M1I20M3I4M1D1M14D26M4I12M2D10M13D2M3I4M7I11M1D5M2I24M2I7M5D3M2D13M7D30M15I8M4D7M2I10M2D17M
A0ABQ6NDG7_taxID_2962635_model_A	ref_PmTYR_A	265	538	927	6	287	1.826E-01	24M6I14M7D2M3D3M1I25M6I26M2I4M8D7M1I7M12D5M3D5M5D12M6I7M3D4M6D6M4I39M16I9M10D8M5I3M2I15M
A0A5N6KF72_taxID_61186_model_A	ref_2Y9W_Abisporus	3	302	521	41	350	5.196E-01	84M3D4M3D4M1D26M2I4M4I7M2I12M2I19M2D19M7D1M3I17M7D90M
A0A5N6KF72_taxID_61186_model_A	ref_1JS8_squid	3	302	521	37	260	3.088E-01	18M5I20M20I9M1D13M1D8M25I3M3I4M2I8M1I9M13I5M1I10M1I9M8I3M2D15M1D32M9I4M6I6M7D10M8D2M2I16M
A0A5N6KF72_taxID_61186_model_A	ref_PmTYR_A	3	310	521	42	296	2.477E-01	4M3I9M6I5M1I19M19I22M4D7M5D1M18D15M3I8M2I5M1I4M2D6M2I15M4I4M15I3M12I4M2D9M3I36M10I10M2D8M6I19M1D8M
A0A5N6KF72_taxID_61186_model_A	ref_1BT3_Ibatatas	31	243	521	109	285	2.160E-01	23M17I15M1I2M3D9M13I3M6I17M1I1M9I5M1I13M4I2M1I8M1D13M1D5M8D11M4D33M
A0A5N6KF72_taxID_61186_model_A	ref_5CE9_Jregia	31	243	521	108	284	2.005E-01	20M19I6M2D13M2D8M15I5M4I12M10I3M2I3M4D14M9I7M2D6M1D13M8D11M4D33M
A0A8J7HGQ2_taxID_1725252_model_A	ref_PmTYR_A	54	424	432	4	295	5.629E-01	28M3I2M4I9M1I12M15I2M2I39M1D7M4D18M10I6M1D3M2I2M5I9M2I30M5D3M5D8M9I15M17I37M1I21M26I17M2D6M
A0A8J7HGQ2_taxID_1725252_model_A	ref_1JS8_squid	56	420	432	2	262	4.491E-01	32M4I8M2I12M15I43M10I3M9I3M19I8M4D9M3I4M3I31M7I2M8I10M4I4M9I39M1I17M8I4M4I1M2I27M
A0A8J7HGQ2_taxID_1725252_model_A	ref_2Y9W_Abisporus	56	418	432	2	350	4.250E-01	9M2D22M5I2M3D6M6I17M5I3M2I2M1D21M4D9M15D7M1D2M6I7M3D11M1D2M3D4M2D11M4I5M8I17M11D13M1D6M10I6M1I4M6D11M3I7M2I3M2I38M2D9M3I3M7I5M1I4M5I9M1D18M
A0A8J7HGQ2_taxID_1725252_model_A	ref_5CE9_Jregia	55	421	432	45	334	4.308E-01	27M1I8M1I8M3I4M18I2M1I1M9D3M2I25M2D17M3D2M7D4M13I4M31I31M7D10M6I9M1D5M5D9M4I4M6I42M3I5M3I9M1D5M20I21M
A0A8J7HGQ2_taxID_1725252_model_A	ref_1BT3_Ibatatas	54	421	432	45	332	4.132E-01	29M2I16M6I8M1D6M10I27M2D15M3I9M26I7M1I4M2I5M1I7M3I14M6D3M1D6M2D1M7I2M5D9M3I7M5D7M4I3M10I2M4D31M2D6M11I9M1D5M20I21M
A0ACC3YVP2_taxID_5467_model_A	ref_PmTYR_A	59	347	348	4	286	5.486E-01	29M14D9M2D2M11D17M1I14M2D5M2I10M2I2M5I4M7I7M2I12M3I4M1I6M1D18M1I5M10D14M7I13M1I31M1I3M4I9M2D2M4I3M2I6M2I12M3I4M
A0ACC3YVP2_taxID_5467_model_A	ref_5CE9_Jregia	50	348	348	34	331	4.360E-01	4M1I5M2D23M1I7M15D3M2I1M23D17M1D11M14I5M5I4M1I6M4D2M1D2M2D6M9I6M1I9M7I8M5I12M2I4M5D27M6D37M1I2M8I4M3I12M3D14M3I5M
A0ACC3YVP2_taxID_5467_model_A	ref_1JS8_squid	60	348	348	1	260	4.466E-01	30M8D3M17D12M6D12M1I7M23I14M2I2M9I7M4I3M4I3M2I13M2I11M1I9M11I3M2I12M3D30M1D5M2D3M3I15M2I5M1I2M5D5M1I8M3I4M
A0ACC3YVP2_taxID_5467_model_A	ref_2Y9W_Abisporus	28	347	348	7	349	3.640E-01	25M12D7M5I6M18D10M7D7M3I16M9I9M4I7M13I2M1I11M2I8M5D18M6D1M6I3M5D3M5D8M1D3M1D11M3I1M2I6M1I11M3D12M9D35M1I5M2D20M2D14M2D3M5I3M
A0ACC3YVP2_taxID_5467_model_A	ref_1BT3_Ibatatas	51	348	348	38	329	4.338E-01	5M1I26M1I9M13D4M23D17M1D11M8I2M5I2M6I5M9D2M5I4M2D2M3I4M6I4M3I9M6I10M4I9M1D4M5I2M7D27M6D31M3I1M4I7M8I11M3D14M3I5M
A0A0L8GNM6_taxID_37653_model_A	ref_1JS8_squid	10	295	930	2	262	2.754E-01	52M1I53M10I17M2I12M8I62M1I38M2I17M1I10M
A0A0L8GNM6_taxID_37653_model_A	ref_2Y9W_Abisporus	9	294	930	1	351	2.353E-01	16M2D13M2D15M4D37M19D20M5D7M1D4M3D24M8D9M1I7M4I4M10D11M1I3M10D1M3D12M1I6M7D24M1I9M8D6M6D4M6I9M3I4M5I11M1I7M
A0A0L8GNM6_taxID_37653_model_A	ref_PmTYR_A	1	293	930	1	287	2.246E-01	2M2I3M2I17M1I12M2I22M1I3M1I35M3D4M2D8M3D17M4D20M3I2M5D3M7I12M9D2M1D8M6D11M4I22M1I9M2I7M8D1M6I11M14I9M1I6M
A0A0L8GNM6_taxID_37653_model_A	ref_5CE9_Jregia	9	305	930	45	338	2.273E-01	32M2D2M2D2M2D5M1D10M4I26M2D17M1D10M11I6M3D2M2I8M4D7M4I7M2D16M1D3M15D5M1I10M1D5M2D23M1I8M5I17M4I8M3I5D6M6I12M5I4M
A0A0L8GNM6_taxID_37653_model_A	ref_1BT3_Ibatatas	9	297	930	46	333	2.165E-01	26M2D8M2D2M2D5M1D10M2I5M2I24M2D14M1D11M1I8M7I2M2I14M4I9M7D18M15D5M1I10M3D28M1I8M4I8M4I6M4I6M8I1M5D7M1I13M
A0A915PFJ4_taxID_298350_model_A	ref_PmTYR_A	103	363	440	2	286	4.625E-01	3M1D34M3I7M11D59M1D3M2D9M2D5M2D5M2D9M8D14M1I4M2I3M4D5M9D12M1I4M1I24M2D3M7I10M2I8M3I2M2D12M2I4M
A0A915PFJ4_taxID_298350_model_A	ref_1JS8_squid	106	363	440	2	259	3.825E-01	39M7D4M5D39M3D6M5I6M5I6M9I7M1D7M4D8M1I6M1I6M3I16M4D3M2I32M5I9M1D2M3I6M11D12M2I8M
A0A915PFJ4_taxID_298350_model_A	ref_1BT3_Ibatatas	70	367	440	6	332	3.591E-01	3M1D5M4I15M1D4M3D3M4D28M5D10M1I8M12D25M2D11M5D15M8I16M2I13M3D6M3D8M13D9M2I12M7D5M2I29M9I6M6I5M2D7M4D4M2I15M
A0A915PFJ4_taxID_298350_model_A	ref_5CE9_Jregia	70	365	440	6	332	3.448E-01	8M8I5M3D6M1D7M8D27M5D11M1I8M12D23M2D10M2I6M3I6M15D14M1D15M10I17M4D5M9D3M2I16M6D2M1I30M5I6M1I1M6I4M3D7M3D13M2I5M
A0A915PFJ4_taxID_298350_model_A	ref_2Y9W_Abisporus	152	365	440	69	351	3.085E-01	18M1D2M19D9M1I12M3I11M5D6M2D6M5D6M5D12M10D3M8D13M6D24M10D6M2I28M6I7M7I7M4D2M7D4M8D4M2I13M
H6UT97_taxID_92733_model_A	ref_PmTYR_A	48	181	182	6	113	4.291E-01	19M1I3M17I7M8I19M4I32M2I9M6D13M
H6UT97_taxID_92733_model_A	ref_1BT3_Ibatatas	46	168	182	45	145	4.020E-01	28M1I5M9I6M11I6M5I7M1D1M2D6M1D38M
H6UT97_taxID_92733_model_A	ref_5CE9_Jregia	32	168	182	15	144	3.889E-01	11M2D6M13D25M7I14M14I8M1D5M2D5M4I38M
H6UT97_taxID_92733_model_A	ref_1JS8_squid	47	168	182	1	94	4.111E-01	30M12I2M11I14M1I13M2I26M2I9M
H6UT97_taxID_92733_model_A	ref_2Y9W_Abisporus	34	157	182	169	288	1.949E-01	25M9D10M1D18M2I8M6I17M2I3M3I17M1I12M
H6VYH7_taxID_228422_model_A	ref_PmTYR_A	60	177	177	6	91	4.049E-01	23M15I5M11I21M4I32M2I5M
H6VYH7_taxID_228422_model_A	ref_1BT3_Ibatatas	48	177	177	16	142	4.157E-01	11M7D2M12D25M2I5M5I6M14I17M2I6M1D35M
H6VYH7_taxID_228422_model_A	ref_5CE9_Jregia	60	177	177	46	141	4.063E-01	26M7I11M14I11M1D5M3I7M1D34M
H6VYH7_taxID_228422_model_A	ref_1JS8_squid	59	177	177	1	91	3.677E-01	28M8I2M4I3M14I10M1D3M1D7M2I25M2I11M
H6VYH7_taxID_228422_model_A	ref_2Y9W_Abisporus	59	169	177	1	94	3.336E-01	10M2D16M10I8M10I6M1I16M5D1M4I11M1D18M
K1RLR4_taxID_29159_model_A	ref_PmTYR_A	6	214	682	58	275	2.610E-01	57M1D4M4D9M5D5M3D13M2D12M3I5M1I2M3I6M6D6M6D43M3I2M2I2M1I6M4I14M1I5M
K1RLR4_taxID_29159_model_A	ref_1JS8_squid	8	230	682	60	262	1.975E-01	36M23I23M6D3M1I5M6D7M3I7M4I1M2I3M2I15M4D42M7D11M7I21M1I6M
K1RLR4_taxID_29159_model_A	ref_5CE9_Jregia	7	182	682	107	295	1.729E-01	25M2D11M2I1M3I7M4D18M7I19M6D15M4I2M7D6M3D4M1D8M8D3M1I30M2D2M3I5M
K1RLR4_taxID_29159_model_A	ref_1BT3_Ibatatas	8	185	682	109	296	1.685E-01	24M2D12M4D1M5D11M10I7M9I9M2D9M7D9M1I7M8D6M2I7M1D9M7D29M4I12M
K1RLR4_taxID_29159_model_A	ref_2Y9W_Abisporus	8	173	682	69	294	1.683E-01	23M4D7M20D26M1D26M6D3M2I5M22D5M3I15M2D14M10D37M
A0A3R6XJV4_taxID_112090_model_A	ref_PmTYR_A	1	213	424	57	257	2.986E-01	2M1I25M1I3M2I11M1I4M2D8M5D2M4I3M1I3M6D8M4I11M22I3M2D5M1D3M3I9M1D6M8D8M3D3M2D39M3I15M
A0A3R6XJV4_taxID_112090_model_A	ref_5CE9_Jregia	4	227	424	107	313	2.661E-01	25M1D4M2I8M8I5M3I6M15I11M1I8M4D4M2I6M4I7M6I22M15D15M7D46M3I13M
A0A3R6XJV4_taxID_112090_model_A	ref_1JS8_squid	5	277	424	60	260	3.220E-01	25M3I10M8I6M8I4M12I8M11I10M4I6M6I6M2D23M1I12M1I8M5D26M3D7M1I1M20I6M4D4M6I7M5I18M
A0A3R6XJV4_taxID_112090_model_A	ref_2Y9W_Abisporus	1	275	424	65	348	3.233E-01	22M7D8M9D14M1I8M10I5M2I1M2I14M3D13M5I4M8I10M13D5M9D14M7D7M2D11M10D31M5I3M7I4M1I4M10I46M
A0A3R6XJV4_taxID_112090_model_A	ref_1BT3_Ibatatas	4	227	424	108	311	2.527E-01	19M1D9M2I9M7D30M11I4M21I6M4I4M5I3M1I8M2D9M10D2M3D17M7D27M5I4M2D8M3I13M
A0A8H5ZBE3_taxID_45130_model_A	ref_2Y9W_Abisporus	5	353	562	14	350	5.391E-01	49M1I60M1I7M4D6M1D46M3I30M1D6M9D5M1D13M1D4M1I24M7I1M15I22M1I47M
A0A8H5ZBE3_taxID_45130_model_A	ref_1JS8_squid	6	353	562	14	260	3.499E-01	5M1I7M1I3M1I18M1D8M7I25M19I19M2I9M13I9M11I5M1D6M9I10M8I31M4I4M2I17M17I2M5I11M2D6M12I10M1D7M1D3M1D3M4D18M
A0A8H5ZBE3_taxID_45130_model_A	ref_PmTYR_A	1	362	562	15	296	3.157E-01	17M8I14M4I10M2I3M1I22M14I6M5I15M2D6M4D4M18D13M5I9M7I5M11I4M16I11M10D10M6D9M10I20M22I20M4I9M5I7M6I28M
A0A8H5ZBE3_taxID_45130_model_A	ref_5CE9_Jregia	6	352	562	57	330	3.078E-01	31M1I3M1I9M2I5M4D2M4I19M15I7M2I14M1I8M4I4M14I5M6D7M2I3M6I9M10I7M1I2M3D13M14D5M1D11M3I23M1D2M23I10M19I5M2D6M3D3M2I8M3D16M
A0A8H5ZBE3_taxID_45130_model_A	ref_1BT3_Ibatatas	6	352	562	58	328	2.920E-01	31M2I12M2I33M8I4M9I11M9D3M2I9M4I6M13I3M14I15M7I14M2D4M4D1M10D10M1D9M4D4M7I16M1D2M23I9M3I13M1I4M1D3M2D5M15I16M
A0AA43QLN8_taxID_258253_model_A	ref_PmTYR_A	60	339	341	6	286	6.211E-01	28M8I13M4D4M3D29M1I12M2D11M1I13M4I7M2I5M2D8M1D6M2D2M8I3M3D14M10D10M6D3M1I10M1D25M3D4M10I2M3D10M2I4M2I18M
A0AA43QLN8_taxID_258253_model_A	ref_1JS8_squid	60	339	341	2	259	5.486E-01	30M8I9M6D5M5D25M1I13M3I8M2D6M20I4M2I4M1I8M2I2M1I12M5I28M2I2M5D5M1D22M5D5M1I3M6I5M2I7M3D6M5D17M
A0AA43QLN8_taxID_258253_model_A	ref_1BT3_Ibatatas	55	341	341	42	328	5.338E-01	38M3I18M10D27M1D12M2I7M2D8M8I5M1I6M1I13M7I13M4I7M6D4M6D5M4D15M7D7M1D27M12I10M3D17M2I8M
A0AA43QLN8_taxID_258253_model_A	ref_5CE9_Jregia	57	341	341	43	332	4.475E-01	36M3I9M5I4M15D27M2D3M1I7M8D5M1I7M16I11M1I8M2D7M5I8M11D4M2D2M5I16M1D8M2I6M9D30M9I13M3D26M
A0AA43QLN8_taxID_258253_model_A	ref_2Y9W_Abisporus	60	339	341	2	349	5.431E-01	9M2D18M1D3M7I4M3D16M13D21M18D14M3D4M1I5M3D4M7I18M2I15M5D1M2D1M1I6M3D8M3D4M3D6M1D5M10D16M9D10M1D27M3I2M2D9M5D11M2D22M
A6MV23_taxID_448420_model_A	ref_PmTYR_A	55	163	164	7	85	3.970E-01	22M18I5M8I20M4I32M
A6MV23_taxID_448420_model_A	ref_1BT3_Ibatatas	37	164	164	16	135	3.492E-01	11M1D1M1D10M12D21M2I5M8I6M11I6M5I7M1D1M2D6M1D28M
A6MV23_taxID_448420_model_A	ref_5CE9_Jregia	38	164	164	15	134	3.383E-01	10M1D11M14D21M7I14M14I8M1D5M2D6M4I27M
A6MV23_taxID_448420_model_A	ref_2Y9W_Abisporus	111	163	164	242	288	1.805E-01	12M2I6M3I23M1I6M
A0ABU3LVZ0_taxID_2780140_model_A	ref_PmTYR_A	2	355	356	6	286	6.225E-01	27M7I1M2I14M3I51M4D14M2I4M3D8M16I3M1I8M5I2M3D7M1D5M2D12M1D5M3I4M5D6M5I7M4I15M1D28M4I3M3I3M7I5M2I12M26I13M3I4M
A0ABU3LVZ0_taxID_2780140_model_A	ref_1JS8_squid	1	355	356	1	259	4.566E-01	28M8I7M3I6M3D51M16I6M6I5M6I5M3D9M3D11M16I9M7I12M8I2M7I11M4D5M1D23M1D6M9I11M8I8M2I2M3I17M9I6M3I4M
A0ABU3LVZ0_taxID_2780140_model_A	ref_1BT3_Ibatatas	1	356	356	46	329	5.063E-01	31M1I2M3I13M3I5M5D6M2I26M2D30M9I4M7I11M3I4M15I10M6D7M2I6M7I4M2D15M3D11M3D2M4D6M1D20M2I4M22I16M20I5M1D14M3I5M
A0ABU3LVZ0_taxID_2780140_model_A	ref_5CE9_Jregia	1	356	356	45	331	5.104E-01	35M4I17M2D8M2I26M2D17M2D5M14I5M3D2M7I11M3I5M13I11M1I5M3D4M2I4M1D5M6I16M5D11M7D5M1D23M5I3M16I18M20I5M1D14M3I5M
A0ABU3LVZ0_taxID_2780140_model_A	ref_2Y9W_Abisporus	1	355	356	1	349	4.438E-01	9M2I13M4D11M4I22M2D6M1D21M15D3M4D13M6I10M3D12M10D9M1I3M1I10M1I2M13I1M1I9M15D8M6I8M11I6M1I1M1I4M8D7M10D6M1D27M9I4M3D7M20I6M1D7M4I7M1D15M3I4M
A0A183BZZ4_taxID_36090_model_A	ref_PmTYR_A	119	315	866	29	261	1.721E-01	15M1D5M13D4M4D44M3D15M2D2M2D7M3D7M3D10M1D3M1D5M8I5M1I14M5D36M4D6M3D10M
A0A183BZZ4_taxID_36090_model_A	ref_1JS8_squid	144	303	866	72	203	1.173E-01	23M9I3M6I22M1D9M4I1M5D2M1I5M1D6M14I2M3I5M2I15M4D28M
A0A183BZZ4_taxID_36090_model_A	ref_2Y9W_Abisporus	224	302	866	210	290	7.557E-02	16M4I6M4I20M10D29M
A0A183BZZ4_taxID_36090_model_A	ref_1BT3_Ibatatas	112	302	866	50	284	1.062E-01	20M1I7M2D11M23D2M15D2M2D15M2D11M4D3M20I7M1D6M2D9M12D8M2I10M1D10M5I4M1D9M7D29M
A0A183BZZ4_taxID_36090_model_A	ref_5CE9_Jregia	112	302	866	49	283	9.090E-02	20M1I7M2D10M23D9M1I20M3D2M1D10M1I12M1D15M5D6M5D3M7I5M7D35M7D27M
A0A8C2PFS9_taxID_9925_model_A	ref_PmTYR_A	161	543	622	6	288	4.038E-01	21M18I7M8I17M14I4M39I31M2I10M6D15M1D9M1I6M2D8M12I17M2I38M9I51M1I21M2I3M1I16M
A0A8C2PFS9_taxID_9925_model_A	ref_1JS8_squid	160	542	622	1	260	2.811E-01	29M9I3M14I6M5I7M29I6M19I7M1D24M2I11M2D10M2D3M2D7M6I3M2I16M31I9M11I2M1D6M5I2M1I1M9I11M4D32M4D3M4D7M1I2M3D12M2I18M
A0A8C2PFS9_taxID_9925_model_A	ref_2Y9W_Abisporus	160	542	622	1	350	2.848E-01	10M1I10M3D11M7I2M14I16M17I10M31I5M1D24M9D4M8D9M15I10M1D16M10I3M3D11M2I5M12D5M21D8M1I3M9I2M4I2M3I14M3D10M10D34M3I3M4D8M6D10M2D2M2D6M1I12M
A0A8C2PFS9_taxID_9925_model_A	ref_1BT3_Ibatatas	159	542	622	45	329	2.761E-01	33M11I3M10I11M55I5M4D6M1D38M19I3M2D6M6D8M10I4M4I5M7I11M9D17M4I3M5I4M3I4M1I6M6D8M7D33M3D3M2I6M9D3M14I6M1I12M
A0A8C2PFS9_taxID_9925_model_A	ref_5CE9_Jregia	136	542	622	18	331	2.890E-01	8M2I1M8D6M3I36M11I3M10I12M55I4M4D6M1D38M8I6M9I5M2I5M6D6M10I39M8I2M1I11M4I8M6D8M1I5M8D26M3D7M1D5M9D3M14I8M1I10M
A0ABR8K2N4_taxID_2692908_model_A	ref_PmTYR_A	52	405	416	6	297	5.800E-01	26M3I2M4I14M1I6M1I2M3I40M1D7M4D11M6I5M4I12M1I3M5I2M1I5M1I31M5D3M5D8M9I15M16I37M1I21M26I16M5D6M
A0ABR8K2N4_taxID_2692908_model_A	ref_1JS8_squid	52	400	416	2	260	4.536E-01	31M4I4M5I22M1D37M15I12M8I5M2D1M13I4M3I7M3I30M7I3M8I10M4I3M5I2M3I32M2I6M1D16M7I5M7I25M
A0ABR8K2N4_taxID_2692908_model_A	ref_5CE9_Jregia	45	403	416	39	334	4.820E-01	33M1I8M1I27M2I25M2D16M18I5M12I24M6I10M5D4M2D8M2D7M2I12M3I5M5D9M4I6M5I33M3I12M3I9M13I3M1I3M5I21M
A0ABR8K2N4_taxID_2692908_model_A	ref_1BT3_Ibatatas	49	403	416	44	332	4.423E-01	29M1I8M1I9M10I7M8D26M2D19M3D6M25I7M10I3M1I8M5I4M1D10M7D3M1D6M6D3M6I10M3I7M5D7M4I6M5I34M9I17M1D5M20I21M
A0ABR8K2N4_taxID_2692908_model_A	ref_2Y9W_Abisporus	51	401	416	1	351	4.495E-01	15M2D16M5I5M2I5M3I3M1I6M10D27M14D4M5D12M1D2M6I8M5D15M4I6M3I3M3D11M3I5M1I10M11D13M1D4M9D6M1D2M15I11M3I9M3I35M3I2M5D8M7I3M3I10M5I28M
A0A2V1EB40_taxID_97972_model_A	ref_2Y9W_Abisporus	50	412	581	1	350	5.470E-01	13M3I39M1D9M3I42M1I19M1I5M2D9M1D29M6I5M2I16M5I40M3I19M3D3M6D42M1I24M1I23M
A0A2V1EB40_taxID_97972_model_A	ref_1JS8_squid	50	414	581	1	262	3.616E-01	10M2I3M2I5M1I9M1D4M3I15M5I5M2I21M4I6M16I16M1I5M3I8M13I11M3I3M15I8M16I4M3I13M1I3M5I3M6I3M2I11M2D5M1D33M17I4M2I3M10D5M6D8M1I18M
A0A2V1EB40_taxID_97972_model_A	ref_PmTYR_A	51	415	581	6	290	3.267E-01	6M2I20M8I11M3I3M1I9M3I5M1I26M20I10M4D18M3I26M5D1M4I12M3I4M22I17M9I8M3I3M10D6M1I39M2I12M7I8M7I22M
A0A2V1EB40_taxID_97972_model_A	ref_5CE9_Jregia	38	411	581	34	330	3.091E-01	5M1I19M4I6M1I24M6I6M1D2M2D9M2I19M17I10M1I9M2I6M1I7M14I6M3I8M2I12M8I2M3I12M10I8M1D5M4D2M5I13M2D3M1D8M8D3M2I30M7D5M3D9M8I2M16I18M
A0A2V1EB40_taxID_97972_model_A	ref_1BT3_Ibatatas	38	411	581	36	328	3.048E-01	9M2I14M4I2M1I28M3I20M2I19M17I5M1I14M43I8M2I6M2D4M3I7M10D11M4I11M1I8M3D3M1D4M2I5M2I9M1D7M5D5M1D30M4D6M1D6M24I5M2D17M
A0A915KH89_taxID_13658_model_A	ref_PmTYR_A	145	364	366	4	235	4.871E-01	29M5I10M11D5M2I25M7I33M1I2M6D8M1D12M3I17M1D14M6D15M5D32M
A0A915KH89_taxID_13658_model_A	ref_1JS8_squid	147	365	366	2	197	3.762E-01	31M2I9M10D29M5I6M2I11M1D4M5I4M9I7M2D2M11I6M1D5M9I17M4D3M2I18M4D22M
A0A915KH89_taxID_13658_model_A	ref_5CE9_Jregia	148	365	366	47	278	3.496E-01	41M12D34M5I10M2I4M4D5M1D3M16I8M1I3M4I28M2I18M20D11M7D23M
A0A915KH89_taxID_13658_model_A	ref_2Y9W_Abisporus	148	365	366	3	285	3.964E-01	8M2D33M6D10M9D26M4D5M8D10M3I24M9D9M2D21M2I25M16D5M4D13M10D24M
A0A915KH89_taxID_13658_model_A	ref_1BT3_Ibatatas	148	365	366	48	279	3.646E-01	41M12D34M5I14M2D11M15I8M1I7M4I11M1I13M1I12M20D16M7D24M
A0ABQ9EAQ1_taxID_220873_model_A	ref_PmTYR_A	7	199	507	71	286	3.085E-01	14M2D30M1I2M6D8M2D2M2D4M4D12M3D15M2I5M5D11M6D43M4I9M1D6M1I7M1D5M1I11M
A0ABQ9EAQ1_taxID_220873_model_A	ref_1JS8_squid	1	202	507	62	262	2.221E-01	3M1D8M1I7M5D10M8D6M1D3M12I6M9I4M1D5M7D1M7I14M9I2M2D13M5D2M1I37M4D14M1I3M6D15M2I1M1D6M
A0ABQ9EAQ1_taxID_220873_model_A	ref_2Y9W_Abisporus	84	201	507	211	351	1.720E-01	15M3D24M10D35M4D12M8D13M1I4M1I13M
A0ABQ9EAQ1_taxID_220873_model_A	ref_1BT3_Ibatatas	1	203	507	107	332	2.094E-01	20M11D14M2D12M2I11M10I7M1D7M8D12M3D3M3D9M4D5M1D9M7D26M4I12M8I6M5D5M3D11M1I9M
A0A1S3T908_taxID_3916_model_A	ref_5CE9_Jregia	69	408	568	2	338	5.796E-01	3M1D15M1I7M2I10M1I60M1I110M1D130M
A0A1S3T908_taxID_3916_model_A	ref_1BT3_Ibatatas	69	408	568	2	336	5.720E-01	2M1D8M2D11M1I9M2I5M1I5M1I54M1I109M1D80M3I48M
A0A1S3T908_taxID_3916_model_A	ref_1JS8_squid	117	403	568	3	262	3.339E-01	30M2I6M4I3M2D5M1I4M2I5M2D24M2I14M1I12M1D6M2I3M2I6M7I11M4I9M1I5M9D1M20I8M1I6M2I30M6D4M1I13M9D8M4I18M
A0A1S3T908_taxID_3916_model_A	ref_2Y9W_Abisporus	115	402	568	1	351	3.177E-01	7M2D36M1D4M4I11M3D2M2D26M17D11M14D7M12D5M7D4M3I3M4I30M7D8M1I18M4I4M1I14M2D1M4D1M3I30M8D2M6D9M1I4M1D9M2I19M
A0A1S3T908_taxID_3916_model_A	ref_PmTYR_A	116	417	568	6	297	3.126E-01	19M1I5M4I16M2D3M5I8M1I25M2I21M7D3M4D2M6D6M4D13M2D15M6I16M1D7M5D8M7I11M7I32M6D12M3I3M2I3M3I16M6I11M
A0A6A6P320_taxID_578093_model_A	ref_PmTYR_A	48	379	380	4	286	5.850E-01	28M10I2M3I12M4D2M6D24M1I17M2D8M2I10M11I6M10I8M2D5M13I4M5I3M1D6M1D19M1I3M10D10M2I17M2I34M2D11M10I7M4I11M3I8M
A0A6A6P320_taxID_578093_model_A	ref_1JS8_squid	49	379	380	1	259	4.517E-01	27M2I10M16D3M13I25M1I13M3I9M7I1M5I4M7I5M6I2M27I2M2I6M1I1M2I14M2I9M1I7M5I3M3I16M2D28M2D15M10I8M3D6M4I6M1D6M5D4M
A0A6A6P320_taxID_578093_model_A	ref_2Y9W_Abisporus	49	377	380	1	349	4.920E-01	6M3D6M1I13M4I7M1I2M3I14M16D29M18D9M4I8M3I3M2D1M5I9M1I5M1I4M8I5M2I10M2I2M5I9M2I6M10D8M2D21M2D6M4I7M3D8M9D33M7D8M7I14M2D11M1I11M
A0A6A6P320_taxID_578093_model_A	ref_5CE9_Jregia	39	380	380	38	331	4.041E-01	3M1I3M2I32M1I3M7I13M13D29M2D4M1I2M3I4M11I6M7D11M3I9M17I12M6I5M23I13M5I6M12D6M6D4M1I6M6D30M9I7M1I7M3I5M3D2M2I5M2D12M3I4M
A0A6A6P320_taxID_578093_model_A	ref_1BT3_Ibatatas	49	380	380	46	329	4.318E-01	31M1I3M7I15M13D31M1D6M8I3M2D2M1I4M6D2M6I5M4I4M4I2M21I14M14I8M4I3M3D8M6I4M9D15M4D8M6D30M18I7M2D4M3D3M2I3M2D12M3I6M
A0AAD4KYH8_taxID_1131652_model_A	ref_PmTYR_A	23	384	386	2	286	5.226E-01	2M2D22M14I6M10I14M10D32M1I9M2D11M3I5M1I16M1D4M3I5D4M1D6M9I8M7I17M8D11M1D3M2D12M15I5M1I13M21I8M24I10M2I4M1I5M5D15M2I6M
A0AAD4KYH8_taxID_1131652_model_A	ref_5CE9_Jregia	22	386	386	43	332	4.173E-01	34M9I5M7I4M3I5M10D3M3D27M2D4M1I5M14I5M5I3M12I4M1D10M1I2M12I11M7D24M2D2M3I3M19D16M9I20M5I2M16I17M10I6M12I5M1D9M1D8M1D2M3I7M
A0AAD4KYH8_taxID_1131652_model_A	ref_1JS8_squid	24	318	386	1	205	3.897E-01	22M19I11M2I11M6D1M5D33M1I5M3I17M21I2M1D2M4D1M1I3M2I8M14I8M5I7M2I11M1I2M2I9M8I8M4I16M21I12M
A0AAD4KYH8_taxID_1131652_model_A	ref_1BT3_Ibatatas	19	318	386	41	287	4.139E-01	37M9I2M10I15M13D32M1D17M2I15M18I3M1D3M5I6M8I6M1I9M3D10M4I6M11D3M5D10M7I7M2D2M4I15M5I2M16I11M
A0AAD4KYH8_taxID_1131652_model_A	ref_2Y9W_Abisporus	24	384	386	1	349	3.946E-01	10M2D17M2I16M9D6M2D4M12I23M13D6M5D9M10I6M7I5M2D4M8I5M7D2M1I4M2D13M2I8M9D3M4D5M3D4M3D6M1D3M5I4M5D7M5D9M10D3M16I16M11I3M10I10M3I5M2D3M3D6M9I3M2I7M2D9M1I10M2I6M
A0A9P8VVJ8_taxID_1576542_model_A	ref_PmTYR_A	31	362	363	6	286	5.834E-01	25M4I3M8I10M1D2M3D2M6D30M9I16M1I9M1I6M5I6M11I19M5I3M1D6M1D22M13D6M4I8M1I9M3I33M1I3M11I9M12I4M1D3M1D14M2I6M
A0A9P8VVJ8_taxID_1576542_model_A	ref_5CE9_Jregia	27	363	363	41	331	4.634E-01	5M1D32M7I15M13D25M5I3M4I11M8I11M8I9M2I6M4I3M2I20M5I5M7I6M3D9M1D8M1D5M5D14M1D5M3D27M9I14M9I11M2I12M2I7M
A0A9P8VVJ8_taxID_1576542_model_A	ref_1JS8_squid	31	363	363	2	260	4.559E-01	21M1D4M3I8M4I2M4I12M12D22M10I3M1D8M22I7M4I6M16I1M10I3M3D1M5D3M2I5M3D7M5I18M8I17M1D30M1D5M2D3M6D5M4I6M16I2M2I3M5D1M2I9M2I7M
A0A9P8VVJ8_taxID_1576542_model_A	ref_1BT3_Ibatatas	28	363	363	44	329	5.017E-01	36M7I15M13D23M6I3M1I9M2I4M2I9M1D7M5I3M12I9M1D5M6I4M5I3M6I9M1I11M2D3M4I4M5D5M1D6M5D8M4D37M3I1M9I7M11I10M1I4M1D11M2I7M
A0A9P8VVJ8_taxID_1576542_model_A	ref_2Y9W_Abisporus	31	362	363	2	349	5.211E-01	5M3D9M1I13M3I5M4I13M16D19M4D12M3D12M3D12M2D12M1D9M20I6M4I7M6D4M13D3M9I9M6D9M1D4M12I5M14D10M7D40M2I5M2I10M3I9M3D8M4I10M2I6M
A0A2B7WG80_taxID_1447875_model_A	ref_PmTYR_A	96	425	426	4	286	4.224E-01	29M4D9M6D12M1I22M1I13M2D8M2I10M2I6M26I8M2I12M7I4M1I5M2D5M1I13M11I4M4I6M3D4M11D11M3I35M12D5M3I2M5I3M1I13M17I4M
A0A2B7WG80_taxID_1447875_model_A	ref_1JS8_squid	97	425	426	1	259	3.845E-01	28M3I5M1I3M3I5M21D1M1I26M1I6M20I8M3D2M15I2M14I3M12I6M2I5M2I13M2I8M1I8M5I6M11I15M1D31M2D7M5I7M5I5M5D6M6I11M7D3M
A0A2B7WG80_taxID_1447875_model_A	ref_5CE9_Jregia	85	426	426	31	331	3.669E-01	12M2D29M2I6M1I8M19D5M1D21M2D4M1I5M14I7M5I3M9D8M6I4M12I2M8I7M2D8M24I13M4I13M2D4M2D5M5D9M1D5M3D28M2I10M8I4M3I5M3D20M2I5M
A0A2B7WG80_taxID_1447875_model_A	ref_2Y9W_Abisporus	97	412	426	1	338	4.441E-01	16M2D13M1I6M2D3M15D5M3D7M1D18M13D4M5D26M12I8M7I8M8I5M2I14M2I7M2I6M10D8M1D3M1D11M2D14M7I1M1D2M2I10M2D2M5D38M6D3M5I2M1I16M2D11M
A0A2B7WG80_taxID_1447875_model_A	ref_1BT3_Ibatatas	88	426	426	39	329	3.626E-01	6M2I30M2I15M18D5M1D21M1D10M14I7M5I3M9D6M12I5M7I3M7I7M1D10M13I5M5I7M9I11M4D11M5D8M1D7M3D30M3I1M15I5M2D4M3D14M5D2M7I5M
A0A5N7DKE9_taxID_1506151_model_A	ref_PmTYR_A	79	365	369	6	289	5.917E-01	26M6I2M2I15M10D28M1I12M2D11M1I13M4I8M2D14M1I5M1D7M5I12M4D5M5D8M5D18M1D23M3I6M5I8M4D6M7I13M2I10M
A0A5N7DKE9_taxID_1506151_model_A	ref_1JS8_squid	79	364	369	2	261	5.028E-01	29M8I12M14D32M1I7M3I7M1D2M2D6M11I6M3I4M14I12M1D3M6I6M1I14M1I12M4D6M1D35M1I4M3I7M1I6M1D4M5D9M1I1M1I7M
A0A5N7DKE9_taxID_1506151_model_A	ref_1BT3_Ibatatas	76	364	369	44	330	4.777E-01	32M2D3M5I14M13D27M1D11M4I1M2D5M2D8M6I3M2I2M1I6M1I12M7I12M5I9M1D4M4I2M18D20M8D26M11I2M1I4M1I5M3D3M4I6M2D10M1I1M1I7M
A0A5N7DKE9_taxID_1506151_model_A	ref_2Y9W_Abisporus	79	362	369	2	349	5.076E-01	9M2D18M1I4M5I8M3I3M22D24M13D4M5D9M4I10M5I17M7D8M5D4M2D8M2I1M1I3M7D5M1I6M1I1M3D14M7D7M2D11M10D8M1D22M3I7M2D9M5D13M1I16M2I6M
A0A5N7DKE9_taxID_1506151_model_A	ref_5CE9_Jregia	74	363	369	40	331	4.589E-01	5M1D29M2D2M1I2M1I7M6I3M16D27M1D11M7I22M2I7M4D13M9I7M8I13M4D2M10D1M4D3M3I16M8D31M9I13M3D2M5I5M2D8M2I8M
A0AAD3N9Q8_taxID_270547_model_A	ref_PmTYR_A	226	321	345	4	109	2.385E-01	26M1I9M4D14M6D21M1I19M2D5M
A0AAD3N9Q8_taxID_270547_model_A	ref_1BT3_Ibatatas	228	308	345	47	145	2.075E-01	30M4D8M10D5M3D24M1D14M
A0AAD3N9Q8_taxID_270547_model_A	ref_1JS8_squid	228	309	345	2	95	2.038E-01	26M1I13M2D5M12D28M1I8M
A0AAD3N9Q8_taxID_270547_model_A	ref_5CE9_Jregia	228	311	345	46	145	1.987E-01	26M4D12M10D5M3D26M1I14M
A0AAD3N9Q8_taxID_270547_model_A	ref_2Y9W_Abisporus	228	329	345	2	114	1.640E-01	9M2D18M1D10M1D6M5D5M13D20M2I2M8I5M1I16M
A0AAE1I5J0_taxID_173218_model_A	ref_2Y9W_Abisporus	56	433	651	2	350	4.787E-01	85M28I17M1I20M2I5M3D8M1D11M1D17M6I3M4D13M5I38M3I22M8D70M1I23M
A0AAE1I5J0_taxID_173218_model_A	ref_1JS8_squid	56	433	651	2	260	3.230E-01	9M1I10M1I8M1D3M3I15M5I23M2I3M33I6M13I19M4I10M12I9M3I5M9I8M20I20M1D1M6I4M8I11M1D6M1D33M8I22M6D8M1I16M
A0AAE1I5J0_taxID_173218_model_A	ref_PmTYR_A	55	443	651	5	297	3.020E-01	24M7I16M2D4M6I7M2I20M31I3M1I5M16I9M3D10M4I4M5D4M3D1M5I19M9I2M5D9M2I8M12I16M7I5M5I1M4D4M6D9M2I36M10I9M2D10M7I28M
A0AAE1I5J0_taxID_173218_model_A	ref_5CE9_Jregia	16	438	651	9	333	2.994E-01	17M2D5M6I30M1I25M1I5M4I1M2D6M2D4M2I18M39I2M5I5M2I13M2I6M1I8M7I2M6I3M14I3M5I4M7I10M6D21M1D17M1I5M2D3M1D10M2D9M3D25M2D4M8D16M16I2M6I3M1I9M3I3M
A0AAE1I5J0_taxID_173218_model_A	ref_1BT3_Ibatatas	17	439	651	12	332	2.849E-01	11M6I8M4D10M2I14M1I4M1I26M1I4M2I1M1D11M1D2M2I18M39I2M6I9M1I11M29I3M4I4M3D10M9I4M3I10M9D23M2I12M1D11M1D7M4D2M1D34M2D4M5D16M23I14M3I4M
F0YI85_taxID_44056_model_A	ref_PmTYR_A	451	652	969	7	195	1.577E-01	24M4I3M1D4M6I7M4D49M2I18M2I4M2D4M1D16M15I9M2I23M11D6M1I3M
F0YI85_taxID_44056_model_A	ref_1JS8_squid	451	544	969	3	95	7.862E-02	24M1D3M6I3M5I8M1D2M4D7M4D36M
F0YI85_taxID_44056_model_A	ref_1BT3_Ibatatas	451	559	969	48	161	8.986E-02	29M1I8M4I7M7D3M1D29M2D28M
F0YI85_taxID_44056_model_A	ref_5CE9_Jregia	451	662	969	47	245	1.222E-01	29M1I8M4I8M1I5M4D1M5D23M2D11M11I9M3I9M5I5M2I9M3D6M3D12M19I7M2D6M13D4M1D14M
F0YI85_taxID_44056_model_A	ref_2Y9W_Abisporus	451	544	969	1	123	7.366E-02	4M3D10M1D13M4I8M4I6M13D7M1I1M2D21M14D4M5D11M
A0A7S2W0D0_taxID_1034831_model_A	ref_PmTYR_A	9	391	461	57	280	3.505E-01	42M8I33M2D9M15I2M8I8M2I6M2D1M3I15M62I3M40I3M3I13M3I4M9D4M3I7M1D23M2D4M3I6M9I1M5I10M11I14M
A0A7S2W0D0_taxID_1034831_model_A	ref_1JS8_squid	12	182	461	60	170	1.596E-01	36M43I4M8I10M1D4M2I2M4I2M3D7M13I3M7D22M1I10M
A0A7S2W0D0_taxID_1034831_model_A	ref_1BT3_Ibatatas	11	47	461	108	146	7.787E-02	23M2D14M
A0A7S2W0D0_taxID_1034831_model_A	ref_2Y9W_Abisporus	259	404	461	201	351	1.397E-01	5M2I4M14D10M1D1M4D9M4D19M1D24M14I2M7D4M3D5M3I5M5I17M2D4M7I6M
A0A7S2W0D0_taxID_1034831_model_A	ref_5CE9_Jregia	130	356	461	45	312	8.144E-02	1M1I13M4I36M12D13M1I11M11D4M2D3M2I3M2D17M4I3M2D4M7D10M8D8M2D13M5D2M1D7M7I3M5D6M4D25M4D15M5I6M
A0A8H8P2A6_taxID_456999_model_A	ref_2Y9W_Abisporus	365	736	997	78	351	2.161E-01	23M3I13M15I4M1I6M4D37M14I10M8I13M3I12M3I3M4I14M12I5M2I10M18I6M3I14M8D40M2D9M3D3M27I30M2I5M
A0A8H8P2A6_taxID_456999_model_A	ref_PmTYR_A	336	734	997	26	286	1.453E-01	5M1D20M6D13M4I15M27I9M1D4M1D8M1I3M5D1M3I16M3I2M6I5M17I11M2D3M8I1M8I8M9I9M25I21M2D6M5I9M2I35M2D1M28I10M4I8M6I9M2I9M
A0A8H8P2A6_taxID_456999_model_A	ref_1JS8_squid	344	737	997	14	262	1.299E-01	15M4I4M1I7M24D14M7I6M15I6M1I10M2I9M7I2M6I12M32I8M27I15M24I4M14I7M5I14M1D3M1D29M2I5M3D15M7I17M4I6M1I4M15I8M
A0A8H8P2A6_taxID_456999_model_A	ref_5CE9_Jregia	255	672	997	27	312	1.277E-01	14M2D10M4D10M37I9M2I3M3I6M1I5M17D23M7I4M28I6M1I11M1I8M14I6M18I6M1D5M7I5M2I5M1I11M3D3M2D7M4I5M30I10M6I7M12I13M5D35M8D2M1I6M1D8M
A0A8H8P2A6_taxID_456999_model_A	ref_1BT3_Ibatatas	527	672	997	179	310	7.666E-02	4M3I4M8D13M7I12M4I9M6I6M13I3M1D10M5D34M3D3M1D7M1D8M
ref_PmTYR	ref_PmTYR_A	1	287	287	4	290	9.955E-01	287M
ref_PmTYR	ref_1JS8_squid	4	284	287	3	260	6.123E-01	9M3D44M1D38M1D9M3I3M6I4M14I3M1D6M3I4M10I2M7D13M10I8M2I2M4I11M4D31M2D7M3I8M1D8M12D16M
ref_PmTYR	ref_2Y9W_Abisporus	2	284	287	1	350	5.817E-01	10M2D14M5D21M3I9M9D19M14D4M5D11M4D10M1I5M5I1M18I9M2D4M1D5M1I6M10D1M3D3M21D8M1D4M5I8M1D3M5I5M3D10M10D39M3D7M3D2M2D9M6D18M
ref_PmTYR	ref_1BT3_Ibatatas	1	283	287	45	328	6.273E-01	28M5D14M2D4M3D7M2I25M2D29M1D6M22I16M4I6M8D16M7D14M5I11M7D32M2I7M6I6M2D5M5D16M
ref_PmTYR	ref_5CE9_Jregia	1	284	287	44	331	5.697E-01	28M5D14M7D3M2I6M2I25M2D29M1I2M3I2M17I22M2I14M1I1M6I17M8D3M7D11M7D30M2D8M1D4M1D2M3I3M1D23M
A0A2R5G0U5_taxID_2315210_model_A	ref_2Y9W_Abisporus	242	540	964	1	349	2.247E-01	7M4I5M2D10M2I4M2I8M13I12M15D30M13D17M2I5M5D11M11D6M2D7M4D4M1D5M7D13M2D10M1D16M3D15M1D2M9D28M16I6M8D5M8D12M1I8M2I11M
A0A2R5G0U5_taxID_2315210_model_A	ref_1JS8_squid	242	543	964	1	262	2.032E-01	21M16I7M9I5M2D9M10D29M6I17M3I3M4I7M1I19M4I5M1I15M2D5M9I15M4D32M8I23M1I12M4D16M
A0A2R5G0U5_taxID_2315210_model_A	ref_PmTYR_A	243	541	964	6	287	1.954E-01	22M5I6M2I10M13I8M4D4M1I27M6I7M3D6M2D16M5D4M3I2M2D2M6D3M1D8M1I7M5D4M2I13M1D1M2D6M4I5M6D44M2D1M13I8M3D8M7I5M2I13M
A0A2R5G0U5_taxID_2315210_model_A	ref_5CE9_Jregia	242	546	964	45	335	1.899E-01	18M13I3M3I10M4I4M1I8M3I5M15D26M4I12M2I11M8D47M6I2M1I3M9D22M7D34M13I14M3I3M1D7M2D6M2I9M1I5M
A0A2R5G0U5_taxID_2315210_model_A	ref_1BT3_Ibatatas	242	546	964	46	333	1.832E-01	21M16I10M4I4M1I4M9D12M3D24M3I2M1I14M2I11M8D3M3D12M6I8M3D21M4D2M4I1M2D1M1I2M1I4M1D3M1D12M7D31M17I1D11M2D3I3M1I4M2D6M2I11M1I5M
A0A918GY00_taxID_1951_model_A	ref_PmTYR_A	2	282	285	6	287	8.840E-01	49M2D38M2D5M2D17M1D11M2I4M1D21M2D3M10I24M1D10M1D17M1D40M1D2M1I10M1I11M1D5M
A0A918GY00_taxID_1951_model_A	ref_1JS8_squid	1	284	285	1	262	6.241E-01	27M3D11M2I3M2D8M3D40M11I3M2I13M2D1M1D5M10I10M13I3M2D13M3I2M6I8M5I11M4D5M1D26M3I1M2D3M1D17M1D2M10D11M1D6M
A0A918GY00_taxID_1951_model_A	ref_1BT3_Ibatatas	1	285	285	46	332	6.215E-01	21M1I6M6D19M5D28M2D14M10I3M10I26M1D10M3I10M6D12M6D14M3I2M4I12M7D8M1D22M2I8M7I4M3D7M4D11M1D8M
A0A918GY00_taxID_1951_model_A	ref_5CE9_Jregia	1	285	285	45	334	5.676E-01	21M1I6M6D13M7D1M2I33M2D12M10I5M3I16M3D3M7I15M3I4M3I14M5D3M8D12M3I2M4I14M7D3M1D25M10I5M1I4M3I2M12D3M3D11M1D8M
A0A918GY00_taxID_1951_model_A	ref_2Y9W_Abisporus	1	283	285	1	351	6.104E-01	6M2D21M2D7M1I6M8D10M4D26M11D3M8D8M5I5M1I11M1D5M11D6M4D2M5I7M4D13M5I8M8D10M1D4M3I1M2D11M2D4M5I9M10D5M1D32M3D11M5D7M4D3M1D8M1D9M
B9XQZ3_taxID_320771_model_A	ref_1BT3_Ibatatas	412	707	883	44	332	2.298E-01	8M2D5M3I19M21I13M7I6M2I5M2I9M1D33M2I26M3I5M24D1M4D19M2D9M3I14M7D34M1I39M3I4M
B9XQZ3_taxID_320771_model_A	ref_5CE9_Jregia	411	704	883	42	334	2.494E-01	9M2D5M3I23M34I8M1I14M3D4M1D33M2I10M2D5M2I19M1I7M12D4M1D7M8D5M1D5M3D17M7D32M2D44M
B9XQZ3_taxID_320771_model_A	ref_PmTYR_A	413	701	883	4	287	2.278E-01	8M1D4M2I15M5I11M14I5M20I34M2I15M2D14M5I5M1D5M18D4M8D3I5M3D2M5D17M3D7M5D44M1D8M7D5M8I22M
B9XQZ3_taxID_320771_model_A	ref_1JS8_squid	414	702	883	1	261	2.166E-01	8M2D15M7I4M2D16M1I6M21I9M11I18M2I16M3I6M1D10M9D21M5I6M10I3M3D4M1I12M4D30M4D2M3D13M9D8M4I17M
B9XQZ3_taxID_320771_model_A	ref_2Y9W_Abisporus	414	702	883	1	351	2.296E-01	7M1D43M29I19M1D22M17D12M2D15M18D2M16D1M1I6M1D17M9D7M1D5M2D9M1D5M1I11M10D40M2D3I15M15D19M
A0A3D8SZE8_taxID_565419_model_A	ref_1BT3_Ibatatas	9	22	154	60	72	7.856E-02	10M1I3M
A0A3D8SZE8_taxID_565419_model_A	ref_2Y9W_Abisporus	11	23	154	19	34	7.227E-02	10M3D3M
A0A3D8SZE8_taxID_565419_model_A	ref_5CE9_Jregia	4	22	154	54	71	9.278E-02	15M1I3M
A0A3D8SZE8_taxID_565419_model_A	ref_1JS8_squid	107	152	154	139	186	1.890E-01	21M2I11M4D12M
A0A3R6VMN7_taxID_157072_model_A	ref_PmTYR_A	30	114	369	6	96	2.016E-01	37M7D6M2D28M3I11M
A0A3R6VMN7_taxID_157072_model_A	ref_1BT3_Ibatatas	30	113	369	47	146	1.809E-01	22M1D7M5D7M7I3M18D23M2D2M3I10M
A0A3R6VMN7_taxID_157072_model_A	ref_5CE9_Jregia	30	113	369	46	145	1.691E-01	22M1D7M5I8M1I4M5D1M17D21M1I14M
A0A3R6VMN7_taxID_157072_model_A	ref_1JS8_squid	31	113	369	3	95	1.304E-01	12M4I10M6I7M2D8M21D11M3I22M
A0A4Z1EV38_taxID_87230_model_A	ref_PmTYR_A	90	321	922	1	247	2.187E-01	3M3D27M8I14M10D32M1I9M2D11M1I13M6I7M2D14M1I6M1D9M4I14M10D11M5D4M1D35M2D2M
A0A4Z1EV38_taxID_87230_model_A	ref_1BT3_Ibatatas	89	376	922	44	331	1.942E-01	32M2I4M1I10M13D32M1D11M10D2M2I5M1I3M5D4M7I7M17I4M10I13M2I4M1D4M12D9M4D16M8D31M10I8M3I4M3D18M2I10M
A0A4Z1EV38_taxID_87230_model_A	ref_1JS8_squid	92	372	922	2	251	1.923E-01	32M8I10M14D32M1I6M22I9M4I5M1D6M1I10M2I4M9I5M3D42M4D24M3D3M6I5M1D2M3I5M5D4M6I15M
A0A4Z1EV38_taxID_87230_model_A	ref_5CE9_Jregia	87	376	922	40	334	1.964E-01	4M1D30M2I5M1I14M13D27M2D4M1I6M7I3M9I6M1D9M4D8M1I13M6I6M8I5M1I8M4D5M16D16M4D4M4D25M14I8M4D5M3D18M1I10M
A0A4Z1EV38_taxID_87230_model_A	ref_2Y9W_Abisporus	92	348	922	2	324	1.958E-01	9M2D18M1D6M4I14M16D24M13D4M5D7M7I7M1I2M7I11M4D8M5D16M5D3M2D5M2D15M6D6M1D5M10D17M10D37M2I5M3D7M2D10M
A0AAW0DL74_taxID_2862362_model_A	ref_PmTYR_A	4	210	264	58	244	5.667E-01	24M5I22M1I8M1I7M10I6M13I8M2D3M1D4M2I6M1I5M2D22M10D9M2I48M
A0AAW0DL74_taxID_2862362_model_A	ref_1JS8_squid	3	214	264	57	209	4.395E-01	25M3D5M8I6M6I11M17I4M20I3M2I12M4I12M1I21M2I2M6I11M4D34M
A0AAW0DL74_taxID_2862362_model_A	ref_5CE9_Jregia	5	256	264	107	325	3.840E-01	23M5I3M16I12M9I4M1I10M3D9M6I24M4I1M2D2M6I8M2D14M3D8M4D12M7D30M9I3M1D7M3I5M3D6M1D12M
A0AAW0DL74_taxID_2862362_model_A	ref_2Y9W_Abisporus	6	240	264	69	325	4.364E-01	14M4D11M3D10M7D6M3D4M1D6M2I5M7I10M3D4M3D6M3I4M6I7M4D3M1I7M8I10M6D8M1D4M2I10M1D6M3D7M10D39M2I5M4D18M
A0AAW0DL74_taxID_2862362_model_A	ref_1BT3_Ibatatas	5	256	264	108	323	3.727E-01	23M6I3M15I2M11I8M3I2M4D14M1D4M2I1M2I6M2I14M6I19M2D6M4I3M7D9M4D10M7D32M3D11M1I9M12I12M
A0ABR3R320_taxID_749835_model_A	ref_PmTYR_A	1	76	133	152	244	4.937E-01	9M1D16M10D8M3D3M2D13M1D27M
A0ABR3R320_taxID_749835_model_A	ref_2Y9W_Abisporus	14	125	133	210	343	5.856E-01	12M2I1M2I2M3D4M11D7M10D5M1D32M2I11M1D17M2D15M
A0ABR3R320_taxID_749835_model_A	ref_5CE9_Jregia	31	125	133	233	324	3.841E-01	13M8D31M5D7M1D12M4I4M13I11M
A0ABR3R320_taxID_749835_model_A	ref_1BT3_Ibatatas	31	133	133	234	328	4.335E-01	13M8D34M3D16M4I4M13I11M2I6M
A0ABR9U2C3_taxID_2777974_model_A	ref_PmTYR_A	44	401	453	1	294	5.358E-01	5M3I26M3I2M4I16M5I46M1D7M4D11M6I5M4I3M1D8M1I2M5I9M2I31M10D12M7I3M2I10M16I32M1I26M26I16M5D3M
A0ABR9U2C3_taxID_2777974_model_A	ref_1JS8_squid	52	400	453	2	261	4.386E-01	31M4I9M1I8M4I9M1D37M15I9M13I8M5I7M3I7M3I30M7I3M8I10M4I4M5I1M3I30M1I25M7I5M7I26M
A0ABR9U2C3_taxID_2777974_model_A	ref_1BT3_Ibatatas	45	400	453	40	330	4.229E-01	33M1I8M1I9M10I10M8D23M1D2M1D17M2I5M1I1M25I10M3I6M1I5M5I4M1D10M7D10M4I7M5D8M1I5M3D10M4I6M5I38M5I2M4I11M1D4M16I1M4I19M
A0ABR9U2C3_taxID_2777974_model_A	ref_5CE9_Jregia	44	400	453	38	332	4.386E-01	34M1I8M1I27M2I23M2D19M3D4M15I3M8I1M8I1M1I4M3I3M1I9M2I6M1I7M8D8M2D5M1D3M7I9M2D5M4D9M4I6M5I32M3I13M3I9M22I3M3D19M
A0ABR9U2C3_taxID_2777974_model_A	ref_2Y9W_Abisporus	51	400	453	1	351	4.297E-01	10M2D16M1I6M4I4M2D2M3I9M2D10M3D23M14D4M5D12M1D7M3I2M2D18M4I3M5I3M3D5M4I6M4D5M1I10M11D13M1D8M9D2M1D2M15I11M3I10M3I32M1I6M3D8M2I13M1I9M12I19M
A0A179FVZ7_taxID_33203_model_A	ref_2Y9W_Abisporus	41	346	990	1	350	2.831E-01	10M1I34M29D50M5D10M2D11M3I14M1I3M4I8M2D10M2D15M2D25M4D12M8D41M2I8M1D44M
A0A179FVZ7_taxID_33203_model_A	ref_1JS8_squid	41	348	990	1	262	2.041E-01	10M3I18M2I12M24D18M19I13M1D11M8I4M8I7M2I4M11I8M9I10M1I6M1I8M6I20M2D36M3I9M6I16M6D19M
A0A179FVZ7_taxID_33203_model_A	ref_PmTYR_A	42	346	990	6	287	1.696E-01	12M3I8M1D9M14D12M3D21M19I9M2D3M1I7M3D2M9I6M9I19M1I10M8D6M5D2M9I7M1I3M4I7M4D1M4D4M6D8M2I37M1I4M2I6M4I2M2I9M6I18M
A0A179FVZ7_taxID_33203_model_A	ref_5CE9_Jregia	30	353	990	33	339	1.740E-01	11M1D10M3I30M26D11M7I5M9I10M1I12M2D4M1D4M13I2M5I6M5D16M11I6M4I3M2I9M1D9M3D9M6D10M4D4M2I5M3D27M6D19M19I22M1D4M
A0A179FVZ7_taxID_33203_model_A	ref_1BT3_Ibatatas	24	357	990	38	335	1.741E-01	8M9I10M3I30M21D6M5D5M7I5M9I10M1I9M1D3M1D4M1D1M11I5M7I9M5I6M6I20M1I10M1D9M3D8M5D4M1D9M4D2M2I6M3D26M3D16M4I3M15I19M5I6M
A0ABR1JDV0_taxID_2682957_model_A	ref_PmTYR_A	588	833	848	3	234	2.214E-01	29M3I3M7I13M7D1M3D24M1I29M1I7M2I2M11I4M9I8M2D3M1I10M1I6M7D1M5I12M5D4M5D43M2I4M
A0ABR1JDV0_taxID_2682957_model_A	ref_1BT3_Ibatatas	591	839	848	47	286	1.717E-01	26M2I4M2I4M1I13M13D28M1D11M10I2M5I2M9I16M1I12M6I4M1D8M10I7M3D6M2D6M4I7M8D4M5D9M5D2M2D9M1D19M
A0ABR1JDV0_taxID_2682957_model_A	ref_1JS8_squid	590	842	848	1	210	1.770E-01	30M10I9M5I2M19D23M1I12M21I7M12I3M11I4M1D11M2I3M2I13M1I17M2I2M7I5M3D7M4D4M3D10M1D17M
A0ABR1JDV0_taxID_2682957_model_A	ref_5CE9_Jregia	585	836	848	39	276	1.593E-01	6M1D28M2I2M2I4M1I13M13D28M1D11M10I2M5I2M5I4M4I13M1I2M4I26M4I5M5I13M1I9M8D6M2D2M3D7M7D8M5I12M
A0ABR1JDV0_taxID_2682957_model_A	ref_2Y9W_Abisporus	591	840	848	2	293	1.653E-01	9M2D19M11I6M2I8M17D3M7D17M13D6M5D10M6I9M23I3M1D7M6D16M1D7M16D5M6I9M6D12M2I11M1I5M8D4M10D18M1D15M
A0A2Z6P106_taxID_3900_model_A	ref_5CE9_Jregia	36	377	541	1	337	6.053E-01	13M2I5M2I3M2I19M1D55M2I96M2D143M
A0A2Z6P106_taxID_3900_model_A	ref_1BT3_Ibatatas	36	377	541	1	335	5.993E-01	19M1I5M3I73M2I88M2I6M4D92M3I48M
A0A2Z6P106_taxID_3900_model_A	ref_1JS8_squid	86	373	541	2	262	3.614E-01	31M2I6M4I6M1I7M1I6M2D24M2I14M1I12M1D3M9D5M17I5M1D10M2I5M2I3M13I1M3I6M1D14M3I32M2I2M7D12M2I1M11D6M4I18M
A0A2Z6P106_taxID_3900_model_A	ref_2Y9W_Abisporus	85	372	541	1	351	3.340E-01	7M2D36M1D17M1I2M1D21M16D9M1D11M10D4M12I3M1I2M4D4M5D5M6D8M9D5M2D4M1D4M10D10M1I7M2I4M6I7M3D10M1D5M5D1M3I37M5D5M8D4M1D10M2I18M
A0A2Z6P106_taxID_3900_model_A	ref_PmTYR_A	86	370	541	6	286	3.244E-01	10M3I13M2I17M2I13M3I24M2I13M14D5M3D3M1D13M3D28M1I12M15I3M1I3M8D5M3D2M2D11M7I30M2I4M3D4M4D6M2I2M2I3M3I16M
A0A8B8BZ31_taxID_6565_model_A	ref_PmTYR_A	29	273	561	6	286	3.801E-01	20M6D14M2I1M11D31M2I30M5D12M2I2M10D7M3D20M5D2M5D8M6D46M5I1M1D15M2I3M2I13M1I4M
A0A8B8BZ31_taxID_6565_model_A	ref_1JS8_squid	30	275	561	3	261	3.421E-01	19M9D13M6D3M4D27M2I11M2I16M11I3M2D56M4D28M2I3M2I4M1I3M1D14M8D20M1I5M
A0A8B8BZ31_taxID_6565_model_A	ref_2Y9W_Abisporus	31	275	561	2	351	3.032E-01	7M4D11M8D5M3D11M15D17M5D6M14D7M2I5M2I9M1I4M4I2M4D9M9D15M12D3M9D4M5D13M11D23M10D30M7I6M8D3M4I2M7D16M1D17M
A0A8B8BZ31_taxID_6565_model_A	ref_1BT3_Ibatatas	26	277	561	44	332	3.057E-01	23M11D18M12D35M2I4M2I2M1I5M3D6M1D13M9I16M4D4M1D8M8D1M13D7M1D9M7D29M9I16M5I7M5D12M1I8M
A0A8B8BZ31_taxID_6565_model_A	ref_5CE9_Jregia	25	275	561	42	332	3.022E-01	24M11D18M12D35M2I4M3I7M3D6M1D14M7I17M2D4M1D8M7D2M10D2M4D3M1D10M4D7M3D28M7I4M1I5M1I4M2I7M5D12M1I6M
B2IXG2_taxID_63737_model_A	ref_PmTYR_A	52	408	408	6	295	6.000E-01	26M3I2M4I13M6I3M1D45M1D7M4D11M6I5M4I12M1I2M5I4M1I4M1I32M10D12M7I3M2I10M16I37M1I21M26I25M
B2IXG2_taxID_63737_model_A	ref_1JS8_squid	52	401	408	2	261	4.840E-01	31M4I9M1I7M1I2M3I8M1D37M15I12M8I5M5I5M6I3M3I6M3I30M7I3M8I10M4I4M7I1M1I32M2I14M1D8M13I5M1I26M
B2IXG2_taxID_63737_model_A	ref_5CE9_Jregia	47	403	408	41	334	4.881E-01	31M1I8M1I27M2I25M2D16M18I5M12I12M3I13M3I5M1I6M7D5M1D4M2D5M1D3M7I9M2D5M4D9M4I6M5I34M2I9M4I11M13I3M1I3M5I21M
B2IXG2_taxID_63737_model_A	ref_1BT3_Ibatatas	49	401	408	44	330	4.670E-01	29M1I8M1I11M6I4M6D6M2I23M2D19M3D6M25I7M10I3M1I10M3I6M1I7M7D3M1D6M2D1M7I4M5D12M2D12M4I6M5I34M5I6M4I11M1D5M20I19M
B2IXG2_taxID_63737_model_A	ref_2Y9W_Abisporus	51	401	408	1	351	4.741E-01	10M2D21M5I5M2D2M3I9M2D10M3D23M14D4M5D12M1D2M6I8M5D15M4I6M3I6M3I4M3D9M1I5M3I7M14D8M1D8M7I4M4I4M6D11M3I9M3I35M3I3M5D4M8D2M3I8M20I26M
A0A0V0R8Y7_taxID_266149_model_A	ref_2Y9W_Abisporus	33	311	883	1	351	2.551E-01	10M2D25M2I11M1I1M16D32M4D4M9D9M5D4M2D8M4D3M6D4M5D9M1D10M7D15M2D8M1D11M5I2M7D14M1D2M9D35M6D1M14I7M9D6M1I8M1I16M
A0A0V0R8Y7_taxID_266149_model_A	ref_1JS8_squid	34	312	883	2	262	2.169E-01	20M1D9M3I2M2I11M5D2M5D27M6I12M1I3M1I9M1I3M2I1M7I3M4D4M2D14M5I12M5I4M3I17M4D30M15I7M8D10M1I6M6D8M1I12M
A0A0V0R8Y7_taxID_266149_model_A	ref_1BT3_Ibatatas	30	313	883	43	332	2.100E-01	38M2I7M5I4M17D24M3I3M1I13M3D4M1D5M6D3M2I5M12D11M12I17M2I5M4D5M1I5M1I4M1D9M4D7M3D25M2D2M17I9M3I2M1D6M2D7M1I14M
A0A0V0R8Y7_taxID_266149_model_A	ref_PmTYR_A	31	317	883	1	296	2.025E-01	3M2D25M2I3M5I10M9D31M6I14M3I9M2D16M9D2M5D4M5D3M2D4M9I2M5D11M3I9M1D3M4D4M6D41M17I7M10D8M5I3M3I15M2D7M
A0A0V0R8Y7_taxID_266149_model_A	ref_5CE9_Jregia	24	313	883	27	334	2.135E-01	9M9D35M2I8M2I6M14D25M3I2M1I11M3D5M2D2M5D7M2D6M5D5M9I15M7I6M1D13M7D18M4D7M3D26M2I1M12I6M2D7M2I10M2D12M1I7M
A0A8U0BZ64_taxID_102329_model_A	ref_PmTYR_A	112	372	821	6	287	2.734E-01	26M5I11M2D6M7D61M3D10M3D1M5D3M5D6M3D15M3I5M4I8M2D6M10D35M3I19M1I13M1I13M2I4M
A0A8U0BZ64_taxID_102329_model_A	ref_1JS8_squid	112	373	821	2	261	2.208E-01	29M2I9M10I3M20D32M9I3M6I16M4D4M3D5M6I3M6D12M13I3M2D16M4D39M4I14M11D12M2I10M
A0A8U0BZ64_taxID_102329_model_A	ref_1BT3_Ibatatas	109	373	821	44	330	2.217E-01	45M6I2M18D23M2D18M2D7M3D4M4I5M3I4M5I9M2D6M8D9M1I7M8D7M2I4M1D11M4D6M3D23M4I6M1D7M4D1M8I6M3D2I9M2I9M
A0A8U0BZ64_taxID_102329_model_A	ref_5CE9_Jregia	108	373	821	42	332	2.052E-01	46M16D3M4I24M2D13M9D13M1D7M1D12M14I5M6D9M5I4M12D7M2I5M1D11M4D6M3D23M4D3M4I7M6D5M2I5M7I9M2I9M
A0A8U0BZ64_taxID_102329_model_A	ref_2Y9W_Abisporus	113	373	821	1	351	2.338E-01	11M3D6M1D8M1D7M1I13M15D17M5D6M14D16M2I7M8I12M14D3M16D5M1D3M2D4M2I5M14D8M2I13M2D19M10D33M2I4M3I1M5D9M4D9M1I4M5D10M1I6M
A0AA89AGQ4_taxID_1293975_model_A	ref_5CE9_Jregia	103	440	596	2	338	5.536E-01	10M2I29M1D297M
A0AA89AGQ4_taxID_1293975_model_A	ref_1BT3_Ibatatas	102	439	596	1	335	5.568E-01	288M3I47M
A0AA89AGQ4_taxID_1293975_model_A	ref_1JS8_squid	148	435	596	2	262	3.254E-01	31M2I6M5I4M4I2M4D3M1D5M2D24M2I14M1I9M1D6M3I2M1D3M2I6M5I8M1I16M4I4M15I5M1D10M1I5M2I35M5D13M9D8M4I18M
A0AA89AGQ4_taxID_1293975_model_A	ref_2Y9W_Abisporus	147	434	596	1	351	3.078E-01	7M2D37M1D4M2D8M2I5M2D19M16D9M1D9M4D4M2D1M12D4M4I4M5D3M7D14M2D5M2I15M6D9M1I8M1D1M3I9M1I3M2I10M1D5M5D1M3I37M5D8M6D3M3D6M2I20M
A0AA89AGQ4_taxID_1293975_model_A	ref_PmTYR_A	143	432	596	1	286	2.902E-01	26M1I3M4I16M7I3M2D6M2D25M2I14M9I11M8D3M7D6M5D5M9D8M4D4M7I14M9D3M5I10M6I9M7I32M2I5M4D5M3D3M2I3M2I3M3I16M
A0A0A7CP65_taxID_1202772_model_A	ref_PmTYR_A	413	704	840	6	287	2.236E-01	40M5D1M6D29M3I12M6I3M5I2M8I17M2D2M1I7M5I3M8D2M1D7M7I8M6D10M10D10M5D41M8I5M2D16M5I6M4I3M3I13M
A0A0A7CP65_taxID_1202772_model_A	ref_1JS8_squid	413	706	840	2	262	2.156E-01	25M3D14M12D30M3I10M30I2M1D12M7I13M2I6M6I5M2D22M2I1M1D14M4D25M5I7M6D19M11I3M2I3M1I8M7D6M
A0A0A7CP65_taxID_1202772_model_A	ref_5CE9_Jregia	412	706	840	45	333	1.696E-01	21M13I9M32D25M2D2M3I11M16I2M6I2M2I4M1D11M1I8M11I10M3D5M3D3M1I10M14D3M2D10M1I13M1D3M6D24M17I11M10D5M9I2M3D9M3I9M
A0A0A7CP65_taxID_1202772_model_A	ref_1BT3_Ibatatas	412	644	840	46	288	1.718E-01	21M2D7M5D9M1D1M2I3M13D25M2D2M3I12M4D7M4I4M9I9M6I12M5I8M5I5M4I2M1I10M1D4M14D22M7D31M
A0A0A7CP65_taxID_1202772_model_A	ref_2Y9W_Abisporus	413	641	840	2	291	1.734E-01	11M1D4M1D5M2D13M2D9M18D23M16D17M5D3M4D10M14I10M3I4M1I25M1D9M11D6M1I12M9D3M5D2M5I9M10D30M
A0A5N6Y9U6_taxID_656916_model_A	ref_PmTYR_A	517	719	769	6	247	2.217E-01	28M8I15M10D31M1I9M2D11M1I13M6I8M1D7M1D6M1I15M24D2M6D4M5D5M7D32M
A0A5N6Y9U6_taxID_656916_model_A	ref_5CE9_Jregia	509	769	769	37	332	1.752E-01	8M1D30M3I14M3I2M16D26M1D10M9D6M2D37M11D6M1I5M7I6M19D2M3D7M6I28M8D18M2I2M13I19M
A0A5N6Y9U6_taxID_656916_model_A	ref_1JS8_squid	517	725	769	2	216	1.782E-01	30M3I2M2I5M7I2M16D1M2D30M1I5M3I8M2D7M12I7M13I6M2I8M13D2M3I3M7D12M9D5M1D19M2D11M
A0A5N6Y9U6_taxID_656916_model_A	ref_1BT3_Ibatatas	510	769	769	40	330	1.879E-01	37M1I4M2I10M3I2M16D26M1D10M11D18M6D1M2I9M17D1M9I4M1I5M1I7M3I11M2I9M14D30M3D11M1I3M12I25M
A0A5N6Y9U6_taxID_656916_model_A	ref_2Y9W_Abisporus	517	767	769	2	349	2.093E-01	9M2D22M6I8M3I6M22D24M19D4M1I5M4D14M13I4M14I13M2D3M21D14M1I7M60D33M4I1M2D3M5D15M2D24M
A0AAI9YQA0_taxID_1209916_model_A	ref_PmTYR_A	22	266	944	1	242	2.104E-01	5M3I28M8I15M10D29M1I11M2D11M3I7M11I4M1D11M2D12M1I5M2I8M4I13M4D4M5D8M3D3M2D12M1D26M
A0AAI9YQA0_taxID_1209916_model_A	ref_1JS8_squid	29	266	944	1	203	1.644E-01	33M5I8M5I2M16D29M1I7M29I18M2I3M1I8M2I5M5I3M6I3M1D24M1I12M1D7M4D19M
A0AAI9YQA0_taxID_1209916_model_A	ref_5CE9_Jregia	24	330	944	38	335	1.936E-01	11M2D27M3I10M2I4M15D27M1D10M3I7M4D5M2I2M10I6M1I12M1I12M9I1M13I7M2D5M2D5M1D2M13D22M8D26M5D5M1D14M4I1M13I12M2I11M
A0AAI9YQA0_taxID_1209916_model_A	ref_1BT3_Ibatatas	23	327	944	42	330	1.747E-01	2M2I33M3I13M1D4M12D28M1D11M4D10M3D5M3D25M10D11M2D9M21I4M18I16M7D8M1D22M5D2M1I6M1I11M17I11M2I9M
A0AAI9YQA0_taxID_1209916_model_A	ref_2Y9W_Abisporus	30	299	944	2	323	1.857E-01	9M2D18M1D5M4I12M16D27M5D6M13D7M4I10M2D5M15I3M12I15M2D4M1D3M17D18M9D11M10D9M1I10M10D3M1D26M3I8M1D2M1D20M
A0A8H5LTK0_taxID_182062_model_A	ref_PmTYR_A	53	258	835	6	214	1.942E-01	26M10I2M8I15M10D24M1I16M2D11M3I11M1I9M2I5M6D4M1D6M2D8M7I16M8D10M6D11M
A0A8H5LTK0_taxID_182062_model_A	ref_1JS8_squid	54	316	835	3	205	1.726E-01	25M10D5M2D2M1D7M4I4M13I25M1I11M3I10M17I19M1I7M11I4M1I11M2D21M8I19M5I9M11I9M
A0A8H5LTK0_taxID_182062_model_A	ref_1BT3_Ibatatas	52	236	835	46	208	1.225E-01	29M4I6M9I11M10D3M3D30M1D7M7D3M1D7M1I5M7I2M12I3M7I2M1D2M4I12M1D9M2I8M
A0A8H5LTK0_taxID_182062_model_A	ref_5CE9_Jregia	52	304	835	45	291	1.820E-01	29M4I6M9I11M10D3M3D27M1D10M3I2M7D6M3D5M7I2M12I4M4I7M2I36M15D19M2D4M10I10M2D5M2D16M
A0A8H5LTK0_taxID_182062_model_A	ref_2Y9W_Abisporus	52	292	835	1	276	1.439E-01	16M2D11M7I5M9I8M2I8M21D18M13D6M5D10M3D6M1D6M1D2M6I3M1D2M13I5M3I4M2D6M2D2M1I5M18D8M9D11M1I8M10D13M5I5M6I20M
A0ABR4PYK1_taxID_108571_model_A	ref_2Y9W_Abisporus	18	370	652	1	350	3.862E-01	13M5I35M24D3M14D34M4I2M2I8M2I3M1D14M1D15M1D7M12I11M6I1M3I3M5I19M4I8M1I3M1I8M5I4M2D16M10D1M2I5M10I36M1I10M9D6M1I12M1I11M
A0ABR4PYK1_taxID_108571_model_A	ref_1JS8_squid	18	372	652	1	262	2.441E-01	7M3I7M3I4M1I4M1I6M1I16M19D3M1D3M4I3M4I2M2D22M13I7M12I9M18I7M3I7M6I6M26I19M13I3M3I14M8I34M2D5M11D17M4I1M2I4M3I17M
A0ABR4PYK1_taxID_108571_model_A	ref_PmTYR_A	19	384	652	6	296	2.328E-01	6M3I8M1D10M4D7M7I11M4I11M5D4M5D18M4D1M3I9M4D12M4D4M5D9M7I10M16I8M42I7M3I4M6I5M6D6M3I4M6D9M2I4M10I53M7I7M1I15M5I5M
A0ABR4PYK1_taxID_108571_model_A	ref_5CE9_Jregia	7	373	652	32	334	2.486E-01	33M5I20M2D1M19D7M1D3M4I28M2I2M4I1M6I10M13I9M4D9M4I3M15I7M1I7M9I3M17I7M1I25M2D13M3I12M2I27M2D8M8I1M1D4M3I1M1D9M2D6M1I13M
A0ABR4PYK1_taxID_108571_model_A	ref_1BT3_Ibatatas	1	369	652	31	328	2.486E-01	15M2I7M2I13M5I20M8D1M13D7M7I3M5D14M1I9M12I14M7I3M6I2M6I5M1I4M10I5M3I5M1I6M5I6M5I4M11I9M1I25M1D3M1D9M1D8M4I7M2I24M1I6M3I3M4I4M3I2M1D6M2D7M1I10M
A0A2U1PFS0_taxID_35608_model_A	ref_1BT3_Ibatatas	80	454	623	2	335	5.118E-01	2M1D4M1D4M4I7M1I5M1I7M1I68M2I55M1D1M6I4M4I27M6I43M1I48M14I9M4I47M
A0A2U1PFS0_taxID_35608_model_A	ref_5CE9_Jregia	87	454	623	5	337	4.972E-01	14M1I5M1I9M1I8M1D57M2I55M10I7M1D19M5I13M1I35M1I50M14I9M1I50M
A0A2U1PFS0_taxID_35608_model_A	ref_PmTYR_A	130	447	623	6	286	3.021E-01	26M5I14M2D4M8I6M1D23M2I22M3D2M5D13M1D7M1D2M2D21M2D4M11I8M4I3M4I1M2I7M2I2M1D1M6D5M1D13M7I22M14I8M3I4M3D4M4D6M2I2M2I3M3I16M
A0A2U1PFS0_taxID_35608_model_A	ref_1JS8_squid	129	448	623	1	260	3.121E-01	26M1D5M3I6M4I4M2D7M3I7M1D24M2I14M1I10M2I7M7D2M4I4M20I4M1I14M7I7M1I1M16I5M1D13M1I2M2I23M14I8M4D14M2I4M11D6M4I16M
A0A2U1PFS0_taxID_35608_model_A	ref_2Y9W_Abisporus	127	447	623	1	349	3.135E-01	45M1D5M9I8M9D26M17D11M4D11M1D5M4D3M4I1M5D6M1I13M2I5M3D13M4D4M3D10M1I8M2I5M8I7M4D10M1D3M5D3M3I22M14I12M1D4M3D11M9D7M2I17M
A0A9P9ITJ2_taxID_256645_model_A	ref_2Y9W_Abisporus	52	422	606	2	350	5.109E-01	10M3I31M16I19M1I42M1I20M2I5M3D5M1D31M5I22M4I38M2I3M1I2M4D10M9D48M1I7M2I16M1I23M
A0A9P9ITJ2_taxID_256645_model_A	ref_1JS8_squid	51	424	606	1	262	3.369E-01	8M2I5M2I2M1I12M1I12M17I6M6I35M4I2M16I13M1I5M3I8M5I2M8I7M16I5M1D8M19I22M2I3M7I9M1I6M4D30M19I7M2I3M10D4M4D5M3D3M2I18M
A0A9P9ITJ2_taxID_256645_model_A	ref_PmTYR_A	52	428	606	6	293	2.859E-01	25M4D6M8I13M28I6M1I26M20I9M3D5M4I9M16I9M3D2M2I10M2I1M2I6M4I7M7D4M6D4M8I14M1D5M1D18M1I39M11I4M2I6M2D9M7I24M
A0A9P9ITJ2_taxID_256645_model_A	ref_5CE9_Jregia	39	421	606	34	330	2.950E-01	5M1I12M2I7M2I2M1I25M8D1M11I2M8I2M1D5M8I4M2I23M18I15M2I6M1I3M1D4M10I3M1I4M3I12M1I4M12I7M1I5M5I17M7D6M2I6M3I6M1D6M3I3M9D31M14I2M3I2M5I9M3D1M3D24M
A0A9P9ITJ2_taxID_256645_model_A	ref_1BT3_Ibatatas	39	421	606	36	328	2.949E-01	9M2I7M2I7M2I2M1I25M6I1M4D5M9I3M9I24M7I4M10I7M1I13M2I6M1I8M4I4M23I9M2D3M1I10M1I4M6I8M1I12M3D6M4D6M3I7M1D6M6D34M2I4M9D6M26I24M
A5AZ52_taxID_29760_model_A	ref_5CE9_Jregia	104	442	607	1	339	5.495E-01	252M1D36M1I50M
A5AZ52_taxID_29760_model_A	ref_1BT3_Ibatatas	104	440	607	1	335	5.401E-01	11M2D31M1I205M1D38M4I47M
A5AZ52_taxID_29760_model_A	ref_PmTYR_A	148	433	607	5	286	3.004E-01	11M3I13M2I17M2I10M1I27M2I15M4D10M6D3M7D4M2D4M2D18M2D7M6I14M6I3M2D6M3I5M5D11M6I32M4D17M2I6M5I15M
A5AZ52_taxID_29760_model_A	ref_2Y9W_Abisporus	148	435	607	1	351	3.030E-01	7M2D36M1D3M4I4M1D5M3D4M2D19M16D9M1D9M4D4M2D1M2I7M7I3M3D2M2I8M7D10M24D10M3D9M1I18M3I1M2D2M4I9M2I6M6D30M8D2M3D6M4D2M3I4M1D9M2I19M
A5AZ52_taxID_29760_model_A	ref_1JS8_squid	149	436	607	2	262	3.162E-01	21M1D9M3I6M4I3M2D10M2I4M2D24M2I14M1I12M1D3M3I12M8I10M1D12M16I4M3I7M1D9M2I36M4D18M9D8M4I18M
A0A4Z1K5V5_taxID_87229_model_A	ref_PmTYR_A	92	321	922	6	247	2.174E-01	28M8I14M10D30M1I11M2D11M1I13M6I7M2D14M1I6M1D9M4I14M10D11M5D4M1D35M2D2M
A0A4Z1K5V5_taxID_87229_model_A	ref_1JS8_squid	93	375	922	3	261	2.109E-01	31M8I10M14D31M1I7M3I7M1D2M2D6M13I5M13I8M2I4M9I5M3D42M4D24M3D3M6I5M1D2M3I6M3D8M5D8M2I9M
A0A4Z1K5V5_taxID_87229_model_A	ref_1BT3_Ibatatas	87	373	922	42	328	1.925E-01	34M2I4M1I10M13D32M1D11M10D2M2I2M1I6M6I6M8I8M5I6M10I13M2I4M1D4M12D9M4D16M8D30M4D8M1D4M15I17M2I7M
A0A4Z1K5V5_taxID_87229_model_A	ref_5CE9_Jregia	89	375	922	43	332	1.939E-01	32M2I5M1I14M13D27M1D11M7I3M9I6M1D9M4D8M1I13M6I6M8I5M1I8M4D5M16D16M4D4M4D25M14I8M4D5M3D17M2I9M
A0A4Z1K5V5_taxID_87229_model_A	ref_2Y9W_Abisporus	93	348	922	2	324	1.915E-01	4M4D6M1I15M1D6M4I14M16D26M5D5M13D4M7I7M1I2M7I11M4D8M5D16M5D3M2D5M2D15M6D6M1D5M10D17M10D37M2I6M3D6M2D10M
A0A9W8XWX0_taxID_1932322_model_A	ref_2Y9W_Abisporus	62	437	784	1	350	4.035E-01	61M3D37M1I36M1D31M10I3M3I14M4I44M5D2M3I14M9D20M22I47M1I23M
A0A9W8XWX0_taxID_1932322_model_A	ref_1JS8_squid	62	437	784	1	260	2.606E-01	10M1I8M1I9M1I5M1I14M1D4M3I19M2I1M6I4M13I8M1D16M5I7M13I10M6I5M17I7M10I2M5I4M3I10M1I5M5D1M13I12M2I2M5D17M22I12M2D5M6I3M5I5M1D18M5D17M
A0A9W8XWX0_taxID_1932322_model_A	ref_PmTYR_A	63	436	784	6	286	2.330E-01	9M1I14M6I15M1D5M3I10M1I22M20I14M12I6M5I5M13I10M1I5M2D8M2D3M2I1M1I6M1I5M1D3M1D23M9D5M1D11M6I10M1I19M22I17M5I6M3I15M7I17M
A0A9W8XWX0_taxID_1932322_model_A	ref_5CE9_Jregia	49	436	784	31	330	2.448E-01	5M1D24M2I27M7I4M1D1M8D6M2I23M18I19M3I2M1I3M11I7M7I5M8I4M8I7M1I9M1D13M10I15M3D6M4D8M1D9M6D21M22I11M13I18M3I1M1D9M2D15M
A0A9W8XWX0_taxID_1932322_model_A	ref_1BT3_Ibatatas	50	436	784	36	328	2.492E-01	9M2I17M2I27M3I9M5D5M2I24M18I15M4I12M9I4M5I3M3I13M18I7M6I12M3I10M5D1M7D4M3I8M2I5M1D10M6D20M22I11M1I8M2I3M13I4M3I3M1D8M3I4M5D7M
A0A1V9YEL7_taxID_1202772_model_A	ref_PmTYR_A	27	265	958	6	242	1.662E-01	37M7D9M2D26M3I8M1I14M2D3M4D10M2I6M2D6M1D5M2I5M5I7M7I4M8I4M2I13M4D11M1I1M6D17M1D22M
A0A1V9YEL7_taxID_1202772_model_A	ref_5CE9_Jregia	21	350	958	40	331	1.772E-01	27M1D4M4D16M1D2M11D26M1I11M7I4M6I10M2I17M3D5M3I7M1I10M22I3M1D5M1D1M1D8M15D3M1D1M5I11M7D4M1D23M6I3M5I6M10D10M16I2M18I9M3I7M
A0A1V9YEL7_taxID_1202772_model_A	ref_1JS8_squid	486	806	958	2	258	1.872E-01	22M1I4M4D21M10D22M3I11M11I11M5D3M10I11M1I5M10I3M13I2M9I2M2D6M1D3M4I10M1I12M4D5M1D31M3I6M13I10M8I8M8I5M1I10M5D2M
A0A1V9YEL7_taxID_1202772_model_A	ref_1BT3_Ibatatas	18	350	958	38	329	1.725E-01	32M1I3M6D10M2I3M11D4M3D23M1I12M1D3M7I27M3D8M5I6M8I7M22I3M1D5M3D7M7D5M3D14M9D1M2I6M1D23M2D9M8I6M2D5M16I10M21I8M
A0A1V9YEL7_taxID_1202772_model_A	ref_2Y9W_Abisporus	28	301	958	2	323	1.805E-01	7M3D17M2D8M3D9M15D25M1D3M14D7M1D7M5D2M5D4M24I3M1I6M1D9M3D13M2I4M3I6M1D10M4D5M6D8M2I5M5D9M4D9M10D8M1D25M10I5M1I7M7D10M
A0A9P8RKW4_taxID_152316_model_A	ref_PmTYR_A	12	179	193	68	246	6.256E-01	10M13D11M2D8M1I13M8I8M1D8M6I5M1D6M2D6M6I15M10D15M2D15M1D27M
A0A9P8RKW4_taxID_152316_model_A	ref_1JS8_squid	22	180	193	91	208	4.318E-01	5M3I7M2D7M14I8M18I5M2I8M2I8M5I20M4I11M4D8M1D24M
A0A9P8RKW4_taxID_152316_model_A	ref_5CE9_Jregia	132	175	193	234	284	2.024E-01	4M1I12M7D3M1D24M
A0A9P8RKW4_taxID_152316_model_A	ref_2Y9W_Abisporus	6	178	193	98	294	3.277E-01	16M5D4M7I4M1I3M6I9M1D13M3D5M2D10M4D5M2I11M1D12M6D6M9D10M5I6M3D5M10D11M1D22M
A0A9P8RKW4_taxID_152316_model_A	ref_1BT3_Ibatatas	133	177	193	236	287	2.101E-01	3M1I9M7D10M1D22M
A0A8B8D4J3_taxID_6565_model_A	ref_PmTYR_A	105	368	986	6	287	2.375E-01	28M5I9M2D6M7D26M1I33M1I2M6D8M4D8M3D6M3D16M1I6M4I4M5D10M6D39M3I26M1I10M2I9M
A0A8B8D4J3_taxID_6565_model_A	ref_1JS8_squid	105	369	986	2	261	2.023E-01	29M2I11M3I3M13D32M1I6M1I9M1I6M11I3M1I4M2D10M6D2M6I8M1I4M7I7M2I15M4D40M2I3M1I17M3I4M12D10M
A0A8B8D4J3_taxID_6565_model_A	ref_1BT3_Ibatatas	104	371	986	46	332	1.892E-01	40M8D1M4D35M1D9M14I6M4I6M6D12M3D17M8D18M7D5M1I6M1D10M4D7M3D22M4I6M7I9M2D8M4D8M2I11M
A0A8B8D4J3_taxID_6565_model_A	ref_2Y9W_Abisporus	105	369	986	2	351	1.981E-01	6M2D22M2I3M2D9M3I4M18D15M5D6M14D10M1I5M2I8M5I4M4D5M3D4M6D5M8D7M3D8M1I6M15D14M1I6M2D21M10D30M3I3M7D13M2I1M3D8M1D2M4D3M1I5M1I10M
A0A8B8D4J3_taxID_6565_model_A	ref_5CE9_Jregia	104	370	986	45	333	1.813E-01	43M12D22M6D6M5I9M2I5M2D13M1I14M10I5M1I2M5D5M6D18M8D5M2I6M1D11M4D6M3D23M15I7M2I6M5D3M10D8M2I10M
A0ABP0NNP7_taxID_1381693_model_A	ref_2Y9W_Abisporus	233	510	895	1	351	2.521E-01	7M2D22M3I3M2D12M15D34M5D3M8D10M2I5M5D14M2D2M8D2M7D10M1D3M1D3M6D12M2D10M1D10M5I2M7D15M1D2M9D33M8D7M11I4M3D13M1D19M
A0ABP0NNP7_taxID_1381693_model_A	ref_1JS8_squid	233	511	895	1	262	2.185E-01	29M2I6M1I9M10D29M6I12M9D8M8I3M2I3M7I14M4I4M1I13M2D5M10I15M4D31M16I6M8D16M7D19M
A0ABP0NNP7_taxID_1381693_model_A	ref_PmTYR_A	234	509	895	6	287	2.013E-01	25M6I13M7D2M3D3M1I22M4I3M2I11M1D5M4D8M8D3M6D4M3I2M3D5M10D8M2I7M3I3M10I6M4D1M1D1M2D5M6D6M5I42M5D4M15I3M2D10M5I18M
A0ABP0NNP7_taxID_1381693_model_A	ref_1BT3_Ibatatas	233	512	895	46	332	2.138E-01	35M1I9M3I3M15D25M3I3M1I11M2I14M6D8M3D7M4I18M3D10M2I4M2D17M1D11M7D31M3D1M19I8M5D1M5I3M2D21M
A0ABP0NNP7_taxID_1381693_model_A	ref_5CE9_Jregia	227	512	895	40	334	2.169E-01	4M1I36M1I8M3I4M15D27M4I12M2I12M7D3M1I5M3D10M1I25M6I11M1I2M7D6M1D10M7D32M2D1M4D1M19I8M3I3M3D5M2D19M
A0A2G8L6J4_taxID_307972_model_A	ref_PmTYR_A	533	775	809	6	293	2.719E-01	27M2I1M1I10M12D2M2I41M2D36M6D3M2D6M1D5M2D16M10D10M6D13M1D27M5D11M1D15M1I10M3D4M
A0A2G8L6J4_taxID_307972_model_A	ref_1JS8_squid	533	771	809	2	259	2.292E-01	40M11D43M3I16M3D7M14I8M2D6M2I34M4D6M1D21M11D7M5I12M2D7M9D8M
A0A2G8L6J4_taxID_307972_model_A	ref_1BT3_Ibatatas	490	778	809	10	335	2.239E-01	11M6I9M3I10M3D35M2D11M7D2M6D24M2D15M10D1M1D10M8I2M3I6M11I8M1I12M4D2M15D5M6D9M1D12M7D5M1D30M2I7M2D5M5D10M1I13M
A0A2G8L6J4_taxID_307972_model_A	ref_5CE9_Jregia	493	778	809	11	337	1.973E-01	11M11D10M16I33M2D12M7D2M2D2M4D25M2D11M8I2M4I4M3I11M1I8M3D5M2I10M7I21M21D9M23D34M1D5M7D14M1I15M
A0A2G8L6J4_taxID_307972_model_A	ref_2Y9W_Abisporus	532	771	809	1	349	2.118E-01	10M2D22M2D9M17D3M2I5M1D18M14D6M5D9M8I11M8D1M3D13M12D26M2D6M13D5M9D5M1D13M10D4M1D27M2I7M8D2M8D8M6D11M1I6M
A0A8S3S1J4_taxID_6550_model_A	ref_PmTYR_A	122	381	888	6	286	2.505E-01	28M5I9M13D2M4I59M1I2M6D8M5D3M3D10M3D20M2I7M5D7M5D2M1D8M3I49M3I15M2I11M
A0A8S3S1J4_taxID_6550_model_A	ref_1JS8_squid	122	384	888	2	262	2.201E-01	32M2I8M13D2M3I39M8D6M1D5M3I7M17I9M2I5M2D14M7I22M1D39M3I13M12D12M2I11M
A0A8S3S1J4_taxID_6550_model_A	ref_5CE9_Jregia	119	383	888	43	332	2.109E-01	49M9D3M3D25M2D12M5I7M4D16M7I19M7D4M2D4M1D4M1I2M5D13M4D10M4D35M2D2M7I2M2I4M6D4M2I7M2D8M2I9M
A0A8S3S1J4_taxID_6550_model_A	ref_1BT3_Ibatatas	118	385	888	43	332	2.143E-01	34M3D12M13D4M4I24M2D12M4D4M6I8M1D13M7I17M8D9M12D11M3I3M1D11M4D29M4I9M4I10M2D7M2D6M2I15M
A0A8S3S1J4_taxID_6550_model_A	ref_2Y9W_Abisporus	121	383	888	1	349	2.167E-01	7M2D25M3I2M3D6M6D4M9D18M5D6M14D12M2I9M1I19M9D9M1D8M11D12M14D5M1D9M3D22M1I2M8D34M7I3M7D7M8D5M3D8M1I9M3I4M
Q7YWB1_taxID_6610_model_A	ref_1JS8_squid	2	175	303	96	261	5.363E-01	39M8I127M
Q7YWB1_taxID_6610_model_A	ref_PmTYR_A	17	174	303	129	287	3.494E-01	5M3D9M3D5M8I5M5D2M2I12M6D2M4D8M6D11M4I31M2I11M2D13M12I16M
Q7YWB1_taxID_6610_model_A	ref_2Y9W_Abisporus	4	120	303	131	294	2.823E-01	12M7D1M7D5M1D2M8D5M1D17M5D19M1I4M10D1M3D17M7D1M1I31M
Q7YWB1_taxID_6610_model_A	ref_5CE9_Jregia	33	186	303	168	338	3.244E-01	3M2D15M8D10M4D7M16D3M1I15M1D2M2D31M2D2M7I16M2I3M8I1M5D17M5I6M
Q7YWB1_taxID_6610_model_A	ref_1BT3_Ibatatas	70	119	303	234	287	1.554E-01	5M1D8M1I1M2D4M2D31M
A0A0V1AAJ2_taxID_990121_model_A	ref_PmTYR_A	150	452	838	1	287	2.743E-01	33M5I9M2D5M2D2M5D13M12I4M21I41M1I2M6D8M1D4M1I8M3D11M1D16M5D5M1D8M1D6M5D36M5I14M1I23M2I7M
A0A0V1AAJ2_taxID_990121_model_A	ref_1JS8_squid	154	453	838	1	261	2.350E-01	32M2I14M4D3M6D11M7I4M26I19M2I17M11I6M1I3M2I12M3D3M5I13M4I21M4D29M5I14M1I14M12D7M1D4M3I5M
A0A0V1AAJ2_taxID_990121_model_A	ref_5CE9_Jregia	146	453	838	39	332	2.090E-01	5M3I9M1D34M12D19M12I4M19I21M2I4M4D5M3I18M1I9M10I9M1D3M3D6M3D6M20D4M9I10M7D30M3D3M8I6M3I4M4D22M2I5M
A0A0V1AAJ2_taxID_990121_model_A	ref_2Y9W_Abisporus	157	453	838	2	351	2.293E-01	7M4D38M6D4M9D11M7I4M3D4M3D10M11I3M1I5M1I11M3I24M9D8M6D7M1D12M3I5M16D15M8D4M2I13M10D34M6I5M3D1M5I4M10D12M5D6M1I10M
A0A0V1AAJ2_taxID_990121_model_A	ref_1BT3_Ibatatas	144	455	838	35	332	2.241E-01	19M1D34M12D19M12I5M21I6M2D18M2D9M2I2M1I12M1I6M11I6M1I7M6D11M2D7M11D5M1D11M7D34M8I7M2I3M3D22M2I8M
A0A812BCK9_taxID_158019_model_A	ref_PmTYR_A	101	361	866	3	286	2.658E-01	4M1D24M1I2M4I9M4D6M5D62M5D8M2D3M6D10M3D20M2I9M1D8M10D41M2I4M3I31M2I6M
A0A812BCK9_taxID_158019_model_A	ref_1JS8_squid	103	363	866	2	261	2.364E-01	29M2I11M10D44M1D5M1I4M2I5M11I10M2D8M6D1M6I15M7I20M4D38M2I4M3I9M12D15M2I7M
A0A812BCK9_taxID_158019_model_A	ref_5CE9_Jregia	99	365	866	42	334	2.185E-01	48M12D31M2D9M2I3M3I6M4D16M7I14M2D12M8D6M2I5M2D8M8D13M7D41M10I4M5D6M2D10M2I9M
A0A812BCK9_taxID_158019_model_A	ref_2Y9W_Abisporus	112	363	866	13	351	2.117E-01	17M1D7M2D11M14D2M2I16M5D6M14D23M7I4M4D5M3D4M6D9M1D4M8D5M1I7M18D8M1D8M4D5M2I1M1D15M10D33M11I6M3D4M11D5M6D12M1D4M3I5M
A0A812BCK9_taxID_158019_model_A	ref_1BT3_Ibatatas	102	365	866	46	332	2.194E-01	43M1D1M1D6M10D26M2D13M2D11M2I2M1I14M7I16M8D6M6D5M6D8M3I4M1D11M7D30M4I4M4I5M5I5M4D6M3D11M2I9M
H6UTE2_taxID_1136445_model_A	ref_PmTYR_A	48	167	167	6	93	4.162E-01	19M1I3M17I7M8I13M2I5M2I33M2I8M
H6UTE2_taxID_1136445_model_A	ref_1BT3_Ibatatas	46	167	167	45	144	4.469E-01	28M7I7M13I12M2D12M4I39M
H6UTE2_taxID_1136445_model_A	ref_5CE9_Jregia	32	166	167	15	142	4.106E-01	11M2D6M13D25M7I14M14I8M1D5M2D5M4I36M
H6UTE2_taxID_1136445_model_A	ref_1JS8_squid	47	167	167	1	93	3.705E-01	30M12I6M7I1M10I4M3D39M2I10M
L8X5T2_taxID_983506_model_A	ref_PmTYR_A	172	386	437	10	240	4.216E-01	23M6I15M10D41M2D11M1I9M1D11M1I6M2D6M1D6M3D3M6I2M5I15M10D9M5D17M1D22M
L8X5T2_taxID_983506_model_A	ref_1JS8_squid	172	394	437	6	208	3.358E-01	28M6I6M5I2M19D35M7I4M9I14M4I1M1D8M1I6M6I5M3I4M2I22M1I11M4D33M
L8X5T2_taxID_983506_model_A	ref_1BT3_Ibatatas	172	386	437	51	283	3.378E-01	23M1I21M13D25M2D27M16I7M2I7M1D10M3I21M15D4M1D21M7D8M1D19M
L8X5T2_taxID_983506_model_A	ref_5CE9_Jregia	172	386	437	50	282	2.755E-01	23M1I15M19D6I16M1D10M1D11M8I2M5I3M3I14M4D5M3I7M2I2M1D11M3D3M12D4M2D2M6I5M1D23M4D5M4D20M
L8X5T2_taxID_983506_model_A	ref_2Y9W_Abisporus	183	383	437	76	297	1.879E-01	5M1D6M7I10M5I7M11I13M1I6M3D35M6D22M3D4M2D3M1I27M2D2M7D11M10D6M4D5M8D14M
A0A388KR59_taxID_69332_model_A	ref_5CE9_Jregia	111	414	576	2	339	4.722E-01	10M3D5M5D7M1I9M1D9M2I41M1D1M6D6M3I64M17D2M3D8M4I20M7D23M2D73M1I15M
A0A388KR59_taxID_69332_model_A	ref_1BT3_Ibatatas	110	412	576	1	335	4.711E-01	11M5D5M5D6M1I23M2I37M1I4M4D3M1D66M20D12M4I17M7D24M2D36M2I1M1I33M1I13M
A0A388KR59_taxID_69332_model_A	ref_2Y9W_Abisporus	146	407	576	1	351	3.392E-01	42M4I6M14D3M3I29M9D3M8D8M7D4M24D4M3D9M3D6M1D2M7D13M3D12M4I3M2D11M3D13M1D5M4D30M1D5M4D8M8D4M1D9M2I11M1I8M
A0A388KR59_taxID_69332_model_A	ref_1JS8_squid	147	408	576	2	262	3.211E-01	9M2I20M2I8M4I2M6D35M2I16M2I7M2D8M10D6M3D11M4I4M9I2M1D2M7I5M1D10M1I43M5D8M2I2M11D6M4I9M1I9M
A0A388KR59_taxID_69332_model_A	ref_PmTYR_A	139	420	576	1	297	2.805E-01	4M3I7M3I32M1I15M2I23M2I13M2D3M4I8M36D3M7D5M3D10M3I6M6D4M7I5M7I4M5D13M5I36M1D4M4D5M2I7M5I7M1I8M4I11M
A0A225WNQ8_taxID_4795_model_A	ref_PmTYR_A	29	215	503	6	246	2.394E-01	37M1D4M2D13M24D8M6D13M2D2M1I2M5D7M4I2M8I2M12D4M7I9M8D12M7D9M6D17M1D26M
A0A225WNQ8_taxID_4795_model_A	ref_1JS8_squid	29	296	503	2	259	2.569E-01	16M3D24M12I6M14I6M2I1M1I4M11D15M2I9M2D4M1D4M29D24M1I11M4D8M1D28M2I16M6I6M5I1M8I7M5I14M3I3M
A0A225WNQ8_taxID_4795_model_A	ref_2Y9W_Abisporus	90	262	503	138	335	1.903E-01	11M1D6M4I5M2I4M5D6M1D8M7I2M12D7M6D12M11D3M2D3M4I8M10D11M1D22M13I12M7D17M1I5M
A0A225WNQ8_taxID_4795_model_A	ref_5CE9_Jregia	174	211	503	239	284	6.991E-02	10M1D5M7D23M
A0A225WNQ8_taxID_4795_model_A	ref_1BT3_Ibatatas	170	242	503	236	310	8.349E-02	12M4D7M4D26M5D7M11I10M
A0A420MD28_taxID_5507_model_A	ref_2Y9W_Abisporus	315	527	528	134	280	1.967E-01	4M1D8M3I5M3I14M9I7M8I3M8I10M4I14M7I5M10I6M8I7M5I19M1I19M1I25M
A0A420MD28_taxID_5507_model_A	ref_PmTYR_A	489	527	528	204	231	5.290E-02	9M11I19M
A0A420MD28_taxID_5507_model_A	ref_1JS8_squid	442	527	528	131	192	9.411E-02	18M17I23M4I4M3I17M
A0A420MD28_taxID_5507_model_A	ref_5CE9_Jregia	427	527	528	178	273	1.121E-01	3M3I19M2D10M4I6M3D7M1I8M2D9M4I27M
A0A420MD28_taxID_5507_model_A	ref_1BT3_Ibatatas	426	527	528	180	274	1.112E-01	20M2I2M1I11M4I6M3D7M1I8M2D10M4I26M
A0A7S3EYR7_taxID_156174_model_A	ref_1JS8_squid	196	517	927	1	262	1.961E-01	31M7I2M2I9M5D27M4I8M1I2M1I11M9D7M4I3M38I24M5I12M5D2M13I2M2I21M5D21M7I3M3D10M5D8M5I8M2I7M1I12M
A0A7S3EYR7_taxID_156174_model_A	ref_2Y9W_Abisporus	196	516	927	1	351	2.439E-01	10M1D19M1I3M4I4M1I8M1I5M7D4M4D31M13D14M2I5M5D15M16I4M1D8M1D11M7D2M1D4M6D13M2D9M1D31M10D7M1D27M13I8M1I8M11D14M2I16M
A0A7S3EYR7_taxID_156174_model_A	ref_PmTYR_A	194	523	927	1	297	1.962E-01	3M2D26M5I2M7I9M3D3M3D7M2I23M4I5M2I11M10I2M5I10M10D11M3D3M6D24M11I7M2I5M1I7M6I2M1D5M10D16M1D25M3D2M18I4M1I3M2D8M5I19M2D9M
A0A7S3EYR7_taxID_156174_model_A	ref_1BT3_Ibatatas	184	518	927	32	332	1.911E-01	12M2D21M2D4M5I4M3I4M2D3M1D6M1D2M5D6M3I26M3I3M1I13M2I10M7I3M16I5M3D6M1D16M2D8M6I25M3D4M2D13M4D4M1I6M5D18M19I4M2I8M12I1M3D5M7D1M3D14M
A0A7S3EYR7_taxID_156174_model_A	ref_5CE9_Jregia	180	518	927	16	334	1.960E-01	6M10D9M3D36M3I2M1I6M1D3M6D8M3I23M3I7M1I10M2I12M5I3M18I5M8D16M2I19M6I17M3D5M2D19M8D26M12I6M6I6M7D2M10I1M5D6M1I13M
A0AAV9NER1_taxID_1690606_model_A	ref_2Y9W_Abisporus	1	275	508	68	350	4.907E-01	57M3D4M3D5M1D11M1D13M2I10M2I13M1I40M5D2M6I16M2D2M6D66M1I5M1I18M
A0AAV9NER1_taxID_1690606_model_A	ref_1JS8_squid	1	277	508	59	262	2.921E-01	16M20I9M1D11M1D11M3I6M9I5M13I4M1I11M4I6M8I7M4I5M2I5M9I14M1D3M1D30M2D5M4I8M6I10M1I8M5D19M
A0AAV9NER1_taxID_1690606_model_A	ref_PmTYR_A	2	274	508	60	286	2.418E-01	18M19I27M4D3M5D1M6D5M1D3M10D6M1I6M1I5M12I2M1I2M2I3M10I5M7I7M5D5M3I14M3I10M2I36M10I10M2D9M8I17M
A0AAV9NER1_taxID_1690606_model_A	ref_5CE9_Jregia	2	277	508	108	333	2.588E-01	4M1D4M1I11M16I8M1I11M2D10M4I4M5I5M1I9M2D7M13I13M10I8M1I2M2D4M4I12M7D3M1D10M5D34M2D5M5D2M1D3M5I8M17I21M
A0AAV9NER1_taxID_1690606_model_A	ref_1BT3_Ibatatas	2	278	508	109	332	2.649E-01	20M16I8M1I10M1I2M3D9M4I3M9I2M4I12M8I18M2I4M4I8M1I3M2D6M8D4M5I6M1D11M5D34M4D7M1D3M5I8M17I22M
ref_5CE9_Jregia	ref_5CE9_Jregia	1	339	339	1	339	1.000E+00	339M
ref_5CE9_Jregia	ref_1BT3_Ibatatas	1	337	339	1	335	9.589E-01	11M2D29M1I145M2I5M2D95M3I46M
ref_5CE9_Jregia	ref_1JS8_squid	46	333	339	2	262	5.621E-01	31M2I6M4I4M2D8M2I5M2D21M2I17M1I12M1D3M9D5M21I10M3I7M2D5M1I2M15I5M1D10M1I5M2I31M2I2M7D13M9D8M4I18M
ref_5CE9_Jregia	ref_PmTYR_A	46	330	339	6	286	4.896E-01	26M5I14M2I2M1I4M1I6M1D25M2I12M5D3M12D13M1D5M3D22M2D9M2I11M9D10M8I3M7I11M7I30M2I8M7D6M7I21M
ref_5CE9_Jregia	ref_2Y9W_Abisporus	43	332	339	1	351	5.477E-01	45M1D5M7I9M5D2M4D23M17D11M7D4M3I9M15D4M7D13M1I17M7D13M1I9M1D1M3I9M3I15M2I4M5D38M5D5M8D6M1D9M2I17M
A0A384K0M5_taxID_332648_model_A	ref_PmTYR_A	91	369	371	6	286	5.975E-01	28M8I14M10D29M1I12M2D24M6I10M2D11M1I13M5I1M2D15M10D10M5D13M1D31M9I8M4D5M4I21M
A0A384K0M5_taxID_332648_model_A	ref_1JS8_squid	91	320	371	2	207	4.132E-01	29M9I2M1D7M9D2M5D33M1I6M3I8M5I1M5I5M9I4M2I5M1I8M2I1M2I8M1D4M5I28M2I2M5D5M1D26M
A0A384K0M5_taxID_332648_model_A	ref_1BT3_Ibatatas	84	371	371	40	328	4.580E-01	41M3I14M13D27M1D11M8D5M1I7M5I6M8I6M5I10M8I12M3I8M2D5M18D13M6D9M2I27M13I12M3D18M2I7M
A0A384K0M5_taxID_332648_model_A	ref_5CE9_Jregia	88	371	371	43	332	4.404E-01	36M3I9M2I4M15D27M2D3M1I7M12I5M3I9M7I25M4D12M4I9M2D2M1D3M9D3M4D3M4D5M5I2M5D5M4D25M10I17M3D26M
A0A384K0M5_taxID_332648_model_A	ref_2Y9W_Abisporus	91	369	371	2	349	4.510E-01	9M2D18M1I4M5I8M2I4M21D22M13D6M5D9M7I5M1I17M2I4M7D6M2I12M5D11M4D8M3D4M3D6M1D5M10D4M2D5M1D4M6D13M1D27M7D2M6I7M2D9M4D4M2I18M
A0A8S3S028_taxID_6550_model_A	ref_PmTYR_A	122	381	919	6	286	2.433E-01	28M5I9M13D2M4I59M1I2M6D7M2D4M6D11M3D19M2I7M5D7M5D2M1D8M3I49M3I13M1I10M1I3M
A0A8S3S028_taxID_6550_model_A	ref_1JS8_squid	122	384	919	2	262	2.149E-01	32M2I8M13D2M3I39M8D6M1D5M3I7M17I9M2I5M2D14M7I22M1D59M9D8M2I11M
A0A8S3S028_taxID_6550_model_A	ref_5CE9_Jregia	119	383	919	43	332	2.007E-01	49M9D3M3D25M2D12M5I7M4D19M11I13M11D3M2D4M1D4M1I2M5D13M4D10M4D33M14I17M13D9M2I9M
A0A8S3S028_taxID_6550_model_A	ref_1BT3_Ibatatas	117	385	919	42	332	2.095E-01	34M1D4M2D9M13D4M4I24M2D12M4D4M6I8M1D11M9I16M10D10M12D11M3I3M1D11M4D32M4I6M4I10M2D7M2D6M2I15M
A0A8S3S028_taxID_6550_model_A	ref_2Y9W_Abisporus	121	383	919	1	349	2.123E-01	7M2D18M1I7M2I2M3D6M6D4M9D18M5D6M14D12M2I9M1I19M9D9M1D5M9D1M4I3M6D7M14D5M1D9M3D22M1I2M8D34M7I3M7D6M5D8M6D6M1I9M3I4M
B2ZB02_taxID_1404_model_A	ref_PmTYR_A	1	297	297	1	297	1.000E+00	297M
B2ZB02_taxID_1404_model_A	ref_1JS8_squid	6	287	297	2	260	6.103E-01	10M3D28M1D6M1I9M1D38M1D9M3I3M16I6M3I8M3I4M10I2M7D13M10I8M2I2M4I11M4D31M2D7M3I8M1D8M12D16M
B2ZB02_taxID_1404_model_A	ref_1BT3_Ibatatas	1	293	297	41	331	5.899E-01	4M1D27M5D14M7D3M2I6M2I25M2D21M5D7M26I20M4I5M8D9M3D2M11D3M1D3M8I5M5I11M7D32M2I7M6I6M2D5M5D16M4I3M
B2ZB02_taxID_1404_model_A	ref_2Y9W_Abisporus	6	286	297	2	349	5.574E-01	9M2D14M5D25M5D6M1D21M14D4M5D11M10I21M10I11M5D10M7D4M3D3M21D8M1D4M5I8M5D8M6I9M10D39M3D7M3D2M2D9M6D17M
B2ZB02_taxID_1404_model_A	ref_5CE9_Jregia	1	286	297	37	330	5.402E-01	5M4D26M5D14M2D2M1D4M1D6M1I25M2D12M5I3M12I13M1I5M3I22M2I9M2D11M9I10M8D3M7D11M7D30M2D8M1D4M1D2M3I3M1D22M
ref_A0A9N8ELP9_oomycota	ref_PmTYR_A	24	399	412	6	290	5.140E-01	23M10I5M4I13M3D6M2D28M1I8M4D4M3D10M1D7M2I12M1D2M12I6M10I2M9I8M3I6M3D10M2I4M5D1M5D9M3D1M1I12M9I35M21I19M30I4M4I6M2D5M5I7M
ref_A0A9N8ELP9_oomycota	ref_1JS8_squid	25	355	412	3	261	4.045E-01	28M9I2M2I9M2D10M4D27M1I12M8I5M1I2M3I10M16I7M8I4M12I6M1I7M2I8M2I12M5I2M1D10M1D7M6I32M6I3M8D5M4I3M1D11M1I8M2I12M
ref_A0A9N8ELP9_oomycota	ref_2Y9W_Abisporus	24	330	412	2	334	4.412E-01	9M2D19M8I13M1I6M10D7M1D22M1D4M17D16M10D15M3I11M3D9M29I11M10D25M9D6M6I2M3D16M1D37M6I3M2D6M2D5M8D12M
ref_A0A9N8ELP9_oomycota	ref_1BT3_Ibatatas	2	294	412	9	286	3.872E-01	4M1D6M6D5M9D36M8I3M1I16M8D35M1D5M3D2M2D3M2I6M14I3M1I7M14I6M1D5M9I10M4I7M2I13M4D15M3D2M4D17M2I30M
ref_A0A9N8ELP9_oomycota	ref_5CE9_Jregia	1	293	412	30	284	3.657E-01	8M1I7M6I30M8I3M1I16M8D35M1D8M1I11M5I4M6I11M10I7M3I3M5I11M7I5M3I30M11D7M10I7M8D24M
A0A851T2B4_taxID_1977171_model_A	ref_PmTYR_A	127	465	522	6	294	4.790E-01	21M19I7M9I18M1I3M3I29M2I15M5D13M1D9M1I5M2D9M12I19M1D37M5I2M3I47M1I21M2I7M1I18M
A0A851T2B4_taxID_1977171_model_A	ref_1JS8_squid	127	458	522	2	260	3.576E-01	27M12I5M13I8M4I20M1D18M2I26M13I8M4I1M1I6M8I5M3I3M3D5M5I12M13I11M11I11M4D32M4D3M6I9M1D7M4D7M5D13M
A0A851T2B4_taxID_1977171_model_A	ref_5CE9_Jregia	72	462	522	2	336	3.458E-01	7M2I14M1D11M6I8M4I30M17I7M6I15M3D9M4I38M4I3M5I5M4D6M1I4M8I4M4I8M4D13M9I11M2D8M6I17M2D2M2I11M7D31M2D3M2D8M3D7M10I2M2D6M1I9M1D5M
A0A851T2B4_taxID_1977171_model_A	ref_1BT3_Ibatatas	72	460	522	2	331	3.375E-01	21M1D6M1D8M5I5M7I25M17I12M6I9M1D1M2D14M4I39M25I3M3I1M3I6M2I6M2I6M3I2M4D4M5D7M6D16M2I7M2I28M4D4M3D30M1D10M3D9M8I6M1I14M
A0A851T2B4_taxID_1977171_model_A	ref_2Y9W_Abisporus	127	459	522	2	351	3.423E-01	9M2I15M13I9M9I2M3D14M1D16M1D23M17D13M16I8M1D14M3I5M1D6M11D4M4D3M2D3M2I9M14D11M4I9M2D11M11I8M10D36M5D1M3I6M2D4M3D10M4D8M1I12M
A0A0G4KTS8_taxID_100787_model_A	ref_PmTYR_A	60	404	405	7	286	4.419E-01	23M9I4M4I12M5I9M18I6M6I5M13D9M1D10M2D6M2I13M26I16M3D3M6I2M3I3M1D6M2D17M1I4M10D10M1I1M1I17M1I34M8I17M4I15M2I6M
A0A0G4KTS8_taxID_100787_model_A	ref_2Y9W_Abisporus	59	389	405	1	336	3.889E-01	5M4D8M1I13M4I4M11I9M1I2M3D15M3D7M13D12M1I3M2I2M5D8M3I26M5I5M2I11M10I14M7I9M2I3M7D11M6D13M2I9M1D7M3D13M9D34M3I3M1D14M2D5M2I2M4D8M
A0A0G4KTS8_taxID_100787_model_A	ref_1JS8_squid	58	404	405	1	259	3.444E-01	31M7I2M10I31M5D8M13I10M1D7M25I10M2I6M9I4M14I2M2I6M3I7M1I4M4I8M3D9M7I5M1I13M3D33M3D5M5I6M6I5M3D7M6D5M4D4M7I3M
A0A0G4KTS8_taxID_100787_model_A	ref_5CE9_Jregia	58	405	405	45	331	3.070E-01	34M8I9M32I2M5I7M11I8M11D11M12D5M1D6M5I3M2D14M2D7M7I5M6I12M14I4M3I13M3I3M6D12M5D10M6D30M6I14M7I5M3D18M2I7M
A0A0G4KTS8_taxID_100787_model_A	ref_1BT3_Ibatatas	58	405	405	46	329	3.289E-01	34M8I10M27D7M19I11M13I2M5I6M7I2M1I4M2D2M1I4M6D8M9I6M5I2M9I4M6I12M12I6M3I14M3I4M6D11M2D5M3D6M6D31M3D3M1D6M1I10M16I11M2I7M
A0A4S8M8C5_taxID_1314807_model_A	ref_PmTYR_A	21	334	337	1	286	6.423E-01	4M1D2M2I24M9I2M9I14M10D25M1I16M2D11M3I11M1I9M2I5M6D4M1D6M2D5M4I3M3I15M9D1M1I7M3D1M3D12M13I33M9I13M2I7M4I13M2I6M
A0A4S8M8C5_taxID_1314807_model_A	ref_1JS8_squid	27	334	337	2	259	4.987E-01	26M12D7M1D5M4I6M13I31M1I6M7I12M5I2M8I14M1I7M11I4M1I11M2D21M8I13M1I28M5I12M6I7M3D8M5D9M2I6M
A0A4S8M8C5_taxID_1314807_model_A	ref_5CE9_Jregia	21	337	337	40	333	5.057E-01	32M14I3M5I2M3D12M16D26M2D4M1I6M7D15M7I2M16I9M4I17M1I4M3D11M1D3M9D3M5D15M6I41M11I8M5I5M1D9M2D9M2I9M
A0A4S8M8C5_taxID_1314807_model_A	ref_1BT3_Ibatatas	18	337	337	38	331	4.411E-01	35M14I3M3I1M4D11M7D3M6D27M1D13M8D4M1I7M2D5M6D7M23D6M5I3M11I13M1D4M26I11M10I7M2D4M2D24M14I9M5I10M3D13M2I9M
A0A4S8M8C5_taxID_1314807_model_A	ref_2Y9W_Abisporus	26	336	337	1	351	5.165E-01	10M2D17M15D23M12I22M13D6M5D19M5D6M6I2M1D7M1I13M2D6M7D3M3I9M3D7M6D11M1I2M2D2M8D17M5I4M2I3M4D31M3I5M5D3M2I5M4I5M1D6M2D18M2I8M
A0A7W8KIV5_taxID_1141878_model_A	ref_PmTYR_A	1	210	899	1	242	2.011E-01	25M1D7M8I9M2I7M9D37M5D4M2D16M6D4M1D5M5D5M1I7M5D25M3D9M6D39M
A0A7W8KIV5_taxID_1141878_model_A	ref_1JS8_squid	7	274	899	3	258	2.084E-01	25M18D10M14I44M2D4M10I12M2D12M5I1M3D12M3I24M4D28M2I7M2D2M4I16M4I18M2D6M3I2M
A0A7W8KIV5_taxID_1141878_model_A	ref_5CE9_Jregia	7	268	899	47	326	1.922E-01	25M2I16M5I3M11D1M4D25M2D11M7I8M5D7M1D2M1D3M2I4M1I12M1D6M5D18M10D2M3D4M1D11M7D34M10I11M1D5M11I5M1D5M3D6M
A0A7W8KIV5_taxID_1141878_model_A	ref_1BT3_Ibatatas	6	210	899	47	285	1.661E-01	25M3D3M2I3M3I17M10D24M2D12M7I7M2I4M1D10M2D6M1D2M2I11M14D15M6D6M3D5M1D9M7D30M
A0A7W8KIV5_taxID_1141878_model_A	ref_2Y9W_Abisporus	6	265	899	2	339	1.697E-01	9M2D17M3D4M5I9M6I4M19D23M19D17M3I5M7I7M2D2M3D4M6D10M1D7M37D5M4I7M8D20M10D31M17I19M12D6M2I10M
A0ABR1D606_taxID_51031_model_A	ref_PmTYR_A	63	172	907	167	275	8.558E-02	14M6I8M3D3M10D40M2D3M7I9M2I10M1I7M
A0ABR1D606_taxID_51031_model_A	ref_5CE9_Jregia	65	135	907	199	288	5.761E-02	12M11D3M1D24M7D32M
A0ABR1D606_taxID_51031_model_A	ref_2Y9W_Abisporus	57	133	907	199	293	5.984E-02	10M3D10M5D23M10D34M
A0ABR1D606_taxID_51031_model_A	ref_1JS8_squid	57	182	907	134	258	9.048E-02	20M9I18M4D31M5I6M2I19M4D2M7D14M
A0ABR1D606_taxID_51031_model_A	ref_1BT3_Ibatatas	57	136	907	199	290	6.026E-02	19M7D10M1D2M2I4M1I7M7D35M
ref_5M8L_human	ref_PmTYR_A	48	360	361	6	266	6.199E-01	26M19I3M9I12M2I10M3I27M2I12M4D3M1D13M1D9M1I5M2D9M12I18M3I39M5I2M3I45M3D2M4I15M
ref_5M8L_human	ref_1JS8_squid	47	339	361	1	207	4.022E-01	27M11I2M5I4M9I5M5I5M2D5M1D8M2I21M2I18M11I5M2I11M4I2M1I3M4I7M7I12M6I12M10I7M4I3M10I12M4D31M
ref_5M8L_human	ref_1BT3_Ibatatas	46	337	361	45	287	3.860E-01	29M2I1M8I3M5I3M8I9M5I9M2D6M1D39M2I10M1I1M5I3M5I2M2I4M1D5M12I14M6D7M7I14M2I6M5I5M2I9M5D9M3D4M4D29M
ref_5M8L_human	ref_5CE9_Jregia	2	335	361	1	284	3.678E-01	8M3I32M2D30M10I4M5I3M8I20M3I6M1D39M25I4M6I10M2I2M3I4M1I2M1I5M26I7M11D10M8D6M9D10M5D8M3D4M4D27M
ref_5M8L_human	ref_2Y9W_Abisporus	47	338	361	1	294	3.488E-01	17M2D10M10I8M13I8M2I12M6D1M4I6M1D11M4D12M13D12M16I9M1D16M6I10M1D4M4D14M8D3M16D7M21I17M8D8M6D2M4D33M
A0A5S6QUR5_taxID_70415_model_A	ref_PmTYR_A	85	347	957	1	286	2.308E-01	6M1I24M3I3M2I9M14D1M5I59M1I2M6D10M3D10M1D5M1I7M3D13M5D5M3I8M10D53M1I13M1I3M1I13M
A0A5S6QUR5_taxID_70415_model_A	ref_1JS8_squid	90	349	957	1	261	2.102E-01	31M1D1M3I13M10D37M2I17M11I13M2I5M4I2M3D20M4I18M4D45M1I15M9D11M1D5M
A0A5S6QUR5_taxID_70415_model_A	ref_1BT3_Ibatatas	84	351	957	38	332	2.046E-01	4M2D45M1I6M13D24M2D15M1D3M3I9M11I14M1D2M4I11M11D10M6D5M11D4M1I8M2I1M1I3M7D31M2I3M1I6M6I5M2D7M4D10M1I9M
A0A5S6QUR5_taxID_70415_model_A	ref_5CE9_Jregia	84	349	957	36	332	1.986E-01	4M2D4M1D41M12D32M2D9M2I3M3I6M4D4M12I17M3I9M5D10M8D8M13D1M3I6M1D12M7D30M3I7M3I11M2D4M4D13M1I5M
A0A5S6QUR5_taxID_70415_model_A	ref_2Y9W_Abisporus	90	349	957	1	351	2.026E-01	10M2D38M15D24M14D4M5D9M4D7M11I2M4D10M9D4M3D4M7D5M2I4M4I8M17D8M1D4M3D4M5D7M2I10M10D35M3D14M4D8M5D6M1I15M
A0ABQ9R743_taxID_1209934_model_A	ref_PmTYR_A	30	256	919	6	229	1.921E-01	16M3I12M5I14M10D29M1I12M2D11M3I7M11I4M1D11M2D12M1I5M4I3M2D3M4I13M4D6M5D6M3D3M2D13M1D6M3I6M
A0ABQ9R743_taxID_1209934_model_A	ref_1JS8_squid	29	256	919	1	189	1.551E-01	33M5I8M16D2M5I21M2I3M1D11M22I14M7I4M2I5M1I6M2I7M9I15M1I13M1I13M1D16M
A0ABQ9R743_taxID_1209934_model_A	ref_5CE9_Jregia	25	256	919	39	271	1.438E-01	10M2D27M4I3M1D7M17D2M4I26M1D11M10D5M1D6M1D3M3I2M17I8M2I4M3I7M9I1M9I5M2I5M2D11M14D29M5D7M
A0ABQ9R743_taxID_1209934_model_A	ref_1BT3_Ibatatas	30	149	919	47	189	9.521E-02	29M4I7M1D11M13D27M1D10M11D15M1I8M2D8M
A0ABQ9R743_taxID_1209934_model_A	ref_2Y9W_Abisporus	29	256	919	1	279	1.357E-01	10M2D18M1D5M3I3M1I7M5I4M21D18M13D6M5D9M4I10M14I6M1D3M12I15M2D4M1D3M6D1M11D14M9D14M7D8M2D10M10D13M1I7M
A0A0D3J7L5_taxID_280463_model_A	ref_PmTYR_A	138	588	798	7	253	2.412E-01	37M3I3M11D26M8I4M10I11M1I12M52I10M29I4M104I8M2D3M1I5M8I2M3D4M2I29M1I8M7I7M5D15M1D37M
A0A0D3J7L5_taxID_280463_model_A	ref_1BT3_Ibatatas	136	241	798	46	151	9.293E-02	21M7I5M9D11M14D24M16I22M
A0A0D3J7L5_taxID_280463_model_A	ref_1JS8_squid	138	236	798	3	95	9.327E-02	19M2I2M1D3M4D15M9D27M11I2M7I11M
A0A0D3J7L5_taxID_280463_model_A	ref_2Y9W_Abisporus	138	280	798	2	152	1.039E-01	11M2D6M1D8M2D20M17D22M6D7M4I2M1I18M14I2M5I5M2D13M2D5M
A0A0D3J7L5_taxID_280463_model_A	ref_5CE9_Jregia	487	602	798	185	313	8.406E-02	23M2D18M2D4M3I15M4D4M4D24M4D3M2I5M2I6M4D7M
A0A6H0Y3Z6_taxID_286661_model_A	ref_PmTYR_A	559	847	847	2	286	2.713E-01	2M2D22M7I7M3I14M10D24M1I16M2D11M1I13M7I10M2D5M2I5M1D6M1D7M2I2M4I14M13D5M1D4M1D10M1D31M4I5M1D10M2I7M5I3M1D8M1I4M1I4M
A0A6H0Y3Z6_taxID_286661_model_A	ref_1JS8_squid	561	847	847	2	259	2.330E-01	29M11I2M1D6M3I3M17D24M1I13M3I6M2D3M23I6M2I5M1I8M2I7M6I5M2I22M1I11M4D6M1D27M3D2M14I2M6D6M3D8M5D9M2I6M
A0A6H0Y3Z6_taxID_286661_model_A	ref_1BT3_Ibatatas	559	847	847	45	328	2.193E-01	32M1I4M4I9M3D5M10D27M1D13M4D8M3D5M4D1M6I9M18I4M11I2M5I12M3D5M2D8M14D16M10D3M2I27M13I12M3D18M2I7M
A0A6H0Y3Z6_taxID_286661_model_A	ref_5CE9_Jregia	554	847	847	40	330	1.915E-01	8M1I28M1I3M4I9M2I3M4D2M11D26M2D4M1I5M7I4M9I5M4D4M1D6M1I23M17I13M15D9M4D17M4D4M4D25M7D8M1D4M2I7M13I11M2I6M
A0A6H0Y3Z6_taxID_286661_model_A	ref_2Y9W_Abisporus	561	847	847	2	349	2.307E-01	9M2D21M7I5M2D9M16D26M13D5M5D9M4I9M8I9M2I11M7D10M9D5M3I8M2I7M6D4M3D12M8D6M2D9M11D36M4I3M2D9M5D12M2D15M2I6M
A0A9W8XU64_taxID_1932322_model_A	ref_PmTYR_A	71	355	377	13	241	4.472E-01	19M6I2M7I12M4D3M6D17M28I14M1I11M3D5M2I10M4D3M19I9M2D1M1I2M17I4M1I4M1I6M2I7M3D11M12D9M7I3M3D13M1I27M
A0A9W8XU64_taxID_1932322_model_A	ref_2Y9W_Abisporus	29	355	377	4	290	2.922E-01	9M1D14M1I1M2I5M10I1M4I2M4D8M2I6M1D7M2I4M12I15M4I29M1I3M5I12M3I6M4D8M6I15M8I1M2I20M10I2M2I6M10D12M2D11M4I12M7D9M10D2M1I28M
A0A9W8XU64_taxID_1932322_model_A	ref_5CE9_Jregia	51	355	377	33	283	3.363E-01	9M4I8M4D17M4I4M1I5M3I12M9D3M4D13M5I3M23I10M1D10M13I6M5I3M2D2M3I4M13I3M6I6M1D5M2D7M4I5M11I9M3D8M1D6M2D12M6D12M2D1M4D27M
A0A9W8XU64_taxID_1932322_model_A	ref_1BT3_Ibatatas	72	355	377	55	284	3.396E-01	25M8I13M9D2M4D14M5I3M23I10M1D10M7I3M2D2M1I4M6D8M6D11M25I8M26I2M5I3M3D9M6I2M9D9M6D9M1I3M7D27M
B8RHF0_taxID_110108_model_A	ref_PmTYR_A	60	170	174	6	86	3.621E-01	19M1I3M17I7M8I13M2I2M1D4M3I32M
B8RHF0_taxID_110108_model_A	ref_5CE9_Jregia	45	174	174	16	138	3.939E-01	10M2D6M13D25M2I3M8I8M11I11M1D6M3I5M1D32M
B8RHF0_taxID_110108_model_A	ref_1JS8_squid	59	167	174	1	83	3.202E-01	27M8I3M4I6M14I7M2D14M2I24M
D7F7N7_taxID_244424_model_A	ref_1JS8_squid	1	185	528	96	261	3.034E-01	13M6I2M4I26M7I97M2I28M
D7F7N7_taxID_244424_model_A	ref_PmTYR_A	14	192	528	117	296	2.223E-01	1M1I6M1D9M3D9M3D5M2D10M6I12M9D2M1D8M6D16M4I26M2I11M2D10M6I2M8I17M1D8M
D7F7N7_taxID_244424_model_A	ref_2Y9W_Abisporus	3	185	528	128	351	2.344E-01	3M3D7M3D5M1I4M2D8M1D1M2D3M7D13M1I8M11D9M2I4M3I3M10D1M3D13M2D6M4D31M1I4M4D7M3I1M8D11M3I4M5I18M
D7F7N7_taxID_244424_model_A	ref_5CE9_Jregia	82	192	528	238	339	1.584E-01	12M3D34M2D2M7I16M2I3M10I1M5D24M
D7F7N7_taxID_244424_model_A	ref_1BT3_Ibatatas	306	416	528	30	145	1.652E-01	46M2D3M1D7M1D11M1D6M2I25M2D11M
A0A2A6C3B5_taxID_54126_model_A	ref_PmTYR_A	17	162	704	6	148	1.721E-01	42M11I72M4D9M1D1M1D2M2D9M
A0A2A6C3B5_taxID_54126_model_A	ref_1JS8_squid	17	124	704	2	100	1.099E-01	26M3D12M23I4M13D35M2I6M
A0A2A6C3B5_taxID_54126_model_A	ref_1BT3_Ibatatas	3	143	704	33	183	1.310E-01	34M1I6M6D16M6D6M14I24M2D21M9D14M2D5M
A0A2A6C3B5_taxID_54126_model_A	ref_5CE9_Jregia	15	213	704	44	244	9.775E-02	13M17I2M2I15M5D9M5D1M2I1M4D4M4D25M2D9M2I3M4D6M1I1M2I12M1I4M3I4M5I10M1I12M12D25M2D7M
A0A2A6C3B5_taxID_54126_model_A	ref_2Y9W_Abisporus	18	295	704	1	333	1.235E-01	25M6D5M3D7M15I9M10D24M8D3M3D3M8D7M3I18M3I7M6I12M26D25M16D4M6I8M1D5M2I6M3D6M13D19M8I7M1I8M4D10M3I3M1D10M
A0A5N6KW16_taxID_176857_model_A	ref_PmTYR_A	18	227	265	94	255	4.313E-01	6M3D10M2I6M15I7M20I6M2D4M1I4M15I6M1I6M3I4M4D11M1I5M2D15M2D18M1I34M2I7M
A0A5N6KW16_taxID_176857_model_A	ref_1JS8_squid	122	264	265	125	259	2.819E-01	13M2I8M1I9M2I5M10I13M6D6M3I34M2D17M5I12M7D3M
A0A5N6KW16_taxID_176857_model_A	ref_2Y9W_Abisporus	68	264	265	152	349	2.768E-01	7M15I11M7I12M2I3M9I6M21D10M2I3M5D12M5I13M9D33M10D22M2I13M1D4M3I3M
A0A5N6KW16_taxID_176857_model_A	ref_5CE9_Jregia	172	265	265	238	331	2.161E-01	11M6D22M3I29M1I20M2I6M
A0A5N6KW16_taxID_176857_model_A	ref_1BT3_Ibatatas	9	62	265	10	62	7.723E-02	4M4I2M2I34M5D8M
A0A8J4S5S5_taxID_1284355_model_A	ref_PmTYR_A	1	237	339	13	253	4.480E-01	31M4I3M12D28M3I9M6I17M1D7M15D2M1I10M3I7M6I4M3I5M8I4M2I18M6D4M3D3M2D16M1D33M
A0A8J4S5S5_taxID_1284355_model_A	ref_1JS8_squid	2	245	339	10	227	4.308E-01	13M1I5M4D11M5D4M4D31M3I9M11I10M26I4M2I2M3I1M1D5M3D2M2I5M7I3M3D25M1I12M4D5M1D25M3D3M2D13M
A0A8J4S5S5_taxID_1284355_model_A	ref_5CE9_Jregia	1	316	339	53	335	4.894E-01	14M1I3M6D13M7D3M2D3M2D34M1I6M11I3M2I8M14I5M3I6M3D2M7I7M1I21M3D6M1D6M11D2M3D17M7D4M1D22M1I10M5I6M10I2M5I13M15I12M3I9M
A0A8J4S5S5_taxID_1284355_model_A	ref_2Y9W_Abisporus	3	277	339	13	335	4.685E-01	16M5D12M4D2M10D28M16D23M9I11M3I9M1D6M4I5M2I4M5D5M1D9M2D14M3D2M6D12M8D5M2D3M1I9M10D8M1D26M6D6M7I5M5I11M1D7M2I4M
A0A8J4S5S5_taxID_1284355_model_A	ref_1BT3_Ibatatas	2	227	339	55	286	3.957E-01	13M1D4M4D13M14D3M3I30M1I12M5I5M1D4M2I6M3I6M9D7M20I4M8I6M3I3M1I11M5D5M7D3M3D15M3D2M4D5M1D23M
A0A9W4XKP6_taxID_1303443_model_A	ref_2Y9W_Abisporus	78	456	692	1	350	4.534E-01	43M16I41M18I16M1I26M1D10M1D8M1D21M3I18M3I7M1D6M1I28M1I3M5D17M8D37M1I29M3I4M1D18M
A0A9W4XKP6_taxID_1303443_model_A	ref_1JS8_squid	78	458	692	1	262	3.122E-01	13M1I4M1I11M2I11M16I8M5I23M2I5M36I22M4I10M6I3M6I7M6I5M7I8M14I4M4I16M2D4M8I14M1D3M1D31M2D14M11I8M1I8M5D19M
A0A9W4XKP6_taxID_1303443_model_A	ref_PmTYR_A	74	466	692	3	297	2.715E-01	5M2I5M3D22M4I12M26I7M1I3M1I18M38I18M8D10M4D7M2I3M8I12M7I14M1D16M7I5M7I3M1I9M1I2M4D4M6D9M2I37M4I12M5I8M8I28M
A0A9W4XKP6_taxID_1303443_model_A	ref_5CE9_Jregia	71	459	692	38	334	2.529E-01	14M1I12M1I21M8D1M14I4M4I6M5I3M4I15M1I2M17I5M4I6M14I10M22I5M13I11M2I5M1I4M1I8M8D10M4I4M1I8M2D9M2I2M3D3M7D3M1D12M2D7M3D25M2D4M5D5M2D7M7I3M17I20M
A0A9W4XKP6_taxID_1303443_model_A	ref_1BT3_Ibatatas	77	455	692	45	328	2.440E-01	14M1I6M1I21M13I1M3D1M7I2M2I30M2I1M18I7M2I5M14I10M22I4M7I2M6I5M2I10M1I3M12D13M6I16M2D6M3I9M7D2M1D11M5D34M4D11M5I10M17I16M
ref_1JS8_squid	ref_1JS8_squid	1	262	262	1	262	1.000E+00	262M
ref_1JS8_squid	ref_2Y9W_Abisporus	1	261	262	1	351	7.789E-01	10M2D18M2D18M5D34M19D17M5D12M14D9M9D4M1D11M3D4M11D8M1D5M1I1M8D4M3D13M1D3M5D37M4D11M4D17M6I18M
ref_1JS8_squid	ref_PmTYR_A	2	260	262	6	287	6.827E-01	10M3I44M1I38M1I9M3D3M16D6M3D8M3D4M10D3M7I12M10D10M6D11M4I31M2I7M3D8M1I8M12I16M
ref_1JS8_squid	ref_5CE9_Jregia	2	262	262	46	333	7.109E-01	31M2D6M4D4M2I8M2D5M2I21M2D17M1D12M1I3M9I5M21D10M3D7M2I5M1D2M15D5M1I10M1D5M2D31M2D2M7I13M9I8M4D18M
ref_1JS8_squid	ref_1BT3_Ibatatas	2	262	262	47	331	6.952E-01	31M2D6M4D2M2I10M2D5M2I24M2D14M1D9M1I6M3D2M1I1M2I5M11D11M4D13M5I2M17D5M1D9M3D37M8I12M2D1M11I6M4D18M
A0A0V0TGR2_taxID_144512_model_A	ref_PmTYR_A	135	441	832	1	287	2.798E-01	33M5I9M2D5M2D2M5D13M1D2M38I42M1I2M6D8M1D4M1I8M3D11M1D16M5D5M1D8M1D1M5D41M2D4M5I6M3I20M1I8M1I4M
A0A0V0TGR2_taxID_144512_model_A	ref_1JS8_squid	140	442	832	2	261	2.357E-01	31M2I14M4D3M6D13M37I21M2I17M11I4M5I2M1I2M3D10M3D3M5I15M4I19M4D29M5I7M3D5M1I3M3I13M10D16M
A0A0V0TGR2_taxID_144512_model_A	ref_2Y9W_Abisporus	142	442	832	2	351	2.325E-01	7M4D38M6D5M9D9M2D5M8I17M9I4M2I5M1I11M3I24M9D9M2D5M5D9M2I3M1I6M16D17M3D4M3D13M10D35M6I4M3D1M5I4M10D12M5D6M2D3M3I5M
A0A0V0TGR2_taxID_144512_model_A	ref_1BT3_Ibatatas	109	444	832	7	332	2.315E-01	8M11I8M16D2M4D44M12D19M2D3M37I26M2D4M4I4M2D14M15I2M2I12M9D12M2D3M7D1M4D8M1D11M7D34M7I5M7I6M3D5M4D12M2I8M
A0A0V0TGR2_taxID_144512_model_A	ref_5CE9_Jregia	109	442	832	7	332	2.182E-01	9M8D2M7I5D10M2D46M1I3M6D2M7D12M2D3M37I20M2I4M4D5M3I20M14I11M1D5M6D6M3D6M20D4M9I10M7D30M3D3M8I6M6I4M3D6M4D13M2I5M
A0A8J7L5S7_taxID_2794033_model_A	ref_PmTYR_A	42	400	438	5	294	5.559E-01	27M3I2M4I10M1I8M3I44M6D7M1I10M4I5M6I8M1D3M2I2M5I9M2I30M5D3M5D8M9I15M19I37M1I21M26I24M
A0A8J7L5S7_taxID_2794033_model_A	ref_1JS8_squid	42	394	438	1	261	4.574E-01	32M4I21M3I43M15I12M8I5M11I10M3I4M3I31M7I2M8I15M15I29M2D3M3I22M10I4M4I26M
A0A8J7L5S7_taxID_2794033_model_A	ref_1BT3_Ibatatas	41	396	438	45	332	4.161E-01	28M1I8M1I9M14I5M13D24M2D18M2I5M1I1M26I11M4I12M3I14M6D3M1D4M2D3M7I4M5D8M3I6M5D7M7I3M1D2M6I34M2D6M11I9M1D4M13I1M7I21M
A0A8J7L5S7_taxID_2794033_model_A	ref_5CE9_Jregia	41	395	438	44	333	4.164E-01	28M1I8M1I8M14I9M13D22M2D17M2I10M21I2M7I4M3I3M1I32M7D10M6I14M6D9M7I3M6I2M1D31M3I14M3I12M1I3M18I20M
A0A8J7L5S7_taxID_2794033_model_A	ref_2Y9W_Abisporus	44	393	438	3	350	4.196E-01	8M2D18M1I4M4I4M2D23M2D2M1D21M14D4M5D12M1D2M6I8M5D15M15I16M8D4M1I6M9D3M2D14M1D8M7I6M4I2M6D11M1I4M1I3M6I3M1I34M3I2M5D8M3I3M7I3M3I8M2I26M
A0ABY7ES37_taxID_6604_model_A	ref_PmTYR_A	88	338	779	1	286	2.494E-01	5M2I24M8D3M28D48M1I2M6D9M4D7M3D12M2I18M3I6M8D57M7I5M4I17M4D8M7I4M
A0ABY7ES37_taxID_6604_model_A	ref_1JS8_squid	95	339	779	2	260	1.980E-01	20M9D2M30D9M1D32M2I7M1D1M2I6M9I10M3I8M2I14M8I3M3I17M4D32M7D10M4I9M3I18M2I9M
A0ABY7ES37_taxID_6604_model_A	ref_2Y9W_Abisporus	56	340	779	19	351	1.831E-01	9M1I11M2D5M7I6M15D6M6I11M5D10M3D4M1D18M4D12M7I7M9D5M9D7M2D20M9D8M1D9M1I25M10D34M9I2M6D12M3D6M2D4M1I11M1I10M
A0ABY7ES37_taxID_6604_model_A	ref_1BT3_Ibatatas	27	342	779	53	332	1.634E-01	17M5D20M7D9M1D5M37I2M6I13M2D15M2D8M15I7M2D3M1I5M1D12M2I5M7D7M2D8M3D16M1D11M7D33M3D3M4I4M4D4M13I3M3D13M8I7M
A0ABY7ES37_taxID_6604_model_A	ref_5CE9_Jregia	65	340	779	50	332	1.450E-01	19M16I8M5D3M1D4M17D3M3D18M2D12M2I1M3I6M4D19M8I26M1I12M9D5M2I5M3D15M7D29M2D19M9I5M3D13M8I5M
ref_2Y9W_Abisporus	ref_2Y9W_Abisporus	1	351	351	1	351	1.000E+00	351M
ref_2Y9W_Abisporus	ref_1JS8_squid	1	351	351	1	261	5.911E-01	10M2I18M2I18M5I34M19I17M5I12M14I9M9I4M1I11M3I4M11I8M1I5M7I6M3I13M1I3M5I37M4I11M4I17M6D18M
ref_2Y9W_Abisporus	ref_PmTYR_A	2	349	351	6	286	4.789E-01	9M2I14M5I25M5I6M1I21M14I4M5I11M22D21M2I9M5I10M7I4M3I3M21I8M1I4M5D8M5I8M6D9M10I39M3I7M3I2M2I9M6I17M
ref_2Y9W_Abisporus	ref_5CE9_Jregia	1	351	351	43	332	5.286E-01	45M1I5M7D9M5I2M4I23M17I11M7I4M3D9M15I4M7I13M1D17M7I13M1D9M2D11M3D15M2D4M5I38M5I5M8I6M1I9M2D17M
ref_2Y9W_Abisporus	ref_1BT3_Ibatatas	1	351	351	46	330	5.001E-01	7M2I36M1I4M4D3M1D8M7I19M16I9M1I9M4I3M3I1M3D7M7D3M4I4M5I5M3I10M12I2M4I6M7I15M1D17M4D3M1D11M1I2M2D3M4I32M2D3M10I4M8I4M2D3I7M2D19M
A0A6G0XI62_taxID_100861_model_A	ref_PmTYR_A	611	915	929	6	288	2.164E-01	48M8D25M3I13M9I4M2D4M1D2M1D4M2I7M2I6M8I6M5D4M9D4M5D10M1I4M10D11M5D37M3I17M1D2M28I8M13I20M
A0A6G0XI62_taxID_100861_model_A	ref_1JS8_squid	267	568	929	2	260	2.007E-01	20M1I6M4D10M6I1M15D16M3I22M25I8M5I9M5D4M2I3M2D2M4D3M5I3M2I7M1I5M2I20M5D24M1I13M2I5M6I6M2I3M5I1M9I9M1D6M2I17M
A0A6G0XI62_taxID_100861_model_A	ref_1BT3_Ibatatas	606	917	929	42	332	1.789E-01	28M1I3M6D13M16D3M5I22M2D2M3I9M7D9M1D1M3D16M4I7M4I10M17I8M3D4M2D4M7D3M3D15M7D29M5I4M3D7M6I16M28I5M8I13M
A0A6G0XI62_taxID_100861_model_A	ref_5CE9_Jregia	608	922	929	43	338	1.847E-01	26M9I8M2D5M23D25M2D2M3I11M14I4M1D8M1D4M2I4M1I6M19D5M19I7M2D10M15D6M1I10M7D29M2I9M4I4M1D17M36I16M1I7M
A0A6G0XI62_taxID_100861_model_A	ref_2Y9W_Abisporus	611	913	929	2	349	1.875E-01	14M3I15M6I3M1D2M4D3M18D2M7D12M13D4M3D21M5D4M4I2M9D6M8I15M1D6M3D10M2D14M10D13M7D7M2D11M10D36M13I13M3D11M10I3M1I5M8I18M
A0AAX6MY24_taxID_292717_model_A	ref_2Y9W_Abisporus	28	463	741	1	350	3.971E-01	13M5I110M3I7M3I4M3D12M1I16M8I8M8I5M1I10M10I13M5I10M12I15M5I8M3I2M1I14M2I2M4I4M2D22M17I18M4D4M7I44M
A0AAX6MY24_taxID_292717_model_A	ref_1JS8_squid	28	462	741	1	259	2.741E-01	9M2I3M4I4M1I8M1I8M1I15M5I23M2I2M6I6M11I21M9I8M5I3M9I8M21I2M3I2M3I8M7I5M35I18M16I5M3I9M7I8M3I17M17I22M11I23M6D16M
A0AAX6MY24_taxID_292717_model_A	ref_PmTYR_A	29	463	741	6	287	2.361E-01	7M5I16M7I25M5I6M1I19M19I17M16I4M5I7M22I10M3D11M1I3M4D4M13I6M7I4M3I7M4I6M1I12M6I3M7I10M4D4M6D9M14I19M17I21M11I16M6I19M
A0AAX6MY24_taxID_292717_model_A	ref_5CE9_Jregia	19	462	741	39	330	2.371E-01	5M5I21M5I23M5D2M2I5M1D3M5I4M2I25M9I3M8I10M2I5M6I3M1D4M9I2M7I7M5D17M24I8M7I8M30I11M2I18M2I11M15I2M5D6M3D12M17I14M15I3M7I9M5D9M2D15M
A0AAX6MY24_taxID_292717_model_A	ref_1BT3_Ibatatas	22	462	741	37	328	2.390E-01	7M1D21M5I23M3I46M17I12M20I2M16I3M3I5M2I5M2D6M8I20M1D7M3I5M28I12M2I16M2I5M2I13M5I8M2I18M17I13M21I6M2I6M3D7M2D17M
A0A1S8B326_taxID_420778_model_A	ref_2Y9W_Abisporus	71	437	617	1	350	5.243E-01	43M18I15M2D2M1I39M1I27M1D10M1D11M1D17M2I5M3I15M3I62M2D3M5D66M1I23M
A0A1S8B326_taxID_420778_model_A	ref_1JS8_squid	71	437	617	1	260	3.389E-01	15M2I12M1D4M3I7M18I6M4I28M7I4M13I23M4I6M12I11M3I5M12I8M14I5M1D9M5I8M7I3M3I18M1D32M13I1M2D1M3D24M5D17M
A0A1S8B326_taxID_420778_model_A	ref_PmTYR_A	72	441	617	6	291	2.564E-01	7M3D15M4D5M8I7M2I10M26I3M1I21M10I5M10I10M4D8M1D8M3I1M1I4M4D1M3I17M10D7M10D5M4I3M1D11M8I5M13I2M10I6M4I9M3I37M3I12M5I8M7I22M
A0A1S8B326_taxID_420778_model_A	ref_1BT3_Ibatatas	59	436	617	29	328	2.824E-01	12M5D15M2I25M5D1M12I5M1D10M14I27M18I11M5D4M8I5M7I3M19I22M1I10M4I8M3I6M1D8M1D2M2I5M5D8M1D8M4D36M2D4M5D8M7I6M16I16M
A0A1S8B326_taxID_420778_model_A	ref_5CE9_Jregia	68	436	617	42	330	2.768E-01	11M1I9M1I23M11I1M4D4M1D12M14I15M13I6M7I5M2D11M2I6M1I6M7D7M1D6M12I3M20I11M7I9M3I6M1D8M1D2M2I5M3D4M2D3M1D10M4D36M2D3M8D7M25I6M2D15M
A0A8H6ARC5_taxID_1964551_model_A	ref_PmTYR_A	81	289	879	6	242	1.826E-01	26M16D12M3D3M1D9M1I2M2D8M2I11M2D11M1I9M6I4M2I10M2D12M1I10M4I2M3D9M5D5M5D8M5D16M1D25M
A0A8H6ARC5_taxID_1964551_model_A	ref_1JS8_squid	81	295	879	2	207	1.548E-01	26M19D12M4D15M2D8M2I6M4I3M1D7M15I6M7I3M2I3M1I8M2I11M1D4M5I20M1I11M4D5M1D21M2I5M
A0A8H6ARC5_taxID_1964551_model_A	ref_5CE9_Jregia	78	335	879	42	323	1.625E-01	3M1D30M10D3M13D4M5D5M1I10M1D8M2I2M3D6M8I2M5I3M3I13M3D10M3D12M9I9M4I6M16D24M1I4M9D32M8I6M2I6M1D9M2D8M
A0A8H6ARC5_taxID_1964551_model_A	ref_1BT3_Ibatatas	75	292	879	41	288	1.392E-01	35M23D8M5D25M1D9M7D14M13I6M6I6M1I10M7I6M1D5M4I7M15D6M3D1M2I14M3D5M5D28M
A0A8H6ARC5_taxID_1964551_model_A	ref_2Y9W_Abisporus	81	317	879	2	322	1.412E-01	18M2D8M20D2M5D10M5D4M5D4M10D6M2D13M2D3M4I12M2I2M6I7M3I2M10I14M2D6M11D4M15D10M6D12M8D6M2D11M10D8M1D22M2I12M3D7M2D7M
A0ABR8F8G4_taxID_2692906_model_A	ref_PmTYR_A	52	401	407	6	289	5.906E-01	26M3I2M4I14M1I6M1I2M3I40M1D7M4D14M3D4M12I7M1I2M5I3M1I5M1I32M10D10M9I15M16I37M1I21M26I19M
A0ABR8F8G4_taxID_2692906_model_A	ref_1JS8_squid	52	399	407	2	260	4.634E-01	29M8I13M1D4M2I10M1D37M13I13M15I4M5I7M3I7M3I30M7I3M8I10M4I4M7I1M1I32M2I6M1D17M6I4M8I25M
A0ABR8F8G4_taxID_2692906_model_A	ref_1BT3_Ibatatas	49	398	407	44	328	4.463E-01	29M1I6M1I13M10I2M3D3M6D3M1I22M2D19M2I5M1I1M25I10M3I3M1I10M3I5M1I8M8D9M2D1M7I4M5D7M3I7M5D7M4I6M5I34M9I16M22I4M3D17M
A0ABR8F8G4_taxID_2692906_model_A	ref_5CE9_Jregia	46	399	407	40	331	4.626E-01	32M1I8M1I27M2I25M2D17M3D11M2I6M2D4M19I4M1I3M1I9M11I10M1D4M2D5M1D3M7I14M6D9M4I6M5I34M14I3M1I6M1D2M6I3M8I8M3D18M
A0ABR8F8G4_taxID_2692906_model_A	ref_2Y9W_Abisporus	51	399	407	1	350	4.626E-01	10M2D25M2I8M1D6M2I11M1D2M1D22M14D4M5D12M1D7M3I2M2D18M4I3M5I3M3D4M3I3M1I4M4D5M1I3M2I10M13D8M1D4M7D10M4I3M8I9M3I9M3I35M3I2M5D5M5I6M5I12M5I25M
A0A0L8ICD6_taxID_37653_model_A	ref_PmTYR_A	624	864	990	1	286	2.261E-01	33M3I10M10D45M2D19M3D9M1I5M4D4M5D4M2D4M1D17M9D2M1D8M6D13M1D27M1I6M1D1M6D20M1I8M
A0A0L8ICD6_taxID_37653_model_A	ref_1JS8_squid	629	864	990	2	259	1.981E-01	25M1I3M2I10M14D49M1I5M12I7M1D8M1D47M4D6M1D23M1I7M2I2M2D2M7D7M12D7M1I8M
A0A0L8ICD6_taxID_37653_model_A	ref_5CE9_Jregia	602	866	990	12	332	1.888E-01	24M7D33M2D10M1I3M14D21M2D17M8I2M4I4M2I3M1D11M4D10M1D7M1D4M6D18M17D3M1D12M7D2M1D28M1D15M2D5M5D7M1I10M
A0A0L8ICD6_taxID_37653_model_A	ref_1BT3_Ibatatas	584	866	990	14	330	1.700E-01	2M3I27M9I34M3D1M1I10M2D2M11D24M1D3M1D12M12I3M7I6M6D14M5I4M4I22M39D8M3D1M4D7M1D26M2I10M2D5M5D8M1I10M
A0A0L8ICD6_taxID_37653_model_A	ref_2Y9W_Abisporus	628	866	990	1	351	1.721E-01	16M1D28M12D3M7D22M17D6M2D9M8I6M5I4M2I9M7D3M5D4M1I8M15D5M21D13M8D4M3D13M10D8M1D23M2I5M7D7M9D7M6D10M1I7M
A0A9P9XJ46_taxID_1671311_model_A	ref_PmTYR_A	8	214	264	58	244	5.665E-01	28M1I26M1I7M6I6M15I8M2D3M3I10M1I6M1D19M5D4M4D2M1D7M4I1M1D14M3I32M
A0A9P9XJ46_taxID_1671311_model_A	ref_1JS8_squid	7	217	264	57	208	4.599E-01	33M1I6M2I2M3I7M12I9M10I3M19I8M2I6M1I7M1I21M5I2M4I14M1D33M
A0A9P9XJ46_taxID_1671311_model_A	ref_2Y9W_Abisporus	10	262	264	69	336	4.534E-01	23M3D8M15D6M6I8M4D4M6D11M2I4M1D11M8I7M2D12M9I7M1I2M6D9M1D4M1I1M8D6M9I2M3D8M3D2M4D39M2I5M3D3M8I13M2D12M
A0A9P9XJ46_taxID_1671311_model_A	ref_5CE9_Jregia	8	212	264	106	284	3.575E-01	29M1D7M10I6M8I4M3D6M5I6M4I1M4I26M5I3M1D1M7I8M2D9M2I5M2D1M1D6M5D9M4D33M
A0A9P9XJ46_taxID_1671311_model_A	ref_1BT3_Ibatatas	8	215	264	107	288	3.628E-01	29M1D12M2D14M9I3M17I2M4I6M2I15M8I5M3I4M2D7M2D3M1I2M7I4M9D5M1D1M4D8M4D2M3I2M3D30M
A0AAV2DUU7_taxID_586398_model_A	ref_5CE9_Jregia	102	442	607	2	337	5.381E-01	13M2D15M2I23M2I121M1I18M1I30M2I13M1D100M
A0AAV2DUU7_taxID_586398_model_A	ref_1BT3_Ibatatas	102	442	607	2	335	5.272E-01	15M5D5M1I5M2I13M1I10M2I119M1I11M1I39M2I13M1D52M3I46M
A0AAV2DUU7_taxID_586398_model_A	ref_2Y9W_Abisporus	147	437	607	2	351	3.115E-01	16M1D33M1I8M3D3M1D21M16D12M1D8M4D2M2D3M2I3M10D5M5D2M4D4M15D6M14I15M6D8M1I9M4I11M2I13M1D5M2D38M5D11M6D3M3D8M2I18M
A0AAV2DUU7_taxID_586398_model_A	ref_1JS8_squid	145	438	607	1	262	3.102E-01	6M2I26M5I10M8D9M7I24M2I14M1I9M1D7M3I1M2I8M9I5M1D16M6I5M5I5M7I19M3I35M5D10M2I3M11D6M4I18M
A0AAV2DUU7_taxID_586398_model_A	ref_PmTYR_A	146	435	607	6	286	2.850E-01	6M4I4M1I13M2I17M2I12M1I25M2I15M9I11M8D2M1D5M5D3M5D4M10D3M2D10M7I15M3I7M9I6M9D9M6I2M1I30M3D9M2D7M2I6M5I15M
A0A135SQH1_taxID_703756_model_A	ref_2Y9W_Abisporus	6	362	641	15	350	4.426E-01	10M3D8M1D16M1I11M4I41M1I19M4D23M2I6M1I9M1I22M3D3M4I16M7I18M8I26M8D31M5I12M2I24M4I22M
A0A135SQH1_taxID_703756_model_A	ref_1JS8_squid	1	362	641	10	260	2.972E-01	4M2D9M1I3M1I18M2D7M12I26M20I16M1I11M17I10M13I3M2D8M11I9M11I6M1I5M5D1M23I14M1D3M1D37M10I10M5I8M1I10M3D17M
A0A135SQH1_taxID_703756_model_A	ref_PmTYR_A	1	361	641	13	286	2.403E-01	7M1I6M1D9M1D7M4D7M3I4M15I22M20I15M8I7M19I1M4I11M6I4M4I2M5I4M4D7M4D5M5D7M9D7M1D5M9I7M1D7M2I4M6D9M2I35M4D7M16I3M3I8M10I17M
A0A135SQH1_taxID_703756_model_A	ref_5CE9_Jregia	1	361	641	54	330	2.557E-01	6M2I7M2D7M2D10M1I4M4D5M8I2M2I3M1I27M13I4M5I9M1D14M4D4M1D7M4I3M3I9M19I5M1I6M20I7M2D4M3D2M7I10M2I4M2D3M1D10M5D35M3D8M2D5M9I7M17I3M2I15M
A0A135SQH1_taxID_703756_model_A	ref_1BT3_Ibatatas	1	324	641	55	310	2.158E-01	6M2I7M2D7M5D4M1D17M11I2M1D2M2I25M13I4M5I11M2D3M10D5M7I1M4I6M1D4M4I7M19I13M15I11M1D10M2I10M6I5M1D10M5D31M1D7M1I4M2D4M9I8M
A0ABQ0EZ56_taxID_105296_model_A	ref_PmTYR_A	118	530	611	6	286	4.074E-01	19M1I3M17I7M8I19M4I32M2I10M6D15M1D9M1I5M2D9M12I17M2I37M6I5M3I35M81I12M1I21M2I3M1I14M
A0ABQ0EZ56_taxID_105296_model_A	ref_1JS8_squid	117	391	611	1	193	2.484E-01	28M9I4M14I10M1I13M3I3M1D26M2I9M2D10M14I11M5I6M2I1M9I5M2I3M2D4M5I10M11I2M1D7M5I1M1I1M9I11M4D18M
A0ABQ0EZ56_taxID_105296_model_A	ref_5CE9_Jregia	92	394	611	17	277	2.393E-01	9M2I1M8D8M3I30M10I6M11I15M1D2M1D2M4I3M2D3M1I37M3I3M5I3M9I5M2I5M6D6M12I15M2D22M8I2M1I11M4I8M6D8M1I5M8D18M
A0ABQ0EZ56_taxID_105296_model_A	ref_1BT3_Ibatatas	116	391	611	45	275	2.206E-01	28M7I7M14I12M4I7M2D6M1D38M10I1M9I2M2D6M2I3M5I8M3D4M4I1M2I7M1I6M1I5M7D16M5I3M5I4M3I11M5D5M7D24M
A0ABQ0EZ56_taxID_105296_model_A	ref_2Y9W_Abisporus	117	391	611	1	281	2.079E-01	9M2I9M4D8M10I6M11I16M5D7M4I3M1D27M17D10M15I10M1D14M3I4M1I4M3I9M2I5M18D10M12D9M9I5M5I15M3D10M10D20M
A0A0V1KR57_taxID_6335_model_A	ref_PmTYR_A	136	442	833	1	287	2.821E-01	33M5I9M2D5M2D2M5D13M1D2M14I1M24I41M1I2M6D7M2D12M1D13M1D16M5D5M1D8M1D1M5D41M5I15M1I22M2I7M
A0A0V1KR57_taxID_6335_model_A	ref_1JS8_squid	141	443	833	2	261	2.281E-01	31M2I6M5I3M2D1M13D13M1I1M16I7M20I15M2I17M11I6M1I5M2I10M3D3M5I13M4I21M4D29M5I14M1I14M12D7M1D4M3I5M
A0A0V1KR57_taxID_6335_model_A	ref_2Y9W_Abisporus	143	443	833	2	351	2.320E-01	7M4D33M6D9M9D10M2D5M8I19M11I7M1I11M3I24M9D9M2D7M5D11M3I4M15D7M1D9M8D4M2I13M10D34M6I3M3D2M5I2M2D3M8D12M5D6M1I10M
A0A0V1KR57_taxID_6335_model_A	ref_5CE9_Jregia	139	443	833	43	332	2.010E-01	10M1D34M12D19M13I9M22I16M2I4M4D5M3I32M12I12M8D6M20D4M9I10M7D30M3D3M8I6M6I5M7D18M2I5M
A0A0V1KR57_taxID_6335_model_A	ref_1BT3_Ibatatas	136	445	833	41	332	2.169E-01	13M1D34M12D19M2D3M8I10M29I16M2D4M4I6M1D12M1I12M12I7M6D11M2D5M9D2M2D5M1D11M7D34M7I5M7I5M2D1M3I2M8D12M2I8M
A0A7S2EUW0_taxID_49249_model_A	ref_1JS8_squid	226	527	996	1	260	2.002E-01	21M1D6M4I4M7I12M10D29M6I17M3I6M5I5M2I3M3D1M4I4M5D9M22I13M2D4M9I13M4D44M9I15M5D8M1I16M
A0A7S2EUW0_taxID_49249_model_A	ref_2Y9W_Abisporus	226	528	996	1	351	2.266E-01	10M1D6M1D10M5I8M3I12M15D30M11D7M2D10M2I5M4D10M1D6M9I2M15D13M8D4M4I16M2D8M1D9M1I5M4D15M1D2M9D32M16I1M7D7M8D13M2I20M
A0A7S2EUW0_taxID_49249_model_A	ref_1BT3_Ibatatas	225	531	996	45	333	2.039E-01	27M6I8M2I16M12D25M3I3M1I13M2I10M7I2M2I1M1D2M8I6M2I4M1D7M7D13M1I12M2I3M3D3M4D10M1D12M7D30M3D2M20I8M3I2D31M
A0A7S2EUW0_taxID_49249_model_A	ref_PmTYR_A	227	527	996	6	287	1.841E-01	29M13I9M7D5M2D26M6I11M2D19M1D5M21I10M6D3M1I2M6D11M6D10M3I7M2D5M4D4M6D42M19I5M3I14M5D18M
A0A7S2EUW0_taxID_49249_model_A	ref_5CE9_Jregia	222	531	996	41	335	1.957E-01	30M6I8M2I9M3I4M15D24M3I5M1I10M2I12M13D2M9D7M14I9M18I20M2I7M6D6M1D10M7D30M4D7M18I7M2I4M2I5M3D21M
A0ABS8I9C0_taxID_2780399_model_A	ref_PmTYR_A	46	404	414	4	296	5.832E-01	2M1I1M2I26M7I14M6I3M1D45M1D7M4D11M6I5M4I3M1D8M1I2M5I9M2I31M10D12M7I3M2I10M16I37M1I21M26I16M3D7M
A0ABS8I9C0_taxID_2780399_model_A	ref_1JS8_squid	51	400	414	2	262	4.509E-01	29M8I5M1I8M1D52M15I9M13I8M1D2M5I7M4I4M3I30M7I3M8I10M4I4M5I1M3I32M7I9M6D8M6I5M8I27M
A0ABS8I9C0_taxID_2780399_model_A	ref_1BT3_Ibatatas	48	401	414	44	332	4.466E-01	29M1I6M1I11M10I7M8D26M1D2M1D17M2I5M1I1M25I11M4I12M3I6M1I7M7D3M1D6M2D1M7I4M5D8M1I5M3D10M4I6M5I34M9I17M1D5M20I21M
A0ABS8I9C0_taxID_2780399_model_A	ref_5CE9_Jregia	41	401	414	40	334	4.520E-01	3M4I29M1I8M1I8M10I11M8D23M2D19M3D4M15I3M8I1M8I1M1I4M3I13M3I5M1I6M7D5M1D4M2D7M2I12M2I6M4D9M4I6M5I33M3I12M3I9M14I6M5I21M
A0ABS8I9C0_taxID_2780399_model_A	ref_2Y9W_Abisporus	50	399	414	1	351	4.745E-01	10M2D22M5I4M2D2M3I9M2D7M3D26M14D4M5D12M1D7M3I2M2D18M4I3M5I3M3D4M3I4M3D9M1I1M3I11M14D8M1D8M9D2M1D2M15I11M3I9M3I35M7D2M2D11M2I8M20I26M
A0A0M3IG66_taxID_6252_model_A	ref_PmTYR_A	541	807	952	6	286	2.395E-01	36M7D7M1D64M3D9M9D3M3I10M2D6M1D13M8I11M1I6M10D42M5I12M2I13M1I12M1D3M
A0A0M3IG66_taxID_6252_model_A	ref_1JS8_squid	541	807	952	2	259	2.010E-01	26M3D14M5D2M4D38M1D8M5I4M4I5M1D3M2I7M6I7M5D3M5I15M14I4M1I15M4D31M3I7M1D3M5I18M4D2M5D6M2D1M1D3M
A0A0M3IG66_taxID_6252_model_A	ref_2Y9W_Abisporus	540	797	952	1	338	1.891E-01	15M1D5M1D6M3D2M2D18M14D15M4D7M10D4M5D9M3I6M4I7M9D9M2D10M4D5M6D21M14D3M1D10M5I23M10D33M11D4M2I8M8I9M5D7M
A0A0M3IG66_taxID_6252_model_A	ref_1BT3_Ibatatas	539	811	952	45	332	1.916E-01	28M5D8M2D6M3I2M12D23M1D2M1D14M2D14M5I6M6I6M5I14M10D10M2D7M1I6M1D8M1I4M1D9M7D35M15I9M5D2M7D8M1D3M6I7M
A0A0M3IG66_taxID_6252_model_A	ref_5CE9_Jregia	539	809	952	44	332	1.808E-01	28M5D8M4D3M7D23M2D19M14I14M3I10M3D4M2D16M7D4M1D4M2D9M1I8M4D6M3I13M7D33M8I4M4I13M6I7M13D6M
A0A8G0LLK9_taxID_1491479_model_A	ref_2Y9W_Abisporus	16	170	351	182	350	3.793E-01	8M1D11M1D4M1D18M3I5M7D11M8D35M2I13M1D45M
A0A8G0LLK9_taxID_1491479_model_A	ref_1JS8_squid	32	170	351	131	260	2.575E-01	9M1I6M1I7M11I3M5D5M1D8M1D37M3I10M6I15M6D17M
A0A8G0LLK9_taxID_1491479_model_A	ref_1BT3_Ibatatas	40	113	351	200	288	1.790E-01	9M1D8M7D13M2D7M5D37M
A0A8G0LLK9_taxID_1491479_model_A	ref_5CE9_Jregia	40	110	351	199	284	1.587E-01	10M1D7M4D4M3D9M2D5M1D5M8D4M4I23M
A0A9P9BK36_taxID_1682393_model_A	ref_PmTYR_A	40	296	361	6	242	5.194E-01	26M5I2M7I10M1D2M3D2M6D32M1I14M1I8M1I7M2I6M17I8M2I11M1I3M1D6M1D19M5D4M4D2M1D6M1I4M1D3M2I9M3I30M
A0A9P9BK36_taxID_1682393_model_A	ref_1JS8_squid	40	297	361	2	204	4.097E-01	27M2I7M4I2M4I8M12D23M1I15M22I7M2I7M15I5M2I1M3I9M3I5M4D4M6I20M3I3M5I14M1D29M
A0A9P9BK36_taxID_1682393_model_A	ref_5CE9_Jregia	24	361	361	27	331	4.504E-01	14M2D3M1D32M7I15M13D27M1D11M15I2M1I2M5I4M2I15M4I23M7I1M4D12M6I9M2D14M5D11M1D4M3D27M1I5M7I7M1I5M8I4M1D17M2I8M
A0A9P9BK36_taxID_1682393_model_A	ref_1BT3_Ibatatas	35	299	361	42	288	3.982E-01	38M7I15M13D27M1D8M4I7M17I8M5D5M7I1M4I15M5I5M5I4M3D5M4I7M2D3M7I5M8D3M2D4M4D8M4D37M
A0A9P9BK36_taxID_1682393_model_A	ref_2Y9W_Abisporus	40	338	361	2	325	4.653E-01	14M1I20M1I2M3I8M7D8M9D27M18D6M4I4M3I5M12I3M2D2M1I8M6I8M4D5M1D7M3D9M2I3M7D9M3D2M2D10M1D4M2D2M5D6M8I2M3D9M7D39M3I1M2D2M5I20M2I3M
A0ABR1V3M9_taxID_2905665_model_A	ref_PmTYR_A	39	335	336	6	286	5.576E-01	24M10I4M3I14M10D28M1I13M2D8M2I10M5I6M6I7M2I3M1D5M2I2M20I4M1D6M3I6M4D9M6D8M1I5M2I3M9D11M1I22M16D14M5I13M2I7M
A0ABR1V3M9_taxID_2905665_model_A	ref_1JS8_squid	38	335	336	1	259	4.838E-01	31M7I2M6I12M14D21M1I14M3I2M20I11M6I7M2I3M23I6M3I14M2I12M3I7M1I16M3D23M13D4M3D10M3D6M5I12M7D3M
A0ABR1V3M9_taxID_2905665_model_A	ref_1BT3_Ibatatas	30	336	336	40	329	4.351E-01	6M2I31M1I3M7I10M13D32M1D11M8D6M1I7M11D3M3I9M10D3M4D9M5I12M9I3M10I3M11I3M29I10M1I3M7D23M1I2M7D5M2D4M3D3M1I15M2I8M
A0ABR1V3M9_taxID_2905665_model_A	ref_5CE9_Jregia	38	336	336	45	331	4.177E-01	31M1I5M4I2M7I7M17D27M2D4M1I4M3I2M5I2M6I3M5I2M19I3M16I45M5I14M24D10M6D25M5D8M6D5M3D2M1I15M2I8M
A0ABR1V3M9_taxID_2905665_model_A	ref_2Y9W_Abisporus	38	295	336	1	286	4.388E-01	10M2D16M4I7M1I2M3I8M3I4M19D22M18D31M5I7M6I6M1D7M2I5M6I9M2D4M4D10M9I3M5D24M6D5M1D12M10D3M1I23M
ref_8BBR_Vspinosum	ref_5CE9_Jregia	1	318	324	43	332	5.977E-01	8M1D5M3I35M1D1M14D37M17I13M2I3M2I10M7I4M12I4M4I29M2D12M1I5M2D21M7D6M1D20M4I12M2I9M1I9M1I19M
ref_8BBR_Vspinosum	ref_1BT3_Ibatatas	1	319	324	41	331	6.200E-01	9M4D6M3I33M15D38M2D13M3D5M5D6M13I9M34I5M7I14M3D8M2I9M2D21M7D5M1D21M4I5M2I6M3I9M1I7M1I20M
ref_8BBR_Vspinosum	ref_1JS8_squid	5	317	324	2	260	5.724E-01	6M2D4M3I16M2I12M2D5M11D21M2I16M1D5M6I9M13I3M4D8M33I8M3I5M5I16M13I4M1I12M4D5M1D31M2D7M3I19M3D17M
ref_8BBR_Vspinosum	ref_PmTYR_A	1	316	324	1	286	5.313E-01	3M1D13M1I14M5I13M12D25M2I39M33I3M9I2M5D12M1D2M2D3M4D2M1I4M3D14M6I5M3D11M5D18M1D26M2I9M14I4M4D4M2D17M
ref_8BBR_Vspinosum	ref_2Y9W_Abisporus	5	318	324	2	351	5.436E-01	11M1D35M18D29M17D10M3I5M7I7M11D5M4I1M4D5M5D13M6I3M18I20M3D3M3D7M1D9M1D10M4I2M1I10M10D8M1D31M1D11M6D16M3I17M
A0A4T0VKX6_taxID_80884_model_A	ref_PmTYR_A	38	347	352	6	286	6.078E-01	26M4I2M6I3M1D10M9D30M1I14M1I11M2I12M2I11M1I11M1I3M1I5M2D22M9D2M1D9M5D9M4I30M20I5M1I6M7I4M1I1M2D6M4I14M2I6M
A0A4T0VKX6_taxID_80884_model_A	ref_1JS8_squid	38	280	352	2	216	4.722E-01	32M7I12M11D27M1I12M27I10M4D6M5I8M2I1M2I11M1D1M2I26M1I46M3D4M
A0A4T0VKX6_taxID_80884_model_A	ref_1BT3_Ibatatas	33	351	352	42	332	4.844E-01	37M5I3M2D13M11D27M1D13M3I6M7D7M6I2M3I4M1D4M13I8M5I21M12D9M4D21M3D30M4D8M1I1M14I7M8I4M13I11M2I10M
A0A4T0VKX6_taxID_80884_model_A	ref_5CE9_Jregia	35	351	352	43	334	4.891E-01	38M2I11M4D5M6D27M1D11M4D17M6I4M2D7M2I2M8I9M9I9M4I11M1D6M16D25M3D26M9I7M16I4M7I5M2D7M1D11M2I10M
A0A4T0VKX6_taxID_80884_model_A	ref_2Y9W_Abisporus	37	347	352	1	349	5.619E-01	7M2D20M2I8M3I12M16D24M13D6M5D10M3D12M1I4M7I1M1D17M2I10M2I2M7D1M2I6M7D8M6D10M1I8M12D7M1I6M2D2M2D2M2D36M2I11M17I15M3D7M1I10M2I6M
A0A9W6BT77_taxID_330485_model_A	ref_1JS8_squid	70	401	926	2	262	2.197E-01	26M19I9M3I11M1D35M6I18M10I6M5I3M1I4M4D5M2D5M6I5M19I16M10I17M4D44M2I12M7D6M1D5M9I15M
A0A9W6BT77_taxID_330485_model_A	ref_2Y9W_Abisporus	70	400	926	1	351	2.436E-01	6M3D21M12I4M5I3M3I12M2D7M4D31M11D8M2D10M1I6M1I3M2I12M1D6M6D2M5I1M5D4M2D3M9D6M8I16M2D9M1D33M1D2M9D34M4D9M8D2M6I6M4I7M2I5M1I13M
A0A9W6BT77_taxID_330485_model_A	ref_5CE9_Jregia	63	403	926	39	335	2.319E-01	34M18I4M2I11M5D2M2I35M3I6M1I10M9I15M5D9M4I13M9I5M6I7M1I7M2D7M6D2M2D10M3I12M7D29M4I4M1I2M2I13M3I2M1D3M3I13M1I14M
A0A9W6BT77_taxID_330485_model_A	ref_1BT3_Ibatatas	54	403	926	12	333	2.215E-01	12M19D31M18I4M2I11M5D2M2I37M3I3M1I11M5I2M4I12M6D11M5I4M3D14M7I4M5I3M2I6M1D6M2D13M2I4M1D12M7D27M4I6M6I10M3I2M1D3M3I12M1I15M
A0A9W6BT77_taxID_330485_model_A	ref_PmTYR_A	70	399	926	6	287	2.121E-01	21M1I4M15I3M9I10M4I4M5D6M1I27M6I10M1I11M5I8M2D4M4I4M2D5M1D14M1I1M6D1M3I5M10I1M5D12M1D15M1I4M6D44M5D8M7I9M12I5M1I13M
A0A136IKH1_taxID_196109_model_A	ref_PmTYR_A	55	313	376	6	244	5.017E-01	22M8I6M4I10M1D2M3D2M6D32M1I11M1I11M1I7M2I6M17I8M2D3M1I3M2I7M1I6M1D19M5D4M5D8M1I4M1D3M2I9M3I32M
A0A136IKH1_taxID_196109_model_A	ref_1JS8_squid	54	313	376	1	205	3.953E-01	26M11I9M1D9M12D23M1I15M22I7M1I7M16I5M7I2M1D7M2I5M4D7M6I17M3I3M5I14M1D30M
A0A136IKH1_taxID_196109_model_A	ref_5CE9_Jregia	46	376	376	35	331	4.558E-01	8M2D34M7I4M1I9M14D28M1D11M11I2M5I3M5I3M1I5M1I10M4I23M7I8M4I8M2D8M2D14M5D13M4D35M8I6M1I5M8I4M1D19M2I6M
A0A136IKH1_taxID_196109_model_A	ref_1BT3_Ibatatas	43	376	376	37	329	4.726E-01	8M2I24M1I11M6I15M13D27M1D10M4I10M1D3M14I7M6I3M4I14M4I5M6I5M3D5M4I7M2D3M7I5M8D3M2D4M4D8M4D37M21I2M2I7M3D3M1D19M2I6M
A0A136IKH1_taxID_196109_model_A	ref_2Y9W_Abisporus	55	375	376	2	349	4.832E-01	9M2D19M3I4M1I2M3I8M7D8M9D27M18D9M11I6M8I3M2D2M2I7M5I9M4D5M1D7M3D9M2I3M7D9M3D2M2D10M1D4M7D8M8I2M3D9M7D35M3I5M2D2M5I20M2I2M4D11M5D2M7I3M
A0A4Z2HMJ2_taxID_230148_model_A	ref_PmTYR_A	119	321	334	3	167	3.668E-01	26M19I5M9I18M1I7M3I25M2I11M3D4M2D13M1D9M1I5M2D9M12I17M1D7M
A0A4Z2HMJ2_taxID_230148_model_A	ref_1BT3_Ibatatas	119	244	334	44	145	2.221E-01	29M2I2M12I6M13I6M1I9M1D2M2D6M1D38M
A0A4Z2HMJ2_taxID_230148_model_A	ref_1JS8_squid	122	267	334	2	112	2.385E-01	29M15I3M10I5M5I23M2D17M2I23M5I9M
A0A4Z2HMJ2_taxID_230148_model_A	ref_5CE9_Jregia	119	322	334	43	198	2.558E-01	29M2I2M12I6M10I12M4D11M4I38M4I3M5I3M2I4M1I7M3I9M3I7M6I21M
A0A4Z2HMJ2_taxID_230148_model_A	ref_2Y9W_Abisporus	122	258	334	2	134	2.198E-01	9M2D22M26I4M1I4M1I9M3D9M4D24M17D20M2I6M
A0A8H3HCF2_taxID_456999_model_A	ref_PmTYR_A	36	379	380	1	286	5.512E-01	3M2D24M22I17M10D19M7I3M11I11M1I9M2D11M3I20M2I3M6D6M1D6M2D4M9I4M5I9M2D7M2D2M4D7M3D16M11I5M2I26M10I6M3D6M6I5M3I3M1I11M2I6M
A0A8H3HCF2_taxID_456999_model_A	ref_1BT3_Ibatatas	33	380	380	41	329	4.557E-01	30M6I9M11I15M13D16M2D3M20I6M1D24M2I5M3I4M13I7M1D3M5I14M2I14M2D8M1I1M15D5M4I9M5I3M1D14M2I23M12I7M7I15M1D11M2I7M
A0A8H3HCF2_taxID_456999_model_A	ref_5CE9_Jregia	36	380	380	43	331	4.232E-01	27M10I8M4I15M10D20M2D3M20I6M2D4M1I6M8D5M1I9M7I3M7I3M8I4M7I5M2I24M6I8M6D3M12D15M4I9M2I31M8I3M1I4M7I14M1D12M2I7M
A0A8H3HCF2_taxID_456999_model_A	ref_1JS8_squid	39	316	380	2	203	3.733E-01	30M7D9M3I9M12I18M22I7M4D4M1I5M3I17M18I5M3D7M2I4M10I7M5I12M2I9M3I11M4I5M3I10M2I19M
A0A8H3HCF2_taxID_456999_model_A	ref_2Y9W_Abisporus	39	352	380	2	322	3.946E-01	15M2D17M9D6M3D3M1I10M12I17M14D2M2I4M14I8M2D10M3D9M2D6M6I2M1D19M1I8M10D4M10I6M3D7M6D8M1D3M5I3M10D16M5I7M4D11M2I19M3I7M2D13M2I2M2I7M
A0A951QSM4_taxID_2839659_model_A	ref_PmTYR_A	38	420	448	5	295	5.491E-01	27M6I2M2I19M18I3M2D38M1D7M4D12M8I4M7I8M1D3M2I6M6I4M1I8M3I24M9D2M1D9M12I14M18I32M1I24M9I2M17I25M
A0A951QSM4_taxID_2839659_model_A	ref_1JS8_squid	39	414	448	2	262	4.387E-01	27M2I5M3I15M2I7M13I41M10I3M4I11M14I3M11I8M3I6M6I31M7I2M11I13M13I2M1I29M4D4M5I19M1D3M15I27M
A0A951QSM4_taxID_2839659_model_A	ref_5CE9_Jregia	37	411	448	44	330	3.979E-01	36M3I8M11I6M2D5M4I31M2D17M3D8M1D2M7I10M7I2M12I9M14I6M6I10M6D3M1D5M2I1M10I8M3D4M6D9M4I9M7I28M3I14M3I6M22I6M3D17M
A0A951QSM4_taxID_2839659_model_A	ref_1BT3_Ibatatas	37	411	448	45	328	4.004E-01	36M3I14M2D1M2I3M1D4M14I26M2D15M3I9M14I5M11I3M2I4M7D8M18I6M3I4M6D4M2D4M1D2M7I2M5D12M1D6M2I9M4I7M7I33M1D7M10I4M22I8M3D17M
A0A951QSM4_taxID_2839659_model_A	ref_2Y9W_Abisporus	39	412	448	2	350	4.091E-01	15M2D12M3I4M3I2M3D6M1I17M10I5M1D21M14D4M5D12M1D2M6I7M3D14M1I7M2I5M7I5M4I6M1D1M3D4M1I6M8I3M16D8M1D9M16I8M8D9M3I7M5I37M2I3M4D7M13I2M2I3M2D9M2I25M
A0ABX1P9S6_taxID_385972_model_A	ref_PmTYR_A	86	446	446	4	297	5.574E-01	28M3I2M4I12M1I6M3I44M1D7M4D11M4I6M6I11M1I2M5I8M1I31M5D3M5D10M8I3M2I10M14I37M1I21M26I22M3I5M
A0ABX1P9S6_taxID_385972_model_A	ref_1JS8_squid	89	435	446	3	262	4.211E-01	28M8I28M1D37M17I7M21I7M6I3M8D9M3D4M6I21M16I17M10I31M4I2M3D19M8I4M4I1M2I27M
A0ABX1P9S6_taxID_385972_model_A	ref_1BT3_Ibatatas	86	432	446	45	328	4.242E-01	28M1I8M1I17M3I5M2D27M2D18M2I5M27I9M1I3M3I1M1D7M5I5M1D10M7D3M1D6M2D1M7I4M3D14M3D11M4I3M7I2M4D31M1D7M10I9M1D5M20I17M
A0ABX1P9S6_taxID_385972_model_A	ref_5CE9_Jregia	86	432	446	44	330	3.975E-01	28M1I8M1I12M7I2M1I1M3D5M4D25M2D13M23I4M20I7M1I10M1I5M1D3M8D6M5D4M4D5M1D5M1D3M7I15M5D9M4I6M3I33M3I12M3I9M1D5M20I17M
A0ABX1P9S6_taxID_385972_model_A	ref_2Y9W_Abisporus	88	433	446	2	350	4.496E-01	9M2D20M1D4M3I8M1I11M4D4M2I3M1D21M14D4M5D11M4D11M2I5M2I12M4I4M3D2M6I3M3I7M3D9M6D6M5D14M1D5M8I9M4I2M6D11M1I7M3I35M5I2M7D7M1I1M2I3M7I5M2D6M7I24M
A0A1S3UW74_taxID_3916_model_A	ref_5CE9_Jregia	98	441	607	2	338	5.451E-01	147M1I35M4I14M1I89M1I52M
A0A1S3UW74_taxID_3916_model_A	ref_1BT3_Ibatatas	98	440	607	1	335	5.303E-01	3M1D11M2D24M1I107M1I35M8I6M3D96M4I47M
A0A1S3UW74_taxID_3916_model_A	ref_PmTYR_A	142	450	607	6	297	2.885E-01	23M5I17M2D4M6I6M1D24M2I13M23D8M6I8M3D19M2I10M7I15M3I11M4I3M3D3M2D11M7I30M4D17M2I6M5I15M6I11M
A0A1S3UW74_taxID_3916_model_A	ref_2Y9W_Abisporus	141	435	607	1	351	3.052E-01	7M2D36M1D4M2D7M3I2M1D4M2D19M16D9M1D14M8D6M4D2M1I3M7D4M7D2M12D3M2D7M19I10M6D9M1I8M2I11M2I2M1I11M1D5M5D1M3I29M6D4M2I11M6D3M3D8M2I18M
A0A1S3UW74_taxID_3916_model_A	ref_1JS8_squid	143	436	607	3	262	3.076E-01	30M2I6M4I3M10D4M8I28M2I16M2I10M1D4M3I1M1D3M18I4M4D8M1D9M7I5M9I2M3I6M1D10M1I5M2I30M6D3M2I13M2I1M11D6M4I18M
A0A8G1H4K7_taxID_325564_model_A	ref_PmTYR_A	86	193	195	6	83	3.132E-01	19M1I3M17I7M8I13M2I2M1D4M3I29M
A0A8G1H4K7_taxID_325564_model_A	ref_1JS8_squid	85	193	195	1	83	3.007E-01	30M12I6M14I7M2D14M2I24M
A0A8G1H4K7_taxID_325564_model_A	ref_5CE9_Jregia	86	193	195	46	131	3.333E-01	31M8I6M13I11M1D2M5I1M2D7M1D24M
A0A8G1H4K7_taxID_325564_model_A	ref_2Y9W_Abisporus	72	194	195	169	287	1.682E-01	28M9D7M1D5M9I6M5D4M2D2M6I21M2I1M3I17M3I4M2D5M
A0A8T8WN19_taxID_1448312_model_A	ref_PmTYR_A	1	289	289	7	287	7.470E-01	25M12I1M2D11M4D1M6D26M1I19M2D14M1I3M9I5M1I9M2D1M1I10M1I6M2D22M10D7M2D1M1D3M2D44M2D10M1I1M10I3M2I6M2I11M2I7M
A0A8T8WN19_taxID_1448312_model_A	ref_1JS8_squid	1	234	289	3	208	4.900E-01	24M3I3M6I4M5I8M18D29M1I6M14I3M8I4M3D5M8I4M2I12M4I12M1I22M1I12M4D33M
A0A8T8WN19_taxID_1448312_model_A	ref_1BT3_Ibatatas	1	289	289	48	329	5.500E-01	28M2I4M3I11M3I1M16D27M1D8M2I6M6D9M8I12M4I2M9I10M6I19M1D10M15D15M7D33M3D9M2D2M1I2M4I2M1I3M13I12M2I6M
A0A8T8WN19_taxID_1448312_model_A	ref_5CE9_Jregia	1	289	289	47	331	5.690E-01	28M2I4M3I15M13D27M1D9M2I9M1D6M2I2M10I4M2I29M4I7M3I16M15D17M7D29M8D4M2I7M3I6M1I3M13I12M2I6M
A0A8T8WN19_taxID_1448312_model_A	ref_2Y9W_Abisporus	2	280	289	4	343	5.900E-01	12M1I16M8I7M2D6M2D1M18D22M13D6M5D9M4I10M8I7M3I3M2I5M9D18M4D9M7D6M3D2M3D15M8D6M2D10M10D41M2I3M3I5M4D14M2D15M
A0ABD3GZG7_taxID_122646_model_A	ref_1BT3_Ibatatas	23	336	345	1	335	6.866E-01	13M3D9M1D18M2I13M4I33M9D1M5D4M32D8M13I21M1I12M9I29M1D15M3I5M2I16M7D32M2I43M1I5M
A0ABD3GZG7_taxID_122646_model_A	ref_5CE9_Jregia	23	336	345	3	337	6.737E-01	10M1I7M1D16M1D6M2I13M4I33M40D2M6D7M2I4M11I28M1I3M2I6M6I15M1I7M1D18M5I23M7D35M1D40M1I5M
A0ABD3GZG7_taxID_122646_model_A	ref_PmTYR_A	64	328	345	3	286	3.792E-01	16M4I12M5I21M4I11M26D7M3I13M8D6M5D19M9D19M12I3M1D9M6I11M5D50M6D7M4I5M3I15M
A0ABD3GZG7_taxID_122646_model_A	ref_2Y9W_Abisporus	66	328	345	1	349	3.714E-01	7M4I5M1D7M1D30M8D3M21D2M2D15M6I3M16D3M1D7M8D3M3D5M4D3M1I2M6D10M2D2M4D12M1I4M8D17M5I13M4I4M1I8M10D38M6D9M1D6M8D4M2I17M
A0ABD3GZG7_taxID_122646_model_A	ref_1JS8_squid	67	328	345	2	259	4.042E-01	13M1I11M2I12M3I14M23D17M5D13M1D6M17I10M4I20M19I6M1I1M2I3M1D14M4D27M1D9M5D13M2D5M6D1M3I15M
A0A2T4A4G0_taxID_983964_model_A	ref_2Y9W_Abisporus	56	433	652	2	350	4.798E-01	85M28I17M1I20M2I5M3D5M1D14M1D17M6I3M4D13M5I44M3I16M8D70M1I23M
A0A2T4A4G0_taxID_983964_model_A	ref_1JS8_squid	56	433	652	2	260	3.166E-01	9M1I10M1I8M1D4M3I21M5I16M2I3M33I6M13I19M4I9M6I3M6I7M3I5M9I8M20I22M5I4M8I11M1D6M1D33M8I22M6D8M1I16M
A0A2T4A4G0_taxID_983964_model_A	ref_PmTYR_A	55	443	652	5	297	3.040E-01	10M1I14M6I24M4I5M2I20M31I3M1I5M16I9M3D1M4I13M5D4M3D1M5I19M9I2M5D9M2I8M12I20M2I10M2I4M2D9M2I36M10I9M2D10M7I28M
A0A2T4A4G0_taxID_983964_model_A	ref_5CE9_Jregia	19	436	652	12	334	3.014E-01	14M2D5M6I31M1I24M1I5M4I1M2D6M2D4M2I18M39I2M5I5M2I13M2I6M1I8M7I2M6I3M14I3M5I4M7I10M6D21M1D12M5I2M6D7M1D10M2D9M3D25M2D4M8D16M16I2M6I3M1I13M
A0A2T4A4G0_taxID_983964_model_A	ref_1BT3_Ibatatas	17	439	652	12	332	2.754E-01	13M6I6M4D10M2I16M2I28M2D4M4D6M7I4M2I18M39I2M6I9M1I11M29I3M4I4M3D10M9I4M3I10M9D23M2I8M5I1M6D9M1D7M4D3M2I6M3D25M2I5M7D13M21I16M3I4M
A0A9P5BEY1_taxID_1803897_model_A	ref_1JS8_squid	479	636	687	58	209	1.553E-01	27M6D41M5I5M3I4M8I19M1I10M5D35M
A0A9P5BEY1_taxID_1803897_model_A	ref_1BT3_Ibatatas	435	687	687	60	328	1.793E-01	20M1I10M3D4M9D2M8I26M8D27M14D10M10I16M1D7M5D9M1D15M8D33M5D6M1I10M3I3M13I11M2I6M
A0A9P5BEY1_taxID_1803897_model_A	ref_5CE9_Jregia	433	687	687	57	330	1.719E-01	18M8I15M8D6M3D20M1D6M18D9M4D28M9I3M2I20M6D8M1D13M6D2M2D37M7D13M3I3M13I11M2I6M
A0A9P5BEY1_taxID_1803897_model_A	ref_PmTYR_A	422	632	687	14	244	1.275E-01	6M2D11M6D10M4D4M13I2M12I26M6D7M6D5M1D3M14D6M17D1M3D12M18I10M4D6M6I11M3D2M2D13M2D3M1I23M
A0A9P5BEY1_taxID_1803897_model_A	ref_2Y9W_Abisporus	558	679	687	195	343	1.430E-01	14M3D6M1D4M9D6M1D3M1I8M14D9M3I23M3I3M2D3M2D18M2D18M
A0ABD0JLY9_taxID_370345_model_A	ref_1JS8_squid	61	274	534	7	210	2.803E-01	30M4I7M4I2M9D29M8D6M9I9M1I26M1I4M8I74M
A0ABD0JLY9_taxID_370345_model_A	ref_2Y9W_Abisporus	72	270	534	20	294	2.380E-01	9M1I9M1I13M2I7M15D2M3I20M2D4M18D6M3D15M13D11M10D8M2D4M5D12M3I14M1I3M10D1M3D17M4D2M2D31M
A0ABD0JLY9_taxID_370345_model_A	ref_PmTYR_A	70	271	534	16	246	2.034E-01	11M7I10M1D18M7D5M3D16M8D17M6D3M2D5M3I7M3D8M3D5M7I4M2I2M4D1M1I11M11D3M1I8M6D11M4I32M
A0ABD0JLY9_taxID_370345_model_A	ref_1BT3_Ibatatas	93	269	534	57	287	1.593E-01	15M3I24M16D4M6D14M15D10M2I13M3D3M7D13M5I19M15D5M1I9M1I1M1I4M5D30M
A0ABD0JLY9_taxID_370345_model_A	ref_5CE9_Jregia	94	269	534	57	286	1.530E-01	14M3I20M16D8M6D9M7D2M6D3M2D8M2I6M2I3M7I3M3I7M6D7M6D10M4D7M2I1M16D3M1D10M2I4M5D30M
A0ACC1M2R8_taxID_417176_model_A	ref_PmTYR_A	36	288	417	6	287	5.281E-01	43M10D40M2D20M1D11M2D3M2D7M1D30M12D12M2D16M1D24M6D4M10I4M2D20M2I7M
A0ACC1M2R8_taxID_417176_model_A	ref_5CE9_Jregia	20	291	417	31	334	4.125E-01	9M1I32M6D1M1I9M2I3M15D26M2D13M3I2M1D17M1I10M3D13M4I3M6I5M3D11M1D4M13D17M4D4M4D24M8D7M1D13M9I10M2I10M
A0ACC1M2R8_taxID_417176_model_A	ref_1JS8_squid	36	290	417	2	262	4.278E-01	38M2I4M16D37M3I8M12I8M2I5M3D5M2I6M2D4M5I9M1I7M2I5M1D12M4D6M1D27M3D4M5D3M4I8M1I5M7D9M2I9M
A0ACC1M2R8_taxID_417176_model_A	ref_1BT3_Ibatatas	20	291	417	33	332	3.899E-01	11M2I29M6D2M5I9M17D26M2D13M2I7M2D5M3D6M4D3M3I2M5I13M3I4M7I2M2D3M1D3M1D5M5I2M19D14M7D7M1D24M5D6M1D13M9I10M2I10M
A0ACC1M2R8_taxID_417176_model_A	ref_2Y9W_Abisporus	36	289	417	2	351	4.581E-01	9M2D18M5D14M16D26M19D22M2D11M1D2M1D17M2D5M5D6M8I5M21D12M11D8M2I9M10D7M1D27M7D11M1I10M1D3M5D11M2I8M
A0A3F3Q782_taxID_1341132_model_A	ref_PmTYR_A	1	237	863	1	244	2.032E-01	29M10I4M5I10M5D5M8D45M3I10M1I2M3I5M2I2M3D6M3D5M8I11M5D5M1I14M10D10M6D41M
A0A3F3Q782_taxID_1341132_model_A	ref_1JS8_squid	7	294	863	3	262	2.135E-01	26M3I4M6I1M3I10M3D2M11D46M5I6M7I1M8I1M3D1M12I6M6I4M2I8M3D33M4D34M3D2M4I8M15I16M9D2M7D6M
A0A3F3Q782_taxID_1341132_model_A	ref_1BT3_Ibatatas	6	238	863	47	288	1.653E-01	21M2D3M5I4M2I4M5I10M16D26M2D12M17I6M4I9M1D4M4I6M8I11M1D9M8D6M17D7M1I7M1D9M7D33M
A0A3F3Q782_taxID_1341132_model_A	ref_2Y9W_Abisporus	6	240	863	2	297	1.885E-01	6M1D21M4I8M5I8M20D4M1I22M17D4M2D10M3D5M13I2M4D12M5D5M4D14M9I9M2D7M13D8M1D4M10D19M10D30M1D5M
A0A3F3Q782_taxID_1341132_model_A	ref_5CE9_Jregia	1	235	863	38	284	1.477E-01	5M2D8M1D12M1I6M2I2M3I6M4I14M16D22M2D15M1D5M2D5M2D3M2D6M9I12M1D8M11D7M3D4M3I12M17I4M1D11M7D29M
A0A8H5MMZ8_taxID_751941_model_A	ref_PmTYR_A	1	222	234	8	234	6.657E-01	5M4D16M6I1M2I14M10D29M1I12M2D11M1I13M7I8M2I15M5I11M3I19M10D8M5D18M1D15M
A0A8H5MMZ8_taxID_751941_model_A	ref_1JS8_squid	6	226	234	13	210	4.446E-01	20M5I11M6D2M5D33M1I6M22I7M1I2M4I3M3D3M5I11M8I3M2I13M4I13M1I18M7D2M3D6M1D8M5D7M
A0A8H5MMZ8_taxID_751941_model_A	ref_2Y9W_Abisporus	1	222	234	1	283	3.685E-01	3M3D6M6D12M1I4M5I2M3D8M1I4M2I2M19D22M5D5M13D5M7I4M1I3M9I6M11I5M1I5M1D12M2I7M6D7M33D26M1D9M10D11M1D14M
A0A8H5MMZ8_taxID_751941_model_A	ref_1BT3_Ibatatas	1	83	234	49	146	2.691E-01	5M4D16M1I7M2I10M6I4M19D21M1D11M
A0A8H5MMZ8_taxID_751941_model_A	ref_5CE9_Jregia	6	221	234	57	275	3.845E-01	16M1I7M2I8M9I3M22D21M1D10M3I4M8D4M2D5M1D5M5D9M11I1M8I7M18I13M4D16M4D14M8D21M
A0AAV2I325_taxID_6523_model_A	ref_1JS8_squid	21	303	867	2	260	2.898E-01	46M1D59M4I3M4I12M2I12M9I76M6I50M
A0AAV2I325_taxID_6523_model_A	ref_2Y9W_Abisporus	21	304	867	2	351	2.580E-01	6M2D21M2D16M6D39M15D1M4D12M5D7M1D6M2D2M1D3M2D12M1D6M7D12M6I5M11D8M1D5M3I2M10D1M3D17M7D1M1I31M8I3M1I8M3D2M8D7M1D8M7I17M
A0AAV2I325_taxID_6523_model_A	ref_PmTYR_A	452	735	867	1	287	2.235E-01	3M3D12M1D13M4I3M6D10M5I6M2I2M1I42M1D1M2I4M9D15M4D18M2D10M7I11M13D1M1I9M4D11M4I33M1D25M11I7M4I7M
A0AAV2I325_taxID_6523_model_A	ref_5CE9_Jregia	16	306	867	41	334	2.280E-01	33M2D9M4D3M1D15M2I21M1D4M1D13M1D9M3I8M12I2M5I1M2I7M5D9M6D10M4D8M15D26M3D36M1I7M4I3M16I3M5D19M
A0AAV2I325_taxID_6523_model_A	ref_1BT3_Ibatatas	451	736	867	44	330	2.190E-01	32M2D4M2D1M3D15M2I5M2I23M2D16M1D6M6I7M5I5M2D1M1I15M5I10M2D1M2D11M2D2M17D6M1I9M1D6M2D28M4I8M3I5M6D2M17I3M5D6M2I11M
